player_id,player_name,player_slug,team_id,team_name,rating,totalRating,countRating,goals,bigChancesCreated,bigChancesMissed,assists,expectedAssists,goalsAssistsSum,accuratePasses,inaccuratePasses,totalPasses,accuratePassesPercentage,accurateOwnHalfPasses,accurateOppositionHalfPasses,accurateFinalThirdPasses,keyPasses,successfulDribbles,successfulDribblesPercentage,tackles,interceptions,yellowCards,directRedCards,redCards,accurateCrosses,accurateCrossesPercentage,totalShots,shotsOnTarget,shotsOffTarget,groundDuelsWon,groundDuelsWonPercentage,aerialDuelsWon,aerialDuelsWonPercentage,totalDuelsWon,totalDuelsWonPercentage,minutesPlayed,goalConversionPercentage,penaltiesTaken,penaltyGoals,penaltyWon,penaltyConceded,shotFromSetPiece,freeKickGoal,goalsFromInsideTheBox,goalsFromOutsideTheBox,shotsFromInsideTheBox,shotsFromOutsideTheBox,headedGoals,leftFootGoals,rightFootGoals,accurateLongBalls,accurateLongBallsPercentage,clearances,errorLeadToGoal,errorLeadToShot,dispossessed,possessionLost,possessionWonAttThird,totalChippedPasses,accurateChippedPasses,touches,wasFouled,fouls,hitWoodwork,ownGoals,dribbledPast,offsides,blockedShots,passToAssist,saves,kilometersCovered,numberOfSprints,topSpeed,cleanSheet,penaltyFaced,penaltySave,savedShotsFromInsideTheBox,savedShotsFromOutsideTheBox,goalsConcededInsideTheBox,goalsConcededOutsideTheBox,punches,runsOut,successfulRunsOut,highClaims,crossesNotClaimed,matchesStarted,penaltyConversion,setPieceConversion,totalAttemptAssist,totalContest,totalCross,duelLost,aerialLost,attemptPenaltyMiss,attemptPenaltyPost,attemptPenaltyTarget,totalLongBalls,goalsConceded,tacklesWon,tacklesWonPercentage,scoringFrequency,yellowRedCards,savesCaught,savesParried,totalOwnHalfPasses,totalOppositionHalfPasses,totwAppearances,expectedGoals,goalKicks,ballRecovery,outfielderBlocks,appearances
253369,Simone Perilli,simone-perilli,2701,Hellas Verona,8.1,8.1,1,0,0,0,0,0.01,0,15,20,35,42.86,7,8,6,0,0,0.0,0,0,0,0,0,0,0.0,0,0,0,0,0.0,0,0.0,0,0.0,90,0.0,0,0,0,0,0,0,0,0,0,0,0,0,0,8,28.57,0,0,0,0,21,0,0,0,47,0,0,0,0,0,0,0,0,8,,,,0,0,0,7,1,2,0,0,1,1,0,0,1,0.0,0.0,0,0,0,0,0,0,0,0,28,2,0,0.0,0.0,0,0,2,9,26,1,0.0,5.0,12.0,,1
135700,Hakan Çalhanoğlu,hakan-calhanoglu,2697,Inter,7.68,245.8,32,13,5,0,3,5.83,16,1986,164,2150,92.37,1003,1038,470,53,7,50.0,66,24,5,0,0,55,35.95,62,23,22,96,57.14,26,59.09,122,57.55,2576,20.97,10,10,0,0,12,0,12,1,16,46,0,1,12,148,76.29,21,0,0,7,312,15,162,108,2648,23,43,3,0,17,0,17,1,0,,,,6,0,0,0,0,16,3,0,0,0,0,0,32,100.0,0.0,52,14,153,90,18,0,0,0,194,19,33,50.0,198.15,0,0,0,1049,1254,12,10.15,0.0,166.0,,32
233252,Davide Biraschi,davide-biraschi,2713,Genoa,7.6,7.6,1,1,0,0,0,0.01,1,25,5,30,83.33,14,11,4,0,1,100.0,3,2,0,0,0,0,0.0,1,1,0,6,75.0,1,100.0,7,77.78,90,100.0,0,0,0,0,0,0,1,0,1,0,0,1,0,3,100.0,3,0,0,0,6,0,5,4,51,2,0,0,0,2,0,0,0,0,,,,0,0,0,0,0,4,0,0,0,0,0,0,1,0.0,0.0,0,1,0,2,0,0,0,0,3,4,3,100.0,90.0,0,0,0,16,14,0,0.1,0.0,4.0,,1
301162,Raffaele Di Gennaro,raffaele-di-gennaro,2697,Inter,7.6,7.6,1,0,0,0,0,0.0,0,12,1,13,92.31,12,0,0,0,0,0.0,0,0,0,0,0,0,0.0,0,0,0,0,0.0,0,0.0,0,0.0,23,0.0,0,0,0,0,0,0,0,0,0,0,0,0,0,1,50.0,0,0,0,0,2,0,1,1,21,0,0,0,0,0,0,0,0,4,,,,0,0,0,3,1,0,0,0,0,0,0,0,0,0.0,0.0,0,0,0,0,0,0,0,0,2,0,0,0.0,0.0,0,0,1,12,1,0,,1.0,3.0,,1
587126,Nicolas Haas,nicolas-haas,2705,Empoli,7.6,7.6,1,0,0,0,0,0.04,0,46,5,51,90.2,26,20,14,0,0,0.0,5,1,1,0,0,0,0.0,1,1,0,6,85.71,3,100.0,9,90.0,90,0.0,0,0,0,0,0,0,0,0,1,0,0,0,0,4,100.0,1,0,0,0,6,0,7,6,63,1,1,0,0,0,0,0,0,0,,,,0,0,0,0,0,1,1,0,0,0,0,0,1,0.0,0.0,0,0,0,1,0,0,0,0,4,2,3,60.0,0.0,0,0,0,28,23,0,0.1,0.0,9.0,,1
793986,Mile Svilar,mile-svilar,2702,AS Roma,7.51,112.7,15,0,0,0,0,0.02,0,449,79,528,85.04,413,36,7,1,1,100.0,0,0,1,0,0,0,0.0,0,0,0,4,100.0,6,100.0,10,100.0,1350,0.0,0,0,0,0,0,0,0,0,0,0,0,0,0,59,43.38,7,0,1,0,79,0,14,6,697,4,0,0,0,0,0,0,0,61,,,,5,2,1,36,23,17,2,5,1,1,16,0,15,0.0,0.0,1,1,0,0,0,0,0,0,136,19,0,0.0,0.0,0,0,21,425,103,2,,89.0,124.0,,15
823984,Lautaro Martínez,lautaro-martinez,2697,Inter,7.5,247.5,33,24,7,13,3,1.96,27,601,159,760,79.08,202,401,233,36,19,32.76,22,20,5,0,0,2,13.33,108,47,34,100,41.84,38,58.46,138,45.39,2668,22.22,3,2,2,1,0,0,21,3,88,20,2,5,17,21,65.63,9,0,0,45,331,28,42,19,1291,59,46,5,0,15,12,27,0,0,,,,8,0,0,0,0,12,4,0,0,0,0,0,31,66.67,0.0,36,58,15,166,27,0,0,1,32,16,16,72.73,111.17,0,0,0,239,536,4,17.64,0.0,90.0,,33
889259,Khvicha Kvaratskhelia,khvicha-kvaratskhelia,2714,SSC Napoli,7.48,254.2,34,11,11,14,6,5.4,17,921,154,1075,85.67,252,692,373,63,101,50.75,42,13,8,0,0,23,23.23,128,45,37,220,52.01,14,41.18,234,51.2,2750,8.59,0,0,2,0,4,1,9,2,79,49,1,2,8,63,73.26,7,0,0,48,452,20,95,56,1873,80,25,2,0,34,4,46,0,0,,,,2,0,0,0,0,34,6,0,0,0,0,0,32,0.0,25.0,63,199,99,223,20,0,0,0,86,40,21,50.0,250.0,0,0,0,274,900,7,11.15,0.0,99.0,,34
844609,Michele Di Gregorio,michele-di-gregorio,2729,Monza,7.45,245.7,33,0,0,0,0,0.05,0,854,294,1148,74.39,730,124,42,0,3,100.0,1,1,0,0,0,0,0.0,0,0,0,6,60.0,8,88.89,14,73.68,2874,0.0,0,0,0,0,0,0,0,0,0,0,0,0,0,243,45.94,25,1,1,1,299,0,168,87,1547,4,0,0,0,3,0,0,0,127,,,,12,5,2,72,52,29,6,15,5,5,17,0,33,0.0,0.0,0,3,0,5,1,0,0,0,529,35,0,0.0,0.0,0,0,31,825,323,7,0.0,223.0,291.0,,33
253367,Domenico Berardi,domenico-berardi,2793,Sassuolo,7.42,126.2,17,9,4,2,3,2.53,12,391,168,559,69.95,84,319,202,27,11,44.0,17,13,6,0,0,12,16.67,51,24,14,56,39.72,9,33.33,65,38.69,1438,17.65,5,5,1,0,2,0,7,2,24,27,0,8,1,49,55.68,8,0,0,24,303,12,95,52,897,28,28,1,0,19,4,13,0,0,,,,0,0,0,0,0,23,4,0,0,0,0,0,17,100.0,0.0,27,25,72,103,18,0,0,0,88,27,8,47.06,159.78,0,0,0,107,524,4,6.54,0.0,57.0,,17
256219,Paulo Dybala,paulo-dybala,2702,AS Roma,7.42,207.7,28,13,10,5,9,4.05,22,755,141,896,84.26,227,553,291,51,28,39.44,22,3,3,0,0,25,28.41,59,23,22,100,47.62,7,25.0,107,44.96,1977,22.03,7,7,0,0,5,1,11,2,33,26,0,13,0,42,73.68,6,0,1,41,369,11,67,38,1383,50,12,1,0,16,5,14,1,0,,,,0,0,0,0,0,26,1,0,0,0,0,0,25,100.0,20.0,50,71,88,131,21,0,0,0,57,27,13,59.09,152.08,0,0,0,251,733,7,10.59,0.0,83.0,,28
851284,Rafael Leão,rafael-leao,2692,AC Milan,7.42,252.2,34,9,18,7,9,8.11,18,714,179,893,79.96,208,529,291,59,77,55.8,16,9,5,0,0,23,21.3,70,25,22,144,52.94,25,56.82,169,53.48,2523,12.86,0,0,2,1,0,0,9,0,48,22,0,2,7,28,68.29,15,0,0,41,446,18,55,27,1516,52,27,2,0,5,17,23,0,0,,,,6,0,0,0,0,23,8,0,0,0,0,0,29,0.0,0.0,59,138,108,147,19,0,0,0,41,31,10,62.5,280.33,0,0,0,229,772,8,10.02,0.0,78.0,,34
284361,Federico Dimarco,federico-dimarco,2697,Inter,7.35,220.4,30,5,14,2,6,7.46,11,855,148,1003,85.24,388,523,277,62,6,33.33,42,9,0,0,0,56,28.57,51,19,21,69,58.47,6,40.0,75,56.39,2105,9.8,0,0,0,0,3,0,3,2,25,26,0,5,0,48,57.83,24,1,0,7,349,12,86,53,1589,21,12,0,0,18,5,11,1,0,,,,1,0,0,0,0,13,4,0,0,0,0,0,29,0.0,0.0,61,18,196,58,9,0,0,0,83,17,25,59.52,421.0,0,0,0,439,760,4,2.9,0.0,99.0,,30
826188,Alessandro Bastoni,alessandro-bastoni,2697,Inter,7.35,205.7,28,1,10,1,3,3.12,4,1598,181,1779,89.83,931,685,296,23,10,55.56,46,23,5,0,0,18,23.68,15,6,5,85,59.03,39,56.52,124,58.22,2283,6.67,0,0,0,0,0,0,1,0,13,2,0,1,0,141,64.38,43,0,1,10,295,7,183,114,2192,31,31,2,0,14,0,4,0,0,,,,9,0,0,0,0,13,3,0,0,0,0,0,28,0.0,0.0,23,18,76,89,30,0,0,0,219,16,33,71.74,2283.0,0,0,0,1009,846,7,1.23,10.0,119.0,,28
111416,Luis Alberto,luis-alberto,2699,Lazio,7.31,241.1,33,5,9,3,7,4.78,12,1259,245,1504,83.71,471,822,470,64,25,60.98,35,7,7,0,0,34,22.67,56,15,26,83,47.43,10,34.48,93,45.59,2328,8.93,0,0,0,0,4,0,4,1,21,35,0,0,5,55,55.56,10,0,0,24,452,19,91,44,1988,23,16,3,0,38,6,15,0,0,,,,3,0,0,0,0,22,4,0,0,0,0,0,29,0.0,0.0,64,41,150,111,19,0,0,0,99,26,20,57.14,465.6,0,0,0,519,1135,3,4.74,0.0,140.0,,33
791702,Marcus Thuram,marcus-thuram,2697,Inter,7.3,255.5,35,13,6,11,7,3.57,20,468,165,633,73.93,159,316,190,29,33,75.0,23,4,3,0,0,7,33.33,77,29,31,98,54.44,73,59.84,171,56.62,2707,16.88,0,0,5,0,0,0,12,1,69,8,1,3,9,6,42.86,19,0,0,35,311,15,14,7,1078,45,35,2,0,9,20,17,0,0,,,,5,0,0,0,0,16,3,0,0,0,0,0,34,0.0,0.0,29,44,21,131,49,0,0,0,14,19,15,65.22,208.23,0,0,0,202,452,1,14.31,0.0,66.0,,35
960441,Charles De Ketelaere,charles-de-ketelaere,2686,Atalanta,7.28,254.8,35,10,11,4,8,4.14,18,549,177,726,75.62,131,428,288,50,40,53.33,33,7,1,0,0,10,21.28,45,25,14,119,51.29,39,52.7,158,51.63,2046,22.22,1,1,0,0,0,0,9,1,39,6,2,6,2,17,65.38,5,0,0,54,399,24,31,19,1233,47,17,2,1,10,6,6,1,0,,,,1,0,0,0,0,22,5,0,0,0,0,0,25,100.0,0.0,49,75,47,148,35,0,0,0,26,27,21,63.64,204.6,0,0,0,153,620,4,7.08,0.0,93.0,,35
124992,Danilo,danilo,2687,Juventus,7.27,203.6,28,1,1,1,1,0.95,2,1510,223,1733,87.13,845,670,249,21,8,88.89,60,37,7,0,0,5,27.78,17,2,10,81,64.29,38,57.58,119,61.98,2451,5.88,0,0,0,0,0,0,1,0,9,8,0,0,1,134,55.37,92,0,0,3,275,5,151,72,2168,14,26,0,0,16,1,5,0,0,,,,14,0,0,0,0,16,6,0,0,0,0,0,27,0.0,0.0,21,9,18,73,28,0,0,0,242,22,36,60.0,2451.0,0,0,0,913,838,6,1.34,67.0,142.0,,29
1082406,Matías Soulé,matias-soule,2801,Frosinone,7.26,261.4,36,11,8,6,3,5.34,14,1140,259,1399,81.49,368,800,507,84,102,50.25,41,18,4,0,0,28,28.57,83,24,35,190,47.26,11,20.0,201,43.98,3136,13.25,6,5,0,1,7,1,9,2,36,47,2,8,1,35,50.72,8,0,0,77,632,32,74,36,2252,47,18,6,1,21,1,24,2,0,,,,2,0,0,0,0,55,7,0,0,0,0,0,36,83.33,14.29,82,203,98,256,44,0,0,1,69,62,27,65.85,285.09,0,0,0,418,1079,4,10.46,0.0,175.0,,36
824200,Ademola Lookman,ademola-lookman,2686,Atalanta,7.25,224.8,31,11,10,8,7,4.78,18,610,151,761,80.16,153,475,285,50,39,51.32,20,9,4,0,0,18,26.09,67,24,25,93,44.08,18,46.15,111,44.4,1899,16.42,0,0,1,0,0,0,9,2,54,13,1,1,9,9,52.94,0,0,1,42,351,20,25,14,1221,34,28,1,0,14,12,18,0,0,,,,1,0,0,0,0,24,2,0,0,0,0,0,22,0.0,0.0,50,76,69,139,21,0,0,0,17,26,15,75.0,172.64,0,0,0,175,655,5,9.21,0.0,89.0,,31
817957,Christian Pulišić,christian-pulisic,2692,AC Milan,7.25,261.0,36,12,7,4,8,4.53,20,789,169,958,82.36,234,587,311,45,47,46.53,35,10,2,0,0,32,31.68,65,31,18,127,52.7,16,38.1,143,50.53,2620,18.46,0,0,1,0,0,0,10,2,46,19,0,7,5,9,47.37,7,0,1,33,405,13,30,10,1516,45,19,3,0,13,4,16,1,0,,,,4,0,0,0,0,24,7,0,0,0,0,0,32,0.0,0.0,44,101,101,140,26,0,0,0,19,31,26,74.29,218.33,0,0,0,271,788,3,8.04,0.0,100.0,,36
98059,Nicola Leali,nicola-leali,2713,Genoa,7.25,14.5,2,0,0,0,0,0.01,0,37,32,69,53.62,20,17,6,0,0,0.0,0,0,1,0,0,0,0.0,0,0,0,0,0.0,0,0.0,0,0.0,177,0.0,0,0,0,0,0,0,0,0,0,0,0,0,0,21,40.38,0,0,0,0,32,0,28,12,83,0,0,0,0,0,0,0,0,7,,,,0,0,0,4,3,2,0,0,1,1,2,0,2,0.0,0.0,0,0,0,0,0,0,0,0,52,2,0,0.0,0.0,0,0,1,28,41,0,0.0,10.0,10.0,,3
822471,Victor Osimhen,victor-osimhen,2714,SSC Napoli,7.25,181.2,25,15,5,15,3,0.88,18,191,78,269,71.0,47,144,87,23,16,45.71,9,2,4,0,1,0,0.0,90,41,27,55,41.98,38,44.19,93,42.86,1990,16.67,5,3,3,0,0,0,15,0,82,8,5,0,10,4,44.44,17,0,0,28,215,19,12,4,626,31,31,2,0,2,35,22,0,0,,,,1,0,0,0,0,25,3,0,0,0,0,0,22,60.0,0.0,23,35,14,124,48,1,0,1,9,28,5,55.56,132.67,1,0,0,61,222,3,15.4,0.0,40.0,,25
787505,Benjamin Pavard,benjamin-pavard,2697,Inter,7.25,166.7,23,0,2,1,2,1.82,2,1151,105,1256,91.64,723,431,176,10,2,66.67,34,32,6,0,0,3,12.5,15,5,8,51,67.11,35,53.85,86,60.99,1689,0.0,0,0,0,0,0,0,0,0,9,6,0,0,0,56,62.22,42,0,1,0,136,4,56,29,1498,15,23,1,0,4,2,2,0,0,,,,7,0,0,0,0,8,3,0,0,0,0,0,21,0.0,0.0,10,3,24,55,30,0,0,0,90,11,21,61.76,0.0,0,0,0,757,523,6,0.7,0.0,68.0,,23
235672,Matteo Politano,matteo-politano,2714,SSC Napoli,7.25,268.1,37,8,14,3,7,6.04,15,921,188,1109,83.05,232,730,456,71,31,44.29,19,15,2,1,1,41,30.37,75,19,29,87,47.28,4,25.0,91,45.5,2384,10.67,3,2,1,0,4,0,7,1,32,43,0,8,0,66,61.11,8,1,0,24,411,18,144,80,1638,38,11,3,0,23,2,27,0,0,,,,0,0,0,0,0,27,7,0,0,0,0,0,31,66.67,0.0,71,70,135,109,12,0,0,1,108,34,8,42.11,298.0,0,0,0,265,979,2,7.15,0.0,91.0,,37
153257,Giovanni Di Lorenzo,giovanni-di-lorenzo,2714,SSC Napoli,7.24,260.7,36,1,5,2,6,5.44,7,1962,291,2253,87.08,826,1157,594,53,18,33.96,58,24,6,0,0,21,16.67,37,7,23,112,48.7,28,40.58,140,46.82,3235,2.7,0,0,0,0,0,0,1,0,34,3,0,0,1,99,69.72,38,0,0,23,507,6,181,112,3153,37,28,1,0,36,5,7,2,0,,,,6,0,0,0,0,39,6,0,0,0,0,0,36,0.0,0.0,51,53,126,159,41,0,0,0,142,45,36,62.07,3235.0,0,0,0,906,1473,7,3.09,0.0,141.0,,36
804909,Albert Guðmundsson,albert-gudmundsson,2713,Genoa,7.24,253.4,35,14,6,6,4,6.51,18,828,187,1015,81.58,302,590,309,82,42,50.6,23,11,4,0,0,64,35.75,57,24,19,111,43.7,3,11.54,114,40.71,3022,24.56,5,4,1,0,8,1,11,3,29,28,0,3,11,40,60.61,11,0,0,51,495,16,84,40,1671,46,28,4,0,32,11,14,1,0,,,,6,0,0,0,0,32,5,0,0,0,0,0,34,80.0,12.5,81,83,179,166,23,0,0,1,66,37,10,43.48,215.86,0,0,0,330,864,2,9.89,0.0,136.0,,35
947954,Elia Caprile,elia-caprile,2705,Empoli,7.23,166.4,23,0,1,0,0,0.04,0,424,255,679,62.44,322,102,29,2,0,0.0,1,0,0,0,0,0,0.0,0,0,0,6,100.0,12,85.71,18,90.0,2070,0.0,0,0,0,0,0,0,0,0,0,0,0,0,0,137,35.4,30,1,1,0,266,0,56,26,977,7,1,0,0,0,0,0,0,80,,,,5,5,1,56,23,25,2,14,9,9,27,2,23,0.0,0.0,2,0,0,2,2,0,0,0,387,27,0,0.0,0.0,0,0,15,360,319,0,0.0,159.0,200.0,,23
250737,Adrien Rabiot,adrien-rabiot,2687,Juventus,7.23,224.2,31,5,6,2,3,3.96,8,960,177,1137,84.43,374,599,311,26,28,57.14,58,25,8,0,0,13,28.89,38,17,12,123,55.91,55,57.89,178,56.51,2651,13.16,0,0,0,0,0,0,5,0,24,14,2,3,0,30,55.56,29,0,0,19,310,16,48,26,1625,38,44,0,0,15,6,9,0,0,,,,14,0,0,0,0,18,6,0,0,0,0,0,30,0.0,0.0,26,49,45,137,40,0,0,0,54,24,39,67.24,530.2,0,0,0,420,762,3,3.48,0.0,150.0,,31
37151,Henrikh Mkhitaryan,henrikh-mkhitaryan,2697,Inter,7.22,259.8,36,2,6,4,8,4.35,10,1440,196,1636,88.02,506,939,499,42,19,52.78,62,29,4,0,0,5,15.63,39,6,22,110,53.92,15,48.39,125,53.19,2803,5.13,0,0,1,0,0,0,2,0,20,19,0,1,1,62,70.45,35,0,0,19,303,16,72,51,2063,29,35,0,0,25,3,11,2,0,,,,7,0,0,0,0,14,4,0,0,0,0,0,35,0.0,0.0,40,36,32,110,16,0,0,0,88,18,34,54.84,1401.5,0,0,0,554,1114,2,3.62,0.0,182.0,,36
901325,Nicolás González,nicolas-gonzalez,2693,Fiorentina,7.21,209.2,29,12,3,10,2,3.13,14,532,186,718,74.09,138,399,254,22,34,41.98,28,12,1,0,0,5,12.82,87,35,36,96,46.38,66,55.0,162,49.54,1913,13.79,3,1,0,0,2,0,12,0,60,27,5,5,2,40,70.18,8,0,0,29,353,18,50,33,1197,36,21,6,0,20,2,16,0,0,,,,1,0,0,0,0,23,5,0,0,0,0,0,21,33.33,0.0,22,81,39,165,54,0,1,1,57,28,18,64.29,159.42,0,0,0,170,587,3,10.42,0.0,84.0,,29
807301,Gianluca Scamacca,gianluca-scamacca,2686,Atalanta,7.2,208.7,29,12,6,6,6,1.53,18,292,131,423,69.03,62,231,137,33,15,57.69,15,4,1,0,0,1,16.67,60,26,26,58,38.41,21,38.18,79,38.35,1464,20.0,0,0,0,0,0,0,9,3,41,19,2,1,9,33,86.84,9,0,0,48,272,12,43,31,740,28,28,3,0,7,9,8,0,0,,,,0,0,0,0,0,10,2,0,0,0,0,0,17,0.0,0.0,33,26,6,127,34,0,0,0,38,12,9,60.0,122.0,0,0,0,76,353,5,6.54,0.0,32.0,,29
27982,Antonio Candreva,antonio-candreva,2710,Salernitana,7.19,244.6,34,6,7,3,6,4.12,12,932,209,1141,81.68,336,646,364,60,15,41.67,18,7,5,0,0,50,22.42,65,21,22,76,53.52,0,0.0,76,53.15,2757,9.23,1,1,0,0,3,0,3,3,33,32,0,1,5,70,57.38,20,0,0,18,459,5,179,93,1692,43,11,2,0,16,21,22,0,0,,,,2,0,0,0,0,55,5,0,0,0,0,0,32,100.0,0.0,60,36,223,67,1,0,0,0,122,60,13,72.22,459.5,0,0,0,378,986,3,4.86,0.0,93.0,,34
36784,Giacomo Bonaventura,giacomo-bonaventura,2693,Fiorentina,7.19,223.0,31,8,4,3,3,5.37,11,904,160,1064,84.96,320,602,327,41,30,65.22,26,14,6,0,0,18,33.33,52,16,16,91,54.49,14,43.75,105,52.76,2285,15.38,1,0,0,0,1,0,7,1,24,28,0,2,6,54,59.34,8,0,0,29,289,21,94,50,1439,35,20,2,0,12,1,20,0,0,,,,2,0,0,0,0,24,5,0,0,0,0,0,27,0.0,0.0,41,46,54,94,18,0,0,1,91,29,13,50.0,285.63,0,0,0,343,775,3,5.66,0.0,120.0,,31
957602,Riccardo Calafiori,riccardo-calafiori,2685,Bologna,7.19,215.8,30,2,2,1,5,0.92,7,1602,181,1783,89.85,1108,498,165,17,13,65.0,47,50,4,0,0,4,44.44,17,6,7,87,58.39,60,71.43,147,63.09,2350,11.76,0,0,0,2,0,0,2,0,11,6,0,1,1,76,62.3,74,0,3,12,239,6,65,37,2174,27,35,0,1,10,2,4,0,0,,,,10,0,0,0,0,17,3,0,0,0,0,0,26,0.0,0.0,17,20,9,86,24,0,0,0,122,20,32,68.09,1175.0,0,0,0,1186,606,5,1.4,34.0,194.0,,30
803033,Teun Koopmeiners,teun-koopmeiners,2686,Atalanta,7.19,244.5,34,12,9,6,5,5.43,17,1040,235,1275,81.57,355,727,412,61,19,39.58,39,10,5,0,0,42,34.71,54,20,16,81,34.62,29,46.03,110,37.04,2633,22.22,2,2,0,1,2,1,9,3,32,22,1,10,1,53,51.46,32,0,0,43,462,23,95,57,1835,23,53,1,0,33,5,18,1,0,,,,6,0,0,0,0,27,7,0,0,0,0,0,29,100.0,50.0,60,48,121,187,34,0,0,0,103,34,24,61.54,219.42,0,0,0,412,984,3,6.53,0.0,150.0,,34
907152,Lewis Ferguson,lewis-ferguson,2685,Bologna,7.19,222.9,31,6,2,6,3,2.67,9,1552,194,1746,88.89,682,873,437,32,14,48.28,37,17,8,0,0,3,27.27,60,20,19,116,52.02,41,50.0,157,51.48,2718,10.0,0,0,1,1,0,0,5,1,43,17,1,0,5,36,51.43,25,0,1,22,267,9,41,28,2154,72,52,1,0,21,4,21,0,0,,,,10,0,0,0,0,21,3,0,0,0,0,0,31,0.0,0.0,32,29,11,148,41,0,0,0,70,24,21,56.76,453.0,0,0,0,739,1018,2,5.3,0.0,142.0,,31
191210,Mike Maignan,mike-maignan,2692,AC Milan,7.19,208.5,29,0,1,0,1,0.05,1,846,183,1029,82.22,763,83,28,3,1,100.0,1,1,1,1,1,0,0.0,0,0,0,5,83.33,10,90.91,15,88.24,2610,0.0,0,0,0,0,0,0,0,0,0,0,0,0,0,164,48.09,11,1,2,0,196,0,127,65,1383,5,1,0,0,0,0,0,0,87,,,,10,7,0,49,37,25,9,7,10,9,34,1,29,0.0,0.0,3,1,0,2,1,0,0,0,341,34,0,0.0,0.0,0,2,14,803,226,2,0.0,147.0,274.0,,29
38162,Duván Zapata,duvan-zapata,2696,Torino,7.19,265.9,37,13,3,9,4,1.57,17,513,217,730,70.27,162,356,213,29,38,37.62,18,7,2,0,0,5,8.93,104,41,40,126,42.42,135,51.72,261,46.77,3005,12.5,0,0,0,0,0,0,13,0,89,15,8,2,3,21,65.63,27,0,0,58,530,23,28,14,1443,71,54,1,0,10,23,23,0,0,,,,9,0,0,0,0,23,5,0,0,0,0,0,36,0.0,0.0,29,101,56,297,126,0,0,0,32,28,7,38.89,231.15,0,0,0,192,594,3,11.31,0.0,91.0,,37
1069244,Tijjani Noslin,tijjani-noslin,2701,Hellas Verona,7.18,122.1,17,5,1,4,4,0.98,9,231,91,322,71.74,63,172,112,27,8,33.33,18,2,2,0,0,4,26.67,36,15,15,36,36.73,49,40.5,85,38.81,1346,13.89,0,0,2,0,0,0,4,1,23,13,0,2,3,2,25.0,14,0,0,13,185,19,5,2,558,10,24,1,0,10,4,6,1,0,,,,1,0,0,0,0,19,1,0,0,0,0,0,17,0.0,0.0,26,24,15,134,72,0,0,0,8,20,8,44.44,269.2,0,0,0,76,261,3,3.63,0.0,65.0,,17
293581,Mattia Zaccagni,mattia-zaccagni,2699,Lazio,7.18,201.1,28,6,2,3,1,3.27,7,678,128,806,84.12,230,462,253,29,54,59.34,27,21,8,0,0,14,19.72,42,13,13,159,58.67,12,48.0,171,57.77,1971,14.29,0,0,1,0,3,1,5,1,24,18,0,2,4,20,60.61,12,0,0,38,321,13,44,25,1335,79,29,2,0,12,7,16,0,0,,,,0,0,0,0,0,18,3,0,0,0,0,0,24,0.0,33.33,29,91,71,125,13,0,0,0,33,21,16,59.26,328.5,0,0,0,256,621,1,4.74,0.0,77.0,,28
788027,Theo Hernández,theo-hernandez,2692,AC Milan,7.18,229.6,32,5,6,4,4,4.57,9,1558,218,1776,87.73,783,796,334,45,37,53.62,30,23,11,1,1,21,30.88,57,17,24,116,53.7,30,61.22,146,55.09,2795,8.77,2,1,1,1,2,0,5,0,32,25,0,5,0,54,48.65,34,1,0,22,365,8,82,35,2400,50,38,3,0,11,2,16,1,0,,,,10,0,0,0,0,33,9,0,0,0,0,0,31,50.0,0.0,44,69,68,119,19,0,1,0,111,42,17,56.67,559.0,0,0,0,839,1005,4,4.94,8.0,172.0,,32
555540,Lorenzo Pellegrini,lorenzo-pellegrini,2702,AS Roma,7.17,207.8,29,8,5,1,3,3.15,11,637,134,771,82.62,265,398,196,38,19,54.29,35,20,7,0,0,26,34.21,47,20,13,88,48.09,13,43.33,101,47.42,1866,17.02,1,1,1,0,5,0,7,1,24,23,0,2,6,15,33.33,22,0,0,20,264,12,48,21,1172,35,26,1,0,34,3,14,2,0,,,,2,0,0,0,0,26,2,0,0,0,0,0,20,100.0,0.0,36,35,76,112,17,0,0,0,45,28,20,57.14,233.25,0,0,0,302,545,3,4.8,0.0,97.0,,29
356160,Vanja Milinković-Savić,vanja-milinkovic-savic,2696,Torino,7.16,257.9,36,0,0,0,0,0.13,0,815,541,1356,60.1,594,221,108,0,0,0.0,1,1,2,0,0,0,0.0,0,0,0,3,75.0,9,81.82,12,80.0,3240,0.0,0,0,0,0,0,0,0,0,0,0,0,0,0,292,35.22,23,1,3,0,553,0,215,91,1717,2,0,0,0,0,0,0,0,103,,,,18,6,0,55,48,27,4,9,13,13,35,2,36,0.0,0.0,0,1,0,3,2,0,0,0,829,31,0,0.0,0.0,0,1,22,645,711,5,0.0,239.0,339.0,,36
39070,Olivier Giroud,olivier-giroud,2692,AC Milan,7.16,250.6,35,15,10,11,8,2.37,23,336,148,484,69.42,133,203,115,32,3,33.33,17,6,1,1,1,0,0.0,77,36,32,43,42.16,60,50.85,103,46.82,2373,19.48,5,4,0,1,2,0,15,0,69,8,6,7,1,6,66.67,22,0,0,14,233,9,19,13,775,24,31,1,0,12,14,9,0,0,,,,3,0,0,0,0,23,5,0,0,0,0,0,28,80.0,0.0,32,9,3,117,58,0,0,1,9,28,11,64.71,158.2,0,0,0,163,324,4,14.17,0.0,31.0,,35
126816,Francesco Acerbi,francesco-acerbi,2697,Inter,7.16,207.5,29,3,2,1,1,1.29,4,1606,156,1762,91.15,1139,469,109,7,2,66.67,22,32,1,0,0,2,22.22,15,6,4,47,68.12,71,65.14,118,66.29,2386,20.0,0,0,0,0,0,0,3,0,13,2,3,0,0,97,64.67,76,0,1,1,172,0,92,57,2009,24,19,0,0,3,3,5,0,0,,,,12,0,0,0,0,16,3,0,0,0,0,0,26,0.0,0.0,7,3,9,60,38,0,0,0,150,19,13,59.09,795.33,0,0,0,1211,560,3,1.61,9.0,102.0,,29
16206,Yann Sommer,yann-sommer,2697,Inter,7.15,243.0,34,0,0,0,0,0.03,0,961,153,1114,86.27,894,67,11,0,0,0.0,2,0,1,0,0,0,0.0,0,0,0,3,100.0,3,60.0,6,75.0,3060,0.0,0,0,0,1,0,0,0,0,0,0,0,0,0,159,53.0,16,1,0,0,158,0,123,73,1365,1,1,0,0,0,0,0,0,80,,,,19,4,1,48,31,15,4,9,3,3,17,0,34,0.0,0.0,0,0,0,2,2,0,0,0,300,19,1,50.0,0.0,0,0,20,955,159,0,0.0,201.0,197.0,,34
136856,Pietro Terracciano,pietro-terracciano,2693,Fiorentina,7.15,235.8,33,0,1,0,0,0.06,0,860,247,1107,77.69,749,111,25,2,0,0.0,1,0,3,0,0,0,0.0,0,0,0,1,16.67,3,100.0,4,44.44,2970,0.0,0,0,0,2,0,0,0,0,0,0,0,0,0,234,49.16,19,0,0,1,254,0,115,76,1361,2,2,0,0,2,0,0,0,92,,,,8,7,1,76,15,30,5,11,7,7,6,0,33,0.0,0.0,2,0,0,5,0,0,0,0,476,35,1,100.0,0.0,0,0,26,797,310,3,0.0,176.0,213.0,,33
865646,Marco Carnesecchi,marco-carnesecchi,2686,Atalanta,7.14,192.9,27,0,0,0,0,0.04,0,479,252,731,65.53,386,93,24,0,0,0.0,0,0,0,0,0,0,0.0,0,0,0,2,66.67,7,87.5,9,81.82,2426,0.0,0,0,0,1,0,0,0,0,0,0,0,0,0,170,40.96,37,2,1,0,261,0,77,37,1029,2,1,0,0,0,0,0,0,79,,,,8,7,2,46,31,23,7,15,18,17,18,1,27,0.0,0.0,0,0,0,2,1,0,0,0,415,30,0,0.0,0.0,0,0,21,447,284,2,0.0,193.0,228.0,,27
885197,Bremer,bremer,2687,Juventus,7.14,257.1,36,3,0,2,0,0.84,3,1659,263,1922,86.32,1068,591,152,7,10,76.92,58,40,9,0,0,0,0.0,18,4,9,85,53.13,102,63.35,187,58.26,3234,16.67,0,0,0,1,0,0,3,0,15,3,3,0,0,140,53.23,144,0,0,8,298,4,120,57,2355,17,60,1,0,8,2,5,0,0,,,,15,0,0,0,0,23,6,0,0,0,0,0,36,0.0,0.0,7,13,1,134,59,0,0,0,263,29,42,72.41,1078.0,0,0,0,1170,753,2,1.62,44.0,196.0,,36
363860,Manuel Locatelli,manuel-locatelli,2687,Juventus,7.14,257.1,36,1,2,0,4,2.45,5,1687,272,1959,86.12,759,934,431,26,13,72.22,69,25,6,0,0,6,60.0,24,3,11,106,54.92,26,61.9,132,56.17,3019,4.17,0,0,0,0,0,0,0,1,8,16,0,0,1,173,62.68,63,0,0,17,327,16,253,146,2357,24,41,0,0,27,2,10,0,0,,,,16,0,0,0,0,22,6,0,0,0,0,0,34,0.0,0.0,26,18,10,103,16,0,0,0,276,28,43,62.32,3019.0,0,0,0,823,1146,0,1.37,0.0,171.0,,36
850952,Federico Ravaglia,federico-ravaglia,2685,Bologna,7.13,42.8,6,0,0,0,0,0.0,0,144,39,183,78.69,134,10,1,0,1,100.0,0,0,0,0,0,0,0.0,0,0,0,1,100.0,1,100.0,2,100.0,536,0.0,0,0,0,0,0,0,0,0,0,0,0,0,0,18,31.58,3,0,0,0,41,0,3,2,227,0,0,0,0,0,0,0,0,15,,,,4,1,1,9,6,2,1,1,2,2,1,0,6,0.0,0.0,0,1,0,0,0,0,0,0,57,3,0,0.0,0.0,0,0,3,143,40,1,,34.0,39.0,,6
176301,Marco Sportiello,marco-sportiello,2692,AC Milan,7.13,49.9,7,0,0,0,0,0.01,0,175,32,207,84.54,157,18,5,0,0,0.0,0,0,0,0,0,0,0.0,0,0,0,0,0.0,0,0.0,0,0.0,630,0.0,0,0,0,0,0,0,0,0,0,0,0,0,0,30,49.18,3,0,0,0,34,0,27,15,279,0,0,0,0,0,0,0,0,23,,,,2,1,0,14,9,10,1,1,1,1,4,0,7,0.0,0.0,0,0,0,0,0,0,0,0,61,11,0,0.0,0.0,0,0,6,166,41,1,0.0,17.0,68.0,,7
870263,Alessandro Buongiorno,alessandro-buongiorno,2696,Torino,7.13,206.7,29,3,0,1,0,0.43,3,1008,173,1181,85.35,777,232,49,4,0,0.0,70,69,7,0,0,1,33.33,13,6,6,107,57.84,80,57.14,187,57.54,2530,23.08,0,0,1,1,0,0,3,0,13,0,1,2,0,34,37.36,130,0,0,4,210,3,26,15,1600,39,69,0,0,10,1,1,0,0,,,,14,0,0,0,0,19,3,0,0,0,0,0,29,0.0,0.0,4,4,3,138,60,0,0,0,91,22,39,55.71,843.33,0,0,0,844,340,2,1.58,1.0,127.0,,29
845386,Federico Chiesa,federico-chiesa,2687,Juventus,7.12,235.1,33,9,12,9,2,5.58,11,439,129,568,77.29,97,382,244,54,35,42.17,20,6,1,0,0,40,34.19,75,27,24,95,46.34,0,0.0,95,44.39,2207,12.0,1,1,1,0,5,0,8,1,46,29,0,3,6,10,71.43,4,0,0,40,369,12,30,13,1115,40,13,2,0,10,7,24,0,0,,,,3,0,0,0,0,18,4,0,0,0,0,0,25,100.0,0.0,54,83,117,119,9,0,0,0,14,22,10,50.0,245.22,0,0,0,116,569,2,6.43,0.0,62.0,,33
917007,Joshua Zirkzee,joshua-zirkzee,2685,Bologna,7.12,242.2,34,11,11,4,4,2.54,15,702,198,900,78.0,242,460,256,43,52,41.94,32,3,8,0,0,0,0.0,86,31,26,111,38.95,29,42.65,140,39.66,2771,12.79,2,2,0,0,3,0,10,1,60,26,0,5,6,19,73.08,36,0,0,64,466,30,18,11,1523,27,29,0,0,11,5,29,0,0,,,,6,0,0,0,0,21,4,0,0,0,0,0,32,100.0,0.0,43,124,8,213,39,0,0,0,26,25,20,62.5,251.91,0,0,0,279,629,2,9.01,0.0,103.0,,34
308182,Ivan Provedel,ivan-provedel,2699,Lazio,7.12,213.7,30,0,0,0,0,0.04,0,732,182,914,80.09,672,60,20,0,1,50.0,1,0,0,0,0,0,0.0,0,0,0,6,66.67,6,100.0,12,80.0,2699,0.0,0,0,0,0,0,0,0,0,0,0,0,0,0,198,53.51,18,1,0,0,189,0,121,75,1156,7,0,0,0,2,0,0,0,86,,,,9,3,0,60,26,28,5,6,6,5,14,0,30,0.0,0.0,0,2,0,3,0,0,0,0,370,33,0,0.0,0.0,0,0,23,732,182,3,0.0,176.0,181.0,,30
794927,Arthur,arthur,2693,Fiorentina,7.12,227.7,32,2,1,0,3,2.33,5,1350,116,1466,92.09,585,774,342,34,11,73.33,45,18,2,0,0,9,42.86,12,6,4,103,66.45,7,50.0,110,65.09,1993,16.67,1,1,1,0,0,0,1,1,2,10,0,0,2,91,68.94,8,0,0,15,164,11,62,39,1739,47,18,0,0,16,0,2,0,0,,,,2,0,0,0,0,23,3,0,0,0,0,0,23,100.0,0.0,34,15,21,59,7,0,0,0,132,26,30,66.67,996.5,0,0,0,619,868,3,1.05,0.0,141.0,,33
906275,Yann Bisseck,yann-bisseck,2697,Inter,7.11,99.6,14,2,1,0,0,0.44,2,582,47,629,92.53,408,175,57,1,5,41.67,14,5,0,0,0,1,20.0,12,4,7,30,61.22,18,50.0,48,56.47,911,16.67,0,0,0,0,0,0,2,0,10,2,2,0,0,27,71.05,23,0,0,4,74,3,15,10,758,11,6,2,0,3,2,1,0,0,,,,6,0,0,0,0,6,0,0,0,0,0,0,9,0.0,0.0,1,12,5,37,18,0,0,0,38,6,6,42.86,455.5,0,0,0,429,205,3,0.9,0.0,37.0,,16
324353,Aleksey Miranchuk,aleksey-miranchuk,2686,Atalanta,7.11,170.7,24,3,9,10,5,4.55,8,418,118,536,77.99,98,354,198,45,17,38.64,12,2,1,0,0,34,40.96,37,22,11,59,50.0,8,42.11,67,48.91,1181,8.11,0,0,0,0,0,0,3,0,24,13,0,1,2,15,36.59,4,0,1,15,252,12,39,22,838,31,12,2,0,8,3,4,0,0,,,,2,0,0,0,0,7,3,0,0,0,0,0,12,0.0,0.0,45,44,83,70,11,0,0,0,41,10,6,50.0,393.67,0,0,0,124,495,3,5.37,0.0,69.0,,27
255389,Leandro Paredes,leandro-paredes,2702,AS Roma,7.11,241.7,34,3,3,0,5,2.53,8,1848,185,2033,90.9,887,981,357,27,8,57.14,57,29,15,1,1,20,24.39,32,6,16,100,52.91,14,82.35,114,55.34,2644,9.38,3,3,0,1,4,0,3,0,6,26,0,0,3,133,67.17,39,0,1,9,279,14,126,75,2411,35,31,1,0,44,0,10,0,0,,,,7,0,0,0,0,31,3,0,0,0,0,0,32,100.0,0.0,27,14,82,92,3,0,0,0,198,34,36,63.16,881.33,0,0,0,949,1166,1,3.33,1.0,184.0,,34
818481,Jhon Lucumí,jhon-lucumi,2685,Bologna,7.11,206.1,29,0,0,1,0,0.41,0,1721,117,1838,93.63,1145,576,142,4,8,80.0,48,16,2,0,0,0,0.0,11,2,3,74,73.27,29,50.88,103,65.19,2214,0.0,0,0,0,0,0,0,0,0,6,5,0,0,0,97,71.32,62,1,1,6,147,4,91,53,2113,18,10,0,0,9,1,6,0,0,,,,10,0,0,0,0,14,4,0,0,0,0,0,23,0.0,0.0,4,10,1,55,28,0,0,0,136,18,29,60.42,0.0,0,0,0,1193,646,3,0.84,11.0,136.0,,29
795297,Lucas Martínez Quarta,lucas-martinez-quarta,2693,Fiorentina,7.1,205.9,29,5,3,2,1,1.13,6,1358,293,1651,82.25,768,592,216,15,13,50.0,75,30,9,0,0,2,40.0,24,7,10,101,57.39,49,46.23,150,53.19,2299,20.83,0,0,0,0,0,0,5,0,24,0,4,0,1,141,45.78,65,0,4,7,347,9,200,100,2016,13,41,2,0,18,1,7,0,0,,,,3,0,0,0,0,23,7,0,0,0,0,0,26,0.0,0.0,15,26,5,132,57,0,0,0,308,30,47,62.67,459.8,0,0,0,846,810,3,2.74,0.0,141.0,,29
138605,Piotr Zieliński,piotr-zielinski,2714,SSC Napoli,7.1,198.8,28,3,5,1,2,3.18,5,1012,144,1156,87.54,359,676,371,48,16,50.0,23,9,1,0,0,23,25.84,30,9,10,57,50.44,6,35.29,63,48.46,1938,10.0,1,1,0,0,3,0,1,2,12,18,0,1,2,38,52.05,15,0,0,14,272,13,86,45,1455,18,15,1,0,12,0,11,0,0,,,,1,0,0,0,0,25,0,0,0,0,0,0,23,100.0,0.0,48,32,89,67,11,0,0,0,73,25,15,65.22,646.0,0,0,0,385,860,3,2.58,0.0,87.0,,28
46420,Carlo Pinsoglio,carlo-pinsoglio,2687,Juventus,7.1,7.1,1,0,0,0,0,0.0,0,13,7,20,65.0,13,0,0,0,0,0.0,0,0,0,0,0,0,0.0,0,0,0,0,0.0,0,0.0,0,0.0,45,0.0,0,0,0,0,0,0,0,0,0,0,0,0,0,3,33.33,0,0,0,0,7,0,4,2,24,0,0,0,0,0,0,0,0,3,,,,0,0,0,2,1,0,0,0,0,0,0,0,0,0.0,0.0,0,0,0,0,0,0,0,0,9,0,0,0.0,0.0,0,0,0,19,1,0,,0.0,4.0,,1
186855,Bryan Cristante,bryan-cristante,2702,AS Roma,7.09,262.5,37,3,5,4,4,3.06,7,1777,362,2139,83.08,841,942,403,30,17,68.0,72,25,8,0,0,6,20.69,54,9,29,105,45.85,82,57.75,187,50.4,3292,5.56,0,0,0,1,0,0,2,1,35,19,2,0,1,108,55.1,49,0,2,21,449,10,170,97,2568,16,77,4,0,22,4,16,0,0,,,,11,0,0,0,0,42,2,0,0,0,0,0,37,0.0,0.0,30,25,29,184,60,0,0,0,196,44,41,56.94,1097.33,0,0,0,937,1231,1,3.98,0.0,203.0,,37
805078,Mathías Olivera,mathias-olivera,2714,SSC Napoli,7.09,163.0,23,1,0,0,1,1.3,2,868,123,991,87.59,407,469,223,19,11,68.75,50,20,3,0,0,8,29.63,12,1,7,78,62.9,37,55.22,115,60.21,1572,8.33,0,0,0,0,0,0,1,0,12,0,0,1,0,26,54.17,21,0,0,16,187,6,54,32,1435,17,9,0,0,16,1,4,0,0,,,,4,0,0,0,0,17,1,0,0,0,0,0,18,0.0,0.0,19,16,27,76,30,0,0,0,48,18,29,58.0,1572.0,0,0,0,455,563,1,0.55,0.0,101.0,,23
122848,Cristiano Biraghi,cristiano-biraghi,2693,Fiorentina,7.09,205.5,29,2,8,1,5,4.34,7,1087,228,1315,82.66,467,674,337,46,4,30.77,47,14,8,0,0,54,23.89,17,6,5,65,45.45,8,36.36,73,44.24,2358,11.76,1,0,0,0,7,1,1,1,3,14,0,1,1,78,45.61,40,0,0,6,484,4,119,48,2082,14,44,0,0,24,1,6,0,0,,,,5,0,0,0,0,26,5,0,0,0,0,0,27,0.0,14.29,46,13,226,92,14,0,0,1,171,31,28,59.57,1179.0,0,0,0,516,1025,1,1.6,0.0,98.0,,29
946888,Éderson,ederson,2686,Atalanta,7.09,255.1,36,6,2,3,1,2.31,7,1381,255,1636,84.41,607,781,385,18,22,55.0,83,41,8,0,0,7,41.18,38,11,17,139,54.51,35,56.45,174,54.89,2873,15.79,0,0,0,0,0,0,6,0,23,15,2,0,4,86,55.48,28,0,1,36,361,11,109,61,2127,34,45,0,0,19,0,10,0,0,,,,9,0,0,0,0,34,4,0,0,0,0,0,32,0.0,0.0,18,40,17,143,27,0,0,0,155,38,49,59.04,478.83,0,0,0,694,959,2,3.51,0.0,188.0,,36
893549,Tijjani Reijnders,tijjani-reijnders,2692,AC Milan,7.09,255.1,36,3,2,3,3,4.14,6,1548,141,1689,91.65,633,928,447,51,35,67.31,46,18,8,0,0,13,33.33,44,9,20,101,51.27,8,30.77,109,48.88,2830,6.82,0,0,0,0,0,0,2,1,23,21,0,0,3,52,72.22,22,0,0,38,272,15,49,27,2121,20,21,3,0,22,1,15,1,0,,,,9,0,0,0,0,27,11,0,0,0,0,0,33,0.0,0.0,50,52,39,114,18,0,0,0,72,38,25,54.35,943.33,0,0,0,666,1062,4,3.23,0.0,136.0,,36
233856,Lautaro Giannetti,lautaro-giannetti,2695,Udinese,7.09,49.6,7,1,0,1,0,0.12,1,262,35,297,88.22,212,50,9,1,1,100.0,9,19,4,0,0,0,0.0,3,2,1,10,55.56,8,44.44,18,50.0,630,33.33,0,0,0,0,0,0,1,0,3,0,0,1,0,17,60.71,39,0,0,0,39,0,12,3,393,0,9,0,1,1,0,0,0,0,,,,2,0,0,0,0,6,1,0,0,0,0,0,7,0.0,0.0,1,1,0,18,10,0,0,0,28,7,4,44.44,630.0,0,0,0,233,64,2,0.39,0.0,25.0,,7
35656,Etrit Berisha,etrit-berisha,2705,Empoli,7.09,99.2,14,0,0,0,0,0.01,0,266,149,415,64.1,235,31,8,0,0,0.0,0,0,0,0,0,0,0.0,0,0,0,2,66.67,7,100.0,9,90.0,1260,0.0,0,0,0,0,0,0,0,0,0,0,0,0,0,56,27.45,19,1,0,0,156,0,87,23,582,2,0,0,0,1,0,0,0,50,,,,4,3,1,32,18,21,4,12,3,2,10,0,14,0.0,0.0,0,0,0,1,0,0,0,0,204,25,0,0.0,0.0,0,0,16,264,151,2,0.0,90.0,129.0,,14
332155,Amir Rrahmani,amir-rrahmani,2714,SSC Napoli,7.08,212.5,30,3,1,4,0,0.73,3,2021,219,2240,90.22,1279,743,203,14,10,76.92,33,20,5,0,0,1,25.0,25,8,10,50,54.35,79,63.2,129,59.45,2602,12.0,0,0,0,1,0,0,3,0,24,1,1,0,2,176,61.32,85,0,0,6,243,2,174,102,2516,7,19,1,0,16,2,7,0,0,,,,4,0,0,0,0,32,7,0,0,0,0,0,30,0.0,0.0,14,13,4,88,46,0,0,0,287,39,27,81.82,867.33,0,0,0,1349,895,2,2.18,19.0,140.0,,30
928122,Andrea Colpani,colpani-andrea,2729,Monza,7.08,269.1,38,8,7,5,4,4.61,12,707,148,855,82.69,213,531,310,56,28,41.18,25,14,1,0,0,37,33.33,65,19,24,97,46.86,9,26.47,106,43.98,2683,12.31,0,0,0,0,9,0,6,2,32,33,1,5,2,60,66.67,12,0,0,38,365,17,87,54,1369,44,23,2,0,9,2,22,0,0,,,,1,0,0,0,0,34,6,0,0,0,0,0,36,0.0,0.0,56,68,111,135,25,0,0,0,90,40,15,60.0,335.38,0,0,0,252,714,4,4.84,0.0,86.0,,38
256667,Wladimiro Falcone,wladimiro-falcone,2689,Lecce,7.08,269.1,38,0,0,0,0,0.03,0,619,363,982,63.03,508,111,12,1,0,0.0,0,1,0,0,0,0,0.0,0,0,0,3,100.0,7,100.0,10,100.0,3420,0.0,0,0,1,0,0,0,0,0,0,0,0,0,0,183,33.95,40,1,1,0,368,0,117,50,1347,5,0,0,0,0,0,0,0,125,,,,7,6,1,85,35,48,6,19,7,7,19,0,38,0.0,0.0,1,0,0,0,0,0,0,0,539,54,0,0.0,0.0,0,0,27,588,394,3,0.0,248.0,275.0,,38
152276,Felipe Anderson,felipe-anderson,2699,Lazio,7.08,269.0,38,5,11,4,6,4.72,11,984,269,1253,78.53,326,669,343,43,43,44.33,78,27,3,0,0,11,19.3,43,11,16,157,47.72,15,48.39,172,47.78,2782,11.63,0,0,0,0,1,0,5,0,32,11,0,2,3,28,43.75,21,0,0,32,491,20,66,30,1869,36,30,1,0,56,4,16,1,0,,,,7,0,0,0,0,27,4,0,0,0,0,0,33,0.0,0.0,42,97,57,188,16,0,0,0,64,31,45,57.69,556.4,0,0,0,398,912,2,4.4,0.0,139.0,,38
363856,Nicolò Barella,nicolo-barella,2697,Inter,7.08,261.8,37,2,5,7,3,4.52,5,1804,283,2087,86.44,732,1085,588,43,29,54.72,46,10,7,0,0,13,25.49,40,12,18,102,45.33,20,57.14,122,46.92,2860,5.0,0,0,1,0,0,0,2,0,22,18,0,2,0,102,59.3,11,1,0,29,430,19,201,107,2512,27,28,2,0,44,3,10,1,0,,,,8,0,0,0,0,14,4,0,0,0,0,0,34,0.0,0.0,42,53,51,138,15,0,0,0,172,18,30,65.22,1430.0,0,0,0,798,1340,3,5.1,0.0,167.0,,37
913762,Christos Mandas,christos-mandas,2699,Lazio,7.08,56.6,8,0,0,0,0,0.01,0,153,87,240,63.75,130,23,8,0,2,100.0,0,1,0,0,0,0,0.0,0,0,0,2,66.67,3,100.0,5,83.33,721,0.0,0,0,0,0,0,0,0,0,0,0,0,0,0,53,38.97,5,0,1,0,88,0,33,20,309,1,0,0,0,1,0,0,0,23,,,,4,0,0,9,14,6,0,2,3,2,5,0,8,0.0,0.0,0,2,0,1,0,0,0,0,136,6,0,0.0,0.0,0,1,6,149,91,0,,29.0,54.0,,9
859024,Yacine Adli,yacine-adli,2692,AC Milan,7.07,162.6,23,1,2,0,2,2.05,3,1102,139,1241,88.8,438,680,288,23,22,73.33,34,20,3,0,0,16,32.0,4,1,1,65,50.78,15,60.0,80,52.29,1421,25.0,0,0,0,1,0,0,1,0,2,2,0,1,0,79,73.83,15,0,1,10,212,6,89,52,1493,9,26,0,0,22,1,2,1,0,,,,3,0,0,0,0,18,4,0,0,0,0,0,17,0.0,0.0,22,30,50,73,10,0,0,0,107,22,17,50.0,1421.0,0,0,0,458,833,2,0.3,0.0,94.0,,24
845291,Josep Martínez,josep-martinez,2713,Genoa,7.07,254.5,36,0,0,0,0,0.07,0,912,405,1317,69.25,741,171,57,1,3,100.0,0,1,2,0,1,0,0.0,0,0,0,8,80.0,19,95.0,27,90.0,3240,0.0,0,0,0,1,0,0,0,0,0,0,0,0,0,297,43.55,51,1,2,0,413,0,211,108,1638,11,2,0,0,0,0,0,0,88,,,,8,4,1,51,37,37,6,30,17,17,39,1,36,0.0,0.0,1,3,0,3,1,0,0,0,682,43,0,0.0,0.0,1,1,23,827,490,0,0.0,171.0,311.0,,36
891656,Maduka Okoye,maduka-okoye,2695,Udinese,7.07,148.4,21,0,0,0,0,0.04,0,230,172,402,57.21,141,89,36,0,0,0.0,0,1,2,0,0,0,0.0,0,0,0,2,100.0,8,80.0,10,83.33,1890,0.0,0,0,0,1,0,0,0,0,0,0,0,0,0,103,37.45,20,2,0,0,177,0,17,6,556,4,1,0,0,0,0,0,0,65,,,,5,3,0,44,21,22,3,16,2,2,6,2,21,0.0,0.0,0,0,0,2,2,0,0,0,275,25,0,0.0,0.0,0,0,14,161,241,2,,161.0,116.0,,21
793645,Riccardo Orsolini,riccardo-orsolini,2685,Bologna,7.06,233.1,33,10,11,8,2,3.92,12,461,162,623,74.0,178,309,168,36,31,43.66,23,8,2,0,0,26,26.0,58,25,27,94,48.7,17,48.57,111,48.68,1792,17.24,3,2,0,0,5,0,9,1,38,20,0,9,1,23,56.1,17,0,1,23,358,8,50,27,1081,41,17,1,0,21,14,6,0,0,,,,3,0,0,0,0,12,5,0,0,0,0,0,19,66.67,0.0,36,71,100,117,18,0,1,0,41,17,14,60.87,179.2,0,0,0,224,499,3,7.62,0.0,69.0,,33
246319,Ondrej Duda,ondrej-duda,2701,Hellas Verona,7.06,226.0,32,1,4,1,4,2.98,5,869,237,1106,78.57,374,527,252,53,21,61.76,59,26,10,0,2,32,34.04,24,7,11,130,54.17,8,29.63,138,51.69,2469,4.17,1,0,0,0,3,0,1,0,7,17,0,0,1,85,48.3,19,0,0,24,389,18,126,51,1593,51,54,1,0,21,0,6,0,0,,,,5,0,0,0,0,33,3,0,0,0,0,0,29,0.0,0.0,53,34,94,129,19,0,0,1,176,36,39,66.1,2469.0,2,0,0,439,761,1,2.23,0.0,195.0,,32
965828,Mario Gila,mario-gila,2699,Lazio,7.06,148.2,21,0,1,0,0,0.83,0,1140,124,1264,90.19,717,427,121,7,9,69.23,32,20,2,0,1,4,50.0,8,2,4,62,59.05,31,41.33,93,51.67,1813,0.0,0,0,0,0,0,0,0,0,5,3,0,0,0,85,62.96,64,0,0,6,155,1,66,38,1540,23,21,0,0,15,1,2,0,0,,,,6,0,0,0,0,15,3,0,0,0,0,0,21,0.0,0.0,7,13,8,87,44,0,0,0,135,18,14,43.75,0.0,1,0,0,767,505,0,0.54,18.0,109.0,,21
50490,Wojciech Szczęsny,wojciech-szczesny,2687,Juventus,7.06,247.0,35,0,0,0,0,0.03,0,648,220,868,74.65,553,95,20,1,1,100.0,0,1,1,0,0,0,0.0,0,0,0,1,50.0,5,83.33,6,75.0,3150,0.0,0,0,0,1,0,0,0,0,0,0,0,0,0,202,48.91,20,1,1,0,227,0,169,98,1151,2,1,0,0,0,0,0,0,81,,,,15,3,1,44,36,23,7,9,5,5,26,0,35,0.0,0.0,1,1,0,2,1,0,0,0,413,30,0,0.0,0.0,0,1,25,609,259,0,0.0,174.0,230.0,,35
253391,Lorenzo Montipò,lorenzo-montipo,2701,Hellas Verona,7.06,261.1,37,0,0,0,1,0.15,1,674,482,1156,58.3,393,281,89,1,0,0.0,1,0,0,0,0,0,0.0,0,0,0,3,60.0,6,85.71,9,75.0,3330,0.0,0,0,0,0,0,0,0,0,0,0,0,0,0,363,43.16,35,0,2,0,491,0,169,82,1458,3,0,0,0,2,0,0,0,106,,,,8,2,0,67,38,44,5,10,15,15,21,0,37,0.0,0.0,1,0,0,3,1,0,0,0,841,49,1,100.0,0.0,0,1,30,462,694,0,0.0,305.0,266.0,,37
823733,Ismaël Bennacer,ismael-bennacer,2692,AC Milan,7.05,141.0,20,2,3,0,2,1.59,4,700,78,778,89.97,306,400,187,17,17,62.96,29,12,2,0,0,6,18.75,12,2,5,72,56.69,13,39.39,85,53.13,1151,16.67,1,1,0,0,1,0,2,0,7,5,0,2,0,24,63.16,7,0,2,18,153,4,34,19,1005,26,18,0,0,11,1,5,0,0,,,,1,0,0,0,0,13,6,0,0,0,0,0,13,100.0,0.0,17,27,32,75,20,0,0,0,38,19,19,65.52,575.5,0,0,0,325,485,2,1.66,0.0,78.0,,20
918440,Morten Frendrup,morten-frendrup,2713,Genoa,7.05,260.7,37,2,4,1,5,1.39,7,962,226,1188,80.98,471,493,199,14,16,66.67,133,51,6,0,0,2,16.67,30,4,15,183,63.32,32,52.46,215,61.43,3146,6.67,0,0,0,1,0,0,1,1,13,17,0,1,1,26,40.0,33,1,0,14,323,19,53,20,1732,35,49,0,0,36,1,11,1,0,,,,7,0,0,0,0,38,5,0,0,0,0,0,36,0.0,0.0,13,24,12,135,29,0,0,0,65,43,72,54.14,1573.0,0,0,0,551,649,2,1.7,0.0,197.0,,37
100389,Marten de Roon,marten-de-roon,2686,Atalanta,7.04,211.3,30,0,1,0,5,1.2,5,1430,251,1681,85.07,709,724,323,23,3,37.5,80,40,10,0,0,3,18.75,16,3,9,105,51.22,37,57.81,142,52.79,2599,0.0,0,0,0,1,0,0,0,0,1,15,0,0,0,115,52.75,49,0,0,8,298,19,112,60,2037,24,43,0,0,47,3,4,0,0,,,,11,0,0,0,0,25,4,0,0,0,0,0,29,0.0,0.0,23,8,16,127,27,0,0,0,218,29,43,53.75,0.0,0,0,0,793,904,0,0.6,0.0,164.0,,30
832208,Dušan Vlahović,dusan-vlahovic,2687,Juventus,7.04,232.4,33,16,3,19,4,1.59,20,379,150,529,71.64,134,246,135,29,18,43.9,9,1,6,0,1,1,14.29,110,39,42,60,37.97,38,40.86,98,39.04,2318,14.55,4,2,0,0,7,2,12,4,84,26,3,8,5,12,63.16,11,0,0,42,300,17,25,17,931,34,31,3,0,7,13,29,0,0,,,,1,0,0,0,0,18,5,0,0,0,0,0,27,50.0,28.57,29,41,7,153,55,0,0,2,19,23,5,55.56,144.88,1,0,0,174,362,5,16.67,0.0,60.0,,33
889785,Johan Vásquez,johan-vasquez,2713,Genoa,7.04,253.5,36,1,1,1,1,1.14,2,964,267,1231,78.31,631,337,128,11,10,58.82,51,45,6,0,0,4,13.33,34,10,16,99,58.93,77,57.46,176,58.28,2858,2.94,0,0,0,1,0,0,0,1,32,2,0,1,0,74,37.37,107,0,0,11,370,4,113,44,1841,38,36,6,0,18,4,8,0,0,,,,7,0,0,0,0,28,5,0,0,0,0,0,32,0.0,0.0,11,17,30,126,57,0,0,0,198,33,33,64.71,2858.0,0,0,0,712,549,3,1.86,31.0,101.0,,37
980624,Lazar Samardžić,lazar-samardzic,2695,Udinese,7.04,239.3,34,6,6,1,2,5.0,8,679,159,838,81.03,264,455,230,62,47,48.96,40,10,3,0,0,40,32.26,57,17,21,105,47.09,14,28.57,119,43.75,2380,10.53,1,1,0,1,13,0,5,1,13,44,0,4,2,58,63.04,22,0,0,20,382,11,111,61,1384,18,29,2,0,23,0,19,0,0,,,,4,0,0,0,0,27,1,0,0,0,0,0,28,100.0,0.0,62,96,124,153,35,0,0,0,92,28,19,47.5,396.67,0,0,0,307,655,0,3.58,0.0,142.0,,34
932643,Armand Laurienté,armand-lauriente,2793,Sassuolo,7.04,260.3,37,5,5,5,4,3.89,9,595,164,759,78.39,159,457,293,47,63,53.85,31,15,5,0,0,21,15.56,84,30,35,149,46.71,6,17.14,155,43.79,2926,5.95,0,0,1,0,11,0,4,1,39,45,0,1,4,21,44.68,7,0,0,55,479,14,50,19,1461,55,34,2,0,31,4,19,0,0,,,,1,0,0,0,0,47,8,0,0,0,0,0,35,0.0,0.0,47,117,135,199,29,0,0,0,47,55,20,64.52,585.2,0,0,0,184,710,0,5.73,0.0,138.0,,37
870211,Alberto Dossena,alberto-dossena,2719,Cagliari,7.03,246.2,35,2,4,3,4,1.25,6,1037,259,1296,80.02,753,284,92,12,5,62.5,55,45,5,0,0,0,0.0,24,6,15,98,61.25,122,63.21,220,62.32,2979,8.33,0,0,0,0,0,0,2,0,23,1,1,1,0,107,44.58,168,1,1,10,298,3,133,69,1789,42,38,1,2,16,0,3,0,0,,,,5,0,0,0,0,46,5,0,0,0,0,0,33,0.0,0.0,12,8,1,133,71,0,0,0,240,51,35,63.64,1489.5,0,0,0,837,460,4,2.21,1.0,190.0,,35
357596,Nikola Vlašić,nikola-vlasic,2696,Torino,7.03,232.1,33,3,3,1,2,3.61,5,792,163,955,82.93,228,576,355,35,28,63.64,28,11,3,0,0,12,32.43,46,11,15,93,48.69,25,39.06,118,46.27,2614,6.52,0,0,0,0,1,0,2,1,22,24,0,1,2,21,60.0,11,0,0,35,302,26,47,29,1364,37,26,1,0,26,9,20,0,0,,,,7,0,0,0,0,25,4,0,0,0,0,0,30,0.0,0.0,35,44,37,137,39,0,0,0,35,29,16,57.14,871.33,0,0,0,259,733,2,2.41,0.0,152.0,,33
190437,Mario Pašalić,mario-pasalic,2686,Atalanta,7.03,239.0,34,6,7,8,6,3.32,12,985,145,1130,87.17,440,546,272,31,12,50.0,28,16,3,0,0,1,10.0,40,18,14,47,43.93,36,53.73,83,47.7,2048,15.0,2,2,0,0,0,0,6,0,35,5,0,2,4,49,63.64,31,0,0,13,217,12,70,51,1398,7,20,1,0,17,6,8,0,0,,,,4,0,0,0,0,22,7,0,0,0,0,0,23,100.0,0.0,31,24,10,91,31,0,0,0,77,29,17,60.71,341.33,0,0,0,484,656,3,7.11,0.0,124.0,,34
1137431,Michael Kayode,michael-kayode,2693,Fiorentina,7.03,182.7,26,1,1,0,1,1.42,2,900,134,1034,87.04,502,418,196,15,22,51.16,53,18,2,0,0,20,30.3,7,2,3,94,63.09,17,48.57,111,60.33,2063,14.29,0,0,0,0,0,0,1,0,2,5,0,0,1,47,50.54,40,0,2,8,301,5,37,17,1597,19,14,0,0,13,2,2,0,0,,,,6,0,0,0,0,18,2,0,0,0,0,0,22,0.0,0.0,15,43,66,73,18,0,0,0,93,20,30,56.6,2063.0,0,0,0,550,550,1,0.51,0.0,105.0,,26
901891,Alexis Saelemaekers,alexis-saelemaekers,2685,Bologna,7.03,210.8,30,4,1,3,2,3.55,6,748,152,900,83.11,277,496,253,44,40,40.82,32,13,5,0,1,25,29.07,29,10,13,129,53.53,9,56.25,138,53.7,1892,13.79,0,0,1,0,4,1,1,3,14,15,0,0,4,37,77.08,9,0,1,25,359,14,22,15,1392,58,16,1,0,15,2,6,0,0,,,,3,0,0,0,0,15,3,0,0,0,0,0,21,0.0,25.0,44,98,86,119,7,0,0,0,48,18,22,68.75,473.0,1,0,0,317,669,1,2.63,0.0,112.0,,30
78893,Romelu Lukaku,romelu-lukaku,2702,AS Roma,7.03,224.8,32,13,5,10,3,1.5,16,435,166,601,72.38,134,304,192,29,11,45.83,6,0,5,1,1,3,23.08,65,28,20,33,32.35,52,48.15,85,40.48,2644,20.0,1,0,0,0,0,0,13,0,58,7,3,7,2,7,53.85,19,0,1,32,285,14,19,10,903,17,24,1,0,2,25,17,0,0,,,,7,0,0,0,0,28,2,0,0,0,0,0,30,0.0,0.0,29,24,13,125,56,0,0,1,13,30,5,83.33,203.38,0,0,0,161,453,1,9.83,0.0,52.0,,32
901850,Nicolò Fagioli,nicolo-fagioli,2687,Juventus,7.03,56.2,8,0,2,0,2,0.86,2,183,18,201,91.04,86,104,52,11,3,60.0,5,4,1,0,0,7,36.84,6,2,3,13,50.0,1,100.0,14,51.85,440,0.0,0,0,0,0,1,0,0,0,3,3,0,0,0,12,75.0,1,0,0,4,46,0,18,13,274,5,3,1,0,4,1,1,0,0,,,,0,0,0,0,0,2,2,0,0,0,0,0,4,0.0,0.0,11,5,19,13,0,0,0,0,16,4,3,60.0,0.0,0,0,0,87,133,0,0.38,0.0,23.0,,8
76132,Milan Đurić,milan-uric,2729,Monza,7.02,259.9,37,9,5,5,2,0.71,11,321,283,604,53.15,131,190,85,21,4,57.14,6,1,4,0,0,0,0.0,51,21,23,53,44.17,223,71.25,276,63.74,2471,17.65,3,1,0,0,0,0,9,0,50,1,6,0,3,4,30.77,40,0,0,22,357,5,11,4,872,45,49,3,0,5,7,7,0,0,,,,3,0,0,0,0,33,8,0,0,0,0,0,26,33.33,0.0,21,7,2,157,90,1,0,1,13,41,5,83.33,274.56,0,0,0,182,424,3,7.53,0.0,54.0,,37
284441,Ruben Loftus-Cheek,ruben-loftus-cheek,2692,AC Milan,7.02,203.7,29,6,1,0,1,1.99,7,615,102,717,85.77,179,440,218,25,30,60.0,28,9,5,0,0,4,30.77,40,14,12,103,53.37,43,56.58,146,54.28,2081,15.0,0,0,1,0,0,0,5,1,28,12,1,1,4,7,43.75,10,0,1,22,193,11,19,12,1042,45,39,0,0,12,1,14,0,0,,,,3,0,0,0,0,22,6,0,0,0,0,0,26,0.0,0.0,25,50,13,123,33,0,0,0,16,28,18,64.29,346.83,0,0,0,207,523,1,3.68,0.0,91.0,,29
794338,Daichi Kamada,daichi-kamada,2699,Lazio,7.02,203.7,29,2,5,1,2,2.11,4,805,99,904,89.05,324,482,208,24,14,66.67,53,18,3,0,0,1,9.09,29,8,11,80,48.78,3,15.79,83,45.36,1553,6.9,0,0,0,0,0,0,1,1,14,15,0,2,0,27,65.85,7,0,0,15,158,10,26,16,1161,13,39,2,0,24,2,10,0,0,,,,2,0,0,0,0,11,3,0,0,0,0,0,17,0.0,0.0,24,21,11,100,16,0,0,0,41,14,36,67.92,776.5,0,0,0,348,567,1,1.82,0.0,75.0,,29
152420,Alessandro Florenzi,alessandro-florenzi,2692,AC Milan,7.02,210.7,30,1,3,0,4,3.53,5,916,131,1047,87.49,474,487,214,46,1,8.33,43,20,5,0,0,45,36.89,32,10,16,52,51.49,8,32.0,60,47.62,1746,3.13,0,0,0,0,4,0,1,0,4,28,1,0,0,77,55.0,19,0,1,5,255,6,136,79,1488,9,11,0,0,22,2,6,1,0,,,,3,0,0,0,0,19,4,0,0,0,0,0,19,0.0,0.0,45,12,122,66,17,0,0,0,140,23,21,48.84,1746.0,0,0,0,517,652,2,1.67,0.0,97.0,,31
34120,Alexis Sánchez,alexis-sanchez,2697,Inter,7.02,161.5,23,2,7,1,5,2.8,7,271,64,335,80.9,71,205,135,18,12,60.0,7,1,0,0,0,5,16.13,18,6,8,37,51.39,9,40.91,46,48.94,780,11.11,1,1,0,0,2,0,2,0,13,5,0,0,2,28,84.85,2,0,0,15,136,8,42,29,499,19,14,0,0,3,8,4,0,0,,,,2,0,0,0,0,3,1,0,0,0,0,0,6,100.0,0.0,18,20,31,48,13,0,0,0,33,4,6,85.71,390.0,0,0,0,79,287,1,3.24,0.0,28.0,,23
826185,Raoul Bellanova,raoul-bellanova,2696,Torino,7.02,259.8,37,1,10,1,7,4.49,8,957,164,1121,85.37,472,529,240,52,43,55.13,36,15,5,0,0,44,24.72,32,3,19,131,61.21,31,48.44,162,58.27,3063,3.13,0,0,0,0,0,0,1,0,22,10,0,0,1,55,66.27,30,1,2,23,454,6,51,30,1978,53,14,0,0,13,2,10,0,0,,,,9,0,0,0,0,28,5,0,0,0,0,0,36,0.0,0.0,52,78,178,116,33,0,0,0,83,33,26,72.22,3063.0,0,0,0,529,770,1,2.06,0.0,127.0,,37
91046,Stefan de Vrij,stefan-de-vrij,2697,Inter,7.02,168.4,24,1,0,0,0,0.37,1,931,77,1008,92.36,690,241,44,2,2,100.0,18,24,0,0,0,0,0.0,10,3,3,22,61.11,46,64.79,68,63.55,1592,10.0,0,0,0,0,0,0,1,0,9,1,1,0,0,27,55.1,49,0,0,0,85,1,18,8,1167,2,8,0,0,7,0,4,0,0,,,,11,0,0,0,0,4,1,0,0,0,0,0,17,0.0,0.0,2,2,0,39,25,0,0,0,49,5,13,72.22,1592.0,0,0,0,731,277,2,0.57,4.0,85.0,,25
21608,Nicolas Viola,nicolas-viola,2719,Cagliari,7.02,182.4,26,5,9,3,2,3.16,7,313,108,421,74.35,108,248,120,33,16,47.06,13,2,3,0,0,43,32.09,38,12,19,54,45.76,18,36.0,72,42.86,1208,13.16,1,0,0,1,6,0,5,0,17,21,2,3,0,19,45.24,6,0,0,23,287,9,46,24,791,25,16,1,0,10,2,7,0,0,,,,0,0,0,0,0,18,0,0,0,0,0,0,11,0.0,0.0,33,34,134,96,32,0,0,1,42,18,9,69.23,241.6,0,0,0,125,430,3,3.4,0.0,49.0,,26
788255,Fikayo Tomori,fikayo-tomori,2692,AC Milan,7.02,182.4,26,4,0,1,0,0.24,4,1530,145,1675,91.34,1161,370,52,4,2,50.0,42,26,6,0,1,1,33.33,17,8,7,53,58.89,29,50.88,82,55.78,2125,23.53,0,0,0,1,0,0,4,0,15,2,2,0,2,46,44.23,65,0,1,0,157,1,43,17,1926,9,26,0,0,11,1,2,0,0,,,,7,0,0,0,0,18,9,0,0,0,0,0,24,0.0,0.0,4,4,3,65,28,0,0,0,104,27,24,57.14,531.25,1,0,0,1234,444,2,3.71,60.0,105.0,,26
1128063,Federico Gatti,federico-gatti,2687,Juventus,7.01,224.4,32,4,4,6,0,1.29,4,1118,181,1299,86.07,635,489,172,10,9,47.37,33,19,7,0,0,6,31.58,35,7,20,57,47.5,50,60.24,107,52.71,2640,11.43,0,0,1,0,0,0,4,0,24,11,1,0,3,74,51.75,82,0,1,12,251,2,84,38,1690,15,39,1,2,5,0,8,0,0,,,,11,0,0,0,0,20,7,0,0,0,0,0,30,0.0,0.0,10,19,19,96,33,0,0,0,143,27,19,57.58,660.0,0,0,0,679,639,4,5.5,0.0,116.0,,32
115516,Remo Freuler,remo-freuler,2685,Bologna,7.01,224.4,32,1,1,2,1,1.34,2,1700,167,1867,91.06,833,867,354,20,8,72.73,78,36,9,0,0,0,0.0,14,4,4,101,52.6,20,41.67,121,50.42,2632,7.14,0,0,0,1,0,0,1,0,8,6,0,1,0,26,38.81,48,0,2,16,226,12,35,18,2246,15,44,0,0,31,0,6,1,0,,,,8,0,0,0,0,19,3,0,0,0,0,0,30,0.0,0.0,19,11,9,119,28,0,0,0,67,22,50,64.1,2632.0,0,0,0,901,975,1,1.22,0.0,137.0,,32
842709,Rémi Oudin,remi-oudin,2689,Lecce,7.01,217.3,31,3,8,0,2,4.03,5,432,194,626,69.01,180,300,150,58,4,36.36,26,20,3,0,0,48,30.77,34,8,13,41,45.05,12,50.0,53,46.09,1826,8.82,0,0,0,0,4,1,0,3,11,23,0,2,1,63,51.64,20,0,0,20,356,8,84,39,1027,11,16,3,0,7,3,13,0,0,,,,1,0,0,0,0,19,4,0,0,0,0,0,21,0.0,25.0,58,11,156,62,12,0,0,0,122,23,14,53.85,608.67,0,0,0,218,564,2,1.78,0.0,96.0,,31
84854,Alex Sandro,alex-sandro,2687,Juventus,7.01,98.1,14,1,1,0,0,0.68,1,430,59,489,87.93,228,205,82,5,3,50.0,13,15,1,0,0,3,60.0,5,1,3,28,53.85,12,57.14,40,54.79,728,20.0,0,0,0,0,0,0,1,0,5,0,0,0,0,24,51.06,23,0,0,4,90,0,35,15,664,12,17,0,0,1,0,1,0,0,,,,1,0,0,0,0,4,2,0,0,0,0,0,8,0.0,0.0,5,6,5,33,9,0,0,0,47,6,7,53.85,728.0,0,0,0,243,251,1,0.39,9.0,34.0,,16
1012176,Giorgio Scalvini,giorgio-scalvini,2686,Atalanta,7.01,231.2,33,1,2,1,3,1.47,4,1249,279,1528,81.74,757,495,182,11,15,78.95,53,59,3,0,0,3,60.0,19,6,8,78,49.06,81,65.85,159,56.38,2553,5.26,0,0,0,2,0,0,0,1,15,4,0,0,1,45,31.47,66,0,0,12,331,9,86,38,1932,11,48,1,0,21,4,5,0,0,,,,9,0,0,0,0,29,4,0,0,0,0,0,31,0.0,0.0,11,19,5,123,42,0,0,0,143,33,33,62.26,2553.0,0,0,0,857,676,2,1.43,0.0,163.0,,33
350210,Matteo Pessina,matteo-pessina,2729,Monza,7.0,259.0,37,6,0,2,3,1.46,9,1893,233,2126,89.04,898,1001,435,27,14,48.28,44,27,3,0,1,6,31.58,27,13,6,101,54.59,33,49.25,134,53.17,3228,22.22,5,4,0,1,0,0,6,0,19,8,1,5,0,77,58.33,42,0,1,18,341,2,113,67,2546,44,28,0,0,26,1,8,0,0,,,,9,0,0,0,0,39,5,0,0,0,0,0,37,80.0,0.0,27,29,19,118,34,0,0,1,132,44,25,56.82,538.0,1,0,0,981,1164,0,6.3,0.0,188.0,,37
893640,Riccardo Sottil,riccardo-sottil,2693,Fiorentina,7.0,147.0,21,2,4,3,3,2.35,5,319,55,374,85.29,79,251,160,13,21,52.5,10,2,1,0,0,11,23.91,34,13,11,65,54.62,7,70.0,72,55.81,1121,5.88,0,0,0,0,1,0,1,1,25,9,0,0,2,12,60.0,2,0,0,24,162,8,15,10,632,34,8,0,0,5,6,10,0,0,,,,1,0,0,0,0,10,2,0,0,0,0,0,13,0.0,0.0,13,40,46,57,3,0,0,0,20,12,5,50.0,560.5,0,0,0,87,333,2,2.62,0.0,44.0,,22
320979,Federico Di Francesco,federico-di-francesco,2689,Lecce,7.0,14.0,2,1,0,0,0,0.03,1,6,1,7,85.71,1,5,2,0,0,0.0,1,0,0,0,0,0,0.0,2,1,1,1,50.0,0,0.0,1,50.0,21,50.0,0,0,0,0,0,0,1,0,1,1,0,0,1,1,100.0,0,0,0,0,3,0,1,1,15,0,0,0,0,0,0,0,0,0,,,,0,0,0,0,0,0,0,0,0,0,0,0,0,0.0,0.0,0,1,1,1,0,0,0,0,1,0,0,0.0,21.0,0,0,0,1,7,0,0.09,0.0,2.0,,2
1099371,Chaka Traorè,chaka-traore,2692,AC Milan,7.0,14.0,2,1,0,0,0,0.01,1,9,2,11,81.82,3,6,2,0,0,0.0,2,0,0,0,0,0,0.0,1,1,0,2,40.0,0,0.0,2,33.33,21,100.0,0,0,0,0,0,0,1,0,1,0,0,0,1,0,0.0,0,0,0,1,3,0,0,0,17,0,1,0,0,1,0,0,0,0,,,,0,0,0,0,0,0,1,0,0,0,0,0,0,0.0,0.0,0,0,0,4,1,0,0,0,0,1,1,50.0,21.0,0,0,0,3,8,0,0.08,0.0,1.0,,2
881931,Weston McKennie,weston-mckennie,2687,Juventus,7.0,238.0,34,0,5,4,7,3.16,7,760,181,941,80.77,284,490,267,41,18,38.3,48,18,6,0,0,14,23.73,23,7,12,77,48.73,38,52.78,115,50.0,2599,0.0,0,0,0,0,0,0,0,0,21,2,0,0,0,28,62.22,61,0,0,19,365,8,65,38,1528,12,23,1,0,10,6,4,0,0,,,,7,0,0,0,0,15,6,0,0,0,0,0,29,0.0,0.0,41,47,59,115,34,0,0,0,45,21,29,60.42,0.0,0,0,0,343,657,1,2.97,0.0,115.0,,34
1085555,Nicola Bagnolini,nicola-bagnolini,2685,Bologna,7.0,7.0,1,0,0,0,0,0.0,0,2,1,3,66.67,1,1,1,0,0,0.0,0,0,0,0,0,0,0.0,0,0,0,0,0.0,0,0.0,0,0.0,8,0.0,0,0,0,0,0,0,0,0,0,0,0,0,0,1,50.0,0,0,0,0,1,0,0,0,4,0,0,0,0,0,0,0,0,1,,,,0,0,0,1,0,0,0,0,0,0,0,0,0,0.0,0.0,0,0,0,0,0,0,0,0,2,0,0,0.0,0.0,0,0,0,2,1,0,,2.0,0.0,,1
318603,Emil Audero,emil-audero,2697,Inter,7.0,28.0,4,0,0,0,0,0.0,0,138,29,167,82.63,135,3,2,0,0,0.0,0,0,0,0,0,0,0.0,0,0,0,0,0.0,1,100.0,1,100.0,337,0.0,0,0,0,0,0,0,0,0,0,0,0,0,0,15,36.59,1,0,0,0,31,0,9,5,212,0,0,0,0,0,0,0,0,8,,,,2,0,0,4,4,3,0,0,1,1,6,0,4,0.0,0.0,0,0,0,0,0,0,0,0,41,3,0,0.0,0.0,0,0,1,150,17,0,,18.0,34.0,,4
971005,Nicolò Cambiaghi,cambiaghi-nicolo,2705,Empoli,6.99,258.8,37,1,3,4,1,2.73,2,450,104,554,81.23,155,323,184,31,29,41.43,51,14,3,0,0,28,21.37,71,17,27,156,53.06,10,28.57,166,50.46,2562,1.41,0,0,2,0,0,0,0,1,43,28,0,0,1,18,62.07,6,0,0,36,352,28,18,9,1153,77,48,3,0,19,3,27,0,0,,,,1,0,0,0,0,36,6,0,0,0,0,0,29,0.0,0.0,31,70,131,163,25,0,0,0,29,42,39,76.47,2562.0,0,0,0,172,513,0,3.87,0.0,99.0,,37
151003,Berat Djimsiti,berat-djimsiti,2686,Atalanta,6.99,258.8,37,0,1,1,1,0.53,1,1436,200,1636,87.78,1074,363,90,7,1,50.0,42,57,4,0,0,1,16.67,13,0,9,53,62.35,93,62.42,146,62.39,2831,0.0,0,0,0,1,0,0,0,0,13,0,0,0,0,74,51.75,98,0,0,3,218,4,49,26,1995,11,17,0,0,12,0,4,0,0,,,,11,0,0,0,0,25,7,0,0,0,0,0,32,0.0,0.0,7,2,6,88,56,0,0,0,143,32,24,57.14,0.0,0,0,0,1179,463,0,0.8,0.0,171.0,,37
369866,Luca Mazzitelli,luca-mazzitelli,2801,Frosinone,6.99,202.7,29,5,2,0,0,0.93,5,965,289,1254,76.95,437,532,241,13,11,64.71,45,19,4,0,1,4,9.52,49,18,19,89,48.9,45,53.57,134,50.38,2222,10.2,0,0,0,0,3,1,4,1,16,33,1,1,3,82,40.8,62,0,0,22,386,18,148,74,1663,37,45,2,0,23,1,12,0,0,,,,2,0,0,0,0,33,4,0,0,0,0,0,26,0.0,33.33,13,17,42,132,39,0,0,0,201,37,23,51.11,444.4,1,0,0,499,797,1,2.28,0.0,128.0,,29
132704,Leonardo Pavoletti,leonardo-pavoletti,2719,Cagliari,6.99,118.8,17,4,0,1,1,0.3,5,86,67,153,56.21,19,67,40,7,0,0.0,1,0,4,0,0,0,0.0,25,9,13,8,28.57,57,57.58,65,51.18,626,16.0,0,0,1,0,0,0,4,0,24,1,1,0,3,4,36.36,7,0,0,5,101,5,15,8,244,7,19,0,0,1,1,3,0,0,,,,0,0,0,0,0,10,1,0,0,0,0,0,5,0.0,0.0,7,0,1,62,42,0,0,0,11,11,1,100.0,156.5,0,0,0,27,127,1,2.61,0.0,12.0,,19
886930,Jaka Bijol,jaka-bijol,2695,Udinese,6.99,167.7,24,0,0,1,0,0.51,0,643,173,816,78.8,470,173,45,3,0,0.0,43,23,4,0,0,0,0.0,15,2,8,48,52.17,86,76.11,134,65.37,2083,0.0,0,0,0,0,0,0,0,0,15,0,0,0,0,67,44.37,137,1,0,4,184,0,92,45,1122,7,28,0,0,13,0,5,0,0,,,,6,0,0,0,0,25,4,0,0,0,0,0,23,0.0,0.0,3,0,1,71,27,0,0,0,151,29,27,62.79,0.0,0,0,0,536,281,1,1.89,5.0,85.0,,24
787941,Frank Anguissa,frank-anguissa,2714,SSC Napoli,6.99,237.5,34,0,6,5,2,2.96,2,1584,217,1801,87.95,614,976,485,38,25,44.64,61,28,2,0,0,6,30.0,33,6,14,123,48.05,47,51.09,170,48.85,2792,0.0,0,0,0,0,0,0,0,0,21,12,0,0,0,36,56.25,17,0,1,31,358,19,49,28,2266,38,41,0,0,35,3,13,0,0,,,,6,0,0,0,0,31,5,0,0,0,0,0,32,0.0,0.0,38,56,20,178,45,0,0,0,64,36,33,54.1,0.0,0,0,0,672,1149,0,3.43,0.0,174.0,,34
845802,Jovane Cabral,jovane-cabral,2710,Salernitana,6.98,83.8,12,1,1,1,0,0.62,1,175,49,224,78.13,52,128,67,10,21,61.76,13,1,1,0,0,5,35.71,25,9,11,47,47.96,5,25.0,52,44.07,685,4.0,0,0,0,1,0,0,1,0,14,11,0,0,1,13,59.09,3,0,0,14,112,7,18,10,396,13,19,4,0,6,6,5,0,0,,,,0,0,0,0,0,12,2,0,0,0,0,0,8,0.0,0.0,10,34,14,66,15,0,0,0,22,14,9,69.23,685.0,0,0,0,57,181,2,1.16,0.0,31.0,,12
913401,Nehuén Pérez,nehuen-perez,2695,Udinese,6.98,251.4,36,0,0,2,0,0.4,0,1180,289,1469,80.33,735,448,167,7,9,64.29,72,45,7,0,1,3,15.79,20,2,11,97,65.1,82,64.57,179,64.86,3239,0.0,0,0,0,1,0,0,0,0,17,3,0,0,0,118,45.38,147,0,1,6,362,4,165,77,2050,17,34,0,0,9,0,7,0,0,,,,9,0,0,0,0,41,8,0,0,0,0,0,36,0.0,0.0,7,14,19,97,45,0,0,0,260,49,48,66.67,0.0,1,0,0,833,655,1,1.34,8.0,164.0,,36
346676,Patrick Ciurria,patrick-ciurria,2729,Monza,6.98,153.6,22,0,6,1,1,2.13,1,554,147,701,79.03,241,331,178,30,9,45.0,30,9,2,0,0,18,33.96,28,7,16,52,49.52,8,47.06,60,49.18,1602,0.0,0,0,0,1,0,0,0,0,7,21,0,0,0,22,40.0,24,0,0,6,222,9,64,31,1053,14,29,1,0,8,4,5,0,0,,,,6,0,0,0,0,17,3,0,0,0,0,0,18,0.0,0.0,30,20,53,62,9,0,0,0,55,20,18,60.0,0.0,0,0,0,299,455,0,1.52,0.0,56.0,,22
877037,Cyril Ngonge,cyril-ngonge,2714,SSC Napoli,6.98,209.3,30,7,5,7,2,2.09,9,310,118,428,72.43,84,253,137,30,37,48.05,19,4,6,0,0,27,38.03,59,19,21,88,47.06,28,38.89,116,44.79,1743,11.86,0,0,0,0,6,0,5,2,36,23,0,6,1,17,54.84,10,0,0,22,295,15,27,11,850,32,33,1,0,9,4,19,0,0,,,,1,0,0,0,0,24,3,0,0,0,0,0,18,0.0,0.0,30,77,71,143,44,0,0,0,31,27,12,63.16,249.0,0,0,0,103,396,1,5.25,0.0,71.0,,32
865651,Giacomo Raspadori,giacomo-raspadori,2714,SSC Napoli,6.98,258.1,37,5,8,3,3,3.03,8,508,128,636,79.87,174,347,183,36,14,50.0,21,3,0,0,0,13,20.0,61,24,17,53,48.62,8,29.63,61,44.85,1595,8.2,1,0,0,0,4,1,4,1,37,24,0,3,2,42,62.69,5,0,0,18,252,7,58,34,941,19,17,2,0,9,5,20,0,0,,,,1,0,0,0,0,16,2,0,0,0,0,0,14,0.0,25.0,36,28,65,75,19,0,1,0,67,18,10,47.62,319.0,0,0,0,195,506,1,5.88,0.0,53.0,,37
611210,Gianluca Mancini,gianluca-mancini,2702,AS Roma,6.98,251.1,36,4,2,1,1,1.14,5,1737,241,1978,87.82,1148,594,226,10,4,80.0,34,36,9,0,0,5,20.83,19,7,10,69,48.59,42,54.55,111,50.68,2872,21.05,0,0,0,0,0,0,4,0,16,3,4,0,0,91,45.27,74,0,1,10,282,3,155,66,2305,31,49,0,0,16,0,2,0,0,,,,10,0,0,0,0,36,1,0,0,0,0,0,34,0.0,0.0,10,5,24,108,35,0,0,0,201,37,20,58.82,718.0,0,0,0,1205,797,3,1.91,21.0,106.0,,36
28378,Vincenzo Fiorillo,vincenzo-fiorillo,2710,Salernitana,6.98,27.9,4,0,0,0,0,0.01,0,44,73,117,37.61,20,24,4,0,0,0.0,0,0,1,1,1,0,0.0,0,0,0,2,100.0,2,100.0,4,100.0,360,0.0,0,0,0,0,0,0,0,0,0,0,0,0,0,29,28.43,3,1,0,0,75,0,3,0,156,3,0,0,0,0,0,0,0,18,,,,0,0,0,13,5,6,2,3,1,1,2,0,4,0.0,0.0,0,0,0,0,0,0,0,0,102,8,0,0.0,0.0,0,0,2,25,92,0,,54.0,27.0,,4
997103,Radu Drăguşin,radu-dragusin,2713,Genoa,6.97,132.5,19,2,1,1,1,0.91,3,568,118,686,82.8,430,138,44,7,0,0.0,16,21,1,0,0,0,0.0,17,4,11,29,61.7,59,70.24,88,67.18,1710,11.76,0,0,0,0,0,0,2,0,15,2,1,0,1,18,30.51,87,0,3,4,139,0,35,9,929,14,14,0,0,1,0,2,0,0,,,,3,0,0,0,0,22,2,0,0,0,0,0,19,0.0,0.0,7,1,1,43,25,0,0,0,59,24,11,68.75,855.0,0,0,0,467,220,2,1.02,43.0,62.0,,19
791566,Grigoris Kastanos,grigoris-kastanos,2710,Salernitana,6.97,174.3,25,3,3,1,3,1.53,6,421,139,560,75.18,120,308,184,28,13,54.17,23,8,5,0,0,7,18.42,30,10,8,80,54.79,24,40.0,104,50.49,1486,10.0,0,0,0,0,1,0,3,0,11,19,1,0,2,32,64.0,7,0,0,28,264,4,47,26,900,44,18,0,0,11,3,12,0,0,,,,0,0,0,0,0,30,1,0,0,0,0,0,18,0.0,0.0,28,24,38,102,36,0,0,0,50,31,14,60.87,495.33,0,0,0,153,445,1,2.87,0.0,85.0,,26
970978,Andrea Carboni,andrea-carboni,2729,Monza,6.97,146.4,21,1,0,3,0,0.39,1,800,121,921,86.86,495,309,106,9,3,50.0,38,17,1,0,0,4,19.05,18,4,8,45,61.64,22,56.41,67,59.82,1490,5.56,0,0,0,0,0,0,0,1,14,4,0,1,0,40,43.48,53,0,1,2,162,0,75,35,1171,5,12,0,0,11,1,6,0,0,,,,4,0,0,0,0,16,1,0,0,0,0,0,16,0.0,0.0,9,6,21,45,17,0,0,0,92,17,22,57.89,1490.0,0,0,0,542,400,0,1.2,1.0,56.0,,21
972886,Fabiano Parisi,fabiano-parisi,2693,Fiorentina,6.97,146.4,21,0,4,2,1,1.32,1,714,120,834,85.61,334,387,178,16,24,68.57,30,17,4,0,0,7,16.67,12,2,5,91,65.0,25,55.56,116,62.7,1452,0.0,0,0,0,3,0,0,0,0,6,6,0,0,0,42,59.15,21,0,0,17,230,10,57,37,1268,38,14,2,0,11,0,5,0,0,,,,2,0,0,0,0,18,2,0,0,0,0,0,16,0.0,0.0,16,35,42,69,20,0,0,0,71,20,15,50.0,0.0,0,0,0,376,500,1,0.94,0.0,124.0,,21
877371,Ivan Ilić,ivan-ilic,2696,Torino,6.97,216.1,31,3,8,3,2,4.61,5,1061,172,1233,86.05,491,605,266,47,18,54.55,22,20,3,0,0,35,38.46,27,11,9,64,49.23,20,50.0,84,49.41,2107,11.11,0,0,0,1,6,0,2,1,7,20,1,2,0,30,42.25,30,0,0,15,297,8,76,38,1611,25,24,1,0,14,1,7,0,0,,,,6,0,0,0,0,21,2,0,0,0,0,0,25,0.0,0.0,47,33,91,86,20,0,0,0,71,23,8,36.36,702.33,0,0,0,531,793,1,2.14,0.0,112.0,,31
287057,Roberto Gagliardini,roberto-gagliardini,2729,Monza,6.97,230.0,33,1,2,6,2,2.01,3,1330,138,1468,90.6,662,669,275,20,8,53.33,61,31,5,0,0,1,12.5,36,9,18,90,59.21,46,54.76,136,57.63,2366,2.78,0,0,0,1,1,0,1,0,19,17,0,1,0,65,66.33,37,0,0,14,198,8,85,56,1820,21,26,3,0,19,1,9,0,0,,,,6,0,0,0,0,32,5,0,0,0,0,0,29,0.0,0.0,20,15,8,100,38,0,0,0,98,37,30,49.18,2366.0,0,0,0,708,768,1,2.93,0.0,140.0,,33
877201,Gabriel Strefezza,gabriel-strefezza,2689,Lecce,6.97,132.4,19,1,3,1,0,1.28,1,279,78,357,78.15,68,222,148,21,15,50.0,24,7,4,0,0,11,26.19,28,6,15,76,54.68,4,22.22,80,50.96,1118,3.57,1,1,0,0,1,0,1,0,9,19,0,0,1,18,50.0,8,0,0,24,179,8,43,22,640,37,20,0,0,6,3,7,1,0,,,,0,0,0,0,0,16,2,0,0,0,0,0,13,100.0,0.0,20,30,42,77,14,0,0,0,36,18,17,70.83,1118.0,0,0,0,79,320,0,2.49,0.0,51.0,,19
232224,Alfred Duncan,alfred-duncan,2693,Fiorentina,6.97,209.0,30,2,1,2,5,2.83,7,774,180,954,81.13,280,515,259,37,20,55.56,35,11,2,0,0,21,32.31,23,6,10,70,46.98,29,49.15,99,47.6,1900,8.7,0,0,0,0,0,0,1,1,7,16,1,1,0,75,58.14,13,0,0,19,283,16,87,47,1251,15,26,2,0,20,3,7,1,0,,,,1,0,0,0,0,20,5,0,0,0,0,0,24,0.0,0.0,36,36,65,109,30,0,0,0,129,25,22,62.86,950.0,0,0,0,322,697,1,1.49,0.0,117.0,,30
150383,Stanislav Lobotka,stanislav-lobotka,2714,SSC Napoli,6.97,264.7,38,0,2,1,1,1.64,1,2078,189,2267,91.66,1006,1073,417,23,15,57.69,61,30,4,0,0,1,33.33,14,4,7,116,56.86,12,34.29,128,53.56,3293,0.0,0,0,0,0,0,0,0,0,2,12,0,0,0,85,65.38,28,0,0,13,247,19,121,85,2595,41,33,0,0,36,0,3,0,0,,,,3,0,0,0,0,37,7,0,0,0,0,0,38,0.0,0.0,23,26,3,111,23,0,0,0,130,44,39,63.93,0.0,0,0,0,1075,1195,0,0.6,0.0,236.0,,38
812829,Giangiacomo Magnani,giangiacomo-magnani,2701,Hellas Verona,6.97,222.9,32,0,1,0,0,0.46,0,783,192,975,80.31,538,246,89,6,8,80.0,33,45,6,0,0,1,8.33,11,2,6,68,62.39,48,55.81,116,59.49,2453,0.0,0,0,1,0,0,0,0,0,9,2,0,0,0,99,50.77,115,0,0,3,230,3,122,64,1341,30,27,0,0,10,0,3,0,0,,,,6,0,0,0,0,31,3,0,0,0,0,0,27,0.0,0.0,6,10,12,79,38,0,0,0,195,34,18,54.55,0.0,0,0,0,600,387,1,0.55,0.0,147.0,,33
44906,Łukasz Skorupski,ukasz-skorupski,2685,Bologna,6.97,222.9,32,0,0,0,0,0.02,0,665,216,881,75.48,608,57,15,0,0,0.0,2,1,2,0,0,0,0.0,0,0,0,5,83.33,2,50.0,7,70.0,2880,0.0,0,0,0,0,0,0,0,0,0,0,0,0,0,149,41.85,18,1,2,0,222,0,116,62,1140,4,0,0,0,1,0,0,0,80,,,,13,6,1,45,33,24,5,7,6,6,11,3,32,0.0,0.0,0,0,0,3,2,0,0,0,356,29,2,100.0,0.0,0,1,20,678,203,0,0.0,188.0,197.0,,32
217784,Patric,patric,2699,Lazio,6.97,139.3,20,2,0,0,0,0.29,2,1035,132,1167,88.69,700,336,91,4,0,0.0,13,6,4,0,0,1,9.09,6,2,2,19,51.35,9,34.62,28,44.44,1610,33.33,0,0,0,0,0,0,2,0,4,2,0,1,1,99,56.9,42,0,0,0,152,1,80,36,1307,6,8,0,0,10,0,2,0,0,,,,8,0,0,0,0,11,1,0,0,0,0,0,19,0.0,0.0,4,0,11,35,17,0,0,0,174,12,8,61.54,805.0,0,0,0,733,445,2,1.36,1.0,71.0,,20
227864,Alessio Romagnoli,alessio-romagnoli,2699,Lazio,6.96,201.9,29,0,1,1,0,0.56,0,1601,149,1750,91.49,1111,491,97,6,0,0.0,25,29,9,0,0,1,100.0,11,5,2,41,51.9,79,57.66,120,55.56,2415,0.0,0,0,0,0,0,0,0,0,10,1,0,0,0,48,42.11,110,0,0,0,165,0,47,21,2025,19,34,1,0,8,1,4,0,0,,,,9,0,0,0,0,24,4,0,0,0,0,0,26,0.0,0.0,6,1,1,96,58,0,0,0,114,28,18,72.0,0.0,0,0,0,1165,586,0,0.55,69.0,120.0,,29
929199,Carlos Augusto,carlos-augusto,2697,Inter,6.96,257.4,37,0,6,1,3,2.15,3,837,120,957,87.46,508,339,153,19,12,66.67,29,16,1,0,0,10,25.0,22,6,9,47,53.41,59,67.05,106,60.23,1709,0.0,0,0,0,0,0,0,0,0,15,7,0,0,0,35,63.64,43,0,0,14,222,7,30,15,1335,6,17,1,0,7,1,7,0,0,,,,6,0,0,0,0,7,1,0,0,0,0,0,14,0.0,0.0,19,18,40,70,29,0,0,0,55,8,21,72.41,0.0,0,0,0,558,439,2,1.02,6.0,74.0,,37
826195,Matteo Gabbia,matteo-gabbia,2692,AC Milan,6.96,125.2,18,2,1,1,1,0.23,3,811,86,897,90.41,560,251,55,3,2,100.0,29,10,5,0,0,0,0.0,11,5,5,38,52.78,36,65.45,74,58.27,1279,18.18,0,0,0,0,0,0,2,0,9,2,2,0,0,47,55.95,47,0,0,2,94,0,19,9,1053,8,27,1,0,6,0,1,0,0,,,,2,0,0,0,0,14,5,0,0,0,0,0,14,0.0,0.0,3,2,0,53,19,0,0,0,84,19,20,68.97,639.5,0,0,0,597,300,0,1.58,16.0,62.0,,18
930189,Samuele Ricci,samuele-ricci,2696,Torino,6.95,222.4,32,1,4,0,2,2.43,3,1103,143,1246,88.52,511,603,270,26,9,33.33,33,27,6,0,1,11,20.37,30,5,13,86,55.13,19,41.3,105,51.98,2413,3.33,0,0,1,0,0,0,1,0,10,20,0,0,1,38,50.0,23,0,0,12,240,17,65,40,1595,46,37,0,0,8,3,12,0,0,,,,9,0,0,0,0,21,4,0,0,0,0,0,28,0.0,0.0,26,27,54,97,27,0,0,0,76,25,18,54.55,2413.0,1,0,0,545,755,0,1.29,0.0,125.0,,32
839156,Nikola Krstović,nikola-krstovic,2689,Lecce,6.95,243.1,35,7,4,12,1,1.65,8,346,167,513,67.45,114,234,131,41,29,52.73,17,4,4,1,1,2,50.0,92,22,46,95,49.48,68,44.16,163,47.11,2396,7.61,3,1,1,0,2,0,5,2,71,21,2,1,4,13,59.09,22,0,0,39,339,11,24,14,982,54,45,2,0,4,14,24,0,0,,,,1,0,0,0,0,30,5,0,0,0,0,0,30,33.33,0.0,41,55,4,183,86,0,1,1,22,35,6,35.29,342.29,0,0,0,147,370,1,11.62,0.0,69.0,,35
355486,Stefan Posch,stefan-posch,2685,Bologna,6.95,215.3,31,1,5,0,2,1.87,3,1476,314,1790,82.46,880,603,280,22,11,45.83,77,18,7,0,0,7,17.95,18,4,10,101,51.79,34,53.97,135,52.33,2418,5.56,0,0,0,0,0,0,1,0,9,9,1,0,0,83,35.47,65,0,0,12,425,5,166,70,2415,13,30,0,0,39,1,4,0,0,,,,9,0,0,0,0,20,4,0,0,0,0,0,29,0.0,0.0,22,24,39,123,29,0,0,0,234,24,46,59.74,2418.0,0,0,0,998,831,1,1.17,0.0,109.0,,31
220223,Andrea Belotti,andrea-belotti,2693,Fiorentina,6.94,201.4,29,6,5,8,2,1.46,8,244,101,345,70.72,88,158,82,13,8,47.06,16,4,1,0,0,2,25.0,48,17,11,70,50.72,54,45.0,124,48.06,1644,12.5,0,0,2,0,0,0,6,0,38,10,2,1,3,4,57.14,6,0,0,25,189,8,10,4,615,47,29,2,0,10,15,20,0,0,,,,1,0,0,0,0,25,2,0,0,0,0,0,17,0.0,0.0,13,17,8,134,66,0,0,0,7,27,7,43.75,274.0,0,0,0,100,253,2,6.09,0.0,31.0,,29
47743,Juan Cuadrado,juan-cuadrado,2697,Inter,6.94,69.4,10,0,3,0,2,1.22,2,141,13,154,91.56,68,77,37,9,1,33.33,4,1,1,0,0,4,22.22,5,0,2,11,55.0,0,0.0,11,55.0,258,0.0,0,0,0,0,0,0,0,0,4,1,0,0,0,12,80.0,1,0,0,2,39,1,11,8,226,6,4,0,0,2,1,3,0,0,,,,0,0,0,0,0,0,0,0,0,0,0,0,0,0.0,0.0,9,3,18,9,0,0,0,0,15,0,3,75.0,0.0,0,0,0,71,101,0,0.19,0.0,11.0,,10
848287,Evan Ndicka,evan-ndicka,2702,AS Roma,6.94,173.4,25,0,3,2,3,0.47,3,1428,139,1567,91.13,984,446,114,6,2,66.67,32,16,6,0,0,2,18.18,9,1,6,48,55.17,40,59.7,88,57.14,2170,0.0,0,0,0,0,0,0,0,0,8,1,0,0,0,47,39.5,72,0,0,4,162,3,89,38,1804,16,26,0,0,8,0,2,0,0,,,,5,0,0,0,0,26,1,0,0,0,0,0,25,0.0,0.0,6,3,11,66,27,0,0,0,119,27,18,56.25,0.0,0,0,0,1035,543,0,1.01,17.0,100.0,,25
305278,Diego Llorente,diego-llorente,2702,AS Roma,6.94,194.2,28,1,1,0,1,0.23,2,1493,140,1633,91.43,1094,399,93,4,3,50.0,31,22,5,0,0,0,0.0,9,4,1,55,57.89,45,46.88,100,52.36,2173,11.11,0,0,0,1,1,0,1,0,6,3,0,0,1,71,52.59,77,0,0,3,164,0,80,44,1902,23,25,0,0,13,0,4,0,0,,,,6,0,0,0,0,26,2,0,0,0,0,0,27,0.0,0.0,4,6,6,91,51,0,0,0,135,28,19,61.29,2173.0,0,0,0,1152,487,0,0.36,19.0,92.0,,29
126588,Filip Kostić,filip-kostic,2687,Juventus,6.93,201.1,29,0,10,1,4,4.14,4,579,139,718,80.64,268,356,148,40,6,28.57,37,9,2,0,0,45,26.79,21,3,7,60,48.0,12,41.38,72,46.75,1831,0.0,0,0,0,0,0,0,0,0,11,10,0,0,0,25,38.46,33,0,0,16,334,6,34,15,1265,18,19,0,0,16,7,11,0,0,,,,1,0,0,0,0,10,5,0,0,0,0,0,26,0.0,0.0,40,21,168,82,17,0,0,0,65,15,23,62.16,0.0,0,0,0,317,569,1,0.68,0.0,73.0,,29
996820,Kristjan Asllani,kristjan-asllani,2697,Inter,6.93,159.4,23,1,3,0,2,0.8,3,656,49,705,93.05,371,290,105,8,3,60.0,7,11,1,0,0,5,14.29,15,4,11,29,61.7,4,36.36,33,56.9,804,6.67,0,0,0,0,1,0,1,0,2,13,0,0,1,46,71.88,7,0,0,3,95,1,35,16,840,19,4,0,0,9,0,0,0,0,,,,3,0,0,0,0,2,1,0,0,0,0,0,6,0.0,0.0,8,5,35,25,7,0,0,0,64,3,2,28.57,804.0,0,0,0,385,355,1,0.58,0.0,57.0,,23
826198,Andrea Pinamonti,andrea-pinamonti,2793,Sassuolo,6.93,263.3,38,11,4,3,1,2.17,12,410,208,618,66.34,167,244,148,18,12,42.86,13,1,4,0,0,1,10.0,83,22,32,70,43.48,85,34.84,155,38.27,3104,13.25,3,2,1,0,0,0,10,1,63,20,4,1,6,10,37.04,39,0,0,37,338,17,18,12,1040,51,22,1,0,17,9,29,0,0,,,,1,0,0,0,0,56,7,0,0,0,0,0,37,66.67,0.0,18,28,10,250,159,0,0,1,27,63,8,61.54,282.18,0,0,0,208,420,2,8.93,0.0,69.0,,38
263651,Juan Musso,juan-musso,2686,Atalanta,6.93,76.2,11,0,0,0,0,0.01,0,209,90,299,69.9,182,27,3,0,0,0.0,1,0,0,0,0,0,0.0,0,0,0,1,50.0,2,100.0,3,75.0,990,0.0,0,0,0,1,0,0,0,0,0,0,0,0,0,49,35.51,7,0,0,0,95,0,35,13,419,0,1,0,0,0,0,0,0,23,,,,6,2,0,13,10,12,0,1,7,7,10,0,11,0.0,0.0,0,0,0,1,0,0,0,0,138,12,0,0.0,0.0,0,0,3,207,92,0,0.0,70.0,106.0,,11
1214992,Jan-Carlo Simić,jan-carlo-simic,2692,AC Milan,6.93,27.7,4,1,0,0,0,0.01,1,59,5,64,92.19,40,19,4,0,1,100.0,1,0,0,0,0,0,0.0,2,1,1,2,50.0,2,50.0,4,50.0,143,50.0,0,0,0,0,0,0,1,0,2,0,0,0,1,0,0.0,3,0,0,0,5,0,2,0,77,0,2,0,0,0,0,0,0,0,,,,0,0,0,0,0,0,1,0,0,0,0,0,0,0.0,0.0,0,1,0,4,2,0,0,0,5,1,1,100.0,143.0,0,0,0,41,23,1,0.62,0.0,4.0,,4
67769,Ricardo Rodríguez,ricardo-rodriguez,2696,Torino,6.92,242.3,35,1,2,0,2,1.76,3,1337,229,1566,85.38,759,601,226,20,8,72.73,45,24,4,0,0,23,40.35,11,2,6,62,55.86,41,58.57,103,56.91,2783,9.09,0,0,0,0,2,0,0,1,1,10,0,1,0,76,46.34,58,1,1,4,294,4,137,72,1921,9,25,0,0,17,1,3,0,0,,,,13,0,0,0,0,25,2,0,0,0,0,0,34,0.0,0.0,20,11,57,78,29,0,0,0,164,27,26,57.78,2783.0,0,0,0,836,787,1,0.3,14.0,112.0,,35
363792,Rick Karsdorp,rick-karsdorp,2702,AS Roma,6.92,124.6,18,0,3,0,2,1.61,2,439,96,535,82.06,223,222,101,10,3,50.0,25,9,2,0,0,6,21.43,8,1,5,37,63.79,5,71.43,42,64.62,1214,0.0,0,0,1,0,0,0,0,0,7,1,0,0,0,18,51.43,15,0,0,1,149,3,35,12,790,9,9,0,0,8,0,2,0,0,,,,1,0,0,0,0,9,2,0,0,0,0,0,14,0.0,0.0,10,6,28,23,2,0,0,0,35,11,18,72.0,0.0,0,0,0,261,302,0,0.45,0.0,50.0,,18
964154,Tomáš Suslov,tomas-suslov,2701,Hellas Verona,6.92,221.5,32,3,5,2,5,2.51,8,387,102,489,79.14,158,251,135,28,38,57.58,42,6,7,0,0,22,30.56,52,16,24,134,50.76,7,35.0,141,49.65,2100,5.77,1,1,0,0,4,0,2,1,14,38,0,3,0,41,58.57,5,0,0,34,281,17,45,24,967,56,40,1,0,32,1,12,0,0,,,,1,0,0,0,0,31,3,0,0,0,0,0,23,100.0,0.0,28,66,72,143,13,0,0,0,70,34,30,71.43,700.0,0,0,0,181,380,2,3.52,0.0,104.0,,32
45925,Stephan El Shaarawy,stephan-el-shaarawy,2702,AS Roma,6.92,221.5,32,3,5,1,4,1.82,7,505,98,603,83.75,197,313,137,20,22,44.9,21,13,2,0,0,5,29.41,40,11,20,71,51.82,9,37.5,80,49.69,1750,7.5,0,0,0,0,1,0,3,0,23,17,0,1,2,21,63.64,14,0,2,17,189,3,55,35,909,28,14,2,0,9,8,9,0,0,,,,1,0,0,0,0,23,3,0,0,0,0,0,19,0.0,0.0,20,49,17,81,15,0,0,0,33,26,13,61.9,583.33,0,0,0,225,395,0,2.54,0.0,83.0,,33
879746,Leo Østigård,leo-ostigard,2714,SSC Napoli,6.92,159.2,23,1,0,0,0,0.35,1,1168,158,1326,88.08,771,397,98,3,2,66.67,24,16,3,0,0,0,0.0,7,1,5,35,67.31,61,68.54,96,68.09,1635,14.29,0,0,0,0,0,0,1,0,6,1,1,0,0,60,46.15,64,0,0,2,174,0,70,32,1511,12,12,0,0,5,1,1,0,0,,,,5,0,0,0,0,19,3,0,0,0,0,0,18,0.0,0.0,3,3,2,45,28,0,0,0,130,22,12,50.0,1635.0,0,0,0,825,503,3,0.63,6.0,78.0,,25
917048,Andrea Cambiaso,cambiaso-andrea,2687,Juventus,6.92,235.3,34,2,3,3,3,3.81,5,920,130,1050,87.62,419,521,231,38,26,49.06,47,11,10,0,0,20,24.69,29,8,15,92,47.92,14,46.67,106,47.75,2387,6.9,0,0,1,0,0,0,2,0,16,13,0,0,2,39,84.78,22,0,1,21,291,12,42,32,1531,20,35,1,0,18,4,6,0,0,,,,1,0,0,0,0,19,3,0,0,0,0,0,28,0.0,0.0,38,53,81,116,16,0,0,0,46,22,30,63.83,1193.5,0,0,0,458,673,0,2.19,0.0,124.0,,34
39482,Milan Badelj,milan-badelj,2713,Genoa,6.92,228.3,33,1,1,2,3,1.39,4,1123,257,1380,81.38,557,571,260,18,17,56.67,51,50,6,0,0,5,35.71,21,5,11,81,46.82,13,50.0,94,47.24,2555,4.76,0,0,0,0,0,0,1,0,9,12,1,0,0,74,52.48,50,0,1,19,337,13,153,79,1771,14,24,1,0,37,0,5,0,0,,,,2,0,0,0,0,26,4,0,0,0,0,0,32,0.0,0.0,18,30,14,105,13,0,0,0,141,30,27,52.94,2555.0,0,0,0,609,785,0,1.46,0.0,177.0,,33
807295,Alessandro Vogliacco,alessandro-vogliacco,2713,Genoa,6.92,117.6,17,0,0,0,1,0.51,1,460,117,577,79.72,283,185,70,13,3,50.0,23,30,4,0,0,8,66.67,5,0,4,30,57.69,25,54.35,55,56.12,1180,0.0,0,0,1,0,0,0,0,0,4,1,0,0,0,35,36.46,38,0,1,3,145,1,63,25,775,4,13,0,0,3,1,1,0,0,,,,2,0,0,0,0,13,4,0,0,0,0,0,14,0.0,0.0,13,6,12,43,21,0,0,0,96,17,15,65.22,0.0,0,0,0,314,275,0,0.38,1.0,52.0,,20
208988,Pablo Marí,pablo-mari,2729,Monza,6.92,235.2,34,0,1,0,0,0.59,0,1570,150,1720,91.28,1157,414,107,4,5,71.43,41,37,7,0,0,1,25.0,8,2,3,55,50.93,41,67.21,96,56.8,2620,0.0,0,0,0,1,0,0,0,0,7,1,0,0,0,150,62.24,107,0,1,3,169,1,86,50,2036,9,37,1,0,12,0,3,0,0,,,,8,0,0,0,0,33,6,0,0,0,0,0,30,0.0,0.0,4,7,4,73,20,0,0,0,241,39,25,60.98,0.0,0,0,0,1209,515,2,0.39,23.0,98.0,,34
279563,Răzvan Marin,razvan-marin,2705,Empoli,6.92,200.6,29,0,4,0,3,2.95,3,639,161,800,79.88,325,343,140,33,15,51.72,40,6,3,0,0,29,29.59,35,9,18,73,50.69,12,50.0,85,50.6,1818,0.0,0,0,0,0,10,0,0,0,3,32,0,0,0,50,45.45,29,0,2,19,293,12,94,31,1164,18,28,3,0,10,1,8,0,0,,,,1,0,0,0,0,25,3,0,0,0,0,0,20,0.0,0.0,33,29,98,83,12,0,0,0,110,28,22,55.0,0.0,0,0,0,363,535,0,1.09,0.0,91.0,,30
759520,Denzel Dumfries,denzel-dumfries,2697,Inter,6.92,214.4,31,4,6,6,4,3.2,8,496,117,613,80.91,212,300,157,27,14,53.85,22,12,2,1,1,16,34.04,24,6,10,54,48.65,36,65.45,90,54.22,1644,16.67,0,0,0,0,0,0,4,0,23,1,1,2,1,13,43.33,24,1,0,9,238,6,18,9,1018,18,25,1,0,14,5,8,0,0,,,,2,0,0,0,0,11,2,0,0,0,0,0,19,0.0,0.0,27,26,47,76,19,0,0,0,30,13,13,59.09,411.0,0,0,0,248,412,2,2.27,0.0,58.0,,31
1092409,Victor Kristiansen,victor-kristiansen,2685,Bologna,6.92,221.3,32,0,5,0,3,1.31,3,1241,200,1441,86.12,696,553,257,23,11,57.89,52,12,4,0,0,8,22.86,6,2,2,70,55.12,24,53.33,94,54.65,2312,0.0,0,0,1,1,0,0,0,0,3,3,0,0,0,40,37.38,35,0,1,7,296,4,79,34,1934,7,29,0,0,15,1,2,0,0,,,,8,0,0,0,0,18,2,0,0,0,0,0,26,0.0,0.0,23,19,35,78,21,0,0,0,107,20,34,65.38,0.0,0,0,0,774,702,0,0.27,0.0,88.0,,32
352736,Sebastiano Luperto,sebastiano-luperto,2705,Empoli,6.91,262.7,38,1,2,0,1,0.87,2,1439,295,1734,82.99,1066,374,122,11,7,77.78,37,32,4,0,0,1,8.33,19,3,10,61,62.89,78,56.52,139,59.15,3407,5.26,0,0,0,0,0,0,1,0,15,4,1,0,0,83,34.87,151,1,0,1,345,3,127,43,2174,18,26,0,0,9,1,6,0,0,,,,9,0,0,0,0,46,7,0,0,0,0,0,38,0.0,0.0,11,9,12,96,60,0,0,0,238,53,26,70.27,3407.0,0,0,0,1163,583,2,1.69,18.0,142.0,,38
888219,Junior Messias,junior-messias,2713,Genoa,6.91,124.4,18,1,2,1,0,1.23,1,230,69,299,76.92,81,156,90,15,16,47.06,26,5,0,0,0,7,29.17,22,3,13,64,56.64,15,38.46,79,51.97,1070,4.55,0,0,0,0,1,0,1,0,12,10,0,1,0,12,48.0,20,0,0,13,151,7,25,13,540,22,7,1,0,11,5,6,0,0,,,,1,0,0,0,0,11,1,0,0,0,0,0,13,0.0,0.0,15,34,24,73,24,0,0,0,25,12,20,76.92,1070.0,0,0,0,93,230,1,1.64,0.0,54.0,,18
831677,Perr Schuurs,perr-schuurs,2696,Torino,6.91,62.2,9,1,0,1,0,0.41,1,355,45,400,88.75,259,97,25,0,2,100.0,20,9,2,0,0,1,50.0,7,1,4,23,54.76,15,62.5,38,57.58,771,14.29,0,0,0,1,0,0,1,0,3,4,0,0,1,16,57.14,21,0,0,5,62,0,22,8,508,1,8,0,0,6,0,2,0,0,,,,4,0,0,0,0,9,0,0,0,0,0,0,9,0.0,0.0,0,2,2,28,9,0,0,0,28,9,12,60.0,771.0,0,0,0,278,124,0,0.71,0.0,49.0,,9
847467,Marin Pongračić,marin-pongracic,2689,Lecce,6.91,248.8,36,0,0,2,0,0.55,0,1578,283,1861,84.79,1099,479,149,11,15,78.95,43,51,8,0,1,0,0.0,13,3,8,78,54.55,61,61.62,139,57.44,3220,0.0,0,0,0,0,0,0,0,0,11,2,0,0,0,173,55.99,128,0,1,3,312,2,164,76,2266,22,57,0,0,6,0,2,0,0,,,,7,0,0,0,0,43,5,0,0,0,0,0,36,0.0,0.0,11,19,1,103,38,0,0,0,309,48,30,69.77,0.0,1,0,0,1211,651,0,1.16,22.0,183.0,,36
928104,Nadir Zortea,zortea-nadir,2801,Frosinone,6.91,131.3,19,2,5,0,5,2.4,7,339,110,449,75.5,135,233,112,24,22,46.81,26,5,4,0,0,29,33.72,12,6,2,64,46.72,11,32.35,75,43.86,1403,16.67,0,0,0,0,0,0,0,2,5,7,0,1,1,19,42.22,26,1,0,17,253,9,31,10,897,16,19,0,0,15,0,4,0,0,,,,5,0,0,0,0,19,0,0,0,0,0,0,14,0.0,0.0,24,47,86,96,23,0,0,0,45,19,18,69.23,701.5,0,0,0,168,367,0,0.53,0.0,57.0,,19
944899,Valentin Gendrey,valentin-gendrey,2689,Lecce,6.91,255.6,37,2,2,1,3,1.78,5,768,232,1000,76.8,380,395,196,24,16,59.26,55,35,5,0,0,7,11.48,18,5,7,110,60.44,54,57.45,164,59.42,3050,11.11,0,0,0,1,0,0,2,0,16,2,2,0,0,41,35.34,85,0,0,20,421,5,92,40,1810,40,27,0,0,16,3,6,0,0,,,,4,0,0,0,0,37,5,0,0,0,0,0,35,0.0,0.0,24,27,61,112,40,0,0,0,116,42,33,60.0,1525.0,0,0,0,457,604,1,1.64,0.0,104.0,,37
139228,M'Baye Niang,mbaye-niang,2705,Empoli,6.91,96.7,14,6,1,3,1,0.2,7,88,48,136,64.71,28,62,35,9,5,35.71,3,3,1,0,0,2,50.0,24,9,9,32,45.71,24,38.71,56,42.42,706,25.0,4,4,0,0,0,0,6,0,21,3,0,0,6,7,53.85,10,0,0,12,106,2,11,7,292,24,15,0,0,6,9,6,0,0,,,,0,0,0,0,0,9,1,0,0,0,0,0,5,100.0,0.0,9,14,4,76,38,0,0,0,13,10,1,33.33,117.67,0,0,0,32,108,1,5.45,0.0,14.0,,14
575852,Sandi Lovrić,sandi-lovric,2695,Udinese,6.91,200.3,29,1,6,6,3,2.97,4,504,117,621,81.16,181,352,187,43,17,54.84,25,21,1,1,1,29,35.37,43,12,20,65,48.15,8,29.63,73,45.06,1989,2.33,0,0,0,0,2,0,1,0,18,25,0,1,0,27,52.94,21,0,0,20,240,14,36,19,1000,23,25,0,0,14,1,11,0,0,,,,4,0,0,0,0,27,7,0,0,0,0,0,21,0.0,0.0,43,31,82,89,19,0,0,0,51,34,12,48.0,1989.0,0,0,0,211,492,2,3.54,0.0,118.0,,29
911350,Lameck Banda,lameck-banda,2689,Lecce,6.9,145.0,21,2,5,6,4,1.17,6,235,50,285,82.46,91,156,91,24,42,45.65,27,3,5,1,1,12,23.53,50,23,11,99,44.39,9,36.0,108,43.55,1358,4.0,0,0,0,0,1,0,1,1,29,21,0,1,1,8,61.54,4,0,0,29,237,16,10,6,708,30,32,0,0,14,9,16,0,0,,,,0,0,0,0,0,21,3,0,0,0,0,0,17,0.0,0.0,24,92,51,140,16,0,0,0,13,24,23,85.19,679.0,0,0,0,101,235,1,3.67,0.0,82.0,,21
838907,Dany Mota,dany-mota,2729,Monza,6.9,234.6,34,4,5,6,3,3.06,7,590,149,739,79.84,233,388,210,35,16,36.36,13,2,3,0,0,31,34.83,38,12,17,56,39.16,41,45.56,97,41.63,2063,10.53,0,0,2,0,0,0,4,0,30,8,0,0,4,37,71.15,16,0,0,30,316,10,36,22,1101,28,22,1,0,9,6,9,1,0,,,,2,0,0,0,0,33,2,0,0,0,0,0,24,0.0,0.0,34,44,89,136,49,0,0,0,52,35,7,53.85,515.75,0,0,0,275,553,1,3.55,0.0,72.0,,34
119242,Luis Muriel,luis-muriel,2686,Atalanta,6.9,117.3,17,2,1,0,1,1.45,3,153,50,203,75.37,33,133,76,15,7,43.75,3,1,0,0,0,13,41.94,23,9,7,24,42.86,6,46.15,30,43.48,400,8.7,0,0,0,0,4,0,1,1,7,16,0,0,2,8,72.73,0,0,0,18,116,6,9,5,354,14,6,1,0,0,1,7,0,0,,,,0,0,0,0,0,6,1,0,0,0,0,0,2,0.0,0.0,15,16,31,39,7,0,0,0,11,7,2,66.67,200.0,0,0,0,41,193,0,1.53,0.0,18.0,,18
139273,Daniele Rugani,daniele-rugani,2687,Juventus,6.9,103.5,15,2,1,2,0,0.1,2,563,70,633,88.94,382,181,69,3,0,0.0,11,9,2,0,0,0,0.0,8,2,4,14,45.16,25,50.0,39,48.15,1194,25.0,0,0,0,0,0,0,2,0,8,0,0,0,1,28,50.0,40,0,0,2,78,0,35,17,744,3,15,1,0,1,0,2,0,0,,,,4,0,0,0,0,9,1,0,0,0,0,0,13,0.0,0.0,3,0,1,42,25,0,0,0,56,10,9,81.82,597.0,0,0,0,407,227,0,1.62,15.0,44.0,,17
1141167,Alessandro Dellavalle,dellavalle-alessandro,2696,Torino,6.9,6.9,1,0,0,0,0,0.0,0,5,1,6,83.33,3,2,1,0,0,0.0,0,1,0,0,0,0,0.0,0,0,0,1,100.0,1,100.0,2,100.0,14,0.0,0,0,0,0,0,0,0,0,0,0,0,0,0,2,66.67,0,0,0,0,1,0,1,1,9,1,0,0,0,0,0,0,0,0,,,,0,0,0,0,0,0,0,0,0,0,0,0,0,0.0,0.0,0,0,0,0,0,0,0,0,3,0,0,0.0,0.0,0,0,0,4,2,0,,0.0,1.0,,1
165583,Armando Izzo,armando-izzo,2729,Monza,6.9,158.7,23,0,1,1,0,1.31,0,1116,108,1224,91.18,813,303,98,7,0,0.0,27,27,9,0,0,0,0.0,5,3,0,51,54.84,21,48.84,72,52.94,1664,0.0,0,0,0,0,0,0,0,0,4,1,0,0,0,76,63.87,46,0,1,2,126,3,100,65,1429,26,32,0,0,11,1,2,0,0,,,,4,0,0,0,0,20,5,0,0,0,0,0,20,0.0,0.0,7,1,3,64,22,0,0,0,119,25,17,62.96,0.0,0,0,0,852,375,0,0.68,3.0,81.0,,23
987489,Beto,beto,2695,Udinese,6.9,6.9,1,0,0,0,0,0.02,0,10,1,11,90.91,2,8,5,6,2,66.67,1,0,0,0,0,0,0.0,0,0,0,3,75.0,0,0.0,3,50.0,74,0.0,0,0,0,0,0,0,0,0,0,0,0,0,0,0,0.0,0,0,0,0,5,0,0,0,19,0,0,0,0,0,3,0,0,0,,,,0,0,0,0,0,2,1,0,0,0,0,0,1,0.0,0.0,6,3,0,3,2,0,0,0,0,3,0,0.0,0.0,0,0,0,2,9,0,0.0,,,,1
124318,Diego Demme,diego-demme,2714,SSC Napoli,6.9,13.8,2,0,0,0,0,0.04,0,63,10,73,86.3,33,30,16,0,0,0.0,1,0,1,0,0,0,0.0,0,0,0,3,42.86,1,100.0,4,50.0,73,0.0,0,0,0,0,0,0,0,0,0,0,0,0,0,4,66.67,0,0,0,0,15,1,5,2,83,2,1,0,0,1,0,0,0,0,,,,0,0,0,0,0,0,0,0,0,0,0,0,1,0.0,0.0,0,2,3,4,0,0,0,0,6,0,1,100.0,0.0,0,0,0,36,40,0,0.0,0.0,8.0,,2
924973,Kristian Thorstvedt,kristian-thorstvedt,2793,Sassuolo,6.9,234.5,34,6,0,2,1,1.61,7,703,246,949,74.08,234,474,235,36,15,44.12,40,21,7,0,0,5,19.23,42,15,19,93,45.81,56,44.8,149,45.43,2413,14.29,0,0,0,0,0,0,6,0,29,13,0,6,0,44,53.01,34,0,0,38,382,14,70,33,1376,39,36,1,0,22,1,8,0,0,,,,1,0,0,0,0,45,8,0,0,0,0,0,30,0.0,0.0,36,34,26,179,69,0,0,0,83,53,22,55.0,402.17,0,0,0,285,690,1,4.36,0.0,112.0,,34
148824,Florian Thauvin,florian-thauvin,2695,Udinese,6.9,200.0,29,5,10,4,3,4.13,8,353,101,454,77.75,125,250,143,38,35,43.21,7,3,4,0,0,22,27.85,48,15,14,68,40.24,10,26.32,78,37.68,1724,10.42,1,1,0,0,4,0,5,0,30,18,1,3,1,28,63.64,1,0,0,36,308,10,50,30,869,26,14,2,0,9,6,19,0,0,,,,0,0,0,0,0,24,4,0,0,0,0,0,19,100.0,0.0,38,81,79,129,28,0,0,0,44,28,4,57.14,344.8,0,0,0,143,390,1,4.71,0.0,64.0,,29
186845,Alberto Grassi,alberto-grassi,2705,Empoli,6.9,186.2,27,0,1,0,1,1.28,1,692,156,848,81.6,368,325,150,6,5,55.56,30,41,4,0,1,1,20.0,23,5,12,66,58.41,30,49.18,96,55.17,1823,0.0,0,0,0,0,1,0,0,0,10,13,0,0,0,47,43.93,35,0,0,7,193,10,80,42,1134,33,22,0,1,16,0,6,0,0,,,,5,0,0,0,0,24,4,0,0,0,0,0,22,0.0,0.0,6,9,5,78,31,0,0,0,107,28,18,60.0,0.0,1,0,0,416,437,0,1.11,0.0,124.0,,27
99546,Mário Rui,mario-rui,2714,SSC Napoli,6.9,144.8,21,0,3,1,2,1.75,2,744,156,900,82.67,361,401,170,26,3,42.86,27,15,5,0,1,18,29.03,5,2,3,58,63.04,10,27.03,68,52.71,1209,0.0,0,0,0,1,0,0,0,0,1,4,0,0,0,69,51.11,15,0,0,9,231,2,122,59,1237,28,16,0,0,7,1,0,0,0,,,,1,0,0,0,0,15,4,0,0,0,0,0,14,0.0,0.0,26,7,62,61,27,0,0,0,135,19,15,55.56,0.0,1,0,0,404,558,1,0.15,0.0,57.0,,21
915812,Abdou Harroui,abdou-harroui,2801,Frosinone,6.89,117.2,17,3,2,4,3,1.4,6,295,66,361,81.72,95,204,116,16,19,47.5,23,5,2,0,0,4,33.33,33,12,14,58,53.21,12,57.14,70,53.85,1025,9.09,1,1,0,0,0,0,3,0,12,21,0,0,3,8,53.33,8,0,0,7,142,8,14,9,607,16,18,0,0,8,1,7,0,0,,,,0,0,0,0,0,27,2,0,0,0,0,0,13,100.0,0.0,16,40,12,60,9,0,0,0,15,29,11,47.83,341.67,0,0,0,114,259,0,3.11,0.0,53.0,,18
108484,Juan Jesus,juan-jesus,2714,SSC Napoli,6.89,165.4,24,1,1,0,0,0.76,1,1536,155,1691,90.83,1014,522,81,5,1,100.0,42,23,7,0,0,0,0.0,8,2,3,52,57.78,47,48.96,99,53.23,2117,12.5,0,0,0,1,0,0,1,0,8,0,1,0,0,87,58.78,61,1,0,2,170,1,56,33,1925,9,28,0,0,10,0,3,0,0,,,,3,0,0,0,0,26,3,0,0,0,0,0,23,0.0,0.0,5,1,0,87,49,0,0,0,148,29,19,45.24,2117.0,0,0,0,1086,605,1,1.32,10.0,112.0,,24
158615,Matías Vecino,matias-vecino,2699,Lazio,6.89,213.5,31,6,0,3,1,1.15,7,617,118,735,83.95,285,332,138,7,10,71.43,32,12,8,0,0,0,0.0,33,11,16,49,50.52,34,48.57,83,49.7,1151,18.18,0,0,0,0,0,0,6,0,25,8,0,0,6,25,46.3,19,0,0,1,154,6,43,24,931,7,32,0,0,11,2,6,0,0,,,,1,0,0,0,0,14,1,0,0,0,0,0,8,0.0,0.0,7,14,5,84,36,0,0,0,54,15,17,53.13,191.83,0,0,0,313,427,0,3.71,0.0,66.0,,31
329175,Pierluigi Gollini,pierluigi-gollini,2714,SSC Napoli,6.89,48.2,7,0,0,0,0,0.0,0,191,47,238,80.25,180,11,1,0,0,0.0,1,1,0,0,0,0,0.0,1,0,1,1,100.0,3,100.0,4,100.0,630,0.0,0,0,0,0,0,0,0,0,1,0,0,0,0,49,52.13,4,0,0,0,48,0,32,20,295,1,0,0,0,0,0,0,0,16,,,,1,0,0,8,8,6,2,2,3,3,5,0,7,0.0,0.0,0,0,0,0,0,0,0,0,94,8,1,100.0,0.0,0,0,3,194,44,0,0.02,53.0,52.0,,7
886243,Sebastian Walukiewicz,sebastian-walukiewicz,2705,Empoli,6.89,185.9,27,0,0,0,0,0.16,0,841,171,1012,83.1,619,222,64,3,8,80.0,39,15,6,0,0,0,0.0,4,2,1,54,58.06,39,44.32,93,51.38,2054,0.0,0,0,0,2,0,0,0,0,2,2,0,0,0,80,51.61,120,0,0,2,195,3,94,43,1306,7,23,0,0,13,2,1,0,0,,,,6,0,0,0,0,30,2,0,0,0,0,0,23,0.0,0.0,3,10,1,88,49,0,0,0,155,32,28,71.79,0.0,0,0,0,691,322,1,0.15,16.0,85.0,,27
852404,Mattéo Guendouzi,matteo-guendouzi,2699,Lazio,6.88,227.2,33,2,5,0,3,2.4,5,902,153,1055,85.5,427,484,227,23,7,35.0,34,21,3,1,1,9,21.43,26,7,11,74,48.68,13,33.33,87,45.55,2371,7.69,0,0,0,1,0,0,2,0,13,13,0,1,1,39,60.0,22,0,1,13,245,14,54,27,1391,34,26,1,0,28,0,8,0,0,,,,6,0,0,0,0,26,2,0,0,0,0,0,27,0.0,0.0,23,20,42,104,26,0,0,0,65,28,15,44.12,1185.5,0,0,0,466,631,1,1.64,0.0,120.0,,33
330705,Antonín Barák,antonin-barak,2693,Fiorentina,6.88,130.8,19,2,4,1,3,1.52,5,331,53,384,86.2,113,221,134,14,4,33.33,6,2,2,0,0,3,75.0,20,8,8,17,32.69,13,37.14,30,34.48,834,10.0,0,0,0,0,1,0,2,0,12,8,1,0,1,14,87.5,4,0,0,16,94,14,21,13,503,7,8,1,0,4,1,4,0,0,,,,0,0,0,0,0,9,1,0,0,0,0,0,8,0.0,0.0,14,12,4,57,22,0,0,0,16,10,2,33.33,417.0,0,0,0,117,271,1,1.55,0.0,35.0,,21
318607,Davide Calabria,davide-calabria,2692,AC Milan,6.88,199.6,29,1,1,1,3,1.63,4,1130,169,1299,86.99,609,535,231,13,6,30.0,70,24,3,1,2,14,38.89,21,8,8,95,55.56,12,30.77,107,50.95,2193,4.76,0,0,0,1,0,0,1,0,13,8,1,0,0,42,41.18,42,0,1,9,267,4,74,29,1840,19,25,0,0,28,0,5,1,0,,,,3,0,0,0,0,17,10,0,0,0,0,0,26,0.0,0.0,12,20,36,103,27,0,0,0,102,27,38,54.29,2193.0,1,0,0,671,664,0,1.31,0.0,90.0,,29
937324,Nicolò Rovella,nicolo-rovella,2699,Lazio,6.88,158.3,23,0,0,1,2,0.64,2,846,105,951,88.96,472,377,123,10,10,58.82,46,23,6,0,0,3,15.0,5,1,2,72,48.65,11,55.0,83,49.4,1333,0.0,0,0,0,0,1,0,0,0,1,4,0,0,0,45,62.5,24,0,0,11,161,3,48,26,1203,16,38,0,0,20,0,2,0,0,,,,2,0,0,0,0,12,1,0,0,0,0,0,16,0.0,0.0,10,17,20,85,9,0,0,0,72,13,28,60.87,0.0,0,0,0,510,461,0,0.59,0.0,99.0,,23
965264,Emil Holm,emil-holm,2686,Atalanta,6.88,137.6,20,1,3,3,1,0.95,2,227,102,329,69.0,103,131,71,5,18,60.0,28,7,5,0,0,7,20.0,26,8,13,67,51.54,28,53.85,95,52.2,948,3.85,0,0,2,0,0,0,1,0,24,2,0,1,0,9,28.13,22,0,0,18,220,4,11,4,696,21,14,1,0,20,1,5,1,0,,,,1,0,0,0,0,10,2,0,0,0,0,0,12,0.0,0.0,4,30,35,87,24,0,0,0,32,12,19,67.86,948.0,0,0,0,137,227,1,2.74,0.0,57.0,,22
798002,Toma Bašić,toma-basic,2710,Salernitana,6.88,103.2,15,0,0,0,0,0.71,0,428,78,506,84.58,199,236,97,16,10,66.67,20,14,5,0,0,7,28.0,12,1,7,46,54.12,8,40.0,54,51.43,1171,0.0,0,0,0,0,1,0,0,0,2,10,0,0,0,33,56.9,23,0,0,3,129,1,34,19,707,16,14,0,0,17,0,4,0,0,,,,1,0,0,0,0,18,5,0,0,0,0,0,14,0.0,0.0,16,15,25,51,12,0,0,0,58,23,13,65.0,0.0,0,0,0,224,307,0,0.59,0.0,60.0,,15
914501,Mateo Retegui,mateo-retegui,2713,Genoa,6.88,199.4,29,7,1,4,2,0.57,9,264,122,386,68.39,110,155,77,11,14,43.75,17,0,5,0,0,1,5.0,63,23,28,56,35.0,60,49.59,116,41.28,2225,11.11,1,1,0,0,0,0,7,0,54,9,2,2,3,2,40.0,30,0,0,40,288,12,6,2,759,25,36,1,0,14,4,12,0,0,,,,2,0,0,0,0,26,3,0,0,0,0,0,26,100.0,0.0,11,32,20,165,61,0,0,0,5,29,9,52.94,317.86,0,0,0,142,264,1,5.84,0.0,58.0,,29
21535,Simon Kjær,simon-kjaer,2692,AC Milan,6.87,130.6,19,0,2,1,1,0.55,1,734,96,830,88.43,528,206,47,4,0,0.0,24,14,1,0,0,0,0.0,6,0,3,26,60.47,23,56.1,49,58.33,1183,0.0,0,0,1,0,0,0,0,0,6,0,0,0,0,42,46.15,44,0,2,1,103,0,70,34,970,2,9,0,0,8,0,3,0,0,,,,2,0,0,0,0,16,1,0,0,0,0,0,14,0.0,0.0,4,0,1,35,18,0,0,0,91,17,15,62.5,0.0,0,0,0,562,269,0,0.49,4.0,59.0,,20
802142,Jonathan Ikoné,jonathan-ikone,2693,Fiorentina,6.87,192.4,28,3,4,7,1,1.96,4,379,78,457,82.93,98,283,179,15,21,51.22,22,3,5,0,0,2,18.18,39,16,16,58,47.54,15,39.47,73,45.63,1685,7.69,0,0,1,0,0,0,3,0,27,12,1,2,0,11,57.89,7,0,0,22,162,12,11,4,700,15,16,1,0,7,5,7,0,0,,,,2,0,0,0,0,17,1,0,0,0,0,0,18,0.0,0.0,15,41,11,87,23,0,0,0,19,18,11,50.0,561.67,0,0,0,104,364,1,4.62,0.0,60.0,,28
965011,Matteo Ruggeri,matteo-ruggeri,2686,Atalanta,6.87,233.6,34,0,4,1,4,2.1,4,1037,223,1260,82.3,504,564,295,24,21,56.76,29,23,3,0,0,31,30.69,12,4,5,59,49.17,49,57.65,108,52.68,2473,0.0,0,0,0,1,0,0,0,0,10,2,0,0,0,38,39.18,32,0,0,10,367,11,71,34,1851,9,21,0,0,14,2,3,0,0,,,,1,0,0,0,0,27,4,0,0,0,0,0,28,0.0,0.0,24,37,101,97,36,0,0,0,97,31,15,51.72,0.0,0,0,0,591,770,0,0.53,0.0,171.0,,34
836168,Nikola Milenković,nikola-milenkovic,2693,Fiorentina,6.87,226.7,33,0,1,1,0,0.93,0,1338,239,1577,84.84,968,370,98,8,2,66.67,41,27,4,0,0,0,0.0,10,3,3,65,59.09,112,79.43,177,70.52,2526,0.0,0,0,0,1,0,0,0,0,6,4,0,0,0,105,52.24,89,0,1,2,252,0,78,39,1848,23,30,0,0,14,0,4,0,0,,,,5,0,0,0,0,31,4,0,0,0,0,0,27,0.0,0.0,8,3,0,74,29,0,0,0,201,35,21,51.22,0.0,0,0,0,1055,522,2,0.4,1.0,108.0,,34
988037,Juan Cabal,juan-cabal,2701,Hellas Verona,6.87,151.1,22,0,0,0,0,0.63,0,428,174,602,71.1,199,235,108,12,12,57.14,36,26,6,0,0,6,18.18,12,3,6,64,52.89,58,73.42,122,61.0,1516,0.0,0,0,0,0,0,0,0,0,8,4,0,0,0,37,39.78,46,2,0,11,277,3,48,20,1057,16,27,0,0,11,1,3,0,0,,,,3,0,0,0,0,19,2,0,0,0,0,0,17,0.0,0.0,12,21,33,78,21,0,0,0,93,21,27,75.0,0.0,0,0,0,262,373,0,0.52,0.0,68.0,,22
79645,Mattia Perin,mattia-perin,2687,Juventus,6.87,20.6,3,0,0,0,0,0.0,0,45,12,57,78.95,44,1,0,0,0,0.0,0,0,0,0,0,0,0.0,0,0,0,0,0.0,0,0.0,0,0.0,225,0.0,0,0,0,0,0,0,0,0,0,0,0,0,0,7,38.89,1,0,0,0,12,0,17,8,74,0,0,0,0,0,0,0,0,4,,,,1,0,0,3,1,1,0,0,1,1,2,0,3,0.0,0.0,0,0,0,0,0,0,0,0,18,1,0,0.0,0.0,0,0,0,48,9,0,0.0,12.0,12.0,,3
962029,Lucas Beltrán,lucas-beltran,2693,Fiorentina,6.87,219.7,32,6,3,1,2,1.89,8,355,91,446,79.6,106,250,163,25,12,40.0,27,2,6,0,0,1,14.29,31,9,7,67,46.53,22,27.5,89,39.73,1694,19.35,1,1,1,0,0,0,6,0,26,5,1,0,5,13,81.25,11,0,0,31,205,19,23,13,740,28,24,2,0,9,4,15,0,0,,,,1,0,0,0,0,15,6,0,0,0,0,0,21,100.0,0.0,25,30,7,135,58,0,0,0,16,21,14,51.85,282.33,0,0,0,117,336,0,3.79,0.0,50.0,,32
17737,Rui Patrício,rui-patricio,2702,AS Roma,6.87,157.9,23,0,0,0,0,0.02,0,407,136,543,74.95,341,66,7,0,0,0.0,0,0,1,0,0,0,0.0,0,0,0,1,33.33,2,100.0,3,60.0,2070,0.0,0,0,0,1,0,0,0,0,0,0,0,0,0,116,46.59,3,1,0,0,137,0,59,32,703,1,1,0,0,1,0,0,0,49,,,,6,3,0,28,21,26,1,0,4,3,15,0,23,0.0,0.0,0,0,0,2,0,0,0,0,249,27,0,0.0,0.0,0,0,11,394,149,1,0.0,137.0,135.0,,23
978562,Reinier,reinier,2801,Frosinone,6.86,144.1,21,2,4,0,2,0.67,4,312,72,384,81.25,119,196,117,16,9,52.94,21,10,3,0,0,3,23.08,14,6,4,39,44.32,9,33.33,48,41.74,1090,14.29,0,0,0,0,0,0,2,0,11,3,0,0,2,8,57.14,5,0,0,15,131,13,17,4,566,9,17,0,0,12,1,4,0,0,,,,0,0,0,0,0,14,4,0,0,0,0,0,13,0.0,0.0,16,17,13,67,18,0,0,0,14,18,10,47.62,545.0,0,0,0,128,269,2,1.27,0.0,54.0,,22
1050692,Diego Coppola,diego-coppola,2701,Hellas Verona,6.86,144.1,21,2,0,3,0,0.1,2,555,161,716,77.51,418,137,35,4,0,0.0,36,27,9,0,0,0,0.0,13,3,9,40,44.94,82,63.57,122,55.96,1642,15.38,0,0,0,0,0,0,2,0,13,0,1,0,0,55,44.35,88,0,1,3,175,1,64,28,973,4,32,0,0,13,0,1,0,0,,,,4,0,0,0,0,25,0,0,0,0,0,0,18,0.0,0.0,4,1,0,96,47,0,0,0,124,25,22,61.11,821.0,0,0,0,484,232,1,1.22,1.0,70.0,,24
15497,Guillermo Ochoa,guillermo-ochoa,2710,Salernitana,6.86,144.1,21,0,0,0,0,0.07,0,320,257,577,55.46,260,60,19,0,0,0.0,0,0,0,0,0,0,0.0,0,0,0,0,0.0,2,100.0,2,66.67,1890,0.0,0,0,0,0,0,0,0,0,0,0,0,0,0,106,29.36,11,1,0,0,260,0,103,27,753,0,0,0,0,1,0,0,0,75,,,,1,7,0,49,23,42,2,2,5,4,8,0,21,0.0,0.0,0,0,0,1,0,0,0,0,361,44,0,0.0,0.0,0,0,14,323,254,0,0.0,171.0,139.0,,21
970928,Daniel Maldini,daniel-maldini,2729,Monza,6.86,123.5,18,4,2,0,1,0.83,5,145,32,177,81.92,54,95,58,12,16,48.48,7,4,1,0,0,4,28.57,21,7,8,33,45.83,8,42.11,41,45.05,588,19.05,0,0,0,0,3,1,2,2,10,11,0,0,4,7,70.0,2,0,0,10,100,3,11,8,334,10,11,1,0,3,2,6,0,0,,,,0,0,0,0,0,9,4,0,0,0,0,0,5,0.0,33.33,12,33,14,50,11,0,0,0,10,13,4,57.14,147.0,0,0,0,59,132,0,1.58,0.0,17.0,,18
1149011,Kenan Yıldız,yildiz-kenan,2687,Juventus,6.86,171.5,25,2,2,2,0,1.58,2,277,52,329,84.19,76,206,113,18,23,65.71,13,1,3,0,0,5,29.41,19,7,6,57,56.44,17,42.5,74,52.48,967,10.53,0,0,0,0,0,0,1,1,14,5,0,0,2,6,46.15,3,0,0,18,132,5,15,8,523,22,12,0,0,4,1,6,0,0,,,,0,0,0,0,0,6,1,0,0,0,0,0,9,0.0,0.0,18,35,17,67,23,0,0,0,13,7,9,69.23,483.5,0,0,0,89,257,0,1.62,0.0,40.0,,27
250547,Mattia Bani,mattia-bani,2713,Genoa,6.86,185.2,27,2,0,1,0,0.11,2,956,184,1140,83.86,771,185,45,2,1,33.33,26,22,9,0,0,0,0.0,9,5,4,53,60.23,51,54.26,104,57.14,2309,22.22,0,0,0,0,0,0,2,0,9,0,2,0,0,61,38.13,111,1,0,2,204,1,101,36,1459,28,21,0,0,11,2,0,0,0,,,,4,0,0,0,0,27,5,0,0,0,0,0,27,0.0,0.0,2,3,1,78,43,0,0,0,160,32,10,38.46,1154.5,0,0,0,845,296,2,1.26,37.0,98.0,,27
111487,Simone Romagnoli,simone-romagnoli,2801,Frosinone,6.86,226.3,33,1,1,1,1,0.21,2,1221,199,1420,85.99,994,227,38,3,0,0.0,35,29,6,0,0,0,0.0,12,1,9,41,61.19,98,54.75,139,56.5,2716,8.33,0,0,0,0,0,0,1,0,12,0,1,0,0,45,34.62,143,0,0,0,205,3,76,44,1754,7,24,0,0,5,0,2,0,0,,,,6,0,0,0,0,43,4,0,0,0,0,0,30,0.0,0.0,3,0,1,107,81,0,0,0,130,47,15,42.86,2716.0,0,0,0,1086,335,3,1.22,89.0,99.0,,33
902019,Gianluca Gaetano,gianluca-gaetano,2719,Cagliari,6.86,137.1,20,5,3,1,1,0.99,6,235,60,295,79.66,65,176,114,21,11,37.93,11,4,2,1,1,6,33.33,23,10,7,35,38.89,5,15.63,40,32.79,922,21.74,1,1,1,0,0,0,3,2,10,13,1,0,4,8,50.0,8,0,0,18,133,12,29,12,482,13,13,0,0,7,3,6,0,0,,,,0,0,0,0,0,10,2,0,0,0,0,0,11,100.0,0.0,21,29,18,82,27,0,0,0,16,12,5,45.45,184.4,0,0,0,71,242,1,1.9,0.0,56.0,,20
840414,Ardian Ismajli,ardian-ismajli,2705,Empoli,6.85,178.2,26,0,0,0,0,0.32,0,836,151,987,84.7,629,208,54,4,0,0.0,26,23,2,0,0,1,25.0,5,0,4,41,62.12,53,56.38,94,58.75,2056,0.0,0,0,0,1,0,0,0,0,5,0,0,0,0,57,44.88,119,0,1,1,193,1,66,26,1309,16,18,0,0,5,0,1,0,0,,,,4,0,0,0,0,26,4,0,0,0,0,0,23,0.0,0.0,4,3,4,66,41,0,0,0,127,30,16,61.54,0.0,0,0,0,687,304,0,0.31,14.0,72.0,,26
877013,Valentín Castellanos,valentin-castellanos,2699,Lazio,6.85,233.0,34,4,3,7,3,1.1,7,271,164,435,62.3,92,180,108,19,11,30.56,22,2,2,0,0,1,6.67,54,20,20,60,40.54,75,52.08,135,46.23,1682,7.41,0,0,0,0,1,0,4,0,45,9,2,0,2,9,50.0,18,0,0,22,285,11,23,11,748,31,34,0,0,14,20,14,0,0,,,,1,0,0,0,0,15,0,0,0,0,0,0,16,0.0,0.0,19,36,15,157,69,0,0,0,18,15,10,45.45,420.5,0,0,0,116,334,3,7.35,0.0,51.0,,35
1154617,Zanos Savva,zanos-savva,2696,Torino,6.85,13.7,2,1,0,0,0,0.0,1,5,5,10,50.0,3,2,2,0,0,0.0,1,0,0,0,0,0,0.0,1,1,0,2,33.33,0,0.0,2,28.57,30,100.0,0,0,0,0,0,0,1,0,1,0,0,1,0,0,0.0,0,0,0,1,7,0,0,0,17,1,1,0,0,2,0,0,0,0,,,,0,0,0,0,0,0,0,0,0,0,0,0,0,0.0,0.0,0,0,0,5,1,0,0,0,4,0,1,100.0,30.0,0,0,0,5,5,0,0.16,0.0,1.0,,2
107936,Danilo D'Ambrosio,danilo-dambrosio,2729,Monza,6.85,164.4,24,0,0,0,0,0.44,0,955,105,1060,90.09,634,322,114,4,7,58.33,57,14,3,0,1,1,14.29,14,4,6,76,65.52,28,58.33,104,63.41,1534,0.0,0,0,0,1,0,0,0,0,12,2,0,0,0,39,41.49,31,0,0,5,138,1,60,28,1306,13,18,0,0,13,1,4,0,0,,,,3,0,0,0,0,18,2,0,0,0,0,0,16,0.0,0.0,4,12,7,60,20,0,0,0,94,20,34,59.65,0.0,1,0,0,681,386,0,0.67,4.0,77.0,13.0,24
76178,Dario D'Ambrosio,dario-dambrosio,2729,Monza,6.85,164.4,24,0,0,0,0,0.44,0,955,105,1060,90.09,634,322,114,4,7,58.33,57,14,3,0,1,1,14.29,14,4,6,76,65.52,28,58.33,104,63.41,1534,0.0,0,0,0,1,0,0,0,0,12,2,0,0,0,39,41.49,31,0,0,5,138,1,60,28,1306,13,18,0,0,13,1,4,0,0,,,,3,0,0,0,0,18,2,0,0,0,0,0,16,0.0,0.0,4,12,7,60,20,0,0,0,94,20,34,59.65,0.0,1,0,0,681,386,0,0.67,4.0,77.0,,24
155449,Rade Krunić,rade-krunic,2692,AC Milan,6.85,68.5,10,0,1,0,0,0.29,0,384,40,424,90.57,246,139,48,5,2,100.0,10,11,3,0,0,1,25.0,2,0,2,23,56.1,11,64.71,34,58.62,694,0.0,0,0,0,0,0,0,0,0,2,0,0,0,0,5,45.45,14,0,0,3,54,3,10,3,517,11,10,0,0,5,0,0,0,0,,,,1,0,0,0,0,9,3,0,0,0,0,0,8,0.0,0.0,5,2,4,24,6,0,0,0,11,12,8,80.0,0.0,0,0,0,255,173,0,0.14,0.0,41.0,,10
79680,José Luis Palomino,jose-luis-palomino,2686,Atalanta,6.85,13.7,2,0,0,0,0,0.0,0,25,7,32,78.13,19,6,2,0,0,0.0,2,1,0,0,0,0,0.0,0,0,0,2,100.0,3,100.0,5,100.0,23,0.0,0,0,0,0,0,0,0,0,0,0,0,0,0,3,42.86,4,0,0,0,7,0,2,2,43,0,0,0,0,0,0,0,0,0,,,,0,0,0,0,0,0,0,0,0,0,0,0,0,0.0,0.0,0,0,0,0,0,0,0,0,7,0,1,50.0,0.0,0,0,0,22,10,0,0.0,0.0,3.0,,4
139235,Adrien Tameze,adrien-tameze,2696,Torino,6.85,198.6,29,0,3,0,2,1.2,2,1092,151,1243,87.85,659,436,182,19,12,70.59,35,47,6,1,1,3,20.0,9,0,7,61,51.26,31,44.29,92,48.68,2154,0.0,0,0,0,1,0,0,0,0,8,1,0,0,0,44,53.01,24,1,1,17,212,9,60,28,1552,15,19,0,0,19,0,2,0,0,,,,5,0,0,0,0,19,3,0,0,0,0,0,25,0.0,0.0,19,17,15,97,39,0,0,0,83,22,16,45.71,0.0,0,0,0,712,546,1,0.71,1.0,140.0,,29
1067204,Giovanni Fabbian,giovanni-fabbian,2685,Bologna,6.85,164.3,24,5,4,4,2,0.84,7,223,58,281,79.36,117,107,54,16,12,52.17,17,7,4,0,0,1,25.0,28,10,12,46,50.55,18,45.0,64,48.85,1068,17.86,0,0,0,0,0,0,5,0,21,7,1,1,3,4,33.33,10,0,0,13,112,1,9,4,469,18,16,1,0,5,2,6,0,0,,,,1,0,0,0,0,9,3,0,0,0,0,0,11,0.0,0.0,16,23,4,67,22,0,0,0,12,12,10,58.82,213.6,0,0,0,131,154,1,4.16,0.0,30.0,,27
148899,Leonardo Spinazzola,leonardo-spinazzola,2702,AS Roma,6.85,164.3,24,1,5,0,2,3.07,3,542,113,655,82.75,291,276,131,27,20,51.28,15,3,0,0,0,25,29.76,8,3,1,41,50.0,6,50.0,47,50.0,1312,12.5,0,0,0,0,0,0,0,1,1,7,0,0,1,32,52.46,12,0,0,4,229,4,65,32,983,6,8,0,0,10,1,4,0,0,,,,1,0,0,0,0,17,1,0,0,0,0,0,15,0.0,0.0,27,39,84,47,6,0,0,0,61,18,7,46.67,1312.0,0,0,0,318,421,0,0.24,0.0,74.0,,24
58351,Christian Kabasele,christian-kabasele,2695,Udinese,6.85,75.3,11,1,2,1,1,0.04,2,248,46,294,84.35,168,80,28,2,0,0.0,10,12,5,0,0,0,0.0,7,2,4,19,46.34,26,68.42,45,56.96,861,14.29,0,0,0,2,0,0,1,0,7,0,0,1,0,11,47.83,54,0,0,0,65,0,13,4,440,9,15,0,0,9,0,1,0,0,,,,2,0,0,0,0,16,2,0,0,0,0,0,10,0.0,0.0,2,1,2,34,12,0,0,0,23,18,7,70.0,861.0,0,0,0,183,113,0,1.18,16.0,22.0,,13
21927,Marko Arnautović,marko-arnautovic,2697,Inter,6.84,171.1,25,5,3,3,3,2.12,8,202,60,262,77.1,61,142,84,16,1,16.67,10,5,0,0,0,1,14.29,17,9,4,26,47.27,4,36.36,30,45.45,779,29.41,0,0,0,0,0,0,5,0,16,1,0,0,5,3,50.0,5,0,0,10,105,1,12,9,387,15,11,0,0,3,8,4,0,0,,,,2,0,0,0,0,5,0,0,0,0,0,0,5,0.0,0.0,16,6,7,36,7,0,0,0,6,5,4,40.0,155.8,0,0,0,81,188,2,5.01,0.0,17.0,,27
798147,Mërgim Vojvoda,mergim-vojvoda,2696,Torino,6.84,191.6,28,0,3,0,3,1.47,3,659,135,794,83.0,338,331,174,18,7,63.64,17,13,3,0,0,10,15.63,9,4,4,28,50.91,5,33.33,33,47.14,1417,0.0,0,0,0,0,0,0,0,0,3,6,0,0,0,47,55.95,21,0,0,8,223,10,52,27,1091,4,12,0,0,5,4,1,0,0,,,,5,0,0,0,0,12,2,0,0,0,0,0,15,0.0,0.0,18,11,64,37,10,0,0,0,84,14,8,47.06,0.0,0,0,0,372,486,1,0.36,0.0,65.0,,28
1153083,Valentín Carboni,valentin-carboni,2729,Monza,6.84,212.1,31,2,3,2,3,1.39,5,432,75,507,85.21,152,282,164,23,24,57.14,25,7,2,0,0,2,14.29,23,7,10,69,50.0,4,23.53,73,47.1,1186,8.7,0,0,0,0,0,0,1,1,14,9,0,2,0,19,90.48,4,0,0,15,154,8,15,10,737,20,21,0,0,18,3,6,0,0,,,,0,0,0,0,0,19,1,0,0,0,0,0,10,0.0,0.0,23,42,14,82,13,0,0,0,21,20,15,60.0,593.0,0,0,0,176,345,1,2.32,0.0,60.0,,31
592794,Alex Meret,alex-meret,2714,SSC Napoli,6.84,212.1,31,0,1,0,0,0.01,0,651,140,791,82.3,626,25,3,1,1,100.0,1,0,0,0,0,0,0.0,0,0,0,4,80.0,5,83.33,9,81.82,2774,0.0,0,0,0,0,0,0,0,0,0,0,0,0,0,114,45.6,23,1,0,0,145,0,98,53,1019,3,0,0,0,1,0,0,0,64,,,,5,4,2,43,21,35,5,13,7,7,8,0,31,0.0,0.0,1,1,0,2,1,0,0,0,250,40,0,0.0,0.0,0,0,19,680,111,0,0.0,137.0,195.0,,31
14718,Lorenzo De Silvestri,lorenzo-de-silvestri,2685,Bologna,6.84,102.6,15,2,0,0,0,0.07,2,327,45,372,87.9,211,117,45,0,0,0.0,10,6,0,0,0,1,11.11,4,2,1,13,65.0,12,70.59,25,67.57,694,50.0,0,0,0,0,0,0,1,1,2,2,1,0,1,10,43.48,21,0,0,1,64,1,24,6,514,6,3,0,0,3,0,1,0,0,,,,0,0,0,0,0,5,2,0,0,0,0,0,7,0.0,0.0,0,0,9,12,5,0,0,0,23,7,8,80.0,347.0,0,0,0,230,151,0,0.21,0.0,21.0,,15
1063373,Thomas Kristensen,thomas-kristensen,2695,Udinese,6.84,177.8,26,0,0,1,1,0.19,1,605,156,761,79.5,405,200,57,4,10,100.0,35,29,2,0,1,0,0.0,10,3,5,50,54.35,60,59.41,110,56.99,2097,0.0,0,0,0,0,0,0,0,0,9,1,0,0,0,51,47.22,112,0,0,5,226,1,70,31,1163,7,26,0,0,12,1,2,0,0,,,,6,0,0,0,0,28,6,0,0,0,0,0,23,0.0,0.0,4,10,1,83,41,0,0,0,108,34,24,68.57,0.0,1,0,0,463,299,1,1.1,5.0,74.0,,26
360396,Yerry Mina,yerry-mina,2719,Cagliari,6.84,109.4,16,2,0,0,0,0.17,2,461,114,575,80.17,346,116,33,0,2,66.67,21,4,5,0,0,1,50.0,4,2,1,41,62.12,38,71.7,79,66.39,1264,50.0,1,1,0,1,0,0,2,0,4,0,0,0,2,47,45.19,77,0,0,0,127,1,41,14,756,20,20,0,0,7,0,1,0,0,,,,2,0,0,0,0,24,2,0,0,0,0,0,14,100.0,0.0,0,3,2,40,15,0,0,0,104,26,14,66.67,632.0,0,0,0,385,192,2,1.34,0.0,63.0,,18
233826,Valentino Lazaro,valentino-lazaro,2696,Torino,6.84,239.3,35,0,3,3,4,2.9,4,677,149,826,81.96,295,414,217,34,20,62.5,18,8,3,0,0,32,25.2,17,4,9,48,57.14,14,41.18,62,52.54,2012,0.0,0,0,0,0,3,0,0,0,13,4,0,0,0,32,47.06,21,0,0,8,332,17,62,29,1318,10,12,0,0,6,1,4,0,0,,,,6,0,0,0,0,19,3,0,0,0,0,0,21,0.0,0.0,34,32,127,56,20,0,0,0,68,22,11,61.11,0.0,0,0,0,342,611,0,1.76,0.0,103.0,,35
1000150,Zito Luvumbo,zito-luvumbo,2719,Cagliari,6.84,205.1,30,4,5,4,5,2.7,9,212,79,291,72.85,65,172,101,26,30,42.86,9,1,5,0,0,25,30.49,51,16,16,105,45.45,5,15.63,110,41.83,1947,7.84,0,0,1,0,0,0,4,0,39,12,0,3,1,5,31.25,1,0,0,47,300,14,25,11,770,67,31,1,0,11,14,19,0,0,,,,1,0,0,0,0,31,3,0,0,0,0,0,19,0.0,0.0,26,70,82,153,27,0,0,0,16,34,6,66.67,486.75,0,0,0,80,293,0,4.01,0.0,71.0,,30
838232,Eljif Elmas,eljif-elmas,2714,SSC Napoli,6.84,75.2,11,2,0,0,0,0.29,2,163,18,181,90.06,39,125,74,6,6,46.15,4,2,2,0,0,1,16.67,6,6,0,16,43.24,1,14.29,17,38.64,342,33.33,0,0,0,0,0,0,2,0,4,2,0,0,2,4,66.67,7,0,0,7,48,7,8,5,260,6,7,0,0,0,1,0,0,0,,,,0,0,0,0,0,4,1,0,0,0,0,0,4,0.0,0.0,6,13,6,27,6,0,0,0,6,5,3,75.0,171.0,0,0,0,46,141,0,0.48,0.0,19.0,,11
309156,Caleb Ekuban,caleb-ekuban,2713,Genoa,6.83,177.7,26,4,4,4,1,0.7,5,138,69,207,66.67,41,97,67,16,10,47.62,8,1,0,0,0,0,0.0,27,12,12,45,49.45,33,49.25,78,49.37,1138,14.81,0,0,1,0,0,0,4,0,22,5,1,1,2,7,63.64,7,0,0,17,161,8,6,4,432,27,17,1,0,4,3,3,0,0,,,,0,0,0,0,0,13,2,0,0,0,0,0,10,0.0,0.0,16,21,4,80,34,0,0,0,11,15,4,50.0,284.5,0,0,0,55,156,0,2.88,0.0,36.0,,29
122701,Roberto Pereyra,roberto-pereyra,2695,Udinese,6.83,184.5,27,4,4,2,3,2.0,7,455,102,557,81.69,190,272,142,25,16,42.11,19,7,6,0,0,7,29.17,27,9,9,67,42.95,4,33.33,71,42.26,1862,14.81,1,1,1,0,0,0,4,0,20,7,0,1,3,19,52.78,17,0,0,27,227,8,43,24,880,32,24,0,0,18,5,9,0,0,,,,1,0,0,0,0,25,5,0,0,0,0,0,22,100.0,0.0,25,38,24,97,8,0,0,0,36,30,9,47.37,465.5,0,0,0,228,353,1,3.54,0.0,100.0,,27
32040,Davide Faraoni,davide-faraoni,2693,Fiorentina,6.83,123.0,18,0,0,1,2,0.89,2,324,87,411,78.83,146,187,85,12,4,36.36,22,11,5,0,0,9,25.0,10,2,8,41,55.41,13,48.15,54,53.47,995,0.0,0,0,0,1,0,0,0,0,6,4,0,0,0,39,56.52,29,0,0,4,164,3,37,20,710,15,14,0,0,9,0,0,0,0,,,,0,0,0,0,0,17,2,0,0,0,0,0,11,0.0,0.0,12,11,36,47,14,0,0,0,69,19,14,63.64,0.0,0,0,0,171,276,0,0.51,0.0,48.0,,19
856062,Martin Hongla,martin-hongla,2701,Hellas Verona,6.83,102.5,15,0,0,0,0,0.14,0,388,76,464,83.62,204,184,68,9,9,75.0,24,7,0,0,0,0,0.0,3,0,2,39,68.42,9,47.37,48,63.16,1091,0.0,0,0,0,0,0,0,0,0,0,3,0,0,0,32,60.38,24,0,0,6,102,2,23,6,598,6,6,0,0,3,1,1,0,0,,,,3,0,0,0,0,10,2,0,0,0,0,0,12,0.0,0.0,9,12,4,28,10,0,0,0,53,12,13,54.17,0.0,0,0,0,220,248,0,0.14,0.0,79.0,,15
849274,Youssef Maleh,youssef-maleh,2705,Empoli,6.83,232.3,34,0,1,2,1,1.98,1,769,196,965,79.69,346,438,228,34,8,53.33,74,25,11,0,0,15,31.91,18,2,10,118,52.91,18,34.62,136,49.45,2610,0.0,0,0,0,2,2,0,0,0,9,9,0,0,0,48,39.34,19,0,0,18,306,18,89,46,1416,37,56,1,0,29,0,6,0,0,,,,6,0,0,0,0,38,5,0,0,0,0,0,30,0.0,0.0,34,15,47,139,34,0,0,0,122,43,48,64.86,0.0,0,0,0,398,614,0,1.59,0.0,172.0,,34
195850,Ruslan Malinovskyi,ruslan-malinovskyi,2713,Genoa,6.83,191.3,28,4,0,0,1,0.71,5,563,127,690,81.59,258,310,149,11,10,43.48,35,5,7,0,0,5,26.32,39,13,18,61,41.5,23,52.27,84,43.98,1559,10.26,0,0,0,0,10,0,1,3,1,38,0,4,0,41,49.4,16,0,0,22,204,10,58,32,945,17,31,2,0,24,0,8,0,0,,,,1,0,0,0,0,15,4,0,0,0,0,0,18,0.0,0.0,11,23,19,107,21,0,0,0,83,19,20,57.14,389.75,0,0,0,296,413,0,1.08,0.0,88.0,,28
848355,Angeliño,angelino,2702,AS Roma,6.83,109.3,16,0,2,0,1,1.49,1,455,116,571,79.68,243,230,85,19,6,50.0,21,12,2,0,0,18,33.96,8,2,3,36,52.17,16,64.0,52,55.32,1148,0.0,0,0,0,0,0,0,0,0,2,6,0,0,0,28,41.79,32,1,0,6,190,2,57,27,856,10,13,1,1,8,1,3,0,0,,,,1,0,0,0,0,16,0,0,0,0,0,0,14,0.0,0.0,19,12,53,42,9,0,0,0,67,16,11,52.38,0.0,0,0,0,279,345,0,0.19,0.0,55.0,,16
142148,Sead Kolašinac,sead-kolasinac,2686,Atalanta,6.83,204.9,30,1,2,2,0,0.56,1,1028,183,1211,84.89,623,408,158,8,7,100.0,44,21,4,0,0,3,33.33,13,5,8,71,56.35,34,51.52,105,54.69,2190,7.69,0,0,0,0,0,0,1,0,11,2,1,0,0,20,27.03,46,0,0,9,232,4,51,31,1518,20,29,0,0,19,1,0,0,0,,,,6,0,0,0,0,17,6,0,0,0,0,0,25,0.0,0.0,8,7,9,87,32,0,0,0,74,23,32,72.73,2190.0,0,0,0,694,526,0,1.34,0.0,151.0,,30
553686,Walace,walace,2695,Udinese,6.83,252.7,37,2,1,0,0,0.79,2,1143,278,1421,80.44,584,560,257,21,16,45.71,66,43,7,0,0,1,8.33,27,9,10,128,50.0,29,60.42,157,51.64,3243,7.41,0,0,0,0,0,0,1,1,4,23,0,0,2,85,45.7,58,0,1,27,395,9,95,49,1928,46,42,0,0,41,0,8,0,0,,,,7,0,0,0,0,41,7,0,0,0,0,0,37,0.0,0.0,21,35,12,147,19,0,0,0,186,48,43,65.15,1621.5,0,0,0,674,759,0,0.82,0.0,276.0,,37
273405,Manuel Lazzari,manuel-lazzari,2699,Lazio,6.83,163.9,24,0,2,1,2,1.3,2,685,89,774,88.5,314,382,163,9,11,52.38,26,12,4,1,1,11,19.64,8,2,4,55,58.51,7,29.17,62,52.54,1675,0.0,0,0,0,0,0,0,0,0,4,4,0,0,0,13,38.24,30,0,1,5,189,3,21,11,1182,20,16,0,0,10,1,2,0,0,,,,5,0,0,0,0,14,1,0,0,0,0,0,19,0.0,0.0,9,21,56,56,17,0,0,0,34,15,18,69.23,0.0,0,0,0,347,483,0,1.05,0.0,72.0,,24
795926,Boris Radunović,boris-radunovic,2719,Cagliari,6.83,47.8,7,0,0,0,0,0.04,0,139,52,191,72.77,103,36,14,0,0,0.0,0,1,0,0,0,0,0.0,0,0,0,2,100.0,2,66.67,4,80.0,630,0.0,0,0,0,0,0,0,0,0,0,0,0,0,0,56,52.83,5,2,0,0,54,0,48,22,258,2,0,0,0,0,0,0,0,16,,,,2,1,0,11,5,11,1,4,1,1,5,1,7,0.0,0.0,0,0,0,1,1,0,0,0,106,12,0,0.0,0.0,0,0,5,109,82,0,0.0,66.0,48.0,,7
1397168,Patrick Dorgu,dorgu-patrick,2689,Lecce,6.83,218.5,32,2,3,2,0,0.75,2,499,96,595,83.87,254,252,121,18,15,48.39,43,9,6,0,0,7,17.07,18,8,6,102,58.62,27,50.94,129,56.83,1573,11.11,0,0,0,0,0,0,2,0,10,8,0,1,1,28,51.85,37,1,1,20,227,7,23,7,1033,44,25,1,0,12,2,4,0,0,,,,1,0,0,0,0,17,3,0,0,0,0,0,17,0.0,0.0,18,31,41,98,26,0,0,0,54,20,22,51.16,786.5,0,0,0,290,346,0,1.98,0.0,78.0,,32
295973,Andrea Petagna,andrea-petagna,2719,Cagliari,6.83,122.9,18,1,0,1,1,1.06,2,168,67,235,71.49,59,109,67,18,11,73.33,4,1,2,0,0,0,0.0,20,8,5,36,46.15,27,47.37,63,46.67,1014,5.0,0,0,0,1,0,0,1,0,16,4,0,1,0,8,80.0,4,0,0,23,127,7,15,9,384,22,18,0,0,1,2,7,0,0,,,,0,0,0,0,0,19,1,0,0,0,0,0,13,0.0,0.0,18,15,2,72,30,0,0,0,10,20,2,50.0,1014.0,0,0,0,66,171,0,1.62,0.0,25.0,,18
893998,Luca Ranieri,luca-ranieri,2693,Fiorentina,6.83,177.5,26,2,0,1,1,0.69,3,1127,202,1329,84.8,727,403,140,7,4,33.33,14,29,14,0,0,3,23.08,10,3,4,29,42.03,40,50.0,69,46.31,2073,20.0,0,0,0,0,0,0,2,0,10,0,2,0,0,117,52.0,63,0,0,0,241,1,131,73,1571,11,32,0,0,5,1,3,0,0,,,,5,0,0,0,0,25,3,0,0,0,0,0,23,0.0,0.0,7,12,13,80,40,0,0,0,225,28,10,71.43,1036.5,0,0,0,784,558,1,0.92,2.0,99.0,,26
856065,Pontus Almqvist,pontus-almqvist,2689,Lecce,6.83,204.8,30,2,2,1,1,1.76,3,344,110,454,75.77,117,234,125,27,37,46.25,45,14,5,0,0,7,33.33,40,15,9,117,45.88,14,38.89,131,45.02,2115,5.0,0,0,2,0,0,0,2,0,21,19,0,2,0,8,72.73,8,0,0,39,276,17,10,4,883,35,29,1,0,28,1,16,0,0,,,,3,0,0,0,0,30,2,0,0,0,0,0,25,0.0,0.0,27,80,21,160,22,0,0,0,11,32,29,64.44,1057.5,0,0,0,145,330,0,2.3,0.0,69.0,,30
996919,Samuel Iling Junior,samuel-iling-junior,2687,Juventus,6.83,157.0,23,1,2,0,2,1.55,3,275,72,347,79.25,110,184,102,20,7,33.33,23,6,1,0,0,19,41.3,9,4,5,35,42.68,9,75.0,44,46.81,813,11.11,0,0,0,0,0,0,1,0,8,1,0,1,0,7,33.33,18,0,0,12,150,5,25,10,594,5,15,1,0,7,1,0,1,0,,,,1,0,0,0,0,9,1,0,0,0,0,0,4,0.0,0.0,19,21,46,50,3,0,0,0,21,10,13,56.52,813.0,0,0,0,133,260,0,0.73,0.0,40.0,,24
1116577,Santiago Castro,santiago-castro,2685,Bologna,6.83,54.6,8,1,1,1,1,0.03,2,42,8,50,84.0,17,25,8,1,2,66.67,2,1,1,0,0,0,0.0,7,3,4,11,52.38,5,38.46,16,47.06,238,14.29,0,0,0,0,0,0,1,0,5,2,1,0,0,4,100.0,1,0,0,3,22,2,0,0,89,7,7,0,0,2,0,0,0,0,,,,0,0,0,0,0,2,0,0,0,0,0,0,2,0.0,0.0,1,3,1,18,8,0,0,0,4,2,1,50.0,238.0,0,0,0,18,33,1,0.95,0.0,4.0,,8
1087316,Enzo Barrenechea,enzo-barrenechea,2801,Frosinone,6.83,245.7,36,0,1,0,1,1.12,1,1621,274,1895,85.54,907,714,274,25,8,50.0,65,27,10,0,0,0,0.0,20,3,8,121,55.76,55,56.12,176,55.87,2822,0.0,0,0,0,0,2,0,0,0,7,13,0,0,0,78,43.09,57,1,1,16,323,11,129,72,2302,52,32,0,0,42,0,9,0,0,,,,4,0,0,0,0,48,6,0,0,0,0,0,32,0.0,0.0,25,16,1,139,43,0,0,0,181,54,42,64.62,0.0,0,0,0,997,899,0,0.61,0.0,231.0,,36
132318,Davide Zappacosta,davide-zappacosta,2686,Atalanta,6.82,211.5,31,2,4,4,1,1.73,3,708,96,804,88.06,307,425,237,18,17,42.5,30,5,5,0,0,24,31.58,37,10,11,61,42.96,10,43.48,71,43.03,1880,5.41,0,0,0,0,0,0,2,0,26,11,0,0,2,23,62.16,15,0,0,15,236,10,42,26,1300,15,26,2,0,18,2,16,1,0,,,,3,0,0,0,0,18,3,0,0,0,0,0,23,0.0,0.0,17,40,76,94,13,0,0,0,37,21,20,66.67,940.0,0,0,0,342,538,0,2.27,0.0,99.0,,31
962364,Lorenzo Lucca,lorenzo-lucca,2695,Udinese,6.82,252.4,37,8,1,11,4,0.65,12,269,171,440,61.14,103,166,85,20,12,37.5,19,3,6,0,0,0,0.0,61,26,26,82,39.42,98,50.0,180,44.55,2609,13.11,0,0,0,0,1,0,8,0,52,9,3,0,5,10,83.33,35,0,1,48,337,13,19,11,886,54,52,1,0,15,21,9,0,0,,,,3,0,0,0,0,34,4,0,0,0,0,0,30,0.0,0.0,20,32,8,224,98,0,0,0,12,38,11,57.89,326.13,0,0,0,142,306,1,7.84,0.0,71.0,,37
288321,Paweł Dawidowicz,pawe-dawidowicz,2701,Hellas Verona,6.82,191.0,28,0,0,0,0,0.14,0,965,195,1160,83.19,708,258,84,2,4,80.0,53,24,5,0,0,1,50.0,9,1,7,66,57.39,67,68.37,133,62.44,2151,0.0,0,0,0,0,0,0,0,0,8,1,0,0,0,78,50.65,113,1,0,5,220,2,86,38,1457,9,33,0,1,12,0,1,0,0,,,,4,0,0,0,0,28,3,0,0,0,0,0,25,0.0,0.0,2,5,2,80,31,0,0,0,154,31,30,56.6,0.0,0,0,0,794,368,0,0.51,8.0,139.0,,28
796443,Jaime Báez,jaime-baez,2801,Frosinone,6.82,68.2,10,1,1,0,0,0.79,1,130,46,176,73.86,43,96,53,8,5,62.5,4,4,1,0,0,9,37.5,9,2,4,24,47.06,4,44.44,28,46.67,502,11.11,0,0,1,0,1,0,1,0,3,6,0,0,1,4,28.57,0,0,0,11,86,3,11,2,279,15,6,1,0,7,5,3,0,0,,,,0,0,0,0,0,6,1,0,0,0,0,0,6,0.0,0.0,8,8,24,32,5,0,0,0,14,7,1,25.0,502.0,0,0,0,57,143,0,0.47,0.0,29.0,,11
945616,Antonino Gallo,antonino-gallo,2689,Lecce,6.82,238.7,35,0,8,1,3,3.12,3,764,249,1013,75.42,397,404,195,47,19,48.72,43,25,2,0,0,37,26.81,15,3,9,78,56.52,26,44.07,104,52.79,2500,0.0,0,0,0,0,0,0,0,0,7,8,0,0,0,81,40.3,53,0,0,13,475,4,137,54,1732,17,9,0,0,18,3,3,0,0,,,,2,0,0,0,0,37,4,0,0,0,0,0,30,0.0,0.0,47,39,138,93,33,0,0,0,201,41,27,62.79,0.0,0,0,0,485,666,1,0.54,0.0,161.0,,35
800408,Suat Serdar,suat-serdar,2701,Hellas Verona,6.82,170.5,25,0,1,1,2,0.94,2,441,147,588,75.0,220,223,110,17,18,56.25,51,20,7,0,0,2,22.22,22,7,6,87,49.43,22,50.0,109,49.55,1676,0.0,0,0,0,0,0,0,0,0,9,13,0,0,0,64,57.66,24,0,1,13,209,9,67,36,878,18,40,0,0,23,0,9,0,0,,,,2,0,0,0,0,24,2,0,0,0,0,0,19,0.0,0.0,17,32,9,111,22,0,0,0,111,26,39,76.47,0.0,0,0,0,257,340,0,1.01,0.0,109.0,,25
19352,Matteo Darmian,matteo-darmian,2697,Inter,6.82,225.0,33,2,1,3,1,1.27,3,1054,177,1231,85.62,621,442,192,22,5,33.33,48,13,2,0,0,9,42.86,10,6,2,63,47.01,21,55.26,84,48.84,2413,20.0,0,0,1,2,0,0,1,1,7,3,0,2,0,50,45.87,47,0,0,1,237,1,70,37,1623,11,27,0,0,33,1,2,0,0,,,,10,0,0,0,0,12,3,0,0,0,0,0,27,0.0,0.0,22,15,21,88,17,0,0,0,109,15,22,45.83,1206.5,0,0,0,686,566,0,1.2,0.0,74.0,,33
27569,Federico Fazio,federico-fazio,2710,Salernitana,6.82,115.9,17,1,0,2,0,0.29,1,434,142,576,75.35,293,141,35,3,2,100.0,18,17,3,1,1,0,0.0,8,2,4,28,63.64,51,69.86,79,67.52,1354,12.5,0,0,0,1,0,0,1,0,8,0,1,0,0,34,39.08,93,1,0,3,158,0,47,18,794,9,9,0,0,6,0,2,0,0,,,,1,0,0,0,0,26,3,0,0,0,0,0,15,0.0,0.0,3,2,0,38,22,0,0,0,87,29,11,61.11,1354.0,0,0,0,342,234,0,0.44,2.0,54.0,,17
812946,Christian Kouamé,christian-kouame,2693,Fiorentina,6.82,156.8,23,2,2,2,1,1.19,3,317,98,415,76.39,87,231,136,12,9,33.33,13,2,0,0,0,1,5.0,24,7,12,47,41.23,56,56.57,103,48.36,1100,8.33,0,0,0,0,0,0,2,0,15,9,1,0,1,11,61.11,9,0,0,29,220,12,8,2,680,25,17,0,0,4,0,5,0,0,,,,2,0,0,0,0,9,1,0,0,0,0,0,11,0.0,0.0,12,27,20,110,43,0,0,0,18,10,4,30.77,550.0,0,0,0,99,336,0,1.94,0.0,66.0,,23
856729,Samuele Birindelli,samuele-birindelli,2729,Monza,6.82,238.6,35,0,3,0,2,2.36,2,745,152,897,83.05,385,378,177,24,12,44.44,28,18,7,0,0,18,33.33,25,9,12,72,53.73,8,53.33,80,53.69,2019,0.0,0,0,0,0,0,0,0,0,17,8,0,0,0,50,52.63,39,0,0,9,263,5,70,34,1383,32,30,0,0,11,1,4,0,0,,,,3,0,0,0,0,28,5,0,0,0,0,0,22,0.0,0.0,24,27,54,69,7,0,0,0,95,33,19,67.86,0.0,0,0,0,436,515,0,1.07,0.0,77.0,,35
850891,Michel Aebischer,michel-aebischer,2685,Bologna,6.82,238.6,35,0,3,1,1,0.99,1,1356,119,1475,91.93,715,642,243,17,14,60.87,35,12,8,0,0,1,8.33,18,5,7,79,48.77,11,40.74,90,47.62,2239,0.0,0,0,0,0,0,0,0,0,6,12,0,0,0,46,70.77,21,0,0,19,190,6,38,25,1767,30,37,0,0,19,0,6,0,0,,,,6,0,0,0,0,15,5,0,0,0,0,0,26,0.0,0.0,17,23,12,99,16,0,0,0,65,20,20,57.14,0.0,0,0,0,764,723,0,1.1,0.0,135.0,,36
284363,Federico Bonazzoli,federico-bonazzoli,2701,Hellas Verona,6.82,163.6,24,3,3,1,1,0.46,4,241,62,303,79.54,68,173,85,8,6,54.55,4,3,3,0,0,0,0.0,27,13,10,30,49.18,6,35.29,36,46.15,1014,11.11,0,0,0,0,0,0,2,1,17,10,0,3,0,19,90.48,3,0,0,12,116,7,16,11,449,20,10,0,0,7,9,4,0,0,,,,0,0,0,0,0,11,1,0,0,0,0,0,10,0.0,0.0,8,11,7,42,11,0,0,0,21,12,1,25.0,338.0,0,0,0,77,233,1,2.85,0.0,31.0,,24
45923,Ciro Immobile,ciro-immobile,2699,Lazio,6.82,211.3,31,7,3,12,1,1.33,8,335,114,449,74.61,98,238,140,17,8,29.63,11,5,8,0,0,1,14.29,49,23,17,49,42.98,15,34.88,64,40.76,1661,14.29,4,4,2,0,0,0,7,0,46,3,0,0,7,6,54.55,11,0,0,14,210,11,16,10,714,31,22,3,0,11,14,9,0,0,,,,1,0,0,0,0,19,5,0,0,0,0,0,21,100.0,0.0,17,27,7,93,28,0,0,0,11,24,9,81.82,237.29,0,0,0,126,330,0,9.77,0.0,34.0,,31
860435,Szymon Żurkowski,szymon-zurkowski,2705,Empoli,6.82,88.6,13,4,0,0,0,0.22,4,192,46,238,80.67,78,115,50,4,4,30.77,15,6,4,0,0,1,16.67,16,6,5,35,38.04,8,32.0,43,36.75,871,25.0,0,0,0,0,0,0,3,1,9,7,2,1,1,5,41.67,11,0,0,19,99,4,11,4,388,17,19,0,0,10,2,5,0,0,,,,1,0,0,0,0,7,1,0,0,0,0,0,10,0.0,0.0,4,13,6,74,17,0,0,0,12,8,6,40.0,217.75,0,0,0,90,154,1,0.97,0.0,37.0,,13
846081,Houssem Aouar,houssem-aouar,2702,AS Roma,6.81,109.0,16,4,0,2,0,0.58,4,291,55,346,84.1,105,192,96,10,11,61.11,16,4,3,0,0,6,60.0,12,7,3,38,48.1,10,47.62,48,48.0,771,33.33,0,0,0,0,0,0,4,0,11,1,3,1,0,3,30.0,2,1,0,15,98,4,15,6,477,11,10,0,0,9,3,2,0,0,,,,1,0,0,0,0,9,0,0,0,0,0,0,9,0.0,0.0,10,18,10,52,11,0,0,0,10,9,11,68.75,192.75,0,0,0,120,236,0,2.34,0.0,39.0,,16
1017392,Carlos Alcaraz,carlos-alcaraz,2687,Juventus,6.81,54.5,8,0,1,0,1,0.39,1,142,20,162,87.65,48,94,50,2,3,37.5,6,5,0,0,0,0,0.0,11,2,5,14,45.16,2,18.18,16,38.1,383,0.0,0,0,0,0,2,0,0,0,3,8,0,0,0,10,76.92,4,0,0,4,40,4,7,6,233,5,5,0,0,5,0,4,0,0,,,,1,0,0,0,0,5,0,0,0,0,0,0,3,0.0,0.0,2,8,1,26,9,0,0,0,13,5,6,100.0,0.0,0,0,0,54,109,0,0.38,0.0,17.0,,10
333261,Antonio Sanabria,antonio-sanabria,2696,Torino,6.81,238.4,35,5,1,10,0,0.92,5,491,125,616,79.71,208,284,158,15,14,45.16,18,6,2,0,0,1,16.67,54,16,29,65,49.24,62,45.59,127,47.39,2133,9.26,2,2,0,0,0,0,5,0,47,7,0,2,3,18,66.67,11,0,0,23,226,12,26,15,927,33,25,4,0,5,3,9,0,0,,,,4,0,0,0,0,17,4,0,0,0,0,0,23,100.0,0.0,15,31,6,141,74,0,0,0,27,21,15,83.33,426.6,0,0,0,234,388,0,9.46,0.0,68.0,,35
835600,Davide Frattesi,davide-frattesi,2697,Inter,6.81,204.3,30,6,3,7,3,1.97,9,233,55,288,80.9,98,136,73,10,7,35.0,10,5,1,0,0,1,9.09,32,14,12,33,42.31,14,48.28,47,43.93,951,18.75,0,0,1,0,0,0,6,0,30,2,1,3,1,9,52.94,16,0,0,16,114,2,18,11,472,16,12,0,0,4,1,6,0,0,,,,1,0,0,0,0,8,0,0,0,0,0,0,6,0.0,0.0,10,20,11,60,15,0,0,0,17,8,6,60.0,158.5,0,0,0,116,183,2,7.11,0.0,38.0,,32
898815,Sam Beukema,sam-beukema,2685,Bologna,6.81,204.3,30,1,1,3,1,0.7,2,1831,201,2032,90.11,1344,487,113,7,4,66.67,27,15,4,0,1,0,0.0,12,4,6,41,50.0,47,56.63,88,53.33,2549,8.33,0,0,0,2,0,0,1,0,11,1,0,0,1,97,50.79,99,2,0,3,224,0,129,65,2309,11,27,0,0,9,1,2,0,0,,,,11,0,0,0,0,23,4,0,0,0,0,0,29,0.0,0.0,7,6,2,77,36,0,0,0,191,27,11,40.74,2549.0,1,0,0,1420,614,1,1.9,16.0,144.0,,30
882592,Daniel Boloca,daniel-boloca,2793,Sassuolo,6.81,204.3,30,1,0,1,0,0.55,1,954,101,1055,90.43,432,524,222,14,28,80.0,48,14,6,1,1,2,25.0,13,4,5,83,54.97,24,54.55,107,54.87,2023,7.69,0,0,0,1,0,0,0,1,1,12,0,0,1,55,68.75,32,1,1,17,154,11,59,43,1319,7,25,0,0,19,0,4,0,0,,,,1,0,0,0,0,36,6,0,0,0,0,0,23,0.0,0.0,14,35,8,88,20,0,0,0,80,42,33,68.75,2023.0,0,0,0,468,595,2,0.52,0.0,155.0,,30
147368,Gianluca Lapadula,gianluca-lapadula,2719,Cagliari,6.81,156.6,23,3,2,3,1,0.72,4,118,45,163,72.39,49,71,44,19,4,57.14,1,2,3,0,0,2,28.57,35,11,16,23,35.94,21,40.38,44,37.93,1212,8.57,1,1,1,0,2,0,3,0,30,5,0,2,1,3,50.0,5,0,0,8,83,10,4,2,292,18,22,1,0,9,15,8,0,0,,,,1,0,0,0,0,23,1,0,0,0,0,0,14,100.0,0.0,19,7,7,72,31,0,0,0,6,24,1,100.0,404.0,0,0,0,57,113,0,4.89,0.0,27.0,,23
351434,Hassane Kamara,hassane-kamara,2695,Udinese,6.81,238.3,35,1,5,4,1,1.82,2,490,140,630,77.78,237,272,138,21,30,57.69,45,26,4,0,0,19,26.76,26,8,12,83,52.87,16,53.33,99,52.94,2261,3.85,0,0,0,0,0,0,1,0,15,11,0,1,0,27,44.26,52,0,0,19,303,16,63,27,1179,8,21,0,0,13,6,6,0,0,,,,2,0,0,0,0,26,4,0,0,0,0,0,27,0.0,0.0,21,52,71,88,14,0,0,0,61,30,32,71.11,2261.0,0,0,0,282,419,0,1.95,0.0,130.0,,35
848185,Giulio Maggiore,giulio-maggiore,2710,Salernitana,6.81,183.8,27,4,2,1,2,0.82,6,618,169,787,78.53,326,293,114,11,6,46.15,49,24,7,0,1,1,33.33,23,10,8,90,55.56,26,36.11,116,49.57,1807,17.39,0,0,0,1,0,0,4,0,19,4,1,1,2,29,36.71,36,0,0,8,212,7,60,26,1082,37,39,0,0,22,1,5,0,0,,,,2,0,0,0,0,32,4,0,0,0,0,0,20,0.0,0.0,11,13,3,118,46,0,0,0,79,36,29,59.18,451.75,1,0,0,390,400,0,2.3,0.0,134.0,,27
912786,Matheus Henrique,matheus-henrique,2793,Sassuolo,6.81,211.0,31,2,1,4,2,1.56,4,814,165,979,83.15,333,490,240,36,20,58.82,43,25,6,0,1,9,34.62,19,7,6,101,56.11,14,53.85,115,55.83,2502,10.53,0,0,0,0,0,0,2,0,6,13,1,0,1,58,53.21,27,3,3,20,263,16,94,52,1320,38,21,1,0,25,2,6,0,0,,,,1,0,0,0,0,47,8,0,0,0,0,0,27,0.0,0.0,36,34,26,91,12,0,0,0,109,55,29,67.44,1251.0,1,0,0,364,641,0,2.28,0.0,141.0,,31
917485,Walid Cheddira,walid-cheddira,2801,Frosinone,6.81,238.2,35,7,1,10,1,0.68,8,261,117,378,69.05,91,170,102,16,12,34.29,12,5,0,0,0,0,0.0,60,28,23,64,42.67,40,36.04,104,39.85,2142,11.67,1,1,2,0,0,0,7,0,49,11,3,1,3,7,100.0,10,0,0,36,255,15,10,7,712,43,27,3,0,4,16,9,0,0,,,,0,0,0,0,0,40,4,0,0,0,0,0,24,100.0,0.0,16,35,3,157,71,0,0,0,7,44,7,58.33,306.0,0,0,0,107,274,1,9.01,0.0,47.0,,36
352802,Maxime López,maxime-lopez,2693,Fiorentina,6.81,136.1,20,0,1,0,0,0.79,0,714,78,792,90.15,312,406,168,11,2,33.33,20,9,1,1,1,4,25.0,4,2,2,29,58.0,3,33.33,32,54.24,949,0.0,0,0,0,0,0,0,0,0,1,3,0,0,0,29,58.0,5,0,0,1,102,3,48,23,883,7,10,0,0,7,0,0,1,0,,,,0,0,0,0,0,10,3,0,0,0,0,0,9,0.0,0.0,10,6,16,27,6,0,0,0,50,13,10,50.0,0.0,0,0,0,334,474,0,0.19,0.0,56.0,,21
1093695,Vitinha,vitinha,2713,Genoa,6.8,61.2,9,2,0,0,0,0.2,2,29,18,47,61.7,11,20,13,2,2,25.0,2,0,2,0,0,2,22.22,14,5,5,12,38.71,7,30.43,19,35.19,300,14.29,0,0,0,0,0,0,2,0,13,1,0,1,1,1,33.33,2,0,0,3,51,6,2,2,124,8,10,0,0,1,2,4,0,0,,,,1,0,0,0,0,4,0,0,0,0,0,0,2,0.0,0.0,2,8,9,35,16,0,0,0,3,4,2,100.0,150.0,0,0,0,13,43,0,1.14,0.0,13.0,,9
587628,Gaetano Castrovilli,gaetano-castrovilli,2693,Fiorentina,6.8,34.0,5,1,2,0,2,0.12,3,72,32,104,69.23,17,57,29,7,3,25.0,3,2,0,0,0,2,22.22,5,2,1,11,29.73,3,60.0,14,33.33,370,20.0,0,0,0,0,0,0,1,0,4,1,0,1,0,4,57.14,3,0,0,6,67,2,7,2,170,5,4,1,0,7,1,2,0,0,,,,0,0,0,0,0,5,2,0,0,0,0,0,5,0.0,0.0,7,12,9,28,2,0,0,0,7,7,2,66.67,370.0,0,0,0,26,87,0,0.34,0.0,17.0,,6
944327,Dan Ndoye,dan-ndoye,2685,Bologna,6.8,217.6,32,1,4,7,1,1.17,2,456,90,546,83.52,158,305,154,22,34,44.16,30,10,4,0,0,7,14.89,41,16,11,121,50.21,7,30.43,128,48.48,1775,2.44,0,0,0,0,0,0,1,0,28,13,1,0,0,22,78.57,10,0,0,26,268,10,14,10,977,57,29,2,0,22,7,14,0,0,,,,2,0,0,0,0,9,4,0,0,0,0,0,20,0.0,0.0,22,77,47,136,16,0,0,0,28,13,15,50.0,1775.0,0,0,0,184,409,0,4.86,0.0,106.0,,32
596736,Tommaso Augello,tommaso-augello,2719,Cagliari,6.8,217.6,32,1,4,0,1,2.43,2,695,236,931,74.65,357,374,169,27,15,55.56,26,17,5,0,0,36,23.53,10,3,3,54,55.67,35,55.56,89,55.63,2429,10.0,0,0,0,0,1,0,1,0,3,7,0,1,0,52,40.63,65,0,0,8,452,5,104,41,1603,14,15,0,0,9,1,4,0,0,,,,0,0,0,0,0,42,4,0,0,0,0,0,28,0.0,0.0,27,27,153,71,28,0,0,0,128,46,19,73.08,2429.0,0,0,0,438,646,1,0.46,0.0,147.0,,32
986352,Edoardo Bove,edoardo-bove,2702,AS Roma,6.8,210.8,31,0,0,3,2,1.19,2,647,119,766,84.46,248,400,178,16,9,56.25,60,11,2,0,0,1,12.5,19,6,9,103,55.38,32,47.76,135,53.36,1785,0.0,0,0,0,0,0,0,0,0,11,8,0,0,0,25,62.5,11,0,1,27,192,8,30,17,1063,37,31,1,0,19,1,4,0,0,,,,3,0,0,0,0,19,2,0,0,0,0,0,18,0.0,0.0,16,16,8,118,35,0,0,0,40,21,31,51.67,0.0,0,0,0,279,495,0,1.96,0.0,95.0,,31
1001828,Koni De Winter,de-winter-koni,2713,Genoa,6.8,197.2,29,0,1,1,1,0.29,1,1084,135,1219,88.93,755,329,114,5,7,77.78,44,21,6,0,1,0,0.0,11,2,9,59,51.3,61,59.8,120,55.3,2379,0.0,0,0,0,1,0,0,0,0,11,0,0,0,0,33,47.14,77,0,0,10,185,3,24,13,1545,11,37,0,0,10,0,0,0,0,,,,4,0,0,0,0,26,3,0,0,0,0,0,26,0.0,0.0,5,9,5,97,41,0,0,0,70,29,25,56.82,0.0,1,0,0,820,404,0,0.79,31.0,120.0,,29
294313,Stefano Sensi,stefano-sensi,2697,Inter,6.8,27.2,4,0,0,0,1,0.07,1,46,5,51,90.2,29,18,4,3,1,100.0,1,1,0,0,0,1,100.0,2,0,1,3,50.0,0,0.0,3,50.0,43,0.0,0,0,0,0,1,0,0,0,0,2,0,0,0,4,100.0,0,0,0,1,7,0,3,3,62,1,0,0,0,2,0,1,0,0,,,,0,0,0,0,0,0,0,0,0,0,0,0,0,0.0,0.0,3,1,1,3,0,0,0,0,4,0,1,100.0,0.0,0,0,0,29,23,0,0.09,0.0,3.0,,4
892735,Tiago Djaló,tiago-djalo,2687,Juventus,6.8,6.8,1,0,0,0,0,0.0,0,12,1,13,92.31,9,3,0,0,1,100.0,0,0,0,0,0,0,0.0,0,0,0,2,100.0,0,0.0,2,66.67,16,0.0,0,0,0,0,0,0,0,0,0,0,0,0,0,1,100.0,1,0,0,0,1,0,0,0,17,1,0,0,0,0,0,0,0,0,,,,0,0,0,0,0,0,0,0,0,0,0,0,0,0.0,0.0,0,1,0,1,1,0,0,0,1,0,0,0.0,0.0,0,0,0,9,4,0,,0.0,1.0,,1
137667,Mattia De Sciglio,mattia-de-sciglio,2687,Juventus,6.8,6.8,1,0,0,0,0,0.01,0,15,2,17,88.24,7,8,3,0,0,0.0,0,1,0,0,0,0,0.0,0,0,0,1,100.0,0,0.0,1,100.0,45,0.0,0,0,0,0,0,0,0,0,0,0,0,0,0,1,100.0,1,0,0,0,3,0,0,0,26,1,0,0,0,0,0,0,0,0,,,,0,0,0,0,0,0,0,0,0,0,0,0,1,0.0,0.0,0,0,0,0,0,0,0,0,1,0,0,0.0,0.0,0,0,0,9,8,0,,0.0,2.0,,1
80074,Francesco Rossi,francesco-rossi,2686,Atalanta,6.8,6.8,1,0,0,0,0,0.0,0,0,1,1,0.0,0,0,0,0,0,0.0,0,0,0,0,0,0,0.0,0,0,0,0,0.0,0,0.0,0,0.0,8,0.0,0,0,0,0,0,0,0,0,0,0,0,0,0,0,0.0,0,0,0,0,1,0,0,0,3,0,0,0,0,0,0,0,0,1,,,,0,0,0,1,0,0,0,0,0,0,0,0,0,0.0,0.0,0,0,0,0,0,0,0,0,1,0,0,0.0,0.0,0,0,0,0,1,0,,1.0,1.0,,1
1136819,Axel Guessand,axel-guessand,2695,Udinese,6.8,6.8,1,0,0,0,0,0.0,0,21,6,27,77.78,13,8,3,0,0,0.0,1,0,0,0,0,0,0.0,1,0,1,2,100.0,1,50.0,3,75.0,45,0.0,0,0,0,0,0,0,0,0,1,0,0,0,0,2,33.33,0,0,0,0,9,0,4,2,34,1,0,0,0,0,0,0,0,0,,,,0,0,0,0,0,0,0,0,0,0,0,0,0,0.0,0.0,0,0,0,1,1,0,0,0,6,0,1,100.0,0.0,0,0,0,15,12,0,0.01,0.0,3.0,,1
38618,Andrea Consigli,andrea-consigli,2793,Sassuolo,6.8,237.9,35,0,0,0,0,0.08,0,697,393,1090,63.94,568,129,36,0,0,0.0,0,1,1,0,0,0,0.0,0,0,0,0,0.0,10,100.0,10,90.91,3150,0.0,0,0,0,0,0,0,0,0,0,0,0,0,0,218,36.03,34,1,0,1,398,0,163,69,1402,3,0,0,0,0,0,0,0,95,,,,3,10,1,66,28,59,9,15,6,6,21,0,35,0.0,0.0,0,0,0,1,0,0,0,0,605,68,0,0.0,0.0,0,2,29,640,450,1,0.0,252.0,267.0,,35
1012383,Kacper Urbański,kacper-urbanski,2685,Bologna,6.8,142.7,21,0,0,2,1,0.75,1,301,58,359,83.84,113,196,114,17,20,62.5,16,4,3,0,0,8,36.36,17,6,2,47,51.65,22,64.71,69,55.2,937,0.0,0,0,0,0,0,0,0,0,10,7,0,0,0,10,76.92,10,0,0,14,123,4,13,8,559,11,11,0,0,7,3,9,1,0,,,,1,0,0,0,0,9,1,0,0,0,0,0,9,0.0,0.0,16,32,22,56,12,0,0,0,13,10,10,62.5,0.0,0,0,0,130,251,0,1.15,0.0,30.0,,22
893752,Stefano Turati,stefano-turati,2801,Frosinone,6.79,210.6,31,0,0,0,0,0.01,0,631,285,916,68.89,592,39,8,0,0,0.0,0,0,0,0,0,0,0.0,0,0,0,3,100.0,2,66.67,5,83.33,2745,0.0,0,0,0,0,0,0,0,0,0,0,0,0,0,103,27.39,12,1,2,0,290,0,150,64,1200,3,0,0,0,0,0,0,0,98,,,,4,7,1,67,28,51,7,6,7,7,16,1,31,0.0,0.0,0,0,0,1,1,0,0,0,376,58,0,0.0,0.0,0,0,21,685,231,1,0.0,144.0,239.0,,31
1012179,Jacopo Fazzini,jacopo-fazzini,2705,Empoli,6.79,203.8,30,1,3,0,1,1.65,2,326,113,439,74.26,148,191,97,24,20,54.05,49,12,6,0,0,13,24.07,23,4,8,96,54.24,14,31.11,110,49.55,1242,4.35,0,0,1,1,2,0,0,1,12,11,0,0,1,10,31.25,16,0,0,21,227,7,22,11,783,27,23,0,0,23,1,11,0,0,,,,0,0,0,0,0,21,2,0,0,0,0,0,14,0.0,0.0,24,37,54,112,31,0,0,0,32,23,25,51.02,1242.0,0,0,0,172,321,1,1.25,0.0,78.0,,31
1004505,Loum Tchaouna,loum-tchaouna,2710,Salernitana,6.79,217.2,32,4,4,3,3,1.33,7,487,193,680,71.62,161,337,190,22,16,34.04,20,4,4,0,0,11,15.71,44,15,20,65,44.22,28,29.79,93,38.59,2105,9.09,0,0,0,0,0,0,2,2,21,23,1,2,1,21,46.67,13,0,1,27,386,9,51,24,1101,30,15,1,0,10,6,9,0,0,,,,1,0,0,0,0,47,6,0,0,0,0,0,23,0.0,0.0,22,47,70,148,66,0,0,0,45,53,10,50.0,526.25,0,0,0,208,542,0,2.63,0.0,69.0,,33
34221,Kevin Strootman,kevin-strootman,2713,Genoa,6.79,162.9,24,0,3,0,2,2.24,2,529,109,638,82.92,247,292,125,22,5,71.43,34,7,4,0,0,10,50.0,1,0,1,45,49.45,7,38.89,52,47.71,1209,0.0,0,0,0,0,0,0,0,0,0,1,0,0,0,22,44.9,19,0,0,12,143,5,48,22,810,6,16,0,0,16,0,0,0,0,,,,0,0,0,0,0,9,5,0,0,0,0,0,15,0.0,0.0,22,7,20,57,11,0,0,0,49,14,19,55.88,0.0,0,0,0,268,390,0,0.08,0.0,73.0,,27
876259,Hans Nicolussi Caviglia,hans-nicolussi-caviglia,2687,Juventus,6.79,54.3,8,0,0,0,1,0.78,1,99,18,117,84.62,43,63,25,8,0,0.0,5,0,1,0,0,7,38.89,3,0,1,15,60.0,2,50.0,17,58.62,272,0.0,0,0,0,0,1,0,0,0,0,3,0,0,0,10,66.67,2,0,0,3,38,1,13,7,177,10,1,0,0,2,0,2,0,0,,,,0,0,0,0,0,2,0,0,0,0,0,0,3,0.0,0.0,8,4,18,12,2,0,0,0,15,2,2,40.0,0.0,0,0,0,50,85,0,0.11,0.0,18.0,,8
41234,Konstantinos Manolas,konstantinos-manolas,2710,Salernitana,6.79,54.3,8,0,0,0,0,0.05,0,275,27,302,91.06,223,53,8,1,1,100.0,9,2,0,0,0,1,100.0,2,0,1,13,68.42,20,68.97,33,68.75,492,0.0,0,0,0,0,0,0,0,0,2,0,0,0,0,14,53.85,20,0,0,1,29,0,15,6,362,3,5,0,0,2,0,1,0,0,,,,0,0,0,0,0,7,2,0,0,0,0,0,6,0.0,0.0,1,1,1,15,9,0,0,0,26,9,5,55.56,0.0,0,0,0,234,69,0,0.14,0.0,19.0,,8
284349,Simone Scuffet,simone-scuffet,2719,Cagliari,6.79,210.4,31,0,0,0,0,0.05,0,509,312,821,62.0,390,119,30,0,0,0.0,1,1,3,0,0,0,0.0,0,0,0,5,83.33,4,100.0,9,90.0,2789,0.0,0,0,0,0,0,0,0,0,0,0,0,0,0,197,38.86,21,0,0,0,314,0,77,41,1067,4,0,0,0,1,0,0,0,79,,,,3,3,0,52,24,51,4,12,6,6,22,0,31,0.0,0.0,0,0,0,1,0,0,0,0,507,55,0,0.0,0.0,0,0,22,435,386,0,0.0,243.0,203.0,,31
984184,Nicola Zalewski,nicola-zalewski,2702,AS Roma,6.79,149.3,22,0,2,2,1,1.5,1,297,81,378,78.57,147,162,81,17,16,53.33,20,9,1,0,1,12,31.58,16,1,8,62,54.87,11,57.89,73,55.3,966,0.0,0,0,0,0,0,0,0,0,9,7,0,0,0,21,47.73,13,0,0,9,158,4,28,14,644,27,14,1,0,14,1,7,0,0,,,,0,0,0,0,0,11,1,0,0,0,0,0,10,0.0,0.0,17,30,38,59,8,0,0,0,44,12,14,70.0,0.0,1,0,0,166,250,0,0.84,0.0,47.0,,22
834597,Jesper Karlsson,jesper-karlsson,2685,Bologna,6.79,47.5,7,0,0,1,0,0.4,0,96,29,125,76.8,28,74,46,5,5,62.5,3,4,0,0,0,6,25.0,6,4,1,9,34.62,0,0.0,9,31.03,345,0.0,0,0,0,0,1,0,0,0,1,5,0,0,0,6,54.55,1,0,0,6,64,5,7,3,194,1,4,1,0,6,1,1,0,0,,,,0,0,0,0,0,2,0,0,0,0,0,0,4,0.0,0.0,5,8,24,20,3,0,0,0,11,2,3,100.0,0.0,0,0,0,33,116,0,0.42,0.0,16.0,,7
967722,Caleb Okoli,caleb-okoli,2801,Frosinone,6.79,230.7,34,0,1,0,1,0.31,1,1386,302,1688,82.11,955,431,113,5,2,40.0,56,29,9,0,0,0,0.0,13,4,7,83,64.84,75,54.74,158,59.62,2915,0.0,0,0,0,2,0,0,0,0,13,0,0,0,0,75,37.31,149,0,4,4,340,1,117,45,2132,26,27,0,0,15,0,2,0,0,,,,5,0,0,0,0,52,6,0,0,0,0,0,32,0.0,0.0,5,5,2,107,62,0,0,0,201,58,34,60.71,0.0,0,0,0,1080,610,0,0.62,36.0,164.0,,34
976381,Gustav Isaksen,gustav-isaksen,2699,Lazio,6.79,183.2,27,3,3,1,1,2.03,4,205,83,288,71.18,54,155,93,19,15,39.47,4,4,3,0,0,4,13.79,23,9,10,42,38.89,5,41.67,47,39.17,1074,13.04,0,0,0,0,3,0,3,0,11,12,0,2,1,5,21.74,2,0,0,19,193,11,21,4,523,24,17,1,0,8,3,4,0,0,,,,0,0,0,0,0,11,2,0,0,0,0,0,12,0.0,0.0,19,38,29,73,7,0,0,0,23,13,3,75.0,358.0,0,0,0,70,247,0,1.59,0.0,41.0,,28
1009363,Ilario Monterisi,ilario-monterisi,2801,Frosinone,6.79,135.7,20,2,1,1,2,0.29,4,761,175,936,81.3,542,220,69,5,5,55.56,23,8,1,0,0,1,20.0,5,3,1,44,60.27,42,60.0,86,60.14,1467,40.0,0,0,1,1,0,0,2,0,5,0,0,1,1,41,37.96,62,0,0,3,206,2,76,33,1167,17,10,0,0,14,1,1,0,0,,,,2,0,0,0,0,31,5,0,0,0,0,0,16,0.0,0.0,5,9,5,57,28,0,0,0,108,36,13,56.52,733.5,0,0,0,607,334,1,1.11,8.0,77.0,,24
862697,Nicolò Casale,nicolo-casale,2699,Lazio,6.79,135.7,20,0,0,1,0,0.22,0,938,84,1022,91.78,593,345,81,2,2,100.0,15,12,5,0,0,0,0.0,7,1,3,23,40.35,23,48.94,46,44.23,1557,0.0,0,0,0,1,0,0,0,0,5,2,0,0,0,49,69.01,59,0,0,1,87,0,33,19,1166,6,24,1,0,9,0,3,0,0,,,,2,0,0,0,0,22,2,0,0,0,0,0,16,0.0,0.0,2,2,0,58,24,0,0,0,71,24,9,60.0,0.0,0,0,0,635,387,0,0.86,8.0,74.0,,20
589620,Nahitan Nández,nahitan-nandez,2719,Cagliari,6.78,223.9,33,2,2,4,3,2.52,5,457,236,693,65.95,167,326,158,43,28,62.22,59,19,7,0,0,36,23.38,23,7,11,118,45.74,38,43.68,156,45.22,2356,8.7,1,1,0,0,0,0,2,0,16,7,0,0,2,39,33.91,27,0,0,37,468,12,88,33,1266,32,52,1,0,37,9,5,0,0,,,,1,0,0,0,0,42,5,0,0,0,0,0,29,100.0,0.0,43,45,154,189,49,0,0,0,115,47,40,67.8,1178.0,0,0,0,213,634,0,3.73,0.0,135.0,,33
822470,Samuel Chukwueze,samuel-chukwueze,2692,AC Milan,6.78,162.8,24,1,4,3,3,2.69,4,321,72,393,81.68,120,204,123,20,21,38.18,18,6,1,0,0,3,15.0,28,8,10,51,44.74,9,34.62,60,42.86,1017,3.57,0,0,0,0,0,0,1,0,17,11,0,1,0,11,61.11,2,0,0,15,173,9,17,10,623,12,7,0,0,8,7,10,0,0,,,,2,0,0,0,0,15,2,0,0,0,0,0,12,0.0,0.0,20,55,20,80,17,0,0,0,18,17,7,38.89,1017.0,0,0,0,132,281,1,1.69,0.0,59.0,,24
189135,Karol Linetty,karol-linetty,2696,Torino,6.78,189.9,28,0,2,0,0,0.72,0,746,113,859,86.85,331,422,164,15,8,53.33,30,23,12,0,0,7,36.84,16,1,11,55,38.73,19,52.78,74,41.57,1860,0.0,0,0,0,0,0,0,0,0,3,13,0,0,0,38,67.86,27,0,1,11,170,9,49,31,1113,18,50,0,0,20,2,4,0,0,,,,6,0,0,0,0,14,3,0,0,0,0,0,19,0.0,0.0,15,15,19,104,17,0,0,0,56,17,21,70.0,0.0,0,0,0,368,510,0,0.51,0.0,102.0,,28
1014286,Malick Thiaw,malick-thiaw,2692,AC Milan,6.78,142.4,21,0,0,1,1,0.23,1,1080,99,1179,91.6,729,351,82,4,8,80.0,34,13,5,1,1,0,0.0,5,1,3,49,49.49,37,62.71,86,54.43,1620,0.0,0,0,0,1,0,0,0,0,4,1,0,0,0,42,54.55,55,0,0,5,114,1,45,20,1374,7,31,0,1,13,0,1,0,0,,,,5,0,0,0,0,21,3,0,0,0,0,0,19,0.0,0.0,4,10,0,72,22,0,0,0,77,24,17,50.0,0.0,0,0,0,773,406,1,0.6,11.0,76.0,,21
826064,Jens Odgaard,jens-odgaard,2685,Bologna,6.78,67.8,10,2,0,0,0,0.08,2,93,33,126,73.81,27,66,31,2,4,36.36,4,1,1,0,0,0,0.0,11,2,4,19,36.54,12,44.44,31,39.24,438,18.18,0,0,0,0,0,0,2,0,9,2,0,1,1,1,25.0,3,0,0,10,72,4,5,3,218,11,14,0,0,2,7,5,0,0,,,,0,0,0,0,0,1,0,0,0,0,0,0,5,0.0,0.0,2,11,8,48,15,0,0,0,4,1,4,100.0,219.0,0,0,0,41,93,0,1.47,0.0,15.0,,10
875295,Matías Viña,matias-vina,2793,Sassuolo,6.78,101.7,15,0,2,1,3,0.72,3,308,103,411,74.94,140,175,89,16,12,42.86,34,9,1,0,0,7,24.14,8,2,5,55,51.89,11,42.31,66,50.0,1019,0.0,0,0,0,0,0,0,0,0,2,6,0,0,0,14,29.79,26,0,0,7,179,1,43,16,716,9,12,0,2,16,0,1,0,0,,,,0,0,0,0,0,14,1,0,0,0,0,0,13,0.0,0.0,16,28,29,66,15,0,0,0,47,15,21,61.76,0.0,0,0,0,171,269,0,0.32,0.0,45.0,,15
1001847,Giorgio Cittadini,giorgio-cittadini,2713,Genoa,6.78,33.9,5,0,0,0,0,0.0,0,22,12,34,64.71,18,4,3,0,0,0.0,6,3,1,0,0,0,0.0,0,0,0,10,62.5,3,42.86,13,56.52,129,0.0,0,0,0,0,0,0,0,0,0,0,0,0,0,4,57.14,4,0,0,3,18,0,1,0,65,5,3,0,0,0,0,0,0,0,,,,0,0,0,0,0,0,0,0,0,0,0,0,1,0.0,0.0,0,0,0,10,4,0,0,0,7,0,5,83.33,0.0,0,0,0,26,8,0,,0.0,9.0,,6
317301,Danilo Cataldi,danilo-cataldi,2699,Lazio,6.78,189.8,28,1,1,0,0,0.87,1,786,108,894,87.92,381,414,128,11,6,75.0,24,17,8,0,0,9,29.03,12,2,8,38,52.78,6,60.0,44,53.66,1373,8.33,0,0,0,0,0,0,0,1,0,12,0,0,1,19,42.22,19,0,1,6,150,5,54,21,1069,8,17,1,0,10,0,2,0,0,,,,1,0,0,0,0,16,4,0,0,0,0,0,15,0.0,0.0,11,8,31,38,4,0,0,0,45,20,12,50.0,1373.0,0,0,0,411,514,0,0.36,0.0,105.0,,28
921789,Rasmus Kristensen,rasmus-kristensen,2702,AS Roma,6.77,182.9,27,1,2,1,1,1.29,2,679,164,843,80.55,397,293,123,12,7,41.18,36,8,5,0,0,11,25.0,9,3,4,51,50.0,30,58.82,81,52.94,1749,11.11,0,0,1,0,0,0,1,0,9,0,0,1,0,24,37.5,44,0,0,5,269,3,57,24,1243,8,14,2,1,22,1,2,0,0,,,,1,0,0,0,0,27,1,0,0,0,0,0,19,0.0,0.0,12,17,44,72,21,0,0,0,64,28,19,52.78,1749.0,0,0,0,465,422,0,0.54,0.0,67.0,,29
841977,Ylber Ramadani,ylber-ramadani,2689,Lecce,6.77,230.3,34,1,1,1,0,0.66,1,986,246,1232,80.03,514,476,192,16,23,62.16,68,44,13,0,0,4,28.57,31,6,13,128,48.12,29,50.88,157,48.61,2976,3.23,0,0,0,1,0,0,0,1,3,28,0,0,1,74,45.68,41,0,0,25,335,17,75,35,1696,37,42,0,0,59,0,12,0,0,,,,6,0,0,0,0,44,5,0,0,0,0,0,34,0.0,0.0,16,37,14,166,28,0,0,0,162,49,41,60.29,2976.0,0,0,0,597,649,0,1.04,0.0,225.0,,34
576438,Karol Świderski,karol-swiderski,2701,Hellas Verona,6.77,101.6,15,2,1,2,0,0.63,2,83,31,114,72.81,27,57,36,8,3,30.0,7,1,0,0,0,1,33.33,15,6,8,22,50.0,11,30.56,33,41.25,504,13.33,0,0,0,0,0,0,1,1,11,4,0,1,1,2,40.0,8,0,0,8,65,2,9,5,220,13,6,0,0,1,0,1,0,0,,,,0,0,0,0,0,6,1,0,0,0,0,0,3,0.0,0.0,8,10,3,47,25,0,0,0,5,7,3,42.86,252.0,0,0,0,33,84,0,1.75,0.0,22.0,,15
98212,Charalampos Lykogiannis,charalampos-lykogiannis,2685,Bologna,6.77,149.0,22,2,2,1,1,0.89,3,368,81,449,81.96,179,200,72,9,2,28.57,10,5,2,0,0,11,18.64,15,4,6,12,30.77,16,55.17,28,41.18,918,13.33,0,0,0,0,4,1,1,1,6,9,0,1,1,17,42.5,28,0,0,5,159,1,31,13,699,0,12,1,0,5,2,5,0,0,,,,1,0,0,0,0,7,4,0,0,0,0,0,10,0.0,25.0,9,7,59,40,13,0,0,0,40,11,6,60.0,459.0,0,0,0,214,294,0,1.26,0.0,31.0,,22
357598,Josip Brekalo,josip-brekalo,2693,Fiorentina,6.77,74.5,11,1,0,0,0,0.68,1,229,35,264,86.74,80,153,91,6,8,47.06,8,1,0,0,0,4,16.67,9,4,3,22,39.29,1,20.0,23,37.7,654,11.11,0,0,0,0,0,0,1,0,5,4,0,1,0,14,100.0,0,0,0,3,79,2,7,3,367,6,13,0,0,9,1,2,0,0,,,,0,0,0,0,0,10,1,0,0,0,0,0,8,0.0,0.0,6,17,24,38,4,0,0,0,14,11,6,75.0,654.0,0,0,0,86,202,0,0.4,0.0,26.0,,11
928796,Tommaso Pobega,tommaso-pobega,2692,AC Milan,6.77,74.5,11,0,1,0,0,0.07,0,103,29,132,78.03,64,39,16,1,3,50.0,16,6,0,0,0,0,0.0,5,4,1,25,54.35,3,60.0,28,54.9,317,0.0,0,0,0,0,0,0,0,0,4,1,0,0,0,6,54.55,7,0,0,3,42,0,6,1,206,7,8,0,0,7,0,0,0,0,,,,1,0,0,0,0,2,2,0,0,0,0,0,3,0.0,0.0,1,6,0,23,2,0,0,0,11,4,9,56.25,0.0,0,0,0,76,56,0,0.22,0.0,24.0,,11
548178,Rolando Mandragora,rolando-mandragora,2693,Fiorentina,6.77,216.7,32,3,2,4,3,1.67,6,594,128,722,82.27,252,349,181,14,6,60.0,26,9,5,0,0,7,20.59,30,11,13,55,55.0,32,43.24,87,50.0,1602,10.0,0,0,0,0,1,0,2,1,11,19,1,2,0,44,50.0,16,0,1,8,177,2,72,42,940,24,26,0,0,12,0,6,1,0,,,,0,0,0,0,0,22,2,0,0,0,0,0,16,0.0,0.0,13,10,34,87,42,0,0,0,88,24,11,42.31,534.0,0,0,0,281,475,0,3.53,1.0,60.0,,33
1015287,Natan,natan,2714,SSC Napoli,6.77,94.8,14,0,0,0,0,0.19,0,557,79,636,87.58,381,178,55,4,2,50.0,14,8,1,0,1,2,40.0,6,1,4,21,53.85,26,50.98,47,52.22,962,0.0,0,0,0,0,0,0,0,0,5,1,0,0,0,39,47.56,31,0,0,1,98,1,43,18,778,6,13,0,0,5,0,1,0,0,,,,2,0,0,0,0,13,2,0,0,0,0,0,11,0.0,0.0,4,4,5,43,25,0,0,0,82,15,10,71.43,0.0,1,0,0,416,225,0,0.42,0.0,39.0,,14
267619,Adam Marušić,adam-marusic,2699,Lazio,6.77,250.5,37,1,1,0,0,1.11,1,1313,238,1551,84.66,701,623,250,10,14,50.0,45,29,3,1,1,11,25.0,8,3,1,69,51.88,32,49.23,101,51.01,3107,12.5,0,0,0,1,0,0,1,0,4,4,1,0,0,58,48.33,58,1,1,5,363,4,88,41,2145,10,24,0,0,22,4,4,0,0,,,,12,0,0,0,0,30,4,0,0,0,0,0,37,0.0,0.0,10,28,44,97,33,0,0,0,120,34,31,68.89,3107.0,0,0,0,808,787,1,0.43,0.0,154.0,,37
170887,Gian Marco Ferrari,gian-marco-ferrari,2793,Sassuolo,6.77,196.3,29,1,0,3,0,0.73,1,1065,211,1276,83.46,639,429,161,9,3,75.0,22,25,4,0,0,3,21.43,16,6,5,46,62.16,39,49.37,85,55.56,2272,6.25,0,0,0,3,0,0,1,0,14,2,1,0,0,95,47.03,73,0,0,1,243,3,162,82,1534,21,26,1,0,6,0,5,0,0,,,,3,0,0,0,0,41,6,0,0,0,0,0,25,0.0,0.0,9,4,14,68,40,0,0,0,202,47,10,45.45,2272.0,0,0,0,692,598,0,1.56,28.0,95.0,,31
869795,Michael Folorunsho,michael-folorunsho,2701,Hellas Verona,6.77,230.1,34,5,1,7,1,1.15,6,465,253,718,64.76,198,277,124,18,22,34.38,50,17,5,0,0,10,15.63,47,14,27,143,46.73,78,49.68,221,47.73,2799,10.64,0,0,1,0,0,0,2,3,25,22,0,3,2,34,39.53,42,0,2,38,456,7,70,24,1328,74,50,2,0,34,11,6,0,0,,,,4,0,0,0,0,38,5,0,0,0,0,0,33,0.0,0.0,18,64,64,242,79,0,0,0,86,43,28,56.0,559.8,0,0,0,250,532,1,3.96,0.0,145.0,,34
1127191,Oussama El Azzouzi,oussama-el-azzouzi,2685,Bologna,6.77,121.8,18,2,2,0,2,0.24,4,351,37,388,90.46,192,160,49,6,0,0.0,12,6,4,0,0,1,50.0,2,2,0,19,40.43,5,29.41,24,37.5,567,100.0,0,0,0,0,0,0,2,0,2,0,0,0,2,28,71.79,12,0,0,5,52,5,13,8,463,7,14,0,0,7,1,0,0,0,,,,1,0,0,0,0,6,2,0,0,0,0,0,5,0.0,0.0,6,3,2,40,12,0,0,0,39,8,7,58.33,283.5,0,0,0,203,187,1,0.47,0.0,37.0,,18
319129,Luka Jović,luka-jovic,2692,AC Milan,6.77,155.6,23,6,1,5,1,0.69,7,132,45,177,74.58,52,80,50,11,7,53.85,6,1,2,1,1,0,0.0,22,13,3,25,50.0,17,51.52,42,50.6,872,27.27,0,0,0,0,0,0,6,0,20,2,1,4,1,2,50.0,9,0,0,12,88,4,8,3,300,12,8,0,0,2,2,6,0,0,,,,0,0,0,0,0,12,4,0,0,0,0,0,8,0.0,0.0,11,13,1,41,16,0,0,0,4,16,4,66.67,145.33,0,0,0,61,117,0,4.92,0.0,20.0,,23
825861,Nedim Bajrami,nedim-bajrami,2793,Sassuolo,6.76,189.4,28,2,3,1,2,1.64,4,305,66,371,82.21,91,231,128,22,17,56.67,13,6,0,0,0,17,21.79,32,9,9,36,45.57,2,15.38,38,41.3,1312,6.25,0,0,0,0,3,0,2,0,11,21,0,0,2,10,76.92,6,0,0,11,186,12,10,4,624,6,12,1,0,8,3,14,0,0,,,,1,0,0,0,0,35,0,0,0,0,0,0,15,0.0,0.0,22,30,78,54,11,0,0,0,13,35,6,46.15,656.0,0,0,0,112,337,1,2.49,0.0,57.0,,28
100580,Nicola Sansone,nicola-sansone,2689,Lecce,6.76,169.1,25,2,1,2,2,0.93,4,198,49,247,80.16,61,146,83,17,11,50.0,11,4,4,0,0,9,32.14,23,5,11,34,38.2,9,40.91,43,38.74,758,8.7,0,0,0,0,2,0,2,0,12,11,0,2,0,9,50.0,4,0,2,18,107,7,17,6,411,12,16,2,0,11,0,7,0,0,,,,0,0,0,0,0,10,1,0,0,0,0,0,4,0.0,0.0,17,22,28,68,13,0,0,0,18,11,6,54.55,379.0,0,0,0,73,202,0,2.81,0.0,37.0,,25
891346,Emanuele Valeri,emanuele-valeri,2801,Frosinone,6.76,108.2,16,0,5,1,1,1.59,1,242,118,360,67.22,98,159,78,24,12,33.33,19,9,3,0,0,15,20.55,19,3,10,39,42.39,9,50.0,48,43.64,1178,0.0,0,0,1,0,0,0,0,0,5,14,0,0,0,16,30.19,18,0,0,7,269,6,39,20,737,8,12,0,0,11,0,6,0,0,,,,4,0,0,0,0,21,1,0,0,0,0,0,14,0.0,0.0,24,36,73,62,9,0,0,0,53,22,16,84.21,0.0,0,0,0,133,300,1,0.87,1.0,62.0,,16
893008,Zeki Çelik,zeki-celik,2702,AS Roma,6.76,108.2,16,0,0,0,0,0.39,0,231,34,265,87.17,105,132,54,9,6,60.0,23,8,1,0,0,6,30.0,2,1,1,32,47.76,3,30.0,35,45.45,677,0.0,0,0,0,0,0,0,0,0,2,0,0,0,0,13,56.52,20,0,0,6,78,5,14,12,450,3,14,0,0,11,0,0,0,0,,,,2,0,0,0,0,10,1,0,0,0,0,0,6,0.0,0.0,9,10,20,42,7,0,0,0,23,11,16,69.57,0.0,0,0,0,119,166,0,0.16,0.0,33.0,,17
356352,Hans Hateboer,hans-hateboer,2686,Atalanta,6.76,155.5,23,0,4,0,1,1.25,1,416,69,485,85.77,166,268,142,22,6,60.0,12,4,5,0,0,18,52.94,11,3,6,21,39.62,18,62.07,39,47.56,1124,0.0,0,0,0,1,0,0,0,0,7,4,0,0,0,11,39.29,21,0,0,4,118,1,19,9,730,3,16,0,0,10,0,2,0,0,,,,3,0,0,0,0,12,4,0,0,0,0,0,10,0.0,0.0,22,10,34,43,11,0,0,0,28,16,5,41.67,0.0,0,0,0,182,337,0,0.35,0.0,34.0,,23
865523,Noah Okafor,noah-okafor,2692,AC Milan,6.76,189.3,28,6,2,3,2,0.48,8,116,50,166,69.88,40,79,32,8,14,45.16,6,0,1,0,0,3,13.64,22,14,7,29,38.16,7,33.33,36,37.11,881,27.27,0,0,0,0,0,0,6,0,19,3,0,1,5,3,42.86,10,0,0,14,131,5,6,4,336,9,12,1,0,7,2,1,0,0,,,,0,0,0,0,0,14,3,0,0,0,0,0,6,0.0,0.0,8,31,22,61,14,0,0,0,7,17,4,66.67,146.83,0,0,0,47,141,0,3.81,0.0,27.0,,28
1137730,Joan González,joan-gonzalez,2689,Lecce,6.76,189.3,28,1,2,3,1,0.75,2,341,104,445,76.63,154,189,105,15,19,67.86,31,5,6,0,0,2,20.0,13,5,6,80,64.0,28,43.75,108,57.14,1283,7.69,0,0,0,0,0,0,1,0,8,5,0,0,1,23,56.1,7,0,0,11,162,8,27,13,675,33,15,1,0,11,1,2,0,0,,,,0,0,0,0,0,19,4,0,0,0,0,0,13,0.0,0.0,15,28,10,81,36,0,0,0,41,23,18,58.06,1283.0,0,0,0,187,268,0,1.2,0.0,81.0,,29
802665,Nemanja Radonjić,nemanja-radonjic,2696,Torino,6.76,67.6,10,3,0,2,0,0.27,3,53,22,75,70.67,9,46,26,3,10,47.62,1,0,1,0,0,2,18.18,12,5,3,16,48.48,0,0.0,16,42.11,383,25.0,0,0,0,0,0,0,2,1,8,4,0,1,2,3,100.0,0,0,0,3,61,0,4,4,156,5,1,0,0,2,4,4,0,0,,,,0,0,0,0,0,5,0,0,0,0,0,0,4,0.0,0.0,3,21,11,22,5,0,0,0,3,5,1,100.0,127.67,0,0,0,12,74,0,1.71,0.0,13.0,,10
1157713,Isak Hien,isak-hien,2686,Atalanta,6.76,169.0,25,0,0,0,1,0.13,1,739,125,864,85.53,544,195,49,1,5,45.45,35,21,4,1,1,0,0.0,8,3,5,51,45.54,70,64.22,121,54.75,1800,0.0,0,0,0,0,0,0,0,0,8,0,0,0,0,49,54.44,63,1,0,10,154,3,39,21,1111,11,29,0,0,17,2,0,0,0,,,,5,0,0,0,0,17,5,0,0,0,0,0,18,0.0,0.0,1,11,0,100,39,0,0,0,90,22,22,62.86,0.0,0,0,0,603,261,0,0.63,6.0,126.0,,26
791355,Eldor Shomurodov,eldor-shomurodov,2719,Cagliari,6.76,148.7,22,3,5,2,3,1.11,6,149,71,220,67.73,54,98,59,10,10,38.46,11,4,1,0,0,3,42.86,21,7,10,32,39.51,21,32.31,53,36.3,958,14.29,0,0,0,0,0,0,3,0,20,1,0,0,3,2,33.33,4,0,0,19,161,7,12,3,398,11,11,1,0,4,2,4,0,0,,,,0,0,0,0,0,20,3,0,0,0,0,0,10,0.0,0.0,10,26,7,93,44,0,0,0,6,23,4,36.36,319.33,0,0,0,68,159,1,3.53,0.0,38.0,,22
610766,Tammy Abraham,tammy-abraham,2702,AS Roma,6.76,47.3,7,1,0,0,0,0.05,1,19,18,37,51.35,7,12,7,3,2,33.33,3,0,1,0,0,0,0.0,4,2,1,10,45.45,6,54.55,16,48.48,240,25.0,0,0,1,0,0,0,1,0,4,0,1,0,0,0,0.0,4,0,0,2,37,1,3,1,80,5,6,0,0,0,2,1,0,0,,,,0,0,0,0,0,4,0,0,0,0,0,0,2,0.0,0.0,3,6,2,17,5,0,0,0,1,4,1,33.33,240.0,0,0,0,9,30,0,0.6,0.0,1.0,,8
377302,Georgios Kyriakopoulos,georgios-kyriakopoulos,2729,Monza,6.76,189.2,28,0,3,3,3,2.0,3,737,121,858,85.9,368,397,177,21,18,62.07,19,13,3,0,0,28,33.33,24,2,10,51,51.52,12,37.5,63,48.09,1725,0.0,0,0,0,1,1,0,0,0,9,15,0,0,0,28,45.9,19,0,0,10,228,5,55,27,1285,14,15,0,0,13,2,12,0,0,,,,1,0,0,0,0,22,3,0,0,0,0,0,20,0.0,0.0,21,29,84,68,20,0,0,0,61,25,10,52.63,0.0,0,0,0,408,534,0,1.2,0.0,71.0,,28
814882,Nikola Moro,nikola-moro,2685,Bologna,6.76,155.4,23,1,0,0,0,0.75,1,462,91,553,83.54,198,267,112,11,5,50.0,21,7,0,0,0,3,23.08,11,1,8,34,50.0,5,27.78,39,45.35,846,9.09,0,0,0,0,1,0,1,0,4,7,0,0,1,34,70.83,10,0,0,11,128,4,28,15,694,9,11,0,0,7,0,2,0,0,,,,0,0,0,0,0,10,2,0,0,0,0,0,10,0.0,0.0,11,10,13,47,13,0,0,0,48,12,16,76.19,846.0,0,0,0,224,342,0,0.71,0.0,46.0,,23
934238,Filippo Ranocchia,filippo-ranocchia,2705,Empoli,6.76,60.8,9,0,1,0,0,0.99,0,149,55,204,73.04,78,72,38,4,6,75.0,16,3,3,0,0,1,10.0,6,2,3,30,50.0,6,60.0,36,51.43,477,0.0,0,0,0,0,2,0,0,0,1,5,0,0,0,13,33.33,11,0,0,8,86,3,30,15,311,8,11,0,0,9,0,1,0,0,,,,0,0,0,0,0,7,2,0,0,0,0,0,5,0.0,0.0,4,8,10,34,4,0,0,0,39,9,11,68.75,0.0,0,0,0,87,127,0,0.23,0.0,16.0,,9
150998,Sardar Azmoun,sardar-azmoun,2702,AS Roma,6.75,148.6,22,3,3,2,0,0.45,3,106,47,153,69.28,42,65,39,8,4,36.36,8,3,4,0,0,1,50.0,16,7,4,22,44.0,14,46.67,36,45.0,595,18.75,0,0,2,0,0,0,3,0,14,2,1,0,2,1,20.0,6,0,1,10,83,4,5,2,258,11,8,1,0,4,2,5,0,0,,,,1,0,0,0,0,5,1,0,0,0,0,0,3,0.0,0.0,8,11,2,44,16,0,0,0,5,6,5,62.5,198.33,0,0,0,57,98,0,2.95,0.0,19.0,,23
982615,El Bilal Touré,el-bilal-toure,2686,Atalanta,6.75,74.3,11,2,1,1,0,0.62,2,92,32,124,74.19,15,77,56,7,3,25.0,1,1,2,0,0,0,0.0,12,5,3,12,24.0,14,50.0,26,33.33,391,16.67,0,0,1,0,0,0,2,0,9,3,1,0,1,1,50.0,2,0,0,16,77,2,2,0,204,8,13,0,0,1,3,4,0,0,,,,1,0,0,0,0,2,1,0,0,0,0,0,3,0.0,0.0,7,12,2,52,14,0,0,0,2,3,1,100.0,195.5,0,0,0,19,107,0,1.24,0.0,8.0,,11
595900,Francesco Gelli,francesco-gelli,2801,Frosinone,6.75,168.8,25,0,6,1,0,2.51,0,543,93,636,85.38,248,308,174,25,13,39.39,19,11,3,0,0,13,24.53,10,3,6,70,53.44,17,51.52,87,53.05,1577,0.0,0,0,0,0,0,0,0,0,7,3,0,0,0,10,40.0,24,0,1,14,215,12,42,15,984,40,15,1,0,14,1,1,0,0,,,,1,0,0,0,0,36,4,0,0,0,0,0,16,0.0,0.0,25,33,53,77,16,0,0,0,25,40,13,68.42,0.0,0,0,0,273,416,1,0.69,0.0,82.0,,27
895592,Martín Payero,martin-payero,2695,Udinese,6.75,195.8,29,2,4,0,2,0.93,4,402,114,516,77.91,159,247,136,14,24,42.11,54,15,6,1,1,4,20.0,38,8,19,105,46.46,21,51.22,126,47.19,1806,5.26,0,0,1,0,1,0,2,0,12,26,0,0,2,17,42.5,19,0,0,19,234,8,29,13,903,28,45,0,0,27,1,11,0,0,,,,3,0,0,0,0,25,4,0,0,0,0,0,21,0.0,0.0,14,57,20,141,20,0,0,0,40,29,32,59.26,903.0,0,0,0,181,355,0,1.51,0.0,110.0,,29
100565,Luca Caldirola,luca-caldirola,2729,Monza,6.75,195.8,29,1,1,0,1,0.16,2,1235,121,1356,91.08,900,336,81,5,1,100.0,25,29,5,0,1,1,25.0,9,2,4,42,56.0,31,56.36,73,56.15,2139,11.11,0,0,0,1,0,0,1,0,9,0,1,0,0,83,54.61,50,0,0,1,134,0,59,25,1570,17,24,0,0,9,1,3,0,0,,,,5,0,0,0,0,31,6,0,0,0,0,0,23,0.0,0.0,5,1,4,57,24,0,0,0,152,37,14,56.0,2139.0,1,0,0,951,409,0,0.47,23.0,58.0,,29
1111640,Matteo Prati,matteo-prati,2719,Cagliari,6.75,175.5,26,1,1,1,1,1.18,2,550,179,729,75.45,292,264,113,14,4,44.44,45,15,4,0,0,6,40.0,36,11,13,55,53.92,9,40.91,64,51.61,1972,2.78,0,0,0,0,2,0,1,0,13,23,0,1,0,30,31.91,25,0,1,7,224,9,66,24,978,6,19,2,0,16,0,12,0,0,,,,1,0,0,0,0,41,3,0,0,0,0,0,19,0.0,0.0,14,9,15,60,13,0,0,0,94,44,25,55.56,1972.0,0,0,0,343,401,0,2.02,0.0,115.0,,26
1154898,Luca Lipani,luca-lipani,2793,Sassuolo,6.75,54.0,8,0,0,0,0,0.15,0,122,33,155,78.71,52,71,39,3,2,50.0,9,6,0,0,0,1,20.0,3,1,1,12,37.5,5,41.67,17,38.64,393,0.0,0,0,0,0,0,0,0,0,2,1,0,0,0,11,52.38,7,0,0,4,46,3,7,2,215,1,6,0,0,8,0,1,0,0,,,,0,0,0,0,0,4,1,0,0,0,0,0,5,0.0,0.0,3,4,5,27,7,0,0,0,21,5,7,77.78,0.0,0,0,0,58,102,0,0.1,0.0,22.0,,8
822518,Dodô,dodo,2693,Fiorentina,6.75,54.0,8,0,1,0,0,0.56,0,238,43,281,84.7,113,129,58,10,10,66.67,5,5,0,0,0,4,21.05,2,1,0,21,58.33,6,75.0,27,61.36,528,0.0,0,0,0,0,0,0,0,0,2,0,0,0,0,15,60.0,11,0,0,1,84,1,16,8,411,8,7,0,0,3,0,1,0,0,,,,0,0,0,0,0,10,4,0,0,0,0,0,7,0.0,0.0,10,15,19,17,2,0,0,0,25,14,3,60.0,0.0,0,0,0,124,176,0,0.08,0.0,34.0,,9
1017372,Juan Manuel Cruz,juan-manuel-cruz,2701,Hellas Verona,6.75,27.0,4,0,1,0,0,0.07,0,18,8,26,69.23,2,16,10,1,1,50.0,2,1,0,0,0,0,0.0,1,0,1,3,60.0,1,25.0,4,44.44,107,0.0,0,0,0,0,0,0,0,0,0,1,0,0,0,0,0.0,0,0,0,0,14,0,0,0,39,0,1,0,0,0,0,0,0,0,,,,0,0,0,0,0,0,0,0,0,0,0,0,1,0.0,0.0,1,2,1,5,3,0,0,0,1,0,2,100.0,0.0,0,0,0,4,23,0,0.04,0.0,2.0,,4
111802,Paul Pogba,paul-pogba,2687,Juventus,6.75,13.5,2,0,0,0,0,0.08,0,27,7,34,79.41,7,20,12,1,1,50.0,1,1,0,0,0,0,0.0,0,0,0,3,50.0,1,50.0,4,50.0,52,0.0,0,0,0,0,0,0,0,0,0,0,0,0,0,2,66.67,1,0,0,0,11,0,4,3,45,1,3,0,0,0,0,0,0,0,,,,0,0,0,0,0,0,0,0,0,0,0,0,0,0.0,0.0,1,2,1,4,1,0,0,0,3,0,1,100.0,0.0,0,0,0,9,26,0,0.0,0.0,4.0,,2
161325,Arkadiusz Milik,arkadiusz-milik,2687,Juventus,6.75,209.2,31,4,6,5,1,0.7,5,214,50,264,81.06,78,136,76,15,5,50.0,9,5,2,1,1,0,0.0,37,13,14,40,52.63,24,40.0,64,47.06,925,10.81,0,0,0,0,3,1,3,1,29,8,1,3,0,8,72.73,2,0,0,12,103,3,15,10,432,26,22,2,0,2,11,10,0,0,,,,0,0,0,0,0,4,2,0,0,0,0,0,7,0.0,33.33,15,10,4,72,36,0,0,0,11,6,5,55.56,231.25,0,0,0,87,181,1,5.14,0.0,31.0,,32
788061,M'bala Nzola,mbala-nzola,2693,Fiorentina,6.75,209.2,31,3,2,5,3,1.6,6,278,58,336,82.74,49,231,140,21,14,48.28,11,0,2,0,0,2,33.33,32,13,10,31,27.19,54,42.86,85,35.42,1550,9.38,1,1,1,0,0,0,3,0,31,1,0,2,1,10,83.33,22,0,0,38,183,19,6,6,605,7,37,0,0,1,21,9,0,0,,,,1,0,0,0,0,22,4,0,0,0,0,0,15,100.0,0.0,21,29,6,155,72,0,0,0,12,26,8,72.73,516.67,0,0,0,58,284,0,4.53,0.0,49.0,,33
41157,Darko Lazović,darko-lazovic,2701,Hellas Verona,6.75,209.2,31,3,6,4,2,3.51,5,373,158,531,70.24,118,277,143,31,5,20.83,26,6,0,1,1,22,22.68,34,14,10,36,40.0,8,34.78,44,38.94,1948,8.82,1,1,0,0,2,0,2,1,16,18,0,1,2,23,37.7,13,0,0,16,299,7,58,27,865,5,5,0,0,15,13,10,0,0,,,,1,0,0,0,0,26,2,0,0,0,0,0,22,100.0,0.0,31,24,97,69,15,0,0,0,61,28,16,61.54,649.33,0,0,0,155,473,0,2.84,0.0,67.0,,32
1010223,Fabio Miretti,fabio-miretti,2687,Juventus,6.75,168.7,25,1,0,1,1,1.22,2,331,82,413,80.15,131,210,114,24,21,53.85,18,7,3,0,0,10,31.25,20,3,8,67,46.85,4,25.0,71,44.65,1132,5.0,0,0,0,0,0,0,1,0,9,11,0,0,1,14,58.33,5,0,0,25,184,7,37,18,676,29,22,1,0,16,1,9,0,0,,,,0,0,0,0,0,6,2,0,0,0,0,0,16,0.0,0.0,24,39,32,88,12,0,0,0,24,8,14,77.78,1132.0,0,0,0,145,300,0,1.18,0.0,73.0,,25
965014,Lorenzo Pirola,lorenzo-pirola,2710,Salernitana,6.75,168.7,25,1,0,1,0,0.13,1,857,170,1027,83.45,620,238,53,1,0,0.0,39,25,4,0,0,1,50.0,15,4,9,55,51.89,58,61.05,113,56.22,1991,6.67,0,0,0,2,0,0,1,0,13,2,1,0,0,38,36.89,90,1,0,5,186,0,74,27,1308,16,33,0,0,13,1,2,0,0,,,,0,0,0,0,0,41,8,0,0,0,0,0,24,0.0,0.0,1,4,2,88,37,0,0,0,103,49,23,58.97,1991.0,0,0,0,685,344,0,0.92,13.0,81.0,,27
789234,Martin Erlić,martin-erlic,2793,Sassuolo,6.74,215.7,32,1,0,1,0,0.4,1,966,234,1200,80.5,650,316,96,0,4,66.67,37,28,5,0,0,0,0.0,8,3,2,66,61.68,56,53.85,122,57.82,2624,12.5,0,0,0,2,0,0,1,0,8,0,1,0,0,86,43.43,127,0,1,0,254,2,131,55,1518,26,30,0,0,10,0,3,0,0,,,,3,0,0,0,0,39,8,0,0,0,0,0,31,0.0,0.0,0,6,5,89,48,0,0,0,198,47,22,59.46,2624.0,0,0,0,723,482,1,0.95,8.0,110.0,,32
930191,Lorenzo Colombo,lorenzo-colombo,2729,Monza,6.74,168.5,25,4,0,4,1,0.46,5,182,77,259,70.27,70,113,61,8,12,52.17,17,0,3,0,0,1,50.0,37,10,15,53,43.44,19,22.62,72,34.95,1372,10.81,0,0,0,0,0,0,3,1,24,13,0,1,3,10,62.5,14,0,0,29,183,8,6,4,527,24,25,1,0,6,6,12,0,0,,,,2,0,0,0,0,13,2,0,0,0,0,0,16,0.0,0.0,8,23,2,134,65,0,0,0,16,15,12,70.59,343.0,0,0,0,89,172,1,3.65,0.0,35.0,,25
603738,Junior Sambia,junior-sambia,2710,Salernitana,6.74,121.3,18,1,1,0,2,0.56,3,327,77,404,80.94,145,191,91,12,5,29.41,12,11,4,0,0,9,32.14,12,4,3,32,46.38,23,63.89,55,52.38,1035,8.33,0,0,0,1,5,0,0,1,4,8,0,1,0,17,47.22,26,0,0,12,153,0,23,8,670,15,9,0,0,5,0,5,0,0,,,,0,0,0,0,0,21,2,0,0,0,0,0,10,0.0,0.0,12,17,28,50,13,0,0,0,36,23,5,41.67,1035.0,0,0,0,169,263,1,0.54,0.0,38.0,,18
992912,Berkan Kutlu,berkan-kutlu,2713,Genoa,6.73,40.4,6,0,0,0,0,0.33,0,41,11,52,78.85,11,35,17,5,0,0.0,6,4,0,0,0,5,41.67,4,1,0,10,47.62,2,50.0,12,48.0,192,0.0,0,0,0,0,0,0,0,0,3,1,0,0,0,6,66.67,4,0,0,3,22,1,7,3,104,4,4,0,0,3,0,3,0,0,,,,0,0,0,0,0,4,0,0,0,0,0,0,0,0.0,0.0,5,1,12,13,2,0,0,0,9,4,4,66.67,0.0,0,0,0,16,48,0,0.15,0.0,6.0,,6
158235,Koffi Djidji,koffi-djidji,2696,Torino,6.73,80.8,12,0,0,0,0,0.11,0,365,54,419,87.11,256,109,33,0,3,50.0,14,10,2,0,0,0,0.0,2,0,0,18,51.43,8,57.14,26,53.06,760,0.0,0,0,0,0,0,0,0,0,0,2,0,0,0,17,45.95,15,0,0,2,72,0,15,5,512,1,11,0,0,1,0,2,0,0,,,,2,0,0,0,0,6,2,0,0,0,0,0,8,0.0,0.0,0,6,2,23,6,0,0,0,37,8,9,64.29,0.0,0,0,0,273,148,0,0.05,0.0,37.0,,13
869888,Alessio Zerbin,alessio-zerbin,2729,Monza,6.73,127.9,19,0,2,1,1,1.48,1,226,48,274,82.48,104,137,75,16,15,46.88,23,3,0,0,1,15,39.47,9,3,3,55,45.83,3,21.43,58,43.28,841,0.0,0,0,0,0,0,0,0,0,4,5,0,0,0,18,64.29,4,0,0,10,130,2,14,10,513,17,25,0,0,14,0,3,0,0,,,,0,0,0,0,0,6,1,0,0,0,0,0,8,0.0,0.0,16,32,38,76,11,0,0,0,28,7,12,52.17,0.0,1,0,0,121,191,0,0.63,0.0,46.0,,20
35428,Pedro,pedro,2699,Lazio,6.73,215.4,32,1,5,2,1,1.48,2,352,58,410,85.85,134,223,105,17,14,50.0,16,3,4,0,0,5,25.0,11,4,5,49,49.0,2,16.67,51,45.54,816,9.09,0,0,0,0,1,0,1,0,3,8,0,0,1,11,52.38,1,0,0,17,136,7,25,14,597,19,13,1,0,9,4,2,0,0,,,,0,0,0,0,0,8,1,0,0,0,0,0,5,0.0,0.0,17,28,20,61,10,0,0,0,21,9,12,75.0,816.0,0,0,0,147,283,0,1.51,0.0,49.0,,33
385330,Simone Bastoni,simone-bastoni,2705,Empoli,6.73,107.7,16,1,1,0,0,0.96,1,199,81,280,71.07,76,132,64,12,4,44.44,22,11,3,0,0,9,25.0,7,1,4,38,48.72,9,45.0,47,47.96,754,14.29,0,0,0,0,2,0,1,0,3,4,1,0,0,14,33.33,18,0,0,9,141,3,42,18,502,13,17,0,0,11,0,2,0,0,,,,0,0,0,0,0,12,2,0,0,0,0,0,9,0.0,0.0,12,9,36,51,11,0,0,0,42,14,13,59.09,754.0,0,0,0,104,212,0,0.39,0.0,37.0,,16
1106257,Anthony Oyono,anthony-oyono,2801,Frosinone,6.73,107.7,16,0,2,0,1,0.65,1,398,86,484,82.23,199,202,96,10,12,48.0,37,9,4,0,0,3,27.27,4,1,2,60,56.07,13,59.09,73,56.59,1204,0.0,0,0,0,0,0,0,0,0,3,1,0,0,0,14,40.0,27,0,0,11,152,4,27,8,819,11,13,0,0,11,0,1,0,0,,,,2,0,0,0,0,19,4,0,0,0,0,0,14,0.0,0.0,10,25,11,56,9,0,0,0,35,23,26,70.27,0.0,0,0,0,227,268,0,0.18,0.0,73.0,,16
1017649,Matteo Cancellieri,matteo-cancellieri,2705,Empoli,6.73,242.3,36,4,5,6,2,2.08,6,215,113,328,65.55,81,138,78,17,37,44.58,35,6,7,0,0,4,9.52,40,13,19,124,47.15,32,32.32,156,43.09,1784,10.0,0,0,1,1,1,0,4,0,31,9,1,3,0,5,25.0,15,0,0,35,306,5,14,5,792,52,35,2,0,23,13,8,0,0,,,,2,0,0,0,0,23,3,0,0,0,0,0,18,0.0,0.0,17,83,42,206,67,0,0,0,20,26,22,62.86,446.0,0,0,0,112,258,0,4.69,0.0,70.0,,36
1127590,Mohamed Kaba,mohamed-kaba,2689,Lecce,6.73,154.8,23,0,1,2,0,0.78,0,345,81,426,80.99,139,208,107,13,14,63.64,39,12,2,0,1,2,28.57,14,6,7,73,51.41,22,55.0,95,52.2,1392,0.0,0,0,0,0,0,0,0,0,8,6,0,0,0,14,48.28,13,0,0,21,160,7,31,17,682,21,26,1,0,17,0,1,0,0,,,,0,0,0,0,0,21,2,0,0,0,0,0,15,0.0,0.0,13,22,7,87,18,0,0,0,29,23,23,58.97,0.0,1,0,0,159,274,0,1.18,0.0,84.0,,23
1012172,Tommaso Baldanzi,tommaso-baldanzi,2702,AS Roma,6.73,181.7,27,2,3,1,0,1.5,2,359,62,421,85.27,106,261,142,17,15,36.59,13,2,3,0,0,8,34.78,29,9,6,58,48.33,1,11.11,59,45.74,1271,6.9,0,0,0,0,0,0,1,1,17,12,0,0,2,10,58.82,3,0,0,20,160,10,14,7,671,30,11,1,0,7,3,14,0,0,,,,0,0,0,0,0,16,4,0,0,0,0,0,14,0.0,0.0,17,41,23,70,8,0,0,0,17,20,7,53.85,635.5,0,0,0,118,326,0,2.96,0.0,47.0,,27
341143,Giovanni Simeone,giovanni-simeone,2714,SSC Napoli,6.73,181.7,27,1,1,5,0,0.8,1,130,49,179,72.63,44,88,47,9,5,50.0,12,1,3,0,0,2,33.33,35,12,19,29,43.94,22,50.0,51,46.36,845,2.86,0,0,1,0,0,0,1,0,28,7,1,0,0,3,33.33,5,0,0,13,99,5,5,3,334,13,12,1,0,9,6,4,0,0,,,,0,0,0,0,0,9,3,0,0,0,0,0,8,0.0,0.0,9,10,6,59,22,0,0,0,9,12,4,33.33,845.0,0,0,0,50,135,0,3.37,0.0,21.0,,28
857671,Jens-Lys Cajuste,jens-lys-cajuste,2714,SSC Napoli,6.73,174.9,26,0,1,2,2,0.69,2,361,59,420,85.95,144,218,104,15,17,62.96,36,4,7,0,0,1,16.67,16,3,8,64,50.39,15,45.45,79,49.38,1031,0.0,0,0,0,1,0,0,0,0,12,4,0,0,0,9,75.0,14,0,0,10,106,4,11,6,619,11,29,2,0,17,1,5,0,0,,,,0,0,0,0,0,15,3,0,0,0,0,0,11,0.0,0.0,15,27,6,81,18,0,0,0,12,18,24,66.67,0.0,0,0,0,159,267,1,1.47,0.0,46.0,,26
897594,Domagoj Bradarić,domagoj-bradaric,2710,Salernitana,6.73,228.7,34,0,4,0,3,1.65,3,987,223,1210,81.57,535,473,208,36,20,45.45,29,32,5,0,0,21,25.93,19,4,10,81,55.86,25,47.17,106,53.54,2753,0.0,0,0,0,0,0,0,0,0,9,10,0,0,0,36,35.29,50,1,0,17,431,9,104,37,1878,34,14,0,0,10,0,5,0,0,,,,2,0,0,0,0,59,6,0,0,0,0,0,30,0.0,0.0,36,44,81,92,28,0,0,0,102,65,20,68.97,0.0,0,0,0,619,672,0,0.77,0.0,150.0,,34
43905,Francesco Caputo,francesco-caputo,2705,Empoli,6.73,134.5,20,3,2,3,0,0.76,3,162,51,213,76.06,64,98,62,10,5,55.56,2,1,0,0,0,0,0.0,23,10,8,21,46.67,12,34.29,33,41.25,1274,13.04,1,1,0,0,0,0,3,0,21,2,1,0,2,5,62.5,3,0,0,12,89,6,6,4,320,14,10,0,0,1,20,5,0,0,,,,1,0,0,0,0,19,3,0,0,0,0,0,15,100.0,0.0,10,9,1,47,23,0,0,0,8,22,0,0.0,424.67,0,0,0,74,140,0,3.43,0.0,19.0,,20
830858,Keinan Davis,keinan-davis,2695,Udinese,6.73,53.8,8,1,0,1,0,0.19,1,36,14,50,72.0,8,28,22,3,3,75.0,0,0,2,0,0,0,0.0,6,3,3,6,40.0,9,64.29,15,51.72,196,16.67,0,0,0,0,0,0,1,0,4,2,0,1,0,0,0.0,3,0,0,3,30,1,1,1,83,3,5,1,0,0,3,0,0,0,,,,0,0,0,0,0,1,1,0,0,0,0,0,0,0.0,0.0,3,4,0,14,5,0,0,0,0,2,0,0.0,196.0,0,0,0,9,41,0,0.51,0.0,5.0,,8
945798,Djed Spence,djed-spence,2713,Genoa,6.73,107.6,16,0,0,0,0,0.39,0,213,54,267,79.78,111,109,52,6,11,55.0,16,8,1,0,0,7,58.33,2,1,0,36,52.17,12,46.15,48,50.53,853,0.0,0,0,0,0,0,0,0,0,2,0,0,0,0,8,38.1,21,0,0,16,111,4,13,7,494,9,7,0,0,2,1,1,0,0,,,,2,0,0,0,0,8,1,0,0,0,0,0,8,0.0,0.0,6,20,12,47,14,0,0,0,21,9,10,62.5,0.0,0,0,0,129,150,0,0.17,0.0,46.0,,16
1034303,Filippo Terracciano,filippo-terracciano,2692,AC Milan,6.72,141.2,21,0,2,1,1,1.35,1,431,140,571,75.48,226,226,89,18,13,56.52,32,20,2,0,0,21,35.59,8,3,3,77,55.4,20,50.0,97,54.19,1386,0.0,0,0,0,1,0,0,0,0,4,4,0,0,0,33,42.31,18,0,0,20,261,3,59,23,980,33,18,1,0,16,0,2,0,0,,,,2,0,0,0,0,18,3,0,0,0,0,0,15,0.0,0.0,18,23,59,82,20,0,0,0,78,21,21,65.63,0.0,0,0,0,266,364,0,0.32,0.0,80.0,,21
983815,Yunus Musah,yunus-musah,2692,AC Milan,6.72,194.9,29,0,2,0,2,0.72,2,535,66,601,89.02,223,317,164,14,22,52.38,25,10,5,0,0,5,17.86,14,5,3,68,51.52,14,43.75,82,50.0,1487,0.0,0,0,0,0,0,0,0,0,7,7,0,0,0,15,62.5,14,1,0,15,169,4,9,5,889,21,22,1,0,7,2,6,0,0,,,,2,0,0,0,0,17,6,0,0,0,0,0,13,0.0,0.0,14,42,28,82,18,0,0,0,24,23,14,56.0,0.0,0,0,0,240,389,0,0.59,0.0,74.0,,30
976401,João Ferreira,joao-ferreira,2695,Udinese,6.72,228.5,34,0,1,0,1,0.93,1,536,170,706,75.92,295,250,103,14,18,60.0,58,29,9,0,0,9,42.86,3,0,2,87,52.73,18,56.25,105,53.3,1835,0.0,0,0,1,1,0,0,0,0,2,1,0,0,0,51,44.74,76,0,0,8,254,4,80,33,1169,11,35,0,0,24,2,1,1,0,,,,1,0,0,0,0,26,5,0,0,0,0,0,18,0.0,0.0,13,30,21,92,14,0,0,0,114,31,42,72.41,0.0,0,0,0,364,363,1,0.13,0.0,106.0,,35
1142248,Arijon Ibrahimović,arijon-ibrahimovic,2801,Frosinone,6.72,100.8,15,1,2,1,1,0.69,2,154,55,209,73.68,42,114,70,8,4,36.36,7,1,1,0,0,2,28.57,12,4,3,15,37.5,5,38.46,20,37.74,511,8.33,0,0,0,0,0,0,1,0,5,7,0,0,1,6,66.67,3,0,0,7,94,2,7,3,303,4,3,0,0,8,2,5,0,0,,,,0,0,0,0,0,6,1,0,0,0,0,0,5,0.0,0.0,8,11,7,33,8,0,0,0,9,7,6,85.71,511.0,0,0,0,54,162,1,0.8,0.0,19.0,,16
857772,Hamza Rafia,hamza-rafia,2689,Lecce,6.72,181.4,27,1,0,0,0,1.1,1,348,113,461,75.49,122,233,113,15,12,46.15,44,11,4,0,0,7,18.42,16,3,5,90,51.72,9,31.03,99,48.77,1220,6.25,0,0,0,0,0,0,0,1,5,11,0,0,1,15,37.5,9,0,0,22,212,11,37,9,758,34,31,0,1,17,2,8,0,0,,,,0,0,0,0,0,20,1,0,0,0,0,0,17,0.0,0.0,15,26,38,104,20,0,0,0,40,21,31,70.45,1220.0,0,0,0,146,353,0,0.82,0.0,70.0,,28
148458,Gianluca Caprari,gianluca-caprari,2729,Monza,6.72,40.3,6,0,1,1,0,0.74,0,93,20,113,82.3,27,69,34,11,3,37.5,2,2,0,0,0,3,37.5,8,0,3,10,35.71,0,0.0,10,30.3,292,0.0,0,0,0,0,1,0,0,0,5,3,0,0,0,9,75.0,0,0,0,9,49,1,7,7,171,5,3,0,0,1,2,5,0,0,,,,0,0,0,0,0,5,0,0,0,0,0,0,4,0.0,0.0,11,8,8,23,5,0,0,0,12,5,1,50.0,0.0,0,0,0,31,90,0,0.69,0.0,11.0,,6
170499,Simy,simy,2710,Salernitana,6.71,94.0,14,3,1,4,0,0.41,3,82,49,131,62.6,31,51,28,5,1,50.0,6,0,0,0,0,0,0.0,13,7,4,23,42.59,25,37.31,48,39.67,699,23.08,0,0,0,0,0,0,3,0,13,0,1,1,1,2,66.67,4,0,0,19,104,2,5,5,254,17,11,1,0,2,2,2,0,0,,,,0,0,0,0,0,11,2,0,0,0,0,0,6,0.0,0.0,5,2,0,73,42,0,0,0,3,13,3,50.0,233.0,0,0,0,41,90,1,2.67,0.0,13.0,,15
884980,Brenner,brenner,2695,Udinese,6.71,47.0,7,0,0,1,0,0.04,0,47,6,53,88.68,11,36,18,2,2,40.0,8,0,0,0,0,0,0.0,4,2,1,13,61.9,0,0.0,13,56.52,192,0.0,0,0,0,0,0,0,0,0,3,1,0,0,0,3,100.0,1,0,0,2,21,4,2,1,97,3,0,0,0,3,1,1,0,0,,,,0,0,0,0,0,1,0,0,0,0,0,0,2,0.0,0.0,2,5,1,10,2,0,0,0,3,1,7,87.5,0.0,0,0,0,11,43,0,0.39,0.0,15.0,,8
609206,Kingsley Ehizibue,kingsley-ehizibue,2695,Udinese,6.71,147.7,22,0,0,1,1,0.49,1,145,61,206,70.39,67,84,52,8,11,64.71,22,8,4,0,0,6,35.29,18,3,6,54,60.67,12,48.0,66,57.89,969,0.0,0,0,0,0,0,0,0,0,11,7,0,0,0,6,30.0,32,0,0,10,118,6,11,2,455,21,12,0,0,7,5,9,0,0,,,,0,0,0,0,0,14,1,0,0,0,0,0,11,0.0,0.0,8,17,17,48,13,0,0,0,20,15,14,63.64,0.0,0,0,0,92,131,0,1.28,0.0,44.0,,23
984998,Santiago Pierotti,santiago-pierotti,2689,Lecce,6.71,60.4,9,0,1,0,2,0.64,2,47,15,62,75.81,14,34,12,2,7,63.64,8,1,0,0,0,1,25.0,7,3,3,18,40.91,2,16.67,20,35.71,197,0.0,0,0,0,0,0,0,0,0,6,1,0,0,0,2,50.0,0,0,0,5,38,0,3,1,125,3,13,0,0,6,0,1,0,0,,,,0,0,0,0,0,4,0,0,0,0,0,0,0,0.0,0.0,2,11,4,36,10,0,0,0,4,4,8,100.0,0.0,0,0,0,18,48,0,0.49,0.0,8.0,,11
892924,Hamed Junior Traorè,hamed-junior-traore,2714,SSC Napoli,6.71,60.4,9,0,1,1,0,0.34,0,166,23,189,87.83,57,110,50,8,5,50.0,4,2,1,0,0,1,14.29,10,3,6,16,43.24,1,16.67,17,39.53,383,0.0,0,0,0,0,0,0,0,0,2,8,0,0,0,10,83.33,1,0,1,7,49,3,11,9,263,7,4,0,0,5,1,1,0,0,,,,0,0,0,0,0,3,3,0,0,0,0,0,5,0.0,0.0,8,10,7,26,5,0,0,0,12,6,2,50.0,0.0,0,0,0,62,134,0,0.86,0.0,20.0,,9
190933,Mirko Marić,mirko-maric,2729,Monza,6.71,67.1,10,1,1,1,0,0.19,1,66,24,90,73.33,28,38,23,5,1,25.0,4,2,0,1,1,0,0.0,7,2,4,10,43.48,11,39.29,21,41.18,284,14.29,0,0,0,0,0,0,1,0,6,1,1,0,0,1,100.0,3,0,0,5,43,2,1,0,149,5,4,0,0,2,3,1,0,0,,,,0,0,0,0,0,3,0,0,0,0,0,0,1,0.0,0.0,5,4,1,30,17,0,0,0,1,3,0,0.0,284.0,0,0,0,34,57,0,0.86,0.0,11.0,,10
1155625,Cristian Volpato,cristian-volpato,2793,Sassuolo,6.71,140.9,21,1,1,0,0,1.42,1,179,72,251,71.31,51,141,87,17,25,54.35,16,1,1,0,0,13,27.66,12,6,3,50,45.05,7,50.0,57,45.6,639,8.33,0,0,0,0,0,0,1,0,4,8,0,1,0,12,52.17,4,0,0,12,161,10,22,6,448,9,15,0,0,16,1,3,1,0,,,,0,0,0,0,0,12,4,0,0,0,0,0,5,0.0,0.0,16,46,47,68,7,0,0,0,23,16,8,50.0,639.0,0,0,0,69,229,0,0.5,0.0,45.0,,22
970938,Niccolò Pierozzi,niccolo-pierozzi,2710,Salernitana,6.71,80.5,12,1,0,0,0,0.12,1,239,67,306,78.1,145,96,28,1,1,50.0,17,11,6,0,0,2,33.33,8,2,3,28,42.42,17,65.38,45,48.91,873,12.5,0,0,1,0,0,0,1,0,6,2,1,0,0,18,36.0,32,0,0,0,94,0,20,6,483,10,28,1,0,11,0,3,0,0,,,,1,0,0,0,0,17,3,0,0,0,0,0,11,0.0,0.0,1,2,6,47,9,0,0,0,50,20,11,64.71,873.0,0,0,0,163,149,0,0.25,0.0,36.0,,12
855810,Timothy Weah,tim-weah,2687,Juventus,6.71,201.2,30,0,1,2,1,1.14,1,437,79,516,84.69,169,273,145,14,5,50.0,27,5,5,0,0,5,13.16,12,2,4,40,53.33,10,43.48,50,51.02,1271,0.0,0,0,0,0,0,0,0,0,5,7,0,0,0,8,47.06,12,0,0,10,151,6,19,9,742,8,15,0,0,5,2,6,1,0,,,,3,0,0,0,0,10,2,0,0,0,0,0,12,0.0,0.0,13,10,38,48,13,0,0,0,17,12,20,74.07,0.0,0,0,0,190,364,0,1.52,0.0,58.0,,30
259995,Adam Masina,adam-masina,2696,Torino,6.71,127.4,19,0,0,1,0,0.39,0,569,88,657,86.61,428,141,54,3,1,100.0,21,13,2,0,0,0,0.0,6,2,3,27,39.13,26,60.47,53,47.32,1110,0.0,0,0,0,1,0,0,0,0,4,2,0,0,0,29,50.88,35,0,0,7,116,1,53,32,807,5,21,0,0,17,0,1,0,0,,,,4,0,0,0,0,10,4,0,0,0,0,0,11,0.0,0.0,3,1,4,59,17,0,0,0,57,14,12,57.14,0.0,0,0,0,459,202,0,0.3,6.0,54.0,,20
1000366,Warren Bondo,warren-bondo,2729,Monza,6.7,167.6,25,1,1,1,1,0.25,2,553,60,613,90.21,295,259,105,7,13,76.47,29,6,9,0,0,1,50.0,17,4,3,61,51.26,10,58.82,71,52.21,1471,5.88,0,0,0,1,0,0,0,1,8,9,0,0,1,19,61.29,12,0,0,19,105,3,7,3,803,19,31,0,0,4,0,10,0,0,,,,2,0,0,0,0,22,5,0,0,0,0,0,14,0.0,0.0,7,17,2,65,7,0,0,0,31,27,22,75.86,1471.0,0,0,0,323,292,0,0.95,0.0,70.0,,25
105905,Sulemana,sulemana,2719,Cagliari,6.7,140.7,21,2,0,0,0,0.19,2,359,77,436,82.34,191,170,75,4,9,52.94,36,7,4,0,0,2,15.38,13,3,7,56,52.83,13,38.24,69,49.29,1342,15.38,0,0,0,0,0,0,1,1,4,9,0,0,2,28,50.0,15,0,0,16,134,7,24,9,659,11,18,0,0,10,1,3,0,0,,,,2,0,0,0,0,23,3,0,0,0,0,0,16,0.0,0.0,4,17,13,71,21,0,0,0,56,26,14,38.89,671.0,0,0,0,219,230,0,0.76,0.0,85.0,,21
973290,Tajon Buchanan,tajon-buchanan,2697,Inter,6.7,67.0,10,1,1,0,0,0.11,1,55,4,59,93.22,16,40,27,2,4,50.0,1,0,0,0,0,1,9.09,4,1,0,11,61.11,0,0.0,11,52.38,161,25.0,0,0,0,0,0,0,1,0,3,1,0,0,1,2,66.67,3,0,0,1,26,2,0,0,107,6,1,0,0,1,1,3,0,0,,,,0,0,0,0,0,0,0,0,0,0,0,0,0,0.0,0.0,2,8,11,10,3,0,0,0,3,0,1,100.0,161.0,0,0,0,16,54,0,0.2,0.0,6.0,,10
807291,Pedro Pereira,pedro-pereira,2729,Monza,6.7,140.7,21,0,2,0,2,0.99,2,342,71,413,82.81,144,208,117,14,5,55.56,19,4,3,0,0,10,27.03,3,0,1,27,47.37,5,45.45,32,47.06,833,0.0,0,0,0,0,0,0,0,0,3,0,0,0,0,12,38.71,15,0,0,8,131,0,23,12,619,3,11,0,0,8,1,2,0,0,,,,1,0,0,0,0,15,2,0,0,0,0,0,9,0.0,0.0,14,9,37,36,6,0,0,0,31,17,13,68.42,0.0,0,0,0,173,277,1,0.19,0.0,41.0,,23
786175,Federico Baschirotto,federico-baschirotto,2689,Lecce,6.7,247.9,37,0,1,4,1,0.32,1,1507,285,1792,84.1,1168,339,86,2,0,0.0,21,23,3,1,1,0,0.0,17,6,8,25,40.98,93,56.02,118,51.98,3295,0.0,0,0,0,2,0,0,0,0,16,1,0,0,0,124,46.79,142,1,0,4,309,0,124,49,2111,4,30,1,0,7,0,3,0,0,,,,6,0,0,0,0,48,6,0,0,0,0,0,37,0.0,0.0,2,0,3,109,73,0,0,0,265,54,12,57.14,0.0,0,0,0,1266,529,0,1.75,61.0,153.0,,37
580512,Tyronne Ebuehi,tyronne-ebuehi,2705,Empoli,6.7,100.5,15,0,1,1,1,0.64,1,321,107,428,75.0,190,136,66,11,4,36.36,14,6,0,0,0,5,21.74,5,1,1,27,56.25,8,30.77,35,47.3,1096,0.0,0,0,0,0,0,0,0,0,4,1,0,0,0,18,36.73,21,0,1,4,175,3,46,17,690,9,7,0,0,4,3,3,0,0,,,,3,0,0,0,0,12,3,0,0,0,0,0,11,0.0,0.0,11,11,23,39,18,0,0,0,49,15,9,64.29,0.0,0,0,0,234,217,0,0.27,0.0,70.0,,15
1100840,Andrea Ferraris,ferraris-andrea,2729,Monza,6.7,6.7,1,0,0,0,0,0.01,0,3,0,3,100.0,0,3,2,0,0,0.0,1,0,0,0,0,0,0.0,0,0,0,1,100.0,0,0.0,1,50.0,9,0.0,0,0,0,0,0,0,0,0,0,0,0,0,0,0,0.0,0,0,0,0,0,0,0,0,5,0,0,0,0,0,0,0,0,0,,,,0,0,0,0,0,0,0,0,0,0,0,0,0,0.0,0.0,0,0,0,1,1,0,0,0,0,0,1,100.0,0.0,0,0,0,0,3,0,,0.0,0.0,,1
26965,Benoît Costil,benoit-costil,2710,Salernitana,6.7,87.1,13,0,0,0,0,0.03,0,213,168,381,55.91,162,51,8,1,0,0.0,2,0,0,0,0,0,0.0,0,0,0,2,66.67,1,100.0,3,75.0,1170,0.0,0,0,0,0,0,0,0,0,0,0,0,0,0,77,31.82,9,0,1,0,172,0,25,15,485,1,0,0,0,1,0,0,0,39,,,,1,3,0,26,12,25,4,4,7,6,1,0,13,0.0,0.0,1,0,1,1,0,0,0,0,242,29,1,50.0,0.0,0,0,8,193,189,1,,104.0,86.0,,13
295133,Edoardo Goldaniga,edoardo-goldaniga,2719,Cagliari,6.7,87.1,13,0,0,2,0,0.36,0,417,98,515,80.97,256,166,56,4,0,0.0,12,15,3,0,0,5,50.0,4,3,1,22,56.41,18,46.15,40,51.28,1013,0.0,0,0,0,0,0,0,0,0,4,0,0,0,0,52,49.52,35,1,0,0,122,1,70,34,664,10,14,0,0,6,3,0,0,0,,,,1,0,0,0,0,16,1,0,0,0,0,0,12,0.0,0.0,4,0,10,38,21,0,0,0,105,17,7,58.33,0.0,0,0,0,277,248,0,0.55,1.0,37.0,,13
188405,Samu Castillejo,samu-castillejo,2793,Sassuolo,6.7,113.9,17,0,1,0,0,0.87,0,203,42,245,82.86,49,161,94,15,9,52.94,12,1,2,0,0,7,20.59,6,2,1,39,44.32,2,18.18,41,41.41,549,0.0,0,0,0,0,0,0,0,0,5,1,0,0,0,1,11.11,1,0,0,18,120,6,10,2,417,18,11,0,0,12,1,3,0,0,,,,0,0,0,0,0,11,1,0,0,0,0,0,6,0.0,0.0,15,17,34,58,9,0,0,0,9,12,10,83.33,0.0,0,0,0,56,223,0,0.26,0.0,33.0,,17
792308,José Machín,jose-machin,2729,Monza,6.7,60.3,9,0,0,0,0,0.1,0,111,24,135,82.22,37,74,32,2,1,50.0,6,0,2,0,0,0,0.0,5,0,3,13,68.42,0,0.0,13,61.9,232,0.0,0,0,0,0,2,0,0,0,0,5,0,0,0,8,57.14,5,0,0,1,38,0,7,3,186,6,2,0,0,2,0,2,0,0,,,,0,0,0,0,0,2,0,0,0,0,0,0,2,0.0,0.0,2,2,4,8,2,0,0,0,14,2,1,16.67,0.0,0,0,0,37,102,0,0.15,0.0,15.0,,10
1183625,Giovanni Bonfanti,giovanni-bonfanti,2686,Atalanta,6.7,13.4,2,0,0,0,0,0.03,0,42,10,52,80.77,32,11,2,0,1,100.0,4,1,0,0,0,1,50.0,1,0,1,6,66.67,1,33.33,7,58.33,89,0.0,0,0,0,0,0,0,0,0,1,0,0,0,0,1,20.0,1,0,0,0,12,0,4,2,69,1,2,0,0,1,0,0,0,0,,,,0,0,0,0,0,1,0,0,0,0,0,0,1,0.0,0.0,0,1,2,5,2,0,0,0,5,1,2,50.0,0.0,0,0,0,36,18,0,0.09,0.0,7.0,,2
47741,Chris Smalling,chris-smalling,2702,AS Roma,6.7,53.6,8,0,1,0,0,0.03,0,197,31,228,86.4,149,48,11,1,0,0.0,1,5,0,0,0,0,0.0,1,1,0,2,25.0,24,77.42,26,66.67,389,0.0,0,0,0,0,0,0,0,0,1,0,0,0,0,9,50.0,8,0,0,1,35,0,7,4,266,3,1,0,0,3,0,0,0,0,,,,0,0,0,0,0,7,1,0,0,0,0,0,4,0.0,0.0,1,1,0,13,7,0,0,0,18,8,1,100.0,0.0,0,0,0,163,65,0,0.05,0.0,22.0,,8
1525367,Ebenezer Akinsanmiro,ebenezer-akinsanmiro,2697,Inter,6.7,6.7,1,0,0,0,0,0.04,0,7,1,8,87.5,3,4,2,1,0,0.0,0,0,0,0,0,0,0.0,0,0,0,3,60.0,0,0.0,3,60.0,14,0.0,0,0,0,0,0,0,0,0,0,0,0,0,0,0,0.0,0,0,0,1,3,0,0,0,14,3,0,0,0,1,0,0,0,0,,,,0,0,0,0,0,0,0,0,0,0,0,0,0,0.0,0.0,1,0,0,2,0,0,0,0,0,0,0,0.0,0.0,0,0,0,4,4,0,0.0,0.0,0.0,,1
338099,Przemysław Szymiński,przemysaw-szyminski,2801,Frosinone,6.7,6.7,1,0,0,0,0,0.0,0,1,1,2,50.0,1,0,0,0,0,0.0,0,0,0,0,0,0,0.0,0,0,0,0,0.0,0,0.0,0,0.0,8,0.0,0,0,0,0,0,0,0,0,0,0,0,0,0,1,50.0,0,0,0,0,1,0,0,0,3,0,0,0,0,0,0,0,0,0,,,,0,0,0,0,0,0,0,0,0,0,0,0,0,0.0,0.0,0,0,0,0,0,0,0,0,2,0,0,0.0,0.0,0,0,0,1,1,0,0.0,0.0,1.0,,1
33381,Papu Gómez,papu-gomez,2729,Monza,6.7,13.4,2,0,0,0,0,0.33,0,11,2,13,84.62,2,9,9,1,0,0.0,0,1,0,0,0,0,0.0,0,0,0,0,0.0,0,0.0,0,0.0,39,0.0,0,0,0,0,0,0,0,0,0,0,0,0,0,1,50.0,0,0,0,0,9,1,3,2,21,0,0,0,0,2,0,0,0,0,,,,0,0,0,0,0,0,0,0,0,0,0,0,0,0.0,0.0,1,0,5,2,0,0,0,0,2,0,0,0.0,0.0,0,0,0,2,16,0,0.0,0.0,3.0,,2
842582,Domingos Quina,domingos-quina,2695,Udinese,6.7,6.7,1,0,0,0,0,0.0,0,1,0,1,100.0,0,1,0,0,0,0.0,1,0,0,0,0,0,0.0,0,0,0,1,100.0,0,0.0,1,50.0,12,0.0,0,0,0,0,0,0,0,0,0,0,0,0,0,0,0.0,0,0,0,0,0,0,1,1,2,0,0,0,0,0,0,0,0,0,,,,0,0,0,0,0,0,0,0,0,0,0,0,0,0.0,0.0,0,0,0,1,1,0,0,0,0,0,1,100.0,0.0,0,0,0,0,1,0,0.0,0.0,1.0,,2
1210848,Pietro Comuzzo,comuzzo-pietro,2693,Fiorentina,6.7,20.1,3,0,0,0,0,0.0,0,27,11,38,71.05,20,7,1,0,0,0.0,1,1,1,0,0,0,0.0,0,0,0,1,50.0,8,72.73,9,69.23,46,0.0,0,0,0,0,0,0,0,0,0,0,0,0,0,1,50.0,2,0,0,0,11,0,0,0,43,0,1,0,0,0,0,0,0,0,,,,0,0,0,0,0,0,0,0,0,0,0,0,0,0.0,0.0,0,0,0,4,3,0,0,0,2,0,1,100.0,0.0,0,0,0,27,11,0,0.0,0.0,5.0,,4
844480,Pol Lirola,pol-lirola,2801,Frosinone,6.7,167.4,25,2,2,1,1,0.99,3,485,132,617,78.61,251,239,115,13,6,46.15,30,19,1,0,0,5,20.0,9,3,4,48,53.93,14,42.42,62,50.82,1554,22.22,0,0,0,0,0,0,2,0,4,5,1,0,1,36,46.75,35,0,1,9,193,7,47,16,904,12,7,0,0,18,2,2,0,0,,,,3,0,0,0,0,26,3,0,0,0,0,0,18,0.0,0.0,13,13,25,60,19,0,0,0,77,29,18,60.0,777.0,0,0,0,296,346,0,1.32,0.0,80.0,,25
109461,Bartosz Bereszyński,bartosz-bereszynski,2705,Empoli,6.7,160.7,24,0,0,0,1,0.35,1,551,149,700,78.71,306,248,106,8,13,54.17,41,21,3,0,0,3,18.75,3,1,1,69,55.65,23,58.97,92,56.44,1772,0.0,0,0,0,0,0,0,0,0,0,3,0,0,0,41,45.56,47,0,0,6,231,1,71,28,1094,15,23,0,0,16,0,1,0,0,,,,2,0,0,0,0,26,4,0,0,0,0,0,22,0.0,0.0,8,24,16,71,16,0,0,0,90,30,25,60.98,0.0,0,0,0,359,357,0,0.06,0.0,81.0,,24
280991,Morten Thorsby,morten-thorsby,2713,Genoa,6.7,147.3,22,2,3,3,2,0.64,4,201,120,321,62.62,58,146,76,9,4,44.44,19,4,2,0,0,3,33.33,13,7,4,29,36.25,68,52.71,97,46.41,1148,15.38,0,0,0,0,0,0,2,0,12,1,2,0,0,5,38.46,17,0,0,17,175,6,7,1,503,7,28,0,0,7,6,2,0,0,,,,2,0,0,0,0,19,1,0,0,0,0,0,9,0.0,0.0,9,9,9,112,61,0,0,0,13,20,11,57.89,574.0,0,0,0,83,247,0,1.81,0.0,41.0,,24
839909,Uroš Račić,uros-racic,2793,Sassuolo,6.7,133.9,20,1,0,1,1,0.3,2,321,72,393,81.68,145,176,76,6,6,85.71,10,7,1,0,0,0,0.0,17,4,6,26,55.32,14,50.0,40,53.33,824,5.88,0,0,0,0,2,0,0,1,3,14,0,0,1,24,41.38,22,0,0,6,90,4,35,18,511,12,6,0,0,9,0,7,0,0,,,,1,0,0,0,0,19,2,0,0,0,0,0,8,0.0,0.0,6,7,2,35,14,0,0,0,58,21,4,40.0,824.0,0,0,0,165,230,1,0.84,0.0,50.0,,22
359640,Isaac Success,isaac-success,2695,Udinese,6.69,147.2,22,1,3,4,1,0.56,2,130,71,201,64.68,33,97,58,11,20,58.82,6,2,4,0,0,0,0.0,19,5,11,60,46.88,27,46.55,87,46.77,878,5.26,1,0,0,0,0,0,1,0,11,8,0,0,1,8,44.44,11,0,0,27,155,2,13,10,408,34,27,1,0,2,1,3,0,0,,,,0,0,0,0,0,12,3,0,0,0,0,0,9,0.0,0.0,11,34,2,99,31,0,1,0,18,15,4,66.67,878.0,0,0,0,45,158,0,2.72,0.0,24.0,,27
43970,Marco Silvestri,marco-silvestri,2695,Udinese,6.69,113.7,17,0,0,0,0,0.01,0,257,125,382,67.28,211,46,8,0,0,0.0,0,0,0,0,0,0,0.0,0,0,0,0,0.0,3,50.0,3,33.33,1530,0.0,0,0,0,0,0,0,0,0,0,0,0,0,0,69,36.9,11,3,0,0,127,0,55,20,514,1,0,0,0,3,0,0,0,40,,,,4,6,0,25,15,23,5,6,2,1,5,2,17,0.0,0.0,0,0,0,6,3,0,0,0,187,28,0,0.0,0.0,0,0,13,238,144,0,0.0,105.0,122.0,,17
148566,Grégoire Defrel,gregoire-defrel,2793,Sassuolo,6.68,120.3,18,1,1,0,2,1.13,3,183,31,214,85.51,62,122,65,8,4,33.33,17,3,0,0,0,1,50.0,12,3,4,29,43.28,6,21.43,35,36.84,759,8.33,0,0,0,0,0,0,1,0,5,7,0,0,1,5,55.56,6,0,0,15,73,4,4,1,335,8,9,1,0,8,1,5,0,0,,,,0,0,0,0,0,13,2,0,0,0,0,0,7,0.0,0.0,8,12,2,60,22,0,0,0,9,15,8,47.06,759.0,0,0,0,67,149,0,1.01,0.0,30.0,,20
960080,Boulaye Dia,boulaye-dia,2710,Salernitana,6.68,113.6,17,4,0,3,0,0.51,4,204,38,242,84.3,78,126,80,10,14,34.15,4,3,1,0,0,0,0.0,29,10,7,42,38.18,6,18.18,48,33.57,1143,13.79,1,1,0,0,0,0,4,0,22,7,0,1,3,10,71.43,7,0,0,28,135,4,12,9,448,24,11,2,0,2,3,12,0,0,,,,0,0,0,0,0,28,2,0,0,0,0,0,12,100.0,0.0,10,41,1,95,27,0,0,0,14,30,2,50.0,285.75,0,0,0,89,154,0,3.9,0.0,41.0,,17
927304,Gabriele Zappa,gabriele-zappa,2719,Cagliari,6.68,253.9,38,1,5,2,3,2.19,4,789,284,1073,73.53,415,394,187,24,9,36.0,54,20,2,0,0,20,25.97,19,6,9,77,59.23,20,38.46,97,53.3,2559,5.26,0,0,0,0,0,0,1,0,10,9,0,0,1,68,35.6,62,0,2,8,430,7,137,54,1720,15,21,0,0,12,0,4,0,0,,,,3,0,0,0,0,49,4,0,0,0,0,0,25,0.0,0.0,24,25,77,85,32,0,0,0,191,53,31,57.41,2559.0,0,0,0,511,639,0,1.46,0.0,109.0,,38
905264,Liberato Cacace,liberato-cacace,2705,Empoli,6.68,207.1,31,0,5,1,1,1.38,1,644,187,831,77.5,338,321,138,21,23,46.94,40,19,6,0,0,15,22.06,13,2,6,81,47.93,17,42.5,98,46.89,1916,0.0,0,0,0,0,0,0,0,0,3,10,0,0,0,45,35.43,43,0,0,20,352,12,77,26,1416,18,30,0,0,14,1,5,0,0,,,,3,0,0,0,0,26,4,0,0,0,0,0,18,0.0,0.0,21,49,68,111,23,0,0,0,127,30,24,60.0,0.0,0,0,0,411,488,0,0.42,0.0,119.0,,31
1119364,Samuele Vignato,samuele-vignato,2729,Monza,6.68,66.8,10,1,0,2,0,0.2,1,103,16,119,86.55,36,70,37,4,5,55.56,6,1,2,0,0,3,37.5,7,4,2,15,51.72,1,16.67,16,45.71,339,14.29,0,0,0,0,0,0,1,0,6,1,0,1,0,5,62.5,0,0,0,6,46,2,5,4,184,4,4,0,0,1,1,1,0,0,,,,0,0,0,0,0,1,1,0,0,0,0,0,3,0.0,0.0,4,9,8,19,5,0,0,0,8,2,4,66.67,339.0,0,0,0,40,87,0,1.68,0.0,13.0,,10
149606,Jeremy Toljan,jeremy-toljan,2793,Sassuolo,6.68,167.0,25,0,3,1,5,1.96,5,601,171,772,77.85,282,330,155,18,6,46.15,13,16,1,0,0,11,22.0,12,3,9,26,45.61,9,36.0,35,42.68,2085,0.0,0,0,1,1,0,0,0,0,8,4,0,0,0,33,31.13,42,0,1,9,272,2,75,22,1204,7,10,1,0,6,0,0,0,0,,,,0,0,0,0,0,37,3,0,0,0,0,0,24,0.0,0.0,18,13,50,47,16,0,0,0,106,40,10,76.92,0.0,0,0,0,337,485,0,0.57,0.0,103.0,,25
383314,Paulo Azzi,paulo-azzi,2719,Cagliari,6.68,160.3,24,0,0,1,0,0.39,0,253,100,353,71.67,120,139,73,9,13,54.17,19,16,1,0,0,6,12.5,21,2,11,36,55.38,13,54.17,49,55.06,942,0.0,0,0,0,0,0,0,0,0,11,10,0,0,0,15,45.45,18,0,0,5,200,4,31,14,648,4,5,0,0,9,4,8,0,0,,,,1,0,0,0,0,19,0,0,0,0,0,0,9,0.0,0.0,9,24,48,40,11,0,0,0,33,19,11,57.89,0.0,0,0,0,151,250,0,1.23,0.0,59.0,,25
947929,Jesper Lindstrøm,jesper-lindstrom,2714,SSC Napoli,6.68,126.9,19,0,3,0,0,0.92,0,178,33,211,84.36,54,128,67,13,11,44.0,8,2,2,0,0,4,33.33,14,2,9,23,41.82,1,20.0,24,40.0,436,0.0,0,0,0,0,1,0,0,0,7,7,0,0,0,5,50.0,3,0,0,8,85,3,12,7,331,4,6,0,0,4,2,3,0,0,,,,0,0,0,0,0,7,0,0,0,0,0,0,2,0.0,0.0,13,25,12,36,4,0,0,0,10,7,3,37.5,0.0,0,0,0,60,163,0,0.69,0.0,15.0,,22
920391,Antoine Makoumbou,antoine-makoumbou,2719,Cagliari,6.68,213.7,32,1,1,0,0,0.94,1,1053,132,1185,88.86,494,563,237,15,21,70.0,41,16,3,1,2,4,36.36,8,2,5,90,52.33,11,35.48,101,49.75,2707,12.5,0,0,0,0,0,0,1,0,4,4,0,0,1,80,68.38,24,0,2,30,218,10,88,55,1499,28,28,0,0,15,1,1,1,0,,,,3,0,0,0,0,50,4,0,0,0,0,0,32,0.0,0.0,14,30,11,102,20,0,0,0,117,54,24,58.54,2707.0,1,0,0,527,669,1,0.86,0.0,159.0,,32
983059,Festy Ebosele,festy-ebosele,2695,Udinese,6.68,207.0,31,0,1,1,0,1.49,0,225,90,315,71.43,77,158,94,15,49,56.98,33,10,4,0,1,10,22.22,16,5,7,127,53.14,16,47.06,143,52.38,1705,0.0,0,0,1,3,0,0,0,0,8,8,0,0,0,11,47.83,20,0,0,34,272,5,35,13,814,45,29,0,0,14,1,4,0,0,,,,0,0,0,0,0,24,5,0,0,0,0,0,20,0.0,0.0,15,86,45,130,18,0,0,0,23,29,20,60.61,0.0,1,0,0,101,259,1,0.75,0.0,74.0,,31
569556,Jakub Jankto,jakub-jankto,2719,Cagliari,6.68,113.5,17,1,1,3,2,0.39,3,152,67,219,69.41,65,91,56,7,1,33.33,12,5,0,0,0,4,15.38,12,6,5,20,44.44,4,33.33,24,42.11,884,8.33,0,0,0,0,0,0,1,0,11,1,0,1,0,9,30.0,17,0,0,3,109,4,28,12,349,8,9,0,0,12,1,1,1,0,,,,0,0,0,0,0,17,1,0,0,0,0,0,13,0.0,0.0,6,3,26,33,8,0,0,0,30,18,9,75.0,884.0,0,0,0,74,171,0,1.52,0.0,33.0,,18
187121,Alberto Cerri,alberto-cerri,2705,Empoli,6.68,80.1,12,1,0,1,0,0.3,1,68,66,134,50.75,19,49,23,4,1,16.67,3,3,2,0,0,0,0.0,10,3,3,12,28.57,42,56.0,54,46.15,553,10.0,0,0,0,0,0,0,1,0,10,0,1,0,0,1,50.0,7,0,0,12,98,4,5,2,215,9,15,0,0,3,6,4,0,0,,,,0,0,0,0,0,6,0,0,0,0,0,0,10,0.0,0.0,4,6,1,63,33,0,0,0,2,6,3,100.0,553.0,0,0,0,33,102,0,1.17,0.0,18.0,,12
1030829,Gvidas Gineitis,gineitis-gvidas,2696,Torino,6.68,80.1,12,0,0,1,0,0.96,0,219,42,261,83.91,107,120,53,8,3,42.86,11,4,2,0,0,8,36.36,9,2,3,16,50.0,8,57.14,24,52.17,546,0.0,0,0,0,0,3,0,0,0,1,8,0,0,0,10,52.63,9,1,0,1,66,3,12,6,358,3,9,0,0,3,0,4,0,0,,,,1,0,0,0,0,6,2,0,0,0,0,0,4,0.0,0.0,8,7,22,22,6,0,0,0,19,8,7,63.64,0.0,0,0,0,112,171,0,0.43,0.0,37.0,,14
826186,Luca Pellegrini,luca-pellegrini,2699,Lazio,6.67,126.8,19,1,1,0,0,0.32,1,305,93,398,76.63,151,154,72,2,14,53.85,18,9,5,0,1,0,0.0,7,1,3,45,50.56,13,65.0,58,53.21,787,14.29,0,0,0,0,1,1,0,1,1,6,0,1,0,15,35.71,16,0,0,6,175,3,34,14,652,13,19,0,0,8,0,3,0,0,,,,1,0,0,0,0,7,1,0,0,0,0,0,8,0.0,100.0,2,26,28,51,7,0,0,0,42,8,13,72.22,787.0,1,0,0,189,237,0,0.24,0.0,50.0,,19
928800,Marco Brescianini,marco-brescianini,2801,Frosinone,6.67,240.2,36,4,3,2,2,1.87,6,601,151,752,79.92,268,339,168,23,22,53.66,28,10,1,0,0,6,30.0,31,11,9,74,40.22,20,40.0,94,40.17,2336,12.9,0,0,0,0,2,1,3,1,17,14,0,3,1,21,37.5,35,0,0,44,276,9,47,17,1141,24,35,1,0,16,5,11,1,0,,,,3,0,0,0,0,46,3,0,0,0,0,0,24,0.0,50.0,22,41,20,140,30,0,0,0,56,49,13,46.43,584.0,0,0,0,312,460,0,2.3,0.0,107.0,,36
1096210,Jackson Tchatchoua,jackson-tchatchoua,2701,Hellas Verona,6.67,166.8,25,0,2,0,2,1.65,2,435,128,563,77.26,242,212,91,15,6,42.86,39,23,2,0,0,19,29.69,0,0,0,52,48.6,13,50.0,65,48.87,1735,0.0,0,0,0,1,0,0,0,0,0,0,0,0,0,23,31.94,40,0,2,5,220,2,31,14,987,7,18,0,0,25,2,0,0,0,,,,1,0,0,0,0,22,4,0,0,0,0,0,19,0.0,0.0,15,14,64,68,13,0,0,0,72,26,26,66.67,0.0,0,0,0,284,343,0,0.0,0.0,84.0,,26
184421,Stefano Sabelli,stefano-sabelli,2713,Genoa,6.67,213.5,32,0,4,2,1,1.95,1,437,252,689,63.43,144,314,180,20,8,28.57,50,23,5,0,0,21,21.21,9,3,5,94,50.54,16,41.03,110,48.89,2448,0.0,0,0,0,0,0,0,0,0,5,4,0,0,0,31,28.18,33,0,0,11,442,11,112,34,1288,36,36,0,0,31,4,1,0,0,,,,1,0,0,0,0,20,5,0,0,0,0,0,30,0.0,0.0,20,28,99,115,23,0,0,0,110,25,24,48.0,0.0,0,0,0,210,578,0,0.76,0.0,91.0,,32
287659,Viktor Kovalenko,viktor-kovalenko,2705,Empoli,6.67,113.4,17,1,1,1,1,0.6,2,172,62,234,73.5,79,97,51,8,2,22.22,5,1,1,0,0,4,30.77,11,4,2,17,40.48,8,34.78,25,38.46,606,9.09,0,0,0,0,0,0,1,0,10,1,0,0,1,5,27.78,7,0,0,6,93,3,11,1,336,10,7,0,0,6,2,5,0,0,,,,0,0,0,0,0,8,1,0,0,0,0,0,4,0.0,0.0,8,9,13,40,15,0,0,0,18,9,2,40.0,606.0,0,0,0,95,152,0,0.93,0.0,23.0,,17
958982,Roberto Piccoli,roberto-piccoli,2689,Lecce,6.67,246.8,37,5,2,8,0,0.63,5,150,94,244,61.48,58,92,43,10,13,39.39,11,4,5,0,0,0,0.0,58,22,27,38,31.93,54,38.3,92,35.38,1406,8.62,1,1,0,0,1,0,5,0,43,15,1,2,2,2,50.0,14,0,0,31,207,10,5,2,545,14,29,2,0,3,15,9,0,0,,,,2,0,0,0,0,20,2,0,0,0,0,0,12,100.0,0.0,10,33,6,168,87,0,0,0,4,22,7,63.64,281.2,0,0,0,79,171,0,6.48,0.0,39.0,,37
797286,Aarón Martín,aaron-martin,2713,Genoa,6.67,146.7,22,0,2,0,1,1.75,1,342,95,437,78.26,162,209,84,27,6,50.0,21,9,2,0,1,29,27.36,5,0,1,42,47.73,10,47.62,52,47.71,1398,0.0,0,0,0,0,2,0,0,0,1,4,0,0,0,22,40.74,13,0,0,4,211,3,32,15,742,17,23,0,0,13,2,4,1,0,,,,3,0,0,0,0,20,0,0,0,0,0,0,17,0.0,0.0,26,12,106,57,11,0,0,0,54,20,10,47.62,0.0,1,0,0,194,349,0,0.15,0.0,48.0,,22
286087,Mateusz Wieteska,mateusz-wieteska,2719,Cagliari,6.67,120.0,18,0,2,0,1,0.33,1,360,79,439,82.0,247,114,36,5,3,60.0,14,14,2,0,1,1,25.0,4,0,3,23,50.0,27,58.7,50,54.35,979,0.0,0,0,0,0,0,0,0,0,4,0,0,0,0,27,45.76,48,0,0,3,98,2,51,18,583,6,12,0,0,7,0,1,0,0,,,,0,0,0,0,0,19,1,0,0,0,0,0,10,0.0,0.0,5,5,4,42,19,0,0,0,59,20,11,78.57,0.0,1,0,0,271,172,0,0.34,0.0,47.0,,19
862373,Emanuel Vignato,emanuel-vignato,2710,Salernitana,6.67,60.0,9,0,0,0,1,0.06,1,88,29,117,75.21,34,55,30,5,1,100.0,10,1,1,0,0,1,50.0,1,0,1,12,75.0,0,0.0,12,60.0,320,0.0,0,0,0,0,0,0,0,0,1,0,0,0,0,5,50.0,7,0,0,1,40,1,5,2,158,1,3,0,0,1,1,0,0,0,,,,0,0,0,0,0,5,1,0,0,0,0,0,3,0.0,0.0,5,1,2,8,4,0,0,0,10,6,7,70.0,0.0,0,0,0,49,70,0,0.03,0.0,12.0,,9
856216,Ahmed Touba,ahmed-touba,2689,Lecce,6.67,40.0,6,0,0,0,0,0.02,0,115,22,137,83.94,88,27,6,0,0,0.0,6,7,1,0,0,0,0.0,1,0,1,7,50.0,5,45.45,12,48.0,275,0.0,0,0,0,0,0,0,0,0,1,0,0,0,0,5,50.0,19,0,0,0,23,1,5,2,180,1,6,0,0,1,0,0,0,0,,,,1,0,0,0,0,6,1,0,0,0,0,0,3,0.0,0.0,0,0,0,13,6,0,0,0,10,7,4,66.67,0.0,0,0,0,98,39,0,0.03,9.0,16.0,,6
1176744,Dean Huijsen,dean-huijsen,2702,AS Roma,6.66,93.3,14,2,0,1,0,0.13,2,411,58,469,87.63,277,134,26,1,1,50.0,10,4,4,0,0,0,0.0,6,2,3,13,44.83,9,56.25,22,48.89,525,33.33,0,0,1,0,0,0,1,1,5,1,1,0,1,19,48.72,27,1,1,2,66,0,16,8,550,2,10,0,1,3,0,1,0,0,,,,0,0,0,0,0,8,2,0,0,0,0,0,4,0.0,0.0,1,2,1,23,7,0,0,0,39,10,5,50.0,262.5,0,0,0,298,172,0,0.44,5.0,25.0,,14
97410,Davy Klaassen,davy-klaassen,2697,Inter,6.66,73.3,11,0,0,0,0,0.18,0,82,13,95,86.32,34,48,20,3,1,100.0,4,3,1,0,0,0,0.0,1,0,0,5,55.56,4,80.0,9,64.29,217,0.0,0,0,0,0,0,0,0,0,0,1,0,0,0,4,80.0,3,0,0,0,18,2,3,1,123,0,3,0,0,2,1,1,0,0,,,,0,0,0,0,0,0,0,0,0,0,0,0,1,0.0,0.0,3,1,0,5,1,0,0,0,5,0,2,50.0,0.0,0,0,0,39,56,0,0.09,0.0,9.0,,13
831290,David Okereke,david-okereke,2696,Torino,6.66,53.3,8,0,0,0,0,0.27,0,70,17,87,80.46,23,48,28,2,1,25.0,3,1,0,0,0,1,25.0,8,5,0,7,41.18,7,41.18,14,41.18,253,0.0,0,0,0,0,0,0,0,0,5,3,0,0,0,0,0.0,0,0,0,3,35,0,2,1,129,3,2,0,0,3,2,3,0,0,,,,0,0,0,0,0,1,0,0,0,0,0,0,3,0.0,0.0,2,4,4,20,10,0,0,0,0,1,1,33.33,0.0,0,0,0,26,65,0,0.25,0.0,9.0,,9
318657,Alexis Blin,alexis-blin,2689,Lecce,6.66,206.5,31,0,1,3,2,0.65,2,661,94,755,87.55,386,277,92,7,5,50.0,33,22,4,0,0,2,18.18,13,2,10,58,46.4,30,38.46,88,43.35,1647,0.0,0,0,0,1,0,0,0,0,10,3,0,0,0,32,54.24,38,0,0,11,129,6,38,21,987,22,25,0,0,28,0,1,0,0,,,,4,0,0,0,0,22,3,0,0,0,0,0,16,0.0,0.0,7,10,11,115,48,0,0,0,59,25,19,57.58,0.0,0,0,0,418,348,0,1.09,0.0,111.0,,31
136322,Elseid Hysaj,elseid-hysaj,2699,Lazio,6.66,146.5,22,0,0,1,0,0.99,0,620,111,731,84.82,348,277,114,9,2,25.0,24,17,2,0,0,5,27.78,2,1,1,35,48.61,14,51.85,49,49.49,1194,0.0,0,0,0,0,0,0,0,0,1,1,0,0,0,33,50.77,28,0,0,8,165,2,57,27,996,9,14,0,0,9,3,0,0,0,,,,1,0,0,0,0,17,4,0,0,0,0,0,11,0.0,0.0,9,8,18,50,13,0,0,0,65,21,14,58.33,0.0,0,0,0,383,366,0,0.24,0.0,72.0,,22
814589,Giuseppe Pezzella,giuseppe-pezzella,2705,Empoli,6.66,126.5,19,0,0,0,0,1.21,0,322,92,414,77.78,166,170,83,8,10,41.67,25,2,4,0,0,14,25.93,3,2,1,52,54.17,13,72.22,65,57.02,1099,0.0,0,0,0,1,0,0,0,0,1,2,0,0,0,16,31.37,27,0,0,6,183,3,29,10,744,17,17,0,0,8,2,0,0,0,,,,0,0,0,0,0,14,3,0,0,0,0,0,14,0.0,0.0,8,24,54,49,5,0,0,0,51,17,14,56.0,0.0,0,0,0,204,264,0,0.17,0.0,56.0,,19
946985,Giuseppe Caso,giuseppe-caso,2801,Frosinone,6.66,93.2,14,0,0,0,0,0.24,0,94,15,109,86.24,12,82,58,3,15,45.45,4,0,2,0,0,0,0.0,7,4,0,33,51.56,0,0.0,33,50.0,409,0.0,0,0,1,0,0,0,0,0,4,3,0,0,0,3,75.0,0,0,0,10,63,1,5,2,213,14,5,0,0,1,1,3,0,0,,,,0,0,0,0,0,9,1,0,0,0,0,0,2,0.0,0.0,3,33,2,33,2,0,0,0,4,10,3,75.0,0.0,0,0,0,14,97,0,0.29,0.0,13.0,,14
824584,Emil Bohinen,emil-bohinen,2713,Genoa,6.66,106.5,16,0,0,0,0,0.18,0,287,76,363,79.06,150,138,62,7,5,38.46,9,14,1,0,0,1,25.0,4,0,3,20,43.48,13,54.17,33,47.14,601,0.0,0,0,0,0,0,0,0,0,0,4,0,0,0,13,56.52,7,0,1,6,106,6,21,12,477,6,5,1,0,8,0,1,0,0,,,,0,0,0,0,0,13,1,0,0,0,0,0,7,0.0,0.0,7,13,4,37,11,0,0,0,23,14,7,77.78,0.0,0,0,0,181,186,0,0.07,0.0,53.0,,17
1137366,Tommaso Corazza,corazza-tommaso,2685,Bologna,6.66,59.9,9,0,0,0,0,0.19,0,86,21,107,80.37,41,48,19,1,0,0.0,10,5,1,0,0,3,37.5,1,0,1,13,56.52,0,0.0,13,54.17,211,0.0,0,0,0,0,0,0,0,0,1,0,0,0,0,5,45.45,3,0,0,2,31,0,11,3,179,3,1,0,0,5,0,0,0,0,,,,0,0,0,0,0,1,0,0,0,0,0,0,1,0.0,0.0,1,2,8,11,1,0,0,0,11,1,4,40.0,0.0,0,0,0,45,70,0,0.1,0.0,8.0,,9
792311,Riccardo Marchizza,riccardo-marchizza,2801,Frosinone,6.65,86.5,13,0,1,0,4,0.85,4,329,103,432,76.16,174,162,72,11,3,37.5,7,7,1,0,0,7,31.82,8,3,3,13,37.14,9,42.86,22,39.29,1149,0.0,0,0,0,0,0,0,0,0,3,5,0,0,0,19,29.69,29,0,0,1,152,0,47,12,656,3,6,0,0,10,0,2,0,0,,,,1,0,0,0,0,17,4,0,0,0,0,0,13,0.0,0.0,11,8,22,34,12,0,0,0,64,21,6,85.71,0.0,0,0,0,207,247,0,0.4,0.0,43.0,,13
965009,Gaetano Oristanio,gaetano-oristanio,2719,Cagliari,6.65,166.3,25,2,0,3,1,1.02,3,155,53,208,74.52,43,121,68,15,32,58.18,20,9,1,0,0,9,28.13,23,5,13,80,41.24,17,42.5,97,41.45,1112,8.7,0,0,0,0,1,0,2,0,13,10,0,2,0,15,60.0,7,0,0,44,188,11,25,13,528,28,37,1,0,12,2,5,0,0,,,,0,0,0,0,0,18,1,0,0,0,0,0,11,0.0,0.0,15,55,32,137,23,0,0,0,25,19,10,50.0,556.0,0,0,0,53,187,0,1.99,0.0,67.0,,25
1009268,Mattia Viti,mattia-viti,2793,Sassuolo,6.65,93.1,14,1,0,1,0,0.07,1,371,67,438,84.7,241,130,41,1,2,40.0,24,10,0,0,0,0,0.0,4,1,2,40,51.95,13,56.52,53,53.0,985,25.0,0,0,0,1,0,0,1,0,4,0,0,1,0,18,38.3,37,0,0,13,102,3,35,16,639,14,9,0,1,12,0,1,0,0,,,,0,0,0,0,0,15,7,0,0,0,0,0,12,0.0,0.0,1,5,1,47,10,0,0,0,47,22,15,62.5,985.0,0,0,0,262,177,0,0.96,20.0,45.0,,15
802034,Fabien Centonze,fabien-centonze,2701,Hellas Verona,6.65,66.5,10,0,3,0,1,0.76,1,140,70,210,66.67,69,78,36,6,11,47.83,14,10,2,0,0,7,25.0,1,0,1,32,51.61,9,64.29,41,53.95,674,0.0,0,0,0,0,0,0,0,0,0,1,0,0,0,6,17.14,17,0,0,1,128,1,15,3,433,7,13,0,0,5,1,0,0,0,,,,1,0,0,0,0,11,0,0,0,0,0,0,7,0.0,0.0,6,23,28,35,5,0,0,0,35,11,8,57.14,0.0,0,0,0,92,146,0,0.02,0.0,23.0,,10
27955,Antonio Mirante,antonio-mirante,2692,AC Milan,6.65,13.3,2,0,0,0,0,0.0,0,36,13,49,73.47,34,2,0,0,0,0.0,0,0,0,0,0,0,0.0,0,0,0,0,0.0,2,100.0,2,100.0,178,0.0,0,0,0,0,0,0,0,0,0,0,0,0,0,6,31.58,2,0,0,0,13,0,6,1,64,0,0,0,0,0,0,0,0,5,,,,0,0,0,2,3,1,2,1,0,0,1,0,2,0.0,0.0,0,0,0,0,0,0,0,0,19,3,0,0.0,0.0,0,0,1,43,6,0,,8.0,11.0,,2
1100207,Lorenzo Amatucci,amatucci-lorenzo,2693,Fiorentina,6.65,13.3,2,0,0,0,0,0.1,0,22,3,25,88.0,7,15,10,0,0,0.0,0,0,0,0,0,0,0.0,1,0,0,0,0.0,1,50.0,1,33.33,26,0.0,0,0,0,0,0,0,0,0,0,1,0,0,0,2,100.0,0,0,0,0,3,0,1,1,26,0,1,0,0,0,0,1,0,0,,,,0,0,0,0,0,0,0,0,0,0,0,0,0,0.0,0.0,0,0,0,2,1,0,0,0,2,0,0,0.0,0.0,0,0,0,8,17,0,0.01,0.0,3.0,,2
82943,Rafael Tolói,rafael-toloi,2686,Atalanta,6.65,113.0,17,0,0,0,0,0.25,0,426,85,511,83.37,227,200,87,2,4,50.0,20,13,4,0,1,1,12.5,3,0,3,27,42.19,18,56.25,45,46.88,979,0.0,0,0,0,0,0,0,0,0,1,2,0,0,0,24,35.82,28,0,0,4,109,2,30,12,645,4,17,0,0,13,0,0,0,0,,,,4,0,0,0,0,11,1,0,0,0,0,0,10,0.0,0.0,2,8,8,51,14,0,0,0,67,12,9,45.0,0.0,1,0,0,256,263,0,0.05,0.0,58.0,,18
224456,Norbert Gyömbér,norbert-gyomber,2710,Salernitana,6.65,146.2,22,0,0,0,0,0.11,0,622,117,739,84.17,428,194,51,5,5,62.5,36,23,9,0,0,0,0.0,4,0,2,56,57.73,33,53.23,89,55.97,1762,0.0,0,0,0,1,0,0,0,0,3,1,0,0,0,35,41.18,74,1,1,2,141,0,49,19,995,17,33,0,1,6,0,2,0,0,,,,0,0,0,0,0,38,3,0,0,0,0,0,20,0.0,0.0,5,8,0,70,29,0,0,0,85,41,18,50.0,0.0,0,0,0,476,263,0,0.17,0.0,111.0,,22
990050,Bruno Amione,bruno-amione,2701,Hellas Verona,6.64,59.8,9,0,0,0,0,0.03,0,216,54,270,80.0,158,58,12,1,1,50.0,11,9,2,0,0,0,0.0,5,3,2,17,56.67,20,66.67,37,61.67,586,0.0,0,0,0,0,0,0,0,0,5,0,0,0,0,12,40.0,18,0,2,1,67,1,22,6,354,6,10,0,0,1,0,0,0,0,,,,0,0,0,0,0,11,1,0,0,0,0,0,7,0.0,0.0,1,2,1,23,10,0,0,0,30,12,3,27.27,0.0,0,0,0,178,93,0,0.29,0.0,39.0,,10
1471569,Kingstone Mutandwa,mutandwa-kingstone,2719,Cagliari,6.64,33.2,5,1,0,0,0,0.0,1,3,6,9,33.33,2,1,0,0,1,33.33,1,0,0,0,0,0,0.0,2,1,1,2,28.57,3,50.0,5,38.46,52,50.0,0,0,0,0,0,0,0,1,1,1,0,0,1,0,0.0,2,0,0,0,11,0,0,0,23,0,0,0,0,3,0,0,0,0,,,,0,0,0,0,0,4,0,0,0,0,0,0,0,0.0,0.0,0,3,0,8,3,0,0,0,0,4,0,0.0,52.0,0,0,0,3,6,0,0.07,0.0,2.0,,5
804621,Lassana Coulibaly,lassana-coulibaly,2710,Salernitana,6.64,185.9,28,0,2,1,1,0.93,1,733,125,858,85.43,313,423,178,11,15,45.45,47,16,5,0,0,3,37.5,13,3,6,96,46.6,31,49.21,127,47.21,2092,0.0,0,0,0,0,0,0,0,0,5,8,0,0,0,27,57.45,25,0,0,33,228,13,29,10,1184,36,33,0,0,27,1,4,0,0,,,,1,0,0,0,0,46,5,0,0,0,0,0,25,0.0,0.0,11,33,8,142,32,0,0,0,47,51,32,68.09,0.0,0,0,0,354,512,0,0.6,0.0,129.0,,28
856638,Mitchel Bakker,mitchel-bakker,2686,Atalanta,6.64,86.3,13,1,0,0,0,0.11,1,131,30,161,81.37,65,69,30,3,7,63.64,7,3,1,0,0,3,23.08,5,1,2,18,46.15,4,80.0,22,50.0,382,20.0,0,0,0,0,0,0,0,1,4,1,0,1,0,1,10.0,3,0,0,3,63,2,6,4,270,4,4,0,0,10,1,2,0,0,,,,0,0,0,0,0,6,1,0,0,0,0,0,3,0.0,0.0,3,11,13,22,1,0,0,0,10,7,3,42.86,382.0,0,0,0,75,99,0,0.2,0.0,30.0,,14
46799,Pedro Obiang,pedro-obiang,2793,Sassuolo,6.64,53.1,8,0,1,0,0,0.43,0,152,35,187,81.28,75,77,34,5,2,66.67,8,8,1,0,0,0,0.0,2,0,1,13,40.63,5,55.56,18,43.9,453,0.0,0,0,0,0,0,0,0,0,0,2,0,0,0,5,33.33,7,0,0,1,39,0,18,6,238,3,9,0,0,8,0,1,0,0,,,,0,0,0,0,0,10,3,0,0,0,0,0,5,0.0,0.0,5,3,1,23,4,0,0,0,15,13,4,50.0,0.0,0,0,0,86,102,0,0.04,0.0,20.0,,8
790817,Shon Weissman,shon-weissman,2710,Salernitana,6.64,73.0,11,1,0,0,0,0.1,1,48,18,66,72.73,19,29,15,2,0,0.0,4,3,0,0,0,0,0.0,6,1,4,14,51.85,6,28.57,20,41.67,493,16.67,0,0,0,0,0,0,1,0,6,0,1,0,0,4,80.0,4,0,0,5,34,1,6,3,129,10,3,0,0,4,0,1,0,0,,,,0,0,0,0,0,12,2,0,0,0,0,0,5,0.0,0.0,2,1,0,28,15,0,0,0,5,14,3,75.0,493.0,0,0,0,25,41,0,1.02,0.0,13.0,,11
984926,Agustín Martegani,agustin-martegani,2710,Salernitana,6.63,119.4,18,1,0,0,0,0.39,1,247,42,289,85.47,101,146,80,6,12,70.59,13,4,1,0,0,0,0.0,15,4,4,39,52.0,6,54.55,45,52.33,742,6.67,0,0,0,0,0,0,1,0,3,12,0,1,0,6,50.0,7,1,0,9,74,6,16,7,405,14,10,0,0,12,0,7,0,0,,,,0,0,0,0,0,20,1,0,0,0,0,0,6,0.0,0.0,6,17,1,41,5,0,0,0,12,21,7,53.85,742.0,0,0,0,106,184,0,0.58,0.0,51.0,,18
1142149,Medon Berisha,medon-berisha,2689,Lecce,6.63,39.8,6,0,0,0,0,0.18,0,82,13,95,86.32,48,36,15,5,1,33.33,3,1,0,0,0,2,66.67,2,0,0,9,40.91,1,100.0,10,43.48,204,0.0,0,0,0,0,0,0,0,0,2,0,0,0,0,7,63.64,0,0,0,2,20,2,9,4,121,5,7,0,0,2,0,2,0,0,,,,0,0,0,0,0,3,0,0,0,0,0,0,2,0.0,0.0,5,3,3,13,0,0,0,0,11,3,1,33.33,0.0,0,0,0,53,45,0,0.17,0.0,10.0,,6
933263,Emil Konradsen Ceide,emil-konradsen-ceide,2793,Sassuolo,6.63,59.7,9,0,0,0,0,0.21,0,39,15,54,72.22,10,30,19,4,13,65.0,2,0,0,0,0,1,20.0,2,0,0,16,55.17,0,0.0,16,50.0,181,0.0,0,0,0,0,0,0,0,0,1,1,0,0,0,0,0.0,0,0,0,5,35,0,1,0,103,1,2,0,0,0,0,2,0,0,,,,0,0,0,0,0,8,0,0,0,0,0,0,0,0.0,0.0,4,20,5,16,3,0,0,0,0,8,2,100.0,0.0,0,0,0,12,47,0,0.1,0.0,7.0,,11
991416,Alessandro Sorrentino,alessandro-sorrentino,2729,Monza,6.63,46.4,7,0,0,0,0,0.0,0,119,45,164,72.56,103,16,1,0,1,100.0,0,0,0,0,0,0,0.0,0,0,0,1,100.0,1,100.0,2,100.0,546,0.0,0,0,0,0,0,0,0,0,0,0,0,0,0,25,36.76,1,0,0,0,45,0,8,5,215,1,0,0,0,0,0,0,0,16,,,,0,4,0,10,6,15,1,1,0,0,3,0,5,0.0,0.0,0,1,0,0,0,0,0,0,68,16,0,0.0,0.0,0,0,4,114,50,0,0.0,42.0,41.0,,7
1142825,Stiven Shpendi,stiven-shpendi,2705,Empoli,6.63,72.9,11,0,1,0,1,0.22,1,56,18,74,75.68,27,29,21,5,2,28.57,0,1,0,0,0,0,0.0,7,3,2,15,34.88,3,13.64,18,27.69,411,0.0,0,0,0,0,0,0,0,0,6,1,0,0,0,0,0.0,0,0,0,9,53,4,1,1,146,13,12,0,0,4,4,2,0,0,,,,0,0,0,0,0,6,2,0,0,0,0,0,4,0.0,0.0,5,7,0,47,19,0,0,0,1,8,0,0.0,0.0,0,0,0,32,42,0,0.43,0.0,13.0,,12
250501,Ridgeciano Haps,ridgeciano-haps,2713,Genoa,6.63,99.4,15,0,2,0,1,0.36,1,139,44,183,75.96,60,83,44,3,3,33.33,7,6,0,0,0,4,25.0,4,0,2,26,56.52,10,62.5,36,58.06,770,0.0,0,0,0,0,0,0,0,0,3,1,0,0,0,8,34.78,8,1,0,8,87,2,16,9,313,16,3,0,0,3,1,2,0,0,,,,0,0,0,0,0,7,2,0,0,0,0,0,7,0.0,0.0,3,9,16,26,6,0,0,0,23,9,6,85.71,0.0,0,0,0,74,125,0,0.11,0.0,33.0,,16
1101751,Saba Sazonov,saba-sazonov,2696,Torino,6.63,79.5,12,0,0,1,0,0.02,0,163,22,185,88.11,129,34,5,1,0,0.0,9,3,2,0,0,0,0.0,1,0,1,10,52.63,10,47.62,20,50.0,370,0.0,0,0,0,1,0,0,0,0,1,0,0,0,0,10,55.56,20,0,0,0,27,0,2,1,243,1,10,0,0,0,0,0,0,0,,,,0,0,0,0,0,7,1,0,0,0,0,0,2,0.0,0.0,1,0,0,20,11,0,0,0,18,8,7,77.78,0.0,0,0,0,139,46,0,0.16,0.0,22.0,,12
1431516,Trivante Stewart,stewart-trivante,2710,Salernitana,6.63,26.5,4,0,0,0,0,0.02,0,18,7,25,72.0,11,7,5,1,2,66.67,0,0,0,0,0,0,0.0,2,1,0,2,50.0,2,25.0,4,33.33,96,0.0,0,0,0,0,0,0,0,0,1,1,0,0,0,1,100.0,0,0,0,0,13,2,3,1,41,0,1,0,0,0,0,1,0,0,,,,0,0,0,0,0,6,0,0,0,0,0,0,0,0.0,0.0,1,3,2,8,6,0,0,0,1,6,0,0.0,0.0,0,0,0,12,15,0,0.07,0.0,3.0,,4
963084,David Zima,david-zima,2696,Torino,6.63,26.5,4,0,0,0,0,0.0,0,36,7,43,83.72,30,6,0,0,0,0.0,1,3,0,0,0,0,0.0,0,0,0,2,66.67,2,28.57,4,40.0,93,0.0,0,0,0,0,0,0,0,0,0,0,0,0,0,0,0.0,7,0,0,1,9,0,1,0,61,1,0,0,0,0,0,0,0,0,,,,0,0,0,0,0,0,0,0,0,0,0,0,0,0.0,0.0,0,0,0,6,5,0,0,0,3,0,1,100.0,0.0,0,0,0,34,9,0,0.0,0.0,6.0,,5
1012248,Demba Seck,demba-seck,2801,Frosinone,6.62,119.2,18,0,0,1,0,0.53,0,155,41,196,79.08,29,126,75,5,11,42.31,12,2,1,0,0,0,0.0,16,4,5,38,44.19,6,26.09,44,40.37,740,0.0,0,0,0,0,0,0,0,0,10,6,0,0,0,2,66.67,1,0,0,13,97,3,5,2,334,15,18,0,0,2,2,7,0,0,,,,0,0,0,0,0,13,0,0,0,0,0,0,8,0.0,0.0,5,26,4,65,17,0,0,0,3,13,7,58.33,0.0,0,0,0,35,165,0,1.47,0.0,31.0,,20
963211,Brandon Soppy,brandon-soppy,2696,Torino,6.62,33.1,5,0,0,0,0,0.06,0,48,20,68,70.59,24,25,13,1,3,75.0,2,0,0,0,0,1,33.33,1,0,0,11,52.38,0,0.0,11,50.0,184,0.0,0,0,0,0,0,0,0,0,0,1,0,0,0,2,40.0,2,0,1,1,29,1,2,0,118,6,4,0,0,4,0,1,0,0,,,,0,0,0,0,0,0,0,0,0,0,0,0,2,0.0,0.0,1,4,3,11,1,0,0,0,5,0,2,100.0,0.0,0,0,0,28,43,0,0.01,0.0,14.0,,5
964119,Jordan Zemura,jordan-zemura,2695,Udinese,6.62,172.1,26,1,0,1,0,0.34,1,202,78,280,72.14,77,128,67,8,13,61.9,24,13,1,0,0,3,14.29,5,3,0,52,54.74,9,45.0,61,53.04,1053,20.0,0,0,0,0,0,0,1,0,5,0,0,0,1,10,28.57,18,0,0,14,156,2,30,16,519,15,15,0,0,8,0,2,0,0,,,,0,0,0,0,0,15,2,0,0,0,0,0,10,0.0,0.0,8,21,21,54,11,0,0,0,35,17,16,66.67,1053.0,0,0,0,100,201,0,0.81,0.0,41.0,,27
989276,Josh Doig,josh-doig,2793,Sassuolo,6.62,185.3,28,0,1,1,2,1.15,2,444,162,606,73.27,228,232,114,19,14,34.15,41,20,7,0,0,16,20.78,13,3,7,70,47.3,20,48.78,90,47.62,2183,0.0,0,0,0,2,0,0,0,0,6,7,0,0,0,25,28.74,49,0,1,15,355,2,50,21,1251,15,22,0,0,16,1,3,0,0,,,,2,0,0,0,0,39,5,0,0,0,0,0,26,0.0,0.0,19,41,77,99,21,0,0,0,87,44,26,63.41,0.0,0,0,0,287,396,0,0.4,0.0,85.0,,28
934409,Marcus Pedersen,marcus-pedersen,2793,Sassuolo,6.62,165.4,25,0,4,0,2,0.71,2,414,103,517,80.08,204,220,112,10,11,61.11,36,10,4,0,0,10,17.54,3,0,2,56,61.54,9,33.33,65,55.08,1620,0.0,0,0,0,0,0,0,0,0,2,1,0,0,0,27,42.19,46,0,0,11,223,4,44,18,951,9,13,0,0,4,0,1,0,0,,,,2,0,0,0,0,35,5,0,0,0,0,0,16,0.0,0.0,10,18,57,53,18,0,0,0,64,40,24,66.67,0.0,0,0,0,243,331,1,0.1,0.0,56.0,,28
1009661,Oier Zarraga,oier-zarraga,2695,Udinese,6.61,85.9,13,2,0,0,0,0.07,2,91,18,109,83.49,48,44,23,2,1,50.0,3,5,0,0,0,1,20.0,6,2,4,7,38.89,3,50.0,10,41.67,426,33.33,0,0,0,0,0,0,1,1,3,3,0,0,2,6,54.55,14,1,0,3,33,1,8,4,173,3,3,0,0,4,0,0,0,0,,,,0,0,0,0,0,7,3,0,0,0,0,0,4,0.0,0.0,2,2,5,14,3,0,0,0,11,10,3,100.0,213.0,0,0,0,53,61,0,0.57,0.0,12.0,,15
795541,Thomas Henry,thomas-henry,2701,Hellas Verona,6.61,118.9,18,3,0,3,0,0.08,3,32,31,63,50.79,7,26,13,2,1,20.0,0,0,2,2,2,1,33.33,14,7,6,6,23.08,19,48.72,25,38.46,355,21.43,1,0,0,0,0,0,3,0,11,3,1,0,2,0,0.0,5,0,0,2,53,1,1,0,124,5,15,1,0,0,3,1,0,0,,,,0,0,0,0,0,2,0,0,0,0,0,0,2,0.0,0.0,2,5,3,40,20,0,1,0,1,2,0,0.0,118.33,0,0,0,16,50,0,3.27,0.0,8.0,,18
982601,Matteo Lovato,matteo-lovato,2696,Torino,6.6,171.7,26,0,0,0,0,0.26,0,565,100,665,84.96,391,175,49,3,0,0.0,37,31,4,0,0,1,100.0,2,0,1,42,56.76,26,47.27,68,52.71,1500,0.0,0,0,0,3,0,0,0,0,2,0,0,0,0,23,43.4,51,1,0,4,117,1,33,13,865,5,21,0,0,9,0,1,0,0,,,,1,0,0,0,0,25,3,0,0,0,0,0,17,0.0,0.0,3,1,1,61,29,0,0,0,53,28,21,56.76,0.0,0,0,0,436,230,0,0.06,1.0,65.0,,26
541578,Emmanuel Gyasi,emmanuel-gyasi,2705,Empoli,6.6,217.8,33,1,2,5,2,1.04,3,375,106,481,77.96,176,204,95,10,3,16.67,34,5,9,0,0,5,21.74,16,6,5,58,39.73,17,30.91,75,37.31,1892,6.25,0,0,0,0,0,0,1,0,16,0,0,0,1,5,20.0,24,0,1,21,199,8,15,8,789,21,40,1,0,17,6,5,0,0,,,,4,0,0,0,0,22,3,0,0,0,0,0,21,0.0,0.0,10,18,23,126,38,0,0,0,25,25,17,50.0,1892.0,0,0,0,212,292,0,3.54,0.0,90.0,,33
839226,Pietro Pellegri,pietro-pellegri,2696,Torino,6.6,151.8,23,1,0,2,1,0.13,2,85,46,131,64.89,23,62,37,4,5,41.67,5,2,3,0,0,0,0.0,13,4,6,30,42.25,25,39.06,55,40.74,783,7.69,0,0,0,0,0,0,1,0,13,0,0,0,1,2,66.67,3,0,0,15,100,1,2,2,269,22,16,0,0,4,6,3,0,0,,,,0,0,0,0,0,11,1,0,0,0,0,0,7,0.0,0.0,4,12,5,80,39,0,0,0,3,12,1,20.0,783.0,0,0,0,33,103,0,1.03,0.0,22.0,,24
328109,Alessandro Deiola,alessandro-deiola,2719,Cagliari,6.6,165.0,25,1,0,6,0,0.49,1,357,143,500,71.4,167,192,97,10,5,62.5,33,9,7,0,0,2,13.33,25,6,12,52,42.62,38,55.07,90,47.12,1626,4.0,0,0,0,0,2,0,1,0,13,12,1,0,0,37,43.53,34,0,0,15,188,8,46,19,736,17,25,0,1,29,0,7,0,0,,,,3,0,0,0,0,27,2,0,0,0,0,0,19,0.0,0.0,10,8,15,101,31,0,0,0,85,29,19,57.58,1626.0,0,0,0,204,311,0,2.51,0.0,87.0,,27
352728,Nikita Contini,nikita-contini,2714,SSC Napoli,6.6,6.6,1,0,0,0,0,0.0,0,3,0,3,100.0,3,0,0,0,0,0.0,0,0,0,0,0,0,0.0,0,0,0,0,0.0,0,0.0,0,0.0,16,0.0,0,0,0,0,0,0,0,0,0,0,0,0,0,0,0.0,1,0,0,0,0,0,0,0,5,0,0,0,0,0,0,0,0,0,,,,0,0,0,0,0,0,0,0,1,1,0,0,0,0.0,0.0,0,0,0,0,0,0,0,0,0,0,0,0.0,0.0,0,0,0,3,0,0,,1.0,2.0,,1
17756,Simone Aresti,simone-aresti,2719,Cagliari,6.6,6.6,1,0,0,0,0,,0,0,1,1,0.0,0,0,0,0,0,0.0,0,0,0,1,1,0,0.0,0,0,0,0,0.0,0,0.0,0,0.0,8,0.0,0,0,0,0,0,0,0,0,0,0,0,0,0,0,0.0,0,0,0,0,1,0,0,0,1,0,0,0,0,0,0,0,0,0,,,,0,1,0,0,0,1,0,0,0,0,0,0,0,0.0,0.0,0,0,0,0,0,0,0,0,1,1,0,0.0,0.0,0,0,0,0,1,0,,0.0,1.0,,1
1492729,Andres Șfaiț,andres-sfait,2710,Salernitana,6.6,13.2,2,0,0,0,0,0.03,0,3,1,4,75.0,1,2,2,1,0,0.0,1,0,0,0,0,0,0.0,0,0,0,1,33.33,0,0.0,1,33.33,21,0.0,0,0,0,0,0,0,0,0,0,0,0,0,0,0,0.0,0,0,0,0,3,0,0,0,9,0,0,0,0,1,0,0,0,0,,,,0,0,0,0,0,0,0,0,0,0,0,0,0,0.0,0.0,1,1,1,2,0,0,0,0,0,0,1,100.0,0.0,0,0,0,1,4,0,,0.0,1.0,,2
1019892,Stefan Mitrović,stefan-mitrovic,2701,Hellas Verona,6.6,66.0,10,0,0,0,0,0.16,0,75,13,88,85.23,30,47,25,3,6,50.0,6,0,0,0,0,2,13.33,7,1,2,18,45.0,4,18.18,22,35.48,388,0.0,0,0,0,0,0,0,0,0,6,1,0,0,0,3,60.0,4,0,0,4,51,2,5,4,176,6,10,0,0,3,1,4,0,0,,,,0,0,0,0,0,4,0,0,0,0,0,0,4,0.0,0.0,3,12,15,40,18,0,0,0,5,4,3,50.0,0.0,0,0,0,34,69,0,0.45,0.0,16.0,,10
929631,Elayis Tavsan,elayis-tavsan,2701,Hellas Verona,6.6,19.8,3,0,0,0,0,0.02,0,6,1,7,85.71,2,5,3,0,1,100.0,0,0,0,0,0,1,100.0,3,1,0,1,33.33,0,0.0,1,33.33,53,0.0,0,0,0,0,0,0,0,0,1,2,0,0,0,0,0.0,1,0,0,0,1,1,0,0,15,0,1,0,0,1,0,2,0,0,,,,0,0,0,0,0,0,1,0,0,0,0,0,0,0.0,0.0,0,1,1,2,0,0,0,0,1,1,0,0.0,0.0,0,0,0,2,6,0,0.1,0.0,2.0,,3
1105138,Riccardo Pagano,pagano-riccardo,2702,AS Roma,6.6,19.8,3,0,0,0,0,0.04,0,19,3,22,86.36,8,12,8,2,1,100.0,2,0,0,0,0,1,100.0,1,0,0,3,23.08,0,0.0,3,21.43,48,0.0,0,0,0,0,0,0,0,0,0,1,0,0,0,0,0.0,1,0,0,1,6,0,2,2,36,0,3,0,0,6,0,1,1,0,,,,0,0,0,0,0,1,0,0,0,0,0,0,0,0.0,0.0,1,1,1,11,1,0,0,0,1,1,2,100.0,0.0,0,0,0,8,15,0,0.06,0.0,3.0,,4
796673,Marcin Listkowski,marcin-listkowski,2689,Lecce,6.6,6.6,1,0,0,0,0,0.0,0,3,0,3,100.0,2,1,1,0,0,0.0,0,0,0,0,0,0,0.0,1,0,1,0,0.0,0,0.0,0,0.0,13,0.0,0,0,0,0,0,0,0,0,0,1,0,0,0,0,0.0,0,0,0,0,1,0,0,0,5,0,0,0,0,0,0,0,0,0,,,,0,0,0,0,0,0,0,0,0,0,0,0,0,0.0,0.0,0,0,0,0,0,0,0,0,0,0,0,0.0,0.0,0,0,0,2,1,0,0.04,0.0,0.0,,1
190405,Leander Dendoncker,leander-dendoncker,2714,SSC Napoli,6.6,19.8,3,0,0,0,0,0.01,0,23,4,27,85.19,8,15,4,0,0,0.0,0,0,0,0,0,0,0.0,1,0,0,1,50.0,2,100.0,3,75.0,33,0.0,0,0,0,0,0,0,0,0,0,1,0,0,0,0,0.0,0,0,0,1,7,0,1,0,33,1,0,0,0,0,0,1,0,0,,,,0,0,0,0,0,0,0,0,0,0,0,0,0,0.0,0.0,0,0,0,1,0,0,0,0,2,0,0,0.0,0.0,0,0,0,10,17,0,0.03,0.0,4.0,,3
386230,Pablo Galdames,pablo-galdames,2713,Genoa,6.6,13.2,2,0,0,0,0,0.02,0,21,2,23,91.3,7,14,7,0,0,0.0,0,0,0,0,0,0,0.0,1,1,0,0,0.0,1,50.0,1,33.33,24,0.0,0,0,0,0,0,0,0,0,1,0,0,0,0,0,0.0,0,0,0,0,3,0,2,2,26,0,1,0,0,0,0,0,0,0,,,,0,0,0,0,0,2,0,0,0,0,0,0,0,0.0,0.0,0,0,0,2,1,0,0,0,1,2,0,0.0,0.0,0,0,0,7,16,0,0.03,0.0,2.0,,2
1389689,Reda Belahyane,reda-belahyane,2701,Hellas Verona,6.6,13.2,2,0,0,0,0,0.02,0,23,2,25,92.0,11,12,7,0,0,0.0,1,1,0,0,0,0,0.0,1,1,0,2,50.0,0,0.0,2,50.0,90,0.0,0,0,0,0,0,0,0,0,0,1,0,0,0,0,0.0,0,0,0,1,4,1,2,1,36,1,1,0,0,0,0,0,0,0,,,,0,0,0,0,0,2,0,0,0,0,0,0,1,0.0,0.0,0,0,0,2,0,0,0,0,0,2,1,100.0,0.0,0,0,0,11,14,0,0.03,0.0,5.0,,2
920744,Ola Solbakken,ola-solbakken,2702,AS Roma,6.6,6.6,1,0,0,0,0,0.0,0,6,1,7,85.71,2,4,3,0,1,100.0,0,0,0,0,0,0,0.0,0,0,0,1,100.0,0,0.0,1,33.33,22,0.0,0,0,0,0,0,0,0,0,0,0,0,0,0,1,50.0,0,0,0,0,2,0,0,0,9,0,0,0,0,0,0,0,0,0,,,,0,0,0,0,0,0,0,0,0,0,0,0,0,0.0,0.0,0,1,1,2,2,0,0,0,2,0,0,0.0,0.0,0,0,0,3,5,0,0.0,0.0,1.0,,1
98058,Simone Verdi,simone-verdi,2696,Torino,6.6,6.6,1,0,0,0,0,0.01,0,1,0,1,100.0,0,1,1,1,0,0.0,0,0,0,0,0,0,0.0,0,0,0,0,0.0,0,0.0,0,0.0,10,0.0,0,0,0,0,0,0,0,0,0,0,0,0,0,0,0.0,0,0,0,0,0,0,0,0,2,0,0,0,0,0,0,0,0,0,,,,0,0,0,0,0,0,0,0,0,0,0,0,0,0.0,0.0,1,0,0,0,0,0,0,0,0,0,0,0.0,0.0,0,0,0,0,1,0,0.0,,,,1
1136034,Giacomo Corona,giacomo-corona,2705,Empoli,6.6,6.6,1,0,0,0,0,0.0,0,2,0,2,100.0,1,1,1,0,0,0.0,0,0,0,0,0,0,0.0,0,0,0,1,50.0,0,0.0,1,50.0,9,0.0,0,0,0,0,0,0,0,0,0,0,0,0,0,0,0.0,0,0,0,0,0,0,0,0,3,1,1,0,0,0,0,0,0,0,,,,0,0,0,0,0,0,0,0,0,0,0,0,0,0.0,0.0,0,0,0,1,0,0,0,0,0,0,0,0.0,0.0,0,0,0,1,1,0,0.0,0.0,0.0,,1
283851,Karlo Lulić,karlo-lulic,2801,Frosinone,6.6,6.6,1,0,0,0,0,0.0,0,8,4,12,66.67,5,3,1,0,0,0.0,0,1,0,0,0,0,0.0,0,0,0,0,0.0,0,0.0,0,0.0,18,0.0,0,0,0,0,0,0,0,0,0,0,0,0,0,0,0.0,0,0,0,0,4,0,1,0,14,0,0,0,0,0,0,0,0,0,,,,0,0,0,0,0,0,0,0,0,0,0,0,0,0.0,0.0,0,0,0,1,1,0,0,0,1,0,0,0.0,0.0,0,0,0,5,7,0,0.0,0.0,2.0,,1
860306,Oliver Christensen,oliver-christensen,2693,Fiorentina,6.6,26.4,4,0,0,0,0,0.01,0,131,44,175,74.86,117,14,3,0,0,0.0,0,0,0,0,0,0,0.0,0,0,0,1,33.33,0,0.0,1,33.33,360,0.0,0,0,0,2,0,0,0,0,0,0,0,0,0,34,45.33,3,0,0,0,45,0,29,13,206,1,2,0,0,0,0,0,0,10,,,,0,2,0,4,6,8,1,2,3,3,0,0,4,0.0,0.0,0,0,0,2,0,0,0,0,75,9,0,0.0,0.0,0,0,1,127,48,0,0.0,20.0,37.0,,4
922928,Alessandro Zanoli,alessandro-zanoli,2710,Salernitana,6.6,138.5,21,0,2,0,2,0.91,2,289,75,364,79.4,111,182,82,12,6,24.0,17,2,4,0,0,4,12.5,3,1,1,26,42.62,8,34.78,34,40.48,987,0.0,0,0,0,0,0,0,0,0,3,0,0,0,0,12,37.5,13,0,0,4,157,1,21,8,593,4,8,0,1,5,1,1,0,0,,,,1,0,0,0,0,18,2,0,0,0,0,0,10,0.0,0.0,12,25,32,50,15,0,0,0,32,20,14,82.35,0.0,0,0,0,134,262,0,0.17,0.0,28.0,,21
946006,Marvin Çuni,marvin-cuni,2801,Frosinone,6.59,138.4,21,1,0,3,0,0.2,1,82,27,109,75.23,30,52,33,6,3,27.27,8,1,0,0,0,0,0.0,10,2,7,22,37.93,17,33.33,39,35.78,579,10.0,0,0,2,0,1,0,1,0,9,1,0,0,1,3,75.0,0,0,0,15,83,5,5,3,226,12,13,0,0,1,3,1,0,0,,,,0,0,0,0,0,6,1,0,0,0,0,0,6,0.0,0.0,6,11,4,70,34,0,0,0,4,7,3,37.5,579.0,0,0,0,33,80,0,1.31,0.0,18.0,,22
826003,Jordi Mboula,jordi-mboula,2701,Hellas Verona,6.59,65.9,10,0,1,1,1,0.15,1,45,16,61,73.77,15,31,16,3,2,50.0,4,1,0,0,0,1,12.5,4,1,3,10,41.67,4,20.0,14,31.82,329,0.0,0,0,0,0,0,0,0,0,3,1,0,0,0,2,66.67,0,0,0,7,40,0,1,1,110,4,5,0,0,3,2,0,0,0,,,,0,0,0,0,0,4,1,0,0,0,0,0,5,0.0,0.0,3,4,8,30,16,0,0,0,3,5,4,100.0,0.0,0,0,0,21,48,0,0.2,0.0,6.0,,11
1445228,Farès Ghedjemis,fares-ghedjemis,2801,Frosinone,6.58,39.5,6,0,0,0,0,0.09,0,47,7,54,87.04,19,29,19,2,2,28.57,2,1,1,0,0,1,16.67,3,2,1,4,26.67,1,33.33,5,27.78,187,0.0,0,0,0,0,0,0,0,0,2,1,0,0,0,0,0.0,2,0,0,2,25,2,1,0,88,0,2,0,0,2,1,0,0,0,,,,0,0,0,0,0,3,0,0,0,0,0,0,1,0.0,0.0,2,7,6,13,2,0,0,0,0,3,0,0.0,0.0,0,0,0,20,40,0,0.11,0.0,10.0,,6
1390489,Davide Bartesaghi,davide-bartesaghi,2692,AC Milan,6.58,39.5,6,0,0,0,0,0.0,0,21,7,28,75.0,14,7,1,0,0,0.0,2,0,0,0,0,0,0.0,0,0,0,3,33.33,3,100.0,6,50.0,90,0.0,0,0,0,0,0,0,0,0,0,0,0,0,0,1,25.0,6,0,0,2,11,0,4,1,55,1,1,0,0,2,0,0,0,0,,,,0,0,0,0,0,0,0,0,0,0,0,0,0,0.0,0.0,0,1,0,6,0,0,0,0,4,0,0,0.0,0.0,0,0,0,17,11,0,0.0,0.0,2.0,,6
927030,Samuele Mulattieri,samuele-mulattieri,2793,Sassuolo,6.58,157.9,24,0,1,1,0,0.51,0,81,34,115,70.43,38,43,27,6,4,33.33,1,1,1,0,0,0,0.0,13,5,6,10,25.64,23,39.66,33,34.02,492,0.0,0,0,1,0,0,0,0,0,11,2,0,0,0,1,25.0,2,0,0,13,77,6,5,3,210,5,7,2,0,1,0,2,0,0,,,,0,0,0,0,0,15,3,0,0,0,0,0,1,0.0,0.0,6,12,0,64,35,0,0,0,4,18,1,100.0,0.0,0,0,0,43,72,0,1.6,0.0,21.0,,27
974863,Dani Silva,dani-silva,2701,Hellas Verona,6.58,92.1,14,0,1,0,0,0.34,0,184,37,221,83.26,70,114,65,3,3,100.0,6,3,2,0,0,0,0.0,3,0,0,12,44.44,4,25.0,16,37.21,448,0.0,0,0,0,0,0,0,0,0,0,3,0,0,0,15,57.69,9,0,0,6,56,1,21,13,286,3,5,0,0,4,0,3,0,0,,,,0,0,0,0,0,10,1,0,0,0,0,0,3,0.0,0.0,3,3,7,27,12,0,0,0,26,11,5,83.33,0.0,0,0,0,80,148,0,0.06,0.0,34.0,,14
943595,Sydney van Hooijdonk,sydney-van-hooijdonk,2685,Bologna,6.58,59.2,9,0,0,1,0,0.03,0,28,6,34,82.35,13,15,8,2,2,100.0,3,1,0,0,0,0,0.0,5,1,3,7,43.75,5,27.78,12,35.29,228,0.0,0,0,0,0,1,0,0,0,2,3,0,0,0,0,0.0,4,0,0,3,15,0,2,1,63,2,6,0,0,1,1,1,0,0,,,,0,0,0,0,0,2,0,0,0,0,0,0,2,0.0,0.0,2,2,1,22,13,0,0,0,1,2,0,0.0,0.0,0,0,0,15,20,0,0.62,0.0,3.0,,9
822163,Pantelis Hatzidiakos,pantelis-hatzidiakos,2719,Cagliari,6.58,85.5,13,0,0,1,0,0.16,0,315,60,375,84.0,194,122,48,1,1,33.33,22,13,1,0,0,1,16.67,4,2,1,27,58.7,5,35.71,32,53.33,863,0.0,0,0,0,0,0,0,0,0,3,1,0,0,0,27,47.37,30,1,0,3,88,1,35,21,518,4,7,0,0,7,0,1,0,0,,,,0,0,0,0,0,17,2,0,0,0,0,0,13,0.0,0.0,1,3,6,28,9,0,0,0,57,19,10,45.45,0.0,0,0,0,217,164,0,0.38,1.0,50.0,,13
100570,Mattia Destro,mattia-destro,2705,Empoli,6.57,98.6,15,0,1,3,0,0.03,0,41,21,62,66.13,20,21,11,3,1,50.0,2,2,2,0,0,0,0.0,11,4,4,10,55.56,13,41.94,23,46.94,362,0.0,0,0,0,0,0,0,0,0,9,2,0,0,0,0,0.0,2,0,0,2,36,3,0,0,118,7,6,0,0,0,4,3,0,0,,,,0,0,0,0,0,9,0,0,0,0,0,0,3,0.0,0.0,3,2,0,26,18,0,0,0,0,9,1,50.0,0.0,0,0,0,22,40,0,1.16,0.0,9.0,,15
1143547,Chukwubuikem Ikwuemesi,chukwubuikem-ikwuemesi,2710,Salernitana,6.57,164.3,25,1,0,3,1,0.59,2,110,54,164,67.07,38,72,34,8,15,50.0,3,1,2,0,0,0,0.0,22,8,7,36,33.64,31,34.07,67,33.84,1091,4.55,0,0,0,0,0,0,1,0,16,6,0,0,1,3,42.86,8,0,0,23,149,1,3,2,364,20,35,1,0,4,8,7,0,0,,,,0,0,0,0,0,25,1,0,0,0,0,0,11,0.0,0.0,8,30,2,131,60,0,0,0,7,26,1,33.33,1091.0,0,0,0,43,123,0,2.44,0.0,23.0,,25
19382,Jérôme Boateng,jerome-boateng,2710,Salernitana,6.57,46.0,7,0,0,0,0,0.09,0,106,19,125,84.8,75,31,16,1,0,0.0,0,4,0,0,0,0,0.0,0,0,0,0,0.0,8,53.33,8,47.06,243,0.0,0,0,0,0,0,0,0,0,0,0,0,0,0,7,38.89,20,0,0,0,21,0,10,5,161,0,2,0,0,0,1,0,0,0,,,,0,0,0,0,0,9,0,0,0,0,0,0,4,0.0,0.0,1,0,1,9,7,0,0,0,18,9,0,0.0,0.0,0,0,0,79,47,0,,0.0,10.0,,7
964153,Adam Obert,adam-obert,2719,Cagliari,6.56,98.4,15,0,2,0,0,0.7,0,342,91,433,78.98,209,142,53,6,3,75.0,17,21,1,0,0,9,60.0,3,3,0,24,50.0,14,41.18,38,46.34,947,0.0,0,0,0,0,0,0,0,0,2,1,0,0,0,39,46.99,39,1,0,2,114,2,49,24,606,4,14,0,0,9,0,0,0,0,,,,0,0,0,0,0,31,1,0,0,0,0,0,10,0.0,0.0,6,4,15,44,20,0,0,0,83,32,9,52.94,0.0,0,0,0,237,211,0,0.14,0.0,54.0,,17
1177401,Alan Matturro,alan-matturro,2713,Genoa,6.56,32.8,5,0,0,0,0,0.01,0,15,9,24,62.5,6,9,6,0,1,100.0,1,2,0,0,0,0,0.0,1,0,1,2,100.0,3,60.0,5,71.43,123,0.0,0,0,0,0,0,0,0,0,1,0,0,0,0,1,16.67,4,0,0,0,12,0,0,0,46,0,0,0,1,0,0,0,0,0,,,,0,0,0,0,0,3,0,0,0,0,0,0,1,0.0,0.0,0,1,0,2,2,0,0,0,6,3,1,100.0,0.0,0,0,0,8,16,0,0.07,0.0,6.0,,6
1086992,Gino Infantino,gino-infantino,2693,Fiorentina,6.56,32.8,5,0,0,0,0,0.02,0,39,5,44,88.64,17,22,14,1,3,100.0,1,3,1,0,0,0,0.0,1,0,0,6,40.0,1,16.67,7,33.33,97,0.0,0,0,0,0,0,0,0,0,0,1,0,0,0,3,75.0,0,0,0,4,12,1,2,2,69,2,4,0,0,1,0,1,0,0,,,,0,0,0,0,0,2,0,0,0,0,0,0,0,0.0,0.0,1,3,0,14,5,0,0,0,4,2,1,100.0,0.0,0,0,0,19,25,0,0.02,0.0,2.0,,6
1121184,Filippo Missori,filippo-missori,2793,Sassuolo,6.56,45.9,7,0,0,0,0,0.05,0,65,18,83,78.31,39,29,6,2,1,50.0,6,4,0,0,0,3,60.0,4,1,2,9,45.0,6,85.71,15,55.56,270,0.0,0,0,0,0,0,0,0,0,2,2,0,0,0,5,41.67,6,0,0,2,28,0,7,1,152,2,1,0,0,7,0,1,0,0,,,,0,0,0,0,0,4,2,0,0,0,0,0,2,0.0,0.0,2,2,5,12,1,0,0,0,12,6,3,50.0,0.0,0,0,0,43,45,0,0.28,0.0,8.0,,8
844292,Erik Botheim,erik-botheim,2710,Salernitana,6.56,45.9,7,0,0,0,0,0.07,0,48,16,64,75.0,21,27,13,0,1,33.33,2,0,1,0,0,0,0.0,1,0,0,13,76.47,3,14.29,16,42.11,322,0.0,0,0,0,0,0,0,0,0,1,0,0,0,0,1,33.33,2,0,0,0,22,1,1,0,97,11,2,0,0,1,0,1,0,0,,,,0,0,0,0,0,6,1,0,0,0,0,0,4,0.0,0.0,0,3,1,22,18,0,0,0,3,7,0,0.0,0.0,0,0,0,25,40,0,0.11,0.0,7.0,,7
914487,Ruan,ruan,2793,Sassuolo,6.56,163.9,25,0,2,1,0,0.4,0,579,100,679,85.27,430,149,39,4,2,50.0,25,24,5,0,1,0,0.0,7,2,5,39,52.7,34,55.74,73,54.07,1519,0.0,0,0,1,1,0,0,0,0,7,0,0,0,0,43,53.75,65,2,0,2,117,4,33,17,880,12,23,0,0,8,0,0,0,0,,,,0,0,0,0,0,39,4,0,0,0,0,0,16,0.0,0.0,4,4,2,62,27,0,0,0,80,43,15,60.0,0.0,1,0,0,480,201,0,0.51,12.0,80.0,,26
965330,Pierre Kalulu,pierre-kalulu,2692,AC Milan,6.56,59.0,9,0,0,0,0,0.16,0,219,24,243,90.12,143,77,32,2,0,0.0,5,1,0,0,0,1,20.0,2,0,2,8,57.14,3,27.27,11,44.0,370,0.0,0,0,0,0,0,0,0,0,2,0,0,0,0,7,50.0,10,0,1,2,36,0,8,3,299,3,1,0,0,1,0,0,0,0,,,,0,0,0,0,0,4,3,0,0,0,0,0,4,0.0,0.0,2,2,5,14,8,0,0,0,14,7,1,20.0,0.0,0,0,0,154,94,0,0.06,0.0,15.0,,9
901885,Flavius Daniliuc,flavius-daniliuc,2710,Salernitana,6.55,91.7,14,0,0,0,0,0.15,0,326,52,378,86.24,180,146,63,5,1,20.0,19,8,2,0,0,0,0.0,2,0,2,24,42.86,20,57.14,44,48.35,766,0.0,0,0,0,0,0,0,0,0,1,1,0,0,0,16,59.26,14,0,0,4,76,2,19,11,505,4,14,0,0,10,0,0,0,0,,,,0,0,0,0,0,18,1,0,0,0,0,0,8,0.0,0.0,5,5,1,47,15,0,0,0,27,19,11,57.89,0.0,0,0,0,196,183,0,0.25,0.0,52.0,,14
1184308,Álex Jiménez,alex-jimenez,2692,AC Milan,6.55,13.1,2,0,0,0,0,0.05,0,30,4,34,88.24,18,13,4,1,0,0.0,2,0,1,0,0,1,100.0,0,0,0,3,30.0,0,0.0,3,30.0,65,0.0,0,0,0,0,0,0,0,0,0,0,0,0,0,1,100.0,3,0,0,2,6,0,0,0,55,1,2,0,0,3,0,0,0,0,,,,0,0,0,0,0,0,0,0,0,0,0,0,0,0.0,0.0,1,0,1,7,0,0,0,0,1,0,1,50.0,0.0,0,0,0,19,16,0,0.0,0.0,2.0,,3
869273,Michele Cerofolini,michele-cerofolini,2801,Frosinone,6.55,52.4,8,0,0,0,0,0.0,0,97,84,181,53.59,86,11,3,0,0,0.0,0,0,1,0,0,0,0.0,0,0,0,0,0.0,1,100.0,1,50.0,675,0.0,0,0,0,1,0,0,0,0,0,0,0,0,0,29,26.36,8,0,1,0,85,0,37,12,243,0,1,0,1,0,0,0,0,18,,,,2,1,0,9,9,11,0,3,3,2,2,0,7,0.0,0.0,0,0,0,1,0,0,0,0,110,11,0,0.0,0.0,0,1,2,101,80,0,0.0,38.0,49.0,,8
280087,Luca Garritano,luca-garritano,2801,Frosinone,6.55,72.0,11,0,0,2,0,0.37,0,142,57,199,71.36,65,80,44,4,0,0.0,10,4,1,0,0,3,18.75,12,3,8,16,43.24,4,33.33,20,40.82,489,0.0,0,0,0,0,1,0,0,0,5,7,0,0,0,8,36.36,7,1,0,2,89,2,20,5,299,7,6,1,0,10,0,1,0,0,,,,0,0,0,0,0,8,1,0,0,0,0,0,5,0.0,0.0,4,5,16,29,8,0,0,0,22,9,5,50.0,0.0,0,0,0,82,133,0,0.7,0.0,34.0,,12
126236,Riccardo Saponara,riccardo-saponara,2701,Hellas Verona,6.54,78.5,12,0,1,0,0,0.16,0,85,28,113,75.22,34,52,24,3,4,50.0,3,0,0,0,0,1,12.5,5,1,1,10,41.67,1,16.67,11,36.67,355,0.0,0,0,0,0,0,0,0,0,1,4,0,0,0,6,66.67,2,0,0,3,60,2,10,7,176,3,1,0,0,6,2,3,0,0,,,,0,0,0,0,0,5,0,0,0,0,0,0,3,0.0,0.0,3,8,8,19,5,0,0,0,9,5,1,33.33,0.0,0,0,0,39,82,0,0.1,0.0,16.0,,12
979593,Iron Gomis,iron-gomis,2710,Salernitana,6.54,32.7,5,0,1,1,0,0.22,0,61,7,68,89.71,14,48,25,3,0,0.0,4,2,0,0,0,1,100.0,3,1,2,6,35.29,3,100.0,9,45.0,130,0.0,0,0,0,0,0,0,0,0,1,2,0,0,0,2,66.67,2,0,0,5,18,0,3,3,99,2,2,0,0,1,1,0,0,0,,,,0,0,0,0,0,3,1,0,0,0,0,0,1,0.0,0.0,3,3,1,11,0,0,0,0,3,4,1,25.0,0.0,0,0,0,17,52,0,0.57,0.0,10.0,,5
164511,Jean Daniel Akpa-Akpro,jean-akpa,2729,Monza,6.54,124.2,19,0,0,1,0,0.24,0,220,42,262,83.97,133,87,35,1,3,50.0,20,12,5,0,0,0,0.0,7,3,4,28,47.46,5,41.67,33,46.48,720,0.0,0,0,0,1,0,0,0,0,2,5,0,0,0,10,71.43,14,1,0,7,68,3,14,11,370,5,15,0,0,6,0,0,0,0,,,,0,0,0,0,0,10,1,0,0,0,0,0,8,0.0,0.0,1,6,1,38,7,0,0,0,14,11,11,55.0,0.0,0,0,0,155,108,0,0.55,0.0,29.0,,19
1164381,Seydou Fini,fini-seydou,2713,Genoa,6.53,19.6,3,0,0,0,0,0.01,0,8,3,11,72.73,2,6,3,0,0,0.0,0,0,0,0,0,0,0.0,2,0,2,2,50.0,1,33.33,3,42.86,41,0.0,0,0,0,0,0,0,0,0,1,1,0,0,0,0,0.0,0,0,0,1,8,0,0,0,22,2,0,0,0,0,0,0,0,0,,,,0,0,0,0,0,2,0,0,0,0,0,0,0,0.0,0.0,0,1,1,4,2,0,0,0,0,2,0,0.0,0.0,0,0,0,2,10,0,0.14,0.0,1.0,,3
846441,Rúben Vinagre,ruben-vinagre,2701,Hellas Verona,6.53,58.8,9,0,0,0,0,0.3,0,69,27,96,71.88,34,40,17,5,3,75.0,4,1,0,0,0,5,31.25,2,0,0,9,39.13,1,16.67,10,34.48,277,0.0,0,0,0,0,0,0,0,0,0,2,0,0,0,5,27.78,4,0,0,7,59,1,5,1,174,2,5,0,0,1,0,2,0,0,,,,0,0,0,0,0,5,1,0,0,0,0,0,2,0.0,0.0,5,4,16,19,5,0,0,0,18,6,2,50.0,0.0,0,0,0,44,68,0,0.03,0.0,19.0,,12
148740,Alessio Cragno,alessio-cragno,2793,Sassuolo,6.53,19.6,3,0,0,0,0,0.0,0,58,31,89,65.17,52,6,3,0,0,0.0,0,0,0,0,0,0,0.0,0,0,0,0,0.0,1,100.0,1,100.0,270,0.0,0,0,0,0,0,0,0,0,0,0,0,0,0,16,34.04,3,1,0,0,31,0,30,12,114,0,0,0,0,0,0,0,0,8,,,,0,1,0,8,0,6,1,0,4,4,3,0,3,0.0,0.0,0,0,0,0,0,0,0,0,47,7,0,0.0,0.0,0,0,1,57,32,0,0.0,22.0,16.0,,3
835601,Moise Kean,moise-kean,2687,Juventus,6.53,124.0,19,0,1,4,0,0.13,0,65,28,93,69.89,22,43,17,5,14,43.75,7,2,2,0,0,0,0.0,16,4,8,34,40.96,10,62.5,44,44.44,676,0.0,0,0,0,0,0,0,0,0,11,5,0,0,0,4,80.0,5,0,0,16,98,3,5,4,238,13,13,2,0,2,7,4,0,0,,,,0,0,0,0,0,2,2,0,0,0,0,0,8,0.0,0.0,5,32,1,55,6,0,0,0,5,4,4,57.14,0.0,0,0,0,28,66,0,2.28,0.0,18.0,,19
954888,Kaio Jorge,kaio-jorge,2801,Frosinone,6.51,130.2,20,3,0,11,0,0.26,3,114,41,155,73.55,43,72,44,8,5,27.78,6,1,2,0,0,1,33.33,27,13,8,19,41.3,10,27.78,29,35.37,827,11.11,2,1,0,0,1,0,3,0,23,4,1,1,1,4,66.67,0,0,0,9,89,9,10,3,273,10,8,1,0,1,2,6,0,0,,,,0,0,0,0,0,18,2,0,0,0,0,0,8,50.0,0.0,8,18,3,53,26,0,1,0,6,20,4,66.67,275.67,0,0,0,51,107,0,5.47,0.0,29.0,,20
318967,Renato Sanches,renato-sanches,2702,AS Roma,6.5,45.5,7,1,0,0,0,0.09,1,66,7,73,90.41,34,33,16,3,4,80.0,2,0,2,0,0,1,25.0,2,1,1,9,40.91,1,33.33,10,40.0,148,50.0,0,0,0,1,0,0,1,0,1,1,1,0,0,3,60.0,1,0,0,5,19,1,5,3,106,3,6,0,0,1,0,0,0,0,,,,0,0,0,0,0,4,0,0,0,0,0,0,1,0.0,0.0,3,5,4,15,2,0,0,0,5,4,1,50.0,148.0,0,0,0,35,42,0,0.08,0.0,5.0,,7
1175821,Niccolò Pisilli,niccolo-pisilli,2702,AS Roma,6.5,6.5,1,0,0,0,0,0.0,0,5,1,6,83.33,4,1,0,0,0,0.0,0,0,0,0,0,0,0.0,0,0,0,0,0.0,0,0.0,0,0.0,9,0.0,0,0,0,0,0,0,0,0,0,0,0,0,0,0,0.0,0,0,0,0,2,0,0,0,7,0,0,0,0,0,0,0,0,0,,,,0,0,0,0,0,0,0,0,0,0,0,0,0,0.0,0.0,0,0,0,0,0,0,0,0,0,0,0,0.0,0.0,0,0,0,4,2,0,,0.0,1.0,,1
1169409,Alphadjo Cissè,alphadjo-cisse,2701,Hellas Verona,6.5,6.5,1,0,0,0,0,0.0,0,1,0,1,100.0,1,0,0,0,0,0.0,0,0,0,0,0,0,0.0,0,0,0,0,0.0,0,0.0,0,0.0,11,0.0,0,0,0,0,0,0,0,0,0,0,0,0,0,0,0.0,0,0,0,0,0,0,0,0,1,0,1,0,0,0,0,0,0,0,,,,0,0,0,0,0,0,0,0,0,0,0,0,0,0.0,0.0,0,0,0,1,0,0,0,0,0,0,0,0.0,0.0,0,0,0,1,0,0,,0.0,0.0,,1
1397756,Tommaso Martinelli,martinelli-tommaso,2693,Fiorentina,6.5,6.5,1,0,0,0,0,0.0,0,34,12,46,73.91,33,1,0,0,0,0.0,0,0,0,0,0,0,0.0,0,0,0,0,0.0,0,0.0,0,0.0,90,0.0,0,0,0,0,0,0,0,0,0,0,0,0,0,10,45.45,1,0,0,0,12,0,8,6,52,0,0,0,0,0,0,0,0,1,,,,0,0,0,1,0,1,1,1,0,0,0,0,1,0.0,0.0,0,0,0,0,0,0,0,0,22,2,0,0.0,0.0,0,0,1,39,7,0,,9.0,7.0,,1
1462307,Christos Papadopoulos,papadopoulos-christos,2713,Genoa,6.5,6.5,1,0,0,0,0,,0,0,0,0,0.0,0,0,0,0,0,0.0,0,0,0,0,0,0,0.0,0,0,0,1,50.0,0,0.0,1,50.0,8,0.0,0,0,0,0,0,0,0,0,0,0,0,0,0,0,0.0,0,0,0,0,0,0,0,0,2,1,0,0,0,1,0,0,0,0,,,,0,0,0,0,0,0,0,0,0,0,0,0,0,0.0,0.0,0,0,0,1,0,0,0,0,0,0,0,0.0,0.0,0,0,0,0,0,0,,0.0,0.0,,1
967510,Yayah Kallon,yayah-kallon,2701,Hellas Verona,6.5,6.5,1,0,0,0,0,0.0,0,1,2,3,33.33,0,1,1,0,0,0.0,0,0,0,0,0,0,0.0,0,0,0,0,0.0,1,100.0,1,100.0,15,0.0,0,0,0,0,0,0,0,0,0,0,0,0,0,0,0.0,0,0,0,0,2,0,0,0,3,0,0,0,0,0,0,0,0,0,,,,0,0,0,0,0,1,0,0,0,0,0,0,0,0.0,0.0,0,0,0,0,0,0,0,0,0,1,0,0.0,0.0,0,0,0,1,2,0,,0.0,0.0,,1
595572,Daniele Sommariva,daniele-sommariva,2713,Genoa,6.5,6.5,1,0,0,0,0,,0,0,3,3,0.0,0,0,0,0,0,0.0,0,0,0,0,0,0,0.0,0,0,0,0,0.0,1,100.0,1,100.0,8,0.0,0,0,0,0,0,0,0,0,0,0,0,0,0,0,0.0,0,0,0,0,3,0,0,0,4,0,0,0,0,0,0,0,0,0,,,,0,0,0,0,0,0,0,0,0,0,0,0,0,0.0,0.0,0,0,0,0,0,0,0,0,3,0,0,0.0,0.0,0,0,0,0,3,0,,1.0,1.0,,1
1858820,Gerardo Fusco,gerardo-fusco,2710,Salernitana,6.5,6.5,1,0,0,0,0,0.02,0,5,1,6,83.33,3,2,2,1,0,0.0,0,0,0,0,0,0,0.0,0,0,0,0,0.0,0,0.0,0,0.0,14,0.0,0,0,0,0,0,0,0,0,0,0,0,0,0,0,0.0,0,0,0,0,3,0,0,0,9,0,0,0,0,0,0,0,0,0,,,,0,0,0,0,0,0,0,0,0,0,0,0,0,0.0,0.0,1,1,1,1,0,0,0,0,0,0,0,0.0,0.0,0,0,0,4,3,0,,0.0,0.0,,1
1466543,Charlys,charlys,2701,Hellas Verona,6.5,13.0,2,0,0,0,0,0.04,0,5,1,6,83.33,2,3,2,2,0,0.0,0,1,0,0,0,0,0.0,0,0,0,0,0.0,0,0.0,0,0.0,34,0.0,0,0,0,0,0,0,0,0,0,0,0,0,0,0,0.0,0,0,0,0,2,0,0,0,8,0,0,0,0,0,0,0,0,0,,,,0,0,0,0,0,1,0,0,0,0,0,0,0,0.0,0.0,2,1,0,1,0,0,0,0,0,1,0,0.0,0.0,0,0,0,2,4,0,,0.0,1.0,,2
1397478,João Costa,joao-costa,2702,AS Roma,6.5,19.5,3,0,0,0,0,0.07,0,6,1,7,85.71,1,5,4,1,0,0.0,0,0,1,0,0,0,0.0,0,0,0,0,0.0,0,0.0,0,0.0,29,0.0,0,0,0,0,0,0,0,0,0,0,0,0,0,0,0.0,0,0,0,1,4,0,0,0,11,0,2,0,0,0,0,0,0,0,,,,0,0,0,0,0,1,0,0,0,0,0,0,0,0.0,0.0,1,0,1,3,0,0,0,0,1,1,0,0.0,0.0,0,0,0,1,7,0,,0.0,0.0,,3
362222,Mattia Caldara,mattia-caldara,2692,AC Milan,6.5,6.5,1,0,0,0,0,0.0,0,20,4,24,83.33,11,9,0,0,0,0.0,1,1,0,0,0,0,0.0,1,0,1,1,100.0,2,100.0,3,100.0,32,0.0,0,0,0,0,0,0,0,0,1,0,0,0,0,0,0.0,1,0,0,0,4,0,0,0,30,0,0,0,0,0,0,0,0,0,,,,0,0,0,0,0,2,1,0,0,0,0,0,0,0.0,0.0,0,0,0,0,0,0,0,0,3,3,1,100.0,0.0,0,0,0,12,12,0,0.21,0.0,3.0,,1
1414275,Vivaldo,vivaldo,2695,Udinese,6.5,6.5,1,0,0,0,0,0.0,0,0,1,1,0.0,0,0,0,0,0,0.0,0,0,0,0,0,0,0.0,0,0,0,2,50.0,0,0.0,2,50.0,11,0.0,0,0,0,0,0,0,0,0,0,0,0,0,0,0,0.0,0,0,0,2,4,0,1,0,6,2,1,0,0,0,0,0,0,0,,,,0,0,0,0,0,0,0,0,0,0,0,0,0,0.0,0.0,0,0,0,2,0,0,0,0,0,0,0,0.0,0.0,0,0,0,0,1,0,0.0,0.0,1.0,,1
287573,Liam Henderson,liam-henderson,2705,Empoli,6.5,6.5,1,0,0,0,0,0.0,0,2,2,4,50.0,1,1,0,0,0,0.0,0,0,0,0,0,0,0.0,0,0,0,0,0.0,0,0.0,0,0.0,11,0.0,0,0,0,0,0,0,0,0,0,0,0,0,0,0,0.0,0,0,0,0,3,0,1,0,5,0,0,0,0,0,0,0,0,0,,,,0,0,0,0,0,0,0,0,0,0,0,0,0,0.0,0.0,0,0,1,0,0,0,0,0,1,0,0,0.0,0.0,0,0,0,1,4,0,0.0,,,,1
1068581,Leonardo Cerri,leonardo-cerri,2687,Juventus,6.5,6.5,1,0,0,0,0,0.0,0,0,2,2,0.0,0,0,0,0,0,0.0,0,0,0,0,0,0,0.0,0,0,0,0,0.0,0,0.0,0,0.0,11,0.0,0,0,0,0,0,0,0,0,0,0,0,0,0,0,0.0,0,0,0,0,2,0,0,0,2,0,0,0,0,0,0,0,0,0,,,,0,0,0,0,0,0,0,0,0,0,0,0,0,0.0,0.0,0,0,0,0,0,0,0,0,0,0,0,0.0,0.0,0,0,0,0,2,0,0.0,0.0,0.0,,1
874481,Mamadou Coulibaly,mamadou-coulibaly,2710,Salernitana,6.5,6.5,1,0,0,0,0,0.0,0,1,2,3,33.33,0,1,1,0,0,0.0,0,0,0,0,0,0,0.0,0,0,0,0,0.0,0,0.0,0,0.0,9,0.0,0,0,0,0,0,0,0,0,0,0,0,0,0,0,0.0,0,0,0,0,2,0,0,0,3,0,0,0,0,0,0,0,0,0,,,,0,0,0,0,0,0,0,0,0,0,0,0,0,0.0,0.0,0,0,0,0,0,0,0,0,0,0,0,0.0,0.0,0,0,0,0,3,0,0.0,0.0,0.0,,1
348088,Luigi Canotto,luigi-canotto,2801,Frosinone,6.5,6.5,1,0,0,0,0,0.0,0,2,1,3,66.67,1,1,0,0,1,100.0,0,0,0,0,0,0,0.0,0,0,0,2,50.0,0,0.0,2,50.0,15,0.0,0,0,0,0,0,0,0,0,0,0,0,0,0,0,0.0,0,0,0,2,3,0,0,0,7,1,0,0,0,0,0,0,0,0,,,,0,0,0,0,0,1,0,0,0,0,0,0,0,0.0,0.0,0,1,0,2,0,0,0,0,0,1,0,0.0,0.0,0,0,0,2,1,0,0.0,0.0,1.0,,1
1167928,Andrea Sodero,sodero-andrea,2705,Empoli,6.5,6.5,1,0,0,0,0,0.0,0,0,0,0,0.0,0,0,0,0,0,0.0,0,0,0,0,0,0,0.0,0,0,0,0,0.0,0,0.0,0,0.0,9,0.0,0,0,0,0,0,0,0,0,0,0,0,0,0,0,0.0,0,0,0,0,1,0,0,0,1,0,0,0,0,0,0,0,0,0,,,,0,0,0,0,0,0,0,0,0,0,0,0,0,0.0,0.0,0,0,1,0,0,0,0,0,0,0,0,0.0,0.0,0,0,0,0,1,0,0.0,0.0,0.0,,1
871765,Nicolás Domínguez,nicolas-dominguez,2685,Bologna,6.5,13.0,2,0,0,0,0,0.06,0,82,9,91,90.11,41,41,14,1,0,0.0,1,0,0,0,0,0,0.0,0,0,0,1,11.11,1,100.0,2,20.0,101,0.0,0,0,0,0,0,0,0,0,0,0,0,0,0,2,100.0,2,0,0,3,14,1,2,1,105,0,3,0,0,2,0,0,0,0,,,,0,0,0,0,0,2,1,0,0,0,0,0,1,0.0,0.0,1,0,0,8,0,0,0,0,2,3,0,0.0,0.0,0,0,0,45,46,0,0.0,0.0,7.0,,2
335887,Filip Jagiełło,filip-jagieo,2713,Genoa,6.5,6.5,1,0,0,0,0,0.03,0,15,2,17,88.24,9,6,4,0,0,0.0,0,1,0,0,0,0,0.0,0,0,0,0,0.0,0,0.0,0,0.0,32,0.0,0,0,0,0,0,0,0,0,0,0,0,0,0,0,0.0,0,0,0,2,4,0,1,0,22,0,0,0,0,1,0,0,0,0,,,,0,0,0,0,0,0,0,0,0,0,0,0,0,0.0,0.0,0,0,0,3,0,0,0,0,1,0,0,0.0,0.0,0,0,0,9,8,0,0.0,0.0,3.0,,2
377512,Pasquale Mazzocchi,pasquale-mazzocchi,2714,SSC Napoli,6.49,181.8,28,0,2,0,2,1.32,2,538,161,699,76.97,263,290,155,17,23,45.1,30,6,4,1,1,15,26.79,13,2,9,69,43.4,18,35.29,87,41.43,1710,0.0,0,0,0,0,1,0,0,0,3,10,0,0,0,21,31.34,37,0,0,16,310,5,53,12,1178,16,32,0,0,14,3,2,0,0,,,,1,0,0,0,0,30,5,0,0,0,0,0,20,0.0,0.0,17,51,56,123,33,0,0,0,67,35,21,70.0,0.0,0,0,0,323,432,1,0.49,0.0,93.0,,28
802149,Yann Karamoh,yann-karamoh,2696,Torino,6.49,58.4,9,0,0,0,0,0.18,0,40,16,56,71.43,12,28,16,1,6,35.29,1,0,0,0,0,0,0.0,2,1,1,10,35.71,2,50.0,12,37.5,163,0.0,0,0,0,0,0,0,0,0,2,0,0,0,0,2,50.0,1,0,0,5,48,0,6,1,110,3,2,0,0,0,2,0,0,0,,,,0,0,0,0,0,2,0,0,0,0,0,0,1,0.0,0.0,1,17,5,20,2,0,0,0,4,2,0,0.0,0.0,0,0,0,13,48,0,0.15,0.0,10.0,,10
1457821,David Ankeye,david-ankeye,2713,Genoa,6.48,32.4,5,0,0,0,0,0.36,0,8,0,8,100.0,1,7,5,0,2,40.0,1,0,0,0,0,0,0.0,0,0,0,4,44.44,0,0.0,4,40.0,64,0.0,0,0,0,0,0,0,0,0,0,0,0,0,0,0,0.0,0,0,0,0,6,2,0,0,20,1,2,0,0,1,0,0,0,0,,,,0,0,0,0,0,0,0,0,0,0,0,0,0,0.0,0.0,0,5,1,6,1,0,0,0,0,0,0,0.0,0.0,0,0,0,1,8,0,,0.0,4.0,,6
859266,Triantafyllos Pasalidis,triantafyllos-pasalidis,2710,Salernitana,6.48,51.8,8,0,0,0,0,0.21,0,140,31,171,81.87,93,47,19,2,0,0.0,11,3,3,0,0,0,0.0,0,0,0,14,48.28,7,35.0,21,42.86,458,0.0,0,0,0,0,0,0,0,0,0,0,0,0,0,10,34.48,18,0,0,0,36,0,16,5,226,3,9,0,0,5,0,0,0,0,,,,0,0,0,0,0,10,1,0,0,0,0,0,5,0.0,0.0,2,1,0,28,13,0,0,0,29,11,7,63.64,0.0,0,0,0,103,68,0,0.02,0.0,12.0,,8
1064080,Mateusz Łęgowski,mateusz-legowski,2710,Salernitana,6.47,187.7,29,0,0,0,0,0.37,0,289,80,369,78.32,121,169,80,7,6,33.33,23,7,3,0,0,1,16.67,7,1,4,39,38.61,13,44.83,52,40.0,1149,0.0,0,0,0,0,0,0,0,0,3,4,0,0,0,8,40.0,16,0,0,12,131,6,16,9,531,10,24,0,0,15,2,2,0,0,,,,0,0,0,0,0,30,1,0,0,0,0,0,10,0.0,0.0,7,18,6,78,16,0,0,0,20,31,12,52.17,0.0,0,0,0,150,225,0,0.24,0.0,60.0,,29
893642,Marash Kumbulla,marash-kumbulla,2793,Sassuolo,6.47,45.3,7,0,0,0,0,0.04,0,83,23,106,78.3,60,23,7,0,0,0.0,3,0,1,0,0,0,0.0,0,0,0,4,50.0,4,50.0,8,50.0,366,0.0,0,0,0,1,0,0,0,0,0,0,0,0,0,5,27.78,20,0,0,0,23,0,10,6,145,1,3,0,1,1,0,0,0,0,,,,1,0,0,0,0,9,1,0,0,0,0,0,3,0.0,0.0,0,0,0,8,4,0,0,0,18,10,2,66.67,0.0,0,0,0,66,40,0,,5.0,6.0,,7
928777,Michel Adopo,michel-ndary-adopo,2686,Atalanta,6.46,51.7,8,0,0,1,1,0.15,1,74,14,88,84.09,26,48,26,2,2,100.0,4,0,0,0,0,0,0.0,1,1,0,7,63.64,3,75.0,10,66.67,128,0.0,0,0,0,0,0,0,0,0,1,0,0,0,0,2,100.0,2,1,0,2,23,1,1,1,108,1,2,0,0,0,1,0,0,0,,,,0,0,0,0,0,3,0,0,0,0,0,0,0,0.0,0.0,2,2,1,5,1,0,0,0,2,3,3,75.0,0.0,0,0,0,29,60,0,0.07,0.0,13.0,,10
1397348,Kevin Zeroli,zeroli-kevin,2692,AC Milan,6.45,12.9,2,0,0,0,0,0.0,0,2,3,5,40.0,0,2,1,0,0,0.0,1,0,0,0,0,0,0.0,0,0,0,1,50.0,1,50.0,2,50.0,25,0.0,0,0,0,0,0,0,0,0,0,0,0,0,0,0,0.0,1,0,0,1,5,0,0,0,11,0,0,0,0,0,0,0,0,0,,,,0,0,0,0,0,0,0,0,0,0,0,0,0,0.0,0.0,0,0,1,2,1,0,0,0,1,0,1,100.0,0.0,0,0,0,1,5,0,,0.0,1.0,,3
1095023,Marco Pellegrino,pellegrino-marco,2710,Salernitana,6.45,64.5,10,0,0,0,0,0.02,0,246,46,292,84.25,180,66,12,1,1,33.33,9,11,1,0,0,0,0.0,3,1,1,11,44.0,10,34.48,21,38.89,611,0.0,0,0,0,1,0,0,0,0,3,0,0,0,0,7,24.14,29,0,0,2,55,0,14,3,384,1,3,0,0,7,0,1,0,0,,,,0,0,0,0,0,16,4,0,0,0,0,0,5,0.0,0.0,1,3,1,33,19,0,0,0,29,20,7,77.78,0.0,0,0,0,203,90,0,0.07,2.0,20.0,,11
1140001,Giorgi Kvernadze,kvernadze-giorgi,2801,Frosinone,6.45,25.8,4,0,0,0,0,0.01,0,27,4,31,87.1,15,12,5,0,3,60.0,3,1,0,0,0,0,0.0,0,0,0,7,46.67,0,0.0,7,46.67,59,0.0,0,0,0,0,0,0,0,0,0,0,0,0,0,3,75.0,0,0,0,3,14,0,0,0,56,1,3,0,0,0,0,0,0,0,,,,0,0,0,0,0,3,0,0,0,0,0,0,0,0.0,0.0,0,5,1,8,0,0,0,0,4,3,0,0.0,0.0,0,0,0,16,16,0,0.0,0.0,4.0,,5
365992,Kevin Bonifazi,kevin-bonifazi,2801,Frosinone,6.45,38.7,6,0,0,0,0,0.04,0,191,32,223,85.65,141,50,19,1,1,50.0,9,3,0,0,0,0,0.0,0,0,0,12,57.14,6,42.86,18,51.43,397,0.0,0,0,0,0,0,0,0,0,0,0,0,0,0,8,38.1,15,0,1,2,38,0,17,6,274,2,5,0,0,2,0,0,0,0,,,,1,0,0,0,0,10,1,0,0,0,0,0,4,0.0,0.0,1,2,0,17,8,0,0,0,21,11,3,33.33,0.0,0,0,0,159,64,0,0.0,0.0,23.0,,7
1032022,Luka Romero,luka-romero,2692,AC Milan,6.43,25.7,4,0,0,0,0,0.07,0,32,4,36,88.89,12,20,9,0,1,33.33,0,0,1,0,0,0,0.0,1,0,1,3,23.08,1,50.0,4,26.67,86,0.0,0,0,0,0,0,0,0,0,1,0,0,0,0,0,0.0,0,0,0,2,13,1,1,0,53,2,3,0,0,3,0,0,0,0,,,,0,0,0,0,0,1,1,0,0,0,0,0,0,0.0,0.0,0,3,2,11,1,0,0,0,0,2,0,0.0,0.0,0,0,0,15,23,0,0.09,0.0,5.0,,4
357756,Lorenzo Venuti,lorenzo-venuti,2689,Lecce,6.42,70.6,11,0,0,0,0,0.28,0,136,35,171,79.53,68,71,27,4,2,100.0,6,5,1,0,0,3,30.0,3,1,1,9,52.94,2,40.0,11,50.0,378,0.0,0,0,0,1,0,0,0,0,0,3,0,0,0,9,39.13,12,0,0,0,46,2,19,9,256,1,5,0,0,4,0,1,0,0,,,,0,0,0,0,0,11,1,0,0,0,0,0,3,0.0,0.0,4,2,10,11,3,0,0,0,23,12,4,66.67,0.0,0,0,0,80,101,0,0.1,0.0,21.0,,14
25522,Marco Mancosu,marco-mancosu,2719,Cagliari,6.4,38.4,6,0,0,2,0,0.35,0,38,19,57,66.67,17,22,14,2,3,50.0,3,0,0,0,0,1,25.0,7,0,6,7,41.18,0,0.0,7,33.33,182,0.0,1,0,0,0,1,0,0,0,3,4,0,0,0,1,14.29,0,0,0,3,32,1,10,5,92,1,3,2,0,1,2,1,0,0,,,,0,0,0,0,0,4,0,0,0,0,0,0,3,0.0,0.0,2,6,4,14,4,0,1,0,7,4,0,0.0,0.0,0,0,0,19,42,0,1.29,0.0,8.0,,6
98003,Mehdi Bourabia,mehdi-bourabia,2801,Frosinone,6.4,51.2,8,0,0,0,0,0.05,0,75,21,96,78.13,42,34,17,1,0,0.0,5,0,1,0,0,1,50.0,2,0,1,5,41.67,3,50.0,8,44.44,222,0.0,0,0,0,2,0,0,0,0,1,1,0,0,0,1,20.0,4,0,0,0,31,0,8,3,130,1,5,0,0,2,1,1,0,0,,,,0,0,0,0,0,8,1,0,0,0,0,0,3,0.0,0.0,1,1,2,10,3,0,0,0,5,9,4,80.0,0.0,0,0,0,48,50,0,0.11,0.0,19.0,,10
1133119,Simone Pafundi,simone-pafundi,2695,Udinese,6.4,6.4,1,0,0,0,0,0.05,0,5,0,5,100.0,2,3,1,0,0,0.0,0,0,0,0,0,0,0.0,0,0,0,0,0.0,1,100.0,1,50.0,12,0.0,0,0,0,0,0,0,0,0,0,0,0,0,0,0,0.0,0,0,0,0,1,0,1,1,9,0,1,0,0,0,0,0,0,0,,,,0,0,0,0,0,0,1,0,0,0,0,0,0,0.0,0.0,0,0,1,1,0,0,0,0,0,1,0,0.0,0.0,0,0,0,2,4,0,0.0,0.0,0.0,,1
979479,Gennaro Borrelli,gennaro-borrelli,2801,Frosinone,6.4,6.4,1,0,0,0,0,0.0,0,0,0,0,0.0,0,0,0,0,0,0.0,0,0,0,0,0,0,0.0,0,0,0,0,0.0,0,0.0,0,0.0,23,0.0,0,0,0,0,0,0,0,0,0,0,0,0,0,0,0.0,0,0,0,0,1,0,0,0,1,0,0,0,0,0,2,0,0,0,,,,0,0,0,0,0,1,0,0,0,0,0,0,0,0.0,0.0,0,0,1,1,1,0,0,0,0,1,0,0.0,0.0,0,0,0,0,1,0,0.0,0.0,0.0,,1
988839,Marley Aké,ake-marley,2695,Udinese,6.4,6.4,1,0,0,0,0,0.0,0,0,0,0,0.0,0,0,0,0,0,0.0,0,0,0,0,0,0,0.0,0,0,0,0,0.0,0,0.0,0,0.0,9,0.0,0,0,0,0,0,0,0,0,0,0,0,0,0,0,0.0,0,0,0,0,1,0,0,0,1,0,0,0,0,0,0,0,0,0,,,,0,0,0,0,0,0,0,0,0,0,0,0,0,0.0,0.0,0,0,0,2,2,0,0,0,0,0,0,0.0,0.0,0,0,0,0,0,0,0.0,0.0,0.0,,1
1000015,Emmanuel Ekong,emmanuel-ekong,2705,Empoli,6.4,6.4,1,0,0,0,0,0.0,0,1,0,1,100.0,0,1,1,1,0,0.0,0,0,0,0,0,0,0.0,0,0,0,1,33.33,0,0.0,1,33.33,11,0.0,0,0,0,0,0,0,0,0,0,0,0,0,0,0,0.0,0,0,0,0,2,0,0,0,4,1,0,0,0,0,0,0,0,0,,,,0,0,0,0,0,0,0,0,0,0,0,0,0,0.0,0.0,1,2,0,2,0,0,0,0,0,0,0,0.0,0.0,0,0,0,0,1,0,0.0,,,,1
826189,Davide Bettella,davide-bettella,2729,Monza,6.4,6.4,1,0,0,0,0,0.0,0,3,2,5,60.0,2,1,1,0,0,0.0,0,0,0,0,0,0,0.0,0,0,0,0,0.0,0,0.0,0,0.0,13,0.0,0,0,0,0,0,0,0,0,0,0,0,0,0,0,0.0,0,0,0,1,3,0,0,0,6,0,0,0,0,0,0,0,0,0,,,,0,0,0,0,0,0,0,0,0,0,0,0,0,0.0,0.0,0,0,0,1,0,0,0,0,0,0,0,0.0,0.0,0,0,0,3,2,0,0.0,0.0,0.0,,1
1387352,Jeppe Corfitzen,corfitzen-jeppe,2689,Lecce,6.4,6.4,1,0,0,0,0,0.0,0,2,1,3,66.67,0,2,0,0,0,0.0,1,0,0,0,0,0,0.0,0,0,0,1,100.0,0,0.0,1,50.0,8,0.0,0,0,0,0,0,0,0,0,0,0,0,0,0,0,0.0,0,0,0,0,2,0,0,0,6,0,0,0,0,0,0,0,0,0,,,,0,0,0,0,0,1,1,0,0,0,0,0,0,0.0,0.0,0,0,0,1,1,0,0,0,0,2,0,0.0,0.0,0,0,0,1,2,0,0.0,0.0,0.0,,1
794784,Samuele Perisan,samuele-perisan,2705,Empoli,6.4,6.4,1,0,0,0,0,0.0,0,19,7,26,73.08,19,0,0,0,0,0.0,0,0,0,0,0,0,0.0,0,0,0,0,0.0,0,0.0,0,0.0,90,0.0,0,0,0,0,0,0,0,0,0,0,0,0,0,3,30.0,0,0,0,0,7,0,1,0,37,0,0,0,0,0,0,0,0,3,,,,0,0,0,1,2,1,1,0,0,0,0,0,1,0.0,0.0,0,0,0,0,0,0,0,0,10,2,0,0.0,0.0,0,0,0,22,4,0,0.0,12.0,9.0,,1
190319,George Pușcaș,george-puscas,2713,Genoa,6.38,51.0,8,0,0,5,0,0.09,0,34,27,61,55.74,12,22,16,1,1,33.33,0,0,0,0,0,0,0.0,11,5,5,1,7.69,12,60.0,13,39.39,218,0.0,0,0,0,0,0,0,0,0,10,1,0,0,0,0,0.0,1,0,0,6,45,2,1,1,98,0,1,0,0,3,0,1,0,0,,,,0,0,0,0,0,4,1,0,0,0,0,0,1,0.0,0.0,1,3,0,20,8,0,0,0,0,5,0,0.0,0.0,0,0,0,14,47,0,2.12,0.0,9.0,,8
845271,Dylan Bronn,dylan-bronn,2710,Salernitana,6.38,25.5,4,0,0,0,0,0.04,0,8,4,12,66.67,5,3,2,0,0,0.0,0,0,0,0,0,0,0.0,1,0,1,2,66.67,4,50.0,6,54.55,65,0.0,0,0,0,0,0,0,0,0,1,0,0,0,0,0,0.0,4,0,0,0,4,0,2,1,22,2,0,0,0,1,0,0,0,0,,,,0,0,0,0,0,4,0,0,0,0,0,0,0,0.0,0.0,0,0,0,5,4,0,0,0,2,4,0,0.0,0.0,0,0,0,6,6,0,0.03,0.0,0.0,,4
928814,Alessandro Di Pardo,alessandro-di-pardo,2719,Cagliari,6.35,95.3,15,0,0,0,0,0.21,0,91,37,128,71.09,44,51,24,5,1,16.67,4,5,0,0,0,4,22.22,3,0,2,7,33.33,4,66.67,11,40.74,373,0.0,0,0,0,2,0,0,0,0,0,3,0,0,0,1,6.25,6,0,0,4,71,3,12,3,223,2,3,0,0,3,1,1,0,0,,,,0,0,0,0,0,9,1,0,0,0,0,0,2,0.0,0.0,5,6,18,16,2,0,0,0,16,10,1,25.0,0.0,0,0,0,54,92,0,0.09,0.0,26.0,,15
876235,Luca Gemello,luca-gemello,2696,Torino,6.35,12.7,2,0,0,0,0,0.0,0,87,21,108,80.56,77,10,1,0,0,0.0,0,0,0,0,0,0,0.0,0,0,0,0,0.0,0,0.0,0,0.0,180,0.0,0,0,0,0,0,0,0,0,0,0,0,0,0,18,46.15,2,1,0,0,23,0,25,15,127,0,0,0,0,1,0,0,0,4,,,,0,1,0,3,1,4,1,1,1,0,2,0,2,0.0,0.0,0,0,0,1,0,0,0,0,39,5,0,0.0,0.0,0,0,1,81,27,0,,12.0,14.0,,2
103156,Giulio Donati,giulio-donati,2729,Monza,6.35,25.4,4,0,1,0,0,0.19,0,33,4,37,89.19,18,16,5,3,0,0.0,0,0,2,0,0,1,25.0,1,1,0,0,0.0,0,0.0,0,0.0,53,0.0,0,0,0,0,0,0,0,0,0,1,0,0,0,0,0.0,1,1,0,0,11,0,1,1,51,0,1,0,0,0,0,0,0,0,,,,0,0,0,0,0,2,0,0,0,0,0,0,0,0.0,0.0,3,0,4,3,2,0,0,0,1,2,0,0.0,0.0,0,0,0,20,21,0,0.02,0.0,2.0,,4
1520771,Francesco Camarda,camarda-francesco,2692,AC Milan,6.35,12.7,2,0,0,0,0,0.0,0,0,0,0,0.0,0,0,0,0,0,0.0,0,0,0,0,0,0,0.0,0,0,0,0,0.0,0,0.0,0,0.0,26,0.0,0,0,0,0,0,0,0,0,0,0,0,0,0,0,0.0,0,0,0,0,2,0,0,0,2,0,0,0,0,2,0,0,0,0,,,,0,0,0,0,0,0,0,0,0,0,0,0,0,0.0,0.0,0,1,0,5,2,0,0,0,0,0,0,0.0,0.0,0,0,0,0,0,0,0.0,0.0,1.0,,2
1525361,Mateus Lusuardi,mateus-lusuardi,2801,Frosinone,6.33,19.0,3,0,0,0,0,0.02,0,122,15,137,89.05,72,50,21,0,1,100.0,2,4,1,0,0,0,0.0,1,0,0,3,37.5,3,75.0,6,50.0,220,0.0,0,0,0,1,0,0,0,0,1,0,0,0,0,3,30.0,7,0,0,1,22,0,5,0,180,0,2,0,0,2,0,1,0,0,,,,0,0,0,0,0,7,1,0,0,0,0,0,3,0.0,0.0,0,1,1,6,1,0,0,0,10,8,1,50.0,0.0,0,0,0,75,63,0,0.07,0.0,7.0,,4
983575,Nikola Sekulov,sekulov-nikola,2687,Juventus,6.3,6.3,1,0,0,0,0,0.0,0,1,1,2,50.0,0,1,0,0,0,0.0,0,0,0,0,0,0,0.0,0,0,0,0,0.0,0,0.0,0,0.0,10,0.0,0,0,0,0,0,0,0,0,0,0,0,0,0,0,0.0,0,0,0,0,1,0,0,0,2,0,0,0,0,0,0,0,0,0,,,,0,0,0,0,0,1,0,0,0,0,0,0,0,0.0,0.0,0,0,0,1,1,0,0,0,0,1,0,0.0,0.0,0,0,0,0,2,0,0.0,0.0,0.0,,1
814214,Silvan Hefti,silvan-hefti,2713,Genoa,6.28,37.7,6,0,0,0,0,0.01,0,18,10,28,64.29,7,11,4,0,0,0.0,6,0,0,0,0,0,0.0,0,0,0,7,53.85,2,50.0,9,52.94,127,0.0,0,0,0,0,0,0,0,0,0,0,0,0,0,1,50.0,1,0,0,0,17,0,4,0,53,1,2,0,0,3,0,0,0,0,,,,0,0,0,0,0,7,1,0,0,0,0,0,1,0.0,0.0,0,1,2,8,2,0,0,0,2,8,1,16.67,0.0,0,0,0,10,20,0,0.0,0.0,3.0,,6
1137268,Kevin Miranda,miranda-kevin,2793,Sassuolo,6.2,6.2,1,0,0,0,0,0.0,0,9,1,10,90.0,8,1,0,0,1,100.0,0,0,0,0,0,0,0.0,0,0,0,1,100.0,0,0.0,1,100.0,12,0.0,0,0,0,0,0,0,0,0,0,0,0,0,0,0,0.0,1,0,0,0,1,0,0,0,12,0,0,0,0,0,0,0,0,0,,,,0,0,0,0,0,1,1,0,0,0,0,0,0,0.0,0.0,0,1,0,0,0,0,0,0,0,2,0,0.0,0.0,0,0,0,9,1,0,0.0,0.0,1.0,,1
1149138,Joseph Nonge,joseph-nonge-boende,2687,Juventus,6.05,12.1,2,0,0,0,0,0.01,0,7,2,9,77.78,1,6,5,0,1,100.0,0,0,1,0,0,0,0.0,0,0,0,2,40.0,1,100.0,3,50.0,22,0.0,0,0,0,1,0,0,0,0,0,0,0,0,0,2,100.0,1,0,0,0,2,0,1,1,12,1,3,0,0,0,0,0,0,0,,,,0,0,0,0,0,1,0,0,0,0,0,0,0,0.0,0.0,0,1,0,3,0,0,0,0,2,1,0,0.0,0.0,0,0,0,1,8,0,,0.0,1.0,,2
1136325,Rareș Burnete,rares-catalin-burnete,2689,Lecce,0.0,0.0,0,0,0,0,1,0.0,1,1,0,1,100.0,0,1,1,1,0,0.0,0,0,0,0,0,0,0.0,0,0,0,0,0.0,0,0.0,0,0.0,7,0.0,0,0,0,0,0,0,0,0,0,0,0,0,0,0,0.0,0,0,0,0,2,0,0,0,4,0,0,0,0,0,0,0,0,0,,,,0,0,0,0,0,0,0,0,0,0,0,0,0,0.0,0.0,1,0,0,0,0,0,0,0,0,0,0,0.0,0.0,0,0,0,0,1,0,0.0,0.0,0.0,,1
1141168,Lapo Nava,lapo-nava,2692,AC Milan,0.0,0.0,0,0,0,0,0,0.0,0,1,0,1,100.0,1,0,0,0,0,0.0,0,0,0,0,0,0,0.0,0,0,0,0,0.0,0,0.0,0,0.0,2,0.0,0,0,0,0,0,0,0,0,0,0,0,0,0,1,100.0,0,0,0,0,0,0,0,0,2,0,0,0,0,0,0,0,0,1,,,,0,0,0,1,0,1,0,0,0,0,0,0,0,0.0,0.0,0,0,0,0,0,0,0,0,1,1,0,0.0,0.0,0,0,0,1,0,0,,0.0,0.0,,1
1154189,Antonio Tikvić,antonio-tikvic,2695,Udinese,0.0,0.0,0,0,0,0,0,,0,0,0,0,0.0,0,0,0,0,0,0.0,0,0,0,0,0,0,0.0,0,0,0,0,0.0,0,0.0,0,0.0,1,0.0,0,0,0,0,0,0,0,0,0,0,0,0,0,0,0.0,0,0,0,0,0,0,0,0,0,0,0,0,0,0,0,0,0,0,,,,0,0,0,0,0,0,0,0,0,0,0,0,0,0.0,0.0,0,0,0,0,0,0,0,0,0,0,0,0.0,0.0,0,0,0,0,0,0,,0.0,0.0,,1
1489949,Leonardo Mendicino,mendicino-leonardo,2686,Atalanta,0.0,0.0,0,0,0,0,0,,0,0,0,0,0.0,0,0,0,0,0,0.0,0,0,0,0,0,0,0.0,0,0,0,0,0.0,0,0.0,0,0.0,1,0.0,0,0,0,0,0,0,0,0,0,0,0,0,0,0,0.0,0,0,0,0,0,0,0,0,0,0,0,0,0,0,0,0,0,0,,,,0,0,0,0,0,0,0,0,0,0,0,0,0,0.0,0.0,0,0,0,0,0,0,0,0,0,0,0,0.0,0.0,0,0,0,0,0,0,,0.0,0.0,,1
960006,Lucien Agoumé,lucien-agoume,2697,Inter,0.0,0.0,0,0,0,0,0,0.0,0,5,0,5,100.0,4,1,1,0,0,0.0,0,0,0,0,0,0,0.0,0,0,0,0,0.0,1,100.0,1,50.0,4,0.0,0,0,0,0,0,0,0,0,0,0,0,0,0,0,0.0,0,0,0,0,1,0,0,0,6,0,0,0,0,0,0,0,0,0,,,,0,0,0,0,0,0,0,0,0,0,0,0,0,0.0,0.0,0,1,0,1,0,0,0,0,0,0,0,0.0,0.0,0,0,0,4,1,0,0.0,0.0,0.0,,1
848279,Enzo Ebosse,enzo-ebosse,2695,Udinese,0.0,0.0,0,0,0,0,0,0.0,0,12,3,15,80.0,7,5,1,0,0,0.0,1,1,0,0,0,0,0.0,0,0,0,1,50.0,0,0.0,1,50.0,7,0.0,0,0,0,0,0,0,0,0,0,0,0,0,0,0,0.0,0,0,0,0,3,0,0,0,17,0,0,0,0,1,0,0,0,0,,,,0,0,0,0,0,0,0,0,0,0,0,0,0,0.0,0.0,0,0,0,1,0,0,0,0,2,0,1,100.0,0.0,0,0,0,9,6,0,0.0,0.0,3.0,,1
1137256,Justin Kumi,justin-kumi,2793,Sassuolo,0.0,0.0,0,0,0,0,0,0.0,0,2,0,2,100.0,0,2,1,0,0,0.0,0,0,0,0,0,0,0.0,0,0,0,0,0.0,0,0.0,0,0.0,3,0.0,0,0,0,0,0,0,0,0,0,0,0,0,0,0,0.0,0,0,0,0,0,0,0,0,2,0,0,0,0,0,0,0,0,0,,,,0,0,0,0,0,0,0,0,0,0,0,0,0,0.0,0.0,0,0,0,0,0,0,0,0,0,0,0,0.0,0.0,0,0,0,0,2,0,0.0,0.0,0.0,,1
