player_id,player_name,player_slug,team_id,team_name,rating,totalRating,countRating,goals,bigChancesCreated,bigChancesMissed,assists,expectedAssists,goalsAssistsSum,accuratePasses,inaccuratePasses,totalPasses,accuratePassesPercentage,accurateOwnHalfPasses,accurateOppositionHalfPasses,accurateFinalThirdPasses,keyPasses,successfulDribbles,successfulDribblesPercentage,tackles,interceptions,yellowCards,directRedCards,redCards,accurateCrosses,accurateCrossesPercentage,totalShots,shotsOnTarget,shotsOffTarget,groundDuelsWon,groundDuelsWonPercentage,aerialDuelsWon,aerialDuelsWonPercentage,totalDuelsWon,totalDuelsWonPercentage,minutesPlayed,goalConversionPercentage,penaltiesTaken,penaltyGoals,penaltyWon,penaltyConceded,shotFromSetPiece,freeKickGoal,goalsFromInsideTheBox,goalsFromOutsideTheBox,shotsFromInsideTheBox,shotsFromOutsideTheBox,headedGoals,leftFootGoals,rightFootGoals,accurateLongBalls,accurateLongBallsPercentage,clearances,errorLeadToGoal,errorLeadToShot,dispossessed,possessionLost,possessionWonAttThird,totalChippedPasses,accurateChippedPasses,touches,wasFouled,fouls,hitWoodwork,ownGoals,dribbledPast,offsides,blockedShots,passToAssist,saves,kilometersCovered,numberOfSprints,topSpeed,cleanSheet,penaltyFaced,penaltySave,savedShotsFromInsideTheBox,savedShotsFromOutsideTheBox,goalsConcededInsideTheBox,goalsConcededOutsideTheBox,punches,runsOut,successfulRunsOut,highClaims,crossesNotClaimed,matchesStarted,penaltyConversion,setPieceConversion,totalAttemptAssist,totalContest,totalCross,duelLost,aerialLost,attemptPenaltyMiss,attemptPenaltyPost,attemptPenaltyTarget,totalLongBalls,goalsConceded,tacklesWon,tacklesWonPercentage,scoringFrequency,yellowRedCards,savesCaught,savesParried,totalOwnHalfPasses,totalOppositionHalfPasses,totwAppearances,expectedGoals,goalKicks,ballRecovery,outfielderBlocks,appearances
108579,Harry Kane,harry-kane,2672,FC Bayern München,7.76,248.4,32,36,13,27,8,5.87,44,458,164,622,73.63,131,335,230,31,24,44.44,13,6,2,0,0,8,25.81,146,67,42,76,44.19,30,46.88,106,44.92,2843,24.66,5,5,0,0,4,1,33,3,119,27,8,6,22,51,61.45,14,0,0,45,312,20,92,52,1095,39,10,4,0,12,13,37,0,0,,,,8,0,0,0,0,32,7,0,0,0,0,0,32,100.0,25.0,31,54,31,130,34,0,0,0,83,39,9,69.23,78.97,0,0,0,154,499,10,30.63,0.0,55.0,,32
177177,Alejandro Grimaldo,alex-grimaldo,2681,Bayer 04 Leverkusen,7.75,255.9,33,10,18,1,13,11.15,23,1522,223,1745,87.22,613,964,535,79,20,46.51,45,22,1,0,0,55,27.23,71,23,28,91,53.85,12,38.71,103,51.5,2785,14.08,0,0,1,0,18,2,7,3,27,44,0,9,1,34,47.22,35,0,0,18,481,18,85,48,2545,26,14,3,0,25,3,20,1,0,,,,13,0,0,0,0,22,1,0,0,0,0,0,31,0.0,11.11,78,43,202,97,19,0,0,0,72,23,24,53.33,278.5,0,0,0,666,1281,7,5.66,0.0,168.0,,33
328027,Serhou Guirassy,serhou-guirassy,2677,VfB Stuttgart,7.72,216.1,28,28,12,20,2,5.42,30,626,143,769,81.4,218,408,198,53,16,43.24,6,6,0,0,0,0,0.0,92,45,30,77,49.68,65,53.28,142,51.26,2212,30.43,4,4,2,0,3,0,24,4,76,16,5,5,18,12,75.0,29,0,0,38,279,10,21,11,1172,55,18,2,0,3,18,17,0,0,,,,6,0,0,0,0,23,1,0,0,0,0,0,25,100.0,0.0,53,37,1,135,57,0,0,0,16,24,3,50.0,79.0,0,0,0,250,520,7,20.84,0.0,39.0,,28
997183,Xavi Simons,xavi-simons,36360,RB Leipzig,7.7,246.3,32,8,14,5,11,9.03,19,1096,240,1336,82.04,349,777,472,79,84,60.0,30,16,9,0,1,30,39.47,81,33,22,183,55.45,20,52.63,203,55.16,2673,9.88,2,1,2,0,3,0,6,2,38,43,1,1,6,52,68.42,2,0,0,49,485,29,91,47,2002,70,32,3,0,16,1,26,0,0,,,,5,0,0,0,0,25,3,0,0,0,0,0,32,50.0,0.0,79,140,76,165,18,0,0,1,76,28,17,56.67,334.13,1,0,0,398,1014,10,8.26,0.0,167.0,,32
794298,Deniz Undav,deniz-undav,2677,VfB Stuttgart,7.65,229.6,30,18,15,12,9,6.13,27,581,190,771,75.36,183,400,269,41,27,57.45,28,6,5,0,0,2,28.57,107,53,36,82,42.93,17,33.33,99,40.91,2102,16.82,1,0,2,0,0,0,16,2,76,31,4,4,10,17,53.13,5,0,0,51,338,24,52,27,1200,27,29,5,0,11,3,18,1,0,,,,1,0,0,0,0,25,2,0,0,0,0,0,23,0.0,0.0,40,47,7,143,34,0,0,1,32,27,13,46.43,116.78,0,0,0,212,566,7,15.05,0.0,71.0,,30
293519,Leroy Sané,leroy-sane,2672,FC Bayern München,7.65,206.6,27,8,16,8,11,9.52,19,841,155,996,84.44,205,663,431,73,93,58.86,15,7,4,0,0,27,31.4,73,28,22,129,46.57,3,60.0,132,46.81,2142,10.96,0,0,0,0,6,0,7,1,46,27,0,7,1,22,75.86,2,0,0,42,399,20,23,14,1552,21,26,4,0,15,10,23,1,0,,,,7,0,0,0,0,21,5,0,0,0,0,0,25,0.0,0.0,72,158,86,150,2,0,0,0,29,26,8,53.33,267.75,0,0,0,227,855,5,10.94,0.0,97.0,,27
1019322,Florian Wirtz,florian-wirtz,2681,Bayer 04 Leverkusen,7.63,244.2,32,11,12,8,11,9.75,22,1498,272,1770,84.63,331,1176,762,75,79,51.3,27,9,3,0,0,9,25.0,71,34,20,133,40.67,9,37.5,142,40.46,2377,15.49,1,1,0,0,1,0,10,1,43,28,0,1,10,30,55.56,3,0,0,79,561,36,88,48,2433,27,23,7,0,20,6,17,1,0,,,,4,0,0,0,0,18,1,0,0,0,0,0,26,100.0,0.0,74,154,36,209,15,0,0,0,54,19,18,66.67,216.09,0,0,0,371,1435,8,9.0,0.0,143.0,,32
822600,Exequiel Palacios,exequiel-palacios,2681,Bayer 04 Leverkusen,7.6,182.5,24,4,8,2,5,4.13,9,1844,158,2002,92.11,735,1111,448,28,23,88.46,60,29,6,0,0,2,33.33,21,7,12,137,69.9,9,52.94,146,68.54,1840,19.05,2,2,0,0,0,0,4,0,9,12,0,1,3,55,67.9,18,0,2,13,205,26,78,51,2333,55,16,0,0,27,0,2,0,0,,,,4,0,0,0,0,18,1,0,0,0,0,0,21,100.0,0.0,28,26,6,67,8,0,0,0,81,19,34,56.67,460.0,0,0,0,779,1229,5,3.33,0.0,163.0,,24
95381,Kevin Stöger,kevin-stoger,2542,VfL Bochum 1848,7.6,243.3,32,7,17,1,9,9.79,16,1230,484,1714,71.76,433,890,477,127,25,44.64,49,19,8,0,0,93,36.05,75,18,31,136,48.57,9,21.43,145,45.03,2678,9.33,4,4,0,0,13,1,6,1,20,55,0,7,0,96,51.06,15,0,0,40,787,26,318,156,2531,63,36,2,0,38,1,26,0,0,,,,3,0,0,0,0,60,5,0,0,0,0,0,32,100.0,7.69,127,56,258,177,33,0,0,0,188,65,30,61.22,382.57,0,0,0,482,1490,7,6.23,0.0,210.0,,32
152463,Fabian Bredlow,fabian-bredlow,2677,VfB Stuttgart,7.6,30.4,4,0,0,0,0,0.0,0,121,43,164,73.78,105,16,1,0,0,0.0,0,0,0,0,0,0,0.0,0,0,0,0,0.0,1,100.0,1,50.0,360,0.0,0,0,0,0,0,0,0,0,0,0,0,0,0,30,42.25,5,0,0,0,43,0,13,9,206,1,0,0,0,1,0,0,0,19,,,,1,0,0,12,7,3,0,2,4,4,1,0,4,0.0,0.0,0,0,0,1,0,0,0,0,71,3,0,0.0,0.0,0,0,4,113,51,0,,11.0,37.0,,4
67647,Andrej Kramarić,andrej-kramaric,2569,TSG Hoffenheim,7.55,226.5,30,15,14,5,6,7.0,21,843,158,1001,84.22,280,604,332,79,25,53.19,11,10,4,0,0,41,36.28,69,34,22,71,52.59,9,40.91,80,50.96,2206,21.74,5,5,1,0,8,0,14,1,39,30,1,3,11,28,66.67,11,2,0,27,334,14,58,29,1450,35,8,1,0,7,8,13,1,0,,,,1,0,0,0,0,40,4,0,0,0,0,0,25,100.0,0.0,78,47,113,77,13,0,0,0,42,44,2,18.18,147.07,0,0,0,318,796,5,11.09,0.0,113.0,,30
352610,Miloš Pantović,milos-pantovic,2547,1. FC Union Berlin,7.5,7.5,1,1,0,0,0,0.0,1,4,3,7,57.14,3,1,0,0,1,100.0,0,0,0,0,0,0,0.0,1,1,0,3,100.0,0,0.0,3,100.0,14,100.0,0,0,0,0,0,0,1,0,1,0,0,0,1,1,50.0,0,0,0,0,4,0,0,0,12,2,0,0,0,0,0,0,0,0,,,,0,0,0,0,0,0,0,0,0,0,0,0,0,0.0,0.0,0,1,0,0,0,0,0,0,2,0,0,0.0,14.0,0,0,0,5,2,0,0.76,,,,1
927366,Matěj Kovář,matej-kovar,2681,Bayer 04 Leverkusen,7.5,7.5,1,0,0,0,0,0.0,0,11,0,11,100.0,11,0,0,0,0,0.0,0,0,0,0,0,0,0.0,0,0,0,0,0.0,0,0.0,0,0.0,90,0.0,0,0,0,0,0,0,0,0,0,0,0,0,0,0,0.0,0,0,0,0,0,0,0,0,21,0,0,0,0,0,0,0,0,3,,,,1,0,0,2,1,0,0,0,0,0,1,0,1,0.0,0.0,0,0,0,0,0,0,0,0,0,0,0,0.0,0.0,0,0,1,11,0,0,,0.0,7.0,,1
117777,Granit Xhaka,granit-xhaka,2681,Bayer 04 Leverkusen,7.49,247.3,33,3,4,0,0,5.85,3,3003,256,3259,92.14,1157,1846,868,44,16,64.0,29,19,5,0,0,0,0.0,45,14,15,87,49.43,27,54.0,114,50.44,2828,6.67,0,0,0,0,0,0,0,3,4,41,0,3,0,134,81.21,40,0,0,30,342,27,151,96,3648,43,30,2,0,21,0,16,3,0,,,,10,0,0,0,0,20,1,0,0,0,0,0,32,0.0,0.0,41,25,10,112,23,0,0,0,165,21,21,72.41,942.67,0,0,0,1213,2056,5,1.81,0.0,226.0,,33
1010231,Jamal Musiala,jamal-musiala,2672,FC Bayern München,7.49,179.7,24,10,12,10,6,5.84,16,611,135,746,81.9,156,456,306,42,87,59.59,40,16,2,0,0,1,9.09,58,21,15,166,51.55,7,36.84,173,50.73,1766,17.24,0,0,0,0,0,0,9,1,43,15,1,2,7,5,50.0,3,0,0,51,333,23,12,5,1274,39,26,2,0,22,2,22,0,0,,,,0,0,0,0,0,18,3,0,0,0,0,0,20,0.0,0.0,42,146,11,168,12,0,0,0,10,21,25,62.5,176.6,0,0,0,177,580,5,7.9,0.0,91.0,,24
142390,Jonas Hofmann,jonas-hofmann,2681,Bayer 04 Leverkusen,7.47,231.6,31,5,17,7,7,8.34,12,1154,211,1365,84.54,337,846,489,81,18,51.43,20,8,3,0,0,29,23.02,60,25,11,57,47.9,2,20.0,59,45.74,2214,8.33,0,0,2,0,0,0,3,2,32,28,0,1,4,55,83.33,4,0,0,17,386,28,46,35,1786,19,14,0,0,14,13,24,2,0,,,,2,0,0,0,0,19,1,0,0,0,0,0,26,0.0,0.0,79,35,126,70,8,0,0,0,66,20,14,70.0,442.8,0,0,0,367,1124,3,5.94,0.0,77.0,,32
259117,Joshua Kimmich,joshua-kimmich,2672,FC Bayern München,7.42,207.7,28,1,11,1,6,9.27,7,1812,172,1984,91.33,774,1103,533,72,10,45.45,45,14,1,1,1,65,33.33,25,7,10,78,60.0,6,30.0,84,56.0,2185,4.0,0,0,0,0,3,0,0,1,4,21,0,0,1,90,70.31,24,1,0,16,363,12,171,102,2529,24,11,0,0,13,2,8,0,0,,,,6,0,0,0,0,26,5,0,0,0,0,0,27,0.0,0.0,72,22,195,66,14,0,0,0,128,31,33,73.33,2185.0,0,0,0,807,1372,6,1.14,0.0,140.0,,28
184661,Leon Goretzka,leon-goretzka,2672,FC Bayern München,7.41,222.2,30,6,10,2,7,4.69,13,1547,184,1731,89.37,727,823,398,33,13,61.9,41,31,3,0,0,3,30.0,56,15,22,67,47.18,37,56.06,104,50.0,2242,10.71,0,0,0,0,0,0,5,1,30,26,1,2,3,62,59.62,41,0,1,14,231,18,100,55,2075,14,23,1,0,30,2,19,1,0,,,,4,0,0,0,0,34,5,0,0,0,0,0,25,0.0,0.0,32,21,10,104,29,0,0,0,104,39,23,56.1,373.67,0,0,0,774,967,3,4.98,0.0,171.0,,30
836711,Jan-Niklas Beste,jan-niklas-beste,5885,1. FC Heidenheim,7.4,229.4,31,8,10,2,11,6.33,19,424,207,631,67.19,176,334,143,74,30,40.0,77,18,4,0,0,86,30.82,49,19,14,158,55.24,8,27.59,166,52.7,2618,16.33,1,0,1,0,10,2,3,5,18,31,0,6,2,29,40.85,23,0,0,32,541,16,71,30,1445,51,28,0,0,27,4,16,4,0,,,,0,0,0,0,0,42,3,0,0,0,0,0,31,0.0,20.0,70,75,279,149,21,0,0,1,71,45,49,63.64,327.25,0,0,0,232,678,5,4.28,0.0,133.0,,31
134778,Alexander Schwolow,alexander-schwolow,2547,1. FC Union Berlin,7.4,7.4,1,0,0,0,0,0.0,0,25,7,32,78.13,22,3,1,0,0,0.0,0,0,0,0,0,0,0.0,0,0,0,0,0.0,0,0.0,0,0.0,90,0.0,0,0,0,0,0,0,0,0,0,0,0,0,0,7,50.0,2,0,0,0,7,0,3,3,42,0,0,0,0,0,0,0,0,4,,,,0,0,0,4,0,2,0,0,0,0,0,0,1,0.0,0.0,0,0,0,0,0,0,0,0,14,2,0,0.0,0.0,0,0,3,24,8,0,,8.0,4.0,,1
40244,Oliver Baumann,oliver-baumann,2569,TSG Hoffenheim,7.38,251.0,34,0,0,0,1,0.15,1,891,352,1243,71.68,715,176,61,2,0,0.0,1,0,1,0,0,0,0.0,0,0,0,5,71.43,6,85.71,11,78.57,3060,0.0,0,0,0,1,0,0,0,0,0,0,0,0,0,260,42.9,31,1,1,0,357,0,141,71,1637,6,1,0,0,1,0,0,0,146,,,,2,5,3,97,49,61,5,12,22,21,30,0,34,0.0,0.0,2,0,0,3,1,0,0,0,606,66,1,100.0,0.0,0,2,40,778,465,6,0.0,249.0,358.0,,34
856076,David Raum,david-raum,36360,RB Leipzig,7.38,228.8,31,2,15,0,8,10.65,10,1258,303,1561,80.59,637,701,306,70,18,58.06,58,27,6,0,0,80,26.14,14,4,4,87,53.05,28,56.0,115,53.74,2743,14.29,0,0,0,0,4,0,2,0,6,8,1,1,0,69,44.23,61,1,1,15,649,13,153,62,2525,12,29,1,0,24,4,6,2,0,,,,5,0,0,0,0,32,4,0,0,0,0,0,31,0.0,0.0,68,31,306,99,22,0,0,0,156,36,35,60.34,1371.5,0,0,0,734,1133,4,0.76,0.0,169.0,,31
124294,Tomáš Koubek,tomas-koubek,2600,FC Augsburg,7.37,22.1,3,0,0,0,0,0.01,0,63,29,92,68.48,49,14,3,0,0,0.0,0,0,0,0,0,0,0.0,0,0,0,1,100.0,0,0.0,1,100.0,270,0.0,0,0,0,0,0,0,0,0,0,0,0,0,0,22,44.9,1,1,0,0,29,0,6,4,121,0,0,0,0,0,0,0,0,17,,,,0,0,0,13,4,8,0,0,1,1,2,0,3,0.0,0.0,0,0,0,0,0,0,0,0,49,8,0,0.0,0.0,0,0,4,60,32,1,,24.0,19.0,,3
327755,Nadiem Amiri,nadiem-amiri,2556,1. FSV Mainz 05,7.36,139.8,19,1,10,2,4,4.28,5,608,149,757,80.32,239,412,221,56,26,48.15,26,14,5,0,0,43,33.86,39,10,15,87,56.49,10,66.67,97,57.4,1416,2.56,1,0,0,0,11,1,0,1,6,33,0,0,1,45,51.14,19,0,0,19,311,10,89,41,1179,35,12,2,0,9,1,14,3,0,,,,5,0,0,0,0,18,2,0,0,0,0,0,16,0.0,9.09,53,54,127,72,5,0,1,0,88,20,16,61.54,1416.0,0,0,0,268,616,3,2.33,0.0,101.0,,23
978521,Victor Okoh Boniface,victor-okoh-boniface,2681,Bayer 04 Leverkusen,7.36,169.2,23,14,8,16,8,3.34,22,273,101,374,72.99,65,208,125,22,46,52.27,6,0,2,0,0,0,0.0,80,34,29,68,44.16,28,56.0,96,47.06,1563,17.5,4,4,0,0,0,0,14,0,68,12,1,2,11,10,62.5,13,0,0,30,248,9,16,9,735,17,16,3,0,3,18,17,0,0,,,,0,0,0,0,0,12,1,0,0,0,0,0,18,100.0,0.0,22,88,3,108,22,0,0,0,16,13,4,66.67,111.64,0,0,0,79,298,2,15.54,0.0,31.0,,23
835480,Loïs Openda,lois-openda,36360,RB Leipzig,7.35,249.8,34,24,11,22,7,4.57,31,332,148,480,69.17,105,234,157,35,20,36.36,3,5,4,0,0,7,21.88,121,62,34,85,43.15,24,42.86,109,43.08,2716,19.83,3,2,1,1,1,0,23,1,106,15,4,5,15,7,50.0,14,0,0,38,327,23,22,11,973,64,38,2,0,6,33,25,0,0,,,,1,0,0,0,0,30,3,0,0,0,0,0,33,66.67,0.0,35,55,32,144,32,0,0,1,14,33,3,100.0,113.17,0,0,0,130,382,4,22.24,0.0,59.0,,34
940871,Nico Schlotterbeck,nico-schlotterbeck,2673,Borussia Dortmund,7.32,241.7,33,2,4,4,1,2.07,3,2370,287,2657,89.2,1522,849,254,16,8,53.33,70,45,4,0,0,1,12.5,27,6,14,109,68.13,59,59.0,168,64.62,2861,7.41,0,0,1,0,0,0,1,1,20,7,1,1,0,189,60.19,97,1,2,3,330,2,228,140,3107,32,17,0,1,24,0,7,0,0,,,,8,0,0,0,0,38,3,0,0,0,0,0,32,0.0,0.0,16,15,8,92,41,0,0,0,314,41,50,71.43,1430.5,0,0,0,1630,1035,7,3.02,53.0,245.0,,33
901882,Angelo Stiller,angelo-stiller,2677,VfB Stuttgart,7.32,234.1,32,1,6,2,5,5.47,6,2351,235,2586,90.91,1064,1311,544,53,17,73.91,55,28,5,0,0,24,28.57,18,4,5,106,55.79,32,50.79,138,54.55,2780,5.56,0,0,0,0,2,0,1,0,5,13,0,1,0,82,53.25,26,1,1,27,372,18,185,108,3027,34,36,1,0,19,0,9,0,0,,,,9,0,0,0,0,31,2,0,0,0,0,0,31,0.0,0.0,53,23,84,115,31,0,0,0,154,33,33,60.0,2780.0,0,0,0,1132,1538,2,1.72,3.0,197.0,,32
190161,Michael Zetterer,michael-zetterer,2534,SV Werder Bremen,7.31,197.5,27,0,0,0,0,0.12,0,737,223,960,76.77,648,89,39,3,0,0.0,3,0,2,0,0,0,0.0,1,0,1,8,100.0,16,84.21,24,88.89,2430,0.0,0,0,0,0,0,0,0,0,1,0,0,0,0,224,51.38,17,1,2,0,239,0,111,63,1294,7,0,0,0,0,0,0,0,93,,,,6,4,0,69,23,32,5,10,14,13,30,0,27,0.0,0.0,3,0,0,3,3,0,0,0,436,37,1,33.33,0.0,0,0,22,721,239,3,0.1,144.0,258.0,,27
258325,Marvin Ducksch,marvin-ducksch,2534,SV Werder Bremen,7.31,241.3,33,12,12,8,9,6.52,21,517,262,779,66.37,179,382,196,59,12,42.86,8,4,9,0,0,44,27.67,80,38,25,38,45.78,21,33.33,59,40.41,2710,15.0,6,5,1,0,12,1,11,1,52,28,2,1,9,36,49.32,22,0,0,17,470,20,100,42,1224,18,6,2,0,8,18,17,1,0,,,,0,0,0,0,0,42,8,0,0,0,0,0,32,83.33,8.33,58,28,159,87,42,0,0,1,73,50,3,37.5,225.83,0,0,0,229,709,1,12.78,0.0,83.0,,33
1100321,Noah Mbamba,noah-mbamba,2681,Bayer 04 Leverkusen,7.3,7.3,1,0,1,0,1,0.54,1,18,1,19,94.74,1,18,9,1,1,33.33,0,1,0,0,0,1,100.0,1,0,0,1,16.67,0,0.0,1,16.67,14,0.0,0,0,0,0,0,0,0,0,0,1,0,0,0,0,0.0,0,0,0,2,7,0,0,0,31,0,1,0,0,0,0,1,0,0,,,,0,0,0,0,0,0,0,0,0,0,0,0,0,0.0,0.0,1,3,1,5,0,0,0,0,0,0,0,0.0,0.0,0,0,0,1,19,0,0.03,0.0,1.0,,3
788949,Maximilian Mittelstädt,maximilian-mittelstadt,2677,VfB Stuttgart,7.3,218.9,30,2,8,0,4,6.72,6,1266,178,1444,87.67,641,658,277,30,36,65.45,91,46,5,0,0,33,31.43,21,6,10,158,60.77,30,58.82,188,60.45,2119,9.52,0,0,0,0,0,0,2,0,7,14,0,2,0,44,55.0,53,0,0,21,336,11,68,40,2153,31,28,1,0,36,1,5,0,0,,,,8,0,0,0,0,22,2,0,0,0,0,0,23,0.0,0.0,30,55,105,123,21,0,0,0,80,24,51,56.04,1059.5,0,0,0,694,855,3,0.9,0.0,140.0,,31
280441,Kingsley Coman,kingsley-coman,2672,FC Bayern München,7.27,123.6,17,3,4,3,3,4.48,6,507,70,577,87.87,125,398,240,29,29,47.54,12,2,1,0,0,16,26.67,34,8,15,60,46.88,6,54.55,66,47.48,1123,8.82,0,0,0,0,0,0,2,1,24,10,0,1,2,12,70.59,4,0,0,22,199,14,18,15,871,19,6,3,0,8,1,11,0,0,,,,2,0,0,0,0,11,0,0,0,0,0,0,15,0.0,0.0,29,61,60,73,5,0,0,0,17,11,7,58.33,374.33,0,0,0,138,499,2,2.76,0.0,50.0,,17
976263,Ian Maatsen,ian-maatsen,2673,Borussia Dortmund,7.27,116.3,16,2,3,0,2,1.69,4,838,99,937,89.43,447,398,201,8,13,56.52,30,13,5,0,0,7,26.92,11,4,6,52,50.0,2,18.18,54,46.96,1269,18.18,0,0,0,0,0,0,1,1,6,5,0,2,0,51,67.11,17,0,0,9,177,6,56,33,1265,9,19,1,0,14,0,1,0,0,,,,6,0,0,0,0,7,2,0,0,0,0,0,15,0.0,0.0,8,23,26,61,9,0,0,0,76,9,22,73.33,634.5,0,0,0,487,476,1,0.92,0.0,79.0,,16
970361,Jeremie Frimpong,jeremie-frimpong,2681,Bayer 04 Leverkusen,7.27,225.3,31,9,9,11,7,5.44,16,674,155,829,81.3,166,535,307,46,48,50.0,26,7,6,0,0,27,29.03,55,21,21,108,48.87,13,48.15,121,48.79,2263,16.36,0,0,1,0,0,0,8,1,48,7,0,2,7,8,32.0,15,0,0,37,373,21,22,9,1451,34,21,2,0,12,12,13,1,0,,,,3,0,0,0,0,20,1,0,0,0,0,0,27,0.0,0.0,45,96,93,127,14,0,0,0,25,21,17,65.38,251.44,0,0,0,200,722,3,8.18,0.0,94.0,,31
171961,Vincenzo Grifo,vincenzo-grifo,2538,SC Freiburg,7.26,232.4,32,8,17,2,8,7.45,16,916,222,1138,80.49,402,556,273,56,23,45.1,31,15,3,0,0,42,24.28,48,18,19,70,47.3,12,37.5,82,45.56,2344,16.67,6,6,1,1,5,0,7,1,28,20,0,2,6,65,48.87,20,0,0,20,452,12,127,62,1640,16,13,2,0,17,6,11,0,0,,,,1,0,0,0,0,35,7,0,0,0,0,0,29,100.0,0.0,56,51,173,98,20,0,0,0,133,42,20,64.52,293.0,0,0,0,457,854,2,7.7,0.0,130.0,,32
873554,Omar Marmoush,omar-marmoush,2674,Eintracht Frankfurt,7.25,210.3,29,12,6,6,6,4.41,18,392,142,534,73.41,136,268,178,41,39,37.86,21,11,7,0,0,12,36.36,79,33,23,132,45.36,29,50.0,161,46.13,2317,15.19,2,2,2,1,5,0,12,0,57,22,0,1,11,16,55.17,7,0,0,58,400,22,20,8,1109,74,28,1,0,10,12,23,1,0,,,,1,0,0,0,0,37,4,0,0,0,0,0,27,100.0,0.0,40,103,33,188,29,0,0,0,29,41,11,52.38,193.08,0,0,0,154,413,4,11.63,0.0,90.0,,29
803039,Donyell Malen,donyell-malen,2673,Borussia Dortmund,7.24,195.5,27,13,9,6,1,3.42,14,394,101,495,79.6,97,304,185,23,42,51.22,11,2,5,0,0,7,17.95,72,36,15,77,45.03,7,26.92,84,42.64,1783,18.06,0,0,1,0,2,0,11,2,48,24,1,0,12,9,50.0,8,0,0,39,273,10,24,14,891,24,11,1,0,4,3,21,1,0,,,,4,0,0,0,0,23,2,0,0,0,0,0,21,0.0,0.0,22,82,39,113,19,0,0,0,18,25,7,63.64,137.15,0,0,0,119,415,2,9.55,0.0,71.0,,27
377118,Robin Gosens,robin-gosens,2547,1. FC Union Berlin,7.24,217.2,30,6,6,0,3,3.29,9,679,231,910,74.62,311,389,193,33,5,41.67,63,36,7,0,1,21,32.81,32,10,17,90,61.22,62,57.94,152,59.84,2300,18.75,0,0,0,1,0,0,5,1,29,3,3,3,0,39,50.65,68,0,0,8,373,11,72,40,1556,24,29,1,0,14,17,5,0,0,,,,1,0,0,0,0,38,7,0,0,0,0,0,27,0.0,0.0,33,12,64,102,45,0,0,0,77,45,44,69.84,383.33,1,0,0,357,617,3,2.12,0.0,100.0,,30
280453,Franck Honorat,franck-honorat,2527,Borussia M'gladbach,7.24,231.6,32,3,19,2,9,9.44,12,684,235,919,74.43,250,519,270,91,21,42.86,25,9,1,0,0,85,36.02,28,10,13,60,48.39,17,47.22,77,48.13,2366,10.71,0,0,0,0,1,0,2,1,22,6,0,0,3,20,35.09,27,0,1,18,482,15,77,31,1478,14,9,1,0,9,6,5,2,0,,,,1,0,0,0,0,42,8,0,0,0,0,0,28,0.0,0.0,89,49,236,83,19,0,0,0,57,50,13,52.0,788.67,0,0,0,322,833,3,1.57,0.0,138.0,,32
891510,Chris Führich,chris-fuhrich,2677,VfB Stuttgart,7.24,246.0,34,8,11,8,7,9.23,15,1053,172,1225,85.96,256,820,496,55,73,51.77,30,7,2,0,0,23,23.0,54,25,16,113,48.09,4,22.22,117,46.25,2594,14.81,1,0,0,0,2,0,8,0,39,15,0,2,6,24,48.0,6,0,0,27,416,32,58,29,1792,10,6,0,0,21,3,13,2,0,,,,1,0,0,0,0,28,3,0,0,0,0,0,33,0.0,0.0,53,141,100,136,14,0,0,1,50,31,19,63.33,324.25,0,0,0,287,1038,4,6.63,0.0,119.0,,34
35166,Thomas Müller,thomas-muller,2672,FC Bayern München,7.22,216.7,30,5,17,6,9,7.95,14,563,156,719,78.3,136,439,299,52,11,57.89,26,3,0,0,0,12,21.82,36,14,11,58,48.33,30,52.63,88,49.72,1680,13.89,0,0,1,1,0,0,5,0,34,2,1,0,4,18,50.0,6,0,0,23,268,14,55,25,1025,21,12,1,0,22,15,11,1,0,,,,2,0,0,0,0,16,6,0,0,0,0,0,20,0.0,0.0,51,19,55,89,27,0,0,0,36,22,16,61.54,336.0,0,0,0,153,621,4,5.99,0.0,55.0,,31
851100,Jadon Sancho,jadon-sancho,2673,Borussia Dortmund,7.22,93.8,13,2,4,3,2,3.34,4,393,76,469,83.8,116,287,195,25,36,54.55,5,4,1,0,0,10,34.48,9,4,3,51,53.13,1,50.0,52,53.06,954,22.22,0,0,1,0,0,0,2,0,9,0,0,0,2,6,66.67,6,0,0,9,161,6,11,8,681,10,3,0,0,4,3,2,0,0,,,,0,0,0,0,0,10,1,0,0,0,0,0,11,0.0,0.0,25,66,29,46,1,0,0,0,9,11,4,80.0,477.0,0,0,0,132,366,1,0.69,0.0,40.0,,14
226978,Julian Brandt,julian-brandt,2673,Borussia Dortmund,7.21,230.8,32,7,18,3,11,7.49,18,990,145,1135,87.22,377,662,325,82,27,41.54,17,8,2,0,0,49,29.7,33,16,11,59,35.98,9,24.32,68,33.83,2230,21.21,0,0,0,0,2,1,6,1,18,15,0,2,5,51,75.0,18,0,0,42,392,21,66,50,1634,15,8,0,0,17,5,6,2,0,,,,2,0,0,0,0,26,3,0,0,0,0,0,26,0.0,50.0,80,65,165,133,28,0,0,0,68,29,14,82.35,318.57,0,0,0,422,878,3,4.36,0.0,117.0,,32
826069,Jonas Wind,jonas-wind,2524,VfL Wolfsburg,7.21,245.1,34,11,9,11,7,3.89,18,471,190,661,71.26,147,326,191,38,13,44.83,13,3,3,0,0,2,25.0,73,35,25,69,45.39,92,51.11,161,48.49,2665,15.07,1,0,0,0,0,0,11,0,56,17,1,2,8,18,62.07,21,0,0,35,317,16,50,25,1016,45,28,2,0,10,9,13,0,0,,,,2,0,0,0,0,41,6,0,0,0,0,0,31,0.0,0.0,38,29,8,171,88,0,0,1,29,47,10,76.92,242.27,0,0,0,176,493,3,9.4,0.0,60.0,,34
578166,Moritz Nicolas,moritz-nicolas,2527,Borussia M'gladbach,7.21,194.6,27,0,0,0,0,0.03,0,681,228,909,74.92,609,72,11,0,0,0.0,1,0,2,0,0,0,0.0,0,0,0,2,50.0,11,91.67,13,81.25,2430,0.0,0,0,0,1,0,0,0,0,0,0,0,0,0,149,40.49,28,3,2,0,237,0,120,55,1227,2,1,0,0,2,0,0,0,114,,,,4,4,0,71,40,39,10,16,6,6,19,0,27,0.0,0.0,0,0,0,3,1,0,0,0,368,49,0,0.0,0.0,0,0,22,676,233,3,0.0,161.0,248.0,,27
789071,Dani Olmo,dani-olmo,36360,RB Leipzig,7.21,144.1,20,4,8,3,5,3.67,9,499,128,627,79.59,184,323,184,32,31,44.93,26,13,0,0,0,8,38.1,45,14,20,73,44.51,12,38.71,85,43.59,1454,8.89,0,0,0,0,3,0,2,2,23,22,1,1,2,35,68.63,12,1,0,26,241,11,49,35,934,17,15,1,0,12,1,11,0,0,,,,3,0,0,0,0,17,3,0,0,0,0,0,17,0.0,0.0,32,69,21,110,19,0,0,0,51,20,18,69.23,363.5,0,0,0,205,443,0,3.34,0.0,75.0,,21
121908,Kevin Müller,kevin-muller,5885,1. FC Heidenheim,7.2,244.9,34,0,0,0,0,0.14,0,943,370,1313,71.82,750,193,59,1,0,0.0,3,0,1,0,0,0,0.0,0,0,0,5,62.5,5,83.33,10,71.43,3060,0.0,0,0,0,1,0,0,0,0,0,0,0,0,0,321,46.66,14,1,0,0,380,0,111,64,1669,2,1,0,0,2,0,0,0,124,,,,6,10,1,83,39,51,4,8,11,11,21,0,34,0.0,0.0,1,0,0,4,1,0,0,0,688,55,0,0.0,0.0,0,2,12,818,495,3,0.0,316.0,337.0,,34
927407,Josip Stanišić,josip-stanisic,2681,Bayer 04 Leverkusen,7.2,144.0,20,3,2,1,1,1.75,4,924,95,1019,90.68,404,526,251,11,12,66.67,38,9,3,0,0,6,37.5,10,5,2,57,68.67,12,44.44,69,62.73,1276,30.0,0,0,0,0,0,0,3,0,6,4,1,0,2,41,58.57,22,0,0,5,141,4,52,35,1248,7,5,0,0,11,1,3,0,0,,,,8,0,0,0,0,8,1,0,0,0,0,0,13,0.0,0.0,11,18,16,41,15,0,0,0,70,9,20,52.63,425.33,0,0,0,435,600,3,0.76,0.0,87.0,,20
27214,Jens Grahl,jens-grahl,2674,Eintracht Frankfurt,7.2,14.4,2,0,1,0,1,0.01,1,46,31,77,59.74,43,3,3,1,0,0.0,0,0,0,0,0,0,0.0,0,0,0,0,0.0,1,100.0,1,100.0,180,0.0,0,0,0,0,0,0,0,0,0,0,0,0,0,5,14.29,4,0,0,0,31,0,9,2,107,0,0,0,0,0,0,0,0,7,,,,0,0,0,5,2,1,1,1,4,3,3,0,2,0.0,0.0,1,0,0,0,0,0,0,0,35,2,0,0.0,0.0,0,0,3,53,24,0,,15.0,22.0,,2
168903,Robert Andrich,robert-andrich,2681,Bayer 04 Leverkusen,7.2,179.9,25,4,3,2,2,2.23,6,1340,136,1476,90.79,627,717,281,22,7,63.64,30,20,4,0,0,4,28.57,23,9,8,49,53.26,22,48.89,71,51.82,1686,17.39,0,0,0,0,2,0,3,1,9,14,0,1,3,39,56.52,17,0,0,7,172,8,78,45,1672,14,23,0,0,11,0,6,0,0,,,,10,0,0,0,0,9,0,0,0,0,0,0,18,0.0,0.0,22,11,14,66,23,0,0,0,69,9,18,60.0,421.5,0,0,0,673,817,5,1.69,0.0,122.0,,28
37092,Marco Reus,marco-reus,2673,Borussia Dortmund,7.19,187.0,26,6,10,10,6,3.72,12,571,94,665,85.86,233,348,194,36,8,44.44,37,5,2,0,0,10,31.25,42,20,17,66,51.97,13,41.94,79,50.0,1612,14.29,0,0,0,0,8,1,5,1,31,11,0,2,4,12,60.0,18,0,0,15,189,8,24,15,957,21,21,3,0,15,4,5,0,0,,,,0,0,0,0,0,25,3,0,0,0,0,0,18,0.0,12.5,36,18,32,79,18,0,0,0,20,28,25,67.57,268.67,0,0,0,258,439,3,6.51,0.0,58.0,,26
822708,Amadou Haidara,amadou-haidara,36360,RB Leipzig,7.19,151.0,21,2,2,0,1,1.6,3,692,127,819,84.49,299,394,178,17,9,81.82,42,21,5,0,0,1,25.0,21,9,7,65,60.19,35,66.04,100,62.11,1537,9.52,0,0,1,0,0,0,1,1,4,17,0,2,0,31,56.36,37,0,0,9,154,9,52,34,1046,15,14,1,0,18,2,5,0,0,,,,1,0,0,0,0,14,3,0,0,0,0,0,19,0.0,0.0,17,11,4,61,18,0,0,0,55,17,27,64.29,768.5,0,0,0,350,473,0,1.14,0.0,96.0,,21
556866,Gregor Kobel,gregor-kobel,2673,Borussia Dortmund,7.19,194.1,27,0,0,0,0,0.05,0,872,193,1065,81.88,793,79,17,0,1,100.0,0,0,1,0,0,0,0.0,0,0,0,3,50.0,6,100.0,9,75.0,2366,0.0,0,0,0,2,0,0,0,0,0,0,0,0,0,158,45.8,25,0,0,0,201,0,104,54,1301,3,2,0,0,1,0,0,0,85,,,,7,6,1,59,26,33,1,14,4,3,7,0,27,0.0,0.0,0,1,0,3,0,0,0,0,345,34,0,0.0,0.0,0,3,18,850,215,1,0.0,165.0,197.0,,27
571622,Jonas Omlin,jonas-omlin,2527,Borussia M'gladbach,7.19,50.3,7,0,1,0,1,0.01,1,171,68,239,71.55,148,23,5,1,2,100.0,1,0,1,0,0,0,0.0,0,0,0,4,100.0,4,100.0,8,100.0,630,0.0,0,0,0,0,0,0,0,0,0,0,0,0,0,48,41.74,5,0,0,0,68,0,50,20,326,2,0,0,0,0,0,0,0,29,,,,0,2,0,20,9,17,1,2,5,5,7,0,7,0.0,0.0,1,2,0,0,0,0,0,0,115,18,0,0.0,0.0,0,1,5,165,74,0,0.0,34.0,68.0,,7
24937,Manuel Riemann,manuel-riemann,2542,VfL Bochum 1848,7.18,237.0,33,0,0,0,0,0.42,0,941,672,1613,58.34,518,425,141,5,1,100.0,2,1,5,0,0,2,50.0,0,0,0,7,63.64,14,82.35,21,75.0,2970,0.0,0,0,0,2,0,0,0,0,0,0,0,0,0,508,43.57,38,1,0,0,686,0,428,238,1932,4,2,0,0,2,0,0,1,118,,,,4,11,2,91,27,65,5,13,38,36,31,0,33,0.0,0.0,4,1,4,7,3,0,0,0,1166,70,1,50.0,0.0,0,1,12,601,1016,2,0.0,208.0,383.0,,33
187433,Serge Gnabry,serge-gnabry,2672,FC Bayern München,7.18,64.6,9,3,3,4,1,2.03,4,172,25,197,87.31,56,118,67,9,6,50.0,8,3,0,0,0,2,20.0,17,6,4,17,40.48,3,50.0,20,41.67,433,17.65,0,0,1,0,0,0,3,0,14,3,1,1,1,3,60.0,2,0,0,3,55,6,5,4,290,3,6,0,0,11,1,7,0,0,,,,0,0,0,0,0,5,1,0,0,0,0,0,5,0.0,0.0,9,12,10,28,3,0,0,0,5,6,5,62.5,144.33,0,0,0,62,145,1,2.47,0.0,26.0,,10
878081,Ermedin Demirović,ermedin-demirovic,2600,FC Augsburg,7.17,236.7,33,15,8,9,9,3.7,24,368,185,553,66.55,114,255,177,33,29,48.33,24,11,7,0,0,1,10.0,81,36,30,87,36.1,52,36.62,139,36.29,2879,18.52,4,3,1,0,0,0,15,0,72,9,1,0,13,9,50.0,24,0,0,39,356,33,20,8,1033,35,60,1,0,28,16,15,0,0,,,,2,0,0,0,0,52,4,0,0,0,0,0,33,75.0,0.0,33,60,10,244,90,0,0,1,18,56,14,58.33,191.93,0,0,0,146,417,2,13.59,0.0,107.0,,33
137692,Frederik Rønnow,frederik-rnnow,2547,1. FC Union Berlin,7.17,236.7,33,0,1,0,0,0.13,0,778,362,1140,68.25,612,166,56,1,0,0.0,1,1,2,0,0,0,0.0,3,0,2,3,100.0,12,92.31,15,93.75,2970,0.0,0,0,0,0,0,0,0,0,3,0,0,0,0,244,40.73,30,2,0,0,366,0,147,60,1528,4,0,0,0,0,0,1,0,109,,,,7,7,2,72,35,48,8,10,13,13,51,2,33,0.0,0.0,1,0,0,1,1,0,0,0,599,56,1,100.0,0.0,0,1,19,682,458,3,0.06,218.0,312.0,,33
227672,Jonathan Tah,jonathan-tah,2681,Bayer 04 Leverkusen,7.17,222.3,31,4,1,2,1,0.93,5,2069,116,2185,94.69,1122,947,242,5,5,55.56,19,23,6,0,0,0,0.0,26,10,11,28,35.9,62,72.09,90,54.88,2632,15.38,0,0,0,0,0,0,4,0,21,5,2,1,1,53,60.23,95,0,1,5,144,1,47,35,2451,4,33,0,0,11,1,5,0,0,,,,12,0,0,0,0,20,1,0,0,0,0,0,30,0.0,0.0,5,9,3,74,24,0,0,0,88,21,9,47.37,658.0,0,0,0,1169,1019,2,2.05,6.0,161.0,,31
883262,Edmond Tapsoba,edmond-tapsoba,2681,Bayer 04 Leverkusen,7.16,179.0,25,0,2,1,1,1.44,1,1785,168,1953,91.4,879,906,311,9,13,81.25,34,24,4,0,0,0,0.0,12,1,6,51,56.04,40,50.0,91,53.22,2084,0.0,0,0,0,0,0,0,0,0,8,4,0,0,0,69,57.02,50,0,3,7,202,7,68,36,2194,4,25,0,0,7,1,5,0,0,,,,7,0,0,0,0,18,1,0,0,0,0,0,23,0.0,0.0,9,16,5,80,40,0,0,0,121,19,25,73.53,0.0,0,0,0,942,1016,3,0.95,22.0,175.0,,28
896569,Kim Min-jae,kim-min-jae,2672,FC Bayern München,7.16,178.9,25,1,1,1,1,0.49,2,1982,149,2131,93.01,1306,676,155,8,2,100.0,37,45,3,0,0,0,0.0,10,3,5,41,53.95,75,71.43,116,64.09,1970,10.0,0,0,0,0,0,0,1,0,10,0,1,0,0,54,54.0,68,1,1,5,163,1,53,36,2378,2,19,0,0,12,1,2,0,0,,,,6,0,0,0,0,23,5,0,0,0,0,0,22,0.0,0.0,8,2,2,65,30,0,0,0,100,28,24,64.86,1970.0,0,0,0,1381,752,2,0.77,40.0,143.0,,25
891651,Keven Schlotterbeck,keven-schlotterbeck,2542,VfL Bochum 1848,7.15,185.9,26,5,0,2,1,1.06,6,796,208,1004,79.28,564,235,69,10,6,75.0,42,33,9,0,0,3,25.0,27,12,8,77,64.71,115,61.83,192,62.95,2191,18.52,0,0,2,2,0,0,5,0,25,2,4,1,0,43,40.95,100,0,2,0,239,2,46,21,1372,32,36,0,2,5,0,7,0,0,,,,3,0,0,0,0,45,3,0,0,0,0,0,24,0.0,0.0,10,8,12,113,71,0,0,0,105,48,22,52.38,438.2,0,0,0,630,386,2,2.06,28.0,144.0,,27
94312,Daniel Batz,daniel-batz,2556,1. FSV Mainz 05,7.15,28.6,4,0,0,0,0,0.02,0,90,49,139,64.75,73,17,7,0,0,0.0,0,0,0,0,0,0,0.0,0,0,0,0,0.0,1,100.0,1,100.0,360,0.0,0,0,0,0,0,0,0,0,0,0,0,0,0,23,32.39,3,0,0,0,49,0,11,3,175,0,0,0,0,0,0,0,0,14,,,,1,0,0,6,8,2,1,0,0,0,3,0,4,0.0,0.0,0,0,0,0,0,0,0,0,71,3,0,0.0,0.0,0,0,5,86,53,0,,21.0,28.0,,4
924378,Sepp van den Berg,sepp-van-den-berg,2556,1. FSV Mainz 05,7.15,235.8,33,3,1,3,0,0.39,3,1188,273,1461,81.31,880,308,107,7,4,80.0,38,43,9,0,0,0,0.0,25,11,8,58,55.77,173,68.65,231,64.89,2838,12.0,0,0,0,0,0,0,3,0,25,0,2,1,0,58,40.0,154,0,2,4,295,1,76,26,1906,18,31,0,1,11,0,6,0,0,,,,8,0,0,0,0,40,6,0,0,0,0,0,31,0.0,0.0,7,5,2,125,79,0,0,0,145,46,23,60.53,946.0,0,0,0,992,471,5,2.66,5.0,176.0,,33
889861,Anton Stach,anton-stach,2569,TSG Hoffenheim,7.14,235.5,33,2,6,1,3,2.66,5,1062,255,1317,80.64,482,591,268,21,28,46.67,76,74,4,0,0,11,19.64,40,10,16,147,57.65,66,63.46,213,59.33,2503,5.0,0,0,1,0,1,0,1,1,13,27,0,0,2,59,50.86,67,0,1,15,396,20,123,63,1925,45,32,0,0,32,0,14,0,0,,,,1,0,0,0,0,56,3,0,0,0,0,0,28,0.0,0.0,21,60,56,146,38,0,0,0,116,59,42,55.26,1251.5,0,0,0,563,810,0,1.87,0.0,222.0,,33
799046,Waldemar Anton,waldemar-anton,2677,VfB Stuttgart,7.13,235.3,33,0,2,1,3,1.54,3,2301,276,2577,89.29,1483,820,215,9,15,68.18,39,40,7,0,0,2,14.29,28,6,17,75,55.56,84,65.63,159,60.46,2888,0.0,0,0,1,1,0,0,0,0,20,8,0,0,0,99,45.83,148,1,0,12,342,3,129,63,3049,26,25,0,1,19,0,5,0,0,,,,9,0,0,0,0,35,3,0,0,0,0,0,32,0.0,0.0,9,22,14,104,44,0,0,0,216,38,25,64.1,0.0,0,0,0,1579,1012,0,1.72,29.0,203.0,,33
1192318,Farès Chaïbi,fares-chaibi,2674,Eintracht Frankfurt,7.13,199.6,28,2,15,3,4,6.1,6,518,194,712,72.75,182,384,220,51,7,35.0,27,5,2,0,0,48,27.27,40,14,14,45,46.88,10,15.15,55,33.95,1920,5.0,0,0,0,0,6,0,2,0,24,16,0,0,2,27,45.76,17,0,0,16,403,12,89,36,1176,11,14,1,0,10,9,12,0,0,,,,0,0,0,0,0,33,4,0,0,0,0,0,21,0.0,0.0,51,20,176,107,56,0,0,0,59,37,17,62.96,960.0,0,0,0,229,659,1,3.05,0.0,66.0,,28
980628,Maximilian Beier,maximilian-beier,2569,TSG Hoffenheim,7.13,235.2,33,16,4,11,1,3.03,17,369,133,502,73.51,118,260,161,24,33,42.31,20,9,0,0,0,9,23.68,82,39,26,85,43.37,20,33.33,105,41.02,2436,19.51,0,0,2,0,0,0,14,2,62,20,0,5,11,2,40.0,11,0,0,32,326,19,14,6,976,32,21,3,0,15,13,17,0,0,,,,0,0,0,0,0,48,3,0,0,0,0,0,29,0.0,0.0,24,78,38,151,40,0,0,0,5,51,12,60.0,152.25,0,0,0,149,391,4,11.43,0.0,62.0,,33
132654,Marcel Schuhen,marcel-schuhen,2576,Darmstadt 98,7.12,220.8,31,0,0,0,0,0.18,0,892,419,1311,68.04,689,203,67,0,1,100.0,1,2,2,0,0,0,0.0,0,0,0,9,81.82,9,81.82,18,81.82,2790,0.0,0,0,0,0,0,0,0,0,0,0,0,0,0,306,42.74,24,2,2,0,432,0,188,96,1695,8,0,0,0,2,0,0,0,124,,,,3,2,1,82,42,63,13,13,19,18,22,2,31,0.0,0.0,0,1,0,4,2,0,0,0,716,76,0,0.0,0.0,0,0,22,772,539,1,0.0,289.0,346.0,,31
791079,Xaver Schlager,xaver-schlager,36360,RB Leipzig,7.12,206.5,29,0,2,1,5,3.13,5,1572,197,1769,88.86,707,869,361,28,19,70.37,81,19,7,0,0,4,28.57,21,3,7,125,55.56,23,56.1,148,55.64,2482,0.0,0,0,0,0,0,0,0,0,3,18,0,0,0,64,60.38,26,0,0,27,281,16,103,63,2153,25,34,0,0,32,2,11,1,0,,,,7,0,0,0,0,30,2,0,0,0,0,0,29,0.0,0.0,27,27,14,118,18,0,0,0,106,32,50,61.73,0.0,0,0,0,763,1020,0,1.06,0.0,203.0,,29
133908,Marcel Sabitzer,marcel-sabitzer,2673,Borussia Dortmund,7.12,178.0,25,4,6,1,3,3.01,7,847,174,1021,82.96,369,486,242,22,11,42.31,39,12,3,1,1,8,26.67,47,20,12,78,55.71,6,22.22,84,50.3,1965,8.51,1,1,0,0,5,0,4,0,19,28,0,2,2,34,48.57,33,0,0,14,253,11,84,46,1367,28,15,3,0,19,1,15,0,0,,,,7,0,0,0,0,24,2,0,0,0,0,0,23,100.0,0.0,22,26,30,83,21,0,0,0,70,26,24,61.54,491.25,0,0,0,426,625,2,3.59,0.0,89.0,,25
1002837,Piero Hincapié,piero-hincapie,2681,Bayer 04 Leverkusen,7.12,170.8,24,1,1,3,2,0.87,3,1280,115,1395,91.76,674,606,238,6,1,16.67,35,13,2,0,0,0,0.0,18,6,7,47,61.84,36,57.14,83,59.71,1501,5.56,0,0,0,0,0,0,1,0,14,4,0,1,0,38,50.0,42,0,0,4,149,2,48,26,1623,11,16,1,0,4,0,5,0,0,,,,7,0,0,0,0,9,0,0,0,0,0,0,16,0.0,0.0,6,6,8,56,27,0,0,0,76,9,22,62.86,1501.0,0,0,0,723,680,2,1.95,10.0,78.0,,26
822564,Finn Dahmen,finn-dahmen,2600,FC Augsburg,7.12,220.6,31,0,0,0,0,0.25,0,933,313,1246,74.88,772,161,63,1,0,0.0,1,0,4,0,0,0,0.0,0,0,0,5,55.56,7,70.0,12,63.16,2790,0.0,0,0,0,2,0,0,0,0,0,0,0,0,0,210,40.86,30,1,4,0,321,0,141,74,1534,4,2,0,1,2,0,0,0,110,,,,3,10,2,71,37,48,4,13,11,9,23,1,31,0.0,0.0,1,0,0,7,3,0,0,0,514,52,0,0.0,0.0,0,1,21,825,421,2,0.0,187.0,270.0,,31
319857,Benjamin Henrichs,benjamin-henrichs,36360,RB Leipzig,7.11,234.7,33,1,9,3,5,5.99,6,1089,281,1370,79.49,555,553,270,42,33,68.75,68,33,5,0,0,19,28.36,35,9,12,133,59.11,26,54.17,159,58.24,2536,2.86,0,0,0,2,4,0,1,0,17,18,0,0,1,61,45.52,30,0,0,20,423,9,127,62,2069,35,27,0,0,31,2,14,2,0,,,,6,0,0,0,0,28,3,0,0,0,0,0,28,0.0,0.0,40,48,67,114,22,0,0,0,134,31,39,57.35,2536.0,0,0,0,638,799,1,2.46,0.0,163.0,,33
252215,Wout Weghorst,wout-weghorst,2569,TSG Hoffenheim,7.11,192.0,27,7,3,5,3,2.85,10,413,153,566,72.97,128,286,176,34,3,20.0,13,6,4,0,0,1,25.0,39,15,11,50,47.17,65,45.77,115,46.37,1989,17.95,1,1,0,0,0,0,7,0,36,3,2,3,2,9,56.25,24,0,0,19,243,8,16,12,846,34,23,1,0,6,13,13,0,0,,,,0,0,0,0,0,33,4,0,0,0,0,0,24,100.0,0.0,34,15,4,133,77,0,0,0,16,37,6,46.15,284.14,0,0,0,156,414,1,7.37,0.0,47.0,,28
801030,Atakan Karazor,atakan-karazor,2677,VfB Stuttgart,7.11,234.5,33,0,4,0,4,2.53,4,1694,195,1889,89.68,766,931,344,29,5,26.32,72,27,9,0,0,3,75.0,19,2,10,137,59.83,45,54.22,182,58.33,2634,0.0,0,0,0,0,0,0,0,0,6,13,0,0,0,30,60.0,40,0,0,19,259,21,57,40,2294,61,28,1,0,31,0,7,0,0,,,,7,0,0,0,0,33,1,0,0,0,0,0,31,0.0,0.0,29,19,4,130,38,0,0,0,50,34,44,61.11,0.0,0,0,0,827,1066,2,1.04,0.0,174.0,,33
192308,Alassane Pléa,alassane-plea,2527,Borussia M'gladbach,7.1,191.8,27,7,5,5,4,4.08,11,528,198,726,72.73,181,356,224,37,21,44.68,17,2,1,0,0,9,20.45,58,19,27,67,45.89,15,34.88,82,43.39,1925,12.07,1,1,1,0,0,0,7,0,41,17,2,0,5,34,62.96,6,0,0,33,329,9,60,33,1054,29,15,1,0,8,6,12,1,0,,,,0,0,0,0,0,33,8,0,0,0,0,0,24,100.0,0.0,36,47,44,107,28,0,0,0,54,41,7,41.18,275.0,0,0,0,223,547,2,7.0,0.0,72.0,,27
843665,Alphonso Davies,alphonso-davies,2672,FC Bayern München,7.1,206.0,29,2,3,0,5,3.26,7,1290,161,1451,88.9,635,665,356,38,70,59.83,47,26,0,0,0,10,32.26,13,4,5,137,55.69,14,60.87,151,56.13,2067,15.38,0,0,0,1,0,0,1,1,6,7,0,1,1,7,25.0,38,0,1,24,322,15,27,11,2070,20,16,0,0,23,0,4,1,0,,,,5,0,0,0,0,27,3,0,0,0,0,0,24,0.0,0.0,37,117,31,118,9,0,0,0,28,30,24,51.06,1033.5,0,0,0,691,791,2,0.98,0.0,179.0,,29
132645,Niclas Füllkrug,niclas-fullkrug,2673,Borussia Dortmund,7.1,220.1,31,12,7,13,8,3.72,20,425,207,632,67.25,129,297,174,36,5,31.25,8,2,1,0,0,1,20.0,58,29,22,56,46.67,80,40.2,136,42.63,2405,20.69,3,3,0,0,0,0,12,0,50,8,3,2,7,21,63.64,26,0,0,24,302,8,35,19,939,44,28,0,0,6,14,7,0,0,,,,3,0,0,0,0,33,3,0,0,0,0,0,29,100.0,0.0,36,16,5,183,119,0,0,0,33,36,3,37.5,200.42,0,0,0,168,469,3,12.86,0.0,42.0,,31
147289,Maximilian Arnold,maximilian-arnold,2524,VfL Wolfsburg,7.1,213.0,30,2,5,0,1,4.4,3,1251,213,1464,85.45,674,610,269,48,7,70.0,51,24,9,0,0,33,30.0,32,12,11,103,55.08,15,33.33,118,50.86,2503,6.25,0,0,0,0,8,1,0,2,1,31,0,2,0,106,51.71,54,0,0,17,338,18,135,66,1908,46,37,1,0,29,0,9,0,0,,,,3,0,0,0,0,44,5,0,0,0,0,0,27,0.0,12.5,48,10,110,114,30,0,0,0,205,49,31,60.78,1251.5,0,0,0,731,843,1,1.04,0.0,174.0,,30
326695,Christian Kühlwetter,christian-kuhlwetter,5885,1. FC Heidenheim,7.1,7.1,1,0,1,0,1,0.4,1,1,1,2,50.0,0,1,1,1,0,0.0,0,0,0,0,0,0,0.0,0,0,0,0,0.0,0,0.0,0,0.0,13,0.0,0,0,0,0,0,0,0,0,0,0,0,0,0,0,0.0,0,0,0,0,2,0,0,0,3,0,0,0,0,0,0,0,0,0,,,,0,0,0,0,0,0,0,0,0,0,0,0,0,0.0,0.0,1,0,0,2,2,0,0,0,0,0,0,0.0,0.0,0,0,0,1,1,0,,0.0,1.0,,1
1428576,Kjell Wätjen,kjell-watjen,2673,Borussia Dortmund,7.1,14.2,2,0,2,0,1,0.24,1,45,7,52,86.54,24,21,6,3,2,66.67,3,0,0,0,0,0,0.0,0,0,0,6,54.55,0,0.0,6,50.0,104,0.0,0,0,0,0,0,0,0,0,0,0,0,0,0,5,100.0,3,0,0,0,9,0,2,1,66,1,1,0,0,3,0,0,0,0,,,,0,0,0,0,0,1,0,0,0,0,0,0,1,0.0,0.0,3,3,0,6,1,0,0,0,5,1,2,66.67,0.0,0,0,0,29,23,0,,0.0,9.0,,2
957889,Enzo Millot,enzo-millot,2677,VfB Stuttgart,7.09,219.9,31,5,7,3,4,5.31,9,1223,187,1410,86.74,500,731,350,33,46,55.42,40,16,5,0,0,8,21.05,39,18,14,121,48.99,7,18.92,128,45.07,2254,12.82,1,1,1,0,0,0,5,0,22,17,0,5,0,31,58.49,7,0,1,34,362,24,55,33,1862,35,36,1,0,21,4,7,0,0,,,,3,0,0,0,0,24,1,0,0,0,0,0,27,100.0,0.0,33,83,38,156,30,0,0,0,53,25,22,55.0,450.8,0,0,0,542,906,1,5.26,0.0,135.0,,31
138156,Emre Can,emre-can,2673,Borussia Dortmund,7.09,177.3,25,2,1,1,2,1.28,4,1281,182,1463,87.56,729,552,216,20,15,57.69,63,22,5,0,0,0,0.0,17,3,9,100,56.18,30,58.82,130,56.77,1961,11.76,2,2,0,0,0,0,2,0,6,11,0,0,2,71,59.17,37,1,1,21,248,5,77,47,1785,23,27,0,0,20,0,5,0,0,,,,5,0,0,0,0,19,3,0,0,0,0,0,22,100.0,0.0,20,26,2,99,21,0,0,0,120,22,45,71.43,980.5,0,0,0,807,658,0,2.15,2.0,156.0,,25
826205,Dan Zagadou,dan-zagadou,2677,VfB Stuttgart,7.09,134.7,19,1,0,0,0,0.7,1,1177,181,1358,86.67,772,405,79,3,3,75.0,21,20,1,0,0,0,0.0,11,3,6,27,56.25,60,80.0,87,70.73,1468,9.09,0,0,0,0,0,0,1,0,10,1,1,0,0,63,44.68,74,0,1,1,189,0,102,51,1548,3,17,0,1,4,1,2,0,0,,,,3,0,0,0,0,19,3,0,0,0,0,0,16,0.0,0.0,3,4,0,36,15,0,0,0,141,22,14,66.67,1468.0,0,0,0,848,510,1,1.0,18.0,109.0,,19
863271,Jeff Chabot,julian-chabot,2671,1. FC Köln,7.09,226.8,32,0,0,1,0,1.47,0,1358,249,1607,84.51,1018,341,114,9,9,52.94,59,45,7,0,1,1,25.0,19,4,9,106,63.47,105,72.92,211,67.85,2707,0.0,0,0,0,0,0,0,0,0,19,0,0,0,0,91,41.74,136,0,0,2,284,3,121,56,2075,42,28,1,0,24,4,6,0,0,,,,2,0,0,0,0,45,7,0,0,0,0,0,32,0.0,0.0,9,17,4,100,39,0,0,0,218,52,42,71.19,0.0,1,0,0,1099,512,3,1.42,98.0,149.0,,32
973437,Odilon Kossounou,odilon-kossounou,2681,Bayer 04 Leverkusen,7.08,148.7,21,1,1,0,0,1.55,1,1219,149,1368,89.11,570,649,277,10,23,57.5,30,27,3,0,0,0,0.0,5,1,4,60,50.42,23,57.5,83,52.2,1812,20.0,0,0,0,0,0,0,1,0,3,2,1,0,0,37,53.62,39,0,1,15,200,11,39,18,1665,7,17,0,0,11,0,0,0,0,,,,7,0,0,0,0,14,0,0,0,0,0,0,21,0.0,0.0,10,40,2,76,17,0,0,0,69,14,20,66.67,1812.0,0,0,0,622,748,2,0.62,0.0,132.0,,22
1048422,Hugo Ekitiké,hugo-ekitike,2674,Eintracht Frankfurt,7.08,99.1,14,4,3,2,2,1.49,6,130,53,183,71.04,45,86,53,12,18,48.65,11,2,3,0,0,1,11.11,30,10,14,41,47.13,14,34.15,55,42.97,724,13.33,0,0,0,0,0,0,3,1,24,6,2,0,2,8,80.0,4,0,0,13,122,4,8,4,359,12,12,1,0,2,6,6,0,0,,,,0,0,0,0,0,14,2,0,0,0,0,0,7,0.0,0.0,12,37,9,73,27,0,0,0,10,16,7,63.64,181.0,0,0,0,53,139,0,2.39,0.0,21.0,,14
991478,Amine Adli,amine-adli,2681,Bayer 04 Leverkusen,7.08,162.8,23,4,3,4,4,2.89,8,355,73,428,82.94,102,258,154,22,13,56.52,16,6,5,0,0,5,21.74,27,15,8,57,57.58,21,46.67,78,54.17,902,14.81,0,0,0,0,0,0,4,0,23,4,1,3,0,3,33.33,5,0,0,10,129,4,3,2,621,28,14,2,0,10,7,4,1,0,,,,0,0,0,0,0,9,0,0,0,0,0,0,8,0.0,0.0,21,23,23,66,24,0,0,0,9,9,7,43.75,225.5,0,0,0,116,335,1,3.33,0.0,36.0,,23
1174761,Arthur,arthur,2681,Bayer 04 Leverkusen,7.08,28.3,4,0,0,0,2,0.37,2,73,17,90,81.11,31,47,24,5,2,40.0,4,0,0,0,0,5,71.43,2,1,1,6,42.86,2,40.0,8,42.11,184,0.0,0,0,0,0,0,0,0,0,1,1,0,0,0,2,40.0,5,0,0,3,31,0,5,2,137,0,2,0,0,0,0,0,0,0,,,,1,0,0,0,0,1,0,0,0,0,0,0,2,0.0,0.0,5,5,7,11,3,0,0,0,5,1,3,75.0,0.0,0,0,0,39,58,1,0.07,0.0,10.0,,4
873106,Hiroki Itō,hiroki-ito,2677,VfB Stuttgart,7.07,183.8,26,0,3,0,2,2.41,2,1759,209,1968,89.38,1099,668,215,20,7,70.0,19,29,1,0,0,8,34.78,18,4,5,32,45.07,32,45.71,64,45.39,2231,0.0,0,0,0,0,0,0,0,0,9,9,0,0,0,82,43.85,78,0,2,5,254,0,99,52,2313,8,17,0,0,15,2,9,1,0,,,,7,0,0,0,0,26,1,0,0,0,0,0,25,0.0,0.0,19,10,23,77,38,0,0,0,187,27,18,94.74,0.0,0,0,0,1170,821,0,0.91,37.0,125.0,,26
37096,Péter Gulácsi,peter-gulacsi,36360,RB Leipzig,7.07,91.9,13,0,0,0,0,0.01,0,348,64,412,84.47,335,13,3,0,0,0.0,0,0,0,0,0,0,0.0,0,0,0,0,0.0,6,100.0,6,100.0,1170,0.0,0,0,0,0,0,0,0,0,0,0,0,0,0,44,40.74,16,1,0,0,64,0,23,12,526,0,0,0,0,0,0,0,0,33,,,,5,1,0,21,12,7,2,8,4,4,6,0,13,0.0,0.0,0,0,0,0,0,0,0,0,108,9,0,0.0,0.0,0,0,10,356,56,0,,97.0,87.0,,13
1142251,Aleksandar Pavlović,aleksandar-pavlovic,2672,FC Bayern München,7.07,134.3,19,2,2,0,2,1.8,4,885,61,946,93.55,394,501,201,12,5,50.0,28,17,6,0,0,10,55.56,8,2,2,49,47.57,10,41.67,59,46.46,1235,25.0,0,0,0,0,0,0,2,0,5,3,0,1,1,41,83.67,11,0,0,14,105,5,62,50,1128,16,20,0,0,16,0,4,1,0,,,,2,0,0,0,0,14,3,0,0,0,0,0,14,0.0,0.0,11,10,18,68,14,0,0,0,49,17,16,57.14,617.5,0,0,0,411,553,0,1.24,0.0,75.0,,19
136924,Willi Orbán,willi-orban,36360,RB Leipzig,7.06,134.2,19,0,1,1,0,0.8,0,1247,143,1390,89.71,842,406,85,7,2,100.0,20,16,2,0,0,1,100.0,7,2,4,32,59.26,54,63.53,86,61.87,1589,0.0,0,0,0,0,0,0,0,0,7,0,0,0,0,50,47.17,73,0,1,2,155,2,41,22,1584,10,16,0,0,9,0,1,0,0,,,,5,0,0,0,0,15,2,0,0,0,0,0,18,0.0,0.0,7,2,1,53,31,0,0,0,106,17,12,60.0,0.0,0,0,0,901,490,1,0.36,0.0,87.0,,19
246999,Raphaël Guerreiro,raphael-guerreiro,2672,FC Bayern München,7.06,141.2,20,3,3,3,0,3.42,3,817,105,922,88.61,331,501,267,23,13,68.42,19,15,2,0,0,15,35.71,18,6,7,39,60.0,2,28.57,41,56.94,1205,16.67,0,0,0,0,0,0,2,1,10,8,0,3,0,22,70.97,5,0,1,11,165,8,57,32,1154,7,3,1,0,6,0,5,0,0,,,,2,0,0,0,0,12,5,0,0,0,0,0,13,0.0,0.0,23,19,42,31,5,0,0,0,31,17,16,84.21,401.67,0,0,0,358,606,0,2.44,0.0,59.0,,20
577726,Ramy Bensebaini,ramy-bensebaini,2673,Borussia Dortmund,7.06,120.0,17,0,1,3,0,0.92,0,620,127,747,83.0,321,301,137,6,16,100.0,34,16,2,0,1,2,9.52,16,0,13,78,75.0,19,59.38,97,71.32,1050,0.0,0,0,0,0,0,0,0,0,10,6,0,0,0,30,49.18,29,0,0,3,172,6,53,21,1063,29,15,0,1,10,0,3,0,0,,,,1,0,0,0,0,16,1,0,0,0,0,0,11,0.0,0.0,6,16,21,39,13,0,0,0,61,17,21,61.76,0.0,1,0,0,364,404,2,1.89,0.0,84.0,,17
138150,Mitchell Weiser,mitchell-weiser,2534,SV Werder Bremen,7.06,211.7,30,3,8,1,7,5.83,10,855,278,1133,75.46,405,477,242,37,50,50.0,64,20,5,0,0,27,32.93,44,13,16,153,53.31,23,35.94,176,50.14,2639,6.82,0,0,0,0,0,0,3,0,37,7,2,1,0,49,49.0,39,0,0,34,511,15,117,62,1952,39,29,1,0,22,4,15,0,0,,,,4,0,0,0,0,37,8,0,0,0,0,0,30,0.0,0.0,37,100,82,175,41,0,0,0,100,45,38,59.38,879.67,0,0,0,501,714,1,3.8,0.0,171.0,,30
825771,Marco Friedl,marco-friedl,2534,SV Werder Bremen,7.05,176.3,25,1,0,0,0,0.3,1,926,141,1067,86.79,710,217,61,1,5,83.33,53,35,6,0,0,1,25.0,7,1,5,73,60.83,42,50.6,115,56.65,2198,14.29,0,0,0,1,0,0,1,0,2,5,0,1,0,89,53.61,127,0,0,5,171,2,83,40,1429,17,31,0,0,12,1,1,0,0,,,,6,0,0,0,0,29,3,0,0,0,0,0,25,0.0,0.0,1,6,4,88,41,0,0,0,166,32,32,60.38,2198.0,0,0,0,763,308,2,0.25,1.0,138.0,,25
228981,Tim Kleindienst,tim-kleindienst,5885,1. FC Heidenheim,7.05,232.7,33,12,5,18,3,1.98,15,504,337,841,59.93,147,359,210,27,19,31.67,21,12,6,0,0,2,10.53,83,34,40,52,21.22,180,59.21,232,42.26,2874,14.46,2,2,0,0,0,0,11,1,71,12,3,6,3,18,62.07,58,0,0,56,566,27,19,12,1411,13,88,2,0,18,16,9,0,0,,,,5,0,0,0,0,48,4,0,0,0,0,0,33,100.0,0.0,27,60,19,317,124,0,0,0,29,52,12,57.14,239.5,0,0,0,201,659,1,13.92,0.0,100.0,,33
16632,Mats Hummels,mats-hummels,2673,Borussia Dortmund,7.05,169.2,24,3,2,3,0,1.4,3,1259,151,1410,89.29,778,481,115,9,2,33.33,52,33,4,1,1,0,0.0,16,6,9,62,58.49,39,60.94,101,59.41,1588,18.75,0,0,0,2,0,0,3,0,13,3,2,1,0,105,67.74,81,0,0,6,174,4,116,72,1688,9,12,0,0,23,0,1,0,0,,,,5,0,0,0,0,22,2,0,0,0,0,0,20,0.0,0.0,9,6,3,69,25,0,0,0,155,24,34,65.38,529.33,0,0,0,842,571,4,3.23,3.0,99.0,,25
830803,Danilho Doekhi,danilho-doekhi,2547,1. FC Union Berlin,7.05,169.2,24,2,0,1,0,1.03,2,736,175,911,80.79,492,245,94,4,2,100.0,34,38,2,0,0,1,25.0,16,2,9,54,72.97,55,56.12,109,63.37,2160,12.5,0,0,1,0,0,0,2,0,16,0,2,0,0,69,44.52,103,0,1,2,192,1,96,43,1251,20,13,0,0,6,0,5,0,0,,,,4,0,0,0,0,36,7,0,0,0,0,0,24,0.0,0.0,4,2,4,63,43,0,0,0,155,43,23,67.65,1080.0,0,0,0,553,362,3,1.15,0.0,68.0,,24
847030,Noussair Mazraoui,noussair-mazraoui,2672,FC Bayern München,7.05,133.9,19,0,5,1,3,2.36,3,773,87,860,89.88,317,459,242,15,12,52.17,32,20,3,0,0,3,15.79,12,3,3,55,61.8,19,47.5,74,57.36,1197,0.0,0,0,0,0,0,0,0,0,5,7,0,0,0,17,58.62,23,1,0,6,146,3,31,21,1164,11,10,1,0,8,0,6,0,0,,,,6,0,0,0,0,13,3,0,0,0,0,0,15,0.0,0.0,15,23,19,55,21,0,0,0,29,16,21,65.63,0.0,0,0,0,345,534,1,0.87,0.0,63.0,,19
254429,Patrick Mainka,patrick-mainka,5885,1. FC Heidenheim,7.05,239.6,34,2,0,3,0,0.61,2,1285,263,1548,83.01,917,368,104,3,10,58.82,85,49,1,0,0,0,0.0,29,7,10,109,60.89,121,58.45,230,59.59,3060,6.9,0,0,0,1,0,0,2,0,27,2,2,0,0,84,45.9,156,0,1,5,291,0,77,37,2050,16,24,2,0,36,2,12,0,0,,,,6,0,0,0,0,51,4,0,0,0,0,0,34,0.0,0.0,3,17,0,156,86,0,0,0,183,55,49,57.65,1530.0,0,0,0,1020,528,2,3.27,0.0,183.0,,34
945063,Mohamed Simakan,mohamed-simakan,36360,RB Leipzig,7.04,225.4,32,2,3,2,3,2.94,5,1285,204,1489,86.3,795,492,184,15,12,60.0,48,29,8,0,0,2,11.11,30,11,14,84,57.93,61,62.89,145,59.92,2142,6.67,0,0,1,1,0,0,2,0,27,3,0,0,2,56,45.16,68,0,0,9,273,2,95,39,1918,25,35,0,0,12,3,5,0,0,,,,4,0,0,0,0,28,2,0,0,0,0,0,23,0.0,0.0,15,20,18,97,36,0,0,0,124,30,29,60.42,1071.0,0,0,0,860,647,0,4.02,0.0,113.0,,32
15219,Lukáš Hrádecký,lukas-hradecky,2681,Bayer 04 Leverkusen,7.04,232.4,33,0,0,0,0,0.02,0,543,173,716,75.84,497,46,12,0,0,0.0,0,0,2,0,0,0,0.0,0,0,0,1,50.0,8,88.89,9,81.82,2970,0.0,0,0,0,0,0,0,0,0,0,0,0,0,0,104,38.66,18,1,1,0,181,0,104,53,1016,1,0,0,0,1,0,0,0,78,,,,15,0,0,51,27,23,1,8,13,13,24,0,33,0.0,0.0,0,0,0,2,1,0,0,0,269,24,0,0.0,0.0,0,0,11,569,147,2,0.0,145.0,250.0,,33
1165722,Skelly Alvero,skelly-alvero,2534,SV Werder Bremen,7.04,35.2,5,1,0,0,0,0.05,1,59,17,76,77.63,24,35,12,1,2,100.0,6,1,1,0,0,0,0.0,5,3,1,11,78.57,6,85.71,17,80.95,135,20.0,0,0,0,0,0,0,1,0,4,1,0,0,1,6,75.0,1,0,0,1,20,0,3,1,106,3,2,0,0,0,0,1,0,0,,,,0,0,0,0,0,1,0,0,0,0,0,0,1,0.0,0.0,1,2,0,4,1,0,0,0,8,1,4,66.67,135.0,0,0,0,30,46,0,0.33,0.0,9.0,,6
876858,Robin Hack,robin-hack,2527,Borussia M'gladbach,7.03,204.0,29,10,3,4,2,2.03,12,370,107,477,77.57,148,239,133,25,26,45.61,15,14,2,0,0,17,38.64,43,22,15,62,39.49,17,42.5,79,40.1,1352,23.26,0,0,0,0,0,0,9,1,26,17,2,2,6,14,43.75,14,0,0,36,256,7,35,20,838,22,17,1,0,13,9,6,0,0,,,,0,0,0,0,0,22,4,0,0,0,0,0,14,0.0,0.0,25,57,44,118,23,0,0,0,32,26,8,53.33,135.2,0,0,0,183,338,2,3.91,0.0,79.0,,29
584722,Alexander Nübel,alexander-nubel,2677,VfB Stuttgart,7.03,210.9,30,0,0,0,0,0.04,0,868,215,1083,80.15,801,67,14,0,0,0.0,2,0,1,0,0,0,0.0,0,0,0,2,50.0,12,92.31,14,82.35,2700,0.0,0,0,0,0,0,0,0,0,0,0,0,0,0,177,47.45,24,3,1,0,220,0,161,92,1357,4,0,0,1,2,0,0,0,76,,,,11,3,0,54,20,33,3,11,16,16,28,0,30,0.0,0.0,0,0,0,3,1,0,0,0,373,36,2,100.0,0.0,0,1,13,906,177,1,0.0,112.0,260.0,,30
237068,Julian Weigl,julian-weigl,2527,Borussia M'gladbach,7.03,217.9,31,2,4,1,3,1.4,5,1307,156,1463,89.34,762,546,208,25,14,70.0,66,48,10,0,0,1,33.33,19,6,7,110,60.11,25,55.56,135,59.21,2766,10.53,2,2,0,0,1,0,2,0,5,14,0,0,2,82,62.12,61,0,1,9,195,6,85,52,1851,30,33,0,0,26,0,6,1,0,,,,3,0,0,0,0,52,11,0,0,0,0,0,31,100.0,0.0,24,20,3,93,20,0,0,0,132,63,40,60.61,1383.0,0,0,0,825,641,0,2.43,0.0,168.0,,31
537552,Jae-sung Lee,jae-sung-lee,2556,1. FSV Mainz 05,7.03,203.8,29,6,5,8,3,2.23,9,597,154,751,79.49,212,387,208,32,15,46.88,33,27,6,0,0,2,11.76,38,13,16,73,47.1,35,35.35,108,42.52,2124,15.79,0,0,2,0,0,0,5,1,27,11,2,4,0,18,47.37,20,0,0,22,253,16,36,16,1104,27,19,2,0,26,9,9,0,0,,,,2,0,0,0,0,27,5,0,0,0,0,0,24,0.0,0.0,32,32,17,146,64,0,0,0,38,32,20,60.61,354.0,0,0,0,248,520,1,4.9,0.0,95.0,,29
387220,Timo Hübers,timo-hubers,2671,1. FC Köln,7.03,217.8,31,0,1,2,0,1.04,0,1465,263,1728,84.78,1055,411,122,6,4,66.67,68,63,6,0,0,1,33.33,22,5,14,95,53.98,101,66.45,196,59.76,2779,0.0,0,0,1,0,0,0,0,0,19,3,0,0,0,82,39.05,167,1,0,7,290,1,135,71,2215,25,44,0,0,31,1,3,0,0,,,,4,0,0,0,0,46,7,0,0,0,0,0,31,0.0,0.0,6,6,3,132,51,0,0,0,210,53,47,69.12,0.0,0,0,0,1164,567,1,1.83,6.0,211.0,,31
138491,Alexander Meyer,alexander-meyer,2673,Borussia Dortmund,7.03,56.2,8,0,0,0,0,0.03,0,273,63,336,81.25,256,17,4,0,1,100.0,1,0,0,0,0,0,0.0,0,0,0,2,100.0,0,0.0,2,100.0,694,0.0,0,0,0,0,0,0,0,0,0,0,0,0,0,46,43.4,3,1,0,0,64,0,27,15,400,0,0,0,0,0,0,0,0,19,,,,3,0,0,14,5,7,2,1,4,4,7,0,7,0.0,0.0,0,1,0,0,0,0,0,0,106,9,1,100.0,0.0,0,0,5,268,68,0,,31.0,66.0,,8
146101,Eric Dier,eric-dier,2672,FC Bayern München,7.02,105.3,15,0,0,2,0,0.43,0,1038,92,1130,91.86,679,360,79,2,1,100.0,11,10,1,0,0,1,14.29,9,4,2,21,65.63,34,66.67,55,66.27,1166,0.0,0,0,0,0,0,0,0,0,9,0,0,0,0,58,63.04,46,0,1,0,103,1,59,39,1266,9,12,0,0,1,1,3,0,0,,,,1,0,0,0,0,17,4,0,0,0,0,0,13,0.0,0.0,2,1,7,28,17,0,0,0,92,21,8,72.73,0.0,0,0,0,721,416,0,0.66,26.0,66.0,,15
352562,Pascal Stenzel,pascal-stenzel,2677,VfB Stuttgart,7.02,147.4,21,0,7,0,5,2.35,5,611,82,693,88.17,290,332,153,16,6,75.0,18,15,1,0,1,11,42.31,14,4,9,35,44.3,9,34.62,44,41.9,1115,0.0,0,0,0,0,1,0,0,0,1,13,0,0,0,68,74.73,23,0,0,6,133,6,77,51,984,11,16,0,0,20,0,1,1,0,,,,0,0,0,0,0,13,0,0,0,0,0,0,14,0.0,0.0,15,8,26,61,17,0,0,0,91,13,8,44.44,0.0,1,0,0,309,410,3,0.32,0.0,49.0,,23
1198075,Brajan Gruda,gruda-brajan,2556,1. FSV Mainz 05,7.02,189.5,27,4,9,2,3,5.06,7,379,152,531,71.37,99,290,195,43,69,52.27,22,5,5,0,0,10,18.87,30,12,10,138,48.08,15,32.61,153,45.95,1656,13.33,0,0,1,0,2,0,3,1,17,13,1,3,0,12,28.57,4,0,0,49,428,14,43,15,1093,47,28,1,0,10,9,8,0,0,,,,0,0,0,0,0,24,4,0,0,0,0,0,19,0.0,0.0,43,132,53,180,31,0,0,0,42,28,14,63.64,414.0,0,0,0,122,462,0,3.5,0.0,97.0,,28
186719,Florian Grillitsch,florian-grillitsch,2569,TSG Hoffenheim,7.01,210.2,30,1,2,1,6,1.88,7,1485,241,1726,86.04,817,673,236,21,13,61.9,54,52,8,0,0,5,29.41,21,6,7,91,53.53,34,52.31,125,53.19,2303,4.76,0,0,0,0,0,0,0,1,5,16,0,0,1,104,51.74,86,1,1,12,291,2,142,81,2130,24,27,1,0,32,0,8,2,0,,,,1,0,0,0,0,48,5,0,0,0,0,0,25,0.0,0.0,19,21,17,110,31,0,0,0,201,53,28,51.85,2303.0,0,0,0,903,840,2,1.23,24.0,171.0,,30
1048650,Rocco Reitz,rocco-reitz,2527,Borussia M'gladbach,7.01,238.2,34,6,3,1,3,2.58,9,779,243,1022,76.22,437,344,175,20,20,44.44,61,44,2,0,0,2,13.33,33,14,9,124,53.68,15,36.59,139,51.1,2149,18.18,0,0,0,0,0,0,6,0,18,15,1,1,4,40,48.78,25,1,0,30,358,15,114,59,1502,45,26,0,0,27,2,10,0,0,,,,1,0,0,0,0,37,8,0,0,0,0,0,24,0.0,0.0,20,45,15,133,26,0,0,0,82,45,36,59.02,358.17,0,0,0,515,522,2,3.67,0.0,171.0,,34
794962,Maximilian Wöber,maximilian-wober,2527,Borussia M'gladbach,7.0,175.1,25,2,2,1,3,1.1,5,1172,227,1399,83.77,778,403,154,12,2,50.0,66,38,2,0,1,9,42.86,19,3,13,71,58.68,47,58.02,118,58.42,2070,10.53,0,0,0,0,0,0,2,0,15,4,2,0,0,58,37.42,106,0,0,2,273,4,118,56,1820,3,27,0,0,22,5,3,0,0,,,,0,0,0,0,0,35,11,0,0,0,0,0,24,0.0,0.0,12,4,21,84,34,0,0,0,155,46,31,46.97,1035.0,1,0,0,866,554,1,1.32,32.0,147.0,,25
70987,Koen Casteels,koen-casteels,2524,VfL Wolfsburg,7.0,175.1,25,0,1,0,0,0.06,0,572,257,829,69.0,452,120,36,1,0,0.0,2,0,2,0,0,0,0.0,0,0,0,5,71.43,8,100.0,13,86.67,2250,0.0,0,0,0,1,0,0,0,0,0,0,0,0,0,213,46.1,26,4,1,0,262,0,150,77,1089,3,1,0,0,1,0,0,0,78,,,,4,3,0,50,28,36,3,10,15,15,25,0,25,0.0,0.0,1,0,0,2,0,0,0,0,462,39,1,50.0,0.0,0,0,13,502,327,1,0.0,161.0,197.0,,25
280009,Lucas Höler,lucas-holer,2538,SC Freiburg,7.0,231.1,33,7,1,7,2,2.04,9,487,231,718,67.83,170,322,169,32,13,46.43,32,15,7,0,0,5,41.67,34,18,11,91,54.17,82,44.32,173,49.01,2316,20.59,2,1,2,0,0,0,7,0,32,2,1,4,2,16,50.0,34,0,0,19,339,12,35,21,1083,48,25,1,0,19,7,5,0,0,,,,1,0,0,0,0,42,8,0,0,0,0,0,26,50.0,0.0,32,28,12,180,103,0,1,0,32,50,24,75.0,330.86,0,0,0,213,517,2,8.57,0.0,104.0,,33
906800,Leandro Barreiro,leandro-barreiro,2556,1. FSV Mainz 05,7.0,216.9,31,4,1,3,1,1.1,5,675,238,913,73.93,368,309,161,20,15,50.0,65,36,8,0,0,2,40.0,38,15,10,130,55.56,41,38.32,171,50.15,2606,10.53,0,0,0,0,0,0,4,0,25,13,1,0,3,31,37.8,52,0,0,14,323,9,68,34,1386,52,58,0,0,20,3,13,0,0,,,,7,0,0,0,0,33,5,0,0,0,0,0,29,0.0,0.0,20,30,5,170,66,0,0,0,82,38,40,61.54,651.5,0,0,0,437,481,1,4.5,0.0,144.0,,31
168937,Niklas Süle,niklas-sule,2673,Borussia Dortmund,6.99,153.8,22,1,0,0,0,0.6,1,1388,102,1490,93.15,956,433,119,5,3,75.0,18,25,0,0,0,1,50.0,7,1,2,22,52.38,22,59.46,44,55.7,1509,14.29,0,0,0,0,0,0,1,0,5,2,0,0,1,84,71.19,57,1,1,6,114,2,84,59,1678,1,9,0,0,5,0,4,0,0,,,,4,0,0,0,0,19,0,0,0,0,0,0,14,0.0,0.0,5,4,2,35,15,0,0,0,118,19,10,55.56,1509.0,0,0,0,999,493,2,0.44,13.0,83.0,,23
797691,Marvin Mehlem,marvin-mehlem,2576,Darmstadt 98,6.99,139.8,20,3,0,3,2,1.51,5,433,121,554,78.16,197,241,129,22,10,45.45,28,33,3,0,0,5,27.78,23,8,9,72,52.17,13,48.15,85,51.52,1491,13.04,0,0,0,0,0,0,3,0,16,7,0,2,1,19,47.5,12,0,0,19,210,8,40,24,860,34,20,0,0,16,8,6,0,0,,,,1,0,0,0,0,30,8,0,0,0,0,0,19,0.0,0.0,22,22,18,80,14,0,0,0,40,38,21,75.0,497.0,0,0,0,230,342,0,3.84,0.0,82.0,,20
980626,Noah Atubolu,noah-atubolu,2538,SC Freiburg,6.99,237.6,34,0,0,0,0,0.2,0,823,406,1229,66.97,672,151,53,0,0,0.0,0,0,0,0,0,0,0.0,0,0,0,2,66.67,8,100.0,10,90.91,3060,0.0,0,0,0,0,0,0,0,0,0,0,0,0,0,261,39.61,21,1,0,0,412,0,135,76,1560,3,0,0,0,1,0,0,0,103,,,,10,5,2,67,34,49,9,13,8,8,28,0,34,0.0,0.0,0,0,0,1,0,0,0,0,659,58,0,0.0,0.0,0,0,22,745,484,2,0.0,241.0,303.0,,34
78781,Florian Kainz,florian-kainz,2671,1. FC Köln,6.98,230.5,33,5,4,0,4,4.52,9,698,225,923,75.62,276,470,241,55,23,57.5,28,13,4,0,0,48,28.74,28,9,10,81,49.69,15,37.5,96,47.29,2210,17.86,5,5,0,0,3,0,5,0,13,15,0,0,5,50,39.68,20,0,1,25,420,9,95,40,1406,33,19,0,0,22,1,9,2,0,,,,0,0,0,0,0,36,5,0,0,0,0,0,29,100.0,0.0,53,40,167,107,25,0,0,0,126,41,20,71.43,442.0,0,0,0,328,762,2,4.96,0.0,126.0,,33
800252,Tim Skarke,tim-skarke,2576,Darmstadt 98,6.98,209.5,30,8,2,3,0,2.98,8,574,151,725,79.17,254,343,171,31,28,46.67,26,6,7,0,0,23,24.47,69,20,27,92,47.67,13,20.0,105,40.7,2418,11.59,0,0,0,0,1,0,8,0,34,35,0,2,6,31,54.39,19,0,0,23,348,17,59,35,1228,40,31,2,0,18,17,22,0,0,,,,1,0,0,0,0,58,11,0,0,0,0,0,29,0.0,0.0,31,60,94,153,52,0,0,0,57,69,16,61.54,302.25,0,0,0,289,530,2,3.57,0.0,125.0,,30
1048888,Mathys Tel,mathys-tel,2672,FC Bayern München,6.98,209.5,30,7,6,2,5,3.0,12,323,57,380,85.0,105,226,141,12,37,56.06,12,6,2,0,0,8,44.44,43,18,12,64,43.84,14,51.85,78,45.09,1040,16.28,0,0,0,0,0,0,7,0,33,10,2,0,5,7,77.78,6,0,0,33,176,7,12,4,672,15,18,3,0,2,3,13,0,0,,,,2,0,0,0,0,15,2,0,0,0,0,0,6,0.0,0.0,12,66,18,95,13,0,0,0,9,17,2,16.67,148.57,0,0,0,115,283,1,3.72,0.0,42.0,,30
164171,Kevin Behrens,kevin-behrens,2524,VfL Wolfsburg,6.98,202.5,29,5,3,11,1,2.05,6,324,171,495,65.45,85,240,152,24,7,46.67,15,9,4,0,0,1,10.0,52,19,26,45,43.69,126,53.16,171,50.29,1880,9.62,0,0,0,0,0,0,5,0,47,5,5,0,0,16,64.0,24,0,0,22,269,9,30,17,796,25,30,1,0,5,12,7,0,0,,,,0,0,0,0,0,30,5,0,0,0,0,0,21,0.0,0.0,24,15,10,169,111,0,0,0,25,35,11,73.33,376.0,0,0,0,108,397,2,7.64,0.0,51.0,,31
111483,Michael Gregoritsch,michael-gregoritsch,2538,SC Freiburg,6.98,216.4,31,7,1,15,4,1.28,11,266,161,427,62.3,96,172,95,15,5,31.25,16,9,2,0,0,2,18.18,74,31,34,40,44.44,91,48.92,131,47.46,1684,9.46,0,0,0,0,2,0,7,0,58,16,3,2,2,14,66.67,26,0,0,13,234,16,24,18,702,19,16,3,0,12,6,9,0,0,,,,2,0,0,0,0,22,3,0,0,0,0,0,19,0.0,0.0,15,16,11,145,95,0,0,0,21,25,12,75.0,240.57,0,0,0,126,312,1,9.42,0.0,62.0,,32
836706,Arne Maier,arne-maier,2600,FC Augsburg,6.98,153.5,22,2,2,0,4,2.82,6,415,82,497,83.5,154,288,153,28,12,60.0,14,6,0,0,0,27,31.76,22,5,8,30,48.39,6,60.0,36,50.0,1028,9.09,0,0,0,1,3,1,2,0,9,13,0,1,1,34,75.56,11,0,0,11,178,7,34,24,731,4,4,3,0,9,0,9,0,0,,,,1,0,0,0,0,18,1,0,0,0,0,0,10,0.0,33.33,28,20,85,36,4,0,0,0,45,19,9,64.29,514.0,0,0,0,179,403,1,1.51,0.0,58.0,,22
174345,Robin Zentner,robin-zentner,2556,1. FSV Mainz 05,6.98,209.3,30,0,0,0,0,0.08,0,522,371,893,58.45,364,158,43,1,1,100.0,2,1,3,0,0,0,0.0,1,0,0,6,60.0,10,90.91,16,76.19,2700,0.0,0,0,0,1,0,0,0,0,1,0,0,0,0,217,37.22,35,1,0,0,383,0,136,63,1222,4,1,0,0,3,0,1,0,82,,,,7,4,0,52,29,43,5,16,24,23,36,0,30,0.0,0.0,1,1,0,5,1,0,0,0,583,48,2,100.0,0.0,0,2,21,424,469,1,0.01,177.0,273.0,,30
355492,Konrad Laimer,konrad-laimer,2672,FC Bayern München,6.98,202.3,29,0,6,1,3,4.47,3,1207,131,1338,90.21,512,704,371,25,23,51.11,56,18,3,0,0,9,29.03,17,5,9,94,50.0,12,37.5,106,48.18,1770,0.0,0,0,0,0,0,0,0,0,11,6,0,0,0,22,61.11,11,1,1,17,230,10,47,30,1747,15,28,0,0,30,2,3,0,0,,,,4,0,0,0,0,21,4,0,0,0,0,0,18,0.0,0.0,25,45,31,114,20,0,0,0,36,25,36,64.29,0.0,0,0,0,556,813,1,1.01,0.0,114.0,,29
796987,Mattias Svanberg,mattias-svanberg,2524,VfL Wolfsburg,6.98,167.4,24,1,5,2,3,2.5,4,563,186,749,75.17,261,313,163,26,15,53.57,37,21,8,0,0,11,20.0,42,11,16,83,48.82,21,58.33,104,50.49,1725,2.38,0,0,1,0,6,0,1,0,18,24,0,0,1,23,34.85,25,0,0,11,297,11,51,19,1109,32,42,1,0,26,2,15,0,0,,,,0,0,0,0,0,28,5,0,0,0,0,0,20,0.0,0.0,26,28,55,102,15,0,0,0,66,33,17,45.95,1725.0,0,0,0,310,494,1,2.95,0.0,98.0,,25
851254,Amos Pieper,amos-pieper,2534,SV Werder Bremen,6.97,48.8,7,0,1,0,0,0.45,0,228,78,306,74.51,140,88,32,2,0,0.0,14,9,0,0,0,0,0.0,4,1,2,19,63.33,26,65.0,45,64.29,591,0.0,0,0,0,0,0,0,0,0,4,0,0,0,0,20,44.44,33,1,0,0,88,1,52,21,405,5,5,0,0,6,0,1,0,0,,,,1,0,0,0,0,13,1,0,0,0,0,0,7,0.0,0.0,2,0,2,25,14,0,0,0,45,14,11,78.57,0.0,0,0,0,174,134,0,0.64,0.0,39.0,,7
146853,Jeffrey Gouweleeuw,jeffrey-gouweleeuw,2600,FC Augsburg,6.97,209.1,30,1,3,0,0,1.61,1,1141,316,1457,78.31,714,430,209,15,15,65.22,35,35,7,0,0,3,16.67,23,3,6,57,54.29,54,58.06,111,56.06,2594,4.35,0,0,0,0,0,0,1,0,16,7,0,1,0,136,41.98,104,0,0,7,370,8,244,106,1829,9,25,0,0,9,4,14,0,0,,,,2,0,0,0,0,42,4,0,0,0,0,0,29,0.0,0.0,15,23,18,87,39,0,0,0,324,46,23,65.71,2594.0,0,0,0,767,708,2,1.3,3.0,156.0,,30
280609,Patrik Schick,patrik-schick,2681,Bayer 04 Leverkusen,6.97,132.4,19,7,2,5,0,1.6,7,182,46,228,79.82,44,138,82,9,8,36.36,6,1,1,0,0,0,0.0,40,13,16,27,39.13,24,51.06,51,43.97,1073,17.5,1,1,1,0,0,0,7,0,35,5,2,5,0,2,66.67,7,0,0,17,102,10,6,6,386,13,11,0,0,4,5,11,0,0,,,,2,0,0,0,0,7,0,0,0,0,0,0,12,100.0,0.0,9,22,1,65,23,0,0,0,3,7,4,66.67,153.29,0,0,0,50,179,1,6.04,0.0,24.0,,20
986397,Benjamin Šeško,benjamin-sesko,36360,RB Leipzig,6.97,216.0,31,14,1,8,2,1.26,16,215,108,323,66.56,75,140,89,13,17,51.52,13,3,0,0,0,0,0.0,47,25,17,40,35.4,38,56.72,78,43.33,1535,29.79,0,0,0,0,0,0,13,1,44,3,5,3,6,3,42.86,27,0,0,38,204,9,20,9,593,10,14,0,0,7,12,5,1,0,,,,1,0,0,0,0,20,3,0,0,0,0,0,17,0.0,0.0,12,33,4,102,29,0,0,0,7,23,5,38.46,109.64,0,0,0,111,216,1,7.66,0.0,28.0,,31
857740,Ozan Kabak,ozan-kabak,2569,TSG Hoffenheim,6.96,195.0,28,4,1,2,1,1.69,5,1157,196,1353,85.51,739,420,139,8,9,64.29,48,46,9,0,1,2,66.67,19,7,8,65,54.62,69,59.48,134,57.02,2290,21.05,0,0,0,1,0,0,3,1,16,3,2,1,1,56,40.58,105,1,1,5,223,3,100,45,1701,9,31,0,0,14,0,4,0,0,,,,1,0,0,0,0,48,4,0,0,0,0,0,28,0.0,0.0,8,14,3,101,47,0,0,0,138,52,35,72.92,572.5,1,0,0,804,552,2,2.17,0.0,96.0,,28
340719,Philipp Hofmann,philipp-hofmann,2542,VfL Bochum 1848,6.96,188.0,27,4,5,8,2,1.33,6,266,145,411,64.72,77,189,100,19,9,60.0,10,4,1,0,0,0,0.0,39,15,14,45,52.94,111,53.88,156,53.61,1576,10.26,0,0,0,0,0,0,4,0,37,2,2,2,0,5,50.0,17,0,0,14,214,10,8,5,633,26,20,2,0,3,4,10,0,0,,,,1,0,0,0,0,35,5,0,0,0,0,0,18,0.0,0.0,19,15,3,135,95,0,0,0,10,40,5,50.0,394.0,0,0,0,93,321,0,4.78,0.0,44.0,,29
109296,Pavel Kadeřábek,pavel-kaderabek,2569,TSG Hoffenheim,6.96,201.9,29,3,10,1,4,5.38,7,667,270,937,71.18,279,413,215,39,3,21.43,31,23,7,0,0,25,24.75,19,6,9,46,44.23,62,48.44,108,46.55,2419,15.79,0,0,0,0,0,0,3,0,17,2,1,0,2,29,32.58,62,0,0,11,418,9,78,29,1533,12,17,0,0,22,1,4,2,0,,,,1,0,0,0,0,45,4,0,0,0,0,0,28,0.0,0.0,37,14,101,124,66,0,0,0,89,49,19,61.29,806.33,0,0,0,336,702,1,2.45,0.0,65.0,,29
828571,Bernardo,bernardo,2542,VfL Bochum 1848,6.96,229.6,33,1,0,2,0,1.27,1,961,391,1352,71.08,556,416,178,13,12,57.14,99,55,9,0,0,11,36.67,29,8,14,137,59.57,148,62.71,285,61.16,2924,3.45,0,0,0,2,0,0,1,0,25,4,1,0,0,87,40.47,105,1,0,16,516,6,145,58,2196,28,54,0,0,24,2,7,0,0,,,,4,0,0,0,0,62,6,0,0,0,0,0,33,0.0,0.0,13,21,30,181,88,0,0,0,215,68,58,58.59,2924.0,0,0,0,669,713,1,1.89,14.0,197.0,,33
800951,Julian Ryerson,julian-ryerson,2673,Borussia Dortmund,6.96,146.1,21,4,5,1,1,2.81,5,854,112,966,88.41,501,362,174,14,16,47.06,41,10,3,0,0,9,22.5,18,8,6,81,50.31,9,40.91,90,49.18,1772,22.22,0,0,0,0,0,0,3,1,9,9,0,1,3,24,47.06,30,0,3,26,230,5,33,17,1418,25,18,0,0,20,0,4,0,0,,,,4,0,0,0,0,22,2,0,0,0,0,0,20,0.0,0.0,14,34,40,93,13,0,0,0,51,24,23,56.1,443.0,0,0,0,556,450,1,1.79,0.0,121.0,,21
798583,Dayot Upamecano,dayot-upamecano,2672,FC Bayern München,6.96,173.9,25,1,1,2,0,0.94,1,1665,131,1796,92.71,955,711,206,6,6,60.0,34,19,1,0,1,1,33.33,11,4,6,48,53.33,42,60.87,90,56.6,1768,9.09,0,0,0,1,0,0,1,0,10,1,1,0,0,62,65.96,52,1,2,4,153,5,43,24,2011,8,22,0,0,14,2,1,0,0,,,,5,0,0,0,0,25,3,0,0,0,0,0,19,0.0,0.0,6,10,3,69,27,0,0,0,94,28,21,61.76,1768.0,1,0,0,1016,783,3,1.65,1.0,156.0,,25
66518,Mario Götze,mario-gotze,2674,Eintracht Frankfurt,6.95,208.6,30,3,5,3,2,3.76,5,1026,230,1256,81.69,521,520,288,35,18,48.65,51,14,3,0,1,15,27.78,13,7,2,104,52.79,8,38.1,112,51.38,2075,23.08,0,0,0,1,0,0,2,1,9,4,1,0,2,42,50.0,10,0,0,26,357,17,124,59,1623,35,14,0,0,34,1,4,0,0,,,,1,0,0,0,0,26,4,0,0,0,0,0,23,0.0,0.0,35,37,54,106,13,0,0,0,84,30,34,66.67,691.67,1,0,0,590,720,1,2.88,0.0,152.0,,30
964191,Tuta,tuta,2674,Eintracht Frankfurt,6.95,208.6,30,1,3,2,2,1.96,3,1561,274,1835,85.07,1021,542,203,14,11,44.0,63,36,1,1,2,2,18.18,18,7,7,91,54.17,52,54.17,143,54.17,2605,5.56,0,0,0,0,0,0,1,0,15,3,1,0,0,86,40.38,88,0,0,15,345,4,144,70,2289,17,29,1,0,20,0,4,2,0,,,,5,0,0,0,0,39,3,0,0,0,0,0,30,0.0,0.0,12,25,11,121,44,0,0,0,213,42,33,52.38,2605.0,1,0,0,1117,729,1,1.41,0.0,171.0,,30
803031,Matthijs de Ligt,matthijs-de-ligt,2672,FC Bayern München,6.95,146.0,21,2,0,2,0,0.57,2,1118,71,1189,94.03,641,478,152,3,2,100.0,15,19,5,0,0,1,50.0,14,7,4,25,59.52,41,58.57,66,58.93,1398,14.29,0,0,0,0,0,0,2,0,14,0,2,0,0,40,61.54,52,0,0,2,84,1,27,16,1347,8,12,0,0,5,0,3,0,0,,,,2,0,0,0,0,19,2,0,0,0,0,0,16,0.0,0.0,3,2,2,46,29,0,0,0,65,21,12,80.0,699.0,0,0,0,671,520,1,1.72,3.0,73.0,,22
591706,Ellyes Skhiri,ellyes-skhiri,2674,Eintracht Frankfurt,6.95,187.7,27,2,3,5,1,1.9,3,1078,199,1277,84.42,631,447,184,20,12,70.59,44,39,1,0,0,0,0.0,18,8,5,74,55.22,31,55.36,105,55.26,2169,11.11,0,0,0,0,0,0,1,1,10,8,0,0,2,49,45.79,42,0,2,25,265,9,80,47,1623,18,14,0,0,17,3,5,0,0,,,,5,0,0,0,0,29,3,0,0,0,0,0,24,0.0,0.0,20,17,4,85,25,0,0,0,107,32,24,54.55,1084.5,0,0,0,684,597,0,2.33,0.0,160.0,,27
920379,Nathan Tella,nathan-tella,2681,Bayer 04 Leverkusen,6.95,152.9,22,5,5,2,2,2.89,7,247,50,297,83.16,56,198,117,14,7,18.92,13,3,2,0,0,7,25.93,21,11,4,38,39.18,5,35.71,43,38.74,843,23.81,0,0,2,0,0,0,5,0,17,4,2,0,3,9,60.0,6,0,0,15,135,5,8,4,515,18,11,0,0,5,4,6,0,0,,,,1,0,0,0,0,2,0,0,0,0,0,0,8,0.0,0.0,14,37,27,68,9,0,0,0,15,2,8,61.54,168.6,0,0,0,64,260,1,3.49,0.0,30.0,,24
988639,Eric Martel,martel-eric,2671,1. FC Köln,6.95,208.5,30,1,1,2,1,0.78,2,907,193,1100,82.45,518,392,171,12,7,53.85,70,43,6,0,0,3,15.79,27,9,12,117,51.54,71,55.91,188,53.11,2464,3.7,0,0,1,1,0,0,1,0,15,12,0,0,1,31,43.66,80,0,0,24,268,9,27,15,1585,41,52,0,0,30,2,6,0,0,,,,4,0,0,0,0,42,4,0,0,0,0,0,29,0.0,0.0,12,13,19,166,56,0,0,0,71,46,43,61.43,2464.0,0,0,0,587,532,0,2.16,0.0,152.0,,30
879543,Mateu Morey,mateu-morey,2673,Borussia Dortmund,6.95,13.9,2,0,0,0,0,0.05,0,70,10,80,87.5,48,22,11,1,1,100.0,2,1,0,0,0,0,0.0,1,1,0,8,57.14,2,50.0,10,55.56,110,0.0,0,0,0,0,0,0,0,0,0,1,0,0,0,1,33.33,2,0,0,1,16,1,3,2,108,5,3,0,0,2,1,0,0,0,,,,0,0,0,0,0,4,0,0,0,0,0,0,2,0.0,0.0,1,1,1,8,2,0,0,0,3,4,2,100.0,0.0,0,0,0,57,24,0,0.03,0.0,7.0,,3
979480,Willian Pacho,willian-pacho,2674,Eintracht Frankfurt,6.95,229.3,33,0,1,3,2,1.58,2,1916,341,2257,84.89,1323,595,168,6,12,85.71,62,47,7,0,0,2,28.57,10,2,5,88,62.41,54,52.94,142,58.44,2970,0.0,0,0,0,1,0,0,0,0,7,3,0,0,0,87,33.98,140,1,1,7,388,1,174,70,2727,14,22,0,0,22,1,3,0,0,,,,7,0,0,0,0,44,4,0,0,0,0,0,33,0.0,0.0,6,14,7,101,48,0,0,0,256,48,37,59.68,0.0,0,0,0,1486,778,1,1.2,31.0,216.0,,33
187185,Marvin Schwäbe,marvin-schwabe,2671,1. FC Köln,6.95,236.2,34,0,0,0,0,0.17,0,916,280,1196,76.59,825,91,26,2,0,0.0,1,0,0,0,0,0,0.0,0,0,0,2,100.0,5,62.5,7,70.0,3060,0.0,0,0,0,0,0,0,0,0,0,0,0,0,0,186,41.15,24,1,1,0,291,0,125,67,1460,1,0,0,0,0,0,0,0,109,,,,4,3,0,84,24,52,8,14,5,5,14,1,34,0.0,0.0,2,0,0,3,3,0,0,0,452,60,0,0.0,0.0,0,2,30,901,295,0,0.0,149.0,203.0,,34
187437,Davie Selke,davie-selke,2671,1. FC Köln,6.94,131.9,19,6,0,2,0,0.28,6,144,85,229,62.88,58,86,49,11,6,50.0,4,0,3,0,0,0,0.0,33,11,13,25,38.46,70,55.12,95,49.48,1271,18.18,0,0,0,0,0,0,6,0,31,2,1,0,5,0,0.0,20,0,0,12,129,1,5,4,378,18,24,1,0,2,10,9,0,0,,,,0,0,0,0,0,22,2,0,0,0,0,0,16,0.0,0.0,11,12,4,97,57,0,0,0,1,24,2,50.0,211.83,0,0,0,82,151,0,4.78,0.0,9.0,,19
846471,Anthony Caci,anthony-caci,2556,1. FSV Mainz 05,6.94,215.2,31,2,6,1,3,3.5,5,980,291,1271,77.1,538,461,231,26,23,63.89,56,32,8,0,0,19,26.03,31,6,13,94,56.63,29,48.33,123,54.42,2493,6.45,0,0,0,1,0,0,2,0,20,11,0,1,1,109,51.42,40,0,0,10,453,12,169,81,1863,15,34,1,0,17,0,12,1,0,,,,4,0,0,0,0,41,4,0,0,0,0,0,29,0.0,0.0,25,36,73,103,31,0,0,0,212,45,23,41.07,1246.5,0,0,0,640,704,0,1.55,1.0,173.0,,31
282229,Nico Elvedi,nico-elvedi,2527,Borussia M'gladbach,6.94,208.2,30,2,0,2,1,0.38,3,1473,186,1659,88.79,1074,400,112,3,6,85.71,33,43,5,0,0,1,33.33,18,7,9,55,69.62,74,61.67,129,64.82,2493,11.11,0,0,0,0,0,0,2,0,17,1,1,0,1,40,34.78,143,1,1,4,202,2,46,15,2043,18,13,0,0,6,1,2,0,0,,,,4,0,0,0,0,38,10,0,0,0,0,0,28,0.0,0.0,3,7,3,70,46,0,0,0,115,48,18,54.55,1246.5,0,0,0,1185,477,1,1.56,25.0,137.0,,30
870038,Saša Kalajdžić,sasa-kalajdzic,2674,Eintracht Frankfurt,6.94,34.7,5,0,1,0,1,0.13,1,60,17,77,77.92,29,32,11,3,1,33.33,2,2,0,0,0,1,100.0,2,1,1,13,65.0,9,45.0,22,55.0,329,0.0,0,0,0,0,0,0,0,0,2,0,0,0,0,3,75.0,6,0,0,2,26,1,5,4,123,10,3,0,0,0,1,0,0,0,,,,1,0,0,0,0,2,0,0,0,0,0,0,5,0.0,0.0,3,3,1,18,11,0,0,0,4,2,2,100.0,0.0,0,0,0,34,44,0,0.17,0.0,10.0,,5
869644,Iago Borduchi,iago,2600,FC Augsburg,6.94,159.6,23,1,4,3,1,2.92,2,442,138,580,76.21,225,237,106,17,19,55.88,36,18,4,0,0,20,45.45,18,7,6,78,59.54,20,50.0,98,57.31,1622,5.56,0,0,0,2,0,0,1,0,13,5,0,0,1,41,47.13,39,0,0,10,254,6,50,23,1022,23,14,2,0,16,4,5,0,0,,,,2,0,0,0,0,19,1,0,0,0,0,0,18,0.0,0.0,17,34,44,73,20,0,0,0,87,20,17,47.22,1622.0,0,0,0,281,343,0,1.41,0.0,117.0,,23
8959,Manuel Neuer,manuel-neuer,2672,FC Bayern München,6.94,159.6,23,0,0,0,0,0.05,0,644,121,765,84.18,600,44,15,0,1,100.0,1,0,1,0,0,0,0.0,0,0,0,3,100.0,7,63.64,10,71.43,2054,0.0,0,0,0,1,0,0,0,0,0,0,0,0,0,116,50.22,19,2,1,0,123,0,86,54,972,2,1,0,0,0,0,0,0,60,,,,6,3,1,38,22,27,6,5,10,9,7,2,23,0.0,0.0,0,1,0,4,4,0,0,0,231,33,1,100.0,0.0,0,3,9,665,100,0,,97.0,168.0,,23
791642,Josip Juranović,josip-juranovic,2547,1. FC Union Berlin,6.94,145.7,21,0,3,1,2,3.02,2,374,111,485,77.11,209,203,108,39,10,47.62,20,12,4,0,0,38,36.54,12,3,5,40,55.56,3,42.86,43,54.43,1290,0.0,1,0,0,0,2,0,0,0,5,7,0,0,0,38,45.78,25,1,0,6,242,10,63,34,884,10,4,1,0,11,0,4,0,0,,,,1,0,0,0,0,20,3,0,0,0,0,0,14,0.0,0.0,39,21,104,36,4,0,0,1,83,23,14,70.0,0.0,0,0,0,246,343,1,1.4,0.0,87.0,,21
841947,Lovro Majer,lovro-majer,2524,VfL Wolfsburg,6.94,222.0,32,5,6,6,5,4.9,10,737,207,944,78.07,259,498,305,38,25,56.82,39,12,5,0,0,20,22.47,37,12,12,99,49.5,13,41.94,112,48.48,2116,13.51,2,2,1,0,2,0,5,0,19,18,0,4,1,21,38.18,12,0,0,27,390,15,51,25,1377,37,37,1,0,19,1,13,0,0,,,,0,0,0,0,0,33,5,0,0,0,0,0,25,100.0,0.0,38,44,89,119,18,0,0,0,55,38,18,46.15,423.2,0,0,0,305,728,1,5.42,0.0,143.0,,32
790965,Ritsu Doan,ritsu-doan,2538,SC Freiburg,6.94,208.1,30,7,4,4,2,4.24,9,485,158,643,75.43,144,356,183,31,53,49.07,50,9,2,0,0,15,24.59,37,19,10,138,51.3,21,42.86,159,50.0,2258,18.92,0,0,1,0,0,0,6,1,26,11,3,2,2,15,28.85,24,0,0,36,353,11,44,24,1166,35,26,1,0,15,2,8,0,0,,,,3,0,0,0,0,34,5,0,0,0,0,0,26,0.0,0.0,31,108,61,159,28,0,0,0,52,39,27,54.0,322.57,0,0,0,188,516,1,4.99,0.0,97.0,,30
792142,Felix Uduokhai,felix-uduokhai,2600,FC Augsburg,6.94,228.9,33,2,0,0,0,1.35,2,1345,301,1646,81.71,936,409,132,9,6,85.71,37,46,3,0,1,0,0.0,13,3,8,65,60.19,112,61.2,177,60.82,2922,15.38,0,0,1,0,0,0,2,0,13,0,0,0,1,101,41.22,174,1,1,7,335,4,134,51,2088,23,29,0,1,9,0,2,0,0,,,,3,0,0,0,0,55,4,0,0,0,0,0,33,0.0,0.0,9,7,3,114,71,0,0,0,245,59,21,56.76,1461.0,1,0,0,1022,627,1,1.42,42.0,150.0,,33
939830,Jonathan Burkardt,jonathan-burkardt,2556,1. FSV Mainz 05,6.93,145.6,21,8,4,8,2,1.05,10,257,100,357,71.99,98,167,80,15,23,44.23,12,3,2,0,0,8,24.24,41,17,15,69,43.4,15,16.67,84,33.73,1541,19.51,1,1,0,0,0,0,7,1,33,8,3,2,3,10,43.48,2,0,0,37,250,11,36,18,684,36,19,2,0,7,3,9,0,0,,,,3,0,0,0,0,20,0,0,0,0,0,0,18,100.0,0.0,15,52,33,165,75,0,0,0,23,20,8,66.67,192.63,0,0,0,113,277,1,6.08,0.0,65.0,,21
822340,Phillip Tietz,phillip-tietz,2600,FC Augsburg,6.93,235.7,34,8,3,12,4,3.36,12,331,191,522,63.41,94,238,143,29,13,35.14,23,6,1,0,0,1,16.67,52,19,24,51,35.42,107,45.53,158,41.69,2405,15.38,0,0,0,0,1,0,8,0,39,13,1,3,4,8,47.06,35,0,0,21,319,25,20,10,868,17,42,1,0,9,16,9,0,0,,,,1,0,0,0,0,41,4,0,0,0,0,0,31,0.0,0.0,29,37,6,221,128,0,0,0,17,45,14,60.87,300.63,0,0,0,116,412,1,8.18,0.0,88.0,,34
879674,Maxence Lacroix,maxence-lacroix,2524,VfL Wolfsburg,6.93,194.0,28,4,0,0,1,1.35,5,1225,212,1437,85.25,867,361,111,8,7,46.67,48,24,3,2,3,3,60.0,12,8,3,74,62.18,64,54.7,138,58.47,2364,33.33,0,0,0,0,0,0,3,1,11,1,1,1,2,97,57.06,116,0,0,1,250,1,105,54,1779,19,27,1,0,12,0,1,0,0,,,,4,0,0,0,0,37,3,0,0,0,0,0,27,0.0,0.0,8,15,5,98,53,0,0,0,170,40,29,60.42,591.0,1,0,0,956,486,1,0.82,24.0,126.0,,28
254125,Maximilian Wittek,maximilian-wittek,2542,VfL Bochum 1848,6.93,145.5,21,3,1,0,1,2.69,4,240,131,371,64.69,88,171,88,24,10,52.63,23,18,4,0,0,19,37.25,26,8,11,57,57.58,17,39.53,74,52.11,1079,11.54,0,0,0,0,3,1,2,1,9,17,0,3,0,13,22.81,21,0,0,5,218,7,49,19,687,26,20,1,0,8,2,7,0,0,,,,0,0,0,0,0,33,3,0,0,0,0,0,13,0.0,33.33,24,19,51,68,26,0,0,0,57,36,17,73.91,359.67,0,0,0,119,303,1,1.27,0.0,69.0,,21
96832,Janis Blaswich,janis-blaswich,36360,RB Leipzig,6.93,145.5,21,0,0,0,0,0.06,0,748,119,867,86.27,692,56,11,1,0,0.0,1,0,0,0,0,0,0.0,0,0,0,2,100.0,8,80.0,10,83.33,1890,0.0,0,0,0,0,0,0,0,0,0,0,0,0,0,97,46.63,20,3,0,0,122,0,90,35,1046,2,0,0,0,0,0,0,0,47,,,,5,4,0,26,20,28,2,13,14,13,15,0,21,0.0,0.0,1,0,0,2,2,0,0,0,208,30,1,100.0,0.0,0,2,10,728,139,0,0.0,134.0,164.0,,21
38440,Kevin Trapp,kevin-trapp,2674,Eintracht Frankfurt,6.93,221.7,32,0,0,0,0,0.04,0,733,291,1024,71.58,673,60,10,0,0,0.0,0,1,2,0,0,0,0.0,0,0,0,4,100.0,10,90.91,14,93.33,2880,0.0,0,0,0,0,0,0,0,0,0,0,0,0,0,139,32.86,19,1,0,0,299,0,142,68,1300,6,0,0,0,0,0,0,0,90,,,,7,11,2,58,31,45,3,10,11,11,14,1,32,0.0,0.0,0,0,0,1,1,0,0,0,423,48,0,0.0,0.0,0,0,14,765,259,1,0.0,212.0,247.0,,32
830127,Romano Schmid,romano-schmid,2534,SV Werder Bremen,6.93,228.6,33,4,12,5,6,6.68,10,910,227,1137,80.04,342,593,324,51,41,40.59,35,11,5,0,0,25,40.32,38,10,23,129,41.88,24,32.0,153,39.95,2614,10.53,0,0,0,0,1,0,4,0,19,19,1,0,3,42,58.33,14,1,1,58,475,25,97,52,1715,53,33,1,0,32,4,5,0,0,,,,2,0,0,0,0,41,7,0,0,0,0,0,30,0.0,0.0,51,101,62,230,51,0,0,0,72,48,20,57.14,653.5,0,0,0,407,792,1,5.18,0.0,189.0,,33
904994,Eric Ebimbe,eric-ebimbe,2674,Eintracht Frankfurt,6.93,214.7,31,5,5,5,3,3.73,8,627,196,823,76.18,283,347,180,20,42,48.84,44,9,5,0,0,3,14.29,52,17,24,100,40.98,42,55.26,142,44.38,1978,9.62,0,0,0,0,0,0,5,0,43,9,1,3,1,17,38.64,35,0,1,30,362,20,26,14,1350,15,49,0,0,23,3,11,0,0,,,,1,0,0,0,0,26,2,0,0,0,0,0,25,0.0,0.0,20,86,21,178,34,0,0,0,44,28,29,65.91,395.6,0,0,0,345,499,1,5.02,0.0,112.0,,31
254297,Ihlas Bebou,ihlas-bebou,2569,TSG Hoffenheim,6.93,221.6,32,7,5,4,5,2.98,12,325,111,436,74.54,103,228,127,15,26,44.83,22,14,3,0,0,6,17.14,38,14,14,69,43.67,32,41.56,101,42.98,1644,18.42,0,0,1,0,0,0,7,0,26,12,1,2,4,14,53.85,12,0,0,25,279,11,23,9,826,21,24,1,0,8,7,10,0,0,,,,0,0,0,0,0,34,3,0,0,0,0,0,16,0.0,0.0,15,58,35,134,45,0,0,0,26,37,12,54.55,234.86,0,0,0,122,349,2,4.88,0.0,60.0,,32
846356,Fredrik Jensen,fredrik-jensen,2600,FC Augsburg,6.92,152.2,22,2,5,0,4,4.26,6,261,115,376,69.41,74,215,118,32,5,20.0,23,12,1,0,0,28,30.77,14,5,4,30,34.48,24,53.33,54,40.91,1350,14.29,0,0,0,1,0,0,2,0,11,3,0,0,2,13,37.14,20,0,0,10,244,15,41,16,677,2,14,0,0,14,5,5,0,0,,,,0,0,0,0,0,19,3,0,0,0,0,0,18,0.0,0.0,32,25,91,78,21,0,0,0,35,22,11,47.83,675.0,0,0,0,104,363,2,0.87,0.0,60.0,,22
142259,Matthias Ginter,matthias-ginter,2538,SC Freiburg,6.92,159.1,23,0,2,2,2,1.53,2,1015,188,1203,84.37,628,390,106,5,2,40.0,29,16,3,0,0,3,18.75,7,4,2,43,66.15,53,63.86,96,64.86,1918,0.0,0,0,0,0,0,0,0,0,7,0,0,0,0,49,36.84,92,0,0,2,224,2,121,52,1491,15,8,1,1,13,0,1,0,0,,,,6,0,0,0,0,34,5,0,0,0,0,0,22,0.0,0.0,5,5,16,52,30,0,0,0,133,39,15,51.72,0.0,0,0,0,682,537,1,1.42,1.0,100.0,,23
327863,Robert Skov,robert-skov,2569,TSG Hoffenheim,6.92,172.9,25,3,3,1,4,1.81,7,443,123,566,78.27,178,279,133,24,9,40.91,24,10,2,0,0,14,20.0,32,7,13,53,50.0,13,59.09,66,51.56,1267,9.38,0,0,0,0,6,0,3,0,17,15,0,3,0,31,51.67,22,0,1,6,241,3,45,24,959,20,15,1,0,19,1,12,1,0,,,,0,0,0,0,0,29,3,0,0,0,0,0,14,0.0,0.0,23,22,70,62,9,0,0,0,60,32,16,66.67,422.33,0,0,0,219,417,0,1.78,0.0,71.0,,25
576266,Philipp Lienhart,philipp-lienhart,2538,SC Freiburg,6.91,103.7,15,1,2,2,0,0.64,1,802,156,958,83.72,551,251,66,3,0,0.0,20,14,3,0,0,0,0.0,7,3,4,26,50.98,33,70.21,59,60.2,1265,14.29,0,0,0,1,0,0,1,0,6,1,1,0,0,73,46.79,50,0,0,0,179,0,88,33,1123,6,12,1,0,10,1,0,0,0,,,,5,0,0,0,0,19,4,0,0,0,0,0,14,0.0,0.0,3,3,4,39,14,0,0,0,156,23,13,65.0,1265.0,0,0,0,601,361,2,1.11,17.0,77.0,,15
790989,Ko Itakura,kou-itakura,2527,Borussia M'gladbach,6.91,138.2,20,3,0,3,0,0.64,3,797,108,905,88.07,557,241,67,5,5,71.43,34,22,9,0,0,1,20.0,21,7,10,43,48.86,38,55.88,81,51.92,1598,14.29,0,0,0,0,0,0,2,1,15,6,2,0,1,33,44.0,60,0,0,5,126,1,37,15,1133,4,28,0,0,10,0,4,0,0,,,,2,0,0,0,0,31,5,0,0,0,0,0,18,0.0,0.0,5,7,5,75,30,0,0,0,75,36,21,61.76,532.67,0,0,0,603,307,0,1.33,13.0,78.0,,20
940886,Fabian Nürnberger,fabian-nurnberger,2576,Darmstadt 98,6.91,145.1,21,1,1,0,1,2.57,2,604,121,725,83.31,309,312,162,30,18,54.55,29,17,2,0,0,17,26.56,19,6,6,63,49.22,13,59.09,76,50.67,1519,5.26,0,0,1,0,4,0,1,0,8,11,1,0,0,30,51.72,22,0,0,14,226,7,71,39,1104,16,18,1,0,19,0,7,0,0,,,,1,0,0,0,0,35,6,0,0,0,0,0,17,0.0,0.0,30,33,64,74,9,0,0,0,58,41,22,75.86,1519.0,0,0,0,344,445,0,0.91,0.0,78.0,,21
1067120,Eren Dinkçi,eren-dinkci,5885,1. FC Heidenheim,6.91,228.0,33,10,7,2,4,3.67,14,470,249,719,65.37,181,309,177,36,41,47.13,32,12,8,0,0,20,25.32,49,21,16,94,38.68,12,33.33,106,37.99,2672,20.41,0,0,0,0,0,0,7,3,28,21,0,3,7,22,44.0,16,0,0,46,511,15,55,20,1294,22,28,0,0,29,2,12,0,0,,,,0,0,0,0,0,41,4,0,0,0,0,0,33,0.0,0.0,36,87,79,173,24,0,0,0,50,45,18,56.25,267.2,0,0,0,233,565,2,4.31,0.0,155.0,,33
830142,Jens Stage,jens-stage,2534,SV Werder Bremen,6.91,207.2,30,3,4,6,1,1.82,4,764,254,1018,75.05,426,342,151,25,7,53.85,52,23,5,1,1,4,40.0,40,11,17,96,49.74,65,63.73,161,54.58,2334,7.5,0,0,1,0,0,0,3,0,29,11,2,0,1,35,37.23,51,0,0,14,304,12,73,39,1376,39,49,2,0,32,2,12,0,0,,,,4,0,0,0,0,34,5,0,0,0,0,0,26,0.0,0.0,25,13,10,134,37,0,0,0,94,39,22,42.31,778.0,0,0,0,515,513,0,4.4,0.0,165.0,,30
1005343,Justin Njinmah,justin-njinmah,2534,SV Werder Bremen,6.9,165.7,24,6,4,4,2,2.21,8,141,61,202,69.8,46,99,62,13,26,44.83,5,2,1,0,0,4,40.0,33,14,14,51,50.0,8,34.78,59,47.2,1032,18.18,0,0,0,0,0,0,4,2,24,9,0,1,5,4,50.0,5,0,0,7,153,8,9,6,425,20,6,1,0,6,9,5,0,0,,,,0,0,0,0,0,13,3,0,0,0,0,0,10,0.0,0.0,13,58,10,66,15,0,0,0,8,16,1,20.0,172.0,0,0,0,64,148,0,4.94,0.0,34.0,,24
581302,Robin Koch,robin-koch,2674,Eintracht Frankfurt,6.9,214.0,31,2,0,6,0,0.59,2,1899,255,2154,88.16,1347,553,118,4,2,50.0,38,32,10,0,0,1,25.0,24,5,13,50,59.52,83,62.41,133,61.29,2740,8.33,0,0,0,2,0,0,2,0,23,1,0,1,1,85,39.72,135,1,1,2,272,1,121,50,2503,13,20,0,0,10,0,6,0,0,,,,7,0,0,0,0,39,4,0,0,0,0,0,31,0.0,0.0,4,4,4,84,50,0,0,0,214,43,23,60.53,1370.0,0,0,0,1462,696,2,3.06,13.0,138.0,,31
837205,Florian Neuhaus,florian-neuhaus,2527,Borussia M'gladbach,6.9,158.7,23,4,4,4,2,2.6,6,461,91,552,83.51,176,292,137,19,11,57.89,15,14,4,0,0,7,70.0,39,16,12,44,47.31,7,50.0,51,47.66,1231,10.26,1,1,0,0,1,0,4,0,19,20,1,1,2,34,58.62,8,0,0,16,135,3,60,38,741,18,9,2,0,18,0,11,0,0,,,,0,0,0,0,0,19,5,0,0,0,0,0,15,100.0,0.0,19,19,10,56,7,0,0,0,58,24,12,80.0,307.75,0,0,0,200,362,1,4.32,0.0,70.0,,25
842364,Joakim Mæhle,joakim-maehle,2524,VfL Wolfsburg,6.9,207.0,30,2,4,2,3,5.16,5,1018,217,1235,82.43,499,531,295,23,22,43.14,62,29,5,0,0,12,20.0,20,6,8,99,54.4,22,47.83,121,53.07,2454,10.0,0,0,0,1,0,0,1,1,12,8,0,0,2,38,40.0,56,0,0,15,376,15,73,33,1932,15,19,0,0,23,2,6,1,0,,,,5,0,0,0,0,38,6,0,0,0,0,0,27,0.0,0.0,22,51,60,107,24,0,0,0,95,44,39,62.9,1227.0,0,0,0,571,724,0,1.36,0.0,134.0,,30
976421,Castello Lukeba,castello-lukeba,36360,RB Leipzig,6.9,213.9,31,1,0,0,0,0.76,1,1719,155,1874,91.73,1169,552,134,4,17,73.91,19,12,3,0,0,2,40.0,7,3,3,59,71.08,32,53.33,91,63.64,2212,14.29,0,0,0,0,0,0,1,0,7,0,0,1,0,51,43.22,92,0,2,9,195,0,85,34,2166,23,8,0,0,2,1,1,0,0,,,,7,0,0,0,0,25,3,0,0,0,0,0,24,0.0,0.0,4,23,5,52,28,0,0,0,118,28,12,63.16,2212.0,0,0,0,1232,647,1,0.75,6.0,158.0,,32
803185,Lukas Nmecha,lukas-nmecha,2524,VfL Wolfsburg,6.9,20.7,3,1,0,0,0,0.01,1,6,6,12,50.0,1,5,3,1,0,0.0,1,0,0,0,0,0,0.0,1,1,0,2,50.0,3,42.86,5,45.45,39,100.0,0,0,0,0,0,0,1,0,1,0,0,0,1,1,100.0,0,0,0,2,12,0,0,0,25,1,1,0,0,0,0,0,0,0,,,,0,0,0,0,0,1,0,0,0,0,0,0,0,0.0,0.0,1,0,0,6,4,0,0,0,1,1,1,100.0,39.0,0,0,0,2,10,0,0.14,0.0,0.0,,3
888954,Antonios Papadopoulos,antonios-papadopoulos,2673,Borussia Dortmund,6.9,13.8,2,0,0,0,0,0.0,0,59,15,74,79.73,53,6,1,0,0,0.0,6,2,0,0,0,0,0.0,0,0,0,7,77.78,5,55.56,12,66.67,116,0.0,0,0,0,0,0,0,0,0,0,0,0,0,0,2,25.0,6,0,0,0,16,0,9,2,94,1,1,0,0,1,0,0,0,0,,,,0,0,0,0,0,2,0,0,0,0,0,0,1,0.0,0.0,0,0,0,6,4,0,0,0,8,2,3,50.0,0.0,0,0,0,59,15,0,,0.0,7.0,,2
121551,Danilo Soares,danilo-soares,2542,VfL Bochum 1848,6.9,34.5,5,0,0,0,0,0.1,0,89,41,130,68.46,43,46,25,3,6,100.0,10,7,0,0,0,0,0.0,3,0,3,21,70.0,4,36.36,25,60.98,351,0.0,0,0,0,0,0,0,0,0,0,3,0,0,0,3,17.65,10,0,0,2,64,2,18,9,244,5,5,0,0,3,0,0,0,0,,,,1,0,0,0,0,4,2,0,0,0,0,0,3,0.0,0.0,3,6,3,16,7,0,0,0,17,6,6,60.0,0.0,0,0,0,60,73,0,0.09,0.0,35.0,,5
319861,Luca Waldschmidt,luca-waldschmidt,2671,1. FC Köln,6.9,151.7,22,3,3,3,0,1.82,3,308,89,397,77.58,129,188,93,17,18,47.37,19,6,0,0,0,9,23.08,43,16,15,51,44.35,8,47.06,59,44.7,1151,6.98,1,0,1,0,2,0,1,2,15,28,1,2,0,16,66.67,6,1,0,14,186,11,20,9,651,15,20,2,0,11,5,12,0,0,,,,0,0,0,0,0,18,1,0,0,0,0,0,14,0.0,0.0,17,38,39,73,9,1,0,0,24,19,12,63.16,383.67,0,0,0,155,281,0,2.9,0.0,64.0,,22
1016810,Kevin Paredes,kevin-paredes,2524,VfL Wolfsburg,6.89,186.1,27,3,2,4,0,1.89,3,407,111,518,78.57,163,253,153,17,14,42.42,42,23,4,0,0,9,27.27,19,8,10,107,64.46,12,46.15,119,61.98,1436,15.79,0,0,1,0,0,0,3,0,10,9,0,1,2,17,36.17,24,0,0,17,211,7,26,17,898,53,11,0,0,14,5,1,0,0,,,,1,0,0,0,0,24,3,0,0,0,0,0,15,0.0,0.0,17,33,33,73,14,0,0,0,47,27,21,50.0,478.67,0,0,0,196,355,0,2.96,0.0,62.0,,28
165413,Karim Onisiwo,karim-onisiwo,2556,1. FSV Mainz 05,6.89,165.4,24,1,3,1,3,1.35,4,194,114,308,62.99,53,149,93,16,19,52.78,17,2,1,0,0,8,38.1,33,7,17,80,50.96,33,33.0,113,43.97,1502,3.03,0,0,0,0,0,0,1,0,27,6,0,1,0,8,61.54,7,0,0,28,233,11,20,8,619,44,32,0,0,5,15,9,0,0,,,,1,0,0,0,0,17,4,0,0,0,0,0,17,0.0,0.0,16,36,21,144,67,0,0,0,13,21,8,47.06,1502.0,0,0,0,66,263,0,2.35,0.0,40.0,,24
137673,Ivan Ordets,ivan-ordets,2542,VfL Bochum 1848,6.89,165.3,24,1,1,1,0,1.65,1,471,176,647,72.8,345,126,48,4,0,0.0,19,31,4,0,0,0,0.0,16,6,7,36,52.94,136,71.2,172,66.41,1884,6.25,0,0,1,4,0,0,1,0,16,0,1,0,0,25,32.47,126,0,0,0,184,4,34,15,961,20,29,0,1,7,3,3,0,0,,,,1,0,0,0,0,53,4,0,0,0,0,0,21,0.0,0.0,4,0,1,87,55,0,0,0,77,57,14,73.68,1884.0,0,0,0,401,247,3,1.31,0.0,89.0,,24
842212,Luca Pfeiffer,luca-pfeiffer,2576,Darmstadt 98,6.89,158.4,23,1,2,7,3,1.03,4,287,115,402,71.39,115,173,101,19,7,43.75,11,2,3,0,0,1,20.0,48,19,18,42,42.42,57,49.57,99,46.26,1625,2.08,0,0,0,0,0,0,1,0,33,15,0,0,1,8,38.1,21,0,0,19,175,14,21,10,613,27,28,3,0,6,1,11,0,0,,,,0,0,0,0,0,33,4,0,0,0,0,0,20,0.0,0.0,19,16,5,115,58,0,0,0,21,37,6,54.55,1625.0,0,0,0,132,275,0,4.62,0.0,67.0,,24
569784,Maximilian Eggestein,maximilian-eggestein,2538,SC Freiburg,6.88,227.2,33,1,4,0,1,2.42,2,1075,235,1310,82.06,507,569,256,25,20,58.82,49,28,6,0,0,1,11.11,39,8,12,93,52.25,51,53.68,144,52.75,2918,2.56,0,0,0,1,0,0,1,0,20,19,0,0,1,31,51.67,36,0,1,19,317,6,64,38,1710,24,32,0,0,21,2,19,0,0,,,,10,0,0,0,0,44,9,0,0,0,0,0,33,0.0,0.0,25,34,9,129,44,0,0,0,60,53,24,48.98,2918.0,0,0,0,579,740,0,2.37,0.0,167.0,,33
855663,Diogo Leite,diogo-leite,2547,1. FC Union Berlin,6.88,220.1,32,0,1,1,0,0.66,0,1248,303,1551,80.46,809,440,171,6,6,54.55,52,47,6,0,0,1,25.0,13,4,5,89,54.6,71,60.68,160,57.14,2708,0.0,0,0,0,2,0,0,0,0,12,1,0,0,0,91,37.3,143,1,0,7,355,4,157,71,2047,31,40,1,0,26,1,4,0,0,,,,7,0,0,0,0,42,7,0,0,0,0,0,31,0.0,0.0,6,11,4,120,46,0,0,0,244,49,36,69.23,0.0,0,0,0,909,646,1,0.83,30.0,145.0,,32
355088,Roland Sallai,roland-sallai,2538,SC Freiburg,6.88,185.7,27,3,7,8,0,3.59,3,397,112,509,78.0,178,236,123,29,21,42.86,17,6,6,0,0,17,23.29,56,19,17,79,47.59,30,37.04,109,44.13,1857,5.36,1,0,1,0,0,0,3,0,40,16,1,1,1,12,38.71,21,0,0,15,261,8,30,12,900,42,41,3,0,12,11,20,0,0,,,,2,0,0,0,0,28,6,0,0,0,0,0,22,0.0,0.0,29,49,73,138,51,1,0,0,31,34,10,58.82,619.0,0,0,0,212,370,1,8.0,0.0,71.0,,27
103442,Anthony Jung,anthony-jung,2534,SV Werder Bremen,6.88,213.2,31,1,0,0,0,0.94,1,1524,212,1736,87.79,1095,433,115,6,5,100.0,37,24,4,1,1,4,17.39,5,1,3,57,65.52,44,61.97,101,63.92,2583,20.0,0,0,0,1,0,0,1,0,4,1,1,0,0,87,52.1,96,0,0,2,255,3,105,47,2069,15,15,0,0,15,1,1,0,0,,,,7,0,0,0,0,31,5,0,0,0,0,0,30,0.0,0.0,6,5,23,57,27,0,0,0,167,36,23,62.16,2583.0,0,0,0,1178,581,0,0.62,79.0,142.0,,31
963801,Adam Hložek,adam-hlozek,2681,Bayer 04 Leverkusen,6.87,103.1,15,2,2,1,3,1.17,5,122,29,151,80.79,45,77,45,9,4,30.77,10,2,1,0,0,0,0.0,18,6,5,21,38.18,8,44.44,29,39.73,476,11.11,0,0,0,0,0,0,2,0,15,3,0,1,1,5,71.43,1,0,0,13,61,1,3,2,248,7,8,0,0,4,1,7,0,0,,,,0,0,0,0,0,3,0,0,0,0,0,0,5,0.0,0.0,9,13,0,44,10,0,0,0,7,3,4,40.0,238.0,0,0,0,49,102,0,3.06,0.0,20.0,,23
48660,Kevin Vogt,kevin-vogt,2547,1. FC Union Berlin,6.87,219.9,32,0,0,1,0,0.61,0,1453,201,1654,87.85,967,486,148,3,6,85.71,24,16,7,0,0,0,0.0,3,1,0,46,52.87,23,57.5,69,54.33,2643,0.0,0,0,0,0,0,0,0,0,2,1,0,0,0,191,65.64,116,1,1,2,226,0,173,103,1956,17,28,0,0,11,1,2,0,0,,,,5,0,0,0,0,47,2,0,0,0,0,0,30,0.0,0.0,3,7,3,58,17,0,0,0,291,49,19,79.17,0.0,0,0,0,1024,633,0,0.7,10.0,173.0,,32
142672,Philipp Max,philipp-max,2674,Eintracht Frankfurt,6.87,144.2,21,1,5,0,2,2.44,3,599,108,707,84.72,326,292,119,20,6,54.55,26,7,2,0,0,19,32.2,8,2,5,40,64.52,13,44.83,53,58.24,1357,12.5,0,0,0,1,0,0,1,0,4,4,0,1,0,23,39.66,15,1,1,3,175,3,49,21,1033,9,7,0,0,7,2,1,0,0,,,,2,0,0,0,0,21,1,0,0,0,0,0,17,0.0,0.0,20,11,59,38,16,0,0,0,58,22,17,65.38,1357.0,0,0,0,370,396,0,0.23,0.0,65.0,,23
872919,Rubén Vargas,ruben-vargas,2600,FC Augsburg,6.86,212.8,31,4,4,4,4,3.18,8,444,138,582,76.29,147,310,177,26,22,42.31,23,7,3,0,0,13,20.63,49,17,17,73,43.45,21,38.89,94,42.34,1978,8.16,0,0,1,1,3,0,4,0,31,18,0,2,2,15,45.45,16,0,0,18,327,23,40,18,1015,28,33,1,0,15,18,15,0,0,,,,1,0,0,0,0,39,2,0,0,0,0,0,25,0.0,0.0,26,52,63,128,33,0,0,0,33,41,10,43.48,494.5,0,0,0,174,471,1,3.91,0.0,84.0,,31
253993,Grischa Prömel,grischa-promel,2569,TSG Hoffenheim,6.86,192.2,28,4,5,4,5,2.25,9,797,170,967,82.42,384,415,197,21,12,44.44,32,22,8,0,1,2,20.0,26,8,12,73,45.06,16,40.0,89,44.06,2146,15.38,0,0,0,0,0,0,2,2,21,5,0,0,4,29,39.73,35,0,0,25,253,12,51,25,1273,29,33,0,0,18,1,6,0,0,,,,2,0,0,0,0,40,4,0,0,0,0,0,27,0.0,0.0,21,27,10,113,24,0,0,0,73,44,18,56.25,536.5,1,0,0,422,555,1,3.77,0.0,127.0,,28
49639,Nicolas Höfler,nicolas-hofler,2538,SC Freiburg,6.86,192.2,28,1,0,0,1,0.68,2,983,164,1147,85.7,511,473,167,9,14,82.35,63,31,10,1,1,1,50.0,16,1,9,103,56.91,54,52.43,157,55.28,2338,6.25,0,0,0,0,0,0,1,0,9,7,1,0,0,32,50.79,41,0,0,20,210,6,48,28,1474,31,29,1,0,27,0,6,0,0,,,,5,0,0,0,0,39,7,0,0,0,0,0,26,0.0,0.0,9,17,2,127,49,0,0,0,63,46,40,63.49,2338.0,0,0,0,575,574,0,0.71,0.0,152.0,,28
142525,Lukas Kübler,lukas-kubler,2538,SC Freiburg,6.86,178.4,26,1,0,1,0,0.56,1,664,171,835,79.52,386,280,125,4,3,50.0,50,37,7,0,0,2,9.52,8,3,4,77,64.17,35,57.38,112,61.88,1848,12.5,0,0,0,0,0,0,1,0,5,3,1,0,0,45,42.06,54,0,1,6,243,4,80,30,1304,24,19,1,0,16,3,1,0,0,,,,4,0,0,0,0,30,6,0,0,0,0,0,22,0.0,0.0,4,6,21,69,26,0,0,0,107,36,24,48.0,1848.0,0,0,0,435,421,0,0.59,0.0,113.0,,26
844203,Christopher Antwi-Adjei,christopher-antwi-adjei,2542,VfL Bochum 1848,6.86,171.5,25,2,7,1,2,3.0,4,216,74,290,74.48,59,167,101,24,7,22.58,21,2,5,0,0,10,18.18,29,9,11,45,39.47,11,33.33,56,38.1,1222,6.9,0,0,0,0,0,0,2,0,20,9,0,1,1,5,35.71,9,0,1,24,264,10,11,6,665,17,13,0,0,10,18,9,0,0,,,,0,0,0,0,0,27,1,0,0,0,0,0,11,0.0,0.0,24,31,55,91,22,0,0,0,14,28,12,57.14,611.0,0,0,0,76,269,0,2.2,0.0,53.0,,25
907463,Felix Nmecha,felix-nmecha,2673,Borussia Dortmund,6.86,137.2,20,1,0,2,2,1.23,3,382,72,454,84.14,166,216,101,14,9,60.0,19,11,3,0,0,0,0.0,23,3,10,54,58.7,21,72.41,75,61.98,1016,4.35,0,0,0,0,0,0,1,0,14,9,0,0,1,18,69.23,19,0,0,13,114,4,26,18,649,27,9,2,0,11,1,10,0,0,,,,2,0,0,0,0,17,0,0,0,0,0,0,10,0.0,0.0,14,15,3,46,8,0,0,0,26,17,13,68.42,1016.0,0,0,0,194,263,0,1.7,0.0,47.0,,20
138126,Phillipp Mwene,phillipp-mwene,2556,1. FSV Mainz 05,6.86,157.7,23,1,4,1,2,2.61,3,491,168,659,74.51,215,301,156,22,15,53.57,34,17,4,1,1,25,29.07,24,9,5,62,45.26,18,48.65,80,45.98,2004,4.17,0,0,1,0,0,0,0,1,12,12,0,0,1,33,37.5,40,0,0,14,336,7,77,37,1199,13,34,0,0,17,3,10,0,0,,,,4,0,0,0,0,24,3,0,0,0,0,0,23,0.0,0.0,22,28,86,94,19,0,0,0,88,27,15,44.12,2004.0,0,0,0,275,470,0,1.48,0.0,88.0,,23
796206,Kristijan Jakić,kristijan-jakic,2600,FC Augsburg,6.86,123.4,18,2,0,0,1,0.92,3,488,115,603,80.93,242,246,100,8,6,50.0,31,22,5,0,0,0,0.0,14,5,5,56,47.46,19,54.29,75,49.02,1253,14.29,0,0,0,0,0,0,1,1,5,9,0,0,2,31,54.39,16,0,0,16,156,4,36,16,797,20,23,0,0,20,0,4,0,0,,,,1,0,0,0,0,15,1,0,0,0,0,0,14,0.0,0.0,8,12,7,78,16,0,0,0,57,16,17,54.84,626.5,0,0,0,277,333,1,0.82,0.0,91.0,,18
352544,Sheraldo Becker,sheraldo-becker,2547,1. FC Union Berlin,6.85,75.4,11,0,4,2,1,1.57,1,159,50,209,76.08,59,111,68,12,6,42.86,3,0,0,0,0,11,19.3,16,4,7,14,43.75,0,0.0,14,35.0,649,0.0,0,0,1,0,1,0,0,0,8,8,0,0,0,8,53.33,2,0,0,4,125,10,15,5,362,5,6,0,0,2,4,5,0,0,,,,0,0,0,0,0,14,3,0,0,0,0,0,7,0.0,0.0,12,14,57,26,8,0,0,0,15,17,3,100.0,0.0,0,0,0,66,200,0,0.84,0.0,48.0,,11
1140599,Jamie Gittens,jamie-bynoe-gittens,2673,Borussia Dortmund,6.85,171.3,25,1,4,2,4,2.96,5,277,68,345,80.29,90,190,109,18,43,50.59,14,4,1,0,0,3,23.08,43,11,13,82,45.05,4,28.57,86,43.88,1065,2.33,0,0,2,0,0,0,0,1,23,20,0,0,1,5,35.71,6,0,0,31,193,8,13,6,668,25,12,2,0,15,0,19,0,0,,,,0,0,0,0,0,11,1,0,0,0,0,0,14,0.0,0.0,18,85,13,110,10,0,0,0,14,12,7,50.0,1065.0,0,0,0,104,254,0,2.19,0.0,37.0,,25
914755,Patrick Osterhage,patrick-osterhage,2542,VfL Bochum 1848,6.85,164.4,24,2,0,1,1,0.71,3,647,158,805,80.37,312,339,159,13,17,47.22,38,27,5,0,0,4,20.0,22,3,13,78,50.98,27,47.37,105,50.0,1863,9.09,0,0,0,0,0,0,1,1,11,11,0,2,0,27,45.76,29,1,0,17,247,10,55,20,1151,24,21,1,0,19,3,6,0,0,,,,3,0,0,0,0,34,2,0,0,0,0,0,21,0.0,0.0,13,36,20,105,30,0,0,0,59,36,26,68.42,931.5,0,0,0,353,472,0,1.39,0.0,142.0,,24
157377,Silvan Widmer,silvan-widmer,2556,1. FSV Mainz 05,6.85,137.0,20,1,8,4,3,2.52,4,379,114,493,76.88,168,220,118,16,2,12.5,23,16,4,0,0,9,25.71,14,3,6,28,40.0,19,36.54,47,38.52,1247,7.14,0,0,0,0,0,0,1,0,10,4,0,0,1,26,50.0,30,0,0,8,223,8,43,27,855,3,10,1,0,11,3,5,0,0,,,,1,0,0,0,0,17,2,0,0,0,0,0,13,0.0,0.0,16,16,35,75,33,0,0,0,52,19,10,43.48,1247.0,0,0,0,211,317,0,1.36,0.0,61.0,,20
869883,Dejan Ljubičić,dejan-ljubicic,2671,1. FC Köln,6.85,178.1,26,0,8,1,2,2.03,2,659,146,805,81.86,291,374,197,28,15,48.39,43,18,6,0,0,6,19.35,38,10,17,71,44.94,8,40.0,79,44.38,2055,0.0,0,0,0,0,0,0,0,0,16,22,0,0,0,30,60.0,11,0,0,18,244,5,45,26,1100,13,32,0,0,23,1,11,0,0,,,,1,0,0,0,0,33,7,0,0,0,0,0,24,0.0,0.0,28,31,31,99,12,0,0,0,50,40,27,62.79,0.0,0,0,0,336,500,1,1.87,0.0,112.0,,26
1083404,Samuel Bamba,bamba-samuel,2673,Borussia Dortmund,6.85,13.7,2,0,0,1,0,0.06,0,12,3,15,80.0,1,12,9,1,1,100.0,1,0,0,0,0,1,25.0,2,0,2,3,60.0,0,0.0,3,60.0,45,0.0,0,0,0,0,0,0,0,0,2,0,0,0,0,0,0.0,1,0,0,0,11,0,0,0,32,1,1,0,0,1,0,0,0,0,,,,0,0,0,0,0,0,0,0,0,0,0,0,0,0.0,0.0,1,1,4,2,0,0,0,0,1,0,1,100.0,0.0,0,0,0,2,17,0,0.27,0.0,1.0,,2
319853,Lukas Klostermann,lukas-klostermann,36360,RB Leipzig,6.85,150.6,22,1,0,0,0,0.9,1,1020,112,1132,90.11,642,379,105,5,0,0.0,15,13,3,0,0,1,12.5,6,2,3,20,48.78,16,33.33,36,40.45,1451,16.67,0,0,0,0,0,0,1,0,3,3,0,0,1,48,52.17,60,0,1,0,126,1,56,31,1315,5,11,0,0,9,1,1,0,0,,,,3,0,0,0,0,20,2,0,0,0,0,0,16,0.0,0.0,5,1,8,53,32,0,0,0,92,22,10,66.67,1451.0,0,0,0,685,455,2,0.75,0.0,81.0,,25
227224,Miloš Veljković,milos-veljkovic,2534,SV Werder Bremen,6.84,157.4,23,2,1,0,1,0.94,3,1056,207,1263,83.61,727,336,103,6,3,75.0,31,17,2,0,0,7,35.0,6,3,2,38,58.46,39,46.99,77,52.03,1921,33.33,0,0,0,0,0,0,2,0,5,1,0,1,1,115,51.57,56,0,0,2,242,1,145,69,1487,5,9,0,0,15,0,1,0,0,,,,3,0,0,0,0,34,6,0,0,0,0,0,21,0.0,0.0,6,4,20,71,44,0,0,0,223,40,15,48.39,960.5,0,0,0,803,480,2,1.72,5.0,95.0,,23
856553,Ridle Baku,ridle-baku,2524,VfL Wolfsburg,6.84,225.8,33,1,10,2,0,3.48,1,667,201,868,76.84,295,384,212,30,17,48.57,37,21,4,0,0,12,22.22,27,9,10,89,51.15,21,42.86,110,49.33,2022,3.7,0,0,0,0,1,0,1,0,21,6,0,0,1,35,41.67,36,1,0,20,347,16,51,21,1401,35,24,1,0,25,3,8,0,0,,,,1,0,0,0,0,30,4,0,0,0,0,0,22,0.0,0.0,30,35,54,113,28,0,0,0,84,34,20,54.05,2022.0,0,0,0,350,572,0,1.8,0.0,124.0,,33
933707,Jan Schöppner,jan-schoppner,5885,1. FC Heidenheim,6.84,177.9,26,2,3,0,2,1.41,4,443,217,660,67.12,233,211,108,13,11,50.0,48,26,3,0,0,1,14.29,17,4,9,70,54.69,40,49.38,110,52.63,2000,11.76,0,0,0,0,0,0,2,0,13,4,2,0,0,32,42.11,55,0,0,14,282,7,36,18,991,12,14,1,0,21,1,4,0,0,,,,4,0,0,0,0,30,2,0,0,0,0,0,23,0.0,0.0,13,22,7,99,41,0,0,0,76,32,26,54.17,1000.0,0,0,0,297,370,0,1.13,0.0,108.0,,26
989056,Giovanni Reyna,giovanni-reyna,2673,Borussia Dortmund,6.84,68.4,10,0,1,1,0,1.1,0,162,25,187,86.63,53,111,68,7,5,62.5,9,2,1,0,0,2,50.0,8,2,2,19,55.88,4,44.44,23,53.49,271,0.0,0,0,0,0,0,0,0,0,5,3,0,0,0,2,50.0,5,0,0,7,46,6,4,3,259,5,2,0,0,3,1,4,0,0,,,,0,0,0,0,0,4,0,0,0,0,0,0,1,0.0,0.0,7,8,4,20,5,0,0,0,4,4,6,66.67,0.0,0,0,0,60,131,0,0.84,0.0,19.0,,11
906278,Josha Vagnoman,josha-vagnoman,2677,VfB Stuttgart,6.84,123.1,18,2,2,3,2,1.4,4,436,73,509,85.66,221,218,116,7,10,71.43,28,2,2,0,0,3,13.64,17,7,8,46,55.42,8,33.33,54,50.47,1181,11.76,0,0,0,0,0,0,2,0,12,5,0,2,0,9,45.0,13,0,1,10,137,5,12,5,772,8,11,0,0,15,2,2,0,0,,,,2,0,0,0,0,18,1,0,0,0,0,0,12,0.0,0.0,7,14,22,53,16,0,0,0,20,19,18,64.29,590.5,0,0,0,248,283,0,1.32,0.0,58.0,,18
37630,Tobias Kempe,tobias-kempe,2576,Darmstadt 98,6.84,164.1,24,3,3,1,2,2.55,5,382,89,471,81.1,166,245,111,28,8,44.44,20,9,1,0,0,29,35.8,21,4,6,39,43.33,13,39.39,52,42.28,1364,14.29,3,3,1,0,3,0,3,0,9,12,0,0,3,18,51.43,11,0,0,11,193,8,37,22,732,11,14,0,0,16,0,11,0,0,,,,0,0,0,0,0,28,6,0,0,0,0,0,15,100.0,0.0,28,18,81,71,20,0,0,0,35,34,13,65.0,454.67,0,0,0,194,358,0,3.62,0.0,65.0,,24
229544,Niklas Stark,niklas-stark,2534,SV Werder Bremen,6.84,109.4,16,2,0,0,0,0.19,2,473,119,592,79.9,332,141,38,0,1,100.0,26,19,4,0,0,0,0.0,4,2,1,41,60.29,31,57.41,72,59.02,1090,50.0,0,0,0,1,0,0,1,1,3,1,1,0,1,47,42.34,59,0,1,1,125,0,54,25,751,16,20,0,0,6,1,1,0,0,,,,4,0,0,0,0,14,2,0,0,0,0,0,12,0.0,0.0,0,1,0,50,23,0,0,0,111,16,15,57.69,545.0,0,0,0,383,209,2,0.24,0.0,54.0,,17
974087,Manu Koné,manu-kone,2527,Borussia M'gladbach,6.84,150.4,22,1,1,0,0,0.75,1,583,100,683,85.36,281,302,153,24,37,58.73,45,15,4,1,1,0,0.0,24,8,9,117,53.67,21,46.67,138,52.47,1571,4.17,0,0,1,1,0,0,0,1,13,11,0,0,1,22,64.71,15,1,0,41,217,8,24,15,1038,35,28,2,0,8,3,7,0,0,,,,1,0,0,0,0,28,2,0,0,0,0,0,18,0.0,0.0,24,63,3,125,24,0,0,0,34,30,26,57.78,1571.0,0,0,0,317,369,1,1.15,0.0,111.0,,22
941179,Niels Nkounkou,niels-nkounkou,2674,Eintracht Frankfurt,6.84,191.4,28,3,4,0,2,2.05,5,495,176,671,73.77,260,243,115,17,46,57.5,54,16,3,0,1,8,15.09,22,7,10,102,49.04,17,38.64,119,47.22,1314,13.64,0,0,0,1,0,0,3,0,9,13,0,3,0,30,35.71,24,0,0,10,316,4,61,22,1189,2,27,0,0,35,0,5,1,0,,,,1,0,0,0,0,17,1,0,0,0,0,0,13,0.0,0.0,16,80,53,133,27,0,0,0,84,18,30,55.56,438.0,1,0,0,312,412,0,1.28,0.0,102.0,,29
949062,Silas,silas-katompa-mvumpa,2677,VfB Stuttgart,6.83,177.7,26,5,6,7,2,1.72,7,206,43,249,82.73,65,144,76,15,38,55.07,5,0,0,0,0,3,10.71,24,9,9,59,45.04,5,31.25,64,43.54,909,20.83,1,0,1,0,0,0,4,1,21,3,0,0,5,4,57.14,3,0,0,20,172,7,6,2,493,16,13,2,0,9,5,6,0,0,,,,0,0,0,0,0,10,0,0,0,0,0,0,8,0.0,0.0,15,69,28,83,11,1,0,0,7,10,3,60.0,181.8,0,0,0,71,206,2,5.67,0.0,37.0,,27
1146250,Max Finkgräfe,finkgrafe-max,2671,1. FC Köln,6.83,164.0,24,1,2,2,0,1.64,1,453,172,625,72.48,223,242,126,23,36,63.16,65,22,4,0,0,12,19.67,12,4,4,121,55.0,24,47.06,145,53.51,1763,8.33,0,0,0,0,2,1,0,1,5,7,0,1,0,26,36.62,32,0,0,24,347,6,55,23,1223,21,19,0,0,35,0,4,0,0,,,,1,0,0,0,0,31,2,0,0,0,0,0,18,0.0,50.0,23,57,61,126,27,0,0,0,71,33,39,60.0,1763.0,0,0,0,288,398,0,1.05,0.0,104.0,,24
45686,Josuha Guilavogui,josuha-guilavogui,2556,1. FSV Mainz 05,6.83,68.3,10,0,0,0,1,0.18,1,155,25,180,86.11,121,34,9,1,0,0.0,15,13,1,0,0,0,0.0,0,0,0,17,73.91,7,50.0,24,64.86,412,0.0,0,0,0,0,0,0,0,0,0,0,0,0,0,9,45.0,21,0,0,1,33,0,10,4,256,2,5,0,0,1,0,0,0,0,,,,1,0,0,0,0,7,1,0,0,0,0,0,5,0.0,0.0,1,0,0,13,7,0,0,0,20,8,10,66.67,0.0,0,0,0,132,48,0,,0.0,29.0,,11
909485,Marvin Pieringer,marvin-pieringer,5885,1. FC Heidenheim,6.83,211.7,31,3,3,2,3,1.47,6,296,125,421,70.31,124,172,104,14,10,43.48,19,12,5,0,0,0,0.0,27,8,11,58,42.34,61,51.69,119,46.67,1525,11.11,0,0,0,0,0,0,3,0,24,3,1,1,1,14,51.85,21,0,0,21,208,10,18,7,705,30,38,0,0,12,6,8,0,0,,,,0,0,0,0,0,22,1,0,0,0,0,0,18,0.0,0.0,14,23,7,136,57,0,0,0,27,23,12,63.16,508.33,0,0,0,145,283,0,2.31,0.0,80.0,,31
152206,Dominik Kohr,dominik-kohr,2556,1. FSV Mainz 05,6.83,211.7,31,1,1,2,0,1.16,1,865,262,1127,76.75,545,325,139,15,5,45.45,65,43,13,0,1,5,22.73,25,7,12,95,55.23,43,51.19,138,53.91,2209,4.0,0,0,0,0,0,0,1,0,18,7,1,0,0,71,36.6,52,0,0,4,315,8,100,38,1467,26,48,0,0,21,0,6,0,0,,,,4,0,0,0,0,28,6,0,0,0,0,0,27,0.0,0.0,15,11,22,118,41,0,0,0,194,34,42,64.62,2209.0,1,0,0,623,526,0,1.64,1.0,134.0,,31
132149,John Brooks,john-brooks,2569,TSG Hoffenheim,6.83,143.4,21,2,0,2,0,0.28,2,737,151,888,83.0,498,241,68,3,3,75.0,28,27,6,1,1,2,66.67,11,4,6,43,55.13,46,67.65,89,60.96,1539,18.18,0,0,0,0,0,0,2,0,11,0,1,1,0,71,49.31,106,1,0,4,160,0,81,40,1149,13,16,0,0,15,1,1,0,0,,,,1,0,0,0,0,30,2,0,0,0,0,0,18,0.0,0.0,3,4,3,57,22,0,0,0,144,32,15,53.57,769.5,0,0,0,557,334,0,2.58,21.0,95.0,,21
154040,Jiří Pavlenka,jiri-pavlenka,2534,SV Werder Bremen,6.83,47.8,7,0,0,0,0,0.01,0,150,59,209,71.77,125,25,7,0,0,0.0,0,0,0,0,0,0,0.0,0,0,0,0,0.0,3,100.0,3,100.0,630,0.0,0,0,0,0,0,0,0,0,0,0,0,0,0,40,40.4,6,0,0,0,60,0,55,22,285,0,0,0,0,0,0,0,0,22,,,,1,2,0,12,9,14,3,4,3,3,7,0,7,0.0,0.0,0,0,0,0,0,0,0,0,99,17,0,0.0,0.0,0,0,5,136,73,0,0.0,69.0,61.0,,7
48557,Christopher Trimmel,christopher-trimmel,2547,1. FC Union Berlin,6.83,170.7,25,0,3,0,2,3.7,2,454,161,615,73.82,224,270,134,39,6,66.67,23,13,2,1,1,40,24.24,6,4,1,33,45.21,26,56.52,59,49.58,1659,0.0,0,0,1,1,0,0,0,0,4,2,0,0,0,45,48.39,52,0,0,5,339,3,101,52,1122,4,13,0,0,20,3,1,0,0,,,,1,0,0,0,0,29,4,0,0,0,0,0,19,0.0,0.0,39,9,165,60,20,0,0,0,93,33,15,65.22,0.0,0,0,0,268,512,1,0.55,0.0,78.0,,26
142231,Christian Günter,christian-gunter,2538,SC Freiburg,6.83,102.4,15,1,3,1,2,1.88,3,304,71,375,81.07,153,170,77,18,4,50.0,20,2,1,0,0,19,30.65,6,2,1,27,47.37,5,33.33,32,44.44,1064,16.67,0,0,0,0,0,0,0,1,2,4,0,1,0,19,41.3,16,0,0,7,140,2,33,17,605,3,8,0,0,11,1,3,0,0,,,,0,0,0,0,0,15,2,0,0,0,0,0,13,0.0,0.0,18,8,62,40,10,0,0,0,46,17,12,60.0,1064.0,0,0,0,170,267,0,0.47,0.0,32.0,,15
933398,Felix Agu,felix-agu,2534,SV Werder Bremen,6.83,163.8,24,0,2,2,0,1.42,0,370,126,496,74.6,219,161,68,7,14,45.16,45,13,2,0,0,10,21.74,11,0,9,101,65.58,17,40.48,118,60.2,1638,0.0,0,0,3,0,0,0,0,0,6,5,0,0,0,15,34.88,38,0,0,10,243,3,32,14,958,44,15,0,0,12,2,2,0,0,,,,2,0,0,0,0,19,4,0,0,0,0,0,19,0.0,0.0,7,31,46,78,25,0,0,0,43,23,29,64.44,0.0,0,0,0,276,266,0,0.88,0.0,71.0,,24
187423,Kevin Akpoguma,kevin-akpoguma,2569,TSG Hoffenheim,6.83,109.2,16,0,0,1,0,0.4,0,600,93,693,86.58,376,225,95,5,9,69.23,35,18,7,0,0,1,25.0,2,0,1,58,67.44,25,54.35,83,62.88,1095,0.0,0,0,0,1,0,0,0,0,2,0,0,0,0,31,46.97,29,0,0,1,117,3,38,20,897,14,15,0,0,9,0,1,0,0,,,,1,0,0,0,0,19,2,0,0,0,0,0,11,0.0,0.0,5,13,4,49,21,0,0,0,66,21,18,51.43,0.0,0,0,0,411,286,0,0.3,0.0,60.0,,17
843132,Julian Justvan,julian-justvan,2576,Darmstadt 98,6.82,116.0,17,2,2,0,2,3.62,4,299,93,392,76.28,105,205,121,23,16,45.71,11,11,1,0,0,11,22.0,18,4,7,32,40.51,1,6.25,33,34.74,1076,11.11,0,0,0,0,0,0,1,1,9,9,0,2,0,21,58.33,6,1,0,11,183,5,45,28,615,5,2,0,0,15,0,7,0,0,,,,0,0,0,0,0,34,1,0,0,0,0,0,11,0.0,0.0,23,35,50,62,15,0,0,0,36,35,4,36.36,538.0,0,0,0,122,320,0,0.95,0.0,55.0,,18
1087043,Julián Malatini,julian-malatini,2534,SV Werder Bremen,6.82,61.4,9,1,0,0,0,0.24,1,291,63,354,82.2,210,83,39,4,6,85.71,18,13,1,0,0,2,33.33,3,1,0,25,54.35,9,45.0,34,51.52,606,33.33,0,0,0,1,0,0,1,0,2,1,0,1,0,14,37.84,25,0,0,3,84,2,18,9,469,1,10,0,0,8,0,2,0,0,,,,1,0,0,0,0,10,3,0,0,0,0,0,6,0.0,0.0,4,7,6,32,11,0,0,0,37,13,13,72.22,606.0,0,0,0,236,124,0,1.0,0.0,31.0,,11
21626,Eric Maxim Choupo-Moting,eric-maxim-choupo-moting,2672,FC Bayern München,6.82,156.9,23,2,2,7,2,1.36,4,228,43,271,84.13,79,153,93,17,23,63.89,17,7,1,0,0,4,36.36,26,12,10,47,49.47,15,60.0,62,51.67,754,7.69,0,0,0,0,0,0,2,0,23,3,1,0,1,5,71.43,6,0,0,18,103,7,5,4,449,7,10,0,0,8,2,4,1,0,,,,1,0,0,0,0,16,3,0,0,0,0,0,7,0.0,0.0,16,36,11,58,10,0,0,0,7,19,12,70.59,377.0,0,0,0,84,198,0,4.54,0.0,41.0,,27
130433,Robin Knoche,robin-knoche,2547,1. FC Union Berlin,6.82,156.9,23,1,0,2,0,0.37,1,924,216,1140,81.05,676,248,63,3,3,75.0,34,13,1,0,0,0,0.0,8,4,2,46,68.66,47,53.41,93,60.0,1916,12.5,1,0,0,1,0,0,1,0,8,0,1,0,0,70,39.11,70,0,0,0,239,1,92,33,1366,10,10,0,1,11,0,2,0,0,,,,4,0,0,0,0,28,3,0,0,0,0,0,20,0.0,0.0,3,4,3,62,41,0,0,1,179,31,22,64.71,1916.0,0,0,0,744,399,0,1.2,5.0,152.0,,24
135264,Yussuf Poulsen,yussuf-poulsen,36360,RB Leipzig,6.82,191.0,28,5,3,8,2,2.27,7,202,78,280,72.14,71,134,64,13,12,63.16,13,4,0,0,0,3,75.0,29,16,9,53,48.18,20,36.36,73,44.24,1215,17.24,0,0,1,0,0,0,5,0,26,3,0,1,4,2,33.33,14,0,0,20,135,6,7,2,485,29,22,0,0,10,4,4,0,0,,,,0,0,0,0,0,14,1,0,0,0,0,0,12,0.0,0.0,13,19,4,92,35,0,0,0,6,15,8,61.54,243.0,0,0,0,89,195,0,5.74,0.0,42.0,,28
560116,Rafael Borré,rafael-borre,2534,SV Werder Bremen,6.82,129.6,19,4,3,0,0,1.93,4,215,66,281,76.51,79,140,80,13,7,33.33,10,2,0,0,0,4,33.33,20,8,4,25,31.65,26,44.07,51,36.96,1010,20.0,0,0,0,0,0,0,4,0,16,4,2,0,2,10,90.91,10,0,0,16,138,7,23,14,454,8,17,1,0,11,14,8,0,0,,,,2,0,0,0,0,14,4,0,0,0,0,0,11,0.0,0.0,13,21,12,87,33,0,0,0,11,18,7,70.0,252.5,0,0,0,95,198,0,2.39,0.0,34.0,,19
980623,Nick Woltemade,nick-woltemade,2534,SV Werder Bremen,6.82,190.9,28,2,0,2,0,1.8,2,314,92,406,77.34,95,220,131,24,29,65.91,34,5,1,0,0,1,33.33,22,6,8,86,48.59,28,39.44,114,45.97,1201,9.09,0,0,0,0,0,0,2,0,18,4,1,0,1,17,62.96,15,0,0,53,227,11,17,8,725,23,22,0,0,6,6,8,0,0,,,,0,0,0,0,0,14,3,0,0,0,0,0,12,0.0,0.0,24,44,3,134,43,0,0,0,27,17,23,67.65,600.5,0,0,0,118,291,1,2.42,0.0,69.0,,30
796027,Marco Richter,marco-richter,2556,1. FSV Mainz 05,6.82,122.7,18,1,2,1,0,2.05,1,167,75,242,69.01,56,119,73,11,16,47.06,10,2,3,0,0,8,22.22,38,9,16,42,48.84,4,17.39,46,42.2,718,2.63,0,0,0,0,4,0,1,0,17,21,0,0,1,15,55.56,1,0,0,12,171,6,36,19,471,17,10,2,0,7,3,13,0,0,,,,0,0,0,0,0,11,1,0,0,0,0,0,7,0.0,0.0,11,34,36,63,19,0,0,0,27,12,4,40.0,718.0,0,0,0,65,213,0,1.94,0.0,37.0,,20
997012,Ansgar Knauff,ansgar-knauff,2674,Eintracht Frankfurt,6.82,211.3,31,7,4,6,2,2.73,9,414,226,640,64.69,142,283,160,18,25,43.1,43,20,5,0,1,11,23.91,37,13,14,91,46.43,24,35.82,115,43.73,2117,18.92,0,0,0,3,0,0,7,0,32,5,0,1,6,12,27.91,13,0,0,26,381,14,49,20,1126,24,32,0,0,14,2,10,0,0,,,,1,0,0,0,0,34,3,0,0,0,0,0,24,0.0,0.0,18,58,46,148,43,0,0,0,43,37,26,60.47,302.43,1,0,0,208,478,1,5.7,0.0,92.0,,31
119179,Anthony Losilla,anthony-losilla,2542,VfL Bochum 1848,6.82,211.3,31,1,2,1,2,1.03,3,644,242,886,72.69,322,325,156,19,10,43.48,63,25,10,0,0,3,50.0,28,6,17,92,51.69,85,60.28,177,55.49,2586,3.57,0,0,0,0,0,0,1,0,18,10,0,0,1,24,32.43,49,0,0,12,299,11,55,26,1248,22,38,1,0,28,5,5,0,0,,,,4,0,0,0,0,49,5,0,0,0,0,0,31,0.0,0.0,19,23,6,142,56,0,0,0,74,54,37,58.73,2586.0,0,0,0,395,497,0,2.28,0.0,136.0,,31
991479,Anthony Rouault,anthony-rouault,2677,VfB Stuttgart,6.82,129.5,19,0,3,0,2,1.16,2,799,100,899,88.88,476,324,97,8,2,33.33,21,8,3,0,0,1,33.33,3,1,0,26,52.0,20,42.55,46,47.42,1018,0.0,0,0,0,1,0,0,0,0,1,2,0,0,0,36,50.7,24,0,0,3,122,3,64,35,1044,4,9,0,0,8,1,2,0,0,,,,2,0,0,0,0,14,1,0,0,0,0,0,11,0.0,0.0,8,6,3,51,27,0,0,0,71,15,12,57.14,0.0,0,0,0,522,380,1,0.09,4.0,58.0,,22
909958,Yorbe Vertessen,yorbe-vertessen,2547,1. FC Union Berlin,6.82,88.6,13,3,2,6,2,0.66,5,96,36,132,72.73,33,63,43,7,14,43.75,3,1,1,0,0,0,0.0,24,9,12,28,41.79,4,17.39,32,35.56,593,12.5,0,0,0,0,0,0,2,1,16,8,0,1,2,1,50.0,3,0,0,10,96,7,3,2,276,11,8,0,0,3,1,3,0,0,,,,0,0,0,0,0,10,0,0,0,0,0,0,7,0.0,0.0,7,32,3,58,19,0,0,0,2,10,2,66.67,197.67,0,0,0,45,90,0,2.7,0.0,20.0,,13
826171,Senne Lynen,senne-lynen,2534,SV Werder Bremen,6.81,211.2,31,0,3,0,3,1.2,3,744,153,897,82.94,422,323,122,15,8,42.11,64,41,6,0,0,1,25.0,12,2,4,89,48.9,12,29.27,101,45.29,1803,0.0,0,0,0,0,0,0,0,0,3,9,0,0,0,47,56.63,55,0,0,9,194,9,58,35,1217,17,35,0,0,40,0,6,0,0,,,,2,0,0,0,0,24,4,0,0,0,0,0,20,0.0,0.0,15,19,4,122,29,0,0,0,83,28,38,59.38,0.0,0,0,0,474,427,0,0.36,0.0,118.0,,32
788786,Jordan Siebatcheu,jordan-siebatcheu,2527,Borussia M'gladbach,6.81,170.3,25,5,7,7,3,1.93,8,223,63,286,77.97,101,122,69,22,3,25.0,10,5,2,0,0,0,0.0,35,10,18,42,35.0,48,49.48,90,41.47,1456,14.29,0,0,1,0,0,0,5,0,32,3,2,0,3,8,72.73,27,0,0,31,151,5,13,9,540,30,37,1,0,5,7,7,0,0,,,,0,0,0,0,0,25,6,0,0,0,0,0,18,0.0,0.0,22,12,0,127,49,0,0,0,11,31,4,40.0,291.2,0,0,0,114,172,0,6.92,0.0,35.0,,26
877842,Yannik Keitel,yannik-keitel,2538,SC Freiburg,6.81,95.3,14,1,1,1,0,0.22,1,443,115,558,79.39,275,168,58,2,3,50.0,20,12,0,0,0,0,0.0,6,2,3,28,54.9,24,58.54,52,56.52,927,16.67,0,0,0,0,0,0,1,0,6,0,0,0,1,35,36.46,43,1,2,3,130,1,76,33,696,6,12,0,0,5,0,1,0,0,,,,3,0,0,0,0,10,3,0,0,0,0,0,11,0.0,0.0,2,6,2,40,17,0,0,0,96,13,15,75.0,927.0,0,0,0,308,252,1,0.71,0.0,52.0,,15
138890,Gonçalo Paciência,goncalo-paciencia,2542,VfL Bochum 1848,6.81,129.3,19,3,3,3,1,0.59,4,107,54,161,66.46,28,82,47,9,12,46.15,8,0,3,0,0,3,30.0,38,13,15,40,43.48,22,38.6,62,41.61,657,7.89,0,0,0,0,1,0,3,0,25,13,0,1,2,7,53.85,7,0,0,27,135,6,16,6,356,22,9,0,0,3,2,10,0,0,,,,0,0,0,0,0,13,1,0,0,0,0,0,6,0.0,0.0,9,26,10,87,35,0,0,0,13,14,4,50.0,219.0,0,0,0,38,133,0,2.96,0.0,29.0,,19
927405,Woo-Yeong Jeong,woo-yeong-jeong,2677,VfB Stuttgart,6.8,156.4,23,2,3,2,3,1.57,5,270,46,316,85.44,89,185,92,9,4,26.67,15,7,1,0,0,4,50.0,18,8,6,28,53.85,3,21.43,31,46.97,652,11.11,0,0,0,0,0,0,2,0,11,7,1,0,1,5,62.5,5,0,0,7,87,6,10,4,437,9,4,2,0,2,2,4,0,0,,,,1,0,0,0,0,8,1,0,0,0,0,0,5,0.0,0.0,9,15,8,35,11,0,0,0,8,9,9,60.0,326.0,0,0,0,101,223,0,1.78,0.0,28.0,,26
84251,Kevin Kampl,kevin-kampl,36360,RB Leipzig,6.8,170.0,25,1,2,0,0,1.46,1,920,80,1000,92.0,407,516,190,15,10,76.92,19,11,3,0,0,3,27.27,6,1,3,32,43.84,3,21.43,35,40.23,1376,16.67,0,0,0,1,0,0,0,1,2,4,0,0,1,29,58.0,11,0,1,14,121,9,38,17,1159,3,16,0,0,11,0,2,0,0,,,,4,0,0,0,0,14,1,0,0,0,0,0,14,0.0,0.0,15,13,11,52,11,0,0,0,50,15,8,42.11,1376.0,0,0,0,430,581,0,0.17,0.0,102.0,,26
362470,Anwar El Ghazi,anwar-el-ghazi,2556,1. FSV Mainz 05,6.8,20.4,3,0,2,0,1,0.03,1,15,6,21,71.43,2,13,8,2,2,50.0,0,0,0,0,0,0,0.0,2,0,2,2,33.33,0,0.0,2,33.33,51,0.0,0,0,0,0,0,0,0,0,1,1,0,0,0,0,0.0,0,0,0,0,12,2,0,0,32,0,1,0,0,1,0,0,0,0,,,,0,0,0,0,0,0,1,0,0,0,0,0,0,0.0,0.0,2,4,1,4,0,0,0,0,1,1,0,0.0,0.0,0,0,0,4,18,0,0.13,0.0,2.0,,3
1142249,Frans Krätzig,frans-kratzig,2672,FC Bayern München,6.8,13.6,2,0,1,0,0,0.05,0,40,5,45,88.89,20,20,11,2,0,0.0,2,0,0,0,0,0,0.0,2,2,0,2,33.33,0,0.0,2,33.33,52,0.0,0,0,0,0,0,0,0,0,1,1,0,0,0,1,50.0,0,0,0,2,10,0,2,1,60,0,0,0,0,1,1,0,0,0,,,,0,0,0,0,0,0,0,0,0,0,0,0,0,0.0,0.0,2,1,0,4,0,0,0,0,2,0,0,0.0,0.0,0,0,0,23,22,0,0.26,0.0,4.0,,4
904897,Ryan Gravenberch,ryan-gravenberch,2672,FC Bayern München,6.8,6.8,1,0,0,0,0,0.08,0,5,2,7,71.43,2,3,3,2,1,100.0,0,0,1,0,0,0,0.0,0,0,0,1,100.0,0,0.0,1,100.0,9,0.0,0,0,0,0,0,0,0,0,0,0,0,0,0,0,0.0,0,0,0,0,2,0,0,0,8,0,1,0,0,0,0,0,0,0,,,,0,0,0,0,0,1,0,0,0,0,0,0,0,0.0,0.0,2,1,0,0,0,0,0,0,0,1,0,0.0,0.0,0,0,0,3,4,0,0.0,0.0,0.0,,1
1140597,Hendry Blank,blank-hendry,2673,Borussia Dortmund,6.8,6.8,1,0,0,0,0,0.0,0,58,1,59,98.31,50,8,1,0,0,0.0,1,0,0,0,0,0,0.0,0,0,0,1,50.0,2,50.0,3,50.0,45,0.0,0,0,0,0,0,0,0,0,0,0,0,0,0,3,75.0,4,0,0,1,2,0,1,1,67,0,0,0,0,0,0,0,0,0,,,,0,0,0,0,0,0,0,0,0,0,0,0,0,0.0,0.0,0,0,0,3,2,0,0,0,4,0,0,0.0,0.0,0,0,0,50,9,0,0.0,2.0,0.0,,1
1152502,Samuele Di Benedetto,di-benedetto-samuele,2677,VfB Stuttgart,6.8,6.8,1,0,0,0,0,0.01,0,10,1,11,90.91,4,6,2,1,0,0.0,0,1,0,0,0,0,0.0,0,0,0,2,66.67,0,0.0,2,66.67,12,0.0,0,0,0,0,0,0,0,0,0,0,0,0,0,0,0.0,0,0,0,1,2,0,0,0,15,2,0,0,0,0,0,0,0,0,,,,0,0,0,0,0,0,0,0,0,0,0,0,0,0.0,0.0,1,0,0,1,0,0,0,0,0,0,0,0.0,0.0,0,0,0,5,6,0,0.0,0.0,1.0,,1
1123613,Yvandro Borges Sanches,yvandro-borges-sanches,2527,Borussia M'gladbach,6.8,13.6,2,0,0,0,0,0.02,0,6,2,8,75.0,1,6,4,0,0,0.0,0,0,0,0,0,1,33.33,0,0,0,2,50.0,0,0.0,2,40.0,25,0.0,0,0,1,0,0,0,0,0,0,0,0,0,0,0,0.0,0,0,0,0,5,0,0,0,16,2,2,0,0,0,0,0,0,0,,,,0,0,0,0,0,0,0,0,0,0,0,0,0,0.0,0.0,0,0,3,3,1,0,0,0,0,0,0,0.0,0.0,0,0,0,1,10,0,0.0,0.0,2.0,,3
997006,Youssoufa Moukoko,youssoufa-moukoko,2673,Borussia Dortmund,6.8,135.9,20,5,0,1,0,0.71,5,102,19,121,84.3,35,68,48,7,11,52.38,4,2,1,0,0,1,25.0,14,7,4,17,35.42,6,37.5,23,35.94,640,35.71,0,0,0,0,0,0,5,0,12,2,0,2,3,3,100.0,4,0,0,10,65,2,4,3,223,2,8,1,0,4,7,3,0,0,,,,0,0,0,0,0,11,0,0,0,0,0,0,4,0.0,0.0,7,21,4,41,10,0,0,0,3,11,1,25.0,128.0,0,0,0,40,85,0,3.87,0.0,21.0,,20
990201,Jamie Leweling,jamie-leweling,2677,VfB Stuttgart,6.79,224.2,33,4,5,9,4,3.14,8,443,94,537,82.5,143,315,177,23,26,49.06,18,5,3,0,0,15,32.61,44,23,8,67,40.36,4,23.53,71,38.8,1532,9.09,0,0,0,1,0,0,4,0,34,10,0,2,2,11,47.83,12,0,0,39,251,10,13,7,913,23,22,4,0,12,8,13,0,0,,,,0,0,0,0,0,14,2,0,0,0,0,0,17,0.0,0.0,23,53,46,112,13,0,0,0,23,16,10,55.56,383.0,0,0,0,165,418,0,6.08,0.0,74.0,,34
979144,Luca Netz,netz-luca,2527,Borussia M'gladbach,6.79,203.8,30,0,6,1,4,3.07,4,778,191,969,80.29,404,391,190,38,23,52.27,38,22,2,0,0,17,22.97,17,5,6,77,45.29,37,56.06,114,48.31,2231,0.0,0,0,0,2,0,0,0,0,12,5,0,0,0,33,38.37,64,1,0,28,361,8,71,26,1574,16,26,0,0,20,1,6,0,0,,,,3,0,0,0,0,36,7,0,0,0,0,0,25,0.0,0.0,38,44,74,122,29,0,0,0,86,43,22,57.89,0.0,0,0,0,496,547,0,0.99,0.0,130.0,,30
809219,Mads Pedersen,mads-pedersen,2600,FC Augsburg,6.79,183.4,27,1,2,0,1,2.15,2,503,116,619,81.26,258,260,139,12,23,71.88,64,19,5,1,1,15,28.3,13,1,10,112,59.89,11,32.35,123,55.66,1796,7.69,0,0,0,0,0,0,0,1,7,6,0,1,0,31,50.0,43,0,0,13,263,5,55,31,1155,26,34,1,0,20,2,2,0,0,,,,1,0,0,0,0,40,3,0,0,0,0,0,19,0.0,0.0,12,32,53,98,23,0,0,0,62,43,39,60.94,1796.0,0,0,0,291,381,0,0.81,0.0,100.0,,27
169255,Yannick Gerhardt,yannick-gerhardt,2524,VfL Wolfsburg,6.79,163.0,24,2,1,3,1,1.79,3,563,141,704,79.97,280,287,152,14,0,0.0,31,7,5,0,0,4,14.81,19,9,5,45,46.39,30,51.72,75,48.39,1640,10.53,0,0,0,0,0,0,2,0,12,7,1,1,0,21,42.86,32,0,0,9,196,15,31,17,934,16,18,0,0,23,2,5,0,0,,,,3,0,0,0,0,20,3,0,0,0,0,0,18,0.0,0.0,14,3,27,80,28,0,0,0,49,23,20,64.52,820.0,0,0,0,322,409,0,1.91,0.0,78.0,,25
960114,Olivier Deman,olivier-deman,2534,SV Werder Bremen,6.79,190.1,28,2,2,1,1,1.28,3,441,132,573,76.96,260,194,84,13,10,62.5,28,14,5,0,0,13,28.89,17,7,5,48,45.28,19,51.35,67,46.85,1406,11.76,0,0,0,1,0,0,2,0,15,2,2,0,0,43,50.59,41,0,1,6,226,4,62,30,961,13,27,0,1,20,0,5,0,0,,,,1,0,0,0,0,25,2,0,0,0,0,0,14,0.0,0.0,13,16,45,76,18,0,0,0,85,27,15,53.57,703.0,0,0,0,317,301,0,1.08,0.0,80.0,,29
825956,Christoph Baumgartner,christoph-baumgartner,36360,RB Leipzig,6.79,210.4,31,5,2,4,1,1.59,6,337,102,439,76.77,124,214,126,16,18,54.55,26,5,3,0,0,1,12.5,31,12,12,70,43.48,21,40.38,91,42.72,1160,16.13,0,0,1,0,0,0,3,2,22,9,0,0,5,12,50.0,14,0,0,28,199,2,22,11,739,27,27,1,0,24,1,7,0,0,,,,0,0,0,0,0,13,3,0,0,0,0,0,11,0.0,0.0,16,33,8,122,31,0,0,0,24,16,13,50.0,232.0,0,0,0,144,303,0,3.68,0.0,40.0,,32
974582,Hrvoje Smolčić,hrvoje-smolcic,2674,Eintracht Frankfurt,6.79,47.5,7,1,0,0,0,0.04,1,283,36,319,88.71,224,59,12,1,2,100.0,7,6,0,0,0,0,0.0,3,1,2,11,68.75,14,51.85,25,58.14,360,33.33,0,0,0,0,0,0,1,0,2,1,1,0,0,14,51.85,22,1,0,2,39,0,21,12,379,2,3,0,0,1,0,0,0,0,,,,0,0,0,0,0,6,0,0,0,0,0,0,3,0.0,0.0,1,2,0,18,13,0,0,0,27,6,3,42.86,360.0,0,0,0,247,72,0,1.01,6.0,20.0,,11
826884,Steffen Tigges,steffen-tigges,2671,1. FC Köln,6.78,162.8,24,3,3,2,0,0.71,3,118,76,194,60.82,44,74,37,10,4,50.0,10,1,0,0,0,0,0.0,22,9,9,21,47.73,39,48.75,60,48.39,746,13.64,0,0,0,0,0,0,3,0,17,5,2,0,0,2,50.0,11,0,0,9,119,7,6,4,321,8,7,1,0,4,2,4,0,0,,,,0,0,0,0,0,7,3,0,0,0,0,0,6,0.0,0.0,10,8,7,64,41,0,0,0,4,10,6,60.0,248.67,0,0,0,61,140,0,2.57,0.0,25.0,,25
798936,Benedikt Gimber,benedikt-gimber,5885,1. FC Heidenheim,6.78,162.8,24,1,2,1,1,1.11,2,680,161,841,80.86,579,101,24,3,8,88.89,40,16,9,0,0,0,0.0,18,3,12,75,56.82,48,52.17,123,54.91,2026,5.56,0,0,0,2,0,0,1,0,17,1,0,1,0,51,38.06,98,1,0,4,183,0,44,20,1140,27,40,1,1,16,0,3,0,0,,,,5,0,0,0,0,28,2,0,0,0,0,0,24,0.0,0.0,3,9,3,101,44,0,0,0,134,30,24,60.0,2026.0,0,0,0,642,202,2,1.41,2.0,87.0,,24
877302,András Schäfer,andras-schafer,2547,1. FC Union Berlin,6.78,135.6,20,1,3,2,2,1.01,3,398,122,520,76.54,167,235,139,18,21,44.68,29,20,1,1,1,4,22.22,21,5,8,67,46.53,22,47.83,89,46.84,1218,4.76,0,0,0,0,0,0,0,1,15,6,0,0,1,12,35.29,22,0,0,20,224,9,33,19,837,17,22,0,0,9,2,8,0,0,,,,0,0,0,0,0,21,2,0,0,0,0,0,14,0.0,0.0,18,47,18,101,24,0,0,0,34,23,16,55.17,1218.0,0,0,0,211,327,1,1.78,0.0,74.0,,20
378340,Marius Bülter,marius-bulter,2569,TSG Hoffenheim,6.78,196.6,29,1,6,2,4,4.34,5,398,126,524,75.95,168,245,132,21,18,46.15,18,10,1,0,1,15,20.55,21,6,9,53,45.69,24,43.64,77,45.03,1353,4.76,0,0,0,1,0,0,0,1,14,7,0,0,1,27,42.86,19,0,0,19,260,10,41,23,909,17,13,2,0,11,4,6,0,0,,,,0,0,0,0,0,28,2,0,0,0,0,0,15,0.0,0.0,21,39,73,94,31,0,0,0,63,30,11,61.11,1353.0,1,0,0,208,389,0,1.48,0.0,85.0,,30
920525,Moritz Jenz,jenz-moritz,2524,VfL Wolfsburg,6.78,149.1,22,0,1,1,1,0.47,1,939,125,1064,88.25,717,222,49,4,1,100.0,34,26,5,0,1,0,0.0,7,0,7,38,52.05,48,68.57,86,60.14,1745,0.0,0,0,0,0,0,0,0,0,6,1,0,0,0,35,36.46,91,0,0,2,136,1,50,22,1292,3,26,0,1,7,0,0,0,0,,,,2,0,0,0,0,29,3,0,0,0,0,0,21,0.0,0.0,4,1,0,57,22,0,0,0,96,32,24,70.59,0.0,1,0,0,758,306,0,0.33,7.0,81.0,,22
71952,Manuel Gulde,manuel-gulde,2538,SC Freiburg,6.78,176.2,26,1,0,1,0,0.49,1,937,149,1086,86.28,660,278,72,3,2,50.0,37,25,3,0,1,1,33.33,12,1,7,53,68.83,50,59.52,103,63.98,2053,8.33,0,0,0,0,0,0,1,0,11,1,1,0,0,46,39.66,79,0,0,2,171,0,49,20,1337,15,17,0,0,6,1,4,0,0,,,,5,0,0,0,0,35,5,0,0,0,0,0,23,0.0,0.0,3,4,3,58,34,0,0,0,116,40,23,62.16,2053.0,1,0,0,707,382,1,1.05,19.0,78.0,,27
330099,Edimilson Fernandes,edimilson-fernandes,2556,1. FSV Mainz 05,6.78,135.5,20,0,1,0,2,1.93,2,586,138,724,80.94,355,244,93,18,6,75.0,25,22,4,0,0,13,24.53,15,0,7,39,60.94,19,50.0,58,56.86,1299,0.0,0,0,0,0,3,0,0,0,2,13,0,0,0,68,46.58,52,0,0,5,199,4,118,52,983,8,10,0,0,8,2,8,0,0,,,,1,0,0,0,0,29,3,0,0,0,0,0,13,0.0,0.0,18,8,53,44,19,0,0,0,146,32,16,64.0,0.0,0,0,0,392,385,1,0.52,0.0,88.0,,21
40239,Timothy Chandler,timothy-chandler,2674,Eintracht Frankfurt,6.78,27.1,4,0,1,0,1,0.07,1,16,2,18,88.89,1,15,12,2,0,0.0,0,0,0,0,0,0,0.0,2,1,1,0,0.0,2,66.67,2,50.0,45,0.0,0,0,0,0,0,0,0,0,1,1,0,0,0,2,100.0,0,0,0,1,9,0,0,0,31,0,0,0,0,0,0,0,0,0,,,,0,0,0,0,0,1,0,0,0,0,0,0,0,0.0,0.0,2,0,4,2,1,0,0,0,2,1,0,0.0,0.0,0,0,0,2,20,0,0.08,0.0,0.0,,6
128587,Thomas Meunier,thomas-meunier,2673,Borussia Dortmund,6.78,54.2,8,0,1,0,0,0.88,0,337,77,414,81.4,205,134,60,4,2,28.57,5,4,0,0,0,2,11.76,8,1,3,7,19.44,7,53.85,14,28.57,593,0.0,0,0,0,0,0,0,0,0,6,2,0,0,0,22,55.0,22,0,0,4,112,1,38,21,573,0,10,0,0,10,0,4,0,0,,,,2,0,0,0,0,5,0,0,0,0,0,0,7,0.0,0.0,4,7,17,35,6,0,0,0,40,5,1,20.0,0.0,0,0,0,232,199,0,0.51,0.0,43.0,,8
828077,Aissa Laïdouni,aissa-laidouni,2547,1. FC Union Berlin,6.77,155.7,23,0,3,1,3,1.63,3,394,91,485,81.24,190,211,121,12,10,38.46,21,12,2,0,0,7,31.82,13,5,5,57,47.9,13,48.15,70,47.95,1064,0.0,0,0,0,0,0,0,0,0,6,7,0,0,0,20,58.82,12,1,1,20,163,12,40,27,724,27,20,0,0,8,0,3,0,0,,,,0,0,0,0,0,21,4,0,0,0,0,0,10,0.0,0.0,12,26,22,76,14,0,0,0,34,25,12,57.14,0.0,0,0,0,215,292,0,0.68,0.0,80.0,,23
1001867,Arne Engels,engels-arne,2600,FC Augsburg,6.77,216.6,32,3,1,1,2,1.75,5,354,119,473,74.84,158,212,99,19,6,54.55,33,15,1,1,1,16,20.0,20,7,7,54,51.92,12,36.36,66,48.18,1405,15.0,0,0,2,0,2,0,3,0,10,10,1,0,2,29,56.86,20,0,0,7,220,6,50,31,766,15,24,1,0,17,1,6,0,0,,,,0,0,0,0,0,18,3,0,0,0,0,0,13,0.0,0.0,19,11,80,71,21,0,0,0,51,21,18,54.55,468.33,0,0,0,191,362,0,1.84,0.0,61.0,,32
1010726,Jan Uwe Thielmann,jan-uwe-thielmann,2671,1. FC Köln,6.77,148.9,22,1,1,4,0,1.23,1,306,135,441,69.39,130,185,97,16,18,75.0,28,8,4,1,1,9,21.43,37,12,15,70,50.72,23,45.1,93,49.21,1588,2.7,0,0,0,0,0,0,1,0,20,17,0,0,1,23,45.1,24,0,0,24,258,7,57,25,831,27,27,2,0,12,6,10,0,0,,,,3,0,0,0,0,15,3,0,0,0,0,0,20,0.0,0.0,16,24,42,96,28,0,0,0,51,18,18,64.29,1588.0,0,0,0,176,307,0,2.25,0.0,75.0,,22
842188,Elvis Rexhbeçaj,elvis-rexhbecaj,2600,FC Augsburg,6.77,169.2,25,2,0,0,0,1.34,2,513,170,683,75.11,242,278,150,13,8,36.36,30,20,4,0,0,7,33.33,29,4,15,79,54.11,28,50.91,107,53.23,1994,6.9,1,1,0,0,0,0,1,1,8,21,0,2,0,27,44.26,20,0,0,18,256,12,45,24,1007,42,20,0,0,18,2,10,0,0,,,,0,0,0,0,0,37,3,0,0,0,0,0,24,100.0,0.0,13,22,21,94,27,0,0,0,61,40,19,63.33,997.0,0,0,0,276,428,0,1.75,0.0,125.0,,25
1174889,Gustavo Puerta,puerta-gustavo,2681,Bayer 04 Leverkusen,6.77,20.3,3,0,0,0,0,0.05,0,39,2,41,95.12,14,25,10,1,1,100.0,5,0,0,0,0,0,0.0,2,0,2,7,77.78,1,33.33,8,66.67,45,0.0,0,0,0,0,0,0,0,0,0,2,0,0,0,3,100.0,0,0,0,0,4,0,2,2,55,1,2,0,0,1,0,0,0,0,,,,0,0,0,0,0,0,0,0,0,0,0,0,0,0.0,0.0,1,1,1,4,2,0,0,0,3,0,3,60.0,0.0,0,0,0,15,27,0,0.09,0.0,4.0,,7
795005,Salih Özcan,salih-ozcan,2673,Borussia Dortmund,6.77,155.6,23,0,1,0,0,0.77,0,674,111,785,85.86,372,302,112,11,6,60.0,20,17,3,0,0,0,0.0,5,2,2,46,52.87,18,54.55,64,53.33,1201,0.0,0,0,0,0,0,0,0,0,1,4,0,0,0,23,46.94,16,0,1,7,139,6,50,25,973,22,22,0,0,8,2,1,0,0,,,,2,0,0,0,0,21,0,0,0,0,0,0,13,0.0,0.0,11,10,1,56,15,0,0,0,49,21,12,60.0,0.0,0,0,0,400,386,0,0.17,0.0,86.0,,23
796032,Emir Karić,emir-karic,2576,Darmstadt 98,6.76,182.6,27,0,0,0,0,1.89,0,795,194,989,80.38,358,449,226,21,18,64.29,45,13,4,0,0,12,23.08,12,3,6,70,59.32,21,56.76,91,58.71,1781,0.0,0,0,0,0,0,0,0,0,3,9,0,0,0,55,48.67,40,0,0,10,297,11,79,39,1460,7,17,0,0,12,5,3,0,0,,,,1,0,0,0,0,46,10,0,0,0,0,0,18,0.0,0.0,21,28,52,64,16,0,0,0,113,56,27,60.0,0.0,0,0,0,421,620,1,0.41,0.0,76.0,,27
111969,Leonardo Bittencourt,leonardo-bittencourt,2534,SV Werder Bremen,6.76,196.1,29,1,5,3,2,2.74,3,648,129,777,83.4,315,343,177,26,17,40.48,42,13,9,0,0,10,25.0,31,5,16,90,49.18,6,27.27,96,46.83,1612,3.23,0,0,0,0,1,0,1,0,13,18,0,1,0,28,45.9,6,0,0,11,240,10,73,33,1100,31,34,1,0,24,2,10,0,0,,,,0,0,0,0,0,18,5,0,0,0,0,0,19,0.0,0.0,26,42,40,109,16,0,0,0,61,23,18,42.86,1612.0,0,0,0,350,467,0,2.24,0.0,110.0,,29
15004,Norman Theuerkauf,norman-theuerkauf,5885,1. FC Heidenheim,6.76,155.5,23,0,1,1,1,1.45,1,411,108,519,79.19,246,173,77,13,3,50.0,24,14,3,0,0,8,36.36,7,2,1,43,58.9,12,54.55,55,57.89,1257,0.0,0,0,0,1,0,0,0,0,4,3,0,0,0,54,56.84,18,0,0,5,147,1,54,34,739,16,13,0,0,9,0,4,0,0,,,,1,0,0,0,0,20,1,0,0,0,0,0,14,0.0,0.0,13,6,22,40,10,0,0,0,95,21,16,66.67,0.0,0,0,0,288,253,0,0.38,0.0,77.0,,25
794294,Andreas Hanche Olsen,andreas-hanche-olsen,2556,1. FSV Mainz 05,6.76,94.6,14,1,0,1,0,0.12,1,342,95,437,78.26,263,79,16,1,0,0.0,20,11,5,0,0,0,0.0,4,1,3,26,57.78,31,65.96,57,61.96,995,25.0,0,0,0,1,0,0,1,0,4,0,0,0,1,28,38.36,39,0,0,2,103,0,24,11,552,8,13,0,0,6,1,0,0,0,,,,2,0,0,0,0,10,0,0,0,0,0,0,12,0.0,0.0,1,0,0,35,16,0,0,0,73,10,12,60.0,995.0,0,0,0,314,123,0,0.67,2.0,38.0,,15
1084730,Bryan Zaragoza,bryan-zaragoza,2672,FC Bayern München,6.76,47.3,7,0,0,1,0,0.45,0,57,14,71,80.28,20,39,21,4,8,50.0,4,2,1,0,0,2,20.0,7,4,1,13,48.15,1,100.0,14,50.0,184,0.0,0,0,0,0,0,0,0,0,7,0,0,0,0,4,66.67,0,0,0,4,41,1,7,3,129,1,2,0,0,0,1,2,0,0,,,,0,0,0,0,0,5,1,0,0,0,0,0,1,0.0,0.0,4,16,10,14,0,0,0,0,6,6,4,100.0,0.0,0,0,0,21,60,0,0.46,0.0,4.0,,7
103289,Patrick Herrmann,patrick-herrmann,2527,Borussia M'gladbach,6.76,47.3,7,0,0,0,0,0.08,0,26,13,39,66.67,7,22,11,3,0,0.0,4,1,1,0,0,3,60.0,4,0,3,6,60.0,1,50.0,7,58.33,100,0.0,0,0,0,0,0,0,0,0,3,1,0,0,0,2,66.67,2,0,0,1,17,1,2,1,62,2,3,0,0,0,0,1,0,0,,,,0,0,0,0,0,1,1,0,0,0,0,0,0,0.0,0.0,3,0,5,5,1,0,0,0,3,2,4,100.0,0.0,0,0,0,9,35,0,0.19,0.0,6.0,,8
882019,Florent Muslija,florent-muslija,2538,SC Freiburg,6.76,47.3,7,0,1,0,0,0.63,0,54,19,73,73.97,24,33,21,6,1,100.0,5,0,0,0,0,3,33.33,2,1,0,8,57.14,1,50.0,9,56.25,114,0.0,0,0,0,0,0,0,0,0,0,2,0,0,0,2,50.0,1,0,0,2,33,1,5,1,103,2,1,0,0,3,0,1,0,0,,,,0,0,0,0,0,2,0,0,0,0,0,0,0,0.0,0.0,6,1,9,7,1,0,0,0,4,2,4,80.0,0.0,0,0,0,29,53,0,0.07,0.0,7.0,,10
39718,Fabian Holland,fabian-holland,2576,Darmstadt 98,6.75,155.3,23,0,2,2,2,1.37,2,680,168,848,80.19,326,361,170,18,8,57.14,47,24,4,1,1,7,26.92,11,3,6,86,56.95,11,30.56,97,51.87,1847,0.0,0,0,0,0,1,0,0,0,4,7,0,0,0,55,43.31,25,0,0,9,238,2,81,39,1173,33,34,0,0,17,1,2,1,0,,,,1,0,0,0,0,42,6,0,0,0,0,0,23,0.0,0.0,17,14,26,90,25,0,0,0,127,48,26,55.32,0.0,0,0,0,363,511,1,0.62,0.0,103.0,,23
309546,Takuma Asano,takuma-asano,2542,VfL Bochum 1848,6.75,195.8,29,6,2,12,1,0.93,7,257,99,356,72.19,58,202,126,21,16,47.06,17,4,2,0,0,3,8.11,65,24,25,55,40.74,15,22.39,70,34.65,2003,9.23,0,0,0,0,0,0,6,0,54,11,0,0,6,7,43.75,10,0,0,33,239,9,10,6,700,22,15,1,0,16,23,16,0,0,,,,0,0,0,0,0,50,3,0,0,0,0,0,26,0.0,0.0,21,34,37,132,52,0,0,0,16,53,6,35.29,333.83,0,0,0,77,316,2,7.88,0.0,74.0,,29
794995,Niklas Dorsch,niklas-dorsch,2600,FC Augsburg,6.75,141.7,21,0,0,0,0,0.34,0,544,78,622,87.46,340,205,80,4,7,70.0,35,16,5,0,0,1,33.33,14,0,10,68,57.14,10,35.71,78,53.06,1400,0.0,0,0,0,2,2,0,0,0,2,12,0,0,0,30,51.72,27,0,0,10,117,10,39,19,845,27,19,1,0,20,0,4,1,0,,,,0,0,0,0,0,28,2,0,0,0,0,0,16,0.0,0.0,3,10,3,69,18,0,0,0,58,30,24,68.57,0.0,0,0,0,355,270,0,0.67,1.0,113.0,,21
1142211,Hugo Larsson,hugo-larsson,2674,Eintracht Frankfurt,6.74,195.6,29,2,3,2,1,1.48,3,827,123,950,87.05,476,355,131,10,7,38.89,32,29,1,0,0,4,50.0,10,4,3,41,47.13,9,32.14,50,43.48,1885,20.0,0,0,0,0,0,0,1,1,5,5,0,1,1,27,52.94,29,1,0,7,175,9,63,36,1198,2,16,0,0,13,1,3,0,0,,,,4,0,0,0,0,30,2,0,0,0,0,0,21,0.0,0.0,10,18,8,65,19,0,0,0,51,32,18,56.25,942.5,0,0,0,526,432,0,1.26,0.0,116.0,,29
280631,Václav Černý,vaclav-cerny,2524,VfL Wolfsburg,6.74,141.6,21,4,1,3,0,2.54,4,242,81,323,74.92,73,176,115,14,14,43.75,8,8,2,0,0,7,21.21,20,5,8,22,29.73,1,12.5,23,28.05,934,20.0,0,0,0,0,0,0,4,0,16,4,0,3,1,14,45.16,4,0,0,15,166,12,28,17,503,0,9,1,0,12,4,7,0,0,,,,0,0,0,0,0,15,2,0,0,0,0,0,12,0.0,0.0,14,32,33,59,7,0,0,0,31,17,3,37.5,233.5,0,0,0,92,264,0,2.26,0.0,58.0,,22
929806,Kevin Sessa,kevin-sessa,5885,1. FC Heidenheim,6.74,188.8,28,3,2,4,0,1.74,3,316,104,420,75.24,136,188,109,17,12,50.0,17,4,1,0,0,8,40.0,29,7,13,48,53.33,15,48.39,63,52.07,1001,10.34,0,0,0,0,1,0,2,1,14,15,0,1,2,24,48.0,16,0,0,6,164,3,29,15,635,20,16,0,0,9,1,9,0,0,,,,0,0,0,0,0,14,1,0,0,0,0,0,7,0.0,0.0,17,24,20,58,16,0,0,0,50,15,10,58.82,333.67,0,0,0,174,266,0,2.87,0.0,75.0,,30
993211,Oscar Vilhelmsson,oscar-vilhelmsson,2576,Darmstadt 98,6.74,175.3,26,4,1,1,1,0.6,5,122,79,201,60.7,34,89,47,11,5,29.41,13,3,2,0,0,1,10.0,28,11,10,45,46.39,42,33.6,87,39.19,1384,14.29,0,0,0,0,0,0,4,0,22,6,1,3,0,1,20.0,19,0,0,8,140,1,1,1,406,27,32,1,0,3,7,7,0,0,,,,1,0,0,0,0,31,6,0,0,0,0,0,16,0.0,0.0,11,17,10,135,83,0,0,0,5,37,6,46.15,346.0,0,0,0,48,163,0,4.12,0.0,22.0,,26
341589,Mahmoud Dahoud,mahmoud-dahoud,2677,VfB Stuttgart,6.74,80.9,12,1,1,0,0,0.88,1,203,25,228,89.04,94,111,44,7,0,0.0,5,0,0,0,0,2,33.33,3,1,1,7,43.75,2,28.57,9,39.13,230,33.33,0,0,0,0,0,0,1,0,2,1,0,0,1,10,62.5,1,0,0,3,42,3,9,8,269,2,0,0,0,4,0,1,0,0,,,,0,0,0,0,0,4,0,0,0,0,0,0,1,0.0,0.0,7,2,6,14,5,0,0,0,16,4,1,20.0,230.0,0,0,0,100,134,0,0.57,0.0,23.0,,13
962409,Nathan N'Goumou,nathan-ngoumou,2527,Borussia M'gladbach,6.74,215.7,32,5,2,4,2,2.94,7,313,93,406,77.09,106,216,122,16,20,38.46,37,5,1,0,0,9,32.14,31,12,13,75,49.34,9,20.93,84,43.08,1384,16.13,0,0,0,1,0,0,5,0,24,7,1,0,3,8,61.54,17,0,1,14,202,9,11,5,716,18,13,0,0,18,6,6,0,0,,,,0,0,0,0,0,26,5,0,0,0,0,0,14,0.0,0.0,16,52,28,111,34,0,0,0,13,31,22,59.46,276.8,0,0,0,133,301,1,3.75,0.0,62.0,,32
227900,Kevin Mbabu,kevin-mbabu,2600,FC Augsburg,6.74,168.5,25,0,3,0,2,3.88,2,486,199,685,70.95,212,300,167,20,29,37.66,51,24,5,0,0,26,25.74,4,1,1,105,44.49,27,61.36,132,47.14,2048,0.0,0,0,0,0,0,0,0,0,3,1,0,0,0,30,41.1,42,0,0,25,496,9,46,26,1405,26,45,0,0,17,2,2,0,0,,,,2,0,0,0,0,34,3,0,0,0,0,0,22,0.0,0.0,20,77,101,148,17,0,0,0,73,37,39,76.47,0.0,0,0,0,279,507,0,0.11,0.0,119.0,,25
1129360,Clemens Riedel,clemens-riedel,2576,Darmstadt 98,6.74,87.6,13,0,1,0,0,0.29,0,466,76,542,85.98,267,199,65,6,4,50.0,22,11,2,0,0,0,0.0,8,3,2,30,55.56,11,42.31,41,51.25,760,0.0,0,0,0,0,1,0,0,0,4,4,0,0,0,32,53.33,25,0,0,2,95,4,19,8,686,4,10,0,0,9,0,3,0,0,,,,1,0,0,0,0,16,4,0,0,0,0,0,9,0.0,0.0,6,8,8,39,15,0,0,0,60,20,13,59.09,0.0,0,0,0,292,258,0,0.28,0.0,57.0,,14
1014222,Kiliann Sildillia,kiliann-sildillia,2538,SC Freiburg,6.74,168.4,25,0,1,1,1,1.59,1,733,225,958,76.51,403,342,123,12,16,48.48,43,22,2,1,1,12,32.43,7,1,5,68,49.28,33,46.48,101,48.33,1804,0.0,0,0,0,0,0,0,0,0,4,3,0,0,0,45,42.06,62,0,0,10,374,7,78,28,1460,10,29,0,0,16,4,1,1,0,,,,6,0,0,0,0,28,5,0,0,0,0,0,20,0.0,0.0,11,33,37,108,38,0,0,0,107,33,19,44.19,0.0,0,0,0,484,511,0,0.56,5.0,107.0,,27
800444,Matthias Bader,matthias-bader,2576,Darmstadt 98,6.73,161.6,24,1,3,0,2,3.46,3,535,185,720,74.31,288,254,116,18,18,42.86,51,25,1,0,0,7,21.88,17,1,6,110,55.84,11,39.29,121,53.78,1807,5.88,0,0,0,0,0,0,1,0,7,10,0,0,1,42,37.84,17,0,0,14,299,6,89,39,1222,41,17,0,0,32,1,10,0,0,,,,2,0,0,0,0,33,8,0,0,0,0,0,21,0.0,0.0,18,42,32,104,17,0,0,0,111,41,25,49.02,1807.0,0,0,0,358,394,1,0.74,0.0,121.0,,24
842869,Maxim Leitsch,maxim-leitsch,2556,1. FSV Mainz 05,6.73,40.4,6,0,0,0,0,0.06,0,133,38,171,77.78,104,29,9,0,0,0.0,6,4,0,0,0,0,0.0,0,0,0,8,53.33,13,68.42,21,61.76,377,0.0,0,0,0,0,0,0,0,0,0,0,0,0,0,13,44.83,13,0,0,0,41,1,15,10,209,2,2,0,0,3,0,0,0,0,,,,2,0,0,0,0,2,0,0,0,0,0,0,4,0.0,0.0,0,2,0,13,6,0,0,0,29,2,3,50.0,0.0,0,0,0,116,55,0,0.0,0.0,28.0,,7
787889,Lucas Tousart,lucas-tousart,2547,1. FC Union Berlin,6.73,148.1,22,0,2,2,0,0.43,0,388,123,511,75.93,225,164,73,7,10,47.62,35,25,5,0,0,1,11.11,25,6,13,53,41.41,38,50.0,91,44.61,1577,0.0,0,0,0,0,0,0,0,0,14,11,0,0,0,18,46.15,38,0,0,13,193,4,20,7,817,8,31,0,0,20,0,6,0,0,,,,5,0,0,0,0,23,5,0,0,0,0,0,18,0.0,0.0,7,21,9,113,38,0,0,0,39,28,20,57.14,0.0,0,0,0,271,249,0,1.51,0.0,93.0,,23
268791,Philipp Förster,philipp-forster,2542,VfL Bochum 1848,6.73,87.5,13,0,0,0,0,0.83,0,147,32,179,82.12,47,109,53,9,1,50.0,9,7,1,0,0,9,32.14,6,1,1,19,51.35,2,22.22,21,45.65,395,0.0,0,0,0,0,0,0,0,0,3,3,0,0,0,4,66.67,3,0,0,7,70,7,6,2,271,9,6,0,0,4,0,4,0,0,,,,0,0,0,0,0,7,1,0,0,0,0,0,3,0.0,0.0,9,2,28,25,7,0,0,0,6,8,5,55.56,0.0,0,0,0,53,154,0,0.48,0.0,27.0,,13
826167,Sebastiaan Bornauw,sebastiaan-bornauw,2524,VfL Wolfsburg,6.73,127.8,19,0,0,1,0,0.12,0,737,104,841,87.63,557,180,31,3,4,80.0,26,18,5,0,0,0,0.0,10,4,5,34,50.0,30,54.55,64,52.03,1436,0.0,0,0,0,0,0,0,0,0,10,0,0,0,0,30,37.04,77,0,0,1,116,2,43,15,1035,5,27,0,2,6,1,1,0,0,,,,3,0,0,0,0,25,5,0,0,0,0,0,16,0.0,0.0,3,5,1,59,25,0,0,0,81,30,12,46.15,0.0,0,0,0,595,247,0,0.77,16.0,66.0,,20
97926,Danny da Costa,danny-da-costa,2556,1. FSV Mainz 05,6.73,107.6,16,0,2,0,1,1.27,1,226,93,319,70.85,106,130,75,9,7,58.33,18,16,1,0,0,10,25.0,6,1,3,29,50.0,10,33.33,39,44.32,839,0.0,0,0,0,1,0,0,0,0,3,3,0,0,0,14,36.84,23,0,0,7,174,3,26,10,612,4,7,0,0,10,0,2,0,0,,,,1,0,0,0,0,15,3,0,0,0,0,0,9,0.0,0.0,9,12,40,49,20,0,0,0,38,18,9,50.0,0.0,0,0,0,132,227,0,0.3,0.0,60.0,,19
117373,Kevin Volland,kevin-volland,2547,1. FC Union Berlin,6.72,168.1,25,3,6,8,4,2.32,7,239,120,359,66.57,87,169,95,20,6,33.33,22,6,1,1,2,17,30.36,36,14,11,40,35.09,24,36.92,64,35.75,1356,8.33,3,2,0,0,0,0,3,0,22,14,0,2,1,15,48.39,11,0,0,22,231,7,32,18,618,13,28,5,0,12,7,11,0,0,,,,1,0,0,0,0,19,3,0,0,0,0,0,17,66.67,0.0,20,18,56,115,41,0,0,1,31,22,9,40.91,452.0,1,0,0,115,300,0,5.31,0.0,56.0,,26
989371,Aster Vranckx,aster-vranckx,2524,VfL Wolfsburg,6.72,147.9,22,0,0,0,0,0.33,0,497,78,575,86.43,296,203,80,5,16,64.0,32,14,6,0,0,2,20.0,4,2,1,71,53.79,16,72.73,87,56.49,1165,0.0,0,0,0,0,0,0,0,0,0,4,0,0,0,29,50.88,29,0,0,11,122,3,37,23,797,24,29,0,0,13,0,1,0,0,,,,2,0,0,0,0,20,4,0,0,0,0,0,12,0.0,0.0,5,25,10,67,6,0,0,0,57,24,15,46.88,0.0,0,0,0,324,261,0,0.11,0.0,72.0,,24
39733,Sebastian Polter,sebastian-polter,2576,Darmstadt 98,6.72,60.5,9,0,1,1,1,0.5,1,64,42,106,60.38,18,47,29,3,2,40.0,1,0,0,0,0,1,25.0,10,3,6,13,41.94,20,58.82,33,50.77,444,0.0,0,0,0,0,0,0,0,0,10,0,0,0,0,1,100.0,4,0,0,7,75,2,4,3,180,10,9,1,0,1,2,1,0,0,,,,0,0,0,0,0,10,2,0,0,0,0,0,4,0.0,0.0,3,5,4,32,14,0,0,0,1,12,0,0.0,0.0,0,0,0,23,87,0,0.99,0.0,7.0,,9
51785,Emil Forsberg,emil-forsberg,36360,RB Leipzig,6.72,94.1,14,2,2,2,1,0.37,3,161,28,189,85.19,54,109,50,6,3,42.86,7,0,0,0,0,2,25.0,12,5,4,19,46.34,2,40.0,21,45.65,473,16.67,1,0,0,0,1,1,1,1,7,5,0,0,2,3,42.86,5,0,0,7,59,2,7,4,278,9,4,1,0,7,0,3,0,0,,,,0,0,0,0,0,5,0,0,0,0,0,0,5,0.0,100.0,6,7,8,25,3,0,0,1,7,5,3,42.86,236.5,0,0,0,62,135,0,1.45,0.0,19.0,,14
357752,Aurélio Buta,aurelio-buta,2674,Eintracht Frankfurt,6.72,194.9,29,1,0,0,1,1.65,2,722,172,894,80.76,366,367,212,9,11,36.67,40,15,5,0,0,11,23.91,13,4,3,74,48.37,29,59.18,103,50.99,1760,7.69,0,0,0,0,0,0,1,0,6,7,1,0,0,30,42.25,32,0,0,20,304,3,61,25,1373,23,23,0,0,17,1,6,0,0,,,,1,0,0,0,0,30,3,0,0,0,0,0,20,0.0,0.0,9,30,46,99,20,0,0,0,71,33,25,62.5,1760.0,0,0,0,440,500,0,0.45,0.0,94.0,,30
558680,Aaron Seydel,aaron-seydel,2576,Darmstadt 98,6.72,107.5,16,1,0,1,0,0.63,1,109,76,185,58.92,33,76,47,9,3,30.0,3,1,1,0,0,0,0.0,14,6,6,13,30.23,45,59.21,58,48.74,628,7.14,0,0,0,0,0,0,1,0,9,5,0,0,1,2,100.0,9,0,0,12,125,2,5,2,307,7,9,0,0,3,2,2,0,0,,,,0,0,0,0,0,13,2,0,0,0,0,0,5,0.0,0.0,9,10,1,61,31,0,0,0,2,15,2,66.67,628.0,0,0,0,46,140,0,1.24,0.0,14.0,,16
129927,Sargis Adamyan,sargis-adamyan,2671,1. FC Köln,6.72,127.6,19,1,4,8,2,1.05,3,131,51,182,71.98,48,83,54,12,7,41.18,14,5,2,0,0,0,0.0,31,14,9,34,41.46,14,26.92,48,35.82,827,3.23,0,0,1,0,0,0,1,0,28,3,0,1,0,3,50.0,6,0,0,17,114,3,10,6,355,13,18,1,0,5,8,8,0,0,,,,0,0,0,0,0,19,2,0,0,0,0,0,8,0.0,0.0,12,17,4,86,38,0,0,0,6,21,9,64.29,827.0,0,0,0,58,128,0,4.07,0.0,30.0,,20
962898,Leonidas Stergiou,leonidas-stergiou,2677,VfB Stuttgart,6.71,94.0,14,1,2,0,0,0.91,1,268,42,310,86.45,155,118,51,5,1,50.0,15,5,0,0,0,5,41.67,3,1,2,17,58.62,4,30.77,21,50.0,605,33.33,0,0,0,0,0,0,1,0,1,2,0,0,1,3,21.43,13,0,0,2,65,1,9,2,427,1,5,0,0,4,0,0,0,0,,,,2,0,0,0,0,5,1,0,0,0,0,0,6,0.0,0.0,5,2,12,21,9,0,0,0,14,6,8,53.33,605.0,0,0,0,172,150,0,0.35,0.0,27.0,,15
929163,Tomáš Čvančara,tomas-cvancara,2527,Borussia M'gladbach,6.71,140.9,21,4,1,8,1,0.84,5,135,77,212,63.68,44,93,46,7,5,33.33,4,2,4,0,0,2,66.67,36,13,13,21,39.62,24,44.44,45,42.06,899,11.11,2,1,0,0,1,0,3,1,31,5,0,0,4,2,66.67,8,0,0,11,129,1,7,3,358,13,9,0,0,2,4,10,0,0,,,,0,0,0,0,0,20,3,0,0,0,0,0,7,50.0,0.0,7,15,3,62,30,0,0,1,3,23,3,75.0,224.75,0,0,0,64,151,0,5.91,0.0,16.0,,21
798926,Cedric Zesiger,cedric-zesiger,2524,VfL Wolfsburg,6.71,140.9,21,0,0,1,0,0.33,0,916,167,1083,84.58,635,283,90,1,3,100.0,19,15,5,0,0,2,40.0,16,2,10,31,42.47,40,71.43,71,55.04,1634,0.0,0,0,0,1,0,0,0,0,7,9,0,0,0,48,37.21,86,0,1,6,185,1,73,27,1340,10,24,1,0,12,0,4,0,0,,,,4,0,0,0,0,26,6,0,0,0,0,0,18,0.0,0.0,1,3,5,58,16,0,0,0,129,32,9,47.37,0.0,0,0,0,689,399,0,1.33,13.0,66.0,,23
26768,Sven Ulreich,sven-ulreich,2672,FC Bayern München,6.71,73.8,11,0,0,0,0,0.01,0,276,62,338,81.66,257,19,4,1,0,0.0,1,0,1,0,0,0,0.0,0,0,0,1,100.0,1,100.0,2,100.0,990,0.0,0,0,0,0,0,0,0,0,0,0,0,0,0,38,39.18,6,1,1,0,62,0,62,24,427,0,0,0,0,0,0,0,0,19,,,,4,1,0,9,10,11,1,3,5,5,4,1,11,0.0,0.0,1,0,0,0,0,0,0,0,97,12,0,0.0,0.0,0,1,3,278,60,1,0.0,47.0,78.0,,11
995773,Dion Drena Beljo,dion-drena-beljo,2600,FC Augsburg,6.71,154.3,23,2,1,3,0,0.75,2,113,41,154,73.38,33,81,47,8,11,52.38,0,1,2,0,0,1,33.33,19,9,6,17,40.48,19,54.29,36,46.75,580,10.53,0,0,0,0,0,0,2,0,17,2,0,0,2,2,66.67,4,0,0,5,85,4,7,3,263,7,9,1,0,2,6,4,0,0,,,,0,0,0,0,0,14,0,0,0,0,0,0,3,0.0,0.0,8,21,3,41,16,0,0,0,3,14,0,0.0,290.0,0,0,0,41,116,0,2.99,0.0,12.0,,26
168985,Janik Haberer,janik-haberer,2547,1. FC Union Berlin,6.7,140.8,21,1,1,0,1,1.25,2,381,126,507,75.15,198,188,88,10,8,44.44,36,12,7,0,0,5,33.33,15,4,6,59,50.0,21,51.22,80,50.31,1229,6.67,0,0,0,0,0,0,1,0,8,7,0,0,1,17,35.42,18,0,0,5,173,8,38,21,741,16,22,0,0,23,1,5,0,0,,,,1,0,0,0,0,26,4,0,0,0,0,0,14,0.0,0.0,10,18,15,79,20,0,0,0,48,30,24,66.67,1229.0,0,0,0,233,289,0,0.92,0.0,95.0,,21
1048820,Noah Weißhaupt,noah-weisshaupt,2538,SC Freiburg,6.7,154.2,23,1,5,0,2,1.79,3,246,64,310,79.35,113,147,65,16,8,27.59,9,8,1,0,0,14,26.92,3,1,1,48,55.17,3,23.08,51,51.0,785,33.33,0,0,2,0,0,0,1,0,2,1,0,0,1,13,35.14,11,0,0,4,154,0,30,12,528,31,8,0,0,6,2,1,0,0,,,,0,0,0,0,0,13,3,0,0,0,0,0,6,0.0,0.0,16,29,52,49,10,0,0,0,37,16,4,44.44,785.0,0,0,0,132,230,0,0.46,0.0,37.0,,24
930272,Tom Krauß,tom-krauss,2556,1. FSV Mainz 05,6.7,180.9,27,1,1,0,2,0.81,3,482,157,639,75.43,241,244,112,7,3,27.27,57,17,5,0,0,3,42.86,19,2,9,76,46.63,15,57.69,91,48.15,1351,5.26,0,0,0,0,0,0,0,1,4,15,0,0,1,22,36.67,27,0,0,13,214,11,56,28,914,16,31,2,0,37,0,8,0,0,,,,0,0,0,0,0,24,1,0,0,0,0,0,13,0.0,0.0,7,11,7,98,11,0,0,0,60,25,33,57.89,1351.0,0,0,0,294,352,0,0.8,0.0,148.0,,29
1129935,Tom Bischof,tom-bischof,2569,TSG Hoffenheim,6.7,80.4,12,0,1,0,2,0.77,2,85,16,101,84.16,23,67,40,5,2,66.67,8,1,0,0,0,5,45.45,5,1,2,11,47.83,1,50.0,12,48.0,204,0.0,0,0,0,0,0,0,0,0,1,4,0,0,0,5,83.33,2,0,0,3,31,1,3,1,148,1,1,0,0,7,2,2,0,0,,,,0,0,0,0,0,4,0,0,0,0,0,0,1,0.0,0.0,5,3,11,13,1,0,0,0,6,4,4,50.0,0.0,0,0,0,26,86,0,0.37,0.0,11.0,,13
930135,Patric Pfeiffer,patric-pfeiffer,2600,FC Augsburg,6.7,67.0,10,0,1,0,1,0.63,1,189,73,262,72.14,131,59,21,4,0,0.0,11,11,0,0,0,1,100.0,11,0,5,15,60.0,20,62.5,35,61.4,509,0.0,0,0,0,1,0,0,0,0,7,4,0,0,0,20,37.04,21,0,0,1,82,0,30,14,351,4,7,0,0,1,0,6,0,0,,,,0,0,0,0,0,14,0,0,0,0,0,0,4,0.0,0.0,4,1,1,22,12,0,0,0,54,14,7,63.64,0.0,0,0,0,153,110,0,0.49,0.0,27.0,,11
147775,Benno Schmitz,benno-schmitz,2671,1. FC Köln,6.7,134.0,20,0,0,0,1,1.1,1,383,147,530,72.26,183,207,109,5,5,41.67,27,7,5,0,0,7,17.5,8,5,3,41,56.16,15,39.47,56,50.45,1160,0.0,0,0,0,0,0,0,0,0,2,6,0,0,0,23,35.38,26,0,0,0,222,3,54,26,848,10,9,0,0,17,0,0,0,0,,,,1,0,0,0,0,17,2,0,0,0,0,0,13,0.0,0.0,5,12,40,55,23,0,0,0,65,19,15,55.56,0.0,0,0,0,231,339,0,0.25,0.0,59.0,,22
1149080,Matteo Pérez Vinlöf,matteo-perez-vinlof,2672,FC Bayern München,6.7,6.7,1,0,0,0,0,0.0,0,9,1,10,90.0,7,2,1,0,0,0.0,0,1,0,0,0,0,0.0,0,0,0,1,33.33,0,0.0,1,33.33,15,0.0,0,0,0,0,0,0,0,0,0,0,0,0,0,0,0.0,0,0,0,0,4,0,1,0,19,1,1,0,0,0,0,0,0,0,,,,0,0,0,0,0,0,0,0,0,0,0,0,0,0.0,0.0,0,1,1,2,0,0,0,0,0,0,0,0.0,0.0,0,0,0,8,3,0,,0.0,1.0,,1
995316,Kilian Fischer,kilian-fischer,2524,VfL Wolfsburg,6.7,40.2,6,0,0,0,0,0.28,0,78,27,105,74.29,41,38,19,2,1,50.0,8,1,1,0,0,1,9.09,4,0,2,12,57.14,0,0.0,12,46.15,292,0.0,0,0,0,0,0,0,0,0,3,1,0,0,0,4,36.36,10,0,0,1,51,2,9,5,194,3,4,0,0,3,0,2,0,0,,,,0,0,0,0,0,4,1,0,0,0,0,0,4,0.0,0.0,2,2,11,14,5,0,0,0,11,5,6,75.0,0.0,0,0,0,56,60,0,0.38,0.0,10.0,,6
1146132,Justin Diehl,diehl-justin,2671,1. FC Köln,6.7,40.2,6,0,0,0,0,0.15,0,36,9,45,80.0,15,25,9,5,8,57.14,0,0,0,0,0,4,22.22,7,2,2,12,57.14,0,0.0,12,52.17,168,0.0,0,0,0,0,1,0,0,0,2,5,0,0,0,2,66.67,0,0,1,1,41,1,3,1,106,4,2,0,0,0,0,3,0,0,,,,0,0,0,0,0,3,0,0,0,0,0,0,1,0.0,0.0,5,14,18,11,2,0,0,0,3,3,0,0.0,0.0,0,0,0,16,47,0,0.23,0.0,8.0,,7
158233,Bouna Sarr,bouna-sarr,2672,FC Bayern München,6.7,13.4,2,0,0,1,0,0.06,0,81,11,92,88.04,42,40,13,0,1,33.33,2,0,0,0,0,1,100.0,1,1,0,4,66.67,1,50.0,5,62.5,105,0.0,0,0,0,0,0,0,0,0,1,0,0,0,0,2,66.67,0,0,0,0,16,0,2,1,118,1,0,0,0,0,0,0,0,0,,,,0,0,0,0,0,2,0,0,0,0,0,0,1,0.0,0.0,0,3,1,3,1,0,0,0,3,2,0,0.0,0.0,0,0,0,45,48,0,0.22,0.0,3.0,,2
963399,Nathanaël Mbuku,nathanael-mbuku,2600,FC Augsburg,6.7,6.7,1,0,0,0,0,0.01,0,6,1,7,85.71,1,5,4,1,0,0.0,0,0,0,0,0,0,0.0,1,0,1,0,0.0,0,0.0,0,0.0,9,0.0,0,0,0,0,0,0,0,0,0,1,0,0,0,0,0.0,0,0,0,0,2,0,0,0,10,0,0,0,0,0,0,0,0,0,,,,0,0,0,0,0,0,0,0,0,0,0,0,0,0.0,0.0,1,1,0,1,0,0,0,0,0,0,0,0.0,0.0,0,0,0,1,6,0,0.03,0.0,0.0,,1
918438,Jacob Christensen,jacob-christensen,2671,1. FC Köln,6.7,33.5,5,0,0,0,0,0.06,0,66,14,80,82.5,38,28,12,2,1,50.0,10,4,1,0,0,0,0.0,1,0,0,11,57.89,0,0.0,11,45.83,216,0.0,0,0,0,0,0,0,0,0,1,0,0,0,0,6,60.0,4,0,0,0,25,0,8,3,127,0,4,0,0,3,0,1,0,0,,,,0,0,0,0,0,4,1,0,0,0,0,0,2,0.0,0.0,2,2,5,13,5,0,0,0,10,5,6,60.0,0.0,0,0,0,41,44,0,0.02,0.0,18.0,,7
991096,David Mamutovic,david-mamutovic,2556,1. FSV Mainz 05,6.7,13.4,2,0,0,0,0,0.01,0,7,2,9,77.78,1,6,4,0,0,0.0,1,0,0,0,0,0,0.0,0,0,0,3,100.0,0,0.0,3,75.0,22,0.0,0,0,0,0,0,0,0,0,0,0,0,0,0,1,33.33,0,0,0,0,3,0,0,0,14,2,0,0,0,0,0,0,0,0,,,,0,0,0,0,0,0,0,0,0,0,0,0,0,0.0,0.0,0,0,1,1,1,0,0,0,3,0,1,100.0,0.0,0,0,0,3,7,0,0.0,0.0,2.0,,2
35194,Sebastian Rode,sebastian-rode,2674,Eintracht Frankfurt,6.7,33.5,5,0,0,0,0,0.51,0,43,12,55,78.18,18,25,13,1,0,0.0,6,1,0,0,0,0,0.0,0,0,0,7,77.78,2,40.0,9,64.29,71,0.0,0,0,0,0,0,0,0,0,0,0,0,0,0,2,50.0,1,0,0,0,15,2,6,4,70,1,0,0,0,2,0,0,0,0,,,,0,0,0,0,0,3,0,0,0,0,0,0,1,0.0,0.0,1,0,1,5,3,0,0,0,4,3,4,66.67,0.0,0,0,0,19,37,0,0.0,0.0,10.0,,8
921033,Linton Maina,linton-maina,2671,1. FC Köln,6.7,207.6,31,1,6,1,3,3.29,4,436,110,546,79.85,144,303,160,21,22,41.51,18,6,4,0,0,11,14.86,33,11,13,57,39.58,0,0.0,57,36.08,1904,3.03,0,0,0,0,0,0,1,0,17,16,0,0,1,9,52.94,11,0,0,27,279,14,22,11,915,17,10,2,0,19,5,9,0,0,,,,1,0,0,0,0,29,6,0,0,0,0,0,21,0.0,0.0,21,53,74,101,14,0,0,0,17,35,15,83.33,1904.0,0,0,0,164,456,0,1.87,0.0,92.0,,31
246431,Sven Michel,sven-michel,2600,FC Augsburg,6.7,140.6,21,2,2,2,1,0.83,3,92,66,158,58.23,30,66,38,10,10,47.62,7,0,2,0,0,4,40.0,14,7,4,21,35.59,18,36.73,39,36.11,599,14.29,2,1,0,0,0,0,2,0,10,4,0,2,0,4,57.14,4,0,0,11,121,5,9,2,275,4,12,0,0,5,4,3,0,0,,,,0,0,0,0,0,15,0,0,0,0,0,0,5,50.0,0.0,10,21,10,69,31,0,0,1,7,15,5,71.43,299.5,0,0,0,44,124,0,2.41,0.0,22.0,,22
976575,Nicolas Seiwald,nicolas-seiwald,36360,RB Leipzig,6.7,133.9,20,0,0,0,2,0.41,2,319,64,383,83.29,204,116,44,6,4,66.67,33,8,1,0,0,1,25.0,0,0,0,38,61.29,6,42.86,44,57.89,729,0.0,0,0,0,0,0,0,0,0,0,0,0,0,0,24,55.81,14,0,0,8,83,0,34,23,491,1,5,0,1,9,0,0,1,0,,,,0,0,0,0,0,12,2,0,0,0,0,0,6,0.0,0.0,5,6,4,32,8,0,0,0,43,14,18,54.55,0.0,0,0,0,230,157,0,0.0,0.0,50.0,,21
918437,Mikkel Kaufmann,mikkel-kaufmann,2547,1. FC Union Berlin,6.69,107.1,16,1,2,1,0,0.4,1,65,55,120,54.17,22,44,30,4,3,30.0,6,1,0,0,0,1,20.0,15,6,7,19,38.0,26,43.33,45,40.91,494,6.67,0,0,0,0,0,0,0,1,10,5,0,0,1,4,66.67,4,0,0,10,103,4,7,5,240,10,7,0,0,7,0,2,0,0,,,,0,0,0,0,0,7,0,0,0,0,0,0,4,0.0,0.0,4,10,5,65,34,0,0,0,6,7,3,50.0,494.0,0,0,0,30,95,0,1.29,0.0,19.0,,18
987504,Patrick Wimmer,patrick-wimmer,2524,VfL Wolfsburg,6.69,73.6,11,2,0,3,0,0.31,2,125,59,184,67.93,48,77,48,4,8,47.06,14,3,3,1,1,0,0.0,10,4,4,33,45.83,13,59.09,46,48.94,594,20.0,0,0,0,0,0,0,2,0,8,2,0,1,1,5,50.0,3,0,0,6,110,4,8,5,316,11,14,1,0,10,1,2,0,0,,,,0,0,0,0,0,6,2,0,0,0,0,0,8,0.0,0.0,4,17,12,48,9,0,0,0,10,8,5,35.71,297.0,0,0,0,62,134,0,1.42,0.0,27.0,,14
136922,Dominique Heintz,dominique-heintz,2671,1. FC Köln,6.69,73.6,11,0,0,0,0,0.72,0,296,50,346,85.55,188,114,42,7,3,75.0,12,3,0,0,0,6,26.09,0,0,0,18,54.55,12,52.17,30,53.57,572,0.0,0,0,0,0,0,0,0,0,0,0,0,0,0,19,45.24,27,0,0,3,85,0,22,7,501,4,7,0,0,4,1,0,0,0,,,,1,0,0,0,0,7,2,0,0,0,0,0,6,0.0,0.0,7,4,23,26,11,0,0,0,42,9,5,41.67,0.0,0,0,0,203,166,0,0.08,5.0,30.0,,12
865554,Christoph Klarer,christoph-klarer,2576,Darmstadt 98,6.69,200.7,30,2,2,1,2,0.95,4,1037,146,1183,87.66,761,277,85,12,6,85.71,37,21,9,0,0,1,12.5,9,2,6,56,55.45,42,51.85,98,53.85,2356,22.22,0,0,0,0,0,0,2,0,9,0,0,1,1,76,52.05,90,0,1,6,169,0,67,32,1473,13,29,0,0,12,4,1,0,0,,,,2,0,0,0,0,52,13,0,0,0,0,0,28,0.0,0.0,12,7,8,84,39,0,0,0,146,65,22,59.46,1178.0,0,0,0,810,381,1,1.21,0.0,87.0,,30
311676,Jonas Föhrenbach,jonas-fohrenbach,5885,1. FC Heidenheim,6.69,220.7,33,0,0,0,0,1.43,0,809,287,1096,73.81,490,334,168,13,8,33.33,44,31,2,0,0,15,20.55,12,0,6,68,53.97,38,63.33,106,56.99,2790,0.0,0,0,0,0,0,0,0,0,6,6,0,0,0,102,43.78,61,0,0,11,467,4,141,63,1770,17,15,1,1,17,2,6,0,0,,,,5,0,0,0,0,49,4,0,0,0,0,0,32,0.0,0.0,13,24,73,80,22,0,0,0,233,53,24,54.55,0.0,0,0,0,585,584,0,0.49,0.0,148.0,,33
940054,Karim Adeyemi,karim-adeyemi,2673,Borussia Dortmund,6.69,133.7,20,3,3,4,1,1.58,4,205,58,263,77.95,80,128,75,9,18,36.0,16,3,4,0,1,3,12.0,23,10,9,53,37.59,14,60.87,67,40.85,911,13.04,0,0,0,0,0,0,3,0,18,5,0,2,1,4,44.44,4,0,0,25,177,10,9,4,515,19,20,0,0,12,1,4,0,0,,,,0,0,0,0,0,14,1,0,0,0,0,0,10,0.0,0.0,9,50,25,97,9,0,0,0,9,15,14,87.5,303.67,1,0,0,95,193,0,3.48,0.0,60.0,,21
151581,Leart Paqarada,leart-paqarada,2671,1. FC Köln,6.68,113.6,17,0,3,0,0,2.96,0,374,143,517,72.34,185,212,100,22,7,70.0,21,10,0,0,0,23,25.0,10,4,3,36,57.14,9,30.0,45,48.39,1073,0.0,0,0,0,0,3,0,0,0,0,10,0,0,0,24,35.29,26,0,1,6,244,6,74,28,862,8,7,0,0,11,1,3,0,0,,,,0,0,0,0,0,26,5,0,0,0,0,0,11,0.0,0.0,22,10,92,48,21,0,0,0,68,31,11,52.38,0.0,0,0,0,241,368,0,0.37,0.0,56.0,,17
1064842,Denis Huseinbašić,denis-huseinbasic,2671,1. FC Köln,6.68,173.7,26,0,0,0,3,0.72,3,667,102,769,86.74,329,340,154,16,10,45.45,38,13,5,0,0,2,13.33,12,3,4,62,48.06,8,50.0,70,48.28,1637,0.0,0,0,0,0,0,0,0,0,2,10,0,0,0,29,52.73,11,0,0,19,168,6,42,22,1001,14,28,0,0,11,0,5,0,0,,,,1,0,0,0,0,32,4,0,0,0,0,0,18,0.0,0.0,16,22,15,75,8,0,0,0,55,36,18,47.37,0.0,0,0,0,356,428,0,0.34,0.0,114.0,,26
1083410,Umut Tohumcu,umut-tohumcu,2569,TSG Hoffenheim,6.68,133.6,20,0,3,0,2,1.95,2,363,46,409,88.75,166,200,98,9,3,20.0,16,6,5,0,0,3,50.0,15,3,4,43,48.31,2,16.67,45,44.55,1012,0.0,0,0,0,0,0,0,0,0,3,12,0,0,0,18,62.07,10,0,0,11,89,3,25,17,561,24,10,0,0,13,0,8,0,0,,,,0,0,0,0,0,15,2,0,0,0,0,0,12,0.0,0.0,9,15,6,56,10,0,0,0,29,17,12,75.0,0.0,0,0,0,177,238,0,0.47,0.0,62.0,,20
142568,Christoph Zimmermann,christoph-zimmermann,2576,Darmstadt 98,6.68,120.2,18,0,0,0,0,0.31,0,451,97,548,82.3,325,126,41,3,2,66.67,33,21,5,0,0,0,0.0,4,1,2,45,55.56,29,58.0,74,56.49,1224,0.0,0,0,0,0,0,0,0,0,4,0,0,0,0,46,50.0,66,0,1,2,110,0,63,35,750,10,13,0,1,20,1,1,0,0,,,,1,0,0,0,0,28,6,0,0,0,0,0,12,0.0,0.0,3,3,0,57,21,0,0,0,92,34,21,63.64,0.0,0,0,0,360,188,0,0.3,0.0,53.0,,19
834986,Robert Gumny,robert-gumny,2600,FC Augsburg,6.68,86.8,13,0,1,0,0,0.15,0,101,35,136,74.26,51,52,25,2,5,55.56,6,7,3,0,0,2,25.0,3,1,1,16,51.61,3,60.0,19,52.78,493,0.0,0,0,0,0,0,0,0,0,2,1,0,0,0,5,45.45,13,0,0,1,76,1,10,6,274,5,7,0,0,4,0,1,0,0,,,,0,0,0,0,0,9,0,0,0,0,0,0,6,0.0,0.0,2,9,8,17,2,0,0,0,11,9,5,83.33,0.0,0,0,0,65,79,0,0.21,0.0,22.0,,13
361790,Donny van de Beek,donny-van-de-beek,2674,Eintracht Frankfurt,6.68,53.4,8,0,1,0,0,0.56,0,107,25,132,81.06,58,51,29,3,3,50.0,8,3,1,0,0,2,28.57,1,0,0,12,41.38,4,44.44,16,42.11,357,0.0,0,0,0,0,0,0,0,0,1,0,0,0,0,1,33.33,1,0,0,3,43,0,2,1,182,1,7,0,0,4,5,1,0,0,,,,0,0,0,0,0,3,0,0,0,0,0,0,4,0.0,0.0,3,6,7,22,5,0,0,0,3,3,3,37.5,0.0,0,0,0,70,69,0,0.09,0.0,15.0,,8
33901,Tony Jantschke,tony-jantschke,2527,Borussia M'gladbach,6.68,26.7,4,0,0,0,0,0.01,0,12,0,12,100.0,7,5,2,0,0,0.0,1,1,0,0,0,0,0.0,0,0,0,3,75.0,2,50.0,5,62.5,45,0.0,0,0,0,0,0,0,0,0,0,0,0,0,0,0,0.0,4,0,0,0,0,0,2,2,24,2,1,0,0,0,0,0,0,0,,,,0,0,0,0,0,1,0,0,0,0,0,0,0,0.0,0.0,0,0,0,3,2,0,0,0,0,1,1,100.0,0.0,0,0,0,7,5,0,0.0,0.0,1.0,,4
1131339,Jordy Makengo,jordy-makengo,2538,SC Freiburg,6.67,126.8,19,0,0,0,0,0.54,0,397,68,465,85.38,201,201,89,5,12,54.55,17,11,1,0,0,5,21.74,3,0,3,40,56.34,17,51.52,57,54.81,1027,0.0,0,0,0,2,0,0,0,0,2,1,0,0,0,15,39.47,35,0,0,5,125,4,15,8,697,11,14,0,0,4,1,0,0,0,,,,3,0,0,0,0,12,5,0,0,0,0,0,10,0.0,0.0,5,22,23,47,16,0,0,0,38,17,11,64.71,0.0,0,0,0,231,257,0,0.21,0.0,46.0,,20
113920,Stefan Lainer,stefan-lainer,2527,Borussia M'gladbach,6.67,100.1,15,0,1,1,1,1.09,1,319,82,401,79.55,180,143,70,8,2,25.0,23,5,2,0,0,4,21.05,3,0,3,32,53.33,7,36.84,39,49.37,749,0.0,0,0,0,0,0,0,0,0,3,0,0,0,0,13,33.33,23,0,0,4,128,2,35,17,599,7,8,1,0,10,1,0,0,0,,,,0,0,0,0,0,14,4,0,0,0,0,0,8,0.0,0.0,8,8,19,40,12,0,0,0,39,18,16,69.57,0.0,0,0,0,213,207,0,0.2,0.0,33.0,,15
893962,Lennard Maloney,lennard-maloney,5885,1. FC Heidenheim,6.67,193.5,29,1,2,3,1,1.33,2,695,238,933,74.49,456,239,104,8,6,75.0,43,25,1,0,0,0,0.0,14,3,6,61,40.67,70,58.33,131,48.52,2300,7.14,0,0,0,2,0,0,1,0,10,4,1,0,0,64,42.67,82,0,0,11,277,7,86,40,1249,15,44,0,1,34,0,5,0,0,,,,4,0,0,0,0,41,3,0,0,0,0,0,27,0.0,0.0,8,8,4,139,50,0,0,0,150,44,26,60.47,2300.0,0,0,0,536,401,0,0.75,0.0,132.0,,29
232306,Timo Werner,timo-werner,36360,RB Leipzig,6.67,46.7,7,2,0,2,0,0.1,2,56,24,80,70.0,17,41,18,2,5,55.56,2,1,0,0,0,2,50.0,9,6,1,7,38.89,0,0.0,7,35.0,204,22.22,1,1,0,0,0,0,2,0,8,1,0,0,2,2,50.0,0,0,0,5,39,1,3,1,121,0,2,0,0,0,0,2,0,0,,,,0,0,0,0,0,4,0,0,0,0,0,0,2,100.0,0.0,2,9,4,13,2,0,0,0,4,4,1,50.0,102.0,0,0,0,23,61,0,2.36,0.0,7.0,,8
359236,Chris Bedia,chris-bedia,2547,1. FC Union Berlin,6.67,46.7,7,1,0,0,0,0.17,1,14,6,20,70.0,2,12,7,3,2,100.0,2,0,0,0,0,0,0.0,3,1,0,5,45.45,4,33.33,9,39.13,144,33.33,0,0,0,0,0,0,1,0,2,1,0,1,0,0,0.0,2,0,0,1,13,0,0,0,44,2,7,0,0,1,0,2,0,0,,,,0,0,0,0,0,5,0,0,0,0,0,0,0,0.0,0.0,3,2,0,14,8,0,0,0,0,5,1,50.0,144.0,0,0,0,2,18,0,0.2,0.0,2.0,,7
149731,Sébastien Haller,sebastien-haller,2673,Borussia Dortmund,6.67,93.4,14,0,0,0,1,0.91,1,78,37,115,67.83,27,51,40,5,4,80.0,1,0,2,0,0,0,0.0,7,2,2,13,56.52,21,47.73,34,50.75,402,0.0,0,0,0,1,0,0,0,0,7,0,0,0,0,2,100.0,7,0,0,4,54,1,2,2,178,10,8,0,0,0,3,3,0,0,,,,0,0,0,0,0,5,0,0,0,0,0,0,5,0.0,0.0,5,5,0,33,23,0,0,0,2,5,0,0.0,0.0,0,0,0,35,80,0,0.94,0.0,10.0,,14
254449,Marvin Friedrich,marvin-friedrich,2527,Borussia M'gladbach,6.67,160.1,24,0,0,2,0,0.12,0,738,142,880,83.86,579,159,40,5,2,66.67,23,17,1,0,0,0,0.0,12,2,8,34,62.96,38,66.67,72,64.86,1569,0.0,0,0,0,0,0,0,0,0,10,2,0,0,0,28,26.17,86,0,0,1,162,0,64,19,1112,10,10,1,0,8,0,2,0,0,,,,2,0,0,0,0,35,4,0,0,0,0,0,17,0.0,0.0,5,3,2,39,19,0,0,0,107,39,15,65.22,0.0,0,0,0,640,242,1,0.57,1.0,68.0,,24
110508,Mark Uth,mark-uth,2671,1. FC Köln,6.67,66.7,10,0,2,4,1,0.73,1,102,33,135,75.56,43,66,39,10,4,44.44,8,1,2,0,0,7,22.58,12,5,2,24,46.15,3,50.0,27,46.55,369,0.0,0,0,0,0,1,0,0,0,9,3,0,0,0,6,54.55,1,0,0,8,86,2,12,6,255,12,9,0,0,8,0,5,0,0,,,,0,0,0,0,0,7,2,0,0,0,0,0,3,0.0,0.0,10,9,31,31,3,0,0,0,11,9,4,50.0,0.0,0,0,0,50,116,0,2.03,0.0,24.0,,11
1196903,Nacho Ferri,nacho-ferri,2674,Eintracht Frankfurt,6.67,40.0,6,1,0,1,0,0.02,1,13,12,25,52.0,5,8,5,1,0,0.0,3,0,0,0,0,0,0.0,5,2,0,5,50.0,9,50.0,14,50.0,84,20.0,0,0,0,0,0,0,1,0,3,2,0,0,1,0,0.0,2,0,0,2,22,0,1,0,51,2,1,0,0,1,0,3,0,0,,,,0,0,0,0,0,1,0,0,0,0,0,0,0,0.0,0.0,1,1,0,14,9,0,0,0,1,1,3,100.0,84.0,0,0,0,6,19,0,1.18,0.0,2.0,,8
343971,Ludovic Ajorque,ludovic-ajorque,2556,1. FSV Mainz 05,6.66,159.9,24,2,0,9,0,1.6,2,318,130,448,70.98,133,185,104,16,2,20.0,3,4,4,0,0,0,0.0,29,11,13,19,26.76,79,46.47,98,40.66,1388,6.9,2,0,0,0,0,0,2,0,25,4,2,0,0,9,56.25,10,0,0,10,196,8,17,14,626,15,28,2,0,9,5,5,0,0,,,,1,0,0,0,0,24,2,0,0,0,0,0,15,0.0,0.0,16,10,3,143,91,0,0,2,16,26,2,66.67,694.0,0,0,0,161,290,0,5.31,0.0,49.0,,26
168861,Marnon Busch,marnon-busch,5885,1. FC Heidenheim,6.66,99.9,15,0,0,0,0,0.53,0,231,76,307,75.24,124,109,60,5,3,75.0,11,10,1,0,0,2,7.69,5,1,4,18,52.94,8,34.78,26,45.61,608,0.0,0,0,0,0,1,0,0,0,0,5,0,0,0,28,49.12,10,0,0,1,134,2,22,13,481,4,9,0,0,5,0,0,0,0,,,,1,0,0,0,0,11,1,0,0,0,0,0,5,0.0,0.0,5,4,26,31,15,0,0,0,57,12,9,81.82,0.0,0,0,0,151,182,0,0.15,0.0,33.0,,16
988252,Tim Siersleben,tim-siersleben,5885,1. FC Heidenheim,6.66,79.9,12,0,2,0,0,0.41,0,453,101,554,81.77,313,140,44,3,0,0.0,27,21,1,0,0,0,0.0,3,0,3,32,51.61,13,54.17,45,52.33,914,0.0,0,0,0,2,0,0,0,0,2,1,0,0,0,51,45.95,29,0,1,2,114,0,72,30,685,5,16,0,0,12,0,0,0,0,,,,1,0,0,0,0,21,2,0,0,0,0,0,10,0.0,0.0,3,2,1,41,11,0,0,0,111,23,11,40.74,0.0,0,0,0,337,218,0,0.17,0.0,59.0,,14
1002920,Joe Scally,joe-scally,2527,Borussia M'gladbach,6.66,206.4,31,1,3,1,4,1.46,5,866,192,1058,81.85,551,326,125,16,11,35.48,41,18,4,0,0,11,23.91,11,1,8,98,57.65,22,40.74,120,53.57,2242,9.09,0,0,0,0,0,0,0,1,6,5,0,0,1,38,38.38,71,0,2,21,326,3,69,24,1669,46,16,0,0,17,1,2,0,0,,,,3,0,0,0,0,44,6,0,0,0,0,0,25,0.0,0.0,16,31,46,104,32,0,0,0,99,50,28,68.29,2242.0,0,0,0,646,458,0,0.56,0.0,92.0,,31
138143,Nikola Dovedan,nikola-dovedan,5885,1. FC Heidenheim,6.66,126.5,19,3,2,0,1,0.83,4,122,70,192,63.54,43,80,44,8,8,38.1,14,1,0,1,1,1,12.5,14,5,2,46,44.23,6,19.35,52,38.52,657,21.43,0,0,0,0,0,0,3,0,9,5,1,0,2,7,30.43,3,0,0,15,134,3,21,8,352,24,10,0,0,20,0,7,0,0,,,,0,0,0,0,0,9,2,0,0,0,0,0,5,0.0,0.0,8,21,8,83,25,0,0,0,23,11,9,64.29,219.0,0,0,0,62,138,0,1.92,0.0,43.0,,21
35976,Pavao Pervan,pavao-pervan,2524,VfL Wolfsburg,6.66,59.9,9,0,0,0,0,0.01,0,190,71,261,72.8,164,26,4,0,0,0.0,0,0,1,0,0,0,0.0,0,0,0,0,0.0,2,100.0,2,100.0,810,0.0,0,0,0,0,0,0,0,0,0,0,0,0,0,54,45.0,5,0,0,0,71,0,51,28,329,1,0,0,0,0,0,0,0,20,,,,2,0,0,18,2,13,4,1,0,0,1,0,9,0.0,0.0,0,0,0,0,0,0,0,0,120,17,0,0.0,0.0,0,0,3,184,77,0,,37.0,71.0,,9
991604,Fabio Carvalho,fabio-carvalho,36360,RB Leipzig,6.66,59.9,9,0,0,0,0,0.23,0,70,15,85,82.35,25,46,33,2,3,50.0,3,0,0,0,0,1,16.67,3,2,0,9,56.25,2,40.0,11,52.38,189,0.0,0,0,0,0,0,0,0,0,3,0,0,0,0,0,0.0,1,0,0,2,33,1,1,0,126,3,0,0,0,2,0,1,0,0,,,,0,0,0,0,0,0,0,0,0,0,0,0,1,0.0,0.0,2,6,6,10,3,0,0,0,2,0,1,33.33,0.0,0,0,0,28,63,0,0.22,0.0,12.0,,9
830551,Rogério,rogerio,2524,VfL Wolfsburg,6.65,86.5,13,1,0,1,0,0.92,1,354,73,427,82.9,170,194,79,6,4,23.53,14,5,0,0,0,10,37.04,4,2,2,29,47.54,8,36.36,37,44.58,910,25.0,0,0,0,0,0,0,1,0,3,1,0,1,0,15,42.86,17,0,1,8,131,3,26,14,691,12,7,0,0,4,0,0,0,0,,,,0,0,0,0,0,15,0,0,0,0,0,0,10,0.0,0.0,6,17,27,46,14,0,0,0,35,15,6,42.86,910.0,0,0,0,198,256,0,0.34,0.0,55.0,,13
983540,Tiago Tomás,tiago-tomas,2524,VfL Wolfsburg,6.65,166.3,25,1,2,3,1,0.89,2,176,72,248,70.97,72,108,58,10,21,42.86,5,3,3,0,0,4,14.29,27,10,8,52,44.07,15,51.72,67,45.58,1042,3.7,0,0,0,0,0,0,1,0,23,4,0,0,1,3,30.0,8,0,0,23,200,10,13,7,513,26,12,1,0,5,3,9,0,0,,,,0,0,0,0,0,19,1,0,0,0,0,0,11,0.0,0.0,10,49,28,80,14,0,0,0,10,20,2,40.0,1042.0,0,0,0,85,191,0,2.68,0.0,37.0,,26
1390682,Mert Kömür,mert-komur,2600,FC Augsburg,6.65,26.6,4,1,0,0,0,0.09,1,28,4,32,87.5,5,24,12,1,0,0.0,3,0,0,0,0,1,100.0,2,1,0,5,35.71,0,0.0,5,33.33,116,50.0,0,0,0,0,0,0,1,0,2,0,0,0,1,0,0.0,1,0,0,2,11,0,1,1,54,2,2,0,0,2,0,1,0,0,,,,0,0,0,0,0,3,0,0,0,0,0,0,1,0.0,0.0,1,3,1,10,1,0,0,0,0,3,3,100.0,116.0,0,0,0,7,26,0,0.2,0.0,3.0,,4
988203,Rasmus Carstensen,rasmus-carstensen,2671,1. FC Köln,6.65,146.3,22,0,5,1,0,3.32,0,446,171,617,72.29,220,237,120,16,13,52.0,47,20,0,0,1,11,18.97,10,4,3,72,47.37,17,47.22,89,47.34,1659,0.0,0,0,0,1,0,0,0,0,7,3,0,0,0,18,33.33,48,0,2,22,307,7,32,7,1131,13,22,0,0,25,3,3,0,0,,,,1,0,0,0,0,35,5,0,0,0,0,0,18,0.0,0.0,16,25,58,99,19,0,0,0,54,40,22,46.81,0.0,1,0,0,287,388,0,0.87,0.0,95.0,,23
920022,Omar Haktab Traore,omar-haktab-traore,5885,1. FC Heidenheim,6.65,206.1,31,0,2,0,2,1.79,2,646,226,872,74.08,346,318,160,20,20,43.48,60,40,5,0,0,18,24.66,11,1,5,109,53.69,17,47.22,126,52.72,2474,0.0,0,0,0,1,0,0,0,0,2,9,0,0,0,40,30.53,45,0,1,17,446,7,79,22,1615,31,30,0,0,24,1,5,1,0,,,,2,0,0,0,0,42,4,0,0,0,0,0,29,0.0,0.0,19,46,73,113,19,0,0,0,131,46,33,55.0,0.0,0,0,0,407,538,0,0.27,0.0,155.0,,31
146500,Jérôme Roussillon,jerome-roussillon,2547,1. FC Union Berlin,6.65,152.9,23,0,1,1,1,0.57,1,190,62,252,75.4,95,100,58,8,5,50.0,16,5,2,0,0,5,23.81,7,4,0,31,59.62,9,52.94,40,57.97,773,0.0,0,0,0,0,0,0,0,0,3,4,0,0,0,12,40.0,24,0,0,8,124,2,32,19,488,10,4,0,0,4,0,3,0,0,,,,0,0,0,0,0,10,2,0,0,0,0,0,8,0.0,0.0,8,10,21,29,8,0,0,0,30,12,9,56.25,0.0,0,0,0,118,155,0,0.33,0.0,52.0,,23
845742,Adrian Beck,adrian-beck,5885,1. FC Heidenheim,6.65,139.6,21,1,2,2,1,0.59,2,310,112,422,73.46,151,159,96,11,21,61.76,22,4,1,0,0,0,0.0,12,3,6,52,47.27,19,40.43,71,45.22,971,8.33,0,0,0,0,0,0,1,0,10,2,0,1,0,15,48.39,15,0,0,18,177,9,19,6,615,10,14,1,0,15,2,3,0,0,,,,0,0,0,0,0,19,1,0,0,0,0,0,11,0.0,0.0,11,34,6,86,28,0,0,0,31,20,13,59.09,971.0,0,0,0,178,250,0,1.75,0.0,76.0,,23
254119,Marius Wolf,marius-wolf,2673,Borussia Dortmund,6.65,139.6,21,0,3,2,1,2.32,1,566,160,726,77.96,277,301,145,11,11,50.0,20,8,2,0,0,12,26.67,9,1,5,38,50.67,6,42.86,44,49.44,1174,0.0,0,0,0,1,0,0,0,0,5,4,0,0,0,27,35.06,16,0,0,5,247,9,53,22,1047,7,12,0,0,12,1,3,0,0,,,,0,0,0,0,0,21,1,0,0,0,0,0,12,0.0,0.0,11,22,45,45,8,0,0,0,77,22,12,60.0,0.0,0,0,0,330,441,0,0.77,0.0,79.0,,22
973431,Brenden Aaronson,brenden-aaronson,2547,1. FC Union Berlin,6.65,199.4,30,2,4,2,2,1.95,4,348,86,434,80.18,127,226,132,22,34,45.33,32,2,1,0,1,5,22.73,18,7,6,91,45.73,13,43.33,104,45.41,1280,11.11,0,0,0,0,0,0,2,0,13,5,0,1,1,9,64.29,3,0,0,38,229,8,9,7,774,25,15,0,0,16,5,5,0,0,,,,0,0,0,0,0,20,3,0,0,0,0,0,14,0.0,0.0,22,75,22,125,17,0,0,0,14,23,18,56.25,640.0,1,0,0,152,304,0,1.99,0.0,88.0,,30
940393,Maximilian Bauer,maximilian-bauer,2600,FC Augsburg,6.65,86.4,13,1,0,1,0,0.07,1,414,61,475,87.16,307,107,40,0,2,66.67,19,11,3,0,0,0,0.0,4,1,1,31,58.49,18,51.43,49,55.68,808,25.0,0,0,0,0,0,0,1,0,4,0,0,0,1,21,44.68,29,0,1,0,75,1,31,7,603,11,13,0,0,8,0,2,0,0,,,,0,0,0,0,0,21,1,0,0,0,0,0,9,0.0,0.0,0,3,1,39,17,0,0,0,47,22,12,63.16,808.0,0,0,0,332,144,0,1.37,7.0,27.0,,14
206620,Florian Pick,florian-pick,5885,1. FC Heidenheim,6.64,119.6,18,0,2,0,1,1.15,1,104,41,145,71.72,30,84,47,9,11,45.83,4,2,2,0,0,10,31.25,8,1,4,22,44.9,5,50.0,27,45.76,352,0.0,0,0,0,0,0,0,0,0,1,7,0,0,0,5,35.71,1,0,0,7,93,4,13,5,261,7,6,1,0,1,1,3,0,0,,,,0,0,0,0,0,8,0,0,0,0,0,0,1,0.0,0.0,9,24,32,32,5,0,0,0,14,8,4,100.0,0.0,0,0,0,37,140,0,0.29,0.0,29.0,,22
171927,Maximilian Philipp,maximilian-philipp,2538,SC Freiburg,6.64,106.3,16,1,1,0,0,0.43,1,80,25,105,76.19,33,48,25,3,0,0.0,8,1,2,0,0,1,25.0,9,3,4,11,34.38,7,31.82,18,33.33,348,11.11,0,0,0,0,0,0,1,0,9,0,0,0,1,0,0.0,3,0,0,7,45,2,1,1,165,3,10,1,0,5,0,2,0,0,,,,0,0,0,0,0,7,0,0,0,0,0,0,1,0.0,0.0,3,1,4,36,15,0,0,0,2,7,5,62.5,348.0,0,0,0,42,67,0,0.49,0.0,11.0,,17
286103,Dawid Kownacki,dawid-kownacki,2534,SV Werder Bremen,6.64,126.2,19,0,0,2,0,0.6,0,67,36,103,65.05,17,50,30,5,2,66.67,1,0,0,0,0,0,0.0,19,4,9,12,40.0,29,50.0,41,46.59,416,0.0,0,0,0,0,0,0,0,0,17,2,0,0,0,0,0.0,1,0,0,5,64,2,7,4,176,9,9,1,0,3,1,6,0,0,,,,0,0,0,0,0,9,0,0,0,0,0,0,3,0.0,0.0,5,3,3,47,29,0,0,0,2,9,1,100.0,0.0,0,0,0,25,81,0,1.31,0.0,8.0,,22
975800,Benedict Hollerbach,benedict-hollerbach,2547,1. FC Union Berlin,6.64,185.9,28,5,2,4,0,1.42,5,242,104,346,69.94,89,162,88,14,30,42.25,17,4,2,0,0,9,20.45,34,10,8,66,32.84,19,33.33,85,32.95,1289,14.71,0,0,0,0,0,0,3,2,24,10,0,2,3,10,62.5,2,0,0,52,309,12,16,7,765,20,29,1,0,15,5,16,0,0,,,,0,0,0,0,0,24,2,0,0,0,0,0,15,0.0,0.0,14,71,44,173,38,0,0,0,16,26,11,64.71,257.8,0,0,0,110,280,0,3.42,0.0,59.0,,28
838232,Eljif Elmas,eljif-elmas,36360,RB Leipzig,6.64,92.9,14,0,0,1,0,0.38,0,98,18,116,84.48,36,62,37,2,5,62.5,8,1,0,0,0,0,0.0,10,4,4,17,54.84,0,0.0,17,50.0,290,0.0,0,0,0,0,1,0,0,0,8,2,0,0,0,1,25.0,2,0,0,6,35,0,5,3,175,4,4,1,0,2,0,2,0,0,,,,0,0,0,0,0,3,0,0,0,0,0,0,2,0.0,0.0,2,8,0,17,3,0,0,0,4,3,6,75.0,0.0,0,0,0,39,77,0,0.81,0.0,9.0,,14
825740,Alex Král,alex-kral,2547,1. FC Union Berlin,6.63,152.6,23,0,1,2,0,0.49,0,328,123,451,72.73,162,169,83,5,5,50.0,19,11,2,0,0,3,17.65,18,5,9,37,46.25,16,48.48,53,46.9,1375,0.0,0,0,0,0,0,0,0,0,7,11,0,0,0,16,36.36,28,0,0,12,180,8,53,20,653,13,16,0,0,12,2,4,0,0,,,,2,0,0,0,0,19,4,0,0,0,0,0,13,0.0,0.0,5,10,17,60,17,0,0,0,44,23,14,73.68,0.0,0,0,0,194,274,0,1.65,0.0,85.0,,24
856594,Aymen Barkok,aymen-barkok,2556,1. FSV Mainz 05,6.63,79.6,12,1,0,3,0,0.57,1,108,55,163,66.26,35,76,43,5,2,33.33,9,2,2,0,0,3,23.08,12,7,3,14,34.15,11,44.0,25,37.88,323,8.33,1,0,0,0,0,0,1,0,7,5,0,1,0,6,50.0,1,0,0,5,89,3,19,8,248,3,15,0,0,3,0,2,0,0,,,,0,0,0,0,0,6,1,0,0,0,0,0,1,0.0,0.0,5,6,13,41,14,0,0,1,12,7,5,55.56,323.0,0,0,0,46,130,0,1.7,0.0,18.0,,13
856668,Paul Jaeckel,paul-jaeckel,2547,1. FC Union Berlin,6.63,39.8,6,0,0,0,0,0.08,0,120,14,134,89.55,84,36,8,2,0,0.0,7,4,0,0,0,0,0.0,0,0,0,9,64.29,5,71.43,14,66.67,243,0.0,0,0,0,0,0,0,0,0,0,0,0,0,0,16,66.67,7,0,0,1,17,0,10,8,167,2,0,0,0,4,0,0,0,0,,,,0,0,0,0,0,5,1,0,0,0,0,0,2,0.0,0.0,2,0,0,7,2,0,0,0,24,6,2,28.57,0.0,0,0,0,89,45,0,0.0,0.0,14.0,,6
1049628,Andreas Müller,andreas-muller,2576,Darmstadt 98,6.63,66.3,10,0,0,0,0,0.1,0,128,37,165,77.58,70,58,27,1,0,0.0,14,4,3,0,0,0,0.0,3,1,2,17,54.84,4,80.0,21,58.33,341,0.0,0,0,0,0,0,0,0,0,0,3,0,0,0,2,18.18,4,0,0,2,47,1,10,4,219,4,5,0,0,5,0,0,0,0,,,,0,0,0,0,0,7,0,0,0,0,0,0,2,0.0,0.0,1,2,2,15,1,0,0,0,11,7,9,64.29,0.0,0,0,0,79,88,0,0.11,0.0,20.0,,11
122578,Denis Thomalla,denis-thomalla,5885,1. FC Heidenheim,6.63,112.7,17,0,1,0,0,0.81,0,142,45,187,75.94,59,84,36,4,2,100.0,9,4,0,0,0,1,50.0,3,0,0,13,44.83,18,52.94,31,49.21,444,0.0,0,0,0,0,0,0,0,0,3,0,0,0,0,10,71.43,11,0,0,4,53,2,16,8,245,2,6,0,0,6,0,3,0,0,,,,0,0,0,0,0,10,1,0,0,0,0,0,3,0.0,0.0,4,2,2,32,16,0,0,0,14,11,6,66.67,0.0,0,0,0,70,119,0,0.28,0.0,29.0,,21
914877,Fraser Hornby,fraser-hornby,2576,Darmstadt 98,6.63,46.4,7,0,2,1,0,0.53,0,33,23,56,58.93,10,24,14,5,1,25.0,0,0,1,0,0,1,25.0,10,2,5,2,14.29,11,44.0,13,33.33,220,0.0,0,0,0,0,0,0,0,0,10,0,0,0,0,1,100.0,4,0,0,4,39,2,2,1,97,1,5,0,0,1,1,3,0,0,,,,0,0,0,0,0,6,0,0,0,0,0,0,1,0.0,0.0,5,4,4,26,14,0,0,0,1,6,0,0.0,0.0,0,0,0,12,48,0,0.65,0.0,8.0,,7
1030711,David Jurásek,david-jurasek,2569,TSG Hoffenheim,6.63,72.9,11,0,1,0,1,0.76,1,125,59,184,67.93,64,66,30,6,3,25.0,14,3,1,0,0,5,20.83,5,2,2,18,43.9,5,62.5,23,46.94,490,0.0,0,0,0,0,0,0,0,0,1,4,0,0,0,4,19.05,21,0,1,1,108,1,21,7,346,1,3,0,0,10,0,1,0,0,,,,0,0,0,0,0,8,0,0,0,0,0,0,4,0.0,0.0,6,12,24,26,3,0,0,0,21,8,11,78.57,0.0,0,0,0,86,122,0,0.17,0.0,29.0,,13
914857,Pep Biel,pep-biel,2600,FC Augsburg,6.63,72.9,11,0,0,2,0,0.34,0,95,14,109,87.16,36,63,42,4,6,85.71,4,2,1,0,0,4,28.57,6,1,2,10,50.0,3,42.86,13,48.15,280,0.0,0,0,0,0,0,0,0,0,4,2,0,0,0,6,66.67,2,0,0,1,40,5,11,8,163,0,8,0,0,2,0,3,0,0,,,,0,0,0,0,0,4,0,0,0,0,0,0,0,0.0,0.0,4,7,14,14,4,0,0,0,9,4,3,75.0,0.0,0,0,0,39,84,0,1.0,0.0,19.0,,11
40323,Christian Groß,christian-gross,2534,SV Werder Bremen,6.63,125.9,19,0,0,0,1,0.35,1,425,63,488,87.09,265,161,56,8,2,66.67,21,13,1,0,0,1,12.5,4,1,2,28,46.67,16,36.36,44,42.31,830,0.0,0,0,0,1,0,0,0,0,2,2,0,0,0,12,41.38,27,0,1,4,87,4,23,15,631,5,15,0,0,14,2,1,0,0,,,,0,0,0,0,0,18,5,0,0,0,0,0,8,0.0,0.0,8,3,8,60,28,0,0,0,29,23,16,76.19,0.0,0,0,0,289,207,0,0.35,0.0,54.0,,20
1152499,Tim Drexler,drexler-tim,2569,TSG Hoffenheim,6.63,53.0,8,0,0,0,0,0.04,0,314,33,347,90.49,227,87,16,1,1,25.0,16,8,1,0,0,0,0.0,0,0,0,22,56.41,3,17.65,25,44.64,573,0.0,0,0,0,0,0,0,0,0,0,0,0,0,0,7,38.89,14,0,0,1,43,0,7,4,427,5,4,1,0,9,0,0,0,0,,,,0,0,0,0,0,11,3,0,0,0,0,0,6,0.0,0.0,1,4,0,31,14,0,0,0,18,14,9,56.25,0.0,0,0,0,240,107,0,,0.0,24.0,,8
1127790,Dženan Pejčinović,dzenan-pejcinovic,2524,VfL Wolfsburg,6.63,26.5,4,0,0,0,0,0.02,0,6,4,10,60.0,2,4,2,2,0,0.0,0,0,1,0,0,0,0.0,2,0,1,0,0.0,1,25.0,1,20.0,43,0.0,0,0,0,0,0,0,0,0,2,0,0,0,0,0,0.0,0,0,0,0,5,0,1,1,16,0,2,0,0,0,0,1,0,0,,,,0,0,0,0,0,0,0,0,0,0,0,0,0,0.0,0.0,2,0,0,4,3,0,0,0,0,0,0,0.0,0.0,0,0,0,2,8,0,0.12,0.0,2.0,,4
1146091,Damion Downs,downs-damion,2671,1. FC Köln,6.62,59.6,9,2,0,1,0,0.09,2,23,11,34,67.65,7,17,9,0,1,25.0,1,0,0,0,0,1,100.0,5,2,1,2,25.0,1,14.29,3,20.0,179,40.0,0,0,0,0,0,0,2,0,5,0,1,1,0,2,100.0,1,0,0,1,19,2,1,0,54,0,1,1,0,1,0,2,0,0,,,,0,0,0,0,0,3,1,0,0,0,0,0,0,0.0,0.0,0,4,1,12,6,0,0,0,2,4,1,100.0,89.5,0,0,0,8,27,0,1.03,0.0,4.0,,10
138159,Fabian Schnellhardt,fabian-schnellhardt,2576,Darmstadt 98,6.62,59.6,9,0,0,0,0,0.13,0,147,21,168,87.5,75,74,34,2,1,50.0,4,4,1,0,0,2,50.0,5,2,1,8,57.14,1,25.0,9,50.0,242,0.0,0,0,0,0,1,0,0,0,0,5,0,0,0,7,70.0,5,0,0,2,28,1,9,6,203,3,2,0,0,2,0,2,0,0,,,,0,0,0,0,0,7,0,0,0,0,0,0,2,0.0,0.0,2,2,4,9,3,0,0,0,10,7,1,25.0,0.0,0,0,0,81,91,0,0.22,0.0,25.0,,10
795000,Felix Passlack,felix-passlack,2542,VfL Bochum 1848,6.62,99.3,15,2,3,0,2,1.2,4,176,95,271,64.94,82,102,56,14,6,66.67,21,10,2,1,1,8,20.0,14,3,6,38,55.88,8,47.06,46,54.12,971,14.29,0,0,0,0,0,0,2,0,6,8,0,0,2,14,30.43,18,0,0,4,171,4,32,10,543,13,14,0,0,10,2,5,0,0,,,,0,0,0,0,0,20,3,0,0,0,0,0,13,0.0,0.0,14,9,40,39,9,0,0,0,46,23,14,66.67,485.5,0,0,0,102,209,0,0.89,0.0,51.0,,15
168897,Christopher Lenz,christopher-lenz,36360,RB Leipzig,6.62,33.1,5,0,0,0,0,0.06,0,35,9,44,79.55,22,13,10,1,0,0.0,3,2,0,0,0,0,0.0,0,0,0,4,57.14,2,66.67,6,60.0,57,0.0,0,0,0,0,0,0,0,0,0,0,0,0,0,1,16.67,3,0,0,1,18,0,4,1,71,1,2,0,0,0,0,0,0,0,,,,0,0,0,0,0,0,0,0,0,0,0,0,0,0.0,0.0,1,0,5,4,1,0,0,0,6,0,2,66.67,0.0,0,0,0,24,25,0,0.0,0.0,4.0,,6
994197,Faride Alidou,faride-alidou,2671,1. FC Köln,6.62,165.4,25,4,0,7,0,0.73,4,184,75,259,71.04,70,120,70,14,24,38.71,10,8,4,0,0,6,15.38,33,11,10,57,36.77,18,38.3,75,37.13,1284,12.12,0,0,1,1,0,0,4,0,29,4,2,0,2,10,41.67,13,1,0,27,223,8,15,9,591,23,21,2,0,14,3,12,0,0,,,,0,0,0,0,0,22,5,0,0,0,0,0,14,0.0,0.0,14,62,39,127,29,0,0,0,24,27,4,40.0,321.0,0,0,0,87,211,0,3.05,0.0,57.0,,26
15444,Leonardo Bonucci,leonardo-bonucci,2547,1. FC Union Berlin,6.61,46.3,7,1,1,0,0,0.07,1,185,52,237,78.06,118,68,21,2,1,50.0,6,7,0,0,0,1,16.67,1,1,0,8,72.73,5,41.67,13,56.52,463,100.0,1,1,0,1,0,0,1,0,1,0,0,0,1,22,38.6,16,0,0,0,61,1,43,18,296,1,2,0,0,0,0,0,0,0,,,,0,0,0,0,0,9,4,0,0,0,0,0,6,100.0,0.0,2,2,6,10,7,0,0,0,57,13,5,83.33,463.0,0,0,0,124,119,0,0.79,0.0,32.0,,7
785989,Borja Iglesias,borja-iglesias,2681,Bayer 04 Leverkusen,6.61,46.3,7,0,1,3,0,0.36,0,58,15,73,79.45,10,48,34,3,0,0.0,1,1,0,0,0,0,0.0,8,3,2,4,28.57,4,40.0,8,33.33,252,0.0,0,0,0,0,0,0,0,0,6,2,0,0,0,0,0.0,1,0,0,6,29,3,1,1,105,3,2,1,0,1,1,3,0,0,,,,1,0,0,0,0,1,0,0,0,0,0,0,2,0.0,0.0,3,1,1,16,6,0,0,0,0,1,0,0.0,0.0,0,0,0,11,63,0,1.36,0.0,5.0,,7
1064082,Merlin Röhl,merlin-rohl,2538,SC Freiburg,6.61,158.7,24,2,5,5,3,2.1,5,357,85,442,80.77,136,229,130,20,21,60.0,21,9,3,1,1,8,50.0,24,8,9,69,39.88,22,41.51,91,40.27,1488,8.33,0,0,0,0,0,0,2,0,18,6,0,0,2,12,50.0,22,0,0,42,204,13,20,9,758,28,35,0,0,13,2,7,1,0,,,,3,0,0,0,0,24,5,0,0,0,0,0,17,0.0,0.0,19,35,16,135,31,0,0,0,24,29,13,61.9,744.0,0,0,0,158,300,0,2.0,0.0,103.0,,24
1138778,Tim Oermann,tim-oermann,2542,VfL Bochum 1848,6.61,105.8,16,0,0,0,0,0.35,0,122,67,189,64.55,55,70,35,4,5,50.0,19,2,2,0,0,3,37.5,5,0,2,31,57.41,8,40.0,39,52.7,726,0.0,0,0,0,0,0,0,0,0,1,4,0,0,0,15,46.88,21,0,0,5,102,2,18,6,377,8,8,0,0,5,0,3,0,0,,,,1,0,0,0,0,12,1,0,0,0,0,0,8,0.0,0.0,4,10,8,35,12,0,0,0,32,13,11,57.89,0.0,0,0,0,72,125,0,0.1,0.0,27.0,,16
187207,Matúš Bero,matus-bero,2542,VfL Bochum 1848,6.61,152.0,23,1,4,6,1,1.89,2,338,153,491,68.84,144,197,110,11,4,22.22,32,12,6,0,0,3,18.75,30,6,16,56,40.0,12,23.53,68,35.6,1670,3.33,0,0,1,0,0,0,1,0,13,17,0,0,1,20,41.67,25,0,0,17,242,11,50,23,783,20,38,0,0,19,5,8,0,0,,,,0,0,0,0,0,40,4,0,0,0,0,0,20,0.0,0.0,11,18,16,123,39,0,0,0,48,44,22,68.75,1670.0,0,0,0,180,327,0,2.95,0.0,97.0,,24
149479,Rani Khedira,rani-khedira,2547,1. FC Union Berlin,6.61,125.5,19,0,0,1,0,0.47,0,328,114,442,74.21,199,130,55,5,4,57.14,35,22,5,1,1,1,16.67,3,1,0,53,54.64,19,51.35,72,53.73,1356,0.0,0,0,0,1,0,0,0,0,1,2,0,0,0,14,28.0,36,0,0,9,145,3,40,24,631,14,25,0,0,9,1,2,0,0,,,,4,0,0,0,0,18,1,0,0,0,0,0,18,0.0,0.0,5,7,6,62,18,0,0,0,50,19,22,62.86,0.0,0,0,0,237,211,0,0.38,0.0,74.0,,20
833213,Erhan Mašović,erhan-masovic,2542,VfL Bochum 1848,6.6,191.5,29,0,1,2,0,0.84,0,554,154,708,78.25,369,185,81,4,3,60.0,64,25,7,0,0,0,0.0,17,3,7,82,56.55,35,39.77,117,50.21,2230,0.0,0,0,0,0,0,0,0,0,9,8,0,0,0,41,40.59,71,0,2,6,186,11,61,24,1041,15,22,0,1,33,0,7,0,0,,,,2,0,0,0,0,49,4,0,0,0,0,0,24,0.0,0.0,4,5,5,116,53,0,0,0,101,53,40,62.5,0.0,0,0,0,418,295,0,1.08,1.0,117.0,,29
924205,Moritz Broschinski,moritz-broschinski,2542,VfL Bochum 1848,6.6,171.6,26,2,5,4,2,0.91,4,131,77,208,62.98,28,107,62,15,11,36.67,11,0,4,0,0,4,33.33,26,8,10,32,26.67,37,26.24,69,26.44,1242,7.69,0,0,0,0,0,0,1,1,20,6,0,0,2,0,0.0,4,0,0,35,192,18,7,2,457,13,32,0,0,6,11,8,0,0,,,,0,0,0,0,0,23,2,0,0,0,0,0,14,0.0,0.0,15,30,12,192,104,0,0,0,3,25,7,63.64,621.0,0,0,0,36,184,0,2.35,0.0,40.0,,26
1120914,Lovro Zvonarek,lovro-zvonarek,2672,FC Bayern München,6.6,26.4,4,1,0,1,0,0.32,1,50,9,59,84.75,22,28,20,3,1,33.33,0,0,0,0,0,0,0.0,1,1,0,1,8.33,2,28.57,3,15.79,163,100.0,0,0,0,0,0,0,1,0,1,0,0,0,1,0,0.0,2,0,0,1,16,2,0,0,75,0,3,0,0,5,1,0,1,0,,,,0,0,0,0,0,4,0,0,0,0,0,0,1,0.0,0.0,2,3,1,16,5,0,0,0,0,4,0,0.0,163.0,0,0,0,26,34,0,0.07,0.0,6.0,,5
1403053,Marko Mladenović,mladenovic-marko,2674,Eintracht Frankfurt,6.6,6.6,1,0,0,0,0,0.0,0,2,1,3,66.67,1,1,0,0,0,0.0,0,0,0,0,0,0,0.0,0,0,0,0,0.0,0,0.0,0,0.0,9,0.0,0,0,0,0,0,0,0,0,0,0,0,0,0,0,0.0,0,0,0,0,1,1,0,0,3,0,0,0,0,0,0,0,0,0,,,,0,0,0,0,0,0,0,0,0,0,0,0,0,0.0,0.0,0,0,0,0,0,0,0,0,0,0,0,0.0,0.0,0,0,0,1,2,0,,0.0,2.0,,1
253517,Gerrit Holtmann,gerrit-holtmann,2576,Darmstadt 98,6.6,66.0,10,0,0,1,0,0.29,0,101,30,131,77.1,28,73,49,5,7,53.85,8,2,1,0,0,0,0.0,14,5,5,17,36.17,5,41.67,22,37.29,388,0.0,0,0,0,0,0,0,0,0,5,9,0,0,0,5,55.56,4,1,0,13,77,7,7,2,245,2,8,0,0,3,0,4,0,0,,,,0,0,0,0,0,9,2,0,0,0,0,0,2,0.0,0.0,5,13,12,37,7,0,0,0,9,11,5,62.5,0.0,0,0,0,37,106,0,0.62,0.0,31.0,,10
842215,Florian Dietz,florian-dietz,2671,1. FC Köln,6.6,26.4,4,0,0,0,0,0.05,0,13,6,19,68.42,2,11,5,2,0,0.0,0,0,0,0,0,0,0.0,3,1,1,0,0.0,2,20.0,2,18.18,75,0.0,0,0,0,0,0,0,0,0,3,0,0,0,0,0,0.0,0,0,0,0,8,0,0,0,32,0,1,0,0,0,0,1,0,0,,,,0,0,0,0,0,1,1,0,0,0,0,0,0,0.0,0.0,2,0,0,9,8,0,0,0,0,2,0,0.0,0.0,0,0,0,5,14,0,0.26,0.0,2.0,,5
605552,Irvin Cardona,irvin-cardona,2600,FC Augsburg,6.6,19.8,3,0,0,0,0,0.13,0,5,2,7,71.43,1,5,4,0,0,0.0,1,0,1,0,0,1,16.67,3,0,2,1,20.0,1,33.33,2,25.0,51,0.0,0,0,0,0,0,0,0,0,2,1,0,0,0,0,0.0,1,0,0,0,10,0,1,0,24,0,1,0,0,2,0,1,0,0,,,,0,0,0,0,0,1,0,0,0,0,0,0,0,0.0,0.0,0,1,6,6,2,0,0,0,0,1,1,100.0,0.0,0,0,0,2,11,0,0.2,0.0,1.0,,3
837064,Frank Ronstadt,frank-ronstadt,2576,Darmstadt 98,6.6,26.4,4,0,0,0,0,0.06,0,33,4,37,89.19,21,13,8,2,0,0.0,1,1,0,0,0,1,50.0,3,0,1,2,33.33,2,100.0,4,50.0,80,0.0,0,0,0,0,0,0,0,0,0,3,0,0,0,0,0.0,2,0,0,2,11,0,0,0,60,2,0,0,0,1,0,2,0,0,,,,0,0,0,0,0,2,0,0,0,0,0,0,0,0.0,0.0,2,1,2,4,0,0,0,0,0,2,0,0.0,0.0,0,0,0,22,17,0,0.08,0.0,2.0,,4
1085199,Marcus Müller,marcus-muller,2556,1. FSV Mainz 05,6.6,6.6,1,0,0,0,0,0.05,0,3,2,5,60.0,0,3,2,0,0,0.0,0,0,0,0,0,0,0.0,1,0,0,0,0.0,3,75.0,3,60.0,17,0.0,0,0,0,0,0,0,0,0,1,0,0,0,0,0,0.0,0,0,0,0,2,0,0,0,8,0,1,0,0,0,0,1,0,0,,,,0,0,0,0,0,0,0,0,0,0,0,0,0,0.0,0.0,0,0,0,2,1,0,0,0,1,0,0,0.0,0.0,0,0,0,0,5,0,0.05,0.0,0.0,,1
930273,Ole Pohlmann,olinho,2673,Borussia Dortmund,6.6,13.2,2,0,0,0,0,0.01,0,13,4,17,76.47,4,9,3,1,1,50.0,1,0,0,0,0,0,0.0,1,0,1,2,40.0,1,100.0,3,50.0,52,0.0,0,0,0,0,0,0,0,0,1,0,0,0,0,0,0.0,1,0,0,1,12,1,2,0,33,0,0,0,0,1,0,0,0,0,,,,0,0,0,0,0,0,0,0,0,0,0,0,0,0.0,0.0,1,2,3,3,0,0,0,0,1,0,0,0.0,0.0,0,0,0,5,15,0,0.05,0.0,3.0,,2
794770,Masaya Okugawa,masaya-okugawa,2600,FC Augsburg,6.6,13.2,2,0,0,0,0,0.01,0,6,3,9,66.67,1,5,4,0,0,0.0,0,0,0,0,0,0,0.0,0,0,0,0,0.0,1,100.0,1,100.0,30,0.0,0,0,0,0,0,0,0,0,0,0,0,0,0,0,0.0,1,0,0,0,4,0,0,0,14,0,0,0,0,0,0,0,0,0,,,,0,0,0,0,0,0,0,0,0,0,0,0,0,0.0,0.0,0,0,0,0,0,0,0,0,1,0,0,0.0,0.0,0,0,0,1,8,0,0.0,0.0,1.0,,2
787931,Nicolai Rapp,nicolai-rapp,2534,SV Werder Bremen,6.6,13.2,2,0,0,0,0,0.0,0,31,8,39,79.49,24,7,0,0,0,0.0,3,2,1,0,0,0,0.0,0,0,0,3,50.0,1,100.0,4,57.14,82,0.0,0,0,0,0,0,0,0,0,0,0,0,0,0,1,25.0,7,0,0,1,10,1,3,2,58,0,2,0,0,0,0,0,0,0,,,,0,0,0,0,0,1,1,0,0,0,0,0,1,0.0,0.0,0,0,0,3,0,0,0,0,4,2,2,66.67,0.0,0,0,0,26,13,0,0.0,0.0,10.0,,2
1403018,Elias Baum,elias-baum,2674,Eintracht Frankfurt,6.6,19.8,3,0,0,0,0,0.0,0,10,3,13,76.92,6,4,0,0,0,0.0,1,0,0,0,0,0,0.0,0,0,0,1,20.0,0,0.0,1,20.0,39,0.0,0,0,0,0,0,0,0,0,0,0,0,0,0,0,0.0,0,0,0,1,9,0,1,0,27,0,1,0,0,0,0,0,0,0,,,,0,0,0,0,0,0,0,0,0,0,0,0,0,0.0,0.0,0,2,0,4,0,0,0,0,0,0,0,0.0,0.0,0,0,0,8,5,0,0.0,0.0,0.0,,4
163673,Klaus Gjasula,klaus-gjasula,2576,Darmstadt 98,6.6,138.5,21,0,0,1,0,0.82,0,612,124,736,83.15,375,240,98,6,3,60.0,44,19,7,1,1,3,42.86,9,1,8,58,56.86,34,55.74,92,56.44,1371,0.0,0,0,0,1,0,0,0,0,7,2,0,0,0,67,58.77,38,2,0,6,146,1,63,38,947,11,23,0,0,13,0,0,0,0,,,,1,0,0,0,0,26,5,0,0,0,0,0,17,0.0,0.0,6,5,7,71,27,0,0,0,114,31,22,50.0,0.0,0,0,0,418,325,1,0.48,0.0,69.0,,22
877297,Lukas Daschner,lukas-daschner,2542,VfL Bochum 1848,6.6,131.9,20,1,1,4,1,1.24,2,101,55,156,64.74,25,80,47,10,12,60.0,9,2,2,0,0,4,20.0,13,6,5,30,54.55,5,29.41,35,48.61,551,7.69,0,0,0,0,0,0,1,0,9,4,0,0,1,0,0.0,1,0,0,8,105,8,8,1,278,9,4,1,0,5,0,2,0,0,,,,0,0,0,0,0,14,2,0,0,0,0,0,3,0.0,0.0,10,20,20,37,12,0,0,0,6,16,4,44.44,551.0,0,0,0,40,136,0,2.33,0.0,24.0,,20
1049177,Tim Breithaupt,tim-breithaupt,2600,FC Augsburg,6.59,98.9,15,0,0,0,0,0.25,0,232,46,278,83.45,134,98,45,3,1,100.0,20,8,3,0,0,0,0.0,3,0,1,25,52.08,11,61.11,36,54.55,632,0.0,0,0,0,0,0,0,0,0,0,3,0,0,0,6,42.86,10,0,0,5,60,2,17,10,370,4,12,0,0,8,0,2,0,0,,,,1,0,0,0,0,18,1,0,0,0,0,0,6,0.0,0.0,3,1,2,30,7,0,0,0,14,19,11,55.0,0.0,0,0,0,150,130,0,0.08,0.0,48.0,,16
117794,Cristian Gamboa,cristian-gamboa,2542,VfL Bochum 1848,6.59,131.8,20,0,2,0,1,0.93,1,270,93,363,74.38,155,121,54,10,5,55.56,24,15,6,0,0,6,26.09,6,1,3,35,47.3,12,57.14,47,49.47,1193,0.0,0,0,0,1,0,0,0,0,0,6,0,0,0,29,39.19,28,0,1,3,146,9,56,19,626,6,14,0,0,19,0,2,0,0,,,,1,0,0,0,0,27,1,0,0,0,0,0,12,0.0,0.0,10,9,23,48,9,0,0,0,74,28,18,75.0,0.0,0,0,0,178,208,0,0.08,0.0,74.0,,22
770083,Mergim Berisha,mergim-berisha,2569,TSG Hoffenheim,6.59,52.7,8,0,0,1,0,0.17,0,31,12,43,72.09,7,25,15,4,2,50.0,0,0,0,0,0,1,33.33,11,1,7,7,31.82,4,28.57,11,30.56,268,0.0,0,0,0,0,2,0,0,0,6,5,0,0,0,2,66.67,3,0,0,9,36,2,2,2,100,5,5,0,0,0,2,3,0,0,,,,0,0,0,0,0,7,0,0,0,0,0,0,2,0.0,0.0,4,4,3,25,10,0,0,0,3,7,0,0.0,0.0,0,0,0,9,37,0,0.69,0.0,9.0,,8
1130067,Fabio Chiarodia,fabio-chiarodia,2527,Borussia M'gladbach,6.59,46.1,7,0,0,0,0,0.25,0,75,7,82,91.46,62,14,4,1,0,0.0,8,3,0,0,0,1,100.0,0,0,0,8,66.67,5,62.5,13,65.0,164,0.0,0,0,0,1,0,0,0,0,0,0,0,0,0,2,40.0,9,0,0,1,10,0,3,0,112,0,1,0,0,2,0,0,0,0,,,,0,0,0,0,0,5,0,0,0,0,0,0,1,0.0,0.0,1,0,1,7,3,0,0,0,5,5,5,62.5,0.0,0,0,0,67,16,0,,0.0,4.0,,7
1090458,David Datro Fofana,david-datro-fofana,2547,1. FC Union Berlin,6.58,79.0,12,1,0,7,0,0.33,1,102,37,139,73.38,29,76,43,5,19,42.22,10,0,0,0,0,3,27.27,26,13,8,41,39.42,10,37.04,51,38.93,687,3.85,0,0,0,0,4,0,1,0,20,6,0,0,1,5,83.33,4,0,0,26,132,5,8,4,342,12,8,2,0,5,4,5,0,0,,,,0,0,0,0,0,11,5,0,0,0,0,0,8,0.0,0.0,5,45,11,80,17,0,0,0,6,16,7,70.0,687.0,0,0,0,31,119,0,2.79,0.0,25.0,,12
959003,Filip Stojilković,filip-stojilkovic,2576,Darmstadt 98,6.58,39.5,6,0,0,0,0,0.02,0,10,8,18,55.56,3,7,4,0,1,50.0,1,0,1,0,0,0,0.0,4,1,2,3,50.0,0,0.0,3,37.5,149,0.0,0,0,0,0,0,0,0,0,2,2,0,0,0,1,100.0,1,0,0,0,16,0,1,0,37,1,3,0,0,0,2,1,0,0,,,,0,0,0,0,0,3,1,0,0,0,0,0,0,0.0,0.0,0,2,3,5,2,0,0,0,1,4,1,100.0,0.0,0,0,0,3,18,0,0.19,0.0,4.0,,6
1185359,Bambasé Conté,bambase-conte,2569,TSG Hoffenheim,6.58,39.5,6,0,0,0,0,0.04,0,19,4,23,82.61,8,11,8,1,2,40.0,3,0,0,0,0,0,0.0,3,0,1,11,57.89,1,50.0,12,57.14,64,0.0,0,0,0,0,0,0,0,0,2,1,0,0,0,0,0.0,0,0,0,2,11,2,2,1,49,6,3,0,0,0,0,2,0,0,,,,0,0,0,0,0,1,0,0,0,0,0,0,0,0.0,0.0,1,5,1,9,1,0,0,0,0,1,3,100.0,0.0,0,0,0,8,16,0,0.18,0.0,7.0,,7
838805,Jens Petter Hauge,jens-hauge,2674,Eintracht Frankfurt,6.58,65.8,10,0,0,0,0,0.39,0,65,15,80,81.25,29,37,27,2,2,33.33,2,0,0,0,0,1,50.0,1,0,0,6,37.5,1,25.0,7,35.0,167,0.0,0,0,0,0,0,0,0,0,1,0,0,0,0,3,60.0,1,0,0,0,23,0,3,2,107,2,1,0,0,5,1,1,0,0,,,,0,0,0,0,0,2,0,0,0,0,0,0,0,0.0,0.0,2,6,2,13,3,0,0,0,5,2,1,50.0,0.0,0,0,0,34,48,0,0.07,0.0,10.0,,10
24397,Makoto Hasebe,makoto-hasebe,2674,Eintracht Frankfurt,6.58,32.9,5,0,0,0,0,0.22,0,166,22,188,88.3,115,51,16,0,0,0.0,4,2,1,0,0,0,0.0,0,0,0,7,46.67,4,57.14,11,50.0,220,0.0,0,0,0,1,0,0,0,0,0,0,0,0,0,8,44.44,4,0,0,1,25,1,11,7,211,3,4,0,0,3,0,0,0,0,,,,0,0,0,0,0,7,0,0,0,0,0,0,2,0.0,0.0,0,0,1,11,3,0,0,0,18,7,2,50.0,0.0,0,0,0,119,70,0,0.0,0.0,13.0,,8
365772,Naby Keïta,naby-keita,2534,SV Werder Bremen,6.58,26.3,4,0,0,0,0,0.03,0,52,15,67,77.61,24,28,11,0,4,66.67,1,2,2,0,0,0,0.0,2,0,2,6,50.0,0,0.0,6,40.0,118,0.0,0,0,0,0,0,0,0,0,1,1,0,0,0,2,33.33,0,0,0,1,21,0,2,0,87,1,2,0,0,1,0,0,0,0,,,,0,0,0,0,0,2,1,0,0,0,0,0,1,0.0,0.0,0,6,0,9,3,0,0,0,6,3,1,100.0,0.0,0,0,0,27,40,0,0.11,0.0,14.0,,5
110967,Christoph Kramer,christoph-kramer,2527,Borussia M'gladbach,6.57,85.4,13,0,0,0,0,0.38,0,144,35,179,80.45,61,84,49,2,4,44.44,10,4,4,0,0,1,33.33,1,0,1,17,38.64,7,50.0,24,41.38,240,0.0,0,0,0,0,0,0,0,0,1,0,0,0,0,6,50.0,5,0,0,4,50,5,13,10,241,3,6,0,0,12,0,0,0,0,,,,0,0,0,0,0,8,1,0,0,0,0,0,1,0.0,0.0,2,9,3,34,7,0,0,0,12,9,5,50.0,0.0,0,0,0,74,108,0,0.11,0.0,20.0,,14
902381,Junior Adamu,chukwubuike-adamu,2538,SC Freiburg,6.57,59.1,9,0,1,0,0,0.05,0,18,11,29,62.07,8,10,6,1,0,0.0,5,0,0,0,0,0,0.0,2,1,1,9,37.5,5,45.45,14,40.0,126,0.0,0,0,0,0,0,0,0,0,2,0,0,0,0,0,0.0,2,0,0,5,24,0,0,0,63,4,7,0,0,1,2,0,0,0,,,,0,0,0,0,0,5,0,0,0,0,0,0,0,0.0,0.0,1,2,1,21,6,0,0,0,1,5,1,20.0,0.0,0,0,0,9,21,0,0.06,0.0,10.0,,15
1154491,Jovan Milošević,jovan-milosevic,2677,VfB Stuttgart,6.57,19.7,3,0,0,0,0,0.01,0,7,5,12,58.33,3,4,3,0,2,100.0,0,0,0,0,0,0,0.0,0,0,0,3,75.0,0,0.0,3,42.86,34,0.0,0,0,0,0,0,0,0,0,0,0,0,0,0,0,0.0,0,0,0,0,8,0,1,0,20,1,1,0,0,0,0,0,0,0,,,,0,0,0,0,0,0,0,0,0,0,0,0,0,0.0,0.0,0,2,0,4,3,0,0,0,1,0,0,0.0,0.0,0,0,0,5,7,0,0.0,0.0,1.0,,5
842922,Stefan Schimmer,stefan-schimmer,5885,1. FC Heidenheim,6.56,85.3,13,0,1,1,1,0.77,1,21,22,43,48.84,5,17,11,1,0,0.0,1,1,0,0,0,1,50.0,5,0,3,2,18.18,9,39.13,11,32.35,194,0.0,0,0,0,0,0,0,0,0,5,0,0,0,0,0,0.0,4,0,0,4,36,1,2,0,84,1,1,1,0,3,0,2,0,0,,,,0,0,0,0,0,3,0,0,0,0,0,0,0,0.0,0.0,1,1,2,23,14,0,0,0,1,3,1,100.0,0.0,0,0,0,9,36,0,0.59,0.0,4.0,,16
1048009,El Chadaille Bitshiabu,el-chadaille-bitshiabu,36360,RB Leipzig,6.56,32.8,5,0,0,0,0,0.01,0,43,8,51,84.31,29,14,6,0,0,0.0,1,1,0,0,0,0,0.0,0,0,0,1,100.0,0,0.0,1,25.0,59,0.0,0,0,0,0,0,0,0,0,0,0,0,0,0,1,33.33,4,0,0,0,11,0,3,1,68,0,0,0,0,0,0,0,0,0,,,,0,0,0,0,0,0,0,0,0,0,0,0,0,0.0,0.0,0,0,2,3,3,0,0,0,3,0,0,0.0,0.0,0,0,0,32,21,0,,0.0,6.0,,6
1022204,Amin Sarr,amin-sarr,2524,VfL Wolfsburg,6.56,91.8,14,0,0,0,0,0.17,0,94,33,127,74.02,27,67,34,2,2,20.0,3,2,0,0,0,0,0.0,6,2,3,8,27.59,13,54.17,21,39.62,393,0.0,0,0,0,0,0,0,0,0,4,2,0,0,0,0,0.0,1,0,0,9,65,2,3,1,199,3,3,0,0,1,2,1,0,0,,,,0,0,0,0,0,6,2,0,0,0,0,0,2,0.0,0.0,2,10,1,32,11,0,0,0,0,8,2,66.67,0.0,0,0,0,34,94,0,0.56,0.0,14.0,,14
169249,Jannik Müller,jannik-muller,2576,Darmstadt 98,6.56,104.9,16,0,0,0,0,0.22,0,398,116,514,77.43,275,126,44,2,2,50.0,33,17,5,0,0,3,42.86,3,0,3,42,54.55,21,55.26,63,54.78,1133,0.0,0,0,0,0,0,0,0,0,2,1,0,0,0,39,46.99,39,1,0,3,140,0,41,23,714,7,19,0,0,11,0,0,0,0,,,,1,0,0,0,0,29,1,0,0,0,0,0,12,0.0,0.0,2,4,7,52,17,0,0,0,83,30,16,48.48,0.0,0,0,0,318,203,0,0.21,0.0,66.0,,16
871706,Randal Kolo Muani,randal-kolo-muani,2674,Eintracht Frankfurt,6.55,13.1,2,1,0,1,0,0.03,1,17,9,26,65.38,6,11,7,0,4,28.57,0,0,0,0,0,0,0.0,5,1,2,9,30.0,4,44.44,13,33.33,155,20.0,0,0,0,0,0,0,1,0,5,0,0,0,1,2,50.0,1,0,0,8,31,1,1,0,70,5,4,0,0,0,0,2,0,0,,,,0,0,0,0,0,1,0,0,0,0,0,0,2,0.0,0.0,0,14,0,26,5,0,0,0,4,1,0,0.0,155.0,0,0,0,6,20,0,1.29,0.0,3.0,,2
1048569,Nnamdi Collins,nnamdi-collins,2674,Eintracht Frankfurt,6.55,13.1,2,0,0,0,0,0.1,0,53,11,64,82.81,28,26,11,0,1,50.0,0,2,0,0,0,1,50.0,0,0,0,2,50.0,0,0.0,2,33.33,90,0.0,0,0,0,0,0,0,0,0,0,0,0,0,0,1,16.67,4,0,0,1,16,0,4,3,89,1,0,0,0,0,0,0,0,0,,,,0,0,0,0,0,1,0,0,0,0,0,0,1,0.0,0.0,0,2,2,4,2,0,0,0,6,1,0,0.0,0.0,0,0,0,32,34,0,,0.0,7.0,,2
1146148,Jean-Mattéo Bahoya,jean-matteo-bahoya,2674,Eintracht Frankfurt,6.55,52.4,8,0,0,0,0,0.1,0,59,15,74,79.73,25,35,13,3,6,54.55,3,1,0,0,0,1,16.67,0,0,0,10,50.0,1,20.0,11,44.0,175,0.0,0,0,0,0,0,0,0,0,0,0,0,0,0,2,66.67,1,0,0,1,33,0,4,1,112,1,1,0,0,3,1,0,0,0,,,,0,0,0,0,0,6,0,0,0,0,0,0,1,0.0,0.0,3,11,6,14,4,0,0,0,3,6,1,33.33,0.0,0,0,0,26,54,0,,0.0,15.0,,8
1493496,Shio Fukuda ,shio-fukuda,2527,Borussia M'gladbach,6.55,26.2,4,0,0,0,0,0.01,0,3,3,6,50.0,0,3,3,1,1,100.0,2,1,0,0,0,0,0.0,2,0,2,3,37.5,3,42.86,6,40.0,44,0.0,0,0,0,0,0,0,0,0,2,0,0,0,0,0,0.0,0,0,0,3,7,0,0,0,18,0,1,0,0,1,0,0,0,0,,,,0,0,0,0,0,2,0,0,0,0,0,0,0,0.0,0.0,1,1,0,9,4,0,0,0,0,2,0,0.0,0.0,0,0,0,1,5,0,0.17,0.0,2.0,,5
1035515,Paxten Aaronson,paxten-aaronson,2674,Eintracht Frankfurt,6.54,45.8,7,0,0,0,1,0.05,1,40,9,49,81.63,17,23,9,1,2,33.33,2,0,0,0,0,0,0.0,2,2,0,8,36.36,3,100.0,11,44.0,106,0.0,0,0,0,0,0,0,0,0,2,0,0,0,0,0,0.0,0,0,0,4,22,1,1,0,83,4,6,0,0,0,0,0,0,0,,,,0,0,0,0,0,2,0,0,0,0,0,0,1,0.0,0.0,1,6,0,14,0,0,0,0,1,2,2,100.0,0.0,0,0,0,17,32,0,0.13,0.0,5.0,,7
801263,Jakub Kamiński,jakub-kaminski,2524,VfL Wolfsburg,6.54,104.6,16,0,2,1,2,1.73,2,133,29,162,82.1,42,95,55,6,1,8.33,14,2,0,0,0,4,25.0,10,3,3,20,40.0,4,23.53,24,35.82,491,0.0,0,0,0,0,0,0,0,0,8,2,0,0,0,5,33.33,5,0,0,14,77,1,7,3,284,5,3,0,0,3,2,4,0,0,,,,0,0,0,0,0,9,0,0,0,0,0,0,4,0.0,0.0,6,12,16,43,13,0,0,0,15,9,5,35.71,0.0,0,0,0,48,130,0,0.45,0.0,24.0,,17
855676,Luca Kilian,luca-kilian,2671,1. FC Köln,6.54,71.9,11,0,0,0,0,0.03,0,239,72,311,76.85,177,62,22,1,0,0.0,16,7,1,0,0,0,0.0,0,0,0,16,61.54,10,58.82,26,60.47,632,0.0,0,0,0,0,0,0,0,0,0,0,0,0,0,15,28.85,28,0,0,0,82,2,22,5,403,0,4,0,0,5,0,0,0,0,,,,0,0,0,0,0,12,2,0,0,0,0,0,6,0.0,0.0,1,1,1,17,7,0,0,0,52,14,9,56.25,0.0,0,0,0,207,105,0,0.0,2.0,24.0,,13
904991,Stanley Nsoki,stanley-nsoki,2569,TSG Hoffenheim,6.53,65.3,10,0,0,0,0,0.29,0,292,71,363,80.44,180,112,43,2,9,60.0,21,8,1,0,1,0,0.0,0,0,0,32,50.79,12,57.14,44,52.38,636,0.0,0,0,0,1,0,0,0,0,0,0,0,0,0,11,39.29,31,0,0,1,96,1,29,13,520,2,12,0,0,12,0,0,0,0,,,,0,0,0,0,0,13,1,0,0,0,0,0,7,0.0,0.0,2,15,7,40,9,0,0,0,28,14,10,47.62,0.0,1,0,0,203,167,0,0.0,0.0,46.0,,11
106662,Stefan Bell,stefan-bell,2556,1. FSV Mainz 05,6.52,65.2,10,0,0,0,0,0.29,0,296,73,369,80.22,223,74,22,1,2,100.0,8,6,3,0,0,1,100.0,4,2,2,17,54.84,25,51.02,42,52.5,669,0.0,0,0,0,0,0,0,0,0,3,1,0,0,0,20,37.74,30,0,0,1,76,0,40,18,448,8,10,0,0,4,1,0,0,0,,,,0,0,0,0,0,17,4,0,0,0,0,0,8,0.0,0.0,1,2,1,38,24,0,0,0,53,21,8,100.0,0.0,0,0,0,250,120,0,0.19,0.0,38.0,,10
1007962,Lilian Egloff,lilian-egloff,2677,VfB Stuttgart,6.52,32.6,5,0,0,0,0,0.03,0,32,9,41,78.05,21,11,6,0,0,0.0,4,1,1,0,0,0,0.0,3,0,2,6,50.0,0,0.0,6,50.0,118,0.0,0,0,0,0,0,0,0,0,1,2,0,0,0,2,50.0,0,0,0,1,12,0,4,1,58,2,2,0,0,2,0,1,0,0,,,,0,0,0,0,0,3,1,0,0,0,0,0,1,0.0,0.0,0,1,0,6,0,0,0,0,4,4,1,25.0,0.0,0,0,0,23,18,0,0.18,0.0,8.0,,5
789138,Noah Loosli,noah-loosli,2542,VfL Bochum 1848,6.51,58.6,9,0,0,0,0,0.04,0,76,43,119,63.87,54,22,12,0,1,100.0,10,7,1,0,0,0,0.0,0,0,0,11,50.0,5,41.67,16,47.06,347,0.0,0,0,0,0,0,0,0,0,0,0,0,0,0,5,20.83,17,0,0,0,51,0,14,2,182,0,4,0,0,7,0,0,0,0,,,,1,0,0,0,0,7,2,0,0,0,0,0,2,0.0,0.0,0,1,2,18,7,0,0,0,24,9,7,70.0,0.0,0,0,0,64,57,0,0.0,0.0,27.0,,10
575952,Mathias Honsak,mathias-honsak,2576,Darmstadt 98,6.5,149.5,23,1,2,3,1,0.72,2,196,63,259,75.68,75,124,64,12,9,30.0,14,8,1,0,0,3,27.27,23,6,9,34,35.05,16,40.0,50,36.5,1031,4.35,0,0,0,0,0,0,1,0,15,8,0,0,1,4,33.33,22,0,0,14,164,3,10,6,515,12,14,0,0,14,3,8,0,0,,,,0,0,0,0,0,33,6,0,0,0,0,0,10,0.0,0.0,12,30,11,87,24,0,0,0,12,39,7,50.0,1031.0,0,0,0,93,177,0,1.81,0.0,32.0,,23
1418703,Max Moerstedt,max-moerstedt,2569,TSG Hoffenheim,6.5,6.5,1,0,0,0,0,0.0,0,2,1,3,66.67,0,2,2,0,0,0.0,0,0,0,0,0,0,0.0,0,0,0,0,0.0,0,0.0,0,0.0,11,0.0,0,0,0,0,0,0,0,0,0,0,0,0,0,0,0.0,0,0,0,0,1,1,0,0,4,0,0,0,0,1,0,0,0,0,,,,0,0,0,0,0,0,0,0,0,0,0,0,0,0.0,0.0,0,0,0,1,0,0,0,0,0,0,0,0.0,0.0,0,0,0,0,3,0,,0.0,1.0,,1
795004,Dennis Geiger,dennis-geiger,2569,TSG Hoffenheim,6.5,19.5,3,0,0,0,0,0.09,0,8,4,12,66.67,4,4,4,1,0,0.0,1,0,1,0,0,0,0.0,0,0,0,1,50.0,1,50.0,2,50.0,62,0.0,0,0,0,0,0,0,0,0,0,0,0,0,0,0,0.0,0,0,0,0,5,0,1,1,17,0,2,0,0,0,0,0,0,0,,,,0,0,0,0,0,2,0,0,0,0,0,0,0,0.0,0.0,1,0,0,2,1,0,0,0,1,2,0,0.0,0.0,0,0,0,6,6,0,,0.0,1.0,,3
947929,Jesper Lindstrøm,jesper-lindstrom,2674,Eintracht Frankfurt,6.5,6.5,1,0,0,0,0,0.03,0,24,7,31,77.42,10,14,6,0,1,25.0,1,0,0,0,0,0,0.0,1,0,1,2,28.57,0,0.0,2,25.0,84,0.0,0,0,0,0,0,0,0,0,1,0,0,0,0,0,0.0,0,0,0,2,18,1,1,1,49,0,1,0,0,0,0,0,0,0,,,,0,0,0,0,0,0,0,0,0,0,0,0,1,0.0,0.0,0,4,1,6,1,0,0,0,0,0,1,100.0,0.0,0,0,0,11,21,0,0.19,0.0,2.0,,1
1198074,Aljoscha Kemlein,aljoscha-kemlein,2547,1. FC Union Berlin,6.5,6.5,1,0,0,0,0,0.0,0,7,1,8,87.5,5,2,1,0,1,100.0,0,0,0,0,0,0,0.0,1,0,1,1,16.67,0,0.0,1,12.5,27,0.0,0,0,0,0,0,0,0,0,0,1,0,0,0,1,100.0,0,0,0,0,3,0,1,1,14,0,2,1,0,3,0,0,0,0,,,,0,0,0,0,0,0,0,0,0,0,0,0,0,0.0,0.0,0,1,0,7,2,0,0,0,1,0,0,0.0,0.0,0,0,0,5,3,0,0.04,0.0,2.0,,2
94286,Thorgan Hazard,thorgan-hazard,2673,Borussia Dortmund,6.5,6.5,1,0,0,0,0,0.0,0,7,2,9,77.78,3,4,2,0,0,0.0,0,0,0,0,0,0,0.0,0,0,0,0,0.0,0,0.0,0,0.0,13,0.0,0,0,0,0,0,0,0,0,0,0,0,0,0,1,100.0,0,0,0,0,2,0,0,0,9,0,0,0,0,0,0,0,0,0,,,,0,0,0,0,0,0,0,0,0,0,0,0,0,0.0,0.0,0,0,0,1,1,0,0,0,1,0,0,0.0,0.0,0,0,0,4,5,0,0.0,0.0,0.0,,1
88471,Simon Zoller,simon-zoller,2542,VfL Bochum 1848,6.5,6.5,1,0,0,0,0,0.0,0,5,3,8,62.5,5,0,0,0,0,0.0,0,0,0,0,0,0,0.0,0,0,0,0,0.0,1,100.0,1,50.0,45,0.0,0,0,0,0,0,0,0,0,0,0,0,0,0,1,100.0,0,0,0,0,4,0,1,1,10,0,1,0,0,0,0,0,0,0,,,,0,0,0,0,0,3,0,0,0,0,0,0,0,0.0,0.0,0,0,0,1,0,0,0,0,1,3,0,0.0,0.0,0,0,0,5,3,0,0.0,,,,1
846458,Fabian Rudlin,fabian-rudlin,2538,SC Freiburg,6.5,6.5,1,0,0,0,0,0.01,0,4,1,5,80.0,0,4,1,0,0,0.0,1,0,0,0,0,0,0.0,0,0,0,1,100.0,0,0.0,1,100.0,10,0.0,0,0,0,0,0,0,0,0,0,0,0,0,0,0,0.0,0,0,0,0,1,0,0,0,7,0,0,0,0,0,0,0,0,0,,,,0,0,0,0,0,1,0,0,0,0,0,0,0,0.0,0.0,0,0,0,0,0,0,0,0,0,1,0,0.0,0.0,0,0,0,0,5,0,0.0,0.0,0.0,,1
1481688,Leon Opitz,opitz-leon,2534,SV Werder Bremen,6.5,13.0,2,0,0,0,0,0.0,0,3,4,7,42.86,2,1,0,0,1,50.0,2,0,0,0,0,0,0.0,0,0,0,3,60.0,0,0.0,3,60.0,21,0.0,0,0,0,0,0,0,0,0,0,0,0,0,0,1,100.0,0,0,0,0,11,0,2,2,19,0,0,0,0,1,0,0,0,0,,,,0,0,0,0,0,2,0,0,0,0,0,0,0,0.0,0.0,0,2,2,2,0,0,0,0,1,2,2,100.0,0.0,0,0,0,4,5,0,0.0,0.0,2.0,,3
1082797,Matej Maglica,matej-maglica,2576,Darmstadt 98,6.49,168.8,26,1,1,0,0,1.04,1,756,229,985,76.75,480,276,92,9,1,25.0,35,22,7,2,2,0,0.0,10,2,4,43,46.74,51,65.38,94,55.29,1714,10.0,0,0,0,1,1,0,1,0,5,5,1,0,0,71,35.86,88,2,3,6,257,3,121,54,1246,7,31,0,0,14,1,4,0,0,,,,2,0,0,0,0,36,5,0,0,0,0,0,21,0.0,0.0,9,4,7,76,27,0,0,0,198,41,21,60.0,1714.0,0,0,0,552,440,0,0.56,0.0,85.0,,26
979821,Finn Ole Becker,becker-finn-ole,2569,TSG Hoffenheim,6.49,129.8,20,0,1,0,0,0.65,0,241,61,302,79.8,112,131,57,6,5,29.41,10,1,1,0,0,2,28.57,6,1,4,21,32.81,6,40.0,27,34.18,620,0.0,0,0,0,0,0,0,0,0,1,5,0,0,0,14,50.0,10,0,0,12,107,4,30,14,416,7,6,1,0,13,0,1,0,0,,,,0,0,0,0,0,17,1,0,0,0,0,0,5,0.0,0.0,6,17,7,52,9,0,0,0,28,18,9,90.0,0.0,0,0,0,128,181,0,0.24,0.0,49.0,,22
930279,Merveille Papela,merveille-papela,2556,1. FSV Mainz 05,6.49,58.4,9,0,1,1,0,0.16,0,58,23,81,71.6,30,28,16,3,3,100.0,5,4,1,0,0,0,0.0,4,1,2,9,31.03,4,36.36,13,32.5,258,0.0,0,0,0,0,0,0,0,0,3,1,0,0,0,5,38.46,2,0,0,10,43,3,3,0,135,1,6,0,0,4,0,1,0,0,,,,0,0,0,0,0,6,1,0,0,0,0,0,3,0.0,0.0,3,3,2,27,7,0,0,0,13,7,4,80.0,0.0,0,0,0,37,46,0,0.32,0.0,16.0,,11
886286,Nicolas Cozza,nicolas-cozza,2524,VfL Wolfsburg,6.48,38.9,6,0,0,0,0,0.18,0,122,35,157,77.71,61,64,26,2,4,57.14,8,4,1,0,0,3,75.0,1,0,1,12,57.14,3,25.0,15,45.45,283,0.0,0,0,0,0,0,0,0,0,0,1,0,0,0,4,25.0,5,0,0,0,56,0,11,4,233,0,1,0,0,5,0,0,0,0,,,,0,0,0,0,0,5,2,0,0,0,0,0,3,0.0,0.0,2,7,4,18,9,0,0,0,16,7,6,75.0,0.0,0,0,0,78,83,0,0.02,0.0,12.0,,6
844625,Braydon Manu,braydon-manu,2576,Darmstadt 98,6.48,25.9,4,0,0,1,0,0.02,0,21,4,25,84.0,5,16,9,3,4,44.44,2,0,1,0,0,0,0.0,5,1,4,7,41.18,0,0.0,7,35.0,171,0.0,0,0,0,0,0,0,0,0,4,1,0,0,0,1,100.0,0,0,0,1,19,1,2,1,62,1,4,0,0,0,0,0,0,0,,,,0,0,0,0,0,5,1,0,0,0,0,0,3,0.0,0.0,3,9,4,13,3,0,0,0,1,6,0,0.0,0.0,0,0,0,7,22,0,0.36,0.0,7.0,,4
906276,Jessic Ngankam,jessic-ngankam,2556,1. FSV Mainz 05,6.46,129.2,20,0,1,3,0,0.67,0,46,22,68,67.65,20,26,16,5,8,57.14,4,3,2,1,1,0,0.0,15,5,4,22,34.92,5,19.23,27,30.34,479,0.0,1,0,0,0,0,0,0,0,11,4,0,0,0,0,0.0,1,0,0,16,61,6,2,1,173,10,19,0,0,0,3,6,0,0,,,,0,0,0,0,0,5,1,0,0,0,0,0,4,0.0,0.0,5,14,1,62,21,1,0,0,0,6,3,75.0,0.0,0,0,0,27,42,0,2.1,0.0,18.0,,22
911956,Massimo,massimo,2677,VfB Stuttgart,6.46,32.3,5,0,0,0,0,0.01,0,27,7,34,79.41,13,14,5,1,0,0.0,1,0,1,0,0,0,0.0,0,0,0,2,40.0,1,25.0,3,33.33,85,0.0,0,0,0,0,0,0,0,0,0,0,0,0,0,2,66.67,1,0,0,0,11,0,1,1,51,1,2,0,0,1,0,0,0,0,,,,0,0,0,0,0,1,1,0,0,0,0,0,0,0.0,0.0,1,0,0,6,3,0,0,0,3,2,0,0.0,0.0,0,0,0,17,17,0,0.0,0.0,8.0,,5
880742,Bartol Franjić,bartol-franjic,2576,Darmstadt 98,6.45,122.6,19,0,1,0,1,0.34,1,455,88,543,83.79,262,194,70,2,7,53.85,15,30,5,0,0,1,25.0,4,0,1,24,31.17,17,47.22,41,36.28,1232,0.0,0,0,0,0,0,0,0,0,3,1,0,0,0,19,52.78,28,1,1,8,121,0,28,14,721,2,20,0,0,21,0,3,0,0,,,,1,0,0,0,0,38,7,0,0,0,0,0,14,0.0,0.0,2,13,4,72,19,0,0,0,36,45,12,80.0,0.0,0,0,0,291,256,0,0.26,0.0,63.0,,20
357584,Borna Sosa,borna-sosa,2677,VfB Stuttgart,6.45,12.9,2,0,0,0,0,0.12,0,26,4,30,86.67,9,18,10,3,0,0.0,0,0,0,0,0,1,8.33,1,0,0,0,0.0,0,0.0,0,0.0,44,0.0,0,0,0,0,0,0,0,0,0,1,0,0,0,2,66.67,0,0,0,0,17,0,3,1,48,0,0,0,0,1,0,1,0,0,,,,0,0,0,0,0,3,1,0,0,0,0,0,0,0.0,0.0,3,0,12,1,0,0,0,0,3,4,0,0.0,0.0,0,0,0,9,33,0,0.03,0.0,0.0,,2
935281,Maximilian Breunig,maximilian-breunig,2538,SC Freiburg,6.45,12.9,2,0,0,0,0,0.0,0,1,1,2,50.0,0,1,0,0,0,0.0,0,0,0,0,0,0,0.0,0,0,0,0,0.0,1,25.0,1,20.0,18,0.0,0,0,0,0,0,0,0,0,0,0,0,0,0,0,0.0,0,0,0,0,3,0,0,0,6,0,1,0,0,0,0,0,0,0,,,,0,0,0,0,0,1,0,0,0,0,0,0,0,0.0,0.0,0,0,0,4,3,0,0,0,0,1,0,0.0,0.0,0,0,0,0,2,0,0.0,0.0,0.0,,2
886132,Moritz Kwarteng,moritz-kwarteng,2542,VfL Bochum 1848,6.44,70.8,11,0,1,3,1,0.13,1,66,22,88,75.0,21,45,23,4,7,46.67,3,2,1,1,1,0,0.0,14,3,7,15,38.46,0,0.0,15,31.91,280,0.0,0,0,0,0,1,0,0,0,10,4,0,0,0,2,40.0,0,0,0,5,59,4,4,3,168,5,5,0,0,6,2,4,0,0,,,,0,0,0,0,0,8,0,0,0,0,0,0,2,0.0,0.0,4,15,5,32,8,0,0,0,5,8,0,0.0,0.0,0,0,0,25,68,0,1.04,0.0,18.0,,11
1130950,Grant-Leon Ranos,grant-leon-ranos,2527,Borussia M'gladbach,6.43,38.6,6,0,0,0,0,0.07,0,20,4,24,83.33,5,15,8,0,1,33.33,1,0,0,0,0,0,0.0,3,0,1,2,22.22,1,16.67,3,20.0,69,0.0,0,0,0,0,0,0,0,0,2,1,0,0,0,0,0.0,0,0,0,5,14,1,3,1,41,0,0,0,0,0,1,2,0,0,,,,0,0,0,0,0,0,0,0,0,0,0,0,0,0.0,0.0,0,3,1,12,5,0,0,0,1,0,0,0.0,0.0,0,0,0,7,18,0,0.25,0.0,5.0,,9
791928,Thomas Isherwood,thomas-isherwood,2576,Darmstadt 98,6.41,70.5,11,0,0,0,0,0.11,0,223,44,267,83.52,165,58,19,1,1,100.0,11,10,1,0,0,0,0.0,0,0,0,15,57.69,8,57.14,23,57.5,638,0.0,0,0,0,0,0,0,0,0,0,0,0,0,0,17,44.74,33,0,0,0,48,0,21,9,353,3,8,0,1,4,1,0,0,0,,,,0,0,0,0,0,23,2,0,0,0,0,0,8,0.0,0.0,1,1,1,17,6,0,0,0,38,25,5,45.45,0.0,0,0,0,185,83,0,0.0,0.0,17.0,,12
1048265,Daniel Peretz,daniel-peretz,2672,FC Bayern München,6.4,6.4,1,0,0,0,0,0.0,0,9,5,14,64.29,9,0,0,0,0,0.0,0,0,0,0,0,0,0.0,0,0,0,0,0.0,0,0.0,0,0.0,16,0.0,0,0,0,0,0,0,0,0,0,0,0,0,0,0,0.0,0,0,0,0,5,0,0,0,17,0,0,0,0,0,0,0,0,0,,,,0,0,0,0,0,0,0,0,0,0,0,0,0,0.0,0.0,0,0,0,0,0,0,0,0,5,0,0,0.0,0.0,0,0,0,11,3,0,,2.0,3.0,,1
1855791,Asaf Arania,asaf-arania,2576,Darmstadt 98,6.4,6.4,1,0,0,0,0,0.0,0,3,0,3,100.0,1,2,1,0,0,0.0,0,0,0,0,0,0,0.0,0,0,0,0,0.0,0,0.0,0,0.0,10,0.0,0,0,0,0,0,0,0,0,0,0,0,0,0,0,0.0,0,0,0,0,1,0,0,0,5,0,0,0,0,0,0,0,0,0,,,,0,0,0,0,0,1,0,0,0,0,0,0,0,0.0,0.0,0,0,0,0,0,0,0,0,0,1,0,0.0,0.0,0,0,0,1,2,0,,0.0,0.0,,1
1171540,Julien Duranville,julien-duranville,2673,Borussia Dortmund,6.4,12.8,2,0,0,0,0,,0,0,4,4,0.0,0,0,0,0,3,60.0,1,0,0,0,0,0,0.0,0,0,0,4,33.33,1,100.0,5,38.46,26,0.0,0,0,0,0,0,0,0,0,0,0,0,0,0,0,0.0,0,0,0,4,13,0,2,0,20,0,3,0,0,0,0,0,0,0,,,,0,0,0,0,0,1,0,0,0,0,0,0,0,0.0,0.0,0,5,0,8,0,0,0,0,0,1,0,0.0,0.0,0,0,0,0,4,0,,0.0,0.0,,2
1409371,Luca Raimund,raimund-luca,2677,VfB Stuttgart,6.4,12.8,2,0,0,1,0,0.04,0,16,6,22,72.73,5,11,4,0,0,0.0,3,0,1,0,0,0,0.0,2,0,2,3,42.86,1,50.0,4,44.44,28,0.0,0,0,0,0,0,0,0,0,2,0,0,0,0,0,0.0,0,0,0,2,11,0,0,0,37,0,2,1,0,0,0,0,0,0,,,,0,0,0,0,0,1,1,0,0,0,0,0,0,0.0,0.0,0,0,1,5,1,0,0,0,0,2,1,33.33,0.0,0,0,0,7,16,0,1.09,0.0,1.0,,3
911679,Ilia Gruev,ilia-gruev,2534,SV Werder Bremen,6.4,6.4,1,0,0,0,0,0.0,0,1,0,1,100.0,1,0,0,0,0,0.0,0,0,0,0,0,0,0.0,0,0,0,0,0.0,0,0.0,0,0.0,11,0.0,0,0,0,0,0,0,0,0,0,0,0,0,0,0,0.0,0,0,0,0,2,0,0,0,3,0,0,0,0,0,0,0,0,0,,,,0,0,0,0,0,1,0,0,0,0,0,0,0,0.0,0.0,0,0,0,0,0,0,0,0,0,1,0,0.0,0.0,0,0,0,1,0,0,0.0,0.0,0.0,,1
608362,Oliver Burke,oliver-burke,2534,SV Werder Bremen,6.4,6.4,1,0,0,0,0,0.0,0,3,3,6,50.0,3,0,0,0,1,100.0,0,0,0,0,0,0,0.0,0,0,0,1,33.33,0,0.0,1,33.33,31,0.0,0,0,0,0,0,0,0,0,0,0,0,0,0,0,0.0,0,0,0,0,6,0,0,0,14,0,0,0,0,2,0,0,0,0,,,,0,0,0,0,0,3,0,0,0,0,0,0,0,0.0,0.0,0,1,2,2,0,0,0,0,0,3,0,0.0,0.0,0,0,0,3,5,0,0.0,,,,1
609706,Kasim Adams,kasim-adams,2569,TSG Hoffenheim,6.4,6.4,1,0,0,0,0,0.0,0,1,0,1,100.0,1,0,0,0,0,0.0,0,0,0,0,0,0,0.0,0,0,0,0,0.0,0,0.0,0,0.0,8,0.0,0,0,0,0,0,0,0,0,0,0,0,0,0,0,0.0,0,0,0,0,2,0,0,0,3,0,1,0,0,0,0,0,0,0,,,,0,0,0,0,0,0,0,0,0,0,0,0,0,0.0,0.0,0,0,0,1,0,0,0,0,0,0,0,0.0,0.0,0,0,0,1,0,0,0.0,0.0,0.0,,1
48243,Genki Haraguchi,genki-haraguchi,2677,VfB Stuttgart,6.4,12.8,2,0,0,0,0,0.01,0,14,4,18,77.78,9,5,3,0,0,0.0,1,0,0,0,0,0,0.0,0,0,0,1,33.33,0,0.0,1,33.33,28,0.0,0,0,0,0,0,0,0,0,0,0,0,0,0,0,0.0,1,0,0,0,4,0,1,0,21,0,2,0,0,0,0,0,0,0,,,,0,0,0,0,0,1,1,0,0,0,0,0,0,0.0,0.0,0,0,0,2,0,0,0,0,1,2,1,100.0,0.0,0,0,0,11,7,0,0.0,0.0,2.0,,2
1391596,Fabio Torsiello,fabio-torsiello,2576,Darmstadt 98,6.38,57.4,9,0,0,1,0,0.1,0,19,4,23,82.61,5,15,10,0,1,33.33,1,1,0,0,0,1,50.0,4,0,1,2,12.5,0,0.0,2,10.53,160,0.0,0,0,0,0,0,0,0,0,2,2,0,0,0,2,40.0,1,0,0,3,19,0,2,0,52,0,4,0,0,7,0,3,0,0,,,,0,0,0,0,0,5,0,0,0,0,0,0,1,0.0,0.0,0,3,2,17,3,0,0,0,5,5,0,0.0,0.0,0,0,0,6,19,0,0.27,0.0,4.0,,10
1152505,Nelson Weiper,nelson-weiper,2556,1. FSV Mainz 05,6.38,25.5,4,0,0,1,0,0.11,0,24,16,40,60.0,4,20,14,2,2,28.57,2,1,0,0,0,0,0.0,2,0,1,4,36.36,3,20.0,7,26.92,121,0.0,0,0,0,0,0,0,0,0,2,0,0,0,0,0,0.0,0,0,0,1,30,2,1,0,67,0,0,0,0,1,0,1,0,0,,,,0,0,0,0,0,3,0,0,0,0,0,0,1,0.0,0.0,2,7,0,19,12,0,0,0,0,3,1,50.0,0.0,0,0,0,7,33,0,0.49,0.0,6.0,,5
1063364,Kenneth Schmidt,kenneth-schmidt,2538,SC Freiburg,6.38,25.5,4,0,0,0,0,0.12,0,36,4,40,90.0,26,12,5,2,0,0.0,2,1,0,0,0,2,100.0,1,0,1,2,33.33,1,50.0,3,37.5,84,0.0,0,0,0,0,0,0,0,0,0,1,0,0,0,1,50.0,2,0,0,1,7,0,1,1,57,0,1,0,0,2,0,0,0,0,,,,0,0,0,0,0,4,0,0,0,0,0,0,0,0.0,0.0,2,0,2,5,1,0,0,0,2,4,2,100.0,0.0,0,0,0,29,13,0,0.02,0.0,11.0,,5
994490,Mathias Olesen,mathias-olesen,2671,1. FC Köln,6.37,38.2,6,0,0,0,0,0.21,0,41,10,51,80.39,19,23,15,1,1,100.0,0,2,0,0,1,1,100.0,1,0,1,3,37.5,1,25.0,4,33.33,113,0.0,0,0,0,0,0,0,0,0,0,1,0,0,0,1,25.0,2,0,0,2,14,3,3,2,66,2,3,0,0,0,0,0,0,0,,,,0,0,0,0,0,3,0,0,0,0,0,0,0,0.0,0.0,1,1,1,8,3,0,0,0,4,3,0,0.0,0.0,1,0,0,23,29,0,0.03,0.0,14.0,,6
980418,Sacha Boey,sacha-boey,2672,FC Bayern München,6.35,12.7,2,0,0,0,0,0.03,0,45,9,54,83.33,19,26,12,0,2,40.0,2,1,1,0,0,0,0.0,1,0,1,6,40.0,2,50.0,8,42.11,109,0.0,0,0,0,0,0,0,0,0,1,0,0,0,0,0,0.0,2,0,0,0,16,1,0,0,90,3,6,0,0,1,0,0,0,0,,,,0,0,0,0,0,2,0,0,0,0,0,0,1,0.0,0.0,0,5,0,11,2,0,0,0,0,2,0,0.0,0.0,0,0,0,23,31,0,0.24,0.0,6.0,,2
823092,Attila Szalai,attila-szalai,2538,SC Freiburg,6.34,44.4,7,0,2,0,0,1.03,0,185,53,238,77.73,112,74,21,3,0,0.0,4,2,1,0,0,1,20.0,1,1,0,4,22.22,7,50.0,11,34.38,390,0.0,0,0,0,0,0,0,0,0,0,1,0,0,0,8,25.81,18,1,0,2,65,0,20,9,297,0,7,0,1,4,1,0,0,0,,,,0,0,0,0,0,10,0,0,0,0,0,0,4,0.0,0.0,3,1,5,21,7,0,0,0,31,10,2,50.0,0.0,0,0,0,132,111,0,0.01,3.0,15.0,,7
174285,Alexander Brunst,alexander-brunst,2576,Darmstadt 98,6.33,19.0,3,0,0,0,0,0.02,0,90,47,137,65.69,61,29,10,0,0,0.0,0,0,2,0,0,0,0.0,0,0,0,1,33.33,1,100.0,2,50.0,270,0.0,0,0,0,0,0,0,0,0,0,0,0,0,0,38,45.24,3,1,0,0,47,0,13,9,166,2,0,0,0,2,0,0,0,7,,,,0,0,0,1,6,10,0,1,3,3,3,0,3,0.0,0.0,0,0,0,2,0,0,0,0,84,10,0,0.0,0.0,0,0,1,69,68,0,,21.0,38.0,,3
1518691,Bennit Bröger,bennit-broger,2524,VfL Wolfsburg,6.1,6.1,1,0,0,0,0,0.0,0,2,2,4,50.0,2,0,0,0,0,0.0,0,0,0,0,0,0,0.0,0,0,0,2,40.0,0,0.0,2,28.57,10,0.0,0,0,0,0,0,0,0,0,0,0,0,0,0,0,0.0,0,0,0,1,5,0,1,0,10,2,1,0,0,0,0,0,0,0,,,,0,0,0,0,0,1,0,0,0,0,0,0,0,0.0,0.0,0,1,0,5,2,0,0,0,0,1,0,0.0,0.0,0,0,0,2,2,0,,0.0,2.0,,1
1019011,Isak Hansen Aarøen,isak-hansen-aaroen,2534,SV Werder Bremen,6.05,12.1,2,0,0,0,0,0.11,0,10,3,13,76.92,6,4,2,1,0,0.0,0,1,1,0,0,0,0.0,0,0,0,0,0.0,0,0.0,0,0.0,25,0.0,0,0,0,0,0,0,0,0,0,0,0,0,0,0,0.0,0,0,0,2,8,0,0,0,22,0,1,0,0,1,0,0,0,0,,,,0,0,0,0,0,3,0,0,0,0,0,0,0,0.0,0.0,1,2,0,6,0,0,0,0,1,3,0,0.0,0.0,0,0,0,6,7,0,,0.0,4.0,,3
1083382,Lukas Ullrich,lukas-ullrich,2527,Borussia M'gladbach,5.8,11.6,2,0,0,0,0,0.01,0,9,8,17,52.94,5,4,2,0,0,0.0,1,0,0,0,0,0,0.0,0,0,0,2,22.22,0,0.0,2,18.18,44,0.0,0,0,0,0,0,0,0,0,0,0,0,0,0,0,0.0,1,0,0,3,19,0,1,0,33,1,0,0,0,3,0,0,0,0,,,,0,0,0,0,0,3,0,0,0,0,0,0,0,0.0,0.0,0,1,5,9,2,0,0,0,4,3,0,0.0,0.0,0,0,0,5,17,0,0.0,0.0,3.0,,4
40372,Andreas Luthe,andreas-luthe,2542,VfL Bochum 1848,5.3,5.3,1,0,0,0,0,0.02,0,23,24,47,48.94,5,18,10,0,0,0.0,0,0,0,0,0,0,0.0,0,0,0,0,0.0,0,0.0,0,0.0,90,0.0,0,0,0,0,0,0,0,0,0,0,0,0,0,20,46.51,1,0,0,0,24,0,1,1,51,0,0,0,0,0,0,0,0,1,,,,0,0,0,1,0,3,1,0,0,0,0,0,1,0.0,0.0,0,0,0,0,0,0,0,0,43,4,0,0.0,0.0,0,0,0,9,38,0,,7.0,8.0,,1
1146545,Jonathan Asp Jensen,jensen-jonathan-asp,2672,FC Bayern München,0.0,0.0,0,0,0,0,0,,0,0,0,0,0.0,0,0,0,0,0,0.0,0,0,0,0,0,0,0.0,0,0,0,0,0.0,0,0.0,0,0.0,1,0.0,0,0,0,0,0,0,0,0,0,0,0,0,0,0,0.0,1,0,0,0,0,0,0,0,1,0,0,0,0,0,0,0,0,0,,,,0,0,0,0,0,0,0,0,0,0,0,0,0,0.0,0.0,0,0,0,0,0,0,0,0,0,0,0,0.0,0.0,0,0,0,0,0,0,,0.0,0.0,,1
1606622,Jonathan Norbye,jonathan-norbye,36360,RB Leipzig,0.0,0.0,0,0,0,0,0,0.0,0,1,0,1,100.0,1,0,0,0,0,0.0,0,0,0,0,0,0,0.0,0,0,0,0,0.0,0,0.0,0,0.0,1,0.0,0,0,0,0,0,0,0,0,0,0,0,0,0,0,0.0,0,0,0,0,0,0,0,0,1,0,0,0,0,0,0,0,0,0,,,,0,0,0,0,0,0,0,0,0,0,0,0,0,0.0,0.0,0,0,0,0,0,0,0,0,0,0,0,0.0,0.0,0,0,0,1,0,0,,0.0,0.0,,1
1489202,Nuha Jatta,nuha-jatta,36360,RB Leipzig,0.0,0.0,0,0,0,0,0,,0,0,0,0,0.0,0,0,0,0,0,0.0,0,0,0,0,0,0,0.0,0,0,0,0,0.0,0,0.0,0,0.0,1,0.0,0,0,0,0,0,0,0,0,0,0,0,0,0,0,0.0,0,0,0,0,0,0,0,0,0,0,0,0,0,0,0,0,0,0,,,,0,0,0,0,0,0,0,0,0,0,0,0,0,0.0,0.0,0,0,0,0,0,0,0,0,0,0,0,0.0,0.0,0,0,0,0,0,0,,0.0,0.0,,1
1388328,Mahmut Kücüksahin,mahmut-kucuksahin,2600,FC Augsburg,0.0,0.0,0,0,0,0,0,0.0,0,4,0,4,100.0,2,2,1,0,0,0.0,0,0,0,0,0,0,0.0,0,0,0,0,0.0,0,0.0,0,0.0,1,0.0,0,0,0,0,0,0,0,0,0,0,0,0,0,0,0.0,0,0,0,0,0,0,0,0,4,0,0,0,0,0,0,0,0,0,,,,0,0,0,0,0,0,0,0,0,0,0,0,0,0.0,0.0,0,0,0,0,0,0,0,0,0,0,0,0.0,0.0,0,0,0,2,2,0,,0.0,0.0,,1
1536650,Joel Imasuen,joel-imasuen,2534,SV Werder Bremen,0.0,0.0,0,0,0,0,0,0.0,0,1,0,1,100.0,0,1,1,0,0,0.0,0,0,0,0,0,0,0.0,0,0,0,0,0.0,0,0.0,0,0.0,1,0.0,0,0,0,0,0,0,0,0,0,0,0,0,0,0,0.0,0,0,0,0,0,0,0,0,1,0,0,0,0,0,0,0,0,0,,,,0,0,0,0,0,0,0,0,0,0,0,0,0,0.0,0.0,0,0,0,0,0,0,0,0,0,0,0,0.0,0.0,0,0,0,0,1,0,,0.0,0.0,,1
1467703,Kofi Jeremy Amoako,amoako-kofi-jeremy,2524,VfL Wolfsburg,0.0,0.0,0,0,0,0,0,,0,0,1,1,0.0,0,0,0,0,0,0.0,0,0,0,0,0,0,0.0,0,0,0,0,0.0,0,0.0,0,0.0,2,0.0,0,0,0,0,0,0,0,0,0,0,0,0,0,0,0.0,0,0,0,0,1,0,0,0,1,0,0,0,0,0,0,0,0,0,,,,0,0,0,0,0,0,0,0,0,0,0,0,0,0.0,0.0,0,0,0,0,0,0,0,0,1,0,0,0.0,0.0,0,0,0,0,1,0,,0.0,0.0,,2
796358,Diadié Samassékou,diadie-samassekou,2569,TSG Hoffenheim,0.0,0.0,0,0,0,0,0,0.0,0,2,0,2,100.0,2,0,0,0,0,0.0,0,1,0,0,0,0,0.0,0,0,0,1,100.0,0,0.0,1,100.0,1,0.0,0,0,0,0,0,0,0,0,0,0,0,0,0,0,0.0,0,0,0,0,0,0,0,0,5,1,0,0,0,0,0,0,0,0,,,,0,0,0,0,0,0,0,0,0,0,0,0,0,0.0,0.0,0,0,0,0,0,0,0,0,0,0,0,0.0,0.0,0,0,0,2,0,0,0.0,0.0,0.0,,1
940236,Thomas Keller,thomas-keller,5885,1. FC Heidenheim,0.0,0.0,0,0,0,0,0,0.0,0,5,2,7,71.43,2,3,1,0,0,0.0,0,0,0,0,0,0,0.0,0,0,0,0,0.0,0,0.0,0,0.0,2,0.0,0,0,0,0,0,0,0,0,0,0,0,0,0,1,33.33,0,0,0,0,3,0,1,1,8,0,1,0,0,0,0,0,0,0,,,,0,0,0,0,0,0,0,0,0,0,0,0,0,0.0,0.0,0,0,0,1,0,0,0,0,3,0,0,0.0,0.0,0,0,0,2,5,0,0.0,0.0,1.0,,2
