player_id,player_name,player_slug,team_id,team_name,rating,totalRating,countRating,goals,bigChancesCreated,bigChancesMissed,assists,expectedAssists,goalsAssistsSum,accuratePasses,inaccuratePasses,totalPasses,accuratePassesPercentage,accurateOwnHalfPasses,accurateOppositionHalfPasses,accurateFinalThirdPasses,keyPasses,successfulDribbles,successfulDribblesPercentage,tackles,interceptions,yellowCards,directRedCards,redCards,accurateCrosses,accurateCrossesPercentage,totalShots,shotsOnTarget,shotsOffTarget,groundDuelsWon,groundDuelsWonPercentage,aerialDuelsWon,aerialDuelsWonPercentage,totalDuelsWon,totalDuelsWonPercentage,minutesPlayed,goalConversionPercentage,penaltiesTaken,penaltyGoals,penaltyWon,penaltyConceded,shotFromSetPiece,freeKickGoal,goalsFromInsideTheBox,goalsFromOutsideTheBox,shotsFromInsideTheBox,shotsFromOutsideTheBox,headedGoals,leftFootGoals,rightFootGoals,accurateLongBalls,accurateLongBallsPercentage,clearances,errorLeadToGoal,errorLeadToShot,dispossessed,possessionLost,possessionWonAttThird,totalChippedPasses,accurateChippedPasses,touches,wasFouled,fouls,hitWoodwork,ownGoals,dribbledPast,offsides,blockedShots,passToAssist,saves,kilometersCovered,numberOfSprints,topSpeed,cleanSheet,penaltyFaced,penaltySave,savedShotsFromInsideTheBox,savedShotsFromOutsideTheBox,goalsConcededInsideTheBox,goalsConcededOutsideTheBox,punches,runsOut,successfulRunsOut,highClaims,crossesNotClaimed,matchesStarted,penaltyConversion,setPieceConversion,totalAttemptAssist,totalContest,totalCross,duelLost,aerialLost,attemptPenaltyMiss,attemptPenaltyPost,attemptPenaltyTarget,totalLongBalls,goalsConceded,tacklesWon,tacklesWonPercentage,scoringFrequency,yellowRedCards,savesCaught,savesParried,totalOwnHalfPasses,totalOppositionHalfPasses,totwAppearances,expectedGoals,goalKicks,ballRecovery,outfielderBlocks,appearances
288205,Bruno Fernandes,bruno-fernandes,35,Manchester United,7.61,266.2,35,9,33,8,21,12.32,30,1639,355,1994,82.2,550,1089,662,137,15,41.67,54,20,5,0,0,55,30.05,85,24,31,103,47.25,21,38.89,124,45.59,3066,10.59,6,4,0,1,5,1,8,1,39,46,0,0,9,138,60.0,42,0,3,30,594,16,250,152,2647,35,25,5,0,39,4,30,1,0,355.26,601.0,34.88,7,0,0,0,0,40,6,0,0,0,0,0,35,66.67,20.0,136,36,183,148,33,1,0,1,230,46,32,59.26,340.67,0,0,0,626,1368,7,10.83,0,167,5,35
1128801,Max Weiss,max-weiss,6,Burnley,7.57,22.7,3,0,0,0,0,0.01,0,68,44,112,60.71,56,12,5,1,0,0.0,0,0,0,0,0,0,0.0,0,0,0,0,0.0,1,100.0,1,50.0,270,0.0,0,0,0,0,0,0,0,0,0,0,0,0,0,17,27.87,4,0,0,1,48,0,8,6,146,0,0,0,0,0,0,0,0,10,5.13,0.0,23.33,0,1,0,5,5,4,0,2,2,2,4,0,3,0.0,0.0,1,0,0,1,0,0,0,0,61,4,0,0.0,0.0,0,0,1,58,54,1,,37,21,0,3
856714,Declan Rice,declan-rice,42,Arsenal,7.46,268.5,36,4,17,3,5,6.96,9,1865,271,2136,87.31,803,1062,534,64,14,50.0,70,37,3,0,0,47,26.4,40,13,14,95,56.89,50,67.57,145,60.17,3099,10.0,0,0,0,0,5,0,3,1,13,27,1,0,3,88,48.09,78,1,0,18,498,12,126,66,2769,11,26,0,0,14,1,13,1,0,372.82,633.0,35.39,13,0,0,0,0,19,6,0,0,0,0,0,35,0.0,0.0,63,28,178,96,24,0,0,0,183,25,35,50.0,774.75,0,0,0,874,1262,4,3.17,0,180,12,36
866469,Bruno Guimarães,bruno-guimaraes,39,Newcastle United,7.45,216.1,29,9,7,4,5,4.98,14,1250,201,1451,86.15,478,772,446,46,18,37.5,62,15,6,0,0,21,25.61,42,23,13,155,52.01,13,37.14,168,50.45,2455,21.43,2,2,2,0,2,0,6,3,20,22,2,1,6,81,60.45,36,0,0,46,407,18,123,78,2034,75,45,2,0,26,2,6,1,0,318.98,299.0,33.87,6,0,0,0,0,30,7,0,0,0,0,0,27,100.0,0.0,45,48,82,165,22,0,0,0,134,37,43,69.35,272.78,0,0,0,516,935,5,5.6,0,135,3,29
827606,Rodri,rodri,17,Manchester City,7.43,148.6,20,1,2,0,0,2.59,1,1458,160,1618,90.11,597,861,340,25,7,46.67,41,14,3,0,0,1,16.67,16,3,7,79,62.2,39,78.0,118,66.67,1513,6.25,0,0,0,0,0,0,1,0,8,8,1,0,0,90,68.7,41,0,3,11,203,10,134,94,1869,31,14,1,0,15,0,6,0,0,200.99,216.0,33.68,3,0,0,0,0,12,3,0,0,0,0,0,17,0.0,0.0,25,15,6,59,11,0,0,0,131,15,22,53.66,1513.0,0,0,0,644,974,2,1.13,1,107,3,21
934386,Jérémy Doku,jeremy-doku,17,Manchester City,7.39,221.7,30,5,13,4,5,6.18,10,640,132,772,82.9,111,529,386,60,84,56.76,23,13,0,0,0,16,27.12,39,15,9,167,53.53,4,33.33,171,52.78,1784,12.82,0,0,2,0,0,0,3,2,27,12,0,2,3,14,63.64,2,0,0,49,378,20,10,6,1319,61,23,1,0,10,3,15,1,0,190.08,302.0,35.55,2,0,0,0,0,15,3,0,0,0,0,0,19,0.0,0.0,59,148,59,153,8,0,0,0,22,18,15,65.22,356.8,0,0,0,123,649,5,2.75,0,88,0,30
994546,Elliot Anderson,elliot-anderson,14,Nottingham Forest,7.34,278.8,38,4,9,1,4,4.79,8,2038,345,2383,85.52,932,1106,582,55,50,54.35,104,41,8,0,0,51,28.98,44,10,16,231,53.72,66,58.93,297,54.8,3334,9.09,1,1,0,1,2,0,3,1,17,27,0,1,3,119,53.36,49,0,4,62,656,25,165,79,3300,80,57,0,0,40,2,18,1,0,403.96,501.0,34.65,7,0,0,0,0,41,9,0,0,0,0,0,37,100.0,0.0,54,92,176,245,46,0,0,0,223,50,63,60.58,833.5,0,0,0,1020,1363,3,2.9,0,306,16,38
117777,Granit Xhaka,granit-xhaka,41,Sunderland,7.33,249.2,34,1,9,0,6,3.71,7,1512,295,1807,83.67,660,852,441,34,11,45.83,50,29,8,0,0,23,23.23,21,5,10,99,59.64,56,61.54,155,60.31,2903,4.76,0,0,0,0,3,0,0,1,5,16,0,1,0,138,54.98,85,0,3,17,429,9,199,109,2295,41,23,1,0,16,0,6,0,0,349.75,389.0,35.1,9,0,0,0,0,33,6,0,0,0,0,0,32,0.0,0.0,34,24,99,102,35,0,0,0,251,39,33,66.0,2903.0,0,0,0,723,1084,4,1.02,0,179,20,34
839956,Erling Haaland,erling-haaland,17,Manchester City,7.31,255.9,35,27,9,30,8,2.85,35,252,132,384,65.63,92,160,107,25,17,53.13,15,5,2,0,0,1,33.33,126,59,43,57,46.34,73,61.86,130,53.94,2958,21.43,4,3,0,0,0,0,26,1,114,12,3,21,3,4,28.57,42,0,0,23,225,13,13,5,778,25,24,6,0,6,5,24,0,0,329.23,676.0,36.36,9,0,0,0,0,25,7,0,0,0,0,0,34,75.0,0.0,25,32,3,111,45,0,0,1,14,32,9,60.0,109.56,0,0,0,119,265,6,25.43,0,41,1,35
877994,Marc Guéhi,marc-guehi,17,Manchester City,7.3,255.5,35,3,5,6,3,2.32,6,2070,239,2309,89.65,1115,955,398,18,7,63.64,46,50,6,0,0,3,17.65,32,9,15,91,61.49,103,65.19,194,63.4,3150,9.38,0,0,1,0,0,0,3,0,30,2,1,0,2,77,40.96,164,2,0,18,300,5,160,80,2808,38,25,2,0,11,0,8,0,0,332.45,523.0,35.28,14,0,0,0,0,28,7,0,0,0,0,0,35,0.0,0.0,18,11,17,112,55,0,0,0,188,35,31,67.39,1050.0,0,0,0,1193,1116,5,4.12,37,138,23,35
869792,Gabriel Magalhães,gabriel-magalhaes,42,Arsenal,7.27,232.5,32,3,5,4,4,1.82,7,1528,205,1733,88.17,934,594,205,7,1,50.0,38,23,4,0,0,1,20.0,27,7,10,72,69.9,99,62.26,171,65.27,2751,11.11,0,0,0,0,0,0,3,0,22,5,1,2,0,78,44.57,182,1,2,4,234,2,98,46,2158,34,21,2,0,7,0,10,0,0,293.35,287.0,35.58,17,0,0,0,0,15,5,0,0,0,0,0,30,0.0,0.0,7,2,5,91,60,0,0,0,175,20,20,52.63,917.0,0,0,0,1002,731,5,2.93,46,64,34,32
151545,Virgil van Dijk,virgil-van-dijk,44,Liverpool FC,7.26,275.9,38,6,0,8,0,1.35,6,2485,307,2792,89.0,1336,1149,410,12,2,100.0,22,28,4,0,0,0,0.0,30,14,12,42,70.0,174,74.36,216,73.47,3420,20.0,0,0,0,1,0,0,6,0,27,3,5,0,0,137,45.97,275,2,2,1,327,3,153,82,3261,18,19,1,0,2,1,4,0,0,342.01,509.0,35.36,10,0,0,0,0,42,11,0,0,0,0,0,38,0.0,0.0,12,2,1,78,60,0,0,0,298,53,13,59.09,570.0,0,0,0,1397,1395,5,3.77,141,87,26,38
830659,Marcos Senesi,marcos-senesi,60,Bournemouth,7.24,268.0,37,0,7,2,5,4.67,5,1801,518,2319,77.66,1026,775,330,24,6,66.67,62,56,8,0,0,8,30.77,17,5,8,104,57.14,92,47.92,196,52.41,3290,0.0,0,0,1,0,0,0,0,0,10,7,0,0,0,182,38.16,253,0,2,14,600,2,345,150,2990,37,34,1,0,29,1,4,0,0,323.51,415.0,34.73,10,0,0,0,0,46,7,0,0,0,0,0,37,0.0,0.0,24,9,26,178,100,0,0,0,477,53,35,56.45,0.0,0,0,0,1153,1166,5,1.52,79,154,47,37
962012,Jan Paul van Hecke,jan-paul-van-hecke,30,Brighton & Hove Albion,7.24,260.5,36,3,2,3,3,1.62,6,2198,323,2521,87.19,1345,853,333,13,3,60.0,53,47,9,0,0,10,43.48,23,10,6,95,64.19,114,58.76,209,61.11,3211,13.04,0,0,0,1,0,0,3,0,18,5,1,0,2,133,47.16,189,4,0,6,366,3,230,125,3041,43,27,1,1,21,4,7,0,0,340.61,388.0,34.95,9,0,0,0,0,36,8,0,0,0,0,0,36,0.0,0.0,13,5,23,133,80,0,0,0,282,44,30,56.6,1070.33,0,0,0,1422,1099,5,3.3,11,113,28,36
934235,Bukayo Saka,bukayo-saka,42,Arsenal,7.24,224.3,31,7,12,8,5,7.16,12,593,180,773,76.71,117,476,341,63,50,49.5,41,16,2,0,0,40,32.79,71,27,20,145,52.73,22,42.31,167,51.07,2225,9.86,1,1,0,0,2,0,7,0,52,19,1,4,2,14,35.9,11,0,1,32,407,27,39,15,1382,54,33,1,0,16,14,24,2,0,250.44,469.0,34.71,8,0,0,0,0,11,5,0,0,0,0,0,25,100.0,0.0,61,101,122,160,30,0,0,0,39,16,21,51.22,317.86,0,0,0,147,626,5,7.55,0,117,1,31
189061,Jack Grealish,jack-grealish,48,Everton,7.23,144.6,20,2,5,4,6,3.57,8,482,91,573,84.12,135,347,238,40,23,40.35,21,12,3,0,1,10,25.64,26,8,6,102,54.55,4,17.39,106,50.48,1631,7.69,0,0,0,0,0,0,1,1,19,7,0,1,1,18,56.25,11,0,2,30,227,16,29,18,932,58,13,1,0,10,0,12,2,0,164.9,203.0,34.86,5,0,0,0,0,21,2,0,0,0,0,0,18,0.0,0.0,38,57,39,104,19,0,0,0,32,23,15,71.43,815.5,1,0,0,157,416,3,2.15,0,87,6,20
927361,James Garner,james-garner,48,Everton,7.23,274.7,38,2,12,0,7,5.95,9,1564,229,1793,87.23,663,901,490,56,18,52.94,120,59,12,0,0,53,25.6,45,14,20,179,60.88,30,63.83,209,61.29,3414,4.44,0,0,0,0,11,0,1,1,14,31,0,0,2,60,45.8,85,0,1,15,479,15,76,39,2654,42,39,1,0,46,0,11,0,0,395.69,640.0,35.92,11,0,0,0,0,46,4,0,0,0,0,0,38,0.0,0.0,56,34,207,132,17,0,0,0,131,50,71,59.17,1707.0,0,0,0,741,1052,2,2.03,0,184,10,38
122951,Casemiro,casemiro,35,Manchester United,7.22,245.5,34,9,4,6,2,3.12,11,1301,299,1600,81.31,608,693,306,36,6,37.5,90,31,9,0,1,4,23.53,52,18,18,131,53.25,57,51.35,188,52.66,2593,17.31,0,0,0,0,0,0,8,1,31,21,8,0,1,86,54.09,73,0,5,13,369,9,167,105,2128,36,46,1,0,50,5,16,0,0,288.99,240.0,34.14,2,0,0,0,0,28,3,0,0,0,0,0,33,0.0,0.0,36,16,17,169,54,0,0,0,159,31,45,50.0,288.11,1,0,0,704,896,3,5.52,0,138,27,34
979128,Rayan Cherki,cherki-rayan,17,Manchester City,7.21,238.0,33,4,19,2,12,8.65,16,1104,173,1277,86.45,285,819,480,61,51,48.11,26,7,1,0,0,24,30.0,55,13,19,111,47.03,1,12.5,112,45.9,1794,7.27,0,0,0,0,4,0,3,1,39,16,0,0,4,31,48.44,7,0,1,34,374,16,84,46,1758,34,17,3,0,19,1,23,1,0,220.05,408.0,34.13,3,0,0,0,0,15,3,0,0,0,0,0,19,0.0,0.0,60,106,80,132,7,0,0,0,64,18,18,69.23,448.5,0,0,0,312,965,3,4.13,0,91,1,33
331737,Youri Tielemans,youri-tielemans,40,Aston Villa,7.2,180.1,25,0,5,2,4,3.33,4,959,170,1129,84.94,385,574,281,32,9,52.94,58,18,0,0,0,14,30.43,24,7,10,107,61.14,22,56.41,129,60.28,1862,0.0,0,0,0,0,0,0,0,0,8,16,0,0,0,60,63.16,19,0,1,13,255,9,91,47,1484,41,25,0,0,23,1,7,0,0,217.09,278.0,35.04,2,0,0,0,0,23,4,0,0,0,0,0,21,0.0,0.0,32,17,46,85,17,0,0,0,95,27,36,62.07,0.0,0,0,0,429,700,1,1.17,0,94,14,25
1142562,Mateus Fernandes,mateus-fernandes,37,West Ham United,7.19,259.0,36,3,3,1,4,2.97,7,1366,196,1562,87.45,666,700,346,37,28,58.33,103,35,7,0,0,12,23.08,28,8,9,180,56.25,19,48.72,199,55.43,3024,10.71,0,0,0,0,0,0,2,1,8,20,1,0,2,110,61.45,36,0,4,32,333,17,147,80,2120,49,49,1,0,41,0,11,0,0,345.2,552.0,33.59,5,0,0,0,0,45,5,0,0,0,0,0,35,0.0,0.0,37,48,52,160,20,0,0,0,179,50,67,65.05,1008.0,0,0,0,716,846,1,2.0,0,182,12,36
885908,Reece James,reece-james,38,Chelsea,7.18,208.3,29,2,8,0,4,3.19,6,1178,146,1324,88.97,576,602,301,27,11,50.0,48,33,4,0,0,30,23.81,22,7,6,81,57.04,31,65.96,112,59.26,1961,9.09,0,0,0,0,7,1,1,1,4,18,0,0,2,57,55.34,41,1,3,13,298,7,91,45,1845,22,27,2,0,10,1,9,0,0,220.65,388.0,35.47,4,0,0,0,0,20,0,0,0,0,0,0,20,0.0,14.29,27,22,126,77,16,0,0,0,103,20,33,68.75,980.5,0,0,0,625,699,3,1.04,0,102,6,29
318941,Rúben Dias,ruben-dias,17,Manchester City,7.18,186.6,26,2,0,1,0,0.64,2,1629,123,1752,92.98,875,754,237,7,3,50.0,13,23,3,0,0,3,33.33,10,4,3,24,51.06,58,65.17,82,60.29,2149,20.0,0,0,0,0,0,0,1,1,6,4,0,0,2,53,51.96,117,0,2,3,139,2,80,40,2012,9,15,0,0,2,0,3,0,0,250.07,350.0,34.52,11,0,0,0,0,16,6,0,0,0,0,0,24,0.0,0.0,7,6,9,54,31,0,0,0,102,22,6,46.15,1074.5,0,0,0,920,832,3,0.56,19,73,17,26
869856,Dominik Szoboszlai,dominik-szoboszlai,44,Liverpool FC,7.18,258.3,36,6,14,4,7,6.81,13,1919,268,2187,87.75,770,1149,660,78,26,52.0,56,30,8,1,1,68,33.17,71,23,24,112,46.09,19,44.19,131,45.8,3233,8.45,1,0,0,0,14,4,2,4,19,52,0,1,5,130,62.2,58,2,5,27,519,20,138,81,2996,30,41,2,0,39,2,24,0,0,380.44,963.0,35.68,8,0,0,0,0,41,11,0,0,0,0,0,36,0.0,28.57,78,50,205,155,24,0,1,0,209,52,32,57.14,538.83,0,0,0,864,1323,4,4.85,0,187,8,36
980643,James Trafford,james-trafford,17,Manchester City,7.18,28.7,4,0,0,0,0,0.0,0,87,31,118,73.73,84,3,1,0,1,100.0,2,0,0,0,0,0,0.0,0,0,0,4,100.0,1,100.0,5,100.0,360,0.0,0,0,0,0,0,0,0,0,0,0,0,0,0,13,31.71,6,1,0,0,31,0,3,3,158,1,0,0,0,0,0,0,0,14,,,,1,1,0,10,4,6,0,1,8,7,2,0,4,0.0,0.0,0,1,0,0,0,0,0,0,41,6,1,50.0,0.0,0,0,5,92,26,0,,15,35,0,4
861970,Kiernan Dewsbury-Hall,kiernan-dewsbury-hall,48,Everton,7.16,222.1,31,8,10,3,4,5.38,12,846,180,1026,82.46,260,586,368,37,27,54.0,52,12,6,0,0,21,18.75,39,15,13,126,51.43,21,45.65,147,50.52,2635,20.51,0,0,0,1,0,0,8,0,26,13,0,6,2,23,34.33,28,0,1,49,398,21,29,10,1580,48,32,1,0,19,2,11,0,0,316.82,459.0,35.77,5,0,0,0,0,37,2,0,0,0,0,0,30,0.0,0.0,37,50,112,144,25,0,0,0,67,39,25,48.08,329.38,0,0,0,297,729,3,4.31,0,134,4,31
987650,Moisés Caicedo,moises-caicedo,38,Chelsea,7.15,236.0,33,3,4,1,1,2.38,4,1883,170,2053,91.72,915,968,394,19,15,53.57,87,59,11,1,1,2,28.57,27,7,7,157,59.25,15,34.09,172,55.66,2802,11.11,0,0,0,1,0,0,1,2,7,20,0,0,3,65,64.36,28,1,3,19,239,8,117,71,2496,55,54,0,0,24,0,13,1,0,300.82,383.0,35.15,5,0,0,0,0,43,3,0,0,0,0,0,32,0.0,0.0,18,28,7,137,29,0,0,0,101,46,46,52.87,934.0,0,0,0,964,1089,1,1.44,0,177,15,33
974505,Enzo Fernández,enzo-fernandez,38,Chelsea,7.15,257.4,36,10,11,9,4,7.25,14,1755,285,2040,86.03,698,1057,574,69,13,27.08,53,21,10,0,0,16,17.98,72,31,21,111,43.02,26,50.0,137,44.19,3121,13.89,2,2,0,0,8,1,8,2,41,31,1,0,9,95,60.13,28,0,0,41,497,15,152,80,2608,45,36,5,0,36,1,20,1,0,370.01,702.0,34.98,5,0,0,0,0,42,4,0,0,0,0,0,35,100.0,12.5,68,48,89,173,26,0,0,0,158,46,22,41.51,312.1,0,0,0,762,1278,2,11.29,0,140,2,36
145188,James Tarkowski,james-tarkovsky,48,Everton,7.15,264.5,37,2,2,4,3,2.07,5,1257,302,1559,80.63,824,433,151,19,4,50.0,51,32,8,0,0,2,28.57,21,10,5,87,64.93,147,69.67,234,67.83,3330,9.52,0,0,0,1,0,0,2,0,21,0,1,0,1,100,41.15,242,1,7,1,332,3,182,73,2093,35,32,0,0,13,2,6,1,0,339.65,319.0,35.42,11,0,0,0,0,44,4,0,0,0,0,0,37,0.0,0.0,18,8,7,111,64,0,0,0,243,48,29,56.86,1665.0,0,0,0,891,668,4,2.75,98,88,52,37
889861,Anton Stach,anton-stach,34,Leeds United,7.14,207.0,29,5,9,1,3,4.51,8,726,213,939,77.32,284,442,250,63,20,47.62,65,20,3,0,0,45,28.66,55,14,17,107,49.77,48,62.34,155,53.08,2378,9.09,0,0,0,1,8,3,1,4,21,34,0,1,4,42,53.85,52,0,1,26,414,25,86,48,1525,24,36,0,0,24,0,24,0,0,294.34,501.0,33.96,5,0,0,0,0,31,5,0,0,0,0,0,28,0.0,37.5,63,42,157,137,29,0,0,0,78,36,36,55.38,475.6,0,0,0,335,604,3,2.92,0,119,9,29
847097,Ethan Ampadu,ethan-ampadu,34,Leeds United,7.13,249.7,35,1,1,3,1,2.25,2,1482,249,1731,85.62,783,699,283,20,12,70.59,81,50,10,0,0,10,38.46,26,6,9,127,61.65,57,64.04,184,62.37,3123,3.85,0,0,1,1,0,0,1,0,11,15,0,0,1,83,52.53,83,0,5,12,434,16,89,49,2370,36,50,0,0,19,0,11,1,0,383.18,413.0,34.02,6,0,0,0,0,42,7,0,0,0,0,0,35,0.0,0.0,19,17,26,111,32,0,0,0,158,49,46,56.79,3123.0,0,0,0,856,875,3,2.5,0,182,18,35
826204,Boubacar Kamara,boubacar-kamara,40,Aston Villa,7.12,128.2,18,1,0,2,3,0.86,4,722,96,818,88.26,330,392,198,15,14,45.16,37,18,5,0,0,0,0.0,7,4,0,80,54.05,36,64.29,116,56.86,1418,14.29,0,0,0,0,0,0,0,1,5,2,0,1,0,31,67.39,20,0,3,15,145,5,61,37,1048,30,17,0,0,19,0,3,0,0,164.49,250.0,34.21,2,0,0,0,0,14,1,0,0,0,0,0,17,0.0,0.0,15,31,2,88,20,0,0,0,46,15,17,45.95,1418.0,0,0,0,357,461,0,0.49,0,65,8,18
355528,Harry Wilson,harry-wilson,43,Fulham,7.11,256.1,36,10,8,1,7,4.78,17,631,146,777,81.21,203,428,265,39,18,54.55,29,15,7,0,0,32,27.83,78,25,26,84,52.83,5,20.0,89,48.37,2691,12.82,0,0,0,0,6,1,7,3,43,35,0,9,1,37,56.92,48,0,2,23,308,10,67,41,1264,37,13,1,0,24,13,27,0,0,307.23,651.0,35.72,4,0,0,0,0,34,4,0,0,0,0,0,32,0.0,16.67,39,33,115,95,20,0,0,0,65,38,19,65.52,269.1,0,0,0,239,538,6,5.83,0,82,3,36
829932,Cristian Romero,cristian-romero,33,Tottenham Hotspur,7.11,163.5,23,4,4,1,1,1.26,5,985,143,1128,87.32,669,316,104,12,8,80.0,58,30,9,1,2,0,0.0,17,6,9,82,62.12,73,71.57,155,66.24,1872,23.53,0,0,0,0,0,0,4,0,16,1,3,0,1,47,48.96,94,1,2,6,170,2,64,37,1446,16,32,0,0,11,1,2,1,0,179.67,208.0,34.06,4,0,0,0,0,26,5,0,0,0,0,0,22,0.0,0.0,11,10,1,79,29,0,0,0,96,31,29,50.0,468.0,1,0,0,716,412,4,1.31,16,88,14,23
1445189,Tom Edozie,tom-edozie,3,Wolverhampton,7.1,14.2,2,1,0,0,0,0.0,1,5,2,7,71.43,2,3,1,0,2,66.67,1,0,0,0,0,0,0.0,2,1,1,3,50.0,0,0.0,3,50.0,26,50.0,0,0,0,0,0,0,1,0,2,0,0,0,1,1,100.0,0,0,0,2,5,0,0,0,16,0,0,0,0,0,0,0,0,0,1.32,2.0,29.15,0,0,0,0,0,0,0,0,0,0,0,0,0,0.0,0.0,0,3,0,3,0,0,0,0,1,0,0,0.0,26.0,0,0,0,2,5,0,0.23,0,1,0,3
249859,Walter Benítez,walter-benitez,7,Crystal Palace,7.1,7.1,1,0,0,0,0,0.0,0,18,9,27,66.67,14,4,2,0,0,0.0,0,0,0,0,0,0,0.0,0,0,0,0,0.0,0,0.0,0,0.0,90,0.0,0,0,0,0,0,0,0,0,0,0,0,0,0,5,35.71,1,0,0,0,9,0,1,0,36,0,0,0,0,0,0,0,0,3,,,,1,1,0,2,1,0,0,1,0,0,1,0,1,0.0,0.0,0,0,0,0,0,0,0,0,14,0,0,0.0,0.0,0,0,0,17,10,0,,11,9,0,1
125274,Stefan Ortega,stefan-ortega,14,Nottingham Forest,7.1,21.3,3,0,0,0,0,0.02,0,47,21,68,69.12,37,10,5,0,0,0.0,0,0,0,0,0,0,0.0,0,0,0,0,0.0,1,100.0,1,100.0,270,0.0,0,0,0,0,0,0,0,0,0,0,0,0,0,23,52.27,1,0,0,0,21,0,8,5,81,0,0,0,0,0,0,0,0,8,,,,1,0,0,7,1,4,0,1,1,1,0,0,3,0.0,0.0,0,0,0,0,0,0,0,0,44,4,0,0.0,0.0,0,0,0,39,29,0,,14,8,0,3
101367,Daniel Bentley,daniel-bentley,3,Wolverhampton,7.1,21.3,3,0,0,0,0,0.01,0,44,44,88,50.0,34,10,5,0,0,0.0,0,0,0,0,0,0,0.0,0,0,0,2,100.0,1,100.0,3,100.0,270,0.0,0,0,0,0,0,0,0,0,0,0,0,0,0,14,24.14,5,0,0,0,44,0,5,2,122,2,0,0,0,0,0,0,0,7,4.78,0.0,23.17,0,1,0,7,0,7,0,3,4,4,3,0,3,0.0,0.0,0,0,0,0,0,0,0,0,58,7,0,0.0,0.0,0,0,0,42,46,0,,21,26,0,3
101882,Fabian Schär,fabian-schar,39,Newcastle United,7.1,99.4,14,0,0,2,0,0.61,0,672,124,796,84.42,432,240,78,4,0,0.0,14,18,1,0,0,1,25.0,17,4,9,20,48.78,46,63.01,66,57.89,1091,0.0,0,0,0,0,2,0,0,0,7,10,0,0,0,71,46.1,71,0,3,1,138,1,90,37,975,6,15,1,0,6,1,4,0,0,113.28,118.0,31.81,4,0,0,0,0,10,3,0,0,0,0,0,11,0.0,0.0,4,1,4,48,27,0,0,0,154,13,10,71.43,0.0,0,0,0,460,336,1,0.98,4,43,12,16
1168513,Max Alleyne,alleyne-max,17,Manchester City,7.1,14.2,2,0,0,1,0,0.06,0,120,8,128,93.75,63,57,13,1,3,75.0,3,4,0,0,0,0,0.0,2,1,1,6,75.0,3,100.0,9,81.82,135,0.0,0,0,0,0,0,0,0,0,2,0,0,0,0,8,80.0,4,0,0,1,11,0,3,2,148,0,0,0,0,0,0,0,0,0,15.64,29.0,34.78,0,0,0,0,0,0,1,0,0,0,0,0,2,0.0,0.0,1,4,0,2,0,0,0,0,10,1,3,100.0,0.0,0,0,0,65,63,0,0.26,6,4,0,2
975079,João Pedro,joao-pedro,38,Chelsea,7.1,248.4,35,15,6,12,5,2.0,20,522,171,693,75.32,177,345,196,29,40,51.28,27,7,5,0,0,1,5.56,73,28,24,122,48.41,74,48.05,196,48.28,2674,20.55,0,0,3,0,0,0,15,0,63,10,3,5,7,11,50.0,27,0,0,55,389,16,27,13,1246,56,38,0,0,4,16,21,0,0,302.19,623.0,36.54,3,0,0,0,0,33,3,0,0,0,0,0,31,0.0,0.0,29,78,18,210,80,0,0,0,22,36,18,66.67,178.27,0,0,0,214,479,3,14.96,0,72,5,35
886363,Matheus Cunha,matheus-cunha,35,Manchester United,7.09,234.0,33,10,4,4,2,3.28,12,708,172,880,80.45,238,470,283,35,44,48.35,39,21,4,0,0,11,22.0,90,35,23,136,48.75,28,37.84,164,46.46,2503,11.11,0,0,2,0,0,0,8,2,51,39,0,1,9,22,52.38,22,0,0,53,410,20,42,25,1515,54,27,3,0,18,2,32,1,0,262.76,505.0,35.51,3,0,0,0,0,31,4,0,0,0,0,0,29,0.0,0.0,34,91,50,189,46,0,0,0,42,35,23,58.97,250.3,0,0,0,283,597,3,7.06,0,127,3,33
859999,Lisandro Martínez,lisandro-martinez,35,Manchester United,7.09,127.6,18,0,1,0,0,0.6,0,844,95,939,89.88,476,368,117,5,14,87.5,19,12,0,1,1,1,50.0,5,0,2,35,68.63,12,57.14,47,65.28,1237,0.0,0,0,0,0,0,0,0,0,1,4,0,0,0,44,45.36,62,0,1,2,109,1,73,39,1109,2,9,0,1,3,0,3,0,0,126.08,118.0,34.62,4,0,0,0,0,13,2,0,0,0,0,0,13,0.0,0.0,5,16,2,25,9,0,0,0,97,15,12,63.16,0.0,0,0,0,498,441,1,0.15,39,67,12,18
352770,Alex Iwobi,alex-iwobi,43,Fulham,7.07,205.0,29,4,4,0,3,4.69,7,1219,213,1432,85.13,567,652,376,44,19,42.22,27,14,3,0,0,32,34.41,39,15,9,55,45.08,7,46.67,62,45.26,2434,10.26,0,0,0,0,0,0,2,2,19,20,0,1,3,73,63.48,18,0,1,24,374,10,114,61,1818,10,8,0,0,9,1,15,0,0,297.29,587.0,34.92,2,0,0,0,0,35,5,0,0,0,0,0,29,0.0,0.0,44,45,93,75,8,0,0,0,115,40,19,70.37,608.5,0,0,0,629,803,3,1.92,0,127,3,29
1104986,Alex Scott,alex-scott,60,Bournemouth,7.06,254.3,36,3,4,2,1,2.95,4,1182,211,1393,84.85,582,600,265,28,29,55.77,60,36,5,0,0,14,15.91,44,13,17,148,55.85,37,54.41,185,55.56,2859,6.82,0,0,0,1,2,0,2,1,16,28,0,2,1,53,41.09,81,0,1,26,384,13,114,52,2006,60,45,1,0,24,1,14,1,0,341.57,628.0,34.65,6,0,0,0,0,34,7,0,0,0,0,0,34,0.0,0.0,27,52,88,148,31,0,0,0,129,41,38,63.33,953.0,0,0,0,626,767,3,3.81,0,195,15,37
826215,Ibrahima Konaté,ibrahima-konate,44,Liverpool FC,7.06,254.1,36,1,2,2,0,0.98,1,1943,225,2168,89.62,1145,798,249,8,5,71.43,53,29,7,0,0,1,33.33,12,4,5,96,66.21,124,71.26,220,68.97,3100,8.33,0,0,0,1,0,0,1,0,11,1,0,0,1,66,45.83,190,0,3,5,260,1,103,49,2638,41,33,0,0,10,0,3,0,0,306.67,552.0,36.07,8,0,0,0,0,35,10,0,0,0,0,0,36,0.0,0.0,8,7,3,99,50,0,0,0,144,45,28,52.83,3100.0,0,0,0,1226,942,4,1.21,22,117,24,36
48480,Pascal Groß,pascal-gro,30,Brighton & Hove Albion,7.06,134.1,19,1,5,1,3,3.83,4,922,151,1073,85.93,437,485,268,39,7,43.75,29,12,2,0,0,40,33.61,18,9,3,48,47.52,13,43.33,61,46.56,1636,5.56,0,0,0,0,1,0,1,0,9,9,0,0,1,36,47.37,24,0,1,10,272,17,97,54,1394,12,17,0,0,18,4,6,0,0,216.83,234.0,35.08,5,0,0,0,0,15,2,0,0,0,0,0,18,0.0,0.0,39,16,119,70,17,0,0,0,76,17,18,62.07,1636.0,0,0,0,467,606,0,1.45,0,76,4,19
1109771,Adam Wharton,adam-wharton,7,Crystal Palace,7.06,239.9,34,1,14,0,5,7.38,6,977,255,1232,79.3,418,559,279,44,15,51.72,70,27,4,0,1,28,31.46,32,6,11,116,49.79,24,43.64,140,48.61,2562,3.13,0,0,0,1,0,0,0,1,9,23,0,1,0,68,48.23,42,0,2,27,398,17,119,65,1700,31,35,2,0,43,0,15,0,0,265.51,329.0,35.97,5,0,0,0,0,39,4,0,0,0,0,0,29,0.0,0.0,44,29,89,148,31,0,0,0,141,43,37,52.86,2562.0,1,0,0,478,754,2,1.52,0,165,3,34
914902,Anthony Gordon,anthony-gordon,39,Newcastle United,7.05,176.3,25,6,5,9,2,3.37,8,423,94,517,81.82,116,307,203,26,33,47.14,19,3,3,1,1,15,21.43,48,20,17,92,51.4,8,23.53,100,46.95,1817,12.5,3,3,1,0,0,0,6,0,32,16,0,0,6,17,65.38,13,1,1,26,260,10,20,10,937,40,13,2,0,12,5,11,0,0,201.96,603.0,35.95,2,0,0,0,0,23,5,0,0,0,0,0,24,100.0,0.0,26,70,70,113,26,0,0,0,26,28,13,68.42,302.83,0,0,0,132,385,2,8.83,0,57,0,26
827362,Caoimhin Kelleher,caoimhin-kelleher,50,Brentford,7.05,260.9,37,0,0,0,0,0.26,0,845,450,1295,65.25,672,173,51,3,3,100.0,1,1,1,0,0,0,0.0,0,0,0,9,69.23,7,77.78,16,72.73,3330,0.0,0,0,0,3,0,0,0,0,0,0,0,0,0,248,35.63,47,2,1,0,460,0,87,48,1674,6,3,0,0,1,0,0,1,110,62.62,3.0,29.09,10,8,3,69,38,45,4,31,16,16,23,0,37,0.0,0.0,2,3,0,6,2,0,0,0,696,49,0,0.0,0.0,0,1,21,733,562,1,,199,300,0,37
904897,Ryan Gravenberch,ryan-gravenberch,44,Liverpool FC,7.04,253.6,36,5,4,0,3,2.26,8,1653,207,1860,88.87,676,977,465,29,32,58.18,59,48,5,0,0,0,0.0,38,13,12,133,56.6,27,55.1,160,56.34,2996,13.16,0,0,0,0,0,0,2,3,8,30,0,1,4,23,31.51,53,0,4,26,327,9,44,21,2367,42,38,1,0,17,0,13,0,0,344.45,501.0,35.67,9,0,0,0,0,35,7,0,0,0,0,0,34,0.0,0.0,29,55,7,124,22,0,0,0,73,42,36,61.02,599.2,0,0,0,738,1122,3,1.9,0,128,12,36
966837,Martín Zubimendi,martin-zubimendi,42,Arsenal,7.04,260.6,37,5,1,2,1,2.26,6,1684,244,1928,87.34,750,934,414,19,7,46.67,68,39,4,0,0,3,25.0,27,9,10,88,55.7,65,66.33,153,59.77,3001,18.52,0,0,0,0,0,0,3,2,20,7,2,0,3,53,46.9,78,2,3,10,312,7,99,49,2331,15,33,2,0,21,1,8,0,0,367.52,404.0,35.14,10,0,0,0,0,20,5,0,0,0,0,0,34,0.0,0.0,19,15,12,103,33,0,0,0,113,25,38,55.88,600.2,0,0,0,808,1120,2,2.85,0,116,5,38
994363,Bart Verbruggen,bart-verbruggen,30,Brighton & Hove Albion,7.04,267.6,38,0,0,0,0,0.11,0,1178,371,1549,76.05,1075,103,50,1,1,100.0,1,0,3,0,0,0,0.0,0,0,0,5,55.56,11,91.67,16,76.19,3420,0.0,0,0,0,1,0,0,0,0,0,0,0,0,0,197,34.99,32,4,2,0,378,0,136,70,1869,3,2,0,1,2,0,0,0,106,44.15,3.0,30.7,10,6,1,76,24,38,8,15,22,20,24,0,38,0.0,0.0,1,1,0,5,1,0,0,0,563,46,1,100.0,0.0,0,0,18,1127,422,3,,103,331,0,38
829022,Konstantinos Mavropanos,konstantinos-mavropanos,37,West Ham United,7.04,218.3,31,3,0,3,0,0.7,3,963,208,1171,82.24,607,356,98,4,2,100.0,40,49,2,0,0,1,25.0,23,8,12,50,60.98,84,68.29,134,65.37,2535,13.04,0,0,0,0,0,0,3,0,21,2,2,0,1,89,44.95,194,0,2,2,236,2,130,60,1600,9,16,0,2,14,2,3,0,0,241.15,287.0,35.59,6,0,0,0,0,39,4,0,0,0,0,0,27,0.0,0.0,4,2,4,71,39,0,0,0,198,43,25,62.5,845.0,0,0,0,663,508,6,2.55,0,103,30,31
982780,Cole Palmer,cole-palmer,38,Chelsea,7.04,183.0,26,10,3,6,1,2.47,11,703,117,820,85.73,238,465,302,25,22,32.84,25,15,5,0,0,5,13.89,64,25,18,84,45.16,0,0.0,84,44.21,1965,15.63,6,5,0,0,6,0,9,1,34,30,0,10,0,35,66.04,12,0,1,35,283,21,31,17,1222,37,13,0,0,10,2,21,1,0,210.8,414.0,35.52,2,0,0,0,0,31,2,0,0,0,0,0,24,83.33,0.0,24,67,36,106,4,0,0,1,53,33,12,48.0,196.5,0,0,0,263,557,2,10.56,0,83,0,26
123689,Karl Darlow,karl-darlow,34,Leeds United,7.04,154.8,22,0,0,0,0,0.08,0,492,354,846,58.16,372,120,52,0,1,100.0,1,0,1,0,0,0,0.0,0,0,0,7,100.0,6,100.0,13,100.0,1980,0.0,0,0,0,0,0,0,0,0,0,0,0,0,0,168,32.81,29,0,1,0,357,0,65,31,1071,7,0,0,0,0,0,0,0,63,26.48,0.0,21.32,5,2,0,43,20,21,6,16,16,16,14,0,22,0.0,0.0,0,1,0,0,0,0,0,0,512,27,0,0.0,0.0,0,0,15,412,434,2,,119,202,0,22
923973,Amadou Onana,amadou-onana,40,Aston Villa,7.04,175.9,25,2,0,4,0,0.7,2,742,107,849,87.4,389,353,139,7,7,53.85,48,25,3,0,0,0,0.0,19,7,8,77,62.6,45,66.18,122,63.87,1776,10.53,0,0,0,0,0,0,1,1,10,9,1,0,1,42,64.62,59,1,1,10,145,5,52,29,1149,25,20,1,0,11,0,4,0,0,185.89,248.0,36.03,3,0,0,0,0,23,3,0,0,0,0,0,21,0.0,0.0,7,13,0,69,23,0,0,0,65,26,30,62.5,888.0,0,0,0,418,431,1,1.71,0,72,17,25
1464966,Rayan,rayan,60,Bournemouth,7.03,105.5,15,5,3,0,2,1.82,7,249,69,318,78.3,75,174,98,14,13,38.24,11,8,1,0,0,4,16.67,28,8,9,30,38.46,25,43.86,55,40.74,1119,17.86,0,0,0,1,0,0,4,1,14,14,1,1,3,10,62.5,20,0,0,10,151,9,13,8,538,6,9,3,0,9,1,11,0,0,115.44,198.0,34.86,1,0,0,0,0,9,1,0,0,0,0,0,13,0.0,0.0,14,34,24,80,32,0,0,0,16,10,7,63.64,223.8,0,0,0,82,236,0,2.91,0,43,0,15
917005,Crysencio Summerville,crysencio-summerville,37,West Ham United,7.03,217.8,31,5,4,7,2,3.42,7,529,110,639,82.79,183,346,204,28,51,48.57,45,16,6,0,0,14,23.73,54,15,18,163,51.75,7,30.43,170,50.3,2480,9.26,0,0,1,0,0,0,5,0,41,13,1,1,3,9,56.25,30,0,1,39,335,14,17,10,1221,67,49,1,0,13,6,21,0,0,272.01,599.0,35.79,5,0,0,0,0,38,4,0,0,0,0,0,29,0.0,0.0,28,105,59,168,16,0,0,0,16,42,25,55.56,496.0,0,0,0,213,426,3,5.17,0,120,4,31
364612,João Palhinha,joao-palhinha,33,Tottenham Hotspur,7.02,231.8,33,5,1,1,2,0.66,7,856,188,1044,81.99,479,377,135,8,10,43.48,110,30,8,0,0,0,0.0,33,9,10,157,62.55,36,58.06,193,61.66,2197,15.15,0,0,0,0,0,0,4,1,18,15,0,1,4,41,41.0,58,0,2,30,270,5,95,48,1521,37,28,2,0,24,0,14,0,0,253.31,406.0,33.5,4,0,0,0,0,27,10,0,0,0,0,0,23,0.0,0.0,8,23,4,120,26,0,0,0,100,37,66,60.0,439.4,0,0,0,545,499,3,2.7,0,92,12,33
362682,Joachim Andersen,joachim-andersen,43,Fulham,7.02,231.8,33,0,3,2,1,1.82,1,1958,317,2275,86.07,1321,637,227,7,6,85.71,45,36,7,1,1,4,26.67,16,4,9,62,54.87,79,71.82,141,63.23,2884,0.0,0,0,0,0,0,0,0,0,12,4,0,0,0,166,45.86,229,2,1,3,352,1,225,108,2749,13,31,1,0,16,0,3,0,0,320.59,463.0,35.92,8,0,0,0,0,40,4,0,0,0,0,0,33,0.0,0.0,7,7,15,82,31,0,0,0,362,44,27,60.0,0.0,0,0,0,1404,871,3,1.48,13,114,19,33
824509,Gianluigi Donnarumma,gianluigi-donnarumma,17,Manchester City,7.02,238.8,34,0,0,0,0,0.15,0,706,173,879,80.32,650,56,14,1,2,100.0,0,1,8,0,0,0,0.0,0,0,0,6,85.71,16,94.12,22,91.67,3060,0.0,0,0,0,0,0,0,0,0,0,0,0,0,0,128,43.39,43,2,3,0,179,0,119,76,1160,4,0,0,0,1,0,0,0,78,22.7,0.0,25.83,15,1,1,56,19,22,7,27,17,16,14,3,34,0.0,0.0,1,2,0,2,1,0,0,0,295,29,0,0.0,0.0,0,1,21,707,172,0,,105,235,0,34
941168,William Saliba,william-saliba,42,Arsenal,7.02,210.7,30,1,1,2,0,1.42,1,1954,150,2104,92.87,1253,701,258,10,7,70.0,35,17,2,0,0,4,44.44,5,1,3,58,58.59,73,55.3,131,56.71,2615,20.0,0,0,0,0,0,0,1,0,5,0,1,0,0,59,50.86,133,0,2,9,184,2,53,26,2412,16,22,0,0,7,1,1,0,0,273.52,377.0,34.74,15,0,0,0,0,15,5,0,0,0,0,0,30,0.0,0.0,10,10,9,100,59,0,0,0,116,20,22,62.86,2615.0,0,0,0,1305,799,0,0.86,26,113,7,31
1014286,Malick Thiaw,malick-thiaw,39,Newcastle United,7.02,245.8,35,4,1,6,0,0.97,4,1519,176,1695,89.62,952,567,192,6,8,100.0,44,31,4,0,0,1,12.5,28,14,6,62,63.27,114,65.14,176,64.47,2964,14.29,0,0,0,1,0,0,4,0,26,2,2,1,1,85,57.43,184,2,4,3,199,0,85,50,2114,11,24,0,0,12,2,8,0,0,322.28,408.0,35.05,4,0,0,0,0,44,8,0,0,0,0,0,33,0.0,0.0,6,8,8,97,61,0,0,0,148,52,32,72.73,741.0,0,0,0,1011,684,2,4.72,2,118,33,35
934354,Antoine Semenyo,antoine-semenyo,17,Manchester City,7.02,259.7,37,17,8,7,4,3.12,21,749,187,936,80.02,201,548,341,39,59,44.36,45,13,7,0,0,8,16.33,83,41,28,125,37.31,59,49.17,184,40.44,3200,20.48,2,1,0,1,2,1,13,4,61,22,0,6,11,26,50.0,29,0,2,63,520,24,18,13,1702,21,56,3,0,20,19,14,0,0,338.72,652.0,35.77,11,0,0,0,0,44,8,0,0,0,0,0,37,50.0,50.0,39,133,49,271,61,0,0,1,52,52,32,71.11,188.24,0,0,0,233,703,4,11.09,0,143,7,37
907072,Mikkel Damsgaard,mikkel-damsgaard,50,Brentford,7.02,231.5,33,4,12,3,4,5.44,8,726,225,951,76.34,224,502,309,42,18,35.29,57,25,0,0,0,28,28.87,29,11,13,97,43.11,19,41.3,116,42.8,2078,13.79,0,0,0,0,1,0,4,0,17,12,1,0,3,37,40.22,16,1,1,33,425,26,96,50,1420,23,19,1,0,45,4,5,0,0,248.45,361.0,36.04,3,0,0,0,0,30,2,0,0,0,0,0,24,0.0,0.0,42,51,97,155,27,0,0,0,92,32,35,61.4,519.5,0,0,0,264,687,2,2.62,0,139,4,33
964753,Senne Lammens,senne-lammens,35,Manchester United,7.01,224.4,32,0,0,0,0,0.04,0,556,385,941,59.09,405,151,38,0,0,0.0,1,0,0,0,0,0,0.0,0,0,0,4,80.0,7,100.0,11,91.67,2880,0.0,0,0,0,0,0,0,0,0,0,0,0,0,0,193,33.8,26,1,0,0,394,0,104,40,1180,4,0,0,0,1,0,0,0,79,24.11,0.0,25.24,8,4,0,53,24,34,5,14,11,11,30,0,32,0.0,0.0,0,0,0,1,0,0,0,0,571,39,1,100.0,0.0,0,1,12,468,473,1,,147,225,0,32
979563,Jarrad Branthwaite,jarrad-branthwaite,48,Everton,7.01,70.1,10,1,1,0,0,0.12,1,294,57,351,83.76,147,147,66,3,0,0.0,13,11,1,0,0,0,0.0,6,2,3,14,53.85,30,78.95,44,68.75,689,16.67,0,0,1,0,0,0,1,0,5,1,1,0,0,21,53.85,41,0,2,2,76,0,35,19,464,1,3,0,0,3,1,1,0,0,72.51,77.0,35.38,0,0,0,0,0,8,1,0,0,0,0,0,7,0.0,0.0,3,4,3,20,8,0,0,0,39,9,5,38.46,689.0,0,0,0,165,186,0,0.35,0,29,2,10
138530,Jordan Pickford,jordan-pickford,48,Everton,7.01,266.3,38,0,1,0,0,0.24,0,886,553,1439,61.57,616,270,149,2,0,0.0,2,0,4,0,0,0,0.0,0,0,0,8,80.0,5,71.43,13,76.47,3420,0.0,0,0,0,1,0,0,0,0,0,0,0,0,0,362,39.74,52,3,0,0,562,0,246,134,1764,6,1,0,0,1,0,0,0,100,39.57,4.0,29.13,11,4,1,70,30,46,4,18,35,33,14,0,38,0.0,0.0,2,0,0,4,2,0,0,0,911,50,1,50.0,0.0,0,0,21,669,770,4,,200,311,0,38
859765,Phil Foden,phil-foden,17,Manchester City,7.01,231.2,33,7,11,6,5,4.77,12,1067,143,1210,88.18,372,695,373,55,25,53.19,34,9,4,0,0,40,33.61,55,19,17,90,51.14,6,25.0,96,48.0,2107,12.73,0,0,0,0,2,0,5,2,30,25,2,4,1,50,63.29,12,0,2,33,320,10,81,53,1662,31,18,1,0,14,3,19,1,0,271.84,509.0,34.43,7,0,0,0,0,14,5,0,0,0,0,0,23,0.0,0.0,54,47,119,104,18,0,0,0,79,19,16,47.06,301.0,0,0,0,401,809,3,6.42,0,102,3,33
552884,Jarrod Bowen,jarrod-bowen,37,West Ham United,7.01,266.2,38,9,16,5,11,5.24,20,585,208,793,73.77,157,428,251,45,53,44.92,50,27,5,0,0,27,18.24,79,28,22,152,45.1,33,36.67,185,43.33,3405,11.39,1,1,0,0,1,0,7,2,56,23,1,6,2,16,35.56,39,0,1,77,573,26,44,14,1616,49,19,2,0,26,17,29,0,0,355.23,681.0,36.35,7,0,0,0,0,58,5,0,0,0,0,0,38,100.0,0.0,45,118,148,242,57,0,0,0,45,63,29,58.0,378.33,0,0,0,196,597,1,7.26,0,159,7,38
910046,Sven Botman,sven-botman,39,Newcastle United,7.0,161.1,23,1,3,1,1,0.88,2,1037,153,1190,87.14,777,260,41,8,4,100.0,22,27,2,0,0,0,0.0,15,4,7,44,68.75,87,64.44,131,65.83,1838,6.67,0,0,0,1,0,0,1,0,14,1,1,0,0,47,43.12,141,0,4,5,174,1,54,24,1521,19,13,1,1,3,1,4,0,0,208.91,305.0,35.69,4,0,0,0,0,21,6,0,0,0,0,0,21,0.0,0.0,8,4,2,68,48,0,0,0,109,27,14,63.64,1838.0,0,0,0,849,341,0,1.74,7,88,26,25
232422,Kepa Arrizabalaga,kepa-arrizabalaga,42,Arsenal,7.0,7.0,1,0,0,0,0,0.0,0,15,5,20,75.0,13,2,1,0,0,0.0,0,0,0,0,0,0,0.0,0,0,0,0,0.0,1,100.0,1,100.0,90,0.0,0,0,0,0,0,0,0,0,0,0,0,0,0,3,37.5,3,0,0,0,5,0,1,1,33,0,0,0,0,0,0,0,0,2,,,,0,0,0,2,0,1,0,1,1,1,1,0,1,0.0,0.0,0,0,0,0,0,0,0,0,8,1,0,0.0,0.0,0,0,1,13,7,0,,5,8,0,1
1099795,Melker Ellborg,melker-ellborg,41,Sunderland,7.0,21.0,3,0,0,0,0,0.02,0,46,52,98,46.94,39,7,2,0,1,100.0,0,0,0,0,0,0,0.0,0,0,0,2,100.0,0,0.0,2,100.0,270,0.0,0,0,0,0,0,0,0,0,0,0,0,0,0,13,20.31,6,0,0,0,52,0,11,6,131,1,0,0,0,0,0,0,0,10,,,,1,0,0,5,5,2,0,3,1,1,0,0,3,0.0,0.0,0,1,0,0,0,0,0,0,64,2,0,0.0,0.0,0,0,2,44,54,0,,15,33,0,3
964994,Joško Gvardiol,josko-gvardiol,17,Manchester City,6.99,125.9,18,2,1,2,2,0.71,4,936,111,1047,89.4,442,494,203,6,2,33.33,18,15,2,0,0,1,50.0,17,6,7,27,52.94,29,54.72,56,53.85,1374,11.76,0,0,0,1,0,0,2,0,14,3,1,0,1,38,48.72,61,0,2,4,135,0,66,45,1249,7,16,1,0,1,0,4,2,0,149.01,272.0,34.4,5,0,0,0,0,10,3,0,0,0,0,0,16,0.0,0.0,4,6,2,48,24,0,0,0,78,13,13,72.22,687.0,0,0,0,483,564,1,2.4,23,50,10,18
547410,Martin Ødegaard,martin-degaard,42,Arsenal,6.99,167.8,24,1,6,0,6,3.67,7,701,127,828,84.66,216,485,305,40,9,33.33,19,7,0,0,0,6,27.27,22,8,9,37,41.57,3,37.5,40,41.24,1370,4.55,0,0,0,0,0,0,0,1,10,12,0,1,0,38,51.35,6,0,1,13,201,19,77,30,999,9,9,0,0,12,2,5,1,0,173.13,268.0,33.02,3,0,0,0,0,10,3,0,0,0,0,0,16,0.0,0.0,39,27,22,57,5,0,0,0,74,13,8,42.11,1370.0,0,0,0,235,593,2,1.23,0,70,0,24
827679,Ezri Konsa,ezri-konsa,40,Aston Villa,6.99,237.7,34,0,1,1,0,0.58,0,2003,95,2098,95.47,1337,666,177,5,8,66.67,22,23,0,1,1,1,20.0,11,2,5,68,73.12,32,57.14,100,67.11,3036,0.0,0,0,0,0,0,0,0,0,11,0,0,0,0,61,61.0,122,1,3,6,127,3,75,32,2439,40,11,1,0,4,0,4,0,0,305.97,412.0,34.67,8,0,0,0,0,40,4,0,0,0,0,0,34,0.0,0.0,5,12,5,49,24,0,0,0,100,44,8,36.36,0.0,0,0,0,1373,725,0,1.25,26,108,29,34
42209,Martin Dúbravka,martin-dubravka,6,Burnley,6.98,244.4,35,0,0,0,0,0.07,0,701,503,1204,58.22,501,200,68,0,0,0.0,1,0,1,0,0,0,0.0,0,0,0,7,87.5,22,84.62,29,85.29,3150,0.0,0,0,0,0,0,0,0,0,0,0,0,0,0,252,33.78,59,2,0,0,510,0,110,56,1584,8,0,0,0,1,0,0,0,127,50.71,4.0,31.07,4,7,0,85,40,65,6,42,15,14,24,0,35,0.0,0.0,0,0,0,5,4,0,0,0,746,71,1,100.0,0.0,0,2,30,555,649,3,,357,291,0,35
1881902,Rio Ngumoha,rio-ngumoha,44,Liverpool FC,6.97,132.5,19,2,3,0,1,2.03,3,167,25,192,86.98,28,139,110,16,30,69.77,4,3,0,0,0,7,33.33,16,6,6,46,58.23,0,0.0,46,54.76,582,12.5,0,0,0,0,0,0,2,0,11,5,0,0,2,3,50.0,3,0,0,12,89,3,6,2,353,12,4,2,0,4,0,4,0,0,66.97,105.0,34.84,0,0,0,0,0,8,4,0,0,0,0,0,5,0.0,0.0,16,43,21,38,5,0,0,0,6,12,2,50.0,291.0,0,0,0,34,158,2,1.31,0,19,1,19
1156586,James Hill,james-hill,60,Bournemouth,6.97,195.2,28,0,2,1,3,1.16,3,806,231,1037,77.72,551,255,81,13,2,100.0,39,39,5,0,0,2,18.18,12,2,8,52,60.47,114,65.52,166,63.85,2120,0.0,0,0,0,0,0,0,0,0,9,3,0,0,0,53,30.29,168,0,2,5,329,1,86,23,1495,13,17,1,2,13,2,2,0,0,194.25,286.0,34.3,6,0,0,0,0,21,3,0,0,0,0,0,22,0.0,0.0,13,2,11,94,60,0,0,0,175,24,20,51.28,0.0,0,0,0,602,435,2,0.89,5,75,15,29
864921,Eberechi Eze,eberechi-eze,42,Arsenal,6.97,230.0,33,7,4,2,2,2.66,9,565,101,666,84.83,179,386,228,16,29,59.18,19,11,1,0,0,2,16.67,63,20,19,88,57.52,10,28.57,98,52.13,1900,11.11,0,0,0,0,1,0,6,1,34,29,0,1,6,16,42.11,10,0,2,24,186,17,33,13,973,40,16,2,0,7,1,24,0,0,206.94,277.0,34.03,2,0,0,0,0,11,3,0,0,0,0,0,22,0.0,0.0,16,49,12,90,25,0,0,0,38,14,14,73.68,271.43,0,0,0,199,467,2,5.05,0,79,1,33
1199282,Murillo,murillo,14,Nottingham Forest,6.97,174.2,25,1,1,0,0,0.48,1,946,186,1132,83.57,611,335,130,8,9,64.29,35,34,5,0,0,0,0.0,11,4,2,50,54.35,24,52.17,74,53.62,2133,9.09,0,0,0,0,2,0,1,0,5,6,0,1,0,82,48.81,130,0,2,9,223,3,133,69,1483,7,23,0,2,6,0,5,0,0,214.61,261.0,34.93,6,0,0,0,0,21,8,0,0,0,0,0,25,0.0,0.0,8,14,3,64,22,0,0,0,168,29,22,62.86,2133.0,0,0,0,666,466,1,0.74,28,102,24,25
954056,Nico González,nico-gonzalez,17,Manchester City,6.97,174.2,25,1,1,0,0,1.11,1,1189,127,1316,90.35,458,731,299,11,12,70.59,42,24,6,0,0,1,33.33,14,2,3,72,55.81,33,54.1,105,55.26,1575,7.14,0,0,0,0,0,0,0,1,3,11,0,0,1,35,57.38,44,0,2,15,171,13,48,28,1571,18,30,0,0,10,0,9,0,0,200.57,200.0,35.18,4,0,0,0,0,15,3,0,0,0,0,0,17,0.0,0.0,11,17,3,85,28,0,0,0,61,18,30,71.43,1575.0,0,0,0,501,815,1,0.7,4,90,6,25
788784,Olivier Boscagli,olivier-boscagli,30,Brighton & Hove Albion,6.97,83.6,12,0,0,0,1,0.46,1,652,102,754,86.47,405,247,91,4,2,100.0,16,18,2,0,0,5,33.33,1,0,1,29,69.05,17,56.67,46,63.89,819,0.0,0,0,0,0,0,0,0,0,1,0,0,0,0,32,41.03,42,0,0,1,121,2,65,35,902,11,7,0,0,5,0,0,0,0,88.56,155.0,34.45,3,0,0,0,0,9,1,0,0,0,0,0,9,0.0,0.0,4,2,15,26,13,0,0,0,78,10,9,56.25,0.0,0,0,0,438,316,0,0.04,29,54,2,12
799251,Mathias Jensen,mathias-jensen,50,Brentford,6.96,250.7,36,3,11,2,1,6.02,4,907,215,1122,80.84,361,546,307,35,19,54.29,41,21,3,0,0,38,30.16,29,8,11,75,44.12,8,27.59,83,41.71,2277,10.34,0,0,0,0,3,0,1,2,9,20,0,0,3,98,54.75,37,0,2,25,405,10,162,98,1603,15,20,1,0,34,2,10,2,0,287.87,468.0,34.99,4,0,0,0,0,30,3,0,0,0,0,0,26,0.0,0.0,33,35,126,116,21,0,0,0,179,33,23,56.1,759.0,0,0,0,405,717,0,2.27,0,117,4,36
843754,Ibrahim Sangaré,ibrahim-sangare,14,Nottingham Forest,6.96,188.0,27,2,2,1,2,1.8,4,830,126,956,86.82,400,430,180,12,11,47.83,59,25,5,0,0,0,0.0,16,5,9,87,48.6,24,47.06,111,48.26,2080,12.5,0,0,0,2,0,0,1,1,5,11,0,0,2,38,55.88,50,0,3,15,191,6,51,30,1294,18,42,1,0,24,0,2,0,0,249.97,326.0,34.35,7,0,0,0,0,23,3,0,0,0,0,0,25,0.0,0.0,12,23,8,119,27,0,0,0,68,26,30,50.85,1040.0,0,0,0,437,519,1,1.15,1,114,19,28
1012928,Robin Roefs,robin-roefs,41,Sunderland,6.96,243.6,35,0,1,0,0,0.15,0,841,480,1321,63.66,683,158,86,5,1,100.0,0,0,4,0,0,0,0.0,0,0,0,11,84.62,24,100.0,35,94.59,3150,0.0,0,0,0,0,0,0,0,0,0,0,0,0,0,203,29.94,37,4,3,0,490,0,110,59,1688,14,0,0,0,2,0,0,0,109,72.42,4.0,30.4,10,3,1,72,36,38,8,25,9,9,45,0,35,0.0,0.0,5,1,0,2,0,0,0,0,678,46,0,0.0,0.0,0,0,21,741,580,4,,163,334,0,35
780014,Nordi Mukiele,nordi-mukiele,41,Sunderland,6.96,222.7,32,3,7,3,4,2.49,7,935,254,1189,78.64,506,429,199,24,13,48.15,69,40,5,0,0,14,16.28,26,4,12,104,57.14,79,59.85,183,58.28,2787,11.54,0,0,0,0,0,0,2,1,19,7,1,1,1,46,38.02,156,1,2,15,518,3,76,31,2020,26,35,0,1,14,3,10,0,0,295.03,494.0,35.18,8,0,0,0,0,32,8,0,0,0,0,0,32,0.0,0.0,24,27,86,131,53,0,0,0,121,40,46,66.67,929.0,0,0,0,587,602,1,1.88,38,131,10,32
158263,Emiliano Martínez,emiliano-martinez,40,Aston Villa,6.96,222.6,32,0,2,0,1,0.11,1,893,318,1211,73.74,760,133,51,2,0,0.0,0,0,2,0,0,0,0.0,0,0,0,12,100.0,16,94.12,28,96.55,2835,0.0,0,0,0,0,0,0,0,0,0,0,0,0,0,175,36.01,27,3,2,0,326,0,151,73,1539,17,0,0,0,0,0,0,0,95,55.19,4.0,26.08,7,1,1,54,40,34,5,10,20,19,43,1,32,0.0,0.0,2,0,0,1,1,0,0,0,486,39,0,0.0,0.0,0,1,20,827,384,3,,105,272,0,32
814873,Vitaly Janelt,vitaly-janelt,50,Brentford,6.96,173.9,25,1,7,1,4,2.27,5,708,103,811,87.3,370,338,165,21,5,45.45,27,30,8,0,0,19,31.15,12,3,6,43,45.74,23,60.53,66,50.0,1449,8.33,0,0,0,0,0,0,1,0,6,6,1,0,0,43,50.59,34,1,0,6,172,6,74,43,1081,13,20,1,0,20,0,3,0,0,183.54,218.0,33.79,4,0,0,0,0,19,2,0,0,0,0,0,15,0.0,0.0,21,11,61,66,15,0,0,0,85,21,16,59.26,1449.0,0,0,0,398,413,2,0.91,0,85,8,25
803031,Matthijs de Ligt,matthijs-de-ligt,35,Manchester United,6.95,90.4,13,1,2,1,0,0.77,1,537,75,612,87.75,396,141,35,3,1,50.0,19,15,0,0,0,4,80.0,11,3,5,24,64.86,50,61.73,74,62.71,1170,9.09,0,0,0,0,0,0,1,0,11,0,1,0,0,21,47.73,68,0,1,1,89,1,28,14,791,5,6,0,0,6,0,3,0,0,121.36,182.0,35.0,1,0,0,0,0,18,2,0,0,0,0,0,13,0.0,0.0,3,2,5,44,31,0,0,0,44,20,13,68.42,1170.0,0,0,0,425,187,1,1.46,2,40,7,13
985086,Morato,morato,14,Nottingham Forest,6.95,132.1,19,1,0,2,0,0.16,1,646,111,757,85.34,440,206,57,2,5,100.0,30,11,5,0,0,0,0.0,5,2,3,42,64.62,23,62.16,65,63.73,1366,20.0,0,0,0,0,0,0,1,0,4,1,1,0,0,48,46.15,87,1,3,0,124,1,66,31,980,7,16,0,0,7,1,0,0,0,140.63,183.0,35.67,2,0,0,0,0,20,3,0,0,0,0,0,14,0.0,0.0,2,5,2,37,14,0,0,0,104,23,17,56.67,1366.0,0,0,0,485,272,0,1.32,22,53,15,21
135666,Leandro Trossard,leandro-trossard,42,Arsenal,6.95,215.5,31,6,8,8,6,3.56,12,583,174,757,77.01,143,440,281,36,25,44.64,27,9,2,0,0,14,24.14,53,15,20,90,47.37,6,31.58,96,45.93,2006,11.32,0,0,0,0,0,0,4,2,39,14,0,1,5,31,41.89,14,0,1,39,345,10,82,39,1194,39,13,5,0,18,5,18,0,0,232.13,415.0,34.88,4,0,0,0,0,12,3,0,0,0,0,0,21,0.0,0.0,36,56,58,113,13,0,0,0,74,15,17,62.96,334.33,0,0,0,167,590,2,5.48,0,80,3,31
115365,Lewis Dunk,lewis-dunk,30,Brighton & Hove Albion,6.95,229.4,33,1,1,0,0,0.57,1,2301,191,2492,92.34,1677,624,190,7,4,100.0,35,30,10,0,0,1,20.0,24,3,16,51,56.04,76,60.32,127,58.53,2844,4.17,0,0,1,1,3,0,1,0,20,4,1,0,0,82,47.67,142,1,2,5,218,2,107,58,2862,12,15,0,0,21,1,5,0,0,291.86,360.0,34.8,7,0,0,0,0,33,7,0,0,0,0,0,31,0.0,0.0,7,4,5,90,50,0,0,0,172,40,22,62.86,2844.0,0,0,0,1745,747,2,1.71,155,136,27,33
1088897,Jenson Seelt,jenson-seelt,41,Sunderland,6.95,13.9,2,0,0,0,0,0.02,0,96,13,109,88.07,55,41,9,0,0,0.0,4,0,0,0,0,0,0.0,0,0,0,5,62.5,5,83.33,10,71.43,134,0.0,0,0,0,0,0,0,0,0,0,0,0,0,0,2,25.0,7,0,0,1,15,0,5,0,128,1,1,0,0,1,0,0,0,0,14.61,12.0,30.43,0,0,0,0,0,2,0,0,0,0,0,0,1,0.0,0.0,0,0,1,4,1,0,0,0,8,2,0,0.0,0.0,0,0,0,58,51,0,,5,6,1,2
945122,Matheus Nunes,matheus-nunes,17,Manchester City,6.95,236.2,34,1,6,0,5,2.24,6,1922,235,2157,89.11,769,1153,600,28,28,49.12,57,30,5,0,0,16,24.24,7,2,4,115,58.08,42,60.87,157,58.8,2865,14.29,0,0,1,1,0,0,1,0,2,5,0,0,1,61,51.69,100,1,2,18,404,8,99,45,2886,30,17,0,0,21,4,1,0,0,320.91,649.0,35.87,12,0,0,0,0,21,7,0,0,0,0,0,32,0.0,0.0,28,57,66,110,27,0,0,0,118,28,40,70.18,2865.0,0,0,0,853,1304,1,0.35,0,169,8,34
879349,Pedro Neto,pedro-neto,38,Chelsea,6.95,229.2,33,5,12,3,6,6.83,11,813,118,931,87.33,213,600,397,55,47,45.19,19,6,2,0,1,38,20.32,46,13,11,91,42.33,9,27.27,100,40.32,2643,10.87,0,0,0,0,1,1,4,1,31,15,1,3,1,30,66.67,13,0,0,25,420,13,47,30,1510,25,16,2,0,26,6,22,2,0,283.27,669.0,35.44,5,0,0,0,0,32,1,0,0,0,0,0,30,0.0,100.0,53,104,187,148,24,0,0,0,45,33,11,57.89,528.6,1,0,0,237,694,2,4.62,0,84,0,34
827681,James Justin,james-justin,34,Leeds United,6.94,194.4,28,2,5,2,1,1.17,3,539,170,709,76.02,306,233,107,12,3,18.75,56,28,4,0,0,6,15.79,24,6,10,87,64.93,40,54.05,127,61.06,1916,8.33,0,0,0,0,0,0,2,0,16,8,0,1,1,34,39.53,90,0,1,10,287,2,68,27,1227,30,13,1,0,11,2,8,0,0,230.88,426.0,34.6,6,0,0,0,0,23,3,0,0,0,0,0,21,0.0,0.0,12,16,38,81,34,0,0,0,86,26,37,66.07,958.0,0,0,0,356,353,2,1.67,0,70,11,29
1194333,Abdukodir Khusanov,abdukodir-khusanov,17,Manchester City,6.94,145.8,21,0,0,1,0,0.57,0,991,89,1080,91.76,559,432,130,6,7,77.78,27,33,2,0,0,1,33.33,7,1,6,40,65.57,15,50.0,55,60.44,1429,0.0,0,0,0,0,0,0,0,0,3,4,0,0,0,41,51.9,56,0,1,2,116,2,41,22,1304,6,14,0,0,3,0,0,0,0,148.63,325.0,35.12,5,0,0,0,0,12,1,0,0,0,0,0,15,0.0,0.0,6,9,3,36,15,0,0,0,79,13,20,74.07,0.0,0,0,0,599,481,0,0.68,3,75,9,21
826134,Trevoh Chalobah,trevoh-chalobah,38,Chelsea,6.94,236.0,34,3,1,2,0,1.05,3,2124,159,2283,93.04,1499,625,183,5,7,77.78,35,35,3,1,1,1,20.0,16,5,8,59,62.77,75,55.56,134,58.52,2782,18.75,0,0,0,0,0,0,3,0,11,5,2,1,0,50,40.0,178,1,1,5,186,5,71,31,2686,18,20,0,0,9,2,3,0,0,281.61,376.0,34.73,9,0,0,0,0,34,3,0,0,0,0,0,31,0.0,0.0,5,9,5,95,60,0,0,0,125,37,23,65.71,927.33,0,0,0,1560,723,3,1.43,27,119,17,34
1397168,Patrick Dorgu,dorgu-patrick,35,Manchester United,6.94,173.5,25,4,6,3,4,1.85,8,384,121,505,76.04,166,218,133,27,11,28.21,48,15,5,0,0,15,26.32,26,12,9,105,54.69,44,53.66,149,54.38,1461,15.38,0,0,0,0,0,0,3,1,19,7,1,3,0,7,36.84,32,0,0,22,272,3,26,9,979,47,23,1,0,16,7,5,0,0,176.34,386.0,35.54,2,0,0,0,0,19,1,0,0,0,0,0,15,0.0,0.0,27,39,57,125,38,0,0,0,19,20,31,64.58,365.25,0,0,0,197,308,2,2.35,0,77,3,26
865523,Noah Okafor,noah-okafor,34,Leeds United,6.94,194.3,28,8,4,4,1,1.32,9,253,79,332,76.2,79,174,107,20,39,42.39,23,12,3,0,0,7,18.92,35,15,10,76,40.0,12,37.5,88,39.64,1573,22.86,0,0,0,0,0,0,7,1,27,8,0,2,6,22,78.57,16,0,0,31,263,11,27,18,708,14,18,1,0,13,0,10,0,0,174.35,430.0,35.35,0,0,0,0,0,23,3,0,0,0,0,0,19,0.0,0.0,20,92,37,134,20,0,0,0,28,26,15,65.22,196.63,0,0,0,99,233,2,5.26,0,61,1,28
284417,Freddie Woodman,freddie-woodman,44,Liverpool FC,6.93,20.8,3,0,0,0,0,0.0,0,45,34,79,56.96,33,12,4,0,0,0.0,0,1,0,0,0,0,0.0,0,0,0,0,0.0,0,0.0,0,0.0,212,0.0,0,0,0,0,0,0,0,0,0,0,0,0,0,15,30.61,3,0,0,0,35,0,22,10,106,0,0,0,0,0,0,0,0,9,4.79,0.0,21.5,0,0,0,9,0,2,2,0,3,3,1,0,2,0.0,0.0,0,0,0,0,0,0,0,0,49,4,0,0.0,0.0,0,0,1,41,38,0,,10,22,0,3
870360,Daniel Muñoz,daniel-munoz,7,Crystal Palace,6.93,201.0,29,4,8,1,3,3.97,7,653,171,824,79.25,299,354,191,28,2,13.33,74,26,7,0,0,14,22.22,27,13,7,94,55.95,44,44.9,138,51.88,2403,14.81,0,0,0,0,0,0,3,1,23,4,1,0,3,26,37.14,97,0,2,7,293,6,60,26,1412,18,35,0,0,21,8,7,1,0,267.23,718.0,35.55,10,0,0,0,0,32,1,0,0,0,0,0,29,0.0,0.0,27,15,63,128,54,0,0,0,70,33,48,64.86,600.75,0,0,0,346,478,2,2.44,0,97,1,29
788134,Dean Henderson,dean-henderson,7,Crystal Palace,6.93,256.4,37,0,0,0,0,0.13,0,599,516,1115,53.72,466,133,62,1,1,100.0,1,2,5,0,0,0,0.0,0,0,0,4,66.67,17,89.47,21,84.0,3330,0.0,0,0,0,2,0,0,0,0,0,0,0,0,0,174,25.25,54,0,2,0,522,0,70,40,1458,5,2,0,0,0,0,0,0,106,45.04,7.0,33.14,11,6,1,76,28,47,4,34,26,26,22,0,37,0.0,0.0,1,1,0,4,2,0,0,0,689,51,0,0.0,0.0,0,1,16,527,588,4,,240,299,0,37
103335,Bernd Leno,bernd-leno,43,Fulham,6.93,263.2,38,0,0,0,0,0.04,0,1078,316,1394,77.33,979,99,25,0,0,0.0,4,1,3,0,0,0,0.0,0,0,0,7,100.0,21,95.45,28,96.55,3420,0.0,0,0,0,0,0,0,0,0,0,0,0,0,0,173,35.6,45,1,4,0,329,0,114,72,1776,6,0,0,1,0,0,0,0,98,39.24,0.0,25.52,9,4,0,61,36,45,6,30,22,22,28,1,38,0.0,0.0,0,0,0,1,1,0,0,0,486,51,1,25.0,0.0,0,1,16,1030,364,2,,203,318,0,38
892673,Sandro Tonali,sandro-tonali,39,Newcastle United,6.92,228.5,33,0,6,1,2,2.89,2,1319,244,1563,84.39,584,735,374,32,19,61.29,35,31,4,0,0,20,20.83,37,8,11,94,55.62,13,50.0,107,54.87,2543,0.0,0,0,0,0,2,0,0,0,10,27,0,0,0,71,47.33,37,0,1,17,396,15,98,49,2030,42,24,2,0,23,1,18,0,0,323.89,536.0,35.59,5,0,0,0,0,32,6,0,0,0,0,0,31,0.0,0.0,32,31,96,88,13,0,0,0,150,38,26,74.29,0.0,0,0,0,640,923,0,1.74,0,147,7,35
1048422,Hugo Ekitiké,hugo-ekitike,44,Liverpool FC,6.92,193.8,28,11,3,11,4,2.67,15,307,93,400,76.75,66,241,162,21,38,52.78,11,3,0,0,0,1,12.5,65,19,29,61,38.85,31,37.8,92,38.49,1810,16.92,0,0,0,0,0,0,11,0,50,15,2,1,8,3,60.0,27,0,0,26,216,14,10,5,745,12,35,1,0,3,10,17,0,0,207.15,465.0,35.75,2,0,0,0,0,23,2,0,0,0,0,0,21,0.0,0.0,21,72,8,147,51,0,0,0,5,25,7,63.64,164.55,0,0,0,79,321,5,9.87,0,42,2,28
1016907,Igor Thiago,igor-thiago,50,Brentford,6.92,263.0,38,22,6,20,1,1.88,23,436,194,630,69.21,175,261,147,24,29,54.72,38,12,7,0,0,7,36.84,84,43,24,91,38.89,112,38.49,203,38.67,3284,26.19,9,8,0,0,0,0,22,0,80,4,2,6,14,13,52.0,64,0,2,42,387,15,40,28,1215,26,73,3,0,15,23,17,0,0,370.65,932.0,36.01,9,0,0,0,0,47,3,0,0,0,0,0,37,88.89,0.0,24,53,19,322,179,0,0,1,25,50,22,57.89,149.27,0,0,0,218,412,6,20.57,0,93,8,38
865912,Morgan Gibbs-White,morgan-gibbs-white,14,Nottingham Forest,6.92,256.0,37,15,5,10,4,2.92,19,980,228,1208,81.13,275,705,439,49,30,47.62,20,13,1,0,0,9,20.93,83,32,27,89,43.41,41,35.04,130,40.37,3110,18.07,1,1,1,0,5,1,13,2,55,28,3,2,10,42,56.0,32,1,4,37,435,20,77,43,1744,41,26,0,0,22,5,24,0,0,367.31,586.0,34.66,7,0,0,0,0,36,9,0,0,0,0,0,35,100.0,20.0,49,63,43,192,76,0,0,0,75,45,15,75.0,207.33,0,0,0,320,888,1,10.84,0,110,3,37
984014,Enzo Le Fée,enzo-le-fee,41,Sunderland,6.92,249.0,36,5,13,1,6,5.92,11,906,207,1113,81.4,363,543,301,53,13,28.26,89,29,5,0,0,25,25.0,36,12,12,139,50.92,18,26.09,157,45.91,2944,13.89,4,3,0,0,4,0,5,0,18,18,0,1,4,33,56.9,36,1,3,31,432,23,57,27,1748,37,31,1,0,39,4,12,0,0,338.81,584.0,35.42,8,0,0,0,0,36,7,0,0,0,0,0,33,75.0,0.0,53,46,100,185,51,0,0,1,58,43,57,64.04,588.8,0,0,0,410,703,0,5.16,0,154,12,36
1400650,Lewis Miley,lewis-miley,39,Newcastle United,6.91,145.2,21,1,3,2,4,2.11,5,754,86,840,89.76,355,399,192,15,12,85.71,29,20,0,0,0,6,14.29,12,4,4,44,61.11,45,72.58,89,66.42,1494,8.33,0,0,0,0,0,0,1,0,8,4,0,1,0,21,61.76,34,0,2,9,158,2,31,22,1121,4,5,1,0,12,2,4,0,0,189.69,330.0,35.89,2,0,0,0,0,17,5,0,0,0,0,0,15,0.0,0.0,15,14,42,45,17,0,0,0,34,22,18,62.07,1494.0,0,0,0,380,460,2,1.34,0,69,3,23
190877,Kenny Tete,kenny-tete,43,Fulham,6.91,152.1,22,1,1,0,0,1.42,1,748,138,886,84.42,420,328,145,11,8,36.36,65,27,2,0,0,13,38.24,16,3,7,104,60.12,27,60.0,131,60.09,1802,6.25,0,0,0,0,0,0,0,1,10,6,0,0,1,36,46.75,68,0,0,16,237,2,61,34,1407,31,27,0,0,13,1,6,0,0,201.35,392.0,35.56,5,0,0,0,0,23,2,0,0,0,0,0,21,0.0,0.0,11,22,34,87,18,0,0,0,77,25,38,58.46,1802.0,0,0,0,484,402,0,0.96,0,82,6,22
958959,Jurriën Timber,jurrien-timber,42,Arsenal,6.91,207.4,30,3,4,7,5,1.61,8,925,160,1085,85.25,352,573,344,27,13,39.39,66,24,5,0,0,6,13.04,25,7,15,107,54.31,40,66.67,147,57.2,2457,12.0,0,0,1,0,0,0,3,0,24,1,2,0,1,20,38.46,53,0,1,25,302,7,42,18,1656,29,38,0,0,9,0,3,0,0,268.03,444.0,34.7,11,0,0,0,0,14,6,0,0,0,0,0,28,0.0,0.0,27,33,46,110,20,0,0,0,52,20,37,56.06,819.0,0,0,0,390,695,1,4.77,0,97,6,30
352668,Tosin Adarabioyo,tosin-adarabioyo,38,Chelsea,6.91,103.7,15,0,1,0,0,0.4,0,685,72,757,90.49,482,203,30,1,0,0.0,17,9,2,0,0,0,0.0,2,0,1,17,68.0,41,70.69,58,69.88,796,0.0,0,0,0,0,0,0,0,0,2,0,0,0,0,20,41.67,66,1,0,1,78,0,24,11,874,0,6,0,0,2,1,1,0,0,81.07,79.0,34.61,2,0,0,0,0,12,2,0,0,0,0,0,8,0.0,0.0,1,0,0,25,17,0,0,0,48,14,8,47.06,0.0,0,0,0,513,244,1,0.11,14,22,5,16
920546,Robert Sánchez,robert-sanchez,38,Chelsea,6.91,241.9,35,0,2,0,1,0.07,1,871,434,1305,66.74,740,131,54,5,0,0.0,2,1,3,1,1,0,0.0,0,0,0,12,85.71,14,93.33,26,89.66,3041,0.0,0,0,0,0,0,0,0,0,0,0,0,0,0,199,32.1,26,1,3,1,445,0,172,76,1677,14,2,0,0,0,0,0,0,98,21.79,2.0,26.13,9,2,0,71,24,44,3,7,23,21,39,0,35,0.0,0.0,5,0,0,3,1,0,0,0,620,47,0,0.0,0.0,0,1,20,825,480,0,,130,303,0,35
159665,Mohamed Salah,mohamed-salah,44,Liverpool FC,6.91,186.6,27,7,11,11,7,5.31,14,610,183,793,76.92,117,493,354,49,19,26.39,17,4,1,0,0,20,16.81,68,19,26,52,29.89,8,29.63,60,29.85,2148,10.29,1,1,0,0,3,0,7,0,57,11,0,4,3,20,50.0,7,0,0,50,471,21,76,40,1323,16,10,1,0,9,14,23,0,0,243.18,553.0,37.04,4,0,0,0,0,28,7,0,0,0,0,0,23,100.0,0.0,49,72,119,141,19,0,0,0,40,35,12,70.59,306.86,0,0,0,138,655,1,8.16,0,81,1,27
792122,Josh Cullen,cullen-josh,6,Burnley,6.91,124.4,18,2,4,0,2,1.35,4,728,138,866,84.06,378,350,164,13,2,33.33,31,22,2,0,0,1,8.33,11,6,1,49,55.68,17,51.52,66,54.55,1519,18.18,0,0,0,1,0,0,2,0,3,8,0,0,2,42,43.75,35,0,2,10,183,3,84,36,1084,18,16,0,1,12,0,4,0,0,187.43,207.0,33.43,2,0,0,0,0,27,2,0,0,0,0,0,18,0.0,0.0,13,6,12,55,16,0,0,0,96,29,18,58.06,759.5,0,0,0,401,465,1,0.9,0,73,11,18
250223,John McGinn,john-mcginn,40,Aston Villa,6.91,207.3,30,5,7,4,4,3.99,9,621,133,754,82.36,219,402,238,41,19,48.72,29,12,5,0,0,21,25.3,28,12,9,96,46.38,11,34.38,107,44.77,2169,17.86,0,0,0,0,0,0,1,4,13,15,0,5,0,43,60.56,15,0,1,46,309,21,85,40,1175,48,31,0,0,14,0,7,0,0,224.94,274.0,33.94,2,0,0,0,0,24,4,0,0,0,0,0,28,0.0,0.0,41,39,83,132,21,0,0,0,71,28,17,58.62,433.8,0,0,0,249,505,1,2.96,0,89,5,30
1445799,Ayden Heaven,heaven-ayden,35,Manchester United,6.91,103.6,15,0,1,1,1,0.18,1,447,47,494,90.49,336,111,33,2,6,75.0,22,1,2,0,0,0,0.0,3,0,2,37,71.15,18,64.29,55,68.75,938,0.0,0,0,0,0,0,0,0,0,3,0,0,0,0,17,56.67,60,0,0,1,54,1,19,12,631,9,7,0,1,5,0,1,0,0,87.96,92.0,33.07,2,0,0,0,0,12,3,0,0,0,0,0,11,0.0,0.0,2,8,1,25,10,0,0,0,30,15,13,59.09,0.0,0,0,0,352,142,1,0.35,19,40,11,17
839981,Lucas Paquetá,lucas-paqueta,37,West Ham United,6.91,124.3,18,4,6,1,1,2.11,5,608,181,789,77.06,221,387,203,23,16,38.1,39,8,5,0,1,7,20.0,23,11,6,85,48.3,38,42.7,123,46.42,1521,17.39,2,2,0,1,2,0,2,2,8,15,0,4,0,25,51.02,17,0,1,27,314,9,66,27,1141,30,28,0,0,12,5,6,0,0,173.06,261.0,34.21,1,0,0,0,0,30,2,0,0,0,0,0,18,100.0,0.0,23,42,35,142,51,0,0,0,49,32,22,56.41,380.25,1,0,0,248,541,1,2.82,0,76,6,18
913654,Pedro Porro,pedro-porro,33,Tottenham Hotspur,6.9,234.7,34,1,8,0,2,4.48,3,1102,368,1470,74.97,480,622,382,56,19,42.22,76,31,10,0,0,61,25.74,32,8,15,121,53.54,19,43.18,140,51.85,2798,3.13,0,0,0,0,6,0,1,0,13,19,1,0,0,134,45.58,102,0,5,9,647,9,241,118,2429,26,32,0,0,38,1,9,3,0,305.45,647.0,35.0,9,0,0,0,0,28,12,0,0,0,0,0,32,0.0,0.0,53,45,237,130,25,0,0,0,294,40,50,65.79,2798.0,0,0,0,593,877,0,1.05,0,133,10,34
862967,Cody Gakpo,cody-gakpo,44,Liverpool FC,6.9,248.5,36,7,10,8,5,4.69,12,589,161,750,78.53,107,482,339,54,34,49.28,28,13,3,0,0,11,12.64,87,21,33,106,47.32,56,50.91,162,48.5,2754,8.05,0,0,1,0,0,0,7,0,59,28,0,2,5,15,57.69,21,0,0,28,389,20,32,17,1316,44,42,4,0,14,30,33,0,0,313.55,692.0,35.82,6,0,0,0,0,33,6,0,0,0,0,0,32,0.0,0.0,54,69,87,172,54,0,0,0,26,39,14,50.0,393.43,0,0,0,142,608,1,8.46,0,87,4,36
886930,Jaka Bijol,jaka-bijol,34,Leeds United,6.9,172.5,25,1,3,1,2,0.78,3,857,153,1010,84.85,613,244,77,7,2,66.67,26,24,4,0,0,0,0.0,15,6,5,38,60.32,66,52.38,104,55.03,1913,6.67,0,0,0,1,0,0,1,0,15,0,1,0,0,68,50.0,160,0,1,0,167,1,94,48,1319,10,19,1,0,6,0,4,0,0,198.14,260.0,34.69,5,0,0,0,0,25,1,0,0,0,0,0,21,0.0,0.0,7,3,1,85,60,0,0,0,136,26,14,53.85,1913.0,0,0,0,650,360,0,0.88,17,63,14,25
1002837,Piero Hincapié,piero-hincapie,42,Arsenal,6.9,172.5,25,1,2,0,2,1.63,3,744,93,837,88.89,371,373,169,13,7,50.0,48,26,2,0,0,4,12.12,3,2,0,68,62.39,32,50.79,100,58.14,1792,33.33,0,0,0,0,0,0,1,0,1,2,0,1,0,22,33.85,88,0,0,5,171,3,29,16,1253,14,18,0,1,14,1,1,0,0,205.8,377.0,34.58,4,0,0,0,0,15,4,0,0,0,0,0,20,0.0,0.0,13,14,33,72,31,0,0,0,65,19,27,56.25,1792.0,0,0,0,402,435,1,0.36,4,63,9,25
94758,Ben Davies,ben-davies,33,Tottenham Hotspur,6.9,20.7,3,1,0,0,0,0.09,1,56,9,65,86.15,30,26,13,1,0,0.0,5,1,1,0,0,2,66.67,2,2,0,5,62.5,4,57.14,9,60.0,138,50.0,0,0,0,0,0,0,1,0,2,0,0,1,0,5,62.5,8,0,0,1,16,0,4,4,105,0,2,0,0,0,0,0,0,0,14.04,19.0,30.64,0,0,0,0,0,2,1,0,0,0,0,0,2,0.0,0.0,1,0,3,6,3,0,0,0,8,3,4,80.0,138.0,0,0,0,34,31,0,0.49,0,5,1,3
931278,Rayan Aït-Nouri,rayan-ait-nouri,17,Manchester City,6.9,103.5,15,0,2,1,2,2.02,2,533,57,590,90.34,188,345,182,12,22,52.38,35,13,2,0,0,6,27.27,10,2,6,67,55.37,14,60.87,81,56.25,976,0.0,0,0,0,0,0,0,0,0,4,6,0,0,0,7,35.0,18,0,1,12,130,5,8,3,875,10,17,0,0,6,0,2,0,0,103.63,190.0,34.82,4,0,0,0,0,5,3,0,0,0,0,0,12,0.0,0.0,12,42,22,63,9,0,0,0,20,8,22,62.86,0.0,0,0,0,209,381,1,0.59,0,49,1,17
581310,David Raya,david-raya,42,Arsenal,6.9,255.3,37,0,0,0,0,0.12,0,707,384,1091,64.8,547,160,85,3,1,100.0,1,1,1,0,0,0,0.0,0,0,0,15,100.0,10,90.91,25,96.15,3330,0.0,0,0,0,0,0,0,0,0,0,0,0,0,0,196,34.21,37,1,3,0,395,0,84,52,1438,14,0,0,0,0,0,0,0,60,5.2,0.0,20.06,19,0,0,44,15,20,6,10,32,32,33,1,37,0.0,0.0,3,1,0,1,1,0,0,0,573,26,1,100.0,0.0,0,0,11,586,505,2,,130,305,0,37
162653,Nick Pope,nick-pope,39,Newcastle United,6.9,186.3,27,0,0,0,0,0.02,0,368,242,610,60.33,305,63,16,0,0,0.0,1,0,2,0,0,0,0.0,1,1,0,2,66.67,15,100.0,17,94.44,2417,0.0,0,0,0,0,0,0,0,0,1,0,0,0,0,96,28.57,35,3,2,0,253,0,23,13,989,2,1,0,0,0,0,0,0,89,10.93,1.0,26.46,7,2,0,62,26,30,8,12,28,26,29,0,27,0.0,0.0,0,0,0,1,0,0,0,0,336,38,1,100.0,0.0,0,0,23,345,265,1,0.16,199,255,0,27
1144630,Cristhian Mosquera,cristhian-mosquera,42,Arsenal,6.89,124.1,18,0,0,0,0,0.63,0,578,55,633,91.31,327,251,106,5,1,33.33,32,8,4,0,0,1,33.33,1,0,1,40,55.56,20,41.67,60,50.0,1003,0.0,0,0,0,0,0,0,0,0,1,0,0,0,0,11,40.74,47,0,1,8,83,0,21,13,819,7,17,0,0,5,1,0,0,0,111.64,186.0,35.78,2,0,0,0,0,7,1,0,0,0,0,0,9,0.0,0.0,5,3,3,60,28,0,0,0,27,8,19,59.38,0.0,0,0,0,352,281,0,0.1,2,34,7,20
110846,Michael Keane,michael-keane,48,Everton,6.89,220.6,32,3,0,3,1,0.51,4,942,160,1102,85.48,631,311,81,2,6,54.55,36,37,1,1,1,0,0.0,26,7,11,48,57.14,112,63.64,160,61.54,2619,11.54,0,0,0,0,0,0,3,0,22,4,1,0,1,61,47.66,203,0,0,5,188,1,66,34,1537,6,16,2,0,12,0,8,0,0,260.19,245.0,35.26,7,0,0,0,0,39,3,0,0,0,0,0,29,0.0,0.0,2,11,1,100,64,0,0,0,128,42,23,63.89,873.0,0,0,0,676,426,2,2.33,3,88,27,33
971037,Amad Diallo,diallo-amad,35,Manchester United,6.89,220.6,32,2,7,6,3,4.78,5,795,109,904,87.94,270,525,330,41,39,49.37,38,17,2,0,0,11,24.44,53,23,16,115,51.8,13,40.63,128,50.39,2344,3.77,0,0,1,0,0,0,1,1,38,15,1,1,0,23,69.7,29,1,0,25,271,10,27,16,1415,38,23,1,0,20,12,14,0,0,269.69,662.0,35.24,4,0,0,0,0,30,3,0,0,0,0,0,27,0.0,0.0,41,79,45,126,19,0,0,0,33,33,25,65.79,1172.0,0,0,0,297,607,0,5.57,0,113,3,32
927356,Neco Williams,neco-williams,14,Nottingham Forest,6.89,255.0,37,2,5,2,3,3.96,5,1084,241,1325,81.81,552,532,306,37,31,43.66,96,47,6,1,1,29,20.42,46,19,9,177,57.47,39,50.0,216,55.96,3206,4.35,0,0,0,1,2,0,1,1,17,29,0,0,2,47,31.33,88,1,2,28,549,11,83,28,2387,52,30,0,0,37,4,18,1,0,364.72,623.0,34.61,9,0,0,0,0,38,9,0,0,0,0,0,36,0.0,0.0,36,71,142,170,39,0,0,0,150,47,62,64.58,1603.0,0,0,0,629,696,2,1.97,0,164,17,37
879674,Maxence Lacroix,maxence-lacroix,7,Crystal Palace,6.89,241.2,35,1,3,2,2,0.89,3,1460,196,1656,88.16,1031,429,92,7,7,63.64,60,45,4,1,1,2,40.0,24,7,10,85,61.15,119,61.34,204,61.26,3087,4.17,0,0,0,2,0,0,1,0,22,2,1,0,0,84,49.12,252,1,2,6,232,1,61,24,2224,19,34,2,0,11,0,7,0,0,315.53,577.0,36.42,11,0,0,0,0,41,4,0,0,0,0,0,35,0.0,0.0,7,11,5,129,75,0,0,0,171,45,38,63.33,3087.0,0,0,0,1091,565,2,2.38,2,94,18,35
800417,Ola Aina,ola-aina,14,Nottingham Forest,6.89,124.0,18,0,0,0,0,0.82,0,533,96,629,84.74,254,279,133,10,15,44.12,31,25,3,0,0,7,18.42,12,1,8,60,50.42,25,64.1,85,53.8,1590,0.0,0,0,0,0,0,0,0,0,4,8,0,0,0,36,53.73,71,0,2,15,229,3,50,23,1093,15,13,1,0,13,0,3,1,0,163.9,317.0,34.35,6,0,0,0,0,17,2,0,0,0,0,0,18,0.0,0.0,9,34,38,73,14,0,0,0,67,19,21,67.74,0.0,0,0,0,285,344,0,0.4,0,81,3,18
1899647,Mateus Mané,mateus-mane,3,Wolverhampton,6.89,185.9,27,3,7,0,1,3.69,4,286,89,375,76.27,95,191,111,31,31,36.9,28,5,0,0,0,34,36.56,42,17,19,106,44.73,8,17.39,114,40.28,1799,7.14,0,0,2,1,3,0,0,3,12,30,0,0,3,12,35.29,26,1,1,41,323,13,23,13,897,47,25,2,0,15,2,6,1,0,225.25,369.0,35.13,3,0,0,0,0,28,2,0,0,0,0,0,19,0.0,0.0,30,84,93,169,38,0,0,0,34,30,13,46.43,599.67,0,0,0,121,254,2,2.01,0,77,1,27
847030,Noussair Mazraoui,noussair-mazraoui,35,Manchester United,6.89,137.7,20,0,0,0,0,0.36,0,474,69,543,87.29,214,260,134,7,8,53.33,28,14,3,0,0,4,30.77,5,0,2,50,65.79,18,56.25,68,62.96,1022,0.0,0,0,0,0,0,0,0,0,1,4,0,0,0,19,47.5,54,0,2,4,102,4,32,14,798,14,12,0,0,3,0,3,1,0,100.92,167.0,33.66,2,0,0,0,0,7,3,0,0,0,0,0,11,0.0,0.0,6,15,13,40,14,0,0,0,40,10,16,57.14,0.0,0,0,0,245,298,0,0.19,1,46,2,20
98427,Sam Johnstone,sam-johnstone,3,Wolverhampton,6.88,82.6,12,0,0,0,0,0.05,0,245,193,438,55.94,146,99,33,0,0,0.0,2,0,0,0,0,0,0.0,0,0,0,2,100.0,3,75.0,5,83.33,1080,0.0,0,0,0,0,0,0,0,0,0,0,0,0,0,127,39.69,24,1,0,0,195,0,75,37,576,0,0,0,1,0,0,0,0,39,28.11,0.0,27.16,0,1,0,26,13,18,6,14,14,13,7,4,12,0.0,0.0,0,0,0,1,1,0,0,0,320,24,1,50.0,0.0,0,0,15,168,270,0,,100,108,0,12
1020141,Nathan Patterson,nathan-patterson,48,Everton,6.88,41.3,6,0,0,0,0,0.04,0,64,20,84,76.19,36,28,13,0,1,20.0,10,2,0,0,0,0,0.0,1,1,0,13,54.17,7,77.78,20,60.61,266,0.0,0,0,0,0,0,0,0,0,1,0,0,0,0,4,30.77,17,0,0,1,39,1,11,6,148,2,2,0,0,4,1,0,0,0,30.47,60.0,32.34,1,0,0,0,0,1,1,0,0,0,0,0,3,0.0,0.0,0,5,6,13,2,0,0,0,13,2,4,40.0,0.0,0,0,0,42,42,0,0.03,0,14,2,7
149380,Harry Maguire,harry-maguire,35,Manchester United,6.88,158.3,23,1,2,1,2,0.52,3,733,118,851,86.13,475,258,66,4,1,50.0,22,13,3,1,1,1,25.0,14,4,7,39,63.93,59,74.68,98,70.0,1667,7.14,0,0,0,2,0,0,1,0,14,0,1,0,0,47,42.73,105,1,1,2,129,2,58,30,1067,16,16,2,0,4,0,3,0,0,156.42,154.0,32.8,5,0,0,0,0,17,2,0,0,0,0,0,19,0.0,0.0,4,2,4,42,20,0,0,0,110,19,17,77.27,1667.0,0,0,0,513,338,1,1.11,16,62,11,23
997183,Xavi Simons,xavi-simons,33,Tottenham Hotspur,6.88,192.7,28,2,7,3,5,3.86,7,665,137,802,82.92,241,424,258,35,28,42.42,34,15,5,1,1,14,26.92,42,10,15,106,50.96,12,32.43,118,48.16,1769,4.76,0,0,0,0,3,0,1,1,18,24,0,0,2,36,62.07,12,0,2,30,310,21,57,36,1255,44,21,2,0,18,0,17,1,0,206.07,377.0,35.84,1,0,0,0,0,27,7,0,0,0,0,0,19,0.0,0.0,34,66,52,127,25,0,0,0,58,34,21,61.76,884.5,0,0,0,274,528,2,3.08,0,87,1,28
931844,Chris Richards,chris-richards,7,Crystal Palace,6.88,227.1,33,1,1,1,0,1.38,1,1242,237,1479,83.98,827,415,133,9,4,66.67,55,43,4,0,0,5,38.46,15,2,6,63,56.25,107,56.61,170,56.48,2826,6.67,0,0,0,0,0,0,1,0,15,0,1,0,0,66,37.93,196,2,2,11,361,0,82,28,2081,5,18,0,0,18,0,7,0,0,298.42,433.0,35.23,10,0,0,0,0,39,3,0,0,0,0,0,31,0.0,0.0,9,6,13,131,82,0,0,0,174,42,35,63.64,2826.0,0,0,0,909,570,0,2.36,0,65,19,33
1142175,Kobbie Mainoo,kobbie-mainoo,35,Manchester United,6.88,185.8,27,1,1,0,2,1.28,3,934,113,1047,89.21,389,545,229,22,19,54.29,36,20,2,0,0,4,30.77,13,3,5,77,52.38,15,38.46,92,49.46,1670,7.69,0,0,0,0,0,0,0,1,2,11,0,0,1,22,56.41,25,0,1,31,199,8,37,14,1353,22,13,0,0,11,1,5,0,0,199.49,174.0,34.08,6,0,0,0,0,18,4,0,0,0,0,0,16,0.0,0.0,22,35,13,94,24,0,0,0,39,22,20,55.56,1670.0,0,0,0,431,616,1,0.48,0,95,10,28
868715,Jorge Cuenca,jorge-cuenca,43,Fulham,6.88,96.3,14,0,1,0,0,0.56,0,553,73,626,88.34,404,149,44,3,2,40.0,16,16,6,0,0,1,50.0,1,0,1,19,52.78,17,53.13,36,52.94,965,0.0,0,0,0,0,0,0,0,0,1,0,0,0,0,26,35.14,75,0,0,0,81,0,42,20,774,1,10,0,0,4,1,0,0,0,100.12,171.0,34.9,2,0,0,0,0,11,0,0,0,0,0,0,11,0.0,0.0,3,5,2,32,15,0,0,0,74,11,9,56.25,0.0,0,0,0,427,199,0,0.05,33,40,10,15
822470,Samuel Chukwueze,samuel-chukwueze,43,Fulham,6.87,158.1,23,3,4,2,4,3.3,7,305,108,413,73.85,120,185,126,24,18,46.15,6,7,0,0,0,8,18.18,25,7,10,36,43.9,7,38.89,43,43.0,1075,12.0,0,0,0,0,0,0,3,0,15,10,0,3,0,16,69.57,10,0,2,15,206,10,24,14,634,12,5,3,0,6,3,8,0,0,132.97,263.0,35.14,0,0,0,0,0,17,3,0,0,0,0,0,10,0.0,0.0,24,39,44,57,11,0,0,0,23,20,4,66.67,358.33,0,0,0,145,268,1,2.07,0,57,1,23
867442,Callum Hudson Odoi,callum-hudson-odoi,14,Nottingham Forest,6.87,206.2,30,3,5,1,4,2.98,7,586,71,657,89.19,115,471,329,44,30,51.72,14,8,0,0,0,13,14.29,30,10,10,56,44.8,3,25.0,59,43.07,1849,10.0,0,0,0,0,1,0,2,1,18,12,0,0,3,24,64.86,14,0,1,22,248,8,26,14,1005,12,12,1,0,9,3,10,0,0,200.64,353.0,34.95,2,0,0,0,0,21,5,0,0,0,0,0,21,0.0,0.0,44,58,91,78,9,0,0,0,37,26,7,50.0,616.33,0,0,0,130,527,1,2.8,0,68,2,30
957602,Riccardo Calafiori,riccardo-calafiori,42,Arsenal,6.87,171.8,25,1,0,3,2,0.76,3,647,109,756,85.58,303,344,194,9,16,66.67,32,15,5,0,0,3,14.29,32,8,14,56,52.34,48,62.34,104,56.52,1707,3.13,0,0,0,0,0,0,1,0,22,10,1,0,0,20,47.62,50,0,1,10,201,5,20,12,1160,10,26,2,0,8,4,10,0,0,207.9,328.0,35.93,4,0,0,0,0,6,2,0,0,0,0,0,22,0.0,0.0,9,24,21,80,29,0,0,0,42,8,19,59.38,1707.0,0,0,0,352,404,1,3.34,0,73,5,26
1106451,Dango Ouattara,dango-ouattara,50,Brentford,6.87,219.9,32,7,12,13,3,4.17,10,306,179,485,63.09,84,222,133,27,23,28.75,24,24,5,0,0,19,17.59,56,20,22,86,39.45,52,48.6,138,42.46,2279,12.5,0,0,5,0,0,0,7,0,44,12,2,5,0,18,46.15,52,0,0,31,438,9,28,12,1075,39,27,1,0,18,9,14,0,0,260.41,645.0,35.56,1,0,0,0,0,32,3,0,0,0,0,0,25,0.0,0.0,27,80,108,187,55,0,0,0,39,35,13,54.17,325.57,0,0,0,118,367,3,7.72,0,85,0,32
864169,Pau Torres,pau-torres,40,Aston Villa,6.87,144.3,21,0,0,2,0,0.37,0,1040,128,1168,89.04,647,393,145,1,7,63.64,22,11,1,0,0,0,0.0,9,1,7,34,58.62,25,52.08,59,55.66,1676,0.0,0,0,0,0,0,0,0,0,9,0,0,0,0,53,42.74,61,2,2,4,154,3,91,42,1350,5,7,0,1,9,0,1,0,0,165.04,216.0,34.62,4,0,0,0,0,17,2,0,0,0,0,0,18,0.0,0.0,1,11,4,47,23,0,0,0,124,19,14,63.64,0.0,0,0,0,681,487,0,1.27,65,80,18,21
1142703,Nico O'Reilly,nico-o-reilly,17,Manchester City,6.87,233.6,34,5,6,7,3,2.69,8,1167,187,1354,86.19,464,703,326,23,24,40.68,68,20,5,0,0,9,23.68,41,15,13,110,44.72,51,52.58,161,46.94,2648,12.2,0,0,0,0,0,0,5,0,33,8,2,3,0,17,31.48,72,0,1,34,368,11,33,14,2068,18,45,0,0,22,1,13,0,0,319.53,648.0,35.96,10,0,0,0,0,21,4,0,0,0,0,0,29,0.0,0.0,23,59,38,182,46,0,0,0,54,25,36,52.94,529.6,0,0,0,528,826,4,6.03,0,109,12,34
555386,Ollie Watkins,ollie-watkins,40,Aston Villa,6.87,254.2,37,16,4,19,3,1.3,19,346,130,476,72.69,101,245,164,23,26,46.43,22,6,4,0,0,2,28.57,83,38,22,80,42.33,36,38.71,116,41.13,2852,19.28,0,0,0,0,0,0,15,1,72,11,4,3,9,4,50.0,15,0,0,43,281,16,10,4,887,32,35,2,0,4,24,23,0,0,282.97,591.0,35.01,3,0,0,0,0,33,5,0,0,0,0,0,33,0.0,0.0,23,56,7,166,57,0,0,0,8,38,14,63.64,178.25,0,0,0,130,346,4,15.14,0,49,2,37
996911,Levi Colwill,levi-colwill,38,Chelsea,6.87,20.6,3,0,0,0,0,0.11,0,173,19,192,90.1,119,54,15,0,0,0.0,3,5,0,0,0,0,0.0,0,0,0,5,71.43,6,60.0,11,64.71,225,0.0,0,0,0,0,0,0,0,0,0,0,0,0,0,3,27.27,14,0,0,1,22,0,7,4,229,2,1,0,0,0,0,0,0,0,23.72,34.0,32.35,0,0,0,0,0,3,1,0,0,0,0,0,2,0.0,0.0,0,0,1,6,4,0,0,0,11,4,2,66.67,0.0,0,0,0,121,71,0,,7,9,3,3
882604,Đorđe Petrović,dorde-petrovic,60,Bournemouth,6.87,260.9,38,0,0,0,0,0.02,0,580,321,901,64.37,485,95,27,0,0,0.0,0,0,3,0,0,0,0.0,0,0,0,3,50.0,20,100.0,23,88.46,3420,0.0,0,0,0,0,0,0,0,0,0,0,0,0,0,146,31.6,62,2,2,0,331,0,100,47,1318,2,0,0,1,3,0,0,0,109,10.45,1.0,26.2,11,6,0,69,37,46,8,35,23,21,31,2,38,0.0,0.0,0,0,0,3,0,0,0,0,462,54,0,0.0,0.0,0,2,26,523,378,1,,212,285,0,38
914309,Iliman Ndiaye,iliman-ndiaye,48,Everton,6.87,219.7,32,6,7,3,3,4.41,9,790,151,941,83.95,268,522,327,30,73,54.48,70,16,2,0,0,7,12.73,43,22,8,180,49.72,11,23.4,191,46.7,2786,13.95,2,2,0,0,0,0,6,0,30,13,0,2,4,6,31.58,19,0,1,64,410,26,10,3,1576,37,30,2,0,27,12,13,0,0,293.19,507.0,35.18,5,0,0,0,0,41,3,0,0,0,0,0,32,100.0,0.0,30,134,55,218,36,0,0,0,19,44,43,61.43,464.33,0,0,0,293,648,0,6.71,0,178,2,32
1137431,Michael Kayode,michael-kayode,50,Brentford,6.86,254.0,37,1,4,1,1,2.8,2,970,171,1141,85.01,566,404,186,36,55,51.4,67,38,8,0,0,14,25.0,9,3,2,172,57.14,41,60.29,213,57.72,3264,11.11,0,0,0,2,0,0,1,0,8,1,1,0,0,38,44.71,99,1,3,31,523,5,44,25,2177,50,26,0,1,23,1,4,2,0,350.59,780.0,34.61,8,0,0,0,0,46,3,0,0,0,0,0,37,0.0,0.0,34,107,56,156,27,0,0,0,85,49,45,67.16,3264.0,0,0,0,630,511,0,1.18,0,163,15,37
905163,Mohammed Kudus,mohammed-kudus,33,Tottenham Hotspur,6.86,130.4,19,2,3,3,5,2.4,7,380,64,444,85.59,114,266,178,25,52,50.98,29,3,3,0,0,28,22.95,26,9,7,96,41.03,11,37.93,107,40.68,1545,7.69,0,0,0,0,2,0,1,1,16,10,0,2,0,19,70.37,6,0,1,54,331,12,25,17,931,15,23,1,0,12,10,10,2,0,157.59,362.0,34.98,2,0,0,0,0,13,7,0,0,0,0,0,19,0.0,0.0,23,102,122,156,18,0,0,0,27,20,19,65.52,772.5,0,0,0,131,313,1,1.93,0,95,0,19
997152,Maxim De Cuyper,maxim-de-cuyper,30,Brighton & Hove Albion,6.86,199.0,29,2,9,1,3,4.13,5,583,109,692,84.25,318,265,135,33,7,41.18,23,12,2,0,0,36,44.44,13,6,3,51,52.58,10,32.26,61,47.66,1443,15.38,0,0,0,1,3,0,2,0,6,7,1,0,1,13,31.71,28,0,1,5,203,9,46,19,1022,21,18,1,0,14,1,4,1,0,170.41,336.0,35.03,0,0,0,0,0,16,7,0,0,0,0,0,17,0.0,0.0,32,17,81,67,21,0,0,0,41,23,12,52.17,721.5,0,0,0,350,342,2,1.82,0,68,2,30
836694,Mason Mount,mason-mount,35,Manchester United,6.86,144.1,21,3,1,1,0,1.62,3,350,79,429,81.59,104,246,146,14,7,41.18,24,9,2,0,0,1,4.55,19,5,8,43,45.74,7,33.33,50,43.48,1018,15.79,0,0,1,0,1,0,2,1,12,7,0,0,3,23,62.16,9,0,0,15,144,10,36,25,606,12,16,1,0,11,0,6,1,0,118.4,183.0,33.58,1,0,0,0,0,12,3,0,0,0,0,0,12,0.0,0.0,13,17,22,65,14,0,0,0,37,15,13,54.17,339.33,0,0,0,129,300,0,1.5,0,60,1,23
866191,Sean Longstaff,sean-longstaff,34,Leeds United,6.86,137.2,20,2,6,1,2,1.91,4,380,69,449,84.63,197,183,83,25,2,28.57,38,12,2,0,0,27,50.0,16,4,9,57,52.78,10,45.45,67,51.54,1046,12.5,0,0,0,0,1,0,2,0,9,7,0,0,2,15,42.86,11,0,0,12,122,5,23,8,667,17,13,2,0,22,1,3,0,0,139.28,248.0,33.8,1,0,0,0,0,16,4,0,0,0,0,0,10,0.0,0.0,25,7,54,63,12,0,0,0,35,20,23,60.53,523.0,0,0,0,216,233,1,1.25,0,43,6,23
793167,Sander Berge,sander-berge,43,Fulham,6.86,240.1,35,0,3,3,1,1.5,1,1553,176,1729,89.82,817,736,296,21,9,42.86,57,25,5,0,0,3,23.08,15,3,5,80,50.63,50,61.73,130,54.39,2911,0.0,0,0,0,1,0,0,0,0,8,7,0,0,0,54,62.79,50,1,1,20,249,7,40,24,2075,14,35,0,1,11,1,7,0,0,376.69,598.0,36.25,5,0,0,0,0,40,5,0,0,0,0,0,34,0.0,0.0,21,21,13,109,31,0,0,0,86,45,40,70.18,0.0,0,0,0,882,847,1,1.54,0,133,16,35
1031251,Antonín Kinský,antonin-kinsky,33,Tottenham Hotspur,6.86,48.0,7,0,0,0,0,0.01,0,137,81,218,62.84,108,29,9,0,0,0.0,0,0,1,0,0,0,0.0,0,0,0,1,100.0,3,100.0,4,100.0,630,0.0,0,0,0,0,0,0,0,0,0,0,0,0,0,41,33.61,10,0,0,0,81,0,27,12,261,1,0,0,0,0,0,0,0,10,4.9,0.0,20.59,2,1,0,8,2,5,2,3,4,4,3,0,7,0.0,0.0,0,0,0,0,0,0,0,0,122,7,0,0.0,0.0,0,0,5,113,105,0,,14,33,0,7
924378,Sepp van den Berg,sepp-van-den-berg,50,Brentford,6.86,219.4,32,0,5,4,2,1.49,2,1259,163,1422,88.54,927,332,99,7,1,100.0,23,29,2,0,0,0,0.0,23,7,13,35,58.33,140,66.35,175,64.58,2761,0.0,0,0,0,0,0,0,0,0,22,1,0,0,0,53,51.46,195,2,2,4,184,1,41,22,1815,11,15,0,0,7,0,3,0,0,297.13,322.0,35.46,8,0,0,0,0,38,3,0,0,0,0,0,30,0.0,0.0,7,1,0,96,71,0,0,0,103,41,10,43.48,0.0,0,0,0,980,442,1,3.13,29,109,23,32
548188,Lewis Cook,lewis-cook,60,Bournemouth,6.86,109.7,16,0,0,0,1,0.54,1,429,69,498,86.14,182,247,86,11,3,75.0,25,24,1,1,1,10,22.73,3,0,2,33,63.46,9,36.0,42,54.55,905,0.0,0,0,0,0,0,0,0,0,0,3,0,0,0,26,45.61,26,0,0,3,120,5,31,15,685,5,8,0,0,7,0,1,0,0,101.89,187.0,36.13,1,0,0,0,0,17,2,0,0,0,0,0,8,0.0,0.0,11,4,44,35,16,0,0,0,57,19,16,64.0,0.0,0,0,0,193,305,0,0.08,0,62,6,18
1400106,Yankuba Minteh,yankuba-minteh,30,Brighton & Hove Albion,6.86,233.1,34,3,11,4,4,5.12,7,428,202,630,67.94,108,320,206,46,65,53.72,56,17,3,0,0,37,23.27,41,11,15,143,50.18,19,37.25,162,48.21,2398,7.32,0,0,1,0,0,0,3,0,34,7,0,2,1,15,48.39,16,0,1,34,514,19,43,18,1304,22,32,0,0,21,10,15,2,0,256.26,684.0,36.38,2,0,0,0,0,27,6,0,0,0,0,0,26,0.0,0.0,44,121,159,174,32,0,0,0,31,33,37,66.07,799.33,0,0,0,142,488,1,3.8,0,95,0,34
783126,Emiliano Buendía,emiliano-buendia,40,Aston Villa,6.86,246.8,36,6,5,2,2,2.29,8,536,122,658,81.46,207,329,224,30,9,31.03,49,15,6,0,0,0,0.0,49,13,23,103,47.25,21,36.21,124,44.93,1784,12.24,0,0,0,0,6,1,3,3,19,30,1,1,4,24,61.54,20,0,1,35,224,14,33,21,1051,45,41,2,0,22,1,13,0,0,212.31,394.0,35.35,0,0,0,0,0,23,1,0,0,0,0,0,21,0.0,16.67,30,29,10,152,37,0,0,0,39,24,27,55.1,297.33,0,0,0,237,421,3,3.42,0,109,4,36
803174,Antonee Robinson,antonee-robinson,43,Fulham,6.85,150.8,22,1,1,0,0,1.57,1,640,160,800,80.0,326,314,182,22,12,57.14,48,29,5,0,0,14,18.18,6,1,1,69,56.56,18,60.0,87,57.24,1492,16.67,1,1,0,0,0,0,1,0,3,3,0,1,0,33,43.42,55,0,1,7,306,1,52,25,1292,9,15,0,0,23,2,4,0,0,182.45,544.0,36.7,4,0,0,0,0,17,2,0,0,0,0,0,17,100.0,0.0,22,21,77,65,12,0,0,0,76,19,30,62.5,1492.0,0,0,0,393,407,1,1.07,0,98,3,22
794338,Daichi Kamada,daichi-kamada,7,Crystal Palace,6.85,191.9,28,0,5,1,0,3.24,0,693,132,825,84.0,331,362,178,20,12,50.0,63,14,3,0,0,11,26.19,19,4,8,102,56.04,14,48.28,116,54.98,1908,0.0,0,0,1,0,0,0,0,0,11,8,0,0,0,31,54.39,23,0,3,16,234,13,38,18,1154,28,30,0,0,24,1,7,0,0,217.56,315.0,34.76,1,0,0,0,0,27,1,0,0,0,0,0,22,0.0,0.0,20,24,42,95,15,0,0,0,57,28,37,58.73,0.0,0,0,0,366,459,0,1.65,0,108,1,28
840217,Richarlison,richarlison,33,Tottenham Hotspur,6.85,219.3,32,11,5,10,4,1.46,15,197,120,317,62.15,57,140,99,20,12,37.5,27,5,5,0,0,0,0.0,61,26,21,70,45.16,69,39.88,139,42.38,1957,18.03,0,0,0,0,0,0,10,1,56,5,3,1,7,10,58.82,51,0,1,30,257,15,14,8,726,33,23,1,0,12,10,14,0,0,224.34,430.0,34.61,3,0,0,0,0,17,10,0,0,0,0,0,20,0.0,0.0,20,32,18,189,104,0,0,0,17,27,16,59.26,177.91,0,0,0,87,230,2,8.09,0,61,3,32
843200,Diogo Dalot,diogo-dalot,35,Manchester United,6.85,233.0,34,1,5,4,3,2.57,4,962,170,1132,84.98,455,507,270,29,18,66.67,53,27,5,0,0,17,29.82,24,6,15,83,53.9,52,71.23,135,59.47,2616,4.17,0,0,0,0,0,0,1,0,15,9,0,0,1,41,61.19,92,1,2,16,343,9,66,38,1785,14,25,1,0,21,4,3,0,0,282.29,520.0,35.01,5,0,0,0,0,36,4,0,0,0,0,0,29,0.0,0.0,29,27,57,92,21,0,0,0,67,40,30,56.6,2616.0,0,0,0,507,625,2,2.0,0,135,9,34
331209,Bernardo Silva,bernardo-silva,17,Manchester City,6.85,260.3,38,2,7,1,4,4.08,6,1989,216,2205,90.2,868,1121,630,47,21,42.86,54,22,10,0,0,19,26.39,30,7,10,97,43.89,4,16.0,101,41.06,2890,6.67,0,0,0,0,0,0,2,0,23,7,0,2,0,69,57.5,34,0,3,34,369,19,125,79,2661,22,37,1,0,27,5,13,0,0,365.38,452.0,34.14,6,0,0,0,0,23,7,0,0,0,0,0,34,0.0,0.0,47,49,72,145,21,0,0,0,120,30,28,51.85,1445.0,0,0,0,923,1282,1,2.56,5,146,6,38
1013842,Emmanuel Agbadou,emmanuel-agbadou,3,Wolverhampton,6.85,95.9,14,0,0,0,0,0.4,0,547,112,659,83.0,350,197,74,4,4,80.0,32,13,1,1,1,4,28.57,10,3,4,41,64.06,26,63.41,67,63.81,1101,0.0,0,0,0,0,1,0,0,0,6,4,0,0,0,50,42.74,65,2,0,5,147,1,75,31,872,5,10,0,0,7,0,3,0,0,115.8,156.0,36.1,0,0,0,0,0,22,5,0,0,0,0,0,12,0.0,0.0,4,5,14,38,15,0,0,0,117,27,20,62.5,0.0,0,0,0,376,283,1,0.56,1,66,15,14
1019322,Florian Wirtz,florian-wirtz,44,Liverpool FC,6.85,226.0,33,5,5,8,3,5.17,8,1201,220,1421,84.52,277,924,585,61,39,52.7,34,11,1,0,0,5,15.63,51,18,14,92,45.77,7,14.89,99,39.92,2388,9.8,0,0,0,0,1,0,5,0,36,15,0,1,4,40,57.97,13,0,1,36,378,21,73,40,1875,19,22,1,0,18,2,19,1,0,299.03,704.0,35.81,2,0,0,0,0,25,7,0,0,0,0,0,27,0.0,0.0,60,74,32,149,40,0,0,0,69,32,26,76.47,477.6,0,0,0,316,1105,3,7.03,0,115,2,33
966547,Noni Madueke,noni-madueke,42,Arsenal,6.85,171.2,25,3,7,2,1,2.83,4,313,98,411,76.16,67,246,171,22,29,47.54,21,5,0,0,0,16,20.0,26,10,6,65,43.62,10,45.45,75,43.86,1226,11.54,0,0,0,0,0,0,2,1,22,4,1,2,0,11,55.0,8,0,0,17,257,9,16,8,735,15,15,0,0,21,4,10,0,0,138.64,316.0,35.34,0,0,0,0,0,6,3,0,0,0,0,0,16,0.0,0.0,22,61,80,96,12,0,0,0,20,9,10,47.62,408.67,0,0,0,79,332,2,1.22,0,35,1,26
98435,Ross Barkley,ross-barkley,40,Aston Villa,6.85,143.8,21,3,4,2,1,1.35,4,357,50,407,87.71,151,206,121,10,13,65.0,14,2,1,0,0,0,0.0,18,8,6,36,47.37,14,46.67,50,47.17,865,16.67,0,0,0,0,0,0,3,0,9,9,2,1,0,14,73.68,10,0,0,16,89,3,13,10,540,9,9,0,0,8,0,4,0,0,94.25,138.0,33.75,0,0,0,0,0,13,2,0,0,0,0,0,7,0.0,0.0,10,20,0,56,16,0,0,0,19,15,10,71.43,288.33,0,0,0,167,240,1,1.51,0,45,3,21
996910,Bashir Humphreys,bashir-humphreys,6,Burnley,6.85,130.1,19,0,1,1,0,0.68,0,697,154,851,81.9,415,282,124,9,6,50.0,27,11,6,0,0,3,16.67,9,3,2,43,50.0,26,44.83,69,47.92,1578,0.0,0,0,0,0,0,0,0,0,6,3,0,0,0,49,40.16,84,0,2,6,210,1,62,26,1161,10,14,0,0,17,2,4,0,0,188.37,299.0,35.47,2,0,0,0,0,30,3,0,0,0,0,0,17,0.0,0.0,9,12,18,75,32,0,0,0,122,33,18,66.67,0.0,0,0,0,478,373,1,0.42,0,69,19,20
984624,Yéremy Pino,yeremy-pino,7,Crystal Palace,6.85,232.8,34,2,15,5,2,6.11,4,620,211,831,74.61,249,371,231,48,18,40.91,36,9,4,0,0,16,20.25,45,11,13,78,39.8,22,36.07,100,38.91,2100,4.44,0,0,0,0,4,0,1,1,26,19,0,0,2,38,52.05,21,0,0,34,389,19,88,40,1259,24,30,2,0,33,10,21,0,0,229.37,394.0,35.53,1,0,0,0,0,25,3,0,0,0,0,0,26,0.0,0.0,48,44,79,157,39,0,0,0,73,28,20,55.56,1050.0,0,0,0,291,540,1,4.51,0,101,1,34
927353,Curtis Jones,curtis-jones,44,Liverpool FC,6.85,232.8,34,1,4,3,2,2.79,3,1509,138,1647,91.62,570,939,480,21,22,64.71,40,18,2,0,0,1,6.67,23,7,10,91,55.83,11,28.95,102,50.75,1950,4.35,0,0,0,0,0,0,1,0,15,8,0,0,1,62,68.13,29,0,5,23,233,9,54,26,2013,29,17,2,0,21,0,6,0,0,241.36,581.0,35.85,1,0,0,0,0,30,7,0,0,0,0,0,18,0.0,0.0,21,34,15,99,27,0,0,0,91,37,24,60.0,1950.0,0,0,0,607,1040,0,2.77,0,144,6,34
948261,Morgan Rogers,morgan-rogers,40,Aston Villa,6.85,253.3,37,10,13,4,6,4.3,16,797,271,1068,74.63,263,534,375,47,42,35.59,42,13,7,0,0,3,6.0,84,32,26,132,37.29,26,29.55,158,35.75,3285,11.9,0,0,0,1,4,1,7,3,49,35,0,2,8,37,61.67,32,0,2,80,619,26,65,35,1805,49,46,3,0,23,3,26,0,0,388.66,685.0,35.12,7,0,0,0,0,42,6,0,0,0,0,0,37,0.0,25.0,47,118,50,284,62,0,0,0,60,48,23,54.76,328.5,0,0,0,327,741,4,6.78,0,139,3,37
553606,Guglielmo Vicario,guglielmo-vicario,33,Tottenham Hotspur,6.85,212.2,31,0,0,0,0,0.06,0,718,353,1071,67.04,621,97,32,1,0,0.0,1,0,1,0,0,0,0.0,0,0,0,4,80.0,12,92.31,16,88.89,2790,0.0,0,0,0,0,0,0,0,0,0,0,0,0,0,157,31.21,37,2,1,0,361,0,86,47,1365,3,0,0,0,1,0,0,0,83,43.1,2.0,27.84,7,2,0,62,21,39,11,19,27,27,21,0,31,0.0,0.0,1,0,0,2,1,0,0,0,503,50,1,100.0,0.0,0,2,23,689,382,1,,130,247,0,31
958878,Daniel Ballard,daniel-ballard,41,Sunderland,6.84,198.5,29,2,3,7,0,0.66,2,906,197,1103,82.14,636,270,96,15,3,60.0,33,20,4,1,1,0,0.0,26,9,12,62,60.78,106,57.92,168,58.95,2148,7.69,0,0,1,0,0,0,2,0,25,1,1,0,1,58,37.18,185,0,3,6,221,1,89,37,1493,30,29,0,0,6,3,5,0,0,226.19,269.0,35.4,6,0,0,0,0,28,6,0,0,0,0,0,24,0.0,0.0,15,5,1,117,77,0,0,0,156,34,18,54.55,1074.0,0,0,0,682,421,3,2.46,66,69,24,29
1105779,Andrey Santos,santos-andrey,38,Chelsea,6.84,184.8,27,1,1,3,0,0.88,1,718,79,797,90.09,364,354,136,8,2,40.0,37,20,4,0,0,0,0.0,11,2,7,61,67.78,14,45.16,75,61.98,1280,9.09,0,0,0,0,0,0,1,0,9,2,0,1,0,14,50.0,18,0,1,2,101,7,25,15,987,22,13,1,0,13,1,2,0,0,151.52,180.0,32.8,1,0,0,0,0,16,2,0,0,0,0,0,13,0.0,0.0,8,5,2,46,17,0,0,0,28,18,19,51.35,1280.0,0,0,0,401,396,0,2.0,0,48,6,27
800419,Tyler Adams,tyler-adams,60,Bournemouth,6.84,164.2,24,2,2,0,2,0.61,4,880,130,1010,87.13,432,448,181,7,6,50.0,53,33,8,0,0,2,66.67,10,6,2,69,50.0,27,55.1,96,51.34,1778,20.0,0,0,0,0,0,0,1,1,4,6,0,0,2,33,48.53,42,0,2,11,176,8,25,12,1310,13,35,0,0,18,1,2,0,0,200.6,399.0,34.57,4,0,0,0,0,23,5,0,0,0,0,0,21,0.0,0.0,7,12,3,91,22,0,0,0,68,28,23,43.4,889.0,0,0,0,474,536,0,0.6,0,96,9,25
846036,Ben White,ben-white,42,Arsenal,6.84,82.1,12,0,3,0,1,0.68,1,289,65,354,81.64,117,172,116,8,3,75.0,15,9,0,0,0,3,18.75,5,1,3,24,60.0,12,44.44,36,53.73,713,0.0,0,0,0,0,0,0,0,0,3,2,0,0,0,10,32.26,25,0,0,2,100,4,22,7,546,6,5,0,0,8,3,1,0,0,82.78,141.0,34.24,3,0,0,0,0,5,1,0,0,0,0,0,9,0.0,0.0,8,4,16,31,15,0,0,0,31,6,9,60.0,0.0,0,0,0,130,224,0,0.46,0,28,4,12
794953,Kevin Danso,kevin-danso,33,Tottenham Hotspur,6.84,150.5,22,0,1,0,0,0.27,0,829,125,954,86.9,590,239,71,3,2,66.67,27,25,8,0,0,0,0.0,11,2,4,41,53.95,79,64.23,120,60.3,1507,0.0,0,0,0,0,0,0,0,0,11,0,0,0,0,35,36.08,135,1,1,4,197,0,62,31,1305,13,21,1,0,9,0,5,0,0,140.5,200.0,35.43,4,0,0,0,0,19,6,0,0,0,0,0,17,0.0,0.0,3,3,7,79,44,0,0,0,97,25,12,44.44,0.0,0,0,0,633,321,1,0.59,5,45,11,24
927083,Bryan Mbeumo,bryan-mbeumo,35,Manchester United,6.84,225.7,33,11,6,13,3,5.04,14,629,167,796,79.02,189,440,296,47,18,33.33,25,8,4,0,0,35,33.02,73,32,27,71,41.04,15,16.3,86,32.45,2621,15.07,0,0,1,0,0,0,11,0,58,15,1,7,3,15,53.57,14,0,1,29,405,20,31,16,1326,28,23,3,0,14,7,14,0,0,288.24,795.0,35.77,0,0,0,0,0,33,4,0,0,0,0,0,31,0.0,0.0,47,54,106,179,77,0,0,0,28,37,11,44.0,238.27,0,0,0,220,576,2,12.19,0,91,1,33
893549,Tijjani Reijnders,tijjani-reijnders,17,Manchester City,6.84,191.5,28,5,4,5,2,2.34,7,711,87,798,89.1,233,478,275,18,20,43.48,10,10,2,0,0,10,23.26,49,16,20,45,40.54,3,37.5,48,40.34,1640,10.2,0,0,0,0,3,0,5,0,29,20,0,3,2,13,50.0,20,0,1,16,199,15,32,15,1098,15,19,1,0,6,4,13,1,0,209.91,317.0,34.02,2,0,0,0,0,15,3,0,0,0,0,0,19,0.0,0.0,17,46,43,71,5,0,0,0,26,18,4,40.0,328.0,0,0,0,248,550,1,4.45,0,58,1,28
867887,Douglas Luiz,douglas-luiz,40,Aston Villa,6.84,143.6,21,1,3,2,0,1.43,1,588,65,653,90.05,288,300,141,19,6,46.15,23,15,3,0,0,11,25.58,11,5,3,43,60.56,9,42.86,52,56.52,944,9.09,0,0,0,1,0,0,1,0,4,7,0,0,1,29,59.18,12,0,1,3,128,3,46,26,852,15,13,0,0,6,0,3,0,0,112.9,90.0,33.55,0,0,0,0,0,11,4,0,0,0,0,0,12,0.0,0.0,19,13,43,40,12,0,0,0,49,15,13,56.52,944.0,0,0,0,302,351,0,0.53,0,52,4,21
1136730,Lewis Hall,lewis-hall,39,Newcastle United,6.84,198.3,29,1,5,1,1,2.75,2,1075,186,1261,85.25,473,602,324,25,37,54.41,54,28,4,0,0,20,19.61,25,6,8,132,56.65,26,44.83,158,54.3,2179,4.0,0,0,0,0,4,0,0,1,8,17,0,1,0,47,41.96,77,1,2,38,406,12,73,33,2021,41,17,2,0,16,0,11,0,0,261.63,599.0,35.64,3,0,0,0,0,34,5,0,0,0,0,0,24,0.0,0.0,25,68,102,133,32,0,0,0,112,39,31,57.41,2179.0,0,0,0,529,732,0,1.01,0,134,14,30
1471671,Jaydee Canvot,jaydee-canvot,7,Crystal Palace,6.84,129.9,19,0,0,3,0,0.34,0,675,90,765,88.24,408,267,119,3,2,50.0,39,12,3,0,0,0,0.0,7,1,6,48,56.47,37,66.07,85,60.28,1347,0.0,0,0,0,1,0,0,0,0,5,2,0,0,0,37,48.68,103,1,2,5,120,3,29,13,1031,7,12,0,0,19,0,0,0,0,141.84,319.0,36.01,4,0,0,0,0,22,1,0,0,0,0,0,14,0.0,0.0,3,4,5,56,19,0,0,0,76,23,24,61.54,0.0,0,0,0,448,317,3,1.48,10,54,13,20
592010,Mikel Merino,mikel-merino,42,Arsenal,6.84,150.4,22,4,4,5,3,1.46,7,281,89,370,75.95,109,172,97,12,5,41.67,26,10,1,0,0,0,0.0,22,8,8,51,50.5,28,39.44,79,45.93,1035,18.18,0,0,0,0,0,0,4,0,18,4,3,0,1,8,34.78,19,0,0,17,136,8,21,8,556,20,22,0,0,6,3,6,0,0,137.43,160.0,33.65,2,0,0,0,0,8,2,0,0,0,0,0,10,0.0,0.0,12,12,4,93,43,0,0,0,23,10,13,50.0,258.75,0,0,0,122,248,1,3.38,0,57,2,22
923894,Wesley Fofana,wesley-fofana,38,Chelsea,6.83,170.8,25,0,1,0,1,0.62,1,1154,99,1253,92.1,746,408,120,3,10,71.43,19,40,5,0,2,1,50.0,8,1,4,45,52.94,69,66.99,114,60.64,1726,0.0,0,0,0,0,0,0,0,0,8,0,0,0,0,30,50.0,129,0,1,5,123,2,22,11,1569,17,27,1,0,4,1,3,0,0,162.17,257.0,34.73,3,0,0,0,0,23,1,0,0,0,0,0,20,0.0,0.0,3,14,2,74,34,0,0,0,60,24,10,52.63,0.0,2,0,0,789,464,2,0.72,2,81,19,25
252669,José Sá,jose-sa,3,Wolverhampton,6.83,157.1,23,0,0,0,0,0.08,0,416,278,694,59.94,303,113,41,1,0,0.0,1,0,2,0,0,0,0.0,0,0,0,5,100.0,17,94.44,22,95.65,2070,0.0,0,0,0,0,0,0,0,0,0,0,0,0,0,143,34.54,47,1,2,0,281,0,45,23,957,6,0,0,0,0,0,0,0,65,32.48,1.0,27.78,4,3,0,44,21,33,4,29,16,15,30,1,23,0.0,0.0,1,0,0,1,1,0,0,0,414,37,0,0.0,0.0,0,0,7,341,353,1,,173,217,0,23
833956,Matty Cash,matty-cash,40,Aston Villa,6.83,239.0,35,3,4,0,3,2.95,6,1191,202,1393,85.5,577,614,330,31,11,55.0,66,22,9,0,0,26,19.85,30,10,12,105,50.72,32,54.24,137,51.5,3020,10.0,0,0,0,0,0,0,1,2,9,21,0,1,2,56,42.42,84,2,2,17,442,3,111,44,2167,30,41,1,0,35,4,8,1,0,327.28,689.0,35.04,8,0,0,0,0,34,4,0,0,0,0,0,34,0.0,0.0,30,20,131,129,27,0,0,0,132,38,32,48.48,1006.67,0,0,0,641,752,3,1.19,0,88,14,35
1184308,Álex Jiménez,alex-jimenez,60,Bournemouth,6.83,211.6,31,1,2,0,0,1.61,1,696,172,868,80.18,309,387,217,14,39,52.0,69,27,10,0,0,11,21.57,21,4,8,128,52.89,13,37.14,141,50.9,2330,4.76,0,0,0,1,0,0,1,0,9,12,0,0,1,41,46.59,41,0,0,20,334,10,56,30,1468,20,35,0,0,23,0,9,0,0,243.62,587.0,35.44,3,0,0,0,0,33,6,0,0,0,0,0,26,0.0,0.0,14,75,51,136,22,0,0,0,88,39,48,69.57,2330.0,0,0,0,360,508,0,1.13,0,135,11,31
1035996,André,andre,3,Wolverhampton,6.83,238.9,35,1,1,0,0,0.99,1,1198,113,1311,91.38,657,541,189,18,19,55.88,82,30,12,0,0,10,25.0,15,1,4,144,52.94,4,21.05,148,50.86,2766,6.67,0,0,0,0,1,0,0,1,1,14,0,1,0,59,68.6,50,2,6,30,220,10,67,45,1763,43,47,0,0,37,0,10,0,0,316.99,322.0,34.73,1,0,0,0,0,47,6,0,0,0,0,0,30,0.0,0.0,18,34,40,143,15,0,0,0,86,53,44,53.66,2766.0,0,0,0,697,614,1,0.52,0,212,13,35
845286,Ismaïla Sarr,ismaila-sarr,7,Crystal Palace,6.83,191.1,28,9,3,11,1,1.13,10,338,136,474,71.31,102,236,136,19,11,35.48,18,8,2,0,0,3,12.5,48,21,16,71,46.71,24,26.97,95,39.42,2176,18.75,3,3,2,0,0,0,9,0,40,8,1,2,6,8,36.36,28,0,2,43,273,9,25,8,863,42,12,4,0,10,14,11,0,0,256.6,563.0,36.21,7,0,0,0,0,28,1,0,0,0,0,0,24,100.0,0.0,19,31,24,146,65,0,0,0,22,29,9,50.0,241.78,0,0,0,134,340,1,10.91,0,80,4,28
82566,Tom Cairney,tom-cairney,43,Fulham,6.83,163.8,24,2,0,0,0,0.82,2,641,51,692,92.63,315,326,160,11,4,50.0,7,4,3,0,0,2,33.33,17,2,8,22,46.81,10,76.92,32,53.33,805,11.76,0,0,0,0,0,0,0,2,6,11,0,2,0,23,67.65,7,0,0,4,75,3,40,24,785,11,10,0,0,7,0,7,0,0,104.51,128.0,34.13,0,0,0,0,0,8,2,0,0,0,0,0,6,0.0,0.0,11,8,6,28,3,0,0,0,34,10,3,42.86,402.5,0,0,0,327,365,0,1.21,0,43,1,24
871765,Nicolás Domínguez,nicolas-dominguez,14,Nottingham Forest,6.82,170.6,25,1,2,1,1,0.79,2,456,79,535,85.23,224,232,124,12,6,50.0,56,7,3,0,0,6,42.86,18,5,5,73,59.84,13,38.24,86,55.13,1193,5.56,0,0,0,0,0,0,1,0,8,10,1,0,0,15,62.5,17,0,1,5,112,9,20,8,733,11,16,0,0,24,0,8,1,0,149.94,234.0,34.11,0,0,0,0,0,18,2,0,0,0,0,0,17,0.0,0.0,11,12,14,70,21,0,0,0,24,20,30,53.57,1193.0,0,0,0,254,281,0,1.47,0,58,5,27
361420,Dominic Solanke,dominic-solanke,33,Tottenham Hotspur,6.82,102.3,15,3,1,3,0,0.35,3,117,41,158,74.05,42,75,55,6,13,50.0,22,3,1,0,0,0,0.0,20,11,3,44,51.16,20,32.79,64,43.54,1000,15.0,0,0,0,0,0,0,3,0,19,1,0,1,2,2,33.33,11,0,1,13,111,7,5,3,341,9,12,0,0,5,3,6,0,0,121.25,257.0,34.25,0,0,0,0,0,18,3,0,0,0,0,0,11,0.0,0.0,6,26,2,83,41,0,0,0,6,21,16,72.73,333.33,0,0,0,51,107,1,2.43,0,34,2,15
805137,Omar Alderete,omar-alderete,41,Sunderland,6.82,225.0,33,1,1,2,1,0.92,2,1057,247,1304,81.06,702,355,114,9,17,80.95,32,36,6,0,0,3,27.27,24,9,8,58,50.0,88,57.52,146,54.28,2802,4.17,0,0,0,0,0,0,1,0,18,6,1,0,0,78,40.0,217,0,5,12,299,3,162,64,1782,10,34,3,0,8,5,7,0,0,293.47,372.0,35.26,9,0,0,0,0,35,5,0,0,0,0,0,32,0.0,0.0,9,21,11,123,65,0,0,0,195,40,18,56.25,2802.0,0,0,0,767,537,1,1.64,8,103,29,33
219572,Joël Veltman,joel-veltman,30,Brighton & Hove Albion,6.82,150.0,22,1,0,0,0,0.22,1,361,81,442,81.67,172,189,97,4,2,40.0,31,18,5,0,0,2,10.53,4,1,1,55,68.75,20,62.5,75,66.96,1073,25.0,0,0,0,0,0,0,1,0,4,0,0,1,0,13,31.71,44,0,0,2,144,4,24,10,752,22,10,0,0,10,2,2,0,0,113.55,154.0,32.58,1,0,0,0,0,12,1,0,0,0,0,0,9,0.0,0.0,4,5,19,37,12,0,0,0,41,13,17,54.84,1073.0,0,0,0,196,246,0,1.11,0,40,6,24
875137,Zian Flemming,zian-flemming,6,Burnley,6.82,197.7,29,11,0,10,0,0.42,11,180,97,277,64.98,55,125,66,10,4,36.36,17,7,5,0,0,1,16.67,53,21,17,46,37.7,68,44.74,114,41.61,1808,20.75,2,2,0,0,1,0,9,2,42,11,3,3,5,10,58.82,37,0,0,17,196,3,20,9,589,26,50,0,0,5,3,15,0,0,194.21,341.0,34.29,0,0,0,0,0,32,3,0,0,0,0,0,21,100.0,0.0,10,11,6,160,84,0,0,0,17,35,10,58.82,164.36,0,0,0,74,203,1,7.87,0,33,5,29
161717,James Ward-Prowse,james-ward-prowse,6,Burnley,6.82,122.7,18,0,8,0,1,1.88,1,545,69,614,88.76,266,279,117,23,2,28.57,16,20,1,0,0,28,36.84,5,2,0,31,53.45,10,45.45,41,51.25,1109,0.0,0,0,0,0,2,0,0,0,0,5,0,0,0,28,52.83,17,2,0,4,140,4,46,27,829,13,8,0,0,10,0,3,0,0,140.72,203.0,34.77,1,0,0,0,0,25,2,0,0,0,0,0,12,0.0,0.0,23,7,76,39,12,0,0,0,53,27,7,43.75,0.0,0,0,0,280,334,0,0.22,0,49,7,18
136710,Mateo Kovačić,mateo-kovacic,17,Manchester City,6.82,40.9,6,0,1,0,1,0.44,1,135,13,148,91.22,45,90,44,4,2,66.67,2,2,0,0,0,0,0.0,2,0,1,6,50.0,0,0.0,6,50.0,134,0.0,0,0,0,0,0,0,0,0,0,2,0,0,0,3,50.0,4,0,0,5,21,1,6,3,178,2,0,0,0,0,0,1,0,0,17.41,21.0,30.96,0,0,0,0,0,3,0,0,0,0,0,0,1,0.0,0.0,4,3,0,6,0,0,0,0,6,3,1,50.0,0.0,0,0,0,48,100,0,0.16,1,10,0,6
861972,Calvin Bassey,calvin-bassey,43,Fulham,6.81,204.4,30,1,0,0,0,0.39,1,1497,209,1706,87.75,1032,465,157,10,10,50.0,62,22,5,0,0,3,21.43,13,2,5,112,64.74,39,54.17,151,61.63,2544,7.69,0,0,1,1,0,0,1,0,10,3,1,0,0,56,36.36,99,2,3,17,280,2,112,40,2130,40,28,0,0,7,0,6,0,0,282.55,554.0,36.42,7,0,0,0,0,34,6,0,0,0,0,0,28,0.0,0.0,10,20,14,94,33,0,0,0,154,40,36,58.06,2544.0,0,0,0,1100,606,1,1.72,72,119,21,30
106337,Idrissa Gana Gueye,idrissa-gana-gueye,48,Everton,6.81,170.3,25,2,2,0,3,1.77,5,930,135,1065,87.32,389,541,260,13,7,33.33,43,28,1,1,1,4,21.05,29,7,11,81,56.64,13,52.0,94,55.95,2101,6.9,0,0,0,0,0,0,2,0,10,19,0,0,2,20,45.45,24,0,2,9,205,4,36,21,1364,31,21,2,0,19,0,11,0,0,227.73,305.0,33.29,4,0,0,0,0,24,2,0,0,0,0,0,25,0.0,0.0,13,21,19,74,12,0,0,0,44,26,20,46.51,1050.5,0,0,0,434,631,0,2.0,0,114,7,25
243609,Alisson,alisson,44,Liverpool FC,6.81,177.1,26,0,0,0,0,0.04,0,644,171,815,79.02,585,59,20,0,0,0.0,0,0,1,0,0,0,0.0,0,0,0,5,71.43,6,85.71,11,78.57,2340,0.0,0,0,0,1,0,0,0,0,0,0,0,0,0,108,39.42,37,0,3,0,179,0,94,53,1064,7,1,0,0,1,0,0,0,57,5.11,1.0,28.73,8,2,0,34,20,27,4,21,14,14,16,0,26,0.0,0.0,0,0,0,3,1,0,0,0,274,31,0,0.0,0.0,0,0,9,630,185,0,,58,229,0,26
825844,Ferdi Kadıoğlu,ferdi-kadioglu,30,Brighton & Hove Albion,6.81,252.0,37,1,2,3,0,3.33,1,1170,197,1367,85.59,501,669,400,22,12,54.55,57,26,6,0,0,23,21.3,28,13,9,104,55.32,32,50.0,136,53.97,3134,3.57,0,0,0,0,0,0,1,0,14,14,0,0,1,44,47.31,81,0,0,18,394,12,56,28,2065,36,22,2,0,37,7,6,1,0,352.77,725.0,34.63,10,0,0,0,0,35,6,0,0,0,0,0,34,0.0,0.0,21,22,108,116,32,0,0,0,93,41,39,68.42,3134.0,0,0,0,566,801,2,2.03,0,130,7,37
836168,Nikola Milenković,nikola-milenkovic,14,Nottingham Forest,6.81,258.8,38,0,1,2,0,0.72,0,1333,206,1539,86.61,942,391,122,3,3,100.0,31,29,6,0,0,0,0.0,16,1,13,54,62.79,89,69.53,143,66.82,3375,0.0,0,0,0,0,0,0,0,0,13,3,0,0,0,84,41.38,218,2,1,2,224,0,92,45,1980,20,21,0,1,10,1,2,0,0,342.39,379.0,34.47,9,0,0,0,0,42,9,0,0,0,0,0,37,0.0,0.0,3,3,2,71,39,0,0,0,203,51,17,54.84,0.0,0,0,0,1006,533,2,0.84,5,108,36,38
1426228,Eli Junior Kroupi,eli-junior-kroupi,60,Bournemouth,6.81,217.9,32,13,3,3,0,1.53,13,355,112,467,76.02,133,222,120,22,15,40.54,9,9,5,0,0,1,9.09,52,22,11,36,32.14,8,26.67,44,30.99,1690,25.0,2,2,0,0,0,0,11,2,33,19,1,2,10,16,64.0,33,0,1,20,208,20,21,12,742,12,27,1,0,8,6,19,0,0,192.3,459.0,34.81,0,0,0,0,0,19,2,0,0,0,0,0,21,100.0,0.0,22,37,11,98,22,0,0,0,25,21,6,66.67,130.0,0,0,0,160,307,1,8.35,0,61,0,33
1122603,William Osula,william-osula,39,Newcastle United,6.81,149.8,22,7,0,4,0,0.62,7,65,16,81,80.25,27,38,24,6,8,50.0,6,1,0,0,0,2,66.67,23,12,4,30,40.0,9,24.32,39,34.82,863,30.43,0,0,0,0,1,0,6,1,18,5,1,4,2,0,0.0,0,0,0,13,68,5,1,0,223,16,24,1,0,3,2,7,0,0,100.49,316.0,36.32,1,0,0,0,0,12,2,0,0,0,0,0,8,0.0,0.0,6,16,3,73,28,0,0,0,2,14,5,83.33,123.29,0,0,0,31,50,1,4.29,0,23,1,24
988275,Tyrick Mitchell,tyrick-mitchell,7,Crystal Palace,6.81,258.6,38,1,4,3,2,2.52,3,809,298,1107,73.08,387,422,235,29,15,34.88,101,34,6,0,0,22,21.15,19,7,7,144,60.25,26,38.81,170,55.56,3253,5.26,0,0,0,0,0,0,1,0,13,6,0,0,1,39,26.71,100,0,2,26,521,6,77,29,2025,28,23,1,0,21,5,5,0,0,352.67,891.0,36.11,12,0,0,0,0,43,4,0,0,0,0,0,36,0.0,0.0,29,43,104,136,41,0,0,0,146,47,63,62.38,3253.0,0,0,0,498,609,1,1.61,0,187,12,38
936849,Kaoru Mitoma,kaoru-mitoma,30,Brighton & Hove Albion,6.8,170.1,25,3,4,8,1,2.84,4,473,101,574,82.4,119,354,229,31,28,44.44,18,9,5,0,0,8,17.39,32,13,11,67,39.64,15,41.67,82,40.0,1721,9.38,0,0,0,0,0,0,2,1,24,8,1,1,1,12,63.16,17,0,2,23,249,11,25,15,925,21,31,2,0,17,4,8,1,0,197.87,506.0,35.52,1,0,0,0,0,16,4,0,0,0,0,0,19,0.0,0.0,30,63,46,123,21,0,0,0,19,20,12,66.67,573.67,0,0,0,144,430,0,4.06,0,62,1,25
856739,Lutsharel Geertruida,lutsharel-geertruida,41,Sunderland,6.8,190.5,28,0,1,1,0,0.83,0,640,103,743,86.14,354,286,119,8,7,58.33,37,19,2,0,0,2,22.22,11,3,4,51,59.3,12,46.15,63,56.25,1702,0.0,0,0,0,0,0,0,0,0,4,7,0,0,0,26,48.15,47,0,2,3,153,5,29,15,1008,7,15,1,0,12,1,4,0,0,188.96,267.0,34.97,3,0,0,0,0,19,4,0,0,0,0,0,17,0.0,0.0,8,12,9,49,14,0,0,0,54,23,21,56.76,0.0,0,0,0,394,349,0,1.15,1,71,10,28
42694,Jordan Henderson,jordan-henderson,50,Brentford,6.8,217.7,32,1,8,0,3,2.45,4,902,256,1158,77.89,485,417,203,19,3,37.5,27,17,6,0,0,17,34.69,6,1,3,35,51.47,13,41.94,48,48.48,1929,16.67,0,0,0,0,0,0,1,0,2,4,0,0,1,71,37.37,34,0,0,6,318,6,167,67,1382,7,13,0,0,9,1,2,0,0,239.66,349.0,34.8,3,0,0,0,0,25,3,0,0,0,0,0,22,0.0,0.0,19,8,49,51,18,0,0,0,190,28,13,48.15,1929.0,0,0,0,537,621,0,0.33,0,98,7,32
895576,Marcus Tavernier,marcus-tavernier,60,Bournemouth,6.8,231.2,34,7,9,8,4,4.64,11,943,185,1128,83.6,262,681,424,55,39,43.82,40,17,6,0,0,19,16.67,70,24,27,114,44.36,24,38.71,138,43.26,2738,10.0,2,2,0,0,7,1,5,2,31,39,0,6,1,30,38.96,39,0,0,44,464,26,42,18,1789,35,30,4,0,21,4,19,1,0,313.12,734.0,35.27,4,0,0,0,0,37,7,0,0,0,0,0,31,100.0,14.29,54,89,114,181,38,0,0,0,77,44,22,55.0,391.14,0,0,0,298,830,0,9.06,0,150,6,34
365802,Harrison Reed,harrison-reed,43,Fulham,6.8,47.6,7,1,0,0,0,0.46,1,40,3,43,93.02,22,18,8,3,0,0.0,0,0,0,0,0,3,75.0,2,1,0,1,16.67,1,33.33,2,22.22,126,50.0,0,0,0,0,0,0,0,1,0,2,0,0,1,3,75.0,1,0,0,0,6,1,6,5,54,1,2,0,0,3,0,1,0,0,16.02,20.0,33.05,0,0,0,0,0,4,0,0,0,0,0,0,1,0.0,0.0,3,0,4,7,2,0,0,0,4,4,0,0.0,126.0,0,0,0,22,21,0,0.13,0,5,0,7
96531,Alphonse Aréola,alphonse-areola,37,West Ham United,6.8,136.0,20,0,0,0,1,0.03,1,252,288,540,46.67,157,95,21,1,0,0.0,0,1,0,0,0,0,0.0,0,0,0,1,50.0,5,71.43,6,66.67,1800,0.0,0,0,0,1,0,0,0,0,0,0,0,0,0,127,30.68,29,2,1,0,294,0,29,14,762,1,1,0,0,0,0,0,0,77,15.17,0.0,22.13,0,6,0,51,21,34,3,21,0,0,15,0,20,0.0,0.0,1,0,0,3,2,0,0,0,414,37,0,0.0,0.0,0,0,19,191,349,1,,164,142,0,20
1089582,Freddie Potts,freddie-potts,37,West Ham United,6.8,149.6,22,0,2,0,1,1.07,1,445,87,532,83.65,195,250,95,8,2,25.0,29,17,1,0,0,6,17.65,3,1,0,45,57.69,20,60.61,65,58.56,1167,0.0,0,0,0,0,0,0,0,0,3,0,0,0,0,27,47.37,31,0,0,5,137,0,46,21,728,14,15,0,0,8,0,2,0,0,136.83,119.0,33.77,0,0,0,0,0,21,4,0,0,0,0,0,12,0.0,0.0,8,8,34,46,13,0,0,0,57,25,17,58.62,0.0,0,0,0,225,307,0,0.21,0,38,3,22
2263877,Jerome Abbey,jerome-abbey,3,Wolverhampton,6.8,6.8,1,0,0,0,0,0.0,0,1,4,5,20.0,0,1,0,0,0,0.0,1,1,0,0,0,0,0.0,0,0,0,1,100.0,2,100.0,3,100.0,16,0.0,0,0,0,0,0,0,0,0,0,0,0,0,0,0,0.0,0,0,0,0,4,0,0,0,9,0,0,0,0,0,1,0,0,0,2.57,4.0,30.56,0,0,0,0,0,0,0,0,0,0,0,0,0,0.0,0.0,0,0,0,0,0,0,0,0,2,0,0,0.0,0.0,0,0,0,0,5,0,,0,0,0,1
1110006,Dário Essugo,dario-essugo,38,Chelsea,6.8,20.4,3,0,0,0,0,0.01,0,21,4,25,84.0,9,12,5,0,2,100.0,6,0,2,0,0,0,0.0,0,0,0,9,56.25,1,100.0,10,58.82,34,0.0,0,0,0,0,0,0,0,0,0,0,0,0,0,0,0.0,1,0,0,2,7,0,1,1,39,1,3,0,0,2,0,0,0,0,5.66,11.0,29.57,0,0,0,0,0,1,0,0,0,0,0,0,0,0.0,0.0,0,2,0,7,0,0,0,0,0,1,3,50.0,0.0,0,0,0,10,15,0,,0,1,0,3
149663,Nathan Aké,nathan-ake,17,Manchester City,6.8,95.2,14,0,2,1,0,0.53,0,440,56,496,88.71,217,223,110,7,0,0.0,8,5,1,0,0,3,75.0,6,1,3,16,72.73,18,60.0,34,65.38,703,0.0,0,0,0,0,0,0,0,0,6,0,0,0,0,7,28.0,31,0,1,0,68,1,24,13,608,8,3,0,0,2,1,2,0,0,76.6,107.0,34.36,3,0,0,0,0,8,1,0,0,0,0,0,6,0.0,0.0,7,1,4,18,12,0,0,0,25,9,5,62.5,0.0,0,0,0,234,262,1,0.72,14,17,1,18
1406130,Veljko Milosavljević,milosavljevic-veljko,60,Bournemouth,6.8,34.0,5,0,0,1,0,0.2,0,160,30,190,84.21,113,47,19,1,1,100.0,5,4,0,0,0,0,0.0,1,0,1,6,66.67,11,40.74,17,47.22,375,0.0,0,0,0,0,0,0,0,0,1,0,0,0,0,8,30.77,25,0,0,1,34,0,17,6,248,0,0,0,0,2,0,0,0,0,28.66,33.0,30.2,1,0,0,0,0,3,3,0,0,0,0,0,4,0.0,0.0,1,1,0,19,16,0,0,0,26,6,4,80.0,0.0,0,0,0,120,70,0,0.15,0,13,5,7
1469007,Rio Cardines,rio-cardines,7,Crystal Palace,6.8,6.8,1,0,2,0,0,0.16,0,25,8,33,75.76,11,14,3,2,2,50.0,1,0,0,0,0,2,66.67,1,0,1,4,40.0,0,0.0,4,40.0,90,0.0,0,0,0,0,0,0,0,0,1,0,0,0,0,1,33.33,2,0,0,1,18,0,5,1,58,1,0,0,0,3,0,0,0,0,10.34,14.0,33.35,0,0,0,0,0,2,0,0,0,0,0,0,1,0.0,0.0,2,4,3,6,0,0,0,0,3,2,1,100.0,0.0,0,0,0,11,22,0,0.02,0,4,0,1
836675,Pascal Struijk,pascal-struijk,34,Leeds United,6.79,231.0,34,0,2,4,1,0.78,1,1627,212,1839,88.47,1111,516,171,12,4,66.67,39,31,5,0,0,0,0.0,31,5,18,64,55.17,110,55.84,174,55.59,2937,0.0,0,0,0,0,0,0,0,0,30,1,0,0,0,71,46.41,207,0,0,8,249,1,97,39,2295,22,27,0,0,17,5,8,0,0,316.98,443.0,34.27,6,0,0,0,0,41,7,0,0,0,0,0,33,0.0,0.0,12,6,2,139,87,0,0,0,153,48,23,58.97,0.0,0,0,0,1187,652,0,3.02,70,118,19,34
560128,Joelinton,joelinton,39,Newcastle United,6.79,183.4,27,2,3,1,1,1.35,3,694,145,839,82.72,298,396,209,17,16,53.33,43,30,10,0,0,2,20.0,32,11,12,86,46.24,63,57.27,149,50.34,1953,6.25,0,0,0,0,0,0,2,0,23,9,1,1,0,22,64.71,40,0,2,26,225,11,22,15,1198,27,47,1,0,20,1,9,0,0,232.51,388.0,33.44,3,0,0,0,0,23,4,0,0,0,0,0,23,0.0,0.0,17,30,10,147,47,0,0,0,34,27,24,55.81,976.5,0,0,0,346,493,1,2.39,0,120,3,27
1065216,Oscar Bobb,oscar-bobb,43,Fulham,6.79,156.2,23,0,1,1,1,2.11,1,344,57,401,85.79,81,263,164,22,27,60.0,21,9,1,0,0,4,28.57,12,3,5,65,53.72,6,46.15,71,52.99,1050,0.0,0,0,0,0,0,0,0,0,12,0,0,0,0,2,25.0,3,0,1,23,136,8,12,6,629,17,9,0,0,7,0,4,0,0,118.47,233.0,35.45,1,0,0,0,0,11,2,0,0,0,0,0,11,0.0,0.0,22,45,14,63,7,0,0,0,8,13,12,57.14,0.0,0,0,0,95,306,0,1.48,0,42,0,23
193554,Will Hughes,will-hughes,7,Crystal Palace,6.79,203.7,30,0,1,1,0,1.89,0,551,127,678,81.27,217,334,169,21,11,61.11,27,15,7,0,0,12,26.67,17,0,10,62,52.1,17,41.46,79,49.38,1577,0.0,0,0,0,1,0,0,0,0,10,7,0,0,0,24,43.64,28,0,1,14,194,0,53,23,946,25,23,0,0,15,0,7,0,0,165.53,212.0,34.08,2,0,0,0,0,17,1,0,0,0,0,0,19,0.0,0.0,21,18,45,81,24,0,0,0,55,18,15,55.56,0.0,0,0,0,252,426,0,1.09,1,66,8,31
999028,Adrien Truffert,truffert-adrien,60,Bournemouth,6.79,258.0,38,1,4,1,5,2.98,6,1302,258,1560,83.46,601,701,368,32,33,45.21,103,48,5,0,0,34,23.78,16,6,5,168,55.81,44,44.9,212,53.13,3380,6.25,0,0,0,0,0,0,1,0,7,9,0,1,0,38,31.67,143,1,2,24,506,8,75,32,2597,32,39,0,0,30,0,5,0,0,379.48,981.0,35.36,11,0,0,0,0,43,8,0,0,0,0,0,38,0.0,0.0,32,73,143,187,54,0,0,0,120,51,52,50.49,3380.0,0,0,0,685,875,1,1.36,0,188,10,38
1002711,Pape Matar Sarr,pape-matar-sarr,33,Tottenham Hotspur,6.79,169.7,25,2,3,1,4,1.1,6,538,95,633,84.99,243,295,154,11,13,59.09,33,18,3,0,0,2,25.0,17,6,4,59,47.97,27,41.54,86,45.74,1399,11.76,0,0,0,0,0,0,2,0,9,8,2,0,0,20,57.14,47,0,2,18,151,5,24,13,908,13,29,0,0,11,3,7,0,0,174.56,274.0,35.77,3,0,0,0,0,21,2,0,0,0,0,0,13,0.0,0.0,11,22,8,102,38,0,0,0,35,23,21,63.64,699.5,0,0,0,274,359,1,1.72,0,77,10,26
1135873,Alejandro Garnacho,alejandro-garnacho,38,Chelsea,6.79,162.9,24,1,6,7,4,3.68,5,413,60,473,87.32,118,295,204,29,14,35.9,15,4,2,0,0,8,13.56,33,7,16,52,48.6,3,18.75,55,44.72,1283,3.03,0,0,0,0,0,0,1,0,24,9,0,1,0,13,100.0,6,0,0,12,193,9,5,3,745,23,9,2,0,9,2,10,0,0,137.65,331.0,34.84,1,0,0,0,0,19,1,0,0,0,0,0,14,0.0,0.0,29,39,59,68,13,0,0,0,13,20,12,80.0,1283.0,0,0,0,128,345,1,3.45,0,45,0,24
1036269,Yasin Ayari,yasin-ayari,30,Brighton & Hove Albion,6.78,196.7,29,3,2,0,3,1.14,6,829,134,963,86.09,471,358,144,16,18,37.5,47,26,1,0,0,5,20.83,41,10,20,93,49.21,9,34.62,102,47.44,1941,7.32,0,0,0,0,2,0,2,1,15,26,0,0,3,40,58.82,24,0,4,19,240,14,49,26,1322,28,24,1,0,24,0,11,1,0,241.64,375.0,35.2,6,0,0,0,0,17,7,0,0,0,0,0,20,0.0,0.0,15,48,24,113,17,0,0,0,68,24,24,51.06,647.0,0,0,0,519,444,1,2.71,0,124,4,29
78152,Matz Sels,matz-sels,14,Nottingham Forest,6.78,210.2,31,0,0,0,0,0.09,0,448,336,784,57.14,333,115,39,1,0,0.0,1,0,2,0,0,0,0.0,0,0,0,6,75.0,5,83.33,11,78.57,2667,0.0,0,0,0,0,0,0,0,0,0,0,0,0,0,150,31.12,26,2,1,0,342,0,77,33,1038,5,0,0,0,2,0,0,0,95,30.97,2.0,27.33,7,5,1,63,32,32,7,12,16,16,14,0,30,0.0,0.0,1,0,0,3,1,0,0,0,482,39,1,100.0,0.0,0,1,27,386,398,1,,197,198,0,31
845273,Jean-Ricner Bellegarde,jean-ricner-bellegarde,3,Wolverhampton,6.78,176.2,26,1,2,0,1,1.12,2,340,88,428,79.44,116,224,117,14,18,60.0,28,10,5,0,0,5,20.0,21,7,8,86,60.99,9,30.0,95,55.56,1251,4.76,0,0,0,0,2,0,1,0,5,16,0,0,1,26,56.52,20,3,0,20,175,5,36,21,711,41,20,0,0,3,0,6,1,0,155.74,237.0,33.58,0,0,0,0,0,24,6,0,0,0,0,0,15,0.0,0.0,13,30,25,76,21,0,0,0,46,30,15,53.57,1251.0,0,0,0,140,288,0,0.99,0,44,3,26
980634,Tino Livramento,tino-livramento,39,Newcastle United,6.78,115.2,17,0,1,0,1,0.95,1,580,73,653,88.82,249,331,206,11,14,43.75,22,6,1,0,0,9,25.0,3,0,1,52,55.91,9,50.0,61,54.95,1328,0.0,0,0,0,0,0,0,0,0,1,2,0,0,0,20,58.82,39,0,0,9,188,5,15,10,1007,16,7,0,0,8,2,2,1,0,157.16,395.0,34.92,5,0,0,0,0,13,1,0,0,0,0,0,14,0.0,0.0,10,32,36,50,9,0,0,0,34,14,15,68.18,0.0,0,0,0,272,381,0,0.14,0,81,2,17
1171539,Noah Sadiki,noah-sadiki,41,Sunderland,6.78,223.6,33,0,0,1,1,1.44,1,944,162,1106,85.35,445,499,227,19,27,61.36,46,34,9,0,0,4,19.05,18,5,4,112,56.0,11,36.67,123,53.48,2894,0.0,0,0,0,0,0,0,0,0,12,6,0,0,0,38,46.34,44,0,2,25,274,16,52,23,1550,40,32,0,0,17,2,9,0,0,345.49,496.0,35.23,8,0,0,0,0,34,8,0,0,0,0,0,33,0.0,0.0,19,44,21,107,19,0,0,0,82,42,24,52.17,0.0,0,0,0,490,616,0,1.46,0,114,11,33
1020680,Jaidon Anthony,jaidon-anthony,6,Burnley,6.78,250.7,37,8,6,3,2,2.87,10,717,180,897,79.93,294,423,237,37,36,35.64,42,15,4,0,0,14,17.5,55,23,19,122,42.81,12,32.43,134,41.61,2743,14.55,0,0,1,1,0,0,8,0,39,16,0,5,3,29,47.54,27,0,3,41,461,24,41,16,1541,47,28,2,0,29,9,13,0,0,332.25,673.0,35.21,2,0,0,0,0,55,4,0,0,0,0,0,32,0.0,0.0,37,101,80,188,25,0,0,0,61,59,22,52.38,342.88,0,0,0,351,546,1,5.13,0,141,7,37
1112879,Kevin,kevin,43,Fulham,6.77,176.1,26,1,1,1,1,1.48,2,259,80,339,76.4,69,190,125,14,44,50.0,21,9,1,0,0,12,27.27,25,10,9,82,45.3,8,36.36,90,44.33,1037,4.0,0,0,1,0,1,0,0,1,11,14,0,0,1,20,74.07,8,0,0,23,218,7,18,12,669,17,14,1,0,18,3,6,0,0,122.24,263.0,36.2,0,0,0,0,0,14,1,0,0,0,0,0,9,0.0,0.0,14,88,44,113,14,0,0,0,27,15,11,52.38,1037.0,0,0,0,85,254,0,1.2,0,48,0,26
856640,Mads Hermansen,mads-hermansen,37,West Ham United,6.77,121.9,18,0,0,0,1,0.03,1,345,248,593,58.18,282,63,29,2,0,0.0,0,0,0,0,0,0,0.0,0,0,0,1,100.0,10,100.0,11,100.0,1620,0.0,0,0,0,0,0,0,0,0,0,0,0,0,0,82,25.15,20,3,1,0,253,0,48,23,804,2,0,0,0,0,0,0,0,55,32.2,1.0,26.38,7,1,0,33,20,26,2,12,13,13,20,0,18,0.0,0.0,2,0,0,0,0,0,0,0,326,28,0,0.0,0.0,0,2,7,313,280,1,,87,167,0,18
1015267,João Gomes,joao-gomes,3,Wolverhampton,6.77,237.0,35,1,2,0,1,2.08,2,1245,210,1455,85.57,603,642,288,16,43,64.18,107,36,10,0,0,11,34.38,19,7,6,199,50.51,27,50.0,226,50.45,2843,5.26,0,0,0,0,3,0,1,0,9,10,0,0,1,39,54.17,45,1,2,55,364,12,78,40,2050,49,69,0,0,49,1,6,0,0,337.09,513.0,33.79,2,0,0,0,0,50,6,0,0,0,0,0,32,0.0,0.0,16,67,32,222,27,0,0,0,72,56,68,63.55,2843.0,0,0,0,668,787,1,1.28,0,194,6,35
1917626,Max Dowman,max-dowman,42,Arsenal,6.77,40.6,6,1,0,0,0,0.32,1,46,6,52,88.46,7,39,26,4,6,35.29,2,1,0,0,0,1,16.67,6,1,4,15,39.47,0,0.0,15,37.5,162,16.67,0,0,1,0,0,0,1,0,5,1,0,1,0,1,100.0,0,0,0,7,36,1,1,0,115,7,2,0,0,3,0,1,0,0,18.66,34.0,34.36,0,0,0,0,0,1,0,0,0,0,0,0,1,0.0,0.0,4,17,6,25,2,0,0,0,1,1,2,100.0,162.0,0,0,0,7,45,0,1.18,0,13,0,6
855647,Harvey Barnes,harvey-barnes,39,Newcastle United,6.76,243.5,36,7,4,9,1,2.75,8,472,113,585,80.68,113,359,244,24,13,28.89,13,3,1,0,0,15,20.0,58,21,18,49,36.84,7,30.43,56,35.9,1961,12.07,0,0,0,0,0,0,6,1,39,19,0,3,4,8,50.0,16,0,1,24,281,11,24,11,945,23,17,1,0,14,3,19,1,0,233.12,521.0,35.24,3,0,0,0,0,25,6,0,0,0,0,0,19,0.0,0.0,23,45,75,100,16,0,0,0,16,31,5,38.46,280.14,0,0,0,129,456,2,7.07,0,67,1,37
989034,Trai Hume,hume-trai,41,Sunderland,6.76,257.0,38,2,1,4,1,2.01,3,790,258,1048,75.38,356,434,222,29,5,26.32,67,25,9,0,0,13,15.12,34,7,15,110,56.41,65,48.87,175,53.35,3037,5.88,0,0,0,1,0,0,2,0,18,16,0,0,2,42,42.0,99,0,3,9,443,12,67,33,1723,39,31,3,1,31,1,12,0,0,332.9,575.0,35.74,8,0,0,0,0,35,7,0,0,0,0,0,34,0.0,0.0,29,19,86,153,68,0,0,0,100,42,47,70.15,1518.5,0,0,0,424,624,1,2.15,0,102,12,38
1006387,Kevin Schade,kevin-schade,50,Brentford,6.76,236.7,35,8,7,15,3,2.08,11,357,170,527,67.74,109,248,145,29,20,26.67,41,18,6,1,1,5,22.73,57,24,21,103,39.92,87,50.29,190,44.08,2757,14.04,1,0,2,0,0,0,8,0,56,1,3,1,4,7,38.89,31,0,0,45,388,10,23,9,1088,43,50,4,0,9,10,12,1,0,308.36,804.0,36.5,5,0,0,0,0,31,3,0,0,0,0,0,32,0.0,0.0,28,75,22,241,86,0,0,1,18,34,24,58.54,344.63,0,0,0,142,385,1,12.18,0,94,3,35
846308,Santiago Bueno,santiago-bueno,3,Wolverhampton,6.76,196.1,29,3,1,1,1,1.45,4,938,147,1085,86.45,650,288,76,10,0,0.0,50,27,4,0,0,2,33.33,10,7,1,61,56.48,48,51.06,109,53.96,2553,30.0,0,0,1,0,0,0,3,0,10,0,1,0,2,56,45.53,116,0,1,5,175,0,61,24,1435,11,30,0,0,11,2,2,0,0,273.66,316.0,34.83,4,0,0,0,0,42,5,0,0,0,0,0,28,0.0,0.0,10,2,6,93,46,0,0,0,123,47,28,56.0,851.0,0,0,0,700,385,1,2.28,2,68,21,29
96538,Lucas Digne,lucas-digne,40,Aston Villa,6.76,209.6,31,0,4,0,6,3.26,6,591,140,731,80.85,268,323,179,26,4,36.36,36,15,3,0,0,33,31.13,14,5,3,52,54.17,35,57.38,87,55.41,1866,0.0,0,0,0,0,5,0,0,0,5,9,0,0,0,12,21.43,61,2,2,11,292,1,55,26,1226,12,14,1,0,12,3,6,0,0,201.43,421.0,34.45,5,0,0,0,0,19,4,0,0,0,0,0,21,0.0,0.0,26,11,106,70,26,0,0,0,56,23,28,77.78,0.0,0,0,0,324,407,0,0.72,0,63,4,31
962053,Filip Jørgensen,filip-jorgensen,38,Chelsea,6.76,33.8,5,0,0,0,0,0.0,0,130,41,171,76.02,122,8,5,0,1,100.0,0,1,0,0,0,0,0.0,0,0,0,1,50.0,2,100.0,3,75.0,378,0.0,0,0,0,0,0,0,0,0,0,0,0,0,0,18,31.58,2,0,0,1,42,0,21,14,212,0,0,0,0,0,0,0,0,8,15.84,0.0,26.29,0,0,0,6,2,4,1,1,5,5,4,0,3,0.0,0.0,0,1,0,1,0,0,0,0,57,5,0,0.0,0.0,0,0,3,128,43,0,,15,34,0,5
1597265,Estêvão,estevao,38,Chelsea,6.76,141.9,21,2,4,2,2,2.2,4,218,52,270,80.74,58,160,107,16,29,41.43,11,4,4,0,0,5,31.25,28,8,9,49,37.12,3,17.65,52,34.9,852,7.14,0,0,1,0,0,0,2,0,23,5,0,1,1,5,55.56,5,0,0,20,153,5,14,8,492,9,12,2,0,11,6,11,0,0,95.53,184.0,34.91,0,0,0,0,0,9,2,0,0,0,0,0,12,0.0,0.0,16,70,16,97,14,0,0,0,9,11,5,45.45,426.0,0,0,0,69,201,0,2.92,0,36,0,22
991478,Amine Adli,amine-adli,60,Bournemouth,6.76,202.7,30,3,1,4,1,1.62,4,319,94,413,77.24,119,200,129,16,8,36.36,36,7,2,0,0,2,5.0,20,9,5,66,53.66,30,52.63,96,53.33,1106,15.0,0,0,1,0,1,0,3,0,13,7,1,2,0,2,20.0,17,0,0,9,179,5,13,8,675,22,29,1,0,7,5,6,0,0,133.17,317.0,34.83,0,0,0,0,0,16,1,0,0,0,0,0,10,0.0,0.0,16,22,40,84,27,0,0,0,10,17,16,44.44,368.67,0,0,0,138,275,1,2.6,0,61,2,31
958916,Nathan Collins,nathan-collins,50,Brentford,6.75,236.4,35,1,5,4,2,1.62,3,1457,296,1753,83.11,1049,408,126,11,7,70.0,31,37,7,0,0,1,100.0,20,6,10,55,57.29,89,54.94,144,55.81,2972,5.0,0,0,1,1,0,0,1,0,19,1,1,0,0,88,35.63,209,1,3,10,333,1,101,41,2245,17,20,1,1,9,2,4,0,0,315.26,342.0,33.91,9,0,0,0,0,40,4,0,0,0,0,0,32,0.0,0.0,11,10,1,114,73,0,0,0,247,44,14,45.16,2972.0,0,0,0,1130,623,1,2.28,65,139,41,35
1046795,Savinho,savio,17,Manchester City,6.75,155.3,23,1,0,6,1,1.62,2,309,64,373,82.84,62,247,157,9,17,32.08,9,5,2,0,0,7,17.5,20,11,6,41,42.27,0,0.0,41,40.59,846,5.0,0,0,1,0,0,0,1,0,20,0,0,1,0,5,31.25,6,0,0,9,171,4,15,3,598,15,9,0,0,2,4,3,0,0,91.23,222.0,36.83,2,0,0,0,0,6,1,0,0,0,0,0,7,0.0,0.0,9,53,40,60,4,0,0,0,16,7,5,55.56,846.0,0,0,0,69,304,0,2.33,0,39,0,24
1085950,Tim Iroegbunam,tim-iroegbunam,48,Everton,6.75,182.3,27,0,3,0,2,0.71,2,399,91,490,81.43,159,240,108,8,15,37.5,68,22,9,0,0,0,0.0,12,1,7,103,53.93,22,57.89,125,54.59,1505,0.0,0,0,1,0,0,0,0,0,6,6,0,0,0,9,52.94,9,1,2,28,173,4,21,11,794,20,29,0,0,7,0,4,0,0,172.13,241.0,35.65,3,0,0,0,0,17,1,0,0,0,0,0,17,0.0,0.0,8,40,3,104,16,0,0,0,17,18,45,66.18,0.0,0,0,0,182,308,0,0.6,0,78,12,29
986397,Benjamin Šeško,benjamin-sesko,35,Manchester United,6.75,202.5,30,11,0,12,1,0.28,12,211,95,306,68.95,79,132,64,9,10,33.33,5,3,2,0,0,0,0.0,61,34,17,21,23.86,64,52.89,85,40.67,1635,18.03,0,0,0,0,0,0,11,0,55,6,1,1,8,4,66.67,15,0,0,30,190,6,11,6,556,6,17,3,0,3,7,10,0,0,187.26,416.0,36.34,1,0,0,0,0,24,5,0,0,0,0,0,17,0.0,0.0,9,30,2,124,57,0,0,0,6,29,3,60.0,148.64,0,0,0,97,209,1,9.2,0,38,2,30
827243,Axel Disasi,axel-disasi,37,West Ham United,6.75,94.5,14,0,0,1,0,0.05,0,490,76,566,86.57,365,125,37,1,2,100.0,14,13,1,0,0,0,0.0,5,3,1,20,68.97,18,58.06,38,63.33,1255,0.0,0,0,0,0,0,0,0,0,4,1,0,0,0,30,42.25,49,0,0,3,89,1,45,18,711,4,5,0,1,1,1,1,0,0,116.33,136.0,33.98,6,0,0,0,0,15,2,0,0,0,0,0,14,0.0,0.0,1,2,0,22,13,0,0,0,71,17,10,71.43,0.0,0,0,0,381,185,0,1.02,44,32,12,14
799041,Tomáš Souček,tomas-soucek,37,West Ham United,6.75,236.2,35,5,1,4,0,0.53,5,698,200,898,77.73,362,336,159,11,4,36.36,43,16,3,1,1,0,0.0,26,14,7,68,48.23,68,55.74,136,51.71,2215,19.23,0,0,0,0,0,0,5,0,23,3,1,1,2,34,45.33,83,0,0,8,262,3,54,21,1230,22,37,1,0,24,5,5,0,0,267.99,308.0,33.54,6,0,0,0,0,39,2,0,0,0,0,0,24,0.0,0.0,11,11,14,127,54,0,0,0,75,41,24,55.81,443.0,0,0,0,413,485,1,5.68,0,66,15,35
848276,Jean-Philippe Mateta,jean-philippe-mateta,7,Crystal Palace,6.75,215.9,32,12,2,20,0,1.31,12,196,119,315,62.22,68,128,67,9,14,45.16,10,6,2,0,0,5,45.45,63,32,24,43,33.86,67,40.61,110,37.67,2222,19.05,4,4,1,0,0,0,12,0,53,10,5,3,4,11,61.11,46,0,1,41,254,13,13,7,684,19,21,1,0,9,18,7,0,0,247.33,412.0,35.6,5,0,0,0,0,27,2,0,0,0,0,0,25,100.0,0.0,9,31,11,182,98,0,0,0,18,29,5,50.0,185.17,0,0,0,81,234,2,14.51,0,57,6,32
1031258,Yehor Yarmoliuk,yehor-yarmoliuk,50,Brentford,6.75,249.6,37,1,1,0,2,1.39,3,1136,211,1347,84.34,612,524,223,15,15,35.71,70,28,7,0,0,8,26.67,16,4,8,97,43.3,32,55.17,129,45.74,2675,6.25,0,0,0,0,0,0,1,0,7,9,0,0,1,67,47.52,41,0,1,23,328,14,103,46,1782,12,37,1,0,40,1,4,1,0,330.55,616.0,34.58,6,0,0,0,0,40,2,0,0,0,0,0,30,0.0,0.0,14,42,30,153,26,0,0,0,141,42,45,64.29,2675.0,0,0,0,661,686,0,1.2,0,187,14,37
218160,Bertrand Traoré,bertrand-traore,41,Sunderland,6.75,74.2,11,1,2,0,0,0.24,1,143,37,180,79.44,47,96,61,8,14,63.64,11,2,1,0,0,1,7.69,13,6,3,36,52.94,6,33.33,42,48.84,638,7.69,0,0,0,0,0,0,1,0,9,4,0,1,0,3,37.5,6,0,0,9,91,3,8,5,318,11,11,0,0,7,1,4,0,0,72.66,155.0,34.21,0,0,0,0,0,7,2,0,0,0,0,0,9,0.0,0.0,8,22,13,44,12,0,0,0,8,9,4,36.36,638.0,0,0,0,56,124,0,0.52,0,18,3,12
826167,Sebastiaan Bornauw,sebastiaan-bornauw,34,Leeds United,6.74,47.2,7,0,0,0,0,0.02,0,121,25,146,82.88,87,34,9,0,1,50.0,8,5,1,0,0,1,100.0,1,0,1,9,42.86,11,40.74,20,41.67,439,0.0,0,0,0,0,0,0,0,0,1,0,0,0,0,11,55.0,30,0,0,1,32,0,9,6,224,0,7,0,0,3,1,0,0,0,46.11,78.0,34.59,0,0,0,0,0,4,1,0,0,0,0,0,5,0.0,0.0,0,2,1,28,16,0,0,0,20,5,4,50.0,0.0,0,0,0,97,49,0,0.2,3,13,6,12
1065588,Diego Gómez,diego-gomez,30,Brighton & Hove Albion,6.74,215.7,32,5,4,7,1,1.71,6,587,166,753,77.95,252,335,166,21,19,46.34,78,18,9,0,0,6,28.57,42,14,17,107,45.92,55,59.78,162,49.85,2136,11.9,0,0,0,1,2,0,5,0,28,14,0,1,4,17,41.46,28,0,2,29,302,20,38,17,1207,11,48,1,0,29,1,11,0,0,242.66,602.0,35.5,0,0,0,0,0,27,2,0,0,0,0,0,26,0.0,0.0,21,41,21,163,37,0,0,0,41,29,50,64.1,427.2,0,0,0,289,464,1,6.29,0,112,3,32
1090963,Omari Hutchinson,omari-hutchinson,14,Nottingham Forest,6.74,202.2,30,1,8,2,5,3.91,6,447,91,538,83.09,142,305,190,33,41,51.9,22,12,1,0,0,28,20.74,25,11,6,86,44.33,5,17.24,91,40.81,1694,4.0,0,0,1,0,0,0,1,0,17,8,0,1,0,12,44.44,8,1,1,29,316,14,36,22,1008,24,23,0,0,19,8,8,0,0,198.19,456.0,35.74,3,0,0,0,0,22,2,0,0,0,0,0,17,0.0,0.0,33,79,135,132,24,0,0,0,27,24,12,54.55,1694.0,0,0,0,165,373,0,1.94,0,87,0,31
1009386,Hannibal Mejbri,hannibal-mejbri,6,Burnley,6.74,168.5,25,1,5,0,4,2.06,5,394,116,510,77.25,119,275,172,21,20,58.82,29,8,10,0,0,11,35.48,19,5,6,96,55.17,6,18.75,102,49.51,1253,5.26,0,0,0,1,1,0,1,0,6,13,0,0,1,18,40.0,7,0,2,33,222,12,39,14,815,47,24,0,0,12,3,8,0,0,153.99,272.0,35.19,1,0,0,0,0,27,0,0,0,0,0,0,15,0.0,0.0,21,34,31,104,26,0,0,0,45,27,17,58.62,1253.0,0,0,0,146,364,1,0.89,1,65,3,27
1401702,Ethan Nwaneri,ethan-nwaneri,42,Arsenal,6.74,33.7,5,0,0,0,0,0.08,0,79,8,87,90.8,37,42,26,1,3,37.5,1,0,0,0,0,0,0.0,6,0,4,4,26.67,1,25.0,5,26.32,175,0.0,0,0,0,0,0,0,0,0,4,2,0,0,0,5,55.56,1,0,0,2,20,2,5,3,121,0,2,0,0,3,0,2,0,0,20.96,27.0,31.86,0,0,0,0,0,0,0,0,0,0,0,0,0,0.0,0.0,1,8,2,14,3,0,0,0,9,0,0,0.0,0.0,0,0,0,39,48,0,0.23,0,10,0,6
287643,Oleksandr Zinchenko,oleksandr-zinchenko,14,Nottingham Forest,6.74,33.7,5,0,1,0,0,0.36,0,231,24,255,90.59,82,149,80,5,1,50.0,10,2,0,0,0,1,5.56,4,2,0,12,50.0,4,40.0,16,47.06,353,0.0,0,0,0,0,1,0,0,0,0,4,0,0,0,8,53.33,11,0,0,1,48,0,17,10,359,2,1,0,0,9,1,2,0,0,40.86,57.0,32.58,0,0,0,0,0,5,1,0,0,0,0,0,4,0.0,0.0,5,2,18,18,6,0,0,0,15,6,6,60.0,0.0,0,0,0,88,167,0,0.08,0,17,1,5
873554,Omar Marmoush,omar-marmoush,17,Manchester City,6.74,128.0,19,3,3,2,3,0.79,6,141,21,162,87.04,35,106,64,12,10,45.45,13,2,3,0,0,0,0.0,30,9,12,43,51.81,3,33.33,46,50.0,734,10.0,0,0,0,0,3,0,3,0,21,9,0,0,3,1,100.0,2,0,0,15,75,5,2,1,322,21,10,1,0,4,6,9,0,0,75.07,187.0,34.81,0,0,0,0,0,4,1,0,0,0,0,0,8,0.0,0.0,12,22,11,46,6,0,0,0,1,5,7,53.85,244.67,0,0,0,37,125,1,2.71,0,20,2,21
1069488,Roméo Lavia,romeo-lavia,38,Chelsea,6.74,74.1,11,0,1,0,0,0.54,0,263,21,284,92.61,121,142,63,1,3,60.0,8,5,0,0,0,0,0.0,3,0,2,19,55.88,3,75.0,22,57.89,377,0.0,0,0,0,0,0,0,0,0,1,2,0,0,0,12,85.71,4,0,1,6,39,0,10,7,347,8,8,0,0,0,0,1,0,0,47.07,44.0,33.93,0,0,0,0,0,10,0,0,0,0,0,0,4,0.0,0.0,1,5,1,16,1,0,0,0,14,10,7,87.5,0.0,0,0,0,129,155,0,0.2,0,20,0,12
871886,Ao Tanaka,ao-tanaka,34,Leeds United,6.73,175.1,26,2,1,1,0,1.47,2,590,100,690,85.51,318,272,130,18,4,36.36,27,21,1,0,0,14,35.9,17,5,10,40,46.51,12,48.0,52,46.85,1326,11.76,0,0,0,0,0,0,1,1,5,12,0,1,1,21,48.84,15,0,1,8,163,10,39,17,907,9,13,0,0,20,0,2,0,0,158.81,240.0,34.72,1,0,0,0,0,21,1,0,0,0,0,0,14,0.0,0.0,18,11,39,59,13,0,0,0,43,22,14,51.85,663.0,0,0,0,350,340,0,1.61,0,81,2,28
877013,Valentín Castellanos,valentin-castellanos,37,West Ham United,6.73,121.2,18,6,1,9,0,0.81,6,161,89,250,64.4,48,113,73,12,2,16.67,11,6,6,0,0,2,22.22,50,22,20,29,32.58,27,42.86,56,36.84,1395,12.0,0,0,0,0,1,0,5,1,44,6,3,0,3,2,22.22,21,0,0,11,148,8,12,3,453,16,32,3,0,8,9,8,0,0,157.23,335.0,34.06,1,0,0,0,0,15,1,0,0,0,0,0,17,0.0,0.0,12,12,9,96,36,0,0,0,9,16,8,72.73,232.5,0,0,0,66,184,1,5.8,0,31,2,18
355796,Jefferson Lerma,jefferson-lerma,7,Crystal Palace,6.73,202.0,30,0,3,3,2,1.48,2,692,179,871,79.45,374,318,137,14,3,42.86,29,25,7,0,0,5,41.67,19,7,7,57,51.35,65,57.52,122,54.46,1730,0.0,0,0,1,0,0,0,0,0,11,8,0,0,0,44,44.9,61,1,2,9,251,5,65,34,1193,25,25,1,2,16,0,5,1,0,205.5,319.0,35.84,6,0,0,0,0,23,2,0,0,0,0,0,18,0.0,0.0,13,7,12,102,48,0,0,0,98,25,16,55.17,0.0,0,0,0,423,448,0,1.82,0,102,4,31
329417,Timothy Castagne,timothy-castagne,43,Fulham,6.73,188.5,28,0,3,1,0,1.46,0,687,109,796,86.31,393,294,158,18,3,50.0,40,31,4,0,0,15,31.25,14,6,3,54,65.85,27,45.76,81,57.45,1872,0.0,0,0,1,0,0,0,0,0,14,0,0,0,0,33,55.93,65,0,1,2,177,2,55,37,1216,11,18,0,0,5,1,5,0,0,237.42,595.0,36.31,3,0,0,0,0,27,4,0,0,0,0,0,20,0.0,0.0,18,6,48,60,32,0,0,0,59,31,24,60.0,0.0,0,0,0,442,354,1,1.42,0,56,10,30
1170560,Soungoutou Magassa,soungoutou-magassa,37,West Ham United,6.73,148.1,22,1,1,0,0,0.31,1,327,78,405,80.74,159,168,55,5,5,62.5,40,16,4,0,0,1,11.11,7,2,3,62,60.78,11,40.74,73,56.59,998,14.29,0,0,0,1,0,0,1,0,2,5,0,0,1,19,52.78,14,0,0,6,109,4,38,23,594,17,17,0,0,15,0,2,0,0,127.76,196.0,34.76,0,0,0,0,0,21,2,0,0,0,0,0,11,0.0,0.0,5,8,9,56,16,0,0,0,36,23,21,52.5,998.0,0,0,0,189,216,0,0.44,0,54,4,22
998247,Micky van de Ven,micky-van-de-ven,33,Tottenham Hotspur,6.73,235.5,35,4,1,1,1,0.37,5,1601,169,1770,90.45,1163,438,111,6,11,73.33,39,22,9,1,1,0,0.0,16,6,7,72,61.02,47,46.53,119,54.34,3043,25.0,0,0,0,1,0,0,4,0,14,2,2,1,1,68,44.74,131,1,2,5,203,0,60,25,2146,22,28,0,0,11,2,3,0,0,295.84,473.0,36.19,8,0,0,0,0,35,12,0,0,0,0,0,35,0.0,0.0,6,15,3,100,54,0,0,0,152,47,19,48.72,760.75,0,0,0,1232,538,2,2.53,118,122,22,35
973431,Brenden Aaronson,brenden-aaronson,34,Leeds United,6.73,248.9,37,4,9,4,5,3.63,9,542,126,668,81.14,197,345,192,34,31,36.9,50,15,3,0,0,10,27.78,47,17,12,132,41.64,24,33.33,156,40.1,2473,8.51,0,0,0,1,1,0,3,1,28,19,0,1,3,7,29.17,17,0,0,74,364,16,15,6,1277,51,20,2,0,41,5,18,0,0,299.43,639.0,35.26,1,0,0,0,0,27,5,0,0,0,0,0,30,0.0,0.0,34,84,36,233,48,0,0,0,24,32,25,50.0,618.25,0,0,0,225,443,1,4.55,0,130,4,37
959628,Mats Wieffer,mats-wieffer,30,Brighton & Hove Albion,6.73,174.9,26,2,4,2,3,1.87,5,733,148,881,83.2,356,377,186,20,9,45.0,66,25,8,0,0,3,18.75,18,6,7,96,49.48,44,48.89,140,49.3,1914,11.11,0,0,0,0,0,0,1,1,12,6,0,1,1,40,54.05,71,0,1,22,248,10,43,23,1434,22,30,1,0,35,2,5,0,0,227.92,509.0,35.44,5,0,0,0,0,21,5,0,0,0,0,0,23,0.0,0.0,20,20,16,144,46,0,0,0,74,26,42,63.64,957.0,0,0,0,406,475,2,1.93,0,103,7,26
322391,Ryan Christie,ryan-christie,60,Bournemouth,6.73,174.9,26,2,2,1,0,0.83,2,428,119,547,78.24,162,266,145,11,19,48.72,27,12,3,1,1,3,17.65,25,8,7,67,50.76,13,46.43,80,50.0,986,8.0,0,0,0,1,0,0,2,0,9,16,0,1,1,25,40.32,18,0,1,15,191,11,56,27,782,22,17,0,0,14,1,10,0,0,128.4,204.0,33.12,0,0,0,0,0,13,1,0,0,0,0,0,9,0.0,0.0,11,39,17,80,15,0,0,0,62,14,17,62.96,493.0,0,0,0,189,358,0,1.92,0,62,4,26
791190,Rodrigo Bentancur,rodrigo-bentancur,33,Tottenham Hotspur,6.73,174.9,26,1,1,1,1,0.83,2,873,145,1018,85.76,479,394,159,10,20,62.5,56,35,7,0,0,1,14.29,13,3,6,84,62.69,31,40.79,115,54.76,1892,7.69,0,0,0,1,0,0,1,0,7,6,0,0,1,19,43.18,48,0,2,8,201,7,31,13,1337,8,19,0,0,11,1,4,0,0,229.0,365.0,35.53,5,0,0,0,0,20,5,0,0,0,0,0,23,0.0,0.0,10,32,7,95,45,0,0,0,44,25,36,64.29,1892.0,0,0,0,529,489,0,0.74,0,130,7,26
836705,Kai Havertz,kai-havertz,42,Arsenal,6.73,80.7,12,2,2,6,3,0.66,5,123,43,166,74.1,30,93,63,11,3,50.0,8,1,1,0,0,0,0.0,18,4,8,19,45.24,17,40.48,36,42.86,583,11.11,0,0,0,0,0,0,2,0,15,3,1,0,1,1,33.33,8,0,0,8,85,3,6,4,270,8,8,0,0,6,3,6,0,0,72.68,120.0,34.88,0,0,0,0,0,4,0,0,0,0,0,0,7,0.0,0.0,11,6,6,48,25,0,0,0,3,4,5,62.5,291.5,0,0,0,36,130,0,3.31,0,14,1,12
891829,Matt O'Riley,matt-oriley,30,Brighton & Hove Albion,6.73,26.9,4,1,0,1,0,0.17,1,61,9,70,87.14,31,30,18,4,0,0.0,5,0,0,0,0,4,57.14,4,2,2,6,46.15,2,28.57,8,40.0,203,25.0,1,1,0,0,0,0,1,0,3,1,0,1,0,1,33.33,2,0,0,1,22,1,2,1,108,1,2,0,0,3,1,0,0,0,27.14,50.0,31.68,0,0,0,0,0,1,2,0,0,0,0,0,2,100.0,0.0,4,1,7,12,5,0,0,0,3,3,2,40.0,203.0,0,0,0,35,35,0,1.2,0,2,1,6
855864,Ethan Pinnock,ethan-pinnock,50,Brentford,6.73,26.9,4,0,0,0,0,0.06,0,110,23,133,82.71,87,23,9,0,1,100.0,5,5,1,0,0,0,0.0,1,1,0,7,63.64,13,56.52,20,58.82,321,0.0,0,0,0,0,0,0,0,0,1,0,0,0,0,9,50.0,27,0,0,1,27,0,14,6,196,2,0,0,1,3,0,0,0,0,24.22,34.0,33.32,1,0,0,0,0,5,0,0,0,0,0,0,4,0.0,0.0,0,1,0,14,10,0,0,0,18,5,4,80.0,0.0,0,0,0,93,40,0,0.01,1,11,5,4
1471764,El Hadji Malick Diouf,diouf-el-hadji-malick,37,West Ham United,6.72,215.1,32,0,5,0,5,2.49,5,772,266,1038,74.37,388,384,171,30,23,48.94,44,33,6,0,0,29,26.85,18,4,9,92,53.18,45,54.88,137,53.73,2711,0.0,0,0,0,2,0,0,0,0,8,10,0,0,0,57,30.65,116,0,2,19,492,3,88,25,1821,25,28,0,0,14,2,5,1,0,290.31,630.0,35.19,6,0,0,0,0,43,4,0,0,0,0,0,30,0.0,0.0,29,47,108,118,37,0,0,0,186,47,20,45.45,0.0,0,0,0,479,559,1,0.57,0,126,13,32
372336,Jacob Murphy,jacob-murphy,39,Newcastle United,6.72,221.7,33,3,10,3,2,2.74,5,366,133,499,73.35,95,271,173,23,20,50.0,16,6,2,0,0,24,19.2,42,13,15,49,40.83,7,36.84,56,40.29,1627,7.14,0,0,0,1,0,0,2,1,21,21,0,0,3,20,52.63,17,0,1,19,315,7,33,14,908,13,9,1,0,25,5,14,0,0,194.48,501.0,34.63,1,0,0,0,0,16,4,0,0,0,0,0,19,0.0,0.0,23,40,125,83,12,0,0,0,38,20,12,75.0,542.33,0,0,0,125,374,0,3.15,0,47,4,33
1048916,Lesley Ugochukwu,lesley-ugochukwu,6,Burnley,6.72,235.1,35,3,0,1,1,0.42,4,657,131,788,83.38,304,353,163,10,16,50.0,51,18,1,0,1,1,14.29,23,8,6,96,50.79,26,45.61,122,49.59,2359,13.04,0,0,0,1,0,0,3,0,15,8,2,1,0,25,53.19,24,1,0,31,214,7,26,12,1154,30,28,0,0,21,1,9,0,0,277.87,386.0,34.88,1,0,0,0,0,47,3,0,0,0,0,0,27,0.0,0.0,10,32,7,124,31,0,0,0,47,50,25,49.02,786.33,1,0,0,341,447,0,2.5,0,100,21,35
867441,Angel Gomes,angel-gomes,3,Wolverhampton,6.72,80.6,12,0,0,0,0,0.28,0,161,27,188,85.64,80,81,47,6,4,66.67,10,0,1,0,0,2,18.18,6,2,4,23,57.5,2,50.0,25,56.82,488,0.0,0,0,0,0,2,0,0,0,0,6,0,0,0,10,66.67,4,0,0,4,56,0,28,19,266,9,7,1,0,4,0,0,0,0,55.94,62.0,32.07,0,0,0,0,0,7,1,0,0,0,0,0,7,0.0,0.0,6,6,11,19,2,0,0,0,15,8,6,60.0,0.0,0,0,0,92,96,0,0.26,0,17,2,12
970361,Jeremie Frimpong,jeremie-frimpong,44,Liverpool FC,6.71,141.0,21,0,5,0,1,1.58,1,373,68,441,84.58,118,255,157,15,18,54.55,11,6,1,0,0,11,21.57,10,2,4,50,49.5,7,41.18,57,48.31,1068,0.0,0,0,0,0,0,0,0,0,8,2,0,0,0,7,28.0,13,0,0,17,173,9,6,3,732,21,8,0,0,12,4,4,0,0,122.03,429.0,36.37,1,0,0,0,0,10,3,0,0,0,0,0,12,0.0,0.0,15,33,51,61,10,0,0,0,25,13,10,90.91,0.0,0,0,0,144,297,0,0.51,0,52,0,21
1048888,Mathys Tel,mathys-tel,33,Tottenham Hotspur,6.71,201.4,30,4,5,4,1,2.43,5,278,81,359,77.44,100,178,112,30,39,49.37,19,6,1,0,0,29,31.18,35,8,16,81,43.32,16,31.37,97,40.76,1358,11.43,0,0,0,1,0,0,3,1,24,11,0,0,4,13,52.0,12,1,0,38,286,10,19,10,787,23,19,2,0,10,3,11,0,0,145.39,256.0,36.43,0,0,0,0,0,19,4,0,0,0,0,0,13,0.0,0.0,30,79,93,141,35,0,0,0,25,23,11,57.89,339.5,0,0,0,116,243,0,2.44,0,72,2,31
262911,Andy Robertson,andy-robertson,44,Liverpool FC,6.71,154.4,23,1,3,0,0,1.39,1,592,119,711,83.26,232,360,210,20,3,50.0,12,8,0,0,0,13,23.64,10,3,1,16,57.14,14,48.28,30,52.63,1188,10.0,0,0,0,0,0,0,1,0,7,3,0,1,0,27,38.03,32,1,0,1,191,3,50,19,962,1,4,0,0,4,5,6,0,0,143.55,331.0,36.02,3,0,0,0,0,11,5,0,0,0,0,0,11,0.0,0.0,20,6,55,27,15,0,0,0,71,16,9,75.0,1188.0,0,0,0,271,440,1,1.1,0,40,3,24
895324,Alexis Mac Allister,alexis-mac-allister,44,Liverpool FC,6.71,248.3,37,2,4,2,4,1.68,6,1245,193,1438,86.58,457,788,366,36,11,40.74,53,21,7,0,0,9,45.0,52,12,20,96,45.07,17,45.95,113,45.2,2675,3.85,0,0,0,0,0,0,2,0,33,19,0,0,2,48,50.53,35,0,1,29,290,12,81,33,1862,32,35,2,0,40,0,20,1,0,333.02,564.0,35.02,6,0,0,0,0,31,10,0,0,0,0,0,31,0.0,0.0,35,27,20,137,20,0,0,0,95,41,26,49.06,1337.5,0,0,0,508,930,0,3.89,0,112,9,37
930997,Giorgi Mamardashvili,giorgi-mamardashvili,44,Liverpool FC,6.71,67.1,10,0,0,0,0,0.01,0,202,85,287,70.38,186,16,7,0,0,0.0,1,1,0,0,0,0,0.0,0,0,0,3,60.0,2,66.67,5,62.5,868,0.0,0,0,0,1,0,0,0,0,0,0,0,0,0,36,30.25,9,0,1,0,93,0,43,20,397,2,1,0,0,1,0,0,0,34,11.63,0.0,23.98,2,2,1,22,12,13,5,3,10,10,3,0,10,0.0,0.0,0,0,0,3,1,0,0,0,119,18,1,100.0,0.0,0,2,13,207,80,0,,38,76,0,10
846252,Ryan Yates,ryan-yates,14,Nottingham Forest,6.71,140.9,21,0,0,2,2,0.39,2,203,57,260,78.08,106,97,56,5,1,50.0,16,9,3,0,0,2,50.0,9,2,3,30,55.56,20,66.67,50,59.52,629,0.0,0,0,0,0,0,0,0,0,4,5,0,0,0,4,30.77,23,0,0,6,75,3,11,5,377,13,13,0,0,5,0,4,0,0,81.02,97.0,34.37,0,0,0,0,0,5,2,0,0,0,0,0,2,0.0,0.0,5,2,4,34,10,0,0,0,13,7,10,62.5,0.0,0,0,0,122,138,0,0.5,0,18,3,22
911679,Ilia Gruev,ilia-gruev,34,Leeds United,6.71,147.6,22,0,2,1,3,0.88,3,523,61,584,89.55,322,201,80,11,6,85.71,24,15,3,0,0,4,26.67,7,1,5,38,48.1,14,41.18,52,46.02,1334,0.0,0,0,0,0,0,0,0,0,3,4,0,0,0,19,67.86,19,0,0,5,95,4,28,21,748,9,16,0,0,19,0,1,0,0,168.35,240.0,33.6,2,0,0,0,0,22,1,0,0,0,0,0,15,0.0,0.0,11,7,15,61,20,0,0,0,28,23,12,50.0,0.0,0,0,0,344,240,0,0.47,0,51,6,23
856250,Ladislav Krejčí,ladislav-krejci,3,Wolverhampton,6.71,187.8,28,2,2,3,1,1.49,3,1087,230,1317,82.54,710,377,148,9,2,50.0,32,32,3,0,1,4,23.53,21,10,6,40,42.55,64,56.64,104,50.24,2361,9.52,0,0,0,0,0,0,2,0,20,1,1,1,0,88,42.31,117,1,3,8,287,1,126,58,1670,7,33,0,1,13,0,5,0,0,271.73,311.0,34.22,3,0,0,0,0,37,8,0,0,0,0,0,27,0.0,0.0,9,4,17,103,49,0,0,0,208,45,21,65.63,1180.5,1,0,0,773,544,0,2.22,19,79,15,28
1416535,Charalampos Kostoulas,kostoulas-charalampos,30,Brighton & Hove Albion,6.7,134.0,20,2,3,2,1,0.56,3,95,32,127,74.8,27,68,45,10,11,40.74,11,1,2,0,0,0,0.0,21,8,8,29,44.62,22,50.0,51,46.79,386,9.52,0,0,0,0,0,0,2,0,19,2,1,0,1,1,25.0,4,0,0,10,87,7,8,4,265,7,7,0,0,4,4,5,0,0,65.85,135.0,34.62,0,0,0,0,0,8,1,0,0,0,0,0,2,0.0,0.0,10,27,6,58,22,0,0,0,4,9,7,63.64,193.0,0,0,0,36,91,0,2.14,0,25,0,21
190839,Luke Shaw,luke-shaw,35,Manchester United,6.7,254.6,38,1,1,0,1,1.98,2,1486,226,1712,86.8,783,703,309,16,10,50.0,74,46,9,0,0,9,16.98,10,3,3,104,56.22,64,54.24,168,55.45,3231,10.0,0,0,0,0,0,0,1,0,6,4,0,1,0,59,49.58,95,0,2,6,346,5,99,49,2329,20,49,0,0,17,0,4,0,0,336.3,509.0,35.35,5,0,0,0,0,42,3,0,0,0,0,0,38,0.0,0.0,16,20,53,135,54,0,0,0,119,45,45,60.81,3231.0,0,0,0,880,832,0,0.71,32,107,9,38
69256,Kieran Trippier,kieran-trippier,39,Newcastle United,6.7,134.0,20,0,1,0,1,2.01,1,861,200,1061,81.15,387,474,279,28,4,40.0,26,10,3,0,0,34,34.0,2,0,2,48,43.64,24,50.0,72,45.57,1592,0.0,0,0,0,0,2,0,0,0,0,2,0,0,0,49,39.52,48,0,1,6,304,1,103,39,1482,19,22,1,0,28,1,0,0,0,178.72,349.0,35.66,4,0,0,0,0,23,4,0,0,0,0,0,18,0.0,0.0,28,10,100,86,24,0,0,0,124,27,14,53.85,0.0,0,0,0,432,629,0,0.08,0,73,1,21
143040,Wataru Endo,wataru-endo,44,Liverpool FC,6.7,46.9,7,0,0,0,1,0.05,1,80,14,94,85.11,42,38,18,1,0,0.0,7,0,1,0,0,0,0.0,1,0,0,10,62.5,8,66.67,18,64.29,206,0.0,0,0,0,0,0,0,0,0,0,1,0,0,0,5,83.33,13,0,0,1,27,0,1,1,140,3,2,0,0,2,0,1,0,0,21.91,42.0,33.1,0,0,0,0,0,4,1,0,0,0,0,0,1,0.0,0.0,1,1,3,10,4,0,0,0,6,5,3,42.86,0.0,0,0,0,48,46,0,0.04,0,3,0,8
1126692,Antoni Milambo,antoni-milambo,50,Brentford,6.7,6.7,1,0,0,0,0,0.01,0,8,3,11,72.73,3,5,3,0,0,0.0,3,0,0,0,0,0,0.0,0,0,0,3,100.0,2,66.67,5,83.33,45,0.0,0,0,0,0,0,0,0,0,0,0,0,0,0,0,0.0,0,0,0,0,4,0,0,0,19,0,0,0,0,0,0,0,0,0,5.77,9.0,28.83,0,0,0,0,0,3,0,0,0,0,0,0,1,0.0,0.0,0,0,0,1,1,0,0,0,0,3,1,33.33,0.0,0,0,0,4,7,0,,0,2,0,1
2138729,Jocelin Ta Bi,jocelin-ta-bi,41,Sunderland,6.7,6.7,1,0,0,0,0,0.04,0,2,0,2,100.0,0,2,1,0,2,66.67,1,0,0,0,0,1,20.0,0,0,0,4,66.67,0,0.0,4,50.0,39,0.0,0,0,0,0,0,0,0,0,0,0,0,0,0,0,0.0,0,0,0,1,9,0,0,0,18,1,0,0,0,0,0,0,0,0,3.44,8.0,34.36,0,0,0,0,0,0,0,0,0,0,0,0,1,0.0,0.0,0,3,5,4,2,0,0,0,0,0,0,0.0,0.0,0,0,0,0,2,0,,0,2,0,1
1913038,Jun'ai Byfield,junai-byfield,33,Tottenham Hotspur,6.7,6.7,1,0,0,0,0,0.0,0,4,1,5,80.0,0,4,2,0,0,0.0,0,0,0,0,0,0,0.0,0,0,0,0,0.0,1,100.0,1,100.0,10,0.0,0,0,0,0,0,0,0,0,0,0,0,0,0,0,0.0,0,0,0,0,1,0,0,0,7,0,0,0,0,0,0,0,0,0,1.29,3.0,30.68,0,0,0,0,0,0,0,0,0,0,0,0,0,0.0,0.0,0,0,0,0,0,0,0,0,0,0,0,0.0,0.0,0,0,0,0,5,0,,0,0,0,1
1125214,Alex Murphy,alex-murphy,39,Newcastle United,6.7,6.7,1,0,0,0,0,0.0,0,7,0,7,100.0,4,3,2,0,0,0.0,0,1,0,0,0,0,0.0,0,0,0,0,0.0,0,0.0,0,0.0,16,0.0,0,0,0,0,0,0,0,0,0,0,0,0,0,0,0.0,2,0,0,0,0,0,0,0,13,0,0,0,0,0,0,0,0,0,2.08,3.0,33.02,0,0,0,0,0,1,0,0,0,0,0,0,0,0.0,0.0,0,0,0,0,0,0,0,0,0,1,0,0.0,0.0,0,0,0,4,3,0,,0,0,1,2
1050692,Diego Coppola,diego-coppola,30,Brighton & Hove Albion,6.7,26.8,4,0,0,0,0,0.02,0,101,13,114,88.6,64,37,10,0,1,100.0,2,1,2,0,0,0,0.0,0,0,0,3,33.33,10,55.56,13,48.15,201,0.0,0,0,0,0,0,0,0,0,0,0,0,0,0,2,25.0,13,0,0,0,15,0,7,3,142,0,4,0,0,2,0,0,0,0,22.4,28.0,32.59,1,0,0,0,0,2,1,0,0,0,0,0,2,0.0,0.0,0,1,0,14,8,0,0,0,8,3,2,100.0,0.0,0,0,0,72,42,0,,0,6,2,5
356398,James Maddison,james-maddison,33,Tottenham Hotspur,6.7,20.1,3,0,0,1,0,0.06,0,35,2,37,94.59,11,24,14,0,0,0.0,1,0,0,0,0,1,16.67,2,0,1,2,33.33,0,0.0,2,33.33,50,0.0,0,0,0,0,1,0,0,0,1,1,0,0,0,3,75.0,0,0,0,1,13,0,2,2,54,1,1,0,0,1,0,1,0,0,6.91,9.0,32.01,0,0,0,0,0,0,0,0,0,0,0,0,0,0.0,0.0,0,1,6,4,0,0,0,0,4,0,1,100.0,0.0,0,0,0,12,25,0,0.21,0,4,0,3
1550775,Jesse Derry,jesse-derry,38,Chelsea,6.7,6.7,1,0,0,0,0,0.02,0,12,1,13,92.31,2,10,7,0,0,0.0,1,0,0,0,0,1,50.0,2,1,1,1,25.0,1,50.0,2,33.33,44,0.0,0,0,1,0,0,0,0,0,2,0,0,0,0,0,0.0,0,0,0,1,6,0,1,1,25,1,0,0,0,0,0,0,0,0,4.33,4.0,29.1,0,0,0,0,0,2,0,0,0,0,0,0,1,0.0,0.0,0,2,2,4,1,0,0,0,0,2,1,100.0,0.0,0,0,0,2,11,0,0.1,0,2,0,1
828640,Joe Rodon,joe-rodon,34,Leeds United,6.7,227.7,34,2,1,1,0,0.57,2,1267,183,1450,87.38,848,419,130,9,1,50.0,37,29,3,0,0,3,50.0,18,7,7,55,63.95,85,51.2,140,55.56,2953,11.11,0,0,0,0,0,0,2,0,18,0,2,0,0,38,40.0,185,1,2,6,239,1,50,20,1921,19,17,2,0,10,1,4,0,0,322.87,499.0,35.71,6,0,0,0,0,46,7,0,0,0,0,0,33,0.0,0.0,9,2,6,112,81,0,0,0,95,53,20,54.05,1476.5,0,0,0,909,541,0,1.41,0,85,22,35
998253,Jake O'Brien,jake-obrien,48,Everton,6.69,247.7,37,1,0,1,1,0.99,2,798,281,1079,73.96,424,374,179,17,6,30.0,57,15,6,1,1,13,26.53,13,6,4,79,54.86,116,66.29,195,61.13,3131,7.69,0,0,0,1,0,0,1,0,13,0,1,0,0,41,30.83,144,1,2,21,476,6,57,19,1814,17,23,1,0,8,4,3,0,0,334.41,408.0,35.13,9,0,0,0,0,42,4,0,0,0,0,0,35,0.0,0.0,17,20,49,124,59,0,0,0,133,46,32,56.14,3131.0,0,0,0,518,561,1,1.74,6,114,16,37
855845,Florentino Luís,florentino-luis,6,Burnley,6.69,207.5,31,0,0,2,2,0.55,2,891,151,1042,85.51,473,418,171,13,7,33.33,90,41,6,0,0,1,9.09,13,2,8,105,49.76,24,47.06,129,49.24,2118,0.0,0,0,0,2,0,0,0,0,2,11,0,0,0,47,65.28,56,1,3,17,218,5,79,53,1431,8,40,1,0,36,1,3,0,0,284.34,328.0,35.73,1,0,0,0,0,44,1,0,0,0,0,0,25,0.0,0.0,13,21,11,133,27,0,0,0,72,45,49,54.44,0.0,0,0,0,521,521,0,0.66,0,113,14,31
876643,Vitaliy Mykolenko,vitaliy-mykolenko,48,Everton,6.69,220.8,33,0,1,0,1,2.46,1,948,240,1188,79.8,392,556,308,23,10,33.33,51,30,6,0,0,20,21.51,9,2,4,89,50.57,50,56.82,139,52.65,2960,0.0,0,0,0,0,0,0,0,0,1,8,0,0,0,53,32.52,145,1,0,11,484,10,116,50,2016,28,29,0,1,30,0,3,1,0,326.06,593.0,35.69,9,0,0,0,0,43,4,0,0,0,0,0,33,0.0,0.0,22,30,93,125,38,0,0,0,163,47,28,54.9,0.0,0,0,0,464,724,0,0.29,0,107,9,33
846425,Manuel Ugarte,manuel-ugarte,35,Manchester United,6.69,147.2,22,0,0,1,0,0.2,0,427,75,502,85.06,198,229,97,3,7,70.0,46,20,1,0,0,0,0.0,13,1,7,68,55.74,11,42.31,79,53.38,900,0.0,0,0,0,0,0,0,0,0,6,7,0,0,0,13,48.15,20,0,1,11,104,1,29,14,699,15,24,0,0,16,0,5,0,0,118.24,155.0,34.56,1,0,0,0,0,21,2,0,0,0,0,0,8,0.0,0.0,3,10,1,69,15,0,0,0,27,23,29,63.04,0.0,0,0,0,219,283,0,0.71,0,51,5,22
791,James Milner,james-milner,30,Brighton & Hove Albion,6.69,127.1,19,1,1,0,1,0.63,2,423,64,487,86.86,204,219,103,8,1,50.0,15,6,2,0,0,6,42.86,8,2,4,19,41.3,6,37.5,25,40.32,802,12.5,1,1,0,0,0,0,1,0,5,3,0,0,1,20,42.55,19,1,0,3,84,2,36,18,592,3,15,0,0,8,1,2,0,0,106.16,138.0,34.95,2,0,0,0,0,14,3,0,0,0,0,0,7,100.0,0.0,8,2,14,37,10,0,0,0,47,17,9,60.0,802.0,0,0,0,217,270,0,1.02,0,40,1,20
803185,Lukas Nmecha,lukas-nmecha,34,Leeds United,6.69,187.3,28,6,2,7,1,1.56,7,142,74,216,65.74,46,96,56,11,7,53.85,12,3,0,0,0,0,0.0,30,16,9,35,44.3,32,39.51,67,41.88,1092,20.0,3,2,0,0,0,0,6,0,29,1,0,1,5,6,75.0,11,0,0,18,146,7,9,5,413,18,18,1,0,4,3,5,0,0,130.53,235.0,34.73,0,0,0,0,0,21,2,0,0,0,0,0,10,66.67,0.0,11,13,10,93,49,0,0,1,8,23,7,58.33,182.0,0,0,0,58,158,0,7.23,0,31,1,31
975937,Jacob Ramsey,jacob-ramsey,39,Newcastle United,6.69,180.6,27,2,2,1,3,1.43,5,635,72,707,89.82,258,377,206,22,15,50.0,41,9,3,0,1,4,44.44,16,4,6,70,56.91,9,42.86,79,54.86,1465,12.5,0,0,0,1,0,0,1,1,11,5,0,1,1,16,69.57,10,0,1,13,128,11,10,5,917,14,16,0,0,13,2,6,0,0,190.67,348.0,35.01,1,0,0,0,0,25,5,0,0,0,0,0,15,0.0,0.0,22,30,9,65,12,0,0,0,23,30,22,53.66,732.5,1,0,0,274,433,0,1.19,0,85,4,28
904970,Conor Gallagher,conor-gallagher,33,Tottenham Hotspur,6.69,107.0,16,1,1,2,1,0.72,2,444,80,524,84.73,202,242,120,13,13,61.9,23,18,2,0,0,6,26.09,11,4,5,57,49.57,9,39.13,66,47.83,1196,9.09,0,0,0,0,0,0,0,1,8,3,0,0,1,20,62.5,6,0,1,13,146,16,22,13,748,22,26,0,0,13,1,2,0,0,147.56,245.0,34.12,0,0,0,0,0,19,4,0,0,0,0,0,14,0.0,0.0,13,21,23,72,14,0,0,0,32,23,16,69.57,1196.0,0,0,0,227,297,0,1.07,0,73,4,16
372344,Dominic Calvert-Lewin,dominic-calvert-lewin,34,Leeds United,6.69,234.0,35,14,2,20,1,1.09,15,269,191,460,58.48,70,199,130,20,8,26.67,10,4,3,0,0,1,10.0,74,34,32,56,37.58,128,40.38,184,39.48,2726,18.92,5,4,2,0,0,0,14,0,68,6,3,1,9,5,50.0,36,0,1,29,358,18,13,6,893,38,45,3,0,4,26,8,0,0,308.38,570.0,36.3,4,0,0,0,0,28,6,0,0,0,0,0,30,80.0,0.0,20,30,10,282,189,1,0,0,10,34,4,40.0,194.71,0,0,0,95,365,2,15.81,0,46,9,35
979144,Luca Netz,netz-luca,14,Nottingham Forest,6.69,46.8,7,0,0,0,0,0.42,0,83,17,100,83.0,50,33,21,2,2,50.0,12,3,0,0,0,0,0.0,0,0,0,16,64.0,2,18.18,18,50.0,355,0.0,0,0,0,0,0,0,0,0,0,0,0,0,0,5,50.0,9,0,0,0,28,1,3,1,163,2,5,0,0,2,0,0,0,0,35.78,61.0,34.64,0,0,0,0,0,5,0,0,0,0,0,0,3,0.0,0.0,2,4,2,18,9,0,0,0,10,5,7,58.33,0.0,0,0,0,59,41,0,,1,15,3,7
33902,Danny Welbeck,danny-welbeck,30,Brighton & Hove Albion,6.68,247.3,37,13,4,11,1,1.4,14,386,100,486,79.42,156,230,142,20,11,40.74,24,9,5,0,0,0,0.0,56,28,18,45,36.89,19,33.93,64,35.96,2268,23.21,3,1,0,0,3,1,11,2,45,11,2,3,8,5,55.56,30,1,1,20,193,14,13,8,781,10,30,1,0,13,5,10,0,0,249.44,445.0,35.49,1,0,0,0,0,23,5,0,0,0,0,0,26,33.33,33.33,20,27,2,114,37,0,1,1,9,28,14,58.33,174.46,0,0,0,172,314,1,12.44,0,51,0,37
1008456,Oliver Sonne,oliver-sonne,6,Burnley,6.68,40.1,6,1,0,0,0,0.09,1,39,20,59,66.1,16,23,15,1,1,33.33,2,1,0,0,0,1,20.0,3,1,2,3,27.27,5,71.43,8,44.44,165,33.33,0,0,0,0,0,0,1,0,3,0,0,1,0,3,42.86,4,0,0,1,31,0,1,0,98,0,4,0,0,1,0,0,0,0,23.41,45.0,33.62,0,0,0,0,0,4,0,0,0,0,0,0,1,0.0,0.0,1,3,5,10,2,0,0,0,7,4,1,50.0,165.0,0,0,0,21,38,0,0.55,0,4,0,7
192442,Raúl Jiménez,raul-jimenez,43,Fulham,6.68,240.4,36,9,2,9,3,0.93,12,329,189,518,63.51,133,196,109,25,10,37.04,35,8,5,0,0,2,28.57,74,19,34,78,44.07,85,40.09,163,41.9,2206,12.16,4,4,2,0,6,0,9,0,58,16,4,0,5,16,61.54,30,1,0,28,303,9,18,10,925,34,46,2,0,19,19,21,0,0,246.7,542.0,36.4,2,0,0,0,0,26,2,0,0,0,0,0,27,100.0,0.0,25,27,7,226,127,0,0,0,26,28,21,60.0,245.11,0,0,0,182,336,1,11.5,0,55,3,36
795066,Marcus Edwards,marcus-edwards,6,Burnley,6.68,146.9,22,1,6,2,3,1.85,4,279,59,338,82.54,76,203,133,20,14,36.84,11,2,0,0,0,5,25.0,23,6,8,43,36.75,2,20.0,45,35.43,1073,4.35,0,0,0,0,4,0,1,0,14,9,0,1,0,6,50.0,4,0,0,28,170,8,15,8,548,18,7,1,0,17,1,9,0,0,130.76,250.0,34.22,0,0,0,0,0,17,1,0,0,0,0,0,11,0.0,0.0,20,38,20,82,8,0,0,0,12,18,5,45.45,1073.0,0,0,0,88,250,0,1.49,0,50,0,23
1128532,Habib Diarra,habib-diarra,41,Sunderland,6.68,133.5,20,2,1,2,2,0.83,4,357,79,436,81.88,146,211,126,7,6,27.27,14,4,6,0,0,4,12.5,26,8,14,47,45.19,11,45.83,58,45.31,1407,7.69,1,1,1,0,0,0,2,0,18,8,0,0,2,4,26.67,13,0,1,14,152,10,15,4,647,27,20,0,0,7,3,4,0,0,157.79,329.0,35.21,4,0,0,0,0,18,1,0,0,0,0,0,15,100.0,0.0,7,22,32,70,13,0,0,0,15,19,7,50.0,703.5,0,0,0,164,272,0,3.41,0,48,0,20
1013928,Hugo Bueno,hugo-bueno,3,Wolverhampton,6.67,233.6,35,1,6,0,2,3.51,3,683,165,848,80.54,359,324,179,38,31,40.26,67,38,3,0,0,58,34.73,16,6,6,122,48.61,19,45.24,141,48.12,2375,6.25,0,0,0,1,1,0,0,1,8,8,0,1,0,25,33.78,67,0,2,32,426,5,46,16,1692,24,18,0,0,34,3,4,0,0,271.39,561.0,34.28,3,0,0,0,0,38,6,0,0,0,0,0,26,0.0,0.0,38,77,167,152,23,0,0,0,74,44,39,58.21,2375.0,0,0,0,434,414,1,0.86,0,115,4,35
851100,Jadon Sancho,jadon-sancho,40,Aston Villa,6.67,153.5,23,0,3,1,2,1.94,2,316,62,378,83.6,79,237,169,21,16,55.17,7,2,0,0,0,3,13.04,10,3,1,25,43.86,3,33.33,28,42.42,891,0.0,0,0,0,0,0,0,0,0,8,2,0,0,0,2,66.67,9,1,1,9,128,3,10,6,527,2,3,0,0,7,3,6,0,0,92.1,217.0,34.27,0,0,0,0,0,9,1,0,0,0,0,0,9,0.0,0.0,21,29,23,38,6,0,0,0,3,10,3,42.86,0.0,0,0,0,92,286,0,0.58,0,26,0,23
980623,Nick Woltemade,nick-woltemade,39,Newcastle United,6.67,220.2,33,8,5,6,3,1.53,11,293,91,384,76.3,95,198,115,22,13,37.14,24,5,0,0,0,0,0.0,32,13,11,57,38.0,35,38.46,92,38.17,1939,25.0,1,1,0,0,0,0,8,0,30,2,2,0,6,8,53.33,21,0,0,42,216,13,17,12,680,20,20,2,1,11,8,8,0,0,217.75,322.0,34.74,1,0,0,0,0,24,5,0,0,0,0,0,24,100.0,0.0,22,35,3,149,56,0,0,0,15,29,12,50.0,242.38,0,0,0,109,275,0,6.59,0,53,2,33
875360,Hjalmar Ekdal,hjalmar-ekdal,6,Burnley,6.67,120.1,18,0,0,1,0,0.27,0,579,102,681,85.02,422,157,38,4,2,50.0,24,12,0,0,0,0,0.0,6,1,3,31,67.39,52,61.9,83,63.85,1539,0.0,0,0,0,0,0,0,0,0,6,0,0,0,0,30,38.46,125,1,1,4,116,0,44,18,925,7,5,0,0,4,2,2,0,0,173.96,197.0,34.62,2,0,0,0,0,29,5,0,0,0,0,0,17,0.0,0.0,4,4,1,47,32,0,0,0,78,34,16,66.67,0.0,0,0,0,460,221,0,0.26,0,49,13,19
143334,Victor Lindelöf,victor-lindelof,40,Aston Villa,6.67,113.4,17,0,1,1,1,0.12,1,602,37,639,94.21,449,153,47,2,0,0.0,7,8,0,0,0,0,0.0,3,0,3,8,57.14,11,64.71,19,61.29,985,0.0,0,0,0,0,0,0,0,0,3,0,0,0,0,13,48.15,34,0,0,2,41,0,23,14,717,1,2,0,0,2,0,0,0,0,98.56,116.0,35.71,1,0,0,0,0,11,4,0,0,0,0,0,11,0.0,0.0,2,0,0,12,6,0,0,0,27,15,3,42.86,0.0,0,0,0,471,168,0,0.28,36,19,5,17
823085,Kyle Walker-Peters,kyle-walker-peters,37,West Ham United,6.67,146.7,22,1,1,0,0,0.38,1,510,86,596,85.57,213,297,152,7,16,66.67,44,9,2,0,0,1,5.0,5,3,2,85,65.38,12,38.71,97,60.25,1396,20.0,0,0,0,0,0,0,1,0,5,0,0,0,1,15,37.5,34,1,0,17,160,7,25,12,968,25,12,0,0,11,1,0,0,0,151.75,241.0,34.38,4,0,0,0,0,24,1,0,0,0,0,0,15,0.0,0.0,7,24,20,64,19,0,0,0,40,25,30,68.18,1396.0,0,0,0,242,354,0,1.13,0,59,4,23
867445,Emile Smith Rowe,emile-smith-rowe,43,Fulham,6.67,246.7,37,3,1,5,0,1.11,3,838,82,920,91.09,327,511,288,18,14,48.28,35,22,1,0,0,1,7.69,36,11,14,65,52.0,7,35.0,72,49.66,1943,8.33,0,0,0,0,0,0,3,0,28,8,1,0,2,9,64.29,18,0,2,31,185,7,19,9,1223,17,10,1,0,6,3,11,0,0,247.64,510.0,34.93,0,0,0,0,0,24,3,0,0,0,0,0,22,0.0,0.0,18,29,13,73,13,0,0,0,14,27,21,60.0,647.67,0,0,0,352,568,0,4.77,0,71,1,37
831424,Reinildo Mandava,reinildo-mandava,41,Sunderland,6.67,160.0,24,0,0,0,1,0.7,1,699,115,814,85.87,368,331,134,6,15,55.56,39,31,7,1,1,4,17.39,4,0,2,87,55.06,34,54.84,121,55.0,1969,0.0,0,0,1,1,0,0,0,0,3,1,0,0,0,24,35.82,81,1,0,13,208,5,52,20,1265,35,32,0,0,16,1,2,0,0,194.55,310.0,35.55,6,0,0,0,0,20,6,0,0,0,0,0,23,0.0,0.0,6,27,23,99,28,0,0,0,67,26,23,58.97,0.0,0,0,0,410,404,0,0.18,0,90,14,25
839410,Aaron Ramsdale,aaron-ramsdale,39,Newcastle United,6.67,80.0,12,0,0,0,0,0.02,0,267,133,400,66.75,223,44,16,1,0,0.0,0,0,2,0,0,0,0.0,0,0,0,1,100.0,5,71.43,6,75.0,1003,0.0,0,0,0,0,0,0,0,0,0,0,0,0,0,55,29.73,10,0,1,0,135,0,31,13,507,1,0,0,0,0,0,0,0,25,17.22,1.0,27.77,1,3,0,16,9,16,1,6,8,8,11,0,11,0.0,0.0,1,0,0,2,2,0,0,0,185,17,0,0.0,0.0,0,0,10,236,164,0,,84,89,0,12
972421,Keane Lewis-Potter,keane-lewis-potter,50,Brentford,6.66,239.9,36,3,6,2,3,2.5,6,441,127,568,77.64,203,238,145,19,16,36.36,23,12,1,0,0,22,31.88,31,9,10,75,52.08,11,28.21,86,46.99,1990,9.68,0,0,0,0,6,0,3,0,19,12,1,1,1,24,30.0,37,1,0,15,266,7,47,20,993,36,15,2,0,11,3,12,0,0,234.79,416.0,34.92,5,0,0,0,0,28,4,0,0,0,0,0,22,0.0,0.0,19,44,69,97,28,0,0,0,80,32,14,60.87,663.33,0,0,0,238,330,1,3.04,0,96,2,36
904827,Benoît Badiashile,benoit-badiashile,38,Chelsea,6.66,53.3,8,0,0,0,0,0.07,0,408,31,439,92.94,308,100,25,0,0,0.0,7,10,2,0,0,0,0.0,0,0,0,9,60.0,8,47.06,17,53.13,471,0.0,0,0,0,0,0,0,0,0,0,0,0,0,0,19,55.88,27,1,1,0,35,1,20,10,499,2,6,0,0,1,0,0,0,0,47.22,65.0,33.96,0,0,0,0,0,8,2,0,0,0,0,0,6,0.0,0.0,0,0,0,15,9,0,0,0,34,10,4,57.14,0.0,0,0,0,323,116,0,,17,16,4,8
1142315,Jack Hinshelwood,jack-hinshelwood,30,Brighton & Hove Albion,6.66,173.2,26,4,2,6,3,2.34,7,522,110,632,82.59,238,284,150,15,3,33.33,19,5,0,0,0,0,0.0,37,15,14,34,36.56,12,34.29,46,35.94,1750,10.81,0,0,0,0,0,0,3,1,30,7,1,1,2,9,37.5,25,0,2,9,163,9,38,19,842,12,33,2,1,13,2,8,0,0,210.4,315.0,35.37,1,0,0,0,0,20,3,0,0,0,0,0,20,0.0,0.0,15,9,7,82,23,0,0,0,24,23,14,73.68,437.5,0,0,0,266,366,1,4.92,0,61,5,27
1423711,Myles Lewis-Skelly,lewis-skelly-myles,42,Arsenal,6.66,119.9,18,0,0,0,0,0.2,0,350,32,382,91.62,188,162,80,4,8,80.0,8,5,3,0,0,0,0.0,2,0,1,32,58.18,6,35.29,38,52.78,722,0.0,0,0,0,0,0,0,0,0,2,0,0,0,0,9,56.25,11,0,1,7,58,1,7,5,506,16,10,0,0,4,1,1,0,0,79.1,68.0,31.91,2,0,0,0,0,8,0,0,0,0,0,0,5,0.0,0.0,4,10,0,34,11,0,0,0,16,8,5,62.5,0.0,0,0,0,200,182,0,0.11,0,30,1,20
991604,Fabio Carvalho,fabio-carvalho,50,Brentford,6.66,33.3,5,1,0,0,0,0.03,1,20,5,25,80.0,10,10,5,0,1,33.33,3,0,0,0,0,1,20.0,2,1,1,4,57.14,1,25.0,5,45.45,128,50.0,0,0,0,0,0,0,1,0,1,1,0,0,1,2,100.0,0,0,0,1,14,1,1,1,45,0,0,0,0,0,0,0,0,0,13.94,31.0,32.66,0,0,0,0,0,4,0,0,0,0,0,0,1,0.0,0.0,0,3,5,6,3,0,0,0,2,4,2,66.67,128.0,0,0,0,10,15,0,0.7,0,5,0,6
1136731,Rico Lewis,rico-lewis,17,Manchester City,6.66,66.6,10,0,2,0,1,1.39,1,241,44,285,84.56,99,142,82,7,2,50.0,5,7,2,0,0,0,0.0,3,0,2,16,45.71,1,50.0,17,45.95,423,0.0,0,0,0,0,0,0,0,0,1,2,0,0,0,9,56.25,6,0,0,8,63,5,13,8,387,9,5,0,0,4,0,1,0,0,50.16,65.0,33.96,0,0,0,0,0,7,0,0,0,0,0,0,4,0.0,0.0,7,4,2,20,1,0,0,0,16,7,3,60.0,0.0,0,0,0,104,181,0,0.19,0,15,1,11
1153315,Leny Yoro,leny-yoro,35,Manchester United,6.66,199.7,30,0,0,2,0,0.63,0,873,114,987,88.45,530,343,132,4,2,66.67,32,31,1,0,0,1,33.33,9,3,5,39,55.71,44,56.41,83,56.08,1748,0.0,0,0,0,1,0,0,0,0,9,0,0,0,0,36,48.0,85,0,3,5,143,2,52,21,1240,5,17,0,0,8,2,1,0,0,179.73,238.0,34.84,1,0,0,0,0,28,5,0,0,0,0,0,18,0.0,0.0,4,3,3,65,34,0,0,0,75,33,21,65.63,0.0,0,0,0,576,411,0,1.39,5,73,11,32
113956,Callum Wilson,callum-wilson,37,West Ham United,6.66,213.0,32,7,1,7,1,0.55,8,101,55,156,64.74,25,76,51,8,13,48.15,4,3,1,0,0,1,20.0,38,16,12,31,37.35,19,29.69,50,34.01,1262,18.42,0,0,0,0,0,0,5,2,32,6,2,2,3,1,25.0,5,0,0,21,154,9,2,1,381,14,12,0,0,5,9,10,0,0,131.29,214.0,35.59,0,0,0,0,0,21,3,0,0,0,0,0,11,0.0,0.0,8,27,5,97,45,0,0,0,4,24,2,50.0,180.29,0,0,0,38,118,3,7.66,0,28,2,32
794939,Marc Cucurella,marc-cucurella,38,Chelsea,6.66,226.3,34,1,6,1,4,3.21,5,1268,177,1445,87.75,624,644,331,39,1,33.33,55,32,8,1,1,13,30.23,20,6,8,84,52.83,36,52.17,120,52.63,2710,5.0,0,0,0,0,0,0,1,0,14,6,1,0,0,43,47.78,87,0,1,7,265,5,53,26,2029,29,45,0,0,22,5,6,0,0,301.89,634.0,35.29,9,0,0,0,0,34,3,0,0,0,0,0,31,0.0,0.0,39,3,43,108,33,0,0,0,90,37,40,72.73,2710.0,0,0,0,686,759,2,2.35,0,113,8,34
855731,David Brooks,david-brooks,60,Bournemouth,6.65,206.3,31,1,8,11,3,3.3,4,343,102,445,77.08,85,258,164,26,17,41.46,19,4,7,0,0,11,18.64,48,13,18,49,42.98,6,31.58,55,41.35,1220,2.08,0,0,0,0,2,0,1,0,35,13,0,1,0,12,46.15,15,0,0,10,223,7,30,15,734,13,11,2,0,20,2,17,0,0,137.97,388.0,35.06,0,0,0,0,0,18,2,0,0,0,0,0,13,0.0,0.0,26,41,59,78,13,0,0,0,26,20,13,68.42,1220.0,0,0,0,106,339,0,5.83,0,56,0,31
371222,Saša Lukić,sasa-lukic,43,Fulham,6.65,173.0,26,1,3,3,2,1.91,3,625,105,730,85.62,278,347,172,28,6,54.55,49,18,9,0,0,19,27.94,18,6,7,80,51.61,23,40.35,103,48.58,1734,5.56,0,0,0,0,0,0,1,0,11,7,1,0,0,9,52.94,36,0,2,9,188,5,19,9,1057,25,53,0,0,10,2,5,0,0,210.99,384.0,34.9,4,0,0,0,0,18,4,0,0,0,0,0,20,0.0,0.0,28,11,68,109,34,0,0,0,17,22,27,55.1,1734.0,0,0,0,315,415,0,2.26,0,71,9,26
962364,Lorenzo Lucca,lorenzo-lucca,14,Nottingham Forest,6.65,26.6,4,1,0,1,0,0.01,1,9,7,16,56.25,3,6,3,1,0,0.0,0,1,0,0,0,0,0.0,4,1,3,2,28.57,5,55.56,7,43.75,135,25.0,0,0,0,0,0,0,1,0,4,0,1,0,0,0,0.0,3,0,0,3,15,0,1,0,37,2,1,0,0,0,2,0,0,0,15.6,22.0,33.22,0,0,0,0,0,1,0,0,0,0,0,0,1,0.0,0.0,1,1,0,9,4,0,0,0,0,1,0,0.0,135.0,0,0,0,4,12,0,0.79,0,3,0,4
803039,Donyell Malen,donyell-malen,40,Aston Villa,6.65,139.6,21,4,0,5,1,0.34,5,73,21,94,77.66,15,58,40,7,8,40.0,4,0,0,0,0,2,28.57,27,9,12,18,38.3,3,30.0,21,36.84,680,14.81,0,0,0,0,0,0,4,0,22,5,0,0,4,1,20.0,2,0,0,13,65,1,1,0,206,6,2,1,0,2,1,6,0,0,75.54,119.0,34.95,0,0,0,0,0,8,2,0,0,0,0,0,5,0.0,0.0,7,20,7,36,7,0,0,0,5,10,3,75.0,170.0,0,0,0,20,74,1,4.07,0,10,0,21
303638,Tyrone Mings,tyrone-mings,40,Aston Villa,6.65,113.0,17,0,1,2,0,0.42,0,842,94,936,89.96,557,285,82,5,2,33.33,5,11,1,0,0,1,25.0,9,1,4,14,45.16,40,59.7,54,55.1,1323,0.0,0,0,0,0,0,0,0,0,9,0,0,0,0,37,42.05,83,0,1,3,110,0,48,19,1109,9,10,0,0,2,0,4,0,0,142.16,255.0,34.63,3,0,0,0,0,21,2,0,0,0,0,0,15,0.0,0.0,5,6,4,44,27,0,0,0,88,23,2,40.0,0.0,0,0,0,591,345,0,1.37,50,47,9,17
946695,Georginio Rutter,georginio-rutter,30,Brighton & Hove Albion,6.65,212.7,32,3,8,3,3,2.93,6,303,133,436,69.5,86,217,152,25,28,43.08,32,11,2,0,0,3,14.29,42,14,14,94,40.34,19,38.0,113,39.93,1804,7.14,0,0,1,0,0,0,3,0,27,15,0,2,1,16,57.14,26,0,0,59,353,19,38,17,925,34,30,0,1,15,11,14,0,0,195.93,345.0,34.88,2,0,0,0,0,14,6,0,0,0,0,0,20,0.0,0.0,25,65,21,170,31,0,0,0,28,20,20,62.5,601.33,0,0,0,114,322,0,3.02,0,60,1,32
1140599,Jamie Gittens,jamie-bynoe-gittens,38,Chelsea,6.65,99.7,15,0,2,1,2,0.93,2,118,31,149,79.19,31,87,49,9,13,61.9,8,2,0,0,0,3,23.08,10,2,2,29,59.18,3,30.0,32,54.24,495,0.0,0,0,0,0,0,0,0,0,5,5,0,0,0,3,75.0,3,0,0,4,68,2,10,6,255,8,6,0,0,3,2,6,0,0,61.17,155.0,34.85,1,0,0,0,0,5,2,0,0,0,0,0,5,0.0,0.0,9,21,13,27,7,0,0,0,4,7,3,37.5,0.0,0,0,0,37,112,0,0.82,0,15,1,16
894733,Marshall Munetsi,marshall-munetsi,3,Wolverhampton,6.65,86.4,13,1,1,0,1,0.38,2,107,62,169,63.31,26,81,47,3,5,55.56,21,7,2,0,0,3,21.43,14,6,6,35,44.87,30,46.88,65,45.77,877,7.14,0,0,0,0,0,0,1,0,12,2,1,0,0,6,50.0,30,0,0,11,112,5,6,0,342,10,19,1,0,9,4,2,0,0,112.02,209.0,34.98,0,0,0,0,0,14,5,0,0,0,0,0,9,0.0,0.0,3,9,14,77,34,0,0,0,12,19,12,57.14,877.0,0,0,0,38,131,0,1.61,0,20,2,13
1014987,Dennis Cirkin,dennis-cirkin,41,Sunderland,6.64,46.5,7,0,0,0,0,0.03,0,77,22,99,77.78,40,37,18,0,3,75.0,8,5,2,0,0,1,33.33,1,0,1,13,52.0,5,50.0,18,51.43,329,0.0,0,0,0,0,0,0,0,0,1,0,0,0,0,1,25.0,14,0,0,5,39,0,5,2,177,2,4,0,0,2,0,0,0,0,40.81,72.0,32.43,1,0,0,0,0,2,0,0,0,0,0,0,3,0.0,0.0,0,4,3,17,5,0,0,0,4,2,5,62.5,0.0,0,0,0,47,52,0,0.08,0,8,1,8
877980,Wilson Isidor,wilson-isidor,41,Sunderland,6.64,192.6,29,6,0,2,0,0.39,6,81,54,135,60.0,23,58,41,0,6,25.0,11,1,1,0,0,0,0.0,43,17,14,24,32.88,25,26.32,49,29.17,1173,13.95,0,0,0,0,0,0,6,0,39,4,1,0,5,1,14.29,15,0,0,14,111,3,6,5,302,7,14,0,0,5,11,12,0,0,137.29,297.0,35.32,1,0,0,0,0,14,3,0,0,0,0,0,11,0.0,0.0,0,24,0,119,70,0,0,0,7,17,8,72.73,195.5,0,0,0,31,104,0,4.75,0,23,1,32
944327,Dan Ndoye,dan-ndoye,14,Nottingham Forest,6.64,146.1,22,1,2,1,1,1.54,2,221,61,282,78.37,61,160,99,14,13,39.39,23,10,1,0,0,9,21.43,15,4,7,58,46.77,11,44.0,69,46.31,1176,6.67,0,0,0,0,0,0,1,0,10,5,1,0,0,7,53.85,12,0,0,19,179,4,12,2,555,22,16,0,0,12,9,4,0,0,135.36,323.0,34.84,0,0,0,0,0,12,5,0,0,0,0,0,14,0.0,0.0,14,33,42,80,14,0,0,0,13,17,13,56.52,1176.0,0,0,0,80,202,0,1.06,0,50,2,24
885864,Frank Onyeka,frank-onyeka,50,Brentford,6.64,33.2,5,0,1,0,1,0.37,1,28,8,36,77.78,9,19,10,1,2,50.0,2,0,0,0,0,0,0.0,0,0,0,7,50.0,1,50.0,8,50.0,88,0.0,0,0,0,0,0,0,0,0,0,0,0,0,0,1,50.0,3,0,0,0,13,0,3,2,55,3,3,0,0,2,0,0,0,0,13.21,19.0,30.65,0,0,0,0,0,2,0,0,0,0,0,0,0,0.0,0.0,1,4,0,8,1,0,0,0,2,2,0,0.0,0.0,0,0,0,11,25,0,,0,5,0,6
1199043,Carlos Baleba,carlos-baleba,30,Brighton & Hove Albion,6.64,199.2,30,0,1,1,0,0.76,0,644,104,748,86.1,368,276,105,9,12,48.0,37,29,5,0,0,0,0.0,20,2,10,73,47.4,29,58.0,102,50.0,1677,0.0,0,0,0,1,0,0,0,0,2,18,0,0,0,34,56.67,32,0,5,19,172,12,51,25,1045,24,31,1,0,18,0,8,0,0,179.44,389.0,35.16,2,0,0,0,0,17,2,0,0,0,0,0,23,0.0,0.0,9,25,0,102,21,0,0,0,60,19,20,54.05,0.0,0,0,0,394,354,0,0.75,0,105,6,31
1014835,Yerson Mosquera,yerson-mosquera,3,Wolverhampton,6.64,172.6,26,0,1,4,0,0.69,0,641,155,796,80.53,414,227,88,11,9,39.13,62,30,11,0,0,2,10.53,30,6,16,113,63.13,47,44.76,160,56.34,2142,0.0,0,0,0,2,0,0,0,0,28,2,0,0,0,22,27.5,114,0,2,5,294,0,37,16,1395,44,34,4,2,17,1,8,0,0,229.05,420.0,36.07,4,0,0,0,0,35,5,0,0,0,0,0,24,0.0,0.0,11,23,19,124,58,0,0,0,80,40,39,62.9,0.0,0,0,0,480,316,1,2.52,0,93,17,27
954044,Ki-Jana Hoever,ki-jana-hoever,3,Wolverhampton,6.64,53.1,8,0,2,0,0,0.36,0,106,48,154,68.83,42,64,31,5,5,62.5,13,6,0,0,0,7,31.82,1,1,0,21,63.64,6,50.0,27,60.0,428,0.0,0,0,0,0,0,0,0,0,0,1,0,0,0,9,32.14,20,0,0,3,78,3,10,6,283,3,3,0,0,3,1,0,0,0,45.86,95.0,35.5,0,0,0,0,0,11,2,0,0,0,0,0,6,0.0,0.0,5,8,22,18,6,0,0,0,28,13,11,84.62,0.0,0,0,0,50,104,0,0.02,0,16,1,8
1627560,Harrison Armstrong,harrison-armstrong,48,Everton,6.64,73.0,11,0,0,1,0,0.21,0,166,40,206,80.58,53,113,61,4,1,14.29,13,4,0,0,0,0,0.0,5,2,2,28,56.0,6,46.15,34,53.97,537,0.0,0,0,0,0,0,0,0,0,5,0,0,0,0,5,62.5,8,0,0,8,69,5,8,3,291,14,6,0,0,3,2,1,0,0,65.63,140.0,33.77,1,0,0,0,0,9,2,0,0,0,0,0,6,0.0,0.0,4,7,2,29,7,0,0,0,8,11,10,76.92,0.0,0,0,0,58,148,0,0.79,0,25,1,13
996958,Malo Gusto,gusto-malo,38,Chelsea,6.64,225.6,34,2,4,1,3,2.99,5,1097,167,1264,86.79,534,563,308,28,13,52.0,53,31,3,0,1,12,20.69,12,6,3,86,55.48,15,45.45,101,53.72,2267,16.67,0,0,0,1,0,0,2,0,7,5,1,1,0,41,49.4,39,1,1,16,316,10,57,34,1807,20,20,0,1,22,1,3,1,0,255.67,565.0,35.27,3,0,0,0,0,33,3,0,0,0,0,0,26,0.0,0.0,27,25,58,87,18,0,0,0,83,36,24,45.28,1133.5,1,0,0,593,671,1,1.56,0,122,5,34
1117223,Maxime Estève,maxime-esteve,6,Burnley,6.64,225.6,34,0,1,0,0,0.66,0,1170,177,1347,86.86,848,322,92,7,3,60.0,44,37,1,0,0,2,33.33,10,1,8,59,64.13,80,67.8,139,66.19,2937,0.0,0,0,0,0,0,0,0,0,9,1,0,0,0,52,37.96,221,2,1,3,199,2,83,31,1787,12,13,0,2,15,0,1,0,0,319.22,510.0,35.11,1,0,0,0,0,66,4,0,0,0,0,0,34,0.0,0.0,7,5,6,71,38,0,0,0,137,70,26,59.09,0.0,0,0,0,909,438,1,0.72,9,114,33,34
834308,Gabriel Gudmundsson,gabriel-gudmundsson,34,Leeds United,6.63,212.3,32,0,4,0,0,2.75,0,730,227,957,76.28,388,342,169,21,39,52.7,65,27,4,0,1,24,26.37,18,3,10,160,56.74,18,36.0,178,53.61,2642,0.0,0,0,0,0,0,0,0,0,11,7,0,0,0,30,28.57,83,1,0,26,475,9,56,25,1730,56,31,0,1,30,3,5,0,0,304.08,618.0,35.32,3,0,0,0,0,40,5,0,0,0,0,0,31,0.0,0.0,21,74,91,154,32,0,0,0,105,45,44,67.69,0.0,1,0,0,465,492,0,1.1,0,112,7,32
1198075,Brajan Gruda,gruda-brajan,30,Brighton & Hove Albion,6.63,119.4,18,1,1,2,1,0.88,2,194,54,248,78.23,40,154,90,16,20,37.74,14,2,2,0,0,3,21.43,16,6,6,48,42.11,8,72.73,56,44.8,740,6.25,0,0,0,0,1,0,1,0,8,8,0,0,1,7,53.85,2,1,0,17,148,3,23,9,442,14,11,0,0,5,2,4,0,0,81.37,146.0,33.9,0,0,0,0,0,10,1,0,0,0,0,0,8,0.0,0.0,16,53,14,69,3,0,0,0,13,11,5,35.71,740.0,0,0,0,50,198,0,1.72,0,40,0,18
1394089,Chris Rigg,chris-rigg,41,Sunderland,6.63,99.5,15,1,2,0,1,1.15,2,153,60,213,71.83,52,101,53,9,7,53.85,13,4,1,0,0,4,36.36,12,3,6,28,53.85,4,30.77,32,49.23,773,8.33,0,0,0,0,0,0,1,0,9,3,0,1,0,10,47.62,10,0,1,5,95,2,16,7,323,8,8,0,0,5,2,3,0,0,89.45,168.0,34.36,0,0,0,0,0,11,0,0,0,0,0,0,11,0.0,0.0,9,13,11,33,9,0,0,0,21,11,8,61.54,773.0,0,0,0,74,139,0,0.84,0,29,1,18
1008402,Conor Bradley,conor-bradley,44,Liverpool FC,6.63,99.5,15,0,3,0,1,0.94,1,413,79,492,83.94,162,251,137,4,7,31.82,19,13,5,0,0,4,16.67,6,0,2,46,43.81,15,48.39,61,44.85,932,0.0,0,0,0,0,0,0,0,0,4,2,0,0,0,10,25.0,29,0,0,11,150,3,16,9,808,20,18,1,0,15,1,4,0,0,111.95,275.0,36.16,2,0,0,0,0,9,4,0,0,0,0,0,12,0.0,0.0,4,22,24,75,16,0,0,0,40,13,15,78.95,0.0,0,0,0,182,310,0,0.24,0,43,4,15
1170722,Jair,jair-paula,14,Nottingham Forest,6.63,59.7,9,0,0,1,0,0.07,0,177,44,221,80.09,122,55,16,1,2,50.0,9,5,0,0,0,0,0.0,3,1,0,17,68.0,5,55.56,22,64.71,525,0.0,0,0,0,0,0,0,0,0,3,0,0,0,0,5,23.81,31,1,2,1,54,0,9,2,304,6,0,0,0,5,0,2,0,0,54.66,69.0,34.32,0,0,0,0,0,6,1,0,0,0,0,0,6,0.0,0.0,1,4,2,12,4,0,0,0,21,7,5,55.56,0.0,0,0,0,141,80,0,0.29,4,13,2,9
1465865,Shea Lacey,shea-lacey,35,Manchester United,6.63,19.9,3,0,0,0,0,0.01,0,9,2,11,81.82,3,6,3,0,1,50.0,1,0,0,0,0,0,0.0,4,1,3,4,50.0,0,0.0,4,50.0,51,0.0,0,0,0,0,0,0,0,0,0,4,0,0,0,1,50.0,0,0,0,1,7,0,2,1,26,2,2,1,0,0,0,0,0,0,5.93,7.0,28.32,0,0,0,0,0,0,0,0,0,0,0,0,0,0.0,0.0,0,2,0,4,0,0,0,0,2,0,1,100.0,0.0,0,0,0,4,7,0,0.1,0,2,0,3
174975,Arthur Masuaku,arthur-masuaku,41,Sunderland,6.63,19.9,3,0,0,0,0,0.08,0,39,9,48,81.25,25,14,5,1,2,50.0,4,2,1,0,0,2,25.0,1,0,0,6,40.0,1,100.0,7,43.75,127,0.0,0,0,0,0,0,0,0,0,1,0,0,0,0,1,16.67,4,0,0,1,22,0,3,0,88,0,3,0,0,3,0,1,0,0,12.38,12.0,29.72,0,0,0,0,0,2,0,0,0,0,0,0,2,0.0,0.0,1,4,8,9,0,0,0,0,6,2,2,50.0,0.0,0,0,0,27,21,0,0.07,0,3,0,3
1006073,Rodrigo Gomes,gomes-rodrigo,3,Wolverhampton,6.63,145.9,22,3,0,2,0,0.42,3,190,73,263,72.24,59,131,74,4,8,30.77,23,9,0,0,0,3,12.5,20,6,12,39,48.75,6,25.0,45,43.27,978,15.0,0,0,0,0,0,0,3,0,18,2,0,0,3,2,16.67,13,0,0,7,157,5,10,4,481,8,6,0,0,10,3,2,1,0,119.41,318.0,35.1,0,0,0,0,0,14,4,0,0,0,0,0,9,0.0,0.0,3,26,24,59,18,0,0,0,12,18,18,78.26,326.0,0,0,0,82,181,0,2.15,0,33,2,22
962408,Bafodé Diakité,bafode-diakite,60,Bournemouth,6.63,112.7,17,0,0,0,0,0.18,0,659,90,749,87.98,415,244,85,3,0,0.0,20,12,1,0,0,0,0.0,1,0,1,25,62.5,35,49.3,60,54.05,1286,0.0,0,0,0,1,0,0,0,0,1,0,0,0,0,34,47.22,83,0,1,1,100,2,28,14,922,5,8,0,0,3,2,0,0,0,135.04,204.0,34.68,4,0,0,0,0,24,3,0,0,0,0,0,15,0.0,0.0,3,3,1,51,36,0,0,0,72,27,15,75.0,0.0,0,0,0,441,308,0,0.02,2,48,5,18
910048,Brian Brobbey,brian-brobbey,41,Sunderland,6.63,205.5,31,7,2,12,1,0.68,8,198,77,275,72.0,59,139,82,15,2,12.5,9,0,6,0,0,0,0.0,36,18,11,47,38.21,65,46.76,112,42.75,1944,19.44,0,0,1,1,0,0,7,0,34,2,2,1,4,4,57.14,15,0,0,29,182,6,6,2,538,37,32,1,0,4,8,7,0,0,192.65,350.0,35.21,1,0,0,0,0,25,5,0,0,0,0,0,22,0.0,0.0,15,16,2,150,74,0,0,0,7,30,2,22.22,277.71,0,0,0,73,202,2,5.94,0,44,6,31
1142675,Chemsdine Talbi,chemsdine-talbi,41,Sunderland,6.63,185.6,28,4,0,2,1,1.19,5,327,75,402,81.34,128,199,108,12,16,44.44,11,2,0,0,0,7,14.29,25,10,10,28,36.36,1,7.14,29,31.87,1561,16.0,0,0,0,0,0,0,2,2,16,9,0,0,4,13,56.52,17,2,0,11,192,4,17,10,637,1,5,0,0,13,2,5,0,0,184.72,457.0,35.63,2,0,0,0,0,10,4,0,0,0,0,0,16,0.0,0.0,12,36,49,62,13,0,0,0,23,14,6,54.55,390.25,0,0,0,146,256,0,2.13,0,61,1,28
998951,Wilfried Gnonto,wilfried-gnonto,34,Leeds United,6.63,139.2,21,0,1,0,1,0.72,1,167,51,218,76.61,55,112,76,9,5,35.71,18,3,3,0,0,2,10.0,10,0,6,34,53.97,1,7.14,35,45.45,535,0.0,0,0,1,0,0,0,0,0,5,5,0,0,0,6,75.0,12,0,0,9,103,5,6,3,360,11,7,0,0,4,0,4,0,0,70.32,142.0,35.35,0,0,0,0,0,13,1,0,0,0,0,0,4,0.0,0.0,9,14,20,42,13,0,0,0,8,14,14,77.78,0.0,0,0,0,68,150,0,0.41,0,26,0,23
922573,Gabriel Martinelli,gabriel-martinelli,42,Arsenal,6.63,192.2,29,1,4,7,4,1.26,5,189,72,261,72.41,49,140,86,13,22,57.89,12,1,3,0,0,9,24.32,29,13,9,47,45.19,8,30.77,55,42.31,1079,3.45,0,0,0,0,0,0,1,0,26,3,0,0,1,4,26.67,10,0,2,26,191,16,11,5,520,14,10,0,0,6,5,7,0,0,128.92,336.0,35.65,0,0,0,0,0,7,1,0,0,0,0,0,11,0.0,0.0,13,38,37,75,18,0,0,0,15,8,8,66.67,1079.0,0,0,0,60,201,0,3.99,0,52,1,30
935543,Dwight McNeil,dwight-mcneil,48,Everton,6.63,145.8,22,0,1,1,1,1.92,1,264,60,324,81.48,114,150,93,15,7,53.85,23,10,1,0,0,10,23.81,24,5,7,37,43.53,7,38.89,44,42.72,1188,0.0,0,0,0,0,0,0,0,0,12,12,0,0,0,7,35.0,13,1,1,19,149,12,19,9,555,7,11,1,0,12,2,12,0,0,144.32,252.0,33.82,3,0,0,0,0,7,2,0,0,0,0,0,14,0.0,0.0,15,13,42,59,11,0,0,0,20,9,17,73.91,0.0,0,0,0,131,193,0,1.39,0,62,3,22
858194,Eddie Nketiah,eddie-nketiah,7,Crystal Palace,6.63,79.5,12,2,1,1,0,0.48,2,70,17,87,80.46,35,35,20,7,5,31.25,8,2,2,0,0,0,0.0,15,6,3,20,39.22,8,26.67,28,34.57,416,13.33,0,0,0,0,0,0,2,0,13,2,0,1,1,1,50.0,10,0,0,11,68,1,2,2,216,7,7,0,0,3,3,6,0,0,50.62,139.0,33.62,0,0,0,0,0,10,2,0,0,0,0,0,2,0.0,0.0,7,16,1,53,22,0,0,0,2,12,6,75.0,208.0,0,0,0,41,46,0,1.77,0,17,1,12
1523623,Mohamadou Kanté,mohamadou-kante,37,West Ham United,6.63,53.0,8,0,0,0,0,0.05,0,22,9,31,70.97,7,15,10,1,1,100.0,6,0,2,0,0,0,0.0,2,0,2,8,42.11,2,66.67,10,45.45,111,0.0,0,0,0,0,0,0,0,0,2,0,0,0,0,0,0.0,2,0,0,4,14,2,2,1,57,1,4,0,0,4,0,0,0,0,14.44,37.0,36.16,0,0,0,0,0,1,0,0,0,0,0,0,0,0.0,0.0,1,1,0,12,1,0,0,0,1,1,4,66.67,0.0,0,0,0,7,24,0,0.09,0,7,1,11
1155321,Stefanos Tzimas,tzimas-stefanos,30,Brighton & Hove Albion,6.62,59.6,9,1,0,1,1,0.12,2,17,7,24,70.83,7,10,6,6,1,50.0,3,0,0,0,0,0,0.0,4,1,2,5,23.81,0,0.0,5,21.74,164,25.0,0,0,0,0,0,0,1,0,4,0,0,0,1,0,0.0,1,0,0,9,23,2,3,0,58,1,4,0,0,2,1,1,0,0,18.33,57.0,34.38,0,0,0,0,0,2,0,0,0,0,0,0,1,0.0,0.0,6,2,1,18,2,0,0,0,2,2,2,66.67,164.0,0,0,0,7,17,0,0.46,0,10,1,9
576384,Kristoffer Ajer,kristoffer-ajer,50,Brentford,6.62,178.8,27,0,1,1,1,0.72,1,565,141,706,80.03,410,155,57,4,3,27.27,37,18,4,0,0,1,14.29,10,3,5,45,50.56,60,57.14,105,54.12,1820,0.0,0,0,0,1,0,0,0,0,8,2,0,0,0,24,28.24,119,0,1,6,180,2,41,12,1026,5,23,0,0,8,0,2,0,0,202.09,292.0,36.2,4,0,0,0,0,30,2,0,0,0,0,0,20,0.0,0.0,4,11,7,89,45,0,0,0,85,32,22,59.46,0.0,0,0,0,439,267,0,0.78,0,59,16,27
929132,Jayden Bogle,jayden-bogle,34,Leeds United,6.62,225.1,34,1,7,3,2,3.16,3,674,210,884,76.24,327,347,172,21,19,33.33,66,34,6,0,0,16,23.88,18,4,7,114,45.6,24,45.28,138,45.54,2809,5.56,0,0,1,0,0,0,1,0,11,7,0,1,0,33,36.67,73,1,2,34,414,16,70,31,1547,29,39,0,0,26,10,7,0,0,317.8,601.0,34.83,4,0,0,0,0,39,5,0,0,0,0,0,32,0.0,0.0,21,57,67,165,29,0,0,0,90,44,43,65.15,2809.0,0,0,0,379,505,0,2.11,0,134,5,34
609752,Guido Rodríguez,guido-rodriguez,37,West Ham United,6.62,33.1,5,0,0,0,0,0.04,0,68,8,76,89.47,31,37,15,0,0,0.0,1,2,1,0,0,0,0.0,1,0,0,5,45.45,2,66.67,7,50.0,177,0.0,0,0,0,0,0,0,0,0,0,1,0,0,0,0,0.0,2,0,0,0,11,1,3,0,100,4,2,0,0,4,0,1,0,0,23.86,31.0,32.62,0,0,0,0,0,2,0,0,0,0,0,0,2,0.0,0.0,0,0,2,7,1,0,0,0,3,2,0,0.0,0.0,0,0,0,36,40,0,0.03,0,10,0,6
987489,Beto,beto,48,Everton,6.62,238.3,36,9,1,10,1,0.22,10,129,79,208,62.02,49,80,45,12,14,34.15,15,1,3,0,0,0,0.0,43,17,15,41,31.54,92,44.44,133,39.47,1613,20.93,0,0,0,0,0,0,9,0,42,1,3,1,5,1,100.0,43,0,1,30,222,8,2,1,561,12,33,1,0,3,9,11,0,0,170.41,389.0,35.23,0,0,0,0,0,18,1,0,0,0,0,0,17,0.0,0.0,12,41,2,204,115,0,0,0,1,19,4,26.67,179.22,0,0,0,67,141,2,8.91,0,26,5,37
359664,Taiwo Awoniyi,taiwo-awoniyi,14,Nottingham Forest,6.62,112.5,17,4,2,3,1,0.77,5,60,15,75,80.0,24,36,24,6,2,50.0,2,1,2,0,0,0,0.0,15,8,6,11,34.38,9,18.0,20,24.39,502,26.67,0,0,1,0,0,0,4,0,14,1,1,1,2,0,0.0,4,0,0,5,54,4,4,1,161,7,10,0,0,4,6,1,0,0,53.49,118.0,34.62,0,0,0,0,0,3,1,0,0,0,0,0,3,0.0,0.0,6,4,1,62,41,0,0,0,0,4,1,50.0,125.5,0,0,0,25,50,1,3.58,0,18,1,17
365812,Luke O'Nien,luke-onien,41,Sunderland,6.62,79.4,12,0,0,0,1,0.14,1,205,40,245,83.67,116,89,34,2,1,100.0,6,6,1,1,1,0,0.0,4,1,2,15,68.18,9,40.91,24,54.55,591,0.0,0,0,0,0,0,0,0,0,4,0,0,0,0,16,41.03,30,1,0,1,78,0,13,4,363,8,6,1,0,1,0,1,0,0,53.22,67.0,35.56,2,0,0,0,0,5,2,0,0,0,0,0,5,0.0,0.0,2,1,7,20,13,0,0,0,39,7,5,83.33,0.0,0,0,0,125,120,0,0.15,6,10,1,12
1085180,Brennan Johnson,brennan-johnson,7,Crystal Palace,6.61,224.9,34,2,1,2,1,1.31,3,252,130,382,65.97,95,157,97,19,9,31.03,29,4,6,0,0,18,26.09,23,5,11,51,43.97,16,50.0,67,45.27,1752,8.7,0,0,0,0,1,0,2,0,15,8,0,0,2,10,23.26,32,0,1,12,251,11,27,10,702,15,20,0,0,15,14,7,0,0,196.41,404.0,35.93,2,0,0,0,0,24,0,0,0,0,0,0,19,0.0,0.0,19,29,69,81,16,0,0,0,43,24,18,62.07,876.0,0,0,0,126,256,0,2.43,0,56,1,34
998490,Evanilson,evanilson,60,Bournemouth,6.61,238.1,36,6,3,10,1,1.49,7,356,109,465,76.56,119,237,137,31,16,50.0,13,8,2,0,0,0,0.0,70,22,35,66,43.42,47,35.61,113,39.79,2759,8.57,0,0,2,0,0,0,6,0,63,7,2,2,2,4,50.0,29,0,1,39,243,19,13,7,839,37,26,2,0,8,30,13,0,0,282.6,574.0,35.39,2,0,0,0,0,32,8,0,0,0,0,0,32,0.0,0.0,31,32,4,171,85,0,0,0,8,40,5,38.46,459.83,0,0,0,141,324,0,10.59,0,80,6,36
844096,Jhon Arias,jhon-arias,3,Wolverhampton,6.61,145.5,22,1,0,4,0,0.62,1,357,42,399,89.47,152,205,110,11,8,40.0,43,8,1,0,0,9,29.03,16,3,7,60,43.8,10,35.71,70,42.42,1121,6.25,0,0,0,0,3,0,1,0,9,7,0,0,1,8,80.0,15,0,0,26,126,7,8,5,666,9,25,1,0,14,3,6,0,0,133.43,290.0,34.35,1,0,0,0,0,17,4,0,0,0,0,0,14,0.0,0.0,11,20,31,95,18,0,0,0,10,21,27,62.79,1121.0,0,0,0,164,235,0,3.25,0,58,2,23
1546231,Joshua King,joshua-king,43,Fulham,6.61,211.6,32,1,0,3,2,0.65,3,278,70,348,79.89,98,180,110,15,16,43.24,27,3,4,0,0,0,0.0,26,11,10,73,55.73,3,13.64,76,49.67,1310,3.85,0,0,0,0,0,0,1,0,19,7,0,0,1,3,37.5,14,1,0,19,169,5,10,4,602,30,13,1,0,8,3,5,0,0,161.0,397.0,36.22,0,0,0,0,0,17,1,0,0,0,0,0,15,0.0,0.0,15,37,12,77,19,0,0,0,8,18,14,51.85,1310.0,0,0,0,115,233,0,2.47,0,59,5,32
804508,Viktor Gyökeres,viktor-gyokeres,42,Arsenal,6.61,238.0,36,14,4,13,1,1.94,15,199,120,319,62.38,35,164,119,20,7,18.92,7,1,5,0,0,3,37.5,55,22,19,44,32.12,30,30.93,74,31.62,2254,25.45,3,3,0,0,0,0,13,1,51,4,2,2,10,1,33.33,19,0,1,25,270,20,12,4,652,31,35,1,0,8,4,14,0,0,267.12,594.0,35.86,4,0,0,0,0,11,3,0,0,0,0,0,26,100.0,0.0,20,37,8,160,67,0,0,0,3,14,5,71.43,161.0,0,0,0,52,267,3,12.4,0,55,3,36
828639,Daniel James,daniel-james,34,Leeds United,6.61,119.0,18,0,1,2,0,0.73,0,72,47,119,60.5,13,59,41,9,6,40.0,7,1,0,0,0,7,14.0,14,3,4,21,48.84,7,50.0,28,49.12,566,0.0,0,0,0,0,0,0,0,0,5,9,0,0,0,3,37.5,8,0,0,4,116,3,11,7,257,8,1,0,0,8,1,7,0,0,65.49,178.0,35.87,0,0,0,0,0,12,4,0,0,0,0,0,6,0.0,0.0,9,15,50,29,7,0,0,0,8,16,4,57.14,0.0,0,0,0,26,93,0,0.91,0,19,0,19
44614,Kyle Walker,kyle-walker,6,Burnley,6.61,237.8,36,0,3,0,2,1.34,2,1115,326,1441,77.38,571,544,257,13,13,48.15,56,45,9,0,0,7,18.92,4,0,1,91,53.85,47,51.09,138,52.87,3097,0.0,0,0,0,0,0,0,0,0,1,3,0,0,0,94,39.66,102,0,2,14,563,5,165,80,2232,22,32,0,0,19,1,3,0,0,342.49,704.0,36.24,4,0,0,0,0,60,6,0,0,0,0,0,35,0.0,0.0,13,27,37,123,45,0,0,0,237,66,33,58.93,0.0,0,0,0,665,776,0,0.16,0,155,10,36
966869,Aaron Hickey,aaron-hickey,50,Brentford,6.61,132.1,20,0,0,1,0,0.14,0,239,47,286,83.57,135,104,38,0,0,0.0,15,8,1,0,0,0,0.0,6,1,4,24,50.0,9,50.0,33,50.0,716,0.0,0,0,0,0,0,0,0,0,3,3,0,0,0,11,47.83,23,0,0,5,81,0,16,7,447,9,7,0,0,6,0,1,0,0,83.89,153.0,33.95,0,0,0,0,0,7,2,0,0,0,0,0,8,0.0,0.0,0,7,4,33,9,0,0,0,23,9,7,46.67,0.0,0,0,0,155,131,0,0.46,0,35,6,21
1391251,Lucas Bergvall,lucas-bergvall,33,Tottenham Hotspur,6.6,138.7,21,1,0,1,3,0.43,4,249,56,305,81.64,106,143,86,5,15,62.5,22,2,2,0,0,3,15.0,12,5,6,44,47.31,5,26.32,49,43.75,979,8.33,0,0,0,0,0,0,1,0,10,2,1,0,0,10,55.56,13,1,0,7,132,4,16,10,494,7,24,0,0,9,3,1,0,0,127.05,245.0,34.95,0,0,0,0,0,13,5,0,0,0,0,0,11,0.0,0.0,5,24,20,63,14,0,0,0,18,18,14,63.64,979.0,0,0,0,118,187,1,1.4,0,39,2,23
1142679,Wilson Odobert,wilson-odobert,33,Tottenham Hotspur,6.6,158.5,24,0,2,4,2,1.22,2,276,49,325,84.92,56,220,137,20,24,58.54,10,1,0,0,0,8,28.57,22,8,10,44,50.57,5,29.41,49,47.12,990,0.0,0,0,0,0,0,0,0,0,14,8,0,0,0,6,66.67,13,0,1,21,141,7,8,5,539,10,2,1,0,3,2,4,0,0,120.61,271.0,35.6,0,0,0,0,0,9,4,0,0,0,0,0,10,0.0,0.0,20,41,28,55,12,0,0,0,9,13,9,90.0,0.0,0,0,0,71,254,0,1.9,0,54,0,24
863653,Aaron Wan-Bissaka,aaron-wan-bissaka,37,West Ham United,6.6,165.1,25,0,2,0,2,1.0,2,566,172,738,76.69,224,342,172,18,16,48.48,33,40,4,0,0,16,38.1,0,0,0,61,51.26,22,47.83,83,50.3,2084,0.0,0,0,0,0,0,0,0,0,0,0,0,0,0,24,33.8,94,0,3,15,319,3,44,20,1352,12,23,0,0,7,1,0,0,0,222.98,491.0,35.92,3,0,0,0,0,39,4,0,0,0,0,0,23,0.0,0.0,18,33,42,82,24,0,0,0,71,43,23,69.7,0.0,0,0,0,271,467,1,,0,75,7,25
361352,Adam Armstrong,adam-armstrong,3,Wolverhampton,6.6,92.4,14,2,3,3,2,0.86,4,104,48,152,68.42,34,70,46,6,10,55.56,8,2,3,0,0,1,20.0,18,6,6,21,39.62,9,39.13,30,39.47,1146,11.11,1,1,0,0,0,0,1,1,14,4,0,0,2,0,0.0,12,0,0,9,101,3,6,2,282,3,13,2,0,3,6,6,0,0,128.75,213.0,34.21,1,0,0,0,0,19,1,0,0,0,0,0,14,100.0,0.0,6,18,5,46,14,0,0,0,4,20,4,50.0,573.0,0,0,0,45,107,0,2.74,0,15,1,14
1097425,Miloš Kerkez,milos-kerkez,44,Liverpool FC,6.6,224.4,34,2,3,0,1,0.7,3,913,157,1070,85.33,383,530,307,26,12,54.55,41,14,4,0,0,15,18.99,9,2,5,81,63.78,33,50.0,114,59.07,2301,22.22,0,0,0,0,0,0,2,0,6,3,0,1,1,28,34.15,71,1,1,7,304,2,51,23,1614,30,22,0,0,10,4,2,0,0,259.6,691.0,35.65,3,0,0,0,0,31,6,0,0,0,0,0,27,0.0,0.0,26,22,79,79,33,0,0,0,82,37,26,63.41,1150.5,0,0,0,428,642,1,1.59,0,88,8,34
610766,Tammy Abraham,tammy-abraham,40,Aston Villa,6.6,79.2,12,2,1,3,0,0.36,2,25,19,44,56.82,9,16,10,4,1,100.0,4,0,0,0,0,0,0.0,9,3,3,5,50.0,5,45.45,10,47.62,294,22.22,0,0,0,0,0,0,2,0,8,1,0,0,2,0,0.0,3,0,0,1,25,1,4,1,75,0,2,1,0,2,0,3,0,0,33.66,54.0,34.87,0,0,0,0,0,7,1,0,0,0,0,0,2,0.0,0.0,4,1,1,11,6,0,0,0,2,8,2,50.0,147.0,0,0,0,14,30,0,2.04,0,6,0,12
1010220,Nicolò Savona,nicolo-savona,14,Nottingham Forest,6.6,92.4,14,2,1,0,0,0.44,2,314,85,399,78.7,173,141,79,7,2,40.0,20,4,2,0,0,8,29.63,5,3,1,27,46.55,7,58.33,34,48.57,1026,40.0,0,0,0,0,0,0,2,0,5,0,0,1,1,13,27.66,29,0,0,2,147,1,28,6,637,5,12,0,0,15,1,1,0,0,118.38,232.0,34.13,3,0,0,0,0,13,5,0,0,0,0,0,11,0.0,0.0,7,5,27,36,5,0,0,0,47,18,12,60.0,513.0,0,0,0,199,200,1,1.34,0,27,3,14
825719,Issa Diop,issa-diop,43,Fulham,6.6,79.2,12,1,0,0,0,0.05,1,433,61,494,87.65,304,129,28,0,1,100.0,6,6,2,0,0,0,0.0,2,1,1,10,47.62,15,60.0,25,54.35,827,50.0,0,0,0,0,0,0,1,0,2,0,1,0,0,15,33.33,42,0,1,0,73,1,25,8,589,3,9,0,0,3,0,0,0,0,89.41,128.0,34.56,0,0,0,0,0,10,3,0,0,0,0,0,8,0.0,0.0,0,1,1,21,10,0,0,0,45,13,4,66.67,827.0,0,0,0,326,168,0,0.8,0,19,7,13
1031283,David Møller Wolfe,david-moller-wolfe,3,Wolverhampton,6.6,125.4,19,0,3,0,2,1.08,2,193,67,260,74.23,74,119,54,8,5,62.5,10,7,1,0,0,8,24.24,3,0,1,19,51.35,11,57.89,30,53.57,1061,0.0,0,0,0,0,0,0,0,0,3,0,0,0,0,14,50.0,31,0,0,2,129,2,19,7,465,4,10,0,0,3,0,2,0,0,125.38,309.0,34.75,0,0,0,0,0,20,3,0,0,0,0,0,11,0.0,0.0,8,8,33,26,8,0,0,0,28,23,5,50.0,0.0,0,0,0,95,165,0,0.12,0,27,2,22
795228,Odsonne Édouard,odsonne-edouard,7,Crystal Palace,6.6,6.6,1,0,0,0,0,,0,0,0,0,0.0,0,0,0,0,0,0.0,1,0,0,0,0,0,0.0,0,0,0,2,100.0,0,0.0,2,50.0,8,0.0,0,0,0,0,0,0,0,0,0,0,0,0,0,0,0.0,0,0,0,0,1,0,0,0,5,1,0,0,0,0,0,0,0,0,0.93,0.0,24.17,0,0,0,0,0,0,0,0,0,0,0,0,0,0.0,0.0,0,0,0,2,2,0,0,0,0,0,1,100.0,0.0,0,0,0,0,0,0,,0,0,0,1
1142182,Tyler Fredricson,tyler-fredricson,35,Manchester United,6.6,6.6,1,0,0,0,0,,0,0,1,1,0.0,0,0,0,0,0,0.0,0,0,0,0,0,0,0.0,0,0,0,0,0.0,0,0.0,0,0.0,10,0.0,0,0,0,0,0,0,0,0,0,0,0,0,0,0,0.0,2,0,0,0,1,0,0,0,3,0,0,0,0,0,0,0,0,0,1.0,1.0,26.01,0,0,0,0,0,0,0,0,0,0,0,0,0,0.0,0.0,0,0,0,0,0,0,0,0,1,0,0,0.0,0.0,0,0,0,0,1,0,,0,0,0,1
1011895,Jota Silva,jota-silva,14,Nottingham Forest,6.6,6.6,1,0,0,0,0,0.0,0,2,0,2,100.0,0,2,1,0,0,0.0,2,0,0,0,0,0,0.0,0,0,0,3,100.0,0,0.0,3,75.0,11,0.0,0,0,0,0,0,0,0,0,0,0,0,0,0,0,0.0,1,0,0,0,2,0,0,0,8,1,0,0,0,0,0,0,0,0,1.84,5.0,28.77,0,0,0,0,0,0,0,0,0,0,0,0,0,0.0,0.0,0,0,1,1,1,0,0,0,0,0,1,50.0,0.0,0,0,0,0,2,0,,0,0,0,1
1410178,Jamaldeen Jimoh,jamaldeen-jimoh,40,Aston Villa,6.6,6.6,1,0,0,0,0,0.0,0,6,1,7,85.71,4,2,1,0,0,0.0,0,0,0,0,0,0,0.0,0,0,0,1,50.0,0,0.0,1,50.0,8,0.0,0,0,0,0,0,0,0,0,0,0,0,0,0,0,0.0,0,0,0,0,2,0,0,0,11,1,0,0,0,0,0,0,0,0,2.01,2.0,27.73,0,0,0,0,0,0,0,0,0,0,0,0,0,0.0,0.0,0,1,0,1,0,0,0,0,0,0,0,0.0,0.0,0,0,0,5,2,0,,0,1,0,1
1403190,Callum Olusesi,callum-olusesi,33,Tottenham Hotspur,6.6,6.6,1,0,0,0,0,0.01,0,8,0,8,100.0,1,7,4,0,0,0.0,0,0,0,0,0,0,0.0,0,0,0,0,0.0,0,0.0,0,0.0,14,0.0,0,0,0,0,0,0,0,0,0,0,0,0,0,1,100.0,0,0,0,0,0,1,1,1,9,0,0,0,0,0,0,0,0,0,3.07,9.0,34.31,0,0,0,0,0,0,0,0,0,0,0,0,0,0.0,0.0,0,0,0,0,0,0,0,0,1,0,0,0.0,0.0,0,0,0,1,7,0,,0,2,0,1
1402850,Tyler Fletcher,tyler-fletcher,35,Manchester United,6.6,6.6,1,0,0,0,0,0.01,0,18,1,19,94.74,5,13,2,0,0,0.0,0,0,0,0,0,0,0.0,0,0,0,0,0.0,0,0.0,0,0.0,17,0.0,0,0,0,0,0,0,0,0,0,0,0,0,0,0,0.0,0,0,0,0,1,0,0,0,20,0,0,0,0,0,0,0,0,0,2.95,2.0,28.06,0,0,0,0,0,0,0,0,0,0,0,0,0,0.0,0.0,0,0,0,0,0,0,0,0,1,0,0,0.0,0.0,0,0,0,5,14,0,,0,2,0,2
1005725,Tawanda Chirewa,tawanda-chirewa,3,Wolverhampton,6.6,13.2,2,0,0,0,0,0.0,0,3,0,3,100.0,1,2,1,0,0,0.0,3,0,0,0,0,0,0.0,0,0,0,4,57.14,0,0.0,4,50.0,31,0.0,0,0,0,0,0,0,0,0,0,0,0,0,0,0,0.0,1,0,0,0,2,0,0,0,10,1,3,0,0,1,0,0,0,0,3.97,7.0,31.92,0,0,0,0,0,0,0,0,0,0,0,0,0,0.0,0.0,0,0,0,4,1,0,0,0,0,0,0,0.0,0.0,0,0,0,1,2,0,,0,2,0,2
825839,Tyrell Malacia,tyrell-malacia,35,Manchester United,6.6,19.8,3,0,0,0,0,0.0,0,11,2,13,84.62,3,8,1,0,0,0.0,3,0,0,0,0,0,0.0,0,0,0,3,75.0,0,0.0,3,60.0,32,0.0,0,0,0,0,0,0,0,0,0,0,0,0,0,0,0.0,1,0,0,1,3,0,1,0,23,0,0,0,0,0,0,0,0,0,4.13,8.0,32.49,0,0,0,0,0,1,0,0,0,0,0,0,0,0.0,0.0,0,0,0,2,1,0,0,0,2,1,1,33.33,0.0,0,0,0,3,10,0,,0,3,0,3
964106,Dan Neil,dan-neil,41,Sunderland,6.6,6.6,1,0,0,0,0,0.0,0,8,1,9,88.89,4,4,1,0,0,0.0,0,1,0,0,0,0,0.0,0,0,0,1,100.0,0,0.0,1,33.33,13,0.0,0,0,0,0,0,0,0,0,0,0,0,0,0,1,100.0,1,0,0,0,1,0,0,0,14,1,0,0,0,0,0,0,0,0,1.91,1.0,25.27,0,0,0,0,0,0,0,0,0,0,0,0,0,0.0,0.0,0,0,0,2,2,0,0,0,1,0,0,0.0,0.0,0,0,0,4,5,0,,0,0,0,3
815890,Altay Bayındır,altay-bayindir,35,Manchester United,6.6,39.6,6,0,1,0,0,0.04,0,107,70,177,60.45,82,25,13,1,1,100.0,0,0,0,0,0,0,0.0,0,0,0,4,80.0,1,100.0,5,83.33,540,0.0,0,0,0,0,0,0,0,0,0,0,0,0,0,31,31.0,7,1,0,0,72,0,10,8,225,3,0,0,0,1,0,0,0,13,5.24,0.0,25.66,0,0,0,11,2,10,1,1,2,2,4,1,6,0.0,0.0,1,1,0,1,0,0,0,0,100,11,0,0.0,0.0,0,0,2,91,86,0,,16,39,0,6
845464,Andy Irving,andy-irving,37,West Ham United,6.6,33.0,5,0,0,0,0,0.18,0,83,10,93,89.25,32,51,25,3,0,0.0,6,1,0,0,0,3,25.0,0,0,0,6,54.55,0,0.0,6,40.0,163,0.0,0,0,0,0,0,0,0,0,0,0,0,0,0,5,83.33,0,0,0,2,24,2,5,2,130,0,1,0,0,1,0,0,0,0,22.97,29.0,30.48,0,0,0,0,0,4,0,0,0,0,0,0,2,0.0,0.0,3,1,12,9,4,0,0,0,6,4,3,50.0,0.0,0,0,0,33,60,0,,0,14,1,7
1586020,Romelle Donovan,romelle-donovan,50,Brentford,6.6,19.8,3,0,0,0,0,0.02,0,9,7,16,56.25,1,8,7,1,5,83.33,0,0,0,0,0,0,0.0,3,1,0,8,57.14,0,0.0,8,53.33,38,0.0,0,0,0,0,0,0,0,0,0,3,0,0,0,1,50.0,0,0,0,2,14,1,2,1,34,3,2,0,0,1,0,2,0,0,7.12,23.0,31.82,0,0,0,0,0,0,0,0,0,0,0,0,0,0.0,0.0,1,6,2,7,1,0,0,0,2,0,0,0.0,0.0,0,0,0,4,12,0,0.1,0,5,0,4
1631879,Alysson,alysson-edward-franco-da-rocha,40,Aston Villa,6.6,19.8,3,0,0,0,0,0.05,0,14,3,17,82.35,4,10,9,0,2,100.0,0,1,0,0,0,0,0.0,1,0,1,3,100.0,0,0.0,3,100.0,56,0.0,0,0,0,0,0,0,0,0,1,0,0,0,0,0,0.0,0,0,0,0,9,0,0,0,30,1,0,0,0,0,0,0,0,0,7.14,21.0,34.81,0,0,0,0,0,2,0,0,0,0,0,0,0,0.0,0.0,0,2,2,0,0,0,0,0,1,2,0,0.0,0.0,0,0,0,4,13,0,0.05,0,3,0,3
301288,Solly March,solly-march,30,Brighton & Hove Albion,6.6,26.4,4,0,0,0,0,0.02,0,9,3,12,75.0,4,5,3,0,0,0.0,2,0,0,0,0,0,0.0,1,1,0,3,50.0,0,0.0,3,42.86,60,0.0,0,0,0,0,0,0,0,0,1,0,0,0,0,1,100.0,0,0,0,2,9,0,0,0,26,1,0,0,0,1,0,0,0,0,6.34,5.0,31.23,0,0,0,0,0,1,0,0,0,0,0,0,0,0.0,0.0,0,0,4,4,1,0,0,0,1,1,2,100.0,0.0,0,0,0,4,8,0,0.04,0,3,0,4
1398204,George Hemmings,george-hemmings,40,Aston Villa,6.6,13.2,2,0,0,0,0,0.01,0,17,0,17,100.0,5,12,3,0,0,0.0,0,0,0,0,0,0,0.0,1,0,0,0,0.0,0,0.0,0,0.0,25,0.0,0,0,0,0,0,0,0,0,0,1,0,0,0,1,100.0,0,0,0,0,0,0,0,0,20,0,1,0,0,0,0,1,0,0,4.6,4.0,34.7,0,0,0,0,0,0,0,0,0,0,0,0,0,0.0,0.0,0,0,0,1,0,0,0,0,1,0,0,0.0,0.0,0,0,0,5,12,0,0.04,0,1,0,2
1142335,Archie Gray,archie-gray,33,Tottenham Hotspur,6.6,151.7,23,2,3,0,2,1.18,4,448,91,539,83.12,223,225,108,8,7,43.75,11,17,5,0,0,4,33.33,11,5,3,20,33.9,9,36.0,29,34.52,1500,18.18,0,0,0,0,0,0,2,0,8,3,1,0,1,21,40.38,44,1,0,17,150,2,52,24,766,2,12,0,0,1,0,3,0,0,186.49,373.0,35.63,2,0,0,0,0,20,8,0,0,0,0,0,18,0.0,0.0,8,16,12,55,16,0,0,0,52,28,8,72.73,750.0,0,0,0,252,287,0,1.48,0,57,4,24
1403050,Josh Acheampong,josh-acheampong,38,Chelsea,6.59,105.5,16,1,0,0,0,0.14,1,440,38,478,92.05,300,140,38,2,11,78.57,11,11,1,0,0,1,100.0,4,2,0,31,64.58,11,61.11,42,63.64,700,25.0,0,0,0,0,0,0,1,0,3,1,1,0,0,4,22.22,20,2,3,8,61,2,13,1,599,9,2,0,0,4,2,2,0,0,72.59,129.0,35.02,1,0,0,0,0,13,0,0,0,0,0,0,8,0.0,0.0,2,14,1,24,7,0,0,0,18,13,8,72.73,700.0,0,0,0,318,160,1,0.63,4,26,2,17
979232,Anthony Elanga,anthony-elanga,39,Newcastle United,6.59,204.4,31,0,2,1,1,1.76,1,344,82,426,80.75,94,250,154,15,13,30.95,14,3,0,0,0,12,14.63,17,4,8,52,44.07,13,37.14,65,42.48,1338,0.0,0,0,0,0,0,0,0,0,12,5,0,0,0,8,66.67,6,0,0,18,250,3,10,6,731,25,8,0,0,12,2,5,0,0,156.15,530.0,35.95,0,0,0,0,0,26,2,0,0,0,0,0,14,0.0,0.0,15,42,82,88,22,0,0,0,12,28,11,78.57,0.0,0,0,0,113,313,0,1.67,0,32,0,32
794839,Gabriel Jesus,gabriel-jesus,42,Arsenal,6.59,92.3,14,3,0,6,0,0.27,3,83,25,108,76.85,16,67,40,3,8,50.0,4,3,3,0,0,0,0.0,19,12,4,13,30.95,10,34.48,23,32.39,421,15.79,0,0,0,0,0,0,2,1,17,2,0,0,3,0,0.0,5,0,0,11,67,3,7,4,214,1,9,1,0,1,7,3,0,0,52.17,110.0,34.77,0,0,0,0,0,4,2,0,0,0,0,0,3,0.0,0.0,3,16,0,48,19,0,0,0,2,6,0,0.0,140.33,0,0,0,24,84,0,2.69,0,19,0,14
1089388,Lamare Bogarde,lamare-bogarde,40,Aston Villa,6.59,178.0,27,0,0,0,0,0.21,0,453,52,505,89.7,241,212,94,2,2,28.57,26,5,5,0,0,1,50.0,0,0,0,48,56.47,9,37.5,57,52.29,1104,0.0,0,0,0,0,0,0,0,0,0,0,0,0,0,7,36.84,23,1,2,10,86,3,10,4,668,20,17,0,0,5,0,0,0,0,115.43,170.0,34.09,1,0,0,0,0,14,3,0,0,0,0,0,11,0.0,0.0,2,7,2,52,15,0,0,0,19,17,18,69.23,0.0,0,0,0,261,244,0,,0,43,6,28
844842,Yves Bissouma,yves-bissouma,33,Tottenham Hotspur,6.59,72.5,11,0,0,0,0,0.12,0,278,38,316,87.97,137,141,44,0,3,60.0,18,9,4,0,0,0,0.0,5,2,2,27,62.79,5,62.5,32,62.75,605,0.0,0,0,0,0,0,0,0,0,1,4,0,0,0,1,14.29,14,1,0,4,51,0,10,2,408,6,8,0,0,2,0,1,0,0,63.62,104.0,33.91,0,0,0,0,0,15,2,0,0,0,0,0,7,0.0,0.0,0,5,1,19,3,0,0,0,7,17,11,61.11,0.0,0,0,0,146,170,0,0.36,0,31,3,11
945798,Djed Spence,djed-spence,33,Tottenham Hotspur,6.59,191.1,29,0,4,2,0,1.78,0,713,169,882,80.84,324,389,206,10,33,43.42,44,18,4,0,0,10,19.61,13,8,2,98,47.8,23,46.94,121,47.64,2079,0.0,0,0,0,0,0,0,0,0,7,6,0,0,0,34,40.48,52,2,4,29,364,10,53,20,1485,21,28,0,0,10,4,3,0,0,218.85,520.0,36.48,8,0,0,0,0,25,6,0,0,0,0,0,23,0.0,0.0,10,76,51,133,26,0,0,0,84,31,27,61.36,0.0,0,0,0,382,500,0,0.9,0,111,3,30
845386,Federico Chiesa,federico-chiesa,44,Liverpool FC,6.59,164.7,25,2,2,1,1,0.61,3,81,32,113,71.68,21,60,42,3,2,18.18,8,4,3,0,0,0,0.0,17,5,6,17,36.96,3,37.5,20,37.04,400,11.76,0,0,0,0,0,0,2,0,13,4,0,0,2,1,25.0,7,0,0,4,79,1,6,1,223,7,11,0,0,5,2,6,0,0,61.95,172.0,35.37,0,0,0,0,0,6,3,0,0,0,0,0,1,0.0,0.0,3,11,17,34,5,0,0,0,4,9,6,75.0,200.0,0,0,0,26,87,0,1.5,0,9,2,26
871290,Lucas Perri,lucas-perri,34,Leeds United,6.59,105.4,16,0,0,0,0,0.03,0,299,259,558,53.58,232,67,23,0,0,0.0,0,0,2,0,0,0,0.0,0,0,0,2,66.67,5,71.43,7,70.0,1440,0.0,0,0,0,1,0,0,0,0,0,0,0,0,0,93,26.5,16,0,0,0,274,0,36,21,700,3,1,0,0,0,0,0,0,38,10.84,0.0,21.63,3,4,0,29,8,28,1,6,3,3,9,0,16,0.0,0.0,0,0,0,3,2,0,0,0,351,29,0,0.0,0.0,0,0,8,265,293,0,,84,100,0,16
50480,Chris Wood,chris-wood,14,Nottingham Forest,6.59,98.8,15,3,0,4,0,0.32,3,111,49,160,69.38,45,66,41,5,1,50.0,1,1,0,0,0,0,0.0,23,9,14,8,36.36,26,40.0,34,39.08,906,13.04,0,0,0,0,0,0,3,0,22,1,0,2,1,2,66.67,9,0,1,2,75,4,8,2,241,6,6,2,0,5,4,0,0,0,102.64,156.0,34.99,0,0,0,0,0,12,2,0,0,0,0,0,11,0.0,0.0,5,2,1,53,39,0,0,0,3,14,1,100.0,302.0,0,0,0,56,104,2,4.25,0,14,4,15
1403061,Tyrique George,tyrique-george,48,Everton,6.59,92.2,14,0,3,1,0,1.18,0,89,22,111,80.18,25,64,42,3,7,50.0,7,2,2,0,0,5,45.45,10,5,4,16,38.1,1,33.33,17,37.78,370,0.0,0,0,0,0,0,0,0,0,7,3,0,0,0,1,20.0,0,0,1,9,58,5,4,2,192,2,9,0,0,1,4,1,0,0,42.93,119.0,34.4,0,0,0,0,0,9,0,0,0,0,0,0,1,0.0,0.0,3,14,11,28,2,0,0,0,5,9,5,71.43,0.0,0,0,0,30,81,0,0.63,0,14,0,15
808590,Leon Bailey,leon-bailey,40,Aston Villa,6.58,85.6,13,0,1,1,1,1.46,1,107,32,139,76.98,28,79,65,12,5,19.23,10,3,1,0,0,5,26.32,8,1,4,20,32.79,4,40.0,24,33.8,466,0.0,0,0,0,0,0,0,0,0,6,2,0,0,0,3,60.0,4,0,0,9,96,4,12,7,260,5,6,1,0,5,1,3,0,0,39.65,81.0,34.1,0,0,0,0,0,8,1,0,0,0,0,0,3,0.0,0.0,12,26,19,47,6,0,0,0,5,9,6,60.0,0.0,0,0,0,34,105,0,0.49,0,31,0,13
981619,Igor Jesus,igor-jesus,14,Nottingham Forest,6.58,243.6,37,6,5,3,4,1.27,10,333,125,458,72.71,104,229,109,15,11,28.21,24,3,2,0,0,3,30.0,70,21,18,74,39.36,81,39.13,155,39.24,2320,8.57,1,1,0,0,0,0,6,0,60,10,2,0,4,13,81.25,30,0,1,43,298,19,22,12,883,40,42,2,0,8,11,31,0,0,258.35,539.0,34.72,1,0,0,0,0,31,6,0,0,0,0,0,28,100.0,0.0,15,39,10,240,126,0,0,0,16,37,16,66.67,386.67,0,0,0,123,335,0,6.64,0,61,5,37
1652590,Ezra Mayers,ezra-mayers,37,West Ham United,6.58,39.5,6,0,0,0,0,0.49,0,68,13,81,83.95,24,44,24,2,1,100.0,0,1,0,0,0,2,66.67,1,0,0,1,50.0,3,75.0,4,66.67,134,0.0,0,0,0,0,0,0,0,0,1,0,0,0,0,4,40.0,4,0,0,1,17,0,4,2,101,0,0,0,0,0,0,1,0,0,13.53,25.0,34.54,0,0,0,0,0,3,0,0,0,0,0,0,0,0.0,0.0,2,1,3,2,1,0,0,0,10,3,0,0.0,0.0,0,0,0,28,53,0,0.12,0,6,0,6
135256,Christian Nørgaard,christian-nrgaard,42,Arsenal,6.58,39.5,6,0,0,0,0,0.04,0,51,10,61,83.61,27,24,9,0,0,0.0,3,0,0,0,0,0,0.0,2,1,1,3,27.27,2,40.0,5,31.25,108,0.0,0,0,0,0,0,0,0,0,0,2,0,0,0,0,0.0,8,0,0,1,16,1,5,2,90,0,3,0,0,4,0,0,0,0,15.46,9.0,34.18,0,0,0,0,0,1,0,0,0,0,0,0,1,0.0,0.0,0,0,1,11,3,0,0,0,4,1,2,66.67,0.0,0,0,0,29,32,0,0.08,0,4,1,7
99090,Dan Burn,dan-burn,39,Newcastle United,6.58,190.9,29,1,0,1,2,0.4,3,836,218,1054,79.32,563,273,110,7,2,66.67,40,21,9,0,1,1,7.14,10,3,4,53,46.49,98,60.49,151,54.71,2209,10.0,0,0,1,1,0,0,1,0,9,1,1,0,0,29,28.16,152,0,2,6,292,3,59,24,1505,13,36,0,0,19,3,3,0,0,249.36,381.0,34.95,5,0,0,0,0,29,5,0,0,0,0,0,25,0.0,0.0,7,3,14,125,64,0,0,0,103,34,26,65.0,2209.0,1,0,0,630,424,0,1.06,3,76,12,29
976263,Ian Maatsen,ian-maatsen,40,Aston Villa,6.58,190.9,29,0,5,1,1,2.41,1,615,100,715,86.01,297,318,206,26,21,41.18,43,19,2,0,0,12,22.22,20,5,9,83,46.89,18,60.0,101,48.79,1615,0.0,0,0,0,0,0,0,0,0,13,7,0,0,0,25,67.57,64,0,1,23,275,3,34,13,1268,19,17,0,0,24,1,6,0,0,177.55,447.0,36.77,2,0,0,0,0,25,2,0,0,0,0,0,17,0.0,0.0,26,51,54,106,12,0,0,0,37,27,32,74.42,0.0,0,0,0,331,384,0,1.3,0,82,1,30
826139,Reiss Nelson,reiss-nelson,50,Brentford,6.58,65.8,10,0,0,2,1,0.12,1,68,6,74,91.89,16,52,30,2,5,41.67,4,0,0,0,0,0,0.0,5,1,4,11,45.83,0,0.0,11,45.83,152,0.0,0,0,0,0,0,0,0,0,2,3,0,0,0,2,66.67,2,0,0,4,24,2,3,2,115,2,0,1,0,2,0,0,0,0,21.12,53.0,34.31,0,0,0,0,0,2,0,0,0,0,0,0,0,0.0,0.0,2,12,2,13,0,0,0,0,3,2,3,75.0,0.0,0,0,0,16,58,0,0.71,0,16,1,10
43215,Nathaniel Clyne,nathaniel-clyne,7,Crystal Palace,6.58,65.8,10,0,2,0,1,0.68,1,147,37,184,79.89,63,84,40,3,4,57.14,16,5,1,0,0,2,12.5,3,0,2,21,61.76,2,25.0,23,54.76,604,0.0,0,0,0,0,0,0,0,0,3,0,0,0,0,3,25.0,26,0,0,1,66,3,11,2,302,1,4,0,0,5,0,1,0,0,67.24,133.0,34.05,0,0,0,0,0,10,2,0,0,0,0,0,7,0.0,0.0,3,7,16,19,6,0,0,0,12,12,9,56.25,0.0,0,0,0,75,109,0,0.43,0,17,2,10
829570,Jack Harrison,jack-harrison,34,Leeds United,6.58,65.8,10,0,1,1,0,0.24,0,93,24,117,79.49,36,57,33,2,3,42.86,5,4,0,0,0,2,11.76,6,2,3,12,60.0,1,25.0,13,54.17,263,0.0,0,0,0,1,0,0,0,0,2,4,0,0,0,3,27.27,2,0,0,0,53,2,9,4,182,4,1,0,0,3,0,1,0,0,34.27,74.0,34.73,0,0,0,0,0,5,0,0,0,0,0,0,1,0.0,0.0,2,7,17,11,3,0,0,0,11,5,2,40.0,0.0,0,0,0,43,74,0,0.28,0,13,0,11
786186,Hwang Hee-chan,hwang-hee-chan,3,Wolverhampton,6.58,171.0,26,2,3,2,2,1.58,4,285,93,378,75.4,113,172,99,15,9,36.0,10,13,5,0,0,3,15.79,19,6,9,37,38.14,6,30.0,43,36.75,1461,10.53,1,1,0,0,2,0,2,0,11,8,0,1,1,13,59.09,16,2,1,11,182,6,23,10,605,18,28,0,0,6,9,4,0,0,170.05,267.0,34.79,0,0,0,0,0,26,3,0,0,0,0,0,18,100.0,0.0,15,25,19,74,14,0,0,0,22,29,4,40.0,730.5,0,0,0,142,236,0,2.39,0,57,0,26
1438837,Romain Esse,romain-esse,7,Crystal Palace,6.58,26.3,4,0,0,0,0,0.04,0,13,7,20,65.0,5,8,5,0,1,50.0,2,0,0,0,0,0,0.0,0,0,0,5,45.45,1,25.0,6,40.0,54,0.0,0,0,0,0,0,0,0,0,0,0,0,0,0,1,100.0,0,0,0,2,16,1,2,2,37,2,2,0,0,1,0,0,0,0,7.55,11.0,34.03,0,0,0,0,0,0,0,0,0,0,0,0,0,0.0,0.0,0,2,2,9,3,0,0,0,1,0,1,50.0,0.0,0,0,0,7,13,0,,0,2,0,4
152077,John Stones,john-stones,17,Manchester City,6.58,52.6,8,0,0,0,0,0.09,0,282,20,302,93.38,163,119,34,1,2,100.0,1,3,0,0,0,0,0.0,0,0,0,3,42.86,11,84.62,14,70.0,449,0.0,0,0,0,0,0,0,0,0,0,0,0,0,0,7,53.85,21,1,0,1,28,1,6,4,351,0,0,0,0,3,0,0,0,0,49.17,79.0,32.59,0,0,0,0,0,9,1,0,0,0,0,0,5,0.0,0.0,1,2,4,6,2,0,0,0,13,10,1,100.0,0.0,0,0,0,171,131,0,,1,19,6,9
836698,Ryan Sessegnon,ryan-sessegnon,43,Fulham,6.57,170.9,26,3,3,1,1,1.81,4,519,160,679,76.44,250,269,139,14,9,36.0,48,25,0,0,0,6,10.71,16,4,6,60,44.12,19,42.22,79,43.65,1822,18.75,0,0,0,2,0,0,3,0,14,2,0,3,0,21,36.21,64,0,1,18,339,3,36,10,1247,3,33,0,0,12,4,6,0,0,216.05,604.0,36.1,3,0,0,0,0,25,4,0,0,0,0,0,20,0.0,0.0,14,25,56,102,26,0,0,0,58,29,29,60.42,607.33,0,0,0,323,356,0,1.61,0,74,8,27
823941,Alexander Isak,alexander-isak,44,Liverpool FC,6.57,92.0,14,3,1,5,1,0.1,4,55,33,88,62.5,11,44,31,2,1,10.0,7,0,0,0,0,0,0.0,17,6,9,9,29.03,8,29.63,17,29.31,714,17.65,0,0,0,0,0,0,3,0,15,2,0,2,1,3,60.0,9,0,0,7,68,4,6,2,180,1,5,0,0,2,0,2,0,0,88.9,216.0,35.37,0,0,0,0,0,6,3,0,0,0,0,0,8,0.0,0.0,2,10,2,41,19,0,0,0,5,9,6,85.71,238.0,0,0,0,15,73,0,2.65,0,13,1,14
1597270,Pedro Lima,lima-pedro,3,Wolverhampton,6.57,46.0,7,0,0,1,0,0.37,0,35,20,55,63.64,21,14,8,3,1,33.33,8,5,0,0,0,4,40.0,4,1,2,10,40.0,2,40.0,12,40.0,271,0.0,0,0,0,0,0,0,0,0,3,1,0,0,0,3,27.27,6,0,2,4,41,0,4,2,134,1,5,0,0,4,0,1,0,0,30.59,64.0,33.91,0,0,0,0,0,6,0,0,0,0,0,0,3,0.0,0.0,3,3,10,18,3,0,0,0,11,6,6,75.0,0.0,0,0,0,27,28,0,0.34,0,11,0,9
838399,Joe Worrall,joe-worrall,6,Burnley,6.57,65.7,10,0,0,0,0,0.02,0,125,30,155,80.65,106,19,6,0,0,0.0,4,5,0,0,0,0,0.0,1,0,1,4,40.0,21,50.0,25,48.08,517,0.0,0,0,0,0,0,0,0,0,1,0,0,0,0,5,26.32,60,0,0,0,37,0,6,1,253,1,4,0,0,2,0,0,0,0,57.67,82.0,34.27,0,0,0,0,0,10,1,0,0,0,0,0,5,0.0,0.0,0,0,0,27,21,0,0,0,19,11,3,75.0,0.0,0,0,0,112,43,0,0.08,0,10,7,11
1064218,Chadi Riad,chadi-riad,7,Crystal Palace,6.57,59.1,9,0,1,2,1,0.13,1,323,51,374,86.36,201,122,33,1,1,100.0,8,6,2,0,0,0,0.0,4,2,2,12,46.15,13,46.43,25,46.3,554,0.0,0,0,0,0,0,0,0,0,4,0,0,0,0,23,50.0,28,0,1,3,62,0,19,10,460,3,5,0,0,6,0,0,0,0,59.99,84.0,35.93,0,0,0,0,0,8,0,0,0,0,0,0,6,0.0,0.0,1,1,6,29,15,0,0,0,46,8,4,50.0,0.0,0,0,0,222,152,0,0.33,6,32,3,9
1402726,Jack Fletcher,jack-fletcher,35,Manchester United,6.57,19.7,3,0,0,0,0,0.03,0,37,8,45,82.22,14,23,4,2,0,0.0,5,1,0,0,0,0,0.0,1,0,1,6,46.15,1,20.0,7,38.89,107,0.0,0,0,0,0,0,0,0,0,0,1,0,0,0,2,66.67,0,0,0,4,16,0,1,0,63,1,2,0,0,0,0,0,0,0,14.17,18.0,30.74,0,0,0,0,0,0,0,0,0,0,0,0,0,0.0,0.0,2,1,0,11,4,0,0,0,3,0,2,40.0,0.0,0,0,0,18,27,0,0.03,0,4,1,3
987734,Tolu Arokodare,tolu-arokodare,3,Wolverhampton,6.57,210.1,32,3,1,11,1,0.45,4,163,107,270,60.37,50,113,57,12,18,56.25,7,5,1,0,0,0,0.0,47,16,22,42,44.68,99,51.83,141,49.47,1438,6.38,1,0,0,0,1,0,3,0,40,7,2,0,1,1,14.29,43,0,0,22,225,8,5,3,599,17,17,1,0,1,6,9,0,0,154.11,226.0,35.14,1,0,0,0,0,24,4,0,0,0,0,0,13,0.0,0.0,12,32,0,144,92,0,0,1,7,28,5,71.43,479.33,0,0,0,77,193,0,5.46,0,26,2,33
1004505,Loum Tchaouna,loum-tchaouna,6,Burnley,6.56,190.3,29,2,1,1,1,0.93,3,257,85,342,75.15,89,168,98,13,7,33.33,18,2,2,0,0,10,29.41,23,9,5,40,41.24,14,35.9,54,39.71,1316,8.7,0,0,0,0,2,0,1,1,9,14,0,1,1,13,59.09,10,0,2,17,181,6,27,15,578,16,13,3,0,14,1,9,0,0,151.9,317.0,35.42,0,0,0,0,0,21,3,0,0,0,0,0,14,0.0,0.0,13,21,34,82,25,0,0,0,22,24,9,50.0,658.0,0,0,0,112,230,0,1.25,0,38,1,29
1174472,Tyler Dibling,tyler-dibling,48,Everton,6.56,85.3,13,0,0,0,0,0.16,0,88,14,102,86.27,38,50,29,4,13,48.15,7,6,2,0,0,1,14.29,4,0,1,31,43.06,2,28.57,33,41.77,371,0.0,0,0,0,0,0,0,0,0,3,1,0,0,0,3,75.0,4,0,0,10,59,2,2,2,207,11,11,0,0,6,0,3,0,0,40.82,63.0,32.33,1,0,0,0,0,2,0,0,0,0,0,0,4,0.0,0.0,4,27,7,46,5,0,0,0,4,2,3,42.86,0.0,0,0,0,41,61,0,0.2,0,22,1,14
1150952,Oliver Scarles,scarles-oliver,37,West Ham United,6.56,85.3,13,0,3,0,0,0.31,0,221,54,275,80.36,114,107,51,5,2,22.22,30,13,2,0,0,3,8.82,3,0,3,39,63.93,7,50.0,46,61.33,668,0.0,0,0,1,0,0,0,0,0,3,0,0,0,0,18,41.86,30,1,0,0,117,2,17,5,500,7,7,0,0,9,1,0,0,0,77.43,139.0,34.89,0,0,0,0,0,15,1,0,0,0,0,0,9,0.0,0.0,5,9,34,29,7,0,0,0,43,16,22,73.33,0.0,0,0,0,130,145,0,0.18,0,35,1,13
888550,Joe Willock,joe-willock,39,Newcastle United,6.56,150.9,23,0,4,1,2,1.1,2,302,57,359,84.12,109,193,117,14,7,41.18,20,9,3,0,0,3,20.0,17,6,8,38,40.0,10,47.62,48,41.38,1011,0.0,0,0,0,0,0,0,0,0,11,6,0,0,0,10,45.45,6,0,0,12,122,9,18,8,554,11,16,1,0,19,2,3,0,0,125.15,256.0,35.11,0,0,0,0,0,15,3,0,0,0,0,0,10,0.0,0.0,14,17,15,68,11,0,0,0,22,18,14,70.0,0.0,0,0,0,119,240,0,1.26,0,52,2,24
851596,Justin Kluivert,justin-kluivert,60,Bournemouth,6.56,131.2,20,2,3,1,0,1.53,2,280,65,345,81.16,82,198,136,21,11,42.31,10,4,5,0,0,8,19.05,17,4,7,31,35.63,6,20.69,37,31.9,951,11.76,0,0,0,0,3,0,1,1,6,11,0,0,2,13,72.22,2,0,0,15,154,10,14,8,530,10,18,1,0,9,2,6,0,0,111.77,243.0,35.19,0,0,0,0,0,15,4,0,0,0,0,0,10,0.0,0.0,21,26,42,79,23,0,0,0,18,19,6,60.0,475.5,0,0,0,97,248,0,2.32,0,46,2,20
894474,Max Kilman,max-kilman,37,West Ham United,6.56,124.6,19,0,0,2,0,0.31,0,604,83,687,87.92,418,186,43,4,4,80.0,16,9,4,0,0,1,33.33,7,1,4,22,44.0,47,57.32,69,52.27,1565,0.0,0,0,0,2,0,0,0,0,6,1,0,0,0,27,35.53,111,0,0,5,98,0,44,13,916,2,16,0,0,7,0,2,0,0,153.98,187.0,34.95,1,0,0,0,0,35,2,0,0,0,0,0,17,0.0,0.0,4,5,3,63,35,0,0,0,76,37,8,50.0,0.0,0,0,0,438,249,0,0.57,16,43,24,21
930245,Evann Guessand,evann-guessand,7,Crystal Palace,6.56,137.7,21,1,2,3,2,1.02,3,154,33,187,82.35,49,105,61,5,14,35.9,24,5,0,0,0,0,0.0,11,6,4,58,44.27,11,45.83,69,44.52,933,9.09,0,0,0,0,0,0,1,0,11,0,0,0,1,1,50.0,10,1,0,28,127,3,4,2,412,20,15,1,0,5,1,1,0,0,107.65,203.0,35.34,1,0,0,0,0,14,1,0,0,0,0,0,9,0.0,0.0,5,39,11,86,13,0,0,0,2,15,13,54.17,933.0,0,0,0,56,131,0,1.56,0,43,3,21
1096210,Jackson Tchatchoua,jackson-tchatchoua,3,Wolverhampton,6.56,196.7,30,0,3,0,1,1.69,1,413,129,542,76.2,183,230,100,21,5,35.71,29,15,3,0,0,22,24.18,2,1,1,43,53.75,23,42.59,66,49.25,1855,0.0,0,0,0,0,0,0,0,0,2,0,0,0,0,14,40.0,57,0,3,7,261,4,37,17,941,9,8,0,0,14,2,0,0,0,220.48,528.0,36.38,3,0,0,0,0,30,7,0,0,0,0,0,19,0.0,0.0,21,14,91,68,31,0,0,0,35,37,15,51.72,0.0,0,0,0,220,322,0,0.33,0,62,8,31
1015256,Rodrigo Muniz,rodrigo-muniz,43,Fulham,6.55,137.6,21,1,1,6,1,0.14,2,56,76,132,42.42,13,43,26,8,5,41.67,8,2,2,0,0,0,0.0,32,5,16,30,41.1,78,53.06,108,49.09,997,3.13,0,0,0,0,0,0,1,0,29,3,0,1,0,3,30.0,24,0,0,12,143,5,12,3,332,18,21,0,1,5,5,11,0,0,112.97,214.0,35.4,0,0,0,0,0,11,2,0,0,0,0,0,10,0.0,0.0,8,12,2,112,69,0,0,0,10,13,3,37.5,997.0,0,0,0,24,108,0,3.34,0,15,3,21
1003334,James McAtee,james-mcatee,14,Nottingham Forest,6.55,78.6,12,0,1,0,1,0.37,1,102,19,121,84.3,29,73,35,6,3,33.33,7,3,1,0,0,0,0.0,4,0,2,15,39.47,1,16.67,16,36.36,321,0.0,0,0,0,0,0,0,0,0,3,1,0,0,0,3,50.0,3,0,0,9,49,3,6,4,192,5,4,0,0,4,2,2,0,0,42.25,65.0,34.08,0,0,0,0,0,7,2,0,0,0,0,0,2,0.0,0.0,6,9,9,28,5,0,0,0,6,9,4,57.14,0.0,0,0,0,35,86,0,0.17,0,18,1,14
1136896,Lucas Pires,lucas-pires,6,Burnley,6.55,131.0,20,0,1,1,0,1.48,0,470,90,560,83.93,210,260,140,20,18,64.29,29,20,1,1,1,9,16.07,16,4,6,51,46.79,3,25.0,54,44.63,1406,0.0,0,0,0,0,0,0,0,0,7,9,0,0,0,14,34.15,39,0,0,12,210,6,29,11,959,4,15,1,0,21,6,6,0,0,172.46,331.0,34.87,1,0,0,0,0,24,5,0,0,0,0,0,15,0.0,0.0,20,28,56,67,9,0,0,0,41,29,22,75.86,0.0,0,0,0,237,323,0,0.58,0,86,6,20
856260,Josh Dasilva,josh-dasilva,50,Brentford,6.55,13.1,2,0,0,0,0,0.0,0,4,1,5,80.0,2,2,2,1,0,0.0,0,0,0,0,0,0,0.0,1,0,1,0,0.0,0,0.0,0,0.0,21,0.0,0,0,0,0,0,0,0,0,1,0,0,0,0,0,0.0,0,0,0,0,2,0,1,1,8,0,0,0,0,0,0,0,0,0,2.54,4.0,31.23,0,0,0,0,0,0,0,0,0,0,0,0,0,0.0,0.0,1,1,0,1,0,0,0,0,0,0,0,0.0,0.0,0,0,0,2,3,0,0.08,0,1,0,2
963298,Dilane Bakwa,dilane-bakwa,14,Nottingham Forest,6.55,85.1,13,0,2,1,2,1.01,2,155,41,196,79.08,52,103,67,11,8,38.1,4,0,1,0,0,8,21.05,9,3,4,26,44.07,1,20.0,27,42.19,552,0.0,0,0,0,0,0,0,0,0,5,4,0,0,0,2,25.0,2,0,0,5,107,2,8,1,333,14,9,0,0,6,0,2,0,0,62.26,113.0,35.05,0,0,0,0,0,9,1,0,0,0,0,0,6,0.0,0.0,11,21,38,37,4,0,0,0,8,10,3,75.0,0.0,0,0,0,63,133,0,0.55,0,28,1,14
945217,Jean-Clair Todibo,jean-clair-todibo,37,West Ham United,6.55,144.0,22,0,0,1,1,0.33,1,683,99,782,87.34,472,211,62,5,4,44.44,38,17,5,1,1,0,0.0,2,0,1,44,67.69,25,50.0,69,60.0,1817,0.0,0,0,0,0,0,0,0,0,2,0,0,0,0,25,38.46,98,0,2,1,123,1,31,10,1033,3,8,1,0,7,1,1,0,0,187.27,343.0,35.51,1,0,0,0,0,34,3,0,0,0,0,0,22,0.0,0.0,5,9,3,46,25,0,0,0,65,37,24,63.16,0.0,0,0,0,510,272,0,0.24,17,89,13,23
143047,Matt Doherty,matt-doherty,3,Wolverhampton,6.55,72.0,11,0,1,0,0,0.18,0,240,58,298,80.54,144,96,40,3,2,100.0,16,7,4,0,0,2,28.57,3,0,1,24,46.15,21,67.74,45,54.22,791,0.0,0,0,1,1,0,0,0,0,1,2,0,0,0,15,41.67,37,0,0,3,76,4,42,21,427,6,16,1,0,10,0,2,0,0,82.79,85.0,31.49,0,0,0,0,0,13,2,0,0,0,0,0,11,0.0,0.0,3,2,7,38,10,0,0,0,36,15,8,50.0,0.0,0,0,0,164,134,0,0.09,0,28,6,11
100390,Marco Bizot,marco-bizot,40,Aston Villa,6.54,45.8,7,0,0,0,0,0.0,0,184,57,241,76.35,168,16,3,0,0,0.0,0,0,2,0,0,0,0.0,0,0,0,1,50.0,1,100.0,2,66.67,585,0.0,0,0,0,1,0,0,0,0,0,0,0,0,0,30,34.88,10,1,0,0,58,0,25,16,312,1,1,0,0,0,0,0,0,19,18.45,0.0,22.27,1,1,0,11,7,9,1,4,9,9,7,0,6,0.0,0.0,0,0,0,1,0,0,0,0,86,10,0,0.0,0.0,0,0,6,183,58,1,,28,53,0,7
983572,Destiny Udogie,destiny-udogie,33,Tottenham Hotspur,6.54,130.8,20,0,2,0,1,0.75,1,500,85,585,85.47,222,278,145,12,6,33.33,31,7,4,0,0,5,18.52,4,1,1,58,52.25,8,38.1,66,50.0,1340,0.0,0,0,0,0,0,0,0,0,4,0,0,0,0,4,20.0,25,0,2,12,170,1,20,12,894,22,17,0,0,12,3,2,0,0,144.89,325.0,36.27,0,0,0,0,0,20,5,0,0,0,0,0,14,0.0,0.0,12,18,27,66,13,0,0,0,20,25,19,61.29,0.0,0,0,0,258,327,0,0.19,0,70,5,20
76632,Séamus Coleman,seamus-coleman,48,Everton,6.53,19.6,3,0,0,0,0,0.16,0,18,0,18,100.0,7,11,5,1,0,0.0,0,0,0,0,0,2,66.67,0,0,0,1,50.0,1,100.0,2,66.67,39,0.0,0,0,0,0,0,0,0,0,0,0,0,0,0,1,100.0,2,1,0,0,1,0,1,1,26,1,0,0,0,1,0,0,0,0,2.14,5.0,30.85,0,0,0,0,0,1,0,0,0,0,0,0,1,0.0,0.0,1,0,3,1,0,0,0,0,1,1,0,0.0,0.0,0,0,0,7,11,0,,0,2,0,5
1395746,Thierno Barry,thierno-barry,48,Everton,6.53,248.1,38,8,2,10,0,0.47,8,219,143,362,60.5,66,153,90,12,9,30.0,6,5,3,0,0,1,25.0,38,14,17,23,19.83,130,45.77,153,38.25,1932,21.05,0,0,0,0,0,0,8,0,36,2,1,3,3,1,33.33,25,0,0,23,278,9,4,1,678,8,47,2,0,10,12,7,0,0,217.97,540.0,35.48,0,0,0,0,0,31,3,0,0,0,0,0,21,0.0,0.0,12,30,4,247,154,0,0,0,3,34,4,66.67,241.5,0,0,0,96,266,1,8.15,0,35,4,38
817979,Axel Tuanzebe,axel-tuanzebe,6,Burnley,6.53,91.4,14,1,0,0,0,0.14,1,481,88,569,84.53,351,130,31,0,0,0.0,14,11,1,0,0,0,0.0,2,1,1,16,47.06,22,47.83,38,47.5,1202,50.0,0,0,0,1,0,0,1,0,2,0,0,0,1,22,33.85,83,0,3,0,92,0,43,15,723,2,13,0,1,5,1,0,0,0,130.64,183.0,35.46,1,0,0,0,0,26,0,0,0,0,0,0,14,0.0,0.0,0,0,1,42,24,0,0,0,65,26,8,57.14,1202.0,0,0,0,387,182,0,0.61,1,40,11,14
1153079,Jorrel Hato,jorrel-hato,38,Chelsea,6.53,143.6,22,0,1,0,0,0.63,0,700,61,761,91.98,456,244,96,8,7,53.85,36,18,7,0,0,4,57.14,4,0,4,45,54.88,16,47.06,61,52.59,1159,0.0,0,0,0,0,0,0,0,0,3,1,0,0,0,8,30.77,39,0,3,4,97,4,19,5,993,2,15,0,0,12,0,0,0,0,119.53,228.0,36.1,0,0,0,0,0,25,2,0,0,0,0,0,12,0.0,0.0,8,13,7,55,18,0,0,0,26,27,22,61.11,0.0,0,0,0,483,278,0,0.31,17,50,7,22
1064082,Merlin Röhl,merlin-rohl,48,Everton,6.53,97.9,15,1,0,1,0,0.32,1,131,38,169,77.51,58,73,40,6,3,27.27,25,4,0,0,0,3,60.0,11,1,6,35,41.67,15,39.47,50,40.98,694,9.09,0,0,0,0,0,0,0,1,7,4,0,1,0,3,50.0,9,0,0,15,81,3,4,3,312,7,20,1,0,6,2,4,0,0,87.46,200.0,35.94,2,0,0,0,0,13,0,0,0,0,0,0,6,0.0,0.0,6,11,5,72,23,0,0,0,6,13,12,48.0,694.0,0,0,0,71,98,0,0.78,0,28,2,16
1117025,Facundo Buonanotte,facundo-buonanotte,34,Leeds United,6.53,26.1,4,0,0,0,0,0.28,0,28,8,36,77.78,7,21,9,3,0,0.0,1,1,1,0,0,1,50.0,2,0,0,1,16.67,1,50.0,2,25.0,86,0.0,0,0,0,0,0,0,0,0,1,1,0,0,0,1,50.0,0,0,0,0,16,0,1,0,57,0,1,0,0,2,0,2,0,0,11.58,16.0,32.98,0,0,0,0,0,3,1,0,0,0,0,0,1,0.0,0.0,3,2,2,6,1,0,0,0,2,4,0,0.0,0.0,0,0,0,8,28,0,0.06,0,3,1,4
1526628,Fer López,fer-lopez,3,Wolverhampton,6.52,58.7,9,0,1,0,1,0.61,1,75,28,103,72.82,17,58,31,3,3,42.86,1,0,1,0,0,1,25.0,5,1,1,8,30.77,2,33.33,10,31.25,236,0.0,0,0,0,0,0,0,0,0,2,3,0,0,0,1,25.0,1,0,0,6,56,0,6,1,156,4,6,0,0,2,0,3,0,0,33.69,41.0,33.56,0,0,0,0,0,6,3,0,0,0,0,0,2,0.0,0.0,3,7,4,22,4,0,0,0,4,9,1,100.0,0.0,0,0,0,23,80,0,0.16,0,10,0,9
997103,Radu Drăguşin,radu-dragusin,33,Tottenham Hotspur,6.52,58.7,9,0,0,0,0,0.02,0,186,53,239,77.82,141,45,11,0,1,100.0,5,16,0,0,0,0,0.0,4,0,3,7,35.0,19,63.33,26,52.0,541,0.0,0,0,0,0,0,0,0,0,4,0,0,0,0,6,19.35,46,2,1,2,70,1,14,3,347,1,9,0,0,3,0,1,0,0,56.67,95.0,35.99,0,0,0,0,0,10,3,0,0,0,0,0,5,0.0,0.0,0,1,3,24,11,0,0,0,31,13,2,40.0,0.0,0,0,0,159,80,0,0.32,20,14,8,10
809276,Jacob Bruun Larsen,jacob-bruun-larsen,6,Burnley,6.52,182.6,28,0,2,2,1,1.17,1,238,54,292,81.51,67,171,107,12,10,28.57,12,6,0,0,0,9,21.43,17,4,6,22,34.38,11,39.29,33,35.87,1038,0.0,0,0,0,0,5,0,0,0,8,9,0,0,0,3,30.0,13,0,0,11,149,5,9,5,504,0,1,1,0,5,4,7,0,0,124.51,252.0,34.6,0,0,0,0,0,26,3,0,0,0,0,0,10,0.0,0.0,12,35,42,59,17,0,0,0,10,29,4,33.33,0.0,0,0,0,75,217,0,1.38,0,31,1,28
318927,Joe Gomez,joe-gomez,44,Liverpool FC,6.52,123.9,19,0,3,0,2,0.66,2,255,65,320,79.69,139,116,47,6,3,50.0,10,9,4,0,0,3,18.75,5,1,4,13,32.5,13,50.0,26,39.39,644,0.0,0,0,0,0,0,0,0,0,4,1,0,0,0,10,38.46,25,0,0,6,116,0,20,8,482,0,14,0,0,4,0,0,1,0,69.59,137.0,34.42,1,0,0,0,0,11,3,0,0,0,0,0,7,0.0,0.0,5,6,16,40,13,0,0,0,26,14,7,70.0,0.0,0,0,0,166,154,0,0.27,0,20,2,21
955245,Harvey Elliott,harvey-elliott,40,Aston Villa,6.52,32.6,5,0,0,0,0,0.09,0,69,13,82,84.15,10,59,41,1,0,0.0,0,0,0,0,0,1,33.33,5,0,1,2,66.67,1,50.0,3,60.0,117,0.0,0,0,0,0,0,0,0,0,4,1,0,0,0,1,20.0,1,0,0,0,18,1,4,0,103,2,0,0,0,0,0,4,0,0,16.75,34.0,30.15,0,0,0,0,0,2,0,0,0,0,0,0,1,0.0,0.0,1,1,3,2,1,0,0,0,5,2,0,0.0,0.0,0,0,0,13,69,0,0.29,0,4,1,5
1168588,Eliezer Mayenda,eliezer-mayenda,41,Sunderland,6.52,110.8,17,2,2,1,0,0.21,2,56,29,85,65.88,13,43,22,4,11,34.38,5,1,0,0,0,0,0.0,13,6,2,27,34.62,15,34.09,42,34.43,770,15.38,0,0,0,0,0,0,2,0,11,2,1,1,0,1,33.33,5,0,0,21,100,2,3,1,228,11,6,0,0,3,3,5,0,0,86.96,156.0,35.66,1,0,0,0,0,8,1,0,0,0,0,0,8,0.0,0.0,4,32,1,80,29,0,0,0,3,9,1,20.0,385.0,0,0,0,13,72,0,2.15,0,14,1,20
973418,Toti Gomes,toti-gomes,3,Wolverhampton,6.52,117.3,18,0,0,1,0,0.31,0,701,115,816,85.91,474,227,67,6,10,83.33,23,14,2,1,1,3,27.27,5,2,2,44,66.67,24,54.55,68,61.82,1427,0.0,0,0,0,0,0,0,0,0,4,1,0,0,0,40,41.24,95,1,1,5,144,0,52,20,1057,11,11,0,0,4,0,1,0,0,150.32,177.0,33.89,1,0,0,0,0,28,5,0,0,0,0,0,17,0.0,0.0,6,12,11,42,20,0,0,0,97,33,13,56.52,0.0,0,0,0,510,306,1,0.53,3,53,12,19
1084311,Justin Devenny,devenny-justin,7,Crystal Palace,6.52,130.3,20,1,0,4,0,0.38,1,185,68,253,73.12,76,109,60,7,3,21.43,25,1,0,0,0,0,0.0,13,4,5,38,43.18,8,26.67,46,38.98,830,7.69,1,1,0,0,1,0,1,0,10,3,0,1,0,9,32.14,12,0,0,11,144,4,15,6,453,10,11,1,0,19,1,4,0,0,95.21,201.0,33.8,1,0,0,0,0,13,2,0,0,0,0,0,7,100.0,0.0,7,14,16,72,22,0,0,0,28,15,11,44.0,830.0,0,0,0,92,161,0,2.62,0,34,0,21
917007,Joshua Zirkzee,joshua-zirkzee,35,Manchester United,6.51,156.3,24,2,2,5,1,0.35,3,182,63,245,74.29,70,112,48,11,5,55.56,9,1,3,0,0,2,40.0,25,9,10,20,40.82,20,38.46,40,39.6,666,8.0,0,0,0,0,0,0,1,1,21,4,0,2,0,3,42.86,11,0,0,13,120,2,7,4,393,6,9,0,0,3,1,6,0,0,80.01,132.0,34.72,0,0,0,0,0,7,1,0,0,0,0,0,5,0.0,0.0,11,9,5,61,32,0,0,0,7,8,6,66.67,333.0,0,0,0,88,157,0,2.95,0,19,2,24
1116571,Nilson Angulo,nilson-angulo,41,Sunderland,6.51,52.1,8,0,0,2,0,0.11,0,57,21,78,73.08,16,41,21,3,7,43.75,10,5,1,0,0,1,16.67,7,3,3,20,41.67,5,38.46,25,40.98,413,0.0,0,0,0,0,0,0,0,0,5,2,0,0,0,0,0.0,11,0,0,5,59,2,3,0,177,3,11,0,0,4,1,1,0,0,44.78,121.0,35.08,0,0,0,0,0,4,2,0,0,0,0,0,5,0.0,0.0,3,16,6,36,8,0,0,0,2,6,7,70.0,0.0,0,0,0,17,61,0,0.78,0,9,0,8
44566,Adam Smith,adam-smith,60,Bournemouth,6.51,123.7,19,0,1,0,2,0.25,2,283,80,363,77.96,137,146,71,5,1,100.0,15,8,3,0,0,1,7.69,0,0,0,26,43.33,14,46.67,40,44.44,1095,0.0,0,0,0,0,0,0,0,0,0,0,0,0,0,12,21.05,38,0,0,2,119,0,34,13,572,11,19,0,0,15,0,0,0,0,121.39,262.0,35.96,4,0,0,0,0,13,3,0,0,0,0,0,14,0.0,0.0,5,1,13,50,16,0,0,0,57,16,12,80.0,0.0,0,0,0,158,205,0,,0,29,9,22
286165,Adama Traoré,adama-traore,37,West Ham United,6.51,136.7,21,0,1,1,0,0.58,0,81,23,104,77.88,22,59,41,3,12,60.0,2,0,1,0,0,5,18.52,7,1,3,22,44.0,1,7.14,23,35.94,450,0.0,0,0,0,0,0,0,0,0,7,0,0,0,0,1,33.33,2,0,0,14,84,2,3,1,217,8,7,0,0,2,5,3,0,0,46.37,104.0,35.84,0,0,0,0,0,11,1,0,0,0,0,0,1,0.0,0.0,3,20,27,41,13,0,0,0,3,12,2,100.0,0.0,0,0,0,25,79,0,0.69,0,14,0,24
1110842,Simon Adingra,simon-adingra,41,Sunderland,6.51,84.6,13,1,2,1,0,0.61,1,122,39,161,75.78,45,77,43,7,7,26.92,11,2,2,0,0,5,18.52,6,2,2,21,28.0,9,39.13,30,30.61,665,16.67,0,0,0,0,0,0,1,0,5,1,0,0,1,2,33.33,11,0,0,12,109,4,7,2,309,3,17,0,0,9,4,2,0,0,78.33,159.0,33.51,0,0,0,0,0,7,1,0,0,0,0,0,9,0.0,0.0,7,26,27,68,14,0,0,0,6,8,8,72.73,665.0,0,0,0,55,106,0,0.35,0,20,0,14
892924,Hamed Junior Traorè,hamed-junior-traore,60,Bournemouth,6.5,6.5,1,0,0,0,1,0.0,1,2,0,2,100.0,2,0,0,1,0,0.0,1,0,0,0,0,0,0.0,0,0,0,1,50.0,0,0.0,1,25.0,16,0.0,0,0,0,0,0,0,0,0,0,0,0,0,0,0,0.0,1,0,0,0,2,0,0,0,7,0,0,0,0,0,0,0,0,0,2.35,6.0,33.06,0,0,0,0,0,2,0,0,0,0,0,0,0,0.0,0.0,1,1,1,3,2,0,0,0,0,2,0,0.0,0.0,0,0,0,2,0,0,,0,2,0,1
1017392,Carlos Alcaraz,carlos-alcaraz,48,Everton,6.5,110.5,17,0,2,1,1,0.54,1,251,56,307,81.76,98,153,84,10,7,46.67,14,3,4,0,0,3,50.0,20,5,7,32,45.07,14,45.16,46,45.1,730,0.0,0,0,0,0,0,0,0,0,13,7,0,0,0,12,66.67,7,0,2,9,107,2,11,6,452,12,10,1,0,12,1,8,0,0,86.01,195.0,34.99,0,0,0,0,0,9,1,0,0,0,0,0,6,0.0,0.0,10,15,6,56,17,0,0,0,18,10,9,64.29,0.0,0,0,0,111,196,0,1.24,0,43,3,20
1545190,Bendito Mantato,bendito-mantato,35,Manchester United,6.5,6.5,1,0,0,0,0,0.01,0,5,0,5,100.0,1,4,1,1,0,0.0,0,0,0,0,0,0,0.0,0,0,0,0,0.0,0,0.0,0,0.0,15,0.0,0,0,0,0,0,0,0,0,0,0,0,0,0,0,0.0,0,0,0,0,2,0,0,0,8,0,0,0,0,0,0,0,0,0,2.44,8.0,29.27,0,0,0,0,0,0,0,0,0,0,0,0,0,0.0,0.0,1,1,1,1,0,0,0,0,0,0,0,0.0,0.0,0,0,0,1,4,0,,0,0,0,1
227946,Angus Gunn,angus-gunn,14,Nottingham Forest,6.5,6.5,1,0,0,0,0,0.0,0,6,13,19,31.58,0,6,1,0,0,0.0,0,0,0,0,0,0,0.0,0,0,0,0,0.0,0,0.0,0,0.0,45,0.0,0,0,0,0,0,0,0,0,0,0,0,0,0,6,31.58,1,0,0,0,13,0,0,0,21,0,0,0,0,0,0,0,0,0,2.63,0.0,21.1,0,0,0,0,0,0,0,1,0,0,1,0,0,0.0,0.0,0,0,0,0,0,0,0,0,19,0,0,0.0,0.0,0,0,0,1,18,0,,8,4,0,1
1467990,Divine Mukasa,divine-mukasa,17,Manchester City,6.5,13.0,2,0,0,0,0,0.21,0,18,1,19,94.74,3,15,11,2,0,0.0,0,0,0,0,0,0,0.0,0,0,0,0,0.0,0,0.0,0,0.0,25,0.0,0,0,0,0,0,0,0,0,0,0,0,0,0,0,0.0,0,0,0,2,4,0,0,0,23,0,1,0,0,1,0,0,0,0,4.77,3.0,29.84,0,0,0,0,0,0,0,0,0,0,0,0,0,0.0,0.0,2,0,0,6,2,0,0,0,0,0,0,0.0,0.0,0,0,0,3,16,0,,0,1,0,2
1457536,Andrés García,andres-garcia,40,Aston Villa,6.5,32.5,5,0,0,0,0,0.01,0,37,0,37,100.0,20,17,5,0,0,0.0,5,0,0,0,0,0,0.0,0,0,0,5,55.56,0,0.0,5,55.56,105,0.0,0,0,0,0,0,0,0,0,0,0,0,0,0,0,0.0,4,0,1,1,11,0,0,0,64,0,1,0,0,1,0,0,0,0,12.18,24.0,33.25,0,0,0,0,0,1,2,0,0,0,0,0,1,0.0,0.0,0,1,4,4,0,0,0,0,0,3,4,80.0,0.0,0,0,0,20,17,0,,0,4,1,6
1094440,Romaine Mundle,mundle-romaine,41,Sunderland,6.5,91.0,14,0,0,1,0,0.47,0,89,15,104,85.58,30,59,32,1,7,46.67,5,1,1,0,0,2,18.18,7,2,3,19,34.55,5,62.5,24,38.1,412,0.0,0,0,0,0,0,0,0,0,5,2,0,0,0,2,50.0,6,0,0,14,64,3,2,0,208,8,7,0,0,7,0,2,0,0,46.96,109.0,34.26,0,0,0,0,0,10,1,0,0,0,0,0,2,0.0,0.0,1,15,11,39,3,0,0,0,4,11,5,100.0,0.0,0,0,0,37,67,0,0.86,0,22,0,14
1167066,Tom Watson,watson-tom,30,Brighton & Hove Albion,6.5,32.5,5,0,0,0,0,0.04,0,14,5,19,73.68,3,11,6,0,0,0.0,1,0,1,0,0,0,0.0,1,1,0,1,20.0,0,0.0,1,16.67,73,0.0,0,0,0,0,0,0,0,0,0,1,0,0,0,2,66.67,0,0,0,0,11,0,0,0,31,0,3,0,0,0,0,0,0,0,10.29,26.0,31.73,0,0,0,0,0,2,0,0,0,0,0,0,0,0.0,0.0,0,1,0,5,1,0,0,0,3,2,1,100.0,0.0,0,0,0,5,14,0,0.04,0,4,0,6
336655,Enes Ünal,enes-unal,60,Bournemouth,6.49,123.3,19,1,1,2,0,0.07,1,38,18,56,67.86,13,25,17,1,1,25.0,1,0,1,0,0,0,0.0,15,3,7,11,39.29,10,22.73,21,29.17,259,6.67,0,0,0,0,5,0,1,0,10,5,0,1,0,0,0.0,14,0,0,8,42,1,0,0,134,10,6,0,0,0,3,5,0,0,36.42,82.0,33.71,0,0,0,0,0,3,0,0,0,0,0,0,0,0.0,0.0,1,4,2,51,34,0,0,0,0,3,1,100.0,259.0,0,0,0,13,43,0,2.0,0,7,1,23
1154861,Ben Gannon-Doak,ben-doak,60,Bournemouth,6.49,51.9,8,0,1,1,1,0.12,1,37,11,48,77.08,10,27,16,1,2,25.0,6,1,0,0,0,0,0.0,3,1,1,9,42.86,1,25.0,10,40.0,122,0.0,0,0,0,0,0,0,0,0,2,1,0,0,0,0,0.0,0,0,0,0,24,0,0,0,82,1,3,0,0,3,0,1,0,0,17.67,43.0,36.02,0,0,0,0,0,1,0,0,0,0,0,0,0,0.0,0.0,1,8,4,15,3,0,0,0,1,1,2,33.33,0.0,0,0,0,12,36,0,0.26,0,6,0,8
1476524,Alex Tóth,alex-toth,60,Bournemouth,6.49,51.9,8,0,0,0,0,0.33,0,57,8,65,87.69,12,45,23,5,1,25.0,1,3,1,0,0,0,0.0,2,0,2,4,28.57,0,0.0,4,25.0,185,0.0,0,0,0,0,0,0,0,0,2,0,0,0,0,1,50.0,4,0,1,2,19,3,2,2,97,2,1,0,0,4,0,0,0,0,22.48,33.0,31.88,0,0,0,0,0,2,1,0,0,0,0,0,2,0.0,0.0,5,4,3,12,2,0,0,0,2,3,0,0.0,0.0,0,0,0,14,51,0,0.11,0,8,1,9
871706,Randal Kolo Muani,randal-kolo-muani,33,Tottenham Hotspur,6.48,194.5,30,1,2,7,1,1.77,2,231,97,328,70.43,66,165,113,20,28,42.42,29,3,3,0,0,7,38.89,20,4,11,74,36.82,32,39.51,106,37.59,1670,5.0,0,0,0,0,0,0,1,0,17,3,0,0,1,5,50.0,18,1,0,37,265,12,5,3,676,17,40,1,0,13,3,5,1,0,183.7,404.0,35.48,0,0,0,0,0,23,8,0,0,0,0,0,21,0.0,0.0,19,66,18,176,49,0,0,0,10,31,18,62.07,1670.0,0,0,0,87,241,0,2.18,0,64,1,30
901907,Lyle Foster,lyle-foster,6,Burnley,6.48,168.5,26,3,2,3,2,0.49,5,196,84,280,70.0,54,142,79,10,10,45.45,16,4,4,0,0,1,16.67,20,6,7,38,34.55,28,28.57,66,31.73,1372,15.0,0,0,0,0,0,0,3,0,15,5,0,1,2,7,50.0,20,0,0,32,190,9,5,2,523,13,22,0,0,8,11,7,0,0,162.36,373.0,35.57,0,0,0,0,0,29,1,0,0,0,0,0,15,0.0,0.0,10,22,6,142,70,0,0,0,14,30,12,75.0,457.33,0,0,0,69,211,0,3.25,0,42,3,26
1016893,Luís Guilherme,luis-guilherme,37,West Ham United,6.48,32.4,5,0,0,0,0,0.04,0,27,3,30,90.0,16,11,7,1,2,33.33,1,0,0,0,0,0,0.0,1,0,1,3,23.08,0,0.0,3,21.43,121,0.0,0,0,0,0,0,0,0,0,1,0,0,0,0,1,100.0,2,0,0,5,15,0,1,1,50,0,0,0,0,1,0,0,0,0,16.2,39.0,34.75,0,0,0,0,0,2,0,0,0,0,0,0,1,0.0,0.0,1,6,0,11,1,0,0,0,1,2,1,100.0,0.0,0,0,0,17,13,0,0.07,0,8,0,5
997087,Liam Delap,liam-delap,38,Chelsea,6.48,181.3,28,1,0,4,0,0.22,1,132,57,189,69.84,34,98,58,3,10,76.92,5,1,4,0,0,0,0.0,36,11,15,34,36.96,25,42.37,59,39.07,1139,2.78,0,0,1,0,0,0,1,0,31,5,0,1,0,1,50.0,11,0,1,22,131,4,3,0,377,19,25,2,0,8,5,10,0,0,115.37,261.0,35.51,0,0,0,0,0,15,3,0,0,0,0,0,12,0.0,0.0,3,13,6,92,34,0,0,0,2,18,3,60.0,1139.0,0,0,0,44,145,0,4.47,0,25,0,28
990550,Zeki Amdouni,zeki-amdouni,6,Burnley,6.48,25.9,4,0,0,0,0,0.02,0,19,1,20,95.0,4,15,5,0,1,25.0,0,0,0,0,0,0,0.0,3,1,1,2,28.57,1,50.0,3,33.33,69,0.0,0,0,0,0,0,0,0,0,2,1,0,0,0,1,100.0,0,0,0,1,10,0,0,0,35,1,1,0,0,0,0,1,0,0,10.26,16.0,31.0,0,0,0,0,0,0,0,0,0,0,0,0,0,0.0,0.0,0,4,0,6,1,0,0,0,1,0,0,0.0,0.0,0,0,0,4,16,0,0.24,0,1,0,4
1101174,Pablo Felipe,pablo-felipe,37,West Ham United,6.47,90.6,14,0,2,2,1,1.12,1,148,53,201,73.63,48,100,57,14,9,64.29,26,4,0,0,0,2,40.0,12,3,6,42,44.21,21,33.33,63,39.87,826,0.0,0,0,0,0,0,0,0,0,12,0,0,0,0,2,40.0,12,1,0,17,102,5,7,1,365,8,23,0,0,8,0,3,0,0,90.4,167.0,34.52,0,0,0,0,0,11,1,0,0,0,0,0,10,0.0,0.0,14,14,5,95,42,0,0,0,5,12,14,53.85,0.0,0,0,0,61,140,0,1.05,0,28,2,14
826183,Mike Trésor,mike-tresor,6,Burnley,6.47,38.8,6,0,0,0,0,0.0,0,23,4,27,85.19,12,11,3,1,0,0.0,1,0,0,0,0,1,33.33,0,0,0,1,20.0,0,0.0,1,12.5,63,0.0,0,0,0,0,0,0,0,0,0,0,0,0,0,1,100.0,0,0,0,2,13,1,2,0,42,0,0,0,0,0,0,0,0,0,8.26,10.0,33.93,0,0,0,0,0,0,2,0,0,0,0,0,0,0.0,0.0,1,2,3,7,3,0,0,0,1,2,1,100.0,0.0,0,0,0,13,14,0,,0,4,0,6
1503757,Jonah Kusi-Asare,jonah-kusi-asare,43,Fulham,6.47,38.8,6,0,0,0,0,0.01,0,11,5,16,68.75,0,11,6,1,0,0.0,1,0,1,0,0,0,0.0,0,0,0,3,33.33,1,14.29,4,25.0,79,0.0,0,0,0,0,0,0,0,0,0,0,0,0,0,0,0.0,0,0,0,0,8,0,1,0,25,2,4,0,0,3,0,0,0,0,10.79,44.0,35.23,0,0,0,0,0,2,0,0,0,0,0,0,0,0.0,0.0,1,0,0,12,6,0,0,0,1,2,1,100.0,0.0,0,0,0,0,16,0,,0,4,0,7
1445945,Trey Nyoni,nyoni-trey,44,Liverpool FC,6.47,19.4,3,0,0,1,0,0.02,0,20,2,22,90.91,7,13,6,1,0,0.0,1,0,0,0,0,0,0.0,1,0,1,1,20.0,0,0.0,1,20.0,47,0.0,0,0,0,0,0,0,0,0,1,0,0,0,0,0,0.0,0,0,0,1,4,0,0,0,30,0,1,0,0,1,1,0,0,0,6.38,17.0,34.28,0,0,0,0,0,1,0,0,0,0,0,0,0,0.0,0.0,1,1,0,4,0,0,0,0,1,1,0,0.0,0.0,0,0,0,8,14,0,0.37,0,4,0,6
1392044,Quilindschy Hartman,quilindschy-hartman,6,Burnley,6.46,135.7,21,0,6,1,5,1.99,5,557,179,736,75.68,310,247,118,20,5,41.67,52,31,1,0,0,11,14.47,9,3,4,60,60.61,10,35.71,70,55.12,1830,0.0,0,0,0,0,0,0,0,0,3,6,0,0,0,35,33.65,66,1,1,6,313,0,66,25,1198,3,13,0,0,13,1,2,0,0,203.36,363.0,34.76,2,0,0,0,0,39,1,0,0,0,0,0,21,0.0,0.0,20,12,76,57,18,0,0,0,104,40,32,61.54,0.0,0,0,0,362,374,0,0.34,0,69,4,21
1884145,Christantus Uche,christantus-uche,7,Crystal Palace,6.46,84.0,13,0,0,1,0,0.03,0,35,24,59,59.32,10,25,17,0,0,0.0,1,0,0,0,0,0,0.0,6,2,2,8,29.63,8,38.1,16,33.33,193,0.0,0,0,1,0,0,0,0,0,5,1,0,0,0,1,33.33,3,0,0,7,52,2,1,0,113,7,4,0,0,4,3,2,0,0,27.48,64.0,35.22,0,0,0,0,0,3,1,0,0,0,0,0,0,0.0,0.0,0,4,6,32,13,0,0,0,3,4,1,100.0,0.0,0,0,0,11,48,0,0.49,0,9,0,14
805123,Yoane Wissa,yoane-wissa,39,Newcastle United,6.46,116.2,18,1,1,6,1,0.56,2,65,28,93,69.89,24,41,30,4,1,8.33,5,0,3,0,0,0,0.0,13,5,8,8,25.0,15,42.86,23,34.33,539,7.69,0,0,0,0,0,0,1,0,12,1,0,0,1,4,80.0,2,0,0,6,57,2,4,3,162,2,6,0,0,1,4,0,0,0,65.39,169.0,33.33,0,0,0,0,0,9,2,0,0,0,0,0,4,0.0,0.0,4,12,1,44,20,0,0,0,5,11,5,100.0,539.0,0,0,0,30,63,0,3.12,0,14,1,19
552036,Josh Laurent,josh-laurent,6,Burnley,6.45,213.0,33,1,0,1,0,0.49,1,502,141,643,78.07,259,243,102,12,9,47.37,48,27,7,1,1,4,26.67,14,4,6,68,46.9,26,52.0,94,48.21,1783,7.14,0,0,0,1,0,0,1,0,6,8,0,0,1,16,27.59,39,1,0,15,206,2,43,12,925,11,31,1,0,22,2,4,0,0,217.76,443.0,34.59,1,0,0,0,0,36,4,0,0,0,0,0,18,0.0,0.0,12,19,15,101,24,0,0,0,58,40,25,52.08,1783.0,0,0,0,304,339,0,0.85,0,64,8,33
998772,Dane Scarlett,dane-scarlett,33,Tottenham Hotspur,6.45,12.9,2,0,0,0,0,0.01,0,2,2,4,50.0,2,0,0,0,0,0.0,0,0,0,0,0,1,100.0,0,0,0,0,0.0,0,0.0,0,0.0,21,0.0,0,0,0,0,0,0,0,0,0,0,0,0,0,0,0.0,0,0,0,1,5,0,0,0,9,0,1,0,0,0,0,0,0,0,2.64,4.0,28.07,0,0,0,0,0,0,0,0,0,0,0,0,0,0.0,0.0,0,0,1,4,2,0,0,0,0,0,0,0.0,0.0,0,0,0,3,1,0,,0,1,0,2
254713,Sam Byram,sam-byram,34,Leeds United,6.45,12.9,2,0,0,0,0,0.0,0,3,3,6,50.0,1,2,0,0,0,0.0,1,0,0,0,0,0,0.0,0,0,0,1,50.0,0,0.0,1,50.0,18,0.0,0,0,0,0,0,0,0,0,0,0,0,0,0,0,0.0,2,0,0,0,3,0,1,0,10,0,1,0,0,0,1,0,0,0,2.26,6.0,28.73,0,0,0,0,0,1,0,0,0,0,0,0,0,0.0,0.0,0,0,0,1,0,0,0,0,2,1,0,0.0,0.0,0,0,0,3,3,0,,0,1,0,2
2007717,Joel Drakes-Thomas,joel-drakes-thomas,7,Crystal Palace,6.45,12.9,2,0,0,0,0,0.0,0,8,3,11,72.73,2,6,4,0,0,0.0,1,0,0,0,0,0,0.0,0,0,0,1,33.33,0,0.0,1,33.33,25,0.0,0,0,0,0,0,0,0,0,0,0,0,0,0,0,0.0,0,0,0,0,4,0,0,0,13,0,1,0,0,0,0,0,0,0,2.18,3.0,28.7,0,0,0,0,0,0,1,0,0,0,0,0,0,0.0,0.0,0,1,0,2,0,0,0,0,0,1,1,100.0,0.0,0,0,0,4,7,0,,0,2,0,2
850823,Joël Piroe,joel-piroe,34,Leeds United,6.44,103.1,16,0,0,1,0,0.13,0,79,18,97,81.44,36,43,30,1,1,33.33,2,1,0,0,0,1,25.0,14,3,6,3,21.43,5,26.32,8,24.24,315,0.0,0,0,0,0,0,0,0,0,10,4,0,0,0,6,85.71,1,0,0,5,35,2,4,3,146,0,4,0,0,1,1,5,0,0,38.42,60.0,33.61,0,0,0,0,0,8,1,0,0,0,0,0,2,0.0,0.0,1,3,4,25,14,0,0,0,7,9,1,50.0,0.0,0,0,0,40,57,0,0.96,0,9,0,16
599128,Rico Henry,rico-henry,50,Brentford,6.43,154.4,24,0,1,0,1,0.55,1,370,111,481,76.92,199,171,75,4,15,50.0,15,8,2,0,0,3,12.0,5,0,4,47,50.0,19,47.5,66,49.25,1334,0.0,0,0,0,1,0,0,0,0,1,4,0,0,0,23,38.98,41,1,3,9,218,3,41,16,817,17,15,0,0,8,2,1,0,0,149.73,277.0,34.97,3,0,0,0,0,21,1,0,0,0,0,0,14,0.0,0.0,4,30,25,68,21,0,0,0,59,22,11,73.33,0.0,0,0,0,242,239,0,0.18,0,72,5,25
1627806,Harry Howell,harry-howell,30,Brighton & Hove Albion,6.43,19.3,3,0,0,0,0,0.03,0,29,5,34,85.29,11,18,7,0,2,66.67,1,0,0,0,0,0,0.0,0,0,0,3,37.5,2,33.33,5,35.71,93,0.0,0,0,0,0,0,0,0,0,0,0,0,0,0,2,50.0,3,0,0,2,14,0,1,1,56,0,0,0,0,2,1,0,0,0,10.26,25.0,31.0,0,0,0,0,0,2,0,0,0,0,0,0,1,0.0,0.0,0,3,4,9,4,0,0,0,4,2,0,0.0,0.0,0,0,0,13,21,0,,0,3,0,3
27028,Ashley Barnes,ashley-barnes,6,Burnley,6.43,45.0,7,0,0,1,0,0.04,0,4,9,13,30.77,1,3,3,0,1,100.0,0,0,2,0,0,0,0.0,2,1,0,2,40.0,8,50.0,10,47.62,92,0.0,0,0,0,0,0,0,0,0,2,0,0,0,0,0,0.0,0,0,0,2,17,0,1,0,27,2,2,0,0,0,2,1,0,0,4.87,4.0,27.2,0,0,0,0,0,2,1,0,0,0,0,0,0,0.0,0.0,0,1,0,11,8,0,0,0,1,3,0,0.0,0.0,0,0,0,1,12,0,0.25,0,2,0,7
996985,Armando Broja,armando-broja,6,Burnley,6.41,153.9,24,1,1,3,1,0.23,2,105,46,151,69.54,24,81,52,5,8,33.33,6,3,0,0,0,1,33.33,16,6,2,30,35.71,35,31.53,65,33.33,874,6.25,0,0,0,0,0,0,1,0,15,1,1,0,0,1,100.0,9,0,0,20,119,6,1,1,324,16,14,0,0,5,6,8,0,0,105.8,192.0,36.2,0,0,0,0,0,22,5,0,0,0,0,0,8,0.0,0.0,5,24,3,130,76,0,0,0,1,27,3,50.0,874.0,0,0,0,33,118,0,2.15,0,26,0,24
1402787,Shumaira Mheuka,shumaira-mheuka,38,Chelsea,6.4,6.4,1,0,0,0,0,0.0,0,1,1,2,50.0,0,1,0,0,0,0.0,0,0,0,0,0,0,0.0,0,0,0,0,0.0,0,0.0,0,0.0,9,0.0,0,0,0,0,0,0,0,0,0,0,0,0,0,0,0.0,1,0,0,0,1,0,0,0,3,0,0,0,0,1,0,0,0,0,1.13,2.0,25.86,0,0,0,0,0,0,0,0,0,0,0,0,0,0.0,0.0,0,0,0,2,1,0,0,0,0,0,0,0.0,0.0,0,0,0,1,1,0,,0,0,0,1
1403098,Kaye Furo,kaye-iyowuna-furo,50,Brentford,6.4,6.4,1,0,0,0,0,,0,0,0,0,0.0,0,0,0,0,0,0.0,0,0,0,0,0,0,0.0,0,0,0,0,0.0,0,0.0,0,0.0,9,0.0,0,0,0,0,0,0,0,0,0,0,0,0,0,0,0.0,0,0,0,0,3,0,0,0,3,0,1,0,0,0,0,0,0,0,0.79,1.0,33.01,0,0,0,0,0,0,0,0,0,0,0,0,0,0.0,0.0,0,0,0,1,1,0,0,0,0,0,0,0.0,0.0,0,0,0,0,0,0,,0,0,0,1
1142573,Jaydon Banel,jaydon-banel,6,Burnley,6.4,6.4,1,0,0,0,0,0.0,0,4,0,4,100.0,1,3,3,0,0,0.0,0,0,0,0,0,0,0.0,0,0,0,1,33.33,0,0.0,1,25.0,9,0.0,0,0,0,0,0,0,0,0,0,0,0,0,0,0,0.0,0,0,0,0,2,0,0,0,7,1,1,0,0,0,0,0,0,0,1.29,4.0,31.97,0,0,0,0,0,0,0,0,0,0,0,0,0,0.0,0.0,0,1,0,3,1,0,0,0,0,0,0,0.0,0.0,0,0,0,1,3,0,,0,0,0,1
1212165,George Earthy,george-earthy,37,West Ham United,6.4,6.4,1,0,0,0,0,0.01,0,3,0,3,100.0,2,1,1,0,0,0.0,0,0,0,0,0,0,0.0,0,0,0,0,0.0,0,0.0,0,0.0,8,0.0,0,0,0,0,0,0,0,0,0,0,0,0,0,0,0.0,0,0,0,0,0,0,0,0,3,0,0,0,0,0,0,0,0,0,1.59,2.0,27.62,0,0,0,0,0,1,0,0,0,0,0,0,0,0.0,0.0,0,0,0,0,0,0,0,0,0,1,0,0.0,0.0,0,0,0,2,1,0,,0,0,0,1
1899712,Bradley Burrowes,bradley-burrowes,40,Aston Villa,6.4,6.4,1,0,0,0,0,0.0,0,3,2,5,60.0,2,1,1,0,0,0.0,0,0,0,0,0,0,0.0,0,0,0,1,33.33,0,0.0,1,33.33,16,0.0,0,0,0,0,0,0,0,0,0,0,0,0,0,0,0.0,0,0,0,0,6,0,0,0,12,1,0,0,0,1,0,0,0,0,,,,0,0,0,0,0,1,0,0,0,0,0,0,0,0.0,0.0,0,1,3,2,0,0,0,0,0,1,0,0.0,0.0,0,0,0,3,2,0,,0,1,0,1
1185603,Kaden Rodney,kaden-rodney,7,Crystal Palace,6.4,6.4,1,0,0,0,0,0.0,0,3,2,5,60.0,2,1,1,0,0,0.0,0,0,0,0,0,0,0.0,0,0,0,0,0.0,0,0.0,0,0.0,9,0.0,0,0,0,0,0,0,0,0,0,0,0,0,0,0,0.0,0,0,0,0,2,0,0,0,5,0,1,0,0,0,0,0,0,0,1.06,5.0,28.56,0,0,0,0,0,0,0,0,0,0,0,0,0,0.0,0.0,0,0,0,2,1,0,0,0,1,0,0,0.0,0.0,0,0,0,2,3,0,,0,0,0,1
954061,Arnaud Kalimuendo,arnaud-kalimuendo,14,Nottingham Forest,6.4,38.4,6,0,0,1,0,0.03,0,24,5,29,82.76,4,20,12,1,0,0.0,1,0,0,0,0,0,0.0,4,1,0,1,20.0,4,57.14,5,41.67,106,0.0,0,0,0,0,0,0,0,0,3,1,0,0,0,0,0.0,1,0,0,1,12,2,1,0,46,0,2,0,0,0,1,3,0,0,13.03,28.0,33.44,0,0,0,0,0,3,0,0,0,0,0,0,0,0.0,0.0,1,1,2,7,3,0,0,0,0,3,1,100.0,0.0,0,0,0,5,24,0,0.44,0,4,0,9
153444,Jamaal Lascelles,jamaal-lascelles,39,Newcastle United,6.4,12.8,2,0,0,0,0,0.0,0,6,2,8,75.0,6,0,0,0,0,0.0,0,0,0,0,0,0,0.0,1,0,0,0,0.0,1,100.0,1,100.0,25,0.0,0,0,0,0,0,0,0,0,1,0,0,0,0,0,0.0,4,0,0,0,2,0,0,0,14,0,0,0,0,0,0,1,0,0,3.04,4.0,29.33,0,0,0,0,0,2,0,0,0,0,0,0,0,0.0,0.0,0,0,0,0,0,0,0,0,1,2,0,0.0,0.0,0,0,0,6,2,0,0.04,0,0,1,2
361326,Patrick Roberts,patrick-roberts,41,Sunderland,6.4,6.4,1,0,0,0,0,0.02,0,16,4,20,80.0,2,14,8,0,1,100.0,0,0,0,0,0,0,0.0,1,0,0,1,100.0,0,0.0,1,50.0,27,0.0,0,0,0,0,0,0,0,0,1,0,0,0,0,1,100.0,0,0,0,0,4,0,0,0,23,0,0,0,0,0,0,1,0,0,4.24,6.0,30.75,0,0,0,0,0,1,0,0,0,0,0,0,0,0.0,0.0,0,1,0,1,1,0,0,0,1,1,0,0.0,0.0,0,0,0,2,18,0,0.03,0,1,0,1
1511675,Sean Neave,sean-neave,39,Newcastle United,6.4,6.4,1,0,0,0,0,0.0,0,0,0,0,0.0,0,0,0,0,0,0.0,0,0,0,0,0,0,0.0,1,0,0,0,0.0,0,0.0,0,0.0,13,0.0,0,0,0,0,0,0,0,0,1,0,0,0,0,0,0.0,0,0,0,1,2,0,0,0,5,0,0,0,0,0,0,1,0,0,1.97,7.0,32.9,0,0,0,0,0,0,1,0,0,0,0,0,0,0.0,0.0,0,0,0,2,1,0,0,0,0,1,0,0.0,0.0,0,0,0,0,0,0,0.03,0,0,0,1
876599,Jørgen Strand Larsen,jorgen-strand-larsen,7,Crystal Palace,6.37,229.3,36,4,1,5,1,1.11,5,318,175,493,64.5,109,209,109,10,11,40.74,9,4,4,0,0,0,0.0,44,14,20,41,27.7,80,39.22,121,34.38,2316,9.09,2,1,0,0,0,0,4,0,37,7,1,0,3,9,47.37,38,0,0,27,306,7,22,10,829,21,52,3,0,14,10,10,0,0,257.87,434.0,34.8,2,0,0,0,0,35,6,0,0,0,0,0,26,50.0,0.0,10,27,3,231,124,0,0,1,19,41,3,33.33,579.0,0,0,0,151,342,1,5.32,0,37,7,36
1390490,Zach Abbott,abbott-zach,14,Nottingham Forest,6.37,19.1,3,0,0,0,0,0.01,0,44,18,62,70.97,28,16,9,0,1,33.33,4,1,0,0,0,1,33.33,0,0,0,6,50.0,6,75.0,12,60.0,165,0.0,0,0,0,1,0,0,0,0,0,0,0,0,0,1,12.5,7,0,0,2,34,1,7,2,107,1,3,0,0,0,0,0,0,0,16.73,31.0,31.88,0,0,0,0,0,4,0,0,0,0,0,0,2,0.0,0.0,0,3,3,8,2,0,0,0,8,4,4,100.0,0.0,0,0,0,32,30,0,,0,10,1,3
842513,Igor Júlio,igor-julio,30,Brighton & Hove Albion,6.37,19.1,3,0,0,0,0,0.0,0,16,6,22,72.73,11,5,2,1,0,0.0,0,1,0,0,0,0,0.0,0,0,0,0,0.0,0,0.0,0,0.0,122,0.0,0,0,0,0,0,0,0,0,0,0,0,0,0,2,33.33,10,0,0,0,9,0,2,1,43,0,1,0,0,0,0,0,0,0,11.65,18.0,34.4,0,0,0,0,0,3,0,0,0,0,0,0,1,0.0,0.0,1,0,0,2,1,0,0,0,6,3,0,0.0,0.0,0,0,0,12,10,0,,0,3,2,4
357584,Borna Sosa,borna-sosa,7,Crystal Palace,6.37,19.1,3,0,0,0,0,0.07,0,26,15,41,63.41,11,15,12,2,0,0.0,3,2,1,0,0,0,0.0,1,0,1,3,37.5,3,75.0,6,50.0,99,0.0,0,0,0,0,0,0,0,0,1,0,0,0,0,2,25.0,4,0,0,0,26,0,3,0,73,0,4,0,0,0,0,0,0,0,13.71,33.0,33.3,0,0,0,0,0,1,1,0,0,0,0,0,0,0.0,0.0,2,1,6,6,1,0,0,0,8,2,0,0.0,0.0,0,0,0,12,29,0,0.04,0,3,0,7
1394099,Callum Marshall,marshall-callum,37,West Ham United,6.35,12.7,2,0,0,1,0,0.0,0,2,2,4,50.0,1,1,0,0,1,50.0,0,2,0,0,0,0,0.0,1,0,1,1,25.0,1,25.0,2,25.0,58,0.0,0,0,0,0,0,0,0,0,1,0,0,0,0,0,0.0,0,0,0,2,8,0,0,0,17,0,0,0,0,0,1,0,0,0,6.89,11.0,29.41,0,0,0,0,0,2,0,0,0,0,0,0,0,0.0,0.0,0,2,0,6,3,0,0,0,0,2,0,0.0,0.0,0,0,0,1,3,0,0.13,0,1,0,2
870038,Saša Kalajdžić,sasa-kalajdzic,3,Wolverhampton,6.3,6.3,1,0,0,0,0,0.01,0,4,1,5,80.0,2,2,1,0,0,0.0,0,1,0,0,0,0,0.0,0,0,0,0,0.0,2,66.67,2,40.0,14,0.0,0,0,0,0,0,0,0,0,0,0,0,0,0,0,0.0,0,0,0,1,4,1,0,0,11,0,0,0,0,0,0,0,0,0,2.31,5.0,29.22,0,0,0,0,0,0,0,0,0,0,0,0,0,0.0,0.0,0,1,0,3,1,0,0,0,0,0,0,0.0,0.0,0,0,0,2,3,0,,0,1,0,1
2007889,Ben Winterburn,ben-winterburn,60,Bournemouth,6.3,6.3,1,0,0,0,0,,0,0,1,1,0.0,0,0,0,0,0,0.0,0,0,0,0,0,0,0.0,0,0,0,0,0.0,0,0.0,0,0.0,13,0.0,0,0,0,0,0,0,0,0,0,0,0,0,0,0,0.0,0,0,0,0,1,0,0,0,2,0,0,0,0,0,0,0,0,0,1.49,2.0,29.67,0,0,0,0,0,2,0,0,0,0,0,0,0,0.0,0.0,0,0,0,1,1,0,0,0,0,2,0,0.0,0.0,0,0,0,0,1,0,,0,0,0,1
1201520,Julio Soler,julio-soler,60,Bournemouth,6.3,12.6,2,0,0,0,0,0.01,0,20,3,23,86.96,5,15,4,0,0,0.0,1,0,0,0,0,0,0.0,0,0,0,3,50.0,0,0.0,3,50.0,34,0.0,0,0,0,0,0,0,0,0,0,0,0,0,0,0,0.0,0,0,0,0,6,0,0,0,31,2,2,0,0,1,0,0,0,0,4.48,4.0,27.8,0,0,0,0,0,1,1,0,0,0,0,0,0,0.0,0.0,0,0,2,3,0,0,0,0,2,2,0,0.0,0.0,0,0,0,7,16,0,,0,4,0,3
1154657,Mamadou Sarr,sarr-mamadou,38,Chelsea,6.3,18.9,3,0,0,1,0,0.0,0,46,6,52,88.46,43,3,1,0,0,0.0,1,1,0,0,0,0,0.0,1,0,1,1,25.0,1,50.0,2,33.33,107,0.0,0,0,0,0,0,0,0,0,1,0,0,0,0,0,0.0,5,0,0,0,7,0,1,1,63,0,0,0,0,2,0,0,0,0,9.88,16.0,31.15,0,0,0,0,0,3,0,0,0,0,0,0,1,0.0,0.0,0,1,0,4,1,0,0,0,3,3,0,0.0,0.0,0,0,0,45,7,0,0.44,9,2,1,3
1482340,Souza,souza,33,Tottenham Hotspur,6.3,25.2,4,0,0,0,0,0.04,0,25,2,27,92.59,12,13,6,3,0,0.0,0,2,1,0,0,0,0.0,1,1,0,2,18.18,0,0.0,2,16.67,144,0.0,0,0,0,0,0,0,0,0,0,1,0,0,0,0,0.0,4,0,0,1,8,0,1,0,49,2,3,0,0,3,0,0,0,0,16.2,43.0,34.14,0,0,0,0,0,2,1,0,0,0,0,0,2,0.0,0.0,3,2,3,10,1,0,0,0,0,3,0,0.0,0.0,0,0,0,12,15,0,0.02,0,3,0,4
1414933,Marc Guiu,guiu-marc,38,Chelsea,6.28,62.8,10,0,1,3,1,0.3,1,22,10,32,68.75,5,17,10,3,1,25.0,0,0,1,0,0,0,0.0,13,2,9,3,15.79,5,29.41,8,22.22,276,0.0,0,0,0,0,0,0,0,0,11,2,0,0,0,0,0.0,4,0,0,1,23,1,1,1,70,2,10,1,0,2,2,2,0,0,31.32,87.0,34.4,0,0,0,0,0,3,0,0,0,0,0,0,1,0.0,0.0,3,4,0,28,12,0,0,0,0,3,0,0.0,0.0,0,0,0,7,25,0,1.55,0,4,0,10
840103,John Victor,john-victor,14,Nottingham Forest,6.28,31.4,5,0,0,0,0,0.01,0,83,47,130,63.85,59,24,7,0,0,0.0,0,0,1,0,0,0,0.0,0,0,0,0,0.0,0,0.0,0,0.0,438,0.0,0,0,0,0,0,0,0,0,0,0,0,0,0,30,38.96,4,1,0,0,50,0,3,2,151,0,0,0,0,0,0,0,0,6,4.06,0.0,20.06,1,1,0,6,0,6,2,3,3,2,1,0,5,0.0,0.0,0,0,0,0,0,0,0,0,77,8,0,0.0,0.0,0,0,2,64,66,0,,31,26,0,5
1005959,Hákon Rafn Valdimarsson,hakon-rafn-valdimarsson,50,Brentford,6.2,6.2,1,0,0,0,0,0.0,0,30,11,41,73.17,23,7,0,0,0,0.0,0,0,0,0,0,0,0.0,0,0,0,0,0.0,0,0.0,0,0.0,90,0.0,0,0,0,0,0,0,0,0,0,0,0,0,0,12,52.17,0,0,0,0,11,0,3,3,48,0,0,0,0,0,0,0,0,1,,,,0,0,0,1,0,3,0,0,0,0,0,0,1,0.0,0.0,0,0,0,0,0,0,0,0,23,3,0,0.0,0.0,0,0,0,26,15,0,,6,7,0,1
877102,Nayef Aguerd,nayef-aguerd,37,West Ham United,6.2,12.4,2,0,0,0,0,0.03,0,104,11,115,90.43,62,42,17,0,1,100.0,1,1,0,0,0,0,0.0,2,0,2,3,100.0,4,57.14,7,70.0,180,0.0,0,0,0,0,0,0,0,0,2,0,0,0,0,6,46.15,11,0,0,0,14,0,6,3,145,1,0,0,0,0,0,0,0,0,19.07,37.0,34.26,0,0,0,0,0,8,0,0,0,0,0,0,2,0.0,0.0,0,1,2,3,3,0,0,0,13,8,0,0.0,0.0,0,0,0,63,52,0,0.1,2,8,2,2
132645,Niclas Füllkrug,niclas-fullkrug,37,West Ham United,6.19,49.5,8,0,0,1,0,0.23,0,57,36,93,61.29,19,38,18,7,0,0.0,2,2,0,0,0,0,0.0,9,3,4,3,15.79,18,36.0,21,30.43,408,0.0,0,0,0,0,0,0,0,0,9,0,0,0,0,1,50.0,4,0,0,6,51,2,5,1,144,1,11,0,0,1,3,2,0,0,46.45,55.0,32.4,0,0,0,0,0,11,0,0,0,0,0,0,5,0.0,0.0,7,0,0,48,32,0,0,0,2,11,1,50.0,0.0,0,0,0,21,72,0,0.92,0,10,1,8
150396,Emil Krafth,emil-krafth,39,Newcastle United,5.8,5.8,1,0,0,0,0,0.0,0,14,5,19,73.68,7,7,4,0,0,0.0,0,0,0,0,0,0,0.0,0,0,0,0,0.0,0,0.0,0,0.0,45,0.0,0,0,0,0,0,0,0,0,0,0,0,0,0,0,0.0,1,0,0,1,8,0,0,0,33,0,1,0,0,0,0,0,0,0,5.08,8.0,32.93,0,0,0,0,0,1,1,0,0,0,0,0,1,0.0,0.0,0,1,1,3,0,0,0,0,0,2,0,0.0,0.0,0,0,0,7,12,0,,0,0,0,1
1403130,James Rowswell,james-roswell,33,Tottenham Hotspur,0.0,0.0,0,0,0,0,0,,0,0,0,0,0.0,0,0,0,0,0,0.0,0,0,0,0,0,0,0.0,0,0,0,0,0.0,0,0.0,0,0.0,1,0.0,0,0,0,0,0,0,0,0,0,0,0,0,0,0,0.0,0,0,0,0,0,0,0,0,0,0,0,0,0,0,0,0,0,0,,,,0,0,0,0,0,0,0,0,0,0,0,0,0,0.0,0.0,0,0,0,0,0,0,0,0,0,0,0,0.0,0.0,0,0,0,0,0,0,,0,0,0,1
980649,Myles Peart-Harris,myles-peart-harris,50,Brentford,0.0,0.0,0,0,0,0,0,,0,0,0,0,0.0,0,0,0,0,0,0.0,0,0,0,0,0,0,0.0,0,0,0,0,0.0,0,0.0,0,0.0,1,0.0,0,0,0,0,0,0,0,0,0,0,0,0,0,0,0.0,0,0,0,0,0,0,0,0,1,0,1,0,0,0,0,0,0,0,0.35,1.0,30.29,0,0,0,0,0,0,0,0,0,0,0,0,0,0.0,0.0,0,0,0,1,0,0,0,0,0,0,0,0.0,0.0,0,0,0,0,0,0,,0,0,0,1
1899611,Nehemiah Oriola,nehemiah-oriola,30,Brighton & Hove Albion,0.0,0.0,0,0,0,0,0,,0,0,0,0,0.0,0,0,0,0,0,0.0,0,0,0,0,0,0,0.0,0,0,0,0,0.0,0,0.0,0,0.0,1,0.0,0,0,0,0,0,0,0,0,0,0,0,0,0,0,0.0,0,0,0,0,0,0,0,0,0,0,0,0,0,0,0,0,0,0,,,,0,0,0,0,0,0,0,0,0,0,0,0,0,0.0,0.0,0,0,0,0,0,0,0,0,0,0,0,0.0,0.0,0,0,0,0,0,0,,0,0,0,1
1565348,Joe Knight,joe-knight,30,Brighton & Hove Albion,0.0,0.0,0,0,0,0,0,,0,0,0,0,0.0,0,0,0,0,0,0.0,0,0,0,0,0,0,0.0,0,0,0,0,0.0,0,0.0,0,0.0,1,0.0,0,0,0,0,0,0,0,0,0,0,0,0,0,0,0.0,0,0,0,0,0,0,0,0,0,0,0,0,0,0,0,0,0,0,0.13,0.0,21.73,0,0,0,0,0,0,0,0,0,0,0,0,0,0.0,0.0,0,0,0,0,0,0,0,0,0,0,0,0.0,0.0,0,0,0,0,0,0,,0,0,0,1
