player_id,player_name,player_slug,team_id,team_name,rating,totalRating,countRating,goals,bigChancesCreated,bigChancesMissed,assists,expectedAssists,goalsAssistsSum,accuratePasses,inaccuratePasses,totalPasses,accuratePassesPercentage,accurateOwnHalfPasses,accurateOppositionHalfPasses,accurateFinalThirdPasses,keyPasses,successfulDribbles,successfulDribblesPercentage,tackles,interceptions,yellowCards,directRedCards,redCards,accurateCrosses,accurateCrossesPercentage,totalShots,shotsOnTarget,shotsOffTarget,groundDuelsWon,groundDuelsWonPercentage,aerialDuelsWon,aerialDuelsWonPercentage,totalDuelsWon,totalDuelsWonPercentage,minutesPlayed,goalConversionPercentage,penaltiesTaken,penaltyGoals,penaltyWon,penaltyConceded,shotFromSetPiece,freeKickGoal,goalsFromInsideTheBox,goalsFromOutsideTheBox,shotsFromInsideTheBox,shotsFromOutsideTheBox,headedGoals,leftFootGoals,rightFootGoals,accurateLongBalls,accurateLongBallsPercentage,clearances,errorLeadToGoal,errorLeadToShot,dispossessed,possessionLost,possessionWonAttThird,totalChippedPasses,accurateChippedPasses,touches,wasFouled,fouls,hitWoodwork,ownGoals,dribbledPast,offsides,blockedShots,passToAssist,saves,kilometersCovered,numberOfSprints,topSpeed,cleanSheet,penaltyFaced,penaltySave,savedShotsFromInsideTheBox,savedShotsFromOutsideTheBox,goalsConcededInsideTheBox,goalsConcededOutsideTheBox,punches,runsOut,successfulRunsOut,highClaims,crossesNotClaimed,matchesStarted,penaltyConversion,setPieceConversion,totalAttemptAssist,totalContest,totalCross,duelLost,aerialLost,attemptPenaltyMiss,attemptPenaltyPost,attemptPenaltyTarget,totalLongBalls,goalsConceded,tacklesWon,tacklesWonPercentage,scoringFrequency,yellowRedCards,savesCaught,savesParried,totalOwnHalfPasses,totalOppositionHalfPasses,totwAppearances,expectedGoals,goalKicks,ballRecovery,outfielderBlocks,appearances
99516,Aitor Fernández,aitor-fernandez,2820,Osasuna,8.4,8.4,1,0,0,0,0,0.0,0,25,16,41,60.98,12,13,3,0,0,0.0,0,0,0,0,0,0,0.0,0,0,0,0,0.0,0,0.0,0,0.0,90,0.0,0,0,0,0,0,0,0,0,0,0,0,0,0,19,54.29,2,0,0,0,16,0,4,3,53,0,0,0,0,0,0,0,0,5,,,,1,0,0,3,2,0,0,0,0,0,1,0,1,0.0,0.0,0,0,0,0,0,0,0,0,35,0,0,0.0,0.0,0,0,1,14,27,1,,11,10,,1
1131909,Leo Román,leo-roman,2826,Mallorca,7.83,54.8,7,0,0,0,0,0.02,0,119,103,222,53.6,79,40,11,0,1,100.0,0,0,0,0,0,0,0.0,0,0,0,1,100.0,1,100.0,2,100.0,630,0.0,0,0,0,0,0,0,0,0,0,0,0,0,0,63,38.41,9,0,0,0,103,0,12,8,299,1,0,0,0,0,0,0,0,40,,,,2,1,0,19,20,9,1,3,5,5,8,0,7,0.0,0.0,0,1,0,0,0,0,0,0,164,10,0,0.0,0.0,0,0,14,96,126,3,,52,50,,7
831005,Raphinha,raphinha,2817,FC Barcelona,7.8,280.7,36,18,26,20,9,10.11,27,994,257,1251,79.46,209,838,511,92,52,54.17,36,11,4,0,0,53,24.65,114,43,44,125,54.82,9,60.0,134,55.14,2844,15.79,2,2,2,0,18,0,16,2,66,48,1,13,4,46,58.97,22,0,0,29,563,25,109,62,1993,37,11,5,0,20,10,27,1,0,,,,7,0,0,0,0,29,2,0,0,0,0,0,32,100.0,0.0,91,96,215,109,6,0,0,0,78,31,22,61.11,158.0,0,0,0,242,1224,14,19.38,0,94,,36
1402912,Lamine Yamal,lamine-yamal,2817,FC Barcelona,7.79,272.8,35,9,28,14,13,11.61,22,1116,298,1414,78.93,158,980,633,65,161,55.71,42,16,3,0,0,22,20.37,144,47,51,263,53.67,1,25.0,264,53.44,2861,6.25,0,0,2,0,0,0,4,5,77,67,0,8,1,30,48.39,3,0,0,49,691,35,97,45,2361,60,30,5,0,22,13,46,1,0,,,,10,0,0,0,0,27,1,0,0,0,0,0,31,0.0,0.0,64,289,108,230,3,0,0,0,62,28,28,66.67,317.89,0,0,0,192,1330,11,9.81,0,123,,35
826643,Kylian Mbappé,kylian-mbappe,2829,Real Madrid,7.7,261.7,34,31,15,29,3,6.59,34,933,161,1094,85.28,139,800,573,52,83,47.7,8,1,3,1,1,6,17.14,161,85,37,131,44.11,4,40.0,135,43.97,2915,19.25,9,7,3,0,3,1,26,5,116,45,0,4,27,45,78.95,0,1,0,49,434,16,70,49,1734,40,25,4,0,4,44,39,1,0,,,,5,0,0,0,0,30,2,0,0,0,0,0,34,77.78,33.33,51,174,35,172,6,0,0,2,57,32,5,62.5,94.03,0,0,0,153,976,12,25.93,0,36,,34
1119678,Sergio Arribas,sergio-arribas,2816,Real Betis,7.6,7.6,1,0,0,0,0,0.0,0,28,13,41,68.29,21,7,1,0,0,0.0,7,3,0,0,0,0,0.0,0,0,0,7,87.5,1,100.0,8,88.89,90,0.0,0,0,0,0,0,0,0,0,0,0,0,0,0,0,0.0,4,0,0,0,17,0,1,0,72,0,0,0,0,1,0,0,0,0,,,,1,0,0,0,0,0,0,0,0,0,0,0,1,0.0,0.0,0,0,0,1,0,0,0,0,2,0,4,57.14,0.0,0,0,0,24,17,0,,0,3,,1
1094782,Unai Marrero,unai-marrero,2824,Real Sociedad,7.6,15.2,2,0,0,0,0,0.0,0,35,10,45,77.78,32,3,0,0,0,0.0,0,0,0,0,0,0,0.0,0,0,0,0,0.0,0,0.0,0,0.0,180,0.0,0,0,0,0,0,0,0,0,0,0,0,0,0,9,50.0,2,0,0,0,11,0,5,4,69,0,0,0,0,0,0,0,0,9,,,,0,1,1,6,3,3,0,1,2,2,1,0,2,0.0,0.0,0,0,0,0,0,0,0,0,18,3,0,0.0,0.0,0,0,3,34,11,0,,15,12,,2
992587,Pedri,pedri,2817,FC Barcelona,7.59,281.0,37,4,14,2,5,9.0,9,2379,293,2672,89.03,671,1718,918,70,40,66.67,61,26,3,0,0,10,17.24,25,11,8,152,58.02,7,53.85,159,57.82,2892,16.0,0,0,0,0,0,0,3,1,11,14,0,2,2,145,70.05,12,0,1,35,449,28,220,132,3191,51,10,1,0,46,2,6,0,0,,,,6,0,0,0,0,28,2,0,0,0,0,0,35,0.0,0.0,70,60,58,116,6,0,0,0,207,30,34,55.74,723.0,0,0,0,714,2016,6,2.18,0,254,,37
103417,Isco,isco,2816,Real Betis,7.54,165.8,22,9,5,3,8,3.86,17,925,148,1073,86.21,244,708,453,61,27,49.09,20,11,5,0,0,27,29.35,44,15,8,91,48.66,13,37.14,104,46.85,1551,20.45,6,5,0,0,4,0,9,0,22,22,1,0,8,68,71.58,6,0,0,27,327,14,110,70,1494,44,23,0,0,21,4,21,0,0,,,,2,0,0,0,0,21,3,0,0,0,0,0,17,83.33,0.0,61,55,92,118,22,0,0,1,95,24,13,65.0,172.33,0,0,0,272,893,6,8.62,0,71,,22
910031,Alex Baena,alex-baena,2819,Villarreal,7.48,239.5,32,7,21,6,9,12.58,16,772,271,1043,74.02,231,610,351,98,21,43.75,28,22,9,0,0,69,33.33,70,18,31,95,42.6,17,45.95,112,43.08,2602,10.0,1,0,0,0,8,0,7,0,35,35,0,3,4,70,56.45,14,0,2,32,532,16,148,77,1675,47,43,2,0,29,5,21,3,0,,,,5,0,0,0,0,27,9,0,0,0,0,0,30,0.0,0.0,95,48,207,148,20,0,0,1,124,36,15,53.57,371.71,0,0,0,290,960,9,7.18,0,140,,32
831808,Federico Valverde,federico-valverde,2829,Real Madrid,7.47,269.0,36,6,7,1,4,3.16,10,1970,192,2162,91.12,784,1188,555,39,16,61.54,50,55,4,0,0,2,7.69,57,22,21,81,69.23,27,62.79,108,67.5,3032,10.53,0,0,0,0,5,1,1,5,11,46,0,0,6,142,71.36,51,1,0,1,273,19,129,98,2603,15,12,0,0,14,1,14,0,0,,,,11,0,0,0,0,30,1,0,0,0,0,0,34,0.0,20.0,39,26,26,52,16,0,0,0,199,31,30,60.0,505.33,0,0,0,834,1354,7,2.66,3,174,,36
991011,Jude Bellingham,jude-bellingham,2829,Real Madrid,7.45,231.1,31,9,4,12,8,4.5,17,1321,188,1509,87.54,461,861,489,42,41,59.42,61,28,5,1,1,1,5.56,62,23,24,166,58.87,30,48.39,196,56.98,2494,14.52,2,1,1,0,0,0,9,0,45,17,2,2,5,67,73.63,21,0,1,43,342,12,81,45,2042,64,33,2,0,14,9,15,0,0,,,,4,0,0,0,0,30,3,0,0,0,0,0,29,50.0,0.0,42,69,18,148,32,0,1,0,91,33,33,54.1,277.11,0,0,0,481,1046,8,11.5,0,97,,31
798835,Giovani Lo Celso,lo-celso-giovani,2816,Real Betis,7.41,185.3,25,8,7,2,3,5.2,11,732,131,863,84.82,217,539,321,43,21,43.75,34,5,4,0,0,24,25.26,34,19,12,117,60.94,5,31.25,122,58.65,1455,23.53,3,2,0,0,4,1,5,3,16,18,0,8,0,45,69.23,2,0,1,31,304,11,64,36,1285,63,13,0,0,7,0,3,0,0,,,,1,0,0,0,0,18,2,0,0,0,0,0,15,66.67,25.0,43,48,95,86,11,0,0,1,65,20,22,64.71,181.88,0,0,0,246,712,3,4.77,0,76,,25
958380,Antony,antony,2816,Real Betis,7.41,126.0,17,5,8,2,2,2.9,7,594,113,707,84.02,130,475,312,38,24,42.11,25,10,2,0,0,11,27.5,43,17,13,76,48.1,5,26.32,81,45.76,1364,11.63,0,0,1,0,1,0,5,0,23,20,0,4,1,16,53.33,6,0,1,20,257,13,31,19,1051,27,15,0,0,14,1,13,1,0,,,,2,0,0,0,0,18,2,0,0,0,0,0,15,0.0,0.0,37,57,40,96,14,0,0,0,30,20,11,44.0,272.8,0,0,0,156,591,2,2.87,0,73,,17
910536,Rodrygo,rodrygo,2829,Real Madrid,7.4,222.1,30,6,5,1,5,4.19,11,900,90,990,90.91,152,770,477,49,49,51.58,21,11,0,0,0,22,27.16,54,20,18,107,56.02,7,30.43,114,53.27,1937,11.11,0,0,1,0,3,0,5,1,39,15,0,1,5,12,57.14,7,0,0,15,268,9,17,11,1442,37,8,1,0,16,1,16,0,0,,,,1,0,0,0,0,16,1,0,0,0,0,0,22,0.0,0.0,49,95,81,100,16,0,0,0,21,17,14,66.67,322.83,0,0,0,164,907,7,4.0,0,71,,30
930267,Joan García,joan-garcia,2814,Espanyol,7.39,280.7,38,0,0,0,0,0.07,0,709,350,1059,66.95,577,132,48,0,0,0.0,0,0,2,0,0,0,0.0,1,1,0,5,83.33,23,95.83,28,93.33,3420,0.0,0,0,0,0,0,0,0,0,1,0,0,0,0,232,40.35,39,2,2,0,360,0,92,52,1533,7,0,0,0,1,0,0,0,145,,,,8,6,2,88,54,43,8,21,20,19,60,0,38,0.0,0.0,0,0,0,2,1,0,0,0,575,51,0,0.0,0.0,0,2,21,625,434,7,0.07,216,392,,38
15466,Luka Modrić,luka-modric,2829,Real Madrid,7.38,258.2,35,2,17,1,6,6.27,8,1686,160,1846,91.33,566,1150,609,68,14,60.87,31,27,7,0,0,30,26.79,22,6,8,64,51.2,6,31.58,70,48.61,1830,9.09,0,0,0,0,1,0,1,1,4,18,0,1,1,118,75.64,13,0,0,13,294,15,176,125,2198,19,23,0,0,18,2,8,2,0,,,,3,0,0,0,0,19,2,0,0,0,0,0,17,0.0,0.0,66,23,112,74,13,0,0,0,156,21,20,64.52,915.0,0,0,0,601,1357,8,1.55,0,105,,35
868812,Vinícius Júnior,vinicius-junior,2829,Real Madrid,7.37,221.2,30,11,13,10,8,6.98,19,652,173,825,79.03,117,546,383,59,82,46.33,21,3,8,1,1,11,19.64,81,28,32,173,48.32,1,12.5,174,47.54,2257,13.58,3,2,2,0,0,0,10,1,56,25,0,2,9,40,67.8,0,0,2,49,462,20,74,35,1452,70,30,3,0,13,10,21,0,0,,,,4,0,0,0,0,21,3,0,0,0,0,0,24,66.67,0.0,59,177,56,192,7,0,0,1,59,24,10,47.62,205.18,0,0,0,126,755,6,10.69,0,71,,30
789071,Dani Olmo,dani-olmo,2817,FC Barcelona,7.27,181.8,25,10,7,5,3,3.7,13,515,103,618,83.33,146,374,213,27,23,57.5,16,3,1,0,0,5,23.81,42,17,17,66,47.48,9,50.0,75,47.77,1222,23.81,2,2,3,0,1,0,9,1,27,15,0,4,6,21,72.41,11,0,1,26,204,5,34,18,880,27,21,3,0,10,1,8,1,0,,,,0,0,0,0,0,10,0,0,0,0,0,0,13,100.0,0.0,26,40,21,82,9,0,0,0,29,10,11,68.75,122.2,0,0,0,164,475,3,6.51,0,46,,25
41789,Robert Lewandowski,robert-lewandowski,2817,FC Barcelona,7.27,247.2,34,27,3,23,2,1.49,29,383,130,513,74.66,108,275,175,19,20,60.61,10,3,1,0,0,0,0.0,115,48,42,69,43.13,37,48.05,106,44.73,2681,23.48,4,3,0,0,5,0,26,1,95,20,4,7,16,11,52.38,26,0,0,45,275,14,34,14,946,39,30,6,0,6,17,25,0,0,,,,4,0,0,0,0,26,1,0,0,0,0,0,32,75.0,0.0,19,33,5,131,40,0,1,0,21,27,5,50.0,99.3,0,0,0,124,394,5,27.11,0,45,,34
138572,Dani Carvajal,dani-carvajal,2829,Real Madrid,7.26,58.1,8,1,0,0,0,0.26,1,354,48,402,88.06,152,203,100,5,2,40.0,12,10,2,0,0,1,7.14,3,1,1,20,57.14,7,58.33,27,57.45,609,33.33,0,0,0,0,0,0,1,0,3,0,0,0,1,12,70.59,14,0,1,6,81,1,22,14,548,6,3,0,0,3,0,1,0,0,,,,3,0,0,0,0,3,0,0,0,0,0,0,7,0.0,0.0,5,5,14,20,5,0,0,0,17,3,8,66.67,609.0,0,0,0,165,251,0,1.31,0,21,,8
887055,Cucho Hernández,cucho-hernandez,2816,Real Betis,7.26,108.9,15,5,2,4,1,0.67,6,221,75,296,74.66,60,162,104,14,17,65.38,15,7,0,0,0,1,8.33,43,11,17,41,52.56,29,45.31,70,49.3,1149,11.63,0,0,1,0,0,0,4,1,34,9,2,0,3,19,82.61,4,0,0,14,156,8,24,16,515,9,10,2,0,5,5,15,0,0,,,,0,0,0,0,0,14,1,0,0,0,0,0,14,0.0,0.0,14,26,12,72,35,0,0,0,23,15,10,66.67,229.8,0,0,0,75,233,1,3.79,0,28,,15
19356,Iago Aspas,iago-aspas,2821,Celta Vigo,7.25,217.5,30,10,7,4,5,3.93,15,648,197,845,76.69,178,474,280,38,15,65.22,13,8,4,0,1,4,26.67,52,24,20,61,52.14,8,50.0,69,51.88,1747,19.23,6,5,1,0,3,0,9,1,32,20,0,9,1,51,68.0,3,0,0,20,280,11,86,51,1111,34,16,1,0,12,5,8,0,0,,,,1,0,0,0,0,25,2,0,0,0,0,0,19,83.33,0.0,38,23,15,64,8,0,0,1,75,27,8,61.54,174.7,1,0,0,214,646,4,8.71,0,55,,30
294377,Sergio Herrera,sergio-herrera,2820,Osasuna,7.24,268.0,37,0,0,0,0,0.08,0,733,369,1102,66.52,495,238,47,0,1,100.0,2,0,5,0,0,0,0.0,0,0,0,8,61.54,5,83.33,13,68.42,3330,0.0,0,0,0,1,0,0,0,0,0,0,0,0,0,313,46.17,39,1,0,0,376,0,89,59,1469,4,1,0,0,4,0,0,0,132,,,,8,7,0,86,45,44,8,10,49,47,30,2,37,0.0,0.0,0,1,0,6,1,0,0,0,678,52,1,50.0,0.0,0,1,25,556,546,4,,276,334,,37
1091116,Arda Güler,arda-guler,2829,Real Madrid,7.24,202.7,28,3,11,5,4,4.44,7,733,82,815,89.94,220,530,312,40,20,50.0,30,7,1,0,0,17,29.82,39,17,8,80,58.82,8,42.11,88,56.77,1273,7.69,0,0,1,0,2,0,2,1,23,16,0,2,1,42,77.78,8,0,0,9,179,10,49,34,1120,31,15,0,0,13,4,14,0,0,,,,1,0,0,0,0,16,1,0,0,0,0,0,14,0.0,0.0,40,40,57,67,11,0,0,0,54,17,16,53.33,424.33,0,0,0,233,639,4,3.23,0,56,,28
944656,Julián Alvarez,julian-alvarez,2836,Atlético Madrid,7.24,267.7,37,17,9,7,4,5.31,21,698,191,889,78.52,195,516,317,42,34,54.84,25,2,5,0,0,13,18.84,74,41,21,68,37.36,13,28.89,81,35.68,2518,22.97,4,4,0,0,5,1,16,1,49,25,1,4,12,35,66.04,10,0,1,40,382,15,59,39,1328,9,26,4,0,22,9,12,1,0,,,,4,0,0,0,0,15,2,0,0,0,0,0,30,100.0,20.0,41,62,69,146,32,0,0,0,53,17,17,68.0,148.12,0,0,0,241,717,3,14.22,0,75,,37
173883,Iñigo Martínez,inigo-martinez,2817,FC Barcelona,7.23,202.5,28,0,4,0,4,1.85,4,2209,208,2417,91.39,1179,1031,362,16,3,100.0,25,18,5,0,0,1,12.5,13,2,5,54,68.35,60,64.52,114,66.28,2493,0.0,0,0,1,0,0,0,0,0,11,2,0,0,0,136,61.82,103,0,1,3,232,1,156,100,2709,28,18,0,0,6,0,6,0,0,,,,7,0,0,0,0,30,1,0,0,0,0,0,28,0.0,0.0,16,3,8,58,33,0,0,0,220,31,14,56.0,0.0,0,0,0,1247,1178,4,0.49,15,126,,28
873947,Dani Raba,dani-raba,2845,Leganés,7.23,209.6,29,8,12,1,6,4.6,14,400,142,542,73.8,130,300,164,47,46,54.76,37,14,6,0,0,30,33.33,44,17,14,139,49.82,5,23.81,144,48.0,1896,18.18,5,4,1,0,4,0,8,0,19,25,1,6,1,21,37.5,17,0,1,40,349,17,70,27,1066,56,40,0,0,25,9,13,0,0,,,,0,0,0,0,0,22,5,0,0,0,0,0,24,80.0,0.0,47,84,90,156,16,0,0,1,56,27,23,62.16,237.0,0,0,0,156,476,2,7.55,0,90,,29
822519,Éder Militão,eder-militao,2829,Real Madrid,7.21,86.5,12,1,1,1,1,0.16,2,634,72,706,89.8,397,237,72,6,5,62.5,19,12,2,0,0,0,0.0,10,3,4,32,52.46,21,63.64,53,56.38,940,10.0,0,0,0,0,0,0,1,0,8,2,0,0,1,48,57.14,34,0,0,3,88,0,56,25,840,8,18,0,0,5,0,3,0,0,,,,3,0,0,0,0,8,1,0,0,0,0,0,11,0.0,0.0,6,8,2,41,12,0,0,0,84,9,17,89.47,940.0,0,0,0,420,288,4,0.64,13,44,,12
1134396,Jon Magunazelaia,jon-magunazelaia,2824,Real Sociedad,7.2,7.2,1,0,0,0,0,0.12,0,7,6,13,53.85,2,5,1,1,0,0.0,1,0,0,0,0,0,0.0,0,0,0,2,66.67,3,100.0,5,83.33,10,0.0,0,0,0,0,0,0,0,0,0,0,0,0,0,0,0.0,0,0,0,0,7,1,0,0,17,1,1,0,0,0,0,0,1,0,,,,0,0,0,0,0,0,0,0,0,0,0,0,0,0.0,0.0,0,0,0,1,0,0,0,0,1,0,1,100.0,0.0,0,0,0,7,6,0,,0,5,,2
345195,Ayoze Pérez,ayoze-perez,2819,Villarreal,7.19,215.8,30,19,5,13,2,1.9,21,307,87,394,77.92,105,208,140,32,34,48.57,27,8,4,0,0,6,40.0,75,31,26,100,48.31,13,28.26,113,44.66,1977,25.33,0,0,0,0,0,0,18,1,61,14,4,4,11,10,58.82,10,0,0,34,235,10,18,8,814,39,22,0,0,18,6,18,0,0,,,,1,0,0,0,0,19,6,0,0,0,0,0,22,0.0,0.0,32,70,15,140,33,0,0,0,17,25,14,51.85,104.05,0,0,0,116,293,4,12.8,0,56,,30
873189,Juan Foyth,juan-foyth,2819,Villarreal,7.19,136.6,19,1,0,3,0,0.91,1,808,115,923,87.54,556,254,99,7,4,50.0,25,19,4,0,0,2,50.0,17,5,9,34,55.74,41,59.42,75,57.69,1526,5.88,0,0,0,0,0,0,1,0,13,4,0,1,0,64,54.7,112,1,2,2,143,3,78,45,1217,5,16,1,0,5,0,3,0,0,,,,5,0,0,0,0,10,4,0,0,0,0,0,17,0.0,0.0,7,8,4,55,28,0,0,0,117,14,15,60.0,1526.0,0,0,0,599,328,2,2.39,17,61,,19
1066603,Luiz Júnior,luiz-junior,2819,Villarreal,7.19,122.2,17,0,0,0,0,0.01,0,263,132,395,66.58,213,50,9,0,0,0.0,0,0,2,0,0,0,0.0,0,0,0,5,100.0,7,87.5,12,92.31,1457,0.0,0,0,0,0,0,0,0,0,0,0,0,0,0,77,37.38,34,1,0,0,133,0,18,12,607,6,0,0,0,0,0,0,0,51,,,,5,4,0,23,25,14,4,20,9,9,15,0,16,0.0,0.0,0,0,0,1,1,0,0,0,206,18,0,0.0,0.0,0,0,13,245,150,0,,99,147,,17
1082981,Pablo Torre,pablo-torre,2817,FC Barcelona,7.18,64.6,9,3,1,0,1,1.28,4,176,30,206,85.44,54,126,66,8,2,40.0,5,3,0,0,0,4,30.77,6,4,2,15,50.0,1,14.29,16,43.24,315,50.0,0,0,0,0,1,1,1,2,1,5,0,1,2,3,60.0,4,0,1,6,54,0,9,6,274,8,4,0,0,2,1,0,0,0,,,,0,0,0,0,0,4,0,0,0,0,0,0,4,0.0,100.0,8,5,13,21,6,0,0,0,5,4,4,80.0,105.0,0,0,0,59,160,1,0.37,0,15,,10
85859,Antoine Griezmann,antoine-griezmann,2836,Atlético Madrid,7.18,272.7,38,8,13,9,7,6.53,15,1051,256,1307,80.41,365,717,408,50,15,45.45,30,6,2,0,0,31,22.46,50,18,18,71,50.35,21,47.73,92,49.73,2482,16.0,2,1,0,0,5,1,6,2,31,19,0,7,1,62,78.48,22,0,1,20,451,18,136,79,1760,26,11,3,0,22,14,14,2,0,,,,2,0,0,0,0,19,2,0,0,0,0,0,29,50.0,20.0,48,33,138,93,23,1,0,0,79,21,17,56.67,310.25,0,0,0,425,1020,4,7.51,0,93,,38
827212,Jules Koundé,jules-kounde,2817,FC Barcelona,7.17,229.4,32,2,6,3,3,3.79,5,1601,205,1806,88.65,673,939,480,32,22,44.9,63,20,4,0,0,11,17.46,18,6,8,104,55.91,30,54.55,134,55.6,2606,11.11,0,0,0,0,0,0,2,0,14,4,0,1,1,53,51.96,58,1,1,13,367,14,73,34,2529,19,22,0,0,22,7,4,0,0,,,,8,0,0,0,0,28,2,0,0,0,0,0,29,0.0,0.0,32,49,63,107,25,0,0,0,102,30,43,68.25,1303.0,0,0,0,742,1127,3,1.81,0,107,,32
353138,Marcos Llorente,marcos-llorente,2836,Atlético Madrid,7.17,236.5,33,2,8,0,4,3.12,6,1162,160,1322,87.9,598,581,301,28,14,51.85,69,27,0,1,1,17,27.42,16,5,5,108,62.79,15,50.0,123,60.89,2513,12.5,0,0,1,0,0,0,1,1,9,7,0,0,2,30,47.62,49,0,1,9,277,9,53,26,1879,25,23,1,0,19,4,6,0,0,,,,10,0,0,0,0,21,4,0,0,0,0,0,28,0.0,0.0,28,27,62,79,15,0,0,0,63,25,52,75.36,1256.5,0,0,0,651,733,2,0.77,0,131,,33
2087085,Yan Diomande,yan-diomande,2845,Leganés,7.16,71.6,10,2,0,0,1,0.89,3,155,23,178,87.08,53,104,66,14,23,62.16,14,8,1,0,0,2,16.67,11,3,4,53,53.54,3,20.0,56,49.12,551,18.18,0,0,0,0,0,0,2,0,7,4,0,1,1,2,66.67,4,0,0,16,92,6,3,1,358,16,8,0,0,10,2,4,0,0,,,,1,0,0,0,0,6,1,0,0,0,0,0,6,0.0,0.0,14,37,12,58,12,0,0,0,3,7,9,64.29,275.5,0,0,0,55,135,2,1.72,0,41,,10
910978,Dani Vivian,dani-vivian,2825,Athletic Club,7.16,229.1,32,4,1,3,0,0.72,4,1521,219,1740,87.41,920,604,193,10,10,62.5,40,47,3,0,0,3,37.5,18,5,11,69,56.1,45,58.44,114,57.0,2613,22.22,0,0,0,1,0,0,4,0,15,3,0,0,4,123,51.9,147,0,2,13,266,4,118,64,2150,21,27,1,0,11,1,2,0,0,,,,12,0,0,0,0,17,5,0,0,0,0,0,28,0.0,0.0,10,16,8,86,32,0,0,0,237,22,26,65.0,653.25,0,0,0,996,752,6,1.92,5,164,,32
973887,Eduardo Camavinga,eduardo-camavinga,2829,Real Madrid,7.16,136.0,19,1,1,0,2,0.71,3,677,84,761,88.96,318,359,175,11,15,60.0,42,18,2,0,0,0,0.0,8,2,2,86,60.99,22,55.0,108,59.67,1096,12.5,0,0,0,1,0,0,0,1,6,2,0,1,0,28,65.12,19,0,0,11,124,5,47,24,1016,31,21,0,0,14,1,4,0,0,,,,4,0,0,0,0,9,1,0,0,0,0,0,11,0.0,0.0,11,25,2,73,18,0,0,0,43,10,26,61.9,1096.0,0,0,0,347,416,1,0.44,0,90,,19
877102,Nayef Aguerd,nayef-aguerd,2824,Real Sociedad,7.16,150.3,21,0,1,3,0,0.27,0,1209,169,1378,87.74,798,412,106,6,5,71.43,30,13,5,0,0,1,50.0,15,5,8,54,72.0,61,64.89,115,68.05,1763,0.0,0,0,0,1,0,0,0,0,13,2,0,0,0,87,49.15,89,0,0,3,188,0,106,62,1626,19,11,1,0,6,0,2,1,0,,,,8,0,0,0,0,14,1,0,0,0,0,0,21,0.0,0.0,5,7,2,54,33,0,0,0,177,15,24,80.0,0.0,0,0,0,847,533,2,2.4,12,73,,21
37318,Ante Budimir,ante-budimir,2820,Osasuna,7.14,271.4,38,21,3,12,4,1.15,25,238,178,416,57.21,71,167,96,16,10,25.64,20,2,4,0,0,0,0.0,99,37,42,64,34.78,137,50.37,201,44.08,2966,21.21,8,8,6,0,0,0,21,0,91,8,7,13,0,5,55.56,25,0,0,44,345,15,11,3,869,35,47,1,0,10,15,20,0,0,,,,1,0,0,0,0,37,5,0,0,0,0,0,34,100.0,0.0,16,39,6,255,135,0,0,0,9,42,9,45.0,141.24,0,0,0,94,328,5,18.59,0,54,,38
807116,Antonio Raíllo,antonio-raillo,2826,Mallorca,7.14,257.1,36,2,4,4,0,0.96,2,1570,195,1765,88.95,1070,500,150,13,2,66.67,31,29,7,1,1,0,0.0,35,8,20,42,42.0,131,60.09,173,54.4,3209,5.71,0,0,0,0,0,0,2,0,33,2,1,0,0,89,56.69,221,0,1,6,215,2,87,50,2219,9,50,0,0,6,2,7,0,0,,,,9,0,0,0,0,33,5,0,0,0,0,0,36,0.0,0.0,13,3,3,145,87,0,0,0,157,38,18,58.06,1604.5,0,0,0,1128,640,4,2.0,88,104,,36
896073,Nahuel Tenaglia,nahuel-tenaglia,2885,Deportivo Alavés,7.14,242.8,34,2,5,2,1,1.4,3,724,249,973,74.41,339,397,177,19,17,56.67,96,47,11,0,0,12,14.12,27,9,14,157,61.57,47,47.0,204,57.46,2923,7.41,0,0,3,0,0,0,2,0,19,8,1,0,1,55,38.19,111,0,2,15,460,5,80,40,1933,45,37,0,0,35,2,4,0,0,,,,8,0,0,0,0,33,7,0,0,0,0,0,33,0.0,0.0,19,30,85,151,53,0,0,0,144,40,61,63.54,1461.5,0,0,0,401,657,1,2.19,3,117,,34
547838,Dani Ceballos,dani-ceballos,2829,Real Madrid,7.13,156.9,22,0,3,0,0,2.03,0,1265,65,1330,95.11,531,739,335,22,8,72.73,41,14,4,0,0,5,35.71,7,3,2,78,65.0,3,75.0,81,65.32,1225,0.0,0,0,0,0,0,0,0,0,2,5,0,0,0,45,72.58,10,1,1,7,98,11,28,20,1524,30,13,0,0,20,0,2,0,0,,,,3,0,0,0,0,11,0,0,0,0,0,0,15,0.0,0.0,22,11,14,43,1,0,0,0,62,11,21,51.22,0.0,0,0,0,550,794,2,0.35,1,87,,23
260031,Rubén García,ruben-garcia,2820,Osasuna,7.13,256.5,36,5,10,0,5,4.63,10,845,215,1060,79.72,285,607,322,50,12,37.5,52,15,2,0,0,47,34.56,27,10,6,95,46.57,28,42.42,123,45.56,2438,18.52,0,0,1,0,3,2,3,2,21,6,0,4,1,64,65.31,28,0,1,21,392,12,81,52,1554,31,36,0,0,34,10,11,1,0,,,,1,0,0,0,0,28,4,0,0,0,0,0,30,0.0,66.67,49,32,136,147,38,0,0,0,98,32,31,59.62,487.6,0,0,0,327,869,0,3.05,0,122,,36
249399,Rodrigo De Paul,rodrigo-de-paul,2836,Atlético Madrid,7.11,241.9,34,3,10,0,5,5.84,8,1416,268,1684,84.09,598,834,444,42,14,48.28,33,6,7,0,0,16,27.12,19,4,8,96,55.81,4,36.36,100,54.64,2113,15.79,0,0,0,0,0,0,1,2,5,14,0,0,3,103,57.54,14,1,2,24,397,11,182,102,2050,49,19,0,0,19,0,7,0,0,,,,4,0,0,0,0,16,1,0,0,0,0,0,23,0.0,0.0,42,29,59,83,7,0,0,0,179,17,26,78.79,704.33,0,0,0,647,1096,1,1.29,0,128,,34
855835,Sergio Gómez,sergio-gomez,2824,Real Sociedad,7.11,263.0,37,2,16,2,5,7.55,7,975,178,1153,84.56,392,641,316,57,22,46.81,71,19,4,0,0,58,25.11,18,10,4,109,54.5,20,46.51,129,53.09,2743,11.11,0,0,0,1,5,1,1,1,6,12,0,1,1,40,48.78,23,0,2,16,449,15,46,26,1813,16,29,0,0,26,9,4,1,0,,,,7,0,0,0,0,30,3,0,0,0,0,0,31,0.0,20.0,56,47,231,114,23,0,0,0,82,33,39,54.93,1371.5,0,0,0,446,938,1,1.89,0,146,,37
593526,Nicolas Pépé,nicolas-pepe,2819,Villarreal,7.11,199.0,28,3,9,4,6,4.09,9,479,95,574,83.45,132,359,245,33,27,48.21,22,5,3,0,0,12,27.27,38,17,12,74,48.05,16,47.06,90,47.87,1495,7.89,0,0,1,0,1,0,2,1,28,10,1,1,1,15,75.0,12,0,0,20,235,7,21,13,915,25,20,2,0,11,8,9,0,0,,,,2,0,0,0,0,17,6,0,0,0,0,0,15,0.0,0.0,33,56,44,98,18,0,0,0,20,23,9,40.91,498.33,0,0,0,155,463,1,3.94,0,53,,28
70988,Thibaut Courtois,thibaut-courtois,2829,Real Madrid,7.11,213.2,30,0,1,0,0,0.02,0,679,167,846,80.26,643,36,9,1,0,0.0,0,1,1,0,0,0,0.0,0,0,0,1,50.0,9,100.0,10,90.91,2700,0.0,0,0,0,0,0,0,0,0,0,0,0,0,0,83,34.16,24,0,1,0,173,0,42,24,1146,2,0,0,1,0,0,0,0,77,,,,11,3,0,48,28,28,1,9,7,7,15,0,30,0.0,0.0,1,1,0,1,0,0,0,0,243,29,0,0.0,0.0,0,3,19,685,161,1,,148,236,,30
69408,Marcos Alonso,marcos-alonso,2821,Celta Vigo,7.11,220.3,31,3,3,1,0,2.04,3,2079,219,2298,90.47,1226,863,361,21,16,66.67,35,34,9,1,2,10,23.81,34,13,11,79,55.24,70,61.95,149,58.2,2655,8.82,3,3,0,1,7,0,3,0,19,15,0,3,0,110,54.73,118,2,2,9,296,8,126,70,2769,28,31,0,0,19,2,10,0,0,,,,7,0,0,0,0,35,4,0,0,0,0,0,29,100.0,0.0,21,24,42,107,43,0,0,0,201,39,21,60.0,885.0,1,0,0,1309,1031,3,3.97,8,176,,31
146866,Gerard Moreno,gerard-moreno,2819,Villarreal,7.11,120.8,17,3,7,1,2,1.91,5,232,59,291,79.73,67,168,113,17,18,58.06,7,2,0,0,0,3,30.0,26,12,9,36,48.0,17,80.95,53,55.21,717,11.54,3,3,1,0,0,0,3,0,20,6,0,3,0,19,67.86,7,0,0,9,111,7,25,15,446,11,10,1,0,9,1,5,0,0,,,,0,0,0,0,0,6,4,0,0,0,0,0,6,100.0,0.0,17,31,10,43,4,0,0,0,28,10,4,57.14,239.0,0,0,0,76,225,1,4.15,0,25,,17
807648,Yeray Álvarez,yeray-alvarez,2825,Athletic Club,7.1,149.2,21,1,1,0,0,0.4,1,990,183,1173,84.4,614,378,96,4,6,66.67,25,34,4,0,0,2,66.67,9,2,6,44,59.46,51,53.68,95,56.21,1788,11.11,0,0,0,0,0,0,1,0,7,2,1,0,0,84,44.92,127,0,1,7,209,2,100,45,1459,15,15,1,0,7,0,1,0,0,,,,10,0,0,0,0,10,1,0,0,0,0,0,20,0.0,0.0,4,9,3,74,44,0,0,0,187,11,13,52.0,1788.0,0,0,0,671,505,3,0.48,10,83,,21
88528,Florian Lejeune,florian-lejeune,2818,Rayo Vallecano,7.1,262.7,37,2,3,2,3,1.14,5,1719,327,2046,84.02,1109,613,209,14,4,80.0,46,41,8,0,0,3,37.5,58,17,27,68,48.92,93,59.62,161,54.58,3326,3.45,0,0,0,3,20,1,1,1,24,34,1,0,1,175,46.05,178,0,1,4,356,0,184,102,2532,19,50,4,0,20,0,14,0,0,,,,9,0,0,0,0,37,8,0,0,0,0,0,37,0.0,5.0,14,5,8,134,63,0,0,0,380,45,28,60.87,1663.0,0,0,0,1193,861,4,3.56,14,156,,37
811629,Luis Milla,luis-milla,2859,Getafe,7.1,234.3,33,1,5,0,4,4.95,5,1074,248,1322,81.24,420,709,354,70,21,60.0,61,24,5,0,0,55,27.36,32,8,13,129,56.58,32,45.71,161,54.03,2878,3.13,1,1,0,1,4,0,1,0,6,26,0,0,1,83,48.54,28,1,2,17,485,13,138,62,1918,48,38,1,0,37,0,11,0,0,,,,5,0,0,0,0,28,6,0,0,0,0,0,32,100.0,0.0,70,35,201,137,38,0,0,0,171,34,40,65.57,2878.0,0,0,0,468,1055,1,1.83,0,168,,33
925097,Ronald Araújo,ronald-araujo,2817,FC Barcelona,7.1,85.2,12,1,1,1,1,0.25,2,660,58,718,91.92,361,299,68,4,0,0.0,12,9,3,0,0,0,0.0,4,2,2,16,59.26,33,61.11,49,60.49,766,25.0,0,0,0,0,0,0,1,0,3,1,1,0,0,26,54.17,22,0,0,1,63,0,18,10,808,4,9,0,0,1,0,0,0,0,,,,1,0,0,0,0,5,0,0,0,0,0,0,11,0.0,0.0,4,1,0,32,21,0,0,0,48,5,9,75.0,766.0,0,0,0,382,336,1,0.95,1,27,,12
263651,Juan Musso,juan-musso,2836,Atlético Madrid,7.1,14.2,2,0,0,0,0,0.0,0,40,8,48,83.33,40,0,0,0,0,0.0,0,0,0,0,0,0,0.0,0,0,0,0,0.0,1,100.0,1,100.0,180,0.0,0,0,0,0,0,0,0,0,0,0,0,0,0,3,27.27,0,0,0,0,9,0,4,1,65,1,0,0,0,0,0,0,0,2,,,,2,0,0,1,1,0,0,0,1,1,2,0,2,0.0,0.0,0,0,0,0,0,0,0,0,11,0,0,0.0,0.0,0,0,1,42,6,0,,13,15,,2
859025,Aurélien Tchouaméni,aurelien-tchouameni,2829,Real Madrid,7.1,227.1,32,0,2,3,0,0.91,0,1862,142,2004,92.91,989,874,284,5,10,76.92,47,46,5,0,0,1,8.33,19,3,12,81,59.56,74,73.27,155,65.4,2692,0.0,0,0,0,1,0,0,0,0,12,7,0,0,0,64,63.37,91,0,1,8,190,6,71,41,2375,24,26,0,0,20,0,4,0,0,,,,10,0,0,0,0,28,3,0,0,0,0,0,31,0.0,0.0,5,13,12,82,27,0,0,0,101,31,23,48.94,0.0,0,0,0,1040,976,0,1.65,23,143,,32
580550,Clément Lenglet,clement-lenglet,2836,Atlético Madrid,7.1,163.2,23,2,2,1,1,0.74,3,1190,166,1356,87.76,788,402,110,5,3,100.0,27,22,9,0,0,0,0.0,10,4,3,48,57.83,38,50.0,86,54.09,1976,20.0,0,0,0,2,1,0,2,0,9,1,0,2,0,100,50.76,103,0,1,3,182,1,130,75,1611,19,29,0,0,4,2,3,0,0,,,,10,0,0,0,0,13,5,0,0,0,0,0,23,0.0,0.0,5,3,4,73,38,0,0,0,197,18,17,62.96,988.0,0,0,0,858,502,4,2.41,7,74,,23
859773,Óscar Mingueza,oscar-mingueza,2821,Celta Vigo,7.09,234.1,33,4,12,2,6,6.43,10,1439,340,1779,80.89,586,874,461,35,25,44.64,38,22,6,1,1,21,15.11,33,10,12,94,45.63,11,50.0,105,46.05,2741,12.12,0,0,1,0,8,1,3,1,11,22,0,1,3,99,48.29,36,0,7,14,595,7,164,90,2560,31,24,0,0,43,2,11,0,0,,,,4,0,0,0,0,44,3,0,0,0,0,0,31,0.0,12.5,35,56,139,123,11,0,0,0,205,47,24,63.16,685.25,0,0,0,683,1235,1,1.46,0,138,,34
358910,Augusto Batalla,augusto-batalla,2818,Rayo Vallecano,7.09,227.0,32,0,0,0,0,0.07,0,659,385,1044,63.12,543,116,52,1,6,100.0,4,0,6,0,0,0,0.0,0,0,0,17,85.0,10,100.0,27,90.0,2880,0.0,0,0,0,0,0,0,0,0,0,0,0,0,0,212,35.81,26,0,4,0,394,0,110,68,1361,6,1,0,0,2,0,0,0,96,,,,8,8,2,64,31,31,8,11,16,13,30,1,32,0.0,0.0,1,6,0,3,0,0,0,0,592,39,2,50.0,0.0,0,2,22,596,448,1,,184,286,,32
791046,Dominik Greif,dominik-greif,2826,Mallorca,7.09,219.8,31,0,0,0,0,0.09,0,612,302,914,66.96,438,174,47,0,2,100.0,0,0,1,0,0,0,0.0,0,0,0,2,100.0,10,83.33,12,85.71,2790,0.0,0,0,0,0,0,0,0,0,0,0,0,0,0,221,42.34,28,0,1,0,313,0,28,20,1190,3,0,0,0,0,0,0,0,85,,,,7,2,0,58,25,28,6,15,7,7,14,0,31,0.0,0.0,0,2,0,2,2,0,0,0,522,34,0,0.0,0.0,0,3,22,496,418,3,,193,239,,31
986245,Sergi Cardona,sergi-cardona,2819,Villarreal,7.08,247.9,35,1,10,5,7,4.63,8,895,224,1119,79.98,466,460,233,46,10,38.46,71,40,11,0,0,31,27.93,20,6,9,107,53.5,43,60.56,150,55.35,2955,5.0,0,0,0,1,0,0,1,0,16,4,0,1,0,35,31.82,99,0,1,11,383,6,73,33,1916,28,38,1,0,30,3,5,1,0,,,,3,0,0,0,0,32,12,0,0,0,0,0,34,0.0,0.0,45,26,111,121,28,0,0,0,110,44,48,67.61,2955.0,0,0,0,548,682,2,2.46,0,131,,35
855833,Ferran Torres,ferran-torres,2817,FC Barcelona,7.08,184.0,26,10,6,11,6,2.62,16,263,76,339,77.58,63,203,148,19,11,57.89,8,4,1,1,1,3,17.65,48,22,16,35,53.03,5,35.71,40,50.0,1109,20.83,0,0,0,0,2,0,8,2,35,13,1,2,7,4,40.0,4,0,0,13,142,9,14,6,534,16,5,2,0,5,6,10,0,0,,,,0,0,0,0,0,20,1,0,0,0,0,0,12,0.0,0.0,19,19,17,40,9,0,0,0,10,21,4,50.0,110.9,0,0,0,73,283,1,7.95,0,27,,27
319735,Viktor Tsygankov,viktor-tsygankov,24264,Girona FC,7.07,191.0,27,2,9,1,5,4.31,7,597,134,731,81.67,191,443,234,33,15,44.12,19,15,1,0,0,37,29.84,35,10,13,61,48.03,10,34.48,71,45.51,1920,5.71,0,0,1,0,5,0,2,0,19,16,0,2,0,14,58.33,15,0,1,25,302,12,28,14,1133,28,14,0,0,10,4,12,0,0,,,,3,0,0,0,0,30,4,0,0,0,0,0,23,0.0,0.0,33,34,124,85,19,0,0,0,24,34,12,63.16,960.0,0,0,0,211,644,2,2.81,0,69,,27
857574,Andriy Lunin,andriy-lunin,2829,Real Madrid,7.07,49.5,7,0,1,0,1,0.01,1,145,26,171,84.8,136,9,2,1,0,0.0,1,0,0,0,0,0,0.0,0,0,0,2,100.0,2,100.0,4,100.0,630,0.0,0,0,0,0,0,0,0,0,0,0,0,0,0,27,51.92,8,0,0,0,28,0,30,17,228,1,0,0,0,0,0,0,0,13,,,,4,0,0,7,6,5,2,5,4,4,2,0,7,0.0,0.0,1,0,0,0,0,0,0,0,52,7,0,0.0,0.0,0,1,1,150,21,0,,45,49,,7
880218,Takefusa Kubo,takefusa-kubo,2824,Real Sociedad,7.07,254.5,36,5,9,2,0,3.75,5,664,198,862,77.03,162,525,326,45,75,53.19,31,17,5,0,0,23,27.06,43,14,13,179,53.27,11,36.67,190,51.91,2382,11.63,0,0,1,0,0,0,5,0,35,8,0,5,0,24,58.54,10,0,1,48,485,22,49,26,1534,73,21,1,0,24,8,16,0,0,,,,2,0,0,0,0,27,1,0,0,0,0,0,27,0.0,0.0,45,141,85,176,19,0,0,0,41,28,20,64.52,476.4,0,0,0,199,748,1,3.56,0,118,,36
1066045,Arsen Zakharyan,arsen-zakharyan,2824,Real Sociedad,7.07,21.2,3,1,0,0,0,0.13,1,27,5,32,84.38,12,16,10,1,1,100.0,1,1,0,0,0,1,100.0,4,2,2,2,66.67,0,0.0,2,66.67,71,25.0,0,0,0,0,0,0,0,1,1,3,0,0,1,2,50.0,0,0,0,0,6,0,1,1,45,0,1,0,0,0,0,0,0,0,,,,0,0,0,0,0,0,0,0,0,0,0,0,1,0.0,0.0,1,1,1,1,0,0,0,0,4,0,1,100.0,71.0,0,0,0,15,18,0,0.2,0,2,,3
797291,Unai Simón,unai-simon,2825,Athletic Club,7.07,148.4,21,0,0,0,0,0.05,0,368,191,559,65.83,281,87,31,0,0,0.0,0,1,0,0,0,0,0.0,0,0,0,3,75.0,6,100.0,9,90.0,1890,0.0,0,0,0,0,0,0,0,0,0,0,0,0,0,126,40.0,18,3,1,1,201,0,44,29,748,3,0,0,0,0,0,0,0,48,,,,10,2,1,35,13,13,1,4,16,16,17,0,21,0.0,0.0,0,0,0,1,0,0,0,0,315,14,0,0.0,0.0,0,0,9,316,243,0,,117,173,,21
900792,Alejandro Catena,alejandro-catena,2820,Osasuna,7.07,247.3,35,1,4,4,3,1.89,4,1271,239,1510,84.17,844,428,95,10,8,80.0,46,35,11,0,0,1,50.0,20,5,12,67,55.37,68,66.02,135,60.27,3076,5.0,0,0,1,1,0,0,1,0,19,1,1,0,0,139,47.6,219,0,2,1,261,0,165,81,1957,14,36,0,0,17,1,3,0,0,,,,7,0,0,0,0,38,7,0,0,0,0,0,35,0.0,0.0,10,10,2,89,35,0,0,0,292,45,28,60.87,3076.0,0,0,0,895,617,2,2.27,10,108,,35
847128,Marc Roca,marc-roca,2816,Real Betis,7.06,98.9,14,2,2,0,2,0.5,4,461,65,526,87.64,229,236,107,12,4,80.0,20,14,4,0,0,4,40.0,12,4,4,29,48.33,5,27.78,34,43.59,909,16.67,0,0,0,0,1,0,1,1,7,5,0,2,0,26,48.15,12,0,2,7,90,4,48,29,661,5,16,0,0,8,0,4,0,0,,,,2,0,0,0,0,10,0,0,0,0,0,0,11,0.0,0.0,12,5,10,44,13,0,0,0,54,10,14,70.0,454.5,0,0,0,244,292,1,1.06,0,51,,14
823631,Dodi Lukebakio,dodi-lukebakio,2833,Sevilla,7.06,268.3,38,11,9,12,2,4.02,13,747,167,914,81.73,240,532,287,55,84,52.83,22,11,3,1,1,25,20.16,94,39,36,161,47.21,18,46.15,179,47.11,3098,11.7,1,1,0,0,2,0,10,1,57,37,0,9,2,32,54.24,13,0,2,57,532,14,48,26,1688,55,39,5,0,12,27,19,1,0,,,,3,0,0,0,0,36,11,0,0,0,0,0,36,100.0,0.0,54,159,124,201,21,0,0,0,59,47,14,63.64,281.64,0,0,0,271,767,2,10.02,0,120,,38
843678,Santi Comesaña,santi-comesana,2819,Villarreal,7.06,247.0,35,4,3,3,2,2.59,6,1156,194,1350,85.63,548,613,289,28,18,56.25,85,19,8,0,0,5,35.71,39,8,22,130,50.58,32,39.51,162,47.93,2581,10.26,0,0,0,0,0,0,4,0,32,7,1,3,0,59,59.6,52,0,1,44,308,10,96,56,1844,27,37,1,0,34,1,9,1,0,,,,4,0,0,0,0,31,11,0,0,0,0,0,30,0.0,0.0,27,32,14,176,49,0,0,0,99,42,49,57.65,645.25,0,0,0,607,757,3,4.67,0,160,,35
591750,Joan Jordán,joan-jordan,2885,Deportivo Alavés,7.06,176.4,25,5,3,1,2,2.56,7,657,146,803,81.82,242,442,236,31,6,85.71,32,9,4,0,0,27,25.47,17,8,4,49,50.0,16,55.17,65,51.18,1415,29.41,4,3,0,0,5,0,4,1,9,8,0,0,5,69,55.2,20,0,0,7,254,6,121,73,1075,11,28,1,0,13,1,5,1,0,,,,0,0,0,0,0,16,4,0,0,0,0,0,15,75.0,0.0,30,7,106,62,13,0,0,1,125,20,18,56.25,283.0,0,0,0,276,633,1,4.78,0,61,,25
879694,Pape Gueye,pape-gueye,2819,Villarreal,7.05,239.7,34,4,2,1,0,2.12,4,906,205,1111,81.55,423,487,230,17,11,40.74,54,27,4,1,2,4,20.0,55,17,24,126,63.32,32,57.14,158,61.96,2232,7.27,0,0,0,1,0,0,1,3,31,24,0,4,0,89,54.27,49,1,1,19,302,14,135,79,1553,62,31,2,0,9,4,14,0,0,,,,1,0,0,0,0,23,6,0,0,0,0,0,26,0.0,0.0,17,27,20,97,24,0,0,0,164,29,26,48.15,558.0,1,0,0,475,656,2,3.31,0,126,,34
255239,Lucas Vázquez,lucas-vazquez,2829,Real Madrid,7.05,218.5,31,1,8,1,5,3.94,6,1263,142,1405,89.89,601,670,351,33,19,55.88,58,17,4,0,0,8,12.7,15,3,5,107,58.47,8,36.36,115,56.1,2219,6.67,0,0,0,0,1,0,1,0,9,6,0,1,0,32,58.18,31,1,0,13,274,2,50,23,1927,32,29,0,0,21,3,7,0,0,,,,5,0,0,0,0,30,3,0,0,0,0,0,25,0.0,0.0,33,34,63,90,14,0,0,0,55,33,34,58.62,2219.0,0,0,0,650,818,1,1.44,0,83,,32
99519,Marc Bartra,marc-bartra,2816,Real Betis,7.05,176.2,25,2,0,0,1,0.26,3,940,210,1150,81.74,667,274,92,4,7,46.67,33,33,2,0,0,1,100.0,18,5,9,53,58.24,51,54.84,104,56.52,2101,11.11,0,0,0,1,1,0,2,0,12,6,2,0,0,100,42.74,145,0,0,5,243,1,132,65,1517,14,15,0,0,11,2,4,0,0,,,,2,0,0,0,0,27,2,0,0,0,0,0,23,0.0,0.0,4,15,1,80,42,0,0,0,234,29,19,57.58,1050.5,0,0,0,726,425,1,1.19,8,88,,25
84972,Kike García,kike-garcia,2885,Deportivo Alavés,7.05,246.6,35,13,0,5,0,1.56,13,382,189,571,66.9,109,274,154,13,13,39.39,19,1,3,0,1,1,7.69,63,27,26,89,45.41,112,52.09,201,48.91,2560,20.63,3,3,1,0,0,0,13,0,54,9,3,4,6,14,51.85,23,0,0,42,366,22,40,24,999,59,49,1,0,11,22,10,0,0,,,,3,0,0,0,0,19,6,0,0,0,0,0,29,100.0,0.0,13,33,13,210,103,0,0,0,27,25,14,73.68,196.92,1,0,0,131,453,2,9.84,0,90,,35
69768,Jan Oblak,jan-oblak,2836,Atlético Madrid,7.04,253.6,36,0,0,0,0,0.03,0,583,181,764,76.31,505,78,11,0,2,100.0,0,0,0,0,0,0,0.0,0,0,0,3,100.0,4,100.0,7,100.0,3240,0.0,0,0,0,0,0,0,0,0,0,0,0,0,0,142,44.24,25,1,1,0,186,0,58,33,1100,2,0,0,0,0,0,0,0,86,,,,15,5,0,56,30,25,5,8,16,16,27,1,36,0.0,0.0,0,2,0,0,0,0,0,0,321,30,0,0.0,0.0,0,0,16,556,208,2,,277,268,,36
345111,Álvaro García,alvaro-garcia,2818,Rayo Vallecano,7.04,253.5,36,4,6,9,5,5.94,9,513,207,720,71.25,162,374,238,50,10,40.0,33,32,4,0,0,23,21.1,71,26,29,61,48.03,10,35.71,71,45.81,2566,5.63,0,0,1,1,0,0,4,0,52,19,0,2,2,27,41.54,33,1,0,16,392,17,41,26,1220,19,18,1,0,19,16,16,0,0,,,,2,0,0,0,0,28,6,0,0,0,0,0,28,0.0,0.0,50,25,109,84,18,0,0,0,65,34,24,72.73,641.5,0,0,0,214,615,0,7.67,0,94,,36
253809,Rui Silva,rui-silva,2816,Real Betis,7.04,105.6,15,0,0,0,0,0.03,0,342,110,452,75.66,312,30,6,2,0,0.0,0,0,1,0,0,0,0.0,0,0,0,2,50.0,2,100.0,4,66.67,1350,0.0,0,0,0,1,0,0,0,0,0,0,0,0,0,57,34.76,8,0,0,0,113,0,46,32,587,2,1,0,0,1,0,0,0,37,,,,4,3,0,26,11,18,0,1,12,12,9,0,15,0.0,0.0,2,0,0,2,0,0,0,0,164,18,0,0.0,0.0,0,3,3,335,117,1,,76,129,,15
966801,Oihan Sancet,oihan-sancet,2825,Athletic Club,7.04,204.1,29,15,1,5,1,1.49,16,456,88,544,83.82,134,324,198,21,24,53.33,13,5,2,0,0,2,11.11,50,20,18,61,40.4,12,48.0,73,41.48,1626,30.0,3,3,0,0,1,0,12,3,34,16,3,1,11,21,65.63,6,0,0,45,233,9,31,16,857,24,16,1,0,9,5,12,0,0,,,,1,0,0,0,0,11,4,0,0,0,0,0,19,100.0,0.0,21,45,18,103,13,0,0,0,32,15,8,61.54,108.4,0,0,0,150,412,4,9.73,0,77,,29
954076,Fábio Silva,fabio-silva,6577,UD Las Palmas,7.04,168.9,24,10,4,8,3,1.84,13,301,138,439,68.56,101,204,112,16,21,42.0,12,4,7,0,0,4,19.05,49,24,20,75,42.37,52,49.06,127,44.88,1877,20.41,3,2,0,0,0,0,9,1,44,5,1,2,7,9,56.25,26,0,0,30,282,10,21,10,800,43,39,2,0,10,20,5,0,0,,,,0,0,0,0,0,32,1,0,0,0,0,0,22,66.67,0.0,16,50,21,156,54,0,0,1,16,33,7,58.33,187.7,0,0,0,131,329,0,8.8,0,48,,24
110783,Sergi Darder,sergi-darder,2826,Mallorca,7.04,267.4,38,2,10,2,6,5.29,8,908,207,1115,81.43,356,610,312,55,34,53.13,40,16,4,0,0,58,35.58,36,9,18,110,50.23,14,58.33,124,51.03,2769,5.56,0,0,0,0,1,0,2,0,11,25,0,0,2,76,56.3,21,0,1,30,424,12,124,61,1654,37,21,2,0,29,3,9,1,0,,,,4,0,0,0,0,28,5,0,0,0,0,0,34,0.0,0.0,54,64,163,119,10,0,0,0,135,33,26,65.0,1384.5,0,0,0,398,880,4,2.21,0,122,,38
44864,Daley Blind,daley-blind,24264,Girona FC,7.04,239.2,34,0,5,0,2,2.49,2,2200,239,2439,90.2,1105,1104,494,19,15,57.69,49,32,2,0,0,9,21.43,10,4,2,80,57.97,17,41.46,97,54.19,2779,0.0,0,0,0,0,0,0,0,0,6,4,0,0,0,147,61.25,88,2,0,12,331,3,169,103,2940,16,19,0,0,17,1,4,0,0,,,,8,0,0,0,0,35,11,0,0,0,0,0,31,0.0,0.0,19,26,42,82,24,0,0,0,240,46,27,55.1,0.0,0,0,0,1188,1293,3,0.48,13,116,,34
1000483,Marc Casadó,marc-casado,2817,FC Barcelona,7.03,161.8,23,1,3,1,3,1.8,4,1218,137,1355,89.89,516,702,279,9,4,50.0,44,22,2,0,1,0,0.0,14,1,7,83,58.45,9,28.13,92,52.87,1623,7.14,0,0,0,0,0,0,1,0,4,10,0,1,0,34,56.67,15,1,0,9,177,4,59,34,1594,36,26,0,0,21,0,6,0,0,,,,4,0,0,0,0,12,2,0,0,0,0,0,20,0.0,0.0,9,8,9,82,23,0,0,0,60,14,25,56.82,1623.0,1,0,0,550,814,0,1.06,0,90,,23
851271,Fran García,fran-garcia,2829,Real Madrid,7.03,204.0,29,0,3,2,2,2.28,2,1169,145,1314,88.96,457,725,387,24,8,34.78,51,28,0,0,0,13,19.7,14,3,6,81,57.04,17,44.74,98,54.44,2189,0.0,0,0,0,0,0,0,0,0,9,5,0,0,0,33,45.21,52,0,1,10,252,4,42,22,1853,22,13,0,0,23,4,5,0,0,,,,7,0,0,0,0,22,1,0,0,0,0,0,24,0.0,0.0,24,23,66,82,21,0,0,0,73,23,36,70.59,0.0,0,0,0,518,862,2,0.87,0,106,,31
142622,Antonio Rüdiger,antonio-rudiger,2829,Real Madrid,7.03,204.0,29,0,1,4,0,0.91,0,1696,143,1839,92.22,1139,558,161,7,3,60.0,20,9,3,0,0,1,25.0,24,4,14,37,63.79,36,58.06,73,60.83,2298,0.0,0,0,2,1,0,0,0,0,15,9,0,0,0,114,62.64,94,0,1,2,164,1,122,73,2098,15,15,0,0,4,2,6,0,0,,,,11,0,0,0,0,23,2,0,0,0,0,0,26,0.0,0.0,7,5,4,47,26,0,0,0,182,25,13,65.0,0.0,0,0,0,1181,662,1,1.72,15,102,,29
783374,Iñaki Williams,inaki-williams,2825,Athletic Club,7.03,246.2,35,6,14,11,8,5.04,14,485,203,688,70.49,135,369,209,43,33,37.08,17,12,1,0,0,19,16.52,63,24,24,89,40.64,30,57.69,119,43.91,2653,9.52,0,0,1,0,0,0,6,0,46,17,0,2,4,9,33.33,30,0,0,44,475,14,31,14,1283,39,22,5,0,11,17,15,0,0,,,,8,0,0,0,0,19,4,0,0,0,0,0,29,0.0,0.0,43,89,115,152,22,0,0,0,27,23,10,58.82,442.17,0,0,0,157,646,5,7.39,0,87,,35
547246,Juan Soriano,juan-soriano,2845,Leganés,7.03,42.2,6,0,0,0,0,0.01,0,78,87,165,47.27,44,34,9,0,0,0.0,1,0,1,1,1,0,0.0,0,0,0,4,100.0,0,0.0,4,100.0,540,0.0,0,0,0,0,0,0,0,0,0,0,0,0,0,36,29.27,4,0,0,0,87,0,3,2,221,3,0,0,1,0,0,0,0,19,,,,1,0,0,16,3,7,0,2,1,1,7,0,6,0.0,0.0,0,0,0,0,0,0,0,0,123,7,1,100.0,0.0,0,0,5,50,115,0,,54,56,,6
39182,Dani Parejo,dani-parejo,2819,Villarreal,7.03,253.1,36,3,2,1,3,1.91,6,1340,166,1506,88.98,627,726,351,23,8,72.73,52,24,7,0,0,13,35.14,14,4,7,96,61.54,25,73.53,121,63.68,2277,21.43,2,1,0,0,0,0,3,0,8,6,0,1,2,95,65.97,36,0,1,13,227,12,125,82,1809,37,20,2,0,25,1,3,0,0,,,,1,0,0,0,0,25,11,0,0,0,0,0,26,50.0,0.0,23,11,37,69,9,0,0,1,144,36,40,76.92,759.0,0,0,0,685,858,2,2.5,0,142,,36
805137,Omar Alderete,omar-alderete,2859,Getafe,7.03,239.0,34,1,2,1,0,0.92,1,722,366,1088,66.36,392,332,171,11,18,64.29,43,38,8,0,0,2,33.33,38,10,17,71,54.2,102,65.81,173,60.49,2978,2.63,0,0,1,4,7,0,1,0,20,18,1,0,0,148,40.66,238,0,1,9,434,3,231,105,1641,12,33,1,0,11,8,11,0,0,,,,6,0,0,0,0,29,6,0,0,0,0,0,34,0.0,0.0,11,28,6,113,53,0,0,0,364,35,29,67.44,2978.0,0,0,0,469,625,2,1.72,6,115,,34
908716,Miguel Gutiérrez,miguel-gutierrez,24264,Girona FC,7.03,203.8,29,1,6,2,5,4.56,6,1010,133,1143,88.36,433,622,278,41,29,54.72,37,16,4,0,0,45,29.41,28,9,12,99,50.51,5,23.81,104,47.93,2464,3.57,0,0,0,1,3,0,1,0,12,16,0,1,0,34,54.84,30,0,3,25,348,11,61,39,1842,34,29,0,0,20,6,7,0,0,,,,5,0,0,0,0,33,8,0,0,0,0,0,29,0.0,0.0,41,53,153,113,16,0,0,0,62,41,24,64.86,2464.0,0,0,0,468,828,3,1.64,0,144,,29
35612,Axel Witsel,axel-witsel,2836,Atlético Madrid,7.02,91.3,13,0,1,0,1,0.65,1,493,50,543,90.79,358,135,26,2,1,50.0,16,11,1,0,0,0,0.0,1,0,0,22,75.86,23,58.97,45,66.18,858,0.0,0,0,0,0,0,0,0,0,1,0,0,0,0,23,74.19,33,0,1,0,61,0,11,7,654,5,4,0,0,2,1,1,0,0,,,,2,0,0,0,0,7,1,0,0,0,0,0,9,0.0,0.0,2,2,0,23,16,0,0,0,31,8,12,75.0,0.0,0,0,0,378,165,1,0.03,3,32,,14
369004,Antonio Sivera,antonio-sivera,2885,Deportivo Alavés,7.02,224.7,32,0,0,0,0,0.17,0,457,437,894,51.12,187,270,98,1,0,0.0,2,0,6,1,1,0,0.0,0,0,0,6,66.67,6,85.71,12,75.0,2812,0.0,0,0,0,3,0,0,0,0,0,0,0,0,0,310,41.5,38,0,0,0,446,0,35,23,1124,5,4,0,1,0,0,0,0,76,,,,8,9,0,49,26,35,4,18,19,19,28,2,32,0.0,0.0,1,0,0,4,1,0,0,0,747,39,1,50.0,0.0,0,0,15,219,675,2,,229,238,,32
1153270,Fermín López,fermin-lopez,2817,FC Barcelona,7.02,189.5,27,6,8,4,5,4.28,11,535,86,621,86.15,120,428,238,29,25,49.02,19,5,4,1,1,13,27.66,41,16,14,65,42.48,9,30.0,74,40.44,1255,14.63,0,0,0,0,0,0,5,1,23,18,1,2,3,25,71.43,2,0,0,16,210,19,41,29,920,21,27,0,0,24,5,11,0,0,,,,1,0,0,0,0,14,1,0,0,0,0,0,12,0.0,0.0,29,51,47,109,21,0,0,0,35,15,15,78.95,209.17,0,0,0,137,531,2,5.67,0,66,,28
123865,Jasper Cillessen,jasper-cillessen,6577,UD Las Palmas,7.02,189.5,27,0,0,0,0,0.04,0,543,314,857,63.36,442,101,31,0,0,0.0,1,0,1,0,0,0,0.0,0,0,0,4,57.14,4,66.67,8,61.54,2337,0.0,0,0,0,0,0,0,0,0,0,0,0,0,0,149,32.32,15,1,1,0,323,0,71,32,1141,5,0,0,0,3,0,0,0,91,,,,3,8,3,62,26,39,3,4,7,6,12,1,27,0.0,0.0,0,0,0,5,2,0,0,0,461,42,0,0.0,0.0,0,0,18,509,348,1,,179,230,,27
1089108,Ilias Akhomach,ilias-akhomach,2819,Villarreal,7.02,77.2,11,1,1,0,0,1.69,1,131,33,164,79.88,42,92,48,9,19,52.78,12,3,1,0,0,3,16.67,17,6,8,51,55.43,7,53.85,58,55.24,588,5.88,0,0,0,0,0,0,1,0,5,12,0,1,0,7,87.5,9,0,0,10,94,3,7,4,336,21,9,0,0,6,1,3,0,0,,,,0,0,0,0,0,5,2,0,0,0,0,0,7,0.0,0.0,9,36,18,47,6,0,0,0,8,7,7,58.33,588.0,0,0,0,48,134,0,0.57,0,30,,11
966837,Martín Zubimendi,martin-zubimendi,2824,Real Sociedad,7.02,252.6,36,2,1,4,1,1.27,3,1479,273,1752,84.42,723,758,321,19,19,67.86,73,44,6,0,0,2,16.67,24,8,10,110,56.41,54,62.07,164,58.16,2962,8.33,0,0,1,0,0,0,2,0,18,6,0,1,1,92,52.87,77,0,3,17,359,10,131,85,2197,19,44,0,0,16,0,6,0,0,,,,12,0,0,0,0,36,2,0,0,0,0,0,33,0.0,0.0,19,28,12,118,33,0,0,0,174,38,37,50.68,1481.0,0,0,0,793,971,0,2.78,0,140,,36
797306,Mouctar Diakhaby,mouctar-diakhaby,2828,Valencia,7.02,84.2,12,2,0,0,0,0.05,2,280,51,331,84.59,218,62,15,1,2,50.0,8,11,0,0,0,0,0.0,11,4,6,14,63.64,18,78.26,32,71.11,659,18.18,0,0,0,0,0,0,2,0,11,0,1,0,1,14,34.15,54,0,0,2,63,0,20,7,453,4,2,0,0,2,0,1,0,0,,,,0,0,0,0,0,6,1,0,0,0,0,0,7,0.0,0.0,1,4,1,13,5,0,0,0,41,7,3,37.5,329.5,0,0,0,247,85,1,1.3,3,23,,13
795222,Frenkie de Jong,frenkie-de-jong,2817,FC Barcelona,7.02,182.4,26,2,2,0,2,2.04,4,1082,56,1138,95.08,343,739,337,21,5,62.5,19,12,3,0,0,0,0.0,5,3,0,42,56.76,10,58.82,52,57.14,1150,40.0,0,0,0,1,0,0,2,0,3,2,0,1,1,38,79.17,6,1,0,7,79,7,41,27,1259,18,14,0,0,8,0,2,0,0,,,,1,0,0,0,0,18,0,0,0,0,0,0,9,0.0,0.0,21,8,6,39,7,0,0,0,48,18,11,57.89,575.0,0,0,0,356,788,1,0.66,0,57,,26
892521,Unai Núñez,unai-nunez,2825,Athletic Club,7.01,63.1,9,0,0,1,0,0.07,0,283,42,325,87.08,181,102,17,1,2,100.0,10,17,4,0,0,0,0.0,1,0,1,17,56.67,13,52.0,30,54.55,645,0.0,0,0,0,0,0,0,0,0,1,0,0,0,0,29,53.7,46,0,1,0,48,0,27,17,427,5,10,3,0,3,1,0,0,0,,,,2,0,0,0,0,4,1,0,0,0,0,0,7,0.0,0.0,1,2,0,25,12,0,0,0,54,5,5,50.0,0.0,0,0,0,195,130,0,0.23,2,28,,10
604258,David Soria,david-soria,2859,Getafe,7.01,266.4,38,0,0,0,0,0.15,0,447,509,956,46.76,177,270,89,0,0,0.0,4,1,2,0,0,0,0.0,0,0,0,5,83.33,7,100.0,12,92.31,3420,0.0,0,0,0,0,0,0,0,0,0,0,0,0,0,318,38.5,39,2,1,0,519,0,58,44,1200,2,0,0,0,1,0,0,0,90,,,,9,9,1,55,32,33,6,18,19,18,25,0,38,0.0,0.0,0,0,0,1,0,0,0,0,826,39,4,100.0,0.0,0,1,24,210,746,1,,305,292,,38
305278,Diego Llorente,diego-llorente,2816,Real Betis,7.01,210.3,30,2,0,2,0,0.4,2,1378,208,1586,86.89,1010,368,88,6,6,75.0,36,43,4,0,0,0,0.0,11,5,2,64,63.37,77,63.11,141,63.23,2522,18.18,0,0,0,1,0,0,2,0,10,1,1,0,1,88,43.14,152,0,1,4,229,1,99,48,1958,23,20,0,1,13,0,4,0,0,,,,7,0,0,0,0,30,2,0,0,0,0,0,29,0.0,0.0,6,8,1,82,45,0,0,0,204,32,20,55.56,1261.0,0,0,0,1072,515,3,1.5,1,93,,30
309078,Alexander Sørloth,alexander-srloth,2836,Atlético Madrid,7.01,245.3,35,20,2,20,2,0.71,22,228,120,348,65.52,73,156,94,13,14,38.89,9,1,4,0,0,1,20.0,79,42,23,36,31.58,98,65.77,134,50.95,1560,25.32,1,1,0,0,0,0,20,0,72,7,3,13,4,4,80.0,28,0,0,32,248,12,5,5,660,13,26,1,0,3,8,14,0,0,,,,1,0,0,0,0,10,3,0,0,0,0,0,15,100.0,0.0,13,36,5,129,51,0,0,0,5,13,5,55.56,78.0,0,0,0,106,247,2,17.02,0,41,,35
94527,Marko Dmitrović,marko-dmitrovic,2845,Leganés,7.01,224.2,32,0,0,0,0,0.08,0,358,575,933,38.37,179,179,65,1,1,100.0,1,0,0,0,0,0,0.0,0,0,0,6,75.0,15,100.0,21,91.3,2880,0.0,0,0,0,1,0,0,0,0,0,0,0,0,0,207,26.47,48,2,1,0,583,0,20,10,1266,6,1,0,0,1,0,0,0,104,,,,10,8,0,66,37,43,6,21,21,21,46,1,32,0.0,0.0,1,1,0,2,0,0,0,0,782,49,1,100.0,0.0,0,2,18,209,724,2,,303,312,,32
839585,Yangel Herrera,yangel-herrera,24264,Girona FC,7.0,203.1,29,4,5,6,3,1.26,7,857,158,1015,84.43,367,498,221,17,19,50.0,66,31,10,1,1,8,18.18,39,14,19,151,49.83,52,52.0,203,50.37,2265,10.26,0,0,1,0,0,0,4,0,27,12,4,0,0,34,50.0,49,0,2,35,309,8,54,34,1526,68,72,0,0,29,5,6,0,0,,,,3,0,0,0,0,28,7,0,0,0,0,0,27,0.0,0.0,17,38,44,200,48,0,0,0,68,35,39,59.09,566.25,0,0,0,407,652,0,3.61,0,106,,29
81992,Leandro Cabrera,leandro-cabrera,2814,Espanyol,7.0,231.1,33,4,2,0,2,0.75,6,1073,329,1402,76.53,782,295,102,9,1,50.0,40,30,4,1,1,4,23.53,19,6,7,49,56.32,77,63.64,126,60.58,2870,21.05,0,0,1,1,0,0,4,0,17,2,3,1,0,117,39.0,195,0,2,1,369,0,199,98,1827,8,24,1,0,14,0,6,0,0,,,,7,0,0,0,0,33,8,0,0,0,0,0,32,0.0,0.0,9,2,17,82,44,0,0,0,300,41,23,57.5,717.5,0,0,0,868,551,3,1.18,87,83,,33
592012,Álex Berenguer,alex-berenguer,2825,Athletic Club,7.0,252.1,36,6,10,7,7,4.43,13,581,173,754,77.06,153,461,275,47,33,44.59,32,10,5,0,0,33,18.54,52,19,20,95,41.67,27,34.18,122,39.74,2352,11.54,1,0,2,0,3,0,5,1,32,20,1,3,2,18,37.5,14,0,0,50,475,21,50,14,1369,30,29,2,0,17,5,13,1,0,,,,3,0,0,0,0,15,3,0,0,0,0,0,28,0.0,0.0,46,74,178,185,52,0,0,1,48,18,16,50.0,392.0,0,0,0,176,756,2,6.75,0,113,,36
826948,Pepelu,pepelu,2828,Valencia,7.0,231.0,33,2,5,0,2,2.59,4,943,178,1121,84.12,406,564,291,32,8,72.73,43,19,7,1,1,27,24.77,14,6,5,70,56.91,23,51.11,93,55.36,1742,14.29,2,2,0,0,1,0,2,0,6,8,0,0,2,90,59.6,40,0,0,11,299,15,155,102,1465,19,26,0,0,14,1,3,0,0,,,,3,0,0,0,0,26,5,0,0,0,0,0,18,100.0,0.0,32,11,109,75,22,0,0,0,151,31,25,58.14,871.0,0,0,0,441,789,0,2.08,0,99,,34
964985,Kirian Rodríguez,kirian-rodriguez,6577,UD Las Palmas,7.0,147.0,21,0,3,2,3,1.38,3,1022,155,1177,86.83,512,512,189,16,11,68.75,33,10,2,0,0,2,11.11,21,9,8,62,56.88,13,43.33,75,53.96,1768,0.0,0,0,0,0,0,0,0,0,8,13,0,0,0,44,57.14,20,0,0,14,218,8,79,38,1412,18,9,0,0,21,0,4,0,0,,,,1,0,0,0,0,27,2,0,0,0,0,0,21,0.0,0.0,16,16,18,64,17,0,0,0,77,29,17,51.52,0.0,0,0,0,556,639,0,1.56,0,100,,21
877262,Edu Expósito,edu-exposito,2814,Espanyol,7.0,133.0,19,0,8,1,2,2.39,2,299,114,413,72.4,105,212,110,28,15,53.57,23,15,3,0,0,18,27.27,18,6,9,60,51.28,11,47.83,71,50.71,1052,0.0,0,0,0,0,3,0,0,0,7,11,0,0,0,22,34.92,21,0,2,18,229,2,60,23,694,22,14,1,0,14,2,3,0,0,,,,1,0,0,0,0,10,1,0,0,0,0,0,12,0.0,0.0,28,28,66,69,12,0,0,0,63,11,13,56.52,0.0,0,0,0,126,353,1,1.07,0,63,,19
1152139,Angel Ortiz,angel-ortiz,2816,Real Betis,7.0,35.0,5,0,1,0,1,0.23,1,135,35,170,79.41,69,69,35,3,4,50.0,12,5,0,0,0,3,15.79,2,0,2,22,52.38,5,41.67,27,50.0,353,0.0,0,0,0,0,0,0,0,0,1,1,0,0,0,5,29.41,5,0,0,2,71,1,10,4,290,6,6,0,0,9,0,0,0,0,,,,1,0,0,0,0,5,1,0,0,0,0,0,4,0.0,0.0,3,8,19,27,7,0,0,0,17,6,8,66.67,0.0,0,0,0,83,106,1,0.04,0,16,,5
1513656,Iker Almena,almena-iker,24264,Girona FC,7.0,14.0,2,0,1,0,1,0.38,1,21,5,26,80.77,2,19,8,2,2,66.67,0,0,0,0,0,0,0.0,1,0,1,3,60.0,0,0.0,3,60.0,46,0.0,0,0,0,0,0,0,0,0,0,1,0,0,0,0,0.0,2,0,0,0,11,0,1,0,41,1,0,0,0,1,0,0,0,0,,,,0,0,0,0,0,1,0,0,0,0,0,0,0,0.0,0.0,2,3,4,2,0,0,0,0,0,1,0,0.0,0.0,0,0,0,2,28,0,0.03,0,2,,2
794949,Iñaki Peña,inaki-pena,2817,FC Barcelona,7.0,112.0,16,0,0,0,0,0.0,0,482,68,550,87.64,474,8,0,0,0,0.0,0,0,1,0,0,0,0.0,0,0,0,0,0.0,1,100.0,1,33.33,1395,0.0,0,0,0,0,0,0,0,0,0,0,0,0,0,44,39.64,27,0,1,0,68,0,26,13,696,0,0,0,0,2,0,0,0,36,,,,4,2,0,22,13,16,2,7,40,40,3,0,15,0.0,0.0,0,0,0,2,0,0,0,0,111,18,0,0.0,0.0,0,1,8,495,55,1,,84,153,,16
1526618,Marc Bernal,marc-bernal,2817,FC Barcelona,7.0,21.0,3,0,0,0,0,0.08,0,148,12,160,92.5,84,64,22,1,2,66.67,8,1,2,0,0,0,0.0,2,1,0,13,61.9,1,14.29,14,50.0,243,0.0,0,0,0,0,0,0,0,0,0,2,0,0,0,9,90.0,4,0,0,2,17,1,10,8,193,3,4,0,0,1,0,1,0,0,,,,0,0,0,0,0,3,0,0,0,0,0,0,3,0.0,0.0,1,3,0,14,6,0,0,0,10,3,6,75.0,0.0,0,0,0,89,71,0,0.07,0,9,,3
985329,Aimar Oroz,aimar-oroz,2820,Osasuna,6.99,258.8,37,5,6,2,4,3.48,9,912,174,1086,83.98,313,606,379,41,49,53.85,35,20,8,0,0,7,24.14,48,16,14,147,48.51,19,46.34,166,48.26,2981,10.42,1,1,0,0,3,0,4,1,21,27,0,1,4,41,69.49,10,0,0,55,366,31,65,43,1603,64,28,2,0,32,5,18,0,0,,,,3,0,0,0,0,37,3,0,0,0,0,0,35,100.0,0.0,41,91,29,178,22,0,0,0,59,40,19,54.29,596.2,0,0,0,351,764,2,4.16,0,164,,37
325355,José María Giménez,jose-maria-gimenez,2836,Atlético Madrid,6.99,188.8,27,0,1,0,1,0.28,1,1245,111,1356,91.81,873,372,77,2,2,66.67,26,27,5,0,0,0,0.0,5,1,4,40,59.7,38,50.0,78,54.55,1994,0.0,0,0,0,0,0,0,0,0,5,0,0,0,0,98,65.77,115,1,1,3,122,1,101,67,1612,12,13,0,1,11,0,0,0,0,,,,9,0,0,0,0,15,4,0,0,0,0,0,20,0.0,0.0,2,3,0,65,38,0,0,0,149,19,16,61.54,0.0,0,0,0,912,444,2,0.45,19,78,,27
227922,José Luis Gayà,jose-luis-gaya,2828,Valencia,6.99,160.8,23,0,8,2,1,3.2,1,616,136,752,81.91,312,331,150,24,7,38.89,57,25,7,0,0,27,32.14,12,4,6,77,55.8,11,50.0,88,55.0,1811,0.0,0,0,0,0,0,0,0,0,7,5,0,0,0,41,44.57,56,0,0,4,258,5,61,31,1248,14,28,0,0,18,3,2,0,0,,,,4,0,0,0,0,22,4,0,0,0,0,0,22,0.0,0.0,24,18,84,72,11,0,0,0,92,26,40,70.18,0.0,0,0,0,348,488,0,1.02,0,93,,23
876214,Eric García,eric-garcia,2817,FC Barcelona,6.99,202.7,29,2,2,2,3,1.65,5,1189,98,1287,92.39,541,651,273,7,5,50.0,38,14,4,0,0,3,42.86,14,8,3,51,58.62,27,49.09,78,54.93,1575,14.29,0,0,0,0,0,0,2,0,13,1,2,0,0,28,56.0,40,0,0,5,134,5,26,18,1543,8,20,1,0,9,0,3,0,0,,,,6,0,0,0,0,15,1,0,0,0,0,0,14,0.0,0.0,7,10,7,64,28,0,0,0,50,16,21,55.26,787.5,0,0,0,573,721,0,2.32,1,54,,29
816763,Pablo Fornals,pablo-fornals,2816,Real Betis,6.99,181.7,26,2,3,1,0,2.94,2,862,178,1040,82.88,307,569,304,38,7,25.93,21,23,2,0,0,14,25.93,23,4,12,41,38.32,19,47.5,60,40.82,1836,8.7,0,0,0,0,0,0,2,0,12,11,0,0,2,44,62.86,13,0,1,16,287,16,84,46,1328,14,12,2,0,20,3,7,2,0,,,,1,0,0,0,0,22,2,0,0,0,0,0,22,0.0,0.0,36,27,54,87,21,0,0,0,70,24,13,61.9,918.0,0,0,0,352,742,0,1.84,0,114,,26
592098,Jorge Sáenz,jorge-saenz,2845,Leganés,6.99,160.7,23,1,1,3,0,0.29,1,750,144,894,83.89,560,190,44,2,4,66.67,37,25,4,0,0,0,0.0,8,3,5,56,57.73,41,50.62,97,54.49,1691,12.5,0,0,0,1,0,0,1,0,8,0,0,0,1,59,38.06,158,0,0,1,155,0,74,41,1210,15,30,1,1,9,1,0,0,0,,,,7,0,0,0,0,17,2,0,0,0,0,0,19,0.0,0.0,2,6,0,81,40,0,0,0,155,19,23,62.16,1691.0,0,0,0,598,296,2,1.36,3,58,,23
350560,Diego Rico,diego-rico,2859,Getafe,6.98,230.5,33,0,6,0,3,3.42,3,697,307,1004,69.42,279,461,219,36,6,50.0,81,33,9,1,1,43,29.05,16,3,8,141,60.52,28,58.33,169,60.14,2825,0.0,0,0,1,0,1,0,0,0,1,15,0,0,0,56,32.0,88,0,2,13,573,5,131,59,2023,56,38,0,0,37,3,5,0,0,,,,9,0,0,0,0,26,4,0,0,0,0,0,32,0.0,0.0,36,12,148,112,20,0,0,0,175,30,49,60.49,0.0,0,0,0,342,810,1,0.35,0,132,,33
1156645,Raúl Asencio,raul-asencio,2829,Real Madrid,6.98,153.6,22,0,1,0,1,0.44,1,919,60,979,93.87,666,253,63,6,6,100.0,22,16,3,0,0,0,0.0,3,1,2,46,68.66,31,67.39,77,68.14,1673,0.0,0,0,0,0,0,0,0,0,1,2,0,0,0,30,55.56,83,0,2,6,72,1,38,21,1182,19,12,0,0,3,1,0,0,0,,,,6,0,0,0,0,15,1,0,0,0,0,0,18,0.0,0.0,6,6,0,36,15,0,0,0,54,16,16,72.73,0.0,0,0,0,688,291,1,0.12,20,75,,23
910026,Bryan Gil,bryan-gil,24264,Girona FC,6.98,174.5,25,3,4,1,3,3.23,6,599,69,668,89.67,177,436,255,21,41,44.09,34,10,4,0,0,14,17.95,32,15,9,114,47.5,1,16.67,115,46.75,1734,9.38,0,0,0,0,0,0,3,0,20,12,1,2,0,11,73.33,7,1,3,39,287,16,17,13,1140,40,22,0,0,16,4,8,0,0,,,,0,0,0,0,0,24,7,0,0,0,0,0,21,0.0,0.0,21,93,78,131,5,0,0,0,15,31,20,58.82,578.0,0,0,0,192,554,2,2.26,0,78,,25
1395746,Thierno Barry,thierno-barry,2819,Villarreal,6.98,244.2,35,11,7,15,4,1.95,15,207,125,332,62.35,60,149,96,24,18,41.86,11,0,4,0,0,2,40.0,72,25,38,77,44.25,102,66.67,179,54.74,2322,15.28,1,1,1,1,0,0,11,0,64,8,3,2,6,5,50.0,18,0,0,27,267,12,9,4,714,51,47,0,0,6,20,9,0,0,,,,2,0,0,0,0,25,7,0,0,0,0,0,25,100.0,0.0,24,43,5,148,51,0,0,0,10,32,8,72.73,211.09,0,0,0,83,254,3,12.41,0,36,,35
788216,Pablo Maffeo,pablo-maffeo,2826,Mallorca,6.98,209.3,30,0,8,0,2,3.51,2,547,171,718,76.18,251,329,146,29,41,54.67,60,25,7,0,0,33,34.38,7,1,4,138,58.23,21,52.5,159,57.4,2373,0.0,0,0,0,0,0,0,0,0,4,3,0,0,0,39,37.14,85,1,0,32,419,6,76,34,1506,37,22,0,0,12,1,2,0,0,,,,5,0,0,0,0,24,4,0,0,0,0,0,28,0.0,0.0,29,75,96,118,19,0,0,0,105,28,40,66.67,0.0,0,0,0,298,516,0,0.27,0,107,,30
1468046,Santiago Mouriño,santiago-mourino,2885,Deportivo Alavés,6.97,160.4,23,0,2,2,1,0.6,1,519,142,661,78.52,324,197,64,7,4,44.44,43,29,7,0,0,2,50.0,13,4,9,68,52.31,40,57.14,108,54.0,1847,0.0,0,0,1,0,0,0,0,0,9,4,0,0,0,33,34.02,118,0,0,11,176,3,63,34,1006,23,32,0,0,17,1,0,0,0,,,,6,0,0,0,0,19,3,0,0,0,0,0,20,0.0,0.0,7,9,4,92,30,0,0,0,97,22,28,65.12,0.0,0,0,0,370,295,2,0.93,4,85,,25
1087316,Enzo Barrenechea,enzo-barrenechea,2828,Valencia,6.97,209.2,30,1,1,0,2,1.1,3,1169,174,1343,87.04,596,573,257,15,11,42.31,57,28,6,0,0,0,0.0,16,3,11,113,61.08,37,60.66,150,60.98,2204,6.25,0,0,1,0,0,0,1,0,8,8,0,1,0,83,60.14,46,0,1,18,238,10,121,77,1689,45,25,0,0,14,0,2,0,0,,,,3,0,0,0,0,26,4,0,0,0,0,0,26,0.0,0.0,15,26,3,96,24,0,0,0,138,30,30,52.63,2204.0,0,0,0,647,699,1,1.27,0,117,,30
360718,Carl Starfelt,carl-starfelt,2821,Celta Vigo,6.97,195.2,28,1,0,0,0,0.23,1,1539,104,1643,93.67,1143,396,72,6,1,100.0,40,31,5,0,0,0,0.0,5,1,2,49,62.82,63,54.78,112,58.03,2271,20.0,0,0,0,0,0,0,1,0,4,1,1,0,0,47,62.67,129,0,3,0,113,0,17,7,1923,11,21,0,0,9,0,2,0,0,,,,6,0,0,0,0,32,3,0,0,0,0,0,26,0.0,0.0,6,1,0,81,52,0,0,0,75,35,20,50.0,2271.0,0,0,0,1190,453,2,0.5,7,77,,28
188407,Sandro Ramírez,sandro-ramirez,6577,UD Las Palmas,6.97,216.1,31,9,6,3,3,3.21,12,403,141,544,74.08,163,268,146,28,16,38.1,27,16,6,0,0,28,22.95,52,21,19,86,48.31,12,42.86,98,47.57,2045,17.31,1,1,1,1,14,2,6,3,23,29,0,2,7,15,48.39,20,1,1,28,350,8,22,10,1019,43,26,1,0,17,5,12,0,0,,,,1,0,0,0,0,30,3,0,0,0,0,0,25,100.0,14.29,28,42,122,108,16,0,0,0,31,33,15,55.56,227.22,0,0,0,208,458,1,4.06,0,93,,31
791773,Álex Remiro,alex-remiro,2824,Real Sociedad,6.97,250.9,36,0,0,0,0,0.04,0,847,329,1176,72.02,721,126,33,1,0,0.0,1,0,0,0,0,0,0.0,0,0,0,4,80.0,8,100.0,12,92.31,3240,0.0,0,0,0,0,0,0,0,0,0,0,0,0,0,227,41.65,33,1,3,0,338,0,101,67,1455,6,0,0,0,1,0,0,0,88,,,,13,6,1,56,31,40,3,15,16,16,27,0,36,0.0,0.0,1,0,0,1,0,0,0,0,545,43,0,0.0,0.0,0,0,17,794,382,2,,234,261,,36
116955,Saúl Ñíguez,saul-niguez,2833,Sevilla,6.97,167.2,24,1,3,3,6,2.26,7,510,125,635,80.31,256,257,121,22,12,48.0,47,22,8,1,1,3,15.79,42,9,22,70,45.45,40,54.05,110,48.25,1555,2.38,0,0,0,1,2,0,1,0,26,16,0,0,1,25,46.3,29,0,0,13,195,6,41,21,949,11,44,1,0,19,1,11,0,0,,,,1,0,0,0,0,14,6,0,0,0,0,0,17,0.0,0.0,22,25,19,118,34,0,0,0,54,20,32,68.09,1555.0,0,0,0,292,362,1,2.85,0,86,,24
188365,Héctor Bellerín,hector-bellerin,2816,Real Betis,6.97,62.7,9,0,2,0,2,2.13,2,227,46,273,83.15,128,102,41,8,6,75.0,13,6,1,0,0,3,30.0,1,1,0,19,55.88,6,42.86,25,52.08,578,0.0,0,0,0,0,0,0,0,0,1,0,0,0,0,12,54.55,16,0,0,1,68,0,24,13,395,0,6,0,0,7,0,0,0,0,,,,1,0,0,0,0,6,0,0,0,0,0,0,6,0.0,0.0,8,8,10,23,8,0,0,0,22,6,7,53.85,0.0,0,0,0,145,138,0,0.2,0,13,,9
21555,César Azpilicueta,cesar-azpilicueta,2836,Atlético Madrid,6.96,97.5,14,1,0,0,0,0.39,1,511,72,583,87.65,251,261,103,3,1,50.0,25,5,1,0,0,1,20.0,5,2,1,32,66.67,14,50.0,46,60.53,877,20.0,0,0,0,0,0,0,0,1,3,2,0,0,1,17,37.78,29,0,0,1,100,1,31,11,780,6,8,0,0,6,3,2,0,0,,,,3,0,0,0,0,7,1,0,0,0,0,0,10,0.0,0.0,3,2,5,30,14,0,0,0,45,8,14,56.0,877.0,0,0,0,272,316,0,0.24,0,28,,14
855922,Dinko Horkaš,dinko-horkas,6577,UD Las Palmas,6.96,90.5,13,0,0,0,0,0.02,0,345,124,469,73.56,292,53,20,0,1,100.0,0,0,1,0,0,0,0.0,0,0,0,1,50.0,1,100.0,2,66.67,1083,0.0,0,0,0,1,0,0,0,0,0,0,0,0,0,87,41.63,15,0,1,0,128,0,52,31,590,1,1,0,0,0,0,0,0,37,,,,1,2,1,18,18,19,0,6,6,6,7,0,11,0.0,0.0,0,1,0,1,0,0,0,0,209,19,0,0.0,0.0,0,0,9,327,142,0,,47,94,,13
84531,Yuri Berchiche,yuri-berchiche,2825,Athletic Club,6.96,194.9,28,0,3,0,2,2.18,2,969,165,1134,85.45,448,531,235,18,6,42.86,33,27,5,0,0,10,23.81,16,4,4,58,58.59,28,58.33,86,58.5,2048,0.0,0,0,0,1,2,0,0,0,2,14,0,0,0,50,49.02,70,0,3,2,254,6,50,30,1674,19,18,0,0,14,4,8,0,0,,,,9,0,0,0,0,16,2,0,0,0,0,0,22,0.0,0.0,18,14,42,61,20,0,0,0,102,18,21,63.64,0.0,0,0,0,500,676,1,0.56,0,121,,30
1090681,Ramón Martínez,ramon-martinez,2833,Sevilla,6.96,34.8,5,1,0,1,0,0.03,1,113,9,122,92.62,76,37,13,1,1,100.0,6,2,0,0,0,0,0.0,4,3,0,8,66.67,7,70.0,15,68.18,261,25.0,0,0,0,0,0,0,0,1,2,1,0,1,0,9,69.23,23,0,0,1,13,0,4,4,173,1,1,0,0,2,0,1,0,0,,,,0,0,0,0,0,4,0,0,0,0,0,0,2,0.0,0.0,1,1,0,7,3,0,0,0,13,4,3,50.0,261.0,0,0,0,79,43,0,0.34,0,5,,5
900433,Luis Rioja,luis-rioja,2828,Valencia,6.96,257.5,37,5,5,2,3,5.66,8,743,219,962,77.23,257,524,298,36,42,52.5,35,22,6,0,0,38,18.18,30,14,11,115,48.12,16,42.11,131,47.29,2866,16.67,2,2,0,0,1,0,4,1,19,11,0,5,0,38,50.0,32,0,1,39,520,22,70,37,1642,39,19,2,0,29,11,5,0,0,,,,2,0,0,0,0,36,6,0,0,0,0,0,33,100.0,0.0,36,80,209,146,22,0,0,0,76,42,22,62.86,573.2,0,0,0,305,866,1,3.24,0,112,,37
874705,Samuel Lino,samuel-lino,2836,Atlético Madrid,6.96,215.7,31,3,6,10,4,2.2,7,620,136,756,82.01,248,381,210,22,27,50.94,33,8,3,0,0,9,21.95,45,18,11,89,50.57,14,53.85,103,50.99,1561,6.67,0,0,1,0,0,0,2,1,33,12,0,1,2,39,67.24,12,0,0,18,246,6,42,23,1114,30,15,4,0,30,3,16,0,0,,,,0,0,0,0,0,10,0,0,0,0,0,0,21,0.0,0.0,22,53,41,99,12,0,0,0,58,10,17,51.52,520.33,0,0,0,291,506,1,5.94,0,85,,31
300522,Martin Valjent,martin-valjent,2826,Mallorca,6.96,215.7,31,3,0,1,0,0.47,3,1151,175,1326,86.8,761,391,125,4,6,85.71,30,18,4,0,0,1,9.09,12,5,4,49,65.33,49,53.85,98,59.04,2765,25.0,0,0,0,0,0,0,3,0,11,1,1,1,1,77,44.51,187,1,0,1,212,0,70,35,1751,13,15,0,0,10,0,3,0,0,,,,7,0,0,0,0,34,4,0,0,0,0,0,31,0.0,0.0,4,7,11,68,42,0,0,0,173,38,21,70.0,921.67,0,0,0,813,524,0,0.81,1,102,,31
960006,Lucien Agoumé,lucien-agoume,2833,Sevilla,6.95,215.6,31,1,4,1,3,1.59,4,998,206,1204,82.89,518,483,243,27,22,75.86,70,41,6,1,1,3,16.67,10,2,5,98,55.68,42,50.0,140,53.85,2130,10.0,0,0,0,1,0,0,0,1,7,3,0,0,1,45,44.55,40,0,0,13,275,15,71,32,1549,6,49,0,0,12,2,3,0,0,,,,4,0,0,0,0,29,10,0,0,0,0,0,24,0.0,0.0,27,29,18,120,42,0,0,0,101,39,32,45.71,2130.0,0,0,0,568,654,0,0.87,0,136,,35
899982,Isi Palazón,isi-palazon,2818,Rayo Vallecano,6.95,243.4,35,4,8,4,4,4.7,8,740,148,888,83.33,229,549,317,48,25,42.37,22,8,5,0,0,38,34.23,61,18,22,100,41.67,18,31.03,118,39.6,2190,6.56,0,0,0,0,1,0,3,1,21,40,1,3,0,39,62.9,13,0,1,43,365,20,68,39,1399,53,39,2,0,26,3,21,0,0,,,,3,0,0,0,0,21,6,0,0,0,0,0,25,0.0,0.0,48,59,111,180,40,0,0,0,62,27,17,77.27,547.5,0,0,0,251,748,1,4.62,0,102,,35
1402913,Pau Cubarsí,pau-cubarsi,2817,FC Barcelona,6.95,243.4,35,0,3,1,3,0.95,3,2426,165,2591,93.63,1429,998,268,9,6,75.0,34,16,3,0,0,1,50.0,8,0,6,48,56.47,63,58.33,111,57.51,2620,0.0,0,0,0,1,0,0,0,0,8,0,0,0,0,93,59.62,86,0,1,1,180,0,64,38,2834,9,24,0,0,11,0,2,0,0,,,,5,0,0,0,0,30,2,0,0,0,0,0,29,0.0,0.0,9,8,2,82,45,0,0,0,156,32,23,67.65,0.0,0,0,0,1498,1095,2,0.83,10,102,,35
990169,Johnny Cardoso,johnny-cardoso,2816,Real Betis,6.95,194.7,28,3,2,3,1,0.81,4,949,154,1103,86.04,533,416,161,9,26,63.41,55,48,5,0,0,0,0.0,19,7,10,108,50.7,29,61.7,137,52.69,2143,15.79,0,0,0,0,0,0,3,0,14,5,2,0,1,36,54.55,63,0,1,23,236,13,50,28,1522,27,38,0,0,32,0,2,0,0,,,,3,0,0,0,0,28,4,0,0,0,0,0,24,0.0,0.0,9,41,3,123,18,0,0,0,66,32,31,56.36,714.33,0,0,0,589,517,1,2.03,0,138,,28
965031,Andrei Rațiu,andrei-ratiu,2818,Rayo Vallecano,6.95,243.3,35,2,10,3,3,3.86,5,1163,219,1382,84.15,541,633,340,37,76,54.68,71,27,5,0,0,11,14.29,31,8,12,168,50.76,20,37.74,188,48.96,3067,6.45,0,0,0,0,0,0,0,2,19,12,0,0,2,31,36.05,62,0,2,49,510,14,66,38,2359,21,24,2,0,28,5,11,0,0,,,,6,0,0,0,0,33,8,0,0,0,0,0,34,0.0,0.0,37,139,77,196,33,0,0,0,86,41,41,57.75,1533.5,0,0,0,617,842,1,1.83,0,169,,35
1097719,Kike Salas,kike-salas,2833,Sevilla,6.95,208.5,30,3,2,0,2,0.85,5,1060,271,1331,79.64,766,296,98,6,3,60.0,47,32,6,0,0,2,22.22,23,7,11,63,60.58,79,68.7,142,64.84,2245,13.04,0,0,0,0,0,0,3,0,20,3,1,2,0,67,32.21,141,0,0,2,318,5,125,40,1762,15,21,0,0,19,0,5,0,0,,,,4,0,0,0,0,28,12,0,0,0,0,0,25,0.0,0.0,6,5,9,77,36,0,0,0,208,40,28,59.57,748.33,0,0,0,855,485,1,1.91,13,95,,31
155702,Lucas Ocampos,lucas-ocampos,2833,Sevilla,6.95,13.9,2,0,1,0,1,0.13,1,60,22,82,73.17,20,41,22,3,2,28.57,3,0,0,0,0,1,25.0,4,2,1,7,38.89,3,42.86,10,40.0,176,0.0,0,0,0,0,0,0,0,0,1,3,0,0,0,4,44.44,1,0,0,3,40,1,10,6,122,2,3,0,0,1,0,1,0,0,,,,0,0,0,0,0,3,0,0,0,0,0,0,2,0.0,0.0,3,7,4,15,4,0,0,0,9,3,2,66.67,0.0,0,0,0,24,62,0,0.16,0,6,,2
41013,Aridane Hernández,aridane-hernandez,2818,Rayo Vallecano,6.95,97.3,14,0,0,2,0,0.08,0,463,63,526,88.02,354,109,24,2,3,60.0,13,6,1,0,0,0,0.0,8,2,6,24,70.59,42,68.85,66,69.47,1023,0.0,0,0,0,0,0,0,0,0,8,0,0,0,0,27,50.94,98,1,1,1,71,0,27,16,698,10,5,0,1,2,0,0,0,0,,,,4,0,0,0,0,14,3,0,0,0,0,0,11,0.0,0.0,2,5,0,29,19,0,0,0,53,17,11,84.62,0.0,0,0,0,374,152,2,0.92,27,48,,14
1014412,Julen Agirrezabala,julen-agirrezabala,2825,Athletic Club,6.94,97.2,14,0,0,0,0,0.01,0,231,125,356,64.89,183,48,7,0,0,0.0,0,0,1,1,1,0,0.0,0,0,0,1,20.0,5,100.0,6,60.0,1207,0.0,0,0,0,2,0,0,0,0,0,0,0,0,0,69,35.57,11,0,0,0,131,0,8,7,473,1,3,0,0,1,0,0,0,25,,,,5,2,1,18,7,7,2,7,9,9,15,0,14,0.0,0.0,0,0,0,4,0,0,0,0,194,9,0,0.0,0.0,0,0,5,203,153,0,,66,105,,14
984624,Yéremy Pino,yeremy-pino,2819,Villarreal,6.94,236.0,34,4,10,7,7,3.82,11,507,147,654,77.52,170,347,202,38,25,50.0,60,8,11,0,0,10,21.28,29,9,8,115,48.32,12,40.0,127,47.39,1948,13.79,0,0,1,0,0,0,3,1,27,2,0,0,4,14,53.85,17,0,0,23,286,8,36,25,1065,30,49,3,0,33,15,12,0,0,,,,1,0,0,0,0,20,8,0,0,0,0,0,25,0.0,0.0,38,50,47,141,18,0,0,0,26,28,32,53.33,487.0,0,0,0,205,496,1,3.97,0,93,,34
1084399,Carlos Vicente,vicente-carlos,2885,Deportivo Alavés,6.94,256.7,37,5,9,1,5,5.87,10,605,207,812,74.51,211,465,226,63,34,35.05,47,14,2,0,0,71,26.39,36,14,15,143,43.47,34,36.17,177,41.84,3097,13.89,1,1,0,0,1,0,4,1,25,11,0,1,4,18,34.62,27,0,0,49,624,21,43,24,1693,62,38,1,0,39,10,7,0,0,,,,6,0,0,0,0,32,7,0,0,0,0,0,35,100.0,0.0,63,97,269,246,60,0,0,0,52,39,31,65.96,619.4,0,0,0,263,818,2,3.48,0,133,,37
328145,Adnan Januzaj,adnan-januzaj,6577,UD Las Palmas,6.94,117.9,17,2,5,0,1,1.6,3,217,56,273,79.49,72,159,83,18,14,38.89,10,2,5,0,0,14,21.54,16,5,3,46,53.49,4,22.22,50,48.08,608,12.5,0,0,0,0,4,1,1,1,3,13,0,2,0,16,57.14,2,0,0,9,172,3,26,19,503,22,5,2,0,4,0,8,1,0,,,,0,0,0,0,0,8,0,0,0,0,0,0,5,0.0,25.0,17,36,65,54,14,0,0,0,28,8,6,60.0,304.0,0,0,0,77,261,0,0.86,0,30,,18
310874,Vedat Muriqi,vedat-muriqi,2826,Mallorca,6.93,201.1,29,7,4,10,2,1.71,9,293,180,473,61.95,73,222,117,27,9,37.5,7,7,1,2,2,2,20.0,55,19,31,56,46.28,136,57.63,192,53.78,2067,12.73,3,2,1,1,0,0,7,0,52,3,3,4,0,13,61.9,43,0,0,26,289,10,17,12,809,41,29,1,1,4,19,5,0,0,,,,1,0,0,0,0,28,2,0,0,0,0,0,24,66.67,0.0,27,24,10,165,100,0,0,1,21,30,5,71.43,295.29,0,0,0,96,387,2,9.83,0,49,,29
1085400,Nico Williams,nico-williams,2825,Athletic Club,6.93,201.1,29,5,6,2,5,4.16,10,460,121,581,79.17,115,370,239,40,68,39.53,28,7,1,0,0,25,23.36,54,19,21,131,41.32,11,37.93,142,41.04,1998,9.26,0,0,0,0,1,0,5,0,40,14,1,1,3,14,56.0,4,0,0,46,438,14,23,14,1210,35,17,1,0,21,10,14,0,0,,,,4,0,0,0,0,14,2,0,0,0,0,0,22,0.0,0.0,40,172,107,204,18,0,0,0,25,16,18,64.29,399.6,0,0,0,138,550,1,4.16,0,96,,29
1084081,Arnau Martínez,arnau-martinez,24264,Girona FC,6.93,221.9,32,2,3,5,2,1.77,4,1390,187,1577,88.14,676,722,355,19,20,58.82,51,31,3,0,0,8,13.79,19,6,10,106,57.3,31,58.49,137,57.56,2640,10.53,0,0,0,1,0,0,2,0,14,5,2,0,0,39,43.33,63,0,2,14,307,7,44,19,2214,37,20,0,0,31,2,3,1,0,,,,5,0,0,0,0,36,9,0,0,0,0,0,30,0.0,0.0,18,34,58,101,22,0,0,0,90,45,28,54.9,1320.0,0,0,0,739,896,3,1.25,0,125,,32
1403348,Jacobo Ramón,jacobo-naveros,2829,Real Madrid,6.93,20.8,3,1,0,0,0,0.02,1,84,6,90,93.33,52,32,7,1,0,0.0,7,3,1,0,0,0,0.0,2,1,0,8,80.0,8,50.0,16,61.54,203,50.0,0,0,0,0,0,0,1,0,2,0,0,0,1,1,100.0,8,0,2,1,9,0,1,1,120,1,2,0,0,0,0,1,0,0,,,,1,0,0,0,0,3,0,0,0,0,0,0,2,0.0,0.0,1,0,0,10,8,0,0,0,1,3,3,42.86,203.0,0,0,0,56,34,0,0.16,0,5,,3
2150615,Ibrahim Alani,ibrahim-alani,2831,Real Valladolid,6.93,20.8,3,0,0,0,0,0.03,0,70,13,83,84.34,38,32,9,0,1,100.0,12,1,0,0,0,0,0.0,1,0,1,18,75.0,3,75.0,21,75.0,159,0.0,0,0,0,0,0,0,0,0,0,1,0,0,0,6,46.15,1,0,0,2,17,0,12,4,118,5,2,0,0,2,0,0,0,0,,,,0,0,0,0,0,4,0,0,0,0,0,0,1,0.0,0.0,0,1,0,7,1,0,0,0,13,4,7,58.33,0.0,0,0,0,41,42,0,0.02,0,13,,3
349526,Dani Rodríguez,dani-rodriguez,2826,Mallorca,6.93,256.5,37,4,7,1,7,3.38,11,459,132,591,77.66,148,346,167,33,16,53.33,49,12,5,0,0,35,30.17,31,10,12,104,46.64,28,43.08,132,45.83,2175,12.9,0,0,0,0,1,0,4,0,20,11,1,1,2,21,48.84,25,0,0,46,330,9,57,30,1084,40,51,0,0,13,8,9,0,0,,,,0,0,0,0,0,28,3,0,0,0,0,0,26,0.0,0.0,33,30,116,156,37,0,0,0,43,31,29,59.18,543.75,0,0,0,187,520,0,2.76,0,70,,37
893642,Marash Kumbulla,marash-kumbulla,2814,Espanyol,6.93,242.6,35,3,1,2,0,0.33,3,1183,211,1394,84.86,917,270,54,1,4,66.67,51,34,10,0,0,4,66.67,16,5,6,82,60.29,73,60.83,155,60.55,2975,18.75,0,0,0,0,0,0,3,0,15,1,1,1,1,85,40.67,221,0,2,1,235,3,108,54,1890,29,37,1,1,17,0,5,0,0,,,,5,0,0,0,0,38,7,0,0,0,0,0,34,0.0,0.0,1,6,6,101,47,0,0,0,209,45,26,50.98,991.67,0,0,0,990,410,2,1.85,16,74,,35
1064026,Omar El Hilali,omar-el-hilali,2814,Espanyol,6.93,249.5,36,0,2,0,2,1.35,2,987,237,1224,80.64,633,362,127,8,17,70.83,111,47,10,0,0,8,14.04,2,0,1,157,62.3,37,55.22,194,60.82,3159,0.0,0,0,0,2,0,0,0,0,0,2,0,0,0,90,45.69,130,0,2,7,368,1,163,86,2088,30,52,0,0,31,7,1,0,0,,,,7,0,0,0,0,37,8,0,0,0,0,0,36,0.0,0.0,8,24,57,125,30,0,0,0,197,45,79,71.17,0.0,0,0,0,716,565,1,0.03,0,132,,36
1495844,Mikel Jauregizar,mikel-jauregizar,2825,Athletic Club,6.93,235.6,34,2,2,1,1,1.18,3,898,191,1089,82.46,381,523,237,23,20,55.56,84,29,4,1,1,6,22.22,21,8,8,145,53.51,35,50.0,180,52.79,2243,9.52,0,0,1,0,0,0,1,1,5,16,0,1,1,73,63.48,34,0,2,23,294,18,86,48,1520,42,46,0,0,42,0,5,0,0,,,,7,0,0,0,0,19,2,0,0,0,0,0,25,0.0,0.0,23,36,27,161,35,0,0,0,115,21,48,57.14,1121.5,0,0,0,440,676,1,1.08,0,144,,34
96365,Iñigo Ruiz de Galarreta,inigo-ruiz-de-galarreta,2825,Athletic Club,6.93,180.1,26,0,3,0,4,2.73,4,676,134,810,83.46,268,415,212,28,16,76.19,36,16,5,0,0,7,24.14,11,1,5,69,47.92,8,40.0,77,46.95,1492,0.0,0,0,0,0,0,0,0,0,2,9,0,0,0,47,58.75,14,0,2,16,200,14,86,47,1041,17,43,0,0,11,1,5,0,0,,,,0,0,0,0,0,9,2,0,0,0,0,0,18,0.0,0.0,28,21,29,87,12,0,0,0,80,11,22,61.11,0.0,0,0,0,295,544,0,0.51,0,120,,26
142018,Iván Sánchez,ivan-sanchez,2831,Real Valladolid,6.93,214.7,31,2,6,0,1,2.94,3,384,72,456,84.21,146,263,153,25,28,73.68,37,14,4,0,0,25,21.93,15,6,5,110,64.71,14,56.0,124,63.59,1413,13.33,0,0,0,0,2,0,1,1,8,7,0,2,0,39,69.64,8,0,0,21,229,5,45,29,847,48,15,1,0,15,3,4,1,0,,,,0,0,0,0,0,37,2,0,0,0,0,0,11,0.0,0.0,24,38,114,71,11,0,0,0,56,39,20,54.05,706.5,0,0,0,156,414,0,0.65,0,59,,32
997035,Alejandro Balde,alejandro-balde,2817,FC Barcelona,6.93,221.6,32,0,6,0,4,2.82,4,1142,110,1252,91.21,490,664,290,27,46,51.11,18,5,2,0,0,12,17.91,12,3,6,101,52.88,16,64.0,117,54.17,2292,0.0,0,0,0,0,0,0,0,0,7,5,0,0,0,18,50.0,20,0,0,27,301,12,31,14,1820,37,16,0,0,6,0,3,1,0,,,,4,0,0,0,0,20,2,0,0,0,0,0,26,0.0,0.0,26,90,67,99,9,0,0,0,36,22,10,55.56,0.0,0,0,0,526,793,1,0.48,0,122,,32
1466116,Jon Martin,vicente-jon-martin,2824,Real Sociedad,6.92,90.0,13,0,0,1,1,0.15,1,468,71,539,86.83,351,117,24,4,0,0.0,11,7,2,0,0,0,0.0,9,2,6,11,34.38,53,82.81,64,66.67,900,0.0,0,0,0,0,0,0,0,0,9,0,0,0,0,22,50.0,79,1,0,0,79,0,18,9,683,0,20,1,0,3,0,1,0,0,,,,1,0,0,0,0,18,1,0,0,0,0,0,6,0.0,0.0,4,0,0,32,11,0,0,0,44,19,9,81.82,0.0,0,0,0,384,155,1,0.6,0,22,,13
1084730,Bryan Zaragoza,bryan-zaragoza,2820,Osasuna,6.92,186.9,27,1,4,2,6,5.13,7,313,118,431,72.62,111,232,129,36,57,45.97,13,4,4,0,0,30,28.85,42,13,19,109,48.44,2,16.67,111,46.84,1855,2.38,0,0,0,0,0,0,1,0,27,15,0,0,1,25,54.35,8,0,0,15,332,3,37,16,888,39,19,3,0,15,9,10,0,0,,,,1,0,0,0,0,24,3,0,0,0,0,0,22,0.0,0.0,36,124,104,126,10,0,0,0,46,27,9,69.23,1855.0,0,0,0,131,404,1,2.7,0,55,,27
164343,Paulo Gazzaniga,paulo-gazzaniga,24264,Girona FC,6.92,249.2,36,0,0,0,0,0.03,0,836,233,1069,78.2,776,60,18,0,3,75.0,1,0,4,0,0,0,0.0,0,0,0,7,87.5,1,33.33,8,72.73,3195,0.0,0,0,0,0,0,0,0,0,0,0,0,0,0,134,37.12,23,3,0,0,244,0,86,69,1376,3,1,0,0,0,0,0,0,93,,,,8,5,3,63,30,40,11,6,14,14,34,1,36,0.0,0.0,0,4,0,3,2,0,0,0,361,51,1,100.0,0.0,0,0,25,820,249,0,,180,247,,36
962890,Ilaix Moriba,ilaix-moriba,2821,Celta Vigo,6.92,228.4,33,1,4,2,1,2.38,2,837,133,970,86.29,297,542,268,21,15,41.67,68,14,7,0,1,2,33.33,34,12,14,137,57.32,28,52.83,165,56.51,2137,2.94,0,0,1,0,0,0,1,0,16,18,0,0,1,45,66.18,28,0,1,25,245,13,62,34,1408,58,32,1,0,25,2,8,0,0,,,,4,0,0,0,0,31,3,0,0,0,0,0,22,0.0,0.0,21,36,6,127,25,0,0,0,68,34,42,61.76,2137.0,1,0,0,328,648,0,1.72,0,108,,33
1103693,Gavi,gavi,2817,FC Barcelona,6.92,166.1,24,1,2,1,1,1.49,2,727,72,799,90.99,263,465,221,15,9,64.29,30,10,4,0,0,1,11.11,11,1,3,65,52.0,21,43.75,86,49.71,1104,9.09,0,0,0,0,0,0,1,0,7,4,0,0,1,23,76.67,5,0,0,9,114,10,40,32,995,26,38,1,0,11,1,7,1,0,,,,3,0,0,0,0,11,1,0,0,0,0,0,14,0.0,0.0,14,14,9,87,27,0,0,0,30,12,21,70.0,1104.0,0,0,0,279,529,1,0.88,0,61,,26
96370,Suso,suso,2833,Sevilla,6.92,103.8,15,0,3,0,2,1.29,2,269,49,318,84.59,71,210,132,22,14,46.67,10,4,3,0,0,12,20.34,16,4,6,40,48.19,2,28.57,42,46.67,599,0.0,0,0,0,0,2,0,0,0,5,11,0,0,0,16,66.67,2,0,0,15,140,4,39,25,511,16,6,0,0,7,2,6,0,0,,,,1,0,0,0,0,7,4,0,0,0,0,0,4,0.0,0.0,22,30,59,48,5,0,0,0,24,11,7,70.0,0.0,0,0,0,83,294,0,0.74,0,31,,16
385888,Mauro Arambarri,mauro-arambarri,2859,Getafe,6.92,242.1,35,10,0,7,0,0.61,10,584,198,782,74.68,239,347,151,18,18,60.0,48,15,10,0,0,2,14.29,56,19,23,118,50.86,59,51.3,177,51.01,2664,17.86,3,3,0,0,1,1,9,1,39,17,2,2,6,33,33.0,43,0,0,29,319,13,68,34,1242,52,51,3,0,26,3,14,0,0,,,,4,0,0,0,0,26,6,0,0,0,0,0,31,100.0,100.0,18,30,14,170,56,0,0,0,100,32,29,60.42,266.4,0,0,0,286,510,1,8.23,0,137,,35
794937,Carles Aleñá,carles-alena,2885,Deportivo Alavés,6.92,166.0,24,0,1,1,2,1.44,2,438,111,549,79.78,115,334,172,22,15,71.43,25,2,2,0,0,11,29.73,20,5,8,74,54.01,20,57.14,94,54.65,1551,0.0,0,0,0,0,1,0,0,0,12,8,0,0,0,16,57.14,9,0,0,20,192,10,31,17,821,35,19,1,0,19,2,7,0,0,,,,1,0,0,0,0,13,3,0,0,0,0,0,18,0.0,0.0,22,21,37,78,15,0,0,0,28,16,15,60.0,0.0,0,0,0,140,446,0,1.62,0,59,,24
1011375,Abdessamad Ezzalzouli,abdessamad-ezzalzouli,2816,Real Betis,6.92,221.3,32,2,2,15,2,2.13,4,525,166,691,75.98,128,401,251,28,46,55.42,37,7,2,0,0,4,8.16,62,26,26,121,50.21,26,40.63,147,48.2,1995,3.23,1,0,2,0,1,0,2,0,48,14,0,0,2,11,50.0,11,0,0,50,371,23,34,15,1210,38,23,2,0,12,4,10,1,0,,,,1,0,0,0,0,28,3,0,0,0,0,0,23,0.0,0.0,27,83,49,158,38,0,0,1,22,31,25,67.57,997.5,0,0,0,157,583,0,7.79,0,102,,32
845693,André Almeida,andre-almeida,2828,Valencia,6.91,235.1,34,0,4,3,4,4.89,4,763,98,861,88.62,250,539,316,43,22,50.0,48,8,1,0,0,26,38.81,18,5,7,108,49.32,5,23.81,113,47.08,1998,0.0,0,0,0,0,2,0,0,0,6,12,0,0,0,38,70.37,12,0,1,38,250,8,78,53,1267,38,28,0,0,25,2,6,0,0,,,,0,0,0,0,0,24,5,0,0,0,0,0,24,0.0,0.0,43,44,67,127,16,0,0,0,54,29,32,66.67,0.0,0,0,0,271,657,0,1.21,0,89,,34
50490,Wojciech Szczęsny,wojciech-szczesny,2817,FC Barcelona,6.91,103.7,15,0,0,0,0,0.01,0,342,49,391,87.47,326,16,3,0,1,100.0,1,0,0,0,0,0,0.0,0,0,0,2,66.67,1,100.0,3,75.0,1350,0.0,0,0,0,1,0,0,0,0,0,0,0,0,0,34,41.98,23,1,0,0,52,0,20,11,511,1,1,0,0,0,0,0,0,21,,,,8,1,0,16,5,12,0,3,25,25,6,0,15,0.0,0.0,0,1,0,1,0,0,0,0,81,12,1,100.0,0.0,0,0,6,345,46,0,,54,122,,15
1069703,Carlos Domínguez,carlos-dominguez,2821,Celta Vigo,6.91,110.6,16,0,0,0,0,0.19,0,854,108,962,88.77,529,325,82,2,2,66.67,23,13,1,0,0,0,0.0,3,1,2,34,69.39,29,65.91,63,67.74,1187,0.0,0,0,0,0,0,0,0,0,3,0,0,0,0,32,37.65,76,1,0,0,117,0,44,17,1138,10,8,0,1,6,0,0,0,0,,,,2,0,0,0,0,19,0,0,0,0,0,0,13,0.0,0.0,2,3,0,30,15,0,0,0,85,19,11,47.83,0.0,0,0,0,559,403,0,0.21,0,45,,19
1010421,Pep Chavarría,josep-chavarria,2818,Rayo Vallecano,6.91,235.0,34,0,2,2,1,1.92,1,997,218,1215,82.06,509,502,260,24,10,35.71,46,30,3,0,0,14,17.72,11,3,5,80,53.69,24,44.44,104,51.23,2589,0.0,0,0,0,1,0,0,0,0,6,5,0,0,0,48,39.34,93,0,1,6,381,7,58,31,1949,25,31,0,0,17,3,3,0,0,,,,8,0,0,0,0,27,8,0,0,0,0,0,28,0.0,0.0,24,28,79,99,30,0,0,0,122,35,36,78.26,0.0,0,0,0,589,705,0,1.17,0,114,,34
1099352,Giuliano Simeone,giuliano-simeone,2836,Atlético Madrid,6.91,228.0,33,2,13,3,6,4.69,8,565,152,717,78.8,216,360,202,25,30,47.62,27,14,3,0,0,11,22.45,22,7,12,98,51.85,12,34.29,110,49.11,1950,9.09,0,0,1,0,0,0,2,0,20,2,0,1,1,2,15.38,17,0,1,20,309,8,17,6,1132,42,23,0,0,15,7,3,1,0,,,,1,0,0,0,0,16,2,0,0,0,0,0,26,0.0,0.0,24,63,49,114,23,0,0,0,13,18,13,48.15,975.0,0,0,0,261,505,0,2.2,0,72,,33
951008,Diego Conde,diego-conde,2819,Villarreal,6.91,152.0,22,0,1,0,1,0.02,1,409,119,528,77.46,363,46,14,2,0,0.0,2,1,2,0,0,0,0.0,0,0,0,2,50.0,2,100.0,4,66.67,1963,0.0,0,0,0,0,0,0,0,0,0,0,0,0,0,88,44.22,17,2,0,0,122,0,36,18,746,1,0,0,0,2,0,0,0,63,,,,2,4,0,42,20,24,9,8,7,6,17,0,22,0.0,0.0,2,0,0,2,0,0,0,0,199,33,2,100.0,0.0,0,1,18,403,125,1,,107,175,,22
1142588,Pablo Barrios,pablo-barrios,2836,Atlético Madrid,6.91,214.1,31,1,6,1,4,2.04,5,1289,188,1477,87.27,587,707,349,27,25,64.1,46,34,4,1,1,5,19.23,29,8,18,98,52.97,35,62.5,133,55.19,2336,3.45,0,0,0,0,0,0,0,1,8,21,0,1,0,61,58.65,30,1,8,23,298,13,71,43,1871,27,28,1,0,24,0,3,1,0,,,,6,0,0,0,0,19,5,0,0,0,0,0,28,0.0,0.0,26,39,26,108,21,0,0,0,104,24,26,56.52,2336.0,0,0,0,665,838,0,1.29,0,131,,31
1396048,Carlos Romero,carlos-romero,2814,Espanyol,6.91,234.8,34,2,5,2,1,2.37,3,575,183,758,75.86,277,316,166,30,22,48.89,73,30,7,0,0,18,19.57,29,6,13,115,51.8,15,38.46,130,49.81,2560,6.9,0,0,0,2,1,0,2,0,13,16,0,2,0,23,30.67,87,0,1,13,358,12,55,23,1447,21,34,0,0,37,1,10,0,0,,,,6,0,0,0,0,34,5,0,0,0,0,0,28,0.0,0.0,30,45,92,131,24,0,0,0,75,39,47,64.38,1280.0,0,0,0,341,509,1,1.99,0,125,,34
826004,Manu Morlanes,manu-morlanes,2826,Mallorca,6.9,151.9,22,0,0,0,0,0.73,0,623,72,695,89.64,280,346,167,10,3,37.5,44,24,7,0,0,3,37.5,11,1,6,59,58.42,11,40.74,70,54.69,1340,0.0,0,0,0,0,0,0,0,0,3,8,0,0,0,24,57.14,16,0,0,10,102,8,52,30,889,13,15,0,0,12,0,4,0,0,,,,0,0,0,0,0,12,3,0,0,0,0,0,15,0.0,0.0,10,8,8,58,16,0,0,0,42,15,28,63.64,0.0,0,0,0,296,407,0,0.57,0,79,,23
875890,Chidera Ejuke,chidera-ejuke,2833,Sevilla,6.9,165.7,24,2,2,1,1,1.18,3,345,65,410,84.15,116,235,130,21,47,58.75,19,5,0,0,0,6,27.27,20,8,10,82,53.25,4,30.77,86,51.5,969,10.0,0,0,0,0,0,0,2,0,12,8,0,0,2,22,78.57,8,0,0,22,184,10,21,14,702,16,6,0,0,11,4,2,0,0,,,,0,0,0,0,0,11,1,0,0,0,0,0,9,0.0,0.0,21,80,22,81,9,0,0,0,28,12,13,68.42,484.5,0,0,0,134,298,0,1.08,0,63,,25
187313,Lucas Torró,lucas-torro,2820,Osasuna,6.9,241.6,35,3,0,4,0,1.67,3,1026,328,1354,75.78,487,539,242,10,6,66.67,74,45,10,0,0,0,0.0,31,7,15,115,48.32,161,70.0,276,58.97,2963,9.68,0,0,0,2,0,0,3,0,21,10,1,0,2,73,45.63,69,2,1,23,403,13,91,47,1794,37,75,1,0,28,1,9,0,0,,,,9,0,0,0,0,36,6,0,0,0,0,0,35,0.0,0.0,10,9,1,192,69,0,0,0,160,42,41,55.41,987.67,0,0,0,567,788,0,2.33,0,172,,35
936234,Juan Cruz,juan-cruz,2845,Leganés,6.9,234.6,34,5,10,0,4,3.67,9,416,142,558,74.55,138,300,164,25,40,55.56,32,13,2,0,0,22,23.91,33,14,11,95,52.2,15,44.12,110,50.93,2265,15.15,0,0,0,0,1,0,3,2,14,19,0,5,0,17,35.42,26,0,0,24,332,12,36,14,1049,23,14,1,0,19,7,8,0,0,,,,3,0,0,0,0,32,4,0,0,0,0,0,26,0.0,0.0,25,72,92,106,19,0,0,0,48,36,19,59.38,453.0,0,0,0,181,469,0,2.62,0,109,,34
1468090,Alfon González,alfon-gonzalez,2821,Celta Vigo,6.9,179.4,26,5,4,4,2,2.13,7,255,76,331,77.04,60,200,125,24,25,44.64,8,5,1,1,1,5,12.5,46,21,10,64,46.72,3,17.65,67,43.51,1372,10.87,0,0,1,0,0,0,4,1,31,15,0,1,4,3,21.43,3,0,1,20,201,12,10,3,623,31,15,0,0,8,6,15,0,0,,,,1,0,0,0,0,26,0,0,0,0,0,0,14,0.0,0.0,24,56,40,87,14,0,0,0,14,26,3,37.5,274.4,0,0,0,73,298,1,4.61,0,37,,26
799054,Djibril Sow,djibril-sow,2833,Sevilla,6.9,207.0,30,2,4,3,1,1.01,3,880,102,982,89.61,459,423,206,21,10,47.62,25,28,5,0,0,2,22.22,22,6,8,73,58.4,27,54.0,100,57.14,2068,9.09,0,0,0,0,0,0,2,0,14,8,1,0,1,29,67.44,25,0,1,9,168,13,30,22,1264,41,23,0,0,9,0,8,0,0,,,,4,0,0,0,0,18,10,0,0,0,0,0,24,0.0,0.0,21,21,9,75,23,0,0,0,43,28,14,56.0,1034.0,0,0,0,489,502,0,2.37,0,110,,30
1067582,Enzo Boyomo,enzo-boyomo,2820,Osasuna,6.9,255.3,37,2,1,0,0,0.7,2,1376,194,1570,87.64,896,482,115,4,10,62.5,74,44,5,0,0,2,100.0,14,3,8,92,57.14,32,44.44,124,53.22,3258,14.29,0,0,0,0,0,0,2,0,13,1,0,0,2,66,41.51,137,1,2,10,233,5,93,44,2000,8,46,0,0,9,0,3,0,0,,,,10,0,0,0,0,38,9,0,0,0,0,0,36,0.0,0.0,4,16,2,109,40,0,0,0,159,47,45,60.81,1629.0,0,0,0,962,610,1,1.5,10,132,,37
135116,David López,david-lopez,24264,Girona FC,6.9,200.1,29,1,1,1,1,1.26,2,1871,155,2026,92.35,1218,653,186,4,6,75.0,32,14,4,0,0,0,0.0,12,3,5,51,60.0,32,52.46,83,56.85,2429,8.33,0,0,0,1,0,0,1,0,10,2,0,1,0,85,51.52,110,1,1,7,182,2,97,52,2305,15,12,0,0,13,1,4,0,0,,,,8,0,0,0,0,29,8,0,0,0,0,0,27,0.0,0.0,4,8,3,63,29,0,0,0,165,37,24,75.0,2429.0,0,0,0,1276,753,1,0.87,19,95,,29
787751,Robin Le Normand,robin-le-normand,2836,Atlético Madrid,6.9,186.3,27,1,2,2,0,1.01,1,1170,122,1292,90.56,870,300,59,4,2,50.0,27,10,8,0,0,0,0.0,11,3,5,53,52.48,54,57.45,107,54.87,2153,9.09,0,0,0,1,0,0,1,0,11,0,1,0,0,36,37.5,119,0,1,6,146,0,37,15,1562,24,35,0,0,8,3,3,0,0,,,,12,0,0,0,0,14,3,0,0,0,0,0,24,0.0,0.0,4,4,1,88,40,0,0,0,96,17,18,66.67,2153.0,0,0,0,920,373,0,1.39,4,82,,27
1137814,Sergi Altimira,sergi-altimira,2816,Real Betis,6.9,213.9,31,0,2,1,1,1.15,1,1120,129,1249,89.67,554,567,241,22,16,69.57,61,24,4,0,0,1,20.0,21,4,11,108,55.38,13,37.14,121,52.61,1977,0.0,0,0,1,0,0,0,0,0,8,13,0,0,0,47,66.2,42,0,3,21,192,12,54,39,1600,33,35,0,0,24,0,6,0,0,,,,1,0,0,0,0,30,3,0,0,0,0,0,22,0.0,0.0,22,23,5,109,22,0,0,0,71,33,37,60.66,0.0,0,0,0,597,657,0,1.75,1,117,,32
337671,Nabil Fekir,nabil-fekir,2816,Real Betis,6.9,13.8,2,0,1,2,1,0.79,1,62,10,72,86.11,19,48,27,6,0,0.0,3,0,0,0,0,5,50.0,7,1,4,10,41.67,0,0.0,10,38.46,180,0.0,0,0,0,0,0,0,0,0,2,5,0,0,0,2,100.0,0,0,0,6,30,0,4,2,121,7,3,0,0,1,0,2,0,0,,,,1,0,0,0,0,1,0,0,0,0,0,0,2,0.0,0.0,6,4,10,16,2,0,0,0,2,1,2,66.67,0.0,0,0,0,21,61,1,0.69,0,3,,2
1521733,Vladyslav Krapyvtsov,vladyslav-krapyvtsov,24264,Girona FC,6.9,13.8,2,0,0,0,0,0.0,0,40,17,57,70.18,32,8,1,0,0,0.0,0,0,0,0,0,0,0.0,0,0,0,0,0.0,0,0.0,0,0.0,180,0.0,0,0,0,0,0,0,0,0,0,0,0,0,0,13,46.43,2,1,0,0,17,0,5,3,85,0,0,0,0,0,0,0,0,12,,,,0,1,0,7,4,7,0,1,1,1,0,0,2,0.0,0.0,0,0,0,0,0,0,0,0,28,7,0,0.0,0.0,0,0,1,39,18,0,,7,20,,2
1513896,David López,david-lopez,2826,Mallorca,6.9,13.8,2,0,0,0,0,0.01,0,43,9,52,82.69,29,14,1,0,0,0.0,3,1,0,0,0,0,0.0,0,0,0,3,100.0,2,28.57,5,50.0,170,0.0,0,0,0,0,0,0,0,0,0,0,0,0,0,2,20.0,10,0,0,0,11,0,2,1,72,0,0,0,0,0,0,0,0,0,,,,1,0,0,0,0,0,1,0,0,0,0,0,2,0.0,0.0,0,0,0,5,5,0,0,0,10,1,2,66.67,0.0,0,0,0,31,21,0,,0,2,,2
976141,Jon Moncayola,jon-moncayola,2820,Osasuna,6.9,213.9,31,0,4,1,0,4.62,0,701,173,874,80.21,276,458,222,34,4,36.36,70,11,8,0,0,33,30.84,21,9,8,83,52.53,15,46.88,98,51.58,2112,0.0,0,0,0,0,0,0,0,0,14,7,0,0,0,51,48.11,19,0,0,8,294,10,96,47,1241,9,34,0,0,29,0,4,1,0,,,,1,0,0,0,0,26,3,0,0,0,0,0,26,0.0,0.0,33,11,107,92,17,0,0,0,106,29,41,58.57,0.0,0,0,0,320,661,1,1.68,0,91,,32
1003007,Tanguy Nianzou,tanguy-nianzou,2833,Sevilla,6.9,41.4,6,0,0,0,0,0.03,0,285,29,314,90.76,226,59,10,0,3,100.0,7,8,1,0,1,0,0.0,2,0,2,14,58.33,18,85.71,32,71.11,519,0.0,0,0,0,0,0,0,0,0,2,0,0,0,0,6,40.0,26,0,0,0,32,0,7,3,386,5,10,0,1,1,0,0,0,0,,,,2,0,0,0,0,5,0,0,0,0,0,0,6,0.0,0.0,0,3,0,13,3,0,0,0,15,5,5,71.43,0.0,1,0,0,237,77,0,0.19,3,9,,6
32023,Vicente Guaita,vicente-guaita,2821,Celta Vigo,6.9,234.5,34,0,0,0,0,0.01,0,604,171,775,77.94,562,42,10,0,0,0.0,0,0,0,0,0,0,0.0,0,0,0,5,83.33,10,100.0,15,93.75,3060,0.0,0,0,0,0,0,0,0,0,0,0,0,0,0,96,36.64,42,3,0,1,178,0,36,21,1134,5,0,0,0,0,0,0,0,81,,,,8,3,0,53,26,44,4,21,19,19,24,1,34,0.0,0.0,0,0,0,1,0,0,0,0,262,48,0,0.0,0.0,0,0,20,611,164,2,,230,312,,34
52663,Óscar de Marcos,oscar-de-marcos,2825,Athletic Club,6.9,172.4,25,0,6,2,4,2.19,4,602,157,759,79.31,283,336,177,19,4,26.67,32,16,0,0,0,17,30.91,8,2,5,41,45.56,8,40.0,49,44.55,1574,0.0,0,0,0,0,0,0,0,0,4,4,0,0,0,48,50.53,31,0,0,7,239,6,37,13,1184,5,16,0,0,16,1,1,0,0,,,,6,0,0,0,0,8,3,0,0,0,0,0,17,0.0,0.0,19,15,55,61,12,0,0,0,95,11,15,46.88,0.0,0,0,0,330,484,0,1.0,0,89,,26
996928,César Tárrega,cesar-tarrega,2828,Valencia,6.89,234.4,34,2,0,1,0,0.24,2,1428,258,1686,84.7,1039,389,91,3,11,84.62,50,22,7,0,0,0,0.0,20,7,8,74,50.34,89,58.55,163,54.52,3027,10.0,0,0,0,2,0,0,2,0,20,0,1,0,1,86,39.27,218,1,1,4,287,0,112,52,2149,15,56,1,2,12,0,5,0,0,,,,8,0,0,0,0,39,6,0,0,0,0,0,34,0.0,0.0,3,13,1,136,63,0,0,0,219,45,37,74.0,1513.5,0,0,0,1138,549,2,2.03,31,104,,34
930997,Giorgi Mamardashvili,giorgi-mamardashvili,2828,Valencia,6.89,234.4,34,0,0,0,0,0.05,0,603,341,944,63.88,482,121,36,2,0,0.0,2,1,2,0,0,0,0.0,0,0,0,5,71.43,7,77.78,12,75.0,3060,0.0,0,0,0,1,0,0,0,0,0,0,0,0,0,171,33.73,28,3,0,0,348,0,73,36,1252,6,1,0,0,1,0,0,0,93,,,,8,7,2,51,40,40,8,12,22,20,28,0,34,0.0,0.0,2,0,0,4,2,0,0,0,507,48,2,100.0,0.0,0,0,35,559,385,1,,219,246,,34
991591,Karl Hein,karl-hein,2831,Real Valladolid,6.89,213.7,31,0,0,0,0,0.06,0,722,307,1029,70.17,596,126,52,0,0,0.0,0,0,0,0,0,0,0.0,0,0,0,1,33.33,8,100.0,9,81.82,2790,0.0,0,0,0,0,0,0,0,0,0,0,0,0,0,190,38.62,23,1,1,0,315,0,67,38,1340,2,0,0,0,2,0,0,0,96,,,,5,4,0,60,36,62,6,4,17,16,28,0,31,0.0,0.0,0,0,0,2,0,0,0,0,492,68,0,0.0,0.0,0,1,27,642,387,1,,224,252,,31
856250,Ladislav Krejčí,ladislav-krejci,24264,Girona FC,6.89,193.0,28,2,0,1,0,0.79,2,1909,201,2110,90.47,1270,642,196,9,7,63.64,23,34,10,0,0,3,27.27,18,5,9,47,50.54,55,68.75,102,58.96,2439,11.11,0,0,1,0,0,0,1,1,14,4,0,2,0,76,45.78,90,2,3,8,238,1,104,48,2415,17,24,0,1,12,0,4,1,0,,,,3,0,0,0,0,39,6,0,0,0,0,0,27,0.0,0.0,8,11,11,71,25,0,0,0,166,45,16,69.57,1219.5,0,0,0,1344,777,1,1.66,23,101,,28
1092769,Yáser Asprilla,yaser-asprilla,24264,Girona FC,6.89,186.1,27,3,5,2,1,3.38,4,439,105,544,80.7,134,327,188,26,29,53.7,22,7,2,0,0,22,23.66,38,11,14,73,51.41,5,62.5,78,52.0,1415,7.89,0,0,0,1,2,0,1,2,17,21,0,3,0,29,67.44,6,0,1,17,272,7,38,20,900,23,12,1,0,15,1,13,2,0,,,,0,0,0,0,0,24,4,0,0,0,0,0,15,0.0,0.0,24,54,93,72,3,0,0,0,43,28,12,54.55,471.67,0,0,0,157,480,0,2.06,0,62,,27
846147,Abdul Mumin,abdul-mumin,2818,Rayo Vallecano,6.89,165.4,24,2,0,1,1,0.11,3,899,176,1075,83.63,701,198,49,1,5,55.56,37,23,6,1,1,0,0.0,10,4,6,53,57.61,32,55.17,85,56.67,2020,20.0,0,0,0,0,0,0,2,0,8,2,1,1,0,50,31.45,122,0,0,5,210,2,77,30,1389,12,22,0,0,10,0,0,0,0,,,,5,0,0,0,0,16,5,0,0,0,0,0,24,0.0,0.0,1,9,6,65,26,0,0,0,159,21,25,67.57,1010.0,0,0,0,759,322,0,0.61,39,93,,24
1154587,Álvaro Rodriguez,alvaro-rodriguez,2859,Getafe,6.89,137.8,20,2,1,1,0,0.35,2,109,120,229,47.6,20,90,44,5,16,51.61,10,3,6,0,0,1,20.0,25,10,9,44,40.37,105,54.69,149,49.5,852,8.0,0,0,0,0,0,0,2,0,19,6,1,1,0,0,0.0,12,0,0,20,202,6,5,3,466,19,30,1,0,5,6,6,0,0,,,,0,0,0,0,0,8,1,0,0,0,0,0,7,0.0,0.0,5,31,5,152,87,0,0,0,6,9,7,70.0,426.0,0,0,0,29,205,0,1.23,0,31,,22
866810,Andoni Gorosabel,andoni-gorosabel,2825,Athletic Club,6.89,137.8,20,0,4,1,2,1.68,2,555,108,663,83.71,280,287,135,15,7,50.0,47,18,5,0,0,12,29.27,2,1,1,58,50.43,20,41.67,78,47.85,1489,0.0,0,0,0,0,0,0,0,0,1,1,0,0,0,10,31.25,57,0,0,14,187,5,24,12,1120,4,24,0,0,15,1,0,0,0,,,,4,0,0,0,0,11,1,0,0,0,0,0,17,0.0,0.0,15,14,41,85,28,0,0,0,32,12,28,59.57,0.0,0,0,0,316,388,0,0.33,0,56,,20
949156,Luka Sučić,luka-sucic,2824,Real Sociedad,6.89,199.8,29,1,7,4,1,2.17,2,724,133,857,84.48,306,420,191,25,25,51.02,25,15,4,0,0,2,11.11,43,11,14,65,49.24,26,50.98,91,49.73,1811,2.33,0,0,0,0,1,0,0,1,14,29,0,1,0,32,57.14,15,1,0,16,231,20,45,20,1163,15,11,3,0,16,3,18,0,0,,,,5,0,0,0,0,25,2,0,0,0,0,0,21,0.0,0.0,25,49,18,92,25,0,0,0,56,27,18,72.0,1811.0,0,0,0,333,542,1,3.24,0,109,,29
53739,Kiko Femenía,kiko-femenia,2819,Villarreal,6.89,192.9,28,0,3,1,1,2.13,1,1134,120,1254,90.43,651,500,237,16,17,73.91,50,40,7,0,0,17,36.17,3,0,2,79,56.83,6,33.33,85,54.14,2229,0.0,0,0,0,0,0,0,0,0,1,2,0,0,0,43,60.56,55,0,3,10,205,2,61,31,1776,13,21,0,0,24,1,1,0,0,,,,3,0,0,0,0,25,9,0,0,0,0,0,27,0.0,0.0,16,23,47,72,12,0,0,0,71,34,34,68.0,0.0,0,0,0,702,599,0,0.36,1,102,,28
1110006,Dário Essugo,dario-essugo,6577,UD Las Palmas,6.89,186.0,27,1,0,0,0,0.68,1,811,136,947,85.64,456,355,148,13,12,70.59,59,42,7,0,2,0,0.0,23,4,12,101,55.49,30,48.39,131,53.69,1952,4.35,0,0,0,1,0,0,0,1,6,17,0,0,1,44,55.0,42,0,7,21,201,7,54,26,1306,30,37,0,0,18,0,7,0,0,,,,2,0,0,0,0,27,0,0,0,0,0,0,25,0.0,0.0,13,17,1,113,32,0,0,0,80,27,45,76.27,1952.0,2,0,0,502,446,0,0.68,0,118,,27
1884145,Christantus Uche,christantus-uche,2859,Getafe,6.89,227.3,33,4,7,2,6,3.11,10,382,184,566,67.49,96,291,194,29,32,39.51,35,10,6,1,2,5,22.73,50,14,21,134,43.79,92,41.82,226,42.97,2501,8.0,0,0,0,0,0,0,4,0,39,11,1,0,3,7,24.14,20,0,0,67,445,25,28,15,1136,68,55,1,0,11,19,15,0,0,,,,3,0,0,0,0,20,3,0,0,0,0,0,30,0.0,0.0,29,81,22,300,128,0,0,0,29,23,21,60.0,625.25,1,0,0,117,471,3,3.73,0,110,,33
842419,Valentin Rosier,valentin-rosier,2845,Leganés,6.89,220.4,32,1,1,1,2,1.25,3,770,185,955,80.63,405,370,161,11,23,53.49,72,52,8,0,0,5,12.82,14,4,6,112,50.91,27,60.0,139,52.45,2592,7.14,0,0,0,0,0,0,1,0,8,6,0,0,1,37,31.09,131,0,2,21,323,2,60,25,1707,18,44,0,0,25,8,4,0,0,,,,6,0,0,0,0,40,5,0,0,0,0,0,28,0.0,0.0,11,43,39,126,18,0,0,0,119,45,53,73.61,2592.0,0,0,0,478,516,0,0.91,0,121,,32
835485,Brahim Díaz,brahim-diaz,2829,Real Madrid,6.89,206.6,30,4,4,7,2,2.26,6,564,74,638,88.4,163,402,205,23,24,55.81,25,4,0,0,0,1,12.5,28,17,5,83,53.9,3,17.65,86,50.29,1405,14.29,0,0,0,0,0,0,4,0,24,4,0,3,1,9,56.25,2,1,0,27,178,8,30,17,915,34,14,3,0,12,1,6,0,0,,,,4,0,0,0,0,16,0,0,0,0,0,0,16,0.0,0.0,23,43,8,85,14,0,0,0,16,16,19,76.0,351.25,0,0,0,177,469,1,5.51,0,54,,31
1526627,Javi Rodríguez,javi-rodriguez,2821,Celta Vigo,6.89,247.9,36,3,2,4,2,0.96,5,1422,216,1638,86.81,849,575,208,13,10,52.63,53,33,7,0,0,2,50.0,12,5,6,82,56.16,43,55.13,125,55.8,2513,25.0,0,0,0,0,0,0,3,0,10,2,0,0,3,70,46.05,82,1,1,5,264,3,92,39,2043,22,37,0,0,14,0,1,0,0,,,,5,0,0,0,0,37,3,0,0,0,0,0,26,0.0,0.0,13,19,4,99,35,0,0,0,152,40,38,71.7,837.67,0,0,0,919,723,1,2.37,0,87,,36
84539,Koke,koke,2836,Atlético Madrid,6.88,220.3,32,1,2,1,1,2.22,2,1429,174,1603,89.15,700,737,316,16,9,45.0,46,20,4,0,0,8,36.36,11,4,3,70,53.03,9,47.37,79,52.32,1927,9.09,0,0,0,0,0,0,1,0,5,6,0,0,1,64,52.89,28,0,2,8,230,6,109,58,1880,16,23,0,1,22,0,4,0,0,,,,5,0,0,0,0,12,2,0,0,0,0,0,20,0.0,0.0,16,20,22,72,10,0,0,0,121,14,23,50.0,1927.0,0,0,0,746,879,0,1.09,0,122,,32
1392592,Roberto Fernández,roberto-fernandez,2814,Espanyol,6.88,130.8,19,6,1,1,0,0.54,6,187,70,257,72.76,90,97,50,8,11,40.74,4,3,1,0,0,0,0.0,21,9,6,38,37.62,36,40.0,74,38.74,1507,28.57,0,0,1,0,0,0,6,0,19,2,1,0,5,2,33.33,26,0,0,16,160,6,4,1,491,25,28,0,0,5,9,6,0,0,,,,1,0,0,0,0,13,3,0,0,0,0,0,18,0.0,0.0,8,27,2,117,54,0,0,0,6,16,4,100.0,251.17,0,0,0,111,148,1,3.47,0,33,,19
50539,Adrián,adrian,2816,Real Betis,6.88,130.8,19,0,0,0,0,0.02,0,385,140,525,73.33,349,36,10,0,0,0.0,0,0,3,0,0,0,0.0,0,0,0,2,40.0,4,80.0,6,60.0,1710,0.0,0,0,0,0,0,0,0,0,0,0,0,0,0,98,41.88,30,2,1,0,146,0,64,37,720,4,0,0,0,3,0,0,0,50,,,,3,1,0,30,19,24,3,16,8,7,10,1,19,0.0,0.0,0,0,0,4,1,0,0,0,234,27,0,0.0,0.0,0,0,10,398,127,0,,109,153,,19
909119,Hugo Duro,hugo-duro,2828,Valencia,6.88,213.4,31,11,2,11,2,0.49,13,295,124,419,70.41,117,178,90,14,7,35.0,13,10,5,0,0,0,0.0,49,18,20,69,45.1,61,36.97,130,40.88,2172,22.45,1,1,2,1,1,0,11,0,47,2,3,6,2,4,33.33,10,0,0,32,236,19,17,7,728,50,38,0,1,8,7,11,0,0,,,,2,0,0,0,0,32,5,0,0,0,0,0,25,100.0,0.0,14,20,7,188,104,0,0,0,12,37,8,61.54,197.45,0,0,0,141,285,1,9.37,0,46,,31
1015240,José Ángel Carmona,jose-angel-carmona,2833,Sevilla,6.88,240.9,35,0,4,0,0,0.88,0,1181,258,1439,82.07,681,510,205,19,19,43.18,83,68,11,0,0,10,24.39,19,4,11,144,53.53,34,62.96,178,55.11,2954,0.0,0,0,0,0,0,0,0,0,5,14,0,0,0,39,37.86,84,0,3,18,438,9,103,44,2308,43,49,1,0,36,1,4,0,0,,,,9,0,0,0,0,34,13,0,0,0,0,0,35,0.0,0.0,19,44,41,145,20,0,0,0,103,47,59,71.08,0.0,0,0,0,776,704,0,0.53,0,164,,35
913695,José Copete,jose-copete,2826,Mallorca,6.88,158.3,23,0,0,1,0,0.15,0,638,120,758,84.17,448,190,47,0,4,100.0,29,17,6,0,0,0,0.0,6,2,3,45,60.0,27,62.79,72,61.02,1537,0.0,0,0,0,0,0,0,0,0,6,0,0,0,0,55,49.11,120,0,2,2,137,0,65,34,1017,13,27,0,0,1,0,1,0,0,,,,3,0,0,0,0,15,6,0,0,0,0,0,16,0.0,0.0,0,4,7,46,16,0,0,0,112,21,17,58.62,0.0,0,0,0,482,283,1,0.46,21,46,,25
872919,Rubén Vargas,ruben-vargas,2833,Sevilla,6.88,75.7,11,2,1,3,1,0.88,3,148,53,201,73.63,52,107,65,13,12,42.86,7,3,0,0,0,11,29.73,17,5,7,28,43.08,7,53.85,35,44.87,677,11.76,0,0,0,0,0,0,2,0,15,2,0,0,2,8,42.11,10,0,0,6,137,8,6,2,388,9,11,1,0,5,3,5,0,0,,,,0,0,0,0,0,7,2,0,0,0,0,0,9,0.0,0.0,13,28,37,43,6,0,0,0,19,9,4,57.14,338.5,0,0,0,71,167,0,1.98,0,31,,11
831253,Toni Martínez,toni-martinez,2885,Deportivo Alavés,6.88,172.0,25,4,0,4,0,0.91,4,138,91,229,60.26,42,97,54,11,9,64.29,12,1,1,0,0,1,14.29,46,15,22,34,52.31,79,51.97,113,52.07,1013,8.7,0,0,0,1,0,0,2,2,33,13,0,1,3,0,0.0,15,0,0,11,158,8,14,6,437,13,17,3,0,4,8,9,0,0,,,,0,0,0,0,0,16,1,0,0,0,0,0,9,0.0,0.0,11,14,7,104,73,0,0,0,7,17,7,58.33,253.25,0,0,0,58,178,0,3.86,0,30,,28
1088565,Ramón Terrats,ramon-terrats,2859,Getafe,6.88,165.0,24,4,4,2,1,1.41,5,281,103,384,73.18,97,191,111,17,26,50.98,23,10,2,0,0,7,17.5,21,9,8,71,48.63,19,55.88,90,50.0,1374,19.05,0,0,0,0,1,0,3,1,9,12,0,3,1,18,35.29,17,0,0,14,218,5,50,19,672,24,15,0,0,22,4,4,0,0,,,,2,0,0,0,0,16,3,0,0,0,0,0,16,0.0,0.0,17,51,40,90,15,0,0,0,51,19,13,56.52,343.5,0,0,0,115,309,2,2.13,0,64,,26
916654,Manuel Fuster,manuel-fuster,6577,UD Las Palmas,6.88,192.5,28,2,2,0,1,1.83,3,452,88,540,83.7,148,318,175,28,5,35.71,19,4,2,0,0,14,20.9,18,7,8,60,55.05,4,23.53,64,50.79,1016,11.11,0,0,0,0,0,0,1,1,6,12,0,0,2,32,64.0,13,0,0,16,191,5,51,32,801,37,12,0,0,13,1,3,0,0,,,,0,0,0,0,0,21,0,0,0,0,0,0,8,0.0,0.0,28,14,67,62,13,0,0,0,50,21,11,57.89,508.0,0,0,0,169,438,1,0.73,0,63,,28
877978,Andy Pelmard,andy-pelmard,6577,UD Las Palmas,6.88,27.5,4,0,0,0,0,0.14,0,87,11,98,88.78,49,38,20,1,1,100.0,5,2,1,0,0,0,0.0,1,0,0,9,75.0,1,50.0,10,71.43,205,0.0,0,0,0,0,0,0,0,0,0,1,0,0,0,5,45.45,17,0,0,0,20,0,8,2,157,3,2,0,0,1,0,1,0,0,,,,0,0,0,0,0,3,0,0,0,0,0,0,2,0.0,0.0,1,1,2,4,1,0,0,0,11,3,0,0.0,0.0,0,0,0,52,48,0,0.01,0,4,,4
794927,Arthur,arthur,24264,Girona FC,6.87,103.1,15,0,0,0,0,0.58,0,664,47,711,93.39,287,378,149,5,8,72.73,25,8,2,0,0,1,14.29,6,1,2,60,59.41,0,0.0,60,57.69,941,0.0,0,0,0,0,1,0,0,0,1,5,0,0,0,29,72.5,11,0,1,9,78,8,22,13,854,27,16,0,0,13,0,3,0,0,,,,1,0,0,0,0,11,2,0,0,0,0,0,10,0.0,0.0,5,11,7,44,3,0,0,0,40,13,11,44.0,0.0,0,0,0,302,416,0,0.21,0,49,,15
904970,Conor Gallagher,conor-gallagher,2836,Atlético Madrid,6.87,219.8,32,3,1,2,3,1.15,6,704,109,813,86.59,312,394,171,13,17,48.57,45,20,2,0,0,2,15.38,22,4,13,101,51.79,9,29.03,110,48.67,1637,13.64,0,0,1,0,0,0,2,1,10,12,1,0,2,17,48.57,18,0,0,23,193,7,43,21,1149,39,32,0,0,27,1,5,1,0,,,,3,0,0,0,0,15,4,0,0,0,0,0,19,0.0,0.0,12,35,13,116,22,0,0,0,35,19,32,71.11,545.67,0,0,0,339,487,1,2.77,0,107,,32
891511,Javi Puado,javi-puado,2814,Espanyol,6.87,240.3,35,12,5,12,4,2.06,16,509,131,640,79.53,213,301,182,22,21,37.5,22,5,7,0,0,5,18.52,71,24,35,70,41.18,9,23.08,79,37.8,2987,16.9,5,5,1,0,0,0,11,1,42,29,2,2,8,21,51.22,18,0,0,33,306,9,40,22,1065,27,22,1,0,12,6,12,0,0,,,,3,0,0,0,0,34,8,0,0,0,0,0,35,100.0,0.0,22,56,27,130,30,0,0,0,41,42,17,77.27,248.92,0,0,0,244,423,1,11.48,0,105,,35
913679,Pathé Ismaël Ciss,ismaila-ciss,2818,Rayo Vallecano,6.86,226.5,33,4,2,1,1,0.8,5,995,167,1162,85.63,548,447,188,16,14,63.64,49,40,12,0,0,0,0.0,21,6,10,87,48.6,49,62.03,136,52.71,2158,19.05,0,0,0,2,0,0,4,0,14,7,2,1,1,59,56.73,58,0,3,20,225,1,70,42,1523,25,45,0,0,21,0,5,0,0,,,,4,0,0,0,0,28,4,0,0,0,0,0,25,0.0,0.0,16,22,4,122,30,0,0,0,104,32,24,48.98,539.5,0,0,0,604,562,0,1.92,9,148,,33
988351,Samú Costa,samuel-costa,2826,Mallorca,6.86,219.6,32,0,3,3,2,1.89,2,1152,260,1412,81.59,585,573,232,15,13,44.83,88,33,8,0,1,6,30.0,30,8,14,161,51.11,71,63.96,232,54.46,2654,0.0,0,0,0,0,1,0,0,0,18,12,0,0,0,75,53.96,82,0,1,35,372,6,91,46,1959,63,62,0,0,44,2,8,0,0,,,,6,0,0,0,0,32,5,0,0,0,0,0,31,0.0,0.0,15,29,20,194,40,0,0,0,139,37,42,47.73,0.0,1,0,0,677,755,0,1.84,0,129,,32
98440,Matija Nastasić,matija-nastasic,2845,Leganés,6.86,178.3,26,1,0,0,0,0.35,1,702,145,847,82.88,515,187,47,2,1,100.0,25,21,3,0,0,0,0.0,2,1,1,34,60.71,39,68.42,73,64.6,2112,50.0,0,0,1,2,0,0,1,0,2,0,1,0,0,50,35.97,164,0,0,0,153,1,66,33,1149,8,15,0,0,8,2,0,0,0,,,,5,0,0,0,0,36,5,0,0,0,0,0,24,0.0,0.0,2,1,0,40,18,0,0,0,139,41,11,44.0,2112.0,0,0,0,559,288,1,0.06,2,50,,26
1002764,Sergio Carreira,sergio-carreira,2821,Celta Vigo,6.86,157.7,23,0,4,1,4,2.37,4,556,152,708,78.53,249,318,171,16,14,51.85,28,17,1,0,0,11,26.83,13,3,4,49,46.23,3,17.65,52,42.28,1657,0.0,0,0,0,0,0,0,0,0,12,1,0,0,0,30,44.78,29,0,0,14,259,6,42,17,1100,7,19,0,0,12,3,6,0,0,,,,3,0,0,0,0,23,1,0,0,0,0,0,19,0.0,0.0,16,27,41,71,14,0,0,0,67,24,16,57.14,0.0,0,0,0,306,443,0,0.6,0,66,,23
911853,Logan Costa,logan-costa,2819,Villarreal,6.86,219.4,32,2,0,0,1,0.52,3,1346,185,1531,87.92,931,415,150,4,0,0.0,38,21,2,0,0,0,0.0,12,5,7,41,64.06,46,53.49,87,58.0,2585,16.67,0,0,1,2,0,0,2,0,9,3,2,0,0,106,52.48,109,0,2,0,199,0,125,70,1803,3,19,0,0,5,2,0,0,0,,,,6,0,0,0,0,30,10,0,0,0,0,0,28,0.0,0.0,4,2,5,63,40,0,0,0,202,40,21,55.26,1292.5,0,0,0,1010,526,3,0.7,43,104,,32
377234,Sergio González,sergio-gonzalez,2845,Leganés,6.85,246.7,36,2,1,3,0,0.55,2,1270,239,1509,84.16,949,321,67,5,4,100.0,40,39,1,1,1,0,0.0,13,5,5,56,56.0,64,52.46,120,54.05,2963,15.38,0,0,1,1,0,0,2,0,13,0,2,0,0,101,41.22,182,2,0,2,256,0,127,65,1903,12,30,0,1,14,7,3,0,0,,,,9,0,0,0,0,43,5,0,0,0,0,0,33,0.0,0.0,5,4,1,102,58,0,0,0,245,48,29,72.5,1481.5,0,0,0,1018,492,1,1.47,1,80,,36
910024,Sergio Camello,sergio-camello,2818,Rayo Vallecano,6.85,157.6,23,3,5,4,2,1.1,5,204,49,253,80.63,64,141,81,19,13,61.9,9,4,2,0,0,1,16.67,32,9,14,32,42.11,11,29.73,43,38.05,1138,9.38,0,0,0,0,0,0,3,0,23,9,0,2,1,3,75.0,16,0,0,23,129,9,5,5,448,10,11,0,0,2,2,9,0,0,,,,0,0,0,0,0,12,3,0,0,0,0,0,14,0.0,0.0,19,21,6,70,26,0,0,0,4,15,3,33.33,379.33,0,0,0,73,186,1,4.03,0,32,,23
1031499,Viti Rozada,viti-rozada,6577,UD Las Palmas,6.85,198.7,29,0,2,0,2,1.28,2,583,110,693,84.13,340,254,99,12,9,56.25,71,27,5,0,0,11,24.44,3,2,1,111,67.68,18,48.65,129,64.18,1986,0.0,0,0,0,0,0,0,0,0,1,2,0,0,0,28,43.08,52,0,0,6,223,2,26,15,1248,31,28,0,0,14,0,0,0,0,,,,1,0,0,0,0,34,2,0,0,0,0,0,23,0.0,0.0,12,16,45,72,19,0,0,0,65,36,46,64.79,0.0,0,0,0,386,352,0,0.07,0,85,,29
353154,Javier Muñoz,javier-munoz,6577,UD Las Palmas,6.85,239.8,35,1,4,1,3,2.29,4,858,217,1075,79.81,362,512,236,30,21,61.76,45,31,6,0,0,16,31.37,25,6,14,92,51.11,15,36.59,107,48.42,2590,4.0,0,0,0,0,0,0,1,0,12,13,0,0,1,58,47.93,32,0,3,15,320,11,104,55,1495,26,30,0,0,30,2,5,1,0,,,,2,0,0,0,0,46,3,0,0,0,0,0,28,0.0,0.0,29,34,51,114,26,0,0,0,121,49,35,77.78,2590.0,0,0,0,425,701,0,1.27,0,112,,35
901892,Albert Sambi Lokonga,albert-sambi-lokonga,2833,Sevilla,6.85,150.7,22,0,1,0,2,0.93,2,794,92,886,89.62,404,390,170,19,4,50.0,22,9,4,0,0,0,0.0,13,5,5,47,52.22,28,66.67,75,56.82,1474,0.0,0,0,0,0,0,0,0,0,6,7,0,0,0,38,61.29,23,0,3,13,131,5,40,24,1062,21,22,0,0,4,0,3,0,0,,,,3,0,0,0,0,18,3,0,0,0,0,0,16,0.0,0.0,19,8,2,57,14,0,0,0,62,21,15,68.18,0.0,0,0,0,430,458,0,0.92,0,69,,22
107414,James Rodríguez,james-rodriguez,2818,Rayo Vallecano,6.85,41.1,6,0,0,0,0,0.29,0,74,9,83,89.16,27,49,28,2,5,71.43,3,1,1,0,0,2,15.38,4,2,0,9,60.0,2,40.0,11,55.0,143,0.0,0,0,0,0,0,0,0,0,2,2,0,0,0,9,90.0,0,0,0,0,27,1,13,9,123,1,2,0,0,2,3,2,0,0,,,,0,0,0,0,0,2,0,0,0,0,0,0,1,0.0,0.0,2,7,13,9,3,0,0,0,10,2,2,66.67,0.0,0,0,0,29,67,0,0.29,0,8,,6
785989,Borja Iglesias,borja-iglesias,2821,Celta Vigo,6.85,253.4,37,11,6,10,3,1.36,14,344,129,473,72.73,150,194,110,19,11,37.93,10,7,2,0,0,0,0.0,46,28,11,55,35.26,14,34.15,69,35.03,1979,23.91,0,0,2,0,0,0,11,0,44,2,1,3,7,18,69.23,10,0,0,32,256,10,25,15,760,34,40,0,0,11,14,7,1,0,,,,0,0,0,0,0,29,2,0,0,0,0,0,24,0.0,0.0,18,29,6,128,27,0,0,0,26,31,9,90.0,179.91,0,0,0,179,300,2,9.39,0,46,,37
1144630,Cristhian Mosquera,cristhian-mosquera,2828,Valencia,6.85,253.4,37,1,0,0,0,0.27,1,1822,175,1997,91.24,1259,564,164,0,5,55.56,56,35,6,0,0,1,50.0,5,2,2,86,70.49,42,45.16,128,59.53,3320,20.0,0,0,0,3,0,0,1,0,5,0,0,1,0,73,56.59,123,1,3,10,228,0,76,41,2431,26,14,0,0,9,0,1,0,0,,,,8,0,0,0,0,39,8,0,0,0,0,0,37,0.0,0.0,0,9,2,87,51,0,0,0,129,47,36,64.29,3320.0,0,0,0,1341,658,1,0.42,11,190,,37
949707,Juan Iglesias,juan-iglesias,2859,Getafe,6.85,253.4,37,0,7,2,1,1.81,1,474,310,784,60.46,185,307,151,20,13,44.83,81,50,4,0,0,18,21.43,21,3,11,134,53.17,36,48.65,170,52.15,2889,0.0,0,0,0,0,0,0,0,0,7,14,0,0,0,54,29.83,125,0,1,15,586,5,113,51,1715,41,45,0,0,44,1,7,0,0,,,,7,0,0,0,0,29,6,0,0,0,0,0,32,0.0,0.0,20,29,84,156,38,0,0,0,181,35,47,58.02,0.0,0,0,0,257,611,0,1.6,0,106,,37
825133,Javi Galán,javi-galan,2836,Atlético Madrid,6.85,171.2,25,0,8,0,3,3.07,3,683,117,800,85.38,362,338,160,15,28,42.42,51,12,8,0,0,17,29.82,9,0,7,114,51.35,25,49.02,139,50.92,1790,0.0,0,0,0,1,0,0,0,0,2,7,0,0,0,23,46.94,42,0,0,15,257,7,30,15,1346,35,38,1,0,24,4,2,0,0,,,,5,0,0,0,0,13,1,0,0,0,0,0,21,0.0,0.0,15,66,57,134,26,0,0,0,49,14,31,60.78,0.0,0,0,0,406,451,1,0.2,0,71,,25
605672,Gorka Guruzeta,gorka-guruzeta,2825,Athletic Club,6.85,246.5,36,7,2,9,2,0.68,9,296,104,400,74.0,124,172,83,15,11,55.0,16,9,2,0,0,0,0.0,59,19,30,48,34.78,36,34.29,84,34.57,1847,11.86,0,0,0,0,0,0,6,1,51,8,2,1,4,14,58.33,21,0,0,20,190,19,22,12,702,21,40,0,0,24,7,10,0,0,,,,2,0,0,0,0,10,3,0,0,0,0,0,21,0.0,0.0,15,20,5,159,69,0,0,0,24,13,8,50.0,263.86,0,0,0,142,263,1,6.6,0,61,,36
1015287,Natan,natan,2816,Real Betis,6.85,191.7,28,1,2,0,1,0.83,2,1111,138,1249,88.95,835,277,67,5,2,100.0,35,27,5,1,1,1,50.0,9,4,1,48,62.34,67,67.68,115,65.34,2189,11.11,0,0,0,0,0,0,1,0,8,1,1,0,0,57,48.72,122,2,0,8,166,0,60,34,1559,13,19,0,0,4,0,4,0,0,,,,4,0,0,0,0,33,3,0,0,0,0,0,23,0.0,0.0,5,2,2,61,32,0,0,0,117,36,24,68.57,2189.0,0,0,0,875,376,0,0.35,5,75,,31
928672,Adrià Pedrosa,adria-pedrosa,2833,Sevilla,6.85,212.2,31,1,4,0,1,1.68,2,699,191,890,78.54,392,327,155,21,17,48.57,56,24,7,0,0,20,20.62,24,8,11,92,49.46,11,28.21,103,45.78,2303,4.17,0,0,0,0,0,0,0,1,7,17,0,1,0,35,28.0,70,0,0,15,388,4,52,15,1595,19,38,0,0,23,3,5,0,0,,,,5,0,0,0,0,25,8,0,0,0,0,0,27,0.0,0.0,21,35,97,122,28,0,0,0,125,33,32,57.14,2303.0,0,0,0,452,535,0,0.9,0,100,,31
588566,Unai López,unai-lopez,2818,Rayo Vallecano,6.84,219.0,32,3,0,0,1,1.34,4,1022,167,1189,85.95,539,490,237,19,15,78.95,31,21,9,1,1,7,21.21,26,11,8,67,52.76,10,35.71,77,49.68,1725,11.54,0,0,0,0,1,0,2,1,9,17,1,0,2,56,41.48,20,0,0,19,244,7,76,43,1478,21,18,0,0,19,1,7,0,0,,,,0,0,0,0,0,17,4,0,0,0,0,0,23,0.0,0.0,19,19,33,78,18,0,0,0,135,21,21,67.74,575.0,0,0,0,577,645,0,1.6,0,117,,32
869931,Yvan Neyou,yvan-neyou,2845,Leganés,6.84,205.3,30,1,1,0,1,1.06,2,970,131,1101,88.1,514,458,179,13,19,52.78,53,26,14,0,0,2,13.33,16,3,11,121,56.28,23,54.76,144,56.03,2321,6.25,0,0,0,0,0,0,1,0,2,14,0,0,1,43,62.32,36,1,0,21,220,7,55,38,1477,50,33,1,0,24,0,2,0,0,,,,4,0,0,0,0,33,3,0,0,0,0,0,27,0.0,0.0,13,36,15,113,19,0,0,0,69,36,33,62.26,2321.0,0,0,0,562,554,0,0.62,0,121,,30
595576,Jonathan Bamba,jonathan-bamba,2821,Celta Vigo,6.84,82.1,12,0,3,1,1,1.63,1,269,56,325,82.77,95,182,86,12,15,44.12,12,5,1,0,0,8,32.0,13,6,5,43,48.86,6,37.5,49,47.12,814,0.0,0,0,0,0,0,0,0,0,7,6,0,0,0,6,50.0,5,0,0,13,129,4,15,6,518,17,7,0,0,7,4,2,0,0,,,,0,0,0,0,0,18,2,0,0,0,0,0,10,0.0,0.0,12,34,25,55,10,0,0,0,12,20,7,58.33,0.0,0,0,0,115,235,0,0.81,0,52,,12
1002347,Alejandro Francés,alejandro-frances,24264,Girona FC,6.84,116.3,17,0,1,0,0,0.46,0,588,102,690,85.22,330,262,103,4,7,53.85,36,17,2,0,0,4,16.0,6,0,1,56,58.95,7,35.0,63,54.78,1182,0.0,0,0,0,0,0,0,0,0,3,3,0,0,0,35,42.68,47,0,0,1,143,1,55,26,1001,14,20,0,0,12,1,5,0,0,,,,1,0,0,0,0,24,2,0,0,0,0,0,13,0.0,0.0,4,13,25,52,13,0,0,0,82,26,24,66.67,0.0,0,0,0,364,351,1,0.21,0,37,,18
576276,Domingos Duarte,domingos-duarte,2859,Getafe,6.84,150.5,22,1,0,0,0,0.09,1,495,134,629,78.7,341,154,47,2,0,0.0,28,18,2,1,2,0,0.0,3,1,1,41,59.42,28,58.33,69,58.97,1869,33.33,0,0,0,2,0,0,1,0,3,0,1,0,0,59,43.38,151,0,1,2,140,0,71,34,900,13,24,0,0,4,0,1,0,0,,,,4,0,0,0,0,21,4,0,0,0,0,0,21,0.0,0.0,2,0,0,48,20,0,0,0,136,25,15,53.57,1869.0,1,0,0,359,270,1,0.2,0,63,,22
186795,Andreas Christensen,andreas-christensen,2817,FC Barcelona,6.84,34.2,5,0,0,0,0,0.07,0,202,18,220,91.82,92,110,31,1,0,0.0,6,4,3,0,0,0,0.0,1,0,1,6,66.67,11,68.75,17,68.0,252,0.0,0,0,0,0,0,0,0,0,1,0,0,0,0,2,33.33,8,0,0,0,19,0,4,2,246,0,5,0,0,0,0,0,0,0,,,,0,0,0,0,0,2,0,0,0,0,0,0,2,0.0,0.0,1,0,0,8,5,0,0,0,6,2,4,66.67,0.0,0,0,0,99,121,0,0.02,0,14,,5
959872,Aitor Paredes,aitor-paredes,2825,Athletic Club,6.84,157.3,23,3,0,0,0,0.15,3,789,155,944,83.58,545,244,46,2,0,0.0,15,22,2,0,1,0,0.0,6,3,3,20,38.46,31,51.67,51,45.54,1814,50.0,0,0,0,1,0,0,3,0,6,0,2,1,0,74,43.02,112,1,3,1,167,0,98,47,1167,6,23,2,0,7,0,0,0,0,,,,3,0,0,0,0,17,3,0,0,0,0,0,21,0.0,0.0,2,1,1,61,29,0,0,0,172,20,13,86.67,604.67,1,0,0,580,365,2,2.29,7,62,,23
835484,Fran Beltrán,fran-beltran,2821,Celta Vigo,6.84,232.4,34,2,4,0,1,1.77,3,1309,162,1471,88.99,643,668,260,16,10,55.56,50,26,3,0,0,2,40.0,23,4,12,71,43.29,20,41.67,91,42.92,2426,8.7,0,0,0,1,0,0,0,2,6,17,0,0,2,77,64.17,33,1,3,22,224,8,98,67,1771,12,34,0,0,32,0,7,1,0,,,,3,0,0,0,0,36,3,0,0,0,0,0,29,0.0,0.0,15,18,5,121,28,0,0,0,120,39,35,70.0,1213.0,0,0,0,696,780,1,1.01,1,119,,34
944165,Robert Navarro,robert-navarro,2826,Mallorca,6.83,157.2,23,1,4,5,0,1.47,1,347,87,434,79.95,108,244,146,13,35,61.4,30,19,3,0,0,5,17.24,18,6,8,86,51.81,5,35.71,91,50.56,1286,5.56,0,0,0,0,0,0,1,0,13,5,0,0,1,11,45.83,8,0,0,34,225,11,25,14,770,21,14,1,0,10,2,4,0,0,,,,0,0,0,0,0,10,3,0,0,0,0,0,15,0.0,0.0,13,57,29,89,9,0,0,0,24,13,22,73.33,1286.0,0,0,0,128,335,0,1.99,0,94,,23
32048,Cristhian Stuani,cristhian-stuani,24264,Girona FC,6.83,218.7,32,11,0,4,2,0.97,13,106,45,151,70.2,51,55,30,6,2,50.0,9,7,4,0,0,0,0.0,34,19,11,18,29.51,22,53.66,40,39.22,1068,32.35,3,3,0,0,0,0,11,0,33,1,2,0,9,2,28.57,11,0,0,7,80,4,7,4,272,7,35,0,0,3,11,4,0,0,,,,0,0,0,0,0,13,2,0,0,0,0,0,6,100.0,0.0,6,4,2,62,19,0,0,0,7,15,7,77.78,97.09,0,0,0,61,92,0,8.25,0,14,,32
980383,Raúl Moro,raul-moro,2831,Real Valladolid,6.83,225.5,33,4,8,7,5,5.48,9,445,166,611,72.83,167,320,181,44,57,44.88,22,10,2,0,0,42,28.19,46,16,14,95,48.22,8,33.33,103,46.61,2346,8.7,0,0,0,0,0,0,3,1,28,18,1,0,3,40,62.5,19,0,1,10,417,9,71,34,1145,16,4,2,0,19,12,16,0,0,,,,2,0,0,0,0,50,3,0,0,0,0,0,26,0.0,0.0,44,127,149,118,16,0,0,0,64,53,13,59.09,586.5,0,0,0,198,562,0,4.17,0,85,,33
352376,Renato Tapia,renato-tapia,2845,Leganés,6.83,225.5,33,1,0,1,0,0.82,1,828,213,1041,79.54,473,355,142,8,19,57.58,61,27,8,0,0,0,0.0,14,6,7,114,56.44,32,56.14,146,56.37,2433,7.14,0,0,0,0,0,0,0,1,3,11,0,0,1,61,39.61,80,0,2,15,296,6,113,47,1482,34,38,1,0,26,0,1,0,0,,,,3,0,0,0,0,41,6,0,0,0,0,0,28,0.0,0.0,8,33,12,113,25,0,0,0,154,47,35,57.38,2433.0,0,0,0,540,513,0,0.57,0,155,,34
831799,Nahuel Molina,nahuel-molina,2836,Atlético Madrid,6.83,205.0,30,0,3,2,3,1.92,3,798,169,967,82.52,420,389,175,13,15,53.57,44,13,1,0,0,11,20.0,9,1,7,67,55.37,10,45.45,77,53.85,1581,0.0,0,0,0,0,0,0,0,0,5,4,0,0,0,31,43.06,44,0,0,3,276,4,73,32,1402,8,13,0,0,25,4,1,0,0,,,,5,0,0,0,0,7,4,0,0,0,0,0,17,0.0,0.0,13,28,55,66,12,0,0,0,72,11,19,43.18,0.0,0,0,0,484,538,0,0.8,0,66,,30
68332,Nemanja Gudelj,nemanja-gudelj,2833,Sevilla,6.83,211.8,31,1,0,0,1,0.96,2,1181,154,1335,88.46,809,383,140,14,6,75.0,42,27,6,0,0,11,35.48,23,6,12,62,59.05,46,63.01,108,60.67,2495,4.35,1,1,0,0,6,0,1,0,3,20,0,0,1,46,41.07,91,1,0,3,203,5,51,29,1675,14,26,0,0,14,0,5,0,0,,,,5,0,0,0,0,31,11,0,0,0,0,0,27,100.0,0.0,14,8,31,70,27,0,0,0,112,42,24,57.14,2495.0,0,0,0,868,498,0,1.62,20,74,,31
1010655,Juanlu Sánchez,juanlu-sanchez,2833,Sevilla,6.83,204.9,30,4,4,3,4,1.69,8,512,88,600,85.33,215,304,171,25,11,40.74,50,17,4,0,1,7,17.5,13,6,5,71,50.71,21,52.5,92,51.11,1731,30.77,0,0,0,0,0,0,4,0,13,0,0,1,3,5,31.25,14,0,0,12,183,5,10,6,936,12,18,1,0,24,1,2,0,0,,,,1,0,0,0,0,23,10,0,0,0,0,0,18,0.0,0.0,25,27,40,88,19,0,0,0,16,33,34,68.0,432.75,1,0,0,252,388,2,2.15,0,66,,32
67769,Ricardo Rodríguez,ricardo-rodriguez,2816,Real Betis,6.83,116.1,17,0,0,0,1,0.61,1,523,90,613,85.32,252,277,132,7,4,57.14,29,8,0,0,0,6,40.0,5,1,2,39,59.09,27,61.36,66,60.0,1280,0.0,0,0,0,0,2,0,0,0,1,4,0,0,0,16,41.03,45,0,0,3,144,0,48,22,886,6,12,1,0,9,0,2,0,0,,,,3,0,0,0,0,14,2,0,0,0,0,0,15,0.0,0.0,7,7,15,44,17,0,0,0,39,16,15,51.72,0.0,0,0,0,276,352,0,0.18,0,55,,18
361790,Donny van de Beek,donny-van-de-beek,24264,Girona FC,6.83,170.7,25,2,4,0,2,3.56,4,365,71,436,83.72,138,227,146,18,6,46.15,29,10,5,0,0,0,0.0,18,5,5,43,43.0,10,52.63,53,44.54,1438,11.11,0,0,0,0,0,0,1,1,14,4,0,1,1,11,68.75,12,0,0,15,117,8,21,16,611,8,22,0,0,13,3,8,0,0,,,,0,0,0,0,0,18,5,0,0,0,0,0,16,0.0,0.0,18,13,11,66,9,0,0,0,16,23,18,62.07,719.0,0,0,0,155,292,0,1.54,0,48,,26
857178,Kike Pérez,kike-perez,2831,Real Valladolid,6.83,129.7,19,2,2,2,0,1.08,2,428,93,521,82.15,228,208,100,17,8,40.0,37,7,6,0,0,8,24.24,20,5,9,65,48.87,13,46.43,78,48.45,1198,10.0,0,0,0,0,1,0,2,0,10,10,0,1,1,34,56.67,17,0,0,13,175,0,55,32,776,21,32,0,0,11,1,6,0,0,,,,0,0,0,0,0,24,1,0,0,0,0,0,14,0.0,0.0,17,20,33,83,15,0,0,0,60,25,26,70.27,599.0,0,0,0,251,303,0,2.06,0,60,,19
1116388,Jon Aramburu,jon-aramburu,2824,Real Sociedad,6.83,238.9,35,1,1,0,1,1.37,2,972,231,1203,80.8,485,495,185,15,8,23.53,102,30,8,0,0,8,17.78,11,3,5,152,56.51,40,51.95,192,55.49,2471,9.09,0,0,0,1,0,0,1,0,6,5,0,1,0,30,35.71,91,0,0,12,402,7,53,22,1991,42,50,0,0,34,3,3,0,0,,,,8,0,0,0,0,33,2,0,0,0,0,0,28,0.0,0.0,15,34,45,154,37,0,0,0,84,35,70,68.63,2471.0,0,0,0,582,666,1,0.45,0,127,,35
827064,Arnaut Danjuma,arnaut-danjuma,24264,Girona FC,6.83,191.1,28,4,3,4,0,2.34,4,313,70,383,81.72,93,242,150,23,24,38.1,10,2,3,0,0,22,28.95,36,17,15,51,41.13,3,50.0,54,41.54,1548,11.11,0,0,0,1,1,0,4,0,30,6,0,1,3,13,68.42,2,0,0,11,221,3,20,9,683,17,17,0,0,6,17,4,0,0,,,,0,0,0,0,0,26,5,0,0,0,0,0,18,0.0,0.0,23,63,76,76,3,0,0,0,19,31,7,70.0,387.0,0,0,0,99,360,0,4.39,0,42,,28
1006489,Loïc Badé,loic-bade,2833,Sevilla,6.83,218.4,32,1,1,1,1,0.23,2,1556,244,1800,86.44,1208,348,114,4,17,89.47,47,29,7,1,1,0,0.0,13,4,8,74,62.71,65,68.42,139,65.26,2687,7.69,0,0,0,1,0,0,0,1,10,3,0,0,1,121,45.83,160,0,2,8,287,0,146,70,2187,10,26,1,0,8,0,1,0,0,,,,8,0,0,0,0,29,11,0,0,0,0,0,31,0.0,0.0,4,19,8,74,30,0,0,0,264,40,27,57.45,2687.0,0,0,0,1281,527,1,0.63,8,138,,32
1606792,Abdulay Juma Bah,abdulay-juma-bah,2831,Real Valladolid,6.83,81.9,12,0,0,0,0,0.04,0,330,75,405,81.48,273,57,17,1,3,75.0,10,12,1,0,0,0,0.0,3,1,2,19,57.58,31,70.45,50,64.94,873,0.0,0,0,0,0,0,0,0,0,3,0,0,0,0,23,34.85,59,0,0,5,86,0,24,7,544,6,6,0,0,2,0,0,0,0,,,,1,0,0,0,0,18,0,0,0,0,0,0,10,0.0,0.0,1,4,0,27,13,0,0,0,66,18,7,70.0,0.0,0,0,0,296,109,2,0.27,1,35,,12
929975,Francisco Vieites,francisco-vieites,2816,Real Betis,6.83,27.3,4,0,0,0,0,0.0,0,60,43,103,58.25,52,8,2,0,0,0.0,0,0,0,0,0,0,0.0,1,1,0,1,100.0,2,100.0,3,100.0,360,0.0,0,0,0,0,0,0,0,0,1,0,0,0,0,18,29.51,2,0,0,0,43,0,11,10,139,2,0,0,0,0,0,0,0,7,,,,0,0,0,4,2,4,1,1,1,1,6,0,4,0.0,0.0,0,0,0,0,0,0,0,0,61,5,0,0.0,0.0,0,1,3,54,49,0,0.03,29,30,,4
96373,José Campaña,jose-campana,6577,UD Las Palmas,6.82,170.6,25,0,2,0,3,1.02,3,691,102,793,87.14,332,368,145,14,8,50.0,21,19,5,0,0,9,26.47,5,3,1,47,54.65,17,80.95,64,59.81,1205,0.0,0,0,0,1,2,0,0,0,0,5,0,0,0,52,70.27,19,0,2,15,172,7,69,45,1001,20,7,0,0,9,0,1,0,0,,,,0,0,0,0,0,16,1,0,0,0,0,0,15,0.0,0.0,14,16,34,43,4,0,0,0,74,17,16,76.19,0.0,0,0,0,369,458,0,0.13,0,84,,25
352544,Sheraldo Becker,sheraldo-becker,2824,Real Sociedad,6.82,150.1,22,2,4,3,1,1.67,3,188,56,244,77.05,54,142,82,8,4,50.0,3,1,1,1,1,8,12.5,22,13,5,22,56.41,7,29.17,29,46.03,994,9.09,0,0,0,0,0,0,2,0,15,7,0,0,2,8,57.14,10,0,0,4,138,6,15,11,405,15,8,2,0,2,9,4,0,0,,,,1,0,0,0,0,10,1,0,0,0,0,0,11,0.0,0.0,8,8,64,34,17,0,0,0,14,11,2,66.67,497.0,0,0,0,70,238,0,2.0,0,30,,22
792073,Ferland Mendy,ferland-mendy,2829,Real Madrid,6.82,95.5,14,0,1,0,1,0.72,1,565,34,599,94.32,259,306,131,3,3,50.0,17,9,1,1,1,0,0.0,0,0,0,27,57.45,4,66.67,31,58.49,1007,0.0,0,0,0,0,0,0,0,0,0,0,0,0,0,19,79.17,6,0,1,9,64,2,17,10,768,7,5,0,0,3,0,0,0,0,,,,3,0,0,0,0,11,2,0,0,0,0,0,12,0.0,0.0,3,6,1,22,2,0,0,0,24,13,14,82.35,0.0,0,0,0,275,325,0,,0,36,,14
1184317,Yarek Gasiorowski,gasiorowski-yarek,2828,Valencia,6.82,102.3,15,0,0,2,0,0.34,0,378,85,463,81.64,250,129,50,3,0,0.0,20,26,1,0,0,1,33.33,3,0,3,22,70.97,24,64.86,46,67.65,955,0.0,0,0,0,0,0,0,0,0,3,0,0,0,0,30,44.12,56,0,0,0,96,0,34,11,629,2,5,0,0,4,0,0,0,0,,,,1,0,0,0,0,18,4,0,0,0,0,0,9,0.0,0.0,3,0,3,22,13,0,0,0,68,22,17,85.0,0.0,0,0,0,282,184,1,1.08,1,40,,15
900669,Pedro Díaz,pedro-diaz,2818,Rayo Vallecano,6.82,177.3,26,3,3,3,0,2.09,3,436,82,518,84.17,169,277,164,26,20,60.61,23,7,2,0,0,10,23.81,32,8,14,49,48.04,5,38.46,54,46.96,1220,9.38,1,0,0,0,1,0,0,3,9,23,0,0,3,18,43.9,5,0,1,8,166,8,31,19,749,6,7,1,0,27,0,10,0,0,,,,0,0,0,0,0,16,1,0,0,0,0,0,12,0.0,0.0,26,33,42,61,8,0,0,1,41,17,15,65.22,406.67,0,0,0,196,364,0,2.37,0,80,,26
273227,Álex Muñoz,alex-munoz,6577,UD Las Palmas,6.82,143.2,21,3,0,0,0,0.68,3,517,111,628,82.32,319,207,67,7,2,25.0,39,16,3,0,0,9,33.33,9,5,3,54,50.47,25,53.19,79,51.3,1430,33.33,0,0,0,1,0,0,3,0,7,2,1,1,1,18,35.29,62,0,0,1,176,2,13,5,1007,14,30,0,0,17,2,1,0,0,,,,1,0,0,0,0,28,1,0,0,0,0,0,18,0.0,0.0,7,8,27,75,22,0,0,0,51,29,29,74.36,476.67,0,0,0,355,300,1,0.79,8,35,,21
789381,Chimy Ávila,chimy-avila,2816,Real Betis,6.82,129.5,19,2,5,0,0,0.98,2,150,47,197,76.14,55,102,49,17,5,50.0,8,2,5,1,1,7,24.14,20,10,6,30,49.18,7,46.67,37,48.68,687,10.0,0,0,0,0,0,0,1,1,13,7,0,1,1,11,57.89,8,0,0,7,107,7,19,10,352,18,13,1,0,6,5,4,1,0,,,,0,0,0,0,0,7,0,0,0,0,0,0,6,0.0,0.0,16,10,29,39,8,0,0,0,19,7,3,37.5,343.5,0,0,0,67,159,0,1.83,0,28,,19
845385,Brais Méndez,brais-mendez,2824,Real Sociedad,6.82,177.2,26,3,2,5,2,2.29,5,613,131,744,82.39,219,405,210,23,14,31.11,24,7,4,0,0,11,21.15,28,9,13,82,41.41,19,38.78,101,40.89,1547,10.71,0,0,0,0,4,0,3,0,15,13,0,2,1,25,55.56,15,0,1,34,286,13,56,26,1113,45,41,0,0,15,9,6,0,0,,,,2,0,0,0,0,15,1,0,0,0,0,0,19,0.0,0.0,23,45,52,146,30,0,0,0,45,16,13,54.17,515.67,0,0,0,248,548,0,3.53,0,76,,27
88625,Marc-André Ter Stegen,marc-andre-ter-stegen,2817,FC Barcelona,6.81,54.5,8,0,0,0,0,0.01,0,193,18,211,91.47,177,16,1,0,0,0.0,0,0,0,0,0,0,0.0,0,0,0,1,50.0,2,100.0,3,75.0,675,0.0,0,0,0,0,0,0,0,0,0,0,0,0,0,27,62.79,5,0,2,0,18,0,21,15,278,2,0,0,0,1,0,0,0,14,,,,1,1,0,11,2,9,0,3,2,2,4,0,8,0.0,0.0,0,0,0,1,0,0,0,0,43,9,0,0.0,0.0,0,0,1,184,27,0,,27,59,,8
1012444,Alberto Moleiro,alberto-moleiro,6577,UD Las Palmas,6.81,238.4,35,6,6,5,1,3.64,7,828,165,993,83.38,267,569,336,41,64,45.07,27,18,5,0,0,8,25.0,68,24,23,131,41.32,5,17.86,136,39.42,2727,8.82,0,0,0,0,0,0,6,0,41,27,1,2,3,20,50.0,6,0,0,48,408,11,38,12,1567,40,31,2,0,30,2,21,0,0,,,,1,0,0,0,0,46,2,0,0,0,0,0,32,0.0,0.0,41,142,32,209,23,0,0,0,40,48,12,44.44,454.5,0,0,0,304,721,1,5.48,0,132,,35
1513451,Juanma Herzog,juanma-herzog,6577,UD Las Palmas,6.81,129.4,19,0,0,1,0,0.05,0,557,82,639,87.17,460,97,20,0,0,0.0,12,18,1,0,0,0,0.0,12,2,8,18,58.06,45,63.38,63,61.76,1330,0.0,0,0,0,0,0,0,0,0,12,0,0,0,0,26,41.94,86,0,0,0,91,0,33,19,825,7,6,0,0,7,0,2,0,0,,,,1,0,0,0,0,23,0,0,0,0,0,0,15,0.0,0.0,0,1,0,39,26,0,0,0,62,23,12,100.0,0.0,0,0,0,491,148,0,0.86,21,41,,19
893062,Aitor Ruibal,aitor-ruibal,2816,Real Betis,6.81,197.5,29,1,5,1,3,1.91,4,419,75,494,84.82,168,258,142,21,14,51.85,32,14,5,0,0,7,21.88,16,4,7,64,51.2,7,35.0,71,48.97,1312,6.25,0,0,0,0,0,0,0,1,9,7,0,0,1,20,40.0,35,0,1,16,176,4,25,18,851,18,10,0,0,22,2,5,0,0,,,,0,0,0,0,0,18,2,0,0,0,0,0,13,0.0,0.0,21,27,32,74,13,0,0,0,50,20,23,71.88,1312.0,0,0,0,187,339,2,0.9,0,71,,29
367228,Oli McBurnie,oli-mcburnie,6577,UD Las Palmas,6.81,224.7,33,3,6,9,6,1.02,9,270,140,410,65.85,112,159,90,24,16,47.06,15,6,3,0,0,1,50.0,32,13,15,49,40.5,88,47.31,137,44.63,1861,9.38,0,0,0,0,0,0,3,0,32,0,1,1,1,3,42.86,24,0,0,21,221,10,10,5,670,19,32,2,0,7,9,4,0,0,,,,0,0,0,0,0,35,2,0,0,0,0,0,20,0.0,0.0,24,34,2,170,98,0,0,0,7,37,7,46.67,620.33,0,0,0,134,278,0,4.81,0,40,,34
362014,Hamari Traoré,hamari-traore,2824,Real Sociedad,6.81,74.9,11,0,1,1,1,0.41,1,327,47,374,87.43,185,144,61,3,6,60.0,19,9,2,0,0,2,22.22,1,0,0,28,56.0,9,47.37,37,53.62,706,0.0,0,0,0,0,0,0,0,0,1,0,0,0,0,17,60.71,20,0,0,1,90,2,9,4,548,3,12,0,0,7,0,1,0,0,,,,0,0,0,0,0,7,0,0,0,0,0,0,9,0.0,0.0,3,10,9,32,10,0,0,0,28,7,12,63.16,0.0,0,0,0,200,183,0,0.05,0,29,,11
1094827,Gerard Martín,gerard-martin,2817,FC Barcelona,6.81,156.6,23,1,2,0,3,1.65,4,559,98,657,85.08,209,356,162,12,4,36.36,22,13,2,0,0,6,16.67,7,2,3,35,53.85,14,70.0,49,57.65,1045,14.29,0,0,0,0,0,0,1,0,5,2,0,1,0,14,43.75,27,0,0,4,153,3,15,9,930,9,14,0,0,5,0,2,0,0,,,,1,0,0,0,0,15,0,0,0,0,0,0,11,0.0,0.0,12,11,36,36,6,0,0,0,32,15,10,45.45,1045.0,0,0,0,238,455,2,0.47,0,42,,28
823622,Mikel Oyarzabal,mikel-oyarzabal,2824,Real Sociedad,6.81,238.3,35,9,4,10,3,1.79,12,364,126,490,74.29,146,221,122,15,9,50.0,25,4,4,1,1,3,30.0,43,18,17,55,46.22,33,30.84,88,38.94,2262,20.93,4,4,1,0,0,0,9,0,41,2,1,7,1,6,40.0,13,0,0,30,239,13,16,7,794,22,14,2,0,13,18,8,0,0,,,,2,0,0,0,0,24,2,0,0,0,0,0,28,100.0,0.0,15,18,10,138,74,0,0,0,15,26,16,64.0,251.33,0,0,0,167,333,1,10.26,0,48,,35
1398524,Pablo Durán,pablo-duran,2821,Celta Vigo,6.81,177.0,26,4,4,3,4,1.0,8,275,98,373,73.73,97,181,105,17,12,30.0,17,8,3,0,0,3,16.67,26,10,11,44,33.08,16,33.33,60,33.15,1411,15.38,0,0,0,0,0,0,2,2,19,7,0,0,4,12,48.0,18,0,0,20,208,12,22,9,635,18,32,2,0,11,7,5,0,0,,,,0,0,0,0,0,21,2,0,0,0,0,0,15,0.0,0.0,17,40,18,121,32,0,0,0,25,23,9,52.94,352.75,0,0,0,113,278,0,3.75,0,46,,27
1154935,Hugo Álvarez,hugo-alvarez,2821,Celta Vigo,6.81,177.0,26,4,2,3,3,2.06,7,674,177,851,79.2,253,427,217,19,32,45.71,26,8,6,0,0,6,19.35,25,9,7,72,46.15,8,40.0,80,45.45,1570,16.0,0,0,0,1,1,0,4,0,20,5,0,1,3,18,43.9,19,0,1,12,300,5,45,24,1286,16,25,0,0,9,3,9,2,0,,,,0,0,0,0,0,24,3,0,0,0,0,0,16,0.0,0.0,17,70,31,96,12,0,0,0,41,27,9,34.62,392.5,0,0,0,306,576,0,2.46,0,78,,26
826679,Álvaro Tejero,alvaro-tejero,2814,Espanyol,6.81,177.0,26,1,6,0,4,3.57,5,356,91,447,79.64,151,242,103,33,3,23.08,14,13,2,0,0,37,32.74,17,4,11,34,42.5,12,50.0,46,44.23,1257,5.88,0,0,0,0,6,1,0,1,3,14,0,0,1,22,37.93,28,1,0,6,206,8,48,28,791,19,14,0,0,16,1,2,0,0,,,,2,0,0,0,0,20,6,0,0,0,0,0,13,0.0,16.67,33,13,113,58,12,0,0,0,58,26,4,28.57,1257.0,0,0,0,180,380,1,0.62,0,64,,28
1216080,Damián Rodríguez,damian-rodriguez,2821,Celta Vigo,6.81,115.7,17,0,1,0,0,1.37,0,717,65,782,91.69,305,421,179,17,0,0.0,14,7,3,0,0,9,30.0,4,0,0,23,42.59,0,0.0,23,39.66,944,0.0,0,0,0,0,0,0,0,0,0,4,0,0,0,32,69.57,12,0,0,6,100,4,24,17,892,9,13,0,0,10,0,4,0,0,,,,1,0,0,0,0,19,1,0,0,0,0,0,10,0.0,0.0,17,2,30,35,4,0,0,0,46,20,9,64.29,0.0,0,0,0,326,486,0,0.11,0,49,,17
979146,Mika Mármol,mika-marmol,6577,UD Las Palmas,6.8,204.1,30,0,1,0,1,2.0,1,986,256,1242,79.39,542,454,187,16,7,46.67,61,38,5,0,0,10,17.54,10,0,5,76,54.68,28,56.0,104,55.03,2406,0.0,0,0,0,1,0,0,0,0,5,5,0,0,0,72,34.95,114,0,2,5,412,1,139,72,1861,8,33,0,0,18,3,5,0,0,,,,3,0,0,0,0,41,3,0,0,0,0,0,27,0.0,0.0,16,15,57,85,22,0,0,0,206,44,29,47.54,0.0,0,0,0,617,682,0,0.41,5,78,,30
1031567,Pau Víctor,pau-victor,2817,FC Barcelona,6.8,95.2,14,2,1,4,1,0.4,3,97,20,117,82.91,31,66,34,8,7,58.33,3,2,2,0,0,0,0.0,14,8,3,13,36.11,3,75.0,16,40.0,333,14.29,0,0,0,0,0,0,1,1,11,3,0,1,1,2,66.67,4,0,0,8,43,5,8,5,190,3,7,0,0,3,0,3,0,0,,,,0,0,0,0,0,7,0,0,0,0,0,0,2,0.0,0.0,8,12,3,24,1,0,0,0,3,7,1,33.33,166.5,0,0,0,35,85,0,3.01,0,14,,21
1064009,Urko González,urko-gonzalez,2814,Espanyol,6.8,122.4,18,0,1,1,2,0.83,2,344,99,443,77.65,177,167,76,10,6,37.5,46,8,3,0,0,0,0.0,4,2,1,62,52.54,21,55.26,83,53.21,1425,0.0,0,0,0,1,0,0,0,0,3,1,0,0,0,20,57.14,36,1,0,14,148,2,28,11,670,11,16,0,0,16,1,1,0,0,,,,4,0,0,0,0,12,2,0,0,0,0,0,17,0.0,0.0,10,16,4,73,17,0,0,0,35,14,28,60.87,0.0,0,0,0,213,234,0,0.55,0,71,,18
111803,Youssouf Sabaly,youssouf-sabaly,2816,Real Betis,6.8,142.8,21,0,0,0,1,0.92,1,695,92,787,88.31,361,341,154,11,8,44.44,40,13,1,0,0,7,22.58,5,0,4,60,56.07,9,40.91,69,53.49,1589,0.0,0,0,0,0,0,0,0,0,3,2,0,0,0,12,35.29,36,0,0,12,182,5,35,20,1223,12,18,1,0,8,1,1,0,0,,,,2,0,0,0,0,23,1,0,0,0,0,0,20,0.0,0.0,11,18,31,60,13,0,0,0,34,24,25,62.5,0.0,0,0,0,403,415,0,0.19,0,87,,22
548848,Pau López,pau-lopez,24264,Girona FC,6.8,6.8,1,0,0,0,0,0.05,0,16,6,22,72.73,12,4,2,0,0,0.0,0,0,0,0,0,0,0.0,0,0,0,0,0.0,1,100.0,1,100.0,45,0.0,0,0,0,0,0,0,0,0,0,0,0,0,0,4,40.0,1,0,0,0,6,0,1,0,30,1,0,0,0,0,0,0,0,1,,,,0,0,0,0,1,2,0,0,0,0,3,0,0,0.0,0.0,0,0,0,0,0,0,0,0,10,2,0,0.0,0.0,0,0,1,13,9,0,,7,5,,1
1539149,Luken Beitia,luken-beitia,2824,Real Sociedad,6.8,6.8,1,0,0,0,0,0.0,0,5,0,5,100.0,4,1,0,0,0,0.0,1,0,0,0,0,0,0.0,0,0,0,1,100.0,1,100.0,2,100.0,12,0.0,0,0,0,0,0,0,0,0,0,0,0,0,0,1,100.0,2,0,0,0,0,0,0,0,8,0,0,0,0,0,0,0,0,0,,,,0,0,0,0,0,0,0,0,0,0,0,0,0,0.0,0.0,0,0,0,0,0,0,0,0,1,0,1,100.0,0.0,0,0,0,4,1,0,,0,1,,1
1119702,Ferrán Ruiz,ferran-ruiz,24264,Girona FC,6.8,6.8,1,0,0,0,0,0.0,0,3,3,6,50.0,1,2,0,0,0,0.0,0,1,0,0,0,0,0.0,0,0,0,0,0.0,0,0.0,0,0.0,17,0.0,0,0,0,0,0,0,0,0,0,0,0,0,0,0,0.0,0,0,0,0,4,0,1,1,10,0,0,0,0,0,0,0,0,0,,,,0,0,0,0,0,0,0,0,0,0,0,0,0,0.0,0.0,0,0,0,1,1,0,0,0,0,0,0,0.0,0.0,0,0,0,2,4,0,,0,1,,1
1139724,Pelayo Fernández,pelayo-fernandez,2818,Rayo Vallecano,6.8,13.6,2,0,0,0,0,0.0,0,24,4,28,85.71,20,4,2,0,0,0.0,0,2,1,0,0,0,0.0,0,0,0,0,0.0,3,50.0,3,33.33,104,0.0,0,0,0,0,0,0,0,0,0,0,0,0,0,3,100.0,8,0,0,1,5,0,4,4,41,0,2,0,0,0,0,0,0,0,,,,1,0,0,0,0,0,0,0,0,0,0,0,1,0.0,0.0,0,0,0,6,3,0,0,0,3,0,0,0.0,0.0,0,0,0,21,7,0,,0,4,,2
848980,Iván Villar,ivan-villar,2821,Celta Vigo,6.8,27.2,4,0,0,0,0,0.0,0,80,22,102,78.43,77,3,0,0,0,0.0,0,0,0,0,0,0,0.0,0,0,0,0,0.0,1,50.0,1,50.0,360,0.0,0,0,0,0,0,0,0,0,0,0,0,0,0,5,20.0,5,0,0,0,22,0,3,1,135,0,0,0,0,0,0,0,0,11,,,,0,1,1,8,3,9,0,2,3,3,1,0,4,0.0,0.0,0,0,0,1,1,0,0,0,25,9,0,0.0,0.0,0,1,2,87,15,0,,35,30,,4
962883,Ansu Fati,ansu-fati,2817,FC Barcelona,6.8,40.8,6,0,0,1,0,0.39,0,104,19,123,84.55,22,82,51,4,5,50.0,4,1,1,0,0,0,0.0,12,5,3,11,47.83,2,22.22,13,40.63,236,0.0,0,0,0,0,0,0,0,0,9,3,0,0,0,0,0.0,0,0,1,4,40,3,2,0,183,2,2,1,0,1,2,4,0,0,,,,0,0,0,0,0,1,0,0,0,0,0,0,3,0.0,0.0,4,10,0,19,7,0,0,0,1,1,1,25.0,0.0,0,0,0,23,100,0,0.98,0,7,,6
1120669,Hugo Sotelo,hugo-sotelo,2821,Celta Vigo,6.8,149.6,22,0,4,0,0,1.83,0,857,110,967,88.62,388,484,206,19,8,47.06,28,5,5,0,0,15,30.0,4,0,2,45,43.69,2,16.67,47,40.87,1269,0.0,0,0,0,0,0,0,0,0,2,2,0,0,0,65,59.09,8,0,1,12,178,3,93,55,1138,9,19,0,0,18,1,2,0,0,,,,1,0,0,0,0,19,1,0,0,0,0,0,15,0.0,0.0,19,17,50,68,10,0,0,0,110,20,17,60.71,0.0,0,0,0,412,605,0,0.19,0,71,,24
1402927,Adrián Niño,adrian-nino,2836,Atlético Madrid,6.8,6.8,1,0,0,0,0,,0,0,0,0,0.0,0,0,0,0,0,0.0,0,0,0,0,0,0,0.0,2,0,2,0,0.0,0,0.0,0,0.0,11,0.0,0,0,0,0,0,0,0,0,2,0,0,0,0,0,0.0,0,0,0,0,0,0,0,0,2,0,0,0,0,0,0,0,0,0,,,,0,0,0,0,0,0,0,0,0,0,0,0,0,0.0,0.0,0,0,0,1,1,0,0,0,0,0,0,0.0,0.0,0,0,0,0,0,0,0.19,0,0,,1
129861,Juanpe,juanpe,24264,Girona FC,6.8,74.8,11,0,0,0,0,0.09,0,502,72,574,87.46,357,145,39,3,0,0.0,8,8,2,0,0,0,0.0,2,0,2,10,62.5,25,71.43,35,68.63,739,0.0,0,0,0,0,1,0,0,0,1,1,0,0,0,42,52.5,56,0,1,1,78,0,37,20,685,2,4,0,0,2,0,0,0,0,,,,2,0,0,0,0,13,5,0,0,0,0,0,8,0.0,0.0,3,0,1,16,10,0,0,0,80,18,5,62.5,0.0,0,0,0,385,190,0,0.07,2,22,,12
954317,Naci Ünüvar,naci-unuvar,2814,Espanyol,6.8,13.6,2,0,0,0,0,0.09,0,12,4,16,75.0,5,8,6,1,0,0.0,2,0,0,0,0,1,50.0,1,0,1,3,60.0,0,0.0,3,60.0,29,0.0,0,0,0,0,0,0,0,0,1,0,0,0,0,1,33.33,0,0,0,0,6,0,1,0,24,1,0,0,0,1,1,0,0,0,,,,0,0,0,0,0,0,0,0,0,0,0,0,0,0.0,0.0,1,1,2,2,0,0,0,0,3,0,2,100.0,0.0,0,0,0,7,11,0,0.05,0,3,,2
973699,Iván Martín,ivan-martin,24264,Girona FC,6.79,217.4,32,1,2,1,1,2.06,2,1239,117,1356,91.37,518,724,324,22,25,60.98,32,11,1,0,0,3,14.29,11,3,3,71,46.1,4,18.18,75,42.61,2041,9.09,0,0,0,0,0,0,1,0,5,6,0,0,1,32,72.73,12,0,1,27,223,12,42,26,1646,14,21,0,0,19,4,5,0,0,,,,2,0,0,0,0,31,5,0,0,0,0,0,24,0.0,0.0,22,41,21,101,18,0,0,0,44,36,19,59.38,2041.0,0,0,0,555,822,0,1.73,0,110,,32
797290,Alfonso Pedraza,alfonso-pedraza,2819,Villarreal,6.79,74.7,11,0,2,0,2,1.36,2,129,35,164,78.66,66,70,32,9,9,50.0,3,6,0,0,0,7,26.92,5,2,0,14,46.67,5,71.43,19,51.35,454,0.0,0,0,0,0,0,0,0,0,5,0,0,0,0,4,22.22,14,0,0,2,76,0,14,8,288,2,4,0,0,2,0,3,0,0,,,,0,0,0,0,0,4,2,0,0,0,0,0,4,0.0,0.0,9,18,26,18,2,0,0,0,18,6,2,66.67,0.0,0,0,0,79,111,0,0.6,0,18,,12
1526628,Fer López,fer-lopez,2821,Celta Vigo,6.79,115.4,17,2,3,3,0,1.44,2,220,34,254,86.61,55,165,96,14,18,58.06,9,2,2,0,0,0,0.0,20,6,5,35,38.04,2,18.18,37,35.92,690,10.0,0,0,0,0,0,0,2,0,13,7,0,0,2,10,66.67,7,0,0,20,107,4,14,9,412,8,13,1,0,11,2,9,0,0,,,,0,0,0,0,0,8,0,0,0,0,0,0,7,0.0,0.0,14,31,2,66,9,0,0,0,15,8,5,55.56,345.0,0,0,0,60,196,0,2.75,0,25,,17
998950,Diego López,diego-lopez,2828,Valencia,6.79,257.9,38,8,11,6,5,4.66,13,636,204,840,75.71,211,439,247,38,23,31.08,31,16,3,0,0,14,20.9,44,14,17,87,40.47,14,20.0,101,35.44,2760,18.18,0,0,1,1,0,0,7,1,34,10,1,1,6,21,65.63,13,0,0,27,425,19,29,20,1343,33,21,3,0,31,13,13,0,0,,,,1,0,0,0,0,34,6,0,0,0,0,0,35,0.0,0.0,38,74,67,184,56,0,0,0,32,40,18,58.06,345.0,0,0,0,255,652,0,6.7,0,105,,38
1012409,Beñat Prados,benat-prados,2825,Athletic Club,6.78,203.5,30,1,1,0,0,1.34,1,640,136,776,82.47,282,362,145,11,15,55.56,55,28,7,0,0,4,44.44,16,5,7,84,46.15,30,57.69,114,48.72,1725,6.25,0,0,0,0,0,0,1,0,9,7,1,0,0,16,32.0,20,0,0,20,199,10,42,21,1061,15,40,1,0,28,0,4,0,0,,,,1,0,0,0,0,12,2,0,0,0,0,0,21,0.0,0.0,11,27,9,120,22,0,0,0,50,14,36,65.45,1725.0,0,0,0,316,469,0,1.01,0,91,,30
965832,Dani Cárdenas,dani-cardenas,2818,Rayo Vallecano,6.78,40.7,6,0,0,0,0,0.01,0,73,84,157,46.5,55,18,9,0,0,0.0,0,0,0,0,0,0,0.0,0,0,0,0,0.0,1,100.0,1,100.0,540,0.0,0,0,0,0,0,0,0,0,0,0,0,0,0,27,24.55,5,0,0,0,85,0,13,6,201,1,0,0,0,0,0,0,0,14,,,,2,0,0,10,4,6,0,2,3,3,2,0,6,0.0,0.0,0,0,0,0,0,0,0,0,110,6,0,0.0,0.0,0,0,2,68,89,0,,46,41,,6
22209,Ørjan Nyland,rjan-nyland,2833,Sevilla,6.78,203.4,30,0,2,0,0,0.08,0,524,363,887,59.08,432,92,40,4,0,0.0,3,0,2,0,0,0,0.0,0,0,0,3,60.0,9,100.0,12,85.71,2674,0.0,0,0,0,0,0,0,0,0,0,0,0,0,0,142,28.34,24,2,2,0,370,0,57,29,1134,2,1,1,0,2,0,0,0,74,,,,7,4,1,48,26,31,8,12,18,14,16,0,30,0.0,0.0,4,0,0,2,0,0,0,0,501,39,2,66.67,0.0,0,1,12,505,382,1,,166,207,,30
879875,Facundo Garcés,facundo-garces,2885,Deportivo Alavés,6.78,67.8,10,0,1,0,0,0.72,0,149,46,195,76.41,103,46,12,3,0,0.0,6,5,2,0,0,0,0.0,5,1,1,8,61.54,13,43.33,21,48.84,676,0.0,0,0,0,1,0,0,0,0,4,1,0,0,0,17,42.5,51,0,0,0,49,0,20,7,284,2,7,0,0,2,0,3,0,0,,,,4,0,0,0,0,5,0,0,0,0,0,0,7,0.0,0.0,3,0,1,22,17,0,0,0,40,5,2,33.33,0.0,0,0,0,109,87,0,0.1,0,14,,10
1101232,Abdel Abqar,abdel-abqar,2885,Deportivo Alavés,6.78,196.6,29,0,0,1,1,0.39,1,711,213,924,76.95,504,209,90,8,3,75.0,36,39,13,0,0,2,40.0,12,1,9,68,52.31,42,53.85,110,52.88,2467,0.0,0,0,1,2,0,0,0,0,12,0,0,0,0,83,35.62,144,0,1,3,242,2,120,54,1296,31,47,0,0,14,2,2,0,0,,,,5,0,0,0,0,34,7,0,0,0,0,0,29,0.0,0.0,8,4,5,98,36,0,0,0,233,41,23,63.89,0.0,0,0,0,530,399,0,0.89,1,87,,29
1122488,Adrián Pica,adrian-hernandez-pica,2885,Deportivo Alavés,6.78,61.0,9,0,0,1,0,0.04,0,154,43,197,78.17,101,53,19,1,1,100.0,9,9,1,0,0,0,0.0,4,1,2,13,54.17,18,60.0,31,57.41,507,0.0,0,0,0,0,0,0,0,0,4,0,0,0,0,19,51.35,24,0,0,1,49,0,14,9,270,3,6,0,0,5,0,1,0,0,,,,1,0,0,0,0,8,0,0,0,0,0,0,5,0.0,0.0,1,1,2,23,12,0,0,0,37,8,7,77.78,0.0,0,0,0,116,83,0,0.33,7,13,,9
186719,Florian Grillitsch,florian-grillitsch,2831,Real Valladolid,6.78,88.1,13,0,0,0,0,0.42,0,289,53,342,84.5,155,134,53,8,11,78.57,11,4,1,0,0,0,0.0,3,2,1,33,60.0,6,60.0,39,60.0,622,0.0,0,0,0,0,0,0,0,0,1,2,0,0,0,27,60.0,5,0,1,5,73,1,33,20,426,12,6,0,0,8,0,0,0,0,,,,0,0,0,0,0,12,3,0,0,0,0,0,7,0.0,0.0,8,14,6,26,4,0,0,0,45,15,7,63.64,0.0,0,0,0,172,176,0,0.08,0,42,,13
350170,Munir El Haddadi,munir-el-haddadi,2845,Leganés,6.78,169.4,25,4,1,1,0,0.5,4,197,52,249,79.12,63,135,82,8,7,36.84,12,1,1,1,1,1,7.69,21,9,10,57,49.57,11,31.43,68,45.33,877,19.05,0,0,0,0,3,1,2,2,8,13,1,2,1,0,0.0,1,0,1,25,127,3,4,2,435,39,14,1,0,9,7,2,0,0,,,,1,0,0,0,0,9,0,0,0,0,0,0,10,0.0,33.33,8,19,13,82,24,0,0,0,5,9,9,75.0,219.25,0,0,0,76,186,0,1.54,0,33,,25
1513673,Selvi Clúa,silvi-clua,24264,Girona FC,6.78,27.1,4,0,0,0,0,0.01,0,75,18,93,80.65,37,38,6,1,2,50.0,8,2,0,0,0,0,0.0,2,1,0,10,52.63,6,66.67,16,57.14,163,0.0,0,0,0,0,0,0,0,0,0,2,0,0,0,4,44.44,6,0,0,0,23,1,3,2,124,0,5,0,0,2,0,1,0,0,,,,0,0,0,0,0,1,2,0,0,0,0,0,2,0.0,0.0,1,4,0,12,3,0,0,0,9,3,7,87.5,0.0,0,0,0,41,52,0,0.04,0,4,,4
1122610,Javier Guerra,javier-guerra,2828,Valencia,6.77,243.8,36,3,6,2,3,3.22,6,1007,245,1252,80.43,462,555,262,23,29,39.19,50,20,5,0,0,10,22.22,47,10,17,109,40.82,17,48.57,126,41.72,2593,6.38,0,0,0,0,1,0,3,0,17,30,0,0,3,61,48.8,47,1,2,54,445,19,75,49,1793,30,34,2,0,30,1,20,0,0,,,,3,0,0,0,0,34,7,0,0,0,0,0,31,0.0,0.0,23,74,45,176,18,0,0,0,125,41,27,54.0,864.33,0,0,0,511,786,1,2.21,0,168,,36
344847,Johan Mojica,johan-mojica,2826,Mallorca,6.77,243.8,36,1,9,0,2,4.43,3,923,260,1183,78.02,388,582,260,40,33,40.74,36,27,5,0,0,47,32.87,17,3,9,93,45.15,9,33.33,102,43.78,2753,5.88,0,0,1,2,4,0,1,0,6,11,0,1,0,91,44.17,69,1,2,27,559,4,110,57,2055,24,18,0,0,21,0,5,0,0,,,,5,0,0,0,0,32,6,0,0,0,0,0,30,0.0,0.0,40,81,143,131,18,0,0,0,206,38,24,66.67,2753.0,0,0,0,479,847,1,0.93,0,181,,36
801211,Selim Amallah,amallah-selim,2831,Real Valladolid,6.77,162.5,24,3,2,2,1,1.1,4,307,61,368,83.42,136,181,98,13,33,55.0,30,14,6,0,0,10,32.26,22,8,11,91,50.28,5,23.81,96,47.52,1384,13.64,1,1,0,0,1,0,2,1,10,12,0,0,3,21,53.85,5,0,1,25,178,5,32,20,692,28,32,0,0,8,1,3,0,0,,,,0,0,0,0,0,31,3,0,0,0,0,0,18,100.0,0.0,13,60,31,106,16,0,0,0,39,34,18,60.0,461.33,0,0,0,149,250,0,3.33,0,73,,24
794948,Óscar Rodríguez,oscar-rodriguez,2845,Leganés,6.77,196.3,29,1,7,3,4,1.68,5,377,114,491,76.78,142,254,110,19,21,44.68,32,20,6,1,1,19,34.55,33,6,17,78,50.98,12,33.33,90,47.62,1325,3.03,0,0,1,1,9,0,1,0,11,22,1,0,0,25,48.08,20,0,0,14,230,6,51,27,817,25,19,1,0,18,1,10,0,0,,,,1,0,0,0,0,19,2,0,0,0,0,0,12,0.0,0.0,19,47,55,99,24,0,0,0,52,21,17,53.13,1325.0,0,0,0,168,378,1,2.09,0,56,,29
255999,Omar Mascarell,omar-mascarell,2826,Mallorca,6.77,216.5,32,1,1,0,0,0.31,1,808,145,953,84.78,435,373,119,3,10,66.67,27,49,5,1,1,0,0.0,9,2,4,49,43.75,45,63.38,94,51.37,2008,11.11,0,0,0,0,0,0,1,0,5,4,0,1,0,63,51.64,56,1,2,9,180,6,66,38,1231,13,30,0,0,21,0,3,0,0,,,,2,0,0,0,0,24,5,0,0,0,0,0,21,0.0,0.0,3,15,5,89,26,0,0,0,122,29,13,48.15,2008.0,0,0,0,476,482,1,0.51,0,90,,32
1929542,Alvaro Garcia-Pascual,alvaro-garcia-pascual,2833,Sevilla,6.76,54.1,8,1,0,2,0,0.09,1,48,22,70,68.57,18,30,21,2,1,50.0,5,2,1,0,0,0,0.0,11,4,5,10,33.33,12,41.38,22,37.29,410,9.09,0,0,0,0,0,0,1,0,11,0,1,0,0,4,80.0,9,0,0,5,54,6,6,3,150,5,11,0,0,4,1,2,0,0,,,,0,0,0,0,0,4,3,0,0,0,0,0,4,0.0,0.0,2,2,3,37,17,0,0,0,5,7,3,60.0,410.0,0,0,0,21,52,0,1.09,0,12,,8
1010165,Abel Bretones,abel-bretones,2820,Osasuna,6.76,229.9,34,2,1,0,0,1.51,2,592,184,776,76.29,273,336,153,16,18,58.06,60,18,3,0,0,17,20.0,12,4,6,109,57.67,21,55.26,130,57.27,2075,16.67,0,0,0,1,0,0,1,1,6,6,0,2,0,33,35.11,53,0,2,18,356,2,47,19,1402,32,25,0,0,24,3,2,0,0,,,,3,0,0,0,0,30,5,0,0,0,0,0,20,0.0,0.0,16,31,85,97,17,0,0,0,94,35,37,61.67,1037.5,0,0,0,328,533,0,0.49,0,106,,35
1155116,Alex Padilla,padilla-alex,2825,Athletic Club,6.76,33.8,5,0,0,0,0,0.01,0,52,53,105,49.52,27,25,7,0,0,0.0,0,0,0,0,0,0,0.0,0,0,0,1,100.0,1,100.0,2,100.0,328,0.0,0,0,0,0,0,0,0,0,0,0,0,0,0,29,35.37,3,1,0,0,54,0,5,1,142,1,0,0,1,0,0,0,0,12,,,,0,1,0,10,2,4,2,1,4,3,2,0,3,0.0,0.0,0,0,0,0,0,0,0,0,82,6,0,0.0,0.0,0,0,2,35,70,0,,22,34,,5
1390389,Duk,luis-henriques-de-barros-lopes,2845,Leganés,6.76,67.6,10,0,1,0,0,0.42,0,28,13,41,68.29,7,22,15,5,10,55.56,8,1,1,0,0,1,12.5,2,1,1,31,62.0,2,28.57,33,57.89,204,0.0,0,0,0,0,0,0,0,0,0,2,0,0,0,0,0.0,1,0,0,5,46,1,0,0,125,13,5,0,0,2,0,0,0,0,,,,0,0,0,0,0,2,0,0,0,0,0,0,1,0.0,0.0,5,18,8,24,5,0,0,0,1,2,4,50.0,0.0,0,0,0,11,38,0,0.02,0,11,,10
1139409,Pablo Marín,pablo-marin,2824,Real Sociedad,6.76,148.7,22,1,3,3,2,0.77,3,372,81,453,82.12,156,218,114,14,20,60.61,25,5,3,0,0,2,16.67,21,7,7,61,51.69,18,40.91,79,48.77,1261,4.76,0,0,0,1,0,0,1,0,12,9,1,0,0,14,53.85,14,0,0,17,166,13,17,9,694,16,19,0,0,9,0,7,0,0,,,,2,0,0,0,0,21,1,0,0,0,0,0,14,0.0,0.0,14,33,12,83,26,0,0,0,26,22,17,68.0,1261.0,0,0,0,181,284,0,1.42,0,62,,23
855832,Antonio Blanco,antonio-blanco,2885,Deportivo Alavés,6.76,229.8,34,0,2,0,1,1.8,1,997,237,1234,80.79,459,547,242,15,15,71.43,67,42,9,0,1,9,31.03,25,3,13,108,42.35,29,45.31,137,42.95,2738,0.0,0,0,0,0,0,0,0,0,4,21,0,0,0,85,52.15,44,0,1,26,327,6,120,65,1643,27,66,1,0,51,0,9,0,0,,,,6,0,0,0,0,34,5,0,0,0,0,0,32,0.0,0.0,15,21,29,182,35,0,0,0,163,39,40,59.7,0.0,1,0,0,520,743,0,0.83,0,164,,35
910267,Jesús Areso,jesus-areso,2820,Osasuna,6.76,243.3,36,0,4,1,3,3.13,3,840,198,1038,80.92,299,577,291,30,24,42.86,53,8,9,0,0,36,21.3,8,0,6,97,47.32,27,58.7,124,49.4,3088,0.0,0,0,0,0,0,0,0,0,5,3,0,0,0,39,46.99,86,0,0,29,565,10,37,13,1988,20,31,0,0,17,8,2,0,0,,,,6,0,0,0,0,37,6,0,0,0,0,0,35,0.0,0.0,30,56,169,127,19,0,0,0,83,43,38,71.7,0.0,0,0,0,349,858,0,0.22,0,118,,36
857205,Fernando Calero,fernando-calero,2814,Espanyol,6.76,141.9,21,1,0,1,0,0.08,1,321,53,374,85.83,230,92,26,3,0,0.0,18,16,1,0,0,1,50.0,2,1,1,25,73.53,13,43.33,38,59.38,738,50.0,0,0,0,0,0,0,1,0,2,0,1,0,0,31,54.39,47,0,1,0,62,0,31,16,514,8,6,0,0,4,0,0,0,0,,,,2,0,0,0,0,12,0,0,0,0,0,0,6,0.0,0.0,3,0,2,26,17,0,0,0,57,12,10,55.56,738.0,0,0,0,249,127,1,0.22,5,26,,21
137978,William Carvalho,william-carvalho,2816,Real Betis,6.76,94.6,14,0,0,0,0,0.72,0,343,48,391,87.72,134,209,110,6,3,75.0,9,3,1,0,0,0,0.0,4,1,2,15,48.39,6,54.55,21,50.0,488,0.0,0,0,0,0,0,0,0,0,2,2,0,0,0,15,55.56,6,0,0,6,65,3,29,19,447,3,7,0,0,2,0,1,0,0,,,,1,0,0,0,0,5,0,0,0,0,0,0,6,0.0,0.0,6,4,2,21,5,0,0,0,27,5,6,66.67,0.0,0,0,0,155,238,0,0.22,0,29,,14
542634,Pacha,pacha,2818,Rayo Vallecano,6.76,108.1,16,0,2,1,1,0.62,1,298,90,388,76.8,135,168,81,5,5,41.67,41,12,4,0,0,5,20.83,10,2,6,61,52.59,14,56.0,75,53.19,841,0.0,0,0,0,1,0,0,0,0,3,7,0,0,0,12,25.53,28,0,1,9,153,4,31,11,671,15,18,0,0,21,0,2,0,0,,,,1,0,0,0,0,15,0,0,0,0,0,0,9,0.0,0.0,5,12,24,66,11,0,0,0,47,15,24,58.54,0.0,0,0,0,161,251,0,0.45,0,55,,16
873717,Carlos Benavídez,carlos-benavidez,2885,Deportivo Alavés,6.76,121.6,18,1,2,0,1,0.63,2,160,68,228,70.18,73,87,51,3,4,80.0,19,8,3,0,0,0,0.0,5,2,3,29,55.77,8,50.0,37,54.41,515,20.0,0,0,0,0,0,0,0,1,1,4,0,1,0,19,38.78,12,0,1,0,77,4,33,21,305,6,18,0,0,5,1,0,0,0,,,,0,0,0,0,0,8,2,0,0,0,0,0,6,0.0,0.0,3,5,1,31,8,0,0,0,49,10,14,73.68,515.0,0,0,0,92,137,1,0.26,0,32,,18
601962,Anuar,anuar,2831,Real Valladolid,6.75,175.6,26,2,2,4,0,0.71,2,387,71,458,84.5,205,184,78,7,7,36.84,38,18,7,0,0,2,9.09,11,6,4,91,57.23,25,41.67,116,52.97,1728,18.18,0,0,1,0,0,0,2,0,9,2,0,0,2,9,50.0,21,0,1,14,145,6,14,6,777,48,30,1,0,13,10,1,0,0,,,,1,0,0,0,0,35,4,0,0,0,0,0,21,0.0,0.0,7,19,22,103,35,0,0,0,18,39,27,71.05,864.0,0,0,0,238,242,0,1.69,0,71,,26
973290,Tajon Buchanan,tajon-buchanan,2819,Villarreal,6.75,87.8,13,1,1,1,2,0.52,3,99,22,121,81.82,38,63,43,5,10,58.82,10,1,2,0,0,2,12.5,7,2,3,40,58.82,3,50.0,43,58.11,423,14.29,0,0,0,0,0,0,1,0,4,3,0,0,1,2,40.0,1,0,0,7,71,4,6,4,248,20,12,0,0,3,5,2,0,0,,,,0,0,0,0,0,8,0,0,0,0,0,0,4,0.0,0.0,5,17,16,31,3,0,0,0,5,8,5,50.0,423.0,0,0,0,43,94,0,0.94,0,26,,13
838159,Igor Zubeldia,igor-zubeldia,2824,Real Sociedad,6.75,189.1,28,0,0,2,0,0.58,0,1280,193,1473,86.9,863,417,111,4,6,100.0,34,31,6,1,1,0,0.0,12,4,6,51,52.04,65,43.62,116,46.96,2273,0.0,0,0,0,1,0,0,0,0,9,3,0,0,0,61,37.2,98,0,2,1,212,1,90,40,1766,11,38,0,0,12,0,2,0,0,,,,8,0,0,0,0,26,2,0,0,0,0,0,27,0.0,0.0,4,6,1,131,84,0,0,0,164,28,22,64.71,0.0,0,0,0,921,553,1,0.7,2,86,,28
1520799,Maroan Sannadi,maroan-sannadi,2825,Athletic Club,6.75,108.0,16,1,3,3,1,0.66,2,115,38,153,75.16,26,89,62,7,14,51.85,5,1,0,0,0,0,0.0,19,7,9,48,46.6,15,46.88,63,46.67,751,5.26,0,0,1,0,0,0,1,0,16,3,0,0,1,5,55.56,2,0,1,18,118,5,7,4,334,30,20,0,0,5,7,3,0,0,,,,0,0,0,0,0,7,0,0,0,0,0,0,7,0.0,0.0,7,27,6,72,17,0,0,0,9,7,0,0.0,751.0,0,0,0,34,125,0,3.49,0,24,,16
944225,Jorge Herrando,jorge-herrando,2820,Osasuna,6.75,121.5,18,1,0,2,0,0.08,1,620,100,720,86.11,421,199,36,0,1,100.0,17,12,3,0,0,0,0.0,12,3,7,20,38.46,29,72.5,49,53.26,1389,8.33,0,0,0,1,0,0,1,0,12,0,1,0,0,27,33.75,62,1,1,1,112,3,37,12,883,2,25,0,0,6,0,2,0,0,,,,4,0,0,0,0,20,3,0,0,0,0,0,15,0.0,0.0,0,1,2,43,11,0,0,0,80,23,11,64.71,1389.0,0,0,0,453,269,0,1.24,6,36,,18
1393673,Etta Eyong,etta-eyong,2819,Villarreal,6.75,27.0,4,1,0,0,0,,1,0,1,1,0.0,0,0,0,0,0,0.0,0,0,0,0,0,0,0.0,2,2,0,1,50.0,1,100.0,2,66.67,46,50.0,0,0,0,0,0,0,1,0,1,1,1,0,0,0,0.0,0,0,0,0,5,0,0,0,10,1,0,0,0,1,0,0,0,0,,,,0,0,0,0,0,0,1,0,0,0,0,0,0,0.0,0.0,0,0,0,1,0,0,0,0,0,1,0,0.0,46.0,0,0,0,0,1,0,0.37,0,0,,4
591132,Kike Barja,kike-barja,2820,Osasuna,6.75,94.5,14,0,3,0,1,1.34,1,57,15,72,79.17,22,49,21,10,7,46.67,5,3,3,0,0,14,37.84,4,1,2,15,39.47,6,42.86,21,40.38,348,0.0,0,0,0,0,0,0,0,0,2,2,0,0,0,2,50.0,3,0,0,5,70,3,5,3,184,4,9,1,0,2,1,1,0,0,,,,0,0,0,0,0,2,1,0,0,0,0,0,3,0.0,0.0,10,15,37,31,8,0,0,0,4,3,4,80.0,0.0,0,0,0,25,84,0,0.19,0,10,,15
1983195,Sergio Vieira,sergio-vieira,6577,UD Las Palmas,6.75,13.5,2,0,0,0,0,0.01,0,45,6,51,88.24,25,20,9,0,1,50.0,1,1,1,0,0,0,0.0,1,0,1,3,50.0,1,33.33,4,44.44,96,0.0,0,0,0,0,0,0,0,0,1,0,0,0,0,3,75.0,1,0,0,0,9,0,1,1,62,1,1,0,0,1,0,0,0,0,,,,0,0,0,0,0,0,0,0,0,0,0,0,1,0.0,0.0,0,2,0,5,2,0,0,0,4,0,1,100.0,0.0,0,0,0,28,23,0,0.02,0,5,,2
316152,Ángel Correa,angel-correa,2836,Atlético Madrid,6.75,209.2,31,4,2,4,1,2.24,5,201,51,252,79.76,61,144,105,15,13,35.14,9,4,3,1,1,4,16.67,34,14,8,33,32.67,1,11.11,34,30.91,795,11.76,0,0,0,0,0,0,4,0,30,4,0,0,4,4,66.67,7,0,0,16,145,6,9,6,465,11,18,2,0,10,4,12,1,0,,,,0,0,0,0,0,5,0,0,0,0,0,0,3,0.0,0.0,14,37,24,76,8,0,0,0,6,5,3,33.33,198.75,0,0,0,67,209,0,4.54,0,40,,31
1800245,Jesús Rodriguez,jesus-rodriguez,2816,Real Betis,6.75,141.7,21,2,0,2,0,0.69,2,234,74,308,75.97,53,185,119,8,30,39.47,16,6,0,0,0,4,22.22,23,8,7,84,46.93,3,27.27,87,45.79,1129,8.7,0,0,1,0,0,0,1,1,15,8,0,0,2,5,71.43,2,0,0,20,196,9,7,4,617,38,17,2,0,13,2,8,0,0,,,,0,0,0,0,0,13,1,0,0,0,0,0,15,0.0,0.0,8,76,18,103,8,0,0,0,7,14,14,87.5,564.5,0,0,0,68,258,0,2.28,0,58,,21
138383,Denis Suárez,denis-suarez,2819,Villarreal,6.75,141.7,21,1,3,2,1,1.78,2,216,43,259,83.4,93,132,81,15,10,66.67,12,3,0,0,0,9,36.0,10,3,4,29,59.18,1,14.29,30,53.57,619,10.0,0,0,0,0,0,0,1,0,9,1,0,0,1,10,52.63,3,0,0,8,90,1,23,15,387,7,1,0,0,6,0,3,0,0,,,,0,0,0,0,0,11,2,0,0,0,0,0,7,0.0,0.0,15,15,25,26,6,0,0,0,19,13,8,66.67,619.0,0,0,0,100,184,0,0.95,0,25,,21
1392054,Coba Da Costa,coba-da-costa,2859,Getafe,6.75,128.2,19,1,3,0,1,1.49,2,181,78,259,69.88,59,134,73,9,19,36.54,29,8,4,0,0,12,29.27,23,8,6,58,42.65,19,50.0,77,44.25,1015,4.35,0,0,0,0,0,0,1,0,16,7,1,0,0,8,42.11,9,0,0,23,197,5,13,7,558,10,10,0,0,13,0,9,0,0,,,,1,0,0,0,0,8,2,0,0,0,0,0,12,0.0,0.0,9,52,41,97,19,0,0,0,19,10,13,44.83,1015.0,0,0,0,75,225,1,1.17,0,35,,19
604954,Borja Mayoral,borja-mayoral,2859,Getafe,6.75,161.9,24,5,2,2,1,0.32,6,195,45,240,81.25,81,114,71,8,6,37.5,5,2,0,0,0,0,0.0,20,9,5,25,36.23,18,30.0,43,33.33,1105,25.0,1,1,0,0,0,0,5,0,19,1,0,0,5,10,83.33,5,0,0,20,109,10,17,12,401,15,9,0,0,6,12,6,0,0,,,,0,0,0,0,0,13,3,0,0,0,0,0,7,100.0,0.0,8,16,9,86,42,0,0,0,12,16,4,80.0,221.0,0,0,0,86,163,0,3.51,0,36,,24
900003,Jorge de Frutos,jorge-de-frutos,2818,Rayo Vallecano,6.74,242.8,36,6,8,10,3,2.33,9,426,151,577,73.83,143,297,186,32,32,34.04,37,19,3,1,1,14,20.29,52,19,22,102,37.23,15,37.5,117,37.26,2511,11.54,0,0,0,0,0,0,6,0,39,13,1,1,4,8,32.0,15,0,1,38,400,21,23,11,1117,33,41,0,0,32,9,11,1,0,,,,0,0,0,0,0,24,6,0,0,0,0,0,30,0.0,0.0,31,94,69,197,25,0,0,0,25,30,21,56.76,418.5,0,0,0,173,473,1,6.35,0,111,,36
945768,Bojan Miovski,bojan-miovski,24264,Girona FC,6.74,107.9,16,2,0,2,1,0.21,3,85,24,109,77.98,37,49,25,4,3,60.0,7,2,0,0,0,1,33.33,14,4,4,21,45.65,13,36.11,34,41.46,881,14.29,0,0,1,0,0,0,2,0,13,1,0,2,0,1,100.0,7,0,0,6,52,2,3,1,199,11,13,0,0,5,8,6,0,0,,,,0,0,0,0,0,12,6,0,0,0,0,0,12,0.0,0.0,4,5,3,48,23,0,0,0,1,18,5,71.43,440.5,0,0,0,41,71,0,2.71,0,13,,17
825740,Alex Král,alex-kral,2814,Espanyol,6.74,249.5,37,0,3,2,1,1.63,1,594,196,790,75.19,307,293,150,12,29,58.0,55,28,1,0,0,6,15.79,21,2,7,107,53.5,38,56.72,145,54.31,2723,0.0,0,0,0,0,0,0,0,0,15,6,0,0,0,35,47.3,46,0,2,29,340,7,69,28,1252,23,31,0,0,14,0,12,0,0,,,,4,0,0,0,0,39,6,0,0,0,0,0,29,0.0,0.0,12,50,38,122,29,0,0,0,74,45,37,67.27,0.0,0,0,0,361,467,0,1.62,0,127,,37
794861,Jailson,jailson,2821,Celta Vigo,6.74,80.9,12,0,0,0,0,0.11,0,434,45,479,90.61,255,179,51,1,3,75.0,13,9,2,0,0,0,0.0,4,2,0,20,62.5,18,51.43,38,56.72,630,0.0,0,0,0,0,0,0,0,0,3,1,0,0,0,9,39.13,26,0,1,5,53,2,17,6,566,4,4,0,1,2,0,2,0,0,,,,0,0,0,0,0,14,0,0,0,0,0,0,6,0.0,0.0,1,4,1,29,17,0,0,0,23,14,11,84.62,0.0,0,0,0,276,204,0,0.15,1,32,,13
906065,Seydouba Cisse,seydouba-cisse,2845,Leganés,6.74,229.0,34,3,1,1,1,0.94,4,963,164,1127,85.45,494,470,221,17,30,75.0,59,12,3,1,1,1,10.0,24,5,12,113,51.6,26,40.63,139,49.12,2451,12.5,0,0,1,1,0,0,3,0,10,14,0,0,3,49,51.04,41,0,1,33,253,14,76,46,1496,25,39,0,0,27,2,7,0,0,,,,4,0,0,0,0,33,4,0,0,0,0,0,31,0.0,0.0,17,40,10,144,38,0,0,0,96,37,37,62.71,817.0,0,0,0,541,596,0,3.02,0,154,,34
1142566,Gabriel Misehouy,gabriel-misehouy,24264,Girona FC,6.73,60.6,9,1,0,0,0,0.29,1,88,7,95,92.63,25,63,38,4,7,63.64,1,0,0,0,0,0,0.0,6,2,2,13,50.0,0,0.0,13,44.83,260,16.67,0,0,0,0,0,0,1,0,3,3,0,0,1,0,0.0,0,0,0,7,31,3,4,1,144,5,1,0,0,1,2,2,0,0,,,,0,0,0,0,0,3,0,0,0,0,0,0,1,0.0,0.0,4,11,6,16,3,0,0,0,3,3,1,100.0,260.0,0,0,0,25,76,0,0.9,0,11,,9
359742,Mikel Vesga,mikel-vesga,2825,Athletic Club,6.73,161.6,24,0,2,2,0,0.74,0,428,97,525,81.52,193,235,107,12,7,58.33,22,15,1,0,0,0,0.0,6,3,2,33,42.86,25,60.98,58,49.15,995,0.0,1,0,0,0,0,0,0,0,4,2,0,0,0,31,51.67,25,0,0,9,136,9,42,21,685,4,14,0,0,16,0,1,0,0,,,,1,0,0,0,0,6,2,0,0,0,0,0,10,0.0,0.0,12,12,8,60,16,0,0,1,60,8,15,68.18,0.0,0,0,0,225,308,0,1.2,0,66,,25
1382235,Bertuğ Yıldırım,bertug-ozgur-yildirim,2859,Getafe,6.73,148.1,22,1,2,5,0,0.57,1,98,80,178,55.06,32,69,39,9,7,53.85,10,1,7,0,0,3,42.86,19,7,8,35,39.77,73,52.14,108,47.37,1099,5.26,0,0,1,0,0,0,1,0,18,1,1,0,0,3,42.86,16,0,0,15,146,5,2,1,361,18,33,0,0,5,14,4,0,0,,,,0,0,0,0,0,9,1,0,0,0,0,0,14,0.0,0.0,9,13,7,120,67,0,0,0,7,10,5,50.0,1099.0,0,0,0,44,141,0,2.56,0,24,,22
326471,Gerard Gumbau,gerard-gumbau,2818,Rayo Vallecano,6.73,148.1,22,0,2,2,1,0.81,1,304,75,379,80.21,134,181,84,17,2,50.0,17,5,4,0,0,11,28.95,13,5,6,30,49.18,17,41.46,47,46.08,851,0.0,0,0,0,0,0,0,0,0,6,7,0,0,0,17,37.78,11,0,0,2,115,2,25,13,525,11,21,1,0,8,2,2,0,0,,,,0,0,0,0,0,10,3,0,0,0,0,0,7,0.0,0.0,17,4,38,55,24,0,0,0,45,13,12,70.59,0.0,0,0,0,152,265,0,1.08,0,27,,22
980732,Adrià Altimira,altimira-adria,2845,Leganés,6.73,148.1,22,0,1,1,0,0.7,0,401,91,492,81.5,181,223,113,11,10,45.45,41,15,6,0,0,3,10.71,7,2,3,79,56.83,12,38.71,91,53.53,1646,0.0,0,0,0,1,0,0,0,0,2,5,0,0,0,21,45.65,45,2,0,7,180,4,27,14,874,28,27,0,0,16,3,2,0,0,,,,8,0,0,0,0,23,3,0,0,0,0,0,19,0.0,0.0,11,22,28,79,19,0,0,0,46,26,24,58.54,0.0,0,0,0,214,306,0,0.27,0,71,,22
788141,Jon Guridi,jon-guridi,2885,Deportivo Alavés,6.73,215.4,32,3,2,3,1,1.05,4,538,173,711,75.67,196,347,190,17,8,33.33,40,14,6,0,0,5,29.41,24,12,9,61,39.61,48,42.11,109,40.67,2097,12.5,1,1,0,1,0,0,3,0,18,6,0,2,1,19,65.52,14,0,0,17,263,11,22,9,989,14,35,0,0,26,5,3,0,0,,,,0,0,0,0,0,22,5,0,0,0,0,0,27,100.0,0.0,17,24,17,159,66,0,0,0,29,27,22,55.0,699.0,0,0,0,226,502,0,4.2,0,86,,33
358108,Scott McKenna,scott-mckenna,6577,UD Las Palmas,6.73,195.2,29,0,2,2,0,0.42,0,1271,191,1462,86.94,999,272,67,4,3,100.0,21,9,5,1,1,0,0.0,10,0,5,32,61.54,85,65.89,117,64.64,2467,0.0,0,0,0,1,0,0,0,0,9,1,0,0,0,52,37.41,161,0,2,4,208,0,41,16,1763,8,13,0,1,3,1,5,0,0,,,,4,0,0,0,0,40,3,0,0,0,0,0,28,0.0,0.0,4,3,2,64,44,0,0,0,139,43,13,61.9,0.0,0,0,0,1070,394,1,1.02,17,69,,29
851282,Thierry Correia,thierry-correia,2828,Valencia,6.73,67.3,10,0,0,1,0,0.76,0,248,90,338,73.37,122,130,69,5,9,42.86,27,4,1,0,0,4,22.22,7,3,4,50,57.47,4,33.33,54,54.55,771,0.0,0,0,0,0,0,0,0,0,4,3,0,0,0,13,27.66,16,0,0,0,144,2,38,13,583,14,15,0,0,10,0,0,0,0,,,,1,0,0,0,0,10,3,0,0,0,0,0,9,0.0,0.0,5,21,18,45,8,0,0,0,47,13,18,66.67,0.0,0,0,0,151,205,0,0.32,0,38,,11
1863206,Pau Cabanes,pau-cabanes-de-la-torre,2885,Deportivo Alavés,6.73,94.2,14,1,1,0,0,0.3,1,116,30,146,79.45,33,83,51,5,9,40.91,12,3,1,0,0,0,0.0,6,3,2,33,48.53,2,28.57,35,46.67,366,16.67,0,0,1,0,0,0,1,0,4,2,0,0,1,1,25.0,2,0,1,6,89,1,6,2,271,12,9,0,0,8,0,1,0,0,,,,0,0,0,0,0,2,1,0,0,0,0,0,2,0.0,0.0,5,22,18,40,5,0,0,0,4,3,6,50.0,366.0,0,0,0,39,125,1,0.51,0,17,,16
934383,Jon Pacheco,jon-pacheco,2824,Real Sociedad,6.73,94.2,14,0,0,0,0,0.36,0,410,82,492,83.33,296,114,33,1,1,50.0,15,9,3,0,0,0,0.0,1,0,0,21,52.5,19,51.35,40,51.95,851,0.0,0,0,0,0,0,0,0,0,1,0,0,0,0,26,38.24,48,0,2,0,88,0,35,15,600,5,18,0,0,2,0,1,0,0,,,,2,0,0,0,0,12,1,0,0,0,0,0,9,0.0,0.0,1,2,0,37,18,0,0,0,68,13,9,60.0,0.0,0,0,0,322,170,0,0.09,6,35,,14
943713,Javi Sánchez,javi-sanchez,2831,Real Valladolid,6.73,168.2,25,2,1,0,0,0.38,2,1009,140,1149,87.82,828,181,50,6,2,100.0,26,22,6,0,0,0,0.0,11,5,5,31,54.39,34,52.31,65,53.28,2031,18.18,0,0,0,2,5,2,0,2,4,7,0,0,2,68,43.87,110,0,3,1,157,0,91,39,1408,3,19,0,0,9,0,1,0,0,,,,3,0,0,0,0,47,5,0,0,0,0,0,25,0.0,40.0,6,2,0,57,31,0,0,0,155,52,16,61.54,1015.5,0,0,0,870,279,0,0.48,20,57,,25
605552,Irvin Cardona,irvin-cardona,2814,Espanyol,6.73,107.6,16,1,1,2,1,1.22,2,93,49,142,65.49,28,69,48,9,3,27.27,8,4,1,0,0,4,28.57,10,3,6,18,37.5,9,45.0,27,39.71,601,10.0,0,0,0,0,1,0,0,1,6,4,0,0,1,3,27.27,8,0,0,4,97,4,11,3,260,8,8,0,0,10,5,1,0,0,,,,0,0,0,0,0,5,0,0,0,0,0,0,5,0.0,0.0,9,11,14,41,11,0,0,0,11,5,5,62.5,601.0,0,0,0,37,119,0,1.08,0,19,,16
1010383,Jon Ander Olasagasti,jon-ander-olasagasti,2824,Real Sociedad,6.72,147.9,22,1,2,1,1,0.72,2,312,83,395,78.99,135,178,90,6,3,27.27,21,15,2,0,0,1,10.0,13,2,6,31,46.97,12,35.29,43,43.0,852,7.69,0,0,0,0,0,0,1,0,8,5,0,1,0,19,54.29,10,0,0,4,118,5,35,18,531,7,15,0,0,10,0,5,0,0,,,,0,0,0,0,0,7,1,0,0,0,0,0,7,0.0,0.0,6,11,10,57,22,0,0,0,35,8,10,47.62,852.0,0,0,0,152,253,0,0.92,0,42,,22
1142636,Stefan Bajčetić,stefan-bajcetic,6577,UD Las Palmas,6.72,94.1,14,1,0,0,0,0.3,1,300,109,409,73.35,154,146,67,7,11,55.0,29,15,4,0,0,0,0.0,5,2,1,54,50.94,17,56.67,71,52.21,975,20.0,0,0,0,1,0,0,1,0,2,3,0,0,1,28,38.89,26,0,1,6,156,4,52,27,608,14,21,0,0,16,0,2,0,0,,,,1,0,0,0,0,17,0,0,0,0,0,0,12,0.0,0.0,7,20,4,65,13,0,0,0,72,17,14,48.28,975.0,0,0,0,182,231,0,0.28,0,61,,14
828239,Toni Lato,toni-lato,2826,Mallorca,6.72,94.1,14,0,0,0,0,0.76,0,182,52,234,77.78,88,106,50,7,0,0.0,17,6,1,1,1,12,52.17,0,0,0,20,47.62,6,46.15,26,47.27,650,0.0,0,0,0,0,0,0,0,0,0,0,0,0,0,10,37.04,29,0,0,2,91,4,15,10,409,3,12,0,0,4,2,0,1,0,,,,0,0,0,0,0,4,1,0,0,0,0,0,7,0.0,0.0,6,4,23,29,7,0,0,0,27,5,11,64.71,0.0,0,0,0,105,152,0,,0,30,,14
1493689,Assane Diao,assane-diao,2816,Real Betis,6.72,67.2,10,1,3,0,2,0.56,3,45,15,60,75.0,11,36,21,8,2,18.18,5,0,0,0,0,2,50.0,7,1,5,11,35.48,8,57.14,19,42.22,281,14.29,0,0,0,0,0,0,1,0,6,1,0,0,1,1,100.0,3,0,0,2,44,1,1,1,130,4,4,0,0,5,2,1,0,0,,,,0,0,0,0,0,4,0,0,0,0,0,0,2,0.0,0.0,8,11,4,26,6,0,0,0,1,4,3,60.0,281.0,0,0,0,15,49,0,0.78,0,12,,10
953097,Cenk Özkaçar,cenk-ozkacar,2831,Real Valladolid,6.72,67.2,10,0,0,0,0,0.28,0,331,60,391,84.65,259,72,13,1,0,0.0,9,18,1,0,0,0,0.0,2,0,2,9,36.0,12,44.44,21,40.38,756,0.0,0,0,0,1,0,0,0,0,2,0,0,0,0,21,41.18,67,0,1,1,66,0,33,14,518,1,5,0,0,10,0,0,0,0,,,,0,0,0,0,0,16,0,0,0,0,0,0,8,0.0,0.0,1,0,0,31,15,0,0,0,51,16,5,55.56,0.0,0,0,0,279,112,0,0.13,4,30,,11
1126779,Williot Swedberg,williot-swedberg,2821,Celta Vigo,6.72,215.0,32,4,3,7,5,2.25,9,261,81,342,76.32,58,206,116,16,10,25.64,23,3,1,0,0,3,16.67,32,15,9,65,47.45,8,34.78,73,45.63,1347,12.5,0,0,0,0,0,0,3,1,25,7,0,0,4,9,47.37,9,0,1,16,197,7,9,5,620,32,21,0,0,7,7,8,0,0,,,,0,0,0,0,0,16,3,0,0,0,0,0,15,0.0,0.0,16,39,18,87,15,0,0,0,19,19,16,69.57,336.75,0,0,0,72,288,1,5.31,0,46,,32
1402908,Hector Fort,fort-hector,2817,FC Barcelona,6.72,107.5,16,0,1,0,0,1.31,0,399,33,432,92.36,169,232,109,10,2,22.22,13,6,2,0,0,2,16.67,6,0,2,16,39.02,3,30.0,19,37.25,596,0.0,0,0,0,0,0,0,0,0,3,3,0,0,0,8,80.0,14,0,0,4,64,4,12,7,588,1,8,1,0,6,0,4,0,0,,,,0,0,0,0,0,8,1,0,0,0,0,0,5,0.0,0.0,10,9,12,32,7,0,0,0,10,9,8,61.54,0.0,0,0,0,182,262,0,0.23,0,32,,17
128637,Allan Nyom,allan-nyom,2859,Getafe,6.72,120.9,18,1,0,0,2,0.32,3,216,54,270,80.0,100,121,51,5,4,44.44,18,4,4,0,0,5,33.33,9,4,3,31,53.45,8,32.0,39,46.99,903,11.11,0,0,0,1,0,0,1,0,6,3,0,0,1,10,30.3,20,0,0,4,98,1,18,7,464,9,18,1,0,2,0,2,0,0,,,,1,0,0,0,0,10,2,0,0,0,0,0,10,0.0,0.0,5,9,15,44,17,0,0,0,33,12,11,61.11,903.0,0,0,0,111,174,0,0.51,0,32,,20
1131581,Carlos Martín,carlos-martin,2885,Deportivo Alavés,6.72,167.9,25,2,3,1,2,1.4,4,254,118,372,68.28,108,151,80,13,9,25.71,43,5,3,0,0,5,20.83,26,12,7,79,41.36,16,45.71,95,42.04,1336,7.69,0,0,0,0,0,0,2,0,18,8,0,0,1,6,28.57,17,0,0,19,218,5,25,8,682,28,32,0,0,36,6,7,0,0,,,,0,0,0,0,0,11,3,0,0,0,0,0,16,0.0,0.0,13,35,24,131,19,0,0,0,21,14,21,48.84,668.0,0,0,0,132,264,0,2.29,0,55,,26
346516,Adrián Embarba,adrian-embarba,2818,Rayo Vallecano,6.71,235.0,35,1,4,3,1,2.54,2,349,122,471,74.1,90,284,145,20,20,40.0,41,13,4,0,0,25,21.93,37,12,15,81,43.55,14,29.17,95,40.6,1626,2.7,0,0,0,0,2,0,1,0,17,20,0,0,1,21,43.75,13,0,2,24,334,11,33,14,924,21,25,0,0,29,14,10,0,0,,,,0,0,0,0,0,17,4,0,0,0,0,0,18,0.0,0.0,20,50,114,139,34,0,0,0,48,21,20,48.78,1626.0,0,0,0,129,456,0,2.12,0,67,,35
1150391,Vitor Roque,vitor-roque,2816,Real Betis,6.71,147.7,22,4,3,9,0,0.67,4,138,50,188,73.4,59,82,52,12,10,28.57,11,7,4,0,0,3,50.0,41,19,12,51,36.43,15,31.91,66,35.29,1237,9.76,0,0,2,0,0,0,4,0,33,8,1,0,3,4,50.0,4,0,0,34,157,10,2,1,436,30,30,0,0,4,5,10,0,0,,,,1,0,0,0,0,21,2,0,0,0,0,0,14,0.0,0.0,12,35,6,121,32,0,0,0,8,23,6,54.55,309.25,0,0,0,68,126,1,6.11,0,35,,22
843180,Luis Pérez,luis-perez,2831,Real Valladolid,6.71,201.4,30,0,4,0,0,2.64,0,706,170,876,80.59,385,353,143,27,12,63.16,41,29,2,0,0,32,30.48,5,2,3,76,66.09,17,33.33,93,56.02,2558,0.0,0,0,0,1,0,0,0,0,1,4,0,0,0,60,45.8,74,0,0,5,333,3,71,33,1509,25,13,0,0,16,3,0,0,0,,,,5,0,0,0,0,59,6,0,0,0,0,0,28,0.0,0.0,27,19,105,73,34,0,0,0,131,65,30,73.17,0.0,0,0,0,455,526,1,0.15,0,77,,30
1464648,Peio Canales,peio-canales,2825,Athletic Club,6.71,53.7,8,0,1,0,0,0.23,0,84,12,96,87.5,32,57,29,6,5,50.0,3,2,0,0,0,5,31.25,3,0,2,10,52.63,0,0.0,10,45.45,259,0.0,0,0,0,0,0,0,0,0,1,2,0,0,0,2,40.0,2,0,0,3,36,4,6,2,150,2,1,0,0,0,1,1,0,0,,,,0,0,0,0,0,1,0,0,0,0,0,0,2,0.0,0.0,6,10,16,12,3,0,0,0,5,1,2,66.67,0.0,0,0,0,34,78,0,0.19,0,17,,8
309546,Takuma Asano,takuma-asano,2826,Mallorca,6.71,140.9,21,2,1,6,1,0.63,3,146,53,199,73.37,43,105,64,6,6,27.27,13,6,0,0,0,2,10.0,28,8,15,33,46.48,6,18.75,39,37.86,1067,7.14,0,0,0,0,0,0,2,0,25,3,1,0,1,1,11.11,8,0,0,12,131,3,8,5,391,15,5,2,0,5,6,5,0,0,,,,0,0,0,0,0,10,3,0,0,0,0,0,13,0.0,0.0,6,22,20,64,26,0,0,0,9,13,9,69.23,533.5,0,0,0,52,167,0,2.47,0,42,,21
970860,Lucas Rosa,lucas-rosa,2831,Real Valladolid,6.71,140.9,21,0,3,2,1,1.54,1,514,129,643,79.94,312,207,99,13,14,50.0,54,28,6,0,0,5,13.89,8,3,2,87,53.7,18,64.29,105,55.26,1890,0.0,0,0,0,0,0,0,0,0,5,3,0,0,0,22,37.29,51,1,1,11,252,3,51,19,1145,19,35,1,0,16,1,3,0,0,,,,5,0,0,0,0,43,2,0,0,0,0,0,21,0.0,0.0,13,28,36,85,10,0,0,0,59,45,34,62.96,0.0,0,0,0,360,319,1,0.86,0,88,,21
989113,Rodrigo Riquelme,rodrigo-riquelme,2836,Atlético Madrid,6.71,107.3,16,0,1,1,1,0.78,1,198,29,227,87.22,59,143,90,15,6,27.27,11,2,0,0,0,4,11.76,14,4,5,25,43.1,3,42.86,28,43.08,522,0.0,0,0,0,0,1,0,0,0,10,4,0,0,0,3,100.0,2,0,0,6,97,1,7,6,376,8,8,1,0,5,4,5,0,0,,,,1,0,0,0,0,2,3,0,0,0,0,0,4,0.0,0.0,15,22,34,37,4,0,0,0,3,5,5,45.45,0.0,0,0,0,65,196,0,0.86,0,21,,16
984789,Manuel Sánchez,manuel-sanchez,2885,Deportivo Alavés,6.71,221.3,33,1,1,1,0,1.29,1,562,207,769,73.08,251,330,167,16,8,25.0,83,30,6,1,1,19,24.36,12,2,4,111,47.03,9,21.43,120,43.17,2646,8.33,0,0,0,1,0,0,1,0,8,4,0,1,0,24,23.3,64,0,1,20,401,7,34,11,1551,21,56,0,1,28,1,6,0,0,,,,8,0,0,0,0,34,4,0,0,0,0,0,30,0.0,0.0,16,32,78,158,33,0,0,0,103,38,56,67.47,2646.0,0,0,0,306,541,1,1.68,0,105,,33
980410,Beñat Turrientes,benat-turrientes,2824,Real Sociedad,6.7,140.8,21,0,1,1,0,0.39,0,398,34,432,92.13,168,236,102,3,13,65.0,15,5,4,0,0,6,31.58,7,2,4,51,54.84,10,35.71,61,50.41,939,0.0,0,0,0,0,0,0,0,0,2,5,0,0,0,27,79.41,13,0,1,11,87,4,28,23,609,23,13,0,0,11,0,1,0,0,,,,2,0,0,0,0,11,2,0,0,0,0,0,11,0.0,0.0,3,20,19,60,18,0,0,0,34,13,6,40.0,0.0,0,0,0,179,272,0,0.55,0,45,,21
932764,Randy Nteka,randy-nteka,2818,Rayo Vallecano,6.7,160.9,24,3,1,3,0,0.32,3,144,74,218,66.06,49,95,58,9,5,38.46,16,4,6,0,0,0,0.0,16,8,6,36,34.29,41,44.09,77,38.89,1152,18.75,0,0,0,0,0,0,3,0,14,2,0,3,0,2,66.67,20,0,0,17,136,8,5,2,401,15,39,0,0,7,16,2,0,0,,,,0,0,0,0,0,12,3,0,0,0,0,0,16,0.0,0.0,9,13,4,121,52,0,0,0,3,15,5,31.25,384.0,0,0,0,59,163,0,2.61,0,26,,24
69416,Oriol Romeu,oriol-romeu,24264,Girona FC,6.7,167.6,25,0,1,0,0,0.74,0,795,80,875,90.86,393,405,155,8,4,57.14,38,12,5,0,0,3,37.5,5,1,2,60,51.72,13,41.94,73,49.66,1375,0.0,0,0,0,1,0,0,0,0,1,4,0,0,0,43,71.67,20,1,3,13,115,5,54,35,1065,18,28,1,0,12,0,2,0,0,,,,3,0,0,0,0,20,7,0,0,0,0,0,17,0.0,0.0,8,7,8,74,18,0,0,0,60,27,25,65.79,0.0,0,0,0,414,469,0,0.14,0,71,,25
997280,Raúl García de Haro,raul-garcia-de-haro,2820,Osasuna,6.7,187.7,28,4,1,4,0,0.45,4,114,45,159,71.7,35,80,49,3,11,57.89,13,0,1,0,0,1,16.67,25,12,8,35,49.3,21,48.84,56,49.12,765,16.0,0,0,0,0,0,0,3,1,20,5,1,1,2,1,11.11,6,0,0,13,100,2,10,4,306,12,11,1,0,5,6,5,0,0,,,,0,0,0,0,0,10,3,0,0,0,0,0,5,0.0,0.0,3,19,6,58,22,0,0,0,9,13,8,61.54,191.25,0,0,0,45,120,0,3.46,0,14,,32
1526575,Arkaitz Mariezkurrena,arkaitz-mariezkurrena,2824,Real Sociedad,6.7,60.3,9,2,1,1,0,0.17,2,46,17,63,73.02,21,26,15,2,3,60.0,1,1,1,0,0,1,20.0,10,5,2,5,17.24,4,57.14,9,25.0,244,20.0,0,0,0,0,0,0,2,0,6,4,0,2,0,1,50.0,4,0,0,6,40,4,4,3,116,1,13,0,0,4,0,3,0,0,,,,0,0,0,0,0,4,0,0,0,0,0,0,1,0.0,0.0,2,5,5,27,3,0,0,0,2,4,0,0.0,122.0,0,0,0,27,41,0,0.95,0,10,,9
566894,Stoichkov,stoichkov,2885,Deportivo Alavés,6.7,107.2,16,0,3,1,1,0.73,1,131,69,200,65.5,45,87,55,7,6,40.0,14,1,1,0,0,1,7.69,18,3,5,35,54.69,6,28.57,41,48.24,701,0.0,0,0,0,0,1,0,0,0,10,8,0,0,0,10,58.82,7,0,0,7,118,12,26,16,333,16,9,1,0,5,5,10,0,0,,,,0,0,0,0,0,12,1,0,0,0,0,0,6,0.0,0.0,7,15,13,44,15,0,0,0,17,13,9,64.29,0.0,0,0,0,53,160,0,1.1,0,44,,16
1134538,Mateo Mejía,mateo-mejia,2833,Sevilla,6.7,6.7,1,0,0,0,0,,0,0,1,1,0.0,0,0,0,0,0,0.0,0,0,0,0,0,0,0.0,0,0,0,1,100.0,1,100.0,2,100.0,10,0.0,0,0,0,0,0,0,0,0,0,0,0,0,0,0,0.0,0,0,0,0,1,0,0,0,2,1,0,0,0,0,0,0,0,0,,,,0,0,0,0,0,0,0,0,0,0,0,0,0,0.0,0.0,0,0,0,0,0,0,0,0,0,0,0,0.0,0.0,0,0,0,0,1,0,,0,0,,1
1018516,Daniel Luna,daniel-luna,2826,Mallorca,6.7,13.4,2,0,0,0,0,0.02,0,7,2,9,77.78,1,6,4,0,1,50.0,0,0,0,0,0,0,0.0,0,0,0,2,66.67,0,0.0,2,66.67,23,0.0,0,0,0,0,0,0,0,0,0,0,0,0,0,0,0.0,0,0,0,0,6,0,1,0,18,1,0,0,0,0,0,0,0,0,,,,0,0,0,0,0,0,0,0,0,0,0,0,0,0.0,0.0,0,2,3,1,0,0,0,0,0,0,0,0.0,0.0,0,0,0,1,11,0,,0,2,,2
377206,Daley Sinkgraven,daley-sinkgraven,6577,UD Las Palmas,6.7,13.4,2,0,0,0,0,0.02,0,45,12,57,78.95,22,23,13,1,1,100.0,5,1,0,0,0,0,0.0,0,0,0,8,61.54,1,100.0,9,64.29,90,0.0,0,0,0,0,0,0,0,0,0,0,0,0,0,1,25.0,1,0,0,1,18,0,4,1,83,2,2,0,0,2,0,0,0,0,,,,0,0,0,0,0,2,0,0,0,0,0,0,1,0.0,0.0,1,1,4,5,0,0,0,0,4,2,1,20.0,0.0,0,0,0,26,35,0,,0,6,,2
66492,David Alaba,david-alaba,2829,Real Madrid,6.7,46.9,7,0,0,0,0,0.09,0,204,18,222,91.89,152,52,18,1,0,0.0,1,6,1,0,0,0,0.0,0,0,0,1,33.33,4,80.0,5,62.5,316,0.0,0,0,0,0,0,0,0,0,0,0,0,0,0,8,36.36,7,0,0,0,23,0,23,11,250,0,2,0,0,0,0,0,0,0,,,,0,0,0,0,0,3,1,0,0,0,0,0,4,0.0,0.0,1,0,3,3,1,0,0,0,22,4,0,0.0,0.0,0,0,0,153,72,0,,7,8,,7
951986,Iván Jaime,ivan-jaime,2828,Valencia,6.7,60.3,9,0,0,0,0,0.35,0,79,19,98,80.61,22,58,43,4,5,41.67,8,2,0,0,0,1,16.67,8,3,0,23,51.11,4,50.0,27,50.94,292,0.0,0,0,0,0,0,0,0,0,5,3,0,0,0,3,60.0,0,0,0,7,54,9,9,6,171,10,8,0,0,1,1,5,0,0,,,,0,0,0,0,0,5,2,0,0,0,0,0,2,0.0,0.0,4,12,6,26,4,0,0,0,5,7,5,62.5,0.0,0,0,0,25,79,0,0.58,0,19,,9
1031421,Rodri Sánchez,rodri-sanchez,2816,Real Betis,6.7,20.1,3,0,0,0,0,0.26,0,51,8,59,86.44,18,37,21,2,2,33.33,2,1,0,0,0,4,66.67,2,2,0,6,40.0,0,0.0,6,35.29,117,0.0,0,0,0,0,0,0,0,0,1,1,0,0,0,2,40.0,1,0,1,2,21,0,2,1,91,2,2,0,0,1,1,0,0,0,,,,0,0,0,0,0,2,0,0,0,0,0,0,1,0.0,0.0,2,6,6,11,2,0,0,0,5,2,1,50.0,0.0,0,0,0,23,42,0,0.17,0,10,,3
1136806,Nabil Aberdin,nabil-aberdin,2859,Getafe,6.7,33.5,5,0,0,0,0,0.13,0,36,24,60,60.0,13,23,7,1,2,66.67,6,0,1,0,0,0,0.0,2,0,1,14,60.87,10,76.92,24,66.67,269,0.0,0,0,0,0,0,0,0,0,0,2,0,0,0,7,46.67,5,0,0,1,28,0,4,2,95,6,7,0,0,0,0,1,0,0,,,,0,0,0,0,0,1,1,0,0,0,0,0,4,0.0,0.0,1,3,0,12,3,0,0,0,15,2,4,66.67,0.0,0,0,0,20,40,0,0.04,0,8,,7
2064599,Diego Martín,diego-martin,6577,UD Las Palmas,6.7,13.4,2,0,0,0,0,0.01,0,8,3,11,72.73,3,5,2,0,0,0.0,1,0,0,0,0,0,0.0,1,0,1,2,100.0,0,0.0,2,40.0,38,0.0,0,0,0,0,0,0,0,0,0,1,0,0,0,1,50.0,1,0,0,0,7,0,2,1,21,1,0,0,0,0,0,0,0,0,,,,0,0,0,0,0,2,0,0,0,0,0,0,0,0.0,0.0,0,0,4,3,3,0,0,0,2,2,1,100.0,0.0,0,0,0,4,11,0,0.04,0,1,,2
925220,Pejiño,pejino,6577,UD Las Palmas,6.7,6.7,1,0,0,0,0,0.0,0,6,0,6,100.0,3,3,1,0,0,0.0,1,0,0,0,0,0,0.0,1,0,1,1,50.0,0,0.0,1,50.0,15,0.0,0,0,0,0,0,0,0,0,0,1,0,0,0,0,0.0,0,0,0,0,2,0,0,0,10,0,1,0,0,0,0,0,0,0,,,,0,0,0,0,0,0,0,0,0,0,0,0,0,0.0,0.0,0,0,1,1,0,0,0,0,0,0,1,100.0,0.0,0,0,0,3,4,0,0.03,0,2,,1
2112915,Papa Ba,papa-ba,24264,Girona FC,6.7,6.7,1,0,0,0,0,0.0,0,5,7,12,41.67,3,2,1,0,1,50.0,1,0,0,0,0,0,0.0,1,0,0,6,66.67,0,0.0,6,66.67,47,0.0,0,0,0,0,0,0,0,0,1,0,0,0,0,0,0.0,0,0,0,1,12,0,1,0,26,4,1,0,0,0,0,1,0,0,,,,0,0,0,0,0,0,0,0,0,0,0,0,0,0.0,0.0,0,2,1,3,0,0,0,0,1,0,1,100.0,0.0,0,0,0,6,7,0,0.03,0,1,,1
1214990,Dani Rodríguez,dani-rodriguez,2817,FC Barcelona,6.7,6.7,1,0,0,0,0,0.03,0,15,2,17,88.24,0,15,8,0,0,0.0,0,0,0,0,0,0,0.0,2,0,2,0,0.0,0,0.0,0,0.0,38,0.0,0,0,0,0,0,0,0,0,1,1,0,0,0,0,0.0,0,0,0,0,8,0,0,0,26,0,0,0,0,0,0,0,0,0,,,,0,0,0,0,0,1,0,0,0,0,0,0,1,0.0,0.0,0,0,3,0,0,0,0,0,0,1,0,0.0,0.0,0,0,0,0,20,0,0.03,0,0,,1
900008,Óscar Valentín,oscar-valentin,2818,Rayo Vallecano,6.7,227.7,34,0,1,1,0,1.11,0,687,139,826,83.17,331,357,145,13,5,55.56,55,21,5,0,0,1,50.0,5,1,1,91,45.96,33,45.83,124,45.93,1845,0.0,0,0,0,0,0,0,0,0,4,1,0,0,0,32,45.71,49,1,1,8,172,4,47,31,1128,31,57,0,0,43,0,3,0,0,,,,3,0,0,0,0,20,4,0,0,0,0,0,18,0.0,0.0,13,9,2,146,39,0,0,0,70,24,41,74.55,0.0,0,0,0,370,458,0,0.43,0,109,,34
351500,Brian Oliván,brian-olivan,2814,Espanyol,6.69,113.8,17,0,2,0,1,0.83,1,248,81,329,75.38,104,158,81,15,1,25.0,13,10,2,0,0,14,25.45,6,1,4,20,45.45,3,23.08,23,40.35,1024,0.0,0,0,0,0,2,0,0,0,2,4,0,0,0,23,37.7,20,0,0,1,155,0,42,22,552,6,13,0,0,9,3,1,0,0,,,,1,0,0,0,0,13,3,0,0,0,0,0,12,0.0,0.0,15,4,55,34,10,0,0,0,61,16,10,76.92,0.0,0,0,0,127,257,0,0.36,0,28,,17
307702,Djené,djene,2859,Getafe,6.69,207.5,31,0,0,0,0,0.83,0,619,175,794,77.96,313,313,127,9,7,50.0,25,21,10,1,1,7,21.88,6,0,6,57,41.3,44,59.46,101,47.64,2553,0.0,0,0,0,0,0,0,0,0,5,1,0,0,0,54,44.26,102,0,3,17,271,9,51,26,1222,26,40,0,0,20,1,0,0,0,,,,8,0,0,0,0,21,3,0,0,0,0,0,31,0.0,0.0,9,14,32,111,30,0,0,0,122,24,13,52.0,0.0,0,0,0,371,455,0,0.36,0,102,,31
826010,Pol Lozano,pol-lozano,2814,Espanyol,6.69,200.8,30,0,1,0,1,0.98,1,681,119,800,85.13,332,357,168,17,5,29.41,53,22,13,0,0,8,42.11,8,2,3,72,38.3,10,38.46,82,38.32,1958,0.0,0,0,0,0,0,0,0,0,0,8,0,0,0,50,71.43,27,0,0,15,180,7,67,42,1085,14,56,0,0,33,0,3,0,0,,,,2,0,0,0,0,16,7,0,0,0,0,0,27,0.0,0.0,17,17,19,132,16,0,0,0,70,23,34,64.15,0.0,0,0,0,375,444,0,0.17,0,86,,30
3041,Raúl Albiol,raul-albiol,2819,Villarreal,6.69,100.4,15,0,0,0,0,0.13,0,727,84,811,89.64,529,198,35,0,0,0.0,10,6,4,0,0,0,0.0,2,0,0,15,51.72,30,66.67,45,60.81,1199,0.0,0,0,0,2,0,0,0,0,2,0,0,0,0,44,46.32,67,0,1,1,90,0,68,45,929,6,11,0,1,4,0,2,0,0,,,,1,0,0,0,0,15,5,0,0,0,0,0,14,0.0,0.0,0,0,0,29,15,0,0,0,95,20,9,90.0,0.0,0,0,0,568,243,0,0.1,8,44,,15
801837,Íñigo Lekue,inigo-lekue,2825,Athletic Club,6.69,93.7,14,0,1,0,0,0.51,0,275,67,342,80.41,138,140,63,8,6,42.86,15,9,1,0,0,3,18.75,2,0,1,23,46.94,6,75.0,29,50.88,768,0.0,0,0,0,0,0,0,0,0,2,0,0,0,0,14,35.0,27,1,1,5,115,2,9,2,543,2,5,0,0,8,0,1,0,0,,,,3,0,0,0,0,7,2,0,0,0,0,0,8,0.0,0.0,8,14,16,28,2,0,0,0,40,9,12,80.0,0.0,0,0,0,163,195,0,0.18,0,39,,16
824130,José Manuel Arnáiz,jose-manuel-arnaiz,2820,Osasuna,6.69,80.3,12,0,1,0,0,0.37,0,47,11,58,81.03,10,41,21,3,1,33.33,7,5,0,0,0,4,22.22,6,3,0,13,56.52,1,25.0,14,51.85,172,0.0,0,0,0,0,2,0,0,0,2,4,0,0,0,3,50.0,1,0,0,5,38,2,5,2,125,5,0,0,0,3,4,3,0,0,,,,0,0,0,0,0,2,1,0,0,0,0,0,1,0.0,0.0,3,3,18,13,3,0,0,0,6,3,5,71.43,0.0,0,0,0,14,62,0,0.33,0,16,,15
966441,Aihen Muñoz,aihen-munoz,2824,Real Sociedad,6.69,133.8,20,0,1,0,0,0.27,0,356,104,460,77.39,195,165,72,3,7,63.64,24,14,5,0,0,4,11.43,6,0,4,42,53.85,24,58.54,66,55.46,1104,0.0,0,0,0,1,0,0,0,0,1,5,0,0,0,10,16.95,42,0,0,3,203,3,30,12,791,12,15,0,0,14,0,2,0,0,,,,3,0,0,0,0,11,2,0,0,0,0,0,13,0.0,0.0,3,11,35,53,17,0,0,0,59,13,12,50.0,0.0,0,0,0,226,269,0,0.16,0,43,,21
966679,Juanmi Latasa,juanmi-latasa,2831,Real Valladolid,6.69,187.3,28,3,0,4,0,0.4,3,153,101,254,60.24,69,85,46,13,8,53.33,4,0,6,1,1,1,20.0,40,13,16,42,41.18,96,61.54,138,53.49,1403,7.5,0,0,0,1,0,0,3,0,38,2,1,1,1,8,57.14,11,1,0,18,165,5,9,5,453,36,40,0,0,4,7,11,0,0,,,,1,0,0,0,0,39,2,0,0,0,0,0,14,0.0,0.0,13,15,5,120,60,0,0,0,14,41,2,50.0,467.67,0,0,0,85,174,0,4.4,0,24,,28
799195,Aleksandar Sedlar,aleksandar-sedlar,2885,Deportivo Alavés,6.69,60.2,9,0,0,0,0,0.03,0,193,40,233,82.83,121,72,16,0,0,0.0,18,10,1,1,1,0,0.0,1,0,1,23,65.71,9,60.0,32,64.0,600,0.0,0,0,0,0,0,0,0,0,1,0,0,0,0,18,52.94,23,0,1,0,41,0,13,6,305,5,9,0,0,2,0,0,0,0,,,,1,0,0,0,0,7,1,0,0,0,0,0,7,0.0,0.0,0,1,0,18,6,0,0,0,34,8,10,55.56,0.0,0,0,0,133,100,0,0.03,2,18,,9
218616,Portu,portu,24264,Girona FC,6.69,167.2,25,1,2,3,2,1.52,3,163,44,207,78.74,44,124,74,14,4,44.44,13,0,4,0,0,5,19.23,8,4,2,27,54.0,10,43.48,37,50.68,792,12.5,0,0,0,0,0,0,1,0,5,3,0,0,1,3,37.5,2,0,0,3,89,5,5,3,317,10,14,0,0,3,7,2,0,0,,,,0,0,0,0,0,10,0,0,0,0,0,0,6,0.0,0.0,14,9,26,36,13,0,0,0,8,10,7,53.85,792.0,0,0,0,51,182,0,1.6,0,24,,27
1099344,Antoniu Roca,antoniu-roca,2814,Espanyol,6.69,167.2,25,0,2,2,1,1.06,1,142,53,195,72.82,45,100,69,7,29,63.04,21,8,3,0,0,3,15.0,10,4,2,73,54.89,6,25.0,79,50.32,1042,0.0,0,0,0,0,0,0,0,0,7,3,0,0,0,2,25.0,10,0,1,12,134,3,9,3,428,23,19,0,0,12,4,4,0,0,,,,0,0,0,0,0,7,3,0,0,0,0,0,13,0.0,0.0,7,46,20,78,18,0,0,0,8,10,10,47.62,0.0,0,0,0,61,154,0,0.87,0,39,,26
966862,Ander Barrenetxea,ander-barrenetxea,2824,Real Sociedad,6.69,200.6,30,1,3,2,3,2.47,4,356,104,460,77.39,105,260,139,16,26,39.39,26,11,6,0,0,9,16.67,25,8,10,65,36.52,7,31.82,72,36.0,1258,4.0,0,0,0,1,0,0,1,0,20,5,0,1,0,28,60.87,13,1,0,26,275,21,30,19,823,13,33,0,0,17,6,7,0,0,,,,0,0,0,0,0,22,1,0,0,0,0,0,14,0.0,0.0,16,66,54,128,15,0,0,0,46,23,19,73.08,1258.0,0,0,0,136,378,1,1.64,0,88,,30
11869,Jesús Navas,jesus-navas,2833,Sevilla,6.69,93.6,14,1,0,1,0,0.62,1,174,35,209,83.25,73,111,57,10,4,66.67,5,4,0,0,0,10,30.3,3,2,1,12,57.14,6,54.55,18,56.25,440,33.33,0,0,0,0,0,0,1,0,2,1,0,0,1,8,44.44,5,0,0,4,71,2,12,9,309,4,1,0,0,3,3,0,0,0,,,,0,0,0,0,0,6,0,0,0,0,0,0,3,0.0,0.0,10,6,33,14,5,0,0,0,18,6,2,40.0,440.0,0,0,0,84,158,0,0.53,0,10,,15
794950,Carles Pérez,carles-perez,2859,Getafe,6.69,180.5,27,3,2,3,0,1.31,3,214,77,291,73.54,63,162,89,17,21,43.75,33,6,2,0,0,11,26.19,34,9,9,65,36.52,13,31.71,78,35.62,1436,8.82,0,0,0,0,1,0,3,0,12,22,0,3,0,6,28.57,18,0,0,19,199,8,13,3,609,11,44,0,0,27,1,16,0,0,,,,1,0,0,0,0,14,3,0,0,0,0,0,15,0.0,0.0,17,48,42,141,28,0,0,0,21,17,23,69.7,478.67,0,0,0,81,252,1,2.37,0,50,,27
152446,Iván Balliu,ivan-balliu,2818,Rayo Vallecano,6.68,167.1,25,0,0,0,0,0.37,0,360,104,464,77.59,188,177,91,7,3,75.0,17,13,3,0,0,5,26.32,1,0,0,35,52.24,14,33.33,49,44.95,1225,0.0,0,0,0,0,0,0,0,0,0,1,0,0,0,19,33.93,34,0,0,2,172,1,33,11,790,15,19,0,0,12,1,1,0,0,,,,4,0,0,0,0,11,1,0,0,0,0,0,12,0.0,0.0,7,4,19,60,28,0,0,0,56,12,14,82.35,0.0,0,0,0,222,261,0,0.01,0,39,,25
793761,Mamadou Sylla,mamadou-sylla,2831,Real Valladolid,6.68,193.8,29,5,2,3,2,0.65,7,173,93,266,65.04,68,105,60,14,5,38.46,9,3,5,0,0,0,0.0,22,7,11,45,48.91,42,41.18,87,44.85,1601,22.73,4,4,2,0,0,0,5,0,19,3,0,0,5,5,62.5,14,0,0,20,178,4,8,4,477,32,16,0,0,7,13,4,0,0,,,,1,0,0,0,0,43,4,0,0,0,0,0,17,100.0,0.0,14,13,9,107,60,0,0,0,8,47,5,55.56,320.2,0,0,0,91,184,0,5.06,0,35,,29
917485,Walid Cheddira,walid-cheddira,2814,Espanyol,6.68,133.6,20,1,2,1,1,0.45,2,73,28,101,72.28,23,50,23,6,4,22.22,5,1,3,0,0,0,0.0,13,4,6,36,43.9,15,37.5,51,41.8,641,7.69,0,0,1,0,0,0,1,0,13,0,0,1,0,1,33.33,6,0,0,9,78,3,3,1,237,27,30,1,0,1,11,3,0,0,,,,0,0,0,0,0,7,2,0,0,0,0,0,5,0.0,0.0,6,18,2,71,25,0,0,0,3,9,0,0.0,641.0,0,0,0,26,77,0,1.0,0,19,,22
966940,José Gragera,jose-gragera,2814,Espanyol,6.68,66.8,10,0,0,0,0,0.05,0,190,26,216,87.96,125,65,23,1,0,0.0,24,5,0,0,0,0,0.0,2,0,1,32,52.46,11,64.71,43,55.13,569,0.0,0,0,0,0,0,0,0,0,1,1,0,0,0,5,41.67,13,0,0,1,33,2,9,3,297,8,18,0,0,8,0,1,0,0,,,,0,0,0,0,0,11,1,0,0,0,0,0,7,0.0,0.0,1,2,0,35,6,0,0,0,12,12,16,66.67,0.0,0,0,0,134,82,0,0.05,0,17,,10
891931,Ander Guevara,ander-guevara,2885,Deportivo Alavés,6.68,220.4,33,0,1,1,1,0.63,1,759,221,980,77.45,365,395,180,12,9,64.29,49,14,3,0,0,1,20.0,12,3,7,74,44.85,32,45.07,106,44.92,1953,0.0,0,0,0,0,0,0,0,0,3,9,0,0,0,52,49.52,41,0,1,19,279,3,67,37,1270,18,39,0,0,28,0,2,0,0,,,,2,0,0,0,0,21,3,0,0,0,0,0,20,0.0,0.0,12,14,5,130,39,0,0,0,105,24,30,61.22,0.0,0,0,0,419,566,0,0.86,0,120,,33
1019236,Jofre Carreras,jofre,2814,Espanyol,6.68,247.1,37,3,2,3,3,1.86,6,330,127,457,72.21,118,223,122,24,39,39.39,22,15,5,0,0,11,20.37,40,11,12,120,47.62,5,22.73,125,45.62,2191,7.5,0,0,0,0,0,0,0,3,21,19,0,0,3,11,35.48,22,0,0,40,343,16,16,8,959,59,28,0,0,10,3,17,0,0,,,,0,0,0,0,0,34,4,0,0,0,0,0,26,0.0,0.0,24,99,54,149,17,0,0,0,31,38,16,72.73,730.33,0,0,0,144,367,1,2.51,0,105,,37
1084381,Pablo Ibáñez,pablo-ibanez-lumbreras,2820,Osasuna,6.68,180.3,27,1,2,1,1,0.37,2,377,115,492,76.63,163,217,110,6,13,56.52,20,18,4,0,0,3,23.08,20,5,11,62,42.76,19,43.18,81,42.86,1307,5.0,0,0,0,0,0,0,0,1,11,9,0,1,0,18,48.65,20,0,0,16,177,5,29,14,737,29,28,0,0,30,0,4,0,0,,,,0,0,0,0,0,16,8,0,0,0,0,0,13,0.0,0.0,6,23,13,108,25,0,0,0,37,24,10,50.0,1307.0,0,0,0,189,316,0,1.54,0,56,,28
252863,Darwin Machís,darwin-machis,2831,Real Valladolid,6.68,120.2,18,0,2,1,1,0.91,1,139,53,192,72.4,61,93,47,8,5,29.41,5,5,0,0,0,15,22.06,14,2,6,24,48.0,6,75.0,30,51.72,643,0.0,0,0,0,0,1,0,0,0,4,10,0,0,0,6,31.58,9,0,0,4,129,3,23,9,359,14,4,0,0,6,2,6,0,0,,,,0,0,0,0,0,16,1,0,0,0,0,0,7,0.0,0.0,8,17,68,28,2,0,0,0,19,17,4,80.0,0.0,0,0,0,78,182,0,0.91,0,34,,18
1031658,Javier Hernández,javier-hernandez,2845,Leganés,6.68,207.0,31,2,3,0,1,1.38,3,635,188,823,77.16,300,341,160,17,16,57.14,26,23,6,0,0,6,11.54,17,6,9,58,33.72,21,47.73,79,36.57,2399,11.76,0,0,0,0,2,0,2,0,8,9,1,1,0,34,33.01,93,0,0,26,331,3,78,32,1396,16,49,0,0,29,5,2,0,0,,,,7,0,0,0,0,33,5,0,0,0,0,0,27,0.0,0.0,17,28,52,137,23,0,0,0,103,38,15,57.69,1199.5,0,0,0,348,527,1,0.76,0,112,,31
790179,Cyle Larin,cyle-larin,2826,Mallorca,6.68,213.6,32,7,2,8,2,0.43,9,212,95,307,69.06,58,154,71,8,8,27.59,12,1,4,0,0,0,0.0,39,15,16,51,31.1,66,43.42,117,37.03,1781,17.95,1,1,1,0,0,0,7,0,37,2,1,2,4,5,62.5,16,0,0,58,257,10,14,9,652,31,32,0,0,6,24,8,0,0,,,,1,0,0,0,0,17,3,0,0,0,0,0,21,100.0,0.0,8,29,6,199,86,0,0,0,8,20,6,50.0,254.43,0,0,0,75,238,0,6.47,0,46,,32
355048,Jesús Vallejo,jesus-vallejo,2829,Real Madrid,6.68,26.7,4,0,1,0,1,0.23,1,60,7,67,89.55,34,26,10,2,0,0.0,0,2,0,0,0,0,0.0,0,0,0,0,0.0,3,50.0,3,50.0,136,0.0,0,0,0,0,0,0,0,0,0,0,0,0,0,3,50.0,7,0,0,0,7,0,1,1,78,0,0,0,0,0,0,0,0,0,,,,0,0,0,0,0,1,1,0,0,0,0,0,1,0.0,0.0,2,0,0,3,3,0,0,0,6,2,0,0.0,0.0,0,0,0,37,30,0,,0,8,,4
151138,Dimitri Foulquier,dimitri-foulquier,2828,Valencia,6.68,213.6,32,0,3,1,1,2.0,1,804,183,987,81.46,438,375,163,10,8,33.33,48,16,6,0,0,9,15.79,13,2,7,87,56.86,13,38.24,100,53.48,2298,0.0,0,0,0,0,0,0,0,0,8,5,0,0,0,31,34.83,76,0,1,16,333,7,60,24,1596,31,24,0,0,12,1,4,0,0,,,,4,0,0,0,0,36,4,0,0,0,0,0,25,0.0,0.0,10,24,57,87,21,0,0,0,89,40,31,64.58,0.0,0,0,0,499,545,1,0.43,0,97,,32
82474,Ander Herrera,ander-herrera,2825,Athletic Club,6.68,53.4,8,0,0,3,0,0.34,0,180,18,198,90.91,69,111,53,2,2,66.67,8,2,2,0,0,0,0.0,8,4,2,13,52.0,3,60.0,16,53.33,269,0.0,1,0,0,0,0,0,0,0,3,5,0,0,0,6,60.0,10,0,0,2,25,1,8,5,244,3,6,0,0,3,0,2,0,0,,,,0,0,0,0,0,1,1,0,0,0,0,0,2,0.0,0.0,2,3,1,14,2,0,0,1,10,2,4,50.0,0.0,0,0,0,72,127,0,1.73,0,14,,8
754710,Umar Sadiq,umar-sadiq,2828,Valencia,6.67,153.4,23,5,1,6,0,0.51,5,149,67,216,68.98,54,95,56,7,16,50.0,12,2,5,0,0,0,0.0,25,7,11,45,35.43,32,50.0,77,40.31,1049,20.0,0,0,0,0,0,0,5,0,20,5,1,1,3,3,75.0,9,0,0,30,176,4,7,3,449,17,37,1,0,3,18,7,0,0,,,,0,0,0,0,0,12,3,0,0,0,0,0,11,0.0,0.0,7,32,2,114,32,0,0,0,4,15,6,50.0,209.8,0,0,0,68,150,1,3.62,0,19,,23
1466124,Adam Aznou,adam-aznou,2831,Real Valladolid,6.67,86.7,13,0,1,0,0,0.37,0,186,76,262,70.99,95,93,42,6,19,55.88,28,10,2,0,0,2,16.67,4,1,2,64,50.79,11,68.75,75,52.82,874,0.0,0,0,0,0,0,0,0,0,3,1,0,0,0,10,37.04,26,0,0,12,157,3,15,4,559,17,14,0,0,22,0,1,0,0,,,,0,0,0,0,0,20,3,0,0,0,0,0,10,0.0,0.0,6,34,12,67,5,0,0,0,27,23,21,75.0,0.0,0,0,0,117,157,0,0.28,0,56,,13
831424,Reinildo Mandava,reinildo-mandava,2836,Atlético Madrid,6.67,126.7,19,0,0,0,0,0.17,0,437,83,520,84.04,263,175,62,2,4,30.77,18,16,4,0,0,1,12.5,1,1,0,40,51.28,10,40.0,50,48.54,950,0.0,0,0,0,1,0,0,0,0,1,0,0,0,0,16,34.04,32,0,0,4,118,3,29,12,750,18,19,0,0,8,1,0,0,0,,,,4,0,0,0,0,9,3,0,0,0,0,0,10,0.0,0.0,2,13,8,53,15,0,0,0,47,12,11,61.11,0.0,0,0,0,303,225,0,0.07,0,52,,19
827519,Romain Perraud,romain-perraud,2816,Real Betis,6.67,186.7,28,2,4,0,2,1.35,4,728,148,876,83.11,331,410,205,16,11,37.93,36,22,7,1,1,13,18.31,20,5,8,91,52.91,9,33.33,100,50.25,2006,10.0,0,0,0,1,0,0,1,1,10,10,0,1,1,15,22.39,61,1,0,14,302,6,57,19,1494,44,26,0,0,25,5,7,0,0,,,,2,0,0,0,0,29,2,0,0,0,0,0,22,0.0,0.0,16,29,71,99,18,0,0,0,67,31,22,61.11,1003.0,0,0,0,391,556,1,0.55,0,95,,28
1149152,Stanis Idumbo Muzambo,stanis-idumbo-muzambo,2833,Sevilla,6.67,80.0,12,1,1,0,1,0.12,2,60,12,72,83.33,17,43,17,6,9,50.0,9,4,0,0,0,0,0.0,4,2,1,25,52.08,1,100.0,26,53.06,290,25.0,0,0,0,0,0,0,1,0,2,2,0,0,1,2,50.0,2,0,0,11,46,3,3,1,156,7,1,0,0,2,0,1,0,0,,,,0,0,0,0,0,3,4,0,0,0,0,0,3,0.0,0.0,6,18,0,23,0,0,0,0,4,7,5,55.56,290.0,0,0,0,18,54,0,0.62,0,19,,14
914848,Alex Suárez,alex-suarez,6577,UD Las Palmas,6.67,200.0,30,0,0,1,0,0.21,0,1136,185,1321,86.0,833,303,71,3,0,0.0,40,13,12,0,0,0,0.0,6,3,1,60,63.16,26,35.14,86,50.89,2468,0.0,0,0,0,1,0,0,0,0,5,1,0,0,0,62,37.13,102,0,2,1,207,0,119,47,1645,21,27,0,2,7,1,2,0,0,,,,3,0,0,0,0,43,2,0,0,0,0,0,30,0.0,0.0,3,2,1,83,48,0,0,0,167,45,23,57.5,0.0,0,0,0,887,435,0,0.53,41,68,,30
997033,Peque Fernández,peque-fernandez,2833,Sevilla,6.67,173.3,26,1,2,2,1,0.94,2,278,61,339,82.01,93,186,108,12,11,47.83,16,8,1,0,0,1,10.0,19,4,6,52,42.98,9,25.71,61,39.1,1164,5.26,0,0,0,1,0,0,1,0,13,6,1,0,0,11,68.75,4,0,0,26,134,6,8,1,545,26,22,0,0,10,2,9,0,0,,,,0,0,0,0,0,14,3,0,0,0,0,0,14,0.0,0.0,12,23,10,95,26,0,0,0,16,17,5,31.25,1164.0,0,0,0,104,245,0,2.49,0,41,,26
115665,Cédric Bakambu,cedric-bakambu,2816,Real Betis,6.66,166.6,25,2,2,5,2,0.76,4,84,39,123,68.29,23,61,40,9,1,16.67,6,0,4,0,0,0,0.0,24,11,11,14,26.42,12,30.0,26,27.96,710,8.33,0,0,1,0,0,0,2,0,20,4,2,0,0,0,0.0,5,0,0,11,88,8,1,0,245,7,23,2,0,4,12,2,0,0,,,,0,0,0,0,0,6,1,0,0,0,0,0,6,0.0,0.0,9,6,2,67,28,0,0,0,2,7,4,66.67,355.0,0,0,0,25,100,0,3.18,0,25,,25
880157,Marcos André,marcos-andre,2831,Real Valladolid,6.66,146.5,22,1,3,5,2,0.29,3,137,68,205,66.83,62,75,42,10,17,48.57,10,3,5,0,0,0,0.0,22,2,15,54,47.79,48,52.17,102,49.76,1208,4.55,0,0,0,0,0,0,1,0,18,4,0,0,1,12,85.71,10,0,0,23,158,6,12,8,438,28,12,0,0,8,5,5,1,0,,,,0,0,0,0,0,28,4,0,0,0,0,0,14,0.0,0.0,9,35,1,103,44,0,0,0,14,32,6,60.0,1208.0,0,0,0,74,132,0,2.69,0,44,,22
1127057,Valentín Barco,valentin-barco,2833,Sevilla,6.66,46.6,7,0,0,0,0,0.31,0,107,28,135,79.26,44,66,38,6,3,25.0,15,2,0,0,0,3,12.5,7,0,5,23,53.49,0,0.0,23,50.0,294,0.0,0,0,0,0,2,0,0,0,0,7,0,0,0,7,46.67,2,0,0,4,71,1,24,11,254,5,7,0,0,3,0,2,0,0,,,,0,0,0,0,0,4,0,0,0,0,0,0,3,0.0,0.0,6,12,24,23,3,0,0,0,15,4,9,60.0,0.0,0,0,0,49,110,0,0.28,0,16,,7
949722,Antonio Sánchez,antonio-sanchez,2826,Mallorca,6.66,213.0,32,0,0,1,0,0.96,0,360,112,472,76.27,169,198,98,5,14,63.64,28,18,3,0,0,7,21.21,17,2,9,52,46.85,7,29.17,59,43.7,1401,0.0,0,0,0,0,0,0,0,0,9,8,0,0,0,29,40.28,30,0,1,7,187,5,30,13,767,11,24,0,0,22,4,6,0,0,,,,1,0,0,0,0,11,3,0,0,0,0,0,12,0.0,0.0,5,22,33,76,17,0,0,0,72,14,16,57.14,0.0,0,0,0,203,302,0,1.08,0,77,,33
175185,Pere Milla,pere-milla,2814,Espanyol,6.66,119.8,18,3,0,1,0,0.32,3,91,54,145,62.76,36,58,30,5,2,33.33,6,3,3,0,0,3,21.43,11,5,3,20,39.22,11,57.89,31,44.29,459,27.27,0,0,0,0,1,0,3,0,8,3,0,2,1,9,42.86,4,0,0,6,96,1,23,9,261,12,5,0,0,16,2,3,0,0,,,,0,0,0,0,0,6,1,0,0,0,0,0,1,0.0,0.0,5,6,14,39,8,0,0,0,21,7,2,33.33,153.0,0,0,0,49,110,0,1.47,0,25,,20
94539,Darko Brašanac,darko-brasanac,2845,Leganés,6.65,199.6,30,1,0,3,2,0.55,3,375,112,487,77.0,171,206,117,9,2,28.57,26,16,4,0,0,2,18.18,12,3,5,41,42.27,20,32.79,61,38.61,1620,8.33,0,0,1,0,0,0,1,0,11,1,0,0,1,9,26.47,33,0,0,9,154,4,19,8,699,13,38,1,0,8,4,4,0,0,,,,1,0,0,0,0,27,2,0,0,0,0,0,15,0.0,0.0,9,7,11,97,41,0,0,0,34,29,11,42.31,1620.0,0,0,0,199,299,0,1.75,0,61,,30
1160960,Álvaro Djaló,alvaro-djalo,2825,Athletic Club,6.65,113.1,17,1,1,0,0,0.63,1,80,32,112,71.43,27,57,27,4,14,45.16,8,1,2,0,0,4,28.57,15,3,6,35,41.67,11,35.48,46,40.0,657,6.67,0,0,0,0,0,0,1,0,9,6,1,0,0,5,71.43,3,0,0,13,109,5,5,5,270,14,19,0,0,2,5,6,0,0,,,,0,0,0,0,0,5,1,0,0,0,0,0,7,0.0,0.0,4,31,14,69,20,0,0,0,7,6,5,62.5,657.0,0,0,0,31,95,0,0.83,0,28,,17
962378,Valery Fernández,valery-fernandez,2826,Mallorca,6.65,106.4,16,2,0,1,0,0.1,2,85,9,94,90.43,40,46,26,1,1,16.67,8,0,1,0,0,1,33.33,3,3,0,10,43.48,1,20.0,11,39.29,333,66.67,0,0,0,0,0,0,2,0,3,0,0,1,1,1,100.0,1,0,0,3,24,2,3,3,141,1,3,0,0,2,1,0,0,0,,,,0,0,0,0,0,4,1,0,0,0,0,0,1,0.0,0.0,1,6,3,17,4,0,0,0,1,5,7,87.5,166.5,0,0,0,42,55,0,0.84,0,19,,18
1142094,Manu Bueno,bueno-manu,2833,Sevilla,6.65,53.2,8,1,0,0,0,0.06,1,67,6,73,91.78,36,31,18,0,1,50.0,4,0,0,0,0,0,0.0,4,1,3,8,57.14,0,0.0,8,53.33,144,25.0,0,0,0,0,0,0,0,1,0,4,0,1,0,3,75.0,2,0,0,2,12,1,1,1,97,3,2,0,0,1,0,0,0,0,,,,0,0,0,0,0,3,0,0,0,0,0,0,1,0.0,0.0,0,2,1,7,1,0,0,0,4,3,3,75.0,144.0,0,0,0,37,37,0,0.15,0,6,,9
1145100,Yoel Lago,yoel-lago,2821,Celta Vigo,6.65,53.2,8,0,0,0,1,0.05,1,392,32,424,92.45,282,110,30,1,3,75.0,12,4,2,0,0,0,0.0,0,0,0,24,54.55,3,33.33,27,50.94,583,0.0,0,0,0,1,0,0,0,0,0,0,0,0,0,20,50.0,30,0,0,1,39,1,14,7,502,9,16,0,0,2,0,0,0,0,,,,0,0,0,0,0,13,1,0,0,0,0,0,7,0.0,0.0,1,4,0,26,6,0,0,0,40,14,8,66.67,0.0,0,0,0,292,132,0,,0,22,,8
965822,Adrián Rodríguez,adrian-rodriguez,2885,Deportivo Alavés,6.65,13.3,2,0,0,0,0,0.0,0,19,31,50,38.0,2,17,6,0,0,0.0,0,0,1,0,0,0,0.0,0,0,0,2,66.67,1,100.0,3,75.0,121,0.0,0,0,0,0,0,0,0,0,0,0,0,0,0,18,36.73,3,0,1,0,31,0,1,0,62,3,0,0,0,1,0,0,0,4,,,,0,1,0,4,0,2,0,0,0,0,0,0,1,0.0,0.0,0,0,0,1,0,0,0,0,49,2,0,0.0,0.0,0,0,0,4,46,0,,24,15,,2
125625,Sergi Gómez,sergi-gomez,2814,Espanyol,6.65,79.8,12,0,0,0,0,0.02,0,311,38,349,89.11,271,40,5,0,0,0.0,8,7,1,0,0,0,0.0,2,1,0,9,56.25,11,33.33,20,40.82,671,0.0,0,0,0,0,0,0,0,0,2,0,0,0,0,10,32.26,38,0,0,0,40,0,16,5,423,1,6,0,0,1,0,1,0,0,,,,0,0,0,0,0,12,1,0,0,0,0,0,6,0.0,0.0,0,0,1,29,22,0,0,0,31,13,5,62.5,0.0,0,0,0,283,67,0,0.29,2,16,,12
842164,Siebe Van Der Heyden,siebe-van-der-heyden,2826,Mallorca,6.65,13.3,2,0,0,0,0,0.11,0,57,6,63,90.48,33,25,10,1,1,50.0,1,2,0,0,0,1,50.0,1,0,1,2,28.57,2,66.67,4,40.0,101,0.0,0,0,0,0,0,0,0,0,1,0,0,0,0,3,75.0,3,0,0,2,11,1,7,4,87,0,2,0,0,0,0,0,0,0,,,,0,0,0,0,0,2,0,0,0,0,0,0,1,0.0,0.0,1,2,2,6,1,0,0,0,4,2,1,100.0,0.0,0,0,0,34,31,0,0.03,0,5,,2
992397,Aritz Arambarri,aritz-arambarri,2845,Leganés,6.65,13.3,2,0,0,0,0,0.0,0,49,18,67,73.13,44,5,1,0,0,0.0,1,3,0,0,0,0,0.0,1,0,0,1,100.0,6,42.86,7,46.67,178,0.0,0,0,0,0,0,0,0,0,1,0,0,0,0,1,6.67,8,0,0,0,19,0,5,1,86,0,0,0,0,0,0,1,0,0,,,,0,0,0,0,0,2,0,0,0,0,0,0,2,0.0,0.0,0,0,0,8,8,0,0,0,15,2,1,100.0,0.0,0,0,0,50,17,0,0.02,0,4,,2
1525863,Pau Navarro,pau-navarro,2819,Villarreal,6.65,106.4,16,0,0,0,0,0.17,0,465,49,514,90.47,296,169,63,1,3,42.86,23,4,1,0,0,0,0.0,1,0,1,34,48.57,9,39.13,43,46.24,917,0.0,0,0,0,0,0,0,0,0,0,1,0,0,0,23,54.76,34,0,0,4,72,2,38,24,693,8,10,0,0,20,0,0,0,0,,,,0,0,0,0,0,11,5,0,0,0,0,0,8,0.0,0.0,1,7,2,50,14,0,0,0,42,16,17,73.91,0.0,0,0,0,321,195,0,0.01,0,46,,17
1154549,Mario Martín,martin-mario,2831,Real Valladolid,6.64,199.3,30,0,3,2,1,1.24,1,674,112,786,85.75,426,249,111,12,19,55.88,62,21,6,2,3,1,9.09,28,13,7,125,52.08,31,47.69,156,51.15,1761,0.0,0,0,0,1,0,0,0,0,12,16,0,0,0,34,56.67,46,1,6,22,201,3,50,31,1187,44,50,0,0,28,1,8,0,0,,,,1,0,0,0,0,44,4,0,0,0,0,0,20,0.0,0.0,12,34,11,149,34,0,0,0,60,48,32,51.61,0.0,1,0,0,470,327,0,1.76,0,83,,30
557008,Franco Cervi,franco-cervi,2821,Celta Vigo,6.64,46.5,7,0,1,0,0,0.25,0,72,36,108,66.67,24,50,25,5,1,50.0,8,8,1,0,0,2,33.33,0,0,0,10,47.62,4,40.0,14,45.16,278,0.0,0,0,0,0,0,0,0,0,0,0,0,0,0,3,17.65,6,0,0,2,47,1,12,4,169,1,4,0,0,5,0,0,0,0,,,,0,0,0,0,0,6,0,0,0,0,0,0,4,0.0,0.0,5,2,6,17,6,0,0,0,17,6,3,37.5,0.0,0,0,0,31,83,0,,0,12,,7
894863,Anastasios Douvikas,anastasios-douvikas,2821,Celta Vigo,6.64,126.2,19,3,0,7,1,0.22,4,75,30,105,71.43,42,34,20,3,4,36.36,9,3,2,0,0,1,100.0,17,9,6,39,50.65,15,39.47,54,46.96,692,17.65,0,0,0,0,0,0,3,0,15,2,1,0,2,1,100.0,6,0,0,19,80,2,4,3,242,27,10,1,0,3,9,2,0,0,,,,0,0,0,0,0,12,1,0,0,0,0,0,6,0.0,0.0,3,11,1,61,23,0,0,0,1,13,4,44.44,230.67,0,0,0,43,63,0,4.4,0,15,,20
996929,Jesús Vázquez,jesus-vazquez,2828,Valencia,6.64,112.9,17,0,2,0,0,0.59,0,245,73,318,77.04,104,144,73,3,14,45.16,23,10,3,0,0,3,13.04,5,1,2,48,48.48,12,48.0,60,48.39,927,0.0,0,0,0,0,0,0,0,0,3,2,0,0,0,7,30.43,26,0,0,8,143,1,15,5,627,11,17,0,0,9,1,2,0,0,,,,2,0,0,0,0,13,3,0,0,0,0,0,10,0.0,0.0,3,31,23,64,13,0,0,0,23,16,18,78.26,0.0,0,0,0,133,208,0,0.16,1,42,,19
785468,Aritz Elustondo,aritz-elustondo,2824,Real Sociedad,6.64,146.1,22,0,0,1,0,0.37,0,752,119,871,86.34,478,274,72,4,3,42.86,20,11,2,1,1,0,0.0,4,0,3,41,49.4,29,52.73,70,50.72,1463,0.0,0,0,0,0,0,0,0,0,4,0,0,0,0,49,49.0,93,0,0,6,156,0,60,22,1124,18,25,0,0,8,1,1,0,0,,,,1,0,0,0,0,21,2,0,0,0,0,0,16,0.0,0.0,4,7,4,68,26,0,0,0,100,23,11,55.0,0.0,0,0,0,503,372,1,0.43,2,53,,22
1393242,Tamás Nikitscher,nikitscher-tamas,2831,Real Valladolid,6.64,86.3,13,0,0,0,0,0.09,0,284,26,310,91.61,190,94,32,2,5,83.33,17,11,2,0,0,0,0.0,2,1,1,31,48.44,15,62.5,46,52.27,855,0.0,0,0,0,0,0,0,0,0,1,1,0,0,0,13,76.47,16,0,1,9,43,0,6,3,424,9,18,0,0,5,0,0,0,0,,,,0,0,0,0,0,23,2,0,0,0,0,0,9,0.0,0.0,2,6,1,42,9,0,0,0,17,25,8,47.06,0.0,0,0,0,202,109,0,0.07,0,34,,13
826013,Abel Ruíz,abel-ruiz,24264,Girona FC,6.64,146.0,22,4,0,6,0,0.73,4,237,28,265,89.43,94,143,80,8,7,41.18,6,5,3,0,0,0,0.0,23,9,7,26,40.63,9,32.14,35,38.04,1357,17.39,2,1,0,0,0,0,4,0,21,2,1,0,3,8,66.67,7,0,0,18,95,4,10,7,428,13,7,1,0,3,5,7,0,0,,,,1,0,0,0,0,17,4,0,0,0,0,0,17,50.0,0.0,8,17,4,57,19,0,0,1,12,21,2,33.33,339.25,0,0,0,98,171,0,4.79,0,21,,23
96368,Juan Bernat,juan-bernat,2859,Getafe,6.63,152.6,23,0,1,1,2,0.86,2,210,64,274,76.64,86,130,65,11,15,48.39,28,3,0,0,0,6,27.27,6,1,1,51,51.52,16,50.0,67,51.15,945,0.0,0,0,0,0,0,0,0,0,2,4,0,0,0,1,16.67,15,0,0,17,139,3,9,3,491,8,11,0,0,6,2,4,0,0,,,,0,0,0,0,0,13,2,0,0,0,0,0,10,0.0,0.0,11,31,22,64,16,0,0,0,6,15,20,71.43,0.0,0,0,0,103,193,0,0.46,0,39,,24
1174937,Endrick,endrick,2829,Real Madrid,6.63,119.4,18,1,1,5,0,0.18,1,57,14,71,80.28,13,44,22,4,4,40.0,1,4,1,0,0,0,0.0,24,7,12,14,40.0,6,60.0,20,44.44,404,4.17,0,0,1,0,0,0,1,0,17,7,0,0,1,3,100.0,1,0,0,3,38,1,2,2,144,9,10,1,0,2,2,5,0,0,,,,0,0,0,0,0,4,1,0,0,0,0,0,3,0.0,0.0,4,10,2,25,4,0,0,0,3,5,1,100.0,404.0,0,0,0,15,58,0,2.45,0,7,,22
885259,Enric Franquesa,enric-franquesa,2845,Leganés,6.63,79.6,12,1,0,0,0,0.13,1,119,44,163,73.01,66,55,20,2,9,56.25,17,5,1,0,0,2,12.5,3,1,2,32,60.38,5,50.0,37,58.73,630,33.33,0,0,0,0,0,0,1,0,2,1,0,1,0,7,38.89,10,0,0,2,100,2,7,1,329,6,8,0,0,4,0,0,0,0,,,,1,0,0,0,0,10,0,0,0,0,0,0,7,0.0,0.0,2,16,16,26,5,0,0,0,18,10,9,52.94,630.0,0,0,0,78,101,0,0.3,0,29,,12
355072,Asier Villalibre,asier-villalibre,2885,Deportivo Alavés,6.63,86.2,13,1,1,3,1,0.34,2,44,23,67,65.67,17,27,15,1,2,18.18,2,1,2,0,0,0,0.0,9,2,5,11,29.73,22,64.71,33,46.48,340,11.11,1,1,0,0,0,0,1,0,9,0,0,1,0,3,100.0,7,0,0,5,48,1,3,3,130,7,11,0,0,1,2,2,0,0,,,,0,0,0,0,0,10,0,0,0,0,0,0,2,100.0,0.0,1,11,2,38,12,0,0,0,3,10,2,100.0,340.0,0,0,0,20,49,0,1.58,0,7,,16
822607,Tomás Conechny,tomas-conechny,2885,Deportivo Alavés,6.63,132.6,20,1,0,4,0,0.78,1,190,93,283,67.14,57,147,59,7,6,46.15,15,6,8,0,0,14,45.16,22,10,7,32,35.56,23,51.11,55,40.74,851,4.55,0,0,0,0,2,0,1,0,13,9,1,0,0,3,23.08,10,0,0,9,167,5,19,7,486,11,28,0,0,18,5,5,0,0,,,,0,0,0,0,0,13,3,0,0,0,0,0,9,0.0,0.0,7,13,31,80,22,0,0,0,13,16,12,80.0,851.0,0,0,0,75,239,0,2.39,0,45,,22
1914318,Marc Domenech,marc-domenech,2826,Mallorca,6.63,66.3,10,0,0,1,0,0.27,0,32,13,45,71.11,11,23,10,5,1,50.0,4,0,0,0,0,2,50.0,8,2,3,6,35.29,8,50.0,14,42.42,305,0.0,0,0,0,0,0,0,0,0,6,2,0,0,0,1,50.0,2,0,0,3,30,1,4,2,88,1,5,0,0,3,0,3,0,0,,,,0,0,0,0,0,2,0,0,0,0,0,0,3,0.0,0.0,5,2,4,19,8,0,0,0,2,2,4,100.0,0.0,0,0,0,12,37,0,0.68,0,8,,10
1116987,Alejo Véliz,alejo-veliz,2814,Espanyol,6.63,165.7,25,1,1,5,0,0.1,1,120,65,185,64.86,61,59,30,3,1,25.0,1,4,3,0,0,0,0.0,19,6,13,34,48.57,52,47.27,86,47.78,1131,5.26,0,0,1,0,0,0,1,0,19,0,0,0,1,5,62.5,21,0,1,12,114,3,2,2,362,33,20,0,0,6,5,0,0,0,,,,0,0,0,0,0,20,2,0,0,0,0,0,10,0.0,0.0,3,4,0,94,58,0,0,0,8,22,1,100.0,1131.0,0,0,0,71,114,0,2.3,0,20,,27
1119586,Iker Muñoz,iker-munoz,2820,Osasuna,6.63,145.8,22,0,1,1,1,0.71,1,236,59,295,80.0,111,127,66,6,2,50.0,5,4,2,0,0,2,28.57,11,0,7,20,45.45,11,47.83,31,46.27,618,0.0,0,0,0,0,0,0,0,0,4,7,0,0,0,17,54.84,11,0,1,4,76,3,24,11,385,14,12,0,0,6,0,4,0,0,,,,0,0,0,0,0,10,2,0,0,0,0,0,4,0.0,0.0,6,4,7,36,12,0,0,0,31,12,2,40.0,0.0,0,0,0,127,175,0,0.43,0,28,,23
814360,Juan Cruz,cruz-juan,2820,Osasuna,6.63,159.0,24,0,0,0,0,0.21,0,426,91,517,82.4,214,214,103,2,1,33.33,26,9,4,0,0,2,18.18,4,0,4,29,49.15,9,47.37,38,48.72,1514,0.0,0,0,0,1,0,0,0,0,2,2,0,0,0,20,40.0,62,0,0,3,165,1,42,19,838,2,16,0,0,9,2,0,0,0,,,,2,0,0,0,0,17,3,0,0,0,0,0,19,0.0,0.0,2,3,11,40,10,0,0,0,50,20,14,53.85,0.0,0,0,0,246,282,0,0.13,0,46,,25
960401,Marvin Park,marvin-park,6577,UD Las Palmas,6.62,152.3,23,0,2,0,0,1.17,0,302,81,383,78.85,153,160,80,6,2,12.5,25,15,4,0,0,11,21.15,5,0,3,44,44.0,10,37.04,54,42.52,1029,0.0,0,0,0,1,0,0,0,0,4,1,0,0,0,22,61.11,24,0,0,8,182,6,14,3,697,17,20,0,0,15,0,2,0,0,,,,0,0,0,0,0,16,2,0,0,0,0,0,9,0.0,0.0,6,16,52,73,17,0,0,0,36,18,13,52.0,0.0,0,0,0,173,262,0,0.25,0,53,,23
96369,Juanmi,juanmi,2859,Getafe,6.62,158.9,24,0,1,8,0,0.29,0,158,43,201,78.61,60,98,44,8,8,47.06,21,3,4,0,0,0,0.0,19,8,10,46,45.1,12,57.14,58,47.15,961,0.0,0,0,0,0,0,0,0,0,16,3,0,0,0,6,85.71,5,0,0,12,99,5,11,7,372,17,25,0,0,15,7,1,0,0,,,,1,0,0,0,0,11,0,0,0,0,0,0,10,0.0,0.0,8,17,1,65,9,0,0,0,7,11,15,71.43,0.0,0,0,0,73,129,0,3.62,0,37,,24
1110904,Justin Smith,justin-smith,2814,Espanyol,6.62,33.1,5,0,0,0,0,0.04,0,40,19,59,67.8,22,18,9,1,1,33.33,9,4,0,0,0,0,0.0,0,0,0,12,57.14,3,75.0,15,60.0,217,0.0,0,0,0,0,0,0,0,0,0,0,0,0,0,0,0.0,1,0,0,1,28,0,4,3,101,2,5,0,0,2,0,0,0,0,,,,0,0,0,0,0,2,0,0,0,0,0,0,3,0.0,0.0,1,3,1,10,1,0,0,0,5,2,3,33.33,0.0,0,0,0,25,35,0,,0,8,,5
992331,Iker Losada,iker-losada,2821,Celta Vigo,6.62,139.0,21,1,2,3,0,0.8,1,200,60,260,76.92,67,136,83,11,4,36.36,13,4,2,0,0,3,33.33,8,3,3,19,40.43,5,31.25,24,38.1,718,12.5,0,0,0,0,0,0,1,0,6,2,0,0,1,3,25.0,9,0,0,8,99,5,10,5,361,2,4,0,0,9,0,2,0,0,,,,0,0,0,0,0,14,1,0,0,0,0,0,7,0.0,0.0,11,11,9,39,11,0,0,0,12,15,10,76.92,718.0,0,0,0,78,191,0,1.53,0,27,,22
990659,Jesús Owono,jesus-owono,2885,Deportivo Alavés,6.62,39.7,6,0,0,0,0,0.01,0,87,63,150,58.0,48,39,11,0,1,100.0,1,0,0,0,0,0,0.0,0,0,0,3,75.0,1,100.0,4,80.0,486,0.0,0,0,0,1,0,0,0,0,0,0,0,0,0,49,43.75,3,0,0,0,64,0,10,6,184,2,1,0,0,0,0,0,0,7,,,,0,1,0,4,3,4,3,1,1,1,4,0,5,0.0,0.0,0,1,0,1,0,0,0,0,112,7,1,100.0,0.0,0,0,3,53,97,0,,36,29,,6
845168,Amath Ndiaye,amath-ndiaye,2831,Real Valladolid,6.62,86.0,13,0,1,0,1,0.53,1,80,20,100,80.0,28,54,33,6,7,43.75,2,2,0,0,0,2,28.57,5,1,4,16,41.03,1,14.29,17,36.96,392,0.0,0,0,0,0,0,0,0,0,5,0,0,0,0,5,62.5,3,0,0,4,49,2,8,5,181,7,4,1,0,7,2,0,0,0,,,,0,0,0,0,0,6,0,0,0,0,0,0,5,0.0,0.0,6,16,7,29,6,0,0,0,8,6,0,0.0,0.0,0,0,0,33,74,0,0.36,0,13,,13
1121475,Diego García,diego-garcia,2845,Leganés,6.61,178.6,27,3,0,7,0,0.23,3,119,64,183,65.03,39,81,44,6,4,40.0,1,2,2,0,0,1,20.0,29,9,13,28,39.44,43,33.59,71,35.68,1218,10.34,0,0,1,0,0,0,3,0,25,4,0,1,2,4,57.14,10,0,0,12,136,7,10,4,362,23,22,1,0,6,7,7,0,0,,,,0,0,0,0,0,19,4,0,0,0,0,0,13,0.0,0.0,6,10,5,128,85,0,0,0,7,23,1,100.0,406.0,0,0,0,44,144,0,3.97,0,25,,28
146852,Abdón Prats,abdon-prats,2826,Mallorca,6.61,145.5,22,2,0,4,0,0.12,2,59,29,88,67.05,20,39,16,3,1,33.33,2,1,4,0,0,0,0.0,14,6,6,22,51.16,18,35.29,40,42.55,465,14.29,1,1,1,0,0,0,2,0,13,1,1,1,0,3,75.0,6,0,0,12,59,3,5,3,176,19,6,0,0,1,2,2,0,0,,,,0,0,0,0,0,3,3,0,0,0,0,0,3,100.0,0.0,3,3,0,54,33,0,0,0,4,6,1,50.0,232.5,0,0,0,26,62,0,2.27,0,13,,24
149731,Sébastien Haller,sebastien-haller,2845,Leganés,6.61,52.9,8,0,0,0,0,0.19,0,54,36,90,60.0,25,29,16,1,1,33.33,2,0,0,0,0,0,0.0,4,1,2,8,38.1,26,60.47,34,53.13,405,0.0,0,0,0,0,0,0,0,0,4,0,0,0,0,1,100.0,7,0,0,6,62,2,2,1,141,5,4,0,0,1,7,1,0,0,,,,0,0,0,0,0,9,0,0,0,0,0,0,5,0.0,0.0,1,3,0,30,17,0,0,0,1,9,0,0.0,0.0,0,0,0,30,60,0,0.39,0,10,,8
1136721,Willy Kambwala,kambwala-willy,2819,Villarreal,6.61,125.6,19,0,0,0,0,0.09,0,510,67,577,88.39,413,97,15,1,5,100.0,17,10,1,1,1,0,0.0,4,1,2,22,64.71,16,47.06,38,55.88,1114,0.0,0,0,0,0,0,0,0,0,4,0,0,0,0,37,45.68,53,1,0,5,87,0,39,23,726,0,5,0,0,2,0,1,0,0,,,,1,0,0,0,0,13,2,0,0,0,0,0,12,0.0,0.0,1,5,0,30,18,0,0,0,81,15,12,70.59,0.0,0,0,0,438,139,0,0.32,15,30,,19
916136,Álvaro Aguado,alvaro-aguado,2814,Espanyol,6.61,92.5,14,0,2,1,1,0.41,1,186,46,232,80.17,76,114,65,4,5,71.43,5,4,3,0,0,4,33.33,10,1,4,18,52.94,3,75.0,21,55.26,463,0.0,0,0,0,0,1,0,0,0,2,8,0,0,0,17,58.62,5,1,0,4,70,3,26,15,319,8,5,0,0,6,0,5,0,0,,,,0,0,0,0,0,6,1,0,0,0,0,0,4,0.0,0.0,4,7,12,17,1,0,0,0,29,7,2,40.0,0.0,0,0,0,93,151,0,0.58,0,37,,16
1137584,Chuki,chuky,2831,Real Valladolid,6.61,112.3,17,2,3,2,0,1.48,2,103,35,138,74.64,55,57,27,8,4,44.44,8,0,1,0,0,9,37.5,16,7,7,22,52.38,2,16.67,24,44.44,731,12.5,0,0,0,0,0,0,2,0,9,7,0,1,1,6,50.0,4,0,0,5,76,4,4,2,250,10,3,1,0,7,4,2,0,0,,,,0,0,0,0,0,28,2,0,0,0,0,0,9,0.0,0.0,8,9,24,30,10,0,0,0,12,30,2,25.0,365.5,0,0,0,69,93,0,2.06,0,20,,18
966637,Fran Pérez,fran-perez,2828,Valencia,6.6,165.1,25,0,4,0,0,1.55,0,160,36,196,81.63,48,115,63,7,8,36.36,17,3,1,0,0,3,11.11,6,1,4,37,48.05,5,41.67,42,47.19,604,0.0,0,0,0,0,0,0,0,0,4,2,0,0,0,8,66.67,2,0,0,14,108,1,7,5,356,12,6,0,0,6,0,1,0,0,,,,0,0,0,0,0,9,0,0,0,0,0,0,4,0.0,0.0,7,22,27,47,7,0,0,0,12,9,12,70.59,0.0,0,0,0,58,165,0,0.31,0,27,,26
825754,Rafa Mir,rafa-mir,2828,Valencia,6.6,132.0,20,1,2,4,2,0.49,3,141,51,192,73.44,59,85,43,4,2,15.38,12,5,3,0,0,3,42.86,27,8,13,21,36.84,12,35.29,33,36.26,743,3.7,0,0,0,0,0,0,1,0,17,10,0,0,1,4,36.36,9,0,0,8,87,2,9,4,315,7,13,1,0,6,5,6,0,0,,,,0,0,0,0,0,7,2,0,0,0,0,0,5,0.0,0.0,4,13,7,58,22,0,0,0,11,9,6,50.0,743.0,0,0,0,74,125,0,2.98,0,18,,20
1402716,Gonzalo García,gonzalo-garcia,2829,Real Madrid,6.6,19.8,3,0,1,1,1,0.6,1,19,1,20,95.0,4,15,11,1,0,0.0,0,0,0,0,0,0,0.0,1,0,1,0,0.0,1,100.0,1,25.0,53,0.0,0,0,0,0,0,0,0,0,1,0,0,0,0,1,100.0,0,0,0,3,4,1,0,0,26,0,0,0,0,0,0,0,0,0,,,,0,0,0,0,0,0,0,0,0,0,0,0,0,0.0,0.0,1,0,0,3,0,0,0,0,1,0,0,0.0,0.0,0,0,0,4,16,0,0.49,0,1,,3
1086415,Mario Maroto,mario-maroto,2831,Real Valladolid,6.6,13.2,2,0,0,0,1,0.03,1,31,8,39,79.49,15,16,6,1,1,100.0,0,2,0,0,0,0,0.0,1,0,0,1,20.0,1,50.0,2,28.57,63,0.0,0,0,0,0,0,0,0,0,0,1,0,0,0,0,0.0,2,0,0,0,11,0,1,1,50,0,2,0,0,2,0,1,0,0,,,,0,0,0,0,0,1,0,0,0,0,0,0,0,0.0,0.0,1,1,2,5,1,0,0,0,2,1,0,0.0,0.0,0,0,0,20,21,0,0.02,0,2,,2
997025,Arnau Solà,arnau-sola,2819,Villarreal,6.6,6.6,1,0,0,0,0,0.0,0,1,1,2,50.0,0,1,1,0,0,0.0,0,0,0,0,0,0,0.0,0,0,0,0,0.0,0,0.0,0,0.0,12,0.0,0,0,0,0,0,0,0,0,0,0,0,0,0,0,0.0,0,0,0,0,1,0,0,0,3,0,1,0,0,2,0,0,0,0,,,,0,0,0,0,0,0,0,0,0,0,0,0,0,0.0,0.0,0,0,0,3,0,0,0,0,0,0,0,0.0,0.0,0,0,0,1,1,0,,0,0,,1
1493486,Iago Parente,iago-parente,2831,Real Valladolid,6.6,6.6,1,0,0,0,0,0.0,0,27,9,36,75.0,15,12,3,1,0,0.0,0,0,0,0,0,0,0.0,0,0,0,1,100.0,0,0.0,1,100.0,72,0.0,0,0,0,0,0,0,0,0,0,0,0,0,0,0,0.0,2,0,0,0,10,0,7,1,41,1,0,0,0,0,0,0,0,0,,,,0,0,0,0,0,0,0,0,0,0,0,0,1,0.0,0.0,1,0,1,0,0,0,0,0,5,0,0,0.0,0.0,0,0,0,19,18,0,,0,1,,1
1487790,Isra Dominguez,dominguez-isra,2833,Sevilla,6.6,6.6,1,0,0,0,0,0.0,0,1,0,1,100.0,1,0,0,0,0,0.0,0,0,0,0,0,0,0.0,0,0,0,1,100.0,0,0.0,1,50.0,17,0.0,0,0,0,0,0,0,0,0,0,0,0,0,0,0,0.0,0,0,0,0,0,0,0,0,3,1,0,0,0,0,1,0,0,0,,,,0,0,0,0,0,0,0,0,0,0,0,0,0,0.0,0.0,0,0,0,1,1,0,0,0,0,0,0,0.0,0.0,0,0,0,1,0,0,,0,0,,1
1014085,David Arguelles,david-arguelles,2859,Getafe,6.6,6.6,1,0,0,0,0,0.0,0,3,2,5,60.0,0,3,2,0,0,0.0,0,0,0,0,0,0,0.0,0,0,0,0,0.0,0,0.0,0,0.0,15,0.0,0,0,0,0,0,0,0,0,0,0,0,0,0,0,0.0,0,0,0,0,2,0,0,0,7,0,0,0,0,0,0,0,0,0,,,,0,0,0,0,0,0,0,0,0,0,0,0,0,0.0,0.0,0,0,0,0,0,0,0,0,1,0,0,0.0,0.0,0,0,0,0,5,0,,0,0,,1
1563953,Iker Cordoba,iker-cordoba,2828,Valencia,6.6,13.2,2,0,0,0,0,0.03,0,8,2,10,80.0,5,4,1,1,0,0.0,0,0,0,0,0,1,100.0,0,0,0,0,0.0,1,100.0,1,100.0,19,0.0,0,0,0,0,0,0,0,0,0,0,0,0,0,0,0.0,1,0,0,0,2,0,1,0,12,0,0,0,0,0,0,0,0,0,,,,0,0,0,0,0,0,0,0,0,0,0,0,0,0.0,0.0,1,0,1,0,0,0,0,0,0,0,0,0.0,0.0,0,0,0,7,4,0,,0,1,,2
1032022,Luka Romero,luka-romero,2885,Deportivo Alavés,6.6,39.6,6,0,0,1,0,0.43,0,31,8,39,79.49,9,25,8,4,1,50.0,4,1,0,0,0,3,30.0,2,0,1,8,42.11,2,33.33,10,40.0,197,0.0,1,0,1,0,0,0,0,0,1,1,0,0,0,0,0.0,0,0,0,7,28,2,0,0,78,3,3,0,0,1,1,1,0,0,,,,0,0,0,0,0,5,0,0,0,0,0,0,2,0.0,0.0,4,2,10,15,4,1,0,0,0,5,4,100.0,0.0,0,0,0,10,39,0,0.81,0,9,,6
191182,Thomas Lemar,thomas-lemar,2836,Atlético Madrid,6.6,33.0,5,0,1,1,0,0.18,0,55,9,64,85.94,19,37,22,2,0,0.0,2,0,0,0,0,1,33.33,2,1,1,4,40.0,0,0.0,4,36.36,87,0.0,0,0,0,0,1,0,0,0,1,1,0,0,0,2,40.0,0,0,0,1,15,0,10,5,82,2,1,0,0,2,0,0,0,0,,,,0,0,0,0,0,2,0,0,0,0,0,0,0,0.0,0.0,2,2,3,7,1,0,0,0,5,2,1,50.0,0.0,0,0,0,20,47,0,0.29,0,3,,5
1398511,Adama Boiro,adama-boiro,2825,Athletic Club,6.6,118.8,18,0,0,0,0,0.57,0,312,60,372,83.87,130,186,87,5,8,33.33,20,12,3,0,0,4,12.9,5,0,3,35,41.67,17,65.38,52,47.27,1104,0.0,0,0,0,0,0,0,0,0,5,0,0,0,0,5,22.73,23,1,0,15,156,3,12,5,666,8,13,0,0,5,1,2,0,0,,,,0,0,0,0,0,6,2,0,0,0,0,0,13,0.0,0.0,5,24,31,58,9,0,0,0,22,8,11,55.0,0.0,0,0,0,147,256,0,0.25,0,45,,18
962710,Germán Valera,german-valera,2828,Valencia,6.6,46.2,7,0,0,0,0,0.03,0,33,7,40,82.5,13,20,13,1,3,50.0,1,4,0,0,0,0,0.0,3,2,0,8,53.33,1,33.33,9,50.0,142,0.0,0,0,0,0,0,0,0,0,1,2,0,0,0,0,0.0,2,0,1,1,23,0,2,2,82,4,2,0,0,1,0,1,0,0,,,,0,0,0,0,0,4,0,0,0,0,0,0,1,0.0,0.0,1,6,6,9,2,0,0,0,2,4,1,100.0,0.0,0,0,0,15,31,0,0.13,0,4,,8
894477,Fabio González,fabio-gonzalez,6577,UD Las Palmas,6.6,13.2,2,0,0,0,0,0.02,0,43,9,52,82.69,17,26,11,0,0,0.0,0,0,0,0,0,0,0.0,2,0,2,0,0.0,1,100.0,1,33.33,61,0.0,0,0,0,0,0,0,0,0,1,1,0,0,0,3,75.0,0,0,0,0,11,0,2,1,57,0,1,0,0,1,0,0,0,0,,,,0,0,0,0,0,1,0,0,0,0,0,0,0,0.0,0.0,0,0,1,2,0,0,0,0,4,1,0,0.0,0.0,0,0,0,22,31,0,0.07,0,3,,2
1162309,Javi Llabrés,javi-llabres,2826,Mallorca,6.6,6.6,1,0,0,0,0,0.13,0,19,1,20,95.0,8,12,6,1,0,0.0,0,0,0,0,0,1,25.0,1,0,0,1,33.33,1,100.0,2,50.0,58,0.0,0,0,0,0,0,0,0,0,0,1,0,0,0,1,100.0,0,0,0,2,7,0,2,1,32,1,0,0,0,0,1,1,0,0,,,,0,0,0,0,0,1,0,0,0,0,0,0,1,0.0,0.0,1,0,4,2,0,0,0,0,1,1,0,0.0,0.0,0,0,0,9,15,0,0.05,0,3,,1
822933,Gonzalo Montiel,gonzalo-montiel,2833,Sevilla,6.6,33.0,5,0,0,0,0,0.05,0,59,5,64,92.19,38,22,13,0,0,0.0,4,2,1,0,0,1,33.33,1,0,0,5,55.56,1,100.0,6,60.0,124,0.0,0,0,0,0,0,0,0,0,1,0,0,0,0,4,80.0,10,0,0,0,12,0,8,5,101,1,3,0,0,1,0,1,0,0,,,,0,0,0,0,0,2,1,0,0,0,0,0,1,0.0,0.0,0,0,3,4,0,0,0,0,5,3,2,50.0,0.0,0,0,0,39,28,0,0.03,0,4,,6
1116580,Thiago Ojeda,thiago-ojeda,2819,Villarreal,6.6,6.6,1,0,0,0,0,0.01,0,7,0,7,100.0,2,5,3,0,0,0.0,0,0,1,0,0,0,0.0,1,0,1,0,0.0,0,0.0,0,0.0,13,0.0,0,0,0,0,0,0,0,0,0,1,0,0,0,0,0.0,1,0,0,0,2,0,0,0,11,0,1,0,0,0,0,0,0,0,,,,0,0,0,0,0,0,0,0,0,0,0,0,0,0.0,0.0,0,0,1,1,0,0,0,0,0,0,0,0.0,0.0,0,0,0,2,6,0,0.01,0,0,,1
921417,Stanko Jurić,juric-stanko,2831,Real Valladolid,6.6,171.5,26,0,1,0,0,0.26,0,635,116,751,84.55,444,191,65,4,6,60.0,47,24,5,0,1,0,0.0,8,2,4,61,42.36,50,67.57,111,50.92,1746,0.0,0,0,0,0,0,0,0,0,6,2,0,0,0,19,38.78,51,0,0,13,157,1,46,25,1024,9,38,0,0,29,0,2,0,0,,,,4,0,0,0,0,43,3,0,0,0,0,0,19,0.0,0.0,4,10,0,107,24,0,0,0,49,46,23,48.94,0.0,1,0,0,491,260,0,0.81,0,91,,26
1391375,Unai Gómez,unai-gomez,2825,Athletic Club,6.59,210.9,32,1,1,3,3,0.86,4,216,64,280,77.14,82,140,85,10,12,50.0,12,2,1,0,0,6,26.09,19,4,9,42,47.19,29,48.33,71,47.65,1277,5.26,0,0,0,0,1,0,1,0,13,6,0,1,0,8,50.0,14,1,0,21,141,5,5,3,483,18,12,0,0,3,0,6,0,0,,,,0,0,0,0,0,10,2,0,0,0,0,0,14,0.0,0.0,10,24,23,78,31,0,0,0,16,12,8,66.67,1277.0,0,0,0,101,202,0,1.85,0,42,,32
852412,Álvaro Fernández,alvaro-fernandez,2833,Sevilla,6.59,59.3,9,0,0,0,0,0.01,0,180,111,291,61.86,150,30,9,1,0,0.0,0,0,2,0,0,0,0.0,0,0,0,2,66.67,2,100.0,4,80.0,746,0.0,0,0,0,0,0,0,0,0,0,0,0,0,0,52,32.1,9,0,0,0,112,0,18,12,365,2,0,0,0,1,0,0,0,20,,,,2,2,0,14,6,10,6,2,8,6,4,0,8,0.0,0.0,1,0,0,1,0,0,0,0,162,16,0,0.0,0.0,0,0,5,166,125,0,,46,70,,9
985262,Moussa Diarra,moussa-diarra,2885,Deportivo Alavés,6.59,164.7,25,0,0,0,0,0.37,0,604,114,718,84.12,350,259,89,3,7,58.33,40,21,6,0,0,5,21.74,1,0,0,69,53.49,33,53.23,102,53.4,1879,0.0,0,0,1,1,0,0,0,0,0,1,0,0,0,37,41.57,41,1,0,15,203,2,56,30,1072,24,28,0,0,12,1,1,0,0,,,,1,0,0,0,0,26,5,0,0,0,0,0,20,0.0,0.0,3,12,23,89,29,0,0,0,89,31,24,60.0,0.0,0,0,0,375,366,0,0.03,1,76,,26
1026015,Orri Óskarsson,orri-steinn-oskarsson,2824,Real Sociedad,6.59,151.5,23,3,0,9,0,0.45,3,103,82,185,55.68,33,71,40,5,2,28.57,6,2,1,0,0,1,14.29,19,7,10,14,33.33,31,36.05,45,35.16,948,15.79,0,0,0,0,0,0,3,0,16,3,0,1,2,1,25.0,11,0,0,11,127,4,7,2,305,6,7,1,0,6,10,2,0,0,,,,0,0,0,0,0,15,0,0,0,0,0,0,9,0.0,0.0,5,7,7,83,55,0,0,0,4,15,6,100.0,316.0,0,0,0,50,142,0,5.1,0,15,,23
790833,Sergi Canós,sergi-canos,2828,Valencia,6.58,111.9,17,0,0,0,1,0.19,1,86,50,136,63.24,17,72,34,4,1,7.69,11,5,3,0,0,3,16.67,11,3,6,18,34.62,4,30.77,22,33.85,380,0.0,0,0,0,0,0,0,0,0,5,6,0,0,0,5,33.33,4,0,0,5,96,5,16,9,246,6,12,0,0,6,1,2,0,0,,,,0,0,0,0,0,8,1,0,0,0,0,0,2,0.0,0.0,4,13,18,43,9,0,0,0,15,9,7,63.64,0.0,0,0,0,26,128,0,0.53,0,20,,17
958018,Roberto López,roberto-lopez,2845,Leganés,6.58,72.4,11,0,1,1,1,0.48,1,146,33,179,81.56,54,97,51,10,2,50.0,8,1,0,0,0,5,20.83,6,1,4,12,41.38,2,25.0,14,37.84,407,0.0,0,0,0,0,0,0,0,0,2,4,0,0,0,9,60.0,6,1,1,5,69,3,13,8,258,3,1,0,0,10,0,1,0,0,,,,1,0,0,0,0,8,0,0,0,0,0,0,3,0.0,0.0,10,4,24,23,6,0,0,0,15,8,6,75.0,0.0,0,0,0,66,137,0,0.49,0,28,,13
1905699,Jan Salas,jan-salas,2826,Mallorca,6.58,26.3,4,0,0,0,0,0.09,0,20,5,25,80.0,10,10,8,0,0,0.0,3,0,0,0,0,0,0.0,2,0,0,6,100.0,1,100.0,7,100.0,44,0.0,0,0,0,0,0,0,0,0,0,2,0,0,0,0,0.0,0,0,0,0,7,0,0,0,35,3,0,0,0,0,0,2,0,0,,,,0,0,0,0,0,1,1,0,0,0,0,0,0,0.0,0.0,0,0,1,0,0,0,0,0,0,2,1,33.33,0.0,0,0,0,13,13,0,0.04,0,2,,4
851226,Juan Berrocal,juan-berrocal,2859,Getafe,6.57,124.9,19,0,0,2,0,0.1,0,287,90,377,76.13,196,91,31,1,0,0.0,14,15,6,0,1,0,0.0,4,0,3,15,42.86,30,62.5,45,54.22,1076,0.0,0,0,0,1,0,0,0,0,4,0,0,0,0,26,33.77,58,0,0,0,93,0,31,12,503,1,17,0,0,4,0,1,0,0,,,,2,0,0,0,0,10,2,0,0,0,0,0,11,0.0,0.0,1,0,0,38,18,0,0,0,77,12,7,50.0,0.0,1,0,0,215,162,0,0.38,2,35,,19
888930,Dani Gómez,dani-gomez,2828,Valencia,6.57,85.4,13,2,0,4,0,0.07,2,60,21,81,74.07,18,42,22,1,3,30.0,3,2,0,0,0,0,0.0,14,6,7,14,43.75,7,22.58,21,33.33,541,14.29,0,0,0,0,0,0,1,1,12,2,0,0,2,0,0.0,4,0,0,8,48,4,2,2,158,8,7,0,0,0,10,1,0,0,,,,0,0,0,0,0,9,0,0,0,0,0,0,5,0.0,0.0,1,10,0,42,24,0,0,0,0,9,2,66.67,270.5,0,0,0,20,61,0,2.65,0,14,,14
21949,Óscar Trejo,oscar-trejo,2818,Rayo Vallecano,6.57,124.8,19,1,1,0,0,0.32,1,256,39,295,86.78,82,175,102,9,8,38.1,8,4,1,0,0,1,14.29,5,2,3,28,31.46,5,41.67,33,32.67,525,20.0,0,0,0,0,0,0,1,0,4,1,0,0,1,5,45.45,4,0,0,26,115,4,16,10,457,12,17,0,0,6,1,0,0,0,,,,0,0,0,0,0,3,2,0,0,0,0,0,6,0.0,0.0,9,21,7,68,7,0,0,0,11,5,5,62.5,525.0,0,0,0,89,213,0,0.59,0,25,,19
868223,Benito Ramírez,benito-ramirez,6577,UD Las Palmas,6.57,124.8,19,0,1,0,0,0.99,0,214,38,252,84.92,93,133,56,13,3,25.0,10,1,2,1,1,12,30.77,10,1,4,21,43.75,4,26.67,25,39.68,513,0.0,0,0,0,0,1,0,0,0,3,7,0,0,0,6,33.33,13,0,1,6,93,2,10,2,424,8,5,0,0,7,0,5,0,0,,,,0,0,0,0,0,8,0,0,0,0,0,0,2,0.0,0.0,13,12,39,38,11,0,0,0,18,8,5,50.0,0.0,0,0,0,103,188,0,0.31,0,32,,19
351140,Jaime Mata,jaime-mata,6577,UD Las Palmas,6.57,197.0,30,0,0,8,0,0.28,0,125,51,176,71.02,48,78,46,3,5,62.5,8,3,9,0,0,1,11.11,17,6,7,27,47.37,26,46.43,53,46.9,671,0.0,0,0,0,0,0,0,0,0,17,0,0,0,0,6,75.0,10,0,0,3,83,4,9,5,289,14,20,1,0,6,12,4,0,0,,,,0,0,0,0,0,10,0,0,0,0,0,0,4,0.0,0.0,3,8,9,60,30,0,0,0,8,10,2,25.0,0.0,0,0,0,58,127,0,2.51,0,18,,30
879543,Mateu Morey,mateu-morey,2826,Mallorca,6.57,98.5,15,0,1,1,0,0.23,0,261,57,318,82.08,149,113,42,4,9,60.0,22,15,1,0,0,1,6.25,3,1,0,41,49.4,8,57.14,49,50.52,763,0.0,0,0,0,0,0,0,0,0,1,2,0,0,0,9,34.62,29,1,1,10,116,1,18,5,540,10,17,0,0,10,1,2,0,0,,,,1,0,0,0,0,12,1,0,0,0,0,0,8,0.0,0.0,4,15,16,48,6,0,0,0,26,13,18,81.82,0.0,0,0,0,169,165,0,0.44,0,41,,16
1214359,David Torres,david-torres,2831,Real Valladolid,6.57,118.2,18,0,0,0,0,0.11,0,579,119,698,82.95,435,145,31,1,1,50.0,14,10,5,0,0,1,33.33,3,1,0,18,46.15,20,50.0,38,48.1,1386,0.0,0,0,0,0,0,0,0,0,3,0,0,0,0,36,37.11,69,0,0,3,131,0,27,10,860,3,13,0,1,4,0,2,0,0,,,,0,0,0,0,0,32,5,0,0,0,0,0,15,0.0,0.0,1,2,3,41,20,0,0,0,97,37,9,64.29,0.0,0,0,0,477,224,0,0.27,35,27,,18
933426,Enzo Loiodice,enzo-loiodice,6577,UD Las Palmas,6.56,111.6,17,0,0,0,0,0.23,0,372,60,432,86.11,203,173,57,5,4,33.33,17,10,3,0,0,4,40.0,7,4,2,26,41.94,8,50.0,34,43.59,694,0.0,0,0,0,0,0,0,0,0,2,5,0,0,0,17,68.0,7,1,1,12,97,1,25,14,557,6,10,0,0,7,1,1,0,0,,,,0,0,0,0,0,16,2,0,0,0,0,0,7,0.0,0.0,5,12,10,44,8,0,0,0,25,18,7,41.18,0.0,0,0,0,217,225,0,0.27,0,29,,17
359642,Kelechi Iheanacho,kelechi-iheanacho,2833,Sevilla,6.56,52.5,8,0,0,1,0,0.16,0,59,20,79,74.68,18,41,23,5,2,50.0,1,0,0,0,0,0,0.0,9,2,2,4,23.53,2,20.0,6,22.22,401,0.0,0,0,0,0,0,0,0,0,8,1,0,0,0,1,50.0,1,0,0,4,36,3,1,1,116,1,5,0,0,2,7,5,0,0,,,,0,0,0,0,0,6,0,0,0,0,0,0,5,0.0,0.0,5,4,0,21,8,0,0,0,2,6,0,0.0,0.0,0,0,0,24,55,0,1.48,0,7,,9
1048927,Peter González,peter-gonzalez,2859,Getafe,6.56,105.0,16,0,0,1,0,0.27,0,74,32,106,69.81,21,57,24,4,3,23.08,11,2,1,0,0,4,28.57,12,4,4,24,41.38,10,41.67,34,41.46,467,0.0,0,0,0,0,2,0,0,0,7,5,0,0,0,3,33.33,5,0,0,15,88,1,6,1,237,10,9,1,0,3,2,4,0,0,,,,0,0,0,0,0,6,0,0,0,0,0,0,2,0.0,0.0,4,13,14,48,14,0,0,0,9,6,6,54.55,0.0,0,0,0,26,94,0,1.25,0,20,,17
945404,Javi López,lopez-javi,2824,Real Sociedad,6.56,190.3,29,0,1,0,0,1.05,0,621,123,744,83.47,321,313,134,5,18,50.0,40,11,4,0,0,13,21.67,5,1,4,85,51.2,10,34.48,95,48.72,1939,0.0,0,0,0,0,0,0,0,0,1,4,0,0,0,35,43.21,50,2,0,22,292,6,37,15,1322,27,30,0,0,14,1,0,0,0,,,,3,0,0,0,0,30,1,0,0,0,0,0,21,0.0,0.0,5,36,60,100,19,0,0,0,81,31,23,57.5,0.0,0,0,0,367,437,0,0.1,0,92,,29
141945,Sergi Guardiola,sergi-guardiola,2818,Rayo Vallecano,6.56,104.9,16,0,0,4,0,0.22,0,55,25,80,68.75,20,36,27,5,0,0.0,5,1,1,0,0,1,25.0,11,3,8,12,42.86,6,31.58,18,38.3,381,0.0,0,0,0,0,0,0,0,0,10,1,0,0,0,2,100.0,2,0,0,5,46,1,6,4,142,7,9,0,0,1,2,0,0,0,,,,0,0,0,0,0,4,0,0,0,0,0,0,1,0.0,0.0,5,2,4,29,13,0,0,0,2,4,3,60.0,0.0,0,0,0,25,59,0,2.38,0,7,,16
822594,Julián Chicco,julian-chicco,2845,Leganés,6.55,78.6,12,0,1,1,1,0.3,1,107,27,134,79.85,44,65,26,2,2,66.67,11,4,0,0,0,2,66.67,3,1,0,16,61.54,1,9.09,17,45.95,316,0.0,0,0,0,0,0,0,0,0,1,2,0,0,0,4,33.33,9,0,0,5,48,0,10,5,208,3,1,0,0,3,0,2,0,0,,,,0,0,0,0,0,6,2,0,0,0,0,0,2,0.0,0.0,2,3,3,20,10,0,0,0,12,8,7,63.64,0.0,0,0,0,49,88,0,0.36,0,12,,14
353250,Álvaro Odriozola,alvaro-odriozola,2824,Real Sociedad,6.55,13.1,2,0,0,0,0,0.02,0,17,7,24,70.83,7,11,8,0,0,0.0,1,0,1,0,0,1,100.0,0,0,0,2,40.0,1,100.0,3,50.0,41,0.0,0,0,0,0,0,0,0,0,0,0,0,0,0,0,0.0,1,0,0,1,12,0,3,1,37,1,2,0,0,0,0,0,0,0,,,,0,0,0,0,0,0,0,0,0,0,0,0,0,0.0,0.0,0,0,1,3,0,0,0,0,1,0,1,100.0,0.0,0,0,0,11,14,0,,0,2,,2
138387,Raúl de Tomás,raul-de-tomas,2818,Rayo Vallecano,6.55,13.1,2,0,0,0,0,0.0,0,5,1,6,83.33,2,3,0,0,0,0.0,2,0,0,0,0,0,0.0,0,0,0,4,57.14,0,0.0,4,57.14,29,0.0,0,0,0,0,0,0,0,0,0,0,0,0,0,0,0.0,0,0,0,1,5,0,0,0,14,2,1,0,0,0,0,0,0,0,,,,0,0,0,0,0,1,1,0,0,0,0,0,0,0.0,0.0,0,1,0,3,0,0,0,0,0,2,2,100.0,0.0,0,0,0,2,4,0,,0,2,,2
1632259,Carlos Guirao,carlos-guirao,2816,Real Betis,6.55,13.1,2,0,0,0,0,0.01,0,36,9,45,80.0,15,21,8,0,1,100.0,5,3,0,0,0,0,0.0,0,0,0,6,42.86,2,66.67,8,47.06,112,0.0,0,0,0,0,0,0,0,0,0,0,0,0,0,1,50.0,2,0,0,2,13,0,1,0,64,0,4,0,0,2,0,0,0,0,,,,0,0,0,0,0,6,0,0,0,0,0,0,2,0.0,0.0,0,1,0,9,1,0,0,0,2,6,3,60.0,0.0,0,0,0,15,30,0,,0,6,,2
943645,Max Aarons,max-aarons,2828,Valencia,6.55,26.2,4,0,0,0,0,0.02,0,38,12,50,76.0,16,22,10,1,1,33.33,4,0,2,0,0,0,0.0,0,0,0,7,63.64,2,66.67,9,64.29,124,0.0,0,0,0,0,0,0,0,0,0,0,0,0,0,1,20.0,3,0,0,1,26,2,3,0,88,2,0,0,0,1,0,0,0,0,,,,0,0,0,0,0,3,0,0,0,0,0,0,1,0.0,0.0,1,3,5,5,1,0,0,0,5,3,4,100.0,0.0,0,0,0,19,36,0,,0,7,,4
1019318,Nico Serrano,nico-serrano,2825,Athletic Club,6.55,26.2,4,0,0,0,0,0.05,0,24,7,31,77.42,6,19,10,1,3,33.33,1,1,0,0,0,1,7.69,5,1,1,6,31.58,0,0.0,6,28.57,116,0.0,0,0,0,0,0,0,0,0,2,3,0,0,0,0,0.0,1,0,0,3,29,0,0,0,76,2,2,0,0,2,0,3,0,0,,,,0,0,0,0,0,1,1,0,0,0,0,0,1,0.0,0.0,1,9,13,15,2,0,0,0,1,2,1,100.0,0.0,0,0,0,7,37,0,0.16,0,3,,4
1100831,John Patrick,john-joe-patrick-finn,2859,Getafe,6.55,26.2,4,0,0,0,0,0.01,0,16,4,20,80.0,3,13,7,0,2,40.0,0,0,1,0,0,0,0.0,2,0,1,4,44.44,2,50.0,6,46.15,61,0.0,0,0,0,0,0,0,0,0,1,1,0,0,0,0,0.0,1,0,0,1,12,1,0,0,37,2,1,1,0,0,0,1,0,0,,,,0,0,0,0,0,0,0,0,0,0,0,0,0,0.0,0.0,0,5,0,7,2,0,0,0,0,0,0,0.0,0.0,0,0,0,4,16,0,0.14,0,3,,4
255973,Rubén Peña,ruben-pena,2820,Osasuna,6.55,163.7,25,0,0,1,0,0.75,0,153,76,229,66.81,36,125,71,13,10,41.67,12,6,1,0,0,8,15.38,10,3,6,29,33.72,7,31.82,36,33.33,810,0.0,0,0,1,0,0,0,0,0,9,1,0,0,0,10,45.45,10,0,0,12,180,4,24,9,450,7,12,1,0,19,0,1,0,0,,,,0,0,0,0,0,8,4,0,0,0,0,0,7,0.0,0.0,13,24,52,72,15,0,0,0,22,12,5,41.67,0.0,0,0,0,48,233,0,0.71,0,33,,25
1153335,Sergi Domínguez,sergi-dominguez,2817,FC Barcelona,6.53,19.6,3,0,0,0,0,0.03,0,170,9,179,94.97,104,66,15,0,0,0.0,1,3,1,0,0,0,0.0,0,0,0,1,33.33,1,25.0,2,28.57,173,0.0,0,0,0,1,0,0,0,0,0,0,0,0,0,2,50.0,7,0,0,0,9,0,4,1,192,0,2,0,0,0,0,0,0,0,,,,0,0,0,0,0,4,0,0,0,0,0,0,2,0.0,0.0,0,0,0,5,3,0,0,0,4,4,1,100.0,0.0,0,0,0,108,71,0,,2,8,,3
1893910,Pablo García,pablo-garcia,2816,Real Betis,6.53,19.6,3,0,0,0,0,0.16,0,9,2,11,81.82,2,7,5,0,1,50.0,0,0,0,0,0,0,0.0,0,0,0,1,33.33,0,0.0,1,33.33,36,0.0,0,0,0,0,0,0,0,0,0,0,0,0,0,2,66.67,0,0,0,1,10,1,1,1,24,0,0,0,0,0,1,0,0,0,,,,0,0,0,0,0,0,0,0,0,0,0,0,0,0.0,0.0,0,2,2,2,0,0,0,0,3,0,0,0.0,0.0,0,0,0,2,11,0,,0,3,,3
1211005,Yellu Santiago,yellu-santiago,2859,Getafe,6.53,117.6,18,0,0,0,0,0.17,0,96,35,131,73.28,35,62,26,0,1,14.29,14,1,5,0,0,1,33.33,1,0,0,21,46.67,1,16.67,22,43.14,425,0.0,0,0,0,0,0,0,0,0,0,1,0,0,0,2,22.22,3,0,0,0,51,1,7,6,194,6,14,0,0,5,0,1,0,0,,,,0,0,0,0,0,4,0,0,0,0,0,0,4,0.0,0.0,0,7,3,29,5,0,0,0,9,4,8,57.14,0.0,0,0,0,48,86,0,0.02,0,21,,19
1018190,Isaac Romero,romero-isaac,2833,Sevilla,6.53,202.4,31,4,5,13,2,2.16,6,304,111,415,73.25,138,170,95,20,21,36.84,13,7,10,1,1,4,22.22,54,20,22,70,32.71,30,36.59,100,33.78,2166,7.41,1,0,1,1,0,0,3,1,38,16,1,2,1,20,71.43,24,0,0,61,311,18,5,4,863,37,38,2,0,13,11,12,0,0,,,,1,0,0,0,0,28,9,0,0,0,0,0,26,0.0,0.0,20,57,18,196,52,0,0,1,28,37,7,53.85,541.5,0,0,0,166,267,0,6.71,0,59,,31
966836,Álex Sola,alex-sola,2859,Getafe,6.53,117.5,18,0,2,1,1,0.78,1,152,69,221,68.78,32,122,66,9,21,38.18,21,7,4,0,0,2,11.11,15,2,7,67,42.14,19,39.58,86,41.55,1035,0.0,0,0,0,0,0,0,0,0,9,6,0,0,0,5,29.41,11,0,1,22,203,7,9,7,512,26,24,0,0,16,7,6,0,0,,,,0,0,0,0,0,9,1,0,0,0,0,0,13,0.0,0.0,9,55,18,121,29,0,0,0,17,10,14,66.67,0.0,0,0,0,47,192,0,0.97,0,47,,19
606346,Eric Bailly,eric-bailly,2819,Villarreal,6.53,71.8,11,0,0,0,0,0.05,0,278,39,317,87.7,176,102,24,0,3,100.0,12,6,2,1,1,0,0.0,4,0,2,16,64.0,11,61.11,27,62.79,627,0.0,0,0,0,1,0,0,0,0,4,0,0,0,0,14,38.89,27,0,0,1,49,0,25,12,402,1,7,0,0,1,0,2,0,0,,,,0,0,0,0,0,10,4,0,0,0,0,0,8,0.0,0.0,0,3,0,16,7,0,0,0,36,14,4,33.33,0.0,0,0,0,189,128,0,0.32,6,19,,12
855830,Hugo Guillamón,hugo-guillamon,2828,Valencia,6.53,71.8,11,0,0,0,0,0.27,0,153,33,186,82.26,77,77,31,2,1,50.0,11,5,2,0,0,1,100.0,2,1,0,16,59.26,5,55.56,21,58.33,392,0.0,0,0,0,0,0,0,0,0,0,2,0,0,0,9,47.37,9,1,0,3,41,2,18,7,237,4,6,0,0,1,1,1,0,0,,,,0,0,0,0,0,6,1,0,0,0,0,0,4,0.0,0.0,2,2,1,15,4,0,0,0,19,7,8,72.73,0.0,0,0,0,86,101,0,0.08,0,21,,12
1895964,Ismael Bekhoucha,ismael-bekhoucha,2859,Getafe,6.53,26.1,4,0,0,0,0,0.01,0,15,5,20,75.0,7,8,4,0,2,66.67,1,2,2,0,0,0,0.0,0,0,0,6,60.0,1,33.33,7,53.85,77,0.0,0,0,0,0,0,0,0,0,0,0,0,0,0,0,0.0,2,0,0,0,10,0,0,0,41,3,3,0,0,1,0,0,0,0,,,,0,0,0,0,0,2,0,0,0,0,0,0,0,0.0,0.0,0,3,1,6,2,0,0,0,3,2,1,100.0,0.0,0,0,0,7,14,0,,0,6,,5
946381,Akor Adams,akor-adams,2833,Sevilla,6.53,26.1,4,0,0,1,0,0.04,0,20,7,27,74.07,7,13,10,0,1,100.0,0,0,0,0,0,0,0.0,2,2,0,1,50.0,6,37.5,7,38.89,135,0.0,0,0,0,0,0,0,0,0,1,1,0,0,0,1,50.0,1,0,0,0,9,2,0,0,35,0,1,0,0,0,1,0,0,0,,,,0,0,0,0,0,2,1,0,0,0,0,0,1,0.0,0.0,0,1,0,11,10,0,0,0,2,3,0,0.0,0.0,0,0,0,8,19,0,0.43,0,4,,4
1462786,Martín Tejón,martin-tejon,2828,Valencia,6.53,26.1,4,0,0,0,0,0.02,0,20,5,25,80.0,4,16,9,1,2,50.0,2,0,0,0,0,0,0.0,1,1,0,5,41.67,0,0.0,5,33.33,45,0.0,0,0,0,0,0,0,0,0,1,0,0,0,0,0,0.0,0,0,0,3,12,1,2,0,40,1,1,0,0,1,0,0,0,0,,,,0,0,0,0,0,1,0,0,0,0,0,0,0,0.0,0.0,1,4,1,10,3,0,0,0,0,1,0,0.0,0.0,0,0,0,7,19,0,0.08,0,4,,4
149370,Moi Gómez,moi-gomez,2820,Osasuna,6.52,169.6,26,0,1,0,0,1.1,0,384,80,464,82.76,146,251,108,11,14,56.0,13,6,1,0,0,13,46.43,6,1,0,33,48.53,7,36.84,40,45.98,818,0.0,0,0,0,0,1,0,0,0,4,2,0,0,0,22,53.66,7,1,0,8,125,3,33,22,600,6,14,0,1,4,1,5,0,0,,,,1,0,0,0,0,17,2,0,0,0,0,0,6,0.0,0.0,11,25,28,47,12,0,0,0,41,19,9,69.23,0.0,0,0,0,167,325,0,0.46,0,66,,26
914212,Miguel de la Fuente,miguel-de-la-fuente,2845,Leganés,6.52,221.7,34,1,2,9,3,0.76,4,135,88,223,60.54,46,91,44,7,8,24.24,16,4,3,0,0,2,22.22,35,16,11,54,39.42,29,23.02,83,31.56,1742,2.86,2,1,0,0,0,0,1,0,30,5,0,0,1,4,36.36,22,1,0,26,225,7,6,3,539,30,23,1,0,10,12,8,0,0,,,,2,0,0,0,0,23,2,0,0,0,0,0,17,50.0,0.0,7,33,9,180,97,0,0,1,11,25,7,43.75,1742.0,0,0,0,60,172,0,4.87,0,27,,34
1841875,Alberto Risco,alberto-risco,2859,Getafe,6.52,32.6,5,0,0,0,0,0.17,0,23,8,31,74.19,7,19,11,4,1,16.67,4,0,0,0,0,3,75.0,4,1,0,7,31.82,1,25.0,8,30.77,80,0.0,0,0,0,0,0,0,0,0,1,3,0,0,0,1,33.33,0,0,0,4,24,0,2,2,65,2,1,0,0,5,0,3,0,0,,,,0,0,0,0,0,0,0,0,0,0,0,0,0,0.0,0.0,4,6,4,18,3,0,0,0,3,0,4,100.0,0.0,0,0,0,9,26,0,0.18,0,6,,5
210082,Javier Manquillo,javier-manquillo,2821,Celta Vigo,6.51,65.1,10,0,0,0,0,0.09,0,329,35,364,90.38,218,112,43,0,0,0.0,7,7,1,0,0,1,33.33,0,0,0,8,32.0,5,35.71,13,33.33,517,0.0,0,0,0,0,0,0,0,0,0,0,0,0,0,2,16.67,13,0,0,0,40,0,11,3,418,1,9,0,0,8,0,0,0,0,,,,0,0,0,0,0,10,1,0,0,0,0,0,7,0.0,0.0,0,1,3,26,9,0,0,0,12,11,5,71.43,0.0,0,0,0,236,131,0,,0,18,,10
814023,Eray Cömert,eray-comert,2831,Real Valladolid,6.5,162.6,25,0,0,2,0,0.11,0,805,110,915,87.98,607,198,61,0,4,100.0,25,24,6,0,0,0,0.0,9,1,6,43,59.72,21,51.22,64,56.64,1789,0.0,0,0,0,0,1,0,0,0,4,5,0,0,0,56,48.7,73,1,1,2,131,0,70,40,1152,16,18,0,0,10,0,2,0,0,,,,0,0,0,0,0,50,3,0,0,0,0,0,21,0.0,0.0,0,4,0,49,20,0,0,0,115,53,15,60.0,0.0,0,0,0,646,269,0,0.88,6,51,,25
363774,Mihailo Ristić,mihailo-ristic,2821,Celta Vigo,6.5,65.0,10,0,0,0,1,0.14,1,150,37,187,80.21,89,68,25,4,2,16.67,7,2,1,0,0,7,53.85,2,0,0,11,32.35,3,25.0,14,30.43,446,0.0,0,0,0,0,0,0,0,0,0,2,0,0,0,5,26.32,16,0,0,4,78,0,11,4,310,2,8,0,0,2,0,2,0,0,,,,0,0,0,0,0,5,0,0,0,0,0,0,6,0.0,0.0,4,12,13,32,9,0,0,0,19,5,7,100.0,0.0,0,0,0,106,94,0,0.03,0,17,,10
335301,Borna Barišić,borna-barisic,2845,Leganés,6.5,6.5,1,0,0,0,0,0.0,0,2,0,2,100.0,1,1,0,0,0,0.0,0,0,0,0,0,0,0.0,0,0,0,0,0.0,0,0.0,0,0.0,10,0.0,0,0,0,0,0,0,0,0,0,0,0,0,0,0,0.0,0,0,0,0,1,0,0,0,4,0,0,0,0,0,0,0,0,0,,,,0,0,0,0,0,0,0,0,0,0,0,0,1,0.0,0.0,0,0,0,0,0,0,0,0,0,0,0,0.0,0.0,0,0,0,1,1,0,,0,0,,1
1466128,Dani Díaz,dani-diaz,2824,Real Sociedad,6.5,6.5,1,0,0,0,0,0.0,0,1,2,3,33.33,0,1,0,0,0,0.0,1,0,0,0,0,0,0.0,0,0,0,1,33.33,1,100.0,2,50.0,9,0.0,0,0,0,0,0,0,0,0,0,0,0,0,0,0,0.0,0,0,0,0,3,0,0,0,6,0,1,0,0,0,0,0,0,0,,,,0,0,0,0,0,1,0,0,0,0,0,0,0,0.0,0.0,0,1,0,2,0,0,0,0,0,1,1,100.0,0.0,0,0,0,1,2,0,,0,0,,1
1580022,David Otorbi,otorbi-david,2828,Valencia,6.5,6.5,1,0,0,0,0,0.0,0,2,2,4,50.0,1,1,0,0,0,0.0,0,0,0,0,0,0,0.0,0,0,0,0,0.0,0,0.0,0,0.0,13,0.0,0,0,0,0,0,0,0,0,0,0,0,0,0,0,0.0,0,0,0,0,3,0,2,1,6,0,0,0,0,0,0,0,0,0,,,,0,0,0,0,0,0,0,0,0,0,0,0,0,0.0,0.0,0,0,0,0,0,0,0,0,1,0,0,0.0,0.0,0,0,0,1,3,0,,0,0,,1
990232,Alberto Mari,alberto-mari,2828,Valencia,6.5,6.5,1,0,0,0,0,0.0,0,2,2,4,50.0,0,2,1,0,0,0.0,0,0,0,0,0,0,0.0,0,0,0,0,0.0,0,0.0,0,0.0,12,0.0,0,0,0,0,0,0,0,0,0,0,0,0,0,0,0.0,0,0,0,0,2,0,0,0,4,0,1,0,0,0,0,0,0,0,,,,0,0,0,0,0,0,0,0,0,0,0,0,0,0.0,0.0,0,0,0,1,0,0,0,0,0,0,0,0.0,0.0,0,0,0,0,4,0,,0,0,,1
1142092,Darío Benavides,dario-benavides,2833,Sevilla,6.5,6.5,1,0,0,0,0,,0,0,0,0,0.0,0,0,0,0,0,0.0,0,0,1,0,0,0,0.0,0,0,0,0,0.0,0,0.0,0,0.0,13,0.0,0,0,0,0,0,0,0,0,0,0,0,0,0,0,0.0,0,0,0,0,2,0,0,0,2,0,0,0,0,0,0,0,0,0,,,,0,0,0,0,0,0,0,0,0,0,0,0,0,0.0,0.0,0,0,0,0,0,0,0,0,0,0,0,0.0,0.0,0,0,0,0,0,0,,0,0,,1
2065347,Roger Hinojo,roger-hinojo,2814,Espanyol,6.5,6.5,1,0,0,0,0,0.0,0,4,3,7,57.14,2,2,2,0,0,0.0,0,0,0,0,0,0,0.0,0,0,0,0,0.0,0,0.0,0,0.0,8,0.0,0,0,0,0,0,0,0,0,0,0,0,0,0,0,0.0,1,0,0,0,5,0,0,0,11,0,0,0,0,0,0,0,0,0,,,,0,0,0,0,0,0,0,0,0,0,0,0,0,0.0,0.0,0,0,2,2,2,0,0,0,0,0,0,0.0,0.0,0,0,0,3,6,0,,0,0,,1
1516599,Endika Buján,endika-bujan,2825,Athletic Club,6.5,6.5,1,0,0,0,0,0.0,0,4,0,4,100.0,0,4,2,0,1,50.0,0,0,0,0,0,0,0.0,0,0,0,1,33.33,0,0.0,1,33.33,10,0.0,0,0,0,0,0,0,0,0,0,0,0,0,0,0,0.0,0,0,0,0,2,0,0,0,8,0,0,0,0,1,0,0,0,0,,,,0,0,0,0,0,0,0,0,0,0,0,0,0,0.0,0.0,0,2,1,2,0,0,0,0,0,0,0,0.0,0.0,0,0,0,0,5,0,,0,0,,1
1153345,Xavi Moreno,xavi-moreno,2831,Real Valladolid,6.5,6.5,1,0,0,0,0,0.01,0,3,8,11,27.27,1,2,1,0,0,0.0,0,0,0,0,0,0,0.0,0,0,0,1,33.33,1,100.0,2,50.0,45,0.0,0,0,0,0,0,0,0,0,0,0,0,0,0,0,0.0,1,0,0,1,12,0,2,0,20,1,0,0,0,0,0,0,0,0,,,,0,0,0,0,0,1,0,0,0,0,0,0,1,0.0,0.0,0,1,2,2,0,0,0,0,1,1,0,0.0,0.0,0,0,0,5,8,0,,0,1,,1
1390614,Gorka Rivera,gorka-rivera,2859,Getafe,6.5,6.5,1,0,0,0,0,0.0,0,2,4,6,33.33,1,1,1,0,0,0.0,2,0,0,0,0,0,0.0,0,0,0,3,60.0,0,0.0,3,50.0,19,0.0,0,0,0,0,0,0,0,0,0,0,0,0,0,0,0.0,0,0,0,0,9,1,1,0,17,1,1,0,0,0,0,0,0,0,,,,0,0,0,0,0,0,0,0,0,0,0,0,0,0.0,0.0,0,1,0,3,1,0,0,0,2,0,0,0.0,0.0,0,0,0,4,2,0,,0,1,,1
1464641,Chema Andrés,chema-andres,2829,Real Madrid,6.5,6.5,1,0,0,0,0,0.0,0,1,0,1,100.0,1,0,0,0,0,0.0,0,0,0,0,0,0,0.0,0,0,0,0,0.0,1,50.0,1,33.33,13,0.0,0,0,0,0,0,0,0,0,0,0,0,0,0,0,0.0,1,0,0,0,1,0,0,0,3,0,1,0,0,0,0,0,0,0,,,,0,0,0,0,0,0,0,0,0,0,0,0,0,0.0,0.0,0,0,0,2,1,0,0,0,0,0,0,0.0,0.0,0,0,0,1,0,0,,0,0,,2
1458073,Nobel Mendy,nobel-mendy,2816,Real Betis,6.5,13.0,2,0,0,0,0,0.01,0,46,7,53,86.79,28,18,5,0,0,0.0,0,4,1,0,0,0,0.0,0,0,0,1,100.0,1,100.0,2,100.0,107,0.0,0,0,0,0,0,0,0,0,0,0,0,0,0,7,58.33,9,0,1,0,8,0,3,2,73,1,1,0,0,0,0,0,0,0,,,,0,0,0,0,0,4,1,0,0,0,0,0,1,0.0,0.0,0,0,0,0,0,0,0,0,12,5,0,0.0,0.0,0,0,0,29,24,0,,1,7,,2
1086346,Iker Benito,iker-benito,2820,Osasuna,6.5,13.0,2,0,0,0,0,0.0,0,9,2,11,81.82,3,6,0,1,0,0.0,0,1,0,0,0,0,0.0,0,0,0,1,25.0,0,0.0,1,20.0,35,0.0,0,0,0,0,0,0,0,0,0,0,0,0,0,0,0.0,2,0,0,0,6,0,0,0,20,1,1,0,0,1,0,0,0,0,,,,0,0,0,0,0,1,1,0,0,0,0,0,0,0.0,0.0,1,1,2,4,1,0,0,0,0,2,0,0.0,0.0,0,0,0,4,9,0,,0,3,,2
1892528,Min-su Kim,min-su-kim,24264,Girona FC,6.5,6.5,1,0,0,0,0,0.01,0,9,1,10,90.0,2,7,4,0,0,0.0,1,0,0,0,0,0,0.0,0,0,0,2,40.0,0,0.0,2,33.33,20,0.0,0,0,0,0,0,0,0,0,0,0,0,0,0,0,0.0,0,0,0,1,7,0,0,0,20,1,0,0,0,0,0,0,0,0,,,,0,0,0,0,0,0,0,0,0,0,0,0,0,0.0,0.0,0,2,0,4,1,0,0,0,0,0,0,0.0,0.0,0,0,0,2,8,0,,0,1,,3
1082215,Javier Martón,javier-marton-anso,2825,Athletic Club,6.5,19.5,3,0,0,0,0,0.0,0,6,1,7,85.71,4,2,1,0,0,0.0,0,0,1,0,0,0,0.0,0,0,0,0,0.0,2,66.67,2,50.0,50,0.0,0,0,0,0,0,0,0,0,0,0,0,0,0,0,0.0,0,0,0,0,7,0,0,0,14,0,1,0,0,0,1,0,0,0,,,,0,0,0,0,0,0,0,0,0,0,0,0,0,0.0,0.0,0,0,0,2,1,0,0,0,0,0,0,0.0,0.0,0,0,0,4,3,0,,0,2,,3
840951,Marcão,marcao,2833,Sevilla,6.5,65.0,10,0,0,0,0,0.08,0,284,30,314,90.45,215,69,16,0,2,66.67,10,7,3,0,1,0,0.0,0,0,0,22,61.11,14,70.0,36,64.29,565,0.0,0,0,0,1,0,0,0,0,0,0,0,0,0,11,47.83,29,0,1,3,39,0,8,4,400,10,9,0,0,2,0,0,0,0,,,,0,0,0,0,0,13,4,0,0,0,0,0,6,0.0,0.0,0,3,0,20,6,0,0,0,23,17,7,70.0,0.0,1,0,0,229,85,0,,8,27,,12
1142091,Diego Hormigo,diego-hormigo,2833,Sevilla,6.5,6.5,1,0,0,0,0,0.0,0,5,2,7,71.43,2,3,1,0,0,0.0,0,1,0,0,0,0,0.0,1,0,1,1,33.33,1,100.0,2,50.0,38,0.0,0,0,0,0,0,0,0,0,1,0,0,0,0,0,0.0,1,0,0,0,5,1,0,0,17,1,1,0,0,0,0,0,0,0,,,,0,0,0,0,0,0,1,0,0,0,0,0,1,0.0,0.0,0,1,0,2,0,0,0,0,0,1,0,0.0,0.0,0,0,0,3,4,0,0.09,0,1,,1
1082968,Abderrahman Rebbach,abderrahman-rebbach,2885,Deportivo Alavés,6.49,51.9,8,0,0,0,0,0.42,0,69,30,99,69.7,29,43,24,6,3,25.0,3,0,1,0,0,3,17.65,6,1,2,11,30.56,2,15.38,13,26.53,383,0.0,0,0,0,0,0,0,0,0,4,2,0,0,0,5,55.56,6,0,0,5,71,3,5,2,185,6,5,1,0,6,2,3,0,0,,,,0,0,0,0,0,7,0,0,0,0,0,0,4,0.0,0.0,6,12,17,36,11,0,0,0,9,7,2,66.67,0.0,0,0,0,36,80,0,0.17,0,16,,8
788197,André Ferreira,andre-ferreira,2831,Real Valladolid,6.48,38.9,6,0,0,0,0,0.01,0,112,56,168,66.67,86,26,4,0,0,0.0,0,0,0,0,0,0,0.0,0,0,0,0,0.0,0,0.0,0,0.0,540,0.0,0,0,0,0,0,0,0,0,0,0,0,0,0,37,39.78,9,2,0,0,57,0,12,6,229,0,0,0,0,0,0,0,0,20,,,,0,3,0,10,9,20,0,5,1,1,4,0,6,0.0,0.0,0,0,0,1,1,0,0,0,93,20,0,0.0,0.0,0,0,7,101,67,0,,56,43,,6
1001967,Hugo Novoa,hugo-novoa-ramos,2885,Deportivo Alavés,6.48,32.4,5,0,0,1,0,0.21,0,41,11,52,78.85,19,24,10,2,3,33.33,8,0,0,0,0,2,28.57,1,0,1,12,57.14,1,11.11,13,43.33,234,0.0,0,0,0,0,0,0,0,0,1,0,0,0,0,3,75.0,5,0,0,2,31,0,7,5,107,1,1,0,0,0,2,0,0,0,,,,0,0,0,0,0,5,1,0,0,0,0,0,2,0.0,0.0,2,9,7,17,8,0,0,0,4,6,5,62.5,0.0,0,0,0,22,37,0,0.49,0,9,,5
1542697,Adrián Arnu,adrian-arnu,2831,Real Valladolid,6.48,25.9,4,0,0,1,0,0.01,0,9,1,10,90.0,4,5,2,0,0,0.0,1,0,0,0,0,0,0.0,3,0,2,3,60.0,1,100.0,4,66.67,53,0.0,0,0,0,0,0,0,0,0,3,0,0,0,0,1,100.0,1,0,0,1,4,1,0,0,21,2,0,0,0,0,0,1,0,0,,,,0,0,0,0,0,0,0,0,0,0,0,0,0,0.0,0.0,0,1,0,2,0,0,0,0,1,0,1,100.0,0.0,0,0,0,4,6,0,0.38,0,1,,5
1015826,Chiquinho,chiquinho,2826,Mallorca,6.47,45.3,7,0,0,0,0,0.07,0,18,5,23,78.26,3,17,10,3,5,41.67,1,2,2,0,0,2,22.22,4,2,2,13,31.71,1,16.67,14,29.79,159,0.0,0,0,0,0,0,0,0,0,3,1,0,0,0,0,0.0,0,0,0,8,45,1,2,1,96,8,6,0,0,7,0,0,1,0,,,,0,0,0,0,0,0,2,0,0,0,0,0,1,0.0,0.0,2,12,9,33,5,0,0,0,1,2,0,0.0,0.0,0,0,0,3,29,0,0.31,0,10,,8
1893864,Mateo Flores,mateo-flores,2816,Real Betis,6.47,38.8,6,0,0,0,0,0.05,0,55,13,68,80.88,29,27,7,0,0,0.0,3,2,1,0,0,1,100.0,0,0,0,4,36.36,0,0.0,4,30.77,153,0.0,0,0,0,0,0,0,0,0,0,0,0,0,0,2,40.0,3,0,0,3,19,0,2,0,86,1,4,0,0,0,0,0,0,0,,,,0,0,0,0,0,3,0,0,0,0,0,0,1,0.0,0.0,0,0,1,9,2,0,0,0,5,3,1,33.33,0.0,0,0,0,35,34,0,,0,12,,6
841854,Marc Cardona,marc-cardona,6577,UD Las Palmas,6.46,64.6,10,0,0,0,0,0.08,0,38,9,47,80.85,18,20,11,0,1,14.29,4,0,2,0,0,0,0.0,4,0,1,8,40.0,0,0.0,8,29.63,141,0.0,0,0,0,0,0,0,0,0,3,1,0,0,0,1,50.0,0,0,0,4,23,0,2,2,81,3,2,0,0,1,0,3,0,0,,,,0,0,0,0,0,3,1,0,0,0,0,0,0,0.0,0.0,0,7,1,19,7,0,0,0,2,4,2,50.0,0.0,0,0,0,21,27,0,0.38,0,8,,11
1010335,Víctor Meseguer,victor-meseguer,2831,Real Valladolid,6.45,83.9,13,0,0,1,0,0.25,0,146,39,185,78.92,75,72,39,1,1,25.0,10,2,1,0,0,1,33.33,6,0,3,16,43.24,10,55.56,26,47.27,417,0.0,0,0,0,0,0,0,0,0,5,1,0,0,0,7,53.85,4,1,0,3,54,1,12,4,244,5,8,0,0,8,0,3,0,0,,,,1,0,0,0,0,7,1,0,0,0,0,0,2,0.0,0.0,1,4,3,29,8,0,0,0,13,8,6,60.0,0.0,0,0,0,88,100,0,0.69,0,25,,14
1106573,Jhon Solís,jhon-solis,24264,Girona FC,6.45,96.8,15,1,0,0,0,0.34,1,263,27,290,90.69,121,143,58,2,5,45.45,13,4,3,0,0,1,33.33,4,1,1,24,42.11,3,37.5,27,41.54,524,25.0,0,0,0,0,0,0,1,0,3,1,0,0,1,4,50.0,6,1,0,10,56,2,10,6,387,6,9,0,0,8,0,2,0,0,,,,0,0,0,0,0,16,2,0,0,0,0,0,3,0.0,0.0,2,11,3,38,5,0,0,0,8,18,7,53.85,524.0,0,0,0,127,166,0,0.66,0,27,,19
1103233,Etienne Eto'o Pineda,etienne-etoo-pineda,2818,Rayo Vallecano,6.45,12.9,2,0,0,0,0,0.06,0,1,4,5,20.0,0,1,1,0,0,0.0,0,0,0,0,0,0,0.0,0,0,0,0,0.0,6,75.0,6,54.55,44,0.0,0,0,0,0,0,0,0,0,0,0,0,0,0,0,0.0,1,0,0,0,8,0,0,0,13,0,0,0,0,1,1,0,0,0,,,,0,0,0,0,0,1,0,0,0,0,0,0,0,0.0,0.0,0,2,0,5,2,0,0,0,0,1,0,0.0,0.0,0,0,0,0,5,0,,0,0,,2
97951,Stole Dimitrievski,stole-dimitrievski,2828,Valencia,6.45,25.8,4,0,0,0,0,0.01,0,43,65,108,39.81,31,12,5,0,0,0.0,0,0,1,0,0,0,0.0,0,0,0,0,0.0,0,0.0,0,0.0,360,0.0,0,0,0,0,0,0,0,0,0,0,0,0,0,16,20.0,5,0,1,0,66,0,9,5,149,0,0,0,0,0,0,0,0,6,,,,0,2,0,4,2,6,0,2,8,7,3,0,4,0.0,0.0,0,0,0,0,0,0,0,0,80,6,0,0.0,0.0,0,0,1,46,62,0,,20,36,,4
1168094,Abdoulaye Keita,abdoulaye-keita,2859,Getafe,6.43,19.3,3,0,0,0,0,0.09,0,14,11,25,56.0,4,11,5,0,1,33.33,2,0,0,0,0,1,100.0,2,0,1,3,20.0,3,42.86,6,27.27,94,0.0,0,0,0,0,0,0,0,0,0,2,0,0,0,1,25.0,3,0,0,3,20,2,2,1,45,0,6,0,0,2,0,1,0,0,,,,0,0,0,0,0,0,0,0,0,0,0,0,1,0.0,0.0,0,3,1,16,4,0,0,0,4,0,2,100.0,0.0,0,0,0,7,19,0,0.05,0,6,,3
1636036,Aboubacar Bassinga,aboubacar-bassinga,6577,UD Las Palmas,6.4,6.4,1,0,0,0,0,0.0,0,2,2,4,50.0,2,0,0,0,0,0.0,0,0,0,0,0,0,0.0,0,0,0,0,0.0,0,0.0,0,0.0,11,0.0,0,0,0,0,0,0,0,0,0,0,0,0,0,1,50.0,0,0,0,1,3,0,1,1,5,0,1,0,0,0,0,0,0,0,,,,0,0,0,0,0,0,0,0,0,0,0,0,0,0.0,0.0,0,0,0,2,0,0,0,0,2,0,0,0.0,0.0,0,0,0,2,2,0,,0,0,,1
1605227,Aingeru Olabarrieta,olabarrieta-aingeru,2825,Athletic Club,6.4,6.4,1,0,0,0,0,0.01,0,9,5,14,64.29,1,8,4,0,1,25.0,0,1,0,0,0,0,0.0,0,0,0,1,16.67,1,100.0,2,28.57,55,0.0,0,0,0,0,0,0,0,0,0,0,0,0,0,0,0.0,1,0,0,1,13,1,0,0,27,0,1,0,0,0,0,0,0,0,,,,0,0,0,0,0,0,0,0,0,0,0,0,1,0.0,0.0,0,4,4,5,0,0,0,0,0,0,0,0.0,0.0,0,0,0,3,15,0,,0,4,,1
1521658,Daniel Requena,daniel-requena,2819,Villarreal,6.4,6.4,1,0,0,0,0,0.0,0,4,1,5,80.0,4,0,0,0,0,0.0,0,0,0,0,0,0,0.0,0,0,0,0,0.0,0,0.0,0,0.0,9,0.0,0,0,0,0,0,0,0,0,0,0,0,0,0,0,0.0,0,0,0,0,1,0,0,0,5,0,1,0,0,0,0,0,0,0,,,,0,0,0,0,0,0,1,0,0,0,0,0,0,0.0,0.0,0,0,0,0,0,0,0,0,0,1,0,0.0,0.0,0,0,0,4,1,0,,0,0,,1
913732,Javi Martínez,javi-martinez,2820,Osasuna,6.4,6.4,1,0,0,0,0,0.0,0,9,0,9,100.0,5,4,1,0,0,0.0,0,0,0,0,0,0,0.0,0,0,0,0,0.0,0,0.0,0,0.0,11,0.0,0,0,0,0,0,0,0,0,0,0,0,0,0,0,0.0,0,0,0,0,0,0,0,0,10,0,0,0,0,0,0,0,0,0,,,,0,0,0,0,0,1,0,0,0,0,0,0,0,0.0,0.0,0,0,0,0,0,0,0,0,0,1,0,0.0,0.0,0,0,0,5,4,0,,0,0,,1
2032380,Arturo Rodríguez,arturo-rodriguez,6577,UD Las Palmas,6.4,6.4,1,0,0,0,0,0.0,0,5,0,5,100.0,0,5,4,0,0,0.0,0,0,0,0,0,0,0.0,0,0,0,0,0.0,0,0.0,0,0.0,20,0.0,0,0,0,0,0,0,0,0,0,0,0,0,0,0,0.0,0,0,0,0,3,0,0,0,11,0,0,0,0,0,0,0,0,0,,,,0,0,0,0,0,1,0,0,0,0,0,0,0,0.0,0.0,0,1,2,2,1,0,0,0,0,1,0,0.0,0.0,0,0,0,0,7,0,,0,1,,1
2161820,José Carlo González,jose-carlos-gonzalez,6577,UD Las Palmas,6.4,6.4,1,0,0,0,0,0.0,0,8,1,9,88.89,4,4,3,0,0,0.0,0,0,0,0,0,0,0.0,0,0,0,0,0.0,0,0.0,0,0.0,10,0.0,0,0,0,0,0,0,0,0,0,0,0,0,0,0,0.0,0,0,0,0,1,0,0,0,9,0,0,0,0,0,0,0,0,0,,,,0,0,0,0,0,1,0,0,0,0,0,0,0,0.0,0.0,0,0,0,0,0,0,0,0,0,1,0,0.0,0.0,0,0,0,4,5,0,,0,0,,1
1841365,Rafael Bauzà,rafael-bauza,2814,Espanyol,6.4,32.0,5,0,0,0,0,0.02,0,46,8,54,85.19,26,20,9,0,1,50.0,5,0,1,0,0,0,0.0,3,0,1,6,33.33,3,60.0,9,39.13,182,0.0,0,0,0,0,0,0,0,0,1,2,0,0,0,2,40.0,5,0,0,0,10,0,3,2,76,0,8,0,0,3,0,2,0,0,,,,0,0,0,0,0,8,1,0,0,0,0,0,2,0.0,0.0,0,2,0,14,2,0,0,0,5,9,3,60.0,0.0,0,0,0,28,26,0,0.06,0,4,,5
862464,Antonio Candela,antonio-candela,2831,Real Valladolid,6.38,76.6,12,0,1,0,0,0.68,0,288,69,357,80.67,179,117,35,6,6,40.0,9,6,1,0,0,8,40.0,1,0,1,22,45.83,3,27.27,25,42.37,910,0.0,0,0,0,0,0,0,0,0,1,0,0,0,0,22,41.51,32,0,0,5,124,0,35,15,554,7,5,0,0,7,2,0,0,0,,,,0,0,0,0,0,27,3,0,0,0,0,0,12,0.0,0.0,6,15,20,34,8,0,0,0,53,30,6,66.67,0.0,0,0,0,212,165,0,0.04,0,23,,12
844752,Nacho Vidal,nacho-vidal,2820,Osasuna,6.38,31.9,5,0,0,0,0,0.01,0,27,8,35,77.14,12,15,5,0,2,100.0,2,0,0,0,0,0,0.0,0,0,0,5,41.67,3,75.0,8,50.0,141,0.0,0,0,0,0,0,0,0,0,0,0,0,0,0,3,60.0,6,0,0,2,16,1,4,2,69,1,2,0,0,3,0,0,0,0,,,,0,0,0,0,0,4,1,0,0,0,0,0,1,0.0,0.0,0,2,2,8,1,0,0,0,5,5,0,0.0,0.0,0,0,0,16,21,0,,0,5,,5
796320,Joseph Aidoo,joseph-aidoo,2831,Real Valladolid,6.34,57.1,9,0,0,0,0,0.07,0,342,42,384,89.06,272,70,11,0,1,100.0,6,5,0,0,0,0,0.0,1,0,0,9,60.0,9,50.0,18,54.55,590,0.0,0,0,0,0,0,0,0,0,1,0,0,0,0,22,45.83,26,0,1,2,44,0,25,11,445,2,4,0,0,1,0,1,0,0,,,,0,0,0,0,0,23,2,0,0,0,0,0,6,0.0,0.0,0,1,0,15,9,0,0,0,48,25,5,83.33,0.0,0,0,0,284,100,0,0.04,5,26,,9
1493226,Fran González,gonzalez-fran,2829,Real Madrid,6.3,6.3,1,0,0,0,0,0.0,0,16,1,17,94.12,16,0,0,0,0,0.0,0,0,0,0,0,0,0.0,0,0,0,0,0.0,0,0.0,0,0.0,90,0.0,0,0,0,0,0,0,0,0,0,0,0,0,0,3,75.0,2,0,0,0,1,0,1,1,23,0,0,0,0,0,0,0,0,0,,,,0,0,0,0,0,2,0,0,0,0,1,0,1,0.0,0.0,0,0,0,0,0,0,0,0,4,2,0,0.0,0.0,0,0,0,16,1,0,,4,4,,1
800349,Maximiliano Caufriez,maximiliano-caufriez,2828,Valencia,6.3,6.3,1,0,0,0,0,0.0,0,11,3,14,78.57,8,3,1,0,0,0.0,1,1,0,0,0,0,0.0,0,0,0,1,33.33,2,28.57,3,30.0,90,0.0,0,0,0,1,0,0,0,0,0,0,0,0,0,1,33.33,4,0,0,0,3,0,3,2,23,0,3,0,0,0,0,0,0,0,,,,0,0,0,0,0,1,0,0,0,0,0,0,1,0.0,0.0,0,0,0,7,5,0,0,0,3,1,1,100.0,0.0,0,0,0,11,3,0,,0,1,,1
1182710,Raúl Chasco,raul-chasco,2831,Real Valladolid,6.3,12.6,2,0,0,0,0,0.1,0,26,13,39,66.67,17,10,5,1,0,0.0,4,2,0,0,0,1,33.33,0,0,0,4,33.33,1,100.0,5,38.46,129,0.0,0,0,0,0,0,0,0,0,0,0,0,0,0,5,45.45,1,0,0,1,30,0,7,4,76,0,3,0,0,2,0,0,0,0,,,,0,0,0,0,0,3,1,0,0,0,0,0,1,0.0,0.0,1,2,3,8,0,0,0,0,11,4,1,25.0,0.0,0,0,0,23,19,0,,0,2,,2
1145642,Víctor Muñoz,victor-munoz,2829,Real Madrid,6.3,12.6,2,0,0,1,0,0.25,0,10,0,10,100.0,0,11,8,1,0,0.0,0,0,0,0,0,1,50.0,1,0,1,0,0.0,0,0.0,0,0.0,42,0.0,0,0,0,0,0,0,0,0,1,0,0,0,0,0,0.0,0,0,0,1,5,0,0,0,17,0,2,0,0,0,0,0,1,0,,,,0,0,0,0,0,0,0,0,0,0,0,0,0,0.0,0.0,0,2,2,5,0,0,0,0,0,0,0,0.0,0.0,0,0,0,0,12,0,0.49,0,1,,2
1158547,Leandro Antonetti,leandro-antonetti,2833,Sevilla,6.3,12.6,2,0,0,1,0,0.0,0,2,2,4,50.0,0,2,0,1,0,0.0,0,0,0,0,0,0,0.0,1,1,0,0,0.0,0,0.0,0,0.0,26,0.0,0,0,0,0,0,0,0,0,0,1,0,0,0,0,0.0,0,0,0,1,6,0,0,0,13,0,0,0,0,0,0,0,0,0,,,,0,0,0,0,0,0,0,0,0,0,0,0,0,0.0,0.0,1,1,0,2,0,0,0,0,0,0,0,0.0,0.0,0,0,0,1,3,0,0.14,0,3,,2
336851,Henrique,henrique,2831,Real Valladolid,6.3,31.5,5,0,0,0,0,0.03,0,151,23,174,86.78,88,63,20,2,3,50.0,6,3,0,0,0,0,0.0,1,0,1,18,58.06,1,25.0,19,54.29,354,0.0,0,0,0,1,0,0,0,0,0,1,0,0,0,4,33.33,10,0,0,4,39,0,11,2,253,9,5,0,0,3,0,0,0,0,,,,0,0,0,0,0,11,0,0,0,0,0,0,4,0.0,0.0,2,6,3,16,3,0,0,0,12,11,2,33.33,0.0,0,0,0,98,79,0,0.03,0,9,,5
846492,Luca De La Torre,luca-de-la-torre,2821,Celta Vigo,6.2,6.2,1,0,0,0,0,0.0,0,4,1,5,80.0,3,1,0,0,0,0.0,0,0,0,0,0,0,0.0,0,0,0,0,0.0,0,0.0,0,0.0,11,0.0,0,0,0,0,0,0,0,0,0,0,0,0,0,0,0.0,0,0,0,0,2,0,0,0,8,0,1,0,0,0,0,0,0,0,,,,0,0,0,0,0,0,0,0,0,0,0,0,0,0.0,0.0,0,1,0,3,1,0,0,0,0,0,0,0.0,0.0,0,0,0,4,1,0,,0,0,,1
1391487,Malcom Ares,malcom-ares,2825,Athletic Club,6.2,6.2,1,0,0,0,0,0.02,0,5,3,8,62.5,0,5,4,0,0,0.0,0,0,0,0,0,0,0.0,0,0,0,0,0.0,0,0.0,0,0.0,18,0.0,0,0,0,0,0,0,0,0,0,0,0,0,0,0,0.0,0,0,0,2,7,0,0,0,13,0,0,0,0,1,0,0,0,0,,,,0,0,0,0,0,1,0,0,0,0,0,0,0,0.0,0.0,0,1,1,4,0,0,0,0,0,1,0,0.0,0.0,0,0,0,1,8,0,,0,1,,1
330675,Unai García,unai-garcia,2820,Osasuna,6.2,12.4,2,0,0,0,0,0.0,0,36,2,38,94.74,28,8,2,0,0,0.0,0,0,0,0,0,0,0.0,0,0,0,3,50.0,1,16.67,4,33.33,75,0.0,0,0,0,0,0,0,0,0,0,0,0,0,0,1,100.0,1,0,0,0,3,0,2,2,46,3,3,0,0,0,0,0,0,0,,,,0,0,0,0,0,3,1,0,0,0,0,0,1,0.0,0.0,0,0,0,8,5,0,0,0,1,4,0,0.0,0.0,0,0,0,28,10,0,,0,2,,3
1657026,Rodrigo Abajas,rodrigo-abajas,2828,Valencia,6.2,6.2,1,0,0,0,0,0.0,0,11,9,20,55.0,4,7,1,0,1,100.0,3,1,1,0,0,0,0.0,1,0,1,4,50.0,0,0.0,4,44.44,66,0.0,0,0,0,0,0,0,0,0,0,1,0,0,0,0,0.0,0,0,0,2,14,0,1,0,40,0,2,0,0,0,1,0,0,0,,,,0,0,0,0,0,2,0,0,0,0,0,0,1,0.0,0.0,0,1,1,5,1,0,0,0,4,2,2,66.67,0.0,0,0,0,7,14,0,0.07,0,2,,1
801391,Kenedy,kenedy,2831,Real Valladolid,6.2,6.2,1,0,0,0,0,0.0,0,1,1,2,50.0,0,1,0,0,0,0.0,0,0,0,0,0,0,0.0,1,0,1,0,0.0,0,0.0,0,0.0,14,0.0,0,0,0,0,0,0,0,0,1,0,0,0,0,0,0.0,0,0,0,1,3,1,0,0,6,0,0,0,0,0,0,0,0,0,,,,0,0,0,0,0,1,0,0,0,0,0,0,0,0.0,0.0,0,1,0,2,0,0,0,0,0,1,0,0.0,0.0,0,0,0,0,2,0,0.03,0,1,,2
1142235,Arnau Rafús,arnau-rafus,2831,Real Valladolid,6.0,6.0,1,0,0,0,0,0.0,0,28,10,38,73.68,22,6,1,0,0,0.0,0,0,0,0,0,0,0.0,0,0,0,0,0.0,0,0.0,0,0.0,90,0.0,0,0,0,0,0,0,0,0,0,0,0,0,0,8,47.06,0,0,1,0,10,0,1,1,44,0,0,0,0,0,0,0,0,0,,,,0,0,0,0,0,1,1,0,0,0,1,0,1,0.0,0.0,0,0,0,0,0,0,0,0,17,2,0,0.0,0.0,0,0,0,26,12,0,,5,9,,1
1893819,Valentin Pezzolesi,valentin-pezzolesi,6577,UD Las Palmas,4.5,4.5,1,0,0,0,0,0.0,0,2,3,5,40.0,2,0,0,0,0,0.0,0,0,0,0,0,0,0.0,0,0,0,0,0.0,0,0.0,0,0.0,14,0.0,0,0,0,0,0,0,0,0,0,0,0,0,0,0,0.0,1,1,0,0,3,0,0,0,6,0,0,0,0,0,0,0,0,0,,,,0,0,0,0,0,1,0,0,0,0,0,0,0,0.0,0.0,0,0,0,0,0,0,0,0,0,1,0,0.0,0.0,0,0,0,4,1,0,,0,1,,1
1546404,Daniel Yáñez,daniel-yanez,2829,Real Madrid,0.0,0.0,0,0,0,0,0,,0,0,0,0,0.0,0,0,0,0,0,0.0,0,0,0,0,0,0,0.0,0,0,0,1,100.0,0,0.0,1,100.0,1,0.0,0,0,0,0,0,0,0,0,0,0,0,0,0,0,0.0,0,0,0,0,0,0,0,0,1,1,0,0,0,0,0,0,0,0,,,,0,0,0,0,0,0,0,0,0,0,0,0,0,0.0,0.0,0,0,0,0,0,0,0,0,0,0,0,0.0,0.0,0,0,0,0,0,0,,0,0,,1
1108451,Tadeo Allende,tadeo-allende,2821,Celta Vigo,0.0,0.0,0,0,0,0,0,0.0,0,1,2,3,33.33,0,1,0,0,0,0.0,0,0,0,0,0,0,0.0,0,0,0,0,0.0,0,0.0,0,0.0,1,0.0,0,0,0,0,0,0,0,0,0,0,0,0,0,0,0.0,0,0,0,0,3,0,0,0,4,0,0,0,0,0,0,0,0,0,,,,0,0,0,0,0,0,0,0,0,0,0,0,0,0.0,0.0,0,1,0,1,0,0,0,0,0,0,0,0.0,0.0,0,0,0,1,2,0,,0,1,,1
1526535,Lorenzo Aguado,lorenzo-aguado-herrera,2829,Real Madrid,0.0,0.0,0,0,0,0,0,0.0,0,0,0,0,0.0,0,0,0,0,0,0.0,0,0,0,0,0,0,0.0,0,0,0,0,0.0,0,0.0,0,0.0,4,0.0,0,0,0,0,0,0,0,0,0,0,0,0,0,0,0.0,2,0,0,1,1,0,0,0,4,0,0,0,0,0,0,0,0,0,,,,0,0,0,0,0,0,0,0,0,0,0,0,0,0.0,0.0,0,0,0,1,0,0,0,0,0,0,0,0.0,0.0,0,0,0,0,0,0,,0,0,,2
