player_id,player_name,player_slug,team_id,team_name,rating,totalRating,countRating,goals,bigChancesCreated,bigChancesMissed,assists,expectedAssists,goalsAssistsSum,accuratePasses,inaccuratePasses,totalPasses,accuratePassesPercentage,accurateOwnHalfPasses,accurateOppositionHalfPasses,accurateFinalThirdPasses,keyPasses,successfulDribbles,successfulDribblesPercentage,tackles,interceptions,yellowCards,directRedCards,redCards,accurateCrosses,accurateCrossesPercentage,totalShots,shotsOnTarget,shotsOffTarget,groundDuelsWon,groundDuelsWonPercentage,aerialDuelsWon,aerialDuelsWonPercentage,totalDuelsWon,totalDuelsWonPercentage,minutesPlayed,goalConversionPercentage,penaltiesTaken,penaltyGoals,penaltyWon,penaltyConceded,shotFromSetPiece,freeKickGoal,goalsFromInsideTheBox,goalsFromOutsideTheBox,shotsFromInsideTheBox,shotsFromOutsideTheBox,headedGoals,leftFootGoals,rightFootGoals,accurateLongBalls,accurateLongBallsPercentage,clearances,errorLeadToGoal,errorLeadToShot,dispossessed,possessionLost,possessionWonAttThird,totalChippedPasses,accurateChippedPasses,touches,wasFouled,fouls,hitWoodwork,ownGoals,dribbledPast,offsides,blockedShots,passToAssist,saves,kilometersCovered,numberOfSprints,topSpeed,cleanSheet,penaltyFaced,penaltySave,savedShotsFromInsideTheBox,savedShotsFromOutsideTheBox,goalsConcededInsideTheBox,goalsConcededOutsideTheBox,punches,runsOut,successfulRunsOut,highClaims,crossesNotClaimed,matchesStarted,penaltyConversion,setPieceConversion,totalAttemptAssist,totalContest,totalCross,duelLost,aerialLost,attemptPenaltyMiss,attemptPenaltyPost,attemptPenaltyTarget,totalLongBalls,goalsConceded,tacklesWon,tacklesWonPercentage,scoringFrequency,yellowRedCards,savesCaught,savesParried,totalOwnHalfPasses,totalOppositionHalfPasses,totwAppearances,expectedGoals,goalKicks,ballRecovery,outfielderBlocks,appearances
871736,Akram Tawfik,akram-tawfik,6910,Al Ahly FC,7.66,53.6,7,1,1,0,,,1,316,56,372,84.95,134,185,96,2,10,55.56,50,22,0,0,0,3,18.75,1,1,0,69,62.73,10,50.0,79,60.77,633,100.0,0,0,1,0,0,0,1,0,1,0,0,1,0,18,60.0,4,0,0,14,118,5,14,8,632,9,13,0,0,6,0,0,0,0,,,,4,0,0,0,0,3,0,0,0,0,0,0,7,0.0,0.0,2,18,16,51,10,0,0,0,30,3,37,74.0,633.0,0,0,0,146,242,2,,0,58,,8
332547,Ali Maâloul,ali-maaloul,6910,Al Ahly FC,7.55,188.8,25,8,5,0,6,,14,1277,273,1550,82.39,517,806,361,64,15,65.22,38,19,0,0,0,46,25.27,18,9,5,68,57.14,15,53.57,83,56.46,2154,44.44,6,6,0,0,3,1,6,2,11,7,0,8,0,60,42.55,18,0,0,12,471,10,148,55,2139,15,14,1,0,21,6,4,0,0,,,,16,0,0,0,0,7,0,0,0,0,0,0,24,100.0,33.33,64,23,182,64,13,0,0,0,141,7,31,81.58,269.25,0,0,0,574,1158,8,,0,175,,25
1418775,Karim Emad,karim-emad,43566,Haras El Hodoud,7.5,15.0,2,0,0,0,,,0,21,42,63,33.33,10,11,5,0,0,0.0,0,0,1,0,0,0,0.0,0,0,0,1,100.0,2,100.0,3,100.0,180,0.0,0,0,0,0,0,0,0,0,0,0,0,0,0,15,26.32,7,0,0,0,42,0,7,2,91,1,0,0,0,0,0,0,0,10,,,,0,1,0,8,2,2,0,4,0,0,1,0,2,0.0,0.0,0,0,0,0,0,0,0,0,57,2,0,0.0,0.0,0,0,2,13,50,1,,26,21,,2
547494,Zizo,zizo,42368,Zamalek SC,7.37,250.6,34,13,9,7,13,,26,1160,218,1378,84.18,245,987,515,101,53,42.4,17,12,3,0,0,72,28.92,89,29,42,136,44.88,12,41.38,148,44.58,2969,14.61,10,4,1,0,15,3,9,4,40,49,1,0,12,49,55.68,2,0,0,56,622,29,107,47,2193,66,32,3,0,11,13,18,0,0,,,,14,0,0,0,0,29,6,0,0,0,0,0,34,40.0,20.0,101,125,249,184,17,3,1,2,88,35,11,64.71,228.38,0,0,0,263,1364,10,,0,118,,34
919642,Mohamed Chibi,chibi-mohamed,175002,Pyramids FC,7.33,154.0,21,0,4,0,2,,2,921,171,1092,84.34,474,484,222,39,11,68.75,16,22,6,0,0,37,24.18,12,3,3,33,53.23,10,62.5,43,55.13,1859,0.0,0,0,0,0,2,0,0,0,6,6,0,0,0,101,62.73,32,1,0,3,350,6,122,70,1597,6,13,0,0,8,2,6,1,0,,,,11,0,0,0,0,7,2,0,0,0,0,0,23,0.0,0.0,38,16,153,35,6,0,0,0,161,9,15,93.75,0.0,0,0,0,523,722,3,,0,142,,22
244357,Hossam Hassan,hossam-hassan,43560,Al-Masry,7.3,7.3,1,0,0,0,,,0,9,4,13,69.23,2,8,2,2,1,100.0,2,0,0,0,0,1,25.0,1,1,0,4,100.0,2,66.67,6,85.71,18,0.0,0,0,0,0,0,0,0,0,0,1,0,0,0,1,50.0,0,0,0,0,9,0,1,0,25,1,0,0,0,0,0,0,0,0,,,,0,0,0,0,0,0,0,0,0,0,0,0,0,0.0,0.0,2,1,4,1,1,0,0,0,2,0,1,50.0,0.0,0,0,0,2,15,0,,0,2,,2
873544,Osama Galal,osama-galal,175002,Pyramids FC,7.29,87.5,12,1,0,0,,,1,726,115,841,86.33,473,253,57,4,5,71.43,29,21,4,1,1,0,0.0,8,2,5,41,61.19,39,58.21,80,59.7,1064,12.5,0,0,0,0,0,0,1,0,5,3,0,1,0,60,53.57,40,0,0,2,124,0,83,37,985,7,17,0,0,8,0,1,0,0,,,,6,0,0,0,0,7,0,0,0,0,0,0,12,0.0,0.0,4,7,0,54,28,0,0,0,112,7,21,72.41,1064.0,0,0,0,529,312,3,,2,80,,12
967032,Emam Ashour,emam-ashour,42368,Zamalek SC,7.28,109.2,15,2,5,2,4,,6,544,135,679,80.12,192,355,180,21,20,44.44,38,17,1,0,0,3,18.75,43,15,16,92,60.13,15,40.54,107,56.32,1291,4.65,0,0,0,0,1,0,1,1,15,28,0,0,2,58,55.24,8,0,0,21,234,11,75,37,988,35,11,1,0,6,1,12,0,0,,,,6,0,0,0,0,11,1,0,0,0,0,0,14,0.0,0.0,21,45,16,83,22,0,0,0,105,12,28,73.68,645.5,0,0,0,216,479,3,,0,106,,15
918914,Mohamed Magdy Afsha,mohamed-magdy-afsha,6910,Al Ahly FC,7.26,210.4,29,3,11,1,6,,9,1064,181,1245,85.46,332,736,394,57,18,56.25,22,9,1,0,0,4,19.05,49,20,21,67,57.76,12,57.14,79,57.66,1742,6.12,2,0,0,0,1,0,2,1,20,29,0,1,2,65,70.65,3,0,0,16,265,15,107,61,1503,27,9,2,0,12,4,8,0,0,,,,4,0,0,0,0,11,0,0,0,0,0,0,17,0.0,0.0,57,32,21,58,9,1,1,0,92,11,20,90.91,580.67,0,0,0,361,905,4,,0,132,,29
880051,Elyes Jelassi,elyes-jelassi,43560,Al-Masry,7.25,224.9,31,5,12,0,7,,12,1136,339,1475,77.02,327,843,497,77,53,63.1,17,12,6,0,0,34,20.86,37,15,11,168,58.13,6,42.86,174,57.43,2449,13.51,5,5,0,0,12,0,5,0,7,30,0,0,5,142,57.03,4,0,0,52,642,17,336,174,2108,98,21,0,0,18,3,11,1,0,,,,5,0,0,0,0,22,1,0,0,0,0,0,27,100.0,0.0,76,84,163,129,8,0,0,0,249,23,6,35.29,489.8,0,0,0,366,1272,4,,0,176,,31
918911,Samir Fekri,samir-fekri,58317,El Dakhlya,7.25,231.9,32,9,8,4,4,,13,781,265,1046,74.67,326,505,256,55,27,43.55,52,19,4,0,0,50,25.51,57,25,19,140,53.64,16,33.33,156,50.49,2611,15.79,5,5,1,0,4,0,7,2,34,23,0,2,7,46,46.94,15,0,0,31,552,22,93,45,1731,62,45,1,0,13,5,13,0,0,,,,0,0,0,0,0,32,4,0,0,0,0,0,29,100.0,0.0,55,62,196,153,32,0,0,0,98,36,37,71.15,290.11,0,0,0,380,862,8,,0,186,,33
885817,Hossam Hassan,hossam-hassan,43563,Smouha,7.23,130.2,18,7,4,1,5,,12,247,107,354,69.77,67,182,99,13,5,33.33,17,3,3,0,0,2,20.0,55,24,21,45,41.67,46,40.71,91,41.18,1309,12.73,2,2,1,0,0,0,7,0,45,10,1,0,6,7,58.33,6,0,0,25,195,12,16,10,586,24,26,2,0,4,9,10,0,0,,,,3,0,0,0,0,21,0,0,0,0,0,0,14,100.0,0.0,13,15,10,130,67,0,0,0,12,21,13,76.47,187.0,0,0,0,77,287,3,,0,39,,19
1102389,Amr El-Solia,amr-el-solia,6910,Al Ahly FC,7.21,136.9,19,4,4,1,3,,7,685,168,853,80.3,254,434,201,22,4,25.0,39,16,1,0,0,3,50.0,26,7,12,47,47.47,16,66.67,63,51.22,1288,15.38,2,2,0,0,0,0,3,1,10,16,1,0,3,69,54.33,24,0,0,8,220,14,114,60,1061,4,23,0,0,11,0,7,0,0,,,,5,0,0,0,0,3,0,0,0,0,0,0,14,100.0,0.0,22,16,6,60,8,0,0,0,127,3,29,74.36,322.0,0,0,0,277,582,3,,0,119,,19
1172638,Abdelrahman Samir,abdelrahman-samir,43564,ENPPI,7.2,14.4,2,0,0,0,,,0,32,24,56,57.14,26,6,2,0,0,0.0,0,0,1,0,0,0,0.0,0,0,0,1,100.0,0,0.0,1,100.0,180,0.0,0,0,0,0,0,0,0,0,0,0,0,0,0,11,31.43,1,0,0,0,25,0,29,9,84,1,0,0,0,0,0,0,0,6,,,,1,0,0,4,2,2,0,0,1,1,1,0,2,0.0,0.0,0,0,0,0,0,0,0,0,35,2,0,0.0,0.0,0,0,2,29,27,0,,15,27,,2
1013783,Ahmed Abdel Aziz,ahmed-abdel-aziz,43563,Smouha,7.2,14.4,2,0,0,0,,,0,23,14,37,62.16,12,13,7,0,0,0.0,5,3,0,0,0,2,16.67,0,0,0,9,81.82,0,0.0,9,75.0,180,0.0,0,0,0,0,0,0,0,0,0,0,0,0,0,0,0.0,9,0,0,0,27,0,5,1,91,4,1,0,0,0,0,0,0,0,,,,1,0,0,0,0,2,0,0,0,0,0,0,2,0.0,0.0,0,1,12,3,1,0,0,0,5,2,3,60.0,0.0,0,0,0,17,32,0,,0,9,,2
918506,Mohanad Lasheen,mohanad-lasheen,265830,Modern Sport FC,7.19,194.2,27,1,0,0,,,1,1328,246,1574,84.37,614,720,316,11,18,50.0,104,32,6,0,0,6,13.64,20,3,11,165,62.98,28,50.91,193,60.88,2110,5.0,1,1,0,0,1,0,1,0,7,13,0,0,1,136,63.85,28,0,0,19,353,8,175,102,2023,43,31,1,0,32,0,6,0,0,,,,9,0,0,0,0,17,4,0,0,0,0,0,22,100.0,0.0,11,36,44,124,27,0,0,0,213,21,81,77.88,2110.0,0,0,0,685,933,6,,0,193,,27
933780,Aliou Dieng,aliou-dieng,6910,Al Ahly FC,7.19,208.5,29,2,4,0,2,,4,1475,197,1672,88.22,668,808,317,22,27,72.97,68,40,2,0,0,1,16.67,19,8,4,110,59.78,25,58.14,135,59.47,2239,10.53,0,0,0,1,0,0,2,0,7,12,0,0,2,94,69.12,15,0,0,17,265,5,108,65,2008,15,33,0,0,16,1,7,0,0,,,,14,0,0,0,0,8,0,0,0,0,0,0,25,0.0,0.0,22,37,6,92,18,0,0,0,136,8,43,63.24,1119.5,0,0,0,726,952,1,,0,210,,29
826545,Mohamed Hany,mohamed-hany,6910,Al Ahly FC,7.18,136.4,19,0,2,0,2,,2,779,144,923,84.4,352,441,180,17,8,40.0,41,20,3,0,0,14,21.21,17,5,4,73,57.94,18,46.15,91,55.15,1616,0.0,0,0,1,0,0,0,0,0,5,12,0,0,0,48,52.17,28,0,0,10,270,7,101,52,1398,24,20,0,0,12,3,8,0,0,,,,10,0,0,0,0,5,0,0,0,0,0,0,18,0.0,0.0,17,20,66,74,21,0,0,0,92,5,24,58.54,0.0,0,0,0,382,607,1,,0,95,,21
918494,Essam Tharwat,essam-tharwat,43560,Al-Masry,7.18,100.5,14,0,0,0,,,0,164,141,305,53.77,95,69,16,0,0,0.0,1,0,1,0,0,0,0.0,0,0,0,8,80.0,6,66.67,14,73.68,1190,0.0,0,0,0,0,0,0,0,0,0,0,0,0,0,92,40.17,16,0,0,0,145,0,88,30,429,9,0,0,0,2,0,0,0,43,,,,6,2,0,27,15,11,0,9,3,3,5,0,13,0.0,0.0,0,0,0,5,3,0,0,0,229,11,1,100.0,0.0,0,0,9,114,191,2,,114,138,,14
918874,Ahmed El Sheikh,el-sheikh-ahmed,58319,Ghazl El Mahalla FC,7.16,229.0,32,10,4,2,1,,11,525,200,725,72.41,152,402,219,47,30,62.5,17,7,2,0,0,29,17.37,65,29,28,73,50.34,4,10.26,77,41.85,2552,15.38,4,4,2,0,11,0,9,1,32,33,1,0,9,46,56.1,8,0,0,29,448,13,96,42,1221,26,20,1,0,15,16,8,1,0,,,,4,0,0,0,0,34,6,0,0,0,0,0,29,100.0,0.0,46,48,167,107,35,0,0,0,82,40,13,76.47,255.2,0,0,0,187,705,5,,1,121,,33
804430,Ali Gabr,ali-gabr,175002,Pyramids FC,7.15,178.7,25,1,0,3,,,1,1472,217,1689,87.15,1046,426,84,3,1,100.0,32,31,4,0,1,0,0.0,13,6,7,36,61.02,76,81.72,112,73.68,2295,7.69,0,0,0,1,0,0,1,0,13,0,0,0,1,111,52.36,104,0,0,2,231,1,165,86,1936,3,18,0,0,3,2,0,0,0,,,,13,0,0,0,0,14,2,0,0,0,0,0,26,0.0,0.0,3,1,1,40,17,0,0,0,212,16,22,68.75,2295.0,1,0,0,1129,561,6,,0,161,,26
333447,Mahmoud Metwaly,mahmoud-metwaly,6910,Al Ahly FC,7.13,114.1,16,1,0,0,1,,2,749,170,919,81.5,511,238,63,3,1,100.0,27,26,4,0,0,0,0.0,8,2,5,43,61.43,29,50.0,72,56.25,1350,12.5,0,0,0,0,0,0,1,0,8,0,1,0,0,74,43.79,41,0,0,4,184,0,93,43,1081,15,17,0,0,7,0,1,0,0,,,,12,0,0,0,0,3,0,0,0,0,0,0,15,0.0,0.0,3,1,1,56,29,0,0,0,169,3,18,66.67,1350.0,0,0,0,579,341,2,,0,133,,17
871735,Mohamed El-Shenawy,mohamed-el-shenawy,6910,Al Ahly FC,7.13,206.7,29,0,0,0,,,0,421,213,634,66.4,346,75,19,1,0,0.0,2,0,2,1,1,0,0.0,0,0,0,13,86.67,11,100.0,24,92.31,2599,0.0,0,0,0,1,0,0,0,0,0,0,0,0,0,156,43.45,19,0,1,0,219,0,137,63,903,11,2,0,0,0,0,0,0,66,,,,17,4,2,34,32,13,0,12,7,7,22,0,29,0.0,0.0,1,0,0,2,0,0,0,0,359,13,1,50.0,0.0,0,0,10,409,225,1,,180,258,,29
1013699,Marwan Attia,attia-marwan,6910,Al Ahly FC,7.13,192.4,27,1,1,1,1,,2,1382,211,1593,86.75,645,749,305,22,11,55.0,60,44,5,0,0,12,36.36,51,12,18,86,51.5,12,54.55,98,51.85,1950,1.96,0,0,0,0,0,0,1,0,8,43,0,0,1,152,70.37,12,0,0,22,292,10,206,129,1954,15,21,1,0,30,3,21,0,0,,,,7,0,0,0,0,17,0,0,0,0,0,0,23,0.0,0.0,22,20,33,91,10,0,0,0,216,17,43,71.67,1950.0,0,0,0,690,936,4,,0,173,,27
918884,Ali Lotfi,ali-lotfi,6910,Al Ahly FC,7.13,28.5,4,0,0,0,,,0,59,10,69,85.51,55,4,0,0,0,0.0,0,0,0,0,0,0,0.0,0,0,0,1,100.0,0,0.0,1,100.0,270,0.0,0,0,0,0,0,0,0,0,0,0,0,0,0,17,65.38,1,0,0,0,11,0,12,7,89,1,0,0,0,0,0,0,0,5,,,,3,0,0,4,1,0,0,1,1,1,3,0,3,0.0,0.0,0,0,0,0,0,0,0,0,26,0,0,0.0,0.0,0,0,2,59,10,0,,13,20,,5
560158,Mohamed Awad,mohamed-awad,42368,Zamalek SC,7.12,113.9,16,0,0,0,,,0,164,149,313,52.4,135,29,12,0,0,0.0,0,0,2,0,0,0,0.0,0,0,0,4,100.0,1,100.0,5,100.0,1440,0.0,0,0,0,0,0,0,0,0,0,0,0,0,0,54,27.0,16,1,0,0,151,0,28,9,491,4,0,0,0,0,0,0,0,47,,,,8,0,0,26,21,12,2,9,5,5,5,0,16,0.0,0.0,0,0,0,0,0,0,0,0,200,14,0,0.0,0.0,0,0,11,152,161,2,,123,146,,16
826544,Basem Ali,basem-ali,265830,Modern Sport FC,7.12,192.2,27,2,0,1,1,,3,953,273,1226,77.73,500,465,202,13,10,55.56,76,49,3,0,0,12,21.43,11,5,4,98,63.64,36,62.07,134,63.21,2142,18.18,0,0,0,0,0,0,2,0,7,4,0,1,1,72,47.68,49,0,0,10,396,6,125,62,1825,12,24,0,1,18,1,2,0,0,,,,11,0,0,0,0,12,4,0,0,0,0,0,24,0.0,0.0,13,18,56,78,22,0,0,0,151,16,51,67.11,1071.0,0,0,0,603,679,3,,0,156,,27
918606,Hussein El Shahat,hussein-el-shahat,6910,Al Ahly FC,7.11,135.0,19,4,7,3,5,,9,462,151,613,75.37,118,359,201,33,14,32.56,11,9,0,0,0,15,27.27,38,14,13,37,34.91,10,58.82,47,38.21,1258,10.53,2,0,2,0,0,0,3,1,27,11,0,0,4,21,52.5,4,0,0,18,285,10,50,26,899,12,14,1,0,13,8,11,2,0,,,,2,0,0,0,0,5,0,0,0,0,0,0,14,0.0,0.0,31,43,55,76,7,1,1,0,40,5,6,54.55,314.5,0,0,0,131,537,1,,0,58,,21
333459,Mahmoud Hamdi,mahmoud-hamdi,42368,Zamalek SC,7.1,56.8,8,1,0,0,,,1,274,69,343,79.88,216,58,16,0,0,0.0,8,12,0,0,0,0,0.0,3,1,2,16,88.89,21,65.63,37,74.0,591,33.33,0,0,0,0,0,0,1,0,3,0,1,0,0,29,44.62,23,0,0,0,70,0,54,22,412,8,2,0,0,0,0,0,0,0,,,,3,0,0,0,0,8,0,0,0,0,0,0,7,0.0,0.0,0,0,1,13,11,0,0,0,65,8,7,87.5,591.0,0,0,0,243,101,1,,0,38,,8
918715,Mahmoud El Sayed,mahmoud-el-sayed,241703,Pharco FC,7.1,7.1,1,0,0,0,,,0,16,5,21,76.19,15,1,0,0,0,0.0,0,0,0,0,0,0,0.0,0,0,0,2,100.0,0,0.0,2,100.0,90,0.0,0,0,0,0,0,0,0,0,0,0,0,0,0,3,37.5,2,0,0,0,5,0,1,1,35,2,0,0,0,0,0,0,0,3,,,,0,1,0,1,2,1,0,2,0,0,2,0,1,0.0,0.0,0,0,0,0,0,0,0,0,8,1,0,0.0,0.0,0,0,1,16,5,0,,4,12,,1
873546,Mahmoud Marei,mahmoud-marei,265830,Modern Sport FC,7.09,163.1,23,0,1,0,1,,1,1318,217,1535,85.86,822,496,170,4,7,63.64,35,35,4,0,1,0,0.0,1,0,1,60,62.5,35,56.45,95,60.13,2011,0.0,0,0,0,0,0,0,0,0,1,0,0,0,0,145,56.86,54,0,0,6,243,0,207,114,1760,18,18,1,0,8,0,0,0,0,,,,13,0,0,0,0,11,1,0,0,0,0,0,23,0.0,0.0,4,11,1,63,27,0,0,0,255,12,23,65.71,0.0,1,0,0,897,639,3,,3,143,,23
926506,Mohamed Abdelmonem,mohamed-abdelmonem,6910,Al Ahly FC,7.09,148.9,21,0,0,0,,,0,1029,132,1161,88.63,688,343,70,3,7,70.0,28,29,7,0,0,2,100.0,8,0,7,42,59.15,53,72.6,95,65.97,1855,0.0,0,0,0,0,0,0,0,0,6,2,0,0,0,67,61.47,48,0,0,2,153,1,72,39,1365,8,13,0,1,12,0,1,0,0,,,,12,0,0,0,0,8,0,0,0,0,0,0,21,0.0,0.0,3,10,2,49,20,0,0,0,109,8,19,67.86,0.0,0,0,0,745,418,1,,0,170,,21
880622,Ahmed Fatouh,ahmed-fatouh,42368,Zamalek SC,7.09,134.7,19,2,0,0,3,,5,863,192,1055,81.8,373,498,244,21,17,56.67,28,32,2,0,0,8,21.62,7,3,1,77,57.46,16,53.33,93,56.71,1454,28.57,0,0,1,0,0,0,1,1,4,3,0,0,2,60,47.24,24,0,0,13,290,4,114,57,1483,32,21,0,1,11,0,3,1,0,,,,8,0,0,0,0,8,3,0,0,0,0,0,15,0.0,0.0,20,30,37,71,14,0,0,0,127,11,20,71.43,727.0,0,0,0,422,670,1,,0,107,,19
841004,Joseph Jonathan Ngwem,joseph-jonathan-ngwem,265830,Modern Sport FC,7.08,212.5,30,2,6,0,5,,7,1127,272,1399,80.56,586,576,231,30,10,47.62,42,24,6,0,0,35,18.52,19,4,8,73,50.0,35,58.33,108,52.43,2595,10.53,0,0,0,1,4,0,2,0,11,8,0,2,0,78,50.32,44,0,0,23,551,11,125,62,2142,21,28,1,0,13,5,7,0,0,,,,15,0,0,0,0,15,4,0,0,0,0,0,29,0.0,0.0,30,21,189,98,25,0,0,0,155,19,31,73.81,1297.5,0,0,0,688,900,3,,0,223,,30
1101624,Mahmoud Saber,mahmoud-saber,175002,Pyramids FC,7.08,77.9,11,2,2,0,2,,4,253,47,300,84.33,102,152,74,8,1,25.0,15,6,1,0,0,1,12.5,12,5,4,30,60.0,5,55.56,35,59.32,675,16.67,0,0,0,0,0,0,0,1,2,10,0,1,0,28,82.35,2,0,0,5,67,6,32,20,388,15,11,1,0,1,4,3,0,0,,,,2,0,0,0,0,2,0,0,0,0,0,0,8,0.0,0.0,8,4,8,24,4,0,0,0,34,2,9,60.0,337.5,0,0,0,110,198,2,,0,36,,15
1063327,Hossam Abdelmaguid,hossam-abdelmaguid,42368,Zamalek SC,7.08,205.2,29,3,0,0,,,3,1181,239,1420,83.17,819,362,91,3,2,40.0,34,33,4,0,0,0,0.0,18,7,8,43,53.09,87,66.92,130,61.61,2488,16.67,0,0,0,1,0,0,3,0,18,0,3,0,0,99,50.25,120,2,1,4,263,1,109,45,1750,7,21,0,0,10,0,3,0,0,,,,12,0,0,0,0,23,4,0,0,0,0,0,28,0.0,0.0,3,5,1,81,43,0,0,0,197,27,23,67.65,829.33,0,0,0,933,488,5,,0,192,,29
982240,Karim Fouad,karim-fouad,6910,Al Ahly FC,7.08,84.9,12,2,2,3,3,,5,203,67,270,75.19,58,153,91,13,11,61.11,13,13,2,0,0,8,30.77,18,7,7,34,55.74,10,38.46,44,50.57,697,11.11,0,0,1,0,1,0,2,0,15,3,0,0,2,6,37.5,5,0,0,8,126,6,20,8,453,10,11,1,0,3,3,4,0,0,,,,0,0,0,0,0,5,0,0,0,0,0,0,8,0.0,0.0,13,18,26,43,16,0,0,0,16,5,9,69.23,348.5,0,0,0,73,223,1,,0,33,,12
804375,Walid El Karti,walid-el-karti,175002,Pyramids FC,7.07,162.7,23,2,7,1,9,,11,1035,218,1253,82.6,426,614,282,38,7,25.0,31,26,2,1,1,5,41.67,22,5,12,64,42.38,38,66.67,102,49.04,1848,9.09,0,0,0,0,0,0,2,0,13,9,1,1,0,92,58.97,13,0,0,28,317,18,167,81,1535,26,20,0,0,20,4,5,0,0,,,,7,0,0,0,0,11,1,0,0,0,0,0,23,0.0,0.0,38,28,12,106,19,0,0,0,156,12,22,70.97,924.0,0,0,0,462,803,5,,0,131,,23
918572,Mohamed Magdi Abdel Fattah,mohamed-magdi-abdel-fattah,58317,El Dakhlya,7.07,21.2,3,0,0,0,,,0,29,36,65,44.62,8,21,2,0,0,0.0,0,0,0,0,0,0,0.0,0,0,0,2,100.0,2,100.0,4,100.0,270,0.0,0,0,0,0,0,0,0,0,0,0,0,0,0,24,40.68,8,0,0,0,36,0,22,11,94,2,0,0,0,0,0,0,0,9,,,,1,1,1,9,0,4,0,2,0,0,2,0,3,0.0,0.0,0,0,0,0,0,0,0,0,59,4,0,0.0,0.0,0,0,0,19,46,0,,31,24,,3
918913,Hamdy Fathy,hamdi-fathi,6910,Al Ahly FC,7.06,98.9,14,1,2,0,3,,4,587,108,695,84.46,242,345,134,12,1,25.0,19,21,3,0,0,0,0.0,17,3,8,52,59.09,18,56.25,70,58.33,1105,5.88,0,0,0,0,0,0,1,0,8,9,0,0,1,42,65.63,15,0,0,7,149,6,57,34,876,33,15,1,0,12,0,6,0,0,,,,5,0,0,0,0,5,0,0,0,0,0,0,13,0.0,0.0,12,4,3,50,14,0,0,0,64,5,11,57.89,1105.0,0,0,0,276,422,1,,0,75,,17
333341,Mabululu,mabululu,35187,Al-Ittihad Alexandria,7.06,226.0,32,16,1,6,2,,18,349,109,458,76.2,104,245,122,21,20,51.28,17,2,4,0,0,0,0.0,69,27,33,61,42.96,31,37.35,92,40.89,2063,23.19,3,1,1,0,0,0,14,2,53,16,4,5,7,20,68.97,26,0,0,27,228,14,38,24,772,24,31,2,0,8,13,9,0,0,,,,2,0,0,0,0,27,3,0,0,0,0,0,23,33.33,0.0,21,39,3,133,52,1,1,0,29,30,15,88.24,128.94,0,0,0,127,334,6,,0,47,,32
198472,Abdallah El-Said,abdallah-el-said,175002,Pyramids FC,7.06,127.1,18,1,6,0,3,,4,621,185,806,77.05,179,467,258,35,12,42.86,10,7,0,0,1,25,31.25,25,5,9,39,45.88,3,33.33,42,44.68,1247,4.0,0,0,0,0,2,0,1,0,9,16,0,0,1,62,65.26,13,0,0,19,314,3,118,67,1078,17,6,0,0,6,4,11,0,0,,,,2,0,0,0,0,9,1,0,0,0,0,0,13,0.0,0.0,35,28,80,52,6,0,0,0,95,10,5,50.0,1247.0,1,0,0,203,683,3,,0,75,,18
105423,Mahmoud Abou El-Saoud,mahmoud-abou-el-saoud,42365,Arab Contractors FC,7.06,240.0,34,0,0,0,,,0,246,281,527,46.68,137,109,24,0,0,0.0,1,0,1,0,0,0,0.0,0,0,0,20,100.0,5,100.0,25,100.0,3060,0.0,0,0,0,0,0,0,0,0,0,0,0,0,0,148,35.07,59,0,0,0,291,0,125,53,834,20,0,0,1,0,0,0,0,89,,,,14,12,2,51,38,30,3,46,2,2,28,0,34,0.0,0.0,0,0,0,0,0,0,0,0,422,33,0,0.0,0.0,0,1,22,164,363,3,,240,257,,34
841938,Mahmoud Genesh,mahmoud-genesh,265830,Modern Sport FC,7.05,176.3,25,0,0,0,,,0,405,194,599,67.61,365,40,16,0,0,0.0,0,0,2,0,0,0,0.0,0,0,0,10,90.91,8,88.89,18,90.0,2236,0.0,0,0,0,0,0,0,0,0,0,0,0,0,0,95,33.33,27,2,0,0,204,0,74,31,830,12,0,0,0,1,0,0,0,56,,,,13,3,0,37,19,13,3,12,6,6,12,0,25,0.0,0.0,0,0,0,2,1,0,0,0,285,16,0,0.0,0.0,0,3,10,417,182,2,,201,245,,25
1012578,Mohamed Ismail,mohamed-ismail,43564,ENPPI,7.05,14.1,2,0,0,0,,,0,50,18,68,73.53,32,18,9,0,2,100.0,4,2,0,0,0,0,0.0,1,0,1,10,83.33,9,81.82,19,82.61,136,0.0,0,0,0,0,0,0,0,0,1,0,0,0,0,5,50.0,4,0,0,0,23,0,9,4,93,4,2,0,0,0,0,0,0,0,,,,0,0,0,0,0,2,1,0,0,0,0,0,2,0.0,0.0,0,2,0,4,2,0,0,0,10,3,3,75.0,0.0,0,0,0,35,33,0,,0,9,,3
918682,Ibrahim El Kadi,ibrahim-el-kadi,43566,Haras El Hodoud,7.05,162.1,23,1,0,0,,,1,580,219,799,72.59,400,181,59,8,13,81.25,38,45,5,0,0,1,50.0,11,4,6,66,70.97,50,63.29,116,67.44,2004,9.09,0,0,0,1,0,0,1,0,9,2,1,0,0,66,36.87,100,0,0,3,252,2,124,39,1128,15,11,0,0,12,1,1,0,0,,,,5,0,0,0,0,22,3,0,0,0,0,0,23,0.0,0.0,8,16,2,56,29,0,0,0,179,25,25,65.79,2004.0,0,0,0,488,313,3,,1,180,,23
918591,Ragab Nabil,ragab-nabil,371622,Cleopatra FC,7.05,218.4,31,2,0,2,,,2,1177,293,1470,80.07,701,476,131,2,2,100.0,46,39,5,0,0,0,0.0,13,5,7,71,61.74,109,65.66,180,64.06,2770,15.38,1,1,0,0,0,0,2,0,12,1,1,0,1,125,47.71,98,0,0,3,310,1,159,68,1787,23,35,1,1,10,0,1,0,0,,,,11,0,0,0,0,24,4,0,0,0,0,0,32,100.0,0.0,2,2,1,101,57,0,0,0,262,28,31,67.39,1385.0,0,0,0,803,668,1,,0,147,,31
1050729,Mohamed Shokry,mohamed-shokry,371622,Cleopatra FC,7.04,204.2,29,1,6,0,6,,7,865,312,1177,73.49,373,532,249,47,24,53.33,60,68,4,0,0,40,21.86,27,4,10,109,47.81,37,50.0,146,48.34,2544,3.7,0,0,0,2,7,0,0,1,5,22,0,1,0,58,44.96,46,0,0,41,607,11,136,53,2060,26,38,0,0,26,5,13,0,0,,,,11,0,0,0,0,21,2,0,0,0,0,0,30,0.0,0.0,47,45,183,156,37,0,0,0,129,23,38,63.33,2544.0,0,0,0,464,896,2,,0,196,,29
159645,Mahmoud Alaa,mahmoud-alaa,35187,Al-Ittihad Alexandria,7.04,147.8,21,4,0,7,,,4,841,196,1037,81.1,603,238,82,3,0,0.0,19,32,2,0,2,0,0.0,24,10,8,24,50.0,40,56.34,64,53.78,1829,16.67,3,1,0,1,0,0,4,0,22,2,1,0,3,113,45.02,73,0,0,2,213,0,167,76,1263,5,18,0,0,5,5,6,0,0,,,,9,0,0,0,0,18,0,0,0,0,0,0,21,33.33,0.0,3,0,2,55,31,1,0,1,251,18,15,78.95,457.25,2,0,0,660,379,2,,4,107,,21
1393731,Omar Fayed,omar-fayed,42365,Arab Contractors FC,7.03,161.8,23,0,0,0,,,0,548,282,830,66.02,291,259,102,5,19,82.61,67,46,7,0,0,2,20.0,8,0,6,109,69.43,49,69.01,158,69.3,1989,0.0,0,0,0,1,0,0,0,0,7,1,0,0,0,79,34.8,80,0,0,7,325,2,130,42,1189,23,26,0,0,11,0,2,0,0,,,,9,0,0,0,0,18,2,0,0,0,0,0,23,0.0,0.0,5,23,10,70,22,0,0,0,227,20,49,73.13,0.0,0,0,0,369,471,3,,1,180,,25
918570,Mohamed Fawzi,mohamed-fawzi,42366,Ismaily,7.02,91.3,13,0,0,0,,,0,127,105,232,54.74,79,48,13,0,0,0.0,0,0,1,0,0,0,0.0,0,0,0,3,100.0,1,100.0,4,100.0,1060,0.0,0,0,0,0,0,0,0,0,0,0,0,0,0,71,40.8,9,0,0,0,107,0,35,16,335,3,0,0,0,0,0,0,0,28,,,,3,2,2,12,15,10,1,5,2,2,8,0,12,0.0,0.0,0,0,0,0,0,0,0,0,174,11,0,0.0,0.0,0,1,12,102,130,1,,104,110,,13
873548,Nasser Maher,nasser-maher,265830,Modern Sport FC,7.01,154.2,22,1,3,1,3,,4,650,129,779,83.44,191,475,242,32,22,55.0,20,5,1,0,0,16,28.07,29,15,8,80,58.82,3,20.0,83,54.97,1460,3.45,0,0,0,0,1,0,0,1,14,15,0,0,1,35,60.34,0,0,0,20,267,7,63,28,1090,38,7,1,0,12,2,6,0,0,,,,3,0,0,0,0,6,2,0,0,0,0,0,17,0.0,0.0,32,40,57,68,12,0,0,0,58,8,18,90.0,1460.0,0,0,0,210,626,1,,0,79,,22
1426405,Ahmed Kalosha,ahmed-kalosha,43564,ENPPI,7.01,210.2,30,2,4,3,3,,5,902,347,1249,72.22,543,363,132,14,6,60.0,49,31,3,0,0,4,50.0,16,3,11,70,70.71,73,66.97,143,68.75,2693,12.5,0,0,0,1,0,0,2,0,15,1,2,0,0,160,44.69,147,1,0,3,374,0,252,112,1616,15,13,2,0,12,1,2,0,0,,,,11,0,0,0,0,30,3,0,0,0,0,0,30,0.0,0.0,14,10,8,65,36,0,0,0,358,33,34,69.39,1346.5,0,0,0,669,588,5,,0,175,,30
967091,Mohamed Reda,mohamed-reda,43566,Haras El Hodoud,7.0,168.1,24,0,2,0,1,,1,319,178,497,64.19,160,192,65,23,17,70.83,43,24,1,0,0,33,27.97,15,8,5,70,67.31,23,60.53,93,65.49,1690,0.0,0,0,0,0,0,0,0,0,10,5,0,0,0,40,37.74,36,0,0,7,363,1,78,28,993,10,15,2,0,8,1,2,0,0,,,,3,0,0,0,0,23,3,0,0,0,0,0,19,0.0,0.0,23,24,118,49,15,0,0,0,106,26,31,72.09,0.0,0,0,0,224,391,1,,0,89,,24
841931,Ahmed El-Shenawy,el-shenawy-ahmed,175002,Pyramids FC,7.0,224.1,32,0,0,0,,,0,531,196,727,73.04,476,55,13,0,0,0.0,0,0,1,0,0,0,0.0,0,0,0,17,94.44,14,100.0,31,96.88,2875,0.0,0,0,0,0,0,0,0,0,0,0,0,0,0,135,41.54,29,0,0,0,203,0,145,62,1022,18,0,0,0,1,0,0,0,55,,,,18,5,1,35,20,20,2,14,13,13,31,0,33,0.0,0.0,0,0,0,1,0,0,0,0,325,22,0,0.0,0.0,0,1,8,528,199,1,,239,274,,32
1491656,Adnan Osman,adnan-osman,43560,Al-Masry,7.0,7.0,1,0,0,0,,,0,4,7,11,36.36,3,1,1,0,0,0.0,4,0,0,0,0,0,0.0,0,0,0,5,71.43,1,100.0,6,75.0,45,0.0,0,0,0,0,0,0,0,0,0,0,0,0,0,0,0.0,0,0,0,1,16,0,2,0,35,1,1,0,0,0,0,0,0,0,,,,0,0,0,0,0,0,0,0,0,0,0,0,0,0.0,0.0,0,0,4,2,0,0,0,0,1,0,3,75.0,0.0,0,0,0,6,9,0,,0,3,,1
841932,Ramzi Khaled,ramzi-khaled,43566,Haras El Hodoud,7.0,7.0,1,0,0,0,,,0,17,10,27,62.96,9,9,3,1,1,50.0,2,0,0,0,0,1,25.0,0,0,0,7,87.5,1,50.0,8,80.0,51,0.0,0,0,0,0,0,0,0,0,0,0,0,0,0,1,50.0,0,0,0,0,16,0,2,1,44,4,0,0,0,0,0,0,0,0,,,,0,0,0,0,0,0,0,0,0,0,0,0,1,0.0,0.0,1,2,4,2,1,0,0,0,2,0,2,100.0,0.0,0,0,0,13,18,0,,0,5,,2
1048378,Mostafa Shobeir,mostafa-shobeir,6910,Al Ahly FC,7.0,21.0,3,0,0,0,,,0,35,13,48,72.92,32,3,0,0,0,0.0,0,0,0,0,0,0,0.0,0,0,0,2,100.0,0,0.0,2,100.0,192,0.0,0,0,0,0,0,0,0,0,0,0,0,0,0,8,38.1,2,0,0,0,14,0,11,5,68,2,0,0,0,0,0,0,0,2,,,,2,0,0,2,0,0,0,2,0,0,0,0,2,0.0,0.0,0,0,0,0,0,0,0,0,21,0,0,0.0,0.0,0,0,0,35,13,0,,8,17,,3
1049219,Karim El Debes,karim-eldbees,6910,Al Ahly FC,7.0,14.0,2,0,0,0,,,0,65,15,80,81.25,37,31,10,2,2,66.67,4,6,0,0,0,3,75.0,1,0,0,7,70.0,0,0.0,7,70.0,186,0.0,0,0,0,0,0,0,0,0,1,0,0,0,0,2,25.0,4,0,0,0,20,0,7,2,125,1,1,0,0,1,0,1,0,0,,,,1,0,0,0,0,3,0,0,0,0,0,0,2,0.0,0.0,2,3,4,3,0,0,0,0,8,3,4,100.0,0.0,0,0,0,41,43,0,,0,13,,3
1094439,Ahmed Eid,ahmed-eid,42365,Arab Contractors FC,7.0,14.0,2,0,0,0,,,0,43,17,60,71.67,28,15,7,0,0,0.0,6,3,1,0,0,0,0.0,0,0,0,7,63.64,2,100.0,9,69.23,169,0.0,0,0,0,0,0,0,0,0,0,0,0,0,0,9,52.94,3,0,0,0,20,0,5,3,82,1,4,0,0,0,0,0,0,0,,,,0,0,0,0,0,0,1,0,0,0,0,0,2,0.0,0.0,0,0,0,4,0,0,0,0,17,1,6,100.0,0.0,0,0,0,37,23,0,,0,10,,4
1172257,Karim Halawa,karim-halawa,43561,Tala'ea El-Gaish,7.0,7.0,1,0,0,0,,,0,17,9,26,65.38,5,14,7,1,1,25.0,6,1,2,0,0,2,50.0,1,0,1,10,62.5,2,66.67,12,63.16,130,0.0,0,0,0,0,0,0,0,0,0,1,0,0,0,4,66.67,0,0,0,0,20,1,3,2,56,3,3,0,0,0,0,0,0,0,,,,0,0,0,0,0,0,0,0,0,0,0,0,2,0.0,0.0,1,4,4,7,1,0,0,0,6,0,6,100.0,0.0,0,0,0,8,22,0,,0,6,,7
1508227,Mahmoud Ouka,mahmoud-ooka,175002,Pyramids FC,7.0,7.0,1,0,1,0,1,,1,2,0,2,100.0,0,2,1,1,0,0.0,0,0,0,0,0,0,0.0,0,0,0,0,0.0,1,100.0,1,50.0,27,0.0,0,0,0,0,0,0,0,0,0,0,0,0,0,0,0.0,0,0,0,1,1,0,0,0,3,0,0,0,0,0,0,0,0,0,,,,0,0,0,0,0,0,0,0,0,0,0,0,0,0.0,0.0,1,0,0,1,0,0,0,0,0,0,0,0.0,0.0,0,0,0,0,2,0,,0,1,,2
966967,Omar Fathi Saviola,omar-fathi,42365,Arab Contractors FC,7.0,174.9,25,5,7,2,2,,7,371,141,512,72.46,128,264,141,33,24,51.06,29,10,5,0,1,21,31.82,49,19,16,90,49.45,9,32.14,99,47.14,1441,10.2,1,0,1,0,11,1,3,2,19,30,0,0,5,28,45.9,5,0,0,22,287,8,63,24,886,37,36,0,0,17,4,14,0,0,,,,0,0,0,0,0,11,2,0,0,0,0,0,18,0.0,9.09,33,47,66,111,19,1,0,0,61,13,20,68.97,288.2,1,0,0,143,435,2,,0,103,,28
844763,Ramadan Sobhi,ramadan-sobhi,175002,Pyramids FC,6.99,125.9,18,6,7,3,7,,13,570,126,696,81.9,131,441,246,37,18,42.86,15,6,5,0,0,2,22.22,24,9,9,54,37.24,9,39.13,63,37.5,1494,25.0,2,1,0,0,0,0,6,0,19,5,0,1,5,17,68.0,7,0,0,35,240,23,27,13,951,22,28,0,0,7,5,6,0,0,,,,5,0,0,0,0,8,2,0,0,0,0,0,16,50.0,0.0,37,42,9,105,14,1,0,0,25,10,11,73.33,249.0,0,0,0,145,560,2,,0,82,,18
244361,Mohamed Bassam,mohamed-bassam,371622,Cleopatra FC,6.99,216.8,31,0,0,0,,,0,379,241,620,61.13,273,106,41,0,2,66.67,1,0,1,0,0,0,0.0,0,0,0,11,84.62,9,100.0,20,90.91,2790,0.0,0,0,0,0,0,0,0,0,0,0,0,0,0,162,40.81,21,2,0,0,244,0,131,59,885,10,0,0,0,1,0,0,0,89,,,,12,2,0,53,36,25,4,14,4,4,24,1,32,0.0,0.0,0,3,0,2,0,0,0,0,397,29,1,100.0,0.0,0,0,19,311,309,3,,229,273,,31
971563,Serge Aka,serge-aka,42366,Ismaily,6.99,97.9,14,0,0,0,,,0,539,102,641,84.09,281,259,112,6,16,72.73,42,12,2,0,0,1,33.33,8,2,4,71,56.8,4,25.0,75,53.19,1179,0.0,0,0,0,1,1,0,0,0,1,7,0,0,0,56,62.92,8,0,0,5,124,7,93,64,801,13,30,0,0,18,1,2,0,0,,,,1,0,0,0,0,14,1,0,0,0,0,0,14,0.0,0.0,6,22,3,66,12,0,0,0,89,15,29,69.05,0.0,0,0,0,306,338,1,,0,99,,14
918662,Mohamed Dabash,mohamed-dabash,43560,Al-Masry,6.99,83.9,12,1,0,0,,,1,520,96,616,84.42,374,146,33,0,2,100.0,16,25,3,0,0,0,0.0,4,2,2,22,64.71,23,53.49,45,58.44,1031,25.0,0,0,0,0,0,0,1,0,4,0,1,0,0,68,58.12,37,0,0,0,106,0,79,38,736,4,10,0,0,5,0,0,0,0,,,,4,0,0,0,0,13,2,0,0,0,0,0,11,0.0,0.0,0,2,1,32,20,0,0,0,117,15,11,68.75,1031.0,0,0,0,411,206,1,,0,79,,12
159655,Hussein Sayed,hussein-sayed,43560,Al-Masry,6.99,153.8,22,0,3,0,1,,1,448,146,594,75.42,210,252,117,18,14,66.67,43,38,8,0,0,14,20.29,24,7,14,85,57.82,32,50.0,117,55.45,1617,0.0,0,0,1,0,3,0,0,0,11,13,0,0,0,35,39.77,20,0,0,15,285,8,59,21,1073,29,33,0,0,8,3,3,0,0,,,,5,0,0,0,0,16,2,0,0,0,0,0,18,0.0,0.0,18,21,69,94,32,0,0,0,88,18,32,74.42,0.0,0,0,0,241,422,2,,0,116,,23
918815,Reda Sayed,reda-sayed,43564,ENPPI,6.99,202.7,29,0,1,0,1,,1,420,441,861,48.78,211,209,70,2,1,100.0,2,1,4,0,0,0,0.0,0,0,0,23,100.0,12,70.59,35,87.5,2610,0.0,0,0,0,0,0,0,0,0,0,0,0,0,0,263,37.68,36,0,3,0,452,0,188,81,1127,22,0,0,0,0,0,0,0,78,,,,11,3,0,53,25,28,4,26,11,11,16,0,29,0.0,0.0,2,1,0,5,5,0,0,0,698,32,1,50.0,0.0,0,0,13,259,602,3,,276,312,,29
886931,Mahmoud Hamdy,mahmoud-hamdy,265830,Modern Sport FC,6.99,62.9,9,0,0,0,,,0,95,30,125,76.0,92,3,0,0,0,0.0,1,2,0,0,0,0,0.0,0,0,0,5,100.0,0,0.0,5,100.0,691,0.0,0,0,0,0,0,0,0,0,0,0,0,0,0,27,50.94,3,0,0,0,33,0,18,10,197,4,0,0,0,0,0,0,0,20,,,,6,1,0,11,8,5,1,2,1,1,3,0,8,0.0,0.0,0,0,0,0,0,0,0,0,53,6,1,100.0,0.0,0,0,3,104,21,0,,56,61,,10
1190336,Ahmed Amin Oufa,ahmed-amin-oufa,43564,ENPPI,6.98,181.6,26,10,4,5,2,,12,307,291,598,51.34,94,213,117,14,29,48.33,23,13,5,0,2,0,0.0,61,24,28,104,43.7,144,53.53,248,48.92,2150,16.39,0,0,0,0,0,0,10,0,53,8,0,7,3,18,36.73,21,0,0,45,469,16,33,13,1057,53,58,0,0,10,20,9,0,0,,,,2,0,0,0,0,24,4,0,0,0,0,0,25,0.0,0.0,14,60,11,259,125,0,0,0,49,28,18,78.26,215.0,2,0,0,125,484,1,,0,69,,27
918547,Mahdi Soliman,mahdi-soliman,35187,Al-Ittihad Alexandria,6.98,202.5,29,0,0,0,,,0,564,201,765,73.73,493,71,16,0,1,100.0,1,0,2,0,0,0,0.0,0,0,0,6,66.67,12,100.0,18,85.71,2610,0.0,0,0,0,0,0,0,0,0,0,0,0,0,0,182,47.89,44,1,0,0,209,0,142,75,1067,5,0,0,0,3,0,0,0,79,,,,10,4,0,46,32,33,2,38,6,6,15,0,29,0.0,0.0,0,1,0,3,0,0,0,0,380,35,1,100.0,0.0,0,1,13,548,217,2,,246,250,,29
1049030,Abdel Rahman Shika,abdel-rahman-shika,43561,Tala'ea El-Gaish,6.98,97.7,14,0,1,0,1,,1,556,118,674,82.49,273,284,108,10,17,68.0,29,26,4,0,0,1,7.69,6,1,2,63,57.27,10,52.63,73,56.59,1059,0.0,0,0,0,0,0,0,0,0,1,5,0,0,0,78,69.64,7,0,0,12,181,10,75,45,892,17,17,0,0,11,0,3,0,0,,,,1,0,0,0,0,19,1,0,0,0,0,0,12,0.0,0.0,10,25,13,56,9,0,0,0,112,20,18,62.07,0.0,0,0,0,308,379,0,,0,127,,15
918643,Moaz El Henawy,moaz-el-henawy,58319,Ghazl El Mahalla FC,6.98,223.3,32,2,0,0,,,2,1307,313,1620,80.68,885,422,152,2,4,80.0,43,46,6,0,0,0,0.0,14,5,6,59,66.29,62,57.94,121,61.73,2693,14.29,1,1,0,1,0,0,2,0,12,2,1,0,1,154,49.2,124,1,1,4,348,0,202,106,1980,12,14,0,0,11,0,3,0,0,,,,8,0,0,0,0,34,4,0,0,0,0,0,33,100.0,0.0,2,5,5,75,45,0,0,0,313,38,31,72.09,1346.5,0,0,0,1013,612,3,,0,163,,32
333441,Yasser Ibrahim,yasser-ibrahim,6910,Al Ahly FC,6.98,146.5,21,1,0,0,,,1,895,124,1019,87.83,680,215,33,5,3,75.0,41,22,3,0,0,0,0.0,8,2,5,55,65.48,50,64.94,105,65.22,1729,12.5,0,0,0,1,0,0,1,0,8,0,1,0,0,40,43.01,58,0,0,4,136,0,53,22,1215,12,10,0,0,14,0,1,0,0,,,,7,0,0,0,0,11,0,0,0,0,0,0,20,0.0,0.0,5,4,0,56,27,0,0,0,93,11,32,78.05,1729.0,0,0,0,739,280,1,,0,123,,21
918486,Islam Issa,islam-issa,175002,Pyramids FC,6.98,174.4,25,5,1,1,1,,6,576,127,703,81.93,220,360,173,13,15,55.56,42,8,1,0,0,4,17.39,31,12,11,89,58.17,6,23.08,95,53.07,1366,16.13,0,0,1,0,0,0,5,0,24,7,1,0,4,38,62.3,8,0,0,17,226,11,60,29,981,32,26,0,0,17,2,8,1,0,,,,0,0,0,0,0,9,2,0,0,0,0,0,15,0.0,0.0,12,27,23,84,20,0,0,0,61,11,24,57.14,273.2,0,0,0,256,470,1,,0,124,,28
927954,Mohamed Abdelghani,mohamed-abdelghani,42368,Zamalek SC,6.97,174.3,25,1,2,1,1,,2,802,120,922,86.98,571,231,63,3,5,83.33,39,30,0,0,0,0,0.0,7,2,5,51,62.2,30,66.67,81,63.78,1911,14.29,0,0,0,0,0,0,1,0,7,0,1,0,0,49,59.76,67,0,1,3,142,2,46,23,1187,7,8,0,1,19,1,0,0,0,,,,7,0,0,0,0,17,5,0,0,0,0,0,22,0.0,0.0,3,6,1,46,15,0,0,0,82,22,26,66.67,1911.0,0,0,0,632,291,3,,0,105,,25
967019,Mohamed Adel,mohamed-adel,371622,Cleopatra FC,6.97,181.2,26,1,4,2,,,1,950,167,1117,85.05,420,540,197,19,22,70.97,49,47,3,0,0,10,18.87,12,5,4,87,53.05,26,46.43,113,51.36,2215,8.33,0,0,0,1,1,0,1,0,5,7,1,0,0,60,54.05,26,0,0,13,270,14,96,47,1537,16,37,2,0,20,0,3,0,0,,,,7,0,0,0,0,18,2,0,0,0,0,0,24,0.0,0.0,19,31,53,107,30,0,0,0,111,20,38,77.55,2215.0,0,0,0,456,714,3,,0,210,,29
806244,Ibrahim Blati Tourè,ibrahim-blati-toure,175002,Pyramids FC,6.97,195.1,28,3,2,1,,,3,1503,227,1730,86.88,695,809,299,17,22,57.89,44,24,2,0,0,1,33.33,24,3,11,98,53.85,10,34.48,108,51.18,2250,12.5,0,0,0,0,0,0,3,0,5,19,0,0,3,129,72.88,8,0,0,20,309,19,139,85,2027,32,32,0,0,17,1,10,0,0,,,,8,0,0,0,0,17,2,0,0,0,0,0,26,0.0,0.0,17,38,3,103,19,0,0,0,177,19,27,61.36,750.0,0,0,0,752,981,1,,0,247,,29
1001857,Mohamed El Sabahi,mohamed-el-sabahi,43563,Smouha,6.97,41.8,6,1,0,0,,,1,91,26,117,77.78,20,71,40,5,10,58.82,2,2,1,0,0,0,0.0,9,3,3,27,60.0,8,72.73,35,62.5,277,11.11,0,0,0,0,2,0,1,0,5,4,0,0,1,5,83.33,0,0,0,6,59,5,7,3,200,15,1,0,0,4,0,3,0,0,,,,0,0,0,0,0,4,0,0,0,0,0,0,2,0.0,0.0,5,17,6,21,3,0,0,0,6,4,2,100.0,277.0,0,0,0,25,98,0,,0,18,,6
918620,Omar El Wahsh,omar-el-wahsh,42366,Ismaily,6.96,111.4,16,0,1,0,,,0,485,141,626,77.48,201,289,154,11,9,69.23,49,18,2,0,0,5,19.23,6,0,5,79,63.71,8,38.1,87,60.0,1139,0.0,0,0,0,1,2,0,0,0,1,5,0,0,0,47,52.81,9,0,0,9,207,6,83,43,858,21,22,0,0,10,0,1,0,0,,,,0,0,0,0,0,14,2,0,0,0,0,0,12,0.0,0.0,11,13,26,58,13,0,0,0,89,16,34,69.39,0.0,0,0,0,224,428,1,,0,92,,17
849574,Ahmed Belhadji,ahmed-belhadji,42368,Zamalek SC,6.96,146.2,21,4,6,2,6,,10,549,186,735,74.69,174,406,206,42,14,30.43,29,13,3,0,0,31,33.7,28,12,10,70,40.23,16,39.02,86,40.0,1603,14.29,5,1,1,0,3,0,3,0,16,12,0,0,3,30,46.15,10,0,0,38,365,12,58,20,1128,27,22,0,0,14,4,6,0,0,,,,3,0,0,0,0,17,2,0,0,0,0,0,18,20.0,0.0,42,46,92,129,25,2,0,2,65,19,14,48.28,400.75,0,0,0,212,615,3,,0,124,,22
295339,Rami Rabia,rami-rabia,6910,Al Ahly FC,6.96,90.5,13,0,0,0,,,0,442,66,508,87.01,313,129,31,1,7,87.5,18,15,2,0,0,0,0.0,3,1,2,29,59.18,25,67.57,54,62.79,890,0.0,0,0,0,0,0,0,0,0,2,1,0,0,0,37,54.41,28,0,0,4,77,0,43,23,613,5,9,0,0,6,0,0,0,0,,,,6,0,0,0,0,3,0,0,0,0,0,0,9,0.0,0.0,1,8,2,32,12,0,0,0,68,3,15,83.33,0.0,0,0,0,336,174,1,,1,58,,16
1155324,Kamal Aboul-Fetouh,kamal-aboul-fetouh,58317,El Dakhlya,6.96,104.4,15,1,0,0,,,1,241,101,342,70.47,134,107,39,2,7,77.78,27,24,3,0,0,0,0.0,5,1,4,42,60.87,37,68.52,79,64.23,1174,20.0,0,0,0,0,0,0,1,0,5,0,1,0,0,36,36.73,56,0,0,3,128,0,77,30,551,8,13,0,0,10,0,0,0,0,,,,4,0,0,0,0,14,2,0,0,0,0,0,14,0.0,0.0,2,9,6,44,17,0,0,0,98,16,18,66.67,1174.0,0,0,0,167,181,3,,0,88,,15
918850,Ali El Fil,ali-el-fil,265830,Modern Sport FC,6.96,146.1,21,0,0,1,,,0,893,130,1023,87.29,639,255,62,1,2,100.0,20,27,3,1,1,1,100.0,7,1,6,35,56.45,25,65.79,60,60.0,1768,0.0,0,0,0,0,0,0,0,0,5,2,0,0,0,86,60.99,59,1,0,2,137,0,95,47,1195,13,19,0,0,6,0,0,0,0,,,,12,0,0,0,0,9,3,0,0,0,0,0,20,0.0,0.0,1,2,1,40,13,0,0,0,141,12,14,70.0,0.0,0,0,0,689,335,0,,5,105,,21
918603,Mohamed Toni,mohamed-toni,371622,Cleopatra FC,6.96,125.2,18,0,0,0,,,0,576,98,674,85.46,249,332,139,5,8,80.0,35,13,2,0,0,5,27.78,15,7,6,70,60.87,9,34.62,79,56.03,1191,0.0,0,0,0,0,2,0,0,0,1,14,0,0,0,46,54.76,10,0,0,16,159,9,87,46,913,27,21,0,0,10,0,2,0,0,,,,4,0,0,0,0,8,1,0,0,0,0,0,15,0.0,0.0,5,10,18,62,17,0,0,0,84,9,27,77.14,0.0,0,0,0,267,425,1,,0,131,,19
997415,Farouck Kabore,farouck-kabore,42365,Arab Contractors FC,6.95,229.5,33,1,0,3,,,1,665,333,998,66.63,423,242,80,5,7,70.0,56,48,6,0,0,0,0.0,20,5,12,72,55.81,86,77.48,158,65.83,2970,5.0,0,0,0,6,1,0,1,0,19,1,1,0,0,119,39.53,178,0,0,7,372,1,201,84,1444,9,28,1,1,20,1,3,0,0,,,,14,0,0,0,0,27,3,0,0,0,0,0,33,0.0,0.0,5,10,3,82,25,0,0,0,301,30,37,66.07,2970.0,0,0,0,544,457,2,,0,230,,33
159659,Mohamed Hamdy Zaki,mohamed-hamdy-zaki,209028,Aswan SC,6.95,180.8,26,12,2,6,1,,13,361,174,535,67.48,133,233,135,22,10,28.57,11,6,7,0,0,5,22.73,88,26,36,51,38.64,51,34.23,102,36.3,2216,13.64,4,2,0,0,6,0,11,1,60,28,1,2,9,12,35.29,38,0,0,23,312,14,32,12,906,30,29,3,0,7,30,26,0,0,,,,2,0,0,0,0,29,3,0,0,0,0,0,25,50.0,0.0,22,35,22,179,98,1,0,1,34,32,8,72.73,184.67,0,0,0,174,383,4,,0,82,,28
1173530,Mostafa Mahmoud Al Aash,mostafa-el-aash,58319,Ghazl El Mahalla FC,6.95,222.5,32,1,1,0,,,1,1278,349,1627,78.55,813,468,161,7,10,47.62,57,44,4,0,0,3,14.29,12,1,7,105,65.22,71,63.39,176,64.47,2965,8.33,0,0,0,1,0,0,1,0,5,7,0,1,0,142,47.18,84,0,0,11,449,3,161,62,2155,38,21,1,1,15,1,4,0,0,,,,7,0,0,0,0,38,6,0,0,0,0,0,33,0.0,0.0,7,21,21,97,41,0,0,0,301,44,36,63.16,2965.0,0,0,0,951,697,4,,0,225,,33
841943,Mostafa Fathy,mostafa-fathy,175002,Pyramids FC,6.95,208.5,30,9,6,8,4,,13,608,200,808,75.25,170,455,265,31,33,38.37,25,13,0,0,0,17,22.37,71,27,27,70,40.0,3,27.27,73,39.25,2467,12.68,1,0,0,0,0,0,7,2,39,32,1,7,1,40,51.95,8,0,0,30,422,11,85,42,1271,12,7,2,0,16,19,17,0,0,,,,5,0,0,0,0,15,2,0,0,0,0,0,31,0.0,0.0,31,86,76,113,8,1,0,0,77,17,14,56.0,274.11,0,0,0,202,682,2,,0,97,,31
1418766,Ahmed El Amour,ahmed-el-amour,58317,El Dakhlya,6.95,27.8,4,0,0,0,,,0,121,26,147,82.31,83,38,9,0,1,100.0,5,3,0,0,0,0,0.0,0,0,0,10,58.82,1,20.0,11,50.0,315,0.0,0,0,0,0,0,0,0,0,0,0,0,0,0,15,60.0,11,0,0,0,27,0,19,4,184,4,6,0,0,1,0,0,0,0,,,,1,0,0,0,0,3,0,0,0,0,0,0,3,0.0,0.0,0,1,0,11,4,0,0,0,25,3,2,40.0,0.0,0,0,0,93,54,0,,0,21,,5
841940,Mohamed Abou Gabal,mohamed-abou-gabal,266626,National Bank of Egypt,6.95,180.7,26,0,0,0,,,0,394,247,641,61.47,309,85,22,0,0,0.0,0,0,4,0,0,0,0.0,0,0,0,13,92.86,10,83.33,23,88.46,2430,0.0,0,0,0,1,0,0,0,0,0,0,0,0,0,156,39.39,33,2,1,0,257,0,165,78,963,13,1,0,0,0,0,0,0,75,,,,10,4,1,42,32,22,6,21,8,8,25,1,28,0.0,0.0,0,0,0,3,2,0,0,0,396,28,0,0.0,0.0,0,0,9,366,275,2,,213,292,,27
918553,Abdallah Bakri,abdallah-bakri,241703,Pharco FC,6.95,173.7,25,1,0,0,,,1,758,231,989,76.64,511,247,61,3,3,75.0,39,41,5,1,1,0,0.0,9,5,4,53,54.64,53,69.74,106,61.27,2171,11.11,0,0,0,0,1,0,1,0,7,2,1,0,0,90,39.82,107,0,0,6,254,1,162,53,1274,11,30,0,0,8,1,0,0,0,,,,9,0,0,0,0,22,3,0,0,0,0,0,25,0.0,0.0,3,4,5,67,23,0,0,0,226,25,32,82.05,2171.0,0,0,0,591,403,0,,0,120,,26
918505,Nabil Donga,nabil-donga,42368,Zamalek SC,6.95,166.7,24,0,0,0,,,0,988,162,1150,85.91,435,555,231,12,7,53.85,36,23,4,0,0,2,28.57,27,4,18,65,51.59,20,60.61,85,53.46,1562,0.0,0,0,0,0,0,0,0,0,2,25,0,0,0,101,71.63,25,0,0,10,201,10,98,53,1378,22,30,1,0,17,0,5,0,0,,,,4,0,0,0,0,12,2,0,0,0,0,0,16,0.0,0.0,12,13,7,74,13,0,0,0,141,14,27,75.0,0.0,0,0,0,476,681,1,,0,164,,24
1093721,Mostafa Shalaby,mostafa-shalaby,42368,Zamalek SC,6.95,152.8,22,2,1,2,3,,5,525,151,676,77.66,132,409,216,28,40,57.14,27,7,3,0,0,16,20.25,29,7,11,107,56.32,13,43.33,120,54.55,1598,6.9,1,1,3,0,0,0,1,1,17,12,0,0,2,14,45.16,7,0,0,21,323,15,28,15,1063,40,25,0,0,10,9,11,1,0,,,,2,0,0,0,0,15,3,0,0,0,0,0,20,100.0,0.0,27,70,79,100,17,0,0,0,31,18,18,66.67,799.0,0,0,0,156,599,2,,0,79,,22
943787,Himid Mao Mkami,himid-mao-mkami,58319,Ghazl El Mahalla FC,6.94,180.5,26,0,1,0,,,0,1021,226,1247,81.88,552,469,164,18,7,53.85,83,28,12,0,0,0,0.0,14,1,8,131,59.55,26,46.43,157,56.88,2190,0.0,0,0,0,0,0,0,0,0,4,10,0,0,0,116,61.05,30,0,0,12,278,13,137,80,1571,41,37,0,0,35,1,5,0,0,,,,5,0,0,0,0,30,2,0,0,0,0,0,24,0.0,0.0,18,13,2,119,30,0,0,0,190,32,55,66.27,0.0,0,0,0,618,631,1,,0,201,,26
918719,Islam Abou-Salima,islam-abou-salima,43560,Al-Masry,6.94,166.5,24,1,0,2,,,1,740,188,928,79.74,474,266,71,2,0,0.0,37,28,1,0,1,0,0.0,11,4,7,44,61.11,51,56.67,95,58.64,1961,9.09,0,0,0,0,0,0,1,0,11,0,1,0,0,99,54.4,84,0,0,4,218,0,109,59,1212,7,15,0,0,10,3,0,0,0,,,,7,0,0,0,0,19,1,0,0,0,0,0,21,0.0,0.0,2,2,2,67,39,0,0,0,182,20,27,72.97,1961.0,1,0,0,563,367,0,,0,131,,26
1001808,Mahmoud Shabana,mahmoud-shabana,42368,Zamalek SC,6.94,97.1,14,1,0,1,,,1,246,174,420,58.57,165,82,25,2,0,0.0,21,21,0,1,1,1,33.33,7,2,4,35,76.09,55,72.37,90,73.77,1235,14.29,0,0,0,0,0,0,1,0,6,1,1,0,0,27,21.95,85,0,0,0,183,0,73,17,611,14,11,0,0,1,1,1,0,0,,,,6,0,0,0,0,12,0,0,0,0,0,0,14,0.0,0.0,2,1,3,32,21,0,0,0,123,12,13,61.9,1235.0,0,0,0,223,200,1,,0,62,,14
831597,Mahmoud Wadi,mahmoud-wadi,43561,Tala'ea El-Gaish,6.94,117.9,17,4,1,2,2,,6,153,100,253,60.47,59,94,55,13,3,30.0,7,1,2,0,0,0,0.0,32,10,17,28,40.58,71,59.17,99,52.38,1129,12.5,1,1,0,0,0,0,4,0,26,6,2,0,2,4,40.0,9,0,0,16,156,1,7,3,402,18,17,0,0,5,2,5,0,0,,,,0,0,0,0,0,8,3,0,0,0,0,0,13,100.0,0.0,13,10,0,90,49,0,0,0,10,11,7,100.0,282.25,0,0,0,68,185,1,,0,18,,18
159681,Mohamed Sobhi,mohamed-sobhi,42368,Zamalek SC,6.93,124.8,18,0,0,0,,,0,358,149,507,70.61,301,57,28,2,0,0.0,0,0,0,0,0,0,0.0,0,0,0,14,100.0,12,92.31,26,96.3,1620,0.0,0,0,0,0,0,0,0,0,0,0,0,0,0,128,47.58,21,0,0,0,160,0,107,53,723,14,0,0,0,0,0,0,0,41,,,,7,1,0,23,18,18,4,13,13,12,30,0,18,0.0,0.0,2,0,0,1,1,0,0,0,269,22,0,0.0,0.0,0,0,8,338,169,0,,136,192,,18
243915,Marwan Mohsen,marwan-mohsen,265830,Modern Sport FC,6.93,152.4,22,6,3,3,2,,8,212,98,310,68.39,65,148,95,19,3,37.5,19,2,1,0,0,1,20.0,33,19,12,36,42.86,35,46.05,71,44.38,1341,18.18,4,2,1,1,1,0,6,0,22,11,1,1,4,10,50.0,7,0,0,15,159,8,16,7,489,15,27,0,0,3,7,2,1,0,,,,0,0,0,0,0,12,1,0,0,0,0,0,16,50.0,0.0,18,8,5,89,41,1,0,1,20,13,13,68.42,223.5,0,0,0,76,239,3,,0,27,,24
563024,Hamza Mathlouthi,mathlouthi-hamza,42368,Zamalek SC,6.93,180.1,26,0,1,0,,,0,939,226,1165,80.6,540,408,158,16,6,60.0,37,26,4,0,0,9,20.93,12,3,6,69,58.97,26,60.47,95,59.38,2105,0.0,0,0,1,0,0,0,0,0,8,4,0,0,0,83,47.16,63,0,0,9,338,3,141,68,1610,26,17,0,0,19,1,3,0,0,,,,10,0,0,0,0,16,4,0,0,0,0,0,24,0.0,0.0,16,10,43,65,17,0,0,0,176,20,34,91.89,0.0,0,0,0,618,590,1,,0,149,,26
918513,Sherif Reda,sherif-reda,43563,Smouha,6.93,193.9,28,1,4,0,2,,3,501,227,728,68.82,212,329,150,29,27,54.0,58,36,1,0,0,40,25.64,19,7,7,103,53.09,34,69.39,137,56.38,2388,5.26,0,0,0,1,5,0,1,0,3,16,0,0,1,47,39.5,65,0,0,27,532,12,88,37,1505,18,16,1,1,26,2,5,0,0,,,,10,0,0,0,0,28,1,0,0,0,0,0,27,0.0,0.0,29,50,156,106,15,0,0,0,119,29,45,77.59,2388.0,0,0,0,301,583,2,,0,196,,28
918778,Mohamed Hassan,mohamed-hassan,42366,Ismaily,6.93,166.2,24,0,5,0,3,,3,535,170,705,75.89,222,317,147,16,23,63.89,57,34,5,1,2,4,28.57,10,2,6,102,56.04,16,69.57,118,57.56,1844,0.0,0,0,0,0,0,0,0,0,2,8,0,0,0,66,57.39,21,0,0,9,247,12,128,70,1007,23,44,0,0,19,0,2,0,0,,,,6,0,0,0,0,20,2,0,0,0,0,0,23,0.0,0.0,16,36,14,87,7,0,0,0,115,22,40,70.18,0.0,1,0,0,264,455,1,,0,161,,24
587514,Mohamed Helal,mohamed-helal,266626,National Bank of Egypt,6.92,186.9,27,6,3,4,2,,8,546,214,760,71.84,224,360,188,33,9,30.0,32,17,5,0,0,38,33.33,39,16,18,85,46.7,16,44.44,101,46.33,2031,15.38,5,5,0,0,8,0,5,1,13,26,0,0,6,32,42.11,8,0,0,28,419,16,100,42,1225,44,33,1,0,16,9,5,0,0,,,,1,0,0,0,0,20,3,0,0,0,0,0,23,100.0,0.0,33,30,114,117,20,0,0,0,76,23,17,53.13,338.5,0,0,0,263,611,3,,0,98,,28
1397557,Sabri Raheel,sabri-raheel,35187,Al-Ittihad Alexandria,6.92,186.9,27,0,8,0,2,,2,845,246,1091,77.45,391,494,205,25,11,52.38,53,29,0,0,0,40,24.39,9,2,5,75,63.03,20,46.51,95,58.64,2208,0.0,0,0,0,0,6,0,0,0,2,7,0,0,0,54,38.57,41,0,0,11,480,9,109,44,1757,11,4,0,0,21,6,2,0,0,,,,9,0,0,0,0,25,2,0,0,0,0,0,24,0.0,0.0,25,21,164,67,23,0,0,0,140,27,36,67.92,0.0,0,0,0,466,789,1,,0,155,,28
918723,Mohamed Hamdi,mohamed-hamdi,175002,Pyramids FC,6.92,214.5,31,2,2,2,,,2,1184,267,1451,81.6,588,614,250,24,7,33.33,38,36,2,0,0,18,20.22,21,4,13,62,53.45,56,65.88,118,58.71,2481,9.52,0,0,0,0,0,0,2,0,16,5,1,1,0,54,45.38,62,1,0,7,415,6,81,38,2061,17,18,1,0,17,10,4,0,0,,,,11,0,0,0,0,16,2,0,0,0,0,0,28,0.0,0.0,24,21,89,83,29,0,0,0,119,18,26,68.42,1240.5,0,0,0,683,857,2,,0,156,,32
1418779,Mohamed Fawzi,mohamed-fawzi,43566,Haras El Hodoud,6.92,152.2,22,0,0,0,,,0,308,375,683,45.1,156,152,49,2,1,100.0,3,1,1,0,0,0,0.0,0,0,0,17,89.47,13,86.67,30,88.24,1935,0.0,0,0,0,1,0,0,0,0,0,0,0,0,0,197,34.99,28,0,0,0,382,1,176,71,917,12,1,0,0,1,0,0,0,60,,,,5,6,2,39,21,24,4,14,3,2,36,0,21,0.0,0.0,2,1,0,4,2,0,0,0,563,28,1,33.33,0.0,0,0,9,203,480,1,,220,277,,22
879972,Mahmoud Ben Wali,mahmoud-ben-wali,43566,Haras El Hodoud,6.92,200.6,29,1,1,3,1,,2,539,206,745,72.35,386,153,42,2,2,33.33,29,51,5,0,0,0,0.0,24,8,11,52,59.77,74,64.35,126,62.38,2533,4.17,0,0,0,1,0,0,1,0,24,0,1,0,0,60,38.46,156,0,0,3,237,0,86,31,1137,21,24,2,1,5,0,5,0,0,,,,7,0,0,0,0,33,5,0,0,0,0,0,30,0.0,0.0,2,6,1,76,41,0,0,0,156,38,21,72.41,2533.0,0,0,0,483,263,1,,0,125,,29
1103659,Hisham Salah,hisham-salah,35187,Al-Ittihad Alexandria,6.91,186.7,27,0,1,0,1,,1,801,305,1106,72.42,446,383,168,23,15,46.88,45,61,5,1,1,28,24.14,16,1,13,78,52.35,40,71.43,118,57.56,2319,0.0,0,0,0,0,0,0,0,0,5,11,0,0,0,65,34.03,76,1,0,14,501,10,125,49,1815,18,20,1,0,20,0,2,0,0,,,,9,0,0,0,0,29,0,0,0,0,0,0,26,0.0,0.0,23,32,116,87,16,0,0,0,191,29,28,62.22,0.0,0,0,0,553,669,1,,0,183,,27
918592,Ahmed Samy,ahmed-samy,175002,Pyramids FC,6.91,152.1,22,0,0,2,,,0,1278,171,1449,88.2,858,420,107,2,4,100.0,14,19,2,1,1,0,0.0,13,3,10,31,57.41,45,60.81,76,59.38,1890,0.0,0,0,1,3,0,0,0,0,11,2,0,0,0,98,59.04,55,1,0,1,182,2,138,72,1635,14,20,1,1,6,2,0,0,0,,,,10,0,0,0,0,12,2,0,0,0,0,0,22,0.0,0.0,2,4,0,52,29,0,0,0,166,14,11,78.57,0.0,0,0,0,947,502,2,,0,127,,23
1010882,Khaled Abdelfattah,abdelfattah-khaled,6910,Al Ahly FC,6.91,159.0,23,0,1,1,1,,1,520,187,707,73.55,271,260,118,12,21,44.68,46,42,4,0,0,11,21.15,7,1,6,96,53.33,37,68.52,133,56.84,1903,0.0,0,0,0,0,0,0,0,0,4,3,0,0,0,30,31.58,45,0,0,26,400,8,79,29,1331,29,25,0,1,10,4,0,0,0,,,,11,0,0,0,0,11,0,0,0,0,0,0,21,0.0,0.0,12,47,52,101,17,0,0,0,95,11,36,78.26,0.0,0,0,0,334,425,2,,0,145,,24
295351,Ahmed Adel,ahmed-adel,42366,Ismaily,6.91,55.3,8,0,0,0,,,0,84,53,137,61.31,61,23,11,0,0,0.0,0,0,2,0,0,0,0.0,0,0,0,1,100.0,5,100.0,6,100.0,632,0.0,0,0,0,0,0,0,0,0,0,0,0,0,0,34,39.53,7,0,0,0,56,0,16,10,205,1,0,0,0,0,0,0,0,22,,,,2,2,0,15,6,6,0,4,0,0,9,0,7,0.0,0.0,0,0,0,0,0,0,0,0,86,6,0,0.0,0.0,0,0,0,69,68,0,,72,45,,8
1173879,Ahmed Atef,ahmed-atef,42365,Arab Contractors FC,6.91,165.9,24,0,3,0,2,,2,375,157,532,70.49,118,268,142,28,30,53.57,67,38,7,0,0,11,23.4,17,6,5,128,55.41,18,36.73,146,52.14,1559,0.0,0,0,1,0,0,0,0,0,7,10,0,0,0,27,37.5,18,0,0,27,322,14,62,23,1093,32,39,0,0,16,0,6,0,0,,,,3,0,0,0,0,17,2,0,0,0,0,0,15,0.0,0.0,28,56,47,134,31,0,0,0,72,19,47,70.15,0.0,0,0,0,165,414,4,,0,149,,26
577736,Karim Hafez,karim-hafez,175002,Pyramids FC,6.91,89.8,13,2,3,0,1,,3,383,65,448,85.49,192,203,85,11,8,57.14,8,10,3,0,0,12,41.38,7,0,6,32,60.38,3,20.0,35,51.47,961,28.57,0,0,1,1,0,0,0,0,2,5,0,0,0,28,50.0,14,0,0,3,126,0,42,21,679,16,7,0,0,7,3,1,0,0,,,,4,0,0,0,0,2,0,0,0,0,0,0,10,0.0,0.0,11,14,29,33,12,0,0,0,56,2,6,75.0,480.5,0,0,0,213,264,1,,0,52,,19
333451,Ahmed Samir,ahmed-samir,43561,Tala'ea El-Gaish,6.91,186.5,27,4,3,3,6,,10,538,153,691,77.86,174,378,181,38,17,54.84,12,7,3,0,0,14,18.67,40,13,21,77,52.74,10,26.32,87,47.28,2053,10.0,3,1,0,0,4,0,3,1,16,24,0,3,1,23,42.59,10,0,0,39,322,18,69,24,1067,48,11,0,0,7,8,6,0,0,,,,0,0,0,0,0,22,3,0,0,0,0,0,25,33.33,0.0,38,31,75,97,28,1,0,1,54,25,6,50.0,513.25,0,0,0,196,570,2,,0,72,,29
918888,Rami Sabri,rami-sabri,241703,Pharco FC,6.91,131.2,19,2,0,0,,,2,459,149,608,75.49,348,111,44,1,3,75.0,10,23,0,1,1,0,0.0,10,3,5,20,55.56,44,66.67,64,62.75,1670,20.0,1,1,0,0,0,0,2,0,9,1,1,0,1,61,42.96,96,0,0,4,167,0,97,40,815,7,7,1,0,6,0,2,0,0,,,,7,0,0,0,0,13,2,0,0,0,0,0,20,100.0,0.0,1,4,0,38,22,0,0,0,142,15,4,40.0,835.0,0,0,0,397,211,1,,0,63,,20
295349,Ahmed Shedid Kenawi,ahmed-shedid-kenawi,43566,Haras El Hodoud,6.9,200.2,29,0,1,0,1,,1,811,282,1093,74.2,306,542,287,38,5,55.56,50,36,2,0,0,37,23.13,4,1,2,75,66.37,4,28.57,79,62.2,2441,0.0,0,0,0,1,1,0,0,0,3,1,0,0,0,53,34.64,43,0,0,10,464,9,186,90,1697,20,8,0,0,17,0,1,0,0,,,,4,0,0,0,0,28,4,0,0,0,0,0,29,0.0,0.0,38,9,160,48,10,0,0,0,153,32,39,78.0,0.0,0,0,0,389,864,1,,0,144,,29
918593,Ahmed Alaa Eldin,ahmed-alaa-eldin,42365,Arab Contractors FC,6.9,220.9,32,1,1,4,2,,3,752,408,1160,64.83,405,348,137,10,13,72.22,50,54,7,0,0,1,16.67,26,8,12,91,53.53,90,77.59,181,63.29,2835,3.85,2,1,0,1,1,0,1,0,20,6,0,0,1,134,36.31,92,0,0,6,451,2,267,104,1539,28,53,1,0,16,4,6,0,0,,,,14,0,0,0,0,29,1,0,0,0,0,0,32,50.0,0.0,10,18,6,105,26,0,0,1,369,30,34,68.0,2835.0,0,0,0,523,643,1,,30,175,,32
975842,Rezki Hamroune,rezki-hamroune,241703,Pharco FC,6.9,179.4,26,8,3,4,2,,10,340,101,441,77.1,124,239,115,27,31,50.82,12,9,1,0,0,23,24.73,46,22,15,69,39.88,20,36.36,89,39.04,1842,17.39,4,2,0,0,3,0,8,0,30,16,0,1,7,5,41.67,7,0,0,52,313,10,24,9,851,26,11,1,0,11,3,9,0,0,,,,2,0,0,0,0,14,3,0,0,0,0,0,23,50.0,0.0,27,61,93,139,35,1,1,0,12,17,9,75.0,230.25,0,0,0,144,390,2,,0,73,,31
919020,Seif Teka,seif-teka,371622,Cleopatra FC,6.9,89.7,13,2,0,1,,,2,546,126,672,81.25,369,178,50,1,0,0.0,8,12,3,0,0,1,100.0,9,3,6,16,38.1,49,72.06,65,59.09,1088,22.22,0,0,0,0,0,0,2,0,6,3,2,0,0,48,43.64,34,0,0,3,134,0,82,42,786,8,18,0,0,5,0,0,0,0,,,,5,0,0,0,0,9,1,0,0,0,0,0,12,0.0,0.0,1,0,1,45,19,0,0,0,110,10,4,50.0,544.0,0,0,0,419,254,0,,0,72,,15
1400633,Abdallah El Saeed,abdallah-el-saeed,42366,Ismaily,6.9,6.9,1,0,0,0,,,0,6,2,8,75.0,5,1,1,0,0,0.0,1,2,0,0,0,0,0.0,0,0,0,1,100.0,0,0.0,1,100.0,14,0.0,0,0,0,0,0,0,0,0,0,0,0,0,0,0,0.0,0,0,0,0,2,0,0,0,12,0,0,0,0,0,0,0,0,0,,,,0,0,0,0,0,0,0,0,0,0,0,0,0,0.0,0.0,0,0,0,0,0,0,0,0,1,0,1,100.0,0.0,0,0,0,6,2,0,,0,3,,1
1418783,Salah Yehia,salah-yehia,58317,El Dakhlya,6.9,6.9,1,0,0,0,,,0,1,1,2,50.0,0,1,0,0,0,0.0,1,0,0,0,0,0,0.0,1,1,0,3,100.0,0,0.0,3,100.0,18,0.0,0,0,0,0,0,0,0,0,0,1,0,0,0,0,0.0,0,0,0,0,2,0,0,0,8,2,1,0,0,0,0,0,0,0,,,,0,0,0,0,0,0,0,0,0,0,0,0,0,0.0,0.0,0,0,0,0,0,0,0,0,0,0,1,100.0,0.0,0,0,0,0,2,0,,0,0,,1
1013767,Mostafa Fares,mostafa-fares,42366,Ismaily,6.9,13.8,2,0,0,0,,,0,29,8,37,78.38,12,18,9,1,1,100.0,3,3,0,0,0,1,50.0,0,0,0,7,58.33,0,0.0,7,58.33,56,0.0,0,0,0,0,0,0,0,0,0,0,0,0,0,2,50.0,0,0,0,1,11,0,2,1,59,3,3,0,0,2,0,0,0,0,,,,0,0,0,0,0,0,1,0,0,0,0,0,0,0.0,0.0,1,1,2,5,0,0,0,0,4,1,3,100.0,0.0,0,0,0,15,24,0,,0,4,,2
1106047,Ahmed Sobhi,ahmed-sobhi,266626,National Bank of Egypt,6.9,41.4,6,0,0,0,,,0,84,33,117,71.79,77,7,3,0,0,0.0,0,0,0,0,0,0,0.0,0,0,0,2,66.67,1,100.0,3,75.0,495,0.0,0,0,0,0,0,0,0,0,0,0,0,0,0,20,37.74,1,0,0,1,36,0,20,10,192,2,0,0,0,0,0,0,0,23,,,,1,2,0,14,9,7,2,1,1,1,7,0,5,0.0,0.0,0,0,0,1,0,0,0,0,53,9,0,0.0,0.0,0,0,3,89,28,1,,38,59,,6
873542,Ahmed Hany,ahmed-hany,371622,Cleopatra FC,6.9,96.6,14,0,2,0,,,0,397,111,508,78.15,174,228,103,9,12,63.16,27,24,2,0,0,5,13.16,5,1,3,50,57.47,13,50.0,63,55.75,1210,0.0,0,0,0,0,0,0,0,0,2,3,0,0,0,19,51.35,19,0,0,7,190,7,49,22,855,11,17,0,0,7,1,1,0,0,,,,6,0,0,0,0,10,2,0,0,0,0,0,15,0.0,0.0,9,19,38,50,13,0,0,0,37,12,23,85.19,0.0,0,0,0,217,329,1,,0,87,,15
946091,Raphael Ayagwa,raphael-ayagwa,209028,Aswan SC,6.9,165.6,24,0,1,0,,,0,852,281,1133,75.2,469,385,133,11,10,62.5,78,50,7,0,0,2,20.0,19,3,13,102,54.55,59,57.28,161,55.52,2243,0.0,0,0,0,1,0,0,0,0,0,19,0,0,0,83,46.63,39,0,1,18,338,7,106,52,1479,15,43,0,0,22,0,3,0,0,,,,3,0,0,0,0,32,3,0,0,0,0,0,26,0.0,0.0,11,16,10,129,44,0,0,0,178,35,54,69.23,0.0,0,0,0,562,581,1,,0,224,,25
1496344,Amoory,omar-fathy,35187,Al-Ittihad Alexandria,6.9,6.9,1,0,1,0,1,,1,2,1,3,66.67,0,2,2,1,0,0.0,1,0,1,0,0,0,0.0,0,0,0,2,50.0,0,0.0,2,28.57,19,0.0,0,0,0,0,0,0,0,0,0,0,0,0,0,0,0.0,1,0,0,0,1,0,0,0,7,1,1,0,0,1,0,0,0,0,,,,0,0,0,0,0,1,0,0,0,0,0,0,0,0.0,0.0,1,0,0,5,3,0,0,0,0,1,1,100.0,0.0,0,0,0,1,2,0,,0,1,,1
243893,Ahmed Fathi,ahmed-fathi,175002,Pyramids FC,6.9,82.8,12,0,2,0,1,,1,401,90,491,81.67,237,168,53,6,5,83.33,19,10,4,0,0,4,25.0,4,1,2,34,47.89,13,59.09,47,50.54,869,0.0,0,0,0,0,0,0,0,0,3,1,0,0,0,36,46.75,27,0,0,5,123,1,51,23,659,10,18,0,0,14,0,1,0,0,,,,5,0,0,0,0,4,0,0,0,0,0,0,11,0.0,0.0,6,6,16,46,9,0,0,0,77,4,13,68.42,0.0,0,0,0,268,239,1,,1,55,,13
1117788,Mido Mostafa,mido-mostafa,209028,Aswan SC,6.9,213.8,31,1,1,1,2,,3,847,348,1195,70.88,445,411,214,23,24,63.16,75,51,2,0,0,9,16.36,16,4,7,119,62.96,38,48.72,157,58.8,2800,6.25,0,0,0,1,0,0,1,0,10,6,1,0,0,68,37.16,73,0,0,13,517,8,116,54,2024,20,21,0,0,25,1,5,0,0,,,,4,0,0,0,0,35,3,0,0,0,0,0,33,0.0,0.0,23,38,55,110,40,0,0,0,183,38,61,81.33,2800.0,0,0,0,561,689,0,,0,218,,33
918604,Baher El Mohamady,baher-el-mohamady,42366,Ismaily,6.9,200.0,29,2,0,1,,,2,867,243,1110,78.11,570,298,82,4,6,66.67,47,46,9,0,0,1,25.0,12,4,8,70,63.64,42,63.64,112,63.64,2519,16.67,2,1,0,2,1,0,2,0,10,2,0,1,1,137,52.09,128,1,1,6,268,0,149,76,1462,17,15,1,0,17,0,0,0,0,,,,5,0,0,0,0,27,3,0,0,0,0,0,28,50.0,0.0,4,9,4,64,24,0,1,0,263,30,34,72.34,1259.5,0,0,0,665,449,2,,0,199,,29
918634,Abdel Rahman Magdi,abdel-rahman-magdi,42366,Ismaily,6.89,131.0,19,1,8,0,4,,5,385,143,528,72.92,109,285,169,23,23,47.92,31,5,2,0,0,9,16.07,37,7,16,60,46.51,11,27.5,71,42.01,1252,2.7,0,0,0,1,5,0,1,0,20,17,0,1,0,36,56.25,1,0,0,19,284,11,48,26,829,6,16,1,0,9,4,14,0,0,,,,0,0,0,0,0,12,2,0,0,0,0,0,14,0.0,0.0,23,48,56,98,29,0,0,0,64,14,24,77.42,1252.0,0,0,0,133,451,1,,0,65,,20
918892,Ali Fawzi,ali-fawzi,43564,ENPPI,6.89,199.9,29,4,5,0,1,,5,520,249,769,67.62,194,373,181,33,14,40.0,36,25,4,0,0,47,23.38,26,7,8,75,49.34,24,48.0,99,49.01,2392,15.38,3,3,0,0,3,0,4,0,17,9,0,1,3,55,39.86,38,0,0,14,544,8,134,56,1570,25,26,0,0,17,2,11,0,0,,,,5,0,0,0,0,30,4,0,0,0,0,0,28,100.0,0.0,33,35,201,103,26,0,0,0,138,34,24,66.67,598.0,0,0,0,259,711,1,,0,153,,29
973051,Imadeddine Boubekeur,imadeddine-boubekeur,43560,Al-Masry,6.89,179.2,26,0,1,0,1,,1,627,194,821,76.37,451,176,45,6,2,100.0,30,28,8,0,0,0,0.0,11,2,5,47,54.65,89,76.72,136,67.33,2025,0.0,0,0,0,0,0,0,0,0,11,0,0,0,0,59,43.7,101,0,0,2,218,1,68,29,1117,15,27,0,1,12,0,4,0,0,,,,9,0,0,0,0,22,1,0,0,0,0,0,23,0.0,0.0,6,2,1,66,27,0,0,0,135,23,26,86.67,0.0,0,0,0,530,292,1,,0,102,,28
333439,Mahmoud Kahraba,kahraba,6910,Al Ahly FC,6.89,82.7,12,7,2,7,,,7,91,55,146,62.33,22,70,44,7,2,18.18,4,3,2,0,0,1,33.33,32,19,10,9,29.03,7,43.75,16,34.04,793,21.88,0,0,1,0,1,0,6,1,28,4,2,2,3,3,30.0,1,0,0,9,94,5,16,7,245,3,6,1,0,2,13,3,0,0,,,,1,0,0,0,0,1,0,0,0,0,0,0,10,0.0,0.0,7,11,3,31,9,0,0,0,10,1,2,50.0,113.29,0,0,0,25,124,1,,0,18,,14
918725,Ahmed El Agouz,ahmed-el-agouz,43564,ENPPI,6.89,165.4,24,2,1,0,1,,3,491,136,627,78.31,250,242,105,5,2,40.0,55,38,3,0,0,1,50.0,8,2,6,72,60.5,13,48.15,85,58.22,1451,25.0,0,0,0,0,0,0,1,1,2,6,0,0,2,50,57.47,17,0,0,9,168,6,85,46,849,15,17,0,0,20,0,0,0,0,,,,2,0,0,0,0,17,3,0,0,0,0,0,16,0.0,0.0,5,5,2,61,14,0,0,0,87,20,39,70.91,725.5,0,0,0,287,342,1,,0,138,,26
1114497,Abdallah Nasib,abdallah-nasib,35187,Al-Ittihad Alexandria,6.89,75.8,11,1,0,1,,,1,284,67,351,80.91,235,49,10,0,0,0.0,22,16,1,0,0,0,0.0,4,1,3,25,58.14,28,65.12,53,61.63,840,25.0,0,0,0,0,0,0,1,0,4,0,1,0,0,18,35.29,66,1,0,0,81,0,27,12,505,3,8,0,0,8,0,0,0,0,,,,2,0,0,0,0,11,1,0,0,0,0,0,8,0.0,0.0,0,2,0,33,15,0,0,0,51,12,17,77.27,840.0,0,0,0,264,87,2,,0,47,,13
918500,Ahmed Yasser Rayan,ahmed-yasser-rayan,371622,Cleopatra FC,6.89,186.0,27,8,4,7,1,,9,311,157,468,66.45,73,239,159,21,23,48.94,26,9,2,0,0,1,14.29,80,28,36,84,42.42,33,32.67,117,39.13,2150,10.0,0,0,0,0,2,0,8,0,52,28,3,1,4,13,38.24,6,0,0,49,310,16,39,15,855,35,38,0,0,7,11,16,0,0,,,,3,0,0,0,0,22,3,0,0,0,0,0,25,0.0,0.0,21,47,7,182,68,0,0,0,34,25,20,76.92,268.75,0,0,0,90,385,1,,0,72,,29
918703,Abdelrahman Khaled Gebna,abdelrahman-khaled-gebna,42365,Arab Contractors FC,6.89,172.2,25,5,3,1,1,,6,375,134,509,73.67,111,280,144,26,13,41.94,31,13,2,0,0,16,24.62,35,10,17,75,51.02,8,30.77,83,47.98,1388,14.29,0,0,0,0,2,1,3,2,12,23,0,1,4,34,54.84,5,0,0,22,276,14,75,32,839,31,26,1,0,10,2,8,0,0,,,,0,0,0,0,0,15,2,0,0,0,0,0,18,0.0,50.0,26,31,65,90,18,0,0,0,62,17,24,77.42,277.6,0,0,0,128,446,1,,0,100,,27
918831,Khaled El Ghandour,khaled-el-ghandour,35187,Al-Ittihad Alexandria,6.89,172.2,25,2,4,4,,,2,718,146,864,83.1,256,479,222,27,10,50.0,34,17,1,0,1,17,25.0,35,11,11,70,51.85,28,52.83,98,52.13,1674,5.71,0,0,1,0,3,0,1,1,18,17,0,1,1,55,52.38,18,0,0,12,250,10,84,43,1183,27,25,1,0,19,1,13,0,0,,,,3,0,0,0,0,27,3,0,0,0,0,0,19,0.0,0.0,27,20,68,90,25,0,0,0,105,30,26,76.47,837.0,1,0,0,293,639,1,,0,113,,25
880777,Ibrahima Ndiaye,ibrahima-ndiaye,42368,Zamalek SC,6.89,96.4,14,4,0,4,,,4,239,71,310,77.1,84,158,81,11,17,45.95,18,6,0,0,0,3,23.08,25,10,12,53,51.46,16,38.1,69,47.59,952,16.0,0,0,0,0,0,0,4,0,21,4,1,3,0,18,81.82,8,0,0,13,152,8,14,7,525,18,9,2,0,9,4,3,0,0,,,,2,0,0,0,0,11,3,0,0,0,0,0,11,0.0,0.0,11,37,13,76,26,0,0,0,22,14,10,55.56,238.0,0,0,0,107,216,2,,0,45,,16
934538,Mahmoud El-Gazzar,mahmoud-el-gazzar,266626,National Bank of Egypt,6.88,158.3,23,0,0,0,,,0,825,181,1006,82.01,611,215,52,5,6,85.71,40,28,3,1,2,1,50.0,4,0,4,56,66.67,36,65.45,92,66.19,2028,0.0,0,0,0,0,0,0,0,0,1,3,0,0,0,92,48.42,77,0,0,2,197,1,91,35,1272,10,14,0,0,11,1,0,0,0,,,,7,0,0,0,0,22,5,0,0,0,0,0,25,0.0,0.0,5,7,2,47,19,0,0,0,190,27,22,55.0,0.0,1,0,0,691,317,0,,1,114,,23
918917,Mahmoud Kaoud,mahmoud-kaoud,266626,National Bank of Egypt,6.88,185.8,27,4,4,3,1,,5,571,195,766,74.54,250,328,183,25,6,40.0,19,13,1,0,0,7,21.88,36,11,23,35,42.68,31,43.66,66,43.14,1977,11.11,0,0,0,0,0,0,4,0,32,4,0,2,2,38,52.05,26,0,0,19,314,8,80,39,1118,10,12,0,0,9,5,2,0,0,,,,7,0,0,0,0,18,4,0,0,0,0,0,24,0.0,0.0,25,15,32,87,40,0,0,0,73,22,13,68.42,494.25,0,0,0,293,505,2,,0,117,,28
1008303,Mostafa El Zenary,mostafa-el-zenary,42368,Zamalek SC,6.88,110.1,16,0,0,0,,,0,490,97,587,83.48,330,163,33,3,3,60.0,21,18,1,0,0,3,33.33,4,1,3,28,65.12,17,60.71,45,63.38,1177,0.0,0,0,0,0,0,0,0,0,4,0,0,0,0,45,56.96,49,0,0,5,125,0,60,33,762,4,4,0,0,4,0,0,0,0,,,,7,0,0,0,0,12,4,0,0,0,0,0,13,0.0,0.0,3,5,9,26,11,0,0,0,79,16,16,76.19,0.0,0,0,0,374,222,0,,0,79,,16
359318,Marouane Sahraoui,marouane-sahraoui,371622,Cleopatra FC,6.88,34.4,5,0,0,0,,,0,157,41,198,79.29,113,44,15,0,0,0.0,6,8,1,0,0,0,0.0,2,0,2,8,57.14,5,55.56,13,56.52,393,0.0,0,0,0,0,0,0,0,0,2,0,0,0,0,28,58.33,13,0,0,1,44,0,31,12,242,2,3,0,0,1,1,0,0,0,,,,2,0,0,0,0,3,0,0,0,0,0,0,4,0.0,0.0,0,1,0,10,4,0,0,0,48,3,2,33.33,0.0,0,0,0,130,68,0,,0,25,,7
855909,Ahmed Refaat,ahmed-refaat,265830,Modern Sport FC,6.88,34.4,5,0,0,0,,,0,113,37,150,75.33,40,79,40,4,7,46.67,6,1,0,0,0,6,27.27,7,2,2,19,43.18,0,0.0,19,43.18,391,0.0,0,0,0,0,1,0,0,0,5,2,0,0,0,13,72.22,0,0,0,7,79,3,30,15,237,6,6,1,0,4,2,3,0,0,,,,0,0,0,0,0,2,0,0,0,0,0,0,6,0.0,0.0,4,15,22,25,0,0,0,0,18,2,3,50.0,0.0,0,0,0,47,125,0,,0,21,,7
918621,Mahmoud Hamada,hamada-mahmoud,241703,Pharco FC,6.88,199.5,29,3,2,0,3,,6,1013,290,1303,77.74,462,553,264,30,18,51.43,47,29,2,0,0,2,11.76,17,5,8,77,43.26,61,49.19,138,45.7,2549,17.65,0,0,0,0,1,0,2,1,3,14,1,1,1,91,65.0,27,0,0,32,396,11,117,61,1659,12,37,0,0,16,4,4,0,0,,,,12,0,0,0,0,24,4,0,0,0,0,0,31,0.0,0.0,30,35,17,164,63,0,0,0,140,28,27,57.45,849.67,0,0,0,551,769,2,,0,205,,30
918732,Amr Moussa,amr-moussa,43560,Al-Masry,6.88,192.6,28,0,2,0,,,0,1029,265,1294,79.52,574,456,126,8,6,60.0,35,34,4,1,1,1,20.0,5,0,4,52,55.91,39,62.9,91,58.71,2323,0.0,0,0,0,1,0,0,0,0,4,1,0,0,0,125,44.17,86,0,0,2,296,5,169,82,1564,11,30,0,0,8,1,1,0,0,,,,11,0,0,0,0,20,0,0,0,0,0,0,26,0.0,0.0,8,10,5,64,23,0,0,0,283,20,26,74.29,0.0,0,0,0,635,664,1,,0,168,,31
1064939,Taher Mohamed,taher-mohamed,6910,Al Ahly FC,6.88,116.9,17,3,1,1,,,3,309,78,387,79.84,80,240,120,11,14,35.9,27,11,1,1,1,11,23.91,20,8,10,65,47.45,17,53.13,82,48.52,871,15.0,1,1,1,0,1,0,3,0,14,6,0,1,2,10,40.0,3,0,0,23,202,11,29,14,667,24,10,0,0,15,2,2,0,0,,,,3,0,0,0,0,3,0,0,0,0,0,0,8,100.0,0.0,11,39,46,87,15,0,0,0,25,3,18,66.67,290.33,0,0,0,91,342,1,,0,60,,19
918743,Omar Kamal,omar-kamal,265830,Modern Sport FC,6.88,116.9,17,3,1,0,1,,4,395,120,515,76.7,198,205,99,13,19,54.29,25,15,2,1,1,8,17.78,17,4,5,65,59.09,18,66.67,83,60.58,1206,17.65,0,0,0,0,0,0,3,0,13,4,1,0,2,36,55.38,28,0,0,9,220,5,47,18,842,21,11,0,0,12,5,8,0,0,,,,4,0,0,0,0,8,3,0,0,0,0,0,14,0.0,0.0,13,35,45,54,9,0,0,0,65,11,18,72.0,402.0,0,0,0,225,335,3,,0,82,,19
935970,Ahmed Sebiha,ahmed-sebiha,43564,ENPPI,6.88,144.4,21,0,1,0,1,,1,393,228,621,63.29,256,140,48,3,3,100.0,39,34,1,0,0,3,21.43,4,0,4,53,60.92,56,67.47,109,64.12,1719,0.0,0,0,0,0,0,0,0,0,4,0,0,0,0,63,34.43,77,0,0,1,255,0,110,27,881,11,13,0,0,20,0,0,0,0,,,,8,0,0,0,0,14,3,0,0,0,0,0,19,0.0,0.0,3,3,14,61,27,0,0,0,183,17,23,58.97,0.0,0,0,0,345,290,1,,0,95,,22
918784,Mohamed Sherif,mohamed-sherif,6910,Al Ahly FC,6.88,192.5,28,11,3,8,,,11,279,96,375,74.4,70,211,130,18,12,54.55,13,2,0,0,0,2,22.22,58,25,20,35,34.31,11,30.56,46,33.33,1689,18.97,0,0,0,0,1,0,11,0,52,6,2,3,6,2,22.22,3,0,0,27,194,10,20,9,607,10,24,1,0,8,33,13,0,0,,,,3,0,0,0,0,7,0,0,0,0,0,0,18,0.0,0.0,18,22,9,92,25,0,0,0,9,7,6,46.15,153.55,0,0,0,81,303,3,,0,38,,28
1428026,Islam Abdallah,islam-abdallah,43566,Haras El Hodoud,6.88,82.5,12,1,0,0,,,1,231,70,301,76.74,155,76,26,1,1,20.0,21,20,0,0,0,0,0.0,3,1,1,34,60.71,19,76.0,53,65.43,893,33.33,0,0,0,0,0,0,1,0,3,0,0,0,1,19,38.78,57,0,0,0,88,1,33,12,466,12,10,0,0,7,0,1,0,0,,,,1,0,0,0,0,15,2,0,0,0,0,0,10,0.0,0.0,1,5,2,28,6,0,0,0,49,17,19,90.48,893.0,0,0,0,186,117,0,,0,57,,14
1065550,Mohamed Nasr,mohamed-nasr,42366,Ismaily,6.88,82.5,12,0,0,0,,,0,296,79,375,78.93,218,78,20,0,3,100.0,18,10,2,0,0,0,0.0,3,1,2,27,72.97,21,67.74,48,70.59,964,0.0,0,0,0,1,0,0,0,0,1,2,0,0,0,30,43.48,40,0,0,1,84,0,44,23,491,6,6,0,0,4,0,0,0,0,,,,2,0,0,0,0,12,0,0,0,0,0,0,10,0.0,0.0,0,3,2,20,10,0,0,0,69,12,13,72.22,0.0,0,0,0,252,125,1,,1,51,,12
918615,Mohamed Fathi,mohamed-fathi,266626,National Bank of Egypt,6.87,178.7,26,1,0,0,,,1,919,249,1168,78.68,533,387,139,3,9,81.82,56,51,2,0,0,1,14.29,14,3,6,84,51.53,34,51.52,118,51.53,2038,7.14,0,0,0,1,0,0,1,0,3,11,1,0,0,111,53.37,27,0,0,13,287,13,199,105,1443,19,56,0,0,15,0,5,0,0,,,,8,0,0,0,0,20,3,0,0,0,0,0,27,0.0,0.0,3,11,7,111,32,0,0,0,208,23,32,57.14,2038.0,0,0,0,594,581,0,,0,162,,26
244359,Saad Samir,saad-samir,265830,Modern Sport FC,6.87,75.6,11,0,0,0,,,0,452,77,529,85.44,285,167,52,4,3,50.0,11,8,5,0,1,0,0.0,1,0,0,19,57.58,17,65.38,36,61.02,907,0.0,0,0,1,1,0,0,0,0,0,1,0,0,0,31,48.44,33,0,1,1,86,0,47,20,619,5,9,0,0,1,0,1,0,0,,,,4,0,0,0,0,6,0,0,0,0,0,0,11,0.0,0.0,4,6,2,23,9,0,0,0,64,6,9,81.82,0.0,1,0,0,314,217,1,,0,65,,12
785883,Saidou Simporé,saidou-simpore,266626,National Bank of Egypt,6.87,144.3,21,1,1,0,1,,2,791,212,1003,78.86,529,263,93,5,5,83.33,15,24,2,0,0,1,12.5,7,2,2,28,46.67,54,62.79,82,56.16,1662,14.29,0,0,0,0,0,0,1,0,5,2,1,0,0,92,46.94,60,0,0,4,235,3,141,67,1171,8,23,0,0,5,0,3,0,0,,,,8,0,0,0,0,16,4,0,0,0,0,0,20,0.0,0.0,5,6,8,64,32,0,0,0,196,20,12,80.0,1662.0,0,0,0,615,396,0,,7,141,,21
958585,Luis Hinestroza,luis-hinestroza,42365,Arab Contractors FC,6.87,192.3,28,0,5,3,2,,2,443,241,684,64.77,150,333,175,49,13,35.14,36,27,3,0,0,40,30.08,17,6,8,97,53.01,20,28.17,117,46.06,2102,0.0,0,0,0,0,0,0,0,0,9,8,0,0,0,35,30.97,23,0,0,22,453,21,113,42,1247,48,29,0,0,14,9,3,0,0,,,,3,0,0,0,0,23,2,0,0,0,0,0,25,0.0,0.0,49,37,133,137,51,0,0,0,113,25,21,58.33,0.0,0,0,0,206,611,1,,0,157,,29
895951,Fagrie Lakay,fagrie-lakay,175002,Pyramids FC,6.87,185.4,27,10,3,8,4,,14,388,106,494,78.54,91,297,181,29,13,46.43,11,4,5,0,0,0,0.0,48,19,18,43,34.4,17,32.08,60,33.71,1792,20.83,3,2,0,0,1,0,9,1,38,10,0,0,10,8,61.54,6,0,0,37,236,14,17,9,755,19,28,1,0,6,13,11,0,0,,,,2,0,0,0,0,11,2,0,0,0,0,0,21,66.67,0.0,29,28,10,118,36,0,0,1,13,13,8,72.73,179.2,0,0,0,102,402,3,,0,48,,29
1418771,Funom Alfred,funom-alfred,58317,El Dakhlya,6.87,61.8,9,2,1,0,1,,3,85,61,146,58.22,45,49,17,5,3,75.0,11,2,1,0,0,9,34.62,3,2,1,15,51.72,7,46.67,22,50.0,386,66.67,0,0,0,0,0,0,2,0,2,1,0,0,2,5,25.0,6,0,0,5,102,1,10,1,246,1,8,0,0,1,1,0,0,0,,,,0,0,0,0,0,7,0,0,0,0,0,0,4,0.0,0.0,5,4,26,22,8,0,0,0,20,7,10,90.91,193.0,0,0,0,54,118,1,,0,24,,11
1497696,Mohamed Saeed Shika,mohamed-saeed-shika,241703,Pharco FC,6.86,205.9,30,0,0,0,,,0,338,387,725,46.62,207,131,40,0,0,0.0,4,1,2,1,1,0,0.0,0,0,0,14,77.78,17,94.44,31,86.11,2788,0.0,0,0,0,0,0,0,0,0,0,0,0,0,0,185,32.98,36,2,1,0,402,0,144,52,1024,11,2,0,0,3,0,0,0,76,,,,13,3,0,44,32,28,4,24,4,4,19,2,31,0.0,0.0,0,0,1,5,1,0,0,0,561,32,3,75.0,0.0,0,0,13,253,473,1,,252,309,,31
1424745,Gabriel Orok Ibitham,gabriel-orok-ibitham,58319,Ghazl El Mahalla FC,6.86,219.6,32,4,4,4,6,,10,517,165,682,75.81,174,386,197,46,40,41.24,40,9,2,0,0,43,31.39,53,18,27,102,38.64,11,29.73,113,37.54,2534,7.55,0,0,0,0,5,0,1,3,24,29,0,0,4,33,60.0,0,0,0,48,468,16,56,29,1288,22,44,2,0,19,17,8,0,0,,,,3,0,0,0,0,36,5,0,0,0,0,0,28,0.0,0.0,46,97,137,188,26,0,0,0,55,41,25,62.5,633.5,0,0,0,210,609,1,,0,117,,34
967127,Khaled Sobhi,khaled-sobhi,35187,Al-Ittihad Alexandria,6.86,157.8,23,2,0,0,,,2,890,182,1072,83.02,640,251,76,5,4,66.67,30,21,6,0,0,1,25.0,10,2,7,39,65.0,30,57.69,69,61.61,2005,20.0,0,0,0,1,0,0,2,0,9,1,0,1,1,86,43.65,53,0,0,3,201,0,164,78,1274,5,11,2,0,8,0,1,0,0,,,,6,0,0,0,0,29,2,0,0,0,0,0,23,0.0,0.0,5,6,4,43,22,0,0,0,197,31,18,60.0,1002.5,0,0,0,695,381,2,,0,135,,23
967136,Fady Farid,fady-farid,42365,Arab Contractors FC,6.86,157.8,23,2,2,3,,,2,164,69,233,70.39,52,114,75,8,16,76.19,4,4,2,0,0,2,33.33,35,12,16,40,50.0,39,44.32,79,47.02,931,5.71,0,0,3,0,0,0,2,0,25,10,1,0,1,6,42.86,4,0,0,15,126,11,18,11,404,21,21,0,0,2,9,7,0,0,,,,0,0,0,0,0,10,0,0,0,0,0,0,9,0.0,0.0,8,21,6,89,49,0,0,0,14,10,3,75.0,465.5,0,0,0,61,178,0,,0,37,,29
918780,Hossam Arafat,hossam-arafat,209028,Aswan SC,6.86,102.9,15,2,1,1,,,2,229,83,312,73.4,80,152,93,17,4,36.36,13,4,1,0,0,3,20.0,13,5,5,27,46.55,33,58.93,60,52.63,763,15.38,0,0,0,0,0,0,1,1,8,5,1,0,1,15,60.0,5,0,0,6,123,8,26,18,437,10,11,1,0,8,4,3,0,0,,,,0,0,0,0,0,12,0,0,0,0,0,0,8,0.0,0.0,17,11,15,54,23,0,0,0,25,12,8,61.54,381.5,0,0,0,90,237,0,,0,49,,16
1011207,Mohamed Shehata,mohamed-shehata,43561,Tala'ea El-Gaish,6.86,171.5,25,1,0,0,,,1,443,162,605,73.22,172,277,145,18,11,61.11,57,17,0,0,0,6,19.35,24,8,12,99,59.28,17,42.5,116,56.04,1276,4.17,0,0,0,0,0,0,1,0,9,15,0,1,0,26,38.81,5,0,0,12,251,10,52,20,890,32,33,0,0,16,2,4,0,0,,,,2,0,0,0,0,18,2,0,0,0,0,0,12,0.0,0.0,18,18,31,91,23,0,0,0,67,20,38,66.67,1276.0,0,0,0,204,432,1,,0,112,,29
1097452,Ahmed Dahroug,ahmed-dahroug,209028,Aswan SC,6.86,102.9,15,0,1,0,,,0,224,118,342,65.5,96,130,61,9,8,57.14,32,17,0,0,0,2,12.5,2,0,1,43,57.33,10,76.92,53,60.23,744,0.0,0,0,0,0,0,0,0,0,1,1,0,0,0,36,38.71,14,0,0,3,221,1,78,29,586,3,11,0,0,12,0,1,1,0,,,,0,0,0,0,0,13,0,0,0,0,0,0,6,0.0,0.0,8,14,16,35,3,0,0,0,93,13,21,65.63,0.0,0,0,0,123,235,1,,0,73,,19
918754,Karim Tarek,karim-tarek,43561,Tala'ea El-Gaish,6.85,185.0,27,6,4,1,3,,9,366,136,502,72.91,122,255,132,17,36,46.15,33,11,7,0,0,11,18.33,54,18,22,110,48.46,10,33.33,120,46.69,2180,11.11,0,0,0,0,0,0,5,1,31,23,0,3,3,17,62.96,4,0,0,28,345,11,32,14,967,41,33,0,0,19,16,14,0,0,,,,3,0,0,0,0,27,3,0,0,0,0,0,27,0.0,0.0,17,78,60,137,20,0,0,0,27,30,21,63.64,363.33,0,0,0,141,421,2,,0,87,,29
918773,Mohamed Reda,mohamed-reda,265830,Modern Sport FC,6.85,191.8,28,4,3,2,4,,8,718,232,950,75.58,218,504,302,25,40,48.19,28,9,2,0,0,4,15.38,36,12,19,120,53.1,8,34.78,128,51.41,1938,11.11,4,2,1,0,2,0,3,1,17,19,0,0,4,69,49.64,10,0,0,39,406,12,140,68,1371,52,19,2,0,12,0,5,0,0,,,,3,0,0,0,0,12,1,0,0,0,0,0,20,50.0,0.0,25,83,26,121,15,1,0,1,139,13,15,53.57,484.5,0,0,0,250,726,0,,0,115,,29
1499915,Yehia Yasser,yehia-yasser,43563,Smouha,6.85,13.7,2,0,1,0,,,0,11,4,15,73.33,3,8,5,3,2,50.0,1,1,0,0,0,0,0.0,1,0,1,4,57.14,0,0.0,4,57.14,46,0.0,0,0,0,0,0,0,0,0,0,1,0,0,0,1,50.0,1,0,0,0,8,2,2,1,27,1,1,0,0,0,0,0,0,0,,,,0,0,0,0,0,1,0,0,0,0,0,0,0,0.0,0.0,3,4,2,3,0,0,0,0,2,1,0,0.0,0.0,0,0,0,4,13,0,,0,3,,2
918504,Mohamed Rizk,mohamed-rizk,42365,Arab Contractors FC,6.85,82.2,12,0,1,1,,,0,182,68,250,72.8,84,99,50,4,2,66.67,31,21,3,0,0,1,50.0,8,1,4,42,60.87,2,18.18,44,55.0,669,0.0,0,0,0,0,0,0,0,0,2,6,0,0,0,15,40.54,9,0,0,6,91,5,27,11,385,9,13,0,0,8,0,3,0,0,,,,1,0,0,0,0,6,0,0,0,0,0,0,6,0.0,0.0,4,3,2,36,9,0,0,0,37,6,23,74.19,0.0,0,0,0,101,151,0,,0,62,,15
899903,Yaw Annor,yaw-annor,42366,Ismaily,6.85,164.3,24,7,3,7,1,,8,268,127,395,67.85,74,197,108,16,31,55.36,45,20,3,0,0,3,15.0,48,16,23,99,49.75,16,53.33,115,50.22,1550,14.58,0,0,0,0,0,0,6,1,36,12,0,2,5,9,33.33,4,0,0,21,260,11,18,9,753,24,25,1,0,32,11,9,0,0,,,,3,0,0,0,0,17,0,0,0,0,0,0,17,0.0,0.0,16,56,20,114,14,0,0,0,27,17,31,68.89,221.43,0,0,0,97,318,2,,0,95,,28
918707,Shokry Naguib,shokry-naguib,241703,Pharco FC,6.85,164.3,24,2,2,2,3,,5,373,140,513,72.71,102,277,147,25,24,66.67,14,6,3,0,0,6,24.0,48,19,12,67,48.2,15,28.3,82,42.71,1754,4.17,0,0,0,0,1,0,2,0,25,23,0,1,1,13,43.33,5,0,0,39,248,11,38,17,805,29,19,1,0,6,11,17,0,0,,,,3,0,0,0,0,19,1,0,0,0,0,0,20,0.0,0.0,25,36,25,110,38,0,0,0,30,20,10,71.43,877.0,0,0,0,122,416,0,,0,77,,25
1457866,Saif Thierry,saif-thierry,241703,Pharco FC,6.84,61.6,9,3,0,0,,,3,56,21,77,72.73,17,40,23,4,8,53.33,1,0,0,0,0,1,33.33,7,3,2,19,50.0,2,11.76,21,38.18,358,42.86,0,0,0,0,0,0,3,0,6,1,1,0,2,0,0.0,0,0,0,9,49,0,3,1,141,10,3,0,0,0,1,2,0,0,,,,0,0,0,0,0,6,0,0,0,0,0,0,3,0.0,0.0,4,15,3,34,15,0,0,0,2,6,0,0.0,119.33,0,0,0,20,60,1,,0,8,,14
1096228,Mostafa Saad,mostafa-saad,43563,Smouha,6.84,123.2,18,2,2,1,2,,4,313,140,453,69.09,73,253,149,30,32,57.14,26,8,0,0,0,13,18.31,20,7,7,98,52.69,8,24.24,106,48.4,1410,10.0,0,0,1,0,1,0,1,1,10,10,0,2,0,11,25.0,3,0,0,31,298,8,72,23,799,40,16,0,0,18,7,6,1,0,,,,0,0,0,0,0,20,0,0,0,0,0,0,17,0.0,0.0,29,56,71,113,25,0,0,0,44,20,15,57.69,705.0,0,0,0,89,435,1,,0,61,,20
911521,Allan Kyambadde,allan-kyambadde,58317,El Dakhlya,6.84,164.2,24,2,1,0,,,2,640,151,791,80.91,386,257,105,14,17,68.0,45,30,5,0,0,3,27.27,11,2,6,102,58.62,16,41.03,118,55.4,1875,18.18,0,0,1,1,0,0,2,0,4,7,1,0,1,59,48.76,31,0,0,23,230,6,66,29,1121,40,23,1,0,19,2,3,0,0,,,,6,0,0,0,0,24,1,0,0,0,0,0,22,0.0,0.0,14,25,11,95,23,0,0,0,121,25,35,77.78,937.5,0,0,0,434,368,1,,0,148,,24
918617,Emad Hamdi,emad-hamdi,42366,Ismaily,6.84,164.2,24,1,1,1,2,,3,517,174,691,74.82,289,228,66,4,7,63.64,41,27,4,0,0,0,0.0,8,2,3,71,57.26,58,69.05,129,62.02,1711,12.5,0,0,1,0,0,0,1,0,6,2,0,0,1,60,45.45,40,0,0,6,205,1,90,45,916,24,31,0,0,15,0,3,0,0,,,,4,0,0,0,0,19,1,0,0,0,0,0,19,0.0,0.0,4,11,1,79,26,0,0,0,132,20,27,65.85,1711.0,0,0,0,345,347,0,,0,114,,26
873556,Ahmed Ramadan,ahmed-ramadan,371622,Cleopatra FC,6.84,198.4,29,1,2,1,1,,2,941,246,1187,79.28,493,452,135,8,11,42.31,52,32,8,0,0,4,26.67,12,7,3,83,52.2,45,60.81,128,54.94,2576,8.33,0,0,0,0,0,0,1,0,6,6,1,0,0,90,46.88,66,0,0,10,335,5,138,63,1608,20,34,1,0,19,1,2,0,0,,,,9,0,0,0,0,25,3,0,0,0,0,0,30,0.0,0.0,8,26,15,105,29,0,0,0,192,28,42,80.77,2576.0,0,0,0,576,626,1,,0,189,,29
918628,Marwan Hamdy,marwan-hamdy,43560,Al-Masry,6.84,171.0,25,6,2,6,1,,7,249,159,408,61.03,53,203,121,15,26,49.06,19,4,2,1,1,7,30.43,70,28,26,69,36.32,75,57.25,144,44.86,1823,8.57,0,0,2,0,3,0,6,0,57,13,2,2,2,26,66.67,11,0,0,55,348,12,53,29,811,24,36,0,0,9,35,16,0,0,,,,6,0,0,0,0,13,2,0,0,0,0,0,20,0.0,0.0,15,53,23,177,56,0,0,0,39,15,13,68.42,303.83,0,0,0,65,366,1,,0,50,,25
1469702,Amr Kalawa,amr-kalawa,371622,Cleopatra FC,6.84,102.6,15,2,0,0,1,,3,319,79,398,80.15,99,221,99,7,5,50.0,22,11,3,0,0,1,20.0,12,4,5,42,51.22,14,77.78,56,56.0,778,16.67,0,0,0,0,0,0,1,1,7,5,1,0,1,17,50.0,5,0,0,6,112,4,28,9,529,15,25,0,0,5,0,3,0,0,,,,0,0,0,0,0,6,1,0,0,0,0,0,8,0.0,0.0,7,10,5,44,4,0,0,0,34,7,16,72.73,389.0,0,0,0,116,287,1,,0,56,,19
1095831,Ahmed Meteb,ahmed-meteb,43561,Tala'ea El-Gaish,6.84,212.0,31,2,2,1,3,,5,808,272,1080,74.81,369,466,210,29,20,40.0,79,32,2,0,0,27,22.5,13,4,4,147,58.33,9,31.03,156,55.52,2783,15.38,0,0,2,0,2,0,1,0,5,8,0,1,0,78,41.49,28,1,0,21,522,12,138,61,1880,48,31,1,1,26,9,5,0,0,,,,10,0,0,0,0,33,4,0,0,0,0,0,30,0.0,0.0,29,50,120,125,20,0,0,0,188,37,55,69.62,1391.5,0,0,0,442,758,0,,0,214,,32
918986,Mohamed Morsi,mohamed-morsi,209028,Aswan SC,6.83,82.0,12,1,2,0,,,1,187,93,280,66.79,60,138,80,11,4,26.67,11,8,3,0,0,11,37.93,9,4,3,30,44.78,5,33.33,35,42.68,546,11.11,0,0,0,0,0,0,1,0,3,6,0,1,0,27,50.0,2,0,0,12,158,8,76,32,429,15,8,0,0,6,3,2,0,0,,,,0,0,0,0,0,5,1,0,0,0,0,0,4,0.0,0.0,11,15,29,47,10,0,0,0,54,6,7,63.64,546.0,0,0,0,76,233,1,,0,46,,16
918622,Naser Mansi,naser-mansi,42368,Zamalek SC,6.83,129.7,19,4,2,1,,,4,179,112,291,61.51,40,140,97,17,4,30.77,7,2,4,0,1,1,9.09,35,13,15,23,29.11,58,39.46,81,35.84,1307,11.43,0,0,2,1,0,0,4,0,28,7,1,1,2,4,66.67,8,0,0,19,195,8,12,4,485,12,28,2,0,4,21,7,0,0,,,,0,0,0,0,0,16,3,0,0,0,0,0,14,0.0,0.0,17,13,11,145,89,0,0,0,6,19,4,57.14,326.75,1,0,0,53,249,1,,0,25,,19
866158,Joseph Ochaya,joseph-ochaya,42365,Arab Contractors FC,6.83,211.6,31,7,3,0,3,,10,595,274,869,68.47,225,392,163,28,12,37.5,31,42,2,0,0,22,17.46,43,12,17,50,34.72,33,56.9,83,41.09,2642,16.28,2,2,0,1,4,0,7,0,24,19,3,4,0,38,24.36,43,0,0,21,566,17,105,31,1669,8,37,1,0,18,10,14,0,0,,,,8,0,0,0,0,26,3,0,0,0,0,0,30,100.0,0.0,28,32,126,119,25,0,0,0,156,29,22,70.97,377.43,0,0,0,304,691,1,,0,191,,31
1094429,Mohamed Camacho,mohamed-camacho,43561,Tala'ea El-Gaish,6.83,211.6,31,1,0,3,,,1,932,358,1290,72.25,641,291,73,6,6,66.67,39,49,4,0,0,0,0.0,11,1,9,65,65.66,113,71.07,178,68.99,2830,9.09,0,0,0,3,0,0,1,0,11,0,1,0,0,129,40.69,119,0,1,3,393,3,183,75,1635,20,20,0,1,10,1,1,0,0,,,,12,0,0,0,0,36,4,0,0,0,0,0,33,0.0,0.0,6,9,3,80,46,0,0,0,317,40,33,84.62,2830.0,0,0,0,777,516,0,,10,193,,32
1174068,Mostafa Khawaga,mostafa-khawaga,43561,Tala'ea El-Gaish,6.83,136.5,20,1,3,1,2,,3,478,87,565,84.6,196,291,125,19,7,63.64,22,8,4,1,1,9,31.03,20,8,7,46,52.87,2,15.38,48,48.0,924,5.0,0,0,0,0,0,0,0,1,4,16,0,0,1,55,65.48,4,0,0,11,149,3,79,41,748,17,19,1,0,8,0,5,0,0,,,,0,0,0,0,0,14,2,0,0,0,0,0,9,0.0,0.0,19,11,29,52,11,0,0,0,84,16,17,77.27,924.0,0,0,0,210,384,1,,0,73,,22
159651,Saleh Gomaa,saleh-gomaa,42366,Ismaily,6.83,81.9,12,0,4,0,2,,2,268,125,393,68.19,94,183,90,15,4,50.0,12,3,4,0,0,9,21.43,9,1,5,30,46.15,5,38.46,35,44.87,559,0.0,0,0,0,0,3,0,0,0,1,8,0,0,0,52,53.61,2,0,0,10,189,5,102,41,527,14,13,0,0,8,0,3,0,0,,,,0,0,0,0,0,7,1,0,0,0,0,0,5,0.0,0.0,15,8,42,43,8,0,0,0,97,8,9,75.0,0.0,0,0,0,115,320,1,,0,44,,13
966973,Mahmoud Gad,mahmoud-gad,43560,Al-Masry,6.82,143.3,21,0,0,0,,,0,258,160,418,61.72,200,58,11,0,0,0.0,1,0,1,1,1,0,0.0,0,0,0,7,77.78,7,70.0,14,73.68,1867,0.0,0,0,0,0,0,0,0,0,0,0,0,0,0,98,38.43,30,1,0,0,163,0,68,33,588,7,2,0,0,0,0,0,0,41,,,,9,3,1,25,16,20,2,14,8,8,8,0,21,0.0,0.0,0,1,0,5,3,0,0,0,255,22,1,100.0,0.0,0,1,10,230,188,2,,157,162,,21
1094153,Ahmed Castelo,ahmed-castelo,209028,Aswan SC,6.82,204.7,30,0,0,0,,,0,740,299,1039,71.22,533,208,67,6,1,20.0,56,55,3,0,0,1,14.29,7,1,5,80,70.18,63,63.64,143,67.14,2721,0.0,0,0,0,1,0,0,0,0,5,2,0,0,0,101,35.56,125,0,0,3,330,1,122,44,1415,23,17,0,0,14,0,1,0,0,,,,4,0,0,0,0,38,3,0,0,0,0,0,31,0.0,0.0,6,5,7,70,36,0,0,0,284,41,44,78.57,0.0,0,0,0,659,387,1,,0,151,,31
1426381,Mohamed Essam Emara,mohamed-essam-emara,43563,Smouha,6.82,150.1,22,3,1,0,2,,5,260,83,343,75.8,72,191,103,14,22,62.86,15,8,1,0,0,3,14.29,15,3,8,59,59.0,16,41.03,75,53.96,948,20.0,0,0,0,0,0,0,3,0,9,6,1,0,2,14,56.0,8,0,0,12,152,12,26,10,524,22,13,0,0,6,1,4,0,0,,,,0,0,0,0,0,15,1,0,0,0,0,0,9,0.0,0.0,14,35,21,64,23,0,0,0,25,16,12,80.0,316.0,0,0,0,80,284,0,,0,66,,27
841934,Ahmed Tawfik,ahmed-tawfik,175002,Pyramids FC,6.82,170.5,25,0,1,0,1,,1,1022,189,1211,84.39,544,483,156,10,8,36.36,79,26,4,0,1,5,13.89,11,3,5,102,49.04,14,35.0,116,46.77,2065,0.0,0,0,0,0,0,0,0,0,1,10,0,0,0,88,56.41,28,0,0,20,308,5,124,71,1618,15,52,0,0,25,0,3,0,0,,,,5,0,0,0,0,17,3,0,0,0,0,0,24,0.0,0.0,10,22,36,132,26,0,0,0,156,20,59,74.68,0.0,1,0,0,615,632,0,,0,172,,27
918885,Emad El-Sayed,emad-el-sayed,58317,El Dakhlya,6.82,115.9,17,0,1,0,,,0,138,260,398,34.67,61,77,22,1,0,0.0,0,0,2,0,0,0,0.0,0,0,0,5,83.33,7,87.5,12,85.71,1465,0.0,0,0,0,0,0,0,0,0,0,0,0,0,0,93,26.57,19,0,0,0,265,0,140,43,546,5,0,0,0,1,0,0,0,52,,,,4,5,1,35,15,23,3,12,1,1,8,0,17,0.0,0.0,1,0,0,2,1,0,0,0,350,26,0,0.0,0.0,0,0,5,97,301,0,,149,166,,17
967020,Ghanam Mohamed,ghanam-mohamed,265830,Modern Sport FC,6.82,156.8,23,1,2,0,1,,2,920,156,1076,85.5,392,529,219,11,9,47.37,35,15,3,0,0,1,33.33,18,4,7,62,50.82,14,60.87,76,52.41,1662,5.56,0,0,0,0,0,0,0,1,5,13,0,0,1,66,62.86,29,0,0,12,207,12,57,37,1305,18,18,0,0,25,2,7,0,0,,,,9,0,0,0,0,11,4,0,0,0,0,0,21,0.0,0.0,11,19,3,69,9,0,0,0,105,15,21,60.0,1662.0,0,0,0,434,645,1,,0,170,,24
1156360,Ali Baheeg,ali-baheeg,241703,Pharco FC,6.82,40.9,6,1,0,0,2,,3,45,16,61,73.77,12,33,23,4,2,50.0,2,1,0,0,0,0,0.0,4,2,2,7,38.89,13,41.94,20,40.82,289,25.0,0,0,0,0,0,0,1,0,3,1,0,1,0,1,50.0,2,0,0,5,36,4,4,2,98,3,5,0,0,0,3,0,0,0,,,,0,0,0,0,0,2,0,0,0,0,0,0,4,0.0,0.0,4,4,1,29,18,0,0,0,2,2,1,50.0,289.0,0,0,0,15,47,0,,0,7,,10
918825,Mahmoud Shaaban,mahmoud-shaaban,265830,Modern Sport FC,6.82,40.9,6,0,2,0,,,0,186,52,238,78.15,101,93,38,8,3,50.0,11,5,2,0,0,8,36.36,0,0,0,18,48.65,6,75.0,24,53.33,474,0.0,0,0,0,0,0,0,0,0,0,0,0,0,0,9,34.62,8,0,0,5,89,1,16,5,377,4,5,0,0,6,0,0,0,0,,,,1,0,0,0,0,3,0,0,0,0,0,0,5,0.0,0.0,8,6,22,21,2,0,0,0,26,3,7,63.64,0.0,0,0,0,118,142,0,,0,28,,7
1094702,Ahmed Khaled,ahmed-khaled,209028,Aswan SC,6.82,211.3,31,1,4,1,6,,7,739,201,940,78.62,267,483,275,41,35,55.56,38,11,2,0,0,11,20.75,30,4,16,106,52.22,13,23.64,119,46.12,2466,3.33,2,0,0,0,0,0,1,0,14,16,0,1,0,18,37.5,4,0,0,42,426,12,55,29,1394,33,21,1,0,10,2,10,0,0,,,,0,0,0,0,0,32,3,0,0,0,0,0,32,0.0,0.0,41,63,53,139,42,1,0,1,48,35,24,63.16,2466.0,0,0,0,307,686,2,,0,150,,32
918996,Seifeddine Jaziri,seifeddine-jaziri,42368,Zamalek SC,6.81,184.0,27,7,1,2,,,7,311,91,402,77.36,102,209,97,13,10,24.39,16,5,0,0,0,0,0.0,49,18,25,48,32.88,29,52.73,77,38.31,1783,14.29,0,0,1,0,0,0,7,0,38,11,3,1,3,12,63.16,12,0,0,40,233,21,13,7,697,22,24,2,0,3,6,6,0,0,,,,1,0,0,0,0,15,6,0,0,0,0,0,24,0.0,0.0,13,41,7,124,26,0,0,0,19,21,13,81.25,254.71,0,0,0,117,292,4,,0,51,,27
967150,Mohamed Makhlouf,mohamed-makhlouf,42366,Ismaily,6.81,95.4,14,1,1,0,,,1,276,70,346,79.77,134,142,66,4,7,77.78,25,5,2,0,0,0,0.0,8,2,5,38,67.86,5,38.46,43,62.32,756,12.5,0,0,0,0,0,0,1,0,2,6,0,0,1,22,44.9,5,0,0,4,107,6,48,21,464,6,11,0,0,2,0,1,0,0,,,,0,0,0,0,0,11,0,0,0,0,0,0,9,0.0,0.0,4,9,13,26,8,0,0,0,49,11,15,60.0,756.0,0,0,0,150,209,0,,0,78,,16
1154981,Ahmed El Bahrawy,ahmed-el-bahrawy,241703,Pharco FC,6.81,143.1,21,0,0,0,,,0,542,160,702,77.21,357,188,65,5,11,68.75,44,14,0,0,0,3,12.0,6,1,2,69,62.73,26,61.9,95,62.5,1603,0.0,0,0,0,0,0,0,0,0,1,5,0,0,0,36,40.91,30,0,0,6,244,3,58,25,985,15,20,0,0,11,0,3,0,0,,,,4,0,0,0,0,15,3,0,0,0,0,0,17,0.0,0.0,5,16,25,57,16,0,0,0,88,18,30,68.18,0.0,0,0,0,424,303,0,,1,128,,26
967015,Khaled Sami,khaled-sami,43566,Haras El Hodoud,6.81,102.2,15,0,1,0,,,0,225,79,304,74.01,153,72,20,5,0,0.0,15,17,3,0,0,0,0.0,4,1,2,20,60.61,13,54.17,33,57.89,1156,0.0,0,0,0,1,0,0,0,0,4,0,0,0,0,33,43.42,67,0,0,0,125,0,53,26,498,5,8,0,0,5,0,1,0,0,,,,0,0,0,0,0,16,2,0,0,0,0,0,14,0.0,0.0,5,0,3,24,11,0,0,0,76,18,9,60.0,0.0,0,0,0,186,121,0,,0,51,,15
795445,Issahaku Yakubu,issahaku-yakubu,266626,National Bank of Egypt,6.81,218.0,32,0,4,0,4,,4,1033,298,1331,77.61,509,551,265,33,17,38.64,47,25,0,0,0,27,24.77,5,2,2,86,56.58,13,34.21,99,52.11,2697,0.0,0,0,0,0,0,0,0,0,3,2,0,0,0,93,42.86,33,1,0,18,525,16,162,67,2006,22,13,0,0,11,1,1,0,0,,,,10,0,0,0,0,24,7,0,0,0,0,0,30,0.0,0.0,33,44,109,91,25,0,0,0,217,31,32,68.09,0.0,0,0,0,601,839,0,,0,213,,33
896578,Mohamed Ashraf Roqa,mohamed-ashraf-roqa,42368,Zamalek SC,6.81,163.5,24,0,0,0,1,,1,885,142,1027,86.17,392,493,187,11,3,37.5,30,22,3,0,0,0,0.0,20,5,5,38,46.91,3,25.0,41,44.09,1465,0.0,0,0,0,0,0,0,0,0,1,19,0,0,0,140,74.07,12,0,0,3,168,3,122,74,1190,5,19,0,1,19,0,10,0,0,,,,3,0,0,0,0,17,2,0,0,0,0,0,19,0.0,0.0,11,8,2,52,9,0,0,0,189,19,19,63.33,0.0,0,0,0,430,599,0,,0,115,,26
1428035,Ahmed El Armouty,ahmed-el-armouty,371622,Cleopatra FC,6.81,122.6,18,1,4,0,2,,3,227,57,284,79.93,51,181,108,13,9,52.94,15,2,1,0,0,5,23.81,19,6,10,38,46.34,3,33.33,41,45.05,665,5.26,0,0,0,0,0,0,1,0,7,12,0,0,1,12,57.14,2,0,0,20,134,7,19,6,455,14,11,0,0,5,0,3,0,0,,,,0,0,0,0,0,6,1,0,0,0,0,0,4,0.0,0.0,13,17,21,50,6,0,0,0,21,7,10,66.67,665.0,0,0,0,53,252,1,,0,43,,20
918645,Mahmoud Rizk,mahmoud-rizk,265830,Modern Sport FC,6.81,61.3,9,0,0,0,,,0,337,86,423,79.67,261,76,19,1,0,0.0,12,9,4,0,0,0,0.0,1,0,1,20,51.28,25,73.53,45,61.64,777,0.0,0,0,0,0,0,0,0,0,1,0,0,0,0,25,37.31,44,0,0,2,94,0,44,17,519,8,12,0,0,6,0,0,0,0,,,,3,0,0,0,0,6,1,0,0,0,0,0,8,0.0,0.0,1,1,0,28,9,0,0,0,67,7,7,58.33,0.0,0,0,0,301,122,1,,0,44,,11
1655258,Mahmoud Dunga,mahmoud-dunga,175002,Pyramids FC,6.81,61.3,9,0,0,0,,,0,214,44,258,82.95,89,125,51,4,2,50.0,19,8,2,0,0,0,0.0,4,0,3,24,48.98,5,27.78,29,43.28,427,0.0,0,0,0,0,0,0,0,0,1,3,0,0,0,21,55.26,10,0,0,2,52,4,28,13,325,3,21,0,0,3,0,1,0,0,,,,1,0,0,0,0,2,0,0,0,0,0,0,4,0.0,0.0,4,4,0,38,13,0,0,0,38,2,14,73.68,0.0,0,0,0,107,151,0,,0,34,,17
871738,Mido Gaber,mido-gaber,371622,Cleopatra FC,6.81,204.3,30,2,5,5,2,,4,644,225,869,74.11,197,457,232,28,30,46.15,39,29,4,0,0,10,18.52,64,19,25,99,41.95,61,60.4,160,47.48,2494,3.13,0,0,0,0,3,0,2,0,31,33,1,1,0,38,51.35,21,0,0,48,442,20,89,41,1400,31,38,2,0,20,13,20,0,0,,,,5,0,0,0,0,21,2,0,0,0,0,0,30,0.0,0.0,28,65,54,177,40,0,0,0,74,23,24,61.54,1247.0,0,0,0,224,699,2,,0,130,,31
1174307,Mahmoud El Hadary,mahmoud-el-hadary,58319,Ghazl El Mahalla FC,6.81,68.1,10,0,0,0,,,0,285,77,362,78.73,274,11,4,0,0,0.0,0,0,1,0,0,0,0.0,0,0,0,3,60.0,5,100.0,8,80.0,854,0.0,0,0,0,0,0,0,0,0,0,0,0,0,0,39,34.51,12,1,0,0,77,0,29,9,458,4,0,0,0,2,0,0,0,30,,,,3,2,0,16,14,13,1,5,2,2,4,0,9,0.0,0.0,0,0,0,2,0,0,0,0,113,14,0,0.0,0.0,0,1,3,306,56,1,,98,74,,10
915212,Mamadou Niass,mamadou-niass,42365,Arab Contractors FC,6.81,183.8,27,2,2,0,3,,5,239,91,330,72.42,71,169,92,17,9,34.62,34,7,3,0,0,1,4.76,30,8,16,63,43.45,30,36.59,93,40.97,1404,6.67,0,0,0,0,0,0,2,0,22,8,1,1,0,9,42.86,4,0,0,22,199,10,10,3,595,20,26,2,0,18,15,6,0,0,,,,1,0,0,0,0,10,1,0,0,0,0,0,13,0.0,0.0,17,26,21,134,52,0,0,0,21,11,22,64.71,702.0,0,0,0,85,266,2,,0,45,,31
918594,Ahmed Abdelaziz Mody,ahmed-abdelaziz-mody,241703,Pharco FC,6.81,95.3,14,2,0,0,,,2,321,126,447,71.81,202,121,44,4,2,50.0,28,15,3,0,0,2,50.0,3,3,0,33,71.74,10,50.0,43,65.15,1071,66.67,2,2,0,1,0,0,2,0,3,0,0,2,0,42,43.3,29,1,1,2,148,2,85,33,597,3,11,0,0,2,0,0,0,0,,,,4,0,0,0,0,10,0,0,0,0,0,0,13,100.0,0.0,4,4,4,23,10,0,0,0,97,10,18,64.29,535.5,0,0,0,251,200,0,,0,51,,15
943788,Ahmed Abdel Rahman Zola,ahmed-abdel-rahman-zola,43561,Tala'ea El-Gaish,6.81,197.4,29,1,1,0,1,,2,728,235,963,75.6,369,363,165,19,26,70.27,65,31,2,0,0,4,8.33,9,4,2,125,60.98,12,36.36,137,57.56,2495,11.11,0,0,0,0,0,0,1,0,5,4,1,0,0,62,35.84,35,0,0,26,387,9,118,42,1633,34,17,0,0,28,2,3,0,0,,,,10,0,0,0,0,32,3,0,0,0,0,0,30,0.0,0.0,19,37,48,101,21,0,0,0,173,35,48,73.85,2495.0,0,0,0,443,568,1,,0,193,,31
1418782,Mostafa Ziko,mostafa-ziko,43566,Haras El Hodoud,6.8,210.8,31,6,1,5,3,,9,711,245,956,74.37,253,466,256,24,33,40.24,39,13,2,0,0,8,22.22,75,34,31,127,42.19,53,48.18,180,43.8,2714,8.0,2,2,0,1,5,0,6,0,46,29,0,1,5,56,53.85,29,0,0,63,498,23,72,35,1547,55,43,0,0,24,9,10,0,0,,,,5,0,0,0,0,37,5,0,0,0,0,0,31,100.0,0.0,24,82,36,231,57,0,0,0,104,42,31,79.49,452.33,0,0,0,284,708,2,,0,158,,31
1440621,Abdelrahman El Banouby,abdelrahman-el-banouby,58317,El Dakhlya,6.8,129.2,19,3,3,6,5,,8,290,110,400,72.5,82,212,114,21,23,47.92,18,8,1,0,0,4,33.33,25,14,5,46,46.46,20,35.09,66,42.31,1128,12.0,0,0,0,0,0,0,3,0,19,6,0,1,2,10,45.45,6,0,0,11,176,8,21,7,593,5,9,0,0,8,2,6,0,0,,,,0,0,0,0,0,15,3,0,0,0,0,0,10,0.0,0.0,21,48,12,90,37,0,0,0,22,18,9,50.0,376.0,0,0,0,94,318,2,,0,47,,21
967008,Amr El Sisi,amr-el-sisi,42368,Zamalek SC,6.8,142.8,21,2,1,0,1,,3,585,101,686,85.28,229,356,147,8,1,20.0,28,16,1,0,0,0,0.0,10,4,6,51,47.66,12,50.0,63,48.09,1226,20.0,0,0,0,0,0,0,2,0,8,2,0,1,1,38,66.67,5,0,0,11,141,5,50,29,870,23,31,0,0,13,0,0,0,0,,,,0,0,0,0,0,12,2,0,0,0,0,0,14,0.0,0.0,8,5,4,68,12,0,0,0,57,14,13,46.43,613.0,0,0,0,256,434,0,,0,101,,21
1001811,Zyad Farag,zyad-farag,43560,Al-Masry,6.8,6.8,1,0,0,0,,,0,13,5,18,72.22,4,9,3,0,0,0.0,1,1,0,0,0,0,0.0,0,0,0,1,50.0,1,100.0,2,66.67,46,0.0,0,0,0,0,0,0,0,0,0,0,0,0,0,0,0.0,2,0,0,1,7,2,1,0,30,0,0,0,0,0,0,0,0,0,,,,0,0,0,0,0,0,0,0,0,0,0,0,1,0.0,0.0,0,0,1,1,0,0,0,0,2,0,1,100.0,0.0,0,0,0,5,14,0,,0,5,,1
1467052,Seif Elkhashab,seif-elkhashab,43564,ENPPI,6.8,27.2,4,0,0,0,,,0,72,29,101,71.29,51,21,8,0,0,0.0,8,8,0,0,0,0,0.0,1,0,1,8,44.44,11,68.75,19,55.88,281,0.0,0,0,0,0,0,0,0,0,1,0,0,0,0,9,45.0,20,0,0,0,34,0,13,5,161,0,3,0,0,5,0,0,0,0,,,,0,0,0,0,0,3,1,0,0,0,0,0,3,0.0,0.0,0,2,0,15,5,0,0,0,20,4,5,62.5,0.0,0,0,0,67,34,0,,0,18,,7
934537,Mohamed Fakhry,mohamed-fakhry,6910,Al Ahly FC,6.8,61.2,9,0,1,0,,,0,225,51,276,81.52,93,133,65,8,5,45.45,13,7,0,0,0,1,20.0,5,1,2,30,54.55,0,0.0,30,51.72,519,0.0,0,0,0,0,0,0,0,0,2,3,0,0,0,13,44.83,4,0,0,8,82,3,29,14,380,12,9,0,0,2,0,2,1,0,,,,1,0,0,0,0,3,0,0,0,0,0,0,6,0.0,0.0,7,11,5,28,3,0,0,0,29,3,9,69.23,0.0,0,0,0,105,176,0,,0,33,,11
331493,Emeka Eze,emeka-eze,43560,Al-Masry,6.8,183.6,27,0,1,1,,,0,855,164,1019,83.91,386,470,166,13,13,59.09,37,28,9,1,1,1,12.5,14,0,9,79,53.02,36,56.25,115,53.99,1880,0.0,0,0,0,0,0,0,0,0,1,13,0,0,0,59,62.11,19,0,0,10,225,11,87,42,1296,29,42,0,0,11,0,5,0,0,,,,7,0,0,0,0,21,1,0,0,0,0,0,22,0.0,0.0,13,22,8,98,28,0,0,0,95,22,21,56.76,0.0,0,0,0,435,592,1,,0,195,,27
1124358,Salifu Moro,salifu-moro,35187,Al-Ittihad Alexandria,6.8,183.6,27,0,2,2,,,0,1077,202,1279,84.21,578,501,178,17,13,56.52,50,33,5,0,1,2,28.57,28,2,20,81,44.26,37,62.71,118,48.76,2275,0.0,0,0,0,0,0,0,0,0,8,20,0,0,0,69,53.91,41,0,0,13,262,9,96,47,1593,18,55,0,1,27,0,6,0,0,,,,11,0,0,0,0,25,1,0,0,0,0,0,25,0.0,0.0,17,23,7,124,22,0,0,0,128,26,36,72.0,0.0,1,0,0,638,648,0,,0,182,,27
1173769,Marwan Hamdi,marwan-hamdi,42366,Ismaily,6.8,6.8,1,0,0,0,1,,1,27,7,34,79.41,10,17,10,1,2,33.33,3,0,0,0,0,0,0.0,1,1,0,5,35.71,2,40.0,7,36.84,83,0.0,0,0,0,0,0,0,0,0,0,1,0,0,0,1,50.0,0,0,0,2,14,0,3,1,47,0,3,0,0,1,0,0,0,0,,,,0,0,0,0,0,1,0,0,0,0,0,0,1,0.0,0.0,1,6,1,12,3,0,0,0,2,1,3,100.0,0.0,0,0,0,14,21,0,,0,3,,1
967007,Mohab Yasser,mohab-yasser,58317,El Dakhlya,6.8,20.4,3,0,0,0,1,,1,46,13,59,77.97,21,28,11,3,2,50.0,2,0,0,0,0,3,33.33,0,0,0,8,50.0,0,0.0,8,44.44,94,0.0,0,0,0,0,0,0,0,0,0,0,0,0,0,3,100.0,1,0,0,4,29,0,6,5,93,4,2,0,0,0,0,0,0,0,,,,0,0,0,0,0,1,0,0,0,0,0,0,0,0.0,0.0,3,4,9,10,2,0,0,0,3,1,2,100.0,0.0,0,0,0,24,44,0,,0,11,,3
1425280,Samuel Amadi,samuel-amadi,371622,Cleopatra FC,6.8,27.2,4,0,0,0,1,,1,27,11,38,71.05,9,18,12,1,3,100.0,6,2,0,0,0,0,0.0,1,0,0,13,61.9,2,28.57,15,53.57,178,0.0,0,0,0,0,0,0,0,0,1,0,0,0,0,0,0.0,1,0,0,4,19,2,1,0,70,4,3,0,0,1,0,1,0,0,,,,0,0,0,0,0,1,1,0,0,0,0,0,2,0.0,0.0,1,3,0,13,5,0,0,0,0,2,5,83.33,0.0,0,0,0,14,24,0,,0,14,,7
1133047,Mohamed Abdelsamia,mohamed-abdelsamia,42366,Ismaily,6.8,54.4,8,0,1,0,1,,1,81,31,112,72.32,22,65,30,7,6,46.15,19,2,2,0,0,6,30.0,7,2,1,33,55.0,1,7.14,34,45.95,377,0.0,0,0,0,0,0,0,0,0,4,3,0,0,0,3,60.0,2,0,0,5,68,6,4,3,214,8,11,0,0,6,0,4,1,0,,,,0,0,0,0,0,5,0,0,0,0,0,0,4,0.0,0.0,6,13,20,40,13,0,0,0,5,5,13,68.42,0.0,0,0,0,30,102,0,,0,24,,8
918753,Mohamed Grendo,mohamed-grendo,43560,Al-Masry,6.8,217.5,32,9,2,6,2,,11,453,172,625,72.48,134,325,181,25,16,30.77,34,9,3,0,0,6,27.27,51,20,24,110,44.72,68,40.0,178,42.79,2457,17.65,4,4,2,0,0,0,9,0,47,4,0,1,8,9,47.37,13,0,0,54,367,15,18,8,1108,61,37,0,0,17,13,7,0,0,,,,6,0,0,0,0,23,0,0,0,0,0,0,26,100.0,0.0,25,52,22,238,102,0,0,0,19,23,27,79.41,273.0,0,0,0,165,482,1,,0,104,,32
918578,Mohamed Hashem,mohamed-hashem,42366,Ismaily,6.8,197.1,29,0,1,0,1,,1,833,199,1032,80.72,596,237,79,4,2,66.67,39,26,3,0,1,0,0.0,6,0,3,66,60.55,59,68.6,125,64.1,2545,0.0,0,0,0,0,0,0,0,0,6,0,0,0,0,81,40.5,108,0,0,9,231,1,116,54,1338,25,27,0,0,10,1,3,0,0,,,,5,0,0,0,0,31,2,0,0,0,0,0,29,0.0,0.0,4,3,1,70,27,0,0,0,200,33,26,66.67,0.0,1,0,0,675,358,2,,1,153,,30
919198,Firas Chaouat,firas-chaouat,42366,Ismaily,6.8,142.7,21,7,1,6,1,,8,255,126,381,66.93,59,196,116,18,10,35.71,9,3,4,0,0,0,0.0,37,13,12,42,34.71,62,46.62,104,40.94,1438,18.92,0,0,0,0,0,0,7,0,36,1,1,2,3,2,33.33,6,0,0,36,240,7,4,4,623,23,20,1,0,6,16,12,0,0,,,,1,0,0,0,0,16,1,0,0,0,0,0,15,0.0,0.0,18,28,7,150,71,0,0,0,6,17,4,44.44,205.43,0,0,0,75,313,0,,0,45,,21
873543,Amr Saadawy,amr-saadawy,43560,Al-Masry,6.8,142.7,21,1,5,0,,,1,561,164,725,77.38,241,336,179,17,13,41.94,36,22,2,0,0,16,16.84,7,2,2,66,49.25,6,22.22,72,44.72,1711,14.29,0,0,0,0,1,0,1,0,6,1,0,1,0,50,46.3,19,0,0,6,319,5,89,42,1211,17,20,1,0,25,2,3,0,0,,,,5,0,0,0,0,17,0,0,0,0,0,0,19,0.0,0.0,17,31,95,89,21,0,0,0,108,17,24,66.67,1711.0,0,0,0,290,530,1,,0,98,,24
918727,Karim El Eraki,karim-el-eraki,43560,Al-Masry,6.79,122.3,18,0,0,0,,,0,419,106,525,79.81,243,180,62,6,6,37.5,43,27,1,0,0,4,14.29,7,2,4,63,52.94,11,47.83,74,52.11,1381,0.0,0,0,0,1,0,0,0,0,5,2,0,0,0,40,43.48,29,0,0,11,183,5,66,28,917,14,16,2,0,20,1,1,0,0,,,,5,0,0,0,0,11,2,0,0,0,0,0,17,0.0,0.0,6,16,28,68,12,0,0,0,92,13,31,72.09,0.0,0,0,0,275,278,0,,0,89,,19
831590,Mohammed Saleh,mohammed-saleh,35187,Al-Ittihad Alexandria,6.79,101.9,15,0,0,0,1,,1,426,131,557,76.48,300,126,35,2,2,100.0,10,23,3,0,0,0,0.0,4,0,3,19,50.0,27,67.5,46,58.97,1173,0.0,0,0,0,0,2,0,0,0,2,2,0,0,0,74,50.34,66,0,0,0,132,1,112,57,692,7,11,1,1,9,2,1,0,0,,,,4,0,0,0,0,19,1,0,0,0,0,0,14,0.0,0.0,2,2,0,32,13,0,0,0,147,20,6,60.0,0.0,0,0,0,347,210,2,,2,78,,15
1179130,Rasheed Ahmed,rasheed-ahmed,58317,El Dakhlya,6.79,156.2,23,5,2,6,1,,6,157,102,259,60.62,61,97,58,14,7,36.84,9,3,6,0,0,1,100.0,42,11,23,37,40.66,74,45.68,111,43.87,1246,11.9,0,0,3,1,0,0,5,0,28,14,1,0,4,5,62.5,12,0,0,15,160,4,9,4,448,21,29,2,0,4,12,8,0,0,,,,0,0,0,0,0,7,1,0,0,0,0,0,12,0.0,0.0,14,19,1,142,88,0,0,0,8,8,8,88.89,249.2,0,0,0,77,183,2,,0,21,,24
1170185,Emad Mayhoub,emad-mayhoub,43564,ENPPI,6.79,74.7,11,0,2,0,2,,2,70,32,102,68.63,31,44,24,7,1,6.25,12,4,3,0,0,5,41.67,13,5,6,27,46.55,4,30.77,31,43.66,492,0.0,0,0,1,0,0,0,0,0,8,5,0,0,0,3,37.5,6,0,0,8,87,4,7,3,227,14,11,2,0,2,1,2,0,0,,,,0,0,0,0,0,10,0,0,0,0,0,0,6,0.0,0.0,7,16,12,40,9,0,0,0,8,10,6,50.0,0.0,0,0,0,35,79,0,,0,30,,11
795988,Kingsley Sokari,kingsley-sokari,241703,Pharco FC,6.79,176.5,26,1,0,0,,,1,814,191,1005,81.0,413,401,145,6,17,65.38,45,22,6,0,0,0,0.0,11,3,6,111,60.33,28,58.33,139,59.91,2249,9.09,0,0,0,0,0,0,0,1,1,10,0,0,1,58,54.21,24,0,0,20,256,7,106,53,1280,49,32,0,0,16,0,2,0,0,,,,6,0,0,0,0,22,4,0,0,0,0,0,27,0.0,0.0,6,26,5,93,20,0,0,0,107,26,29,64.44,2249.0,0,0,0,460,550,0,,0,150,,28
918456,Khaled Reda,khaled-reda,43564,ENPPI,6.79,115.4,17,0,1,0,1,,1,437,155,592,73.82,284,153,50,4,3,100.0,23,23,3,1,1,0,0.0,1,0,0,38,64.41,38,65.52,76,64.96,1492,0.0,0,0,0,1,0,0,0,0,1,0,0,0,0,56,51.85,69,0,0,7,168,1,62,29,767,12,13,0,0,2,0,1,0,0,,,,2,0,0,0,0,23,1,0,0,0,0,0,17,0.0,0.0,4,3,1,41,20,0,0,0,108,24,16,69.57,0.0,0,0,0,345,248,1,,0,78,,17
1009352,Mohamed Bayoumi,mohamed-bayoumi,42366,Ismaily,6.79,47.5,7,0,0,0,,,0,94,30,124,75.81,44,50,23,1,0,0.0,10,6,1,0,0,0,0.0,0,0,0,14,70.0,7,70.0,21,70.0,250,0.0,0,0,0,0,0,0,0,0,0,0,0,0,0,11,45.83,4,0,0,1,34,0,9,4,162,4,4,0,0,1,0,0,0,0,,,,0,0,0,0,0,3,0,0,0,0,0,0,3,0.0,0.0,1,0,0,9,3,0,0,0,24,3,4,40.0,0.0,0,0,0,57,67,0,,0,30,,8
1018588,Ahmed Kendouci,ahmed-kendouci,6910,Al Ahly FC,6.79,95.0,14,0,3,1,1,,1,300,71,371,80.86,116,187,91,15,12,50.0,25,6,0,0,0,3,50.0,12,4,5,43,44.33,4,33.33,47,43.12,754,0.0,0,0,0,0,0,0,0,0,5,7,0,0,0,13,50.0,4,0,0,14,113,5,23,9,508,6,14,0,0,14,3,3,0,0,,,,3,0,0,0,0,3,0,0,0,0,0,0,8,0.0,0.0,15,24,6,62,8,0,0,0,26,3,18,72.0,0.0,0,0,0,128,249,0,,0,48,,14
952443,Mohamed Shaaban,mohamed-shaaban,43561,Tala'ea El-Gaish,6.78,88.2,13,0,1,0,,,0,91,175,266,34.21,28,63,27,2,0,0.0,0,0,2,0,0,0,0.0,0,0,0,4,100.0,5,83.33,9,90.0,1103,0.0,0,0,0,0,0,0,0,0,0,0,0,0,0,72,29.15,18,2,0,0,178,0,93,28,366,4,0,0,0,0,0,0,0,23,,,,7,3,1,10,13,11,1,12,3,3,15,0,12,0.0,0.0,2,0,0,1,1,0,0,0,247,12,0,0.0,0.0,0,0,5,39,227,1,,95,103,,13
373894,Abdelkabir El Ouady,abdelkabir-el-ouady,265830,Modern Sport FC,6.78,183.1,27,3,1,4,2,,5,527,161,688,76.6,176,357,207,24,17,43.59,37,13,2,0,0,6,25.0,31,8,12,80,49.69,5,21.74,85,46.2,1957,9.68,0,0,1,0,0,0,3,0,29,2,0,0,3,16,51.61,6,0,0,27,300,16,44,23,1037,26,15,0,0,17,10,11,0,0,,,,5,0,0,0,0,12,2,0,0,0,0,0,22,0.0,0.0,24,39,24,99,18,0,0,0,31,14,25,67.57,652.33,0,0,0,209,503,0,,0,121,,28
1098638,John Okoli,john-okoli,42365,Arab Contractors FC,6.78,230.5,34,9,4,9,3,,12,374,159,533,70.17,104,273,183,29,23,41.82,15,3,1,0,0,3,16.67,75,37,21,59,32.07,18,16.98,77,26.55,2925,12.0,1,1,0,0,0,0,9,0,57,18,2,2,5,16,53.33,15,0,0,40,353,14,34,18,934,21,44,2,0,11,29,17,0,0,,,,6,0,0,0,0,28,3,0,0,0,0,0,33,100.0,0.0,29,55,18,213,88,0,0,0,30,31,10,66.67,325.0,0,0,0,127,424,1,,0,78,,34
918814,El-Hani Soliman,el-hani-soliman,43563,Smouha,6.78,176.2,26,0,0,0,,,0,289,429,718,40.25,131,158,64,3,0,0.0,1,2,5,0,0,0,0.0,0,0,0,24,92.31,8,88.89,32,91.43,2296,0.0,0,0,0,0,0,0,0,0,0,0,0,0,0,207,32.75,11,1,0,0,435,0,263,75,894,23,0,0,0,2,0,0,0,55,,,,9,5,0,34,21,28,0,7,5,4,35,0,26,0.0,0.0,3,0,0,3,1,0,0,0,632,28,0,0.0,0.0,0,0,8,164,554,1,,198,264,,26
918693,Karim El Deeb,karim-el-deeb,42366,Ismaily,6.78,115.2,17,0,2,1,1,,1,295,72,367,80.38,124,173,76,12,22,68.75,19,12,0,0,0,2,16.67,9,1,7,52,55.32,22,56.41,74,55.64,824,0.0,0,0,0,0,0,0,0,0,7,2,0,0,0,11,50.0,13,0,0,13,122,6,24,12,534,11,14,0,0,7,1,1,0,0,,,,0,0,0,0,0,7,1,0,0,0,0,0,11,0.0,0.0,12,32,12,59,17,0,0,0,22,8,15,78.95,0.0,0,0,0,152,227,1,,0,48,,19
935681,Mohamed Metwally Canaria,mohamed-metwally-canaria,371622,Cleopatra FC,6.78,196.5,29,0,2,2,1,,1,1232,291,1523,80.89,399,838,403,25,17,48.57,36,25,3,0,0,5,26.32,16,7,8,92,48.42,27,56.25,119,50.0,2408,0.0,0,0,0,0,0,0,0,0,8,8,0,0,0,94,53.71,12,0,0,33,415,12,190,87,1874,39,32,0,0,19,1,1,0,0,,,,5,0,0,0,0,25,3,0,0,0,0,0,28,0.0,0.0,25,35,19,119,21,0,0,0,175,28,25,69.44,0.0,0,0,0,468,1074,0,,0,204,,29
845520,Mohamed Nassef,mohamed-nassef,371622,Cleopatra FC,6.78,27.1,4,0,1,0,,,0,67,21,88,76.14,32,43,16,6,0,0.0,2,2,0,0,0,8,30.77,1,1,0,5,62.5,4,66.67,9,64.29,221,0.0,0,0,0,0,0,0,0,0,1,0,0,0,0,3,27.27,2,0,0,0,45,1,12,4,151,3,2,0,0,0,0,0,0,0,,,,0,0,0,0,0,5,1,0,0,0,0,0,2,0.0,0.0,6,1,26,5,2,0,0,0,11,6,2,100.0,0.0,0,0,0,41,73,0,,0,10,,5
1008484,Constant Wayou,constant-wayou,371622,Cleopatra FC,6.78,27.1,4,0,0,0,,,0,82,18,100,82.0,32,51,26,3,6,85.71,7,1,0,0,0,1,11.11,4,1,2,16,57.14,1,50.0,17,56.67,238,0.0,0,0,0,0,0,0,0,0,1,3,0,0,0,4,36.36,1,0,0,5,41,2,8,3,158,3,6,0,0,0,0,1,0,0,,,,0,0,0,0,0,2,0,0,0,0,0,0,3,0.0,0.0,3,7,9,13,1,0,0,0,11,2,5,71.43,0.0,0,0,0,33,76,0,,0,22,,6
126404,Amro Tarek,amro-tarek,43560,Al-Masry,6.78,27.1,4,0,0,0,,,0,78,29,107,72.9,49,30,10,0,0,0.0,8,7,0,0,0,1,20.0,2,1,1,9,40.91,10,76.92,19,54.29,234,0.0,0,0,0,1,0,0,0,0,2,0,0,0,0,10,43.48,11,0,0,0,39,0,12,4,164,1,11,0,0,2,0,0,0,0,,,,0,0,0,0,0,4,0,0,0,0,0,0,3,0.0,0.0,0,1,5,16,3,0,0,0,23,4,5,62.5,0.0,0,0,0,62,50,0,,0,19,,7
1180808,Ahmed Hakam,ahmed-hakam,43563,Smouha,6.77,182.9,27,1,0,0,,,1,562,244,806,69.73,387,175,43,1,0,0.0,16,32,3,0,0,0,0.0,11,3,5,29,52.73,96,75.59,125,68.68,2346,9.09,0,0,0,1,0,0,1,0,10,1,1,0,0,58,32.58,133,1,0,2,264,1,105,35,1090,14,17,0,0,8,0,3,0,0,,,,9,0,0,0,0,32,1,0,0,0,0,0,26,0.0,0.0,1,2,3,57,31,0,0,0,178,33,15,93.75,2346.0,0,0,0,484,325,2,,0,140,,27
967146,Mohamed Magli,mohamed-magli,42365,Arab Contractors FC,6.77,155.8,23,0,0,0,,,0,504,144,648,77.78,202,302,125,9,8,66.67,68,14,1,0,0,0,0.0,7,2,3,88,51.76,7,35.0,95,50.0,1482,0.0,0,0,0,1,0,0,0,0,0,7,0,0,0,41,51.25,15,0,0,20,194,7,78,29,885,12,38,0,0,22,0,2,0,0,,,,3,0,0,0,0,19,1,0,0,0,0,0,14,0.0,0.0,9,12,5,95,13,0,0,0,80,20,46,67.65,0.0,0,0,0,240,413,0,,0,155,,27
885819,Mahmoud Abdel-Aziz,mahmoud-abdel-aziz,35187,Al-Ittihad Alexandria,6.77,101.6,15,0,0,0,1,,1,337,92,429,78.55,190,148,58,7,3,42.86,29,11,2,0,0,1,33.33,9,3,3,45,60.0,10,50.0,55,57.89,815,0.0,0,0,0,0,0,0,0,0,3,6,0,0,0,23,45.1,18,0,0,4,119,5,55,26,568,13,16,0,0,7,0,3,0,0,,,,0,0,0,0,0,11,1,0,0,0,0,0,11,0.0,0.0,7,7,3,40,10,0,0,0,51,12,19,65.52,0.0,0,0,0,218,214,0,,0,65,,17
364988,Amr Gamal,amr-gamal,241703,Pharco FC,6.77,149.0,22,3,1,1,,,3,276,146,422,65.4,94,183,102,18,12,48.0,11,1,1,0,0,1,20.0,40,12,20,45,36.29,63,37.06,108,36.73,1785,7.5,0,0,1,0,2,0,2,1,25,15,1,0,2,9,56.25,8,0,0,36,274,9,25,12,696,22,31,2,0,5,10,8,0,0,,,,2,0,0,0,0,16,2,0,0,0,0,0,21,0.0,0.0,18,25,5,186,107,0,0,0,16,18,7,63.64,595.0,0,0,0,111,316,0,,0,44,,23
891698,Islam Mohareb,islam-mohareb,43561,Tala'ea El-Gaish,6.77,169.3,25,4,0,1,1,,5,510,172,682,74.78,231,280,139,10,11,50.0,45,18,3,0,0,1,5.0,21,10,3,76,46.91,22,40.0,98,45.16,1681,19.05,0,0,0,0,0,0,4,0,10,11,2,0,2,32,48.48,6,0,0,14,258,7,67,34,949,21,29,0,0,33,0,8,0,0,,,,0,0,0,0,0,19,3,0,0,0,0,0,21,0.0,0.0,10,22,20,119,33,0,0,0,66,22,29,64.44,420.25,0,0,0,276,426,0,,0,116,,28
1092709,Ahmed Nabil Koka,koka-ahmed-nabil,6910,Al Ahly FC,6.77,47.4,7,0,1,0,1,,1,275,39,314,87.58,131,144,41,3,3,37.5,14,4,0,0,0,0,0.0,3,0,2,20,45.45,4,50.0,24,46.15,344,0.0,0,0,0,0,0,0,0,0,1,2,0,0,0,19,67.86,4,0,0,6,58,0,17,9,378,3,6,0,0,8,0,1,0,0,,,,1,0,0,0,0,2,0,0,0,0,0,0,4,0.0,0.0,3,8,1,28,4,0,0,0,28,2,9,64.29,0.0,0,0,0,147,168,0,,0,28,,9
863251,Percy Tau,percy-tau,6910,Al Ahly FC,6.77,135.4,20,3,6,9,2,,5,463,69,532,87.03,134,329,175,23,17,47.22,13,13,1,0,0,0,0.0,36,13,16,38,38.78,5,35.71,43,38.39,1116,8.33,0,0,0,0,1,0,3,0,29,7,0,2,1,6,60.0,0,0,0,18,151,14,18,12,736,8,13,1,0,10,3,7,0,0,,,,3,0,0,0,0,2,0,0,0,0,0,0,13,0.0,0.0,23,36,10,69,9,0,0,0,10,2,9,69.23,372.0,0,0,0,145,397,0,,0,52,,21
1117419,Ahmed El Aash,ahmed-el-aash,266626,National Bank of Egypt,6.77,67.7,10,0,0,0,,,0,357,129,486,73.46,249,108,35,0,3,75.0,12,20,1,0,0,0,0.0,3,0,3,21,63.64,37,71.15,58,68.24,891,0.0,0,0,0,1,0,0,0,0,3,0,0,0,0,43,45.74,33,1,0,2,149,0,84,34,621,6,5,0,0,4,0,0,0,0,,,,3,0,0,0,0,9,4,0,0,0,0,0,10,0.0,0.0,0,4,2,27,15,0,0,0,94,13,9,75.0,0.0,0,0,0,300,188,0,,0,74,,10
1109002,Ahmed Atef,ahmed-atef,265830,Modern Sport FC,6.77,108.3,16,4,0,1,,,4,130,49,179,72.63,38,93,52,8,7,30.43,9,5,0,0,0,1,20.0,20,8,10,26,41.27,12,36.36,38,39.58,927,20.0,0,0,1,0,0,0,4,0,18,2,0,1,3,3,42.86,0,0,0,9,116,5,6,4,317,10,3,1,0,9,12,2,0,0,,,,2,0,0,0,0,5,2,0,0,0,0,0,11,0.0,0.0,8,23,5,58,21,0,0,0,7,7,7,77.78,231.75,0,0,0,46,138,0,,0,26,,18
290623,Fakhreddine Ben Youssef,fakhreddine-ben-youssef,175002,Pyramids FC,6.77,148.9,22,4,2,4,2,,6,221,73,294,75.17,64,158,95,7,2,28.57,5,3,1,0,0,1,8.33,30,10,14,23,46.94,25,55.56,48,51.06,1023,13.33,1,1,0,0,0,0,4,0,26,4,1,1,2,4,50.0,1,0,0,8,120,7,12,8,415,16,12,0,0,2,4,6,0,0,,,,0,0,0,0,0,6,0,0,0,0,0,0,12,100.0,0.0,7,7,12,46,20,0,0,0,8,6,3,60.0,255.75,0,0,0,73,233,0,,0,36,,22
918638,Ibrahim Hassan,ibrahim-hassan,35187,Al-Ittihad Alexandria,6.77,203.0,30,3,10,2,3,,6,544,194,738,73.71,147,421,218,35,11,22.92,38,17,0,0,0,24,30.77,42,10,17,70,40.94,31,52.54,101,43.91,1766,7.14,0,0,0,0,3,0,3,0,23,19,1,1,1,28,41.79,10,0,0,31,367,18,90,36,1162,21,20,1,0,14,6,15,0,0,,,,0,0,0,0,0,27,2,0,0,0,0,0,20,0.0,0.0,35,48,78,129,28,0,0,0,67,29,25,65.79,588.67,0,0,0,185,631,2,,0,112,,30
551254,Louay Wael,louay-wael,42365,Arab Contractors FC,6.77,20.3,3,1,0,0,,,1,27,20,47,57.45,18,9,1,0,0,0.0,5,1,0,0,0,0,0.0,1,1,0,7,58.33,4,66.67,11,61.11,174,100.0,0,0,0,0,0,0,1,0,1,0,1,0,0,2,16.67,6,0,0,0,21,0,8,0,70,2,4,0,0,1,0,0,0,0,,,,0,0,0,0,0,3,1,0,0,0,0,0,2,0.0,0.0,0,0,0,7,2,0,0,0,12,4,5,100.0,174.0,0,0,0,23,24,0,,0,6,,8
918907,Ahmed Youssef,ahmed-youssef,43564,ENPPI,6.77,182.7,27,1,2,0,2,,3,544,159,703,77.38,276,269,105,10,5,83.33,55,22,9,0,1,1,100.0,16,3,9,87,51.48,25,54.35,112,52.09,1919,6.25,0,0,0,1,0,0,1,0,6,10,1,0,0,48,42.86,23,0,0,8,194,1,68,28,936,28,60,0,0,16,0,4,0,0,,,,4,0,0,0,0,20,2,0,0,0,0,0,22,0.0,0.0,10,6,1,103,21,0,0,0,112,22,34,61.82,1919.0,1,0,0,318,386,1,,0,130,,27
1102249,Sobhy Soliman,sobhy-soliman,35187,Al-Ittihad Alexandria,6.77,20.3,3,0,0,0,,,0,32,37,69,46.38,24,8,2,0,0,0.0,1,0,0,0,0,0,0.0,0,0,0,1,25.0,0,0.0,1,20.0,270,0.0,0,0,0,0,0,0,0,0,0,0,0,0,0,14,27.45,2,0,0,0,37,0,11,7,98,0,0,0,1,3,0,0,0,9,,,,2,0,0,4,5,3,1,1,1,1,4,0,3,0.0,0.0,0,0,0,4,1,0,0,0,51,4,1,100.0,0.0,0,0,1,26,43,0,,24,29,,3
851283,Jefferson Encada,jefferson-encada,241703,Pharco FC,6.77,162.4,24,0,0,0,2,,2,525,133,658,79.79,285,245,102,11,21,53.85,25,28,4,0,0,5,14.71,8,3,2,72,53.73,17,43.59,89,51.45,1758,0.0,0,0,0,0,0,0,0,0,4,4,0,0,0,28,38.36,37,0,0,16,289,2,42,19,1152,26,22,0,0,7,1,3,0,0,,,,7,0,0,0,0,18,4,0,0,0,0,0,21,0.0,0.0,11,39,34,84,22,0,0,0,73,22,18,72.0,0.0,0,0,0,334,358,1,,0,105,,24
159669,Mohamed Ibrahim,mohamed-ibrahim,371622,Cleopatra FC,6.76,209.7,31,3,5,1,4,,7,1018,298,1316,77.36,273,768,457,62,40,44.44,33,10,4,0,0,23,24.47,17,5,7,124,44.29,15,42.86,139,44.13,2413,17.65,3,3,0,0,0,0,3,0,9,8,0,0,3,54,52.94,5,0,0,54,565,33,119,55,1859,51,29,0,0,25,6,5,0,0,,,,4,0,0,0,0,23,4,0,0,0,0,0,27,100.0,0.0,62,90,94,176,20,0,0,0,102,27,22,66.67,804.33,0,0,0,311,1099,1,,0,181,,32
1093856,Shady Hussein,shady-hussein,6910,Al Ahly FC,6.76,74.4,11,1,0,2,1,,2,124,33,157,78.98,24,101,42,6,5,35.71,6,2,1,0,0,1,50.0,19,6,9,15,38.46,4,36.36,19,38.0,460,5.26,0,0,1,0,0,0,1,0,14,5,0,0,1,7,63.64,2,0,0,6,69,9,10,8,243,4,6,1,0,6,6,4,0,0,,,,0,0,0,0,0,3,0,0,0,0,0,0,5,0.0,0.0,6,14,2,31,7,0,0,0,11,3,5,83.33,460.0,0,0,0,26,133,0,,0,27,,14
918461,Ammar Hamdy,ammar-hamdy,35187,Al-Ittihad Alexandria,6.76,67.6,10,1,0,0,,,1,168,43,211,79.62,77,92,47,4,5,45.45,37,8,1,0,0,1,25.0,6,1,3,62,59.05,3,27.27,65,56.03,610,16.67,0,0,0,1,0,0,1,0,4,2,0,0,1,2,15.38,4,0,0,10,76,5,8,1,369,20,9,1,0,21,0,2,0,0,,,,1,0,0,0,0,6,1,0,0,0,0,0,7,0.0,0.0,4,11,4,51,8,0,0,0,13,7,26,70.27,610.0,0,0,0,85,130,0,,0,48,,11
918640,Karim Bambo,karim-bambo,266626,National Bank of Egypt,6.76,175.7,26,9,3,12,2,,11,234,102,336,69.64,89,148,91,12,19,44.19,14,9,3,0,0,3,11.11,53,22,23,57,46.34,4,20.0,61,42.66,1911,16.98,3,2,2,0,0,0,8,0,39,14,1,1,6,9,45.0,3,0,0,23,213,13,13,7,608,24,11,1,0,9,22,8,0,0,,,,2,0,0,0,0,17,4,0,0,0,0,0,24,66.67,0.0,12,43,27,82,16,1,0,0,20,21,10,71.43,212.33,0,0,0,104,259,2,,0,60,,28
1162137,Ahmed Awad,ahmed-awad,241703,Pharco FC,6.76,94.6,14,0,0,0,,,0,364,130,494,73.68,248,116,29,2,1,50.0,10,6,2,0,0,0,0.0,4,1,1,14,53.85,25,49.02,39,50.65,1260,0.0,0,0,0,0,0,0,0,0,3,1,0,0,0,53,38.69,60,0,0,1,137,0,81,27,615,3,5,0,0,5,0,2,0,0,,,,8,0,0,0,0,9,1,0,0,0,0,0,15,0.0,0.0,2,2,1,38,26,0,0,0,137,10,9,90.0,0.0,0,0,0,299,196,0,,0,73,,14
353950,Malick Evouna,evouna-malick,209028,Aswan SC,6.75,40.5,6,2,0,1,,,2,28,21,49,57.14,12,16,10,0,4,66.67,1,2,3,0,0,0,0.0,8,3,2,8,44.44,3,15.0,11,28.95,279,25.0,1,1,1,0,0,0,2,0,6,2,0,0,2,1,50.0,0,0,0,3,31,1,0,0,87,3,6,0,0,0,1,3,0,0,,,,0,0,0,0,0,3,0,0,0,0,0,0,3,100.0,0.0,0,6,0,27,17,0,0,0,2,3,0,0.0,139.5,0,0,0,13,36,0,,0,8,,6
1132012,Mohamed Salem,mohamed-salem,42365,Arab Contractors FC,6.75,81.0,12,2,0,2,1,,3,55,49,104,52.88,15,42,26,5,2,50.0,1,0,1,0,0,2,28.57,16,7,7,15,55.56,29,51.79,44,53.01,598,12.5,0,0,0,0,0,0,2,0,15,1,0,1,1,2,40.0,5,0,0,3,75,0,4,4,180,12,6,0,0,1,8,2,0,0,,,,0,0,0,0,0,8,1,0,0,0,0,0,8,0.0,0.0,5,4,7,39,27,0,0,0,5,9,0,0.0,299.0,0,0,0,16,95,1,,0,11,,15
1216498,Mustafa Anani,mustafa-anani,209028,Aswan SC,6.75,13.5,2,0,0,0,,,0,30,11,41,73.17,17,13,5,2,1,100.0,1,0,1,0,0,0,0.0,0,0,0,3,42.86,0,0.0,3,42.86,88,0.0,0,0,0,0,0,0,0,0,0,0,0,0,0,2,33.33,1,0,0,0,13,0,2,1,50,1,5,0,0,0,1,0,0,0,,,,0,0,0,0,0,1,0,0,0,0,0,0,1,0.0,0.0,2,1,0,4,0,0,0,0,6,1,1,100.0,0.0,0,0,0,23,18,0,,0,6,,4
1473495,Mohamed El Fayoumi,mohamed-el-fayoumi,43560,Al-Masry,6.75,27.0,4,0,0,0,,,0,62,21,83,74.7,25,38,12,4,3,75.0,6,2,1,0,0,1,33.33,2,1,1,11,47.83,0,0.0,11,40.74,131,0.0,0,0,0,0,0,0,0,0,0,2,0,0,0,11,55.0,0,0,0,1,29,1,18,8,112,2,5,0,0,5,0,0,0,0,,,,0,0,0,0,0,3,0,0,0,0,0,0,0,0.0,0.0,4,4,3,16,4,0,0,0,20,3,5,83.33,0.0,0,0,0,30,56,0,,0,19,,6
902653,Hesham Mohamed,hesham-mohamed,175002,Pyramids FC,6.75,27.0,4,0,0,0,,,0,155,13,168,92.26,92,63,18,0,1,100.0,3,0,0,0,0,0,0.0,3,1,1,4,28.57,0,0.0,4,25.0,223,0.0,0,0,0,0,0,0,0,0,0,3,0,0,0,11,84.62,5,0,0,3,19,1,13,11,191,0,6,1,0,2,0,1,0,0,,,,0,0,0,0,0,0,0,0,0,0,0,0,2,0.0,0.0,0,1,1,12,2,0,0,0,13,0,1,33.33,0.0,0,0,0,97,72,0,,0,21,,10
918525,Omar Radwan,omar-radwan,43561,Tala'ea El-Gaish,6.75,67.5,10,0,0,0,,,0,107,55,162,66.05,99,8,1,0,0,0.0,0,0,1,0,0,0,0.0,0,0,0,4,57.14,2,100.0,6,66.67,965,0.0,0,0,0,2,0,0,0,0,0,0,0,0,0,24,31.58,7,0,0,0,57,0,27,12,245,4,2,0,0,1,0,0,0,17,,,,4,3,1,13,4,16,0,4,0,0,6,0,12,0.0,0.0,0,0,0,3,0,0,0,0,76,16,0,0.0,0.0,0,0,10,115,47,0,,69,79,,11
967152,Hossam Greisha,hossam-greisha,43560,Al-Masry,6.75,54.0,8,0,1,0,1,,1,50,20,70,71.43,11,39,27,3,14,60.87,5,1,1,0,0,0,0.0,3,0,2,25,52.08,2,100.0,27,54.0,208,0.0,0,0,0,0,0,0,0,0,1,2,0,0,0,2,33.33,2,0,0,2,39,0,6,4,131,6,8,0,0,4,1,1,0,0,,,,0,0,0,0,0,1,0,0,0,0,0,0,2,0.0,0.0,3,23,0,23,0,0,0,0,6,1,3,60.0,0.0,0,0,0,13,57,0,,0,15,,9
105394,Mahmoud Abdel Razik Shikabala,shikabala,42368,Zamalek SC,6.75,141.7,21,2,4,0,2,,4,273,79,352,77.56,68,212,133,12,6,33.33,5,0,1,0,0,7,23.33,17,6,5,14,42.42,1,100.0,15,44.12,835,11.76,0,0,0,0,0,0,2,0,10,7,0,2,0,16,51.61,0,0,0,3,141,7,39,18,474,3,0,1,0,4,2,6,0,0,,,,0,0,0,0,0,9,2,0,0,0,0,0,7,0.0,0.0,12,18,30,19,0,0,0,0,31,11,4,80.0,417.5,0,0,0,72,310,1,,0,35,,21
1134770,Mostafa Fawzy,mostafa-fawzy,58317,El Dakhlya,6.75,128.2,19,3,1,2,1,,4,103,80,183,56.28,27,76,42,10,0,0.0,13,3,4,0,0,0,0.0,23,11,9,24,30.77,60,50.42,84,42.64,759,13.04,0,0,0,0,0,0,3,0,21,2,1,0,2,5,55.56,4,0,0,20,142,4,8,3,328,12,25,0,0,3,4,3,0,0,,,,0,0,0,0,0,10,1,0,0,0,0,0,7,0.0,0.0,10,8,4,113,59,0,0,0,9,11,9,69.23,253.0,0,0,0,36,151,0,,0,26,,19
918560,Mahmoud Sayed,mahmoud-sayed,266626,National Bank of Egypt,6.75,161.9,24,1,1,0,1,,2,470,118,588,79.93,230,245,110,12,10,52.63,32,12,1,0,0,5,31.25,14,5,8,58,49.15,19,42.22,77,47.24,1762,7.14,0,0,0,0,0,0,1,0,11,3,1,0,0,26,50.0,11,0,0,15,179,8,52,17,787,16,33,0,0,4,3,1,0,0,,,,2,0,0,0,0,16,4,0,0,0,0,0,22,0.0,0.0,12,19,16,86,26,0,0,0,52,20,20,62.5,1762.0,0,0,0,260,344,0,,0,103,,25
967016,Hassan Magdy,hassan-magdy,43561,Tala'ea El-Gaish,6.74,60.7,9,0,0,0,,,0,195,63,258,75.58,89,112,49,3,2,28.57,10,9,2,0,0,6,20.0,0,0,0,16,51.61,5,45.45,21,50.0,629,0.0,0,0,0,0,0,0,0,0,0,0,0,0,0,33,51.56,15,0,0,4,117,1,46,24,431,4,6,0,0,1,0,0,0,0,,,,1,0,0,0,0,6,1,0,0,0,0,0,7,0.0,0.0,3,7,30,21,6,0,0,0,64,7,4,40.0,0.0,0,0,0,104,184,0,,0,42,,10
918857,Ali El Zahdi,ali-el-zahdi,58317,El Dakhlya,6.74,107.9,16,1,3,1,,,1,177,103,280,63.21,65,115,69,12,9,45.0,8,12,1,0,0,3,13.04,15,6,6,25,46.3,20,45.45,45,45.92,1055,6.67,0,0,0,0,0,0,1,0,13,2,0,0,0,8,32.0,15,0,0,8,168,6,22,8,456,8,7,0,0,5,3,3,0,0,,,,0,0,0,0,0,13,2,0,0,0,0,0,14,0.0,0.0,12,20,23,53,24,0,0,0,25,15,6,75.0,1055.0,0,0,0,89,214,0,,0,60,,26
1094001,Ahmed Mayhoub,ahmed-mayhoub,58319,Ghazl El Mahalla FC,6.74,94.4,14,0,0,0,,,0,244,114,358,68.16,217,27,14,0,0,0.0,1,1,0,0,0,0,0.0,0,0,0,7,77.78,10,76.92,17,77.27,1216,0.0,0,0,0,0,0,0,0,0,0,0,0,0,0,57,35.85,26,0,0,0,120,0,61,25,514,6,0,0,0,2,0,0,0,32,,,,3,3,0,16,16,15,5,14,9,9,14,0,14,0.0,0.0,0,0,0,5,3,0,0,0,159,20,1,100.0,0.0,0,0,4,258,100,0,,127,143,,14
1161770,Mohamed Hamed,mohamed-hamed,43564,ENPPI,6.74,141.6,21,0,0,0,,,0,508,210,718,70.75,337,171,55,1,1,50.0,35,17,2,0,0,0,0.0,7,2,5,43,63.24,42,58.33,85,60.71,1777,0.0,0,0,0,1,0,0,0,0,7,0,0,0,0,86,39.63,66,0,0,2,226,1,128,54,913,7,22,0,0,4,0,0,0,0,,,,5,0,0,0,0,23,1,0,0,0,0,0,21,0.0,0.0,1,2,0,55,30,0,0,0,217,24,24,68.57,0.0,0,0,0,416,302,0,,0,94,,22
1424434,Dokou Dodo,dokou-dodo,43563,Smouha,6.74,188.8,28,0,2,0,1,,1,605,205,810,74.69,268,337,153,13,11,45.83,63,24,5,0,1,0,0.0,16,2,9,96,51.34,28,45.9,124,50.0,2103,0.0,0,0,0,1,0,0,0,0,1,15,0,0,0,70,51.47,33,0,0,17,265,12,107,54,1102,22,43,0,0,20,0,5,0,0,,,,9,0,0,0,0,28,1,0,0,0,0,0,24,0.0,0.0,13,24,6,124,33,0,0,0,136,29,45,71.43,0.0,1,0,0,318,498,0,,0,207,,29
1154928,Karim Arafat,karim-arafat,42366,Ismaily,6.74,80.9,12,0,0,0,,,0,206,71,277,74.37,80,136,65,7,3,27.27,24,10,4,0,0,10,26.32,1,1,0,42,55.26,13,61.9,55,56.7,836,0.0,0,0,0,0,0,0,0,0,1,0,0,0,0,18,45.0,15,0,0,4,146,4,32,15,536,15,18,0,0,5,1,0,0,0,,,,2,0,0,0,0,10,0,0,0,0,0,0,10,0.0,0.0,7,11,38,42,8,0,0,0,40,10,17,70.83,0.0,0,0,0,107,208,0,,0,48,,12
1154911,Sodiq Awujoola,sodiq-awujoola,43563,Smouha,6.74,148.3,22,4,4,5,1,,5,341,124,465,73.33,95,248,154,30,37,52.86,17,7,2,0,0,2,10.53,35,12,16,70,41.67,9,29.03,79,39.7,1612,11.43,2,0,0,0,0,0,4,0,19,16,0,1,3,19,59.38,9,0,0,27,268,11,22,9,776,16,23,1,0,15,4,7,0,0,,,,1,0,0,0,0,21,1,0,0,0,0,0,18,0.0,0.0,30,70,19,120,22,1,0,1,32,22,13,76.47,403.0,0,0,0,113,371,1,,0,83,,22
1048453,Hatem Mohamed,hatem-mohamed,42368,Zamalek SC,6.74,67.4,10,0,0,0,,,0,338,63,401,84.29,170,173,76,5,9,52.94,22,11,2,0,1,5,50.0,4,1,1,47,54.65,11,50.0,58,53.7,743,0.0,0,0,0,0,0,0,0,0,0,4,0,0,0,22,51.16,13,0,0,6,102,1,29,9,584,16,19,0,0,6,0,2,0,0,,,,2,0,0,0,0,10,2,0,0,0,0,0,8,0.0,0.0,5,17,10,50,11,0,0,0,43,12,12,54.55,0.0,1,0,0,192,219,0,,0,55,,10
1117716,Mahmoud Bolbol Nabil,mahmoud-bolbol-nabil,371622,Cleopatra FC,6.74,67.4,10,0,0,0,,,0,361,55,416,86.78,145,216,99,2,2,50.0,19,5,2,0,0,0,0.0,4,2,1,26,50.98,4,40.0,30,49.18,574,0.0,0,0,0,0,0,0,0,0,0,4,0,0,0,31,59.62,3,0,0,6,80,3,51,30,503,5,13,0,0,4,0,1,0,0,,,,1,0,0,0,0,7,0,0,0,0,0,0,7,0.0,0.0,2,4,3,31,6,0,0,0,52,7,12,63.16,0.0,0,0,0,159,260,0,,0,53,,14
1418777,Mahmoud Talaat,mahmoud-talaat,58317,El Dakhlya,6.74,195.4,29,0,0,1,,,0,718,220,938,76.55,329,393,168,16,16,57.14,59,27,5,1,1,4,14.29,15,3,9,112,54.9,39,52.7,151,54.32,2263,0.0,0,0,1,0,0,0,0,0,9,6,0,0,0,58,47.54,36,1,0,21,327,4,92,39,1302,37,49,0,0,17,3,3,0,0,,,,6,0,0,0,0,26,3,0,0,0,0,0,25,0.0,0.0,16,28,28,127,35,0,0,0,122,29,38,64.41,0.0,0,0,0,387,579,0,,0,145,,30
1418776,Kelechi Chimezie,kelechi-chimezie,58317,El Dakhlya,6.74,202.1,30,0,2,0,1,,1,848,205,1053,80.53,505,345,131,10,4,44.44,69,52,1,1,1,2,25.0,24,2,15,82,47.95,19,37.25,101,45.5,2275,0.0,0,0,0,1,0,0,0,0,3,21,0,0,0,71,53.79,26,0,0,23,269,11,89,43,1386,9,38,0,0,26,1,7,0,0,,,,8,0,0,0,0,30,4,0,0,0,0,0,28,0.0,0.0,10,9,8,121,32,0,0,0,132,34,42,60.87,0.0,0,0,0,577,484,1,,0,222,,30
918581,Amir Abed,amir-abed,42365,Arab Contractors FC,6.74,114.5,17,0,0,0,,,0,255,92,347,73.49,135,124,45,5,2,40.0,24,17,2,0,0,4,21.05,1,0,1,37,59.68,13,44.83,50,54.95,1023,0.0,0,0,0,1,0,0,0,0,0,1,0,0,0,34,40.48,46,0,0,3,131,1,43,14,544,11,17,0,1,4,0,0,0,0,,,,2,0,0,0,0,13,0,0,0,0,0,0,10,0.0,0.0,5,5,19,41,16,0,0,0,84,13,14,58.33,0.0,0,0,0,170,196,0,,0,67,,19
1441642,Ahmed Mohamed Fouad,mohamed-ahmed-fouad,241703,Pharco FC,6.74,134.7,20,1,0,2,1,,2,276,94,370,74.59,106,179,105,14,16,57.14,22,6,4,0,0,9,20.0,19,5,10,58,50.0,8,42.11,66,48.89,1096,5.26,0,0,0,0,2,0,1,0,7,12,0,0,1,19,45.24,5,0,1,20,192,5,29,12,590,20,22,2,0,5,0,4,0,0,,,,0,0,0,0,0,12,2,0,0,0,0,0,14,0.0,0.0,14,28,45,69,11,0,0,0,42,14,15,68.18,1096.0,0,0,0,127,288,0,,0,62,,22
967145,Ehab Samir,ehab-samir,58319,Ghazl El Mahalla FC,6.73,175.1,26,0,0,0,1,,1,648,217,865,74.91,336,333,152,15,15,57.69,50,30,5,1,1,21,25.93,18,6,6,83,57.64,28,51.85,111,56.06,1779,0.0,0,0,0,0,0,0,0,0,3,15,0,0,0,74,46.25,33,1,0,15,350,6,95,40,1365,18,18,0,0,19,2,6,0,0,,,,3,0,0,0,0,23,5,0,0,0,0,0,23,0.0,0.0,15,26,81,87,26,0,0,0,160,28,35,70.0,0.0,0,0,0,415,531,0,,0,118,,26
918657,Amr Hossam,amr-hossam,209028,Aswan SC,6.73,215.5,32,0,0,0,,,0,360,392,752,47.87,208,152,46,2,2,100.0,1,1,3,0,0,0,0.0,0,0,0,20,90.91,5,83.33,25,89.29,2970,0.0,0,0,0,2,0,0,0,0,0,0,0,0,0,200,34.07,35,2,1,0,397,0,188,76,1073,17,2,1,0,0,0,0,0,88,,,,5,9,0,52,36,41,3,16,11,11,16,1,33,0.0,0.0,2,2,0,3,1,0,0,0,587,44,1,100.0,0.0,0,0,18,253,499,0,,309,320,,33
918775,Ahmed Said,ahmed-said,266626,National Bank of Egypt,6.73,80.8,12,0,1,0,,,0,234,84,318,73.58,106,128,71,5,2,100.0,15,11,2,0,0,0,0.0,3,0,2,24,53.33,3,30.0,27,49.09,559,0.0,0,0,0,0,0,0,0,0,0,3,0,0,0,37,53.62,6,0,0,4,102,3,70,32,406,7,9,0,0,8,0,1,0,0,,,,0,0,0,0,0,6,4,0,0,0,0,0,4,0.0,0.0,5,2,7,28,7,0,0,0,69,10,9,60.0,0.0,0,0,0,123,202,1,,0,41,,16
1395129,Ahmed Sayed Abdelnaby,ahmed-sayed-abdelnaby,58317,El Dakhlya,6.73,181.8,27,0,1,0,2,,2,483,224,707,68.32,248,250,129,17,10,41.67,61,40,2,0,0,15,24.59,5,0,3,95,64.19,27,51.92,122,61.0,1981,0.0,0,0,0,1,0,0,0,0,1,4,0,0,0,43,30.71,36,0,0,12,376,2,100,32,1277,24,14,0,1,13,0,2,0,0,,,,6,0,0,0,0,26,4,0,0,0,0,0,23,0.0,0.0,17,24,61,78,25,0,0,0,140,30,37,60.66,0.0,0,0,0,320,448,0,,1,153,,28
1424742,Ahmed Fawzi,ahmed-fawzi,42365,Arab Contractors FC,6.73,60.6,9,0,1,0,1,,1,191,78,269,71.0,81,110,47,7,5,62.5,16,8,3,0,0,0,0.0,5,0,2,31,51.67,9,47.37,40,50.63,616,0.0,0,0,0,0,0,0,0,0,0,5,0,0,0,20,42.55,7,0,0,2,95,2,37,13,355,10,16,0,0,9,1,3,0,0,,,,2,0,0,0,0,3,1,0,0,0,0,0,6,0.0,0.0,7,8,3,39,10,0,0,0,47,4,8,50.0,0.0,0,0,0,99,173,0,,0,46,,11
1172378,Benjamin Bernard Boateng,benjamin-bernard-boateng,43563,Smouha,6.73,195.2,29,7,2,2,1,,8,196,94,290,67.59,54,142,81,14,23,41.82,5,1,7,0,0,0,0.0,34,11,20,39,32.77,31,39.74,70,35.53,1327,20.59,0,0,0,0,0,0,7,0,26,8,0,4,3,7,53.85,9,0,0,27,201,16,8,5,514,11,18,1,0,7,6,3,0,0,,,,1,0,0,0,0,15,0,0,0,0,0,0,15,0.0,0.0,14,55,4,127,47,0,0,0,13,15,4,80.0,189.57,0,0,0,63,231,0,,0,51,,30
1392691,Dilson,dilson,209028,Aswan SC,6.73,161.5,24,4,2,8,2,,6,205,101,306,66.99,64,141,76,9,7,35.0,8,4,2,0,0,0,0.0,44,17,21,44,39.29,57,34.13,101,36.2,1560,9.09,0,0,1,0,0,0,4,0,40,4,4,0,0,7,58.33,13,0,0,22,204,7,3,3,559,29,28,3,0,8,18,6,0,0,,,,1,0,0,0,0,21,1,0,0,0,0,0,17,0.0,0.0,9,20,13,178,110,0,0,0,12,22,3,37.5,390.0,0,0,0,70,249,1,,0,43,,28
78930,Dodo El Gabas,dodo-el-gabas,175002,Pyramids FC,6.73,47.1,7,1,0,0,,,1,18,11,29,62.07,7,11,8,0,0,0.0,1,0,0,0,0,0,0.0,10,3,2,2,40.0,5,35.71,7,36.84,146,10.0,0,0,0,0,0,0,1,0,7,3,0,0,1,1,33.33,1,0,0,1,13,2,2,0,50,1,2,0,0,0,2,5,0,0,,,,0,0,0,0,0,2,0,0,0,0,0,0,0,0.0,0.0,0,0,0,12,9,0,0,0,3,2,1,100.0,146.0,0,0,0,7,22,0,,0,5,,9
1014789,Ahmed Eid,ahmed-eid,43564,ENPPI,6.73,94.2,14,0,0,0,,,0,171,83,254,67.32,87,97,39,9,6,46.15,16,7,2,0,0,13,28.26,6,0,4,34,51.52,9,69.23,43,54.43,748,0.0,0,0,0,0,1,0,0,0,3,3,0,0,0,19,37.25,18,0,0,12,200,3,16,3,511,12,12,0,0,4,1,2,1,0,,,,2,0,0,0,0,10,1,0,0,0,0,0,8,0.0,0.0,8,13,46,36,4,0,0,0,51,11,10,62.5,0.0,0,0,0,109,191,0,,0,52,,16
918817,Mohamed Bazoka,mohamed-bazoka,58319,Ghazl El Mahalla FC,6.73,195.1,29,0,1,0,1,,1,807,344,1151,70.11,496,313,142,6,5,83.33,41,28,5,0,0,2,15.38,13,5,6,58,54.72,83,66.4,141,61.04,2206,0.0,0,0,0,1,1,0,0,0,9,4,0,0,0,124,43.36,100,1,0,7,399,2,214,98,1548,12,27,0,1,16,4,2,0,0,,,,5,0,0,0,0,29,5,0,0,0,0,0,25,0.0,0.0,6,6,13,90,42,0,0,0,286,34,28,68.29,0.0,0,0,0,631,533,0,,2,112,,31
1000226,Ahmed  Abdelkader,ahmed-abdelkader,6910,Al Ahly FC,6.73,148.0,22,6,2,8,,,6,487,106,593,82.12,144,345,187,21,24,41.38,18,9,1,0,0,2,22.22,44,15,19,66,37.29,8,28.57,74,36.1,1399,13.64,0,0,0,0,0,0,4,2,33,11,1,0,5,20,60.61,1,0,0,38,253,15,48,23,923,24,27,1,0,13,6,10,0,0,,,,1,0,0,0,0,5,0,0,0,0,0,0,17,0.0,0.0,21,58,9,131,20,0,0,0,33,5,13,72.22,233.17,0,0,0,158,444,0,,0,75,,24
918556,Tarek Taha,tarek-taha,265830,Modern Sport FC,6.73,26.9,4,0,0,0,,,0,147,21,168,87.5,69,86,33,3,7,63.64,4,3,0,0,0,8,21.62,1,0,0,12,38.71,4,44.44,16,40.0,330,0.0,0,0,0,0,1,0,0,0,0,1,0,0,0,8,72.73,4,0,0,3,66,0,11,9,275,1,4,0,0,8,1,1,0,0,,,,1,0,0,0,0,3,0,0,0,0,0,0,4,0.0,0.0,3,11,37,24,5,0,0,0,11,3,2,50.0,0.0,0,0,0,77,128,0,,0,18,,5
1008108,Ziad Kamal,ziad-kamal,43560,Al-Masry,6.73,53.8,8,0,0,0,,,0,219,56,275,79.64,106,116,37,6,3,37.5,18,11,1,0,0,3,33.33,5,1,1,29,52.73,2,18.18,31,46.97,497,0.0,0,0,0,0,0,0,0,0,1,4,0,0,0,13,43.33,3,0,0,5,77,2,21,8,368,8,7,0,1,10,1,3,0,0,,,,2,0,0,0,0,6,0,0,0,0,0,0,6,0.0,0.0,6,8,9,35,9,0,0,0,30,6,14,77.78,0.0,0,0,0,121,163,0,,0,51,,8
918774,Mohamed Mahmoud,mohamed-mahmoud,35187,Al-Ittihad Alexandria,6.73,134.5,20,0,0,0,1,,1,275,73,348,79.02,69,208,111,11,13,54.17,22,8,1,0,0,2,40.0,19,5,9,70,56.0,14,56.0,84,56.0,980,0.0,0,0,1,0,0,0,0,0,11,8,0,0,0,27,65.85,1,0,0,17,136,9,38,22,538,35,15,0,0,15,0,5,0,0,,,,1,0,0,0,0,11,2,0,0,0,0,0,10,0.0,0.0,11,24,5,66,11,0,0,0,41,13,16,72.73,0.0,0,0,0,80,273,0,,0,47,,20
823604,John Okoye Ebuka,john-okoye-ebuka,371622,Cleopatra FC,6.72,94.1,14,3,1,0,1,,4,117,44,161,72.67,29,89,58,9,16,43.24,3,1,1,0,0,1,25.0,40,12,15,23,26.44,9,30.0,32,27.35,1109,7.5,0,0,1,0,4,0,2,1,27,13,0,1,2,1,50.0,0,0,0,28,158,3,7,1,355,4,17,0,0,0,12,13,0,0,,,,1,0,0,0,0,13,2,0,0,0,0,0,13,0.0,0.0,9,37,4,85,21,0,0,0,2,15,2,66.67,369.67,0,0,0,31,134,1,,0,18,,14
918730,Farid Shawky,farid-shawky,43561,Tala'ea El-Gaish,6.72,174.7,26,0,0,0,1,,1,1136,230,1366,83.16,628,512,171,12,3,42.86,38,27,9,1,1,4,25.0,6,0,3,54,48.65,9,42.86,63,47.73,2211,0.0,0,0,0,1,0,0,0,0,0,6,0,0,0,116,55.24,22,0,0,7,283,7,162,76,1583,13,22,0,0,25,1,3,0,0,,,,9,0,0,0,0,22,5,0,0,0,0,0,24,0.0,0.0,12,7,16,69,12,0,0,0,210,27,26,68.42,0.0,0,0,0,685,697,0,,0,216,,27
159677,Omar Gaber,omar-gaber,42368,Zamalek SC,6.72,107.5,16,0,1,2,1,,1,345,70,415,83.13,145,213,96,11,4,36.36,26,13,1,0,0,13,44.83,6,0,5,39,55.71,6,54.55,45,55.56,883,0.0,0,0,0,0,0,0,0,0,3,3,0,0,0,12,50.0,12,0,0,4,119,4,29,13,600,9,14,0,0,6,0,1,0,0,,,,1,0,0,0,0,14,1,0,0,0,0,0,10,0.0,0.0,11,11,29,36,5,0,0,0,24,15,18,69.23,0.0,0,0,0,174,270,0,,0,60,,16
337241,Ahmed Yasser,ahmed-yasser,266626,National Bank of Egypt,6.72,120.9,18,3,3,1,2,,5,290,136,426,68.08,121,173,86,9,9,32.14,36,18,2,0,1,4,16.0,21,8,9,56,41.18,22,47.83,78,42.86,1336,14.29,0,0,0,0,0,0,3,0,11,10,1,0,2,24,44.44,11,0,0,22,244,7,39,18,686,11,20,0,0,22,7,4,0,0,,,,3,0,0,0,0,14,3,0,0,0,0,0,19,0.0,0.0,9,28,25,104,24,0,0,0,54,17,24,66.67,445.33,1,0,0,158,293,0,,0,67,,20
918747,Abdel Naser Mohamed Di Maria,abdel-naser-mohamed-di-maria,241703,Pharco FC,6.72,80.6,12,0,0,0,1,,1,88,34,122,72.13,17,75,49,6,8,50.0,9,4,1,0,0,4,15.38,8,2,3,25,53.19,5,45.45,30,51.72,458,0.0,0,0,1,0,1,0,0,0,4,4,0,0,0,5,41.67,5,0,0,9,92,5,7,2,253,8,6,0,0,0,1,3,0,0,,,,0,0,0,0,0,4,0,0,0,0,0,0,2,0.0,0.0,6,16,26,28,6,0,0,0,12,4,8,88.89,0.0,0,0,0,22,126,0,,0,21,,15
919049,Rafik Kabou,rafik-kabou,43564,ENPPI,6.71,228.3,34,8,3,4,5,,13,476,158,634,75.08,129,353,175,29,21,41.18,14,4,2,0,0,6,25.0,39,18,13,51,30.91,13,14.13,64,24.9,2843,20.51,0,0,0,0,0,0,7,1,30,9,0,3,5,16,61.54,1,0,0,46,349,10,12,6,993,16,23,0,0,18,13,8,0,0,,,,3,0,0,0,0,32,4,0,0,0,0,0,33,0.0,0.0,29,51,24,193,79,0,0,0,26,36,5,35.71,355.38,0,0,0,155,503,3,,0,109,,34
1094522,Mohamed Ashraf,ashraf-mohamed,6910,Al Ahly FC,6.71,47.0,7,0,0,0,,,0,180,46,226,79.65,86,98,56,3,4,50.0,9,4,1,0,0,4,18.18,2,0,0,18,52.94,4,50.0,22,52.38,413,0.0,0,0,0,1,1,0,0,0,1,1,0,0,0,10,43.48,7,0,0,0,87,2,20,10,357,5,9,0,0,3,0,2,0,0,,,,2,0,0,0,0,2,0,0,0,0,0,0,5,0.0,0.0,3,8,22,20,4,0,0,0,23,2,6,66.67,0.0,0,0,0,99,149,0,,0,24,,7
1387029,Walid Mostafa,walid-mostafa,58317,El Dakhlya,6.71,94.0,14,0,1,0,2,,2,138,57,195,70.77,59,83,42,6,4,36.36,13,7,0,0,0,4,14.29,12,4,3,27,52.94,3,27.27,30,48.39,657,0.0,0,0,0,0,1,0,0,0,5,7,0,0,0,12,40.0,5,0,0,9,114,2,28,12,343,10,8,0,0,0,3,5,0,0,,,,0,0,0,0,0,7,0,0,0,0,0,0,8,0.0,0.0,6,11,28,32,8,0,0,0,30,7,8,61.54,0.0,0,0,0,67,156,0,,0,43,,16
918718,Islam Salah,islam-salah,209028,Aswan SC,6.71,100.7,15,1,0,1,,,1,280,63,343,81.63,225,55,9,2,0,0.0,13,25,5,0,0,0,0.0,4,2,2,22,56.41,16,55.17,38,55.88,983,25.0,0,0,0,0,0,0,1,0,4,0,1,0,0,16,36.36,42,0,0,3,74,0,17,9,470,9,12,0,0,3,1,0,0,0,,,,0,0,0,0,0,16,1,0,0,0,0,0,11,0.0,0.0,2,0,0,30,13,0,0,0,44,17,7,53.85,983.0,0,0,0,250,93,0,,0,53,,19
1117808,Naser Naser,naser-naser,35187,Al-Ittihad Alexandria,6.71,100.7,15,0,0,0,,,0,358,73,431,83.06,167,196,83,11,12,60.0,19,11,1,0,0,5,27.78,13,3,6,47,53.41,8,38.1,55,50.46,955,0.0,0,0,0,0,0,0,0,0,7,6,0,0,0,25,54.35,6,0,0,6,115,3,54,29,581,16,17,1,0,16,0,4,0,0,,,,1,0,0,0,0,17,2,0,0,0,0,0,13,0.0,0.0,11,20,18,54,13,0,0,0,46,19,16,84.21,0.0,0,0,0,181,268,0,,0,71,,17
1184367,Mohamed Tarek,mohamed-tarek,42368,Zamalek SC,6.71,53.7,8,0,0,0,,,0,170,34,204,83.33,96,76,31,4,5,71.43,11,1,1,0,0,2,40.0,2,1,1,19,55.88,8,66.67,27,58.7,417,0.0,0,0,0,0,0,0,0,0,1,1,0,0,0,8,42.11,12,0,0,2,50,2,18,7,292,3,5,0,0,6,0,0,0,0,,,,0,0,0,0,0,6,1,0,0,0,0,0,3,0.0,0.0,4,7,5,19,4,0,0,0,19,7,9,81.82,0.0,0,0,0,105,104,0,,0,22,,8
933892,Abderrahim Deghmoum,abderrahim-deghmoum,43560,Al-Masry,6.71,167.8,25,2,1,5,1,,3,559,154,713,78.4,185,378,197,22,41,51.25,36,7,5,0,0,4,15.38,42,11,16,112,44.44,18,58.06,130,45.94,1804,4.76,0,0,2,0,0,0,2,0,20,22,1,1,0,37,58.73,5,0,0,41,330,20,63,34,1147,35,37,2,0,25,2,15,0,0,,,,1,0,0,0,0,19,2,0,0,0,0,0,23,0.0,0.0,22,80,26,153,13,0,0,0,63,21,26,72.22,902.0,0,0,0,206,533,0,,0,125,,25
918772,Mostafa Abdel Rasoul,mostafa-abdel-rasoul,209028,Aswan SC,6.71,60.4,9,0,0,0,,,0,179,77,256,69.92,108,71,23,0,2,50.0,22,10,1,0,0,0,0.0,7,0,5,27,52.94,20,57.14,47,54.65,637,0.0,0,0,0,0,0,0,0,0,5,2,0,0,0,14,35.9,7,0,1,9,96,1,18,9,359,4,9,0,0,5,0,2,0,0,,,,1,0,0,0,0,8,0,0,0,0,0,0,7,0.0,0.0,0,4,1,39,15,0,0,0,39,8,19,86.36,0.0,0,0,0,135,122,0,,0,43,,12
918616,Emad Fathy,emad-fathy,209028,Aswan SC,6.71,187.9,28,0,5,0,1,,1,580,188,768,75.52,234,358,203,24,34,55.74,55,26,7,0,0,12,31.58,23,7,5,142,51.82,18,29.51,160,47.76,2257,0.0,0,0,2,0,1,0,0,0,13,10,0,0,0,31,46.97,15,0,0,44,368,13,59,32,1268,53,50,0,0,19,4,11,0,0,,,,1,0,0,0,0,34,2,0,0,0,0,0,30,0.0,0.0,24,61,38,175,43,0,0,0,66,36,43,78.18,0.0,0,0,0,284,522,0,,0,179,,30
1085146,Belal El Sayed,belal-el-sayed,209028,Aswan SC,6.71,134.2,20,1,1,0,1,,2,436,116,552,78.99,182,266,121,15,7,53.85,20,11,3,0,0,12,21.82,24,6,10,43,45.26,6,33.33,49,43.36,1203,4.17,0,0,0,1,0,0,1,0,3,21,0,0,1,30,46.15,6,0,1,13,203,4,64,28,775,16,24,0,0,11,1,8,0,0,,,,0,0,0,0,0,19,1,0,0,0,0,0,13,0.0,0.0,15,13,55,64,12,0,0,0,65,20,14,70.0,1203.0,0,0,0,209,398,0,,0,90,,20
1094435,Hesham Balaha,hesham-balaha,265830,Modern Sport FC,6.71,67.1,10,0,0,0,,,0,178,38,216,82.41,54,132,51,5,3,60.0,7,8,2,0,0,8,29.63,5,1,3,12,35.29,3,33.33,15,34.88,455,0.0,0,0,0,0,0,0,0,0,2,3,0,0,0,9,69.23,3,0,0,7,83,5,17,10,314,2,10,0,0,5,0,1,0,0,,,,0,0,0,0,0,0,0,0,0,0,0,0,6,0.0,0.0,5,5,27,28,6,0,0,0,13,0,3,42.86,0.0,0,0,0,63,180,0,,0,31,,11
918982,Malek Baayou,malek-baayou,43563,Smouha,6.71,73.8,11,1,0,0,,,1,228,72,300,76.0,79,149,64,4,11,61.11,16,16,0,0,0,0,0.0,12,3,5,39,49.37,21,58.33,60,52.17,854,8.33,0,0,0,0,0,0,0,1,0,12,0,0,1,14,41.18,10,0,0,12,117,8,25,13,450,13,13,0,0,9,0,4,0,0,,,,1,0,0,0,0,14,0,0,0,0,0,0,10,0.0,0.0,4,18,3,55,15,0,0,0,34,14,11,68.75,854.0,0,0,0,98,205,0,,0,65,,12
1471956,Ahmed Emad,ahmed-emad,43560,Al-Masry,6.71,73.8,11,0,0,0,,,0,164,71,235,69.79,96,69,22,1,1,20.0,17,18,3,0,0,1,20.0,2,0,0,18,40.0,23,63.89,41,50.62,864,0.0,0,0,0,1,0,0,0,0,1,1,0,0,0,14,37.84,22,0,0,1,108,1,16,5,432,0,13,1,0,11,0,2,0,0,,,,5,0,0,0,0,8,0,0,0,0,0,0,10,0.0,0.0,1,5,5,40,13,0,0,0,37,8,15,88.24,0.0,0,0,0,124,116,1,,0,45,,11
1001881,Ahmed El-Saghiri,el-saghiri-ahmed,241703,Pharco FC,6.71,174.4,26,1,1,0,,,1,479,155,634,75.55,226,268,111,16,11,50.0,20,19,2,0,0,15,28.85,8,2,3,58,58.0,8,47.06,66,56.41,1827,12.5,0,0,0,0,0,0,0,1,1,7,0,0,1,19,37.25,15,0,0,13,266,9,48,21,987,27,9,0,0,11,1,3,0,0,,,,1,0,0,0,0,13,1,0,0,0,0,0,22,0.0,0.0,16,22,52,51,9,0,0,0,51,14,13,65.0,1827.0,0,0,0,275,411,0,,0,117,,30
1069340,Khaled Stouhi,khaled-stouhi,43561,Tala'ea El-Gaish,6.71,107.3,16,1,0,0,,,1,330,141,471,70.06,210,120,33,4,2,66.67,20,24,3,1,1,0,0.0,5,2,3,33,61.11,22,53.66,55,57.89,1192,20.0,0,0,0,0,0,0,1,0,5,0,0,0,1,55,35.71,44,0,0,2,151,0,103,37,619,11,14,0,1,5,2,0,0,0,,,,3,0,0,0,0,17,1,0,0,0,0,0,15,0.0,0.0,4,3,1,40,19,0,0,0,154,18,11,55.0,1192.0,0,0,0,253,219,1,,1,76,,16
560174,Khaled Kamar,kamar-khaled,43561,Tala'ea El-Gaish,6.71,120.7,18,3,2,2,2,,5,115,73,188,61.17,54,61,28,5,2,100.0,4,2,3,0,0,0,0.0,15,7,7,18,43.9,17,22.37,35,29.91,1025,20.0,0,0,0,1,0,0,3,0,12,3,1,1,1,10,55.56,12,0,0,9,100,6,13,7,279,12,12,0,0,5,11,1,0,0,,,,0,0,0,0,0,18,1,0,0,0,0,0,12,0.0,0.0,5,2,1,82,59,0,0,0,18,19,3,75.0,341.67,0,0,0,69,120,2,,0,25,,19
1393728,Mohamed Hamdi,mohamed-hamdi,43564,ENPPI,6.7,174.3,26,0,1,0,3,,3,535,181,716,74.72,242,308,154,15,21,48.84,25,18,2,0,0,15,17.65,14,3,6,56,45.16,15,51.72,71,46.41,1796,0.0,0,0,0,0,3,0,0,0,4,10,0,0,0,48,44.44,16,0,0,17,362,10,72,22,1148,10,15,0,0,15,0,5,0,0,,,,3,0,0,0,0,20,3,0,0,0,0,0,19,0.0,0.0,15,43,85,82,14,0,0,0,108,23,17,68.0,0.0,0,0,0,299,502,0,,0,129,,27
1008171,Ibrahim Adel,ibrahim-adel,175002,Pyramids FC,6.7,140.7,21,4,1,5,,,4,341,90,431,79.12,66,279,163,19,14,28.0,23,8,2,0,0,4,23.53,39,13,15,59,38.82,8,32.0,67,37.85,1202,10.26,0,0,0,0,0,0,3,1,27,12,0,2,2,16,64.0,2,0,0,27,220,12,30,14,710,22,18,1,0,14,6,11,0,0,,,,2,0,0,0,0,6,0,0,0,0,0,0,14,0.0,0.0,19,50,17,110,17,0,0,0,25,6,15,65.22,300.5,0,0,0,75,373,0,,0,59,,22
1469695,Saeed Kamal,saeed-kamal,43560,Al-Masry,6.7,13.4,2,1,0,0,,,1,61,19,80,76.25,26,35,7,0,1,50.0,2,0,0,0,0,0,0.0,2,1,1,6,37.5,4,30.77,10,34.48,180,50.0,0,0,0,0,0,0,0,1,0,2,0,0,1,2,20.0,1,0,0,3,25,3,4,1,104,3,5,0,0,1,0,0,0,0,,,,1,0,0,0,0,1,0,0,0,0,0,0,2,0.0,0.0,0,2,0,19,9,0,0,0,10,1,1,50.0,180.0,0,0,0,33,47,0,,0,18,,2
918781,Mohamed Abdel Aati,mohamed-abdel-aati,43564,ENPPI,6.7,80.4,12,1,0,0,,,1,310,78,388,79.9,109,203,98,6,4,40.0,8,3,2,0,0,2,22.22,1,1,0,28,52.83,1,33.33,29,51.79,630,100.0,0,0,0,0,0,0,1,0,1,0,0,1,0,37,72.55,1,0,0,9,112,3,43,29,474,16,6,0,0,4,0,0,0,0,,,,0,0,0,0,0,8,1,0,0,0,0,0,7,0.0,0.0,6,10,9,27,2,0,0,0,51,9,8,100.0,630.0,0,0,0,126,271,0,,0,44,,14
888900,Ahmed Madbouli,ahmed-madbouli,42366,Ismaily,6.7,180.9,27,1,3,0,4,,5,501,198,699,71.67,131,388,230,35,25,41.67,37,10,4,0,0,18,18.18,35,7,12,98,45.16,3,10.71,101,41.22,1807,2.86,0,0,0,0,3,0,1,0,17,18,0,0,1,33,39.76,3,0,0,41,420,17,122,46,1149,36,25,1,0,21,1,16,0,0,,,,1,0,0,0,0,21,3,0,0,0,0,0,21,0.0,0.0,35,60,99,144,25,0,0,0,83,24,27,72.97,1807.0,0,0,0,155,643,0,,0,96,,29
873558,Ahmed Mostafa,ahmed-mostafa,43563,Smouha,6.7,167.5,25,1,1,0,2,,3,489,154,643,76.05,172,318,180,19,6,42.86,25,15,1,0,0,1,7.69,33,7,14,65,47.1,20,44.44,85,46.45,1476,3.03,0,0,0,0,1,0,1,0,9,24,0,0,1,25,40.32,12,0,0,24,244,9,55,18,943,34,30,0,0,15,3,12,0,0,,,,1,0,0,0,0,22,0,0,0,0,0,0,17,0.0,0.0,19,14,13,98,25,0,0,0,62,22,14,56.0,1476.0,0,0,0,203,453,1,,0,119,,25
1201543,Sayed Abdallah,sayed-abdallah,42368,Zamalek SC,6.7,160.8,24,1,3,0,2,,3,501,85,586,85.49,186,324,173,17,26,53.06,14,7,1,0,0,9,27.27,6,2,3,52,50.98,3,37.5,55,50.0,1222,16.67,0,0,0,0,0,0,1,0,3,3,0,0,1,18,58.06,8,0,0,10,174,6,12,5,860,12,11,0,0,6,5,1,0,0,,,,0,0,0,0,0,9,6,0,0,0,0,0,14,0.0,0.0,17,49,33,55,5,0,0,0,31,15,9,64.29,1222.0,0,0,0,204,415,0,,0,84,,26
1014246,Karim El Tayeb,karim-el-tayeb,43564,ENPPI,6.7,73.7,11,1,1,1,1,,2,85,53,138,61.59,22,63,39,3,5,45.45,4,0,1,0,0,0,0.0,11,5,3,18,46.15,27,49.09,45,47.87,396,9.09,0,0,0,0,0,0,1,0,6,5,1,0,0,3,25.0,4,0,0,5,85,4,8,2,217,9,11,0,0,1,3,3,0,0,,,,0,0,0,0,0,5,0,0,0,0,0,0,3,0.0,0.0,3,11,2,49,28,0,0,0,12,5,4,100.0,396.0,0,0,0,27,113,0,,0,18,,16
1391655,Mohamed El Nahass,mohamed-el-nahass,43564,ENPPI,6.7,6.7,1,0,0,0,,,0,4,1,5,80.0,2,2,1,0,0,0.0,0,0,0,0,0,0,0.0,0,0,0,2,66.67,0,0.0,2,66.67,12,0.0,0,0,0,0,0,0,0,0,0,0,0,0,0,1,100.0,0,0,0,1,2,0,1,1,8,2,0,0,0,0,0,0,0,0,,,,0,0,0,0,0,0,0,0,0,0,0,0,0,0.0,0.0,0,0,0,1,0,0,0,0,1,0,0,0.0,0.0,0,0,0,2,3,0,,0,2,,1
885818,Ahmed Yehia,yehia-ahmed,265830,Modern Sport FC,6.7,6.7,1,0,0,0,,,0,10,0,10,100.0,10,0,0,0,0,0.0,0,0,0,0,0,0,0.0,0,0,0,0,0.0,0,0.0,0,0.0,44,0.0,0,0,0,0,0,0,0,0,0,0,0,0,0,2,100.0,2,0,0,0,0,0,1,1,14,0,0,0,0,0,0,0,0,0,,,,1,0,0,0,0,0,0,2,0,0,0,0,0,0.0,0.0,0,0,0,0,0,0,0,0,2,0,0,0.0,0.0,0,0,0,10,0,0,,6,3,,1
918511,Ahmed Afifi,ahmed-afifi,42365,Arab Contractors FC,6.7,6.7,1,0,0,0,,,0,5,3,8,62.5,1,5,1,0,0,0.0,0,0,0,0,0,1,50.0,1,0,1,0,0.0,1,100.0,1,100.0,17,0.0,0,0,0,0,0,0,0,0,0,1,0,0,0,0,0.0,0,0,0,0,6,0,0,0,16,0,0,0,0,0,0,0,0,0,,,,0,0,0,0,0,0,0,0,0,0,0,0,0,0.0,0.0,0,0,2,0,0,0,0,0,1,0,0,0.0,0.0,0,0,0,1,9,0,,0,3,,1
1393699,Ahmed Esho,ahmed-esho,42368,Zamalek SC,6.7,13.4,2,0,0,0,,,0,27,7,34,79.41,7,20,14,1,2,100.0,3,0,1,0,0,0,0.0,0,0,0,8,72.73,0,0.0,8,72.73,56,0.0,0,0,0,0,0,0,0,0,0,0,0,0,0,0,0.0,2,0,0,1,11,1,1,0,49,3,1,0,0,1,0,0,0,0,,,,0,0,0,0,0,2,0,0,0,0,0,0,0,0.0,0.0,1,2,0,3,0,0,0,0,1,2,1,33.33,0.0,0,0,0,7,27,0,,0,6,,2
918842,Hassan Tarek,hassan-tarek,241703,Pharco FC,6.7,13.4,2,0,0,0,,,0,8,5,13,61.54,2,6,4,0,2,100.0,1,1,0,0,0,0,0.0,0,0,0,5,71.43,0,0.0,5,62.5,82,0.0,0,0,0,0,0,0,0,0,0,0,0,0,0,0,0.0,1,0,0,2,11,0,0,0,30,2,0,0,0,0,0,0,0,0,,,,0,0,0,0,0,0,0,0,0,0,0,0,1,0.0,0.0,0,2,0,3,1,0,0,0,0,0,1,100.0,0.0,0,0,0,4,9,0,,0,3,,2
1094431,Yehia Hamed,yehia-hamed,43561,Tala'ea El-Gaish,6.7,6.7,1,0,0,0,,,0,5,3,8,62.5,3,2,0,0,0,0.0,2,0,0,0,0,0,0.0,0,0,0,2,100.0,0,0.0,2,100.0,16,0.0,0,0,0,0,0,0,0,0,0,0,0,0,0,0,0.0,0,0,0,0,3,0,1,0,12,0,0,0,0,0,0,0,0,0,,,,0,0,0,0,0,0,0,0,0,0,0,0,0,0.0,0.0,0,0,0,0,0,0,0,0,1,0,1,50.0,0.0,0,0,0,3,5,0,,0,3,,2
1117796,Mohamed Hossam,mohamed-hossam,42368,Zamalek SC,6.7,13.4,2,0,0,0,,,0,21,7,28,75.0,4,17,10,1,0,0.0,1,3,1,0,0,0,0.0,1,0,1,1,33.33,1,50.0,2,40.0,53,0.0,0,0,0,0,0,0,0,0,0,1,0,0,0,1,20.0,0,0,0,1,11,1,1,0,41,0,0,0,0,1,0,0,0,0,,,,0,0,0,0,0,0,0,0,0,0,0,0,0,0.0,0.0,1,0,0,3,1,0,0,0,5,0,1,100.0,0.0,0,0,0,5,23,0,,0,3,,3
982239,Ibrahim Galal,galal-ibrahim,43564,ENPPI,6.7,6.7,1,0,0,0,,,0,11,7,18,61.11,7,4,1,1,0,0.0,0,0,0,0,0,0,0.0,0,0,0,2,100.0,4,40.0,6,50.0,69,0.0,0,0,0,0,0,0,0,0,0,0,0,0,0,0,0.0,0,0,0,0,7,0,0,0,23,2,0,0,0,0,0,0,0,0,,,,0,0,0,0,0,2,0,0,0,0,0,0,1,0.0,0.0,1,0,0,6,6,0,0,0,1,2,0,0.0,0.0,0,0,0,10,8,0,,0,2,,3
1169075,Youssef Magdy Abdel Ghani,youssef-magdy-abdel-ghani,42365,Arab Contractors FC,6.7,6.7,1,0,0,0,,,0,1,1,2,50.0,1,1,0,1,0,0.0,1,0,0,0,0,1,50.0,3,0,1,1,50.0,1,100.0,2,66.67,17,0.0,0,0,0,0,0,0,0,0,1,2,0,0,0,0,0.0,0,0,0,0,3,0,0,0,9,0,0,0,0,0,0,2,0,0,,,,0,0,0,0,0,0,0,0,0,0,0,0,0,0.0,0.0,1,1,2,1,0,0,0,0,1,0,1,100.0,0.0,0,0,0,1,3,0,,0,1,,3
791574,Mohamed Abdel Shafi,mohamed-abdel-shafi,42368,Zamalek SC,6.7,53.6,8,0,0,0,,,0,204,68,272,75.0,78,129,66,3,1,25.0,10,12,0,0,0,3,15.0,0,0,0,16,66.67,7,53.85,23,62.16,502,0.0,0,0,0,0,0,0,0,0,0,0,0,0,0,12,30.77,6,0,0,2,107,1,43,17,412,6,0,0,0,3,0,0,0,0,,,,0,0,0,0,0,4,1,0,0,0,0,0,7,0.0,0.0,3,4,20,14,6,0,0,0,39,5,3,30.0,0.0,0,0,0,97,195,0,,0,32,,8
333445,Omar Bassam,omar-bassam,43566,Haras El Hodoud,6.7,60.3,9,0,0,0,,,0,73,30,103,70.87,34,39,21,3,4,66.67,11,1,2,0,0,0,0.0,11,2,6,30,48.39,29,45.31,59,46.83,661,0.0,0,0,0,0,1,0,0,0,8,3,0,0,0,3,75.0,1,0,0,11,77,2,1,1,215,15,20,0,0,3,4,3,0,0,,,,1,0,0,0,0,8,0,0,0,0,0,0,8,0.0,0.0,3,6,0,67,35,0,0,0,4,8,10,90.91,0.0,0,0,0,35,68,0,,0,12,,10
895499,Mohamed Ramadan,ramadan-mohamed,58317,El Dakhlya,6.7,53.6,8,0,1,0,,,0,118,30,148,79.73,28,94,40,7,1,50.0,4,1,1,0,0,4,44.44,4,0,2,14,82.35,0,0.0,14,60.87,236,0.0,0,0,0,0,2,0,0,0,0,4,0,0,0,13,54.17,0,0,0,1,44,0,30,16,191,9,0,0,0,1,0,2,0,0,,,,0,0,0,0,0,0,0,0,0,0,0,0,0,0.0,0.0,7,2,9,9,6,0,0,0,24,0,3,75.0,0.0,0,0,0,32,125,0,,0,12,,11
1172518,Ahmed Sayed Gharib,ahmed-sayed-gharib,35187,Al-Ittihad Alexandria,6.7,13.4,2,0,1,0,1,,1,7,5,12,58.33,1,6,5,1,0,0.0,3,0,0,0,0,0,0.0,2,2,0,4,36.36,3,37.5,7,36.84,60,0.0,0,0,0,0,0,0,0,0,1,1,0,0,0,2,50.0,5,0,0,3,11,0,1,0,30,1,2,0,0,2,1,0,0,0,,,,0,0,0,0,0,1,0,0,0,0,0,0,0,0.0,0.0,1,0,0,12,5,0,0,0,4,1,1,33.33,0.0,0,0,0,1,11,0,,0,1,,4
1049544,Amr Marey,amr-marey,43564,ENPPI,6.7,33.5,5,0,1,0,1,,1,39,10,49,79.59,12,27,22,4,0,0.0,2,0,0,0,0,0,0.0,1,1,0,5,62.5,6,54.55,11,57.89,164,0.0,0,0,0,0,0,0,0,0,1,0,0,0,0,0,0.0,1,0,0,1,17,1,1,1,66,3,2,0,0,0,2,0,0,0,,,,0,0,0,0,0,4,0,0,0,0,0,0,1,0.0,0.0,4,1,1,8,5,0,0,0,0,4,1,50.0,0.0,0,0,0,12,38,0,,0,1,,5
999361,Ahmed Yassin,ahmed-yassin,266626,National Bank of Egypt,6.69,113.8,17,0,0,0,,,0,498,139,637,78.18,391,108,33,3,2,50.0,17,20,3,0,1,1,100.0,2,0,1,23,45.1,47,68.12,70,58.33,1342,0.0,0,0,0,0,0,0,0,0,2,0,0,0,0,48,41.03,63,0,0,5,148,0,64,24,790,4,18,0,0,5,0,1,0,0,,,,3,0,0,0,0,14,6,0,0,0,0,0,16,0.0,0.0,3,4,1,50,22,0,0,0,117,20,9,52.94,0.0,1,0,0,442,196,0,,0,74,,18
918818,Mohamed Atwa,mohamed-atwa,209028,Aswan SC,6.69,153.9,23,0,0,0,,,0,506,181,687,73.65,385,122,29,2,2,33.33,30,22,6,0,0,1,50.0,12,2,9,42,61.76,42,60.87,84,61.31,1946,0.0,0,0,0,3,0,0,0,0,10,2,0,0,0,61,36.75,66,0,0,1,198,1,100,45,906,10,11,0,0,11,0,1,0,0,,,,4,0,0,0,0,23,2,0,0,0,0,0,22,0.0,0.0,2,6,2,53,27,0,0,0,166,25,23,76.67,0.0,0,0,0,452,237,0,,0,118,,25
1048067,Osama Faisal,osama-faisal,266626,National Bank of Egypt,6.69,140.5,21,3,0,2,,,3,223,100,323,69.04,75,149,85,8,12,50.0,15,3,3,0,0,1,9.09,13,7,5,38,44.71,36,43.37,74,44.05,990,23.08,0,0,1,0,0,0,2,1,11,2,0,1,2,9,37.5,2,0,0,16,180,9,13,4,497,11,14,0,0,7,7,1,0,0,,,,1,0,0,0,0,10,2,0,0,0,0,0,10,0.0,0.0,8,24,11,94,47,0,0,0,24,12,11,73.33,330.0,0,0,0,88,246,1,,0,38,,23
1094438,Amr Shaaban,amr-shaaban,58319,Ghazl El Mahalla FC,6.69,66.9,10,0,1,0,,,0,198,93,291,68.04,179,19,8,2,0,0.0,0,1,1,0,0,0,0.0,0,0,0,5,83.33,6,85.71,11,84.62,900,0.0,0,0,0,0,0,0,0,0,0,0,0,0,0,39,31.45,14,1,1,0,98,0,39,17,424,5,0,0,0,1,0,0,0,22,,,,2,0,0,15,7,13,0,9,2,2,18,0,11,0.0,0.0,2,0,0,2,1,0,0,0,124,13,0,0.0,0.0,0,0,1,211,80,0,,82,122,,10
845518,Osama Ibrahim,osama-ibrahim,266626,National Bank of Egypt,6.69,133.8,20,0,2,0,1,,1,433,219,652,66.41,249,194,73,3,3,30.0,38,20,7,0,0,10,20.41,2,0,1,51,54.84,25,60.98,76,56.72,1330,0.0,0,0,0,1,0,0,0,0,2,0,0,0,0,70,46.67,42,0,0,6,297,2,135,55,998,10,19,0,0,11,0,1,0,0,,,,1,0,0,0,0,22,4,0,0,0,0,0,15,0.0,0.0,3,10,49,58,16,0,0,0,150,26,24,63.16,0.0,0,0,0,334,367,0,,0,108,,21
295353,Mohamed Naguib,mohamed-naguib,58317,El Dakhlya,6.69,194.0,29,0,0,2,,,0,610,248,858,71.1,407,205,65,5,4,57.14,29,30,2,0,0,2,50.0,10,2,6,45,60.81,44,54.32,89,57.42,2315,0.0,0,0,0,2,0,0,0,0,10,0,0,0,0,81,38.94,100,1,0,5,272,1,154,64,1127,12,21,0,0,5,1,2,1,0,,,,9,0,0,0,0,33,3,0,0,0,0,0,28,0.0,0.0,4,7,4,66,37,0,0,0,208,36,24,82.76,0.0,0,0,0,497,365,1,,1,112,,29
1094434,Abdo Yehia,abdo-yehia,43560,Al-Masry,6.69,173.9,26,2,4,1,1,,3,217,116,333,65.17,60,165,99,14,8,28.57,15,3,2,0,0,8,22.86,26,8,14,42,44.21,17,26.98,59,37.34,1525,7.69,0,0,0,0,0,0,2,0,17,9,0,0,2,14,53.85,7,0,0,16,222,6,29,15,569,20,14,0,0,6,5,4,0,0,,,,2,0,0,0,0,20,1,0,0,0,0,0,16,0.0,0.0,14,28,35,99,46,0,0,0,26,21,10,66.67,762.5,0,0,0,83,285,0,,0,37,,28
1155371,Marwan Dawoud,marwan-dawoud,43564,ENPPI,6.69,107.0,16,1,0,0,,,1,304,125,429,70.86,150,168,71,12,12,37.5,19,16,2,0,0,14,21.88,12,6,5,42,44.68,7,28.0,49,41.18,1326,8.33,0,0,0,0,2,0,1,0,6,6,0,0,1,20,28.17,18,0,0,5,263,3,53,19,842,11,17,0,0,12,1,1,0,0,,,,6,0,0,0,0,11,3,0,0,0,0,0,16,0.0,0.0,12,32,64,70,18,0,0,0,71,14,10,52.63,1326.0,0,0,0,196,297,1,,0,82,,17
966962,Ragab Omran,ragab-omran,43560,Al-Masry,6.69,93.6,14,0,1,0,,,0,154,75,229,67.25,46,116,63,8,14,48.28,12,2,2,0,0,8,27.59,19,8,6,36,42.86,17,51.52,53,45.3,656,0.0,0,0,0,0,0,0,0,0,12,7,0,0,0,7,29.17,6,0,0,16,154,5,23,6,409,10,12,0,0,5,3,5,0,0,,,,0,0,0,0,0,7,0,0,0,0,0,0,6,0.0,0.0,8,29,29,64,16,0,0,0,24,7,12,100.0,0.0,0,0,0,56,202,0,,0,42,,18
1067595,Azmi Ghouma,azmi-ghouma,241703,Pharco FC,6.69,140.4,21,0,1,0,,,0,335,125,460,72.83,163,182,86,7,10,45.45,30,18,2,0,0,10,23.26,16,4,7,58,54.72,12,75.0,70,57.38,1235,0.0,0,0,0,0,2,0,0,0,8,8,0,0,0,25,38.46,12,0,0,10,240,4,42,10,811,18,15,0,0,12,0,5,0,0,,,,2,0,0,0,0,12,1,0,0,0,0,0,16,0.0,0.0,7,22,43,52,4,0,0,0,65,13,22,73.33,0.0,0,0,0,211,292,0,,0,93,,25
1155325,Mody Naser,mody-naser,43564,ENPPI,6.69,133.7,20,0,0,1,,,0,380,125,505,75.25,193,187,92,2,11,73.33,43,19,5,0,0,0,0.0,4,0,3,68,50.75,23,54.76,91,51.7,1336,0.0,0,0,0,0,0,0,0,0,1,3,0,0,0,26,50.0,10,0,0,12,170,5,44,24,691,15,34,0,0,18,1,1,0,0,,,,2,0,0,0,0,12,2,0,0,0,0,0,15,0.0,0.0,2,15,1,85,19,0,0,0,52,14,30,69.77,0.0,0,0,0,234,272,0,,0,110,,21
918886,Abdel Aziz El Balouti,abdel-aziz-el-balouti,43564,ENPPI,6.68,127.0,19,0,0,0,,,0,211,229,440,47.95,119,92,14,0,0,0.0,0,0,2,0,0,0,0.0,0,0,0,9,90.0,3,75.0,12,85.71,1710,0.0,0,0,0,0,0,0,0,0,0,0,0,0,0,118,34.4,28,1,0,0,230,0,109,45,580,9,0,0,0,1,0,0,0,41,,,,4,5,0,26,15,25,2,21,4,4,5,0,19,0.0,0.0,0,0,0,2,1,0,0,0,343,27,0,0.0,0.0,0,0,10,152,288,0,,175,156,,19
333463,Mohamed Sherif,mohamed-sherif,43561,Tala'ea El-Gaish,6.68,127.0,19,0,1,1,1,,1,146,57,203,71.92,43,114,52,16,10,55.56,9,4,1,0,0,11,30.56,11,3,4,34,50.75,1,5.88,35,41.67,640,0.0,0,0,0,0,2,0,0,0,4,7,0,0,0,8,44.44,2,0,0,15,127,8,25,8,364,15,8,0,0,5,1,4,0,0,,,,0,0,0,0,0,9,0,0,0,0,0,0,5,0.0,0.0,16,18,36,49,16,0,0,0,18,9,5,55.56,0.0,0,0,0,56,183,0,,0,38,,22
918880,Islam Gamal,islam-gamal,43566,Haras El Hodoud,6.68,80.2,12,0,0,0,,,0,168,56,224,75.0,59,112,55,8,8,38.1,18,2,1,0,0,3,27.27,3,0,2,37,56.92,0,0.0,37,53.62,511,0.0,0,0,1,0,0,0,0,0,1,2,0,0,0,7,46.67,1,0,0,6,95,2,24,10,332,11,6,0,0,6,0,1,0,0,,,,0,0,0,0,0,6,0,0,0,0,0,0,6,0.0,0.0,8,21,11,32,4,0,0,0,15,6,12,66.67,0.0,0,0,0,70,165,0,,0,27,,12
1095270,Ahmed El Nadry,ahmed-el-nadry,58319,Ghazl El Mahalla FC,6.68,213.8,32,1,1,2,1,,2,824,167,991,83.15,381,447,187,19,15,57.69,50,27,5,0,0,4,22.22,18,5,10,71,44.1,12,33.33,83,42.13,2788,5.56,0,0,0,0,0,0,1,0,5,13,0,0,1,73,54.89,20,0,0,15,255,11,76,43,1306,6,38,1,0,30,4,3,0,0,,,,7,0,0,0,0,38,6,0,0,0,0,0,33,0.0,0.0,19,26,18,114,24,0,0,0,133,44,33,66.0,2788.0,0,0,0,430,579,1,,0,185,,32
845511,Salah Rico,salah-rico,58319,Ghazl El Mahalla FC,6.68,33.4,5,0,0,0,,,0,72,20,92,78.26,41,31,18,3,0,0.0,6,2,1,0,0,0,0.0,1,0,1,11,52.38,3,60.0,14,53.85,243,0.0,0,0,0,0,0,0,0,0,0,1,0,0,0,11,73.33,3,0,0,4,35,0,2,1,135,5,5,0,0,3,0,0,0,0,,,,0,0,0,0,0,0,0,0,0,0,0,0,3,0.0,0.0,3,0,2,12,2,0,0,0,15,0,4,66.67,0.0,0,0,0,49,45,0,,0,13,,7
1473494,Ibrahim Ayoola,ibrahim-ayoola,371622,Cleopatra FC,6.68,33.4,5,0,0,0,,,0,27,12,39,69.23,7,20,12,4,2,100.0,0,0,1,0,0,0,0.0,2,0,2,4,57.14,5,45.45,9,50.0,105,0.0,0,0,0,0,0,0,0,0,2,0,0,0,0,1,100.0,1,0,0,0,15,2,1,1,56,2,5,0,0,0,2,0,0,0,,,,0,0,0,0,0,0,0,0,0,0,0,0,0,0.0,0.0,4,2,0,9,6,0,0,0,1,0,0,0.0,0.0,0,0,0,8,31,0,,0,3,,8
918721,Ahmed Ayman Mansour,ahmed-ayman-mansour,43561,Tala'ea El-Gaish,6.68,160.3,24,2,2,0,1,,3,774,292,1066,72.61,458,317,98,8,4,50.0,32,30,6,0,0,1,20.0,11,3,7,63,57.8,45,57.69,108,57.75,2121,18.18,0,0,0,1,0,0,1,0,9,2,1,0,0,117,42.7,58,0,0,5,329,2,171,65,1349,27,20,1,0,19,1,1,0,0,,,,7,0,0,0,0,28,4,0,0,0,0,0,24,0.0,0.0,8,8,5,79,33,0,0,0,274,32,25,78.13,1060.5,0,0,0,554,517,0,,0,130,,26
1063119,Youssef Osama Nabih,youssef-osama-nabih,42368,Zamalek SC,6.68,133.5,20,4,1,0,,,4,184,55,239,76.99,45,142,65,10,6,37.5,4,1,1,0,0,3,23.08,23,7,10,11,25.0,5,41.67,16,28.57,639,17.39,0,0,0,0,0,0,3,1,15,8,1,0,3,6,50.0,4,0,0,12,108,3,10,4,353,1,6,1,0,5,2,6,0,0,,,,0,0,0,0,0,6,0,0,0,0,0,0,4,0.0,0.0,10,16,13,40,7,0,0,0,12,6,1,25.0,159.75,0,0,0,52,200,0,,0,21,,21
1497575,Abdelrahman Body,abdelrahman-body,371622,Cleopatra FC,6.68,26.7,4,0,0,0,,,0,60,21,81,74.07,28,32,16,1,0,0.0,11,6,2,0,0,0,0.0,0,0,0,19,65.52,5,100.0,24,70.59,243,0.0,0,0,0,0,0,0,0,0,0,0,0,0,0,2,28.57,8,0,0,4,41,0,3,2,159,8,4,0,0,1,0,0,0,0,,,,1,0,0,0,0,3,2,0,0,0,0,0,2,0.0,0.0,1,1,6,10,0,0,0,0,7,5,9,81.82,0.0,0,0,0,39,48,0,,0,15,,6
943786,Ahmed Abdelrasoul,ahmed-abdelrasoul,58317,El Dakhlya,6.68,133.5,20,0,0,0,,,0,322,250,572,56.29,188,135,56,2,3,60.0,24,12,1,1,1,1,100.0,13,1,6,31,59.62,37,52.86,68,55.74,1700,0.0,0,0,0,0,0,0,0,0,9,4,0,0,0,74,32.31,88,1,0,4,283,1,167,51,800,4,9,0,0,7,0,6,0,0,,,,5,0,0,0,0,19,2,0,0,0,0,0,18,0.0,0.0,2,5,1,54,33,0,0,0,229,21,20,83.33,0.0,0,0,0,267,306,1,,0,134,,21
1424777,Karim Nedved,karim-nedved,265830,Modern Sport FC,6.67,120.1,18,1,1,1,,,1,457,52,509,89.78,245,213,80,4,6,46.15,28,8,3,0,1,1,14.29,14,2,7,48,46.15,5,55.56,53,46.9,1185,7.14,0,0,0,0,0,0,1,0,8,6,0,0,1,20,57.14,10,0,0,9,101,3,20,13,665,14,27,1,0,15,2,5,0,0,,,,3,0,0,0,0,7,1,0,0,0,0,0,14,0.0,0.0,4,13,7,60,4,0,0,0,35,8,17,60.71,1185.0,1,0,0,257,259,0,,0,72,,18
918728,Hassan Ali,hassan-ali,43560,Al-Masry,6.67,120.1,18,0,1,2,2,,2,265,82,347,76.37,110,160,67,10,16,59.26,17,5,3,0,0,5,33.33,13,3,6,47,52.81,6,31.58,53,49.07,843,0.0,0,0,0,0,0,0,0,0,5,8,0,0,0,21,48.84,7,0,0,16,137,6,30,16,509,14,12,0,0,5,0,4,0,0,,,,2,0,0,0,0,5,1,0,0,0,0,0,10,0.0,0.0,10,27,15,55,13,0,0,0,43,6,12,70.59,0.0,0,0,0,123,239,0,,0,79,,19
1009227,Mahmoud Fahmy,mahmoud-fahmy,209028,Aswan SC,6.67,46.7,7,0,0,0,,,0,43,22,65,66.15,18,25,18,3,1,100.0,3,1,0,0,0,0,0.0,6,2,4,7,43.75,6,26.09,13,33.33,157,0.0,0,0,0,0,0,0,0,0,5,1,0,0,0,2,33.33,4,0,0,4,38,3,5,3,107,3,4,0,0,1,2,0,0,0,,,,0,0,0,0,0,3,0,0,0,0,0,0,0,0.0,0.0,3,1,1,26,17,0,0,0,6,3,2,66.67,0.0,0,0,0,19,47,0,,0,15,,11
1418781,Mostafa Sobhi,mostafa-sobhi,43566,Haras El Hodoud,6.67,133.4,20,1,2,0,1,,2,208,67,275,75.64,79,134,82,8,19,48.72,33,2,2,0,0,5,29.41,20,9,7,63,44.68,10,30.3,73,41.95,1168,5.0,0,0,0,0,0,0,1,0,13,7,0,0,1,7,35.0,6,0,0,24,168,4,11,2,509,11,31,0,0,6,1,4,0,0,,,,0,0,0,0,0,15,2,0,0,0,0,0,15,0.0,0.0,8,39,17,101,23,0,0,0,20,17,23,69.7,1168.0,0,0,0,93,199,0,,0,54,,21
918586,Mohamed Koko,mohamed-koko,42366,Ismaily,6.67,106.7,16,0,0,0,,,0,207,134,341,60.7,159,48,13,0,0,0.0,1,0,0,0,0,0,0.0,0,0,0,4,100.0,4,100.0,8,100.0,1368,0.0,0,0,0,0,0,0,0,0,0,0,0,0,0,74,35.75,16,0,0,0,136,0,41,24,477,5,0,0,0,0,0,0,0,30,,,,2,6,0,19,11,19,2,8,2,2,0,0,15,0.0,0.0,0,0,0,0,0,0,0,0,207,21,0,0.0,0.0,0,0,6,183,158,1,,122,144,,16
935701,Hussein Faisal,hussein-faisal,43563,Smouha,6.67,186.7,28,4,2,3,4,,8,558,189,747,74.7,141,420,214,25,40,54.05,41,9,3,0,0,3,9.68,43,14,13,116,45.31,25,32.47,141,42.34,2019,9.3,1,0,0,1,3,0,2,2,20,23,0,1,3,22,53.66,17,1,0,43,357,13,45,16,1187,35,42,1,0,25,2,16,0,0,,,,2,0,0,0,0,28,1,0,0,0,0,0,23,0.0,0.0,25,74,31,192,52,0,0,1,41,29,24,58.54,504.75,0,0,0,170,608,0,,0,103,,30
1048765,Ahmed Sherif,ahmed-sherif,241703,Pharco FC,6.67,120.0,18,2,0,1,1,,3,119,56,175,68.0,43,76,46,7,10,47.62,7,3,0,0,0,0,0.0,13,8,4,24,34.29,14,31.11,38,33.04,914,15.38,0,0,1,0,0,0,2,0,10,3,0,0,2,7,63.64,5,0,0,24,125,11,9,3,325,7,10,0,0,2,0,1,0,0,,,,1,0,0,0,0,9,2,0,0,0,0,0,10,0.0,0.0,7,21,2,77,31,0,0,0,11,11,6,85.71,457.0,0,0,0,50,127,0,,0,26,,21
1216855,Youssef Labib,youssef-labib,43564,ENPPI,6.67,20.0,3,1,0,1,,,1,14,15,29,48.28,8,6,5,1,1,50.0,0,0,0,0,0,0,0.0,5,1,3,3,33.33,5,22.73,8,25.81,172,20.0,0,0,0,0,0,0,1,0,4,1,0,0,1,0,0.0,4,0,0,2,24,1,2,1,52,3,3,0,0,0,1,1,0,0,,,,0,0,0,0,0,1,0,0,0,0,0,0,3,0.0,0.0,1,2,0,23,17,0,0,0,1,1,0,0.0,172.0,0,0,0,9,20,0,,0,4,,3
966984,Mohamed Zakaria Shika,mohamed-zakaria-shika,241703,Pharco FC,6.67,20.0,3,0,0,0,,,0,41,21,62,66.13,16,26,12,1,2,50.0,3,0,0,0,0,1,7.14,2,0,0,8,40.0,2,40.0,10,40.0,207,0.0,0,0,0,0,0,0,0,0,1,1,0,0,0,2,40.0,0,0,0,10,57,2,7,2,114,3,0,0,0,0,1,2,0,0,,,,0,0,0,0,0,1,0,0,0,0,0,0,3,0.0,0.0,1,4,14,15,3,0,0,0,5,1,2,66.67,0.0,0,0,0,22,54,0,,0,12,,4
1012382,Mohamed Samir,mohamed-samir,43561,Tala'ea El-Gaish,6.67,80.0,12,0,0,0,,,0,277,114,391,70.84,196,81,22,2,1,100.0,12,15,2,1,1,0,0.0,2,0,2,16,57.14,21,56.76,37,56.92,983,0.0,0,0,0,2,0,0,0,0,2,0,0,0,0,24,28.57,25,0,0,0,123,0,54,27,480,3,12,0,0,2,0,0,0,0,,,,4,0,0,0,0,10,1,0,0,0,0,0,10,0.0,0.0,2,1,1,28,16,0,0,0,84,11,8,66.67,0.0,0,0,0,244,148,0,,0,64,,13
931831,Ahmed Fathi Hamza,ahmed-fathi-hamza,43566,Haras El Hodoud,6.66,206.6,31,2,0,0,,,2,973,262,1235,78.79,461,515,210,6,11,42.31,43,23,5,0,0,3,42.86,11,3,6,88,47.83,64,67.37,152,54.48,2458,18.18,0,0,0,0,0,0,0,2,5,6,0,0,2,52,47.27,24,0,0,22,339,7,106,52,1529,34,40,0,0,21,1,2,0,0,,,,3,0,0,0,0,31,4,0,0,0,0,0,30,0.0,0.0,6,26,7,127,31,0,0,0,110,35,32,74.42,1229.0,0,0,0,546,696,0,,0,154,,31
1400635,Omar El Saaiy,omar-el-saaiy,42366,Ismaily,6.66,53.3,8,0,0,0,,,0,89,26,115,77.39,19,73,38,4,7,46.67,9,2,1,0,0,3,37.5,9,4,1,20,48.78,1,20.0,21,45.65,317,0.0,0,0,0,0,0,0,0,0,2,7,0,0,0,5,45.45,3,0,0,5,58,3,9,4,194,4,7,0,0,1,0,4,0,0,,,,0,0,0,0,0,2,0,0,0,0,0,0,3,0.0,0.0,4,15,8,25,4,0,0,0,11,2,6,66.67,0.0,0,0,0,25,98,0,,0,22,,11
1173509,Hamdy Alaa,hamdy-alaa,266626,National Bank of Egypt,6.66,106.6,16,0,1,0,,,0,253,57,310,81.61,119,134,58,5,8,38.1,17,9,4,0,0,0,0.0,7,2,4,43,50.59,10,52.63,53,50.96,801,0.0,0,0,0,0,0,0,0,0,1,6,0,0,0,31,72.09,0,0,0,12,100,2,40,27,440,18,14,0,0,4,1,1,0,0,,,,0,0,0,0,0,12,1,0,0,0,0,0,8,0.0,0.0,5,21,5,51,9,0,0,0,43,13,9,52.94,0.0,0,0,0,132,183,0,,0,71,,21
966961,Mohamed Desouki,mohamed-desouki,42366,Ismaily,6.66,206.5,31,0,1,0,,,0,883,253,1136,77.73,458,445,215,14,10,29.41,44,26,0,0,0,20,20.83,7,0,3,72,47.37,25,43.86,97,46.41,2696,0.0,0,0,0,0,0,0,0,0,3,4,0,0,0,59,42.45,67,0,0,13,454,7,132,60,1800,18,34,0,0,12,5,4,0,0,,,,7,0,0,0,0,31,2,0,0,0,0,0,30,0.0,0.0,14,34,96,112,32,0,0,0,139,33,37,84.09,0.0,0,0,0,556,676,0,,0,164,,32
918630,Islam Abdelnaim,islam-abdelnaim,35187,Al-Ittihad Alexandria,6.66,153.2,23,0,2,3,1,,1,344,72,416,82.69,98,254,125,20,21,56.76,16,7,0,0,0,8,23.53,13,5,6,55,56.12,8,50.0,63,55.26,927,0.0,0,0,0,0,0,0,0,0,10,3,0,0,0,11,47.83,3,0,0,17,165,6,12,6,617,18,6,0,0,7,1,2,0,0,,,,0,0,0,0,0,9,3,0,0,0,0,0,10,0.0,0.0,20,37,34,51,8,0,0,0,23,12,14,87.5,0.0,0,0,0,113,337,0,,0,83,,25
804429,Mohamed Farouk,mohamed-farouk,265830,Modern Sport FC,6.66,66.6,10,1,0,1,,,1,203,45,248,81.85,77,127,65,4,9,36.0,17,5,3,0,0,1,20.0,11,6,1,38,50.0,1,7.69,39,43.82,504,9.09,0,0,0,0,1,1,0,1,7,4,0,0,1,4,30.77,9,0,0,8,100,3,13,5,379,12,10,0,0,4,1,4,0,0,,,,1,0,0,0,0,2,2,0,0,0,0,0,5,0.0,100.0,4,25,5,50,12,0,0,0,13,4,10,58.82,504.0,0,0,0,86,167,1,,0,29,,10
1049129,Yassin Marei,yassin-marei,241703,Pharco FC,6.66,33.3,5,0,0,0,,,0,140,38,178,78.65,92,48,19,0,3,100.0,5,6,1,0,0,0,0.0,0,0,0,11,84.62,8,61.54,19,73.08,309,0.0,0,0,0,1,0,0,0,0,0,0,0,0,0,13,52.0,18,0,0,1,43,0,23,11,233,3,1,0,0,0,0,0,0,0,,,,0,0,0,0,0,8,0,0,0,0,0,0,3,0.0,0.0,0,3,1,7,5,0,0,0,25,8,4,80.0,0.0,0,0,0,107,72,0,,0,18,,6
1155319,Ahmed Dahesh,ahmed-dahesh,58317,El Dakhlya,6.66,33.3,5,0,0,0,,,0,40,30,70,57.14,20,23,11,4,4,66.67,5,0,1,0,0,3,23.08,1,1,0,12,63.16,7,70.0,19,65.52,134,0.0,0,0,0,0,0,0,0,0,1,0,0,0,0,3,30.0,7,0,0,1,52,0,7,2,140,3,2,0,0,2,0,0,0,0,,,,0,0,0,0,0,3,1,0,0,0,0,0,0,0.0,0.0,4,6,13,10,3,0,0,0,10,4,3,60.0,0.0,0,0,0,35,48,0,,0,15,,7
918998,Mohamed Gaber,mohamed-gaber,58319,Ghazl El Mahalla FC,6.66,199.8,30,0,1,1,2,,2,733,241,974,75.26,349,399,198,21,24,48.98,54,32,2,0,0,15,19.48,25,9,8,118,48.96,10,58.82,128,49.61,2375,0.0,0,0,0,1,0,0,0,0,9,16,0,0,0,77,54.61,29,0,1,30,436,12,111,59,1586,40,31,0,0,43,6,8,0,0,,,,3,0,0,0,0,32,6,0,0,0,0,0,29,0.0,0.0,21,49,77,130,7,0,0,0,141,38,37,68.52,0.0,0,0,0,416,635,0,,0,182,,31
918704,Ahmed El Shimi,ahmed-el-shimi,42365,Arab Contractors FC,6.66,199.7,30,0,0,1,,,0,847,294,1141,74.23,383,467,197,9,8,30.77,57,28,2,0,0,3,12.0,17,3,9,87,44.16,38,62.3,125,48.45,2385,0.0,0,0,0,1,0,0,0,0,4,13,0,0,0,91,48.92,37,0,0,23,400,10,144,71,1502,22,52,0,0,23,0,5,0,0,,,,6,0,0,0,0,21,3,0,0,0,0,0,30,0.0,0.0,9,26,25,133,23,0,0,0,186,24,31,54.39,0.0,0,0,0,444,722,0,,0,205,,30
1096361,Mostafa Ibrahim,mostafa-ibrahim,35187,Al-Ittihad Alexandria,6.66,59.9,9,0,0,0,,,0,131,56,187,70.05,93,39,13,1,1,33.33,8,12,1,0,1,1,50.0,3,1,2,14,50.0,13,81.25,27,61.36,653,0.0,0,0,0,0,0,0,0,0,2,1,0,0,0,16,34.78,25,0,0,2,64,1,30,12,288,5,6,0,0,4,0,0,0,0,,,,1,0,0,0,0,11,2,0,0,0,0,0,7,0.0,0.0,1,3,2,17,3,0,0,0,46,13,7,87.5,0.0,1,0,0,115,74,1,,0,31,,9
1465772,Ahmed Reda,ahmed-reda,58319,Ghazl El Mahalla FC,6.65,73.2,11,0,1,0,,,0,116,33,149,77.85,34,86,38,6,5,50.0,11,7,0,0,0,4,20.0,2,0,0,22,55.0,8,61.54,30,56.6,383,0.0,0,0,0,0,0,0,0,0,1,1,0,0,0,6,40.0,2,0,0,7,84,3,14,5,283,6,2,0,0,4,0,2,0,0,,,,0,0,0,0,0,4,0,0,0,0,0,0,2,0.0,0.0,6,10,20,23,5,0,0,0,15,4,9,81.82,0.0,0,0,0,42,127,0,,0,32,,12
1114433,Ali Zaazaa,ali-zaazaa,265830,Modern Sport FC,6.65,99.8,15,1,1,4,,,1,218,89,307,71.01,66,156,81,6,3,42.86,20,11,2,0,0,4,21.05,14,6,4,34,45.33,16,64.0,50,50.0,732,7.14,0,0,1,0,0,0,1,0,14,0,1,0,0,9,42.86,3,0,0,18,159,5,30,12,466,11,12,1,0,11,1,4,0,0,,,,1,0,0,0,0,3,0,0,0,0,0,0,8,0.0,0.0,6,7,19,50,9,0,0,0,21,3,13,65.0,732.0,0,0,0,84,242,0,,0,51,,20
918694,Omar El Said,omar-el-said,265830,Modern Sport FC,6.65,126.4,19,2,0,0,,,2,118,47,165,71.52,44,75,43,4,3,37.5,2,1,2,0,0,1,8.33,20,8,7,17,31.48,23,34.33,40,33.06,746,10.0,0,0,0,0,0,0,2,0,18,2,1,1,0,1,25.0,11,0,0,14,103,6,1,0,294,12,20,0,0,3,8,5,0,0,,,,0,0,0,0,0,3,1,0,0,0,0,0,8,0.0,0.0,4,8,12,81,44,0,0,0,4,4,2,100.0,373.0,0,0,0,53,124,0,,0,18,,25
1008704,Hazem Morsi,hazem-morsi,58319,Ghazl El Mahalla FC,6.65,139.7,21,2,0,0,,,2,103,50,153,67.32,30,73,49,4,2,28.57,6,1,2,0,0,0,0.0,15,9,3,15,39.47,17,29.82,32,33.68,661,13.33,0,0,0,0,0,0,2,0,13,2,1,0,1,8,88.89,6,0,0,8,87,2,15,10,239,7,9,1,0,2,4,3,0,0,,,,0,0,0,0,0,11,1,0,0,0,0,0,4,0.0,0.0,4,7,0,63,40,0,0,0,9,12,6,100.0,330.5,0,0,0,36,117,0,,0,18,,22
1063551,Hamed Khaled El Gabry,hamed-khaled-el-gabry,43566,Haras El Hodoud,6.65,139.7,21,0,0,0,,,0,317,144,461,68.76,145,177,88,6,10,40.0,30,25,3,0,0,5,13.16,18,7,7,73,57.03,22,62.86,95,58.28,1414,0.0,0,0,0,1,0,0,0,0,3,15,0,0,0,23,34.85,26,0,0,16,254,5,44,14,802,33,16,0,0,12,3,4,0,0,,,,2,0,0,0,0,23,1,0,0,0,0,0,15,0.0,0.0,6,25,38,68,13,0,0,0,66,24,19,63.33,0.0,0,0,0,185,314,0,,0,108,,23
829221,Austin Amutu,amutu-austin,35187,Al-Ittihad Alexandria,6.65,172.9,26,3,0,3,1,,4,94,58,152,61.84,38,56,24,5,7,43.75,2,2,2,0,0,0,0.0,30,6,19,26,37.68,35,40.23,61,39.1,1117,10.0,0,0,1,0,0,0,3,0,24,6,1,0,2,4,80.0,17,0,0,13,125,6,4,1,320,17,23,2,0,1,5,5,0,0,,,,0,0,0,0,0,11,0,0,0,0,0,0,12,0.0,0.0,5,16,3,95,52,0,0,0,5,11,0,0.0,372.33,0,0,0,47,108,1,,0,21,,27
934782,Mostafa Dowidar,mostafa-dowidar,43564,ENPPI,6.65,106.4,16,1,0,0,1,,2,228,93,321,71.03,86,144,70,7,5,55.56,12,11,2,0,0,2,11.11,10,1,4,18,51.43,8,47.06,26,50.0,892,10.0,0,0,0,1,0,0,1,0,5,5,0,0,1,22,50.0,9,0,0,12,184,3,35,15,522,1,3,0,0,0,0,5,0,0,,,,1,0,0,0,0,10,1,0,0,0,0,0,11,0.0,0.0,7,9,18,26,9,0,0,0,44,11,8,66.67,892.0,0,0,0,115,224,0,,0,74,,17
1475456,Amr El Morsi,amr-el-morsi,43560,Al-Masry,6.65,13.3,2,0,0,0,,,0,4,2,6,66.67,1,3,2,0,2,50.0,2,0,0,0,0,0,0.0,2,1,1,4,36.36,3,60.0,7,43.75,63,0.0,0,0,0,0,0,0,0,0,1,1,0,0,0,0,0.0,0,0,0,2,8,1,0,0,19,0,3,0,0,0,0,0,0,0,,,,0,0,0,0,0,0,0,0,0,0,0,0,1,0.0,0.0,0,4,0,9,2,0,0,0,0,0,2,100.0,0.0,0,0,0,1,5,0,,0,3,,2
982244,Girgis Magdy,girgis-magdy,43564,ENPPI,6.65,13.3,2,0,0,0,,,0,23,6,29,79.31,11,13,8,0,0,0.0,2,0,1,0,0,1,25.0,0,0,0,5,50.0,3,75.0,8,57.14,61,0.0,0,0,0,0,0,0,0,0,0,0,0,0,0,2,100.0,0,0,0,1,12,1,0,0,43,3,3,0,0,1,0,0,0,0,,,,0,0,0,0,0,0,0,0,0,0,0,0,0,0.0,0.0,0,0,4,6,1,0,0,0,2,0,2,100.0,0.0,0,0,0,13,20,0,,0,4,,3
1172520,Ahmed Ashraf Ahmed,ahmed-ashraf-ahmed,6910,Al Ahly FC,6.65,26.6,4,0,0,0,,,0,53,22,75,70.67,26,29,12,3,0,0.0,1,1,1,0,0,2,66.67,0,0,0,2,28.57,4,100.0,6,54.55,96,0.0,0,0,0,0,0,0,0,0,0,0,0,0,0,5,38.46,3,0,0,2,28,0,7,2,94,1,2,0,0,1,0,0,0,0,,,,0,0,0,0,0,2,0,0,0,0,0,0,0,0.0,0.0,3,0,3,5,0,0,0,0,13,2,1,100.0,0.0,0,0,0,33,45,0,,0,14,,7
918601,Eslam Gaber,eslam-gaber,266626,National Bank of Egypt,6.65,126.3,19,0,1,0,1,,1,249,72,321,77.57,90,167,82,15,6,46.15,18,5,3,0,0,8,27.59,9,3,1,29,38.67,6,33.33,35,37.63,735,0.0,0,0,0,0,1,0,0,0,2,7,0,0,0,31,62.0,5,0,0,14,145,9,42,23,491,5,18,0,0,10,0,5,0,0,,,,0,0,0,0,0,11,3,0,0,0,0,0,6,0.0,0.0,15,13,29,58,12,0,0,0,50,14,11,61.11,0.0,0,0,0,103,247,0,,0,49,,24
1156435,Osama El Gazar,osama-el-gazar,43560,Al-Masry,6.64,59.8,9,0,0,0,,,0,196,30,226,86.73,90,106,42,0,8,72.73,13,7,4,0,0,0,0.0,4,1,3,30,51.72,6,54.55,36,52.17,537,0.0,0,0,0,0,0,0,0,0,3,1,0,0,0,8,36.36,5,0,0,6,55,1,14,5,342,9,11,1,0,9,0,0,0,0,,,,0,0,0,0,0,6,0,0,0,0,0,0,5,0.0,0.0,0,11,9,33,5,0,0,0,22,6,7,53.85,0.0,0,0,0,101,134,0,,0,50,,9
895534,Mohamed El Shamy,mohamed-el-shamy,42366,Ismaily,6.64,186.0,28,9,1,5,1,,10,435,203,638,68.18,123,314,180,25,28,36.36,24,15,2,0,0,2,6.67,33,17,11,71,35.32,28,36.84,99,35.74,2156,27.27,0,0,0,1,0,0,9,0,27,6,1,1,7,12,37.5,14,0,0,40,417,7,33,15,1052,19,44,0,0,10,18,5,0,0,,,,4,0,0,0,0,23,2,0,0,0,0,0,24,0.0,0.0,25,77,30,178,48,0,0,0,32,25,15,62.5,239.56,0,0,0,159,509,1,,0,99,,28
918584,Ahmed Masoud,ahmed-masoud,43561,Tala'ea El-Gaish,6.64,53.1,8,0,0,0,,,0,123,46,169,72.78,97,26,5,0,0,0.0,0,0,2,0,0,0,0.0,0,0,0,1,50.0,3,60.0,4,57.14,697,0.0,0,0,0,0,0,0,0,0,0,0,0,0,0,42,47.73,5,1,0,0,47,0,22,16,251,1,0,0,0,1,0,0,0,18,,,,2,1,0,12,6,8,2,4,2,1,9,0,8,0.0,0.0,0,0,0,3,2,0,0,0,88,10,0,0.0,0.0,0,0,1,103,66,0,,58,86,,8
1174091,Mohamed Hozian,mohamed-hozian,42365,Arab Contractors FC,6.64,53.1,8,0,0,0,,,0,90,36,126,71.43,32,64,24,5,3,33.33,7,7,2,0,0,6,24.0,2,1,1,16,43.24,5,71.43,21,47.73,420,0.0,0,0,0,0,0,0,0,0,0,2,0,0,0,6,40.0,7,0,0,0,80,0,14,9,247,6,9,0,0,6,0,0,0,0,,,,1,0,0,0,0,4,0,0,0,0,0,0,4,0.0,0.0,5,9,25,23,2,0,0,0,15,4,7,100.0,0.0,0,0,0,49,102,0,,0,18,,10
996637,Samson Akinyoola,samson-akinyoola,42368,Zamalek SC,6.63,79.6,12,1,1,1,1,,2,70,15,85,82.35,17,53,32,6,1,20.0,1,0,1,0,0,0,0.0,11,4,5,6,27.27,1,33.33,7,28.0,384,9.09,0,0,0,0,0,0,1,0,11,0,0,1,0,1,33.33,0,0,0,6,40,2,3,1,135,4,7,0,0,0,2,2,0,0,,,,0,0,0,0,0,4,0,0,0,0,0,0,2,0.0,0.0,6,5,3,18,2,0,0,0,3,4,1,100.0,384.0,0,0,0,18,70,0,,0,8,,12
1103335,Gavin Kizito,gavin-kizito,35187,Al-Ittihad Alexandria,6.63,19.9,3,0,0,0,,,0,64,17,81,79.01,28,40,15,3,0,0.0,5,3,0,0,0,4,28.57,1,0,1,8,50.0,4,57.14,12,52.17,217,0.0,0,0,0,0,0,0,0,0,0,1,0,0,0,2,33.33,5,0,0,3,46,0,3,1,155,3,3,0,0,2,0,0,0,0,,,,0,0,0,0,0,3,1,0,0,0,0,0,2,0.0,0.0,3,1,14,11,3,0,0,0,6,4,4,80.0,0.0,0,0,0,36,59,0,,0,14,,3
873545,Mohamed Abdelsalam,mohamed-abdelsalam,265830,Modern Sport FC,6.63,19.9,3,0,0,0,,,0,77,20,97,79.38,48,29,7,0,2,66.67,8,4,0,0,0,0,0.0,0,0,0,12,57.14,1,20.0,13,50.0,167,0.0,0,0,0,0,0,0,0,0,0,0,0,0,0,4,33.33,6,0,0,1,25,0,13,4,137,2,1,0,0,6,1,0,0,0,,,,0,0,0,0,0,1,0,0,0,0,0,0,3,0.0,0.0,0,3,0,13,4,0,0,0,12,1,7,87.5,0.0,0,0,0,57,40,0,,0,15,,4
1426383,El Sabahy Emad,el-sabahy-emad,43563,Smouha,6.63,19.9,3,0,0,0,,,0,29,31,60,48.33,13,16,7,0,1,50.0,6,5,1,0,0,0,0.0,2,0,1,9,75.0,10,55.56,19,63.33,225,0.0,0,0,0,0,0,0,0,0,0,2,0,0,0,2,16.67,1,0,0,0,42,2,6,0,103,2,2,0,0,0,0,1,0,0,,,,1,0,0,0,0,2,0,0,0,0,0,0,2,0.0,0.0,0,2,1,11,8,0,0,0,12,2,3,50.0,0.0,0,0,0,18,43,0,,0,17,,4
1424790,Mohamed Diab,mohamed-diab,43561,Tala'ea El-Gaish,6.63,59.7,9,0,0,0,,,0,165,45,210,78.57,119,46,11,0,1,100.0,5,8,3,0,0,0,0.0,4,1,3,8,34.78,16,59.26,24,48.0,552,0.0,0,0,0,0,0,0,0,0,4,0,0,0,0,21,56.76,18,0,0,3,55,1,13,6,278,2,5,0,0,7,0,0,0,0,,,,3,0,0,0,0,6,0,0,0,0,0,0,7,0.0,0.0,0,1,1,26,11,0,0,0,37,6,5,100.0,0.0,0,0,0,134,77,0,,0,33,,9
1424763,Mohamed Ahmed Kamel,mohamed-ahmed-kamel,43566,Haras El Hodoud,6.63,59.7,9,0,0,1,,,0,167,63,230,72.61,115,52,10,0,2,66.67,3,13,0,0,0,0,0.0,2,0,0,13,68.42,13,54.17,26,60.47,629,0.0,0,0,0,0,0,0,0,0,2,0,0,0,0,14,29.79,39,0,0,1,71,0,34,9,322,8,2,0,0,3,0,2,0,0,,,,2,0,0,0,0,11,0,0,0,0,0,0,7,0.0,0.0,0,3,0,17,11,0,0,0,47,11,2,66.67,0.0,0,0,0,141,89,0,,0,43,,11
1083289,Mohamed El-Maghrabi,mohamed-el-maghrabi,43563,Smouha,6.63,99.5,15,0,0,1,,,0,225,88,313,71.88,143,85,39,2,4,57.14,20,15,1,0,0,3,23.08,2,0,2,26,50.0,23,43.4,49,46.67,1204,0.0,0,0,0,1,0,0,0,0,2,0,0,0,0,15,28.85,51,0,0,5,138,1,31,12,534,2,11,0,0,9,0,0,0,0,,,,5,0,0,0,0,16,0,0,0,0,0,0,13,0.0,0.0,2,7,13,56,30,0,0,0,52,16,15,75.0,0.0,0,0,0,175,151,0,,0,56,,17
846264,Omar Salah,omar-salah,43563,Smouha,6.63,59.7,9,0,0,0,1,,1,90,133,223,40.36,59,31,12,1,0,0.0,0,0,2,0,0,0,0.0,0,0,0,6,75.0,5,71.43,11,73.33,764,0.0,0,0,0,1,0,0,0,0,0,0,0,0,0,42,24.0,8,1,0,0,135,0,52,11,302,6,1,0,0,1,0,0,0,23,,,,3,2,0,14,9,14,1,5,1,1,7,0,8,0.0,0.0,1,0,0,4,2,0,0,0,175,15,0,0.0,0.0,0,0,2,68,155,2,,80,96,,9
918729,Abdelaziz El Sayed,abdelaziz-el-sayed,58317,El Dakhlya,6.63,185.7,28,2,2,0,,,2,678,195,873,77.66,316,382,168,16,10,58.82,27,29,0,1,1,20,26.32,6,5,0,43,42.16,19,41.3,62,41.89,2097,33.33,2,2,0,0,0,0,2,0,2,4,0,2,0,46,35.94,60,1,0,24,324,10,83,37,1419,6,18,0,0,11,0,1,0,0,,,,5,0,0,0,0,24,3,0,0,0,0,0,26,100.0,0.0,16,17,76,86,27,0,0,0,128,27,18,66.67,1048.5,0,0,0,392,557,0,,0,177,,28
1117748,Mostafa Shakshak,mostafa-shakshak,43564,ENPPI,6.63,145.9,22,0,1,0,,,0,448,148,596,75.17,200,255,110,13,17,58.62,22,11,6,1,1,7,25.93,11,3,7,53,46.09,9,36.0,62,44.29,1468,0.0,0,0,0,0,0,0,0,0,3,8,0,0,0,51,52.58,17,0,0,24,244,3,70,31,838,14,18,0,0,8,1,1,0,0,,,,3,0,0,0,0,21,1,0,0,0,0,0,17,0.0,0.0,13,29,27,78,16,0,0,0,97,22,12,54.55,0.0,0,0,0,233,390,0,,0,135,,23
935698,Seif Farouk Gaafar,seif-farouk-gaafar,42368,Zamalek SC,6.63,86.2,13,0,0,1,1,,1,202,51,253,79.84,64,138,77,6,10,58.82,14,7,2,0,0,0,0.0,11,6,4,36,46.75,5,31.25,41,44.09,593,0.0,0,0,0,0,0,0,0,0,6,5,0,0,0,19,65.52,2,0,0,12,91,4,18,13,366,12,13,0,0,10,2,1,0,0,,,,0,0,0,0,0,6,1,0,0,0,0,0,6,0.0,0.0,6,17,3,52,11,0,0,0,29,7,8,57.14,0.0,0,0,0,75,181,0,,0,38,,15
1424776,Mahmoud Mamdouh,mahmoud-mamdouh,43566,Haras El Hodoud,6.63,112.7,17,2,0,2,,,2,131,56,187,70.05,40,94,57,9,11,37.93,12,1,2,0,0,3,25.0,14,8,2,33,46.48,32,37.65,65,41.67,813,14.29,0,0,0,0,0,0,2,0,7,7,1,0,1,10,55.56,6,0,0,7,122,3,21,12,345,11,9,0,0,5,4,4,0,0,,,,1,0,0,0,0,11,2,0,0,0,0,0,7,0.0,0.0,9,29,12,91,53,0,0,0,18,13,10,83.33,406.5,0,0,0,46,153,0,,0,30,,19
918916,Mohamed Bassiouny,mohamed-bassiouny,266626,National Bank of Egypt,6.63,72.9,11,0,0,0,,,0,320,103,423,75.65,199,131,51,4,8,50.0,17,10,2,0,0,10,35.71,4,1,1,40,51.28,7,50.0,47,51.09,886,0.0,0,0,0,0,0,0,0,0,0,4,0,0,0,25,35.71,12,0,0,8,166,3,71,28,638,15,11,0,0,12,0,2,0,0,,,,2,0,0,0,0,5,3,0,0,0,0,0,10,0.0,0.0,4,16,28,45,7,0,0,0,70,8,14,82.35,0.0,0,0,0,230,221,0,,0,69,,15
840700,Ahmed El Sheikh,ahmed-el-sheikh,43560,Al-Masry,6.63,53.0,8,1,1,0,1,,2,93,33,126,73.81,29,65,43,5,4,44.44,9,4,0,0,0,1,12.5,3,1,1,18,46.15,5,50.0,23,46.94,308,33.33,0,0,0,0,0,0,1,0,2,1,0,1,0,5,45.45,2,0,0,9,62,2,11,8,191,5,5,0,0,3,0,1,0,0,,,,0,0,0,0,0,4,2,0,0,0,0,0,3,0.0,0.0,5,9,8,26,5,0,0,0,11,6,9,100.0,308.0,0,0,0,33,101,0,,0,23,,11
560466,Basem Morsi,morsi-basem,266626,National Bank of Egypt,6.63,159.0,24,1,1,2,1,,2,155,97,252,61.51,65,90,50,6,4,36.36,8,6,3,0,0,0,0.0,27,7,17,45,42.86,30,40.54,75,41.9,1297,3.7,0,0,0,0,1,0,1,0,24,3,1,0,0,14,51.85,8,0,0,20,165,9,26,12,432,33,30,1,0,3,12,3,0,0,,,,0,0,0,0,0,15,2,0,0,0,0,0,14,0.0,0.0,6,11,3,104,44,0,0,0,27,17,6,75.0,1297.0,0,0,0,91,164,0,,0,33,,27
918711,Essam Sobhy,essam-sobhy,42366,Ismaily,6.62,139.1,21,0,1,0,,,0,350,192,542,64.58,156,203,79,8,1,50.0,31,33,2,0,0,9,20.93,3,1,2,44,51.76,29,54.72,73,52.9,1576,0.0,0,0,0,1,0,0,0,0,2,1,0,0,0,34,28.1,44,1,0,7,260,2,72,29,935,12,21,0,0,13,0,0,0,0,,,,4,0,0,0,0,17,2,0,0,0,0,0,19,0.0,0.0,8,2,43,65,24,0,0,0,121,19,24,77.42,0.0,0,0,0,233,352,0,,0,105,,22
967029,Mostafa Gamal,mostafa-gamal,43566,Haras El Hodoud,6.62,205.3,31,3,2,1,1,,4,835,249,1084,77.03,368,467,185,13,21,80.77,44,19,4,1,1,0,0.0,11,5,5,89,50.86,45,50.56,134,50.76,2627,27.27,4,2,0,0,0,0,2,1,5,6,0,0,3,75,52.82,49,0,0,29,330,13,98,45,1418,24,25,0,0,28,0,1,0,0,,,,5,0,0,0,0,36,5,0,0,0,0,0,31,50.0,0.0,13,26,4,130,44,1,0,1,142,41,33,75.0,875.67,0,0,0,435,653,0,,0,209,,31
1172525,Alia Sylla,alia-sylla,43563,Smouha,6.62,39.7,6,1,0,2,,,1,38,28,66,57.58,10,28,16,3,0,0.0,2,0,1,0,0,0,0.0,7,1,5,4,40.0,15,29.41,19,31.15,277,14.29,0,0,0,0,0,0,1,0,7,0,0,0,1,1,50.0,2,0,0,1,42,2,2,1,99,2,5,1,0,0,2,1,0,0,,,,0,0,0,0,0,4,0,0,0,0,0,0,4,0.0,0.0,3,1,0,42,36,0,0,0,2,4,2,100.0,277.0,0,0,0,15,51,0,,0,6,,7
840066,Bruno Sávio,bruno-savio,6910,Al Ahly FC,6.62,79.4,12,1,1,1,2,,3,199,78,277,71.84,42,159,98,8,6,30.0,6,2,1,0,0,2,11.11,18,5,7,18,30.51,8,34.78,26,31.71,763,5.56,0,0,1,0,0,0,1,0,11,7,0,0,1,7,50.0,4,0,0,11,161,9,21,11,430,6,9,0,0,7,2,6,0,0,,,,0,0,0,0,0,5,0,0,0,0,0,0,10,0.0,0.0,8,20,18,56,15,0,0,0,14,5,5,83.33,763.0,0,0,0,58,237,0,,0,27,,14
1462050,Kingsley Fidelis Kuku,kingsley-fidelis-kuku,43566,Haras El Hodoud,6.61,46.3,7,0,1,0,,,0,74,25,99,74.75,33,41,16,4,4,33.33,12,3,0,0,0,0,0.0,1,0,1,19,55.88,2,25.0,21,50.0,304,0.0,0,0,0,0,0,0,0,0,1,0,0,0,0,4,44.44,0,0,0,4,49,0,9,4,158,3,4,0,0,1,1,0,0,0,,,,0,0,0,0,0,3,0,0,0,0,0,0,3,0.0,0.0,4,12,3,21,6,0,0,0,9,3,6,50.0,0.0,0,0,0,38,64,0,,0,21,,10
1096492,Khaled El Akhmimi,khaled-el-akhmimi,58319,Ghazl El Mahalla FC,6.61,92.6,14,0,0,0,,,0,278,57,335,82.99,89,189,86,4,8,50.0,12,5,0,0,0,0,0.0,12,1,7,24,48.98,4,44.44,28,48.28,561,0.0,0,0,0,0,0,0,0,0,5,7,0,0,0,16,47.06,2,0,0,11,96,4,24,10,436,4,2,0,0,5,0,4,0,0,,,,0,0,0,0,0,10,1,0,0,0,0,0,5,0.0,0.0,4,16,7,30,5,0,0,0,34,11,9,75.0,0.0,0,0,0,95,247,0,,0,43,,19
982238,Ibrahim Kone,kone-ibrahim,58319,Ghazl El Mahalla FC,6.61,99.2,15,1,0,0,,,1,173,44,217,79.72,73,101,57,3,15,60.0,12,10,0,0,0,1,9.09,6,1,4,38,53.52,5,41.67,43,51.81,598,16.67,0,0,0,0,0,0,1,0,2,4,0,0,1,6,54.55,5,0,0,13,107,2,9,6,366,11,8,0,0,4,0,1,0,0,,,,0,0,0,0,0,11,2,0,0,0,0,0,4,0.0,0.0,3,25,11,40,7,0,0,0,11,13,10,83.33,598.0,0,0,0,83,145,0,,0,59,,16
35853,Emmanuel David,emmanuel-david,43566,Haras El Hodoud,6.61,99.2,15,1,1,1,1,,2,139,62,201,69.15,40,100,54,7,10,43.48,10,5,0,0,0,1,25.0,14,3,7,28,38.89,3,13.64,31,32.98,631,7.14,0,0,0,0,0,0,1,0,4,10,0,0,1,7,53.85,1,0,0,10,126,9,13,5,334,8,15,0,0,8,4,4,0,0,,,,0,0,0,0,0,10,2,0,0,0,0,0,7,0.0,0.0,7,23,4,63,19,0,0,0,13,12,7,70.0,631.0,0,0,0,52,153,0,,0,37,,17
918920,Salah Mohsen,salah-mohsen,371622,Cleopatra FC,6.61,118.9,18,4,1,6,1,,5,111,60,171,64.91,26,85,45,8,10,55.56,1,2,3,0,0,0,0.0,20,12,8,17,38.64,13,30.95,30,34.88,865,20.0,0,0,0,0,0,0,2,0,16,4,0,0,2,3,42.86,5,0,0,9,107,2,13,4,276,6,12,0,0,0,19,0,0,0,,,,0,0,0,0,0,5,2,0,0,0,0,0,7,0.0,0.0,8,18,2,56,29,0,0,0,7,7,1,100.0,216.25,0,0,0,36,137,1,,0,18,,19
1418773,Gedo,gedo,209028,Aswan SC,6.6,138.7,21,2,0,4,2,,4,191,93,284,67.25,69,123,74,11,3,14.29,24,13,8,0,0,1,7.69,23,9,8,46,41.07,35,40.7,81,40.91,1351,8.7,0,0,1,0,0,0,2,0,20,3,2,0,0,6,40.0,7,0,0,21,193,9,15,5,530,19,22,1,0,9,3,6,0,0,,,,0,0,0,0,0,21,2,0,0,0,0,0,17,0.0,0.0,11,21,13,117,51,0,0,0,15,23,16,66.67,675.5,0,0,0,86,211,0,,0,54,,24
580680,Ali Fathi,ali-fathi,209028,Aswan SC,6.6,198.1,30,0,3,0,1,,1,755,357,1112,67.9,361,409,214,20,6,30.0,32,37,1,0,1,15,18.07,6,1,2,43,43.88,30,53.57,73,47.4,2594,0.0,0,0,0,1,1,0,0,0,2,4,0,0,0,69,33.01,50,0,0,14,542,4,193,74,1763,5,14,0,1,15,2,3,0,0,,,,4,0,0,0,0,32,3,0,0,0,0,0,30,0.0,0.0,20,20,83,81,26,0,0,0,209,35,16,50.0,0.0,1,0,0,468,727,1,,0,170,,32
1471476,Paul Joules,paul-joules,43561,Tala'ea El-Gaish,6.6,79.2,12,2,0,0,,,2,44,31,75,58.67,14,30,19,1,4,80.0,4,1,2,0,1,0,0.0,11,7,3,14,37.84,20,35.09,34,36.17,495,18.18,0,0,0,0,0,0,2,0,7,4,0,0,2,2,66.67,2,0,0,6,58,2,8,5,138,6,14,0,0,2,9,1,0,0,,,,0,0,0,0,0,5,0,0,0,0,0,0,7,0.0,0.0,1,5,0,60,37,0,0,0,3,5,4,100.0,247.5,1,0,0,18,57,0,,0,7,,13
967133,Mahmoud Shabrawy,mahmoud-shabrawy,42366,Ismaily,6.6,118.8,18,1,0,0,,,1,113,48,161,70.19,31,83,52,2,4,28.57,8,2,2,0,0,1,10.0,17,5,8,29,46.77,3,27.27,32,43.84,481,5.88,0,0,1,0,0,0,1,0,12,5,0,1,0,5,45.45,1,0,0,17,111,4,8,5,305,17,3,0,0,3,1,4,0,0,,,,0,0,0,0,0,6,1,0,0,0,0,0,2,0.0,0.0,2,14,10,41,8,0,0,0,11,7,4,50.0,481.0,0,0,0,38,133,0,,0,24,,19
1154929,Gaber Kamel,gaber-kamel,241703,Pharco FC,6.6,132.0,20,1,0,0,,,1,260,116,376,69.15,160,104,33,5,2,25.0,27,19,6,0,1,4,10.53,8,1,7,46,47.42,23,47.92,69,47.59,1305,12.5,0,0,0,0,0,0,1,0,6,2,0,1,0,20,34.48,23,0,0,14,222,3,19,8,717,17,25,1,1,8,1,0,0,0,,,,1,0,0,0,0,15,2,0,0,0,0,0,14,0.0,0.0,5,8,38,76,25,0,0,0,58,17,14,51.85,1305.0,1,0,0,209,205,0,,0,62,,24
972695,Mohammed Rashid,rashid-mohammed,43563,Smouha,6.6,6.6,1,0,0,0,,,0,5,0,5,100.0,4,1,0,0,0,0.0,0,0,0,0,0,0,0.0,0,0,0,0,0.0,2,50.0,2,50.0,15,0.0,0,0,0,0,0,0,0,0,0,0,0,0,0,0,0.0,1,0,0,0,1,0,0,0,8,0,0,0,0,0,0,0,0,0,,,,0,0,0,0,0,0,0,0,0,0,0,0,0,0.0,0.0,0,0,0,2,2,0,0,0,0,0,0,0.0,0.0,0,0,0,4,1,0,,0,1,,1
1122309,Khaled Alnabrisi,khaled-alnabrisi,42366,Ismaily,6.6,6.6,1,0,0,0,,,0,5,1,6,83.33,3,2,1,0,0,0.0,0,1,0,0,0,0,0.0,0,0,0,1,100.0,0,0.0,1,100.0,19,0.0,0,0,0,0,0,0,0,0,0,0,0,0,0,0,0.0,0,0,0,0,1,0,0,0,8,1,0,0,0,0,0,0,0,0,,,,0,0,0,0,0,0,0,0,0,0,0,0,0,0.0,0.0,0,0,0,0,0,0,0,0,0,0,0,0.0,0.0,0,0,0,3,3,0,,0,1,,1
2287013,Moataz Mohamed,moataz-mohamed,6910,Al Ahly FC,6.6,6.6,1,0,0,0,,,0,26,4,30,86.67,21,5,1,1,0,0.0,0,0,0,0,0,0,0.0,1,0,1,0,0.0,1,25.0,1,16.67,71,0.0,0,0,0,0,0,0,0,0,1,0,0,0,0,1,50.0,0,0,0,1,6,0,1,1,35,0,1,1,0,0,0,0,0,0,,,,0,0,0,0,0,0,0,0,0,0,0,0,1,0.0,0.0,1,0,0,5,3,0,0,0,2,0,0,0.0,0.0,0,0,0,23,7,0,,0,2,,1
918512,Sherif Dabo,sherif-dabo,43560,Al-Masry,6.6,6.6,1,0,0,0,,,0,2,0,2,100.0,0,3,1,0,0,0.0,0,0,0,0,0,1,33.33,0,0,0,0,0.0,0,0.0,0,0.0,18,0.0,0,0,0,0,0,0,0,0,0,0,0,0,0,0,0.0,0,0,0,0,3,0,0,0,7,0,0,0,0,0,0,0,0,0,,,,0,0,0,0,0,1,0,0,0,0,0,0,0,0.0,0.0,0,0,3,0,0,0,0,0,0,1,0,0.0,0.0,0,0,0,0,5,0,,0,1,,1
1155327,Saber El Shimi,saber-el-shimi,209028,Aswan SC,6.6,6.6,1,0,0,0,,,0,2,1,3,66.67,2,0,0,0,0,0.0,0,0,0,0,0,0,0.0,0,0,0,0,0.0,1,100.0,1,50.0,11,0.0,0,0,0,0,0,0,0,0,0,0,0,0,0,1,100.0,1,0,0,0,2,0,0,0,5,0,1,0,0,0,0,0,0,0,,,,0,0,0,0,0,0,0,0,0,0,0,0,0,0.0,0.0,0,0,0,1,0,0,0,0,1,0,0,0.0,0.0,0,0,0,2,1,0,,0,0,,1
1424356,Abdoul Kader Coulibaly,abdoul-kader-coulibaly,42366,Ismaily,6.6,6.6,1,0,0,0,,,0,3,0,3,100.0,2,1,0,0,1,100.0,0,0,0,0,0,0,0.0,0,0,0,1,100.0,0,0.0,1,33.33,12,0.0,0,0,0,0,0,0,0,0,0,0,0,0,0,0,0.0,0,0,0,0,0,0,0,0,4,0,0,0,0,0,0,0,0,0,,,,0,0,0,0,0,0,0,0,0,0,0,0,0,0.0,0.0,0,1,0,2,2,0,0,0,0,0,0,0.0,0.0,0,0,0,2,1,0,,0,1,,1
918582,Mahmoud Shedid Kenawi,mahmoud-shedid-kenawi,58317,El Dakhlya,6.6,6.6,1,0,0,0,,,0,14,6,20,70.0,6,8,2,0,0,0.0,1,1,0,0,0,0,0.0,0,0,0,1,50.0,0,0.0,1,25.0,59,0.0,0,0,0,0,0,0,0,0,0,0,0,0,0,1,25.0,1,0,0,0,11,0,3,1,37,0,1,0,0,0,0,0,0,0,,,,0,0,0,0,0,0,0,0,0,0,0,0,1,0.0,0.0,0,0,3,3,2,0,0,0,4,0,1,100.0,0.0,0,0,0,9,14,0,,0,2,,1
918562,Mahmoud El Gharabawy,mahmoud-el-gharabawy,58317,El Dakhlya,6.6,6.6,1,0,0,0,,,0,5,11,16,31.25,1,4,0,0,0,0.0,0,0,0,0,0,0,0.0,0,0,0,0,0.0,0,0.0,0,0.0,90,0.0,0,0,0,0,0,0,0,0,0,0,0,0,0,5,31.25,1,0,0,0,11,0,10,4,22,0,0,0,0,0,0,0,0,2,,,,0,0,0,1,1,1,0,1,1,1,1,0,1,0.0,0.0,0,0,0,0,0,0,0,0,16,1,0,0.0,0.0,0,0,0,3,13,0,,7,7,,1
199950,Shemeles Bekele,shemeles-bekele,43564,ENPPI,6.6,6.6,1,0,0,0,,,0,8,9,17,47.06,3,6,1,1,0,0.0,2,0,0,0,0,1,100.0,0,0,0,2,28.57,1,100.0,3,37.5,28,0.0,0,0,0,0,0,0,0,0,0,0,0,0,0,0,0.0,0,0,0,2,13,0,3,1,26,0,1,0,0,1,0,0,0,0,,,,0,0,0,0,0,3,0,0,0,0,0,0,0,0.0,0.0,1,1,1,5,0,0,0,0,1,3,2,100.0,0.0,0,0,0,6,12,0,,0,3,,2
1476887,Bibo Ahmed Hassan,el-habib-ahmed-hassan,42365,Arab Contractors FC,6.6,6.6,1,0,0,0,,,0,7,0,7,100.0,2,5,2,1,0,0.0,0,0,0,0,0,0,0.0,0,0,0,0,0.0,0,0.0,0,0.0,13,0.0,0,0,0,0,0,0,0,0,0,0,0,0,0,1,100.0,0,0,0,0,3,0,0,0,10,0,0,0,0,0,0,0,0,0,,,,0,0,0,0,0,0,0,0,0,0,0,0,0,0.0,0.0,1,0,1,0,0,0,0,0,1,0,0,0.0,0.0,0,0,0,2,6,0,,0,2,,2
918816,Amr Khalil,amr-khalil,35187,Al-Ittihad Alexandria,6.6,13.2,2,0,0,0,,,0,27,25,52,51.92,23,4,3,0,0,0.0,0,0,0,0,0,0,0.0,0,0,0,5,100.0,1,100.0,6,100.0,180,0.0,0,0,0,0,0,0,0,0,0,0,0,0,0,12,32.43,3,0,0,0,26,0,12,3,78,5,0,0,0,0,0,0,0,5,,,,0,1,0,4,1,4,0,3,0,0,1,0,2,0.0,0.0,0,0,0,0,0,0,0,0,37,4,0,0.0,0.0,0,0,0,30,22,0,,13,22,,2
845603,Mohamed Benkhemassa,mohamed-benkhemassa,42366,Ismaily,6.6,19.8,3,0,0,0,,,0,42,7,49,85.71,25,17,3,0,0,0.0,3,4,0,0,0,0,0.0,0,0,0,6,54.55,0,0.0,6,40.0,66,0.0,0,0,0,0,0,0,0,0,0,0,0,0,0,1,16.67,2,0,0,1,9,1,3,0,66,3,1,0,0,2,0,0,0,0,,,,0,0,0,0,0,0,0,0,0,0,0,0,0,0.0,0.0,0,1,0,9,4,0,0,0,6,0,3,100.0,0.0,0,0,0,26,23,0,,0,10,,3
1400697,Ali Yasser,ali-yasser,42368,Zamalek SC,6.6,19.8,3,0,0,0,,,0,16,10,26,61.54,8,8,5,1,0,0.0,2,0,0,0,0,0,0.0,3,0,3,3,33.33,5,33.33,8,33.33,122,0.0,0,0,0,0,0,0,0,0,3,0,0,0,0,0,0.0,1,0,0,1,12,0,1,1,37,1,2,0,0,2,3,0,0,0,,,,1,0,0,0,0,1,0,0,0,0,0,0,1,0.0,0.0,1,1,0,16,10,0,0,0,0,1,2,100.0,0.0,0,0,0,11,15,0,,0,3,,3
1214656,Ojo Tolulope,ojo-tolulope,175002,Pyramids FC,6.6,6.6,1,0,0,0,,,0,4,1,5,80.0,2,2,0,0,0,0.0,0,0,0,0,0,0,0.0,2,0,1,0,0.0,0,0.0,0,0.0,33,0.0,0,0,0,0,0,0,0,0,2,0,0,0,0,0,0.0,0,0,0,0,1,0,0,0,7,0,0,0,0,0,0,1,0,0,,,,0,0,0,0,0,0,0,0,0,0,0,0,0,0.0,0.0,0,0,0,0,0,0,0,0,0,0,0,0.0,0.0,0,0,0,2,3,0,,0,0,,4
1425276,Arthur Justice,arthur-justice,371622,Cleopatra FC,6.6,26.4,4,0,0,0,,,0,82,26,108,75.93,33,49,19,0,0,0.0,5,1,0,0,1,0,0.0,2,1,1,8,47.06,7,77.78,15,57.69,182,0.0,0,0,0,0,0,0,0,0,1,1,0,0,0,2,40.0,6,0,0,2,31,0,2,0,133,3,6,0,0,1,0,0,0,0,,,,0,0,0,0,0,1,2,0,0,0,0,0,3,0.0,0.0,0,0,0,11,2,0,0,0,5,3,4,80.0,0.0,1,0,0,42,66,0,,0,11,,5
1094513,Mahmoud Gehad,mahmoud-gehad,241703,Pharco FC,6.6,26.4,4,0,0,0,,,0,67,28,95,70.53,38,29,9,2,3,60.0,11,4,0,0,0,0,0.0,2,0,2,16,48.48,3,60.0,19,50.0,212,0.0,0,0,0,1,0,0,0,0,0,2,0,0,0,5,33.33,1,0,0,2,35,0,11,5,130,2,11,0,0,2,0,0,0,0,,,,1,0,0,0,0,3,0,0,0,0,0,0,2,0.0,0.0,2,5,0,19,2,0,0,0,15,3,6,54.55,0.0,0,0,0,43,52,0,,0,22,,6
1497749,Medhat Fakousa,medhat-fakousa,43566,Haras El Hodoud,6.6,39.6,6,0,0,0,,,0,94,27,121,77.69,41,53,23,0,3,75.0,5,1,1,0,0,0,0.0,3,1,1,11,50.0,1,20.0,12,44.44,236,0.0,0,0,0,0,0,0,0,0,1,2,0,0,0,5,55.56,5,0,0,2,40,1,3,2,160,3,8,0,0,1,0,1,0,0,,,,0,0,0,0,0,4,0,0,0,0,0,0,1,0.0,0.0,0,4,3,15,4,0,0,0,9,4,5,100.0,0.0,0,0,0,45,79,0,,0,17,,6
1426406,Salah Zayed,salah-zayed,43564,ENPPI,6.6,26.4,4,0,0,0,,,0,18,6,24,75.0,4,15,7,1,4,80.0,0,0,0,0,0,1,11.11,0,0,0,6,54.55,4,100.0,10,66.67,65,0.0,0,0,0,0,0,0,0,0,0,0,0,0,0,0,0.0,0,0,0,1,23,1,2,0,53,2,0,0,0,3,0,0,0,0,,,,0,0,0,0,0,1,0,0,0,0,0,0,0,0.0,0.0,1,5,9,5,0,0,0,0,1,1,0,0.0,0.0,0,0,0,5,28,0,,0,1,,7
785871,Eric Traoré,eric-traore,43564,ENPPI,6.6,79.2,12,0,0,0,,,0,143,58,201,71.14,58,85,37,5,3,60.0,8,2,0,0,0,0,0.0,3,0,0,12,46.15,13,43.33,25,44.64,639,0.0,0,0,0,0,0,0,0,0,3,0,0,0,0,2,33.33,5,0,0,4,84,3,3,1,269,1,5,0,0,3,5,3,0,0,,,,0,0,0,0,0,8,1,0,0,0,0,0,6,0.0,0.0,5,5,3,31,17,0,0,0,6,9,6,75.0,0.0,0,0,0,66,138,0,,0,31,,12
1169229,Ali Hamdy,ali-hamdy,43561,Tala'ea El-Gaish,6.6,99.0,15,0,0,0,,,0,293,135,428,68.46,140,156,67,8,4,50.0,14,10,4,0,0,3,27.27,12,2,8,27,38.03,7,46.67,34,39.53,903,0.0,0,0,0,0,0,0,0,0,1,11,0,0,0,47,46.08,7,0,0,7,167,0,90,44,551,10,14,0,0,19,1,2,0,0,,,,1,0,0,0,0,6,1,0,0,0,0,0,10,0.0,0.0,8,8,11,52,8,0,0,0,102,7,10,71.43,0.0,0,0,0,168,271,0,,0,70,,19
918853,Assem Salah,assem-salah,266626,National Bank of Egypt,6.6,46.2,7,0,0,0,1,,1,203,68,271,74.91,108,100,57,3,1,20.0,12,14,2,0,0,5,25.0,2,0,1,17,41.46,9,60.0,26,46.43,516,0.0,0,0,1,0,2,0,0,0,0,2,0,0,0,24,46.15,7,0,1,5,119,6,51,24,434,4,10,0,0,5,0,1,0,0,,,,0,0,0,0,0,11,1,0,0,0,0,0,7,0.0,0.0,3,5,20,30,6,0,0,0,52,12,6,50.0,0.0,0,0,0,126,165,0,,0,38,,7
918499,Ahmed Gamal,ahmed-gamal,43563,Smouha,6.6,145.1,22,0,0,1,,,0,368,149,517,71.18,157,213,101,8,8,72.73,35,30,5,0,0,2,7.41,8,3,3,63,49.61,24,68.57,87,53.7,1415,0.0,0,0,0,0,0,0,0,0,6,2,0,0,0,32,35.16,34,0,0,10,246,4,55,19,888,22,38,1,0,15,3,2,0,0,,,,1,0,0,0,0,29,1,0,0,0,0,0,15,0.0,0.0,8,11,27,75,11,0,0,0,91,30,30,85.71,0.0,0,0,0,211,333,0,,0,115,,24
918459,Momen Atef,momen-atef,58317,El Dakhlya,6.59,112.1,17,1,0,1,,,1,316,113,429,73.66,174,145,60,3,3,30.0,19,18,4,0,0,3,16.67,9,3,6,31,50.0,9,37.5,40,46.51,1169,11.11,0,0,0,1,0,0,1,0,6,3,0,0,1,23,38.98,15,0,0,12,181,5,37,17,650,9,7,0,0,7,1,0,0,0,,,,3,0,0,0,0,17,2,0,0,0,0,0,13,0.0,0.0,3,10,18,46,15,0,0,0,59,19,11,57.89,1169.0,0,0,0,212,235,1,,0,86,,19
1011270,Abdel Rahman Emad,abdel-rahman-emad,43564,ENPPI,6.59,112.1,17,0,0,1,1,,1,123,39,162,75.93,35,90,59,5,15,48.39,18,3,3,0,0,2,33.33,9,3,2,46,51.69,3,50.0,49,51.58,459,0.0,0,0,1,0,0,0,0,0,3,6,0,0,0,6,42.86,4,0,0,13,99,5,11,5,302,13,12,0,0,4,2,4,0,0,,,,0,0,0,0,0,5,0,0,0,0,0,0,2,0.0,0.0,5,31,6,46,3,0,0,0,14,5,13,72.22,0.0,0,0,0,39,129,0,,0,31,,20
967093,Mahmoud Emad,mahmoud-emad,241703,Pharco FC,6.59,92.3,14,0,2,0,,,0,224,53,277,80.87,116,109,33,5,4,66.67,17,8,0,0,0,1,25.0,9,3,4,33,48.53,7,46.67,40,48.19,638,0.0,0,0,0,0,0,0,0,0,4,5,0,0,0,5,26.32,5,0,0,12,80,1,20,9,379,12,11,0,0,11,0,2,0,0,,,,0,0,0,0,0,10,2,0,0,0,0,0,6,0.0,0.0,5,6,4,43,8,0,0,0,19,12,12,70.59,0.0,0,0,0,127,154,0,,0,58,,17
1169214,Mohamed Saeed,mohamed-saeed,43563,Smouha,6.59,164.8,25,0,1,1,,,0,205,123,328,62.5,82,136,72,14,11,45.83,24,12,2,0,0,13,39.39,18,8,6,46,40.71,25,34.72,71,38.38,1455,0.0,0,0,1,0,0,0,0,0,13,5,0,0,0,14,30.43,18,0,0,18,237,14,24,8,632,12,27,0,0,15,8,4,0,0,,,,2,0,0,0,0,21,1,0,0,0,0,0,17,0.0,0.0,14,24,33,114,47,0,0,0,46,22,14,58.33,0.0,0,0,0,122,239,0,,0,86,,27
967010,Halimo,halimo,43563,Smouha,6.59,184.5,28,1,0,0,,,1,553,216,769,71.91,211,342,143,12,7,46.67,33,31,3,0,0,0,0.0,14,2,9,65,45.45,34,59.65,99,49.5,1873,7.14,0,0,0,0,1,0,1,0,3,11,0,1,0,50,42.37,19,1,0,15,267,9,101,46,1003,25,27,1,0,30,0,3,0,0,,,,3,0,0,0,0,28,1,0,0,0,0,0,23,0.0,0.0,12,15,5,101,23,0,0,0,118,29,24,72.73,1873.0,0,0,0,271,503,0,,0,157,,28
51618,Paulin Voavy,paulin-voavy,58319,Ghazl El Mahalla FC,6.59,59.3,9,1,1,1,1,,2,110,34,144,76.39,35,77,43,4,8,47.06,7,2,1,0,0,2,28.57,4,1,1,25,47.17,0,0.0,25,44.64,443,25.0,0,0,0,0,0,0,1,0,2,2,0,1,0,4,66.67,1,0,0,16,84,2,6,3,244,10,4,0,0,0,2,2,0,0,,,,0,0,0,0,0,5,0,0,0,0,0,0,7,0.0,0.0,4,17,7,31,3,0,0,0,6,5,3,42.86,443.0,0,0,0,40,111,0,,0,23,,10
967012,Ahmed El Saadani,ahmed-el-saadani,43566,Haras El Hodoud,6.59,59.3,9,0,0,0,,,0,108,114,222,48.65,76,32,7,0,0,0.0,0,0,1,0,0,0,0.0,0,0,0,6,100.0,1,100.0,7,100.0,765,0.0,0,0,0,0,0,0,0,0,0,0,0,0,0,50,30.67,7,0,0,0,121,0,51,19,303,6,0,0,1,0,0,0,0,22,,,,2,1,0,15,7,12,1,3,2,2,4,0,9,0.0,0.0,0,0,0,0,0,0,0,0,163,13,0,0.0,0.0,0,0,1,101,121,0,,70,89,,9
1504964,Cristo,mohamed-dhaoui,6910,Al Ahly FC,6.59,59.3,9,0,1,0,1,,1,109,17,126,86.51,30,82,42,6,4,25.0,6,1,1,0,0,3,21.43,7,1,5,20,40.0,1,20.0,21,38.18,297,0.0,0,0,0,0,1,0,0,0,2,5,0,0,0,8,80.0,0,0,0,5,54,0,9,7,200,10,7,0,0,6,2,1,0,0,,,,1,0,0,0,0,2,0,0,0,0,0,0,4,0.0,0.0,6,16,14,34,4,0,0,0,10,2,4,66.67,0.0,0,0,0,30,110,0,,0,16,,9
895498,Razak Cissé,cisse-razak,266626,National Bank of Egypt,6.59,92.2,14,2,2,1,1,,3,182,65,247,73.68,58,125,73,7,13,39.39,11,2,0,0,0,1,7.14,16,6,6,30,30.93,3,12.5,33,27.27,846,12.5,0,0,0,0,0,0,2,0,15,1,0,1,1,10,66.67,1,0,0,27,163,11,12,8,431,6,17,0,0,4,1,4,0,0,,,,2,0,0,0,0,11,5,0,0,0,0,0,10,0.0,0.0,7,33,14,88,21,0,0,0,15,16,6,54.55,423.0,0,0,0,67,194,1,,0,61,,16
1155557,Eric Serge,eric-serge,58317,El Dakhlya,6.59,46.1,7,0,0,1,,,0,143,35,178,80.34,57,87,33,5,4,57.14,5,2,1,0,0,1,14.29,6,1,3,13,43.33,7,58.33,20,47.62,422,0.0,0,0,0,0,1,0,0,0,3,3,0,0,0,4,36.36,2,0,0,6,58,0,11,5,233,4,6,0,0,2,0,2,0,0,,,,0,0,0,0,0,4,0,0,0,0,0,0,6,0.0,0.0,5,7,7,22,5,0,0,0,11,4,4,80.0,0.0,0,0,0,62,123,0,,0,21,,8
1096558,Zeyad Tarek,zeyad-tarek,43563,Smouha,6.58,39.5,6,0,1,1,,,0,45,18,63,71.43,12,36,16,4,3,60.0,2,1,2,0,0,3,33.33,4,2,1,6,40.0,2,66.67,8,44.44,148,0.0,0,0,0,0,1,0,0,0,0,4,0,0,0,2,40.0,1,0,0,3,32,1,1,1,95,1,1,0,0,3,0,1,0,0,,,,0,0,0,0,0,1,0,0,0,0,0,0,1,0.0,0.0,4,5,9,10,1,0,0,0,5,1,0,0.0,0.0,0,0,0,13,59,0,,0,6,,8
1169837,Abdelrahman Atef,abdelrahman-atef,58319,Ghazl El Mahalla FC,6.58,144.8,22,2,0,3,,,2,139,51,190,73.16,52,88,50,3,1,11.11,4,3,2,0,0,1,25.0,21,9,9,23,28.75,12,29.27,35,28.93,946,9.52,0,0,0,0,0,0,1,1,17,4,0,2,0,9,75.0,3,0,0,22,117,9,10,5,323,18,30,1,0,2,6,3,0,0,,,,0,0,0,0,0,17,1,0,0,0,0,0,8,0.0,0.0,3,9,4,86,29,0,0,0,12,18,1,25.0,473.0,0,0,0,62,132,0,,0,30,,27
1397236,Abdallah Magdy,abdallah-magdy,175002,Pyramids FC,6.58,72.4,11,1,1,1,,,1,178,35,213,83.57,91,90,35,5,1,25.0,9,7,2,0,1,3,21.43,1,0,1,13,61.9,5,55.56,18,60.0,507,100.0,0,0,0,0,0,0,0,0,1,0,0,0,0,6,60.0,6,0,0,1,66,1,3,1,302,3,4,0,0,1,0,0,0,0,,,,0,0,0,0,0,6,0,0,0,0,0,0,4,0.0,0.0,5,4,14,12,4,0,0,0,10,6,7,77.78,507.0,1,0,0,104,123,0,,0,23,,16
1423688,Franck Mbella Etouga,franck-mbella-etouga,43560,Al-Masry,6.58,65.8,10,2,0,4,,,2,116,40,156,74.36,45,72,33,5,5,62.5,7,2,1,0,0,1,33.33,18,8,8,16,32.65,7,33.33,23,32.86,576,11.11,0,0,0,0,0,0,2,0,16,2,0,0,2,3,37.5,2,0,0,19,81,1,9,4,248,4,6,3,0,5,3,2,0,0,,,,0,0,0,0,0,10,1,0,0,0,0,0,8,0.0,0.0,5,8,3,47,14,0,0,0,8,11,3,42.86,288.0,0,0,0,53,106,0,,0,13,,10
1008612,Firas Ifia,firas-ifia,266626,National Bank of Egypt,6.58,32.9,5,0,0,0,,,0,47,12,59,79.66,7,41,22,1,1,16.67,2,0,2,0,0,1,12.5,2,0,2,6,37.5,1,50.0,7,38.89,127,0.0,0,0,0,0,1,0,0,0,0,2,0,0,0,3,37.5,1,0,0,2,27,1,7,3,92,3,2,0,0,1,0,0,0,0,,,,0,0,0,0,0,2,1,0,0,0,0,0,0,0.0,0.0,1,6,8,11,1,0,0,0,8,3,1,50.0,0.0,0,0,0,9,58,0,,0,9,,7
918642,Wagih Abdel Hakim,wagih-abdel-hakim,43566,Haras El Hodoud,6.58,164.5,25,0,1,0,,,0,197,114,311,63.34,64,134,69,10,7,41.18,9,5,1,0,0,1,11.11,10,3,5,27,48.21,21,26.92,48,35.82,1220,0.0,0,0,0,0,0,0,0,0,8,2,0,0,0,9,31.03,4,0,0,6,173,8,18,7,459,12,10,0,0,4,3,2,0,0,,,,2,0,0,0,0,13,3,0,0,0,0,0,14,0.0,0.0,10,17,9,86,57,0,0,0,29,16,5,55.56,0.0,0,0,0,90,230,0,,0,60,,27
1418768,Barakat Haggag,barakat-haggag,43563,Smouha,6.58,85.5,13,2,0,0,,,2,245,120,365,67.12,153,92,36,2,0,0.0,16,24,0,1,1,0,0.0,3,3,0,22,59.46,30,50.85,52,54.17,925,66.67,0,0,0,1,0,0,2,0,3,0,1,0,1,55,42.31,58,0,0,1,130,0,88,40,509,6,7,0,0,8,0,0,0,0,,,,3,0,0,0,0,15,2,0,0,0,0,0,11,0.0,0.0,2,0,0,44,29,0,0,0,130,17,11,68.75,462.5,0,0,0,193,172,2,,0,57,,14
1049029,Youssef Hassan,youssef-hassan,42368,Zamalek SC,6.58,26.3,4,0,0,0,,,0,22,11,33,66.67,8,14,9,1,0,0.0,1,0,0,0,0,0,0.0,1,0,0,1,33.33,1,16.67,2,22.22,200,0.0,0,0,0,0,0,0,0,0,1,0,0,0,0,2,100.0,1,0,0,1,16,1,1,1,44,0,0,0,0,1,0,1,0,0,,,,0,0,0,0,0,0,0,0,0,0,0,0,3,0.0,0.0,1,0,0,7,5,0,0,0,2,0,1,100.0,0.0,0,0,0,9,24,0,,0,3,,4
139231,Abdallah Yaisien,abdallah-yaisien,265830,Modern Sport FC,6.58,26.3,4,0,0,0,,,0,62,16,78,79.49,21,41,17,0,1,50.0,6,0,1,0,0,0,0.0,1,0,1,8,57.14,0,0.0,8,47.06,94,0.0,0,0,0,0,0,0,0,0,0,1,0,0,0,3,50.0,0,0,0,4,22,1,8,5,98,1,1,0,0,0,0,0,0,0,,,,0,0,0,0,0,0,0,0,0,0,0,0,0,0.0,0.0,0,2,0,9,3,0,0,0,6,0,4,66.67,0.0,0,0,0,23,55,0,,0,13,,5
918574,Ahmed Ayman,ahmed-ayman,43566,Haras El Hodoud,6.57,46.0,7,0,0,0,,,0,147,61,208,70.67,73,79,38,2,2,28.57,11,6,1,0,0,5,35.71,0,0,0,16,48.48,6,54.55,22,50.0,466,0.0,0,0,0,0,0,0,0,0,0,0,0,0,0,8,44.44,7,0,0,4,98,1,18,10,339,3,6,0,0,2,1,0,0,0,,,,0,0,0,0,0,7,1,0,0,0,0,0,6,0.0,0.0,2,7,14,22,5,0,0,0,18,8,7,63.64,0.0,0,0,0,95,127,0,,0,24,,13
942095,Mostafa El-Badry,mostafa-el-badry,265830,Modern Sport FC,6.57,92.0,14,0,2,4,,,0,169,49,218,77.52,70,104,52,9,7,33.33,12,7,1,0,0,5,26.32,13,1,8,44,49.44,2,25.0,46,47.42,733,0.0,0,0,0,0,0,0,0,0,8,5,0,0,0,7,46.67,3,0,0,15,108,3,5,3,380,25,9,2,0,8,5,4,0,0,,,,1,0,0,0,0,4,2,0,0,0,0,0,8,0.0,0.0,9,21,19,51,6,0,0,0,15,6,10,83.33,0.0,0,0,0,80,157,0,,0,37,,17
918749,Islam Ateia,islam-ateia,43560,Al-Masry,6.57,105.1,16,2,1,1,1,,3,189,55,244,77.46,68,122,54,5,8,47.06,14,3,2,0,0,1,20.0,12,3,6,35,38.89,15,41.67,50,39.68,810,16.67,0,0,0,0,1,0,2,0,10,2,1,0,1,11,45.83,6,0,0,18,108,5,15,7,375,13,29,0,0,4,3,3,0,0,,,,1,0,0,0,0,7,0,0,0,0,0,0,10,0.0,0.0,5,17,5,76,21,0,0,0,24,7,11,78.57,405.0,0,0,0,86,163,0,,0,44,,16
1023309,Arabi Badr,arabi-badr,43561,Tala'ea El-Gaish,6.57,39.4,6,1,0,0,,,1,70,21,91,76.92,32,38,15,1,3,100.0,2,4,2,0,0,0,0.0,3,1,1,10,43.48,7,70.0,17,51.52,264,33.33,0,0,0,0,1,0,0,0,1,2,0,0,0,6,42.86,3,0,0,1,29,1,12,5,127,5,10,0,0,3,1,1,0,0,,,,1,0,0,0,0,5,0,0,0,0,0,0,3,0.0,0.0,1,3,2,16,3,0,0,0,14,5,2,100.0,264.0,0,0,0,39,54,0,,0,12,,10
918602,Mohamed Sadek,mohamed-sadek,175002,Pyramids FC,6.57,39.4,6,0,1,0,,,0,158,33,191,82.72,51,107,58,3,4,36.36,15,5,4,0,0,0,0.0,3,1,1,25,38.46,3,33.33,28,37.84,423,0.0,0,0,0,0,0,0,0,0,3,0,0,0,0,7,63.64,1,0,0,12,67,4,10,8,280,6,16,1,0,6,0,1,0,0,,,,0,0,0,0,0,5,0,0,0,0,0,0,5,0.0,0.0,3,11,0,46,6,0,0,0,11,5,11,73.33,0.0,0,0,0,57,134,0,,0,32,,11
880076,Aymen Sfaxi,aymen-sfaxi,265830,Modern Sport FC,6.56,111.6,17,0,1,1,,,0,192,44,236,81.36,74,120,59,4,4,33.33,8,3,2,0,1,2,11.11,7,2,4,17,40.48,6,31.58,23,37.7,609,0.0,0,0,0,0,0,0,0,0,5,2,0,0,0,7,50.0,5,0,0,7,93,5,13,6,340,5,14,1,0,1,3,1,0,0,,,,0,0,0,0,0,4,0,0,0,0,0,0,5,0.0,0.0,4,12,18,38,13,0,0,0,14,4,4,50.0,0.0,1,0,0,83,171,0,,0,41,,17
1095803,Mahmoud Alaa El Katamy,mahmoud-alaa-el-katamy,58319,Ghazl El Mahalla FC,6.56,52.5,8,0,0,0,,,0,140,54,194,72.16,62,82,29,1,4,40.0,10,6,1,0,0,4,66.67,2,0,0,17,54.84,6,50.0,23,53.49,459,0.0,0,0,0,0,0,0,0,0,0,2,0,0,0,8,29.63,11,0,0,1,74,1,8,0,286,3,4,0,0,3,3,2,0,0,,,,0,0,0,0,0,7,1,0,0,0,0,0,7,0.0,0.0,1,10,6,20,6,0,0,0,27,8,9,90.0,0.0,0,0,0,91,109,0,,0,23,,8
1180809,Abubakar Liday,abubakar-liday,43563,Smouha,6.56,85.3,13,0,0,0,,,0,67,38,105,63.81,22,46,26,2,8,57.14,9,2,1,0,0,1,10.0,8,2,4,37,54.41,0,0.0,37,50.68,356,0.0,0,0,0,0,0,0,0,0,3,5,0,0,0,5,71.43,0,0,0,12,83,2,4,3,213,20,12,0,0,2,1,2,0,0,,,,0,0,0,0,0,5,0,0,0,0,0,0,3,0.0,0.0,2,14,10,36,5,0,0,0,7,5,7,77.78,0.0,0,0,0,30,85,0,,0,33,,13
918706,Karim Mostafa,karim-mostafa,58319,Ghazl El Mahalla FC,6.56,118.1,18,0,0,0,1,,1,230,92,322,71.43,84,148,89,9,8,42.11,8,4,1,0,0,2,11.76,15,2,8,27,38.03,10,41.67,37,38.95,945,0.0,0,0,0,0,0,0,0,0,10,5,0,0,0,10,47.62,6,0,0,19,172,4,25,9,500,11,9,0,0,8,9,5,0,0,,,,0,0,0,0,0,11,2,0,0,0,0,0,12,0.0,0.0,9,19,17,58,14,0,0,0,21,13,8,100.0,0.0,0,0,0,104,235,0,,0,53,,22
966969,Ahmed Shousha,ahmed-shousha,43563,Smouha,6.56,111.5,17,0,0,0,,,0,375,177,552,67.93,210,166,66,3,1,25.0,12,19,3,0,0,1,33.33,7,1,6,21,51.22,27,54.0,48,52.75,1336,0.0,0,0,0,0,0,0,0,0,6,1,0,0,0,73,41.24,44,1,0,3,194,0,133,52,688,8,13,0,0,2,0,0,0,0,,,,3,0,0,0,0,26,0,0,0,0,0,0,15,0.0,0.0,3,4,3,43,23,0,0,0,177,26,9,75.0,0.0,0,0,0,252,303,0,,0,94,,17
1425274,Mahmoud Zalaka,mahmoud-zalaka,371622,Cleopatra FC,6.56,78.7,12,0,1,1,1,,1,75,25,100,75.0,17,60,40,4,15,60.0,8,1,0,0,0,2,25.0,11,2,5,30,43.48,3,25.0,33,40.74,290,0.0,0,0,0,0,0,0,0,0,11,0,0,0,0,2,50.0,0,0,0,12,80,2,6,2,219,7,12,0,0,8,2,4,0,0,,,,0,0,0,0,0,3,0,0,0,0,0,0,3,0.0,0.0,4,25,8,48,9,0,0,0,4,3,7,87.5,0.0,0,0,0,23,85,0,,0,20,,19
967134,Mohamed Nadi,mohamed-nadi,43563,Smouha,6.55,98.3,15,0,0,0,1,,1,154,76,230,66.96,44,113,59,9,7,33.33,12,9,3,0,0,3,21.43,8,3,2,22,31.88,28,54.9,50,41.67,746,0.0,0,0,0,0,0,0,0,0,7,1,0,0,0,8,44.44,7,0,0,18,166,8,12,7,423,4,11,0,0,4,2,3,0,0,,,,1,0,0,0,0,5,0,0,0,0,0,0,6,0.0,0.0,9,21,14,70,23,0,0,0,18,5,9,75.0,0.0,0,0,0,61,183,0,,0,54,,17
1493930,Omar Saoudi,omar-saoudi,209028,Aswan SC,6.55,13.1,2,0,0,0,,,0,3,0,3,100.0,1,2,2,0,0,0.0,0,0,0,0,0,0,0.0,2,0,2,0,0.0,0,0.0,0,0.0,38,0.0,0,0,0,0,0,0,0,0,2,0,0,0,0,0,0.0,0,0,0,0,0,0,0,0,6,0,0,0,0,1,0,0,0,0,,,,0,0,0,0,0,0,0,0,0,0,0,0,0,0.0,0.0,0,0,0,2,1,0,0,0,0,0,0,0.0,0.0,0,0,0,1,2,0,,0,0,,3
1135886,Fares Hatem,fares-hatem,43561,Tala'ea El-Gaish,6.55,13.1,2,0,0,0,,,0,7,7,14,50.0,5,2,1,0,1,100.0,0,0,0,0,0,0,0.0,2,0,1,2,66.67,1,33.33,3,50.0,29,0.0,0,0,0,0,0,0,0,0,1,1,0,0,0,0,0.0,0,0,0,0,10,0,0,0,21,1,1,0,0,1,0,1,0,0,,,,0,0,0,0,0,0,0,0,0,0,0,0,0,0.0,0.0,0,1,0,3,2,0,0,0,2,0,0,0.0,0.0,0,0,0,6,8,0,,0,5,,4
1459784,Momen Mohamed Abd Rabo,momen-mohamed-abd-rabo,43563,Smouha,6.55,26.2,4,0,0,0,,,0,53,23,76,69.74,30,23,9,1,0,0.0,0,4,1,0,0,0,0.0,0,0,0,1,33.33,9,81.82,10,71.43,250,0.0,0,0,0,0,0,0,0,0,0,0,0,0,0,11,45.83,10,0,0,2,28,0,12,6,97,1,0,0,0,0,0,0,0,0,,,,1,0,0,0,0,4,1,0,0,0,0,0,3,0.0,0.0,1,0,0,4,2,0,0,0,24,5,0,0.0,0.0,0,0,0,37,39,0,,0,7,,4
1480544,Tarek Alaa,tariq-alaa,43563,Smouha,6.55,39.3,6,0,0,0,,,0,84,33,117,71.79,38,47,24,1,3,50.0,9,5,1,0,0,1,33.33,0,0,0,13,43.33,1,20.0,14,40.0,363,0.0,0,0,0,0,0,0,0,0,0,0,0,0,0,6,25.0,8,0,0,0,51,1,8,4,198,1,12,0,0,3,0,0,0,0,,,,1,0,0,0,0,3,0,0,0,0,0,0,4,0.0,0.0,1,6,3,21,4,0,0,0,24,3,7,77.78,0.0,0,0,0,50,70,0,,0,35,,7
891858,Ahmed Dawooda,ahmed-dawooda,43566,Haras El Hodoud,6.55,52.4,8,0,1,0,1,,1,95,14,109,87.16,38,57,31,2,1,20.0,3,0,1,0,0,0,0.0,2,1,1,13,41.94,0,0.0,13,34.21,208,0.0,0,0,0,0,0,0,0,0,2,0,0,0,0,5,100.0,1,0,0,9,32,0,4,2,151,9,5,0,0,1,0,0,0,0,,,,0,0,0,0,0,1,1,0,0,0,0,0,1,0.0,0.0,2,5,1,25,7,0,0,0,5,2,2,66.67,0.0,0,0,0,43,67,0,,0,20,,13
560166,Ahmed Hamoudi,ahmed-hamoudi,209028,Aswan SC,6.55,72.0,11,0,0,0,,,0,99,38,137,72.26,32,68,41,4,4,30.77,5,2,1,0,0,1,7.69,6,0,5,17,48.57,0,0.0,17,47.22,316,0.0,0,0,0,0,0,0,0,0,1,5,0,0,0,6,33.33,2,0,0,6,84,3,20,5,226,8,0,0,0,3,0,1,0,0,,,,0,0,0,0,0,3,0,0,0,0,0,0,0,0.0,0.0,4,13,13,19,1,0,0,0,18,3,3,60.0,0.0,0,0,0,34,116,0,,0,16,,14
333449,Mahmoud Wahid,mahmoud-wahid,43561,Tala'ea El-Gaish,6.54,32.7,5,0,0,0,,,0,78,30,108,72.22,38,42,19,3,1,25.0,6,2,0,0,0,2,18.18,1,0,0,9,56.25,4,100.0,13,65.0,209,0.0,0,0,0,0,0,0,0,0,0,1,0,0,0,3,20.0,2,0,0,1,47,0,14,2,165,2,2,0,0,2,1,1,0,0,,,,1,0,0,0,0,5,0,0,0,0,0,0,2,0.0,0.0,3,4,11,7,0,0,0,0,15,5,3,50.0,0.0,0,0,0,47,72,0,,0,15,,5
1463127,Valentine Odoh,valentine-odoh,43566,Haras El Hodoud,6.54,98.1,15,0,0,1,,,0,153,54,207,73.91,44,110,72,3,8,44.44,15,5,5,0,0,1,100.0,17,2,10,37,42.53,27,28.42,64,35.16,1028,0.0,0,0,0,0,0,0,0,0,10,7,0,0,0,8,88.89,2,0,0,11,108,3,5,4,350,14,30,1,0,1,13,5,0,0,,,,0,0,0,0,0,14,0,0,0,0,0,0,13,0.0,0.0,3,18,1,118,68,0,0,0,9,14,10,66.67,0.0,0,0,0,48,160,0,,0,24,,16
1048456,Abdelghani Mohamed,abdelghani-mohamed,35187,Al-Ittihad Alexandria,6.54,117.7,18,0,1,1,,,0,176,55,231,76.19,61,119,68,12,13,48.15,8,6,3,0,0,4,21.05,7,3,3,34,42.5,9,39.13,43,41.75,624,0.0,0,0,0,0,0,0,0,0,5,2,0,0,0,7,63.64,1,0,0,12,116,6,10,8,374,13,17,0,0,5,5,1,0,0,,,,0,0,0,0,0,5,0,0,0,0,0,0,6,0.0,0.0,12,27,19,60,14,0,0,0,11,5,6,75.0,0.0,0,0,0,75,175,0,,0,36,,21
1471579,Charles Ekpenyong,charles-ekpenyong,58319,Ghazl El Mahalla FC,6.54,71.9,11,2,0,1,,,2,66,40,106,62.26,17,50,31,3,6,31.58,4,3,3,0,0,1,20.0,10,3,6,17,29.82,9,50.0,26,34.67,553,20.0,0,0,0,0,0,0,2,0,9,1,0,0,2,3,42.86,1,0,0,9,88,6,3,0,200,7,14,0,0,4,0,1,0,0,,,,0,0,0,0,0,3,4,0,0,0,0,0,7,0.0,0.0,3,19,5,49,9,0,0,0,7,7,4,100.0,276.5,0,0,0,22,89,0,,0,17,,13
936351,Karim Yehia,karim-yehia,58317,El Dakhlya,6.53,84.9,13,0,1,0,,,0,178,115,293,60.75,83,101,40,3,3,50.0,10,17,4,0,0,6,37.5,5,0,3,18,43.9,12,48.0,30,45.45,1030,0.0,0,0,0,0,0,0,0,0,1,4,0,0,0,18,24.66,27,0,0,3,164,2,72,27,489,5,16,0,0,4,0,2,0,0,,,,0,0,0,0,0,14,1,0,0,0,0,0,14,0.0,0.0,3,6,16,36,13,0,0,0,73,15,7,70.0,0.0,0,0,0,126,183,0,,0,60,,14
845519,Islam Gamal,islam-gamal,209028,Aswan SC,6.53,45.7,7,0,0,0,,,0,114,49,163,69.94,76,38,14,2,0,0.0,4,1,1,2,2,0,0.0,2,0,2,5,50.0,6,40.0,11,44.0,402,0.0,0,0,0,0,0,0,0,0,2,0,0,0,0,9,26.47,22,0,0,0,52,0,28,11,205,1,5,0,0,0,0,0,0,0,,,,0,0,0,0,0,5,0,0,0,0,0,0,4,0.0,0.0,2,0,1,14,9,0,0,0,34,5,2,50.0,0.0,0,0,0,98,66,0,,0,28,,8
1387037,Momen Rady,momen-rady,43564,ENPPI,6.53,45.7,7,0,0,0,,,0,116,27,143,81.12,50,66,24,0,0,0.0,9,8,2,0,0,0,0.0,3,1,1,13,34.21,4,28.57,17,32.69,383,0.0,0,0,0,0,0,0,0,0,3,0,0,0,0,8,61.54,4,0,1,5,44,2,13,9,204,4,18,0,0,2,0,1,0,0,,,,0,0,0,0,0,5,0,0,0,0,0,0,3,0.0,0.0,0,1,1,35,10,0,0,0,13,5,5,55.56,0.0,0,0,0,58,86,0,,0,31,,8
1013779,Ahmed Adel,ahmed-adel,35187,Al-Ittihad Alexandria,6.53,169.7,26,1,3,2,3,,4,454,145,599,75.79,129,332,186,24,24,33.8,21,7,1,0,0,7,13.46,22,7,5,71,38.38,9,42.86,80,38.83,1612,4.55,1,0,1,0,0,0,1,0,10,12,0,1,0,24,52.17,5,0,0,42,350,12,44,20,959,26,14,0,0,12,0,10,0,0,,,,0,0,0,0,0,21,1,0,0,0,0,0,19,0.0,0.0,24,71,52,126,12,1,0,0,46,22,12,57.14,1612.0,0,0,0,157,494,1,,0,81,,26
935680,Youssef El Gohary,youssef-el-gohary,42365,Arab Contractors FC,6.52,58.7,9,0,0,0,,,0,163,76,239,68.2,67,98,56,2,6,37.5,13,11,0,0,0,2,11.76,0,0,0,24,40.0,7,50.0,31,41.89,493,0.0,0,0,0,0,0,0,0,0,0,0,0,0,0,10,41.67,9,0,0,11,141,2,25,12,422,5,7,0,0,9,0,0,0,0,,,,1,0,0,0,0,5,0,0,0,0,0,0,5,0.0,0.0,2,16,17,43,7,0,0,0,24,5,11,84.62,0.0,0,0,0,90,166,0,,0,45,,11
829559,Hadji Barry,hadji-barry,265830,Modern Sport FC,6.52,91.3,14,1,1,3,1,,2,200,39,239,83.68,74,128,65,10,4,22.22,2,6,0,0,0,2,40.0,12,3,8,12,29.27,1,7.69,13,24.07,790,8.33,2,0,0,0,2,0,1,0,9,3,0,0,1,6,66.67,7,1,0,10,90,4,8,4,352,6,4,0,0,2,4,1,0,0,,,,2,0,0,0,0,4,1,0,0,0,0,0,8,0.0,0.0,10,18,5,41,12,1,0,1,9,5,1,50.0,790.0,0,0,0,80,164,0,,0,36,,15
918520,Mohamed Antar,mohamed-antar,371622,Cleopatra FC,6.52,123.9,19,0,1,5,1,,1,339,105,444,76.35,86,263,152,21,32,47.06,22,3,1,1,1,10,27.78,13,5,6,78,45.61,9,64.29,87,47.03,1090,0.0,0,0,0,0,0,0,0,0,10,3,0,0,0,20,54.05,7,0,0,32,244,13,39,14,759,24,13,1,0,13,3,2,0,0,,,,1,0,0,0,0,13,0,0,0,0,0,0,13,0.0,0.0,21,68,36,98,5,0,0,0,37,13,9,40.91,0.0,0,0,0,99,381,0,,0,86,,21
1418759,Abdullahi Ojifinni,abdullahi-ojifinni,58317,El Dakhlya,6.52,32.6,5,0,0,0,,,0,48,23,71,67.61,18,30,18,0,3,50.0,5,3,1,0,0,0,0.0,3,0,1,11,35.48,5,31.25,16,34.04,255,0.0,0,0,0,0,0,0,0,0,2,1,0,0,0,1,16.67,1,0,0,6,54,0,3,1,129,3,11,0,0,1,3,2,0,0,,,,0,0,0,0,0,3,1,0,0,0,0,0,4,0.0,0.0,0,6,6,31,11,0,0,0,6,4,5,100.0,0.0,0,0,0,23,54,0,,0,14,,5
1457979,Ahmed Shadad,ahmed-shadad,43560,Al-Masry,6.52,32.6,5,0,0,0,,,0,58,16,74,78.38,28,32,9,1,1,25.0,11,2,2,0,0,2,66.67,1,0,1,16,45.71,1,100.0,17,47.22,231,0.0,0,0,0,0,0,0,0,0,0,1,0,0,0,4,50.0,2,0,0,7,31,0,12,7,123,4,11,0,0,1,0,0,0,0,,,,1,0,0,0,0,3,0,0,0,0,0,0,3,0.0,0.0,1,4,3,19,0,0,0,0,8,3,9,81.82,0.0,0,0,0,33,44,0,,0,19,,8
1165120,Mohamed Nosseir,mohamed-nosseir,58317,El Dakhlya,6.52,65.2,10,0,1,0,,,0,102,41,143,71.33,63,39,19,2,0,0.0,7,3,0,0,0,0,0.0,3,0,1,8,47.06,6,46.15,14,46.67,375,0.0,0,0,0,0,0,0,0,0,3,0,0,0,0,10,47.62,1,0,0,2,47,1,19,6,174,1,7,0,0,1,0,2,0,0,,,,0,0,0,0,0,12,0,0,0,0,0,0,5,0.0,0.0,2,0,0,16,7,0,0,0,21,12,6,85.71,0.0,0,0,0,73,70,0,,0,20,,12
1427977,Ahmed Eid,ahmed-eid,35187,Al-Ittihad Alexandria,6.52,136.9,21,2,0,1,,,2,157,50,207,75.85,57,102,62,6,6,24.0,22,2,0,0,0,2,10.0,13,5,5,43,40.95,13,37.14,56,40.0,841,15.38,0,0,0,0,0,0,2,0,8,5,0,0,2,7,46.67,3,0,0,20,141,10,7,4,390,15,19,1,0,5,3,3,0,0,,,,0,0,0,0,0,12,0,0,0,0,0,0,8,0.0,0.0,6,25,20,84,22,0,0,0,15,12,13,59.09,420.5,0,0,0,66,161,0,,0,51,,22
1423634,Ziad Tolba,ziad-tolba,241703,Pharco FC,6.52,39.1,6,0,0,0,,,0,15,9,24,62.5,6,9,5,0,1,25.0,0,1,0,0,0,0,0.0,3,0,2,5,45.45,5,38.46,10,41.67,249,0.0,0,0,0,0,0,0,0,0,2,1,0,0,0,0,0.0,1,0,0,1,20,0,1,0,48,4,3,0,0,0,0,1,0,0,,,,0,0,0,0,0,0,0,0,0,0,0,0,2,0.0,0.0,0,4,0,14,8,0,0,0,3,0,0,0.0,0.0,0,0,0,7,17,0,,0,3,,7
1386072,Marwan Osman,marwan-osman,43561,Tala'ea El-Gaish,6.52,39.1,6,0,0,1,,,0,36,12,48,75.0,6,30,22,2,1,33.33,2,0,0,0,0,0,0.0,2,0,2,4,30.77,3,23.08,7,26.92,200,0.0,0,0,0,0,0,0,0,0,2,0,0,0,0,2,100.0,1,0,0,4,31,2,1,1,75,1,3,0,0,0,0,0,0,0,,,,0,0,0,0,0,2,0,0,0,0,0,0,1,0.0,0.0,2,3,0,19,10,0,0,0,2,2,2,100.0,0.0,0,0,0,8,40,0,,0,8,,9
967017,Gharib Yasser,gharib-yasser,43566,Haras El Hodoud,6.52,84.7,13,0,0,0,,,0,127,34,161,78.88,80,47,15,5,1,33.33,10,3,2,0,0,0,0.0,5,1,2,16,50.0,6,60.0,22,52.38,448,0.0,0,0,0,1,0,0,0,0,0,5,0,0,0,9,69.23,9,0,0,4,45,1,9,6,219,5,9,0,0,1,0,2,0,0,,,,0,0,0,0,0,9,1,0,0,0,0,0,4,0.0,0.0,5,3,2,20,4,0,0,0,13,10,6,60.0,0.0,0,0,0,95,68,0,,0,45,,16
1093997,Amir Medhat,amir-medhat,266626,National Bank of Egypt,6.51,58.6,9,0,0,0,,,0,235,67,302,77.81,175,60,11,3,2,100.0,8,8,3,0,0,0,0.0,0,0,0,15,51.72,15,60.0,30,55.56,599,0.0,0,0,0,1,0,0,0,0,0,0,0,0,0,22,37.29,20,0,0,0,75,0,43,17,379,5,9,0,0,6,0,0,0,0,,,,0,0,0,0,0,11,1,0,0,0,0,0,6,0.0,0.0,3,2,1,24,10,0,0,0,59,12,6,75.0,0.0,0,0,0,201,102,0,,0,38,,11
1418770,Christopher John,john-christopher,58317,El Dakhlya,6.51,156.2,24,1,1,2,,,1,251,92,343,73.18,81,180,86,12,18,46.15,6,5,3,0,0,10,22.73,34,10,16,50,39.68,19,32.76,69,37.5,1175,2.94,0,0,0,0,0,0,1,0,27,7,0,1,0,6,35.29,7,0,0,35,242,8,18,7,640,26,18,1,0,3,4,8,0,0,,,,1,0,0,0,0,15,0,0,0,0,0,0,13,0.0,0.0,12,39,44,115,39,0,0,0,17,15,4,66.67,1175.0,0,0,0,96,291,0,,0,55,,28
1393705,Eiad El Askalany,eiad-el-askalany,42366,Ismaily,6.5,6.5,1,0,0,0,,,0,24,5,29,82.76,20,4,2,0,1,50.0,2,0,0,0,0,0,0.0,0,0,0,4,57.14,2,100.0,6,66.67,90,0.0,0,0,0,1,0,0,0,0,0,0,0,0,0,3,42.86,6,0,0,0,7,0,4,2,41,1,2,0,0,0,0,0,0,0,,,,0,0,0,0,0,1,0,0,0,0,0,0,1,0.0,0.0,0,2,0,3,0,0,0,0,7,1,2,100.0,0.0,0,0,0,22,7,0,,0,4,,1
1512535,Mohamed Zaalouk,mohamed-zaalouk,6910,Al Ahly FC,6.5,6.5,1,0,0,0,,,0,2,0,2,100.0,0,2,2,0,0,0.0,0,0,0,0,0,0,0.0,0,0,0,0,0.0,0,0.0,0,0.0,19,0.0,0,0,0,0,0,0,0,0,0,0,0,0,0,0,0.0,0,0,0,0,0,0,0,0,3,0,1,0,0,0,0,0,0,0,,,,0,0,0,0,0,0,0,0,0,0,0,0,0,0.0,0.0,0,0,0,1,0,0,0,0,0,0,0,0.0,0.0,0,0,0,0,2,0,,0,0,,1
1424744,Mohamed Nabih,mohamed-nabih,58319,Ghazl El Mahalla FC,6.5,6.5,1,0,0,0,,,0,33,1,34,97.06,27,6,1,0,0,0.0,0,2,0,0,0,0,0.0,0,0,0,0,0.0,1,25.0,1,25.0,44,0.0,0,0,0,0,0,0,0,0,0,0,0,0,0,2,100.0,1,0,0,0,1,0,0,0,37,0,0,0,0,0,0,0,0,0,,,,0,0,0,0,0,2,0,0,0,0,0,0,0,0.0,0.0,0,0,0,3,3,0,0,0,2,2,0,0.0,0.0,0,0,0,28,6,0,,0,2,,1
1402005,Alhassan Mubarak,alhassan-mubarak,43564,ENPPI,6.5,6.5,1,0,0,0,,,0,0,0,0,0.0,0,0,0,0,0,0.0,0,0,0,0,0,0,0.0,0,0,0,0,0.0,1,100.0,1,33.33,8,0.0,0,0,0,0,0,0,0,0,0,0,0,0,0,0,0.0,1,0,0,0,0,0,0,0,1,0,1,0,0,1,0,0,0,0,,,,0,0,0,0,0,0,0,0,0,0,0,0,0,0.0,0.0,0,0,0,2,0,0,0,0,0,0,0,0.0,0.0,0,0,0,0,0,0,,0,0,,1
1113231,Ahmed Hamdeen,ahmed-hamdeen,35187,Al-Ittihad Alexandria,6.5,6.5,1,0,0,0,,,0,7,0,7,100.0,0,7,5,0,2,66.67,0,0,0,0,0,0,0.0,0,0,0,2,40.0,0,0.0,2,28.57,31,0.0,0,0,0,0,0,0,0,0,0,0,0,0,0,0,0.0,0,0,0,0,5,0,0,0,14,0,1,0,0,1,0,0,0,0,,,,0,0,0,0,0,1,0,0,0,0,0,0,0,0.0,0.0,0,3,1,5,2,0,0,0,0,1,0,0.0,0.0,0,0,0,0,8,0,,0,0,,1
1424787,Salisu Mobarak,salisu-mobarak,43566,Haras El Hodoud,6.5,6.5,1,0,0,0,,,0,3,2,5,60.0,1,2,1,0,0,0.0,0,1,1,0,0,0,0.0,0,0,0,0,0.0,0,0.0,0,0.0,12,0.0,0,0,0,0,0,0,0,0,0,0,0,0,0,0,0.0,0,0,0,0,4,1,0,0,8,0,1,0,0,0,0,0,0,0,,,,0,0,0,0,0,1,0,0,0,0,0,0,0,0.0,0.0,0,0,0,1,0,0,0,0,0,1,0,0.0,0.0,0,0,0,1,4,0,,0,1,,1
1497591,Ahmed Rashwan,ahmed-rashwan,42365,Arab Contractors FC,6.5,6.5,1,0,0,0,,,0,2,1,3,66.67,0,2,1,1,0,0.0,0,0,0,0,0,0,0.0,0,0,0,0,0.0,1,50.0,1,33.33,15,0.0,0,0,0,0,0,0,0,0,0,0,0,0,0,0,0.0,0,0,0,0,2,0,0,0,5,0,0,0,0,0,0,0,0,0,,,,0,0,0,0,0,0,0,0,0,0,0,0,0,0.0,0.0,1,1,0,2,1,0,0,0,0,0,0,0.0,0.0,0,0,0,0,3,0,,,,,1
918708,Ahmed Ali Kamel,ahmed-ali-kamel,43566,Haras El Hodoud,6.5,13.0,2,0,0,0,,,0,4,6,10,40.0,3,1,1,0,0,0.0,0,0,0,0,0,0,0.0,2,0,2,2,28.57,1,14.29,3,21.43,66,0.0,0,0,0,0,0,0,0,0,2,0,0,0,0,0,0.0,1,0,0,3,14,0,1,0,27,2,1,0,0,0,1,0,0,0,,,,0,0,0,0,0,1,0,0,0,0,0,0,0,0.0,0.0,0,1,1,11,6,0,0,0,1,1,0,0.0,0.0,0,0,0,3,8,0,,0,2,,3
1424791,Akinade Moses Ibukun,akinade-moses-ibukun,43561,Tala'ea El-Gaish,6.5,26.0,4,0,0,0,,,0,18,9,27,66.67,8,10,3,1,1,50.0,3,0,1,0,0,0,0.0,3,0,2,6,35.29,1,14.29,7,29.17,156,0.0,0,0,0,0,0,0,0,0,3,0,0,0,0,1,50.0,0,0,0,4,22,1,1,0,52,2,5,0,0,2,2,1,0,0,,,,0,0,0,0,0,2,0,0,0,0,0,0,2,0.0,0.0,1,2,2,17,6,0,0,0,2,2,1,33.33,0.0,0,0,0,8,21,0,,0,7,,4
1418774,Hesham Sabry,hesham-sabry,58317,El Dakhlya,6.5,13.0,2,0,0,0,,,0,18,4,22,81.82,7,11,6,0,2,100.0,1,0,0,0,0,0,0.0,4,2,0,3,30.0,1,50.0,4,33.33,50,0.0,0,0,0,0,0,0,0,0,2,2,0,0,0,2,100.0,0,0,0,3,11,0,3,3,36,0,3,0,0,1,0,2,0,0,,,,0,0,0,0,0,1,0,0,0,0,0,0,0,0.0,0.0,0,2,0,8,1,0,0,0,2,1,1,100.0,0.0,0,0,0,7,15,0,,0,1,,4
966980,Ibrahim Ayesh,ibrahim-ayesh,58319,Ghazl El Mahalla FC,6.5,26.0,4,0,0,0,,,0,61,24,85,71.76,34,28,13,1,1,100.0,4,1,1,0,0,1,50.0,3,0,3,5,29.41,2,100.0,7,36.84,220,0.0,0,0,0,0,0,0,0,0,1,2,0,0,0,13,61.9,2,0,0,0,27,2,14,8,105,0,4,0,0,8,0,0,0,0,,,,0,0,0,0,0,1,3,0,0,0,0,0,3,0.0,0.0,1,1,2,12,0,0,0,0,21,4,4,100.0,0.0,0,0,0,40,47,0,,0,14,,4
1167936,Islam El Mizzayn,islam-el-mizzayn,43560,Al-Masry,6.5,26.0,4,0,1,0,,,0,31,26,57,54.39,13,18,7,1,0,0.0,2,4,0,0,0,0,0.0,0,0,0,4,36.36,3,42.86,7,38.89,201,0.0,0,0,0,0,0,0,0,0,0,0,0,0,0,5,26.32,7,0,0,1,32,0,11,3,93,2,2,0,0,3,0,0,0,0,,,,1,0,0,0,0,1,0,0,0,0,0,0,2,0.0,0.0,1,1,0,11,4,0,0,0,19,1,2,100.0,0.0,0,0,0,19,38,0,,0,6,,5
1094427,Hany Adel,hany-adel,58319,Ghazl El Mahalla FC,6.5,19.5,3,0,0,0,,,0,58,20,78,74.36,34,26,13,2,1,100.0,2,4,0,0,0,2,40.0,1,0,1,7,63.64,2,28.57,9,50.0,128,0.0,0,0,0,0,0,0,0,0,1,0,0,0,0,6,50.0,4,0,0,1,26,0,5,2,116,4,1,0,0,2,0,0,0,0,,,,0,0,0,0,0,5,0,0,0,0,0,0,1,0.0,0.0,2,1,5,9,5,0,0,0,12,5,1,50.0,0.0,0,0,0,42,41,0,,0,11,,5
918654,Abdul Aziz Mousa,abdul-aziz-mousa,209028,Aswan SC,6.5,26.0,4,0,0,0,,,0,43,13,56,76.79,25,19,9,1,0,0.0,4,2,1,0,0,1,100.0,0,0,0,6,46.15,1,50.0,7,46.67,130,0.0,0,0,0,0,0,0,0,0,0,0,0,0,0,4,44.44,2,0,0,1,15,0,4,4,72,2,2,0,0,4,0,0,0,0,,,,0,0,0,0,0,3,0,0,0,0,0,0,1,0.0,0.0,1,0,1,8,1,0,0,0,9,3,3,75.0,0.0,0,0,0,32,25,0,,0,11,,5
1459751,Mostafa Osama,mostafa-osama,58319,Ghazl El Mahalla FC,6.5,39.0,6,0,0,0,,,0,58,14,72,80.56,24,34,9,3,5,45.45,3,3,1,0,0,0,0.0,2,2,0,15,53.57,0,0.0,15,46.88,199,0.0,0,0,0,0,0,0,0,0,1,1,0,0,0,3,37.5,2,0,0,3,33,1,9,4,125,7,3,0,0,2,1,0,0,0,,,,0,0,0,0,0,4,0,0,0,0,0,0,2,0.0,0.0,3,11,3,17,4,0,0,0,8,4,2,66.67,0.0,0,0,0,27,48,0,,0,17,,7
1050783,Momen Awad,momen-awad,43566,Haras El Hodoud,6.5,78.0,12,0,0,0,,,0,176,79,255,69.02,96,85,45,4,2,33.33,6,9,3,0,0,5,20.0,2,0,1,12,52.17,3,25.0,15,42.86,894,0.0,0,0,0,0,0,0,0,0,1,1,0,0,0,20,34.48,20,0,0,4,145,0,30,10,456,4,3,0,0,0,1,1,0,0,,,,3,0,0,0,0,14,2,0,0,0,0,0,10,0.0,0.0,4,6,25,20,9,0,0,0,58,16,5,83.33,0.0,0,0,0,124,156,0,,0,59,,12
918624,Hussein Ragab,hussein-ragab,58317,El Dakhlya,6.48,84.3,13,0,0,0,,,0,111,63,174,63.79,52,62,29,3,2,25.0,5,5,1,0,0,3,33.33,8,2,5,9,23.08,20,35.09,29,30.21,677,0.0,0,0,0,0,0,0,0,0,7,1,0,0,0,6,35.29,5,0,0,15,104,3,18,6,261,3,9,0,0,1,3,1,0,0,,,,0,0,0,0,0,13,1,0,0,0,0,0,8,0.0,0.0,3,8,9,67,37,0,0,0,17,14,3,60.0,0.0,0,0,0,66,117,0,,0,29,,15
918681,Moussa Diawara,moussa-diawara,266626,National Bank of Egypt,6.48,77.8,12,1,1,0,,,1,68,30,98,69.39,25,45,27,2,2,22.22,5,1,2,0,0,2,20.0,7,2,4,12,37.5,6,50.0,18,40.91,327,14.29,0,0,0,0,0,0,0,1,3,4,0,1,0,6,54.55,0,1,0,5,59,2,9,6,163,5,11,0,0,0,1,1,0,0,,,,0,0,0,0,0,5,0,0,0,0,0,0,2,0.0,0.0,2,9,10,26,6,0,0,0,11,5,4,80.0,327.0,0,0,0,31,77,0,,0,19,,19
1093859,Tarek Samy,tarek-samy,58319,Ghazl El Mahalla FC,6.48,25.9,4,0,0,0,,,0,43,21,64,67.19,22,21,7,1,0,0.0,1,3,0,0,0,0,0.0,0,0,0,1,20.0,3,50.0,4,36.36,156,0.0,0,0,0,1,0,0,0,0,0,0,0,0,0,6,46.15,2,0,0,0,26,1,12,6,81,0,3,0,0,0,0,0,0,0,,,,0,0,0,0,0,3,0,0,0,0,0,0,1,0.0,0.0,1,1,0,7,3,0,0,0,13,3,1,100.0,0.0,0,0,0,31,33,0,,0,17,,4
918596,Ahmed Mohsen,ahmed-mohsen,42366,Ismaily,6.48,51.8,8,0,0,0,,,0,118,28,146,80.82,52,67,35,2,2,28.57,6,3,1,0,0,1,7.14,2,1,1,9,34.62,1,33.33,10,34.48,414,0.0,0,0,0,0,0,0,0,0,2,0,0,0,0,7,36.84,6,0,0,4,62,1,8,2,237,1,6,0,0,2,0,0,0,0,,,,0,0,0,0,0,4,1,0,0,0,0,0,3,0.0,0.0,2,7,14,19,2,0,0,0,19,5,4,66.67,0.0,0,0,0,66,94,0,,0,31,,8
1393700,Ahmed Nader Hawash,ahmed-nader-hawash,43564,ENPPI,6.47,71.2,11,1,1,0,1,,2,85,30,115,73.91,38,48,24,5,5,25.0,5,2,3,0,0,1,16.67,7,2,4,18,35.29,8,33.33,26,34.67,396,14.29,0,0,0,0,1,0,1,0,5,2,0,1,0,2,22.22,0,0,0,9,76,3,8,1,204,8,9,0,0,3,2,1,0,0,,,,0,0,0,0,0,2,0,0,0,0,0,0,4,0.0,0.0,5,20,6,49,16,0,0,0,9,2,4,80.0,396.0,0,0,0,42,79,0,,0,28,,14
889363,Youssef Obama,youssef-obama,42368,Zamalek SC,6.47,19.4,3,0,0,0,,,0,40,10,50,80.0,9,32,14,1,0,0.0,1,0,1,0,0,1,50.0,1,1,0,2,40.0,2,25.0,4,30.77,126,0.0,0,0,0,0,0,0,0,0,0,1,0,0,0,0,0.0,3,0,0,1,20,1,2,2,70,1,2,0,0,0,1,0,0,0,,,,0,0,0,0,0,2,0,0,0,0,0,0,0,0.0,0.0,1,0,2,9,6,0,0,0,1,2,1,100.0,0.0,0,0,0,13,39,0,,0,3,,5
1393732,Rafaat Khalil,rafaat-khalil,6910,Al Ahly FC,6.46,32.3,5,0,0,1,,,0,47,18,65,72.31,16,31,13,1,2,40.0,3,1,1,0,0,0,0.0,3,1,2,8,44.44,6,60.0,14,50.0,192,0.0,0,0,0,0,0,0,0,0,2,1,0,0,0,1,33.33,0,0,0,1,32,0,2,1,97,3,3,0,0,3,1,0,0,0,,,,1,0,0,0,0,2,0,0,0,0,0,0,1,0.0,0.0,1,5,0,14,4,0,0,0,3,2,3,100.0,0.0,0,0,0,21,44,0,,0,9,,7
1087402,Ashraf Magdy,ashraf-magdy,43561,Tala'ea El-Gaish,6.46,32.3,5,0,0,0,,,0,26,5,31,83.87,5,21,13,0,3,42.86,0,1,0,0,0,0,0.0,1,1,0,6,33.33,1,100.0,7,36.84,72,0.0,0,0,0,0,0,0,0,0,1,0,0,0,0,2,100.0,1,0,0,5,20,1,2,1,58,3,2,0,0,1,1,0,0,0,,,,0,0,0,0,0,3,0,0,0,0,0,0,0,0.0,0.0,0,7,2,12,0,0,0,0,2,3,0,0.0,0.0,0,0,0,6,27,0,,0,14,,7
1049049,Ahmed Belya,ahmed-belya,209028,Aswan SC,6.45,25.8,4,0,0,0,,,0,13,12,25,52.0,11,2,1,0,0,0.0,3,3,0,0,0,0,0.0,1,0,1,3,33.33,0,0.0,3,27.27,66,0.0,0,0,0,0,0,0,0,0,1,0,0,0,0,1,14.29,6,0,0,2,21,0,4,0,50,0,1,0,0,2,0,0,0,0,,,,0,0,0,0,0,2,0,0,0,0,0,0,0,0.0,0.0,0,1,0,8,2,0,0,0,7,2,2,66.67,0.0,0,0,0,15,10,0,,0,8,,7
918626,Mahmoud Abou-Gouda,mahmoud-abou-gouda,43566,Haras El Hodoud,6.45,51.6,8,0,0,0,,,0,51,27,78,65.38,19,32,14,1,0,0.0,4,1,1,0,0,0,0.0,4,1,2,4,17.39,7,26.92,11,22.45,280,0.0,0,0,0,0,0,0,0,0,1,3,0,0,0,1,25.0,1,0,0,6,51,1,1,1,117,0,8,0,0,2,1,1,0,0,,,,0,0,0,0,0,3,1,0,0,0,0,0,2,0.0,0.0,1,4,1,38,19,0,0,0,4,4,1,25.0,0.0,0,0,0,22,57,0,,0,8,,9
1154912,Fahd Gomaa,fahd-gomaa,58317,El Dakhlya,6.44,32.2,5,0,0,0,,,0,41,14,55,74.55,13,28,17,4,1,33.33,3,1,1,1,1,0,0.0,2,0,0,7,29.17,3,16.67,10,23.81,211,0.0,0,0,0,0,0,0,0,0,0,2,0,0,0,2,66.67,4,0,0,3,26,0,4,3,87,3,11,0,0,2,2,2,0,0,,,,0,0,0,0,0,6,0,0,0,0,0,0,3,0.0,0.0,4,3,2,32,15,0,0,0,3,6,2,66.67,0.0,0,0,0,14,43,0,,0,6,,8
376842,Abdallah Gomaa,abdallah-gomaa,42368,Zamalek SC,6.43,38.6,6,0,0,0,,,0,75,25,100,75.0,36,39,22,1,2,40.0,5,2,1,0,0,0,0.0,0,0,0,8,50.0,2,100.0,10,55.56,209,0.0,0,0,0,0,0,0,0,0,0,0,0,0,0,6,54.55,3,0,0,4,44,0,7,2,158,1,0,0,0,1,0,0,0,0,,,,0,0,0,0,0,4,0,0,0,0,0,0,3,0.0,0.0,1,5,5,8,0,0,0,0,11,4,4,80.0,0.0,0,0,0,43,62,0,,0,19,,6
941634,Anthony Okpotu,anthony-okpotu,43560,Al-Masry,6.43,25.7,4,0,1,0,1,,1,21,10,31,67.74,8,13,5,1,0,0.0,0,0,1,0,0,0,0.0,3,0,0,4,20.0,2,28.57,6,22.22,130,0.0,0,0,0,0,0,0,0,0,2,1,0,0,0,0,0.0,1,0,0,7,23,0,3,2,55,4,5,0,0,1,1,3,0,0,,,,0,0,0,0,0,2,0,0,0,0,0,0,2,0.0,0.0,1,3,0,21,5,0,0,0,2,2,0,0.0,0.0,0,0,0,10,21,0,,0,6,,7
918690,Mohamed Shawky Gharib,mohamed-shawky-gharib,42365,Arab Contractors FC,6.42,38.5,6,0,0,0,,,0,56,38,94,59.57,24,33,14,2,0,0.0,10,1,0,0,0,1,9.09,1,0,0,15,50.0,1,20.0,16,45.71,292,0.0,0,0,0,0,0,0,0,0,1,0,0,0,0,6,21.43,9,0,0,5,72,2,11,1,191,5,4,0,0,4,0,1,0,0,,,,0,0,0,0,0,4,1,0,0,0,0,0,3,0.0,0.0,2,3,11,19,4,0,0,0,28,5,9,90.0,0.0,0,0,0,38,67,0,,0,26,,16
1504128,Mohamad Salah Zaki,mohamad-salah-zaki,42368,Zamalek SC,6.4,6.4,1,0,0,0,,,0,14,0,14,100.0,1,13,10,0,0,0.0,0,0,0,0,0,0,0.0,1,0,1,0,0.0,0,0.0,0,0.0,23,0.0,0,0,0,0,0,0,0,0,1,0,0,0,0,0,0.0,0,0,0,0,1,0,0,0,16,0,0,0,0,0,1,0,0,0,,,,0,0,0,0,0,1,0,0,0,0,0,0,0,0.0,0.0,0,1,0,1,0,0,0,0,0,1,0,0.0,0.0,0,0,0,1,13,0,,0,0,,1
1383408,Imad El Kabbou,imad-el-kabbou,209028,Aswan SC,6.4,6.4,1,0,0,0,,,0,9,3,12,75.0,3,6,2,0,0,0.0,0,1,0,0,0,0,0.0,0,0,0,0,0.0,0,0.0,0,0.0,40,0.0,0,0,0,0,0,0,0,0,0,0,0,0,0,0,0.0,0,0,0,0,6,0,1,0,18,0,1,0,0,0,0,0,0,0,,,,0,0,0,0,0,0,0,0,0,0,0,0,1,0.0,0.0,0,1,0,3,1,0,0,0,0,0,0,0.0,0.0,0,0,0,3,9,0,,0,5,,1
1497581,Ahmed Abdel Wahab,ahmed-abdel-wahab,42366,Ismaily,6.4,6.4,1,0,0,0,,,0,8,4,12,66.67,3,6,1,0,0,0.0,0,1,0,0,0,1,33.33,0,0,0,1,33.33,1,100.0,2,50.0,58,0.0,0,0,0,0,0,0,0,0,0,0,0,0,0,0,0.0,0,0,0,1,11,0,0,0,24,1,1,0,0,0,0,0,0,0,,,,0,0,0,0,0,1,0,0,0,0,0,0,1,0.0,0.0,0,0,3,2,0,0,0,0,1,1,0,0.0,0.0,0,0,0,4,11,0,,0,2,,1
1497719,Mohamed Abdelnasser,mohamed-abdelnasser,42365,Arab Contractors FC,6.4,6.4,1,0,0,0,,,0,1,1,2,50.0,0,1,0,0,0,0.0,0,0,0,0,0,0,0.0,0,0,0,0,0.0,1,50.0,1,33.33,12,0.0,0,0,0,0,0,0,0,0,0,0,0,0,0,0,0.0,0,0,0,0,2,0,1,0,3,0,1,0,0,0,0,0,0,0,,,,0,0,0,0,0,0,0,0,0,0,0,0,0,0.0,0.0,0,0,0,2,1,0,0,0,1,0,0,0.0,0.0,0,0,0,0,2,0,,0,1,,2
918637,Amer Mohamed,amer-mohamed,371622,Cleopatra FC,6.4,12.8,2,0,0,0,,,0,22,14,36,61.11,21,1,0,0,0,0.0,0,0,0,0,0,0,0.0,0,0,0,2,100.0,0,0.0,2,100.0,180,0.0,0,0,0,0,0,0,0,0,0,0,0,0,0,8,36.36,0,0,0,0,14,0,2,1,50,2,0,0,0,0,0,0,0,3,,,,0,1,0,2,1,3,0,0,0,0,2,0,2,0.0,0.0,0,0,0,0,0,0,0,0,22,3,0,0.0,0.0,0,0,0,24,12,0,,12,15,,2
991852,Rida El Barjiji,rida-el-barjiji,43563,Smouha,6.4,12.8,2,0,0,0,,,0,10,5,15,66.67,2,8,1,0,0,0.0,1,0,1,0,0,0,0.0,0,0,0,1,20.0,2,100.0,3,42.86,33,0.0,0,0,0,0,0,0,0,0,0,0,0,0,0,0,0.0,0,0,0,1,9,0,1,0,22,0,2,0,0,1,0,0,0,0,,,,0,0,0,0,0,1,0,0,0,0,0,0,0,0.0,0.0,0,0,1,4,0,0,0,0,0,1,1,100.0,0.0,0,0,0,4,12,0,,0,4,,2
1176306,Ahmed Abo Egela,ahmed-abo-egela,42365,Arab Contractors FC,6.4,6.4,1,0,0,0,,,0,11,9,20,55.0,6,5,2,0,0,0.0,3,0,0,0,0,0,0.0,0,0,0,3,33.33,0,0.0,3,33.33,47,0.0,0,0,0,0,0,0,0,0,0,0,0,0,0,2,50.0,0,0,0,2,16,0,2,0,33,0,0,0,0,2,0,0,0,0,,,,0,0,0,0,0,0,0,0,0,0,0,0,1,0.0,0.0,0,2,1,6,0,0,0,0,4,0,3,100.0,0.0,0,0,0,8,13,0,,0,5,,2
1457527,Mohamed Fawzy Gad,mohamed-fawzy-gad,43560,Al-Masry,6.4,12.8,2,0,0,0,,,0,18,12,30,60.0,9,9,5,0,0,0.0,2,0,0,0,0,0,0.0,0,0,0,4,40.0,2,66.67,6,46.15,122,0.0,0,0,0,0,0,0,0,0,0,0,0,0,0,0,0.0,7,0,0,0,22,0,2,0,59,2,3,0,0,1,0,0,0,0,,,,0,0,0,0,0,2,0,0,0,0,0,0,2,0.0,0.0,0,2,4,7,1,0,0,0,5,2,1,50.0,0.0,0,0,0,12,22,0,,0,9,,2
849704,Mohammad Fouad,mohammad-fouad,241703,Pharco FC,6.4,12.8,2,0,0,0,,,0,26,6,32,81.25,9,17,6,1,1,50.0,1,1,0,0,0,0,0.0,0,0,0,3,37.5,1,100.0,4,44.44,131,0.0,0,0,0,0,0,0,0,0,0,0,0,0,0,2,50.0,0,0,0,2,17,2,3,1,48,1,3,0,0,0,0,0,0,0,,,,0,0,0,0,0,4,0,0,0,0,0,0,1,0.0,0.0,1,2,4,5,0,0,0,0,4,4,1,100.0,0.0,0,0,0,9,27,0,,0,5,,3
1216270,AbouBakr El Gamal,aboubakr-el-gamal,42366,Ismaily,6.4,6.4,1,0,0,0,,,0,4,2,6,66.67,1,3,2,1,0,0.0,0,0,0,0,0,0,0.0,0,0,0,0,0.0,1,16.67,1,11.11,25,0.0,0,0,0,0,0,0,0,0,0,0,0,0,0,0,0.0,0,0,0,1,3,0,0,0,10,0,2,0,0,0,0,0,0,0,,,,0,0,0,0,0,0,0,0,0,0,0,0,0,0.0,0.0,1,0,0,8,5,0,0,0,0,0,0,0.0,0.0,0,0,0,1,5,0,,0,1,,3
1418767,Bai Kamara,bai-kamara,209028,Aswan SC,6.4,12.8,2,0,0,0,,,0,12,6,18,66.67,3,10,3,0,0,0.0,1,0,0,0,0,1,50.0,0,0,0,1,20.0,0,0.0,1,20.0,80,0.0,0,0,0,0,0,0,0,0,0,0,0,0,0,0,0.0,0,0,0,1,12,0,1,0,28,0,1,0,0,0,0,0,0,0,,,,0,0,0,0,0,1,0,0,0,0,0,0,1,0.0,0.0,0,2,2,4,0,0,0,0,2,1,0,0.0,0.0,0,0,0,5,15,0,,0,4,,3
1001859,Ahmed Amer,ahmed-amer,43566,Haras El Hodoud,6.4,19.2,3,0,0,0,,,0,23,13,36,63.89,11,12,9,0,0,0.0,2,0,1,0,0,0,0.0,1,0,0,4,50.0,1,50.0,5,50.0,117,0.0,0,0,0,0,0,0,0,0,0,1,0,0,0,1,20.0,1,0,0,2,21,0,5,1,56,2,2,0,0,0,1,1,0,0,,,,0,0,0,0,0,2,0,0,0,0,0,0,1,0.0,0.0,0,0,2,5,1,0,0,0,5,2,2,100.0,0.0,0,0,0,16,22,0,,0,10,,3
580664,Mahmoud Ezzat,mahmoud-ezzat,58317,El Dakhlya,6.4,6.4,1,0,0,0,,,0,0,4,4,0.0,0,0,0,0,0,0.0,1,1,0,0,0,0,0.0,0,0,0,1,100.0,2,100.0,3,100.0,20,0.0,0,0,0,0,0,0,0,0,0,0,0,0,0,0,0.0,2,0,0,0,4,0,0,0,9,0,0,0,0,0,0,0,0,0,,,,0,0,0,0,0,2,0,0,0,0,0,0,0,0.0,0.0,0,0,0,0,0,0,0,0,2,2,1,100.0,0.0,0,0,0,4,0,0,,0,1,,4
866123,Hamdi Nagguez,hamdi-nagguez,42366,Ismaily,6.4,51.2,8,0,0,0,,,0,152,56,208,73.08,81,77,32,4,3,30.0,12,8,3,0,0,6,27.27,1,0,1,17,41.46,7,87.5,24,48.98,474,0.0,0,0,0,1,0,0,0,0,0,1,0,0,0,10,34.48,6,0,0,8,105,1,17,7,341,2,5,0,0,5,0,0,0,0,,,,0,0,0,0,0,8,1,0,0,0,0,0,5,0.0,0.0,4,10,22,25,1,0,0,0,29,9,8,66.67,0.0,0,0,0,97,133,0,,0,36,,8
919658,Zakaria El Wardi,el-wardi-zakaria,42368,Zamalek SC,6.37,19.1,3,0,0,1,,,0,36,7,43,83.72,16,20,12,2,0,0.0,3,0,1,0,0,0,0.0,2,0,1,4,28.57,0,0.0,4,28.57,121,0.0,0,0,0,0,0,0,0,0,2,0,0,0,0,2,66.67,0,0,0,2,13,0,0,0,59,1,7,0,0,2,0,1,0,0,,,,0,0,0,0,0,1,0,0,0,0,0,0,2,0.0,0.0,2,0,1,10,0,0,0,0,3,1,3,100.0,0.0,0,0,0,18,26,0,,0,10,,3
1093995,Hossam El Saana,hossam-el-saana,266626,National Bank of Egypt,6.35,12.7,2,0,0,0,,,0,18,5,23,78.26,11,7,2,0,0,0.0,1,0,0,0,0,0,0.0,0,0,0,2,33.33,0,0.0,2,18.18,58,0.0,0,0,0,0,0,0,0,0,0,0,0,0,0,3,75.0,0,0,0,1,8,0,3,2,30,1,2,0,0,1,0,0,0,0,,,,0,0,0,0,0,1,0,0,0,0,0,0,1,0.0,0.0,0,0,0,9,5,0,0,0,4,1,1,100.0,0.0,0,0,0,13,10,0,,0,2,,2
1169780,Walid Farag,walid-farag,241703,Pharco FC,6.34,31.7,5,0,0,0,,,0,68,20,88,77.27,21,47,27,2,1,16.67,8,0,0,0,1,0,0.0,6,0,5,19,50.0,2,22.22,21,44.68,307,0.0,0,0,0,1,0,0,0,0,4,2,0,0,0,2,33.33,1,0,0,8,47,2,3,3,150,10,6,0,0,0,0,1,0,0,,,,0,0,0,0,0,5,2,0,0,0,0,0,4,0.0,0.0,2,6,4,26,7,0,0,0,6,7,5,62.5,0.0,1,0,0,29,63,0,,0,16,,5
1470550,Mohamed Fares,mohamed-fares,35187,Al-Ittihad Alexandria,6.34,50.7,8,0,0,0,,,0,149,45,194,76.8,73,77,36,1,0,0.0,7,6,1,0,0,1,9.09,7,2,3,12,26.67,3,33.33,15,27.78,487,0.0,0,0,0,1,0,0,0,0,2,5,0,0,0,9,45.0,5,0,0,2,66,2,24,11,263,5,18,0,0,13,0,2,0,0,,,,1,0,0,0,0,9,1,0,0,0,0,0,5,0.0,0.0,1,2,11,39,6,0,0,0,20,10,6,85.71,0.0,0,0,0,86,119,0,,0,34,,9
1093726,Ahmed Kasem,ahmed-kasem,43566,Haras El Hodoud,6.33,19.0,3,0,0,0,,,0,19,7,26,73.08,8,11,6,0,0,0.0,2,3,1,0,0,0,0.0,0,0,0,2,20.0,1,25.0,3,21.43,121,0.0,0,0,0,0,0,0,0,0,0,0,0,0,0,1,33.33,2,0,0,3,12,0,1,1,43,0,3,0,0,1,0,0,0,0,,,,0,0,0,0,0,1,1,0,0,0,0,0,1,0.0,0.0,0,1,0,11,3,0,0,0,3,2,2,100.0,0.0,0,0,0,12,14,0,,0,9,,6
918823,Fawzi El Henawy,fawzi-el-henawy,35187,Al-Ittihad Alexandria,6.31,69.4,11,0,0,2,,,0,114,42,156,73.08,58,58,29,2,6,35.29,10,9,1,0,0,2,25.0,7,1,3,23,44.23,6,54.55,29,46.03,453,0.0,0,0,0,1,1,0,0,0,1,6,0,0,0,4,25.0,4,1,0,2,75,1,20,8,258,7,8,0,0,9,0,3,0,0,,,,0,0,0,0,0,10,0,0,0,0,0,0,4,0.0,0.0,2,17,8,34,5,0,0,0,16,10,9,90.0,0.0,0,0,0,70,94,0,,0,38,,11
126227,Dejan Meleg,dejan-meleg,43564,ENPPI,6.3,6.3,1,0,0,0,,,0,4,5,9,44.44,2,2,1,0,0,0.0,0,0,0,0,0,0,0.0,0,0,0,0,0.0,0,0.0,0,0.0,45,0.0,0,0,0,0,0,0,0,0,0,0,0,0,0,0,0.0,0,0,0,0,6,0,2,0,10,0,0,0,0,1,0,0,0,0,,,,0,0,0,0,0,1,0,0,0,0,0,0,1,0.0,0.0,0,0,0,2,1,0,0,0,0,1,0,0.0,0.0,0,0,0,4,5,0,,0,1,,1
1480543,Ahmed Ali Amin,ahmed-ali-amin,43563,Smouha,6.3,6.3,1,0,0,0,,,0,3,1,4,75.0,2,1,0,0,0,0.0,0,0,0,0,0,0,0.0,0,0,0,0,0.0,0,0.0,0,0.0,10,0.0,0,0,0,0,0,0,0,0,0,0,0,0,0,0,0.0,0,0,0,0,2,0,1,0,6,0,0,0,0,2,0,0,0,0,,,,0,0,0,0,0,0,0,0,0,0,0,0,0,0.0,0.0,0,0,0,2,0,0,0,0,0,0,0,0.0,0.0,0,0,0,2,2,0,,0,3,,1
1475455,El Sayed Abou Amenah,el-sayed-abou-amenah,43561,Tala'ea El-Gaish,6.3,6.3,1,0,0,0,,,0,22,5,27,81.48,14,8,3,0,0,0.0,0,0,0,0,0,0,0.0,0,0,0,0,0.0,0,0.0,0,0.0,49,0.0,0,0,0,0,0,0,0,0,0,0,0,0,0,0,0.0,0,0,0,2,9,0,2,1,34,0,1,0,0,0,0,0,0,0,,,,0,0,0,0,0,0,0,0,0,0,0,0,1,0.0,0.0,0,1,1,4,0,0,0,0,1,0,0,0.0,0.0,0,0,0,15,13,0,,0,5,,1
1475196,Gabriel Chukwudi,gabriel-chukwudi,371622,Cleopatra FC,6.3,31.5,5,0,0,1,,,0,14,10,24,58.33,2,12,7,0,5,38.46,2,0,0,0,0,0,0.0,2,1,1,8,28.57,1,16.67,9,26.47,147,0.0,0,0,0,0,0,0,0,0,2,0,0,0,0,3,100.0,0,0,0,8,35,1,3,1,63,1,4,0,0,2,0,0,0,0,,,,0,0,0,0,0,0,0,0,0,0,0,0,1,0.0,0.0,0,13,1,25,5,0,0,0,3,0,2,100.0,0.0,0,0,0,3,22,0,,0,6,,5
918652,Sayed Shabrawy,sayed-shabrawy,58319,Ghazl El Mahalla FC,6.28,56.5,9,0,0,0,,,0,142,48,190,74.74,94,51,26,2,3,50.0,4,5,1,0,0,3,37.5,1,0,0,9,29.03,8,61.54,17,38.64,496,0.0,0,0,0,0,0,0,0,0,0,1,0,0,0,10,34.48,5,0,0,8,86,2,17,7,290,2,4,0,0,7,1,1,0,0,,,,2,0,0,0,0,8,0,0,0,0,0,0,6,0.0,0.0,2,6,8,27,5,0,0,0,29,8,4,100.0,0.0,0,0,0,109,89,0,,0,28,,12
918510,Mahmoud Salah,mahmoud-salah,209028,Aswan SC,6.28,25.1,4,0,1,0,,,0,31,14,45,68.89,8,23,14,1,0,0.0,1,0,0,0,0,0,0.0,1,0,1,5,29.41,2,22.22,7,26.92,123,0.0,0,0,0,0,0,0,0,0,1,0,0,0,0,1,33.33,0,0,0,7,32,3,4,3,74,5,2,0,0,1,0,0,0,0,,,,0,0,0,0,0,1,0,0,0,0,0,0,1,0.0,0.0,1,2,2,19,7,0,0,0,3,1,1,100.0,0.0,0,0,0,14,33,0,,0,17,,8
1389956,Marwan Magdy,marwan-magdy,241703,Pharco FC,6.22,31.1,5,0,0,1,,,0,15,3,18,83.33,5,10,3,0,0,0.0,3,1,2,0,0,0,0.0,3,0,1,8,42.11,0,0.0,8,36.36,126,0.0,0,0,0,0,0,0,0,0,2,1,0,0,0,1,100.0,0,0,0,5,15,1,0,0,48,5,3,0,0,0,0,2,0,0,,,,0,0,0,0,0,2,1,0,0,0,0,0,0,0.0,0.0,0,3,1,14,3,0,0,0,1,3,1,33.33,0.0,0,0,0,5,14,0,,0,4,,9
1136093,Hesham Hafez,hesham-hafez,265830,Modern Sport FC,6.2,12.4,2,0,0,0,,,0,28,7,35,80.0,15,13,3,0,2,50.0,1,1,1,0,0,0,0.0,0,0,0,5,45.45,1,33.33,6,42.86,92,0.0,0,0,0,1,0,0,0,0,0,0,0,0,0,2,40.0,3,0,0,2,16,0,3,1,64,2,1,0,0,1,0,0,0,0,,,,0,0,0,0,0,1,1,0,0,0,0,0,1,0.0,0.0,0,4,3,8,2,0,0,0,5,2,1,100.0,0.0,0,0,0,19,19,0,,0,9,,2
918765,Elsayed Salem,elsayed-salem,35187,Al-Ittihad Alexandria,6.2,18.6,3,0,0,0,,,0,64,23,87,73.56,33,31,12,1,0,0.0,2,0,0,0,0,0,0.0,2,0,0,2,28.57,5,50.0,7,41.18,139,0.0,0,0,0,0,0,0,0,0,1,1,0,0,0,2,20.0,1,0,0,1,48,0,5,1,133,0,1,0,0,0,0,2,0,0,,,,0,0,0,0,0,3,0,0,0,0,0,0,1,0.0,0.0,1,4,10,10,5,0,0,0,10,3,1,50.0,0.0,0,0,0,38,59,0,,0,12,,5
1488216,Ahmed Bahaa,ahmed-bahaa,35187,Al-Ittihad Alexandria,5.82,34.9,6,0,0,0,,,0,110,21,131,83.97,53,58,24,2,2,33.33,6,6,0,1,1,1,33.33,1,0,1,14,37.84,6,66.67,20,43.48,354,0.0,0,0,0,0,0,0,0,0,0,1,0,0,0,4,30.77,6,0,0,1,40,1,6,2,207,6,8,0,0,10,0,0,0,0,,,,0,0,0,0,0,4,1,0,0,0,0,0,5,0.0,0.0,2,6,3,26,3,0,0,0,13,5,3,50.0,0.0,0,0,0,60,74,0,,0,19,,6
918524,Mahmoud El Zanfaly,mahmoud-el-zanfaly,266626,National Bank of Egypt,5.8,5.8,1,0,0,0,,,0,4,0,4,100.0,1,3,2,0,0,0.0,1,0,0,0,0,0,0.0,0,0,0,1,50.0,0,0.0,1,50.0,45,0.0,0,0,0,0,0,0,0,0,0,0,0,0,0,4,100.0,0,0,0,0,0,0,1,1,8,0,0,0,0,1,0,0,0,1,,,,0,0,0,1,0,3,0,0,0,0,0,0,1,0.0,0.0,0,0,0,1,0,0,0,0,4,3,0,0.0,0.0,0,0,0,1,3,0,,0,4,,1
1506740,Eslam Risha,eslam-risha,371622,Cleopatra FC,0.0,0.0,0,0,0,0,,,0,0,0,0,0.0,0,0,0,0,0,0.0,0,0,0,0,0,0,0.0,0,0,0,0,0.0,0,0.0,0,0.0,0,0.0,0,0,0,0,0,0,0,0,0,0,0,0,0,0,0.0,0,0,0,0,0,0,0,0,0,0,0,0,0,0,0,0,0,0,,,,0,0,0,0,0,0,0,0,0,0,0,0,0,0.0,0.0,0,0,0,0,0,0,0,0,0,0,0,0.0,0.0,0,0,0,0,0,0,,0,0,,0
1094528,Mostafa Ashraf,mostafa-ashraf,265830,Modern Sport FC,0.0,0.0,0,0,0,0,,,0,0,0,0,0.0,0,0,0,0,0,0.0,0,0,0,0,0,0,0.0,0,0,0,0,0.0,0,0.0,0,0.0,0,0.0,0,0,0,0,0,0,0,0,0,0,0,0,0,0,0.0,0,0,0,0,0,0,0,0,0,0,0,0,0,0,0,0,0,0,,,,0,0,0,0,0,0,0,0,0,0,0,0,0,0.0,0.0,0,0,0,0,0,0,0,0,0,0,0,0.0,0.0,0,0,0,0,0,0,,0,0,,0
1163774,Mohamed Tarek,mohamed-tarek,265830,Modern Sport FC,0.0,0.0,0,0,0,0,,,0,0,0,0,0.0,0,0,0,0,0,0.0,0,0,0,0,0,0,0.0,0,0,0,0,0.0,0,0.0,0,0.0,0,0.0,0,0,0,0,0,0,0,0,0,0,0,0,0,0,0.0,0,0,0,0,0,0,0,0,0,0,0,0,0,0,0,0,0,0,,,,0,0,0,0,0,1,0,0,0,0,0,0,1,0.0,0.0,0,0,0,0,0,0,0,0,0,1,0,0.0,0.0,0,0,0,0,0,0,,0,0,,0
1010885,Islam Soliman,islam-soliman,209028,Aswan SC,0.0,0.0,0,0,0,0,,,0,0,0,0,0.0,0,0,0,0,0,0.0,0,0,0,0,0,0,0.0,0,0,0,0,0.0,0,0.0,0,0.0,0,0.0,0,0,0,0,0,0,0,0,0,0,0,0,0,0,0.0,0,0,0,0,0,0,0,0,0,0,0,0,0,0,0,0,0,0,,,,0,0,0,0,0,0,0,0,0,0,0,0,0,0.0,0.0,0,0,0,0,0,0,0,0,0,0,0,0.0,0.0,0,0,0,0,0,0,,0,0,,0
1014280,Khaled Mostafa,khaled-mostafa,266626,National Bank of Egypt,0.0,0.0,0,0,0,0,,,0,0,0,0,0.0,0,0,0,0,0,0.0,0,0,0,0,0,0,0.0,0,0,0,0,0.0,0,0.0,0,0.0,0,0.0,0,0,0,0,0,0,0,0,0,0,0,0,0,0,0.0,0,0,0,0,0,0,0,0,0,0,0,0,0,0,0,0,0,0,,,,0,0,0,0,0,0,0,0,0,0,0,0,0,0.0,0.0,0,0,0,0,0,0,0,0,0,0,0,0.0,0.0,0,0,0,0,0,0,,0,0,,0
979080,Khaled Walid,khaled-walid,209028,Aswan SC,0.0,0.0,0,0,0,0,,,0,0,0,0,0.0,0,0,0,0,0,0.0,0,0,0,0,0,0,0.0,0,0,0,0,0.0,0,0.0,0,0.0,0,0.0,0,0,0,0,0,0,0,0,0,0,0,0,0,0,0.0,0,0,0,0,0,0,0,0,0,0,0,0,0,0,0,0,0,0,,,,0,0,0,0,0,1,0,0,0,0,0,0,1,0.0,0.0,0,0,0,0,0,0,0,0,0,1,0,0.0,0.0,0,0,0,0,0,0,,0,0,,0
1064158,Abdel Rahman Ayman,abdel-rahman-ayman,175002,Pyramids FC,0.0,0.0,0,0,0,0,,,0,0,0,0,0.0,0,0,0,0,0,0.0,0,0,0,0,0,0,0.0,0,0,0,0,0.0,0,0.0,0,0.0,0,0.0,0,0,0,0,0,0,0,0,0,0,0,0,0,0,0.0,0,0,0,0,0,0,0,0,0,0,0,0,0,0,0,0,0,0,,,,0,0,0,0,0,0,0,0,0,0,0,0,0,0.0,0.0,0,0,0,0,0,0,0,0,0,0,0,0.0,0.0,0,0,0,0,0,0,,0,0,,0
1440474,Sabry Gad,sabry-gad,241703,Pharco FC,0.0,0.0,0,0,0,0,,,0,0,0,0,0.0,0,0,0,0,0,0.0,0,0,0,0,0,0,0.0,0,0,0,0,0.0,0,0.0,0,0.0,0,0.0,0,0,0,0,0,0,0,0,0,0,0,0,0,0,0.0,0,0,0,0,0,0,0,0,0,0,0,0,0,0,0,0,0,0,,,,0,0,0,0,0,0,0,0,0,0,0,0,0,0.0,0.0,0,0,0,0,0,0,0,0,0,0,0,0.0,0.0,0,0,0,0,0,0,,0,0,,0
1468534,Mohamed Ghazal,mohamed-ghazal,43561,Tala'ea El-Gaish,0.0,0.0,0,0,0,0,,,0,0,0,0,0.0,0,0,0,0,0,0.0,0,0,0,0,0,0,0.0,0,0,0,0,0.0,0,0.0,0,0.0,0,0.0,0,0,0,0,0,0,0,0,0,0,0,0,0,0,0.0,0,0,0,0,0,0,0,0,0,0,0,0,0,0,0,0,0,0,,,,0,0,0,0,0,0,0,0,0,0,0,0,0,0.0,0.0,0,0,0,0,0,0,0,0,0,0,0,0.0,0.0,0,0,0,0,0,0,,0,0,,0
1470553,Youssef Shaaban,youssef-shaaban,175002,Pyramids FC,0.0,0.0,0,0,0,0,,,0,0,0,0,0.0,0,0,0,0,0,0.0,0,0,0,0,0,0,0.0,0,0,0,0,0.0,0,0.0,0,0.0,0,0.0,0,0,0,0,0,0,0,0,0,0,0,0,0,0,0.0,0,0,0,0,0,0,0,0,0,0,0,0,0,0,0,0,0,0,,,,0,0,0,0,0,0,0,0,0,0,0,0,0,0.0,0.0,0,0,0,0,0,0,0,0,0,0,0,0.0,0.0,0,0,0,0,0,0,,0,0,,0
1510804,Mahmoud Gamal,mahmoud-gamal,175002,Pyramids FC,0.0,0.0,0,0,0,0,,,0,0,0,0,0.0,0,0,0,0,0,0.0,0,0,0,0,0,0,0.0,0,0,0,0,0.0,0,0.0,0,0.0,0,0.0,0,0,0,0,0,0,0,0,0,0,0,0,0,0,0.0,0,0,0,0,0,0,0,0,0,0,0,0,0,0,0,0,0,0,,,,0,0,0,0,0,0,0,0,0,0,0,0,0,0.0,0.0,0,0,0,0,0,0,0,0,0,0,0,0.0,0.0,0,0,0,0,0,0,,0,0,,0
1510805,Mohamed Samy,mohamed-samy,175002,Pyramids FC,0.0,0.0,0,0,0,0,,,0,0,0,0,0.0,0,0,0,0,0,0.0,0,0,0,0,0,0,0.0,0,0,0,0,0.0,0,0.0,0,0.0,0,0.0,0,0,0,0,0,0,0,0,0,0,0,0,0,0,0.0,0,0,0,0,0,0,0,0,0,0,0,0,0,0,0,0,0,0,,,,0,0,0,0,0,0,0,0,0,0,0,0,0,0.0,0.0,0,0,0,0,0,0,0,0,0,0,0,0.0,0.0,0,0,0,0,0,0,,0,0,,0
1511971,Seif Ezzat,seif-ezzat,175002,Pyramids FC,0.0,0.0,0,0,0,0,,,0,0,0,0,0.0,0,0,0,0,0,0.0,0,0,0,0,0,0,0.0,0,0,0,0,0.0,0,0.0,0,0.0,0,0.0,0,0,0,0,0,0,0,0,0,0,0,0,0,0,0.0,0,0,0,0,0,0,0,0,0,0,0,0,0,0,0,0,0,0,,,,0,0,0,0,0,0,0,0,0,0,0,0,0,0.0,0.0,0,0,0,0,0,0,0,0,0,0,0,0.0,0.0,0,0,0,0,0,0,,0,0,,0
1048454,Hossam Ashraf,hossam-ashraf,266626,National Bank of Egypt,0.0,0.0,0,0,0,1,,,0,1,2,3,33.33,0,1,0,0,0,0.0,0,0,0,0,0,0,0.0,1,0,1,0,0.0,0,0.0,0,0.0,3,0.0,0,0,0,0,0,0,0,0,1,0,0,0,0,0,0.0,0,0,0,0,3,0,0,0,5,0,0,0,0,0,0,0,0,0,,,,0,0,0,0,0,0,0,0,0,0,0,0,0,0.0,0.0,0,0,0,0,0,0,0,0,0,0,0,0.0,0.0,0,0,0,0,3,0,,0,0,,1
1397237,Youssef Nader,youssef-nader,175002,Pyramids FC,0.0,0.0,0,0,0,0,,,0,2,0,2,100.0,2,0,0,0,0,0.0,0,0,0,0,0,0,0.0,0,0,0,0,0.0,0,0.0,0,0.0,5,0.0,0,0,0,0,0,0,0,0,0,0,0,0,0,1,100.0,0,0,0,0,0,0,1,1,3,0,0,0,0,0,0,0,0,1,,,,1,0,0,1,0,2,0,0,0,0,0,0,1,0.0,0.0,0,0,0,0,0,0,0,0,1,2,0,0.0,0.0,0,0,1,2,0,0,,0,0,,1
1512417,Mohamed Wagdi,mohamed-wagdi,42366,Ismaily,0.0,0.0,0,0,0,0,,,0,2,1,3,66.67,1,1,1,0,2,66.67,0,0,0,0,0,0,0.0,1,0,1,2,50.0,0,0.0,2,50.0,7,0.0,0,0,0,0,0,0,0,0,1,0,0,0,0,0,0.0,0,0,0,1,4,0,0,0,10,0,0,0,0,0,0,0,0,0,,,,0,0,0,0,0,0,0,0,0,0,0,0,0,0.0,0.0,0,3,0,2,0,0,0,0,0,0,0,0.0,0.0,0,0,0,2,1,0,,0,0,,1
1484073,Ademola Shobowale,ademola-shobowale,42365,Arab Contractors FC,0.0,0.0,0,0,0,0,,,0,0,0,0,0.0,0,0,0,0,0,0.0,0,0,0,0,0,0,0.0,0,0,0,0,0.0,0,0.0,0,0.0,1,0.0,0,0,0,0,0,0,0,0,0,0,0,0,0,0,0.0,0,0,0,0,0,0,0,0,0,0,0,0,0,0,0,0,0,0,,,,0,0,0,0,0,0,0,0,0,0,0,0,0,0.0,0.0,0,0,0,0,0,0,0,0,0,0,0,0.0,0.0,0,0,0,0,0,0,,0,0,,1
1490061,Mohamed El Zareef,mohamed-el-zareef,43560,Al-Masry,0.0,0.0,0,0,0,0,,,0,1,1,2,50.0,0,1,1,0,0,0.0,0,1,0,0,0,0,0.0,0,0,0,0,0.0,1,100.0,1,100.0,3,0.0,0,0,0,0,0,0,0,0,0,0,0,0,0,0,0.0,0,0,0,0,1,0,1,0,3,0,1,0,0,0,0,0,0,0,,,,0,0,0,0,0,0,0,0,0,0,0,0,0,0.0,0.0,0,0,0,0,0,0,0,0,1,0,0,0.0,0.0,0,0,0,1,1,0,,0,0,,1
1093983,Mohamed Hamed,mohamed-hamed,266626,National Bank of Egypt,0.0,0.0,0,0,0,0,,,0,1,1,2,50.0,0,1,0,0,0,0.0,0,1,0,0,0,0,0.0,0,0,0,0,0.0,0,0.0,0,0.0,1,0.0,0,0,0,0,0,0,0,0,0,0,0,0,0,0,0.0,0,0,0,0,1,0,0,0,3,0,0,0,0,0,0,0,0,0,,,,0,0,0,0,0,0,0,0,0,0,0,0,0,0.0,0.0,0,0,0,0,0,0,0,0,0,0,0,0.0,0.0,0,0,0,1,1,0,,0,0,,1
1486441,Amin Mohamed Amin,amin-mohamed-amin,209028,Aswan SC,0.0,0.0,0,0,0,0,,,0,1,0,1,100.0,1,0,0,0,0,0.0,0,0,0,0,0,0,0.0,0,0,0,0,0.0,0,0.0,0,0.0,2,0.0,0,0,0,0,0,0,0,0,0,0,0,0,0,0,0.0,0,0,0,0,0,0,0,0,1,0,0,0,0,0,0,0,0,0,,,,0,0,0,0,0,0,0,0,0,0,0,0,0,0.0,0.0,0,0,0,0,0,0,0,0,0,0,0,0.0,0.0,0,0,0,1,0,0,,0,1,,1
1001785,Alaa Salama,alaa-salama,209028,Aswan SC,0.0,0.0,0,0,0,0,,,0,6,0,6,100.0,0,6,3,0,0,0.0,1,0,0,0,0,0,0.0,0,0,0,1,25.0,0,0.0,1,20.0,6,0.0,0,0,0,0,0,0,0,0,0,0,0,0,0,0,0.0,0,0,0,2,3,0,0,0,12,0,0,0,0,0,0,0,0,0,,,,0,0,0,0,0,0,0,0,0,0,0,0,0,0.0,0.0,0,1,0,4,1,0,0,0,0,0,1,100.0,0.0,0,0,0,0,6,0,,0,0,,1
1418772,Gamal El Said,gamal-el-said,209028,Aswan SC,0.0,0.0,0,0,0,0,,,0,1,0,1,100.0,0,1,1,1,0,0.0,0,0,0,0,0,0,0.0,0,0,0,0,0.0,0,0.0,0,0.0,1,0.0,0,0,0,0,0,0,0,0,0,0,0,0,0,0,0.0,0,0,0,0,0,0,0,0,1,0,0,0,0,0,0,0,0,0,,,,0,0,0,0,0,0,0,0,0,0,0,0,0,0.0,0.0,1,0,0,0,0,0,0,0,0,0,0,0.0,0.0,0,0,0,0,1,0,,0,0,,1
1096093,Ahmed Abdulaziz,ahmed-abdulaziz,241703,Pharco FC,0.0,0.0,0,0,0,0,,,0,0,0,0,0.0,0,0,0,0,0,0.0,0,0,1,0,0,0,0.0,0,0,0,0,0.0,0,0.0,0,0.0,90,0.0,0,0,0,0,0,0,0,0,0,0,0,0,0,0,0.0,0,0,0,0,0,0,0,0,0,0,0,0,0,0,0,0,0,0,,,,0,0,0,0,0,0,0,0,0,0,0,0,1,0.0,0.0,0,0,0,0,0,0,0,0,0,0,0,0.0,0.0,0,0,0,0,0,0,,0,0,,1
918538,Hesham Fathallah,hesham-fathallah,241703,Pharco FC,0.0,0.0,0,0,0,0,,,0,0,0,0,0.0,0,0,0,0,0,0.0,0,0,0,0,0,0,0.0,0,0,0,0,0.0,0,0.0,0,0.0,1,0.0,0,0,0,0,0,0,0,0,0,0,0,0,0,0,0.0,0,0,0,0,0,0,0,0,0,0,0,0,0,0,0,0,0,0,,,,0,0,0,0,0,0,0,0,0,0,0,0,0,0.0,0.0,0,0,0,1,1,0,0,0,0,0,0,0.0,0.0,0,0,0,0,0,0,,0,0,,1
1001878,Elhusseini Samir,elhusseini-samir,209028,Aswan SC,0.0,0.0,0,0,0,0,,,0,5,1,6,83.33,2,3,1,0,0,0.0,0,0,0,0,0,0,0.0,1,0,1,0,0.0,2,100.0,2,66.67,6,0.0,0,0,0,0,0,0,0,0,1,0,0,0,0,2,66.67,0,0,0,0,1,0,1,0,7,0,0,0,0,1,0,0,0,0,,,,0,0,0,0,0,1,0,0,0,0,0,0,0,0.0,0.0,0,0,0,1,0,0,0,0,3,1,0,0.0,0.0,0,0,0,2,4,0,,0,0,,1
1103621,Abdelrahman Hassan,abdelrahman-hassan,371622,Cleopatra FC,0.0,0.0,0,0,0,0,,,0,4,0,4,100.0,0,4,3,0,1,100.0,0,0,0,0,0,0,0.0,0,0,0,1,100.0,0,0.0,1,100.0,6,0.0,0,0,0,0,0,0,0,0,0,0,0,0,0,0,0.0,0,0,0,0,3,0,0,0,8,0,0,0,0,0,0,0,0,0,,,,0,0,0,0,0,1,0,0,0,0,0,0,0,0.0,0.0,0,1,2,0,0,0,0,0,0,1,0,0.0,0.0,0,0,0,0,6,0,,0,0,,1
1441623,Mustafa Abdelkader,mustafa-abdelkader,58317,El Dakhlya,0.0,0.0,0,0,0,0,,,0,0,0,0,0.0,0,0,0,0,0,0.0,0,0,0,0,0,0,0.0,0,0,0,0,0.0,0,0.0,0,0.0,3,0.0,0,0,0,0,0,0,0,0,0,0,0,0,0,0,0.0,0,0,0,0,0,0,0,0,0,0,0,0,0,0,0,0,0,0,,,,0,0,0,0,0,0,0,0,0,0,0,0,0,0.0,0.0,0,0,0,0,0,0,0,0,0,0,0,0.0,0.0,0,0,0,0,0,0,,0,0,,1
1497701,Gamal Montasser,gamal-montasser,58317,El Dakhlya,0.0,0.0,0,0,0,0,,,0,1,0,1,100.0,0,1,1,0,0,0.0,0,0,0,0,0,0,0.0,0,0,0,0,0.0,0,0.0,0,0.0,4,0.0,0,0,0,0,0,0,0,0,0,0,0,0,0,0,0.0,0,0,0,0,0,0,0,0,1,0,0,0,0,0,0,0,0,0,,,,0,0,0,0,0,0,0,0,0,0,0,0,0,0.0,0.0,0,0,0,1,1,0,0,0,0,0,0,0.0,0.0,0,0,0,0,1,0,,0,0,,1
1217909,Bello Babatunde Martins,bello-babatunde-martins,265830,Modern Sport FC,0.0,0.0,0,0,0,0,,,0,2,1,3,66.67,1,1,0,0,0,0.0,0,1,0,0,0,0,0.0,0,0,0,0,0.0,0,0.0,0,0.0,47,0.0,0,0,0,0,0,0,0,0,0,0,0,0,0,0,0.0,0,0,0,0,1,0,0,0,4,0,0,0,0,0,0,0,0,0,,,,0,0,0,0,0,0,0,0,0,0,0,0,1,0.0,0.0,0,0,0,0,0,0,0,0,0,0,0,0.0,0.0,0,0,0,1,2,0,,0,0,,2
1497640,Atef Al Hakim,atef-al-hakim,58319,Ghazl El Mahalla FC,0.0,0.0,0,0,0,0,,,0,2,0,2,100.0,0,2,2,1,0,0.0,0,0,0,0,0,0,0.0,0,0,0,0,0.0,0,0.0,0,0.0,21,0.0,0,0,0,0,0,0,0,0,0,0,0,0,0,0,0.0,0,0,0,0,1,0,0,0,3,0,0,0,0,0,0,0,0,0,,,,0,0,0,0,0,0,0,0,0,0,0,0,0,0.0,0.0,1,0,1,1,1,0,0,0,0,0,0,0.0,0.0,0,0,0,0,3,0,,0,0,,2
1175429,Ibrahim Sheta,ibrahim-sheta,175002,Pyramids FC,0.0,0.0,0,0,0,0,,,0,1,0,1,100.0,1,0,0,0,0,0.0,0,0,0,0,0,0,0.0,0,0,0,0,0.0,0,0.0,0,0.0,2,0.0,0,0,0,0,0,0,0,0,0,0,0,0,0,0,0.0,0,0,0,0,0,0,0,0,1,0,0,0,0,0,0,0,0,0,,,,0,0,0,0,0,0,0,0,0,0,0,0,0,0.0,0.0,0,0,0,0,0,0,0,0,0,0,0,0.0,0.0,0,0,0,1,0,0,,0,0,,2
962152,Ahmad Algeaidy,ahmad-algeaidy,58319,Ghazl El Mahalla FC,0.0,0.0,0,0,0,0,,,0,9,0,9,100.0,1,8,5,0,0,0.0,0,0,0,0,0,0,0.0,0,0,0,0,0.0,0,0.0,0,0.0,9,0.0,0,0,0,0,0,0,0,0,0,0,0,0,0,0,0.0,0,0,0,2,5,0,0,0,16,0,0,0,0,0,1,0,0,0,,,,0,0,0,0,0,2,0,0,0,0,0,0,0,0.0,0.0,0,1,0,3,0,0,0,0,0,2,0,0.0,0.0,0,0,0,1,8,0,,0,2,,3
