player_id,player_name,player_slug,team_id,team_name,rating,totalRating,countRating,goals,bigChancesCreated,bigChancesMissed,assists,expectedAssists,goalsAssistsSum,accuratePasses,inaccuratePasses,totalPasses,accuratePassesPercentage,accurateOwnHalfPasses,accurateOppositionHalfPasses,accurateFinalThirdPasses,keyPasses,successfulDribbles,successfulDribblesPercentage,tackles,interceptions,yellowCards,directRedCards,redCards,accurateCrosses,accurateCrossesPercentage,totalShots,shotsOnTarget,shotsOffTarget,groundDuelsWon,groundDuelsWonPercentage,aerialDuelsWon,aerialDuelsWonPercentage,totalDuelsWon,totalDuelsWonPercentage,minutesPlayed,goalConversionPercentage,penaltiesTaken,penaltyGoals,penaltyWon,penaltyConceded,shotFromSetPiece,freeKickGoal,goalsFromInsideTheBox,goalsFromOutsideTheBox,shotsFromInsideTheBox,shotsFromOutsideTheBox,headedGoals,leftFootGoals,rightFootGoals,accurateLongBalls,accurateLongBallsPercentage,clearances,errorLeadToGoal,errorLeadToShot,dispossessed,possessionLost,possessionWonAttThird,totalChippedPasses,accurateChippedPasses,touches,wasFouled,fouls,hitWoodwork,ownGoals,dribbledPast,offsides,blockedShots,passToAssist,saves,kilometersCovered,numberOfSprints,topSpeed,cleanSheet,penaltyFaced,penaltySave,savedShotsFromInsideTheBox,savedShotsFromOutsideTheBox,goalsConcededInsideTheBox,goalsConcededOutsideTheBox,punches,runsOut,successfulRunsOut,highClaims,crossesNotClaimed,matchesStarted,penaltyConversion,setPieceConversion,totalAttemptAssist,totalContest,totalCross,duelLost,aerialLost,attemptPenaltyMiss,attemptPenaltyPost,attemptPenaltyTarget,totalLongBalls,goalsConceded,tacklesWon,tacklesWonPercentage,scoringFrequency,yellowRedCards,savesCaught,savesParried,totalOwnHalfPasses,totalOppositionHalfPasses,totwAppearances,expectedGoals,goalKicks,ballRecovery,outfielderBlocks,appearances
1010884,Hussein Taimor,hussein-taimor,43563,Smouha,8.0,8.0,1,0,0,0,0,,0,11,18,29,37.93,3,8,3,0,0,0.0,0,0,1,0,0,0,0.0,0,0,0,0,0.0,1,100.0,1,100.0,90,0.0,0,0,0,0,0,0,0,0,0,0,0,0,0,9,33.33,5,0,0,0,18,0,0,0,43,0,0,0,0,0,0,0,0,4,,,,1,0,0,2,2,0,0,4,0,0,1,0,1,0.0,0.0,0,0,0,0,0,0,0,0,27,0,0,0.0,0.0,0,0,2,3,26,0,,16,10,,1
967032,Emam Ashour,emam-ashour,6910,Al Ahly FC,7.8,179.5,23,13,6,5,7,,20,655,161,816,80.27,191,472,273,35,27,46.55,18,10,2,0,0,8,22.86,101,40,40,101,54.3,20,62.5,121,55.5,2001,12.87,4,2,2,0,0,0,10,3,53,48,0,2,11,44,67.69,5,0,0,28,320,14,48,26,1245,56,17,3,0,11,4,21,0,0,,,,6,0,0,0,0,11,2,0,0,0,0,0,23,50.0,0.0,35,58,35,97,12,1,1,0,65,13,14,77.78,153.92,0,0,0,213,638,11,,0,88,,23
547494,Zizo,zizo,42368,Zamalek SC,7.41,111.2,15,3,2,2,2,,5,427,77,504,84.72,93,367,203,34,6,28.57,5,3,4,0,0,33,30.56,37,11,22,40,45.98,3,17.65,43,41.35,1288,8.11,2,2,0,0,1,0,3,0,26,11,0,0,3,24,64.86,6,0,0,13,229,10,31,17,799,29,17,2,0,4,7,4,0,0,,,,4,0,0,0,0,14,0,0,0,0,0,0,14,100.0,0.0,34,21,108,61,14,0,0,0,37,14,3,60.0,429.33,0,0,0,103,509,3,,0,47,,15
839719,Wessam Abou Ali,wessam-abou-ali,6910,Al Ahly FC,7.39,118.2,16,10,2,1,3,,13,164,54,218,75.23,43,122,77,18,4,33.33,10,2,1,0,0,1,12.5,43,20,14,25,36.76,18,34.62,43,35.83,1183,23.26,0,0,0,0,12,3,7,3,30,13,1,0,9,7,70.0,12,0,0,18,128,6,7,6,401,11,13,1,0,6,9,9,0,0,,,,5,0,0,0,0,5,1,0,0,0,0,0,13,0.0,25.0,18,12,8,77,34,0,0,0,10,6,7,70.0,118.3,0,0,0,52,174,3,,0,23,,16
918606,Hussein El Shahat,hussein-el-shahat,6910,Al Ahly FC,7.39,177.3,24,5,4,1,5,,10,515,167,682,75.51,126,416,223,45,16,55.17,23,6,0,0,0,27,32.53,29,14,10,55,54.46,8,32.0,63,50.0,1495,17.24,0,0,1,0,0,0,4,1,24,5,0,0,5,33,60.0,8,0,0,13,292,9,47,26,1003,16,9,1,0,12,7,5,0,0,,,,2,0,0,0,0,8,1,0,0,0,0,0,17,0.0,0.0,45,29,83,63,17,0,0,0,55,9,18,78.26,299.0,0,0,0,152,613,6,,0,54,,24
1064939,Taher Mohamed,taher-mohamed,6910,Al Ahly FC,7.34,73.4,10,4,1,0,3,,7,180,59,239,75.31,51,135,81,12,5,33.33,6,5,3,0,0,6,40.0,15,8,3,26,46.43,17,68.0,43,53.09,710,26.67,0,0,1,0,0,0,4,0,12,3,0,0,4,6,37.5,4,0,0,10,113,7,17,4,376,15,10,0,0,1,2,4,0,0,,,,1,0,0,0,0,7,1,0,0,0,0,0,9,0.0,0.0,12,15,15,38,8,0,0,0,16,8,6,100.0,177.5,0,0,0,58,196,3,,0,25,,10
1018588,Ahmed Kendouci,ahmed-kendouci,371622,Cleopatra FC,7.33,109.9,15,3,8,3,6,,9,432,157,589,73.34,117,330,194,26,16,53.33,16,11,2,1,1,15,21.43,34,13,10,47,38.84,8,40.0,55,39.01,1340,8.82,0,0,0,0,2,0,3,0,18,16,0,2,1,27,54.0,9,0,0,19,295,8,57,24,890,15,28,1,0,16,1,11,0,0,,,,2,0,0,0,0,12,4,0,0,0,0,0,15,0.0,0.0,26,30,70,86,12,0,0,0,50,16,10,62.5,446.67,0,0,0,142,517,2,,0,77,,15
1008171,Ibrahim Adel,ibrahim-adel,175002,Pyramids FC,7.32,153.7,21,8,2,1,6,,14,377,138,515,73.2,99,288,152,31,26,36.62,21,7,1,0,0,10,26.32,51,29,15,75,43.1,16,42.11,91,42.92,1693,15.69,0,0,2,0,0,0,7,1,36,15,1,0,7,19,52.78,4,0,0,26,306,12,23,12,880,28,20,1,0,9,8,7,0,0,,,,4,0,0,0,0,12,3,0,0,0,0,0,19,0.0,0.0,31,71,38,121,22,0,0,0,36,15,18,85.71,211.63,0,0,0,120,433,4,,0,56,,21
1084410,Abdel Rahman Rashdan,abdel-rahman-rashdan,265830,Modern Sport FC,7.31,51.2,7,1,2,0,0,,1,205,57,262,78.24,131,80,36,4,1,50.0,11,5,1,0,0,6,54.55,4,1,2,21,75.0,6,60.0,27,71.05,433,25.0,0,0,0,0,1,0,1,0,2,2,0,0,1,21,40.38,14,0,0,1,79,0,32,13,354,9,2,0,0,3,0,1,0,0,,,,2,0,0,0,0,2,0,0,0,0,0,0,4,0.0,0.0,4,2,11,11,4,0,0,0,52,2,9,81.82,433.0,0,0,0,148,125,2,,0,15,,7
919642,Mohamed Chibi,chibi-mohamed,175002,Pyramids FC,7.31,168.2,23,3,6,0,7,,10,857,243,1100,77.91,424,470,223,39,14,43.75,26,32,9,0,0,37,22.84,8,4,0,57,48.72,19,63.33,76,51.7,1934,37.5,0,0,0,0,4,0,0,3,0,8,0,0,3,127,54.98,49,0,0,7,453,1,171,79,1692,17,23,0,0,13,2,4,0,0,,,,6,0,0,0,0,13,3,0,0,0,0,0,22,0.0,0.0,39,32,162,71,11,0,0,0,231,16,21,80.77,644.67,0,0,0,472,790,6,,0,96,,23
78930,Dodo El Gabas,dodo-el-gabas,175002,Pyramids FC,7.3,7.3,1,1,0,0,0,,1,1,1,2,50.0,0,1,0,0,0,0.0,0,0,0,0,0,0,0.0,1,1,0,1,100.0,0,0.0,1,100.0,15,100.0,0,0,0,0,0,0,1,0,1,0,0,0,1,0,0.0,0,0,0,0,3,0,1,0,6,1,0,0,0,0,0,0,0,0,,,,0,0,0,0,0,0,0,0,0,0,0,0,0,0.0,0.0,0,0,0,0,0,0,0,0,0,0,0,0.0,15.0,0,0,0,0,2,0,,0,0,,3
1970596,Youssef Afifi,youssef-afifi,371622,Cleopatra FC,7.3,7.3,1,0,0,0,0,,0,27,5,32,84.38,12,15,7,0,1,50.0,5,3,0,0,0,0,0.0,1,0,1,6,54.55,0,0.0,6,46.15,91,0.0,0,0,0,0,0,0,0,0,0,1,0,0,0,1,33.33,5,0,0,1,12,0,3,2,66,0,1,0,0,2,0,0,0,0,,,,1,0,0,0,0,0,0,0,0,0,0,0,1,0.0,0.0,0,2,1,7,2,0,0,0,3,0,4,80.0,0.0,0,0,0,14,19,0,,0,6,,2
796467,Achraf Bencharki,achraf-bencharki,6910,Al Ahly FC,7.29,72.9,10,3,0,0,2,,5,267,43,310,86.13,82,195,90,19,12,46.15,10,2,0,0,0,10,41.67,19,9,6,26,42.62,2,33.33,28,41.79,628,15.79,0,0,0,0,0,0,3,0,15,4,1,0,2,9,60.0,2,0,0,5,101,5,10,4,444,4,12,1,0,9,4,4,0,0,,,,0,0,0,0,0,5,0,0,0,0,0,0,8,0.0,0.0,19,26,24,39,4,0,0,0,15,5,9,90.0,209.33,0,0,0,87,247,1,,0,34,,10
804430,Ali Gabr,ali-gabr,175002,Pyramids FC,7.27,109.1,15,3,1,0,1,,4,629,140,769,81.79,501,128,31,3,1,100.0,15,10,3,0,0,0,0.0,10,5,5,21,48.84,51,77.27,72,66.06,1213,30.0,0,0,0,1,0,0,3,0,10,0,1,0,2,60,45.45,86,0,0,0,150,1,68,29,947,5,19,0,0,3,2,0,0,0,,,,6,0,0,0,0,9,1,0,0,0,0,0,13,0.0,0.0,3,1,0,37,15,0,0,0,132,10,11,73.33,404.33,0,0,0,556,213,3,,1,38,,15
918505,Nabil Donga,nabil-donga,42368,Zamalek SC,7.22,144.4,20,1,0,0,2,,3,1044,192,1236,84.47,489,555,202,12,5,55.56,39,31,7,0,0,0,0.0,30,4,20,75,60.0,19,55.88,94,59.12,1713,3.33,0,0,0,0,0,0,0,1,11,19,0,0,1,107,60.8,18,0,0,12,230,7,125,69,1467,31,22,0,0,13,3,6,0,0,,,,6,0,0,0,0,15,0,0,0,0,0,0,20,0.0,0.0,12,9,2,65,15,0,0,0,176,15,31,79.49,1713.0,0,0,0,547,691,4,,0,109,,20
295339,Rami Rabia,rami-rabia,6910,Al Ahly FC,7.22,137.1,19,1,1,0,1,,2,849,155,1004,84.56,557,293,92,7,9,100.0,29,10,2,0,0,1,100.0,22,7,11,50,71.43,59,66.29,109,68.55,1566,4.55,0,0,0,1,0,0,1,0,17,5,1,0,0,84,50.6,71,0,0,5,173,2,112,52,1212,12,14,0,1,3,3,4,0,0,,,,6,0,0,0,0,11,2,0,0,0,0,0,19,0.0,0.0,7,9,1,50,30,0,0,0,166,13,22,75.86,1566.0,0,0,0,602,403,4,,0,88,,20
1035892,Nejc Gradišar,nejc-gradisar,6910,Al Ahly FC,7.21,101.0,14,5,1,1,5,,10,145,50,195,74.36,36,113,67,15,3,75.0,2,1,2,0,0,4,66.67,17,8,7,10,34.48,19,42.22,29,39.19,726,29.41,0,0,2,0,0,0,4,1,15,2,0,1,4,7,87.5,11,0,0,8,88,3,10,6,291,5,6,1,0,4,4,2,0,0,,,,2,0,0,0,0,4,1,0,0,0,0,0,8,0.0,0.0,15,4,6,45,26,0,0,0,8,5,2,100.0,145.2,0,0,0,43,158,1,,0,22,,14
918486,Islam Issa,islam-issa,371622,Cleopatra FC,7.21,180.3,25,7,1,1,3,,10,550,177,727,75.65,175,390,216,26,14,51.85,28,15,3,0,0,15,21.74,34,20,9,71,52.59,17,41.46,88,50.0,1705,20.59,0,0,0,0,0,0,7,0,25,9,2,2,3,22,48.89,13,0,0,20,319,8,40,19,1086,29,16,0,0,17,6,5,0,0,,,,1,0,0,0,0,22,3,0,0,0,0,0,21,0.0,0.0,26,27,69,88,24,0,0,0,45,25,19,67.86,243.57,0,0,0,214,582,4,,0,79,,25
332547,Ali Maâloul,ali-maaloul,6910,Al Ahly FC,7.2,14.4,2,0,1,0,1,,1,34,9,43,79.07,12,24,13,4,1,100.0,0,2,0,0,0,2,33.33,0,0,0,1,100.0,2,100.0,3,100.0,48,0.0,0,0,0,0,0,0,0,0,0,0,0,0,0,3,50.0,0,0,0,0,14,0,1,0,57,0,1,0,0,0,0,0,0,0,,,,0,0,0,0,0,0,0,0,0,0,0,0,0,0.0,0.0,4,1,6,0,0,0,0,0,6,0,0,0.0,0.0,0,0,0,14,35,0,,0,5,,3
826545,Mohamed Hany,mohamed-hany,6910,Al Ahly FC,7.19,107.9,15,1,0,0,1,,2,604,126,730,82.74,306,310,141,16,9,52.94,31,17,1,0,0,12,21.43,10,3,2,56,70.89,13,43.33,69,63.3,1328,10.0,0,0,0,1,0,0,1,0,3,7,0,0,1,51,50.5,31,0,0,2,210,0,68,32,1068,16,8,0,0,5,0,5,0,0,,,,6,0,0,0,0,9,2,0,0,0,0,0,15,0.0,0.0,16,17,56,40,17,0,0,0,101,11,25,80.65,1328.0,0,0,0,341,445,2,,0,62,,15
1425274,Mahmoud Zalaka,mahmoud-zalaka,371622,Cleopatra FC,7.19,158.2,22,8,3,2,2,,10,309,126,435,71.03,91,219,150,19,27,44.26,24,8,1,0,0,1,11.11,54,22,21,72,45.57,19,40.43,91,44.39,1549,14.81,0,0,3,0,0,0,8,0,45,9,0,2,6,5,31.25,8,0,0,21,272,17,20,5,785,21,28,2,0,7,17,11,0,0,,,,0,0,0,0,0,15,3,0,0,0,0,0,19,0.0,0.0,19,61,9,114,28,0,0,0,16,18,16,66.67,193.63,0,0,0,110,334,2,,0,69,,22
918693,Karim El Deeb,karim-el-deeb,35187,Al-Ittihad Alexandria,7.19,150.9,21,2,4,0,2,,4,660,174,834,79.14,291,388,174,26,19,47.5,35,11,4,0,0,19,19.79,24,8,13,72,51.8,43,67.19,115,56.65,1721,8.33,1,1,0,0,2,0,2,0,11,13,0,2,0,50,52.63,24,0,0,12,337,7,93,51,1230,18,24,0,1,13,1,3,0,0,,,,8,0,0,0,0,14,2,0,0,0,0,0,20,100.0,0.0,26,40,96,88,21,0,0,0,95,16,25,71.43,860.5,0,0,0,334,596,5,,0,114,,21
979064,Hesham Adel,hesham-adel,43564,ENPPI,7.18,43.1,6,2,1,0,0,,2,115,49,164,70.12,83,33,12,3,1,100.0,12,1,0,0,0,1,100.0,3,2,1,14,73.68,13,68.42,27,71.05,496,66.67,1,1,0,0,0,0,2,0,3,0,1,0,1,21,40.38,25,0,0,2,54,0,32,12,234,1,0,0,0,3,2,0,0,0,,,,1,0,0,0,0,7,0,0,0,0,0,0,6,100.0,0.0,3,1,1,11,6,0,0,0,52,7,9,75.0,248.0,0,0,0,93,72,2,,0,13,,6
198472,Abdallah El-Said,abdallah-el-said,42368,Zamalek SC,7.18,150.8,21,5,2,1,3,,8,892,164,1056,84.47,348,565,280,33,6,27.27,15,7,1,0,0,21,38.89,29,8,13,35,39.77,5,50.0,40,40.82,1641,17.24,3,3,0,0,5,0,4,1,13,16,0,0,5,71,61.21,10,0,0,15,271,6,111,59,1311,14,10,1,0,14,2,8,0,0,,,,2,0,0,0,0,16,0,0,0,0,0,0,19,100.0,0.0,33,22,54,58,5,0,0,0,116,16,11,73.33,328.2,0,0,0,379,731,3,,0,80,,21
1973176,Ahmed Reda,ahmed-hashem,6910,Al Ahly FC,7.17,114.7,16,3,2,0,1,,4,374,136,510,73.33,171,203,94,8,9,56.25,48,22,2,0,0,0,0.0,25,6,13,63,59.43,32,59.26,95,59.38,1108,12.0,0,0,0,0,0,0,1,2,3,22,1,0,2,21,46.67,24,0,0,9,183,6,44,28,721,6,20,0,0,7,0,6,0,0,,,,4,0,0,0,0,7,3,0,0,0,0,0,12,0.0,0.0,8,16,4,65,22,0,0,0,45,10,35,72.92,369.33,0,0,0,215,299,3,,0,79,,16
933892,Abderrahim Deghmoum,abderrahim-deghmoum,43560,Al-Masry,7.17,157.7,22,0,3,1,6,,6,589,172,761,77.4,151,457,265,33,34,47.89,37,12,7,0,0,19,24.05,23,7,8,122,53.98,12,41.38,134,52.55,1738,0.0,0,0,0,0,0,0,0,0,14,9,0,0,0,20,38.46,4,0,0,34,370,14,56,25,1211,51,31,0,0,6,4,8,0,0,,,,3,0,0,0,0,12,2,0,0,0,0,0,19,0.0,0.0,33,71,79,121,17,0,0,0,52,14,34,91.89,0.0,0,0,0,174,666,3,,0,66,,22
1094531,Rashad Metwaly,rashad-metwaly,43567,Petrojet,7.16,179.0,25,6,4,4,5,,11,472,209,681,69.31,137,348,191,46,16,39.02,34,13,1,0,0,13,20.63,56,19,26,78,51.66,23,41.07,101,48.79,2072,10.71,5,4,1,0,2,0,6,0,30,26,0,0,6,37,42.05,7,0,0,21,356,16,99,40,1037,28,15,1,0,14,8,11,0,0,,,,0,0,0,0,0,27,4,0,0,0,0,0,25,80.0,0.0,46,41,63,106,33,1,0,0,88,31,28,82.35,345.33,0,0,0,178,566,3,,0,101,,25
1106047,Ahmed Sobhi,ahmed-sobhi,266626,National Bank of Egypt,7.16,50.1,7,0,0,0,0,,0,75,69,144,52.08,47,28,8,0,0,0.0,0,0,1,0,0,0,0.0,0,0,0,2,100.0,9,90.0,11,91.67,550,0.0,0,0,0,0,0,0,0,0,0,0,0,0,0,40,37.04,7,0,0,0,71,0,7,5,216,2,0,0,0,0,0,0,0,19,,,,2,1,0,11,8,4,0,1,1,1,11,0,6,0.0,0.0,0,0,0,1,1,0,0,0,108,4,0,0.0,0.0,0,0,1,60,84,0,,69,63,,7
1063327,Hossam Abdelmaguid,hossam-abdelmaguid,42368,Zamalek SC,7.15,171.7,24,2,0,1,0,,2,1164,208,1372,84.84,829,335,84,0,5,100.0,32,26,2,0,0,0,0.0,16,6,5,53,74.65,60,67.42,113,70.63,2107,12.5,1,1,0,0,0,0,2,0,12,4,1,0,1,106,47.32,98,0,0,0,231,2,95,40,1651,16,15,0,0,4,0,5,0,0,,,,7,0,0,0,0,22,0,0,0,0,0,0,24,100.0,0.0,0,5,3,47,29,0,0,0,224,22,25,78.13,1053.5,0,0,0,911,464,1,,0,86,,24
1011207,Mohamed Shehata,mohamed-shehata,42368,Zamalek SC,7.15,128.7,18,2,2,0,2,,4,671,114,785,85.48,286,392,168,11,8,38.1,33,14,4,0,1,7,33.33,15,5,8,63,50.81,17,60.71,80,52.63,1441,13.33,0,0,0,0,0,0,0,2,5,10,0,1,1,56,62.92,25,0,0,8,183,5,70,46,1039,22,33,1,0,11,0,2,0,0,,,,6,0,0,0,0,14,0,0,0,0,0,0,17,0.0,0.0,11,21,21,72,11,0,0,0,89,14,26,78.79,720.5,1,0,0,316,490,3,,0,76,,18
159645,Mahmoud Alaa,mahmoud-alaa,35187,Al-Ittihad Alexandria,7.15,42.9,6,1,0,0,0,,1,157,29,186,84.41,113,44,21,1,1,100.0,5,5,2,0,0,0,0.0,4,1,3,6,60.0,13,86.67,19,76.0,394,25.0,1,1,0,0,0,0,1,0,4,0,0,0,1,26,56.52,21,0,0,0,34,0,25,14,239,0,4,0,0,0,2,0,0,0,,,,2,0,0,0,0,3,0,0,0,0,0,0,4,100.0,0.0,1,1,3,6,2,0,0,0,46,3,5,100.0,394.0,0,0,0,123,66,2,,1,13,,6
1048067,Osama Faisal,osama-faisal,266626,National Bank of Egypt,7.15,164.4,23,12,3,2,1,,13,408,178,586,69.62,134,279,153,19,23,36.51,25,10,6,0,0,5,15.63,44,14,22,89,45.18,61,44.85,150,45.05,2032,27.27,6,6,0,0,0,0,12,0,39,5,1,0,11,25,51.02,16,0,0,27,355,3,36,16,972,41,33,1,0,10,14,8,0,0,,,,5,0,0,0,0,25,2,0,0,0,0,0,23,100.0,0.0,19,63,32,183,75,0,0,0,49,27,20,80.0,169.33,0,0,0,161,457,3,,1,66,,23
333441,Yasser Ibrahim,yasser-ibrahim,6910,Al Ahly FC,7.15,92.9,13,0,0,1,1,,1,528,82,610,86.56,385,143,42,2,3,60.0,18,9,1,0,0,0,0.0,12,1,9,31,67.39,30,57.69,61,62.24,1119,0.0,0,0,0,1,0,0,0,0,10,2,0,0,0,46,55.42,29,0,0,3,92,1,35,19,738,10,8,0,0,4,0,2,0,0,,,,8,0,0,0,0,6,1,0,0,0,0,0,12,0.0,0.0,2,5,0,37,22,0,0,0,83,7,13,72.22,0.0,0,0,0,422,188,1,,0,56,,13
1914171,Alpha Boubacar Keita,alfa-boubakr-keita,266626,National Bank of Egypt,7.13,21.4,3,0,0,0,0,,0,76,11,87,87.36,33,43,22,1,6,66.67,6,2,0,0,0,0,0.0,2,1,1,17,68.0,0,0.0,17,65.38,165,0.0,0,0,0,0,0,0,0,0,1,1,0,0,0,10,83.33,4,0,0,1,24,1,3,1,149,5,3,0,0,1,0,0,0,0,,,,0,0,0,0,0,3,1,0,0,0,0,0,1,0.0,0.0,1,9,4,9,1,0,0,0,12,4,4,66.67,0.0,0,0,0,37,54,1,,0,10,,3
899903,Yaw Annor,yaw-annor,266626,National Bank of Egypt,7.13,156.8,22,10,2,5,4,,14,209,98,307,68.08,56,156,105,16,18,48.65,17,6,5,1,1,3,12.0,61,21,30,62,44.6,9,23.08,71,39.89,1854,16.39,0,0,3,0,2,0,8,2,41,20,1,3,5,12,42.86,2,0,0,18,243,16,14,5,624,27,28,0,0,12,16,10,0,0,,,,2,0,0,0,0,22,1,0,0,0,0,0,21,0.0,0.0,16,37,25,107,30,0,0,0,28,23,15,88.24,185.4,0,0,0,72,260,3,,0,61,,22
918920,Salah Mohsen,salah-mohsen,43560,Al-Masry,7.12,156.7,22,8,2,3,1,,9,224,104,328,68.29,81,147,84,11,4,25.0,7,4,2,0,0,4,23.53,42,20,19,26,43.33,51,49.51,77,47.24,1441,19.05,0,0,0,0,0,0,7,1,38,4,5,0,3,12,63.16,12,0,0,12,179,3,19,12,508,15,10,6,0,2,21,3,0,0,,,,1,0,0,0,0,9,2,0,0,0,0,0,19,0.0,0.0,11,16,17,86,52,0,0,0,19,11,6,85.71,180.13,0,0,0,94,251,2,,0,27,,22
918773,Mohamed Reda,mohamed-reda,371622,Cleopatra FC,7.12,78.3,11,4,2,0,4,,8,199,66,265,75.09,65,137,90,11,9,39.13,15,3,1,0,0,3,15.79,13,7,4,29,52.73,2,22.22,31,48.44,638,30.77,0,0,0,0,1,0,4,0,10,3,1,1,2,9,33.33,1,1,0,2,127,0,23,9,387,5,6,1,0,4,3,2,0,0,,,,1,0,0,0,0,7,1,0,0,0,0,0,7,0.0,0.0,11,23,19,33,7,0,0,0,27,8,11,73.33,159.5,0,0,0,76,208,2,,0,20,,11
1013699,Marwan Attia,attia-marwan,6910,Al Ahly FC,7.12,163.7,23,2,1,0,1,,3,1254,204,1458,86.01,579,686,258,17,3,33.33,40,29,2,0,0,11,50.0,20,5,5,60,55.56,2,13.33,62,50.41,1975,10.0,2,2,0,0,0,0,2,0,3,17,0,0,2,106,58.24,21,0,0,6,244,5,133,77,1684,17,21,0,0,15,2,10,0,0,,,,10,0,0,0,0,12,1,0,0,0,0,0,23,100.0,0.0,17,9,22,61,13,0,0,0,182,13,32,80.0,987.5,0,0,0,628,852,2,,0,142,,23
1048378,Mostafa Shobeir,mostafa-shobeir,6910,Al Ahly FC,7.11,49.8,7,0,0,0,0,,0,91,24,115,79.13,87,4,1,0,0,0.0,1,0,0,0,0,0,0.0,0,0,0,5,100.0,1,100.0,6,100.0,566,0.0,0,0,0,0,0,0,0,0,0,0,0,0,0,17,41.46,0,0,0,0,25,0,6,4,180,4,0,0,0,0,0,0,0,16,,,,5,1,0,9,7,1,0,0,0,0,3,0,6,0.0,0.0,0,0,0,0,0,0,0,0,41,1,1,100.0,0.0,0,0,0,94,21,1,,44,51,,7
918815,Reda Sayed,reda-sayed,43564,ENPPI,7.11,99.6,14,0,0,0,0,,0,224,175,399,56.14,140,84,41,0,0,0.0,0,0,2,0,0,0,0.0,0,0,0,6,100.0,2,100.0,8,100.0,1260,0.0,0,0,0,0,0,0,0,0,0,0,0,0,0,106,38.41,12,0,0,0,179,0,41,11,534,6,1,0,0,0,0,0,0,37,,,,7,7,2,26,11,10,1,2,2,2,3,0,14,0.0,0.0,0,0,0,0,0,0,0,0,276,11,0,0.0,0.0,0,0,1,159,240,2,,123,145,,14
918743,Omar Kamal,omar-kamal,6910,Al Ahly FC,7.11,56.9,8,0,1,0,2,,2,161,23,184,87.5,69,96,42,7,3,42.86,7,1,0,0,0,4,26.67,7,1,4,17,70.83,8,80.0,25,73.53,361,0.0,0,0,1,0,0,0,0,0,4,3,0,0,0,10,62.5,8,0,0,2,56,1,14,5,286,8,1,0,0,1,0,2,0,0,,,,1,0,0,0,0,1,1,0,0,0,0,0,3,0.0,0.0,7,7,15,9,2,0,0,0,16,2,6,85.71,0.0,0,0,0,74,125,2,,0,20,,8
918621,Mahmoud Hamada,hamada-mahmoud,43560,Al-Masry,7.11,135.1,19,2,1,0,1,,3,950,147,1097,86.6,414,538,242,13,8,57.14,23,14,0,0,0,2,28.57,21,3,8,36,48.0,36,56.25,72,51.8,1629,9.52,0,0,0,0,0,0,1,1,9,12,0,0,2,59,71.08,38,0,0,9,195,3,55,31,1294,5,14,0,0,10,2,10,0,0,,,,10,0,0,0,0,9,3,0,0,0,0,0,18,0.0,0.0,13,14,7,67,28,0,0,0,83,12,18,78.26,814.5,0,0,0,457,647,3,,0,94,,19
1980828,Mohamed Alaa,mohamed-alaa,43565,El Gouna FC,7.11,163.5,23,0,0,0,0,,0,225,326,551,40.83,111,114,44,2,0,0.0,0,0,3,0,0,0,0.0,0,0,0,13,92.86,13,92.86,26,92.86,2070,0.0,0,0,0,0,0,0,0,0,0,0,0,0,0,129,28.67,42,1,0,0,332,0,16,9,760,11,0,0,0,1,0,0,0,73,,,,11,2,0,51,21,15,3,12,6,6,19,0,23,0.0,0.0,2,0,0,2,1,0,0,0,450,18,0,0.0,0.0,0,0,4,149,402,2,,232,222,,23
1117419,Ahmed El Aash,ahmed-el-aash,43565,El Gouna FC,7.1,163.4,23,0,0,0,0,,0,468,266,734,63.76,298,170,77,3,2,33.33,32,23,3,0,0,0,0.0,9,4,3,44,65.67,68,59.13,112,61.54,2049,0.0,0,0,0,0,0,0,0,0,9,0,0,0,0,121,40.6,167,0,0,4,307,0,164,65,1085,11,9,0,0,7,0,2,0,0,,,,9,0,0,0,0,16,3,0,0,0,0,0,23,0.0,0.0,3,6,2,70,47,0,0,0,298,19,22,68.75,0.0,0,0,0,388,348,3,,0,84,,23
1190336,Ahmed Amin Oufa,ahmed-amin-oufa,43564,ENPPI,7.1,141.9,20,4,2,0,1,,5,204,197,401,50.87,40,164,111,11,8,36.36,5,4,8,0,0,0,0.0,35,17,9,62,48.82,113,54.33,175,52.24,1602,11.43,2,2,1,1,0,0,4,0,33,2,1,1,2,6,25.0,21,0,0,18,299,7,15,5,668,49,31,0,0,5,8,9,0,0,,,,3,0,0,0,0,17,0,0,0,0,0,0,18,100.0,0.0,11,22,5,160,95,0,0,0,24,17,4,80.0,400.5,0,0,0,58,348,1,,0,32,,20
1426405,Ahmed Kalosha,ahmed-kalosha,43564,ENPPI,7.09,163.0,23,2,1,2,1,,3,674,259,933,72.24,386,289,139,7,6,54.55,28,25,1,0,0,1,25.0,13,5,7,53,66.25,53,55.21,106,60.23,2060,15.38,1,0,0,2,0,0,2,0,11,2,1,0,1,141,46.08,117,0,0,3,292,3,157,76,1237,19,8,0,0,13,2,1,0,0,,,,9,0,0,0,0,23,1,0,0,0,0,0,23,0.0,0.0,7,11,4,70,43,1,0,0,306,24,21,75.0,1030.0,0,0,0,441,496,3,,1,74,,23
918914,Mohamed Magdy Afsha,mohamed-magdy-afsha,6910,Al Ahly FC,7.08,127.5,18,2,3,1,2,,4,393,71,464,84.7,132,265,158,25,6,54.55,4,0,0,0,0,4,23.53,25,9,10,14,51.85,2,33.33,16,48.48,803,8.0,0,0,0,0,2,0,2,0,11,14,1,0,1,33,64.71,6,0,0,5,109,5,41,21,561,4,3,0,0,0,1,6,0,0,,,,0,0,0,0,0,3,0,0,0,0,0,0,7,0.0,0.0,25,11,17,17,4,0,0,0,51,3,4,100.0,401.5,0,0,0,137,344,2,,0,40,,19
1393729,Mohamed Khalifa,mohamed-khalifa,43567,Petrojet,7.08,42.5,6,0,1,0,1,,1,63,93,156,40.38,21,42,15,1,0,0.0,0,0,0,0,0,0,0.0,0,0,0,2,100.0,2,66.67,4,80.0,540,0.0,0,0,0,0,0,0,0,0,0,0,0,0,0,50,34.97,8,0,0,0,95,0,0,0,210,2,0,0,0,0,0,0,0,15,,,,4,0,0,10,5,2,1,3,1,1,2,0,6,0.0,0.0,1,0,0,1,1,0,0,0,143,3,0,0.0,0.0,0,0,1,30,126,0,,57,71,,6
1013901,Mohamed Ali Ben Hammouda,mohamed-ali-ben-hammouda,58319,Ghazl El Mahalla FC,7.07,155.6,22,9,0,8,0,,9,223,149,372,59.95,83,141,83,17,18,42.86,6,1,8,0,0,1,5.88,69,30,30,55,45.08,79,48.47,134,47.02,1876,13.04,2,2,0,1,6,0,9,0,53,16,1,6,2,13,54.17,20,0,0,18,281,3,17,5,687,31,31,2,0,1,15,9,0,0,,,,4,0,0,0,0,26,2,0,0,0,0,0,21,100.0,0.0,17,42,17,151,84,0,0,0,24,28,4,66.67,208.44,0,0,0,101,288,1,,0,26,,22
918622,Naser Mansi,naser-mansi,42368,Zamalek SC,7.07,141.4,20,12,0,0,0,,12,125,78,203,61.58,36,90,48,8,5,41.67,10,1,4,0,0,1,50.0,35,22,8,25,42.37,26,43.33,51,42.86,995,34.29,0,0,0,1,0,0,12,0,31,4,6,2,3,3,42.86,5,0,0,12,126,6,7,4,342,10,18,0,0,1,16,5,0,0,,,,0,0,0,0,0,12,0,0,0,0,0,0,11,0.0,0.0,8,12,2,68,34,0,0,0,7,12,8,80.0,82.92,0,0,0,47,158,1,,0,19,,20
1063551,Hamed Khaled El Gabry,hamed-khaled-el-gabry,43561,Tala'ea El-Gaish,7.07,70.7,10,2,0,0,0,,2,179,55,234,76.5,89,92,43,8,4,36.36,22,11,1,0,0,2,22.22,14,7,3,38,50.67,5,35.71,43,48.31,758,14.29,0,0,0,0,0,0,2,0,9,5,0,2,0,12,42.86,9,0,0,6,97,1,21,11,371,12,15,1,0,9,1,4,0,0,,,,1,0,0,0,0,1,2,0,0,0,0,0,10,0.0,0.0,8,11,9,46,9,0,0,0,28,3,21,95.45,379.0,0,0,0,109,134,0,,1,43,,10
1137572,Ahmed Hossam,ahmed-hossam,42368,Zamalek SC,7.07,63.6,9,1,0,0,0,,1,202,90,292,69.18,141,63,18,2,0,0.0,15,20,2,0,0,2,100.0,2,1,1,17,47.22,31,64.58,48,57.14,801,50.0,0,0,0,0,0,0,1,0,2,0,1,0,0,27,36.49,59,1,0,0,100,0,46,19,440,2,14,0,0,3,1,0,0,0,,,,4,0,0,0,0,9,1,0,0,0,0,0,9,0.0,0.0,2,3,2,36,17,0,0,0,74,10,13,86.67,801.0,0,0,0,180,114,0,,0,21,,9
1001808,Mahmoud Shabana,mahmoud-shabana,35187,Al-Ittihad Alexandria,7.07,141.3,20,0,0,1,0,,0,721,205,926,77.86,561,160,47,2,0,0.0,20,15,4,0,0,0,0.0,10,1,8,28,60.87,60,63.16,88,62.41,1748,0.0,0,0,0,0,0,0,0,0,9,1,0,0,0,93,43.66,97,0,0,2,216,1,104,49,1143,8,10,0,0,6,3,1,0,0,,,,9,0,0,0,0,11,2,0,0,0,0,0,20,0.0,0.0,2,0,1,53,35,0,0,0,213,13,18,90.0,0.0,0,0,0,639,288,2,,2,48,,20
918884,Ali Lotfi,ali-lotfi,373168,ZED FC,7.06,155.4,22,0,0,0,0,,0,350,155,505,69.31,277,73,22,0,0,0.0,0,0,5,0,0,0,0.0,0,0,0,6,100.0,5,100.0,11,100.0,1980,0.0,0,0,0,0,0,0,0,0,0,0,0,0,0,104,40.63,41,0,0,0,158,0,31,20,712,6,0,0,0,0,0,0,0,59,,,,10,3,1,32,27,14,1,19,7,7,2,0,22,0.0,0.0,0,0,0,0,0,0,0,0,256,15,0,0.0,0.0,0,0,2,304,201,1,,167,173,,22
849574,Ahmed Belhadji,ahmed-belhadji,371622,Cleopatra FC,7.06,162.4,23,6,4,0,3,,9,644,185,829,77.68,254,400,196,26,12,44.44,27,7,4,0,0,10,31.25,28,13,10,61,46.56,12,32.43,73,43.45,1551,21.43,3,3,1,0,0,0,6,0,20,8,1,0,5,29,48.33,8,0,0,17,282,8,69,31,1092,22,32,0,0,10,5,5,0,0,,,,1,0,0,0,0,22,5,0,0,0,0,0,18,100.0,0.0,26,27,32,95,25,0,0,0,60,27,24,88.89,258.5,0,0,0,298,563,3,,0,79,,23
918727,Karim El Eraki,karim-el-eraki,43560,Al-Masry,7.06,162.4,23,0,1,0,1,,1,722,121,843,85.65,378,352,154,15,17,68.0,52,14,0,0,0,8,23.53,4,0,2,83,67.48,7,31.82,90,62.07,1708,0.0,0,0,0,0,0,0,0,0,0,4,0,0,0,51,46.79,45,0,1,6,203,5,71,34,1221,15,9,0,0,18,1,2,0,0,,,,9,0,0,0,0,12,2,0,0,0,0,0,19,0.0,0.0,15,25,34,55,15,0,0,0,109,14,44,84.62,0.0,0,0,0,416,461,2,,0,75,,23
563024,Hamza Mathlouthi,mathlouthi-hamza,42368,Zamalek SC,7.06,35.3,5,0,1,0,1,,1,277,38,315,87.94,198,81,10,1,0,0.0,3,2,2,0,0,2,100.0,3,2,1,9,64.29,14,73.68,23,69.7,436,0.0,0,0,1,1,0,0,0,0,3,0,0,0,0,26,61.9,20,0,0,2,43,1,23,14,363,6,2,0,0,1,0,0,0,0,,,,1,0,0,0,0,4,0,0,0,0,0,0,5,0.0,0.0,1,0,2,10,5,0,0,0,42,4,2,66.67,0.0,0,0,0,219,98,0,,0,20,,6
1393698,Abdo Gouda,abdo-gouda,43566,Haras El Hodoud,7.05,126.9,18,4,0,0,0,,4,302,149,451,66.96,231,71,29,1,2,66.67,23,16,5,1,1,0,0.0,16,8,6,37,59.68,80,71.43,117,67.24,1330,25.0,0,0,0,2,1,0,4,0,14,2,3,0,1,53,38.69,150,0,0,0,159,1,59,23,720,12,21,1,0,5,0,2,0,0,,,,7,0,0,0,0,16,0,0,0,0,0,0,15,0.0,0.0,1,3,1,57,32,0,0,0,137,16,16,69.57,332.5,0,0,0,289,163,4,,0,49,,18
919677,Yahia Attiyat Allah,yahia-attiyat-allah,6910,Al Ahly FC,7.05,56.4,8,1,1,0,0,,1,230,52,282,81.56,128,110,44,7,3,50.0,12,7,1,0,0,8,32.0,3,1,2,19,52.78,3,50.0,22,52.38,588,33.33,0,0,0,0,2,1,0,1,1,2,0,1,0,11,40.74,13,0,0,5,89,0,21,9,431,4,6,1,0,3,1,0,0,0,,,,3,0,0,0,0,3,0,0,0,0,0,0,8,0.0,50.0,7,6,25,20,3,0,0,0,27,3,10,83.33,588.0,0,0,0,142,165,1,,0,15,,8
967149,Amr Nasser,amr-nasser,241703,Pharco FC,7.04,169.0,24,8,0,2,1,,9,262,142,404,64.85,96,167,81,18,10,41.67,7,6,4,0,0,1,11.11,53,22,22,43,40.57,71,38.38,114,39.18,2076,15.09,5,5,0,0,0,0,7,1,44,9,1,0,7,11,42.31,27,0,0,14,247,7,18,12,677,26,32,1,0,5,8,9,0,0,,,,4,0,0,0,0,29,3,0,0,0,0,0,23,100.0,0.0,18,24,9,177,114,0,0,0,26,32,3,42.86,259.5,0,0,0,119,294,3,,0,28,,24
1161770,Mohamed Hamed,mohamed-hamed,43564,ENPPI,7.04,105.6,15,1,0,1,0,,1,352,120,472,74.58,244,108,28,1,0,0.0,23,9,3,0,0,0,0.0,8,3,4,31,53.45,55,62.5,86,58.9,1350,12.5,0,0,0,0,0,0,1,0,8,0,1,0,0,56,42.42,121,0,0,4,132,1,62,30,688,8,17,0,0,5,0,1,0,0,,,,5,0,0,0,0,16,0,0,0,0,0,0,15,0.0,0.0,1,1,0,60,33,0,0,0,132,16,17,73.91,1350.0,0,0,0,284,188,1,,0,33,,15
1418782,Mostafa Ziko,mostafa-ziko,373168,ZED FC,7.04,161.9,23,6,1,1,3,,9,424,140,564,75.18,118,308,168,24,20,34.48,12,9,3,0,0,2,20.0,47,16,18,61,41.5,33,38.37,94,40.34,1725,12.77,0,0,0,0,0,0,6,0,28,19,2,2,2,18,64.29,21,0,0,25,278,9,27,11,884,29,18,0,0,9,6,13,0,0,,,,1,0,0,0,0,13,1,0,0,0,0,0,19,0.0,0.0,24,58,10,139,53,0,0,0,28,14,11,91.67,287.5,0,0,0,139,435,1,,0,45,,23
966973,Mahmoud Gad,mahmoud-gad,43560,Al-Masry,7.04,140.7,20,0,0,0,0,,0,285,154,439,64.92,246,40,12,0,0,0.0,0,0,1,1,1,1,100.0,0,0,0,4,80.0,7,100.0,11,91.67,1785,0.0,0,0,0,1,0,0,0,0,0,0,0,0,0,73,32.88,24,1,0,0,158,0,22,13,653,4,2,0,0,0,0,0,0,55,,,,12,3,1,43,12,12,3,6,3,3,11,0,20,0.0,0.0,0,0,1,1,0,0,0,0,222,15,0,0.0,0.0,0,0,1,286,154,2,,148,198,,20
1092709,Ahmed Nabil Koka,koka-ahmed-nabil,6910,Al Ahly FC,7.03,119.5,17,1,1,0,1,,2,535,107,642,83.33,245,297,123,15,3,37.5,21,9,2,0,0,7,28.0,6,1,2,33,53.23,14,56.0,47,54.02,1212,16.67,0,0,0,0,0,0,1,0,3,3,0,1,0,32,50.0,24,0,0,2,153,3,49,24,868,9,14,0,0,9,1,3,0,0,,,,6,0,0,0,0,9,0,0,0,0,0,0,14,0.0,0.0,15,8,25,40,11,0,0,0,64,9,16,76.19,1212.0,0,0,0,276,391,3,,0,52,,17
795445,Issahaku Yakubu,issahaku-yakubu,266626,National Bank of Egypt,7.03,168.7,24,0,4,0,3,,3,735,215,950,77.37,349,415,212,34,16,51.61,36,28,3,0,0,29,22.31,9,5,2,66,58.41,12,41.38,78,54.93,2091,0.0,0,0,0,0,1,0,0,0,2,7,0,0,0,75,45.73,44,0,0,13,409,5,70,38,1549,14,12,0,0,8,3,2,0,0,,,,8,0,0,0,0,25,1,0,0,0,0,0,24,0.0,0.0,34,31,130,64,17,0,0,0,164,26,28,77.78,0.0,0,0,0,422,658,0,,1,137,,24
1094513,Mahmoud Gehad,mahmoud-gehad,42368,Zamalek SC,7.03,77.3,11,2,0,0,0,,2,335,65,400,83.75,152,184,68,6,4,44.44,22,7,3,0,1,1,50.0,12,6,2,44,51.76,9,56.25,53,52.48,899,16.67,0,0,0,0,0,0,0,2,3,9,0,2,0,36,62.07,18,0,0,7,94,5,42,30,525,18,20,0,0,9,2,4,0,0,,,,1,0,0,0,0,9,1,0,0,0,0,0,11,0.0,0.0,6,9,2,48,7,0,0,0,58,10,19,86.36,449.5,1,0,0,170,232,0,,0,54,,12
1140815,Salah Moussadak,salah-moussadak,42368,Zamalek SC,7.03,56.2,8,0,0,0,0,,0,334,67,401,83.29,203,133,39,3,6,66.67,9,9,1,0,0,2,40.0,3,0,3,21,65.63,18,60.0,39,62.9,675,0.0,0,0,0,0,0,0,0,0,2,1,0,0,0,32,51.61,25,0,0,0,82,0,40,20,497,6,7,0,0,1,0,0,0,0,,,,3,0,0,0,0,7,0,0,0,0,0,0,8,0.0,0.0,3,9,5,23,12,0,0,0,62,7,8,88.89,0.0,0,0,0,234,172,1,,0,35,,8
1094429,Mohamed Camacho,mohamed-camacho,43561,Tala'ea El-Gaish,7.02,126.4,18,1,0,1,0,,1,483,184,667,72.41,307,177,55,1,8,72.73,25,14,4,1,1,1,50.0,5,2,3,48,75.0,77,68.75,125,71.02,1620,20.0,0,0,0,0,0,0,1,0,5,0,1,0,0,81,46.55,100,1,0,2,201,0,74,33,900,15,11,0,0,1,2,0,0,0,,,,5,0,0,0,0,14,6,0,0,0,0,0,18,0.0,0.0,1,11,2,51,35,0,0,0,174,20,19,76.0,1620.0,0,0,0,377,292,1,,0,76,,18
1048658,Ali Gamal,ali-gamal,373168,ZED FC,7.02,119.3,17,1,1,1,0,,1,392,130,522,75.1,253,143,59,8,4,80.0,21,10,2,0,0,4,25.0,3,3,0,33,67.35,28,54.9,61,61.0,1217,33.33,1,0,0,0,0,0,1,0,3,0,1,0,0,60,46.88,78,0,0,2,158,0,79,33,738,8,12,0,0,3,3,0,0,0,,,,6,0,0,0,0,11,0,0,0,0,0,0,12,0.0,0.0,8,5,16,39,23,0,0,1,128,11,16,76.19,1217.0,0,0,0,285,253,2,,0,52,,17
841943,Mostafa Fathy,mostafa-fathy,175002,Pyramids FC,7.02,140.3,20,6,2,1,3,,9,354,123,477,74.21,113,263,153,23,17,32.69,12,7,1,0,0,22,28.95,42,15,15,41,39.05,3,21.43,44,36.97,1559,14.29,3,3,0,0,0,0,6,0,23,19,0,5,1,21,47.73,5,0,0,21,285,13,55,24,796,12,7,2,0,2,5,12,0,0,,,,4,0,0,0,0,10,1,0,0,0,0,0,18,100.0,0.0,23,52,76,75,11,0,0,0,44,11,10,83.33,259.83,0,0,0,127,426,1,,0,52,,20
1067989,Hamed Hemdan,hamed-hemdan,43567,Petrojet,7.01,168.3,24,2,3,1,1,,3,477,266,743,64.2,213,270,144,16,14,45.16,44,35,4,0,0,6,24.0,37,8,21,83,60.14,55,55.56,138,58.23,2079,5.41,1,1,1,0,0,0,2,0,6,31,1,1,0,69,39.2,89,1,0,11,354,8,98,41,1153,25,24,0,0,8,0,8,0,0,,,,5,0,0,0,0,28,3,0,0,0,0,0,24,100.0,0.0,16,31,25,99,44,0,0,0,176,31,34,77.27,1039.5,0,0,0,288,480,3,,0,128,,24
873543,Amr Saadawy,amr-saadawy,43560,Al-Masry,7.01,154.2,22,1,2,0,3,,4,710,142,852,83.33,345,396,156,25,2,25.0,27,12,1,0,0,31,26.05,5,3,1,47,55.29,7,31.82,54,50.47,1489,20.0,1,1,1,0,0,0,1,0,5,0,0,1,0,58,51.79,18,0,0,5,272,6,79,35,1236,18,16,0,0,12,0,1,0,0,,,,7,0,0,0,0,13,3,0,0,0,0,0,16,100.0,0.0,25,8,119,53,15,0,0,0,112,16,20,74.07,1489.0,0,0,0,389,582,0,,0,57,,23
1475196,Gabriel Chukwudi,gabriel-chukwudi,43567,Petrojet,7.01,175.2,25,2,0,1,4,,6,299,178,477,62.68,86,234,120,38,26,40.63,16,11,2,0,0,21,36.21,43,13,20,78,44.83,60,41.67,138,43.4,2016,4.65,0,0,2,0,3,0,1,1,27,16,0,0,2,23,44.23,18,0,0,24,361,10,55,22,897,36,27,1,0,9,5,10,0,0,,,,5,0,0,0,0,24,4,0,0,0,0,0,24,0.0,0.0,38,64,58,180,84,0,0,0,52,28,13,81.25,1008.0,0,0,0,111,424,2,,0,79,,25
1173879,Ahmed Atef,ahmed-atef,175002,Pyramids FC,7.01,140.1,20,3,2,0,1,,4,352,100,452,77.88,150,206,107,9,15,46.88,25,16,3,0,0,4,28.57,25,10,9,74,49.01,18,33.33,92,44.88,1441,12.0,0,0,1,0,0,0,3,0,18,7,1,1,1,24,55.81,8,0,0,18,180,10,25,10,700,34,35,1,0,8,0,6,0,0,,,,1,0,0,0,0,12,0,0,0,0,0,0,18,0.0,0.0,9,32,14,113,36,0,0,0,43,12,20,80.0,480.33,0,0,0,168,298,3,,0,59,,20
1982374,Tawfik Mohamed,tawfik-mohamed,43567,Petrojet,7.0,147.1,21,0,2,0,1,,1,388,210,598,64.88,159,247,112,16,18,58.06,46,36,3,1,1,18,24.0,28,10,14,77,58.33,17,58.62,94,58.39,1812,0.0,0,0,0,0,0,0,0,0,5,23,0,0,0,77,44.77,48,0,0,9,352,9,96,40,1098,14,15,1,0,18,7,4,0,0,,,,4,0,0,0,0,18,3,0,0,0,0,0,21,0.0,0.0,16,31,75,67,12,0,0,0,172,21,37,80.43,0.0,0,0,0,209,464,1,,4,141,,21
967150,Mohamed Makhlouf,mohamed-makhlouf,43560,Al-Masry,7.0,140.0,20,1,1,0,3,,4,837,168,1005,83.28,409,435,176,13,3,25.0,36,25,2,0,0,7,20.59,11,3,5,53,48.62,17,48.57,70,48.61,1603,9.09,0,0,0,0,0,0,1,0,2,9,1,0,0,82,61.19,27,0,0,12,238,4,112,63,1235,14,22,0,0,13,1,3,0,0,,,,10,0,0,0,0,14,2,0,0,0,0,0,19,0.0,0.0,13,12,34,74,18,0,0,0,134,16,29,80.56,1603.0,0,0,0,466,573,0,,0,114,,20
934537,Mohamed Fakhry,mohamed-fakhry,241703,Pharco FC,7.0,168.0,24,1,3,0,2,,3,480,139,619,77.54,202,310,149,40,15,42.86,31,16,2,0,0,32,35.96,36,8,17,77,51.33,6,25.0,83,47.7,1678,2.78,0,0,0,0,9,0,1,0,8,28,0,0,1,45,48.39,13,0,0,25,284,7,80,39,990,31,19,1,0,9,1,11,0,0,,,,0,0,0,0,0,23,3,0,0,0,0,0,17,0.0,0.0,40,35,89,91,18,0,0,0,93,26,22,70.97,1678.0,0,0,0,229,479,1,,1,77,,24
1910644,Ayman Amir,ayman-amir,42368,Zamalek SC,7.0,7.0,1,0,0,0,1,,1,12,4,16,75.0,6,6,3,1,1,50.0,1,0,1,0,0,0,0.0,1,0,1,2,50.0,0,0.0,2,40.0,45,0.0,0,0,0,0,0,0,0,0,0,1,0,0,0,1,50.0,0,0,0,0,6,0,0,0,22,0,1,0,0,0,1,0,0,0,,,,0,0,0,0,0,0,0,0,0,0,0,0,0,0.0,0.0,1,2,0,3,1,0,0,0,2,0,1,100.0,0.0,0,0,0,7,9,0,,0,0,,1
1182642,Maged Hany,maged-hany,373168,ZED FC,7.0,7.0,1,0,0,0,0,,0,25,5,30,83.33,12,13,2,0,1,100.0,1,1,0,0,0,0,0.0,1,0,1,3,37.5,2,66.67,5,45.45,69,0.0,0,0,0,0,0,0,0,0,0,1,0,0,0,3,50.0,0,0,0,2,10,0,3,1,45,1,3,0,0,0,0,0,0,0,,,,0,0,0,0,0,0,0,0,0,0,0,0,1,0.0,0.0,0,1,1,6,1,0,0,0,6,0,1,100.0,0.0,0,0,0,13,18,0,,0,3,,1
1831794,Abdelmonem Tamer,abdelmonem-tamer,373168,ZED FC,7.0,7.0,1,0,0,0,0,,0,16,4,20,80.0,13,3,0,0,0,0.0,0,0,0,0,0,0,0.0,0,0,0,0,0.0,1,100.0,1,100.0,90,0.0,0,0,0,0,0,0,0,0,0,0,0,0,0,3,42.86,3,0,0,0,5,0,1,1,30,0,0,0,0,0,0,0,0,0,,,,1,0,0,0,0,0,0,1,0,0,1,0,1,0.0,0.0,0,0,0,0,0,0,0,0,7,0,0,0.0,0.0,0,0,0,14,6,0,,7,12,,1
2150703,Adham Seha,adham-seha,43566,Haras El Hodoud,7.0,7.0,1,0,0,0,0,,0,11,8,19,57.89,7,4,3,0,0,0.0,0,0,0,0,0,0,0.0,0,0,0,0,0.0,0,0.0,0,0.0,55,0.0,0,0,0,0,0,0,0,0,0,0,0,0,0,6,42.86,1,0,0,0,9,0,0,0,27,0,0,0,0,0,0,0,0,2,,,,0,0,0,2,0,0,0,0,0,0,1,0,0,0.0,0.0,0,0,0,0,0,0,0,0,14,0,0,0.0,0.0,0,0,0,7,12,0,,8,9,,1
918547,Mahdi Soliman,mahdi-soliman,35187,Al-Ittihad Alexandria,7.0,91.0,13,0,0,0,0,,0,253,67,320,79.06,221,32,7,0,0,0.0,0,0,2,0,0,0,0.0,0,0,0,2,100.0,2,100.0,4,100.0,1102,0.0,0,0,0,0,0,0,0,0,0,0,0,0,0,46,41.44,8,1,0,0,70,0,15,10,437,2,0,0,0,0,0,0,0,32,,,,7,4,0,22,10,8,1,2,1,1,3,0,13,0.0,0.0,0,0,0,0,0,0,0,0,111,9,0,0.0,0.0,0,0,0,238,82,1,,84,113,,13
918601,Eslam Gaber,eslam-gaber,43563,Smouha,7.0,91.0,13,0,0,0,0,,0,336,114,450,74.67,149,205,107,11,9,64.29,20,17,0,0,0,18,31.03,9,1,6,35,60.34,8,33.33,43,52.44,1049,0.0,0,0,0,0,0,0,0,0,1,8,0,0,0,32,40.51,19,0,0,7,193,5,41,13,708,6,4,1,0,7,0,2,0,0,,,,6,0,0,0,0,8,1,0,0,0,0,0,12,0.0,0.0,11,14,58,39,16,0,0,0,79,9,19,95.0,0.0,0,0,0,175,333,1,,0,65,,13
1545289,Favour Akem,favour-akem,43565,El Gouna FC,7.0,146.9,21,2,3,0,3,,5,287,151,438,65.53,93,203,120,24,18,42.86,31,14,5,0,0,9,22.5,38,12,18,79,44.89,10,22.73,89,40.45,1430,5.26,0,0,2,0,2,0,2,0,16,22,0,0,2,20,37.74,9,0,0,32,313,14,35,10,791,30,30,1,0,13,8,8,0,0,,,,1,0,0,0,0,12,2,0,0,0,0,0,18,0.0,0.0,24,42,40,131,34,0,0,0,53,14,21,67.74,715.0,0,0,0,123,355,2,,0,89,,21
918628,Marwan Hamdy,marwan-hamdy,175002,Pyramids FC,6.99,111.9,16,5,1,0,2,,7,73,40,113,64.6,24,52,36,6,5,35.71,3,1,1,0,0,3,50.0,20,8,9,13,27.08,40,61.54,53,46.9,553,25.0,0,0,0,0,0,0,4,1,18,2,4,1,0,3,42.86,5,0,0,12,79,2,4,3,205,5,11,2,0,4,2,3,0,0,,,,0,0,0,0,0,5,2,0,0,0,0,0,4,0.0,0.0,6,14,6,60,25,0,0,0,7,7,2,66.67,110.6,0,0,0,27,92,2,,0,13,,16
918728,Hassan Ali,hassan-ali,43560,Al-Masry,6.99,111.9,16,0,1,0,1,,1,440,86,526,83.65,172,287,116,18,4,30.77,29,13,2,0,0,19,38.0,4,0,2,49,58.33,3,21.43,52,53.06,886,0.0,0,0,0,0,0,0,0,0,2,2,0,0,0,32,50.0,14,0,0,5,159,3,66,39,798,16,12,0,0,11,0,2,0,0,,,,1,0,0,0,0,6,0,0,0,0,0,0,10,0.0,0.0,18,13,50,46,11,0,0,0,64,6,21,72.41,0.0,0,0,0,203,373,1,,0,53,,16
1983090,Amr El Gazar,amr-el-gazar,58319,Ghazl El Mahalla FC,6.99,174.8,25,2,0,1,1,,3,893,289,1182,75.55,621,274,79,7,6,75.0,24,32,1,0,0,2,33.33,6,3,2,43,67.19,67,64.42,110,65.48,2250,33.33,0,0,0,0,0,0,2,0,5,1,1,0,1,115,37.95,183,0,0,4,315,2,138,50,1534,13,12,1,1,3,0,1,0,0,,,,7,0,0,0,0,34,2,0,0,0,0,0,25,0.0,0.0,7,8,6,58,37,0,0,0,303,36,15,62.5,1125.0,0,0,0,715,473,2,,0,113,,25
1173769,Marwan Hamdi,marwan-hamdi,42366,Ismaily,6.99,160.8,23,6,0,0,0,,6,455,190,645,70.54,176,299,161,18,26,44.83,26,12,2,0,0,20,20.83,39,9,20,66,46.15,25,40.98,91,44.61,1745,15.38,1,1,0,0,2,0,3,3,20,19,0,6,0,39,44.83,19,0,0,21,388,9,59,25,1073,14,20,1,0,9,6,10,0,0,,,,4,0,0,0,0,21,1,0,0,0,0,0,21,100.0,0.0,18,58,96,113,36,0,0,0,87,22,22,84.62,290.83,0,0,0,220,521,2,,0,77,,23
1101624,Mahmoud Saber,mahmoud-saber,43563,Smouha,6.99,146.7,21,2,2,0,2,,4,373,131,504,74.01,136,245,136,20,4,26.67,19,8,1,0,0,8,24.24,57,17,23,46,50.55,25,49.02,71,50.0,1380,3.51,0,0,0,0,5,0,2,0,19,38,0,1,1,32,55.17,9,0,0,13,232,7,34,18,758,23,15,3,0,8,1,17,0,0,,,,1,0,0,0,0,17,1,0,0,0,0,0,17,0.0,0.0,20,15,33,71,26,0,0,0,58,18,12,63.16,690.0,0,0,0,164,373,1,,0,50,,21
871738,Mido Gaber,mido-gaber,43560,Al-Masry,6.99,97.8,14,2,0,0,0,,2,228,58,286,79.72,49,186,104,10,6,31.58,11,3,1,0,0,7,24.14,26,10,8,29,43.28,13,61.9,42,47.73,838,7.69,0,0,0,0,3,0,2,0,14,12,1,1,0,12,57.14,5,0,0,11,125,7,26,16,439,12,11,1,0,4,3,8,0,0,,,,1,0,0,0,0,5,0,0,0,0,0,0,10,0.0,0.0,10,19,29,46,8,0,0,0,21,5,10,90.91,419.0,0,0,0,66,249,1,,0,24,,14
159677,Omar Gaber,omar-gaber,42368,Zamalek SC,6.99,146.7,21,0,3,0,5,,5,758,142,900,84.22,316,461,211,22,4,22.22,25,18,1,0,0,19,39.58,4,1,2,45,53.57,15,62.5,60,55.56,1818,0.0,0,0,0,0,0,0,0,0,4,0,0,0,0,26,40.63,36,0,0,6,238,1,57,32,1303,16,11,0,0,9,1,1,0,0,,,,5,0,0,0,0,20,0,0,0,0,0,0,21,0.0,0.0,22,18,48,48,9,0,0,0,64,20,20,80.0,0.0,0,0,0,358,590,3,,0,56,,21
1169229,Ali Hamdy,ali-hamdy,43561,Tala'ea El-Gaish,6.99,139.7,20,1,2,0,0,,1,658,236,894,73.6,310,352,163,15,7,41.18,39,33,2,0,0,4,21.05,19,3,10,62,54.87,22,43.14,84,51.22,1561,5.26,0,0,0,0,0,0,1,0,4,15,0,1,0,103,51.76,23,0,0,8,297,3,139,71,1164,16,12,0,0,21,0,6,0,0,,,,6,0,0,0,0,11,2,0,0,0,0,0,16,0.0,0.0,15,17,19,80,29,0,0,0,199,13,27,69.23,1561.0,0,0,0,381,532,1,,0,121,,20
1001881,Ahmed El-Saghiri,el-saghiri-ahmed,373168,ZED FC,6.98,146.6,21,0,2,0,3,,3,687,151,838,81.98,262,448,206,31,5,55.56,17,8,1,0,0,23,30.26,13,2,7,36,48.65,12,46.15,48,48.0,1559,0.0,0,0,0,0,3,0,0,0,2,11,0,0,0,53,50.48,16,0,0,9,245,7,115,57,1068,14,16,0,0,10,0,4,0,0,,,,4,0,0,0,0,11,0,0,0,0,0,0,16,0.0,0.0,31,9,76,52,14,0,0,0,105,11,13,76.47,0.0,0,0,0,294,620,1,,0,104,,21
1122309,Khaled Alnabrisi,khaled-alnabrisi,42366,Ismaily,6.98,104.7,15,2,3,1,3,,5,226,126,352,64.2,63,163,97,12,13,48.15,6,2,2,0,0,0,0.0,23,7,10,45,51.72,30,38.96,75,45.73,1167,8.7,1,0,0,0,0,0,2,0,17,6,1,1,0,6,27.27,18,0,0,14,206,3,18,5,546,26,7,0,0,7,11,6,0,0,,,,3,0,0,0,0,10,2,0,0,0,0,0,13,0.0,0.0,12,27,8,89,47,0,0,1,22,12,5,83.33,583.5,0,0,0,74,286,0,,0,38,,15
873544,Osama Galal,osama-galal,175002,Pyramids FC,6.98,34.9,5,1,0,0,0,,1,134,24,158,84.81,103,31,7,0,0,0.0,7,5,0,0,0,0,0.0,3,2,1,9,69.23,10,83.33,19,76.0,229,33.33,0,0,0,0,0,0,1,0,2,1,0,0,1,12,44.44,10,0,0,0,25,0,13,6,191,2,5,0,0,0,0,0,0,0,,,,1,0,0,0,0,2,1,0,0,0,0,0,3,0.0,0.0,0,0,0,6,2,0,0,0,27,3,5,71.43,229.0,0,0,0,112,46,1,,0,6,,6
885817,Hossam Hassan,hossam-hassan,265830,Modern Sport FC,6.98,153.5,22,3,1,5,1,,4,284,133,417,68.11,82,205,121,23,5,29.41,10,8,4,0,0,3,27.27,49,16,23,51,44.74,67,48.2,118,46.64,1784,6.12,1,1,1,0,0,0,3,0,42,7,1,1,1,8,44.44,14,0,0,13,223,6,15,7,674,36,29,1,0,10,16,10,0,0,,,,3,0,0,0,0,26,3,0,0,0,0,0,22,100.0,0.0,23,17,11,135,72,0,0,0,18,29,7,70.0,594.67,0,0,0,101,327,1,,0,27,,22
943788,Ahmed Abdel Rahman Zola,ahmed-abdel-rahman-zola,43561,Tala'ea El-Gaish,6.98,90.7,13,0,0,0,0,,0,343,92,435,78.85,171,176,78,10,6,46.15,33,27,1,0,0,4,23.53,5,1,3,48,64.86,6,35.29,54,59.34,1113,0.0,0,0,0,0,0,0,0,0,1,4,0,0,0,41,44.09,24,0,1,4,144,0,59,26,714,9,8,0,0,7,0,1,0,0,,,,5,0,0,0,0,7,6,0,0,0,0,0,13,0.0,0.0,10,13,17,37,11,0,0,0,93,13,23,69.7,0.0,0,0,0,198,254,0,,0,72,,13
1173530,Mostafa Mahmoud Al Aash,mostafa-el-aash,6910,Al Ahly FC,6.98,139.5,20,0,0,1,1,,1,794,198,992,80.04,545,250,89,3,2,40.0,19,12,1,1,1,1,16.67,8,3,4,39,60.0,46,77.97,85,68.55,1616,0.0,0,0,0,0,0,0,0,0,6,2,0,0,0,86,45.99,71,0,1,5,229,2,91,43,1212,18,12,0,0,6,0,1,0,0,,,,8,0,0,0,0,9,0,0,0,0,0,0,18,0.0,0.0,3,5,6,39,13,0,0,0,187,9,16,84.21,0.0,0,0,0,626,372,0,,5,91,,20
964795,Achraf Dari,achraf-dari,6910,Al Ahly FC,6.98,55.8,8,0,0,0,0,,0,247,46,293,84.3,174,73,14,2,0,0.0,8,6,2,0,0,0,0.0,4,0,4,20,58.82,25,78.13,45,68.18,513,0.0,0,0,0,0,0,0,0,0,3,1,0,0,0,18,48.65,28,0,0,2,51,1,18,5,370,12,10,0,0,1,0,0,0,0,,,,2,0,0,0,0,2,1,0,0,0,0,0,6,0.0,0.0,2,1,0,21,7,0,0,0,37,3,6,75.0,0.0,0,0,0,187,106,0,,0,17,,9
1131661,Godwin Okwara,godwin-okwara,43561,Tala'ea El-Gaish,6.97,153.4,22,7,0,3,1,,8,209,130,339,61.65,75,136,78,10,7,43.75,13,7,5,0,0,2,40.0,37,15,17,42,40.0,79,50.0,121,46.01,1542,18.92,3,3,0,0,0,0,7,0,33,4,0,1,6,8,38.1,31,0,0,22,220,8,22,12,590,25,34,1,0,6,9,5,0,0,,,,0,0,0,0,0,8,5,0,0,0,0,0,19,100.0,0.0,10,16,5,142,79,0,0,0,21,13,8,61.54,220.29,0,0,0,101,243,2,,0,34,,22
967093,Mahmoud Emad,mahmoud-emad,241703,Pharco FC,6.97,167.3,24,1,1,1,1,,2,859,187,1046,82.12,459,400,136,12,20,76.92,54,15,5,0,0,0,0.0,12,2,4,96,62.75,28,48.28,124,58.77,2147,8.33,0,0,0,0,0,0,0,1,2,10,0,0,1,108,58.7,44,0,0,16,243,2,114,58,1325,22,23,0,0,14,1,6,0,0,,,,6,0,0,0,0,30,3,0,0,0,0,0,24,0.0,0.0,12,26,3,87,30,0,0,0,184,33,45,83.33,2147.0,0,0,0,523,526,1,,0,147,,24
1093856,Shady Hussein,shady-hussein,373168,ZED FC,6.97,160.3,23,8,0,3,1,,9,192,105,297,64.65,53,140,75,7,9,52.94,8,5,3,0,0,1,50.0,44,21,11,30,33.33,22,37.29,52,34.9,1345,18.18,1,1,1,0,1,0,8,0,33,11,0,4,4,8,57.14,14,0,0,20,187,7,14,4,499,13,29,1,0,4,5,12,0,0,,,,0,0,0,0,0,4,1,0,0,0,0,0,14,100.0,0.0,7,17,2,97,37,0,0,0,14,5,7,87.5,168.13,0,0,0,58,241,2,,0,30,,23
1102389,Amr El-Solia,amr-el-solia,6910,Al Ahly FC,6.97,125.4,18,2,0,0,0,,2,404,89,493,81.95,141,265,119,12,6,60.0,28,4,1,0,0,2,33.33,17,6,7,41,61.19,11,52.38,52,59.09,966,11.76,1,1,0,0,0,0,2,0,9,8,0,0,2,31,53.45,6,0,0,5,117,5,66,34,615,7,11,0,0,6,0,4,0,0,,,,2,0,0,0,0,5,0,0,0,0,0,0,10,100.0,0.0,12,10,6,36,10,0,0,0,58,5,22,78.57,483.0,0,0,0,151,348,1,,0,39,,18
841938,Mahmoud Genesh,mahmoud-genesh,265830,Modern Sport FC,6.97,125.4,18,0,0,0,0,,0,242,164,406,59.61,184,58,18,1,0,0.0,0,0,1,0,0,0,0.0,1,0,1,8,100.0,9,90.0,17,94.44,1575,0.0,0,0,0,0,0,0,0,0,1,0,0,0,0,94,37.01,20,0,0,0,166,0,27,12,544,8,0,0,0,0,0,0,0,48,,,,7,3,1,34,14,20,1,8,2,2,9,0,18,0.0,0.0,1,0,0,1,1,0,0,0,254,21,0,0.0,0.0,0,0,2,229,177,2,,135,137,,18
966969,Ahmed Shousha,ahmed-shousha,43565,El Gouna FC,6.96,118.4,17,2,0,0,0,,2,378,178,556,67.99,247,132,50,2,5,83.33,19,15,4,0,0,1,33.33,11,2,9,31,67.39,25,43.1,56,53.85,1338,18.18,2,2,0,0,1,0,2,0,4,7,0,0,2,81,40.1,72,0,0,2,193,1,111,46,736,7,11,0,0,3,2,0,0,0,,,,5,0,0,0,0,9,2,0,0,0,0,0,16,100.0,0.0,2,6,3,48,33,0,0,0,202,11,14,73.68,669.0,0,0,0,302,257,1,,1,60,,18
1095831,Ahmed Meteb,ahmed-meteb,43561,Tala'ea El-Gaish,6.96,167.1,24,0,2,1,1,,1,599,206,805,74.41,286,331,165,32,9,28.13,40,27,2,0,0,18,17.65,16,4,8,74,57.36,12,63.16,86,58.11,1928,0.0,0,0,0,1,0,0,0,0,5,11,0,0,0,62,39.49,42,0,0,10,390,5,87,44,1376,25,15,0,0,9,3,4,0,0,,,,8,0,0,0,0,14,7,0,0,0,0,0,21,0.0,0.0,32,32,102,62,7,0,0,0,157,21,31,77.5,0.0,0,0,0,362,545,0,,0,91,,24
918885,Emad El-Sayed,emad-el-sayed,43561,Tala'ea El-Gaish,6.96,55.7,8,0,0,0,0,,0,70,71,141,49.65,45,25,3,0,0,0.0,0,0,1,0,0,0,0.0,0,0,0,2,100.0,3,75.0,5,83.33,720,0.0,0,0,0,0,0,0,0,0,0,0,0,0,0,32,31.37,8,0,0,0,74,0,2,1,215,2,0,0,0,0,0,0,0,19,,,,4,1,0,14,5,5,1,5,2,2,2,0,8,0.0,0.0,0,0,0,1,1,0,0,0,102,6,0,0.0,0.0,0,0,0,53,88,0,,76,68,,8
1007556,Fiston Mayele,fiston-mayele,175002,Pyramids FC,6.96,153.1,22,8,2,3,2,,10,194,68,262,74.05,71,124,69,8,13,37.14,9,1,3,0,0,1,11.11,54,19,25,34,31.48,24,28.57,58,30.21,1771,14.81,1,0,1,0,0,0,8,0,41,13,0,5,3,4,40.0,7,0,0,19,168,10,7,3,488,12,31,3,0,4,31,10,0,0,,,,2,0,0,0,0,13,3,0,0,0,0,0,20,0.0,0.0,8,35,9,134,60,0,0,1,10,16,7,77.78,221.38,0,0,0,77,194,1,,0,30,,23
918506,Mohanad Lasheen,mohanad-lasheen,175002,Pyramids FC,6.96,118.3,17,0,1,0,0,,0,530,101,631,83.99,270,262,107,8,9,64.29,22,16,1,0,1,2,15.38,7,0,4,58,66.67,23,60.53,81,64.8,1170,0.0,0,0,0,0,0,0,0,0,0,7,0,0,0,63,64.95,15,0,0,4,142,1,56,35,796,27,10,0,0,10,0,3,0,0,,,,4,0,0,0,0,7,1,0,0,0,0,0,13,0.0,0.0,8,14,13,44,15,0,0,0,97,8,21,95.45,0.0,1,0,0,293,351,0,,0,69,,17
1096228,Mostafa Saad,mostafa-saad,373168,ZED FC,6.95,173.8,25,3,2,0,1,,4,436,161,597,73.03,129,334,196,25,19,39.58,22,5,2,0,0,27,27.27,27,10,8,82,47.67,14,33.33,96,44.86,1794,11.11,0,0,0,0,0,0,2,1,12,15,0,2,1,34,51.52,5,0,0,26,336,10,89,39,976,41,24,0,0,14,1,9,0,0,,,,1,0,0,0,0,14,0,0,0,0,0,0,21,0.0,0.0,25,48,99,118,28,0,0,0,66,14,16,72.73,598.0,0,0,0,149,547,2,,0,69,,25
159681,Mohamed Sobhi,mohamed-sobhi,42368,Zamalek SC,6.95,27.8,4,0,0,0,0,,0,89,31,120,74.17,85,4,1,0,0,0.0,0,0,1,0,0,0,0.0,0,0,0,0,0.0,0,0.0,0,0.0,350,0.0,0,0,0,0,0,0,0,0,0,0,0,0,0,13,30.95,8,0,0,0,34,0,5,4,174,0,0,0,0,0,0,0,0,13,,,,1,0,0,8,5,3,0,1,3,3,0,0,4,0.0,0.0,0,0,0,0,0,0,0,0,42,3,0,0.0,0.0,0,0,0,99,21,1,,31,42,,4
587514,Mohamed Helal,mohamed-helal,265830,Modern Sport FC,6.95,145.9,21,7,0,0,1,,8,332,109,441,75.28,139,203,112,18,3,25.0,16,10,2,0,0,10,16.13,25,10,9,46,47.92,11,42.31,57,46.72,1270,28.0,4,4,0,0,3,1,6,1,15,10,1,0,6,22,40.74,5,0,0,11,208,5,42,17,673,28,23,0,0,9,2,6,0,0,,,,0,0,0,0,0,17,2,0,0,0,0,0,16,100.0,33.33,18,12,62,65,15,0,0,0,54,19,10,62.5,181.43,0,0,0,155,348,2,,0,37,,21
1533733,Pape Badji,pape-badji,43560,Al-Masry,6.94,62.5,9,3,1,0,0,,3,50,20,70,71.43,18,32,17,2,2,50.0,3,2,1,0,0,0,0.0,13,8,3,7,26.92,7,26.92,14,26.92,384,23.08,0,0,0,0,0,0,3,0,8,5,1,1,1,2,100.0,1,0,0,7,44,1,3,2,130,2,8,0,0,3,7,2,0,0,,,,0,0,0,0,0,4,0,0,0,0,0,0,3,0.0,0.0,2,4,0,38,19,0,0,0,2,4,2,66.67,128.0,0,0,0,25,45,1,,0,4,,9
918825,Mahmoud Shaaban,mahmoud-shaaban,265830,Modern Sport FC,6.94,62.5,9,0,2,0,0,,0,265,104,369,71.82,111,170,61,13,8,57.14,21,11,1,0,0,16,28.57,4,0,2,38,63.33,3,23.08,41,56.16,743,0.0,0,0,0,0,0,0,0,0,3,1,0,0,0,30,43.48,9,0,0,5,194,2,43,21,649,9,7,0,0,4,0,2,0,0,,,,1,0,0,0,0,12,1,0,0,0,0,0,8,0.0,0.0,13,14,56,32,10,0,0,0,69,13,17,80.95,0.0,0,0,0,140,285,0,,0,46,,9
1050729,Mohamed Shokry,mohamed-shokry,371622,Cleopatra FC,6.94,48.6,7,0,0,0,1,,1,200,67,267,74.91,91,122,61,9,3,50.0,14,7,0,0,0,13,40.63,4,0,3,27,58.7,2,66.67,29,59.18,622,0.0,0,0,0,0,1,0,0,0,1,3,0,0,0,10,34.48,12,0,0,6,117,0,11,5,448,10,8,0,0,3,2,1,0,0,,,,1,0,0,0,0,11,1,0,0,0,0,0,7,0.0,0.0,9,6,32,20,1,0,0,0,29,12,13,92.86,0.0,0,0,0,108,191,0,,0,22,,7
918725,Ahmed El Agouz,ahmed-el-agouz,43564,ENPPI,6.94,131.9,19,2,0,2,0,,2,555,148,703,78.95,304,251,107,6,1,33.33,37,25,4,0,1,0,0.0,11,4,5,67,69.79,23,50.0,90,63.38,1575,18.18,3,2,0,0,0,0,2,0,7,4,0,0,2,38,45.78,28,0,0,9,182,4,47,25,919,29,13,0,0,8,0,2,0,0,,,,6,0,0,0,0,14,0,0,0,0,0,0,18,66.67,0.0,6,3,3,52,23,1,0,0,83,14,31,83.78,787.5,1,0,0,351,355,0,,0,94,,19
333447,Mahmoud Metwaly,mahmoud-metwaly,35187,Al-Ittihad Alexandria,6.94,83.3,12,0,0,0,0,,0,361,111,472,76.48,245,117,41,0,3,100.0,16,7,2,0,0,1,50.0,3,1,1,27,67.5,19,61.29,46,64.79,945,0.0,0,0,0,1,1,0,0,0,1,2,0,0,0,58,47.54,47,0,0,1,122,0,61,31,597,8,9,0,1,4,0,1,0,0,,,,3,0,0,0,0,7,3,0,0,0,0,0,10,0.0,0.0,0,3,2,25,12,0,0,0,122,10,12,75.0,0.0,0,0,0,286,188,0,,9,42,,12
918723,Mohamed Hamdi,mohamed-hamdi,175002,Pyramids FC,6.94,152.7,22,1,1,0,2,,3,727,238,965,75.34,404,334,144,11,4,25.0,31,24,3,1,1,11,19.64,12,2,8,40,50.63,44,55.0,84,52.83,1709,8.33,0,0,0,0,0,0,1,0,10,2,0,1,0,55,39.01,43,0,0,4,356,2,67,30,1391,5,17,0,0,8,3,2,0,0,,,,7,0,0,0,0,11,3,0,0,0,0,0,19,0.0,0.0,11,16,56,75,36,0,0,0,141,14,27,87.1,1709.0,0,0,0,482,539,0,,1,74,,22
967127,Khaled Sobhi,khaled-sobhi,43560,Al-Masry,6.94,111.0,16,1,1,0,1,,2,675,150,825,81.82,459,217,65,1,4,100.0,18,12,3,0,0,1,33.33,5,2,3,24,75.0,15,53.57,39,65.0,1284,20.0,0,0,0,0,0,0,1,0,4,1,1,0,0,75,46.3,51,0,0,1,166,0,114,60,964,2,4,0,0,4,0,0,0,0,,,,7,0,0,0,0,11,2,0,0,0,0,0,14,0.0,0.0,1,4,3,21,13,0,0,0,162,13,10,55.56,1284.0,0,0,0,516,312,1,,10,59,,16
1395129,Ahmed Sayed Abdelnaby,ahmed-sayed-abdelnaby,373168,ZED FC,6.94,97.1,14,0,2,0,2,,2,289,84,373,77.48,140,157,73,11,7,50.0,19,19,4,0,0,8,30.77,3,1,2,43,55.84,17,47.22,60,53.1,1085,0.0,0,0,0,0,1,0,0,0,1,2,0,0,0,20,45.45,32,0,0,4,155,2,43,19,662,17,15,0,0,11,1,0,0,0,,,,4,0,0,0,0,11,0,0,0,0,0,0,13,0.0,0.0,11,14,26,53,19,0,0,0,44,11,15,78.95,0.0,0,0,0,166,233,1,,0,42,,15
918892,Ali Fawzi,ali-fawzi,265830,Modern Sport FC,6.93,124.8,18,3,1,2,1,,4,408,170,578,70.59,179,253,99,20,3,33.33,27,23,6,0,0,24,21.43,15,7,3,39,49.37,14,53.85,53,50.48,1621,20.0,4,3,0,0,4,0,3,0,6,9,0,0,3,49,36.57,27,0,0,11,357,2,102,47,1067,9,18,1,0,7,1,5,0,0,,,,8,0,0,0,0,20,2,0,0,0,0,0,19,75.0,0.0,20,9,112,52,12,0,0,1,134,22,24,88.89,540.33,0,0,0,226,464,0,,0,79,,19
918823,Fawzi El Henawy,fawzi-el-henawy,43566,Haras El Hodoud,6.93,166.4,24,1,0,1,5,,6,429,263,692,61.99,199,274,117,41,26,45.61,40,39,1,0,0,44,25.58,18,5,8,79,48.17,21,47.73,100,48.08,2083,5.56,1,0,0,0,1,0,1,0,9,9,0,1,0,53,30.81,54,0,0,15,534,8,122,54,1441,13,24,0,0,18,0,5,0,0,,,,8,0,0,0,0,28,1,0,0,0,0,0,24,0.0,0.0,41,57,172,108,23,1,0,0,172,29,31,77.5,2083.0,0,0,0,260,604,1,,0,119,,24
935698,Seif Farouk Gaafar,seif-farouk-gaafar,42368,Zamalek SC,6.93,41.6,6,0,1,0,1,,1,112,24,136,82.35,50,62,24,4,5,62.5,9,0,0,0,0,0,0.0,4,0,2,21,70.0,0,0.0,21,60.0,300,0.0,0,0,0,0,0,0,0,0,3,1,0,0,0,6,66.67,3,0,0,1,32,3,5,2,176,7,2,0,0,3,0,2,0,0,,,,1,0,0,0,0,4,0,0,0,0,0,0,4,0.0,0.0,4,8,1,14,5,0,0,0,9,4,7,77.78,0.0,0,0,0,57,80,0,,0,9,,7
880622,Ahmed Fatouh,ahmed-fatouh,42368,Zamalek SC,6.93,104.0,15,0,0,0,1,,1,698,131,829,84.2,335,366,183,13,4,36.36,23,9,1,0,0,3,12.0,1,0,1,45,57.69,10,47.62,55,55.56,1139,0.0,0,0,0,1,0,0,0,0,0,1,0,0,0,45,46.88,25,0,0,9,194,2,69,32,1088,18,12,0,0,7,1,0,0,0,,,,3,0,0,0,0,12,0,0,0,0,0,0,12,0.0,0.0,13,11,25,44,11,0,0,0,96,12,15,65.22,0.0,0,0,0,367,487,0,,0,66,,15
1424776,Mahmoud Mamdouh,mahmoud-mamdouh,43566,Haras El Hodoud,6.93,152.5,22,5,0,1,0,,5,304,151,455,66.81,98,216,131,11,22,40.74,28,4,2,0,0,10,32.26,50,17,21,72,40.45,43,41.35,115,40.78,1831,10.0,1,1,0,0,0,0,5,0,32,18,0,0,5,10,31.25,21,0,0,37,316,17,27,11,841,22,30,0,0,8,16,12,0,0,,,,1,0,0,0,0,21,1,0,0,0,0,0,21,100.0,0.0,11,54,31,167,61,0,0,0,32,22,23,82.14,366.2,0,0,0,127,359,2,,0,78,,22
1214656,Ojo Tolulope,ojo-tolulope,43565,El Gouna FC,6.93,131.7,19,4,0,2,1,,5,190,124,314,60.51,60,132,80,10,8,36.36,17,4,6,0,0,2,18.18,33,13,16,37,35.58,47,51.09,84,42.86,1407,12.12,0,0,2,0,0,0,4,0,19,14,0,4,0,16,50.0,14,0,0,15,210,1,10,4,527,12,31,1,0,8,13,4,0,0,,,,2,0,0,0,0,7,0,0,0,0,0,0,18,0.0,0.0,10,22,11,112,45,0,0,0,32,7,15,88.24,351.75,0,0,0,87,238,1,,0,41,,19
918604,Baher El Mohamady,baher-el-mohamady,43560,Al-Masry,6.93,110.9,16,0,0,0,0,,0,708,93,801,88.39,408,301,71,1,3,75.0,20,10,3,1,1,1,25.0,5,0,5,32,56.14,19,63.33,51,58.62,1311,0.0,0,0,0,1,0,0,0,0,5,0,0,0,0,49,64.47,40,0,0,3,104,0,56,28,927,9,11,0,0,10,1,0,0,0,,,,8,0,0,0,0,10,2,0,0,0,0,0,14,0.0,0.0,1,4,4,36,11,0,0,0,76,12,17,85.0,0.0,0,0,0,438,367,1,,3,63,,16
841931,Ahmed El-Shenawy,el-shenawy-ahmed,175002,Pyramids FC,6.93,159.3,23,0,0,0,0,,0,358,193,551,64.97,292,66,21,0,0,0.0,0,0,4,0,0,0,0.0,0,0,0,9,100.0,5,100.0,14,100.0,2070,0.0,0,0,0,0,0,0,0,0,0,0,0,0,0,118,38.69,16,0,1,0,202,0,29,14,758,9,0,0,0,0,0,0,0,55,,,,10,4,0,32,23,15,4,6,4,4,13,0,23,0.0,0.0,0,0,0,0,0,0,0,0,305,19,0,0.0,0.0,0,0,1,333,218,3,,187,173,,23
1983652,Mohamed Ibrahim Dodo,mohamed-ibrahim-dodo,43567,Petrojet,6.93,27.7,4,0,0,0,0,,0,30,18,48,62.5,7,26,17,2,2,50.0,8,0,0,0,0,3,60.0,4,1,1,17,77.27,4,66.67,21,75.0,210,0.0,0,0,0,0,0,0,0,0,2,2,0,0,0,3,42.86,1,0,0,1,33,1,3,0,95,7,2,0,0,0,0,2,0,0,,,,0,0,0,0,0,3,0,0,0,0,0,0,3,0.0,0.0,2,4,5,7,2,0,0,0,7,3,7,87.5,0.0,0,0,0,11,42,0,,0,8,,4
1012479,Mohamed Ammar,mohamed-ammar,42366,Ismaily,6.93,138.5,20,0,0,0,0,,0,669,272,941,71.09,423,246,99,4,4,80.0,38,16,6,0,0,0,0.0,3,0,2,50,67.57,76,75.25,126,72.0,1716,0.0,0,0,0,1,0,0,0,0,3,0,0,0,0,116,42.18,123,0,0,4,298,1,138,55,1220,8,10,0,0,9,0,1,0,0,,,,5,0,0,0,0,22,4,0,0,0,0,0,20,0.0,0.0,4,5,0,49,25,0,0,0,275,26,32,84.21,0.0,0,0,0,502,439,2,,6,68,,20
1981648,Mohammed Mossad,mohammed-mossad,265830,Modern Sport FC,6.92,90.0,13,4,1,1,2,,6,126,51,177,71.19,38,94,50,9,4,25.0,10,3,0,0,0,6,30.0,13,8,1,29,44.62,2,22.22,31,41.89,621,30.77,0,0,1,0,0,0,4,0,11,2,1,0,3,8,44.44,1,0,0,11,115,4,16,8,311,15,11,0,0,3,3,4,0,0,,,,0,0,0,0,0,3,2,0,0,0,0,0,7,0.0,0.0,9,16,20,43,7,0,0,0,18,5,8,80.0,155.25,0,0,0,47,150,0,,0,25,,13
1094153,Ahmed Castelo,ahmed-castelo,58319,Ghazl El Mahalla FC,6.92,152.3,22,0,2,0,1,,1,746,174,920,81.09,494,254,91,10,3,100.0,35,17,1,0,0,2,18.18,3,0,1,67,80.72,30,58.82,97,72.39,1960,0.0,0,0,0,1,0,0,0,0,2,1,0,0,0,84,43.98,75,0,0,2,204,2,81,43,1176,29,9,0,0,5,0,2,0,0,,,,6,0,0,0,0,27,2,0,0,0,0,0,22,0.0,0.0,10,3,11,37,21,0,0,0,191,29,27,77.14,0.0,0,0,0,561,370,1,,1,64,,22
918592,Ahmed Samy,ahmed-samy,175002,Pyramids FC,6.92,124.6,18,0,0,0,0,,0,854,171,1025,83.32,595,259,86,6,1,25.0,13,18,8,0,0,0,0.0,8,1,5,24,40.68,37,61.67,61,51.26,1568,0.0,0,0,0,1,0,0,0,0,5,3,0,0,0,97,53.01,81,0,0,3,189,0,100,54,1211,10,30,0,0,1,1,2,0,0,,,,8,0,0,0,0,10,3,0,0,0,0,0,18,0.0,0.0,6,4,1,58,23,0,0,0,183,13,11,84.62,0.0,0,0,0,653,373,1,,0,58,,18
1470028,Babacar Ndiaye,babacar-ndiaye,241703,Pharco FC,6.92,124.6,18,0,0,2,0,,0,277,136,413,67.07,169,114,46,6,2,50.0,26,23,5,0,0,6,42.86,11,2,9,43,60.56,30,60.0,73,60.33,1132,0.0,0,0,0,0,0,0,0,0,9,2,0,0,0,33,30.84,83,0,0,1,194,2,49,14,734,15,19,0,0,7,1,0,0,0,,,,4,0,0,0,0,17,2,0,0,0,0,0,11,0.0,0.0,6,4,14,48,20,0,0,0,107,19,19,73.08,0.0,0,0,0,209,218,1,,0,39,,19
1049219,Karim El Debes,karim-eldbees,6910,Al Ahly FC,6.92,103.8,15,0,3,0,2,,2,312,61,373,83.65,149,171,71,14,6,35.29,12,8,1,0,0,8,28.57,15,3,6,19,43.18,5,31.25,24,40.0,765,0.0,0,0,0,0,3,0,0,0,8,7,0,0,0,14,37.84,11,0,0,4,113,2,19,6,565,1,8,1,0,2,1,6,0,0,,,,3,0,0,0,0,4,1,0,0,0,0,0,7,0.0,0.0,14,17,28,36,11,0,0,0,37,5,7,58.33,0.0,0,0,0,169,232,1,,0,44,,15
333459,Mahmoud Hamdi,mahmoud-hamdi,42368,Zamalek SC,6.92,103.8,15,0,0,0,0,,0,640,92,732,87.43,481,159,29,0,1,100.0,13,10,5,0,0,0,0.0,7,1,4,28,62.22,36,62.07,64,62.14,1175,0.0,0,0,0,0,0,0,0,0,7,0,0,0,0,45,55.56,54,0,0,0,106,0,45,19,865,14,15,0,0,3,0,2,0,0,,,,4,0,0,0,0,13,0,0,0,0,0,0,13,0.0,0.0,0,1,3,39,22,0,0,0,81,13,11,84.62,0.0,0,0,0,518,217,1,,0,39,,16
895951,Fagrie Lakay,fagrie-lakay,371622,Cleopatra FC,6.92,152.2,22,3,6,1,6,,9,472,168,640,73.75,129,344,218,41,11,25.58,10,5,4,1,1,1,7.14,31,15,5,47,32.41,15,24.59,62,30.1,1922,9.68,1,0,0,0,2,0,3,0,14,17,0,0,3,8,44.44,7,0,0,33,313,8,15,5,921,26,29,1,0,5,10,11,0,0,,,,4,0,0,0,0,23,4,0,0,0,0,0,22,0.0,0.0,41,43,14,144,46,0,0,1,18,27,7,70.0,640.67,0,0,0,151,503,2,,0,44,,22
918721,Ahmed Ayman Mansour,ahmed-ayman-mansour,265830,Modern Sport FC,6.92,41.5,6,0,0,0,0,,0,166,28,194,85.57,95,71,30,3,3,75.0,13,9,2,0,0,0,0.0,1,0,0,19,79.17,7,58.33,26,72.22,397,0.0,0,0,0,0,0,0,0,0,1,0,0,0,0,15,53.57,15,0,0,2,54,2,21,10,300,3,2,0,0,0,0,1,0,0,,,,2,0,0,0,0,8,0,0,0,0,0,0,6,0.0,0.0,3,4,13,10,5,0,0,0,28,8,10,76.92,0.0,0,0,0,101,106,0,,0,17,,6
1481183,Mohamed Seha,mohamed-seha,43566,Haras El Hodoud,6.91,96.8,14,0,0,0,0,,0,121,199,320,37.81,41,80,42,0,0,0.0,1,0,2,0,0,0,0.0,0,0,0,7,63.64,3,75.0,10,66.67,1260,0.0,0,0,0,2,0,0,0,0,0,0,0,0,0,100,33.56,27,0,0,0,202,0,17,9,439,6,2,0,0,2,0,0,0,35,,,,7,5,2,27,8,18,1,10,4,4,5,0,14,0.0,0.0,0,0,0,5,1,0,0,0,298,19,0,0.0,0.0,0,0,2,67,253,1,,134,130,,14
1189333,Ismaila Bamba,bamba,43567,Petrojet,6.91,159.0,23,3,2,5,0,,3,195,128,323,60.37,66,129,81,18,6,66.67,13,6,2,0,0,0,0.0,36,11,18,24,40.68,79,43.65,103,42.92,1456,8.33,1,0,1,0,0,0,3,0,34,2,3,0,0,7,36.84,26,0,0,12,178,5,15,7,507,5,19,3,0,3,4,7,0,0,,,,2,0,0,0,0,19,3,0,0,0,0,0,14,0.0,0.0,18,9,0,137,102,1,0,0,19,22,12,92.31,485.33,0,0,0,88,235,2,,0,50,,23
927954,Mohamed Abdelghani,mohamed-abdelghani,266626,National Bank of Egypt,6.91,62.2,9,1,0,1,0,,1,224,42,266,84.21,153,71,22,1,0,0.0,12,7,1,0,0,0,0.0,3,1,2,15,68.18,13,56.52,28,62.22,650,33.33,0,0,0,0,0,0,1,0,3,0,1,0,0,23,48.94,26,0,0,1,47,0,21,10,337,3,4,0,0,1,0,0,0,0,,,,3,0,0,0,0,8,0,0,0,0,0,0,8,0.0,0.0,1,1,0,17,10,0,0,0,47,8,9,75.0,650.0,0,0,0,174,92,1,,0,28,,10
1094522,Mohamed Ashraf,ashraf-mohamed,373168,ZED FC,6.91,145.1,21,0,0,0,2,,2,434,157,591,73.43,211,230,99,8,8,61.54,30,29,1,0,0,7,10.29,8,2,2,53,66.25,20,50.0,73,60.83,1334,0.0,0,0,0,0,2,0,0,0,1,7,0,0,0,37,31.36,38,0,0,5,287,1,87,32,978,15,10,0,0,9,2,4,0,0,,,,5,0,0,0,0,9,1,0,0,0,0,0,15,0.0,0.0,8,13,68,47,20,0,0,0,118,10,23,76.67,0.0,0,0,0,248,411,1,,0,65,,21
896578,Mohamed Ashraf Roqa,mohamed-ashraf-roqa,43566,Haras El Hodoud,6.91,82.9,12,3,1,0,1,,4,313,91,404,77.48,139,175,84,3,2,66.67,13,15,3,0,0,1,12.5,9,4,4,18,43.9,3,37.5,21,42.86,917,33.33,3,3,0,0,0,0,3,0,4,5,0,0,3,41,48.24,13,0,0,5,112,1,60,30,512,3,8,0,0,9,0,1,0,0,,,,4,0,0,0,0,9,0,0,0,0,0,0,11,100.0,0.0,3,3,8,28,5,0,0,0,85,9,6,46.15,305.67,0,0,0,160,252,0,,0,56,,12
1910817,Ibrahim Abdel Hakeem,ibrahim-abdel-hakeem,43566,Haras El Hodoud,6.9,145.0,21,0,0,0,0,,0,365,153,518,70.46,237,129,47,4,1,50.0,45,28,4,0,0,1,50.0,4,1,2,50,72.46,31,57.41,81,65.85,1850,0.0,0,0,0,1,0,0,0,0,4,0,0,0,0,66,40.49,99,0,0,1,164,0,79,35,760,4,12,0,0,6,1,1,0,0,,,,9,0,0,0,0,25,0,0,0,0,0,0,20,0.0,0.0,4,2,2,42,23,0,0,0,163,25,31,68.89,0.0,0,0,0,287,233,2,,0,47,,21
918591,Ragab Nabil,ragab-nabil,371622,Cleopatra FC,6.9,165.7,24,3,1,0,1,,4,1000,215,1215,82.3,750,250,52,7,2,100.0,18,13,4,1,1,0,0.0,10,4,4,31,46.97,83,69.75,114,61.62,2158,30.0,0,0,0,2,0,0,3,0,9,1,2,0,1,64,39.02,141,0,0,1,231,0,64,33,1479,11,29,0,0,7,0,2,0,0,,,,6,0,0,0,0,28,5,0,0,0,0,0,24,0.0,0.0,7,2,4,71,36,0,0,0,164,33,15,83.33,719.33,0,0,0,843,376,2,,6,57,,24
1154911,Sodiq Awujoola,sodiq-awujoola,175002,Pyramids FC,6.9,103.5,15,3,2,0,3,,6,143,56,199,71.86,38,108,69,15,5,26.32,10,1,2,0,0,3,27.27,14,6,4,18,32.14,4,21.05,22,29.33,591,21.43,0,0,0,0,0,0,3,0,11,3,0,0,3,13,52.0,0,0,0,10,110,7,13,4,311,3,12,0,0,2,1,4,0,0,,,,1,0,0,0,0,4,2,0,0,0,0,0,6,0.0,0.0,15,19,11,53,15,0,0,0,25,6,8,80.0,197.0,0,0,0,45,165,1,,0,24,,16
845094,Junior Ajayi,junior-ajayi,43563,Smouha,6.9,13.8,2,0,0,0,1,,1,6,1,7,85.71,1,5,4,2,0,0.0,0,0,0,0,0,0,0.0,2,0,2,0,0.0,2,66.67,2,66.67,28,0.0,0,0,0,0,0,0,0,0,2,0,0,0,0,0,0.0,0,0,0,0,2,0,0,0,10,0,0,0,0,0,0,0,0,0,,,,0,0,0,0,0,1,0,0,0,0,0,0,0,0.0,0.0,2,0,0,1,1,0,0,0,0,1,0,0.0,0.0,0,0,0,2,5,0,,0,0,,2
1980358,Adham Hamada,adham-hamada,43563,Smouha,6.9,6.9,1,0,0,0,0,,0,11,5,16,68.75,5,6,3,0,0,0.0,1,0,0,0,0,0,0.0,0,0,0,4,100.0,1,100.0,5,100.0,23,0.0,0,0,0,0,0,0,0,0,0,0,0,0,0,1,25.0,0,0,0,0,12,1,1,0,32,3,0,0,0,0,0,0,0,0,,,,0,0,0,0,0,0,0,0,0,0,0,0,0,0.0,0.0,0,0,5,0,0,0,0,0,4,0,1,100.0,0.0,0,0,0,5,16,0,,0,4,,1
1172638,Abdelrahman Samir,abdelrahman-samir,43564,ENPPI,6.9,48.3,7,0,0,0,0,,0,76,80,156,48.72,34,42,13,0,0,0.0,0,1,3,0,0,0,0.0,0,0,0,1,50.0,4,100.0,5,83.33,630,0.0,0,0,0,0,0,0,0,0,0,0,0,0,0,58,42.34,11,0,0,0,83,0,9,5,210,1,0,0,0,1,0,0,0,14,,,,2,3,2,8,7,11,0,6,1,1,5,0,7,0.0,0.0,0,0,0,1,0,0,0,0,137,11,0,0.0,0.0,0,0,2,49,107,1,,71,49,,7
1497696,Mohamed Saeed Shika,mohamed-saeed-shika,241703,Pharco FC,6.9,165.5,24,0,0,0,1,,1,349,314,663,52.64,242,107,41,2,2,100.0,2,0,1,1,1,0,0.0,0,0,0,10,83.33,17,100.0,27,93.1,2125,0.0,0,0,0,0,0,0,0,0,0,0,0,0,0,162,34.76,36,0,0,0,323,0,65,38,932,6,1,0,0,1,0,0,0,63,,,,6,6,0,43,20,28,1,9,6,6,25,0,24,0.0,0.0,2,2,0,2,0,0,0,0,466,29,1,50.0,0.0,0,0,2,317,346,1,,190,271,,24
1531104,Maata Magassa,maata-magassa,373168,ZED FC,6.9,144.8,21,1,1,1,1,,2,513,129,642,79.91,225,290,120,12,8,34.78,37,14,5,0,0,2,40.0,21,9,9,65,48.87,48,46.6,113,47.88,1528,4.76,0,0,0,0,0,0,1,0,12,9,1,0,0,18,47.37,17,0,0,11,197,5,25,11,888,20,30,1,0,13,1,3,0,0,,,,3,0,0,0,0,12,1,0,0,0,0,0,19,0.0,0.0,12,23,5,123,55,0,0,0,38,13,29,78.38,1528.0,0,0,0,254,393,1,,0,94,,21
1425280,Samuel Amadi,samuel-amadi,43563,Smouha,6.89,165.4,24,3,2,4,1,,4,337,121,458,73.58,99,254,136,23,20,45.45,21,12,4,0,0,16,30.19,33,11,15,88,44.67,19,21.84,107,37.68,1818,9.09,0,0,0,0,3,0,2,1,15,18,0,1,2,19,44.19,10,0,0,40,296,15,22,9,856,47,40,3,0,8,8,7,0,0,,,,1,0,0,0,0,19,3,0,0,0,0,0,21,0.0,0.0,23,44,53,177,68,0,0,0,43,22,17,80.95,606.0,0,0,0,111,400,1,,0,90,,24
1093721,Mostafa Shalaby,mostafa-shalaby,42368,Zamalek SC,6.89,137.8,20,3,0,0,1,,4,448,110,558,80.29,142,316,160,21,8,28.57,17,4,3,0,1,10,22.22,24,6,12,53,44.92,13,50.0,66,45.83,1378,12.5,0,0,0,0,1,0,3,0,12,12,0,0,3,10,45.45,12,0,0,17,226,5,34,17,810,28,17,1,0,12,9,6,0,0,,,,0,0,0,0,0,12,0,0,0,0,0,0,17,0.0,0.0,21,28,45,78,13,0,0,0,22,12,13,76.47,459.33,1,0,0,155,448,0,,0,43,,20
871735,Mohamed El-Shenawy,mohamed-el-shenawy,6910,Al Ahly FC,6.89,124.0,18,0,0,0,0,,0,258,149,407,63.39,183,75,27,0,0,0.0,2,0,1,0,0,0,0.0,0,0,0,4,100.0,7,100.0,11,100.0,1594,0.0,0,0,0,0,0,0,0,0,0,0,0,0,0,119,45.25,21,0,0,0,155,0,38,17,541,2,0,0,0,0,0,0,0,37,,,,7,3,0,26,11,12,2,5,5,5,2,0,18,0.0,0.0,0,0,1,0,0,0,0,0,263,14,2,100.0,0.0,0,0,0,232,176,0,,132,134,,18
966961,Mohamed Desouki,mohamed-desouki,265830,Modern Sport FC,6.89,124.0,18,0,0,1,0,,0,677,187,864,78.36,338,354,157,10,5,45.45,28,20,3,0,0,15,30.61,2,1,0,43,48.31,28,53.85,71,50.35,1610,0.0,0,0,0,0,0,0,0,0,1,1,0,0,0,91,48.66,47,0,0,5,278,0,122,56,1205,10,28,0,0,8,1,1,0,0,,,,6,0,0,0,0,17,3,0,0,0,0,0,18,0.0,0.0,10,11,49,70,24,0,0,0,187,20,20,71.43,0.0,0,0,0,390,523,1,,0,65,,18
918659,Mostafa El Gamal,mostafa-el-gamal,43567,Petrojet,6.89,117.1,17,2,0,0,0,,2,209,73,282,74.11,50,171,102,15,5,38.46,8,6,0,0,0,12,21.43,18,6,10,23,51.11,6,54.55,29,51.79,639,11.11,0,0,0,0,1,0,2,0,7,11,0,0,2,16,50.0,4,0,0,6,155,6,40,23,457,10,7,0,0,3,0,2,0,0,,,,0,0,0,0,0,8,0,0,0,0,0,0,6,0.0,0.0,15,13,56,27,5,0,0,0,32,8,7,87.5,319.5,0,0,0,70,268,0,,0,46,,17
785883,Saidou Simporé,saidou-simpore,266626,National Bank of Egypt,6.89,165.3,24,1,1,0,2,,3,843,273,1116,75.54,531,315,123,9,4,80.0,23,18,5,0,0,3,37.5,18,7,7,34,46.58,67,59.82,101,54.59,2119,5.56,0,0,0,1,1,0,1,0,12,6,0,0,1,119,42.2,103,0,0,8,301,0,174,86,1374,7,21,0,0,10,3,4,0,0,,,,6,0,0,0,0,28,2,0,0,0,0,0,24,0.0,0.0,9,5,8,84,45,0,0,0,282,30,21,91.3,2119.0,0,0,0,608,516,0,,2,93,,24
1515913,Mohamed Abdallah,mohamed-ali,6910,Al Ahly FC,6.89,55.1,8,0,3,1,2,,2,83,18,101,82.18,30,54,31,6,5,38.46,6,2,0,0,0,1,16.67,3,2,0,17,45.95,0,0.0,17,42.5,285,0.0,0,0,1,0,0,0,0,0,2,1,0,0,0,5,62.5,2,0,0,3,51,2,5,3,175,6,7,0,0,2,0,1,0,0,,,,1,0,0,0,0,2,1,0,0,0,0,0,2,0.0,0.0,6,13,6,23,3,0,0,0,8,3,6,100.0,0.0,0,0,0,35,72,0,,0,18,,8
1134341,Khaled Awad,khaled-awad,43561,Tala'ea El-Gaish,6.88,82.6,12,0,1,0,2,,2,249,120,369,67.48,120,136,53,8,9,45.0,19,14,2,0,0,7,35.0,1,0,0,35,50.72,30,69.77,65,58.04,1030,0.0,0,0,0,1,0,0,0,0,1,0,0,0,0,20,32.79,32,0,0,9,185,1,29,8,635,7,10,0,0,4,0,1,0,0,,,,4,0,0,0,0,7,1,0,0,0,0,0,11,0.0,0.0,8,20,20,47,13,0,0,0,61,8,17,89.47,0.0,0,0,0,161,228,1,,0,44,,12
1069340,Khaled Stouhi,khaled-stouhi,43561,Tala'ea El-Gaish,6.88,144.5,21,0,1,0,1,,1,505,224,729,69.27,345,161,64,4,6,75.0,21,25,3,0,0,1,25.0,3,1,1,34,64.15,33,53.23,67,58.26,1840,0.0,0,0,0,0,0,0,0,0,3,0,0,0,0,91,35.97,93,0,0,1,237,0,127,60,933,7,11,0,0,6,0,1,0,0,,,,10,0,0,0,0,11,5,0,0,0,0,0,21,0.0,0.0,4,8,4,48,29,0,0,0,253,16,19,90.48,0.0,0,0,0,412,321,1,,0,56,,21
873548,Nasser Maher,nasser-maher,42368,Zamalek SC,6.88,68.8,10,1,2,0,1,,2,195,42,237,82.28,73,126,59,6,3,60.0,2,1,0,1,1,4,36.36,8,2,5,13,65.0,1,50.0,14,63.64,456,12.5,0,0,0,0,0,0,1,0,2,6,0,0,1,8,50.0,2,0,0,4,61,1,12,5,299,8,1,1,0,0,0,1,0,0,,,,0,0,0,0,0,3,0,0,0,0,0,0,5,0.0,0.0,6,5,11,8,1,0,0,0,16,3,2,100.0,456.0,0,0,0,77,171,1,,0,16,,10
804375,Walid El Karti,walid-el-karti,175002,Pyramids FC,6.88,103.2,15,0,1,3,1,,1,478,93,571,83.71,216,266,125,14,6,42.86,11,9,4,0,0,4,30.77,14,4,9,32,40.0,23,54.76,55,45.08,1146,0.0,0,0,0,0,0,0,0,0,10,4,0,0,0,47,67.14,13,0,0,13,144,4,58,32,729,15,22,1,0,6,1,1,0,0,,,,5,0,0,0,0,8,3,0,0,0,0,0,13,0.0,0.0,14,14,13,67,19,0,0,0,70,11,10,90.91,0.0,0,0,0,232,352,1,,0,63,,15
918637,Amer Mohamed,amer-mohamed,58319,Ghazl El Mahalla FC,6.88,137.6,20,0,0,0,0,,0,289,160,449,64.37,213,76,18,0,0,0.0,0,0,1,0,1,0,0.0,0,0,0,7,87.5,7,100.0,14,93.33,1719,0.0,0,0,0,1,0,0,0,0,0,0,0,0,0,125,44.64,16,0,0,0,168,0,27,14,640,7,1,0,0,0,0,0,0,48,,,,5,8,0,27,21,26,1,8,3,3,9,0,20,0.0,0.0,0,0,0,1,0,0,0,0,280,27,0,0.0,0.0,1,0,1,248,201,2,,168,200,,20
1067595,Azmi Ghouma,azmi-ghouma,241703,Pharco FC,6.88,130.7,19,1,0,0,1,,2,312,117,429,72.73,166,153,68,13,13,44.83,32,22,2,0,0,7,18.42,15,2,8,64,57.14,23,56.1,87,56.86,1306,6.67,0,0,1,0,0,0,1,0,12,3,0,1,0,23,37.1,23,0,0,10,231,4,31,13,794,19,20,1,0,7,3,5,0,0,,,,0,0,0,0,0,17,1,0,0,0,0,0,18,0.0,0.0,13,29,38,66,18,0,0,0,62,18,23,71.88,1306.0,0,0,0,203,264,1,,0,62,,19
918617,Emad Hamdi,emad-hamdi,42366,Ismaily,6.88,123.8,18,0,1,1,1,,1,618,184,802,77.06,392,227,72,6,1,16.67,17,12,4,0,0,1,33.33,7,2,4,30,50.85,73,74.49,103,65.61,1501,0.0,1,0,0,0,0,0,0,0,5,2,0,0,0,71,39.66,73,0,0,0,201,0,101,47,972,12,19,0,0,5,0,1,1,0,,,,4,0,0,0,0,15,2,0,0,0,0,0,17,0.0,0.0,5,6,3,54,25,0,0,1,179,17,14,82.35,0.0,0,0,0,453,352,1,,0,63,,18
1391655,Mohamed El Nahass,mohamed-el-nahass,43565,El Gouna FC,6.88,55.0,8,0,1,0,1,,1,58,27,85,68.24,20,38,22,6,0,0.0,2,1,0,0,0,0,0.0,9,1,4,5,35.71,24,70.59,29,60.42,333,0.0,0,0,0,0,0,0,0,0,8,1,0,0,0,2,33.33,5,0,0,3,42,1,5,1,123,3,3,2,0,1,0,4,0,0,,,,0,0,0,0,0,4,0,0,0,0,0,0,4,0.0,0.0,6,1,2,19,10,0,0,0,6,4,2,100.0,0.0,0,0,0,21,66,1,,0,8,,11
1049030,Abdel Rahman Shika,abdel-rahman-shika,265830,Modern Sport FC,6.88,82.5,12,0,0,0,1,,1,308,75,383,80.42,116,198,103,10,4,50.0,11,3,2,0,0,6,24.0,8,1,4,25,56.82,9,34.62,34,48.57,627,0.0,0,0,0,1,0,0,0,0,2,6,0,0,0,62,76.54,6,0,1,4,116,2,55,39,493,10,7,0,0,4,0,3,0,0,,,,2,0,0,0,0,8,1,0,0,0,0,0,7,0.0,0.0,10,8,25,36,17,0,0,0,81,9,9,81.82,0.0,0,0,0,139,269,1,,0,27,,12
918593,Ahmed Alaa Eldin,ahmed-alaa-eldin,43561,Tala'ea El-Gaish,6.88,110.0,16,0,0,0,0,,0,290,139,429,67.6,205,85,30,0,2,40.0,16,15,2,0,0,0,0.0,5,1,2,27,55.1,54,76.06,81,67.5,1201,0.0,0,0,0,0,0,0,0,0,5,0,0,0,0,47,37.01,75,0,0,1,153,0,69,35,598,9,15,1,0,5,0,2,0,0,,,,5,0,0,0,0,9,3,0,0,0,0,0,13,0.0,0.0,0,5,3,39,17,0,0,0,127,12,13,81.25,0.0,0,0,0,261,171,1,,1,41,,16
952443,Mohamed Shaaban,mohamed-shaaban,43561,Tala'ea El-Gaish,6.88,110.0,16,0,0,0,0,,0,158,148,306,51.63,100,58,25,1,0,0.0,0,0,2,0,0,0,0.0,0,0,0,5,100.0,5,71.43,10,83.33,1440,0.0,0,0,0,0,0,0,0,0,0,0,0,0,0,69,32.39,26,0,0,0,150,0,7,1,444,5,0,0,0,0,0,0,0,39,,,,6,2,0,28,10,12,5,11,3,3,10,0,16,0.0,0.0,1,0,0,2,2,0,0,0,213,17,0,0.0,0.0,0,0,2,120,186,1,,140,131,,16
1083289,Mohamed El-Maghrabi,mohamed-el-maghrabi,35187,Al-Ittihad Alexandria,6.87,103.1,15,0,0,0,0,,0,368,133,501,73.45,236,132,63,1,4,66.67,18,6,2,1,1,0,0.0,4,0,3,25,62.5,20,55.56,45,59.21,1186,0.0,0,0,0,0,0,0,0,0,2,2,0,0,0,64,48.12,66,0,0,0,162,1,62,33,696,3,12,0,0,2,0,1,0,0,,,,6,0,0,0,0,10,0,0,0,0,0,0,14,0.0,0.0,1,6,12,31,16,0,0,0,133,10,14,77.78,0.0,0,0,0,279,234,1,,0,26,,15
936330,Hady Reyad,hady-reyad,43567,Petrojet,6.87,164.9,24,1,1,1,0,,1,357,274,631,56.58,220,139,62,6,3,75.0,23,17,5,0,0,2,40.0,11,2,9,37,62.71,60,65.22,97,64.24,2160,9.09,0,0,0,1,0,0,1,0,10,1,1,0,0,94,35.34,127,0,0,1,290,0,152,46,920,11,16,1,0,7,2,0,0,0,,,,6,0,0,0,0,30,4,0,0,0,0,0,24,0.0,0.0,6,4,5,54,32,0,0,0,266,34,21,91.3,2160.0,0,0,0,311,325,1,,0,48,,24
1124358,Salifu Moro,salifu-moro,35187,Al-Ittihad Alexandria,6.87,137.4,20,0,0,0,0,,0,580,153,733,79.13,331,251,102,10,4,80.0,25,21,6,0,0,2,25.0,15,2,11,46,51.69,29,60.42,75,54.74,1635,0.0,0,0,0,0,0,0,0,0,4,11,0,0,0,57,54.81,32,0,0,8,242,8,75,43,990,17,25,0,0,12,0,2,0,0,,,,7,0,0,0,0,15,2,0,0,0,0,0,19,0.0,0.0,10,5,8,62,19,0,0,0,104,17,19,76.0,0.0,0,0,0,379,362,0,,0,102,,20
1639329,Mohamed Emad,mohamed-emad,43565,El Gouna FC,6.87,61.8,9,2,0,0,0,,2,78,32,110,70.91,36,43,20,2,6,33.33,16,7,1,0,0,1,11.11,10,4,3,28,44.44,2,18.18,30,40.54,335,20.0,0,0,0,0,0,0,2,0,7,3,0,2,0,8,47.06,10,0,0,8,74,0,8,4,226,6,9,0,0,6,0,3,0,0,,,,1,0,0,0,0,1,0,0,0,0,0,0,4,0.0,0.0,2,18,9,44,9,0,0,0,17,1,13,81.25,167.5,0,0,0,46,73,0,,0,11,,11
190143,Filipe Nascimento,filipe-nascimento,35187,Al-Ittihad Alexandria,6.87,20.6,3,0,0,0,0,,0,65,18,83,78.31,31,36,18,2,1,100.0,3,1,2,0,0,2,22.22,2,2,0,9,60.0,4,50.0,13,56.52,172,0.0,0,0,0,0,0,0,0,0,1,1,0,0,0,6,66.67,1,0,0,3,32,1,3,1,116,5,3,0,0,1,0,0,0,0,,,,1,0,0,0,0,0,1,0,0,0,0,0,3,0.0,0.0,2,1,9,10,4,0,0,0,9,1,2,66.67,0.0,0,0,0,39,53,0,,0,9,,3
826544,Basem Ali,basem-ali,265830,Modern Sport FC,6.87,20.6,3,0,1,0,0,,0,74,23,97,76.29,28,49,20,3,0,0.0,3,5,0,0,0,3,30.0,0,0,0,3,50.0,2,40.0,5,45.45,173,0.0,0,0,0,0,0,0,0,0,0,0,0,0,0,6,42.86,1,0,0,0,38,0,10,5,141,0,1,0,0,1,0,0,0,0,,,,0,0,0,0,0,0,0,0,0,0,0,0,2,0.0,0.0,3,2,10,6,3,0,0,0,14,0,1,33.33,0.0,0,0,0,35,72,0,,0,9,,3
1096361,Mostafa Ibrahim,mostafa-ibrahim,35187,Al-Ittihad Alexandria,6.86,96.1,14,0,0,0,0,,0,311,137,448,69.42,209,108,35,1,4,50.0,19,23,0,0,0,6,37.5,2,0,1,35,67.31,26,60.47,61,64.21,1151,0.0,0,0,0,0,0,0,0,0,1,1,0,0,0,41,33.88,53,0,0,1,170,0,45,21,676,12,6,0,0,6,0,1,0,0,,,,4,0,0,0,0,8,2,0,0,0,0,0,14,0.0,0.0,1,8,16,34,17,0,0,0,121,10,15,78.95,0.0,0,0,0,258,206,0,,1,32,,14
918850,Ali El Fil,ali-el-fil,265830,Modern Sport FC,6.86,96.1,14,0,0,0,0,,0,469,97,566,82.86,327,142,46,1,1,100.0,10,10,3,0,0,0,0.0,3,2,1,18,56.25,24,61.54,42,59.15,1188,0.0,0,0,0,0,0,0,0,0,2,1,0,0,0,55,50.93,74,1,0,0,109,0,46,23,715,7,11,0,0,3,1,0,0,0,,,,7,0,0,0,0,8,3,0,0,0,0,0,15,0.0,0.0,1,1,1,29,15,0,0,0,108,11,8,80.0,0.0,0,0,0,367,200,0,,0,45,,14
918908,Abdel Rahman Amer,abdel-rahman-amer,43563,Smouha,6.86,109.8,16,0,1,0,1,,1,338,153,491,68.84,165,175,82,11,2,18.18,37,21,2,0,0,2,15.38,5,3,1,59,59.0,25,49.02,84,55.63,1219,0.0,0,0,0,1,0,0,0,0,5,0,0,0,0,25,30.12,45,0,0,7,221,4,52,23,805,20,18,0,0,7,4,1,0,0,,,,3,0,0,0,0,12,1,0,0,0,0,0,14,0.0,0.0,11,11,13,67,26,0,0,0,83,13,25,67.57,0.0,0,0,0,211,293,0,,0,71,,16
918857,Ali El Zahdi,ali-el-zahdi,43565,El Gouna FC,6.86,123.5,18,3,1,1,1,,4,156,90,246,63.41,61,95,60,11,3,25.0,13,9,2,0,0,0,0.0,22,7,7,28,41.79,44,43.56,72,42.86,1171,13.64,0,0,0,0,0,0,3,0,14,8,2,1,0,8,36.36,14,0,0,13,158,9,14,6,438,13,13,1,0,5,2,8,0,0,,,,2,0,0,0,0,13,2,0,0,0,0,0,11,0.0,0.0,11,12,7,96,57,0,0,0,22,15,11,84.62,390.33,0,0,0,75,178,1,,0,31,,18
290623,Fakhreddine Ben Youssef,fakhreddine-ben-youssef,43560,Al-Masry,6.86,123.5,18,2,1,1,2,,4,190,72,262,72.52,60,132,61,10,3,42.86,6,3,0,0,0,2,22.22,24,7,11,17,45.95,25,51.02,42,48.84,807,8.33,1,1,0,0,0,0,2,0,22,2,1,0,1,7,58.33,12,0,0,7,116,2,13,7,383,9,9,1,0,1,3,6,0,0,,,,0,0,0,0,0,5,2,0,0,0,0,0,8,100.0,0.0,10,7,9,44,24,0,0,0,12,7,4,66.67,403.5,0,0,0,76,195,0,,0,20,,20
918620,Omar El Wahsh,omar-el-wahsh,35187,Al-Ittihad Alexandria,6.86,123.5,18,0,0,0,1,,1,506,139,645,78.45,249,260,128,7,8,57.14,25,11,0,0,0,3,11.11,8,1,5,59,59.0,7,46.67,66,57.39,1101,0.0,0,0,0,1,1,0,0,0,0,8,0,0,0,56,53.33,23,0,0,11,202,1,86,44,847,26,13,0,0,13,1,2,0,0,,,,5,0,0,0,0,6,1,0,0,0,0,0,13,0.0,0.0,7,14,27,49,8,0,0,0,105,7,19,76.0,0.0,0,0,0,280,392,0,,1,70,,18
1082505,Ahmed Tarek,ahmed-tarek,373168,ZED FC,6.86,123.5,18,0,0,0,0,,0,569,162,731,77.84,423,146,36,1,1,100.0,14,17,1,0,0,0,0.0,6,1,2,37,74.0,28,53.85,65,63.73,1544,0.0,0,0,0,0,0,0,0,0,3,3,0,0,0,62,40.0,77,0,0,1,179,0,97,40,919,23,10,0,0,2,0,3,0,0,,,,7,0,0,0,0,12,1,0,0,0,0,0,17,0.0,0.0,1,1,4,37,24,0,0,0,155,13,8,57.14,0.0,0,0,0,477,258,1,,5,68,,18
918578,Mohamed Hashem,mohamed-hashem,43560,Al-Masry,6.86,137.2,20,0,0,0,0,,0,683,134,817,83.6,496,187,39,1,2,100.0,12,7,3,0,0,0,0.0,3,1,2,21,60.0,45,60.0,66,60.0,1579,0.0,0,0,0,0,0,0,0,0,3,0,0,0,0,41,35.65,87,0,0,1,140,0,52,19,988,7,11,0,0,3,1,0,0,0,,,,8,0,0,0,0,11,2,0,0,0,0,0,19,0.0,0.0,1,2,0,44,30,0,0,0,115,13,10,83.33,0.0,0,0,0,554,263,0,,2,62,,20
1116340,Badr Mousa,badr-moussa,43567,Petrojet,6.86,130.3,19,2,1,1,0,,2,211,87,298,70.81,66,163,98,16,11,39.29,9,12,1,0,0,18,32.14,30,9,15,34,40.0,15,35.71,49,38.58,1158,6.67,0,0,0,0,0,0,0,2,23,7,0,0,2,10,34.48,9,0,0,14,207,11,24,13,580,14,16,3,0,9,3,6,0,0,,,,0,0,0,0,0,14,4,0,0,0,0,0,16,0.0,0.0,16,28,56,78,27,0,0,0,29,18,7,77.78,579.0,0,0,0,84,270,1,,0,65,,19
1424434,Dokou Dodo,dokou-dodo,43563,Smouha,6.86,137.1,20,1,0,0,0,,1,525,185,710,73.94,237,290,127,10,5,33.33,46,19,8,0,0,2,66.67,8,4,4,72,50.35,44,57.89,116,52.97,1427,12.5,0,0,0,0,0,0,1,0,6,2,0,0,1,50,44.64,32,0,0,9,229,3,76,34,930,21,40,0,0,14,0,0,0,0,,,,4,0,0,0,0,15,1,0,0,0,0,0,17,0.0,0.0,10,15,3,103,32,0,0,0,112,16,39,84.78,1427.0,0,0,0,275,438,0,,0,86,,20
1012578,Mohamed Ismail,mohamed-ismail,373168,ZED FC,6.86,137.1,20,0,0,0,1,,1,653,179,832,78.49,465,190,63,3,3,42.86,20,14,4,0,0,2,28.57,7,3,2,33,54.1,38,57.58,71,55.91,1639,0.0,0,0,0,0,0,0,0,0,6,1,0,0,0,99,48.53,83,1,0,5,202,0,133,60,1035,10,15,0,0,5,1,2,0,0,,,,8,0,0,0,0,12,1,0,0,0,0,0,18,0.0,0.0,3,7,7,56,28,0,0,0,204,13,13,65.0,0.0,0,0,0,513,326,0,,3,66,,20
1117788,Mido Mostafa,mido-mostafa,43563,Smouha,6.86,137.1,20,0,0,1,0,,0,507,128,635,79.84,340,173,57,6,3,75.0,15,13,2,0,0,6,46.15,9,4,3,23,62.16,35,61.4,58,61.7,1524,0.0,0,0,0,1,0,0,0,0,9,0,0,0,0,86,52.76,93,0,0,1,139,2,82,44,821,5,4,0,0,8,0,2,0,0,,,,4,0,0,0,0,18,2,0,0,0,0,0,16,0.0,0.0,6,4,13,36,22,0,0,0,163,20,12,80.0,0.0,0,0,0,386,262,2,,0,65,,21
1048765,Ahmed Sherif,ahmed-sherif,241703,Pharco FC,6.85,157.6,23,5,2,1,0,,5,272,93,365,74.52,83,191,88,18,17,34.0,12,4,2,0,0,2,10.0,49,18,19,46,34.59,36,54.55,82,41.21,1837,10.2,0,0,1,0,0,0,5,0,32,17,1,1,3,18,62.07,14,0,0,24,212,4,14,7,643,17,29,0,0,7,5,12,0,0,,,,0,0,0,0,0,26,3,0,0,0,0,0,22,0.0,0.0,18,50,20,117,30,0,0,0,29,29,9,75.0,367.4,0,0,0,98,287,2,,0,32,,23
10085,Sherif Ekramy,sherif-ekramy,175002,Pyramids FC,6.85,13.7,2,0,0,0,0,,0,38,13,51,74.51,35,3,0,0,0,0.0,1,0,0,0,0,0,0.0,0,0,0,2,100.0,2,100.0,4,100.0,180,0.0,0,0,0,0,0,0,0,0,0,0,0,0,0,8,38.1,1,0,0,0,13,0,7,2,66,1,0,0,0,0,0,0,0,2,,,,1,0,0,2,0,1,0,1,0,0,1,0,2,0.0,0.0,0,0,0,0,0,0,0,0,21,1,1,100.0,0.0,0,0,0,38,13,0,,14,15,,2
918770,Bassam Walid,bassam-walid,58319,Ghazl El Mahalla FC,6.85,13.7,2,0,1,0,0,,0,39,9,48,81.25,12,29,17,3,2,100.0,0,0,0,0,0,2,40.0,1,0,1,2,50.0,0,0.0,2,50.0,103,0.0,0,0,0,0,0,0,0,0,0,1,0,0,0,5,71.43,0,0,0,0,14,0,8,3,59,0,0,0,0,2,0,0,0,0,,,,0,0,0,0,0,1,0,0,0,0,0,0,2,0.0,0.0,3,2,5,2,0,0,0,0,7,1,0,0.0,0.0,0,0,0,12,41,0,,0,3,,2
1907924,Ahmed Bayoumy Taemaa,ahmed-bayoumy-taemaa,43566,Haras El Hodoud,6.85,13.7,2,0,0,0,0,,0,22,5,27,81.48,13,9,6,2,1,100.0,2,2,0,0,0,0,0.0,0,0,0,3,75.0,1,50.0,4,66.67,34,0.0,0,0,0,0,0,0,0,0,0,0,0,0,0,1,50.0,0,0,0,1,8,0,5,2,37,0,0,0,0,0,0,0,0,0,,,,0,0,0,0,0,0,0,0,0,0,0,0,0,0.0,0.0,2,1,0,2,1,0,0,0,2,0,2,100.0,0.0,0,0,0,14,13,0,,0,1,,3
1010882,Khaled Abdelfattah,abdelfattah-khaled,6910,Al Ahly FC,6.85,41.1,6,0,0,0,0,,0,151,41,192,78.65,103,48,14,1,1,33.33,9,3,0,0,0,0,0.0,0,0,0,17,65.38,9,75.0,26,68.42,326,0.0,0,0,0,0,0,0,0,0,0,0,0,0,0,16,48.48,11,0,0,3,52,0,13,4,247,7,4,0,0,0,1,0,0,0,,,,1,0,0,0,0,2,0,0,0,0,0,0,3,0.0,0.0,1,3,2,12,3,0,0,0,33,2,8,88.89,0.0,0,0,0,121,73,0,,0,23,,6
918513,Sherif Reda,sherif-reda,43563,Smouha,6.85,95.9,14,0,0,0,0,,0,160,97,257,62.26,64,110,53,10,1,7.69,9,13,3,0,0,14,22.58,8,4,1,19,42.22,23,69.7,42,53.85,939,0.0,0,0,1,1,0,0,0,0,2,6,0,0,0,17,34.0,24,0,0,5,217,2,41,14,545,9,7,0,0,3,0,3,0,0,,,,4,0,0,0,0,6,0,0,0,0,0,0,10,0.0,0.0,10,13,62,36,10,0,0,0,50,6,6,66.67,0.0,0,0,0,83,236,0,,0,39,,14
918998,Mohamed Gaber,mohamed-gaber,58319,Ghazl El Mahalla FC,6.85,123.3,18,0,1,0,0,,0,445,165,610,72.95,178,284,145,26,4,23.53,32,17,5,0,0,17,26.56,5,0,3,57,58.16,9,42.86,66,55.46,1369,0.0,0,0,0,0,0,0,0,0,1,4,0,0,0,47,47.96,16,0,0,6,275,2,100,52,973,21,12,0,0,11,3,2,0,0,,,,4,0,0,0,0,18,2,0,0,0,0,0,16,0.0,0.0,26,17,64,53,12,0,0,0,98,20,23,71.88,0.0,0,0,0,221,453,0,,0,58,,18
1424605,Mahmoud Bentayg,bentayg-mahmoud,42368,Zamalek SC,6.85,116.4,17,1,1,0,2,,3,444,89,533,83.3,219,235,101,6,7,41.18,18,11,4,0,0,10,25.0,9,4,5,43,55.13,12,48.0,55,53.4,1120,11.11,0,0,0,1,3,0,1,0,3,6,0,0,1,19,44.19,22,0,0,14,185,2,43,19,840,18,9,1,0,2,2,0,0,0,,,,3,0,0,0,0,13,0,0,0,0,0,0,12,0.0,0.0,6,17,40,48,13,0,0,0,43,13,16,88.89,1120.0,0,0,0,247,326,0,,1,46,,17
932729,Ahmed Rabia,ahmed-rabia,266626,National Bank of Egypt,6.84,123.2,18,0,1,0,1,,1,319,108,427,74.71,151,169,85,6,8,57.14,42,17,3,0,0,1,20.0,15,2,7,63,55.75,21,48.84,84,53.85,1137,0.0,0,0,0,0,0,0,0,0,8,7,0,0,0,34,50.0,27,0,0,10,149,3,31,19,641,13,23,0,0,11,1,6,0,0,,,,3,0,0,0,0,15,2,0,0,0,0,0,11,0.0,0.0,6,14,5,72,22,0,0,0,68,17,32,76.19,0.0,0,0,0,177,255,0,,0,57,,18
888900,Ahmed Madbouli,ahmed-madbouli,266626,National Bank of Egypt,6.84,143.7,21,2,4,1,2,,4,227,93,320,70.94,54,185,115,16,6,31.58,19,5,2,0,0,12,23.53,17,5,6,40,56.34,2,13.33,42,48.84,838,11.76,0,0,0,0,0,0,1,1,7,10,0,2,0,20,47.62,3,0,0,5,174,3,51,23,510,15,13,0,0,4,0,6,0,0,,,,0,0,0,0,0,13,0,0,0,0,0,0,9,0.0,0.0,16,19,51,44,13,0,0,0,42,13,15,78.95,419.0,0,0,0,69,302,0,,0,40,,21
1981657,Tarek Mohamed,tarek-mohamed,265830,Modern Sport FC,6.84,34.2,5,0,0,1,0,,0,134,29,163,82.21,87,47,10,1,0,0.0,2,0,0,0,0,0,0.0,1,0,1,7,53.85,14,73.68,21,65.63,405,0.0,0,0,0,0,0,0,0,0,1,0,0,0,0,19,54.29,29,0,0,0,33,0,14,8,208,5,3,1,0,1,0,0,0,0,,,,2,0,0,0,0,3,0,0,0,0,0,0,4,0.0,0.0,1,2,0,11,5,0,0,0,35,3,1,50.0,0.0,0,0,0,101,62,0,,0,12,,5
2014374,Mohamed Kone,mohamed-kone,43563,Smouha,6.84,34.2,5,0,0,0,0,,0,91,24,115,79.13,33,61,25,2,0,0.0,7,3,1,0,0,3,30.0,2,0,2,8,44.44,5,45.45,13,44.83,220,0.0,0,0,0,0,0,0,0,0,1,1,0,0,0,11,61.11,4,0,0,0,39,2,7,4,168,1,4,0,0,5,0,0,0,0,,,,0,0,0,0,0,1,1,0,0,0,0,0,2,0.0,0.0,2,1,10,16,6,0,0,0,18,2,7,100.0,0.0,0,0,0,37,88,0,,0,11,,6
785871,Eric Traoré,eric-traore,42366,Ismaily,6.83,157.2,23,0,2,0,2,,2,356,107,463,76.89,160,199,93,10,6,35.29,27,17,2,0,0,3,27.27,14,3,7,51,55.43,33,37.93,84,46.93,1641,0.0,0,0,2,0,0,0,0,0,11,3,0,0,0,17,62.96,22,0,0,8,168,7,13,4,675,18,15,1,0,9,10,4,0,0,,,,4,0,0,0,0,17,3,0,0,0,0,0,18,0.0,0.0,10,17,11,95,54,0,0,0,27,20,18,66.67,0.0,0,0,0,189,285,0,,0,72,,23
918500,Ahmed Yasser Rayan,ahmed-yasser-rayan,266626,National Bank of Egypt,6.83,123.0,18,4,2,3,2,,6,108,71,179,60.34,32,76,43,10,3,27.27,6,2,2,0,0,0,0.0,27,11,11,21,40.38,10,28.57,31,35.63,778,14.81,2,2,1,0,1,0,4,0,20,7,0,2,2,6,42.86,10,0,0,12,122,5,11,7,308,12,8,0,0,4,3,5,0,0,,,,0,0,0,0,0,11,0,0,0,0,0,0,8,100.0,0.0,10,11,2,56,25,0,0,0,14,11,4,66.67,194.5,0,0,0,48,133,1,,0,21,,18
844763,Ramadan Sobhi,ramadan-sobhi,175002,Pyramids FC,6.83,82.0,12,0,0,0,1,,1,296,61,357,82.91,101,196,99,14,8,61.54,10,2,1,0,0,1,16.67,10,1,5,27,42.86,13,56.52,40,46.51,862,0.0,0,0,0,0,0,0,0,0,7,3,0,0,0,8,53.33,3,0,0,14,109,7,18,10,467,9,18,1,0,1,0,4,0,0,,,,0,0,0,0,0,6,1,0,0,0,0,0,10,0.0,0.0,14,13,6,46,10,0,0,0,15,7,5,50.0,0.0,0,0,0,122,241,0,,0,35,,12
1945824,Samir Mohamed,samir-mohamed,6910,Al Ahly FC,6.83,20.5,3,0,0,0,0,,0,12,5,17,70.59,1,11,7,0,0,0.0,2,0,1,0,0,0,0.0,4,0,2,3,75.0,3,60.0,6,66.67,64,0.0,0,0,0,0,0,0,0,0,3,1,0,0,0,0,0.0,0,0,0,0,7,1,2,1,26,1,1,0,0,0,0,2,0,0,,,,0,0,0,0,0,0,0,0,0,0,0,0,0,0.0,0.0,0,0,2,3,2,0,0,0,1,0,2,100.0,0.0,0,0,0,1,18,0,,0,3,,4
1109002,Ahmed Atef,ahmed-atef,265830,Modern Sport FC,6.83,109.3,16,2,0,3,1,,3,214,79,293,73.04,57,160,91,10,7,25.93,17,2,2,0,0,3,17.65,28,12,11,34,37.36,15,29.41,49,34.51,1301,7.14,1,1,0,0,0,0,2,0,26,2,0,0,1,2,28.57,2,0,0,16,194,6,11,5,498,10,16,1,0,5,7,5,0,0,,,,3,0,0,0,0,16,1,0,0,0,0,0,14,100.0,0.0,10,27,17,93,36,0,0,0,7,17,15,88.24,650.5,0,0,0,70,240,1,,0,35,,16
871736,Akram Tawfik,akram-tawfik,6910,Al Ahly FC,6.83,116.1,17,0,0,0,0,,0,406,97,503,80.72,185,226,96,5,2,18.18,49,9,0,0,0,5,38.46,4,0,4,70,51.85,7,36.84,77,50.0,988,0.0,0,0,0,1,0,0,0,0,1,3,0,0,0,27,52.94,13,0,0,13,160,3,33,17,771,19,23,0,0,20,1,0,1,0,,,,3,0,0,0,0,7,2,0,0,0,0,0,11,0.0,0.0,4,11,13,77,12,0,0,0,51,9,42,85.71,0.0,0,0,0,214,302,1,,0,62,,18
895534,Mohamed El Shamy,mohamed-el-shamy,43560,Al-Masry,6.83,47.8,7,2,0,0,0,,2,94,33,127,74.02,27,70,44,5,2,28.57,5,2,1,0,0,3,25.0,4,2,1,15,39.47,5,35.71,20,38.46,421,50.0,0,0,0,0,0,0,2,0,3,1,1,0,1,5,62.5,1,0,0,9,75,3,4,2,200,8,9,0,0,2,4,1,0,0,,,,2,0,0,0,0,0,1,0,0,0,0,0,5,0.0,0.0,5,7,12,32,9,0,0,0,8,1,4,80.0,210.5,0,0,0,34,105,0,,0,15,,7
918754,Karim Tarek,karim-tarek,43561,Tala'ea El-Gaish,6.83,143.4,21,1,2,0,2,,3,282,86,368,76.63,102,192,104,16,12,28.57,26,5,0,0,0,12,21.05,29,7,17,64,45.71,7,22.58,71,41.52,1514,3.45,0,0,0,0,0,0,1,0,16,13,0,1,0,7,46.67,3,0,0,22,225,5,20,12,675,26,20,0,0,8,5,5,0,0,,,,0,0,0,0,0,8,5,0,0,0,0,0,20,0.0,0.0,16,42,57,100,24,0,0,0,15,13,23,88.46,1514.0,0,0,0,125,300,2,,0,61,,21
1014789,Ahmed Eid,ahmed-eid,43560,Al-Masry,6.83,95.6,14,0,2,0,0,,0,369,74,443,83.3,159,222,90,10,8,42.11,13,5,2,0,0,12,26.67,4,1,1,30,48.39,13,68.42,43,53.09,944,0.0,0,0,0,0,0,0,0,0,0,4,0,0,0,21,48.84,16,0,0,10,162,3,28,12,676,9,10,0,0,2,1,2,0,0,,,,5,0,0,0,0,5,1,0,0,0,0,0,10,0.0,0.0,10,19,45,38,6,0,0,0,43,6,12,92.31,0.0,0,0,0,173,315,1,,0,44,,15
1982375,Ahmed Farouk,ahmed-farouk,43567,Petrojet,6.83,75.1,11,2,1,1,0,,2,46,31,77,59.74,13,33,16,5,0,0.0,2,1,0,0,0,0,0.0,7,5,1,6,40.0,22,55.0,28,50.91,286,28.57,0,0,1,0,0,0,2,0,7,0,1,0,1,2,50.0,1,0,0,4,44,0,3,1,112,4,2,0,0,1,1,1,0,0,,,,0,0,0,0,0,8,0,0,0,0,0,0,0,0.0,0.0,5,2,0,27,18,0,0,0,4,8,1,50.0,143.0,0,0,0,16,61,0,,0,7,,11
918640,Karim Bambo,karim-bambo,43560,Al-Masry,6.83,102.4,15,4,0,1,1,,5,151,61,212,71.23,40,115,60,5,6,24.0,6,1,0,0,0,4,21.05,20,9,11,20,32.26,6,46.15,26,34.67,825,20.0,0,0,1,0,0,0,4,0,17,3,0,1,3,4,40.0,4,0,0,12,129,2,7,1,350,8,7,0,0,5,14,0,0,0,,,,0,0,0,0,0,6,0,0,0,0,0,0,11,0.0,0.0,5,25,19,49,7,0,0,0,10,6,2,33.33,206.25,0,0,0,55,176,1,,0,17,,15
1094434,Abdo Yehia,abdo-yehia,58319,Ghazl El Mahalla FC,6.83,163.8,24,2,1,1,2,,4,331,206,537,61.64,95,250,155,25,11,32.35,16,6,3,0,0,14,21.54,41,11,20,46,35.66,30,44.78,76,38.78,1953,4.88,0,0,1,0,0,0,1,1,23,18,0,0,2,22,48.89,13,0,0,27,377,8,51,23,877,19,24,0,0,10,4,10,0,0,,,,3,0,0,0,0,25,2,0,0,0,0,0,23,0.0,0.0,25,34,65,120,37,0,0,0,45,27,12,75.0,976.5,0,0,0,128,474,0,,0,56,,24
1480544,Tarek Alaa,tariq-alaa,175002,Pyramids FC,6.83,27.3,4,0,0,0,0,,0,70,11,81,86.42,37,34,14,1,1,100.0,6,0,1,0,0,1,50.0,1,0,1,7,63.64,2,33.33,9,52.94,158,0.0,0,0,0,0,0,0,0,0,1,0,0,0,0,5,83.33,6,0,0,1,22,0,9,7,132,0,3,1,0,0,0,0,0,0,,,,0,0,0,0,0,1,0,0,0,0,0,0,2,0.0,0.0,1,1,2,8,4,0,0,0,6,1,5,83.33,0.0,0,0,0,42,41,0,,0,6,,4
1155371,Marwan Dawoud,marwan-dawoud,35187,Al-Ittihad Alexandria,6.83,81.9,12,0,1,0,0,,0,250,79,329,75.99,154,101,39,5,3,60.0,22,8,1,0,0,5,17.86,4,0,2,35,66.04,3,23.08,38,57.58,856,0.0,0,0,0,2,0,0,0,0,0,4,0,0,0,32,48.48,12,0,0,4,154,2,47,25,543,10,4,0,0,8,0,2,0,0,,,,3,0,0,0,0,4,2,0,0,0,0,0,11,0.0,0.0,5,5,28,28,10,0,0,0,66,6,18,81.82,0.0,0,0,0,179,178,1,,0,42,,12
918828,Nour El Sayed,nour-el-sayed,43565,El Gouna FC,6.83,109.2,16,0,0,0,0,,0,438,106,544,80.51,228,212,100,9,1,20.0,20,20,2,0,0,2,40.0,8,2,4,30,51.72,16,55.17,46,52.87,1115,0.0,0,0,0,0,3,0,0,0,0,8,0,0,0,59,55.14,17,0,0,5,129,2,81,43,663,9,14,0,0,6,0,2,0,0,,,,3,0,0,0,0,6,2,0,0,0,0,0,14,0.0,0.0,9,5,5,41,13,0,0,0,107,8,17,85.0,0.0,0,0,0,264,285,0,,0,64,,16
935681,Mohamed Metwally Canaria,mohamed-metwally-canaria,43563,Smouha,6.82,116.0,17,0,0,0,0,,0,631,176,807,78.19,223,411,173,11,6,46.15,25,8,2,0,0,3,21.43,3,1,1,49,55.06,24,60.0,73,56.59,1392,0.0,0,0,0,0,0,0,0,0,0,3,0,0,0,48,49.48,11,0,0,7,233,3,92,39,983,18,18,0,0,8,0,1,0,0,,,,4,0,0,0,0,18,2,0,0,0,0,0,16,0.0,0.0,11,13,14,56,16,0,0,0,97,20,20,80.0,0.0,0,0,0,258,563,0,,1,77,,17
1970594,Mohamed Reda,mohamed-reda,371622,Cleopatra FC,6.82,34.1,5,1,0,0,1,,2,36,13,49,73.47,9,27,17,4,0,0.0,0,1,1,0,0,0,0.0,5,2,3,2,40.0,0,0.0,2,25.0,119,20.0,0,0,0,0,0,0,1,0,4,1,0,1,0,1,14.29,1,0,0,2,23,0,3,0,77,2,0,0,0,0,0,0,0,0,,,,0,0,0,0,0,4,1,0,0,0,0,0,0,0.0,0.0,4,1,3,6,3,0,0,0,7,5,0,0.0,119.0,0,0,0,10,42,0,,0,2,,6
873556,Ahmed Ramadan,ahmed-ramadan,371622,Cleopatra FC,6.82,143.2,21,1,1,1,1,,2,825,145,970,85.05,560,266,85,5,3,100.0,22,15,7,0,0,1,25.0,13,4,7,39,60.94,16,40.0,55,52.88,1828,7.69,0,0,0,1,2,0,1,0,8,5,0,0,1,61,45.52,54,1,0,2,166,0,85,42,1161,14,17,0,0,6,0,2,0,0,,,,7,0,0,0,0,22,3,0,0,0,0,0,21,0.0,0.0,5,3,4,49,24,0,0,0,134,25,18,81.82,1828.0,0,0,0,604,370,1,,15,70,,21
1440621,Abdelrahman El Banouby,abdelrahman-el-banouby,373168,ZED FC,6.82,129.5,19,3,0,0,0,,3,305,81,386,79.02,76,234,107,16,9,26.47,12,13,0,0,0,5,23.81,20,6,12,33,34.38,17,47.22,50,37.88,1043,15.0,0,0,1,0,0,0,3,0,15,5,2,0,1,11,55.0,8,0,0,19,188,4,12,9,591,12,12,1,0,8,4,2,0,0,,,,1,0,0,0,0,8,1,0,0,0,0,0,12,0.0,0.0,16,34,21,82,19,0,0,0,20,9,11,91.67,347.67,0,0,0,92,315,0,,0,46,,19
1639727,Hazem Mohamed,hazem-mohamed,43566,Haras El Hodoud,6.82,136.3,20,2,2,0,2,,4,167,91,258,64.73,53,114,71,11,8,42.11,13,0,0,0,0,0,0.0,15,7,6,33,37.5,57,43.85,90,41.28,985,13.33,0,0,0,0,0,0,2,0,13,2,1,1,0,5,83.33,3,0,0,10,158,6,13,7,401,12,30,2,0,6,5,2,0,0,,,,0,0,0,0,0,10,0,0,0,0,0,0,12,0.0,0.0,11,19,3,128,73,0,0,0,6,10,7,53.85,492.5,0,0,0,59,202,0,,0,28,,20
1117748,Mostafa Shakshak,mostafa-shakshak,43564,ENPPI,6.81,95.4,14,1,0,0,1,,2,266,118,384,69.27,102,171,77,8,11,40.74,32,14,1,0,0,7,15.91,10,1,4,56,51.85,14,56.0,70,52.63,1113,10.0,0,0,1,1,0,0,0,1,2,8,0,0,1,37,41.11,19,0,0,16,222,3,61,21,643,13,15,0,0,6,0,5,0,0,,,,4,0,0,0,0,12,1,0,0,0,0,0,14,0.0,0.0,8,27,44,63,11,0,0,0,90,13,21,65.63,1113.0,0,0,0,131,297,1,,0,67,,14
1049129,Yassin Marei,yassin-marei,241703,Pharco FC,6.81,149.9,22,2,0,1,1,,3,759,190,949,79.98,518,246,82,4,3,42.86,20,17,6,0,0,5,100.0,7,4,1,44,68.75,40,67.8,84,68.29,1980,28.57,0,0,0,3,0,0,2,0,6,1,1,0,0,88,47.06,105,0,0,4,211,1,124,66,1201,21,10,0,0,4,0,2,0,0,,,,5,0,0,0,0,30,3,0,0,0,0,0,22,0.0,0.0,4,7,5,39,19,0,0,0,187,33,14,70.0,990.0,0,0,0,590,364,1,,0,52,,22
918831,Khaled El Ghandour,khaled-el-ghandour,43560,Al-Masry,6.81,54.5,8,0,0,1,1,,1,111,24,135,82.22,41,73,33,5,3,100.0,7,0,4,0,0,3,21.43,6,1,3,16,55.17,5,71.43,21,58.33,369,0.0,0,0,0,0,2,0,0,0,4,2,0,0,0,6,60.0,6,0,0,4,47,3,10,4,199,6,9,0,0,1,0,2,0,0,,,,0,0,0,0,0,3,0,0,0,0,0,0,6,0.0,0.0,5,3,14,15,2,0,0,0,10,3,6,85.71,0.0,0,0,0,46,103,0,,0,15,,8
967020,Ghanam Mohamed,ghanam-mohamed,265830,Modern Sport FC,6.81,109.0,16,0,0,0,0,,0,572,119,691,82.78,260,312,130,6,6,33.33,25,13,0,0,0,0,0.0,13,2,4,46,54.76,13,56.52,59,55.14,1251,0.0,0,0,0,0,1,0,0,0,1,12,0,0,0,58,59.79,21,0,0,6,166,6,77,49,861,15,8,0,0,13,0,7,0,0,,,,5,0,0,0,0,16,1,0,0,0,0,0,15,0.0,0.0,6,18,5,48,10,0,0,0,97,17,17,68.0,0.0,0,0,0,295,401,0,,0,82,,16
1064323,Alieu Jatta,alieu-jatta,43565,El Gouna FC,6.81,129.4,19,0,2,0,2,,2,334,163,497,67.2,196,146,34,6,4,80.0,20,11,2,0,0,8,32.0,3,1,1,35,68.63,19,44.19,54,57.45,1549,0.0,0,0,0,0,0,0,0,0,1,2,0,0,0,39,33.33,59,0,0,6,276,0,43,15,815,11,6,0,0,3,0,1,0,0,,,,7,0,0,0,0,9,1,0,0,0,0,0,18,0.0,0.0,6,5,25,40,24,0,0,0,117,10,16,80.0,0.0,0,0,0,265,257,1,,0,73,,19
1546071,Mohamed Okasha,mohamed-okasha,43567,Petrojet,6.81,129.4,19,0,0,0,0,,0,351,141,492,71.34,158,194,89,10,4,44.44,40,23,3,0,0,1,14.29,13,3,7,65,58.56,29,61.7,94,59.49,1338,0.0,0,0,0,0,0,0,0,0,0,13,0,0,0,26,36.62,19,0,0,9,183,4,62,20,718,21,20,0,0,15,0,3,0,0,,,,2,0,0,0,0,24,2,0,0,0,0,0,13,0.0,0.0,10,9,7,64,18,0,0,0,71,26,31,77.5,0.0,0,0,0,194,305,1,,0,86,,21
1798266,Abdel Karim Mostafa,abdel-karim-mostafa,42366,Ismaily,6.81,143.0,21,0,0,1,0,,0,592,279,871,67.97,324,271,120,3,14,51.85,40,22,2,0,0,3,9.09,8,1,5,89,58.94,57,69.51,146,62.66,1884,0.0,0,0,0,0,0,0,0,0,7,1,0,0,0,61,30.5,81,0,2,14,411,2,127,51,1355,35,31,0,0,7,2,2,0,0,,,,5,0,0,0,0,21,4,0,0,0,0,0,20,0.0,0.0,3,27,33,87,25,0,0,0,200,25,35,87.5,0.0,0,0,0,422,482,1,,0,89,,21
373894,Abdelkabir El Ouady,abdelkabir-el-ouady,43563,Smouha,6.81,163.4,24,3,3,1,0,,3,452,170,622,72.67,111,351,194,23,23,37.7,9,6,2,0,0,10,18.52,29,10,13,47,35.34,11,33.33,58,34.94,1834,10.34,2,1,1,0,1,0,3,0,23,6,0,0,3,18,58.06,6,0,0,30,349,13,56,20,954,15,12,1,0,7,10,6,0,0,,,,1,0,0,0,0,22,2,0,0,0,0,0,22,50.0,0.0,23,61,54,108,22,0,0,1,31,24,7,77.78,611.33,0,0,0,141,535,0,,0,73,,25
1114433,Ali Zaazaa,ali-zaazaa,265830,Modern Sport FC,6.81,88.5,13,1,1,0,1,,2,253,92,345,73.33,96,161,80,6,7,43.75,13,5,1,0,0,4,36.36,12,2,7,25,48.08,9,50.0,34,48.57,851,8.33,0,0,0,0,0,0,1,0,7,5,0,0,1,13,36.11,9,0,0,4,128,2,32,16,453,5,13,0,0,2,0,3,0,0,,,,2,0,0,0,0,6,1,0,0,0,0,0,11,0.0,0.0,6,16,11,36,9,0,0,0,36,7,8,61.54,851.0,0,0,0,125,231,1,,0,53,,13
873546,Mahmoud Marei,mahmoud-marei,175002,Pyramids FC,6.81,102.1,15,0,0,0,0,,0,738,153,891,82.83,513,226,67,4,5,100.0,15,12,5,0,0,1,25.0,0,0,0,33,55.0,32,61.54,65,58.04,1348,0.0,0,0,0,2,0,0,0,0,0,0,0,0,0,95,53.07,48,0,0,5,166,1,115,69,1018,13,16,0,0,8,0,0,0,0,,,,6,0,0,0,0,10,4,0,0,0,0,0,15,0.0,0.0,4,5,4,47,20,0,0,0,179,14,12,80.0,0.0,0,0,0,564,331,1,,2,53,,15
295351,Ahmed Adel,ahmed-adel,42366,Ismaily,6.81,102.1,15,0,0,0,0,,0,170,111,281,60.5,121,49,16,0,0,0.0,0,1,0,0,0,0,0.0,0,0,0,3,75.0,3,75.0,6,75.0,1350,0.0,0,0,0,0,0,0,0,0,0,0,0,0,0,69,38.76,15,0,0,0,113,0,13,5,396,3,0,0,0,1,0,0,0,32,,,,5,2,0,21,11,12,3,9,1,1,2,0,15,0.0,0.0,0,0,0,2,1,0,0,0,178,15,0,0.0,0.0,0,0,0,150,131,1,,125,106,,15
967004,Ahmed Ayman,ahmed-ayman,35187,Al-Ittihad Alexandria,6.81,102.1,15,0,0,0,0,,0,401,163,564,71.1,183,228,100,10,4,23.53,32,14,0,0,0,10,22.73,4,1,1,50,46.73,20,57.14,70,49.3,1251,0.0,0,0,0,0,0,0,0,0,1,3,0,0,0,35,45.45,32,0,0,11,273,5,61,32,897,14,24,0,0,9,0,2,0,0,,,,4,0,0,0,0,11,1,0,0,0,0,0,15,0.0,0.0,10,17,44,72,15,0,0,0,77,12,26,81.25,0.0,0,0,0,233,375,0,,0,62,,15
918911,Samir Fekri,samir-fekri,35187,Al-Ittihad Alexandria,6.81,108.9,16,0,2,0,2,,2,232,60,292,79.45,97,141,76,8,5,45.45,23,6,1,0,0,6,14.63,6,1,3,45,55.56,3,17.65,48,48.98,779,0.0,0,0,1,1,0,0,0,0,5,1,0,0,0,8,42.11,8,0,0,8,132,1,17,8,469,17,20,0,0,3,1,2,0,0,,,,0,0,0,0,0,11,1,0,0,0,0,0,7,0.0,0.0,8,11,41,50,14,0,0,0,19,12,15,65.22,0.0,0,0,0,106,227,1,,0,41,,17
1172259,Mohamed Rabia,mohamed-rabia,43563,Smouha,6.81,129.3,19,1,0,1,0,,1,593,164,757,78.34,388,206,78,4,6,85.71,15,8,2,0,0,1,20.0,4,1,1,40,66.67,35,53.03,75,59.52,1617,25.0,0,0,0,1,0,0,0,1,3,1,0,1,0,78,43.58,60,1,0,2,182,1,89,41,933,19,14,0,0,5,1,2,0,0,,,,6,0,0,0,0,19,1,0,0,0,0,0,19,0.0,0.0,4,7,5,51,31,0,0,0,179,20,11,73.33,1617.0,0,0,0,434,328,1,,0,74,,19
934538,Mahmoud El-Gazzar,mahmoud-el-gazzar,266626,National Bank of Egypt,6.81,129.3,19,1,1,0,0,,1,533,129,662,80.51,359,175,59,2,1,50.0,25,16,6,1,1,1,33.33,6,2,3,34,60.71,31,53.45,65,57.02,1635,16.67,0,0,0,1,0,0,1,0,2,4,0,1,0,55,40.44,94,0,0,0,140,0,50,21,858,8,16,0,0,6,0,1,0,0,,,,5,0,0,0,0,22,2,0,0,0,0,0,19,0.0,0.0,2,2,3,49,27,0,0,0,136,24,19,76.0,1635.0,0,0,0,399,266,0,,0,52,,19
1983106,Mory Touré,mory-toure,58319,Ghazl El Mahalla FC,6.8,149.7,22,0,0,0,0,,0,619,145,764,81.02,311,311,127,9,8,53.33,55,25,7,0,1,3,21.43,12,2,9,80,51.28,24,51.06,104,51.23,1846,0.0,0,0,0,0,0,0,0,0,0,12,0,0,0,51,49.51,21,0,0,14,207,7,77,36,1033,17,40,1,0,16,0,1,0,0,,,,6,0,0,0,0,25,1,0,0,0,0,0,22,0.0,0.0,9,15,14,99,23,0,0,0,103,26,45,81.82,0.0,1,0,0,354,424,0,,0,122,,22
918634,Abdel Rahman Magdi,abdel-rahman-magdi,175002,Pyramids FC,6.8,102.0,15,2,0,0,1,,3,109,50,159,68.55,33,84,49,10,5,45.45,7,1,1,0,0,8,24.24,9,2,4,15,39.47,8,50.0,23,42.59,414,22.22,1,1,0,0,2,0,2,0,5,4,0,2,0,15,60.0,0,0,0,3,95,2,28,8,245,3,10,2,0,4,2,3,0,0,,,,0,0,0,0,0,3,1,0,0,0,0,0,3,100.0,0.0,10,11,33,31,8,0,0,0,25,4,5,71.43,207.0,0,0,0,41,151,1,,0,18,,15
243915,Marwan Mohsen,marwan-mohsen,43565,El Gouna FC,6.8,68.0,10,2,0,0,0,,2,71,46,117,60.68,27,45,32,9,3,42.86,1,2,3,0,0,1,25.0,11,3,5,14,41.18,24,39.34,38,40.0,580,18.18,1,1,0,0,1,0,2,0,8,3,1,0,1,2,33.33,6,0,0,6,67,0,4,2,184,10,10,1,0,1,4,3,0,0,,,,0,0,0,0,0,6,1,0,0,0,0,0,9,100.0,0.0,9,7,4,57,37,0,0,0,6,7,1,100.0,290.0,0,0,0,31,90,0,,0,6,,10
1545336,Kahraba,kahraba,43565,El Gouna FC,6.8,149.6,22,2,1,0,0,,2,273,192,465,58.71,123,183,71,27,7,24.14,32,14,3,0,0,33,25.19,9,3,4,52,42.62,24,48.98,76,44.44,1664,22.22,2,2,0,0,1,0,2,0,5,4,0,0,2,37,33.64,41,0,0,13,409,3,66,19,1009,13,19,0,0,16,2,2,0,0,,,,8,0,0,0,0,12,2,0,0,0,0,0,18,100.0,0.0,27,29,131,95,25,0,0,0,110,14,24,75.0,832.0,0,0,0,166,430,0,,1,51,,22
806244,Ibrahim Blati Tourè,ibrahim-blati-toure,175002,Pyramids FC,6.8,136.0,20,0,0,0,2,,2,776,145,921,84.26,429,347,160,12,9,45.0,20,17,1,0,0,0,0.0,9,0,6,46,46.0,13,36.11,59,43.38,1546,0.0,0,0,0,0,0,0,0,0,1,8,0,0,0,57,60.64,7,0,0,17,218,6,74,39,1117,17,16,0,0,13,0,3,0,0,,,,4,0,0,0,0,11,3,0,0,0,0,0,18,0.0,0.0,12,20,6,77,23,0,0,0,94,14,20,100.0,0.0,0,0,0,465,462,0,,1,128,,20
934784,Abdallah Ahmed Hafez,abdallah-ahmed-hafez,265830,Modern Sport FC,6.8,61.2,9,0,1,0,1,,1,99,36,135,73.33,32,68,43,4,6,75.0,7,1,0,0,0,1,14.29,6,3,2,26,61.9,3,30.0,29,55.77,323,0.0,0,0,0,1,0,0,0,0,0,6,0,0,0,9,56.25,3,0,0,5,60,2,8,3,201,13,10,0,0,0,1,1,0,0,,,,0,0,0,0,0,3,0,0,0,0,0,0,3,0.0,0.0,4,8,7,23,7,0,0,0,16,3,5,71.43,0.0,0,0,0,39,103,0,,0,18,,10
1913409,Seif El Deen Essam,seif-el-deen-essam,43564,ENPPI,6.8,6.8,1,0,0,0,0,,0,8,1,9,88.89,4,4,3,0,0,0.0,0,1,0,0,0,0,0.0,0,0,0,0,0.0,1,100.0,1,100.0,10,0.0,0,0,0,0,0,0,0,0,0,0,0,0,0,2,100.0,0,0,0,0,1,0,2,1,10,0,0,0,0,0,0,0,0,0,,,,0,0,0,0,0,0,0,0,0,0,0,0,0,0.0,0.0,0,0,0,0,0,0,0,0,2,0,0,0.0,0.0,0,0,0,4,5,0,,0,0,,1
1496344,Amoory,omar-fathy,35187,Al-Ittihad Alexandria,6.8,6.8,1,0,0,0,0,,0,3,0,3,100.0,2,1,1,0,0,0.0,0,0,0,0,0,0,0.0,2,1,0,0,0.0,0,0.0,0,0.0,9,0.0,0,0,0,0,0,0,0,0,1,1,0,0,0,0,0.0,0,0,0,0,0,0,0,0,7,0,0,0,0,0,0,1,0,0,,,,0,0,0,0,0,0,0,0,0,0,0,0,0,0.0,0.0,0,0,0,1,1,0,0,0,0,0,0,0.0,0.0,0,0,0,2,1,0,,0,0,,1
918525,Omar Radwan,omar-radwan,43561,Tala'ea El-Gaish,6.8,6.8,1,0,0,0,0,,0,15,8,23,65.22,9,6,2,0,0,0.0,0,0,0,0,0,0,0.0,0,0,0,0,0.0,0,0.0,0,0.0,90,0.0,0,0,0,0,0,0,0,0,0,0,0,0,0,7,46.67,3,0,0,0,8,0,0,0,36,0,0,0,0,0,0,0,0,2,,,,0,0,0,0,2,0,1,2,0,0,2,0,1,0.0,0.0,0,0,0,0,0,0,0,0,15,1,0,0.0,0.0,0,0,0,11,12,0,,9,10,,1
952202,Amr Reda,amr-reda,241703,Pharco FC,6.8,6.8,1,0,0,0,0,,0,2,1,3,66.67,1,1,0,0,1,100.0,0,0,0,0,0,0,0.0,3,0,1,1,100.0,0,0.0,1,100.0,17,0.0,0,0,0,0,0,0,0,0,2,1,0,0,0,0,0.0,0,0,0,0,2,0,0,0,8,0,0,0,0,0,0,2,0,0,,,,0,0,0,0,0,0,0,0,0,0,0,0,0,0.0,0.0,0,1,0,0,0,0,0,0,0,0,0,0.0,0.0,0,0,0,1,2,0,,0,1,,1
1545931,Mohamed Ayman,mohamed-ayman,241703,Pharco FC,6.8,6.8,1,0,0,0,0,,0,5,1,6,83.33,3,3,1,1,0,0.0,0,0,0,0,0,1,33.33,1,0,1,0,0.0,0,0.0,0,0.0,24,0.0,0,0,0,0,0,0,0,0,0,1,0,0,0,2,100.0,0,0,0,0,3,0,1,1,13,0,0,0,0,0,0,0,0,0,,,,0,0,0,0,0,0,0,0,0,0,0,0,0,0.0,0.0,1,0,3,0,0,0,0,0,2,0,0,0.0,0.0,0,0,0,3,6,0,,0,0,,1
333467,Hassan Mahmoud Shahin,hassan-mahmoud-shahin,43565,El Gouna FC,6.8,6.8,1,0,0,0,0,,0,23,10,33,69.7,21,2,0,0,0,0.0,0,0,0,0,0,0,0.0,0,0,0,1,100.0,0,0.0,1,100.0,90,0.0,0,0,0,0,0,0,0,0,0,0,0,0,0,5,35.71,0,0,0,0,10,0,1,1,44,1,0,0,0,0,0,0,0,2,,,,0,0,0,1,1,2,0,0,0,0,3,0,2,0.0,0.0,0,0,0,0,0,0,0,0,14,2,0,0.0,0.0,0,0,0,24,9,0,,21,9,,1
1497624,Ali Oscar,ali-oscar,43564,ENPPI,6.8,6.8,1,0,0,0,0,,0,1,5,6,16.67,1,0,0,0,0,0.0,1,0,0,0,0,0,0.0,0,0,0,2,100.0,1,50.0,3,75.0,8,0.0,0,0,0,0,0,0,0,0,0,0,0,0,0,0,0.0,0,0,0,0,7,0,1,0,10,1,0,0,0,0,0,0,0,0,,,,0,0,0,0,0,0,0,0,0,0,0,0,0,0.0,0.0,0,0,2,1,1,0,0,0,2,0,1,100.0,0.0,0,0,0,4,4,0,,0,3,,1
1087504,Nader Hesham,nader-hesham,265830,Modern Sport FC,6.8,6.8,1,0,0,0,0,,0,34,17,51,66.67,22,13,5,1,1,50.0,0,3,0,0,0,1,16.67,0,0,0,1,25.0,5,83.33,6,60.0,90,0.0,0,0,0,0,0,0,0,0,0,0,0,0,0,2,50.0,2,0,0,0,26,0,7,4,75,0,2,0,0,0,0,0,0,0,,,,0,0,0,0,0,1,0,0,0,0,0,0,1,0.0,0.0,1,2,6,4,1,0,0,0,4,1,0,0.0,0.0,0,0,0,27,30,0,,0,4,,1
1021274,Omar Faraj,omar-faraj,42368,Zamalek SC,6.8,13.6,2,0,0,0,0,,0,16,6,22,72.73,4,12,6,2,1,50.0,1,1,0,0,0,0,0.0,1,0,1,3,30.0,0,0.0,3,27.27,90,0.0,0,0,1,0,0,0,0,0,1,0,0,0,0,0,0.0,0,0,0,2,9,0,1,1,30,1,5,0,0,0,0,0,0,0,,,,0,0,0,0,0,0,0,0,0,0,0,0,1,0.0,0.0,2,2,0,8,1,0,0,0,0,0,0,0.0,0.0,0,0,0,5,17,0,,0,2,,2
1996793,Mohab Samy,mohab-samy,43564,ENPPI,6.8,6.8,1,0,0,0,0,,0,1,0,1,100.0,0,2,0,0,0,0.0,0,0,0,0,0,1,50.0,0,0,0,1,100.0,0,0.0,1,50.0,20,0.0,0,0,0,0,0,0,0,0,0,0,0,0,0,0,0.0,1,0,0,0,1,0,0,0,7,1,0,0,0,0,0,0,0,0,,,,0,0,0,0,0,0,0,0,0,0,0,0,0,0.0,0.0,0,0,2,1,1,0,0,0,0,0,0,0.0,0.0,0,0,0,0,3,0,,0,0,,2
1085148,Ragab El Safi,ragab-el-safi,43563,Smouha,6.8,27.2,4,0,0,0,0,,0,39,18,57,68.42,28,11,3,0,0,0.0,6,0,1,0,0,0,0.0,0,0,0,7,70.0,9,60.0,16,64.0,238,0.0,0,0,0,1,0,0,0,0,0,0,0,0,0,7,41.18,35,0,0,0,19,0,9,4,102,1,4,0,0,0,0,0,0,0,,,,1,0,0,0,0,2,2,0,0,0,0,0,3,0.0,0.0,0,0,0,9,6,0,0,0,17,4,6,100.0,0.0,0,0,0,35,22,1,,0,8,,4
1008303,Mostafa El Zenary,mostafa-el-zenary,42368,Zamalek SC,6.8,34.0,5,0,0,0,0,,0,83,17,100,83.0,62,21,7,0,4,80.0,3,1,0,0,0,0,0.0,3,1,1,7,63.64,4,40.0,11,52.38,321,0.0,0,0,0,0,0,0,0,0,3,0,0,0,0,8,61.54,10,0,0,0,27,0,8,6,139,0,2,0,0,1,0,1,0,0,,,,1,0,0,0,0,1,0,0,0,0,0,0,3,0.0,0.0,0,5,1,10,6,0,0,0,13,1,2,66.67,0.0,0,0,0,70,31,0,,0,8,,6
1103659,Hisham Salah,hisham-salah,266626,National Bank of Egypt,6.79,122.3,18,0,0,2,1,,1,289,156,445,64.94,117,183,91,13,5,50.0,30,26,5,0,1,11,20.75,7,1,4,41,63.08,20,60.61,61,62.24,1354,0.0,0,0,0,0,0,0,0,0,6,1,0,0,0,37,31.62,42,0,0,4,264,2,57,21,819,6,12,0,0,7,0,2,0,0,,,,4,0,0,0,0,16,1,0,0,0,0,0,16,0.0,0.0,13,10,53,37,13,0,0,0,117,17,21,70.0,0.0,1,0,0,158,340,0,,0,54,,18
842480,Kouassi Kouadja,kouassi-kouadja,43566,Haras El Hodoud,6.79,81.5,12,0,0,0,0,,0,212,86,298,71.14,125,88,35,2,0,0.0,11,14,2,0,0,1,11.11,2,1,1,20,46.51,23,57.5,43,51.81,970,0.0,0,0,0,0,0,0,0,0,1,1,0,0,0,37,44.58,33,0,0,2,108,0,33,18,421,9,13,0,0,8,0,0,0,0,,,,5,0,0,0,0,9,0,0,0,0,0,0,11,0.0,0.0,2,1,9,40,17,0,0,0,83,9,8,72.73,0.0,0,0,0,158,149,0,,0,15,,12
1876606,Mohamed El Sayed,mohamed-el-sayed,42368,Zamalek SC,6.79,54.3,8,1,0,0,0,,1,107,32,139,76.98,53,54,26,4,1,20.0,10,3,1,0,0,0,0.0,4,1,2,19,54.29,7,35.0,26,47.27,369,25.0,0,0,0,0,0,0,1,0,2,2,0,0,1,6,46.15,2,0,0,4,57,5,5,2,205,8,6,1,0,4,1,1,0,0,,,,0,0,0,0,0,4,0,0,0,0,0,0,3,0.0,0.0,4,5,3,29,13,0,0,0,13,4,7,70.0,369.0,0,0,0,57,85,0,,0,17,,8
1424742,Ahmed Fawzi,ahmed-fawzi,58319,Ghazl El Mahalla FC,6.79,101.8,15,2,2,0,1,,3,354,101,455,77.8,150,210,112,10,3,30.0,17,5,4,0,0,6,25.0,12,4,6,46,50.0,16,45.71,62,48.82,1077,16.67,0,0,0,1,0,0,1,1,5,7,0,1,1,35,45.45,18,0,0,15,159,1,59,31,630,26,21,0,0,6,0,2,0,0,,,,1,0,0,0,0,17,2,0,0,0,0,0,13,0.0,0.0,10,10,24,65,19,0,0,0,77,19,12,70.59,538.5,0,0,0,169,310,1,,0,47,,15
967019,Mohamed Adel,mohamed-adel,371622,Cleopatra FC,6.79,149.3,22,0,1,0,1,,1,942,224,1166,80.79,450,494,211,12,11,78.57,22,20,3,0,0,2,15.38,12,2,5,42,45.65,28,49.12,70,46.98,1723,0.0,0,0,0,0,0,0,0,0,3,9,0,0,0,46,37.4,42,1,0,12,281,10,71,30,1411,9,23,0,1,13,0,5,0,0,,,,6,0,0,0,0,17,5,0,0,0,0,0,21,0.0,0.0,12,14,13,79,29,0,0,0,123,22,19,86.36,0.0,0,0,0,519,660,0,,1,100,,23
1981647,Mohamed Sabry,mohamed-sabry,265830,Modern Sport FC,6.79,47.5,7,1,0,0,0,,1,142,46,188,75.53,63,80,34,3,1,50.0,4,4,2,0,0,1,16.67,6,1,4,10,41.67,12,54.55,22,47.83,379,16.67,0,0,0,0,0,0,1,0,2,4,0,0,1,19,51.35,3,0,0,2,58,1,19,10,229,5,6,0,0,5,0,1,0,0,,,,1,0,0,0,0,5,1,0,0,0,0,0,5,0.0,0.0,3,2,6,24,10,0,0,0,37,6,0,0.0,379.0,0,0,0,70,124,0,,0,10,,8
1424777,Karim Nedved,karim-nedved,6910,Al Ahly FC,6.79,47.5,7,0,0,0,0,,0,74,13,87,85.06,39,35,15,2,1,100.0,5,4,2,0,0,0,0.0,2,1,0,10,58.82,1,25.0,11,52.38,238,0.0,0,0,0,0,0,0,0,0,2,0,0,0,0,8,80.0,4,0,0,1,21,0,3,2,122,4,6,0,0,1,0,1,0,0,,,,1,0,0,0,0,3,0,0,0,0,0,0,2,0.0,0.0,2,1,3,10,3,0,0,0,10,3,4,80.0,0.0,0,0,0,45,45,0,,0,6,,7
918996,Seifeddine Jaziri,seifeddine-jaziri,42368,Zamalek SC,6.79,135.7,20,4,0,1,0,,4,127,46,173,73.41,53,76,43,7,11,57.89,10,2,3,0,0,2,15.38,18,10,5,31,39.74,10,25.0,41,34.75,882,22.22,0,0,0,0,0,0,4,0,15,3,0,1,3,4,66.67,0,0,0,16,106,4,3,2,304,10,22,0,0,2,9,3,0,0,,,,1,0,0,0,0,9,0,0,0,0,0,0,9,0.0,0.0,7,19,13,77,30,0,0,0,6,9,6,60.0,220.5,0,0,0,66,120,1,,0,12,,20
1393699,Ahmed Esho,ahmed-esho,42368,Zamalek SC,6.78,40.7,6,1,0,0,0,,1,58,13,71,81.69,25,34,22,1,0,0.0,2,1,0,0,0,1,33.33,6,2,3,6,54.55,0,0.0,6,54.55,217,16.67,0,0,0,0,0,0,1,0,3,3,0,1,0,1,33.33,1,0,0,4,25,2,4,1,104,4,0,1,0,0,0,1,0,0,,,,1,0,0,0,0,2,0,0,0,0,0,0,3,0.0,0.0,1,1,3,5,0,0,0,0,3,2,2,100.0,217.0,0,0,0,26,48,0,,0,6,,7
851283,Jefferson Encada,jefferson-encada,241703,Pharco FC,6.78,149.2,22,0,1,0,1,,1,474,144,618,76.7,247,239,114,14,11,37.93,37,23,4,0,0,12,36.36,7,3,2,62,56.36,30,58.82,92,57.14,1900,0.0,0,0,0,1,0,0,0,0,4,3,0,0,0,26,41.27,48,0,0,9,268,2,34,13,1051,14,17,0,0,5,2,2,0,0,,,,3,0,0,0,0,25,1,0,0,0,0,0,21,0.0,0.0,14,29,33,69,21,0,0,0,63,26,30,81.08,0.0,0,0,0,293,358,0,,0,94,,22
560158,Mohamed Awad,mohamed-awad,42368,Zamalek SC,6.78,142.4,21,0,0,0,0,,0,300,120,420,71.43,262,38,15,1,1,100.0,1,0,4,0,0,0,0.0,0,0,0,10,90.91,3,60.0,13,81.25,1810,0.0,0,0,0,1,0,0,0,0,0,0,0,0,0,69,37.3,20,1,1,0,121,0,29,16,600,8,1,0,0,0,0,0,0,41,,,,8,5,0,16,24,19,0,6,8,8,7,0,20,0.0,0.0,1,1,0,3,2,0,0,0,185,19,0,0.0,0.0,0,0,0,289,131,0,,137,150,,21
918907,Ahmed Youssef,ahmed-youssef,265830,Modern Sport FC,6.78,101.7,15,0,0,0,0,,0,296,92,388,76.29,151,147,57,1,0,0.0,19,12,3,0,0,2,66.67,8,2,5,40,54.79,15,83.33,55,60.44,1129,0.0,0,0,0,1,0,0,0,0,4,4,0,0,0,37,52.86,29,0,0,6,112,2,30,16,532,22,19,0,0,7,1,1,0,0,,,,3,0,0,0,0,13,2,0,0,0,0,0,14,0.0,0.0,1,1,3,36,3,0,0,0,70,15,17,89.47,0.0,0,0,0,174,217,0,,0,46,,15
1418768,Barakat Haggag,barakat-haggag,43563,Smouha,6.78,101.7,15,0,0,0,0,,0,315,132,447,70.47,193,123,37,2,2,50.0,11,12,1,0,0,1,50.0,6,5,1,25,60.98,29,63.04,54,62.07,1159,0.0,0,0,0,0,0,0,0,0,5,1,0,0,0,57,38.78,63,0,0,3,147,1,80,35,597,12,9,0,0,2,0,0,0,0,,,,3,0,0,0,0,12,1,0,0,0,0,0,14,0.0,0.0,2,4,2,33,17,0,0,0,147,13,10,90.91,0.0,0,0,0,229,220,0,,0,42,,15
1024032,Mootez Zaddem,mootez-zaddem,265830,Modern Sport FC,6.78,88.1,13,0,1,0,0,,0,219,99,318,68.87,87,134,74,8,9,47.37,13,6,4,0,0,2,16.67,20,3,12,38,40.43,25,47.17,63,42.86,895,0.0,0,0,0,0,0,0,0,0,14,6,0,0,0,26,56.52,5,0,0,23,172,1,27,18,485,16,20,0,0,4,3,5,0,0,,,,0,0,0,0,0,9,1,0,0,0,0,0,11,0.0,0.0,8,19,12,84,28,0,0,0,46,10,11,84.62,0.0,0,0,0,100,230,0,,0,30,,13
1387029,Walid Mostafa,walid-mostafa,241703,Pharco FC,6.78,54.2,8,0,1,0,1,,1,77,17,94,81.91,35,52,16,10,3,60.0,3,0,0,0,0,10,40.0,3,0,3,9,52.94,2,40.0,11,50.0,314,0.0,0,0,0,0,0,0,0,0,2,1,0,0,0,3,33.33,6,0,0,1,39,0,6,4,159,3,3,0,0,3,0,0,0,0,,,,0,0,0,0,0,7,2,0,0,0,0,0,2,0.0,0.0,10,5,25,11,3,0,0,0,9,9,3,100.0,0.0,0,0,0,41,78,0,,0,15,,9
1446133,Adham Hamed,adham-hamed,43567,Petrojet,6.77,115.1,17,0,0,1,0,,0,334,117,451,74.06,157,179,90,8,4,50.0,28,16,1,0,0,2,15.38,9,1,6,43,54.43,23,46.94,66,51.56,988,0.0,0,0,0,0,1,0,0,0,1,8,0,0,0,35,50.0,21,0,0,9,156,3,49,27,613,11,12,1,0,12,0,2,0,0,,,,0,0,0,0,0,21,2,0,0,0,0,0,10,0.0,0.0,8,8,13,62,26,0,0,0,70,23,22,78.57,0.0,0,0,0,188,276,0,,0,80,,17
159655,Hussein Sayed,hussein-sayed,371622,Cleopatra FC,6.77,108.3,16,0,0,0,0,,0,352,115,467,75.37,200,160,73,7,6,35.29,11,7,3,0,0,8,26.67,12,2,7,34,47.22,34,57.63,68,51.91,1235,0.0,0,0,0,0,1,0,0,0,6,6,0,0,0,24,40.0,41,0,0,6,207,3,48,22,760,17,19,0,0,3,3,3,0,0,,,,3,0,0,0,0,12,1,0,0,0,0,0,14,0.0,0.0,7,17,30,63,25,0,0,0,60,13,9,81.82,0.0,0,0,0,241,256,0,,0,50,,17
1983105,Mohamed Osama,mohamed-osama,58319,Ghazl El Mahalla FC,6.77,20.3,3,0,0,0,0,,0,14,5,19,73.68,8,6,2,1,1,100.0,3,2,0,0,0,0,0.0,1,1,0,6,66.67,1,100.0,7,70.0,53,0.0,0,0,0,0,0,0,0,0,0,1,0,0,0,1,25.0,1,0,0,0,8,0,2,0,33,2,2,0,0,1,0,0,0,0,,,,0,0,0,0,0,1,0,0,0,0,0,0,0,0.0,0.0,1,1,0,3,0,0,0,0,4,1,2,66.67,0.0,0,0,0,8,11,0,,0,5,,3
2035092,Mohamed Samy,mohamed-samy,43566,Haras El Hodoud,6.76,74.4,11,0,0,0,0,,0,249,114,363,68.6,154,96,39,3,1,33.33,17,12,1,0,0,1,11.11,2,0,1,25,67.57,24,75.0,49,71.01,986,0.0,0,0,0,0,0,0,0,0,1,1,0,0,0,39,36.45,45,0,0,0,134,0,46,17,501,7,6,0,0,5,0,1,0,0,,,,2,0,0,0,0,18,1,0,0,0,0,0,11,0.0,0.0,3,3,9,20,8,0,0,0,107,19,16,94.12,0.0,0,0,0,187,185,0,,0,48,,11
1426381,Mohamed Essam Emara,mohamed-essam-emara,58319,Ghazl El Mahalla FC,6.76,54.1,8,0,0,0,1,,1,90,20,110,81.82,37,53,33,5,3,33.33,5,0,0,0,0,0,0.0,1,1,0,13,52.0,4,40.0,17,48.57,240,0.0,0,0,0,0,0,0,0,0,1,0,0,0,0,8,61.54,5,0,0,2,38,4,4,4,156,5,5,0,0,0,2,0,0,0,,,,0,0,0,0,0,5,0,0,0,0,0,0,2,0.0,0.0,5,9,5,18,6,0,0,0,13,5,5,100.0,0.0,0,0,0,39,76,0,,0,18,,8
918582,Mahmoud Shedid Kenawi,mahmoud-shedid-kenawi,43567,Petrojet,6.76,169.0,25,0,0,0,0,,0,396,241,637,62.17,154,271,122,13,5,50.0,42,36,1,0,0,29,31.52,5,1,4,61,58.65,23,47.92,84,55.26,2014,0.0,0,0,0,0,0,0,0,0,1,4,0,0,0,56,30.27,67,0,0,4,364,4,141,50,1226,15,17,0,0,19,0,0,0,0,,,,5,0,0,0,0,24,4,0,0,0,0,0,25,0.0,0.0,13,10,92,68,25,0,0,0,185,28,31,73.81,0.0,0,0,0,215,514,0,,0,80,,25
918615,Mohamed Fathi,mohamed-fathi,266626,National Bank of Egypt,6.76,162.2,24,0,0,0,0,,0,509,141,650,78.31,272,240,101,10,2,50.0,26,17,1,0,0,3,60.0,7,1,5,44,63.77,27,64.29,71,63.96,1313,0.0,0,0,0,0,0,0,0,0,1,6,0,0,0,65,50.0,25,0,0,1,159,0,82,43,797,16,15,0,0,7,0,1,0,0,,,,2,0,0,0,0,19,2,0,0,0,0,0,14,0.0,0.0,10,4,5,40,15,0,0,0,130,21,21,80.77,0.0,0,0,0,303,352,0,,0,63,,24
1386072,Marwan Osman,marwan-osman,371622,Cleopatra FC,6.76,128.4,19,1,0,0,1,,2,171,44,215,79.53,42,130,69,6,9,50.0,9,2,0,0,0,1,50.0,17,3,11,22,51.16,14,40.0,36,46.15,688,5.88,0,0,0,0,0,0,1,0,10,7,0,0,1,6,75.0,2,0,0,3,82,6,3,3,314,4,4,0,0,5,1,3,0,0,,,,1,0,0,0,0,12,1,0,0,0,0,0,6,0.0,0.0,6,18,2,42,21,0,0,0,8,13,6,66.67,688.0,0,0,0,46,171,0,,0,28,,21
918625,Ahmed Bahbah,ahmed-bahbah,43567,Petrojet,6.76,128.4,19,0,0,0,0,,0,336,204,540,62.22,220,117,59,2,3,60.0,37,21,5,0,0,1,33.33,7,2,2,45,56.25,50,61.73,95,59.01,1716,0.0,0,0,0,0,0,0,0,0,5,2,0,0,0,59,34.71,78,0,0,2,225,1,89,37,763,5,31,0,0,5,4,3,0,0,,,,5,0,0,0,0,22,3,0,0,0,0,0,20,0.0,0.0,2,5,3,66,31,0,0,0,170,25,29,78.38,0.0,0,0,0,284,259,0,,1,73,,20
934782,Mostafa Dowidar,mostafa-dowidar,43564,ENPPI,6.76,135.1,20,0,0,0,0,,0,356,155,511,69.67,179,188,94,14,11,36.67,38,15,5,0,0,11,18.33,11,3,5,63,55.75,11,57.89,74,56.06,1659,0.0,0,0,0,1,1,0,0,0,4,7,0,0,0,47,43.52,34,0,0,20,338,3,51,16,998,14,5,0,0,6,2,3,0,0,,,,5,0,0,0,0,21,1,0,0,0,0,0,18,0.0,0.0,14,30,60,58,8,0,0,0,108,22,28,73.68,0.0,0,0,0,228,343,0,,1,84,,20
1065550,Mohamed Nasr,mohamed-nasr,42366,Ismaily,6.75,114.8,17,0,0,0,0,,0,518,167,685,75.62,315,204,65,4,6,50.0,32,19,6,1,1,1,10.0,1,1,0,51,65.38,26,61.9,77,64.17,1497,0.0,0,0,0,0,0,0,0,0,1,0,0,0,0,44,31.21,71,0,0,2,232,0,48,22,1028,13,12,0,0,8,0,0,0,0,,,,4,0,0,0,0,18,3,0,0,0,0,0,18,0.0,0.0,4,12,10,43,16,0,0,0,141,21,24,75.0,0.0,0,0,0,379,316,0,,2,57,,17
159669,Mohamed Ibrahim,mohamed-ibrahim,266626,National Bank of Egypt,6.75,162.0,24,2,3,0,1,,3,600,137,737,81.41,215,394,197,23,15,41.67,17,5,4,0,0,9,29.03,8,3,2,52,38.81,9,39.13,61,38.85,1585,25.0,0,0,1,0,0,0,2,0,2,6,0,0,2,51,60.0,12,0,0,31,260,6,53,31,984,20,21,0,0,10,0,3,0,0,,,,1,0,0,0,0,17,2,0,0,0,0,0,19,0.0,0.0,23,36,31,96,14,0,0,0,85,19,14,82.35,792.5,0,0,0,240,528,1,,0,73,,24
364988,Amr Gamal,amr-gamal,43566,Haras El Hodoud,6.75,81.0,12,2,1,0,0,,2,69,35,104,66.35,17,53,32,3,1,20.0,4,1,1,0,0,1,100.0,10,3,6,11,37.93,23,50.0,34,45.33,466,20.0,0,0,0,0,0,0,2,0,9,1,1,0,1,3,37.5,3,0,0,4,62,2,9,3,165,6,9,0,0,2,7,1,0,0,,,,0,0,0,0,0,13,1,0,0,0,0,0,4,0.0,0.0,3,5,1,41,23,0,0,0,8,14,1,25.0,233.0,0,0,0,20,85,0,,0,4,,12
918707,Shokry Naguib,shokry-naguib,35187,Al-Ittihad Alexandria,6.75,108.0,16,1,0,0,0,,1,168,69,237,70.89,44,124,63,8,2,15.38,5,2,0,0,0,0,0.0,21,7,7,19,43.18,10,35.71,29,40.28,674,4.76,0,0,0,0,2,0,0,1,6,15,0,0,1,6,60.0,4,0,0,10,126,6,20,8,356,12,7,0,0,0,7,7,0,0,,,,0,0,0,0,0,9,1,0,0,0,0,0,7,0.0,0.0,8,13,12,43,18,0,0,0,10,10,5,100.0,674.0,0,0,0,54,195,0,,0,34,,16
1907921,Mostafa Abou El Khair,mostafa-abou-el-khair,43560,Al-Masry,6.75,13.5,2,0,1,0,1,,1,14,2,16,87.5,7,8,4,1,1,100.0,1,0,0,0,0,1,100.0,0,0,0,3,60.0,0,0.0,3,60.0,35,0.0,0,0,0,0,0,0,0,0,0,0,0,0,0,1,50.0,0,0,0,1,5,0,0,0,24,1,1,0,0,0,0,0,0,0,,,,0,0,0,0,0,1,0,0,0,0,0,0,0,0.0,0.0,1,1,1,2,0,0,0,0,2,1,1,100.0,0.0,0,0,0,7,10,0,,0,0,,2
1997618,Ibrahim El Nagaawy,ibrahim-el-nagaawy,42366,Ismaily,6.75,13.5,2,0,0,0,0,,0,12,5,17,70.59,8,4,2,0,0,0.0,2,2,0,0,0,0,0.0,0,0,0,3,50.0,2,100.0,5,62.5,128,0.0,0,0,0,0,0,0,0,0,0,0,0,0,0,0,0.0,7,0,0,1,9,0,0,0,40,1,0,0,0,2,0,0,0,0,,,,1,0,0,0,0,1,0,0,0,0,0,0,2,0.0,0.0,0,0,0,3,0,0,0,0,5,1,2,100.0,0.0,0,0,0,10,7,0,,0,2,,2
1389733,Enock Sakala,enock-sakala,265830,Modern Sport FC,6.75,13.5,2,0,0,0,0,,0,18,3,21,85.71,0,18,7,0,1,50.0,1,0,0,0,0,0,0.0,3,0,3,3,42.86,2,50.0,5,45.45,135,0.0,0,0,0,0,0,0,0,0,3,0,0,0,0,0,0.0,1,0,0,2,10,1,1,1,39,1,1,0,0,0,2,0,0,0,,,,1,0,0,0,0,0,0,0,0,0,0,0,2,0.0,0.0,0,2,1,6,2,0,0,0,0,0,0,0.0,0.0,0,0,0,0,22,0,,0,3,,2
1507933,Nour Alaa,nour-alaa,371622,Cleopatra FC,6.75,13.5,2,0,0,0,0,,0,6,5,11,54.55,0,6,5,0,3,100.0,0,0,0,0,0,0,0.0,0,0,0,4,80.0,0,0.0,4,66.67,23,0.0,0,0,0,0,0,0,0,0,0,0,0,0,0,0,0.0,0,0,0,0,8,0,3,0,20,1,1,0,0,0,0,0,0,0,,,,0,0,0,0,0,0,0,0,0,0,0,0,0,0.0,0.0,0,3,2,2,1,0,0,0,0,0,0,0.0,0.0,0,0,0,0,13,0,,0,1,,3
1015516,Musa Farawi,musa-firawi,58319,Ghazl El Mahalla FC,6.75,27.0,4,0,0,0,0,,0,77,33,110,70.0,40,41,13,4,5,62.5,10,3,0,0,0,4,14.81,1,1,0,16,59.26,3,37.5,19,54.29,298,0.0,0,0,0,1,0,0,0,0,0,1,0,0,0,9,47.37,3,0,0,2,76,0,13,5,222,1,2,0,0,4,0,0,0,0,,,,0,0,0,0,0,5,0,0,0,0,0,0,3,0.0,0.0,4,8,27,16,5,0,0,0,19,5,7,70.0,0.0,0,0,0,49,88,0,,0,19,,4
1162137,Ahmed Awad,ahmed-awad,241703,Pharco FC,6.75,81.0,12,0,1,1,0,,0,348,94,442,78.73,249,99,23,3,0,0.0,5,5,2,0,0,0,0.0,3,0,2,13,68.42,34,73.91,47,72.31,984,0.0,0,0,0,0,0,0,0,0,3,0,0,0,0,41,39.81,70,0,0,0,99,0,70,35,562,8,5,0,1,1,1,1,0,0,,,,4,0,0,0,0,13,1,0,0,0,0,0,11,0.0,0.0,3,0,0,18,12,0,0,0,103,14,5,100.0,0.0,0,0,0,283,159,0,,0,32,,12
1525731,Youssry Wahid,youssry-wahid,43561,Tala'ea El-Gaish,6.74,168.6,25,1,1,3,0,,1,310,131,441,70.29,109,210,115,20,27,41.54,28,10,2,0,0,9,34.62,44,7,23,74,44.58,35,49.3,109,45.99,1812,2.27,0,0,1,0,0,0,1,0,17,27,0,1,0,15,45.45,13,0,0,25,279,8,25,11,796,19,24,1,0,10,4,14,0,0,,,,0,0,0,0,0,11,4,0,0,0,0,0,23,0.0,0.0,20,65,26,128,36,0,0,0,33,15,24,85.71,1812.0,0,0,0,138,329,0,,0,61,,25
159659,Mohamed Hamdy Zaki,mohamed-hamdy-zaki,58319,Ghazl El Mahalla FC,6.74,134.8,20,1,1,2,0,,1,182,75,257,70.82,70,114,61,7,8,57.14,7,3,4,0,0,2,18.18,28,10,11,31,53.45,20,29.41,51,40.48,977,3.57,1,1,0,0,2,0,1,0,18,10,0,0,1,10,45.45,11,0,0,5,131,7,13,6,406,16,16,0,0,3,9,7,0,0,,,,0,0,0,0,0,15,0,0,0,0,0,0,12,100.0,0.0,7,14,11,75,48,0,0,0,22,15,7,100.0,977.0,0,0,0,80,188,0,,0,34,,20
1386887,Ahmed Ali,ahmed-ali,58319,Ghazl El Mahalla FC,6.74,33.7,5,0,0,0,0,,0,70,36,106,66.04,63,7,0,0,0,0.0,0,0,0,0,0,0,0.0,0,0,0,2,100.0,0,0.0,2,66.67,441,0.0,0,0,0,0,0,0,0,0,0,0,0,0,0,14,28.0,7,0,0,0,40,0,8,6,154,2,0,0,0,0,0,0,0,13,,,,1,1,0,9,4,5,1,1,0,0,0,0,4,0.0,0.0,0,0,0,1,1,0,0,0,50,6,0,0.0,0.0,0,0,1,66,40,1,,40,42,,5
863251,Percy Tau,percy-tau,6910,Al Ahly FC,6.74,33.7,5,0,0,0,0,,0,95,19,114,83.33,34,61,36,6,4,36.36,5,1,0,0,0,0,0.0,3,0,1,9,40.91,1,100.0,10,43.48,235,0.0,0,0,0,0,0,0,0,0,1,2,0,0,0,4,57.14,0,0,0,6,48,1,8,3,162,0,0,0,0,0,0,2,0,0,,,,0,0,0,0,0,1,0,0,0,0,0,0,3,0.0,0.0,6,11,6,13,0,0,0,0,7,1,4,80.0,0.0,0,0,0,38,82,0,,0,9,,6
873542,Ahmed Hany,ahmed-hany,371622,Cleopatra FC,6.74,134.8,20,0,0,0,0,,0,724,130,854,84.78,402,325,137,7,9,39.13,31,9,5,0,0,3,14.29,3,1,2,49,60.49,16,51.61,65,58.04,1515,0.0,0,0,0,1,0,0,0,0,0,3,0,0,0,37,52.11,34,0,0,7,197,3,41,17,1189,9,9,0,0,4,1,0,0,0,,,,5,0,0,0,0,19,2,0,0,0,0,0,16,0.0,0.0,7,23,21,47,15,0,0,0,71,21,26,83.87,0.0,0,0,0,449,426,0,,0,81,,20
966962,Ragab Omran,ragab-omran,43561,Tala'ea El-Gaish,6.74,161.7,24,2,1,1,0,,2,199,101,300,66.33,59,145,96,15,11,39.29,11,7,3,0,0,5,13.51,21,8,9,37,40.22,17,32.08,54,37.24,996,9.52,1,1,0,0,2,0,1,1,12,9,0,0,2,16,47.06,7,0,0,16,198,5,27,9,516,15,20,0,0,2,3,4,0,0,,,,2,0,0,0,0,8,3,0,0,0,0,0,8,100.0,0.0,15,28,37,91,36,0,0,0,34,11,9,81.82,498.0,0,0,0,73,264,0,,0,43,,24
918603,Mohamed Toni,mohamed-toni,371622,Cleopatra FC,6.74,107.8,16,0,2,0,0,,0,483,89,572,84.44,206,278,116,11,4,50.0,11,12,2,0,0,1,12.5,9,1,1,21,39.62,10,40.0,31,39.74,891,0.0,0,0,0,0,0,0,0,0,4,5,0,0,0,14,38.89,7,0,0,6,124,2,49,26,695,6,16,1,0,7,1,7,0,0,,,,0,0,0,0,0,13,1,0,0,0,0,0,10,0.0,0.0,11,8,8,47,15,0,0,0,36,14,8,72.73,0.0,0,0,0,232,348,0,,0,52,,16
943786,Ahmed Abdelrasoul,ahmed-abdelrasoul,43565,El Gouna FC,6.74,107.8,16,0,0,0,0,,0,176,89,265,66.42,107,69,24,0,1,100.0,8,5,0,0,0,0,0.0,4,2,1,13,52.0,13,35.14,26,41.94,850,0.0,0,0,0,1,0,0,0,0,3,1,0,0,0,49,44.14,77,0,0,1,100,0,54,31,405,4,6,0,0,7,0,1,0,0,,,,4,0,0,0,0,7,2,0,0,0,0,0,8,0.0,0.0,0,1,3,36,24,0,0,0,111,9,8,100.0,0.0,0,0,0,136,132,0,,0,16,,18
1393728,Mohamed Hamdi,mohamed-hamdi,42368,Zamalek SC,6.74,74.1,11,0,0,0,0,,0,194,19,213,91.08,76,123,57,4,2,28.57,10,3,2,0,0,5,16.67,3,1,2,16,50.0,1,25.0,17,47.22,506,0.0,0,0,0,0,0,0,0,0,2,1,0,0,0,10,62.5,7,0,0,1,53,1,10,8,304,4,6,0,0,4,1,0,0,0,,,,1,0,0,0,0,4,0,0,0,0,0,0,4,0.0,0.0,4,7,30,19,3,0,0,0,16,4,8,80.0,0.0,0,0,0,80,163,1,,0,16,,11
918553,Abdallah Bakri,abdallah-bakri,35187,Al-Ittihad Alexandria,6.74,74.1,11,0,0,2,0,,0,271,77,348,77.87,206,65,15,3,1,25.0,7,3,1,0,0,0,0.0,3,1,1,11,45.83,20,68.97,31,58.49,723,0.0,0,0,0,0,0,0,0,0,3,0,0,0,0,35,45.45,53,0,0,0,81,0,36,11,432,3,10,0,0,0,0,1,0,0,,,,2,0,0,0,0,5,1,0,0,0,0,0,8,0.0,0.0,3,4,0,22,9,0,0,0,77,6,4,57.14,0.0,0,0,0,236,112,0,,1,19,,11
1009352,Mohamed Bayoumi,mohamed-bayoumi,42366,Ismaily,6.74,94.3,14,0,0,0,0,,0,339,104,443,76.52,162,181,69,7,2,22.22,21,15,4,0,0,4,16.0,8,0,6,41,54.67,21,55.26,62,54.87,955,0.0,0,0,0,0,0,0,0,0,1,7,0,0,0,35,48.61,15,0,0,5,152,3,68,34,605,18,16,0,1,6,1,2,0,0,,,,1,0,0,0,0,11,1,0,0,0,0,0,12,0.0,0.0,7,9,25,51,17,0,0,0,72,12,16,76.19,0.0,0,0,0,187,281,0,,0,44,,15
1085146,Belal El Sayed,belal-el-sayed,43565,El Gouna FC,6.74,134.7,20,0,0,1,0,,0,303,104,407,74.45,130,176,78,9,3,20.0,31,11,1,0,0,3,16.67,26,6,17,47,46.08,6,35.29,53,44.54,1352,0.0,1,0,0,0,0,0,0,0,8,18,0,0,0,25,43.86,21,0,0,10,163,3,39,25,611,13,21,0,0,13,0,3,0,0,,,,5,0,0,0,0,7,2,0,0,0,0,0,15,0.0,0.0,9,15,18,66,11,0,0,1,57,9,25,80.65,0.0,0,0,0,162,263,0,,0,58,,20
1397236,Abdallah Magdy,abdallah-magdy,371622,Cleopatra FC,6.73,40.4,6,0,0,0,1,,1,140,42,182,76.92,92,49,16,1,2,50.0,8,7,2,0,0,1,14.29,0,0,0,13,54.17,9,56.25,22,55.0,480,0.0,0,0,0,0,0,0,0,0,0,0,0,0,0,9,36.0,13,0,0,1,83,0,8,5,311,3,8,0,0,2,0,0,0,0,,,,1,0,0,0,0,4,1,0,0,0,0,0,6,0.0,0.0,1,4,7,18,7,0,0,0,25,5,6,75.0,0.0,0,0,0,115,74,0,,0,13,,8
918704,Ahmed El Shimi,ahmed-el-shimi,35187,Al-Ittihad Alexandria,6.73,20.2,3,0,0,0,0,,0,37,5,42,88.1,20,17,8,0,0,0.0,1,3,0,0,0,0,0.0,2,1,1,2,66.67,5,41.67,7,46.67,102,0.0,0,0,0,0,0,0,0,0,1,1,0,0,0,4,57.14,3,0,0,0,6,0,5,4,65,1,0,0,0,1,0,0,0,0,,,,0,0,0,0,0,1,0,0,0,0,0,0,1,0.0,0.0,0,0,1,8,7,0,0,0,7,1,1,100.0,0.0,0,0,0,23,20,0,,0,8,,3
1457285,Listowell Amankona,listowell-amankona,43560,Al-Masry,6.73,20.2,3,0,0,0,0,,0,31,7,38,81.58,4,27,13,0,0,0.0,2,0,0,0,0,0,0.0,1,0,0,4,57.14,3,75.0,7,63.64,133,0.0,0,0,0,0,0,0,0,0,1,0,0,0,0,1,100.0,3,0,0,1,21,0,0,0,64,2,0,0,0,1,1,1,0,0,,,,0,0,0,0,0,0,0,0,0,0,0,0,2,0.0,0.0,0,1,4,4,1,0,0,0,1,0,1,50.0,0.0,0,0,0,5,37,0,,0,6,,3
359416,Rached Arfaoui,rached-arfaoui,58319,Ghazl El Mahalla FC,6.73,40.4,6,0,0,0,0,,0,97,43,140,69.29,43,55,32,4,8,57.14,4,2,0,0,0,1,11.11,5,0,1,20,57.14,2,25.0,22,51.16,395,0.0,0,0,0,0,0,0,0,0,3,2,0,0,0,7,46.67,2,0,0,4,78,5,20,9,213,8,5,0,0,0,0,4,0,0,,,,0,0,0,0,0,5,0,0,0,0,0,0,5,0.0,0.0,4,14,9,21,6,0,0,0,15,5,4,100.0,0.0,0,0,0,55,94,0,,0,18,,6
1180809,Abubakar Liday,abubakar-liday,43563,Smouha,6.73,80.8,12,0,1,0,0,,0,183,75,258,70.93,76,116,55,6,11,50.0,14,6,1,0,0,9,28.13,8,2,3,47,54.02,4,25.0,51,49.51,782,0.0,0,0,0,1,0,0,0,0,3,5,0,0,0,24,45.28,11,0,0,12,159,4,17,10,490,22,14,0,0,5,1,3,0,0,,,,1,0,0,0,0,13,1,0,0,0,0,0,9,0.0,0.0,6,22,32,52,12,0,0,0,53,14,10,71.43,0.0,0,0,0,95,195,0,,0,41,,12
1102249,Sobhy Soliman,sobhy-soliman,35187,Al-Ittihad Alexandria,6.73,80.8,12,0,0,0,0,,0,137,106,243,56.38,105,32,7,0,0,0.0,3,0,0,0,0,0,0.0,0,0,0,5,100.0,6,75.0,11,84.62,1058,0.0,0,0,0,0,0,0,0,0,0,0,0,0,0,41,29.29,14,0,0,0,108,0,24,7,361,2,0,0,0,0,0,0,0,24,,,,4,2,0,13,11,9,2,3,0,0,3,0,12,0.0,0.0,0,0,0,2,2,0,0,0,140,11,2,66.67,0.0,0,0,0,134,109,1,,109,96,,12
1426406,Salah Zayed,salah-zayed,43564,ENPPI,6.73,87.5,13,1,0,0,0,,1,68,26,94,72.34,24,46,23,3,7,50.0,3,3,1,0,0,2,22.22,7,3,1,26,63.41,3,30.0,29,56.86,388,14.29,0,0,0,0,0,0,1,0,4,3,0,0,1,6,37.5,2,0,0,0,57,3,6,2,175,16,7,0,0,2,1,3,0,0,,,,0,0,0,0,0,3,1,0,0,0,0,0,2,0.0,0.0,3,14,9,22,7,0,0,0,16,4,1,33.33,388.0,0,0,0,31,72,0,,0,16,,14
1174068,Mostafa Khawaga,mostafa-khawaga,43561,Tala'ea El-Gaish,6.73,67.3,10,0,0,0,0,,0,231,46,277,83.39,104,127,58,6,1,14.29,6,5,2,0,0,0,0.0,6,2,3,13,38.24,4,50.0,17,40.48,536,0.0,0,0,0,0,0,0,0,0,1,5,0,0,0,33,58.93,5,0,0,2,57,2,38,25,330,6,9,0,0,5,1,1,0,0,,,,1,0,0,0,0,2,2,0,0,0,0,0,6,0.0,0.0,6,7,1,25,4,0,0,0,56,4,5,83.33,0.0,0,0,0,113,165,0,,0,40,,10
1386884,Sameh Ibrahim,sameh-ibrahim,373168,ZED FC,6.73,114.4,17,0,0,0,1,,1,273,109,382,71.47,119,163,70,7,8,42.11,22,15,1,0,0,9,21.95,1,0,1,38,52.78,12,40.0,50,49.02,1013,0.0,0,0,0,1,0,0,0,0,0,1,0,0,0,19,29.69,16,0,0,10,208,0,30,12,692,8,9,0,0,5,1,0,0,0,,,,3,0,0,0,0,5,1,0,0,0,0,0,11,0.0,0.0,7,19,41,52,18,0,0,0,64,6,19,86.36,0.0,0,0,0,158,265,0,,0,50,,17
1002359,Arnold Eba,arnold-eba,265830,Modern Sport FC,6.73,127.8,19,3,0,1,1,,4,141,81,222,63.51,31,110,61,5,9,40.91,14,2,2,0,0,0,0.0,23,7,11,31,34.07,21,35.59,52,34.67,975,13.04,0,0,1,0,0,0,3,0,17,6,0,1,2,2,16.67,7,0,0,18,160,5,8,5,392,8,25,1,0,4,5,5,0,0,,,,0,0,0,0,0,18,1,0,0,0,0,0,12,0.0,0.0,5,22,26,98,38,0,0,0,12,19,13,92.86,325.0,0,0,0,39,209,0,,0,15,,20
1013779,Ahmed Adel,ahmed-adel,373168,ZED FC,6.73,161.4,24,1,2,2,0,,1,252,82,334,75.45,86,175,98,13,13,37.14,12,5,0,0,0,9,27.27,16,5,9,42,41.58,4,22.22,46,38.66,939,6.25,0,0,0,0,0,0,1,0,12,4,0,0,1,11,47.83,3,0,0,18,190,8,34,14,572,17,16,0,0,5,2,2,0,0,,,,3,0,0,0,0,5,0,0,0,0,0,0,9,0.0,0.0,13,35,33,73,14,0,0,0,23,5,10,83.33,939.0,0,0,0,100,267,0,,0,48,,24
1031322,Peter Zilu Mutumosi,peter-zilu-mutumosi,373168,ZED FC,6.73,107.6,16,0,1,0,1,,1,372,67,439,84.74,204,168,54,5,2,66.67,21,8,1,0,0,0,0.0,3,1,2,36,44.44,12,60.0,48,47.52,1192,0.0,0,0,0,1,0,0,0,0,0,3,0,0,0,23,51.11,16,0,0,6,92,3,26,17,551,13,23,0,0,17,0,0,0,0,,,,5,0,0,0,0,10,0,0,0,0,0,0,14,0.0,0.0,5,3,2,53,8,0,0,0,45,10,20,95.24,0.0,0,0,0,221,220,0,,4,70,,16
1497640,Atef Al Hakim,atef-al-hakim,58319,Ghazl El Mahalla FC,6.73,26.9,4,0,0,0,0,,0,13,6,19,68.42,1,12,8,0,0,0.0,1,0,0,0,0,0,0.0,6,3,2,1,33.33,3,42.86,4,40.0,92,0.0,0,0,0,0,0,0,0,0,6,0,0,0,0,0,0.0,0,0,0,0,8,0,1,0,31,0,1,0,0,1,0,1,0,0,,,,0,0,0,0,0,1,0,0,0,0,0,0,0,0.0,0.0,0,0,1,6,4,0,0,0,1,1,0,0.0,0.0,0,0,0,1,19,0,,0,2,,5
1133047,Mohamed Abdelsamia,mohamed-abdelsamia,42366,Ismaily,6.72,94.1,14,0,1,0,1,,1,290,94,384,75.52,139,155,72,9,2,40.0,22,6,2,0,0,4,28.57,8,2,3,34,47.22,13,46.43,47,47.0,864,0.0,0,0,0,0,0,0,0,0,3,5,0,0,0,16,34.04,9,0,0,9,138,2,51,26,513,10,21,0,0,6,0,3,0,0,,,,2,0,0,0,0,9,1,0,0,0,0,0,11,0.0,0.0,9,5,14,53,15,0,0,0,47,10,16,72.73,0.0,0,0,0,164,234,0,,0,44,,14
1973182,Mahmoud el-Alamy,mahmoud-el-aaalamy,43565,El Gouna FC,6.72,33.6,5,1,0,0,0,,1,18,17,35,51.43,7,11,4,1,1,100.0,1,1,0,0,0,0,0.0,2,1,1,5,50.0,2,10.53,7,24.14,136,50.0,0,0,0,0,0,0,1,0,2,0,0,1,0,1,25.0,0,0,0,2,27,0,1,0,59,3,4,1,0,0,0,0,0,0,,,,0,0,0,0,0,3,0,0,0,0,0,0,0,0.0,0.0,1,1,1,22,17,0,0,0,4,3,1,100.0,136.0,0,0,0,12,24,0,,0,8,,7
1900317,Khaled Ahmed,khaled-ahmed,43564,ENPPI,6.72,67.2,10,0,0,0,1,,1,136,69,205,66.34,75,64,24,3,2,66.67,18,8,2,0,0,3,12.5,2,0,2,26,65.0,6,60.0,32,64.0,643,0.0,0,0,0,1,0,0,0,0,2,0,0,0,0,11,31.43,23,0,0,4,122,0,19,7,392,6,8,0,0,2,0,0,0,0,,,,0,0,0,0,0,7,0,0,0,0,0,0,6,0.0,0.0,3,3,24,18,4,0,0,0,35,7,14,77.78,0.0,0,0,0,94,135,0,,0,15,,11
1094702,Ahmed Khaled,ahmed-khaled,43563,Smouha,6.72,33.6,5,0,0,0,0,,0,34,11,45,75.56,12,22,12,0,2,100.0,6,0,0,0,0,0,0.0,4,1,2,9,90.0,0,0.0,9,75.0,127,0.0,0,0,0,0,0,0,0,0,1,3,0,0,0,0,0.0,0,0,0,0,19,1,2,0,67,1,0,0,0,1,1,1,0,0,,,,0,0,0,0,0,0,1,0,0,0,0,0,1,0.0,0.0,0,2,3,3,2,0,0,0,3,1,3,50.0,0.0,0,0,0,13,35,0,,0,2,,6
1982379,Islam Samir,islam-samir,35187,Al-Ittihad Alexandria,6.72,87.3,13,1,0,0,0,,1,102,56,158,64.56,43,63,26,9,6,42.86,11,2,1,0,0,4,40.0,2,1,1,30,43.48,16,47.06,46,44.66,632,50.0,0,0,0,0,0,0,1,0,2,0,0,1,0,6,37.5,5,0,0,11,108,3,5,3,275,13,14,0,0,6,2,0,0,0,,,,0,0,0,0,0,3,1,0,0,0,0,0,7,0.0,0.0,9,14,10,57,18,0,0,0,16,4,6,54.55,632.0,0,0,0,50,118,0,,0,23,,13
2287035,Moamen Sherif,sherif-moamen,35187,Al-Ittihad Alexandria,6.71,47.0,7,0,1,0,1,,1,106,45,151,70.2,50,57,18,2,6,66.67,8,4,0,0,0,1,6.67,1,0,0,24,70.59,13,72.22,37,71.15,491,0.0,0,0,0,0,0,0,0,0,0,1,0,0,0,8,27.59,19,0,0,2,81,1,11,4,270,10,2,0,0,3,1,1,0,0,,,,0,0,0,0,0,7,1,0,0,0,0,0,5,0.0,0.0,2,9,15,15,5,0,0,0,29,8,5,62.5,0.0,0,0,0,67,99,0,,0,11,,7
918456,Khaled Reda,khaled-reda,265830,Modern Sport FC,6.71,47.0,7,0,0,0,0,,0,96,19,115,83.48,76,20,7,0,0,0.0,5,1,0,0,0,0,0.0,1,0,1,8,66.67,6,60.0,14,63.64,216,0.0,0,0,0,0,0,0,0,0,1,0,0,0,0,8,61.54,14,0,0,1,22,0,7,3,146,3,2,0,0,1,0,0,0,0,,,,0,0,0,0,0,1,0,0,0,0,0,0,2,0.0,0.0,0,0,0,8,4,0,0,0,13,1,4,80.0,0.0,0,0,0,83,32,0,,0,9,,7
1180808,Ahmed Hakam,ahmed-hakam,58319,Ghazl El Mahalla FC,6.71,53.7,8,0,0,0,0,,0,190,63,253,75.1,106,84,36,0,0,0.0,4,6,2,0,0,0,0.0,0,0,0,12,54.55,11,64.71,23,58.97,569,0.0,0,0,0,0,0,0,0,0,0,0,0,0,0,33,46.48,18,0,0,1,67,0,46,22,309,8,6,0,0,3,1,0,0,0,,,,2,0,0,0,0,10,0,0,0,0,0,0,6,0.0,0.0,0,0,1,16,6,0,0,0,71,10,2,50.0,0.0,0,0,0,128,126,0,,5,22,,8
894352,Emmanuel Apeh,emmanuel-apeh,35187,Al-Ittihad Alexandria,6.71,114.1,17,2,1,0,0,,2,149,51,200,74.5,65,86,44,6,3,33.33,8,4,2,0,0,2,16.67,12,5,4,23,34.33,13,33.33,36,33.96,826,16.67,0,0,0,0,0,0,2,0,11,1,0,0,2,7,77.78,13,0,0,17,114,4,4,2,342,12,22,1,0,0,5,3,0,0,,,,3,0,0,0,0,3,2,0,0,0,0,0,10,0.0,0.0,6,9,12,70,26,0,0,0,9,5,6,75.0,413.0,0,0,0,75,137,0,,0,28,,17
1048453,Hatem Mohamed,hatem-mohamed,42366,Ismaily,6.71,114.1,17,0,0,0,0,,0,308,105,413,74.58,149,168,68,9,4,23.53,19,12,5,0,0,9,23.08,7,1,5,54,53.47,22,70.97,76,57.58,1014,0.0,0,0,0,0,0,0,0,0,2,5,0,0,0,25,39.68,40,0,0,8,185,0,51,19,692,31,22,0,0,5,1,1,0,0,,,,1,0,0,0,0,15,2,0,0,0,0,0,12,0.0,0.0,9,17,39,56,9,0,0,0,63,17,15,78.95,0.0,0,0,0,182,270,1,,0,41,,19
1096492,Khaled El Akhmimi,khaled-el-akhmimi,58319,Ghazl El Mahalla FC,6.71,67.1,10,0,0,0,1,,1,146,36,182,80.22,47,102,52,6,2,33.33,7,2,0,0,1,3,37.5,5,2,2,13,48.15,2,50.0,15,48.39,426,0.0,0,0,1,0,0,0,0,0,1,4,0,0,0,6,35.29,4,0,0,5,59,3,21,6,249,4,2,0,0,3,0,1,0,0,,,,0,0,0,0,0,7,0,0,0,0,0,0,4,0.0,0.0,6,6,8,16,2,0,0,0,17,7,7,100.0,0.0,1,0,0,52,138,0,,0,12,,12
126404,Amro Tarek,amro-tarek,43561,Tala'ea El-Gaish,6.71,80.5,12,0,1,0,0,,0,127,79,206,61.65,80,49,21,3,3,33.33,12,9,0,0,0,2,13.33,1,0,1,17,43.59,14,60.87,31,50.0,591,0.0,0,0,0,0,0,0,0,0,1,0,0,0,0,16,25.0,19,0,0,4,123,2,29,4,356,2,12,0,0,0,0,0,0,0,,,,1,0,0,0,0,6,1,0,0,0,0,0,6,0.0,0.0,3,9,15,31,9,0,0,0,64,7,12,100.0,0.0,0,0,0,107,114,1,,0,24,,12
1012382,Mohamed Samir,mohamed-samir,43564,ENPPI,6.71,80.5,12,0,0,0,0,,0,183,89,272,67.28,125,58,19,1,1,100.0,19,12,3,0,0,0,0.0,2,0,2,24,70.59,25,65.79,49,68.06,871,0.0,0,0,0,3,0,0,0,0,1,1,0,0,0,28,35.44,46,0,0,2,100,0,33,11,391,5,7,0,0,2,0,0,0,0,,,,4,0,0,0,0,9,0,0,0,0,0,0,10,0.0,0.0,1,1,2,23,13,0,0,0,79,9,10,52.63,0.0,0,0,0,160,114,0,,0,23,,13
2008836,Dao Cyrille,daw-serial,266626,National Bank of Egypt,6.71,87.2,13,0,0,0,0,,0,401,89,490,81.84,253,148,57,2,1,33.33,10,12,1,0,1,0,0.0,3,0,2,22,62.86,19,52.78,41,57.75,1074,0.0,0,0,0,1,0,0,0,0,2,1,0,0,0,56,50.45,53,1,0,1,104,0,57,28,631,11,7,0,0,3,1,1,0,0,,,,3,0,0,0,0,13,1,0,0,0,0,0,12,0.0,0.0,2,3,1,30,17,0,0,0,111,14,8,80.0,0.0,1,0,0,281,210,0,,0,55,,13
841004,Joseph Jonathan Ngwem,joseph-jonathan-ngwem,265830,Modern Sport FC,6.7,67.0,10,2,0,1,0,,2,242,90,332,72.89,119,131,53,9,1,16.67,6,4,1,0,0,8,11.27,11,6,4,13,41.94,7,24.14,20,33.33,733,18.18,1,0,0,0,0,0,1,1,6,5,0,2,0,16,36.36,9,0,1,5,195,1,31,6,547,6,4,0,0,4,2,1,0,0,,,,3,0,0,0,0,11,1,0,0,0,0,0,8,0.0,0.0,9,6,71,40,22,0,0,1,44,12,4,66.67,366.5,0,0,0,142,261,0,,0,32,,10
1545410,Mohamed Ashraf,mohamed-ashraf,58319,Ghazl El Mahalla FC,6.7,87.1,13,1,1,0,1,,2,142,52,194,73.2,55,99,46,10,4,28.57,5,6,2,0,0,12,23.08,9,4,1,17,35.42,3,27.27,20,33.9,740,11.11,0,0,0,0,1,0,1,0,5,4,0,1,0,13,52.0,5,0,0,8,132,3,25,12,345,8,8,0,0,5,0,4,0,0,,,,0,0,0,0,0,10,0,0,0,0,0,0,10,0.0,0.0,10,14,52,39,8,0,0,0,25,10,4,80.0,740.0,0,0,0,71,175,0,,0,35,,13
1545476,Lucky Emmanuel,lucky-emmanuel,43567,Petrojet,6.7,26.8,4,1,1,0,0,,1,21,25,46,45.65,7,16,7,2,1,50.0,2,3,1,0,0,2,50.0,4,1,2,5,33.33,4,50.0,9,39.13,175,25.0,0,0,0,0,0,0,1,0,4,0,0,1,0,3,60.0,0,0,0,7,44,0,3,2,82,2,2,0,0,0,1,1,0,0,,,,0,0,0,0,0,4,0,0,0,0,0,0,2,0.0,0.0,2,2,4,14,4,0,0,0,5,4,2,100.0,175.0,0,0,0,11,39,0,,0,6,,4
1132012,Mohamed Salem,mohamed-salem,43563,Smouha,6.7,147.4,22,1,0,1,0,,1,60,69,129,46.51,16,44,28,6,3,30.0,1,1,3,0,0,0,0.0,27,7,16,10,29.41,32,38.55,42,35.9,783,3.7,0,0,0,0,0,0,1,0,27,0,0,0,1,0,0.0,5,0,0,3,113,1,5,2,231,6,14,2,0,0,5,4,0,0,,,,0,0,0,0,0,7,0,0,0,0,0,0,8,0.0,0.0,6,10,8,75,51,0,0,0,3,7,1,100.0,783.0,0,0,0,24,113,0,,0,7,,22
1980606,Ahmed Sharaf,ahmed-sharaf,43560,Al-Masry,6.7,6.7,1,0,0,0,0,,0,0,2,2,0.0,0,0,0,0,1,100.0,0,0,0,0,0,0,0.0,1,0,0,2,66.67,1,25.0,3,42.86,12,0.0,0,0,0,0,0,0,0,0,1,0,0,0,0,0,0.0,1,0,0,0,2,0,0,0,6,1,0,0,0,1,0,1,0,0,,,,0,0,0,0,0,0,0,0,0,0,0,0,0,0.0,0.0,0,1,0,4,3,0,0,0,0,0,0,0.0,0.0,0,0,0,0,2,0,,0,0,,1
1587016,Abdallah Mohamed,abdallah-mohamed,42366,Ismaily,6.7,13.4,2,0,0,0,0,,0,13,9,22,59.09,10,3,0,0,0,0.0,4,1,0,0,0,0,0.0,0,0,0,4,66.67,4,80.0,8,72.73,104,0.0,0,0,0,0,0,0,0,0,0,0,0,0,0,2,28.57,9,0,0,0,14,0,6,1,47,0,2,0,0,0,0,0,0,0,,,,0,0,0,0,0,2,0,0,0,0,0,0,0,0.0,0.0,0,0,1,3,1,0,0,0,7,2,3,75.0,0.0,0,0,0,13,10,0,,0,6,,2
1087520,Hussein Emad,hussein-emad,371622,Cleopatra FC,6.7,6.7,1,0,0,0,0,,0,11,2,13,84.62,3,8,2,0,0,0.0,0,1,0,0,0,0,0.0,1,0,1,0,0.0,0,0.0,0,0.0,10,0.0,0,0,0,0,0,0,0,0,0,1,0,0,0,1,100.0,0,0,0,0,2,0,0,0,15,0,0,0,0,0,0,0,0,0,,,,0,0,0,0,0,0,0,0,0,0,0,0,0,0.0,0.0,0,0,0,0,0,0,0,0,1,0,0,0.0,0.0,0,0,0,4,9,0,,0,1,,2
1983480,Obinna Okoronkwo,obinna-okoronkwo,43565,El Gouna FC,6.7,6.7,1,0,0,0,0,,0,15,1,16,93.75,14,1,0,0,1,100.0,1,0,0,0,0,0,0.0,0,0,0,2,100.0,0,0.0,2,50.0,36,0.0,0,0,0,0,0,0,0,0,0,0,0,0,0,0,0.0,2,0,0,0,1,0,0,0,21,0,0,0,0,0,1,0,0,0,,,,0,0,0,0,0,0,0,0,0,0,0,0,0,0.0,0.0,0,1,0,2,2,0,0,0,0,0,0,0.0,0.0,0,0,0,15,1,0,,0,0,,2
1798267,Hema Mohamed,hema-mohamed,371622,Cleopatra FC,6.7,20.1,3,0,0,0,0,,0,93,18,111,83.78,57,36,15,1,0,0.0,5,2,1,0,0,0,0.0,2,0,1,9,60.0,1,14.29,10,45.45,187,0.0,0,0,0,0,0,0,0,0,1,1,0,0,0,6,60.0,6,0,0,1,23,0,5,3,140,4,4,0,0,0,0,1,0,0,,,,0,0,0,0,0,2,1,0,0,0,0,0,3,0.0,0.0,1,1,0,12,6,0,0,0,10,3,4,80.0,0.0,0,0,0,67,44,0,,0,9,,3
2000589,Abdul Mudasiru,abdul-mudasiru,43564,ENPPI,6.7,20.1,3,0,0,0,0,,0,14,14,28,50.0,6,8,7,0,0,0.0,0,0,1,0,0,0,0.0,3,0,3,1,33.33,13,59.09,14,56.0,90,0.0,0,0,0,0,0,0,0,0,2,1,0,0,0,1,100.0,1,0,0,0,22,0,1,1,46,1,2,0,0,0,0,0,0,0,,,,0,0,0,0,0,2,1,0,0,0,0,0,0,0.0,0.0,0,0,0,11,9,0,0,0,1,3,0,0.0,0.0,0,0,0,7,21,0,,0,1,,3
1179135,Ramadan Mostafa,ramadan-mostafa,43564,ENPPI,6.7,26.8,4,0,0,0,0,,0,50,26,76,65.79,38,12,9,0,1,100.0,0,0,0,0,0,0,0.0,0,0,0,2,66.67,2,100.0,4,80.0,360,0.0,0,0,0,1,0,0,0,0,0,0,0,0,0,16,38.1,5,0,0,0,26,0,3,3,103,1,1,0,0,0,0,0,0,6,,,,0,2,0,4,2,4,0,3,0,0,0,0,4,0.0,0.0,0,1,0,1,0,0,0,0,42,4,0,0.0,0.0,0,0,1,40,36,0,,26,32,,4
1989011,Ibraheem Ajasa,ibraheem-ajasa,265830,Modern Sport FC,6.7,26.8,4,0,1,0,0,,0,64,16,80,80.0,26,39,11,3,2,40.0,4,0,0,0,0,1,25.0,3,0,3,12,50.0,3,33.33,15,45.45,253,0.0,0,0,0,0,0,0,0,0,3,0,0,0,0,6,75.0,2,0,0,3,41,0,3,2,127,6,4,0,0,2,1,0,0,0,,,,1,0,0,0,0,4,0,0,0,0,0,0,2,0.0,0.0,3,5,4,18,6,0,0,0,8,4,4,100.0,0.0,0,0,0,31,53,0,,0,7,,5
1094435,Hesham Balaha,hesham-balaha,35187,Al-Ittihad Alexandria,6.7,40.2,6,0,0,2,0,,0,93,21,114,81.58,43,52,30,3,2,50.0,6,2,0,0,0,2,15.38,4,0,4,10,41.67,0,0.0,10,35.71,327,0.0,0,0,1,0,0,0,0,0,2,2,0,0,0,7,77.78,4,0,0,2,46,1,7,4,175,2,8,0,0,3,2,0,0,0,,,,0,0,0,0,0,4,0,0,0,0,0,0,5,0.0,0.0,3,4,13,18,4,0,0,0,9,4,3,50.0,0.0,0,0,0,49,78,0,,0,8,,6
1981630,Diyaa El Sayed,diyaa-el-sayed,265830,Modern Sport FC,6.7,33.5,5,0,0,0,0,,0,18,11,29,62.07,3,15,11,1,0,0.0,1,0,1,0,0,0,0.0,3,1,2,1,14.29,10,71.43,11,52.38,55,0.0,0,0,0,0,0,0,0,0,2,1,0,0,0,0,0.0,1,0,0,0,16,0,1,0,41,0,2,0,0,1,0,0,0,0,,,,0,0,0,0,0,1,0,0,0,0,0,0,0,0.0,0.0,1,3,0,10,4,0,0,0,3,1,1,100.0,0.0,0,0,0,3,26,0,,0,1,,6
1913404,Mahmoud Farahat,mahmoud-farahat,241703,Pharco FC,6.7,46.9,7,0,0,0,0,,0,23,11,34,67.65,11,13,5,1,0,0.0,4,1,1,0,0,1,100.0,7,2,4,9,50.0,6,42.86,15,46.88,173,0.0,0,0,1,0,0,0,0,0,5,2,0,0,0,0,0.0,4,0,0,2,21,1,3,0,71,5,3,0,0,0,1,1,0,0,,,,0,0,0,0,0,6,0,0,0,0,0,0,1,0.0,0.0,1,4,1,17,8,0,0,0,1,6,4,100.0,0.0,0,0,0,12,23,0,,0,9,,8
1428035,Ahmed El Armouty,ahmed-el-armouty,43560,Al-Masry,6.7,100.5,15,0,0,1,0,,0,199,59,258,77.13,38,168,97,4,11,39.29,15,1,1,0,0,7,20.59,13,2,9,42,52.5,3,33.33,45,50.56,687,0.0,0,0,0,0,0,0,0,0,6,7,0,0,0,5,35.71,0,0,0,10,139,4,14,4,418,16,8,0,0,3,0,2,0,0,,,,1,0,0,0,0,4,1,0,0,0,0,0,6,0.0,0.0,4,28,34,44,6,0,0,0,14,5,11,73.33,0.0,0,0,0,45,247,0,,0,24,,15
1392691,Dilson,dilson,373168,ZED FC,6.7,134.0,20,0,0,1,0,,0,102,52,154,66.23,31,71,40,2,2,40.0,5,4,3,0,0,0,0.0,15,4,10,22,42.31,26,36.62,48,39.02,749,0.0,0,0,0,0,0,0,0,0,15,0,0,0,0,2,50.0,4,0,0,10,96,0,4,2,258,15,19,0,0,0,7,1,0,0,,,,0,0,0,0,0,10,0,0,0,0,0,0,9,0.0,0.0,2,5,3,75,45,0,0,0,4,10,4,80.0,0.0,0,0,0,39,118,0,,0,10,,21
935970,Ahmed Sebiha,ahmed-sebiha,43564,ENPPI,6.7,147.3,22,0,0,0,1,,1,378,237,615,61.46,225,157,70,6,1,11.11,26,21,3,0,0,4,16.0,9,3,2,36,48.65,56,59.57,92,54.76,1819,0.0,0,0,0,2,0,0,0,0,8,1,0,0,0,50,27.17,94,0,1,5,329,2,90,29,967,9,16,0,0,9,1,4,0,1,,,,7,0,0,0,0,20,1,0,0,0,0,0,21,0.0,0.0,6,9,25,76,38,0,0,0,184,21,15,57.69,0.0,0,0,0,283,357,1,,2,68,,22
918616,Emad Fathy,emad-fathy,43561,Tala'ea El-Gaish,6.7,140.6,21,1,0,0,0,,1,284,99,383,74.15,109,185,96,16,7,29.17,18,7,5,0,0,10,37.04,13,1,10,45,45.0,18,37.5,63,42.57,1060,7.69,0,0,0,0,0,0,1,0,8,5,0,0,1,22,52.38,5,0,0,15,188,1,31,19,591,20,20,0,0,5,2,2,0,0,,,,0,0,0,0,0,10,2,0,0,0,0,0,13,0.0,0.0,16,24,27,85,30,0,0,0,42,12,18,100.0,1060.0,0,0,0,130,280,0,,0,42,,22
846264,Omar Salah,omar-salah,43567,Petrojet,6.69,127.2,19,0,0,0,0,,0,186,213,399,46.62,83,104,45,1,1,100.0,0,0,0,0,0,1,100.0,0,0,0,7,70.0,4,100.0,11,78.57,1710,0.0,0,0,0,0,0,0,0,0,0,0,0,0,0,117,35.78,27,0,0,0,217,1,22,12,570,5,0,0,1,3,0,0,0,52,,,,2,1,0,30,22,29,3,10,2,2,9,1,19,0.0,0.0,1,1,1,3,0,0,0,0,327,32,0,0.0,0.0,0,0,1,115,285,2,,141,182,,19
1982376,Amr Gomaa,amr-amr-gomaa,35187,Al-Ittihad Alexandria,6.69,107.1,16,1,0,1,1,,2,174,60,234,74.36,63,111,64,2,3,27.27,7,4,2,0,0,0,0.0,12,4,6,23,41.82,24,39.34,47,40.52,826,8.33,0,0,0,0,0,0,1,0,8,4,1,0,0,8,66.67,12,0,0,9,109,2,10,2,352,14,14,0,0,2,2,2,0,0,,,,1,0,0,0,0,5,1,0,0,0,0,0,10,0.0,0.0,2,11,4,69,37,0,0,0,12,6,6,85.71,826.0,0,0,0,78,160,0,,0,24,,17
967008,Amr El Sisi,amr-el-sisi,43563,Smouha,6.69,107.1,16,0,1,0,0,,0,396,102,498,79.52,164,235,85,3,4,44.44,17,14,3,0,0,3,27.27,5,1,4,43,53.75,8,47.06,51,52.58,1123,0.0,0,0,0,0,0,0,0,0,2,3,0,0,0,30,53.57,4,0,0,7,136,4,42,24,637,22,21,0,0,6,0,0,0,0,,,,3,0,0,0,0,15,2,0,0,0,0,0,14,0.0,0.0,3,9,11,46,9,0,0,0,56,17,11,64.71,0.0,0,0,0,196,313,0,,0,62,,17
1063119,Youssef Osama Nabih,youssef-osama-nabih,35187,Al-Ittihad Alexandria,6.69,93.7,14,1,1,0,2,,3,80,26,106,75.47,25,56,25,4,2,40.0,5,2,0,0,0,1,8.33,9,4,4,9,39.13,6,31.58,15,35.71,478,11.11,0,0,0,0,0,0,1,0,5,4,1,0,0,8,80.0,2,0,0,5,61,1,5,2,179,2,2,0,0,4,0,1,0,0,,,,0,0,0,0,0,4,0,0,0,0,0,0,3,0.0,0.0,4,5,12,27,13,0,0,0,10,4,4,80.0,478.0,0,0,0,30,88,0,,0,6,,14
1048454,Hossam Ashraf,hossam-ashraf,42368,Zamalek SC,6.69,80.3,12,1,0,0,0,,1,94,32,126,74.6,30,64,39,1,3,42.86,6,2,1,0,0,0,0.0,8,1,5,11,40.74,8,53.33,19,45.24,430,12.5,0,0,1,0,0,0,0,1,3,5,0,1,0,2,40.0,3,0,0,5,53,3,5,4,181,2,5,1,0,2,0,2,0,0,,,,0,0,0,0,0,7,0,0,0,0,0,0,4,0.0,0.0,1,7,5,23,7,0,0,0,5,7,6,100.0,430.0,0,0,0,37,94,0,,0,9,,13
889363,Youssef Obama,youssef-obama,175002,Pyramids FC,6.69,66.9,10,2,0,0,0,,2,50,17,67,74.63,24,26,9,2,1,50.0,1,0,1,0,0,0,0.0,6,4,2,3,23.08,2,18.18,5,20.83,210,33.33,0,0,0,0,0,0,2,0,6,0,1,0,1,1,20.0,4,0,0,1,31,1,4,1,98,1,6,1,0,3,0,0,0,0,,,,0,0,0,0,0,0,2,0,0,0,0,0,2,0.0,0.0,2,2,0,19,9,0,0,0,5,2,1,100.0,105.0,0,0,0,27,40,0,,0,5,,15
333451,Ahmed Samir,ahmed-samir,43561,Tala'ea El-Gaish,6.69,120.4,18,1,2,0,1,,2,128,39,167,76.65,49,84,49,8,1,33.33,0,2,0,0,0,5,23.81,7,3,3,6,35.29,2,28.57,8,33.33,482,14.29,0,0,0,0,0,0,1,0,4,3,0,1,0,13,61.9,5,0,0,4,71,2,25,14,235,5,4,0,0,3,4,1,0,0,,,,0,0,0,0,0,6,2,0,0,0,0,0,3,0.0,0.0,8,3,21,16,5,0,0,0,21,8,0,0.0,482.0,0,0,0,60,128,0,,0,21,,20
577736,Karim Hafez,karim-hafez,175002,Pyramids FC,6.69,120.4,18,0,0,0,0,,0,376,78,454,82.82,206,178,78,12,3,33.33,9,8,5,0,0,8,18.6,8,1,3,35,53.85,8,53.33,43,53.75,938,0.0,0,0,0,0,1,0,0,0,4,4,0,0,0,30,42.86,12,0,0,5,158,1,47,24,683,23,16,0,0,3,1,4,0,0,,,,2,0,0,0,0,8,1,0,0,0,0,0,9,0.0,0.0,12,9,43,37,7,0,0,0,70,9,7,77.78,0.0,0,0,0,223,274,0,,0,36,,21
1008108,Ziad Kamal,ziad-kamal,43564,ENPPI,6.69,113.7,17,0,1,0,2,,2,334,89,423,78.96,136,207,107,15,5,31.25,10,2,3,0,0,9,27.27,6,3,2,26,33.77,10,43.48,36,36.0,843,0.0,0,0,0,0,1,0,0,0,1,5,0,0,0,30,54.55,4,0,0,16,165,2,45,22,566,11,16,0,0,10,0,1,0,0,,,,0,0,0,0,0,9,0,0,0,0,0,0,9,0.0,0.0,15,16,33,64,13,0,0,0,55,9,7,70.0,0.0,0,0,0,155,301,0,,0,38,,17
918874,Ahmed El Sheikh,el-sheikh-ahmed,43561,Tala'ea El-Gaish,6.69,107.0,16,1,1,2,0,,1,89,28,117,76.07,31,60,28,5,1,100.0,2,1,0,0,0,2,10.0,17,4,9,5,50.0,4,28.57,9,37.5,309,5.88,0,0,0,0,1,0,1,0,8,9,0,0,1,12,66.67,1,0,0,1,52,1,15,7,181,2,4,0,0,0,1,4,0,0,,,,0,0,0,0,0,8,0,0,0,0,0,0,1,0.0,0.0,5,1,20,15,10,0,0,0,18,8,0,0.0,309.0,0,0,0,35,102,0,,0,15,,17
1441642,Ahmed Mohamed Fouad,mohamed-ahmed-fouad,241703,Pharco FC,6.69,53.5,8,0,1,0,0,,0,112,27,139,80.58,52,63,33,4,4,57.14,7,1,0,0,0,3,16.67,4,1,2,18,46.15,1,25.0,19,44.19,407,0.0,0,0,0,0,0,0,0,0,0,4,0,0,0,9,60.0,1,0,0,7,67,1,12,10,214,7,8,0,0,4,0,1,0,0,,,,0,0,0,0,0,5,0,0,0,0,0,0,5,0.0,0.0,4,7,18,24,3,0,0,0,15,5,5,71.43,0.0,0,0,0,61,96,0,,1,15,,8
935680,Youssef El Gohary,youssef-el-gohary,43560,Al-Masry,6.69,46.8,7,0,0,0,0,,0,129,27,156,82.69,55,74,22,2,0,0.0,6,2,1,0,0,0,0.0,2,0,0,8,38.1,4,50.0,12,41.38,280,0.0,0,0,0,0,0,0,0,0,2,0,0,0,0,11,52.38,4,0,0,1,35,1,15,4,184,2,9,0,0,2,0,2,0,0,,,,0,0,0,0,0,0,0,0,0,0,0,0,3,0.0,0.0,2,1,2,17,4,0,0,0,21,0,4,66.67,0.0,0,0,0,61,97,0,,0,12,,7
1008169,Hossam Ghanem,hossam-ghanem,43564,ENPPI,6.69,46.8,7,0,0,0,0,,0,28,17,45,62.22,6,22,17,2,1,50.0,2,0,0,0,0,0,0.0,4,2,1,7,50.0,6,27.27,13,36.11,205,0.0,0,0,0,0,0,0,0,0,3,1,0,0,0,0,0.0,5,0,0,2,31,0,1,0,88,4,2,0,0,2,0,1,0,0,,,,0,0,0,0,0,4,0,0,0,0,0,0,2,0.0,0.0,2,2,4,23,16,0,0,0,0,4,2,100.0,0.0,0,0,0,9,40,0,,0,5,,7
1469702,Amr Kalawa,amr-kalawa,371622,Cleopatra FC,6.68,120.3,18,0,0,1,0,,0,305,96,401,76.06,138,168,74,4,2,25.0,12,4,1,0,0,1,33.33,8,0,7,18,48.65,24,58.54,42,53.85,665,0.0,0,0,0,0,1,0,0,0,4,4,0,0,0,23,47.92,8,0,0,4,119,2,32,17,486,4,7,1,0,2,0,1,0,0,,,,0,0,0,0,0,10,0,0,0,0,0,0,6,0.0,0.0,4,8,3,36,17,0,0,0,48,10,11,91.67,0.0,0,0,0,161,243,0,,0,35,,18
918776,Mohamed Hesham,mohamed-hesham,43567,Petrojet,6.68,113.6,17,1,1,1,1,,2,56,42,98,57.14,26,30,22,3,0,0.0,4,0,1,0,0,0,0.0,10,5,4,13,52.0,22,35.48,35,40.23,396,10.0,0,0,1,0,0,0,1,0,8,2,1,0,0,2,16.67,6,0,0,4,65,2,7,5,161,9,5,0,0,1,0,1,0,0,,,,0,0,0,0,0,6,0,0,0,0,0,0,2,0.0,0.0,3,3,2,52,40,0,0,0,12,6,3,75.0,396.0,0,0,0,31,69,0,,0,8,,21
1173509,Hamdy Alaa,hamdy-alaa,373168,ZED FC,6.68,113.6,17,0,0,0,0,,0,378,71,449,84.19,211,169,57,5,2,22.22,20,8,6,0,0,2,50.0,6,0,4,34,51.52,14,46.67,48,50.0,862,0.0,0,0,0,0,0,0,0,0,1,5,0,0,0,25,58.14,16,0,0,5,97,0,22,14,563,12,15,0,0,5,0,2,0,0,,,,2,0,0,0,0,9,1,0,0,0,0,0,9,0.0,0.0,5,9,4,48,16,0,0,0,43,10,16,80.0,0.0,0,0,0,240,213,0,,0,53,,17
333463,Mohamed Sherif,mohamed-sherif,43564,ENPPI,6.68,147.0,22,1,1,0,1,,2,241,91,332,72.59,79,177,91,15,10,30.3,5,5,1,0,0,15,23.81,22,3,11,34,36.56,11,42.31,45,37.82,1383,4.55,0,0,1,0,3,0,1,0,8,14,0,1,0,13,28.26,5,0,0,17,239,6,30,11,591,19,13,0,0,8,2,8,0,0,,,,1,0,0,0,0,13,1,0,0,0,0,0,15,0.0,0.0,15,33,63,74,15,0,0,0,46,14,4,80.0,1383.0,0,0,0,88,307,0,,0,49,,22
1983104,Mohamed Ashraf,mohamed-ashraf,58319,Ghazl El Mahalla FC,6.68,147.0,22,0,2,1,0,,0,398,132,530,75.09,167,232,113,13,10,35.71,31,22,3,0,0,1,9.09,24,6,13,65,52.0,45,62.5,110,55.84,1609,0.0,0,0,0,1,0,0,0,0,11,13,0,0,0,25,54.35,20,0,0,17,207,5,22,13,782,24,22,0,0,4,1,5,0,0,,,,5,0,0,0,0,23,2,0,0,0,0,0,18,0.0,0.0,13,28,11,87,27,0,0,0,46,25,24,77.42,0.0,0,0,0,212,329,0,,0,74,,22
1169214,Mohamed Saeed,mohamed-saeed,43563,Smouha,6.68,93.5,14,0,1,0,1,,1,161,74,235,68.51,68,99,52,6,2,13.33,8,7,3,0,0,6,19.35,7,2,3,23,44.23,17,36.17,40,40.4,882,0.0,0,0,0,0,0,0,0,0,6,1,0,0,0,16,51.61,19,0,0,3,164,5,21,10,435,13,9,0,0,5,4,2,0,0,,,,1,0,0,0,0,9,2,0,0,0,0,0,10,0.0,0.0,6,15,31,59,30,0,0,0,31,11,5,62.5,0.0,0,0,0,78,188,0,,0,38,,15
902653,Hesham Mohamed,hesham-mohamed,42366,Ismaily,6.68,120.2,18,0,0,0,0,,0,493,112,605,81.49,243,251,90,5,3,50.0,14,5,1,0,0,1,9.09,6,2,4,35,57.38,14,60.87,49,58.33,986,0.0,0,0,0,0,1,0,0,0,0,6,0,0,0,27,40.91,11,0,0,6,142,2,56,22,711,18,9,0,0,9,0,0,0,0,,,,3,0,0,0,0,10,2,0,0,0,0,0,12,0.0,0.0,5,6,11,35,9,0,0,0,66,12,9,64.29,0.0,0,0,0,268,348,0,,0,53,,20
552874,Fejiri Okenabirhie,fejiri-okenabirhie,265830,Modern Sport FC,6.68,53.4,8,1,1,1,1,,2,43,17,60,71.67,10,34,21,5,1,100.0,2,0,1,0,0,1,100.0,3,0,3,4,23.53,10,71.43,14,45.16,238,33.33,0,0,0,0,0,0,0,0,2,1,0,0,0,3,60.0,0,0,0,4,30,1,1,1,87,1,9,0,0,0,1,0,0,0,,,,0,0,0,0,0,0,0,0,0,0,0,0,1,0.0,0.0,5,1,1,17,4,0,0,0,5,0,2,100.0,238.0,0,0,0,12,49,0,,0,8,,8
333439,Mahmoud Kahraba,kahraba,6910,Al Ahly FC,6.68,26.7,4,0,0,1,0,,0,25,7,32,78.13,5,21,16,5,0,0.0,0,1,0,0,0,1,100.0,7,2,3,1,12.5,0,0.0,1,10.0,253,0.0,0,0,0,0,0,0,0,0,7,0,0,0,0,1,50.0,0,0,0,0,14,0,1,0,51,1,3,0,0,2,0,2,0,0,,,,1,0,0,0,0,0,0,0,0,0,0,0,3,0.0,0.0,5,2,1,9,2,0,0,0,2,0,0,0.0,0.0,0,0,0,5,28,0,,0,0,,4
1400637,Mohamed Zidan,mohamed-zidan,42366,Ismaily,6.68,26.7,4,0,0,0,0,,0,21,11,32,65.63,11,10,6,4,1,50.0,0,1,0,0,0,0,0.0,2,1,1,1,33.33,4,18.18,5,20.0,195,0.0,0,0,0,0,0,0,0,0,2,0,0,0,0,0,0.0,1,0,0,1,23,1,0,0,55,0,0,0,0,0,3,0,0,0,,,,0,0,0,0,0,1,0,0,0,0,0,0,3,0.0,0.0,4,2,2,20,18,0,0,0,1,1,0,0.0,0.0,0,0,0,13,21,0,,0,8,,4
985943,Mohamed Amissi,mohamed-amissi,265830,Modern Sport FC,6.68,80.1,12,0,0,0,0,,0,94,28,122,77.05,37,59,34,1,6,40.0,7,4,1,0,0,2,12.5,11,4,5,17,44.74,11,52.38,28,47.46,577,0.0,0,0,1,0,0,0,0,0,9,2,0,0,0,2,25.0,11,0,0,6,67,0,2,0,219,4,4,1,0,2,2,2,0,0,,,,0,0,0,0,0,9,1,0,0,0,0,0,5,0.0,0.0,1,15,16,31,10,0,0,0,8,10,4,57.14,0.0,0,0,0,43,95,0,,0,14,,12
1068500,Kamal El Sayed,kamal-el-sayed,42366,Ismaily,6.67,46.7,7,0,0,0,0,,0,71,62,133,53.38,48,23,6,0,0,0.0,0,0,1,0,0,0,0.0,0,0,0,0,0.0,2,100.0,2,100.0,630,0.0,0,0,0,0,0,0,0,0,0,0,0,0,0,32,34.04,4,0,0,0,63,0,4,2,188,0,0,0,0,0,0,0,0,22,,,,1,1,0,15,7,11,1,2,0,0,3,0,7,0.0,0.0,0,0,0,0,0,0,0,0,94,12,0,0.0,0.0,0,0,0,63,70,0,,53,48,,7
1870599,Ali Mahmoud,ali-mahmoud,43564,ENPPI,6.67,93.4,14,0,1,0,0,,0,192,70,262,73.28,76,120,54,7,5,38.46,20,5,2,0,0,4,50.0,2,0,0,37,48.05,10,40.0,47,46.08,614,0.0,0,0,0,0,0,0,0,0,1,1,0,0,0,17,51.52,6,0,0,9,111,1,28,14,386,12,19,0,0,4,0,2,0,0,,,,0,0,0,0,0,7,0,0,0,0,0,0,5,0.0,0.0,7,13,8,55,15,0,0,0,33,7,12,60.0,0.0,0,0,0,85,185,0,,0,35,,14
918814,El-Hani Soliman,el-hani-soliman,43563,Smouha,6.67,153.4,23,0,0,0,0,,0,255,224,479,53.24,185,70,27,1,0,0.0,0,0,2,0,0,0,0.0,0,0,0,9,90.0,6,85.71,15,88.24,2070,0.0,0,0,0,1,0,0,0,0,0,0,0,0,0,111,33.53,21,1,0,0,229,0,20,6,640,9,1,0,0,0,0,0,0,32,,,,8,9,0,21,11,23,3,11,0,0,14,0,23,0.0,0.0,1,0,2,2,1,0,0,0,331,26,0,0.0,0.0,0,0,2,219,262,0,,165,175,,23
823604,John Okoye Ebuka,john-okoye-ebuka,43560,Al-Masry,6.67,86.7,13,1,0,0,0,,1,48,20,68,70.59,13,35,25,6,3,33.33,1,1,1,0,0,0,0.0,11,6,3,6,18.75,5,23.81,11,20.75,375,9.09,0,0,0,0,1,1,1,0,10,1,1,0,0,1,33.33,4,0,0,9,58,4,2,1,139,3,10,0,0,1,2,2,0,0,,,,0,0,0,0,0,6,1,0,0,0,0,0,3,0.0,100.0,6,9,3,42,16,0,0,0,3,7,0,0.0,375.0,0,0,0,14,57,0,,0,7,,13
366142,Reda Salah,reda-salah,43565,El Gouna FC,6.67,86.7,13,0,0,0,0,,0,237,60,297,79.8,111,126,54,7,5,41.67,6,11,1,0,0,0,0.0,9,2,4,16,43.24,2,22.22,18,39.13,589,0.0,0,0,0,1,0,0,0,0,5,4,0,0,0,22,45.83,17,0,0,9,95,2,35,15,404,5,3,0,0,2,1,3,0,0,,,,0,0,0,0,0,6,0,0,0,0,0,0,7,0.0,0.0,7,12,2,28,7,0,0,0,48,6,5,83.33,0.0,0,0,0,129,170,0,,0,33,,14
359290,Zouhair El Moutaraji,zouhair-el-moutaraji,241703,Pharco FC,6.67,100.0,15,2,0,0,1,,3,64,27,91,70.33,24,44,23,6,4,22.22,4,0,0,0,0,4,25.0,11,5,4,11,34.38,4,44.44,15,36.59,434,18.18,0,0,0,0,0,0,0,2,4,7,0,1,1,4,50.0,3,0,0,1,70,3,13,4,171,3,2,0,0,4,4,2,0,0,,,,0,0,0,0,0,8,1,0,0,0,0,0,4,0.0,0.0,6,18,16,26,5,0,0,0,8,9,3,75.0,217.0,0,0,0,31,76,0,,0,15,,15
1982381,Khaled Abo Ziada,khaled-abo-ziada,43567,Petrojet,6.67,80.0,12,1,0,0,1,,2,76,52,128,59.38,33,50,23,5,1,20.0,7,0,1,0,1,7,17.95,9,2,6,19,61.29,8,50.0,27,57.45,498,11.11,0,0,0,0,1,0,0,1,3,6,0,1,0,13,43.33,7,0,0,2,101,1,20,4,256,11,7,1,0,0,0,1,0,0,,,,0,0,0,0,0,11,1,0,0,0,0,0,5,0.0,0.0,5,5,39,20,8,0,0,0,30,12,6,85.71,498.0,1,0,0,43,124,0,,0,18,,13
1541874,Ayman Moka,ayman-moka,371622,Cleopatra FC,6.67,120.0,18,1,0,2,1,,2,145,43,188,77.13,43,105,68,7,9,39.13,7,2,3,0,0,3,25.0,16,7,4,22,32.84,0,0.0,22,30.99,504,6.25,0,0,0,0,0,0,1,0,13,3,0,0,1,4,30.77,2,0,0,16,108,4,6,1,327,6,15,0,0,2,1,5,0,0,,,,0,0,0,0,0,7,1,0,0,0,0,0,3,0.0,0.0,7,23,12,49,4,0,0,0,13,8,7,100.0,504.0,0,0,0,51,149,1,,0,22,,20
918662,Mohamed Dabash,mohamed-dabash,43560,Al-Masry,6.67,20.0,3,0,0,0,0,,0,74,12,86,86.05,54,20,1,0,0,0.0,1,4,0,0,0,0,0.0,1,0,1,2,50.0,3,37.5,5,41.67,130,0.0,0,0,0,0,0,0,0,0,1,0,0,0,0,6,54.55,4,0,0,0,12,0,11,5,98,1,2,0,0,0,0,0,0,0,,,,0,0,0,0,0,2,0,0,0,0,0,0,1,0.0,0.0,0,0,0,7,5,0,0,0,11,2,1,100.0,0.0,0,0,0,61,25,0,,0,1,,3
918775,Ahmed Said,ahmed-said,266626,National Bank of Egypt,6.67,20.0,3,0,0,0,0,,0,25,14,39,64.1,11,14,10,0,0,0.0,0,0,1,0,0,0,0.0,2,0,2,1,25.0,1,25.0,2,25.0,55,0.0,0,0,0,0,0,0,0,0,0,2,0,0,0,6,66.67,1,0,0,0,19,0,11,5,52,1,2,0,0,1,0,0,0,0,,,,0,0,0,0,0,1,0,0,0,0,0,0,0,0.0,0.0,0,0,5,6,3,0,0,0,9,1,0,0.0,0.0,0,0,0,11,33,0,,0,2,,4
918774,Mohamed Mahmoud,mohamed-mahmoud,43565,El Gouna FC,6.67,60.0,9,0,0,0,0,,0,55,26,81,67.9,16,40,22,5,2,25.0,3,3,1,0,0,1,50.0,8,3,3,9,40.91,5,26.32,14,34.15,278,0.0,0,0,0,0,0,0,0,0,5,3,0,0,0,3,37.5,3,0,0,2,48,0,5,2,140,4,6,1,0,1,1,2,0,0,,,,0,0,0,0,0,1,0,0,0,0,0,0,3,0.0,0.0,5,8,2,27,14,0,0,0,8,1,3,100.0,0.0,0,0,0,21,62,0,,0,11,,12
1546072,Nader Farag,nader-farag,42366,Ismaily,6.66,146.6,22,1,1,4,0,,1,277,124,401,69.08,91,186,92,18,14,31.11,20,5,6,0,0,0,0.0,25,6,13,60,40.82,41,35.96,101,38.7,1707,4.0,0,0,0,0,0,0,1,0,19,6,0,0,1,10,55.56,9,0,0,19,248,2,16,3,662,26,29,1,0,9,3,6,0,0,,,,1,0,0,0,0,20,4,0,0,0,0,0,19,0.0,0.0,18,45,9,160,73,0,0,0,18,24,18,90.0,1707.0,0,0,0,117,293,0,,0,46,,22
918916,Mohamed Bassiouny,mohamed-bassiouny,266626,National Bank of Egypt,6.66,73.3,11,0,0,1,0,,0,161,63,224,71.88,64,101,49,4,3,27.27,14,8,1,0,0,4,14.81,6,1,2,25,58.14,5,35.71,30,52.63,657,0.0,0,0,0,0,0,0,0,0,2,4,0,0,0,9,33.33,15,0,0,3,119,5,24,12,420,8,5,0,0,3,0,3,0,0,,,,3,0,0,0,0,7,0,0,0,0,0,0,7,0.0,0.0,4,11,27,27,9,0,0,0,27,7,8,57.14,0.0,0,0,0,79,172,0,,0,27,,12
105394,Mahmoud Abdel Razik Shikabala,shikabala,42368,Zamalek SC,6.66,53.3,8,0,1,0,1,,1,49,21,70,70.0,25,25,14,1,2,100.0,0,0,0,0,0,1,33.33,4,1,2,3,60.0,0,0.0,3,50.0,231,0.0,0,0,0,0,1,0,0,0,1,3,0,0,0,2,28.57,0,0,0,1,28,0,10,3,87,1,1,1,0,0,0,1,0,0,,,,0,0,0,0,0,2,0,0,0,0,0,0,2,0.0,0.0,1,2,3,3,1,0,0,0,7,2,0,0.0,0.0,0,0,0,28,45,0,,0,7,,8
1163229,Ahmed Mahmoud,ahmed-mahmoud,42368,Zamalek SC,6.66,33.3,5,0,0,0,0,,0,18,10,28,64.29,9,11,6,2,1,100.0,5,1,1,0,0,2,40.0,0,0,0,8,72.73,1,100.0,9,75.0,88,0.0,0,0,0,0,0,0,0,0,0,0,0,0,0,3,50.0,2,0,0,1,17,0,1,0,59,2,2,0,0,0,0,0,0,0,,,,0,0,0,0,0,2,0,0,0,0,0,0,0,0.0,0.0,2,1,5,3,0,0,0,0,6,2,3,60.0,0.0,0,0,0,12,21,0,,0,3,,5
918645,Mahmoud Rizk,mahmoud-rizk,265830,Modern Sport FC,6.66,113.2,17,1,0,0,0,,1,506,169,675,74.96,318,189,61,5,1,50.0,16,9,5,1,1,1,100.0,11,5,4,29,53.7,44,63.77,73,59.35,1293,9.09,0,0,0,1,0,0,1,0,10,1,1,0,0,81,43.78,85,0,0,2,180,0,88,35,854,12,17,0,1,7,1,2,0,0,,,,4,0,0,0,0,19,3,0,0,0,0,0,16,0.0,0.0,5,2,1,50,25,0,0,0,185,22,13,81.25,1293.0,0,0,0,369,307,1,,1,53,,17
1095270,Ahmed El Nadry,ahmed-el-nadry,266626,National Bank of Egypt,6.66,79.9,12,0,0,0,0,,0,177,32,209,84.69,70,108,46,3,2,50.0,14,6,2,0,0,1,20.0,4,0,2,21,48.84,4,44.44,25,48.08,601,0.0,0,0,0,0,0,0,0,0,1,3,0,0,0,11,64.71,5,0,0,3,53,2,6,2,290,5,11,0,0,7,0,2,0,0,,,,0,0,0,0,0,9,0,0,0,0,0,0,8,0.0,0.0,3,4,5,27,5,0,0,0,17,9,10,71.43,0.0,0,0,0,76,138,0,,0,23,,12
918638,Ibrahim Hassan,ibrahim-hassan,58319,Ghazl El Mahalla FC,6.66,46.6,7,0,1,0,1,,1,43,23,66,65.15,9,37,20,3,0,0.0,3,3,0,0,0,3,42.86,5,1,3,4,57.14,2,50.0,6,54.55,185,0.0,0,0,0,0,0,0,0,0,1,4,0,0,0,2,40.0,0,0,0,2,40,1,7,2,104,1,1,0,0,0,0,1,0,0,,,,0,0,0,0,0,4,1,0,0,0,0,0,2,0.0,0.0,3,1,7,5,2,0,0,0,5,5,1,33.33,0.0,0,0,0,13,60,0,,0,7,,8
966967,Omar Fathi Saviola,omar-fathi,43566,Haras El Hodoud,6.66,93.2,14,0,0,0,0,,0,117,52,169,69.23,54,65,28,4,3,27.27,10,2,3,0,0,2,12.5,7,3,3,25,49.02,5,38.46,30,46.88,504,0.0,0,0,1,0,1,0,0,0,2,5,0,0,0,9,52.94,4,0,0,4,95,2,13,8,271,12,13,0,0,3,0,1,0,0,,,,0,0,0,0,0,6,0,0,0,0,0,0,5,0.0,0.0,4,11,16,34,8,0,0,0,17,6,8,80.0,0.0,0,0,0,72,113,0,,0,25,,14
1874529,Abdel Gawad Taalab,abdel-gawad-taalab,43565,El Gouna FC,6.66,119.8,18,0,0,0,1,,1,276,108,384,71.88,152,127,53,4,5,45.45,30,15,1,0,0,3,17.65,3,0,2,50,49.02,17,44.74,67,47.86,1348,0.0,0,0,0,0,0,0,0,0,0,3,0,0,0,25,39.06,30,0,0,9,178,1,36,11,613,15,31,0,0,11,0,1,0,0,,,,2,0,0,0,0,11,3,0,0,0,0,0,16,0.0,0.0,4,11,17,73,21,0,0,0,64,14,18,60.0,0.0,0,0,0,184,217,0,,0,59,,18
1186009,Ali El Malawany,ali-el-malawany,42366,Ismaily,6.65,99.8,15,2,0,0,0,,2,164,40,204,80.39,52,116,48,6,5,38.46,6,3,0,0,0,4,17.39,9,5,3,16,48.48,5,35.71,21,44.68,603,22.22,0,0,0,0,0,0,2,0,7,2,1,0,1,8,42.11,1,1,0,6,90,2,9,6,307,5,3,0,0,1,1,1,0,0,,,,0,0,0,0,0,7,1,0,0,0,0,0,6,0.0,0.0,6,13,23,26,9,0,0,0,19,8,4,66.67,301.5,0,0,0,60,167,0,,0,16,,16
1393700,Ahmed Nader Hawash,ahmed-nader-hawash,43564,ENPPI,6.65,99.8,15,0,0,1,0,,0,132,60,192,68.75,45,92,43,9,3,30.0,11,2,1,0,0,5,19.23,13,2,10,26,42.62,30,47.62,56,45.16,753,0.0,1,0,1,0,2,0,0,0,8,5,0,0,0,3,21.43,4,0,0,12,121,3,8,4,327,12,17,1,0,2,0,1,0,0,,,,0,0,0,0,0,9,0,0,0,0,0,0,9,0.0,0.0,9,10,26,68,33,0,1,0,14,9,7,63.64,0.0,0,0,0,56,162,0,,0,21,,15
999338,Abdelrahman El Dah,abdelrahman-el-dah,42366,Ismaily,6.65,106.4,16,2,0,0,1,,3,291,100,391,74.42,122,171,75,10,4,44.44,16,9,1,0,1,2,18.18,10,1,7,33,47.83,13,43.33,46,46.46,1032,20.0,0,0,0,0,0,0,1,0,4,6,0,0,1,22,47.83,15,0,0,12,150,4,32,12,533,13,17,1,0,4,0,2,0,0,,,,2,0,0,0,0,14,2,0,0,0,0,0,13,0.0,0.0,10,9,11,53,17,0,0,0,46,16,15,93.75,516.0,1,0,0,131,271,0,,0,37,,16
918703,Abdelrahman Khaled Gebna,abdelrahman-khaled-gebna,58319,Ghazl El Mahalla FC,6.65,26.6,4,1,0,0,0,,1,27,1,28,96.43,15,13,4,1,0,0.0,0,0,0,0,0,1,50.0,2,1,1,2,28.57,1,100.0,3,37.5,79,50.0,0,0,0,0,0,0,1,0,1,1,1,0,0,0,0.0,0,0,0,0,4,0,0,0,37,2,3,0,0,2,0,0,0,0,,,,0,0,0,0,0,3,0,0,0,0,0,0,0,0.0,0.0,1,0,2,5,0,0,0,0,0,3,0,0.0,79.0,0,0,0,16,14,0,,0,1,,4
1983087,Abdelrahim Amoory,abdelrahim-amoory,58319,Ghazl El Mahalla FC,6.65,39.9,6,1,1,1,0,,1,72,24,96,75.0,33,40,18,1,3,100.0,7,5,1,1,1,1,9.09,3,3,0,14,70.0,5,31.25,19,52.78,344,33.33,0,0,0,2,0,0,1,0,2,1,0,0,1,4,33.33,4,0,0,1,44,1,6,5,175,4,6,0,0,0,0,0,0,0,,,,0,0,0,0,0,6,0,0,0,0,0,0,3,0.0,0.0,1,3,11,17,11,0,0,0,12,6,7,100.0,344.0,0,0,0,41,66,0,,0,12,,6
1983103,Hazem Abou Sena,hazem-abou-sena,58319,Ghazl El Mahalla FC,6.65,13.3,2,0,0,0,0,,0,19,4,23,82.61,5,14,11,1,1,33.33,1,0,0,0,0,0,0.0,1,1,0,2,33.33,2,50.0,4,40.0,52,0.0,0,0,0,0,0,0,0,0,1,0,0,0,0,1,100.0,0,0,0,1,8,0,0,0,31,0,1,0,0,0,0,0,0,0,,,,0,0,0,0,0,1,0,0,0,0,0,0,0,0.0,0.0,1,3,0,6,2,0,0,0,1,1,0,0.0,0.0,0,0,0,5,18,0,,0,2,,2
1410411,Ahmed Jafeli,ahmed-jafeli,42368,Zamalek SC,6.65,13.3,2,0,1,0,0,,0,15,3,18,83.33,3,13,9,1,1,25.0,0,0,0,0,0,1,100.0,0,0,0,1,20.0,0,0.0,1,20.0,38,0.0,0,0,0,0,0,0,0,0,0,0,0,0,0,0,0.0,0,0,0,0,8,0,2,1,25,0,0,0,0,1,0,0,0,0,,,,0,0,0,0,0,0,0,0,0,0,0,0,1,0.0,0.0,1,4,1,4,0,0,0,0,1,0,0,0.0,0.0,0,0,0,3,16,0,,0,1,,3
1457866,Saif Thierry,saif-thierry,241703,Pharco FC,6.65,26.6,4,0,0,0,0,,0,15,11,26,57.69,5,10,6,1,0,0.0,0,0,0,0,0,0,0.0,3,1,1,1,25.0,6,66.67,7,53.85,104,0.0,0,0,0,0,0,0,0,0,3,0,0,0,0,2,100.0,1,0,0,2,23,1,0,0,50,1,1,0,0,0,0,1,0,0,,,,0,0,0,0,0,1,0,0,0,0,0,0,0,0.0,0.0,1,1,2,6,3,0,0,0,2,1,0,0.0,0.0,0,0,0,6,22,0,,0,2,,4
886931,Mahmoud Hamdy,mahmoud-hamdy,43560,Al-Masry,6.65,39.9,6,0,0,0,0,,0,83,36,119,69.75,71,12,7,0,0,0.0,0,0,1,0,0,0,0.0,0,0,0,3,100.0,5,100.0,8,100.0,465,0.0,0,0,0,0,0,0,0,0,0,0,0,0,0,23,39.66,4,1,0,0,37,0,13,10,172,4,0,0,0,0,0,0,0,8,,,,1,0,0,7,1,5,0,1,0,0,3,0,5,0.0,0.0,0,0,0,0,0,0,0,0,58,5,0,0.0,0.0,0,0,0,80,39,0,,32,60,,7
1011270,Abdel Rahman Emad,abdel-rahman-emad,373168,ZED FC,6.65,53.2,8,0,0,1,0,,0,98,20,118,83.05,32,67,38,7,2,100.0,10,3,0,0,0,1,33.33,4,1,0,12,46.15,2,40.0,14,45.16,307,0.0,0,0,0,0,0,0,0,0,2,2,0,0,0,1,20.0,1,0,0,5,36,0,6,2,165,0,6,0,0,3,0,3,0,0,,,,1,0,0,0,0,4,1,0,0,0,0,0,2,0.0,0.0,7,2,3,17,3,0,0,0,5,5,8,80.0,0.0,0,0,0,36,85,0,,0,18,,9
918719,Islam Abou-Salima,islam-abou-salima,43566,Haras El Hodoud,6.65,93.1,14,0,0,0,0,,0,251,97,348,72.13,171,80,31,0,1,50.0,8,12,2,0,0,0,0.0,2,0,2,11,55.0,19,61.29,30,58.82,881,0.0,0,0,0,1,0,0,0,0,2,0,0,0,0,57,49.14,52,0,0,0,107,1,53,28,448,2,6,0,0,3,0,0,0,0,,,,2,0,0,0,0,14,0,0,0,0,0,0,8,0.0,0.0,0,2,0,21,12,0,0,0,116,14,6,75.0,0.0,0,0,0,211,137,0,,0,33,,14
967136,Fady Farid,fady-farid,35187,Al-Ittihad Alexandria,6.64,139.5,21,2,3,1,2,,4,162,79,241,67.22,59,104,51,7,6,25.0,5,4,1,0,0,1,33.33,17,5,6,26,33.33,32,47.06,58,39.73,1171,11.76,0,0,0,0,0,0,2,0,15,2,1,1,0,7,46.67,2,0,0,11,169,2,9,5,402,15,22,0,0,2,10,6,0,0,,,,1,0,0,0,0,9,1,0,0,0,0,0,14,0.0,0.0,7,24,3,88,36,0,0,0,15,10,3,60.0,585.5,0,0,0,74,170,1,,0,30,,22
2038393,Ahmed Zaki,ahmed-zaki,43564,ENPPI,6.64,46.5,7,0,0,0,0,,0,22,18,40,55.0,7,15,5,1,1,25.0,1,0,0,0,0,0,0.0,1,0,1,11,47.83,14,48.28,25,48.08,259,0.0,0,0,1,0,0,0,0,0,0,1,0,0,0,1,33.33,7,0,0,2,34,1,1,0,83,9,8,0,0,0,2,0,0,0,,,,0,0,0,0,0,3,0,0,0,0,0,0,3,0.0,0.0,1,4,4,27,15,0,0,0,3,3,1,100.0,0.0,0,0,0,9,35,0,,0,6,,7
1093997,Amir Medhat,amir-medhat,266626,National Bank of Egypt,6.64,46.5,7,0,0,0,0,,0,70,30,100,70.0,45,25,6,0,0,0.0,2,2,0,0,0,0,0.0,0,0,0,3,50.0,7,46.67,10,47.62,242,0.0,0,0,0,0,0,0,0,0,0,0,0,0,0,17,41.46,11,0,0,0,32,0,19,7,128,1,1,0,0,2,0,0,0,0,,,,0,0,0,0,0,2,0,0,0,0,0,0,2,0.0,0.0,0,0,0,11,8,0,0,0,41,2,1,50.0,0.0,0,0,0,50,50,0,,0,12,,8
1418775,Karim Emad,karim-emad,265830,Modern Sport FC,6.64,33.2,5,0,0,0,0,,0,64,46,110,58.18,43,21,9,0,0,0.0,1,0,2,0,0,0,0.0,0,0,0,1,100.0,5,100.0,6,100.0,450,0.0,0,0,0,0,0,0,0,0,0,0,0,0,0,27,37.5,7,0,0,0,49,0,3,0,147,0,0,0,0,0,0,0,0,8,,,,2,0,0,5,3,3,2,3,0,0,0,0,6,0.0,0.0,0,0,0,0,0,0,0,0,72,5,1,100.0,0.0,0,0,0,48,62,0,,37,52,,5
1531075,Mohamed El Kott,mohamed-el-kott,43566,Haras El Hodoud,6.64,33.2,5,0,0,0,0,,0,78,14,92,84.78,46,33,9,4,2,100.0,5,3,2,0,0,1,100.0,4,1,3,8,47.06,0,0.0,8,47.06,260,0.0,0,0,0,0,0,0,0,0,0,4,0,0,0,7,53.85,0,0,0,1,18,0,6,3,116,1,7,0,0,1,0,0,0,0,,,,0,0,0,0,0,4,0,0,0,0,0,0,2,0.0,0.0,4,2,1,9,0,0,0,0,13,4,4,80.0,0.0,0,0,0,52,41,0,,0,17,,5
918729,Abdelaziz El Sayed,abdelaziz-el-sayed,43567,Petrojet,6.64,33.2,5,0,0,0,0,,0,39,8,47,82.98,16,24,13,1,0,0.0,2,0,0,0,0,1,33.33,2,2,0,3,42.86,0,0.0,3,30.0,144,0.0,0,0,0,0,0,0,0,0,1,1,0,0,0,1,50.0,4,0,0,0,14,0,8,4,66,1,1,0,0,1,0,0,0,0,,,,0,0,0,0,0,2,0,0,0,0,0,0,2,0.0,0.0,1,2,3,7,3,0,0,0,2,2,2,100.0,0.0,0,0,0,16,34,0,,0,7,,7
1545475,Mohamed El Deghemy,mohamed-el-deghemy,43566,Haras El Hodoud,6.64,132.8,20,0,0,0,0,,0,359,189,548,65.51,138,229,112,7,10,41.67,29,31,3,0,0,8,22.22,6,0,5,49,44.55,32,61.54,81,50.0,1510,0.0,0,0,0,0,0,0,0,0,2,4,0,0,0,49,41.88,45,0,0,9,309,5,90,43,952,10,19,0,0,19,1,1,0,0,,,,3,0,0,0,0,22,1,0,0,0,0,0,19,0.0,0.0,7,24,36,81,20,0,0,0,117,23,22,75.86,0.0,0,0,0,188,396,1,,0,78,,22
1540054,Hamidu Fatawu,hamidu-fatawu,58319,Ghazl El Mahalla FC,6.64,119.5,18,0,2,0,0,,0,224,110,334,67.07,112,127,69,14,5,33.33,18,5,2,0,0,15,29.41,7,3,3,34,57.63,8,34.78,42,51.22,1051,0.0,0,0,0,0,2,0,0,0,2,5,0,0,0,26,41.94,26,0,0,5,210,2,39,13,619,11,4,0,0,6,4,1,0,0,,,,1,0,0,0,0,20,1,0,0,0,0,0,8,0.0,0.0,14,15,51,40,15,0,0,0,62,21,13,72.22,0.0,0,0,0,145,240,0,,0,60,,19
1465772,Ahmed Reda,ahmed-reda,43565,El Gouna FC,6.64,86.3,13,0,0,0,0,,0,164,57,221,74.21,77,94,44,6,4,30.77,13,5,1,0,0,7,21.88,4,1,2,32,55.17,9,47.37,41,53.25,744,0.0,0,0,0,0,0,0,0,0,1,3,0,0,0,14,46.67,22,0,0,10,122,6,19,8,420,15,5,0,0,2,1,1,0,0,,,,2,0,0,0,0,9,2,0,0,0,0,0,9,0.0,0.0,6,13,32,36,10,0,0,0,30,11,12,92.31,0.0,0,0,0,98,155,0,,0,31,,13
244361,Mohamed Bassam,mohamed-bassam,371622,Cleopatra FC,6.64,159.3,24,0,0,0,0,,0,367,178,545,67.34,312,55,16,1,0,0.0,1,0,2,0,0,0,0.0,0,0,0,8,66.67,3,75.0,11,68.75,2160,0.0,0,0,0,0,0,0,0,0,0,0,0,0,0,84,34.29,8,1,1,2,185,0,38,18,698,7,0,0,0,0,0,0,0,51,,,,8,4,0,29,22,25,4,1,7,7,8,0,24,0.0,0.0,1,2,0,5,1,0,0,0,245,29,1,100.0,0.0,0,0,1,361,184,0,,172,162,,24
1879743,Mohamed Khatary,mohamed-khatary,42366,Ismaily,6.64,126.1,19,2,1,0,2,,4,194,70,264,73.48,80,129,56,12,5,27.78,10,8,1,0,0,15,31.91,14,3,6,23,38.98,4,23.53,27,35.53,892,14.29,0,0,0,1,0,0,1,0,6,8,0,0,1,11,33.33,10,0,0,10,165,3,16,6,478,8,5,0,0,8,0,5,0,0,,,,1,0,0,0,0,11,2,0,0,0,0,0,9,0.0,0.0,12,18,47,49,13,0,0,0,33,13,8,80.0,446.0,0,0,0,99,212,0,,0,35,,20
1155325,Mody Naser,mody-naser,43564,ENPPI,6.64,132.7,20,0,1,0,1,,1,382,116,498,76.71,179,205,98,7,4,30.77,32,21,2,1,1,2,22.22,8,1,5,51,51.0,15,35.71,66,46.48,1521,0.0,0,0,0,0,0,0,0,0,3,5,0,0,0,26,55.32,12,0,0,9,168,5,33,18,679,15,23,0,0,12,1,2,0,0,,,,5,0,0,0,0,13,1,0,0,0,0,0,18,0.0,0.0,7,13,9,76,27,0,0,0,47,14,26,81.25,0.0,0,0,0,212,295,0,,0,85,,20
1831795,Ahmed Abdin,ahmed-abdin,371622,Cleopatra FC,6.63,19.9,3,0,0,0,0,,0,25,6,31,80.65,15,10,3,0,0,0.0,2,1,0,0,0,0,0.0,1,0,0,2,66.67,3,50.0,5,55.56,92,0.0,0,0,0,0,0,0,0,0,1,0,0,0,0,2,50.0,4,0,0,0,8,0,1,0,44,0,1,0,0,0,0,1,0,0,,,,0,0,0,0,0,1,0,0,0,0,0,0,1,0.0,0.0,0,0,0,4,3,0,0,0,4,1,1,50.0,0.0,0,0,0,18,13,0,,0,2,,3
1983107,Shamsu Kabir,shamsu-kabir,43565,El Gouna FC,6.63,19.9,3,0,0,0,0,,0,12,7,19,63.16,3,9,5,0,1,50.0,1,0,0,0,0,0,0.0,1,1,0,2,40.0,1,50.0,3,42.86,45,0.0,0,0,0,0,0,0,0,0,0,1,0,0,0,1,100.0,0,0,0,0,11,1,1,1,28,0,2,0,0,0,0,0,0,0,,,,0,0,0,0,0,2,0,0,0,0,0,0,0,0.0,0.0,0,2,3,4,1,0,0,0,1,2,1,100.0,0.0,0,0,0,4,18,0,,0,4,,4
1093861,Hassan Yassin,hassan-yassin,43565,El Gouna FC,6.63,19.9,3,0,0,0,0,,0,20,6,26,76.92,7,14,6,2,1,100.0,0,0,0,0,0,1,100.0,0,0,0,4,80.0,0,0.0,4,57.14,83,0.0,0,0,0,0,0,0,0,0,0,0,0,0,0,3,75.0,0,0,0,1,11,1,1,0,40,3,0,0,0,0,0,0,0,0,,,,0,0,0,0,0,0,0,0,0,0,0,0,1,0.0,0.0,2,1,1,3,2,0,0,0,4,0,0,0.0,0.0,0,0,0,9,18,0,,0,5,,4
1515912,Kabaka,ahmed-gomma,265830,Modern Sport FC,6.63,59.7,9,0,0,0,0,,0,101,22,123,82.11,28,78,30,5,0,0.0,10,3,1,0,0,5,45.45,3,0,1,10,45.45,4,50.0,14,46.67,305,0.0,0,0,0,0,0,0,0,0,0,3,0,0,0,15,57.69,1,0,0,3,37,0,15,7,168,0,3,0,0,3,0,2,0,0,,,,0,0,0,0,0,4,0,0,0,0,0,0,3,0.0,0.0,5,3,11,16,4,0,0,0,26,4,7,70.0,0.0,0,0,0,32,102,0,,0,11,,10
1636517,Mazen Yasser,mazen-yasser,371622,Cleopatra FC,6.63,79.6,12,0,0,0,0,,0,110,50,160,68.75,36,78,31,4,1,14.29,8,2,1,0,0,4,28.57,4,1,0,12,38.71,5,31.25,17,36.17,370,0.0,0,0,0,0,0,0,0,0,2,2,0,0,0,10,47.62,5,0,0,6,82,0,17,6,236,3,4,0,0,3,1,3,0,0,,,,0,0,0,0,0,6,1,0,0,0,0,0,1,0.0,0.0,4,7,14,30,11,0,0,0,21,7,5,62.5,0.0,0,0,0,46,128,0,,0,15,,13
967146,Mohamed Magli,mohamed-magli,43566,Haras El Hodoud,6.63,139.3,21,0,0,0,0,,0,423,134,557,75.94,212,213,108,9,5,26.32,33,18,2,0,0,2,28.57,4,2,1,49,43.36,7,41.18,56,43.08,1586,0.0,0,0,0,0,0,0,0,0,1,3,0,0,0,28,43.75,14,0,0,13,188,5,66,32,741,11,22,0,0,17,1,1,0,0,,,,3,0,0,0,0,20,1,0,0,0,0,0,18,0.0,0.0,9,19,7,74,10,0,0,0,64,21,24,72.73,0.0,0,0,0,244,320,0,,0,93,,21
918886,Abdel Aziz El Balouti,abdel-aziz-el-balouti,266626,National Bank of Egypt,6.63,126.0,19,0,0,0,0,,0,184,172,356,51.69,129,55,22,0,0,0.0,0,0,1,0,0,0,0.0,1,0,0,6,100.0,3,75.0,9,90.0,1610,0.0,0,0,0,0,0,0,0,0,1,0,0,0,0,83,32.68,40,0,0,0,177,0,22,9,498,6,0,0,0,0,0,1,0,37,,,,5,3,0,22,14,23,2,12,7,7,0,0,18,0.0,0.0,0,0,0,1,1,0,0,0,254,25,0,0.0,0.0,0,0,4,154,202,0,,160,92,,19
1136093,Hesham Hafez,hesham-hafez,43563,Smouha,6.63,106.1,16,0,0,0,0,,0,256,103,359,71.31,129,133,51,4,4,30.77,19,12,1,0,0,6,13.95,1,1,0,39,53.42,14,40.0,53,49.07,1199,0.0,0,0,0,0,0,0,0,0,1,0,0,0,0,31,32.29,40,0,0,4,229,1,25,11,702,16,10,0,0,11,0,0,0,0,,,,4,0,0,0,0,12,2,0,0,0,0,0,14,0.0,0.0,4,13,43,55,21,0,0,0,96,14,17,89.47,0.0,0,0,0,162,240,0,,0,41,,16
1087402,Ashraf Magdy,ashraf-magdy,43563,Smouha,6.63,66.3,10,0,1,0,1,,1,39,17,56,69.64,15,25,15,4,2,28.57,1,1,1,0,0,1,16.67,4,2,2,6,33.33,1,33.33,7,33.33,135,0.0,0,0,0,0,0,0,0,0,2,2,0,0,0,1,20.0,1,0,0,2,35,2,4,2,91,3,3,0,0,2,0,0,0,0,,,,0,0,0,0,0,4,0,0,0,0,0,0,0,0.0,0.0,4,7,6,14,2,0,0,0,5,4,1,100.0,0.0,0,0,0,16,46,0,,0,10,,10
971563,Serge Aka,serge-aka,266626,National Bank of Egypt,6.63,112.7,17,0,0,0,0,,0,337,71,408,82.6,201,136,49,2,5,55.56,22,10,3,0,0,0,0.0,0,0,0,34,42.5,11,68.75,45,46.88,895,0.0,0,0,0,0,0,0,0,0,0,0,0,0,0,29,54.72,16,0,0,13,101,1,31,18,526,7,23,0,1,7,0,0,0,0,,,,1,0,0,0,0,11,0,0,0,0,0,0,10,0.0,0.0,2,9,1,51,5,0,0,0,53,11,20,90.91,0.0,0,0,0,219,190,0,,0,54,,17
1179130,Rasheed Ahmed,rasheed-ahmed,373168,ZED FC,6.63,72.9,11,0,0,0,0,,0,26,18,44,59.09,10,16,9,2,1,100.0,1,1,1,0,0,0,0.0,4,1,3,5,31.25,15,62.5,20,50.0,202,0.0,0,0,0,0,0,0,0,0,4,0,0,0,0,0,0.0,5,0,0,3,28,1,0,0,73,3,7,0,0,1,2,0,0,0,,,,0,0,0,0,0,2,0,0,0,0,0,0,1,0.0,0.0,2,1,2,20,9,0,0,0,0,2,1,100.0,0.0,0,0,0,16,30,0,,0,5,,11
2020196,Mohamed Samir,mohamed-samir,43564,ENPPI,6.63,26.5,4,0,0,0,0,,0,30,17,47,63.83,16,16,8,2,2,100.0,5,4,1,0,0,2,14.29,1,0,1,9,52.94,3,33.33,12,46.15,280,0.0,0,0,0,0,0,0,0,0,0,1,0,0,0,3,33.33,2,0,0,2,48,0,1,1,117,2,4,0,0,3,0,0,0,0,,,,1,0,0,0,0,3,0,0,0,0,0,0,4,0.0,0.0,2,2,14,14,6,0,0,0,9,3,3,60.0,0.0,0,0,0,22,39,0,,0,3,,4
1545403,Islam Marzouk,islam-marzouk,35187,Al-Ittihad Alexandria,6.63,26.5,4,0,0,0,0,,0,57,13,70,81.43,27,30,11,0,1,33.33,2,4,0,0,0,0,0.0,1,0,0,6,50.0,1,33.33,7,46.67,214,0.0,0,0,0,0,0,0,0,0,0,1,0,0,0,0,0.0,2,0,0,1,23,0,1,0,96,3,1,0,0,2,0,1,0,0,,,,0,0,0,0,0,2,0,0,0,0,0,0,4,0.0,0.0,0,3,2,8,2,0,0,0,2,2,1,50.0,0.0,0,0,0,31,41,0,,0,12,,5
1546015,Ahmed Ghoneim,ahmed-ghoneim,43567,Petrojet,6.63,26.5,4,0,0,0,0,,0,40,17,57,70.18,27,19,3,1,0,0.0,3,2,0,0,0,6,60.0,0,0,0,3,60.0,3,60.0,6,60.0,158,0.0,0,0,0,0,0,0,0,0,0,0,0,0,0,5,33.33,2,0,0,0,31,0,6,2,98,0,0,0,0,0,0,0,0,0,,,,0,0,0,0,0,2,0,0,0,0,0,0,0,0.0,0.0,1,2,10,4,2,0,0,0,15,2,1,33.33,0.0,0,0,0,32,35,0,,0,10,,5
1117799,Mostafa Shehata,mostafa-abdelrahim,266626,National Bank of Egypt,6.62,59.6,9,0,0,0,0,,0,27,5,32,84.38,5,22,16,2,0,0.0,2,0,1,0,0,0,0.0,2,0,1,3,33.33,0,0.0,3,27.27,115,0.0,0,0,1,0,0,0,0,0,2,0,0,0,0,4,57.14,2,0,0,1,16,0,0,0,51,1,3,0,0,0,0,1,0,0,,,,0,0,0,0,0,0,1,0,0,0,0,0,0,0.0,0.0,2,2,2,8,2,0,0,0,7,1,1,50.0,0.0,0,0,0,7,27,0,,0,5,,9
560466,Basem Morsi,morsi-basem,43561,Tala'ea El-Gaish,6.62,33.1,5,0,0,0,0,,0,15,5,20,75.0,5,10,6,0,0,0.0,2,0,0,0,0,0,0.0,3,0,2,4,50.0,8,61.54,12,57.14,97,0.0,0,0,0,0,0,0,0,0,2,1,0,0,0,0,0.0,1,0,0,2,11,0,1,0,41,2,1,0,0,1,1,1,0,0,,,,0,0,0,0,0,3,1,0,0,0,0,0,0,0.0,0.0,0,0,0,9,5,0,0,0,2,4,2,100.0,0.0,0,0,0,7,13,0,,0,4,,5
918778,Mohamed Hassan,mohamed-hassan,42366,Ismaily,6.62,66.2,10,0,0,0,0,,0,212,79,291,72.85,99,113,51,0,4,50.0,11,12,4,0,0,0,0.0,1,0,0,25,49.02,7,50.0,32,49.23,615,0.0,0,0,0,1,0,0,0,0,0,1,0,0,0,17,58.62,9,0,0,1,96,0,33,18,373,10,16,0,0,8,0,1,0,0,,,,0,0,0,0,0,7,2,0,0,0,0,0,7,0.0,0.0,0,8,3,33,7,0,0,0,29,9,8,72.73,0.0,0,0,0,123,171,0,,0,26,,10
851243,Konrad Michalak,konrad-michalak,42368,Zamalek SC,6.62,39.7,6,0,0,1,0,,0,62,17,79,78.48,16,48,27,4,4,40.0,2,1,0,0,0,2,16.67,2,1,1,9,45.0,1,33.33,10,43.48,242,0.0,0,0,0,0,0,0,0,0,2,0,0,0,0,3,75.0,1,0,0,4,49,1,1,1,133,3,0,0,0,1,0,0,0,0,,,,0,0,0,0,0,6,0,0,0,0,0,0,2,0.0,0.0,4,10,12,13,2,0,0,0,4,6,1,50.0,0.0,0,0,0,23,68,0,,0,3,,6
943787,Himid Mao Mkami,himid-mao-mkami,43561,Tala'ea El-Gaish,6.62,79.4,12,0,0,0,0,,0,173,47,220,78.64,84,89,47,5,4,66.67,9,6,3,1,1,0,0.0,6,0,3,20,55.56,11,61.11,31,57.41,640,0.0,0,0,0,1,0,0,0,0,3,3,0,0,0,16,45.71,10,0,0,2,61,0,19,10,295,7,8,0,0,4,0,3,0,0,,,,1,0,0,0,0,10,4,0,0,0,0,0,7,0.0,0.0,5,6,3,23,7,0,0,0,35,14,6,66.67,0.0,0,0,0,94,129,0,,0,30,,13
918626,Mahmoud Abou-Gouda,mahmoud-abou-gouda,43566,Haras El Hodoud,6.61,92.6,14,0,0,1,0,,0,89,55,144,61.81,26,63,35,7,2,28.57,10,0,2,0,0,0,0.0,6,1,3,18,34.62,22,46.81,40,40.4,677,0.0,0,0,1,0,0,0,0,0,5,1,0,0,0,3,37.5,6,0,0,11,96,3,3,2,233,6,15,0,0,4,4,2,0,0,,,,0,0,0,0,0,11,0,0,0,0,0,0,8,0.0,0.0,7,7,2,59,25,0,0,0,8,11,7,70.0,0.0,0,0,0,33,113,0,,0,16,,14
918602,Mohamed Sadek,mohamed-sadek,371622,Cleopatra FC,6.61,52.9,8,0,0,0,0,,0,105,20,125,84.0,34,71,29,3,2,40.0,4,4,0,0,0,0,0.0,2,0,2,11,37.93,2,66.67,13,40.63,224,0.0,0,0,0,0,0,0,0,0,0,2,0,0,0,3,100.0,2,0,0,5,34,1,4,3,168,5,8,0,0,2,0,0,0,0,,,,0,0,0,0,0,2,2,0,0,0,0,0,1,0.0,0.0,3,5,1,19,1,0,0,0,3,4,3,75.0,0.0,0,0,0,39,87,0,,0,15,,9
942095,Mostafa El-Badry,mostafa-el-badry,43563,Smouha,6.61,132.2,20,1,1,2,1,,2,131,40,171,76.61,34,101,60,11,4,40.0,6,3,2,0,0,4,26.67,8,4,3,22,40.74,5,25.0,27,36.49,602,12.5,0,0,0,0,0,0,1,0,7,1,0,0,1,4,44.44,3,0,0,9,104,2,7,4,291,12,16,0,0,3,5,1,0,0,,,,1,0,0,0,0,8,1,0,0,0,0,0,4,0.0,0.0,11,10,15,47,15,0,0,0,9,9,4,66.67,602.0,0,0,0,38,148,0,,0,17,,20
1982287,Omar Reda,omar-reda,241703,Pharco FC,6.61,66.1,10,0,0,0,0,,0,65,31,96,67.71,28,39,19,1,1,10.0,9,3,1,0,0,2,28.57,8,0,5,15,41.67,6,54.55,21,44.68,419,0.0,0,0,0,0,0,0,0,0,5,3,0,0,0,3,60.0,6,0,0,2,61,0,2,2,170,5,5,0,0,6,0,3,0,0,,,,0,0,0,0,0,3,0,0,0,0,0,0,5,0.0,0.0,1,10,7,26,5,0,0,0,5,3,6,66.67,0.0,0,0,0,37,66,0,,0,11,,12
918753,Mohamed Grendo,mohamed-grendo,266626,National Bank of Egypt,6.61,79.3,12,0,0,1,0,,0,92,51,143,64.34,40,52,34,7,1,14.29,14,4,2,0,1,0,0.0,9,1,5,27,42.86,27,54.0,54,47.79,570,0.0,0,0,0,0,0,0,0,0,8,1,0,0,0,3,50.0,12,0,0,11,97,0,4,2,263,12,14,0,0,6,5,3,0,0,,,,1,0,0,0,0,2,0,0,0,0,0,0,5,0.0,0.0,7,7,5,59,23,0,0,0,6,2,8,57.14,0.0,1,0,0,48,100,0,,0,16,,15
1170185,Emad Mayhoub,emad-mayhoub,58319,Ghazl El Mahalla FC,6.61,92.5,14,1,0,0,0,,1,122,56,178,68.54,37,89,44,6,5,27.78,11,4,1,0,0,4,18.18,11,1,8,28,37.84,12,48.0,40,40.4,708,9.09,0,0,0,0,0,0,1,0,7,4,0,1,0,15,46.88,4,0,0,13,125,5,21,10,318,12,13,0,0,7,2,2,0,0,,,,0,0,0,0,0,9,1,0,0,0,0,0,6,0.0,0.0,6,18,22,59,13,0,0,0,32,10,6,54.55,708.0,0,0,0,50,150,0,,0,34,,14
1390074,Yehia Zakaria,yehia-zakaria,58319,Ghazl El Mahalla FC,6.61,125.5,19,0,1,0,1,,1,461,117,578,79.76,244,226,101,12,3,33.33,22,19,2,1,1,9,18.37,5,0,4,33,61.11,18,52.94,51,57.95,1273,0.0,0,0,0,0,1,0,0,0,0,5,0,0,0,37,46.84,27,0,0,4,188,2,52,25,859,8,7,1,0,4,0,1,0,0,,,,2,0,0,0,0,15,2,0,0,0,0,0,17,0.0,0.0,12,9,49,37,16,0,0,0,79,17,18,81.82,0.0,0,0,0,294,333,0,,0,56,,19
967152,Hossam Greisha,hossam-greisha,58319,Ghazl El Mahalla FC,6.6,52.8,8,0,0,0,1,,1,23,7,30,76.67,9,15,11,3,1,33.33,1,1,0,0,0,1,33.33,4,0,2,4,36.36,1,100.0,5,41.67,153,0.0,0,0,0,0,0,0,0,0,1,3,0,0,0,2,50.0,2,0,0,1,21,0,3,2,65,2,2,0,0,2,0,2,0,0,,,,0,0,0,0,0,3,0,0,0,0,0,0,1,0.0,0.0,3,3,3,7,0,0,0,0,4,3,1,100.0,0.0,0,0,0,10,23,0,,0,6,,9
1470549,Islam Abdallah,islam-abdallah,43567,Petrojet,6.6,59.4,9,0,1,0,1,,1,49,28,77,63.64,23,27,13,3,4,44.44,10,4,1,0,0,1,5.26,0,0,0,15,51.72,3,37.5,18,48.65,261,0.0,0,0,0,0,0,0,0,0,0,0,0,0,0,8,34.78,6,0,0,2,62,0,14,6,173,1,6,0,0,1,0,0,0,0,,,,0,0,0,0,0,4,0,0,0,0,0,0,2,0.0,0.0,3,9,19,19,5,0,0,0,23,4,8,80.0,0.0,0,0,0,32,64,0,,0,17,,11
845658,York Rafael,york-rafael,373168,ZED FC,6.6,6.6,1,0,0,0,0,,0,14,6,20,70.0,5,9,4,1,0,0.0,0,0,0,0,0,0,0.0,1,0,0,1,50.0,1,25.0,2,33.33,56,0.0,0,0,0,0,0,0,0,0,0,1,0,0,0,0,0.0,0,0,0,0,8,0,0,0,25,1,1,0,0,0,0,1,0,0,,,,0,0,0,0,0,0,0,0,0,0,0,0,1,0.0,0.0,1,1,0,4,3,0,0,0,0,0,0,0.0,0.0,0,0,0,5,15,0,,0,3,,1
1497573,Abdallah Gamal,abdallah-gamal,42366,Ismaily,6.6,6.6,1,0,0,0,0,,0,9,18,27,33.33,4,5,1,0,0,0.0,0,0,0,0,0,0,0.0,0,0,0,1,100.0,1,100.0,2,100.0,90,0.0,0,0,0,0,0,0,0,0,0,0,0,0,0,5,21.74,2,0,0,0,18,0,2,1,35,1,0,0,0,0,0,0,0,3,,,,1,0,0,2,1,1,0,0,0,0,0,0,2,0.0,0.0,0,0,0,0,0,0,0,0,23,1,0,0.0,0.0,0,0,0,5,22,0,,13,5,,1
1400689,Ahmed Zaki,ahmed-zaki,373168,ZED FC,6.6,6.6,1,0,0,0,0,,0,6,6,12,50.0,4,2,0,0,0,0.0,0,3,0,0,0,0,0.0,1,0,0,0,0.0,1,50.0,1,25.0,45,0.0,0,0,0,0,0,0,0,0,1,0,0,0,0,3,60.0,3,0,0,1,9,0,2,1,26,0,1,0,0,0,0,1,0,0,,,,0,0,0,0,0,1,0,0,0,0,0,0,1,0.0,0.0,0,0,0,3,1,0,0,0,5,1,0,0.0,0.0,0,0,0,7,5,0,,0,0,,1
1480543,Ahmed Ali Amin,ahmed-ali-amin,43563,Smouha,6.6,6.6,1,0,0,0,0,,0,2,1,3,66.67,1,1,1,0,0,0.0,0,0,0,0,0,0,0.0,0,0,0,0,0.0,0,0.0,0,0.0,8,0.0,0,0,0,0,0,0,0,0,0,0,0,0,0,1,100.0,0,0,0,0,2,0,0,0,5,0,0,0,0,0,0,0,0,0,,,,0,0,0,0,0,0,0,0,0,0,0,0,0,0.0,0.0,0,0,1,0,0,0,0,0,1,0,0,0.0,0.0,0,0,0,1,3,0,,0,1,,1
1900452,Marwan Mahmoud,marwan-mahmoud,373168,ZED FC,6.6,6.6,1,0,0,0,0,,0,7,1,8,87.5,4,3,2,0,0,0.0,0,0,0,0,0,0,0.0,0,0,0,0,0.0,0,0.0,0,0.0,21,0.0,0,0,0,0,0,0,0,0,0,0,0,0,0,0,0.0,0,0,0,0,2,0,1,0,9,0,0,0,0,0,0,0,0,0,,,,0,0,0,0,0,0,0,0,0,0,0,0,0,0.0,0.0,0,0,0,0,0,0,0,0,0,0,0,0.0,0.0,0,0,0,4,4,0,,0,2,,1
1476887,Bibo Ahmed Hassan,el-habib-ahmed-hassan,43563,Smouha,6.6,6.6,1,0,0,0,0,,0,5,3,8,62.5,2,3,2,0,0,0.0,1,0,0,0,0,0,0.0,0,0,0,1,100.0,0,0.0,1,50.0,24,0.0,0,0,0,0,0,0,0,0,0,0,0,0,0,1,50.0,0,0,0,0,3,0,3,1,9,0,0,0,0,0,0,0,0,0,,,,0,0,0,0,0,0,0,0,0,0,0,0,0,0.0,0.0,0,0,0,1,1,0,0,0,2,0,1,100.0,0.0,0,0,0,2,6,0,,0,0,,1
1610332,Ikechukwu Nwani,ikechukwu-nwani,43566,Haras El Hodoud,6.6,6.6,1,0,0,0,0,,0,0,1,1,0.0,0,0,0,0,0,0.0,1,0,0,0,0,0,0.0,0,0,0,1,33.33,0,0.0,1,33.33,21,0.0,0,0,0,0,0,0,0,0,0,0,0,0,0,0,0.0,2,0,0,1,2,0,0,0,5,0,1,0,0,0,0,0,0,0,,,,0,0,0,0,0,0,0,0,0,0,0,0,0,0.0,0.0,0,0,0,2,0,0,0,0,0,0,1,100.0,0.0,0,0,0,1,0,0,,0,0,,1
979555,Aiman Orabi,aiman-orabi,43566,Haras El Hodoud,6.6,6.6,1,0,0,0,0,,0,8,2,10,80.0,6,2,1,0,0,0.0,0,0,0,0,0,0,0.0,0,0,0,0,0.0,0,0.0,0,0.0,35,0.0,0,0,0,0,0,0,0,0,0,0,0,0,0,2,50.0,1,0,0,0,2,0,0,0,12,0,0,0,0,0,0,0,0,0,,,,0,0,0,0,0,0,0,0,1,1,0,0,1,0.0,0.0,0,0,0,0,0,0,0,0,4,0,0,0.0,0.0,0,0,0,6,4,0,,3,6,,1
2165163,Abdel Hameed Ahmed,abdel-hameed-ahmed,373168,ZED FC,6.6,6.6,1,0,0,0,0,,0,28,4,32,87.5,23,5,1,1,0,0.0,0,1,0,0,0,0,0.0,0,0,0,0,0.0,0,0.0,0,0.0,45,0.0,0,0,0,0,0,0,0,0,0,0,0,0,0,1,20.0,2,0,0,0,4,0,2,0,35,0,0,0,0,0,0,0,0,0,,,,0,0,0,0,0,0,0,0,0,0,0,0,0,0.0,0.0,1,0,0,0,0,0,0,0,5,0,0,0.0,0.0,0,0,0,23,9,0,,0,1,,1
1982382,Musa Abdullahi,musa-abdullahi,35187,Al-Ittihad Alexandria,6.6,6.6,1,0,0,0,0,,0,11,4,15,73.33,5,6,3,0,0,0.0,0,1,0,0,0,0,0.0,0,0,0,1,100.0,0,0.0,1,100.0,32,0.0,0,0,0,0,0,0,0,0,0,0,0,0,0,1,50.0,0,0,0,0,4,0,2,1,17,1,1,0,0,0,0,0,0,0,,,,0,0,0,0,0,0,0,0,0,0,0,0,0,0.0,0.0,0,0,0,0,0,0,0,0,2,0,0,0.0,0.0,0,0,0,5,10,0,,0,2,,1
840700,Ahmed El Sheikh,ahmed-el-sheikh,42366,Ismaily,6.6,13.2,2,0,0,0,0,,0,6,2,8,75.0,1,5,3,0,1,100.0,1,0,0,0,0,0,0.0,0,0,0,2,66.67,0,0.0,2,50.0,32,0.0,0,0,0,0,0,0,0,0,0,0,0,0,0,0,0.0,0,0,0,1,7,0,0,0,15,0,0,0,0,0,0,0,0,0,,,,0,0,0,0,0,1,0,0,0,0,0,0,0,0.0,0.0,0,1,1,2,1,0,0,0,0,1,1,100.0,0.0,0,0,0,1,8,0,,0,1,,2
831597,Mahmoud Wadi,mahmoud-wadi,58319,Ghazl El Mahalla FC,6.6,13.2,2,0,0,0,0,,0,6,2,8,75.0,1,5,3,1,0,0.0,0,0,0,0,0,0,0.0,1,0,1,0,0.0,2,66.67,2,50.0,28,0.0,0,0,0,0,0,0,0,0,0,1,0,0,0,0,0.0,0,0,0,0,3,0,0,0,10,0,1,0,0,0,0,0,0,0,,,,0,0,0,0,0,1,0,0,0,0,0,0,0,0.0,0.0,1,0,0,2,1,0,0,0,0,1,0,0.0,0.0,0,0,0,1,7,0,,0,0,,2
1917769,Ibrahim Abdel Aal,ibrahim-abdel-aal,42366,Ismaily,6.6,6.6,1,0,0,0,0,,0,2,2,4,50.0,1,1,0,0,0,0.0,1,0,0,0,0,0,0.0,0,0,0,2,66.67,1,50.0,3,60.0,14,0.0,0,0,0,0,0,0,0,0,0,0,0,0,0,0,0.0,0,0,0,0,4,0,0,0,8,1,1,0,0,0,0,0,0,0,,,,0,0,0,0,0,0,0,0,0,0,0,0,0,0.0,0.0,0,0,0,2,1,0,0,0,0,0,1,100.0,0.0,0,0,0,1,3,0,,0,0,,2
966985,Amr Saleh,amr-saleh,35187,Al-Ittihad Alexandria,6.6,13.2,2,0,0,0,0,,0,14,12,26,53.85,6,8,6,0,0,0.0,3,0,0,0,0,0,0.0,1,1,0,4,66.67,1,25.0,5,50.0,98,0.0,0,0,0,0,0,0,0,0,0,1,0,0,0,1,50.0,0,0,0,0,13,1,3,1,32,1,1,0,0,1,0,0,0,0,,,,0,0,0,0,0,1,0,0,0,0,0,0,1,0.0,0.0,0,0,0,5,3,0,0,0,2,1,1,33.33,0.0,0,0,0,9,17,0,,0,2,,2
2138808,Abdallah Bostangy,abdullah-fouad-abdullah-boustenji,43563,Smouha,6.6,19.8,3,0,0,0,0,,0,16,4,20,80.0,11,5,2,0,0,0.0,2,0,0,0,0,0,0.0,0,0,0,2,100.0,1,33.33,3,60.0,110,0.0,0,0,0,0,0,0,0,0,0,0,0,0,0,4,66.67,6,0,0,0,4,0,2,1,33,0,0,0,0,0,0,0,0,0,,,,0,0,0,0,0,1,0,0,0,0,0,0,0,0.0,0.0,0,0,0,2,2,0,0,0,6,1,1,50.0,0.0,0,0,0,12,8,0,,0,1,,3
1400635,Omar El Saaiy,omar-el-saaiy,6910,Al Ahly FC,6.6,26.4,4,0,0,1,0,,0,23,16,39,58.97,8,15,7,2,1,50.0,2,1,1,0,0,0,0.0,3,0,3,6,42.86,1,33.33,7,41.18,111,0.0,0,0,0,0,0,0,0,0,2,1,0,0,0,3,37.5,2,0,0,3,23,0,8,2,63,3,3,2,0,1,0,0,0,0,,,,0,0,0,0,0,1,1,0,0,0,0,0,1,0.0,0.0,2,2,1,10,2,0,0,0,8,2,2,100.0,0.0,0,0,0,10,30,0,,0,4,,4
1471054,Muhammed Sawaneh,muhammed-sawaneh,373168,ZED FC,6.6,26.4,4,0,0,0,0,,0,41,13,54,75.93,25,16,5,1,1,100.0,1,1,2,0,0,0,0.0,1,0,1,4,50.0,1,50.0,5,50.0,103,0.0,0,0,0,0,0,0,0,0,1,0,0,0,0,3,37.5,0,0,0,1,22,0,7,3,74,2,3,0,0,0,0,0,0,0,,,,0,0,0,0,0,0,0,0,0,0,0,0,1,0.0,0.0,1,1,5,5,1,0,0,0,8,0,1,100.0,0.0,0,0,0,30,29,0,,0,8,,4
873550,Khalil Hagy,khalia-haggagy,241703,Pharco FC,6.6,19.8,3,0,0,0,0,,0,19,5,24,79.17,11,9,4,1,1,100.0,1,1,1,0,0,1,100.0,0,0,0,3,75.0,0,0.0,3,60.0,51,0.0,0,0,0,0,0,0,0,0,0,0,0,0,0,0,0.0,1,0,0,0,7,0,1,1,34,1,1,0,0,0,0,0,0,0,,,,0,0,0,0,0,1,0,0,0,0,0,0,0,0.0,0.0,1,1,1,2,1,0,0,0,1,1,1,100.0,0.0,0,0,0,13,12,0,,0,7,,4
1390169,Tendry Randrianarijaona,tendry-manovo-mataniah,43564,ENPPI,6.6,33.0,5,0,0,0,0,,0,30,19,49,61.22,13,17,8,1,1,33.33,7,2,0,0,0,0,0.0,2,0,1,9,56.25,4,40.0,13,50.0,159,0.0,0,0,0,0,0,0,0,0,0,2,0,0,0,3,37.5,2,0,0,2,34,0,4,3,92,1,1,0,0,2,0,1,0,0,,,,0,0,0,0,0,2,0,0,0,0,0,0,1,0.0,0.0,1,3,3,13,6,0,0,0,8,2,5,71.43,0.0,0,0,0,21,31,0,,0,13,,5
918749,Islam Ateia,islam-ateia,43563,Smouha,6.6,52.8,8,0,1,0,0,,0,81,26,107,75.7,39,42,16,2,1,50.0,6,3,3,0,0,0,0.0,0,0,0,8,50.0,11,55.0,19,52.78,252,0.0,0,0,0,1,0,0,0,0,0,0,0,0,0,3,37.5,8,0,0,1,35,2,4,2,141,1,7,0,0,1,0,0,0,0,,,,0,0,0,0,0,3,1,0,0,0,0,0,2,0.0,0.0,2,2,2,17,9,0,0,0,8,4,3,50.0,0.0,0,0,0,46,63,0,,0,13,,8
1982305,Mohamed Mostafa,mohamed-mostafa,43566,Haras El Hodoud,6.6,125.4,19,0,0,0,0,,0,203,60,263,77.19,75,134,69,7,5,35.71,8,6,0,0,0,6,17.14,3,1,1,20,48.78,7,53.85,27,50.0,781,0.0,0,0,0,0,0,0,0,0,0,3,0,0,0,9,33.33,11,0,0,6,148,0,16,10,440,7,4,0,0,2,2,1,0,0,,,,1,0,0,0,0,12,1,0,0,0,0,0,7,0.0,0.0,7,14,35,27,6,0,0,0,27,13,7,87.5,0.0,0,0,0,91,207,0,,0,39,,19
919049,Rafik Kabou,rafik-kabou,43564,ENPPI,6.6,138.5,21,1,1,1,1,,2,187,63,250,74.8,71,118,56,5,3,20.0,8,3,1,0,0,2,22.22,15,3,8,18,35.29,9,21.95,27,29.35,1208,6.67,0,0,1,0,0,0,1,0,12,3,0,0,1,6,31.58,2,0,0,10,122,2,9,1,373,7,11,0,0,3,4,4,0,0,,,,0,0,0,0,0,13,0,0,0,0,0,0,14,0.0,0.0,5,15,9,65,32,0,0,0,19,13,6,75.0,1208.0,0,0,0,86,173,0,,0,32,,21
1154929,Gaber Kamel,gaber-kamel,241703,Pharco FC,6.6,138.5,21,1,0,0,0,,1,305,137,442,69.0,186,122,48,8,1,11.11,14,8,2,0,0,3,25.0,4,3,1,27,42.19,17,48.57,44,44.44,1227,25.0,0,0,0,0,0,0,1,0,4,0,0,1,0,29,29.9,52,0,0,4,198,1,60,26,690,12,14,0,0,13,0,0,0,0,,,,3,0,0,0,0,16,2,0,0,0,0,0,12,0.0,0.0,8,9,12,55,18,0,0,0,97,18,14,100.0,1227.0,0,0,0,228,226,0,,0,37,,23
1169780,Walid Farag,walid-farag,265830,Modern Sport FC,6.59,92.3,14,1,0,1,0,,1,118,45,163,72.39,56,66,32,3,5,29.41,11,1,1,0,0,4,20.0,9,1,3,30,45.45,5,50.0,35,46.05,609,11.11,0,0,0,0,1,1,0,1,4,5,0,1,0,13,56.52,0,0,0,11,110,2,19,8,289,14,6,0,0,7,1,5,0,0,,,,0,0,0,0,0,5,1,0,0,0,0,0,7,0.0,100.0,3,17,20,41,5,0,0,0,23,6,10,90.91,609.0,0,0,0,65,118,0,,0,21,,14
1048456,Abdelghani Mohamed,abdelghani-mohamed,35187,Al-Ittihad Alexandria,6.59,92.3,14,1,0,0,0,,1,147,33,180,81.67,71,78,36,2,2,25.0,5,5,1,0,1,2,18.18,3,2,0,14,46.67,4,30.77,18,41.86,498,33.33,0,0,0,0,0,0,1,0,2,1,1,0,0,5,41.67,3,0,0,4,67,4,6,5,255,7,6,0,0,1,4,1,0,0,,,,0,0,0,0,0,5,1,0,0,0,0,0,4,0.0,0.0,2,8,11,25,9,0,0,0,12,6,5,100.0,498.0,1,0,0,80,111,0,,0,22,,15
1471551,Samadou Attidjikou,samadou-attidjikou,43560,Al-Masry,6.59,85.7,13,0,0,0,0,,0,285,66,351,81.2,166,121,41,4,1,100.0,16,10,3,0,1,2,66.67,5,0,3,26,48.15,4,40.0,30,46.88,691,0.0,0,0,0,1,0,0,0,0,0,5,0,0,0,19,52.78,21,0,0,7,81,1,26,14,447,9,19,0,0,5,1,2,0,0,,,,0,0,0,0,0,7,3,0,0,0,0,0,9,0.0,0.0,4,1,3,34,6,0,0,0,36,10,11,68.75,0.0,1,0,0,193,161,0,,0,59,,13
1117808,Naser Naser,naser-naser,35187,Al-Ittihad Alexandria,6.59,79.1,12,0,0,0,0,,0,209,49,258,81.01,106,103,43,3,1,25.0,6,3,3,0,0,0,0.0,0,0,0,14,43.75,3,15.0,17,32.69,566,0.0,0,0,0,0,0,0,0,0,0,0,0,0,0,22,62.86,4,0,0,6,69,1,28,18,317,7,8,0,0,2,0,0,0,0,,,,0,0,0,0,0,3,1,0,0,0,0,0,6,0.0,0.0,3,4,3,35,17,0,0,0,35,4,5,83.33,0.0,0,0,0,121,140,0,,0,31,,12
1507923,Ahmed Ali,ahmed-ali,43560,Al-Masry,6.59,72.5,11,0,0,0,0,,0,166,53,219,75.8,43,123,66,3,5,33.33,11,1,1,0,0,0,0.0,8,1,0,21,42.0,1,12.5,22,37.93,442,0.0,0,0,0,0,0,0,0,0,6,2,0,0,0,7,35.0,1,0,0,6,80,1,29,13,292,5,13,0,0,2,0,7,0,0,,,,1,0,0,0,0,5,0,0,0,0,0,0,3,0.0,0.0,3,15,3,36,7,0,0,0,20,5,10,90.91,0.0,0,0,0,57,165,0,,0,26,,11
918524,Mahmoud El Zanfaly,mahmoud-el-zanfaly,43566,Haras El Hodoud,6.59,65.9,10,0,0,0,0,,0,107,142,249,42.97,50,57,25,0,0,0.0,1,0,3,0,0,0,0.0,0,0,0,1,100.0,7,87.5,8,88.89,900,0.0,0,0,0,0,0,0,0,0,0,0,0,0,0,74,35.07,11,0,0,0,145,0,14,4,315,0,0,0,0,0,0,0,0,20,,,,1,2,0,15,5,16,0,4,1,1,9,0,10,0.0,0.0,0,0,0,1,1,0,0,0,211,16,1,100.0,0.0,0,0,0,74,175,0,,82,98,,10
873558,Ahmed Mostafa,ahmed-mostafa,265830,Modern Sport FC,6.59,46.1,7,0,0,0,0,,0,93,23,116,80.17,41,53,25,3,0,0.0,0,0,2,0,0,1,8.33,5,1,3,3,23.08,6,40.0,9,32.14,314,0.0,0,0,0,0,0,0,0,0,3,2,0,0,0,8,57.14,3,0,0,0,51,0,6,2,173,3,9,0,0,1,0,1,0,0,,,,1,0,0,0,0,3,2,0,0,0,0,0,4,0.0,0.0,3,2,12,19,9,0,0,0,14,5,0,0.0,0.0,0,0,0,45,83,0,,1,8,,7
1913402,Ali Ehab,ali-ehab,43564,ENPPI,6.58,32.9,5,0,0,0,0,,0,40,8,48,83.33,19,22,8,1,1,20.0,5,2,0,0,0,1,11.11,1,0,1,11,57.89,3,37.5,14,51.85,184,0.0,0,0,0,0,0,0,0,0,0,1,0,0,0,2,100.0,0,0,0,1,25,0,2,2,82,5,4,0,0,0,1,0,0,0,,,,0,0,0,0,0,2,0,0,0,0,0,0,2,0.0,0.0,1,5,9,13,5,0,0,0,2,2,3,60.0,0.0,0,0,0,22,35,0,,0,4,,5
1050783,Momen Awad,momen-awad,43566,Haras El Hodoud,6.58,59.2,9,0,0,0,0,,0,115,47,162,70.99,74,41,16,0,2,100.0,7,2,0,0,0,0,0.0,0,0,0,9,64.29,8,57.14,17,60.71,497,0.0,0,0,0,0,0,0,0,0,0,0,0,0,0,22,40.74,24,0,0,0,59,0,16,7,231,0,3,0,0,2,0,0,0,0,,,,0,0,0,0,0,10,0,0,0,0,0,0,6,0.0,0.0,0,2,2,11,6,0,0,0,54,10,7,100.0,0.0,0,0,0,87,77,0,,0,8,,10
841934,Ahmed Tawfik,ahmed-tawfik,175002,Pyramids FC,6.58,85.5,13,0,0,0,0,,0,204,36,240,85.0,123,81,33,0,1,33.33,14,4,1,1,1,0,0.0,6,1,2,15,42.86,6,66.67,21,47.73,486,0.0,0,0,0,0,0,0,0,0,0,6,0,0,0,23,58.97,8,0,0,2,47,0,27,15,309,0,12,0,0,5,0,3,0,0,,,,2,0,0,0,0,2,1,0,0,0,0,0,5,0.0,0.0,0,3,0,23,3,0,0,0,39,3,13,92.86,0.0,0,0,0,132,108,0,,0,27,,13
1476367,Trésor Mofossé,tresor-mofosse,43566,Haras El Hodoud,6.57,98.6,15,1,0,0,1,,2,172,39,211,81.52,75,97,48,4,3,15.79,12,11,0,0,0,0,0.0,3,3,0,27,35.06,11,36.67,38,35.51,943,33.33,0,0,0,0,0,0,1,0,2,1,0,0,1,10,66.67,7,0,0,16,120,5,4,2,359,12,15,0,0,4,3,0,0,0,,,,0,0,0,0,0,13,0,0,0,0,0,0,15,0.0,0.0,4,19,15,69,19,0,0,0,15,13,6,50.0,943.0,0,0,0,83,143,0,,0,31,,15
331493,Emeka Eze,emeka-eze,43566,Haras El Hodoud,6.57,138.0,21,0,0,0,1,,1,400,132,532,75.19,194,207,76,6,4,30.77,27,13,6,0,0,1,25.0,5,0,2,43,43.43,26,53.06,69,46.62,1283,0.0,0,0,0,0,0,0,0,0,0,5,0,0,0,40,48.19,22,0,0,6,168,0,51,26,687,12,36,0,0,8,0,3,0,0,,,,1,0,0,0,0,27,1,0,0,0,0,0,15,0.0,0.0,6,13,4,79,23,0,0,0,83,28,22,81.48,0.0,0,0,0,223,313,0,,0,90,,21
2154578,Hamed Abdallah,hamed-abdallah,43564,ENPPI,6.57,19.7,3,0,0,0,0,,0,19,5,24,79.17,9,11,6,1,1,25.0,1,1,0,0,0,1,50.0,1,0,1,4,40.0,1,25.0,5,35.71,166,0.0,0,0,1,0,0,0,0,0,1,0,0,0,0,2,66.67,0,0,0,3,20,0,2,0,47,2,0,0,0,0,0,0,0,0,,,,0,0,0,0,0,2,0,0,0,0,0,0,2,0.0,0.0,1,4,2,9,3,0,0,0,3,2,1,100.0,0.0,0,0,0,9,17,0,,0,2,,3
1400636,Hassan Saber,hassan-saber,42366,Ismaily,6.57,19.7,3,0,0,0,0,,0,4,2,6,66.67,0,4,1,0,0,0.0,0,0,0,0,0,0,0.0,1,1,0,0,0.0,0,0.0,0,0.0,40,0.0,0,0,0,0,0,0,0,0,1,0,0,0,0,0,0.0,1,0,0,0,4,0,0,0,11,0,0,0,0,0,0,0,0,0,,,,0,0,0,0,0,0,1,0,0,0,0,0,0,0.0,0.0,0,0,0,1,1,0,0,0,0,1,0,0.0,0.0,0,0,0,0,6,0,,0,0,,3
1982520,Khaled Shefo,khaled-shefo,266626,National Bank of Egypt,6.57,19.7,3,0,0,0,0,,0,35,14,49,71.43,19,16,10,0,0,0.0,4,3,0,0,0,0,0.0,1,0,1,8,57.14,0,0.0,8,57.14,137,0.0,0,0,0,0,0,0,0,0,0,1,0,0,0,6,54.55,0,0,0,1,24,0,3,2,94,4,2,0,0,1,0,0,0,0,,,,0,0,0,0,0,2,0,0,0,0,0,0,2,0.0,0.0,0,2,5,6,0,0,0,0,11,2,2,50.0,0.0,0,0,0,23,31,0,,0,3,,3
1585511,Mohamed Hany,mohamed-hany,43561,Tala'ea El-Gaish,6.56,52.5,8,0,0,0,0,,0,32,8,40,80.0,10,23,15,1,1,20.0,2,2,0,0,0,1,12.5,2,0,1,6,31.58,0,0.0,6,27.27,146,0.0,0,0,1,0,0,0,0,0,0,2,0,0,0,2,66.67,1,0,0,2,32,1,2,0,80,3,6,0,0,1,1,1,0,0,,,,0,0,0,0,0,4,0,0,0,0,0,0,0,0.0,0.0,1,5,8,16,3,0,0,0,3,4,2,100.0,0.0,0,0,0,10,38,0,,0,8,,8
1393732,Rafaat Khalil,rafaat-khalil,43566,Haras El Hodoud,6.56,65.6,10,0,0,1,0,,0,50,22,72,69.44,13,37,17,1,6,54.55,7,1,1,0,0,0,0.0,8,4,3,14,42.42,8,33.33,22,38.6,304,0.0,0,0,0,0,0,0,0,0,7,1,0,0,0,0,0.0,3,0,0,8,52,3,0,0,134,1,3,0,0,3,1,1,0,0,,,,0,0,0,0,0,11,1,0,0,0,0,0,2,0.0,0.0,1,11,1,35,16,0,0,0,3,12,5,71.43,0.0,0,0,0,17,56,0,,0,18,,11
891698,Islam Mohareb,islam-mohareb,43561,Tala'ea El-Gaish,6.56,124.6,19,0,0,0,0,,0,325,114,439,74.03,117,213,98,10,5,41.67,19,7,3,1,1,5,27.78,18,2,13,31,40.79,15,44.12,46,41.82,1120,0.0,0,0,0,0,0,0,0,0,11,7,0,0,0,19,50.0,9,0,0,8,170,2,37,19,587,7,13,1,0,18,3,3,0,0,,,,1,0,0,0,0,4,3,0,0,0,0,0,14,0.0,0.0,10,12,18,64,19,0,0,0,38,7,13,68.42,0.0,0,0,0,138,319,0,,0,45,,19
1216855,Youssef Labib,youssef-labib,43564,ENPPI,6.56,45.9,7,0,0,0,0,,0,19,20,39,48.72,7,12,4,0,1,25.0,2,0,1,0,0,0,0.0,5,1,3,6,33.33,12,33.33,18,33.33,267,0.0,0,0,0,0,0,0,0,0,5,0,0,0,0,0,0.0,0,0,0,3,32,0,1,0,64,3,5,1,0,1,5,1,0,0,,,,0,0,0,0,0,3,0,0,0,0,0,0,3,0.0,0.0,0,4,1,36,24,0,0,0,2,3,2,100.0,0.0,0,0,0,8,32,0,,0,0,,8
918499,Ahmed Gamal,ahmed-gamal,241703,Pharco FC,6.56,91.8,14,0,0,0,0,,0,366,136,502,72.91,243,123,53,1,4,66.67,10,4,3,0,0,0,0.0,4,1,2,25,65.79,13,48.15,38,58.46,1133,0.0,0,0,0,2,0,0,0,0,4,0,0,0,0,58,41.13,40,0,0,0,152,0,99,43,623,11,10,0,1,2,0,1,0,0,,,,2,0,0,0,0,17,1,0,0,0,0,0,12,0.0,0.0,1,6,5,27,14,0,0,0,141,18,9,90.0,0.0,0,0,0,288,219,0,,1,44,,14
1508227,Mahmoud Ouka,mahmoud-ooka,43566,Haras El Hodoud,6.56,104.9,16,0,0,0,0,,0,208,66,274,75.91,94,116,54,3,7,36.84,16,8,3,0,0,2,28.57,8,0,6,31,39.74,10,34.48,41,38.32,837,0.0,0,0,0,0,0,0,0,0,3,5,0,0,0,12,46.15,7,0,0,12,121,3,19,10,415,8,14,0,0,9,0,2,0,0,,,,0,0,0,0,0,12,0,0,0,0,0,0,7,0.0,0.0,3,19,7,66,19,0,0,0,26,12,15,93.75,0.0,0,0,0,109,172,0,,0,49,,16
1540062,Bekale Aubame,bekale-aubame,35187,Al-Ittihad Alexandria,6.55,85.2,13,2,0,1,0,,2,143,53,196,72.96,67,79,30,3,6,27.27,16,3,2,0,0,3,33.33,10,4,2,34,38.64,5,62.5,39,40.63,709,20.0,0,0,0,0,0,0,2,0,6,4,0,1,1,6,30.0,1,0,0,17,119,5,6,4,328,12,23,0,0,2,2,4,0,0,,,,0,0,0,0,0,5,1,0,0,0,0,0,9,0.0,0.0,3,22,9,57,3,0,0,0,20,6,9,56.25,354.5,0,0,0,80,125,0,,0,35,,13
1913408,Mohamed Emad,mohamed-emad,43564,ENPPI,6.55,13.1,2,0,0,0,0,,0,30,8,38,78.95,16,16,6,0,2,66.67,1,1,1,0,0,2,100.0,0,0,0,5,45.45,1,100.0,6,50.0,151,0.0,0,0,0,0,0,0,0,0,0,0,0,0,0,2,50.0,0,0,0,1,10,0,1,1,51,2,4,0,0,0,0,0,0,0,,,,0,0,0,0,0,2,0,0,0,0,0,0,2,0.0,0.0,0,3,2,6,0,0,0,0,4,2,1,100.0,0.0,0,0,0,19,21,0,,0,6,,2
1004433,Reda Slim,slim-reda,6910,Al Ahly FC,6.55,13.1,2,0,0,0,0,,0,15,7,22,68.18,1,14,10,0,0,0.0,0,0,0,0,0,0,0.0,0,0,0,1,33.33,0,0.0,1,25.0,29,0.0,0,0,0,0,0,0,0,0,0,0,0,0,0,1,50.0,0,0,0,0,14,0,3,0,32,1,1,0,0,0,0,0,0,0,,,,0,0,0,0,0,0,0,0,0,0,0,0,0,0.0,0.0,0,1,4,3,1,0,0,0,2,0,0,0.0,0.0,0,0,0,1,25,0,,0,1,,3
918681,Moussa Diawara,moussa-diawara,43561,Tala'ea El-Gaish,6.55,13.1,2,0,0,0,0,,0,9,5,14,64.29,4,5,2,0,1,50.0,1,0,0,0,0,0,0.0,1,0,1,4,57.14,0,0.0,4,57.14,47,0.0,0,0,0,0,0,0,0,0,1,0,0,0,0,1,33.33,0,0,0,0,6,0,2,0,21,2,2,1,0,0,0,0,0,0,,,,0,0,0,0,0,1,1,0,0,0,0,0,0,0.0,0.0,0,2,0,3,0,0,0,0,3,2,1,100.0,0.0,0,0,0,4,10,0,,0,0,,3
1980359,Mohamed Juhayna,mohamed-juhayna,43563,Smouha,6.55,39.3,6,0,0,0,0,,0,40,16,56,71.43,9,34,20,4,0,0.0,3,0,1,0,0,3,50.0,4,0,2,6,40.0,1,50.0,7,41.18,124,0.0,0,0,0,1,0,0,0,0,1,3,0,0,0,2,33.33,0,0,0,1,31,0,6,1,85,3,3,0,0,2,0,2,0,0,,,,0,0,0,0,0,2,1,0,0,0,0,0,0,0.0,0.0,4,4,6,10,1,0,0,0,6,3,3,100.0,0.0,0,0,0,11,51,0,,0,2,,6
1879257,Mohamed Ezz,mohamed-ezz,241703,Pharco FC,6.54,117.8,18,0,0,0,0,,0,165,43,208,79.33,70,97,43,5,5,38.46,8,8,0,0,0,2,66.67,1,0,0,19,41.3,1,20.0,20,39.22,593,0.0,0,0,0,0,0,0,0,0,0,1,0,0,0,12,63.16,4,0,0,6,73,0,10,7,284,6,5,0,0,8,0,1,0,0,,,,0,0,0,0,0,8,1,0,0,0,0,0,7,0.0,0.0,5,13,3,31,4,0,0,0,19,9,5,62.5,0.0,0,0,0,83,128,0,,0,30,,18
918461,Ammar Hamdy,ammar-hamdy,373168,ZED FC,6.54,45.8,7,0,0,0,0,,0,36,12,48,75.0,19,17,10,0,0,0.0,4,2,1,0,0,0,0.0,1,1,0,8,38.1,0,0.0,8,36.36,181,0.0,0,0,0,1,0,0,0,0,1,0,0,0,0,2,66.67,3,0,0,2,20,1,1,1,78,4,9,0,0,1,0,0,0,0,,,,0,0,0,0,0,0,0,0,0,0,0,0,2,0.0,0.0,0,2,1,14,1,0,0,0,3,0,3,75.0,0.0,0,0,0,24,25,0,,0,8,,7
1172378,Benjamin Bernard Boateng,benjamin-bernard-boateng,35187,Al-Ittihad Alexandria,6.54,45.8,7,0,0,1,0,,0,82,23,105,78.1,38,45,25,4,5,45.45,3,3,2,1,1,1,25.0,7,2,4,15,41.67,8,66.67,23,47.92,436,0.0,0,0,0,0,0,0,0,0,5,2,0,0,0,6,66.67,6,0,0,6,57,2,8,4,183,7,5,0,0,4,2,1,0,0,,,,0,0,0,0,0,3,1,0,0,0,0,0,5,0.0,0.0,4,11,4,25,4,0,0,0,9,4,3,100.0,0.0,0,0,0,40,69,0,,0,19,,7
918730,Farid Shawky,farid-shawky,43561,Tala'ea El-Gaish,6.54,65.4,10,0,0,0,0,,0,211,64,275,76.73,127,84,26,2,2,50.0,6,7,1,0,0,0,0.0,1,1,0,10,38.46,6,37.5,16,38.1,621,0.0,0,0,0,0,0,0,0,0,0,1,0,0,0,24,43.64,7,0,0,3,80,0,31,18,327,2,11,0,0,3,0,0,0,0,,,,1,0,0,0,0,4,4,0,0,0,0,0,7,0.0,0.0,2,4,6,26,10,0,0,0,55,8,6,100.0,0.0,0,0,0,148,133,0,,0,38,,11
1510873,Enoque Tula,enoque-tula,241703,Pharco FC,6.54,65.4,10,0,0,0,0,,0,154,37,191,80.63,77,78,33,2,1,50.0,2,3,2,0,0,1,50.0,3,0,2,7,33.33,6,33.33,13,33.33,566,0.0,0,0,0,0,0,0,0,0,2,1,0,0,0,4,26.67,7,0,0,8,55,1,7,5,241,4,5,0,0,1,0,1,0,0,,,,0,0,0,0,0,6,0,0,0,0,0,0,7,0.0,0.0,2,2,2,26,12,0,0,0,15,6,2,100.0,0.0,0,0,0,87,106,0,,0,27,,12
1064105,Arnaud Randrianantenaina,arnaud-randrianantenaina,43565,El Gouna FC,6.54,52.3,8,0,0,0,0,,0,65,37,102,63.73,25,40,17,4,1,12.5,3,2,0,0,0,0,0.0,8,0,5,9,27.27,20,48.78,29,39.19,496,0.0,0,0,0,0,0,0,0,0,5,3,0,0,0,3,60.0,6,0,0,3,70,0,3,2,174,5,14,0,0,2,4,3,0,0,,,,1,0,0,0,0,4,1,0,0,0,0,0,6,0.0,0.0,4,8,2,45,21,0,0,0,5,5,2,66.67,0.0,0,0,0,30,74,0,,0,12,,9
1201543,Sayed Abdallah,sayed-abdallah,266626,National Bank of Egypt,6.53,58.8,9,0,0,0,2,,2,64,20,84,76.19,25,39,23,3,6,85.71,2,0,1,0,0,0,0.0,3,1,1,9,42.86,0,0.0,9,39.13,270,0.0,0,0,0,1,0,0,0,0,1,2,0,0,0,1,20.0,2,0,0,5,42,1,2,1,135,1,6,0,0,1,0,1,0,0,,,,0,0,0,0,0,3,1,0,0,0,0,0,3,0.0,0.0,3,7,5,14,2,0,0,0,5,4,2,100.0,0.0,0,0,0,28,61,0,,0,10,,10
1656749,Mohamed Atef,mohamed-atef,42368,Zamalek SC,6.53,19.6,3,0,0,0,0,,0,32,11,43,74.42,13,19,5,0,0,0.0,0,1,0,0,0,0,0.0,2,0,1,1,33.33,2,40.0,3,37.5,133,0.0,0,0,0,0,0,0,0,0,2,0,0,0,0,0,0.0,0,0,0,1,16,0,2,0,56,1,0,0,0,0,1,1,0,0,,,,0,0,0,0,0,0,0,0,0,0,0,0,2,0.0,0.0,0,1,0,5,3,0,0,0,3,0,0,0.0,0.0,0,0,0,15,28,0,,0,3,,3
1083720,Ossama Fathy,ossama-fathy,58319,Ghazl El Mahalla FC,6.53,39.2,6,0,0,0,0,,0,63,19,82,76.83,24,41,20,2,1,50.0,2,3,0,0,0,2,33.33,1,0,1,6,50.0,1,16.67,7,38.89,297,0.0,0,0,0,0,0,0,0,0,1,0,0,0,0,6,46.15,3,0,0,1,34,0,6,4,134,3,2,0,0,2,0,0,0,0,,,,0,0,0,0,0,5,0,0,0,0,0,0,4,0.0,0.0,2,2,6,11,5,0,0,0,13,5,2,100.0,0.0,0,0,0,30,58,0,,0,7,,6
936351,Karim Yehia,karim-yehia,43566,Haras El Hodoud,6.53,65.3,10,0,0,0,0,,0,81,36,117,69.23,34,53,22,2,1,33.33,6,2,1,0,0,6,27.27,2,0,1,13,61.9,2,33.33,15,55.56,460,0.0,0,0,0,0,0,0,0,0,2,0,0,0,0,8,38.1,14,0,0,1,71,0,16,7,238,6,4,0,0,1,2,1,0,0,,,,0,0,0,0,0,9,0,0,0,0,0,0,4,0.0,0.0,2,3,22,12,4,0,0,0,21,9,4,66.67,0.0,0,0,0,45,94,0,,0,12,,11
1425276,Arthur Justice,arthur-justice,371622,Cleopatra FC,6.53,45.7,7,0,0,0,0,,0,166,24,190,87.37,130,36,9,0,1,100.0,4,3,3,0,0,0,0.0,1,0,1,7,50.0,5,55.56,12,52.17,443,0.0,0,0,0,0,0,0,0,0,1,0,0,0,0,9,40.91,21,0,0,1,26,0,7,4,228,2,5,1,0,1,0,0,0,0,,,,1,0,0,0,0,6,2,0,0,0,0,0,4,0.0,0.0,0,1,0,11,4,0,0,0,22,8,3,75.0,0.0,0,0,0,136,54,0,,5,17,,7
1096558,Zeyad Tarek,zeyad-tarek,43566,Haras El Hodoud,6.52,32.6,5,0,0,0,0,,0,23,7,30,76.67,7,16,11,1,1,33.33,0,0,0,0,0,0,0.0,3,0,1,1,33.33,0,0.0,1,20.0,64,0.0,0,0,0,0,0,0,0,0,1,2,0,0,0,4,66.67,0,0,0,0,12,0,7,3,39,0,1,0,0,0,0,2,0,0,,,,0,0,0,0,0,2,0,0,0,0,0,0,0,0.0,0.0,1,3,1,4,2,0,0,0,6,2,0,0.0,0.0,0,0,0,8,23,0,,0,4,,5
804429,Mohamed Farouk,mohamed-farouk,43566,Haras El Hodoud,6.51,58.6,9,0,0,0,2,,2,102,39,141,72.34,39,65,37,5,0,0.0,4,2,2,0,0,2,40.0,2,0,2,10,30.3,7,38.89,17,33.33,289,0.0,0,0,0,1,0,0,0,0,2,0,0,0,0,4,33.33,5,0,0,7,70,2,9,2,206,6,7,0,0,0,0,0,0,0,,,,0,0,0,0,0,8,0,0,0,0,0,0,2,0.0,0.0,5,10,5,34,11,0,0,0,12,8,3,75.0,0.0,0,0,0,52,94,0,,0,18,,9
1135886,Fares Hatem,fares-hatem,43561,Tala'ea El-Gaish,6.5,6.5,1,0,0,0,0,,0,3,1,4,75.0,1,2,0,0,0,0.0,0,0,0,0,0,0,0.0,1,0,0,0,0.0,0,0.0,0,0.0,13,0.0,0,0,0,0,0,0,0,0,1,0,0,0,0,0,0.0,0,0,0,0,2,0,0,0,6,0,0,0,0,0,0,1,0,0,,,,0,0,0,0,0,0,0,0,0,0,0,0,0,0.0,0.0,0,0,0,1,1,0,0,0,0,0,0,0.0,0.0,0,0,0,1,3,0,,0,1,,1
1471956,Ahmed Emad,ahmed-emad,43566,Haras El Hodoud,6.5,6.5,1,0,0,0,0,,0,11,11,22,50.0,9,2,0,0,0,0.0,1,2,1,0,0,0,0.0,0,0,0,1,50.0,2,100.0,3,75.0,90,0.0,0,0,0,0,0,0,0,0,0,0,0,0,0,1,12.5,7,0,0,0,13,0,1,1,38,0,1,0,0,0,0,0,0,0,,,,0,0,0,0,0,3,0,0,0,0,0,0,1,0.0,0.0,0,0,0,1,0,0,0,0,8,3,1,100.0,0.0,0,0,0,12,10,0,,0,3,,1
2019776,Damilola Emmanuel,damilola-emmanuel,43566,Haras El Hodoud,6.5,6.5,1,0,0,0,0,,0,2,2,4,50.0,0,2,0,0,0,0.0,0,0,0,0,0,0,0.0,0,0,0,0,0.0,0,0.0,0,0.0,12,0.0,0,0,0,0,0,0,0,0,0,0,0,0,0,0,0.0,0,0,0,0,4,1,0,0,7,0,0,0,0,0,0,0,0,0,,,,0,0,0,0,0,0,0,0,0,0,0,0,0,0.0,0.0,0,0,0,0,0,0,0,0,0,0,0,0.0,0.0,0,0,0,0,4,0,,0,1,,1
1170179,Abdo Semida,abdo-semida,58319,Ghazl El Mahalla FC,6.5,6.5,1,0,0,0,0,,0,5,4,9,55.56,1,4,1,0,0,0.0,0,0,0,0,0,0,0.0,0,0,0,1,50.0,0,0.0,1,50.0,8,0.0,0,0,0,0,0,0,0,0,0,0,0,0,0,1,33.33,0,0,0,0,4,0,0,0,12,1,1,0,0,0,0,0,0,0,,,,0,0,0,0,0,0,0,0,0,0,0,0,0,0.0,0.0,0,0,0,1,0,0,0,0,3,0,0,0.0,0.0,0,0,0,1,8,0,,0,2,,1
1048457,Youssef Hassan,youssef-hassan,58319,Ghazl El Mahalla FC,6.5,13.0,2,0,0,0,0,,0,6,2,8,75.0,6,0,0,0,0,0.0,0,0,0,0,0,0,0.0,0,0,0,1,100.0,0,0.0,1,100.0,20,0.0,0,0,0,0,0,0,0,0,0,0,0,0,0,0,0.0,0,0,0,0,2,0,1,0,9,1,0,0,0,0,0,0,0,0,,,,0,0,0,0,0,0,0,0,0,0,0,0,0,0.0,0.0,0,0,0,0,0,0,0,0,1,0,0,0.0,0.0,0,0,0,7,1,0,,0,0,,2
1531077,Mohamed Mazzika,mohamed-mazzika,373168,ZED FC,6.5,13.0,2,0,0,0,0,,0,28,11,39,71.79,25,3,2,0,0,0.0,0,0,0,0,0,0,0.0,0,0,0,0,0.0,0,0.0,0,0.0,180,0.0,0,0,0,0,0,0,0,0,0,0,0,0,0,10,47.62,3,0,0,0,11,0,5,2,51,0,0,0,0,0,0,0,0,1,,,,0,1,0,0,1,3,0,0,1,1,0,0,2,0.0,0.0,0,0,0,0,0,0,0,0,21,3,0,0.0,0.0,0,0,0,27,12,0,,10,11,,2
1107970,Abdallah Mahmoud Mohamed,abdallah-mahmoud-mohamed,43567,Petrojet,6.5,6.5,1,0,0,0,0,,0,2,0,2,100.0,2,0,0,0,0,0.0,1,0,0,0,0,0,0.0,0,0,0,1,50.0,0,0.0,1,50.0,11,0.0,0,0,0,0,0,0,0,0,0,0,0,0,0,0,0.0,0,0,0,0,1,0,0,0,5,0,0,0,0,0,0,0,0,0,,,,0,0,0,0,0,0,0,0,0,0,0,0,0,0.0,0.0,0,1,0,1,0,0,0,0,0,0,1,100.0,0.0,0,0,0,2,0,0,,0,2,,2
244359,Saad Samir,saad-samir,371622,Cleopatra FC,6.5,19.5,3,0,0,0,0,,0,60,9,69,86.96,46,14,4,0,0,0.0,1,0,1,0,0,0,0.0,0,0,0,1,100.0,1,50.0,2,66.67,103,0.0,0,0,0,0,0,0,0,0,0,0,0,0,0,4,44.44,5,0,0,0,9,0,2,2,77,0,0,0,0,0,0,0,0,0,,,,0,0,0,0,0,2,0,0,0,0,0,0,1,0.0,0.0,0,0,0,1,1,0,0,0,9,2,1,100.0,0.0,0,0,0,51,18,0,,0,1,,3
1387491,Seif El Agouz,seif-el-agouz,241703,Pharco FC,6.5,6.5,1,0,0,0,0,,0,1,1,2,50.0,0,1,0,0,0,0.0,2,0,0,0,0,0,0.0,0,0,0,2,100.0,0,0.0,2,100.0,10,0.0,0,0,0,0,0,0,0,0,0,0,0,0,0,0,0.0,1,0,0,0,1,0,0,0,5,0,0,0,0,0,0,0,0,0,,,,0,0,0,0,0,1,0,0,0,0,0,0,0,0.0,0.0,0,0,0,0,0,0,0,0,0,1,2,100.0,0.0,0,0,0,0,2,0,,0,0,,3
1122587,Salah Basha,salah-basha,241703,Pharco FC,6.5,19.5,3,0,0,0,0,,0,7,4,11,63.64,2,5,4,0,1,100.0,2,0,0,0,0,0,0.0,1,0,0,3,60.0,0,0.0,3,30.0,60,0.0,0,0,0,0,0,0,0,0,0,1,0,0,0,0,0.0,1,0,0,1,7,0,1,0,23,0,1,0,0,0,0,1,0,0,,,,0,0,0,0,0,0,0,0,0,0,0,0,0,0.0,0.0,0,1,0,7,5,0,0,0,1,0,0,0.0,0.0,0,0,0,4,7,0,,0,2,,4
2040417,Hassan Ahmed,hassan-ahmed,266626,National Bank of Egypt,6.5,19.5,3,0,0,0,0,,0,2,3,5,40.0,1,1,1,0,0,0.0,0,0,0,0,0,0,0.0,0,0,0,1,100.0,0,0.0,1,50.0,32,0.0,0,0,0,0,0,0,0,0,0,0,0,0,0,1,50.0,1,0,0,0,6,0,0,0,11,1,0,0,0,0,0,0,0,0,,,,0,0,0,0,0,0,1,0,0,0,0,0,0,0.0,0.0,0,0,2,1,1,0,0,0,2,1,0,0.0,0.0,0,0,0,1,6,0,,0,0,,4
1885441,Omar El Kot,omar-el-kot,42366,Ismaily,6.5,32.5,5,0,0,0,0,,0,12,6,18,66.67,4,8,2,0,2,50.0,3,0,0,0,0,0,0.0,2,0,1,5,33.33,1,100.0,6,37.5,92,0.0,0,0,0,0,0,0,0,0,2,0,0,0,0,0,0.0,0,0,0,4,15,0,0,0,38,0,5,0,0,0,0,1,0,0,,,,0,0,0,0,0,2,1,0,0,0,0,0,0,0.0,0.0,0,4,0,10,0,0,0,0,1,3,2,66.67,0.0,0,0,0,4,14,0,,0,4,,5
935701,Hussein Faisal,hussein-faisal,43560,Al-Masry,6.5,45.5,7,0,0,0,0,,0,65,12,77,84.42,21,47,24,4,2,22.22,3,2,2,0,0,3,60.0,5,0,3,10,38.46,1,14.29,11,33.33,233,0.0,0,0,0,0,0,0,0,0,3,2,0,0,0,2,40.0,1,0,0,2,32,1,5,2,129,5,9,0,0,0,0,2,0,0,,,,0,0,0,0,0,5,1,0,0,0,0,0,2,0.0,0.0,4,9,5,22,6,0,0,0,5,6,3,100.0,0.0,0,0,0,23,59,0,,0,3,,7
1499388,Ahmed Gamal,ahmed-gamal,43564,ENPPI,6.48,38.9,6,0,0,0,0,,0,26,11,37,70.27,14,14,9,0,1,20.0,2,1,1,0,0,2,33.33,2,1,0,4,26.67,6,75.0,10,43.48,124,0.0,0,0,0,0,0,0,0,0,1,1,0,0,0,0,0.0,4,0,0,1,28,1,3,2,74,1,4,0,0,3,0,1,0,0,,,,0,0,0,0,0,3,0,0,0,0,0,0,0,0.0,0.0,0,5,6,13,2,0,0,0,2,3,0,0.0,0.0,0,0,0,16,27,0,,0,8,,6
1154981,Ahmed El Bahrawy,ahmed-el-bahrawy,241703,Pharco FC,6.48,32.4,5,0,0,0,0,,0,77,29,106,72.64,50,28,7,3,1,25.0,5,2,1,0,0,1,20.0,1,0,1,8,38.1,7,58.33,15,45.45,330,0.0,0,0,0,0,0,0,0,0,0,1,0,0,0,8,57.14,10,0,0,0,40,0,9,3,148,2,5,0,0,5,0,0,0,0,,,,1,0,0,0,0,7,0,0,0,0,0,0,4,0.0,0.0,3,4,5,18,5,0,0,0,14,7,4,80.0,0.0,0,0,0,63,48,0,,0,14,,5
1512417,Mohamed Wagdi,mohamed-wagdi,42366,Ismaily,6.47,19.4,3,0,0,0,0,,0,9,10,19,47.37,2,8,4,0,2,40.0,3,0,1,0,0,1,16.67,2,0,1,7,36.84,1,100.0,8,40.0,101,0.0,0,0,0,0,0,0,0,0,0,2,0,0,0,0,0.0,0,0,0,4,26,0,1,0,48,2,4,0,0,2,1,1,0,0,,,,0,0,0,0,0,0,0,0,0,0,0,0,1,0.0,0.0,0,5,6,12,0,0,0,0,4,0,3,100.0,0.0,0,0,0,6,19,0,,0,1,,3
1655258,Mahmoud Dunga,mahmoud-dunga,175002,Pyramids FC,6.47,19.4,3,0,0,0,0,,0,17,2,19,89.47,2,15,5,0,0,0.0,0,1,1,0,0,0,0.0,1,0,1,1,20.0,0,0.0,1,14.29,48,0.0,0,0,0,0,0,0,0,0,0,1,0,0,0,1,100.0,0,0,0,0,4,0,0,0,25,1,3,0,0,1,0,0,0,0,,,,0,0,0,0,0,1,0,0,0,0,0,0,0,0.0,0.0,0,0,1,6,2,0,0,0,1,1,0,0.0,0.0,0,0,0,2,18,0,,0,0,,6
1400626,Ali Amr,ali-amr,43563,Smouha,6.46,32.3,5,0,0,0,0,,0,15,9,24,62.5,2,13,5,0,0,0.0,1,0,1,0,0,0,0.0,2,1,1,1,11.11,2,15.38,3,13.64,132,0.0,0,0,0,0,0,0,0,0,1,1,0,0,0,0,0.0,3,0,0,2,17,0,0,0,40,0,3,0,0,2,0,0,0,0,,,,0,0,0,0,0,1,0,0,0,0,0,0,0,0.0,0.0,0,1,0,19,11,0,0,0,2,1,1,100.0,0.0,0,0,0,3,21,0,,0,4,,6
1001811,Zyad Farag,zyad-farag,43567,Petrojet,6.46,45.2,7,0,1,0,0,,0,25,34,59,42.37,5,22,9,1,2,33.33,3,4,0,0,0,2,25.0,2,0,1,6,31.58,3,33.33,9,32.14,231,0.0,0,0,0,0,0,0,0,0,0,2,0,0,0,1,7.69,3,0,0,2,54,2,9,2,103,1,4,0,0,3,0,1,0,0,,,,0,0,0,0,0,4,1,0,0,0,0,0,3,0.0,0.0,1,6,8,19,6,0,0,0,13,5,2,66.67,0.0,0,0,0,11,56,0,,0,6,,8
1901144,Ahnmed Ehab,ahnmed-ehab,43563,Smouha,6.45,12.9,2,0,0,0,0,,0,1,0,1,100.0,0,1,0,0,0,0.0,0,0,0,0,0,0,0.0,0,0,0,0,0.0,0,0.0,0,0.0,17,0.0,0,0,0,0,0,0,0,0,0,0,0,0,0,0,0.0,0,0,0,0,2,0,0,0,3,0,0,0,0,0,0,0,0,0,,,,0,0,0,0,0,0,0,0,0,0,0,0,0,0.0,0.0,0,0,0,0,0,0,0,0,0,0,0,0.0,0.0,0,0,0,0,1,0,,0,0,,2
1983088,Abdoul Coulibaly,abdoul-coulibaly,58319,Ghazl El Mahalla FC,6.45,12.9,2,0,0,0,0,,0,7,1,8,87.5,3,4,3,0,0,0.0,0,1,0,0,0,0,0.0,0,0,0,0,0.0,0,0.0,0,0.0,32,0.0,0,0,0,0,0,0,0,0,0,0,0,0,0,1,100.0,0,0,0,1,5,0,0,0,16,0,0,0,0,0,0,0,0,0,,,,0,0,0,0,0,1,0,0,0,0,0,0,0,0.0,0.0,0,0,2,2,1,0,0,0,1,1,0,0.0,0.0,0,0,0,3,7,0,,0,1,,2
1470550,Mohamed Fares,mohamed-fares,35187,Al-Ittihad Alexandria,6.45,25.8,4,0,0,0,0,,0,20,6,26,76.92,10,10,4,0,0,0.0,1,0,1,0,0,0,0.0,3,1,1,3,50.0,2,50.0,5,50.0,62,0.0,0,0,0,1,0,0,0,0,0,3,0,0,0,0,0.0,0,0,0,0,9,0,4,3,36,2,2,0,0,0,0,1,0,0,,,,0,0,0,0,0,1,0,0,0,0,0,0,0,0.0,0.0,0,1,0,5,2,0,0,0,2,1,1,100.0,0.0,0,0,0,11,15,0,,0,5,,4
1470479,Hafiz Ibrahim,hafiz-ibrahim,43565,El Gouna FC,6.43,57.9,9,0,0,0,1,,1,157,42,199,78.89,82,78,43,4,1,20.0,12,7,0,1,1,3,60.0,8,1,5,20,55.56,5,25.0,25,44.64,630,0.0,0,0,0,0,0,0,0,0,3,5,0,0,0,14,48.28,7,0,0,6,68,2,20,9,292,7,5,0,0,2,0,2,0,0,,,,1,0,0,0,0,3,1,0,0,0,0,0,9,0.0,0.0,4,5,5,31,15,0,0,0,29,4,7,58.33,0.0,0,0,0,92,112,0,,0,31,,9
1423688,Franck Mbella Etouga,franck-mbella-etouga,43566,Haras El Hodoud,6.43,19.3,3,0,0,0,0,,0,12,2,14,85.71,4,8,4,0,1,33.33,0,0,1,0,0,0,0.0,1,0,0,2,33.33,1,10.0,3,18.75,73,0.0,0,0,0,0,0,0,0,0,0,1,0,0,0,0,0.0,0,0,0,0,6,0,0,0,23,1,4,0,0,0,0,1,0,0,,,,0,0,0,0,0,3,0,0,0,0,0,0,1,0.0,0.0,0,3,0,13,9,0,0,0,0,3,0,0.0,0.0,0,0,0,4,10,0,,0,1,,3
1545283,Mahmoud Hassouna,mahmoud-hassouna,43565,El Gouna FC,6.43,70.7,11,0,0,0,0,,0,123,83,206,59.71,72,51,20,1,2,100.0,17,8,0,1,1,0,0.0,4,0,1,25,62.5,10,62.5,35,62.5,561,0.0,0,0,0,0,0,0,0,0,0,4,0,0,0,9,18.75,6,0,0,2,95,1,20,4,276,6,10,0,0,4,0,3,0,0,,,,2,0,0,0,0,4,0,0,0,0,0,0,8,0.0,0.0,1,2,0,21,6,0,0,0,48,4,11,64.71,0.0,0,0,0,92,114,0,,0,29,,11
1800239,Seif Shika,seif-shika,43565,El Gouna FC,6.43,70.7,11,0,0,0,0,,0,80,25,105,76.19,32,48,23,4,2,16.67,6,2,1,0,0,0,0.0,3,0,2,9,25.0,3,14.29,12,21.05,445,0.0,0,0,0,0,0,0,0,0,1,2,0,0,0,5,50.0,5,0,0,7,56,1,7,5,172,1,7,0,0,3,1,1,0,0,,,,1,0,0,0,0,5,1,0,0,0,0,0,5,0.0,0.0,4,12,3,45,18,0,0,0,10,6,3,50.0,0.0,0,0,0,36,72,0,,0,18,,12
1961596,Hamza Abdelkarim,hamza-abdelkarim,6910,Al Ahly FC,6.4,6.4,1,0,0,0,0,,0,2,0,2,100.0,2,0,0,0,0,0.0,0,0,0,0,0,0,0.0,0,0,0,1,50.0,0,0.0,1,50.0,9,0.0,0,0,0,0,0,0,0,0,0,0,0,0,0,0,0.0,0,0,0,0,2,0,0,0,5,1,1,0,0,0,1,0,0,0,,,,0,0,0,0,0,1,0,0,0,0,0,0,0,0.0,0.0,0,0,0,1,0,0,0,0,0,1,0,0.0,0.0,0,0,0,2,0,0,,0,0,,1
871737,Ahmed Hamdi,ahmed-hamdi,42368,Zamalek SC,6.4,6.4,1,0,0,0,0,,0,4,1,5,80.0,3,1,0,0,0,0.0,0,0,0,0,0,0,0.0,0,0,0,0,0.0,0,0.0,0,0.0,11,0.0,0,0,0,0,0,0,0,0,0,0,0,0,0,0,0.0,0,0,0,1,3,0,0,0,7,0,0,0,0,0,0,0,0,0,,,,0,0,0,0,0,0,0,0,0,0,0,0,0,0.0,0.0,0,0,0,1,0,0,0,0,0,0,0,0.0,0.0,0,0,0,3,2,0,,0,2,,1
1545230,Djeferson Costa,djeferson-costa,42368,Zamalek SC,6.4,6.4,1,0,0,0,0,,0,1,1,2,50.0,1,0,0,0,0,0.0,0,0,0,0,0,0,0.0,0,0,0,0,0.0,0,0.0,0,0.0,9,0.0,0,0,0,0,0,0,0,0,0,0,0,0,0,0,0.0,0,0,0,0,1,0,1,0,2,0,0,0,0,1,0,0,0,0,,,,0,0,0,0,0,0,0,0,0,0,0,0,0,0.0,0.0,0,0,0,1,0,0,0,0,1,0,0,0.0,0.0,0,0,0,1,1,0,,0,1,,1
1135853,Mohamed Ihab,mohamed-ihab,42366,Ismaily,6.4,6.4,1,0,0,0,0,,0,38,9,47,80.85,20,18,7,0,0,0.0,0,1,1,0,0,0,0.0,1,0,0,1,50.0,1,25.0,2,33.33,90,0.0,0,0,0,0,0,0,0,0,0,1,0,0,0,2,22.22,4,0,0,0,11,0,6,2,65,1,1,0,0,0,0,1,0,0,,,,0,0,0,0,0,1,0,0,0,0,0,0,2,0.0,0.0,0,1,0,4,3,0,0,0,9,1,0,0.0,0.0,0,0,0,22,25,0,,0,7,,1
1912640,Hady Amer,hady-amer,43563,Smouha,6.4,6.4,1,0,0,0,0,,0,0,0,0,0.0,0,0,0,0,0,0.0,0,0,0,0,0,0,0.0,0,0,0,0,0.0,0,0.0,0,0.0,8,0.0,0,0,0,0,0,0,0,0,0,0,0,0,0,0,0.0,0,0,0,0,0,0,0,0,0,0,0,0,0,0,0,0,0,0,,,,0,0,0,0,0,0,0,0,0,0,0,0,0,0.0,0.0,0,0,0,0,0,0,0,0,0,0,0,0.0,0.0,0,0,0,0,0,0,,0,0,,1
2038036,Mohamed Basiouny,mohamed-basiouny,43561,Tala'ea El-Gaish,6.4,6.4,1,0,0,0,0,,0,2,0,2,100.0,1,1,0,0,0,0.0,0,0,0,0,0,0,0.0,0,0,0,0,0.0,0,0.0,0,0.0,13,0.0,0,0,0,0,0,0,0,0,0,0,0,0,0,0,0.0,0,0,0,0,1,0,0,0,3,0,1,0,0,0,0,0,0,0,,,,0,0,0,0,0,1,0,0,0,0,0,0,0,0.0,0.0,0,0,0,3,2,0,0,0,0,1,0,0.0,0.0,0,0,0,1,1,0,,0,0,,1
1389741,Mohamed Nadim,mohamed-nadim,241703,Pharco FC,6.4,12.8,2,0,0,0,0,,0,7,7,14,50.0,5,2,0,0,0,0.0,0,0,1,0,0,0,0.0,0,0,0,1,100.0,0,0.0,1,100.0,121,0.0,0,0,0,0,0,0,0,0,0,0,0,0,0,4,40.0,3,0,0,0,8,0,1,0,29,1,0,0,0,0,0,0,0,1,,,,0,0,0,1,0,2,1,0,0,0,0,0,1,0.0,0.0,0,0,0,0,0,0,0,0,10,3,0,0.0,0.0,0,0,0,6,8,0,,7,11,,2
1610737,Taiwo Oripelaye,taiwo-oripelaye,43565,El Gouna FC,6.4,12.8,2,0,0,0,0,,0,10,8,18,55.56,3,7,4,0,0,0.0,1,0,1,0,0,0,0.0,1,1,0,2,22.22,2,28.57,4,25.0,106,0.0,0,0,0,0,0,0,0,0,0,1,0,0,0,0,0.0,0,0,0,2,14,1,0,0,30,1,4,0,0,0,0,0,0,0,,,,0,0,0,0,0,0,1,0,0,0,0,0,1,0.0,0.0,0,1,2,12,5,0,0,0,1,1,1,100.0,0.0,0,0,0,7,13,0,,0,3,,2
244369,Ahmed Magdy,ahmed-magdy,58319,Ghazl El Mahalla FC,6.4,6.4,1,0,0,0,0,,0,13,7,20,65.0,10,4,2,0,0,0.0,1,0,0,0,0,1,33.33,0,0,0,2,100.0,0,0.0,2,100.0,59,0.0,0,0,0,0,0,0,0,0,0,0,0,0,0,2,66.67,0,0,0,0,9,0,1,0,28,1,0,0,0,0,0,0,0,0,,,,0,0,0,0,0,2,0,0,0,0,0,0,1,0.0,0.0,0,0,3,0,0,0,0,0,3,2,1,100.0,0.0,0,0,0,15,8,0,,0,1,,2
1913411,Yassin El Mallah,yassin-el-mallah,241703,Pharco FC,6.39,70.3,11,1,0,1,0,,1,121,51,172,70.35,50,73,34,6,3,30.0,8,4,1,1,1,2,66.67,4,2,1,20,40.82,4,23.53,24,36.36,556,25.0,0,0,0,0,0,0,1,0,3,1,0,0,1,8,36.36,5,0,0,8,87,1,13,7,261,9,7,1,0,7,2,1,0,0,,,,0,0,0,0,0,7,1,0,0,0,0,0,7,0.0,0.0,6,10,3,42,13,0,0,0,22,8,6,75.0,556.0,0,0,0,62,113,0,,0,23,,12
999361,Ahmed Yassin,ahmed-yassin,58319,Ghazl El Mahalla FC,6.39,44.7,7,0,1,0,1,,1,96,37,133,72.18,65,31,6,1,0,0.0,3,2,0,0,0,0,0.0,0,0,0,4,28.57,10,66.67,14,48.28,384,0.0,0,0,0,1,0,0,0,0,0,0,0,0,0,15,41.67,16,0,0,2,43,0,16,8,174,1,8,0,0,1,0,0,0,0,,,,0,0,0,0,0,7,0,0,0,0,0,0,4,0.0,0.0,1,0,1,15,5,0,0,0,36,7,2,66.67,0.0,0,0,0,84,50,0,,0,9,,7
967145,Ehab Samir,ehab-samir,43566,Haras El Hodoud,6.35,12.7,2,0,0,0,0,,0,11,6,17,64.71,7,4,3,0,0,0.0,2,0,1,0,0,0,0.0,0,0,0,4,57.14,0,0.0,4,57.14,56,0.0,0,0,0,0,0,0,0,0,0,0,0,0,0,2,33.33,1,0,0,0,9,0,2,1,29,2,1,0,0,2,0,0,0,0,,,,0,0,0,0,0,2,0,0,0,0,0,0,1,0.0,0.0,0,0,3,3,0,0,0,0,6,2,2,100.0,0.0,0,0,0,9,11,0,,0,1,,2
1497575,Abdelrahman Body,abdelrahman-body,371622,Cleopatra FC,6.32,31.6,5,0,0,0,0,,0,94,29,123,76.42,59,36,18,2,0,0.0,2,1,1,0,0,1,50.0,0,0,0,5,27.78,6,66.67,11,40.74,293,0.0,0,0,0,0,0,0,0,0,0,0,0,0,0,6,42.86,6,0,0,1,49,0,9,2,196,3,2,0,0,7,0,0,0,0,,,,1,0,0,0,0,4,3,0,0,0,0,0,3,0.0,0.0,2,3,2,16,3,0,0,0,14,7,2,100.0,0.0,0,0,0,68,57,0,,0,8,,6
1008139,Aubin Kouamé,aubin-kouame,35187,Al-Ittihad Alexandria,6.3,6.3,1,0,0,0,0,,0,5,4,9,55.56,4,1,0,0,0,0.0,0,0,2,0,0,0,0.0,0,0,0,0,0.0,0,0.0,0,0.0,18,0.0,0,0,0,0,0,0,0,0,0,0,0,0,0,0,0.0,0,0,0,0,6,0,0,0,11,0,1,0,0,0,0,0,0,0,,,,0,0,0,0,0,1,0,0,0,0,0,0,1,0.0,0.0,0,0,0,1,0,0,0,0,1,1,0,0.0,0.0,0,0,0,4,5,0,,0,2,,1
918664,Mohamed Ashraf,mohamed-ashraf,43563,Smouha,6.3,6.3,1,0,0,0,0,,0,15,14,29,51.72,7,8,2,0,0,0.0,0,0,0,0,0,0,0.0,0,0,0,0,0.0,0,0.0,0,0.0,90,0.0,0,0,0,0,0,0,0,0,0,0,0,0,0,11,44.0,0,0,0,0,14,0,1,1,36,0,0,0,0,1,0,0,0,1,,,,0,0,0,0,1,2,0,0,1,1,0,0,1,0.0,0.0,0,0,0,1,0,0,0,0,25,2,0,0.0,0.0,0,0,0,9,20,0,,14,11,,1
1981655,Sheko Mohareb,sheko-mohareb,43564,ENPPI,6.3,6.3,1,0,0,0,0,,0,4,0,4,100.0,3,1,0,0,0,0.0,0,0,0,0,0,0,0.0,0,0,0,0,0.0,0,0.0,0,0.0,9,0.0,0,0,0,0,0,0,0,0,0,0,0,0,0,1,100.0,0,0,0,0,0,0,0,0,4,0,0,0,0,0,0,0,0,0,,,,0,0,0,0,0,1,1,0,0,0,0,0,0,0.0,0.0,0,0,0,0,0,0,0,0,1,2,0,0.0,0.0,0,0,0,3,1,0,,0,0,,1
2162513,Adel Fadaly,adel-fadaly,43564,ENPPI,6.3,6.3,1,0,0,0,0,,0,1,2,3,33.33,1,0,0,0,0,0.0,1,0,0,0,0,0,0.0,0,0,0,1,50.0,0,0.0,1,50.0,45,0.0,0,0,0,0,0,0,0,0,0,0,0,0,0,0,0.0,0,0,0,1,6,0,1,0,13,0,0,0,0,0,0,0,0,0,,,,0,0,0,0,0,1,0,0,0,0,0,0,1,0.0,0.0,0,0,1,1,0,0,0,0,1,1,1,100.0,0.0,0,0,0,3,1,0,,0,0,,1
1970592,Ahmed Ashraf,ahmed-ashraf,43566,Haras El Hodoud,6.3,6.3,1,0,0,0,0,,0,3,1,4,75.0,0,3,0,0,0,0.0,0,0,0,0,0,0,0.0,0,0,0,0,0.0,0,0.0,0,0.0,12,0.0,0,0,0,0,0,0,0,0,0,0,0,0,0,0,0.0,0,0,0,1,3,0,0,0,9,0,0,0,0,0,0,0,0,0,,,,0,0,0,0,0,0,0,0,0,0,0,0,0,0.0,0.0,0,1,0,2,0,0,0,0,0,0,0,0.0,0.0,0,0,0,0,4,0,,0,1,,1
1912634,Abdelrahman Katkot,abdel-katkout,42366,Ismaily,6.3,6.3,1,0,0,0,0,,0,1,1,2,50.0,1,0,0,0,0,0.0,0,0,0,0,0,0,0.0,0,0,0,0,0.0,0,0.0,0,0.0,13,0.0,0,0,0,0,0,0,0,0,0,0,0,0,0,0,0.0,0,0,0,0,1,0,1,0,2,0,0,0,0,0,0,0,0,0,,,,0,0,0,0,0,0,1,0,0,0,0,0,0,0.0,0.0,0,0,0,0,0,0,0,0,1,1,0,0.0,0.0,0,0,0,1,1,0,,0,0,,2
918711,Essam Sobhy,essam-sobhy,43565,El Gouna FC,6.3,6.3,1,0,0,0,0,,0,11,4,15,73.33,6,5,0,0,0,0.0,1,0,1,0,0,0,0.0,0,0,0,1,16.67,0,0.0,1,16.67,33,0.0,0,0,0,0,0,0,0,0,0,0,0,0,0,2,40.0,1,0,0,0,10,0,2,1,27,0,4,0,0,0,0,0,0,0,,,,0,0,0,0,0,1,0,0,0,0,0,0,1,0.0,0.0,0,1,0,5,0,0,0,0,5,1,1,100.0,0.0,0,0,0,7,8,0,,0,2,,2
1400633,Abdallah El Saeed,abdallah-el-saeed,42366,Ismaily,6.3,18.9,3,0,0,0,0,,0,32,17,49,65.31,19,13,6,1,0,0.0,2,2,0,0,0,0,0.0,0,0,0,2,66.67,1,25.0,3,42.86,211,0.0,0,0,0,1,0,0,0,0,0,0,0,0,0,1,16.67,4,0,0,0,22,0,5,1,71,0,2,0,0,0,0,0,0,0,,,,1,0,0,0,0,4,1,0,0,0,0,0,4,0.0,0.0,1,0,0,4,3,0,0,0,6,5,2,100.0,0.0,0,0,0,26,23,0,,0,7,,3
2073000,Mohamed Walid Gedo,mohamed-walid-gedo,43564,ENPPI,6.3,6.3,1,0,0,0,0,,0,9,2,11,81.82,6,3,2,0,0,0.0,0,0,0,0,0,0,0.0,0,0,0,0,0.0,0,0.0,0,0.0,47,0.0,0,0,0,0,0,0,0,0,0,0,0,0,0,2,66.67,0,0,0,0,5,0,0,0,18,0,0,0,0,0,0,0,0,0,,,,0,0,0,0,0,1,0,0,0,0,0,0,1,0.0,0.0,0,1,0,2,1,0,0,0,3,1,0,0.0,0.0,0,0,0,6,5,0,,0,3,,3
1428026,Islam Abdallah,islam-abdallah,373168,ZED FC,6.3,25.2,4,0,0,1,0,,0,94,20,114,82.46,73,21,3,0,0,0.0,2,2,0,0,0,0,0.0,3,1,2,3,30.0,10,66.67,13,52.0,271,0.0,0,0,0,1,0,0,0,0,3,0,0,0,0,4,33.33,5,1,0,0,27,0,3,2,137,1,2,0,0,4,1,0,0,0,,,,0,0,0,0,0,3,0,0,0,0,0,0,4,0.0,0.0,0,1,0,12,5,0,0,0,12,3,2,100.0,0.0,0,0,0,83,31,0,,0,5,,5
1613032,Abdalahi Oubeid,abdalahi-oubeid,43566,Haras El Hodoud,6.27,18.8,3,0,0,0,0,,0,5,9,14,35.71,3,2,2,0,0,0.0,0,0,0,0,0,0,0.0,0,0,0,1,12.5,0,0.0,1,12.5,69,0.0,0,0,0,0,0,0,0,0,0,0,0,0,0,0,0.0,0,0,0,4,25,1,1,0,32,1,0,0,0,1,0,0,0,0,,,,0,0,0,0,0,1,0,0,0,0,0,0,0,0.0,0.0,0,2,3,7,0,0,0,0,2,1,0,0.0,0.0,0,0,0,6,11,0,,0,2,,3
952019,Yousef Farahat,yousef-farahat,6910,Al Ahly FC,6.2,6.2,1,0,0,0,0,,0,19,6,25,76.0,14,5,0,0,0,0.0,0,0,0,0,0,0,0.0,0,0,0,0,0.0,1,100.0,1,33.33,45,0.0,0,0,0,0,0,0,0,0,0,0,0,0,0,2,40.0,0,0,0,1,8,1,2,2,27,0,0,0,0,1,0,0,0,0,,,,0,0,0,0,0,1,0,0,0,0,0,0,1,0.0,0.0,0,0,0,2,0,0,0,0,5,1,0,0.0,0.0,0,0,0,17,8,0,,0,3,,1
1649741,Adham Alaa,adham-alaa,35187,Al-Ittihad Alexandria,6.2,6.2,1,0,0,0,0,,0,8,10,18,44.44,2,6,5,0,0,0.0,1,0,0,0,0,0,0.0,0,0,0,1,16.67,1,25.0,2,20.0,45,0.0,0,0,0,0,0,0,0,0,0,0,0,0,0,0,0.0,2,0,0,0,16,0,3,0,27,0,3,0,0,0,0,0,0,0,,,,0,0,0,0,0,0,0,0,0,0,0,0,1,0.0,0.0,0,2,0,8,3,0,0,0,3,0,1,100.0,0.0,0,0,0,4,14,0,,0,4,,1
918643,Moaz El Henawy,moaz-el-henawy,43561,Tala'ea El-Gaish,6.2,6.2,1,0,0,0,0,,0,2,1,3,66.67,2,0,0,0,0,0.0,0,0,0,0,0,0,0.0,0,0,0,0,0.0,0,0.0,0,0.0,18,0.0,0,0,0,0,0,0,0,0,0,0,0,0,0,0,0.0,0,0,0,0,1,0,0,0,3,0,0,0,0,0,0,0,0,0,,,,0,0,0,0,0,1,0,0,0,0,0,0,0,0.0,0.0,0,0,0,0,0,0,0,0,1,1,0,0.0,0.0,0,0,0,2,1,0,,0,0,,1
1212543,Fathi El Sayed,fathi-el-sayed,43564,ENPPI,6.2,6.2,1,0,0,0,0,,0,4,4,8,50.0,3,2,0,0,0,0.0,1,0,0,0,0,1,50.0,0,0,0,1,100.0,0,0.0,1,100.0,52,0.0,0,0,0,0,0,0,0,0,0,0,0,0,0,0,0.0,0,0,0,0,7,0,1,0,14,0,0,0,0,0,0,0,0,0,,,,0,0,0,0,0,2,0,0,0,0,0,0,1,0.0,0.0,0,0,2,0,0,0,0,0,3,2,1,100.0,0.0,0,0,0,5,5,0,,0,2,,1
1467872,Frederick Kesse,frederick-kesse,265830,Modern Sport FC,6.1,6.1,1,0,0,0,0,,0,2,2,4,50.0,0,2,2,0,0,0.0,1,0,0,0,0,0,0.0,0,0,0,1,20.0,0,0.0,1,20.0,30,0.0,0,0,0,0,0,0,0,0,0,0,0,0,0,0,0.0,0,0,0,1,8,0,1,1,12,0,0,0,0,0,0,0,0,0,,,,0,0,0,0,0,0,0,0,0,0,0,0,0,0.0,0.0,0,3,1,4,0,0,0,0,2,0,1,100.0,0.0,0,0,0,0,5,0,,0,0,,1
918572,Mohamed Magdi Abdel Fattah,mohamed-magdi-abdel-fattah,265830,Modern Sport FC,6.1,6.1,1,0,0,0,0,,0,1,5,6,16.67,0,1,0,0,0,0.0,0,0,0,0,0,0,0.0,0,0,0,0,0.0,0,0.0,0,0.0,45,0.0,0,0,0,0,0,0,0,0,0,0,0,0,0,1,16.67,0,0,0,0,5,0,0,0,6,0,0,0,0,0,0,0,0,0,,,,0,1,0,0,0,2,0,0,1,1,0,0,0,0.0,0.0,0,0,0,0,0,0,0,0,6,2,0,0.0,0.0,0,0,0,1,5,0,,2,1,,1
841940,Mohamed Abou Gabal,mohamed-abou-gabal,266626,National Bank of Egypt,6.0,6.0,1,0,0,0,0,,0,6,17,23,26.09,5,1,0,0,0,0.0,0,0,0,0,0,0,0.0,0,0,0,0,0.0,0,0.0,0,0.0,90,0.0,0,0,0,0,0,0,0,0,0,0,0,0,0,5,23.81,4,0,0,1,19,0,2,1,31,0,1,0,0,0,0,0,0,0,,,,0,0,0,0,0,1,0,2,0,0,0,0,1,0.0,0.0,0,0,0,3,1,0,0,0,21,1,0,0.0,0.0,0,0,0,8,15,0,,11,6,,1
918586,Mohamed Koko,mohamed-koko,371622,Cleopatra FC,5.8,5.8,1,0,0,0,0,,0,17,6,23,73.91,17,0,0,0,0,0.0,0,0,0,0,0,0,0.0,0,0,0,0,0.0,0,0.0,0,0.0,90,0.0,0,0,0,0,0,0,0,0,0,0,0,0,0,5,45.45,1,1,0,0,7,0,1,1,36,0,0,0,0,0,0,0,0,4,,,,0,0,0,3,1,3,1,0,0,0,1,0,1,0.0,0.0,0,1,0,1,0,0,0,0,11,4,0,0.0,0.0,0,0,0,19,4,0,,3,11,,1
918663,Ahmed El Arabi,ahmed-el-arabi,58319,Ghazl El Mahalla FC,5.7,5.7,1,0,0,0,0,,0,6,2,8,75.0,5,1,0,0,0,0.0,0,0,0,0,0,0,0.0,0,0,0,0,0.0,0,0.0,0,0.0,90,0.0,0,0,0,0,0,0,0,0,0,0,0,0,0,2,50.0,3,1,0,0,2,0,2,1,18,0,0,0,0,0,0,0,0,0,,,,0,0,0,0,0,3,0,2,1,1,1,0,1,0.0,0.0,0,0,0,0,0,0,0,0,4,3,0,0.0,0.0,0,0,0,6,2,0,,1,7,,1
1544695,Amadou Bah,amadou-bah,43560,Al-Masry,4.7,9.4,2,0,0,0,0,,0,11,2,13,84.62,4,7,1,0,0,0.0,0,0,0,0,1,0,0.0,0,0,0,0,0.0,0,0.0,0,0.0,29,0.0,0,0,0,0,0,0,0,0,0,0,0,0,0,0,0.0,0,0,0,0,4,0,0,0,15,0,3,0,0,0,0,0,0,0,,,,0,0,0,0,0,1,0,0,0,0,0,0,0,0.0,0.0,0,1,0,4,0,0,0,0,0,1,0,0.0,0.0,1,0,0,4,9,0,,0,2,,2
2038627,Mahmoud Magdy,mahmoud-magdy,58319,Ghazl El Mahalla FC,0.0,0.0,0,0,0,0,0,,0,4,3,7,57.14,1,3,1,0,0,0.0,1,0,0,0,0,0,0.0,0,0,0,1,100.0,2,100.0,3,100.0,7,0.0,0,0,0,0,0,0,0,0,0,0,0,0,0,0,0.0,0,0,0,0,4,0,0,0,9,0,0,0,0,0,0,0,0,0,,,,0,0,0,0,0,1,0,0,0,0,0,0,0,0.0,0.0,0,0,1,0,0,0,0,0,1,1,1,100.0,0.0,0,0,0,4,4,0,,0,1,,1
819691,Abdallah Hassan,abdallah,42366,Ismaily,0.0,0.0,0,0,0,0,0,,0,1,2,3,33.33,0,1,0,0,0,0.0,0,0,0,0,0,0,0.0,0,0,0,0,0.0,0,0.0,0,0.0,1,0.0,0,0,0,0,0,0,0,0,0,0,0,0,0,1,33.33,0,0,0,0,2,0,1,1,3,0,1,0,0,0,0,0,0,0,,,,0,0,0,0,0,0,0,0,0,0,0,0,0,0.0,0.0,0,0,0,1,0,0,0,0,3,0,0,0.0,0.0,0,0,0,1,2,0,,0,0,,1
1810008,Hassan Dwidar,hassan-samir,43565,El Gouna FC,0.0,0.0,0,0,0,0,0,,0,1,0,1,100.0,0,1,0,0,0,0.0,0,0,0,0,0,0,0.0,0,0,0,1,100.0,0,0.0,1,100.0,1,0.0,0,0,0,0,0,0,0,0,0,0,0,0,0,0,0.0,0,0,0,0,1,0,0,0,3,1,0,0,0,0,0,0,0,0,,,,0,0,0,0,0,0,0,0,0,0,0,0,0,0.0,0.0,0,0,0,0,0,0,0,0,0,0,0,0.0,0.0,0,0,0,0,1,0,,0,1,,1
2165168,Mohamed Metwally,mohamed-metwally,43564,ENPPI,0.0,0.0,0,0,0,0,0,,0,1,1,2,50.0,0,1,1,0,0,0.0,0,0,0,0,0,0,0.0,0,0,0,0,0.0,0,0.0,0,0.0,1,0.0,0,0,0,0,0,0,0,0,0,0,0,0,0,0,0.0,0,0,0,0,2,0,0,0,5,0,0,0,0,0,0,0,0,0,,,,0,0,0,0,0,0,0,0,0,0,0,0,0,0.0,0.0,0,0,1,0,0,0,0,0,0,0,0,0.0,0.0,0,0,0,0,3,0,,0,0,,1
