player_id,player_name,player_slug,team_id,team_name,rating,totalRating,countRating,goals,bigChancesCreated,bigChancesMissed,assists,expectedAssists,goalsAssistsSum,accuratePasses,inaccuratePasses,totalPasses,accuratePassesPercentage,accurateOwnHalfPasses,accurateOppositionHalfPasses,accurateFinalThirdPasses,keyPasses,successfulDribbles,successfulDribblesPercentage,tackles,interceptions,yellowCards,directRedCards,redCards,accurateCrosses,accurateCrossesPercentage,totalShots,shotsOnTarget,shotsOffTarget,groundDuelsWon,groundDuelsWonPercentage,aerialDuelsWon,aerialDuelsWonPercentage,totalDuelsWon,totalDuelsWonPercentage,minutesPlayed,goalConversionPercentage,penaltiesTaken,penaltyGoals,penaltyWon,penaltyConceded,shotFromSetPiece,freeKickGoal,goalsFromInsideTheBox,goalsFromOutsideTheBox,shotsFromInsideTheBox,shotsFromOutsideTheBox,headedGoals,leftFootGoals,rightFootGoals,accurateLongBalls,accurateLongBallsPercentage,clearances,errorLeadToGoal,errorLeadToShot,dispossessed,possessionLost,possessionWonAttThird,totalChippedPasses,accurateChippedPasses,touches,wasFouled,fouls,hitWoodwork,ownGoals,dribbledPast,offsides,blockedShots,passToAssist,saves,kilometersCovered,numberOfSprints,topSpeed,cleanSheet,penaltyFaced,penaltySave,savedShotsFromInsideTheBox,savedShotsFromOutsideTheBox,goalsConcededInsideTheBox,goalsConcededOutsideTheBox,punches,runsOut,successfulRunsOut,highClaims,crossesNotClaimed,matchesStarted,penaltyConversion,setPieceConversion,totalAttemptAssist,totalContest,totalCross,duelLost,aerialLost,attemptPenaltyMiss,attemptPenaltyPost,attemptPenaltyTarget,totalLongBalls,goalsConceded,tacklesWon,tacklesWonPercentage,scoringFrequency,yellowRedCards,savesCaught,savesParried,totalOwnHalfPasses,totalOppositionHalfPasses,totwAppearances,expectedGoals,goalKicks,ballRecovery,outfielderBlocks,appearances
958123,Ismaïl Belkacemi,belkacemi-abdelfetah-ismail,42206,USM Alger,8.18,32.7,4,5,2,1,2,,7,52,32,84,61.9,13,39,22,4,1,25.0,6,0,0,0,0,0,0.0,15,8,6,14,58.33,11,42.31,25,50.0,352,33.33,1,1,0,0,0,0,5,0,13,2,1,0,4,1,33.33,4,0,0,3,46,3,3,2,137,7,7,1,0,0,3,1,0,0,,,,0,0,0,0,0,0,0,0,0,0,0,0,4,100,0.0,4,4,0,25,15,0,0,0,3,0,3,50.0,70.4,0,0,0,17,67,2,,0,7,,4
970755,Mehdi Maftah,mehdi-maftah,80395,RS Berkane,7.9,7.9,1,0,0,0,0,,0,20,14,34,58.82,14,6,0,0,0,0.0,0,0,0,0,0,0,0.0,0,0,0,0,0.0,1,100.0,1,100.0,90,0.0,0,0,0,0,0,0,0,0,0,0,0,0,0,10,41.67,3,0,0,0,14,0,13,7,46,0,0,0,0,0,0,0,0,3,,,,1,0,0,1,2,0,0,2,0,0,3,0,1,0,0.0,0,0,0,0,0,0,0,0,24,0,0,0.0,0.0,0,0,1,19,15,1,,10,10,,1
1655374,Brahim Dib,brahim-dib,55393,CS Constantine,7.75,77.5,10,2,9,0,5,,7,355,83,438,81.05,149,215,121,24,7,35.0,19,7,2,0,0,9,23.08,23,5,13,71,57.72,18,47.37,89,55.28,863,8.7,0,0,0,0,3,0,2,0,15,8,0,1,1,27,67.5,14,0,0,16,183,6,40,30,697,46,14,1,0,10,1,5,0,0,,,,0,0,0,0,0,7,4,0,0,0,0,0,10,0,0.0,24,20,39,72,20,0,0,0,40,11,14,73.68,431.5,0,0,0,162,315,5,,0,43,,10
1427164,N'Golo Traoré,ngolo-traore,69326,Stade Malien,7.63,22.9,3,0,0,0,0,,0,35,46,81,43.21,14,21,9,1,0,0.0,0,0,0,0,0,0,0.0,0,0,0,2,100.0,2,66.67,4,80.0,270,0.0,0,0,0,0,0,0,0,0,0,0,0,0,0,25,35.21,6,0,0,0,46,0,3,1,112,3,0,0,0,0,0,0,0,14,,,,1,1,0,10,4,2,0,2,0,0,2,0,3,0,0.0,1,0,0,1,1,0,0,0,71,2,0,0.0,0.0,0,0,0,20,61,1,,31,24,,3
547494,Zizo,zizo,42368,Zamalek SC,7.57,53.0,7,2,4,3,2,,4,157,35,192,81.77,36,134,71,14,10,55.56,0,1,0,0,0,13,20.31,21,10,3,24,52.17,1,33.33,25,51.02,609,9.52,0,0,0,0,0,0,1,1,10,11,0,0,2,3,37.5,1,0,0,7,118,6,12,4,349,14,5,1,0,3,1,8,0,0,,,,4,0,0,0,0,2,2,0,0,0,0,0,7,0,0.0,14,18,64,24,2,0,0,0,8,4,0,0.0,304.5,0,0,0,40,216,3,,0,26,,7
1002239,Adem Alilet,adem-alilet,42206,USM Alger,7.48,44.9,6,1,0,2,0,,1,418,60,478,87.45,304,114,25,1,6,75.0,7,7,1,0,0,0,0.0,8,4,2,21,72.41,23,74.19,44,73.33,540,12.5,1,1,0,0,3,0,1,0,5,3,0,0,1,44,66.67,30,0,2,2,70,0,35,17,569,9,3,1,0,1,0,2,0,0,,,,4,0,0,0,0,2,0,0,0,0,0,0,6,100,0.0,1,8,0,16,8,0,0,0,66,2,5,71.43,540.0,0,0,0,329,149,2,,0,26,,6
2002448,Jean Ahoua,jean-ahoua,212409,Simba SC,7.43,89.1,12,3,4,5,2,,5,347,93,440,78.86,106,252,141,28,15,57.69,7,5,0,0,0,11,24.44,35,11,19,52,56.52,6,25.0,58,50.0,1005,8.57,1,1,0,0,12,1,2,1,11,24,0,0,3,21,56.76,7,0,0,16,183,8,47,26,682,30,8,1,0,6,1,5,0,0,,,,3,0,0,0,0,8,1,0,0,0,0,0,12,100,8.33,28,26,45,58,18,0,0,0,37,9,5,71.43,335.0,0,0,0,118,367,4,,0,47,,12
1393699,Ahmed Esho,ahmed-esho,42368,Zamalek SC,7.4,7.4,1,1,0,0,0,,1,14,4,18,77.78,3,11,6,0,0,0.0,2,0,0,0,0,0,0.0,1,1,0,2,33.33,0,0.0,2,25.0,62,100.0,0,0,0,0,0,0,1,0,1,0,0,1,0,0,0.0,1,0,0,1,8,2,0,0,29,0,0,0,0,2,0,0,0,0,,,,0,0,0,0,0,0,0,0,0,0,0,0,1,0,0.0,0,1,0,6,2,0,0,0,1,0,2,100.0,62.0,0,0,0,4,14,0,,0,2,,1
159681,Mohamed Sobhi,mohamed-sobhi,42368,Zamalek SC,7.4,7.4,1,0,0,0,0,,0,22,5,27,81.48,21,1,0,0,0,0.0,0,0,0,0,0,0,0.0,0,0,0,0,0.0,0,0.0,0,0.0,90,0.0,0,0,0,0,0,0,0,0,0,0,0,0,0,3,37.5,1,0,0,0,6,0,2,1,40,0,0,0,0,0,0,0,0,5,,,,0,0,0,2,3,1,0,0,2,2,0,0,1,0,0.0,0,0,0,0,0,0,0,0,8,1,0,0.0,0.0,0,0,0,23,4,0,,8,6,,1
1464675,Elie Mpanzu,elie-mpanzu,212409,Simba SC,7.39,66.5,9,1,2,0,2,,3,224,60,284,78.87,70,162,72,16,32,72.73,7,6,2,0,0,8,18.6,31,8,10,56,60.22,9,34.62,65,54.62,747,3.23,0,0,0,0,0,0,0,1,13,18,0,0,1,9,56.25,2,0,0,19,155,8,17,9,509,18,5,0,0,1,0,13,0,0,,,,3,0,0,0,0,5,1,0,0,0,0,0,9,0,0.0,16,44,43,54,17,0,0,0,16,6,5,71.43,747.0,0,0,0,84,243,4,,0,41,,9
1024076,Joseph Atule,joseph-atule,42371,Enyimba,7.38,29.5,4,2,2,2,1,,3,70,20,90,77.78,22,48,31,4,8,57.14,2,1,2,0,0,0,0.0,9,3,5,12,48.0,2,28.57,14,43.75,283,22.22,0,0,0,0,0,0,1,1,6,3,0,0,2,0,0.0,2,0,0,2,43,5,5,2,149,2,3,0,0,3,4,1,0,0,,,,0,0,0,0,0,5,0,0,0,0,0,0,3,0,0.0,4,14,1,18,5,0,0,0,2,5,2,100.0,141.5,0,0,0,25,66,1,,0,17,,4
1093721,Mostafa Shalaby,mostafa-shalaby,42368,Zamalek SC,7.38,59.0,8,1,5,1,1,,2,183,50,233,78.54,34,158,89,13,19,73.08,4,6,0,0,0,9,37.5,11,4,4,35,54.69,10,66.67,45,56.96,588,9.09,0,0,0,0,0,0,1,0,8,3,1,0,0,9,60.0,7,0,0,6,94,5,10,5,362,12,13,0,0,4,4,3,0,0,,,,0,0,0,0,0,3,0,0,0,0,0,0,7,0,0.0,13,26,24,34,5,0,0,0,15,3,4,100.0,588.0,0,0,0,44,213,1,,0,26,,8
198472,Abdallah El-Said,abdallah-el-said,42368,Zamalek SC,7.37,44.2,6,0,1,2,0,,0,250,69,319,78.37,77,179,102,17,4,57.14,3,4,0,0,0,6,28.57,9,4,4,12,54.55,0,0.0,12,44.44,522,0.0,0,0,0,0,0,0,0,0,7,2,0,0,0,20,57.14,3,0,0,6,109,6,38,18,406,5,1,0,0,1,0,1,0,0,,,,1,0,0,0,0,2,2,0,0,0,0,0,6,0,0.0,17,7,21,15,5,0,0,0,35,4,2,66.67,0.0,0,0,0,85,255,1,,0,40,,6
1140803,Abdelhak Assal,abdelhak-assal,80395,RS Berkane,7.36,66.2,9,0,1,0,1,,1,394,69,463,85.1,274,123,40,4,5,71.43,22,13,1,0,0,3,60.0,3,0,3,34,70.83,18,60.0,52,66.67,786,0.0,0,0,0,0,0,0,0,0,2,1,0,0,0,34,48.57,43,0,0,2,87,0,47,26,618,9,9,0,0,2,0,0,0,0,,,,5,0,0,0,0,3,0,0,0,0,0,0,8,0,0.0,4,7,5,26,12,0,0,0,70,3,18,81.82,0.0,0,0,0,293,175,2,,0,33,,9
290623,Fakhreddine Ben Youssef,fakhreddine-ben-youssef,43560,Al-Masry,7.33,51.3,7,3,0,0,0,,3,92,27,119,77.31,41,53,29,1,5,62.5,6,4,0,0,0,2,22.22,9,5,3,16,64.0,12,60.0,28,62.22,403,33.33,0,0,0,0,0,0,3,0,7,2,1,0,2,1,33.33,5,0,0,1,40,7,5,1,174,5,4,1,0,2,1,1,0,0,,,,0,0,0,0,0,3,1,0,0,0,0,0,5,0,0.0,1,8,9,17,8,0,0,0,3,4,4,66.67,134.33,0,0,0,43,85,1,,0,18,,7
918505,Nabil Donga,nabil-donga,42368,Zamalek SC,7.33,51.3,7,1,0,1,0,,1,358,49,407,87.96,179,179,77,5,1,50.0,11,10,2,0,0,0,0.0,12,5,6,19,42.22,10,62.5,29,47.54,604,8.33,0,0,0,0,0,0,0,1,4,8,0,1,0,54,77.14,7,0,0,6,67,3,58,42,496,8,9,0,0,10,1,1,0,0,,,,3,0,0,0,0,2,2,0,0,0,0,0,7,0,0.0,5,2,2,32,6,0,0,0,70,4,5,45.45,604.0,0,0,0,193,216,1,,0,52,,7
931032,Fawaaz Basadien,fawaaz-basadien,43555,Stellenbosch,7.3,58.4,8,1,2,0,2,,3,246,70,316,77.85,116,144,65,13,2,50.0,9,12,0,0,0,14,35.9,8,1,6,13,48.15,8,50.0,21,48.84,657,12.5,1,1,0,0,1,0,1,0,2,6,0,1,0,18,34.62,21,0,0,4,142,0,49,24,512,3,6,0,0,3,2,1,0,0,,,,5,0,0,0,0,4,3,0,0,0,0,0,7,100,0.0,13,4,39,22,8,0,0,0,52,7,5,55.56,657.0,0,0,0,127,228,4,,0,22,,8
918728,Hassan Ali,hassan-ali,43560,Al-Masry,7.3,21.9,3,0,1,1,0,,0,108,21,129,83.72,53,56,35,5,5,83.33,10,10,1,0,0,1,11.11,5,0,3,18,60.0,3,42.86,21,56.76,270,0.0,1,0,0,0,2,0,0,0,2,3,0,0,0,6,42.86,6,0,0,2,40,1,9,7,232,3,4,1,0,5,0,2,0,0,,,,1,0,0,0,0,2,0,0,0,0,0,0,3,0,0.0,5,6,9,16,4,0,1,0,14,2,6,60.0,0.0,0,0,0,59,79,0,,0,16,,3
1140833,Oussama Lamlioui,oussama-lamlioui,80395,RS Berkane,7.29,65.6,9,5,1,4,1,,6,69,29,98,70.41,33,36,19,3,1,20.0,7,3,0,0,0,0,0.0,27,12,11,19,54.29,12,36.36,31,45.59,610,18.52,0,0,1,0,0,0,4,1,23,4,0,1,4,3,27.27,7,0,0,4,53,2,3,0,195,12,12,1,0,1,8,4,0,0,,,,2,0,0,0,0,2,0,0,0,0,0,0,7,0,0.0,3,5,1,37,21,0,0,0,11,2,5,71.43,122.0,0,0,0,37,62,1,,0,13,,9
941632,Saâdi Redouani,saadi-redouani,42206,USM Alger,7.27,43.6,6,2,0,0,0,,2,263,71,334,78.74,154,115,56,10,3,17.65,8,11,1,0,0,6,27.27,3,2,1,16,38.1,15,83.33,31,51.67,540,66.67,0,0,0,0,0,0,2,0,3,0,0,0,2,22,61.11,9,0,0,5,122,1,33,16,511,6,4,0,0,3,0,0,0,0,,,,4,0,0,0,0,2,0,0,0,0,0,0,6,0,0.0,10,17,22,29,3,0,0,0,36,2,6,75.0,270.0,0,0,0,177,179,1,,0,22,,6
1000908,Danilson,danilson,394492,CD Lunda Sul,7.27,21.8,3,1,0,0,0,,1,46,10,56,82.14,18,28,13,1,0,0.0,4,1,0,0,0,0,0.0,5,1,4,7,63.64,5,55.56,12,60.0,159,20.0,0,0,0,0,0,0,1,0,4,1,1,0,0,8,61.54,9,0,1,1,15,0,9,4,88,3,0,0,0,1,1,0,0,0,,,,0,0,0,0,0,1,0,0,0,0,0,0,2,0,0.0,1,2,0,8,4,0,0,0,13,1,2,50.0,159.0,0,0,0,22,34,1,,0,3,,4
1107548,Jean Rémi Bocandé,jean-remi-bocande,87306,ASC Jaraaf,7.27,43.6,6,0,1,2,2,,2,123,50,173,71.1,61,81,26,15,1,50.0,5,7,1,0,0,19,47.5,2,2,0,6,35.29,3,60.0,9,40.91,445,0.0,1,0,0,0,0,0,0,0,2,0,0,0,0,19,50.0,13,0,0,1,100,1,24,9,321,1,5,0,0,4,0,0,0,0,,,,3,0,0,0,0,2,0,0,0,0,0,0,5,0,0.0,15,2,40,13,2,0,0,1,38,2,3,60.0,0.0,0,0,0,73,140,2,,0,39,,6
1095727,Haytam Manaout,haytam-manaout,80395,RS Berkane,7.27,65.4,9,0,4,0,2,,2,303,77,380,79.74,175,134,67,9,0,0.0,17,5,2,0,0,6,24.0,3,1,1,26,52.0,10,62.5,36,54.55,733,0.0,0,0,0,0,0,0,0,0,1,2,0,0,0,16,34.04,21,0,0,6,136,1,38,17,601,9,8,0,0,3,1,1,0,0,,,,6,0,0,0,0,1,0,0,0,0,0,0,9,0,0.0,9,7,25,30,6,0,0,0,47,1,15,88.24,0.0,0,0,0,201,204,1,,0,40,,9
1127733,Falilou Fall,falilou-fall,87306,ASC Jaraaf,7.27,43.6,6,0,1,0,0,,0,168,72,240,70.0,80,97,37,2,5,71.43,11,19,1,0,0,9,27.27,5,2,3,18,60.0,8,47.06,26,55.32,517,0.0,0,0,0,0,1,0,0,0,1,4,0,0,0,29,40.85,14,0,0,0,120,1,37,12,417,2,4,0,0,6,0,0,0,0,,,,4,0,0,0,0,2,0,0,0,0,0,0,6,0,0.0,2,7,33,21,9,0,0,0,71,2,7,63.64,0.0,0,0,0,96,177,1,,0,19,,6
364758,Issoufou Dayo,issoufou-dayo,80395,RS Berkane,7.25,72.5,10,3,1,1,2,,5,300,55,355,84.51,232,68,19,2,0,0.0,5,8,0,0,0,0,0.0,6,3,3,6,42.86,24,60.0,30,55.56,775,50.0,1,1,0,0,0,0,3,0,6,0,2,0,1,26,54.17,49,0,0,1,60,0,35,15,445,1,8,0,0,0,1,0,0,0,,,,5,0,0,0,0,3,0,0,0,0,0,0,9,100,0.0,2,1,2,24,16,0,0,0,48,3,2,40.0,258.33,0,0,0,258,99,1,,0,21,,10
1021274,Omar Faraj,omar-faraj,42368,Zamalek SC,7.25,14.5,2,1,0,0,0,,1,9,5,14,64.29,1,8,8,1,1,100.0,2,0,0,0,0,0,0.0,3,2,1,8,66.67,1,100.0,9,69.23,86,33.33,0,0,0,0,0,0,1,0,3,0,0,1,0,0,0.0,0,0,0,1,8,1,3,2,31,5,3,0,0,0,0,0,0,0,,,,0,0,0,0,0,0,2,0,0,0,0,0,1,0,0.0,1,1,0,4,0,0,0,0,2,2,1,50.0,86.0,0,0,0,1,13,1,,0,1,,2
919532,Yassine Labhiri,yassine-labhiri,80395,RS Berkane,7.24,79.6,11,0,3,0,1,,1,435,95,530,82.08,174,276,152,25,18,69.23,12,2,3,0,0,15,45.45,8,4,1,61,57.01,5,29.41,66,53.23,985,0.0,0,0,0,0,1,0,0,0,3,5,0,0,0,45,60.0,4,0,0,11,152,2,83,46,712,31,18,0,0,11,0,3,0,0,,,,5,0,0,0,0,3,0,0,0,0,0,0,11,0,0.0,25,26,33,58,12,0,0,0,75,3,11,91.67,0.0,0,0,0,200,363,2,,0,72,,11
1928430,Ifeanyi Ihemekwele,ifeanyi-ihemekwele,42371,Enyimba,7.23,43.4,6,4,1,2,0,,4,72,22,94,76.6,19,53,41,7,3,50.0,3,2,0,0,0,0,0.0,16,8,6,10,32.26,7,36.84,17,34.0,450,25.0,0,0,0,0,0,0,3,1,14,2,1,0,3,3,100.0,3,0,0,8,55,5,8,3,169,4,9,0,0,2,7,2,0,0,,,,0,0,0,0,0,9,1,0,0,0,0,0,5,0,0.0,7,6,4,33,12,0,0,0,3,10,2,66.67,112.5,0,0,0,19,79,0,,0,8,,6
1063327,Hossam Abdelmaguid,hossam-abdelmaguid,42368,Zamalek SC,7.23,57.8,8,0,1,1,1,,1,344,47,391,87.98,264,80,19,2,0,0.0,16,11,1,0,0,0,0.0,2,0,2,25,60.98,19,73.08,44,65.67,720,0.0,0,0,0,0,0,0,0,0,2,0,0,0,0,39,60.0,44,0,0,1,55,0,34,20,507,9,11,0,0,4,1,0,0,0,,,,4,0,0,0,0,3,2,0,0,0,0,0,8,0,0.0,2,0,0,23,7,0,0,0,65,5,9,56.25,0.0,0,0,0,282,109,2,,1,28,,8
823604,John Okoye Ebuka,john-okoye-ebuka,43560,Al-Masry,7.2,7.2,1,1,0,0,0,,1,1,2,3,33.33,0,1,0,0,1,50.0,0,0,0,0,0,0,0.0,1,1,0,1,25.0,0,0.0,1,25.0,12,100.0,0,0,0,0,0,0,1,0,1,0,0,1,0,0,0.0,1,0,0,0,7,0,0,0,11,0,2,0,0,0,0,0,0,0,,,,0,0,0,0,0,0,0,0,0,0,0,0,0,0,0.0,0,2,1,3,0,0,0,0,1,0,0,0.0,12.0,0,0,0,2,2,0,,0,0,,1
1013923,Abderrazak Rhazouat,abderrazak-rhazouat,80395,RS Berkane,7.2,7.2,1,0,0,0,0,,0,9,5,14,64.29,7,2,1,0,0,0.0,2,3,0,0,0,0,0.0,0,0,0,4,50.0,2,50.0,6,50.0,90,0.0,0,0,0,0,0,0,0,0,0,0,0,0,0,0,0.0,2,0,0,0,13,0,1,1,38,2,2,0,0,2,0,0,0,0,,,,1,0,0,0,0,0,0,0,0,0,0,0,1,0,0.0,0,0,1,6,2,0,0,0,2,0,1,50.0,0.0,0,0,0,8,7,0,,0,3,,1
1804768,Guilherme Neto,guilherme-neto,394492,CD Lunda Sul,7.2,7.2,1,0,0,0,0,,0,14,4,18,77.78,11,3,2,0,0,0.0,0,1,0,0,0,0,0.0,0,0,0,0,0.0,1,100.0,1,50.0,45,0.0,0,0,0,0,0,0,0,0,0,0,0,0,0,1,25.0,1,0,0,0,4,0,1,0,23,0,1,0,0,0,0,0,0,0,,,,0,0,0,0,0,0,0,0,0,0,0,0,1,0,0.0,0,0,0,1,0,0,0,0,4,0,0,0.0,0.0,0,0,0,11,7,0,,0,1,,1
1876606,Mohamed El Sayed,mohamed-el-sayed,42368,Zamalek SC,7.2,14.4,2,0,0,0,0,,0,34,1,35,97.14,18,16,6,4,3,75.0,3,0,0,0,0,0,0.0,1,0,1,8,57.14,0,0.0,8,57.14,88,0.0,0,0,0,0,0,0,0,0,1,0,0,0,0,3,100.0,1,0,0,0,2,0,3,3,55,2,3,0,0,2,0,0,0,0,,,,0,0,0,0,0,1,0,0,0,0,0,0,1,0,0.0,4,4,0,6,0,0,0,0,3,1,3,100.0,0.0,0,0,0,18,17,0,,0,2,,2
1023486,Chamseddine Derradji,chamseddine-derradji,55393,CS Constantine,7.2,14.4,2,0,0,0,0,,0,69,13,82,84.15,46,23,10,1,1,100.0,2,3,0,0,0,0,0.0,0,0,0,7,87.5,4,57.14,11,73.33,118,0.0,0,0,0,0,0,0,0,0,0,0,0,0,0,13,59.09,0,0,0,0,15,0,17,10,101,4,1,0,0,0,0,0,0,0,,,,1,0,0,0,0,1,0,0,0,0,0,0,1,0,0.0,1,1,0,4,3,0,0,0,22,1,1,50.0,0.0,0,0,0,48,34,1,,0,6,,2
880622,Ahmed Fatouh,ahmed-fatouh,42368,Zamalek SC,7.2,57.6,8,0,1,0,0,,0,419,68,487,86.04,213,211,89,5,7,77.78,7,8,0,0,0,5,41.67,2,0,1,21,63.64,8,57.14,29,61.7,642,0.0,0,0,0,0,0,0,0,0,1,1,0,0,0,27,52.94,21,0,0,5,96,1,59,31,634,7,2,0,0,3,0,1,0,0,,,,4,0,0,0,0,2,2,0,0,0,0,0,7,0,0.0,5,9,12,18,6,0,0,0,51,4,5,71.43,0.0,0,0,0,225,274,0,,0,31,,8
159677,Omar Gaber,omar-gaber,42368,Zamalek SC,7.2,50.4,7,0,1,0,0,,0,263,32,295,89.15,134,134,65,5,4,50.0,8,5,0,0,0,5,27.78,2,0,2,17,68.0,6,66.67,23,67.65,601,0.0,0,0,0,0,0,0,0,0,1,1,0,0,0,6,46.15,10,0,0,0,61,0,18,13,425,5,5,0,0,0,0,0,0,0,,,,4,0,0,0,0,2,0,0,0,0,0,0,7,0,0.0,5,8,18,11,3,0,0,0,13,2,6,75.0,0.0,0,0,0,144,169,1,,0,24,,8
782542,Hamza El Moussaoui,hamza-el-moussaoui,80395,RS Berkane,7.19,64.7,9,0,1,0,1,,1,232,83,315,73.65,135,108,49,12,8,80.0,6,8,0,0,0,11,37.93,2,0,0,23,53.49,15,57.69,38,55.07,753,0.0,0,0,0,0,0,0,0,0,1,1,0,0,0,13,27.08,41,0,0,5,135,2,36,15,546,9,10,0,0,4,1,2,0,0,,,,6,0,0,0,0,2,0,0,0,0,0,0,8,0,0.0,12,10,29,31,11,0,0,0,48,2,5,83.33,0.0,0,0,0,166,178,1,,0,28,,9
1049669,Jayden Adams,jayden-adams,43555,Stellenbosch,7.18,35.9,5,1,1,1,0,,1,209,37,246,84.96,118,92,43,8,4,66.67,5,4,1,0,0,1,100.0,5,2,3,10,41.67,6,31.58,16,37.21,440,20.0,0,0,0,0,0,0,1,0,4,1,1,0,0,21,65.63,6,0,0,4,51,0,21,11,300,1,8,1,0,1,0,0,0,0,,,,1,0,0,0,0,3,2,0,0,0,0,0,5,0,0.0,8,6,1,27,13,0,0,0,32,5,5,100.0,440.0,0,0,0,125,122,1,,0,30,,5
1000473,Adil Tahif,adil-tahif,80395,RS Berkane,7.18,71.8,10,0,0,0,0,,0,298,35,333,89.49,218,80,27,0,1,100.0,8,11,0,0,0,0,0.0,3,2,1,13,59.09,17,62.96,30,61.22,764,0.0,0,0,0,0,0,0,0,0,3,0,0,0,0,21,61.76,61,0,0,0,46,0,18,13,455,5,5,0,0,4,0,0,0,0,,,,6,0,0,0,0,2,0,0,0,0,0,0,8,0,0.0,0,1,1,19,10,0,0,0,34,2,5,62.5,0.0,0,0,0,228,106,2,,0,16,,11
1610767,Elijah Akanni,elijah-akanni,42371,Enyimba,7.18,28.7,4,0,1,0,1,,1,128,15,143,89.51,37,91,55,10,5,62.5,2,3,0,0,0,0,0.0,9,4,3,15,48.39,0,0.0,15,45.45,292,0.0,0,0,0,0,0,0,0,0,2,7,0,0,0,2,66.67,0,0,0,7,34,2,6,4,205,8,3,0,0,4,0,2,0,0,,,,0,0,0,0,0,5,0,0,0,0,0,0,3,0,0.0,10,8,0,18,2,0,0,0,3,5,2,100.0,0.0,0,0,0,40,103,0,,0,20,,4
966973,Mahmoud Gad,mahmoud-gad,43560,Al-Masry,7.18,57.4,8,0,0,0,0,,0,126,66,192,65.63,98,28,2,0,0,0.0,0,0,1,0,0,0,0.0,0,0,0,0,0.0,4,80.0,4,66.67,720,0.0,0,0,0,0,0,0,0,0,0,0,0,0,0,45,40.91,6,0,0,0,68,0,19,12,273,2,0,0,0,1,0,0,0,23,,,,3,0,0,7,16,4,2,2,0,0,7,0,8,0,0.0,0,0,0,2,1,0,0,0,110,6,0,0.0,0.0,0,0,6,107,85,1,,41,79,,8
1018484,Houari Baouche,houari-baouche,55393,CS Constantine,7.17,71.7,10,0,2,0,1,,1,333,98,431,77.26,145,201,82,13,22,61.11,19,12,2,0,0,13,27.66,8,2,4,58,69.05,8,42.11,66,64.08,900,0.0,0,0,0,1,0,0,0,0,2,6,0,0,0,31,43.66,15,0,0,4,186,0,45,28,742,18,5,0,0,6,0,2,0,0,,,,4,0,0,0,0,8,4,0,0,0,0,0,10,0,0.0,13,36,47,37,11,0,0,0,71,12,11,57.89,0.0,0,0,0,170,308,3,,0,48,,10
333459,Mahmoud Hamdi,mahmoud-hamdi,42368,Zamalek SC,7.15,42.9,6,0,0,0,0,,0,257,39,296,86.82,202,55,12,0,0,0.0,7,5,0,0,0,0,0.0,4,1,1,14,70.0,26,74.29,40,72.73,478,0.0,0,0,0,0,0,0,0,0,3,1,0,0,0,18,48.65,24,0,1,1,45,0,23,12,361,10,5,0,0,1,0,2,0,0,,,,3,0,0,0,0,2,0,0,0,0,0,0,5,0,0.0,0,0,1,15,9,0,0,0,37,2,3,42.86,0.0,0,0,0,218,79,0,,0,11,,6
1587052,Henry Ani Ozoemena,henry-ani-ozoemena,42371,Enyimba,7.14,35.7,5,0,0,0,0,,0,81,47,128,63.28,64,17,5,0,0,0.0,0,0,0,0,0,0,0.0,0,0,0,3,60.0,1,50.0,4,57.14,450,0.0,0,0,0,0,0,0,0,0,0,0,0,0,0,26,37.68,8,1,1,1,50,0,7,4,197,4,0,0,0,1,0,0,0,18,,,,0,1,1,14,4,9,0,6,3,2,5,0,5,0,0.0,0,0,0,3,1,0,0,0,69,9,0,0.0,0.0,0,0,4,76,52,1,,44,52,,5
1218753,Mounder Temine,mounder-temine,55393,CS Constantine,7.13,42.8,6,2,0,1,0,,2,55,20,75,73.33,12,44,20,1,1,14.29,8,4,0,0,0,1,25.0,15,4,6,14,51.85,20,48.78,34,50.0,390,13.33,0,0,0,0,0,0,1,1,11,4,1,1,0,1,33.33,4,0,1,4,45,1,3,1,151,6,2,0,0,2,4,5,0,0,,,,0,0,0,0,0,7,0,0,0,0,0,0,4,0,0.0,1,7,4,34,21,0,0,0,3,7,5,62.5,195.0,0,0,0,14,65,2,,0,13,,7
1612722,Lassine Kouma,lassine-kouma,69326,Stade Malien,7.13,42.8,6,0,1,0,0,,0,125,34,159,78.62,42,92,47,11,8,80.0,15,5,1,0,0,9,40.91,10,3,6,28,53.85,6,46.15,34,52.31,469,0.0,0,0,0,0,1,0,0,0,0,10,0,0,0,8,42.11,3,0,0,6,70,1,15,6,276,5,9,0,0,8,3,1,0,0,,,,1,0,0,0,0,5,0,0,0,0,0,0,5,0,0.0,11,10,22,31,7,0,0,0,19,5,8,53.33,0.0,0,0,0,49,132,0,,0,27,,6
1183548,Ismaël Olivier Toure,ismael-olivier-toure,43555,Stellenbosch,7.13,57.0,8,0,0,0,1,,1,307,49,356,86.24,236,71,15,3,0,0.0,7,12,1,0,0,0,0.0,4,2,2,14,53.85,18,36.0,32,42.11,720,0.0,0,0,0,0,0,0,0,0,4,0,0,0,0,17,39.53,46,0,1,2,59,0,29,19,466,7,11,0,0,0,0,0,0,0,,,,6,0,0,0,0,2,2,0,0,0,0,0,8,0,0.0,3,1,1,44,32,0,0,0,43,4,5,71.43,0.0,0,0,0,254,103,1,,0,30,,8
1612716,Daouda Coulibaly,daouda-coulibaly,69326,Stade Malien,7.12,42.7,6,1,0,1,1,,2,103,53,156,66.03,16,89,55,9,6,50.0,6,6,2,0,0,2,10.0,9,4,5,27,45.76,8,47.06,35,46.05,467,11.11,1,1,0,0,0,0,1,0,7,2,0,0,1,12,60.0,2,0,0,11,108,1,16,8,279,15,13,0,0,6,1,0,0,0,,,,1,0,0,0,0,5,0,0,0,0,0,0,5,100,0.0,9,12,20,41,9,0,0,0,20,5,4,66.67,467.0,0,0,0,27,149,0,,0,26,,6
1610702,Kalu Nweke,kalu-nweke,42371,Enyimba,7.12,42.7,6,0,4,0,2,,2,231,43,274,84.31,84,147,77,18,4,66.67,12,2,0,0,0,0,0.0,9,2,3,20,44.44,4,36.36,24,42.86,464,0.0,0,0,0,0,0,0,0,0,1,8,0,0,0,12,60.0,3,0,0,8,70,2,23,12,352,4,4,0,0,11,0,4,0,0,,,,0,0,0,0,0,10,1,0,0,0,0,0,5,0,0.0,18,6,3,32,7,0,0,0,20,11,6,50.0,0.0,0,0,0,93,184,0,,0,31,,6
894802,Sage Stephens,sage-stephens,43555,Stellenbosch,7.11,49.8,7,0,1,0,0,,0,162,71,233,69.53,129,33,18,2,0,0.0,0,0,2,0,0,0,0.0,0,0,0,0,0.0,1,100.0,1,100.0,630,0.0,0,0,0,0,0,0,0,0,0,0,0,0,0,41,36.61,4,0,0,0,73,0,17,6,306,1,0,0,0,0,0,0,0,17,,,,5,1,0,9,8,3,2,1,1,1,4,0,7,0,0.0,2,0,0,0,0,0,0,0,112,5,0,0.0,0.0,0,0,3,139,94,0,,62,70,,7
2026670,Célestin Ecua,celestin-ecua,42360,ASEC Mimosas,7.1,35.5,5,2,0,1,0,,2,54,21,75,72.0,11,44,31,6,5,50.0,4,0,0,0,0,1,11.11,6,3,1,12,46.15,4,33.33,16,42.11,308,33.33,0,0,0,0,0,0,1,1,5,1,0,2,0,0,0.0,1,0,0,4,44,9,1,0,131,3,1,0,0,4,0,2,0,0,,,,1,0,0,0,0,2,1,0,0,0,0,0,3,0,0.0,6,10,9,22,8,0,0,0,3,3,3,75.0,154.0,0,0,0,14,70,1,,0,20,,5
105394,Mahmoud Abdel Razik Shikabala,shikabala,42368,Zamalek SC,7.1,14.2,2,0,2,0,1,,1,11,3,14,78.57,3,8,7,2,1,50.0,0,0,0,0,0,0,0.0,1,0,0,1,50.0,0,0.0,1,50.0,22,0.0,0,0,0,0,0,0,0,0,0,1,0,0,0,2,66.67,0,0,0,0,5,0,2,2,18,0,0,0,0,0,0,1,0,0,,,,0,0,0,0,0,0,0,0,0,0,0,0,0,0,0.0,2,2,1,1,0,0,0,0,3,0,0,0.0,0.0,0,0,0,4,11,0,,0,1,,2
846506,Mehdi Merghem,mehdi-merghem,42206,USM Alger,7.1,14.2,2,0,1,1,0,,0,56,11,67,83.58,26,34,16,6,0,0.0,3,1,0,0,0,4,30.77,1,1,0,4,33.33,2,100.0,6,42.86,156,0.0,1,0,1,0,0,0,0,0,1,0,0,0,0,8,80.0,0,0,0,4,30,2,8,4,102,1,0,0,0,1,1,0,0,0,,,,0,0,0,0,0,2,0,0,0,0,0,0,2,0,0.0,6,3,13,8,0,0,0,1,10,2,2,66.67,0.0,0,0,0,29,51,1,,0,6,,2
1525293,Amine El Maswab,amine-el-maswab,80395,RS Berkane,7.1,14.2,2,0,0,0,0,,0,24,6,30,80.0,19,5,1,0,0,0.0,0,0,0,0,0,0,0.0,0,0,0,0,0.0,3,100.0,3,100.0,98,0.0,0,0,0,0,0,0,0,0,0,0,0,0,0,2,33.33,9,0,0,0,6,0,2,0,42,0,0,0,0,0,0,0,0,0,,,,1,0,0,0,0,0,0,0,0,0,0,0,1,0,0.0,0,0,0,0,0,0,0,0,6,0,0,0.0,0.0,0,0,0,19,11,0,,4,0,,2
2003180,Moustapha Guèye,moustapha-gueye,87306,ASC Jaraaf,7.1,21.3,3,0,1,0,0,,0,64,31,95,67.37,42,22,6,2,0,0.0,4,4,0,0,0,0,0.0,1,0,1,6,75.0,10,71.43,16,72.73,270,0.0,0,0,0,0,0,0,0,0,1,0,0,0,0,9,36.0,15,0,0,0,32,0,15,5,133,2,1,0,0,1,0,0,0,0,,,,2,0,0,0,0,2,0,0,0,0,0,0,3,0,0.0,2,0,0,6,4,0,0,0,25,2,3,75.0,0.0,0,0,0,52,43,0,,0,10,,3
1011207,Mohamed Shehata,mohamed-shehata,42368,Zamalek SC,7.1,42.6,6,0,0,0,0,,0,226,38,264,85.61,109,119,53,6,4,100.0,15,7,0,0,0,2,66.67,5,1,1,27,61.36,5,62.5,32,61.54,465,0.0,0,0,0,0,0,0,0,0,2,3,0,0,0,18,72.0,3,0,0,3,47,3,17,13,332,9,10,0,0,6,0,3,0,0,,,,2,0,0,0,0,3,0,0,0,0,0,0,5,0,0.0,6,4,3,20,3,0,0,0,25,3,9,60.0,0.0,0,0,0,126,141,0,,0,26,,6
1474126,Nayan,nayan,394492,CD Lunda Sul,7.1,42.6,6,0,0,0,0,,0,128,70,198,64.65,88,40,9,0,0,0.0,0,0,0,0,0,0,0.0,0,0,0,3,75.0,0,0.0,3,60.0,540,0.0,0,0,0,0,0,0,0,0,0,0,0,0,0,52,43.7,6,1,0,0,73,0,16,9,249,3,0,0,0,1,0,0,0,21,,,,2,1,0,14,6,6,0,1,4,3,4,0,6,0,0.0,0,0,0,2,1,0,0,0,119,6,0,0.0,0.0,0,0,2,99,99,0,,56,49,,6
985958,Shomari Kapombe,shomari-kapombe,212409,Simba SC,7.09,85.1,12,0,3,2,1,,1,303,112,415,73.01,118,193,89,15,4,44.44,24,16,0,0,0,8,22.22,10,2,7,38,48.72,26,63.41,64,53.78,1080,0.0,0,0,0,0,0,0,0,0,6,4,0,0,0,16,38.1,32,0,0,8,171,0,27,10,706,14,20,0,0,9,2,1,0,0,,,,6,0,0,0,0,8,1,0,0,0,0,0,12,0,0.0,15,9,36,55,15,0,0,0,42,9,14,58.33,0.0,0,0,0,149,302,3,,0,36,,12
1655371,Oussama Meddahi,oussama-meddahi,55393,CS Constantine,7.09,70.9,10,0,2,0,3,,3,219,53,272,80.51,110,121,48,11,0,0.0,31,11,1,0,0,12,40.0,0,0,0,39,61.9,10,55.56,49,60.49,706,0.0,0,0,0,0,0,0,0,0,0,0,0,0,0,13,44.83,10,0,0,4,101,2,27,14,475,8,9,0,0,6,0,0,0,0,,,,4,0,0,0,0,3,3,0,0,0,0,0,7,0,0.0,11,6,30,32,8,0,0,0,29,6,18,58.06,0.0,0,0,0,124,178,1,,0,36,,10
1064086,Atte Youssifou,atte-youssifou,42360,ASEC Mimosas,7.09,56.7,8,0,2,0,1,,1,203,72,275,73.82,118,91,35,5,6,60.0,20,6,2,0,0,6,22.22,8,2,4,37,66.07,27,64.29,64,65.31,718,0.0,0,0,0,0,3,0,0,0,2,6,0,0,0,19,45.24,26,0,1,4,130,1,19,8,503,12,9,0,0,2,0,2,0,0,,,,2,0,0,0,0,6,1,0,0,0,0,0,8,0,0.0,5,10,27,34,15,0,0,0,42,7,16,80.0,0.0,0,0,0,136,166,0,,0,24,,8
933892,Abderrahim Deghmoum,abderrahim-deghmoum,43560,Al-Masry,7.09,49.6,7,1,2,0,0,,1,124,33,157,78.98,38,88,54,8,17,56.67,10,5,3,0,0,2,40.0,14,6,5,43,45.26,2,25.0,45,43.69,446,7.14,0,0,1,0,0,0,0,1,11,3,0,1,0,9,64.29,1,0,0,12,81,3,15,10,284,17,21,0,0,7,3,3,0,0,,,,0,0,0,0,0,2,2,0,0,0,0,0,5,0,0.0,8,30,5,58,6,0,0,0,14,4,4,40.0,446.0,0,0,0,45,117,1,,0,17,,7
918996,Seifeddine Jaziri,seifeddine-jaziri,42368,Zamalek SC,7.08,42.5,6,3,0,4,0,,3,59,20,79,74.68,23,38,19,3,5,55.56,4,3,1,0,0,2,22.22,13,3,10,13,37.14,16,53.33,29,44.62,444,23.08,0,0,0,0,0,0,3,0,10,3,0,0,3,3,100.0,2,0,0,9,53,3,3,2,156,4,6,1,0,3,4,0,0,0,,,,0,0,0,0,0,1,2,0,0,0,0,0,6,0,0.0,3,9,9,36,14,0,0,0,3,3,2,50.0,148.0,0,0,0,27,61,1,,0,13,,6
1424605,Mahmoud Bentayg,bentayg-mahmoud,42368,Zamalek SC,7.08,35.4,5,0,2,0,1,,1,65,5,70,92.86,29,37,14,3,5,71.43,9,3,0,0,0,1,25.0,3,0,2,22,75.86,3,75.0,25,75.76,191,0.0,0,0,0,0,0,0,0,0,1,2,0,0,0,2,66.67,5,0,0,1,15,0,3,2,138,8,4,0,0,0,0,1,0,0,,,,0,0,0,0,0,2,1,0,0,0,0,0,2,0,0.0,3,7,4,8,1,0,0,0,3,3,6,66.67,0.0,0,0,0,33,41,1,,0,12,,5
1014043,Nabil Lamara,nabil-lamara,42206,USM Alger,7.08,28.3,4,1,1,0,0,,1,110,26,136,80.88,58,57,20,1,3,37.5,2,4,0,0,0,5,29.41,2,1,1,6,37.5,4,100.0,10,50.0,284,50.0,0,0,0,0,0,0,1,0,1,1,0,1,0,6,54.55,3,0,0,2,54,1,3,2,215,1,1,0,0,2,0,0,0,0,,,,1,0,0,0,0,0,0,0,0,0,0,0,3,0,0.0,1,8,17,10,0,0,0,0,11,0,2,100.0,284.0,0,0,0,69,84,0,,0,18,,4
918831,Khaled El Ghandour,khaled-el-ghandour,43560,Al-Masry,7.08,28.3,4,0,2,0,1,,1,78,13,91,85.71,27,54,32,5,0,0.0,5,5,1,0,0,3,25.0,6,0,6,8,40.0,5,55.56,13,44.83,236,0.0,0,0,0,0,0,0,0,0,5,1,0,0,0,4,66.67,4,0,0,2,34,0,11,7,144,3,7,0,0,2,0,0,0,0,,,,0,0,0,0,0,2,0,0,0,0,0,0,3,0,0.0,5,2,12,16,4,0,0,0,6,2,4,80.0,0.0,0,0,0,30,73,0,,0,11,,4
934079,Fabrice Ngoma,fabrice-ngoma,212409,Simba SC,7.08,84.9,12,0,2,2,0,,0,556,127,683,81.41,219,337,129,12,5,71.43,25,16,1,0,0,0,0.0,5,0,4,36,50.7,19,54.29,55,51.89,1074,0.0,0,0,0,0,0,0,0,0,4,1,0,0,0,50,50.51,22,0,0,5,159,2,94,41,825,6,12,0,0,17,0,1,0,0,,,,4,0,0,0,0,8,1,0,0,0,0,0,12,0,0.0,12,7,7,51,16,0,0,0,99,9,17,68.0,0.0,0,0,0,245,445,0,,0,59,,12
2002669,Haman Mandjan,haman-mandjan,69326,Stade Malien,7.07,21.2,3,1,0,0,0,,1,45,10,55,81.82,12,35,16,4,1,100.0,3,0,0,0,0,2,20.0,2,2,0,7,63.64,2,28.57,9,50.0,136,50.0,0,0,0,0,0,0,0,1,1,1,0,0,1,3,42.86,1,0,0,2,23,0,6,3,84,3,2,0,0,1,0,0,0,0,,,,0,0,0,0,0,0,0,0,0,0,0,0,2,0,0.0,4,1,10,9,5,0,0,0,7,0,3,100.0,136.0,0,0,0,13,52,0,,0,8,,3
872349,Kévin Mondeko,kevin-mondeko,42206,USM Alger,7.07,42.4,6,1,1,2,0,,1,337,50,387,87.08,260,77,17,1,1,50.0,4,4,1,0,0,0,0.0,6,3,3,10,50.0,22,59.46,32,56.14,540,16.67,0,0,0,0,0,0,1,0,6,0,0,1,0,18,32.73,39,0,0,2,58,0,29,11,469,5,7,0,0,2,0,0,0,0,,,,2,0,0,0,0,4,0,0,0,0,0,0,6,0,0.0,1,2,1,25,15,0,0,0,55,4,2,50.0,540.0,0,0,0,280,108,0,,1,26,,6
918911,Samir Fekri,samir-fekri,43560,Al-Masry,7.07,21.2,3,0,0,0,0,,0,38,8,46,82.61,11,27,13,1,1,100.0,3,2,0,0,0,0,0.0,1,0,1,5,55.56,0,0.0,5,55.56,88,0.0,0,0,0,0,0,0,0,0,1,0,0,0,0,2,100.0,0,0,0,1,11,0,1,1,67,1,3,0,0,0,0,0,0,0,,,,0,0,0,0,0,0,0,0,0,0,0,0,1,0,0.0,1,1,1,4,0,0,0,0,2,0,2,66.67,0.0,0,0,0,13,34,0,,0,5,,3
941633,Houssameddine Ghacha,houssameddine-ghacha,42206,USM Alger,7.06,56.5,8,1,3,0,2,,3,141,54,195,72.31,46,102,54,10,10,34.48,10,3,2,0,0,7,35.0,5,1,1,32,43.24,5,35.71,37,42.05,633,20.0,0,0,1,0,0,0,1,0,5,0,0,1,0,5,27.78,3,0,0,11,114,2,12,7,337,13,11,0,0,2,4,3,0,0,,,,2,0,0,0,0,2,0,0,0,0,0,0,7,0,0.0,10,29,20,51,9,0,0,0,18,2,8,80.0,633.0,0,0,0,52,163,0,,0,32,,8
2003724,Mohamed Sadil,mohamed-sadil,80395,RS Berkane,7.06,35.3,5,0,0,0,0,,0,125,23,148,84.46,62,65,32,2,0,0.0,6,7,0,0,0,2,25.0,1,0,1,9,56.25,9,75.0,18,64.29,339,0.0,0,0,0,0,0,0,0,0,0,1,0,0,0,8,61.54,12,0,0,1,35,1,10,7,225,4,2,0,0,4,0,0,0,0,,,,2,0,0,0,0,1,0,0,0,0,0,0,4,0,0.0,2,0,8,10,3,0,0,0,13,1,4,66.67,0.0,0,0,0,70,86,0,,0,13,,6
1166995,Soumaila Sidibe,soumaila-sidibe,80395,RS Berkane,7.05,28.2,4,1,0,0,0,,1,91,17,108,84.26,48,43,16,2,3,60.0,6,1,1,0,0,0,0.0,3,1,1,13,61.9,3,75.0,16,64.0,249,33.33,0,0,0,0,0,0,1,0,1,2,0,0,1,5,62.5,7,0,0,2,24,0,8,4,143,4,3,0,0,1,0,1,0,0,,,,1,0,0,0,0,1,0,0,0,0,0,0,3,0,0.0,2,5,1,9,1,0,0,0,8,1,3,50.0,249.0,0,0,0,55,54,0,,0,11,,4
1007597,Koffi Constant Kouame,koffi-constant-kouame,44463,CS Sfaxien,7.05,14.1,2,0,0,0,0,,0,41,13,54,75.93,27,14,5,0,0,0.0,1,3,0,0,0,0,0.0,1,0,0,1,50.0,4,50.0,5,50.0,135,0.0,0,0,0,0,0,0,0,0,1,0,0,0,0,6,40.0,11,0,0,0,13,0,7,2,76,0,1,0,0,0,0,1,0,0,,,,1,0,0,0,0,1,0,0,0,0,0,0,1,0,0.0,0,0,0,5,4,0,0,0,15,1,0,0.0,0.0,0,0,0,30,24,0,,0,2,,2
1107465,Imo Obot,imo-obot,42371,Enyimba,7.05,14.1,2,0,0,0,0,,0,57,14,71,80.28,35,23,10,1,1,50.0,4,3,1,0,0,1,16.67,4,2,2,7,43.75,0,0.0,7,36.84,180,0.0,0,0,0,0,1,0,0,0,0,4,0,0,0,7,58.33,4,0,0,1,30,0,9,5,121,2,4,0,0,3,0,0,0,0,,,,0,0,0,0,0,4,0,0,0,0,0,0,2,0,0.0,1,2,6,12,3,0,0,0,12,4,4,100.0,0.0,0,0,0,40,37,0,,1,7,,2
822486,Moussa Camara,moussa-camara,212409,Simba SC,7.05,84.6,12,0,0,0,0,,0,259,104,363,71.35,236,23,11,0,0,0.0,0,0,2,0,0,0,0.0,0,0,0,5,100.0,5,100.0,10,100.0,1080,0.0,0,0,0,0,0,0,0,0,0,0,0,0,0,50,33.11,14,1,2,0,107,0,44,19,466,5,0,0,0,0,0,0,0,30,,,,6,1,1,21,9,8,1,6,9,9,5,0,12,0,0.0,0,0,0,0,0,0,0,0,151,9,0,0.0,0.0,0,0,4,252,111,3,,45,116,,12
1125405,Denis Kibu,denis-kibu,212409,Simba SC,7.04,84.5,12,3,1,5,0,,3,170,59,229,74.24,55,115,65,7,32,69.57,8,6,1,0,0,0,0.0,34,10,14,66,51.56,17,56.67,83,52.53,905,8.82,0,0,0,1,2,0,2,1,18,16,2,0,1,4,50.0,9,0,0,14,131,3,10,5,452,26,28,1,0,7,6,10,0,0,,,,3,0,0,0,0,8,1,0,0,0,0,0,11,0,0.0,7,46,5,75,13,0,0,0,8,9,6,75.0,301.67,0,0,0,63,171,3,,0,41,,12
918621,Mahmoud Hamada,hamada-mahmoud,43560,Al-Masry,7.04,56.3,8,2,0,2,0,,2,215,32,247,87.04,121,94,46,3,2,66.67,14,12,1,0,0,0,0.0,7,4,2,20,48.78,8,80.0,28,54.9,621,28.57,1,0,0,0,0,0,2,0,7,0,0,0,2,10,71.43,18,0,0,4,57,2,10,5,347,4,12,0,0,4,0,1,0,0,,,,2,0,0,0,0,3,2,0,0,0,0,0,7,0,0.0,3,3,2,23,2,0,0,1,14,5,10,71.43,310.5,0,0,0,129,120,2,,1,34,,8
1155596,Mamadou Lamine Camara,camara-mamadou-lamine,80395,RS Berkane,7.03,63.3,9,1,1,0,1,,2,281,74,355,79.15,175,106,42,5,6,54.55,25,9,2,0,0,0,0.0,7,1,5,35,51.47,19,67.86,54,56.25,760,14.29,0,0,0,0,0,0,1,0,3,4,1,0,0,23,46.0,20,0,0,5,92,1,46,23,457,4,18,0,0,5,0,1,0,0,,,,4,0,0,0,0,2,0,0,0,0,0,0,9,0,0.0,5,11,1,42,9,0,0,0,50,2,17,68.0,760.0,0,0,0,195,161,0,,0,47,,9
2002888,Samy,samy,195753,FC Bravos do Maquis,7.03,42.2,6,0,0,1,0,,0,301,45,346,86.99,201,100,22,1,1,50.0,6,4,0,0,0,0,0.0,4,2,2,14,56.0,17,77.27,31,65.96,540,0.0,0,0,1,0,0,0,0,0,4,0,0,0,0,31,51.67,28,0,0,0,52,0,31,14,430,8,7,0,1,4,0,0,0,0,,,,0,0,0,0,0,14,0,0,0,0,0,0,6,0,0.0,1,2,1,16,5,0,0,0,60,14,3,50.0,0.0,0,0,0,212,135,1,,11,37,,6
2003558,Cuca,cuca,394492,CD Lunda Sul,7.03,42.2,6,0,1,0,0,,0,180,40,220,81.82,61,127,66,14,5,62.5,3,5,0,0,0,8,32.0,6,1,2,13,44.83,0,0.0,13,37.14,508,0.0,0,0,0,0,0,0,0,0,3,3,0,0,0,10,47.62,2,0,0,5,79,2,22,7,308,5,2,0,0,6,0,3,1,0,,,,1,0,0,0,0,5,0,0,0,0,0,0,6,0,0.0,13,8,25,22,6,0,0,0,21,5,1,33.33,0.0,0,0,0,66,179,0,,0,29,,6
560158,Mohamed Awad,mohamed-awad,42368,Zamalek SC,7.03,49.2,7,0,0,0,0,,0,178,44,222,80.18,164,14,6,0,0,0.0,0,0,0,0,0,0,0.0,0,0,0,1,100.0,1,100.0,2,100.0,630,0.0,0,0,0,0,0,0,0,0,0,0,0,0,0,33,43.42,4,1,0,0,45,0,28,20,285,2,0,0,0,0,0,0,0,15,,,,4,0,0,9,5,2,2,1,6,5,3,0,7,0,0.0,0,0,0,0,0,0,0,0,76,4,0,0.0,0.0,0,0,1,177,45,0,,44,50,,7
141967,Munir El Kajoui,munir-mohamedi,80395,RS Berkane,7.03,77.3,11,0,0,0,0,,0,287,105,392,73.21,234,53,14,1,1,100.0,0,0,1,0,0,0,0.0,0,0,0,1,100.0,3,100.0,4,100.0,990,0.0,0,0,0,0,0,0,0,0,0,0,0,0,0,103,50.49,3,0,1,0,105,0,49,39,451,1,0,0,0,0,0,0,0,11,,,,8,0,0,8,2,3,0,2,4,4,3,0,11,0,0.0,1,1,0,0,0,0,0,0,204,3,0,0.0,0.0,0,0,3,262,130,0,,93,73,,11
1102957,Paul Bassène,paul-bassene,80395,RS Berkane,7.02,63.2,9,3,0,2,1,,4,76,27,103,73.79,24,52,30,7,5,45.45,3,0,0,0,0,0,0.0,16,7,5,18,40.0,15,55.56,33,45.83,520,18.75,0,0,0,0,0,0,2,1,13,3,1,1,1,5,83.33,8,0,0,8,65,1,2,0,202,12,11,0,0,2,0,4,0,0,,,,0,0,0,0,0,0,0,0,0,0,0,0,6,0,0.0,7,11,2,39,12,0,0,0,6,0,3,100.0,173.33,0,0,0,27,78,1,,0,13,,9
2003187,Almamy Fall,almamy-fall,87306,ASC Jaraaf,7.02,42.1,6,1,2,3,0,,1,53,34,87,60.92,10,43,30,8,1,25.0,3,1,1,0,0,0,0.0,20,9,6,6,35.29,21,47.73,27,44.26,512,5.0,0,0,0,0,0,0,1,0,13,7,1,0,0,3,42.86,0,0,0,4,52,6,2,2,141,2,4,0,0,1,3,5,0,0,,,,2,0,0,0,0,2,0,0,0,0,0,0,6,0,0.0,8,4,1,34,23,0,0,0,7,2,3,100.0,512.0,0,0,0,11,77,1,,0,13,,6
930883,Koffi Dakoi,koffi-dakoi,42360,ASEC Mimosas,7.02,42.1,6,0,0,0,0,,0,306,36,342,89.47,153,154,71,6,4,66.67,6,6,0,0,0,1,50.0,4,0,2,23,60.53,7,58.33,30,60.0,540,0.0,0,0,0,0,0,0,0,0,1,3,0,0,0,16,53.33,4,0,0,4,50,1,26,12,408,13,6,0,0,4,0,2,0,0,,,,3,0,0,0,0,5,0,0,0,0,0,0,6,0,0.0,6,6,2,20,5,0,0,0,30,5,5,83.33,0.0,0,0,0,157,187,0,,0,47,,6
358792,Andre De Jong,andre-de-jong,43555,Stellenbosch,7.01,63.1,9,2,1,2,0,,2,167,46,213,78.4,35,132,94,10,1,20.0,2,0,1,0,0,0,0.0,20,5,10,12,25.53,23,41.07,35,33.98,694,10.0,1,1,0,0,0,0,2,0,16,4,0,1,1,6,46.15,6,0,0,13,86,6,7,4,310,9,16,2,0,5,2,5,0,0,,,,1,0,0,0,0,3,2,0,0,0,0,0,8,100,0.0,10,5,1,68,33,0,0,0,13,5,0,0.0,347.0,0,0,0,40,174,1,,0,26,,9
1018811,Sihle Nduli,sihle-nduli,43555,Stellenbosch,7.01,63.1,9,1,0,0,0,,1,295,58,353,83.57,165,131,52,4,5,83.33,27,13,4,0,0,1,100.0,5,3,1,39,56.52,6,23.08,45,47.37,712,20.0,0,0,0,0,0,0,1,0,5,0,0,0,1,31,52.54,14,0,0,2,70,0,40,21,465,7,17,1,0,12,0,1,0,0,,,,4,0,0,0,0,4,3,0,0,0,0,0,8,0,0.0,4,6,1,50,20,0,0,0,59,7,19,70.37,712.0,0,0,0,187,167,1,,0,37,,9
1170317,Imad Riahi,imad-riahi,80395,RS Berkane,7.01,77.1,11,2,1,5,2,,4,169,26,195,86.67,58,117,75,11,10,47.62,8,3,2,0,0,6,30.0,23,13,7,28,42.42,4,26.67,32,39.51,537,8.7,0,0,0,0,0,0,2,0,18,5,0,1,1,7,58.33,3,0,0,10,87,6,15,10,338,10,12,2,0,5,1,3,1,0,,,,1,0,0,0,0,2,0,0,0,0,0,0,6,0,0.0,10,21,20,49,11,0,0,0,12,2,4,50.0,268.5,0,0,0,62,153,1,,0,32,,11
1182224,Jó Paciência,jo-paciencia,195753,FC Bravos do Maquis,7.0,42.0,6,2,0,0,0,,2,60,21,81,74.07,25,36,11,4,4,44.44,1,0,1,0,0,1,50.0,17,10,5,14,48.28,9,42.86,23,46.0,429,11.76,1,1,0,0,1,0,2,0,8,9,0,1,1,1,100.0,2,0,0,7,45,1,0,0,151,9,4,0,0,0,3,2,0,0,,,,0,0,0,0,0,9,0,0,0,0,0,0,5,100,0.0,4,9,2,27,12,0,0,0,1,9,0,0.0,214.5,0,0,0,27,56,0,,0,5,,6
1083236,Salifou Diarrassouba,salifou-diarrassouba,42360,ASEC Mimosas,7.0,56.0,8,2,0,1,0,,2,151,44,195,77.44,61,95,50,7,7,41.18,8,4,0,0,0,5,18.52,8,2,6,29,51.79,6,30.0,35,46.05,614,25.0,0,0,0,0,0,0,2,0,6,2,0,0,2,6,35.29,2,0,0,8,98,5,21,10,321,14,3,0,0,7,2,0,0,0,,,,1,0,0,0,0,6,1,0,0,0,0,0,7,0,0.0,7,17,27,41,14,0,0,0,17,7,6,75.0,307.0,0,0,0,71,151,1,,0,34,,8
2003197,Divine Ukadike,chiemerie-ukadike,42371,Enyimba,7.0,28.0,4,0,1,0,1,,1,102,35,137,74.45,40,65,24,3,1,100.0,9,4,0,0,0,3,17.65,3,2,1,16,72.73,6,75.0,22,73.33,360,0.0,0,0,0,0,1,0,0,0,1,2,0,0,0,9,37.5,12,0,0,1,54,1,20,8,215,6,4,0,0,1,0,0,0,0,,,,0,0,0,0,0,7,1,0,0,0,0,0,4,0,0.0,3,1,17,8,2,0,0,0,24,8,7,77.78,0.0,0,0,0,48,106,0,,0,16,,4
1140815,Salah Moussadak,salah-moussadak,42368,Zamalek SC,7.0,7.0,1,0,0,0,0,,0,54,6,60,90.0,38,16,2,0,0,0.0,1,0,1,0,0,0,0.0,0,0,0,2,40.0,1,50.0,3,42.86,90,0.0,0,0,0,0,0,0,0,0,0,0,0,0,0,5,62.5,6,0,0,0,7,0,5,3,74,1,2,0,0,1,0,0,0,0,,,,1,0,0,0,0,0,0,0,0,0,0,0,1,0,0.0,0,0,1,4,1,0,0,0,8,0,1,100.0,0.0,0,0,0,40,21,0,,0,6,,1
873548,Nasser Maher,nasser-maher,42368,Zamalek SC,7.0,7.0,1,0,0,0,0,,0,21,6,27,77.78,9,12,9,0,3,75.0,1,0,0,0,0,0,0.0,0,0,0,7,70.0,3,75.0,10,71.43,68,0.0,0,0,0,0,0,0,0,0,0,0,0,0,0,0,0.0,1,0,0,2,14,1,2,0,47,4,0,0,0,0,0,0,0,0,,,,0,0,0,0,0,0,0,0,0,0,0,0,1,0,0.0,0,4,4,4,1,0,0,0,3,0,1,100.0,0.0,0,0,0,9,22,0,,0,1,,2
1823726,Mohammed Ouyahya,mohammed-ouyahya,80395,RS Berkane,7.0,7.0,1,0,0,0,0,,0,14,5,19,73.68,9,6,4,0,2,100.0,3,2,0,0,0,1,50.0,1,0,0,7,63.64,0,0.0,7,53.85,91,0.0,0,0,0,0,0,0,0,0,0,1,0,0,0,1,100.0,1,0,0,0,10,1,1,1,44,2,3,0,0,1,0,1,0,0,,,,1,0,0,0,0,0,0,0,0,0,0,0,1,0,0.0,0,2,2,6,2,0,0,0,1,0,1,33.33,0.0,0,0,0,10,11,0,,0,8,,2
2002649,Hadama Cisse,hadama-cisse,69326,Stade Malien,7.0,14.0,2,0,0,0,0,,0,43,20,63,68.25,18,27,17,2,4,66.67,4,4,0,0,0,2,20.0,0,0,0,11,64.71,10,71.43,21,67.74,144,0.0,0,0,0,0,0,0,0,0,0,0,0,0,0,3,42.86,6,0,0,1,36,2,3,1,126,3,3,0,0,0,3,0,0,0,,,,0,0,0,0,0,2,0,0,0,0,0,0,1,0,0.0,2,6,10,10,4,0,0,0,7,2,3,75.0,0.0,0,0,0,24,49,0,,0,7,,2
1008213,Ousmane Coulibaly,ousmane-coulibaly,69326,Stade Malien,7.0,21.0,3,0,0,1,0,,0,50,23,73,68.49,10,42,30,6,2,33.33,6,1,0,0,0,2,15.38,7,0,6,13,54.17,14,60.87,27,57.45,254,0.0,0,0,0,0,0,0,0,0,6,1,0,0,0,4,80.0,5,0,0,3,56,2,5,2,150,5,2,0,0,3,0,1,0,0,,,,0,0,0,0,0,4,0,0,0,0,0,0,3,0,0.0,6,6,13,20,9,0,0,0,5,4,3,50.0,0.0,0,0,0,13,73,1,,0,9,,3
1587046,Chikamso Okechukwu,chikamso-okechukwu,42371,Enyimba,7.0,21.0,3,0,0,0,0,,0,74,21,95,77.89,49,25,9,0,0,0.0,10,6,1,0,0,0,0.0,0,0,0,10,71.43,7,70.0,17,70.83,270,0.0,0,0,0,0,0,0,0,0,0,0,0,0,0,12,54.55,15,0,0,0,24,0,13,6,138,0,2,0,0,2,0,0,0,0,,,,0,0,0,0,0,5,0,0,0,0,0,0,3,0,0.0,0,0,0,7,3,0,0,0,22,5,9,90.0,0.0,0,0,0,62,33,1,,1,13,,3
1018826,Imadeddine Azzi,imadeddine-azzi,42206,USM Alger,7.0,28.0,4,0,0,0,0,,0,277,36,313,88.5,227,50,5,0,0,0.0,5,2,2,0,0,0,0.0,2,0,2,7,50.0,18,85.71,25,71.43,360,0.0,0,0,0,0,0,0,0,0,2,0,0,0,0,13,36.11,15,0,0,0,36,0,12,3,347,4,7,0,0,0,0,0,0,0,,,,2,0,0,0,0,2,0,0,0,0,0,0,4,0,0.0,0,0,0,10,3,0,0,0,36,2,4,80.0,0.0,0,0,0,237,76,0,,0,17,,4
1612715,Dramane Traoré,dramane-traore,69326,Stade Malien,7.0,35.0,5,0,1,0,0,,0,51,34,85,60.0,18,37,14,1,3,75.0,6,13,1,0,0,4,22.22,1,0,1,13,43.33,16,72.73,29,55.77,396,0.0,0,0,0,0,0,0,0,0,0,1,0,0,0,16,53.33,22,0,0,2,77,0,8,5,223,4,7,0,0,7,0,0,0,0,,,,1,0,0,0,0,4,0,0,0,0,0,0,5,0,0.0,1,4,18,23,6,0,0,0,30,4,3,50.0,0.0,0,0,0,25,78,0,,0,18,,5
1113028,Laïd Chahine Bellaouel,laid-chahine-bellaouel,55393,CS Constantine,6.99,69.9,10,1,1,0,1,,2,414,98,512,80.86,336,79,20,1,0,0.0,16,13,1,0,0,1,20.0,4,3,0,23,71.88,22,73.33,45,72.58,900,25.0,0,0,0,1,0,0,1,0,3,1,0,0,0,29,29.29,49,0,0,1,109,0,43,17,633,8,7,0,0,1,0,1,0,0,,,,4,0,0,0,0,8,4,0,0,0,0,0,10,0,0.0,1,0,5,17,8,0,0,0,99,12,9,56.25,900.0,0,0,0,364,153,2,,10,37,,10
1612113,Sacko Seydou,sacko-seydou,42360,ASEC Mimosas,6.99,48.9,7,0,0,0,1,,1,234,40,274,85.4,126,108,34,2,0,0.0,18,17,1,0,0,0,0.0,2,0,2,27,50.94,7,46.67,34,50.0,535,0.0,0,0,0,0,0,0,0,0,0,2,0,0,0,11,61.11,12,0,0,2,51,2,6,3,356,9,15,0,0,6,0,0,0,0,,,,2,0,0,0,0,5,0,0,0,0,0,0,7,0,0.0,2,3,1,34,8,0,0,0,18,5,11,61.11,0.0,0,0,0,135,140,0,,0,28,,7
1499155,Mohamed Ali Yabré,mohamed-ali-yabre,42360,ASEC Mimosas,6.98,41.9,6,0,1,0,1,,1,180,45,225,80.0,94,89,36,5,3,50.0,16,11,2,0,0,3,20.0,0,0,0,23,51.11,13,65.0,36,55.38,469,0.0,0,0,0,0,0,0,0,0,0,0,0,0,0,12,52.17,7,0,0,4,86,1,14,5,371,4,16,0,1,2,1,0,0,0,,,,2,0,0,0,0,4,1,0,0,0,0,0,5,0,0.0,5,6,15,29,7,0,0,0,23,5,12,75.0,0.0,0,0,0,112,128,0,,0,22,,7
1064699,Abednego Mosiatlhaga,abednego-mosiatlhaga,195753,FC Bravos do Maquis,6.98,34.9,5,2,1,1,1,,3,78,9,87,89.66,42,41,7,5,3,50.0,4,1,0,0,0,5,35.71,5,3,1,10,34.48,0,0.0,10,32.26,344,40.0,0,0,0,0,0,0,2,0,5,0,0,0,2,3,60.0,1,0,0,9,37,0,3,2,143,3,6,0,0,1,5,1,0,0,,,,0,0,0,0,0,6,0,0,0,0,0,0,5,0,0.0,5,6,14,21,2,0,0,0,5,6,4,100.0,172.0,0,0,0,45,56,1,,0,15,,5
919954,Youssef Zghoudi,youssef-zghoudi,80395,RS Berkane,6.98,62.8,9,3,0,1,0,,3,84,34,118,71.19,42,44,18,1,4,26.67,5,7,0,0,0,2,33.33,11,4,5,20,48.78,13,61.9,33,53.23,410,27.27,0,0,0,0,0,0,3,0,8,3,2,0,1,3,30.0,11,0,0,2,64,1,5,2,217,11,8,0,0,0,2,2,0,0,,,,1,0,0,0,0,2,0,0,0,0,0,0,4,0,0.0,1,15,6,29,8,0,0,0,10,2,3,60.0,136.67,0,0,0,48,76,1,,1,28,,9
1182584,Youssef Mehri,youssef-mehri,80395,RS Berkane,6.98,83.7,12,2,0,0,1,,3,241,60,301,80.07,99,146,76,16,9,52.94,15,4,0,0,0,4,16.67,11,6,3,33,37.5,22,43.14,55,39.57,865,18.18,0,0,0,0,0,0,2,0,9,2,0,0,2,5,55.56,8,0,0,17,137,3,19,12,470,9,28,1,0,5,4,2,0,0,,,,1,0,0,0,0,2,0,0,0,0,0,0,10,0,0.0,16,17,24,84,29,0,0,0,9,2,9,60.0,432.5,0,0,0,112,213,0,,0,44,,12
973053,Mohamed Hussein,mohamed-husseini,212409,Simba SC,6.98,83.7,12,1,2,0,1,,2,378,92,470,80.43,166,218,90,14,3,37.5,24,14,0,0,0,6,27.27,2,1,0,33,56.9,12,50.0,45,54.88,1010,50.0,0,0,0,0,0,0,0,1,0,2,0,1,0,36,52.94,15,0,0,4,136,1,46,28,684,6,9,1,0,9,1,1,0,0,,,,2,0,0,0,0,7,1,0,0,0,0,0,12,0,0.0,14,8,22,37,12,0,0,0,68,8,15,62.5,1010.0,0,0,0,201,291,1,,0,59,,12
1183666,Mohamed Nasraoui,mohamed-nasraoui,44463,CS Sfaxien,6.98,27.9,4,1,0,0,0,,1,158,22,180,87.78,116,42,9,0,0,0.0,7,3,0,0,0,0,0.0,3,2,1,7,70.0,9,69.23,16,69.57,304,33.33,0,0,0,0,0,0,1,0,2,1,0,1,0,18,64.29,9,0,0,0,26,1,14,8,213,0,2,0,0,1,0,0,0,0,,,,0,0,0,0,0,5,0,0,0,0,0,0,4,0,0.0,0,0,0,7,4,0,0,0,28,5,5,71.43,304.0,0,0,0,125,55,1,,0,12,,4
1471146,Brahim Benzaza,brahim-benzaza,42206,USM Alger,6.98,55.8,8,0,2,0,1,,1,180,44,224,80.36,64,124,68,10,7,36.84,18,3,0,0,0,8,26.67,5,0,3,38,53.52,5,45.45,43,52.44,559,0.0,0,0,0,0,0,0,0,0,1,4,0,0,0,11,52.38,4,0,0,10,109,4,13,6,371,15,5,0,0,7,1,2,0,0,,,,1,0,0,0,0,2,0,0,0,0,0,0,7,0,0.0,10,19,30,39,6,0,0,0,21,2,13,72.22,0.0,0,0,0,72,182,0,,0,29,,8
2002682,Solomane Coulibaly,solomane-coulibaly,69326,Stade Malien,6.97,20.9,3,0,0,0,0,,0,63,20,83,75.9,52,11,7,0,0,0.0,0,0,0,0,0,0,0.0,0,0,0,0,0.0,0,0.0,0,0.0,270,0.0,0,0,0,0,0,0,0,0,0,0,0,0,0,15,45.45,4,0,0,0,20,0,1,1,118,0,0,0,0,0,0,0,0,8,,,,0,1,0,5,3,4,0,1,3,3,1,0,3,0,0.0,0,0,0,0,0,0,0,0,33,4,0,0.0,0.0,0,1,0,56,27,0,,14,37,,3
2002683,Soumaila Magassouba,soumaila-magassouba,69326,Stade Malien,6.97,41.8,6,0,0,1,0,,0,176,67,243,72.43,95,81,31,3,7,77.78,11,8,1,0,0,0,0.0,6,1,4,25,65.79,12,63.16,37,64.91,540,0.0,0,0,0,1,1,0,0,0,3,3,0,0,0,40,45.45,22,0,1,1,74,0,40,20,333,7,8,0,0,2,0,1,0,0,,,,1,0,0,0,0,6,0,0,0,0,0,0,6,0,0.0,3,9,0,20,7,0,0,0,88,6,8,72.73,0.0,0,0,0,111,132,0,,3,35,,6
1427165,Moussa Diallo,moussa-diallo,69326,Stade Malien,6.97,41.8,6,0,4,0,0,,0,59,28,87,67.82,16,50,22,6,0,0.0,15,11,0,0,0,7,31.82,4,0,3,18,52.94,11,39.29,29,46.77,394,0.0,0,0,0,0,0,0,0,0,2,2,0,0,0,1,20.0,4,0,0,2,59,1,5,4,177,3,7,0,0,5,1,1,0,0,,,,0,0,0,0,0,4,0,0,0,0,0,0,4,0,0.0,6,3,22,33,17,0,0,0,5,4,11,73.33,0.0,0,0,0,23,86,0,,0,22,,6
2003576,Rupson,rupson,394492,CD Lunda Sul,6.97,41.8,6,0,1,1,0,,0,45,24,69,65.22,16,29,12,1,0,0.0,3,2,1,0,0,0,0.0,12,2,6,11,36.67,29,69.05,40,55.56,366,0.0,0,0,0,0,0,0,0,0,11,1,0,0,0,0,0.0,7,0,0,6,47,2,3,1,139,10,12,0,0,2,5,4,0,0,,,,0,0,0,0,0,4,0,0,0,0,0,0,4,0,0.0,1,1,1,32,13,0,0,0,1,4,2,66.67,0.0,0,0,0,18,52,0,,0,9,,6
1008616,Franck Zouzou,franck-zouzou,42360,ASEC Mimosas,6.96,55.7,8,0,0,0,0,,0,341,69,410,83.17,220,125,38,3,0,0.0,10,8,1,0,0,4,26.67,6,0,4,16,57.14,15,62.5,31,59.62,701,0.0,0,0,0,0,4,0,0,0,1,5,0,0,0,30,42.86,41,0,0,2,101,0,40,19,557,7,7,1,0,3,0,2,0,0,,,,2,0,0,0,0,6,1,0,0,0,0,0,8,0,0.0,3,1,15,21,9,0,0,0,70,7,6,60.0,0.0,0,0,0,238,187,0,,0,22,,8
1048454,Hossam Ashraf,hossam-ashraf,42368,Zamalek SC,6.96,34.8,5,2,0,0,0,,2,23,8,31,74.19,8,15,8,1,0,0.0,0,0,0,0,0,0,0.0,4,3,1,4,40.0,6,37.5,10,38.46,179,50.0,0,0,0,0,0,0,2,0,3,1,0,0,2,1,100.0,2,0,0,2,15,0,1,1,52,4,5,0,0,0,0,0,0,0,,,,0,0,0,0,0,1,0,0,0,0,0,0,2,0,0.0,1,0,2,16,10,0,0,0,1,1,0,0.0,89.5,0,0,0,10,23,1,,0,2,,5
1000182,Adalid Terrazas,adalid-terrazas,42206,USM Alger,6.96,34.8,5,0,3,0,0,,0,47,9,56,83.93,23,27,11,5,2,100.0,3,0,0,0,0,3,60.0,1,0,1,9,64.29,0,0.0,9,60.0,78,0.0,0,0,0,0,0,0,0,0,0,1,0,0,0,4,50.0,0,0,0,1,12,2,8,6,75,4,1,0,0,3,0,0,0,0,,,,0,0,0,0,0,1,0,0,0,0,0,0,0,0,0.0,5,2,5,6,1,0,0,0,8,1,1,33.33,0.0,0,0,0,25,36,0,,0,8,,5
1004225,Abdennour Belhocini,belhocini-abdennour,55393,CS Constantine,6.96,48.7,7,3,1,4,0,,3,80,30,110,72.73,29,56,33,10,6,40.0,2,1,0,0,0,5,26.32,11,5,5,19,48.72,11,55.0,30,50.85,438,27.27,0,0,0,0,0,0,3,0,9,2,2,1,0,7,50.0,2,0,0,5,70,4,10,5,205,11,4,0,0,2,0,1,0,0,,,,1,0,0,0,0,7,1,0,0,0,0,0,4,0,0.0,10,15,19,29,9,0,0,0,14,8,2,100.0,146.0,0,0,0,34,95,1,,0,22,,7
1018540,Dadi El Hocine Mouaki,dadi-el-hocine-mouaki,55393,CS Constantine,6.96,48.7,7,2,0,3,0,,2,21,8,29,72.41,7,15,9,1,7,77.78,2,0,1,0,0,1,50.0,10,4,5,11,52.38,5,45.45,16,50.0,142,20.0,0,0,0,0,1,0,2,0,7,3,0,1,1,1,50.0,0,0,0,2,19,1,3,1,70,2,2,0,0,5,0,1,0,0,,,,0,0,0,0,0,0,1,0,0,0,0,0,0,0,0.0,1,9,2,16,6,0,0,0,2,1,2,100.0,71.0,0,0,0,10,21,0,,0,7,,7
1000454,Zakaria Bouhalfaya,zakaria-bouhalfaya,55393,CS Constantine,6.96,48.7,7,0,0,0,0,,0,145,70,215,67.44,121,24,2,0,0,0.0,0,0,0,0,0,0,0.0,0,0,0,0,0.0,0,0.0,0,0.0,629,0.0,0,0,0,0,0,0,0,0,0,0,0,0,0,38,35.51,3,0,1,0,72,0,17,9,270,0,0,0,0,0,0,0,0,18,,,,3,2,1,8,10,7,1,3,2,2,8,0,7,0,0.0,0,0,0,0,0,0,0,0,107,8,0,0.0,0.0,0,0,3,128,87,0,,39,58,,7
973050,Messalla Merbah,messalla-merbah,55393,CS Constantine,6.96,62.6,9,0,0,0,0,,0,492,58,550,89.45,300,193,65,2,2,66.67,28,15,3,0,0,1,50.0,5,1,4,33,45.83,9,50.0,42,46.67,810,0.0,0,0,0,0,0,0,0,0,1,4,0,0,0,23,60.53,7,0,0,9,82,2,38,19,667,3,21,0,0,11,0,0,0,0,,,,4,0,0,0,0,7,4,0,0,0,0,0,9,0,0.0,2,3,2,48,9,0,0,0,38,11,17,60.71,0.0,0,0,0,317,235,0,,0,80,,9
1013858,Firas Sekkouhi,firas-sekkouhi,44463,CS Sfaxien,6.95,41.7,6,1,1,0,1,,2,178,46,224,79.46,84,98,47,9,3,50.0,14,9,1,0,0,4,28.57,7,1,2,29,50.88,7,46.67,36,50.0,514,14.29,0,0,0,0,0,0,1,0,2,5,0,1,0,13,43.33,4,0,0,2,76,2,35,17,323,12,12,0,0,12,0,4,0,0,,,,1,0,0,0,0,8,1,0,0,0,0,0,6,0,0.0,9,6,14,36,8,0,0,0,30,9,9,64.29,514.0,0,0,0,95,143,0,,0,35,,6
978956,Ayoub Khairi,ayoub-khairi,80395,RS Berkane,6.95,83.4,12,0,3,0,2,,2,323,66,389,83.03,143,185,106,10,1,50.0,8,8,2,0,0,5,29.41,17,2,6,23,46.0,5,41.67,28,45.16,856,0.0,0,0,0,0,2,0,0,0,3,14,0,0,0,18,51.43,6,0,0,6,101,6,35,19,511,14,15,0,0,7,5,9,0,0,,,,3,0,0,0,0,2,0,0,0,0,0,0,11,0,0.0,10,2,17,34,7,0,0,0,35,2,5,62.5,0.0,0,0,0,158,248,2,,0,32,,12
563024,Hamza Mathlouthi,mathlouthi-hamza,42368,Zamalek SC,6.95,13.9,2,0,0,0,0,,0,101,16,117,86.32,66,35,13,0,0,0.0,2,1,0,0,0,0,0.0,0,0,0,3,42.86,3,75.0,6,54.55,170,0.0,0,0,0,0,0,0,0,0,0,0,0,0,0,19,70.37,1,0,0,1,18,0,19,14,127,1,3,0,0,0,0,0,0,0,,,,0,0,0,0,0,1,0,0,0,0,0,0,2,0,0.0,0,0,0,5,1,0,0,0,27,1,1,50.0,0.0,0,0,0,75,42,0,,0,9,,2
1127768,Ernan,ernan,375117,Associação Black Bulls,6.95,27.8,4,0,0,0,0,,0,128,46,174,73.56,109,19,3,0,1,100.0,1,0,0,0,0,0,0.0,0,0,0,4,57.14,1,100.0,5,62.5,338,0.0,0,0,0,1,0,0,0,0,0,0,0,0,0,34,44.74,3,2,2,0,49,0,25,17,231,2,1,0,0,2,0,0,0,21,,,,0,1,0,15,6,9,1,1,3,2,1,0,4,0,0.0,0,1,0,3,0,0,0,0,76,10,0,0.0,0.0,0,0,4,126,48,0,,28,44,,4
1002476,Issaga Kane,issaga-kane,87306,ASC Jaraaf,6.95,41.7,6,0,1,0,0,,0,163,28,191,85.34,76,91,37,3,1,33.33,16,6,0,0,0,4,21.05,3,0,1,24,68.57,1,10.0,25,55.56,511,0.0,0,0,0,0,0,0,0,0,0,3,0,0,0,12,57.14,9,0,0,2,57,2,16,7,278,7,6,1,0,3,0,2,0,0,,,,4,0,0,0,0,2,0,0,0,0,0,0,6,0,0.0,3,3,19,20,9,0,0,0,21,2,9,56.25,0.0,0,0,0,85,125,0,,0,26,,6
998536,Lesenya Malapela,lesenya-malapela,297710,Orapa United,6.95,41.7,6,0,0,0,0,,0,94,90,184,51.09,83,11,6,0,1,100.0,1,0,1,0,0,0,0.0,0,0,0,2,100.0,3,75.0,5,83.33,540,0.0,0,0,0,0,0,0,0,0,0,0,0,0,0,35,28.46,6,3,0,0,90,0,16,8,239,1,0,0,0,0,0,0,0,27,,,,2,1,1,19,8,12,1,2,3,1,3,0,6,0,0.0,0,1,0,1,1,0,0,0,123,13,1,100.0,0.0,0,0,7,109,75,2,,46,52,,6
1469729,Islam Merili,islam-merili,42206,USM Alger,6.94,34.7,5,1,0,0,0,,1,57,5,62,91.94,30,28,11,3,4,66.67,6,1,0,0,0,1,25.0,3,1,1,13,72.22,0,0.0,13,72.22,105,33.33,0,0,0,0,0,0,1,0,1,2,0,0,1,3,60.0,0,0,0,0,13,1,4,2,91,3,2,0,0,1,0,1,0,0,,,,0,0,0,0,0,1,0,0,0,0,0,0,0,0,0.0,3,6,4,5,0,0,0,0,5,1,4,66.67,105.0,0,0,0,31,35,0,,0,6,,5
975848,Mohamed Benchaira,mohamed-benchaira,55393,CS Constantine,6.94,69.4,10,0,0,0,1,,1,432,72,504,85.71,208,230,101,7,7,70.0,13,9,0,0,0,6,21.43,2,1,1,26,60.47,0,0.0,26,54.17,872,0.0,0,0,0,1,0,0,0,0,1,1,0,0,0,41,62.12,2,0,0,4,118,3,63,36,622,6,5,0,0,6,1,0,0,0,,,,0,0,0,0,0,7,3,0,0,0,0,0,10,0,0.0,7,10,28,22,5,0,0,0,66,10,8,61.54,0.0,0,0,0,220,312,0,,0,57,,10
1533733,Pape Badji,pape-badji,43560,Al-Masry,6.94,34.7,5,0,1,1,0,,0,23,12,35,65.71,8,15,6,2,2,100.0,5,1,1,0,0,0,0.0,7,6,1,9,64.29,14,77.78,23,71.88,116,0.0,0,0,0,0,0,0,0,0,6,1,0,0,0,2,66.67,1,0,0,1,20,3,3,2,70,2,8,0,0,0,2,0,0,0,,,,0,0,0,0,0,1,0,0,0,0,0,0,0,0,0.0,2,2,0,9,4,0,0,0,3,1,4,80.0,0.0,0,0,0,13,22,0,,0,7,,5
1099271,Mamadou Doumbia,mamadou-doumbia,69326,Stade Malien,6.94,34.7,5,0,0,0,0,,0,110,39,149,73.83,75,35,11,0,0,0.0,6,2,1,0,0,0,0.0,0,0,0,10,62.5,5,45.45,15,55.56,405,0.0,0,0,0,0,0,0,0,0,0,0,0,0,0,20,40.0,27,0,0,0,41,1,18,2,204,4,6,0,0,0,1,0,0,0,,,,1,0,0,0,0,3,0,0,0,0,0,0,5,0,0.0,0,0,0,12,6,0,0,0,50,3,4,66.67,0.0,0,0,0,82,67,0,,0,13,,5
1612658,Platini,platini,394492,CD Lunda Sul,6.94,34.7,5,0,0,0,0,,0,142,27,169,84.02,82,61,18,3,2,50.0,8,4,1,0,0,1,100.0,3,1,1,22,56.41,6,50.0,28,54.9,449,0.0,0,0,0,0,0,0,0,0,0,3,0,0,0,21,70.0,7,0,0,3,37,1,9,7,228,12,10,0,0,3,0,1,0,0,,,,2,0,0,0,0,5,0,0,0,0,0,0,5,0,0.0,3,4,1,23,6,0,0,0,30,5,6,75.0,0.0,0,0,0,93,77,0,,1,23,,5
2003557,Crespo,crespo,394492,CD Lunda Sul,6.94,34.7,5,0,0,0,0,,0,179,40,219,81.74,112,67,17,0,5,62.5,9,5,2,0,0,0,0.0,3,0,1,21,55.26,14,60.87,35,57.38,409,0.0,0,0,0,0,0,0,0,0,1,2,0,0,0,27,50.0,24,0,0,1,54,0,26,18,305,8,8,0,0,5,0,2,0,0,,,,1,0,0,0,0,5,0,0,0,0,0,0,5,0,0.0,0,8,1,26,9,0,0,0,54,5,4,44.44,0.0,0,0,0,121,99,0,,0,18,,5
2002659,Kankonde Tshisungu,kankonde-tshisungu,42360,ASEC Mimosas,6.93,20.8,3,1,0,1,0,,1,27,6,33,81.82,13,14,7,1,1,100.0,1,1,0,0,0,0,0.0,9,4,3,2,40.0,3,25.0,5,29.41,204,11.11,0,0,0,0,1,0,1,0,4,5,1,0,0,2,66.67,1,0,0,1,14,2,2,2,57,0,3,0,0,1,1,2,0,0,,,,1,0,0,0,0,1,0,0,0,0,0,0,3,0,0.0,1,1,2,12,9,0,0,0,3,1,0,0.0,204.0,0,0,0,14,21,0,,0,4,,4
1049560,Adama Wade,adama-wade,87306,ASC Jaraaf,6.93,20.8,3,0,0,1,0,,0,86,33,119,72.27,65,21,8,1,0,0.0,4,5,1,0,0,0,0.0,1,1,0,12,66.67,14,73.68,26,70.27,270,0.0,0,0,0,0,0,0,0,0,1,0,0,0,0,7,26.92,10,0,0,0,34,0,13,3,157,8,4,0,1,2,0,0,0,0,,,,2,0,0,0,0,2,0,0,0,0,0,0,3,0,0.0,1,0,0,11,5,0,0,0,26,2,3,75.0,0.0,0,0,0,76,43,0,,0,8,,3
1640521,Júnior Goiano,junior-goiano,394492,CD Lunda Sul,6.93,41.6,6,0,0,0,0,,0,186,41,227,81.94,128,58,17,3,0,0.0,9,7,0,0,0,0,0.0,4,0,2,12,60.0,23,76.67,35,70.0,540,0.0,0,0,0,0,1,0,0,0,3,1,0,0,0,15,42.86,39,0,0,1,49,0,19,7,310,3,5,0,0,2,0,2,0,0,,,,2,0,0,0,0,6,0,0,0,0,0,0,6,0,0.0,3,0,0,15,7,0,0,0,35,6,7,77.78,0.0,0,0,0,145,82,0,,1,13,,6
945822,Zakaria Benchaa,zakaria-benchaa,55393,CS Constantine,6.93,69.3,10,2,1,0,0,,2,84,32,116,72.41,39,45,26,4,8,47.06,7,1,2,0,0,0,0.0,17,6,8,30,43.48,9,31.03,39,39.8,745,11.76,0,0,0,0,0,0,2,0,9,8,0,0,2,5,38.46,4,0,0,10,88,3,3,1,247,15,16,1,0,5,3,3,0,0,,,,0,0,0,0,0,7,3,0,0,0,0,0,9,0,0.0,4,17,4,59,20,0,0,0,13,10,5,71.43,372.5,0,0,0,44,76,0,,0,23,,10
980369,Wale Musa Alli,wale-musa-alli,42206,USM Alger,6.93,48.5,7,1,1,2,2,,3,85,21,106,80.19,28,59,32,5,5,33.33,6,1,0,0,0,2,25.0,8,3,4,28,51.85,2,28.57,30,49.18,501,12.5,0,0,0,0,0,0,1,0,7,1,0,0,1,0,0.0,3,0,0,8,63,4,3,0,211,18,7,0,0,2,6,1,0,0,,,,0,0,0,0,0,2,0,0,0,0,0,0,6,0,0.0,5,15,8,31,5,0,0,0,3,2,4,66.67,501.0,0,0,0,33,81,0,,0,19,,7
1064698,Chumani Thembile Butsaka,chumani-thembile-butsaka,43555,Stellenbosch,6.92,62.3,9,1,0,0,0,,1,140,27,167,83.83,57,84,46,3,8,88.89,10,3,1,0,0,1,25.0,9,2,3,29,60.42,3,27.27,32,54.24,341,11.11,0,0,1,0,0,0,1,0,8,1,0,0,1,5,38.46,3,0,0,4,44,3,8,5,238,11,11,0,0,3,0,4,0,0,,,,0,0,0,0,0,3,1,0,0,0,0,0,3,0,0.0,3,9,4,27,8,0,0,0,13,4,8,80.0,341.0,0,0,0,66,105,2,,0,23,,9
851243,Konrad Michalak,konrad-michalak,42368,Zamalek SC,6.92,34.6,5,0,1,0,1,,1,33,14,47,70.21,14,22,15,4,2,66.67,5,1,0,0,0,3,27.27,2,1,1,9,60.0,0,0.0,9,56.25,181,0.0,0,0,0,0,0,0,0,0,2,0,0,0,0,0,0.0,1,0,0,2,27,1,4,2,80,2,3,0,0,0,0,0,0,0,,,,0,0,0,0,0,0,1,0,0,0,0,0,1,0,0.0,4,3,11,7,1,0,0,0,1,1,4,80.0,0.0,0,0,0,15,43,0,,0,10,,5
918604,Baher El Mohamady,baher-el-mohamady,43560,Al-Masry,6.92,34.6,5,0,0,0,0,,0,156,33,189,82.54,115,41,12,0,1,100.0,7,6,2,0,0,0,0.0,1,0,1,11,57.89,10,66.67,21,61.76,450,0.0,0,0,0,0,0,0,0,0,1,0,0,0,0,16,48.48,31,0,0,0,38,0,28,15,255,3,3,0,0,5,0,0,0,0,,,,2,0,0,0,0,2,2,0,0,0,0,0,5,0,0.0,0,1,1,13,5,0,0,0,33,4,5,71.43,0.0,0,0,0,126,64,0,,4,10,,5
1389833,Abdoulaye Diedhiou,abdoulaye-diedhiou,87306,ASC Jaraaf,6.92,34.6,5,0,0,0,0,,0,116,23,139,83.45,81,35,10,0,0,0.0,3,4,0,0,0,0,0.0,0,0,0,5,50.0,10,76.92,15,65.22,450,0.0,0,0,0,0,0,0,0,0,0,0,0,0,0,15,48.39,19,0,0,1,29,0,10,5,188,2,1,0,0,1,0,0,0,0,,,,4,0,0,0,0,2,0,0,0,0,0,0,5,0,0.0,0,2,0,8,3,0,0,0,31,2,1,33.33,0.0,0,0,0,86,53,0,,0,19,,5
1099692,Abdulrazack Hamza,abdulrazack-hamza,212409,Simba SC,6.92,76.1,11,0,0,0,0,,0,438,49,487,89.94,295,143,26,5,3,75.0,9,10,0,0,0,0,0.0,3,0,2,20,71.43,16,51.61,36,61.02,890,0.0,0,0,0,0,0,0,0,0,3,0,0,0,0,26,59.09,32,0,0,2,57,0,22,13,575,8,5,0,1,1,0,1,0,0,,,,6,0,0,0,0,7,1,0,0,0,0,0,11,0,0.0,5,4,1,23,15,0,0,0,44,8,6,66.67,0.0,0,0,0,318,170,1,,10,49,,11
1112014,Fidel Helder De Sousa,fidel-helder-de-sousa,375117,Associação Black Bulls,6.92,41.5,6,1,5,0,2,,3,132,28,160,82.5,67,74,25,7,2,28.57,2,6,1,0,0,9,25.71,1,1,0,16,57.14,3,37.5,19,52.78,459,100.0,0,0,0,0,0,0,0,1,0,1,0,0,1,4,28.57,7,0,0,3,75,2,6,2,297,12,2,0,0,2,0,0,0,0,,,,1,0,0,0,0,9,2,0,0,0,0,0,5,0,0.0,7,7,35,17,5,0,0,0,14,11,1,50.0,459.0,0,0,0,71,124,0,,0,23,,6
2002679,Siaka Diaby,siaka-diaby,69326,Stade Malien,6.92,41.5,6,1,0,2,0,,1,55,33,88,62.5,14,41,27,3,1,16.67,3,0,0,0,0,0,0.0,7,3,3,6,28.57,24,54.55,30,46.15,347,14.29,0,0,1,0,0,0,1,0,5,2,0,0,1,1,100.0,2,0,0,3,58,1,4,1,131,2,7,0,0,2,1,1,0,0,,,,0,0,0,0,0,5,0,0,0,0,0,0,3,0,0.0,3,6,1,35,20,0,0,0,1,5,3,100.0,347.0,0,0,0,15,74,0,,0,13,,6
1107544,Cheikh Ndoye,cheikh-ndoye,87306,ASC Jaraaf,6.92,41.5,6,0,0,0,0,,0,60,79,139,43.17,31,29,15,1,0,0.0,1,1,0,0,0,0,0.0,0,0,0,3,100.0,4,100.0,7,100.0,540,0.0,0,0,0,0,0,0,0,0,0,0,0,0,0,33,29.46,0,1,0,0,82,0,1,0,182,3,0,0,0,0,0,0,0,8,,,,4,0,0,6,2,4,0,0,0,0,11,0,6,0,0.0,1,0,0,0,0,0,0,0,112,4,1,100.0,0.0,0,0,1,35,104,0,,45,50,,6
1007589,Oussama Benbot,oussama-benbot,42206,USM Alger,6.91,48.4,7,0,0,0,0,,0,128,52,180,71.11,113,15,3,0,1,100.0,0,0,2,0,0,0,0.0,0,0,0,2,100.0,0,0.0,2,100.0,630,0.0,0,0,0,0,0,0,0,0,0,0,0,0,0,32,38.55,1,0,1,0,55,0,12,7,244,1,0,0,0,0,0,0,0,12,,,,4,0,0,8,4,3,0,1,1,1,2,0,7,0,0.0,0,1,0,0,0,0,0,0,83,3,0,0.0,0.0,0,0,2,127,53,0,,53,55,,7
2004355,Rume Akporoh,rume-akporoh,375117,Associação Black Bulls,6.9,41.4,6,2,0,1,0,,2,223,54,277,80.51,124,100,39,1,2,66.67,9,11,0,0,0,1,50.0,5,2,3,16,47.06,7,58.33,23,50.0,464,40.0,0,0,0,0,0,0,2,0,3,2,1,0,1,17,62.96,2,0,0,5,68,1,13,8,339,5,6,0,0,6,0,0,0,0,,,,0,0,0,0,0,11,2,0,0,0,0,0,6,0,0.0,1,3,2,23,5,0,0,0,27,13,6,66.67,232.0,0,0,0,141,138,0,,0,34,,6
871738,Mido Gaber,mido-gaber,43560,Al-Masry,6.9,27.6,4,1,1,0,0,,1,20,10,30,66.67,4,16,7,1,0,0.0,1,0,2,0,0,0,0.0,3,3,0,2,28.57,2,66.67,4,40.0,128,33.33,0,0,0,0,0,0,1,0,1,2,0,1,0,1,100.0,1,0,0,1,21,3,3,1,50,1,3,0,0,1,1,0,0,0,,,,0,0,0,0,0,0,0,0,0,0,0,0,1,0,0.0,1,0,3,6,1,0,0,0,1,0,1,100.0,128.0,0,0,0,4,29,0,,0,5,,4
1163229,Ahmed Mahmoud,ahmed-mahmoud,42368,Zamalek SC,6.9,6.9,1,0,0,0,0,,0,15,5,20,75.0,11,4,2,0,1,100.0,3,1,0,0,0,0,0.0,0,0,0,5,83.33,0,0.0,5,83.33,89,0.0,0,0,0,0,0,0,0,0,0,0,0,0,0,0,0.0,3,0,0,0,8,0,1,0,40,1,0,0,0,1,0,0,0,0,,,,0,0,0,0,0,0,2,0,0,0,0,0,1,0,0.0,0,1,1,1,0,0,0,0,2,2,2,66.67,0.0,0,0,0,11,10,0,,0,1,,1
1612625,Adi Boyó,adi-boyo,195753,FC Bravos do Maquis,6.9,6.9,1,0,0,0,0,,0,7,4,11,63.64,3,4,1,0,0,0.0,2,0,0,0,0,0,0.0,0,0,0,6,66.67,2,100.0,8,72.73,24,0.0,0,0,0,0,0,0,0,0,0,0,0,0,0,1,50.0,1,0,0,1,5,0,1,1,21,4,1,0,0,1,0,0,0,0,,,,0,0,0,0,0,1,0,0,0,0,0,0,0,0,0.0,0,0,0,3,0,0,0,0,2,1,2,100.0,0.0,0,0,0,5,6,0,,0,0,,1
2003561,Dasfáa,dasfaa,394492,CD Lunda Sul,6.9,13.8,2,0,0,1,0,,0,15,4,19,78.95,1,14,11,2,1,50.0,2,0,0,0,0,0,0.0,2,2,0,7,63.64,0,0.0,7,58.33,79,0.0,0,0,0,0,0,0,0,0,1,1,0,0,0,0,0.0,0,0,0,1,12,1,1,0,38,4,2,0,0,0,2,0,0,0,,,,0,0,0,0,0,0,0,0,0,0,0,0,1,0,0.0,2,2,3,5,1,0,0,0,0,0,1,50.0,0.0,0,0,0,1,21,0,,0,2,,2
2003565,João Mulundu,joao-mulundo,394492,CD Lunda Sul,6.9,13.8,2,0,0,0,0,,0,31,7,38,81.58,11,20,10,0,1,50.0,2,0,0,0,0,0,0.0,1,0,1,7,63.64,1,100.0,8,66.67,102,0.0,0,0,0,0,0,0,0,0,0,1,0,0,0,4,66.67,2,0,0,0,10,0,5,4,53,4,3,0,0,0,0,0,0,0,,,,0,0,0,0,0,0,0,0,0,0,0,0,1,0,0.0,0,2,0,4,0,0,0,0,6,0,2,100.0,0.0,0,0,0,14,24,0,,0,9,,2
1902412,Omega Mdaka,omega-mdaka,43555,Stellenbosch,6.9,20.7,3,0,0,0,0,,0,76,32,108,70.37,43,34,17,1,4,50.0,5,4,0,0,0,1,20.0,1,1,0,12,70.59,1,25.0,13,61.9,242,0.0,0,0,0,0,1,0,0,0,0,1,0,0,0,4,20.0,8,0,0,1,55,0,15,3,184,3,1,0,0,0,0,0,0,0,,,,1,0,0,0,0,2,1,0,0,0,0,0,3,0,0.0,1,8,5,8,3,0,0,0,20,3,4,80.0,0.0,0,0,0,50,63,0,,0,16,,3
1527564,Ibrahim Doumbia,ibrahim-doumbia,42360,ASEC Mimosas,6.9,20.7,3,0,1,0,0,,0,130,20,150,86.67,92,38,13,1,0,0.0,5,2,0,0,0,0,0.0,1,0,1,6,66.67,4,40.0,10,52.63,270,0.0,0,0,0,0,0,0,0,0,0,1,0,0,0,7,46.67,14,0,0,0,22,1,10,7,182,2,2,0,0,2,0,0,0,0,,,,1,0,0,0,0,2,0,0,0,0,0,0,3,0,0.0,1,0,1,9,6,0,0,0,15,2,3,60.0,0.0,0,0,0,98,53,0,,0,7,,3
1612733,Youssouf Coulibaly,youssouf-coulibaly,69326,Stade Malien,6.9,20.7,3,0,0,0,0,,0,55,24,79,69.62,29,26,6,0,0,0.0,9,3,1,0,0,0,0.0,2,1,1,18,66.67,11,57.89,29,63.04,270,0.0,0,0,0,0,0,0,0,0,0,2,0,0,0,7,58.33,17,0,0,3,30,1,5,3,142,10,4,0,0,3,0,0,0,0,,,,0,0,0,0,0,4,0,0,0,0,0,0,3,0,0.0,0,0,0,17,8,0,0,0,12,4,4,44.44,0.0,0,0,0,40,39,0,,0,15,,3
2003189,Abdoulaye Faty,abdoulaye-faty,87306,ASC Jaraaf,6.9,41.4,6,0,0,0,0,,0,58,17,75,77.33,19,39,20,4,13,68.42,14,5,1,0,0,0,0.0,4,1,3,39,53.42,3,21.43,42,48.28,471,0.0,0,0,0,0,0,0,0,0,2,2,0,0,0,2,33.33,0,0,0,11,63,6,5,2,196,13,10,0,0,7,0,0,0,0,,,,0,0,0,0,0,2,0,0,0,0,0,0,6,0,0.0,4,19,4,45,11,0,0,0,6,2,8,57.14,0.0,0,0,0,22,57,0,,0,24,,6
967127,Khaled Sobhi,khaled-sobhi,43560,Al-Masry,6.9,48.3,7,0,1,0,0,,0,150,35,185,81.08,113,37,14,2,1,100.0,6,3,0,0,0,0,0.0,0,0,0,8,66.67,2,50.0,10,62.5,468,0.0,0,0,0,0,0,0,0,0,0,0,0,0,0,23,44.23,33,0,0,0,37,0,30,17,238,1,1,0,0,3,0,0,0,0,,,,2,0,0,0,0,4,1,0,0,0,0,0,5,0,0.0,2,1,0,6,2,0,0,0,52,5,3,50.0,0.0,0,0,0,124,61,1,,5,14,,7
1018809,Sanele Barns,sanele-barns,43555,Stellenbosch,6.89,68.9,10,0,2,1,1,,1,151,49,200,75.5,57,102,56,7,4,40.0,9,5,1,0,0,8,18.6,3,1,2,22,53.66,3,27.27,25,48.08,528,0.0,0,0,0,0,1,0,0,0,2,1,0,0,0,17,51.52,4,0,0,4,111,4,14,6,337,9,6,0,0,6,0,0,0,0,,,,2,0,0,0,0,5,3,0,0,0,0,0,4,0,0.0,7,10,43,27,8,0,0,0,33,8,5,55.56,0.0,0,0,0,71,172,0,,0,27,,10
927648,Glody Likonza,glody-likonza,42206,USM Alger,6.89,55.1,8,0,0,0,0,,0,280,66,346,80.92,151,130,44,4,3,75.0,10,7,0,0,0,1,25.0,7,4,0,19,52.78,12,75.0,31,59.62,597,0.0,0,0,0,0,0,0,0,0,4,3,0,0,0,10,43.48,2,0,0,4,89,0,28,10,420,6,9,0,0,3,0,3,0,0,,,,3,0,0,0,0,3,0,0,0,0,0,0,7,0,0.0,4,4,4,21,4,0,0,0,23,3,5,50.0,0.0,0,0,0,161,189,0,,0,43,,8
990975,Feliciano Jone Nenê,feliciano-jone-nene,375117,Associação Black Bulls,6.88,34.4,5,1,0,0,0,,1,237,33,270,87.78,154,83,14,2,3,75.0,4,10,3,0,0,0,0.0,1,1,0,11,39.29,13,76.47,24,53.33,450,100.0,0,0,0,0,0,0,1,0,1,0,1,0,0,17,56.67,24,0,0,1,37,0,25,11,339,4,10,0,0,5,0,0,0,0,,,,1,0,0,0,0,8,2,0,0,0,0,0,5,0,0.0,2,4,0,21,4,0,0,0,30,10,2,50.0,450.0,0,0,0,164,106,1,,1,28,,5
873543,Amr Saadawy,amr-saadawy,43560,Al-Masry,6.88,34.4,5,0,0,0,0,,0,130,33,163,79.75,70,67,21,7,1,33.33,9,1,1,0,0,7,25.0,1,0,1,15,45.45,1,16.67,16,41.03,450,0.0,0,0,0,0,1,0,0,0,0,1,0,0,0,13,44.83,10,0,0,3,70,0,19,9,275,5,7,0,0,6,0,0,0,0,,,,2,0,0,0,0,2,2,0,0,0,0,0,5,0,0.0,7,3,28,23,5,0,0,0,29,4,7,77.78,0.0,0,0,0,85,106,0,,0,23,,5
1199299,Che Malone,che-malone,212409,Simba SC,6.88,61.9,9,0,0,0,0,,0,369,74,443,83.3,245,124,28,0,3,75.0,13,13,1,0,0,0,0.0,2,1,1,22,73.33,15,62.5,37,68.52,678,0.0,0,0,0,0,0,0,0,0,1,1,0,0,0,44,55.7,22,2,0,1,84,0,38,20,533,6,4,0,0,2,0,0,0,0,,,,3,0,0,0,0,4,0,0,0,0,0,0,7,0,0.0,0,4,1,17,9,0,0,0,79,4,6,46.15,0.0,0,0,0,272,172,0,,3,46,,9
2002864,Célio,celio,195753,FC Bravos do Maquis,6.88,27.5,4,1,0,0,0,,1,33,4,37,89.19,11,22,11,2,0,0.0,4,0,2,0,0,0,0.0,1,1,0,10,71.43,0,0.0,10,62.5,77,100.0,0,0,0,0,0,0,0,1,0,1,0,0,1,2,66.67,0,0,0,0,7,0,4,2,53,6,4,0,0,0,0,0,0,0,,,,0,0,0,0,0,4,0,0,0,0,0,0,0,0,0.0,2,1,1,6,2,0,0,0,3,4,2,50.0,77.0,0,0,0,11,27,0,,0,3,,4
1013910,Wadhah Zaidi,wadhah-zaidi,44463,CS Sfaxien,6.87,20.6,3,0,0,0,0,,0,22,19,41,53.66,8,15,6,1,4,80.0,3,4,0,0,0,1,25.0,1,0,1,10,71.43,1,14.29,11,52.38,88,0.0,0,0,0,0,0,0,0,0,1,0,0,0,0,2,22.22,1,0,0,2,26,1,11,4,76,3,0,0,0,1,2,0,0,0,,,,0,0,0,0,0,1,1,0,0,0,0,0,1,0,0.0,1,5,4,10,6,0,0,0,9,2,2,66.67,0.0,0,0,0,11,34,0,,0,6,,3
2004352,Teixeira,teixeira,375117,Associação Black Bulls,6.87,20.6,3,0,0,0,0,,0,56,13,69,81.16,50,6,0,0,0,0.0,0,0,0,0,0,0,0.0,0,0,0,0,0.0,0,0.0,0,0.0,202,0.0,0,0,0,0,0,0,0,0,0,0,0,0,0,11,47.83,3,0,2,0,13,0,14,8,96,0,0,0,0,0,0,0,0,6,,,,0,0,0,5,1,2,1,1,2,2,2,0,2,0,0.0,0,0,0,0,0,0,0,0,23,3,0,0.0,0.0,0,0,1,56,13,0,,14,16,,3
1610627,Austin Onyemaechi,austin-onyemaechi,42371,Enyimba,6.85,13.7,2,0,0,0,1,,1,16,5,21,76.19,4,13,5,2,1,50.0,1,0,0,0,0,1,33.33,1,0,1,3,60.0,0,0.0,3,60.0,95,0.0,0,0,0,0,0,0,0,0,1,0,0,0,0,0,0.0,1,0,0,0,9,0,2,0,32,1,1,0,0,0,1,0,0,0,,,,0,0,0,0,0,3,0,0,0,0,0,0,1,0,0.0,2,2,3,2,0,0,0,0,0,3,1,100.0,0.0,0,0,0,4,20,0,,0,1,,2
2004359,Hammed Jeleel,hammed-jeleel,375117,Associação Black Bulls,6.85,41.1,6,0,2,1,1,,1,130,42,172,75.58,49,81,51,5,7,63.64,3,4,0,0,0,0,0.0,4,1,2,24,60.0,7,50.0,31,57.41,472,0.0,0,0,0,0,0,0,0,0,2,2,0,0,0,4,44.44,1,0,0,6,70,6,8,2,242,14,5,0,0,2,1,1,1,0,,,,1,0,0,0,0,11,2,0,0,0,0,0,6,0,0.0,4,11,1,23,7,0,0,0,9,13,1,33.33,0.0,0,0,0,56,117,0,,0,18,,6
1992473,Abdou Aziz Ndiaye,abdou-aziz-ndiaye,87306,ASC Jaraaf,6.85,13.7,2,0,0,0,0,,0,32,11,43,74.42,15,18,5,0,2,50.0,3,3,0,0,0,1,14.29,2,0,1,7,63.64,0,0.0,7,63.64,95,0.0,0,0,0,0,0,0,0,0,0,2,0,0,0,2,28.57,4,0,0,0,24,1,4,1,93,2,2,0,0,0,0,1,0,0,,,,0,0,0,0,0,2,0,0,0,0,0,0,1,0,0.0,0,4,7,4,0,0,0,0,7,2,2,66.67,0.0,0,0,0,17,33,0,,0,5,,2
1515604,Diby Gautier,diby-gautier,42360,ASEC Mimosas,6.85,13.7,2,0,1,0,0,,0,4,5,9,44.44,1,3,3,1,0,0.0,1,1,0,0,0,0,0.0,3,1,1,2,50.0,2,50.0,4,50.0,85,0.0,0,0,0,0,0,0,0,0,1,2,0,0,0,0,0.0,1,0,0,1,7,0,0,0,23,1,2,0,0,1,0,1,0,0,,,,0,0,0,0,0,0,0,0,0,0,0,0,1,0,0.0,1,0,1,4,2,0,0,0,0,0,1,100.0,0.0,0,0,0,2,8,0,,0,1,,2
2003182,Papa Dione,papa-dione,87306,ASC Jaraaf,6.85,27.4,4,0,0,0,0,,0,19,8,27,70.37,7,12,9,4,1,100.0,4,0,0,0,0,0,0.0,7,2,4,6,54.55,4,44.44,10,50.0,106,0.0,0,0,0,0,2,0,0,0,4,3,0,0,0,1,100.0,0,0,0,2,15,0,2,2,54,2,2,0,0,1,1,1,0,0,,,,0,0,0,0,0,1,0,0,0,0,0,0,0,0,0.0,4,1,0,10,5,0,0,0,1,1,3,75.0,0.0,0,0,0,11,16,0,,0,3,,4
2002641,Abdoulaye Coulibaly,abdoulaye-coulibaly,69326,Stade Malien,6.85,41.1,6,0,0,0,0,,0,109,47,156,69.87,50,64,37,1,2,100.0,12,6,0,0,0,5,26.32,1,0,1,16,53.33,14,66.67,30,58.82,540,0.0,0,0,0,0,0,0,0,0,1,0,0,0,0,13,31.71,31,0,1,0,83,1,26,10,323,2,8,0,0,7,0,0,0,0,,,,1,0,0,0,0,6,0,0,0,0,0,0,6,0,0.0,1,2,19,21,7,0,0,0,41,6,10,83.33,0.0,0,0,0,58,117,0,,0,20,,6
918578,Mohamed Hashem,mohamed-hashem,43560,Al-Masry,6.84,47.9,7,1,0,0,0,,1,209,48,257,81.32,172,37,8,0,0,0.0,2,5,0,0,0,0,0.0,1,1,0,10,66.67,9,52.94,19,59.38,579,100.0,0,0,0,0,0,0,1,0,1,0,1,0,0,17,43.59,13,0,0,0,49,0,34,11,303,9,6,0,0,1,0,0,0,0,,,,1,0,0,0,0,3,1,0,0,0,0,0,6,0,0.0,0,0,0,13,8,0,0,0,39,4,2,100.0,579.0,0,0,0,189,68,0,,3,13,,7
977711,Tosin Omoyele,tosin-omoyele,55393,CS Constantine,6.84,34.2,5,1,0,0,0,,1,32,12,44,72.73,11,21,12,2,0,0.0,1,0,0,0,0,0,0.0,6,3,3,5,35.71,4,36.36,9,36.0,237,16.67,0,0,0,0,0,0,1,0,4,2,0,0,0,2,66.67,2,0,0,3,22,0,2,1,71,4,4,0,0,2,4,0,0,0,,,,0,0,0,0,0,0,1,0,0,0,0,0,3,0,0.0,2,0,0,16,7,0,0,0,3,1,1,100.0,237.0,0,0,0,13,31,0,,0,5,,6
1096751,Devin Titus,devin-titus,43555,Stellenbosch,6.84,68.4,10,1,1,4,0,,1,159,73,232,68.53,46,116,70,10,5,50.0,5,4,1,0,0,3,13.64,25,8,9,17,36.96,11,39.29,28,37.84,760,4.0,0,0,0,1,0,0,1,0,15,10,1,0,0,18,62.07,3,0,1,11,137,3,29,12,383,7,7,2,0,7,3,8,0,0,,,,3,0,0,0,0,5,4,0,0,0,0,0,9,0,0.0,10,10,22,46,17,0,0,0,29,9,2,40.0,760.0,0,0,0,57,197,0,,0,24,,10
1515569,Fabien Winley,fabien-winley,44463,CS Sfaxien,6.84,34.2,5,0,0,0,0,,0,57,28,85,67.06,17,40,19,1,8,57.14,11,7,0,0,0,0,0.0,1,0,0,24,61.54,6,85.71,30,65.22,250,0.0,0,0,0,0,0,0,0,0,0,1,0,0,0,4,44.44,6,0,0,3,63,4,6,2,177,5,3,0,0,3,0,1,0,0,,,,1,0,0,0,0,3,1,0,0,0,0,0,2,0,0.0,1,14,9,16,1,0,0,0,9,4,6,54.55,0.0,0,0,0,27,67,0,,0,18,,5
1185318,Armand Dagrou,armand-dagrou,42360,ASEC Mimosas,6.84,54.7,8,1,2,2,0,,1,52,20,72,72.22,9,47,30,4,4,40.0,3,1,0,0,0,4,14.29,8,2,6,10,38.46,2,40.0,12,38.71,341,12.5,0,0,0,0,0,0,1,0,6,2,0,0,1,4,50.0,2,0,0,4,65,5,8,3,161,3,5,0,0,2,3,0,0,0,,,,1,0,0,0,0,1,1,0,0,0,0,0,3,0,0.0,4,10,28,19,3,0,0,0,8,2,3,100.0,341.0,0,0,0,11,89,0,,0,15,,8
1114480,Reda Hajji,reda-hajji,80395,RS Berkane,6.84,54.7,8,1,0,0,0,,1,83,23,106,78.3,28,57,37,3,5,83.33,6,0,1,0,0,2,20.0,5,2,3,16,51.61,3,42.86,19,50.0,229,20.0,0,0,0,0,0,0,0,1,1,4,0,0,1,9,52.94,2,0,0,5,45,0,18,8,161,5,6,0,0,3,0,0,0,0,,,,0,0,0,0,0,1,0,0,0,0,0,0,1,0,0.0,3,6,10,19,4,0,0,0,17,1,4,66.67,229.0,0,0,0,34,82,1,,0,9,,9
1427133,Fady Sidiki Coulibaly,fady-sidiki-coulibaly,69326,Stade Malien,6.83,20.5,3,0,0,0,0,,0,89,27,116,76.72,36,53,25,1,1,100.0,5,3,1,0,0,0,0.0,4,0,1,11,47.83,11,64.71,22,55.0,270,0.0,0,0,0,0,0,0,0,0,0,4,0,0,0,10,52.63,3,0,0,0,31,0,9,5,155,6,7,0,0,5,0,3,0,0,,,,1,0,0,0,0,2,0,0,0,0,0,0,3,0,0.0,1,1,0,18,6,0,0,0,19,2,3,60.0,0.0,0,0,0,49,67,0,,0,9,,3
2003553,Chonene,chonene,394492,CD Lunda Sul,6.83,20.5,3,0,1,0,0,,0,33,18,51,64.71,11,23,6,2,1,50.0,3,1,1,0,0,1,16.67,0,0,0,4,44.44,4,66.67,8,53.33,179,0.0,0,0,0,0,0,0,0,0,0,0,0,0,0,0,0.0,11,0,0,1,37,0,2,1,103,0,3,0,0,0,0,0,0,0,,,,1,0,0,0,0,1,0,0,0,0,0,0,2,0,0.0,2,2,6,7,2,0,0,0,6,1,2,66.67,0.0,0,0,0,14,43,0,,0,3,,3
932999,Oussama Chita,oussama-chita,42206,USM Alger,6.83,41.0,6,0,0,1,0,,0,246,23,269,91.45,191,55,17,0,1,50.0,7,9,3,0,0,0,0.0,1,0,1,9,39.13,7,63.64,16,47.06,359,0.0,0,0,0,0,0,0,0,0,1,0,0,0,0,14,63.64,10,0,0,0,26,0,4,4,312,1,9,0,0,5,0,0,0,0,,,,2,0,0,0,0,1,0,0,0,0,0,0,4,0,0.0,0,2,1,18,4,0,0,0,22,1,4,57.14,0.0,0,0,0,201,69,0,,0,18,,6
1587050,Gabriel Innocent,gabriel-innocent,42371,Enyimba,6.83,41.0,6,0,0,0,0,,0,197,33,230,85.65,94,103,39,6,3,75.0,11,9,2,0,0,0,0.0,7,0,5,17,47.22,11,45.83,28,46.67,502,0.0,0,0,0,0,0,0,0,0,1,6,0,0,0,20,60.61,18,0,0,3,48,0,33,23,326,3,8,0,0,7,0,2,0,0,,,,0,0,0,0,0,11,1,0,0,0,0,0,6,0,0.0,6,4,1,32,13,0,0,0,33,12,9,81.82,0.0,0,0,0,103,128,0,,0,29,,6
2003188,Abdoulaye Oualy,abdoulaye-oualy,87306,ASC Jaraaf,6.83,27.3,4,1,0,0,0,,1,21,8,29,72.41,7,15,5,1,2,28.57,5,4,0,0,0,1,14.29,6,3,2,11,45.83,0,0.0,11,39.29,204,16.67,0,0,0,0,0,0,1,0,3,3,1,0,0,0,0.0,2,0,0,4,33,1,1,0,87,4,3,1,0,1,0,1,0,0,,,,0,0,0,0,0,2,0,0,0,0,0,0,2,0,0.0,1,7,7,17,4,0,0,0,1,2,3,60.0,204.0,0,0,0,9,27,0,,0,12,,4
2003574,Kamogelo Moloi,kamogelo-moloi,297710,Orapa United,6.83,27.3,4,1,0,0,0,,1,17,8,25,68.0,11,6,3,0,3,60.0,1,1,0,0,0,0,0.0,2,1,1,5,71.43,0,0.0,5,38.46,96,50.0,0,0,0,0,0,0,1,0,1,1,0,0,1,0,0.0,0,0,0,0,12,0,0,0,39,1,0,0,0,0,0,0,0,0,,,,0,0,0,0,0,8,0,0,0,0,0,0,1,0,0.0,0,5,1,8,6,0,0,0,0,8,1,100.0,96.0,0,0,0,13,13,0,,0,2,,5
2004356,Khadre Guèye,khadre-gueye,375117,Associação Black Bulls,6.82,40.9,6,0,0,2,1,,1,179,21,200,89.5,83,96,31,2,4,40.0,4,2,1,0,0,0,0.0,5,3,1,17,53.13,3,60.0,20,54.05,372,0.0,0,0,0,0,0,0,0,0,2,3,0,0,0,16,76.19,2,0,0,3,46,2,12,8,263,9,5,0,0,2,1,1,0,0,,,,0,0,0,0,0,7,2,0,0,0,0,0,5,0,0.0,2,10,6,17,2,0,0,0,21,9,3,75.0,0.0,0,0,0,85,121,0,,0,21,,6
1509176,Fernando Chamboco,fernando-chamboco,375117,Associação Black Bulls,6.82,40.9,6,0,0,0,0,,0,347,52,399,86.97,247,100,23,0,2,50.0,15,14,0,0,0,0,0.0,1,0,1,22,59.46,5,50.0,27,57.45,540,0.0,0,0,0,0,0,0,0,0,0,1,0,0,0,11,28.95,22,0,1,1,59,0,37,17,482,5,2,0,0,10,0,0,0,0,,,,1,0,0,0,0,11,2,0,0,0,0,0,6,0,0.0,0,4,1,20,5,0,0,0,38,13,10,66.67,0.0,0,0,0,268,132,0,,3,33,,6
895498,Razak Cissé,cisse-razak,42360,ASEC Mimosas,6.82,40.9,6,0,0,1,0,,0,76,30,106,71.7,21,56,30,2,9,52.94,5,1,0,0,0,1,12.5,8,0,4,19,41.3,2,20.0,21,37.5,408,0.0,0,0,0,0,0,0,0,0,7,1,0,0,0,3,42.86,1,0,0,7,62,1,3,2,172,5,9,0,0,3,0,4,0,0,,,,0,0,0,0,0,4,0,0,0,0,0,0,5,0,0.0,2,17,8,35,8,0,0,0,7,4,4,80.0,0.0,0,0,0,27,87,0,,0,18,,6
890985,Moctar Cisse,moctar-cisse,69326,Stade Malien,6.82,40.9,6,0,0,2,0,,0,50,26,76,65.79,17,35,14,2,1,33.33,2,2,0,0,0,2,100.0,10,4,5,12,48.0,21,53.85,33,51.56,357,0.0,0,0,0,0,0,0,0,0,10,0,0,0,0,0,0.0,1,0,0,3,42,4,2,0,129,9,8,0,0,1,3,1,0,0,,,,1,0,0,0,0,4,0,0,0,0,0,0,4,0,0.0,2,3,2,31,18,0,0,0,2,4,2,100.0,0.0,0,0,0,20,58,0,,0,13,,6
1528546,Rúben,ruben,195753,FC Bravos do Maquis,6.82,40.9,6,0,0,0,0,,0,260,41,301,86.38,196,64,10,0,2,100.0,11,6,1,0,0,0,0.0,1,1,0,22,68.75,11,61.11,33,66.0,540,0.0,0,0,0,0,0,0,0,0,1,0,0,0,0,14,41.18,30,0,1,3,51,0,16,8,390,9,7,0,0,2,0,0,0,0,,,,0,0,0,0,0,14,0,0,0,0,0,0,6,0,0.0,0,2,0,17,7,0,0,0,34,14,8,72.73,0.0,0,0,0,214,87,0,,1,13,,6
37377,Brown Ideye,brown-ideye,42371,Enyimba,6.8,20.4,3,1,0,0,0,,1,19,1,20,95.0,6,13,9,1,1,100.0,0,0,0,0,0,0,0.0,2,2,0,3,50.0,0,0.0,3,33.33,87,50.0,0,0,0,0,0,0,1,0,2,0,0,1,0,0,0.0,0,0,0,2,6,0,1,1,32,2,1,0,0,0,2,0,0,0,,,,0,0,0,0,0,1,0,0,0,0,0,0,0,0,0.0,1,1,0,6,3,0,0,0,0,1,0,0.0,87.0,0,0,0,6,14,0,,0,0,,3
2003774,Mohamed Benmazouz,mohamed-benmazouz,42206,USM Alger,6.8,27.2,4,1,0,0,0,,1,5,8,13,38.46,2,3,1,0,1,100.0,0,0,0,0,0,0,0.0,4,1,3,3,37.5,5,33.33,8,34.78,119,25.0,0,0,0,0,0,0,1,0,4,0,1,0,0,0,0.0,2,0,0,0,9,0,1,0,32,3,4,0,0,2,1,0,0,0,,,,0,0,0,0,0,1,0,0,0,0,0,0,0,0,0.0,0,1,0,15,10,0,0,0,0,1,0,0.0,119.0,0,0,0,2,11,0,,0,2,,5
1587057,Pascal Eze,pascal-eze,42371,Enyimba,6.8,27.2,4,0,1,0,1,,1,99,17,116,85.34,66,33,9,1,0,0.0,4,4,0,0,0,0,0.0,4,0,3,6,50.0,5,55.56,11,52.38,280,0.0,0,0,0,0,0,0,0,0,4,0,0,0,0,13,59.09,11,0,0,2,19,0,12,7,155,2,2,0,0,2,0,1,0,0,,,,0,0,0,0,0,7,1,0,0,0,0,0,3,0,0.0,1,0,0,10,4,0,0,0,22,8,4,100.0,0.0,0,0,0,72,44,0,,0,9,,4
1490960,Moise Kaboré,moise-kabore,42360,ASEC Mimosas,6.8,6.8,1,0,0,0,0,,0,7,1,8,87.5,3,4,4,0,0,0.0,0,1,0,0,0,0,0.0,2,1,0,0,0.0,2,100.0,2,50.0,45,0.0,0,0,0,0,0,0,0,0,2,0,0,0,0,1,100.0,0,0,0,1,5,0,1,1,15,0,0,0,0,1,0,1,0,0,,,,0,0,0,0,0,0,0,0,0,0,0,0,0,0,0.0,0,0,2,2,0,0,0,0,1,0,0,0.0,0.0,0,0,0,3,7,0,,0,0,,1
2034455,Balla Traore,balla-traore,69326,Stade Malien,6.8,6.8,1,0,0,0,0,,0,21,7,28,75.0,5,16,8,1,1,50.0,1,0,0,0,0,0,0.0,0,0,0,4,57.14,0,0.0,4,36.36,64,0.0,0,0,0,0,0,0,0,0,0,0,0,0,0,0,0.0,1,0,0,1,13,0,0,0,42,2,1,0,0,1,0,0,0,0,,,,0,0,0,0,0,1,0,0,0,0,0,0,1,0,0.0,1,2,1,7,4,0,0,0,0,1,1,100.0,0.0,0,0,0,5,24,0,,0,3,,1
2003178,Mame Jallow,mame-jallow,87306,ASC Jaraaf,6.8,6.8,1,0,0,0,0,,0,3,1,4,75.0,0,3,1,1,0,0.0,0,0,0,0,0,0,0.0,1,1,0,0,0.0,0,0.0,0,0.0,9,0.0,0,0,0,0,0,0,0,0,1,0,0,0,0,1,100.0,0,0,0,1,2,1,0,0,7,0,0,0,0,1,0,0,0,0,,,,0,0,0,0,0,0,0,0,0,0,0,0,0,0,0.0,1,0,0,2,0,0,0,0,1,0,0,0.0,0.0,0,0,0,0,4,0,,0,2,,1
2002450,Awesu Awesu,awesu-awesu,212409,Simba SC,6.8,13.6,2,0,0,0,0,,0,38,8,46,82.61,14,28,9,6,1,33.33,2,0,0,0,0,4,100.0,1,1,0,6,40.0,0,0.0,6,37.5,101,0.0,0,0,0,0,0,0,0,0,0,1,0,0,0,0,0.0,0,0,0,5,15,1,2,0,68,3,1,0,0,1,0,0,0,0,,,,0,0,0,0,0,1,0,0,0,0,0,0,1,0,0.0,6,3,4,10,1,0,0,0,0,1,2,100.0,0.0,0,0,0,14,36,0,,0,4,,2
975834,Ilyes Chetti,ilyes-chetti,42206,USM Alger,6.8,20.4,3,0,0,0,0,,0,87,12,99,87.88,59,28,5,1,3,75.0,2,2,1,0,0,0,0.0,1,0,1,8,72.73,5,100.0,13,81.25,179,0.0,0,0,0,0,0,0,0,0,0,1,0,0,0,2,33.33,3,0,0,0,23,0,1,1,141,4,2,0,0,0,1,0,0,0,,,,0,0,0,0,0,1,0,0,0,0,0,0,3,0,0.0,1,4,5,3,0,0,0,0,6,1,2,100.0,0.0,0,0,0,64,40,0,,0,5,,3
1607191,Ladaki Chasambi,ladaki-chasambi,212409,Simba SC,6.8,20.4,3,0,1,0,0,,0,54,10,64,84.38,21,35,20,4,3,42.86,1,2,0,0,0,2,40.0,1,0,0,6,37.5,1,20.0,7,33.33,135,0.0,0,0,0,0,0,0,0,0,1,0,0,0,0,1,33.33,0,0,0,1,25,2,1,0,96,2,4,0,0,1,0,1,0,0,,,,0,0,0,0,0,0,0,0,0,0,0,0,1,0,0.0,4,7,5,14,4,0,0,0,3,0,0,0.0,0.0,0,0,0,22,47,0,,0,11,,3
1136028,Thato Khiba,thato-khiba,43555,Stellenbosch,6.8,27.2,4,0,0,0,0,,0,172,32,204,84.31,74,99,50,1,3,60.0,7,3,1,0,0,1,33.33,1,0,1,14,46.67,1,11.11,15,38.46,356,0.0,0,0,0,0,0,0,0,0,0,1,0,0,0,4,30.77,6,0,0,3,44,0,12,4,257,4,6,0,0,7,0,0,0,0,,,,2,0,0,0,0,0,1,0,0,0,0,0,4,0,0.0,1,5,3,24,8,0,0,0,13,1,3,42.86,0.0,0,0,0,84,123,0,,0,21,,4
2002451,Chamou Karaboue,chamou-karaboue,212409,Simba SC,6.8,68.0,10,0,0,0,0,,0,342,36,378,90.48,250,92,15,1,2,100.0,4,10,1,0,0,0,0.0,4,1,2,12,66.67,17,58.62,29,61.7,664,0.0,0,0,0,0,0,0,0,0,4,0,0,0,0,11,50.0,34,0,1,0,38,0,7,2,456,6,5,0,0,1,0,1,0,0,,,,2,0,0,0,0,6,1,0,0,0,0,0,7,0,0.0,1,2,0,18,12,0,0,0,22,7,4,100.0,0.0,0,0,0,263,115,1,,5,30,,10
982421,Brendon Moloisane,brendon-moloisane,43555,Stellenbosch,6.8,68.0,10,0,1,0,0,,0,352,75,427,82.44,264,89,24,3,3,75.0,14,4,1,0,0,1,16.67,3,0,1,21,48.84,9,39.13,30,45.45,874,0.0,0,0,0,0,0,0,0,0,2,1,0,0,0,30,46.15,35,0,1,2,124,0,36,17,569,4,16,0,0,5,0,2,0,0,,,,5,0,0,0,0,7,4,0,0,0,0,0,10,0,0.0,3,4,6,36,14,0,0,0,65,11,9,64.29,0.0,0,0,0,287,146,0,,0,21,,10
967150,Mohamed Makhlouf,mohamed-makhlouf,43560,Al-Masry,6.79,54.3,8,0,1,0,0,,0,230,50,280,82.14,126,106,46,5,2,33.33,16,13,2,0,0,2,33.33,5,0,2,26,47.27,8,53.33,34,48.57,596,0.0,0,0,0,0,0,0,0,0,0,5,0,0,0,17,51.52,8,0,0,4,63,3,26,12,369,8,15,0,0,8,0,3,0,0,,,,2,0,0,0,0,4,2,0,0,0,0,0,6,0,0.0,5,6,6,36,7,0,0,0,33,6,10,62.5,0.0,0,0,0,141,145,1,,0,48,,8
2002881,Macaiabo,macaiabo,195753,FC Bravos do Maquis,6.78,40.7,6,1,1,0,0,,1,61,13,74,82.43,30,41,12,9,4,44.44,2,0,1,0,0,10,55.56,10,3,4,11,33.33,2,25.0,13,31.71,310,10.0,0,0,0,0,2,0,1,0,4,6,0,0,1,5,50.0,2,0,0,3,43,1,6,4,146,5,8,0,0,6,2,3,0,0,,,,0,0,0,0,0,8,0,0,0,0,0,0,4,0,0.0,9,9,18,28,6,0,0,0,10,8,2,100.0,310.0,0,0,0,33,59,0,,0,8,,6
1515564,Moussa Balla Conté,moussa-balla-conte,44463,CS Sfaxien,6.78,40.7,6,0,0,0,0,,0,199,36,235,84.68,113,86,19,3,4,100.0,16,6,2,0,0,0,0.0,5,1,3,28,49.12,11,73.33,39,54.17,531,0.0,0,0,0,0,0,0,0,0,0,5,0,0,0,12,48.0,6,0,0,7,56,1,15,5,319,8,14,0,0,8,0,1,0,0,,,,1,0,0,0,0,9,0,0,0,0,0,0,6,0,0.0,3,4,0,33,4,0,0,0,25,9,8,50.0,0.0,0,0,0,124,111,0,,0,37,,6
2003562,Gothusang Osego,gothusang-osego,297710,Orapa United,6.78,40.7,6,0,0,0,0,,0,94,25,119,78.99,61,34,13,1,2,66.67,14,10,0,0,0,1,25.0,2,1,0,19,59.38,10,62.5,29,60.42,425,0.0,0,0,0,0,0,0,0,0,2,0,0,0,0,7,53.85,18,1,0,3,58,0,6,3,243,3,8,0,0,3,0,1,0,0,,,,2,0,0,0,0,8,1,0,0,0,0,0,5,0,0.0,1,3,4,19,6,0,0,0,13,9,11,78.57,0.0,0,0,0,74,49,0,,0,18,,6
918640,Karim Bambo,karim-bambo,43560,Al-Masry,6.78,33.9,5,0,1,2,1,,1,18,3,21,85.71,4,15,11,3,4,80.0,2,5,0,0,0,1,16.67,3,1,2,7,70.0,0,0.0,7,63.64,161,0.0,0,0,1,0,0,0,0,0,3,0,0,0,0,2,100.0,0,0,0,0,16,2,0,0,62,1,1,0,0,1,3,0,0,0,,,,0,0,0,0,0,1,0,0,0,0,0,0,1,0,0.0,3,5,6,4,1,0,0,0,2,1,2,100.0,0.0,0,0,0,4,23,1,,0,9,,6
1611672,Achraf Boudrama,achraf-boudrama,55393,CS Constantine,6.78,61.0,9,0,0,0,0,,0,318,52,370,85.95,227,91,18,1,1,100.0,5,8,1,0,0,0,0.0,2,0,1,12,52.17,14,51.85,26,52.0,810,0.0,0,0,0,0,1,0,0,0,1,1,0,0,0,26,44.83,58,1,0,0,53,0,34,15,470,6,10,0,0,3,1,1,0,0,,,,3,0,0,0,0,8,4,0,0,0,0,0,9,0,0.0,1,1,0,24,13,0,0,0,58,12,5,100.0,0.0,0,0,0,241,129,0,,5,18,,9
2003190,Ababacar Sarr,ababacar-sarr,87306,ASC Jaraaf,6.78,27.1,4,0,0,1,0,,0,42,16,58,72.41,14,29,17,4,2,15.38,8,1,1,0,0,1,33.33,4,3,0,16,45.71,2,28.57,18,42.86,261,0.0,0,0,0,0,0,0,0,0,3,1,0,0,0,1,50.0,1,0,0,3,43,1,2,2,119,6,5,0,0,1,1,1,0,0,,,,0,0,0,0,0,1,0,0,0,0,0,0,4,0,0.0,4,13,3,24,5,0,0,0,2,1,7,87.5,0.0,0,0,0,18,43,0,,0,12,,4
1166804,Athenkosi Mcaba,athenkosi-mcaba,43555,Stellenbosch,6.78,27.1,4,0,0,0,0,,0,212,29,241,87.97,158,54,14,0,0,0.0,5,5,1,0,0,0,0.0,0,0,0,7,70.0,5,50.0,12,60.0,302,0.0,0,0,0,0,0,0,0,0,0,0,0,0,0,17,47.22,5,0,0,1,37,0,18,8,277,2,1,0,0,1,0,0,0,0,,,,1,0,0,0,0,3,2,0,0,0,0,0,3,0,0.0,0,0,1,8,5,0,0,0,36,5,5,100.0,0.0,0,0,0,166,76,0,,0,23,,4
2003185,Makha Ben Ahmed Ba,makha-ben-ahmed-ba,87306,ASC Jaraaf,6.78,27.1,4,0,0,0,0,,0,70,26,96,72.92,47,23,5,1,1,33.33,11,4,1,0,0,0,0.0,3,0,1,17,54.84,7,63.64,24,57.14,281,0.0,0,0,0,0,0,0,0,0,2,1,0,0,0,3,25.0,5,0,1,0,32,1,3,1,143,5,7,0,0,5,0,2,0,0,,,,1,0,0,0,0,4,0,0,0,0,0,0,3,0,0.0,1,3,0,18,4,0,0,0,12,4,6,54.55,0.0,0,0,0,54,42,0,,0,13,,4
1958980,Uwana Enoh,uwana-enoh,42371,Enyimba,6.78,27.1,4,0,0,0,0,,0,80,24,104,76.92,39,45,20,6,0,0.0,6,4,0,0,0,4,18.18,2,0,1,9,42.86,5,45.45,14,43.75,326,0.0,0,0,0,0,0,0,0,0,1,1,0,0,0,7,46.67,12,0,0,1,59,2,10,5,200,4,4,0,0,7,0,1,0,0,,,,0,0,0,0,0,5,0,0,0,0,0,0,4,0,0.0,6,1,22,18,6,0,0,0,15,5,5,83.33,0.0,0,0,0,46,80,0,,1,17,,4
2003566,Zenilson,zenilson,394492,CD Lunda Sul,6.78,27.1,4,0,1,0,0,,0,75,30,105,71.43,32,52,24,7,4,80.0,7,6,1,0,0,9,37.5,2,0,1,18,52.94,5,38.46,23,48.94,337,0.0,0,0,0,1,0,0,0,0,2,0,0,0,0,4,25.0,5,0,1,1,55,0,6,1,213,8,9,0,0,5,0,1,0,0,,,,0,0,0,0,0,5,0,0,0,0,0,0,4,0,0.0,7,5,24,24,8,0,0,0,16,5,6,85.71,0.0,0,0,0,44,85,0,,0,14,,4
1632487,Leonel Ateba,leonel-ateba,212409,Simba SC,6.77,74.5,11,2,4,1,1,,3,71,24,95,74.74,18,54,37,11,8,53.33,6,0,1,0,0,1,33.33,18,7,8,23,38.98,6,17.14,29,30.85,640,11.11,0,0,0,0,0,0,2,0,14,4,0,0,2,0,0.0,2,0,0,13,71,4,5,1,207,10,17,0,0,3,9,3,0,0,,,,0,0,0,0,0,7,1,0,0,0,0,0,7,0,0.0,11,15,3,65,29,0,0,0,4,8,3,50.0,320.0,0,0,0,21,77,1,,0,13,,11
1612546,Joca,joca,394492,CD Lunda Sul,6.77,20.3,3,1,0,0,0,,1,36,12,48,75.0,13,23,15,0,6,66.67,4,0,2,0,0,0,0.0,4,2,0,16,44.44,0,0.0,16,39.02,233,25.0,0,0,0,0,0,0,1,0,2,2,0,0,1,1,100.0,6,0,0,9,37,1,1,1,113,6,4,0,0,4,1,2,0,0,,,,1,0,0,0,0,2,0,0,0,0,0,0,3,0,0.0,0,9,7,25,5,0,0,0,1,2,2,50.0,233.0,0,0,0,14,41,0,,0,5,,3
1504964,Cristo,mohamed-dhaoui,44463,CS Sfaxien,6.77,40.6,6,1,1,0,0,,1,78,29,107,72.9,26,53,30,4,12,38.71,4,3,0,0,0,1,4.76,10,3,4,23,40.35,4,50.0,27,41.54,428,10.0,0,0,0,0,1,0,1,0,2,8,0,1,0,7,50.0,0,0,0,7,96,4,10,5,238,8,4,0,0,5,1,3,0,0,,,,0,0,0,0,0,6,0,0,0,0,0,0,6,0,0.0,4,31,21,38,4,0,0,0,14,6,2,50.0,428.0,0,0,0,30,98,0,,0,18,,6
1183553,Souleymane Coulibaly,souleymane-coulibaly,42360,ASEC Mimosas,6.77,20.3,3,0,0,0,0,,0,157,24,181,86.74,110,47,11,0,0,0.0,0,2,1,0,0,0,0.0,2,0,1,1,12.5,10,66.67,11,47.83,248,0.0,0,0,0,1,0,0,0,0,2,0,0,0,0,15,55.56,16,0,1,1,27,0,15,5,213,1,6,0,0,0,0,1,0,0,,,,2,0,0,0,0,3,0,0,0,0,0,0,3,0,0.0,0,0,0,12,5,0,0,0,27,3,0,0.0,0.0,0,0,0,114,67,0,,0,5,,3
2004358,Joseph Bassan,joseph-bassan,375117,Associação Black Bulls,6.77,20.3,3,0,0,0,0,,0,50,6,56,89.29,40,10,1,0,0,0.0,0,1,0,0,0,0,0.0,0,0,0,1,50.0,8,80.0,9,75.0,129,0.0,0,0,0,0,0,0,0,0,0,0,0,0,0,2,33.33,6,0,0,0,6,0,2,1,77,2,1,0,0,0,0,0,0,0,,,,0,0,0,0,0,4,0,0,0,0,0,0,2,0,0.0,0,0,0,3,2,0,0,0,6,4,0,0.0,0.0,0,0,0,41,15,0,,2,3,,3
2003583,Magrinho,magrinho,394492,CD Lunda Sul,6.77,20.3,3,0,0,1,0,,0,43,12,55,78.18,8,35,26,1,1,25.0,8,0,1,0,0,0,0.0,7,0,4,14,45.16,6,35.29,20,41.67,248,0.0,0,0,0,0,0,0,0,0,5,2,0,0,0,2,66.67,2,0,0,3,33,1,5,3,111,5,8,0,0,4,1,3,0,0,,,,0,0,0,0,0,2,0,0,0,0,0,0,3,0,0.0,1,4,4,28,11,0,0,0,3,2,5,62.5,0.0,0,0,0,12,47,0,,0,9,,4
1416346,Charles Ayayi,charles-ayayi,42360,ASEC Mimosas,6.76,54.1,8,0,0,0,0,,0,118,52,170,69.41,109,9,1,0,0,0.0,0,0,0,0,0,0,0.0,0,0,0,0,0.0,1,100.0,1,50.0,720,0.0,0,0,0,0,0,0,0,0,0,0,0,0,0,21,30.43,6,0,0,0,55,0,10,4,229,1,0,0,0,1,0,0,0,17,,,,3,1,0,7,8,6,1,2,4,4,4,0,8,0,0.0,0,0,0,1,0,0,0,0,69,7,0,0.0,0.0,0,0,4,120,50,0,,53,51,,8
1463511,Serigne Koïté,serigne-koite,87306,ASC Jaraaf,6.76,33.8,5,0,0,0,0,,0,81,35,116,69.83,18,63,39,6,2,66.67,2,0,0,0,0,0,0.0,7,2,4,9,28.13,7,43.75,16,33.33,326,0.0,0,0,0,0,0,0,0,0,5,2,0,0,0,4,66.67,3,0,0,8,56,3,7,3,166,5,10,0,0,4,0,1,0,0,,,,0,0,0,0,0,1,0,0,0,0,0,0,5,0,0.0,6,3,3,32,9,0,0,0,6,1,2,100.0,0.0,0,0,0,25,94,0,,0,15,,5
845600,Miloud Rebiai,miloud-rebiai,55393,CS Constantine,6.75,54.0,8,1,0,0,0,,1,95,16,111,85.59,51,45,14,3,0,0.0,4,4,2,0,0,1,33.33,6,3,3,7,50.0,7,36.84,14,42.42,295,16.67,0,0,0,0,0,0,1,0,5,1,1,0,0,10,55.56,5,0,0,1,25,1,10,5,149,3,3,0,0,1,0,0,0,0,,,,0,0,0,0,0,0,2,0,0,0,0,0,4,0,0.0,3,2,3,19,12,0,0,0,18,2,2,50.0,295.0,0,0,0,55,59,0,,0,12,,8
1481930,Yusuph Kagoma,yusuph-kagoma,212409,Simba SC,6.75,67.5,10,0,0,0,1,,1,371,76,447,83.0,179,193,56,4,2,100.0,23,7,1,0,1,1,25.0,3,0,2,29,46.03,7,50.0,36,46.75,749,0.0,0,0,0,0,0,0,0,0,0,3,0,0,0,14,38.89,9,0,0,5,89,0,27,12,534,4,24,0,0,6,0,1,0,0,,,,4,0,0,0,0,4,1,0,0,0,0,0,9,0,0.0,4,2,4,41,7,0,0,0,36,5,16,69.57,0.0,1,0,0,202,249,0,,0,35,,10
1655375,Ahmed Khaldi,ahmed-khaldi,42206,USM Alger,6.75,13.5,2,0,0,1,0,,0,30,13,43,69.77,10,20,5,0,2,66.67,1,1,0,0,0,0,0.0,9,3,3,3,37.5,5,50.0,8,44.44,162,0.0,0,0,0,0,0,0,0,0,4,5,0,0,0,2,40.0,2,0,0,3,26,2,5,1,75,1,1,0,0,0,2,3,0,0,,,,0,0,0,0,0,2,0,0,0,0,0,0,2,0,0.0,0,3,1,10,5,0,0,0,5,2,0,0.0,0.0,0,0,0,13,31,0,,0,8,,2
997780,Haithem Loucif,loucif-haithem,42206,USM Alger,6.75,13.5,2,0,0,0,0,,0,56,9,65,86.15,31,25,7,0,0,0.0,4,2,0,0,0,0,0.0,0,0,0,4,50.0,2,40.0,6,46.15,180,0.0,0,0,0,0,0,0,0,0,0,0,0,0,0,2,33.33,5,0,0,0,24,0,3,1,108,0,1,0,0,1,0,0,0,0,,,,0,0,0,0,0,2,0,0,0,0,0,0,2,0,0.0,0,2,9,7,3,0,0,0,6,2,3,75.0,0.0,0,0,0,34,40,0,,0,12,,2
1501691,Eric Ookame,eric-ookame,297710,Orapa United,6.75,13.5,2,0,1,0,0,,0,23,9,32,71.88,12,12,8,1,0,0.0,0,0,0,0,0,1,50.0,3,0,2,1,12.5,3,21.43,4,18.18,165,0.0,0,0,0,0,0,0,0,0,2,1,0,0,0,1,50.0,0,0,0,3,21,0,2,2,52,2,2,0,0,1,1,1,0,0,,,,0,0,0,0,0,0,0,0,0,0,0,0,2,0,0.0,1,1,2,18,11,0,0,0,2,0,0,0.0,0.0,0,0,0,14,20,0,,0,3,,2
1622333,Koimizo Maiga,koimizo-maiga,42360,ASEC Mimosas,6.75,13.5,2,0,0,0,0,,0,87,9,96,90.63,46,41,22,0,0,0.0,1,2,0,0,0,0,0.0,0,0,0,2,25.0,0,0.0,2,25.0,165,0.0,0,0,0,0,0,0,0,0,0,0,0,0,0,11,73.33,4,0,0,1,10,1,10,9,107,1,4,0,0,1,0,0,0,0,,,,0,0,0,0,0,1,0,0,0,0,0,0,2,0,0.0,0,0,0,6,0,0,0,0,15,1,1,100.0,0.0,0,0,0,50,46,0,,0,7,,2
1177813,Kheireddine Boussouf,kheireddine-boussouf,55393,CS Constantine,6.75,27.0,4,0,0,0,0,,0,32,19,51,62.75,31,1,0,0,0,0.0,0,0,0,0,0,0,0.0,0,0,0,1,100.0,0,0.0,1,100.0,271,0.0,0,0,0,0,0,0,0,0,0,0,0,0,0,8,29.63,5,0,0,0,20,0,2,1,70,1,0,0,0,0,0,0,0,3,,,,1,1,0,2,0,1,3,3,0,0,3,0,3,0,0.0,0,0,0,0,0,0,0,0,27,4,0,0.0,0.0,0,0,0,35,16,0,,16,16,,4
1568187,Mario Keta,mario-keta,394492,CD Lunda Sul,6.75,27.0,4,0,0,0,0,,0,90,22,112,80.36,43,51,23,3,0,0.0,5,5,1,0,0,4,20.0,1,0,1,8,47.06,4,40.0,12,44.44,351,0.0,0,0,0,0,1,0,0,0,0,1,0,0,0,4,33.33,9,0,1,0,51,0,8,6,209,3,6,0,0,1,2,0,0,0,,,,1,0,0,0,0,4,0,0,0,0,0,0,4,0,0.0,3,2,20,15,6,0,0,0,12,4,2,40.0,0.0,0,0,0,51,81,0,,0,17,,5
1198374,Aymen Dahmen,dahmen-aymen,44463,CS Sfaxien,6.75,40.5,6,0,0,0,0,,0,95,45,140,67.86,77,18,3,0,0,0.0,0,0,1,0,0,0,0.0,0,0,0,0,0.0,1,100.0,1,100.0,540,0.0,0,0,0,0,0,0,0,0,0,0,0,0,0,35,44.87,3,1,1,0,45,0,8,5,189,1,0,0,0,0,0,0,0,17,,,,1,0,0,10,7,9,1,2,0,0,5,0,6,0,0.0,0,0,0,0,0,0,0,0,78,10,0,0.0,0.0,0,0,2,87,53,1,,41,45,,6
1002352,Amete Faye,amete-faye,375117,Associação Black Bulls,6.75,40.5,6,0,1,0,0,,0,88,19,107,82.24,39,50,23,3,2,66.67,9,2,0,0,0,1,25.0,2,1,0,14,53.85,2,66.67,16,55.17,194,0.0,0,0,0,0,0,0,0,0,0,2,0,0,0,7,53.85,1,0,0,2,27,1,8,5,141,3,1,0,0,8,0,1,0,0,,,,0,0,0,0,0,4,0,0,0,0,0,0,1,0,0.0,3,3,4,13,1,0,0,0,13,4,5,55.56,0.0,0,0,0,43,68,0,,0,13,,6
1463240,Feth-Allah Tahar,feth-allah-tahar,55393,CS Constantine,6.74,53.9,8,0,0,0,0,,0,107,24,131,81.68,44,67,36,4,7,70.0,8,3,0,0,0,4,21.05,2,1,1,18,52.94,1,20.0,19,48.72,313,0.0,0,0,0,0,0,0,0,0,1,1,0,0,0,9,56.25,1,0,0,6,54,1,18,9,200,3,1,0,0,6,2,0,0,0,,,,0,0,0,0,0,2,2,0,0,0,0,0,4,0,0.0,4,10,19,20,4,0,0,0,16,4,7,87.5,0.0,0,0,0,50,100,0,,0,17,,8
359380,Hazem Haj Hassen,hazem-haj-hassen,44463,CS Sfaxien,6.73,40.4,6,2,0,0,0,,2,43,35,78,55.13,17,26,11,0,0,0.0,3,2,1,0,0,0,0.0,5,3,1,10,33.33,10,37.04,20,35.09,321,40.0,0,0,0,0,0,0,2,0,4,1,1,0,1,0,0.0,3,0,0,4,51,2,3,1,126,7,12,0,0,1,4,1,0,0,,,,0,0,0,0,0,7,0,0,0,0,0,0,4,0,0.0,0,6,1,37,17,0,0,0,3,7,2,66.67,160.5,0,0,0,19,60,0,,0,5,,6
1470535,Francis Ayuba,francis-ayuba,375117,Associação Black Bulls,6.73,20.2,3,1,0,0,0,,1,38,8,46,82.61,15,23,8,0,2,50.0,2,1,1,0,0,0,0.0,2,1,1,5,31.25,3,27.27,8,29.63,144,50.0,0,0,0,0,0,0,1,0,1,1,0,0,1,0,0.0,1,0,0,3,22,0,0,0,71,1,6,0,0,1,1,0,0,0,,,,0,0,0,0,0,3,0,0,0,0,0,0,1,0,0.0,0,4,1,19,8,0,0,0,1,3,2,100.0,144.0,0,0,0,17,30,0,,0,5,,3
1127769,Danilo Muze,danilo-muze,375117,Associação Black Bulls,6.73,40.4,6,0,1,0,1,,1,137,31,168,81.55,79,62,25,2,0,0.0,9,7,0,0,0,4,12.5,4,0,3,12,46.15,4,44.44,16,45.71,540,0.0,0,0,0,0,0,0,0,0,2,2,0,0,0,7,58.33,15,1,0,5,79,2,6,4,310,3,3,0,0,3,3,1,0,0,,,,1,0,0,0,0,11,2,0,0,0,0,0,6,0,0.0,2,3,32,19,5,0,0,0,12,13,6,66.67,0.0,0,0,0,90,110,0,,0,24,,6
1395118,Kyle Jurgens,kyle-jurgens,43555,Stellenbosch,6.73,20.2,3,0,0,0,0,,0,60,16,76,78.95,37,23,11,0,2,100.0,6,5,0,0,0,0,0.0,0,0,0,11,57.89,1,100.0,12,60.0,159,0.0,0,0,0,0,0,0,0,0,0,0,0,0,0,8,61.54,4,0,0,2,26,1,8,5,118,3,1,0,0,5,0,0,0,0,,,,0,0,0,0,0,4,2,0,0,0,0,0,2,0,0.0,0,2,0,8,0,0,0,0,13,6,4,66.67,0.0,0,0,0,43,33,0,,0,10,,3
796088,Sekou Gassama,sekou-gassama,42206,USM Alger,6.73,26.9,4,1,1,0,0,,1,24,4,28,85.71,9,15,7,1,0,0.0,0,0,0,0,0,0,0.0,2,1,0,2,33.33,1,9.09,3,17.65,147,50.0,0,0,0,0,0,0,1,0,2,0,1,0,0,0,0.0,1,0,0,1,8,1,1,1,43,2,3,0,0,0,0,1,0,0,,,,0,0,0,0,0,1,0,0,0,0,0,0,2,0,0.0,1,1,0,14,10,0,0,0,0,1,0,0.0,147.0,0,0,0,9,19,0,,0,2,,4
918920,Salah Mohsen,salah-mohsen,43560,Al-Masry,6.73,53.8,8,0,0,6,1,,1,109,46,155,70.32,37,72,37,4,6,66.67,1,2,1,0,0,0,0.0,17,5,9,13,46.43,30,46.15,43,46.24,596,0.0,0,0,0,0,0,0,0,0,14,3,0,0,0,5,83.33,8,0,0,5,78,4,13,9,239,6,4,0,0,5,7,3,0,0,,,,0,0,0,0,0,3,2,0,0,0,0,0,8,0,0.0,4,9,3,50,35,0,0,0,6,5,0,0.0,0.0,0,0,0,46,112,0,,0,13,,8
1428035,Ahmed El Armouty,ahmed-el-armouty,43560,Al-Masry,6.73,26.9,4,0,0,1,0,,0,47,7,54,87.04,12,37,19,5,3,60.0,1,3,0,0,0,2,50.0,3,1,0,7,43.75,1,33.33,8,42.11,152,0.0,0,0,0,0,0,0,0,0,3,0,0,0,0,2,66.67,1,0,0,5,21,0,5,3,92,3,1,1,0,1,1,2,0,0,,,,0,0,0,0,0,0,0,0,0,0,0,0,2,0,0.0,5,5,4,11,2,0,0,0,3,0,1,100.0,0.0,0,0,0,12,46,0,,0,7,,4
990613,Gofaone Mabaaya,gofaone-mabaaya,297710,Orapa United,6.72,40.3,6,0,1,1,0,,0,161,34,195,82.56,76,87,46,3,5,83.33,6,5,0,0,0,2,28.57,6,1,2,13,48.15,5,19.23,18,33.96,526,0.0,0,0,0,0,0,0,0,0,3,3,0,0,0,2,22.22,2,0,1,8,61,6,6,3,263,2,6,1,0,1,2,3,0,0,,,,2,0,0,0,0,10,1,0,0,0,0,0,6,0,0.0,3,6,7,35,21,0,0,0,9,11,4,66.67,0.0,0,0,0,85,117,0,,0,28,,6
2002867,Francis,francis,195753,FC Bravos do Maquis,6.7,40.2,6,1,0,0,1,,2,167,43,210,79.52,105,62,18,2,4,50.0,7,2,0,0,0,0,0.0,2,1,1,22,52.38,7,70.0,29,55.77,422,50.0,0,0,0,0,0,0,0,1,0,2,0,0,1,7,28.0,2,0,0,5,63,0,22,8,272,11,6,0,0,5,0,0,0,0,,,,0,0,0,0,0,9,0,0,0,0,0,0,6,0,0.0,2,8,2,23,3,0,0,0,25,9,5,71.43,422.0,0,0,0,117,95,0,,0,22,,6
1192544,Joshua Mutale,joshua-mutale,212409,Simba SC,6.7,33.5,5,1,1,0,0,,1,46,10,56,82.14,10,37,20,5,3,60.0,2,0,0,0,0,1,10.0,4,2,1,7,31.82,1,50.0,8,33.33,151,25.0,0,0,0,0,0,0,1,0,4,0,0,1,0,0,0.0,0,0,0,6,43,0,2,1,105,2,6,1,0,3,0,1,0,0,,,,0,0,0,0,0,0,0,0,0,0,0,0,1,0,0.0,5,5,10,16,1,0,0,0,1,0,1,50.0,151.0,0,0,0,10,56,0,,0,6,,5
1124751,Steven Mukwala,steven-mukwala,212409,Simba SC,6.7,53.6,8,1,1,3,0,,1,40,17,57,70.18,3,38,27,3,2,66.67,1,0,0,0,0,1,14.29,16,2,9,12,44.44,6,28.57,18,37.5,461,6.25,0,0,0,0,0,0,1,0,13,3,1,0,0,2,100.0,4,0,0,8,49,1,2,2,134,10,6,0,0,1,8,5,0,0,,,,1,0,0,0,0,2,0,0,0,0,0,0,5,0,0.0,3,3,7,30,15,0,0,0,2,2,1,100.0,461.0,0,0,0,4,60,1,,0,5,,9
998455,Lesiba Nku,lesiba-nku,43555,Stellenbosch,6.7,26.8,4,0,1,0,1,,1,38,13,51,74.51,13,25,16,2,1,100.0,1,1,0,0,0,0,0.0,2,2,0,3,30.0,1,50.0,4,33.33,141,0.0,0,0,0,0,0,0,0,0,1,1,0,0,0,0,0.0,0,0,0,2,18,0,3,0,68,1,1,0,0,4,1,0,0,0,,,,0,0,0,0,0,0,1,0,0,0,0,0,1,0,0.0,2,1,1,8,1,0,0,0,4,1,0,0.0,0.0,0,0,0,15,37,0,,0,6,,4
1612109,Kamara Issouf,kamara-issouf,42360,ASEC Mimosas,6.7,40.2,6,0,0,0,1,,1,119,18,137,86.86,60,59,14,2,4,66.67,4,4,0,0,0,0,0.0,1,1,0,13,44.83,2,33.33,15,42.86,236,0.0,0,0,0,0,0,0,0,0,1,0,0,0,0,12,66.67,5,0,0,1,27,1,18,9,176,6,9,0,0,4,0,0,0,0,,,,0,0,0,0,0,2,1,0,0,0,0,0,2,0,0.0,2,6,0,20,4,0,0,0,18,3,3,75.0,0.0,0,0,0,65,72,0,,0,15,,6
935701,Hussein Faisal,hussein-faisal,43560,Al-Masry,6.7,6.7,1,0,0,0,0,,0,2,1,3,66.67,1,1,1,0,0,0.0,1,0,0,0,0,0,0.0,0,0,0,2,66.67,0,0.0,2,66.67,19,0.0,0,0,0,0,0,0,0,0,0,0,0,0,0,0,0.0,0,0,0,0,1,0,0,0,5,1,1,0,0,0,0,0,0,0,,,,0,0,0,0,0,0,0,0,0,0,0,0,0,0,0.0,0,0,0,1,0,0,0,0,0,0,1,100.0,0.0,0,0,0,1,2,0,,0,2,,1
1613126,Obichere Odinaka,obichere-odinaka,42371,Enyimba,6.7,6.7,1,0,0,0,0,,0,7,3,10,70.0,2,6,4,0,1,100.0,0,0,0,0,0,1,20.0,1,0,1,1,100.0,0,0.0,1,100.0,28,0.0,0,0,0,0,0,0,0,0,1,0,0,0,0,0,0.0,0,0,0,0,7,0,0,0,21,0,0,0,0,0,1,0,0,0,,,,0,0,0,0,0,1,0,0,0,0,0,0,0,0,0.0,0,1,5,0,0,0,0,0,0,1,0,0.0,0.0,0,0,0,2,13,0,,0,0,,1
2003555,Cláudio Sozinho,claudio-sozinho,394492,CD Lunda Sul,6.7,6.7,1,0,0,0,0,,0,22,1,23,95.65,11,11,3,0,1,100.0,0,0,0,0,0,0,0.0,1,0,0,1,100.0,1,100.0,2,100.0,45,0.0,0,0,0,0,0,0,0,0,1,0,0,0,0,1,100.0,0,0,0,0,2,0,5,4,27,0,0,0,0,0,0,1,0,0,,,,0,0,0,0,0,1,0,0,0,0,0,0,0,0,0.0,0,1,0,0,0,0,0,0,1,1,0,0.0,0.0,0,0,0,11,12,0,,0,4,,1
1005371,Felix Kamate,felix-kamate,69326,Stade Malien,6.7,13.4,2,0,1,0,0,,0,47,25,72,65.28,33,14,8,1,0,0.0,3,3,1,0,0,0,0.0,0,0,0,5,83.33,2,66.67,7,77.78,135,0.0,0,0,0,1,0,0,0,0,0,0,0,0,0,11,39.29,7,0,1,0,26,0,20,8,90,2,1,0,0,1,0,0,0,0,,,,0,0,0,0,0,3,0,0,0,0,0,0,1,0,0.0,1,0,0,2,1,0,0,0,28,3,2,66.67,0.0,0,0,0,39,33,0,,0,9,,2
2002655,Hassan Sanogo,hassan-sanogo,42360,ASEC Mimosas,6.7,13.4,2,0,0,0,0,,0,13,4,17,76.47,1,12,6,1,1,16.67,1,0,0,0,0,0,0.0,3,1,2,4,28.57,4,57.14,8,38.1,92,0.0,0,0,0,0,0,0,0,0,2,1,0,0,0,0,0.0,0,0,0,0,12,3,2,2,35,3,6,0,0,0,2,0,0,0,,,,0,0,0,0,0,0,0,0,0,0,0,0,1,0,0.0,1,6,0,13,3,0,0,0,0,0,1,100.0,0.0,0,0,0,1,16,0,,0,5,,2
2030429,Abdou Diedhiou,abdou-diedhiou,375117,Associação Black Bulls,6.7,13.4,2,0,0,0,0,,0,24,2,26,92.31,9,15,6,0,3,75.0,1,0,1,0,0,0,0.0,2,0,2,5,45.45,0,0.0,5,38.46,61,0.0,0,0,0,0,0,0,0,0,0,2,0,0,0,0,0.0,0,0,0,1,8,0,1,0,41,1,3,0,0,1,0,0,0,0,,,,0,0,0,0,0,1,0,0,0,0,0,0,0,0,0.0,0,4,2,8,2,0,0,0,2,1,1,100.0,0.0,0,0,0,9,19,0,,0,1,,2
2169875,Cremildo Anuário,cremildo-anuario,375117,Associação Black Bulls,6.7,13.4,2,0,0,0,0,,0,11,3,14,78.57,8,3,2,0,1,100.0,1,0,0,0,0,0,0.0,0,0,0,3,100.0,1,50.0,4,80.0,23,0.0,0,0,0,0,0,0,0,0,0,0,0,0,0,1,50.0,1,0,0,0,9,0,0,0,30,1,0,0,0,0,0,0,0,0,,,,0,0,0,0,0,1,0,0,0,0,0,0,0,0,0.0,0,1,3,1,1,0,0,0,2,1,1,100.0,0.0,0,0,0,8,9,0,,0,2,,2
2003720,Baba Ilou,baba-ilou,80395,RS Berkane,6.7,6.7,1,0,0,0,0,,0,4,5,9,44.44,3,1,0,0,0,0.0,0,0,0,0,0,0,0.0,1,0,1,1,25.0,2,22.22,3,23.08,61,0.0,0,0,0,0,0,0,0,0,0,1,0,0,0,0,0.0,1,0,0,0,7,0,0,0,18,2,2,0,0,0,0,0,0,0,,,,0,0,0,0,0,0,0,0,0,0,0,0,1,0,0.0,0,1,0,10,7,0,0,0,1,0,0,0.0,0.0,0,0,0,4,5,0,,0,1,,3
1610374,Augustine Okejepha,augustine-okejepha,212409,Simba SC,6.7,20.1,3,0,0,0,0,,0,56,11,67,83.58,28,28,11,2,2,100.0,3,1,0,0,0,0,0.0,1,0,0,6,54.55,2,66.67,8,57.14,157,0.0,0,0,0,0,0,0,0,0,1,0,0,0,0,3,100.0,3,0,0,0,14,0,6,2,84,1,5,0,0,1,0,1,0,0,,,,0,0,0,0,0,2,0,0,0,0,0,0,2,0,0.0,2,2,0,6,1,0,0,0,3,2,2,66.67,0.0,0,0,0,33,34,0,,0,2,,3
982614,Mamadou Traore,mamadou-traore,69326,Stade Malien,6.7,20.1,3,0,0,0,0,,0,33,12,45,73.33,9,24,17,0,0,0.0,2,3,1,0,0,0,0.0,2,0,2,10,66.67,1,33.33,11,61.11,144,0.0,0,0,0,0,0,0,0,0,0,2,0,0,0,1,33.33,0,0,0,1,20,0,0,0,73,8,3,0,0,1,0,0,0,0,,,,0,0,0,0,0,2,0,0,0,0,0,0,2,0,0.0,0,1,2,7,2,0,0,0,3,2,1,50.0,0.0,0,0,0,12,35,0,,0,4,,3
1132078,Bernard Ovoke,bernard-ovoke,42371,Enyimba,6.7,6.7,1,0,0,0,0,,0,10,2,12,83.33,5,5,3,0,2,66.67,0,0,0,0,0,0,0.0,0,0,0,3,75.0,0,0.0,3,75.0,15,0.0,0,0,0,0,0,0,0,0,0,0,0,0,0,0,0.0,0,0,0,0,6,0,0,0,22,1,0,0,0,0,0,0,0,0,,,,0,0,0,0,0,1,0,0,0,0,0,0,0,0,0.0,0,3,1,1,0,0,0,0,0,1,0,0.0,0.0,0,0,0,6,7,0,,0,1,,3
1587044,Ekene Awazie,ekene-awazie,42371,Enyimba,6.7,33.5,5,0,0,1,0,,0,59,22,81,72.84,21,39,18,1,5,71.43,5,1,0,0,0,1,50.0,8,1,6,15,62.5,0,0.0,15,55.56,337,0.0,0,0,0,0,0,0,0,0,7,1,0,0,0,3,60.0,6,0,0,3,40,5,5,2,135,5,2,0,0,2,5,1,0,0,,,,0,0,0,0,0,6,1,0,0,0,0,0,5,0,0.0,1,7,2,12,3,0,0,0,5,7,2,40.0,0.0,0,0,0,26,57,0,,0,15,,5
2002866,Edmilson,edmilson,195753,FC Bravos do Maquis,6.7,33.5,5,0,0,0,0,,0,180,13,193,93.26,104,76,20,2,2,100.0,3,4,1,0,0,0,0.0,1,0,0,11,44.0,3,75.0,14,48.28,320,0.0,0,0,0,1,0,0,0,0,0,1,0,0,0,7,53.85,11,0,0,2,19,0,9,6,237,6,4,0,0,9,0,1,0,0,,,,0,0,0,0,0,6,0,0,0,0,0,0,4,0,0.0,2,2,0,15,1,0,0,0,13,6,3,100.0,0.0,0,0,0,107,86,0,,0,15,,5
1427549,Hichem Baccar,hichem-baccar,44463,CS Sfaxien,6.7,40.2,6,0,1,0,0,,0,190,57,247,76.92,108,85,28,4,2,100.0,7,10,1,0,0,3,37.5,0,0,0,19,57.58,12,50.0,31,54.39,540,0.0,0,0,0,0,0,0,0,0,0,0,0,0,0,13,31.71,15,0,0,2,80,1,21,7,364,11,11,0,0,2,0,0,0,0,,,,1,0,0,0,0,9,1,0,0,0,0,0,6,0,0.0,4,2,8,26,12,0,0,0,41,10,4,57.14,0.0,0,0,0,128,127,0,,0,25,,6
990682,Thato Kebue,thato-kebue,297710,Orapa United,6.7,40.2,6,0,0,0,0,,0,128,54,182,70.33,99,29,10,0,0,0.0,2,8,1,0,0,0,0.0,1,0,1,3,30.0,7,50.0,10,41.67,450,0.0,0,0,0,0,1,0,0,0,0,1,0,0,0,13,27.66,33,0,1,0,56,0,15,6,245,1,4,0,0,3,0,0,0,0,,,,2,0,0,0,0,7,1,0,0,0,0,0,6,0,0.0,0,0,0,14,7,0,0,0,47,8,2,100.0,0.0,0,0,0,115,67,0,,11,9,,6
2002453,Débora Fernandes,debora-fernandes,212409,Simba SC,6.69,53.5,8,0,1,0,0,,0,126,24,150,84.0,47,80,28,3,3,75.0,5,4,1,0,0,1,25.0,4,0,3,9,31.03,6,42.86,15,34.88,229,0.0,0,0,0,0,0,0,0,0,0,4,0,0,0,11,68.75,4,0,0,6,43,1,9,7,207,1,10,0,0,3,0,1,0,0,,,,0,0,0,0,0,1,0,0,0,0,0,0,1,0,0.0,3,4,4,28,8,0,0,0,16,1,4,80.0,0.0,0,0,0,51,103,0,,0,10,,9
1174492,Ejaita Ifoni,ifoni-ejaita,375117,Associação Black Bulls,6.68,40.1,6,2,0,1,0,,2,28,17,45,62.22,13,15,6,0,3,75.0,1,0,0,0,0,0,0.0,6,2,2,6,35.29,5,31.25,11,33.33,252,33.33,0,0,0,0,0,0,2,0,6,0,1,1,0,3,75.0,1,0,0,4,30,0,1,0,78,2,6,0,0,0,1,2,0,0,,,,0,0,0,0,0,6,1,0,0,0,0,0,3,0,0.0,0,4,0,22,11,0,0,0,4,7,0,0.0,126.0,0,0,0,17,28,0,,0,3,,6
2002882,Manico,manico,195753,FC Bravos do Maquis,6.68,40.1,6,0,3,0,1,,1,161,51,212,75.94,84,79,25,5,5,62.5,22,6,1,0,0,2,20.0,2,0,2,33,62.26,4,36.36,37,57.81,540,0.0,0,0,0,0,0,0,0,0,0,2,0,0,0,9,25.71,17,0,0,4,81,1,17,6,360,7,3,0,0,10,1,0,0,0,,,,0,0,0,0,0,14,0,0,0,0,0,0,6,0,0.0,5,8,10,27,7,0,0,0,35,14,14,63.64,0.0,0,0,0,102,120,0,,0,27,,6
1612643,Manucho,manucho,394492,CD Lunda Sul,6.68,40.1,6,0,2,1,1,,1,66,17,83,79.52,17,50,25,7,5,29.41,4,6,0,0,0,1,14.29,4,0,2,23,41.82,3,25.0,26,38.81,455,0.0,0,0,0,0,0,0,0,0,3,1,0,0,0,1,20.0,5,0,0,10,60,1,3,3,186,14,11,0,0,1,3,2,0,0,,,,1,0,0,0,0,4,0,0,0,0,0,0,5,0,0.0,7,17,7,41,9,0,0,0,5,4,4,100.0,0.0,0,0,0,21,69,0,,0,17,,6
1471551,Samadou Attidjikou,samadou-attidjikou,43560,Al-Masry,6.68,33.4,5,0,0,0,0,,0,74,19,93,79.57,45,29,11,1,2,100.0,2,6,0,0,0,0,0.0,0,0,0,7,50.0,2,100.0,9,56.25,203,0.0,0,0,0,0,0,0,0,0,0,0,0,0,0,4,50.0,8,0,0,3,24,1,6,3,123,3,2,0,0,2,0,0,0,0,,,,1,0,0,0,0,1,1,0,0,0,0,0,3,0,0.0,1,2,0,7,0,0,0,0,8,2,1,50.0,0.0,0,0,0,53,40,0,,1,17,,5
1639438,Okiemute Odah,okiemute-odah,195753,FC Bravos do Maquis,6.68,26.7,4,0,0,0,0,,0,103,36,139,74.1,93,10,5,0,0,0.0,0,0,0,0,0,0,0.0,0,0,0,0,0.0,3,75.0,3,75.0,360,0.0,0,0,0,0,0,0,0,0,0,0,0,0,0,19,35.85,4,0,1,0,36,0,9,5,176,0,0,0,0,0,0,0,0,12,,,,0,0,0,7,4,9,0,4,0,0,1,0,4,0,0.0,0,0,0,1,1,0,0,0,53,9,0,0.0,0.0,0,0,1,101,38,0,,45,37,,4
2003551,Cédrick Ndambi,cedrick-ndambi,394492,CD Lunda Sul,6.68,26.7,4,0,0,0,0,,0,109,26,135,80.74,70,39,8,0,2,100.0,3,4,0,0,0,0,0.0,1,0,1,10,50.0,7,43.75,17,47.22,357,0.0,0,0,0,0,0,0,0,0,1,0,0,0,0,3,18.75,13,0,0,3,30,0,6,2,182,6,8,0,0,1,0,0,0,0,,,,0,0,0,0,0,4,0,0,0,0,0,0,4,0,0.0,0,2,0,19,9,0,0,0,16,4,2,66.67,0.0,0,0,0,79,56,0,,0,14,,4
1610803,Chinedu Chukwu Ufere,chinedu-chukwu-ufere,42371,Enyimba,6.67,20.0,3,1,0,0,0,,1,65,19,84,77.38,35,31,13,3,2,100.0,0,0,0,0,0,1,100.0,5,1,2,2,25.0,1,20.0,3,23.08,194,20.0,0,0,0,0,1,0,0,1,0,5,0,0,1,4,44.44,0,0,0,2,24,0,7,3,101,0,4,0,0,1,1,2,0,0,,,,0,0,0,0,0,4,1,0,0,0,0,0,3,0,0.0,3,2,1,10,4,0,0,0,9,5,0,0.0,194.0,0,0,0,37,48,0,,0,6,,3
1541799,Omar Embarek,omar-embarek,42206,USM Alger,6.67,20.0,3,0,0,0,0,,0,89,13,102,87.25,52,37,6,1,0,0.0,1,2,0,0,0,0,0.0,1,0,0,4,36.36,1,100.0,5,41.67,141,0.0,0,0,0,0,0,0,0,0,0,1,0,0,0,6,50.0,1,0,0,1,18,0,8,5,116,3,3,0,0,3,0,1,0,0,,,,0,0,0,0,0,0,0,0,0,0,0,0,2,0,0.0,1,0,0,7,0,0,0,0,12,0,1,100.0,0.0,0,0,0,57,45,0,,0,3,,3
1387423,Arilson,arilson,195753,FC Bravos do Maquis,6.67,20.0,3,0,0,0,0,,0,36,5,41,87.8,11,25,8,1,2,100.0,1,0,0,0,0,0,0.0,0,0,0,5,83.33,0,0.0,5,83.33,43,0.0,0,0,0,0,0,0,0,0,0,0,0,0,0,1,100.0,1,0,1,1,7,0,0,0,51,2,0,0,0,0,0,0,0,0,,,,0,0,0,0,0,1,0,0,0,0,0,0,0,0,0.0,1,2,0,1,0,0,0,0,1,1,0,0.0,0.0,0,0,0,12,29,0,,0,2,,3
1802164,Estevão,estevao,195753,FC Bravos do Maquis,6.67,20.0,3,0,0,0,0,,0,33,7,40,82.5,18,17,6,3,2,100.0,0,0,0,0,0,2,40.0,0,0,0,3,50.0,0,0.0,3,42.86,127,0.0,0,0,0,0,0,0,0,0,0,0,0,0,0,7,77.78,4,0,0,1,20,0,5,4,71,1,1,0,0,1,0,0,0,0,,,,0,0,0,0,0,4,0,0,0,0,0,0,1,0,0.0,3,2,5,4,1,0,0,0,9,4,0,0.0,0.0,0,0,0,23,22,0,,0,4,,3
904837,Mateus Criciuma,mateus-criciuma,80395,RS Berkane,6.66,33.3,5,0,1,0,1,,1,24,5,29,82.76,17,7,3,1,0,0.0,3,0,1,0,0,0,0.0,2,1,1,4,30.77,0,0.0,4,26.67,77,0.0,0,0,0,0,0,0,0,0,1,1,0,0,0,2,100.0,0,0,0,3,14,0,2,2,47,1,2,0,0,0,0,0,0,0,,,,0,0,0,0,0,0,0,0,0,0,0,0,0,0,0.0,1,4,1,11,2,0,0,0,2,0,1,33.33,0.0,0,0,0,20,10,0,,0,4,,5
1966433,Rayane Abdelmadjid Mahrouz,rayane-abdelmadjid-mahrouz,42206,USM Alger,6.66,33.3,5,0,1,0,1,,1,49,18,67,73.13,23,26,12,1,5,55.56,3,0,0,0,0,0,0.0,1,0,1,10,50.0,4,57.14,14,51.85,250,0.0,0,0,0,0,0,0,0,0,0,1,0,0,0,2,15.38,13,0,0,3,40,1,8,2,143,2,3,0,0,1,0,0,0,0,,,,0,0,0,0,0,3,0,0,0,0,0,0,2,0,0.0,1,9,5,13,3,0,0,0,13,3,1,33.33,0.0,0,0,0,28,44,0,,0,12,,6
2002869,Higino Kapitango,higino-kapitango,195753,FC Bravos do Maquis,6.65,39.9,6,0,0,1,1,,1,85,17,102,83.33,47,38,15,3,5,83.33,5,2,0,0,0,0,0.0,5,3,1,13,46.43,1,10.0,14,36.84,327,0.0,0,0,0,0,0,0,0,0,1,4,0,0,0,1,25.0,0,0,1,4,35,1,1,1,145,3,8,0,0,3,1,1,0,0,,,,0,0,0,0,0,8,0,0,0,0,0,0,4,0,0.0,3,6,0,24,9,0,0,0,4,8,3,60.0,0.0,0,0,0,52,50,0,,0,11,,6
803145,Pedro Sá,pedro-sa,44463,CS Sfaxien,6.65,13.3,2,0,0,0,0,,0,52,19,71,73.24,24,29,15,2,0,0.0,3,1,1,0,0,1,50.0,0,0,0,3,30.0,4,57.14,7,41.18,177,0.0,0,0,0,0,0,0,0,0,0,0,0,0,0,5,45.45,3,0,0,4,26,1,11,7,94,1,2,0,0,1,0,0,0,0,,,,0,0,0,0,0,3,0,0,0,0,0,0,2,0,0.0,2,0,2,10,3,0,0,0,11,3,3,100.0,0.0,0,0,0,28,45,0,,0,9,,2
1610188,Francis Odinaka,francis-odinaka,42371,Enyimba,6.65,13.3,2,0,0,0,0,,0,7,1,8,87.5,0,8,3,1,0,0.0,0,0,0,0,0,1,100.0,0,0,0,0,0.0,0,0.0,0,0.0,20,0.0,0,0,0,0,0,0,0,0,0,0,0,0,0,0,0.0,1,0,0,0,1,0,0,0,13,0,1,0,0,1,0,0,0,0,,,,0,0,0,0,0,0,0,0,0,0,0,0,0,0,0.0,1,0,1,2,0,0,0,0,0,0,0,0.0,0.0,0,0,0,0,9,0,,0,1,,2
1478434,Gaston Tshabalala,gaston-tshabalala,394492,CD Lunda Sul,6.65,13.3,2,0,0,1,0,,0,3,2,5,60.0,2,1,1,0,1,33.33,1,0,0,0,0,0,0.0,4,2,1,5,55.56,1,100.0,6,60.0,31,0.0,0,0,0,0,0,0,0,0,2,2,0,0,0,0,0.0,0,0,0,0,5,2,0,0,17,3,2,0,0,0,0,1,0,0,,,,0,0,0,0,0,1,0,0,0,0,0,0,0,0,0.0,0,3,1,4,0,0,0,0,0,1,1,100.0,0.0,0,0,0,2,4,0,,0,2,,3
1014789,Ahmed Eid,ahmed-eid,43560,Al-Masry,6.65,26.6,4,0,1,0,0,,0,65,21,86,75.58,44,25,15,2,2,66.67,4,4,2,0,0,4,50.0,1,0,1,6,37.5,4,44.44,10,40.0,303,0.0,0,0,0,0,0,0,0,0,1,0,0,0,0,4,26.67,14,0,0,2,43,0,9,1,159,0,3,0,0,4,0,0,0,0,,,,0,0,0,0,0,3,1,0,0,0,0,0,4,0,0.0,2,3,8,15,5,0,0,0,15,4,3,75.0,0.0,0,0,0,46,48,0,,0,15,,4
1000492,Aimen Bouguerra,aimen-bouguerra,55393,CS Constantine,6.65,26.6,4,0,0,0,0,,0,41,15,56,73.21,22,20,9,1,0,0.0,4,4,0,0,0,1,10.0,2,0,2,6,54.55,3,50.0,9,52.94,213,0.0,0,0,0,0,2,0,0,0,0,2,0,0,0,5,41.67,8,0,0,0,41,0,6,3,117,2,3,0,0,0,0,0,0,0,,,,0,0,0,0,0,5,1,0,0,0,0,0,3,0,0.0,1,3,10,8,3,0,0,0,12,6,4,100.0,0.0,0,0,0,24,42,0,,0,10,,4
1416275,Abdelkader Kaibou,abdelkader-kaibou,55393,CS Constantine,6.65,26.6,4,0,0,0,0,,0,64,8,72,88.89,23,41,17,0,2,28.57,5,5,0,0,0,0,0.0,2,0,1,15,55.56,0,0.0,15,51.72,219,0.0,0,0,0,0,0,0,0,0,1,1,0,0,0,1,25.0,2,0,0,4,27,1,3,1,119,8,1,0,0,2,0,1,0,0,,,,0,0,0,0,0,1,2,0,0,0,0,0,3,0,0.0,0,7,3,14,2,0,0,0,4,3,2,40.0,0.0,0,0,0,25,50,0,,0,9,,4
970523,Nadrey Dago,dago-nadrey,42360,ASEC Mimosas,6.65,39.9,6,0,1,0,0,,0,63,16,79,79.75,22,47,19,7,5,38.46,6,0,1,0,0,6,27.27,2,0,1,13,35.14,5,55.56,18,39.13,271,0.0,0,0,0,0,0,0,0,0,2,0,0,0,0,0,0.0,2,0,1,7,56,1,1,0,153,2,8,1,0,2,1,1,0,0,,,,0,0,0,0,0,3,0,0,0,0,0,0,3,0,0.0,7,13,22,28,4,0,0,0,1,3,3,50.0,0.0,0,0,0,24,77,0,,0,14,,6
1126829,Kazie Godswill,kazie-godswill,43555,Stellenbosch,6.64,46.5,7,0,1,0,0,,0,104,46,150,69.33,55,50,21,1,2,100.0,5,4,2,0,0,1,14.29,3,0,3,13,48.15,15,71.43,28,58.33,416,0.0,0,0,0,0,0,0,0,0,1,2,0,0,0,8,34.78,11,0,0,3,78,0,25,10,244,6,9,0,0,2,0,0,0,0,,,,2,0,0,0,0,4,2,0,0,0,0,0,5,0,0.0,1,2,7,20,6,0,0,0,23,6,4,80.0,0.0,0,0,0,67,90,0,,0,24,,7
895534,Mohamed El Shamy,mohamed-el-shamy,43560,Al-Masry,6.64,33.2,5,0,0,1,0,,0,80,25,105,76.19,19,62,31,5,4,36.36,4,3,0,0,0,1,16.67,2,1,1,10,29.41,3,25.0,13,28.26,355,0.0,0,0,0,0,0,0,0,0,2,0,0,0,0,2,40.0,1,0,0,5,53,3,3,1,164,2,8,0,0,6,7,0,0,0,,,,0,0,0,0,0,1,1,0,0,0,0,0,4,0,0.0,5,11,6,33,9,0,0,0,5,2,4,100.0,0.0,0,0,0,23,88,0,,0,23,,5
2003184,Saliou Guèye,saliou-gueye,87306,ASC Jaraaf,6.64,33.2,5,0,0,2,0,,0,19,14,33,57.58,4,15,10,0,0,0.0,2,0,0,0,0,0,0.0,4,0,4,11,55.0,5,41.67,16,50.0,83,0.0,0,0,0,0,0,0,0,0,2,2,0,0,0,1,50.0,0,0,0,3,23,1,2,1,61,10,3,0,0,2,0,0,0,0,,,,0,0,0,0,0,2,0,0,0,0,0,0,0,0,0.0,0,1,1,16,7,0,0,0,2,2,2,100.0,0.0,0,0,0,4,30,0,,0,6,,5
2002658,Ibrahim Dosso,ibrahim-dosso,42360,ASEC Mimosas,6.63,19.9,3,0,1,1,0,,0,22,6,28,78.57,8,14,8,2,2,33.33,2,1,0,0,0,0,0.0,2,1,1,6,35.29,1,100.0,7,38.89,190,0.0,0,0,0,0,0,0,0,0,2,0,0,0,0,0,0.0,1,0,0,3,23,2,0,0,59,2,2,0,0,3,0,0,0,0,,,,0,0,0,0,0,1,1,0,0,0,0,0,2,0,0.0,2,6,1,11,0,0,0,0,0,2,2,100.0,0.0,0,0,0,8,21,0,,0,8,,3
1186914,Messias Neves,messias-neves,195753,FC Bravos do Maquis,6.63,26.5,4,0,0,0,0,,0,209,48,257,81.32,153,56,18,2,2,50.0,5,8,1,0,0,0,0.0,1,0,0,11,40.74,10,62.5,21,48.84,360,0.0,0,0,0,0,0,0,0,0,0,1,0,0,0,10,35.71,8,0,0,1,60,0,18,3,319,4,10,0,1,4,0,1,0,0,,,,0,0,0,0,0,11,0,0,0,0,0,0,4,0,0.0,2,4,0,22,6,0,0,0,28,11,4,80.0,0.0,0,0,0,171,86,0,,0,21,,4
2003572,Kamara Ballie,kamara-ballie,297710,Orapa United,6.62,33.1,5,0,0,0,0,,0,69,30,99,69.7,35,34,12,1,1,20.0,11,7,0,0,0,0,0.0,5,0,5,15,45.45,2,66.67,17,47.22,250,0.0,0,0,0,0,0,0,0,0,3,2,0,0,0,2,15.38,5,0,0,5,48,0,9,2,155,3,5,0,0,4,3,0,0,0,,,,0,0,0,0,0,6,1,0,0,0,0,0,2,0,0.0,1,5,2,19,1,0,0,0,13,7,6,54.55,0.0,0,0,0,43,58,0,,0,18,,6
2002876,Cuxixima,cuxixima,195753,FC Bravos do Maquis,6.62,39.7,6,0,0,0,1,,1,70,23,93,75.27,20,50,18,3,2,22.22,6,1,0,0,0,0,0.0,6,0,4,13,36.11,13,76.47,26,49.06,301,0.0,0,0,0,0,0,0,0,0,5,1,0,0,0,1,33.33,4,0,0,5,50,0,4,2,162,5,10,0,0,2,1,2,0,0,,,,0,0,0,0,0,8,0,0,0,0,0,0,3,0,0.0,3,9,3,27,4,0,0,0,3,8,5,83.33,0.0,0,0,0,25,71,0,,0,8,,6
2002663,Souleymane Fofana,souleymane-fofana,42360,ASEC Mimosas,6.6,6.6,1,0,1,0,1,,1,10,2,12,83.33,2,8,3,1,0,0.0,0,0,0,0,0,0,0.0,0,0,0,0,0.0,1,100.0,1,100.0,14,0.0,0,0,0,0,0,0,0,0,0,0,0,0,0,0,0.0,0,0,0,0,2,0,1,1,12,0,0,0,0,0,0,0,0,0,,,,0,0,0,0,0,0,0,0,0,0,0,0,0,0,0.0,1,0,0,0,0,0,0,0,0,0,0,0.0,0.0,0,0,0,4,8,0,,0,3,,2
935680,Youssef El Gohary,youssef-el-gohary,43560,Al-Masry,6.6,26.4,4,0,0,0,1,,1,38,16,54,70.37,14,24,12,2,1,33.33,3,2,0,0,0,0,0.0,1,0,1,4,21.05,3,100.0,7,31.82,155,0.0,0,0,0,0,0,0,0,0,0,1,0,0,0,4,44.44,1,0,0,3,24,0,4,2,81,0,8,0,0,2,0,0,0,0,,,,0,0,0,0,0,2,1,0,0,0,0,0,2,0,0.0,2,3,0,15,0,0,0,0,9,3,3,100.0,0.0,0,0,0,16,38,0,,0,8,,4
1656749,Mohamed Atef,mohamed-atef,42368,Zamalek SC,6.6,6.6,1,0,0,0,0,,0,21,4,25,84.0,7,14,7,0,1,20.0,1,0,0,0,0,0,0.0,3,2,0,4,33.33,2,66.67,6,40.0,78,0.0,0,0,0,0,0,0,0,0,1,2,0,0,0,1,100.0,0,0,0,2,14,0,2,1,46,2,1,0,0,1,0,1,0,0,,,,0,0,0,0,0,1,0,0,0,0,0,0,1,0,0.0,0,5,0,9,1,0,0,0,1,1,1,100.0,0.0,0,0,0,7,18,0,,0,1,,1
1870410,Souleymane Cissé,souleymane-cisse,87306,ASC Jaraaf,6.6,6.6,1,0,0,0,0,,0,1,1,2,50.0,0,1,1,0,0,0.0,0,0,0,0,0,0,0.0,0,0,0,0,0.0,1,50.0,1,50.0,11,0.0,0,0,0,0,0,0,0,0,0,0,0,0,0,0,0.0,0,0,0,0,1,0,0,0,3,0,0,0,0,0,0,0,0,0,,,,0,0,0,0,0,0,0,0,0,0,0,0,0,0,0.0,0,0,0,1,1,0,0,0,0,0,0,0.0,0.0,0,0,0,0,2,0,,0,0,,1
1177810,Hocine Dehiri,hocine-dehiri,42206,USM Alger,6.6,6.6,1,0,0,0,0,,0,2,2,4,50.0,1,1,1,0,0,0.0,0,0,0,0,0,0,0.0,0,0,0,0,0.0,1,100.0,1,100.0,15,0.0,0,0,0,0,0,0,0,0,0,0,0,0,0,0,0.0,0,0,0,0,3,0,0,0,7,0,0,0,0,0,0,0,0,0,,,,0,0,0,0,0,0,0,0,0,0,0,0,0,0,0.0,0,0,1,0,0,0,0,0,1,0,0,0.0,0.0,0,0,0,1,4,0,,0,0,,1
1541793,Kamel Soufi,kamel-soufi,42206,USM Alger,6.6,6.6,1,0,0,0,0,,0,31,11,42,73.81,30,1,0,0,0,0.0,0,0,0,0,0,0,0.0,0,0,0,0,0.0,0,0.0,0,0.0,90,0.0,0,0,0,0,0,0,0,0,0,0,0,0,0,5,31.25,0,0,0,0,11,0,3,3,48,0,0,0,0,0,0,0,0,1,,,,0,0,0,1,0,1,0,0,0,0,1,0,1,0,0.0,0,0,0,0,0,0,0,0,16,1,0,0.0,0.0,0,0,0,32,10,0,,14,6,,1
1587049,Eze Ekwutoziam,eze-ekwutoziam,42371,Enyimba,6.6,6.6,1,0,0,0,0,,0,8,1,9,88.89,4,4,2,0,0,0.0,1,0,0,0,0,0,0.0,0,0,0,1,100.0,0,0.0,1,100.0,24,0.0,0,0,0,0,0,0,0,0,0,0,0,0,0,0,0.0,0,0,0,0,1,0,0,0,11,0,0,0,0,0,0,0,0,0,,,,0,0,0,0,0,1,0,0,0,0,0,0,0,0,0.0,0,0,0,0,0,0,0,0,0,1,0,0.0,0.0,0,0,0,4,5,0,,0,1,,1
1094513,Mahmoud Gehad,mahmoud-gehad,42368,Zamalek SC,6.6,13.2,2,0,0,0,0,,0,25,5,30,83.33,9,16,4,0,1,50.0,2,1,0,0,0,0,0.0,0,0,0,3,42.86,2,100.0,5,55.56,56,0.0,0,0,0,0,0,0,0,0,0,0,0,0,0,3,100.0,2,0,0,1,8,0,2,2,41,0,1,0,0,1,0,0,0,0,,,,0,0,0,0,0,1,0,0,0,0,0,0,0,0,0.0,0,2,1,4,0,0,0,0,3,1,0,0.0,0.0,0,0,0,10,21,0,,0,3,,2
1610331,Clinton Jephta,clinton-jephta,42371,Enyimba,6.6,13.2,2,0,0,0,0,,0,10,7,17,58.82,3,8,6,1,1,33.33,1,2,0,0,0,1,100.0,1,1,0,3,37.5,0,0.0,3,37.5,101,0.0,0,0,0,0,0,0,0,0,0,1,0,0,0,0,0.0,0,0,0,1,13,0,0,0,32,1,1,0,0,1,0,0,0,0,,,,0,0,0,0,0,3,0,0,0,0,0,0,1,0,0.0,1,3,1,5,0,0,0,0,0,3,1,100.0,0.0,0,0,0,4,14,0,,0,1,,2
1198251,Abdelkrim Namani,abdelkrim-namani,42206,USM Alger,6.6,6.6,1,0,0,0,0,,0,16,1,17,94.12,9,7,2,0,0,0.0,0,1,0,0,0,0,0.0,0,0,0,0,0.0,0,0.0,0,0.0,27,0.0,0,0,0,0,0,0,0,0,0,0,0,0,0,0,0.0,0,0,0,0,1,0,1,1,20,0,1,0,0,0,0,0,0,0,,,,0,0,0,0,0,1,0,0,0,0,0,0,0,0,0.0,0,0,0,1,0,0,0,0,1,1,0,0.0,0.0,0,0,0,9,8,0,,0,2,,2
1610588,Ismail Sarki,ismail-sarki,42371,Enyimba,6.6,13.2,2,0,0,0,0,,0,8,4,12,66.67,4,4,1,0,0,0.0,1,0,1,0,0,0,0.0,0,0,0,1,20.0,3,100.0,4,50.0,75,0.0,0,0,0,0,0,0,0,0,0,0,0,0,0,0,0.0,0,0,0,1,5,0,0,0,16,1,3,0,0,0,4,0,0,0,,,,0,0,0,0,0,1,0,0,0,0,0,0,1,0,0.0,0,0,0,4,0,0,0,0,1,1,1,100.0,0.0,0,0,0,4,8,0,,0,1,,2
2003198,Alade Balogun,alade-balogun,42371,Enyimba,6.6,6.6,1,0,0,1,0,,0,12,1,13,92.31,4,9,3,1,0,0.0,0,0,0,0,0,1,50.0,1,0,1,2,66.67,0,0.0,2,33.33,63,0.0,0,0,0,0,0,0,0,0,1,0,0,0,0,2,100.0,0,0,0,1,4,0,1,1,23,2,0,0,0,0,0,0,0,0,,,,0,0,0,0,0,1,1,0,0,0,0,0,1,0,0.0,1,0,2,4,3,0,0,0,2,2,0,0.0,0.0,0,0,0,4,11,0,,0,1,,2
2003548,Alcides Patrícios,alcides-patricios,394492,CD Lunda Sul,6.6,13.2,2,0,0,0,0,,0,7,2,9,77.78,4,3,0,0,0,0.0,0,1,1,0,0,0,0.0,0,0,0,0,0.0,2,100.0,2,100.0,19,0.0,0,0,0,0,0,0,0,0,0,0,0,0,0,0,0.0,0,0,0,0,2,0,0,0,11,0,0,0,0,0,0,0,0,0,,,,0,0,0,0,0,0,0,0,0,0,0,0,0,0,0.0,0,0,0,0,0,0,0,0,0,0,0,0.0,0.0,0,0,0,5,4,0,,0,0,,2
2003568,Ximba,ximba,394492,CD Lunda Sul,6.6,6.6,1,0,0,0,0,,0,8,3,11,72.73,3,5,1,0,0,0.0,0,2,0,0,0,0,0.0,1,0,1,0,0.0,1,50.0,1,33.33,15,0.0,0,0,0,0,0,0,0,0,0,1,0,0,0,1,50.0,0,0,0,0,4,0,0,0,16,0,0,0,0,1,0,0,0,0,,,,0,0,0,0,0,1,0,0,0,0,0,0,0,0,0.0,0,0,0,2,1,0,0,0,2,1,0,0.0,0.0,0,0,0,3,8,0,,0,1,,2
1470533,Daniel Daga,daga-daniel,42371,Enyimba,6.6,19.8,3,0,0,0,0,,0,82,16,98,83.67,52,30,4,0,0,0.0,7,4,0,0,0,0,0.0,1,0,1,12,66.67,2,66.67,14,66.67,205,0.0,0,0,0,0,0,0,0,0,0,1,0,0,0,3,18.75,9,0,1,1,18,0,4,0,136,5,4,0,0,1,0,0,0,0,,,,0,0,0,0,0,5,1,0,0,0,0,0,2,0,0.0,0,0,0,7,1,0,0,0,16,6,3,42.86,0.0,0,0,0,57,41,0,,0,21,,3
2003179,Mame Saër Guèye,mame-saer-gueye,87306,ASC Jaraaf,6.6,19.8,3,0,0,0,0,,0,48,34,82,58.54,15,34,11,1,1,100.0,5,4,0,0,0,1,50.0,5,1,2,7,26.92,7,50.0,14,35.0,261,0.0,0,0,0,0,1,0,0,0,3,2,0,0,0,2,16.67,3,0,0,2,43,3,13,2,122,1,11,0,0,7,0,2,0,0,,,,1,0,0,0,0,2,0,0,0,0,0,0,3,0,0.0,1,1,2,26,7,0,0,0,12,2,3,60.0,0.0,0,0,0,18,66,0,,0,13,,3
971526,Enow Adolph Nkembe,enow-adolph-nkembe,55393,CS Constantine,6.6,13.2,2,0,0,0,0,,0,6,2,8,75.0,1,5,3,0,0,0.0,0,0,0,0,0,0,0.0,1,0,1,0,0.0,1,100.0,1,100.0,21,0.0,0,0,0,0,0,0,0,0,1,0,0,0,0,0,0.0,0,0,0,0,2,1,1,0,9,0,0,0,0,0,0,0,0,0,,,,0,0,0,0,0,0,1,0,0,0,0,0,0,0,0.0,0,0,0,0,0,0,0,0,0,1,0,0.0,0.0,0,0,0,2,6,0,,0,3,,3
1612659,Samuel,samuel,394492,CD Lunda Sul,6.6,13.2,2,0,0,0,0,,0,5,4,9,55.56,1,4,1,0,0,0.0,0,0,1,0,0,0,0.0,2,0,2,1,33.33,3,75.0,4,57.14,34,0.0,0,0,0,0,0,0,0,0,1,1,0,0,0,0,0.0,1,0,0,0,5,0,0,0,15,1,3,0,0,0,2,0,0,0,,,,0,0,0,0,0,1,0,0,0,0,0,0,0,0,0.0,0,0,0,3,1,0,0,0,0,1,0,0.0,0.0,0,0,0,1,8,0,,0,0,,3
1461990,João Cairo,joao-cairo,394492,CD Lunda Sul,6.6,19.8,3,0,0,0,0,,0,17,8,25,68.0,2,16,9,3,2,33.33,0,0,1,0,0,1,11.11,3,0,1,8,40.0,3,42.86,11,40.74,114,0.0,0,0,0,0,1,0,0,0,1,2,0,0,0,1,25.0,1,0,0,3,27,0,4,2,62,6,4,0,0,1,0,2,0,0,,,,0,0,0,0,0,3,0,0,0,0,0,0,1,0,0.0,3,6,9,16,4,0,0,0,4,3,0,0.0,0.0,0,0,0,4,30,0,,0,1,,3
1119614,Resaobaka Thatanyane,resaobaka-thatanyane,297710,Orapa United,6.6,13.2,2,0,0,0,0,,0,13,6,19,68.42,3,10,5,2,0,0.0,0,0,1,0,0,0,0.0,1,0,1,0,0.0,2,40.0,2,25.0,87,0.0,0,0,0,0,0,0,0,0,0,1,0,0,0,0,0.0,1,0,0,2,15,1,0,0,34,0,1,0,0,0,0,0,0,0,,,,0,0,0,0,0,0,0,0,0,0,0,0,1,0,0.0,2,0,4,6,3,0,0,0,0,0,0,0.0,0.0,0,0,0,4,19,0,,0,2,,3
918622,Naser Mansi,naser-mansi,42368,Zamalek SC,6.6,33.0,5,0,0,3,0,,0,15,8,23,65.22,6,9,7,1,0,0.0,0,2,0,0,0,0,0.0,6,2,3,1,25.0,6,60.0,7,50.0,110,0.0,0,0,0,0,0,0,0,0,6,0,0,0,0,1,50.0,1,0,0,0,12,1,4,1,37,1,4,1,0,0,2,1,0,0,,,,0,0,0,0,0,1,0,0,0,0,0,0,0,0,0.0,1,1,0,7,4,0,0,0,2,1,0,0.0,0.0,0,0,0,7,16,0,,0,6,,5
2002656,Ibrahim Diakite,ibrahim-diakite,42360,ASEC Mimosas,6.6,33.0,5,0,0,0,0,,0,219,44,263,83.27,158,61,8,1,0,0.0,3,3,1,0,0,0,0.0,2,0,2,7,58.33,8,50.0,15,53.57,450,0.0,0,0,0,0,0,0,0,0,2,0,0,0,0,14,33.33,10,1,0,0,47,0,21,3,298,4,4,0,0,0,0,0,0,0,,,,1,0,0,0,0,3,1,0,0,0,0,0,5,0,0.0,1,1,0,13,8,0,0,0,42,4,2,66.67,0.0,0,0,0,164,99,0,,0,11,,5
1508126,Oarabile Sekwai,oarabile-sekwai,297710,Orapa United,6.6,33.0,5,0,0,1,0,,0,63,16,79,79.75,31,32,16,2,5,62.5,4,3,0,0,0,0,0.0,3,1,2,16,66.67,4,22.22,20,47.62,356,0.0,0,0,0,0,0,0,0,0,1,2,0,0,0,1,50.0,4,0,0,1,31,0,3,0,135,7,6,0,0,1,1,0,0,0,,,,0,0,0,0,0,3,1,0,0,0,0,0,4,0,0.0,2,8,0,22,14,0,0,0,2,4,2,50.0,0.0,0,0,0,36,43,0,,0,20,,5
2003570,Kagisano Mungu,kagisano-mungu,297710,Orapa United,6.6,26.4,4,0,0,0,0,,0,35,6,41,85.37,20,16,6,2,1,100.0,3,3,0,0,0,1,100.0,1,0,1,5,50.0,1,50.0,6,50.0,102,0.0,0,0,0,0,0,0,0,0,1,0,0,0,0,2,100.0,1,0,0,2,12,0,0,0,63,1,2,0,0,1,0,0,0,0,,,,0,0,0,0,0,6,0,0,0,0,0,0,0,0,0.0,2,1,1,6,1,0,0,0,2,6,3,100.0,0.0,0,0,0,23,19,0,,0,7,,5
1094481,Achref Habbassi,achref-habbassi,44463,CS Sfaxien,6.6,39.6,6,0,1,0,0,,0,83,25,108,76.85,38,49,21,3,3,27.27,8,2,2,0,0,4,22.22,6,3,2,13,34.21,2,40.0,15,34.88,329,0.0,0,0,0,0,1,0,0,0,3,3,0,0,0,1,12.5,3,0,0,9,66,4,12,4,196,2,5,0,0,3,2,1,0,0,,,,0,0,0,0,0,6,1,0,0,0,0,0,4,0,0.0,3,11,18,28,3,0,0,0,8,7,4,50.0,0.0,0,0,0,41,85,0,,0,20,,6
918727,Karim El Eraki,karim-el-eraki,43560,Al-Masry,6.6,39.6,6,0,1,0,0,,0,119,28,147,80.95,78,42,18,2,6,85.71,5,3,3,0,0,1,16.67,1,0,1,15,45.45,1,25.0,16,43.24,417,0.0,0,0,0,0,0,0,0,0,1,0,0,0,0,6,30.0,2,0,0,4,43,0,20,10,225,4,9,0,0,5,0,0,0,0,,,,2,0,0,0,0,1,1,0,0,0,0,0,4,0,0.0,2,7,6,21,3,0,0,0,20,2,1,20.0,0.0,0,0,0,87,66,0,,0,22,,6
1179162,Genino Palace,genino-palace,43555,Stellenbosch,6.6,59.4,9,0,0,0,0,,0,103,29,132,78.03,52,51,23,2,1,100.0,7,5,0,0,0,0,0.0,3,0,2,10,50.0,5,33.33,15,42.86,372,0.0,0,0,0,0,0,0,0,0,2,1,0,0,0,3,42.86,3,0,0,2,40,1,8,4,172,2,4,0,0,4,0,1,0,0,,,,0,0,0,0,0,4,1,0,0,0,0,0,5,0,0.0,2,1,2,20,10,0,0,0,7,5,1,14.29,0.0,0,0,0,59,75,0,,0,14,,10
1470021,Baraket Hmidi,baraket-hmidi,44463,CS Sfaxien,6.58,32.9,5,0,0,0,0,,0,30,20,50,60.0,11,20,9,1,1,16.67,3,1,1,0,0,1,25.0,2,0,0,10,50.0,1,50.0,11,50.0,177,0.0,0,0,0,0,0,0,0,0,0,2,0,0,0,0,0.0,4,0,0,1,34,0,6,2,99,6,3,0,0,1,1,2,0,0,,,,0,0,0,0,0,3,0,0,0,0,0,0,1,0,0.0,1,6,4,11,1,0,0,0,6,3,2,66.67,0.0,0,0,0,18,36,0,,0,3,,5
2003010,Alex Chamorro,alex-chamorro,87306,ASC Jaraaf,6.58,32.9,5,0,0,0,0,,0,80,14,94,85.11,59,21,12,3,0,0.0,4,5,0,0,0,0,0.0,0,0,0,4,50.0,2,40.0,6,46.15,229,0.0,0,0,0,0,0,0,0,0,0,0,0,0,0,6,50.0,8,0,0,0,18,0,7,2,121,0,1,0,0,1,0,0,0,0,,,,0,0,0,0,0,4,0,0,0,0,0,0,2,0,0.0,3,2,0,7,3,0,0,0,12,4,2,50.0,0.0,0,0,0,60,34,0,,0,7,,5
1634635,Mohamed Absi,mohamed-absi,44463,CS Sfaxien,6.57,19.7,3,0,0,0,0,,0,29,4,33,87.88,19,10,5,1,0,0.0,2,0,0,0,0,0,0.0,2,1,0,5,62.5,1,50.0,6,60.0,75,0.0,0,0,0,0,0,0,0,0,1,1,0,0,0,3,100.0,0,0,0,1,6,0,1,1,46,3,0,0,0,2,0,1,0,0,,,,0,0,0,0,0,4,1,0,0,0,0,0,1,0,0.0,1,0,0,4,1,0,0,0,3,5,1,50.0,0.0,0,0,0,19,14,0,,0,2,,3
1182541,David Koffi,david-koffi,42360,ASEC Mimosas,6.57,19.7,3,0,0,0,0,,0,37,3,40,92.5,18,19,4,0,1,33.33,3,0,0,0,1,0,0.0,4,0,4,7,41.18,1,50.0,8,42.11,115,0.0,0,0,0,0,0,0,0,0,2,2,0,0,0,2,100.0,1,0,0,2,10,1,0,0,70,3,5,1,0,1,0,0,0,0,,,,0,0,0,0,0,1,0,0,0,0,0,0,1,0,0.0,0,3,0,11,1,0,0,0,2,1,2,66.67,0.0,1,0,0,19,21,0,,0,6,,3
1122509,Khaled Bousseliou,khaled-bousseliou,42206,USM Alger,6.57,19.7,3,0,0,0,0,,0,15,6,21,71.43,8,7,3,0,2,40.0,3,0,0,0,0,0,0.0,1,1,0,5,41.67,0,0.0,5,33.33,82,0.0,0,0,0,0,0,0,0,0,0,1,0,0,0,0,0.0,2,0,0,1,16,1,0,0,42,0,3,0,0,0,1,0,0,0,,,,0,0,0,0,0,1,0,0,0,0,0,0,1,0,0.0,0,5,5,10,3,0,0,0,2,1,3,100.0,0.0,0,0,0,10,16,0,,0,6,,5
2003582,Nyembo Azende,nyembo-azende,297710,Orapa United,6.57,39.4,6,0,0,0,0,,0,110,18,128,85.94,61,49,17,1,6,60.0,5,4,1,0,0,0,0.0,2,0,0,18,52.94,11,57.89,29,54.72,399,0.0,0,0,0,0,1,0,0,0,0,2,0,0,0,4,66.67,4,0,1,7,44,0,3,1,200,7,6,0,0,1,1,2,0,0,,,,1,0,0,0,0,4,1,0,0,0,0,0,4,0,0.0,1,10,1,24,8,0,0,0,6,5,4,80.0,0.0,0,0,0,68,61,0,,0,26,,6
2004354,Stephen Seameh,stephen-seameh,375117,Associação Black Bulls,6.57,39.4,6,0,0,0,0,,0,179,34,213,84.04,91,89,34,2,4,66.67,6,1,1,0,0,1,20.0,2,0,1,16,39.02,2,33.33,18,38.3,397,0.0,0,0,0,0,0,0,0,0,0,2,0,0,0,18,75.0,3,0,1,10,60,1,28,17,271,6,12,0,0,2,0,1,0,0,,,,1,0,0,0,0,7,2,0,0,0,0,0,5,0,0.0,2,6,5,29,4,0,0,0,24,9,4,66.67,0.0,0,0,0,100,118,0,,0,22,,6
1024068,Fatai Abdullahi Oluwadayo,fatai-abdullahi-oluwadayo,42371,Enyimba,6.56,32.8,5,0,0,0,0,,0,156,23,179,87.15,84,72,32,3,0,0.0,3,0,1,0,0,0,0.0,7,0,3,7,38.89,4,40.0,11,39.29,288,0.0,0,0,0,0,1,0,0,0,0,7,0,0,0,9,60.0,4,0,0,2,31,0,24,15,213,4,4,0,0,4,0,4,0,0,,,,0,0,0,0,0,5,1,0,0,0,0,0,3,0,0.0,3,1,0,17,6,0,0,0,15,6,3,100.0,0.0,0,0,0,90,89,0,,0,32,,5
1127049,Vitinho,vitinho,375117,Associação Black Bulls,6.55,13.1,2,0,0,0,0,,0,5,1,6,83.33,1,4,1,0,0,0.0,0,0,0,0,0,0,0.0,0,0,0,0,0.0,1,100.0,1,100.0,24,0.0,0,0,0,0,0,0,0,0,0,0,0,0,0,0,0.0,0,0,0,0,1,0,0,0,6,0,0,0,0,0,0,0,0,0,,,,0,0,0,0,0,0,0,0,0,0,0,0,0,0,0.0,0,0,0,0,0,0,0,0,0,0,0,0.0,0.0,0,0,0,1,5,0,,0,0,,2
1168608,Salah Harrabi,salah-harrabi,44463,CS Sfaxien,6.55,26.2,4,0,0,0,0,,0,176,42,218,80.73,133,43,14,1,1,100.0,4,2,0,0,0,0,0.0,1,0,1,8,61.54,8,66.67,16,64.0,315,0.0,0,0,0,0,0,0,0,0,1,0,0,0,0,23,44.23,11,1,0,0,46,0,47,19,260,3,4,0,0,1,0,0,0,0,,,,0,0,0,0,0,7,1,0,0,0,0,0,4,0,0.0,1,1,1,9,4,0,0,0,52,8,4,100.0,0.0,0,0,0,141,78,0,,1,17,,4
1966448,Salifou Tapsoba,salifou-tapsoba,55393,CS Constantine,6.55,13.1,2,0,0,0,0,,0,9,6,15,60.0,5,4,0,0,1,100.0,2,1,1,0,0,0,0.0,0,0,0,4,80.0,2,100.0,6,85.71,70,0.0,0,0,0,0,0,0,0,0,0,0,0,0,0,1,33.33,3,0,0,0,8,0,1,1,27,1,1,0,0,0,0,0,0,0,,,,0,0,0,0,0,2,0,0,0,0,0,0,0,0,0.0,0,1,0,1,0,0,0,0,3,2,1,50.0,0.0,0,0,0,7,8,0,,0,4,,5
985976,Ivan Kamberipa,ivan-kamberipa,297710,Orapa United,6.55,39.3,6,0,0,0,0,,0,132,65,197,67.01,93,39,18,0,1,50.0,6,3,0,0,0,0,0.0,2,0,1,10,45.45,7,63.64,17,51.52,540,0.0,0,0,0,0,1,0,0,0,1,1,0,0,0,26,35.14,38,0,1,4,78,0,23,9,281,3,1,0,0,6,0,1,0,0,,,,2,0,0,0,0,12,1,0,0,0,0,0,6,0,0.0,0,2,1,16,4,0,0,0,74,13,3,50.0,0.0,0,0,0,111,87,0,,13,21,,6
1127096,Martinho,martinho,375117,Associação Black Bulls,6.54,32.7,5,0,0,0,1,,1,168,42,210,80.0,114,60,20,3,0,0.0,2,5,0,0,0,6,50.0,7,1,3,2,28.57,5,55.56,7,43.75,442,0.0,0,0,0,0,5,0,0,0,0,7,0,0,0,11,33.33,11,1,0,0,50,0,19,5,262,0,1,0,0,3,0,3,0,0,,,,0,0,0,0,0,7,2,0,0,0,0,0,5,0,0.0,3,1,12,9,4,0,0,0,33,9,1,50.0,0.0,0,0,0,129,93,0,,1,16,,5
944896,Gaoussou Traoré,gaoussou-traore,44463,CS Sfaxien,6.54,32.7,5,0,0,0,0,,0,49,12,61,80.33,15,34,19,1,3,100.0,2,1,0,0,0,0,0.0,0,0,0,7,46.67,3,100.0,10,55.56,143,0.0,0,0,0,0,0,0,0,0,0,0,0,0,0,4,100.0,4,0,0,3,18,1,3,3,83,2,3,0,0,2,0,0,0,0,,,,0,0,0,0,0,2,1,0,0,0,0,0,1,0,0.0,1,3,0,8,0,0,0,0,4,3,1,50.0,0.0,0,0,0,16,45,0,,0,7,,5
2003578,René,rene,394492,CD Lunda Sul,6.54,32.7,5,0,0,0,0,,0,64,16,80,80.0,27,41,17,2,3,37.5,6,4,1,0,0,4,28.57,1,0,1,12,44.44,7,63.64,19,50.0,265,0.0,0,0,0,0,0,0,0,0,1,0,0,0,0,2,40.0,4,0,0,5,44,0,5,3,160,3,4,0,0,1,1,0,0,0,,,,0,0,0,0,0,3,0,0,0,0,0,0,3,0,0.0,2,8,14,19,4,0,0,0,5,3,6,100.0,0.0,0,0,0,29,65,0,,0,10,,5
1841850,Phili Langelihle,phili-langelihle,43555,Stellenbosch,6.53,39.2,6,0,0,0,0,,0,21,10,31,67.74,7,14,8,0,2,50.0,3,2,0,0,0,0,0.0,5,4,1,6,31.58,0,0.0,6,28.57,176,0.0,0,0,0,0,0,0,0,0,2,3,0,0,0,2,50.0,0,0,0,7,34,2,2,0,75,1,0,0,0,4,0,0,0,0,,,,0,0,0,0,0,3,2,0,0,0,0,0,1,0,0.0,0,4,6,15,2,0,0,0,4,5,3,100.0,0.0,0,0,0,8,29,0,,0,7,,6
1002467,Ibraheem Jabaar,ibraheem-jabaar,43555,Stellenbosch,6.53,39.2,6,0,0,0,0,,0,38,14,52,73.08,13,25,18,1,1,100.0,4,4,0,0,0,0,0.0,1,0,0,11,52.38,2,28.57,13,46.43,245,0.0,0,0,0,0,0,0,0,0,0,1,0,0,0,1,50.0,1,0,0,5,27,1,4,2,89,6,3,0,0,2,1,1,0,0,,,,0,0,0,0,0,2,3,0,0,0,0,0,3,0,0.0,1,1,1,15,5,0,0,0,2,5,3,75.0,0.0,0,0,0,15,38,0,,0,8,,7
1996692,Omar Ben Ali,omar-ben-ali,44463,CS Sfaxien,6.53,26.1,4,0,1,1,1,,1,15,8,23,65.22,5,10,7,3,0,0.0,0,1,1,0,0,0,0.0,3,0,1,1,6.67,8,57.14,9,31.03,124,0.0,0,0,0,0,0,0,0,0,2,1,0,0,0,1,33.33,3,0,0,1,18,0,2,1,47,2,9,0,0,2,0,2,0,0,,,,0,0,0,0,0,1,1,0,0,0,0,0,1,0,0.0,3,3,0,20,6,0,0,0,3,2,0,0.0,0.0,0,0,0,7,16,0,,0,1,,4
1515560,Amine Haboubi,amine-haboubi,44463,CS Sfaxien,6.53,26.1,4,0,0,0,0,,0,8,5,13,61.54,2,6,3,0,1,50.0,1,0,2,0,0,0,0.0,2,0,2,4,66.67,2,22.22,6,40.0,74,0.0,0,0,0,0,1,0,0,0,0,2,0,0,0,0,0.0,3,0,0,0,10,0,1,1,28,2,3,0,0,0,2,0,0,0,,,,0,0,0,0,0,1,0,0,0,0,0,0,0,0,0.0,0,2,1,9,7,0,0,0,0,1,0,0.0,0.0,0,0,0,4,10,0,,0,2,,4
2003584,Neymar,neymar,394492,CD Lunda Sul,6.53,26.1,4,0,0,0,0,,0,19,6,25,76.0,5,14,7,2,6,60.0,0,0,0,0,0,0,0.0,1,0,1,6,40.0,1,100.0,7,43.75,80,0.0,0,0,0,0,0,0,0,0,0,1,0,0,0,0,0.0,0,0,0,2,14,0,1,0,47,0,2,0,0,1,0,0,0,0,,,,0,0,0,0,0,2,0,0,0,0,0,0,0,0,0.0,2,10,0,9,0,0,0,0,0,2,0,0.0,0.0,0,0,0,7,18,0,,0,5,,4
1102348,Ashley Cupido,cupido-ashley,43555,Stellenbosch,6.53,52.2,8,0,1,3,0,,0,75,22,97,77.32,19,57,37,10,3,33.33,1,1,0,0,0,1,12.5,9,3,5,6,18.18,4,22.22,10,19.61,469,0.0,0,0,0,0,0,0,0,0,5,4,0,0,0,1,25.0,1,0,0,14,60,5,9,5,162,2,6,0,0,2,2,1,0,0,,,,0,0,0,0,0,5,0,0,0,0,0,0,6,0,0.0,10,9,8,41,14,0,0,0,4,5,1,100.0,0.0,0,0,0,23,82,0,,0,18,,8
1612108,Beugré Gbakré,beugre-gbakre,42360,ASEC Mimosas,6.5,6.5,1,0,0,0,0,,0,12,2,14,85.71,5,7,4,0,0,0.0,0,0,0,0,0,0,0.0,0,0,0,0,0.0,0,0.0,0,0.0,22,0.0,0,0,0,0,0,0,0,0,0,0,0,0,0,2,100.0,0,0,0,1,4,0,1,1,20,0,0,0,0,1,0,0,0,0,,,,0,0,0,0,0,0,0,0,0,0,0,0,0,0,0.0,0,0,1,2,0,0,0,0,2,0,0,0.0,0.0,0,0,0,6,9,0,,0,3,,1
2045147,Cheswyn Philander,cheswyn-philander,43555,Stellenbosch,6.5,6.5,1,0,0,0,0,,0,1,0,1,100.0,0,1,0,0,0,0.0,0,0,0,0,0,0,0.0,0,0,0,0,0.0,1,100.0,1,100.0,17,0.0,0,0,0,0,0,0,0,0,0,0,0,0,0,0,0.0,0,0,0,0,0,0,0,0,1,0,0,0,0,0,0,0,0,0,,,,0,0,0,0,0,0,0,0,0,0,0,0,0,0,0.0,0,0,0,0,0,0,0,0,0,0,0,0.0,0.0,0,0,0,0,1,0,,0,0,,1
2002674,Mamady Condé,mamady-conde,69326,Stade Malien,6.5,6.5,1,0,0,0,0,,0,5,5,10,50.0,2,3,2,0,1,33.33,0,0,1,0,0,0,0.0,0,0,0,2,28.57,0,0.0,2,25.0,61,0.0,0,0,0,0,0,0,0,0,0,0,0,0,0,0,0.0,2,0,0,0,11,2,3,1,24,1,2,0,0,1,0,0,0,0,,,,0,0,0,0,0,0,0,0,0,0,0,0,1,0,0.0,0,3,2,6,1,0,0,0,3,0,0,0.0,0.0,0,0,0,3,9,0,,0,4,,1
2002670,Idrissa Diarra,idrissa-diarra,69326,Stade Malien,6.5,6.5,1,0,0,0,0,,0,3,0,3,100.0,1,2,2,0,0,0.0,1,0,0,0,0,0,0.0,1,0,1,1,33.33,0,0.0,1,33.33,13,0.0,0,0,0,0,0,0,0,0,0,1,0,0,0,0,0.0,0,0,0,0,3,0,1,1,8,0,0,0,0,1,0,0,0,0,,,,0,0,0,0,0,0,0,0,0,0,0,0,0,0,0.0,0,1,1,2,0,0,0,0,0,0,0,0.0,0.0,0,0,0,1,3,0,,0,0,,2
1587045,Alalibo Somiari,alalibo-somiari,42371,Enyimba,6.5,13.0,2,0,0,0,0,,0,47,13,60,78.33,34,13,5,0,0,0.0,1,3,1,0,0,0,0.0,2,0,2,1,33.33,5,71.43,6,60.0,170,0.0,0,0,0,1,1,0,0,0,1,1,0,0,0,6,42.86,13,0,0,0,14,0,8,2,84,0,2,0,0,0,0,0,0,0,,,,0,0,0,0,0,2,0,0,0,0,0,0,2,0,0.0,0,0,0,4,2,0,0,0,14,2,0,0.0,0.0,0,0,0,38,22,0,,0,6,,2
1127079,Jesus,jesus,375117,Associação Black Bulls,6.5,6.5,1,0,0,0,0,,0,2,0,2,100.0,1,1,0,0,0,0.0,0,0,0,0,0,0,0.0,0,0,0,0,0.0,0,0.0,0,0.0,14,0.0,0,0,0,0,0,0,0,0,0,0,0,0,0,0,0.0,0,0,0,1,2,0,0,0,4,0,0,0,0,0,0,0,0,0,,,,0,0,0,0,0,1,0,0,0,0,0,0,0,0,0.0,0,0,1,1,0,0,0,0,0,1,0,0.0,0.0,0,0,0,1,2,0,,0,0,,2
1515565,Youssef Becha,youssef-becha,44463,CS Sfaxien,6.5,32.5,5,0,0,1,0,,0,45,15,60,75.0,14,31,15,0,0,0.0,3,1,0,0,0,0,0.0,4,1,1,8,40.0,0,0.0,8,40.0,257,0.0,0,0,0,0,0,0,0,0,1,3,0,0,0,1,33.33,0,0,0,4,40,3,4,2,122,5,2,0,0,3,0,2,0,0,,,,0,0,0,0,0,3,0,0,0,0,0,0,3,0,0.0,0,3,6,12,0,0,0,0,3,3,2,66.67,0.0,0,0,0,20,46,0,,0,15,,5
919671,Mohamed El Morabit,mohamed-el-morabit,80395,RS Berkane,6.49,58.4,9,0,0,0,0,,0,77,12,89,86.52,39,39,23,2,2,25.0,1,2,1,0,0,1,16.67,3,1,0,7,28.0,0,0.0,7,23.33,265,0.0,0,0,0,0,0,0,0,0,1,2,0,0,0,3,100.0,1,0,0,5,35,2,4,2,141,4,4,0,0,3,0,2,0,0,,,,0,0,0,0,0,1,0,0,0,0,0,0,2,0,0.0,2,8,6,23,5,0,0,0,3,1,0,0.0,0.0,0,0,0,40,55,0,,0,21,,10
2004357,Kélvio Neves,kelvio,375117,Associação Black Bulls,6.48,25.9,4,0,0,0,0,,0,7,6,13,53.85,4,3,1,0,1,100.0,0,1,0,0,0,0,0.0,0,0,0,1,11.11,2,40.0,3,21.43,53,0.0,0,0,0,0,0,0,0,0,0,0,0,0,0,0,0.0,2,0,0,3,10,0,0,0,27,0,2,0,0,3,0,0,0,0,,,,0,0,0,0,0,0,0,0,0,0,0,0,0,0,0.0,0,1,0,11,3,0,0,0,0,0,0,0.0,0.0,0,0,0,5,8,0,,0,1,,4
2003580,Letsweletse Gaboitsiwe,letsweletse-gaboitsiwe,297710,Orapa United,6.47,19.4,3,0,1,0,1,,1,12,3,15,80.0,8,4,1,1,1,50.0,1,1,0,0,0,0,0.0,1,0,1,2,50.0,1,33.33,3,42.86,77,0.0,0,0,0,0,0,0,0,0,1,0,0,0,0,0,0.0,1,0,0,1,11,0,0,0,30,0,0,0,0,0,0,0,0,0,,,,0,0,0,0,0,7,0,0,0,0,0,0,1,0,0.0,1,2,0,4,2,0,0,0,0,7,0,0.0,0.0,0,0,0,10,5,0,,0,4,,3
1634615,Rayane Derbali,rayane-derbali,44463,CS Sfaxien,6.47,19.4,3,0,0,0,0,,0,86,31,117,73.5,39,49,24,2,0,0.0,7,8,0,0,0,2,25.0,1,0,1,8,36.36,4,80.0,12,44.44,270,0.0,0,0,0,0,0,0,0,0,1,0,0,0,0,10,43.48,4,0,1,1,50,1,14,6,203,1,4,0,0,6,0,0,0,0,,,,0,0,0,0,0,6,0,0,0,0,0,0,3,0,0.0,2,3,8,15,1,0,0,0,23,6,5,71.43,0.0,0,0,0,50,75,0,,0,5,,3
2003186,Maheri Toure,maheri-toure-and-769,87306,ASC Jaraaf,6.47,19.4,3,0,0,0,0,,0,23,4,27,85.19,8,16,6,0,0,0.0,0,0,0,0,0,1,100.0,0,0,0,4,44.44,1,20.0,5,35.71,68,0.0,0,0,0,0,0,0,0,0,0,0,0,0,0,0,0.0,0,0,0,3,12,1,2,0,45,4,0,1,0,0,0,0,0,0,,,,0,0,0,0,0,1,0,0,0,0,0,0,0,0,0.0,0,2,1,9,4,0,0,0,2,1,0,0.0,0.0,0,0,0,8,20,0,,0,4,,3
1387376,Botsile Sakana,botsile-sakana,297710,Orapa United,6.47,38.8,6,0,1,0,0,,0,142,59,201,70.65,91,53,25,5,1,25.0,16,7,0,0,0,2,12.5,2,0,1,23,57.5,3,27.27,26,50.98,540,0.0,0,0,0,0,0,0,0,0,0,2,0,0,0,9,20.45,15,1,0,0,107,0,25,8,342,6,7,0,0,8,0,1,0,0,,,,2,0,0,0,0,12,1,0,0,0,0,0,6,0,0.0,5,4,16,25,8,0,0,0,44,13,8,50.0,0.0,0,0,0,109,108,0,,0,35,,6
1435940,Valentin Nouma,valentin-nouma,212409,Simba SC,6.46,51.7,8,0,0,0,0,,0,42,15,57,73.68,13,31,19,2,1,33.33,1,3,1,0,0,2,22.22,4,0,3,3,30.0,7,70.0,10,50.0,140,0.0,0,0,0,0,0,0,0,0,3,1,0,0,0,3,25.0,8,1,0,1,37,0,8,3,123,1,3,0,0,3,0,1,0,0,,,,0,0,0,0,0,1,0,0,0,0,0,0,0,0,0.0,2,3,9,10,3,0,0,0,12,1,0,0.0,0.0,0,0,0,17,49,0,,0,6,,8
1127053,Tshepo Malgas,tshepo-malgas,297710,Orapa United,6.46,32.3,5,0,0,3,0,,0,48,8,56,85.71,26,25,6,2,0,0.0,6,0,0,0,0,3,50.0,3,3,0,9,47.37,0,0.0,9,39.13,217,0.0,0,0,0,0,0,0,0,0,3,0,0,0,0,2,66.67,1,0,0,2,25,1,3,1,98,3,2,0,0,1,0,0,0,0,,,,0,0,0,0,0,9,0,0,0,0,0,0,3,0,0.0,2,5,6,14,4,0,0,0,3,9,4,66.67,0.0,0,0,0,28,34,0,,0,8,,5
1008303,Mostafa El Zenary,mostafa-el-zenary,42368,Zamalek SC,6.45,12.9,2,0,0,0,0,,0,42,8,50,84.0,36,6,0,0,0,0.0,1,3,0,0,0,0,0.0,0,0,0,1,50.0,0,0.0,1,25.0,72,0.0,0,0,0,0,0,0,0,0,0,0,0,0,0,0,0.0,7,0,0,0,8,0,4,0,63,0,0,0,0,1,0,0,0,0,,,,0,0,0,0,0,0,2,0,0,0,0,0,1,0,0.0,0,0,0,3,2,0,0,0,6,2,0,0.0,0.0,0,0,0,40,10,0,,0,4,,2
1007579,Riad Benayad,riad-benayad,42206,USM Alger,6.45,12.9,2,0,0,1,0,,0,23,3,26,88.46,7,16,10,0,3,50.0,1,0,0,0,0,0,0.0,4,1,2,6,46.15,1,25.0,7,41.18,135,0.0,0,0,0,0,0,0,0,0,2,2,0,0,0,4,100.0,3,0,0,3,16,0,3,3,54,2,0,0,0,1,1,1,0,0,,,,0,0,0,0,0,2,0,0,0,0,0,0,2,0,0.0,0,6,1,10,3,0,0,0,4,2,0,0.0,0.0,0,0,0,8,19,0,,0,1,,2
959526,Brian Onyango,brian-onyango,43555,Stellenbosch,6.45,12.9,2,0,0,0,0,,0,44,13,57,77.19,33,11,1,0,1,100.0,1,3,0,0,0,0,0.0,0,0,0,2,50.0,5,71.43,7,63.64,156,0.0,0,0,0,0,0,0,0,0,0,0,0,0,0,1,14.29,3,0,1,1,15,0,4,0,69,0,1,0,0,0,0,0,0,0,,,,0,0,0,0,0,4,1,0,0,0,0,0,2,0,0.0,0,1,0,4,2,0,0,0,7,5,1,100.0,0.0,0,0,0,40,17,0,,0,5,,2
1546126,Victor Abata,victor-abata,195753,FC Bravos do Maquis,6.45,12.9,2,0,0,0,0,,0,1,0,1,100.0,0,1,1,0,0,0.0,1,0,0,0,0,0,0.0,0,0,0,1,100.0,1,100.0,2,100.0,20,0.0,0,0,0,0,0,0,0,0,0,0,0,0,0,0,0.0,0,0,0,0,0,0,0,0,2,0,0,0,0,0,0,0,0,0,,,,0,0,0,0,0,0,0,0,0,0,0,0,0,0,0.0,0,0,0,0,0,0,0,0,0,0,1,100.0,0.0,0,0,0,0,1,0,,0,0,,2
1470079,Khomotjo Lekoloane,khomotjo-lekoloane,43555,Stellenbosch,6.45,51.6,8,0,0,0,0,,0,35,21,56,62.5,7,28,20,2,1,8.33,5,2,0,0,0,0,0.0,5,3,1,13,31.71,5,31.25,18,31.58,281,0.0,0,0,0,0,1,0,0,0,2,3,0,0,0,3,50.0,2,0,0,7,51,0,3,1,123,7,7,0,0,4,3,1,0,0,,,,0,0,0,0,0,2,0,0,0,0,0,0,3,0,0.0,2,12,1,39,11,0,0,0,6,2,3,60.0,0.0,0,0,0,9,48,0,,0,7,,9
1387406,Domingos Razão,domingos-razao,195753,FC Bravos do Maquis,6.44,32.2,5,0,0,0,0,,0,195,49,244,79.92,116,80,21,1,2,66.67,9,4,0,0,0,1,9.09,2,0,2,15,65.22,8,61.54,23,63.89,450,0.0,0,0,0,0,0,0,0,0,0,2,0,0,0,9,34.62,13,0,0,1,71,0,15,6,342,4,2,0,0,4,1,0,0,0,,,,0,0,0,0,0,13,0,0,0,0,0,0,5,0,0.0,1,3,11,13,5,0,0,0,26,13,4,44.44,0.0,0,0,0,136,119,0,,0,17,,5
880063,Haythem Ayouni,haythem-ayouni,44463,CS Sfaxien,6.43,25.7,4,0,0,1,0,,0,132,31,163,80.98,99,33,7,0,0,0.0,1,2,0,0,0,0,0.0,3,1,2,3,33.33,11,57.89,14,50.0,315,0.0,0,0,0,0,0,0,0,0,2,1,0,0,0,12,36.36,14,0,1,0,35,0,11,4,195,2,5,0,0,2,2,0,0,0,,,,0,0,0,0,0,5,1,0,0,0,0,0,3,0,0.0,0,0,0,14,8,0,0,0,33,6,1,100.0,0.0,0,0,0,106,57,0,,0,17,,4
2002660,Mohamed Kone,mohamed-kone,42360,ASEC Mimosas,6.4,6.4,1,0,0,0,0,,0,4,1,5,80.0,0,4,1,0,0,0.0,0,0,0,0,0,0,0.0,0,0,0,0,0.0,0,0.0,0,0.0,10,0.0,0,0,0,0,0,0,0,0,0,0,0,0,0,0,0.0,0,0,0,1,3,0,0,0,7,0,0,0,0,0,0,0,0,0,,,,0,0,0,0,0,0,0,0,0,0,0,0,0,0,0.0,0,0,0,1,0,0,0,0,0,0,0,0.0,0.0,0,0,0,1,4,0,,0,1,,1
1110782,Melque Alexandre,melque-alexandre,375117,Associação Black Bulls,6.4,6.4,1,0,0,0,0,,0,1,3,4,25.0,1,0,0,0,0,0.0,0,0,0,0,0,0,0.0,1,1,0,0,0.0,0,0.0,0,0.0,19,0.0,0,0,0,0,0,0,0,0,1,0,0,0,0,0,0.0,1,0,0,0,5,0,0,0,9,0,1,0,0,0,0,0,0,0,,,,0,0,0,0,0,0,0,0,0,0,0,0,0,0,0.0,0,1,0,2,0,0,0,0,1,0,0,0.0,0.0,0,0,0,3,1,0,,0,0,,1
2002891,Milson,milson,195753,FC Bravos do Maquis,6.4,6.4,1,0,0,0,0,,0,3,1,4,75.0,0,3,3,0,0,0.0,0,0,0,0,0,0,0.0,0,0,0,0,0.0,1,50.0,1,33.33,13,0.0,0,0,0,0,0,0,0,0,0,0,0,0,0,0,0.0,0,0,0,0,2,0,0,0,6,0,0,0,0,0,0,0,0,0,,,,0,0,0,0,0,1,0,0,0,0,0,0,0,0,0.0,0,1,0,2,1,0,0,0,0,1,0,0.0,0.0,0,0,0,0,4,0,,0,0,,1
2003577,Koketso Modisane,koketso-modisane,297710,Orapa United,6.4,6.4,1,0,0,0,0,,0,3,0,3,100.0,2,1,0,0,1,50.0,1,0,0,0,0,0,0.0,0,0,0,2,40.0,0,0.0,2,33.33,26,0.0,0,0,0,0,0,0,0,0,0,0,0,0,0,0,0.0,1,0,0,0,1,0,0,0,8,0,1,0,0,1,0,0,0,0,,,,0,0,0,0,0,1,0,0,0,0,0,0,0,0,0.0,0,2,0,4,1,0,0,0,0,1,1,100.0,0.0,0,0,0,2,1,0,,0,1,,1
1610658,Chukwudi Nwaodu,chukwudi-nwaodu,42371,Enyimba,6.4,12.8,2,0,0,1,0,,0,21,7,28,75.0,5,16,12,0,2,66.67,0,1,0,0,0,0,0.0,3,0,1,2,40.0,0,0.0,2,33.33,51,0.0,0,0,0,0,0,0,0,0,2,1,0,0,0,0,0.0,0,0,0,1,11,0,3,0,40,0,0,0,0,1,1,2,0,0,,,,0,0,0,0,0,1,0,0,0,0,0,0,0,0,0.0,0,3,1,4,1,0,0,0,0,1,0,0.0,0.0,0,0,0,7,22,0,,0,4,,2
1526896,Romaric Amoussou,romaric-amoussou,42360,ASEC Mimosas,6.4,25.6,4,0,0,0,0,,0,25,12,37,67.57,8,17,7,0,0,0.0,4,1,0,0,0,0,0.0,2,0,2,8,50.0,1,10.0,9,34.62,184,0.0,0,0,0,0,0,0,0,0,1,1,0,0,0,0,0.0,0,0,0,2,29,2,4,1,73,5,3,0,0,2,2,0,0,0,,,,0,0,0,0,0,4,1,0,0,0,0,0,2,0,0.0,0,2,4,17,9,0,0,0,2,5,2,50.0,0.0,0,0,0,9,32,0,,0,6,,4
587406,Emmanuel Edmond,emmanuel-edmond,195753,FC Bravos do Maquis,6.4,38.4,6,0,0,3,0,,0,20,9,29,68.97,9,11,9,2,0,0.0,1,1,0,0,0,0,0.0,4,2,2,4,33.33,4,33.33,8,33.33,159,0.0,1,0,0,0,0,0,0,0,3,1,0,0,0,0,0.0,1,0,0,2,18,1,0,0,55,3,5,0,0,0,1,0,0,0,,,,0,0,0,0,0,6,0,0,0,0,0,0,1,0,0.0,2,1,1,16,8,0,0,1,0,6,1,100.0,0.0,0,0,0,10,20,0,,0,1,,6
1471113,Chamito Alfandega,chamito-alfandega,375117,Associação Black Bulls,6.38,38.3,6,0,0,0,0,,0,35,16,51,68.63,13,22,9,1,7,41.18,3,2,0,0,0,0,0.0,0,0,0,13,40.63,3,17.65,16,32.65,391,0.0,0,0,0,0,0,0,0,0,0,0,0,0,0,0,0.0,0,1,0,3,43,0,1,0,111,3,4,0,0,2,1,0,0,0,,,,0,0,0,0,0,8,1,0,0,0,0,0,4,0,0.0,1,17,3,33,14,0,0,0,1,9,2,66.67,0.0,0,0,0,17,37,0,,0,6,,6
894656,Oscarine Masuluke,oscarine-masuluke,43555,Stellenbosch,6.37,19.1,3,0,0,0,0,,0,32,27,59,54.24,25,7,1,0,0,0.0,0,0,0,0,0,0,0.0,0,0,0,1,25.0,0,0.0,1,25.0,270,0.0,0,0,0,0,0,0,0,0,0,0,0,0,0,14,34.15,2,1,1,0,28,0,8,5,88,1,0,0,0,3,0,0,0,10,,,,1,0,0,5,5,4,2,0,3,1,2,0,3,0,0.0,0,0,0,3,0,0,0,0,41,6,0,0.0,0.0,0,0,3,28,31,0,,23,19,,3
930586,Salim Boukhenchouche,salim-boukhenchouche,42206,USM Alger,6.37,19.1,3,0,0,0,0,,0,67,6,73,91.78,40,27,9,1,2,50.0,6,0,1,0,1,0,0.0,2,1,0,9,33.33,2,50.0,11,35.48,165,0.0,0,0,0,0,0,0,0,0,1,1,0,0,0,6,75.0,1,0,0,6,22,1,5,4,107,1,7,0,0,3,0,1,0,0,,,,0,0,0,0,0,2,0,0,0,0,0,0,2,0,0.0,1,4,0,20,2,0,0,0,8,2,4,66.67,0.0,1,0,0,41,32,0,,0,10,,3
1605681,Koketso Majafi,koketso-majafi,297710,Orapa United,6.37,38.2,6,0,1,0,0,,0,198,33,231,85.71,119,79,30,2,4,57.14,7,8,2,0,0,0,0.0,0,0,0,16,44.44,4,40.0,20,43.48,540,0.0,0,0,0,1,0,0,0,0,0,0,0,0,0,11,55.0,7,1,0,4,53,0,14,8,296,5,11,0,0,3,1,0,0,0,,,,2,0,0,0,0,12,1,0,0,0,0,0,6,0,0.0,2,7,3,26,6,0,0,0,20,13,3,42.86,0.0,0,0,0,130,104,0,,0,22,,6
1607189,Edwin Balua,edwin-balua,212409,Simba SC,6.35,12.7,2,0,0,1,0,,0,9,2,11,81.82,0,9,3,0,0,0.0,0,0,0,0,0,0,0.0,2,0,0,0,0.0,0,0.0,0,0.0,28,0.0,0,0,0,0,0,0,0,0,1,1,0,0,0,0,0.0,0,0,0,0,3,0,0,0,14,0,1,0,0,0,0,2,0,0,,,,0,0,0,0,0,0,0,0,0,0,0,0,0,0,0.0,0,0,0,2,1,0,0,0,1,0,0,0.0,0.0,0,0,0,0,11,0,,0,1,,3
1510879,Tiago,tiago,195753,FC Bravos do Maquis,6.35,12.7,2,0,0,0,0,,0,25,5,30,83.33,3,22,11,1,2,50.0,2,0,0,0,0,0,0.0,0,0,0,4,50.0,1,50.0,5,50.0,58,0.0,0,0,0,0,0,0,0,0,0,0,0,0,0,0,0.0,0,0,0,1,15,1,2,2,52,0,2,0,0,0,0,0,0,0,,,,0,0,0,0,0,3,0,0,0,0,0,0,0,0,0.0,1,4,4,5,1,0,0,0,0,3,2,100.0,0.0,0,0,0,3,31,0,,0,4,,3
1880486,Ricky Ratlhogo,ricky-ratlhogo,297710,Orapa United,6.32,37.9,6,0,0,0,0,,0,128,31,159,80.5,82,46,20,2,1,100.0,5,3,3,0,0,0,0.0,1,0,1,9,39.13,5,50.0,14,42.42,453,0.0,0,0,0,0,0,0,0,0,0,1,0,0,0,8,40.0,13,0,1,2,38,0,17,11,204,3,7,0,0,5,0,0,0,0,,,,1,0,0,0,0,8,1,0,0,0,0,0,6,0,0.0,2,1,0,19,5,0,0,0,20,9,4,80.0,0.0,0,0,0,97,62,0,,0,13,,6
1008108,Ziad Kamal,ziad-kamal,42368,Zamalek SC,6.3,6.3,1,0,0,0,0,,0,0,0,0,0.0,0,0,0,0,0,0.0,0,0,0,0,0,0,0.0,0,0,0,0,0.0,0,0.0,0,0.0,9,0.0,0,0,0,0,0,0,0,0,0,0,0,0,0,0,0.0,0,0,0,0,0,0,0,0,0,0,1,0,0,0,0,0,0,0,,,,0,0,0,0,0,0,0,0,0,0,0,0,0,0,0.0,0,0,0,1,0,0,0,0,0,0,0,0.0,0.0,0,0,0,0,0,0,,0,0,,1
886122,Rubin Hebaj,rubin-hebaj,44463,CS Sfaxien,6.3,6.3,1,0,0,0,0,,0,2,2,4,50.0,1,1,1,0,0,0.0,0,0,0,0,0,0,0.0,0,0,0,0,0.0,0,0.0,0,0.0,45,0.0,0,0,0,0,0,0,0,0,0,0,0,0,0,0,0.0,0,0,0,2,5,0,0,0,7,0,0,0,0,2,0,0,0,0,,,,0,0,0,0,0,0,0,0,0,0,0,0,1,0,0.0,0,0,0,4,0,0,0,0,0,0,0,0.0,0.0,0,0,0,1,3,0,,0,0,,1
1587048,Chidiebere Nnachi,chidiebere-nnachi,42371,Enyimba,6.3,6.3,1,0,0,0,0,,0,21,4,25,84.0,8,14,5,1,0,0.0,2,0,0,0,0,1,100.0,2,2,0,3,20.0,0,0.0,3,20.0,63,0.0,0,0,0,0,0,0,0,0,1,1,0,0,0,1,50.0,0,0,0,3,16,0,1,1,44,1,2,0,0,4,0,0,0,0,,,,0,0,0,0,0,2,0,0,0,0,0,0,1,0,0.0,1,3,1,12,0,0,0,0,2,2,1,50.0,0.0,0,0,0,9,17,0,,0,3,,1
1610284,Moses Adikwu,moses-adikwu,42371,Enyimba,6.3,6.3,1,0,0,0,0,,0,32,2,34,94.12,31,1,0,0,0,0.0,0,2,0,0,0,0,0.0,0,0,0,1,33.33,0,0.0,1,14.29,90,0.0,0,0,0,0,0,0,0,0,0,0,0,0,0,2,50.0,5,0,0,0,2,0,1,0,43,1,0,0,0,2,0,0,0,0,,,,0,0,0,0,0,2,0,0,0,0,0,0,1,0,0.0,0,0,0,6,4,0,0,0,4,2,0,0.0,0.0,0,0,0,33,1,0,,0,3,,1
2003181,Nouha Coly,nouha-coly,87306,ASC Jaraaf,6.3,12.6,2,0,0,0,0,,0,3,1,4,75.0,1,2,2,0,0,0.0,1,0,0,0,0,0,0.0,0,0,0,2,66.67,0,0.0,2,50.0,22,0.0,0,0,0,0,0,0,0,0,0,0,0,0,0,0,0.0,0,0,0,0,2,0,1,0,7,1,1,0,0,0,0,0,0,0,,,,0,0,0,0,0,2,0,0,0,0,0,0,0,0,0.0,0,0,0,2,1,0,0,0,1,2,1,100.0,0.0,0,0,0,1,3,0,,0,1,,2
1880459,Atamelang Lesogo,atamelang-lesogo,297710,Orapa United,6.3,12.6,2,0,0,0,0,,0,17,13,30,56.67,8,9,4,0,1,100.0,0,0,0,0,0,0,0.0,0,0,0,2,66.67,1,33.33,3,50.0,115,0.0,0,0,0,0,0,0,0,0,0,0,0,0,0,1,10.0,5,1,0,0,27,0,4,1,58,1,0,0,0,1,0,0,0,0,,,,0,0,0,0,0,4,0,0,0,0,0,0,1,0,0.0,0,1,3,3,2,0,0,0,10,4,0,0.0,0.0,0,0,0,10,23,0,,0,3,,2
238924,Landu,landu,195753,FC Bravos do Maquis,6.25,12.5,2,0,0,0,0,,0,46,22,68,67.65,41,5,1,0,0,0.0,0,0,0,0,0,0,0.0,0,0,0,0,0.0,1,100.0,1,100.0,180,0.0,0,0,0,0,0,0,0,0,0,0,0,0,0,12,35.29,0,1,0,0,23,0,6,3,87,0,0,0,0,0,0,0,0,6,,,,0,1,0,4,2,5,0,0,1,1,0,0,2,0,0.0,0,0,0,0,0,0,0,0,34,5,0,0.0,0.0,0,0,0,50,18,0,,29,15,,2
1832631,Obakeng Senono,obakeng-senono,297710,Orapa United,6.2,6.2,1,0,0,0,0,,0,22,1,23,95.65,21,1,0,0,0,0.0,0,1,0,0,0,0,0.0,0,0,0,0,0.0,0,0.0,0,0.0,45,0.0,0,0,0,0,0,0,0,0,0,0,0,0,0,1,50.0,3,0,0,0,1,0,1,1,27,0,0,0,0,0,0,0,0,0,,,,0,0,0,0,0,3,0,0,0,0,0,0,0,0,0.0,0,0,0,0,0,0,0,0,2,3,0,0.0,0.0,0,0,0,21,2,0,,1,1,,1
1470545,Mouctar Ndiaye,mouctar-ndiaye,87306,ASC Jaraaf,6.1,6.1,1,0,0,0,0,,0,4,1,5,80.0,1,3,2,0,0,0.0,1,0,0,0,0,0,0.0,0,0,0,2,50.0,1,100.0,3,60.0,23,0.0,0,0,0,0,0,0,0,0,0,0,0,0,0,0,0.0,1,0,0,0,1,0,0,0,8,1,1,0,0,1,0,0,0,0,,,,0,0,0,0,0,2,0,0,0,0,0,0,0,0,0.0,0,0,0,2,0,0,0,0,0,2,1,100.0,0.0,0,0,0,1,4,0,,0,1,,1
1007545,Chidera Ezeh,chidera-ezeh,42371,Enyimba,6.1,6.1,1,0,0,0,0,,0,50,5,55,90.91,16,34,15,1,1,100.0,1,1,1,0,0,0,0.0,0,0,0,2,28.57,0,0.0,2,25.0,90,0.0,0,0,0,0,0,0,0,0,0,0,0,0,0,2,66.67,1,0,0,2,13,0,2,1,79,0,1,0,0,2,1,0,0,0,,,,0,0,0,0,0,3,0,0,0,0,0,0,1,0,0.0,1,1,2,6,1,0,0,0,3,3,1,100.0,0.0,0,0,0,18,39,0,,0,5,,1
1610839,Nathaniel Asibe,nathaniel-asibe,42371,Enyimba,5.8,5.8,1,0,0,0,0,,0,15,10,25,60.0,13,2,1,0,0,0.0,0,0,0,0,0,0,0.0,0,0,0,0,0.0,0,0.0,0,0.0,90,0.0,0,0,0,0,0,0,0,0,0,0,0,0,0,5,33.33,1,0,0,0,11,0,2,1,38,0,0,0,0,0,0,0,0,0,,,,0,0,0,0,0,2,1,0,0,0,1,0,1,0,0.0,0,0,0,0,0,0,0,0,15,3,0,0.0,0.0,0,0,0,16,9,0,,9,11,,1
935698,Seif Farouk Gaafar,seif-farouk-gaafar,42368,Zamalek SC,0.0,0.0,0,0,0,0,0,,0,4,1,5,80.0,3,1,1,1,0,0.0,0,0,0,0,0,0,0.0,0,0,0,0,0.0,0,0.0,0,0.0,1,0.0,0,0,0,0,0,0,0,0,0,0,0,0,0,0,0.0,0,0,0,0,1,0,1,1,6,0,0,0,0,0,0,0,0,0,,,,0,0,0,0,0,0,0,0,0,0,0,0,0,0,0.0,1,0,0,0,0,0,0,0,0,0,0,0.0,0.0,0,0,0,4,1,0,,0,0,,1
1393728,Mohamed Hamdi,mohamed-hamdi,42368,Zamalek SC,0.0,0.0,0,0,0,0,0,,0,0,0,0,0.0,0,0,0,0,0,0.0,0,0,0,0,0,0,0.0,0,0,0,0,0.0,0,0.0,0,0.0,1,0.0,0,0,0,0,0,0,0,0,0,0,0,0,0,0,0.0,0,0,0,0,0,0,0,0,0,0,0,0,0,0,0,0,0,0,,,,0,0,0,0,0,0,0,0,0,0,0,0,0,0,0.0,0,0,0,0,0,0,0,0,0,0,0,0.0,0.0,0,0,0,0,0,0,,0,0,,1
1389861,Mélo N'Diaye,melo-ndiaye,55393,CS Constantine,0.0,0.0,0,0,0,0,0,,0,0,0,0,0.0,0,0,0,0,0,0.0,0,0,0,0,0,0,0.0,0,0,0,0,0.0,0,0.0,0,0.0,1,0.0,0,0,0,0,0,0,0,0,0,0,0,0,0,0,0.0,0,0,0,0,0,0,0,0,0,0,0,0,0,0,0,0,0,0,,,,0,0,0,0,0,0,0,0,0,0,0,0,0,0,0.0,0,0,0,0,0,0,0,0,0,0,0,0.0,0.0,0,0,0,0,0,0,,0,0,,1
1417337,Valentino Mashaka Kusengama,valentino-mashaka-kusengama,212409,Simba SC,0.0,0.0,0,0,0,0,0,,0,0,1,1,0.0,0,0,0,0,0,0.0,0,0,0,0,0,0,0.0,0,0,0,0,0.0,0,0.0,0,0.0,1,0.0,0,0,0,0,0,0,0,0,0,0,0,0,0,0,0.0,0,0,0,1,3,0,0,0,3,0,0,0,0,0,0,0,0,0,,,,0,0,0,0,0,0,0,0,0,0,0,0,0,0,0.0,0,0,0,2,1,0,0,0,0,0,0,0.0,0.0,0,0,0,0,1,0,,0,0,,1
1188238,Liam De Kock,de-kock-liam,43555,Stellenbosch,0.0,0.0,0,0,0,0,0,,0,0,1,1,0.0,0,0,0,0,0,0.0,0,0,0,0,0,0,0.0,0,0,0,0,0.0,0,0.0,0,0.0,1,0.0,0,0,0,0,0,0,0,0,0,0,0,0,0,0,0.0,0,0,0,0,1,0,1,0,1,0,0,0,0,0,0,0,0,0,,,,0,0,0,0,0,1,0,0,0,0,0,0,0,0,0.0,0,0,0,0,0,0,0,0,1,1,0,0.0,0.0,0,0,0,0,1,0,,0,0,,1
2026676,Christian Nnaji,christian-nnaji,42371,Enyimba,0.0,0.0,0,0,0,0,0,,0,0,1,1,0.0,0,0,0,0,0,0.0,0,0,0,0,0,0,0.0,0,0,0,0,0.0,0,0.0,0,0.0,1,0.0,0,0,0,0,0,0,0,0,0,0,0,0,0,0,0.0,0,0,0,0,1,0,0,0,1,0,0,0,0,0,0,0,0,0,,,,0,0,0,0,0,0,0,0,0,0,0,0,0,0,0.0,0,0,0,0,0,0,0,0,0,0,0,0.0,0.0,0,0,0,0,1,0,,0,0,,1
973067,Mzamiru Yasin,mzamiru-yasin,212409,Simba SC,0.0,0.0,0,0,0,0,0,,0,13,0,13,100.0,10,3,2,0,1,50.0,0,0,0,0,0,0,0.0,0,0,0,1,33.33,0,0.0,1,33.33,3,0.0,0,0,0,0,0,0,0,0,0,0,0,0,0,1,100.0,0,0,0,0,1,0,1,1,17,0,1,0,0,0,0,0,0,0,,,,0,0,0,0,0,0,0,0,0,0,0,0,0,0,0.0,0,2,0,2,0,0,0,0,1,0,0,0.0,0.0,0,0,0,10,3,0,,0,2,,2
1218738,Mohamed Ait El Hadj,mohamed-ait-el-hadj,42206,USM Alger,0.0,0.0,0,0,0,0,0,,0,4,0,4,100.0,0,4,2,0,0,0.0,1,0,0,0,0,0,0.0,1,0,0,3,100.0,0,0.0,3,100.0,6,0.0,0,0,0,0,0,0,0,0,1,0,0,0,0,0,0.0,0,0,0,0,2,0,0,0,10,2,0,0,0,0,0,1,0,0,,,,0,0,0,0,0,0,0,0,0,0,0,0,0,0,0.0,0,0,2,0,0,0,0,0,0,0,0,0.0,0.0,0,0,0,0,6,0,,0,0,,3
