player_id,player_name,player_slug,team_id,team_name,rating,totalRating,countRating,goals,bigChancesCreated,bigChancesMissed,assists,expectedAssists,goalsAssistsSum,accuratePasses,inaccuratePasses,totalPasses,accuratePassesPercentage,accurateOwnHalfPasses,accurateOppositionHalfPasses,accurateFinalThirdPasses,keyPasses,successfulDribbles,successfulDribblesPercentage,tackles,interceptions,yellowCards,directRedCards,redCards,accurateCrosses,accurateCrossesPercentage,totalShots,shotsOnTarget,shotsOffTarget,groundDuelsWon,groundDuelsWonPercentage,aerialDuelsWon,aerialDuelsWonPercentage,totalDuelsWon,totalDuelsWonPercentage,minutesPlayed,goalConversionPercentage,penaltiesTaken,penaltyGoals,penaltyWon,penaltyConceded,shotFromSetPiece,freeKickGoal,goalsFromInsideTheBox,goalsFromOutsideTheBox,shotsFromInsideTheBox,shotsFromOutsideTheBox,headedGoals,leftFootGoals,rightFootGoals,accurateLongBalls,accurateLongBallsPercentage,clearances,errorLeadToGoal,errorLeadToShot,dispossessed,possessionLost,possessionWonAttThird,totalChippedPasses,accurateChippedPasses,touches,wasFouled,fouls,hitWoodwork,ownGoals,dribbledPast,offsides,blockedShots,passToAssist,saves,kilometersCovered,numberOfSprints,topSpeed,cleanSheet,penaltyFaced,penaltySave,savedShotsFromInsideTheBox,savedShotsFromOutsideTheBox,goalsConcededInsideTheBox,goalsConcededOutsideTheBox,punches,runsOut,successfulRunsOut,highClaims,crossesNotClaimed,matchesStarted,penaltyConversion,setPieceConversion,totalAttemptAssist,totalContest,totalCross,duelLost,aerialLost,attemptPenaltyMiss,attemptPenaltyPost,attemptPenaltyTarget,totalLongBalls,goalsConceded,tacklesWon,tacklesWonPercentage,scoringFrequency,yellowRedCards,savesCaught,savesParried,totalOwnHalfPasses,totalOppositionHalfPasses,totwAppearances,expectedGoals,goalKicks,ballRecovery,outfielderBlocks,appearances
1002239,Adem Alilet,adem-alilet,42206,USM Alger,7.8,7.8,1,1,0,1,0,,1,67,12,79,84.81,50,17,2,0,0,0.0,1,0,0,0,0,0,0.0,5,1,3,3,75.0,4,100.0,7,87.5,90,20.0,0,0,0,0,0,0,1,0,4,1,1,0,0,3,50.0,2,0,0,0,17,0,4,3,95,2,1,1,0,0,0,1,0,0,,,,0,0,0,0,0,2,0,0,0,0,0,0,1,0,0.0,0,0,0,1,0,0,0,0,6,2,1,100.0,90.0,0,0,0,58,21,1,,0,5,1,1
876307,Ramiro Vaca,ramiro-vaca,36268,Wydad Casablanca,7.73,23.2,3,1,5,0,0,,1,89,15,104,85.58,24,65,46,12,2,100.0,1,2,0,0,0,7,36.84,5,2,1,6,54.55,0,0.0,6,54.55,247,20.0,0,0,0,0,0,0,1,0,2,3,0,0,1,17,100.0,1,0,0,0,29,1,14,13,142,3,4,0,0,1,0,2,0,0,,,,0,0,0,0,0,1,0,0,0,0,0,0,3,0,0.0,12,2,19,5,0,0,0,0,17,1,0,0.0,247.0,0,0,0,27,77,1,,0,11,0,3
893450,Turan Manafov,turan-manafov,43555,Stellenbosch,7.6,7.6,1,0,0,0,0,,0,32,7,39,82.05,15,17,9,1,2,100.0,0,2,0,0,0,1,16.67,1,1,0,3,75.0,1,100.0,4,80.0,90,0.0,0,0,0,0,0,0,0,0,0,1,0,0,0,4,44.44,2,0,0,0,21,0,8,3,69,1,1,0,0,0,0,0,0,0,,,,1,0,0,0,0,0,0,0,0,0,0,0,1,0,0.0,1,2,6,1,0,0,0,0,9,0,0,0.0,0.0,0,0,0,15,24,0,,0,7,0,1
966578,Aboubakar Karamoko,aboubakar-karamoko,238206,FC San Pedro,7.5,7.5,1,1,0,0,0,,1,15,8,23,65.22,6,9,4,0,0,0.0,2,0,0,0,0,0,0.0,2,1,1,3,60.0,1,100.0,4,66.67,78,50.0,0,0,0,0,0,0,1,0,1,1,0,0,1,0,0.0,0,0,0,1,13,1,0,0,35,1,0,0,0,0,0,0,0,0,,,,0,0,0,0,0,2,0,0,0,0,0,0,1,0,0.0,0,1,0,2,0,0,0,0,2,2,1,50.0,78.0,0,0,0,10,13,0,,0,5,0,1
809290,Bart Meijers,bart-meijers,36268,Wydad Casablanca,7.5,7.5,1,0,0,0,0,,0,76,3,79,96.2,54,22,8,0,0,0.0,2,0,0,0,0,0,0.0,0,0,0,3,75.0,2,66.67,5,71.43,90,0.0,0,0,0,0,0,0,0,0,0,0,0,0,0,4,66.67,4,0,0,0,4,0,7,5,88,1,1,0,0,0,0,0,0,0,,,,1,0,0,0,0,0,0,0,0,0,0,0,1,0,0.0,0,0,0,2,1,0,0,0,6,0,2,100.0,0.0,0,0,0,55,24,0,,3,4,0,1
1006326,Kelvin Kampamba,kelvin-kampamba,191184,ZESCO United,7.5,7.5,1,0,0,0,0,,0,16,4,20,80.0,4,12,8,1,2,50.0,4,1,0,0,0,1,16.67,1,0,1,8,72.73,0,0.0,8,66.67,79,0.0,0,0,0,0,1,0,0,0,0,1,0,0,0,2,50.0,0,0,0,1,18,1,3,2,49,2,1,0,0,0,0,0,0,0,,,,0,0,0,0,0,1,0,0,0,0,0,0,1,0,0.0,1,4,6,4,1,0,0,0,4,1,1,25.0,0.0,0,0,0,5,15,0,,0,6,0,1
2368139,Lebato Kipré,lebato-kipre,238206,FC San Pedro,7.4,14.8,2,0,0,0,0,,0,33,22,55,60.0,29,4,0,0,0,0.0,0,0,0,0,0,0,0.0,0,0,0,1,50.0,1,50.0,2,50.0,180,0.0,0,0,0,0,0,0,0,0,0,0,0,0,0,5,18.52,3,0,0,0,22,0,2,0,74,2,0,0,0,1,0,0,0,6,,,,1,0,0,5,1,3,0,1,0,0,1,0,2,0,0.0,0,0,0,2,1,0,0,0,27,3,0,0.0,0.0,0,0,2,33,22,0,,10,15,0,2
249437,Hakim Ziyech,hakim-ziyech,36268,Wydad Casablanca,7.38,29.5,4,1,2,1,0,,1,119,41,160,74.38,40,79,41,8,6,54.55,6,1,0,0,0,6,18.75,29,9,11,21,56.76,0,0.0,21,56.76,277,3.45,0,0,0,0,5,1,0,1,5,24,0,1,0,19,55.88,0,1,0,6,91,3,30,14,280,9,3,1,0,3,0,9,0,0,,,,1,0,0,0,0,1,0,0,0,0,0,0,3,0,20.0,8,11,32,16,0,0,0,0,34,1,4,66.67,277.0,0,0,0,43,117,0,,0,16,0,4
1018477,Chouaib Keddad,chouaib-keddad,42207,CR Belouizdad,7.33,44.0,6,0,0,0,0,,0,271,41,312,86.86,213,58,19,1,2,100.0,6,8,2,0,0,0,0.0,2,0,2,17,70.83,24,77.42,41,74.55,540,0.0,0,0,0,0,0,0,0,0,2,0,0,0,0,46,66.67,48,0,0,1,50,1,33,20,408,9,4,1,0,2,0,0,0,0,,,,4,0,0,0,0,4,1,0,0,0,0,0,6,0,0.0,1,2,2,14,7,0,0,0,69,5,5,83.33,0.0,0,0,0,224,88,2,,0,18,3,6
973037,Aishi Manula,aishi-manula,212411,Azam FC,7.3,14.6,2,0,0,0,0,,0,38,22,60,63.33,28,10,4,0,0,0.0,0,0,0,0,0,0,0.0,0,0,0,0,0.0,1,100.0,1,100.0,180,0.0,0,0,0,0,0,0,0,0,0,0,0,0,0,17,43.59,4,0,0,0,22,0,4,3,78,0,0,0,0,0,0,0,0,9,,,,1,0,0,6,3,2,0,3,0,0,0,0,2,0,0.0,0,0,0,0,0,0,0,0,39,2,0,0.0,0.0,0,0,4,33,27,0,,22,11,0,2
886931,Mahmoud Hamdy,mahmoud-hamdy,43560,Al-Masry,7.3,36.5,5,0,0,0,0,,0,94,31,125,75.2,78,16,4,0,0,0.0,0,0,1,0,0,0,0.0,0,0,0,0,0.0,2,100.0,2,100.0,447,0.0,0,0,0,0,0,0,0,0,0,0,0,0,0,32,50.79,5,1,0,0,31,0,13,8,168,1,0,0,0,0,0,0,0,23,,,,1,2,0,11,12,7,0,1,2,2,0,0,5,0,0.0,0,0,0,0,0,0,0,0,63,7,0,0.0,0.0,0,0,5,82,43,0,,38,36,0,5
2442597,Boubacar Keita,boubacar-keita,69324,Djoliba AC,7.28,36.4,5,1,2,0,1,,2,180,49,229,78.6,73,107,47,6,1,100.0,5,4,1,0,0,3,100.0,11,3,6,14,40.0,6,50.0,20,42.55,419,9.09,0,0,0,0,0,0,1,0,6,5,0,1,0,25,55.56,3,0,0,4,61,1,33,23,292,8,11,0,0,6,0,2,0,0,,,,2,0,0,0,0,5,0,0,0,0,0,0,5,0,0.0,6,1,3,27,6,0,0,0,45,5,5,100.0,419.0,0,0,0,82,147,1,,0,25,1,5
880622,Ahmed Fatouh,ahmed-fatouh,42368,Zamalek SC,7.28,58.2,8,0,1,0,1,,1,252,53,305,82.62,118,134,61,7,3,60.0,18,15,2,0,0,5,25.0,1,0,1,33,64.71,4,33.33,37,58.73,654,0.0,0,0,0,0,0,0,0,0,0,1,0,0,0,27,67.5,24,0,0,7,98,1,36,21,479,12,7,0,0,3,0,0,0,0,,,,1,0,0,0,0,1,1,0,0,0,0,0,8,0,0.0,7,5,20,26,8,0,0,0,40,2,9,50.0,0.0,0,0,0,132,173,3,,0,33,1,8
973826,Guilherme Ferreira,guilherme-ferreira,36268,Wydad Casablanca,7.28,29.1,4,0,1,0,0,,0,172,34,206,83.5,113,59,16,3,1,100.0,4,4,2,0,0,0,0.0,3,1,2,8,57.14,7,53.85,15,55.56,360,0.0,0,0,0,0,0,0,0,0,3,0,0,0,0,18,47.37,21,0,0,0,36,0,17,6,254,3,5,0,0,2,0,0,0,0,,,,3,0,0,0,0,2,0,0,0,0,0,0,4,0,0.0,3,1,0,12,6,0,0,0,38,2,3,75.0,0.0,0,0,0,123,83,1,,1,13,2,4
1199299,Che Malone,che-malone,42206,USM Alger,7.27,87.2,12,1,0,0,0,,1,670,146,816,82.11,497,173,41,0,5,83.33,21,18,1,0,0,0,0.0,3,1,2,40,71.43,39,76.47,79,73.83,1080,33.33,0,0,0,1,0,0,1,0,2,1,0,0,1,61,43.88,57,0,1,1,159,0,89,41,972,15,10,0,0,5,0,0,0,0,,,,7,0,0,0,0,8,0,0,0,0,0,0,12,0,0.0,0,6,4,28,12,0,0,0,139,8,10,47.62,1080.0,0,0,0,538,278,2,,4,67,1,12
1469698,Morice Chukwu,morice-chukwu,353799,Singida Black Stars SC,7.27,43.6,6,0,0,0,0,,0,256,72,328,78.05,133,123,51,1,0,0.0,8,5,1,0,0,0,0.0,5,1,3,16,69.57,9,47.37,25,59.52,540,0.0,0,0,0,0,2,0,0,0,1,4,0,0,0,46,51.11,24,0,1,0,85,0,64,33,408,9,4,0,1,3,0,1,0,0,,,,2,0,0,0,0,5,1,0,0,0,0,0,6,0,0.0,1,0,3,17,10,0,0,0,90,6,6,75.0,0.0,0,0,0,147,181,2,,4,23,1,6
1177810,Hocine Dehiri,hocine-dehiri,42206,USM Alger,7.26,87.1,12,0,0,0,0,,0,685,128,813,84.26,474,211,56,1,4,80.0,11,15,1,0,0,0,0.0,6,3,3,23,58.97,34,66.67,57,63.33,1080,0.0,0,0,0,0,0,0,0,0,6,0,0,0,0,65,44.52,70,0,0,0,137,0,63,28,969,9,8,1,0,7,2,0,0,0,,,,7,0,0,0,0,8,0,0,0,0,0,0,12,0,0.0,1,5,1,33,17,0,0,0,146,8,10,90.91,0.0,0,0,0,509,304,2,,2,46,11,12
933892,Abderrahim Deghmoum,abderrahim-deghmoum,43560,Al-Masry,7.26,50.8,7,2,1,0,0,,2,185,57,242,76.45,47,138,89,11,13,54.17,17,1,2,0,0,4,23.53,16,7,7,48,57.14,5,26.32,53,51.46,626,12.5,0,0,0,0,0,0,2,0,10,6,0,2,0,8,44.44,0,0,0,8,119,7,41,21,400,18,11,0,0,7,2,2,0,0,,,,2,0,0,0,0,7,0,0,0,0,0,0,7,0,0.0,11,24,17,50,14,0,0,0,18,7,12,70.59,313.0,0,0,0,55,187,1,,0,33,0,7
868978,Sofian El Moudane,soufian-el-moudane,55037,Olympic Safi,7.23,65.1,9,4,3,0,1,,5,180,80,260,69.23,69,111,52,10,7,36.84,24,14,2,0,0,4,15.38,14,6,4,44,40.74,12,70.59,56,44.8,768,28.57,2,2,0,0,1,0,4,0,8,6,1,0,3,11,34.38,15,0,0,21,158,6,39,14,453,13,22,0,0,12,0,4,0,0,,,,2,0,0,0,0,5,1,0,0,0,0,0,9,100,0.0,10,19,26,69,5,0,0,0,32,6,22,91.67,192.0,0,0,0,85,175,2,,0,62,0,9
1063327,Hossam Abdelmaguid,hossam-abdelmaguid,42368,Zamalek SC,7.23,86.8,12,2,0,0,0,,2,555,94,649,85.52,439,116,19,2,1,100.0,15,19,3,0,0,0,0.0,6,2,2,20,57.14,43,71.67,63,66.32,1080,33.33,1,1,0,1,0,0,2,0,5,1,1,0,1,49,46.67,102,0,2,1,100,1,48,27,815,5,17,1,0,1,2,2,0,0,,,,5,0,0,0,0,5,2,0,0,0,0,0,12,100,0.0,2,1,0,32,17,0,0,0,105,7,12,80.0,540.0,0,0,0,473,176,3,,38,38,3,12
845790,Inacio Miguel,inacio-miguel,7663,Kaizer Chiefs,7.23,28.9,4,0,0,0,0,,0,119,16,135,88.15,82,37,10,0,1,100.0,2,3,2,0,0,0,0.0,0,0,0,7,53.85,3,37.5,10,47.62,360,0.0,0,0,0,0,0,0,0,0,0,0,0,0,0,8,53.33,29,1,0,0,20,0,14,9,190,4,5,0,0,2,0,0,0,0,,,,2,0,0,0,0,3,0,0,0,0,0,0,4,0,0.0,0,1,1,11,5,0,0,0,15,3,1,50.0,0.0,0,0,0,89,46,1,,0,14,6,4
975834,Ilyes Chetti,ilyes-chetti,42206,USM Alger,7.23,28.9,4,0,0,0,0,,0,156,22,178,87.64,95,61,24,1,0,0.0,7,7,0,0,0,1,20.0,0,0,0,8,57.14,4,44.44,12,52.17,298,0.0,0,0,0,0,0,0,0,0,0,0,0,0,0,7,43.75,14,0,0,2,38,1,13,5,270,1,1,0,0,3,0,0,0,0,,,,3,0,0,0,0,0,0,0,0,0,0,0,3,0,0.0,1,1,5,11,5,0,0,0,16,0,6,85.71,0.0,0,0,0,100,78,0,,1,16,2,5
1464149,Pomi Nzaou,pomi-nzaou,275889,AS Otohô,7.22,36.1,5,3,0,0,0,,3,44,18,62,70.97,11,33,17,1,4,57.14,0,1,1,0,0,0,0.0,4,3,1,6,46.15,0,0.0,6,35.29,191,75.0,0,0,0,0,0,0,3,0,4,0,0,0,3,2,50.0,1,0,0,1,33,0,3,2,99,2,4,0,0,0,1,0,0,0,,,,0,0,0,0,0,3,0,0,0,0,0,0,2,0,0.0,1,7,5,11,4,0,0,0,4,3,0,0.0,63.67,0,0,0,13,49,1,,0,6,0,5
2063717,Faveur Wilfried Kouassi,faveur-wilfried-kouassi,69324,Djoliba AC,7.22,43.3,6,0,0,0,0,,0,125,45,170,73.53,106,19,4,0,0,0.0,0,0,0,0,0,0,0.0,0,0,0,1,100.0,0,0.0,1,100.0,540,0.0,0,0,0,0,0,0,0,0,0,0,0,0,0,35,45.45,6,0,1,0,45,0,4,3,236,1,0,0,0,0,0,0,0,23,,,,2,0,0,13,9,7,0,4,0,0,1,0,6,0,0.0,0,0,0,0,0,0,0,0,77,7,0,0.0,0.0,0,1,2,120,50,0,,35,53,0,6
945279,Naoufel Khacef,naoufel-khacef,42207,CR Belouizdad,7.21,50.5,7,0,3,0,3,,3,195,68,263,74.14,110,85,34,11,4,40.0,10,10,3,0,0,8,28.57,5,1,2,27,50.94,14,63.64,41,54.67,630,0.0,0,0,0,0,1,0,0,0,3,2,0,0,0,22,46.81,20,0,0,6,124,1,28,14,486,13,12,0,0,2,1,2,0,0,,,,5,0,0,0,0,2,0,0,0,0,0,0,7,0,0.0,11,10,28,34,8,0,0,0,47,2,6,60.0,0.0,0,0,0,130,133,3,,0,35,3,7
1102821,Kennedy Juma,kennedy-juma,353799,Singida Black Stars SC,7.2,7.2,1,0,0,0,0,,0,29,10,39,74.36,20,9,2,0,0,0.0,3,1,0,0,0,0,0.0,0,0,0,3,100.0,4,80.0,7,87.5,90,0.0,0,0,0,0,0,0,0,0,0,0,0,0,0,1,12.5,8,0,0,0,10,0,2,0,52,0,0,0,0,0,0,0,0,0,,,,1,0,0,0,0,0,0,0,0,0,0,0,1,0,0.0,0,0,0,1,1,0,0,0,8,0,3,100.0,0.0,0,0,0,21,18,0,,0,2,0,1
2129151,Pascal Phiri,pascal-phiri,191184,ZESCO United,7.2,14.4,2,0,0,0,0,,0,24,10,34,70.59,7,17,13,3,7,77.78,2,1,0,0,0,0,0.0,4,2,2,11,64.71,0,0.0,11,64.71,75,0.0,0,0,0,0,0,0,0,0,2,2,0,0,0,1,50.0,0,0,0,2,18,1,2,0,59,2,1,0,0,1,0,0,0,0,,,,0,0,0,0,0,1,0,0,0,0,0,0,0,0,0.0,3,9,1,6,0,0,0,0,2,1,2,100.0,0.0,0,0,0,9,25,1,,0,7,0,2
918621,Mahmoud Hamada,hamada-mahmoud,43560,Al-Masry,7.2,50.4,7,0,0,0,0,,0,296,56,352,84.09,132,164,80,6,2,100.0,7,8,1,0,0,0,0.0,3,0,1,13,56.52,11,61.11,24,58.54,562,0.0,0,0,1,0,0,0,0,0,1,2,0,0,0,25,80.65,7,0,0,2,68,2,24,18,414,4,3,0,0,5,0,2,0,0,,,,2,0,0,0,0,5,1,0,0,0,0,0,6,0,0.0,6,2,1,17,7,0,0,0,31,6,5,71.43,0.0,0,0,0,151,201,2,,0,25,0,7
972811,Houcine Benayada,houcine-benayada,42207,CR Belouizdad,7.17,71.7,10,0,2,0,0,,0,351,106,457,76.81,175,176,97,16,4,100.0,3,6,0,0,0,24,32.88,4,1,2,17,54.84,5,50.0,22,53.66,900,0.0,0,0,0,0,0,0,0,0,2,2,0,0,0,56,51.85,26,0,0,7,189,0,66,31,706,11,4,0,0,3,0,1,0,0,,,,6,0,0,0,0,6,1,0,0,0,0,0,10,0,0.0,16,4,73,19,5,0,0,0,108,7,3,100.0,0.0,0,0,0,202,255,1,,0,41,2,10
965329,Mohamed Bouchouari,mohamed-bouchouari,36268,Wydad Casablanca,7.17,21.5,3,1,0,1,0,,1,73,26,99,73.74,28,45,29,3,1,50.0,2,4,1,0,0,1,11.11,3,1,1,4,28.57,0,0.0,4,26.67,224,33.33,0,0,0,0,0,0,0,1,2,1,0,0,1,6,33.33,3,0,0,2,43,0,13,6,155,1,5,0,0,3,0,1,0,0,,,,1,0,0,0,0,0,0,0,0,0,0,0,3,0,0.0,3,2,9,11,1,0,0,0,18,0,2,100.0,224.0,0,0,0,30,69,1,,0,10,0,3
1018589,Youcef Amine Laouafi,youcef-amine-laouafi,42207,CR Belouizdad,7.16,71.6,10,0,0,0,0,,0,332,91,423,78.49,221,111,44,2,3,60.0,10,17,0,0,0,1,20.0,7,1,5,16,53.33,18,54.55,34,53.97,855,0.0,0,0,0,0,1,0,0,0,6,1,0,0,0,73,59.84,42,0,0,5,111,0,71,36,583,4,3,0,0,5,2,1,0,0,,,,5,0,0,0,0,6,1,0,0,0,0,0,9,0,0.0,2,5,5,29,15,0,0,0,122,7,9,90.0,0.0,0,0,0,249,174,1,,0,36,5,10
1471439,Jacques Bowamba,jacques-bowamba,275889,AS Otohô,7.15,14.3,2,1,0,0,0,,1,74,16,90,82.22,63,11,1,0,0,0.0,1,4,0,0,0,0,0.0,2,2,0,2,50.0,7,77.78,9,69.23,180,50.0,0,0,0,0,0,0,1,0,2,0,1,0,0,4,28.57,17,0,0,0,18,0,8,4,120,1,1,0,0,1,0,0,0,0,,,,0,0,0,0,0,2,0,0,0,0,0,0,2,0,0.0,0,0,0,4,2,0,0,0,14,2,0,0.0,180.0,0,0,0,69,21,0,,0,7,1,2
2368727,Walid Atik,walid-atik,55037,Olympic Safi,7.15,42.9,6,0,0,0,1,,1,102,32,134,76.12,54,48,19,5,3,75.0,10,4,1,0,0,2,16.67,0,0,0,17,73.91,5,55.56,22,68.75,431,0.0,0,0,0,0,0,0,0,0,0,0,0,0,0,14,48.28,17,0,0,1,66,0,19,7,262,4,2,0,0,2,0,0,0,0,,,,1,0,0,0,0,3,0,0,0,0,0,0,5,0,0.0,5,4,12,10,4,0,0,0,29,3,5,50.0,0.0,0,0,0,63,71,0,,0,25,1,6
845607,Abdelraouf Benguit,abdelraouf-benguit,42207,CR Belouizdad,7.14,57.1,8,1,3,1,1,,2,339,60,399,84.96,187,152,73,8,3,37.5,16,2,3,0,0,4,30.77,9,1,4,26,47.27,0,0.0,26,44.83,642,11.11,0,0,0,0,1,0,1,0,4,5,0,0,1,38,59.38,5,0,0,8,90,4,62,34,507,7,10,0,0,6,0,4,1,0,,,,2,0,0,0,0,5,1,0,0,0,0,0,8,0,0.0,7,8,13,32,3,0,0,0,64,6,11,68.75,642.0,0,0,0,193,206,1,,0,44,1,8
1167835,Aden McCarthy,aden-mccarthy,7663,Kaizer Chiefs,7.13,21.4,3,1,0,0,0,,1,69,31,100,69.0,46,23,7,1,0,0.0,7,3,2,0,0,0,0.0,1,1,0,9,42.86,9,64.29,18,51.43,261,100.0,0,0,0,0,0,0,1,0,1,0,0,0,1,3,20.0,18,0,0,1,46,0,9,2,176,3,8,0,0,2,1,0,0,0,,,,1,0,0,0,0,1,0,0,0,0,0,0,3,0,0.0,1,1,2,17,5,0,0,0,15,1,6,85.71,261.0,0,0,0,62,38,0,,0,10,2,3
2451849,Nuru Twalib,nuru-twalib,212411,Azam FC,7.13,21.4,3,0,0,0,0,,0,72,25,97,74.23,47,25,11,2,1,100.0,4,3,0,0,0,0,0.0,0,0,0,6,75.0,7,58.33,13,65.0,196,0.0,0,0,0,0,0,0,0,0,0,0,0,0,0,17,54.84,11,0,0,0,26,0,9,6,122,1,2,0,0,1,0,0,0,0,,,,2,0,0,0,0,0,0,0,0,0,0,0,2,0,0.0,2,1,0,7,5,0,0,0,31,0,3,75.0,0.0,0,0,0,55,42,1,,2,4,1,3
1991914,Beni Namboka,beni-namboka,281329,Maniema Union,7.1,35.5,5,3,0,2,0,,3,43,38,81,53.09,11,32,24,2,4,80.0,3,0,0,0,0,0,0.0,12,3,7,11,37.93,26,50.0,37,45.68,388,25.0,0,0,0,0,0,0,3,0,10,2,1,1,1,1,25.0,0,0,0,10,64,3,3,1,143,6,5,1,0,2,4,2,0,0,,,,0,0,0,0,0,4,0,0,0,0,0,0,5,0,0.0,2,5,1,44,26,0,0,0,4,4,2,66.67,129.33,0,0,0,16,65,2,,0,6,0,5
1099453,Makabi Lilepo,lilepo-makabi,7663,Kaizer Chiefs,7.1,28.4,4,2,0,1,0,,2,61,29,90,67.78,16,45,22,3,3,75.0,3,3,0,0,0,1,50.0,11,3,6,11,50.0,10,66.67,21,56.76,306,18.18,0,0,0,0,2,0,2,0,6,5,1,0,1,6,60.0,5,0,0,4,46,1,8,4,148,5,7,0,0,0,0,2,0,0,,,,0,0,0,0,0,3,0,0,0,0,0,0,3,0,0.0,3,4,2,16,5,0,0,0,10,3,2,66.67,153.0,0,0,0,23,67,1,,0,12,0,4
2452235,El Sayed Osama,el-sayed-abdel-moneim,42368,Zamalek SC,7.1,7.1,1,0,0,0,0,,0,8,4,12,66.67,3,5,2,0,1,100.0,1,0,0,0,0,0,0.0,0,0,0,2,100.0,1,100.0,3,100.0,28,0.0,0,0,0,0,0,0,0,0,0,0,0,0,0,2,100.0,2,0,0,0,4,0,0,0,19,0,0,0,0,0,0,0,0,0,,,,0,0,0,0,0,0,0,0,0,0,0,0,0,0,0.0,0,1,0,0,0,0,0,0,2,0,1,100.0,0.0,0,0,0,7,5,0,,0,2,0,1
1103591,Pascal Msindo,pascal-msindo,212411,Azam FC,7.1,42.6,6,0,2,0,0,,0,169,47,216,78.24,87,82,33,7,4,40.0,8,9,1,0,0,8,40.0,3,1,1,34,65.38,4,50.0,38,63.33,533,0.0,0,0,0,0,2,0,0,0,0,3,0,0,0,16,50.0,25,0,0,3,80,1,21,10,390,22,5,0,1,4,0,1,0,0,,,,2,0,0,0,0,5,1,0,0,0,0,0,6,0,0.0,7,10,20,22,4,0,0,0,32,6,8,100.0,0.0,0,0,0,101,115,1,,0,19,0,6
1007589,Oussama Benbot,oussama-benbot,42206,USM Alger,7.09,78.0,11,0,0,0,0,,0,168,87,255,65.88,143,25,12,0,1,100.0,0,1,1,0,0,0,0.0,0,0,0,3,75.0,0,0.0,3,75.0,990,0.0,0,0,0,0,0,0,0,0,0,0,0,0,0,46,35.11,18,0,0,0,91,0,19,16,372,1,0,0,0,1,0,0,0,22,,,,7,2,0,15,7,6,0,5,6,6,9,0,11,0,0.0,0,1,0,1,0,0,0,0,131,6,0,0.0,0.0,0,0,4,164,91,3,,72,106,0,11
941632,Saâdi Redouani,saadi-redouani,42206,USM Alger,7.09,63.8,9,1,2,2,0,,1,263,87,350,75.14,134,129,62,9,0,0.0,13,17,1,0,0,7,26.92,5,3,2,18,47.37,15,68.18,33,55.0,726,20.0,0,0,0,0,0,0,1,0,4,1,0,1,0,18,33.96,21,0,0,5,140,0,26,10,567,5,8,0,0,3,1,0,0,0,,,,3,0,0,0,0,8,0,0,0,0,0,0,8,0,0.0,9,5,26,27,7,0,0,0,53,8,10,76.92,726.0,0,0,0,159,191,1,,0,30,2,9
1183920,Issouf Dosso,issouf-dosso,238206,FC San Pedro,7.08,35.4,5,2,1,1,2,,4,61,18,79,77.22,14,47,30,8,7,46.67,0,0,0,0,0,3,33.33,10,3,7,14,46.67,4,36.36,18,43.9,404,20.0,0,0,0,0,0,0,2,0,9,1,0,2,0,1,33.33,2,0,0,4,43,2,1,0,141,7,4,1,0,1,8,0,0,0,,,,1,0,0,0,0,6,3,0,0,0,0,0,4,0,0.0,8,15,9,23,7,0,0,0,3,9,0,0.0,202.0,0,0,0,16,63,1,,0,9,0,5
1099250,Clement Pitroipa,clement-pitroipa,281329,Maniema Union,7.08,56.6,8,1,6,0,2,,3,153,56,209,73.21,65,88,47,14,7,58.33,13,5,0,0,0,3,21.43,5,2,2,32,62.75,11,57.89,43,61.43,624,20.0,1,1,0,0,0,0,1,0,3,2,0,0,1,5,23.81,3,0,0,4,103,4,17,7,320,12,7,1,0,4,2,1,0,0,,,,1,0,0,0,0,4,0,0,0,0,0,0,8,100,0.0,14,12,14,27,8,0,0,0,21,4,10,76.92,624.0,0,0,0,76,133,2,,0,45,0,8
1004434,Joseph Guede Gnadou,guede-gnadou-joseph,353799,Singida Black Stars SC,7.08,28.3,4,1,1,3,0,,1,37,9,46,80.43,11,26,18,1,2,50.0,1,1,0,0,0,0,0.0,6,3,1,8,42.11,8,53.33,16,47.06,228,16.67,0,0,0,0,0,0,1,0,5,1,0,0,1,1,33.33,3,0,0,2,24,2,3,2,86,5,6,1,0,1,0,2,0,0,,,,0,0,0,0,0,1,1,0,0,0,0,0,3,0,0.0,1,4,1,18,7,0,0,0,3,2,1,100.0,228.0,0,0,0,12,34,0,,0,5,0,4
1004225,Abdennour Belhocini,belhocini-abdennour,42207,CR Belouizdad,7.07,70.7,10,4,1,2,0,,4,122,45,167,73.05,48,74,40,3,2,28.57,8,4,2,0,0,1,33.33,18,5,12,26,50.98,10,40.0,36,47.37,781,22.22,0,0,0,0,1,0,3,1,13,5,2,2,0,6,40.0,13,0,0,8,78,8,12,7,277,16,10,2,0,2,3,1,0,0,,,,0,0,0,0,0,6,1,0,0,0,0,0,10,0,0.0,3,7,3,40,15,0,0,0,15,7,5,62.5,195.25,0,0,0,60,107,1,,0,25,1,10
894802,Sage Stephens,sage-stephens,43555,Stellenbosch,7.07,21.2,3,0,0,0,0,,0,54,31,85,63.53,39,15,9,0,0,0.0,0,0,0,0,0,0,0.0,0,0,0,0,0.0,0,0.0,0,0.0,270,0.0,0,0,0,0,0,0,0,0,0,0,0,0,0,20,39.22,3,0,0,0,31,0,9,4,107,0,0,0,0,1,0,0,0,7,,,,2,0,0,6,1,3,0,1,3,3,1,0,3,0,0.0,0,0,0,1,0,0,0,0,51,3,0,0.0,0.0,0,0,1,43,42,1,,18,20,0,3
2002269,Exaucia Moanda,exaucia-moanda,281329,Maniema Union,7.06,49.4,7,1,0,1,0,,1,165,74,239,69.04,102,63,23,0,3,100.0,7,9,2,1,1,0,0.0,3,1,2,17,56.67,16,59.26,33,57.89,630,33.33,0,0,0,0,0,0,1,0,3,0,0,0,1,42,47.19,39,0,0,2,82,0,52,26,340,8,8,0,0,3,0,0,0,0,,,,3,0,0,0,0,4,0,0,0,0,0,0,7,0,0.0,0,3,0,24,11,0,0,0,89,4,5,71.43,630.0,0,0,0,120,119,2,,0,24,2,7
2002285,Osée Ndombele,osee-ndombele,281329,Maniema Union,7.05,14.1,2,0,0,0,0,,0,30,30,60,50.0,22,8,3,1,0,0.0,4,3,0,0,0,0,0.0,0,0,0,4,57.14,5,71.43,9,64.29,180,0.0,0,0,0,0,0,0,0,0,0,0,0,0,0,5,19.23,12,0,0,0,31,0,13,2,83,0,1,0,0,2,0,0,0,0,,,,2,0,0,0,0,0,0,0,0,0,0,0,2,0,0.0,1,0,0,5,2,0,0,0,26,0,2,50.0,0.0,0,0,0,27,33,0,,0,4,1,2
1935046,Thapelo Mokobodi,thapelo-mokobodi,43555,Stellenbosch,7.05,14.1,2,0,0,0,0,,0,62,34,96,64.58,30,32,16,3,1,100.0,4,0,1,0,0,2,66.67,2,0,2,6,66.67,4,44.44,10,55.56,184,0.0,0,0,0,0,1,0,0,0,0,2,0,0,0,7,35.0,1,0,0,1,49,1,12,4,133,1,2,0,0,1,0,0,0,0,,,,2,0,0,0,0,1,0,0,0,0,0,0,2,0,0.0,3,1,3,8,5,0,0,0,20,1,3,75.0,0.0,0,0,0,34,62,0,,0,14,0,5
894954,Brandon Petersen,brandon-petersen,7663,Kaizer Chiefs,7.05,42.3,6,0,0,0,0,,0,68,61,129,52.71,50,18,6,0,0,0.0,2,1,1,0,0,0,0.0,0,0,0,8,88.89,1,100.0,9,90.0,540,0.0,0,0,0,1,0,0,0,0,0,0,0,0,0,30,33.33,7,0,0,0,61,0,10,4,194,7,1,0,0,0,0,0,0,15,,,,2,1,0,9,6,6,0,2,1,1,2,0,6,0,0.0,0,0,0,1,0,0,0,0,90,6,2,100.0,0.0,0,0,2,58,71,0,,33,49,0,6
941633,Houssameddine Ghacha,houssameddine-ghacha,42206,USM Alger,7.04,63.4,9,1,2,2,2,,3,178,54,232,76.72,57,121,82,17,14,37.84,11,5,0,0,0,6,20.69,14,5,4,38,42.22,2,20.0,40,40.0,787,7.14,0,0,1,0,0,0,1,0,11,3,0,0,1,9,64.29,2,0,0,19,150,10,12,9,417,13,7,0,0,3,8,5,0,0,,,,4,0,0,0,0,5,0,0,0,0,0,0,9,0,0.0,17,37,29,60,8,0,0,0,14,5,10,90.91,787.0,0,0,0,62,170,1,,0,29,0,9
2209723,Grace Mavoungou,grace-mavoungou,275889,AS Otohô,7.04,49.3,7,1,3,1,2,,3,35,26,61,57.38,8,27,21,5,11,47.83,2,1,0,0,0,1,10.0,6,3,2,19,44.19,6,60.0,25,47.17,258,16.67,0,0,0,0,0,0,0,1,2,4,0,0,1,0,0.0,4,0,0,5,71,6,3,2,147,6,5,0,0,2,1,1,0,0,,,,0,0,0,0,0,4,0,0,0,0,0,0,1,0,0.0,5,23,10,28,4,0,0,0,5,4,2,100.0,258.0,0,0,0,11,50,1,,0,15,0,7
1009188,Amine Aboulfath,amine-aboulfath,36268,Wydad Casablanca,7.04,49.3,7,0,0,2,0,,0,282,53,335,84.18,203,79,25,1,1,100.0,12,8,1,0,0,1,100.0,6,0,6,20,51.28,14,63.64,34,55.74,630,0.0,0,0,0,0,0,0,0,0,4,2,0,0,0,26,50.0,31,0,0,0,58,0,27,14,415,7,15,0,0,6,0,0,0,0,,,,4,0,0,0,0,5,0,0,0,0,0,0,7,0,0.0,1,1,1,27,8,0,0,0,52,5,8,66.67,0.0,0,0,0,218,117,1,,18,17,2,7
1008128,Aboubacar Doumbia,aboubacar-doumbia,275889,AS Otohô,7.04,56.3,8,0,0,0,0,,0,146,89,235,62.13,120,26,11,1,0,0.0,1,0,0,0,0,0,0.0,0,0,0,5,100.0,4,100.0,9,100.0,720,0.0,0,0,0,0,0,0,0,0,0,0,0,0,0,32,27.12,6,0,0,0,94,0,20,6,332,5,0,0,0,0,0,0,0,26,,,,1,1,0,15,11,9,0,2,1,1,7,0,8,0,0.0,1,0,0,0,0,0,0,0,118,9,1,100.0,0.0,0,0,2,133,102,1,,74,94,0,8
918915,Aboubacar Diarra,aboubacar-diarra,69324,Djoliba AC,7.03,21.1,3,1,1,0,0,,1,104,15,119,87.39,54,50,27,7,4,57.14,0,3,0,0,0,7,35.0,6,3,2,10,55.56,0,0.0,10,52.63,244,16.67,1,1,1,0,0,0,1,0,3,3,0,0,1,3,50.0,0,0,0,2,41,2,10,6,175,6,3,0,0,0,0,1,0,0,,,,0,0,0,0,0,2,0,0,0,0,0,0,3,100,0.0,7,7,20,9,1,0,0,0,6,2,0,0.0,244.0,0,0,0,56,63,0,,0,13,0,3
1996792,Islam Abbaci,islam-abbaci,42207,CR Belouizdad,7.03,21.1,3,1,0,0,0,,1,6,4,10,60.0,4,2,2,0,1,100.0,2,0,0,0,0,0,0.0,1,1,0,5,83.33,2,66.67,7,77.78,36,100.0,0,0,0,0,0,0,1,0,1,0,1,0,0,0,0.0,1,0,0,0,7,0,1,0,21,2,1,0,0,0,0,0,0,0,,,,0,0,0,0,0,0,0,0,0,0,0,0,0,0,0.0,0,1,0,2,1,0,0,0,2,0,2,100.0,36.0,0,0,0,5,5,0,,0,4,0,3
1612726,Modibo Camara,modibo-camara,69324,Djoliba AC,7.03,21.1,3,0,0,0,0,,0,110,16,126,87.3,45,65,32,3,1,50.0,5,7,0,0,0,1,25.0,0,0,0,10,47.62,2,100.0,12,52.17,270,0.0,0,0,0,0,0,0,0,0,0,0,0,0,0,13,56.52,6,0,0,2,30,1,18,12,196,5,7,0,0,2,0,0,0,0,,,,0,0,0,0,0,5,0,0,0,0,0,0,3,0,0.0,3,2,4,11,0,0,0,0,23,5,3,60.0,0.0,0,0,0,49,77,0,,0,16,0,3
198472,Abdallah El-Said,abdallah-el-said,42368,Zamalek SC,7.03,49.2,7,1,1,0,1,,2,194,43,237,81.86,93,101,48,9,2,40.0,3,6,1,0,0,6,33.33,8,6,2,7,33.33,1,14.29,8,28.57,482,12.5,0,0,0,0,0,0,1,0,3,5,0,0,1,16,57.14,5,0,0,4,73,1,26,18,318,2,3,0,0,4,0,0,0,0,,,,1,0,0,0,0,2,0,0,0,0,0,0,5,0,0.0,9,5,18,20,6,0,0,0,28,2,2,66.67,482.0,0,0,0,101,136,1,,1,18,0,7
159681,Mohamed Sobhi,mohamed-sobhi,42368,Zamalek SC,7.03,28.1,4,0,0,0,0,,0,69,36,105,65.71,52,17,7,0,0,0.0,0,0,2,1,1,0,0.0,0,0,0,0,0.0,2,100.0,2,100.0,358,0.0,0,0,0,0,0,0,0,0,0,0,0,0,0,26,42.62,5,1,0,0,36,0,9,6,140,0,0,0,1,0,0,0,0,7,,,,0,1,0,3,4,2,2,3,2,2,6,0,4,0,0.0,0,0,0,0,0,0,0,0,61,4,0,0.0,0.0,0,1,0,58,47,1,,23,31,0,4
2451440,Badra Ouattara,badra-ouattara,69324,Djoliba AC,7.03,28.1,4,0,0,1,0,,0,202,31,233,86.7,151,51,14,1,0,0.0,5,5,1,0,0,0,0.0,2,0,2,6,66.67,14,82.35,20,76.92,360,0.0,0,0,0,0,0,0,0,0,2,0,0,0,0,15,44.12,12,0,0,0,34,0,20,9,266,2,1,0,0,2,0,0,0,0,,,,2,0,0,0,0,4,0,0,0,0,0,0,4,0,0.0,1,0,2,6,3,0,0,0,34,4,3,60.0,0.0,0,0,0,161,72,0,,0,17,1,4
1458092,Boubacar Keita,boubacar-keita,69324,Djoliba AC,7.02,35.1,5,1,1,0,1,,2,176,51,227,77.53,73,103,46,6,1,100.0,7,4,1,0,0,3,100.0,11,3,6,16,43.24,6,50.0,22,44.9,419,9.09,0,0,0,0,0,0,1,0,6,5,0,1,0,25,54.35,3,0,0,4,63,1,33,22,291,8,11,0,0,6,0,2,0,0,,,,2,0,0,0,0,5,0,0,0,0,0,0,5,0,0.0,6,1,3,27,6,0,0,0,46,5,6,85.71,419.0,0,0,0,82,145,0,,0,24,1,5
1478359,Yeison Fuentes,yeison-fuentes,212411,Azam FC,7.02,35.1,5,0,0,0,0,,0,223,42,265,84.15,160,63,13,1,0,0.0,6,6,1,0,0,0,0.0,1,0,1,10,55.56,17,62.96,27,60.0,450,0.0,0,0,0,0,0,0,0,0,1,0,0,0,0,27,51.92,46,0,0,0,47,0,26,12,341,4,7,0,0,1,1,0,0,0,,,,2,0,0,0,0,5,0,0,0,0,0,0,5,0,0.0,1,0,0,18,10,0,0,0,52,5,2,33.33,0.0,0,0,0,170,95,0,,0,18,1,5
1655375,Ahmed Khaldi,ahmed-khaldi,42206,USM Alger,7.02,84.2,12,4,1,3,0,,4,185,100,285,64.91,61,124,77,7,9,45.0,15,5,2,0,0,1,11.11,43,16,25,37,50.68,37,58.73,74,54.41,961,9.3,3,3,0,0,2,0,4,0,29,14,0,4,0,13,44.83,7,0,0,14,165,9,22,7,477,14,9,2,0,5,6,2,0,0,,,,6,0,0,0,0,5,0,0,0,0,0,0,11,100,0.0,7,20,9,62,26,0,0,0,29,5,9,60.0,240.25,0,0,0,76,209,3,,0,46,2,12
845612,Zakaria Draoui,zakaria-draoui,42206,USM Alger,7.01,84.1,12,2,2,0,1,,3,450,107,557,80.79,197,253,113,16,4,36.36,13,9,2,0,0,10,32.26,7,2,2,30,47.62,22,62.86,52,53.06,1050,28.57,0,0,0,0,0,0,2,0,7,0,0,0,2,25,46.3,12,0,0,11,170,3,36,18,719,14,6,0,0,9,3,3,0,0,,,,3,0,0,0,0,7,0,0,0,0,0,0,12,0,0.0,16,11,31,46,13,0,0,0,54,7,11,84.62,525.0,0,0,0,218,339,1,,0,45,0,12
1801096,Freddy Kouablan,freddy-kouablan,191184,ZESCO United,7.0,14.0,2,1,0,2,0,,1,19,10,29,65.52,2,17,14,2,2,50.0,1,1,0,0,0,0,0.0,6,5,1,4,26.67,6,54.55,10,38.46,157,16.67,0,0,0,0,0,0,1,0,6,0,0,0,1,0,0.0,2,0,0,2,24,2,0,0,64,1,6,0,0,1,3,0,0,0,,,,0,0,0,0,0,4,0,0,0,0,0,0,2,0,0.0,2,4,2,16,5,0,0,0,1,4,0,0.0,157.0,0,0,0,2,27,0,,0,7,0,2
985961,Feisal Salum Toto,feisal-salum,212411,Azam FC,7.0,42.0,6,1,2,2,0,,1,176,36,212,83.02,55,121,68,17,4,36.36,8,0,2,0,0,11,28.95,14,3,8,28,53.85,4,66.67,32,55.17,540,7.14,0,0,0,0,0,0,1,0,5,9,0,0,1,15,53.57,9,0,0,9,98,3,18,7,346,16,8,1,0,0,1,3,0,0,,,,2,0,0,0,0,5,1,0,0,0,0,0,6,0,0.0,17,11,38,26,2,0,0,0,28,6,5,62.5,540.0,0,0,0,58,154,1,,0,24,0,6
2367938,Ibrahima Traoré,ibrahima-traore,275889,AS Otohô,7.0,56.0,8,0,1,0,1,,1,264,55,319,82.76,128,136,55,4,2,66.67,17,8,1,0,0,2,66.67,7,1,4,28,60.87,26,74.29,54,66.67,670,0.0,0,0,0,0,0,0,0,0,6,1,0,0,0,26,66.67,16,0,1,3,64,0,26,13,404,10,10,0,0,4,0,2,0,0,,,,1,0,0,0,0,7,0,0,0,0,0,0,7,0,0.0,4,3,3,27,9,0,0,0,39,7,13,76.47,0.0,0,0,0,147,172,0,,0,31,1,8
1863859,Mouad Enzo,enzo-mori,36268,Wydad Casablanca,7.0,7.0,1,0,0,0,0,,0,9,1,10,90.0,1,8,6,0,3,100.0,1,0,0,0,0,1,50.0,0,0,0,4,50.0,0,0.0,4,50.0,22,0.0,0,0,0,0,0,0,0,0,0,0,0,0,0,1,100.0,0,0,0,1,3,0,1,1,18,0,1,0,0,2,0,0,0,0,,,,0,0,0,0,0,0,0,0,0,0,0,0,0,0,0.0,0,3,2,4,0,0,0,0,1,0,1,100.0,0.0,0,0,0,1,9,0,,0,1,0,1
560158,Mohamed Awad,mohamed-awad,42368,Zamalek SC,7.0,21.0,3,0,0,0,0,,0,43,10,53,81.13,37,6,4,0,0,0.0,0,0,0,0,0,0,0.0,0,0,0,0,0.0,1,100.0,1,100.0,240,0.0,0,0,0,0,0,0,0,0,0,0,0,0,0,12,57.14,2,0,0,0,12,0,2,1,86,0,0,0,0,0,0,0,0,8,,,,2,0,0,2,4,0,0,0,1,1,3,0,2,0,0.0,0,0,0,0,0,0,0,0,21,0,0,0.0,0.0,0,0,3,40,13,0,,24,24,0,3
2002200,Aly Keita,aly-keita,69324,Djoliba AC,7.0,21.0,3,0,0,0,0,,0,137,34,171,80.12,85,52,18,2,2,40.0,8,5,0,0,0,2,22.22,1,0,1,12,46.15,4,80.0,16,51.61,270,0.0,0,0,0,0,0,0,0,0,1,0,0,0,0,11,47.83,1,0,0,5,61,1,15,7,264,2,5,0,0,1,0,0,0,0,,,,2,0,0,0,0,2,0,0,0,0,0,0,3,0,0.0,2,5,9,15,1,0,0,0,23,2,6,75.0,0.0,0,0,0,97,74,1,,0,17,0,3
970606,Ayoub Boucheta,ayoub-boucheta,36268,Wydad Casablanca,6.99,55.9,8,1,1,0,0,,1,250,54,304,82.24,125,125,67,9,3,27.27,5,8,0,0,0,8,29.63,4,1,1,10,34.48,6,85.71,16,44.44,705,25.0,0,0,0,0,0,0,1,0,2,2,0,1,0,21,53.85,16,0,0,2,108,3,22,13,486,2,5,0,0,4,2,2,0,0,,,,5,0,0,0,0,3,0,0,0,0,0,0,8,0,0.0,9,11,27,20,1,0,0,0,39,3,5,100.0,705.0,0,0,0,136,168,1,,0,39,2,8
930584,Farid El Melali,farid-el-melali,42207,CR Belouizdad,6.98,41.9,6,2,2,0,0,,2,41,16,57,71.93,10,31,16,4,1,20.0,1,3,1,0,0,3,75.0,4,2,2,8,47.06,1,33.33,9,45.0,230,50.0,1,1,0,0,0,0,2,0,4,0,0,0,2,5,71.43,1,0,0,1,30,0,4,3,99,6,2,0,0,2,2,0,0,0,,,,0,0,0,0,0,2,1,0,0,0,0,0,3,100,0.0,4,5,4,11,2,0,0,0,7,3,1,100.0,115.0,0,0,0,14,43,1,,0,7,0,6
1463559,Juan Bezerra,juan-alvina,42368,Zamalek SC,6.98,76.8,11,2,2,0,0,,2,135,44,179,75.42,49,86,42,5,8,34.78,4,1,1,0,0,5,55.56,15,7,3,43,52.44,2,22.22,45,49.45,752,13.33,0,0,0,0,0,0,2,0,8,7,1,1,0,3,100.0,1,0,0,10,102,3,15,9,329,31,12,0,0,3,3,5,0,0,,,,2,0,0,0,0,3,0,0,0,0,0,0,9,0,0.0,5,23,9,46,7,0,0,0,3,3,2,50.0,376.0,0,0,0,55,124,2,,0,34,0,11
1469729,Islam Merili,islam-merili,42206,USM Alger,6.98,76.8,11,0,2,0,2,,2,510,85,595,85.71,292,218,77,12,7,58.33,32,28,4,0,0,9,40.91,16,0,9,46,57.5,4,36.36,50,54.95,898,0.0,0,0,0,1,1,0,0,0,0,16,0,0,0,38,54.29,8,0,0,7,127,2,50,29,775,8,18,0,0,7,0,7,0,0,,,,3,0,0,0,0,7,0,0,0,0,0,0,11,0,0.0,12,12,22,41,7,0,0,0,70,7,24,75.0,0.0,0,0,0,312,283,0,,0,79,0,11
2368440,Fodé Touré,fode-toure,69324,Djoliba AC,6.98,34.9,5,2,0,0,0,,2,42,10,52,80.77,15,27,13,1,2,66.67,2,3,0,0,0,1,20.0,11,2,6,9,39.13,13,59.09,22,48.89,318,18.18,0,0,0,0,0,0,2,0,10,1,0,1,1,2,100.0,1,0,0,4,35,1,2,1,110,5,7,0,0,3,1,3,0,0,,,,0,0,0,0,0,4,0,0,0,0,0,0,4,0,0.0,1,3,5,23,9,0,0,0,2,4,1,50.0,159.0,0,0,0,16,36,1,,0,8,0,5
873543,Amr Saadawy,amr-saadawy,43560,Al-Masry,6.98,34.9,5,0,0,0,0,,0,109,22,131,83.21,47,62,37,6,1,50.0,5,5,0,0,0,9,40.91,1,0,0,7,35.0,2,33.33,9,34.62,325,0.0,0,0,0,0,1,0,0,0,0,1,0,0,0,11,45.83,7,0,0,3,49,1,18,9,211,1,6,0,0,4,0,1,0,0,,,,0,0,0,0,0,1,1,0,0,0,0,0,3,0,0.0,6,2,22,17,4,0,0,0,24,2,3,60.0,0.0,0,0,0,50,81,1,,1,10,0,5
1099258,Sadio Kanoute,sadio-kanoute,212411,Azam FC,6.98,27.9,4,1,0,0,0,,1,56,12,68,82.35,27,29,18,0,0,0.0,2,1,0,0,0,0,0.0,4,2,2,7,50.0,9,60.0,16,55.17,214,25.0,0,0,0,0,0,0,1,0,2,2,1,0,0,6,60.0,6,0,1,2,22,0,7,5,99,5,4,0,0,1,0,0,0,0,,,,0,0,0,0,0,2,0,0,0,0,0,0,2,0,0.0,0,0,1,13,6,0,0,0,10,2,2,100.0,214.0,0,0,0,30,38,0,,0,4,0,4
918578,Mohamed Hashem,mohamed-hashem,43560,Al-Masry,6.97,41.8,6,2,0,0,0,,2,228,41,269,84.76,149,79,28,2,0,0.0,6,12,1,0,0,0,0.0,5,2,3,12,54.55,12,41.38,24,47.06,520,40.0,0,0,0,0,0,0,2,0,4,1,1,0,1,16,41.03,23,0,0,0,47,1,19,11,338,6,8,0,0,4,0,0,0,0,,,,1,0,0,0,0,5,1,0,0,0,0,0,6,0,0.0,2,0,0,27,17,0,0,0,39,6,6,100.0,260.0,0,0,0,159,110,1,,1,23,0,6
1841850,Phili Langelihle,phili-langelihle,43555,Stellenbosch,6.97,41.8,6,1,1,1,0,,1,34,18,52,65.38,10,24,19,4,7,41.18,7,2,0,0,0,3,37.5,5,2,2,18,51.43,5,50.0,23,51.11,294,20.0,0,0,0,0,0,0,1,0,4,1,0,0,1,2,50.0,3,0,0,1,49,4,6,4,135,4,3,0,0,3,0,1,0,0,,,,0,0,0,0,0,4,0,0,0,0,0,0,3,0,0.0,4,17,8,22,5,0,0,0,4,4,3,42.86,294.0,0,0,0,14,38,1,,0,13,0,6
919475,Hamza Semmoumy,hamza-semmoumy,55037,Olympic Safi,6.97,20.9,3,0,0,0,0,,0,41,15,56,73.21,23,18,6,1,1,33.33,5,4,0,0,0,0,0.0,0,0,0,8,57.14,1,100.0,9,60.0,181,0.0,0,0,0,0,0,0,0,0,0,0,0,0,0,5,45.45,12,0,0,1,26,0,10,3,111,2,1,0,0,2,0,0,0,0,,,,0,0,0,0,0,1,0,0,0,0,0,0,2,0,0.0,1,3,2,6,0,0,0,0,11,1,4,80.0,0.0,0,0,0,28,28,0,,0,7,1,3
873548,Nasser Maher,nasser-maher,42368,Zamalek SC,6.95,13.9,2,0,1,1,1,,1,64,13,77,83.12,19,45,24,4,1,50.0,3,0,0,0,0,3,37.5,1,1,0,5,50.0,1,100.0,6,54.55,175,0.0,0,0,0,0,0,0,0,0,1,0,0,0,0,2,100.0,0,0,0,3,26,1,5,3,105,1,0,0,0,1,1,0,0,0,,,,0,0,0,0,0,0,0,0,0,0,0,0,2,0,0.0,4,2,8,5,0,0,0,0,2,0,3,100.0,0.0,0,0,0,23,54,0,,0,4,0,2
1136233,Lehlogonolo George Matlou,lehlogonolo-george-matlou,7663,Kaizer Chiefs,6.95,13.9,2,0,0,0,0,,0,31,6,37,83.78,9,22,15,0,2,100.0,2,0,0,0,0,0,0.0,0,0,0,7,77.78,2,100.0,9,81.82,67,0.0,0,0,0,0,0,0,0,0,0,0,0,0,0,4,57.14,2,0,0,1,8,0,3,2,52,3,1,0,0,0,0,0,0,0,,,,0,0,0,0,0,2,0,0,0,0,0,0,1,0,0.0,0,2,0,2,0,0,0,0,7,2,1,50.0,0.0,0,0,0,9,28,0,,0,7,0,2
2002205,Alou Doumbia,alou-doumbia,69324,Djoliba AC,6.95,13.9,2,0,0,0,0,,0,71,17,88,80.68,29,42,21,2,0,0.0,7,4,0,0,0,0,0.0,2,0,2,7,58.33,5,71.43,12,63.16,180,0.0,0,0,0,0,0,0,0,0,1,1,0,0,0,6,46.15,7,1,0,1,33,0,11,9,139,0,2,0,0,2,0,0,0,0,,,,0,0,0,0,0,3,0,0,0,0,0,0,2,0,0.0,2,0,5,7,2,0,0,0,13,3,5,71.43,0.0,0,0,0,32,56,0,,0,15,0,2
1138796,Lusajo Mwaikenda,lusajo-mwaikenda,212411,Azam FC,6.95,41.7,6,0,0,0,0,,0,153,44,197,77.66,81,72,27,4,4,80.0,8,7,1,0,0,2,14.29,2,0,2,20,74.07,21,70.0,41,71.93,540,0.0,0,0,0,0,0,0,0,0,2,0,0,0,0,18,47.37,24,0,0,1,73,0,17,8,339,8,3,0,0,3,1,0,0,0,,,,2,0,0,0,0,5,1,0,0,0,0,0,6,0,0.0,4,5,14,16,9,0,0,0,38,6,6,75.0,0.0,0,0,0,95,102,0,,0,23,0,6
918727,Karim El Eraki,karim-el-eraki,43560,Al-Masry,6.95,55.6,8,0,0,0,0,,0,200,45,245,81.63,99,101,53,11,10,62.5,25,7,0,0,0,7,30.43,1,1,0,38,60.32,3,60.0,41,60.29,705,0.0,0,0,0,0,0,0,0,0,1,0,0,0,0,21,48.84,18,0,0,7,92,1,36,19,434,3,6,0,0,6,0,0,0,0,,,,2,0,0,0,0,7,1,0,0,0,0,0,8,0,0.0,11,16,23,27,2,0,0,0,43,8,15,60.0,0.0,0,0,0,110,135,1,,0,26,0,8
1471146,Brahim Benzaza,brahim-benzaza,42206,USM Alger,6.95,76.4,11,1,3,1,0,,1,203,73,276,73.55,73,130,80,16,3,23.08,17,9,0,0,0,8,33.33,8,2,4,44,50.0,12,44.44,56,48.7,707,12.5,0,0,0,0,0,0,1,0,4,4,0,0,1,12,36.36,11,0,0,15,148,1,31,15,473,25,11,0,0,9,0,2,0,0,,,,1,0,0,0,0,5,0,0,0,0,0,0,7,0,0.0,16,13,24,59,15,0,0,0,33,5,12,70.59,707.0,0,0,0,83,193,2,,0,38,1,11
1011207,Mohamed Shehata,mohamed-shehata,42368,Zamalek SC,6.95,76.4,11,0,2,0,0,,0,349,68,417,83.69,170,179,59,11,10,55.56,21,10,1,0,0,3,15.79,1,1,0,48,57.14,8,66.67,56,58.33,945,0.0,0,0,0,0,0,0,0,0,0,1,0,0,0,17,41.46,22,0,0,5,112,2,29,14,573,17,16,0,0,8,0,0,0,0,,,,5,0,0,0,0,4,2,0,0,0,0,0,10,0,0.0,11,18,19,40,4,0,0,0,41,6,11,52.38,0.0,0,0,0,183,234,2,,0,50,6,11
806526,Fred Duval Ngoma,fred-duval-ngoma,55037,Olympic Safi,6.94,62.5,9,0,0,0,0,,0,280,60,340,82.35,163,117,39,2,3,75.0,17,15,0,0,0,1,100.0,2,1,0,32,71.11,7,58.33,39,68.42,731,0.0,0,0,0,0,0,0,0,0,0,2,0,0,0,18,54.55,6,0,1,5,78,2,27,11,434,12,3,0,0,4,0,1,0,0,,,,2,0,0,0,0,5,1,0,0,0,0,0,9,0,0.0,2,4,1,18,5,0,0,0,33,6,9,52.94,0.0,0,0,0,184,156,0,,0,62,0,9
866162,Khalid Aucho,khalid-aucho,353799,Singida Black Stars SC,6.94,34.7,5,0,2,1,0,,0,232,51,283,81.98,110,122,57,5,1,100.0,6,6,0,0,0,0,0.0,5,2,2,14,50.0,14,60.87,28,54.9,423,0.0,0,0,0,0,0,0,0,0,2,3,0,0,0,22,56.41,7,0,0,7,67,1,29,15,348,7,7,0,0,0,0,1,0,0,,,,2,0,0,0,0,2,1,0,0,0,0,0,5,0,0.0,5,1,1,23,9,0,0,0,39,3,5,83.33,0.0,0,0,0,122,161,0,,0,27,1,5
359278,Walid Sabbar,walid-sabbar,36268,Wydad Casablanca,6.94,55.5,8,0,2,0,1,,1,236,46,282,83.69,115,121,59,10,2,40.0,12,4,1,0,0,2,33.33,8,1,6,19,48.72,5,71.43,24,52.17,514,0.0,0,0,0,0,1,0,0,0,1,7,0,0,0,9,37.5,5,0,0,6,70,3,28,14,359,5,10,0,0,1,0,1,0,0,,,,2,0,0,0,0,5,0,0,0,0,0,0,5,0,0.0,10,5,6,22,2,0,0,0,24,5,6,50.0,0.0,0,0,0,127,155,0,,0,36,1,8
1140872,Mohamed Moufid,mohamed-moufid,36268,Wydad Casablanca,6.93,41.6,6,2,1,0,0,,2,111,34,145,76.55,66,45,25,4,4,57.14,7,4,1,0,0,1,25.0,8,2,4,15,50.0,8,80.0,23,57.5,421,25.0,0,0,0,0,0,0,2,0,5,3,0,0,2,5,41.67,13,0,0,2,55,1,4,4,260,4,6,0,0,4,0,2,0,0,,,,2,0,0,0,0,5,0,0,0,0,0,0,4,0,0.0,4,7,4,17,2,0,0,0,12,5,4,57.14,210.5,0,0,0,79,66,0,,0,26,0,7
1095732,Oussama Zemraoui,oussama-zemraoui,43560,Al-Masry,6.93,20.8,3,0,0,0,0,,0,71,13,84,84.52,17,54,28,4,5,83.33,4,2,0,0,0,0,0.0,5,1,2,14,53.85,0,0.0,14,51.85,201,0.0,0,0,0,0,0,0,0,0,3,2,0,0,0,4,57.14,0,0,0,6,26,2,6,4,121,5,3,0,0,2,0,2,0,0,,,,0,0,0,0,0,2,0,0,0,0,0,0,3,0,0.0,4,6,2,13,1,0,0,0,7,2,1,25.0,0.0,0,0,0,17,67,0,,0,17,0,3
1428035,Ahmed El Armouty,ahmed-el-armouty,43560,Al-Masry,6.93,20.8,3,0,0,0,0,,0,53,13,66,80.3,15,38,24,2,2,66.67,7,1,0,0,0,2,33.33,1,0,1,14,70.0,0,0.0,14,66.67,170,0.0,0,0,0,0,0,0,0,0,1,0,0,0,0,6,66.67,0,0,0,3,29,0,10,6,109,5,2,0,0,0,0,0,0,0,,,,0,0,0,0,0,1,0,0,0,0,0,0,2,0,0.0,2,3,6,7,1,0,0,0,9,1,6,85.71,0.0,0,0,0,19,47,0,,0,12,0,3
1612721,Klegnime Koné,klegnime-kone,275889,AS Otohô,6.93,48.5,7,2,0,0,0,,2,107,31,138,77.54,34,73,40,13,1,50.0,6,0,0,0,0,7,33.33,7,2,3,14,53.85,5,41.67,19,50.0,487,28.57,0,0,0,0,0,0,2,0,4,3,0,2,0,3,42.86,1,0,0,5,65,2,8,4,212,7,5,0,0,3,6,2,1,0,,,,1,0,0,0,0,6,0,0,0,0,0,0,6,0,0.0,12,2,21,19,7,0,0,0,7,6,5,83.33,243.5,0,0,0,39,99,1,,0,16,0,7
2370251,Amalaman Allou,amalaman-allou,238206,FC San Pedro,6.93,27.7,4,1,2,1,2,,3,16,3,19,84.21,3,13,8,3,3,75.0,1,0,1,0,0,0,0.0,5,3,1,6,54.55,2,33.33,8,47.06,115,20.0,0,0,0,0,0,0,1,0,4,1,0,0,1,0,0.0,0,0,0,2,12,2,1,1,47,2,2,0,0,0,0,1,0,0,,,,0,0,0,0,0,2,2,0,0,0,0,0,1,0,0.0,3,4,1,9,4,0,0,0,1,4,1,100.0,115.0,0,0,0,5,14,0,,0,4,0,4
1090366,Prince Mouandza,prince-mouandza,275889,AS Otohô,6.93,55.4,8,0,1,0,2,,2,229,93,322,71.12,112,117,50,14,2,33.33,7,11,1,0,0,13,32.5,3,0,3,24,61.54,19,59.38,43,60.56,662,0.0,0,0,0,0,1,0,0,0,1,2,0,0,0,19,34.55,17,0,0,4,160,1,40,17,535,15,3,0,0,4,0,0,0,0,,,,0,0,0,0,0,8,0,0,0,0,0,0,7,0,0.0,14,6,40,28,13,0,0,0,55,8,7,100.0,0.0,0,0,0,137,185,2,,0,24,2,8
27714,Nordin Amrabat,nordin-amrabat,36268,Wydad Casablanca,6.92,41.5,6,1,2,2,0,,1,115,35,150,76.67,34,81,50,7,2,66.67,8,3,2,0,0,5,15.63,8,2,5,16,43.24,0,0.0,16,43.24,388,12.5,0,0,0,0,0,0,1,0,4,4,0,1,0,7,43.75,0,0,0,7,83,6,20,12,243,6,11,1,0,2,7,1,0,0,,,,1,0,0,0,0,1,0,0,0,0,0,0,4,0,0.0,7,3,32,21,0,0,0,0,16,1,8,100.0,388.0,0,0,0,39,111,0,,0,23,0,6
796085,Moussa Koné,moussa-kone,55037,Olympic Safi,6.91,55.3,8,3,1,0,0,,3,29,8,37,78.38,9,20,13,5,3,100.0,1,0,0,0,0,0,0.0,7,3,2,10,76.92,4,23.53,14,46.67,206,42.86,0,0,0,0,1,0,3,0,5,2,1,0,2,0,0.0,0,0,0,0,14,2,0,0,65,6,3,0,0,1,0,2,0,0,,,,0,0,0,0,0,3,1,0,0,0,0,0,0,0,0.0,5,3,1,16,13,0,0,0,1,4,1,100.0,68.67,0,0,0,12,25,1,,0,5,0,9
1013901,Mohamed Ali Ben Hammouda,mohamed-ali-ben-hammouda,42207,CR Belouizdad,6.9,55.2,8,1,0,3,0,,1,69,43,112,61.61,27,42,22,2,5,83.33,2,0,1,0,1,0,0.0,12,2,8,28,58.33,32,65.31,60,61.86,581,8.33,0,0,1,0,0,0,1,0,10,2,0,1,0,9,81.82,9,0,0,7,69,1,4,3,204,22,13,0,0,2,6,2,0,0,,,,4,0,0,0,0,3,1,0,0,0,0,0,6,0,0.0,2,6,1,37,17,0,0,0,11,4,0,0.0,581.0,1,0,0,33,79,1,,0,11,0,9
2368121,Abi Niamb,abi-niamb,238206,FC San Pedro,6.9,41.4,6,0,1,0,1,,1,198,34,232,85.34,93,105,52,9,5,55.56,6,3,0,0,0,3,42.86,13,4,6,25,58.14,0,0.0,25,54.35,455,0.0,0,0,0,0,0,0,0,0,6,7,0,0,0,7,58.33,0,0,0,9,64,3,10,4,317,14,5,0,0,1,1,3,0,0,,,,1,0,0,0,0,10,1,0,0,0,0,0,5,0,0.0,9,9,7,21,3,0,0,0,12,11,4,66.67,0.0,0,0,0,97,135,0,,0,21,0,6
978845,Nkosingiphile Ngcobo,nkosingiphile-ngcobo,7663,Kaizer Chiefs,6.9,6.9,1,0,0,0,0,,0,15,1,16,93.75,4,11,6,0,0,0.0,0,0,0,0,0,0,0.0,0,0,0,0,0.0,0,0.0,0,0.0,17,0.0,0,0,0,0,0,0,0,0,0,0,0,0,0,3,100.0,0,0,0,0,1,0,3,2,16,0,0,0,0,0,0,0,0,0,,,,0,0,0,0,0,0,0,0,0,0,0,0,0,0,0.0,0,0,0,0,0,0,0,0,3,0,0,0.0,0.0,0,0,0,4,12,0,,0,3,0,1
1089444,Mercey Ngimbi,mercey-ngimbi,281329,Maniema Union,6.9,6.9,1,0,0,0,0,,0,6,2,8,75.0,1,5,2,0,0,0.0,1,0,0,0,0,0,0.0,1,0,1,1,100.0,0,0.0,1,50.0,20,0.0,0,0,0,0,1,0,0,0,0,1,0,0,0,0,0.0,2,0,0,0,2,0,0,0,12,0,0,0,0,0,0,0,0,0,,,,0,0,0,0,0,1,0,0,0,0,0,0,0,0,0.0,0,0,0,1,1,0,0,0,0,1,0,0.0,0.0,0,0,0,1,7,0,,0,0,0,1
785923,Alex Ngonga,alex-ngonga,191184,ZESCO United,6.9,6.9,1,0,0,0,0,,0,5,0,5,100.0,1,4,3,0,1,100.0,1,0,0,0,0,1,50.0,1,1,0,2,50.0,0,0.0,2,50.0,11,0.0,0,0,0,0,1,0,0,0,0,1,0,0,0,0,0.0,0,0,0,2,4,1,1,1,14,0,0,0,0,0,0,0,0,0,,,,0,0,0,0,0,0,0,0,0,0,0,0,0,0,0.0,0,1,2,2,0,0,0,0,0,0,1,100.0,0.0,0,0,0,1,4,0,,0,1,0,1
1508486,Samson Mkandawire,samson-mkandawire,191184,ZESCO United,6.9,6.9,1,0,0,0,0,,0,8,5,13,61.54,3,5,2,1,0,0.0,2,1,0,0,0,0,0.0,1,0,1,2,66.67,0,0.0,2,66.67,52,0.0,0,0,0,0,0,0,0,0,1,0,0,0,0,0,0.0,1,0,0,0,10,0,1,0,28,0,1,0,0,0,0,0,0,0,,,,0,0,0,0,0,0,0,0,0,0,0,0,1,0,0.0,1,0,1,1,0,0,0,0,4,0,2,100.0,0.0,0,0,0,4,9,0,,0,3,0,1
918505,Nabil Donga,nabil-donga,42368,Zamalek SC,6.9,13.8,2,0,0,0,0,,0,61,9,70,87.14,24,37,13,0,0,0.0,6,2,2,0,0,0,0.0,2,0,1,6,66.67,1,50.0,7,63.64,114,0.0,0,0,0,0,0,0,0,0,1,1,0,0,0,6,54.55,1,0,0,1,13,0,8,6,87,0,1,0,0,1,0,1,0,0,,,,0,0,0,0,0,0,0,0,0,0,0,0,1,0,0.0,0,0,0,4,1,0,0,0,11,0,2,33.33,0.0,0,0,0,26,44,0,,0,6,0,2
1881596,David Simukonda,david-simukonda,191184,ZESCO United,6.9,13.8,2,0,1,0,0,,0,50,9,59,84.75,17,33,24,2,1,50.0,3,1,0,0,0,0,0.0,1,0,1,10,58.82,2,40.0,12,54.55,180,0.0,0,0,0,0,0,0,0,0,0,1,0,0,0,3,60.0,1,0,0,4,22,1,3,1,92,6,1,0,0,1,1,0,0,0,,,,0,0,0,0,0,4,0,0,0,0,0,0,2,0,0.0,2,2,2,10,3,0,0,0,5,4,3,100.0,0.0,0,0,0,19,40,0,,0,11,0,2
1471427,Gedeon Nongo,gedeon-nongo,275889,AS Otohô,6.9,13.8,2,0,0,0,0,,0,83,15,98,84.69,57,26,9,0,0,0.0,8,2,0,0,0,0,0.0,0,0,0,10,52.63,2,50.0,12,52.17,168,0.0,0,0,0,0,0,0,0,0,0,0,0,0,0,7,63.64,1,0,0,2,22,0,6,3,122,2,5,0,0,2,0,0,0,0,,,,0,0,0,0,0,0,0,0,0,0,0,0,2,0,0.0,0,0,0,11,2,0,0,0,11,0,7,87.5,0.0,0,0,0,62,36,0,,0,9,0,2
1110703,Ibrahim Imoro,ibrahim-imoro,353799,Singida Black Stars SC,6.9,13.8,2,0,1,0,0,,0,63,20,83,75.9,25,38,19,4,0,0.0,3,4,1,0,0,3,30.0,1,1,0,4,36.36,1,50.0,5,38.46,135,0.0,0,0,0,0,0,0,0,0,1,0,0,0,0,5,62.5,5,0,0,3,35,0,7,2,137,1,3,0,0,1,0,0,0,0,,,,1,0,0,0,0,0,0,0,0,0,0,0,1,0,0.0,4,0,10,8,1,0,0,0,8,0,3,100.0,0.0,0,0,0,32,51,0,,0,9,0,2
2451851,Steve Biko,steve-biko,257440,Nairobi United,6.9,13.8,2,0,0,0,0,,0,63,14,77,81.82,48,15,4,0,0,0.0,5,1,0,1,1,0,0.0,0,0,0,9,52.94,6,85.71,15,62.5,180,0.0,0,0,0,0,0,0,0,0,0,0,0,0,0,5,55.56,13,0,0,1,22,0,3,0,119,4,7,0,0,1,0,0,0,0,,,,0,0,0,0,0,2,0,0,0,0,0,0,2,0,0.0,0,0,3,9,1,0,0,0,9,2,4,80.0,0.0,0,0,0,55,22,0,,1,11,3,2
1966433,Rayane Abdelmadjid Mahrouz,rayane-abdelmadjid-mahrouz,42206,USM Alger,6.9,20.7,3,0,0,2,0,,0,20,9,29,68.97,9,11,3,1,1,50.0,2,0,0,0,0,1,33.33,3,1,2,5,50.0,3,60.0,8,53.33,147,0.0,0,0,1,0,0,0,0,0,2,1,0,0,0,2,25.0,5,0,0,1,23,2,0,0,65,2,1,0,0,2,0,0,0,0,,,,0,0,0,0,0,0,0,0,0,0,0,0,2,0,0.0,1,2,3,7,2,0,0,0,8,0,2,100.0,0.0,0,0,0,12,17,0,,0,7,1,3
1870026,Kombo Ulrich,kombo-ulrich,238206,FC San Pedro,6.9,20.7,3,0,0,0,0,,0,49,13,62,79.03,44,5,3,0,0,0.0,1,0,0,0,0,0,0.0,0,0,0,4,100.0,1,100.0,5,100.0,270,0.0,0,0,0,0,0,0,0,0,0,0,0,0,0,11,50.0,3,0,0,0,14,0,0,0,100,2,0,0,0,0,0,0,0,4,,,,0,1,0,2,2,5,2,2,0,0,2,0,3,0,0.0,0,0,0,0,0,0,0,0,22,7,0,0.0,0.0,0,0,0,47,15,0,,13,34,0,3
2168672,Luka Mutoshi,luka-mutoshi,191184,ZESCO United,6.9,20.7,3,0,0,1,0,,0,104,19,123,84.55,55,49,17,1,0,0.0,10,3,0,0,0,1,100.0,2,0,2,11,52.38,3,50.0,14,51.85,270,0.0,0,0,0,0,0,0,0,0,1,1,0,0,0,6,50.0,5,0,0,1,23,1,12,6,154,1,8,0,0,1,0,0,0,0,,,,1,0,0,0,0,3,0,0,0,0,0,0,3,0,0.0,1,0,1,13,3,0,0,0,12,3,5,50.0,0.0,0,0,0,60,63,0,,0,17,1,3
918494,Essam Tharwat,essam-tharwat,43560,Al-Masry,6.9,27.6,4,0,0,0,0,,0,36,19,55,65.45,30,6,1,0,0,0.0,0,0,1,0,0,0,0.0,0,0,0,1,100.0,1,50.0,2,66.67,280,0.0,0,0,0,0,0,0,0,0,0,0,0,0,0,9,33.33,1,0,0,0,19,0,4,3,81,1,0,0,0,0,0,0,0,3,,,,2,0,0,2,1,0,1,0,0,0,0,0,3,0,0.0,0,0,0,1,1,0,0,0,27,1,0,0.0,0.0,0,0,0,39,16,0,,26,26,0,4
845611,Farid Chaal,farid-chaal,42207,CR Belouizdad,6.9,69.0,10,0,0,0,0,,0,215,96,311,69.13,182,33,9,0,0,0.0,0,0,0,0,0,0,0.0,0,0,0,2,100.0,2,100.0,4,100.0,900,0.0,0,0,0,0,0,0,0,0,0,0,0,0,0,60,39.47,14,0,2,0,96,0,24,14,401,3,0,0,0,0,0,0,0,29,,,,6,1,0,19,9,6,1,4,4,4,3,0,10,0,0.0,0,0,0,0,0,0,0,0,152,7,0,0.0,0.0,0,0,6,205,106,1,,61,84,0,10
1012578,Mohamed Ismail,mohamed-ismail,42368,Zamalek SC,6.9,75.9,11,0,1,1,0,,0,334,74,408,81.86,219,115,28,4,6,85.71,23,9,2,0,0,0,0.0,13,4,6,37,56.06,10,43.48,47,52.81,949,0.0,0,0,0,0,0,0,0,0,5,8,0,0,0,31,48.44,49,0,1,7,114,0,36,18,591,8,13,0,0,8,0,3,0,0,,,,4,0,0,0,0,3,2,0,0,0,0,0,11,0,0.0,4,7,5,42,13,0,0,0,64,5,10,43.48,0.0,0,0,0,245,163,1,,1,39,5,11
1140890,Abdelghafour Lamirat,abdelghafour-lamirat,36268,Wydad Casablanca,6.89,48.2,7,0,0,4,0,,0,269,51,320,84.06,139,130,55,3,1,50.0,12,7,1,0,0,2,100.0,8,4,3,21,56.76,13,61.9,34,58.62,487,0.0,0,0,0,0,0,0,0,0,6,2,0,0,0,24,60.0,11,0,0,2,62,1,25,16,394,9,9,0,0,5,0,1,0,0,,,,1,0,0,0,0,5,0,0,0,0,0,0,5,0,0.0,3,2,2,24,8,0,0,0,40,5,9,75.0,0.0,0,0,0,153,167,1,,0,27,1,7
333459,Mahmoud Hamdi,mahmoud-hamdi,42368,Zamalek SC,6.89,48.2,7,0,0,0,0,,0,283,49,332,85.24,226,57,13,1,0,0.0,4,7,0,0,0,0,0.0,3,1,2,8,72.73,13,61.9,21,65.63,632,0.0,0,0,0,0,0,0,0,0,3,0,0,0,0,26,44.83,43,0,1,1,58,0,31,15,416,4,1,0,0,2,0,0,0,0,,,,2,0,0,0,0,5,0,0,0,0,0,0,7,0,0.0,1,0,1,11,8,0,0,0,58,5,2,50.0,0.0,0,0,0,243,89,0,,2,14,3,9
1177809,Djaber Kaassis,djaber-kaassis,42207,CR Belouizdad,6.88,41.3,6,0,0,0,0,,0,73,25,98,74.49,33,40,20,2,2,50.0,11,3,1,0,0,0,0.0,1,1,0,19,67.86,1,25.0,20,62.5,234,0.0,0,0,0,0,0,0,0,0,1,0,0,0,0,11,55.0,5,0,0,1,40,2,9,8,158,6,5,0,0,1,0,0,0,0,,,,0,0,0,0,0,1,0,0,0,0,0,0,1,0,0.0,2,4,5,12,3,0,0,0,20,1,9,81.82,0.0,0,0,0,39,59,0,,0,9,0,6
2368140,Mouhamadou Karamoko,mouhamadou-karamoko,238206,FC San Pedro,6.88,34.4,5,1,0,1,0,,1,240,48,288,83.33,173,67,19,0,2,50.0,6,7,0,0,0,0,0.0,4,1,2,12,60.0,7,58.33,19,59.38,450,25.0,0,0,0,0,0,0,1,0,4,0,0,0,1,25,49.02,26,0,0,1,54,0,21,10,353,4,2,0,0,3,0,1,0,0,,,,1,0,0,0,0,8,2,0,0,0,0,0,5,0,0.0,0,4,0,13,5,0,0,0,51,10,4,66.67,450.0,0,0,0,191,97,0,,0,25,2,5
967127,Khaled Sobhi,khaled-sobhi,43560,Al-Masry,6.87,48.1,7,0,0,0,0,,0,290,55,345,84.06,206,84,16,0,2,100.0,10,6,1,0,0,1,50.0,0,0,0,14,87.5,5,55.56,19,76.0,585,0.0,0,0,0,0,0,0,0,0,0,0,0,0,0,28,43.08,34,0,0,0,62,0,42,18,420,2,1,0,0,1,0,0,0,0,,,,2,0,0,0,0,7,0,0,0,0,0,0,7,0,0.0,0,2,2,6,4,0,0,0,65,7,7,70.0,0.0,0,0,0,217,128,0,,2,24,1,7
2002284,Obed Mbala,obed-mbala,281329,Maniema Union,6.87,41.2,6,0,1,2,2,,2,71,30,101,70.3,23,48,25,6,6,60.0,7,0,0,0,0,11,37.93,4,0,4,15,51.72,5,55.56,20,52.63,334,0.0,0,0,0,0,0,0,0,0,3,1,0,0,0,1,12.5,2,0,0,7,71,3,3,0,184,2,1,0,0,2,1,0,0,0,,,,0,0,0,0,0,1,0,0,0,0,0,0,4,0,0.0,6,10,29,18,4,0,0,0,8,1,5,71.43,0.0,0,0,0,29,72,0,,0,18,0,7
1876606,Mohamed El Sayed,mohamed-el-sayed,42368,Zamalek SC,6.87,41.2,6,0,1,0,1,,1,39,14,53,73.58,11,28,13,3,2,50.0,6,2,0,0,0,0,0.0,1,1,0,15,60.0,4,66.67,19,61.29,175,0.0,0,0,0,1,0,0,0,0,0,1,0,0,0,3,42.86,2,0,0,2,31,0,4,2,100,7,5,0,0,3,0,0,0,0,,,,0,0,0,0,0,2,0,0,0,0,0,0,1,0,0.0,3,4,5,12,2,0,0,0,7,2,2,33.33,0.0,0,0,0,14,39,0,,0,11,1,6
2368122,Adéwimi Alabi,adewimi-alabi,238206,FC San Pedro,6.87,41.2,6,0,0,0,0,,0,265,39,304,87.17,177,88,27,2,4,66.67,11,5,1,0,0,1,20.0,2,0,2,29,53.7,11,50.0,40,52.63,533,0.0,0,0,0,0,0,0,0,0,0,2,0,0,0,12,54.55,15,0,0,6,59,1,8,7,400,14,14,0,0,3,1,0,0,0,,,,1,0,0,0,0,11,2,0,0,0,0,0,6,0,0.0,2,6,5,36,11,0,0,0,22,13,7,63.64,0.0,0,0,0,191,113,0,,0,29,2,6
1393699,Ahmed Esho,ahmed-esho,42368,Zamalek SC,6.87,41.2,6,0,0,0,0,,0,107,16,123,86.99,66,41,15,2,3,60.0,7,7,1,0,0,3,25.0,1,0,1,13,54.17,2,66.67,15,55.56,334,0.0,0,0,0,0,0,0,0,0,0,1,0,0,0,9,50.0,8,0,0,3,37,0,10,6,206,3,3,0,0,3,0,0,0,0,,,,1,0,0,0,0,2,1,0,0,0,0,0,3,0,0.0,2,5,12,12,1,0,0,0,18,3,7,100.0,0.0,0,0,0,73,50,0,,0,22,1,7
2002280,Lupini Dieumerci,lupini-dieumerci,281329,Maniema Union,6.86,54.9,8,0,1,0,0,,0,196,70,266,73.68,138,58,23,4,2,66.67,11,14,1,0,0,0,0.0,4,0,3,22,56.41,21,60.0,43,58.11,720,0.0,0,0,0,0,0,0,0,0,4,0,0,0,0,23,34.85,41,0,0,0,92,0,19,6,407,10,11,0,0,7,0,1,0,0,,,,3,0,0,0,0,5,0,0,0,0,0,0,8,0,0.0,4,3,0,31,14,0,0,0,66,5,8,72.73,0.0,0,0,0,158,108,0,,1,25,3,8
2002222,Kenan Glougbe,kenan-glougbe,69324,Djoliba AC,6.86,34.3,5,1,1,0,0,,1,83,25,108,76.85,34,49,27,5,1,33.33,8,2,0,0,0,4,36.36,3,2,1,15,53.57,1,20.0,16,48.48,212,33.33,0,0,0,0,0,0,0,1,0,3,0,0,1,4,44.44,1,0,0,5,44,3,9,6,157,6,3,0,0,3,0,0,0,0,,,,0,0,0,0,0,3,0,0,0,0,0,0,2,0,0.0,5,3,11,17,4,0,0,0,9,3,7,87.5,212.0,0,0,0,43,65,0,,0,13,0,5
1182635,Younes Ouassa,younes-ouassa,42207,CR Belouizdad,6.86,34.3,5,0,0,1,0,,0,89,18,107,83.18,70,19,4,1,0,0.0,1,2,0,0,0,0,0.0,4,0,3,3,42.86,18,64.29,21,60.0,327,0.0,0,0,0,0,0,0,0,0,4,0,0,0,0,10,58.82,28,0,0,1,21,0,4,3,159,2,1,1,0,2,0,1,0,0,,,,1,0,0,0,0,2,0,0,0,0,0,0,4,0,0.0,1,0,0,14,10,0,0,0,17,2,0,0.0,0.0,0,0,0,75,32,1,,0,4,3,5
2002272,Jeancy Mpindi,jeancy-mpindi,281329,Maniema Union,6.86,48.0,7,0,0,0,0,,0,131,55,186,70.43,65,66,30,5,2,40.0,8,11,1,0,0,1,33.33,1,0,1,23,71.88,10,47.62,33,62.26,585,0.0,0,0,0,0,0,0,0,0,1,0,0,0,0,16,35.56,17,0,1,1,90,0,22,12,324,13,5,0,0,0,0,0,0,0,,,,2,0,0,0,0,5,0,0,0,0,0,0,7,0,0.0,5,5,3,20,11,0,0,0,45,5,6,75.0,0.0,0,0,0,78,108,0,,0,28,2,7
1006862,Marouf Tchakei,marouf-tchakei,353799,Singida Black Stars SC,6.85,13.7,2,1,0,0,0,,1,26,9,35,74.29,7,19,7,0,0,0.0,2,0,0,0,0,0,0.0,7,2,3,6,54.55,2,50.0,8,53.33,106,14.29,1,1,0,0,3,0,1,0,2,5,0,0,1,1,33.33,0,0,0,1,21,0,2,1,63,4,2,0,0,0,0,2,0,0,,,,0,0,0,0,0,2,0,0,0,0,0,0,1,100,0.0,0,2,5,7,2,0,0,0,3,2,1,50.0,106.0,0,0,0,7,28,0,,0,0,0,2
845605,Abderrahmane Meziane,abderrahmane-meziane,42207,CR Belouizdad,6.85,41.1,6,1,0,0,0,,1,128,34,162,79.01,24,104,58,8,3,30.0,3,5,0,0,0,6,30.0,9,3,5,12,44.44,3,60.0,15,46.88,419,11.11,1,1,1,0,0,0,1,0,4,5,0,0,1,8,66.67,1,0,0,3,74,3,13,9,246,6,3,1,0,2,2,1,0,0,,,,1,0,0,0,0,3,0,0,0,0,0,0,4,100,0.0,8,10,20,17,2,0,0,0,12,3,3,100.0,419.0,0,0,0,31,131,1,,0,18,0,6
2002271,Jeancy Mboma,jeancy-mboma,281329,Maniema Union,6.85,54.8,8,1,4,0,0,,1,87,39,126,69.05,24,63,35,7,11,61.11,3,3,1,0,0,4,13.79,16,5,8,24,45.28,2,16.67,26,40.0,664,6.25,0,0,0,0,0,0,1,0,6,10,0,1,0,1,7.69,4,0,0,11,117,2,12,5,266,10,11,0,0,1,1,3,0,0,,,,1,0,0,0,0,5,0,0,0,0,0,0,7,0,0.0,7,18,29,39,10,0,0,0,13,5,3,100.0,664.0,0,0,0,30,96,1,,0,19,0,8
2201047,Silva Tshitenge,silva-tshitenge,281329,Maniema Union,6.85,13.7,2,0,1,0,1,,1,5,4,9,55.56,1,4,2,1,0,0.0,0,0,0,0,0,1,100.0,0,0,0,0,0.0,4,50.0,4,36.36,67,0.0,0,0,0,0,0,0,0,0,0,0,0,0,0,1,100.0,1,0,0,0,10,0,0,0,19,0,2,0,0,0,1,0,0,0,,,,0,0,0,0,0,0,0,0,0,0,0,0,0,0,0.0,1,1,1,7,4,0,0,0,1,0,0,0.0,0.0,0,0,0,1,8,0,,0,2,0,2
994645,Iddy Seleman Nado,iddy-nado,212411,Azam FC,6.85,41.1,6,0,2,0,1,,1,141,32,173,81.5,59,82,44,6,0,0.0,4,5,0,0,0,3,16.67,9,3,5,27,56.25,4,30.77,31,50.82,511,0.0,0,0,0,0,1,0,0,0,1,8,0,0,0,8,66.67,3,0,0,8,78,2,15,9,294,23,9,1,0,1,2,1,0,0,,,,0,0,0,0,0,3,1,0,0,0,0,0,6,0,0.0,6,4,18,30,9,0,0,0,12,4,1,25.0,0.0,0,0,0,66,107,0,,0,25,0,6
2368129,Chichi Capo,chichi-capo,238206,FC San Pedro,6.85,13.7,2,0,0,0,0,,0,100,24,124,80.65,79,21,2,0,0,0.0,3,1,0,0,0,0,0.0,1,0,1,4,66.67,1,33.33,5,55.56,180,0.0,0,0,0,0,0,0,0,0,1,0,0,0,0,6,25.0,11,0,1,0,26,0,8,2,150,1,1,0,0,1,0,0,0,0,,,,1,0,0,0,0,3,0,0,0,0,0,0,2,0,0.0,0,0,0,4,2,0,0,0,24,3,2,66.67,0.0,0,0,0,84,40,0,,9,19,1,2
1958825,Abdalla Said Ali,abdalla-said-ali,353799,Singida Black Stars SC,6.85,13.7,2,0,0,0,0,,0,17,9,26,65.38,6,11,4,2,0,0.0,2,2,0,0,0,0,0.0,0,0,0,3,50.0,3,42.86,6,46.15,60,0.0,0,0,0,0,0,0,0,0,0,0,0,0,0,3,50.0,6,0,0,2,17,0,4,1,60,1,0,0,0,1,0,0,0,0,,,,0,0,0,0,0,0,0,0,0,0,0,0,1,0,0.0,2,0,3,7,4,0,0,0,6,0,1,50.0,0.0,0,0,0,10,16,0,,0,2,0,2
1799520,Mfundo Vilakazi,mfundo-vilakazi,7663,Kaizer Chiefs,6.84,34.2,5,0,1,1,1,,1,57,25,82,69.51,14,43,21,4,7,53.85,3,0,1,0,0,2,13.33,12,2,7,13,56.52,2,50.0,15,55.56,227,0.0,0,0,0,0,2,0,0,0,4,8,0,0,0,2,22.22,2,0,0,0,52,1,7,0,152,3,2,0,0,2,0,3,0,0,,,,0,0,0,0,0,1,0,0,0,0,0,0,2,0,0.0,4,13,15,12,2,0,0,0,9,1,2,66.67,0.0,0,0,0,15,67,0,,0,9,0,5
1140796,Youssef El Motie,youssef-el-motie,55037,Olympic Safi,6.83,20.5,3,0,0,0,0,,0,45,26,71,63.38,36,9,6,0,0,0.0,0,0,1,0,0,0,0.0,0,0,0,1,100.0,1,100.0,2,100.0,200,0.0,0,0,0,0,0,0,0,0,0,0,0,0,0,16,41.03,2,0,0,0,27,0,9,4,91,1,0,0,0,0,0,0,0,6,,,,0,2,0,4,2,2,0,2,0,0,0,1,2,0,0.0,0,0,0,0,0,0,0,0,39,2,0,0.0,0.0,0,0,1,40,31,0,,12,26,0,3
918547,Mahdi Soliman,mahdi-soliman,42368,Zamalek SC,6.83,41.0,6,0,0,0,0,,0,107,37,144,74.31,94,13,3,0,0,0.0,1,0,2,0,0,0,0.0,0,0,0,3,75.0,0,0.0,3,75.0,480,0.0,0,0,0,0,0,0,0,0,0,0,0,0,0,20,36.36,4,0,0,0,38,0,9,4,185,1,0,0,0,1,0,0,0,9,,,,2,2,0,5,4,3,0,0,2,2,3,0,6,0,0.0,0,0,0,1,0,0,0,0,55,3,1,100.0,0.0,0,0,0,101,43,1,,31,41,0,6
2368142,Moussa Kone,moussa-kone,238206,FC San Pedro,6.83,41.0,6,0,1,0,0,,0,219,46,265,82.64,106,113,52,9,1,100.0,18,1,2,0,0,3,37.5,14,2,7,26,60.47,0,0.0,26,52.0,445,0.0,0,0,0,0,2,0,0,0,0,14,0,0,0,23,58.97,4,0,0,5,75,4,23,12,363,7,13,0,0,1,0,5,0,0,,,,0,0,0,0,0,9,2,0,0,0,0,0,5,0,0.0,9,1,8,24,7,0,0,0,39,11,8,44.44,0.0,0,0,0,116,149,1,,0,24,1,6
982400,Detan Ogundare,detan-ogundare,281329,Maniema Union,6.83,47.8,7,0,0,0,0,,0,112,86,198,56.57,84,28,8,0,0,0.0,0,0,2,0,0,0,0.0,0,0,0,5,62.5,1,100.0,6,66.67,630,0.0,0,0,0,2,0,0,0,0,0,0,0,0,0,43,33.59,12,1,1,0,91,0,16,5,282,5,2,0,0,1,0,0,0,17,,,,3,2,0,12,5,4,0,6,3,3,8,0,7,0,0.0,0,0,0,3,0,0,0,0,128,4,0,0.0,0.0,0,0,5,102,96,0,,75,76,0,7
2367902,Idriss Diomande,idriss-diomande,353799,Singida Black Stars SC,6.82,34.1,5,0,1,0,1,,1,178,39,217,82.03,72,106,62,4,7,46.67,6,4,0,0,0,2,28.57,7,4,1,21,46.67,7,46.67,28,46.67,405,0.0,0,0,0,0,0,0,0,0,4,3,0,0,0,16,61.54,11,0,0,11,78,1,18,13,343,8,4,0,0,1,0,2,0,0,,,,1,0,0,0,0,3,1,0,0,0,0,0,4,0,0.0,4,15,7,32,8,0,0,0,26,4,3,50.0,0.0,0,0,0,82,135,0,,0,26,0,5
1170963,Bonheur Mugisha,bonheur-mugisha,43560,Al-Masry,6.82,40.9,6,1,0,0,0,,1,208,25,233,89.27,116,92,20,0,3,100.0,8,1,3,0,0,0,0.0,2,1,1,15,46.88,5,62.5,20,50.0,430,50.0,1,1,0,0,0,0,1,0,1,1,0,0,1,16,69.57,4,0,0,3,38,0,16,14,285,4,10,0,0,5,0,0,0,0,,,,1,0,0,0,0,5,1,0,0,0,0,0,5,100,0.0,0,3,0,20,3,0,0,0,23,6,2,25.0,430.0,0,0,0,126,107,0,,0,24,2,6
895060,Lebohang Maboe,lebohang-maboe,7663,Kaizer Chiefs,6.82,40.9,6,0,2,0,1,,1,186,40,226,82.3,79,107,43,4,2,33.33,7,8,1,0,0,2,16.67,2,0,2,14,46.67,7,43.75,21,45.65,438,0.0,0,0,0,0,0,0,0,0,0,2,0,0,0,7,31.82,4,0,0,7,71,2,19,7,301,5,4,1,0,1,0,0,0,0,,,,1,0,0,0,0,5,0,0,0,0,0,0,5,0,0.0,4,6,12,25,9,0,0,0,22,5,5,71.43,0.0,0,0,0,85,141,0,,0,40,1,6
1218753,Mounder Temine,mounder-temine,43560,Al-Masry,6.81,54.5,8,1,2,0,2,,3,112,46,158,70.89,32,80,43,5,3,37.5,3,0,0,0,0,0,0.0,18,9,6,9,30.0,28,63.64,37,50.0,524,5.56,0,0,1,0,0,0,1,0,17,1,0,0,1,0,0.0,4,0,0,10,83,3,3,1,236,3,7,0,0,2,2,3,0,0,,,,1,0,0,0,0,4,0,0,0,0,0,0,6,0,0.0,5,8,1,37,16,0,0,0,4,4,2,66.67,524.0,0,0,0,36,122,0,,0,9,1,8
1140930,Salaheddine Errahouli,salaheddine-errahouli,55037,Olympic Safi,6.8,68.0,10,2,1,0,1,,3,214,58,272,78.68,60,154,86,11,13,59.09,5,5,1,0,0,3,11.11,15,2,11,29,49.15,2,10.53,31,39.74,833,13.33,0,0,0,0,0,0,2,0,8,7,0,0,2,10,38.46,2,0,0,9,126,4,20,7,426,11,9,1,0,3,1,2,1,0,,,,1,0,0,0,0,6,0,0,0,0,0,0,10,0,0.0,10,22,27,47,17,0,0,0,26,6,5,100.0,416.5,0,0,0,67,205,0,,0,56,4,10
1873650,Charles Atipo,charles-atipo,275889,AS Otohô,6.8,47.6,7,1,1,0,1,,2,152,69,221,68.78,87,65,26,6,7,87.5,10,11,2,0,0,7,29.17,7,1,3,23,52.27,10,90.91,33,60.0,609,14.29,0,0,0,1,3,1,0,1,2,5,0,1,0,18,39.13,12,0,0,6,115,2,35,14,385,6,10,0,0,5,0,3,0,0,,,,1,0,0,0,0,8,0,0,0,0,0,0,7,0,33.33,6,8,24,22,1,0,0,0,46,8,8,80.0,609.0,0,0,0,110,111,1,,0,33,0,7
2367942,Ravelli Obembi,ravelli-obembi,275889,AS Otohô,6.8,47.6,7,1,0,0,0,,1,261,48,309,84.47,205,56,18,0,0,0.0,7,5,2,0,0,0,0.0,1,1,0,12,60.0,9,50.0,21,55.26,580,100.0,0,0,0,0,0,0,1,0,1,0,0,0,1,18,39.13,30,0,1,0,53,0,39,14,376,5,6,0,0,2,0,0,0,0,,,,0,0,0,0,0,6,0,0,0,0,0,0,6,0,0.0,0,0,0,17,9,0,0,0,46,6,5,71.43,580.0,0,0,0,219,90,0,,0,14,1,7
2245892,Yahya Omary Zayd,yahya-omary,212411,Azam FC,6.8,27.2,4,0,1,1,1,,1,88,17,105,83.81,47,41,19,5,3,100.0,4,5,0,0,0,1,100.0,2,1,1,12,63.16,8,61.54,20,62.5,244,0.0,0,0,0,0,0,0,0,0,1,1,0,0,0,8,53.33,7,1,0,1,20,1,12,8,143,5,6,0,0,1,0,0,0,0,,,,0,0,0,0,0,1,1,0,0,0,0,0,3,0,0.0,5,3,1,12,5,0,0,0,15,2,1,25.0,0.0,0,0,0,53,52,1,,0,16,0,4
2410688,Youssef Wael,youssef-wael,42368,Zamalek SC,6.8,6.8,1,0,0,0,0,,0,15,3,18,83.33,9,6,5,0,0,0.0,1,0,0,0,0,0,0.0,0,0,0,1,100.0,1,50.0,2,66.67,45,0.0,0,0,0,0,0,0,0,0,0,0,0,0,0,1,33.33,1,0,0,0,4,0,1,1,23,0,0,0,0,0,0,0,0,0,,,,0,0,0,0,0,0,0,0,0,0,0,0,1,0,0.0,0,0,0,1,1,0,0,0,3,0,1,100.0,0.0,0,0,0,10,8,0,,0,1,1,1
948390,Gadiel Michael Kamagi,gadiel-michael-kamagi,353799,Singida Black Stars SC,6.8,6.8,1,0,0,0,0,,0,3,1,4,75.0,1,2,1,0,0,0.0,0,0,0,0,0,0,0.0,0,0,0,0,0.0,0,0.0,0,0.0,10,0.0,0,0,0,0,0,0,0,0,0,0,0,0,0,0,0.0,0,0,0,0,2,0,1,0,7,0,0,0,0,0,0,0,0,0,,,,0,0,0,0,0,0,0,0,0,0,0,0,0,0,0.0,0,0,0,1,1,0,0,0,0,0,0,0.0,0.0,0,0,0,1,3,0,,0,0,1,1
881129,Solomon Sakala,solomon-sakala,191184,ZESCO United,6.8,6.8,1,0,0,0,0,,0,9,6,15,60.0,7,2,0,0,0,0.0,3,1,0,0,0,0,0.0,0,0,0,3,100.0,0,0.0,3,75.0,61,0.0,0,0,0,0,0,0,0,0,0,0,0,0,0,2,28.57,4,0,0,0,7,0,7,2,27,0,0,0,0,0,0,0,0,0,,,,0,0,0,0,0,1,0,0,0,0,0,0,1,0,0.0,0,0,1,1,1,0,0,0,7,1,3,100.0,0.0,0,0,0,7,8,0,,0,4,0,1
2137656,Bernard Jairo,bernard-jairo,257440,Nairobi United,6.8,6.8,1,0,0,0,0,,0,13,11,24,54.17,13,0,0,0,0,0.0,0,0,0,0,0,0,0.0,0,0,0,0,0.0,0,0.0,0,0.0,45,0.0,0,0,0,0,0,0,0,0,0,0,0,0,0,3,21.43,1,0,0,0,12,0,1,0,29,0,0,0,0,0,0,0,0,1,,,,0,0,0,1,0,0,0,0,2,2,0,0,0,0,0.0,0,0,0,0,0,0,0,0,14,0,0,0.0,0.0,0,0,0,14,10,0,,10,6,0,1
1064700,Asenele Velebayi,asenele-velebayi,7663,Kaizer Chiefs,6.8,13.6,2,0,1,0,0,,0,12,1,13,92.31,4,8,4,1,1,50.0,1,1,0,0,0,1,25.0,1,1,0,4,66.67,0,0.0,4,66.67,72,0.0,0,0,0,0,0,0,0,0,0,1,0,0,0,0,0.0,0,0,0,0,7,0,0,0,27,2,0,0,0,1,0,0,0,0,,,,0,0,0,0,0,1,0,0,0,0,0,0,0,0,0.0,1,2,4,2,0,0,0,0,0,1,1,100.0,0.0,0,0,0,4,9,0,,0,1,0,2
1140891,Abderrahmane Qassaq,abderrahmane-qassaq,55037,Olympic Safi,6.8,13.6,2,0,0,0,0,,0,26,5,31,83.87,7,19,13,2,3,60.0,1,1,0,0,0,0,0.0,2,1,1,4,66.67,0,0.0,4,57.14,49,0.0,0,0,0,0,0,0,0,0,1,1,0,0,0,2,50.0,0,0,0,0,12,0,0,0,49,0,0,0,0,0,0,0,0,0,,,,0,0,0,0,0,1,0,0,0,0,0,0,0,0,0.0,2,5,2,3,1,0,0,0,4,1,1,100.0,0.0,0,0,0,7,24,0,,0,5,0,2
1799139,Siviwe Nkwali,siviwe-nkwali,43555,Stellenbosch,6.8,13.6,2,0,0,0,0,,0,30,17,47,63.83,20,10,4,1,0,0.0,1,3,0,0,0,1,100.0,0,0,0,1,33.33,4,44.44,5,41.67,180,0.0,0,0,0,0,0,0,0,0,0,0,0,0,0,3,20.0,16,0,0,1,23,0,8,2,88,0,1,0,0,0,0,0,0,0,,,,1,0,0,0,0,1,0,0,0,0,0,0,2,0,0.0,1,0,1,7,5,0,0,0,15,1,0,0.0,0.0,0,0,0,23,24,0,,0,5,3,2
1391115,Adama Samake,adama-samake,69324,Djoliba AC,6.8,13.6,2,0,0,2,0,,0,18,3,21,85.71,7,11,7,3,0,0.0,2,0,0,0,0,2,18.18,2,0,2,4,57.14,0,0.0,4,57.14,62,0.0,0,0,0,0,0,0,0,0,2,0,0,0,0,1,100.0,0,0,0,1,15,0,0,0,48,2,0,0,0,0,0,0,0,0,,,,0,0,0,0,0,0,0,0,0,0,0,0,0,0,0.0,3,2,11,3,0,0,0,0,1,0,2,100.0,0.0,0,0,0,7,14,0,,0,4,0,2
1140815,Salah Moussadak,salah-moussadak,36268,Wydad Casablanca,6.8,20.4,3,0,0,1,0,,0,85,17,102,83.33,55,30,14,1,1,100.0,1,7,0,0,0,1,20.0,2,1,1,6,54.55,8,53.33,14,53.85,239,0.0,0,0,0,0,0,0,0,0,2,0,0,0,0,10,58.82,9,0,0,2,29,1,5,4,154,4,2,0,0,1,0,0,0,0,,,,1,0,0,0,0,3,0,0,0,0,0,0,2,0,0.0,1,1,5,12,7,0,0,0,17,3,1,100.0,0.0,0,0,0,61,41,0,,0,17,1,3
2002275,Joseph Bakasu,joseph-bakasu,36268,Wydad Casablanca,6.8,40.8,6,0,0,0,0,,0,126,27,153,82.35,69,57,20,4,0,0.0,12,4,1,0,0,0,0.0,4,0,3,27,56.25,7,53.85,34,55.74,375,0.0,0,0,0,0,0,0,0,0,1,3,0,0,0,3,33.33,6,0,0,8,54,2,8,2,237,15,12,0,0,1,0,1,0,0,,,,2,0,0,0,0,1,0,0,0,0,0,0,5,0,0.0,4,1,2,27,6,0,0,0,9,1,8,66.67,0.0,0,0,0,75,78,0,,0,23,3,6
1515818,Abderrahmane Bekkour,abderrahmane-bekkour,42207,CR Belouizdad,6.8,40.8,6,0,0,0,0,,0,186,31,217,85.71,128,58,14,0,1,100.0,9,9,0,0,0,0,0.0,0,0,0,12,60.0,12,60.0,24,60.0,405,0.0,0,0,0,1,0,0,0,0,0,0,0,0,0,30,68.18,21,0,0,0,35,2,16,12,280,2,5,0,0,3,0,0,0,0,,,,2,0,0,0,0,4,1,0,0,0,0,0,4,0,0.0,0,1,1,16,8,0,0,0,44,5,5,55.56,0.0,0,0,0,144,73,0,,0,17,3,7
1899004,Mohamed Ibrahim,mohamed-ibrahim-hassan,42368,Zamalek SC,6.8,54.4,8,0,0,0,0,,0,119,29,148,80.41,75,44,17,2,4,66.67,12,5,0,0,0,2,40.0,0,0,0,21,61.76,0,0.0,21,60.0,596,0.0,0,0,0,0,0,0,0,0,0,0,0,0,0,5,33.33,18,0,0,5,63,0,9,5,287,5,5,0,0,2,0,0,0,0,,,,1,0,0,0,0,3,1,0,0,0,0,0,7,0,0.0,2,6,5,14,1,0,0,0,15,4,10,83.33,0.0,0,0,0,85,63,0,,0,26,1,8
919699,Saad Morsli,morsli-saad,55037,Olympic Safi,6.79,47.5,7,0,0,0,0,,0,120,54,174,68.97,55,65,21,2,1,20.0,16,4,0,0,0,4,21.05,5,1,3,25,62.5,1,50.0,26,61.9,465,0.0,0,0,0,0,0,0,0,0,3,2,0,0,0,6,19.35,10,0,0,6,90,3,23,5,298,8,4,0,0,1,0,1,0,0,,,,2,0,0,0,0,3,0,0,0,0,0,0,6,0,0.0,2,5,19,16,1,0,0,0,31,3,11,68.75,0.0,0,0,0,75,99,0,,0,35,4,7
785917,Kabaso Chongo,kabaso-chongo,191184,ZESCO United,6.78,40.7,6,0,1,0,1,,1,200,49,249,80.32,129,71,24,2,3,100.0,5,7,0,0,0,1,33.33,2,1,1,13,46.43,12,57.14,25,51.02,540,0.0,0,0,0,0,0,0,0,0,1,1,0,0,0,32,50.79,25,0,0,2,57,0,29,11,322,5,5,0,0,8,0,0,0,0,,,,1,0,0,0,0,8,0,0,0,0,0,0,6,0,0.0,2,3,3,24,9,0,0,0,63,8,4,80.0,0.0,0,0,0,137,112,0,,0,30,3,6
997780,Haithem Loucif,loucif-haithem,42206,USM Alger,6.78,67.8,10,0,0,0,0,,0,317,69,386,82.12,180,137,58,4,4,50.0,14,11,2,0,0,1,11.11,0,0,0,22,51.16,9,47.37,31,50.0,822,0.0,0,0,0,0,0,0,0,0,0,0,0,0,0,29,45.31,19,0,1,4,114,1,26,13,568,4,6,0,0,7,1,0,0,0,,,,5,0,0,0,0,7,0,0,0,0,0,0,9,0,0.0,4,8,9,31,10,0,0,0,64,7,13,92.86,0.0,0,0,0,204,182,0,,0,41,1,12
2368444,Peter Musukuma,peter-musukuma,191184,ZESCO United,6.78,27.1,4,1,0,0,0,,1,55,11,66,83.33,15,40,27,2,0,0.0,5,1,1,0,0,0,0.0,7,2,4,6,54.55,1,9.09,7,31.82,194,14.29,0,0,0,0,0,0,1,0,4,3,0,1,0,1,100.0,1,0,0,2,17,2,1,1,95,1,2,0,0,0,0,1,0,0,,,,0,0,0,0,0,4,0,0,0,0,0,0,2,0,0.0,2,1,0,15,10,0,0,0,1,4,4,80.0,194.0,0,0,0,15,51,0,,0,5,0,4
1402635,Soulaimane El Bouchqali,soulaimane-el-bouchqali,55037,Olympic Safi,6.78,54.2,8,0,1,1,1,,1,216,62,278,77.7,82,134,65,8,10,58.82,7,2,1,0,0,5,31.25,10,1,7,21,40.38,1,20.0,22,38.6,616,0.0,0,0,0,0,0,0,0,0,4,6,0,0,0,19,52.78,9,0,0,6,105,4,35,16,383,4,10,0,0,8,1,2,0,0,,,,1,0,0,0,0,4,1,0,0,0,0,0,7,0,0.0,8,17,16,35,4,0,0,0,36,5,2,28.57,0.0,0,0,0,96,182,0,,0,40,0,8
1210560,Walid Nassi,walid-nassi,36268,Wydad Casablanca,6.77,47.4,7,1,2,1,2,,3,39,18,57,68.42,9,30,19,4,2,40.0,3,1,1,0,0,2,40.0,3,2,1,14,53.85,3,37.5,17,50.0,239,33.33,0,0,0,0,0,0,1,0,2,1,0,0,1,1,14.29,1,0,0,3,38,2,5,1,105,9,3,0,0,3,1,0,0,0,,,,0,0,0,0,0,3,0,0,0,0,0,0,2,0,0.0,4,5,5,17,5,0,0,0,7,3,2,66.67,239.0,0,0,0,13,44,0,,1,12,0,7
1382386,Jeancy Lita,jeancy-lita,281329,Maniema Union,6.77,40.6,6,0,0,0,0,,0,72,42,114,63.16,44,28,10,0,2,66.67,5,5,1,0,0,0,0.0,1,0,0,10,62.5,5,45.45,15,55.56,403,0.0,0,0,0,0,0,0,0,0,1,0,0,0,0,13,30.95,48,0,1,1,48,1,19,6,194,3,2,1,0,2,0,1,0,0,,,,1,0,0,0,0,3,0,0,0,0,0,0,4,0,0.0,0,3,0,12,6,0,0,0,42,3,2,40.0,0.0,0,0,0,55,59,0,,1,9,2,6
2002262,Chadoma Mukeni,chadoma-mukeni,281329,Maniema Union,6.76,54.1,8,1,0,0,2,,3,80,16,96,83.33,24,56,37,8,5,62.5,4,1,1,0,0,3,20.0,6,2,4,17,47.22,6,33.33,23,42.59,309,16.67,0,0,0,0,1,0,1,0,3,3,1,0,0,7,50.0,3,0,1,8,43,1,12,8,163,8,7,0,0,1,0,0,0,0,,,,0,0,0,0,0,2,0,0,0,0,0,0,3,0,0.0,8,8,15,31,12,0,0,0,14,2,4,100.0,309.0,0,0,0,25,71,0,,0,10,2,8
1861908,Khalid Habibu,khalid-habibu,353799,Singida Black Stars SC,6.76,33.8,5,0,0,0,0,,0,118,36,154,76.62,55,63,28,0,0,0.0,3,4,0,0,0,0,0.0,2,1,1,16,51.61,8,53.33,24,52.17,362,0.0,0,0,0,0,0,0,0,0,0,2,0,0,0,13,48.15,10,0,1,3,49,0,22,12,209,13,11,0,0,2,0,0,0,0,,,,1,0,0,0,0,4,1,0,0,0,0,0,5,0,0.0,0,1,2,22,7,0,0,0,27,5,2,66.67,0.0,0,0,0,66,88,0,,0,19,2,5
1537340,Bandiougou Diallo,bandiougou-diallo,275889,AS Otohô,6.75,54.0,8,2,0,1,1,,3,86,29,115,74.78,32,54,30,5,9,60.0,3,0,3,0,0,0,0.0,15,6,8,28,47.46,11,32.35,39,41.94,591,13.33,0,0,0,0,3,0,2,0,11,4,0,0,2,1,20.0,2,0,0,11,55,6,3,1,204,17,14,1,0,1,4,1,0,0,,,,0,0,0,0,0,8,0,0,0,0,0,0,7,0,0.0,5,15,0,54,23,0,0,0,5,8,2,66.67,295.5,0,0,0,37,78,0,,0,21,0,8
2190122,Dillon Solomons,dillan-solomons,7663,Kaizer Chiefs,6.75,40.5,6,1,0,0,0,,1,97,30,127,76.38,49,48,28,3,2,20.0,6,4,1,0,0,2,18.18,4,1,3,15,48.39,4,44.44,19,47.5,385,25.0,0,0,0,0,0,0,1,0,3,1,0,1,0,6,35.29,9,0,0,3,67,0,14,7,236,7,4,0,0,1,0,0,0,0,,,,1,0,0,0,0,4,0,0,0,0,0,0,5,0,0.0,3,10,11,21,5,0,0,0,17,4,6,100.0,385.0,0,0,0,63,64,0,,0,19,0,6
894744,Thembinkosi Lorch,thembinkosi-lorch,36268,Wydad Casablanca,6.75,27.0,4,0,2,2,2,,2,85,25,110,77.27,23,62,43,4,1,33.33,0,1,0,0,0,0,0.0,4,1,3,5,50.0,0,0.0,5,45.45,202,0.0,0,0,0,0,0,0,0,0,3,1,0,0,0,2,50.0,0,0,0,2,39,4,11,6,140,4,0,0,0,1,2,0,0,0,,,,0,0,0,0,0,1,0,0,0,0,0,0,2,0,0.0,4,3,6,6,1,0,0,0,4,1,0,0.0,0.0,0,0,0,26,84,0,,0,9,0,4
1389684,Yoro Mamadou Diaby,yoro-mamadou-diaby,212411,Azam FC,6.75,27.0,4,0,0,0,1,,1,165,36,201,82.09,107,58,25,1,2,50.0,3,3,2,0,0,0,0.0,5,1,4,10,52.63,5,55.56,15,53.57,344,0.0,0,0,0,0,1,0,0,0,3,2,0,0,0,28,50.91,15,0,0,0,39,0,26,11,245,5,7,0,0,2,0,0,0,0,,,,0,0,0,0,0,5,1,0,0,0,0,0,4,0,0.0,1,4,0,13,4,0,0,0,55,6,2,66.67,0.0,0,0,0,113,88,0,,6,17,1,4
1389847,Lamine Jarjou,lamine-jarjou,353799,Singida Black Stars SC,6.75,40.5,6,0,1,0,0,,0,62,22,84,73.81,16,46,24,5,8,47.06,7,2,1,0,0,3,25.0,3,1,2,29,55.77,1,12.5,30,50.0,324,0.0,0,0,1,0,0,0,0,0,3,0,0,0,0,3,60.0,2,0,0,5,64,3,3,0,182,14,5,0,0,4,1,0,0,0,,,,1,0,0,0,0,1,1,0,0,0,0,0,4,0,0.0,5,17,12,30,7,0,0,0,5,2,3,42.86,0.0,0,0,0,18,66,0,,0,10,0,6
918721,Ahmed Ayman Mansour,ahmed-ayman-mansour,43560,Al-Masry,6.74,47.2,7,0,1,0,1,,1,205,36,241,85.06,127,78,26,2,2,66.67,7,13,0,0,0,1,16.67,0,0,0,13,48.15,5,27.78,18,40.0,479,0.0,0,0,0,1,0,0,0,0,0,0,0,0,0,22,52.38,26,0,0,0,43,0,22,13,327,4,8,0,0,7,0,0,0,0,,,,2,0,0,0,0,5,1,0,0,0,0,0,5,0,0.0,2,3,6,27,13,0,0,0,42,6,6,85.71,0.0,0,0,0,132,109,1,,1,26,3,7
1140800,Yassine Kordani,yassine-kordani,55037,Olympic Safi,6.74,47.2,7,0,0,0,0,,0,95,33,128,74.22,69,26,6,0,0,0.0,2,10,0,0,0,0,0.0,0,0,0,5,45.45,5,45.45,10,45.45,394,0.0,0,0,0,0,0,0,0,0,0,0,0,0,0,22,52.38,29,0,1,0,35,0,17,11,189,3,2,0,0,4,0,0,0,0,,,,1,0,0,0,0,3,1,0,0,0,0,0,4,0,0.0,0,0,0,12,6,0,0,0,42,4,2,100.0,0.0,0,0,0,84,44,0,,0,15,4,7
967150,Mohamed Makhlouf,mohamed-makhlouf,43560,Al-Masry,6.73,20.2,3,0,0,0,0,,0,65,20,85,76.47,30,35,16,1,1,100.0,4,4,1,0,0,1,12.5,0,0,0,8,57.14,0,0.0,8,57.14,160,0.0,0,0,0,0,0,0,0,0,0,0,0,0,0,6,40.0,2,0,0,3,34,1,18,8,121,3,1,0,0,2,0,0,0,0,,,,0,0,0,0,0,0,0,0,0,0,0,0,2,0,0.0,1,1,8,6,0,0,0,0,15,0,4,100.0,0.0,0,0,0,36,49,0,,0,9,1,3
894962,Wayde Jooste,wayde-jooste,43555,Stellenbosch,6.73,20.2,3,0,0,0,0,,0,28,12,40,70.0,9,19,10,2,1,50.0,4,1,0,0,0,1,5.56,1,0,0,8,61.54,4,50.0,12,57.14,133,0.0,0,0,0,0,0,0,0,0,1,0,0,0,0,2,40.0,0,0,0,1,41,1,3,1,91,3,3,0,0,0,1,1,0,0,,,,0,0,0,0,0,4,0,0,0,0,0,0,2,0,0.0,2,2,18,9,4,0,0,0,5,4,4,100.0,0.0,0,0,0,12,28,0,,0,4,0,3
1831807,Safi Eddine Atmania,safi-eddine-atmania,42206,USM Alger,6.73,20.2,3,0,0,0,0,,0,51,8,59,86.44,47,4,0,0,1,100.0,0,1,0,0,0,0,0.0,0,0,0,2,28.57,6,66.67,8,50.0,118,0.0,0,0,0,0,0,0,0,0,0,0,0,0,0,0,0.0,12,0,0,0,10,0,0,0,81,1,4,0,0,1,0,0,0,0,,,,1,0,0,0,0,0,0,0,0,0,0,0,1,0,0.0,0,1,0,8,3,0,0,0,8,0,0,0.0,0.0,0,0,0,49,10,0,,1,4,3,4
894771,Paseka Mako,paseka-mako,7663,Kaizer Chiefs,6.73,26.9,4,0,0,0,0,,0,72,9,81,88.89,40,32,18,0,0,0.0,3,1,0,0,0,0,0.0,1,0,1,6,66.67,2,66.67,8,66.67,192,0.0,0,0,0,0,0,0,0,0,0,1,0,0,0,1,50.0,6,0,0,0,20,0,5,2,120,3,2,0,0,0,0,0,0,0,,,,0,0,0,0,0,2,0,0,0,0,0,0,1,0,0.0,0,1,3,4,1,0,0,0,2,2,3,100.0,0.0,0,0,0,41,40,0,,0,7,0,4
1103606,Zuberi Foba Masudi,zuberi-foba-masudi,212411,Azam FC,6.73,26.9,4,0,0,0,0,,0,96,28,124,77.42,83,13,4,0,0,0.0,0,0,0,0,0,0,0.0,0,0,0,2,100.0,2,100.0,4,100.0,360,0.0,0,0,0,0,0,0,0,0,0,0,0,0,0,22,44.9,4,0,0,0,31,0,23,14,161,3,0,0,0,0,0,0,0,6,,,,1,0,0,4,2,3,1,1,2,2,6,0,4,0,0.0,0,0,0,0,0,0,0,0,49,4,0,0.0,0.0,0,0,0,92,32,0,,17,32,0,4
2368447,Yaya Sangare,yaya-sangare,69324,Djoliba AC,6.73,26.9,4,0,0,0,0,,0,143,26,169,84.62,90,53,19,2,2,25.0,12,6,1,0,0,2,40.0,0,0,0,17,43.59,6,75.0,23,48.94,360,0.0,0,0,0,0,0,0,0,0,0,0,0,0,0,2,33.33,9,0,0,3,47,1,9,5,268,3,8,0,0,5,0,0,0,0,,,,2,0,0,0,0,4,0,0,0,0,0,0,4,0,0.0,2,8,5,24,2,0,0,0,6,4,10,83.33,0.0,0,0,0,101,68,0,,0,19,0,4
943787,Himid Mao Mkami,himid-mao-mkami,212411,Azam FC,6.72,40.3,6,0,0,2,0,,0,161,29,190,84.74,104,57,19,2,3,60.0,15,8,1,0,0,0,0.0,5,0,4,25,59.52,7,43.75,32,55.17,513,0.0,0,0,0,0,3,0,0,0,2,3,0,0,0,14,63.64,3,0,0,4,41,2,8,4,257,8,10,1,0,2,0,1,0,0,,,,2,0,0,0,0,5,1,0,0,0,0,0,6,0,0.0,2,5,1,26,9,0,0,0,22,6,10,66.67,0.0,0,0,0,112,78,0,,0,21,0,6
1004515,Hamza Hamiani,hamza-hamiani,55037,Olympic Safi,6.71,53.7,8,0,0,0,0,,0,73,91,164,44.51,44,29,5,0,0,0.0,0,0,1,1,1,0,0.0,0,0,0,1,100.0,4,100.0,5,100.0,710,0.0,0,0,0,0,0,0,0,0,0,0,0,0,0,47,34.31,10,0,0,0,93,0,17,10,229,1,0,0,0,0,0,0,0,23,,,,2,0,0,17,6,5,1,5,3,3,5,0,8,0,0.0,0,0,0,0,0,0,0,0,137,6,0,0.0,0.0,0,1,1,60,104,1,,74,61,0,8
927648,Glody Likonza,glody-likonza,42206,USM Alger,6.71,80.5,12,1,1,1,0,,1,188,42,230,81.74,105,83,26,4,3,75.0,13,7,0,0,0,0,0.0,8,1,6,22,47.83,6,54.55,28,49.12,425,12.5,0,0,0,0,0,0,0,1,5,3,0,1,0,9,50.0,7,1,0,6,66,4,13,8,312,6,12,0,0,5,0,1,0,0,,,,0,0,0,0,0,5,0,0,0,0,0,0,4,0,0.0,4,4,3,29,5,0,0,0,18,5,5,38.46,425.0,0,0,0,115,115,0,,0,34,2,12
2368692,Mohamed Bouderbala,mohamed-bouderbala,42206,USM Alger,6.7,33.5,5,1,0,0,0,,1,40,15,55,72.73,12,28,15,2,2,33.33,5,0,1,0,0,0,0.0,3,1,0,11,47.83,1,25.0,12,44.44,167,33.33,0,0,0,0,0,0,0,1,2,1,0,0,1,3,75.0,0,0,0,2,34,3,1,1,96,4,4,0,0,2,2,2,0,0,,,,0,0,0,0,0,1,0,0,0,0,0,0,1,0,0.0,2,6,5,15,3,0,0,0,4,1,1,20.0,167.0,0,0,0,15,40,1,,0,11,0,6
2368150,Dancan Omala,dancan-omala,257440,Nairobi United,6.7,40.2,6,1,0,1,0,,1,40,26,66,60.61,11,29,16,5,1,100.0,2,1,0,0,0,3,21.43,8,3,5,5,33.33,4,40.0,9,36.0,453,12.5,0,0,0,0,0,0,0,1,3,5,0,0,1,1,25.0,6,0,0,2,60,1,6,1,151,2,5,0,0,3,4,0,0,0,,,,0,0,0,0,0,8,1,0,0,0,0,0,6,0,0.0,5,1,14,16,6,0,0,0,4,9,2,100.0,453.0,0,0,0,17,49,0,,0,12,1,6
187153,Endri Çekiçi,endri-cekici,42207,CR Belouizdad,6.7,13.4,2,0,1,0,1,,1,23,4,27,85.19,12,11,6,1,0,0.0,3,1,0,0,0,0,0.0,1,1,0,5,55.56,2,50.0,7,53.85,126,0.0,0,0,0,0,0,0,0,0,0,1,0,0,0,1,50.0,0,0,0,1,12,1,1,1,46,2,2,0,0,2,1,0,0,0,,,,0,0,0,0,0,2,1,0,0,0,0,0,2,0,0.0,1,0,1,6,2,0,0,0,2,3,1,33.33,0.0,0,0,0,14,13,0,,0,4,0,2
2002223,Mahamadou Sissoko,mahamadou-sissoko,69324,Djoliba AC,6.7,26.8,4,0,1,0,1,,1,55,15,70,78.57,20,35,23,4,2,22.22,1,1,0,0,0,6,26.09,4,2,0,6,33.33,0,0.0,6,31.58,212,0.0,0,0,0,0,0,0,0,0,1,3,0,0,0,3,75.0,0,0,0,2,45,1,4,3,125,3,2,0,0,1,0,2,0,0,,,,0,0,0,0,0,3,0,0,0,0,0,0,3,0,0.0,4,9,23,13,1,0,0,0,4,3,1,100.0,0.0,0,0,0,23,47,0,,0,13,0,4
982609,Clement Kanoute,clement-kanoute,69324,Djoliba AC,6.7,26.8,4,0,0,0,1,,1,169,34,203,83.25,143,26,7,2,1,100.0,3,4,0,0,0,1,100.0,1,0,1,5,41.67,10,71.43,15,57.69,360,0.0,0,0,0,0,0,0,0,0,1,0,0,0,0,8,27.59,19,0,0,0,35,1,17,7,239,1,7,0,0,0,0,0,0,0,,,,2,0,0,0,0,4,0,0,0,0,0,0,4,0,0.0,2,1,1,11,4,0,0,0,29,4,3,100.0,0.0,0,0,0,154,49,0,,0,18,0,4
1195802,Naïm Byar,naim-byar,36268,Wydad Casablanca,6.7,6.7,1,0,0,0,0,,0,28,3,31,90.32,13,15,4,1,0,0.0,0,0,0,0,0,0,0.0,0,0,0,0,0.0,1,100.0,1,50.0,65,0.0,0,0,0,0,0,0,0,0,0,0,0,0,0,1,50.0,0,0,0,0,4,0,3,2,32,0,1,0,0,0,0,0,0,0,,,,0,0,0,0,0,0,0,0,0,0,0,0,1,0,0.0,1,0,0,1,0,0,0,0,2,0,0,0.0,0.0,0,0,0,14,17,0,,0,3,0,1
881123,Thabo Cele,thabo-cele,7663,Kaizer Chiefs,6.7,6.7,1,0,0,0,0,,0,47,11,58,81.03,22,25,11,2,0,0.0,3,1,0,0,0,1,100.0,0,0,0,5,45.45,1,100.0,6,50.0,80,0.0,0,0,0,0,0,0,0,0,0,0,0,0,0,1,33.33,1,0,0,0,14,0,8,5,72,2,2,0,0,2,0,0,0,0,,,,0,0,0,0,0,1,0,0,0,0,0,0,1,0,0.0,2,2,1,6,0,0,0,0,3,1,2,66.67,0.0,0,0,0,25,33,0,,0,3,0,1
1541793,Kamel Soufi,kamel-soufi,42206,USM Alger,6.7,6.7,1,0,0,0,0,,0,24,2,26,92.31,24,0,0,0,0,0.0,0,0,0,0,0,0,0.0,0,0,0,2,100.0,0,0.0,2,100.0,90,0.0,0,0,0,0,0,0,0,0,0,0,0,0,0,1,33.33,3,0,0,0,2,0,2,2,44,2,0,0,0,0,0,0,0,2,,,,0,0,0,2,0,2,0,0,3,3,0,0,1,0,0.0,0,0,0,0,0,0,0,0,3,2,0,0.0,0.0,0,0,1,24,2,0,,9,14,0,1
2460225,Zouzou Landry,zouzou-landry,212411,Azam FC,6.7,6.7,1,0,0,0,0,,0,2,1,3,66.67,1,1,1,0,1,100.0,0,0,0,0,0,0,0.0,0,0,0,1,100.0,0,0.0,1,100.0,14,0.0,0,0,0,0,0,0,0,0,0,0,0,0,0,0,0.0,1,0,0,0,3,0,0,0,9,0,0,0,0,0,0,0,0,0,,,,0,0,0,0,0,0,0,0,0,0,0,0,0,0,0.0,0,1,1,0,0,0,0,0,0,0,0,0.0,0.0,0,0,0,1,2,0,,0,0,0,1
157089,Brahim Boudebouda,brahim-boudebouda,42206,USM Alger,6.7,6.7,1,0,0,0,0,,0,34,12,46,73.91,16,18,11,0,0,0.0,0,1,0,0,0,0,0.0,2,0,2,0,0.0,2,100.0,2,50.0,90,0.0,0,0,0,0,0,0,0,0,2,0,0,0,0,2,50.0,5,0,0,0,19,0,4,3,76,0,1,0,0,1,0,0,0,0,,,,1,0,0,0,0,0,0,0,0,0,0,0,1,0,0.0,0,0,3,2,0,0,0,0,4,0,0,0.0,0.0,0,0,0,18,28,0,,0,0,0,1
2367912,Jeampy Kabamba,jeampy-kabamba,281329,Maniema Union,6.7,6.7,1,0,0,0,0,,0,7,2,9,77.78,2,5,0,0,0,0.0,2,1,0,0,0,0,0.0,0,0,0,2,28.57,2,100.0,4,44.44,61,0.0,0,0,0,0,0,0,0,0,0,0,0,0,0,1,50.0,0,0,0,1,3,0,1,0,18,1,4,0,0,0,0,0,0,0,,,,0,0,0,0,0,0,0,0,0,0,0,0,1,0,0.0,0,0,0,5,0,0,0,0,2,0,1,50.0,0.0,0,0,0,2,7,0,,0,1,0,1
2399061,Ernest Mohammed,ernest-mohammed,257440,Nairobi United,6.7,6.7,1,0,0,0,0,,0,22,17,39,56.41,19,3,2,0,0,0.0,0,0,0,0,0,0,0.0,0,0,0,0,0.0,0,0.0,0,0.0,90,0.0,0,0,0,0,0,0,0,0,0,0,0,0,0,8,33.33,3,0,0,0,18,0,8,3,54,0,0,0,1,0,0,0,0,3,,,,0,0,0,1,2,2,0,1,0,0,1,0,1,0,0.0,0,0,0,0,0,0,0,0,24,2,0,0.0,0.0,0,0,1,22,17,0,,13,15,0,1
1086261,Sibongiseni Mthethwa,sibongiseni-mthethwa,7663,Kaizer Chiefs,6.7,13.4,2,0,0,0,0,,0,94,13,107,87.85,47,47,14,1,1,100.0,7,2,0,0,0,0,0.0,0,0,0,8,57.14,2,33.33,10,50.0,163,0.0,0,0,0,0,0,0,0,0,0,0,0,0,0,2,28.57,1,0,0,1,17,1,6,3,131,0,3,0,0,2,0,0,0,0,,,,0,0,0,0,0,3,0,0,0,0,0,0,2,0,0.0,1,1,0,10,4,0,0,0,7,3,5,71.43,0.0,0,0,0,52,55,0,,0,12,1,2
1130502,Karim L'Koucha,karim-lkoucha,55037,Olympic Safi,6.7,13.4,2,0,0,0,0,,0,16,6,22,72.73,6,10,4,1,0,0.0,5,0,1,0,0,0,0.0,1,1,0,7,58.33,0,0.0,7,53.85,91,0.0,0,0,0,0,0,0,0,0,1,0,0,0,0,0,0.0,3,0,0,1,14,0,1,0,45,2,1,0,0,1,0,0,0,0,,,,0,0,0,0,0,1,0,0,0,0,0,0,1,0,0.0,1,2,4,6,1,0,0,0,2,1,3,60.0,0.0,0,0,0,9,13,0,,0,2,0,2
948389,Deus Kaseke,deus-kaseke,353799,Singida Black Stars SC,6.7,6.7,1,0,0,0,0,,0,4,4,8,50.0,1,3,2,1,0,0.0,0,0,0,0,0,0,0.0,1,1,0,0,0.0,0,0.0,0,0.0,16,0.0,0,0,0,0,0,0,0,0,0,1,0,0,0,1,50.0,0,0,0,0,5,0,2,1,12,0,0,0,0,0,0,0,0,0,,,,0,0,0,0,0,0,0,0,0,0,0,0,0,0,0.0,1,0,1,0,0,0,0,0,2,0,0,0.0,0.0,0,0,0,1,7,0,,0,0,0,2
2368137,Koffi Wilfried,koffi-wilfried,238206,FC San Pedro,6.7,13.4,2,0,0,0,0,,0,11,1,12,91.67,4,7,4,0,0,0.0,1,0,0,0,0,0,0.0,1,0,1,1,100.0,0,0.0,1,100.0,36,0.0,0,0,0,0,0,0,0,0,1,0,0,0,0,1,100.0,0,0,0,0,1,0,1,1,15,0,0,0,0,0,0,0,0,0,,,,0,0,0,0,0,1,0,0,0,0,0,0,0,0,0.0,0,0,0,0,0,0,0,0,1,1,0,0.0,0.0,0,0,0,4,8,0,,0,2,0,2
2368124,Adams Nyambane,adams-nyambane,257440,Nairobi United,6.7,6.7,1,0,0,0,0,,0,3,3,6,50.0,0,3,2,0,0,0.0,1,0,0,0,0,0,0.0,2,0,2,1,100.0,0,0.0,1,100.0,22,0.0,0,0,0,0,0,0,0,0,0,2,0,0,0,1,100.0,0,0,0,0,4,0,2,0,10,0,0,0,0,0,0,0,0,0,,,,0,0,0,0,0,0,0,0,0,0,0,0,0,0,0.0,0,0,0,0,0,0,0,0,1,0,1,100.0,0.0,0,0,0,0,6,0,,0,1,0,2
2368128,Brian Magare,brian-magare,257440,Nairobi United,6.7,13.4,2,0,0,0,0,,0,33,9,42,78.57,24,9,3,0,0,0.0,2,1,0,0,0,0,0.0,0,0,0,3,42.86,3,50.0,6,46.15,95,0.0,0,0,0,0,0,0,0,0,0,0,0,0,0,2,66.67,1,0,0,0,10,0,3,1,52,1,1,0,0,3,0,0,0,0,,,,0,0,0,0,0,1,0,0,0,0,0,0,1,0,0.0,0,0,0,7,3,0,0,0,3,1,0,0.0,0.0,0,0,0,28,14,0,,0,6,0,2
982421,Brendon Moloisane,brendon-moloisane,43555,Stellenbosch,6.7,20.1,3,0,0,0,0,,0,51,23,74,68.92,45,6,2,0,0,0.0,6,2,2,0,0,0,0.0,2,0,1,7,58.33,6,75.0,13,65.0,270,0.0,0,0,0,0,0,0,0,0,2,0,0,0,0,4,19.05,24,0,0,0,35,0,10,3,129,1,5,0,0,0,1,1,0,0,,,,1,0,0,0,0,3,0,0,0,0,0,0,3,0,0.0,0,1,0,7,2,0,0,0,21,3,4,66.67,0.0,0,0,0,51,23,0,,0,9,3,3
1015094,Lindo Thembinkosi Mkhonta,lindo-thembinkosi-mkhonta,191184,ZESCO United,6.7,20.1,3,0,1,0,0,,0,80,21,101,79.21,39,41,21,3,1,50.0,4,0,1,0,0,4,40.0,4,2,1,7,41.18,2,33.33,9,39.13,248,0.0,0,0,0,0,0,0,0,0,2,2,0,0,0,10,47.62,3,0,0,1,35,2,16,7,150,2,4,0,0,4,1,1,0,0,,,,0,0,0,0,0,5,0,0,0,0,0,0,3,0,0.0,3,2,10,14,4,0,0,0,21,5,4,100.0,0.0,0,0,0,42,59,0,,0,13,0,3
2368133,Franck Yoan,franck-yoan,238206,FC San Pedro,6.7,20.1,3,0,1,0,0,,0,75,14,89,84.27,48,27,11,1,0,0.0,3,3,0,0,0,0,0.0,1,0,0,10,76.92,2,33.33,12,63.16,195,0.0,0,0,0,0,0,0,0,0,1,0,0,0,0,6,54.55,10,0,0,0,24,0,3,2,140,8,1,0,0,2,0,1,0,0,,,,0,0,0,0,0,6,0,0,0,0,0,0,3,0,0.0,1,0,4,7,4,0,0,0,11,6,2,66.67,0.0,0,0,0,53,36,0,,1,8,1,3
2368445,Philip Sakauta,philip-sakauta,191184,ZESCO United,6.7,20.1,3,0,0,0,0,,0,48,19,67,71.64,43,5,1,0,0,0.0,0,0,0,0,0,0,0.0,0,0,0,0,0.0,2,100.0,2,100.0,270,0.0,0,0,0,0,0,0,0,0,0,0,0,0,0,12,38.71,3,0,0,0,22,0,3,1,98,1,0,0,0,0,0,0,0,8,,,,0,0,0,7,1,5,0,1,2,2,0,0,3,0,0.0,0,0,0,0,0,0,0,0,31,5,0,0.0,0.0,0,0,1,45,22,0,,27,27,0,3
918728,Hassan Ali,hassan-ali,43560,Al-Masry,6.7,33.5,5,0,0,0,0,,0,105,31,136,77.21,51,54,27,2,2,33.33,12,2,1,0,0,2,22.22,3,0,0,26,61.9,1,20.0,27,57.45,369,0.0,0,0,0,0,1,0,0,0,1,2,0,0,0,3,27.27,2,0,0,5,58,2,19,8,215,12,5,0,0,2,0,3,0,0,,,,0,0,0,0,0,6,0,0,0,0,0,0,5,0,0.0,2,6,9,20,4,0,0,0,11,6,6,50.0,0.0,0,0,0,55,81,0,,0,17,0,5
1023351,Leonard Mulenga,leonard-mulenga,191184,ZESCO United,6.7,33.5,5,0,0,0,0,,0,146,31,177,82.49,61,85,43,3,2,40.0,5,1,1,0,0,0,0.0,4,2,2,10,47.62,9,56.25,19,51.35,450,0.0,0,0,0,0,0,0,0,0,1,3,0,0,0,10,52.63,12,0,0,2,45,1,18,8,242,3,3,0,0,3,0,0,0,0,,,,1,0,0,0,0,6,0,0,0,0,0,0,5,0,0.0,3,5,2,18,7,0,0,0,19,6,2,40.0,0.0,0,0,0,67,110,0,,0,28,1,5
2367915,Jordi Mukoko,jordi-mukoko,281329,Maniema Union,6.7,46.9,7,0,0,0,0,,0,103,43,146,70.55,44,59,32,2,3,75.0,14,6,1,0,0,0,0.0,5,1,1,22,51.16,16,55.17,38,52.78,601,0.0,0,0,0,0,0,0,0,0,1,4,0,0,0,10,37.04,8,0,0,8,67,3,17,9,230,5,10,0,0,2,0,3,0,0,,,,1,0,0,0,0,5,0,0,0,0,0,0,7,0,0.0,2,4,1,34,13,0,0,0,27,5,10,71.43,0.0,0,0,0,52,94,0,,0,30,0,7
920458,Oday Dabbagh,oday-dabbagh,42368,Zamalek SC,6.69,80.3,12,4,0,4,0,,4,161,44,205,78.54,70,91,52,10,4,36.36,7,8,1,0,0,3,42.86,22,9,10,24,44.44,7,30.43,31,40.26,847,18.18,1,1,0,0,0,0,4,0,15,7,0,2,2,4,40.0,3,0,0,9,92,3,5,4,330,13,11,1,0,6,10,3,0,0,,,,1,0,0,0,0,3,2,0,0,0,0,0,9,100,0.0,10,11,7,46,16,0,0,0,10,5,5,71.43,211.75,0,0,0,79,126,0,,0,35,0,12
1469677,Gosim Elenga,gosim-elenga,275889,AS Otohô,6.69,53.5,8,1,0,1,1,,2,178,30,208,85.58,68,110,44,5,5,55.56,5,1,0,0,0,1,100.0,15,4,7,19,57.58,3,21.43,22,46.81,653,6.67,0,0,0,0,0,0,0,1,5,10,0,0,1,9,75.0,3,0,0,5,60,3,17,10,296,9,7,0,0,0,0,4,0,0,,,,1,0,0,0,0,8,0,0,0,0,0,0,8,0,0.0,5,9,1,25,11,0,0,0,12,8,3,60.0,653.0,0,0,0,73,135,0,,0,25,0,8
918996,Seifeddine Jaziri,seifeddine-jaziri,42368,Zamalek SC,6.69,46.8,7,2,0,0,0,,2,36,15,51,70.59,14,22,8,1,1,12.5,3,0,1,0,0,0,0.0,6,2,4,9,40.91,6,54.55,15,45.45,306,33.33,0,0,0,0,1,0,2,0,5,1,0,0,2,2,50.0,1,0,0,4,42,0,0,0,103,5,1,1,0,1,2,0,0,0,,,,0,0,0,0,0,0,2,0,0,0,0,0,4,0,0.0,1,8,1,18,5,0,0,0,4,2,1,33.33,153.0,0,0,0,15,36,0,,1,4,0,8
1019136,Pule Mmodi,pule-mmodi,7663,Kaizer Chiefs,6.68,40.1,6,1,1,0,0,,1,119,29,148,80.41,46,73,40,3,3,21.43,8,1,0,0,0,2,40.0,3,1,1,15,35.71,2,33.33,17,35.42,458,33.33,0,0,0,0,0,0,1,0,3,0,0,0,1,11,64.71,2,0,0,9,68,2,13,9,227,4,5,0,0,2,1,1,0,0,,,,2,0,0,0,0,5,0,0,0,0,0,0,6,0,0.0,3,14,5,31,4,0,0,0,17,5,5,62.5,458.0,0,0,0,52,96,0,,0,32,1,6
1424605,Mahmoud Bentayg,bentayg-mahmoud,42368,Zamalek SC,6.68,40.1,6,0,0,0,0,,0,81,24,105,77.14,49,32,10,2,1,100.0,12,5,1,1,1,1,50.0,1,1,0,14,63.64,1,14.29,15,51.72,308,0.0,0,0,0,0,1,0,0,0,0,1,0,0,0,2,20.0,10,0,0,2,37,0,13,8,178,1,5,0,0,1,0,0,0,0,,,,1,0,0,0,0,1,1,0,0,0,0,0,3,0,0.0,2,1,2,14,6,0,0,0,10,2,8,66.67,0.0,0,0,0,57,48,0,,0,10,0,6
159677,Omar Gaber,omar-gaber,42368,Zamalek SC,6.68,40.1,6,0,1,0,0,,0,120,19,139,86.33,56,64,27,4,0,0.0,3,4,1,0,0,2,20.0,1,0,1,6,37.5,3,37.5,9,37.5,365,0.0,0,0,0,0,0,0,0,0,1,0,0,0,0,1,12.5,18,0,0,0,35,0,6,2,223,3,8,0,0,2,0,0,0,0,,,,2,0,0,0,0,1,1,0,0,0,0,0,4,0,0.0,4,1,10,15,5,0,0,0,8,2,3,100.0,0.0,0,0,0,61,78,1,,0,6,1,6
2368294,Keffa Tangara,keffa-tangara,69324,Djoliba AC,6.68,40.1,6,0,1,1,0,,0,57,32,89,64.04,27,30,23,7,4,44.44,10,1,0,0,0,7,28.0,5,1,2,18,40.91,2,50.0,20,41.67,283,0.0,0,0,0,0,0,0,0,0,4,1,0,0,0,2,40.0,1,0,0,7,73,4,4,0,173,4,11,0,0,4,2,2,0,0,,,,0,0,0,0,0,4,0,0,0,0,0,0,3,0,0.0,7,9,25,28,2,0,0,0,5,4,8,80.0,0.0,0,0,0,34,55,0,,0,17,0,6
1173530,Mostafa Mahmoud Al Aash,mostafa-el-aash,43560,Al-Masry,6.68,26.7,4,0,0,0,0,,0,109,38,147,74.15,60,49,25,1,3,30.0,6,3,0,0,0,1,14.29,2,1,1,12,46.15,11,73.33,23,56.1,290,0.0,0,0,0,0,0,0,0,0,1,1,0,0,0,12,57.14,14,0,0,1,62,0,18,9,221,3,5,0,0,1,0,0,0,0,,,,1,0,0,0,0,2,1,0,0,0,0,0,3,0,0.0,1,10,7,18,4,0,0,0,21,3,5,83.33,0.0,0,0,0,75,72,0,,0,15,2,4
1607328,Amas Obasogie,amas-obasogie,353799,Singida Black Stars SC,6.68,26.7,4,0,0,0,0,,0,84,36,120,70.0,73,11,5,0,0,0.0,1,0,0,0,0,0,0.0,0,0,0,2,66.67,0,0.0,2,66.67,331,0.0,0,0,0,0,0,0,0,0,0,0,0,0,0,21,36.84,4,1,0,0,40,0,11,6,147,1,0,0,0,1,0,0,0,2,,,,1,0,0,2,0,3,1,3,3,3,0,0,3,0,0.0,0,0,0,1,0,0,0,0,57,4,1,100.0,0.0,0,0,2,76,44,0,,28,36,0,4
930586,Salim Boukhenchouche,salim-boukhenchouche,42207,CR Belouizdad,6.68,53.4,8,0,0,1,0,,0,239,33,272,87.87,134,105,34,1,6,60.0,16,8,5,0,0,0,0.0,2,1,0,29,39.19,14,56.0,43,43.43,666,0.0,0,0,0,0,0,0,0,0,2,0,0,0,0,14,70.0,12,0,1,10,67,1,17,11,382,7,23,0,0,8,0,1,0,0,,,,3,0,0,0,0,3,0,0,0,0,0,0,8,0,0.0,1,10,1,56,11,0,0,0,20,3,13,81.25,0.0,0,0,0,148,124,1,,0,51,2,8
119192,Wissam Ben Yedder,wissam-ben-yedder,36268,Wydad Casablanca,6.67,40.0,6,1,0,1,0,,1,64,25,89,71.91,22,42,23,2,1,100.0,2,0,0,0,0,0,0.0,6,3,2,7,41.18,2,28.57,9,37.5,232,16.67,0,0,1,0,0,0,1,0,5,1,0,0,1,1,25.0,0,0,0,5,40,0,6,2,121,4,4,0,0,1,1,1,0,0,,,,0,0,0,0,0,2,0,0,0,0,0,0,3,0,0.0,2,1,0,15,5,0,0,0,4,2,2,100.0,232.0,0,0,0,25,64,0,,0,8,0,6
918640,Karim Bambo,karim-bambo,43560,Al-Masry,6.67,40.0,6,1,0,0,0,,1,12,5,17,70.59,3,9,4,1,2,33.33,0,0,0,0,0,0,0.0,2,1,0,4,40.0,0,0.0,4,36.36,103,50.0,0,0,0,0,0,0,1,0,2,0,0,0,1,0,0.0,1,0,0,1,15,0,1,0,39,2,0,0,0,1,2,1,0,0,,,,0,0,0,0,0,1,1,0,0,0,0,0,0,0,0.0,1,6,1,7,1,0,0,0,2,2,0,0.0,103.0,0,0,0,4,13,0,,0,3,0,7
871737,Ahmed Hamdi,ahmed-hamdi,42368,Zamalek SC,6.67,20.0,3,0,0,0,0,,0,39,8,47,82.98,11,28,14,2,0,0.0,0,1,0,0,0,0,0.0,0,0,0,1,33.33,0,0.0,1,33.33,79,0.0,0,0,0,0,0,0,0,0,0,0,0,0,0,1,33.33,0,0,0,0,13,0,3,1,57,1,0,0,0,0,0,0,0,0,,,,0,0,0,0,0,1,0,0,0,0,0,0,1,0,0.0,2,2,1,2,0,0,0,0,3,1,0,0.0,0.0,0,0,0,12,35,0,,0,2,0,3
1931397,Abdelmalek Kelaleche,abdelmalek-kelaleche,42207,CR Belouizdad,6.67,20.0,3,0,0,0,0,,0,26,7,33,78.79,16,10,5,0,2,100.0,1,0,1,0,0,0,0.0,0,0,0,3,42.86,0,0.0,3,33.33,63,0.0,0,0,0,0,0,0,0,0,0,0,0,0,0,2,40.0,0,0,0,1,13,1,4,1,43,0,1,0,0,2,0,0,0,0,,,,0,0,0,0,0,0,0,0,0,0,0,0,1,0,0.0,0,2,2,6,2,0,0,0,5,0,1,100.0,0.0,0,0,0,16,17,0,,0,8,0,3
2002239,Amadou Soumaré,amadou-soumare,69324,Djoliba AC,6.67,40.0,6,0,0,0,0,,0,118,29,147,80.27,39,79,32,4,8,80.0,9,6,0,0,0,1,14.29,6,1,3,24,60.0,8,61.54,32,60.38,453,0.0,0,0,0,0,0,0,0,0,4,2,0,0,0,2,40.0,2,0,0,5,60,2,1,0,231,8,6,1,0,4,1,2,0,0,,,,1,0,0,0,0,6,0,0,0,0,0,0,5,0,0.0,4,10,7,21,5,0,0,0,5,6,6,66.67,0.0,0,0,0,43,104,0,,0,25,2,6
1002467,Ibraheem Jabaar,ibraheem-jabaar,43555,Stellenbosch,6.66,33.3,5,0,0,0,0,,0,86,27,113,76.11,40,46,20,2,1,50.0,7,7,1,0,0,0,0.0,1,0,0,18,54.55,5,45.45,23,52.27,394,0.0,0,0,0,0,0,0,0,0,0,1,0,0,0,9,47.37,6,0,0,4,38,1,10,4,175,10,6,0,0,4,0,1,0,0,,,,0,0,0,0,0,6,0,0,0,0,0,0,5,0,0.0,2,2,1,21,6,0,0,0,19,6,5,71.43,0.0,0,0,0,47,66,0,,0,24,0,5
2367941,Koumou Keita,koumou-keita,275889,AS Otohô,6.66,33.3,5,0,0,0,0,,0,58,16,74,78.38,30,28,12,1,0,0.0,4,5,1,0,0,0,0.0,0,0,0,6,60.0,3,50.0,9,56.25,195,0.0,0,0,0,0,0,0,0,0,0,0,0,0,0,11,68.75,10,0,0,0,29,0,7,5,138,2,3,0,0,1,0,0,0,0,,,,0,0,0,0,0,3,0,0,0,0,0,0,2,0,0.0,1,0,3,7,3,0,0,0,16,3,2,50.0,0.0,0,0,0,35,39,0,,0,9,0,6
2452972,Alpha Karamoko,alpha-karamoko,238206,FC San Pedro,6.65,26.6,4,1,0,0,0,,1,72,28,100,72.0,23,49,25,3,9,56.25,5,1,0,0,0,1,100.0,5,2,2,18,56.25,1,33.33,19,54.29,269,20.0,0,0,0,0,0,0,1,0,3,2,0,0,1,3,37.5,1,0,0,5,55,4,4,2,163,4,1,0,0,1,0,1,0,0,,,,0,0,0,0,0,6,1,0,0,0,0,0,4,0,0.0,3,16,1,16,2,0,0,0,8,7,1,20.0,269.0,0,0,0,31,69,0,,0,18,0,4
918604,Baher El Mohamady,baher-el-mohamady,43560,Al-Masry,6.65,13.3,2,0,0,0,0,,0,67,10,77,87.01,55,12,2,0,0,0.0,3,2,0,0,0,0,0.0,1,0,1,4,50.0,2,66.67,6,54.55,160,0.0,0,0,0,1,0,0,0,0,0,1,0,0,0,5,41.67,7,0,0,0,13,0,7,2,95,1,1,0,0,1,0,0,0,0,,,,1,0,0,0,0,1,0,0,0,0,0,0,2,0,0.0,0,2,0,5,1,0,0,0,12,1,0,0.0,0.0,0,0,0,60,17,0,,0,9,0,2
1018478,Housseyn Selmi,housseyn-selmi,42207,CR Belouizdad,6.65,13.3,2,0,0,0,0,,0,55,7,62,88.71,40,15,8,0,0,0.0,1,0,0,0,0,0,0.0,0,0,0,1,16.67,1,100.0,2,28.57,104,0.0,0,0,0,0,0,0,0,0,0,0,0,0,0,3,75.0,2,0,0,1,10,0,3,2,75,0,4,0,0,1,0,0,0,0,,,,0,0,0,0,0,2,1,0,0,0,0,0,2,0,0.0,0,0,1,5,0,0,0,0,4,3,1,100.0,0.0,0,0,0,46,16,0,,0,5,2,2
959537,Ovella Ochieng,ovella-ochieng,257440,Nairobi United,6.65,13.3,2,0,0,0,0,,0,9,2,11,81.82,5,4,2,1,0,0.0,2,0,0,0,0,1,16.67,1,1,0,4,50.0,0,0.0,4,50.0,70,0.0,0,0,0,0,0,0,0,0,0,1,0,0,0,0,0.0,0,0,0,0,11,0,0,0,27,2,0,0,0,1,0,0,0,0,,,,0,0,0,0,0,2,0,0,0,0,0,0,1,0,0.0,1,3,6,4,0,0,0,0,1,2,2,100.0,0.0,0,0,0,5,6,0,,0,1,0,2
1515571,Koffi Jean Arriel,koffi-jean-arriel,238206,FC San Pedro,6.65,13.3,2,0,0,0,0,,0,8,6,14,57.14,3,5,2,0,0,0.0,1,0,0,0,0,0,0.0,1,0,1,3,60.0,5,83.33,8,72.73,63,0.0,0,0,0,0,0,0,0,0,1,0,0,0,0,1,100.0,1,0,0,0,8,0,3,2,24,2,2,0,0,0,1,0,0,0,,,,0,0,0,0,0,1,0,0,0,0,0,0,0,0,0.0,0,0,1,3,1,0,0,0,1,1,1,100.0,0.0,0,0,0,3,11,0,,0,1,0,2
895063,Siphesihle Ndlovu,siphesihle-ndlovu,7663,Kaizer Chiefs,6.65,26.6,4,0,0,0,0,,0,107,18,125,85.6,56,51,18,3,3,75.0,9,5,1,0,0,0,0.0,1,0,0,16,48.48,4,66.67,20,51.28,311,0.0,0,0,0,0,0,0,0,0,0,1,0,0,0,2,28.57,1,0,0,7,33,0,4,3,174,4,8,0,0,2,0,1,0,0,,,,1,0,0,0,0,3,0,0,0,0,0,0,4,0,0.0,3,4,2,19,2,0,0,0,7,3,4,44.44,0.0,0,0,0,60,65,0,,0,22,0,4
1400635,Omar El Saaiy,omar-el-saaiy,43560,Al-Masry,6.64,33.2,5,0,1,0,0,,0,27,9,36,75.0,9,18,10,2,3,33.33,3,4,0,0,0,1,33.33,5,0,3,11,40.74,2,100.0,13,44.83,104,0.0,0,0,0,0,0,0,0,0,1,4,0,0,0,3,50.0,3,0,0,4,26,0,6,5,80,5,2,0,0,4,0,2,0,0,,,,0,0,0,0,0,0,0,0,0,0,0,0,0,0,0.0,2,9,3,16,0,0,0,0,6,0,1,33.33,0.0,0,0,0,11,25,0,,0,6,0,5
2024680,Zidane Sereri,zidane-sereri,212411,Azam FC,6.64,33.2,5,0,0,1,0,,0,42,13,55,76.36,18,24,15,2,0,0.0,2,1,0,0,0,2,50.0,5,1,3,10,66.67,4,40.0,14,56.0,281,0.0,0,0,0,0,0,0,0,0,4,1,0,0,0,2,66.67,2,0,0,1,23,2,0,0,93,8,2,0,0,2,2,1,0,0,,,,0,0,0,0,0,2,0,0,0,0,0,0,3,0,0.0,2,0,4,11,6,0,0,0,3,2,1,50.0,0.0,0,0,0,21,34,0,,0,19,0,5
1482303,Levin Opiyo,levin-opiyo,191184,ZESCO United,6.63,19.9,3,0,0,0,0,,0,48,33,81,59.26,33,15,3,0,0,0.0,0,0,1,0,0,0,0.0,0,0,0,0,0.0,4,100.0,4,100.0,270,0.0,0,0,0,0,0,0,0,0,0,0,0,0,0,23,41.07,4,0,0,0,35,0,9,6,111,2,0,0,0,0,0,0,0,5,,,,1,0,0,4,1,3,0,3,1,1,7,0,3,0,0.0,0,0,0,0,0,0,0,0,56,3,0,0.0,0.0,0,0,0,40,41,0,,25,30,0,3
923869,Samy Farnese Mampembe,samy-farnese-mampembe,275889,AS Otohô,6.63,19.9,3,0,0,0,0,,0,50,13,63,79.37,23,27,12,0,3,75.0,2,0,0,0,0,0,0.0,3,1,1,11,50.0,2,66.67,13,52.0,199,0.0,0,0,0,0,0,0,0,0,2,1,0,0,0,3,100.0,0,0,0,6,27,0,2,0,96,6,3,0,0,1,0,1,0,0,,,,0,0,0,0,0,1,0,0,0,0,0,0,3,0,0.0,0,4,1,12,1,0,0,0,3,1,2,100.0,0.0,0,0,0,29,34,0,,0,4,0,3
2368439,Fils Vitalis Gantar,fils-vitalis-gantar,191184,ZESCO United,6.63,19.9,3,0,0,0,0,,0,81,21,102,79.41,52,29,13,1,0,0.0,1,1,0,0,0,1,100.0,1,0,1,2,18.18,7,87.5,9,47.37,220,0.0,0,0,0,0,0,0,0,0,1,0,0,0,0,19,61.29,10,1,0,1,25,0,16,8,125,1,6,0,0,2,0,0,0,0,,,,0,0,0,0,0,5,0,0,0,0,0,0,3,0,0.0,1,0,1,10,1,0,0,0,31,5,1,100.0,0.0,0,0,0,57,45,0,,0,10,1,3
1106666,Adam Kaied,adam-kaied,42368,Zamalek SC,6.63,59.7,9,0,0,1,0,,0,76,22,98,77.55,30,46,19,3,4,66.67,5,2,1,0,0,1,20.0,3,0,2,13,48.15,5,62.5,18,51.43,357,0.0,0,0,1,0,0,0,0,0,3,0,0,0,0,1,16.67,5,0,0,4,41,1,5,2,157,4,5,1,0,4,3,1,0,0,,,,0,0,0,0,0,2,1,0,0,0,0,0,4,0,0.0,3,6,5,17,3,0,0,0,6,3,4,80.0,0.0,0,0,0,35,63,0,,0,11,2,9
191192,Mohamed Chemlal,mohamed-chemlal,55037,Olympic Safi,6.63,26.5,4,0,2,0,1,,1,27,9,36,75.0,15,12,6,3,0,0.0,1,0,0,0,0,2,33.33,2,1,1,3,50.0,2,100.0,5,62.5,120,0.0,0,0,0,0,0,0,0,0,2,0,0,0,0,2,100.0,0,0,0,1,16,0,1,0,54,2,1,0,0,0,0,0,0,0,,,,0,0,0,0,0,2,0,0,0,0,0,0,1,0,0.0,3,1,6,3,0,0,0,0,2,2,1,100.0,0.0,0,0,0,16,20,0,,0,8,0,5
918622,Naser Mansi,naser-mansi,42368,Zamalek SC,6.63,53.0,8,0,1,1,1,,1,62,32,94,65.96,19,43,23,2,1,20.0,7,1,1,0,0,1,50.0,14,6,6,13,48.15,15,46.88,28,47.46,462,0.0,0,0,0,0,0,0,0,0,10,4,0,0,0,2,50.0,7,0,0,0,54,1,2,2,159,5,11,0,0,0,7,2,0,0,,,,0,0,0,0,0,2,0,0,0,0,0,0,5,0,0.0,2,5,2,31,17,0,0,0,4,2,5,71.43,0.0,0,0,0,22,72,0,,0,9,0,8
1096751,Devin Titus,devin-titus,43555,Stellenbosch,6.63,26.5,4,0,0,0,0,,0,31,14,45,68.89,13,18,12,3,1,33.33,2,1,0,0,0,1,25.0,2,1,0,11,68.75,0,0.0,11,64.71,213,0.0,0,0,0,0,0,0,0,0,0,2,0,0,0,2,25.0,0,0,0,2,31,3,4,2,85,8,1,0,0,0,2,1,0,0,,,,0,0,0,0,0,3,0,0,0,0,0,0,2,0,0.0,3,3,4,6,1,0,0,0,8,3,0,0.0,0.0,0,0,0,15,30,0,,0,11,0,4
1802002,Mthetheleli Mthiyane,mthetheleli-mthiyane,43555,Stellenbosch,6.63,26.5,4,0,0,0,0,,0,88,28,116,75.86,46,42,16,1,1,100.0,7,1,0,0,0,0,0.0,2,0,0,9,36.0,6,50.0,15,40.54,270,0.0,0,0,0,0,1,0,0,0,1,1,0,0,0,13,44.83,9,0,1,6,43,1,18,6,161,1,5,0,0,5,0,2,0,0,,,,1,0,0,0,0,3,0,0,0,0,0,0,2,0,0.0,1,1,1,22,6,0,0,0,29,3,5,71.43,0.0,0,0,0,56,60,0,,0,29,0,4
1126829,Kazie Godswill,kazie-godswill,43555,Stellenbosch,6.63,26.5,4,0,0,0,0,,0,104,46,150,69.33,53,51,22,0,0,0.0,12,5,1,0,0,1,33.33,1,0,1,16,69.57,13,65.0,29,67.44,360,0.0,0,0,0,0,0,0,0,0,1,0,0,0,0,14,31.82,11,0,0,0,65,1,21,9,232,4,4,0,0,4,0,0,0,0,,,,1,0,0,0,0,8,0,0,0,0,0,0,4,0,0.0,0,0,3,14,7,0,0,0,44,8,9,75.0,0.0,0,0,0,61,89,0,,0,22,1,4
2002214,Boua Kané,boua-kane,69324,Djoliba AC,6.63,26.5,4,0,0,2,0,,0,72,28,100,72.0,28,44,22,5,8,42.11,8,6,0,0,0,3,23.08,8,3,3,23,45.1,4,33.33,27,42.86,347,0.0,0,0,0,0,0,0,0,0,4,4,0,0,0,1,25.0,0,0,0,6,74,1,3,2,209,7,7,0,0,5,1,2,0,0,,,,1,0,0,0,0,4,0,0,0,0,0,0,4,0,0.0,5,19,13,36,8,0,0,0,4,4,5,62.5,0.0,0,0,0,32,68,0,,0,22,0,4
1198256,Bilal Boukerchaoui,bilal-boukerchaoui,42207,CR Belouizdad,6.62,59.6,9,0,0,0,1,,1,113,33,146,77.4,50,63,32,3,4,33.33,12,5,3,0,0,2,40.0,2,1,0,22,44.0,3,37.5,25,43.1,372,0.0,0,0,0,0,0,0,0,0,1,1,0,0,0,11,64.71,5,0,0,5,63,2,19,11,226,7,13,0,0,3,1,1,0,0,,,,0,0,0,0,0,2,0,0,0,0,0,0,3,0,0.0,3,12,5,33,5,0,0,0,17,2,9,75.0,0.0,0,0,0,58,88,0,,0,15,0,9
1500988,Anas Mkhair,anas-mkhair,55037,Olympic Safi,6.62,39.7,6,0,0,0,0,,0,107,40,147,72.79,60,47,15,3,1,50.0,13,5,1,0,0,0,0.0,0,0,0,15,57.69,7,43.75,22,52.38,315,0.0,0,0,0,1,0,0,0,0,0,0,0,0,0,11,33.33,11,0,0,2,45,1,17,7,200,1,7,0,0,2,0,0,0,0,,,,1,0,0,0,0,3,1,0,0,0,0,0,3,0,0.0,3,2,0,20,9,0,0,0,33,4,7,53.85,0.0,0,0,0,73,74,0,,1,20,1,7
2002263,Christian Balako,christian-balako,281329,Maniema Union,6.61,52.9,8,1,0,3,0,,1,26,22,48,54.17,7,19,11,3,1,50.0,1,0,1,0,0,0,0.0,5,3,2,9,34.62,15,46.88,24,41.38,250,20.0,0,0,0,0,0,0,1,0,5,0,0,0,1,1,100.0,2,0,0,5,39,2,0,0,87,7,10,0,0,1,5,0,0,0,,,,0,0,0,0,0,0,0,0,0,0,0,0,3,0,0.0,3,2,1,34,17,0,0,0,1,0,0,0.0,250.0,0,0,0,10,38,1,,0,7,0,8
2421647,Lofti Boussouar,lofti-boussouar,42207,CR Belouizdad,6.61,66.1,10,1,1,2,1,,2,96,43,139,69.06,31,65,33,9,2,40.0,12,4,2,0,0,2,33.33,10,5,5,20,43.48,15,33.33,35,38.46,561,10.0,0,0,0,0,0,0,0,1,5,5,0,1,0,6,46.15,7,0,0,5,77,1,11,5,235,6,18,0,0,3,2,0,0,0,,,,0,0,0,0,0,3,0,0,0,0,0,0,7,0,0.0,9,5,6,56,30,0,0,0,13,3,8,66.67,561.0,0,0,0,38,101,1,,0,10,0,10
2368132,Dramane Kamagate,dramane-kamagate,42206,USM Alger,6.6,79.2,12,3,0,5,1,,4,99,33,132,75.0,24,75,44,8,7,36.84,1,2,0,0,0,1,50.0,25,11,8,11,22.0,9,33.33,20,25.97,843,12.0,0,0,0,0,0,0,3,0,18,7,1,1,1,3,100.0,6,0,0,14,87,4,3,3,249,3,12,0,0,2,7,6,0,0,,,,1,0,0,0,0,8,0,0,0,0,0,0,10,0,0.0,8,19,2,57,18,0,0,0,3,8,1,100.0,281.0,0,0,0,27,105,1,,0,21,0,12
340511,Mohamed Rayhi,mohamed-rayhi,36268,Wydad Casablanca,6.6,26.4,4,1,1,1,0,,1,11,4,15,73.33,4,7,5,1,0,0.0,1,1,0,0,0,0,0.0,3,1,1,1,12.5,1,50.0,2,20.0,81,33.33,0,0,0,0,0,0,1,0,3,0,0,1,0,0,0.0,2,0,0,0,12,0,0,0,36,0,2,0,0,3,1,1,0,0,,,,0,0,0,0,0,1,0,0,0,0,0,0,1,0,0.0,1,2,1,8,1,0,0,0,1,1,1,100.0,81.0,0,0,0,5,10,0,,0,0,0,4
1083120,Wilfrid Nkaya,whylfrid-nkaya,275889,AS Otohô,6.6,6.6,1,0,1,0,1,,1,7,6,13,53.85,4,3,1,3,1,20.0,0,1,0,0,0,1,100.0,1,1,0,1,14.29,0,0.0,1,12.5,62,0.0,0,0,0,0,0,0,0,0,1,0,0,0,0,1,50.0,0,0,0,1,14,0,1,1,26,0,1,0,0,0,0,0,0,0,,,,0,0,0,0,0,0,0,0,0,0,0,0,1,0,0.0,3,5,1,7,1,0,0,0,2,0,0,0.0,0.0,0,0,0,6,7,0,,0,4,0,1
1007579,Riad Benayad,riad-benayad,42206,USM Alger,6.6,39.6,6,0,2,0,1,,1,38,9,47,80.85,10,28,13,2,3,42.86,1,0,0,0,0,1,33.33,5,0,1,7,41.18,2,50.0,9,42.86,142,0.0,0,0,0,0,1,0,0,0,2,3,0,0,0,0,0.0,2,0,0,1,22,1,2,1,79,3,2,0,0,3,1,4,0,0,,,,0,0,0,0,0,3,0,0,0,0,0,0,1,0,0.0,2,7,3,12,2,0,0,0,0,3,0,0.0,0.0,0,0,0,11,36,0,,0,3,0,7
1961586,Mohamed Hamad,mohamed-shehata,42368,Zamalek SC,6.6,6.6,1,0,0,0,0,,0,4,0,4,100.0,0,4,3,0,0,0.0,0,0,0,0,0,0,0.0,0,0,0,0,0.0,0,0.0,0,0.0,12,0.0,0,0,0,0,0,0,0,0,0,0,0,0,0,1,100.0,0,0,0,0,2,0,1,1,6,0,0,0,0,0,0,0,0,0,,,,0,0,0,0,0,0,0,0,0,0,0,0,0,0,0.0,0,0,2,0,0,0,0,0,1,0,0,0.0,0.0,0,0,0,0,4,0,,0,0,0,1
1103604,Nassor Saadun Hamoud,nassor-saadun-hamoud,212411,Azam FC,6.6,6.6,1,0,0,0,0,,0,1,0,1,100.0,1,0,0,0,1,50.0,0,0,0,0,0,0,0.0,1,1,0,2,40.0,1,33.33,3,37.5,11,0.0,0,0,0,0,0,0,0,0,1,0,0,0,0,0,0.0,0,0,0,1,3,1,0,0,9,1,1,0,0,0,0,0,0,0,,,,0,0,0,0,0,0,0,0,0,0,0,0,0,0,0.0,0,2,0,5,2,0,0,0,0,0,0,0.0,0.0,0,0,0,1,0,0,,0,1,0,1
1610724,Andrew Phiri,andrew-phiri,353799,Singida Black Stars SC,6.6,6.6,1,0,0,0,0,,0,1,1,2,50.0,0,1,1,1,0,0.0,1,0,0,0,0,0,0.0,0,0,0,1,100.0,0,0.0,1,100.0,12,0.0,0,0,0,0,0,0,0,0,0,0,0,0,0,0,0.0,0,0,0,0,1,0,0,0,3,0,0,0,0,0,0,0,0,0,,,,0,0,0,0,0,0,0,0,0,0,0,0,0,0,0.0,1,0,0,0,0,0,0,0,0,0,1,100.0,0.0,0,0,0,0,2,0,,0,0,0,1
2168673,Anthony Chiyuka,anthony-chiyuka,191184,ZESCO United,6.6,6.6,1,0,0,0,0,,0,7,2,9,77.78,0,7,4,0,0,0.0,0,0,0,0,0,0,0.0,0,0,0,0,0.0,0,0.0,0,0.0,12,0.0,0,0,0,0,0,0,0,0,0,0,0,0,0,0,0.0,0,0,0,0,3,0,1,0,11,0,0,0,0,0,0,0,0,0,,,,0,0,0,0,0,0,0,0,0,0,0,0,0,0,0.0,0,0,0,1,1,0,0,0,0,0,0,0.0,0.0,0,0,0,0,9,0,,0,1,0,1
990995,Prince Buregeya,prince-buregeya,257440,Nairobi United,6.6,6.6,1,0,0,0,0,,0,12,7,19,63.16,8,4,1,1,0,0.0,1,3,0,0,0,0,0.0,0,0,0,1,25.0,1,100.0,2,40.0,90,0.0,0,0,0,0,0,0,0,0,0,0,0,0,0,2,50.0,8,0,0,0,13,0,0,0,48,0,1,0,0,2,0,0,0,0,,,,0,0,0,0,0,2,1,0,0,0,0,0,1,0,0.0,1,0,0,3,0,0,0,0,4,3,1,100.0,0.0,0,0,0,14,5,0,,0,3,1,1
2369883,Christopher Mambote,christopher-mambote,281329,Maniema Union,6.6,6.6,1,0,0,0,0,,0,0,0,0,0.0,0,0,0,0,0,0.0,0,0,0,0,0,0,0.0,0,0,0,0,0.0,0,0.0,0,0.0,11,0.0,0,0,0,0,0,0,0,0,0,0,0,0,0,0,0.0,1,0,0,0,0,0,0,0,1,0,0,0,0,0,1,0,0,0,,,,0,0,0,0,0,0,0,0,0,0,0,0,0,0,0.0,0,0,0,0,0,0,0,0,0,0,0,0.0,0.0,0,0,0,0,0,0,,0,0,0,1
1187209,Anthony Tra Bi Tra,anthony-tra-bi-tra,353799,Singida Black Stars SC,6.6,13.2,2,0,0,0,0,,0,110,16,126,87.3,60,50,6,0,0,0.0,2,2,1,0,0,0,0.0,0,0,0,2,28.57,3,60.0,5,41.67,180,0.0,0,0,0,0,0,0,0,0,0,0,0,0,0,12,50.0,2,0,0,1,20,0,15,9,142,0,3,0,0,1,0,0,0,0,,,,0,0,0,0,0,3,0,0,0,0,0,0,2,0,0.0,0,0,0,7,2,0,0,0,24,3,2,100.0,0.0,0,0,0,63,63,0,,0,7,1,2
894949,Mosa Lebusa,mosa-lebusa,43555,Stellenbosch,6.6,13.2,2,0,0,0,0,,0,40,13,53,75.47,21,19,3,0,0,0.0,2,1,1,0,0,0,0.0,2,2,0,3,60.0,3,50.0,6,54.55,133,0.0,0,0,0,0,0,0,0,0,2,0,0,0,0,6,54.55,7,0,0,1,15,0,4,1,70,1,1,0,0,0,0,0,0,0,,,,0,0,0,0,0,3,0,0,0,0,0,0,2,0,0.0,0,0,0,5,3,0,0,0,11,3,2,100.0,0.0,0,0,0,22,31,0,,0,1,0,2
898716,Beranger Itoua,beranger-itoua,275889,AS Otohô,6.6,13.2,2,0,0,0,0,,0,38,6,44,86.36,34,4,0,0,0,0.0,1,0,1,0,0,0,0.0,1,0,1,1,33.33,1,50.0,2,40.0,54,0.0,0,0,0,0,0,0,0,0,1,0,0,0,0,1,16.67,6,0,0,0,6,0,3,1,53,0,1,0,0,1,0,0,0,0,,,,0,0,0,0,0,1,0,0,0,0,0,0,1,0,0.0,0,0,0,3,1,0,0,0,6,1,1,100.0,0.0,0,0,0,36,8,0,,0,3,0,2
1568178,James Akaminko,james-akaminko,212411,Azam FC,6.6,13.2,2,0,0,0,0,,0,19,5,24,79.17,11,8,3,1,0,0.0,1,1,0,0,0,0,0.0,1,0,1,4,44.44,0,0.0,4,36.36,77,0.0,0,0,0,0,0,0,0,0,1,0,0,0,0,1,33.33,4,0,0,0,6,0,4,2,36,3,2,0,0,3,0,0,0,0,,,,0,0,0,0,0,1,0,0,0,0,0,0,1,0,0.0,1,0,0,7,2,0,0,0,3,1,1,100.0,0.0,0,0,0,13,11,0,,0,3,0,2
1140806,Walid Rhailouf,walid-rhailouf,55037,Olympic Safi,6.6,13.2,2,0,0,0,0,,0,61,28,89,68.54,29,32,12,1,2,66.67,4,1,1,0,0,0,0.0,3,0,1,7,58.33,6,60.0,13,59.09,180,0.0,0,0,0,0,0,0,0,0,1,2,0,0,0,2,15.38,3,1,0,1,34,0,14,3,123,1,2,0,0,1,0,2,0,0,,,,1,0,0,0,0,1,0,0,0,0,0,0,2,0,0.0,1,3,2,9,4,0,0,0,13,1,3,75.0,0.0,0,0,0,33,56,0,,0,12,2,2
2367911,Barclet Bakadi,barclet-bakadi,281329,Maniema Union,6.6,13.2,2,0,0,0,0,,0,26,0,26,100.0,13,13,6,0,0,0.0,3,1,0,0,0,0,0.0,0,0,0,3,60.0,1,50.0,4,57.14,43,0.0,0,0,0,0,0,0,0,0,0,0,0,0,0,2,100.0,0,0,0,0,0,0,2,2,31,0,2,0,0,0,0,0,0,0,,,,0,0,0,0,0,1,0,0,0,0,0,0,0,0,0.0,0,0,0,3,1,0,0,0,2,1,1,33.33,0.0,0,0,0,13,13,0,,0,1,0,2
2452040,Malik Youla,malik-youla,238206,FC San Pedro,6.6,13.2,2,0,0,0,0,,0,12,1,13,92.31,5,7,3,2,0,0.0,2,1,0,0,0,0,0.0,0,0,0,3,60.0,0,0.0,3,50.0,26,0.0,0,0,0,0,0,0,0,0,0,0,0,0,0,1,100.0,0,0,0,1,5,0,1,1,23,1,1,0,0,0,0,0,0,0,,,,0,0,0,0,0,0,2,0,0,0,0,0,0,0,0.0,2,0,0,3,1,0,0,0,1,2,0,0.0,0.0,0,0,0,6,7,0,,0,3,0,2
1194332,Ayman El Wafi,el-wafi-ayman,36268,Wydad Casablanca,6.6,19.8,3,0,0,2,0,,0,81,11,92,88.04,60,21,6,1,0,0.0,0,3,1,0,0,0,0.0,2,0,2,2,50.0,7,50.0,9,50.0,244,0.0,0,0,0,0,0,0,0,0,2,0,0,0,0,6,50.0,18,0,1,1,12,0,3,2,126,2,1,0,0,0,0,0,0,0,,,,1,0,0,0,0,2,0,0,0,0,0,0,3,0,0.0,1,0,0,9,7,0,0,0,12,2,0,0.0,0.0,0,0,0,66,26,0,,2,6,0,3
822874,Kobamelo Kodisang,kobamelo-kodisang,43555,Stellenbosch,6.6,13.2,2,0,1,1,0,,0,26,8,34,76.47,7,19,10,6,0,0.0,1,1,0,0,0,3,42.86,3,1,2,4,80.0,2,50.0,6,66.67,92,0.0,0,0,0,0,0,0,0,0,3,0,0,0,0,2,50.0,0,0,0,1,17,1,4,1,55,3,0,0,0,0,0,0,0,0,,,,0,0,0,0,0,1,0,0,0,0,0,0,1,0,0.0,6,0,7,3,2,0,0,0,4,1,1,100.0,0.0,0,0,0,7,27,0,,0,7,0,3
1798512,Ahmad El Houari,ahmad-el-houari,55037,Olympic Safi,6.6,13.2,2,0,0,0,0,,0,9,2,11,81.82,6,3,2,0,0,0.0,0,0,1,0,0,0,0.0,0,0,0,3,60.0,0,0.0,3,50.0,26,0.0,0,0,0,0,0,0,0,0,0,0,0,0,0,3,100.0,0,0,0,0,2,0,3,1,15,3,2,0,0,1,0,0,0,0,,,,0,0,0,0,0,1,0,0,0,0,0,0,0,0,0.0,0,0,0,3,1,0,0,0,3,1,0,0.0,0.0,0,0,0,6,5,0,,0,3,0,3
2368127,Boubacar Traoré,boubacar-traore,275889,AS Otohô,6.6,13.2,2,0,0,0,0,,0,50,27,77,64.94,39,11,6,0,0,0.0,2,3,0,0,0,1,100.0,0,0,0,2,66.67,5,71.43,7,70.0,181,0.0,0,0,0,0,0,0,0,0,0,0,0,0,0,8,26.67,14,0,0,0,27,0,14,5,101,0,1,0,0,0,0,0,0,0,,,,0,0,0,0,0,3,0,0,0,0,0,0,2,0,0.0,0,0,1,3,2,0,0,0,30,3,2,100.0,0.0,0,0,0,44,33,0,,0,5,0,3
2451848,Mzee Mzee,mzee-mzee,212411,Azam FC,6.6,19.8,3,0,0,0,0,,0,3,2,5,60.0,1,2,2,1,3,100.0,0,0,0,0,0,0,0.0,1,0,1,4,57.14,0,0.0,4,50.0,33,0.0,0,0,0,0,0,0,0,0,1,0,0,0,0,0,0.0,0,0,0,3,9,1,0,0,18,1,0,0,0,0,0,0,0,0,,,,0,0,0,0,0,1,0,0,0,0,0,0,0,0,0.0,1,3,2,4,1,0,0,0,1,1,0,0.0,0.0,0,0,0,2,3,0,,0,5,0,3
1083232,Zacharia Chilongoshi,zacharia-chilongoshi,191184,ZESCO United,6.6,33.0,5,0,0,0,0,,0,109,38,147,74.15,47,62,37,7,3,42.86,7,7,1,0,0,3,50.0,2,0,2,21,63.64,3,37.5,24,58.54,405,0.0,0,0,0,0,0,0,0,0,0,2,0,0,0,5,33.33,6,0,0,0,57,2,9,3,247,11,8,0,0,2,3,0,0,0,,,,1,0,0,0,0,5,0,0,0,0,0,0,4,0,0.0,7,7,6,17,5,0,0,0,15,5,6,85.71,0.0,0,0,0,57,90,0,,0,19,1,5
2202274,Divin De Nzingoula,divin-de-nzingoula,275889,AS Otohô,6.6,33.0,5,0,0,0,0,,0,174,37,211,82.46,130,44,11,1,2,100.0,4,9,0,0,0,0,0.0,0,0,0,8,50.0,17,60.71,25,56.82,450,0.0,0,0,0,0,0,0,0,0,0,0,0,0,0,13,44.83,21,0,1,0,42,0,9,4,264,2,6,0,0,3,0,0,0,0,,,,1,0,0,0,0,6,0,0,0,0,0,0,5,0,0.0,1,2,0,19,11,0,0,0,29,6,3,75.0,0.0,0,0,0,144,67,0,,0,18,0,5
845610,Houari Ferhani,houari-ferhani,55037,Olympic Safi,6.6,52.8,8,0,2,0,0,,0,160,69,229,69.87,90,70,33,6,0,0.0,18,8,4,0,0,3,42.86,2,0,1,27,58.7,10,30.3,37,46.84,705,0.0,0,0,0,0,0,0,0,0,1,1,0,0,0,18,31.03,17,0,0,4,111,1,25,11,377,9,11,0,0,2,2,1,0,0,,,,1,0,0,0,0,6,1,0,0,0,0,0,8,0,0.0,6,2,7,42,23,0,0,0,58,7,13,72.22,0.0,0,0,0,113,116,1,,0,32,3,8
2002261,Abedi Bokomboli,abedi-bokomboli,281329,Maniema Union,6.6,52.8,8,0,0,0,0,,0,145,60,205,70.73,78,67,31,0,2,100.0,12,5,2,0,0,1,8.33,2,0,2,22,47.83,7,41.18,29,46.03,555,0.0,0,0,0,0,0,0,0,0,1,1,0,0,0,13,28.26,20,0,0,7,122,0,24,10,357,8,15,0,0,3,0,0,0,0,,,,1,0,0,0,0,5,0,0,0,0,0,0,6,0,0.0,0,2,12,34,10,0,0,0,46,5,8,66.67,0.0,0,0,0,94,111,0,,1,26,2,8
1525301,Faraji Karmoune,faraji-karmoune,55037,Olympic Safi,6.6,66.0,10,0,0,1,0,,0,183,93,276,66.3,130,53,23,3,6,100.0,10,21,1,0,0,1,33.33,3,0,3,21,60.0,4,44.44,25,56.82,887,0.0,0,0,0,1,0,0,0,0,3,0,0,0,0,32,33.33,53,0,0,3,105,2,49,16,410,5,6,0,0,5,1,0,0,0,,,,3,0,0,0,0,7,1,0,0,0,0,0,10,0,0.0,3,6,3,19,5,0,0,0,96,8,7,70.0,0.0,0,0,0,157,119,0,,3,39,9,10
1127732,Aimé Etane Tendeng,aime-etane-tendeng,42206,USM Alger,6.6,72.6,11,0,0,0,0,,0,200,27,227,88.11,79,121,55,9,3,33.33,16,4,2,0,0,2,40.0,8,0,7,34,45.33,4,33.33,38,43.68,602,0.0,0,0,0,0,0,0,0,0,4,4,0,0,0,6,66.67,1,0,0,12,73,2,3,2,333,15,17,0,0,7,0,1,0,0,,,,0,0,0,0,0,3,0,0,0,0,0,0,7,0,0.0,9,9,5,49,8,0,0,0,9,3,9,56.25,0.0,0,0,0,85,142,1,,0,28,1,11
1464159,Venold Dzaba,venold-dzaba,275889,AS Otohô,6.58,39.5,6,0,0,0,0,,0,120,43,163,73.62,52,68,26,3,0,0.0,4,4,1,0,0,1,50.0,5,0,2,12,44.44,11,52.38,23,47.92,345,0.0,0,0,0,0,0,0,0,0,3,2,0,0,0,4,33.33,5,0,0,3,51,2,12,4,216,8,9,0,0,3,0,3,0,0,,,,0,0,0,0,0,3,0,0,0,0,0,0,4,0,0.0,3,0,2,25,10,0,0,0,12,3,3,75.0,0.0,0,0,0,58,105,0,,0,17,1,6
2368157,Lesley Owino,lesley-owino,257440,Nairobi United,6.58,39.5,6,0,0,0,0,,0,117,50,167,70.06,70,47,21,0,3,42.86,8,4,0,0,0,1,16.67,3,1,2,14,34.15,1,33.33,15,34.09,513,0.0,0,0,0,0,0,0,0,0,1,2,0,0,0,13,35.14,6,0,0,8,75,3,25,8,235,3,11,0,0,4,0,0,0,0,,,,0,0,0,0,0,10,1,0,0,0,0,0,6,0,0.0,0,7,6,29,2,0,0,0,37,11,4,50.0,0.0,0,0,0,83,84,0,,0,26,2,6
1479046,Henri Stanic,henri-stanic,43555,Stellenbosch,6.58,32.9,5,0,0,1,0,,0,105,38,143,73.43,80,25,5,0,0,0.0,5,4,1,0,0,0,0.0,3,1,2,7,43.75,13,72.22,20,58.82,450,0.0,0,0,0,1,0,0,0,0,3,0,0,0,0,9,30.0,26,0,0,0,41,0,9,3,194,2,8,0,0,1,1,0,0,0,,,,1,0,0,0,0,9,0,0,0,0,0,0,5,0,0.0,0,0,0,14,5,0,0,0,30,9,5,100.0,0.0,0,0,0,93,50,0,,1,7,3,5
1179162,Genino Palace,genino-palace,43555,Stellenbosch,6.58,32.9,5,0,0,0,0,,0,75,22,97,77.32,32,43,20,1,1,50.0,5,4,0,0,0,0,0.0,2,0,1,8,44.44,3,50.0,11,45.83,326,0.0,0,0,0,0,0,0,0,0,1,1,0,0,0,3,37.5,8,0,0,0,28,1,9,6,139,2,5,0,0,4,1,1,0,0,,,,1,0,0,0,0,6,0,0,0,0,0,0,4,0,0.0,1,2,1,13,3,0,0,0,8,6,3,60.0,0.0,0,0,0,38,59,0,,0,11,2,5
818845,Gastón Sirino,gaston-sirino,7663,Kaizer Chiefs,6.58,26.3,4,0,0,0,0,,0,25,6,31,80.65,8,17,10,0,1,100.0,2,2,1,0,0,1,25.0,2,0,1,6,75.0,0,0.0,6,75.0,69,0.0,0,0,0,0,0,0,0,0,0,2,0,0,0,3,100.0,0,1,0,0,13,0,4,1,51,3,3,1,0,0,0,1,0,0,,,,0,0,0,0,0,2,0,0,0,0,0,0,1,0,0.0,0,1,4,2,0,0,0,0,3,2,1,50.0,0.0,0,0,0,8,23,0,,0,5,0,4
2368138,Laciné Dosso,lacine-dosso,238206,FC San Pedro,6.57,39.4,6,0,0,0,1,,1,154,40,194,79.38,59,95,56,15,4,57.14,5,1,0,0,0,3,21.43,7,1,3,19,52.78,1,20.0,20,48.78,450,0.0,0,0,0,0,0,0,0,0,0,7,0,0,0,13,68.42,0,0,0,8,75,1,13,9,270,10,2,1,0,5,0,3,0,0,,,,0,0,0,0,0,8,2,0,0,0,0,0,5,0,0.0,15,7,14,21,4,0,0,0,19,10,2,40.0,0.0,0,0,0,65,129,0,,0,17,0,6
2193770,Thulani Mabaso,thulani-mabaso,7663,Kaizer Chiefs,6.57,19.7,3,0,0,0,0,,0,22,10,32,68.75,7,15,5,0,0,0.0,3,1,1,0,0,0,0.0,1,1,0,3,42.86,3,75.0,6,54.55,71,0.0,0,0,0,0,0,0,0,0,0,1,0,0,0,1,25.0,1,0,0,0,13,0,4,2,44,0,3,0,0,2,0,0,0,0,,,,0,0,0,0,0,0,0,0,0,0,0,0,0,0,0.0,0,0,1,5,1,0,0,0,4,0,1,33.33,0.0,0,0,0,11,21,0,,0,3,0,3
894656,Oscarine Masuluke,oscarine-masuluke,43555,Stellenbosch,6.57,19.7,3,0,0,0,0,,0,50,36,86,58.14,29,21,6,0,0,0.0,0,0,1,0,0,0,0.0,0,0,0,1,50.0,0,0.0,1,50.0,270,0.0,0,0,0,0,0,0,0,0,0,0,0,0,0,26,42.62,4,0,0,0,41,0,6,3,126,1,1,0,0,0,0,0,0,10,,,,0,2,0,7,3,6,0,1,5,3,5,0,3,0,0.0,0,0,0,1,0,0,0,0,61,6,0,0.0,0.0,0,0,2,36,50,0,,28,32,0,3
1471433,Prince Soussou,prince-soussou-ilendo,281329,Maniema Union,6.57,19.7,3,0,0,0,0,,0,11,5,16,68.75,4,7,6,0,0,0.0,1,0,0,0,0,0,0.0,3,0,2,4,66.67,2,33.33,6,50.0,67,0.0,0,0,0,0,0,0,0,0,3,0,0,0,0,3,75.0,0,0,0,0,6,0,4,4,26,3,2,0,0,0,0,1,0,0,,,,0,0,0,0,0,1,0,0,0,0,0,0,0,0,0.0,0,0,0,6,4,0,0,0,4,1,1,100.0,0.0,0,0,0,4,12,0,,0,2,0,3
1183660,Abraham Siankombo,abraham-siankombo,191184,ZESCO United,6.57,39.4,6,0,1,0,0,,0,65,22,87,74.71,25,40,21,9,2,33.33,3,1,0,0,0,9,32.14,9,3,3,9,42.86,2,20.0,11,35.48,386,0.0,0,0,0,0,4,0,0,0,0,9,0,0,0,1,25.0,2,0,0,0,57,1,5,2,162,4,5,0,0,3,2,3,0,0,,,,0,0,0,0,0,7,0,0,0,0,0,0,5,0,0.0,9,6,28,20,8,0,0,0,4,7,2,66.67,0.0,0,0,0,27,60,0,,0,12,0,6
1457373,Emmanuel Keyekeh,emmanuel-keyekeh,353799,Singida Black Stars SC,6.57,39.4,6,0,1,1,0,,0,119,46,165,72.12,39,80,43,6,4,66.67,3,7,2,0,0,1,12.5,10,1,4,15,53.57,12,46.15,27,50.0,471,0.0,0,0,0,0,0,0,0,0,3,7,0,0,0,7,43.75,9,0,0,5,86,4,15,9,270,8,6,1,0,0,0,5,0,0,,,,1,0,0,0,0,5,0,0,0,0,0,0,5,0,0.0,6,6,8,27,14,0,0,0,16,5,1,33.33,0.0,0,0,0,48,117,0,,0,23,2,6
929957,Chico Banza,banza-chico,42368,Zamalek SC,6.57,59.1,9,0,0,0,0,,0,76,44,120,63.33,27,49,27,2,14,43.75,14,4,1,0,0,1,16.67,6,3,2,39,42.86,7,31.82,46,40.71,514,0.0,0,0,1,0,0,0,0,0,5,1,0,0,0,8,57.14,3,0,0,9,100,3,10,6,259,11,17,0,0,8,5,1,0,0,,,,1,0,0,0,0,3,1,0,0,0,0,0,6,0,0.0,2,32,6,67,15,0,0,0,14,4,10,71.43,0.0,0,0,0,37,83,0,,0,39,0,9
1186787,Youness Najari,youness-najari,55037,Olympic Safi,6.56,52.5,8,0,0,2,0,,0,93,61,154,60.39,19,74,40,3,4,40.0,14,4,1,0,0,0,0.0,16,7,6,29,50.88,17,38.64,46,45.54,530,0.0,0,0,0,0,0,0,0,0,9,7,0,0,0,3,37.5,5,0,0,5,100,3,7,2,274,11,17,0,0,2,4,3,0,0,,,,0,0,0,0,0,5,0,0,0,0,0,0,6,0,0.0,3,10,5,55,27,0,0,0,8,5,10,71.43,0.0,0,0,0,28,126,0,,0,26,0,8
1463432,Onoya Sangana,onoya-sangana,281329,Maniema Union,6.56,52.5,8,0,0,1,0,,0,175,54,229,76.42,78,97,52,4,2,28.57,17,7,1,0,0,0,0.0,4,1,0,33,45.83,5,33.33,38,43.68,700,0.0,0,0,0,0,0,0,0,0,2,2,0,0,0,12,40.0,6,0,1,12,94,7,15,10,346,14,15,0,0,7,0,3,0,0,,,,3,0,0,0,0,4,0,0,0,0,0,0,8,0,0.0,4,7,3,49,10,0,0,0,30,4,16,94.12,0.0,0,0,0,96,133,0,,0,54,0,8
1048765,Ahmed Sherif,ahmed-sherif,42368,Zamalek SC,6.56,65.6,10,0,0,1,0,,0,79,34,113,69.91,20,59,34,2,4,57.14,3,0,0,0,0,1,16.67,5,3,2,8,34.78,6,60.0,14,42.42,320,0.0,0,0,0,0,0,0,0,0,5,0,0,0,0,6,46.15,1,0,0,3,57,2,8,2,162,1,6,0,0,5,1,0,0,0,,,,0,0,0,0,0,3,1,0,0,0,0,0,3,0,0.0,2,7,6,19,4,0,0,0,13,4,2,66.67,0.0,0,0,0,29,84,0,,0,15,1,10
918920,Salah Mohsen,salah-mohsen,43560,Al-Masry,6.55,39.3,6,3,0,2,0,,3,61,29,90,67.78,18,43,27,6,5,50.0,0,0,1,0,0,0,0.0,15,7,7,15,55.56,16,41.03,31,46.97,520,20.0,2,2,0,0,0,0,3,0,11,4,0,0,3,1,100.0,4,0,0,3,58,4,4,3,166,10,4,1,0,1,6,1,0,0,,,,2,0,0,0,0,4,0,0,0,0,0,0,6,100,0.0,6,10,3,35,23,0,0,0,1,4,0,0.0,173.33,0,0,0,22,68,0,,0,10,1,6
1404064,Imad Khannouss,imad-khannouss,55037,Olympic Safi,6.55,52.4,8,1,1,3,0,,1,74,39,113,65.49,25,49,36,5,3,37.5,11,4,2,0,0,2,50.0,9,4,4,30,48.39,20,34.48,50,41.67,570,11.11,0,0,2,0,0,0,1,0,7,2,0,0,1,2,40.0,5,0,0,3,70,1,4,2,214,16,24,1,0,3,8,1,0,0,,,,0,0,0,0,0,3,0,0,0,0,0,0,7,0,0.0,5,8,4,70,38,0,0,0,5,3,5,45.45,570.0,0,0,0,32,81,0,,0,12,0,8
944321,Spiwe Given Msimango,spiwe-given-msimango,7663,Kaizer Chiefs,6.55,13.1,2,0,0,0,0,,0,44,12,56,78.57,26,18,5,0,0,0.0,0,3,0,0,0,0,0.0,0,0,0,1,100.0,3,37.5,4,44.44,172,0.0,0,0,0,0,0,0,0,0,0,0,0,0,0,6,54.55,15,0,0,0,12,0,3,3,79,1,0,0,0,0,0,0,0,0,,,,0,0,0,0,0,3,0,0,0,0,0,0,2,0,0.0,0,0,0,5,5,0,0,0,11,3,0,0.0,0.0,0,0,0,31,25,0,,2,3,1,2
1166804,Athenkosi Mcaba,athenkosi-mcaba,43555,Stellenbosch,6.55,13.1,2,0,0,0,0,,0,62,9,71,87.32,52,10,1,0,0,0.0,1,4,0,0,0,0,0.0,1,0,1,3,75.0,2,40.0,5,55.56,150,0.0,0,0,0,0,0,0,0,0,1,0,0,0,0,2,28.57,6,0,0,0,12,0,5,2,91,2,1,0,0,0,0,0,0,0,,,,0,0,0,0,0,2,0,0,0,0,0,0,2,0,0.0,0,0,0,4,3,0,0,0,7,2,0,0.0,0.0,0,0,0,52,19,0,,0,9,0,2
1469601,Boulkassoum Diarra,boulkassoum-diarra,69324,Djoliba AC,6.55,13.1,2,0,0,0,0,,0,62,11,73,84.93,40,22,6,1,2,66.67,3,3,0,0,0,0,0.0,0,0,0,6,60.0,2,40.0,8,53.33,180,0.0,0,0,0,0,0,0,0,0,0,0,0,0,0,4,40.0,2,0,0,0,12,0,5,3,93,1,2,0,0,1,0,0,0,0,,,,0,0,0,0,0,3,0,0,0,0,0,0,2,0,0.0,1,3,0,7,3,0,0,0,10,3,1,33.33,0.0,0,0,0,43,30,0,,0,6,1,2
2368125,Bakary Traoré,bakary-traore,69324,Djoliba AC,6.55,13.1,2,0,0,0,0,,0,63,17,80,78.75,47,16,5,0,0,0.0,1,1,0,0,0,0,0.0,2,0,2,1,20.0,8,61.54,9,50.0,180,0.0,0,0,0,0,0,0,0,0,2,0,0,0,0,6,46.15,6,0,0,1,19,0,9,5,94,0,1,0,0,3,0,0,0,0,,,,0,0,0,0,0,3,0,0,0,0,0,0,2,0,0.0,0,0,0,9,5,0,0,0,13,3,0,0.0,0.0,0,0,0,56,24,0,,0,13,1,2
2368443,Oghenemarho Ifoni,oghenemarho-ifoni,191184,ZESCO United,6.55,13.1,2,0,0,0,0,,0,10,1,11,90.91,1,9,6,0,0,0.0,0,0,0,0,0,0,0.0,3,1,2,0,0.0,0,0.0,0,0.0,31,0.0,0,0,0,0,1,0,0,0,1,2,0,0,0,0,0.0,0,0,0,1,6,1,0,0,19,0,1,0,0,0,0,0,0,0,,,,0,0,0,0,0,0,0,0,0,0,0,0,0,0,0.0,0,0,3,2,0,0,0,0,0,0,0,0.0,0.0,0,0,0,1,10,0,,0,3,0,2
2399062,Kefa Nakhumicha,kefa-nakhumicha,257440,Nairobi United,6.55,13.1,2,0,0,0,0,,0,15,10,25,60.0,13,2,2,0,0,0.0,1,0,0,0,0,0,0.0,0,0,0,1,50.0,2,33.33,3,37.5,66,0.0,0,0,0,0,0,0,0,0,0,0,0,0,0,0,0.0,4,0,0,0,13,0,3,0,41,0,0,0,0,0,0,0,0,0,,,,0,0,0,0,0,0,0,0,0,0,0,0,0,0,0.0,0,1,0,5,4,0,0,0,3,0,1,100.0,0.0,0,0,0,18,7,0,,0,5,0,2
2451850,Roy Okal,roy-okal,257440,Nairobi United,6.55,13.1,2,0,0,0,0,,0,33,13,46,71.74,21,12,6,0,1,50.0,3,3,0,0,0,0,0.0,0,0,0,8,61.54,0,0.0,8,57.14,142,0.0,0,0,0,0,0,0,0,0,0,0,0,0,0,3,42.86,0,0,0,0,15,0,6,0,59,4,4,0,0,0,0,0,0,0,,,,0,0,0,0,0,2,0,0,0,0,0,0,2,0,0.0,0,2,0,6,1,0,0,0,7,2,3,100.0,0.0,0,0,0,23,23,0,,0,5,0,2
1123400,Ameed Sawafta,ameed-sawafta,43560,Al-Masry,6.55,26.2,4,0,0,0,0,,0,74,20,94,78.72,37,37,15,0,1,50.0,7,3,0,0,0,1,7.69,2,0,1,9,52.94,2,50.0,11,52.38,231,0.0,0,0,0,0,0,0,0,0,1,1,0,0,0,4,57.14,2,0,0,1,39,0,8,4,145,1,4,0,0,2,0,1,0,0,,,,0,0,0,0,0,4,0,0,0,0,0,0,3,0,0.0,0,2,13,10,2,0,0,0,7,4,4,57.14,0.0,0,0,0,44,50,0,,0,15,1,4
1475210,Anass Eddaou,anass-eddaou,55037,Olympic Safi,6.55,52.4,8,0,0,0,0,,0,50,13,63,79.37,24,26,12,1,3,37.5,5,1,0,0,0,0,0.0,2,2,0,11,45.83,1,16.67,12,40.0,247,0.0,0,0,0,0,0,0,0,0,1,1,0,0,0,1,50.0,4,0,0,2,37,0,1,0,111,3,4,0,0,2,1,0,0,0,,,,0,0,0,0,0,2,1,0,0,0,0,0,2,0,0.0,1,8,7,18,5,0,0,0,2,3,3,60.0,0.0,0,0,0,24,39,0,,0,19,0,8
932729,Ahmed Rabia,ahmed-rabia,42368,Zamalek SC,6.54,32.7,5,0,1,0,1,,1,46,30,76,60.53,24,22,9,2,1,100.0,3,2,1,0,0,0,0.0,0,0,0,8,33.33,7,63.64,15,42.86,232,0.0,0,0,0,0,0,0,0,0,0,0,0,0,0,6,40.0,10,0,0,3,40,0,11,6,111,4,9,0,0,5,0,0,0,0,,,,1,0,0,0,0,1,2,0,0,0,0,0,2,0,0.0,2,1,0,20,4,0,0,0,15,3,3,100.0,0.0,0,0,0,37,39,0,,0,11,1,5
1094525,Mohamed Islam Belkhir,mohamed-islam-belkhir,42207,CR Belouizdad,6.54,65.4,10,0,1,0,0,,0,72,31,103,69.9,31,41,18,1,0,0.0,5,2,1,0,0,0,0.0,3,1,1,12,40.0,4,36.36,16,39.02,370,0.0,0,0,0,0,0,0,0,0,2,1,0,0,0,4,50.0,2,0,0,8,53,0,6,4,155,7,3,0,0,2,4,1,0,0,,,,0,0,0,0,0,2,0,0,0,0,0,0,4,0,0.0,1,5,3,25,7,0,0,0,8,2,3,60.0,0.0,0,0,0,41,62,0,,0,14,0,10
1464151,Japhet Mankou,japhet-mankou,275889,AS Otohô,6.53,39.2,6,0,2,0,1,,1,24,18,42,57.14,6,18,15,2,2,40.0,2,0,0,0,0,0,0.0,5,1,4,7,31.82,7,63.64,14,42.42,279,0.0,0,0,0,0,0,0,0,0,3,2,0,0,0,2,100.0,1,0,0,5,41,1,3,2,88,3,7,0,0,1,2,0,0,0,,,,0,0,0,0,0,3,0,0,0,0,0,0,4,0,0.0,2,5,3,19,4,0,0,0,2,3,2,100.0,0.0,0,0,0,9,33,0,,0,4,1,6
822872,Khanyisa Mayo,khanyisa-mayo,7663,Kaizer Chiefs,6.53,19.6,3,0,0,0,0,,0,7,7,14,50.0,4,3,3,1,3,75.0,0,0,0,0,0,0,0.0,0,0,0,4,50.0,3,50.0,7,50.0,79,0.0,0,0,0,0,0,0,0,0,0,0,0,0,0,0,0.0,0,0,0,1,12,0,0,0,26,1,1,0,0,1,0,0,0,0,,,,0,0,0,0,0,0,0,0,0,0,0,0,1,0,0.0,1,4,1,7,3,0,0,0,0,0,0,0.0,0.0,0,0,0,4,10,0,,0,0,0,3
871738,Mido Gaber,mido-gaber,43560,Al-Masry,6.53,19.6,3,0,0,0,0,,0,10,7,17,58.82,3,7,4,0,1,100.0,0,0,1,0,0,0,0.0,0,0,0,1,50.0,2,100.0,3,75.0,37,0.0,0,0,0,0,0,0,0,0,0,0,0,0,0,0,0.0,1,0,0,1,9,0,1,0,24,1,0,0,0,0,0,0,0,0,,,,0,0,0,0,0,1,1,0,0,0,0,0,0,0,0.0,0,1,1,1,0,0,0,0,2,2,0,0.0,0.0,0,0,0,6,11,0,,0,1,0,3
1807777,Ange Manzan,ange-manzan,69324,Djoliba AC,6.53,19.6,3,0,0,0,0,,0,22,11,33,66.67,8,14,9,3,1,100.0,2,2,0,0,0,1,50.0,1,0,1,4,50.0,1,25.0,5,41.67,101,0.0,0,0,0,0,0,0,0,0,1,0,0,0,0,4,80.0,0,0,0,1,19,1,4,3,53,1,1,0,0,2,0,0,0,0,,,,0,0,0,0,0,2,0,0,0,0,0,0,1,0,0.0,3,1,2,7,3,0,0,0,5,2,2,100.0,0.0,0,0,0,10,23,0,,0,3,0,3
1500635,Mathews Chabala,mathews-chabala,191184,ZESCO United,6.53,19.6,3,0,0,0,0,,0,90,31,121,74.38,63,27,9,1,0,0.0,1,2,0,0,0,0,0.0,0,0,0,3,75.0,4,40.0,7,50.0,270,0.0,0,0,0,0,0,0,0,0,0,0,0,0,0,10,34.48,14,1,0,0,35,0,16,7,149,2,0,0,0,1,0,0,0,0,,,,1,0,0,0,0,3,0,0,0,0,0,0,3,0,0.0,1,0,1,7,6,0,0,0,29,3,1,100.0,0.0,0,0,0,73,48,0,,0,18,0,3
2202275,Grace Nsemi,grace-nsemi,275889,AS Otohô,6.53,19.6,3,0,0,0,0,,0,17,4,21,80.95,7,10,5,1,1,50.0,0,1,1,0,0,0,0.0,0,0,0,6,46.15,0,0.0,6,46.15,116,0.0,0,0,0,0,0,0,0,0,0,0,0,0,0,1,50.0,1,0,0,2,12,0,1,0,39,5,3,0,0,1,0,0,0,0,,,,0,0,0,0,0,1,0,0,0,0,0,0,0,0,0.0,1,2,0,7,0,0,0,0,2,1,0,0.0,0.0,0,0,0,8,13,0,,0,5,0,3
1416341,Titus Ssematimba,titus-ssematimba,257440,Nairobi United,6.53,19.6,3,0,0,0,0,,0,15,1,16,93.75,6,9,4,0,0,0.0,0,0,0,0,0,0,0.0,1,1,0,1,20.0,0,0.0,1,20.0,60,0.0,0,0,0,0,0,0,0,0,0,1,0,0,0,1,50.0,0,0,0,0,8,1,0,0,27,1,2,0,0,1,0,0,0,0,,,,0,0,0,0,0,1,0,0,0,0,0,0,0,0,0.0,0,1,1,4,0,0,0,0,2,1,0,0.0,0.0,0,0,0,6,10,0,,0,3,0,3
2452028,Fiston Buabua,fiston-buabua,275889,AS Otohô,6.53,19.6,3,0,0,1,0,,0,29,10,39,74.36,4,25,10,1,2,100.0,0,1,0,0,0,0,0.0,3,1,1,4,40.0,2,100.0,6,50.0,97,0.0,0,0,0,0,0,0,0,0,3,0,0,0,0,3,100.0,0,0,0,1,13,0,3,2,53,2,3,0,0,2,0,1,0,0,,,,0,0,0,0,0,2,0,0,0,0,0,0,1,0,0.0,1,2,1,6,0,0,0,0,3,2,0,0.0,0.0,0,0,0,5,34,0,,0,6,1,3
1469604,Mady Dembele,mady-dembele,69324,Djoliba AC,6.53,19.6,3,0,0,0,0,,0,34,2,36,94.44,23,11,4,0,0,0.0,0,3,1,0,0,0,0.0,0,0,0,1,20.0,1,50.0,2,28.57,68,0.0,0,0,0,0,0,0,0,0,0,0,0,0,0,1,100.0,2,0,0,0,2,0,0,0,45,1,4,0,0,0,0,0,0,0,,,,0,0,0,0,0,2,0,0,0,0,0,0,1,0,0.0,0,0,0,5,1,0,0,0,1,2,0,0.0,0.0,0,0,0,24,12,0,,0,4,2,4
1152379,Zitha Kwinika,zitha-kwinika,7663,Kaizer Chiefs,6.53,39.2,6,0,0,1,0,,0,186,46,232,80.17,113,73,17,1,0,0.0,4,5,0,0,0,0,0.0,1,1,0,5,35.71,9,42.86,14,40.0,540,0.0,0,0,0,0,0,0,0,0,1,0,0,0,0,14,29.17,25,0,0,2,50,0,33,10,286,2,4,0,0,3,0,0,0,0,,,,2,0,0,0,0,6,0,0,0,0,0,0,6,0,0.0,1,0,1,21,12,0,0,0,48,6,2,50.0,0.0,0,0,0,118,114,0,,2,17,2,6
2452240,Moussa  Corso Traoré,moussa-corso-traore,281329,Maniema Union,6.53,26.1,4,0,0,1,0,,0,25,6,31,80.65,11,14,7,1,0,0.0,0,1,0,0,0,0,0.0,2,0,1,2,50.0,0,0.0,2,33.33,48,0.0,0,0,0,0,0,0,0,0,2,0,0,0,0,3,100.0,0,0,0,0,10,2,2,1,42,2,0,0,0,1,0,1,0,0,,,,0,0,0,0,0,0,0,0,0,0,0,0,0,0,0.0,1,1,1,4,2,0,0,0,3,0,0,0.0,0.0,0,0,0,11,20,0,,0,6,0,4
2368135,Ibrahima Touré,ibrahima-toure,238206,FC San Pedro,6.52,32.6,5,0,2,0,1,,1,172,32,204,84.31,101,71,27,5,0,0.0,12,9,2,0,0,3,21.43,1,1,0,19,52.78,6,66.67,25,55.56,444,0.0,0,0,0,1,1,0,0,0,0,1,0,0,0,7,63.64,9,0,0,2,62,1,5,2,321,7,11,0,0,3,1,0,0,0,,,,1,0,0,0,0,8,2,0,0,0,0,0,5,0,0.0,5,1,14,20,3,0,0,0,11,10,6,50.0,0.0,0,0,0,116,88,0,,0,17,2,5
881134,Shemmy Mayembe,shemmy-mayembe,191184,ZESCO United,6.52,32.6,5,0,0,0,0,,0,73,19,92,79.35,31,42,18,2,1,25.0,9,3,1,0,0,1,33.33,1,0,1,10,41.67,5,55.56,15,45.45,351,0.0,0,0,0,0,0,0,0,0,0,1,0,0,0,3,25.0,7,0,0,0,45,0,7,2,179,0,6,0,0,7,0,0,0,0,,,,1,0,0,0,0,5,0,0,0,0,0,0,4,0,0.0,2,4,3,18,4,0,0,0,12,5,7,77.78,0.0,0,0,0,33,59,0,,0,15,1,5
1008210,Oumar Camara,oumar-camara,275889,AS Otohô,6.52,32.6,5,0,0,0,0,,0,42,7,49,85.71,30,12,5,1,0,0.0,3,0,0,0,0,0,0.0,2,1,1,3,42.86,3,50.0,6,46.15,142,0.0,0,0,0,0,0,0,0,0,1,1,0,0,0,4,66.67,1,0,0,2,11,0,6,4,67,0,2,0,0,0,0,0,0,0,,,,0,0,0,0,0,6,0,0,0,0,0,0,2,0,0.0,1,0,0,7,3,0,0,0,6,6,2,66.67,0.0,0,0,0,31,18,0,,0,5,2,6
1183578,Japhté Kitambala,jephte-kitambala,212411,Azam FC,6.52,39.1,6,1,2,2,0,,1,44,34,78,56.41,15,29,17,6,3,60.0,2,2,0,0,0,2,22.22,27,6,18,19,48.72,22,57.89,41,53.25,506,3.7,0,0,0,0,0,0,1,0,24,3,0,0,1,4,66.67,5,0,0,4,70,1,8,3,185,15,13,0,0,1,3,3,0,0,,,,0,0,0,0,0,5,1,0,0,0,0,0,6,0,0.0,6,5,9,36,16,0,0,0,6,6,2,100.0,506.0,0,0,0,19,59,0,,0,7,0,6
990661,Tumisang Orebonye,tumisang-orebonye,36268,Wydad Casablanca,6.5,6.5,1,0,0,0,0,,0,0,2,2,0.0,0,0,0,0,1,50.0,0,0,0,0,0,0,0.0,0,0,0,1,50.0,1,33.33,2,40.0,8,0.0,0,0,0,0,0,0,0,0,0,0,0,0,0,0,0.0,0,0,0,0,4,0,1,0,5,0,0,0,0,0,0,0,0,0,,,,0,0,0,0,0,0,0,0,0,0,0,0,0,0,0.0,0,2,0,3,2,0,0,0,0,0,0,0.0,0.0,0,0,0,0,2,0,,0,0,0,1
1094513,Mahmoud Gehad,mahmoud-gehad,42368,Zamalek SC,6.5,6.5,1,0,0,0,0,,0,16,1,17,94.12,7,9,1,0,0,0.0,0,0,1,0,0,0,0.0,0,0,0,0,0.0,0,0.0,0,0.0,18,0.0,0,0,0,0,0,0,0,0,0,0,0,0,0,0,0.0,0,0,0,0,1,0,2,1,17,0,1,0,0,0,0,0,0,0,,,,0,0,0,0,0,0,0,0,0,0,0,0,0,0,0.0,0,0,0,1,0,0,0,0,1,0,0,0.0,0.0,0,0,0,7,10,0,,0,1,0,1
1907921,Mostafa Abou El Khair,mostafa-abou-el-khair,43560,Al-Masry,6.5,6.5,1,0,0,0,0,,0,0,0,0,0.0,0,0,0,0,0,0.0,0,0,0,0,0,0,0.0,0,0,0,0,0.0,0,0.0,0,0.0,14,0.0,0,0,0,0,0,0,0,0,0,0,0,0,0,0,0.0,0,0,0,0,0,0,0,0,2,0,0,0,0,0,0,0,0,0,,,,0,0,0,0,0,0,0,0,0,0,0,0,0,0,0.0,0,0,0,1,1,0,0,0,0,0,0,0.0,0.0,0,0,0,0,0,0,,0,0,0,1
802837,Moustafa Zeidan,moustafa-zeidan,43560,Al-Masry,6.5,6.5,1,0,0,0,0,,0,2,0,2,100.0,1,1,1,0,0,0.0,0,0,0,0,0,0,0.0,0,0,0,0,0.0,0,0.0,0,0.0,8,0.0,0,0,0,0,0,0,0,0,0,0,0,0,0,0,0.0,0,0,0,0,1,0,1,1,3,0,0,0,0,0,0,0,0,0,,,,0,0,0,0,0,0,1,0,0,0,0,0,0,0,0.0,0,0,1,0,0,0,0,0,0,1,0,0.0,0.0,0,0,0,1,1,0,,0,1,0,1
2073085,Hussein Masaranga,hussein-masaranga,353799,Singida Black Stars SC,6.5,6.5,1,0,0,0,0,,0,14,10,24,58.33,12,2,2,0,0,0.0,0,0,0,0,0,0,0.0,0,0,0,0,0.0,1,100.0,1,100.0,90,0.0,0,0,0,0,0,0,0,0,0,0,0,0,0,4,28.57,0,0,0,0,11,0,2,2,32,1,0,0,0,0,0,0,0,0,,,,0,0,0,0,0,2,0,0,0,0,1,0,1,0,0.0,0,0,0,0,0,0,0,0,14,2,0,0.0,0.0,0,0,0,15,9,0,,4,9,0,1
1873036,Adama Traoré,adama-traore,69324,Djoliba AC,6.5,6.5,1,0,0,0,0,,0,2,4,6,33.33,1,1,0,0,0,0.0,0,0,0,0,0,0,0.0,0,0,0,1,100.0,0,0.0,1,50.0,9,0.0,0,0,0,0,0,0,0,0,0,0,0,0,0,0,0.0,0,0,0,0,5,0,0,0,11,1,1,0,0,0,0,0,0,0,,,,0,0,0,0,0,0,0,0,0,0,0,0,0,0,0.0,0,0,0,1,1,0,0,0,0,0,0,0.0,0.0,0,0,0,2,4,0,,0,0,0,1
1211979,Chijoke Alaekwe,chijoke-alaekwe,191184,ZESCO United,6.5,6.5,1,0,0,0,0,,0,2,1,3,66.67,0,2,1,1,0,0.0,0,0,0,0,0,0,0.0,0,0,0,0,0.0,2,66.67,2,50.0,20,0.0,0,0,0,0,0,0,0,0,0,0,0,0,0,0,0.0,0,0,0,1,3,0,0,0,7,1,0,0,0,0,1,0,0,0,,,,0,0,0,0,0,0,0,0,0,0,0,0,0,0,0.0,1,0,0,2,1,0,0,0,0,0,0,0.0,0.0,0,0,0,0,3,0,,0,0,0,1
865473,Stephane Aziz Ki,stephane-aziz-ki,36268,Wydad Casablanca,6.5,13.0,2,0,0,0,0,,0,34,10,44,77.27,11,23,19,2,2,50.0,1,0,0,0,0,2,50.0,4,1,1,3,21.43,1,50.0,4,25.0,145,0.0,0,0,0,0,0,0,0,0,3,1,0,0,0,1,100.0,0,0,0,3,24,0,3,1,69,0,5,0,0,1,0,2,0,0,,,,0,0,0,0,0,0,0,0,0,0,0,0,2,0,0.0,2,4,4,12,1,0,0,0,1,0,1,100.0,0.0,0,0,0,11,33,0,,0,2,0,2
1177138,Etiosa Godspower Ighodaro,etiosa-godspower-ighodaro,7663,Kaizer Chiefs,6.5,13.0,2,0,0,0,0,,0,24,8,32,75.0,9,15,7,2,2,66.67,0,0,0,0,0,0,0.0,1,1,0,2,28.57,7,63.64,9,50.0,143,0.0,0,0,0,0,0,0,0,0,1,0,0,0,0,1,100.0,0,0,0,1,13,0,1,1,42,0,4,0,0,0,2,0,0,0,,,,0,0,0,0,0,2,0,0,0,0,0,0,2,0,0.0,2,3,0,9,4,0,0,0,1,2,0,0.0,0.0,0,0,0,13,19,0,,0,4,0,2
1007558,Ghiles Guenaoui,ghiles-guenaoui,42206,USM Alger,6.5,6.5,1,0,0,0,0,,0,5,0,5,100.0,1,4,1,0,0,0.0,0,0,0,0,0,0,0.0,0,0,0,1,100.0,0,0.0,1,100.0,11,0.0,0,0,0,0,0,0,0,0,0,0,0,0,0,0,0.0,0,0,0,0,3,0,0,0,9,1,0,0,0,0,0,0,0,0,,,,0,0,0,0,0,1,0,0,0,0,0,0,0,0,0.0,0,0,0,0,0,0,0,0,0,1,0,0.0,0.0,0,0,0,1,4,0,,0,0,0,2
1103596,Abdul Suleiman Sopu,abdul-suleiman,212411,Azam FC,6.5,19.5,3,0,0,0,0,,0,66,7,73,90.41,29,37,22,2,4,100.0,0,0,0,0,0,1,50.0,3,0,2,9,64.29,2,66.67,11,64.71,200,0.0,0,0,0,0,0,0,0,0,1,2,0,0,0,4,80.0,0,0,0,2,14,0,6,4,97,5,2,0,0,1,1,1,0,0,,,,0,0,0,0,0,3,0,0,0,0,0,0,2,0,0.0,2,4,2,6,1,0,0,0,5,3,0,0.0,0.0,0,0,0,30,43,0,,0,8,0,3
1018809,Sanele Barns,sanele-barns,43555,Stellenbosch,6.5,19.5,3,0,1,0,0,,0,22,16,38,57.89,10,12,9,4,3,75.0,0,1,2,0,0,3,25.0,1,0,1,3,42.86,1,16.67,4,30.77,177,0.0,0,0,0,0,0,0,0,0,1,0,0,0,0,3,33.33,1,0,0,0,33,1,7,2,71,0,3,0,0,0,0,0,0,0,,,,0,0,0,0,0,2,0,0,0,0,0,0,2,0,0.0,4,4,12,9,5,0,0,0,9,2,0,0.0,0.0,0,0,0,13,25,0,,0,4,0,3
2368143,Raye Cissé,raye-cisse,69324,Djoliba AC,6.5,19.5,3,0,0,0,0,,0,70,21,91,76.92,35,35,17,3,1,50.0,7,1,0,0,0,0,0.0,3,0,3,14,53.85,1,16.67,15,46.88,196,0.0,0,0,0,0,0,0,0,0,1,2,0,0,0,5,45.45,0,0,0,2,32,2,7,1,128,6,3,0,0,6,0,0,0,0,,,,0,0,0,0,0,3,0,0,0,0,0,0,2,0,0.0,3,2,0,17,5,0,0,0,11,3,5,71.43,0.0,0,0,0,39,52,0,,0,15,2,3
1861910,Mukrim Issa,mukrim-issa,353799,Singida Black Stars SC,6.5,19.5,3,0,0,0,0,,0,64,31,95,67.37,41,23,7,0,0,0.0,2,0,0,0,0,0,0.0,0,0,0,3,60.0,5,71.43,8,66.67,225,0.0,0,0,0,0,0,0,0,0,0,0,0,0,0,12,38.71,9,0,0,0,35,0,12,4,116,1,1,0,0,1,0,0,0,0,,,,1,0,0,0,0,2,1,0,0,0,0,0,3,0,0.0,0,0,0,4,2,0,0,0,31,3,1,50.0,0.0,0,0,0,51,44,0,,0,7,0,3
1185610,Emmanuel Manda,emmanuel-manda,191184,ZESCO United,6.5,19.5,3,0,0,0,0,,0,14,17,31,45.16,4,10,6,1,0,0.0,5,0,2,0,0,2,33.33,2,0,1,7,28.0,1,10.0,8,22.86,205,0.0,0,0,1,0,0,0,0,0,2,0,0,0,0,0,0.0,0,0,0,5,39,1,3,1,75,2,3,0,0,2,1,1,0,0,,,,1,0,0,0,0,1,0,0,0,0,0,0,2,0,0.0,1,8,6,27,9,0,0,0,3,1,4,80.0,0.0,0,0,0,10,21,0,,0,6,0,3
880640,Ayubu Lyanga,ayubu-lyanga,353799,Singida Black Stars SC,6.5,26.0,4,0,0,0,0,,0,18,7,25,72.0,3,15,10,1,0,0.0,0,1,1,0,0,2,20.0,0,0,0,2,66.67,2,28.57,4,40.0,92,0.0,0,0,0,0,0,0,0,0,0,0,0,0,0,0,0.0,3,0,0,0,19,0,3,1,51,2,1,0,0,0,1,0,0,0,,,,0,0,0,0,0,1,0,0,0,0,0,0,0,0,0.0,1,0,10,6,5,0,0,0,1,1,0,0.0,0.0,0,0,0,4,21,0,,0,1,0,4
875096,Benedict Chepeshi,bendecit-chapeshi,191184,ZESCO United,6.5,32.5,5,0,0,0,0,,0,108,43,151,71.52,64,44,24,3,2,50.0,5,4,0,0,0,5,55.56,1,0,0,9,56.25,4,40.0,13,50.0,317,0.0,0,0,0,0,0,0,0,0,0,1,0,0,0,10,47.62,9,0,0,0,64,1,17,4,232,2,3,0,0,3,0,1,0,0,,,,0,0,0,0,0,7,0,0,0,0,0,0,4,0,0.0,3,4,9,13,6,0,0,0,21,7,2,40.0,0.0,0,0,0,78,73,0,,0,21,0,5
2368160,Mathieu Amon,mathieu-amon,238206,FC San Pedro,6.48,32.4,5,0,1,0,1,,1,30,11,41,73.17,9,21,12,1,0,0.0,3,2,0,0,0,0,0.0,1,0,0,8,40.0,1,50.0,9,40.91,140,0.0,0,0,0,0,0,0,0,0,1,0,0,0,0,0,0.0,4,0,0,5,22,0,2,0,88,5,3,0,0,3,0,1,0,0,,,,0,0,0,0,0,2,2,0,0,0,0,0,1,0,0.0,1,1,3,13,1,0,0,0,1,4,2,66.67,0.0,0,0,0,12,29,0,,0,6,0,5
1469728,Horso Mwaku,horso-mwaku,353799,Singida Black Stars SC,6.48,25.9,4,0,0,0,0,,0,24,3,27,88.89,2,22,16,2,2,50.0,1,0,0,0,0,0,0.0,6,1,2,4,44.44,8,50.0,12,48.0,153,0.0,0,0,0,0,0,0,0,0,4,2,0,0,0,0,0.0,0,0,0,3,11,1,0,0,46,1,1,0,0,0,4,3,0,0,,,,0,0,0,0,0,1,0,0,0,0,0,0,1,0,0.0,2,4,0,13,8,0,0,0,0,1,1,100.0,0.0,0,0,0,2,25,0,,0,3,0,4
1902412,Omega Mdaka,omega-mdaka,43555,Stellenbosch,6.48,25.9,4,0,2,1,0,,0,64,41,105,60.95,32,32,18,3,3,60.0,11,13,2,0,0,3,42.86,4,0,4,17,62.96,3,42.86,20,58.82,315,0.0,0,0,0,1,0,0,0,0,2,2,0,0,0,13,37.14,14,0,0,0,68,0,23,8,206,3,5,1,0,3,1,0,0,0,,,,0,0,0,0,0,6,0,0,0,0,0,0,3,0,0.0,3,5,7,14,4,0,0,0,35,6,9,81.82,0.0,0,0,0,38,67,0,,0,18,0,4
1064698,Chumani Thembile Butsaka,chumani-thembile-butsaka,43555,Stellenbosch,6.48,25.9,4,0,3,0,0,,0,41,24,65,63.08,16,25,17,5,0,0.0,5,2,0,0,0,2,28.57,2,0,1,8,53.33,3,23.08,11,39.29,206,0.0,0,0,0,0,0,0,0,0,1,1,0,0,0,5,31.25,0,0,0,3,44,4,7,0,113,3,3,0,0,1,1,1,0,0,,,,0,0,0,0,0,5,0,0,0,0,0,0,1,0,0.0,5,1,7,17,10,0,0,0,16,5,4,80.0,0.0,0,0,0,23,42,0,,0,9,0,4
2368145,Shami Mwinyi Kibwana,shami-mwinyi-kibwana,257440,Nairobi United,6.48,25.9,4,0,1,1,0,,0,50,24,74,67.57,20,30,15,3,5,62.5,5,1,0,0,0,0,0.0,6,3,3,18,56.25,1,20.0,19,51.35,275,0.0,0,0,0,0,1,0,0,0,2,4,0,0,0,3,33.33,4,0,0,5,49,2,9,2,140,8,5,0,0,2,1,0,0,0,,,,0,0,0,0,0,6,1,0,0,0,0,0,4,0,0.0,3,8,1,18,4,0,0,0,9,7,2,40.0,0.0,0,0,0,22,52,0,,0,18,0,4
1136028,Thato Khiba,thato-khiba,43555,Stellenbosch,6.47,19.4,3,0,1,0,1,,1,40,6,46,86.96,22,18,10,1,0,0.0,1,1,2,0,0,0,0.0,0,0,0,2,16.67,0,0.0,2,15.38,117,0.0,0,0,0,0,0,0,0,0,0,0,0,0,0,1,50.0,1,0,0,2,12,1,2,1,60,1,6,0,0,3,0,0,0,0,,,,0,0,0,0,0,1,0,0,0,0,0,0,1,0,0.0,1,0,0,11,1,0,0,0,2,1,1,100.0,0.0,0,0,0,23,23,0,,0,10,0,3
2368161,Michael Karamor,michael-karamor,257440,Nairobi United,6.47,19.4,3,0,1,0,1,,1,22,20,42,52.38,7,15,7,2,3,100.0,0,0,0,0,0,0,0.0,4,1,3,4,50.0,9,56.25,13,54.17,215,0.0,0,0,0,0,0,0,0,0,2,2,0,0,0,0,0.0,2,0,0,1,29,0,4,0,65,1,3,0,0,0,1,0,0,0,,,,0,0,0,0,0,3,1,0,0,0,0,0,3,0,0.0,2,3,0,11,7,0,0,0,3,4,0,0.0,0.0,0,0,0,11,31,0,,0,3,0,3
1459292,Ande Cirille Koffi,ande-habib-cirille,353799,Singida Black Stars SC,6.47,19.4,3,0,0,0,0,,0,59,21,80,73.75,24,35,18,4,5,50.0,1,5,1,0,0,4,44.44,2,0,2,8,32.0,1,20.0,9,30.0,225,0.0,0,0,0,0,0,0,0,0,1,1,0,0,0,2,40.0,3,0,0,5,43,3,4,1,153,2,4,0,0,3,0,0,0,0,,,,0,0,0,0,0,3,0,0,0,0,0,0,2,0,0.0,4,10,9,21,4,0,0,0,5,3,1,100.0,0.0,0,0,0,26,54,0,,0,10,0,3
1102348,Ashley Cupido,cupido-ashley,43555,Stellenbosch,6.45,38.7,6,1,1,3,1,,2,37,26,63,58.73,14,23,12,1,1,25.0,3,0,0,0,0,0,0.0,13,4,6,7,35.0,11,44.0,18,40.0,309,7.69,0,0,0,0,0,0,1,0,11,2,0,0,1,0,0.0,2,0,0,6,51,1,5,0,121,3,1,0,0,3,5,3,0,0,,,,0,0,0,0,0,6,0,0,0,0,0,0,3,0,0.0,1,4,3,27,14,0,0,0,3,6,3,100.0,309.0,0,0,0,14,49,0,,0,4,0,6
1085536,Bradley Cross,cross-bradley,7663,Kaizer Chiefs,6.45,12.9,2,0,0,0,0,,0,22,7,29,75.86,12,10,3,1,0,0.0,4,1,0,0,0,1,50.0,0,0,0,5,62.5,1,33.33,6,54.55,104,0.0,0,0,0,0,0,0,0,0,0,0,0,0,0,1,25.0,4,0,0,0,10,0,5,2,51,1,4,0,0,0,0,0,0,0,,,,0,0,0,0,0,3,0,0,0,0,0,0,2,0,0.0,1,0,2,5,2,0,0,0,4,3,2,50.0,0.0,0,0,0,13,16,0,,0,3,1,2
1632534,Nickson Clement Kibabage,kibabage-nickson-clement,353799,Singida Black Stars SC,6.45,12.9,2,0,0,0,0,,0,49,10,59,83.05,19,30,12,1,1,50.0,1,3,1,0,0,0,0.0,1,0,1,7,70.0,1,100.0,8,72.73,172,0.0,0,0,0,0,0,0,0,0,0,1,0,0,0,2,33.33,1,0,0,0,20,0,6,3,97,5,2,0,0,0,0,0,0,0,,,,0,0,0,0,0,3,0,0,0,0,0,0,2,0,0.0,1,2,2,3,0,0,0,0,6,3,0,0.0,0.0,0,0,0,20,39,0,,0,2,0,2
1140849,Charki El Bahri,charki-el-bahri,55037,Olympic Safi,6.45,12.9,2,0,0,0,0,,0,10,16,26,38.46,4,6,2,0,1,50.0,0,0,1,0,0,0,0.0,5,5,0,2,20.0,18,56.25,20,47.62,148,0.0,0,0,0,0,0,0,0,0,4,1,0,0,0,0,0.0,0,0,0,2,22,1,0,0,42,2,3,0,0,2,0,0,0,0,,,,0,0,0,0,0,0,0,0,0,0,0,0,2,0,0.0,0,2,0,22,14,0,0,0,0,0,0,0.0,0.0,0,0,0,4,22,0,,0,2,0,2
1177186,Anas Soufeir,anas-soufeir,55037,Olympic Safi,6.45,12.9,2,0,0,0,0,,0,5,4,9,55.56,3,2,0,0,0,0.0,0,0,0,0,0,0,0.0,0,0,0,1,33.33,0,0.0,1,33.33,30,0.0,0,0,0,0,0,0,0,0,0,0,0,0,0,1,25.0,2,0,0,0,8,1,4,1,17,1,2,0,0,0,0,0,0,0,,,,0,0,0,0,0,1,0,0,0,0,0,0,0,0,0.0,0,0,4,2,0,0,0,0,4,1,0,0.0,0.0,0,0,0,3,6,0,,0,3,0,2
2286532,Elvis Bernard Addae,elvis-bernard-addae,191184,ZESCO United,6.45,12.9,2,0,0,0,0,,0,7,6,13,53.85,3,4,3,0,0,0.0,0,0,0,0,0,0,0.0,2,1,1,0,0.0,1,16.67,1,12.5,41,0.0,0,0,0,0,0,0,0,0,0,2,0,0,0,0,0.0,0,0,0,1,8,0,0,0,18,0,1,0,0,0,0,0,0,0,,,,0,0,0,0,0,1,0,0,0,0,0,0,0,0,0.0,0,0,0,7,5,0,0,0,0,1,0,0.0,0.0,0,0,0,5,8,0,,0,2,0,2
1517104,Necer Marouane Benzid,necer-marouane-benzid,42207,CR Belouizdad,6.45,12.9,2,0,0,0,0,,0,6,2,8,75.0,2,4,0,0,0,0.0,1,0,0,0,0,0,0.0,0,0,0,1,20.0,2,50.0,3,33.33,29,0.0,0,0,0,0,0,0,0,0,0,0,0,0,0,0,0.0,2,0,0,3,8,1,1,1,21,0,1,0,0,0,0,0,0,0,,,,0,0,0,0,0,0,0,0,0,0,0,0,0,0,0.0,0,0,1,6,2,0,0,0,0,0,1,100.0,0.0,0,0,0,2,6,0,,0,1,0,3
2368131,Doumbia Famoussa,doumbia-famoussa,238206,FC San Pedro,6.45,12.9,2,0,0,0,0,,0,20,5,25,80.0,13,7,4,1,0,0.0,0,0,0,0,0,0,0.0,0,0,0,0,0.0,0,0.0,0,0.0,54,0.0,0,0,0,0,0,0,0,0,0,0,0,0,0,1,50.0,1,0,0,1,6,0,4,1,30,0,1,0,0,0,0,0,0,0,,,,0,0,0,0,0,2,1,0,0,0,0,0,1,0,0.0,1,0,0,2,0,0,0,0,2,3,0,0.0,0.0,0,0,0,16,9,0,,0,2,1,3
1464129,Cheickna Diakité,cheickna-diakite,212411,Azam FC,6.45,12.9,2,0,0,0,0,,0,14,1,15,93.33,5,9,5,0,1,100.0,0,0,0,0,0,0,0.0,0,0,0,3,60.0,1,33.33,4,50.0,69,0.0,0,0,0,0,0,0,0,0,0,0,0,0,0,0,0.0,0,0,0,2,7,0,0,0,25,2,0,0,0,0,0,0,0,0,,,,0,0,0,0,0,1,1,0,0,0,0,0,1,0,0.0,0,1,3,4,2,0,0,0,1,2,0,0.0,0.0,0,0,0,5,10,0,,0,1,0,4
2451852,Derrick Obame,derrick-obame,191184,ZESCO United,6.45,25.8,4,0,0,0,0,,0,39,25,64,60.94,15,24,11,2,0,0.0,7,2,1,0,0,1,14.29,3,1,2,13,44.83,2,22.22,15,39.47,258,0.0,0,0,0,0,0,0,0,0,1,2,0,0,0,4,66.67,0,0,0,6,49,2,5,3,113,6,7,0,0,2,0,0,0,0,,,,0,0,0,0,0,2,0,0,0,0,0,0,3,0,0.0,2,1,7,23,7,0,0,0,6,2,4,57.14,0.0,0,0,0,20,44,0,,0,11,0,4
990963,Muhadjiri Hakizimana,muhadjiri-hakizimana,257440,Nairobi United,6.45,25.8,4,0,0,0,0,,0,28,11,39,71.79,16,12,6,4,2,50.0,1,0,2,0,0,2,20.0,2,0,1,6,35.29,0,0.0,6,31.58,117,0.0,0,0,0,0,1,0,0,0,0,2,0,0,0,5,55.56,0,0,0,4,27,0,9,2,68,3,5,0,0,0,0,1,0,0,,,,0,0,0,0,0,3,0,0,0,0,0,0,1,0,0.0,4,4,10,13,2,0,0,0,9,3,1,100.0,0.0,0,0,0,19,20,0,,0,3,0,4
880101,Hamza El Wasti,hamza-el-wasti,36268,Wydad Casablanca,6.45,38.7,6,0,0,1,0,,0,34,9,43,79.07,6,28,15,1,1,50.0,3,0,0,0,0,0,0.0,2,0,2,5,38.46,3,50.0,8,42.11,193,0.0,0,0,0,0,0,0,0,0,2,0,0,0,0,1,100.0,2,0,0,1,18,1,3,2,70,1,5,0,0,1,3,0,0,0,,,,0,0,0,0,0,3,0,0,0,0,0,0,2,0,0.0,1,2,2,11,3,0,0,0,1,3,2,66.67,0.0,0,0,0,6,37,0,,0,8,0,6
1404072,Imad Serbout,imad-serbout,55037,Olympic Safi,6.45,38.7,6,0,0,0,0,,0,100,56,156,64.1,61,39,16,1,4,100.0,6,9,0,0,0,3,30.0,3,1,2,11,50.0,4,36.36,15,45.45,528,0.0,0,0,0,0,0,0,0,0,1,2,0,0,0,13,30.95,24,0,0,2,82,0,15,3,275,1,5,0,0,4,1,0,0,0,,,,2,0,0,0,0,4,1,0,0,0,0,0,6,0,0.0,1,4,10,18,7,0,0,0,42,5,2,33.33,0.0,0,0,0,82,74,0,,0,17,1,6
1167837,Mduduzi Shabalala,mduduzi-shabalala,7663,Kaizer Chiefs,6.44,32.2,5,0,0,1,0,,0,96,26,122,78.69,36,60,41,1,2,33.33,3,1,1,0,0,1,8.33,2,2,0,14,45.16,1,14.29,15,39.47,303,0.0,0,0,0,0,0,0,0,0,2,0,0,0,0,7,63.64,0,0,0,8,66,1,8,5,185,9,6,0,0,1,2,0,0,0,,,,0,0,0,0,0,3,0,0,0,0,0,0,3,0,0.0,1,6,12,23,6,0,0,0,11,3,3,100.0,0.0,0,0,0,39,83,0,,0,8,0,5
933770,Hamza Hannouri,hamza-hannouri,36268,Wydad Casablanca,6.44,51.5,8,1,3,4,1,,2,75,36,111,67.57,22,53,39,10,0,0.0,3,3,1,0,0,0,0.0,14,7,5,10,26.32,30,63.83,40,47.06,596,7.14,1,1,0,0,0,0,1,0,14,0,0,1,0,1,20.0,8,0,0,8,66,1,4,2,190,8,18,0,0,2,1,2,0,0,,,,2,0,0,0,0,4,0,0,0,0,0,0,6,100,0.0,10,2,2,45,17,0,0,0,5,4,3,100.0,596.0,0,0,0,29,82,0,,0,12,1,8
2002448,Jean Ahoua,jean-ahoua,42207,CR Belouizdad,6.43,19.3,3,0,0,1,0,,0,22,15,37,59.46,10,12,4,3,4,66.67,1,1,0,0,0,1,100.0,4,0,4,7,43.75,2,40.0,9,42.86,135,0.0,0,0,0,0,0,0,0,0,3,1,0,0,0,0,0.0,0,0,0,4,24,1,3,1,62,2,1,0,0,2,0,0,0,0,,,,0,0,0,0,0,2,0,0,0,0,0,0,1,0,0.0,3,6,1,12,3,0,0,0,3,2,1,100.0,0.0,0,0,0,12,25,0,,0,2,0,3
1606736,Amine Hiver,amine-hiver,191184,ZESCO United,6.42,32.1,5,1,0,0,0,,1,35,22,57,61.4,11,24,9,1,4,66.67,2,1,0,0,0,0,0.0,8,4,3,16,45.71,15,53.57,31,49.21,361,12.5,1,1,0,0,1,0,1,0,5,3,0,0,1,1,100.0,2,0,0,6,52,0,2,1,120,10,15,0,0,0,6,1,0,0,,,,1,0,0,0,0,3,0,0,0,0,0,0,4,100,0.0,1,6,2,32,13,0,0,0,1,3,1,50.0,361.0,0,0,0,12,45,0,,0,6,0,5
2368155,John Onyango,john-onyango,257440,Nairobi United,6.42,32.1,5,0,0,0,0,,0,146,40,186,78.49,119,27,11,0,1,50.0,7,7,0,0,0,0,0.0,1,0,1,13,59.09,8,47.06,21,53.85,405,0.0,0,0,0,0,0,0,0,0,1,0,0,0,0,16,40.0,32,0,0,1,44,0,27,12,264,5,5,0,0,2,1,0,0,0,,,,0,0,0,0,0,9,1,0,0,0,0,0,5,0,0.0,0,2,0,18,9,0,0,0,40,10,3,42.86,0.0,0,0,0,135,51,0,,11,18,1,5
814335,Flávio Silva,flavio-silva,7663,Kaizer Chiefs,6.42,38.5,6,1,0,1,0,,1,32,22,54,59.26,8,24,11,1,0,0.0,2,0,0,0,0,0,0.0,5,2,3,5,21.74,8,40.0,13,30.23,328,20.0,1,1,0,0,0,0,1,0,5,0,0,0,1,1,50.0,1,0,0,4,43,2,2,1,93,3,10,1,0,1,0,0,0,0,,,,0,0,0,0,0,4,0,0,0,0,0,0,4,100,0.0,1,4,0,30,12,0,0,0,2,4,2,100.0,328.0,0,0,0,8,46,0,,0,8,0,6
1083623,Elvis Rupia,elvis-rupia,353799,Singida Black Stars SC,6.42,38.5,6,1,1,2,0,,1,49,36,85,57.65,18,31,18,3,0,0.0,0,0,1,0,0,2,25.0,9,3,5,7,33.33,5,22.73,12,27.91,448,11.11,0,0,0,0,0,0,1,0,7,2,0,1,0,2,25.0,3,0,0,6,66,0,7,2,144,7,5,0,0,2,10,1,0,0,,,,1,0,0,0,0,4,1,0,0,0,0,0,6,0,0.0,3,1,8,31,17,0,0,0,8,5,0,0.0,448.0,0,0,0,24,61,0,,0,9,0,6
970630,El Mehdi Benabid,el-mehdi-benabid,36268,Wydad Casablanca,6.41,51.3,8,0,0,0,0,,0,194,61,255,76.08,162,32,10,0,0,0.0,1,0,1,1,1,0,0.0,0,0,0,2,66.67,1,100.0,3,75.0,654,0.0,0,0,0,0,0,0,0,0,0,0,0,0,0,52,47.71,8,0,0,0,61,0,26,14,299,1,1,0,2,0,0,0,0,11,,,,5,0,0,5,6,3,0,8,1,1,2,0,8,0,0.0,0,0,0,1,0,0,0,0,109,3,1,100.0,0.0,0,0,0,181,74,0,,45,57,0,8
358792,Andre De Jong,andre-de-jong,43555,Stellenbosch,6.4,6.4,1,0,0,1,0,,0,2,1,3,66.67,2,0,0,0,0,0.0,1,0,0,0,0,0,0.0,1,0,1,3,100.0,1,20.0,4,50.0,26,0.0,0,0,0,0,0,0,0,0,1,0,0,0,0,0,0.0,0,0,0,0,3,0,0,0,15,2,1,0,0,0,0,0,0,0,,,,0,0,0,0,0,1,0,0,0,0,0,0,0,0,0.0,0,0,1,4,4,0,0,0,0,1,1,100.0,0.0,0,0,0,3,0,0,,0,0,1,1
1461765,Wandile Duba,duba-wandile,7663,Kaizer Chiefs,6.4,6.4,1,0,0,0,0,,0,6,4,10,60.0,2,4,4,1,0,0.0,0,0,0,0,0,0,0.0,0,0,0,1,50.0,2,100.0,3,75.0,24,0.0,0,0,0,0,0,0,0,0,0,0,0,0,0,0,0.0,0,0,0,0,5,0,0,0,13,1,1,0,0,0,0,0,0,0,,,,0,0,0,0,0,0,0,0,0,0,0,0,0,0,0.0,1,0,0,1,0,0,0,0,0,0,0,0.0,0.0,0,0,0,3,7,0,,0,0,0,1
1496044,Luke Baartman,baartman-luke,7663,Kaizer Chiefs,6.4,6.4,1,0,0,0,0,,0,1,0,1,100.0,1,0,0,0,0,0.0,0,0,0,0,0,0,0.0,0,0,0,0,0.0,0,0.0,0,0.0,11,0.0,0,0,0,0,0,0,0,0,0,0,0,0,0,0,0.0,0,0,0,0,1,0,0,0,2,0,0,0,0,0,0,0,0,0,,,,0,0,0,0,0,0,0,0,0,0,0,0,0,0,0.0,0,1,0,2,1,0,0,0,0,0,0,0.0,0.0,0,0,0,1,0,0,,0,0,0,1
1457512,Youssouf Simpara,youssouf-simpara,69324,Djoliba AC,6.4,12.8,2,0,0,0,0,,0,5,1,6,83.33,3,2,2,0,0,0.0,0,0,0,0,0,0,0.0,2,0,2,1,50.0,1,50.0,2,50.0,32,0.0,0,0,0,0,0,0,0,0,2,0,0,0,0,0,0.0,0,0,0,0,1,0,0,0,9,1,1,0,0,0,1,0,0,0,,,,0,0,0,0,0,0,0,0,0,0,0,0,0,0,0.0,0,0,0,2,1,0,0,0,0,0,0,0.0,0.0,0,0,0,3,3,0,,0,0,0,2
895534,Mohamed El Shamy,mohamed-el-shamy,43560,Al-Masry,6.4,12.8,2,0,0,0,0,,0,4,2,6,66.67,0,4,2,0,1,100.0,0,0,0,0,0,0,0.0,0,0,0,1,25.0,1,50.0,2,33.33,22,0.0,0,0,0,0,0,0,0,0,0,0,0,0,0,0,0.0,0,0,0,1,7,0,0,0,15,0,3,0,0,0,1,0,0,0,,,,0,0,0,0,0,0,0,0,0,0,0,0,0,0,0.0,0,1,1,4,1,0,0,0,0,0,0,0.0,0.0,0,0,0,0,6,0,,0,1,0,2
2368153,Frank Ouya,frank-ouya,257440,Nairobi United,6.4,6.4,1,0,0,0,0,,0,2,0,2,100.0,0,2,1,0,0,0.0,0,0,0,0,0,0,0.0,0,0,0,1,50.0,0,0.0,1,33.33,13,0.0,0,0,0,0,0,0,0,0,0,0,0,0,0,0,0.0,0,0,0,1,4,0,0,0,9,1,0,0,0,0,0,0,0,0,,,,0,0,0,0,0,1,0,0,0,0,0,0,0,0,0.0,0,0,1,2,1,0,0,0,0,1,0,0.0,0.0,0,0,0,0,2,0,,0,0,0,2
2368149,Chris Opondo,chris-opondo,257440,Nairobi United,6.4,12.8,2,0,0,0,0,,0,7,7,14,50.0,5,2,1,0,0,0.0,0,0,0,0,0,1,33.33,1,0,1,0,0.0,0,0.0,0,0.0,30,0.0,0,0,0,0,0,0,0,0,0,1,0,0,0,0,0.0,0,0,0,1,12,0,1,0,23,0,0,0,0,0,0,0,0,0,,,,0,0,0,0,0,1,0,0,0,0,0,0,0,0,0.0,0,0,3,2,1,0,0,0,2,1,0,0.0,0.0,0,0,0,7,7,0,,0,0,0,2
982461,Thabiso James Monyane,james-monyane,7663,Kaizer Chiefs,6.4,19.2,3,0,0,0,0,,0,32,15,47,68.09,12,20,9,0,1,100.0,2,4,0,0,0,0,0.0,0,0,0,4,30.77,2,50.0,6,35.29,163,0.0,0,0,0,0,0,0,0,0,0,0,0,0,0,4,40.0,11,0,0,1,26,0,5,3,87,1,7,0,0,1,0,0,0,0,,,,0,0,0,0,0,2,0,0,0,0,0,0,1,0,0.0,0,1,1,11,2,0,0,0,10,2,1,50.0,0.0,0,0,0,19,28,0,,0,3,0,3
2306392,Jean - Jacques Ngita,jean-jacques-ngita,212411,Azam FC,6.4,19.2,3,0,0,2,0,,0,8,6,14,57.14,4,4,2,0,2,100.0,0,0,0,0,0,0,0.0,3,0,3,3,37.5,4,50.0,7,43.75,62,0.0,0,0,0,0,0,0,0,0,2,1,0,0,0,0,0.0,1,0,0,1,12,1,1,1,34,1,4,0,0,0,0,0,0,0,,,,0,0,0,0,0,1,0,0,0,0,0,0,0,0,0.0,0,2,0,9,4,0,0,0,1,1,0,0.0,0.0,0,0,0,4,10,0,,0,2,1,3
1018539,Kingsley Eduwo,kingsley-eduwo,43560,Al-Masry,6.4,19.2,3,0,0,0,0,,0,16,6,22,72.73,9,7,2,1,2,100.0,1,0,2,0,0,0,0.0,2,0,0,5,45.45,2,50.0,7,46.67,101,0.0,0,0,0,0,0,0,0,0,2,0,0,0,0,1,50.0,2,0,0,4,14,0,2,1,42,2,2,0,0,0,1,2,0,0,,,,0,0,0,0,0,2,0,0,0,0,0,0,1,0,0.0,1,2,0,8,2,0,0,0,2,2,0,0.0,0.0,0,0,0,10,12,0,,0,4,0,3
2002207,Aboubacar Sidibé,aboubacar-sidibe,69324,Djoliba AC,6.4,12.8,2,0,1,0,0,,0,33,5,38,86.84,12,21,11,3,1,25.0,0,0,0,0,0,4,40.0,4,1,2,2,22.22,2,66.67,4,33.33,87,0.0,0,0,0,0,1,0,0,0,2,2,0,0,0,1,50.0,0,0,0,0,17,0,1,1,64,1,2,1,0,2,0,1,0,0,,,,0,0,0,0,0,1,0,0,0,0,0,0,1,0,0.0,3,4,10,8,1,0,0,0,2,1,0,0.0,0.0,0,0,0,14,24,0,,0,3,0,3
2368159,Majaliwa Charo,majaliwa-charo,257440,Nairobi United,6.4,6.4,1,0,0,0,0,,0,4,3,7,57.14,0,4,3,0,2,100.0,0,0,0,0,0,0,0.0,0,0,0,3,75.0,0,0.0,3,75.0,13,0.0,0,0,0,0,0,0,0,0,0,0,0,0,0,0,0.0,0,0,0,0,4,0,2,0,11,1,0,0,0,1,0,0,0,0,,,,0,0,0,0,0,0,0,0,0,0,0,0,0,0,0.0,0,2,0,1,0,0,0,0,1,0,0,0.0,0.0,0,0,0,1,6,0,,0,1,0,3
2452039,Camara Lamine,camara-lamine,238206,FC San Pedro,6.4,19.2,3,0,0,1,0,,0,17,7,24,70.83,7,10,6,0,0,0.0,0,0,0,0,0,0,0.0,3,1,2,2,22.22,3,33.33,5,27.78,95,0.0,0,0,0,0,0,0,0,0,3,0,0,0,0,2,100.0,1,0,0,4,18,1,1,1,43,2,2,0,0,0,1,0,0,0,,,,0,0,0,0,0,2,1,0,0,0,0,0,1,0,0.0,0,1,0,13,6,0,0,0,2,3,0,0.0,0.0,0,0,0,10,14,0,,0,3,0,4
2368156,Lennox Ogutu,lennox-ogutu,257440,Nairobi United,6.4,38.4,6,0,0,0,0,,0,172,53,225,76.44,137,35,10,1,1,100.0,2,7,2,0,0,1,100.0,1,0,1,8,53.33,8,40.0,16,45.71,540,0.0,0,0,0,0,0,0,0,0,1,0,0,0,0,27,39.13,24,0,1,1,59,0,34,8,289,5,5,0,0,1,0,0,0,0,,,,0,0,0,0,0,10,1,0,0,0,0,0,6,0,0.0,1,1,1,19,12,0,0,0,69,11,2,100.0,0.0,0,0,0,148,77,0,,0,36,7,6
1424737,Moisés Paniagua,paniagua-moises,36268,Wydad Casablanca,6.38,31.9,5,0,0,0,0,,0,31,4,35,88.57,5,26,17,4,0,0.0,3,1,0,0,0,0,0.0,2,0,2,4,23.53,2,40.0,6,27.27,212,0.0,0,0,0,0,0,0,0,0,2,0,0,0,0,1,50.0,0,0,0,5,22,3,2,1,68,1,5,0,0,2,2,0,0,0,,,,0,0,0,0,0,0,0,0,0,0,0,0,4,0,0.0,4,1,3,16,3,0,0,0,2,0,3,100.0,0.0,0,0,0,6,29,0,,0,9,0,5
2451853,Emmanuel Mwanza,emmanuel-mwanza,191184,ZESCO United,6.38,25.5,4,0,0,0,0,,0,33,13,46,71.74,10,23,11,0,2,100.0,1,0,0,0,0,0,0.0,1,0,1,5,45.45,1,50.0,6,46.15,136,0.0,0,0,0,0,0,0,0,0,0,1,0,0,0,1,50.0,0,0,0,2,31,1,1,1,74,2,4,0,0,1,0,0,0,0,,,,0,0,0,0,0,2,0,0,0,0,0,0,1,0,0.0,0,2,4,7,1,0,0,0,2,2,0,0.0,0.0,0,0,0,11,35,0,,0,6,0,4
2452030,Mossi Nduwumwe,mossi-nduwumwe,353799,Singida Black Stars SC,6.37,19.1,3,0,0,0,0,,0,25,2,27,92.59,5,20,10,1,1,50.0,1,0,0,0,0,0,0.0,0,0,0,2,40.0,0,0.0,2,25.0,64,0.0,0,0,0,0,0,0,0,0,0,0,0,0,0,0,0.0,1,0,0,1,7,0,1,1,38,0,1,0,0,0,2,0,0,0,,,,0,0,0,0,0,0,0,0,0,0,0,0,1,0,0.0,1,2,1,6,3,0,0,0,0,0,1,100.0,0.0,0,0,0,5,22,0,,0,0,0,3
1480150,Abdulmalik Zakaria,abdulmalik-zakaria,353799,Singida Black Stars SC,6.37,19.1,3,0,0,1,0,,0,88,33,121,72.73,62,26,7,0,1,100.0,4,5,0,0,1,0,0.0,1,1,0,6,50.0,5,35.71,11,42.31,270,0.0,0,0,0,0,0,0,0,0,1,0,0,0,0,14,37.84,16,0,0,0,39,0,14,4,167,2,5,0,0,1,1,0,0,0,,,,1,0,0,0,0,2,1,0,0,0,0,0,3,0,0.0,0,1,2,15,9,0,0,0,37,3,3,75.0,0.0,1,0,0,70,51,0,,0,16,0,3
1470079,Khomotjo Lekoloane,khomotjo-lekoloane,43555,Stellenbosch,6.37,19.1,3,0,0,0,0,,0,17,4,21,80.95,6,11,5,2,0,0.0,4,2,0,0,0,1,33.33,4,0,4,5,38.46,0,0.0,5,25.0,129,0.0,0,0,0,0,0,0,0,0,1,3,0,0,0,1,50.0,0,0,0,1,11,1,3,2,43,1,1,0,0,4,0,0,0,0,,,,0,0,0,0,0,4,0,0,0,0,0,0,2,0,0.0,2,2,3,15,7,0,0,0,2,4,3,75.0,0.0,0,0,0,8,13,0,,0,4,0,4
895127,Tshegofatso Mabasa,tshegofatso-mabasa,43555,Stellenbosch,6.35,12.7,2,0,0,0,0,,0,9,6,15,60.0,4,5,4,1,0,0.0,0,0,0,0,0,0,0.0,0,0,0,0,0.0,3,50.0,3,27.27,78,0.0,0,0,0,0,0,0,0,0,0,0,0,0,0,1,100.0,1,0,0,1,11,0,0,0,23,0,3,0,0,0,0,0,0,0,,,,0,0,0,0,0,1,0,0,0,0,0,0,1,0,0.0,1,2,0,8,3,0,0,0,1,1,0,0.0,0.0,0,0,0,4,11,0,,0,1,0,2
2425783,Ahmed Khodari,ahmed-khodari,42368,Zamalek SC,6.35,12.7,2,0,0,0,0,,0,37,9,46,80.43,24,13,5,1,2,50.0,5,6,1,0,0,0,0.0,0,0,0,9,56.25,5,71.43,14,60.87,135,0.0,0,0,0,1,0,0,0,0,0,0,0,0,0,2,33.33,3,0,0,2,23,0,1,0,91,2,2,0,0,1,0,0,0,0,,,,0,0,0,0,0,2,0,0,0,0,0,0,2,0,0.0,1,4,1,9,2,0,0,0,6,2,3,60.0,0.0,0,0,0,27,19,0,,0,8,0,2
2002231,Seydou Diabate,seydou-diabate,69324,Djoliba AC,6.33,19.0,3,0,0,0,0,,0,33,11,44,75.0,7,26,12,2,2,50.0,0,0,0,0,0,0,0.0,9,2,4,3,17.65,8,57.14,11,35.48,186,0.0,0,0,0,0,0,0,0,0,9,0,0,0,0,2,100.0,0,0,0,6,29,1,1,1,77,1,7,0,0,0,0,3,0,0,,,,0,0,0,0,0,3,0,0,0,0,0,0,2,0,0.0,2,4,3,20,6,0,0,0,2,3,0,0.0,0.0,0,0,0,10,34,0,,0,9,0,4
1465485,Benson Omalla,benson-omalla,257440,Nairobi United,6.33,25.3,4,0,0,0,0,,0,37,16,53,69.81,17,20,8,0,0,0.0,1,0,0,0,0,0,0.0,3,0,2,6,42.86,8,32.0,14,35.9,291,0.0,0,0,0,0,0,0,0,0,2,1,0,0,0,0,0.0,0,0,0,3,25,0,0,0,79,5,3,0,0,2,11,1,0,0,,,,0,0,0,0,0,5,0,0,0,0,0,0,3,0,0.0,0,1,1,25,17,0,0,0,1,5,1,100.0,0.0,0,0,0,18,35,0,,0,6,1,4
1111098,Brian Omondi,brian-omondi,257440,Nairobi United,6.33,25.3,4,0,0,0,0,,0,84,29,113,74.34,50,34,11,0,4,66.67,2,4,2,0,1,0,0.0,1,0,1,11,35.48,4,57.14,15,39.47,296,0.0,0,0,0,0,0,0,0,0,1,0,0,0,0,6,60.0,4,0,0,4,44,2,12,5,161,5,11,0,0,5,1,0,0,0,,,,0,0,0,0,0,6,1,0,0,0,0,0,3,0,0.0,0,6,0,23,3,0,0,0,10,7,2,100.0,0.0,1,0,0,58,55,0,,0,24,1,4
991026,Ashley Du Preez,ashley-du-preez,7663,Kaizer Chiefs,6.3,6.3,1,0,0,0,0,,0,15,2,17,88.24,8,7,1,0,0,0.0,0,2,0,0,0,1,50.0,0,0,0,1,20.0,0,0.0,1,16.67,63,0.0,0,0,0,0,0,0,0,0,0,0,0,0,0,1,100.0,0,0,0,2,8,0,0,0,28,1,1,0,0,0,0,0,0,0,,,,0,0,0,0,0,1,0,0,0,0,0,0,1,0,0.0,0,1,2,5,1,0,0,0,1,1,0,0.0,0.0,0,0,0,8,9,0,,0,8,0,1
2468686,Macky Diallo,macky-diallo,275889,AS Otohô,6.3,6.3,1,0,0,0,0,,0,1,1,2,50.0,0,1,1,0,0,0.0,2,0,0,0,0,0,0.0,0,0,0,2,50.0,0,0.0,2,50.0,30,0.0,0,0,0,0,0,0,0,0,0,0,0,0,0,0,0.0,0,0,0,0,3,0,0,0,8,0,2,0,0,0,0,0,0,0,,,,0,0,0,0,0,0,0,0,0,0,0,0,0,0,0.0,0,0,0,2,0,0,0,0,1,0,0,0.0,0.0,0,0,0,0,2,0,,0,0,0,1
1501875,Lameck Lawi,lameck-lawi,212411,Azam FC,6.3,12.6,2,0,0,0,0,,0,38,12,50,76.0,27,11,2,0,0,0.0,0,1,1,0,0,0,0.0,0,0,0,1,33.33,3,75.0,4,57.14,99,0.0,0,0,0,0,0,0,0,0,0,0,0,0,0,1,12.5,4,0,0,0,12,0,0,0,58,1,2,0,0,0,0,0,0,0,,,,0,0,0,0,0,0,1,0,0,0,0,0,1,0,0.0,0,0,0,3,1,0,0,0,8,1,0,0.0,0.0,0,0,0,32,18,0,,0,3,0,2
933077,Mustafa Kizza,mustafa-kizza,257440,Nairobi United,6.3,12.6,2,0,0,0,0,,0,42,25,67,62.69,29,13,5,1,1,100.0,0,4,0,0,0,1,9.09,0,0,0,1,20.0,2,100.0,3,42.86,180,0.0,0,0,0,0,0,0,0,0,0,0,0,0,0,6,25.0,8,0,0,1,43,0,20,8,118,0,3,0,0,0,0,0,0,0,,,,0,0,0,0,0,2,0,0,0,0,0,0,2,0,0.0,1,1,11,4,0,0,0,0,24,2,0,0.0,0.0,0,0,0,37,30,0,,0,6,1,2
2073086,Mirajy Hassan,mirajy-hassan,353799,Singida Black Stars SC,6.3,12.6,2,0,0,0,0,,0,23,4,27,85.19,7,16,10,1,0,0.0,1,0,1,0,0,0,0.0,0,0,0,2,40.0,1,33.33,3,37.5,72,0.0,0,0,0,0,0,0,0,0,0,0,0,0,0,3,100.0,4,0,0,2,14,0,2,1,53,1,1,0,0,0,1,0,0,0,,,,0,0,0,0,0,1,1,0,0,0,0,0,1,0,0.0,1,0,2,5,2,0,0,0,3,2,1,100.0,0.0,0,0,0,8,19,0,,0,1,1,2
1401524,Marwane Elaz,marwane-elaz,55037,Olympic Safi,6.3,12.6,2,0,0,0,0,,0,8,4,12,66.67,2,6,3,0,0,0.0,0,0,1,0,0,0,0.0,0,0,0,2,33.33,0,0.0,2,28.57,24,0.0,0,0,0,0,0,0,0,0,0,0,0,0,0,0,0.0,0,0,0,0,8,0,1,1,19,2,2,0,0,0,0,0,0,0,,,,0,0,0,0,0,0,0,0,0,0,0,0,0,0,0.0,0,2,2,5,1,0,0,0,0,0,0,0.0,0.0,0,0,0,2,10,0,,0,2,0,2
2368446,Samson Ngoma,samson-ngoma,191184,ZESCO United,6.3,12.6,2,0,0,0,0,,0,17,2,19,89.47,11,6,2,0,0,0.0,2,1,1,0,0,0,0.0,2,0,2,2,20.0,2,50.0,4,28.57,97,0.0,0,0,0,0,0,0,0,0,1,1,0,0,0,0,0.0,0,0,0,0,5,0,0,0,29,0,5,0,0,3,0,0,0,0,,,,0,0,0,0,0,2,0,0,0,0,0,0,1,0,0.0,0,0,0,10,2,0,0,0,0,2,0,0.0,0.0,0,0,0,11,8,0,,0,5,0,2
2368123,Ahmed Coulibaly,ahmed-coulibaly,238206,FC San Pedro,6.3,12.6,2,0,0,0,0,,0,16,6,22,72.73,9,7,5,0,1,33.33,0,1,0,0,0,0,0.0,1,0,1,4,57.14,0,0.0,4,50.0,111,0.0,0,0,0,0,1,0,0,0,0,1,0,0,0,1,100.0,1,0,0,0,11,1,1,1,38,3,1,0,0,0,1,0,0,0,,,,0,0,0,0,0,3,0,0,0,0,0,0,1,0,0.0,0,3,0,4,1,0,0,0,1,3,0,0.0,0.0,0,0,0,9,13,0,,0,4,0,2
1394432,Asekho Tiwani,asekho-tiwani,43555,Stellenbosch,6.3,18.9,3,0,0,0,0,,0,43,25,68,63.24,18,25,10,5,4,100.0,3,2,0,0,1,5,38.46,0,0,0,10,62.5,2,33.33,12,54.55,155,0.0,0,0,0,0,0,0,0,0,0,0,0,0,0,5,35.71,2,0,1,2,41,0,6,3,112,3,4,0,0,0,0,0,0,0,,,,0,0,0,0,0,4,0,0,0,0,0,0,2,0,0.0,5,4,13,10,4,0,0,0,14,4,3,100.0,0.0,1,0,0,25,43,0,,0,8,0,3
2370252,Djava M'ban,djava-mban,238206,FC San Pedro,6.3,6.3,1,0,0,0,0,,0,5,1,6,83.33,3,2,1,0,0,0.0,0,0,0,0,0,0,0.0,1,0,1,0,0.0,0,0.0,0,0.0,15,0.0,0,0,0,0,0,0,0,0,1,0,0,0,0,0,0.0,0,0,0,2,4,1,0,0,11,0,1,0,0,0,0,0,0,0,,,,0,0,0,0,0,0,1,0,0,0,0,0,0,0,0.0,0,0,0,3,0,0,0,0,0,1,0,0.0,0.0,0,0,0,3,3,0,,0,1,0,3
2413130,Charles Waibi,charles-waibi,257440,Nairobi United,6.27,18.8,3,0,0,0,0,,0,10,9,19,52.63,6,4,1,0,1,33.33,3,0,1,0,0,0,0.0,1,0,0,5,35.71,0,0.0,5,23.81,85,0.0,0,0,0,0,0,0,0,0,1,0,0,0,0,0,0.0,1,0,0,0,18,0,0,0,36,1,8,0,0,1,2,1,0,0,,,,0,0,0,0,0,2,0,0,0,0,0,0,0,0,0.0,0,3,2,16,7,0,0,0,1,2,3,100.0,0.0,0,0,0,10,9,0,,0,2,0,3
2137646,Kevin Oduor,kevin-oduor,257440,Nairobi United,6.26,31.3,5,0,0,0,0,,0,85,60,145,58.62,67,18,5,1,0,0.0,0,0,0,0,0,0,0.0,0,0,0,3,100.0,0,0.0,3,75.0,405,0.0,0,0,0,0,0,0,0,0,0,0,0,0,0,32,36.36,12,0,0,0,61,0,19,7,199,3,0,0,1,0,0,0,0,10,,,,0,0,0,7,3,8,1,9,1,1,1,0,5,0,0.0,1,0,0,1,1,0,0,0,88,9,0,0.0,0.0,0,0,1,89,56,0,,36,55,0,5
958738,Clatous Chama,clatous-chama,353799,Singida Black Stars SC,6.25,12.5,2,0,0,0,0,,0,79,13,92,85.87,32,47,24,4,0,0.0,2,0,0,0,0,1,12.5,4,1,3,3,25.0,2,100.0,5,35.71,180,0.0,0,0,0,0,2,0,0,0,1,3,0,0,0,2,50.0,0,0,0,2,25,5,6,3,121,1,3,0,0,2,0,0,0,0,,,,0,0,0,0,0,3,0,0,0,0,0,0,2,0,0.0,4,2,8,9,0,0,0,0,4,3,1,50.0,0.0,0,0,0,33,59,0,,0,10,0,2
2368154,Gideon Otieno,gideon-otieno,257440,Nairobi United,6.25,12.5,2,0,0,0,0,,0,18,7,25,72.0,5,13,4,1,2,50.0,3,1,0,0,0,0,0.0,0,0,0,5,41.67,1,16.67,6,33.33,135,0.0,0,0,0,0,0,0,0,0,0,0,0,0,0,1,50.0,0,0,0,1,13,0,3,1,42,0,4,0,0,1,0,0,0,0,,,,0,0,0,0,0,4,0,0,0,0,0,0,2,0,0.0,1,4,0,12,5,0,0,0,2,4,0,0.0,0.0,0,0,0,6,19,0,,0,5,0,2
2361710,Kevin Otiende,kevin-otiende,257440,Nairobi United,6.22,31.1,5,0,0,0,0,,0,102,52,154,66.23,56,46,12,0,2,66.67,8,10,1,0,0,2,22.22,1,1,0,11,36.67,4,44.44,15,38.46,425,0.0,0,0,0,0,0,0,0,0,0,1,0,0,0,4,16.67,18,0,0,3,81,0,18,6,275,1,6,0,0,9,0,0,0,0,,,,0,0,0,0,0,9,1,0,0,0,0,0,5,0,0.0,0,3,9,24,5,0,0,0,24,10,6,75.0,0.0,0,0,0,73,81,0,,0,18,5,5
2368126,Bangaly Fofana,bangaly-fofana,238206,FC San Pedro,6.22,31.1,5,0,0,1,0,,0,117,30,147,79.59,75,42,15,4,4,50.0,10,10,3,0,0,5,38.46,1,1,0,18,54.55,1,14.29,19,47.5,408,0.0,0,0,0,0,0,0,0,0,1,0,0,0,0,9,60.0,5,0,0,6,65,1,10,6,271,4,4,0,0,1,2,0,0,0,,,,0,0,0,0,0,9,1,0,0,0,0,0,5,0,0.0,4,8,13,21,6,0,0,0,15,10,8,80.0,0.0,0,0,0,83,64,0,,0,15,1,5
822701,Bourama Diallo,bourama-diallo,69324,Djoliba AC,6.2,6.2,1,0,0,0,0,,0,3,1,4,75.0,2,1,1,0,0,0.0,0,0,0,0,0,0,0.0,0,0,0,0,0.0,0,0.0,0,0.0,8,0.0,0,0,0,0,0,0,0,0,0,0,0,0,0,0,0.0,0,0,0,0,2,0,0,0,6,0,2,0,0,0,0,0,0,0,,,,0,0,0,0,0,0,0,0,0,0,0,0,0,0,0.0,0,0,0,2,0,0,0,0,1,0,0,0.0,0.0,0,0,0,3,1,0,,0,0,1,1
2368293,Lamine Diakité,lamine-diakite,69324,Djoliba AC,6.2,6.2,1,0,0,0,0,,0,1,5,6,16.67,1,0,0,0,0,0.0,0,0,0,0,0,0,0.0,0,0,0,0,0.0,1,50.0,1,25.0,26,0.0,0,0,0,0,0,0,0,0,0,0,0,0,0,0,0.0,0,0,0,1,7,0,0,0,8,0,1,0,0,0,0,0,0,0,,,,0,0,0,0,0,0,0,0,0,0,0,0,0,0,0.0,0,0,0,3,1,0,0,0,0,0,0,0.0,0.0,0,0,0,1,5,0,,0,0,0,1
155662,Elvia Ipamy,elvia-ipamy,275889,AS Otohô,6.2,6.2,1,0,0,0,0,,0,1,3,4,25.0,0,1,0,0,0,0.0,0,0,0,0,0,0,0.0,0,0,0,0,0.0,0,0.0,0,0.0,16,0.0,0,0,0,0,0,0,0,0,0,0,0,0,0,0,0.0,0,0,0,0,4,0,3,1,5,0,1,0,0,0,0,0,0,0,,,,0,0,0,0,0,1,0,0,0,0,0,0,0,0,0.0,0,0,0,3,2,0,0,0,0,1,0,0.0,0.0,0,0,0,0,4,0,,0,0,0,1
2463361,Adama Kamate,adama-kamate,238206,FC San Pedro,6.2,6.2,1,0,0,0,0,,0,11,5,16,68.75,6,5,2,1,1,50.0,0,0,0,0,0,0,0.0,1,1,0,3,42.86,0,0.0,3,37.5,90,0.0,0,0,0,0,1,0,0,0,0,1,0,0,0,0,0.0,0,0,0,1,8,1,2,0,28,2,1,0,0,1,0,0,0,0,,,,0,0,0,0,0,3,1,0,0,0,0,0,1,0,0.0,1,2,0,5,1,0,0,0,3,4,0,0.0,0.0,0,0,0,8,8,0,,0,1,0,1
2368136,Koffi Adjoumani,koffi-adjoumani,238206,FC San Pedro,6.2,6.2,1,0,0,0,0,,0,30,11,41,73.17,29,1,1,0,0,0.0,0,0,0,0,0,0,0.0,0,0,0,1,100.0,0,0.0,1,100.0,90,0.0,0,0,0,0,0,0,0,0,0,0,0,0,0,5,35.71,0,0,0,0,12,0,5,2,50,1,0,0,0,0,0,0,0,1,,,,0,0,0,0,1,3,1,0,0,0,0,0,1,0,0.0,0,0,0,0,0,0,0,0,14,4,0,0.0,0.0,0,0,0,35,6,0,,4,10,0,1
982463,Muzomuhle Khanyi,muzomuhle-khanyi,43555,Stellenbosch,6.18,24.7,4,0,0,1,0,,0,19,22,41,46.34,3,16,9,0,0,0.0,0,2,0,0,0,0,0.0,4,2,2,1,5.88,12,38.71,13,27.08,217,0.0,0,0,0,0,0,0,0,0,2,2,0,0,0,0,0.0,2,0,0,2,31,4,0,0,64,2,12,0,0,2,5,0,0,0,,,,0,0,0,0,0,3,0,0,0,0,0,0,4,0,0.0,0,1,0,35,19,0,0,0,0,3,0,0.0,0.0,0,0,0,4,37,0,,0,7,0,4
2368144,Serge Boti,serge-boti,238206,FC San Pedro,6.1,12.2,2,0,0,0,0,,0,65,10,75,86.67,52,13,1,0,0,0.0,3,1,0,0,0,0,0.0,1,0,1,4,50.0,2,40.0,6,46.15,180,0.0,0,0,0,0,0,0,0,0,1,0,0,0,0,2,25.0,12,0,0,0,11,0,3,1,101,1,4,0,0,0,0,0,0,0,,,,0,0,0,0,0,4,3,0,0,0,0,0,2,0,0.0,0,0,0,7,3,0,0,0,8,7,3,100.0,0.0,0,0,0,57,18,0,,0,7,2,2
996547,Yusuf Mainge,mainge-yusuf,257440,Nairobi United,6.08,24.3,4,0,0,0,0,,0,60,28,88,68.18,39,21,9,0,2,66.67,5,4,0,0,0,0,0.0,1,0,1,7,38.89,3,33.33,10,37.04,357,0.0,0,0,0,0,0,0,0,0,0,1,0,0,0,4,22.22,12,0,0,2,50,0,10,4,172,0,5,0,0,5,0,0,0,0,,,,0,0,0,0,0,7,0,0,0,0,0,0,4,0,0.0,0,3,7,17,6,0,0,0,18,7,4,80.0,0.0,0,0,0,48,40,0,,0,18,0,4
1967151,Efonge Brudel,efonge-brudel,281329,Maniema Union,6.0,6.0,1,0,0,0,0,,0,9,21,30,30.0,4,5,4,0,0,0.0,0,0,0,0,0,0,0.0,0,0,0,1,100.0,1,100.0,2,100.0,90,0.0,0,0,0,0,0,0,0,0,0,0,0,0,0,5,20.0,1,1,0,0,22,0,1,0,39,1,0,0,0,0,0,0,0,2,,,,0,0,0,2,0,1,0,0,0,0,1,0,1,0,0.0,0,0,0,0,0,0,0,0,25,1,0,0.0,0.0,0,0,0,6,24,0,,10,9,0,1
2367905,Mohamed Damaro,mohamed-damaro,353799,Singida Black Stars SC,5.9,5.9,1,0,0,0,0,,0,28,8,36,77.78,10,18,4,0,2,100.0,2,3,1,0,0,0,0.0,0,0,0,5,35.71,1,50.0,6,37.5,90,0.0,0,0,0,0,0,0,0,0,0,0,0,0,0,2,50.0,2,1,0,1,11,0,4,3,52,1,7,0,0,1,0,0,0,0,,,,0,0,0,0,0,2,0,0,0,0,0,0,1,0,0.0,0,2,0,10,1,0,0,0,4,2,1,50.0,0.0,0,0,0,14,22,0,,0,7,0,1
2368152,Enock Machaga,enock-machaga,257440,Nairobi United,5.83,35.0,6,0,0,0,0,,0,52,33,85,61.18,27,25,13,3,0,0.0,3,1,0,1,1,0,0.0,0,0,0,5,20.0,0,0.0,5,13.89,299,0.0,0,0,0,0,0,0,0,0,0,0,0,0,0,4,36.36,4,0,0,10,71,0,12,4,143,2,4,0,0,1,1,0,0,0,,,,0,0,0,0,0,4,1,0,0,0,0,0,3,0,0.0,3,5,1,31,11,0,0,0,11,5,1,33.33,0.0,0,0,0,35,50,0,,0,11,0,6
2111996,Mohamed Diarra,mohamed-diarra,238206,FC San Pedro,5.8,5.8,1,0,0,0,0,,0,28,5,33,84.85,19,9,0,0,0,0.0,0,2,0,0,0,0,0.0,2,1,0,1,100.0,0,0.0,1,33.33,90,0.0,0,0,0,0,0,0,0,0,2,0,0,0,0,4,57.14,5,0,0,0,5,0,5,4,45,1,0,0,0,0,0,1,0,0,,,,0,0,0,0,0,3,1,0,0,0,0,0,1,0,0.0,0,0,0,2,2,0,0,0,7,4,0,0.0,0.0,0,0,0,22,11,0,,5,2,0,1
919739,Abdelali Mhamdi,abdelali-mhamdi,36268,Wydad Casablanca,5.7,5.7,1,0,0,0,0,,0,7,5,12,58.33,4,3,1,0,0,0.0,0,0,1,0,0,0,0.0,0,0,0,0,0.0,0,0.0,0,0.0,60,0.0,0,0,0,1,0,0,0,0,0,0,0,0,0,4,44.44,0,0,0,0,6,0,0,0,18,0,1,0,0,0,0,0,0,2,,,,0,1,0,0,0,2,0,0,0,0,1,0,0,0,0.0,0,0,0,1,0,0,0,0,9,2,0,0.0,0.0,0,0,0,5,7,0,,3,4,0,1
985057,Wonderboy Makhubu,wonderboy-makhubu,43555,Stellenbosch,5.7,5.7,1,0,0,1,0,,0,9,5,14,64.29,5,4,3,0,0,0.0,1,0,1,0,0,0,0.0,6,1,4,4,33.33,4,30.77,8,32.0,90,0.0,0,0,0,0,0,0,0,0,4,2,0,0,0,0,0.0,0,0,0,0,8,0,0,0,29,3,4,0,0,4,0,1,0,0,,,,0,0,0,0,0,3,0,0,0,0,0,0,1,0,0.0,0,0,1,17,9,0,0,0,0,3,0,0.0,0.0,0,0,0,5,9,0,,0,2,0,1
985952,Metacha Mnata,metacha-mnata,353799,Singida Black Stars SC,5.15,10.3,2,0,0,0,0,,0,11,13,24,45.83,10,1,0,0,0,0.0,0,0,0,1,1,0,0.0,0,0,0,0,0.0,0,0.0,0,0.0,118,0.0,0,0,0,0,0,0,0,0,0,0,0,0,0,4,23.53,2,0,0,0,14,0,3,0,32,0,1,0,0,0,0,0,0,1,,,,1,0,0,1,0,0,0,1,2,1,0,0,2,0,0.0,0,0,0,1,1,0,0,0,17,0,0,0.0,0.0,0,0,0,13,11,0,,6,9,0,2
1980606,Ahmed Sharaf,ahmed-sharaf,43560,Al-Masry,0.0,0.0,0,0,0,0,0,,0,0,0,0,0.0,0,0,0,0,0,0.0,0,0,0,0,0,0,0.0,0,0,0,0,0.0,0,0.0,0,0.0,1,0.0,0,0,0,0,0,0,0,0,0,0,0,0,0,0,0.0,0,0,0,0,0,0,0,0,0,0,0,0,0,0,0,0,0,0,,,,0,0,0,0,0,0,0,0,0,0,0,0,0,0,0.0,0,0,0,0,0,0,0,0,0,0,0,0.0,0.0,0,0,0,0,0,0,,0,0,0,1
