player_id,player_name,player_slug,team_id,team_name,rating,totalRating,countRating,goals,bigChancesCreated,bigChancesMissed,assists,expectedAssists,goalsAssistsSum,accuratePasses,inaccuratePasses,totalPasses,accuratePassesPercentage,accurateOwnHalfPasses,accurateOppositionHalfPasses,accurateFinalThirdPasses,keyPasses,successfulDribbles,successfulDribblesPercentage,tackles,interceptions,yellowCards,directRedCards,redCards,accurateCrosses,accurateCrossesPercentage,totalShots,shotsOnTarget,shotsOffTarget,groundDuelsWon,groundDuelsWonPercentage,aerialDuelsWon,aerialDuelsWonPercentage,totalDuelsWon,totalDuelsWonPercentage,minutesPlayed,goalConversionPercentage,penaltiesTaken,penaltyGoals,penaltyWon,penaltyConceded,shotFromSetPiece,freeKickGoal,goalsFromInsideTheBox,goalsFromOutsideTheBox,shotsFromInsideTheBox,shotsFromOutsideTheBox,headedGoals,leftFootGoals,rightFootGoals,accurateLongBalls,accurateLongBallsPercentage,clearances,errorLeadToGoal,errorLeadToShot,dispossessed,possessionLost,possessionWonAttThird,totalChippedPasses,accurateChippedPasses,touches,wasFouled,fouls,hitWoodwork,ownGoals,dribbledPast,offsides,blockedShots,passToAssist,saves,kilometersCovered,numberOfSprints,topSpeed,cleanSheet,penaltyFaced,penaltySave,savedShotsFromInsideTheBox,savedShotsFromOutsideTheBox,goalsConcededInsideTheBox,goalsConcededOutsideTheBox,punches,runsOut,successfulRunsOut,highClaims,crossesNotClaimed,matchesStarted,penaltyConversion,setPieceConversion,totalAttemptAssist,totalContest,totalCross,duelLost,aerialLost,attemptPenaltyMiss,attemptPenaltyPost,attemptPenaltyTarget,totalLongBalls,goalsConceded,tacklesWon,tacklesWonPercentage,scoringFrequency,yellowRedCards,savesCaught,savesParried,totalOwnHalfPasses,totalOppositionHalfPasses,totwAppearances,expectedGoals,goalKicks,ballRecovery,outfielderBlocks,appearances
906073,Mohamed Camara,mohamed-camara,405280,Académie SOAR,8.5,8.5,1,0,0,0,0,,0,39,20,59,66.1,25,14,4,0,0,0.0,0,0,0,0,0,0,0.0,0,0,0,0,0.0,0,0.0,0,0.0,90,0.0,0,0,0,0,0,0,0,0,0,0,0,0,0,20,51.28,1,0,0,0,22,0,24,11,76,0,0,0,0,0,0,0,0,6,,,,1,0,0,3,3,0,0,0,1,1,0,0,1,0,0,0,0,0,0,0,0,0,0,39,0,0,0.0,0.0,0,0,0,30,29,1,,8,16,,1
290611,Rami Bedoui,rami-bedoui,39618,Club Africain,8.3,8.3,1,1,1,0,1,,2,29,4,33,87.88,21,8,2,1,0,0.0,0,1,0,0,0,0,0.0,1,1,0,0,0.0,0,0.0,0,0.0,76,100.0,0,0,0,0,0,0,1,0,1,0,1,0,0,2,50.0,3,0,0,0,4,0,3,3,40,0,0,0,0,0,0,0,0,0,,,,0,0,0,0,0,0,0,0,0,0,0,0,1,0,0,1,0,0,0,0,0,0,0,4,0,0,0.0,76.0,0,0,0,24,9,1,,0,1,,1
1024102,Ukeme Williams,ukeme-williams,215270,Rivers United,7.85,15.7,2,0,0,0,0,,0,66,8,74,89.19,16,54,28,11,0,0.0,6,2,0,0,0,4,50.0,6,2,3,8,57.14,0,0.0,8,50.0,166,0.0,0,0,0,0,0,0,0,0,1,5,0,0,0,8,80.0,3,0,0,1,20,1,7,6,114,2,3,0,0,2,0,1,0,0,,,,0,0,0,0,0,2,0,0,0,0,0,0,2,0,0,11,0,8,8,2,0,0,0,10,2,6,100.0,0.0,0,0,0,18,64,1,,0,8,,2
1101952,Ntokozo Mtshweni,ntokozo-mtshweni,371341,Sekhukhune United,7.7,7.7,1,0,0,0,0,,0,25,10,35,71.43,21,4,1,0,0,0.0,0,0,0,0,0,0,0.0,0,0,0,0,0.0,1,100.0,1,100.0,90,0.0,0,0,0,0,0,0,0,0,0,0,0,0,0,6,37.5,1,0,0,0,10,0,0,0,48,0,0,0,0,0,0,0,0,3,,,,1,0,0,1,2,0,0,1,0,0,3,0,1,0,0,0,0,0,0,0,0,0,0,16,0,0,0.0,0.0,0,0,0,25,10,1,,17,16,,1
1457212,Solomon Agbesi,solomon-agbesi,213969,Dreams,7.7,38.5,5,0,0,0,0,,0,49,68,117,41.88,26,23,7,0,0,0.0,1,0,0,0,0,0,0.0,0,0,0,2,100.0,1,20.0,3,42.86,450,0.0,0,0,0,0,0,0,0,0,0,0,0,0,0,32,32.32,4,1,0,0,71,0,15,8,190,1,0,0,0,0,0,0,0,27,,,,1,0,0,16,10,5,2,1,1,1,13,0,5,0,0,0,0,0,4,4,0,0,0,99,7,1,100.0,0.0,0,0,5,36,81,0,,53,58,,5
869943,Bassem Srarfi,bassem-srarfi,39618,Club Africain,7.68,46.1,6,3,4,0,2,,5,101,32,133,75.94,36,74,39,14,5,55.56,4,4,0,0,0,9,22.5,13,8,5,16,45.71,5,71.43,21,50.0,510,23.08,0,0,0,0,3,0,1,2,5,8,0,2,1,9,50.0,0,0,0,4,85,5,21,8,244,7,8,0,0,3,1,0,0,0,,,,1,0,0,0,0,4,0,0,0,0,0,0,6,0,0,14,9,40,21,2,0,0,0,18,4,4,100.0,170.0,0,0,0,39,134,1,,0,20,,6
547494,Zizo,zizo,42368,Zamalek SC,7.64,76.4,10,3,7,1,6,,9,315,44,359,87.74,66,268,132,24,15,41.67,2,2,1,0,0,19,26.03,18,7,8,38,50.0,5,50.0,43,50.0,815,16.67,1,1,0,0,2,0,2,1,11,7,1,0,2,11,68.75,0,0,0,3,159,5,22,12,578,21,10,1,0,4,8,3,1,0,,,,4,0,0,0,0,2,1,0,0,0,0,0,9,100,0,23,36,73,43,5,0,0,0,16,3,0,0.0,271.67,0,0,0,67,365,4,,0,30,,10
1610417,Sadiq Abubakar Adamu,sadiq-abubakar-adamu,215270,Rivers United,7.58,30.3,4,0,2,1,3,,3,83,17,100,83.0,18,70,46,9,7,70.0,0,0,0,0,0,5,33.33,6,2,2,18,58.06,1,25.0,19,54.29,233,0.0,0,0,0,0,1,0,0,0,2,4,0,0,0,6,85.71,0,0,0,7,43,3,5,3,159,11,1,1,0,2,0,2,0,0,,,,0,0,0,0,0,2,1,0,0,0,0,0,3,0,0,9,10,15,16,3,0,0,0,7,3,0,0.0,0.0,0,0,0,20,95,1,,0,15,,4
1394629,Tendamudzimu Matodzi,tendamudzimu-matodzi,7671,Supersport United,7.55,15.1,2,2,2,1,0,,2,43,20,63,68.25,14,33,11,5,3,30.0,1,2,0,0,0,4,28.57,6,3,2,5,27.78,0,0.0,5,26.32,180,33.33,0,0,0,0,0,0,1,1,4,2,1,0,1,3,60.0,0,0,0,0,43,1,6,3,114,1,1,0,0,5,1,1,0,0,,,,0,0,0,0,0,2,1,0,0,0,0,0,2,0,0,5,10,14,14,1,0,0,0,5,3,1,100.0,90.0,0,0,0,20,57,0,,0,11,,2
941632,Saâdi Redouani,saadi-redouani,42206,USM Alger,7.54,60.3,8,1,0,0,0,,1,173,84,257,67.32,67,126,73,17,8,57.14,15,14,0,0,0,20,37.04,6,2,3,29,70.73,13,72.22,42,71.19,720,16.67,0,0,0,0,0,0,1,0,5,1,0,0,1,22,40.0,17,0,0,0,158,3,37,20,499,6,0,0,0,6,1,1,0,0,,,,5,0,0,0,0,3,1,0,0,0,0,0,8,0,0,17,14,54,17,5,0,0,0,55,4,10,66.67,720.0,0,0,0,90,221,4,,0,37,,8
1000473,Adil Tahif,adil-tahif,80395,RS Berkane,7.5,52.5,7,3,0,0,0,,3,243,37,280,86.79,171,74,32,3,2,100.0,8,14,0,0,0,2,40.0,8,5,3,22,61.11,18,58.06,40,59.7,569,37.5,0,0,0,0,0,0,3,0,8,0,2,0,1,26,60.47,17,0,0,2,49,0,13,8,376,13,7,0,0,5,1,0,0,0,,,,1,0,0,0,0,6,0,0,0,0,0,0,7,0,0,3,2,5,27,13,0,0,0,43,6,5,62.5,189.67,0,0,0,188,97,2,,0,23,,8
1111593,Bangali Cisse,bangali-cisse,405280,Académie SOAR,7.5,7.5,1,0,0,0,0,,0,52,10,62,83.87,37,15,5,0,0,0.0,2,1,1,0,0,0,0.0,0,0,0,3,75.0,3,100.0,6,85.71,90,0.0,0,0,0,0,0,0,0,0,0,0,0,0,0,3,42.86,4,0,0,0,11,0,3,1,75,1,1,0,0,0,0,0,0,0,,,,1,0,0,0,0,0,0,0,0,0,0,0,1,0,0,0,0,0,1,0,0,0,0,7,0,2,100.0,0.0,0,0,0,43,19,0,,0,5,,1
1389684,Yoro Mamadou Diaby,yoro-mamadou-diaby,69326,Stade Malien,7.48,59.8,8,3,0,0,1,,4,213,93,306,69.61,115,99,46,6,1,100.0,14,6,1,0,0,1,50.0,15,6,8,25,78.13,20,58.82,45,68.18,720,20.0,0,0,0,0,6,0,2,1,6,9,0,1,2,56,50.91,22,0,0,1,100,0,55,28,402,11,2,0,0,4,0,1,0,0,,,,3,0,0,0,0,8,1,0,0,0,0,0,8,0,0,6,1,2,21,14,0,0,0,110,9,11,78.57,240.0,0,0,0,141,167,3,,12,33,,8
1126829,Kazie Godswill,kazie-godswill,215270,Rivers United,7.48,59.8,8,1,2,0,1,,2,296,97,393,75.32,130,179,82,11,2,50.0,23,9,3,0,0,13,32.5,12,4,4,43,67.19,23,74.19,66,69.47,720,8.33,0,0,0,0,0,0,1,0,8,4,0,0,1,17,32.69,25,0,0,4,171,6,45,17,662,19,12,0,0,4,0,4,0,0,,,,3,0,0,0,0,9,1,0,0,0,0,0,8,0,0,11,4,40,29,8,0,0,0,52,10,14,60.87,720.0,0,0,0,152,281,2,,0,54,,8
1000314,Wolfrigon Mongondza Ngobo,wolfrigon-mongondza-ngobo,134292,Diables Noirs,7.45,14.9,2,0,0,0,0,,0,30,21,51,58.82,22,8,1,0,0,0.0,0,0,0,0,0,0,0.0,0,0,0,1,100.0,2,100.0,3,100.0,180,0.0,0,0,0,0,0,0,0,0,0,0,0,0,0,9,30.0,2,0,0,0,22,0,1,0,75,1,0,0,0,0,0,0,0,7,,,,1,0,0,4,3,1,0,0,0,0,1,0,2,0,0,0,0,0,0,0,0,0,0,30,1,0,0.0,0.0,0,0,0,24,27,0,,19,20,,2
1457862,Gidios Aseako,gidios-aseako,213969,Dreams,7.44,37.2,5,0,0,0,0,,0,68,57,125,54.4,41,27,10,1,0,0.0,0,0,1,0,0,0,0.0,0,0,0,2,100.0,5,100.0,7,100.0,450,0.0,0,0,0,0,0,0,0,0,0,0,0,0,0,31,35.23,9,0,0,0,57,0,0,0,179,3,0,0,0,0,0,0,0,19,,,,2,0,0,14,5,4,1,7,4,4,5,2,5,0,0,1,0,0,0,0,0,0,0,88,5,0,0.0,0.0,0,0,4,45,80,0,,41,54,,5
1457200,Abdul Aziz Issah,abdul-aziz-issah,213969,Dreams,7.41,74.1,10,4,2,0,2,,6,268,72,340,78.82,103,182,80,15,15,41.67,16,8,0,0,0,17,34.69,45,10,22,52,40.0,4,25.0,56,38.36,884,8.89,0,0,0,0,9,0,2,2,8,37,0,4,0,23,52.27,2,0,0,30,197,17,37,20,626,21,21,0,0,6,2,13,0,0,,,,3,0,0,0,0,9,3,0,0,0,0,0,10,0,0,15,36,49,90,12,0,0,0,44,12,10,62.5,221.0,0,0,0,114,275,1,,0,60,,10
918825,Mahmoud Shaaban,mahmoud-shaaban,265830,Modern Sport FC,7.4,7.4,1,0,0,0,0,,0,33,9,42,78.57,16,20,5,2,1,100.0,0,1,1,0,0,3,42.86,0,0,0,2,40.0,3,75.0,5,55.56,90,0.0,0,0,0,0,0,0,0,0,0,0,0,0,0,4,100.0,3,0,0,0,13,0,1,1,68,1,1,0,0,2,0,0,0,0,,,,1,0,0,0,0,0,0,0,0,0,0,0,1,0,0,2,1,7,4,1,0,0,0,4,0,0,0.0,0.0,0,0,0,17,32,0,,0,3,,1
822677,Katlego Mohamme,katlego-mohamme,371341,Sekhukhune United,7.4,14.8,2,0,0,0,0,,0,66,16,82,80.49,51,15,3,0,0,0.0,1,2,1,0,0,0,0.0,0,0,0,2,50.0,6,85.71,8,72.73,180,0.0,0,0,0,0,0,0,0,0,0,0,0,0,0,11,55.0,15,0,0,0,19,0,8,5,109,1,2,0,0,0,0,0,0,0,,,,2,0,0,0,0,0,0,0,0,0,0,0,2,0,0,0,0,1,3,1,0,0,0,20,0,1,100.0,0.0,0,0,0,61,22,1,,0,4,,2
373894,Abdelkabir El Ouady,abdelkabir-el-ouady,265830,Modern Sport FC,7.4,37.0,5,0,2,1,0,,0,128,37,165,77.58,43,88,58,8,9,64.29,5,4,0,0,0,3,21.43,7,2,1,27,62.79,3,50.0,30,61.22,380,0.0,0,0,0,0,0,0,0,0,5,2,0,0,0,5,62.5,2,0,0,6,78,4,19,12,259,13,1,1,0,4,2,4,0,0,,,,1,0,0,0,0,1,1,0,0,0,0,0,4,0,0,8,14,14,19,3,0,0,0,8,2,3,60.0,0.0,0,0,0,51,128,2,,0,25,,5
1110093,Abdoulaye Kanou,abdoulaye-kanou,42206,USM Alger,7.39,59.1,8,4,1,2,1,,5,72,35,107,67.29,11,61,41,9,3,50.0,6,0,1,0,0,0,0.0,21,9,9,18,46.15,24,46.15,42,46.15,462,19.05,0,0,0,0,0,0,3,1,19,2,0,2,2,1,25.0,10,0,0,7,63,2,1,0,199,10,9,0,0,2,2,3,0,0,,,,1,0,0,0,0,1,0,0,0,0,0,0,4,0,0,9,6,1,49,28,0,0,0,4,1,5,83.33,115.5,0,0,0,12,96,1,,0,11,,8
1066517,Renaldo Leaner,renaldo-leaner,371341,Sekhukhune United,7.35,14.7,2,0,0,0,0,,0,39,28,67,58.21,30,9,1,0,0,0.0,0,0,0,0,0,0,0.0,0,0,0,0,0.0,1,100.0,1,100.0,180,0.0,0,0,0,0,0,0,0,0,0,0,0,0,0,12,31.58,3,0,0,0,28,0,6,1,92,0,0,0,0,0,0,0,0,6,,,,1,0,0,4,2,1,0,1,0,0,2,0,2,0,0,0,0,0,0,0,0,0,0,38,1,0,0.0,0.0,0,1,1,33,34,1,,23,16,,2
105394,Mahmoud Abdel Razik Shikabala,shikabala,42368,Zamalek SC,7.34,51.4,7,1,2,0,2,,3,157,39,196,80.1,33,131,68,9,7,77.78,1,1,1,0,0,7,41.18,15,8,4,10,71.43,1,50.0,11,68.75,391,6.67,0,0,0,0,4,0,0,1,5,10,0,1,0,10,47.62,0,0,0,2,58,2,25,13,257,2,0,0,0,0,1,3,0,0,,,,0,0,0,0,0,2,0,0,0,0,0,0,5,0,0,9,9,17,5,1,0,0,0,21,2,1,100.0,391.0,0,0,0,35,178,1,,0,7,,7
1182227,Luís Tati,luis-tati,195746,Sagrada Esperança,7.34,36.7,5,2,1,1,0,,2,144,50,194,74.23,87,59,12,5,3,37.5,10,7,1,0,0,2,16.67,8,3,3,22,51.16,6,75.0,28,54.9,450,25.0,0,0,0,0,0,0,2,0,6,2,1,0,1,18,47.37,11,0,0,3,98,3,23,12,350,9,10,0,0,4,0,2,0,0,,,,3,0,0,0,0,0,2,0,0,0,0,0,5,0,0,5,8,12,23,2,0,0,0,38,2,9,90.0,225.0,0,0,0,102,104,1,,0,38,,5
866122,Ahmed Khalil,ahmed-khalil,39618,Club Africain,7.34,36.7,5,0,0,1,0,,0,245,45,290,84.48,136,110,34,4,1,100.0,5,10,0,0,0,1,100.0,5,2,2,15,62.5,17,70.83,32,66.67,450,0.0,0,0,0,0,0,0,0,0,4,1,0,0,0,34,75.56,10,0,0,3,55,1,31,15,356,9,7,0,0,0,1,1,0,0,,,,2,0,0,0,0,3,0,0,0,0,0,0,5,0,0,4,1,1,16,7,0,0,0,45,3,4,80.0,0.0,0,0,0,146,145,0,,1,44,,5
1018539,Kingsley Eduwo,kingsley-eduwo,39618,Club Africain,7.32,36.6,5,3,0,1,0,,3,89,29,118,75.42,31,59,28,2,6,50.0,1,0,2,0,0,1,50.0,11,7,3,19,35.19,7,36.84,26,35.62,395,27.27,0,0,0,0,0,0,3,0,7,4,0,0,3,1,100.0,2,0,0,11,62,2,6,3,196,13,19,0,0,1,4,1,0,0,,,,1,0,0,0,0,3,0,0,0,0,0,0,5,0,0,2,12,2,47,12,0,0,0,1,3,1,100.0,131.67,0,0,0,34,86,1,,0,8,,5
1102957,Paul Bassène,paul-bassene,80395,RS Berkane,7.32,43.9,6,4,0,2,0,,4,67,17,84,79.76,19,49,35,6,4,66.67,1,0,0,0,0,1,100.0,10,5,3,11,50.0,20,54.05,31,52.54,404,40.0,0,0,0,0,0,0,4,0,9,1,2,2,0,0,0.0,1,0,0,3,25,3,1,0,127,7,5,0,0,1,2,2,0,0,,,,0,0,0,0,0,3,0,0,0,0,0,0,5,0,0,6,6,1,28,17,0,0,0,2,3,1,100.0,101.0,0,0,0,19,66,2,,0,6,,6
1471146,Brahim Benzaza,brahim-benzaza,42206,USM Alger,7.3,43.8,6,1,1,1,1,,2,113,42,155,72.9,31,88,45,11,3,42.86,7,4,0,0,0,6,25.0,5,4,1,23,51.11,3,27.27,26,46.43,448,20.0,0,0,0,0,1,0,0,1,1,4,0,1,0,5,38.46,2,0,0,4,84,4,13,9,260,13,7,0,0,8,0,0,0,0,,,,0,0,0,0,0,0,0,0,0,0,0,0,5,0,0,11,7,24,30,8,0,0,0,13,0,6,85.71,448.0,0,0,0,42,137,0,,0,27,,6
1546468,Tamko Nuhu,tamko-nuhu,213969,Dreams,7.3,7.3,1,1,0,0,0,,1,5,1,6,83.33,2,3,3,0,1,100.0,0,0,0,0,0,0,0.0,1,1,0,1,50.0,2,50.0,3,50.0,29,100.0,0,0,0,0,0,0,1,0,1,0,0,1,0,0,0.0,1,0,0,0,4,0,0,0,13,0,1,0,0,0,0,0,0,0,,,,0,0,0,0,0,0,0,0,0,0,0,0,0,0,0,0,1,1,3,2,0,0,0,0,0,0,0.0,29.0,0,0,0,2,5,0,,0,1,,1
873548,Nasser Maher,nasser-maher,265830,Modern Sport FC,7.3,7.3,1,0,0,0,0,,0,44,8,52,84.62,18,29,16,2,1,100.0,0,1,0,0,0,3,37.5,0,0,0,2,50.0,0,0.0,2,40.0,87,0.0,0,0,0,0,0,0,0,0,0,0,0,0,0,2,100.0,0,0,0,1,19,1,6,3,71,1,1,0,0,0,0,0,0,0,,,,0,0,0,0,0,0,0,0,0,0,0,0,1,0,0,2,1,8,3,1,0,0,0,2,0,0,0.0,0.0,0,0,0,18,42,0,,0,4,,1
1612555,Wiwí,wiwi,195746,Sagrada Esperança,7.3,7.3,1,0,0,0,0,,0,48,8,56,85.71,39,9,4,0,0,0.0,1,0,0,0,0,0,0.0,0,0,0,1,50.0,4,57.14,5,55.56,91,0.0,0,0,0,0,0,0,0,0,0,0,0,0,0,7,58.33,3,0,0,0,8,0,2,2,63,0,1,0,0,1,0,0,0,0,,,,1,0,0,0,0,0,0,0,0,0,0,0,1,0,0,0,0,0,4,3,0,0,0,12,0,1,100.0,0.0,0,0,0,44,12,0,,0,5,,2
37024,Badra Ali Sangaré,badra-ali-sangare,371341,Sekhukhune United,7.3,21.9,3,0,0,0,0,,0,80,30,110,72.73,62,18,8,0,0,0.0,0,0,0,0,0,0,0.0,0,0,0,1,100.0,1,100.0,2,100.0,270,0.0,0,0,0,0,0,0,0,0,0,0,0,0,0,26,46.43,1,0,0,0,31,0,15,9,139,1,0,0,0,0,0,0,0,9,,,,1,0,0,7,2,2,1,1,1,1,1,0,3,0,0,0,0,0,0,0,0,0,0,56,3,0,0.0,0.0,0,0,4,66,44,0,,42,21,,3
880777,Ibrahima Ndiaye,ibrahima-ndiaye,42368,Zamalek SC,7.28,43.7,6,1,1,1,0,,1,120,33,153,78.43,45,78,47,6,4,66.67,4,3,1,0,0,3,17.65,13,4,6,19,51.35,13,92.86,32,62.75,300,7.69,0,0,0,0,0,0,0,1,11,2,0,1,0,6,54.55,4,0,0,2,60,3,10,7,244,12,8,0,0,6,2,3,0,0,,,,1,0,0,0,0,0,0,0,0,0,0,0,4,0,0,6,6,17,19,1,0,0,0,11,0,3,75.0,300.0,0,0,0,50,120,0,,0,19,,6
563024,Hamza Mathlouthi,mathlouthi-hamza,42368,Zamalek SC,7.28,80.1,11,2,0,1,0,,2,524,95,619,84.65,336,189,48,1,0,0.0,18,8,4,0,0,1,33.33,8,4,4,26,70.27,32,58.18,58,63.04,963,25.0,0,0,0,0,0,0,2,0,8,0,1,1,0,82,62.12,27,0,0,1,106,1,77,45,720,8,6,0,0,4,0,0,0,0,,,,7,0,0,0,0,3,1,0,0,0,0,0,11,0,0,1,0,3,34,23,0,0,0,132,4,9,50.0,481.5,0,0,0,374,248,1,,2,59,,11
1002239,Adem Alilet,adem-alilet,42206,USM Alger,7.28,36.4,5,0,0,1,1,,1,146,49,195,74.87,93,53,18,2,3,100.0,5,2,1,0,0,0,0.0,3,1,2,10,66.67,14,70.0,24,68.57,378,0.0,0,0,0,0,0,0,0,0,3,0,0,0,0,22,40.74,33,0,0,3,56,0,31,18,262,2,2,1,0,0,0,0,0,0,,,,3,0,0,0,0,0,1,0,0,0,0,0,4,0,0,2,3,2,11,6,0,0,0,54,1,3,60.0,0.0,0,0,0,110,87,0,,0,32,,5
1024093,Shedrack Asiegbu,shedrack-asiegbu,215270,Rivers United,7.28,29.1,4,1,1,0,0,,1,94,9,103,91.26,42,52,18,1,3,50.0,5,3,0,0,0,0,0.0,5,4,1,14,77.78,3,60.0,17,73.91,242,20.0,0,0,0,0,0,0,1,0,1,4,0,1,0,4,57.14,0,0,0,1,19,1,9,4,139,6,1,0,0,0,0,0,0,0,,,,0,0,0,0,0,1,0,0,0,0,0,0,3,0,0,1,6,2,6,2,0,0,0,7,1,4,80.0,242.0,0,0,0,46,59,1,,0,15,,4
1007589,Oussama Benbot,oussama-benbot,42206,USM Alger,7.26,58.1,8,0,0,0,0,,0,108,70,178,60.67,71,37,9,0,0,0.0,0,0,2,0,0,0,0.0,1,1,0,0,0.0,2,100.0,2,100.0,720,0.0,0,0,0,0,0,0,0,0,1,0,0,0,0,46,40.0,4,0,1,0,71,0,37,17,246,2,0,0,0,0,0,0,0,24,,,,5,0,0,10,14,3,1,2,0,0,4,0,8,0,0,0,0,0,0,0,0,0,0,115,4,0,0.0,0.0,0,0,5,82,96,2,,68,62,,8
1518101,Shandre Campbell,campbell-shandre,7671,Supersport United,7.26,36.3,5,0,3,0,1,,1,111,24,135,82.22,32,92,42,12,13,68.42,3,2,2,0,0,13,26.53,13,8,4,21,50.0,4,80.0,25,53.19,440,0.0,0,0,0,0,1,0,0,0,5,8,0,0,0,7,63.64,0,0,0,3,87,5,11,8,264,5,6,0,0,6,0,1,0,0,,,,0,0,0,0,0,4,3,0,0,0,0,0,5,0,0,12,19,49,22,1,0,0,0,11,7,2,66.67,0.0,0,0,0,36,148,0,,0,17,,5
978955,Youssef El Fahli,youssef-el-fahli,80395,RS Berkane,7.26,65.3,9,1,2,2,1,,2,73,54,127,57.48,34,47,23,10,10,50.0,13,6,2,0,0,8,27.59,11,4,6,43,62.32,9,45.0,52,58.43,505,9.09,0,0,1,0,0,0,1,0,11,0,0,1,0,3,21.43,4,0,0,6,109,6,16,4,288,20,9,1,0,3,8,1,0,0,,,,1,0,0,0,0,5,0,0,0,0,0,0,5,0,0,10,20,29,37,11,0,0,0,14,5,9,69.23,505.0,0,0,0,44,112,0,,0,25,,9
919954,Youssef Zghoudi,youssef-zghoudi,80395,RS Berkane,7.25,58.0,8,3,3,0,2,,5,65,27,92,70.65,21,48,29,4,0,0.0,3,3,1,0,0,4,36.36,15,5,6,11,42.31,16,61.54,27,51.92,386,20.0,0,0,0,0,0,0,2,1,13,2,1,1,1,0,0.0,0,0,0,0,53,1,2,1,164,9,6,1,0,4,1,4,0,0,,,,0,0,0,0,0,2,0,0,0,0,0,0,4,0,0,4,6,11,25,10,0,0,0,3,2,3,100.0,128.67,0,0,0,24,79,1,,0,19,,8
918505,Nabil Donga,nabil-donga,42368,Zamalek SC,7.24,79.6,11,0,2,0,1,,1,701,87,788,88.96,342,359,139,3,5,62.5,29,10,3,0,0,0,0.0,8,0,4,53,58.89,10,52.63,63,57.8,961,0.0,0,0,0,0,0,0,0,0,5,3,0,0,0,75,69.44,13,0,0,8,120,4,83,53,932,20,15,0,0,11,0,4,0,0,,,,7,0,0,0,0,3,1,0,0,0,0,0,11,0,0,3,8,2,46,9,0,0,0,108,4,23,79.31,0.0,0,0,0,369,421,1,,0,83,,11
841004,Joseph Jonathan Ngwem,joseph-jonathan-ngwem,265830,Modern Sport FC,7.23,21.7,3,2,1,0,0,,2,91,31,122,74.59,50,46,19,4,1,25.0,3,7,0,0,0,5,22.73,4,2,1,5,31.25,4,66.67,9,40.91,253,50.0,0,0,0,0,0,0,1,1,3,1,0,2,0,9,47.37,5,0,0,4,61,1,14,6,202,2,3,0,0,1,1,1,0,0,,,,0,0,0,0,0,3,0,0,0,0,0,0,3,0,0,4,4,22,13,2,0,0,0,19,3,1,33.33,126.5,0,0,0,63,81,2,,0,23,,3
841938,Mahmoud Genesh,mahmoud-genesh,265830,Modern Sport FC,7.23,50.6,7,0,0,0,0,,0,96,76,172,55.81,65,31,13,1,0,0.0,0,0,1,0,0,0,0.0,0,0,0,2,100.0,5,100.0,7,100.0,626,0.0,0,0,0,0,0,0,0,0,0,0,0,0,0,41,35.04,11,0,0,0,76,0,15,5,225,2,0,0,0,0,0,0,0,22,,,,2,1,0,15,7,4,1,8,1,1,0,0,7,0,0,1,0,0,0,0,0,0,0,117,5,0,0.0,0.0,0,0,7,72,100,1,,64,68,,7
919671,Mohamed El Morabit,mohamed-el-morabit,80395,RS Berkane,7.22,72.2,10,2,4,0,3,,5,171,63,234,73.08,64,128,71,24,10,38.46,8,3,1,0,0,21,51.22,8,4,4,31,41.89,6,42.86,37,42.05,695,25.0,0,0,0,0,0,0,2,0,4,4,0,1,1,8,42.11,2,0,0,11,134,9,16,5,397,13,10,1,0,6,2,0,0,0,,,,3,0,0,0,0,5,0,0,0,0,0,0,8,0,0,24,26,41,51,8,0,0,0,19,5,5,62.5,347.5,0,0,0,69,206,2,,0,44,,10
1610369,Alex Oyowah,alex-oyowah,215270,Rivers United,7.21,57.7,8,2,1,0,2,,4,228,64,292,78.08,79,149,83,8,10,71.43,17,3,1,0,0,0,0.0,10,5,4,37,53.62,20,45.45,57,50.44,630,20.0,1,1,0,0,0,0,2,0,10,0,0,0,2,10,66.67,4,0,0,13,101,3,16,9,421,10,9,0,0,7,0,1,0,0,,,,3,0,0,0,0,9,0,0,0,0,0,0,8,100,0,8,14,3,56,24,0,0,0,15,9,7,41.18,315.0,0,0,0,91,204,2,,0,39,,8
359284,Omar Arjoune,omar-arjoune,80395,RS Berkane,7.21,57.7,8,0,1,1,0,,0,326,65,391,83.38,182,152,57,9,2,50.0,14,5,0,1,1,8,57.14,6,1,4,25,65.79,8,40.0,33,56.9,635,0.0,0,0,0,0,0,0,0,0,4,2,0,0,0,22,51.16,15,0,0,2,85,1,36,15,505,10,6,1,0,4,0,1,0,0,,,,2,0,0,0,0,3,0,0,0,0,0,0,7,0,0,9,4,14,25,12,0,0,0,43,3,10,71.43,0.0,0,0,0,201,204,0,,0,47,,8
791413,John Antwi,john-antwi,213969,Dreams,7.21,72.1,10,4,2,1,2,,6,161,48,209,77.03,40,121,67,16,2,18.18,8,1,0,0,0,0,0.0,17,9,7,26,39.39,19,39.58,45,39.47,868,23.53,1,1,0,0,0,0,4,0,17,0,1,0,3,2,40.0,4,0,0,12,100,6,4,2,331,17,18,0,0,3,3,1,0,0,,,,1,0,0,0,0,9,3,0,0,0,0,0,10,100,0,16,11,2,69,29,0,0,0,5,12,2,25.0,217.0,0,0,0,51,160,2,,0,31,,10
1177138,Etiosa Godspower Ighodaro,etiosa-godspower-ighodaro,7671,Supersport United,7.2,36.0,5,1,0,2,0,,1,68,44,112,60.71,20,48,30,4,3,42.86,1,2,0,0,0,0,0.0,9,3,5,10,34.48,28,63.64,38,52.05,386,11.11,0,0,0,0,0,0,1,0,9,0,1,0,0,8,100.0,2,0,0,4,62,3,7,3,163,7,11,1,0,0,5,1,0,0,,,,0,0,0,0,0,3,2,0,0,0,0,0,4,0,0,4,7,0,35,16,0,0,0,8,5,1,100.0,386.0,0,0,0,25,87,1,,0,12,,5
1612497,Mohamed Bangoura,mohamed-bangoura,405280,Académie SOAR,7.2,7.2,1,0,0,0,0,,0,32,10,42,76.19,18,14,8,2,0,0.0,2,3,1,0,0,0,0.0,1,0,1,2,22.22,2,100.0,4,36.36,90,0.0,0,0,0,0,0,0,0,0,1,0,0,0,0,3,75.0,0,0,0,3,22,2,2,1,64,0,3,0,0,0,0,0,0,0,,,,1,0,0,0,0,0,0,0,0,0,0,0,1,0,0,2,1,4,7,0,0,0,0,4,0,1,50.0,0.0,0,0,0,18,28,0,,0,7,,1
1140803,Abdelhak Assal,abdelhak-assal,80395,RS Berkane,7.19,64.7,9,0,2,0,0,,0,343,49,392,87.5,229,115,31,2,2,66.67,15,7,2,0,0,1,50.0,7,0,5,24,75.0,27,72.97,51,73.91,733,0.0,0,0,0,0,0,0,0,0,5,2,0,0,0,31,59.62,25,0,0,1,62,0,34,22,497,7,3,0,0,3,0,2,0,0,,,,4,0,0,0,0,5,0,0,0,0,0,0,8,0,0,2,3,2,18,10,0,0,0,52,5,11,73.33,0.0,0,0,0,254,140,0,,0,38,,10
1479322,Abdessamed Bounacer,abdessamed-bounacer,42206,USM Alger,7.18,28.7,4,0,0,0,0,,0,104,33,137,75.91,66,38,11,0,1,100.0,9,5,1,0,0,0,0.0,2,0,2,13,68.42,15,71.43,28,70.0,354,0.0,0,0,0,0,0,0,0,0,0,2,0,0,0,17,47.22,19,0,0,0,35,1,15,8,187,3,4,0,0,2,0,0,0,0,,,,2,0,0,0,0,3,0,0,0,0,0,0,4,0,0,0,1,0,12,6,0,0,0,36,3,6,66.67,0.0,0,0,0,76,61,0,,0,10,,6
1427164,N'Golo Traoré,ngolo-traore,69326,Stade Malien,7.17,50.2,7,0,0,0,0,,0,79,49,128,61.72,52,27,9,0,0,0.0,1,0,2,0,0,0,0.0,0,0,0,1,100.0,2,100.0,3,100.0,630,0.0,0,0,0,0,0,0,0,0,0,0,0,0,0,38,44.71,8,1,0,0,54,0,22,12,197,1,0,0,0,0,0,0,0,21,,,,3,2,0,13,8,6,0,2,4,4,6,0,7,0,0,0,0,0,0,0,0,0,0,85,6,1,100.0,0.0,0,1,2,57,71,0,,43,72,,7
1606544,Ghaith Zaalouni,zaalouni-ghaith,39618,Club Africain,7.17,43.0,6,0,0,2,0,,0,118,46,164,71.95,61,60,27,4,9,52.94,13,11,0,0,0,3,25.0,4,1,3,48,68.57,12,66.67,60,68.18,537,0.0,0,0,0,0,0,0,0,0,3,1,0,0,0,8,36.36,11,0,0,8,104,3,21,7,380,27,4,0,0,3,1,0,0,0,,,,2,0,0,0,0,4,0,0,0,0,0,0,6,0,0,4,17,12,28,6,0,0,0,22,4,5,38.46,0.0,0,0,0,74,102,0,,0,37,,6
932999,Oussama Chita,oussama-chita,42206,USM Alger,7.16,35.8,5,1,0,0,0,,1,213,37,250,85.2,113,100,29,2,2,66.67,2,9,0,0,0,0,0.0,1,1,0,8,53.33,14,63.64,22,59.46,442,100.0,0,0,0,0,0,0,1,0,1,0,0,1,0,18,72.0,16,0,0,1,47,1,12,8,311,4,5,0,0,1,0,0,0,0,,,,3,0,0,0,0,2,1,0,0,0,0,0,5,0,0,2,3,1,15,8,0,0,0,25,3,1,50.0,442.0,0,0,0,130,121,1,,0,32,,5
1457204,Emmanuel Agyei,emmanuel-agyei,213969,Dreams,7.16,71.6,10,0,0,0,0,,0,358,97,455,78.68,176,185,64,8,10,71.43,35,21,3,0,0,3,75.0,7,1,6,68,56.2,22,50.0,90,54.55,900,0.0,0,0,0,0,0,0,0,0,2,5,0,0,0,34,52.31,24,0,0,7,132,4,44,23,656,23,22,0,0,20,0,0,0,0,,,,3,0,0,0,0,9,3,0,0,0,0,0,10,0,0,8,14,4,75,22,0,0,0,65,12,22,62.86,0.0,0,0,0,208,251,1,,0,89,,10
364758,Issoufou Dayo,issoufou-dayo,80395,RS Berkane,7.15,57.2,8,2,0,3,0,,2,276,50,326,84.66,205,71,18,1,2,66.67,7,4,1,0,0,0,0.0,9,3,5,12,57.14,16,66.67,28,62.22,652,22.22,1,1,0,0,0,0,2,0,9,0,1,0,1,18,38.3,22,0,0,1,57,1,23,7,392,3,6,0,0,2,4,1,0,0,,,,4,0,0,0,0,3,0,0,0,0,0,0,7,100,0,1,3,0,17,8,0,0,0,47,3,5,71.43,326.0,0,0,0,222,104,1,,0,27,,8
141831,Peter Nworah,peter-nworah,375021,Abu Salim SC,7.15,42.9,6,0,3,0,2,,2,61,34,95,64.21,19,42,23,6,3,42.86,7,1,4,0,0,0,0.0,6,3,3,26,46.43,10,38.46,36,43.9,532,0.0,0,0,0,0,0,0,0,0,6,0,0,0,0,1,100.0,3,0,0,2,65,3,5,1,190,16,19,1,0,6,4,0,0,0,,,,1,0,0,0,0,4,0,0,0,0,0,0,6,0,0,6,7,3,46,16,0,0,0,1,4,4,57.14,0.0,0,0,0,25,73,1,,0,12,,6
1612727,Modibo Sissoko,modibo-sissoko,69326,Stade Malien,7.15,28.6,4,0,1,0,1,,1,106,38,144,73.61,45,67,31,6,0,0.0,7,4,1,0,0,6,35.29,3,2,1,9,47.37,8,53.33,17,50.0,360,0.0,0,0,0,0,2,0,0,0,0,3,0,0,0,14,53.85,8,0,0,2,67,0,13,5,256,2,7,0,0,0,0,0,0,0,,,,2,0,0,0,0,3,0,0,0,0,0,0,4,0,0,6,1,17,17,7,0,0,0,26,3,5,71.43,0.0,0,0,0,62,99,0,,0,14,,4
918622,Naser Mansi,naser-mansi,42368,Zamalek SC,7.13,49.9,7,2,1,2,0,,2,64,19,83,77.11,14,51,28,5,3,100.0,5,1,0,0,0,1,50.0,12,4,3,15,65.22,10,50.0,25,58.14,292,16.67,0,0,0,0,0,0,2,0,11,1,0,1,1,4,66.67,3,0,0,1,32,3,5,5,138,7,5,0,0,4,4,5,0,0,,,,0,0,0,0,0,1,0,0,0,0,0,0,3,0,0,5,3,2,18,10,0,0,0,6,1,5,100.0,146.0,0,0,0,18,67,1,,0,13,,8
1018822,Zineddine Belaid,zineddine-belaid,42206,USM Alger,7.13,49.9,7,0,1,0,0,,0,196,51,247,79.35,132,64,23,3,0,0.0,5,10,0,0,1,0,0.0,1,0,0,10,58.82,15,71.43,25,65.79,629,0.0,0,0,0,0,0,0,0,0,1,0,0,0,0,41,50.62,18,0,0,0,55,0,41,19,307,6,6,0,0,2,1,1,0,0,,,,5,0,0,0,0,2,1,0,0,0,0,0,7,0,0,3,0,0,13,6,0,0,0,81,3,4,80.0,0.0,1,0,0,140,107,0,,1,18,,7
791574,Mohamed Abdel Shafi,mohamed-abdel-shafi,42368,Zamalek SC,7.13,28.5,4,0,0,0,0,,0,229,51,280,81.79,101,130,59,1,3,50.0,4,7,0,0,0,2,15.38,1,1,0,10,71.43,2,66.67,12,70.59,330,0.0,0,0,0,0,0,0,0,0,0,1,0,0,0,11,29.73,4,0,0,1,80,1,32,13,356,3,1,0,0,0,0,0,0,0,,,,3,0,0,0,0,0,0,0,0,0,0,0,4,0,0,1,6,13,5,1,0,0,0,37,0,1,25.0,0.0,0,0,0,113,180,0,,0,24,,4
1182584,Youssef Mehri,youssef-mehri,80395,RS Berkane,7.12,64.1,9,0,6,2,2,,2,166,60,226,73.45,46,124,72,20,6,35.29,4,1,1,0,0,4,30.77,12,2,6,27,54.0,13,59.09,40,55.56,701,0.0,0,0,0,0,0,0,0,0,6,6,0,0,0,6,46.15,5,0,0,5,106,13,18,7,343,17,5,1,0,2,6,4,0,0,,,,2,0,0,0,0,5,0,0,0,0,0,0,8,0,0,20,17,13,32,9,0,0,0,13,5,2,50.0,0.0,0,0,0,60,179,1,,0,41,,10
880622,Ahmed Fatouh,ahmed-fatouh,42368,Zamalek SC,7.12,35.6,5,0,1,0,0,,0,251,59,310,80.97,124,129,77,5,7,63.64,9,8,2,0,0,2,22.22,2,1,1,21,43.75,14,73.68,35,52.24,440,0.0,0,0,0,0,0,0,0,0,1,1,0,0,0,13,39.39,17,0,0,9,93,3,33,17,440,7,8,0,0,6,0,0,0,0,,,,1,0,0,0,0,3,1,0,0,0,0,0,5,0,0,5,11,9,32,5,0,0,0,33,4,6,66.67,0.0,0,0,0,147,172,1,,0,36,,5
1107442,Mutassim Al Taib,mutassim-al-taib,375029,Al Hilal Benghazi SC,7.12,42.7,6,3,0,2,0,,3,95,31,126,75.4,50,46,27,2,5,62.5,5,3,1,0,0,1,20.0,15,8,6,17,44.74,2,40.0,19,44.19,398,20.0,0,0,0,0,3,0,2,1,6,9,0,0,3,5,41.67,8,0,0,9,56,3,7,3,216,7,5,3,0,4,1,1,0,0,,,,0,0,0,0,0,6,2,0,0,0,0,0,5,0,0,2,8,5,24,3,0,0,0,12,8,4,80.0,132.67,0,0,0,59,72,1,,0,25,,6
1093721,Mostafa Shalaby,mostafa-shalaby,42368,Zamalek SC,7.12,42.7,6,1,1,2,1,,2,143,30,173,82.66,40,106,65,9,8,50.0,6,3,1,0,0,3,16.67,9,4,5,22,44.0,4,50.0,26,44.83,369,11.11,0,0,0,0,0,0,1,0,6,3,0,0,1,4,36.36,0,0,0,8,72,2,9,5,273,9,8,0,0,4,1,0,0,0,,,,0,0,0,0,0,2,1,0,0,0,0,0,5,0,0,9,16,18,32,4,0,0,0,11,3,4,66.67,369.0,0,0,0,50,141,0,,0,19,,6
1114708,Mouad Al Mansouri,mouad-al-mansouri,375021,Abu Salim SC,7.11,49.8,7,0,0,0,0,,0,69,63,132,52.27,32,37,9,0,0,0.0,0,0,1,0,0,0,0.0,0,0,0,2,100.0,1,100.0,3,100.0,585,0.0,0,0,0,0,0,0,0,0,0,0,0,0,0,51,45.13,5,1,1,0,63,0,32,17,175,2,0,0,0,0,0,0,0,17,,,,4,0,0,10,7,6,0,3,0,0,6,0,6,0,0,0,0,0,0,0,0,0,0,113,6,0,0.0,0.0,0,0,3,36,96,0,,61,47,,7
1109002,Ahmed Atef,ahmed-atef,265830,Modern Sport FC,7.1,56.8,8,2,2,1,1,,3,53,28,81,65.43,13,40,27,5,13,61.9,6,1,0,0,0,0,0.0,14,4,6,25,54.35,2,13.33,27,44.26,521,14.29,0,0,0,0,2,0,2,0,11,3,0,0,2,2,50.0,3,0,0,5,65,2,6,3,171,7,4,1,0,4,6,4,0,0,,,,1,0,0,0,0,5,0,0,0,0,0,0,6,0,0,5,21,5,34,13,0,0,0,4,5,5,83.33,260.5,0,0,0,18,68,1,,0,10,,8
967020,Ghanam Mohamed,ghanam-mohamed,265830,Modern Sport FC,7.1,56.8,8,1,1,0,1,,2,292,51,343,85.13,143,149,53,1,5,55.56,11,7,0,0,0,0,0.0,10,2,5,30,57.69,7,41.18,37,53.62,698,10.0,0,0,0,0,0,0,0,1,0,10,0,0,1,25,59.52,8,0,0,5,75,1,25,12,447,14,7,2,0,7,0,3,0,0,,,,3,0,0,0,0,5,1,0,0,0,0,0,8,0,0,1,9,1,32,10,0,0,0,42,6,8,72.73,698.0,0,0,0,156,188,1,,0,78,,8
1469711,Lorry Nkolo,lorry-nkolo,134292,Diables Noirs,7.1,7.1,1,1,0,0,0,,1,5,0,5,100.0,1,4,3,0,0,0.0,0,0,0,0,0,0,0.0,1,1,0,0,0.0,1,100.0,1,100.0,26,100.0,1,1,0,0,0,0,1,0,1,0,0,0,1,1,100.0,0,0,0,0,2,0,1,1,9,0,0,0,0,0,0,0,0,0,,,,0,0,0,0,0,0,0,0,0,0,0,0,0,100,0,0,0,1,0,0,0,0,0,1,0,0,0.0,26.0,0,0,0,1,5,0,,0,1,,1
1467080,Aholou Gael Avocevou,aholou-gael-avocevou,213969,Dreams,7.1,14.2,2,1,0,0,0,,1,16,1,17,94.12,4,12,7,1,0,0.0,0,0,0,0,0,0,0.0,3,2,1,1,25.0,0,0.0,1,12.5,85,33.33,0,0,0,0,0,0,1,0,3,0,0,0,1,1,100.0,1,0,0,0,4,1,1,1,28,1,4,0,0,0,1,0,0,0,,,,0,0,0,0,0,2,1,0,0,0,0,0,1,0,0,1,0,0,7,4,0,0,0,1,3,0,0.0,85.0,0,0,0,5,12,0,,0,1,,3
1610388,Echeta Ugonna Deputy,echeta-ugonna-deputy,215270,Rivers United,7.1,49.7,7,1,1,2,0,,1,102,41,143,71.33,23,82,52,8,9,42.86,7,2,0,0,0,3,33.33,13,2,7,29,49.15,10,62.5,39,52.0,407,7.69,0,0,1,0,0,0,1,0,11,2,1,0,0,0,0.0,0,0,0,7,81,3,6,2,243,13,11,0,0,2,1,4,0,0,,,,0,0,0,0,0,4,1,0,0,0,0,0,5,0,0,8,21,9,36,6,0,0,0,2,5,4,57.14,407.0,0,0,0,27,125,1,,0,21,,7
1612722,Lassine Kouma,lassine-kouma,69326,Stade Malien,7.1,56.8,8,1,1,0,0,,1,194,48,242,80.17,52,146,82,12,7,70.0,16,2,1,0,0,4,50.0,11,4,3,30,45.45,7,35.0,37,43.02,502,9.09,0,0,0,0,0,0,1,0,4,7,0,0,1,11,57.89,6,0,0,8,81,7,14,9,353,7,17,0,0,9,2,4,0,0,,,,2,0,0,0,0,5,0,0,0,0,0,0,5,0,0,12,10,8,49,13,0,0,0,19,5,13,81.25,502.0,0,0,0,68,182,0,,0,46,,8
1444569,Cheikhou Dieng,cheikhou-dieng,405280,Académie SOAR,7.1,21.3,3,0,0,0,0,,0,59,26,85,69.41,44,15,7,0,0,0.0,1,0,1,0,0,0,0.0,0,0,0,1,100.0,0,0.0,1,100.0,249,0.0,0,0,0,0,0,0,0,0,0,0,0,0,0,23,47.92,1,0,0,0,27,0,15,12,125,0,1,0,0,0,0,0,0,11,,,,0,0,0,6,5,6,1,0,7,7,1,0,3,0,0,0,0,0,0,0,0,0,0,48,7,1,100.0,0.0,0,0,0,53,32,1,,15,36,,3
1427155,Toufik Cherifi,toufik-cherifi,39618,Club Africain,7.1,42.6,6,0,1,0,0,,0,265,62,327,81.04,184,83,31,4,2,50.0,12,5,0,0,0,2,100.0,1,0,1,19,70.37,15,68.18,34,69.39,540,0.0,0,0,0,0,0,0,0,0,1,0,0,0,0,36,49.32,12,0,0,0,68,0,39,21,387,5,5,0,0,2,0,0,0,0,,,,2,0,0,0,0,4,0,0,0,0,0,0,6,0,0,4,4,2,15,7,0,0,0,73,4,7,58.33,0.0,0,0,0,199,130,0,,0,32,,6
159677,Omar Gaber,omar-gaber,42368,Zamalek SC,7.09,70.9,10,0,1,0,1,,1,349,74,423,82.51,148,212,98,6,6,66.67,15,10,1,0,0,11,35.48,1,1,0,28,59.57,5,41.67,33,55.93,842,0.0,0,0,0,0,0,0,0,0,0,1,0,0,0,10,33.33,14,0,0,2,119,1,30,14,621,7,9,0,0,5,1,0,0,0,,,,4,0,0,0,0,4,1,0,0,0,0,0,9,0,0,6,9,31,26,7,0,0,0,30,5,6,40.0,0.0,0,0,0,176,278,2,,0,52,,10
1114055,Abdulmoneim Akasha,abdulmoneim-akasha,375021,Abu Salim SC,7.09,49.6,7,2,2,1,0,,2,184,55,239,76.99,76,117,58,10,3,37.5,12,6,0,0,0,9,45.0,11,5,5,30,52.63,2,25.0,32,49.23,619,18.18,0,0,0,0,3,0,1,1,4,7,0,2,0,12,54.55,4,0,0,3,91,2,18,12,356,15,11,0,0,9,1,1,0,0,,,,3,0,0,0,0,6,0,0,0,0,0,0,7,0,0,10,8,20,33,6,0,0,0,22,6,4,33.33,309.5,0,0,0,92,167,1,,0,45,,7
920946,Siphosakhe Ntiya-Ntiya,siphosakhe-ntiya-ntiya,371341,Sekhukhune United,7.08,35.4,5,0,0,0,0,,0,92,35,127,72.44,57,40,15,1,2,66.67,8,6,2,0,0,5,31.25,1,0,1,18,69.23,4,40.0,22,61.11,405,0.0,0,0,0,0,0,0,0,0,0,1,0,0,0,11,44.0,17,0,0,1,67,0,13,6,258,9,5,0,0,2,2,0,0,0,,,,2,0,0,0,0,1,1,0,0,0,0,0,4,0,0,1,3,16,14,6,0,0,0,25,2,5,62.5,0.0,0,0,0,69,74,0,,0,22,,5
982614,Mamadou Traore,mamadou-traore,69326,Stade Malien,7.08,28.3,4,1,0,1,0,,1,82,19,101,81.19,28,54,27,4,2,50.0,6,4,0,0,0,0,0.0,7,2,2,17,54.84,2,25.0,19,48.72,351,14.29,0,0,0,0,0,0,1,0,5,2,0,1,0,3,42.86,0,0,0,7,42,0,1,0,164,9,3,0,0,2,0,3,0,0,,,,2,0,0,0,0,3,0,0,0,0,0,0,4,0,0,4,4,2,20,6,0,0,0,7,3,4,66.67,351.0,0,0,0,31,72,0,,0,9,,4
1100661,Hernest Malonga,hernest-malonga,134292,Diables Noirs,7.08,28.3,4,0,1,0,1,,1,117,25,142,82.39,66,57,31,4,2,50.0,5,8,1,0,0,6,31.58,3,0,2,12,54.55,4,40.0,16,50.0,334,0.0,0,0,0,0,0,0,0,0,2,1,0,0,0,7,46.67,14,0,0,3,59,1,12,7,254,5,4,0,0,1,1,1,0,0,,,,0,0,0,0,0,7,1,0,0,0,0,0,4,0,0,4,4,19,16,6,0,0,0,15,8,3,60.0,0.0,0,0,0,76,85,0,,0,24,,4
1612715,Dramane Traoré,dramane-traore,69326,Stade Malien,7.08,56.6,8,0,2,0,1,,1,180,79,259,69.5,82,104,45,11,4,30.77,14,23,0,0,0,6,24.0,4,1,3,23,46.94,19,54.29,42,50.0,720,0.0,0,0,0,1,0,0,0,0,1,3,0,0,0,14,29.17,31,0,1,2,149,1,28,13,501,6,12,0,0,3,0,0,0,0,,,,3,0,0,0,0,8,1,0,0,0,0,0,8,0,0,11,13,25,42,16,0,0,0,48,9,10,71.43,0.0,0,0,0,114,170,2,,0,33,,8
1610385,Ebedebiri Endurance,ebedebiri-endurance,215270,Rivers United,7.08,28.3,4,0,0,0,0,,0,174,29,203,85.71,113,61,25,1,1,100.0,6,3,1,0,0,0,0.0,1,1,0,9,69.23,13,72.22,22,70.97,357,0.0,0,0,0,0,0,0,0,0,1,0,0,0,0,25,67.57,13,0,0,0,29,0,28,19,237,2,2,0,0,2,0,0,1,0,,,,0,0,0,0,0,4,1,0,0,0,0,0,4,0,0,0,1,0,9,5,0,0,0,37,5,5,83.33,0.0,0,0,0,123,80,0,,0,24,,4
1395813,Katlego Mkhabela,katlego-mkhabela,371341,Sekhukhune United,7.08,28.3,4,0,0,0,0,,0,86,24,110,78.18,52,36,19,2,2,100.0,5,4,1,0,0,2,50.0,0,0,0,8,61.54,6,54.55,14,58.33,268,0.0,0,0,0,0,0,0,0,0,0,0,0,0,0,15,55.56,8,0,0,1,33,0,14,11,166,1,2,0,0,2,0,0,0,0,,,,2,0,0,0,0,0,0,0,0,0,0,0,2,0,0,2,2,4,10,5,0,0,0,27,0,4,80.0,0.0,0,0,0,61,53,0,,0,11,,4
1469729,Islam Merili,islam-merili,42206,USM Alger,7.07,49.5,7,1,0,2,0,,1,132,54,186,70.97,51,88,32,8,5,50.0,12,6,2,0,0,7,35.0,15,5,9,25,41.67,10,50.0,35,43.75,461,6.67,0,0,0,0,2,0,0,1,6,9,0,0,1,12,41.38,2,0,0,6,94,1,22,8,302,9,15,1,0,11,0,1,1,0,,,,0,0,0,0,0,3,1,0,0,0,0,0,6,0,0,7,10,20,45,10,0,0,0,29,4,7,58.33,461.0,0,0,0,60,146,0,,0,22,,7
919532,Yassine Labhiri,yassine-labhiri,80395,RS Berkane,7.06,70.6,10,0,4,1,1,,1,335,64,399,83.96,159,185,65,13,13,59.09,7,4,1,0,0,9,34.62,11,5,4,48,51.61,7,50.0,55,51.4,796,0.0,0,0,0,0,1,0,0,0,5,6,0,0,0,28,56.0,1,0,0,16,127,2,50,23,557,30,15,0,0,5,0,2,0,0,,,,1,0,0,0,0,5,0,0,0,0,0,0,10,0,0,13,22,26,52,7,0,0,0,50,5,5,71.43,0.0,0,0,0,167,258,1,,0,64,,10
1612717,Franck Tiesse,franck-tiesse,69326,Stade Malien,7.06,49.4,7,1,1,0,1,,2,152,78,230,66.09,37,129,73,15,19,55.88,6,10,2,0,0,14,38.89,16,2,7,33,38.82,10,41.67,43,39.45,608,6.25,0,0,0,0,0,0,1,0,7,9,0,0,1,7,25.0,2,0,0,19,162,3,38,16,416,9,12,0,0,7,0,7,0,0,,,,0,0,0,0,0,6,1,0,0,0,0,0,7,0,0,15,34,36,66,14,0,0,0,28,7,6,100.0,608.0,0,0,0,53,213,2,,0,59,,7
1063327,Hossam Abdelmaguid,hossam-abdelmaguid,42368,Zamalek SC,7.06,49.4,7,0,1,2,0,,0,331,62,393,84.22,222,109,19,2,1,33.33,10,7,0,0,0,0,0.0,4,2,1,18,54.55,41,77.36,59,68.6,630,0.0,0,0,0,1,0,0,0,0,4,0,0,0,0,23,46.94,26,0,1,0,64,0,22,14,461,7,12,1,0,2,0,1,0,0,,,,3,0,0,0,0,4,1,0,0,0,0,0,7,0,0,2,3,0,27,12,0,0,0,49,5,8,80.0,0.0,0,0,0,256,137,0,,0,25,,7
1114433,Ali Zaazaa,ali-zaazaa,265830,Modern Sport FC,7.05,42.3,6,2,2,2,1,,3,105,29,134,78.36,39,67,39,4,9,69.23,4,3,1,0,0,1,100.0,6,2,4,23,53.49,5,33.33,28,48.28,362,33.33,0,0,0,0,0,0,1,1,5,1,0,1,1,7,63.64,4,0,0,3,50,0,13,10,205,10,8,1,0,5,0,0,0,0,,,,1,0,0,0,0,4,0,0,0,0,0,0,4,0,0,4,13,1,30,10,0,0,0,11,4,1,25.0,181.0,0,0,0,48,87,2,,0,26,,6
1469432,Cabibi,cabibi,195748,Académica Petróleos do Lobito,7.05,14.1,2,1,0,0,1,,2,23,18,41,56.1,8,17,7,3,3,60.0,0,1,0,0,0,2,22.22,3,1,2,7,50.0,0,0.0,7,35.0,161,33.33,1,1,0,0,1,0,1,0,1,2,0,0,1,4,33.33,2,0,0,3,36,0,9,2,80,4,2,0,0,0,0,0,0,0,,,,0,0,0,0,0,4,0,0,0,0,0,0,2,100,0,3,5,9,13,6,0,0,0,12,4,0,0.0,161.0,0,0,0,14,36,0,,0,13,,2
1100709,Kajally Drammeh,kajally-drammeh,265830,Modern Sport FC,7.05,28.2,4,1,0,0,1,,2,29,13,42,69.05,11,18,14,2,2,50.0,2,1,1,0,0,0,0.0,4,1,2,8,57.14,1,20.0,9,47.37,136,25.0,0,0,0,0,0,0,1,0,3,1,0,1,0,2,50.0,2,0,0,2,26,1,3,1,82,5,1,0,0,1,0,1,0,0,,,,0,0,0,0,0,0,0,0,0,0,0,0,1,0,0,2,4,5,10,4,0,0,0,4,0,2,100.0,136.0,0,0,0,17,30,0,,0,7,,5
1802166,Fernando Camuege,fernando-camuege,195748,Académica Petróleos do Lobito,7.05,14.1,2,1,0,0,0,,1,25,6,31,80.65,13,12,5,0,2,100.0,4,0,0,0,0,0,0.0,2,1,0,7,50.0,1,33.33,8,47.06,110,50.0,0,0,0,0,0,0,0,1,0,2,0,0,1,2,33.33,1,0,0,2,9,0,0,0,48,2,4,0,0,1,0,1,0,0,,,,0,0,0,0,0,1,0,0,0,0,0,0,1,0,0,0,2,0,9,2,0,0,0,6,1,2,50.0,110.0,0,0,0,17,14,0,,0,8,,2
1610374,Augustine Okejepha,augustine-okejepha,215270,Rivers United,7.05,42.3,6,1,0,0,0,,1,178,40,218,81.65,87,92,37,4,1,50.0,6,11,0,0,0,1,100.0,5,1,1,16,61.54,15,55.56,31,58.49,459,20.0,0,0,0,0,0,0,1,0,1,4,0,0,1,13,52.0,10,0,0,4,48,1,13,7,287,9,3,0,0,2,0,3,0,0,,,,1,0,0,0,0,7,1,0,0,0,0,0,5,0,0,4,2,1,22,12,0,0,0,25,8,5,83.33,459.0,0,0,0,100,119,1,,0,31,,6
1014043,Nabil Lamara,nabil-lamara,42206,USM Alger,7.05,28.2,4,0,1,1,1,,1,36,9,45,80.0,24,13,6,2,1,33.33,5,0,1,0,0,1,20.0,3,2,0,7,53.85,2,50.0,9,52.94,138,0.0,0,0,0,0,0,0,0,0,3,0,0,0,0,1,50.0,4,0,0,0,24,0,0,0,90,1,3,1,0,1,0,1,0,0,,,,1,0,0,0,0,0,0,0,0,0,0,0,1,0,0,2,3,5,8,2,0,0,0,2,0,4,80.0,0.0,0,0,0,27,23,1,,0,3,,4
1008599,Abdelilah Madkour,abdelilah-madkour,80395,RS Berkane,7.05,14.1,2,0,0,0,0,,0,77,20,97,79.38,37,40,18,1,0,0.0,4,5,0,0,0,0,0.0,1,1,0,4,33.33,5,62.5,9,45.0,170,0.0,0,0,0,0,0,0,0,0,0,1,0,0,0,4,40.0,3,0,0,0,33,0,8,3,150,0,5,0,0,2,0,0,0,0,,,,1,0,0,0,0,1,0,0,0,0,0,0,2,0,0,1,1,6,11,3,0,0,0,10,1,3,75.0,0.0,0,0,0,47,56,0,,0,14,,2
930586,Salim Boukhenchouche,salim-boukhenchouche,42206,USM Alger,7.05,14.1,2,0,0,0,0,,0,57,16,73,78.08,43,14,4,1,2,66.67,9,1,1,0,0,0,0.0,0,0,0,16,64.0,13,68.42,29,65.91,180,0.0,0,0,0,0,0,0,0,0,0,0,0,0,0,3,42.86,13,0,0,2,23,0,1,1,121,6,6,0,0,1,0,0,0,0,,,,1,0,0,0,0,1,0,0,0,0,0,0,2,0,0,1,3,0,15,6,0,0,0,7,1,4,44.44,0.0,0,0,0,51,22,0,,0,22,,2
927954,Mohamed Abdelghani,mohamed-abdelghani,42368,Zamalek SC,7.05,28.2,4,0,0,0,0,,0,181,28,209,86.6,139,42,7,0,2,100.0,7,6,1,0,0,0,0.0,1,1,0,9,52.94,7,50.0,16,51.61,315,0.0,0,0,0,0,0,0,0,0,1,0,0,0,0,3,37.5,7,0,0,0,29,1,4,3,242,0,5,0,0,3,0,0,0,0,,,,3,0,0,0,0,0,0,0,0,0,0,0,3,0,0,0,2,0,15,7,0,0,0,8,0,5,71.43,0.0,0,0,0,160,49,0,,0,24,,4
896578,Mohamed Ashraf Roqa,mohamed-ashraf-roqa,42368,Zamalek SC,7.04,35.2,5,0,0,0,0,,0,257,26,283,90.81,128,129,49,0,1,50.0,6,2,0,0,0,0,0.0,4,1,0,9,64.29,1,100.0,10,66.67,371,0.0,0,0,0,0,0,0,0,0,0,4,0,0,0,36,76.6,4,0,0,0,36,1,35,26,317,3,3,0,0,2,0,3,0,0,,,,3,0,0,0,0,1,0,0,0,0,0,0,4,0,0,0,2,0,5,0,0,0,0,47,1,5,83.33,0.0,0,0,0,137,146,0,,0,28,,5
943512,Lau Há King,pachoio-lau-ha-king,195746,Sagrada Esperança,7.03,21.1,3,0,0,0,1,,1,43,22,65,66.15,17,26,17,2,0,0.0,4,1,1,0,0,0,0.0,2,0,2,8,47.06,19,57.58,27,54.0,236,0.0,0,0,0,0,0,0,0,0,2,0,0,0,0,1,33.33,3,0,0,2,36,2,4,0,96,4,4,0,0,0,0,0,0,0,,,,0,0,0,0,0,0,2,0,0,0,0,0,3,0,0,2,3,2,23,14,0,0,0,3,2,3,75.0,0.0,0,0,0,19,48,0,,0,8,,3
967008,Amr El Sisi,amr-el-sisi,42368,Zamalek SC,7.03,21.1,3,0,0,0,0,,0,104,9,113,92.04,34,70,30,1,2,100.0,4,2,0,0,0,0,0.0,3,0,1,12,60.0,3,37.5,15,53.57,193,0.0,0,0,0,0,0,0,0,0,0,3,0,0,0,2,100.0,0,0,0,1,12,2,2,2,142,6,5,0,0,2,2,2,0,0,,,,1,0,0,0,0,0,0,0,0,0,0,0,2,0,0,1,2,0,13,5,0,0,0,2,0,2,50.0,0.0,0,0,0,37,76,0,,0,13,,3
979554,Adem Taous,adem-taous,39618,Club Africain,7.03,21.1,3,0,0,0,0,,0,35,19,54,64.81,21,16,8,1,2,100.0,6,2,1,0,0,2,25.0,0,0,0,14,87.5,2,50.0,16,80.0,138,0.0,0,0,0,0,0,0,0,0,0,0,0,0,0,3,27.27,1,0,0,0,31,0,4,3,97,6,2,0,0,0,0,0,0,0,,,,1,0,0,0,0,0,0,0,0,0,0,0,1,0,0,1,2,8,4,2,0,0,0,11,0,5,83.33,0.0,0,0,0,30,32,0,,0,11,,3
841739,Nandinho,nandinho,195746,Sagrada Esperança,7.03,42.2,6,0,0,0,0,,0,251,33,284,88.38,154,98,26,2,3,60.0,12,11,1,0,0,1,50.0,2,0,2,22,59.46,2,33.33,24,55.81,467,0.0,0,0,0,0,0,0,0,0,0,2,0,0,0,12,50.0,10,0,0,0,38,0,17,10,349,7,11,0,0,2,0,0,0,0,,,,2,0,0,0,0,0,2,0,0,0,0,0,5,0,0,2,5,2,19,4,0,0,0,24,2,4,33.33,0.0,0,0,0,168,118,0,,0,33,,6
1799570,Ekerette Udom,ekerette-udom,215270,Rivers United,7.03,28.1,4,1,0,0,0,,1,109,43,152,71.71,67,42,11,2,1,100.0,4,2,1,0,0,0,0.0,6,1,3,12,52.17,18,62.07,30,57.69,360,16.67,0,0,0,1,0,0,1,0,4,2,1,0,0,12,44.44,15,0,0,2,50,0,11,3,202,7,8,0,0,1,0,2,0,0,,,,1,0,0,0,0,4,1,0,0,0,0,0,4,0,0,2,1,0,22,11,0,0,0,27,5,3,75.0,360.0,0,0,0,85,67,1,,0,16,,4
1612449,Aboubacar Conté,aboubacar-conte,405280,Académie SOAR,7.03,28.1,4,0,0,0,0,,0,191,31,222,86.04,58,137,46,8,11,64.71,3,6,2,0,0,4,50.0,11,1,5,21,52.5,0,0.0,21,46.67,359,0.0,0,0,0,0,2,0,0,0,0,11,0,0,0,14,82.35,1,0,1,7,64,5,9,6,310,7,5,0,0,1,0,5,0,0,,,,0,0,0,0,0,7,2,0,0,0,0,0,4,0,0,8,17,8,24,5,0,0,0,17,9,1,33.33,0.0,0,0,0,61,169,0,,0,20,,4
1431894,Samuel Adom Antwi,samuel-adom-antwi,215270,Rivers United,7.02,35.1,5,1,0,0,0,,1,113,21,134,84.33,44,69,33,3,3,60.0,7,1,2,0,0,0,0.0,6,1,3,15,53.57,4,36.36,19,48.72,330,16.67,0,0,0,0,0,0,1,0,3,3,0,1,0,4,50.0,1,0,0,0,42,2,4,2,183,6,9,0,0,2,1,2,0,0,,,,0,0,0,0,0,5,1,0,0,0,0,0,4,0,0,3,5,5,20,7,0,0,0,8,6,2,28.57,330.0,0,0,0,51,88,0,,0,22,,5
1182221,Cachi,cachi,195746,Sagrada Esperança,7.02,35.1,5,0,1,1,1,,1,95,22,117,81.2,40,64,23,6,1,33.33,2,0,1,0,0,9,52.94,5,4,0,6,50.0,4,40.0,10,45.45,291,0.0,0,0,0,0,2,0,0,0,1,4,0,0,0,8,72.73,1,0,0,2,40,5,6,3,183,4,3,0,0,0,5,1,0,0,,,,1,0,0,0,0,0,1,0,0,0,0,0,4,0,0,6,3,17,12,6,0,0,0,11,1,2,100.0,0.0,0,0,0,45,89,0,,0,15,,6
1138604,Lepua,lepua,195746,Sagrada Esperança,7.0,21.0,3,1,0,1,0,,1,97,19,116,83.62,38,59,33,3,3,50.0,6,4,0,0,0,0,0.0,4,2,1,15,45.45,1,20.0,16,42.11,269,25.0,0,0,0,0,0,0,1,0,2,2,0,0,1,6,54.55,2,0,0,5,50,2,8,4,185,6,10,0,0,2,3,1,0,0,,,,1,0,0,0,0,0,2,0,0,0,0,0,3,0,0,3,6,7,22,4,0,0,0,11,2,3,50.0,269.0,0,0,0,47,76,0,,0,32,,3
243915,Marwan Mohsen,marwan-mohsen,265830,Modern Sport FC,7.0,28.0,4,1,0,0,0,,1,48,24,72,66.67,10,38,20,2,1,100.0,1,1,0,0,0,0,0.0,7,2,3,4,30.77,12,36.36,16,34.78,289,14.29,0,0,0,0,0,0,1,0,7,0,0,1,0,1,33.33,4,0,0,0,31,0,7,3,106,2,7,0,0,3,0,2,0,0,,,,1,0,0,0,0,1,1,0,0,0,0,0,3,0,0,2,1,0,30,21,0,0,0,3,2,1,100.0,289.0,0,0,0,11,61,0,,0,4,,4
1610371,Andy Okpe,andy-okpe,215270,Rivers United,7.0,21.0,3,0,2,1,1,,1,17,14,31,54.84,3,14,11,3,1,33.33,1,0,1,0,0,0,0.0,8,1,4,4,36.36,13,54.17,17,48.57,90,0.0,0,0,0,0,0,0,0,0,6,2,0,0,0,1,100.0,0,0,0,1,20,0,0,0,50,2,5,1,0,0,0,3,0,0,,,,0,0,0,0,0,1,0,0,0,0,0,0,0,0,0,3,3,1,18,11,0,0,0,1,1,1,100.0,0.0,0,0,0,3,29,0,,0,3,,3
1612723,Lassine Tangara,lassine-tangara,69326,Stade Malien,7.0,7.0,1,0,0,0,0,,0,14,3,17,82.35,11,3,0,0,0,0.0,1,2,0,0,0,0,0.0,0,0,0,3,60.0,4,66.67,7,63.64,90,0.0,0,0,0,0,0,0,0,0,0,0,0,0,0,1,100.0,2,0,0,1,6,0,0,0,31,2,1,0,0,0,0,0,0,0,,,,0,0,0,0,0,1,0,0,0,0,0,0,1,0,0,0,0,0,4,2,0,0,0,1,1,1,100.0,0.0,0,0,0,12,5,0,,0,4,,1
1592653,Oussama Haffari,oussama-haffari,375029,Al Hilal Benghazi SC,7.0,7.0,1,0,0,0,0,,0,13,1,14,92.86,5,8,3,0,0,0.0,3,0,0,0,0,0,0.0,0,0,0,4,66.67,0,0.0,4,57.14,45,0.0,0,0,0,0,0,0,0,0,0,0,0,0,0,0,0.0,0,0,0,0,4,2,1,0,25,1,2,0,0,0,0,0,0,0,,,,0,0,0,0,0,3,0,0,0,0,0,0,0,0,0,0,0,3,3,1,0,0,0,0,3,2,66.67,0.0,0,0,0,5,12,0,,0,5,,1
1518517,Miguel Antonio Dias,miguel-antonio-dias,371341,Sekhukhune United,7.0,7.0,1,0,0,0,0,,0,43,5,48,89.58,31,12,2,0,0,0.0,3,0,0,0,0,0,0.0,0,0,0,5,45.45,1,33.33,6,42.86,90,0.0,0,0,0,0,0,0,0,0,0,0,0,0,0,4,57.14,1,0,0,0,8,1,2,0,61,2,3,0,0,1,0,0,0,0,,,,1,0,0,0,0,0,0,0,0,0,0,0,1,0,0,0,2,0,8,2,0,0,0,7,0,2,66.67,0.0,0,0,0,33,15,0,,0,7,,1
1407768,Trésor Yamba,tresor-yamba,371341,Sekhukhune United,7.0,14.0,2,0,0,0,0,,0,80,12,92,86.96,70,10,3,0,0,0.0,1,1,1,0,0,0,0.0,1,1,0,1,16.67,4,57.14,5,38.46,180,0.0,0,0,0,0,0,0,0,0,0,1,0,0,0,6,54.55,11,0,0,0,13,0,7,5,111,0,3,0,0,2,0,0,0,0,,,,1,0,0,0,0,1,0,0,0,0,0,0,2,0,0,0,0,0,8,3,0,0,0,11,1,0,0.0,0.0,0,0,0,75,17,0,,0,5,,2
1001146,Mbhazima Rikhotso,mbhazima-rikhotso,371341,Sekhukhune United,7.0,14.0,2,0,0,0,0,,0,76,15,91,83.52,65,11,5,0,0,0.0,0,0,0,0,0,0,0.0,0,0,0,0,0.0,5,71.43,5,50.0,180,0.0,0,0,0,0,0,0,0,0,0,0,0,0,0,11,47.83,11,0,1,1,20,0,15,9,109,0,1,0,0,1,0,0,0,0,,,,2,0,0,0,0,0,0,0,0,0,0,0,2,0,0,0,0,0,5,2,0,0,0,23,0,0,0.0,0.0,0,0,0,67,24,0,,0,4,,2
1119627,Freeman Niamathé,steve-freeman-niamathe,134292,Diables Noirs,7.0,42.0,6,0,0,0,0,,0,151,33,184,82.07,119,32,9,0,1,100.0,11,19,0,0,0,0,0.0,3,0,2,14,53.85,10,50.0,24,52.17,495,0.0,0,0,0,0,0,0,0,0,2,1,0,0,0,7,26.92,21,0,0,0,39,1,15,4,262,2,9,0,0,3,0,1,0,0,,,,1,0,0,0,0,8,1,0,0,0,0,0,6,0,0,0,1,0,22,10,0,0,0,26,9,7,63.64,0.0,0,0,0,129,55,1,,0,30,,6
1444554,Akande Abiodun Asimiyu,akande-abiodun-asimiyu,215270,Rivers United,7.0,56.0,8,0,0,0,0,,0,133,63,196,67.86,112,21,7,0,0,0.0,0,0,0,0,0,0,0.0,0,0,0,1,100.0,2,100.0,3,100.0,720,0.0,0,0,0,0,0,0,0,0,0,0,0,0,0,30,32.26,12,1,1,0,66,0,2,1,262,1,0,0,0,0,0,0,0,23,,,,3,1,0,14,9,9,1,5,5,5,4,0,8,0,0,0,0,0,0,0,0,0,0,93,10,0,0.0,0.0,0,1,3,120,76,1,,51,63,,8
918996,Seifeddine Jaziri,seifeddine-jaziri,42368,Zamalek SC,6.99,69.9,10,2,2,3,1,,3,89,39,128,69.53,33,58,32,8,5,38.46,6,2,1,0,0,2,22.22,17,5,9,20,29.85,19,43.18,39,35.14,672,11.76,0,0,1,0,0,0,2,0,13,4,2,0,0,1,33.33,5,0,0,14,90,5,8,6,246,9,25,1,0,3,6,3,0,0,,,,2,0,0,0,0,3,1,0,0,0,0,0,8,0,0,8,13,9,72,25,0,0,0,3,4,3,50.0,336.0,0,0,0,37,100,1,,0,17,,10
1177810,Hocine Dehiri,hocine-dehiri,42206,USM Alger,6.99,48.9,7,0,0,0,1,,1,113,57,170,66.47,59,55,27,2,3,75.0,13,6,1,0,0,1,25.0,3,1,2,18,62.07,12,54.55,30,58.82,601,0.0,0,0,0,0,0,0,0,0,2,1,0,0,0,14,32.56,22,0,0,1,87,0,28,14,307,2,5,0,0,4,1,0,0,0,,,,4,0,0,0,0,3,1,0,0,0,0,0,7,0,0,2,4,4,21,10,0,0,0,43,4,6,46.15,0.0,0,0,0,85,89,1,,0,29,,7
1612659,Samuel,samuel,195748,Académica Petróleos do Lobito,6.98,41.9,6,3,0,1,0,,3,55,27,82,67.07,24,32,15,4,6,60.0,0,1,0,0,0,1,20.0,12,6,4,12,36.36,10,27.78,22,31.88,366,25.0,0,0,1,0,0,0,3,0,9,3,0,1,2,1,20.0,3,0,0,6,57,5,4,3,150,6,10,0,0,3,3,2,0,0,,,,0,0,0,0,0,10,4,0,0,0,0,0,3,0,0,4,10,5,47,26,0,0,0,5,14,0,0.0,122.0,0,0,0,31,56,0,,0,13,,6
906482,Nathan Mabruki,nathan-mabruki,195746,Sagrada Esperança,6.97,20.9,3,0,0,0,0,,0,43,17,60,71.67,32,11,2,0,0,0.0,0,0,0,0,0,0,0.0,0,0,0,0,0.0,0,0.0,0,0.0,270,0.0,0,0,0,0,0,0,0,0,0,0,0,0,0,13,44.83,1,1,0,0,19,0,5,3,86,0,0,0,0,0,0,0,0,9,,,,2,0,0,4,5,0,1,0,0,0,0,0,3,0,0,0,0,0,0,0,0,0,0,29,1,0,0.0,0.0,0,0,1,34,26,0,,23,23,,3
1580157,Mark Gibson,mark-gibson,215270,Rivers United,6.97,20.9,3,0,0,0,0,,0,18,4,22,81.82,2,20,13,7,1,25.0,2,0,0,0,0,4,57.14,4,1,1,4,36.36,0,0.0,4,30.77,52,0.0,0,0,0,0,0,0,0,0,1,3,0,0,0,1,100.0,0,0,0,2,16,1,2,2,52,1,2,0,0,0,0,2,0,0,,,,0,0,0,0,0,0,0,0,0,0,0,0,0,0,0,7,4,7,9,2,0,0,0,1,0,0,0.0,0.0,0,0,0,2,27,0,,0,3,,4
918456,Khaled Reda,khaled-reda,265830,Modern Sport FC,6.96,34.8,5,0,0,0,0,,0,176,39,215,81.86,126,50,15,1,2,100.0,7,6,0,0,0,0,0.0,0,0,0,15,75.0,18,78.26,33,76.74,447,0.0,0,0,0,0,0,0,0,0,0,0,0,0,0,13,40.63,23,0,0,2,47,1,19,11,279,7,2,0,0,2,0,0,0,0,,,,1,0,0,0,0,4,0,0,0,0,0,0,5,0,0,1,2,0,10,5,0,0,0,32,4,2,28.57,0.0,0,0,0,139,76,1,,0,17,,5
1114689,Hussam Al Abani,hussam-al-abani,375021,Abu Salim SC,6.96,48.7,7,2,0,1,0,,2,92,51,143,64.34,63,30,10,0,1,50.0,6,7,1,1,1,1,25.0,5,2,3,12,66.67,4,33.33,16,53.33,622,40.0,0,0,0,0,0,0,2,0,5,0,1,1,0,10,34.48,10,0,0,0,71,0,20,8,239,5,2,0,0,4,4,0,0,0,,,,3,0,0,0,0,6,0,0,0,0,0,0,7,0,0,0,2,4,14,8,0,0,0,29,6,4,66.67,311.0,0,0,0,84,63,1,,0,24,,7
1005852,Farouk Mohammed,farouk-mohammed,215270,Rivers United,6.96,48.7,7,1,0,0,0,,1,246,68,314,78.34,114,132,53,2,2,40.0,7,4,3,0,0,0,0.0,14,3,9,14,40.0,16,59.26,30,48.39,553,7.14,0,0,0,0,4,0,1,0,1,13,0,0,1,30,61.22,10,0,0,4,83,1,26,14,391,5,13,1,0,1,0,2,0,0,,,,2,0,0,0,0,9,1,0,0,0,0,0,7,0,0,2,5,2,32,11,0,0,0,49,10,6,85.71,553.0,0,0,0,125,191,1,,0,40,,7
1509170,Walter Monteiro,walter-monteiro,195746,Sagrada Esperança,6.95,41.7,6,1,1,0,1,,2,85,20,105,80.95,33,53,25,3,8,38.1,7,2,0,0,0,1,25.0,10,3,5,29,47.54,4,28.57,33,44.0,333,10.0,0,0,0,0,0,0,1,0,5,5,0,1,0,0,0.0,0,0,0,10,70,2,5,4,212,14,6,0,0,4,0,2,0,0,,,,0,0,0,0,0,0,1,0,0,0,0,0,3,0,0,3,21,4,42,10,0,0,0,1,1,4,57.14,333.0,0,0,0,36,73,0,,0,23,,6
1474240,Godfred Atuahene,godfred-atuahene,213969,Dreams,6.95,69.5,10,1,1,0,1,,2,295,52,347,85.01,139,158,72,10,11,78.57,3,5,2,0,0,2,40.0,11,1,3,28,54.9,5,45.45,33,53.23,818,9.09,0,0,0,0,0,0,1,0,4,7,0,0,1,28,70.0,4,0,0,2,75,4,40,21,441,14,11,0,0,7,0,7,0,0,,,,2,0,0,0,0,7,3,0,0,0,0,0,10,0,0,10,14,5,29,6,0,0,0,40,10,1,33.33,818.0,0,0,0,151,201,0,,0,52,,10
1500270,Abderrahmane Bacha,abderrahmane-bacha,42206,USM Alger,6.95,27.8,4,1,0,0,0,,1,48,19,67,71.64,10,40,25,4,3,42.86,4,5,0,0,0,2,20.0,7,3,3,11,39.29,3,75.0,14,43.75,266,14.29,0,0,0,0,0,0,0,1,2,5,0,1,0,2,33.33,1,0,0,6,49,2,3,2,135,5,3,1,0,4,0,1,0,0,,,,0,0,0,0,0,3,1,0,0,0,0,0,4,0,0,4,7,10,18,1,0,0,0,6,4,3,75.0,266.0,0,0,0,14,63,1,,0,11,,4
1469694,Mohamed Amine Bouziane,mohamed-amine-bouziane,42206,USM Alger,6.95,13.9,2,0,1,0,0,,0,21,4,25,84.0,9,14,7,2,2,100.0,2,0,1,0,0,2,66.67,0,0,0,5,71.43,0,0.0,5,50.0,76,0.0,0,0,0,0,0,0,0,0,0,0,0,0,0,3,75.0,1,0,0,1,10,0,2,2,42,1,1,0,0,0,0,0,0,0,,,,0,0,0,0,0,0,0,0,0,0,0,0,1,0,0,2,2,3,5,3,0,0,0,4,0,1,50.0,0.0,0,0,0,11,17,0,,0,5,,2
307412,Fabricio,fabricio,195746,Sagrada Esperança,6.95,41.7,6,0,1,0,0,,0,216,59,275,78.55,162,54,20,1,1,100.0,8,3,1,0,0,0,0.0,0,0,0,11,57.89,9,47.37,20,52.63,540,0.0,0,0,0,0,0,0,0,0,0,0,0,0,0,25,39.06,13,0,0,0,68,0,35,20,324,2,3,0,0,5,0,0,0,0,,,,4,0,0,0,0,0,2,0,0,0,0,0,6,0,0,1,1,2,18,10,0,0,0,64,2,8,100.0,0.0,0,0,0,180,97,0,,0,32,,6
986869,Ghampani Lungu,ghampani-lungu,7671,Supersport United,6.93,20.8,3,1,0,1,0,,1,33,16,49,67.35,6,30,16,5,3,50.0,4,3,1,0,0,3,23.08,3,1,2,8,50.0,3,33.33,11,44.0,153,33.33,0,0,0,0,0,0,1,0,3,0,0,0,1,5,71.43,0,0,0,2,41,1,6,3,102,1,3,0,0,0,0,0,0,0,,,,0,0,0,0,0,2,1,0,0,0,0,0,1,0,0,5,6,13,14,6,0,0,0,7,3,4,100.0,153.0,0,0,0,11,51,0,,0,6,,3
782542,Hamza El Moussaoui,hamza-el-moussaoui,80395,RS Berkane,6.93,62.4,9,0,2,1,2,,2,272,89,361,75.35,127,155,64,9,7,77.78,12,6,1,1,2,10,29.41,5,1,2,26,56.52,7,63.64,33,57.89,754,0.0,0,0,0,0,0,0,0,0,2,3,0,0,0,22,30.99,17,0,0,3,141,0,46,19,573,7,11,0,0,5,3,2,0,0,,,,3,0,0,0,0,4,0,0,0,0,0,0,9,0,0,9,9,34,24,4,0,0,0,71,4,6,50.0,0.0,1,0,0,151,244,0,,0,50,,9
1469665,Dhody Foutou,dhody-foutou,134292,Diables Noirs,6.93,20.8,3,0,0,0,0,,0,35,47,82,42.68,25,10,5,0,0,0.0,0,0,0,0,0,0,0.0,0,0,0,2,100.0,1,50.0,3,75.0,270,0.0,0,0,0,0,0,0,0,0,0,0,0,0,0,12,20.69,3,0,1,0,52,0,13,3,131,2,0,0,0,0,0,0,0,12,,,,0,0,0,8,4,6,0,0,4,4,7,0,3,0,0,0,0,0,1,1,0,0,0,58,6,0,0.0,0.0,0,0,0,31,51,0,,21,38,,3
982428,Siphesihle Mkhize,siphesihle-mkhize,371341,Sekhukhune United,6.93,20.8,3,0,0,0,0,,0,119,28,147,80.95,75,44,12,1,2,50.0,3,6,1,0,0,0,0.0,1,1,0,7,41.18,6,75.0,13,52.0,270,0.0,0,0,0,0,0,0,0,0,1,0,0,0,0,13,56.52,4,0,0,1,35,1,13,5,179,3,5,0,0,2,0,0,0,0,,,,0,0,0,0,0,3,1,0,0,0,0,0,3,0,0,1,4,2,12,2,0,0,0,23,4,3,100.0,0.0,0,0,0,81,68,0,,0,30,,3
971041,Mohamed El Jaaouani,mohamed-el-jaaouani,375021,Abu Salim SC,6.93,20.8,3,0,1,0,0,,0,59,29,88,67.05,41,18,6,2,3,100.0,10,6,1,0,0,0,0.0,1,0,1,15,53.57,6,60.0,21,55.26,243,0.0,0,0,0,0,0,0,0,0,1,0,0,0,0,5,23.81,6,0,0,1,33,0,16,6,127,2,10,0,0,2,0,0,0,0,,,,0,0,0,0,0,5,0,0,0,0,0,0,3,0,0,2,3,0,17,4,0,0,0,21,5,6,60.0,0.0,0,0,0,46,42,0,,0,14,,3
1427165,Moussa Diallo,moussa-diallo,69326,Stade Malien,6.93,20.8,3,0,1,0,0,,0,30,26,56,53.57,9,24,11,2,4,66.67,6,6,0,0,0,3,37.5,2,1,1,15,68.18,4,40.0,19,59.38,155,0.0,0,0,0,0,0,0,0,0,1,1,0,0,0,1,11.11,0,0,0,0,44,2,6,1,108,5,2,0,0,4,0,0,0,0,,,,0,0,0,0,0,2,1,0,0,0,0,0,2,0,0,2,6,8,13,6,0,0,0,9,3,4,66.67,0.0,0,0,0,12,52,0,,0,15,,4
889363,Youssef Obama,youssef-obama,42368,Zamalek SC,6.93,48.5,7,1,0,0,0,,1,132,25,157,84.08,36,97,47,3,2,66.67,6,1,1,0,0,1,50.0,6,2,3,16,59.26,3,27.27,19,50.0,335,16.67,0,0,0,0,0,0,1,0,6,0,1,0,0,1,33.33,2,0,0,3,42,3,1,1,212,9,6,0,0,2,0,1,0,0,,,,0,0,0,0,0,1,0,0,0,0,0,0,4,0,0,3,3,2,19,8,0,0,0,3,1,4,66.67,335.0,0,0,0,42,117,1,,0,9,,7
1111933,Osama Beleid,osama-beleid,375029,Al Hilal Benghazi SC,6.93,27.7,4,0,1,0,1,,1,57,11,68,83.82,26,31,21,4,5,83.33,6,0,0,0,0,0,0.0,1,0,1,17,65.38,3,50.0,20,62.5,285,0.0,0,0,0,0,0,0,0,0,1,0,0,0,0,2,100.0,2,0,0,4,29,2,2,2,114,6,4,0,0,1,1,0,0,0,,,,0,0,0,0,0,3,1,0,0,0,0,0,4,0,0,4,6,1,12,3,0,0,0,2,4,4,66.67,0.0,0,0,0,29,40,0,,0,12,,4
966059,Ricardo Goss,ricardo-goss,7671,Supersport United,6.93,27.7,4,0,0,0,0,,0,87,34,121,71.9,58,29,4,0,0,0.0,0,0,0,0,0,0,0.0,0,0,0,1,100.0,1,100.0,2,100.0,327,0.0,0,0,0,0,0,0,0,0,0,0,0,0,0,48,59.26,7,0,0,0,35,0,13,6,149,1,0,0,0,0,0,0,0,5,,,,0,0,0,4,1,2,2,5,7,6,1,0,3,0,0,0,0,0,0,0,0,0,0,81,4,0,0.0,0.0,0,0,0,67,54,0,,26,31,,4
1612712,Boukary Savadogo,boukary-savadogo,69326,Stade Malien,6.93,27.7,4,0,1,0,0,,0,87,33,120,72.5,29,59,30,5,2,50.0,7,5,0,0,0,1,5.56,1,0,1,11,45.83,8,61.54,19,51.35,339,0.0,0,0,0,0,0,0,0,0,0,1,0,0,0,13,50.0,10,0,0,2,73,2,23,10,235,3,4,0,0,5,0,0,0,0,,,,1,0,0,0,0,4,1,0,0,0,0,0,4,0,0,5,4,18,18,5,0,0,0,26,5,4,57.14,0.0,0,0,0,39,99,0,,0,23,,4
783352,Akram Djahnit,akram-djahnit,42206,USM Alger,6.93,27.7,4,0,1,2,0,,0,79,17,96,82.29,29,53,31,9,2,50.0,0,1,1,0,0,3,27.27,4,3,1,3,16.67,4,80.0,7,30.43,230,0.0,0,0,0,0,0,0,0,0,3,1,0,0,0,2,33.33,3,0,0,7,41,1,8,4,147,1,3,0,0,3,0,0,0,0,,,,0,0,0,0,0,3,0,0,0,0,0,0,3,0,0,9,4,11,16,1,0,0,0,6,3,0,0.0,0.0,0,0,0,32,75,0,,0,12,,4
955126,Ryan Baartman,ryan-baartman,371341,Sekhukhune United,6.93,27.7,4,0,0,0,0,,0,141,46,187,75.4,107,34,11,1,0,0.0,9,3,0,0,0,0,0.0,0,0,0,10,71.43,14,66.67,24,68.57,360,0.0,0,0,0,0,0,0,0,0,0,0,0,0,0,14,31.82,20,0,0,0,47,0,33,10,238,1,4,0,0,1,0,0,0,0,,,,1,0,0,0,0,3,1,0,0,0,0,0,4,0,0,1,0,0,11,7,0,0,0,44,4,6,66.67,0.0,0,0,0,120,67,0,,0,12,,4
1101284,Agyenim Boateng Mensah,agyenim-boateng-mensah,213969,Dreams,6.92,69.2,10,1,1,3,2,,3,178,79,257,69.26,55,124,73,5,6,46.15,9,4,2,0,0,1,16.67,21,9,9,28,41.79,35,41.18,63,41.45,850,4.76,0,0,0,0,1,0,1,0,13,8,0,0,1,3,33.33,7,0,0,14,132,6,11,3,396,13,19,1,0,3,13,3,0,0,,,,1,0,0,0,0,8,3,0,0,0,0,0,10,0,0,5,13,6,89,50,0,0,0,9,11,3,33.33,850.0,0,0,0,65,198,0,,0,26,,10
359416,Rached Arfaoui,rached-arfaoui,39618,Club Africain,6.92,41.5,6,0,3,1,1,,1,83,27,110,75.45,34,49,31,5,3,50.0,3,6,2,0,0,0,0.0,4,3,1,14,60.87,0,0.0,14,53.85,310,0.0,0,0,0,0,1,0,0,0,2,2,0,0,0,6,54.55,1,0,0,4,46,1,8,2,166,8,3,0,0,1,1,0,0,0,,,,0,0,0,0,0,3,0,0,0,0,0,0,3,0,0,5,6,2,12,3,0,0,0,11,3,2,66.67,0.0,0,0,0,38,74,0,,0,21,,6
1013870,Thameur Salhi,thameur-salhi,375021,Abu Salim SC,6.92,41.5,6,0,0,0,0,,0,93,66,159,58.49,71,22,10,0,4,100.0,7,7,2,0,0,0,0.0,2,0,1,15,62.5,16,61.54,31,62.0,540,0.0,0,0,0,0,0,0,0,0,2,0,0,0,0,18,28.57,40,0,0,1,70,0,29,12,243,5,6,0,0,3,0,1,0,0,,,,3,0,0,0,0,6,0,0,0,0,0,0,6,0,0,0,4,0,19,10,0,0,0,63,6,6,85.71,0.0,0,0,0,91,68,0,,0,33,,6
1182222,Celso,celso,195746,Sagrada Esperança,6.92,41.5,6,0,0,1,0,,0,147,34,181,81.22,64,83,37,8,1,100.0,6,9,1,0,0,0,0.0,3,2,1,17,48.57,3,42.86,20,47.62,382,0.0,0,0,0,0,0,0,0,0,3,0,0,0,0,5,62.5,4,0,0,4,55,1,12,5,245,10,11,0,0,5,0,0,0,0,,,,1,0,0,0,0,0,1,0,0,0,0,0,4,0,0,8,1,0,22,4,0,0,0,8,1,5,83.33,0.0,0,0,0,69,112,0,,0,29,,6
871737,Ahmed Hamdi,ahmed-hamdi,42368,Zamalek SC,6.91,48.4,7,2,0,1,0,,2,223,29,252,88.49,84,139,56,1,7,43.75,9,4,0,0,0,0,0.0,4,2,1,18,52.94,2,20.0,20,45.45,447,50.0,0,0,0,0,0,0,2,0,4,0,0,0,2,6,60.0,2,0,0,4,56,3,6,5,337,2,2,0,0,1,0,1,0,0,,,,0,0,0,0,0,4,1,0,0,0,0,0,5,0,0,1,16,3,24,8,0,0,0,10,5,6,66.67,223.5,0,0,0,90,165,1,,0,23,,7
1114590,Taha Al Shalui,taha-al-shalui,375029,Al Hilal Benghazi SC,6.9,27.6,4,1,0,0,1,,2,50,36,86,58.14,20,33,18,2,10,71.43,1,2,1,0,0,3,25.0,7,2,4,17,54.84,1,14.29,18,47.37,283,14.29,0,0,0,0,1,0,1,0,1,6,0,1,0,6,37.5,3,0,0,3,64,4,21,10,158,6,3,0,0,4,1,1,0,0,,,,0,0,0,0,0,4,1,0,0,0,0,0,4,0,0,2,14,12,20,6,0,0,0,16,5,1,100.0,283.0,0,0,0,22,76,0,,0,17,,4
1612654,Nelo,nelo,195748,Académica Petróleos do Lobito,6.9,20.7,3,1,0,0,0,,1,20,23,43,46.51,7,13,10,0,0,0.0,6,1,0,0,0,0,0.0,4,2,1,7,63.64,1,50.0,8,61.54,145,25.0,0,0,0,0,1,0,0,1,1,3,0,0,1,1,9.09,11,0,0,1,31,0,3,0,91,1,1,0,0,2,0,1,0,0,,,,0,0,0,0,0,3,1,0,0,0,0,0,2,0,0,0,0,4,5,1,0,0,0,11,4,3,50.0,145.0,0,0,0,14,33,0,,0,9,,3
1114022,Mohammed Al Qadi,mohammed-al-qadi,375021,Abu Salim SC,6.9,41.4,6,1,0,0,0,,1,51,24,75,68.0,16,36,16,3,1,50.0,8,6,0,0,0,1,11.11,2,1,1,18,64.29,0,0.0,18,56.25,284,50.0,0,0,0,0,0,0,1,0,1,1,0,0,1,2,25.0,1,0,0,7,47,3,7,1,142,9,0,0,0,2,0,0,0,0,,,,0,0,0,0,0,2,0,0,0,0,0,0,3,0,0,3,2,9,14,4,0,0,0,8,2,6,75.0,284.0,0,0,0,23,61,0,,0,21,,6
1612709,Amadou Traore,amadou-traore,69326,Stade Malien,6.9,55.2,8,1,1,2,0,,1,90,34,124,72.58,23,68,40,4,6,50.0,4,0,2,0,0,1,100.0,24,9,12,18,33.33,15,44.12,33,37.5,646,4.17,0,0,0,0,0,0,1,0,17,7,0,0,1,2,40.0,4,0,0,9,71,6,9,5,228,9,20,1,0,3,9,3,0,0,,,,0,0,0,0,0,7,0,0,0,0,0,0,8,0,0,4,12,1,55,19,0,0,0,5,7,1,25.0,646.0,0,0,0,23,102,0,,0,20,,8
1469667,Nyima Nwagua,nyima-nwagua,215270,Rivers United,6.9,55.2,8,1,1,4,0,,1,69,43,112,61.61,27,42,27,8,3,75.0,5,0,0,0,0,0,0.0,14,4,8,18,32.73,15,45.45,33,37.5,620,7.14,0,0,0,0,0,0,1,0,12,2,0,0,1,2,100.0,0,0,0,13,82,3,7,4,199,11,23,0,0,2,11,2,0,0,,,,0,0,0,0,0,8,1,0,0,0,0,0,8,0,0,8,4,0,55,18,0,0,0,2,9,3,60.0,620.0,0,0,0,31,81,0,,0,15,,8
923751,Mutassim Boushnaf,mutassim-boushnaf,375021,Abu Salim SC,6.9,41.4,6,0,1,1,1,,1,66,49,115,57.39,26,40,19,2,2,100.0,3,1,0,0,0,0,0.0,9,3,4,8,44.44,41,60.29,49,56.98,375,0.0,0,0,0,0,0,0,0,0,9,0,0,0,0,0,0.0,10,0,0,4,61,0,8,4,163,3,6,1,0,1,0,2,0,0,,,,0,0,0,0,0,7,0,0,0,0,0,0,5,0,0,2,2,1,37,27,0,0,0,4,7,3,100.0,0.0,0,0,0,33,83,0,,0,8,,6
1401539,Neo Rapoo,neo-rapoo,7671,Supersport United,6.9,6.9,1,0,0,0,0,,0,2,0,2,100.0,0,2,1,0,0,0.0,0,0,0,0,0,0,0.0,1,1,0,0,0.0,0,0.0,0,0.0,8,0.0,0,0,0,0,1,0,0,0,0,1,0,0,0,0,0.0,0,0,0,0,2,0,0,0,5,0,0,0,0,0,0,0,0,0,,,,0,0,0,0,0,0,0,0,0,0,0,0,0,0,0,0,0,1,0,0,0,0,0,0,0,0,0.0,0.0,0,0,0,0,3,0,,0,0,,1
159645,Mahmoud Alaa,mahmoud-alaa,42368,Zamalek SC,6.9,6.9,1,0,0,0,0,,0,46,8,54,85.19,46,0,0,0,0,0.0,1,2,1,0,0,0,0.0,0,0,0,4,57.14,1,33.33,5,50.0,90,0.0,0,0,0,0,0,0,0,0,0,0,0,0,0,7,58.33,1,0,0,0,8,0,4,2,64,3,3,0,0,0,0,0,0,0,,,,1,0,0,0,0,0,0,0,0,0,0,0,1,0,0,0,0,0,5,2,0,0,0,12,0,1,100.0,0.0,0,0,0,51,3,0,,0,2,,1
1596891,Gnolou Claude,gnolou-claude,80395,RS Berkane,6.9,6.9,1,0,0,0,0,,0,6,0,6,100.0,1,5,3,0,0,0.0,1,0,0,0,0,0,0.0,0,0,0,1,100.0,1,100.0,2,100.0,9,0.0,0,0,0,0,0,0,0,0,0,0,0,0,0,3,100.0,0,0,0,0,0,0,2,2,7,0,0,0,0,0,0,0,0,0,,,,0,0,0,0,0,0,0,0,0,0,0,0,0,0,0,0,0,0,0,0,0,0,0,3,0,1,100.0,0.0,0,0,0,1,5,0,,0,1,,1
972821,Skander Labidi,skander-labidi,39618,Club Africain,6.9,6.9,1,0,0,0,0,,0,54,13,67,80.6,34,20,6,1,0,0.0,1,1,0,0,0,0,0.0,2,0,1,6,75.0,6,60.0,12,66.67,90,0.0,0,0,0,0,0,0,0,0,1,1,0,0,0,5,41.67,1,0,0,0,14,0,9,3,81,5,1,0,0,1,0,1,0,0,,,,0,0,0,0,0,1,0,0,0,0,0,0,1,0,0,1,1,0,6,4,0,0,0,12,1,1,100.0,0.0,0,0,0,36,31,0,,0,4,,1
1637155,Mohamed Camara,mohamed-camara,405280,Académie SOAR,6.9,6.9,1,0,0,0,0,,0,2,1,3,66.67,0,2,1,1,0,0.0,0,0,0,0,0,0,0.0,1,1,0,1,50.0,1,50.0,2,50.0,17,0.0,0,0,0,0,0,0,0,0,1,0,0,0,0,0,0.0,0,0,0,0,1,0,0,0,5,1,2,0,0,0,1,0,0,0,,,,0,0,0,0,0,0,0,0,0,0,0,0,0,0,0,1,0,0,2,1,0,0,0,0,0,0,0.0,0.0,0,0,0,0,3,0,,0,0,,1
1435402,Landu Langanga,landu-langanga,195746,Sagrada Esperança,6.9,13.8,2,0,0,0,0,,0,17,25,42,40.48,14,3,0,0,0,0.0,0,0,0,0,0,0,0.0,0,0,0,0,0.0,0,0.0,0,0.0,180,0.0,0,0,0,0,0,0,0,0,0,0,0,0,0,6,20.0,0,0,0,0,25,0,7,2,56,0,0,0,0,0,0,0,0,3,,,,2,0,0,2,1,0,0,0,1,1,1,0,2,0,0,0,0,0,0,0,0,0,0,30,0,0,0.0,0.0,0,0,0,21,21,0,,15,14,,2
1111892,Abdulraouf Shoshan,abdulraouf-shoshan,375021,Abu Salim SC,6.9,6.9,1,0,0,0,0,,0,16,6,22,72.73,7,12,4,1,5,50.0,3,4,0,0,0,3,37.5,1,1,0,11,57.89,0,0.0,11,57.89,91,0.0,0,0,0,0,0,0,0,0,0,1,0,0,0,0,0.0,0,0,0,0,21,0,0,0,65,3,0,0,0,3,1,0,0,0,,,,0,0,0,0,0,3,0,0,0,0,0,0,1,0,0,1,10,8,8,0,0,0,0,3,3,2,66.67,0.0,0,0,0,10,20,0,,0,3,,2
1802162,Tony Lionge,tony-lionge,134292,Diables Noirs,6.9,13.8,2,0,0,0,0,,0,47,16,63,74.6,30,18,3,1,1,100.0,5,2,2,0,0,1,33.33,1,0,1,8,61.54,5,100.0,13,72.22,180,0.0,0,0,0,0,0,0,0,0,0,1,0,0,0,2,16.67,10,0,0,1,24,0,3,1,104,2,3,0,0,1,0,0,0,0,,,,1,0,0,0,0,1,0,0,0,0,0,0,2,0,0,1,1,3,5,0,0,0,0,12,1,4,80.0,0.0,0,0,0,37,29,0,,0,6,,2
1083171,Omran Al Tawerghi,omran-salem-saleh,375021,Abu Salim SC,6.9,20.7,3,0,0,0,0,,0,32,23,55,58.18,20,14,7,3,6,66.67,6,3,0,0,0,2,22.22,3,1,2,19,65.52,3,27.27,22,55.0,253,0.0,0,0,0,0,0,0,0,0,3,0,0,0,0,3,60.0,1,0,0,2,42,2,5,1,116,7,4,0,0,1,0,0,0,0,,,,0,0,0,0,0,4,0,0,0,0,0,0,3,0,0,3,9,9,18,8,0,0,0,5,4,3,50.0,0.0,0,0,0,26,38,0,,0,22,,3
1155596,Mamadou Lamine Camara,camara-mamadou-lamine,80395,RS Berkane,6.9,27.6,4,0,0,0,0,,0,101,29,130,77.69,59,42,14,2,0,0.0,8,2,3,0,0,0,0.0,3,1,2,9,42.86,11,78.57,20,57.14,291,0.0,0,0,0,0,0,0,0,0,3,0,0,0,0,14,51.85,5,0,0,6,43,0,17,8,167,1,4,0,0,1,0,0,0,0,,,,1,0,0,0,0,2,0,0,0,0,0,0,4,0,0,2,1,0,15,3,0,0,0,27,2,7,87.5,0.0,0,0,0,64,66,0,,0,17,,4
1127323,Sada Diallo,sada-diallo,195746,Sagrada Esperança,6.9,27.6,4,0,0,0,0,,0,126,21,147,85.71,67,59,21,2,3,60.0,8,1,1,0,0,0,0.0,3,0,3,15,51.72,3,100.0,18,56.25,233,0.0,0,0,0,0,0,0,0,0,0,3,0,0,0,7,58.33,3,0,0,2,27,0,5,4,181,4,6,0,0,5,0,0,0,0,,,,0,0,0,0,0,0,0,0,0,0,0,0,3,0,0,2,5,0,14,0,0,0,0,12,0,7,87.5,0.0,0,0,0,71,76,0,,0,20,,4
1111819,Mohammed Al Kista,mohammed-al-kista,375021,Abu Salim SC,6.9,27.6,4,0,0,0,0,,0,47,18,65,72.31,19,28,16,1,3,60.0,5,1,0,0,0,0,0.0,4,1,3,12,63.16,3,50.0,15,60.0,205,0.0,0,0,0,0,1,0,0,0,2,2,0,0,0,4,50.0,0,0,0,1,31,0,13,8,101,5,3,1,0,1,1,0,0,0,,,,0,0,0,0,0,1,0,0,0,0,0,0,3,0,0,1,5,3,10,3,0,0,0,8,1,4,80.0,0.0,0,0,0,21,47,0,,0,13,,4
904408,Lehlohonolo Mtshali,lehlohonolo-mtshali,371341,Sekhukhune United,6.9,27.6,4,0,0,0,0,,0,118,10,128,92.19,74,46,19,0,2,66.67,8,4,0,0,0,2,40.0,1,0,1,16,61.54,2,66.67,18,62.07,210,0.0,0,0,0,0,0,0,0,0,0,1,0,0,0,8,61.54,2,0,0,1,19,1,13,10,168,6,6,0,0,2,0,0,0,0,,,,1,0,0,0,0,0,1,0,0,0,0,0,2,0,0,0,3,5,11,1,0,0,0,13,1,3,37.5,0.0,0,0,0,79,54,0,,0,16,,4
972748,Mathias Martins,mathias-martins,215270,Rivers United,6.9,20.7,3,0,0,0,0,,0,31,5,36,86.11,12,20,13,1,0,0.0,3,1,0,0,0,1,33.33,5,0,2,4,36.36,1,50.0,5,38.46,72,0.0,0,0,0,0,0,0,0,0,2,3,0,0,0,3,100.0,0,0,0,0,9,0,6,3,52,1,5,0,0,2,0,3,0,0,,,,0,0,0,0,0,0,0,0,0,0,0,0,0,0,0,1,0,3,8,1,0,0,0,3,0,3,100.0,0.0,0,0,0,12,27,0,,0,2,,4
1612637,Gloire Ngambali,gloire-ngambali,134292,Diables Noirs,6.9,34.5,5,0,0,0,0,,0,112,37,149,75.17,32,81,46,5,4,66.67,7,2,0,0,0,1,10.0,8,2,4,15,48.39,2,25.0,17,43.59,346,0.0,0,0,0,0,0,0,0,0,1,7,0,0,0,15,50.0,0,0,0,4,61,3,21,9,209,4,6,0,0,4,0,2,0,0,,,,0,0,0,0,0,6,1,0,0,0,0,0,4,0,0,5,6,10,22,6,0,0,0,30,7,5,71.43,0.0,0,0,0,37,122,0,,0,27,,5
919701,Abdelkarim Baadi,baadi-abdelkarim,80395,RS Berkane,6.9,41.4,6,0,1,0,0,,0,133,33,166,80.12,70,65,31,5,7,70.0,10,3,2,0,0,2,40.0,1,0,1,19,57.58,2,40.0,21,55.26,317,0.0,0,0,0,0,0,0,0,0,0,1,0,0,0,11,42.31,2,0,0,5,51,1,17,8,247,2,5,0,0,2,1,0,0,0,,,,2,0,0,0,0,1,0,0,0,0,0,0,3,0,0,5,10,5,17,3,0,0,0,26,1,8,80.0,0.0,0,0,0,79,92,0,,0,33,,6
1612721,Klegnime Koné,klegnime-kone,69326,Stade Malien,6.9,41.4,6,0,0,2,0,,0,73,21,94,77.66,13,62,39,6,5,45.45,5,0,0,0,0,2,28.57,14,6,4,12,40.0,2,33.33,14,38.89,359,0.0,0,0,0,0,0,0,0,0,9,5,0,0,0,4,80.0,2,0,0,4,45,5,2,2,152,2,2,0,0,6,1,4,0,0,,,,1,0,0,0,0,2,1,0,0,0,0,0,4,0,0,6,11,7,22,4,0,0,0,5,3,3,60.0,0.0,0,0,0,13,88,0,,0,18,,6
1469691,Joel Mozeviko,joel-mozeviko,134292,Diables Noirs,6.9,41.4,6,0,1,0,0,,0,183,59,242,75.62,66,119,66,8,4,66.67,7,8,1,0,0,2,10.53,6,1,2,18,51.43,5,55.56,23,52.27,414,0.0,0,0,0,0,0,0,0,0,1,5,0,0,0,20,58.82,2,0,0,6,101,7,30,11,332,7,4,0,0,5,0,3,0,0,,,,0,0,0,0,0,7,1,0,0,0,0,0,5,0,0,8,6,19,21,4,0,0,0,34,8,5,71.43,0.0,0,0,0,73,188,0,,0,28,,6
826544,Basem Ali,basem-ali,265830,Modern Sport FC,6.9,55.2,8,0,0,0,0,,0,250,78,328,76.22,125,126,64,4,1,100.0,19,9,1,0,0,1,11.11,0,0,0,23,53.49,9,56.25,32,54.24,654,0.0,0,0,0,0,0,0,0,0,0,0,0,0,0,28,47.46,20,0,0,5,117,1,42,23,506,4,8,0,0,9,0,0,0,0,,,,2,0,0,0,0,5,1,0,0,0,0,0,8,0,0,4,1,9,27,7,0,0,0,59,6,10,52.63,0.0,0,0,0,146,191,0,,0,23,,8
1103319,Mccarthy Ofori,mccarthy-ofori,213969,Dreams,6.9,69.0,10,0,0,0,0,,0,268,59,327,81.96,145,124,44,6,7,58.33,21,16,1,0,0,1,16.67,1,0,1,37,55.22,19,47.5,56,52.34,900,0.0,0,0,0,0,0,0,0,0,1,0,0,0,0,22,52.38,33,0,0,2,100,1,29,19,525,10,15,0,0,10,0,0,0,0,,,,3,0,0,0,0,9,3,0,0,0,0,0,10,0,0,6,12,6,51,21,0,0,0,42,12,11,52.38,0.0,0,0,0,162,171,0,,0,51,,10
919279,Mourad Zahou,mourad-zahou,375021,Abu Salim SC,6.89,48.2,7,0,0,0,0,,0,113,69,182,62.09,65,48,23,6,0,0.0,7,10,2,0,0,0,0.0,0,0,0,12,46.15,10,52.63,22,48.89,630,0.0,0,0,0,0,0,0,0,0,0,0,0,0,0,30,37.04,28,0,0,0,115,0,35,19,331,5,10,0,0,4,0,0,0,0,,,,4,0,0,0,0,6,0,0,0,0,0,0,7,0,0,6,0,2,23,9,0,0,0,81,6,3,42.86,0.0,0,0,0,91,93,0,,0,25,,7
1114709,Ehab Al Mgallesh,ehab-al-mgallesh,375021,Abu Salim SC,6.88,41.3,6,1,0,0,0,,1,99,53,152,65.13,52,47,17,0,2,100.0,18,6,2,0,0,0,0.0,2,1,1,23,52.27,8,47.06,31,50.82,540,50.0,0,0,0,0,0,0,1,0,1,1,0,1,0,8,25.81,7,0,0,4,67,2,16,7,216,3,8,0,0,9,0,0,0,0,,,,4,0,0,0,0,3,0,0,0,0,0,0,6,0,0,0,2,1,30,9,0,0,0,31,3,13,72.22,540.0,0,0,0,64,89,0,,0,35,,6
1011997,Chiheb Labidi,chiheb-labidi,39618,Club Africain,6.88,34.4,5,0,1,1,1,,1,122,32,154,79.22,50,73,37,5,6,60.0,12,6,0,0,0,1,100.0,5,1,2,23,40.35,8,40.0,31,40.26,414,0.0,0,0,0,0,0,0,0,0,4,1,0,0,0,10,76.92,4,0,0,13,65,2,15,9,241,5,16,0,0,2,0,2,0,0,,,,0,0,0,0,0,2,0,0,0,0,0,0,5,0,0,5,10,1,46,12,0,0,0,13,2,8,66.67,0.0,0,0,0,58,97,0,,0,19,,5
919475,Hamza Semmoumy,hamza-semmoumy,80395,RS Berkane,6.88,34.4,5,0,1,0,0,,0,164,40,204,80.39,80,84,36,2,3,100.0,3,3,2,0,0,0,0.0,1,0,0,10,71.43,6,54.55,16,64.0,280,0.0,0,0,0,0,0,0,0,0,1,0,0,0,0,13,44.83,9,0,0,0,52,1,18,9,280,4,4,0,0,2,0,1,0,0,,,,1,0,0,0,0,1,0,0,0,0,0,0,3,0,0,2,3,2,9,5,0,0,0,29,1,2,66.67,0.0,0,0,0,89,117,0,,0,19,,5
1612720,Issah Yakubu,issah-yakubu,69326,Stade Malien,6.88,55.0,8,1,0,0,0,,1,205,64,269,76.21,147,58,18,1,0,0.0,7,9,2,0,0,0,0.0,8,2,6,11,55.0,26,70.27,37,64.91,651,12.5,0,0,0,1,0,0,1,0,6,2,1,0,0,19,35.19,47,0,0,0,71,0,23,9,370,4,8,0,0,2,1,0,0,0,,,,3,0,0,0,0,8,1,0,0,0,0,0,7,0,0,1,0,0,20,11,0,0,0,54,9,3,42.86,651.0,0,0,0,171,98,1,,3,15,,8
1632487,Leonel Ateba,leonel-ateba,42206,USM Alger,6.88,27.5,4,0,3,0,3,,3,35,29,64,54.69,8,28,19,7,1,20.0,1,0,0,0,0,1,25.0,15,2,6,3,12.5,8,38.1,11,24.44,333,0.0,0,0,0,0,0,0,0,0,8,7,0,0,0,2,33.33,1,0,0,7,56,5,6,1,125,1,12,0,0,1,6,7,0,0,,,,0,0,0,0,0,3,1,0,0,0,0,0,4,0,0,7,5,4,34,13,0,0,0,6,4,0,0.0,0.0,0,0,0,10,58,0,,0,14,,4
1427133,Fady Sidiki Coulibaly,fady-sidiki-coulibaly,69326,Stade Malien,6.87,20.6,3,0,0,1,0,,0,76,15,91,83.52,37,39,15,1,0,0.0,4,2,2,1,1,0,0.0,2,1,1,9,45.0,8,53.33,17,48.57,243,0.0,0,0,0,0,0,0,0,0,1,1,0,0,0,7,70.0,3,0,0,0,16,1,11,7,119,6,9,0,0,4,0,0,0,0,,,,1,0,0,0,0,3,0,0,0,0,0,0,3,0,0,1,0,0,18,7,0,0,0,10,3,3,75.0,0.0,0,0,0,40,51,0,,0,15,,3
1006502,Aboubakr Bouagila,aboubakr-bouagila,375029,Al Hilal Benghazi SC,6.87,20.6,3,0,0,0,0,,0,48,27,75,64.0,30,18,5,1,3,100.0,8,5,0,0,0,0,0.0,1,1,0,13,61.9,7,63.64,20,62.5,270,0.0,0,0,0,0,0,0,0,0,1,0,0,0,0,3,30.0,3,0,0,0,35,1,7,2,119,2,5,0,0,3,0,0,0,0,,,,0,0,0,0,0,4,1,0,0,0,0,0,3,0,0,1,3,0,12,4,0,0,0,10,5,7,87.5,0.0,0,0,0,40,35,0,,0,13,,3
1007576,Jeremie Kalenda,jeremie-kalenda,134292,Diables Noirs,6.87,41.2,6,0,0,1,0,,0,66,24,90,73.33,17,50,37,7,6,37.5,4,0,0,0,0,1,8.33,11,2,6,22,52.38,5,55.56,27,52.94,339,0.0,0,0,1,0,0,0,0,0,5,6,0,0,0,2,22.22,2,0,0,3,63,2,8,0,185,12,4,0,0,3,0,3,0,0,,,,0,0,0,0,0,5,1,0,0,0,0,0,3,0,0,7,16,12,24,4,0,0,0,9,6,2,50.0,0.0,0,0,0,21,81,0,,0,13,,6
1612536,Alexandre Fernando,alexandre-fernando,195746,Sagrada Esperança,6.87,41.2,6,0,0,0,0,,0,225,62,287,78.4,175,50,8,0,2,100.0,4,5,0,0,0,0,0.0,0,0,0,8,42.11,27,57.45,35,53.03,540,0.0,0,0,0,0,0,0,0,0,0,0,0,0,0,14,27.45,22,0,0,3,68,0,20,7,344,3,6,0,0,2,0,0,0,0,,,,4,0,0,0,0,0,2,0,0,0,0,0,6,0,0,0,2,1,31,20,0,0,0,51,2,3,75.0,0.0,0,0,0,206,82,0,,0,21,,6
1612716,Daouda Coulibaly,daouda-coulibaly,69326,Stade Malien,6.86,48.0,7,0,1,2,1,,1,110,43,153,71.9,34,81,52,12,7,43.75,4,1,1,0,0,5,33.33,13,3,6,23,48.94,6,66.67,29,51.79,401,0.0,0,0,0,0,1,0,0,0,9,4,0,0,0,6,54.55,2,0,0,5,87,8,9,4,256,12,7,0,0,7,2,4,0,0,,,,1,0,0,0,0,6,0,0,0,0,0,0,5,0,0,12,16,15,27,3,0,0,0,11,6,2,50.0,0.0,0,0,0,41,127,1,,0,38,,7
560158,Mohamed Awad,mohamed-awad,42368,Zamalek SC,6.85,75.4,11,0,0,0,0,,0,138,75,213,64.79,112,26,10,0,0,0.0,0,0,3,0,0,0,0.0,0,0,0,3,100.0,4,80.0,7,87.5,990,0.0,0,0,0,0,0,0,0,0,0,0,0,0,0,49,39.52,8,0,0,0,79,0,27,20,302,4,0,0,0,0,0,0,0,12,,,,7,1,0,7,5,4,1,7,3,3,7,0,11,0,0,0,0,0,1,1,0,0,0,124,5,0,0.0,0.0,0,0,1,125,88,0,,69,72,,11
1469654,Alves Ngakosso-Oko,alves-ngakosso-oko,134292,Diables Noirs,6.85,27.4,4,2,0,0,0,,2,61,15,76,80.26,29,33,12,4,6,66.67,4,8,3,0,0,1,12.5,6,3,2,13,43.33,4,44.44,17,43.59,322,33.33,0,0,0,0,0,0,1,1,2,4,1,0,1,6,46.15,7,0,0,0,48,1,12,5,165,3,11,0,0,4,0,1,0,0,,,,0,0,0,0,0,7,1,0,0,0,0,0,4,0,0,4,9,8,22,5,0,0,0,13,8,4,100.0,161.0,0,0,0,32,52,0,,0,20,,4
895086,Daniel Cardoso,daniel-cardoso,371341,Sekhukhune United,6.85,13.7,2,1,0,0,0,,1,69,22,91,75.82,50,19,8,0,1,100.0,1,1,1,0,0,0,0.0,1,1,0,2,28.57,4,44.44,6,37.5,180,100.0,0,0,0,0,0,0,0,1,0,1,0,0,1,12,42.86,5,0,0,0,22,0,17,5,107,0,3,0,0,2,0,0,0,0,,,,0,0,0,0,0,2,1,0,0,0,0,0,2,0,0,0,1,0,10,5,0,0,0,28,3,1,100.0,180.0,0,0,0,55,36,0,,0,6,,2
1183621,Oussama Bellatreche,oussama-bellatreche,42206,USM Alger,6.85,13.7,2,0,1,0,1,,1,8,5,13,61.54,1,7,4,1,0,0.0,1,0,0,0,0,0,0.0,0,0,0,1,50.0,2,66.67,3,60.0,38,0.0,0,0,0,0,0,0,0,0,0,0,0,0,0,0,0.0,0,0,0,0,6,0,0,0,17,0,0,0,0,0,0,0,0,0,,,,0,0,0,0,0,0,0,0,0,0,0,0,0,0,0,1,1,0,2,1,0,0,0,3,0,1,100.0,0.0,0,0,0,3,10,0,,0,1,,2
1114480,Reda Hajji,reda-hajji,80395,RS Berkane,6.85,27.4,4,0,1,0,1,,1,38,17,55,69.09,8,32,18,1,2,50.0,1,1,1,0,0,2,50.0,5,0,2,5,38.46,4,66.67,9,47.37,79,0.0,0,0,0,0,0,0,0,0,2,3,0,0,0,2,50.0,0,0,0,0,30,0,3,2,86,2,3,1,0,3,0,3,0,0,,,,0,0,0,0,0,1,0,0,0,0,0,0,0,0,0,1,4,4,10,2,0,0,0,4,1,1,100.0,0.0,0,0,0,11,48,0,,0,11,,7
875105,Larry Bwalya,larry-bwalya,371341,Sekhukhune United,6.85,13.7,2,0,0,0,0,,0,28,10,38,73.68,16,14,5,0,0,0.0,1,3,0,0,0,2,40.0,2,0,1,2,50.0,2,50.0,4,50.0,72,0.0,0,0,0,0,1,0,0,0,0,2,0,0,0,1,33.33,1,0,0,1,15,0,3,1,55,1,0,0,0,0,0,1,0,0,,,,0,0,0,0,0,0,0,0,0,0,0,0,1,0,0,0,1,5,4,2,0,0,0,3,0,0,0.0,0.0,0,0,0,18,25,0,,0,6,,2
1063999,Gape Moralo,gape-moralo,7671,Supersport United,6.85,13.7,2,0,0,0,0,,0,45,13,58,77.59,15,31,16,1,2,66.67,2,2,0,0,0,1,100.0,1,0,0,9,69.23,2,50.0,11,64.71,120,0.0,0,0,0,0,0,0,0,0,0,1,0,0,0,3,25.0,4,0,0,0,15,0,6,3,84,5,1,0,0,2,0,1,0,0,,,,0,0,0,0,0,0,1,0,0,0,0,0,1,0,0,1,3,1,6,2,0,0,0,12,1,2,100.0,0.0,0,0,0,20,39,0,,0,13,,2
105512,Zouhaier Dhaouadi,zouhaier-dhaouadi,39618,Club Africain,6.85,13.7,2,0,1,0,0,,0,9,2,11,81.82,1,8,5,1,0,0.0,1,0,0,0,0,0,0.0,0,0,0,2,66.67,0,0.0,2,66.67,21,0.0,0,0,0,0,0,0,0,0,0,0,0,0,0,2,100.0,0,0,0,0,3,0,3,2,15,1,1,0,0,0,0,0,0,0,,,,0,0,0,0,0,1,0,0,0,0,0,0,0,0,0,1,0,0,1,0,0,0,0,2,1,1,100.0,0.0,0,0,0,1,10,0,,0,1,,2
787470,Thulani Hlatshwayo,thulani-hlatshwayo,7671,Supersport United,6.85,13.7,2,0,0,2,0,,0,33,16,49,67.35,16,17,10,0,0,0.0,1,0,0,0,0,0,0.0,4,2,2,2,66.67,6,60.0,8,61.54,90,0.0,0,0,0,0,0,0,0,0,3,1,0,0,0,6,46.15,2,0,0,0,16,0,9,6,61,1,1,0,0,0,0,0,0,0,,,,0,0,0,0,0,1,0,0,0,0,0,0,1,0,0,0,0,0,5,4,0,0,0,13,1,1,100.0,0.0,0,0,0,26,23,0,,0,4,,2
1101918,Pogiso Mahlangu,pogiso-mahlangu,371341,Sekhukhune United,6.85,13.7,2,0,0,0,0,,0,34,7,41,82.93,24,10,3,0,0,0.0,5,1,0,0,0,0,0.0,1,0,1,8,72.73,3,50.0,11,64.71,101,0.0,0,0,0,0,0,0,0,0,1,0,0,0,0,3,60.0,5,0,0,2,11,0,1,1,63,3,1,0,0,0,1,0,0,0,,,,1,0,0,0,0,0,0,0,0,0,0,0,1,0,0,0,0,0,6,3,0,0,0,5,0,3,60.0,0.0,0,0,0,28,13,0,,0,3,,2
1612543,Domingos Kandumba,domingos-kandumba,195746,Sagrada Esperança,6.85,13.7,2,0,0,0,0,,0,41,12,53,77.36,16,25,7,1,2,40.0,1,0,0,0,0,0,0.0,2,0,2,5,38.46,0,0.0,5,35.71,107,0.0,0,0,0,0,0,0,0,0,1,1,0,0,0,1,33.33,0,0,0,1,25,0,3,1,77,2,5,0,0,0,0,0,0,0,,,,0,0,0,0,0,0,0,0,0,0,0,0,2,0,0,1,5,0,9,1,0,0,0,3,0,1,100.0,0.0,0,0,0,18,35,0,,0,3,,2
1011207,Mohamed Shehata,mohamed-shehata,42368,Zamalek SC,6.85,41.1,6,0,0,0,0,,0,188,29,217,86.64,81,109,44,2,7,100.0,6,6,2,0,0,2,40.0,3,1,1,23,53.49,10,58.82,33,55.0,322,0.0,0,0,0,0,0,0,0,0,0,3,0,0,0,3,30.0,5,0,0,6,44,1,8,2,281,10,9,0,0,6,0,1,0,0,,,,0,0,0,0,0,2,1,0,0,0,0,0,3,0,0,2,7,5,27,7,0,0,0,10,3,3,50.0,0.0,0,0,0,88,134,0,,0,30,,6
1612541,Dabanda,dabanda,195746,Sagrada Esperança,6.84,34.2,5,0,1,0,0,,0,35,17,52,67.31,15,22,10,6,4,36.36,2,2,1,0,0,2,18.18,9,2,5,13,38.24,1,25.0,14,36.84,303,0.0,0,0,0,0,0,0,0,0,4,5,0,0,0,1,50.0,2,0,0,7,46,3,3,3,128,7,5,0,0,2,3,2,0,0,,,,1,0,0,0,0,0,0,0,0,0,0,0,4,0,0,6,11,11,24,3,0,0,0,2,0,2,100.0,0.0,0,0,0,17,46,0,,0,11,,6
1400697,Ali Yasser,ali-yasser,265830,Modern Sport FC,6.83,20.5,3,1,0,0,0,,1,20,32,52,38.46,6,14,5,0,2,100.0,2,0,0,0,0,0,0.0,2,1,1,4,28.57,22,51.16,26,45.61,189,50.0,0,0,0,0,0,0,1,0,2,0,0,0,1,0,0.0,0,0,0,3,42,1,0,0,76,0,6,0,0,2,2,0,0,0,,,,0,0,0,0,0,3,0,0,0,0,0,0,3,0,0,0,2,0,31,21,0,0,0,0,3,2,100.0,189.0,0,0,0,13,39,0,,0,6,,3
1111895,Amer Al Tawerghi,amer-al-tawerghi,375029,Al Hilal Benghazi SC,6.83,20.5,3,1,0,0,0,,1,32,19,51,62.75,12,20,7,0,2,100.0,7,0,1,0,0,0,0.0,1,1,0,17,51.52,3,42.86,20,50.0,189,100.0,0,0,0,0,0,0,1,0,1,0,0,1,0,0,0.0,3,0,0,7,27,0,6,0,93,9,4,0,0,5,0,0,0,0,,,,0,0,0,0,0,6,1,0,0,0,0,0,2,0,0,0,2,0,20,4,0,0,0,2,7,6,85.71,189.0,0,0,0,19,32,0,,0,17,,3
845082,Tashreeq Morris,tashreeq-morris,371341,Sekhukhune United,6.83,20.5,3,0,1,0,1,,1,23,9,32,71.88,6,17,8,1,0,0.0,1,0,1,0,0,0,0.0,1,0,0,5,35.71,11,57.89,16,48.48,113,0.0,0,0,0,0,0,0,0,0,0,1,0,0,0,1,100.0,3,0,0,4,19,1,1,1,59,4,4,0,0,1,1,1,0,0,,,,0,0,0,0,0,0,1,0,0,0,0,0,1,0,0,1,0,1,17,8,0,0,0,1,1,1,100.0,0.0,0,0,0,7,26,0,,0,3,,3
810705,Ronald Pfumbidzai,ronald-pfumbidzai,7671,Supersport United,6.83,20.5,3,0,0,0,1,,1,77,28,105,73.33,38,42,17,2,0,0.0,3,2,0,0,0,3,27.27,2,1,1,3,42.86,5,41.67,8,42.11,244,0.0,0,0,0,0,0,0,0,0,2,0,0,0,0,4,28.57,9,0,0,0,54,0,11,3,172,0,3,0,0,0,1,0,0,0,,,,0,0,0,0,0,2,2,0,0,0,0,0,3,0,0,2,1,11,11,7,0,0,0,14,4,3,100.0,0.0,0,0,0,48,68,0,,0,7,,3
881038,Mohamed Camara,mohamed-camara,405280,Académie SOAR,6.83,20.5,3,0,0,0,0,,0,36,17,53,67.92,10,26,9,1,3,100.0,0,0,1,0,0,0,0.0,2,0,2,7,70.0,5,38.46,12,52.17,261,0.0,0,0,0,0,0,0,0,0,2,0,0,0,0,0,0.0,1,0,0,0,26,0,0,0,78,4,4,0,0,0,2,0,0,0,,,,0,0,0,0,0,5,2,0,0,0,0,0,3,0,0,1,3,2,11,8,0,0,0,0,7,0,0.0,0.0,0,0,0,10,45,0,,0,4,,3
1161949,Kegan Johannes,kegan-johannes,7671,Supersport United,6.83,20.5,3,0,1,0,0,,0,88,17,105,83.81,50,40,14,2,1,50.0,2,2,0,0,0,2,40.0,0,0,0,6,42.86,3,60.0,9,47.37,219,0.0,0,0,0,0,0,0,0,0,0,0,0,0,0,18,64.29,2,0,0,0,31,0,10,4,144,3,4,0,0,3,0,0,0,0,,,,0,0,0,0,0,1,3,0,0,0,0,0,2,0,0,2,2,5,10,2,0,0,0,28,4,0,0.0,0.0,0,0,0,52,58,0,,0,14,,3
1107453,Mohammed Al Tawerghi,mohammed-al-tawerghi,375029,Al Hilal Benghazi SC,6.83,27.3,4,1,0,1,1,,2,21,9,30,70.0,6,15,7,2,1,50.0,1,0,0,0,0,0,0.0,5,2,3,7,53.85,5,27.78,12,38.71,253,20.0,0,0,0,0,0,0,1,0,2,3,0,0,1,1,100.0,0,0,0,1,25,1,1,1,65,5,3,0,0,2,3,0,0,0,,,,0,0,0,0,0,3,1,0,0,0,0,0,3,0,0,2,2,2,19,13,0,0,0,1,4,0,0.0,253.0,0,0,0,7,25,0,,0,6,,4
990661,Tumisang Orebonye,tumisang-orebonye,42206,USM Alger,6.83,27.3,4,1,0,1,0,,1,52,17,69,75.36,17,39,19,2,1,33.33,2,3,1,0,0,4,40.0,7,2,4,11,37.93,8,44.44,19,40.43,296,14.29,0,0,0,0,0,0,1,0,4,3,0,0,1,3,50.0,4,0,0,6,49,4,5,3,140,9,8,1,0,4,1,1,0,0,,,,2,0,0,0,0,0,0,0,0,0,0,0,3,0,0,2,3,10,28,10,0,0,0,6,0,2,100.0,296.0,0,0,0,20,59,0,,0,20,,4
1008130,Ahmed Saad,ahmed-saad,375029,Al Hilal Benghazi SC,6.83,27.3,4,0,1,0,1,,1,27,11,38,71.05,9,18,12,2,4,57.14,2,3,0,1,1,0,0.0,1,0,1,13,59.09,1,25.0,14,53.85,174,0.0,0,0,0,0,0,0,0,0,0,1,0,0,0,1,25.0,0,0,0,2,26,1,2,2,79,7,6,0,0,0,1,0,0,0,,,,0,0,0,0,0,3,1,0,0,0,0,0,2,0,0,2,7,2,12,3,0,0,0,4,4,1,50.0,0.0,0,0,0,10,30,0,,0,8,,4
1201543,Sayed Abdallah,sayed-abdallah,42368,Zamalek SC,6.83,27.3,4,0,1,0,1,,1,114,18,132,86.36,48,67,24,5,2,66.67,1,1,0,0,0,1,14.29,0,0,0,3,21.43,0,0.0,3,21.43,183,0.0,0,0,0,0,0,0,0,0,0,0,0,0,0,8,72.73,1,0,0,1,30,0,3,0,165,0,5,0,0,4,1,0,0,0,,,,0,0,0,0,0,1,0,0,0,0,0,0,2,0,0,5,3,7,11,0,0,0,0,11,1,0,0.0,0.0,0,0,0,51,88,0,,0,11,,5
1199323,Mohamed Amine Hamrouni,mohamed-amine-hamrouni,39618,Club Africain,6.83,27.3,4,0,1,0,0,,0,97,29,126,76.98,60,39,18,3,7,70.0,7,7,1,0,0,2,40.0,0,0,0,18,52.94,4,66.67,22,55.0,312,0.0,0,0,0,0,0,0,0,0,0,0,0,0,0,12,44.44,2,0,0,1,47,0,10,2,203,4,7,0,0,5,0,0,0,0,,,,1,0,0,0,0,3,0,0,0,0,0,0,4,0,0,3,10,5,18,2,0,0,0,27,3,4,57.14,0.0,0,0,0,73,58,0,,0,10,,4
873545,Mohamed Abdelsalam,mohamed-abdelsalam,265830,Modern Sport FC,6.83,27.3,4,0,0,0,0,,0,135,42,177,76.27,98,37,8,0,0,0.0,4,7,0,0,0,0,0.0,0,0,0,6,75.0,8,44.44,14,53.85,279,0.0,0,0,0,0,0,0,0,0,0,0,0,0,0,12,33.33,17,0,0,0,45,0,18,6,218,2,3,0,0,1,0,0,0,0,,,,1,0,0,0,0,1,1,0,0,0,0,0,3,0,0,0,0,0,12,10,0,0,0,36,2,1,25.0,0.0,0,0,0,112,65,0,,0,13,,4
1007598,Mustapha Bouchina,mustapha-bouchina,42206,USM Alger,6.83,27.3,4,0,0,0,0,,0,62,36,98,63.27,38,24,9,0,1,100.0,5,6,1,0,0,0,0.0,1,0,1,13,61.9,13,61.9,26,61.9,265,0.0,0,0,0,0,0,0,0,0,1,0,0,0,0,7,31.82,8,0,0,0,36,0,17,5,136,7,4,0,0,4,0,0,0,0,,,,1,0,0,0,0,3,0,0,0,0,0,0,3,0,0,0,1,0,16,8,0,0,0,22,3,4,80.0,0.0,0,0,0,48,50,0,,0,12,,4
1049590,Abdourahamane Camara,abdourahamane-camara,405280,Académie SOAR,6.83,27.3,4,0,0,0,0,,0,117,31,148,79.05,86,31,7,0,0,0.0,6,6,0,0,0,0,0.0,1,0,0,8,80.0,8,57.14,16,66.67,287,0.0,0,0,0,0,0,0,0,0,1,0,0,0,0,19,59.38,10,0,0,0,33,0,13,7,181,2,1,0,0,1,0,1,0,0,,,,1,0,0,0,0,4,2,0,0,0,0,0,3,0,0,0,0,0,8,6,0,0,0,32,6,4,66.67,0.0,0,0,0,96,52,1,,0,16,,4
1540443,Sulemana Suhiyini,sulemana-suhiyini,213969,Dreams,6.81,54.5,8,0,0,0,0,,0,130,43,173,75.14,52,82,33,4,7,53.85,20,1,1,0,0,4,17.39,4,1,3,35,54.69,0,0.0,35,49.3,498,0.0,0,0,0,0,0,0,0,0,3,1,0,0,0,13,54.17,12,0,0,4,103,2,17,11,358,8,8,0,0,12,0,0,1,0,,,,0,0,0,0,0,6,1,0,0,0,0,0,6,0,0,3,13,23,36,7,0,0,0,24,7,14,70.0,0.0,0,0,0,61,135,0,,0,35,,8
1004515,Hamza Hamiani,hamza-hamiani,80395,RS Berkane,6.81,68.1,10,0,0,0,0,,0,124,72,196,63.27,100,24,11,0,1,100.0,0,0,0,0,0,0,0.0,0,0,0,2,100.0,2,66.67,4,80.0,900,0.0,0,0,0,0,0,0,0,0,0,0,0,0,0,42,37.84,6,0,0,0,74,0,12,4,250,1,0,0,0,0,0,0,0,12,,,,5,0,0,9,3,6,0,2,2,2,5,0,10,0,0,0,1,0,1,1,0,0,0,111,6,0,0.0,0.0,0,0,2,109,87,0,,54,50,,10
1018946,Kamohelo Sithole,kamohelo-sithole,371341,Sekhukhune United,6.8,13.6,2,1,0,0,0,,1,35,16,51,68.63,20,15,7,2,1,20.0,5,0,0,0,0,0,0.0,2,1,1,7,43.75,1,20.0,8,38.1,172,50.0,0,0,0,0,0,0,1,0,1,1,0,1,0,1,20.0,0,0,0,0,29,1,4,0,74,1,3,0,0,2,0,0,0,0,,,,0,0,0,0,0,2,1,0,0,0,0,0,2,0,0,2,5,2,13,4,0,0,0,5,3,4,80.0,172.0,0,0,0,24,29,0,,0,9,,2
1610415,Paul Odeh,paul-odeh,215270,Rivers United,6.8,34.0,5,1,1,0,0,,1,165,41,206,80.1,86,83,34,3,0,0.0,10,5,2,0,0,4,21.05,2,1,1,11,47.83,3,100.0,14,53.85,405,50.0,0,0,0,0,0,0,0,1,0,2,0,1,0,6,28.57,4,0,0,2,75,0,8,5,308,1,5,0,0,3,0,0,0,0,,,,2,0,0,0,0,6,0,0,0,0,0,0,5,0,0,3,2,19,12,0,0,0,0,21,6,8,80.0,405.0,0,0,0,99,126,1,,0,21,,5
886931,Mahmoud Hamdy,mahmoud-hamdy,265830,Modern Sport FC,6.8,6.8,1,0,0,0,0,,0,18,8,26,69.23,13,5,1,0,0,0.0,0,0,0,0,0,0,0.0,0,0,0,0,0.0,0,0.0,0,0.0,90,0.0,0,0,0,0,0,0,0,0,0,0,0,0,0,9,52.94,1,0,0,0,8,0,1,1,30,0,0,0,0,0,0,0,0,2,,,,0,0,0,2,0,1,0,0,0,0,0,0,1,0,0,0,0,0,1,1,0,0,0,17,1,0,0.0,0.0,0,0,1,15,11,0,,11,7,,1
931036,Lebohang Mabotja,lebohang-mabotja,371341,Sekhukhune United,6.8,6.8,1,0,0,0,0,,0,29,4,33,87.88,18,12,8,0,0,0.0,5,1,0,0,0,1,50.0,0,0,0,7,58.33,1,100.0,8,61.54,90,0.0,0,0,0,0,0,0,0,0,0,0,0,0,0,2,100.0,2,0,0,0,10,0,1,1,60,2,0,0,0,5,0,0,0,0,,,,0,0,0,0,0,2,0,0,0,0,0,0,1,0,0,0,0,2,5,0,0,0,0,2,2,4,80.0,0.0,0,0,0,21,14,0,,0,10,,1
1541798,Nour Fettouhi,nour-fettouhi,42206,USM Alger,6.8,6.8,1,0,0,0,0,,0,13,0,13,100.0,7,6,3,0,1,100.0,1,0,0,0,0,0,0.0,1,0,1,4,66.67,1,50.0,5,62.5,63,0.0,0,0,0,0,0,0,0,0,1,0,0,0,0,1,100.0,0,0,0,2,9,0,0,0,27,2,0,0,0,0,0,0,0,0,,,,0,0,0,0,0,0,0,0,0,0,0,0,1,0,0,0,1,3,3,1,0,0,0,1,0,1,100.0,0.0,0,0,0,7,9,0,,0,2,,1
923862,Carof Bakoua,carof-bakoua,134292,Diables Noirs,6.8,6.8,1,0,0,0,0,,0,5,2,7,71.43,2,3,1,0,0,0.0,0,0,0,0,0,0,0.0,0,0,0,0,0.0,0,0.0,0,0.0,22,0.0,0,0,0,0,0,0,0,0,0,0,0,0,0,1,33.33,1,0,0,0,2,0,3,2,10,0,0,0,0,0,0,0,0,0,,,,0,0,0,0,0,0,0,0,0,0,0,0,0,0,0,0,0,0,0,0,0,0,0,3,0,0,0.0,0.0,0,0,0,3,4,0,,0,0,,1
1024068,Fatai Abdullahi Oluwadayo,fatai-abdullahi-oluwadayo,215270,Rivers United,6.8,6.8,1,0,0,0,0,,0,17,0,17,100.0,10,7,4,0,0,0.0,0,0,0,0,0,0,0.0,0,0,0,0,0.0,0,0.0,0,0.0,11,0.0,0,0,0,0,0,0,0,0,0,0,0,0,0,1,100.0,0,0,0,0,0,0,1,1,17,0,0,0,0,0,0,0,0,0,,,,0,0,0,0,0,0,0,0,0,0,0,0,0,0,0,0,0,0,0,0,0,0,0,1,0,0,0.0,0.0,0,0,0,10,7,0,,0,3,,1
1498905,Mohammed Al Taher,mohammed-al-taher,375021,Abu Salim SC,6.8,6.8,1,0,0,0,0,,0,28,5,33,84.85,15,13,6,0,0,0.0,4,0,0,0,0,0,0.0,1,0,1,5,83.33,0,0.0,5,83.33,45,0.0,0,0,0,0,0,0,0,0,0,1,0,0,0,2,50.0,0,0,0,0,6,0,3,2,41,1,1,0,0,0,0,0,0,0,,,,0,0,0,0,0,2,0,0,0,0,0,0,0,0,0,0,0,0,1,0,0,0,0,4,2,2,50.0,0.0,0,0,0,15,18,0,,0,2,,1
967007,Mohab Yasser,mohab-yasser,42368,Zamalek SC,6.8,13.6,2,0,0,0,0,,0,15,6,21,71.43,2,13,6,0,3,75.0,1,1,0,0,0,0,0.0,1,0,1,4,57.14,0,0.0,4,50.0,41,0.0,0,0,0,0,0,0,0,0,0,1,0,0,0,1,100.0,0,0,0,0,13,0,3,2,36,0,3,0,0,0,0,0,0,0,,,,0,0,0,0,0,0,0,0,0,0,0,0,0,0,0,0,4,2,4,1,0,0,0,1,0,1,100.0,0.0,0,0,0,2,21,0,,0,1,,2
1612728,Moro Traoré,moro-traore,69326,Stade Malien,6.8,6.8,1,0,0,0,0,,0,7,4,11,63.64,1,6,6,0,1,100.0,0,0,0,0,0,0,0.0,0,0,0,1,33.33,1,33.33,2,33.33,11,0.0,0,0,0,0,0,0,0,0,0,0,0,0,0,1,50.0,0,0,0,0,6,0,1,0,16,0,1,0,0,1,0,0,0,0,,,,0,0,0,0,0,0,0,0,0,0,0,0,0,0,0,0,1,0,4,2,0,0,0,2,0,0,0.0,0.0,0,0,0,1,10,0,,0,2,,2
1462874,Apianom Kasereka,apianom-kasereka,134292,Diables Noirs,6.8,13.6,2,0,0,0,0,,0,33,11,44,75.0,17,16,7,1,0,0.0,4,4,0,0,0,0,0.0,0,0,0,4,44.44,4,50.0,8,47.06,180,0.0,0,0,0,0,0,0,0,0,0,0,0,0,0,4,66.67,5,0,0,1,24,0,1,1,93,0,1,0,0,3,0,0,0,0,,,,1,0,0,0,0,1,0,0,0,0,0,0,2,0,0,1,0,3,9,4,0,0,0,6,1,2,50.0,0.0,0,0,0,24,23,0,,0,5,,2
918743,Omar Kamal,omar-kamal,265830,Modern Sport FC,6.8,20.4,3,0,0,0,0,,0,80,33,113,70.8,29,52,26,2,7,70.0,3,2,0,0,0,1,14.29,4,1,2,16,72.73,3,50.0,19,67.86,270,0.0,0,0,0,0,0,0,0,0,3,1,0,0,0,8,47.06,2,0,0,1,56,1,12,5,178,6,1,0,0,1,0,1,0,0,,,,1,0,0,0,0,1,1,0,0,0,0,0,3,0,0,2,10,7,9,3,0,0,0,17,2,2,66.67,0.0,0,0,0,36,84,0,,0,12,,3
1008303,Mostafa El Zenary,mostafa-el-zenary,42368,Zamalek SC,6.8,13.6,2,0,0,0,0,,0,32,12,44,72.73,16,17,9,1,3,42.86,3,1,0,0,0,1,12.5,0,0,0,9,56.25,2,100.0,11,61.11,101,0.0,0,0,0,0,0,0,0,0,0,0,0,0,0,2,33.33,3,0,0,1,28,0,6,4,94,3,3,0,0,0,0,0,0,0,,,,1,0,0,0,0,0,0,0,0,0,0,0,1,0,0,1,7,8,7,0,0,0,0,6,0,1,33.33,0.0,0,0,0,18,34,0,,0,4,,3
1546474,Emmanuel Yeboah Danquah,emmanuel-yeboah-danquah,213969,Dreams,6.8,13.6,2,0,0,0,0,,0,27,7,34,79.41,10,17,7,0,0,0.0,3,2,0,0,0,0,0.0,0,0,0,5,55.56,2,50.0,7,53.85,80,0.0,0,0,0,0,0,0,0,0,0,0,0,0,0,2,40.0,2,0,0,2,9,0,2,1,48,2,1,0,0,1,0,0,0,0,,,,0,0,0,0,0,2,0,0,0,0,0,0,0,0,0,0,0,0,6,2,0,0,0,5,2,1,33.33,0.0,0,0,0,11,23,0,,0,4,,3
1463428,Vusimuzi Mncube,vusimuzi-mncube,371341,Sekhukhune United,6.8,27.2,4,0,1,1,0,,0,72,23,95,75.79,20,52,28,3,11,55.0,2,1,0,0,0,0,0.0,2,0,2,23,60.53,5,50.0,28,58.33,303,0.0,0,0,0,0,0,0,0,0,2,0,0,0,0,3,33.33,1,0,0,2,51,1,9,4,163,10,1,0,0,3,0,0,0,0,,,,1,0,0,0,0,2,1,0,0,0,0,0,3,0,0,3,20,2,20,5,0,0,0,9,3,0,0.0,0.0,0,0,0,24,73,0,,0,13,,4
1802151,Yaovi Chris Guede,yaovi-guede,213969,Dreams,6.8,20.4,3,0,0,0,0,,0,26,1,27,96.3,9,17,5,2,0,0.0,1,1,0,0,0,0,0.0,1,0,0,2,66.67,2,66.67,4,66.67,58,0.0,0,0,0,0,0,0,0,0,0,1,0,0,0,5,83.33,0,0,0,0,6,0,4,4,39,1,0,0,0,1,1,1,0,0,,,,0,0,0,0,0,0,0,0,0,0,0,0,0,0,0,2,0,1,2,1,0,0,0,6,0,1,100.0,0.0,0,0,0,9,19,0,,0,4,,4
822495,Naby Bangoura,naby-bangoura,405280,Académie SOAR,6.8,27.2,4,0,0,0,0,,0,134,35,169,79.29,45,93,45,9,4,50.0,0,2,0,0,0,4,66.67,4,0,3,10,38.46,2,50.0,12,40.0,341,0.0,0,0,0,0,0,0,0,0,1,3,0,0,0,5,71.43,0,0,0,6,60,3,6,3,227,6,2,0,0,4,0,1,0,0,,,,0,0,0,0,0,7,1,0,0,0,0,0,4,0,0,9,8,6,18,2,0,0,0,7,8,0,0.0,0.0,0,0,0,49,126,0,,0,10,,4
978956,Ayoub Khairi,ayoub-khairi,80395,RS Berkane,6.8,40.8,6,0,0,0,0,,0,134,33,167,80.24,65,69,33,1,1,100.0,6,3,3,0,0,0,0.0,5,1,3,13,56.52,1,20.0,14,50.0,333,0.0,0,0,0,0,2,0,0,0,1,4,0,0,0,12,52.17,1,0,0,1,40,0,21,10,214,6,8,0,0,2,0,1,0,0,,,,0,0,0,0,0,3,0,0,0,0,0,0,3,0,0,1,1,0,14,4,0,0,0,23,3,1,16.67,0.0,0,0,0,70,97,0,,0,20,,6
958123,Ismaïl Belkacemi,belkacemi-abdelfetah-ismail,42206,USM Alger,6.8,40.8,6,0,1,1,0,,0,63,30,93,67.74,16,48,29,4,4,36.36,6,2,0,0,0,1,25.0,13,3,6,18,48.65,10,41.67,28,45.9,363,0.0,0,0,0,0,0,0,0,0,9,4,0,0,0,3,42.86,3,0,0,6,57,2,4,2,174,8,5,1,0,3,5,4,0,0,,,,0,0,0,0,0,0,0,0,0,0,0,0,4,0,0,4,11,4,33,14,0,0,0,7,0,5,83.33,0.0,0,0,0,21,76,0,,0,14,,6
1473185,Anthony Ohaegbu,anthony-ohaegbu,215270,Rivers United,6.8,40.8,6,0,0,0,0,,0,205,48,253,81.03,159,46,9,1,1,100.0,7,5,0,0,0,0,0.0,0,0,0,15,65.22,10,71.43,25,67.57,540,0.0,0,0,0,0,0,0,0,0,0,0,0,0,0,22,47.83,20,1,0,0,57,0,16,8,318,7,4,0,0,4,0,0,0,0,,,,3,0,0,0,0,7,0,0,0,0,0,0,6,0,0,1,1,0,12,4,0,0,0,46,7,6,85.71,0.0,0,0,0,177,76,0,,0,30,,6
1546458,Derrick Agyei,derrick-agyei,213969,Dreams,6.79,54.3,8,0,2,0,0,,0,112,39,151,74.17,50,66,27,6,2,25.0,5,8,1,0,0,4,20.0,2,1,1,21,44.68,9,56.25,30,47.62,514,0.0,0,0,0,0,0,0,0,0,1,1,0,0,0,8,47.06,13,0,0,4,83,4,14,9,302,15,13,0,0,7,1,0,0,0,,,,1,0,0,0,0,5,1,0,0,0,0,0,7,0,0,6,8,20,33,7,0,0,0,17,6,2,40.0,0.0,0,0,0,59,112,0,,0,24,,8
1114671,Mahmoud Al Bouaishey,mahmoud-al-bouaishey,375021,Abu Salim SC,6.79,47.5,7,1,0,1,0,,1,53,29,82,64.63,16,37,26,3,7,46.67,7,0,0,0,0,0,0.0,5,4,0,21,50.0,0,0.0,21,46.67,306,20.0,0,0,0,0,0,0,1,0,5,0,0,0,1,2,33.33,0,0,0,1,58,3,11,5,145,7,7,0,0,5,1,1,0,0,,,,0,0,0,0,0,3,0,0,0,0,0,0,1,0,0,3,15,2,24,3,0,0,0,6,3,5,71.43,306.0,0,0,0,20,64,0,,0,20,,7
804429,Mohamed Farouk,mohamed-farouk,265830,Modern Sport FC,6.78,40.7,6,0,0,1,1,,1,122,41,163,74.85,44,79,34,4,3,25.0,7,3,2,0,0,1,25.0,6,1,4,21,38.89,14,70.0,35,47.3,432,0.0,0,0,0,0,0,0,0,0,4,2,0,0,0,7,53.85,5,0,0,7,72,1,6,0,245,11,12,1,0,6,1,1,0,0,,,,1,0,0,0,0,4,0,0,0,0,0,0,5,0,0,4,12,4,39,6,0,0,0,13,4,7,100.0,0.0,0,0,0,53,114,0,,0,15,,6
1182229,Muenho,muenho,195746,Sagrada Esperança,6.78,40.7,6,0,0,0,0,,0,156,52,208,75.0,76,83,30,1,0,0.0,10,7,0,0,0,3,25.0,1,0,1,13,72.22,4,44.44,17,62.96,413,0.0,0,0,0,0,0,0,0,0,1,0,0,0,0,10,32.26,9,0,0,0,73,0,19,9,308,3,2,0,0,4,0,0,0,0,,,,2,0,0,0,0,0,2,0,0,0,0,0,4,0,0,1,0,12,10,5,0,0,0,31,2,7,70.0,0.0,0,0,0,100,120,0,,0,19,,6
1568126,Blarin Maloula,blarin-maloula,134292,Diables Noirs,6.78,40.7,6,0,0,0,0,,0,148,24,172,86.05,59,89,28,5,3,60.0,3,5,0,0,0,0,0.0,2,1,0,8,44.44,3,50.0,11,45.83,376,0.0,0,0,0,0,0,0,0,0,0,2,0,0,0,10,55.56,1,0,0,1,29,1,17,7,202,2,3,0,0,4,0,1,0,0,,,,0,0,0,0,0,2,0,0,0,0,0,0,3,0,0,5,5,1,13,3,0,0,0,18,2,3,100.0,0.0,0,0,0,63,110,0,,0,21,,6
47262,Wissem Ben Yahia,wissem-ben-yahia,39618,Club Africain,6.78,33.9,5,0,0,0,1,,1,97,18,115,84.35,40,60,27,4,0,0.0,1,0,0,0,0,3,37.5,2,0,2,6,54.55,4,44.44,10,50.0,197,0.0,0,0,0,0,0,0,0,0,2,0,0,0,0,4,57.14,1,0,0,0,30,1,7,4,143,5,3,0,0,1,0,0,0,0,,,,0,0,0,0,0,1,0,0,0,0,0,0,1,0,0,4,1,8,10,5,0,0,0,7,1,1,100.0,0.0,0,0,0,43,80,0,,0,3,,5
1612472,Abdoulaye Camara,abdoulaye-camara,405280,Académie SOAR,6.78,33.9,5,0,1,1,0,,0,50,21,71,70.42,17,33,16,4,6,50.0,1,1,1,0,0,0,0.0,9,1,6,15,39.47,16,66.67,31,50.0,370,0.0,0,0,0,0,0,0,0,0,6,3,0,0,0,2,100.0,1,0,0,5,51,5,2,1,138,8,10,0,0,2,2,2,0,0,,,,0,0,0,0,0,6,2,0,0,0,0,0,4,0,0,4,12,0,31,8,0,0,0,2,8,1,100.0,0.0,0,0,0,17,54,0,,0,8,,5
825066,Faisal Al-Badri,faisal-al-badri,375029,Al Hilal Benghazi SC,6.78,27.1,4,0,1,0,0,,0,151,53,204,74.02,81,70,34,4,3,60.0,5,2,1,0,0,0,0.0,3,0,2,13,50.0,9,60.0,22,53.66,360,0.0,0,0,0,0,0,0,0,0,0,3,0,0,0,25,54.35,4,0,0,2,65,1,34,15,247,5,9,0,0,2,1,1,0,0,,,,0,0,0,0,0,8,2,0,0,0,0,0,4,0,0,4,5,2,19,6,0,0,0,46,10,3,60.0,0.0,0,0,0,100,106,0,,1,19,,4
1110070,Sekou Konate,sekou-konate,42206,USM Alger,6.78,27.1,4,0,0,0,0,,0,12,4,16,75.0,6,6,5,0,4,100.0,1,0,0,0,0,0,0.0,2,1,1,7,70.0,4,66.67,11,68.75,43,0.0,0,0,0,0,1,0,0,0,0,2,0,0,0,0,0.0,1,0,0,1,9,0,1,1,35,2,1,0,0,1,0,0,0,0,,,,0,0,0,0,0,0,0,0,0,0,0,0,0,0,0,0,4,1,5,2,0,0,0,1,0,0,0.0,0.0,0,0,0,8,9,0,,0,4,,4
1008344,Emmanuel Ampiah,emmanuel-ampiah,215270,Rivers United,6.78,27.1,4,0,0,0,0,,0,82,19,101,81.19,33,49,26,5,2,40.0,3,5,0,0,0,0,0.0,3,0,2,9,40.91,1,20.0,10,37.04,315,0.0,0,0,0,0,0,0,0,0,1,2,0,0,0,5,38.46,8,0,0,3,52,1,8,3,191,4,5,0,0,2,1,1,0,0,,,,1,0,0,0,0,3,1,0,0,0,0,0,3,0,0,5,5,7,17,4,0,0,0,13,4,3,100.0,0.0,0,0,0,37,71,0,,0,12,,4
1172259,Mohamed Rabia,mohamed-rabia,265830,Modern Sport FC,6.77,47.4,7,0,0,0,0,,0,174,44,218,79.82,91,85,34,3,3,75.0,6,10,2,0,0,2,50.0,1,0,1,25,60.98,4,40.0,29,56.86,451,0.0,0,0,0,1,0,0,0,0,0,1,0,0,0,18,51.43,11,0,1,4,75,0,24,14,362,16,8,0,0,3,0,0,0,0,,,,1,0,0,0,0,3,1,0,0,0,0,0,4,0,0,3,4,4,22,6,0,0,0,35,4,4,66.67,0.0,0,0,0,104,118,0,,0,28,,7
227860,Mouez Hassen,mouez-hassen,39618,Club Africain,6.77,40.6,6,0,0,0,0,,0,90,44,134,67.16,76,14,5,0,0,0.0,0,0,0,0,0,0,0.0,0,0,0,3,100.0,2,100.0,5,100.0,540,0.0,0,0,0,0,0,0,0,0,0,0,0,0,0,21,32.31,2,0,0,0,45,0,10,4,189,4,0,0,0,0,0,0,0,10,,,,2,0,0,2,8,4,0,0,1,1,5,0,6,0,0,0,0,0,0,0,0,0,0,65,4,0,0.0,0.0,0,0,2,84,50,0,,35,44,,6
1480094,Ousmane Conte,ousmane-conte,405280,Académie SOAR,6.76,33.8,5,0,0,0,0,,0,193,35,228,84.65,94,100,45,1,5,55.56,4,8,0,0,0,1,6.25,8,3,3,13,44.83,1,25.0,14,42.42,450,0.0,0,0,0,0,3,0,0,0,0,8,0,0,0,16,61.54,9,0,0,7,69,0,13,9,356,4,4,0,0,1,0,2,0,0,,,,1,0,0,0,0,7,2,0,0,0,0,0,5,0,0,1,9,16,19,3,0,0,0,26,9,4,100.0,0.0,0,0,0,106,138,0,,0,24,,5
881122,Grant Margeman,grant-margeman,7671,Supersport United,6.75,13.5,2,0,1,0,0,,0,72,12,84,85.71,30,44,20,3,2,66.67,2,0,2,0,0,2,66.67,0,0,0,6,46.15,1,25.0,7,41.18,135,0.0,0,0,0,0,0,0,0,0,0,0,0,0,0,6,66.67,0,0,0,3,18,2,5,2,108,2,2,0,0,1,0,0,0,0,,,,0,0,0,0,0,2,1,0,0,0,0,0,1,0,0,3,3,3,10,3,0,0,0,9,3,1,50.0,0.0,0,0,0,32,55,0,,0,7,,2
1469668,Paul Acquah,paul-acquah,215270,Rivers United,6.75,13.5,2,0,0,0,0,,0,26,16,42,61.9,4,22,14,2,1,33.33,1,0,0,0,0,0,0.0,2,0,1,2,28.57,4,57.14,6,42.86,113,0.0,0,0,0,0,0,0,0,0,2,0,0,0,0,0,0.0,0,0,0,0,22,4,1,0,58,0,3,0,0,0,0,1,0,0,,,,0,0,0,0,0,1,0,0,0,0,0,0,2,0,0,2,3,1,8,3,0,0,0,2,1,1,100.0,0.0,0,0,0,7,36,0,,0,11,,2
1122509,Khaled Bousseliou,khaled-bousseliou,42206,USM Alger,6.75,13.5,2,0,2,0,0,,0,28,10,38,73.68,9,21,13,3,3,37.5,1,0,0,0,0,2,50.0,2,1,1,7,38.89,3,60.0,10,43.48,105,0.0,0,0,0,0,0,0,0,0,2,0,0,0,0,2,66.67,0,0,0,3,26,1,4,2,74,3,3,0,0,0,1,0,0,0,,,,0,0,0,0,0,0,1,0,0,0,0,0,1,0,0,3,8,4,13,2,0,0,0,3,1,1,100.0,0.0,0,0,0,11,31,0,,0,10,,3
894580,Sydney Nyiko Mobbie,sydney-nyiko-mobbie,371341,Sekhukhune United,6.75,27.0,4,0,0,0,0,,0,90,25,115,78.26,51,39,20,1,1,33.33,5,6,1,0,0,0,0.0,1,0,1,7,50.0,3,30.0,10,41.67,272,0.0,0,0,0,0,0,0,0,0,0,1,0,0,0,10,55.56,4,0,0,1,45,0,14,8,194,1,3,0,0,1,0,0,0,0,,,,0,0,0,0,0,3,1,0,0,0,0,0,4,0,0,1,3,4,14,7,0,0,0,18,4,3,60.0,0.0,0,0,0,59,60,0,,0,10,,4
1612634,Gaio Tomás,gaio-tomas,195748,Académica Petróleos do Lobito,6.75,27.0,4,0,0,0,0,,0,18,14,32,56.25,4,14,8,1,1,33.33,2,0,1,0,0,0,0.0,6,0,6,8,61.54,5,22.73,13,37.14,134,0.0,0,0,0,0,0,0,0,0,2,4,0,0,0,1,50.0,0,0,0,0,20,1,0,0,57,5,4,0,0,1,1,0,0,0,,,,0,0,0,0,0,1,3,0,0,0,0,0,1,0,0,1,3,1,22,17,0,0,0,2,4,2,100.0,0.0,0,0,0,4,29,0,,0,4,,4
1183571,Domi Massoumou,domi-massoumou,134292,Diables Noirs,6.75,40.5,6,0,3,0,0,,0,53,28,81,65.43,19,35,20,7,4,44.44,6,4,0,0,0,1,8.33,2,0,2,14,53.85,1,25.0,15,50.0,315,0.0,0,0,0,0,0,0,0,0,1,1,0,0,0,3,60.0,0,0,0,3,58,4,2,1,144,4,1,0,0,3,0,0,0,0,,,,0,0,0,0,0,7,1,0,0,0,0,0,3,0,0,7,9,12,15,3,0,0,0,5,8,3,50.0,0.0,0,0,0,22,71,0,,0,13,,6
1140833,Oussama Lamlioui,oussama-lamlioui,80395,RS Berkane,6.75,54.0,8,0,0,6,0,,0,41,13,54,75.93,16,25,18,3,3,50.0,3,0,2,0,0,0,0.0,22,8,11,14,43.75,12,46.15,26,44.83,358,0.0,0,0,0,0,0,0,0,0,19,3,0,0,0,4,80.0,2,0,0,7,35,5,1,0,125,8,6,0,0,2,3,3,0,0,,,,1,0,0,0,0,2,0,0,0,0,0,0,4,0,0,3,6,0,32,14,0,0,0,5,2,3,100.0,0.0,0,0,0,19,35,0,,0,10,,8
1102854,Hamdi Labidi,hamdi-labidi,39618,Club Africain,6.73,40.4,6,1,0,1,0,,1,22,26,48,45.83,7,15,9,0,3,33.33,2,2,1,0,0,0,0.0,9,3,6,9,37.5,7,35.0,16,36.36,300,11.11,0,0,0,0,0,0,1,0,9,0,0,0,1,1,33.33,1,0,0,4,46,2,5,0,100,4,6,1,0,0,2,0,0,0,,,,0,0,0,0,0,1,0,0,0,0,0,0,3,0,0,0,9,2,28,13,0,0,0,3,1,2,100.0,300.0,0,0,0,9,41,0,,0,8,,6
1049193,Rasebotja Selaelo,rasebotja-selaelo,7671,Supersport United,6.73,40.4,6,1,0,0,0,,1,76,23,99,76.77,28,48,22,0,3,75.0,5,4,2,0,0,0,0.0,4,2,1,13,46.43,4,40.0,17,44.74,308,25.0,0,0,0,0,0,0,1,0,2,2,0,0,1,6,54.55,1,0,0,0,41,2,10,6,148,5,10,0,0,4,0,1,0,0,,,,0,0,0,0,0,2,2,0,0,0,0,0,5,0,0,0,4,8,21,6,0,0,0,11,4,2,40.0,308.0,0,0,0,34,73,0,,1,16,,6
1612724,Malick Djiguiba,malick-djiguiba,69326,Stade Malien,6.73,20.2,3,0,0,0,0,,0,24,12,36,66.67,7,17,12,2,0,0.0,0,1,0,0,0,0,0.0,6,1,2,3,30.0,0,0.0,3,25.0,105,0.0,0,0,0,0,0,0,0,0,4,2,0,0,0,1,50.0,1,0,0,1,19,0,4,4,56,3,1,0,0,3,1,3,0,0,,,,0,0,0,0,0,2,0,0,0,0,0,0,0,0,0,2,2,1,9,2,0,0,0,2,2,0,0.0,0.0,0,0,0,9,28,0,,0,5,,3
1086210,Mokhele Maloisane,mokhele-maloisane,371341,Sekhukhune United,6.73,20.2,3,0,0,0,0,,0,31,7,38,81.58,13,19,11,0,5,71.43,1,1,0,0,0,1,14.29,1,0,1,8,57.14,0,0.0,8,57.14,155,0.0,0,0,0,0,0,0,0,0,0,1,0,0,0,3,75.0,0,0,0,2,22,1,2,2,67,2,0,0,0,2,0,0,0,0,,,,0,0,0,0,0,0,0,0,0,0,0,0,2,0,0,0,7,7,6,0,0,0,0,4,0,0,0.0,0.0,0,0,0,14,31,0,,0,10,,3
1563840,Lyema Dopolo,lyema-dopolo,7671,Supersport United,6.73,20.2,3,0,0,0,0,,0,82,34,116,70.69,48,36,17,2,0,0.0,5,5,0,0,0,2,50.0,0,0,0,6,46.15,5,41.67,11,44.0,259,0.0,0,0,0,0,0,0,0,0,0,0,0,0,0,16,57.14,7,0,0,0,52,0,9,4,172,1,4,0,0,4,0,0,0,0,,,,0,0,0,0,0,3,2,0,0,0,0,0,2,0,0,2,0,4,14,7,0,0,0,28,5,4,80.0,0.0,0,0,0,59,61,0,,0,13,,3
1457211,Simba Sylvester,simba-sylvester,213969,Dreams,6.73,47.1,7,1,0,1,0,,1,49,12,61,80.33,14,37,20,6,4,50.0,2,3,0,0,0,2,16.67,8,1,5,7,41.18,2,50.0,9,42.86,190,12.5,0,0,0,0,0,0,1,0,5,3,0,1,0,3,37.5,6,0,0,1,34,1,7,5,122,1,2,0,0,3,1,2,0,0,,,,0,0,0,0,0,2,0,0,0,0,0,0,0,0,0,6,8,12,12,2,0,0,0,8,2,2,100.0,190.0,0,0,0,17,56,1,,0,13,,7
1507710,Ime Okon,okon-ime,7671,Supersport United,6.73,26.9,4,0,0,0,0,,0,118,20,138,85.51,75,43,11,0,4,100.0,7,3,2,0,0,0,0.0,0,0,0,12,52.17,7,41.18,19,47.5,282,0.0,0,0,0,0,0,0,0,0,0,0,0,0,0,3,42.86,9,0,0,3,33,1,8,5,197,1,8,0,0,0,0,0,0,0,,,,0,0,0,0,0,3,2,0,0,0,0,0,3,0,0,0,4,2,21,10,0,0,0,7,5,4,57.14,0.0,0,0,0,83,57,0,,1,14,,4
896711,Tayeb Meziani,tayeb-meziani,39618,Club Africain,6.72,40.3,6,1,0,1,0,,1,58,18,76,76.32,21,37,23,2,4,33.33,4,2,0,0,0,0,0.0,9,4,3,11,39.29,0,0.0,11,35.48,350,11.11,0,0,0,0,0,0,1,0,9,0,0,0,1,0,0.0,0,0,0,4,46,1,3,2,139,3,6,1,0,0,0,2,0,0,,,,0,0,0,0,0,3,0,0,0,0,0,0,5,0,0,2,12,6,20,3,0,0,0,4,3,2,50.0,350.0,0,0,0,23,59,0,,0,16,,6
1546469,Seth Agyemang,seth-agyemang,213969,Dreams,6.72,40.3,6,0,0,0,0,,0,162,74,236,68.64,103,59,21,0,1,33.33,4,12,1,0,1,0,0.0,1,0,1,7,33.33,23,79.31,30,60.0,532,0.0,0,0,0,0,1,0,0,0,0,1,0,0,0,22,32.84,32,0,0,4,89,0,42,19,316,3,6,0,0,3,0,0,0,0,,,,2,0,0,0,0,4,2,0,0,0,0,0,6,0,0,0,3,3,20,6,0,0,0,67,6,1,25.0,0.0,1,0,0,127,112,0,,0,25,,7
1457205,Eric Danso Boateng,eric-danso-boateng,213969,Dreams,6.71,53.7,8,0,0,0,1,,1,165,54,219,75.34,92,75,24,2,0,0.0,6,7,1,0,0,2,33.33,3,1,1,20,62.5,10,40.0,30,52.63,647,0.0,0,0,0,0,2,0,0,0,1,2,0,0,0,25,49.02,21,0,0,2,74,1,28,16,335,14,11,0,0,1,1,1,0,0,,,,1,0,0,0,0,7,3,0,0,0,0,0,8,0,0,2,0,6,27,15,0,0,0,51,10,3,50.0,0.0,0,0,0,110,115,0,,0,24,,8
996637,Samson Akinyoola,samson-akinyoola,42368,Zamalek SC,6.7,46.9,7,1,0,2,0,,1,66,16,82,80.49,21,45,22,4,5,55.56,3,2,1,0,0,0,0.0,6,3,2,10,28.57,1,20.0,11,27.5,283,16.67,0,0,0,0,0,0,1,0,6,0,0,0,1,7,87.5,0,0,0,8,35,1,2,0,124,2,11,0,0,2,1,1,0,0,,,,0,0,0,0,0,2,0,0,0,0,0,0,2,0,0,4,9,0,29,4,0,0,0,8,2,2,66.67,283.0,0,0,0,24,58,0,,0,13,,7
1802010,Aphiwe Baliti,aphiwe-baliti,7671,Supersport United,6.7,13.4,2,0,2,0,1,,1,28,21,49,57.14,11,20,9,2,4,66.67,4,2,0,0,0,3,21.43,2,0,2,10,43.48,0,0.0,10,37.04,172,0.0,0,0,0,0,0,0,0,0,0,2,0,0,0,3,37.5,2,0,0,3,42,2,9,3,106,2,5,0,0,4,0,0,0,0,,,,0,0,0,0,0,2,1,0,0,0,0,0,2,0,0,2,6,14,17,4,0,0,0,8,3,3,75.0,0.0,0,0,0,14,49,0,,0,11,,2
1014410,Thalente Mbatha,thalente-mbatha,7671,Supersport United,6.7,6.7,1,0,0,0,0,,0,3,2,5,60.0,1,2,0,0,0,0.0,0,0,0,0,0,0,0.0,1,1,0,0,0.0,0,0.0,0,0.0,13,0.0,0,0,0,0,0,0,0,0,1,0,0,0,0,0,0.0,0,0,0,0,3,0,0,0,7,0,0,0,0,0,0,0,0,0,,,,0,0,0,0,0,0,0,0,0,0,0,0,0,0,0,0,0,1,0,0,0,0,0,0,0,0,0.0,0.0,0,0,0,1,5,0,,0,0,,1
1048453,Hatem Mohamed,hatem-mohamed,42368,Zamalek SC,6.7,6.7,1,0,0,0,0,,0,5,1,6,83.33,3,2,0,0,0,0.0,1,1,0,0,0,0,0.0,1,0,0,2,100.0,0,0.0,2,66.67,13,0.0,0,0,0,0,0,0,0,0,1,0,0,0,0,0,0.0,0,0,0,0,2,0,0,0,12,1,0,0,0,0,1,1,0,0,,,,0,0,0,0,0,0,0,0,0,0,0,0,0,0,0,0,0,1,1,1,0,0,0,0,0,0,0.0,0.0,0,0,0,4,3,0,,0,1,,1
1610637,Sunday Williams,sunday-williams,215270,Rivers United,6.7,6.7,1,0,0,0,0,,0,3,0,3,100.0,1,2,2,0,0,0.0,0,0,0,0,0,0,0.0,0,0,0,2,66.67,0,0.0,2,50.0,22,0.0,0,0,0,0,0,0,0,0,0,0,0,0,0,0,0.0,0,0,0,1,2,0,0,0,7,2,0,0,0,0,0,0,0,0,,,,0,0,0,0,0,0,0,0,0,0,0,0,0,0,0,0,0,0,2,1,0,0,0,0,0,0,0.0,0.0,0,0,0,1,2,0,,0,0,,1
1507709,Bilal Baloyi,baloyi-bilal,7671,Supersport United,6.7,6.7,1,0,0,0,0,,0,25,7,32,78.13,15,10,3,0,1,100.0,2,1,0,0,0,0,0.0,0,0,0,3,100.0,3,100.0,6,100.0,90,0.0,0,0,0,0,0,0,0,0,0,0,0,0,0,1,100.0,8,0,0,0,14,0,4,4,62,0,0,0,0,0,0,0,0,0,,,,0,0,0,0,0,1,1,0,0,0,0,0,1,0,0,0,1,0,0,0,0,0,0,1,2,0,0.0,0.0,0,0,0,21,11,0,,0,0,,1
1182226,Leonardo Mutunda,leonardo-mutunda,195746,Sagrada Esperança,6.7,6.7,1,0,0,0,0,,0,13,7,20,65.0,12,1,0,0,0,0.0,0,0,0,0,0,0,0.0,0,0,0,0,0.0,2,100.0,2,100.0,90,0.0,0,0,0,0,0,0,0,0,0,0,0,0,0,6,50.0,3,0,0,0,7,0,0,0,26,0,0,0,0,0,0,0,0,2,,,,0,0,0,2,0,0,1,1,0,0,0,0,1,0,0,0,0,0,0,0,0,0,0,12,1,0,0.0,0.0,0,0,0,14,6,0,,11,5,,1
881883,John Uche Akubueze,john-uche-akubueze,215270,Rivers United,6.7,6.7,1,0,0,0,0,,0,8,3,11,72.73,6,2,0,0,0,0.0,2,0,0,0,0,0,0.0,0,0,0,2,100.0,0,0.0,2,100.0,17,0.0,0,0,0,0,0,0,0,0,0,0,0,0,0,1,33.33,0,0,0,0,3,0,0,0,13,0,0,0,0,0,0,0,0,0,,,,0,0,0,0,0,0,0,0,0,0,0,0,0,0,0,0,0,0,0,0,0,0,0,3,0,1,50.0,0.0,0,0,0,6,5,0,,0,1,,1
880076,Aymen Sfaxi,aymen-sfaxi,265830,Modern Sport FC,6.7,13.4,2,0,0,0,0,,0,9,2,11,81.82,4,5,3,0,0,0.0,1,1,0,0,0,0,0.0,3,1,1,2,33.33,0,0.0,2,28.57,42,0.0,0,0,0,0,0,0,0,0,2,1,0,0,0,1,100.0,0,0,0,0,3,0,1,0,18,1,3,0,0,1,0,1,0,0,,,,0,0,0,0,0,0,0,0,0,0,0,0,0,0,0,0,0,0,5,1,0,0,0,1,0,1,100.0,0.0,0,0,0,5,6,0,,0,6,,2
918645,Mahmoud Rizk,mahmoud-rizk,265830,Modern Sport FC,6.7,13.4,2,0,0,0,0,,0,11,10,21,52.38,8,3,3,0,0,0.0,1,1,0,0,0,0,0.0,0,0,0,3,75.0,5,62.5,8,66.67,96,0.0,0,0,0,0,0,0,0,0,0,0,0,0,0,2,20.0,8,0,0,0,10,0,7,3,34,2,1,0,0,0,0,0,0,0,,,,0,0,0,0,0,0,1,0,0,0,0,0,1,0,0,0,0,0,4,3,0,0,0,10,1,0,0.0,0.0,0,0,0,11,10,0,,0,5,,2
1183574,Moise Nkounkou,moise-nkounkou,134292,Diables Noirs,6.7,13.4,2,0,0,0,0,,0,29,6,35,82.86,12,17,13,1,3,75.0,1,0,0,0,0,0,0.0,1,0,1,4,50.0,0,0.0,4,44.44,107,0.0,0,0,0,0,0,0,0,0,0,1,0,0,0,3,42.86,0,0,0,0,14,0,5,2,52,0,1,0,0,2,0,0,0,0,,,,0,0,0,0,0,0,0,0,0,0,0,0,2,0,0,1,4,1,5,1,0,0,0,7,0,1,100.0,0.0,0,0,0,14,22,0,,0,5,,2
944313,Terrence Dzvukamanja,terrence-dzvukamanja,7671,Supersport United,6.7,20.1,3,0,0,1,0,,0,28,10,38,73.68,7,21,14,2,2,50.0,0,0,0,0,0,0,0.0,5,3,2,3,37.5,2,40.0,5,38.46,167,0.0,0,0,0,0,0,0,0,0,4,1,0,0,0,0,0.0,0,0,0,2,20,0,0,0,60,1,0,0,0,1,0,0,0,0,,,,0,0,0,0,0,1,2,0,0,0,0,0,2,0,0,2,4,1,8,3,0,0,0,1,3,0,0.0,0.0,0,0,0,8,31,0,,0,3,,3
1410409,Adem Garreb,adem-garreb,39618,Club Africain,6.7,26.8,4,0,0,0,0,,0,15,1,16,93.75,4,11,5,1,1,50.0,0,0,0,0,0,0,0.0,1,0,1,5,71.43,1,100.0,6,75.0,47,0.0,0,0,0,0,0,0,0,0,0,1,0,0,0,1,100.0,0,0,0,0,4,1,1,1,28,4,0,0,0,1,0,0,0,0,,,,0,0,0,0,0,0,0,0,0,0,0,0,0,0,0,1,2,0,2,0,0,0,0,1,0,0,0.0,0.0,0,0,0,5,11,0,,0,4,,4
1469675,Ferdinand Gouari-Godo-Ouna-Fils,ferdinand-gouari-godo-ouna-fils,134292,Diables Noirs,6.7,26.8,4,0,0,0,0,,0,60,18,78,76.92,46,14,5,1,0,0.0,5,3,1,0,0,0,0.0,0,0,0,5,55.56,3,37.5,8,47.06,205,0.0,0,0,0,0,0,0,0,0,0,0,0,0,0,4,36.36,7,0,1,1,28,0,3,0,121,0,2,0,0,0,0,0,0,0,,,,0,0,0,0,0,2,0,0,0,0,0,0,1,0,0,1,1,3,9,5,0,0,0,11,2,4,80.0,0.0,0,0,0,54,27,0,,0,10,,4
1612653,Nelito,nelito,195748,Académica Petróleos do Lobito,6.7,26.8,4,0,0,0,0,,0,45,33,78,57.69,29,17,6,3,0,0.0,4,6,0,0,0,1,25.0,0,0,0,12,85.71,3,60.0,15,78.95,296,0.0,0,0,0,0,0,0,0,0,0,0,0,0,0,3,17.65,6,0,0,1,41,2,7,4,136,8,1,0,0,0,0,0,0,0,,,,0,0,0,0,0,6,1,0,0,0,0,0,3,0,0,3,0,4,4,2,0,0,0,17,7,3,75.0,0.0,0,0,0,46,36,0,,0,14,,4
359316,Ameur El Omrani,ameur-el-omrani,39618,Club Africain,6.7,33.5,5,0,0,0,0,,0,216,41,257,84.05,166,50,8,0,0,0.0,6,2,0,0,0,0,0.0,0,0,0,7,63.64,2,18.18,9,40.91,374,0.0,0,0,0,0,0,0,0,0,0,0,0,0,0,14,32.56,10,0,0,0,42,0,24,6,281,1,4,0,0,0,0,0,0,0,,,,1,0,0,0,0,3,0,0,0,0,0,0,4,0,0,0,0,0,13,9,0,0,0,43,3,5,83.33,0.0,0,0,0,177,80,0,,1,21,,5
1501901,Yann Ngatse,yann-ngatse,134292,Diables Noirs,6.7,40.2,6,0,1,3,0,,0,48,16,64,75.0,15,33,22,2,3,75.0,1,1,0,0,0,0,0.0,16,3,10,8,33.33,14,26.92,22,28.95,502,0.0,0,0,0,0,0,0,0,0,16,0,0,0,0,0,0.0,2,0,0,3,36,2,1,1,122,4,14,2,0,0,3,3,0,0,,,,0,0,0,0,0,7,1,0,0,0,0,0,6,0,0,2,4,1,54,38,0,0,0,1,8,1,100.0,0.0,0,0,0,15,50,0,,0,6,,6
918774,Mohamed Mahmoud,mohamed-mahmoud,265830,Modern Sport FC,6.68,33.4,5,0,0,1,0,,0,44,12,56,78.57,20,24,15,1,1,50.0,4,4,1,0,0,0,0.0,1,0,1,8,57.14,2,40.0,10,52.63,72,0.0,0,0,0,0,0,0,0,0,1,0,0,0,0,9,69.23,3,0,0,0,15,2,9,6,78,3,2,0,0,4,0,0,0,0,,,,0,0,0,0,0,0,0,0,0,0,0,0,0,0,0,1,2,0,9,3,0,0,0,13,0,2,50.0,0.0,0,0,0,24,32,0,,0,6,,5
1612499,Mohamed Touré,mohamed-toure,405280,Académie SOAR,6.68,33.4,5,0,0,0,0,,0,189,30,219,86.3,119,70,14,1,4,80.0,6,8,2,0,0,0,0.0,0,0,0,18,60.0,8,66.67,26,61.9,450,0.0,0,0,0,0,0,0,0,0,0,0,0,0,0,9,37.5,14,0,0,3,39,1,6,3,280,9,6,0,0,2,0,0,0,0,,,,1,0,0,0,0,7,2,0,0,0,0,0,5,0,0,1,5,0,16,4,0,0,0,24,9,3,50.0,0.0,0,0,0,131,88,0,,0,21,,5
1008859,Abdulsalam Diga,abdulsalam-diga,375029,Al Hilal Benghazi SC,6.68,33.4,5,0,0,0,0,,0,113,34,147,76.87,58,55,20,0,2,66.67,10,2,2,0,0,0,0.0,1,1,0,23,62.16,11,78.57,34,66.67,316,0.0,0,0,0,0,0,0,0,0,1,0,0,0,0,13,61.9,3,0,0,2,47,0,11,7,198,11,7,0,0,5,0,0,0,0,,,,0,0,0,0,0,7,1,0,0,0,0,0,3,0,0,0,3,2,17,3,0,0,0,21,8,4,40.0,0.0,0,0,0,70,79,0,,0,27,,5
1612486,Naby Sylla,naby-sylla,405280,Académie SOAR,6.68,33.4,5,0,0,0,0,,0,58,15,73,79.45,25,33,16,0,0,0.0,1,4,0,0,0,0,0.0,2,1,1,1,16.67,2,40.0,3,27.27,117,0.0,0,0,0,0,0,0,0,0,0,2,0,0,0,11,64.71,4,0,0,3,22,2,11,6,100,0,1,0,0,1,0,0,0,0,,,,0,0,0,0,0,1,0,0,0,0,0,0,1,0,0,0,0,0,8,3,0,0,0,17,1,1,100.0,0.0,0,0,0,29,44,0,,0,7,,5
1612483,Ibrahima Sylla,ibrahima-sylla,405280,Académie SOAR,6.68,26.7,4,0,0,1,0,,0,45,10,55,81.82,7,38,25,3,5,62.5,2,2,0,0,0,0,0.0,6,1,3,13,52.0,0,0.0,13,48.15,186,0.0,0,0,0,0,0,0,0,0,4,2,0,0,0,2,66.67,0,0,0,4,29,0,1,1,99,6,4,0,0,2,2,2,0,0,,,,0,0,0,0,0,3,1,0,0,0,0,0,2,0,0,3,8,5,14,2,0,0,0,3,4,1,50.0,0.0,0,0,0,10,50,0,,0,3,,5
1457194,Abdul Jalilu,abdul-jalilu,213969,Dreams,6.67,46.7,7,0,0,0,1,,1,183,50,233,78.54,135,48,21,4,0,0.0,5,6,1,0,1,0,0.0,1,0,1,9,47.37,13,65.0,22,56.41,599,0.0,0,0,0,0,0,0,0,0,1,0,0,0,0,21,36.21,27,0,0,1,53,0,27,14,291,4,6,0,0,4,0,0,0,0,,,,3,0,0,0,0,6,2,0,0,0,0,0,7,0,0,4,0,0,17,7,0,0,0,58,8,4,80.0,0.0,1,0,0,148,85,0,,0,22,,7
1007527,Abdelkader Ghorab,abdelkader-ghorab,375029,Al Hilal Benghazi SC,6.67,20.0,3,0,1,0,1,,1,32,10,42,76.19,11,22,12,1,3,42.86,5,3,1,0,0,1,33.33,1,0,1,11,52.38,1,16.67,12,44.44,146,0.0,0,0,0,0,0,0,0,0,0,1,0,0,0,1,33.33,0,0,0,4,34,2,3,0,94,3,1,0,0,1,2,0,0,0,,,,0,0,0,0,0,4,0,0,0,0,0,0,1,0,0,1,7,3,15,5,0,0,0,3,4,2,40.0,0.0,0,0,0,14,31,0,,0,7,,3
1612635,Gazeta,gazeta,195748,Académica Petróleos do Lobito,6.67,20.0,3,0,2,0,1,,1,29,17,46,63.04,12,18,8,4,2,66.67,3,1,0,0,0,1,10.0,4,1,3,7,46.67,2,40.0,9,45.0,224,0.0,0,0,0,0,0,0,0,0,1,3,0,0,0,0,0.0,4,0,0,3,34,0,1,0,85,2,0,0,0,4,0,0,0,0,,,,0,0,0,0,0,5,2,0,0,0,0,0,3,0,0,4,3,10,11,3,0,0,0,0,7,2,66.67,0.0,0,0,0,16,40,0,,0,8,,3
936043,Phathutshedzo Nange,phathutshedzo-nange,7671,Supersport United,6.67,40.0,6,0,0,0,1,,1,103,27,130,79.23,41,62,39,5,3,60.0,9,2,0,0,0,0,0.0,8,0,4,18,47.37,4,26.67,22,41.51,420,0.0,0,0,0,0,0,0,0,0,1,7,0,0,0,6,66.67,5,0,0,2,45,0,12,10,194,6,10,0,0,7,0,4,0,0,,,,0,0,0,0,0,5,4,0,0,0,0,0,5,0,0,5,5,3,31,11,0,0,0,9,9,4,44.44,0.0,0,0,0,48,85,0,,0,19,,6
1612475,Aboubacar Yattara,aboubacar-yattara,405280,Académie SOAR,6.67,20.0,3,0,0,0,0,,0,100,24,124,80.65,55,45,17,1,5,83.33,4,7,1,1,1,0,0.0,3,1,1,12,44.44,1,33.33,13,43.33,239,0.0,0,0,0,0,0,0,0,0,1,2,0,0,0,7,46.67,3,0,0,5,32,1,8,6,160,3,7,0,0,2,0,1,0,0,,,,0,0,0,0,0,4,1,0,0,0,0,0,3,0,0,1,6,1,17,2,0,0,0,15,5,3,75.0,0.0,0,0,0,64,61,0,,0,22,,3
1612647,Maria Pia,maria-pia,195748,Académica Petróleos do Lobito,6.67,20.0,3,0,0,0,0,,0,36,19,55,65.45,16,22,11,3,1,50.0,1,2,0,0,0,2,33.33,0,0,0,8,61.54,0,0.0,8,50.0,161,0.0,0,0,0,0,0,0,0,0,0,0,0,0,0,1,14.29,0,0,0,1,30,2,3,1,81,6,2,0,0,1,0,0,0,0,,,,0,0,0,0,0,5,1,0,0,0,0,0,2,0,0,3,2,6,8,3,0,0,0,7,6,1,100.0,0.0,0,0,0,21,40,0,,0,7,,3
973271,Tuisila Kisinda,tuisila-kisinda,80395,RS Berkane,6.67,20.0,3,0,0,0,0,,0,19,5,24,79.17,5,14,8,1,3,60.0,1,0,0,0,0,0,0.0,1,0,1,8,66.67,0,0.0,8,57.14,40,0.0,0,0,0,0,0,0,0,0,1,0,0,0,0,0,0.0,0,0,0,0,15,0,4,2,46,4,2,0,0,0,0,0,0,0,,,,0,0,0,0,0,0,0,0,0,0,0,0,0,0,0,1,5,4,6,2,0,0,0,2,0,1,100.0,0.0,0,0,0,5,23,0,,0,2,,4
1111921,Khaled Al Mesmari,khaled-al-mesmari,375029,Al Hilal Benghazi SC,6.67,40.0,6,0,0,0,0,,0,72,44,116,62.07,48,24,4,0,0,0.0,0,0,0,0,0,0,0.0,0,0,0,1,100.0,1,100.0,2,100.0,540,0.0,0,0,0,0,0,0,0,0,0,0,0,0,0,40,48.19,13,1,0,0,44,0,8,4,177,1,0,0,0,0,0,0,0,19,,,,0,0,0,13,6,11,2,7,4,4,1,0,6,0,0,0,0,0,0,0,0,0,0,83,13,0,0.0,0.0,0,0,6,58,58,0,,63,42,,6
1612501,Moussa Camara-Odé,moussa-camara-ode,405280,Académie SOAR,6.66,33.3,5,0,0,0,0,,0,114,27,141,80.85,47,69,32,2,3,60.0,8,6,1,0,0,2,22.22,3,2,1,14,50.0,2,50.0,16,50.0,420,0.0,0,0,0,0,0,0,0,0,1,2,0,0,0,6,50.0,5,0,0,4,53,1,6,3,249,3,8,0,0,3,1,0,0,0,,,,1,0,0,0,0,7,2,0,0,0,0,0,5,0,0,2,5,9,16,2,0,0,0,12,9,5,62.5,0.0,0,0,0,57,93,0,,0,11,,5
1182231,Victoriano Lucoquessa,victoriano,195746,Sagrada Esperança,6.66,33.3,5,0,0,1,0,,0,153,38,191,80.1,73,80,23,0,5,83.33,6,4,1,0,0,0,0.0,2,0,2,17,42.5,12,70.59,29,50.88,332,0.0,0,0,0,0,0,0,0,0,1,1,0,0,0,4,30.77,5,0,0,5,57,2,13,5,253,6,11,0,0,6,1,0,0,0,,,,0,0,0,0,0,0,2,0,0,0,0,0,4,0,0,0,6,1,28,5,0,0,0,13,2,4,66.67,0.0,0,0,0,83,109,0,,0,27,,5
1612642,Makusa Lemi,makusa-lemi,195748,Académica Petróleos do Lobito,6.66,33.3,5,0,0,0,0,,0,35,21,56,62.5,20,15,7,1,1,100.0,3,1,0,0,0,0,0.0,5,1,3,6,30.0,13,44.83,19,38.78,237,0.0,0,0,0,0,0,0,0,0,3,2,0,0,0,1,100.0,5,0,0,8,40,2,5,2,98,3,5,0,0,1,0,1,0,0,,,,0,0,0,0,0,6,1,0,0,0,0,0,3,0,0,1,1,1,30,16,0,0,0,1,7,3,100.0,0.0,0,0,0,24,33,0,,0,11,,5
1172369,Travis Mutyaba,mutyaba-travis,42368,Zamalek SC,6.65,13.3,2,0,0,0,0,,0,35,4,39,89.74,13,22,9,1,0,0.0,2,0,0,0,0,0,0.0,1,0,1,5,35.71,0,0.0,5,33.33,95,0.0,0,0,0,0,0,0,0,0,0,1,0,0,0,0,0.0,0,0,0,1,11,0,2,0,52,3,5,0,0,1,0,0,0,0,,,,0,0,0,0,0,1,0,0,0,0,0,0,1,0,0,1,2,0,10,1,0,0,0,1,1,2,100.0,0.0,0,0,0,13,26,0,,0,8,,2
1469660,Carl Wunda,carl-wunda,134292,Diables Noirs,6.65,13.3,2,0,0,0,0,,0,11,8,19,57.89,5,6,4,0,1,50.0,1,0,0,0,0,0,0.0,3,0,2,3,75.0,1,20.0,4,44.44,32,0.0,0,0,0,0,0,0,0,0,2,1,0,0,0,0,0.0,0,0,0,0,9,0,0,0,27,1,0,0,0,0,0,1,0,0,,,,0,0,0,0,0,0,0,0,0,0,0,0,0,0,0,0,2,0,5,4,0,0,0,0,0,1,100.0,0.0,0,0,0,6,13,0,,0,2,,2
919063,Aziz Ben Mohamed,aziz-ben-mohamed,375029,Al Hilal Benghazi SC,6.65,13.3,2,0,0,0,0,,0,45,20,65,69.23,33,12,3,0,1,100.0,2,2,1,0,0,0,0.0,1,0,0,7,70.0,5,62.5,12,66.67,180,0.0,0,0,0,0,0,0,0,0,1,0,0,0,0,5,33.33,11,0,0,0,21,0,13,5,95,4,1,0,0,3,0,1,0,0,,,,0,0,0,0,0,5,1,0,0,0,0,0,2,0,0,0,1,1,6,3,0,0,0,15,6,1,50.0,0.0,0,0,0,42,24,0,,0,10,,2
1182220,Água Doce,agua-doce,195746,Sagrada Esperança,6.65,13.3,2,0,0,0,0,,0,33,3,36,91.67,15,18,5,0,0,0.0,0,0,0,0,0,0,0.0,0,0,0,2,66.67,1,100.0,3,75.0,24,0.0,0,0,0,0,0,0,0,0,0,0,0,0,0,1,50.0,0,0,0,0,3,0,1,1,38,2,1,0,0,0,0,0,0,0,,,,0,0,0,0,0,0,0,0,0,0,0,0,0,0,0,0,0,0,1,0,0,0,0,2,0,0,0.0,0.0,0,0,0,17,19,0,,0,1,,2
1518100,Jabu Matsio,matsio-jabu,7671,Supersport United,6.65,13.3,2,0,0,0,0,,0,10,3,13,76.92,2,8,3,0,0,0.0,2,1,1,0,0,0,0.0,0,0,0,4,57.14,0,0.0,4,57.14,43,0.0,0,0,0,0,0,0,0,0,0,0,0,0,0,0,0.0,0,0,0,0,3,1,0,0,20,2,3,0,0,0,0,0,0,0,,,,0,0,0,0,0,1,1,0,0,0,0,0,0,0,0,0,0,0,3,0,0,0,0,0,2,2,100.0,0.0,0,0,0,2,11,0,,0,1,,2
155660,Hardy Binguila,hardy-binguila,134292,Diables Noirs,6.65,26.6,4,0,0,0,0,,0,61,16,77,79.22,21,40,18,2,0,0.0,3,2,0,0,0,0,0.0,3,1,1,5,38.46,4,100.0,9,52.94,166,0.0,0,0,0,0,0,0,0,0,0,3,0,0,0,10,52.63,3,0,0,2,27,1,15,10,107,2,4,0,0,1,0,1,0,0,,,,0,0,0,0,0,2,0,0,0,0,0,0,2,0,0,2,2,6,8,0,0,0,0,19,2,3,100.0,0.0,0,0,0,23,60,0,,0,8,,4
1612542,Deco,deco,195746,Sagrada Esperança,6.65,26.6,4,0,1,0,0,,0,31,15,46,67.39,6,25,14,2,2,33.33,1,2,0,0,0,0,0.0,3,1,2,7,33.33,2,33.33,9,33.33,179,0.0,0,0,0,0,0,0,0,0,2,1,0,0,0,1,33.33,1,0,0,4,35,0,1,0,85,4,5,0,0,1,4,0,0,0,,,,1,0,0,0,0,0,0,0,0,0,0,0,1,0,0,2,6,1,18,4,0,0,0,3,0,0,0.0,0.0,0,0,0,10,37,0,,0,5,,4
1094435,Hesham Balaha,hesham-balaha,265830,Modern Sport FC,6.65,26.6,4,0,0,0,0,,0,32,15,47,68.09,19,14,6,3,1,100.0,3,1,1,0,0,1,25.0,2,0,2,4,50.0,2,66.67,6,54.55,121,0.0,0,0,0,0,2,0,0,0,0,2,0,0,0,3,37.5,0,0,0,0,21,0,3,2,69,0,2,0,0,2,1,0,1,0,,,,0,0,0,0,0,0,0,0,0,0,0,0,1,0,0,2,1,4,5,1,0,0,0,8,0,2,66.67,0.0,0,0,0,22,29,0,,0,7,,5
918602,Mohamed Sadek,mohamed-sadek,265830,Modern Sport FC,6.64,46.5,7,1,1,0,1,,2,156,37,193,80.83,60,96,52,4,9,50.0,7,2,1,0,0,0,0.0,2,2,0,24,38.71,4,33.33,28,37.84,480,50.0,0,0,0,0,0,0,1,0,2,0,0,1,0,7,63.64,1,0,0,12,73,2,13,9,287,9,16,0,0,4,1,0,0,0,,,,0,0,0,0,0,4,1,0,0,0,0,0,6,0,0,4,18,2,46,8,0,0,0,11,5,4,57.14,480.0,0,0,0,69,126,0,,0,30,,7
1464150,Janard Mbemba,janard-mbemba,134292,Diables Noirs,6.64,33.2,5,0,0,0,0,,0,201,42,243,82.72,135,69,19,1,3,75.0,15,9,1,0,1,3,60.0,1,0,1,22,57.89,9,42.86,31,52.54,420,0.0,0,0,0,0,0,0,0,0,0,1,0,0,0,11,37.93,30,0,1,4,53,0,17,7,341,4,7,0,0,6,0,0,0,0,,,,1,0,0,0,0,7,1,0,0,0,0,0,5,0,0,1,4,5,28,12,0,0,0,29,8,14,93.33,0.0,1,0,0,154,94,0,,0,25,,5
1612714,Christ Douei,christ-douei,69326,Stade Malien,6.64,33.2,5,0,1,0,0,,0,120,28,148,81.08,52,68,20,1,1,50.0,7,2,2,0,0,0,0.0,0,0,0,15,39.47,4,30.77,19,37.25,451,0.0,0,0,0,0,0,0,0,0,0,0,0,0,0,9,52.94,11,0,0,2,39,0,8,6,205,7,15,0,0,6,0,0,0,0,,,,1,0,0,0,0,6,1,0,0,0,0,0,5,0,0,1,2,0,32,9,0,0,0,17,7,4,57.14,0.0,0,0,0,60,88,0,,0,25,,6
1015076,Kaporal,joao-chingado-manha,195746,Sagrada Esperança,6.63,19.9,3,0,0,0,0,,0,12,5,17,70.59,6,6,5,0,1,100.0,0,0,0,0,0,0,0.0,1,0,1,3,50.0,4,50.0,7,50.0,69,0.0,0,0,0,0,0,0,0,0,0,1,0,0,0,2,66.67,0,0,0,2,8,0,1,0,24,2,2,0,0,0,4,0,0,0,,,,0,0,0,0,0,0,0,0,0,0,0,0,1,0,0,0,1,0,7,4,0,0,0,3,0,0,0.0,0.0,0,0,0,6,11,0,,0,3,,3
879973,Al Mahdi Elhouni,al-mahdi-elhouni,375029,Al Hilal Benghazi SC,6.63,19.9,3,0,0,0,0,,0,30,7,37,81.08,15,15,8,1,0,0.0,1,0,0,0,0,0,0.0,1,0,0,2,66.67,4,66.67,6,66.67,110,0.0,0,0,0,0,0,0,0,0,0,1,0,0,0,3,50.0,5,0,0,0,14,0,1,1,62,1,1,0,0,0,0,1,0,0,,,,0,0,0,0,0,2,0,0,0,0,0,0,1,0,0,1,0,1,3,2,0,0,0,6,2,1,100.0,0.0,0,0,0,17,21,0,,1,8,,3
1612645,Valdimir,valdimir,195748,Académica Petróleos do Lobito,6.63,19.9,3,0,0,0,0,,0,20,12,32,62.5,13,9,4,2,1,100.0,3,1,0,0,0,2,40.0,0,0,0,9,56.25,1,25.0,10,50.0,118,0.0,0,0,0,0,0,0,0,0,0,0,0,0,0,2,28.57,1,0,0,2,21,1,4,1,58,5,3,0,0,2,0,0,0,0,,,,0,0,0,0,0,2,0,0,0,0,0,0,1,0,0,2,1,5,10,3,0,0,0,7,2,2,66.67,0.0,0,0,0,16,21,0,,0,7,,3
1612657,Paulo Madadi Badrick,paulo-madadi-badrick,195748,Académica Petróleos do Lobito,6.63,19.9,3,0,0,0,0,,0,51,24,75,68.0,38,13,3,0,0,0.0,1,0,0,0,0,0,0.0,0,0,0,2,100.0,2,100.0,4,100.0,270,0.0,0,0,0,0,0,0,0,0,0,0,0,0,0,21,46.67,6,0,0,0,25,0,1,1,111,1,0,0,0,0,0,0,0,9,,,,0,1,0,6,3,7,2,3,1,1,1,0,3,0,0,0,0,0,0,0,0,0,0,45,9,1,100.0,0.0,0,0,0,52,23,0,,29,30,,3
1518688,Risen Albert,albert-risen,7671,Supersport United,6.63,19.9,3,0,0,0,0,,0,29,10,39,74.36,14,15,8,1,1,33.33,4,0,0,0,0,0,0.0,1,1,0,10,52.63,2,15.38,12,37.5,186,0.0,0,0,0,0,0,0,0,0,0,1,0,0,0,1,50.0,4,0,0,2,26,1,1,0,78,5,6,0,0,0,2,0,0,0,,,,0,0,0,0,0,1,2,0,0,0,0,0,3,0,0,1,3,6,20,11,0,0,0,2,3,1,25.0,0.0,0,0,0,14,31,0,,0,6,,4
1114695,Saif Jaddour,saif-jaddour,375021,Abu Salim SC,6.63,46.4,7,0,0,0,0,,0,113,49,162,69.75,60,55,21,1,4,100.0,10,12,1,0,1,2,40.0,1,1,0,22,44.0,6,42.86,28,43.75,630,0.0,0,0,0,0,0,0,0,0,1,0,0,0,0,15,41.67,15,0,0,6,68,0,29,14,265,8,16,0,1,8,1,0,0,0,,,,3,0,0,0,0,7,0,0,0,0,0,0,7,0,0,1,4,5,36,8,0,0,0,36,7,7,70.0,0.0,1,0,0,82,85,0,,0,26,,7
1136859,Chibuike Ohizu,chibuike-ohizu,371341,Sekhukhune United,6.63,26.5,4,0,1,1,0,,0,48,24,72,66.67,19,29,15,1,4,57.14,3,1,1,0,0,0,0.0,5,1,2,11,39.29,13,46.43,24,42.86,273,0.0,0,0,0,0,0,0,0,0,4,1,0,0,0,3,50.0,1,0,0,7,43,1,8,5,119,4,8,0,0,2,0,2,0,0,,,,0,0,0,0,0,3,0,0,0,0,0,0,3,0,0,1,7,0,32,15,0,0,0,6,3,0,0.0,0.0,0,0,0,24,48,0,,0,6,,4
1612631,Filipe Caprego,filipe-caprego,195748,Académica Petróleos do Lobito,6.63,26.5,4,0,0,0,0,,0,59,45,104,56.73,46,13,8,1,0,0.0,6,5,0,0,0,0,0.0,1,1,0,14,100.0,12,66.67,26,81.25,289,0.0,0,0,0,0,0,0,0,0,1,0,0,0,0,13,30.23,23,0,1,0,48,0,12,2,158,8,1,0,0,0,0,0,0,0,,,,0,0,0,0,0,7,1,0,0,0,0,0,3,0,0,1,0,0,6,6,0,0,0,43,8,2,33.33,0.0,0,0,0,63,41,0,,0,8,,4
1218738,Mohamed Ait El Hadj,mohamed-ait-el-hadj,42206,USM Alger,6.63,26.5,4,0,1,0,0,,0,22,9,31,70.97,8,15,8,1,0,0.0,3,0,0,0,0,1,100.0,6,1,2,6,40.0,0,0.0,6,33.33,119,0.0,0,0,0,0,0,0,0,0,2,4,0,0,0,3,60.0,0,0,0,0,19,0,7,2,58,3,2,0,0,2,0,3,0,0,,,,0,0,0,0,0,0,0,0,0,0,0,0,1,0,0,1,5,1,12,3,0,0,0,5,0,2,66.67,0.0,0,0,0,9,23,0,,0,8,,5
1612733,Youssouf Coulibaly,youssouf-coulibaly,69326,Stade Malien,6.62,39.7,6,0,0,2,0,,0,94,46,140,67.14,45,49,22,3,1,50.0,8,6,1,0,0,0,0.0,5,2,1,14,53.85,15,50.0,29,51.79,382,0.0,0,0,0,0,0,0,0,0,3,2,0,0,0,4,33.33,7,0,0,1,53,1,12,4,198,6,6,0,0,4,1,2,0,0,,,,1,0,0,0,0,5,1,0,0,0,0,0,5,0,0,3,2,0,27,15,0,0,0,12,6,3,37.5,0.0,0,0,0,58,82,0,,0,20,,6
918850,Ali El Fil,ali-el-fil,265830,Modern Sport FC,6.62,39.7,6,0,0,1,0,,0,181,40,221,81.9,150,31,3,0,0,0.0,4,6,2,0,1,0,0.0,1,1,0,9,52.94,6,42.86,15,48.39,519,0.0,0,0,0,0,0,0,0,0,1,0,0,0,0,14,35.9,16,0,0,0,46,1,9,4,274,5,5,0,0,2,0,0,0,0,,,,2,0,0,0,0,5,0,0,0,0,0,0,6,0,0,0,1,0,16,8,0,0,0,39,5,3,75.0,0.0,1,0,0,160,61,0,,0,19,,6
1802168,Osvaldo Francisco,osvaldo-francisco,195748,Académica Petróleos do Lobito,6.6,13.2,2,0,1,0,1,,1,15,12,27,55.56,9,6,4,1,1,100.0,3,3,1,0,0,0,0.0,1,0,1,4,44.44,2,40.0,6,42.86,79,0.0,0,0,0,0,0,0,0,0,0,1,0,0,0,0,0.0,2,0,0,0,17,0,3,0,53,0,3,0,0,2,0,0,0,0,,,,0,0,0,0,0,3,0,0,0,0,0,0,1,0,0,1,1,2,8,3,0,0,0,4,3,2,66.67,0.0,0,0,0,15,14,0,,0,7,,2
1394432,Asekho Tiwani,asekho-tiwani,371341,Sekhukhune United,6.6,6.6,1,0,0,0,0,,0,21,7,28,75.0,17,4,1,0,1,100.0,0,1,0,0,0,0,0.0,0,0,0,1,50.0,0,0.0,1,50.0,45,0.0,0,0,0,0,0,0,0,0,0,0,0,0,0,2,28.57,0,0,0,0,8,0,3,1,36,0,0,0,0,1,0,0,0,0,,,,0,0,0,0,0,0,0,0,0,0,0,0,1,0,0,0,1,0,1,0,0,0,0,7,0,0,0.0,0.0,0,0,0,21,7,0,,0,3,,1
1512535,Mohamed Zaalouk,mohamed-zaalouk,265830,Modern Sport FC,6.6,6.6,1,0,0,0,0,,0,3,0,3,100.0,1,2,1,0,0,0.0,0,0,0,0,0,0,0.0,1,0,0,0,0.0,1,50.0,1,33.33,21,0.0,0,0,0,0,0,0,0,0,1,0,0,0,0,0,0.0,0,0,0,0,0,1,0,0,4,0,1,0,0,0,0,1,0,0,,,,0,0,0,0,0,0,0,0,0,0,0,0,0,0,0,0,0,0,2,1,0,0,0,0,0,0,0.0,0.0,0,0,0,1,2,0,,0,1,,1
376842,Abdallah Gomaa,abdallah-gomaa,42368,Zamalek SC,6.6,6.6,1,0,0,0,0,,0,2,1,3,66.67,1,1,1,0,0,0.0,0,1,0,0,0,0,0.0,0,0,0,0,0.0,0,0.0,0,0.0,14,0.0,0,0,0,0,0,0,0,0,0,0,0,0,0,0,0.0,1,0,0,0,1,0,0,0,7,0,0,0,0,0,0,0,0,0,,,,0,0,0,0,0,0,0,0,0,0,0,0,0,0,0,0,0,0,0,0,0,0,0,1,0,0,0.0,0.0,0,0,0,2,1,0,,0,2,,1
1471395,Alban Goyema,alban-goyema,134292,Diables Noirs,6.6,6.6,1,0,0,0,0,,0,8,6,14,57.14,4,4,2,0,0,0.0,0,2,0,0,0,0,0.0,0,0,0,0,0.0,0,0.0,0,0.0,45,0.0,0,0,0,0,0,0,0,0,0,0,0,0,0,0,0.0,2,0,0,1,17,0,4,1,34,0,1,0,0,1,0,0,0,0,,,,0,0,0,0,0,0,0,0,0,0,0,0,1,0,0,0,0,5,4,1,0,0,0,4,0,0,0.0,0.0,0,0,0,6,13,0,,0,2,,1
1114684,Mohammed Ouidah,mohammed-ouidah,375021,Abu Salim SC,6.6,6.6,1,0,0,0,0,,0,9,10,19,47.37,2,7,0,0,0,0.0,0,0,0,0,0,0,0.0,0,0,0,0,0.0,0,0.0,0,0.0,45,0.0,0,0,0,0,0,0,0,0,0,0,0,0,0,9,47.37,0,0,0,0,10,0,8,5,21,0,0,0,0,0,0,0,0,1,,,,0,0,0,0,1,1,0,0,0,0,0,0,1,0,0,0,0,0,0,0,0,0,0,19,1,0,0.0,0.0,0,0,0,5,14,0,,4,5,,1
1612498,Mohamed Cissé,mohamed-cisse,405280,Académie SOAR,6.6,6.6,1,0,0,0,0,,0,28,3,31,90.32,18,10,4,0,0,0.0,1,1,0,0,0,0,0.0,0,0,0,5,38.46,1,50.0,6,40.0,66,0.0,0,0,0,0,0,0,0,0,0,0,0,0,0,3,60.0,2,0,0,0,6,0,2,2,45,4,6,0,0,1,0,0,0,0,,,,0,0,0,0,0,0,0,0,0,0,0,0,0,0,0,0,1,0,9,1,0,0,0,5,0,1,100.0,0.0,0,0,0,18,13,0,,0,1,,1
1610380,Chibuzor Ezeh,chibuzor-ezeh,215270,Rivers United,6.6,6.6,1,0,0,0,0,,0,2,1,3,66.67,0,2,2,2,0,0.0,0,0,0,0,0,0,0.0,0,0,0,0,0.0,0,0.0,0,0.0,13,0.0,0,0,0,0,0,0,0,0,0,0,0,0,0,1,100.0,0,0,0,0,3,0,0,0,5,0,2,0,0,0,1,0,0,0,,,,0,0,0,0,0,0,0,0,0,0,0,0,0,0,0,2,0,0,3,1,0,0,0,1,0,0,0.0,0.0,0,0,0,0,3,0,,0,0,,1
1807586,Deps Kabanga Kabanga,deps-kabanga-kabanga,134292,Diables Noirs,6.6,6.6,1,0,0,0,0,,0,2,1,3,66.67,0,2,2,1,0,0.0,0,0,0,0,0,0,0.0,0,0,0,0,0.0,0,0.0,0,0.0,15,0.0,0,0,0,0,0,0,0,0,0,0,0,0,0,0,0.0,0,0,0,0,1,0,0,0,3,0,1,0,0,0,0,0,0,0,,,,0,0,0,0,0,0,0,0,0,0,0,0,0,0,0,1,0,0,2,1,0,0,0,0,0,0,0.0,0.0,0,0,0,0,3,0,,0,0,,1
174867,Bradley Grobler,bradley-grobler,7671,Supersport United,6.6,13.2,2,0,1,1,0,,0,10,12,22,45.45,1,9,5,2,0,0.0,0,0,0,0,0,0,0.0,3,0,2,3,100.0,4,33.33,7,46.67,75,0.0,0,0,0,0,0,0,0,0,3,0,0,0,0,0,0.0,0,0,0,0,15,0,4,0,32,3,0,0,0,0,0,1,0,0,,,,0,0,0,0,0,1,1,0,0,0,0,0,1,0,0,2,0,1,8,8,0,0,0,4,2,0,0.0,0.0,0,0,0,1,22,0,,0,2,,2
1401994,Ahmed Hammami,ahmed-hammami,39618,Club Africain,6.6,13.2,2,0,0,0,0,,0,21,2,23,91.3,9,12,4,1,0,0.0,2,0,0,0,0,0,0.0,0,0,0,2,33.33,0,0.0,2,28.57,20,0.0,0,0,0,0,0,0,0,0,0,0,0,0,0,2,100.0,0,0,0,1,4,0,1,0,30,0,1,0,0,1,0,0,0,0,,,,0,0,0,0,0,0,0,0,0,0,0,0,0,0,0,1,1,0,5,1,0,0,0,2,0,2,100.0,0.0,0,0,0,10,13,0,,0,2,,2
1467097,Richard Mensah,richard-mensah,213969,Dreams,6.6,13.2,2,0,0,0,0,,0,24,14,38,63.16,18,6,2,1,1,100.0,0,1,0,0,0,0,0.0,1,0,0,2,40.0,1,50.0,3,42.86,98,0.0,0,0,0,0,0,0,0,0,1,0,0,0,0,3,25.0,8,0,1,0,14,0,11,3,53,1,3,0,0,0,0,1,0,0,,,,0,0,0,0,0,0,0,0,0,0,0,0,1,0,0,1,1,0,4,1,0,0,0,12,0,0,0.0,0.0,0,0,0,20,18,0,,0,6,,2
372800,Sibusiso Vilakazi,sibusiso-vilakazi,371341,Sekhukhune United,6.6,13.2,2,0,0,0,0,,0,33,10,43,76.74,13,20,14,1,4,57.14,0,0,0,0,0,0,0.0,2,0,1,7,43.75,0,0.0,7,38.89,135,0.0,0,0,0,0,1,0,0,0,0,2,0,0,0,1,25.0,1,0,0,5,23,1,2,1,68,3,1,0,0,0,0,1,0,0,,,,1,0,0,0,0,0,0,0,0,0,0,0,1,0,0,1,7,0,11,2,0,0,0,4,0,0,0.0,0.0,0,0,0,15,28,0,,0,9,,2
1107614,Jean Rosis Okoumou,jean-rosis-okoumou,134292,Diables Noirs,6.6,6.6,1,0,0,0,0,,0,5,3,8,62.5,1,4,1,1,1,100.0,0,0,0,0,0,0,0.0,0,0,0,1,50.0,1,50.0,2,50.0,10,0.0,0,0,0,0,0,0,0,0,0,0,0,0,0,1,100.0,1,0,0,0,4,0,0,0,12,0,0,0,0,1,0,0,0,0,,,,0,0,0,0,0,1,0,0,0,0,0,0,0,0,0,1,1,0,2,1,0,0,0,1,1,0,0.0,0.0,0,0,0,2,6,0,,0,0,,2
1586543,Thabang Makubo,thabang-makubo,7671,Supersport United,6.6,13.2,2,0,0,0,0,,0,17,3,20,85.0,9,8,5,1,0,0.0,0,1,1,0,0,0,0.0,0,0,0,1,20.0,1,50.0,2,28.57,62,0.0,0,0,0,0,0,0,0,0,0,0,0,0,0,1,100.0,0,0,0,1,5,0,1,1,30,1,4,0,0,0,0,0,0,0,,,,0,0,0,0,0,1,0,0,0,0,0,0,0,0,0,1,0,0,5,1,0,0,0,1,1,0,0.0,0.0,0,0,0,9,11,0,,0,4,,2
1612626,Amor,amor,195748,Académica Petróleos do Lobito,6.6,13.2,2,0,1,0,0,,0,22,10,32,68.75,6,19,6,3,1,33.33,6,3,1,0,0,3,37.5,0,0,0,10,71.43,0,0.0,10,55.56,135,0.0,0,0,0,0,0,0,0,0,0,0,0,0,0,3,42.86,4,0,0,1,23,0,3,0,78,3,1,0,0,0,0,0,0,0,,,,0,0,0,0,0,4,2,0,0,0,0,0,1,0,0,3,3,8,8,4,0,0,0,7,6,3,50.0,0.0,0,0,0,8,32,0,,0,4,,2
1612646,Matú,matu,195748,Académica Petróleos do Lobito,6.6,13.2,2,0,0,0,0,,0,35,18,53,66.04,19,20,5,6,3,75.0,5,2,0,0,0,4,66.67,0,0,0,9,60.0,3,42.86,12,54.55,180,0.0,0,0,0,0,0,0,0,0,0,0,0,0,0,3,27.27,11,0,0,1,28,0,13,5,110,1,2,0,0,2,0,0,0,0,,,,0,0,0,0,0,5,2,0,0,0,0,0,2,0,0,6,4,6,10,4,0,0,0,11,7,4,80.0,0.0,0,0,0,27,32,0,,0,7,,2
1099692,Abdulrazack Hamza,abdulrazack-hamza,7671,Supersport United,6.6,19.8,3,0,0,0,0,,0,106,31,137,77.37,65,41,12,0,1,100.0,0,3,1,0,0,0,0.0,0,0,0,3,60.0,8,53.33,11,55.0,270,0.0,0,0,0,0,0,0,0,0,0,0,0,0,0,11,55.0,8,0,0,0,32,0,4,1,160,2,1,0,0,1,0,0,0,0,,,,0,0,0,0,0,2,2,0,0,0,0,0,3,0,0,0,1,0,9,7,0,0,0,20,4,0,0.0,0.0,0,0,0,80,57,0,,0,23,,3
1008108,Ziad Kamal,ziad-kamal,42368,Zamalek SC,6.6,19.8,3,0,0,0,0,,0,29,6,35,82.86,11,18,5,0,1,50.0,7,0,0,0,0,0,0.0,0,0,0,10,45.45,2,66.67,12,48.0,92,0.0,0,0,0,0,0,0,0,0,0,0,0,0,0,2,66.67,0,0,0,1,12,0,1,0,55,2,6,0,0,4,0,0,0,0,,,,0,0,0,0,0,0,0,0,0,0,0,0,1,0,0,0,2,0,13,1,0,0,0,3,0,4,57.14,0.0,0,0,0,14,21,0,,1,6,,3
1165120,Mohamed Nosseir,mohamed-nosseir,265830,Modern Sport FC,6.6,19.8,3,0,0,0,0,,0,23,10,33,69.7,12,11,6,0,0,0.0,5,2,0,0,0,0,0.0,2,1,0,5,50.0,4,66.67,9,56.25,143,0.0,0,0,0,0,0,0,0,0,2,0,0,0,0,1,25.0,0,0,0,1,17,0,2,2,56,0,2,0,0,2,0,1,0,0,,,,0,0,0,0,0,1,1,0,0,0,0,0,2,0,0,0,0,3,7,2,0,0,0,4,2,2,40.0,0.0,0,0,0,17,19,0,,0,3,,3
1612477,Alseny Conté,alseny-conte,405280,Académie SOAR,6.6,13.2,2,0,0,0,0,,0,17,8,25,68.0,8,9,7,1,1,33.33,1,0,0,0,0,0,0.0,2,1,1,5,41.67,2,50.0,7,43.75,94,0.0,0,0,0,0,0,0,0,0,0,2,0,0,0,0,0.0,0,0,0,1,17,1,2,0,47,3,3,0,0,1,1,0,0,0,,,,0,0,0,0,0,0,0,0,0,0,0,0,1,0,0,1,3,1,9,2,0,0,0,2,0,0,0.0,0.0,0,0,0,10,16,0,,0,2,,3
1469682,Temple Emekayi,temple-emekayi,215270,Rivers United,6.6,19.8,3,0,0,0,0,,0,85,12,97,87.63,76,9,2,0,0,0.0,3,4,0,0,0,0,0.0,0,0,0,4,50.0,1,25.0,5,41.67,171,0.0,0,0,0,0,0,0,0,0,0,0,0,0,0,5,41.67,6,0,0,0,13,0,5,3,114,1,3,0,0,1,0,0,0,0,,,,1,0,0,0,0,3,0,0,0,0,0,0,2,0,0,0,0,0,7,3,0,0,0,12,3,2,66.67,0.0,0,0,0,81,16,0,,0,11,,3
1469701,Joseph Onoja,joseph-onoja,215270,Rivers United,6.6,26.4,4,0,0,0,0,,0,109,24,133,81.95,52,59,31,2,0,0.0,3,0,0,0,0,2,66.67,0,0,0,4,21.05,2,66.67,6,27.27,171,0.0,0,0,0,0,0,0,0,0,0,0,0,0,0,6,46.15,0,0,0,3,35,2,11,4,158,1,8,0,0,4,0,0,0,0,,,,0,0,0,0,0,4,0,0,0,0,0,0,1,0,0,2,1,3,16,1,0,0,0,13,4,3,100.0,0.0,0,0,0,56,80,0,,0,20,,4
1469688,Jimmy Bayindula,jimmy-bayindula,134292,Diables Noirs,6.6,19.8,3,0,0,0,0,,0,26,19,45,57.78,9,18,11,5,0,0.0,2,1,2,0,0,1,100.0,6,0,3,6,40.0,5,62.5,11,47.83,149,0.0,0,0,0,0,0,0,0,0,3,3,0,0,0,1,20.0,0,0,0,4,28,1,7,4,75,4,2,0,0,2,2,3,0,0,,,,0,0,0,0,0,2,1,0,0,0,0,0,2,0,0,5,1,1,12,3,0,0,0,5,3,0,0.0,0.0,0,0,0,9,37,0,,0,9,,4
920945,Jamie Craig Webber,webber-jamie-craig,371341,Sekhukhune United,6.6,33.0,5,0,1,0,0,,0,78,21,99,78.79,29,50,23,1,0,0.0,10,2,0,1,1,1,8.33,2,1,0,18,56.25,7,87.5,25,62.5,200,0.0,0,0,0,0,1,0,0,0,0,2,0,0,0,8,53.33,2,0,0,3,48,1,6,4,155,8,4,0,0,4,0,1,0,0,,,,0,0,0,0,0,1,0,0,0,0,0,0,3,0,0,1,3,12,15,1,0,0,0,15,1,5,50.0,0.0,0,0,0,34,77,0,,0,14,,5
837104,Thamsanqa Tshiamo Masiya,thamsanqa-tshiamo-masiya,371341,Sekhukhune United,6.6,33.0,5,0,1,1,0,,0,53,15,68,77.94,29,25,12,2,2,28.57,3,2,0,0,0,1,9.09,1,0,0,14,60.87,1,25.0,15,55.56,293,0.0,0,0,0,0,0,0,0,0,1,0,0,0,0,1,16.67,2,0,0,3,42,1,2,0,118,9,0,0,0,1,0,1,0,0,,,,1,0,0,0,0,1,0,0,0,0,0,0,3,0,0,2,7,11,12,3,0,0,0,6,1,3,100.0,0.0,0,0,0,32,47,0,,0,14,,5
1612625,Adi Boyó,adi-boyo,195748,Académica Petróleos do Lobito,6.6,33.0,5,0,0,0,0,,0,96,65,161,59.63,67,29,9,0,0,0.0,7,13,0,0,0,0,0.0,3,0,3,12,52.17,30,68.18,42,62.69,450,0.0,0,0,0,0,0,0,0,0,2,1,0,0,0,12,27.27,30,0,0,1,72,0,11,6,254,7,5,0,1,5,0,0,0,0,,,,0,0,0,0,0,11,3,0,0,0,0,0,5,0,0,0,0,0,25,14,0,0,0,44,14,4,57.14,0.0,0,0,0,92,69,0,,0,12,,5
1612658,Platini,platini,195748,Académica Petróleos do Lobito,6.6,33.0,5,0,0,0,0,,0,115,34,149,77.18,67,49,21,3,0,0.0,2,6,1,0,0,1,100.0,2,1,0,9,47.37,6,33.33,15,40.54,366,0.0,0,0,0,0,0,0,0,0,0,2,0,0,0,12,54.55,8,0,0,1,41,0,18,11,198,7,6,0,0,3,0,1,0,0,,,,0,0,0,0,0,8,2,0,0,0,0,0,5,0,0,3,0,1,22,12,0,0,0,22,10,2,100.0,0.0,0,0,0,82,68,0,,0,21,,5
982427,Jesse Donn,jesse-donn,7671,Supersport United,6.58,32.9,5,0,0,0,0,,0,97,32,129,75.19,46,51,25,2,0,0.0,3,5,0,0,0,0,0.0,1,1,0,3,30.0,6,40.0,9,36.0,272,0.0,0,0,0,0,0,0,0,0,1,0,0,0,0,11,52.38,2,0,0,1,42,1,11,5,159,0,4,0,0,1,0,0,0,0,,,,0,0,0,0,0,3,2,0,0,0,0,0,4,0,0,2,2,1,16,9,0,0,0,21,5,1,33.33,0.0,0,0,0,54,76,0,,0,19,,5
1612537,Beni Papel,beni-papel,195746,Sagrada Esperança,6.58,32.9,5,0,0,0,0,,0,64,10,74,86.49,29,36,15,0,2,50.0,2,2,0,0,0,1,20.0,2,0,1,5,45.45,1,33.33,6,42.86,146,0.0,0,0,0,0,0,0,0,0,0,2,0,0,0,1,100.0,1,0,0,2,23,0,0,0,107,1,1,0,0,1,1,1,0,0,,,,0,0,0,0,0,0,1,0,0,0,0,0,1,0,0,0,4,5,8,2,0,0,0,1,1,1,50.0,0.0,0,0,0,30,49,0,,0,5,,5
894799,Lyle Lakay,lyle-lakay,7671,Supersport United,6.58,26.3,4,0,0,0,0,,0,82,18,100,82.0,30,54,22,1,2,40.0,0,0,0,0,0,2,16.67,3,0,2,3,30.0,0,0.0,3,27.27,148,0.0,0,0,0,0,1,0,0,0,0,3,0,0,0,5,41.67,0,0,0,1,44,0,10,2,148,1,2,1,0,1,0,1,0,0,,,,0,0,0,0,0,1,1,0,0,0,0,0,1,0,0,1,5,12,8,1,0,0,0,12,2,0,0.0,0.0,0,0,0,31,81,0,,0,13,,4
946091,Raphael Ayagwa,raphael-ayagwa,375029,Al Hilal Benghazi SC,6.58,26.3,4,0,0,0,0,,0,62,27,89,69.66,34,28,11,0,2,100.0,9,5,2,0,0,0,0.0,1,0,0,15,57.69,4,66.67,19,59.38,262,0.0,0,0,0,0,0,0,0,0,0,1,0,0,0,5,27.78,5,0,0,0,32,0,12,6,128,4,7,0,0,4,0,1,0,0,,,,0,0,0,0,0,3,1,0,0,0,0,0,4,0,0,0,2,1,13,2,0,0,0,18,4,6,66.67,0.0,0,0,0,38,52,0,,0,18,,4
1188994,Bernard Yao Kouassi,kouassi-bernard-yao,215270,Rivers United,6.58,26.3,4,0,0,2,0,,0,9,7,16,56.25,2,7,5,2,2,40.0,0,0,0,0,0,0,0.0,6,0,3,3,25.0,5,55.56,8,38.1,69,0.0,0,0,0,0,0,0,0,0,5,1,0,0,0,0,0.0,0,0,0,2,15,0,0,0,34,1,4,1,0,0,0,3,0,0,,,,0,0,0,0,0,0,0,0,0,0,0,0,0,0,0,2,5,1,13,4,0,0,0,0,0,0,0.0,0.0,0,0,0,3,14,0,,0,1,,4
1008164,Firas Shellig,firas-shellieg,375021,Abu Salim SC,6.57,39.4,6,0,0,0,1,,1,44,17,61,72.13,22,24,11,3,0,0.0,6,9,1,0,0,2,22.22,2,1,0,8,29.63,1,33.33,9,30.0,333,0.0,0,0,0,0,0,0,0,0,1,1,0,0,0,2,28.57,9,0,0,3,40,2,3,0,124,2,5,0,0,8,0,1,0,0,,,,0,0,0,0,0,3,0,0,0,0,0,0,3,0,0,3,4,9,21,2,0,0,0,7,3,3,50.0,0.0,0,0,0,27,43,0,,0,19,,6
1404138,Ifeanyi Eze,ifeanyi-eze,375029,Al Hilal Benghazi SC,6.57,19.7,3,0,0,0,0,,0,11,3,14,78.57,2,9,7,1,1,20.0,1,0,0,0,0,0,0.0,2,0,2,4,40.0,1,33.33,5,38.46,52,0.0,0,0,0,0,0,0,0,0,1,1,0,0,0,0,0.0,0,0,0,1,9,0,0,0,32,2,1,0,0,0,2,0,0,0,,,,0,0,0,0,0,2,0,0,0,0,0,0,0,0,0,1,5,1,8,2,0,0,0,0,2,0,0.0,0.0,0,0,0,2,13,0,,0,2,,3
1114710,Ayoub Ammar,ayoub-ammar,375021,Abu Salim SC,6.56,32.8,5,0,0,0,0,,0,22,13,35,62.86,10,13,5,1,0,0.0,0,3,1,0,0,1,100.0,2,0,1,0,0.0,3,33.33,3,25.0,149,0.0,0,0,0,0,0,0,0,0,1,1,0,0,0,2,50.0,3,0,0,0,19,1,3,2,62,1,2,0,0,2,3,1,0,0,,,,0,0,0,0,0,1,0,0,0,0,0,0,2,0,0,1,0,1,9,6,0,0,0,4,1,0,0.0,0.0,0,0,0,13,23,0,,0,9,,5
1002359,Arnold Eba,arnold-eba,265830,Modern Sport FC,6.55,13.1,2,0,0,0,0,,0,9,1,10,90.0,3,6,4,0,1,100.0,0,1,0,0,0,0,0.0,0,0,0,2,50.0,0,0.0,2,50.0,25,0.0,0,0,0,0,0,0,0,0,0,0,0,0,0,0,0.0,0,0,0,2,4,0,0,0,17,1,0,0,0,0,0,0,0,0,,,,0,0,0,0,0,0,0,0,0,0,0,0,0,0,0,0,1,1,2,0,0,0,0,0,0,0,0.0,0.0,0,0,0,4,7,0,,0,0,,2
1177141,Keegan Allan,keegan-allan,7671,Supersport United,6.55,13.1,2,0,0,0,0,,0,66,22,88,75.0,48,19,7,1,1,100.0,4,4,0,0,0,1,100.0,0,0,0,5,71.43,8,53.33,13,59.09,180,0.0,0,0,0,0,0,0,0,0,0,0,0,0,0,8,47.06,9,2,0,0,28,0,12,4,128,0,1,0,0,1,0,0,0,0,,,,0,0,0,0,0,2,1,0,0,0,0,0,2,0,0,1,1,1,9,7,0,0,0,17,3,4,100.0,0.0,0,0,0,54,35,0,,0,9,,2
1008198,Moataz Al Mahdi,moataz-al-mahdi,375021,Abu Salim SC,6.55,13.1,2,0,0,0,0,,0,14,3,17,82.35,5,9,6,2,0,0.0,0,0,0,0,0,0,0.0,3,0,1,0,0.0,1,20.0,1,11.11,98,0.0,0,0,0,0,0,0,0,0,2,1,0,0,0,0,0.0,0,0,0,1,9,0,0,0,31,0,1,0,0,1,1,2,0,0,,,,0,0,0,0,0,3,0,0,0,0,0,0,1,0,0,2,1,1,8,4,0,0,0,0,3,0,0.0,0.0,0,0,0,5,13,0,,0,1,,2
1457209,Mohammed Abubakar,mohammed-abubakar,213969,Dreams,6.55,13.1,2,0,0,0,0,,0,36,16,52,69.23,22,14,4,0,0,0.0,0,1,0,0,0,0,0.0,0,0,0,1,25.0,3,60.0,4,44.44,74,0.0,0,0,0,0,0,0,0,0,0,0,0,0,0,1,11.11,3,0,0,0,21,0,5,2,69,1,1,0,0,2,0,0,0,0,,,,0,0,0,0,0,1,1,0,0,0,0,0,1,0,0,0,0,0,5,2,0,0,0,9,2,0,0.0,0.0,0,0,0,30,22,0,,0,4,,2
894649,Collins Makgaka,collins-makgaka,371341,Sekhukhune United,6.55,13.1,2,0,0,0,0,,0,6,3,9,66.67,2,4,1,0,2,66.67,0,0,0,0,0,0,0.0,0,0,0,3,75.0,0,0.0,3,42.86,22,0.0,0,0,0,0,0,0,0,0,0,0,0,0,0,0,0.0,0,0,0,0,6,0,0,0,15,1,0,0,0,0,0,0,0,0,,,,0,0,0,0,0,0,0,0,0,0,0,0,0,0,0,0,3,1,4,3,0,0,0,0,0,0,0.0,0.0,0,0,0,3,7,0,,0,1,,2
1612500,Momo Koumbassa,momo-koumbassa,405280,Académie SOAR,6.55,13.1,2,0,0,0,0,,0,16,8,24,66.67,14,2,1,0,0,0.0,0,0,0,0,0,0,0.0,0,0,0,0,0.0,1,100.0,1,100.0,111,0.0,0,0,0,0,0,0,0,0,0,0,0,0,0,7,46.67,1,1,0,0,10,0,1,1,43,0,0,0,0,0,0,0,0,3,,,,0,0,0,1,2,1,1,0,0,0,1,0,1,0,0,0,0,0,0,0,0,0,0,15,2,0,0.0,0.0,0,0,1,16,8,0,,6,19,,2
1114682,Ezzeddine Al Mariami,ezzeddine-al-mariami,375029,Al Hilal Benghazi SC,6.55,26.2,4,0,0,0,0,,0,23,19,42,54.76,8,15,4,2,1,100.0,0,1,1,0,0,0,0.0,2,0,0,4,28.57,12,52.17,16,43.24,158,0.0,0,0,0,0,0,0,0,0,1,1,0,0,0,1,50.0,0,0,0,3,33,0,1,1,67,3,6,0,0,1,2,2,0,0,,,,0,0,0,0,0,5,0,0,0,0,0,0,1,0,0,2,1,0,21,11,0,0,0,2,5,0,0.0,0.0,0,0,0,10,32,0,,0,3,,4
1802161,Souleymane Drame,souleymane-drame,69326,Stade Malien,6.55,26.2,4,0,0,1,0,,0,16,5,21,76.19,8,11,4,1,1,100.0,1,0,0,0,0,3,27.27,5,1,1,3,50.0,1,20.0,4,36.36,74,0.0,0,0,0,0,0,0,0,0,3,2,0,0,0,1,33.33,0,0,0,0,20,0,2,1,48,1,1,0,0,2,1,3,0,0,,,,0,0,0,0,0,1,1,0,0,0,0,0,0,0,0,1,1,11,7,4,0,0,0,3,2,0,0.0,0.0,0,0,0,10,22,0,,0,2,,4
975846,Taher Benkhelifa,taher-benkhelifa,42206,USM Alger,6.55,26.2,4,0,0,0,0,,0,18,7,25,72.0,7,11,7,0,0,0.0,3,1,1,0,0,0,0.0,0,0,0,3,60.0,0,0.0,3,33.33,61,0.0,0,0,0,0,0,0,0,0,0,0,0,0,0,0,0.0,1,0,0,0,8,0,0,0,35,0,1,0,0,1,0,0,0,0,,,,0,0,0,0,0,0,0,0,0,0,0,0,0,0,0,0,0,1,6,4,0,0,0,3,0,1,33.33,0.0,0,0,0,9,17,0,,0,4,,4
1612718,Ibrahim Traore,ibrahim-traore,69326,Stade Malien,6.55,26.2,4,0,0,0,0,,0,4,2,6,66.67,0,4,3,0,0,0.0,0,0,0,0,0,0,0.0,1,0,1,0,0.0,2,66.67,2,66.67,49,0.0,0,0,0,0,0,0,0,0,1,0,0,0,0,0,0.0,1,0,0,0,5,0,0,0,12,0,1,0,0,0,0,0,0,0,,,,0,0,0,0,0,0,0,0,0,0,0,0,0,0,0,0,0,1,1,1,0,0,0,0,0,0,0.0,0.0,0,0,0,0,7,0,,0,0,,4
981667,Johnson Owusu,johnson-owusu,213969,Dreams,6.53,19.6,3,0,0,0,0,,0,24,3,27,88.89,9,15,8,1,3,50.0,1,1,0,0,0,0,0.0,0,0,0,6,37.5,0,0.0,6,31.58,111,0.0,0,0,0,0,0,0,0,0,0,0,0,0,0,2,66.67,0,0,0,4,16,1,4,3,51,2,3,0,0,0,0,0,0,0,,,,0,0,0,0,0,0,1,0,0,0,0,0,2,0,0,1,6,1,13,3,0,0,0,3,1,1,100.0,0.0,0,0,0,9,19,0,,0,5,,3
1014217,Albert Archi Fataki,albert-archi-fataki,134292,Diables Noirs,6.53,19.6,3,0,0,2,0,,0,9,3,12,75.0,1,8,6,1,1,100.0,0,0,0,0,0,0,0.0,2,1,1,1,20.0,2,25.0,3,23.08,104,0.0,0,0,0,0,0,0,0,0,2,0,0,0,0,1,100.0,1,0,0,2,8,0,1,1,23,0,1,0,0,1,4,0,0,0,,,,0,0,0,0,0,1,0,0,0,0,0,0,1,0,0,1,1,1,10,6,0,0,0,1,1,0,0.0,0.0,0,0,0,1,12,0,,0,1,,3
1612641,Joel,joel,195748,Académica Petróleos do Lobito,6.53,19.6,3,0,0,0,0,,0,51,21,72,70.83,43,8,1,0,0,0.0,5,1,0,0,0,0,0.0,2,1,1,6,85.71,4,36.36,10,55.56,225,0.0,0,0,0,0,0,0,0,0,2,0,0,0,0,2,11.11,15,0,0,0,22,0,12,2,106,1,1,0,0,1,0,0,0,0,,,,0,0,0,0,0,5,2,0,0,0,0,0,3,0,0,0,0,0,8,7,0,0,0,18,7,4,80.0,0.0,0,0,0,46,26,0,,0,6,,3
1457203,Dede Ishmael,dede-ishmael,213969,Dreams,6.53,45.7,7,0,0,0,0,,0,36,22,58,62.07,12,28,15,3,3,27.27,2,1,0,0,0,4,23.53,5,1,2,10,31.25,1,25.0,11,30.56,229,0.0,0,0,0,0,1,0,0,0,4,1,0,0,0,2,25.0,4,0,0,8,61,1,8,1,133,5,2,0,0,4,0,2,0,0,,,,0,0,0,0,0,2,0,0,0,0,0,0,1,0,0,3,11,17,25,3,0,0,0,8,2,2,100.0,0.0,0,0,0,16,59,0,,0,11,,7
1119550,Djibril Sylla,djibril-sylla,405280,Académie SOAR,6.53,26.1,4,0,0,0,0,,0,127,28,155,81.94,53,74,25,1,4,80.0,6,1,2,0,0,0,0.0,2,0,1,13,48.15,5,45.45,18,47.37,291,0.0,0,0,0,0,0,0,0,0,0,2,0,0,0,7,35.0,1,0,0,2,37,1,9,4,192,4,10,0,0,1,0,1,0,0,,,,0,0,0,0,0,5,1,0,0,0,0,0,3,0,0,1,5,0,20,6,0,0,0,20,6,3,50.0,0.0,0,0,0,58,97,0,,0,13,,4
1520764,Keenan Bezuidenhout,bezuidenhout-keenan,7671,Supersport United,6.53,26.1,4,0,0,2,0,,0,57,11,68,83.82,26,31,16,1,0,0.0,2,2,0,0,0,0,0.0,9,3,5,7,33.33,1,14.29,8,28.57,209,0.0,0,0,0,0,0,0,0,0,5,4,0,0,0,3,50.0,1,0,0,3,29,1,4,2,112,5,5,0,0,3,3,1,0,0,,,,0,0,0,0,0,2,1,0,0,0,0,0,2,0,0,1,3,3,20,6,0,0,0,6,3,1,50.0,0.0,0,0,0,26,45,0,,0,5,,4
1612643,Manucho,manucho,195748,Académica Petróleos do Lobito,6.53,26.1,4,0,0,1,0,,0,31,11,42,73.81,16,16,8,3,0,0.0,9,1,0,0,0,1,33.33,2,0,1,14,66.67,0,0.0,14,56.0,198,0.0,0,0,0,0,0,0,0,0,2,0,0,0,0,2,40.0,2,0,0,2,22,2,3,2,83,5,4,0,0,1,1,1,0,0,,,,0,0,0,0,0,5,4,0,0,0,0,0,2,0,0,3,0,3,11,4,0,0,0,5,9,6,66.67,0.0,0,0,0,18,27,0,,0,12,,4
1111829,Bashir Al Karrami,bashir-al-karrami,375029,Al Hilal Benghazi SC,6.52,39.1,6,0,0,0,0,,0,78,48,126,61.9,42,37,17,0,1,33.33,5,8,0,0,0,1,14.29,0,0,0,12,52.17,3,50.0,15,51.72,531,0.0,0,0,0,0,0,0,0,0,0,0,0,0,0,10,38.46,14,0,0,1,88,3,13,2,242,6,6,0,0,3,0,0,0,0,,,,0,0,0,0,0,10,2,0,0,0,0,0,6,0,0,0,3,7,14,3,0,0,0,26,12,5,100.0,0.0,0,0,0,55,78,0,,0,20,,6
966851,Yaser Hamed,yaser-hamed,42368,Zamalek SC,6.5,6.5,1,0,0,0,0,,0,7,2,9,77.78,6,1,0,0,0,0.0,0,0,0,0,0,0,0.0,0,0,0,1,100.0,2,50.0,3,60.0,27,0.0,0,0,0,0,0,0,0,0,0,0,0,0,0,0,0.0,2,0,0,0,2,0,0,0,13,1,0,0,0,0,0,0,0,0,,,,0,0,0,0,0,1,0,0,0,0,0,0,0,0,0,0,0,0,2,2,0,0,0,1,1,0,0.0,0.0,0,0,0,7,2,0,,0,1,,1
159685,Cheick Abdoul Cadri Sy,cheick-abdoul-cadri-sy,69326,Stade Malien,6.5,6.5,1,0,0,0,0,,0,25,6,31,80.65,24,1,0,0,0,0.0,0,0,0,0,0,0,0.0,0,0,0,0,0.0,0,0.0,0,0.0,90,0.0,0,0,0,0,0,0,0,0,0,0,0,0,0,5,50.0,0,0,0,0,7,0,0,0,42,0,0,0,0,0,0,0,0,2,,,,0,0,0,2,0,2,1,0,0,0,1,0,1,0,0,0,0,0,0,0,0,0,0,10,3,0,0.0,0.0,0,0,0,27,4,0,,15,7,,1
1152063,Samukelo Xulu,samukelo-xulu,7671,Supersport United,6.5,6.5,1,0,0,0,0,,0,8,12,20,40.0,8,0,0,0,0,0.0,0,0,0,0,0,0,0.0,0,0,0,1,100.0,0,0.0,1,100.0,90,0.0,0,0,0,0,0,0,0,0,0,0,0,0,0,0,0.0,3,0,0,0,12,0,6,0,36,1,0,0,0,0,0,0,0,4,,,,0,0,0,2,1,1,1,0,4,4,1,0,1,0,0,0,0,0,0,0,0,0,0,12,2,0,0.0,0.0,0,0,0,12,8,0,,7,9,,1
1612707,Abdou Salam Dembélé,abdou-salam-dembele,69326,Stade Malien,6.5,6.5,1,0,0,0,0,,0,0,1,1,0.0,0,0,0,0,0,0.0,0,0,0,0,0,0,0.0,0,0,0,0,0.0,1,33.33,1,33.33,9,0.0,0,0,0,0,0,0,0,0,0,0,0,0,0,0,0.0,0,0,0,0,1,0,0,0,1,0,0,0,0,0,0,0,0,0,,,,0,0,0,0,0,0,0,0,0,0,0,0,0,0,0,0,0,0,2,2,0,0,0,0,0,0,0.0,0.0,0,0,0,0,1,0,,0,0,,1
885818,Ahmed Yehia,yehia-ahmed,265830,Modern Sport FC,6.5,6.5,1,0,0,0,0,,0,2,0,2,100.0,1,1,0,0,0,0.0,0,0,0,0,0,0,0.0,0,0,0,0,0.0,0,0.0,0,0.0,9,0.0,0,0,0,0,0,0,0,0,0,0,0,0,0,1,100.0,0,0,0,0,1,0,0,0,3,0,0,0,0,0,0,0,0,0,,,,0,0,0,0,0,0,0,0,0,0,0,0,0,0,0,0,0,0,0,0,0,0,0,1,0,0,0.0,0.0,0,0,0,1,1,0,,0,0,,1
1799910,Omar Abdelmawgoud,omar-el-fishawy,265830,Modern Sport FC,6.5,6.5,1,0,0,0,0,,0,0,0,0,0.0,0,0,0,0,0,0.0,0,0,0,0,0,0,0.0,0,0,0,1,50.0,0,0.0,1,50.0,9,0.0,0,0,0,0,0,0,0,0,0,0,0,0,0,0,0.0,0,0,0,0,0,0,0,0,2,1,1,0,0,0,0,0,0,0,,,,0,0,0,0,0,0,0,0,0,0,0,0,0,0,0,0,0,0,1,0,0,0,0,0,0,0,0.0,0.0,0,0,0,0,0,0,,0,0,,1
918556,Tarek Taha,tarek-taha,265830,Modern Sport FC,6.5,6.5,1,0,0,0,0,,0,0,2,2,0.0,0,0,0,0,0,0.0,0,0,1,0,0,0,0.0,0,0,0,0,0.0,0,0.0,0,0.0,15,0.0,0,0,0,0,0,0,0,0,0,0,0,0,0,0,0.0,0,0,0,0,5,0,0,0,7,0,0,0,0,0,0,0,0,0,,,,0,0,0,0,0,0,0,0,0,0,0,0,0,0,0,0,0,0,0,0,0,0,0,1,0,0,0.0,0.0,0,0,0,1,1,0,,0,0,,1
1102986,Alseny Soumah,alseny-soumah,405280,Académie SOAR,6.5,6.5,1,0,0,0,0,,0,6,0,6,100.0,5,1,1,0,0,0.0,0,0,0,0,0,0,0.0,0,0,0,0,0.0,0,0.0,0,0.0,24,0.0,0,0,0,0,0,0,0,0,0,0,0,0,0,1,100.0,0,0,0,0,0,0,1,1,6,0,0,0,0,1,0,0,0,0,,,,0,0,0,0,0,0,0,0,0,0,0,0,1,0,0,0,0,0,1,0,0,0,0,1,0,0,0.0,0.0,0,0,0,5,1,0,,0,0,,1
1385880,Zeyad Al Azmerli,zeyad-al-azmerli,375021,Abu Salim SC,6.5,6.5,1,0,0,0,0,,0,10,0,10,100.0,8,2,0,0,0,0.0,0,0,0,0,0,0,0.0,0,0,0,0,0.0,0,0.0,0,0.0,21,0.0,0,0,0,0,0,0,0,0,0,0,0,0,0,2,100.0,0,0,0,0,1,0,0,0,13,0,0,0,0,0,0,0,0,0,,,,0,0,0,0,0,0,0,0,0,0,0,0,0,0,0,0,1,0,1,0,0,0,0,2,0,0,0.0,0.0,0,0,0,8,2,0,,0,2,,1
1612473,Abdoul Diallo,abdoul-diallo,405280,Académie SOAR,6.5,6.5,1,0,0,0,0,,0,3,2,5,60.0,0,3,1,0,0,0.0,0,0,0,0,0,0,0.0,0,0,0,1,50.0,0,0.0,1,50.0,13,0.0,0,0,0,0,0,0,0,0,0,0,0,0,0,0,0.0,0,0,0,1,3,0,0,0,9,1,0,0,0,0,0,0,0,0,,,,0,0,0,0,0,0,0,0,0,0,0,0,0,0,0,0,0,0,1,0,0,0,0,0,0,0,0.0,0.0,0,0,0,0,5,0,,0,2,,1
1612492,Anas Al Shertaa,anas-ali,375021,Abu Salim SC,6.5,6.5,1,0,0,0,0,,0,5,4,9,55.56,1,4,0,0,0,0.0,2,0,0,0,0,0,0.0,0,0,0,3,60.0,0,0.0,3,50.0,45,0.0,0,0,0,0,0,0,0,0,0,0,0,0,0,1,100.0,0,0,0,0,5,0,1,0,14,1,0,0,0,2,0,0,0,0,,,,0,0,0,0,0,1,0,0,0,0,0,0,1,0,0,0,0,0,3,1,0,0,0,1,1,1,50.0,0.0,0,0,0,1,8,0,,0,1,,1
1807585,Cameron Carnell,cameron-carnell,371341,Sekhukhune United,6.5,6.5,1,0,0,0,0,,0,4,2,6,66.67,1,3,3,0,1,100.0,1,0,0,0,0,0,0.0,0,0,0,2,50.0,1,100.0,3,60.0,18,0.0,0,0,0,0,0,0,0,0,0,0,0,0,0,0,0.0,0,0,0,2,7,0,1,0,13,0,0,0,0,0,1,0,0,0,,,,0,0,0,0,0,0,0,0,0,0,0,0,0,0,0,0,1,2,2,0,0,0,0,2,0,1,100.0,0.0,0,0,0,1,7,0,,0,1,,1
277359,Siyanda Xulu,siyanda-xulu,7671,Supersport United,6.5,13.0,2,0,0,0,0,,0,35,6,41,85.37,26,9,4,0,0,0.0,0,1,0,0,0,0,0.0,0,0,0,0,0.0,0,0.0,0,0.0,101,0.0,0,0,0,0,0,0,0,0,0,0,0,0,0,4,66.67,1,0,0,0,7,0,1,1,45,0,1,0,0,1,0,0,0,0,,,,0,0,0,0,0,0,1,0,0,0,0,0,2,0,0,0,0,0,3,1,0,0,0,6,1,0,0.0,0.0,0,0,0,28,13,0,,0,7,,2
1610548,Robert Christian Mizo,robert-christian-mizo,375029,Al Hilal Benghazi SC,6.5,13.0,2,0,0,0,0,,0,18,4,22,81.82,7,11,6,0,0,0.0,1,3,0,0,0,0,0.0,0,0,0,3,27.27,6,50.0,9,39.13,126,0.0,0,0,0,0,0,0,0,0,0,0,0,0,0,0,0.0,2,0,0,5,16,2,0,0,45,2,2,0,0,0,0,0,0,0,,,,0,0,0,0,0,3,1,0,0,0,0,0,2,0,0,0,1,1,14,6,0,0,0,0,4,0,0.0,0.0,0,0,0,7,16,0,,0,3,,2
96486,Kamohelo Mokotjo,kamohelo-mokotjo,371341,Sekhukhune United,6.5,19.5,3,0,0,0,0,,0,97,37,134,72.39,63,34,12,0,2,100.0,1,3,0,0,0,0,0.0,1,0,0,5,38.46,0,0.0,5,29.41,246,0.0,0,0,0,0,0,0,0,0,0,1,0,0,0,7,26.92,1,0,0,0,38,0,25,6,151,2,2,0,0,6,0,1,0,0,,,,0,0,0,0,0,3,0,0,0,0,0,0,3,0,0,0,2,0,12,4,0,0,0,26,3,0,0.0,0.0,0,0,0,74,60,0,,0,25,,3
1469680,Teji Lutonadio,teji-lutonadio,134292,Diables Noirs,6.5,26.0,4,0,0,0,0,,0,73,21,94,77.66,28,45,14,1,2,100.0,7,0,0,0,0,0,0.0,0,0,0,11,39.29,3,33.33,14,37.84,217,0.0,0,0,0,0,0,0,0,0,0,0,0,0,0,6,60.0,1,0,0,2,26,1,4,2,116,3,12,0,0,4,0,0,0,0,,,,1,0,0,0,0,5,0,0,0,0,0,0,3,0,0,1,2,1,23,6,0,0,0,10,5,4,57.14,0.0,0,0,0,30,65,0,,0,14,,4
898132,Ahmed Shalabi,ahmed-shalabi,375029,Al Hilal Benghazi SC,6.5,19.5,3,0,0,0,0,,0,68,36,104,65.38,44,24,4,1,0,0.0,3,5,0,0,0,0,0.0,0,0,0,4,40.0,7,41.18,11,40.74,271,0.0,0,0,0,0,0,0,0,0,0,0,0,0,0,11,35.48,9,0,0,1,45,0,26,9,147,1,5,0,0,1,0,0,0,0,,,,0,0,0,0,0,5,1,0,0,0,0,0,3,0,0,1,0,1,16,10,0,0,0,31,6,2,66.67,0.0,0,0,0,59,46,0,,0,10,,4
1541799,Omar Embarek,omar-embarek,42206,USM Alger,6.5,26.0,4,0,0,0,0,,0,36,12,48,75.0,11,25,15,1,1,33.33,2,0,0,0,0,0,0.0,1,0,1,9,50.0,1,20.0,10,43.48,159,0.0,0,0,0,0,0,0,0,0,0,1,0,0,0,3,42.86,1,0,0,2,23,0,5,3,75,6,2,0,0,3,1,0,0,0,,,,0,0,0,0,0,0,1,0,0,0,0,0,2,0,0,1,3,0,13,4,0,0,0,7,1,1,50.0,0.0,0,0,0,15,33,0,,0,7,,4
1579680,Eliseu Bicho,eliseu-bicho,195748,Académica Petróleos do Lobito,6.5,26.0,4,0,0,0,0,,0,78,30,108,72.22,46,32,12,1,1,50.0,8,5,1,0,0,0,0.0,4,1,1,11,44.0,8,53.33,19,47.5,269,0.0,0,0,0,0,1,0,0,0,0,4,0,0,0,2,12.5,3,0,0,4,44,2,6,2,161,2,7,0,0,2,0,2,0,0,,,,0,0,0,0,0,8,3,0,0,0,0,0,2,0,0,1,2,0,21,7,0,0,0,16,11,8,100.0,0.0,0,0,0,57,51,0,,0,26,,4
1612484,Kemo Conde,kemo-conde,405280,Académie SOAR,6.5,26.0,4,0,0,0,0,,0,88,2,90,97.78,44,44,18,3,0,0.0,2,2,0,0,0,0,0.0,0,0,0,4,23.53,0,0.0,4,21.05,167,0.0,0,0,0,0,0,0,0,0,0,0,0,0,0,4,100.0,0,0,0,2,7,0,2,2,105,2,8,0,0,2,0,0,0,0,,,,0,0,0,0,0,4,1,0,0,0,0,0,2,0,0,3,1,0,15,2,0,0,0,4,5,2,100.0,0.0,0,0,0,44,46,0,,0,8,,4
1107432,Mohammed Al Okshy,mohammed-al-okshy,375029,Al Hilal Benghazi SC,6.5,26.0,4,0,0,0,0,,0,78,25,103,75.73,48,30,8,3,0,0.0,5,3,0,0,0,0,0.0,2,0,1,11,50.0,3,60.0,14,51.85,174,0.0,0,0,0,0,0,0,0,0,1,1,0,0,0,4,40.0,1,0,0,0,31,1,8,2,131,6,6,0,0,5,0,1,0,0,,,,0,0,0,0,0,6,0,0,0,0,0,0,1,0,0,3,0,1,13,2,0,0,0,10,6,1,20.0,0.0,0,0,0,54,50,0,,0,16,,5
1116751,Abdulraouf Al Shebli,abdulraouf-al-shebli,375021,Abu Salim SC,6.5,32.5,5,0,0,0,0,,0,14,12,26,53.85,3,11,7,0,0,0.0,0,0,0,0,0,0,0.0,0,0,0,5,62.5,6,31.58,11,40.74,143,0.0,0,0,0,0,0,0,0,0,0,0,0,0,0,0,0.0,1,0,0,1,21,0,1,0,44,5,1,0,0,1,1,0,0,0,,,,0,0,0,0,0,2,0,0,0,0,0,0,1,0,0,0,1,1,16,13,0,0,0,0,2,0,0.0,0.0,0,0,0,4,23,0,,0,4,,5
1111903,Marwan Al Suwaee,marwan-al-suwaee,375021,Abu Salim SC,6.48,32.4,5,0,0,2,0,,0,41,19,60,68.33,24,17,12,0,0,0.0,7,2,2,0,0,0,0.0,4,1,3,9,47.37,3,50.0,12,48.0,234,0.0,0,0,0,0,0,0,0,0,3,1,0,0,0,11,61.11,2,0,0,1,27,0,14,8,97,2,6,0,0,2,0,0,0,0,,,,0,0,0,0,0,5,0,0,0,0,0,0,2,0,0,0,1,0,13,3,0,0,0,18,5,3,42.86,0.0,0,0,0,26,34,0,,0,11,,6
1116721,Mohammed Al Fezzani,mohammed-al-fezzani,375021,Abu Salim SC,6.48,32.4,5,0,0,0,0,,0,38,18,56,67.86,23,16,6,3,0,0.0,6,0,0,0,0,1,50.0,0,0,0,8,47.06,2,66.67,10,50.0,209,0.0,0,0,0,0,0,0,0,0,0,0,0,0,0,3,37.5,2,0,0,1,23,0,7,4,75,2,5,0,0,3,1,0,0,0,,,,0,0,0,0,0,7,0,0,0,0,0,0,3,0,0,3,0,2,10,1,0,0,0,8,7,3,50.0,0.0,0,0,0,30,28,0,,0,8,,6
1536754,Albert Korvah,albert-korvah,215270,Rivers United,6.47,19.4,3,0,1,1,1,,1,20,4,24,83.33,6,15,5,2,2,33.33,1,1,1,0,0,1,16.67,3,2,0,6,33.33,0,0.0,6,31.58,85,0.0,0,0,0,0,0,0,0,0,3,0,0,0,0,0,0.0,0,0,0,3,24,1,0,0,56,3,5,0,0,0,0,1,0,0,,,,0,0,0,0,0,1,0,0,0,0,0,0,0,0,0,2,6,6,13,1,0,0,0,0,1,1,100.0,0.0,0,0,0,7,23,0,,0,6,,3
1525293,Amine El Maswab,amine-el-maswab,80395,RS Berkane,6.45,12.9,2,0,0,0,0,,0,51,24,75,68.0,22,30,12,1,0,0.0,0,0,0,0,0,1,50.0,3,0,1,0,0.0,8,80.0,8,61.54,116,0.0,0,0,0,0,0,0,0,0,2,1,0,0,0,6,37.5,4,0,0,3,30,0,17,7,101,0,0,0,0,0,0,2,0,0,,,,0,0,0,0,0,2,0,0,0,0,0,0,1,0,0,1,0,2,5,2,0,0,0,16,2,0,0.0,0.0,0,0,0,29,48,0,,0,5,,2
1518516,Kgomotso Mosadi,kgomotso-mosadi,371341,Sekhukhune United,6.45,12.9,2,0,0,0,0,,0,14,11,25,56.0,4,11,4,1,1,33.33,3,0,0,0,0,1,50.0,2,0,2,5,41.67,3,30.0,8,36.36,103,0.0,0,0,0,0,0,0,0,0,0,2,0,0,0,2,33.33,0,0,0,2,16,0,2,0,46,1,1,0,0,2,0,0,0,0,,,,0,0,0,0,0,0,0,0,0,0,0,0,1,0,0,1,3,2,14,7,0,0,0,6,0,2,66.67,0.0,0,0,0,11,16,0,,0,3,,2
1457234,Kelvin Andoh,kelvin-andoh,375029,Al Hilal Benghazi SC,6.45,12.9,2,0,0,0,0,,0,17,4,21,80.95,9,8,5,0,1,50.0,0,0,0,0,0,0,0.0,2,0,1,1,16.67,4,57.14,5,38.46,66,0.0,0,0,0,0,0,0,0,0,1,1,0,0,0,0,0.0,0,0,0,1,7,2,0,0,29,0,2,0,0,1,0,1,0,0,,,,0,0,0,0,0,1,0,0,0,0,0,0,1,0,0,0,2,0,8,3,0,0,0,0,1,0,0.0,0.0,0,0,0,9,12,0,,0,3,,2
1612488,Ouste Bangoura,ouste-bangoura,405280,Académie SOAR,6.45,12.9,2,0,0,0,0,,0,62,15,77,80.52,41,21,5,0,0,0.0,0,5,1,0,0,0,0.0,0,0,0,1,12.5,1,33.33,2,18.18,150,0.0,0,0,0,0,0,0,0,0,0,0,0,0,0,10,55.56,1,0,0,0,16,0,4,3,92,1,5,0,0,2,0,0,0,0,,,,0,0,0,0,0,3,0,0,0,0,0,0,2,0,0,0,0,0,9,2,0,0,0,18,3,0,0.0,0.0,0,0,0,47,30,0,,0,6,,2
1114680,Musaddaq Al Amami,musaddaq-al-amami,375021,Abu Salim SC,6.45,12.9,2,0,0,0,0,,0,18,12,30,60.0,12,6,3,0,0,0.0,5,2,0,0,0,0,0.0,1,0,1,6,54.55,1,50.0,7,53.85,160,0.0,0,0,0,0,0,0,0,0,0,1,0,0,0,2,18.18,7,0,0,0,13,1,2,1,53,1,4,0,0,0,0,0,0,0,,,,1,0,0,0,0,3,0,0,0,0,0,0,2,0,0,0,1,0,6,1,0,0,0,11,3,5,100.0,0.0,0,0,0,17,13,0,,0,8,,3
971036,Djibril Ouattara,djibril-ouattara,80395,RS Berkane,6.45,25.8,4,0,0,1,0,,0,20,4,24,83.33,4,16,12,1,0,0.0,0,0,0,0,0,0,0.0,3,0,2,4,40.0,2,11.11,6,21.43,165,0.0,0,0,0,0,0,0,0,0,3,0,0,0,0,0,0.0,0,0,0,1,14,1,0,0,47,4,1,0,0,2,1,1,0,0,,,,0,0,0,0,0,1,0,0,0,0,0,0,2,0,0,1,2,0,22,16,0,0,0,0,1,0,0.0,0.0,0,0,0,5,19,0,,0,3,,4
918594,Ahmed Abdelaziz Mody,ahmed-abdelaziz-mody,375029,Al Hilal Benghazi SC,6.45,25.8,4,0,0,0,0,,0,79,40,119,66.39,57,22,9,0,3,100.0,1,8,0,0,1,0,0.0,0,0,0,8,72.73,6,54.55,14,63.64,322,0.0,0,0,0,0,0,0,0,0,0,0,0,0,0,17,40.48,14,0,0,0,42,0,25,12,156,4,3,0,0,0,0,0,0,0,,,,0,0,0,0,0,5,1,0,0,0,0,0,4,0,0,0,3,0,8,5,0,0,0,42,6,1,100.0,0.0,1,0,0,74,45,0,,0,20,,4
1612655,Nuno,nuno,195748,Académica Petróleos do Lobito,6.43,19.3,3,0,0,0,0,,0,49,52,101,48.51,33,16,9,0,0,0.0,0,0,0,0,0,0,0.0,0,0,0,2,100.0,6,100.0,8,100.0,270,0.0,0,0,0,0,0,0,0,0,0,0,0,0,0,20,28.99,7,0,0,0,52,0,18,7,132,3,0,0,0,0,0,0,0,8,,,,0,0,0,5,3,6,2,5,0,0,1,0,3,0,0,0,0,0,0,0,0,0,0,69,8,0,0.0,0.0,0,0,1,43,58,0,,46,29,,3
1612636,Geovane,geovane,195748,Académica Petróleos do Lobito,6.43,19.3,3,0,0,0,0,,0,22,9,31,70.97,12,12,4,2,5,71.43,3,0,1,0,0,2,28.57,2,1,0,12,50.0,0,0.0,12,41.38,135,0.0,0,0,0,0,0,0,0,0,0,2,0,0,0,0,0.0,1,0,0,4,31,0,5,0,82,4,5,0,0,1,0,1,0,0,,,,0,0,0,0,0,4,0,0,0,0,0,0,2,0,0,2,7,7,17,5,0,0,0,3,4,2,66.67,0.0,0,0,0,15,23,0,,0,10,,3
1127533,Mohammed  Al Boraasi,mohammed-al-boraasi,375029,Al Hilal Benghazi SC,6.4,6.4,1,0,0,0,0,,0,2,1,3,66.67,2,0,0,0,0,0.0,0,0,1,0,0,0,0.0,1,0,1,0,0.0,0,0.0,0,0.0,29,0.0,0,0,0,0,1,0,0,0,0,1,0,0,0,0,0.0,3,0,0,0,1,0,1,0,8,0,0,0,0,0,0,0,0,0,,,,0,0,0,0,0,1,0,0,0,0,0,0,0,0,0,0,0,0,1,1,0,0,0,0,1,0,0.0,0.0,0,0,0,2,1,0,,0,0,,1
1007580,Juba Chirani,juba-chirani,42206,USM Alger,6.4,6.4,1,0,0,0,0,,0,1,0,1,100.0,1,0,0,0,0,0.0,0,0,0,0,0,0,0.0,0,0,0,0,0.0,0,0.0,0,0.0,11,0.0,0,0,0,0,0,0,0,0,0,0,0,0,0,0,0.0,0,0,0,0,0,0,0,0,1,0,1,0,0,0,0,0,0,0,,,,0,0,0,0,0,0,0,0,0,0,0,0,0,0,0,0,0,0,2,1,0,0,0,0,0,0,0.0,0.0,0,0,0,1,0,0,,0,0,,1
1610421,Suleiman Abba,suleiman-abba,215270,Rivers United,6.4,6.4,1,0,0,0,0,,0,5,1,6,83.33,3,2,1,0,0,0.0,2,0,1,0,0,0,0.0,0,0,0,2,40.0,0,0.0,2,33.33,24,0.0,0,0,0,0,0,0,0,0,0,0,0,0,0,0,0.0,1,0,0,0,5,0,0,0,14,0,2,0,0,0,0,0,0,0,,,,0,0,0,0,0,0,0,0,0,0,0,0,0,0,0,0,2,1,4,1,0,0,0,0,0,0,0.0,0.0,0,0,0,3,4,0,,0,1,,1
1401278,Houssem Eddine Souissi,houssem-eddine-souissi,39618,Club Africain,6.4,6.4,1,0,0,0,0,,0,21,5,26,80.77,16,5,2,0,1,100.0,3,0,0,0,0,0,0.0,0,0,0,4,66.67,0,0.0,4,40.0,75,0.0,0,0,0,0,0,0,0,0,0,0,0,0,0,1,50.0,0,0,0,0,7,0,0,0,33,0,1,0,0,1,0,0,0,0,,,,0,0,0,0,0,1,0,0,0,0,0,0,1,0,0,0,1,0,6,4,0,0,0,2,1,0,0.0,0.0,0,0,0,17,9,0,,0,5,,2
1217909,Bello Babatunde Martins,bello-babatunde-martins,265830,Modern Sport FC,6.4,12.8,2,0,0,0,0,,0,34,16,50,68.0,13,21,7,1,0,0.0,3,0,0,0,0,0,0.0,0,0,0,6,35.29,1,14.29,7,29.17,153,0.0,0,0,0,0,0,0,0,0,0,0,0,0,0,0,0.0,1,0,0,3,21,1,3,3,69,3,5,0,0,2,0,0,0,0,,,,1,0,0,0,0,0,0,0,0,0,0,0,2,0,0,1,2,0,17,6,0,0,0,5,0,1,33.33,0.0,0,0,0,16,34,0,,0,9,,2
1612639,Jepson,jepson,195748,Académica Petróleos do Lobito,6.4,12.8,2,0,0,0,0,,0,7,6,13,53.85,4,3,3,0,0,0.0,1,1,0,0,0,0,0.0,2,1,0,1,16.67,3,75.0,4,40.0,66,0.0,0,0,0,0,0,0,0,0,2,0,0,0,0,0,0.0,0,0,0,0,11,0,0,0,27,0,2,0,0,0,0,1,0,0,,,,0,0,0,0,0,2,1,0,0,0,0,0,1,0,0,0,3,1,6,1,0,0,0,3,3,1,100.0,0.0,0,0,0,4,10,0,,0,2,,2
1802165,Evandro Gunza,evandro-gunza,195748,Académica Petróleos do Lobito,6.4,12.8,2,0,0,1,0,,0,6,2,8,75.0,2,4,2,0,0,0.0,2,0,0,0,0,0,0.0,1,1,0,2,50.0,0,0.0,2,40.0,32,0.0,0,0,0,0,0,0,0,0,1,0,0,0,0,1,50.0,0,0,0,1,4,0,2,2,14,0,1,0,0,0,0,0,0,0,,,,0,0,0,0,0,0,0,0,0,0,0,0,0,0,0,0,0,0,3,1,0,0,0,2,0,2,100.0,0.0,0,0,0,4,4,0,,0,1,,2
1400203,Yandisa Mfolozi,mfolozi-yandisa,7671,Supersport United,6.4,19.2,3,0,0,0,0,,0,33,17,50,66.0,18,15,5,1,0,0.0,4,1,1,0,0,0,0.0,0,0,0,5,38.46,1,33.33,6,37.5,143,0.0,0,0,0,0,0,0,0,0,0,0,0,0,0,1,14.29,1,0,0,1,29,1,9,4,84,1,6,0,0,1,0,0,0,0,,,,0,0,0,0,0,2,0,0,0,0,0,0,2,0,0,1,0,2,10,2,0,0,0,7,2,3,75.0,0.0,0,0,0,21,31,0,,0,10,,3
1568187,Mario Keta,mario-keta,195748,Académica Petróleos do Lobito,6.4,25.6,4,0,0,0,0,,0,61,26,87,70.11,36,25,13,0,0,0.0,5,4,0,0,0,0,0.0,0,0,0,7,87.5,2,50.0,9,75.0,281,0.0,0,0,0,0,0,0,0,0,0,0,0,0,0,5,26.32,6,0,0,0,51,0,10,6,147,2,1,0,0,0,0,0,0,0,,,,0,0,0,0,0,5,2,0,0,0,0,0,3,0,0,0,0,9,3,2,0,0,0,19,7,2,40.0,0.0,0,0,0,47,49,0,,0,15,,4
914161,Federico Bikoro,federico-bikoro,39618,Club Africain,6.36,31.8,5,0,0,1,0,,0,71,26,97,73.2,33,39,15,0,0,0.0,2,1,2,0,0,1,20.0,4,0,4,5,21.74,4,66.67,9,31.03,257,0.0,0,0,0,0,1,0,0,0,1,3,0,0,0,6,40.0,3,0,0,6,43,1,10,4,145,3,8,0,0,3,1,0,0,0,,,,0,0,0,0,0,3,0,0,0,0,0,0,3,0,0,0,1,5,20,2,0,0,0,15,3,1,50.0,0.0,0,0,0,35,67,0,,0,11,,5
1008166,Hamed Al Thelba,hamed-al-thelba,375029,Al Hilal Benghazi SC,6.35,12.7,2,0,0,0,0,,0,54,12,66,81.82,42,13,3,0,0,0.0,2,3,0,0,0,1,100.0,0,0,0,4,50.0,5,50.0,9,50.0,180,0.0,0,0,0,0,0,0,0,0,0,0,0,0,0,3,33.33,10,0,0,0,12,0,5,3,93,3,2,0,0,2,0,0,0,0,,,,0,0,0,0,0,5,1,0,0,0,0,0,2,0,0,0,0,1,9,5,0,0,0,9,6,0,0.0,0.0,0,0,0,49,18,0,,0,6,,2
1799154,Michael Sarpong,michael-sarpong,371341,Sekhukhune United,6.35,12.7,2,0,0,0,0,,0,11,5,16,68.75,3,8,4,2,0,0.0,1,1,1,0,0,0,0.0,0,0,0,1,11.11,4,40.0,5,26.32,117,0.0,0,0,0,0,0,0,0,0,0,0,0,0,0,0,0.0,2,0,0,2,16,0,0,0,32,0,2,0,0,2,1,0,0,0,,,,0,0,0,0,0,0,0,0,0,0,0,0,2,0,0,2,2,0,14,6,0,0,0,0,0,0,0.0,0.0,0,0,0,4,12,0,,0,1,,2
1802167,Manhemba,manhemba,195748,Académica Petróleos do Lobito,6.3,6.3,1,0,0,0,0,,0,10,2,12,83.33,4,6,2,0,0,0.0,3,0,0,0,0,0,0.0,1,0,1,3,100.0,0,0.0,3,50.0,53,0.0,0,0,0,0,0,0,0,0,0,1,0,0,0,1,50.0,0,0,0,0,5,0,0,0,21,0,0,0,0,0,0,0,0,0,,,,0,0,0,0,0,3,0,0,0,0,0,0,1,0,0,0,0,0,3,3,0,0,0,2,3,0,0.0,0.0,0,0,0,4,8,0,,0,0,,1
1613507,Abd Al Hadi Ibraheem,abd-al-hadi-ibraheem,375029,Al Hilal Benghazi SC,6.3,6.3,1,0,0,0,0,,0,5,0,5,100.0,1,4,0,0,0,0.0,1,0,0,0,0,0,0.0,0,0,0,1,25.0,0,0.0,1,25.0,10,0.0,0,0,0,0,0,0,0,0,0,0,0,0,0,0,0.0,1,0,0,0,2,0,0,0,10,0,2,0,0,0,0,0,0,0,,,,0,0,0,0,0,0,0,0,0,0,0,0,0,0,0,0,1,0,3,0,0,0,0,0,0,1,100.0,0.0,0,0,0,1,4,0,,0,1,,1
1612627,André Ngimbi,andre-ngimbi,195748,Académica Petróleos do Lobito,6.3,18.9,3,0,0,0,0,,0,69,35,104,66.35,60,9,4,0,0,0.0,4,6,0,0,0,0,0.0,1,0,1,6,46.15,6,60.0,12,52.17,270,0.0,0,0,0,1,0,0,0,0,1,0,0,0,0,11,36.67,13,0,0,1,38,0,12,3,141,2,3,0,0,3,0,0,0,0,,,,0,0,0,0,0,6,1,0,0,0,0,0,3,0,0,0,0,0,11,4,0,0,0,30,7,2,50.0,0.0,0,0,0,75,29,0,,0,17,,3
1394459,Elias Mokwana,elias-mokwana,371341,Sekhukhune United,6.28,25.1,4,0,0,2,0,,0,47,18,65,72.31,11,36,26,3,1,11.11,5,3,1,0,0,0,0.0,5,2,3,11,28.95,0,0.0,11,25.58,310,0.0,0,0,0,0,0,0,0,0,3,2,0,0,0,1,50.0,2,0,0,2,48,1,2,1,137,5,9,0,0,10,2,0,0,0,,,,1,0,0,0,0,3,1,0,0,0,0,0,4,0,0,3,9,2,32,5,0,0,0,2,4,3,60.0,0.0,0,0,0,12,55,0,,0,15,,4
1612650,Seque,seque,195748,Académica Petróleos do Lobito,6.25,12.5,2,0,0,0,0,,0,30,17,47,63.83,22,8,4,0,0,0.0,2,2,1,0,0,0,0.0,1,0,1,4,30.77,4,66.67,8,42.11,107,0.0,0,0,0,0,0,0,0,0,0,1,0,0,0,6,35.29,5,0,0,0,20,0,1,1,65,3,5,0,0,4,0,0,0,0,,,,0,0,0,0,0,2,1,0,0,0,0,0,1,0,0,0,0,0,11,2,0,0,0,17,3,2,100.0,0.0,0,0,0,25,22,0,,1,4,,2
1802164,Estevão,estevao,195748,Académica Petróleos do Lobito,6.25,12.5,2,0,0,0,0,,0,13,6,19,68.42,2,11,7,2,1,33.33,1,0,0,0,0,0,0.0,0,0,0,2,25.0,0,0.0,2,20.0,79,0.0,0,0,0,0,0,0,0,0,0,0,0,0,0,0,0.0,0,0,0,2,12,1,0,0,30,0,2,0,0,0,0,0,0,0,,,,0,0,0,0,0,3,0,0,0,0,0,0,1,0,0,2,3,0,8,2,0,0,0,2,3,1,100.0,0.0,0,0,0,5,14,0,,0,3,,2
806517,Darnet Joe Ombandza Mpea,darnet-joe-ombandza-mpea,134292,Diables Noirs,6.2,6.2,1,0,0,0,0,,0,15,7,22,68.18,15,0,0,0,0,0.0,0,0,0,0,0,0,0.0,0,0,0,1,100.0,0,0.0,1,100.0,90,0.0,0,0,0,0,0,0,0,0,0,0,0,0,0,1,12.5,1,0,0,0,9,0,2,0,32,1,0,0,0,0,0,0,0,0,,,,0,0,0,0,0,1,1,1,0,0,1,0,1,0,0,0,0,0,0,0,0,0,0,8,2,0,0.0,0.0,0,0,0,15,7,0,,9,14,,1
1612652,Miro,miro,195748,Académica Petróleos do Lobito,6.17,18.5,3,0,0,0,0,,0,43,23,66,65.15,21,22,11,1,0,0.0,2,2,1,0,0,0,0.0,2,0,1,6,19.35,4,80.0,10,27.78,246,0.0,0,0,0,0,0,0,0,0,0,2,0,0,0,3,25.0,4,0,0,0,26,0,7,2,96,4,19,0,0,5,0,1,0,0,,,,0,0,0,0,0,6,3,0,0,0,0,0,3,0,0,1,1,0,26,1,0,0,0,12,9,2,100.0,0.0,0,0,0,26,40,0,,0,15,,3
1107962,Ebenezer Adade,ebenezer-adade,213969,Dreams,6.1,6.1,1,0,0,0,0,,0,0,0,0,0.0,0,0,0,0,0,0.0,0,0,0,0,0,0,0.0,0,0,0,0,0.0,1,100.0,1,100.0,13,0.0,0,0,0,0,0,0,0,0,0,0,0,0,0,0,0.0,3,0,0,0,0,0,0,0,5,0,0,0,0,0,0,0,0,0,,,,0,0,0,0,0,1,0,0,0,0,0,0,0,0,0,0,0,0,0,0,0,0,0,0,1,0,0.0,0.0,0,0,0,0,0,0,,0,0,,1
1612629,Yannick Linouaka,yannick-linouaka,134292,Diables Noirs,6.1,6.1,1,0,0,0,0,,0,10,2,12,83.33,6,4,2,0,0,0.0,1,0,0,0,0,0,0.0,1,0,1,1,16.67,0,0.0,1,12.5,59,0.0,0,0,0,0,0,0,0,0,0,1,0,0,0,0,0.0,0,0,0,0,6,0,0,0,20,0,1,0,0,3,0,0,0,0,,,,0,0,0,0,0,2,0,0,0,0,0,0,1,0,0,0,1,0,7,2,0,0,0,0,2,1,100.0,0.0,0,0,0,8,4,0,,0,1,,1
1216360,Mohammed Al Dreibi,mohammed-ayad-omar,375021,Abu Salim SC,5.9,5.9,1,0,0,0,0,,0,5,3,8,62.5,3,2,1,0,0,0.0,1,0,0,0,0,0,0.0,0,0,0,1,50.0,0,0.0,1,50.0,90,0.0,0,0,0,0,0,0,0,0,0,0,0,0,0,3,50.0,1,1,0,0,5,0,0,0,15,0,0,0,0,1,0,0,0,1,,,,0,0,0,0,1,2,0,0,0,0,0,0,1,0,0,0,0,0,1,0,0,0,0,6,2,0,0.0,0.0,0,0,1,3,5,0,,4,3,,1
862748,Washington Arubi,washington-arubi,7671,Supersport United,5.8,11.6,2,0,0,0,0,,0,31,8,39,79.49,27,4,1,0,0,0.0,0,0,0,1,1,0,0.0,0,0,0,1,100.0,0,0.0,1,100.0,121,0.0,0,0,0,0,0,0,0,0,0,0,0,0,0,6,42.86,0,0,0,0,8,0,6,3,52,1,1,0,0,0,0,0,0,3,,,,0,0,0,2,1,2,1,0,1,1,0,0,2,0,0,0,0,0,0,0,0,0,0,14,3,0,0.0,0.0,0,0,0,29,10,0,,13,12,,2
1008174,Idris Al Derrat,idris-al-derrat,375029,Al Hilal Benghazi SC,5.7,11.4,2,0,0,0,0,,0,34,14,48,70.83,23,13,3,1,0,0.0,2,3,0,0,0,2,50.0,1,0,1,2,20.0,2,40.0,4,26.67,180,0.0,0,0,0,0,0,0,0,0,1,0,0,0,0,3,33.33,6,1,1,0,20,0,5,2,75,0,4,0,0,4,0,0,0,0,,,,0,0,0,0,0,5,1,0,0,0,0,0,2,0,0,1,0,4,11,3,0,0,0,9,6,0,0.0,0.0,0,0,0,30,22,0,,0,8,,2
1102846,Youssef Snana,snana-youssef,39618,Club Africain,0.0,0.0,0,0,0,0,0,,0,1,0,1,100.0,1,0,0,0,0,0.0,0,0,0,0,0,0,0.0,0,0,0,0,0.0,0,0.0,0,0.0,1,0.0,0,0,0,0,0,0,0,0,0,0,0,0,0,0,0.0,1,0,0,0,0,0,0,0,2,0,0,0,0,0,0,0,0,0,,,,0,0,0,0,0,0,0,0,0,0,0,0,0,0,0,0,0,0,2,2,0,0,0,0,0,0,0.0,0.0,0,0,0,1,0,0,,0,1,,1
1184367,Mohamed Tarek,mohamed-tarek,42368,Zamalek SC,0.0,0.0,0,0,0,0,0,,0,0,0,0,0.0,0,0,0,0,0,0.0,0,0,0,0,0,0,0.0,0,0,0,0,0.0,0,0.0,0,0.0,1,0.0,0,0,0,0,0,0,0,0,0,0,0,0,0,0,0.0,0,0,0,0,0,0,0,0,0,0,0,0,0,0,0,0,0,0,,,,0,0,0,0,0,0,0,0,0,0,0,0,0,0,0,0,0,0,0,0,0,0,0,0,0,0,0.0,0.0,0,0,0,0,0,0,,0,0,,1
1540431,Francis Odoom,francis-odoom,213969,Dreams,0.0,0.0,0,0,0,0,0,,0,4,1,5,80.0,1,3,0,0,0,0.0,0,0,0,0,0,0,0.0,0,0,0,1,100.0,0,0.0,1,50.0,2,0.0,0,0,0,0,0,0,0,0,0,0,0,0,0,0,0.0,0,0,0,0,2,0,0,0,7,1,0,0,0,0,0,0,0,0,,,,0,0,0,0,0,0,0,0,0,0,0,0,0,0,0,0,0,0,1,1,0,0,0,0,0,0,0.0,0.0,0,0,0,2,3,0,,0,0,,2
