player_id,player_name,player_slug,team_id,team_name,rating,totalRating,countRating,goals,bigChancesCreated,bigChancesMissed,assists,expectedAssists,goalsAssistsSum,accuratePasses,inaccuratePasses,totalPasses,accuratePassesPercentage,accurateOwnHalfPasses,accurateOppositionHalfPasses,accurateFinalThirdPasses,keyPasses,successfulDribbles,successfulDribblesPercentage,tackles,interceptions,yellowCards,directRedCards,redCards,accurateCrosses,accurateCrossesPercentage,totalShots,shotsOnTarget,shotsOffTarget,groundDuelsWon,groundDuelsWonPercentage,aerialDuelsWon,aerialDuelsWonPercentage,totalDuelsWon,totalDuelsWonPercentage,minutesPlayed,goalConversionPercentage,penaltiesTaken,penaltyGoals,penaltyWon,penaltyConceded,shotFromSetPiece,freeKickGoal,goalsFromInsideTheBox,goalsFromOutsideTheBox,shotsFromInsideTheBox,shotsFromOutsideTheBox,headedGoals,leftFootGoals,rightFootGoals,accurateLongBalls,accurateLongBallsPercentage,clearances,errorLeadToGoal,errorLeadToShot,dispossessed,possessionLost,possessionWonAttThird,totalChippedPasses,accurateChippedPasses,touches,wasFouled,fouls,hitWoodwork,ownGoals,dribbledPast,offsides,blockedShots,passToAssist,saves,kilometersCovered,numberOfSprints,topSpeed,cleanSheet,penaltyFaced,penaltySave,savedShotsFromInsideTheBox,savedShotsFromOutsideTheBox,goalsConcededInsideTheBox,goalsConcededOutsideTheBox,punches,runsOut,successfulRunsOut,highClaims,crossesNotClaimed,matchesStarted,penaltyConversion,setPieceConversion,totalAttemptAssist,totalContest,totalCross,duelLost,aerialLost,attemptPenaltyMiss,attemptPenaltyPost,attemptPenaltyTarget,totalLongBalls,goalsConceded,tacklesWon,tacklesWonPercentage,scoringFrequency,yellowRedCards,savesCaught,savesParried,totalOwnHalfPasses,totalOppositionHalfPasses,totwAppearances,expectedGoals,goalKicks,ballRecovery,outfielderBlocks,appearances
1183625,Giovanni Bonfanti,giovanni-bonfanti,2686,Atalanta,8.9,8.9,1,1,0,0,0,0.0,1,36,3,39,92.31,34,2,0,0,0,0.0,2,8,1,0,0,0,0.0,1,1,0,4,66.67,3,60.0,7,63.64,90,100.0,0,0,0,0,0,0,1,0,1,0,0,1,0,1,100.0,3,0,0,0,4,1,1,1,58,2,2,0,0,0,0,0,0,0,,,,1,0,0,0,0,0,0,0,0,0,0,0,1,0.0,0,0,0,0,4,2,0,0,0,1,0,1,50.0,90.0,0,0,0,35,4,1,0.22,0,8,,1
794953,Kevin Danso,kevin-danso,1648,RC Lens,8.3,8.3,1,0,0,0,0,0.04,0,63,3,66,95.45,28,35,8,3,0,0.0,1,1,1,0,0,0,0.0,2,0,2,4,80.0,2,66.67,6,75.0,90,0.0,0,0,0,0,0,0,0,0,2,0,0,0,0,3,75.0,1,0,1,0,7,0,5,4,88,3,1,0,0,0,1,0,0,0,,,,1,0,0,0,0,0,0,0,0,0,0,0,1,0.0,0,3,0,0,2,1,0,0,0,4,0,1,100.0,0.0,0,0,0,28,38,1,0.07,0,10,,1
115577,Kostas Fortounis,kostas-fortounis,3245,Olympiacos FC,7.92,47.5,6,1,6,0,5,1.78,6,199,53,252,78.97,48,164,90,19,9,52.94,10,3,1,0,0,13,27.66,15,3,8,35,62.5,2,16.67,37,54.41,494,6.67,0,0,0,0,1,0,0,1,6,9,0,0,1,21,61.76,1,0,0,7,121,10,37,19,410,16,2,1,0,4,2,4,0,0,,,,0,0,0,0,0,11,1,0,0,0,0,0,6,0.0,0,19,17,47,31,10,0,0,0,34,12,7,70.0,494.0,0,0,0,54,245,1,0.8,0,36,,6
1142638,Bobby Clark,bobby-clark,44,Liverpool FC,7.85,15.7,2,1,1,0,1,0.16,2,66,7,73,90.41,22,44,21,2,2,100.0,6,1,0,0,0,0,0.0,2,2,0,9,81.82,0,0.0,9,81.82,98,50.0,0,0,0,0,0,0,1,0,2,0,0,1,0,0,0.0,0,0,0,0,11,1,0,0,94,1,2,0,0,0,0,0,0,0,,,,0,0,0,0,0,1,0,0,0,0,0,0,1,0.0,0,2,2,0,2,0,0,0,0,0,1,3,50.0,98.0,0,0,0,25,48,1,0.49,0,3,,2
1128560,Roger Fernandes,roger-fernandes,2999,Sporting Braga,7.85,15.7,2,1,0,0,0,0.14,1,48,10,58,82.76,17,35,12,4,3,75.0,6,0,0,0,0,4,28.57,4,2,2,14,66.67,4,50.0,18,62.07,154,25.0,0,0,1,0,0,0,1,0,2,2,0,1,0,1,100.0,0,0,0,3,32,2,2,0,117,5,2,0,0,1,0,0,0,0,,,,0,0,0,0,0,4,0,0,0,0,0,0,1,0.0,0,4,4,14,11,4,0,0,0,1,4,5,83.33,154.0,0,0,0,19,53,1,0.2,0,14,,2
32493,Dries Mertens,dries-mertens,3061,Galatasaray,7.8,15.6,2,1,3,0,0,0.57,1,32,15,47,68.09,12,22,12,4,3,75.0,3,0,0,0,0,2,14.29,7,2,3,10,66.67,0,0.0,10,58.82,151,14.29,0,0,0,0,1,0,0,1,3,4,0,0,1,3,60.0,0,0,0,1,36,2,7,5,90,4,2,0,0,1,0,2,0,0,,,,0,0,0,0,0,2,1,0,0,0,0,0,2,0.0,0,4,4,14,7,2,0,0,0,5,3,2,66.67,151.0,0,0,0,17,44,1,0.37,0,4,,2
1175821,Niccolò Pisilli,niccolo-pisilli,2702,AS Roma,7.8,7.8,1,1,0,0,0,0.03,1,12,1,13,92.31,2,10,4,0,0,0.0,1,1,0,0,0,0,0.0,3,2,0,1,50.0,1,100.0,2,66.67,17,33.33,0,0,0,0,0,0,0,1,2,1,0,0,1,0,0.0,0,0,0,0,1,1,0,0,18,0,1,0,0,0,0,1,0,0,,,,0,0,0,0,0,0,0,0,0,0,0,0,0,0.0,0,0,0,0,1,0,0,0,0,0,0,0,0.0,17.0,0,0,0,2,11,0,0.24,0,1,,1
981603,Jay Gorter,jay-gorter,2953,AFC Ajax,7.75,15.5,2,0,0,0,0,0.0,0,71,25,96,73.96,65,6,4,0,0,0.0,0,0,0,0,0,0,0.0,0,0,0,0,0.0,0,0.0,0,0.0,180,0.0,0,0,0,0,0,0,0,0,0,0,0,0,0,16,39.02,1,0,0,0,25,0,33,15,130,0,0,0,0,0,0,0,0,13,,,,0,0,0,8,5,4,0,1,0,0,2,0,2,0.0,0,0,0,0,0,0,0,0,0,41,4,0,0.0,0.0,0,0,1,70,26,0,0.0,12,23,,2
164055,Brice Samba,brice-samba,1648,RC Lens,7.7,15.4,2,0,0,0,0,0.0,0,43,14,57,75.44,34,9,2,0,0,0.0,0,0,1,0,0,0,0.0,0,0,0,0,0.0,0,0.0,0,0.0,210,0.0,0,0,0,0,0,0,0,0,0,0,0,0,0,10,43.48,2,0,0,0,14,0,4,1,90,0,0,0,0,1,0,0,0,10,,,,1,0,0,6,3,3,0,2,0,0,3,1,2,0.0,0,0,0,0,1,0,0,0,0,23,3,0,0.0,0.0,0,0,3,38,19,0,0.0,11,28,,2
822600,Exequiel Palacios,exequiel-palacios,2681,Bayer 04 Leverkusen,7.68,61.4,8,0,3,0,1,1.31,1,572,38,610,93.77,211,361,179,15,4,40.0,26,7,1,0,0,0,0.0,11,2,4,49,68.06,4,100.0,53,69.74,578,0.0,0,0,0,0,0,0,0,0,5,6,0,0,0,18,75.0,8,0,0,2,56,8,23,15,726,20,6,1,0,9,0,5,0,0,,,,2,0,0,0,0,8,1,0,0,0,0,0,6,0.0,0,15,10,2,23,0,0,0,0,24,9,17,65.38,0.0,0,0,0,223,389,3,0.89,0,50,,9
30027,Ángel Di María,angel-di-maria,3006,Benfica,7.67,46.0,6,4,3,4,1,2.23,5,230,66,296,77.7,58,187,103,16,8,38.1,11,2,1,0,0,15,21.74,25,8,9,23,42.59,0,0.0,23,42.59,564,16.0,3,3,0,0,1,0,4,0,16,9,0,4,0,19,57.58,3,0,1,6,160,6,42,21,484,4,3,0,0,10,1,8,0,0,,,,0,0,0,0,0,5,0,0,0,0,0,0,6,100.0,0,16,21,69,31,0,0,0,0,33,5,9,81.82,141.0,0,0,0,70,295,2,5.48,0,32,,6
1019322,Florian Wirtz,florian-wirtz,2681,Bayer 04 Leverkusen,7.65,84.2,11,4,5,0,4,3.08,8,406,76,482,84.23,79,333,215,30,15,45.45,6,5,4,0,0,6,21.43,21,9,6,33,38.37,2,22.22,35,36.84,710,19.05,0,0,0,0,0,0,4,0,11,10,0,1,3,14,66.67,0,0,0,18,156,7,21,13,673,12,6,0,0,11,2,6,0,0,,,,1,0,0,0,0,7,1,0,0,0,0,0,8,0.0,0,30,33,28,60,7,0,0,0,21,8,6,100.0,177.5,0,0,0,92,418,4,2.65,0,41,,11
825945,Simon Banza,simon-banza,2999,Sporting Braga,7.65,15.3,2,2,0,0,0,0.02,2,11,13,24,45.83,4,7,5,2,2,100.0,1,0,1,0,0,0,0.0,5,3,2,5,45.45,9,40.91,14,42.42,210,40.0,1,1,1,0,0,0,2,0,4,1,0,0,2,0,0.0,2,0,0,3,23,1,0,0,56,2,2,0,0,2,2,0,0,0,,,,0,0,0,0,0,6,0,0,0,0,0,0,2,100.0,0,2,2,1,19,13,0,0,0,0,6,1,100.0,105.0,0,0,0,4,21,0,1.91,0,2,,2
904897,Ryan Gravenberch,ryan-gravenberch,44,Liverpool FC,7.64,38.2,5,2,3,0,1,1.34,3,137,30,167,82.04,41,96,66,11,6,40.0,9,3,0,0,0,0,0.0,8,8,0,23,54.76,0,0.0,23,51.11,350,25.0,0,0,0,0,0,0,2,0,3,5,0,2,0,5,71.43,2,0,0,5,68,5,9,3,267,8,5,0,0,0,0,0,0,0,,,,0,0,0,0,0,1,1,0,0,0,0,0,4,0.0,0,11,15,0,22,3,0,0,0,7,2,5,55.56,175.0,0,0,0,46,121,1,1.66,0,25,,5
100744,Magnus Wolff Eikrem,magnus-wolff-eikrem,661,Molde FK,7.64,38.2,5,2,2,1,1,1.65,3,118,48,166,71.08,34,95,61,11,4,100.0,3,4,2,0,0,11,40.74,14,7,3,9,56.25,0,0.0,9,56.25,357,14.29,0,0,0,0,2,1,0,2,7,7,0,0,2,7,53.85,1,0,0,4,73,4,18,8,236,2,2,2,0,1,1,4,0,0,,,,0,0,0,0,0,6,1,0,0,0,0,0,5,0.0,50,11,4,27,7,0,0,0,0,13,7,0,0.0,178.5,0,0,0,44,149,0,0.74,0,12,,5
119242,Luis Muriel,luis-muriel,2686,Atalanta,7.62,38.1,5,4,1,4,0,1.04,4,86,33,119,72.27,15,76,57,14,8,61.54,2,0,0,0,0,5,38.46,13,7,4,13,56.52,7,63.64,20,58.82,269,30.77,1,1,0,0,0,0,3,1,11,2,0,2,2,1,33.33,2,0,0,3,66,3,4,2,193,3,2,1,0,0,1,2,0,0,,,,0,0,0,0,0,1,0,0,0,0,0,0,3,100.0,0,14,13,13,14,4,0,0,0,3,1,1,50.0,67.25,0,0,0,21,111,1,3.01,0,10,,5
1160960,Álvaro Djaló,alvaro-djalo,2999,Sporting Braga,7.6,15.2,2,1,0,0,0,0.14,1,36,14,50,72.0,11,26,17,2,1,33.33,6,0,1,0,0,1,20.0,9,7,2,11,52.38,4,80.0,15,57.69,131,11.11,0,0,0,0,1,0,1,0,4,5,0,0,1,1,50.0,0,0,0,4,26,1,4,1,86,5,3,0,0,1,0,0,0,0,,,,0,0,0,0,0,4,0,0,0,0,0,0,1,0.0,0,2,3,5,11,1,0,0,0,2,4,3,50.0,131.0,0,0,0,12,43,1,0.4,0,8,,2
63708,Itamar Nitzan,itamar-nitzan,5197,Maccabi Haifa,7.6,7.6,1,0,0,0,0,0.0,0,22,14,36,61.11,21,1,0,0,0,0.0,0,0,0,0,0,0,0.0,0,0,0,0,0.0,0,0.0,0,0.0,90,0.0,0,0,0,0,0,0,0,0,0,0,0,0,0,6,30.0,1,0,0,0,14,0,13,2,54,0,0,0,0,0,0,0,0,8,,,,0,0,0,6,2,1,2,0,0,0,0,0,1,0.0,0,0,0,0,0,0,0,0,0,20,3,0,0.0,0.0,0,0,2,29,7,0,0.0,5,12,,1
862967,Cody Gakpo,cody-gakpo,44,Liverpool FC,7.56,60.5,8,4,5,4,1,3.23,5,184,34,218,84.4,37,153,97,16,11,55.0,5,1,0,0,0,6,42.86,16,10,3,28,44.44,6,46.15,34,44.74,636,25.0,0,0,1,0,0,0,4,0,14,2,0,0,4,5,45.45,5,0,0,18,92,7,10,5,355,12,3,1,0,5,2,3,0,0,,,,2,0,0,0,0,9,0,0,0,0,0,0,7,0.0,0,16,20,14,42,7,0,0,0,11,9,4,80.0,159.0,0,0,0,37,195,3,3.39,0,21,,8
97012,Bruma,bruma,2999,Sporting Braga,7.5,7.5,1,0,0,0,2,0.07,2,17,5,22,77.27,3,15,13,2,0,0.0,1,0,0,0,0,1,50.0,1,0,1,1,20.0,0,0.0,1,20.0,57,0.0,0,0,0,0,0,0,0,0,0,1,0,0,0,0,0.0,0,0,0,1,10,0,1,0,34,0,0,0,0,1,0,0,0,0,,,,0,0,0,0,0,2,0,0,0,0,0,0,0,0.0,0,2,2,2,4,0,0,0,0,0,2,1,100.0,0.0,0,0,0,4,20,0,0.03,0,2,,1
242883,David von Ballmoos,david-von-ballmoos,2445,BSC Young Boys,7.5,15.0,2,0,0,0,0,0.01,0,45,22,67,67.16,32,13,4,0,0,0.0,0,0,0,0,0,0,0.0,0,0,0,0,0.0,0,0.0,0,0.0,180,0.0,0,0,0,1,0,0,0,0,0,0,0,0,0,17,44.74,1,0,0,0,24,0,8,7,96,0,1,0,0,0,0,0,0,9,,,,0,2,1,8,1,4,0,1,1,1,2,0,2,0.0,0,0,0,0,1,0,0,0,0,38,4,0,0.0,0.0,0,0,2,36,31,1,0.0,10,19,,2
51498,Pierre-Emerick Aubameyang,pierre-emerick-aubameyang,1641,Olympique de Marseille,7.49,97.4,13,10,4,5,3,1.49,13,179,58,237,75.53,60,121,79,10,10,47.62,4,3,0,0,0,2,11.76,39,16,14,24,48.98,9,36.0,33,44.59,1030,25.64,3,3,0,0,2,0,10,0,30,9,0,1,9,7,63.64,8,0,0,6,109,9,19,8,396,11,5,0,0,3,7,9,0,0,,,,1,0,0,0,0,17,1,0,0,0,0,0,11,100.0,0,10,21,17,41,16,0,0,0,11,18,3,75.0,103.0,0,0,0,73,181,3,5.95,0,29,,13
793986,Mile Svilar,mile-svilar,2702,AS Roma,7.47,104.6,14,0,0,0,0,0.01,0,307,114,421,72.92,267,40,11,0,0,0.0,1,0,1,0,0,0,0.0,0,0,0,5,100.0,5,83.33,10,90.91,1290,0.0,0,0,0,0,0,0,0,0,0,0,0,0,0,56,33.14,5,0,0,0,116,0,38,15,571,4,0,0,0,0,0,0,0,54,,,,5,0,0,32,22,9,3,1,4,4,15,0,14,0.0,0,0,0,0,1,1,0,0,0,169,12,1,100.0,0.0,0,0,16,287,134,1,0.0,93,101,,14
975079,João Pedro,joao-pedro,30,Brighton & Hove Albion,7.47,44.8,6,6,2,2,0,0.34,6,94,33,127,74.02,34,62,32,2,9,40.91,2,0,2,0,0,2,40.0,16,9,4,27,49.09,3,37.5,30,47.62,437,37.5,4,4,3,0,0,0,6,0,14,2,0,0,6,2,33.33,2,0,0,7,67,4,5,1,226,16,5,0,0,3,1,3,0,0,,,,1,0,0,0,0,2,0,0,0,0,0,0,5,100.0,0,2,22,5,33,5,0,0,0,6,2,1,50.0,72.83,0,0,0,39,93,1,5.11,0,10,,6
1190933,João Neves,joao-neves,3006,Benfica,7.47,44.8,6,0,0,0,0,0.29,0,383,52,435,88.05,208,175,71,2,14,77.78,22,10,0,0,0,0,0.0,5,2,3,50,68.49,10,58.82,60,66.67,570,0.0,0,0,0,0,0,0,0,0,2,3,0,0,0,30,61.22,12,0,0,6,78,3,32,17,559,15,6,0,0,7,0,0,0,0,,,,2,0,0,0,0,5,0,0,0,0,0,0,6,0.0,0,2,18,2,30,7,0,0,0,49,5,15,68.18,0.0,0,0,0,225,212,0,0.19,0,66,,6
994363,Bart Verbruggen,bart-verbruggen,30,Brighton & Hove Albion,7.47,22.4,3,0,0,0,0,0.0,0,77,16,93,82.8,73,4,2,0,0,0.0,0,0,0,0,0,0,0.0,0,0,0,0,0.0,2,100.0,2,100.0,270,0.0,0,0,0,0,0,0,0,0,0,0,0,0,0,17,51.52,1,0,0,0,18,0,16,10,122,0,0,0,0,0,0,0,0,9,,,,3,0,0,5,4,0,0,1,1,1,2,0,3,0.0,0,0,0,0,0,0,0,0,0,33,0,0,0.0,0.0,0,0,1,80,13,0,0.0,13,25,,3
171961,Vincenzo Grifo,vincenzo-grifo,2538,SC Freiburg,7.45,74.5,10,4,3,0,2,1.28,6,305,60,365,83.56,149,168,88,21,8,88.89,8,4,0,0,0,12,28.57,12,4,5,20,51.28,3,37.5,23,48.94,628,33.33,2,2,0,0,1,1,3,1,8,4,0,0,4,21,63.64,5,0,1,4,109,3,35,17,483,4,5,0,0,9,1,3,0,0,,,,0,0,0,0,0,8,1,0,0,0,0,0,8,100.0,100,21,9,42,24,5,0,0,0,33,9,8,100.0,157.0,0,0,0,163,244,2,2.56,0,34,,10
788027,Theo Hernández,theo-hernandez,2692,AC Milan,7.45,44.7,6,0,5,0,3,1.82,3,261,37,298,87.58,94,180,79,12,12,85.71,5,5,1,0,0,13,54.17,7,0,3,25,64.1,4,66.67,29,64.44,540,0.0,0,0,0,0,0,0,0,0,2,5,0,0,0,4,44.44,8,0,0,4,62,1,7,2,427,8,6,0,0,3,0,4,0,0,,,,1,0,0,0,0,7,2,0,0,0,0,0,6,0.0,0,12,14,24,16,2,0,0,0,9,9,4,80.0,0.0,0,0,0,109,213,3,0.18,0,29,,6
1392044,Quilindschy Hartman,quilindschy-hartman,2959,Feyenoord,7.45,14.9,2,0,1,0,1,0.43,1,119,26,145,82.07,55,66,33,4,2,66.67,4,4,0,0,0,2,22.22,0,0,0,6,60.0,0,0.0,6,50.0,210,0.0,0,0,0,0,0,0,0,0,0,0,0,0,0,4,36.36,5,0,0,1,42,0,6,2,188,0,2,0,0,0,0,0,0,0,,,,0,0,0,0,0,1,1,0,0,0,0,0,2,0.0,0,4,3,9,6,2,0,0,0,11,2,4,100.0,0.0,0,0,0,59,95,0,0.0,0,4,,2
788921,Florian Sotoca,florian-sotoca,1648,RC Lens,7.45,14.9,2,0,0,0,0,0.14,0,69,31,100,69.0,17,54,28,3,0,0.0,6,0,1,0,0,2,40.0,5,2,2,9,64.29,9,75.0,18,69.23,210,0.0,0,0,0,0,0,0,0,0,3,2,0,0,0,1,16.67,2,0,0,2,39,1,4,2,131,3,0,0,0,1,0,1,0,0,,,,1,0,0,0,0,3,0,0,0,0,0,0,2,0.0,0,3,2,5,8,3,0,0,0,6,3,6,100.0,0.0,0,0,0,28,77,0,0.15,0,6,,2
905163,Mohammed Kudus,mohammed-kudus,37,West Ham United,7.44,67.0,9,5,3,1,0,1.66,5,243,36,279,87.1,102,150,69,13,18,45.0,23,6,1,0,0,9,40.91,21,9,7,54,50.0,4,40.0,58,49.15,771,23.81,0,0,0,0,0,0,4,1,14,7,1,3,1,11,78.57,3,0,0,17,113,8,13,11,490,13,6,1,0,9,4,5,0,0,,,,0,0,0,0,0,4,3,0,0,0,0,0,9,0.0,0,13,40,22,60,6,0,0,0,14,7,17,73.91,154.2,0,0,0,110,191,2,2.66,1,66,,9
308764,Daniel Podence,daniel-podence,3245,Olympiacos FC,7.43,44.6,6,3,2,0,1,0.91,4,122,42,164,74.39,22,101,60,11,5,45.45,5,1,2,0,0,1,11.11,10,4,2,16,50.0,1,50.0,17,50.0,408,30.0,0,0,0,0,0,0,3,0,8,2,0,2,1,6,54.55,2,0,0,3,71,1,17,8,239,6,2,0,0,5,0,4,0,0,,,,0,0,0,0,0,8,0,0,0,0,0,0,5,0.0,0,11,11,9,17,1,0,0,0,11,8,2,40.0,136.0,0,0,0,29,144,2,0.88,0,21,,6
284441,Ruben Loftus-Cheek,ruben-loftus-cheek,2692,AC Milan,7.4,44.4,6,4,1,0,0,0.72,4,119,12,131,90.84,39,80,40,10,4,57.14,3,2,1,0,0,0,0.0,11,4,1,12,52.17,7,87.5,19,61.29,380,36.36,0,0,0,0,0,0,4,0,9,2,3,0,1,3,75.0,0,0,0,2,29,1,2,1,184,5,8,1,0,0,0,6,0,0,,,,0,0,0,0,0,5,1,0,0,0,0,0,5,0.0,0,10,7,3,12,1,0,0,0,4,6,2,66.67,95.0,0,0,0,42,92,1,1.95,0,14,,6
857482,Filip Ugrinić,filip-ugrinic,2445,BSC Young Boys,7.4,7.4,1,1,0,0,0,0.03,1,25,2,27,92.59,8,17,7,3,0,0.0,1,0,0,0,0,0,0.0,1,1,0,1,100.0,0,0.0,1,100.0,45,100.0,0,0,0,0,0,0,1,0,1,0,0,1,0,0,0.0,0,0,0,0,3,0,0,0,31,0,0,0,0,0,0,0,0,0,,,,0,0,0,0,0,2,0,0,0,0,0,0,1,0.0,0,3,0,1,0,0,0,0,0,0,2,0,0.0,45.0,0,0,0,8,20,0,0.06,0,1,,1
877842,Yannik Keitel,yannik-keitel,2538,SC Freiburg,7.4,7.4,1,0,0,0,0,0.04,0,42,10,52,80.77,29,13,6,1,0,0.0,0,4,0,0,0,0,0.0,0,0,0,0,0.0,0,0.0,0,0.0,91,0.0,0,0,0,0,0,0,0,0,0,0,0,0,0,4,36.36,6,0,0,0,11,0,6,2,67,0,0,0,0,0,0,0,0,0,,,,1,0,0,0,0,0,0,0,0,0,0,0,1,0.0,0,1,0,1,0,0,0,0,0,11,0,0,0.0,0.0,0,0,0,32,21,0,0.0,0,1,,2
955245,Harvey Elliott,harvey-elliott,44,Liverpool FC,7.38,73.8,10,0,3,0,4,1.69,4,396,70,466,84.98,139,260,136,14,10,71.43,13,6,1,0,0,3,13.64,19,5,6,30,54.55,3,60.0,33,55.0,743,0.0,0,0,0,0,1,0,0,0,11,8,0,0,0,22,64.71,2,0,0,3,117,10,42,23,605,7,6,1,0,14,0,8,0,0,,,,2,0,0,0,0,8,1,0,0,0,0,0,8,0.0,0,14,14,22,27,2,0,0,0,34,9,9,69.23,0.0,0,0,0,149,339,0,0.91,0,37,,10
1133175,Sharif Kaiuf,kaiuf-sharif,5197,Maccabi Haifa,7.38,36.9,5,0,0,0,0,0.01,0,104,61,165,63.03,84,20,6,0,0,0.0,0,0,0,0,0,0,0.0,0,0,0,0,0.0,2,100.0,2,100.0,450,0.0,0,0,0,0,0,0,0,0,0,0,0,0,0,35,37.23,10,0,0,0,61,0,42,16,216,0,0,0,0,0,0,0,0,18,,,,2,1,1,10,8,5,1,3,1,1,3,0,5,0.0,0,0,0,0,0,0,0,0,0,94,6,0,0.0,0.0,0,1,3,105,60,1,0.0,44,33,,5
177177,Alejandro Grimaldo,alex-grimaldo,2681,Bayer 04 Leverkusen,7.38,88.5,12,2,7,2,3,2.54,5,438,61,499,87.78,164,296,156,20,10,50.0,18,7,1,0,0,22,32.84,15,4,7,31,54.39,5,41.67,36,52.17,836,13.33,0,0,0,0,2,0,1,1,5,10,0,1,1,9,47.37,7,0,1,5,134,4,13,4,721,4,4,1,0,7,0,4,0,0,,,,3,0,0,0,0,10,1,0,0,0,0,0,9,0.0,0,20,20,67,33,7,0,0,0,19,11,10,55.56,418.0,0,0,0,177,389,2,1.55,0,36,,12
1009334,Lorenz Assignon,lorenz-assignon,1658,Stade Rennais,7.38,29.5,4,1,1,0,0,0.78,1,128,25,153,83.66,52,78,51,7,2,50.0,5,4,0,0,0,2,18.18,4,2,1,13,50.0,2,66.67,15,51.72,361,25.0,0,0,0,1,0,0,1,0,4,0,0,1,0,5,38.46,1,0,0,1,50,1,4,3,240,6,8,1,0,2,0,1,0,0,,,,2,0,0,0,0,4,0,0,0,0,0,0,4,0.0,0,7,4,11,14,1,0,0,0,13,4,4,80.0,361.0,0,0,0,62,102,1,0.35,0,21,,5
851284,Rafael Leão,rafael-leao,2692,AC Milan,7.37,44.2,6,3,1,4,3,1.16,6,119,23,142,83.8,32,93,52,12,11,50.0,3,2,1,0,0,6,35.29,19,9,4,18,47.37,5,62.5,23,50.0,472,15.79,0,0,0,0,0,0,2,1,17,2,0,0,3,3,50.0,1,0,0,5,67,2,6,1,247,4,1,1,0,3,0,6,0,0,,,,0,0,0,0,0,6,2,0,0,0,0,0,6,0.0,0,12,22,17,23,3,0,0,0,6,8,3,100.0,157.33,0,0,0,33,126,0,2.68,0,7,,6
827522,Amine Harit,amine-harit,1641,Olympique de Marseille,7.36,103.1,14,1,6,0,6,2.21,7,443,60,503,88.07,138,307,202,28,18,75.0,12,6,1,0,0,2,11.76,13,6,5,62,54.87,9,52.94,71,54.62,1167,7.69,1,1,0,0,1,0,1,0,7,6,0,0,1,12,57.14,1,0,0,23,133,12,19,11,701,32,16,1,0,8,2,2,0,0,,,,1,0,0,0,0,18,1,0,0,0,0,0,13,100.0,0,28,24,17,59,8,0,0,0,21,19,9,75.0,1167.0,0,0,0,148,372,2,1.69,0,63,,14
117777,Granit Xhaka,granit-xhaka,2681,Bayer 04 Leverkusen,7.36,81.0,11,0,3,0,2,1.33,2,870,88,958,90.81,301,569,278,19,1,16.67,16,4,2,0,0,0,0.0,13,4,5,32,57.14,7,58.33,39,57.35,891,0.0,0,0,0,1,0,0,0,0,1,12,0,0,0,32,65.31,9,0,1,6,116,7,62,33,1072,15,9,0,0,4,0,4,0,0,,,,3,0,0,0,0,9,1,0,0,0,0,0,10,0.0,0,19,6,5,29,5,0,0,0,49,10,9,56.25,0.0,0,0,0,320,643,2,0.49,0,55,,11
790965,Ritsu Doan,ritsu-doan,2538,SC Freiburg,7.36,73.6,10,2,4,1,2,2.0,4,224,52,276,81.16,61,178,95,21,11,50.0,22,3,0,0,0,15,34.09,15,7,3,40,56.34,5,33.33,45,52.33,796,13.33,0,0,1,0,0,0,2,0,9,6,0,2,0,2,28.57,7,0,0,9,123,4,13,3,463,7,5,0,0,7,1,5,0,0,,,,2,0,0,0,0,11,2,0,0,0,0,0,8,0.0,0,21,22,44,41,10,0,0,0,7,13,14,63.64,398.0,0,0,0,67,253,1,1.51,0,28,,10
795064,Trent Alexander-Arnold,trent-alexander-arnold,44,Liverpool FC,7.36,36.8,5,0,0,0,2,1.02,2,217,40,257,84.44,106,116,58,9,7,63.64,5,6,0,0,0,5,20.0,6,1,3,14,60.87,3,100.0,17,65.38,281,0.0,0,0,0,0,1,0,0,0,0,6,0,0,0,27,51.92,2,0,0,2,80,6,42,23,365,2,1,0,0,2,0,2,0,0,,,,0,0,0,0,0,3,0,0,0,0,0,0,3,0.0,0,9,11,25,9,0,0,0,0,52,3,2,40.0,0.0,0,0,0,112,170,0,0.15,0,29,,5
159665,Mohamed Salah,mohamed-salah,44,Liverpool FC,7.36,66.2,9,5,5,3,3,1.71,8,149,40,189,78.84,42,108,70,10,2,22.22,0,0,0,0,0,1,20.0,21,12,4,4,19.05,1,50.0,5,21.74,398,23.81,2,2,0,0,0,0,5,0,19,2,0,4,1,8,80.0,0,0,0,7,69,4,10,6,256,2,1,0,0,2,5,5,0,0,,,,0,0,0,0,0,5,0,0,0,0,0,0,4,100.0,0,10,9,5,18,1,0,0,0,10,5,0,0.0,79.6,0,0,0,46,148,1,4.08,0,13,,9
916176,Cameron Puertas,cameron-puertas,4860,Royale Union Saint-Gilloise,7.35,44.1,6,2,5,1,2,2.13,4,113,41,154,73.38,39,87,47,12,9,36.0,11,2,1,0,0,13,33.33,12,3,9,26,35.14,4,33.33,30,34.88,519,16.67,1,1,0,0,0,0,2,0,7,5,0,0,2,7,50.0,1,0,0,11,117,5,14,4,314,7,10,0,0,11,1,0,0,0,,,,1,0,0,0,0,7,0,0,0,0,0,0,6,100.0,0,12,25,39,56,8,0,0,0,14,7,7,63.64,259.5,0,0,0,48,145,1,1.76,0,26,,6
233114,Mauro Icardi,mauro-icardi,3061,Galatasaray,7.35,14.7,2,1,0,2,2,0.3,3,31,6,37,83.78,12,19,13,5,0,0.0,0,0,0,0,0,0,0.0,5,1,2,1,33.33,3,33.33,4,33.33,180,20.0,0,0,0,0,0,0,0,1,4,1,0,0,1,1,50.0,2,0,0,0,10,3,2,1,54,1,1,1,0,0,1,2,0,0,,,,0,0,0,0,0,5,1,0,0,0,0,0,2,0.0,0,5,1,0,8,6,0,0,0,2,6,0,0.0,180.0,0,0,0,13,24,1,0.68,0,3,,2
161717,James Ward-Prowse,james-ward-prowse,37,West Ham United,7.35,73.5,10,0,6,0,4,2.49,4,431,43,474,90.93,184,270,93,25,1,25.0,8,7,0,0,0,23,40.35,6,3,2,11,33.33,6,40.0,17,35.42,810,0.0,0,0,0,0,3,0,0,0,3,3,0,0,0,17,62.96,17,0,0,4,90,6,28,17,602,2,9,0,0,7,0,1,0,0,,,,3,0,0,0,0,5,3,0,0,0,0,0,9,0.0,0,25,4,57,31,9,0,0,0,27,8,4,50.0,0.0,0,0,0,196,335,2,0.45,0,41,,10
44241,Nemanja Matić,nemanja-matic,1658,Stade Rennais,7.35,44.1,6,0,0,0,2,0.72,2,312,51,363,85.95,147,165,77,7,9,81.82,4,10,0,0,0,0,0.0,2,2,0,21,84.0,6,75.0,27,81.82,436,0.0,0,0,1,0,0,0,0,0,1,1,0,0,0,20,60.61,3,0,0,2,62,2,24,15,417,8,0,0,0,0,0,0,0,0,,,,0,0,0,0,0,5,0,0,0,0,0,0,5,0.0,0,7,11,1,6,2,0,0,0,33,5,2,50.0,0.0,0,0,0,163,201,0,0.1,0,36,,6
1031421,Rodri Sánchez,rodri-sanchez,2816,Real Betis,7.35,14.7,2,0,1,0,0,0.33,0,23,6,29,79.31,5,19,14,1,2,66.67,2,0,0,0,0,1,33.33,3,3,0,6,60.0,0,0.0,6,54.55,78,0.0,0,0,0,0,0,0,0,0,2,1,0,0,0,0,0.0,0,0,0,1,12,1,0,0,48,2,1,0,0,1,0,0,0,0,,,,0,0,0,0,0,0,0,0,0,0,0,0,1,0.0,0,1,3,3,5,1,0,0,0,0,0,1,50.0,0.0,0,0,0,6,26,0,0.19,0,2,,3
243609,Alisson,alisson,44,Liverpool FC,7.35,14.7,2,0,0,0,0,0.01,0,113,17,130,86.92,106,7,5,0,0,0.0,0,0,0,0,0,0,0.0,0,0,0,0,0.0,0,0.0,0,0.0,180,0.0,0,0,0,0,0,0,0,0,0,0,0,0,0,17,50.0,2,0,0,0,17,0,17,10,151,0,0,0,0,0,0,0,0,3,,,,2,0,0,2,1,0,0,1,3,2,2,0,2,0.0,0,0,0,0,0,0,0,0,0,34,0,0,0.0,0.0,0,0,0,110,20,0,0.0,9,21,,2
255389,Leandro Paredes,leandro-paredes,2702,AS Roma,7.35,95.5,13,2,4,0,2,2.2,4,696,74,770,90.39,367,340,121,14,4,66.67,16,20,3,0,0,11,50.0,9,5,2,32,51.61,2,40.0,34,50.75,1030,22.22,2,2,0,0,2,0,2,0,2,7,0,0,2,42,57.53,29,0,0,3,99,4,60,30,926,12,9,1,0,16,0,2,0,0,,,,1,0,0,0,0,9,2,0,0,0,0,0,10,100.0,0,14,6,22,33,3,0,0,0,73,11,11,68.75,515.0,0,0,0,387,405,2,1.93,0,71,,13
927493,Igoh Ogbu,igoh-ogbu,2216,SK Slavia Praha,7.34,51.4,7,2,0,1,0,0.12,2,300,44,344,87.21,224,76,23,1,1,100.0,8,18,0,0,0,0,0.0,7,3,3,10,66.67,30,75.0,40,72.73,630,28.57,0,0,0,0,0,0,2,0,7,0,2,0,0,26,56.52,17,0,0,1,50,0,11,5,424,1,3,0,0,2,0,1,0,0,,,,4,0,0,0,0,5,2,0,0,0,0,0,7,0.0,0,1,1,0,15,10,0,0,0,46,7,5,62.5,315.0,0,0,0,238,106,2,0.69,0,51,,7
927366,Matěj Kovář,matej-kovar,2681,Bayer 04 Leverkusen,7.34,88.1,12,0,0,0,0,0.0,0,276,53,329,83.89,261,15,1,0,2,66.67,0,0,1,0,0,0,0.0,0,0,0,3,60.0,2,100.0,5,71.43,1080,0.0,0,0,0,0,0,0,0,0,0,0,0,0,0,49,49.49,6,0,1,0,54,0,42,32,459,2,0,0,0,1,0,0,0,41,,,,5,3,0,22,19,11,1,3,2,2,8,1,12,0.0,0,0,3,0,2,0,0,0,0,99,12,0,0.0,0.0,0,1,8,277,52,2,0.0,68,110,,12
551358,Kristian Eriksen,kristian-eriksen,661,Molde FK,7.34,36.7,5,4,1,0,0,0.42,4,72,27,99,72.73,24,49,33,8,1,16.67,1,3,2,0,0,1,50.0,10,5,1,6,24.0,7,46.67,13,32.5,376,40.0,0,0,0,0,0,0,4,0,10,0,1,2,1,0,0.0,2,0,0,2,48,3,2,1,171,4,10,0,0,3,0,4,0,0,,,,0,0,0,0,0,8,2,0,0,0,0,0,4,0.0,0,8,6,2,27,8,0,0,0,1,10,0,0.0,94.0,0,0,0,30,71,1,1.81,0,14,,5
15479,Łukasz Fabiański,ukasz-fabianski,37,West Ham United,7.33,66.0,9,0,0,0,0,0.01,0,145,55,200,72.5,117,28,3,0,0,0.0,0,0,0,0,0,0,0.0,0,0,0,0,0.0,1,100.0,1,100.0,810,0.0,0,0,0,0,0,0,0,0,0,0,0,0,0,48,46.6,3,0,0,0,55,0,31,18,277,1,0,0,0,0,0,0,0,30,,,,4,0,0,19,11,5,1,0,1,1,6,0,9,0.0,0,0,0,0,0,0,0,0,0,103,6,0,0.0,0.0,0,0,6,122,78,2,0.0,53,62,,9
47443,Sebastián Coates,sebastian-coates,3001,Sporting CP,7.33,51.3,7,1,1,0,0,0.32,1,307,47,354,86.72,221,86,25,3,2,100.0,12,4,1,0,0,0,0.0,5,1,4,16,66.67,22,78.57,38,73.08,504,20.0,0,0,0,0,0,0,1,0,5,0,1,0,0,19,54.29,29,0,0,1,51,1,23,11,423,2,5,2,0,2,0,0,0,0,,,,1,0,0,0,0,4,0,0,0,0,0,0,5,0.0,0,3,2,0,14,6,0,0,0,35,4,6,50.0,504.0,0,0,0,233,121,1,0.44,0,32,,7
48480,Pascal Groß,pascal-gro,30,Brighton & Hove Albion,7.33,58.6,8,1,2,0,1,1.79,2,553,53,606,91.25,280,288,149,15,2,100.0,10,0,1,0,0,15,29.41,6,3,1,17,44.74,2,28.57,19,42.22,720,16.67,0,0,0,0,1,0,1,0,4,2,0,0,1,21,67.74,2,0,0,8,107,1,39,21,735,5,6,0,0,7,0,2,0,0,,,,5,0,0,0,0,9,0,0,0,0,0,0,8,0.0,0,15,2,51,26,5,0,0,0,31,9,7,70.0,720.0,0,0,0,286,371,0,0.63,0,31,,8
287563,John Souttar,john-souttar,2351,Rangers,7.33,29.3,4,0,0,0,0,0.11,0,215,32,247,87.04,149,67,23,2,5,100.0,3,8,1,0,0,1,100.0,3,0,3,13,86.67,10,76.92,23,82.14,360,0.0,0,0,0,1,0,0,0,0,3,0,0,0,0,11,39.29,24,0,0,0,35,0,14,7,311,5,2,0,0,1,0,0,0,0,,,,1,0,0,0,0,4,0,0,0,0,0,0,4,0.0,0,2,5,1,5,3,0,0,0,28,4,2,66.67,0.0,0,0,0,154,94,0,0.15,0,19,,4
824200,Ademola Lookman,ademola-lookman,2686,Atalanta,7.32,80.5,11,5,1,2,1,0.78,6,228,68,296,77.03,70,161,100,12,16,42.11,8,3,2,0,0,3,11.54,25,9,6,42,47.19,5,41.67,47,46.53,722,20.0,0,0,0,0,0,0,3,2,20,5,0,3,2,4,80.0,0,0,0,11,159,9,5,2,491,18,10,1,0,4,5,10,0,0,,,,1,0,0,0,0,5,0,0,0,0,0,0,9,0.0,0,12,38,26,54,7,0,0,0,5,5,6,75.0,144.4,0,0,0,83,239,1,2.84,0,44,,11
857997,Vladan Kovačević,vladan-kovacevic,35268,Raków Częstochowa,7.32,43.9,6,0,0,0,0,0.0,0,142,80,222,63.96,121,21,3,0,0,0.0,1,0,0,0,0,0,0.0,0,0,0,1,100.0,2,100.0,3,100.0,540,0.0,0,0,0,0,0,0,0,0,0,0,0,0,0,33,30.28,5,0,0,0,81,0,38,14,279,1,0,0,0,0,0,0,0,25,,,,1,2,0,22,3,10,0,2,9,7,3,0,6,0.0,0,0,0,0,0,0,0,0,0,109,10,1,100.0,0.0,0,0,7,139,83,0,0.0,61,55,,6
111483,Michael Gregoritsch,michael-gregoritsch,2538,SC Freiburg,7.31,58.5,8,5,2,3,1,0.15,6,59,24,83,71.08,24,35,18,5,1,50.0,5,1,0,0,0,0,0.0,23,10,11,9,40.91,17,48.57,26,45.61,349,21.74,0,0,0,0,0,0,5,0,20,3,2,0,3,0,0.0,3,0,0,5,34,4,4,1,135,3,4,0,0,3,0,2,0,0,,,,0,0,0,0,0,4,1,0,0,0,0,0,2,0.0,0,5,2,0,31,18,0,0,0,1,5,3,60.0,69.8,0,0,0,30,53,1,3.3,0,10,,8
355088,Roland Sallai,roland-sallai,2538,SC Freiburg,7.3,65.7,9,4,2,2,1,0.41,5,150,39,189,79.37,49,106,58,8,2,18.18,5,3,2,0,0,5,26.32,30,10,13,20,37.74,13,50.0,33,41.77,616,13.33,0,0,0,0,0,0,4,0,21,9,0,1,3,6,60.0,0,0,0,8,86,7,11,5,314,14,15,1,0,1,0,7,0,0,,,,0,0,0,0,0,12,2,0,0,0,0,0,8,0.0,0,8,11,19,46,13,0,0,0,10,14,5,100.0,154.0,0,0,0,52,156,1,2.63,0,25,,9
826049,Mojmír Chytil,mojmir-chytil,2216,SK Slavia Praha,7.3,51.1,7,4,2,2,1,0.95,5,68,16,84,80.95,16,52,32,7,2,20.0,4,0,0,0,0,0,0.0,15,7,6,17,44.74,6,31.58,23,40.35,398,26.67,0,0,0,0,0,0,4,0,14,1,1,1,2,3,100.0,0,0,0,9,55,7,1,0,176,11,4,0,0,0,1,2,1,0,,,,1,0,0,0,0,4,2,0,0,0,0,0,5,0.0,0,6,10,3,34,13,0,0,0,3,6,2,50.0,99.5,0,0,0,17,70,2,2.11,0,13,,7
940647,Danilo,danilo,2351,Rangers,7.3,21.9,3,1,0,1,2,0.08,3,27,16,43,62.79,2,25,20,3,1,33.33,1,0,0,0,0,0,0.0,9,4,4,2,14.29,3,25.0,5,19.23,191,11.11,0,0,0,0,0,0,1,0,9,0,0,1,0,0,0.0,0,0,0,3,28,5,0,0,74,0,3,2,0,4,2,1,0,0,,,,0,0,0,0,0,2,0,0,0,0,0,0,2,0.0,0,3,3,0,21,9,0,0,0,1,2,1,100.0,191.0,0,0,0,2,41,0,1.63,0,12,,3
244039,Rodinei,rodinei,3245,Olympiacos FC,7.3,43.8,6,1,2,0,2,0.94,3,181,39,220,82.27,65,119,65,9,13,61.9,14,5,0,0,0,3,15.0,5,1,3,37,69.81,4,57.14,41,68.33,519,20.0,0,0,0,0,0,0,0,1,4,1,0,1,0,7,41.18,16,0,0,2,81,4,13,5,386,10,5,0,0,1,0,1,0,0,,,,0,0,0,0,0,13,0,0,0,0,0,0,6,0.0,0,9,21,20,19,3,0,0,0,17,13,8,57.14,519.0,0,0,0,76,164,1,0.23,0,21,,6
74915,Nicolás Otamendi,nicolas-otamendi,3006,Benfica,7.3,43.8,6,0,0,0,0,0.09,0,316,39,355,89.01,220,96,15,1,1,100.0,16,9,0,0,0,0,0.0,8,0,5,23,67.65,13,61.9,36,65.45,570,0.0,0,0,0,0,0,0,0,0,8,0,0,0,0,36,67.92,35,0,0,1,45,0,9,4,451,7,2,0,0,8,1,3,0,0,,,,2,0,0,0,0,5,0,0,0,0,0,0,6,0.0,0,1,1,0,19,8,0,0,0,53,5,7,43.75,0.0,0,0,0,242,113,1,0.5,5,31,,6
253875,Timon Wellenreuther,timon-wellenreuther,2959,Feyenoord,7.3,14.6,2,0,0,0,0,0.01,0,69,29,98,70.41,58,11,2,0,0,0.0,0,0,0,0,0,0,0.0,0,0,0,3,100.0,0,0.0,3,100.0,210,0.0,0,0,0,0,0,0,0,0,0,0,0,0,0,15,34.09,2,0,0,0,30,0,4,1,130,2,0,0,0,0,0,0,0,5,,,,0,0,0,4,1,1,1,2,3,3,2,0,2,0.0,0,0,0,0,0,0,0,0,0,44,2,0,0.0,0.0,0,0,1,61,37,0,0.0,10,30,,2
1001196,Gonçalo Inácio,goncalo-inacio,3001,Sporting CP,7.29,65.6,9,3,1,2,0,0.37,3,599,67,666,89.94,403,197,66,2,7,100.0,11,9,2,0,0,1,100.0,8,4,3,24,58.54,16,50.0,40,54.79,686,37.5,0,0,0,0,0,0,3,0,7,1,2,0,1,43,59.72,22,0,0,6,74,0,36,19,762,6,7,0,0,5,0,1,0,0,,,,0,0,0,0,0,7,1,0,0,0,0,0,8,0.0,0,2,7,1,33,16,0,0,0,72,8,7,63.64,228.67,0,0,0,430,237,2,1.46,12,42,,9
324399,Benjamin Bourigeaud,benjamin-bourigeaud,1658,Stade Rennais,7.29,51.0,7,3,2,0,1,0.48,4,226,36,262,86.26,98,135,76,16,0,0.0,4,8,2,0,0,7,18.92,9,5,2,6,25.0,0,0.0,6,20.69,474,33.33,2,2,0,0,1,0,2,1,3,6,0,0,3,19,63.33,2,0,0,5,81,3,18,8,352,2,4,0,0,6,0,2,0,0,,,,0,0,0,0,0,7,1,0,0,0,0,0,7,100.0,0,16,4,37,23,5,0,0,0,30,8,2,50.0,158.0,0,0,0,104,195,1,1.89,0,23,,7
1029018,Abdallah Sima,abdallah-sima,2351,Rangers,7.28,43.7,6,3,0,1,0,0.55,3,90,47,137,65.69,26,66,42,6,11,47.83,14,4,2,0,0,2,18.18,15,8,3,31,50.0,16,50.0,47,50.0,523,20.0,0,0,0,0,0,0,3,0,13,2,1,0,2,0,0.0,13,0,0,9,106,5,5,1,291,7,5,0,0,5,4,4,0,0,,,,1,0,0,0,0,6,0,0,0,0,0,0,6,0.0,0,6,23,11,47,16,0,0,0,7,6,9,64.29,174.33,0,0,0,34,114,0,2.0,0,27,,6
962883,Ansu Fati,ansu-fati,30,Brighton & Hove Albion,7.28,43.7,6,2,1,0,1,0.48,3,135,11,146,92.47,35,100,60,4,4,50.0,3,2,0,0,0,0,0.0,11,6,4,14,53.85,1,20.0,15,48.39,367,18.18,0,0,0,0,0,0,2,0,8,3,0,0,2,1,100.0,2,0,0,5,27,3,1,1,204,7,2,0,0,1,0,1,0,0,,,,0,0,0,0,0,7,0,0,0,0,0,0,4,0.0,0,4,8,2,16,4,0,0,0,1,7,3,100.0,183.5,0,0,0,35,113,1,1.01,0,9,,6
189009,Marko Janković,marko-jankovic,5962,Qarabağ FK,7.28,72.8,10,1,1,0,1,0.57,2,437,84,521,83.88,209,233,107,8,15,57.69,19,20,2,0,0,5,31.25,14,6,4,65,59.09,1,25.0,66,57.89,902,7.14,1,1,0,0,0,0,1,0,6,8,0,1,0,32,48.48,7,0,0,11,132,1,60,30,725,32,8,0,0,15,1,4,0,0,,,,2,0,0,0,0,16,2,0,0,0,0,0,10,100.0,0,8,26,16,48,3,0,0,0,66,18,11,57.89,902.0,0,0,0,233,304,2,1.65,0,94,,10
120787,Andrey Lunev,andrey-lunev,5962,Qarabağ FK,7.28,72.8,10,0,0,0,0,0.05,0,209,149,358,58.38,174,35,6,0,0,0.0,1,0,1,0,0,0,0.0,0,0,0,4,100.0,10,90.91,14,93.33,925,0.0,0,0,0,0,0,0,0,0,0,0,0,0,0,79,35.11,9,0,1,0,155,0,72,33,474,4,0,0,0,0,0,0,0,43,,,,2,2,0,26,15,16,2,7,1,1,11,0,10,0.0,0,0,0,0,1,1,0,0,0,225,18,1,100.0,0.0,0,0,2,211,147,1,0.0,92,97,,10
137978,William Carvalho,william-carvalho,2816,Real Betis,7.28,29.1,4,0,0,0,0,0.44,0,250,22,272,91.91,99,152,59,5,3,75.0,6,3,0,0,0,1,50.0,3,2,0,14,60.87,2,40.0,16,57.14,311,0.0,0,0,0,0,0,0,0,0,0,3,0,0,0,10,71.43,5,0,0,2,29,4,14,7,314,5,3,0,0,3,0,1,0,0,,,,0,0,0,0,0,5,0,0,0,0,0,0,4,0.0,0,5,4,2,12,3,0,0,0,14,5,4,66.67,0.0,0,0,0,103,171,0,0.07,0,31,,4
978521,Victor Okoh Boniface,victor-okoh-boniface,2681,Bayer 04 Leverkusen,7.26,58.1,8,5,2,3,1,0.51,6,71,29,100,71.0,20,51,25,6,5,31.25,3,2,1,0,0,0,0.0,24,10,11,14,41.18,8,57.14,22,45.83,385,20.83,1,1,0,0,0,0,4,1,18,6,2,1,2,3,42.86,3,0,0,3,56,0,2,1,178,6,4,0,0,3,4,3,1,0,,,,1,0,0,0,0,3,0,0,0,0,0,0,4,100.0,0,5,16,0,26,6,0,0,0,7,3,2,66.67,77.0,0,0,0,23,77,0,4.61,0,6,,8
833236,Juninho,juninho,5962,Qarabağ FK,7.26,72.6,10,5,2,1,1,0.42,6,65,31,96,67.71,12,54,35,6,10,66.67,8,3,2,0,0,1,50.0,23,11,7,28,42.42,19,38.0,47,40.52,795,21.74,0,0,1,0,0,0,5,0,17,6,0,2,3,1,33.33,3,0,0,11,83,11,4,1,233,10,17,0,0,7,4,5,0,0,,,,0,0,0,0,0,8,2,0,0,0,0,0,10,0.0,0,6,15,2,69,31,0,0,0,3,10,6,75.0,159.0,0,0,0,19,79,0,3.17,0,25,,10
953952,Emil Breivik,breivik-emil,661,Molde FK,7.26,36.3,5,2,1,2,1,0.42,3,156,38,194,80.41,61,99,44,7,3,42.86,10,5,1,0,0,4,44.44,6,5,1,21,51.22,3,60.0,24,52.17,450,33.33,0,0,0,0,0,0,2,0,6,0,1,0,1,6,60.0,6,0,0,4,62,2,12,7,285,8,7,0,0,6,0,0,0,0,,,,0,0,0,0,0,6,1,0,0,0,0,0,5,0.0,0,7,7,9,22,2,0,0,0,10,7,8,80.0,225.0,0,0,0,69,134,0,0.69,0,30,,5
1026524,Christos Zafeiris,christos-zafeiris,2216,SK Slavia Praha,7.26,50.8,7,1,2,0,2,0.79,3,223,35,258,86.43,97,127,77,8,6,75.0,7,5,0,0,0,1,20.0,11,1,6,26,50.98,3,30.0,29,47.54,464,9.09,0,0,0,0,1,1,0,1,5,6,0,0,1,16,66.67,5,0,0,8,60,1,21,13,348,13,8,1,0,7,0,4,0,0,,,,1,0,0,0,0,3,1,0,0,0,0,0,5,0.0,100,8,8,5,32,7,0,0,0,24,4,4,57.14,464.0,0,0,0,108,155,0,0.57,0,33,,7
151124,Jordan Veretout,jordan-veretout,1641,Olympique de Marseille,7.25,94.3,13,3,3,0,2,1.6,5,413,78,491,84.11,169,253,127,20,2,50.0,14,7,0,0,0,9,21.43,16,6,6,26,60.47,14,46.67,40,54.79,997,18.75,1,1,0,0,2,0,3,0,9,7,1,0,2,25,46.3,7,0,0,2,126,3,38,19,631,11,11,1,0,4,0,4,0,0,,,,1,0,0,0,0,12,1,0,0,0,0,0,11,100.0,0,20,4,42,33,16,0,0,0,54,13,10,71.43,332.33,0,0,0,187,346,2,2.44,0,35,,13
817957,Christian Pulišić,christian-pulisic,2692,AC Milan,7.25,43.5,6,2,0,1,1,0.44,3,154,28,182,84.62,49,109,62,8,8,50.0,9,0,1,0,0,4,19.05,10,5,3,23,62.16,1,25.0,24,58.54,443,20.0,0,0,0,0,0,0,2,0,7,3,0,1,1,4,80.0,4,0,0,1,69,2,8,4,281,6,3,0,0,3,2,2,0,0,,,,0,0,0,0,0,5,2,0,0,0,0,0,6,0.0,0,8,16,21,17,3,0,0,0,5,7,4,44.44,221.5,0,0,0,49,154,0,1.93,0,10,,6
965011,Matteo Ruggeri,matteo-ruggeri,2686,Atalanta,7.25,72.5,10,2,1,1,1,1.33,3,360,90,450,80.0,138,233,115,10,6,66.67,17,12,1,0,0,11,37.93,5,3,1,26,56.52,13,72.22,39,60.94,872,40.0,0,0,0,1,0,0,2,0,5,0,0,1,1,15,40.54,16,0,0,3,139,6,26,15,666,3,9,0,0,7,2,1,0,0,,,,3,0,0,0,0,5,1,0,0,0,0,0,10,0.0,0,10,9,29,25,5,0,0,0,37,6,11,64.71,436.0,0,0,0,156,323,1,1.16,0,80,,10
369650,Jonathan Gradit,jonathan-gradit,1648,RC Lens,7.25,14.5,2,0,0,0,0,0.08,0,123,12,135,91.11,49,74,29,1,0,0.0,1,2,1,0,0,0,0.0,1,0,0,6,66.67,9,56.25,15,60.0,193,0.0,0,0,0,0,0,0,0,0,1,0,0,0,0,9,69.23,13,0,0,1,14,0,15,9,166,5,2,0,0,0,0,1,0,0,,,,1,0,0,0,0,3,0,0,0,0,0,0,2,0.0,0,1,0,0,10,7,0,0,0,13,3,0,0.0,0.0,0,0,0,53,82,0,0.06,0,4,,2
548688,Jacob Karlstrøm,jacob-karlstrm,661,Molde FK,7.25,14.5,2,0,0,0,0,0.0,0,37,13,50,74.0,31,6,6,0,0,0.0,0,0,0,0,0,0,0.0,0,0,0,1,100.0,1,50.0,2,66.67,131,0.0,0,0,0,0,0,0,0,0,0,0,0,0,0,11,47.83,1,0,0,0,13,0,9,6,71,0,0,0,0,0,0,0,0,7,,,,0,0,0,3,4,3,0,1,1,1,2,0,2,0.0,0,0,0,0,1,1,0,0,0,23,3,0,0.0,0.0,0,0,3,33,17,1,0.0,12,13,,2
98448,Jack Butland,jack-butland,2351,Rangers,7.25,58.0,8,0,0,0,0,0.02,0,148,75,223,66.37,125,23,14,0,0,0.0,0,0,1,0,0,0,0.0,0,0,0,0,0.0,0,0.0,0,0.0,720,0.0,0,0,0,0,0,0,0,0,0,0,0,0,0,41,35.65,3,0,0,0,75,0,21,7,302,0,0,0,0,0,0,0,0,27,,,,2,1,0,19,8,9,0,0,2,2,5,2,8,0.0,0,0,0,0,0,0,0,0,0,115,9,0,0.0,0.0,0,0,13,133,90,0,0.0,73,67,,8
324353,Aleksey Miranchuk,aleksey-miranchuk,2686,Atalanta,7.24,65.2,9,0,7,0,4,1.89,4,128,30,158,81.01,34,106,59,14,5,50.0,7,3,0,0,0,12,57.14,8,1,6,19,50.0,2,33.33,21,47.73,418,0.0,0,0,0,0,0,0,0,0,4,4,0,0,0,10,90.91,2,0,0,7,72,5,9,6,261,7,2,0,0,7,1,1,0,0,,,,0,0,0,0,0,3,0,0,0,0,0,0,4,0.0,0,14,10,21,23,4,0,0,0,11,3,2,28.57,0.0,0,0,0,41,138,1,0.41,0,30,,10
991478,Amine Adli,amine-adli,2681,Bayer 04 Leverkusen,7.24,94.1,13,1,5,8,2,1.78,3,392,72,464,84.48,110,287,169,21,7,43.75,21,4,1,0,0,5,17.24,31,11,12,47,55.95,22,61.11,69,57.5,981,3.23,0,0,0,0,0,0,1,0,24,7,0,1,0,2,18.18,7,0,0,10,145,14,7,2,689,20,14,1,0,6,9,8,0,0,,,,2,0,0,0,0,10,1,0,0,0,0,0,11,0.0,0,21,16,29,51,14,0,0,0,11,11,11,52.38,981.0,0,0,0,123,370,3,3.42,0,37,,13
147699,Steve Rouiller,steve-rouiller,2448,Servette FC,7.23,21.7,3,1,0,0,0,0.07,1,154,31,185,83.24,74,80,31,2,0,0.0,8,2,2,0,0,0,0.0,2,1,1,9,64.29,8,50.0,17,56.67,270,50.0,0,0,0,0,0,0,1,0,2,0,0,1,0,17,56.67,11,0,0,0,31,0,22,9,217,1,4,0,0,1,0,0,0,0,,,,0,0,0,0,0,4,0,0,0,0,0,0,3,0.0,0,2,0,0,13,8,0,0,0,30,4,4,50.0,270.0,0,0,0,84,101,1,0.44,2,18,,3
151003,Berat Djimsiti,berat-djimsiti,2686,Atalanta,7.23,86.8,12,1,1,0,0,0.72,1,468,82,550,85.09,336,133,38,4,3,100.0,19,22,3,0,0,1,33.33,4,3,1,25,59.52,34,65.38,59,62.77,1044,25.0,0,0,0,0,0,0,1,0,4,0,0,1,0,48,63.16,45,0,1,0,92,2,29,19,694,3,10,1,0,8,1,0,0,0,,,,5,0,0,0,0,6,1,0,0,0,0,0,12,0.0,0,4,3,3,35,18,0,0,0,76,7,12,63.16,1044.0,0,0,0,367,186,3,0.38,2,74,,12
797602,Deian Sorescu,deian-sorescu,35268,Raków Częstochowa,7.23,21.7,3,0,2,0,0,0.4,0,52,25,77,67.53,20,36,16,4,4,100.0,4,3,0,0,0,4,44.44,3,0,1,13,81.25,1,20.0,14,66.67,191,0.0,0,0,0,0,0,0,0,0,3,0,0,0,0,5,41.67,8,0,0,0,35,0,14,6,123,5,3,0,0,1,1,2,0,0,,,,0,0,0,0,0,3,0,0,0,0,0,0,2,0.0,0,4,4,9,7,4,0,0,0,12,3,3,75.0,0.0,0,0,0,29,57,0,0.25,0,13,,3
155718,Yassine Benzia,yassine-benzia,5962,Qarabağ FK,7.23,72.3,10,2,1,0,1,1.43,3,248,45,293,84.64,72,186,109,17,8,53.33,13,6,0,0,0,10,27.78,9,2,3,31,50.0,4,66.67,35,51.47,724,22.22,0,0,0,0,1,0,2,0,5,4,0,0,2,18,78.26,11,0,0,5,98,5,26,18,436,11,14,0,0,7,2,4,0,0,,,,0,0,0,0,0,3,1,0,0,0,0,0,9,0.0,0,17,15,36,33,2,0,0,0,23,4,9,69.23,362.0,0,0,0,79,250,1,0.63,0,38,,10
142904,Alberto Brignoli,alberto-brignoli,3248,Panathinaikos FC,7.22,36.1,5,0,1,0,0,0.02,0,91,44,135,67.41,77,14,5,1,0,0.0,0,0,0,0,0,0,0.0,0,0,0,1,100.0,2,66.67,3,75.0,450,0.0,0,0,0,0,0,0,0,0,0,0,0,0,0,21,33.87,2,0,0,0,46,0,31,15,182,1,0,0,0,0,0,0,0,17,,,,2,1,0,9,8,6,2,1,0,0,4,0,5,0.0,0,1,0,0,1,1,0,0,0,62,8,0,0.0,0.0,0,0,5,91,44,1,0.0,12,37,,5
220223,Andrea Belotti,andrea-belotti,2702,AS Roma,7.22,43.3,6,3,0,2,0,0.31,3,53,14,67,79.1,19,35,15,6,4,40.0,7,1,1,0,0,1,100.0,9,5,3,24,61.54,5,31.25,29,52.73,270,33.33,0,0,0,0,0,0,3,0,8,1,2,1,0,2,100.0,4,0,0,4,33,3,1,1,138,13,4,0,0,2,1,1,0,0,,,,1,0,0,0,0,1,0,0,0,0,0,0,3,0.0,0,6,10,1,26,11,0,0,0,2,1,5,71.43,90.0,0,0,0,21,47,1,1.68,0,12,,6
883537,Luis Díaz,luis-diaz,44,Liverpool FC,7.21,50.5,7,3,1,1,0,0.63,3,160,26,186,86.02,42,119,66,5,8,57.14,5,1,0,0,0,1,33.33,10,6,3,20,47.62,3,14.29,23,36.51,442,30.0,0,0,1,0,0,0,3,0,7,3,1,0,2,10,90.91,0,0,0,11,57,4,13,11,268,8,5,0,0,1,3,1,0,0,,,,0,0,0,0,0,6,1,0,0,0,0,0,5,0.0,0,5,14,3,40,18,0,0,0,11,7,4,80.0,147.33,0,0,0,46,143,0,1.41,0,14,,7
905381,Thijs Dallinga,thijs-dallinga,1681,Toulouse,7.21,57.7,8,4,4,2,2,0.72,6,92,44,136,67.65,32,62,35,7,6,85.71,7,1,0,0,0,2,50.0,12,5,5,18,50.0,10,45.45,28,48.28,659,33.33,1,1,0,0,0,0,4,0,12,0,0,0,4,0,0.0,10,0,0,11,75,1,9,5,230,5,6,1,0,0,5,2,0,0,,,,1,0,0,0,0,8,0,0,0,0,0,0,8,100.0,0,7,7,4,30,12,0,0,0,0,8,6,85.71,164.75,0,0,0,45,95,0,2.27,0,13,,8
821728,Jonathan Clauss,jonathan-clauss,1641,Olympique de Marseille,7.2,86.4,12,2,10,0,6,2.83,8,319,100,419,76.13,127,212,113,22,3,25.0,21,14,2,0,0,20,27.78,7,2,2,27,45.76,5,71.43,32,48.48,1005,28.57,0,0,0,2,1,0,2,0,4,3,0,0,2,20,36.36,22,1,0,2,194,3,27,6,710,3,12,1,0,9,0,3,0,0,,,,0,0,0,0,0,18,1,0,0,0,0,0,12,0.0,0,22,12,72,34,2,0,0,0,55,19,15,71.43,502.5,0,0,0,154,337,1,1.32,0,45,,12
103417,Isco,isco,2816,Real Betis,7.2,43.2,6,1,2,1,2,0.36,3,215,44,259,83.01,54,165,87,10,10,62.5,4,2,1,0,0,4,20.0,7,2,4,27,55.1,2,66.67,29,55.77,362,14.29,0,0,1,0,1,0,1,0,2,5,1,0,0,6,37.5,0,0,0,9,84,4,23,10,350,13,4,0,0,3,2,1,0,0,,,,0,0,0,0,0,7,0,0,0,0,0,0,3,0.0,0,10,16,20,23,1,0,0,0,16,7,4,100.0,362.0,0,0,0,63,216,0,0.59,0,22,,6
96544,Geoffrey Kondogbia,geoffrey-kondogbia,1641,Olympique de Marseille,7.2,93.6,13,1,0,0,1,0.96,2,562,76,638,88.09,306,257,107,6,5,71.43,32,28,1,0,0,1,50.0,17,4,9,54,66.67,8,42.11,62,62.0,1097,5.88,0,0,0,0,1,0,1,0,5,12,0,0,1,36,63.16,12,0,1,4,96,4,44,29,815,18,13,0,0,9,1,4,0,0,,,,3,0,0,0,0,19,1,0,0,0,0,0,12,0.0,0,6,7,2,38,11,0,0,0,57,20,22,68.75,1097.0,0,0,0,326,314,1,1.13,0,78,,13
794100,Dujon Sterling,dujon-sterling,2351,Rangers,7.2,14.4,2,1,0,0,0,0.02,1,19,4,23,82.61,11,8,5,0,1,33.33,6,2,1,0,0,0,0.0,2,2,0,9,56.25,1,50.0,10,55.56,123,50.0,0,0,0,0,0,0,1,0,1,1,0,0,1,2,66.67,2,0,0,1,14,2,1,1,59,2,4,0,0,0,0,0,0,0,,,,0,0,0,0,0,2,0,0,0,0,0,0,1,0.0,0,0,3,2,8,1,0,0,0,3,2,2,33.33,123.0,0,0,0,12,13,0,0.76,0,9,,3
892141,Santiago Giménez,santiago-gimenez,2959,Feyenoord,7.2,14.4,2,1,1,0,0,0.03,1,10,5,15,66.67,3,7,3,1,0,0.0,1,0,0,0,0,0,0.0,5,2,2,2,50.0,1,50.0,3,50.0,105,20.0,0,0,0,0,0,0,1,0,5,0,0,0,0,1,50.0,2,0,0,1,9,0,1,0,29,1,1,0,0,0,0,1,0,0,,,,0,0,0,0,0,1,1,0,0,0,0,0,1,0.0,0,1,0,0,3,1,0,0,0,2,2,1,100.0,105.0,0,0,0,5,10,0,0.4,0,1,,2
353282,Oleksandr Zubkov,oleksandr-zubkov,3313,Shakhtar Donetsk,7.2,14.4,2,0,1,0,1,0.44,1,46,12,58,79.31,25,23,15,2,1,100.0,3,0,1,0,0,2,40.0,5,1,3,5,35.71,1,33.33,6,35.29,172,0.0,0,0,0,0,0,0,0,0,2,3,0,0,0,4,66.67,4,0,0,2,23,1,3,2,92,1,7,0,0,1,0,1,0,0,,,,0,0,0,0,0,5,0,0,0,0,0,0,2,0.0,0,2,1,5,11,2,0,0,0,6,5,3,100.0,0.0,0,0,0,29,34,0,0.21,0,8,,2
338695,Amor Layouni,amor-layouni,1760,BK Häcken,7.2,36.0,5,0,3,0,0,0.88,0,91,12,103,88.35,18,76,50,5,9,64.29,8,4,0,0,0,3,13.64,9,2,4,21,60.0,2,25.0,23,53.49,422,0.0,0,0,0,0,0,0,0,0,6,3,0,0,0,0,0.0,0,0,0,5,51,7,2,2,193,4,2,0,0,2,2,3,0,0,,,,0,0,0,0,0,12,2,0,0,0,0,0,5,0.0,0,5,14,22,20,6,0,0,0,0,14,6,75.0,0.0,0,0,0,19,106,0,0.5,0,18,,5
1426235,Mathis Lambourde,lambourde-mathis,1658,Stade Rennais,7.2,7.2,1,0,0,0,0,0.01,0,4,5,9,44.44,1,3,2,0,1,100.0,2,0,0,0,0,0,0.0,2,1,1,3,60.0,0,0.0,3,50.0,11,0.0,0,0,0,0,0,0,0,0,2,0,0,0,0,0,0.0,0,0,0,1,7,0,0,0,16,0,0,0,0,1,0,0,0,0,,,,0,0,0,0,0,0,0,0,0,0,0,0,0,0.0,0,0,1,0,3,1,0,0,0,0,0,2,100.0,0.0,0,0,0,1,8,0,0.19,0,1,,1
910086,Rıdvan Yılmaz,ridvan-yilmaz,2351,Rangers,7.2,14.4,2,0,0,0,0,0.04,0,63,17,80,78.75,32,31,16,0,4,50.0,2,4,1,0,0,0,0.0,2,0,1,6,46.15,0,0.0,6,42.86,180,0.0,0,0,0,0,0,0,0,0,0,2,0,0,0,5,71.43,3,0,0,1,44,1,7,4,165,0,1,0,0,1,0,1,0,0,,,,0,0,0,0,0,3,0,0,0,0,0,0,2,0.0,0,0,8,14,8,1,0,0,0,7,3,2,100.0,0.0,0,0,0,42,52,0,0.04,0,16,,2
1142572,Tristan Gooijer,tristan-gooijer,2953,AFC Ajax,7.2,7.2,1,0,1,0,0,0.01,0,2,2,4,50.0,0,2,2,1,1,100.0,0,3,0,0,0,0,0.0,1,0,0,1,50.0,1,100.0,2,66.67,16,0.0,0,0,0,0,0,0,0,0,0,1,0,0,0,0,0.0,1,0,0,0,3,0,0,0,12,0,0,0,0,1,0,1,0,0,,,,0,0,0,0,0,0,0,0,0,0,0,0,0,0.0,0,1,1,1,1,0,0,0,0,0,0,0,0.0,0.0,0,0,0,1,4,0,0.04,0,1,,1
807771,Dávid Hancko,david-hancko,2959,Feyenoord,7.2,14.4,2,0,0,0,0,0.05,0,163,8,171,95.32,98,65,15,0,0,0.0,1,2,1,0,0,0,0.0,0,0,0,2,50.0,0,0.0,2,28.57,210,0.0,0,0,0,0,0,0,0,0,0,0,0,0,0,7,53.85,15,0,0,0,11,0,10,6,199,1,1,0,0,1,0,0,0,0,,,,0,0,0,0,0,1,1,0,0,0,0,0,2,0.0,0,0,0,0,5,3,0,0,0,13,2,0,0.0,0.0,0,0,0,99,72,1,0.0,9,7,,2
125488,Cican Stanković,cican-stankovic,3250,AEK Athens,7.2,28.8,4,0,0,0,0,0.0,0,99,28,127,77.95,92,7,2,0,0,0.0,0,0,0,1,1,0,0.0,0,0,0,1,50.0,0,0.0,1,50.0,327,0.0,0,0,0,1,0,0,0,0,0,0,0,0,0,23,48.94,5,0,0,0,31,0,36,18,166,0,1,0,0,0,0,0,0,14,,,,0,4,0,9,5,5,0,1,2,2,0,0,4,0.0,0,0,0,0,1,0,0,0,0,47,5,0,0.0,0.0,0,0,6,102,25,0,0.0,29,28,,4
852394,Kjell Scherpen,kjell-scherpen,2051,SK Sturm Graz,7.2,43.2,6,0,0,0,0,0.01,0,102,75,177,57.63,82,20,7,0,0,0.0,0,0,0,0,0,0,0.0,0,0,0,1,100.0,5,100.0,6,100.0,540,0.0,0,0,0,0,0,0,0,0,0,0,0,0,0,41,35.65,5,0,0,0,78,0,50,18,241,1,0,0,0,0,0,0,0,20,,,,1,1,0,17,3,7,2,3,2,2,8,0,6,0.0,0,0,0,0,0,0,0,0,0,115,9,0,0.0,0.0,0,0,5,93,84,0,0.0,49,46,,6
555540,Lorenzo Pellegrini,lorenzo-pellegrini,2702,AS Roma,7.19,71.9,10,2,5,1,1,0.9,3,247,65,312,79.17,122,128,66,10,7,63.64,11,4,3,0,0,3,16.67,15,3,6,30,46.88,6,54.55,36,48.0,730,13.33,0,0,0,0,1,0,1,1,9,6,0,0,2,14,53.85,11,0,0,5,101,3,25,16,450,13,11,1,0,14,2,6,0,0,,,,1,0,0,0,0,3,2,0,0,0,0,0,8,0.0,0,10,11,18,39,5,0,0,0,26,5,8,72.73,365.0,0,0,0,151,179,2,0.87,0,32,,10
829022,Konstantinos Mavropanos,konstantinos-mavropanos,37,West Ham United,7.19,64.7,9,0,0,2,0,0.08,0,439,56,495,88.69,296,143,32,0,5,100.0,4,16,0,0,0,0,0.0,8,0,8,14,60.87,16,50.0,30,54.55,806,0.0,0,0,0,0,0,0,0,0,8,0,0,0,0,41,60.29,32,0,0,0,61,0,51,30,599,5,6,1,0,3,0,0,0,0,,,,4,0,0,0,0,3,3,0,0,0,0,0,9,0.0,0,0,5,1,25,16,0,0,0,68,6,2,50.0,0.0,0,0,0,311,185,0,0.69,0,45,,9
806076,Ludovic Blas,ludovic-blas,1658,Stade Rennais,7.19,57.5,8,3,0,1,0,0.55,3,96,9,105,91.43,30,70,46,6,11,64.71,5,1,2,0,0,4,22.22,16,10,3,24,57.14,0,0.0,24,55.81,368,18.75,1,1,1,0,0,0,1,2,11,5,0,3,0,2,40.0,0,0,0,3,39,1,3,1,190,8,8,1,0,1,1,3,0,0,,,,0,0,0,0,0,3,1,0,0,0,0,0,3,100.0,0,6,17,18,19,1,0,0,0,5,4,3,60.0,122.67,0,0,0,30,93,0,1.61,0,15,,8
45925,Stephan El Shaarawy,stephan-el-shaarawy,2702,AS Roma,7.18,93.4,13,0,6,1,5,3.56,5,309,83,392,78.83,137,176,88,18,11,44.0,14,10,0,0,0,4,28.57,24,5,12,34,54.84,4,57.14,38,55.07,950,0.0,0,0,0,0,0,0,0,0,16,8,0,0,0,18,58.06,12,0,0,9,146,4,36,22,607,10,1,1,0,4,2,7,0,0,,,,2,0,0,0,0,7,1,0,0,0,0,0,11,0.0,0,18,25,14,31,3,0,0,0,31,8,8,57.14,0.0,0,0,0,165,241,1,1.88,0,38,,13
80465,Petros Mantalos,petros-mantalos,3250,AEK Athens,7.18,43.1,6,0,2,0,1,0.95,1,129,35,164,78.66,45,87,52,12,7,77.78,12,1,1,0,0,3,20.0,4,0,2,29,60.42,1,25.0,30,57.69,345,0.0,0,0,0,0,0,0,0,0,2,2,0,0,0,15,68.18,1,0,0,4,66,0,22,14,241,10,9,0,0,4,2,2,0,0,,,,0,0,0,0,0,7,0,0,0,0,0,0,4,0.0,0,12,9,15,22,3,0,0,0,22,7,8,66.67,0.0,0,0,0,55,124,0,0.28,0,17,,6
850976,Alexander Bah,alexander-bah,3006,Benfica,7.18,43.1,6,0,1,0,0,0.34,0,226,71,297,76.09,120,106,57,3,4,36.36,14,6,2,0,0,0,0.0,3,1,2,23,50.0,16,61.54,39,54.17,505,0.0,0,0,0,0,0,0,0,0,1,2,0,0,0,12,35.29,15,0,0,5,120,2,24,7,466,5,6,0,0,7,0,0,0,0,,,,2,0,0,0,0,5,0,0,0,0,0,0,5,0.0,0,3,11,9,33,10,0,0,0,34,5,11,78.57,0.0,0,0,0,139,167,1,0.11,0,26,,6
799041,Tomáš Souček,tomas-soucek,37,West Ham United,7.18,71.8,10,2,0,1,1,0.36,3,250,60,310,80.65,123,127,58,4,0,0.0,7,14,1,0,0,0,0.0,10,5,4,13,43.33,26,63.41,39,54.93,672,20.0,0,0,0,0,0,0,2,0,9,1,1,0,1,9,45.0,15,0,0,2,72,2,14,12,394,6,13,0,0,5,0,1,0,0,,,,3,0,0,0,0,4,2,0,0,0,0,0,7,0.0,0,4,0,5,32,15,0,0,0,20,6,4,57.14,336.0,0,0,0,133,182,0,1.08,0,41,,10
256219,Paulo Dybala,paulo-dybala,2702,AS Roma,7.18,64.6,9,2,3,3,1,1.28,3,233,36,269,86.62,78,162,81,8,5,45.45,5,2,0,0,0,7,36.84,19,7,7,35,59.32,1,25.0,36,57.14,606,10.53,0,0,0,0,3,0,2,0,9,10,0,2,0,19,79.17,1,0,0,9,89,4,22,16,400,25,3,0,0,6,2,5,0,0,,,,0,0,0,0,0,4,2,0,0,0,0,0,7,0.0,0,8,11,19,27,3,0,0,0,24,6,3,60.0,303.0,0,0,0,84,204,1,1.81,0,23,,9
78893,Romelu Lukaku,romelu-lukaku,2702,AS Roma,7.18,93.3,13,7,3,6,1,1.75,8,169,69,238,71.01,40,129,80,18,7,58.33,4,2,0,0,0,0,0.0,26,15,8,22,43.14,17,48.57,39,45.35,1082,26.92,0,0,0,0,0,0,7,0,23,3,1,4,2,3,60.0,9,0,0,17,125,6,12,6,375,11,6,1,0,2,7,3,0,0,,,,1,0,0,0,0,8,2,0,0,0,0,0,13,0.0,0,18,12,3,47,18,0,0,0,5,10,2,50.0,154.57,0,0,0,54,187,1,4.77,0,13,,13
548848,Pau López,pau-lopez,1641,Olympique de Marseille,7.18,93.3,13,0,0,0,0,0.04,0,323,159,482,67.01,265,58,20,2,0,0.0,0,0,1,0,0,0,0.0,0,0,0,3,75.0,2,100.0,5,83.33,1200,0.0,0,0,0,0,0,0,0,0,0,0,0,0,0,94,37.9,10,0,0,0,164,0,83,34,601,4,0,0,0,1,0,0,0,41,,,,3,2,0,29,12,20,1,7,3,3,11,0,13,0.0,0,2,0,0,1,0,0,0,0,248,21,0,0.0,0.0,0,2,13,290,192,2,0.0,66,87,,13
611210,Gianluca Mancini,gianluca-mancini,2702,AS Roma,7.18,86.1,12,3,1,2,0,0.48,3,563,74,637,88.38,385,181,61,8,2,100.0,16,12,2,0,0,3,33.33,7,4,3,27,57.45,20,60.61,47,58.75,1084,42.86,0,0,0,0,0,0,3,0,7,0,1,1,1,27,43.55,26,0,0,2,89,1,34,14,773,9,14,0,1,5,1,0,0,0,,,,3,0,0,0,0,8,3,0,0,0,0,0,12,0.0,0,8,2,9,33,13,0,0,0,62,11,11,68.75,361.33,0,0,0,411,235,3,1.78,13,41,,12
927407,Josip Stanišić,josip-stanisic,2681,Bayer 04 Leverkusen,7.17,93.2,13,1,2,0,4,0.76,5,453,40,493,91.89,222,234,113,10,6,85.71,15,6,0,0,0,3,33.33,3,2,1,24,61.54,4,40.0,28,57.14,789,33.33,0,0,0,0,0,0,1,0,2,1,0,1,0,17,68.0,13,0,0,3,63,1,21,9,638,3,1,0,0,11,0,0,0,0,,,,4,0,0,0,0,4,1,0,0,0,0,0,9,0.0,0,10,7,9,21,6,0,0,0,25,5,11,73.33,789.0,0,0,0,238,264,1,0.17,0,50,,13
142390,Jonas Hofmann,jonas-hofmann,2681,Bayer 04 Leverkusen,7.17,64.5,9,2,2,2,2,1.12,4,178,20,198,89.9,49,139,73,18,1,33.33,4,2,0,0,0,10,62.5,7,4,2,5,33.33,0,0.0,5,29.41,283,28.57,0,0,0,0,0,0,2,0,5,2,0,1,1,4,80.0,4,0,0,2,39,5,3,2,258,0,3,1,0,3,0,1,0,0,,,,0,0,0,0,0,3,0,0,0,0,0,0,3,0.0,0,18,3,16,12,2,0,0,0,5,3,3,75.0,141.5,0,0,0,56,158,1,1.01,0,13,,9
807301,Gianluca Scamacca,gianluca-scamacca,2686,Atalanta,7.16,78.8,11,6,1,3,1,0.38,7,115,64,179,64.25,23,92,54,7,6,40.0,6,1,2,0,0,0,0.0,28,12,12,26,34.21,17,44.74,43,37.72,698,21.43,0,0,0,0,1,0,5,1,17,11,0,2,4,10,71.43,7,0,0,15,121,6,14,6,329,14,20,2,0,6,10,4,0,0,,,,1,0,0,0,0,6,1,0,0,0,0,0,9,0.0,0,7,15,1,71,21,0,0,0,14,7,5,83.33,116.33,0,0,0,31,149,2,4.52,0,16,,11
910031,Alex Baena,alex-baena,2819,Villarreal,7.16,57.3,8,2,5,1,3,1.37,5,92,35,127,72.44,43,60,35,16,4,57.14,3,6,3,0,0,11,40.74,6,3,1,15,35.71,2,33.33,17,35.42,366,33.33,0,0,1,1,2,0,2,0,4,2,0,0,2,7,46.67,2,0,0,3,68,4,13,7,208,8,13,0,0,8,3,2,0,0,,,,0,0,0,0,0,6,2,0,0,0,0,0,5,0.0,0,16,7,27,31,4,0,0,0,15,8,0,0.0,183.0,0,0,0,46,108,0,1.1,0,15,,8
284395,Qazim Laci,qazim-laci,2218,AC Sparta Praha,7.16,71.6,10,0,2,2,2,0.97,2,277,65,342,80.99,154,126,60,7,11,84.62,17,10,2,0,0,3,30.0,19,7,9,40,57.14,7,63.64,47,58.02,679,0.0,0,0,0,0,2,0,0,0,8,11,0,0,0,25,52.08,14,0,0,4,92,8,40,23,482,12,9,0,0,17,0,3,0,0,,,,1,0,0,0,0,11,2,0,0,0,0,0,8,0.0,0,7,13,10,34,4,0,0,0,48,13,11,64.71,0.0,0,0,0,170,182,1,1.33,0,50,,10
900697,Pierre Cornud,pierre-cornud,5197,Maccabi Haifa,7.16,35.8,5,0,2,1,2,0.89,2,119,27,146,81.51,73,49,20,5,2,100.0,14,2,3,0,0,3,21.43,3,1,2,18,51.43,5,50.0,23,51.11,379,0.0,0,0,0,0,0,0,0,0,2,1,0,0,0,8,47.06,11,0,0,2,51,1,17,11,250,2,7,0,0,8,2,0,0,0,,,,1,0,0,0,0,3,3,0,0,0,0,0,4,0.0,0,5,2,14,22,5,0,0,0,17,6,11,78.57,0.0,0,0,0,90,70,0,0.43,0,14,,5
946888,Éderson,ederson,2686,Atalanta,7.16,85.9,12,1,2,2,0,1.21,1,374,83,457,81.84,159,218,113,14,9,60.0,21,18,1,0,0,3,50.0,11,5,6,48,61.54,11,47.83,59,58.42,919,9.09,0,0,0,0,0,0,1,0,6,5,1,0,0,38,60.32,13,0,0,7,123,7,39,25,627,18,14,0,0,4,1,0,1,0,,,,3,0,0,0,0,6,1,0,0,0,0,0,11,0.0,0,13,15,6,42,12,0,0,0,63,7,15,71.43,919.0,0,0,0,180,283,0,0.78,0,68,,12
214080,Abdellah Zoubir,abdellah-zoubir,5962,Qarabağ FK,7.15,71.5,10,3,1,2,1,1.19,4,343,63,406,84.48,106,241,131,18,16,51.61,9,5,0,0,0,4,40.0,10,5,2,39,50.0,4,26.67,43,46.24,917,30.0,0,0,0,0,0,0,3,0,9,1,1,1,1,12,70.59,5,1,0,14,122,7,20,12,560,14,5,0,0,6,3,3,0,0,,,,2,0,0,0,0,13,2,0,0,0,0,0,10,0.0,0,18,31,10,50,11,0,0,0,17,15,7,77.78,305.67,0,0,0,123,293,1,2.59,0,43,,10
1023091,David Pereira Da Costa,david-pereira-da-costa,1648,RC Lens,7.15,14.3,2,1,0,0,0,0.08,1,48,12,60,80.0,23,27,12,1,1,100.0,0,2,0,0,0,2,28.57,4,1,2,3,60.0,1,50.0,4,57.14,153,25.0,0,0,0,0,0,0,1,0,2,2,0,1,0,1,50.0,1,0,0,0,22,0,4,2,84,2,1,0,0,1,0,1,0,0,,,,0,0,0,0,0,1,0,0,0,0,0,0,2,0.0,0,1,1,7,3,1,0,0,0,2,1,0,0.0,153.0,0,0,0,28,39,0,0.21,0,5,,2
353272,Mykola Matvienko,mykola-matvienko,3313,Shakhtar Donetsk,7.15,14.3,2,1,0,0,0,0.11,1,132,14,146,90.41,104,28,7,1,0,0.0,0,4,1,0,0,0,0.0,1,1,0,1,50.0,1,33.33,2,40.0,180,100.0,0,0,0,0,0,0,1,0,1,0,0,1,0,10,66.67,9,0,0,0,14,0,11,7,167,1,1,0,0,0,0,0,0,0,,,,0,0,0,0,0,5,0,0,0,0,0,0,2,0.0,0,1,0,0,3,2,0,0,0,15,5,0,0.0,180.0,0,0,0,112,34,0,0.07,2,7,,2
850993,David Neres,david-neres,3006,Benfica,7.15,42.9,6,0,3,0,1,0.94,1,107,22,129,82.95,32,77,41,9,11,64.71,4,1,1,0,0,2,18.18,10,2,3,18,48.65,1,33.33,19,47.5,380,0.0,0,0,0,0,0,0,0,0,9,1,0,0,0,2,50.0,2,0,0,6,57,5,3,1,218,3,5,0,0,2,0,5,0,0,,,,0,0,0,0,0,4,0,0,0,0,0,0,5,0.0,0,9,17,11,21,2,0,0,0,4,4,3,75.0,0.0,0,0,0,37,103,0,0.6,0,25,,6
13249,Claudio Bravo,claudio-bravo,2816,Real Betis,7.15,14.3,2,0,0,0,0,0.0,0,40,18,58,68.97,36,4,1,0,0,0.0,0,0,1,0,0,0,0.0,0,0,0,1,50.0,1,100.0,2,66.67,180,0.0,0,0,0,0,0,0,0,0,0,0,0,0,0,13,41.94,3,0,0,0,18,0,13,9,78,1,0,0,0,1,0,0,0,7,,,,0,0,0,3,4,2,0,1,1,1,2,0,2,0.0,0,0,0,0,1,0,0,0,0,31,2,0,0.0,0.0,0,0,1,41,17,0,0.0,11,15,,2
248245,Vaná,vana,3397,Aris Limassol,7.15,42.9,6,0,0,0,0,0.01,0,100,92,192,52.08,86,14,6,0,0,0.0,1,0,0,0,0,0,0.0,0,0,0,3,100.0,2,100.0,5,100.0,540,0.0,0,0,0,0,0,0,0,0,0,0,0,0,0,27,23.08,8,0,1,0,94,0,28,6,285,2,0,0,0,0,0,0,0,28,,,,0,1,1,18,10,12,1,5,3,3,7,0,6,0.0,0,0,0,0,0,0,0,0,0,117,13,1,100.0,0.0,0,0,5,111,81,0,0.0,32,81,,6
826215,Ibrahima Konaté,ibrahima-konate,44,Liverpool FC,7.14,50.0,7,0,0,0,0,0.22,0,407,51,458,88.86,267,140,16,1,4,80.0,15,10,1,0,0,0,0.0,0,0,0,29,67.44,22,64.71,51,66.23,503,0.0,0,0,0,0,0,0,0,0,0,0,0,0,0,18,51.43,19,0,0,1,56,0,16,8,552,10,9,0,0,5,0,0,0,0,,,,2,0,0,0,0,6,1,0,0,0,0,0,7,0.0,0,1,5,0,26,12,0,0,0,35,7,9,60.0,0.0,0,0,0,284,174,2,0.0,0,41,,7
795002,Niklas Schmidt,niklas-schmidt,1681,Toulouse,7.14,35.7,5,0,2,0,0,0.84,0,177,41,218,81.19,92,91,34,7,7,63.64,11,3,2,0,0,6,23.08,7,2,3,22,56.41,0,0.0,22,53.66,416,0.0,0,0,0,0,0,0,0,0,1,6,0,0,0,23,62.16,3,0,0,2,73,4,30,16,303,4,9,0,0,3,1,2,0,0,,,,0,0,0,0,0,6,0,0,0,0,0,0,5,0.0,0,7,11,26,19,2,0,0,0,37,6,5,45.45,0.0,0,0,0,105,139,0,0.23,0,23,,5
280609,Patrik Schick,patrik-schick,2681,Bayer 04 Leverkusen,7.13,64.2,9,5,1,2,0,0.27,5,58,13,71,81.69,11,47,32,4,2,40.0,4,0,1,0,0,0,0.0,18,8,6,8,38.1,11,47.83,19,43.18,301,27.78,0,0,0,0,0,0,4,1,14,4,2,1,2,3,100.0,2,0,0,2,28,0,0,0,123,2,7,2,0,2,0,4,0,0,,,,0,0,0,0,0,2,0,0,0,0,0,0,3,0.0,0,4,5,0,25,12,0,0,0,3,2,2,50.0,60.2,0,0,0,15,56,1,2.73,0,0,,9
985412,Indrit Tuci,indrit-tuci,2218,AC Sparta Praha,7.13,21.4,3,1,1,0,1,0.01,2,13,8,21,61.9,4,9,5,1,1,50.0,1,0,0,0,0,0,0.0,2,1,1,3,50.0,0,0.0,3,37.5,64,50.0,0,0,0,0,0,0,1,0,1,1,1,0,0,0,0.0,1,0,0,0,12,0,1,1,33,1,1,0,0,1,0,0,0,0,,,,0,0,0,0,0,0,1,0,0,0,0,0,0,0.0,0,1,2,1,5,2,0,0,0,3,1,1,100.0,64.0,0,0,0,5,17,1,0.19,0,5,,3
319309,Samuel Gustafson,samuel-gustafson,1760,BK Häcken,7.13,42.8,6,0,0,1,1,0.92,1,433,43,476,90.97,173,261,131,9,1,100.0,8,2,2,0,0,1,8.33,3,1,1,17,51.52,5,50.0,22,51.16,531,0.0,0,0,0,0,0,0,0,0,1,2,0,0,0,29,78.38,6,0,0,2,59,2,42,25,543,8,7,0,0,8,0,1,0,0,,,,0,0,0,0,0,14,2,0,0,0,0,0,6,0.0,0,9,1,12,21,5,0,0,0,37,16,3,37.5,0.0,0,0,0,185,303,0,0.22,0,38,,6
966616,Anatoliy Trubin,anatoliy-trubin,3006,Benfica,7.13,42.8,6,0,0,0,0,0.0,0,120,43,163,73.62,107,13,3,0,0,0.0,0,0,0,0,0,0,0.0,0,0,0,0,0.0,2,100.0,2,100.0,570,0.0,0,0,0,0,0,0,0,0,0,0,0,0,0,33,43.42,3,0,1,0,43,0,10,8,219,1,0,0,0,0,0,0,0,18,,,,2,0,0,8,10,5,0,1,0,0,2,0,6,0.0,0,0,0,0,0,0,0,0,0,76,5,0,0.0,0.0,0,0,4,119,44,0,,46,42,,6
151967,Aleš Mandous,ales-mandous,2216,SK Slavia Praha,7.13,42.8,6,0,0,0,0,0.0,0,170,21,191,89.01,155,15,1,0,0,0.0,1,0,1,0,0,0,0.0,0,0,0,1,100.0,0,0.0,1,100.0,540,0.0,0,0,0,0,0,0,0,0,0,0,0,0,0,35,64.81,2,0,0,0,22,0,32,20,259,0,0,0,0,0,0,0,0,12,,,,4,0,0,6,6,3,1,0,4,4,3,0,6,0.0,0,0,0,0,0,0,0,0,0,54,4,1,100.0,0.0,0,0,3,165,26,0,0.0,29,67,,6
263651,Juan Musso,juan-musso,2686,Atalanta,7.13,85.6,12,0,0,0,0,0.02,0,220,122,342,64.33,163,57,10,0,0,0.0,0,0,0,0,0,0,0.0,0,0,0,1,50.0,5,100.0,6,85.71,1080,0.0,0,0,0,0,0,0,0,0,0,0,0,0,0,91,43.33,7,0,1,1,127,0,39,18,456,1,0,0,0,0,0,0,0,26,,,,5,3,0,16,9,7,1,4,9,9,12,0,12,0.0,0,0,0,0,1,0,0,0,0,210,8,0,0.0,0.0,0,0,4,187,155,0,0.0,77,130,,12
97001,João Mário,joao-mario,3006,Benfica,7.13,28.5,4,0,1,0,0,0.31,0,142,23,165,86.06,50,92,42,5,4,66.67,5,2,0,0,0,0,0.0,4,0,2,17,60.71,3,75.0,20,62.5,228,0.0,0,0,0,0,0,0,0,0,2,2,0,0,0,4,80.0,1,0,0,3,32,1,7,5,208,8,5,0,0,1,0,2,0,0,,,,1,0,0,0,0,1,0,0,0,0,0,0,2,0.0,0,5,6,1,12,1,0,0,0,5,1,4,80.0,0.0,0,0,0,55,111,0,0.55,0,20,,5
606164,Diogo Jota,diogo-jota,44,Liverpool FC,7.12,35.6,5,3,2,2,0,0.17,3,41,15,56,73.21,7,34,18,3,4,40.0,3,0,0,0,0,0,0.0,8,4,4,12,46.15,5,35.71,17,42.5,227,37.5,0,0,0,0,0,0,3,0,8,0,0,2,1,1,33.33,0,0,0,4,37,0,3,1,106,5,3,0,0,1,0,0,0,0,,,,1,0,0,0,0,2,0,0,0,0,0,0,2,0.0,0,3,10,0,23,9,0,0,0,3,2,2,66.67,75.67,0,0,0,10,46,0,2.08,0,6,,5
990355,Maksym Talovierov,maksym-talovierov,2058,LASK,7.12,35.6,5,1,0,0,0,0.19,1,185,37,222,83.33,123,62,23,2,0,0.0,7,12,2,0,0,0,0.0,3,2,0,9,56.25,11,78.57,20,66.67,408,33.33,0,0,0,0,0,0,1,0,1,2,1,0,0,18,56.25,26,1,0,0,40,0,22,13,300,2,5,0,0,2,0,1,0,0,,,,1,0,0,0,0,7,0,0,0,0,0,0,5,0.0,0,2,0,0,10,3,0,0,0,32,7,5,71.43,408.0,0,0,0,137,85,1,0.17,0,20,,5
1035995,Luiz Henrique,luiz-henrique,2816,Real Betis,7.12,35.6,5,0,1,0,0,0.2,0,77,12,89,86.52,22,56,26,2,12,63.16,10,1,0,0,0,1,7.14,9,4,3,26,63.41,4,57.14,30,62.5,241,0.0,0,0,0,0,0,0,0,0,3,6,0,0,0,6,85.71,1,0,0,6,44,1,2,2,170,4,0,0,0,2,0,2,0,0,,,,0,0,0,0,0,1,0,0,0,0,0,0,3,0.0,0,2,19,14,18,3,0,0,0,7,1,4,40.0,0.0,0,0,0,22,81,0,0.26,0,14,,5
152684,Lukáš Masopust,lukas-masopust,2216,SK Slavia Praha,7.12,42.7,6,2,0,1,1,0.55,3,249,61,310,80.32,116,141,69,8,2,33.33,11,1,2,0,0,8,27.59,5,3,1,14,37.84,1,50.0,15,38.46,468,40.0,0,0,0,0,1,0,1,1,3,2,0,0,2,22,48.89,2,0,0,3,99,6,31,13,398,1,9,0,0,7,1,1,1,0,,,,1,0,0,0,0,6,2,0,0,0,0,0,6,0.0,0,7,6,29,24,1,0,0,0,45,8,7,63.64,234.0,0,0,0,133,206,0,0.38,0,28,,6
895324,Alexis Mac Allister,alexis-mac-allister,44,Liverpool FC,7.12,42.7,6,1,1,0,2,0.73,3,255,41,296,86.15,123,132,49,7,2,33.33,8,8,0,0,0,0,0.0,5,1,1,22,52.38,1,25.0,23,50.0,409,20.0,1,1,1,0,0,0,1,0,4,1,0,0,1,9,40.91,3,0,1,5,59,0,16,11,378,12,6,0,0,6,1,3,0,0,,,,1,0,0,0,0,7,0,0,0,0,0,0,4,100.0,0,7,6,2,23,3,0,0,0,22,7,4,50.0,409.0,0,0,0,133,165,2,0.99,0,31,,6
847128,Marc Roca,marc-roca,2816,Real Betis,7.12,42.7,6,1,1,1,0,0.46,1,318,65,383,83.03,188,132,44,5,1,33.33,11,8,1,0,0,2,22.22,5,2,2,16,55.17,5,83.33,21,60.0,540,20.0,0,0,0,0,0,0,1,0,2,3,0,1,0,26,48.15,9,0,0,2,80,1,42,21,455,4,3,0,0,6,0,1,0,0,,,,1,0,0,0,0,7,0,0,0,0,0,0,6,0.0,0,5,3,9,14,1,0,0,0,54,7,8,72.73,540.0,0,0,0,208,184,0,0.94,1,30,,6
984014,Enzo Le Fée,enzo-le-fee,1658,Stade Rennais,7.12,42.7,6,0,2,0,3,0.56,3,207,27,234,88.46,64,147,89,7,6,54.55,6,1,0,0,0,4,40.0,3,0,2,18,51.43,3,75.0,21,53.85,321,0.0,0,0,0,0,2,0,0,0,1,2,0,0,0,12,80.0,1,0,0,5,56,2,10,8,308,6,3,1,0,5,0,1,0,0,,,,0,0,0,0,0,4,0,0,0,0,0,0,4,0.0,0,7,11,10,18,1,0,0,0,15,4,4,66.67,0.0,0,0,0,71,173,1,0.36,0,24,,6
859026,Amine Gouiri,amine-gouiri,1658,Stade Rennais,7.11,49.8,7,2,1,0,0,0.45,2,123,18,141,87.23,23,102,67,3,4,44.44,6,0,2,0,0,2,28.57,18,5,5,14,38.89,3,42.86,17,39.53,325,11.11,0,0,0,0,0,0,2,0,11,7,0,0,2,2,100.0,0,0,0,6,46,7,3,3,217,4,9,2,0,3,0,8,0,0,,,,0,0,0,0,0,4,0,0,0,0,0,0,3,0.0,0,3,9,7,26,4,0,0,0,2,4,3,50.0,162.5,0,0,0,25,123,0,1.79,0,18,,7
1003339,Jarell Quansah,jarell-quansah,44,Liverpool FC,7.11,49.8,7,1,0,0,0,0.11,1,526,46,572,91.96,376,150,36,1,4,66.67,12,6,1,0,0,0,0.0,2,1,0,19,59.38,15,60.0,34,59.65,539,50.0,0,0,0,0,0,0,1,0,2,0,0,0,1,28,60.87,17,0,0,2,52,0,23,13,641,3,7,0,0,3,0,1,0,0,,,,2,0,0,0,0,7,0,0,0,0,0,0,6,0.0,0,1,6,0,23,10,0,0,0,46,7,9,75.0,539.0,0,0,0,389,183,1,0.16,3,23,,7
149815,John Lundstram,john-lundstram,2351,Rangers,7.11,56.9,8,0,2,0,1,0.29,1,399,73,472,84.53,206,195,77,5,10,76.92,14,6,1,0,0,2,50.0,11,3,5,29,49.15,2,25.0,31,46.27,720,0.0,0,0,0,0,0,0,0,0,2,9,0,0,0,37,56.06,9,0,0,3,92,3,42,22,584,5,8,0,0,16,0,3,0,0,,,,2,0,0,0,0,9,0,0,0,0,0,0,8,0.0,0,5,13,4,36,6,0,0,0,66,9,7,50.0,0.0,0,0,0,220,256,0,0.45,0,70,,8
839981,Lucas Paquetá,lucas-paqueta,37,West Ham United,7.11,64.0,9,4,2,1,0,0.86,4,368,118,486,75.72,110,260,127,11,10,41.67,21,3,3,0,0,2,33.33,11,5,4,45,43.27,11,34.38,56,41.18,701,36.36,0,0,0,0,0,0,3,1,5,6,1,2,1,16,44.44,3,0,1,27,187,2,56,22,656,14,16,1,0,4,1,2,0,0,,,,2,0,0,0,0,4,1,0,0,0,0,0,8,0.0,0,11,24,6,80,21,0,0,0,36,5,13,61.9,175.25,0,0,0,134,358,0,2.31,0,51,,9
318927,Joe Gomez,joe-gomez,44,Liverpool FC,7.11,71.1,10,0,2,0,2,0.65,2,352,69,421,83.61,213,145,60,7,5,62.5,15,12,0,0,0,6,66.67,8,0,7,23,58.97,17,89.47,40,68.97,569,0.0,0,0,0,0,0,0,0,0,2,6,0,0,0,20,50.0,13,0,0,6,104,3,29,16,573,3,2,1,0,5,0,1,0,0,,,,1,0,0,0,0,8,0,0,0,0,0,0,6,0.0,0,7,8,9,18,2,0,0,0,40,8,11,73.33,0.0,0,0,0,239,191,2,0.28,2,39,,10
903679,Fotis Ioannidis,fotis-ioannidis,3248,Panathinaikos FC,7.1,42.6,6,5,1,4,0,0.75,5,68,23,91,74.73,19,49,35,4,8,34.78,1,0,1,0,0,0,0.0,21,9,8,20,39.22,5,33.33,25,37.88,436,23.81,3,2,1,0,0,0,5,0,19,2,1,0,4,1,100.0,2,0,0,9,68,1,4,3,197,11,6,2,0,2,1,4,0,0,,,,0,0,0,0,0,6,1,0,0,0,0,0,5,66.67,0,4,23,1,41,10,0,1,0,1,7,1,100.0,87.2,0,0,0,21,71,0,5.03,0,8,,6
831510,Veljko Birmančević,veljko-birmancevic,2218,AC Sparta Praha,7.1,63.9,9,4,1,4,0,0.94,4,109,58,167,65.27,28,84,50,9,12,52.17,5,4,3,0,0,3,10.34,15,10,3,29,49.15,1,12.5,30,44.78,642,26.67,0,0,0,0,0,0,3,1,12,3,0,2,2,2,25.0,2,0,0,7,132,4,7,4,334,12,5,0,0,8,3,2,0,0,,,,0,0,0,0,0,13,3,0,0,0,0,0,8,0.0,0,9,23,29,37,7,0,0,0,8,16,3,60.0,160.5,0,0,0,35,161,0,2.4,0,17,,9
891442,David Douděra,david-doudera,2216,SK Slavia Praha,7.1,56.8,8,3,2,2,2,0.95,5,149,66,215,69.3,58,101,52,6,0,0.0,11,3,1,0,0,10,31.25,14,3,7,15,46.88,7,58.33,22,50.0,658,21.43,0,0,0,0,0,0,2,1,8,6,1,0,2,13,36.11,3,0,0,1,108,3,22,5,363,4,6,1,0,7,2,4,0,0,,,,1,0,0,0,0,8,3,0,0,0,0,0,8,0.0,0,6,3,32,22,5,0,0,0,36,11,5,45.45,219.33,0,0,0,76,171,0,2.13,0,25,,8
1110842,Simon Adingra,simon-adingra,30,Brighton & Hove Albion,7.1,56.8,8,1,3,3,2,1.25,3,134,28,162,82.72,35,103,65,9,10,52.63,6,0,0,0,0,4,30.77,19,7,10,20,44.44,4,36.36,24,42.86,546,5.26,0,0,0,0,0,0,1,0,17,2,0,0,1,3,50.0,5,0,1,5,72,7,8,3,282,4,7,0,0,4,3,2,0,0,,,,4,0,0,0,0,4,0,0,0,0,0,0,6,0.0,0,9,19,13,32,7,0,0,0,6,4,3,50.0,546.0,0,0,0,41,134,0,1.91,0,25,,8
795066,Marcus Edwards,marcus-edwards,3001,Sporting CP,7.1,71.0,10,1,4,3,1,2.31,2,157,40,197,79.7,30,137,85,18,12,50.0,2,4,1,0,0,10,37.04,13,7,3,41,57.75,0,0.0,41,53.25,592,7.69,0,0,1,1,0,0,1,0,11,2,0,0,1,4,57.14,0,0,0,14,121,5,5,1,368,27,3,0,0,2,1,3,0,0,,,,0,0,0,0,0,5,0,0,0,0,0,0,6,0.0,0,18,24,27,36,6,0,0,0,7,5,1,50.0,592.0,0,0,0,35,189,0,2.23,0,23,,10
45512,Youssef El Arabi,youssef-el-arabi,3245,Olympiacos FC,7.1,14.2,2,1,0,0,0,0.01,1,9,1,10,90.0,1,8,5,1,0,0.0,1,0,0,0,0,0,0.0,3,2,0,3,60.0,0,0.0,3,60.0,36,33.33,0,0,0,0,0,0,1,0,2,1,0,0,1,1,100.0,0,0,0,2,5,1,1,0,20,2,0,0,0,0,0,1,0,0,,,,0,0,0,0,0,0,0,0,0,0,0,0,0,0.0,0,1,0,1,2,0,0,0,0,1,0,1,100.0,36.0,0,0,0,1,10,0,0.69,0,2,,2
1390545,Eguinaldo,eguinaldo,3313,Shakhtar Donetsk,7.1,14.2,2,1,0,0,0,0.07,1,13,8,21,61.9,4,9,8,2,0,0.0,2,1,2,0,0,0,0.0,6,2,2,8,44.44,0,0.0,8,40.0,180,16.67,0,0,1,0,0,0,1,0,5,1,1,0,0,0,0.0,2,0,0,6,21,0,1,0,53,6,3,0,0,0,1,2,0,0,,,,0,0,0,0,0,5,0,0,0,0,0,0,2,0.0,0,2,1,0,12,2,0,0,0,1,5,1,50.0,180.0,0,0,0,6,15,0,0.64,0,7,,2
877102,Nayef Aguerd,nayef-aguerd,37,West Ham United,7.1,42.6,6,1,0,0,0,0.04,1,278,51,329,84.5,197,81,20,0,0,0.0,4,1,0,0,0,0,0.0,4,2,2,4,80.0,18,78.26,22,78.57,413,25.0,0,0,0,0,0,0,1,0,4,0,1,0,0,22,45.83,10,0,0,0,54,0,39,18,363,0,1,0,0,0,0,0,0,0,,,,3,0,0,0,0,2,0,0,0,0,0,0,5,0.0,0,0,0,1,6,5,0,0,0,48,2,4,100.0,413.0,0,0,0,217,113,0,0.43,3,19,,6
16701,Étienne Capoue,etienne-capoue,2819,Villarreal,7.1,49.7,7,1,1,0,0,0.28,1,246,31,277,88.81,100,147,65,4,4,50.0,12,8,1,0,0,1,50.0,9,1,3,25,62.5,7,70.0,32,64.0,471,11.11,0,0,0,0,0,0,1,0,4,5,1,0,0,16,64.0,4,0,0,4,45,2,18,11,358,10,6,0,0,2,0,5,0,0,,,,2,0,0,0,0,2,2,0,0,0,0,0,5,0.0,0,4,8,2,18,3,0,0,0,25,4,5,41.67,471.0,0,0,0,106,173,0,0.38,0,23,,7
865646,Marco Carnesecchi,marco-carnesecchi,2686,Atalanta,7.1,7.1,1,0,0,0,0,0.0,0,16,17,33,48.48,13,3,0,0,0,0.0,0,0,0,0,0,0,0.0,0,0,0,0,0.0,1,100.0,1,100.0,84,0.0,0,0,0,0,0,0,0,0,0,0,0,0,0,4,19.05,0,0,0,0,18,0,2,0,47,0,0,0,0,0,0,0,0,3,,,,0,0,0,2,0,0,0,0,1,1,1,0,1,0.0,0,0,0,0,0,0,0,0,0,21,0,0,0.0,0.0,0,0,1,19,14,0,,7,12,,1
801073,Mikkel Rygaard,mikkel-rygaard,1760,BK Häcken,7.1,42.6,6,0,1,0,0,0.59,0,238,65,303,78.55,87,156,78,14,7,36.84,8,6,0,0,0,5,23.81,13,7,4,27,45.76,3,50.0,30,46.15,476,0.0,0,0,0,0,3,0,0,0,4,9,0,0,0,28,65.12,1,0,0,9,120,6,35,23,431,12,7,2,0,4,0,2,0,0,,,,0,0,0,0,0,14,2,0,0,0,0,0,6,0.0,0,14,19,21,35,3,0,0,0,43,16,6,75.0,0.0,0,0,0,107,217,0,0.8,0,47,,6
49639,Nicolas Höfler,nicolas-hofler,2538,SC Freiburg,7.1,71.0,10,0,1,0,0,0.62,0,514,65,579,88.77,315,201,67,7,3,60.0,24,12,1,0,0,2,66.67,11,1,6,46,67.65,15,53.57,61,63.54,890,0.0,0,0,0,0,0,0,0,0,7,4,0,0,0,20,64.52,11,0,2,3,78,2,32,15,710,21,8,0,0,10,0,4,0,0,,,,3,0,0,0,0,11,1,0,0,0,0,0,10,0.0,0,7,5,3,35,13,0,0,0,31,12,15,62.5,0.0,0,0,0,339,243,0,0.63,0,68,,10
1143585,Tommaso Del Lungo,del-lungo-tommaso,2686,Atalanta,7.1,7.1,1,0,0,1,0,0.03,0,45,9,54,83.33,36,9,3,0,2,100.0,5,1,0,0,0,0,0.0,1,0,0,7,46.67,2,40.0,9,45.0,90,0.0,0,0,0,0,0,0,0,0,1,0,0,0,0,3,37.5,6,0,0,1,11,1,3,1,75,0,3,0,0,4,0,1,0,0,,,,1,0,0,0,0,0,0,0,0,0,0,0,1,0.0,0,0,2,1,11,3,0,0,0,8,0,3,60.0,0.0,0,0,0,40,15,0,0.58,0,4,,1
959628,Mats Wieffer,mats-wieffer,2959,Feyenoord,7.1,14.2,2,0,0,1,0,0.23,0,77,18,95,81.05,30,47,24,2,4,100.0,3,3,1,0,0,0,0.0,5,2,2,7,46.67,2,66.67,9,50.0,209,0.0,0,0,0,0,0,0,0,0,2,3,0,0,0,2,50.0,3,0,0,2,23,1,5,4,134,0,4,0,0,2,0,1,0,0,,,,0,0,0,0,0,1,1,0,0,0,0,0,2,0.0,0,2,4,0,9,1,0,0,0,4,2,0,0.0,0.0,0,0,0,35,60,0,0.42,0,11,,2
99519,Marc Bartra,marc-bartra,2816,Real Betis,7.1,7.1,1,0,0,1,0,0.01,0,34,7,41,82.93,24,10,3,0,0,0.0,4,2,1,0,0,0,0.0,1,0,1,7,70.0,3,37.5,10,55.56,90,0.0,0,0,0,0,0,0,0,0,1,0,0,0,0,1,20.0,4,0,0,0,9,0,2,0,61,3,2,0,0,0,0,0,0,0,,,,0,0,0,0,0,1,0,0,0,0,0,0,1,0.0,0,0,1,0,8,5,0,0,0,5,1,2,50.0,0.0,0,0,0,24,17,0,0.1,0,5,,1
158241,Germán Pezzella,german-pezzella,2816,Real Betis,7.1,42.6,6,0,0,1,0,0.08,0,273,36,309,88.35,213,60,10,0,1,100.0,8,8,2,0,0,0,0.0,2,2,0,15,68.18,11,52.38,26,60.47,534,0.0,0,0,0,0,0,0,0,0,2,0,0,0,0,17,54.84,20,0,0,1,40,0,15,6,375,6,5,0,0,1,0,0,0,0,,,,1,0,0,0,0,6,0,0,0,0,0,0,6,0.0,0,0,1,0,17,10,0,0,0,31,6,5,62.5,0.0,0,0,0,229,80,1,0.1,0,32,,6
787540,Angelo Fulgini,angelo-fulgini,1648,RC Lens,7.1,14.2,2,0,1,0,0,0.2,0,31,5,36,86.11,5,27,20,4,1,50.0,2,0,1,0,0,1,20.0,1,0,1,5,62.5,0,0.0,5,55.56,57,0.0,0,0,0,0,0,0,0,0,1,0,0,0,0,2,66.67,0,0,0,0,14,1,4,3,58,2,2,0,0,0,0,0,0,0,,,,0,0,0,0,0,2,0,0,0,0,0,0,0,0.0,0,4,2,5,4,1,0,0,0,3,2,1,50.0,0.0,0,0,0,5,36,0,0.09,0,3,,2
822462,Luka Ivanušec,luka-ivanusec,2959,Feyenoord,7.1,14.2,2,0,0,0,0,0.13,0,32,6,38,84.21,10,23,12,1,6,66.67,0,2,0,0,0,1,14.29,2,1,1,6,60.0,1,50.0,7,58.33,80,0.0,0,0,0,0,1,0,0,0,0,2,0,0,0,1,100.0,0,0,0,0,15,0,1,0,63,0,1,1,0,0,0,0,0,0,,,,0,0,0,0,0,0,0,0,0,0,0,0,0,0.0,0,1,9,7,5,1,0,0,0,1,0,0,0.0,0.0,0,0,0,11,34,0,0.09,0,4,,2
855845,Florentino Luís,florentino-luis,3006,Benfica,7.1,28.4,4,0,0,0,0,0.11,0,202,30,232,87.07,96,106,43,1,0,0.0,13,10,1,0,0,0,0.0,1,0,0,15,50.0,5,50.0,20,50.0,390,0.0,0,0,0,0,0,0,0,0,1,0,0,0,0,12,66.67,2,0,0,3,41,0,13,10,297,2,6,0,0,6,0,1,0,0,,,,1,0,0,0,0,4,0,0,0,0,0,0,4,0.0,0,1,0,0,20,5,0,0,0,18,4,9,69.23,0.0,0,0,0,106,126,0,0.05,0,28,,4
190147,Rony Lopes,rony-lopes,2999,Sporting Braga,7.1,7.1,1,0,0,0,0,0.14,0,20,1,21,95.24,4,19,10,2,0,0.0,1,0,0,0,0,3,100.0,1,1,0,1,33.33,0,0.0,1,33.33,52,0.0,0,0,0,0,0,0,0,0,1,0,0,0,0,1,100.0,1,0,0,1,2,0,1,1,31,0,1,0,0,0,0,0,0,0,,,,0,0,0,0,0,2,0,0,0,0,0,0,0,0.0,0,2,0,3,2,0,0,0,0,1,2,1,100.0,0.0,0,0,0,4,20,0,0.03,0,1,,1
79680,José Luis Palomino,jose-luis-palomino,2686,Atalanta,7.1,7.1,1,0,0,0,0,0.0,0,6,0,6,100.0,5,1,0,0,0,0.0,1,2,0,0,0,0,0.0,0,0,0,1,100.0,2,100.0,3,100.0,10,0.0,0,0,0,0,0,0,0,0,0,0,0,0,0,0,0.0,1,0,0,0,0,0,0,0,10,0,0,0,0,0,0,0,0,0,,,,0,0,0,0,0,0,0,0,0,0,0,0,0,0.0,0,0,0,0,0,0,0,0,0,0,0,1,100.0,0.0,0,0,0,5,1,0,0.0,0,1,,1
803033,Teun Koopmeiners,teun-koopmeiners,2686,Atalanta,7.09,85.1,12,0,4,2,2,1.21,2,351,96,447,78.52,111,247,139,13,9,56.25,21,6,2,0,0,7,14.29,20,8,4,40,43.01,6,46.15,46,43.4,919,0.0,0,0,0,0,2,0,0,0,8,12,0,0,0,28,54.9,10,0,0,13,184,9,48,28,666,11,21,0,0,12,4,8,0,0,,,,4,0,0,0,0,5,1,0,0,0,0,0,10,0.0,0,13,16,49,60,7,0,0,0,51,6,12,57.14,0.0,0,0,0,129,367,1,1.65,0,48,,12
895764,Pedro Gonçalves,pedro-goncalves,3001,Sporting CP,7.09,63.8,9,3,3,4,2,1.72,5,176,51,227,77.53,71,113,55,14,4,30.77,7,2,1,0,0,8,33.33,17,7,6,15,37.5,1,20.0,16,35.56,474,17.65,2,2,0,0,1,0,3,0,13,4,0,0,3,8,53.33,0,0,0,8,95,3,21,10,339,4,2,2,0,6,0,4,0,0,,,,0,0,0,0,0,4,1,0,0,0,0,0,6,100.0,0,14,13,24,29,4,0,0,0,15,5,4,57.14,158.0,0,0,0,86,165,1,3.62,0,25,,9
962012,Jan Paul van Hecke,jan-paul-van-hecke,30,Brighton & Hove Albion,7.09,49.6,7,0,1,0,0,0.48,0,520,37,557,93.36,303,217,90,6,1,100.0,7,6,4,0,0,0,0.0,5,0,2,14,51.85,14,48.28,28,50.0,625,0.0,0,0,0,0,0,0,0,0,4,1,0,0,0,5,38.46,19,0,0,0,45,2,9,3,630,6,11,0,0,2,0,3,0,0,,,,3,0,0,0,0,9,0,0,0,0,0,0,7,0.0,0,6,1,2,28,15,0,0,0,13,9,5,71.43,0.0,0,0,0,312,247,1,0.4,3,29,,7
883262,Edmond Tapsoba,edmond-tapsoba,2681,Bayer 04 Leverkusen,7.08,85.0,12,2,0,1,0,0.35,2,782,81,863,90.61,413,369,107,3,4,80.0,13,4,3,0,0,0,0.0,11,5,3,18,48.65,16,64.0,34,54.84,981,18.18,0,0,0,0,0,0,2,0,8,3,1,0,1,23,38.98,28,0,0,2,89,2,36,10,974,1,12,0,0,5,0,3,0,0,,,,3,0,0,0,0,10,1,0,0,0,0,0,11,0.0,0,3,5,1,28,9,0,0,0,59,11,8,61.54,490.5,0,0,0,444,420,0,0.84,3,55,,12
1069486,Carlos Forbs,carlos-borges,2953,AFC Ajax,7.08,42.5,6,1,5,1,1,1.28,2,72,15,87,82.76,18,54,41,8,3,37.5,6,3,0,0,0,0,0.0,3,2,1,13,43.33,0,0.0,13,41.94,358,33.33,0,0,0,0,0,0,1,0,3,0,0,1,0,2,66.67,0,0,1,2,52,2,1,0,153,4,2,0,0,8,0,0,0,0,,,,0,0,0,0,0,8,0,0,0,0,0,0,5,0.0,0,8,8,10,18,1,0,0,0,3,8,3,50.0,358.0,0,0,0,23,74,1,1.22,0,20,,6
121613,Robert Žulj,robert-zulj,2058,LASK,7.08,42.5,6,1,0,2,0,0.81,1,146,73,219,66.67,43,104,60,8,1,14.29,15,1,3,0,0,1,20.0,10,3,1,26,56.52,20,48.78,46,52.87,540,10.0,0,0,0,0,0,0,1,0,7,3,0,0,1,6,42.86,6,0,0,2,92,8,17,8,304,12,10,0,0,2,2,6,0,0,,,,1,0,0,0,0,12,0,0,0,0,0,0,6,0.0,0,8,7,5,41,21,0,0,0,14,12,9,60.0,540.0,0,0,0,55,169,0,1.61,0,24,,6
312056,Sebastián Palacios,sebastian-palacios,3248,Panathinaikos FC,7.08,42.5,6,1,0,0,0,0.43,1,86,22,108,79.63,15,71,49,5,3,50.0,9,4,0,0,0,0,0.0,7,2,4,25,59.52,2,66.67,27,60.0,391,14.29,0,0,1,0,0,0,1,0,6,1,0,1,0,2,50.0,2,0,0,7,55,6,3,1,186,13,7,0,0,1,4,1,0,0,,,,0,0,0,0,0,7,2,0,0,0,0,0,5,0.0,0,5,6,11,18,1,0,0,0,4,9,5,55.56,391.0,0,0,0,17,102,0,0.75,0,19,,6
149740,Kristoffer Haugen,kristoffer-haugen,661,Molde FK,7.08,42.5,6,0,2,1,2,0.77,2,131,56,187,70.05,55,81,49,10,10,62.5,7,5,0,0,0,5,33.33,7,1,6,19,63.33,7,63.64,26,63.41,465,0.0,0,0,0,0,0,0,0,0,6,1,0,0,0,6,40.0,11,0,1,1,85,1,16,10,305,2,2,0,0,2,1,0,0,0,,,,0,0,0,0,0,8,3,0,0,0,0,0,6,0.0,0,10,16,15,15,4,0,0,0,15,11,3,42.86,0.0,0,0,0,66,136,0,0.64,0,27,,6
895327,Kevin Mac Allister,kevin-mac-allister,4860,Royale Union Saint-Gilloise,7.08,42.5,6,0,2,0,0,0.15,0,205,47,252,81.35,142,63,28,5,1,100.0,18,9,2,0,0,0,0.0,2,0,2,23,54.76,11,50.0,34,53.13,535,0.0,0,0,0,0,0,0,0,0,2,0,0,0,0,13,39.39,13,0,0,2,77,1,14,7,398,4,16,0,0,3,0,0,0,0,,,,0,0,0,0,0,7,0,0,0,0,0,0,6,0.0,0,5,1,2,30,11,0,0,0,33,7,12,66.67,0.0,0,0,0,158,96,0,0.22,6,35,,6
282093,Sascha Horvath,sascha-horvath,2058,LASK,7.08,35.4,5,1,0,0,2,0.98,3,156,53,209,74.64,57,108,60,9,7,63.64,15,1,2,0,0,9,32.14,1,1,0,33,55.93,3,42.86,36,54.55,450,100.0,1,1,0,0,0,0,1,0,1,0,0,0,1,10,47.62,5,0,1,7,100,4,18,8,327,11,10,0,0,5,0,0,0,0,,,,1,0,0,0,0,11,0,0,0,0,0,0,5,100.0,0,9,11,28,30,4,0,0,0,21,11,9,60.0,450.0,0,0,0,73,164,0,0.79,0,54,,5
850404,Orbelín Pineda,orbelin-pineda,3250,AEK Athens,7.08,35.4,5,1,0,0,0,0.45,1,86,14,100,86.0,36,51,30,4,9,50.0,12,3,1,0,0,1,50.0,9,5,3,23,53.49,2,28.57,25,50.0,381,11.11,0,0,0,1,0,0,1,0,6,3,0,0,1,10,100.0,4,0,0,2,38,2,10,9,191,2,7,0,0,3,1,1,0,0,,,,0,0,0,0,0,8,0,0,0,0,0,0,5,0.0,0,4,18,2,25,5,0,0,0,10,8,7,58.33,381.0,0,0,0,39,63,0,0.89,0,20,,5
151545,Virgil van Dijk,virgil-van-dijk,44,Liverpool FC,7.08,35.4,5,0,1,0,0,0.41,0,306,33,339,90.27,202,104,20,3,1,100.0,3,2,0,0,0,0,0.0,4,1,2,4,44.44,16,84.21,20,71.43,334,0.0,0,0,0,0,0,0,0,0,3,1,0,0,0,16,51.61,10,0,0,1,34,0,25,11,369,0,3,0,0,1,0,1,0,0,,,,1,0,0,0,0,3,1,0,0,0,0,0,3,0.0,0,3,1,0,8,3,0,0,0,31,4,1,33.33,0.0,0,0,0,213,126,0,0.34,9,22,,5
823831,Aitor Cantalapiedra,aitor-cantalapiedra,3248,Panathinaikos FC,7.08,28.3,4,0,0,1,0,0.48,0,53,11,64,82.81,20,39,22,6,2,66.67,4,3,1,0,0,6,30.0,7,1,5,18,72.0,0,0.0,18,66.67,228,0.0,0,0,1,0,1,0,0,0,6,1,0,0,0,2,66.67,0,0,0,1,34,2,2,2,129,12,4,0,0,3,3,1,0,0,,,,0,0,0,0,0,4,1,0,0,0,0,0,2,0.0,0,6,3,20,9,2,0,0,0,3,5,1,25.0,0.0,0,0,0,21,63,0,0.91,0,7,,5
1002033,Guéla Doué,guela-doue,1658,Stade Rennais,7.08,28.3,4,0,1,0,0,0.88,0,79,16,95,83.16,43,39,26,9,6,66.67,8,2,0,0,0,3,21.43,1,1,0,16,57.14,6,54.55,22,56.41,304,0.0,0,0,0,0,0,0,0,0,1,0,0,0,0,5,50.0,3,0,0,1,38,0,6,3,171,2,6,0,0,2,0,0,0,0,,,,0,0,0,0,0,5,1,0,0,0,0,0,4,0.0,0,9,9,14,17,5,0,0,0,10,6,5,62.5,0.0,0,0,0,48,61,0,0.06,0,10,,4
138024,Vladimír Coufal,vladimir-coufal,37,West Ham United,7.07,49.5,7,0,1,1,0,0.7,0,233,54,287,81.18,100,135,62,6,5,83.33,4,5,1,0,0,2,13.33,3,2,1,12,50.0,12,80.0,24,61.54,622,0.0,0,0,0,0,0,0,0,0,2,1,0,0,0,7,30.43,22,0,0,1,92,2,24,12,427,3,5,0,0,5,1,0,0,0,,,,2,0,0,0,0,4,0,0,0,0,0,0,7,0.0,0,6,6,15,15,3,0,0,0,23,4,3,75.0,0.0,0,0,0,114,188,0,0.23,0,36,,7
134364,Connor Goldson,connor-goldson,2351,Rangers,7.07,49.5,7,0,0,0,0,0.54,0,319,56,375,85.07,227,92,32,4,0,0.0,10,8,4,0,0,0,0.0,2,0,0,13,52.0,23,76.67,36,65.45,630,0.0,0,0,0,0,0,0,0,0,2,0,0,0,0,35,53.03,46,0,0,1,60,0,45,23,468,3,6,0,1,6,0,2,0,0,,,,2,0,0,0,0,8,0,0,0,0,0,0,7,0.0,0,4,0,1,19,7,0,0,0,66,8,7,70.0,0.0,0,0,0,245,131,0,0.18,0,33,,7
569784,Maximilian Eggestein,maximilian-eggestein,2538,SC Freiburg,7.07,70.7,10,1,2,1,2,0.51,3,410,54,464,88.36,189,223,101,11,3,75.0,13,7,0,0,0,2,22.22,15,3,7,23,51.11,9,50.0,32,50.79,872,6.67,0,0,0,0,0,0,1,0,5,10,0,1,0,7,43.75,6,0,0,8,78,4,17,9,575,7,7,0,0,7,0,5,0,0,,,,4,0,0,0,0,12,2,0,0,0,0,0,10,0.0,0,11,4,9,31,9,0,0,0,16,14,4,30.77,872.0,0,0,0,208,265,1,0.99,0,43,,10
319129,Luka Jović,luka-jovic,2692,AC Milan,7.07,21.2,3,1,2,0,0,0.21,1,34,6,40,85.0,16,18,13,5,1,33.33,0,0,1,0,0,0,0.0,5,2,1,2,28.57,6,42.86,8,38.1,164,20.0,0,0,0,1,0,0,1,0,5,0,1,0,0,2,100.0,2,0,0,2,12,0,4,3,59,1,3,0,0,0,0,2,0,0,,,,0,0,0,0,0,2,1,0,0,0,0,0,1,0.0,0,5,3,1,13,8,0,0,0,2,3,0,0.0,164.0,0,0,0,20,21,0,0.71,0,7,,3
893549,Tijjani Reijnders,tijjani-reijnders,2692,AC Milan,7.07,42.4,6,1,0,0,0,0.3,1,205,14,219,93.61,87,120,58,6,6,60.0,3,5,0,0,0,2,50.0,10,6,2,12,52.17,1,25.0,13,48.15,410,10.0,0,0,0,0,0,0,0,1,1,9,0,0,1,7,87.5,2,0,0,3,25,0,4,3,271,3,3,0,0,1,0,2,0,0,,,,1,0,0,0,0,5,2,0,0,0,0,0,4,0.0,0,6,10,4,14,3,0,0,0,8,7,2,66.67,410.0,0,0,0,91,132,0,0.34,0,15,,6
50302,Miroslav Stevanović,miroslav-stevanovic,2448,Servette FC,7.07,42.4,6,0,1,0,1,0.85,1,126,50,176,71.59,38,100,62,13,6,42.86,6,3,1,0,0,12,21.05,9,2,4,18,50.0,11,55.0,29,51.79,510,0.0,0,0,0,0,2,0,0,0,5,4,0,0,0,2,33.33,4,0,0,1,114,5,8,1,316,6,3,0,0,6,0,3,0,0,,,,0,0,0,0,0,13,0,0,0,0,0,0,6,0.0,0,13,14,57,27,9,0,0,0,6,13,4,66.67,0.0,0,0,0,45,188,0,0.48,0,29,,6
309218,Ben Davies,ben-davies,2351,Rangers,7.07,42.4,6,0,1,0,0,0.05,0,264,53,317,83.28,196,69,18,4,2,66.67,11,3,0,0,0,1,50.0,4,0,2,15,68.18,12,66.67,27,67.5,540,0.0,0,0,0,0,0,0,0,0,4,0,0,0,0,15,35.71,26,0,1,0,59,1,23,7,398,3,3,0,0,3,0,2,0,0,,,,2,0,0,0,0,6,0,0,0,0,0,0,6,0.0,0,4,3,2,13,6,0,0,0,42,6,7,63.64,0.0,0,0,0,216,103,0,0.11,0,46,,6
794412,Vincent Sierro,vincent-sierro,1681,Toulouse,7.06,56.5,8,0,2,0,1,0.87,1,259,75,334,77.54,123,143,60,5,6,60.0,24,14,1,0,0,7,29.17,9,4,3,38,55.07,4,36.36,42,52.5,720,0.0,0,0,0,0,0,0,0,0,2,7,0,0,0,20,47.62,11,0,0,4,116,4,33,16,497,9,7,0,0,16,0,2,0,0,,,,3,0,0,0,0,11,0,0,0,0,0,0,8,0.0,0,5,10,24,38,7,0,0,0,42,11,8,33.33,0.0,0,0,0,150,208,0,0.46,0,48,,8
881844,Ángelo Preciado,angelo-preciado,2218,AC Sparta Praha,7.06,70.6,10,2,4,0,3,1.7,5,159,52,211,75.36,84,83,42,11,10,52.63,23,5,2,0,0,8,30.77,11,4,5,49,59.04,12,57.14,61,58.65,707,18.18,0,0,0,0,0,0,1,1,4,7,0,0,2,12,42.86,7,0,1,10,121,3,17,10,433,16,14,0,0,5,0,2,0,0,,,,1,0,0,0,0,15,4,0,0,0,0,0,9,0.0,0,11,19,26,43,9,0,0,0,28,19,13,56.52,353.5,0,0,0,107,130,1,0.95,0,40,,10
42987,Aleksandr Kokorin,aleksandr-kokorin,3397,Aris Limassol,7.06,35.3,5,2,2,1,1,0.61,3,75,33,108,69.44,27,48,23,5,4,66.67,2,1,2,0,0,0,0.0,5,3,1,9,45.0,7,70.0,16,53.33,288,40.0,1,1,0,0,0,0,2,0,4,1,0,0,2,2,50.0,3,0,0,1,41,2,7,3,142,3,5,0,0,3,0,1,0,0,,,,0,0,0,0,0,9,1,0,0,0,0,0,3,100.0,0,5,6,1,14,3,0,0,0,4,10,1,50.0,144.0,0,0,0,30,79,0,1.33,0,9,,5
902381,Junior Adamu,chukwubuike-adamu,2538,SC Freiburg,7.06,35.3,5,1,1,0,1,0.21,2,20,10,30,66.67,11,9,6,2,3,50.0,5,1,0,0,0,0,0.0,2,1,0,11,52.38,3,60.0,14,53.85,125,50.0,0,0,0,0,0,0,1,0,2,0,0,0,1,0,0.0,1,0,0,1,20,0,1,1,61,3,6,0,0,0,0,1,0,0,,,,0,0,0,0,0,1,0,0,0,0,0,0,1,0.0,0,2,6,0,12,2,0,0,0,0,1,2,40.0,125.0,0,0,0,11,19,1,0.2,0,8,,6
797994,Otar Kiteishvili,otar-kiteishvili,2051,SK Sturm Graz,7.06,35.3,5,0,1,1,1,0.46,1,81,25,106,76.42,30,52,27,4,5,50.0,8,2,1,0,0,1,25.0,9,3,5,24,61.54,6,66.67,30,62.5,300,0.0,0,0,0,0,0,0,0,0,3,6,0,0,0,2,28.57,2,0,0,3,50,2,7,2,182,11,6,2,0,1,0,1,0,0,,,,0,0,0,0,0,5,1,0,0,0,0,0,4,0.0,0,4,10,4,18,3,0,0,0,7,6,6,75.0,0.0,0,0,0,36,74,0,0.49,0,28,,5
335301,Borna Barišić,borna-barisic,2351,Rangers,7.06,35.3,5,0,0,0,0,0.82,0,137,47,184,74.46,73,77,38,9,5,62.5,10,5,1,0,0,13,37.14,4,1,1,18,56.25,7,70.0,25,59.52,450,0.0,0,0,0,0,3,0,0,0,0,4,0,0,0,15,46.88,11,0,0,1,83,1,24,9,341,3,8,1,0,2,0,2,0,0,,,,1,0,0,0,0,6,0,0,0,0,0,0,5,0.0,0,9,8,35,17,3,0,0,0,32,6,5,50.0,0.0,0,0,0,90,129,0,0.3,0,25,,5
580842,Filip Panák,filip-panak,2218,AC Sparta Praha,7.06,35.3,5,0,0,0,0,0.04,0,143,36,179,79.89,108,35,10,0,0,0.0,3,9,1,0,0,0,0.0,1,0,1,9,75.0,16,69.57,25,71.43,405,0.0,0,0,0,0,0,0,0,0,1,0,0,0,0,16,55.17,22,0,0,0,41,0,20,11,232,6,2,0,0,1,0,0,0,0,,,,2,0,0,0,0,5,0,0,0,0,0,0,4,0.0,0,0,0,0,10,7,0,0,0,29,5,2,66.67,0.0,0,0,0,121,58,1,0.09,0,17,,5
846122,Lukáš Provod,lukas-provod,2216,SK Slavia Praha,7.06,49.4,7,0,4,0,0,1.11,0,165,42,207,79.71,53,123,78,12,2,22.22,4,1,1,0,0,11,32.35,4,1,2,18,41.86,5,50.0,23,43.4,412,0.0,0,0,1,0,1,0,0,0,3,1,0,0,0,10,41.67,3,0,0,9,91,9,12,2,311,12,5,0,0,4,0,1,0,0,,,,1,0,0,0,0,6,2,0,0,0,0,0,4,0.0,0,12,9,34,30,5,0,0,0,24,8,2,50.0,0.0,0,0,0,59,182,0,0.15,0,28,,7
960441,Charles De Ketelaere,charles-de-ketelaere,2686,Atalanta,7.05,77.6,11,2,4,5,2,0.95,4,153,50,203,75.37,30,129,100,21,4,26.67,11,5,0,0,0,6,54.55,18,9,5,28,43.75,16,41.03,44,42.72,609,11.11,0,0,0,0,0,0,2,0,17,1,1,0,1,5,71.43,6,0,0,14,108,9,10,6,352,13,6,1,0,6,5,4,0,0,,,,1,0,0,0,0,1,1,0,0,0,0,0,7,0.0,0,21,15,11,59,23,0,0,0,7,2,5,45.45,304.5,0,0,0,36,178,0,2.46,0,29,,11
963801,Adam Hložek,adam-hlozek,2681,Bayer 04 Leverkusen,7.05,56.4,8,2,1,3,1,0.61,3,92,25,117,78.63,24,69,47,9,7,63.64,2,2,0,0,0,1,50.0,21,8,7,13,43.33,6,35.29,19,40.43,446,9.52,0,0,0,1,3,0,1,1,12,9,0,1,1,6,46.15,2,0,0,4,49,3,6,1,193,4,9,0,0,1,0,6,0,0,,,,0,0,0,0,0,6,0,0,0,0,0,0,5,0.0,0,9,11,2,28,11,0,0,0,13,6,1,50.0,223.0,0,0,0,27,92,1,1.88,0,15,,9
978062,Alexander Prass,alexander-prass,2051,SK Sturm Graz,7.05,42.3,6,1,3,1,0,0.55,1,122,66,188,64.89,45,78,47,7,18,69.23,12,5,0,0,0,1,25.0,7,4,2,38,47.5,2,28.57,40,45.98,515,14.29,0,0,0,0,0,0,1,0,4,3,0,0,1,7,33.33,2,0,0,8,101,11,23,9,305,8,8,0,0,19,2,1,0,0,,,,0,0,0,0,0,7,2,0,0,0,0,0,6,0.0,0,7,26,4,47,5,0,0,0,21,9,11,91.67,515.0,0,0,0,60,132,0,0.96,0,54,,6
6562,João Moutinho,joao-moutinho,2999,Sporting Braga,7.05,14.1,2,1,0,0,0,0.21,1,110,11,121,90.91,53,58,33,4,0,0.0,7,2,0,0,0,1,50.0,1,1,0,9,45.0,1,25.0,10,41.67,158,100.0,1,1,0,0,0,0,1,0,1,0,0,0,1,9,64.29,4,0,0,0,14,0,14,10,145,2,2,0,0,9,0,0,0,0,,,,0,0,0,0,0,4,0,0,0,0,0,0,2,100.0,0,4,1,2,14,3,0,0,0,14,4,2,28.57,158.0,0,0,0,56,67,0,0.79,0,9,,2
798124,Rasmus Nicolaisen,rasmus-nicolaisen,1681,Toulouse,7.05,56.4,8,0,1,2,0,0.02,0,280,63,343,81.63,231,49,11,1,2,100.0,9,12,1,0,0,0,0.0,8,1,6,17,62.96,31,75.61,48,70.59,720,0.0,0,0,0,0,0,0,0,0,8,0,0,0,0,17,38.64,52,0,0,1,66,0,26,17,458,7,4,0,0,5,0,1,0,0,,,,3,0,0,0,0,11,0,0,0,0,0,0,8,0.0,0,1,2,0,20,10,0,0,0,44,11,5,55.56,0.0,0,0,0,255,88,0,0.71,4,30,,8
237412,Július Szőke,julius-szoke,3397,Aris Limassol,7.05,42.3,6,0,0,0,0,0.51,0,126,53,179,70.39,72,54,28,1,1,100.0,31,8,1,0,0,0,0.0,3,1,1,33,70.21,7,58.33,40,67.8,491,0.0,0,0,0,0,0,0,0,0,1,2,0,0,0,5,21.74,14,0,0,0,55,3,11,4,269,2,8,0,0,6,1,1,0,0,,,,0,0,0,0,0,11,1,0,0,0,0,0,6,0.0,0,1,1,0,19,5,0,0,0,23,12,24,77.42,0.0,0,0,0,97,82,0,0.25,0,43,,6
241488,Bernard,bernard,3248,Panathinaikos FC,7.05,42.3,6,0,1,0,0,0.98,0,181,43,224,80.8,44,143,85,11,3,37.5,8,3,2,0,0,6,26.09,3,0,1,20,52.63,0,0.0,20,51.28,450,0.0,0,0,0,0,1,0,0,0,1,2,0,0,0,13,100.0,1,0,0,2,77,4,19,13,304,9,5,0,0,6,0,2,1,0,,,,1,0,0,0,0,8,2,0,0,0,0,0,6,0.0,0,10,8,23,19,1,0,0,0,13,10,3,37.5,0.0,0,0,0,50,197,0,0.15,0,34,,6
907461,Orkun Kökçü,orkun-kokcu,3006,Benfica,7.05,28.2,4,0,0,0,0,0.4,0,105,21,126,83.33,29,77,42,9,2,50.0,2,0,2,0,0,1,16.67,3,0,2,13,68.42,1,33.33,14,63.64,184,0.0,0,0,0,0,0,0,0,0,1,2,0,0,0,7,46.67,0,0,0,2,35,1,10,4,165,9,1,0,0,1,0,1,0,0,,,,0,0,0,0,0,2,0,0,0,0,0,0,1,0.0,0,9,4,6,8,2,0,0,0,15,2,2,100.0,0.0,0,0,0,30,102,1,0.05,0,12,,4
856988,Giannis Papanikolaou,giannis-papanikolaou,35268,Raków Częstochowa,7.05,14.1,2,0,1,0,0,0.26,0,73,18,91,80.22,46,29,7,1,2,66.67,2,1,0,0,0,2,100.0,1,0,1,11,68.75,1,33.33,12,63.16,175,0.0,0,0,0,0,0,0,0,0,1,0,0,0,0,4,44.44,9,0,0,0,22,0,8,4,127,7,3,0,0,1,0,0,0,0,,,,0,0,0,0,0,3,0,0,0,0,0,0,2,0.0,0,1,3,2,7,2,0,0,0,9,3,2,100.0,0.0,0,0,0,50,43,0,0.01,0,10,,2
325121,Lukáš Haraslín,lukas-haraslin,2218,AC Sparta Praha,7.04,63.4,9,3,2,3,1,0.6,4,78,28,106,73.58,28,54,28,7,15,57.69,3,1,1,0,0,4,30.77,15,10,4,33,56.9,4,50.0,37,56.06,525,20.0,0,0,0,0,0,0,3,0,10,5,0,1,2,3,50.0,0,0,1,9,80,11,4,1,229,15,4,0,0,1,2,1,0,0,,,,0,0,0,0,0,7,2,0,0,0,0,0,6,0.0,0,7,26,13,29,4,0,0,0,6,9,3,100.0,175.0,0,0,0,31,88,0,1.21,0,27,,9
1002837,Piero Hincapié,piero-hincapie,2681,Bayer 04 Leverkusen,7.04,84.5,12,0,2,2,0,1.09,0,593,85,678,87.46,358,237,71,6,7,70.0,19,17,0,0,0,2,18.18,8,1,5,37,61.67,16,57.14,53,60.23,912,0.0,0,0,0,0,0,0,0,0,7,1,0,0,0,25,51.02,29,0,1,2,116,2,35,11,861,11,11,0,0,8,0,2,0,0,,,,3,0,0,0,0,9,1,0,0,0,0,0,10,0.0,0,6,10,11,35,12,0,0,0,49,10,14,73.68,0.0,0,0,0,397,292,1,1.05,0,42,,12
153552,Milan Rundić,milan-rundic,35268,Raków Częstochowa,7.04,35.2,5,1,0,1,0,0.14,1,219,34,253,86.56,137,83,31,3,0,0.0,5,2,0,0,0,1,16.67,4,1,3,5,62.5,9,69.23,14,66.67,450,25.0,0,0,0,1,0,0,1,0,3,1,0,1,0,34,62.96,9,0,0,1,46,0,38,29,330,0,2,0,0,1,0,0,0,0,,,,1,0,0,0,0,6,0,0,0,0,0,0,5,0.0,0,3,0,6,7,4,0,0,0,54,6,2,40.0,450.0,0,0,0,153,106,0,0.72,0,26,,5
219572,Joël Veltman,joel-veltman,30,Brighton & Hove Albion,7.04,35.2,5,0,1,0,0,0.38,0,108,20,128,84.38,57,51,33,1,1,50.0,8,7,2,0,0,0,0.0,1,0,1,13,59.09,4,50.0,17,56.67,376,0.0,0,0,0,0,0,0,0,0,1,0,0,0,0,9,69.23,11,0,0,1,31,1,7,3,199,4,4,0,0,3,0,0,0,0,,,,3,0,0,0,0,2,0,0,0,0,0,0,4,0.0,0,1,2,2,13,4,0,0,0,13,2,5,62.5,0.0,0,0,0,65,65,0,0.03,0,20,,6
855829,Juan Miranda,juan-miranda,2816,Real Betis,7.03,21.1,3,1,1,0,0,0.22,1,62,8,70,88.57,29,35,12,3,0,0.0,2,1,1,0,0,2,28.57,1,1,0,4,66.67,1,25.0,5,50.0,146,100.0,0,0,0,0,0,0,1,0,1,0,0,1,0,7,87.5,4,0,0,0,16,1,4,4,99,2,1,0,0,1,0,0,0,0,,,,0,0,0,0,0,4,0,0,0,0,0,0,2,0.0,0,3,0,7,5,3,0,0,0,8,4,1,50.0,146.0,0,0,0,30,47,0,0.07,0,6,,3
1008382,Matěj Jurásek,matej-jurasek,2216,SK Slavia Praha,7.03,21.1,3,1,1,0,0,0.04,1,27,4,31,87.1,10,18,12,2,2,100.0,1,0,0,0,0,1,33.33,1,1,0,4,57.14,0,0.0,4,50.0,71,100.0,0,0,0,0,0,0,1,0,1,0,0,1,0,1,33.33,1,0,0,2,11,0,1,0,45,1,0,0,0,1,1,0,0,0,,,,0,0,0,0,0,0,0,0,0,0,0,0,0,0.0,0,2,2,3,4,1,0,0,0,3,0,0,0.0,71.0,0,0,0,10,24,0,0.04,0,3,,3
842148,Giannis Kotsiras,giannis-kotsiras,3248,Panathinaikos FC,7.03,21.1,3,0,1,0,1,0.21,1,71,15,86,82.56,40,31,10,1,1,33.33,4,1,0,0,0,0,0.0,1,0,1,5,71.43,2,100.0,7,77.78,179,0.0,0,0,0,0,0,0,0,0,1,0,0,0,0,6,50.0,5,0,0,0,25,0,5,1,131,0,0,0,0,0,0,0,0,0,,,,1,0,0,0,0,0,0,0,0,0,0,0,2,0.0,0,1,3,0,2,0,0,0,0,12,0,1,25.0,0.0,0,0,0,45,41,0,0.12,0,12,,3
1154605,Désiré Doué,desire-doue,1658,Stade Rennais,7.03,42.2,6,0,0,0,0,0.33,0,119,22,141,84.4,30,91,52,8,11,52.38,9,6,1,0,0,2,20.0,16,4,7,27,42.86,1,100.0,28,43.75,347,0.0,0,0,0,0,0,0,0,0,9,7,0,0,0,3,42.86,0,0,0,10,63,5,5,5,259,7,9,0,0,7,1,5,0,0,,,,1,0,0,0,0,5,1,0,0,0,0,0,4,0.0,0,8,21,10,36,0,0,0,0,7,6,6,66.67,0.0,0,0,0,33,118,0,0.86,0,18,,6
965264,Emil Holm,emil-holm,2686,Atalanta,7.03,42.2,6,0,2,0,0,0.16,0,91,28,119,76.47,38,54,25,3,7,77.78,8,1,2,0,0,1,9.09,5,2,3,21,52.5,6,54.55,27,52.94,311,0.0,0,0,0,0,0,0,0,0,4,1,0,0,0,4,40.0,3,0,0,8,72,2,6,0,233,6,5,1,0,4,1,0,0,0,,,,0,0,0,0,0,3,0,0,0,0,0,0,3,0.0,0,3,9,11,24,5,0,0,0,10,3,3,37.5,0.0,0,0,0,46,84,0,0.5,0,19,,7
1006069,António Silva,antonio-silva,3006,Benfica,7.03,42.2,6,0,0,1,0,0.07,0,337,27,364,92.58,214,123,41,0,3,60.0,11,4,1,0,0,0,0.0,1,1,0,17,68.0,6,46.15,23,60.53,570,0.0,0,0,0,0,0,0,0,0,1,0,0,0,0,26,70.27,35,1,0,0,31,0,11,7,445,3,3,0,0,4,0,0,0,0,,,,2,0,0,0,0,5,0,0,0,0,0,0,6,0.0,0,0,5,0,15,7,0,0,0,37,5,5,45.45,0.0,0,0,0,227,137,0,0.48,0,28,,6
869283,Tomas Totland,tomas-totland,1760,BK Häcken,7.03,42.2,6,0,0,0,0,0.29,0,203,43,246,82.52,77,126,59,3,10,83.33,8,14,0,0,0,0,0.0,4,1,2,23,79.31,2,40.0,25,73.53,464,0.0,0,0,0,0,0,0,0,0,3,1,0,0,0,15,62.5,9,0,0,1,57,2,22,12,355,5,0,0,0,3,0,1,0,0,,,,0,0,0,0,0,11,2,0,0,0,0,0,5,0.0,0,3,12,3,9,3,0,0,0,24,13,7,87.5,0.0,0,0,0,93,156,0,0.24,0,22,,6
1010087,Anthony Baron,anthony-baron,2448,Servette FC,7.03,21.1,3,0,1,0,0,0.18,0,72,20,92,78.26,30,43,18,3,1,100.0,2,0,0,0,0,1,33.33,2,1,1,5,71.43,1,50.0,6,66.67,126,0.0,0,0,0,0,0,0,0,0,1,1,0,0,0,5,38.46,4,0,0,0,26,0,11,4,121,2,1,0,0,1,0,0,0,0,,,,0,0,0,0,0,1,0,0,0,0,0,0,1,0.0,0,3,1,3,3,1,0,0,0,13,1,2,100.0,0.0,0,0,0,36,59,0,0.17,0,12,,3
238612,Chancel Mbemba,chancel-mbemba,1641,Olympique de Marseille,7.03,91.4,13,4,0,1,0,0.33,4,474,86,560,84.64,299,176,57,5,1,100.0,15,16,2,0,0,1,25.0,12,6,6,22,57.89,11,64.71,33,60.0,1071,33.33,0,0,0,0,0,0,3,1,10,2,2,0,2,35,47.95,41,1,1,0,96,0,43,13,702,6,10,0,0,6,0,0,0,0,,,,2,0,0,0,0,18,1,0,0,0,0,0,13,0.0,0,5,1,4,22,6,0,0,0,73,19,11,73.33,267.75,0,0,0,328,236,3,1.19,12,43,,13
869856,Dominik Szoboszlai,dominik-szoboszlai,44,Liverpool FC,7.03,49.2,7,2,1,0,1,0.82,3,242,32,274,88.32,73,172,75,4,1,10.0,3,4,0,0,0,3,27.27,12,7,2,8,28.57,2,40.0,10,30.3,326,16.67,0,0,0,0,1,0,1,1,3,9,0,0,2,12,80.0,1,1,1,4,58,1,16,9,344,4,3,0,0,4,0,3,0,0,,,,0,0,0,0,0,5,0,0,0,0,0,0,2,0.0,0,4,10,11,23,3,0,0,0,15,5,2,66.67,163.0,0,0,0,80,205,0,0.48,0,22,,7
861979,Daniel Bragança,daniel-braganca,3001,Sporting CP,7.03,49.2,7,0,1,4,0,0.49,0,227,36,263,86.31,98,130,50,3,10,66.67,21,4,1,0,0,1,14.29,10,4,5,45,66.18,5,50.0,50,64.1,497,0.0,0,0,0,0,0,0,0,0,6,4,0,0,0,7,70.0,4,0,0,4,60,4,8,6,374,14,8,0,0,6,0,1,0,0,,,,1,0,0,0,0,6,0,0,0,0,0,0,5,0.0,0,3,15,7,28,5,0,0,0,10,6,12,57.14,0.0,0,0,0,111,159,0,1.37,0,32,,9
929620,Fabian Rieder,fabian-rieder,1658,Stade Rennais,7.03,28.1,4,2,0,0,1,0.62,3,53,15,68,77.94,19,36,22,4,1,20.0,5,1,0,0,0,2,28.57,3,2,1,6,33.33,1,50.0,7,35.0,152,66.67,0,0,0,0,2,2,0,2,0,3,0,2,0,5,71.43,1,0,0,3,29,2,2,1,101,1,2,0,0,3,0,0,0,0,,,,0,0,0,0,0,2,0,0,0,0,0,0,1,0.0,100,4,5,7,13,1,0,0,0,7,2,3,60.0,76.0,0,0,0,24,51,0,0.18,0,10,,4
152420,Alessandro Florenzi,alessandro-florenzi,2692,AC Milan,7.03,28.1,4,0,1,0,3,0.37,3,130,27,157,82.8,79,57,16,6,1,50.0,1,1,2,0,0,6,33.33,6,0,3,4,57.14,1,100.0,5,62.5,225,0.0,0,0,0,0,1,0,0,0,0,6,0,0,0,15,51.72,4,0,0,0,46,0,22,9,222,2,1,0,0,1,0,3,0,0,,,,0,0,0,0,0,2,2,0,0,0,0,0,3,0.0,0,6,2,18,3,0,0,0,0,29,4,0,0.0,0.0,0,0,0,86,89,0,0.22,0,14,,4
859024,Yacine Adli,yacine-adli,2692,AC Milan,7.03,28.1,4,0,0,0,0,0.45,0,191,18,209,91.39,64,130,45,6,3,60.0,5,2,2,0,0,3,30.0,2,1,0,9,56.25,2,33.33,11,50.0,220,0.0,0,0,0,0,1,0,0,0,0,2,0,0,0,6,50.0,0,0,0,1,30,2,10,6,242,1,3,1,0,1,0,1,0,0,,,,0,0,0,0,0,2,1,0,0,0,0,0,2,0.0,0,6,5,10,11,4,0,0,0,12,3,4,80.0,0.0,0,0,0,73,146,0,0.09,0,7,,4
39070,Olivier Giroud,olivier-giroud,2692,AC Milan,7.02,35.1,5,1,1,2,0,0.5,1,50,16,66,75.76,16,34,17,3,3,100.0,2,1,0,0,0,0,0.0,12,5,4,7,41.18,8,53.33,15,46.88,440,8.33,0,0,0,0,0,0,1,0,10,2,1,0,0,1,33.33,4,0,0,4,27,1,3,2,107,2,6,1,0,1,0,3,0,0,,,,1,0,0,0,0,5,1,0,0,0,0,0,5,0.0,0,3,3,0,17,7,0,0,0,3,6,2,100.0,440.0,0,0,0,17,49,0,1.73,0,2,,5
792659,Fran Tudor,fran-tudor,35268,Raków Częstochowa,7.02,35.1,5,0,1,1,0,0.21,0,232,48,280,82.86,121,112,57,4,4,57.14,9,3,3,0,0,1,10.0,3,1,2,20,62.5,7,46.67,27,57.45,450,0.0,0,0,0,0,0,0,0,0,1,2,0,0,0,14,56.0,12,0,1,1,71,0,28,15,392,8,5,0,0,3,0,0,0,0,,,,1,0,0,0,0,8,0,0,0,0,0,0,5,0.0,0,4,7,10,20,8,0,0,0,25,8,6,66.67,0.0,0,0,0,135,155,0,0.47,0,41,,5
792626,Srđan Plavšić,srdjan-plavsic,35268,Raków Częstochowa,7.02,35.1,5,0,2,0,0,0.75,0,129,39,168,76.79,61,76,43,10,6,54.55,8,6,2,0,0,8,21.05,3,0,2,19,44.19,4,66.67,23,46.94,439,0.0,0,0,0,0,0,0,0,0,1,2,0,0,0,12,63.16,5,0,1,6,92,4,22,14,289,5,5,0,0,8,0,1,1,0,,,,0,0,0,0,0,10,0,0,0,0,0,0,5,0.0,0,9,11,38,26,2,0,0,0,19,10,7,87.5,0.0,0,0,0,72,134,0,0.09,0,27,,6
252577,Rafa Silva,rafa-silva,3006,Benfica,7.02,42.1,6,2,0,0,0,0.69,2,163,34,197,82.74,39,124,85,9,5,22.73,4,1,0,0,0,0,0.0,14,3,8,22,43.14,0,0.0,22,37.29,551,14.29,0,0,0,0,0,0,2,0,10,4,0,0,2,5,71.43,0,0,0,6,71,2,5,3,290,13,3,1,0,4,3,3,0,0,,,,1,0,0,0,0,5,0,0,0,0,0,0,6,0.0,0,9,22,1,37,8,0,0,0,7,5,2,50.0,275.5,0,0,0,44,154,0,1.7,0,16,,6
146866,Gerard Moreno,gerard-moreno,2819,Villarreal,7.02,42.1,6,1,1,2,1,0.46,2,105,33,138,76.09,33,72,47,5,5,45.45,5,2,1,0,0,0,0.0,11,5,6,14,50.0,4,44.44,18,48.65,316,9.09,1,1,0,0,0,0,1,0,10,1,0,1,0,8,80.0,3,0,0,5,65,1,13,8,206,4,1,0,0,2,3,0,0,0,,,,0,0,0,0,0,7,2,0,0,0,0,0,3,100.0,0,5,11,4,19,5,0,0,0,10,9,3,60.0,316.0,0,0,0,37,105,0,2.19,0,11,,6
927353,Curtis Jones,curtis-jones,44,Liverpool FC,7.02,42.1,6,0,2,0,2,0.46,2,249,26,275,90.55,141,110,54,9,11,73.33,8,3,0,0,0,2,50.0,6,0,2,23,44.23,5,50.0,28,45.16,394,0.0,0,0,0,0,0,0,0,0,5,1,0,0,0,7,58.33,2,0,0,17,56,1,8,4,366,4,3,0,0,6,0,4,0,0,,,,1,0,0,0,0,4,0,0,0,0,0,0,4,0.0,0,9,15,4,34,5,0,0,0,12,4,5,62.5,0.0,0,0,0,148,131,0,0.37,0,32,,6
39457,Anthony Moris,anthony-moris,4860,Royale Union Saint-Gilloise,7.02,42.1,6,0,0,0,0,0.01,0,110,58,168,65.48,89,21,13,0,0,0.0,0,0,0,0,0,0,0.0,0,0,0,0,0.0,1,100.0,1,100.0,540,0.0,0,0,0,0,0,0,0,0,0,0,0,0,0,40,41.24,9,1,0,0,61,0,29,15,223,0,0,0,0,0,0,0,0,17,,,,1,2,0,11,6,8,0,0,3,3,3,0,6,0.0,0,0,0,0,0,0,0,0,0,97,8,0,0.0,0.0,0,0,5,103,65,0,0.0,30,51,,6
847151,Edson Álvarez,edson-alvarez,37,West Ham United,7.01,49.1,7,1,1,0,1,0.44,2,267,37,304,87.83,163,104,33,1,4,44.44,13,6,4,0,0,0,0.0,3,1,1,26,50.98,7,50.0,33,50.77,502,33.33,0,0,0,0,0,0,1,0,2,1,0,0,1,12,57.14,7,0,0,4,56,3,14,9,398,9,15,0,0,5,0,1,0,0,,,,0,0,0,0,0,2,0,0,0,0,0,0,6,0.0,0,1,9,0,32,7,0,0,0,21,2,6,46.15,502.0,0,0,0,175,129,0,0.47,0,37,,7
552884,Jarrod Bowen,jarrod-bowen,37,West Ham United,7.0,49.0,7,1,2,5,4,1.19,5,105,36,141,74.47,25,83,49,8,10,50.0,4,1,2,0,0,3,30.0,19,6,8,21,43.75,9,36.0,30,41.1,550,5.26,0,0,0,0,0,0,0,1,15,4,0,1,0,2,50.0,1,0,0,6,79,4,6,4,252,7,8,0,0,4,2,5,0,0,,,,1,0,0,0,0,3,0,0,0,0,0,0,6,0.0,0,8,20,10,43,16,0,0,0,4,3,2,50.0,550.0,0,0,0,34,117,0,2.0,0,18,,7
100386,Steven Berghuis,steven-berghuis,2953,AFC Ajax,7.0,35.0,5,1,2,0,2,1.21,3,148,43,191,77.49,56,99,58,8,2,28.57,2,2,1,1,1,7,35.0,10,5,2,9,32.14,2,66.67,11,35.48,388,10.0,0,0,0,0,1,0,1,0,3,7,0,1,0,13,50.0,2,0,0,4,69,0,23,12,258,5,7,1,0,3,1,3,0,0,,,,0,0,0,0,0,11,0,0,0,0,0,0,5,0.0,0,8,7,20,20,1,0,0,0,26,11,1,50.0,388.0,0,0,0,68,143,0,0.51,0,17,,5
1048820,Noah Weißhaupt,noah-weisshaupt,2538,SC Freiburg,7.0,56.0,8,1,1,0,0,0.53,1,110,28,138,79.71,45,69,28,5,7,58.33,4,1,0,0,0,4,14.29,8,3,1,23,74.19,2,100.0,25,75.76,316,12.5,0,0,0,0,0,0,1,0,6,2,0,0,1,3,25.0,3,0,0,0,61,3,13,6,247,12,1,0,0,2,1,4,0,0,,,,0,0,0,0,0,1,0,0,0,0,0,0,2,0.0,0,5,12,28,8,0,0,0,0,12,1,2,50.0,316.0,0,0,0,54,112,0,0.69,0,17,,8
150902,Martin Bjørnbak,martin-bjornbak,661,Molde FK,7.0,21.0,3,1,0,0,0,0.02,1,94,15,109,86.24,76,18,3,0,0,0.0,3,2,0,0,0,0,0.0,1,1,0,4,80.0,8,88.89,12,85.71,225,100.0,0,0,0,0,0,0,1,0,1,0,1,0,0,3,30.0,15,0,0,0,15,0,7,3,133,1,1,0,0,0,0,0,0,0,,,,0,0,0,0,0,2,2,0,0,0,0,0,2,0.0,0,0,0,0,2,1,0,0,0,10,4,3,100.0,225.0,0,0,0,83,26,0,0.18,0,11,,3
142619,Kerem Demirbay,kerem-demirbay,3061,Galatasaray,7.0,14.0,2,1,0,0,0,0.04,1,65,16,81,80.25,32,33,9,1,1,100.0,2,5,1,0,0,0,0.0,3,1,1,6,66.67,1,50.0,7,63.64,158,33.33,0,0,0,0,0,0,1,0,1,2,0,1,0,2,28.57,2,0,1,0,24,0,6,2,108,3,1,0,0,2,0,1,0,0,,,,0,0,0,0,0,3,1,0,0,0,0,0,2,0.0,0,1,1,6,4,1,0,0,0,7,4,2,100.0,158.0,0,0,0,36,51,0,0.14,0,7,,2
322083,Martin Ellingsen,martin-ellingsen,661,Molde FK,7.0,42.0,6,0,1,0,3,0.25,3,275,39,314,87.58,146,131,47,4,6,85.71,10,12,1,0,0,2,50.0,7,3,1,25,71.43,12,80.0,37,74.0,519,0.0,0,0,0,0,0,0,0,0,3,4,0,0,0,15,53.57,13,1,1,4,51,2,24,16,407,9,2,0,1,3,0,3,0,0,,,,0,0,0,0,0,9,3,0,0,0,0,0,6,0.0,0,4,7,4,13,3,0,0,0,28,12,8,80.0,0.0,0,0,0,164,154,0,0.31,0,39,,6
1160026,Kristian Hlynsson,kristian-hlynsson,2953,AFC Ajax,7.0,28.0,4,0,2,0,2,0.61,2,51,17,68,75.0,19,34,23,8,2,50.0,6,0,1,0,0,2,33.33,4,2,2,11,55.0,2,50.0,13,54.17,233,0.0,0,0,0,0,0,0,0,0,2,2,0,0,0,1,16.67,4,0,0,2,30,0,0,0,109,3,3,0,0,2,0,0,0,0,,,,0,0,0,0,0,6,0,0,0,0,0,0,2,0.0,0,8,4,6,11,2,0,0,0,6,6,3,50.0,0.0,0,0,0,25,49,0,0.22,0,6,,4
149659,Tonny Vilhena,tonny-vilhena,3248,Panathinaikos FC,7.0,42.0,6,0,2,0,1,1.17,1,124,23,147,84.35,35,94,44,5,3,75.0,13,2,0,0,0,5,83.33,5,0,4,19,52.78,1,20.0,20,48.78,313,0.0,0,0,0,1,0,0,0,0,0,5,0,0,0,5,50.0,2,0,0,5,35,2,15,9,211,3,8,0,0,3,0,1,0,0,,,,1,0,0,0,0,3,1,0,0,0,0,0,3,0.0,0,5,4,6,21,4,0,0,0,10,4,6,46.15,0.0,0,0,0,40,113,0,0.17,0,20,,6
53739,Kiko Femenía,kiko-femenia,2819,Villarreal,7.0,28.0,4,0,1,0,1,0.31,1,105,19,124,84.68,58,49,24,2,2,40.0,3,5,1,0,0,2,28.57,0,0,0,9,56.25,3,75.0,12,60.0,289,0.0,0,0,0,0,0,0,0,0,0,0,0,0,0,5,62.5,7,0,0,2,34,1,9,6,194,4,2,0,0,0,1,0,0,0,,,,1,0,0,0,0,1,1,0,0,0,0,0,3,0.0,0,2,5,7,8,1,0,0,0,8,2,2,66.67,0.0,0,0,0,63,68,0,0.0,0,12,,4
788977,Stijn Spierings,stijn-spierings,1681,Toulouse,7.0,14.0,2,0,1,2,0,0.13,0,81,14,95,85.26,37,45,20,1,0,0.0,9,1,1,0,0,1,50.0,3,1,2,11,52.38,4,80.0,15,57.69,167,0.0,0,0,0,0,0,0,0,0,2,1,0,0,0,5,71.43,5,0,0,1,19,2,4,3,133,2,6,0,0,2,0,0,0,0,,,,1,0,0,0,0,1,0,0,0,0,0,0,2,0.0,0,1,1,2,11,1,0,0,0,7,1,4,44.44,0.0,0,0,0,42,55,0,1.04,0,17,,2
867583,Ben Brereton Díaz,ben-brereton-diaz,2819,Villarreal,7.0,35.0,5,0,1,0,0,0.23,0,48,7,55,87.27,10,38,24,3,9,64.29,2,0,0,0,0,0,0.0,9,4,1,18,62.07,0,0.0,18,56.25,233,0.0,0,0,1,0,0,0,0,0,5,4,0,0,0,2,66.67,0,0,0,3,21,3,0,0,102,7,3,0,0,0,2,4,0,0,,,,0,0,0,0,0,3,0,0,0,0,0,0,3,0.0,0,3,14,2,14,3,0,0,0,3,3,1,50.0,0.0,0,0,0,12,45,0,0.44,0,7,,5
802140,Timothé Cognat,timothe-cognat,2448,Servette FC,7.0,42.0,6,0,1,0,0,0.58,0,153,29,182,84.07,49,105,71,9,5,71.43,11,5,1,0,0,1,12.5,7,0,5,20,57.14,1,16.67,21,51.22,332,0.0,0,0,0,0,0,0,0,0,1,6,0,0,0,16,76.19,1,0,0,3,52,4,15,8,254,4,9,0,0,1,1,2,0,0,,,,0,0,0,0,0,5,0,0,0,0,0,0,3,0.0,0,9,7,8,20,5,0,0,0,21,5,3,27.27,0.0,0,0,0,56,134,0,0.32,0,22,,6
18009,Ola Kamara,ola-kamara,1760,BK Häcken,7.0,7.0,1,0,0,0,0,0.0,0,1,0,1,100.0,1,0,0,0,0,0.0,0,0,0,0,0,0,0.0,3,0,3,0,0.0,0,0.0,0,0.0,8,0.0,0,0,0,0,0,0,0,0,3,0,0,0,0,0,0.0,0,0,0,0,0,0,0,0,4,0,0,0,0,0,0,0,0,0,,,,0,0,0,0,0,0,0,0,0,0,0,0,0,0.0,0,0,0,0,0,0,0,0,0,0,0,0,0.0,0.0,0,0,0,1,0,0,0.16,0,0,,1
1174889,Gustavo Puerta,puerta-gustavo,2681,Bayer 04 Leverkusen,7.0,21.0,3,0,0,0,0,0.12,0,164,13,177,92.66,81,84,22,0,4,66.67,3,2,0,0,0,1,33.33,2,1,1,9,50.0,1,33.33,10,47.62,188,0.0,0,0,0,0,0,0,0,0,0,2,0,0,0,2,66.67,2,0,0,1,20,2,3,2,206,2,4,0,0,2,0,0,0,0,,,,0,0,0,0,0,1,0,0,0,0,0,0,2,0.0,0,0,6,3,11,2,0,0,0,3,1,2,66.67,0.0,0,0,0,84,96,0,0.06,0,15,,3
1088899,Fedde Leysen,fedde-leysen,4860,Royale Union Saint-Gilloise,7.0,7.0,1,0,0,0,0,0.02,0,33,10,43,76.74,16,17,5,0,0,0.0,2,2,0,0,0,0,0.0,1,0,1,2,66.67,1,100.0,3,75.0,90,0.0,0,0,0,0,0,0,0,0,1,0,0,0,0,2,50.0,3,0,0,0,11,0,6,1,67,0,1,0,0,0,0,0,0,0,,,,0,0,0,0,0,1,0,0,0,0,0,0,1,0.0,0,0,0,0,1,0,0,0,0,4,1,2,100.0,0.0,0,0,0,19,24,0,0.05,0,5,,1
807071,Maor Kandil,maor-kandil,5197,Maccabi Haifa,7.0,21.0,3,0,1,0,0,0.04,0,57,19,76,75.0,35,23,11,3,2,100.0,8,2,2,0,0,1,33.33,1,0,0,12,57.14,1,50.0,13,56.52,208,0.0,0,0,0,0,0,0,0,0,0,1,0,0,0,5,38.46,6,0,0,0,23,1,8,3,121,2,9,0,0,1,1,1,0,0,,,,1,0,0,0,0,2,1,0,0,0,0,0,2,0.0,0,3,2,3,10,1,0,0,0,13,3,5,62.5,0.0,0,0,0,41,38,0,0.02,0,9,,3
1110006,Dário Essugo,dario-essugo,3001,Sporting CP,7.0,7.0,1,0,0,0,0,0.07,0,15,5,20,75.0,4,11,8,1,3,100.0,1,0,0,0,0,0,0.0,0,0,0,5,100.0,0,0.0,5,71.43,34,0.0,0,0,0,0,0,0,0,0,0,0,0,0,0,0,0.0,0,0,0,0,8,0,1,0,34,1,0,0,0,0,0,0,0,0,,,,0,0,0,0,0,0,0,0,0,0,0,0,0,0.0,0,1,3,0,2,2,0,0,0,2,0,1,100.0,0.0,0,0,0,7,13,0,0.0,0,3,,1
1128902,Ibrahim Cissoko,ibrahim-cissoko,1681,Toulouse,7.0,7.0,1,0,0,0,0,0.21,0,21,4,25,84.0,3,19,10,0,4,80.0,1,0,0,0,0,1,33.33,0,0,0,6,60.0,0,0.0,6,50.0,67,0.0,0,0,0,0,0,0,0,0,0,0,0,0,0,2,100.0,0,0,0,2,11,2,1,1,41,1,0,0,0,1,0,0,0,0,,,,0,0,0,0,0,1,0,0,0,0,0,0,1,0.0,0,0,5,3,6,2,0,0,0,2,1,0,0.0,0.0,0,0,0,3,25,0,0.0,0,3,,1
805915,Nikola Simić,nikola-simic,263360,FK TSC Bačka Topola,7.0,7.0,1,0,0,0,0,0.0,0,17,13,30,56.67,15,2,1,0,0,0.0,0,0,0,0,0,0,0.0,0,0,0,0,0.0,0,0.0,0,0.0,90,0.0,0,0,0,0,0,0,0,0,0,0,0,0,0,7,38.89,1,0,0,0,14,0,13,6,44,0,0,0,0,0,0,0,0,5,,,,0,0,0,3,2,3,0,1,1,1,1,0,1,0.0,0,0,0,0,0,0,0,0,0,18,3,0,0.0,0.0,0,0,0,21,9,0,0.0,8,8,,1
975526,Gastón Ávila,gaston-avila,2953,AFC Ajax,7.0,7.0,1,0,0,0,0,0.09,0,74,29,103,71.84,61,13,3,0,2,100.0,1,1,0,0,0,0,0.0,0,0,0,6,75.0,2,100.0,8,80.0,91,0.0,0,0,0,0,0,0,0,0,0,0,0,0,0,8,42.11,5,0,1,1,31,0,18,5,119,3,0,0,0,1,0,0,0,0,,,,0,0,0,0,0,1,0,0,0,0,0,0,1,0.0,0,0,2,0,2,0,0,0,0,19,1,0,0.0,0.0,0,0,0,75,28,0,0.0,10,13,,2
284851,Giorgos Athanasiadis,giorgos-athanasiadis,3250,AEK Athens,7.0,21.0,3,0,0,0,0,0.0,0,48,8,56,85.71,42,6,2,0,0,0.0,0,0,0,0,0,0,0.0,0,0,0,0,0.0,0,0.0,0,0.0,211,0.0,0,0,0,0,0,0,0,0,0,0,0,0,0,9,52.94,3,3,0,0,10,0,5,4,89,0,0,0,0,0,0,0,0,12,,,,0,2,0,9,2,7,0,0,4,3,1,0,2,0.0,0,0,0,0,0,0,0,0,0,17,7,0,0.0,0.0,0,0,7,44,12,0,0.0,18,21,,3
186855,Bryan Cristante,bryan-cristante,2702,AS Roma,6.99,90.9,13,1,2,4,1,0.97,2,555,101,656,84.6,311,246,82,5,1,20.0,24,12,4,0,0,2,33.33,12,5,4,29,46.77,25,59.52,54,51.92,1076,8.33,0,0,0,0,0,0,1,0,9,3,1,0,0,40,59.7,15,0,0,10,129,3,40,18,790,4,13,0,0,7,0,3,0,0,,,,5,0,0,0,0,7,3,0,0,0,0,0,11,0.0,0,5,5,6,50,17,0,0,0,67,10,12,50.0,1076.0,0,0,0,338,324,0,1.96,0,72,,13
339231,Samuel Gigot,samuel-gigot,1641,Olympique de Marseille,6.99,48.9,7,0,0,0,0,0.21,0,287,31,318,90.25,187,100,31,0,0,0.0,13,12,3,0,0,0,0.0,5,1,3,26,76.47,16,80.0,42,77.78,641,0.0,0,0,0,0,0,0,0,0,5,0,0,0,0,8,40.0,21,0,0,0,36,0,12,7,420,13,7,0,0,1,0,1,0,0,,,,0,0,0,0,0,13,1,0,0,0,0,0,7,0.0,0,0,0,0,12,4,0,0,0,20,14,7,53.85,0.0,0,0,0,197,121,0,0.49,7,24,,8
27029,Steve Mandanda,steve-mandanda,1658,Stade Rennais,6.99,48.9,7,0,0,0,0,0.01,0,160,37,197,81.22,140,20,6,0,1,100.0,1,0,1,0,0,0,0.0,0,0,0,2,100.0,1,100.0,3,100.0,630,0.0,0,0,0,0,0,0,0,0,0,0,0,0,0,30,47.62,3,0,0,0,38,0,32,15,257,0,0,0,0,0,0,0,0,17,,,,2,2,0,14,3,9,1,1,0,0,4,0,7,0.0,0,0,1,0,0,0,0,0,0,63,10,1,100.0,0.0,0,1,2,152,45,1,0.0,36,50,,7
190867,Chuba Akpom,chuba-akpom,2953,AFC Ajax,6.98,41.9,6,3,0,3,0,0.44,3,24,7,31,77.42,6,18,13,1,0,0.0,2,2,0,0,0,0,0.0,12,7,4,6,46.15,7,63.64,13,54.17,191,25.0,0,0,0,0,0,0,3,0,11,1,2,0,1,1,100.0,4,0,0,3,19,1,2,1,73,4,2,1,0,1,3,1,0,0,,,,0,0,0,0,0,4,0,0,0,0,0,0,1,0.0,0,1,1,2,11,4,0,0,0,1,4,1,50.0,63.67,0,0,0,7,26,0,2.45,0,10,,6
1107591,Mohamed Amoura,mohamed-el-amine-amoura,4860,Royale Union Saint-Gilloise,6.98,41.9,6,2,1,4,1,0.51,3,56,30,86,65.12,14,46,32,5,12,60.0,3,0,1,0,0,4,40.0,15,9,3,21,53.85,5,31.25,26,47.27,439,13.33,0,0,0,0,0,0,2,0,12,3,0,0,2,2,66.67,0,0,0,4,77,5,6,4,190,6,3,0,0,3,5,3,0,0,,,,1,0,0,0,0,6,0,0,0,0,0,0,5,0.0,0,5,20,10,29,11,0,0,0,3,6,3,100.0,219.5,0,0,0,20,76,1,3.53,0,18,,6
860157,Leo Bengtsson,leo-bengtsson,3397,Aris Limassol,6.98,41.9,6,1,2,2,2,0.58,3,77,30,107,71.96,31,47,32,7,9,60.0,9,5,2,0,0,1,12.5,11,2,5,24,45.28,2,25.0,26,42.62,461,9.09,0,0,0,0,0,0,1,0,5,6,0,0,1,7,43.75,3,0,0,9,64,7,11,7,207,6,6,0,0,8,1,4,0,0,,,,0,0,0,0,0,10,1,0,0,0,0,0,5,0.0,0,7,15,8,35,6,0,0,0,16,11,5,55.56,461.0,0,0,0,37,78,0,1.35,0,30,,6
228364,Fredrik Aursnes,fredrik-aursnes,3006,Benfica,6.98,41.9,6,0,0,1,0,0.64,0,226,60,286,79.02,91,136,62,6,3,25.0,19,4,0,0,0,1,9.09,5,1,2,22,61.11,4,44.44,26,57.78,502,0.0,0,0,0,0,0,0,0,0,2,3,0,0,0,14,46.67,14,0,0,0,88,0,21,12,405,0,3,0,0,2,2,2,0,0,,,,1,0,0,0,0,5,0,0,0,0,0,0,5,0.0,0,6,12,11,19,5,0,0,0,30,5,13,68.42,0.0,0,0,0,118,179,0,0.28,0,24,,6
845136,Lazare Amani,lazare-amani,4860,Royale Union Saint-Gilloise,6.98,41.9,6,0,1,0,0,0.58,0,75,38,113,66.37,21,57,39,6,6,42.86,13,4,0,0,0,3,42.86,4,0,4,39,53.42,2,40.0,41,52.56,442,0.0,0,0,0,0,0,0,0,0,3,1,0,0,0,9,56.25,3,0,0,9,87,5,11,4,243,20,12,0,0,6,0,0,0,0,,,,0,0,0,0,0,7,0,0,0,0,0,0,5,0.0,0,6,14,7,37,3,0,0,0,16,7,10,76.92,0.0,0,0,0,27,93,0,0.17,0,41,,6
928236,Leonardo Balerdi,leonardo-balerdi,1641,Olympique de Marseille,6.98,83.8,12,0,0,0,0,0.15,0,488,96,584,83.56,320,169,41,2,9,60.0,39,25,4,0,0,1,100.0,1,0,1,60,60.0,21,61.76,81,60.45,1029,0.0,0,0,0,0,0,0,0,0,1,0,0,0,0,35,39.33,45,0,0,3,112,0,60,28,767,12,23,0,0,9,1,0,0,0,,,,3,0,0,0,0,14,1,0,0,0,0,0,11,0.0,0,2,15,1,53,13,0,0,0,89,15,25,64.1,0.0,0,0,0,353,232,2,0.09,10,66,,12
924871,Darwin Núñez,darwin-nunez,44,Liverpool FC,6.98,69.8,10,5,1,10,1,0.25,6,87,21,108,80.56,25,64,34,7,9,45.0,7,1,1,0,0,2,40.0,29,12,13,20,48.78,7,31.82,27,42.86,459,17.24,1,1,0,0,0,0,4,1,28,1,0,1,4,2,66.67,1,0,0,5,50,5,5,3,205,4,2,1,0,3,6,4,0,0,,,,0,0,0,0,0,5,1,0,0,0,0,0,6,100.0,0,7,20,5,36,15,0,0,0,3,6,5,71.43,91.8,0,0,0,28,85,1,6.25,0,10,,10
795128,Harold Moukoudi,harold-moukoudi,3250,AEK Athens,6.98,34.9,5,0,0,0,0,0.04,0,270,29,299,90.3,184,86,20,1,3,100.0,7,13,1,0,0,0,0.0,5,1,3,14,70.0,8,66.67,22,68.75,443,0.0,0,0,0,0,0,0,0,0,5,0,0,0,0,23,71.88,8,0,0,1,33,0,14,9,355,4,4,0,0,1,0,1,0,0,,,,0,0,0,0,0,10,0,0,0,0,0,0,5,0.0,0,1,3,0,10,4,0,0,0,32,10,3,42.86,0.0,0,0,0,194,105,0,0.66,0,44,,5
848287,Evan Ndicka,evan-ndicka,2702,AS Roma,6.98,62.8,9,0,1,0,0,0.48,0,503,60,563,89.34,331,173,44,3,0,0.0,7,4,5,0,0,1,100.0,1,1,0,12,46.15,10,55.56,22,50.0,755,0.0,0,0,0,0,0,0,0,0,1,0,0,0,0,23,46.94,28,0,0,0,64,1,34,17,645,5,10,0,0,4,1,0,0,0,,,,3,0,0,0,0,5,2,0,0,0,0,0,8,0.0,0,3,0,1,22,8,0,0,0,49,7,3,42.86,0.0,0,0,0,353,211,1,0.03,10,35,,9
785989,Borja Iglesias,borja-iglesias,2681,Bayer 04 Leverkusen,6.98,55.8,8,1,2,2,1,0.38,2,101,38,139,72.66,28,74,39,7,5,71.43,5,1,0,0,0,1,50.0,18,3,10,11,42.31,8,33.33,19,38.0,516,5.56,0,0,0,0,0,0,1,0,12,6,0,1,0,3,100.0,1,0,0,3,59,2,4,3,205,1,7,0,0,3,3,5,0,0,,,,0,0,0,0,0,8,0,0,0,0,0,0,7,0.0,0,7,7,2,31,16,0,0,0,3,8,3,60.0,516.0,0,0,0,29,112,0,2.48,0,9,,8
907070,Todd Cantwell,todd-cantwell,2351,Rangers,6.98,27.9,4,1,0,0,0,0.11,1,54,14,68,79.41,21,33,15,2,9,60.0,1,2,1,0,0,0,0.0,5,3,1,15,57.69,0,0.0,15,55.56,186,20.0,0,0,0,0,0,0,1,0,5,0,0,1,0,1,100.0,0,0,0,3,28,2,8,5,113,5,2,0,0,0,0,1,0,0,,,,0,0,0,0,0,1,0,0,0,0,0,0,3,0.0,0,2,15,0,12,1,0,0,0,1,1,1,100.0,186.0,0,0,0,23,45,0,0.49,0,13,,4
1020145,Ross McCausland,ross-mccausland,2351,Rangers,6.98,27.9,4,1,0,0,0,0.51,1,48,8,56,85.71,15,33,21,2,4,40.0,3,0,0,0,0,0,0.0,5,2,1,8,42.11,0,0.0,8,34.78,154,20.0,0,0,0,0,0,0,1,0,5,0,0,0,1,4,100.0,0,0,0,1,26,1,0,0,95,1,3,0,0,1,0,2,0,0,,,,0,0,0,0,0,3,0,0,0,0,0,0,1,0.0,0,2,10,3,15,4,0,0,0,4,3,3,100.0,154.0,0,0,0,16,43,0,0.49,0,5,,5
126074,James Tavernier,james-tavernier,2351,Rangers,6.98,55.8,8,0,0,0,0,0.63,0,255,123,378,67.46,116,148,68,9,2,28.57,23,10,2,0,0,9,22.5,7,3,2,28,51.85,9,56.25,37,52.86,720,0.0,0,0,0,0,4,0,0,0,2,5,0,0,0,23,31.51,23,0,0,7,198,0,61,21,624,3,5,0,0,9,0,2,0,0,,,,2,0,0,0,0,9,0,0,0,0,0,0,8,0.0,0,9,7,40,33,7,0,0,0,73,9,11,47.83,0.0,0,0,0,140,278,0,0.31,0,42,,8
1084846,Franco Israel,franco-israel,3001,Sporting CP,6.98,27.9,4,0,0,0,0,0.0,0,113,35,148,76.35,99,14,2,0,0,0.0,0,0,0,0,0,0,0.0,0,0,0,0,0.0,0,0.0,0,0.0,360,0.0,0,0,0,0,0,0,0,0,0,0,0,0,0,19,35.85,2,0,0,0,35,0,8,3,184,0,0,0,0,0,0,0,0,8,,,,1,0,0,7,1,4,0,1,0,0,6,0,4,0.0,0,0,0,0,0,0,0,0,0,53,4,0,0.0,0.0,0,0,1,103,45,0,0.0,23,32,,4
787640,Jeremiah St Juste,jeremiah-st-juste,3001,Sporting CP,6.98,27.9,4,0,0,0,0,0.04,0,218,18,236,92.37,139,79,23,0,0,0.0,12,4,0,0,0,0,0.0,0,0,0,16,76.19,3,23.08,19,55.88,271,0.0,0,0,1,0,0,0,0,0,0,0,0,0,0,12,66.67,7,1,0,1,20,0,4,3,278,4,4,0,0,0,0,0,0,0,,,,0,0,0,0,0,2,1,0,0,0,0,0,3,0.0,0,0,1,0,15,10,0,0,0,18,3,7,58.33,0.0,0,0,0,147,89,0,0.0,2,19,,4
115365,Lewis Dunk,lewis-dunk,30,Brighton & Hove Albion,6.97,48.8,7,0,0,0,0,0.16,0,632,60,692,91.33,433,199,49,1,1,50.0,7,3,1,0,0,0,0.0,7,0,3,9,50.0,12,66.67,21,58.33,585,0.0,0,0,0,0,4,0,0,0,3,4,0,0,0,29,51.79,9,2,0,1,68,0,34,14,748,2,3,0,0,4,0,4,0,0,,,,4,0,0,0,0,6,0,0,0,0,0,0,7,0.0,0,1,2,1,15,6,0,0,0,56,6,6,85.71,0.0,0,0,0,446,247,0,0.29,13,46,,7
1048905,Leandro Andrade,leandro-andrade,5962,Qarabağ FK,6.97,69.7,10,2,2,2,1,1.4,3,164,48,212,77.36,53,113,71,11,9,64.29,11,8,1,0,0,2,18.18,17,7,4,27,47.37,2,20.0,29,43.28,791,11.76,0,0,0,0,0,0,2,0,12,5,0,1,1,5,50.0,3,0,0,8,95,3,11,6,345,7,6,0,0,11,0,6,0,0,,,,0,0,0,0,0,9,2,0,0,0,0,0,10,0.0,0,11,14,11,38,8,0,0,0,10,11,5,45.45,395.5,0,0,0,66,157,0,1.16,0,41,,10
883156,César Gelabert,cesar-gelabert,1681,Toulouse,6.97,41.8,6,0,2,0,1,0.31,1,75,11,86,87.21,28,47,28,6,2,100.0,3,0,0,0,0,0,0.0,7,4,2,10,62.5,1,33.33,11,57.89,206,0.0,0,0,0,0,0,0,0,0,4,3,0,0,0,5,71.43,2,0,0,1,22,2,4,4,122,5,3,0,0,2,0,1,0,0,,,,0,0,0,0,0,4,0,0,0,0,0,0,2,0.0,0,6,2,1,8,2,0,0,0,7,4,1,33.33,0.0,0,0,0,31,56,0,0.36,0,10,,6
277373,Eirik Hestad,eirik-hestad,661,Molde FK,6.97,20.9,3,0,1,0,0,0.6,0,40,9,49,81.63,16,24,17,1,2,100.0,3,1,0,0,0,0,0.0,1,0,1,8,80.0,0,0.0,8,72.73,134,0.0,0,0,0,0,0,0,0,0,1,0,0,0,0,1,100.0,0,0,0,1,12,3,4,3,71,3,1,0,0,0,0,0,0,0,,,,0,0,0,0,0,3,0,0,0,0,0,0,1,0.0,0,1,2,1,3,1,0,0,0,1,3,2,66.67,0.0,0,0,0,18,32,0,0.07,0,10,,4
123179,Ivan Schranz,ivan-schranz,2216,SK Slavia Praha,6.96,34.8,5,3,0,1,0,0.23,3,72,17,89,80.9,23,49,41,4,0,0.0,1,0,0,0,0,0,0.0,4,3,1,4,26.67,0,0.0,4,20.0,258,75.0,0,0,0,0,0,0,3,0,4,0,0,1,2,3,60.0,1,0,0,3,32,2,2,1,124,3,1,0,0,6,0,0,0,0,,,,1,0,0,0,0,2,1,0,0,0,0,0,3,0.0,0,4,1,4,16,5,0,0,0,5,3,1,100.0,86.0,0,0,0,25,68,0,1.2,0,14,,5
1089108,Ilias Akhomach,ilias-akhomach,2819,Villarreal,6.96,34.8,5,1,1,0,1,0.76,2,104,13,117,88.89,23,83,52,7,16,53.33,5,4,1,0,0,2,15.38,5,2,2,28,45.9,2,25.0,30,43.48,408,20.0,0,0,0,0,0,0,1,0,2,3,0,1,0,0,0.0,2,0,1,5,60,6,6,4,221,7,8,0,0,6,0,1,0,0,,,,1,0,0,0,0,8,0,0,0,0,0,0,5,0.0,0,7,30,13,39,6,0,0,0,2,8,3,60.0,408.0,0,0,0,23,107,0,0.23,0,12,,5
791203,Lorenco Šimić,lorenco-simic,5197,Maccabi Haifa,6.96,34.8,5,0,0,0,0,0.01,0,162,19,181,89.5,142,20,6,0,0,0.0,2,8,2,0,0,0,0.0,0,0,0,6,54.55,3,42.86,9,50.0,349,0.0,0,0,0,0,0,0,0,0,0,0,0,0,0,31,67.39,21,0,0,0,23,0,27,19,233,4,5,0,0,0,0,0,0,0,,,,2,0,0,0,0,4,0,0,0,0,0,0,4,0.0,0,0,0,0,9,4,0,0,0,46,4,0,0.0,0.0,0,0,0,149,32,0,0.0,4,16,,5
919793,Ayoub El Kaabi,ayoub-el-kaabi,3245,Olympiacos FC,6.95,41.7,6,3,1,3,0,0.15,3,63,26,89,70.79,27,36,25,3,3,60.0,2,4,1,0,0,0,0.0,9,5,4,8,42.11,9,23.68,17,29.82,435,33.33,0,0,0,0,0,0,3,0,9,0,1,1,1,3,100.0,4,0,0,3,42,2,6,3,142,3,5,0,0,1,7,0,0,0,,,,0,0,0,0,0,12,1,0,0,0,0,0,5,0.0,0,3,5,0,40,29,0,0,0,3,13,1,50.0,145.0,0,0,0,31,58,0,2.03,0,11,,6
309078,Alexander Sørloth,alexander-srloth,2819,Villarreal,6.95,41.7,6,3,1,3,0,1.11,3,50,17,67,74.63,10,41,26,7,5,71.43,0,1,2,0,0,1,100.0,13,4,5,8,34.78,10,62.5,18,46.15,412,23.08,0,0,0,0,0,0,2,1,9,4,0,3,0,1,33.33,7,0,0,7,55,2,2,1,148,3,8,0,0,0,3,4,0,0,,,,0,0,0,0,0,4,1,0,0,0,0,0,4,0.0,0,7,7,1,21,6,0,0,0,3,5,0,0.0,137.33,0,0,0,10,58,0,1.39,0,12,,6
959806,Kenneth Taylor,kenneth-taylor,2953,AFC Ajax,6.95,41.7,6,2,1,1,0,0.37,2,165,23,188,87.77,82,84,41,7,3,50.0,8,5,1,0,0,1,50.0,7,4,3,18,42.86,3,75.0,21,45.65,482,28.57,0,0,0,0,0,0,2,0,5,2,0,0,2,5,41.67,2,0,0,7,38,5,17,8,251,7,9,0,0,5,0,0,0,0,,,,0,0,0,0,0,11,0,0,0,0,0,0,6,0.0,0,7,6,2,25,1,0,0,0,12,11,3,37.5,241.0,0,0,0,89,101,0,1.57,0,24,,6
1011375,Abdessamad Ezzalzouli,abdessamad-ezzalzouli,2816,Real Betis,6.95,41.7,6,1,1,1,0,0.53,1,111,29,140,79.29,34,79,45,4,16,50.0,6,1,0,0,0,2,10.53,8,4,3,29,50.88,2,100.0,31,52.54,386,12.5,0,0,0,0,0,0,1,0,6,2,0,0,1,3,100.0,1,0,0,6,87,6,2,1,262,8,4,1,0,2,0,1,0,0,,,,0,0,0,0,0,5,0,0,0,0,0,0,5,0.0,0,4,32,19,28,0,0,0,0,3,5,2,33.33,386.0,0,0,0,36,123,0,0.8,0,20,,6
999028,Adrien Truffert,truffert-adrien,1658,Stade Rennais,6.95,55.6,8,1,0,0,0,0.63,1,235,51,286,82.17,106,137,68,11,6,85.71,6,1,2,0,0,8,29.63,6,1,3,23,60.53,0,0.0,23,54.76,563,16.67,0,0,0,0,0,0,0,1,3,3,0,1,0,3,25.0,9,0,0,2,88,4,5,0,434,11,8,0,0,5,1,2,0,0,,,,1,0,0,0,0,7,1,0,0,0,0,0,6,0.0,0,11,7,27,19,4,0,0,0,12,8,5,83.33,563.0,0,0,0,125,188,1,0.29,0,38,,8
979315,Elye Wahi,elye-wahi,1648,RC Lens,6.95,13.9,2,1,0,0,0,0.06,1,25,8,33,75.76,10,15,10,1,0,0.0,0,1,0,0,0,0,0.0,1,1,0,1,33.33,0,0.0,1,20.0,146,100.0,0,0,0,0,0,0,1,0,1,0,0,0,1,0,0.0,0,0,0,2,20,0,0,0,51,1,0,0,0,0,1,0,0,0,,,,0,0,0,0,0,1,0,0,0,0,0,0,2,0.0,0,1,0,2,4,2,0,0,0,0,1,0,0.0,146.0,0,0,0,11,24,0,0.17,0,5,,2
136171,Veton Berisha,veton-berisha,661,Molde FK,6.95,27.8,4,0,0,1,1,0.19,1,41,9,50,82.0,9,32,21,2,0,0.0,3,0,0,0,0,0,0.0,7,3,2,8,57.14,3,33.33,11,47.83,194,0.0,0,0,0,0,0,0,0,0,6,1,0,0,0,1,100.0,1,0,0,1,14,5,1,1,76,5,4,0,0,1,0,2,0,0,,,,0,0,0,0,0,2,0,0,0,0,0,0,2,0.0,0,2,1,1,12,6,0,0,0,1,2,2,66.67,0.0,0,0,0,10,41,0,0.75,0,11,,4
983815,Yunus Musah,yunus-musah,2692,AC Milan,6.95,27.8,4,0,1,1,0,0.12,0,131,10,141,92.91,47,84,46,2,8,72.73,5,0,0,0,0,0,0.0,4,0,3,18,62.07,3,60.0,21,61.76,329,0.0,0,0,0,0,0,0,0,0,2,2,0,0,0,1,50.0,8,0,0,0,20,0,1,1,197,5,6,0,0,2,1,1,0,0,,,,1,0,0,0,0,5,1,0,0,0,0,0,4,0.0,0,2,11,4,13,2,0,0,0,2,6,2,40.0,0.0,0,0,0,48,97,0,0.51,0,9,,4
868235,Sikou Niakaté,sikou-niakate,2999,Sporting Braga,6.95,13.9,2,0,0,0,0,0.04,0,131,25,156,83.97,74,57,23,0,0,0.0,4,4,0,0,0,0,0.0,4,1,3,6,100.0,10,62.5,16,72.73,210,0.0,0,0,0,0,0,0,0,0,3,1,0,0,0,7,30.43,9,0,0,0,26,0,13,4,190,3,1,0,0,0,0,0,0,0,,,,0,0,0,0,0,6,0,0,0,0,0,0,2,0.0,0,0,0,0,6,6,0,0,0,23,6,1,25.0,0.0,0,0,0,81,75,0,0.42,0,10,,2
262911,Andy Robertson,andy-robertson,44,Liverpool FC,6.95,27.8,4,0,0,1,0,0.43,0,295,27,322,91.61,153,148,38,5,0,0.0,5,0,0,0,0,6,40.0,2,1,1,5,55.56,0,0.0,5,55.56,304,0.0,0,0,0,0,0,0,0,0,1,1,0,0,0,7,36.84,5,0,0,1,43,0,15,5,375,0,1,0,0,2,0,0,0,0,,,,0,0,0,0,0,4,0,0,0,0,0,0,3,0.0,0,5,0,15,4,0,0,0,0,19,4,3,60.0,0.0,0,0,0,159,178,0,0.35,0,15,,4
143344,Massadio Haïdara,massadio-haidara,1648,RC Lens,6.95,13.9,2,0,0,0,0,0.04,0,66,9,75,88.0,24,42,12,0,1,100.0,0,3,0,0,0,0,0.0,2,0,1,7,87.5,2,50.0,9,75.0,129,0.0,0,0,0,0,0,0,0,0,1,1,0,0,0,1,14.29,5,0,0,1,13,0,5,1,101,6,0,0,0,0,0,1,0,0,,,,0,0,0,0,0,2,0,0,0,0,0,0,1,0.0,0,0,1,0,3,2,0,0,0,7,2,0,0.0,0.0,0,0,0,27,48,0,0.21,0,6,,2
331465,Gregory Wüthrich,gregory-wuthrich,2051,SK Sturm Graz,6.95,27.8,4,0,0,0,0,0.02,0,89,32,121,73.55,70,19,7,1,0,0.0,10,10,0,0,0,0,0.0,4,0,4,14,63.64,2,100.0,16,66.67,332,0.0,0,0,0,0,0,0,0,0,3,1,0,0,0,9,33.33,15,0,0,0,34,0,14,2,175,4,5,0,0,3,0,0,0,0,,,,1,0,0,0,0,3,2,0,0,0,0,0,4,0.0,0,1,0,0,8,0,0,0,0,27,5,6,60.0,0.0,0,0,0,79,42,0,0.14,1,25,,4
82943,Rafael Tolói,rafael-toloi,2686,Atalanta,6.95,27.8,4,0,1,0,0,0.1,0,160,34,194,82.47,93,67,35,2,1,50.0,9,7,1,0,0,0,0.0,2,0,1,10,43.48,7,77.78,17,53.13,298,0.0,0,0,0,0,0,0,0,0,2,0,0,0,0,12,41.38,7,0,0,3,45,2,20,9,245,0,8,0,0,2,0,1,0,0,,,,2,0,0,0,0,3,0,0,0,0,0,0,3,0.0,0,2,2,1,15,2,0,0,0,29,3,5,55.56,0.0,0,0,0,101,94,0,0.13,0,30,,5
999276,Aurèle Amenda,aurele-amenda,2445,BSC Young Boys,6.95,13.9,2,0,0,0,0,0.02,0,86,17,103,83.5,57,29,6,1,0,0.0,3,1,1,0,0,0,0.0,1,0,1,3,23.08,4,66.67,7,36.84,180,0.0,0,0,0,0,0,0,0,0,0,1,0,0,0,9,42.86,7,0,0,0,19,0,10,5,129,0,9,0,1,1,0,0,0,0,,,,0,0,0,0,0,4,0,0,0,0,0,0,2,0.0,0,1,0,0,12,2,0,0,0,21,4,3,100.0,0.0,0,0,0,63,40,0,0.01,2,17,,2
1142315,Jack Hinshelwood,jack-hinshelwood,30,Brighton & Hove Albion,6.95,13.9,2,0,0,0,0,0.11,0,66,14,80,82.5,36,31,16,1,0,0.0,4,1,0,0,0,1,50.0,0,0,0,5,62.5,0,0.0,5,62.5,164,0.0,0,0,0,0,0,0,0,0,0,0,0,0,0,2,33.33,3,0,0,1,21,0,3,2,114,1,1,0,0,1,0,0,0,0,,,,1,0,0,0,0,0,0,0,0,0,0,0,2,0.0,0,1,0,2,3,0,0,0,0,6,0,1,25.0,0.0,0,0,0,40,42,0,0.0,0,14,,2
168903,Robert Andrich,robert-andrich,2681,Bayer 04 Leverkusen,6.95,76.4,11,1,1,0,1,0.4,2,560,52,612,91.5,266,295,76,4,2,66.67,10,7,3,0,0,1,20.0,12,3,5,15,37.5,5,45.45,20,39.22,763,8.33,0,0,0,0,0,0,0,1,3,9,0,0,1,10,38.46,5,0,0,2,63,3,26,14,691,3,19,0,0,4,0,4,0,0,,,,3,0,0,0,0,8,0,0,0,0,0,0,8,0.0,0,4,3,5,31,6,0,0,0,26,8,7,70.0,763.0,0,0,0,277,340,1,0.43,0,40,,11
227672,Jonathan Tah,jonathan-tah,2681,Bayer 04 Leverkusen,6.95,76.4,11,0,0,0,0,0.48,0,739,37,776,95.23,439,301,69,1,1,100.0,10,7,4,0,0,1,100.0,5,1,2,13,56.52,20,60.61,33,58.93,949,0.0,0,0,0,1,0,0,0,0,4,1,0,0,0,22,64.71,26,0,1,3,46,0,22,16,855,2,5,0,0,2,0,2,0,0,,,,4,0,0,0,0,8,1,0,0,0,0,0,11,0.0,0,1,1,1,23,13,0,0,0,34,9,7,70.0,0.0,0,0,0,457,320,1,0.35,3,45,,11
226958,Mikkel Desler,mikkel-desler,1681,Toulouse,6.94,48.6,7,1,0,0,0,0.08,1,183,55,238,76.89,104,79,42,2,9,60.0,19,13,2,0,0,0,0.0,5,1,4,31,51.67,6,40.0,37,49.33,552,20.0,0,0,0,0,0,0,1,0,4,1,0,0,1,3,15.79,9,0,0,7,96,3,5,0,443,3,9,0,0,7,1,0,0,0,,,,2,0,0,0,0,9,0,0,0,0,0,0,7,0.0,0,2,15,8,38,9,0,0,0,19,9,11,57.89,552.0,0,0,0,126,120,0,0.44,0,31,,7
845286,Ismaïla Sarr,ismaila-sarr,1641,Olympique de Marseille,6.94,69.4,10,2,0,3,0,0.36,2,91,22,113,80.53,29,62,44,5,6,37.5,5,1,4,0,0,0,0.0,12,7,3,26,59.09,9,45.0,35,54.69,433,16.67,0,0,3,0,0,0,2,0,11,1,0,0,2,3,75.0,0,0,0,3,56,4,3,2,209,15,5,0,0,1,6,2,0,0,,,,1,0,0,0,0,8,0,0,0,0,0,0,4,0.0,0,5,16,6,29,11,0,0,0,4,8,3,60.0,216.5,0,0,0,33,86,0,2.46,0,12,,10
1215061,Moses Usor,moses-usor,2058,LASK,6.94,34.7,5,1,1,2,0,0.56,1,67,38,105,63.81,21,48,26,4,6,46.15,13,3,0,0,0,2,16.67,11,5,2,25,48.08,8,40.0,33,45.83,397,9.09,0,0,0,0,0,0,1,0,7,4,0,1,0,5,38.46,1,0,0,10,90,2,8,3,235,6,7,0,0,3,5,4,0,0,,,,0,0,0,0,0,7,0,0,0,0,0,0,5,0.0,0,4,13,12,39,12,0,0,0,13,7,9,69.23,397.0,0,0,0,31,86,0,1.6,0,18,,5
305278,Diego Llorente,diego-llorente,2702,AS Roma,6.94,69.4,10,0,1,0,1,0.29,1,402,52,454,88.55,275,127,24,2,0,0.0,11,12,1,0,0,0,0.0,1,0,1,15,60.0,20,74.07,35,67.31,656,0.0,0,0,0,0,0,0,0,0,1,0,0,0,0,24,51.06,28,0,0,1,64,0,27,17,549,4,6,0,0,1,0,0,0,0,,,,1,0,0,0,0,6,1,0,0,0,0,0,7,0.0,0,2,2,0,17,7,0,0,0,47,7,7,63.64,0.0,0,0,0,300,154,0,0.18,2,41,,11
609752,Guido Rodríguez,guido-rodriguez,2816,Real Betis,6.94,34.7,5,0,1,0,1,0.22,1,177,34,211,83.89,91,88,30,3,2,100.0,9,8,3,0,0,2,66.67,4,1,3,18,45.0,3,42.86,21,44.68,391,0.0,0,0,0,0,0,0,0,0,1,3,0,0,0,13,44.83,7,0,0,4,43,2,23,14,277,7,5,0,0,13,1,0,0,0,,,,1,0,0,0,0,4,0,0,0,0,0,0,4,0.0,0,3,2,3,26,4,0,0,0,29,4,5,55.56,0.0,0,0,0,103,111,0,0.15,1,36,,5
1012176,Giorgio Scalvini,giorgio-scalvini,2686,Atalanta,6.94,55.5,8,1,0,0,0,0.07,1,210,59,269,78.07,130,80,31,1,1,100.0,21,10,2,0,0,0,0.0,2,1,0,23,65.71,11,52.38,34,60.71,480,50.0,0,0,0,1,0,0,1,0,2,0,0,0,1,9,28.13,16,0,0,2,76,0,17,8,351,1,8,0,0,3,1,1,0,0,,,,1,0,0,0,0,2,1,0,0,0,0,0,4,0.0,0,1,1,0,22,10,0,0,0,32,3,14,66.67,480.0,0,0,0,145,124,1,0.65,0,41,,8
986352,Edoardo Bove,edoardo-bove,2702,AS Roma,6.94,76.3,11,1,0,0,0,0.81,1,276,48,324,85.19,114,163,70,3,3,37.5,26,9,3,0,0,1,33.33,5,1,3,52,55.91,16,66.67,68,58.12,707,20.0,0,0,0,0,0,0,0,1,3,2,0,0,1,10,71.43,5,0,0,12,79,4,11,5,468,24,12,0,0,12,0,1,0,0,,,,1,0,0,0,0,5,2,0,0,0,0,0,8,0.0,0,3,8,3,49,8,0,0,0,14,7,15,57.69,707.0,0,0,0,127,200,0,0.34,0,43,,12
798689,Daniel Mancini,daniel-mancini,3248,Panathinaikos FC,6.93,41.6,6,0,0,0,0,0.37,0,62,24,86,72.09,17,46,29,6,5,100.0,9,3,0,0,0,1,6.67,8,2,3,15,60.0,3,33.33,18,52.94,226,0.0,0,0,0,0,0,0,0,0,5,3,0,0,0,5,50.0,2,0,0,4,50,2,12,7,148,1,2,0,0,4,0,3,0,0,,,,0,0,0,0,0,1,0,0,0,0,0,0,2,0.0,0,6,5,15,16,6,0,0,0,10,1,5,55.56,0.0,0,0,0,23,78,0,0.66,0,10,,6
814180,Peter Vindahl,peter-vindahl,2218,AC Sparta Praha,6.93,69.3,10,0,0,0,0,0.02,0,280,118,398,70.35,245,35,11,0,1,100.0,1,0,0,0,0,0,0.0,0,0,0,2,66.67,0,0.0,2,66.67,900,0.0,0,0,0,0,0,0,0,0,0,0,0,0,0,65,36.11,8,1,0,0,122,1,48,25,507,0,0,0,0,1,0,0,0,36,,,,2,2,0,24,11,17,5,5,4,4,5,0,10,0.0,0,0,1,0,1,0,0,0,0,180,22,1,100.0,0.0,0,0,10,273,125,0,0.0,74,98,,10
863133,Aron Dønnum,aron-donnum,1681,Toulouse,6.93,55.4,8,1,3,1,2,1.31,3,139,42,181,76.8,49,93,61,7,18,50.0,12,2,3,0,0,3,21.43,9,2,2,45,50.0,3,37.5,48,48.98,623,11.11,0,0,0,0,0,0,1,0,7,2,0,1,0,16,66.67,0,0,0,15,107,4,20,14,336,15,9,0,0,4,1,5,0,0,,,,1,0,0,0,0,7,0,0,0,0,0,0,8,0.0,0,7,36,14,50,5,0,0,0,24,7,7,58.33,623.0,0,0,0,56,139,0,0.61,0,40,,8
123388,Djibril Sidibé,djibril-sidibe,3250,AEK Athens,6.93,27.7,4,1,0,1,0,0.33,1,65,28,93,69.89,33,35,15,3,1,50.0,12,5,2,0,0,3,42.86,3,1,1,16,57.14,6,75.0,22,61.11,292,33.33,0,0,0,0,0,0,1,0,3,0,1,0,0,6,42.86,5,0,0,2,45,1,7,3,163,3,5,0,0,4,1,1,0,0,,,,0,0,0,0,0,6,0,0,0,0,0,0,4,0.0,0,3,2,7,14,2,0,0,0,14,6,8,66.67,292.0,0,0,0,41,59,0,0.29,0,17,,4
989841,Eduardo Quaresma,quaresma,3001,Sporting CP,6.93,27.7,4,0,0,0,0,0.01,0,192,25,217,88.48,153,39,5,0,6,75.0,10,9,0,0,0,0,0.0,0,0,0,17,62.96,6,75.0,23,65.71,275,0.0,0,0,0,0,0,0,0,0,0,0,0,0,0,8,50.0,8,1,0,1,34,0,5,2,273,1,4,0,0,3,0,0,0,0,,,,0,0,0,0,0,2,0,0,0,0,0,0,3,0.0,0,0,8,0,12,2,0,0,0,16,2,6,60.0,0.0,0,0,0,164,53,0,0.0,1,22,,4
583896,Abdoulaye Seck,abdoulaye-seck,5197,Maccabi Haifa,6.92,34.6,5,1,0,0,0,0.04,1,187,32,219,85.39,148,39,12,3,3,50.0,5,2,0,0,0,0,0.0,3,1,1,13,59.09,12,85.71,25,69.44,450,33.33,0,0,0,0,0,0,1,0,3,0,1,0,0,17,45.95,26,0,2,0,40,0,29,15,283,6,4,0,0,3,2,1,0,0,,,,1,0,0,0,0,6,3,0,0,0,0,0,5,0.0,0,3,6,0,11,2,0,0,0,37,9,4,80.0,450.0,0,0,0,161,58,0,0.72,2,18,,5
1131339,Jordy Makengo,jordy-makengo,2538,SC Freiburg,6.92,34.6,5,0,1,0,1,0.26,1,84,13,97,86.6,48,40,17,2,5,71.43,6,5,0,0,0,4,50.0,1,0,0,16,64.0,3,75.0,19,65.52,319,0.0,0,0,0,0,0,0,0,0,1,0,0,0,0,1,50.0,5,0,0,4,31,2,6,2,175,5,2,0,0,1,0,1,0,0,,,,2,0,0,0,0,4,0,0,0,0,0,0,4,0.0,0,2,7,8,10,1,0,0,0,2,4,5,83.33,0.0,0,0,0,55,50,0,0.13,0,12,,5
37752,Steven Zuber,steven-zuber,3250,AEK Athens,6.92,34.6,5,0,0,0,0,0.15,0,74,15,89,83.15,30,44,26,1,2,50.0,2,1,1,0,0,0,0.0,16,6,4,12,54.55,1,14.29,13,44.83,301,0.0,0,0,0,0,2,0,0,0,10,6,0,0,0,0,0.0,4,0,0,3,35,5,6,3,149,8,3,1,0,2,2,6,0,0,,,,0,0,0,0,0,8,0,0,0,0,0,0,3,0.0,0,1,4,3,16,6,0,0,0,3,8,1,50.0,0.0,0,0,0,38,54,0,0.86,0,15,,5
826195,Matteo Gabbia,matteo-gabbia,2692,AC Milan,6.92,83.0,12,1,0,1,0,0.13,1,694,67,761,91.2,477,217,58,3,0,0.0,12,6,2,0,0,0,0.0,8,2,4,19,55.88,24,70.59,43,63.24,990,12.5,0,0,0,0,0,0,1,0,7,1,1,0,0,33,49.25,33,0,1,0,71,2,32,12,857,7,13,0,0,3,0,2,0,0,,,,3,0,0,0,0,11,4,0,0,0,0,0,11,0.0,0,3,0,1,25,10,0,0,0,67,15,6,50.0,990.0,0,0,0,497,265,0,0.39,15,41,,12
191210,Mike Maignan,mike-maignan,2692,AC Milan,6.92,41.5,6,0,0,0,0,0.0,0,133,19,152,87.5,126,7,1,0,0,0.0,0,0,1,0,0,0,0.0,0,0,0,1,100.0,1,100.0,2,100.0,471,0.0,0,0,0,0,0,0,0,0,0,0,0,0,0,16,45.71,3,0,0,0,20,0,7,6,197,1,0,0,0,0,0,0,0,13,,,,1,2,0,7,6,6,2,0,2,2,6,0,6,0.0,0,0,0,0,0,0,0,0,0,35,8,0,0.0,0.0,0,0,4,129,23,0,,28,35,,6
39182,Dani Parejo,dani-parejo,2819,Villarreal,6.91,48.4,7,1,0,0,0,0.7,1,276,32,308,89.61,152,129,53,5,2,66.67,8,3,1,0,0,5,35.71,5,1,2,20,57.14,2,33.33,22,53.66,458,20.0,0,0,0,0,0,0,1,0,1,4,0,0,1,19,73.08,4,0,0,3,49,2,19,12,376,10,5,0,0,6,0,2,0,0,,,,1,0,0,0,0,5,2,0,0,0,0,0,4,0.0,0,5,3,14,19,4,0,0,0,26,7,4,50.0,458.0,0,0,0,162,160,0,0.27,0,36,,7
818986,Gabriel Suazo,gabriel-suazo,1681,Toulouse,6.91,55.3,8,2,1,3,0,0.88,2,187,57,244,76.64,93,102,48,9,7,53.85,13,4,2,0,0,8,47.06,5,3,2,29,51.79,1,33.33,30,50.85,579,40.0,0,0,0,0,0,0,2,0,5,0,0,2,0,14,48.28,11,0,0,6,98,3,16,11,391,10,6,0,0,9,0,0,0,0,,,,1,0,0,0,0,9,0,0,0,0,0,0,7,0.0,0,9,13,17,29,2,0,0,0,29,9,8,61.54,289.5,0,0,0,112,149,1,1.52,0,37,,8
827362,Caoimhin Kelleher,caoimhin-kelleher,44,Liverpool FC,6.91,55.3,8,0,0,0,0,0.01,0,255,63,318,80.19,236,19,9,0,1,100.0,0,0,0,0,0,0,0.0,0,0,0,2,66.67,2,100.0,4,80.0,720,0.0,0,0,0,0,0,0,0,0,0,0,0,0,0,49,45.37,6,1,1,0,63,0,62,30,412,1,0,0,0,1,0,0,0,23,,,,1,0,0,13,9,11,1,3,5,5,7,0,8,0.0,0,0,1,0,1,0,0,0,0,108,12,0,0.0,0.0,0,0,5,250,68,0,0.0,30,71,,8
148899,Leonardo Spinazzola,leonardo-spinazzola,2702,AS Roma,6.91,69.1,10,0,3,0,1,1.48,1,256,59,315,81.27,164,103,42,11,10,62.5,12,1,3,0,0,11,39.29,3,1,1,25,53.19,1,16.67,26,49.06,703,0.0,0,0,0,0,0,0,0,0,3,0,0,0,0,30,57.69,9,0,0,5,105,1,23,12,478,3,5,1,0,6,0,1,0,0,,,,1,0,0,0,0,4,2,0,0,0,0,0,8,0.0,0,11,16,28,27,5,0,0,0,52,6,6,50.0,0.0,0,0,0,195,148,0,0.12,0,37,,10
1136280,Shavy Babicka,shavy-babicka,1681,Toulouse,6.9,48.3,7,3,0,1,0,0.26,3,60,21,81,74.07,17,43,29,7,8,40.0,5,1,0,0,0,0,0.0,12,4,4,22,44.9,1,25.0,23,43.4,379,25.0,0,0,0,0,0,0,2,1,5,7,0,2,1,1,50.0,0,0,0,6,62,3,0,0,173,9,5,0,0,4,3,4,0,0,,,,0,0,0,0,0,8,0,0,0,0,0,0,4,0.0,0,7,20,7,30,3,0,0,0,2,8,4,80.0,126.33,0,0,0,21,67,0,1.87,0,15,,7
873180,Cristian Tovar,cristian-tovar,5173,Sheriff Tiraspol,6.9,41.4,6,2,0,0,0,0.04,2,188,22,210,89.52,154,34,5,2,1,100.0,8,1,2,0,0,0,0.0,5,3,1,10,66.67,8,61.54,18,64.29,493,40.0,0,0,0,0,0,0,2,0,4,1,1,0,1,13,43.33,21,0,0,0,23,0,18,7,270,1,3,0,0,2,0,1,0,0,,,,0,0,0,0,0,12,2,0,0,0,0,0,6,0.0,0,2,1,0,10,5,0,0,0,30,14,5,62.5,246.5,0,0,0,162,48,0,0.21,0,20,,6
51225,Domagoj Vida,domagoj-vida,3250,AEK Athens,6.9,34.5,5,1,0,1,0,0.22,1,220,39,259,84.94,155,65,27,2,1,100.0,5,10,2,0,0,0,0.0,8,2,5,13,54.17,7,36.84,20,46.51,450,12.5,0,0,0,0,0,0,1,0,8,0,1,0,0,19,55.88,17,0,1,2,44,0,30,17,326,7,6,0,0,3,1,1,0,0,,,,0,0,0,0,0,10,0,0,0,0,0,0,5,0.0,0,2,1,0,23,12,0,0,0,34,10,2,40.0,450.0,0,0,0,167,92,0,0.93,0,31,,5
1123925,Georgiy Sudakov,georgiy-sudakov,3313,Shakhtar Donetsk,6.9,13.8,2,1,1,0,0,0.17,1,80,15,95,84.21,47,35,16,1,2,50.0,0,1,0,0,0,2,33.33,2,1,0,5,38.46,0,0.0,5,35.71,180,50.0,1,1,0,0,1,0,1,0,1,1,0,0,1,9,90.0,3,0,1,3,25,0,5,4,124,3,1,0,0,2,0,1,0,0,,,,0,0,0,0,0,5,0,0,0,0,0,0,2,100.0,0,1,4,6,9,1,0,0,0,10,5,0,0.0,180.0,0,0,0,50,51,0,0.93,0,6,,2
1382235,Bertuğ Yıldırım,bertug-ozgur-yildirim,1658,Stade Rennais,6.9,34.5,5,1,0,0,0,0.03,1,48,8,56,85.71,21,27,15,2,1,33.33,3,1,0,0,0,0,0.0,4,2,1,8,42.11,4,66.67,12,48.0,287,25.0,0,0,0,0,0,0,1,0,4,0,1,0,0,3,100.0,0,0,0,2,22,4,2,2,96,4,5,0,0,2,2,1,0,0,,,,0,0,0,0,0,2,1,0,0,0,0,0,4,0.0,0,2,3,4,13,2,0,0,0,3,3,2,66.67,287.0,0,0,0,22,38,0,0.69,0,7,,5
98433,Filip Stojković,filip-stojkovic,2058,LASK,6.9,27.6,4,0,2,0,2,1.17,2,44,34,78,56.41,16,32,16,5,2,66.67,5,2,1,0,0,4,66.67,3,1,2,11,44.0,2,40.0,13,43.33,278,0.0,0,0,0,0,0,0,0,0,3,0,0,0,0,6,37.5,3,0,0,3,51,2,8,4,163,5,4,0,0,7,1,0,0,0,,,,0,0,0,0,0,4,0,0,0,0,0,0,4,0.0,0,5,3,6,17,3,0,0,0,16,4,4,80.0,0.0,0,0,0,25,59,0,0.31,0,15,,4
148407,Ricardinho,ricardinho,5173,Sheriff Tiraspol,6.9,41.4,6,0,1,0,2,0.51,2,89,41,130,68.46,34,60,28,9,1,100.0,7,4,1,0,0,5,35.71,4,2,1,16,59.26,5,62.5,21,60.0,387,0.0,0,0,0,0,2,0,0,0,0,4,0,0,0,6,33.33,6,0,0,3,61,0,16,8,200,9,7,0,0,1,1,1,0,0,,,,0,0,0,0,0,8,1,0,0,0,0,0,5,0.0,0,9,1,14,14,3,0,0,0,18,9,3,42.86,0.0,0,0,0,48,96,0,0.1,0,16,,6
984184,Nicola Zalewski,nicola-zalewski,2702,AS Roma,6.9,55.2,8,0,1,1,1,0.72,1,125,41,166,75.3,69,56,32,5,5,41.67,10,6,1,0,0,0,0.0,5,1,4,28,53.85,3,75.0,31,55.36,480,0.0,0,0,0,0,1,0,0,0,4,1,0,0,0,11,50.0,8,0,0,1,78,2,14,5,286,13,11,0,0,5,5,0,0,0,,,,0,0,0,0,0,4,1,0,0,0,0,0,5,0.0,0,5,12,17,25,1,0,0,0,22,5,6,60.0,0.0,0,0,0,82,101,0,0.56,0,28,,9
1100321,Noah Mbamba,noah-mbamba,2681,Bayer 04 Leverkusen,6.9,13.8,2,0,1,0,1,0.0,1,13,3,16,81.25,6,7,2,1,2,50.0,0,3,0,0,0,0,0.0,2,2,0,6,42.86,0,0.0,6,42.86,76,0.0,0,0,0,0,0,0,0,0,1,1,0,0,0,1,50.0,1,0,0,2,9,1,1,0,39,4,3,0,0,1,0,0,0,0,,,,0,0,0,0,0,1,0,0,0,0,0,0,0,0.0,0,1,4,0,8,0,0,0,0,2,1,0,0.0,0.0,0,0,0,6,10,0,0.1,0,3,,2
1397478,João Costa,joao-costa,2702,AS Roma,6.9,6.9,1,0,0,0,0,0.0,0,4,0,4,100.0,3,1,0,0,0,0.0,3,0,0,0,0,0,0.0,0,0,0,4,66.67,0,0.0,4,50.0,15,0.0,0,0,0,0,0,0,0,0,0,0,0,0,0,0,0.0,0,0,0,0,3,0,0,0,12,1,1,0,0,0,0,0,0,0,,,,0,0,0,0,0,0,0,0,0,0,0,0,0,0.0,0,0,1,0,4,2,0,0,0,0,0,2,66.67,0.0,0,0,0,3,1,0,,0,2,,2
978518,Jackson Porozo,jackson-porozo,3245,Olympiacos FC,6.9,20.7,3,0,1,1,0,0.01,0,61,14,75,81.33,45,16,2,2,0,0.0,2,2,1,0,0,0,0.0,3,1,2,4,57.14,12,80.0,16,72.73,196,0.0,0,0,0,0,0,0,0,0,3,0,0,0,0,1,14.29,14,0,0,0,14,0,4,1,101,2,3,0,0,0,0,0,0,0,,,,0,0,0,0,0,2,1,0,0,0,0,0,2,0.0,0,2,0,0,6,3,0,0,0,7,3,2,100.0,0.0,0,0,0,51,24,0,0.39,0,6,,3
985823,Ayase Ueda,ueda-ayase,2959,Feyenoord,6.9,13.8,2,0,0,0,0,0.06,0,13,5,18,72.22,3,10,8,1,0,0.0,0,0,0,0,0,0,0.0,3,1,1,3,50.0,6,54.55,9,52.94,105,0.0,0,0,0,0,2,0,0,0,1,2,0,0,0,0,0.0,0,0,0,2,14,0,0,0,36,3,0,0,0,1,2,1,0,0,,,,0,0,0,0,0,0,0,0,0,0,0,0,1,0.0,0,1,0,0,8,5,0,0,0,0,0,0,0.0,0.0,0,0,0,4,14,0,0.26,0,3,,2
791953,Gustav Berggren,gustav-berggren,35268,Raków Częstochowa,6.9,41.4,6,0,0,0,0,0.26,0,159,41,200,79.5,67,92,47,2,10,76.92,8,6,1,0,0,0,0.0,4,1,2,23,56.1,6,40.0,29,51.79,438,0.0,0,0,0,0,0,0,0,0,2,2,0,0,0,10,45.45,7,0,0,2,55,2,6,3,280,5,7,0,0,6,1,1,0,0,,,,1,0,0,0,0,9,0,0,0,0,0,0,5,0.0,0,2,13,0,27,9,0,0,0,22,9,5,62.5,0.0,0,0,0,77,123,0,0.24,0,29,,6
122621,Sergio Araujo,sergio-araujo,3250,AEK Athens,6.9,27.6,4,0,1,0,0,0.5,0,49,19,68,72.06,14,35,26,7,1,33.33,2,1,1,0,0,0,0.0,6,2,1,3,23.08,1,20.0,4,22.22,203,0.0,0,0,0,0,0,0,0,0,4,2,0,0,0,7,58.33,1,0,0,3,31,5,8,3,97,0,3,0,0,2,1,3,0,0,,,,0,0,0,0,0,4,0,0,0,0,0,0,2,0.0,0,7,3,1,14,4,0,0,0,12,4,2,100.0,0.0,0,0,0,18,51,0,0.23,0,13,,4
286909,Przemysław Frankowski,przemysaw-frankowski,1648,RC Lens,6.9,13.8,2,0,0,0,0,0.24,0,59,14,73,80.82,18,43,24,1,1,33.33,3,1,1,0,0,2,16.67,3,1,1,4,30.77,1,100.0,5,35.71,163,0.0,0,0,0,0,0,0,0,0,2,1,0,0,0,1,33.33,4,0,0,1,32,1,8,6,121,0,5,0,0,3,1,1,0,0,,,,1,0,0,0,0,1,0,0,0,0,0,0,2,0.0,0,1,3,12,9,0,0,0,0,3,1,0,0.0,0.0,0,0,0,24,61,0,0.17,0,9,,2
1029751,Ishaq Abdulrazak,ishaq-abdulrazak,1760,BK Häcken,6.9,34.5,5,0,2,0,0,0.58,0,129,18,147,87.76,54,81,41,5,3,60.0,10,0,0,0,0,6,42.86,3,2,0,13,46.43,0,0.0,13,41.94,219,0.0,0,0,0,0,0,0,0,0,1,2,0,0,0,4,36.36,1,0,0,1,39,3,6,3,218,0,5,0,0,7,0,1,0,0,,,,0,0,0,0,0,4,1,0,0,0,0,0,1,0.0,0,5,5,14,18,3,0,0,0,11,5,7,70.0,0.0,0,0,0,58,103,0,0.11,0,18,,5
981624,Júlio Romão,julio-romao,5962,Qarabağ FK,6.9,55.2,8,0,0,0,0,0.11,0,256,41,297,86.2,147,109,40,5,10,71.43,38,9,5,0,0,0,0.0,2,0,2,54,53.47,3,50.0,57,53.27,734,0.0,0,0,0,0,0,0,0,0,0,2,0,0,0,18,60.0,9,0,1,12,68,3,22,14,427,6,19,0,0,12,0,0,0,0,,,,2,0,0,0,0,11,2,0,0,0,0,0,8,0.0,0,5,14,0,50,3,0,0,0,30,13,24,63.16,0.0,0,0,0,160,137,0,0.09,0,61,,8
786259,Kostas Tsimikas,kostas-tsimikas,44,Liverpool FC,6.9,41.4,6,0,0,0,0,0.32,0,271,34,305,88.85,137,140,48,3,3,42.86,11,6,0,0,0,6,20.69,3,0,3,18,51.43,2,40.0,20,50.0,397,0.0,0,0,0,0,0,0,0,0,1,2,0,0,0,10,50.0,9,1,0,8,81,4,18,10,449,4,6,1,0,0,0,0,0,0,,,,1,0,0,0,0,2,1,0,0,0,0,0,5,0.0,0,3,7,29,20,3,0,0,0,20,3,9,81.82,0.0,0,0,0,153,181,0,0.09,0,29,,6
126680,Filip Mladenović,filip-mladenovic,3248,Panathinaikos FC,6.9,34.5,5,0,0,0,0,0.9,0,173,36,209,82.78,86,100,37,7,3,50.0,6,3,0,0,0,13,37.14,4,0,3,15,68.18,2,66.67,17,68.0,368,0.0,0,0,0,0,0,0,0,0,2,2,0,0,0,15,46.88,7,0,0,1,71,1,21,10,317,6,1,0,0,2,1,1,0,0,,,,1,0,0,0,0,6,2,0,0,0,0,0,4,0.0,0,7,6,35,8,1,0,0,0,32,8,3,50.0,0.0,0,0,0,97,147,0,0.08,0,26,,6
579576,Ruben Aguilar,ruben-aguilar,1648,RC Lens,6.9,13.8,2,0,0,0,0,0.05,0,39,10,49,79.59,19,20,10,1,0,0.0,3,1,0,0,0,0,0.0,1,1,0,3,42.86,2,40.0,5,41.67,110,0.0,0,0,0,0,0,0,0,0,1,0,0,0,0,0,0.0,5,0,0,0,17,1,4,1,87,0,4,0,0,0,0,0,0,0,,,,0,0,0,0,0,2,0,0,0,0,0,0,1,0.0,0,1,0,2,7,3,0,0,0,2,2,3,100.0,0.0,0,0,0,21,30,0,0.05,0,6,,2
35507,Ryan Jack,ryan-jack,2351,Rangers,6.9,20.7,3,0,0,0,0,0.07,0,33,10,43,76.74,14,19,12,1,0,0.0,7,1,0,0,0,0,0.0,1,1,0,8,80.0,1,50.0,9,75.0,112,0.0,0,0,0,0,0,0,0,0,0,1,0,0,0,0,0.0,2,0,0,1,14,0,4,3,62,1,0,0,0,1,0,0,0,0,,,,0,0,0,0,0,1,0,0,0,0,0,0,1,0.0,0,1,0,0,3,1,0,0,0,2,1,5,71.43,0.0,0,0,0,17,26,0,0.03,0,8,,3
59731,Luís Neto,luis-neto,3001,Sporting CP,6.9,13.8,2,0,0,0,0,0.01,0,103,14,117,88.03,76,27,6,0,0,0.0,2,2,0,0,0,0,0.0,1,0,0,4,40.0,8,100.0,12,66.67,100,0.0,0,0,0,0,0,0,0,0,1,0,0,0,0,3,42.86,6,0,0,2,18,0,4,2,136,2,3,0,0,1,0,1,0,0,,,,1,0,0,0,0,1,0,0,0,0,0,0,1,0.0,0,0,0,0,6,0,0,0,0,7,1,2,100.0,0.0,0,0,0,84,33,0,0.03,0,8,,2
308042,David Douline,david-douline,2448,Servette FC,6.9,20.7,3,0,0,0,0,0.03,0,52,14,66,78.79,24,28,18,1,1,50.0,14,2,1,0,0,0,0.0,2,0,2,16,61.54,1,100.0,17,62.96,173,0.0,0,0,0,0,0,0,0,0,1,1,0,0,0,4,50.0,3,0,0,4,21,1,4,2,114,1,5,0,0,0,0,0,0,0,,,,0,0,0,0,0,3,0,0,0,0,0,0,2,0.0,0,1,2,2,10,0,0,0,0,8,3,6,42.86,0.0,0,0,0,30,38,0,0.02,0,12,,3
1142636,Stefan Bajčetić,stefan-bajcetic,44,Liverpool FC,6.9,6.9,1,0,0,0,0,0.07,0,38,7,45,84.44,16,22,11,2,1,100.0,1,0,1,0,0,0,0.0,0,0,0,3,50.0,0,0.0,3,37.5,61,0.0,0,0,0,0,0,0,0,0,0,0,0,0,0,7,77.78,0,0,0,0,11,0,5,5,58,1,2,0,0,1,0,0,0,0,,,,0,0,0,0,0,0,1,0,0,0,0,0,1,0.0,0,2,1,1,5,2,0,0,0,9,1,1,100.0,0.0,0,0,0,18,28,0,0.0,0,9,,1
94770,Hörður Magnússon,horur-magnusson,3248,Panathinaikos FC,6.9,6.9,1,0,0,0,0,0.01,0,39,11,50,78.0,24,15,8,0,0,0.0,0,0,0,0,0,0,0.0,0,0,0,0,0.0,1,100.0,1,50.0,90,0.0,0,0,0,0,0,0,0,0,0,0,0,0,0,5,55.56,4,0,0,0,11,0,6,3,54,0,1,0,0,0,0,0,0,0,,,,1,0,0,0,0,0,0,0,0,0,0,0,1,0.0,0,0,0,0,1,0,0,0,0,9,0,0,0.0,0.0,0,0,0,31,19,0,0.0,0,3,,1
1127916,Thomas Beelen,thomas-beelen,2959,Feyenoord,6.9,13.8,2,0,0,0,0,0.02,0,109,10,119,91.6,80,29,7,0,2,100.0,3,5,1,0,0,0,0.0,0,0,0,5,83.33,2,40.0,7,63.64,210,0.0,0,0,0,0,0,0,0,0,0,0,0,0,0,5,62.5,9,0,0,0,10,0,6,2,145,0,1,0,0,0,0,0,0,0,,,,0,0,0,0,0,1,1,0,0,0,0,0,2,0.0,0,0,2,0,4,3,0,0,0,8,2,1,33.33,0.0,0,0,0,84,35,0,0.0,0,11,,2
1102504,Kévin Keben Biakolo,kevin-keben-biakolo,1681,Toulouse,6.9,6.9,1,0,0,0,0,0.01,0,32,8,40,80.0,20,12,3,0,0,0.0,2,2,0,0,0,0,0.0,0,0,0,3,75.0,2,66.67,5,71.43,68,0.0,0,0,0,0,0,0,0,0,0,0,0,0,0,1,25.0,0,0,0,0,11,1,2,1,53,1,1,0,0,0,0,0,0,0,,,,0,0,0,0,0,0,0,0,0,0,0,0,0,0.0,0,0,0,1,2,1,0,0,0,4,0,2,100.0,0.0,0,0,0,23,18,0,0.0,0,4,,2
576082,Felix Luckeneder,felix-luckeneder,2058,LASK,6.9,13.8,2,0,0,0,0,0.01,0,36,18,54,66.67,25,11,2,0,0,0.0,7,4,0,0,0,0,0.0,0,0,0,9,60.0,4,44.44,13,54.17,170,0.0,0,0,0,1,0,0,0,0,0,0,0,0,0,5,41.67,6,0,0,1,21,0,6,1,83,2,4,0,0,1,0,0,0,0,,,,0,0,0,0,0,4,0,0,0,0,0,0,2,0.0,0,0,0,0,11,5,0,0,0,12,4,6,85.71,0.0,0,0,0,30,24,0,0.0,0,7,,2
991421,Azzedine Ounahi,azzedine-ounahi,1641,Olympique de Marseille,6.89,82.7,12,0,2,2,1,0.58,1,315,32,347,90.78,107,211,103,8,6,42.86,7,5,2,0,0,3,20.0,15,6,8,30,60.0,6,54.55,36,59.02,639,0.0,0,0,0,0,0,0,0,0,3,12,0,0,0,15,68.18,1,0,0,6,70,4,19,15,466,18,3,1,0,3,0,1,0,0,,,,0,0,0,0,0,12,0,0,0,0,0,0,6,0.0,0,8,14,15,25,5,0,0,0,22,12,3,42.86,0.0,0,0,0,117,245,0,1.12,0,43,,12
132318,Davide Zappacosta,davide-zappacosta,2686,Atalanta,6.89,68.9,10,0,2,0,3,0.9,3,224,44,268,83.58,97,133,81,8,8,42.11,6,2,2,0,0,6,28.57,9,1,5,22,40.74,5,71.43,27,44.26,734,0.0,0,0,0,0,0,0,0,0,3,6,0,0,0,11,50.0,7,0,0,2,100,5,25,18,452,8,16,0,0,4,1,3,0,0,,,,1,0,0,0,0,2,1,0,0,0,0,0,9,0.0,0,8,19,21,34,2,0,0,0,22,3,4,66.67,0.0,0,0,0,108,181,0,0.38,0,33,,11
911853,Logan Costa,logan-costa,1681,Toulouse,6.89,48.2,7,0,0,0,0,0.13,0,262,70,332,78.92,177,85,33,1,1,100.0,14,5,0,0,1,0,0.0,1,1,0,15,60.0,10,58.82,25,59.52,630,0.0,0,0,0,1,0,0,0,0,0,1,0,0,0,25,46.3,36,0,0,2,82,0,38,16,423,1,7,0,0,2,0,0,0,0,,,,2,0,0,0,0,11,0,0,0,0,0,0,7,0.0,0,1,1,6,17,7,0,0,0,54,11,14,100.0,0.0,1,0,0,212,126,0,0.03,17,28,,7
303634,Christian Burgess,christian-burgess,4860,Royale Union Saint-Gilloise,6.88,41.3,6,1,0,0,0,0.09,1,212,48,260,81.54,163,49,5,0,0,0.0,7,3,1,0,0,0,0.0,2,1,1,7,63.64,23,74.19,30,71.43,540,50.0,0,0,0,2,0,0,1,0,2,0,1,0,0,19,51.35,37,0,1,2,52,0,13,8,334,0,3,0,0,1,0,0,0,0,,,,1,0,0,0,0,8,0,0,0,0,0,0,6,0.0,0,0,0,0,12,8,0,0,0,37,8,5,71.43,540.0,0,0,0,188,72,0,0.76,0,43,,6
999030,Warmed Omari,omari-warmed,1658,Stade Rennais,6.88,41.3,6,0,0,0,1,0.16,1,273,25,298,91.61,175,98,34,3,0,0.0,6,4,0,0,0,0,0.0,2,0,2,8,44.44,11,61.11,19,52.78,540,0.0,0,0,0,0,0,0,0,0,2,0,0,0,0,11,52.38,16,0,0,0,29,2,10,6,344,2,5,0,0,4,0,0,0,0,,,,2,0,0,0,0,6,1,0,0,0,0,0,6,0.0,0,3,1,0,17,7,0,0,0,21,7,2,33.33,0.0,0,0,0,189,109,0,0.11,1,34,,6
921140,Bendegúz Bolla,bendeguz-bolla,2448,Servette FC,6.88,41.3,6,0,0,0,0,0.2,0,99,45,144,68.75,24,76,43,3,2,16.67,9,7,0,0,0,1,3.85,14,7,4,16,43.24,7,46.67,23,44.23,430,0.0,0,0,0,0,1,0,0,0,6,8,0,0,0,7,36.84,7,0,0,0,84,4,16,5,271,5,11,0,0,1,0,3,0,0,,,,0,0,0,0,0,8,0,0,0,0,0,0,5,0.0,0,3,12,26,29,8,0,0,0,19,8,6,66.67,0.0,0,0,0,35,135,0,0.55,0,21,,6
893008,Zeki Çelik,zeki-celik,2702,AS Roma,6.88,75.7,11,0,1,0,2,0.55,2,301,56,357,84.31,156,146,67,8,3,33.33,22,11,1,1,1,1,10.0,4,1,0,27,45.0,7,38.89,34,43.59,813,0.0,0,0,0,0,0,0,0,0,2,2,0,0,0,8,40.0,26,0,2,4,85,2,19,8,526,2,14,0,0,9,3,3,0,0,,,,5,0,0,0,0,2,2,0,0,0,0,0,9,0.0,0,8,9,10,44,11,0,0,0,20,4,15,68.18,0.0,0,0,0,177,190,1,0.2,0,37,,11
51833,Fredrik Gulbrandsen,fredrik-gulbrandsen,661,Molde FK,6.88,34.4,5,2,0,1,0,0.1,2,36,13,49,73.47,15,22,12,3,3,50.0,2,4,0,0,0,1,100.0,7,3,2,9,42.86,7,58.33,16,48.48,272,28.57,0,0,0,0,0,0,2,0,6,1,0,0,2,0,0.0,0,0,0,4,26,3,1,0,89,4,4,0,0,1,3,2,0,0,,,,0,0,0,0,0,4,3,0,0,0,0,0,3,0.0,0,3,6,1,17,5,0,0,0,1,7,2,100.0,136.0,0,0,0,18,32,0,1.76,0,10,,5
135246,Tom Lawrence,tom-lawrence,2351,Rangers,6.88,34.4,5,1,0,0,0,0.5,1,65,21,86,75.58,17,48,33,4,6,54.55,5,3,0,0,0,0,0.0,7,3,1,15,50.0,2,50.0,17,50.0,259,14.29,0,0,0,0,0,0,1,0,3,4,1,0,0,1,16.67,2,0,0,4,45,1,8,4,141,4,2,1,0,4,0,3,0,0,,,,0,0,0,0,0,3,0,0,0,0,0,0,3,0.0,0,4,11,2,17,2,0,0,0,6,3,3,60.0,259.0,0,0,0,21,67,0,0.36,0,4,,5
280009,Lucas Höler,lucas-holer,2538,SC Freiburg,6.88,68.8,10,0,1,2,1,0.75,1,167,66,233,71.67,56,112,59,9,2,66.67,12,0,2,0,0,1,20.0,12,5,4,20,42.55,21,44.68,41,43.62,746,0.0,0,0,0,0,0,0,0,0,9,3,0,0,0,2,33.33,6,0,0,9,102,9,11,6,350,6,13,0,0,4,0,3,0,0,,,,0,0,0,0,0,8,1,0,0,0,0,0,8,0.0,0,9,3,5,53,26,0,0,0,6,9,8,66.67,0.0,0,0,0,68,170,0,1.57,0,32,,10
796432,Jean Carlos Silva,jean-carlos-silva,35268,Raków Częstochowa,6.88,34.4,5,0,2,0,1,0.49,1,120,31,151,79.47,53,69,28,3,4,57.14,9,2,1,0,0,2,22.22,6,0,2,16,47.06,3,42.86,19,46.34,346,0.0,0,0,0,0,0,0,0,0,3,3,0,0,0,7,63.64,3,0,0,4,54,3,5,2,221,3,4,0,0,7,1,4,0,0,,,,1,0,0,0,0,6,0,0,0,0,0,0,3,0.0,0,3,7,9,22,4,0,0,0,11,6,7,77.78,0.0,0,0,0,66,94,0,0.3,0,24,,5
865516,Alexis Antunes,alexis-antunes,2448,Servette FC,6.88,34.4,5,0,0,0,0,0.08,0,67,20,87,77.01,25,42,21,2,2,28.57,10,5,1,0,0,0,0.0,5,3,2,26,65.0,4,33.33,30,57.69,293,0.0,0,0,0,0,0,0,0,0,1,4,0,0,0,3,60.0,0,0,0,3,38,0,3,1,156,14,5,0,0,1,1,0,0,0,,,,0,0,0,0,0,10,0,0,0,0,0,0,4,0.0,0,2,7,1,22,8,0,0,0,5,10,7,70.0,0.0,0,0,0,30,58,0,0.27,0,20,,5
14942,Andrés Guardado,andres-guardado,2816,Real Betis,6.88,34.4,5,0,1,0,0,0.45,0,155,18,173,89.6,60,96,36,5,1,50.0,4,4,1,0,0,1,20.0,3,0,2,8,40.0,4,100.0,12,50.0,274,0.0,0,0,0,0,0,0,0,0,1,2,0,0,0,14,66.67,1,0,0,0,28,0,15,9,213,3,4,1,0,7,0,1,0,0,,,,0,0,0,0,0,4,0,0,0,0,0,0,3,0.0,0,5,2,5,12,0,0,0,0,21,4,2,50.0,0.0,0,0,0,66,112,0,0.09,0,17,,5
830431,Francisco Trincão,francisco-trincao,3001,Sporting CP,6.88,55.0,8,0,1,1,2,0.65,2,185,29,214,86.45,76,111,48,6,6,31.58,10,2,0,0,0,2,22.22,10,2,5,29,48.33,0,0.0,29,45.31,531,0.0,0,0,1,0,0,0,0,0,6,4,0,0,0,7,87.5,2,0,0,6,86,4,8,6,339,13,8,0,0,5,0,3,0,0,,,,1,0,0,0,0,5,1,0,0,0,0,0,7,0.0,0,6,19,9,35,4,0,0,0,8,6,6,60.0,0.0,0,0,0,89,134,0,0.72,0,22,,8
846665,José Cifuentes,jose-cifuentes,2351,Rangers,6.88,27.5,4,0,1,0,1,0.24,1,120,17,137,87.59,52,70,38,4,2,100.0,5,4,0,0,0,2,50.0,1,0,0,10,45.45,0,0.0,10,38.46,240,0.0,0,0,0,0,0,0,0,0,0,1,0,0,0,10,62.5,5,0,0,4,29,2,8,4,180,3,3,0,0,5,0,1,0,0,,,,0,0,0,0,0,3,0,0,0,0,0,0,3,0.0,0,4,2,4,16,4,0,0,0,16,3,3,60.0,0.0,0,0,0,54,87,0,0.05,0,27,,5
318607,Davide Calabria,davide-calabria,2692,AC Milan,6.88,27.5,4,0,0,0,0,0.2,0,131,9,140,93.57,59,75,35,0,1,33.33,9,4,2,0,0,3,60.0,0,0,0,13,54.17,2,50.0,15,53.57,225,0.0,0,0,0,0,0,0,0,0,0,0,0,0,0,7,100.0,5,0,0,2,17,0,4,3,194,3,3,0,0,4,0,0,0,0,,,,0,0,0,0,0,4,0,0,0,0,0,0,3,0.0,0,0,3,5,13,2,0,0,0,7,4,6,66.67,0.0,0,0,0,62,83,0,,0,10,,4
139227,Kurt Zouma,kurt-zouma,37,West Ham United,6.88,27.5,4,0,0,0,0,0.11,0,115,24,139,82.73,89,26,3,0,0,0.0,4,4,1,0,0,0,0.0,0,0,0,4,57.14,9,64.29,13,61.9,360,0.0,0,0,0,0,0,0,0,0,0,0,0,0,0,7,46.67,22,0,0,0,26,0,8,4,185,0,3,0,0,0,0,0,0,0,,,,1,0,0,0,0,4,0,0,0,0,0,0,4,0.0,0,0,0,0,8,5,0,0,0,15,4,2,50.0,0.0,0,0,0,95,44,0,,6,8,,4
190421,Tin Jedvaj,tin-jedvaj,3248,Panathinaikos FC,6.88,27.5,4,0,0,0,0,0.17,0,227,25,252,90.08,133,95,28,2,0,0.0,7,6,0,0,0,1,100.0,3,0,2,8,72.73,6,42.86,14,56.0,360,0.0,0,0,0,0,0,0,0,0,3,0,0,0,0,19,59.38,6,0,0,0,29,1,17,10,290,1,1,0,0,2,1,1,0,0,,,,1,0,0,0,0,6,1,0,0,0,0,0,4,0.0,0,2,1,1,11,8,0,0,0,32,7,3,42.86,0.0,0,0,0,140,113,0,0.15,0,22,,4
947388,Gabi Kiki,gabi-kiki,5173,Sheriff Tiraspol,6.88,27.5,4,0,0,0,0,0.03,0,172,29,201,85.57,138,34,11,1,1,25.0,14,6,2,0,1,0,0.0,1,0,1,18,60.0,11,68.75,29,63.04,360,0.0,0,0,0,0,0,0,0,0,1,0,0,0,0,16,44.44,39,0,0,0,38,0,22,10,288,4,7,0,1,2,0,0,0,0,,,,0,0,0,0,0,11,0,0,0,0,0,0,4,0.0,0,1,4,0,17,5,0,0,0,36,11,8,57.14,0.0,1,0,0,149,52,0,0.05,7,39,,4
920379,Nathan Tella,nathan-tella,2681,Bayer 04 Leverkusen,6.87,75.6,11,1,2,1,1,1.58,2,137,30,167,82.04,39,102,57,16,6,30.0,4,4,0,0,0,4,26.67,12,6,2,20,39.22,3,37.5,23,38.98,569,8.33,0,0,0,0,0,0,1,0,8,4,0,0,1,6,60.0,3,0,0,6,79,3,6,6,294,10,5,0,0,6,3,4,0,0,,,,0,0,0,0,0,5,0,0,0,0,0,0,8,0.0,0,16,20,15,36,5,0,0,0,10,5,3,75.0,569.0,0,0,0,50,132,0,0.48,0,39,,11
1093695,Vitinha,vitinha,1641,Olympique de Marseille,6.87,41.2,6,1,1,1,0,0.76,1,32,10,42,76.19,5,29,16,3,4,80.0,1,0,1,0,0,2,50.0,7,3,1,12,50.0,6,66.67,18,54.55,282,14.29,0,0,1,0,0,0,1,0,6,1,0,0,1,0,0.0,5,0,0,3,30,3,2,1,92,7,2,1,0,6,4,3,0,0,,,,1,0,0,0,0,2,0,0,0,0,0,0,3,0.0,0,3,5,4,15,3,0,0,0,0,2,1,100.0,282.0,0,0,0,5,41,0,1.33,0,4,,6
983596,Muhamed Tijani,muhamed-tijani,2216,SK Slavia Praha,6.87,20.6,3,1,1,0,0,0.04,1,16,4,20,80.0,4,12,5,2,0,0.0,1,0,2,0,0,0,0.0,3,2,0,2,16.67,2,66.67,4,26.67,88,33.33,1,1,0,0,0,0,1,0,3,0,0,0,1,1,100.0,3,0,0,1,9,1,1,1,36,1,9,0,0,0,0,1,0,0,,,,0,0,0,0,0,0,0,0,0,0,0,0,0,100.0,0,2,1,0,11,1,0,0,0,1,0,0,0.0,88.0,0,0,0,4,16,0,0.93,0,4,,3
1133715,Mathias Løvik,lovik-mathias-fjortoft,661,Molde FK,6.87,41.2,6,0,1,0,1,0.66,1,118,43,161,73.29,62,59,34,5,9,52.94,8,6,2,0,0,3,25.0,6,2,3,20,45.45,3,50.0,23,46.0,540,0.0,0,0,0,0,0,0,0,0,5,1,0,0,0,12,52.17,8,0,0,1,76,5,11,6,287,3,6,0,0,9,1,1,0,0,,,,0,0,0,0,0,9,3,0,0,0,0,0,6,0.0,0,5,17,12,27,3,0,0,0,23,12,7,87.5,0.0,0,0,0,71,102,0,0.61,0,41,,6
1403124,Emran Soglo,soglo-emran,1641,Olympique de Marseille,6.87,20.6,3,0,0,0,0,0.02,0,39,6,45,86.67,15,24,15,1,4,57.14,5,0,0,0,0,0,0.0,0,0,0,11,64.71,1,16.67,12,52.17,94,0.0,0,0,0,0,0,0,0,0,0,0,0,0,0,0,0.0,0,0,0,0,15,0,0,0,79,2,2,0,0,1,0,0,0,0,,,,0,0,0,0,0,0,0,0,0,0,0,0,1,0.0,0,1,7,3,11,5,0,0,0,0,0,4,80.0,0.0,0,0,0,19,29,0,,0,3,,5
142148,Sead Kolašinac,sead-kolasinac,2686,Atalanta,6.87,61.8,9,0,0,3,0,0.16,0,314,56,370,84.86,185,130,65,2,3,75.0,21,15,2,0,0,1,50.0,3,0,3,27,48.21,22,75.86,49,57.65,688,0.0,0,0,0,1,0,0,0,0,3,0,0,0,0,17,53.13,20,0,0,0,69,2,18,13,479,3,21,0,0,8,0,0,0,0,,,,1,0,0,0,0,7,0,0,0,0,0,0,9,0.0,0,2,4,2,36,7,0,0,0,32,7,15,71.43,0.0,0,0,0,204,168,0,0.65,0,55,,9
581314,Valentin Rongier,valentin-rongier,1641,Olympique de Marseille,6.87,20.6,3,0,0,0,0,0.15,0,158,20,178,88.76,68,90,36,4,0,0.0,3,3,0,0,0,0,0.0,5,2,1,5,33.33,5,71.43,10,45.45,270,0.0,0,0,0,0,0,0,0,0,0,5,0,0,0,7,53.85,3,0,0,1,28,2,12,4,213,2,4,0,0,4,0,2,0,0,,,,0,0,0,0,0,6,0,0,0,0,0,0,3,0.0,0,4,1,0,12,2,0,0,0,13,6,1,33.33,0.0,0,0,0,75,103,0,0.26,0,14,,3
561124,Gaël Ondoua,gael-ondoua,2448,Servette FC,6.87,41.2,6,0,0,0,0,0.12,0,228,24,252,90.48,92,136,56,2,3,75.0,10,5,1,0,0,0,0.0,1,0,1,24,54.55,4,40.0,28,51.85,459,0.0,0,0,0,0,0,0,0,0,0,1,0,0,0,21,91.3,2,0,0,4,40,1,10,6,312,11,12,0,0,3,0,0,0,0,,,,0,0,0,0,0,11,0,0,0,0,0,0,5,0.0,0,2,4,0,26,6,0,0,0,23,11,8,80.0,0.0,0,0,0,97,155,0,0.03,0,29,,6
990025,Tobias Lawal,tobias-lawal,2058,LASK,6.87,41.2,6,0,0,0,0,0.0,0,108,71,179,60.34,93,15,5,0,0,0.0,0,0,0,0,0,0,0.0,0,0,0,0,0.0,0,0.0,0,0.0,540,0.0,0,0,0,1,0,0,0,0,0,0,0,0,0,30,30.3,7,0,0,0,72,0,24,8,224,0,1,0,0,0,0,0,0,16,,,,1,3,0,11,5,12,0,4,3,3,2,0,6,0.0,0,0,0,0,1,0,0,0,0,99,12,0,0.0,0.0,0,0,5,106,73,0,0.0,63,44,,6
998446,Aleksandar Ćirković,aleksandar-cirkovic,263360,FK TSC Bačka Topola,6.86,34.3,5,1,1,0,0,0.24,1,26,12,38,68.42,4,24,12,2,1,20.0,2,1,0,0,0,2,25.0,6,5,0,7,53.85,1,50.0,8,53.33,224,16.67,0,0,0,0,0,0,1,0,5,1,0,1,0,1,33.33,0,0,0,1,29,3,2,2,76,4,0,0,0,1,3,1,0,0,,,,0,0,0,0,0,10,0,0,0,0,0,0,2,0.0,0,2,5,8,7,1,0,0,0,3,10,1,50.0,224.0,0,0,0,9,37,0,0.59,0,8,,5
547862,Kaan Kairinen,kaan-kairinen,2218,AC Sparta Praha,6.86,68.6,10,0,2,1,3,0.95,3,337,65,402,83.83,215,129,47,13,2,66.67,14,11,1,0,0,7,25.93,2,0,2,19,44.19,8,61.54,27,48.21,824,0.0,0,0,0,0,0,0,0,0,1,1,0,0,0,19,52.78,6,0,0,5,97,1,24,10,506,3,10,0,0,8,2,0,0,0,,,,1,0,0,0,0,17,3,0,0,0,0,0,10,0.0,0,13,3,27,29,5,0,0,0,36,20,8,57.14,0.0,0,0,0,241,188,0,0.34,0,51,,10
846445,Martin Terrier,martin-terrier,1658,Stade Rennais,6.85,41.1,6,1,0,3,0,0.43,1,139,25,164,84.76,35,106,73,6,1,33.33,8,1,0,0,0,2,66.67,10,2,6,18,56.25,4,28.57,22,47.83,407,10.0,1,0,1,0,0,0,1,0,9,1,0,0,1,4,57.14,0,0,0,8,43,0,7,5,229,9,1,0,0,3,0,2,0,0,,,,1,0,0,0,0,9,0,0,0,0,0,0,5,0.0,0,6,3,3,24,10,0,0,1,7,9,7,87.5,407.0,0,0,0,37,130,1,1.5,0,8,,7
787448,Silvère Ganvoula,silvere-ganvoula,2445,BSC Young Boys,6.85,13.7,2,1,0,0,0,0.01,1,11,4,15,73.33,2,9,5,1,1,50.0,1,0,0,0,0,0,0.0,3,1,0,2,40.0,3,60.0,5,50.0,58,33.33,1,1,0,0,0,0,1,0,2,1,0,0,1,1,100.0,0,0,0,1,10,0,0,0,28,0,1,0,0,0,1,2,0,0,,,,0,0,0,0,0,0,0,0,0,0,0,0,0,100.0,0,1,2,1,5,2,0,0,0,1,0,0,0.0,58.0,0,0,0,2,14,0,0.97,0,1,,2
1135616,Momodou Sonko,momodou-sonko,1760,BK Häcken,6.85,41.1,6,1,0,0,0,0.33,1,63,13,76,82.89,10,55,30,6,16,57.14,5,2,1,0,0,2,28.57,7,1,2,23,46.94,0,0.0,23,46.0,359,14.29,0,0,0,0,0,0,0,1,2,5,0,0,1,4,100.0,2,0,0,7,55,6,5,5,166,2,5,1,0,3,1,4,0,0,,,,0,0,0,0,0,9,2,0,0,0,0,0,4,0.0,0,6,28,7,27,1,0,0,0,4,11,4,80.0,359.0,0,0,0,11,72,0,0.56,0,15,,6
981815,Igor Paixão,igor-paixao,2959,Feyenoord,6.85,13.7,2,1,0,0,0,0.06,1,17,5,22,77.27,5,13,10,1,0,0.0,0,0,0,0,0,1,33.33,4,2,1,2,28.57,0,0.0,2,20.0,138,25.0,0,0,0,0,0,0,1,0,3,1,1,0,0,1,33.33,3,0,0,1,12,0,3,2,42,2,2,0,0,0,0,1,0,0,,,,0,0,0,0,0,1,1,0,0,0,0,0,2,0.0,0,1,2,3,8,3,0,0,0,3,2,0,0.0,138.0,0,0,0,6,19,0,0.54,0,4,,2
35208,Tjaronn Chery,tjaronn-chery,5197,Maccabi Haifa,6.85,27.4,4,1,1,0,0,0.54,1,71,23,94,75.53,39,34,19,3,1,33.33,2,0,1,0,0,2,33.33,5,3,0,7,36.84,0,0.0,7,36.84,267,20.0,0,0,0,0,0,0,1,0,1,4,0,0,1,7,58.33,0,0,0,6,41,1,13,6,133,4,2,0,0,2,0,2,0,0,,,,0,0,0,0,0,3,2,0,0,0,0,0,3,0.0,0,3,3,6,12,0,0,0,0,12,5,2,100.0,267.0,0,0,0,44,56,0,0.39,0,15,,4
1018785,Mohammed Diomande,mohammed-diomande,2351,Rangers,6.85,13.7,2,0,1,0,1,0.3,1,60,18,78,76.92,29,31,15,1,0,0.0,3,2,0,0,0,0,0.0,2,1,0,6,33.33,0,0.0,6,33.33,169,0.0,0,0,0,0,0,0,0,0,1,1,0,0,0,3,33.33,3,0,0,2,29,2,5,2,108,3,5,0,0,3,0,1,0,0,,,,0,0,0,0,0,3,0,0,0,0,0,0,2,0.0,0,1,2,4,12,0,0,0,0,9,3,2,66.67,0.0,0,0,0,33,49,0,0.03,0,15,,2
1004277,Ar'Jany Martha,arjany-martha,2953,AFC Ajax,6.85,13.7,2,0,1,0,1,0.24,1,9,2,11,81.82,3,7,3,2,0,0.0,4,0,0,0,0,1,100.0,0,0,0,5,71.43,0,0.0,5,71.43,58,0.0,0,0,0,0,0,0,0,0,0,0,0,0,0,0,0.0,1,0,0,0,3,0,0,0,23,1,1,0,0,1,0,0,0,0,,,,0,0,0,0,0,1,0,0,0,0,0,0,0,0.0,0,2,0,1,2,0,0,0,0,1,1,1,25.0,0.0,0,0,0,4,8,0,0.0,0,2,,2
280565,Jon Gorenc Stanković,jon-gorenc-stankovic,2051,SK Sturm Graz,6.85,41.1,6,0,0,1,0,0.32,0,128,63,191,67.02,72,56,20,6,2,66.67,17,8,2,0,0,0,0.0,4,1,3,32,54.24,19,52.78,51,53.68,540,0.0,0,0,0,1,0,0,0,0,2,2,0,0,0,6,23.08,12,0,0,3,75,1,17,2,293,15,18,0,0,6,0,0,0,0,,,,1,0,0,0,0,7,2,0,0,0,0,0,6,0.0,0,6,3,0,44,17,0,0,0,26,9,11,64.71,0.0,0,0,0,86,105,0,0.36,0,52,,6
1400106,Yankuba Minteh,yankuba-minteh,2959,Feyenoord,6.85,13.7,2,0,0,0,0,0.05,0,12,5,17,70.59,2,10,6,1,1,50.0,2,2,1,0,0,0,0.0,3,1,0,4,50.0,1,100.0,5,55.56,112,0.0,0,0,0,0,0,0,0,0,3,0,0,0,0,0,0.0,3,0,0,1,16,1,2,1,46,1,2,0,0,0,0,2,0,0,,,,0,0,0,0,0,0,0,0,0,0,0,0,1,0.0,0,1,2,0,4,0,0,0,0,1,0,2,100.0,0.0,0,0,0,2,15,0,0.2,0,4,,2
754794,Lucas Torreira,lucas-torreira,3061,Galatasaray,6.85,13.7,2,0,0,0,0,0.18,0,74,9,83,89.16,44,30,3,2,0,0.0,2,2,0,0,0,0,0.0,2,1,1,3,42.86,2,100.0,5,55.56,172,0.0,0,0,0,0,0,0,0,0,2,0,0,0,0,4,66.67,4,0,0,0,17,0,3,1,110,1,1,0,0,2,0,0,0,0,,,,0,0,0,0,0,4,1,0,0,0,0,0,2,0.0,0,2,1,0,4,0,0,0,0,6,5,1,50.0,0.0,0,0,0,48,35,0,0.17,0,12,,2
142852,Philipp Ziereis,philipp-ziereis,2058,LASK,6.85,41.1,6,0,0,0,0,0.3,0,209,70,279,74.91,148,61,11,1,0,0.0,14,6,1,0,0,0,0.0,3,0,2,15,62.5,17,65.38,32,64.0,540,0.0,0,0,0,1,0,0,0,0,2,1,0,0,0,21,40.38,39,0,0,2,78,0,32,14,388,2,5,1,0,4,0,1,0,0,,,,1,0,0,0,0,12,0,0,0,0,0,0,6,0.0,0,1,0,0,18,9,0,0,0,52,12,12,85.71,0.0,0,0,0,169,110,0,0.11,0,18,,6
857480,Calvin Stengs,calvin-stengs,2959,Feyenoord,6.85,13.7,2,0,0,0,0,0.1,0,30,6,36,83.33,11,19,14,3,2,100.0,0,0,1,0,0,0,0.0,3,1,1,3,42.86,1,100.0,4,50.0,130,0.0,0,0,0,0,0,0,0,0,1,2,0,0,0,1,100.0,0,0,0,1,11,0,2,2,51,1,3,0,0,0,0,1,0,0,,,,0,0,0,0,0,1,1,0,0,0,0,0,2,0.0,0,3,2,1,4,0,0,0,0,1,2,0,0.0,0.0,0,0,0,13,24,0,0.08,0,3,,2
856495,Azor Matusiwa,azor-matusiwa,1658,Stade Rennais,6.85,13.7,2,0,0,0,0,0.03,0,47,3,50,94.0,20,27,18,1,0,0.0,2,2,0,0,0,0,0.0,0,0,0,2,40.0,1,33.33,3,37.5,108,0.0,0,0,0,0,0,0,0,0,0,0,0,0,0,2,100.0,2,0,0,1,6,1,1,1,64,0,2,0,0,1,0,0,0,0,,,,0,0,0,0,0,4,0,0,0,0,0,0,1,0.0,0,1,0,1,5,2,0,0,0,2,4,1,50.0,0.0,0,0,0,22,29,0,0.04,0,3,,2
1114422,Cher Ndour,cher-ndour,2999,Sporting Braga,6.85,13.7,2,0,0,0,0,0.19,0,51,9,60,85.0,14,38,19,1,0,0.0,2,0,1,0,0,1,100.0,1,0,1,4,40.0,3,75.0,7,50.0,80,0.0,0,0,0,0,0,0,0,0,1,0,0,0,0,4,100.0,1,0,0,1,12,0,5,3,74,3,4,0,0,1,0,0,0,0,,,,0,0,0,0,0,2,0,0,0,0,0,0,0,0.0,0,1,0,1,7,1,0,0,0,4,2,1,50.0,0.0,0,0,0,16,45,0,0.03,0,4,,2
548044,João Carvalho,joao-carvalho,3245,Olympiacos FC,6.85,13.7,2,0,0,0,0,0.02,0,25,2,27,92.59,9,16,8,0,0,0.0,2,0,0,0,0,0,0.0,0,0,0,4,100.0,0,0.0,4,100.0,27,0.0,0,0,0,0,0,0,0,0,0,0,0,0,0,2,100.0,0,0,0,0,3,0,2,2,32,2,0,0,0,0,0,0,0,0,,,,0,0,0,0,0,0,0,0,0,0,0,0,0,0.0,0,0,0,1,0,0,0,0,0,2,0,2,100.0,0.0,0,0,0,9,19,0,0.0,0,2,,2
988277,Darian Maleš,darian-males,2445,BSC Young Boys,6.85,13.7,2,0,0,0,0,0.07,0,19,5,24,79.17,9,11,6,1,1,100.0,1,1,0,0,0,1,50.0,0,0,0,5,71.43,0,0.0,5,62.5,100,0.0,0,0,0,0,0,0,0,0,0,0,0,0,0,1,50.0,1,0,0,0,7,0,2,0,35,3,1,0,0,1,2,0,0,0,,,,0,0,0,0,0,1,0,0,0,0,0,0,1,0.0,0,1,1,2,3,1,0,0,0,2,1,1,100.0,0.0,0,0,0,10,16,0,0.0,0,3,,2
982778,Devyne Rensch,devyne-rensch,2953,AFC Ajax,6.85,27.4,4,0,0,0,0,0.03,0,148,18,166,89.16,111,37,16,0,1,50.0,9,7,1,0,0,0,0.0,0,0,0,14,70.0,5,62.5,19,67.86,332,0.0,0,0,0,0,0,0,0,0,0,0,0,0,0,7,63.64,7,0,0,0,26,0,3,3,227,4,2,0,0,3,0,0,0,0,,,,0,0,0,0,0,8,0,0,0,0,0,0,4,0.0,0,0,2,1,9,3,0,0,0,11,8,6,66.67,0.0,0,0,0,122,45,0,0.0,0,15,,4
1014222,Kiliann Sildillia,kiliann-sildillia,2538,SC Freiburg,6.84,61.6,9,1,0,2,0,0.32,1,281,60,341,82.4,119,168,70,8,3,60.0,13,4,1,0,0,6,31.58,7,2,2,21,53.85,8,50.0,29,52.73,600,14.29,0,0,0,0,0,0,1,0,5,2,0,0,1,9,50.0,11,0,0,4,109,3,13,6,494,5,11,1,0,2,1,3,0,0,,,,2,0,0,0,0,9,1,0,0,0,0,0,7,0.0,0,8,5,19,26,8,0,0,0,18,10,9,69.23,600.0,0,0,0,144,216,0,1.57,0,28,,9
143040,Wataru Endo,wataru-endo,44,Liverpool FC,6.84,61.6,9,1,1,0,0,0.4,1,395,47,442,89.37,203,192,79,7,3,30.0,13,9,1,0,0,0,0.0,6,1,3,19,38.78,11,68.75,30,46.15,587,16.67,0,0,0,0,0,0,1,0,3,3,1,0,0,12,60.0,8,0,0,5,69,2,14,9,529,3,9,0,0,11,0,2,0,0,,,,1,0,0,0,0,8,1,0,0,0,0,0,9,0.0,0,7,10,0,35,5,0,0,0,20,9,6,46.15,587.0,0,0,0,222,220,0,0.24,0,36,,9
225850,Václav Jurečka,vaclav-jurecka,2216,SK Slavia Praha,6.84,47.9,7,2,0,3,1,0.24,3,61,19,80,76.25,27,36,24,5,5,55.56,5,1,0,0,0,2,66.67,8,6,2,11,45.83,3,33.33,14,42.42,278,25.0,0,0,0,0,0,0,2,0,6,2,0,1,1,2,66.67,4,0,0,6,42,2,0,0,137,1,3,0,0,0,1,0,0,0,,,,0,0,0,0,0,3,0,0,0,0,0,0,3,0.0,0,5,9,3,19,6,0,0,0,3,3,4,80.0,139.0,0,0,0,32,51,0,2.58,0,10,,7
856250,Ladislav Krejčí,ladislav-krejci,2218,AC Sparta Praha,6.84,47.9,7,2,1,0,0,0.25,2,317,52,369,85.91,255,62,26,3,1,33.33,13,17,4,0,0,0,0.0,5,3,1,22,62.86,8,57.14,30,61.22,630,40.0,0,0,0,1,0,0,2,0,3,2,1,1,0,19,41.3,26,2,0,1,68,0,32,14,495,8,10,0,0,2,0,1,0,0,,,,1,0,0,0,0,14,5,0,0,0,0,0,7,0.0,0,3,3,0,19,6,0,0,0,46,19,9,69.23,315.0,0,0,0,271,98,1,0.41,7,30,,7
970361,Jeremie Frimpong,jeremie-frimpong,2681,Bayer 04 Leverkusen,6.84,68.4,10,3,2,6,0,1.28,3,161,34,195,82.56,32,136,89,11,9,29.03,9,2,0,0,0,7,28.0,20,7,9,26,35.14,2,13.33,28,31.46,641,15.0,0,0,0,0,0,0,3,0,16,4,0,1,2,1,50.0,2,0,0,10,107,4,4,0,376,8,8,0,0,8,3,4,0,0,,,,0,0,0,0,0,7,1,0,0,0,0,0,6,0.0,0,11,31,25,61,13,0,0,0,2,8,4,44.44,213.67,0,0,0,36,184,1,3.73,0,15,,10
153932,Kemar Roofe,kemar-roofe,2351,Rangers,6.84,34.2,5,1,1,1,1,0.1,2,21,12,33,63.64,8,16,8,2,2,40.0,2,0,1,0,0,3,100.0,5,2,3,7,36.84,7,50.0,14,42.42,163,20.0,0,0,0,0,0,0,1,0,4,1,0,1,0,2,100.0,2,0,0,3,19,1,2,1,68,3,7,0,0,1,0,0,0,0,,,,0,0,0,0,0,0,0,0,0,0,0,0,1,0.0,0,2,5,3,19,7,0,0,0,2,0,1,50.0,163.0,0,0,0,11,25,0,1.3,0,3,,5
797648,Matheus Reis,matheus-reis,3001,Sporting CP,6.84,68.4,10,0,1,0,1,0.89,1,416,64,480,86.67,277,142,63,4,4,80.0,8,3,1,0,0,3,21.43,3,1,2,18,56.25,9,52.94,27,55.1,741,0.0,0,0,0,0,0,0,0,0,3,0,0,0,0,14,42.42,24,0,0,4,96,1,46,25,635,6,3,0,0,6,1,0,0,0,,,,0,0,0,0,0,10,1,0,0,0,0,0,9,0.0,0,4,5,14,22,8,0,0,0,33,11,7,87.5,0.0,0,0,0,300,194,0,0.07,1,44,,10
122810,Aïssa Mandi,aissa-mandi,2819,Villarreal,6.84,34.2,5,0,0,2,0,0.13,0,292,30,322,90.68,173,119,38,0,0,0.0,5,8,1,0,0,0,0.0,3,2,1,6,50.0,2,50.0,8,50.0,405,0.0,0,0,0,0,0,0,0,0,3,0,0,0,0,28,66.67,14,0,0,1,32,0,29,15,370,1,4,0,0,1,0,0,0,0,,,,1,0,0,0,0,6,1,0,0,0,0,0,5,0.0,0,0,0,1,8,2,0,0,0,42,7,3,60.0,0.0,0,0,0,182,141,0,0.3,11,20,,5
1046478,Ifet Đakovac,ifet-dakovac,263360,FK TSC Bačka Topola,6.83,41.0,6,2,1,0,1,0.26,3,106,21,127,83.46,53,53,23,4,5,71.43,6,3,0,0,0,0,0.0,6,2,3,15,34.88,5,41.67,20,36.36,496,33.33,0,0,0,0,0,0,2,0,4,2,0,1,1,4,80.0,2,0,0,12,51,2,6,5,210,5,9,0,0,6,0,1,0,0,,,,0,0,0,0,0,14,1,0,0,0,0,0,6,0.0,0,4,7,0,35,7,0,0,0,5,15,4,66.67,248.0,0,0,0,60,67,0,1.24,0,23,,6
47772,Michail Antonio,michail-antonio,37,West Ham United,6.83,41.0,6,1,1,0,0,0.7,1,42,21,63,66.67,12,30,20,5,4,57.14,1,0,2,0,0,0,0.0,5,3,1,9,32.14,9,39.13,18,35.29,328,20.0,0,0,0,0,0,0,1,0,5,0,1,0,0,1,33.33,2,0,0,7,47,1,2,0,119,4,9,0,0,1,1,1,0,0,,,,0,0,0,0,0,3,0,0,0,0,0,0,3,0.0,0,5,7,3,33,14,0,0,0,3,3,1,100.0,328.0,0,0,0,15,51,0,0.82,0,7,,6
242213,Willian Arão,willian-arao,3248,Panathinaikos FC,6.83,41.0,6,0,0,0,1,0.1,1,223,29,252,88.49,113,110,45,2,1,100.0,10,1,1,0,0,0,0.0,5,0,5,12,66.67,8,66.67,20,66.67,384,0.0,0,0,0,0,0,0,0,0,4,1,0,0,0,20,60.61,6,1,0,2,32,0,22,11,291,1,4,0,0,0,0,0,0,0,,,,1,0,0,0,0,6,1,0,0,0,0,0,4,0.0,0,2,1,0,10,4,0,0,0,33,7,7,70.0,0.0,0,0,0,127,125,0,0.46,0,31,,6
249929,Joaquín Correa,joaquin-correa,1641,Olympique de Marseille,6.83,41.0,6,0,0,0,0,0.26,0,56,18,74,75.68,14,42,25,4,5,83.33,4,0,0,0,0,0,0.0,5,1,2,11,50.0,3,50.0,14,50.0,255,0.0,0,0,0,0,0,0,0,0,5,0,0,0,0,1,100.0,0,0,0,1,25,3,5,2,110,2,6,0,0,3,1,2,0,0,,,,0,0,0,0,0,5,0,0,0,0,0,0,3,0.0,0,4,6,0,14,3,0,0,0,1,5,3,75.0,0.0,0,0,0,17,57,0,0.45,0,13,,7
867546,Mady Camara,mady-camara,3245,Olympiacos FC,6.83,41.0,6,0,0,1,0,0.36,0,239,52,291,82.13,95,144,69,1,6,66.67,9,10,2,0,0,0,0.0,7,0,5,21,56.76,4,33.33,25,51.02,536,0.0,0,0,0,0,0,0,0,0,2,5,0,0,0,17,51.52,3,0,0,7,70,4,30,16,369,6,6,1,0,0,0,2,0,0,,,,0,0,0,0,0,13,1,0,0,0,0,0,6,0.0,0,1,9,4,24,8,0,0,0,33,14,3,33.33,0.0,0,0,0,105,190,0,0.38,0,59,,6
939724,Kevin Medina,kevin-medina,5962,Qarabağ FK,6.83,41.0,6,0,1,0,0,0.15,0,234,43,277,84.48,139,95,14,1,2,40.0,8,12,3,0,0,0,0.0,1,0,1,15,62.5,4,44.44,19,57.58,452,0.0,0,0,0,0,0,0,0,0,1,0,0,0,0,9,30.0,12,0,0,1,50,0,24,6,341,5,2,0,0,3,0,0,0,0,,,,2,0,0,0,0,6,2,0,0,0,0,0,5,0.0,0,1,5,0,14,5,0,0,0,30,8,8,100.0,0.0,0,0,0,159,118,0,0.26,1,42,,6
1088565,Ramón Terrats,ramon-terrats,2819,Villarreal,6.83,20.5,3,0,2,0,0,0.35,0,60,8,68,88.24,16,45,23,3,1,100.0,1,1,0,0,0,1,20.0,1,0,0,2,33.33,3,50.0,5,41.67,122,0.0,0,0,0,0,0,0,0,0,0,1,0,0,0,0,0.0,1,0,0,1,18,1,0,0,96,0,1,0,0,2,0,1,0,0,,,,0,0,0,0,0,1,1,0,0,0,0,0,1,0.0,0,3,1,5,7,3,0,0,0,2,2,1,100.0,0.0,0,0,0,16,57,0,0.08,0,4,,3
99150,Bart Schenkeveld,bart-schenkeveld,3248,Panathinaikos FC,6.83,41.0,6,0,0,0,0,0.05,0,302,25,327,92.35,205,97,19,0,0,0.0,4,5,0,0,0,0,0.0,1,0,1,9,64.29,16,72.73,25,69.44,540,0.0,0,0,0,0,0,0,0,0,1,0,0,0,0,11,61.11,9,0,0,0,27,1,11,5,373,5,2,0,0,3,1,0,0,0,,,,2,0,0,0,0,8,2,0,0,0,0,0,6,0.0,0,0,0,0,11,6,0,0,0,18,10,1,25.0,0.0,0,0,0,214,113,0,0.02,6,28,,6
589100,Saša Jovanović,sasa-jovanovic,263360,FK TSC Bačka Topola,6.83,27.3,4,0,2,0,2,0.16,2,28,19,47,59.57,7,23,9,3,1,100.0,2,1,0,0,0,2,25.0,3,1,1,6,54.55,0,0.0,6,50.0,322,0.0,0,0,0,1,0,0,0,0,2,1,0,0,0,1,33.33,2,0,0,0,39,3,2,1,89,3,3,0,0,3,2,1,0,0,,,,0,0,0,0,0,9,1,0,0,0,0,0,4,0.0,0,3,1,8,6,1,0,0,0,3,10,1,50.0,0.0,0,0,0,9,46,0,0.04,0,14,,4
832979,Keigo Tsunemoto,keigo-tsunemoto,2448,Servette FC,6.83,27.3,4,0,0,0,0,0.06,0,80,14,94,85.11,37,43,25,1,3,75.0,5,3,0,0,0,0,0.0,3,1,0,12,70.59,0,0.0,12,57.14,222,0.0,0,0,0,0,0,0,0,0,0,3,0,0,0,5,71.43,2,0,0,1,32,1,5,2,159,4,3,0,0,1,0,2,0,0,,,,0,0,0,0,0,6,0,0,0,0,0,0,2,0.0,0,1,4,7,9,4,0,0,0,7,6,4,80.0,0.0,0,0,0,41,60,0,0.15,0,12,,4
822470,Samuel Chukwueze,samuel-chukwueze,2692,AC Milan,6.83,27.3,4,0,1,0,0,0.44,0,33,11,44,75.0,8,26,16,2,6,60.0,1,1,0,0,0,1,9.09,2,1,1,8,53.33,1,50.0,9,52.94,112,0.0,0,0,0,0,0,0,0,0,0,2,0,0,0,3,60.0,1,0,0,1,30,0,2,1,80,2,0,0,0,2,1,0,0,0,,,,0,0,0,0,0,2,0,0,0,0,0,0,0,0.0,0,2,10,11,8,1,0,0,0,5,2,1,100.0,0.0,0,0,0,10,45,0,0.08,0,5,,4
1154630,Guillaume Restes,guillaume-restes,1681,Toulouse,6.83,54.6,8,0,0,0,0,0.01,0,160,80,240,66.67,143,17,4,0,0,0.0,0,0,2,0,0,0,0.0,0,0,0,3,75.0,1,100.0,4,80.0,720,0.0,0,0,0,0,0,0,0,0,0,0,0,0,0,46,36.8,6,0,0,0,81,0,53,18,302,4,0,0,0,1,0,0,0,20,,,,3,2,0,13,7,11,0,2,0,0,2,0,8,0.0,0,0,0,0,1,0,0,0,0,125,11,0,0.0,0.0,0,0,6,161,79,0,0.0,69,48,,8
796657,Fabian Piasecki,fabian-piasecki,35268,Raków Częstochowa,6.82,34.1,5,1,0,0,0,0.18,1,23,3,26,88.46,8,15,9,2,2,100.0,0,0,0,0,0,0,0.0,4,1,3,3,30.0,4,30.77,7,30.43,144,25.0,0,0,0,0,0,0,1,0,4,0,0,0,1,2,100.0,4,0,0,7,15,1,1,1,55,1,1,0,0,0,1,0,0,0,,,,0,0,0,0,0,3,0,0,0,0,0,0,1,0.0,0,2,2,0,16,9,0,0,0,2,3,0,0.0,144.0,0,0,0,9,17,0,1.18,0,6,,5
576266,Philipp Lienhart,philipp-lienhart,2538,SC Freiburg,6.82,34.1,5,0,0,1,1,0.03,1,315,36,351,89.74,236,79,17,2,0,0.0,0,3,2,0,0,0,0.0,2,0,1,2,28.57,11,57.89,13,50.0,414,0.0,0,0,0,0,0,0,0,0,2,0,0,0,0,26,60.47,13,0,0,1,38,0,26,14,388,2,2,0,0,2,1,1,0,0,,,,0,0,0,0,0,5,0,0,0,0,0,0,5,0.0,0,2,0,0,13,8,0,0,0,43,5,0,0.0,0.0,0,0,0,248,103,0,0.23,7,34,,5
973838,Abner Vinícius,abner-vinicius,2816,Real Betis,6.82,34.1,5,0,1,1,1,0.92,1,152,41,193,78.76,60,95,43,5,4,57.14,9,4,1,0,0,3,30.0,2,1,1,14,46.67,1,33.33,15,45.45,399,0.0,0,0,0,0,0,0,0,0,2,0,0,0,0,6,31.58,3,0,0,3,68,0,13,3,293,1,6,0,0,5,0,0,0,0,,,,1,0,0,0,0,3,0,0,0,0,0,0,4,0.0,0,5,7,10,18,2,0,0,0,19,3,3,33.33,0.0,0,0,0,73,130,0,0.18,0,20,,5
823733,Ismaël Bennacer,ismael-bennacer,2692,AC Milan,6.82,34.1,5,0,1,0,0,0.18,0,115,10,125,92.0,38,78,23,1,1,100.0,4,1,0,0,0,1,100.0,4,0,1,10,62.5,0,0.0,10,58.82,185,0.0,0,0,0,0,1,0,0,0,1,3,0,0,0,7,100.0,0,0,0,2,13,0,8,5,147,5,4,0,0,1,0,3,0,0,,,,0,0,0,0,0,4,1,0,0,0,0,0,3,0.0,0,1,1,1,7,1,0,0,0,7,5,4,100.0,0.0,0,0,0,39,87,0,0.22,0,10,,5
816763,Pablo Fornals,pablo-fornals,37,West Ham United,6.82,34.1,5,0,0,0,0,0.64,0,130,32,162,80.25,48,84,52,2,1,25.0,1,8,1,0,0,2,28.57,4,2,1,4,33.33,1,25.0,5,31.25,315,0.0,0,0,0,0,0,0,0,0,4,0,0,0,0,9,56.25,0,0,0,0,46,3,14,9,203,2,4,0,0,1,1,1,0,0,,,,1,0,0,0,0,1,3,0,0,0,0,0,4,0.0,0,2,4,7,11,3,0,0,0,16,4,0,0.0,0.0,0,0,0,57,112,0,0.11,0,21,,5
980626,Noah Atubolu,noah-atubolu,2538,SC Freiburg,6.82,68.2,10,0,0,0,0,0.02,0,346,119,465,74.41,305,41,13,0,0,0.0,0,0,0,0,0,0,0.0,0,0,0,0,0.0,1,50.0,1,50.0,930,0.0,0,0,0,0,0,0,0,0,0,0,0,0,0,82,41.0,6,2,0,0,120,0,60,31,544,0,0,0,0,0,0,0,0,23,,,,4,0,0,19,4,12,2,4,1,1,6,0,10,0.0,0,0,0,0,1,1,0,0,0,200,14,0,0.0,0.0,0,0,7,333,132,1,0.0,63,78,,10
1386639,Ibrahim Salah,ibrahim-salah,1658,Stade Rennais,6.82,40.9,6,1,0,2,0,0.16,1,62,13,75,82.67,20,42,34,3,5,45.45,5,1,0,0,0,0,0.0,8,3,5,10,47.62,2,50.0,12,48.0,219,12.5,0,0,0,0,0,0,1,0,6,2,0,1,0,5,100.0,0,0,0,0,40,0,3,3,126,0,4,0,0,1,0,0,0,0,,,,0,0,0,0,0,1,1,0,0,0,0,0,2,0.0,0,3,11,9,13,2,0,0,0,5,2,2,40.0,219.0,0,0,0,24,60,0,1.55,0,10,,6
936849,Kaoru Mitoma,kaoru-mitoma,30,Brighton & Hove Albion,6.82,40.9,6,0,2,0,1,2.06,1,128,40,168,76.19,34,94,57,12,8,40.0,3,4,2,0,0,0,0.0,6,3,2,14,29.17,3,50.0,17,31.48,515,0.0,0,0,0,0,0,0,0,0,4,2,0,0,0,0,0.0,5,0,0,11,83,3,8,3,263,3,7,0,0,4,0,1,0,0,,,,3,0,0,0,0,5,0,0,0,0,0,0,6,0.0,0,12,20,3,37,3,0,0,0,7,5,2,66.67,0.0,0,0,0,39,132,0,0.55,0,21,,6
933115,Show,show,5197,Maccabi Haifa,6.82,40.9,6,0,1,0,0,0.23,0,136,43,179,75.98,84,52,18,3,1,33.33,15,4,2,0,0,0,0.0,2,0,0,26,60.47,4,66.67,30,61.22,417,0.0,0,0,0,0,0,0,0,0,0,2,0,0,0,6,28.57,9,0,0,3,55,1,7,4,255,10,4,0,0,8,1,2,0,0,,,,0,0,0,0,0,5,2,0,0,0,0,0,6,0.0,0,3,3,0,19,2,0,0,0,21,7,8,53.33,0.0,0,0,0,102,77,0,0.06,0,30,,6
1029456,Faris Moumbagna,faris-pemi-moumbagna,1641,Olympique de Marseille,6.81,47.7,7,1,1,0,0,0.32,1,29,20,49,59.18,6,24,13,5,2,25.0,3,1,0,0,0,1,100.0,9,3,2,17,50.0,8,53.33,25,51.02,322,11.11,0,0,0,0,0,0,1,0,7,2,1,0,0,1,50.0,1,0,0,4,46,0,3,1,118,12,8,0,0,1,1,4,0,0,,,,0,0,0,0,0,5,0,0,0,0,0,0,3,0.0,0,5,8,1,24,7,0,0,0,2,5,1,33.33,322.0,0,0,0,9,41,0,0.81,0,5,,7
26937,Pepe Reina,pepe-reina,2819,Villarreal,6.81,47.7,7,0,0,0,0,0.01,0,180,55,235,76.6,167,13,6,0,0,0.0,0,0,0,0,0,0,0.0,0,0,0,0,0.0,0,0.0,0,0.0,630,0.0,0,0,0,0,0,0,0,0,0,0,0,0,0,30,37.04,1,0,0,0,56,0,37,17,294,0,0,0,0,0,0,0,0,16,,,,2,3,1,12,4,9,2,1,1,1,4,0,7,0.0,0,0,0,0,0,0,0,0,0,81,11,0,0.0,0.0,0,0,2,190,45,0,0.0,36,54,,7
1021075,William Bøving,william-boving,2051,SK Sturm Graz,6.8,40.8,6,2,0,1,0,0.34,2,50,14,64,78.13,13,38,18,2,7,77.78,7,1,0,0,0,1,14.29,5,2,2,16,57.14,0,0.0,16,50.0,293,40.0,0,0,0,0,0,0,2,0,4,1,0,2,0,0,0.0,2,0,0,4,37,1,0,0,124,2,1,0,0,5,2,1,0,0,,,,0,0,0,0,0,5,1,0,0,0,0,0,3,0.0,0,2,9,7,16,4,0,0,0,0,6,2,28.57,146.5,0,0,0,13,58,0,0.79,0,15,,6
1457821,David Ankeye,david-ankeye,5173,Sheriff Tiraspol,6.8,40.8,6,1,1,2,1,0.53,2,41,10,51,80.39,15,26,10,2,3,50.0,6,0,0,0,0,0,0.0,10,4,5,14,48.28,4,28.57,18,41.86,402,10.0,0,0,0,0,0,0,1,0,7,3,0,0,1,1,50.0,2,0,0,7,39,1,1,1,118,5,5,0,0,0,2,1,0,0,,,,0,0,0,0,0,10,1,0,0,0,0,0,4,0.0,0,2,6,1,25,10,0,0,0,2,11,5,83.33,402.0,0,0,0,16,36,0,1.26,0,9,,6
879802,John Yeboah,john-yeboah,35268,Raków Częstochowa,6.8,40.8,6,1,0,0,0,0.25,1,79,23,102,77.45,22,57,35,3,5,29.41,8,1,0,0,0,0,0.0,5,2,2,19,45.24,0,0.0,19,45.24,306,20.0,0,0,0,0,0,0,1,0,4,1,0,1,0,4,80.0,0,0,0,6,55,5,11,8,171,6,3,0,0,2,0,1,0,0,,,,0,0,0,0,0,6,0,0,0,0,0,0,4,0.0,0,3,17,2,23,0,0,0,0,5,6,4,50.0,306.0,0,0,0,27,77,0,0.55,0,20,,6
166987,Andraž Šporar,andraz-sporar,3248,Panathinaikos FC,6.8,40.8,6,1,0,0,0,0.06,1,20,7,27,74.07,4,16,9,1,1,100.0,0,0,0,0,0,0,0.0,6,3,2,3,50.0,4,66.67,7,58.33,139,16.67,0,0,0,0,0,0,0,1,4,2,0,1,0,0,0.0,0,0,0,2,13,0,2,0,47,2,0,0,0,1,1,1,0,0,,,,0,0,0,0,0,2,1,0,0,0,0,0,1,0.0,0,1,1,0,5,2,0,0,0,0,3,0,0.0,139.0,0,0,0,5,22,0,0.52,0,0,,6
1141425,Alex Moussounda,alex-moussounda,3397,Aris Limassol,6.8,40.8,6,1,0,0,0,0.01,1,130,22,152,85.53,110,20,7,0,2,66.67,11,16,1,0,0,0,0.0,1,1,0,20,57.14,8,61.54,28,58.33,371,100.0,0,0,0,0,0,0,1,0,1,0,1,0,0,6,37.5,19,0,0,2,29,0,9,5,235,7,4,0,0,8,0,0,0,0,,,,0,0,0,0,0,8,1,0,0,0,0,0,4,0.0,0,0,3,0,20,5,0,0,0,16,9,4,36.36,371.0,0,0,0,125,27,0,0.1,5,31,,6
1029781,Nemanja Stojić,nemanja-stojic,263360,FK TSC Bačka Topola,6.8,40.8,6,0,1,0,1,0.28,1,202,52,254,79.53,154,48,14,1,0,0.0,4,6,0,0,0,0,0.0,5,1,3,7,63.64,18,62.07,25,62.5,540,0.0,0,0,0,0,0,0,0,0,4,1,0,0,0,19,42.22,37,0,0,0,55,0,37,17,334,4,3,1,0,1,0,1,0,0,,,,0,0,0,0,0,18,1,0,0,0,0,0,6,0.0,0,1,0,0,15,11,0,0,0,45,19,3,75.0,0.0,0,0,0,171,83,0,0.14,6,18,,6
928777,Michel Adopo,michel-ndary-adopo,2686,Atalanta,6.8,6.8,1,0,0,0,0,0.04,0,36,6,42,85.71,17,19,4,0,3,75.0,2,1,0,0,0,0,0.0,0,0,0,6,50.0,1,50.0,7,50.0,89,0.0,0,0,0,0,0,0,0,0,0,0,0,0,0,2,50.0,1,0,0,2,10,0,3,2,55,1,2,0,0,1,0,0,0,0,,,,0,0,0,0,0,0,0,0,0,0,0,0,1,0.0,0,0,4,0,7,1,0,0,0,4,0,0,0.0,0.0,0,0,0,19,23,0,,0,6,,1
1157713,Isak Hien,isak-hien,2686,Atalanta,6.8,40.8,6,0,0,0,0,0.02,0,132,34,166,79.52,106,26,4,0,1,100.0,13,1,3,0,0,0,0.0,0,0,0,19,55.88,18,78.26,37,64.91,495,0.0,0,0,0,0,0,0,0,0,0,0,0,0,0,5,33.33,21,0,1,4,43,0,10,5,223,5,10,0,0,2,0,0,0,0,,,,3,0,0,0,0,3,0,0,0,0,0,0,6,0.0,0,0,1,0,20,5,0,0,0,15,3,7,53.85,0.0,0,0,0,123,43,0,,0,36,,6
965778,Arthur Theate,arthur-theate,1658,Stade Rennais,6.8,54.4,8,0,0,1,0,0.12,0,353,51,404,87.38,209,144,54,1,0,0.0,5,7,1,0,0,0,0.0,3,0,3,9,56.25,14,63.64,23,60.53,640,0.0,0,0,0,0,0,0,0,0,1,2,0,0,0,22,56.41,16,0,0,0,53,0,20,9,462,4,3,1,0,4,0,0,0,0,,,,2,0,0,0,0,9,1,0,0,0,0,0,7,0.0,0,1,0,0,15,8,0,0,0,39,10,3,60.0,0.0,0,0,0,222,182,0,0.35,2,39,,8
1102502,Quentin Merlin,quentin-merlin,1641,Olympique de Marseille,6.8,47.6,7,0,1,0,0,0.59,0,186,38,224,83.04,94,96,55,5,5,50.0,14,3,2,0,0,4,15.38,6,1,1,24,57.14,3,37.5,27,54.0,497,0.0,0,0,0,0,0,0,0,0,3,3,0,0,0,22,55.0,11,0,0,5,81,1,18,10,361,5,3,0,0,5,0,4,0,0,,,,0,0,0,0,0,8,1,0,0,0,0,0,6,0.0,0,5,10,26,23,5,0,0,0,40,9,11,78.57,0.0,0,0,0,109,141,0,0.29,0,25,,7
345972,Damian Szymański,damian-szymanski,3250,AEK Athens,6.8,40.8,6,0,0,0,0,0.23,0,227,36,263,86.31,153,76,35,2,2,66.67,14,11,1,0,0,2,50.0,3,0,3,24,61.54,4,36.36,28,56.0,515,0.0,0,0,0,2,0,0,0,0,2,1,0,0,0,21,46.67,8,0,0,2,46,5,33,13,345,8,7,0,0,5,0,0,0,0,,,,0,0,0,0,0,11,0,0,0,0,0,0,6,0.0,0,2,3,4,22,7,0,0,0,45,11,7,50.0,0.0,0,0,0,161,106,0,0.14,0,45,,6
965265,Aiham Ousou,aiham-ousou,1760,BK Häcken,6.8,34.0,5,0,0,0,0,0.1,0,241,38,279,86.38,146,95,35,1,2,100.0,8,2,0,0,0,0,0.0,4,2,2,15,65.22,6,46.15,21,58.33,435,0.0,0,0,0,0,0,0,0,0,2,2,0,0,0,27,58.7,14,0,0,1,41,1,30,21,333,5,6,0,0,1,0,0,0,0,,,,0,0,0,0,0,12,2,0,0,0,0,0,5,0.0,0,1,2,0,15,7,0,0,0,46,14,5,62.5,0.0,0,0,0,161,118,0,0.13,0,29,,5
945479,Danylo Sikan,danylo-sikan,3313,Shakhtar Donetsk,6.8,13.6,2,0,0,0,0,0.03,0,26,8,34,76.47,14,12,7,0,2,66.67,1,0,0,0,0,0,0.0,3,2,1,5,35.71,1,16.67,6,30.0,159,0.0,0,0,0,0,0,0,0,0,2,1,0,0,0,0,0.0,3,0,0,2,18,1,0,0,61,2,6,0,0,0,0,0,0,0,,,,0,0,0,0,0,4,0,0,0,0,0,0,2,0.0,0,0,3,0,14,5,0,0,0,1,4,0,0.0,0.0,0,0,0,14,20,0,0.12,0,6,,2
155997,Emerson,emerson,37,West Ham United,6.8,54.4,8,0,0,1,0,0.2,0,194,43,237,81.86,91,103,46,2,4,57.14,15,1,3,0,0,0,0.0,2,1,0,24,61.54,5,50.0,29,59.18,503,0.0,0,0,0,0,0,0,0,0,1,1,0,0,0,4,26.67,12,0,0,6,73,0,18,7,361,5,5,0,0,1,0,1,0,0,,,,2,0,0,0,0,2,3,0,0,0,0,0,5,0.0,0,2,7,5,20,5,0,0,0,15,5,13,86.67,0.0,0,0,0,112,130,0,0.12,0,28,,8
142259,Matthias Ginter,matthias-ginter,2538,SC Freiburg,6.8,61.2,9,0,0,0,0,0.37,0,481,91,572,84.09,314,168,44,0,0,0.0,9,3,0,0,0,1,20.0,2,1,1,10,71.43,21,63.64,31,65.96,754,0.0,0,0,0,0,0,0,0,0,2,0,0,0,0,29,39.19,26,0,0,1,101,0,75,33,644,1,2,0,0,1,0,0,0,0,,,,3,0,0,0,0,10,2,0,0,0,0,0,8,0.0,0,0,0,5,16,12,0,0,0,74,12,4,44.44,0.0,0,0,0,330,247,0,0.1,0,35,,9
301288,Solly March,solly-march,30,Brighton & Hove Albion,6.8,13.6,2,0,0,0,0,0.32,0,48,16,64,75.0,9,41,31,1,1,16.67,6,0,0,0,0,2,22.22,2,0,2,10,52.63,1,50.0,11,52.38,166,0.0,0,0,0,0,0,0,0,0,1,1,0,0,0,2,100.0,1,0,0,1,32,4,1,0,102,3,1,0,0,2,1,0,0,0,,,,0,0,0,0,0,5,0,0,0,0,0,0,2,0.0,0,1,6,9,10,1,0,0,0,2,5,3,50.0,0.0,0,0,0,10,63,0,0.1,0,7,,2
842513,Igor Júlio,igor-julio,30,Brighton & Hove Albion,6.8,40.8,6,0,0,1,0,0.59,0,343,35,378,90.74,199,144,44,1,3,75.0,3,3,1,0,0,0,0.0,2,1,1,7,41.18,4,57.14,11,45.83,419,0.0,0,0,0,0,0,0,0,0,1,1,0,0,0,12,66.67,11,0,0,1,43,1,19,8,439,1,6,0,0,2,0,0,0,0,,,,2,0,0,0,0,7,0,0,0,0,0,0,4,0.0,0,1,4,0,13,3,0,0,0,18,7,2,66.67,0.0,0,0,0,209,169,0,0.09,9,15,,6
100389,Marten de Roon,marten-de-roon,2686,Atalanta,6.8,74.8,11,0,0,0,0,0.36,0,435,102,537,81.01,225,210,87,3,3,75.0,21,11,3,0,0,0,0.0,4,1,3,28,43.75,14,63.64,42,48.84,962,0.0,0,0,0,0,0,0,0,0,0,4,0,0,0,34,45.95,13,0,0,3,119,1,38,17,652,4,15,0,0,17,0,0,0,0,,,,3,0,0,0,0,7,1,0,0,0,0,0,11,0.0,0,3,4,2,44,8,0,0,0,74,8,9,42.86,0.0,0,0,0,253,286,0,0.08,0,58,,11
786028,Kalvin Phillips,kalvin-phillips,37,West Ham United,6.8,6.8,1,0,0,0,0,0.06,0,13,1,14,92.86,10,4,2,0,0,0.0,1,0,0,0,0,1,100.0,1,0,0,1,100.0,0,0.0,1,100.0,13,0.0,0,0,0,0,0,0,0,0,0,1,0,0,0,1,100.0,0,0,0,0,1,0,1,1,17,0,0,0,0,0,0,1,0,0,,,,0,0,0,0,0,0,0,0,0,0,0,0,0,0.0,0,0,0,1,0,0,0,0,0,1,0,0,0.0,0.0,0,0,0,10,5,0,0.06,0,2,,2
873189,Juan Foyth,juan-foyth,2819,Villarreal,6.8,20.4,3,0,0,0,0,0.08,0,108,10,118,91.53,58,50,31,0,0,0.0,3,2,1,0,0,0,0.0,1,1,0,4,33.33,1,100.0,5,38.46,183,0.0,0,0,0,0,0,0,0,0,1,0,0,0,0,3,75.0,4,0,0,1,15,1,5,4,151,1,7,0,0,0,0,0,0,0,,,,0,0,0,0,0,2,0,0,0,0,0,0,3,0.0,0,0,0,1,8,0,0,0,0,4,2,2,66.67,0.0,0,0,0,64,55,0,0.05,0,10,,3
926560,Hidemasa Morita,hidemasa-morita,3001,Sporting CP,6.8,47.6,7,0,1,0,0,0.32,0,222,35,257,86.38,129,93,30,3,1,100.0,10,6,1,0,0,0,0.0,1,0,0,14,53.85,2,20.0,16,44.44,443,0.0,0,0,0,0,0,0,0,0,1,0,0,0,0,9,60.0,5,0,0,1,45,1,12,5,307,3,5,0,0,8,0,1,0,0,,,,0,0,0,0,0,4,1,0,0,0,0,0,4,0.0,0,3,1,1,20,8,0,0,0,15,5,8,80.0,0.0,0,0,0,142,116,0,0.04,0,31,,7
980732,Adrià Altimira,altimira-adria,2819,Villarreal,6.8,27.2,4,0,0,0,0,0.16,0,163,21,184,88.59,62,105,55,2,3,50.0,8,2,1,0,0,4,44.44,0,0,0,14,56.0,1,20.0,15,50.0,282,0.0,0,0,0,0,0,0,0,0,0,0,0,0,0,7,58.33,2,0,0,3,38,2,4,2,252,3,4,0,0,2,0,0,0,0,,,,1,0,0,0,0,3,1,0,0,0,0,0,3,0.0,0,2,6,9,15,4,0,0,0,12,4,5,62.5,0.0,0,0,0,70,123,0,0.04,0,14,,4
184093,Adnan Kovačević,adnan-kovacevic,35268,Raków Częstochowa,6.8,34.0,5,0,0,0,0,0.02,0,168,40,208,80.77,136,32,5,0,0,0.0,9,6,0,0,0,0,0.0,1,0,1,11,68.75,21,84.0,32,78.05,417,0.0,0,0,0,0,0,0,0,0,1,0,0,0,0,6,37.5,26,1,1,0,44,1,8,3,277,2,1,1,0,4,0,0,0,0,,,,0,0,0,0,0,8,0,0,0,0,0,0,4,0.0,0,0,0,1,9,4,0,0,0,16,8,7,77.78,0.0,0,0,0,154,55,0,0.04,0,34,,5
1087353,Mamede,tiago-ferreira,3001,Sporting CP,6.8,6.8,1,0,0,0,0,0.06,0,9,1,10,90.0,4,6,3,1,1,50.0,1,0,0,0,0,1,50.0,1,0,1,2,40.0,0,0.0,2,40.0,20,0.0,0,0,0,0,0,0,0,0,0,1,0,0,0,0,0.0,0,0,0,0,3,1,0,0,18,0,1,0,0,1,0,0,0,0,,,,0,0,0,0,0,1,0,0,0,0,0,0,0,0.0,0,1,2,2,3,0,0,0,0,0,1,1,100.0,0.0,0,0,0,5,7,0,0.03,0,5,,1
77725,Pizzi,pizzi,2999,Sporting Braga,6.8,13.6,2,0,0,0,0,0.05,0,46,6,52,88.46,25,21,9,1,1,100.0,2,0,0,0,0,0,0.0,1,0,1,4,66.67,0,0.0,4,66.67,67,0.0,0,0,0,0,0,0,0,0,0,1,0,0,0,2,50.0,0,0,0,1,14,1,4,2,65,1,1,0,0,0,0,0,0,0,,,,0,0,0,0,0,1,0,0,0,0,0,0,1,0.0,0,1,1,4,2,0,0,0,0,4,1,2,100.0,0.0,0,0,0,27,29,0,0.03,0,4,,2
1049534,Jaouen Hadjam,jaouen-hadjam,2445,BSC Young Boys,6.8,13.6,2,0,0,0,0,0.08,0,67,17,84,79.76,29,39,19,2,3,33.33,3,2,0,0,0,1,33.33,1,0,0,8,47.06,1,25.0,9,42.86,151,0.0,0,0,0,0,0,0,0,0,0,1,0,0,0,2,50.0,3,0,0,0,32,0,3,1,137,2,3,0,0,0,0,1,0,0,,,,0,0,0,0,0,4,0,0,0,0,0,0,2,0.0,0,2,9,3,12,3,0,0,0,4,4,2,66.67,0.0,0,0,0,30,57,0,0.02,0,15,,2
977918,Casper Öyvann,casper-oyvann,661,Molde FK,6.8,34.0,5,0,0,0,0,0.11,0,258,41,299,86.29,178,80,19,1,1,100.0,8,1,0,0,0,0,0.0,1,0,1,9,64.29,7,50.0,16,57.14,450,0.0,0,0,0,0,0,0,0,0,1,0,0,0,0,18,47.37,19,0,0,1,45,0,19,10,345,0,2,0,0,2,0,0,0,0,,,,0,0,0,0,0,6,1,0,0,0,0,0,5,0.0,0,1,1,0,12,7,0,0,0,38,7,6,75.0,0.0,0,0,0,192,107,0,0.01,0,21,,5
962053,Filip Jørgensen,filip-jorgensen,2819,Villarreal,6.8,6.8,1,0,0,0,0,0.0,0,22,0,22,100.0,21,1,1,0,0,0.0,0,0,0,0,0,0,0.0,0,0,0,0,0.0,0,0.0,0,0.0,90,0.0,0,0,0,0,0,0,0,0,0,0,0,0,0,3,100.0,2,0,0,0,0,0,0,0,30,0,0,0,0,0,0,0,0,1,,,,0,0,0,1,0,1,0,0,2,2,0,0,1,0.0,0,0,0,0,0,0,0,0,0,3,1,0,0.0,0.0,0,0,0,21,1,0,0.0,8,8,,1
1388535,Givairo Read,givairo-read,2959,Feyenoord,6.8,6.8,1,0,0,0,0,0.08,0,10,1,11,90.91,2,8,2,0,0,0.0,0,0,0,0,0,0,0.0,0,0,0,1,100.0,1,50.0,2,66.67,12,0.0,0,0,0,0,0,0,0,0,0,0,0,0,0,0,0.0,0,0,0,0,3,0,1,0,15,1,0,0,0,0,0,0,0,0,,,,0,0,0,0,0,0,0,0,0,0,0,0,0,0.0,0,0,0,0,1,1,0,0,0,1,0,0,0.0,0.0,0,0,0,2,9,0,0.0,0,0,,1
1133258,Josafat Mendes,josafat-mendes,2999,Sporting Braga,6.8,6.8,1,0,0,0,0,0.0,0,5,0,5,100.0,2,3,3,0,2,100.0,0,0,0,0,0,0,0.0,0,0,0,2,100.0,0,0.0,2,100.0,14,0.0,0,0,0,0,0,0,0,0,0,0,0,0,0,0,0.0,0,0,0,0,3,0,0,0,11,0,0,0,0,0,0,0,0,0,,,,0,0,0,0,0,0,0,0,0,0,0,0,0,0.0,0,0,2,2,0,0,0,0,0,0,0,0,0.0,0.0,0,0,0,2,5,0,0.0,0,1,,1
1123068,Francesco D'Alessio,dalessio-francesco,2702,AS Roma,6.8,6.8,1,0,0,0,0,0.0,0,5,1,6,83.33,5,0,0,0,0,0.0,2,1,0,0,0,0,0.0,0,0,0,2,66.67,0,0.0,2,66.67,14,0.0,0,0,0,0,0,0,0,0,0,0,0,0,0,0,0.0,0,0,0,0,3,0,1,1,12,0,1,0,0,0,0,0,0,0,,,,0,0,0,0,0,0,0,0,0,0,0,0,0,0.0,0,0,0,0,1,0,0,0,0,0,0,0,0.0,0.0,0,0,0,6,0,0,0.0,0,1,,1
1008436,Cole McKinnon,cole-mckinnon,2351,Rangers,6.8,6.8,1,0,0,0,0,0.0,0,1,3,4,25.0,0,1,1,0,0,0.0,0,1,0,0,0,0,0.0,0,0,0,0,0.0,1,100.0,1,100.0,13,0.0,0,0,0,0,0,0,0,0,0,0,0,0,0,0,0.0,0,0,0,0,3,0,0,0,7,0,0,0,0,0,0,0,0,0,,,,0,0,0,0,0,0,0,0,0,0,0,0,0,0.0,0,0,0,0,0,0,0,0,0,0,0,0,0.0,0.0,0,0,0,1,3,0,0.0,0,1,,1
989882,Ramiz Zerrouki,ramiz-zerrouki,2959,Feyenoord,6.8,13.6,2,0,0,0,0,0.07,0,84,6,90,93.33,36,48,16,2,1,100.0,2,1,0,0,0,0,0.0,0,0,0,4,40.0,1,33.33,5,38.46,151,0.0,0,0,0,0,0,0,0,0,0,0,0,0,0,1,33.33,2,0,0,0,6,1,2,2,100,1,3,0,0,3,0,0,0,0,,,,0,0,0,0,0,1,0,0,0,0,0,0,1,0.0,0,2,1,0,8,2,0,0,0,3,1,0,0.0,0.0,0,0,0,38,52,0,0.0,0,4,,2
326435,Jakub Hromada,jakub-hromada,2216,SK Slavia Praha,6.8,6.8,1,0,1,0,0,0.06,0,30,6,36,83.33,19,11,7,1,1,50.0,1,2,0,0,0,0,0.0,0,0,0,4,50.0,0,0.0,4,50.0,56,0.0,0,0,0,0,0,0,0,0,0,0,0,0,0,2,40.0,1,0,0,1,10,1,1,1,49,2,2,0,0,0,1,0,0,0,,,,0,0,0,0,0,0,0,0,0,0,0,0,0,0.0,0,1,2,0,4,0,0,0,0,5,0,0,0.0,0.0,0,0,0,24,12,0,0.0,0,8,,2
190883,Branco Van den Boomen,branco-van-den-boomen,2953,AFC Ajax,6.8,20.4,3,0,0,0,0,0.02,0,33,3,36,91.67,14,19,9,0,1,100.0,3,0,0,0,0,0,0.0,0,0,0,5,83.33,0,0.0,5,83.33,55,0.0,0,0,0,0,0,0,0,0,0,0,0,0,0,9,90.0,0,0,0,0,5,0,9,7,46,1,1,0,0,0,0,0,0,0,,,,0,0,0,0,0,0,0,0,0,0,0,0,0,0.0,0,0,1,1,1,0,0,0,0,10,0,3,100.0,0.0,0,0,0,16,21,0,0.0,0,4,,3
954836,Josip Šutalo,josip-sutalo,2953,AFC Ajax,6.8,34.0,5,0,0,0,0,0.33,0,311,30,341,91.2,255,56,13,0,3,75.0,2,10,2,0,0,0,0.0,0,0,0,9,52.94,9,75.0,18,62.07,450,0.0,0,0,0,0,0,0,0,0,0,0,0,0,0,11,42.31,19,0,1,1,35,0,20,11,395,4,4,0,0,2,0,0,0,0,,,,0,0,0,0,0,9,0,0,0,0,0,0,5,0.0,0,0,4,1,11,3,0,0,0,26,9,1,50.0,0.0,0,0,0,269,73,0,0.0,2,32,,5
984725,Oliver Petersen,oliver-petersen,661,Molde FK,6.8,34.0,5,0,0,0,0,0.0,0,82,32,114,71.93,74,8,2,0,0,0.0,0,0,0,0,0,0,0.0,0,0,0,0,0.0,0,0.0,0,0.0,409,0.0,0,0,0,0,0,0,0,0,0,0,0,0,0,12,27.27,5,0,0,0,33,0,7,4,163,0,0,0,0,0,0,0,0,17,,,,0,0,0,8,9,6,3,0,2,2,2,0,4,0.0,0,0,0,0,0,0,0,0,0,44,9,0,0.0,0.0,0,0,3,84,30,0,0.0,36,35,,5
69258,Maksym Koval,maksym-koval,5173,Sheriff Tiraspol,6.8,40.8,6,0,0,0,0,0.04,0,97,102,199,48.74,63,34,14,0,0,0.0,0,0,1,0,0,0,0.0,0,0,0,1,100.0,1,100.0,2,100.0,540,0.0,0,0,0,0,0,0,0,0,0,0,0,0,0,50,32.89,8,0,0,0,104,0,58,27,274,2,0,0,0,0,0,0,0,22,,,,0,2,0,8,14,15,2,4,1,1,9,0,6,0.0,0,0,0,0,0,0,0,0,0,152,17,0,0.0,0.0,0,0,4,78,121,0,0.0,52,54,,6
907668,Billy Gilmour,billy-gilmour,30,Brighton & Hove Albion,6.79,54.3,8,0,0,0,0,0.37,0,392,38,430,91.16,192,200,91,3,2,40.0,5,4,0,0,0,0,0.0,4,1,3,15,41.67,4,57.14,19,44.19,598,0.0,0,0,0,0,0,0,0,0,3,1,0,0,0,11,64.71,5,0,0,5,57,5,13,8,487,8,8,0,0,6,0,0,0,0,,,,0,0,0,0,0,7,0,0,0,0,0,0,6,0.0,0,3,5,2,24,3,0,0,0,17,7,2,40.0,0.0,0,0,0,201,231,0,0.24,0,29,,8
878938,Cristian Cásseres Jr.,cristian-casseres-jr,1681,Toulouse,6.79,47.5,7,0,0,0,0,0.25,0,152,33,185,82.16,105,47,19,3,3,50.0,20,9,1,0,0,0,0.0,1,0,1,36,65.45,5,45.45,41,62.12,486,0.0,0,0,0,0,0,0,0,0,0,1,0,0,0,10,47.62,13,0,0,2,46,2,14,6,280,13,9,0,1,5,0,0,0,0,,,,2,0,0,0,0,8,0,0,0,0,0,0,6,0.0,0,3,6,3,25,6,0,0,0,21,8,9,45.0,0.0,0,0,0,119,69,0,0.01,0,44,,7
954061,Arnaud Kalimuendo,arnaud-kalimuendo,1658,Stade Rennais,6.78,40.7,6,1,1,1,0,0.3,1,39,9,48,81.25,13,26,15,4,0,0.0,2,0,1,0,0,0,0.0,10,4,1,8,44.44,3,25.0,11,36.67,318,10.0,0,0,0,0,0,0,1,0,9,1,0,0,1,0,0.0,2,0,0,6,27,1,0,0,95,6,3,0,0,0,1,5,0,0,,,,0,0,0,0,0,7,0,0,0,0,0,0,4,0.0,0,4,1,0,19,9,0,0,0,0,7,2,100.0,318.0,0,0,0,16,32,0,1.19,0,4,,6
787543,Florian Flecker,florian-flecker,2058,LASK,6.78,40.7,6,1,1,0,0,0.12,1,66,32,98,67.35,31,36,15,3,6,46.15,8,7,0,0,0,1,12.5,3,1,1,17,48.57,1,100.0,18,50.0,261,33.33,0,0,0,0,0,0,0,1,2,1,0,0,1,2,22.22,3,0,0,3,64,2,9,3,186,3,5,0,0,4,0,1,0,0,,,,0,0,0,0,0,8,0,0,0,0,0,0,2,0.0,0,3,13,8,18,0,0,0,0,9,8,4,50.0,261.0,0,0,0,38,68,0,0.42,0,13,,6
316196,Niclas Eliasson,niclas-eliasson,3250,AEK Athens,6.78,40.7,6,0,0,0,1,0.58,1,28,8,36,77.78,5,33,14,6,2,50.0,0,1,0,0,0,10,34.48,2,1,1,7,63.64,0,0.0,7,50.0,164,0.0,0,0,0,0,0,0,0,0,1,1,0,0,0,2,40.0,1,0,0,0,33,2,4,1,85,5,1,0,0,1,1,0,0,0,,,,0,0,0,0,0,4,0,0,0,0,0,0,1,0.0,0,6,4,29,7,3,0,0,0,5,4,0,0.0,0.0,0,0,0,5,60,0,0.06,0,4,,6
907530,Jusuf Gazibegović,jusuf-gazibegovic,2051,SK Sturm Graz,6.78,40.7,6,0,0,0,0,0.37,0,99,55,154,64.29,53,52,22,6,1,50.0,12,10,1,0,0,6,40.0,2,0,1,17,62.96,5,83.33,22,66.67,536,0.0,0,0,0,0,0,0,0,0,0,2,0,0,0,9,31.03,8,0,0,2,80,0,26,9,282,4,6,0,0,2,0,1,0,0,,,,1,0,0,0,0,7,2,0,0,0,0,0,6,0.0,0,6,2,15,11,1,0,0,0,29,9,11,91.67,0.0,0,0,0,70,99,0,0.07,0,25,,6
824139,Jan Kuchta,jan-kuchta,2218,AC Sparta Praha,6.78,67.8,10,3,4,4,1,1.25,4,120,50,170,70.59,47,78,42,10,0,0.0,2,2,1,0,0,5,83.33,14,8,5,10,27.78,9,33.33,19,30.16,768,21.43,0,0,0,0,0,0,3,0,13,1,1,2,0,10,55.56,4,0,1,7,86,3,5,3,258,8,3,0,0,9,6,1,0,0,,,,1,0,0,0,0,16,2,0,0,0,0,0,10,0.0,0,10,7,6,44,18,0,0,0,18,18,1,50.0,256.0,0,0,0,61,115,0,3.1,0,16,,10
793526,Eric Kitolano,eric-kitolano,661,Molde FK,6.78,33.9,5,1,1,1,1,0.53,2,46,19,65,70.77,19,29,21,5,3,33.33,3,0,0,0,0,2,50.0,4,2,1,8,36.36,3,75.0,11,42.31,168,25.0,0,0,0,0,1,0,1,0,3,1,0,0,1,1,33.33,2,0,0,2,38,2,3,1,115,2,3,1,0,3,0,1,0,0,,,,0,0,0,0,0,4,2,0,0,0,0,0,1,0.0,0,5,9,4,15,1,0,0,0,3,6,2,66.67,168.0,0,0,0,23,46,0,0.42,0,9,,5
361798,Steven Bergwijn,steven-bergwijn,2953,AFC Ajax,6.78,33.9,5,1,0,1,0,0.32,1,104,15,119,87.39,43,61,38,2,6,60.0,1,0,0,0,0,0,0.0,6,4,1,14,43.75,0,0.0,14,41.18,434,16.67,1,1,1,0,0,0,1,0,5,1,0,0,1,3,50.0,1,0,0,8,37,1,5,3,183,7,1,0,0,5,0,1,0,0,,,,0,0,0,0,0,12,0,0,0,0,0,0,5,100.0,0,2,10,2,20,2,0,0,0,6,12,1,100.0,434.0,0,0,0,49,72,0,1.58,0,20,,5
171927,Maximilian Philipp,maximilian-philipp,2538,SC Freiburg,6.78,33.9,5,1,0,0,0,0.07,1,29,5,34,85.29,13,16,8,0,2,100.0,0,3,1,0,0,0,0.0,2,1,0,4,57.14,2,25.0,6,40.0,104,50.0,0,0,0,0,0,0,1,0,1,1,0,1,0,0,0.0,0,0,0,0,7,3,0,0,52,4,2,0,0,1,1,1,0,0,,,,0,0,0,0,0,2,1,0,0,0,0,0,1,0.0,0,0,2,1,9,6,0,0,0,0,3,0,0.0,104.0,0,0,0,13,22,0,0.09,0,3,,5
1163869,Jaden Montnor,jaden-montnor,3397,Aris Limassol,6.78,33.9,5,0,1,0,1,0.27,1,15,15,30,50.0,9,6,4,3,4,57.14,3,1,0,0,0,0,0.0,2,0,2,8,53.33,4,66.67,12,57.14,106,0.0,0,0,0,0,0,0,0,0,1,1,0,0,0,0,0.0,1,0,0,0,25,1,2,0,56,1,2,0,0,2,1,0,0,0,,,,0,0,0,0,0,1,0,0,0,0,0,0,1,0.0,0,3,7,3,9,2,0,0,0,2,1,3,100.0,0.0,0,0,0,15,18,0,0.05,0,7,,5
799477,Ivan Ljubić,ivan-ljubic,2058,LASK,6.78,33.9,5,0,1,0,0,0.39,0,144,36,180,80.0,62,82,30,1,2,66.67,14,5,2,0,0,0,0.0,5,0,4,20,55.56,5,83.33,25,59.52,447,0.0,0,0,0,0,0,0,0,0,1,4,0,0,0,8,53.33,9,0,0,1,47,3,24,12,247,4,5,0,0,9,0,1,0,0,,,,0,0,0,0,0,9,0,0,0,0,0,0,5,0.0,0,1,3,2,17,1,0,0,0,15,9,3,21.43,0.0,0,0,0,69,113,0,0.3,0,27,,5
823706,Marcus Kaasa,marcus-andre-kaasa,661,Molde FK,6.78,33.9,5,0,0,0,0,0.21,0,122,30,152,80.26,72,50,26,1,7,87.5,7,8,1,0,0,0,0.0,6,0,4,20,58.82,2,40.0,22,56.41,363,0.0,0,0,0,0,0,0,0,0,2,4,0,0,0,3,42.86,4,0,0,3,43,1,8,3,211,6,5,0,0,5,0,2,0,0,,,,0,0,0,0,0,6,2,0,0,0,0,0,5,0.0,0,1,8,0,17,3,0,0,0,7,8,5,71.43,0.0,0,0,0,80,72,0,0.25,0,20,,5
1394342,Ousmane Diomande,ousmane-diomande,3001,Sporting CP,6.78,54.2,8,1,0,0,0,0.08,1,397,45,442,89.82,319,78,21,2,2,66.67,10,8,1,0,0,0,0.0,3,1,1,20,64.52,9,56.25,29,61.7,605,33.33,0,0,0,0,0,0,0,1,2,1,0,0,1,19,59.38,16,0,0,1,53,0,19,5,516,8,8,0,0,1,0,1,0,0,,,,0,0,0,0,0,9,1,0,0,0,0,0,7,0.0,0,2,3,0,18,7,0,0,0,32,10,5,50.0,605.0,0,0,0,345,97,0,0.19,6,37,,8
914691,Tariq Lamptey,tariq-lamptey,30,Brighton & Hove Albion,6.78,27.1,4,0,0,0,0,0.33,0,91,10,101,90.1,39,53,23,2,3,60.0,4,8,2,0,0,1,10.0,3,0,3,12,50.0,1,100.0,13,52.0,276,0.0,0,0,1,0,0,0,0,0,2,1,0,0,0,6,75.0,1,0,0,4,33,1,1,0,175,5,4,0,0,3,0,0,0,0,,,,0,0,0,0,0,7,0,0,0,0,0,0,3,0.0,0,2,5,10,12,0,0,0,0,8,7,3,75.0,0.0,0,0,0,42,69,0,0.13,0,14,,4
1014286,Malick Thiaw,malick-thiaw,2692,AC Milan,6.78,27.1,4,0,0,0,0,0.36,0,147,5,152,96.71,89,58,15,2,0,0.0,3,1,0,0,0,0,0.0,1,0,0,5,55.56,2,28.57,7,43.75,173,0.0,0,0,0,0,0,0,0,0,1,0,0,0,0,3,100.0,5,0,0,0,6,0,2,2,168,2,3,0,0,1,0,1,0,0,,,,0,0,0,0,0,2,0,0,0,0,0,0,1,0.0,0,2,0,0,9,5,0,0,0,3,2,1,33.33,0.0,0,0,0,91,61,0,0.04,1,3,,4
843678,Santi Comesaña,santi-comesana,2819,Villarreal,6.77,47.4,7,1,0,2,0,0.28,1,168,23,191,87.96,77,92,52,4,4,80.0,3,1,2,0,0,1,33.33,7,2,4,14,42.42,6,42.86,20,42.55,326,14.29,0,0,0,0,0,0,0,1,6,1,0,0,1,10,90.91,3,0,0,5,37,1,9,8,247,7,9,0,0,4,0,1,0,0,,,,0,0,0,0,0,8,0,0,0,0,0,0,5,0.0,0,4,5,3,27,8,0,0,0,11,8,3,100.0,326.0,0,0,0,85,109,0,0.64,0,16,,7
344751,Baptiste Santamaria,baptiste-santamaria,1658,Stade Rennais,6.77,47.4,7,0,0,0,1,0.1,1,168,23,191,87.96,87,81,34,3,1,100.0,5,4,1,0,0,0,0.0,5,1,3,8,36.36,10,71.43,18,50.0,357,0.0,0,0,0,0,0,0,0,0,0,5,0,0,0,17,85.0,8,0,0,3,33,2,15,12,233,3,5,0,0,6,0,1,0,0,,,,0,0,0,0,0,5,1,0,0,0,0,0,3,0.0,0,3,1,0,18,4,0,0,0,20,6,3,60.0,0.0,0,0,0,95,96,0,0.14,0,20,,7
859917,Morten Hjulmand,morten-hjulmand,3001,Sporting CP,6.77,67.7,10,0,0,0,0,0.41,0,348,64,412,84.47,202,146,57,5,2,50.0,16,9,0,0,0,0,0.0,4,0,2,22,44.9,1,14.29,23,41.07,624,0.0,0,0,0,0,0,0,0,0,0,4,0,0,0,21,55.26,10,0,0,5,81,4,19,7,494,4,13,0,0,8,0,2,0,0,,,,0,0,0,0,0,8,1,0,0,0,0,0,8,0.0,0,5,4,5,33,6,0,0,0,38,9,10,62.5,0.0,0,0,0,226,191,0,0.11,0,51,,10
345195,Ayoze Pérez,ayoze-perez,2816,Real Betis,6.77,40.6,6,2,0,3,1,0.17,3,88,22,110,80.0,19,69,40,6,7,43.75,5,1,1,0,0,0,0.0,9,4,3,16,38.1,1,50.0,17,38.64,283,22.22,0,0,0,0,0,0,2,0,9,0,0,0,2,1,33.33,0,0,0,8,54,1,2,1,184,4,6,0,0,4,0,2,0,0,,,,0,0,0,0,0,4,0,0,0,0,0,0,2,0.0,0,6,16,2,27,1,0,0,0,3,4,3,60.0,141.5,0,0,0,22,90,0,1.34,0,10,,6
803483,Levi García,levi-garcia,3250,AEK Athens,6.77,20.3,3,1,0,2,1,0.04,2,17,14,31,54.84,5,12,8,2,1,25.0,0,0,0,0,0,0,0.0,8,3,4,4,36.36,6,46.15,10,41.67,214,12.5,0,0,0,0,0,0,1,0,6,2,1,0,0,0,0.0,2,0,0,2,24,0,2,0,61,3,2,0,0,0,0,1,0,0,,,,0,0,0,0,0,6,0,0,0,0,0,0,3,0.0,0,2,4,1,14,7,0,0,0,0,6,0,0.0,214.0,0,0,0,8,24,0,0.74,0,3,,3
43443,Aaron Cresswell,aaron-cresswell,37,West Ham United,6.77,40.6,6,1,0,0,0,0.44,1,201,33,234,85.9,100,104,49,2,0,0.0,4,2,1,0,0,3,25.0,1,1,0,4,44.44,6,46.15,10,45.45,416,100.0,0,0,0,0,0,0,1,0,1,0,0,1,0,7,43.75,8,0,1,2,48,0,13,9,311,0,2,0,0,1,0,0,0,0,,,,1,0,0,0,0,4,0,0,0,0,0,0,5,0.0,0,2,1,12,12,7,0,0,0,16,4,3,75.0,416.0,0,0,0,114,132,0,0.13,0,10,,6
843251,Adam Gnezda Čerin,adam-gnezda-cerin,3248,Panathinaikos FC,6.77,40.6,6,0,0,0,1,0.3,1,179,19,198,90.4,76,103,51,5,2,66.67,10,2,0,0,0,0,0.0,5,1,2,13,37.14,4,50.0,17,39.53,360,0.0,0,0,0,0,1,0,0,0,3,2,0,0,0,7,70.0,1,0,0,2,34,3,7,2,244,1,14,0,0,5,0,2,0,0,,,,1,0,0,0,0,5,2,0,0,0,0,0,5,0.0,0,5,3,2,26,4,0,0,0,10,7,5,50.0,0.0,0,0,0,81,119,0,0.39,0,21,,6
1153079,Jorrel Hato,jorrel-hato,2953,AFC Ajax,6.77,40.6,6,0,1,0,1,0.21,1,370,40,410,90.24,292,78,24,1,7,70.0,9,4,2,0,0,0,0.0,3,1,1,18,48.65,7,63.64,25,52.08,540,0.0,0,0,0,1,0,0,0,0,3,0,0,0,0,17,51.52,19,0,0,4,57,0,20,11,505,2,8,0,0,4,0,1,0,0,,,,0,0,0,0,0,13,0,0,0,0,0,0,6,0.0,0,1,10,1,23,4,0,0,0,33,13,6,66.67,0.0,0,0,0,310,101,0,0.13,9,22,,6
51501,Joël Matip,joel-matip,44,Liverpool FC,6.77,20.3,3,0,0,0,0,0.16,0,170,12,182,93.41,118,52,12,2,1,100.0,0,1,0,0,0,0,0.0,2,0,1,3,60.0,6,60.0,9,60.0,188,0.0,0,0,0,0,0,0,0,0,2,0,0,0,0,7,50.0,6,0,0,1,15,0,8,3,204,2,1,0,0,0,0,1,0,0,,,,0,0,0,0,0,4,0,0,0,0,0,0,2,0.0,0,2,1,0,6,4,0,0,0,14,4,0,0.0,0.0,0,0,0,119,63,0,0.35,0,9,,3
891959,Uroš Milovanović,uros-milovanovic,263360,FK TSC Bačka Topola,6.77,20.3,3,0,0,0,0,0.02,0,46,11,57,80.7,35,11,6,1,1,50.0,2,0,0,0,0,0,0.0,3,2,1,5,71.43,7,53.85,12,60.0,222,0.0,0,0,0,0,0,0,0,0,2,1,0,0,0,1,100.0,6,0,0,0,22,0,1,1,91,2,0,0,0,1,1,0,0,0,,,,0,0,0,0,0,9,0,0,0,0,0,0,3,0.0,0,1,2,0,8,6,0,0,0,1,9,2,100.0,0.0,0,0,0,43,14,0,0.32,0,3,,3
889593,Amine Talal,amine-talal,5173,Sheriff Tiraspol,6.77,40.6,6,0,2,1,0,0.32,0,174,46,220,79.09,105,72,21,6,3,33.33,13,11,3,0,0,3,33.33,5,2,2,29,54.72,5,41.67,34,52.31,539,0.0,0,0,0,0,2,0,0,0,2,3,0,0,0,12,44.44,10,0,1,4,71,2,23,11,327,13,10,0,0,4,0,1,0,0,,,,0,0,0,0,0,15,2,0,0,0,0,0,6,0.0,0,6,9,9,31,7,0,0,0,27,17,8,61.54,0.0,0,0,0,123,106,0,0.17,0,46,,6
188365,Héctor Bellerín,hector-bellerin,2816,Real Betis,6.77,20.3,3,0,0,0,0,0.07,0,61,10,71,85.92,23,38,22,1,4,66.67,1,4,0,0,0,0,0.0,1,1,0,5,35.71,1,100.0,6,40.0,183,0.0,0,0,0,0,0,0,0,0,1,0,0,0,0,4,50.0,0,0,0,1,21,1,6,3,123,0,4,0,0,2,0,0,0,0,,,,0,0,0,0,0,4,0,0,0,0,0,0,2,0.0,0,1,6,4,9,0,0,0,0,8,4,1,100.0,0.0,0,0,0,25,50,0,0.05,0,9,,3
1123855,Patrik Vydra,patrik-vydra,2218,AC Sparta Praha,6.77,20.3,3,0,0,0,0,0.02,0,22,3,25,88.0,15,7,5,1,0,0.0,2,1,0,0,0,0,0.0,0,0,0,2,100.0,0,0.0,2,100.0,55,0.0,0,0,0,0,0,0,0,0,0,0,0,0,0,2,100.0,2,0,0,0,5,0,2,2,38,0,0,0,0,0,0,0,0,0,,,,0,0,0,0,0,1,0,0,0,0,0,0,0,0.0,0,1,0,1,0,0,0,0,0,2,1,1,50.0,0.0,0,0,0,16,10,0,0.0,0,2,,3
244141,René Renner,rene-renner,2058,LASK,6.77,20.3,3,0,1,0,0,0.12,0,23,18,41,56.1,14,10,6,2,2,66.67,7,1,0,0,0,1,33.33,0,0,0,13,65.0,1,20.0,14,56.0,132,0.0,0,0,0,0,0,0,0,0,0,0,0,0,0,0,0.0,5,0,0,0,33,2,4,0,101,4,1,0,0,5,0,0,0,0,,,,0,0,0,0,0,4,0,0,0,0,0,0,1,0.0,0,2,3,3,11,4,0,0,0,6,4,5,71.43,0.0,0,0,0,26,18,0,0.0,0,11,,3
903632,Conrad Wallem,conrad-wallem,2216,SK Slavia Praha,6.76,54.1,8,0,1,0,1,0.79,1,141,38,179,78.77,68,77,43,4,2,18.18,6,4,0,0,0,4,33.33,3,1,2,15,41.67,5,41.67,20,41.67,360,0.0,0,0,0,0,0,0,0,0,1,2,0,0,0,10,62.5,1,0,0,6,71,3,8,3,257,7,5,0,0,2,0,0,0,0,,,,1,0,0,0,0,2,1,0,0,0,0,0,4,0.0,0,4,11,12,28,7,0,0,0,16,3,4,66.67,0.0,0,0,0,76,115,0,0.38,0,22,,8
357584,Borna Sosa,borna-sosa,2953,AFC Ajax,6.76,33.8,5,0,0,0,1,0.16,1,133,23,156,85.26,100,36,17,4,1,50.0,9,6,1,0,0,3,20.0,2,1,1,10,52.63,6,75.0,16,59.26,380,0.0,0,0,0,0,1,0,0,0,0,2,0,0,0,16,69.57,10,0,0,2,45,0,14,8,238,0,3,0,0,3,0,0,0,0,,,,0,0,0,0,0,9,0,0,0,0,0,0,4,0.0,0,4,2,15,11,2,0,0,0,23,9,5,55.56,0.0,0,0,0,112,59,0,0.06,0,15,,5
947477,Sotiris Alexandropoulos,sotiris-alexandropoulos,3245,Olympiacos FC,6.76,33.8,5,0,0,0,0,0.15,0,64,10,74,86.49,20,44,24,4,3,50.0,5,0,1,0,0,0,0.0,8,2,2,14,56.0,4,36.36,18,50.0,239,0.0,0,0,0,0,0,0,0,0,7,1,0,0,0,2,66.67,0,0,0,3,26,0,4,2,127,6,2,0,0,3,0,4,0,0,,,,0,0,0,0,0,6,0,0,0,0,0,0,3,0.0,0,4,6,2,18,7,0,0,0,3,6,4,80.0,0.0,0,0,0,20,56,0,0.48,0,8,,5
791,James Milner,james-milner,30,Brighton & Hove Albion,6.76,33.8,5,0,0,0,0,0.12,0,91,13,104,87.5,38,53,23,1,0,0.0,4,0,0,0,0,0,0.0,1,1,0,7,58.33,4,80.0,11,64.71,177,0.0,0,0,0,0,0,0,0,0,1,0,0,0,0,4,57.14,6,0,0,2,18,1,6,2,147,3,2,0,0,1,1,0,0,0,,,,0,0,0,0,0,2,0,0,0,0,0,0,3,0.0,0,1,0,1,6,1,0,0,0,7,2,2,50.0,0.0,0,0,0,40,65,0,0.08,0,7,,5
931742,George Bello,george-bello,2058,LASK,6.76,33.8,5,0,1,0,0,0.25,0,104,29,133,78.2,53,54,39,4,3,27.27,14,6,1,0,0,3,27.27,1,1,0,23,46.94,1,16.67,24,43.64,361,0.0,0,0,0,0,0,0,0,0,1,0,0,0,0,6,42.86,3,0,0,7,67,3,8,3,253,6,4,0,0,7,1,0,0,0,,,,0,0,0,0,0,6,0,0,0,0,0,0,5,0.0,0,4,11,11,31,5,0,0,0,14,6,9,64.29,0.0,0,0,0,66,78,0,0.04,0,21,,6
356352,Hans Hateboer,hans-hateboer,2686,Atalanta,6.76,47.3,7,0,1,0,0,0.39,0,111,21,132,84.09,56,56,25,2,1,25.0,4,5,0,0,0,1,16.67,1,0,1,6,42.86,1,20.0,7,36.84,285,0.0,0,0,0,0,0,0,0,0,1,0,0,0,0,4,57.14,6,0,0,2,42,0,7,5,195,1,1,0,0,2,0,0,0,0,,,,1,0,0,0,0,2,0,0,0,0,0,0,2,0.0,0,2,4,6,12,4,0,0,0,7,2,4,100.0,0.0,0,0,0,61,77,0,0.07,0,15,,7
344129,José Luis Morales,jose-luis-morales,2819,Villarreal,6.75,40.5,6,1,0,2,1,0.07,2,35,14,49,71.43,12,23,15,1,5,50.0,2,0,0,0,0,0,0.0,5,3,2,9,50.0,1,33.33,10,47.62,252,20.0,0,0,0,0,0,0,1,0,2,3,0,1,0,2,100.0,0,0,0,2,34,3,4,3,90,2,2,0,0,0,0,0,0,0,,,,0,0,0,0,0,3,1,0,0,0,0,0,2,0.0,0,1,10,4,11,2,0,0,0,2,4,1,50.0,252.0,0,0,0,15,38,0,0.29,0,9,,6
178963,Abdülkerim Bardakcı,abdulkerim-bardakc,3061,Galatasaray,6.75,13.5,2,1,0,0,0,0.03,1,71,12,83,85.54,50,21,9,0,1,100.0,2,2,0,0,0,0,0.0,1,1,0,5,71.43,2,50.0,7,63.64,125,100.0,0,0,0,0,0,0,1,0,1,0,1,0,0,4,36.36,3,0,0,1,14,0,8,5,101,2,0,0,0,1,0,0,0,0,,,,0,0,0,0,0,5,0,0,0,0,0,0,1,0.0,0,0,1,1,4,2,0,0,0,11,5,1,50.0,125.0,0,0,0,52,32,0,0.3,3,6,,2
989886,Santiago Hezze,santiago-hezze,3245,Olympiacos FC,6.75,40.5,6,0,0,0,1,0.14,1,177,29,206,85.92,93,84,37,8,2,66.67,9,7,1,0,0,0,0.0,0,0,0,14,51.85,5,50.0,19,51.35,449,0.0,0,0,0,0,0,0,0,0,0,0,0,0,0,14,70.0,2,1,0,1,38,4,18,10,253,3,4,0,0,7,0,0,0,0,,,,0,0,0,0,0,11,1,0,0,0,0,0,6,0.0,0,8,3,2,18,5,0,0,0,20,12,6,66.67,0.0,0,0,0,98,110,0,0.0,0,25,,6
1173222,Romeo Amane,romeo-amane,1760,BK Häcken,6.75,40.5,6,0,1,2,0,0.62,0,177,29,206,85.92,60,118,69,9,7,58.33,5,6,1,0,0,1,33.33,9,3,5,15,38.46,0,0.0,15,34.09,374,0.0,0,0,0,0,0,0,0,0,6,3,0,0,0,2,50.0,2,0,0,9,56,0,7,4,277,3,8,1,0,3,0,1,0,0,,,,0,0,0,0,0,11,1,0,0,0,0,0,4,0.0,0,9,12,3,29,5,0,0,0,4,12,4,80.0,0.0,0,0,0,66,143,0,1.15,0,25,,6
804901,Sam Lammers,sam-lammers,2351,Rangers,6.75,40.5,6,0,0,0,0,0.58,0,90,50,140,64.29,32,59,34,6,8,50.0,7,4,2,0,0,1,25.0,7,2,1,18,40.91,6,60.0,24,44.44,423,0.0,0,0,0,0,0,0,0,0,4,3,0,0,0,1,25.0,2,0,0,2,72,6,5,2,213,3,9,0,0,7,0,4,0,0,,,,1,0,0,0,0,6,0,0,0,0,0,0,5,0.0,0,6,16,4,30,4,0,0,0,4,6,5,71.43,0.0,0,0,0,48,96,0,0.52,0,22,,6
904852,Yukhym Konoplya,yukhym-konoplya,3313,Shakhtar Donetsk,6.75,13.5,2,0,0,1,0,0.06,0,72,16,88,81.82,57,16,9,1,1,100.0,6,4,2,0,0,1,50.0,1,0,1,7,63.64,2,50.0,9,60.0,166,0.0,0,0,0,0,0,0,0,0,1,0,0,0,0,3,25.0,1,0,0,0,20,0,7,2,117,0,4,0,0,1,0,0,0,0,,,,0,0,0,0,0,4,0,0,0,0,0,0,2,0.0,0,1,1,2,6,2,0,0,0,12,4,4,66.67,0.0,0,0,0,60,30,0,0.31,0,6,,2
352882,Nuno Santos,nuno-santos,3001,Sporting CP,6.75,54.0,8,0,0,0,0,0.54,0,186,37,223,83.41,85,105,43,4,1,33.33,5,2,0,0,0,4,28.57,5,2,2,9,47.37,1,100.0,10,50.0,410,0.0,0,0,0,0,0,0,0,0,3,2,0,0,0,7,43.75,3,0,0,4,60,1,14,9,318,3,0,0,0,4,0,1,0,0,,,,0,0,0,0,0,5,0,0,0,0,0,0,4,0.0,0,4,3,14,10,0,0,0,0,16,5,3,60.0,0.0,0,0,0,100,137,0,0.2,0,26,,9
985262,Moussa Diarra,moussa-diarra,1681,Toulouse,6.75,54.0,8,0,0,0,0,0.05,0,196,52,248,79.03,134,62,26,2,6,50.0,9,12,2,0,0,0,0.0,3,0,3,22,50.0,9,45.0,31,48.44,551,0.0,0,0,0,0,0,0,0,0,3,0,0,0,0,7,36.84,10,0,0,5,84,1,6,2,386,7,7,0,0,4,0,0,0,0,,,,2,0,0,0,0,9,0,0,0,0,0,0,7,0.0,0,2,12,3,33,11,0,0,0,19,9,5,55.56,0.0,0,0,0,165,86,0,0.2,0,34,,8
828971,Panagiotis Retsos,panagiotis-retsos,3245,Olympiacos FC,6.75,40.5,6,0,0,1,0,0.05,0,295,44,339,87.02,201,94,23,0,1,33.33,10,6,2,0,0,0,0.0,2,0,2,13,52.0,27,69.23,40,62.5,540,0.0,0,0,0,1,0,0,0,0,2,0,0,0,0,24,60.0,22,0,0,0,49,1,30,17,419,2,7,1,0,4,0,0,0,0,,,,0,0,0,0,0,13,1,0,0,0,0,0,6,0.0,0,0,3,0,24,12,0,0,0,40,14,6,60.0,0.0,0,0,0,218,121,0,0.19,0,34,,6
1065154,Joël Monteiro,joel-monteiro,2445,BSC Young Boys,6.75,13.5,2,0,0,1,0,0.04,0,22,3,25,88.0,7,15,9,0,5,62.5,3,2,0,0,0,0,0.0,2,1,1,10,52.63,0,0.0,10,47.62,119,0.0,0,0,0,0,0,0,0,0,1,1,0,0,0,4,100.0,0,0,0,3,19,0,2,2,68,2,2,0,0,1,0,0,0,0,,,,0,0,0,0,0,1,0,0,0,0,0,0,1,0.0,0,0,8,1,11,2,0,0,0,4,1,2,66.67,0.0,0,0,0,8,18,0,0.17,0,5,,2
1049515,Alidu Seidu,alidu-seidu,1658,Stade Rennais,6.75,13.5,2,0,0,0,0,0.02,0,28,4,32,87.5,11,17,13,1,0,0.0,3,2,0,0,0,0,0.0,1,0,1,3,60.0,1,50.0,4,57.14,56,0.0,0,0,0,0,0,0,0,0,0,1,0,0,0,1,100.0,0,0,0,0,7,0,0,0,48,0,2,0,0,0,0,0,0,0,,,,0,0,0,0,0,1,0,0,0,0,0,0,0,0.0,0,1,0,3,3,1,0,0,0,1,1,2,66.67,0.0,0,0,0,12,23,0,0.02,0,3,,2
972523,Cheikh Niasse,cheikh-niasse,2445,BSC Young Boys,6.75,13.5,2,0,0,0,0,0.03,0,60,11,71,84.51,28,32,18,0,0,0.0,3,3,0,0,0,0,0.0,1,0,1,4,36.36,2,66.67,6,42.86,135,0.0,0,0,0,0,0,0,0,0,0,1,0,0,0,4,100.0,1,0,0,0,14,3,0,0,86,1,5,0,0,1,1,0,0,0,,,,0,0,0,0,0,2,0,0,0,0,0,0,1,0.0,0,0,1,0,8,1,0,0,0,4,2,2,66.67,0.0,0,0,0,30,41,0,0.02,0,10,,2
28381,Fernando Muslera,fernando-muslera,3061,Galatasaray,6.75,13.5,2,0,0,0,0,0.0,0,63,38,101,62.38,57,6,2,0,0,0.0,0,0,0,0,0,0,0.0,0,0,0,0,0.0,1,100.0,1,100.0,180,0.0,0,0,0,0,0,0,0,0,0,0,0,0,0,20,34.48,3,0,0,0,38,0,14,9,123,0,0,0,0,0,0,0,0,6,,,,0,0,0,6,0,5,1,2,4,4,2,0,2,0.0,0,0,0,0,0,0,0,0,0,58,6,0,0.0,0.0,0,0,0,62,39,0,0.0,16,23,,2
982610,Amadou Dante,amadou-dante,2051,SK Sturm Graz,6.75,27.0,4,0,0,0,0,0.08,0,81,45,126,64.29,60,22,13,0,2,50.0,8,10,1,0,0,1,14.29,0,0,0,11,47.83,2,66.67,13,50.0,279,0.0,0,0,0,0,0,0,0,0,0,0,0,0,0,11,36.67,11,0,0,2,69,1,17,6,218,1,5,0,0,3,0,0,0,0,,,,1,0,0,0,0,2,2,0,0,0,0,0,3,0.0,0,0,4,7,13,1,0,0,0,30,4,6,75.0,0.0,0,0,0,71,62,0,0.0,0,27,,4
1435405,Ilay Hajaj,hajaj-ilay,5197,Maccabi Haifa,6.75,27.0,4,0,0,0,0,0.02,0,44,12,56,78.57,28,16,8,2,2,40.0,6,3,1,0,0,0,0.0,0,0,0,18,52.94,1,25.0,19,50.0,245,0.0,0,0,0,0,0,0,0,0,0,0,0,0,0,6,50.0,6,0,0,2,22,1,8,3,106,10,1,0,0,10,2,0,0,0,,,,0,0,0,0,0,1,1,0,0,0,0,0,3,0.0,0,2,5,1,19,3,0,0,0,12,2,4,66.67,0.0,0,0,0,31,26,0,0.0,0,12,,4
793278,Franz Denniz Brorsson,franz-denniz-brorsson,3397,Aris Limassol,6.75,27.0,4,0,0,0,0,0.01,0,86,19,105,81.9,70,16,4,0,0,0.0,3,3,1,0,0,0,0.0,0,0,0,7,58.33,7,58.33,14,58.33,191,0.0,0,0,1,0,0,0,0,0,0,0,0,0,0,3,30.0,11,0,1,1,21,0,5,0,144,5,2,0,0,2,0,0,0,0,,,,0,0,0,0,0,4,0,0,0,0,0,0,2,0.0,0,0,0,0,10,5,0,0,0,10,4,1,33.33,0.0,0,0,0,79,26,0,0.0,0,10,,5
71952,Manuel Gulde,manuel-gulde,2538,SC Freiburg,6.75,54.0,8,0,0,0,0,0.12,0,391,48,439,89.07,272,120,30,3,0,0.0,9,7,0,0,0,1,33.33,0,0,0,9,52.94,10,50.0,19,51.35,622,0.0,0,0,0,0,0,0,0,0,0,0,0,0,0,20,43.48,18,0,0,0,53,0,17,8,494,0,4,0,0,4,0,0,0,0,,,,3,0,0,0,0,7,1,0,0,0,0,0,7,0.0,0,3,0,3,18,10,0,0,0,46,8,6,66.67,0.0,0,0,0,294,148,0,0.0,10,16,,8
205790,Paulinho,paulinho,3001,Sporting CP,6.74,47.2,7,1,1,3,0,0.7,1,75,36,111,67.57,40,35,15,3,3,37.5,2,1,2,0,0,0,0.0,12,5,5,13,44.83,10,41.67,23,43.4,430,8.33,0,0,0,0,0,0,1,0,10,2,0,1,0,10,66.67,8,0,0,2,60,7,13,7,190,8,7,0,0,2,1,2,0,0,,,,1,0,0,0,0,6,0,0,0,0,0,0,5,0.0,0,3,8,2,30,14,0,0,0,15,6,0,0.0,430.0,0,0,0,52,61,0,1.48,0,23,,7
789070,Patrick Andrade,patrick-andrade,5962,Qarabağ FK,6.74,47.2,7,0,1,0,1,0.21,1,70,7,77,90.91,36,34,15,1,2,66.67,10,4,2,0,0,0,0.0,6,2,2,13,59.09,0,0.0,13,52.0,265,0.0,0,0,0,0,0,0,0,0,1,5,0,0,0,7,70.0,3,0,0,3,14,1,4,3,120,1,3,0,0,2,0,2,0,0,,,,0,0,0,0,0,9,0,0,0,0,0,0,2,0.0,0,1,3,0,12,3,0,0,0,10,9,5,50.0,0.0,0,0,0,37,40,0,0.22,0,12,,9
1493689,Assane Diao,assane-diao,2816,Real Betis,6.74,33.7,5,1,2,1,0,0.46,1,52,9,61,85.25,7,45,29,5,4,30.77,3,1,1,0,0,0,0.0,7,2,4,14,37.84,4,50.0,18,40.0,257,14.29,0,0,0,0,0,0,1,0,4,3,0,0,1,0,0.0,2,0,0,7,40,3,0,0,130,7,5,2,0,2,0,1,0,0,,,,0,0,0,0,0,4,0,0,0,0,0,0,3,0.0,0,5,13,3,27,4,0,0,0,1,4,1,33.33,257.0,0,0,0,11,53,0,1.6,0,14,,5
356444,Ezequiel Ponce,ezequiel-ponce,3250,AEK Athens,6.74,33.7,5,1,0,1,0,0.05,1,32,15,47,68.09,18,14,7,4,1,100.0,1,1,2,0,0,0,0.0,5,2,2,3,33.33,2,25.0,5,29.41,179,20.0,0,0,0,0,0,0,1,0,5,0,0,1,0,1,50.0,1,0,0,0,18,2,2,1,67,1,4,0,0,2,2,1,0,0,,,,0,0,0,0,0,4,0,0,0,0,0,0,1,0.0,0,4,1,0,12,6,0,0,0,2,4,0,0.0,179.0,0,0,0,19,28,0,1.15,0,6,,5
928033,Charles Vanhoutte,charles-vanhoutte,4860,Royale Union Saint-Gilloise,6.74,33.7,5,0,0,0,0,0.12,0,148,31,179,82.68,81,67,32,0,1,50.0,12,5,3,0,0,0,0.0,2,0,1,18,43.9,7,53.85,25,46.3,361,0.0,0,0,0,0,0,0,0,0,1,1,0,0,0,12,80.0,2,0,0,3,42,3,16,8,231,5,13,0,0,7,1,1,0,0,,,,0,0,0,0,0,5,0,0,0,0,0,0,5,0.0,0,0,2,0,29,6,0,0,0,15,5,7,58.33,0.0,0,0,0,93,86,0,0.17,0,34,,5
122082,Goran Antonić,goran-antonic,263360,FK TSC Bačka Topola,6.74,33.7,5,0,0,0,0,0.02,0,172,35,207,83.09,132,40,12,1,1,100.0,9,8,0,0,0,0,0.0,0,0,0,12,75.0,7,77.78,19,76.0,421,0.0,0,0,0,0,0,0,0,0,0,0,0,0,0,10,38.46,17,0,0,2,41,1,25,12,269,2,2,0,0,0,0,0,0,0,,,,0,0,0,0,0,11,1,0,0,0,0,0,5,0.0,0,1,1,0,6,2,0,0,0,26,12,8,88.89,0.0,0,0,0,145,62,0,0.0,6,24,,5
865434,Bahlul Mustafazada,bahlul-mustafazada,5962,Qarabağ FK,6.74,53.9,8,1,0,1,0,0.01,1,206,42,248,83.06,181,25,2,0,2,100.0,4,12,1,0,0,0,0.0,5,1,3,7,77.78,14,63.64,21,67.74,750,20.0,0,0,0,1,0,0,1,0,5,0,0,0,1,15,39.47,43,0,0,0,44,0,21,11,336,1,1,0,0,1,2,1,0,0,,,,0,0,0,0,0,17,2,0,0,0,0,0,8,0.0,0,0,2,0,10,8,0,0,0,38,19,2,50.0,750.0,0,0,0,201,47,1,1.03,0,31,,8
1169436,Frank Magri,frank-magri,1681,Toulouse,6.74,53.9,8,1,0,0,0,0.11,1,25,15,40,62.5,8,18,14,0,2,40.0,8,1,2,0,0,1,20.0,3,2,0,14,53.85,3,18.75,17,40.48,193,33.33,0,0,1,0,0,0,1,0,3,0,0,0,1,0,0.0,1,0,0,5,38,2,1,0,94,4,5,0,0,1,1,1,0,0,,,,0,0,0,0,0,5,0,0,0,0,0,0,0,0.0,0,0,5,5,25,13,0,0,0,0,5,4,50.0,193.0,0,0,0,9,36,0,0.31,0,9,,8
541464,Cyriel Dessers,cyriel-dessers,2351,Rangers,6.73,40.4,6,1,0,0,1,0.18,2,53,20,73,72.6,17,36,24,7,3,27.27,3,0,1,0,0,0,0.0,3,1,0,8,23.53,6,30.0,14,25.93,398,33.33,0,0,0,0,0,0,1,0,3,0,0,0,1,0,0.0,0,0,0,7,44,1,1,1,117,2,8,0,0,3,4,2,0,0,,,,0,0,0,0,0,7,0,0,0,0,0,0,5,0.0,0,7,11,0,40,14,0,0,0,0,7,3,100.0,398.0,0,0,0,20,53,0,0.57,0,4,,7
1105138,Riccardo Pagano,pagano-riccardo,2702,AS Roma,6.73,20.2,3,0,0,0,0,0.05,0,28,2,30,93.33,11,17,10,1,0,0.0,4,1,0,0,0,0,0.0,5,1,1,4,44.44,0,0.0,4,44.44,75,0.0,0,0,0,0,0,0,0,0,2,3,0,0,0,2,100.0,2,0,0,3,6,1,2,2,47,0,2,0,0,0,0,3,0,0,,,,0,0,0,0,0,0,0,0,0,0,0,0,0,0.0,0,1,0,0,5,0,0,0,0,2,0,2,50.0,0.0,0,0,0,13,17,0,0.35,0,5,,3
902987,Loïc Lapoussin,loic-lapoussin,4860,Royale Union Saint-Gilloise,6.73,40.4,6,0,0,0,0,0.66,0,139,56,195,71.28,53,87,54,3,10,43.48,8,5,0,0,0,1,8.33,4,2,2,24,40.68,1,33.33,25,40.32,470,0.0,0,0,1,0,0,0,0,0,3,1,0,0,0,13,86.67,4,0,0,12,117,6,24,12,341,6,3,0,0,7,1,0,0,0,,,,1,0,0,0,0,7,0,0,0,0,0,0,5,0.0,0,3,23,12,37,2,0,0,0,15,7,5,62.5,0.0,0,0,0,65,142,0,0.33,0,41,,6
789984,Dereck Kutesa,dereck-kutesa,2448,Servette FC,6.73,40.4,6,0,0,0,0,0.4,0,62,18,80,77.5,7,56,36,4,6,37.5,5,2,0,0,0,1,16.67,10,5,2,15,44.12,3,60.0,18,46.15,342,0.0,0,0,0,0,0,0,0,0,1,9,0,0,0,0,0.0,1,0,0,5,44,3,1,0,144,4,4,0,0,0,1,3,0,0,,,,0,0,0,0,0,9,0,0,0,0,0,0,4,0.0,0,4,16,6,21,2,0,0,0,0,9,3,60.0,0.0,0,0,0,11,75,0,0.28,0,15,,6
547380,Scott Wright,scott-wright,2351,Rangers,6.73,20.2,3,0,0,0,0,0.29,0,37,19,56,66.07,3,34,28,4,4,36.36,1,1,0,0,0,0,0.0,2,0,2,8,36.36,1,16.67,9,32.14,183,0.0,0,0,0,0,0,0,0,0,0,2,0,0,0,1,100.0,1,0,0,4,37,1,3,2,101,3,3,0,0,0,0,0,0,0,,,,0,0,0,0,0,3,0,0,0,0,0,0,2,0.0,0,4,11,4,19,5,0,0,0,1,3,1,100.0,0.0,0,0,0,5,55,0,0.13,0,10,,3
791997,Matija Špoljarić,matija-spoljaric,3397,Aris Limassol,6.73,20.2,3,0,0,0,0,0.02,0,14,2,16,87.5,5,9,6,0,0,0.0,0,0,0,0,0,0,0.0,3,0,2,0,0.0,2,100.0,2,100.0,32,0.0,0,0,0,0,0,0,0,0,2,1,0,0,0,0,0.0,1,0,0,0,3,0,0,0,21,0,0,1,0,0,0,1,0,0,,,,0,0,0,0,0,0,0,0,0,0,0,0,0,0.0,0,0,0,1,0,0,0,0,0,0,0,0,0.0,0.0,0,0,0,5,12,0,0.11,0,3,,3
788255,Fikayo Tomori,fikayo-tomori,2692,AC Milan,6.73,20.2,3,0,0,0,0,0.06,0,134,16,150,89.33,60,74,17,2,0,0.0,5,1,2,0,0,0,0.0,2,0,2,5,45.45,6,75.0,11,57.89,180,0.0,0,0,0,0,0,0,0,0,2,0,0,0,0,3,33.33,7,0,0,1,17,0,6,0,170,0,4,0,0,1,0,0,0,0,,,,0,0,0,0,0,3,0,0,0,0,0,0,2,0.0,0,2,0,0,8,2,0,0,0,9,3,1,20.0,0.0,0,0,0,66,84,0,0.1,0,7,,3
21535,Simon Kjær,simon-kjaer,2692,AC Milan,6.73,20.2,3,0,0,0,0,0.08,0,208,20,228,91.23,142,66,15,1,0,0.0,4,2,0,0,0,0,0.0,1,1,0,4,44.44,8,66.67,12,57.14,242,0.0,0,0,0,1,0,0,0,0,1,0,0,0,0,15,65.22,15,0,1,1,25,0,11,5,261,0,4,0,0,0,0,0,0,0,,,,0,0,0,0,0,3,2,0,0,0,0,0,3,0.0,0,1,0,1,9,4,0,0,0,23,5,1,25.0,0.0,0,0,0,151,78,0,0.05,0,5,,3
862773,Denis Genreau,denis-genreau,1681,Toulouse,6.73,20.2,3,0,1,0,0,0.44,0,19,7,26,73.08,6,13,8,3,1,50.0,1,0,0,0,0,0,0.0,1,0,1,4,40.0,1,50.0,5,41.67,60,0.0,0,0,0,0,0,0,0,0,0,1,0,0,0,2,40.0,2,0,0,0,9,1,2,1,35,2,4,0,0,1,0,0,0,0,,,,0,0,0,0,0,1,0,0,0,0,0,0,0,0.0,0,3,2,0,7,1,0,0,0,5,1,0,0.0,0.0,0,0,0,10,16,0,0.02,0,5,,4
39320,Rubén Pérez,ruben-perez,3248,Panathinaikos FC,6.73,20.2,3,0,0,0,0,0.06,0,145,27,172,84.3,50,95,33,0,1,50.0,6,3,2,0,0,0,0.0,1,0,1,7,53.85,2,40.0,9,50.0,246,0.0,0,0,0,0,0,0,0,0,0,1,0,0,0,12,52.17,2,0,0,1,30,2,14,5,198,0,3,0,0,2,0,0,0,0,,,,0,0,0,0,0,4,2,0,0,0,0,0,3,0.0,0,0,2,0,9,3,0,0,0,23,6,2,33.33,0.0,0,0,0,62,110,0,0.02,0,20,,3
283217,Johan Hammar,johan-hammar,1760,BK Häcken,6.73,20.2,3,0,0,0,0,0.02,0,85,20,105,80.95,48,37,7,0,0,0.0,2,2,0,0,0,0,0.0,0,0,0,4,57.14,3,100.0,7,70.0,150,0.0,0,0,0,0,0,0,0,0,0,0,0,0,0,7,43.75,2,0,0,0,20,0,10,1,121,2,2,0,0,1,0,0,0,0,,,,0,0,0,0,0,3,0,0,0,0,0,0,2,0.0,0,0,0,0,3,0,0,0,0,16,3,1,50.0,0.0,0,0,0,61,44,0,0.0,0,15,,3
59623,Antonio Adán,antonio-adan,3001,Sporting CP,6.73,40.4,6,0,0,0,0,0.01,0,159,45,204,77.94,148,11,4,0,2,100.0,0,0,0,0,0,0,0.0,0,0,0,4,100.0,0,0.0,4,100.0,540,0.0,0,0,0,0,0,0,0,0,0,0,0,0,0,28,38.36,3,0,0,0,47,0,26,12,249,2,0,0,0,0,0,0,0,12,,,,0,1,0,6,6,6,1,1,2,2,3,0,6,0.0,0,0,2,0,0,0,0,0,0,73,7,0,0.0,0.0,0,0,3,163,41,0,0.0,36,37,,6
914309,Iliman Ndiaye,iliman-ndiaye,1641,Olympique de Marseille,6.73,94.2,14,1,0,4,0,0.61,1,172,32,204,84.31,53,120,72,3,22,56.41,6,1,0,0,0,1,20.0,16,5,8,37,45.68,2,15.38,39,41.49,714,6.25,0,0,0,0,0,0,1,0,13,3,0,0,1,5,83.33,5,0,0,16,103,9,4,2,358,9,5,1,0,6,1,3,0,0,,,,0,0,0,0,0,11,1,0,0,0,0,0,8,0.0,0,3,39,5,55,11,0,0,0,6,12,6,100.0,714.0,0,0,0,61,148,0,1.96,0,37,,14
1116507,Srđan Hrstić,srdjan-hrstic,1760,BK Häcken,6.73,26.9,4,1,0,1,0,0.07,1,22,5,27,81.48,10,12,7,0,0,0.0,1,1,0,0,0,0,0.0,4,3,1,3,37.5,1,100.0,4,44.44,146,25.0,0,0,0,0,0,0,1,0,4,0,0,0,1,2,100.0,0,0,0,1,15,0,0,0,49,2,2,0,0,0,0,0,0,0,,,,0,0,0,0,0,4,0,0,0,0,0,0,1,0.0,0,0,2,1,5,0,0,0,0,2,4,1,100.0,146.0,0,0,0,11,17,0,0.94,0,1,,4
845721,Oscar Dorley,oscar-dorley,2216,SK Slavia Praha,6.73,53.8,8,0,0,0,1,0.22,1,248,58,306,81.05,125,124,63,4,2,40.0,8,7,2,0,0,1,50.0,3,1,1,18,42.86,9,45.0,27,43.55,664,0.0,0,0,0,0,0,0,0,0,1,2,0,0,0,22,56.41,7,0,0,6,80,9,16,7,383,8,10,0,0,5,0,1,0,0,,,,2,0,0,0,0,8,3,0,0,0,0,0,8,0.0,0,4,5,2,35,11,0,0,0,39,11,4,50.0,0.0,0,0,0,144,164,0,0.12,0,54,,8
47741,Chris Smalling,chris-smalling,2702,AS Roma,6.73,26.9,4,0,0,0,0,0.01,0,124,16,140,88.57,88,36,3,0,0,0.0,3,1,0,0,0,0,0.0,0,0,0,4,57.14,9,56.25,13,56.52,279,0.0,0,0,0,0,0,0,0,0,0,0,0,0,0,8,61.54,11,0,0,0,16,0,9,6,169,2,2,0,0,1,0,0,0,0,,,,1,0,0,0,0,4,1,0,0,0,0,0,3,0.0,0,0,0,0,10,7,0,0,0,13,5,2,66.67,0.0,0,0,0,96,44,0,,6,5,,4
281277,Thilo Kehrer,thilo-kehrer,37,West Ham United,6.73,26.9,4,0,0,0,0,0.06,0,126,20,146,86.3,61,65,38,2,1,50.0,3,3,1,0,0,0,0.0,2,1,0,4,44.44,2,40.0,6,42.86,264,0.0,0,0,0,0,0,0,0,0,2,0,0,0,0,9,75.0,4,0,0,0,37,0,8,5,209,0,3,0,0,1,0,1,0,0,,,,0,0,0,0,0,1,3,0,0,0,0,0,3,0.0,0,2,2,5,8,3,0,0,0,12,4,2,66.67,0.0,0,0,0,69,82,0,0.2,0,16,,5
893062,Aitor Ruibal,aitor-ruibal,2816,Real Betis,6.72,33.6,5,1,0,1,0,0.11,1,154,27,181,85.08,57,100,43,5,3,27.27,7,4,2,0,0,3,50.0,5,2,1,12,38.71,0,0.0,12,30.0,368,20.0,0,0,0,0,0,0,1,0,2,3,0,0,1,7,33.33,4,0,0,5,52,1,9,3,283,2,3,0,0,3,0,2,0,0,,,,1,0,0,0,0,3,0,0,0,0,0,0,4,0.0,0,5,11,6,28,9,0,0,0,21,3,3,42.86,368.0,0,0,0,66,121,0,0.24,0,25,,5
354808,Saïd Benrahma,said-benrahma,37,West Ham United,6.72,33.6,5,0,2,0,1,0.76,1,102,28,130,78.46,32,73,39,5,4,30.77,4,0,0,0,0,3,25.0,10,3,4,11,30.56,0,0.0,11,30.56,309,0.0,0,0,0,0,0,0,0,0,6,4,0,0,0,3,50.0,0,0,0,11,63,1,9,2,198,3,1,0,0,5,2,3,0,0,,,,0,0,0,0,0,0,3,0,0,0,0,0,4,0.0,0,5,13,12,25,0,0,0,0,6,3,1,25.0,0.0,0,0,0,36,106,0,0.42,0,13,,5
790977,Koki Machida,koki-machida,4860,Royale Union Saint-Gilloise,6.72,33.6,5,0,0,2,0,0.08,0,160,52,212,75.47,86,74,32,2,1,50.0,10,2,0,0,0,0,0.0,6,2,3,14,56.0,8,72.73,22,61.11,450,0.0,0,0,0,0,0,0,0,0,5,1,0,0,0,12,31.58,10,0,0,1,77,0,19,8,330,3,6,0,0,3,0,1,0,0,,,,1,0,0,0,0,7,0,0,0,0,0,0,5,0.0,0,2,2,2,14,3,0,0,0,38,7,8,80.0,0.0,0,0,0,107,107,0,1.13,0,29,,5
50350,Daniel Sundgren,daniel-sundgren,5197,Maccabi Haifa,6.72,33.6,5,0,0,0,0,0.22,0,159,31,190,83.68,110,51,21,2,5,71.43,8,4,2,0,0,2,33.33,3,1,0,16,55.17,3,75.0,19,57.58,376,0.0,0,0,0,0,1,0,0,0,1,2,0,0,0,8,44.44,7,0,0,2,48,0,19,7,276,3,6,0,0,4,0,2,0,0,,,,1,0,0,0,0,3,2,0,0,0,0,0,5,0.0,0,2,7,6,14,1,0,0,0,18,5,4,50.0,0.0,0,0,0,123,73,0,0.13,0,34,,5
606608,Cajú,caju,3397,Aris Limassol,6.72,33.6,5,0,0,0,0,0.18,0,86,37,123,69.92,42,47,25,4,4,100.0,17,3,1,0,0,3,14.29,2,1,0,22,64.71,4,33.33,26,56.52,424,0.0,0,0,0,0,0,0,0,0,1,1,0,0,0,1,11.11,10,0,0,5,77,1,8,2,255,1,2,0,0,5,0,1,0,0,,,,0,0,0,0,0,11,1,0,0,0,0,0,4,0.0,0,4,4,21,20,8,0,0,0,9,12,12,70.59,0.0,0,0,0,53,91,0,0.12,1,22,,5
769277,Jérémy Guillemenot,jeremy-guillemenot,2448,Servette FC,6.72,33.6,5,0,1,0,0,0.26,0,13,4,17,76.47,5,11,5,3,0,0.0,3,0,0,0,0,3,75.0,4,1,1,10,55.56,1,25.0,11,50.0,150,0.0,0,0,1,0,1,0,0,0,2,2,0,0,0,0,0.0,0,0,0,3,13,0,1,0,44,7,1,0,0,1,1,2,0,0,,,,0,0,0,0,0,0,0,0,0,0,0,0,1,0.0,0,3,4,4,11,3,0,0,0,0,0,0,0.0,0.0,0,0,0,5,16,0,0.12,0,4,,5
856468,Ali Mohamed,ali-mohamed,5197,Maccabi Haifa,6.72,33.6,5,0,0,0,0,0.09,0,100,15,115,86.96,65,35,15,2,3,42.86,6,6,1,0,0,0,0.0,0,0,0,11,52.38,0,0.0,11,52.38,215,0.0,0,0,0,0,0,0,0,0,0,0,0,0,0,8,57.14,2,0,1,2,23,0,7,5,155,2,2,0,0,2,0,0,0,0,,,,0,0,0,0,0,2,0,0,0,0,0,0,3,0.0,0,2,7,0,10,0,0,0,0,14,2,5,83.33,0.0,0,0,0,72,43,0,0.0,0,27,,5
1196902,Ehsan Hajsafi,ehsan-hajsafi,3250,AEK Athens,6.72,40.3,6,0,0,0,1,0.72,1,148,48,196,75.51,76,80,38,7,3,50.0,8,5,0,0,0,8,33.33,3,0,3,15,55.56,2,50.0,17,54.84,448,0.0,0,0,0,1,1,0,0,0,0,3,0,0,0,11,47.83,7,0,0,2,83,1,21,8,325,4,4,0,0,3,1,0,0,0,,,,0,0,0,0,0,9,0,0,0,0,0,0,6,0.0,0,7,6,24,14,2,0,0,0,23,9,4,50.0,0.0,0,0,0,89,131,0,0.09,0,23,,6
988672,David Affengruber,david-affengruber,2051,SK Sturm Graz,6.72,40.3,6,0,0,0,0,0.22,0,140,81,221,63.35,105,35,11,3,0,0.0,15,6,2,0,0,0,0.0,4,1,3,17,44.74,19,70.37,36,55.38,529,0.0,0,0,0,0,0,0,0,0,4,0,0,0,0,13,21.67,35,1,0,1,89,1,28,6,308,2,9,0,0,10,2,0,0,0,,,,1,0,0,0,0,7,2,0,0,0,0,0,6,0.0,0,3,1,1,29,8,0,0,0,60,9,11,73.33,0.0,0,0,0,122,100,0,0.52,2,30,,6
869709,Manprit Sarkaria,manprit-sarkaria,2051,SK Sturm Graz,6.72,40.3,6,0,1,1,0,0.42,0,78,42,120,65.0,30,52,31,7,8,66.67,1,1,1,0,0,4,28.57,5,2,1,18,54.55,8,25.0,26,40.0,428,0.0,0,0,0,0,1,0,0,0,3,2,0,0,0,8,66.67,1,0,0,5,75,3,12,7,195,9,6,0,0,2,3,2,0,0,,,,0,0,0,0,0,6,1,0,0,0,0,0,5,0.0,0,7,12,14,39,24,0,0,0,12,7,0,0.0,0.0,0,0,0,38,96,0,0.46,0,12,,6
841802,Andrés Andrade,andres-andrade,2058,LASK,6.72,40.3,6,0,0,0,0,0.06,0,170,48,218,77.98,139,33,11,1,3,50.0,16,9,0,0,0,2,50.0,2,0,1,23,62.16,8,57.14,31,60.78,464,0.0,0,0,0,0,0,0,0,0,2,0,0,0,0,19,43.18,21,0,0,6,69,0,21,5,318,4,2,0,0,3,0,1,0,0,,,,1,0,0,0,0,12,0,0,0,0,0,0,5,0.0,0,1,6,4,20,6,0,0,0,44,12,9,56.25,0.0,0,0,0,161,61,0,0.07,0,34,,6
851150,Renan Lodi,renan-lodi,1641,Olympique de Marseille,6.72,40.3,6,0,1,0,0,0.47,0,128,25,153,83.66,84,48,19,4,2,100.0,6,8,1,0,0,4,33.33,0,0,0,18,56.25,1,25.0,19,52.78,413,0.0,0,0,1,0,0,0,0,0,0,0,0,0,0,10,47.62,8,0,0,5,67,0,12,6,269,10,5,0,0,4,1,0,0,0,,,,1,0,0,0,0,8,0,0,0,0,0,0,5,0.0,0,4,2,12,17,3,0,0,0,21,8,3,50.0,0.0,0,0,0,96,69,0,0.0,0,17,,6
305964,Dean David,dean-david,5197,Maccabi Haifa,6.7,40.2,6,1,0,1,0,0.03,1,50,17,67,74.63,28,22,13,3,1,25.0,1,2,0,0,0,0,0.0,16,4,9,4,36.36,5,27.78,9,31.03,392,6.25,0,0,0,0,0,0,1,0,11,5,1,0,0,0,0.0,2,0,0,2,34,0,5,2,115,2,1,0,0,1,2,3,0,0,,,,1,0,0,0,0,4,3,0,0,0,0,0,5,0.0,0,3,4,2,20,13,0,0,0,2,7,0,0.0,392.0,0,0,0,36,33,0,2.06,0,18,,6
1064082,Merlin Röhl,merlin-rohl,2538,SC Freiburg,6.7,53.6,8,1,0,2,0,0.07,1,92,21,113,81.42,38,54,29,3,2,22.22,13,4,0,0,0,0,0.0,12,4,4,18,42.86,3,18.75,21,36.21,338,8.33,0,0,0,0,0,0,1,0,8,4,0,0,1,4,80.0,1,0,0,9,57,6,1,1,200,3,7,1,0,3,1,4,0,0,,,,0,0,0,0,0,3,1,0,0,0,0,0,3,0.0,0,3,9,3,37,13,0,0,0,5,4,7,53.85,338.0,0,0,0,40,76,0,1.13,0,26,,8
58170,Marko Vešović,marko-vesovic,5962,Qarabağ FK,6.7,40.2,6,0,2,0,1,0.84,1,99,43,142,69.72,56,48,21,4,6,40.0,13,8,2,1,1,5,29.41,4,1,1,27,47.37,7,58.33,34,49.28,514,0.0,0,0,0,0,0,0,0,0,3,1,0,0,0,8,30.77,22,0,0,7,90,1,11,5,310,8,8,0,0,6,0,2,0,0,,,,0,0,0,0,0,7,0,0,0,0,0,0,6,0.0,0,4,15,17,35,5,0,0,0,26,7,9,69.23,0.0,0,0,0,73,86,0,0.15,0,26,,6
280979,Gonçalo Guedes,goncalo-guedes,2819,Villarreal,6.7,13.4,2,0,0,0,1,0.2,1,37,6,43,86.05,11,28,18,2,0,0.0,2,0,0,0,0,2,40.0,4,1,1,7,33.33,0,0.0,7,31.82,180,0.0,0,0,0,0,0,0,0,0,2,2,0,0,0,3,100.0,0,0,0,3,27,1,3,2,83,5,0,0,0,2,0,2,0,0,,,,0,0,0,0,0,5,0,0,0,0,0,0,2,0.0,0,2,9,5,15,1,0,0,0,3,5,2,100.0,0.0,0,0,0,14,34,0,0.13,0,9,,2
1403108,Jayden Danns,jayden-danns,44,Liverpool FC,6.7,6.7,1,0,0,0,0,0.0,0,2,0,2,100.0,1,1,1,0,1,100.0,1,0,0,0,0,0,0.0,0,0,0,2,100.0,1,100.0,3,100.0,11,0.0,0,0,0,0,0,0,0,0,0,0,0,0,0,0,0.0,0,0,0,0,1,0,0,0,5,0,0,0,0,0,0,0,0,0,,,,0,0,0,0,0,0,0,0,0,0,0,0,0,0.0,0,0,1,0,0,0,0,0,0,0,0,0,0.0,0.0,0,0,0,1,1,0,,0,0,,1
142471,Niklas Lomb,niklas-lomb,2681,Bayer 04 Leverkusen,6.7,6.7,1,0,0,0,0,0.0,0,18,3,21,85.71,18,0,0,0,0,0.0,0,0,0,0,0,0,0.0,0,0,0,0,0.0,0,0.0,0,0.0,90,0.0,0,0,0,0,0,0,0,0,0,0,0,0,0,2,40.0,1,0,0,0,3,0,0,0,28,0,0,0,0,0,0,0,0,2,,,,0,0,0,1,1,1,0,1,0,0,0,0,1,0.0,0,0,0,0,0,0,0,0,0,5,1,0,0.0,0.0,0,0,0,19,2,0,,2,6,,1
1218081,Raimane Daou,raimane-daou,1641,Olympique de Marseille,6.7,6.7,1,0,0,0,0,0.0,0,10,2,12,83.33,6,4,1,0,0,0.0,1,1,0,0,0,0,0.0,0,0,0,1,50.0,0,0.0,1,50.0,20,0.0,0,0,0,0,0,0,0,0,0,0,0,0,0,1,100.0,0,0,0,0,2,0,0,0,14,0,0,0,0,1,0,0,0,0,,,,0,0,0,0,0,0,0,0,0,0,0,0,0,0.0,0,0,0,0,1,0,0,0,0,1,0,1,100.0,0.0,0,0,0,6,6,0,,0,1,,1
1034303,Filippo Terracciano,filippo-terracciano,2692,AC Milan,6.7,13.4,2,0,0,0,0,0.0,0,7,1,8,87.5,5,2,0,0,0,0.0,2,0,0,0,0,0,0.0,0,0,0,2,100.0,1,100.0,3,100.0,28,0.0,0,0,0,0,0,0,0,0,0,0,0,0,0,0,0.0,1,0,0,0,2,0,0,0,15,0,0,0,0,0,0,0,0,0,,,,0,0,0,0,0,0,0,0,0,0,0,0,0,0.0,0,0,0,0,0,0,0,0,0,0,0,2,100.0,0.0,0,0,0,5,3,0,,0,0,,2
829860,Mihlali Mayambela,mihlali-mayambela,3397,Aris Limassol,6.7,40.2,6,0,2,0,0,0.56,0,109,42,151,72.19,33,77,39,6,7,35.0,11,3,0,0,0,1,9.09,8,3,3,22,43.14,0,0.0,22,38.6,485,0.0,0,0,0,0,0,0,0,0,4,4,0,0,0,5,35.71,4,0,0,2,81,3,5,3,252,4,4,1,0,11,0,2,0,0,,,,0,0,0,0,0,10,1,0,0,0,0,0,6,0.0,0,6,20,11,35,6,0,0,0,14,11,9,81.82,0.0,0,0,0,49,113,0,0.53,0,28,,6
142525,Lukas Kübler,lukas-kubler,2538,SC Freiburg,6.7,60.3,9,0,0,2,0,0.35,0,204,39,243,83.95,104,100,41,3,3,100.0,9,11,1,0,0,0,0.0,3,2,1,17,56.67,6,60.0,23,57.5,431,0.0,0,0,0,0,0,0,0,0,2,1,0,0,0,6,27.27,11,0,1,0,46,3,22,13,326,5,6,0,0,7,1,0,0,0,,,,1,0,0,0,0,7,1,0,0,0,0,0,4,0.0,0,3,3,2,17,4,0,0,0,22,8,8,88.89,0.0,0,0,0,113,132,0,0.5,0,18,,9
1131541,Bamo Meïté,bamo-meite,1641,Olympique de Marseille,6.7,33.5,5,0,0,1,0,0.03,0,129,10,139,92.81,73,56,21,0,0,0.0,5,4,0,0,0,0,0.0,1,0,1,7,53.85,6,66.67,13,59.09,312,0.0,0,0,0,0,0,0,0,0,1,0,0,0,0,3,75.0,16,0,0,0,16,0,2,1,195,2,5,0,0,1,0,0,0,0,,,,0,0,0,0,0,6,0,0,0,0,0,0,3,0.0,0,0,0,2,9,3,0,0,0,4,6,2,40.0,0.0,0,0,0,78,63,0,0.31,0,9,,7
887754,Vítor Carvalho,vitor-carvalho,2999,Sporting Braga,6.7,13.4,2,0,0,0,0,0.08,0,71,12,83,85.54,22,49,22,1,0,0.0,1,1,0,0,0,0,0.0,5,2,1,1,20.0,1,100.0,2,33.33,128,0.0,0,0,0,0,0,0,0,0,3,2,0,0,0,4,57.14,1,0,0,0,14,1,7,3,94,0,3,0,0,1,0,2,0,0,,,,0,0,0,0,0,6,0,0,0,0,0,0,1,0.0,0,1,0,0,4,0,0,0,0,7,6,0,0.0,0.0,0,0,0,25,58,0,0.3,0,6,,2
1001140,Geny Catamo,geny-catamo,3001,Sporting CP,6.7,46.9,7,0,2,0,0,0.5,0,76,20,96,79.17,37,40,28,4,14,41.18,2,2,0,0,0,1,11.11,7,1,4,29,51.79,0,0.0,29,48.33,333,0.0,0,0,0,0,0,0,0,0,4,3,0,0,0,4,57.14,1,0,0,5,70,1,3,3,235,13,0,1,0,2,0,2,0,0,,,,0,0,0,0,0,3,0,0,0,0,0,0,2,0.0,0,4,34,9,31,4,0,0,0,7,3,0,0.0,0.0,0,0,0,41,64,0,0.24,0,18,,7
1000581,Andres Dumitrescu,andres-dumitrescu,2216,SK Slavia Praha,6.7,33.5,5,0,0,1,0,0.23,0,96,43,139,69.06,44,53,34,2,1,16.67,6,4,1,0,0,1,14.29,2,1,0,19,59.38,4,50.0,23,57.5,332,0.0,0,0,0,0,0,0,0,0,2,0,0,0,0,10,47.62,6,0,0,1,64,0,17,8,227,12,5,0,0,2,0,1,0,0,,,,1,0,0,0,0,3,1,0,0,0,0,0,4,0.0,0,2,6,7,17,4,0,0,0,21,4,2,33.33,0.0,0,0,0,57,89,0,0.2,0,17,,5
70797,Yaroslav Rakitskyi,yaroslav-rakitskyi,3313,Shakhtar Donetsk,6.7,6.7,1,0,0,0,0,0.0,0,42,15,57,73.68,37,5,3,0,0,0.0,0,5,1,0,0,0,0.0,1,1,0,0,0.0,3,60.0,3,33.33,90,0.0,0,0,0,0,1,0,0,0,0,1,0,0,0,5,38.46,6,0,0,0,15,0,10,5,74,0,4,0,0,0,0,0,0,0,,,,0,0,0,0,0,3,0,0,0,0,0,0,1,0.0,0,0,0,0,6,2,0,0,0,13,3,0,0.0,0.0,0,0,0,42,15,0,0.13,2,3,,1
825972,Michal Tomič,michal-tomic,2216,SK Slavia Praha,6.7,33.5,5,0,0,0,0,0.2,0,49,14,63,77.78,16,37,27,1,1,25.0,5,3,1,0,0,4,44.44,5,0,2,9,56.25,1,50.0,10,55.56,179,0.0,0,0,0,0,0,0,0,0,1,4,0,0,0,1,25.0,1,0,0,0,27,1,1,0,112,3,3,0,0,1,0,3,0,0,,,,0,0,0,0,0,0,0,0,0,0,0,0,1,0.0,0,1,4,9,8,1,0,0,0,4,0,4,80.0,0.0,0,0,0,21,51,0,0.09,0,9,,5
1010062,Suf Podgoreanu,suf-podgoreanu,5197,Maccabi Haifa,6.7,26.8,4,0,0,0,0,0.07,0,20,3,23,86.96,12,9,5,2,1,100.0,2,0,0,0,0,1,25.0,2,0,1,3,50.0,0,0.0,3,50.0,98,0.0,0,0,0,0,0,0,0,0,1,1,0,0,0,3,75.0,7,0,0,0,8,0,0,0,49,0,1,0,0,2,0,1,0,0,,,,0,0,0,0,0,4,0,0,0,0,0,0,1,0.0,0,2,1,4,3,0,0,0,0,4,4,1,50.0,0.0,0,0,0,14,13,0,0.09,0,5,,4
1001201,Łukasz Łakomy,lukasz-lakomy,2445,BSC Young Boys,6.7,13.4,2,0,0,0,0,0.26,0,23,6,29,79.31,7,17,12,1,1,100.0,1,2,1,0,0,1,33.33,3,1,2,2,25.0,0,0.0,2,25.0,92,0.0,0,0,0,0,0,0,0,0,0,3,0,0,0,1,33.33,2,0,0,1,11,2,3,1,47,0,2,0,0,3,0,0,0,0,,,,0,0,0,0,0,3,0,0,0,0,0,0,1,0.0,0,1,1,3,6,0,0,0,0,3,3,0,0.0,0.0,0,0,0,8,24,0,0.08,0,3,,2
1128530,Neil El Aynaoui,neil-el-aynaoui,1648,RC Lens,6.7,13.4,2,0,0,0,0,0.05,0,58,11,69,84.06,23,35,19,0,0,0.0,5,1,0,0,0,0,0.0,1,0,0,8,47.06,6,75.0,14,56.0,210,0.0,0,0,0,0,0,0,0,0,1,0,0,0,0,2,66.67,6,0,0,2,24,1,3,2,109,3,2,0,0,2,0,1,0,0,,,,1,0,0,0,0,3,0,0,0,0,0,0,2,0.0,0,0,3,1,11,2,0,0,0,3,3,1,20.0,0.0,0,0,0,26,44,0,0.08,0,11,,2
1632596,Ken Izekor,ken-izekor,2681,Bayer 04 Leverkusen,6.7,6.7,1,0,0,0,0,0.0,0,6,0,6,100.0,3,3,1,0,0,0.0,0,0,0,0,0,0,0.0,1,0,1,1,100.0,0,0.0,1,100.0,13,0.0,0,0,0,0,0,0,0,0,0,1,0,0,0,0,0.0,0,0,0,0,0,0,0,0,10,1,0,0,0,0,0,0,0,0,,,,0,0,0,0,0,0,0,0,0,0,0,0,0,0.0,0,0,0,0,0,0,0,0,0,0,0,0,0.0,0.0,0,0,0,3,3,0,0.05,0,1,,1
906698,Tomi Horvat,tomi-horvat,2051,SK Sturm Graz,6.7,33.5,5,0,2,0,0,0.49,0,48,14,62,77.42,21,28,15,4,2,25.0,8,1,0,0,0,1,33.33,3,1,2,14,51.85,0,0.0,14,48.28,220,0.0,0,0,0,0,0,0,0,0,0,3,0,0,0,0,0.0,2,0,0,2,30,1,5,3,115,4,2,0,0,3,0,0,0,0,,,,0,0,0,0,0,4,1,0,0,0,0,0,2,0.0,0,4,8,3,15,2,0,0,0,4,5,7,87.5,0.0,0,0,0,24,41,0,0.05,0,18,,5
22454,Even Hovland,even-hovland,1760,BK Häcken,6.7,33.5,5,0,0,0,0,0.16,0,318,42,360,88.33,158,160,54,3,0,0.0,5,5,1,0,0,0,0.0,1,1,0,7,63.64,4,50.0,11,57.89,450,0.0,0,0,0,0,0,0,0,0,1,0,0,0,0,47,73.44,10,0,1,0,44,0,50,32,398,2,2,0,0,2,0,0,0,0,,,,0,0,0,0,0,14,2,0,0,0,0,0,5,0.0,0,3,0,0,8,4,0,0,0,64,16,2,40.0,0.0,0,0,0,169,191,0,0.05,1,31,,5
1545409,Mahamadou Nagida,nagida-mahamadou,1658,Stade Rennais,6.7,20.1,3,0,0,0,0,0.06,0,42,3,45,93.33,19,25,13,0,0,0.0,2,3,1,0,0,2,33.33,2,0,1,4,36.36,1,100.0,5,41.67,111,0.0,0,0,0,0,0,0,0,0,1,1,0,0,0,1,50.0,2,0,0,4,12,0,2,2,81,2,2,0,0,1,1,1,0,0,,,,0,0,0,0,0,2,0,0,0,0,0,0,1,0.0,0,0,0,6,7,0,0,0,0,2,2,2,100.0,0.0,0,0,0,21,30,0,0.05,0,6,,3
97000,Ricardo Esgaio,ricardo-esgaio,3001,Sporting CP,6.7,60.3,9,0,0,0,0,0.18,0,198,61,259,76.45,101,99,57,2,2,28.57,12,6,0,0,0,2,28.57,1,0,1,16,53.33,2,25.0,18,47.37,528,0.0,0,0,0,0,0,0,0,0,0,1,0,0,0,15,46.88,8,0,0,1,84,1,19,7,385,2,4,0,0,4,1,0,0,0,,,,0,0,0,0,0,5,1,0,0,0,0,0,7,0.0,0,2,7,7,20,6,0,0,0,32,6,9,75.0,0.0,0,0,0,125,141,0,0.05,0,27,,9
44615,Ronny Rodelin,ronny-rodelin,2448,Servette FC,6.7,6.7,1,0,0,0,0,0.0,0,1,1,2,50.0,0,1,0,0,1,100.0,0,0,0,0,0,0,0.0,1,0,1,1,100.0,0,0.0,1,100.0,12,0.0,0,0,0,0,0,0,0,0,0,1,0,0,0,0,0.0,0,0,0,0,2,0,1,0,5,0,0,0,0,0,0,0,0,0,,,,0,0,0,0,0,0,0,0,0,0,0,0,0,0.0,0,0,1,1,0,0,0,0,0,0,0,0,0.0,0.0,0,0,0,0,3,0,0.05,0,1,,1
862078,Meschak Elia,meschak-elia,2445,BSC Young Boys,6.7,13.4,2,0,1,0,0,1.13,0,21,5,26,80.77,9,12,7,1,0,0.0,2,0,1,0,0,0,0.0,1,1,0,5,50.0,0,0.0,5,41.67,96,0.0,0,0,0,0,1,0,0,0,0,1,0,0,0,0,0.0,0,0,0,3,16,0,4,2,45,3,0,0,0,0,1,0,0,0,,,,0,0,0,0,0,1,0,0,0,0,0,0,1,0.0,0,1,2,1,7,2,0,0,0,1,1,2,100.0,0.0,0,0,0,9,18,0,0.04,0,7,,2
1485599,Newerton Palmares,newerton-palmares,3313,Shakhtar Donetsk,6.7,6.7,1,0,0,0,0,0.0,0,0,1,1,0.0,0,0,0,0,0,0.0,0,0,0,0,0,0,0.0,1,1,0,0,0.0,0,0.0,0,0.0,14,0.0,0,0,0,0,0,0,0,0,1,0,0,0,0,0,0.0,0,0,0,0,1,0,1,0,2,0,1,0,0,0,0,0,0,0,,,,0,0,0,0,0,0,0,0,0,0,0,0,0,0.0,0,0,0,0,2,1,0,0,0,0,0,0,0.0,0.0,0,0,0,0,1,0,0.03,0,0,,1
990743,Morgan Guilavogui,morgan-guilavogui,1648,RC Lens,6.7,6.7,1,0,0,1,0,0.1,0,17,1,18,94.44,4,13,11,1,2,100.0,0,0,0,0,0,0,0.0,1,1,0,2,50.0,1,50.0,3,50.0,46,0.0,0,0,0,0,0,0,0,0,0,1,0,0,0,0,0.0,1,0,0,1,6,2,0,0,28,0,2,0,0,0,0,0,0,0,,,,0,0,0,0,0,2,0,0,0,0,0,0,0,0.0,0,1,2,1,3,1,0,0,0,0,2,0,0.0,0.0,0,0,0,4,15,0,0.03,0,3,,1
889378,Nicolas Raskin,nicolas-raskin,2351,Rangers,6.7,26.8,4,0,0,0,0,0.2,0,69,10,79,87.34,26,44,25,2,1,50.0,8,2,0,0,0,1,50.0,1,0,1,11,44.0,1,100.0,12,46.15,180,0.0,0,0,0,0,0,0,0,0,0,1,0,0,0,3,50.0,1,0,0,3,17,1,5,3,111,2,5,0,0,5,0,0,0,0,,,,1,0,0,0,0,2,0,0,0,0,0,0,2,0.0,0,2,2,2,14,0,0,0,0,6,2,3,37.5,0.0,0,0,0,29,52,0,0.03,0,22,,4
318967,Renato Sanches,renato-sanches,2702,AS Roma,6.7,33.5,5,0,1,0,0,0.45,0,77,18,95,81.05,27,50,21,2,2,50.0,1,1,0,0,0,0,0.0,1,0,0,5,41.67,4,100.0,9,56.25,119,0.0,0,0,0,0,0,0,0,0,0,1,0,0,0,2,50.0,0,0,0,1,26,2,9,4,115,2,3,0,0,1,0,1,0,0,,,,0,0,0,0,0,1,0,0,0,0,0,0,2,0.0,0,2,4,1,7,0,0,0,0,4,1,0,0.0,0.0,0,0,0,34,62,0,0.03,0,11,,5
96531,Alphonse Aréola,alphonse-areola,37,West Ham United,6.7,6.7,1,0,0,0,0,0.0,0,20,3,23,86.96,19,1,0,0,0,0.0,0,0,0,0,0,0,0.0,0,0,0,0,0.0,0,0.0,0,0.0,90,0.0,0,0,0,0,0,0,0,0,0,0,0,0,0,4,57.14,0,0,0,0,4,0,3,1,33,0,0,0,0,0,0,0,0,3,,,,0,0,0,3,0,0,2,0,0,0,0,0,1,0.0,0,0,0,0,0,0,0,0,0,7,2,0,0.0,0.0,0,1,1,21,2,0,0.0,11,8,,1
856739,Lutsharel Geertruida,lutsharel-geertruida,2959,Feyenoord,6.7,6.7,1,0,0,0,0,0.02,0,31,7,38,81.58,18,13,5,1,0,0.0,2,1,1,0,0,0,0.0,0,0,0,3,37.5,0,0.0,3,37.5,120,0.0,0,0,0,0,0,0,0,0,0,0,0,0,0,0,0.0,3,0,0,0,12,0,3,0,66,1,3,0,0,2,0,0,0,0,,,,0,0,0,0,0,0,1,0,0,0,0,0,1,0.0,0,1,0,0,5,0,0,0,0,2,1,2,100.0,0.0,0,0,0,21,17,0,0.0,0,9,,1
1100817,Pedro Henrique,pedrinho,3313,Shakhtar Donetsk,6.7,6.7,1,0,0,0,0,0.0,0,0,0,0,0.0,0,0,0,0,0,0.0,1,0,0,0,0,0,0.0,0,0,0,1,100.0,0,0.0,1,100.0,13,0.0,0,0,0,0,0,0,0,0,0,0,0,0,0,0,0.0,2,0,0,0,0,0,0,0,3,0,0,0,0,0,0,0,0,0,,,,0,0,0,0,0,0,0,0,0,0,0,0,0,0.0,0,0,0,0,0,0,0,0,0,0,0,1,100.0,0.0,0,0,0,0,0,0,0.0,0,0,,1
340561,Gauthier Gallon,gauthier-gallon,1658,Stade Rennais,6.7,6.7,1,0,0,0,0,0.0,0,31,14,45,68.89,25,6,1,0,0,0.0,0,0,0,0,0,0,0.0,0,0,0,0,0.0,0,0.0,0,0.0,90,0.0,0,0,0,0,0,0,0,0,0,0,0,0,0,12,46.15,1,0,0,0,14,0,3,2,47,0,0,0,0,0,0,0,0,1,,,,0,1,0,0,1,1,0,0,1,1,0,0,1,0.0,0,0,0,0,0,0,0,0,0,26,1,0,0.0,0.0,0,0,0,27,18,0,0.0,12,5,,1
559036,Gustavo Scarpa,gustavo-scarpa,3245,Olympiacos FC,6.7,6.7,1,0,0,0,0,0.01,0,12,3,15,80.0,7,5,2,1,0,0.0,0,0,0,0,0,0,0.0,0,0,0,0,0.0,0,0.0,0,0.0,15,0.0,0,0,0,0,0,0,0,0,0,0,0,0,0,2,100.0,0,0,0,0,3,0,3,2,16,0,0,0,0,0,0,0,0,0,,,,0,0,0,0,0,0,0,0,0,0,0,0,0,0.0,0,1,0,0,0,0,0,0,0,2,0,0,0.0,0.0,0,0,0,8,7,0,0.0,0,2,,2
941669,Dmytro Riznyk,dmytro-riznyk,3313,Shakhtar Donetsk,6.7,13.4,2,0,0,0,0,0.0,0,45,15,60,75.0,45,0,0,0,0,0.0,0,0,0,0,0,0,0.0,0,0,0,0,0.0,1,100.0,1,100.0,180,0.0,0,0,0,0,0,0,0,0,0,0,0,0,0,4,23.53,2,0,0,0,15,0,2,2,81,1,0,0,0,0,0,0,0,6,,,,0,0,0,4,2,5,0,0,2,1,3,0,2,0.0,0,0,0,0,0,0,0,0,0,17,5,0,0.0,0.0,0,0,1,50,10,0,0.0,15,16,,2
958923,Artem Bondarenko,artem-bondarenko,3313,Shakhtar Donetsk,6.7,13.4,2,0,0,0,0,0.15,0,83,9,92,90.22,63,20,9,2,0,0.0,1,3,0,0,0,0,0.0,0,0,0,5,41.67,0,0.0,5,41.67,173,0.0,0,0,0,0,0,0,0,0,0,0,0,0,0,1,33.33,2,0,0,2,16,2,4,2,118,4,2,0,0,1,0,0,0,0,,,,0,0,0,0,0,5,0,0,0,0,0,0,2,0.0,0,2,2,1,7,0,0,0,0,3,5,1,100.0,0.0,0,0,0,67,26,0,0.0,0,8,,2
797279,Bart Nieuwkoop,bart-nieuwkoop,2959,Feyenoord,6.7,13.4,2,0,0,0,0,0.04,0,28,9,37,75.68,13,16,9,0,0,0.0,2,2,0,0,0,1,16.67,0,0,0,5,41.67,2,66.67,7,46.67,149,0.0,0,0,0,0,0,0,0,0,0,0,0,0,0,2,66.67,4,0,0,0,15,1,2,1,67,3,2,0,0,4,0,0,0,0,,,,0,0,0,0,0,1,1,0,0,0,0,0,2,0.0,0,0,1,6,8,1,0,0,0,3,2,1,50.0,0.0,0,0,0,14,29,0,0.0,0,7,,2
801072,Sandro Lauper,sandro-lauper,2445,BSC Young Boys,6.7,13.4,2,0,0,0,0,0.05,0,80,17,97,82.47,42,39,19,1,0,0.0,6,1,0,0,0,1,100.0,0,0,0,6,46.15,1,33.33,7,43.75,168,0.0,0,0,0,0,0,0,0,0,0,0,0,0,0,5,55.56,2,0,0,1,20,1,10,5,112,0,4,0,0,1,0,0,0,0,,,,0,0,0,0,0,4,0,0,0,0,0,0,2,0.0,0,1,1,1,9,2,0,0,0,9,4,4,66.67,0.0,0,0,0,48,50,0,0.0,0,14,,2
282971,Petr Ševčík,petr-sevcik,2216,SK Slavia Praha,6.7,13.4,2,0,0,0,0,0.01,0,24,11,35,68.57,7,17,8,0,0,0.0,0,0,1,0,0,0,0.0,0,0,0,0,0.0,0,0.0,0,0.0,64,0.0,0,0,0,0,0,0,0,0,0,0,0,0,0,6,85.71,0,0,0,0,17,0,5,4,42,0,2,0,0,0,0,0,0,0,,,,0,0,0,0,0,0,0,0,0,0,0,0,1,0.0,0,0,1,5,3,0,0,0,0,7,0,0,0.0,0.0,0,0,0,10,30,0,0.0,0,2,,2
930233,Koba Koindredi,koba-koindredi,3001,Sporting CP,6.7,20.1,3,0,0,0,0,0.01,0,39,3,42,92.86,26,13,6,1,0,0.0,0,3,0,0,0,0,0.0,0,0,0,2,66.67,1,100.0,3,75.0,82,0.0,0,0,0,0,0,0,0,0,0,0,0,0,0,5,83.33,0,0,0,0,3,0,7,6,47,2,0,0,0,1,0,0,0,0,,,,0,0,0,0,0,2,0,0,0,0,0,0,1,0.0,0,1,0,0,1,0,0,0,0,6,2,0,0.0,0.0,0,0,0,27,15,0,0.0,0,7,,3
965668,Nicolas Vouilloz,nicolas-vouilloz,2448,Servette FC,6.7,20.1,3,0,0,0,0,0.09,0,140,26,166,84.34,85,55,25,1,1,50.0,3,6,0,0,0,0,0.0,0,0,0,11,61.11,2,50.0,13,59.09,271,0.0,0,0,0,0,0,0,0,0,0,0,0,0,0,20,66.67,6,0,0,2,31,1,28,15,202,7,4,0,0,0,0,0,0,0,,,,0,0,0,0,0,9,0,0,0,0,0,0,3,0.0,0,1,2,0,9,2,0,0,0,30,9,2,66.67,0.0,0,0,0,92,74,0,0.0,1,14,,4
1085913,Martin Vitík,martin-vitik,2218,AC Sparta Praha,6.69,60.2,9,1,0,1,0,0.06,1,275,60,335,82.09,214,61,19,0,6,75.0,9,6,1,0,0,0,0.0,8,1,4,17,53.13,25,71.43,42,62.69,810,12.5,0,0,0,0,0,0,1,0,7,1,0,0,1,11,29.73,29,0,0,2,73,1,15,2,458,2,6,0,0,5,1,3,0,0,,,,2,0,0,0,0,15,5,0,0,0,0,0,9,0.0,0,0,8,1,25,10,0,0,0,37,20,5,55.56,810.0,0,0,0,232,104,0,0.93,0,31,,9
151440,Tomáš Holeš,tomas-holes,2216,SK Slavia Praha,6.69,46.8,7,0,1,0,1,0.86,1,276,51,327,84.4,194,82,40,2,2,66.67,14,15,0,1,1,0,0.0,5,0,4,21,56.76,10,47.62,31,53.45,560,0.0,0,0,0,0,0,0,0,0,3,2,0,0,0,37,58.73,12,1,0,2,63,1,37,19,411,5,9,0,0,4,0,1,0,0,,,,4,0,0,0,0,4,2,0,0,0,0,0,7,0.0,0,2,3,2,27,11,0,0,0,63,6,11,78.57,0.0,0,0,0,213,116,1,0.17,0,31,,7
1009285,Szymon Włodarczyk,szymon-wlodarczyk,2051,SK Sturm Graz,6.68,40.1,6,1,0,0,0,0.04,1,29,24,53,54.72,13,16,9,0,0,0.0,3,1,0,0,0,0,0.0,4,3,0,4,57.14,7,25.93,11,32.35,260,25.0,1,1,0,0,0,0,1,0,4,0,0,0,1,1,50.0,5,0,0,0,30,3,0,0,87,1,2,0,0,0,3,1,0,0,,,,0,0,0,0,0,2,1,0,0,0,0,0,3,100.0,0,0,1,1,23,20,0,0,0,2,3,1,33.33,260.0,0,0,0,23,31,0,1.08,0,12,,6
18911,Lior Refaelov,lior-refaelov,5197,Maccabi Haifa,6.68,33.4,5,0,1,0,1,0.44,1,59,9,68,86.76,26,37,18,4,1,50.0,2,0,2,0,0,4,40.0,1,0,0,8,42.11,0,0.0,8,42.11,232,0.0,0,0,0,0,0,0,0,0,0,1,0,0,0,3,60.0,1,0,0,1,20,0,5,2,99,5,7,0,0,3,0,1,0,0,,,,1,0,0,0,0,1,1,0,0,0,0,0,2,0.0,0,4,2,10,11,0,0,0,0,5,2,1,50.0,0.0,0,0,0,30,48,0,0.1,0,10,,5
280439,Maxwel Cornet,maxwel-cornet,37,West Ham United,6.68,33.4,5,0,1,0,1,0.36,1,20,4,24,83.33,1,20,13,1,1,100.0,0,0,0,0,0,1,100.0,1,0,0,2,40.0,0,0.0,2,28.57,75,0.0,0,0,0,0,0,0,0,0,1,0,0,0,0,0,0.0,0,0,0,2,10,1,1,0,37,1,1,0,0,1,0,1,0,0,,,,0,0,0,0,0,1,0,0,0,0,0,0,0,0.0,0,1,1,1,5,2,0,0,0,0,1,0,0.0,0.0,0,0,0,3,22,0,0.06,0,3,,6
153966,Manu Trigueros,manu-trigueros,2819,Villarreal,6.68,33.4,5,0,0,1,0,0.3,0,158,30,188,84.04,53,105,67,0,1,33.33,8,0,0,0,0,0,0.0,7,4,1,13,40.63,5,41.67,18,40.91,375,0.0,1,0,0,0,0,0,0,0,5,2,0,0,0,6,66.67,1,0,0,8,51,3,8,5,242,4,5,0,0,4,1,2,0,0,,,,0,0,0,0,0,3,0,0,0,0,0,0,5,0.0,0,0,3,6,26,7,0,0,1,9,3,5,62.5,0.0,0,0,0,57,137,0,1.06,0,22,,5
123223,Willian José,willian-jose,2816,Real Betis,6.68,33.4,5,0,0,0,0,0.14,0,43,5,48,89.58,12,31,19,1,1,33.33,1,1,0,0,0,0,0.0,5,1,3,2,33.33,3,75.0,5,50.0,136,0.0,0,0,0,0,1,0,0,0,3,2,0,0,0,1,100.0,1,0,0,1,12,1,1,1,67,0,1,0,0,0,0,1,0,0,,,,0,0,0,0,0,1,0,0,0,0,0,0,1,0.0,0,1,3,0,5,1,0,0,0,1,1,1,100.0,0.0,0,0,0,12,36,0,0.24,0,5,,5
834244,Mathias Rasmussen,mathias-rasmussen,4860,Royale Union Saint-Gilloise,6.68,33.4,5,0,0,0,0,0.05,0,30,11,41,73.17,9,22,14,3,0,0.0,4,0,0,0,0,1,14.29,1,0,1,4,50.0,2,66.67,6,54.55,137,0.0,0,0,0,0,0,0,0,0,1,0,0,0,0,1,50.0,2,0,0,1,18,1,3,2,63,0,0,0,0,3,0,0,0,0,,,,0,0,0,0,0,2,0,0,0,0,0,0,1,0.0,0,3,0,7,5,1,0,0,0,2,2,2,50.0,0.0,0,0,0,14,34,0,0.02,0,6,,5
848355,Angeliño,angelino,2702,AS Roma,6.68,26.7,4,0,0,0,0,0.27,0,38,11,49,77.55,18,23,8,1,0,0.0,4,2,0,0,0,3,33.33,0,0,0,4,57.14,0,0.0,4,50.0,132,0.0,0,0,0,0,0,0,0,0,0,0,0,0,0,3,33.33,4,0,0,1,23,1,6,2,88,0,2,0,0,0,0,0,0,0,,,,0,0,0,0,0,1,1,0,0,0,0,0,1,0.0,0,1,0,9,4,1,0,0,0,9,2,3,75.0,0.0,0,0,0,22,36,0,,0,6,,4
910048,Brian Brobbey,brian-brobbey,2953,AFC Ajax,6.67,40.0,6,2,0,4,0,0.45,2,59,16,75,78.67,27,32,17,3,4,66.67,0,0,2,0,0,0,0.0,7,5,2,12,27.91,8,47.06,20,33.33,458,28.57,0,0,0,0,0,0,2,0,7,0,0,2,0,1,100.0,2,0,0,14,41,1,3,3,130,8,15,1,0,0,3,0,0,0,,,,0,0,0,0,0,12,0,0,0,0,0,0,6,0.0,0,3,6,0,40,9,0,0,0,1,12,0,0.0,229.0,0,0,0,32,43,0,1.66,0,9,,6
592560,Giorgos Masouras,giorgos-masouras,3245,Olympiacos FC,6.67,40.0,6,1,0,2,0,0.09,1,38,16,54,70.37,11,28,15,2,0,0.0,5,4,1,0,0,1,25.0,8,4,2,7,43.75,6,40.0,13,41.94,257,12.5,0,0,0,0,0,0,1,0,5,3,1,0,0,3,75.0,0,0,0,2,28,2,2,2,98,2,4,0,0,1,4,2,0,0,,,,0,0,0,0,0,5,1,0,0,0,0,0,3,0.0,0,2,2,4,18,9,0,0,0,4,6,3,60.0,257.0,0,0,0,13,45,0,1.01,0,12,,6
990140,Karol Struski,karol-struski,3397,Aris Limassol,6.67,40.0,6,0,0,0,0,0.45,0,155,41,196,79.08,92,65,25,1,5,55.56,12,8,2,0,0,2,40.0,3,1,1,30,49.18,4,25.0,34,44.16,474,0.0,0,0,0,0,0,0,0,0,1,2,0,0,0,9,64.29,4,0,0,6,62,2,11,2,281,13,9,0,0,12,0,1,0,0,,,,0,0,0,0,0,8,1,0,0,0,0,0,6,0.0,0,1,9,5,43,12,0,0,0,14,9,8,66.67,0.0,0,0,0,105,96,0,0.1,0,31,,6
319307,Simon Gustafson,simon-gustafson,1760,BK Häcken,6.67,20.0,3,0,0,0,0,0.31,0,80,25,105,76.19,30,50,25,3,2,100.0,1,1,0,0,0,0,0.0,2,0,0,7,41.18,2,66.67,9,45.0,202,0.0,0,0,0,0,0,0,0,0,1,1,0,0,0,3,60.0,1,0,1,3,31,3,7,4,129,4,2,0,0,5,0,2,0,0,,,,0,0,0,0,0,7,1,0,0,0,0,0,3,0.0,0,3,2,0,11,1,0,0,0,5,8,1,100.0,0.0,0,0,0,34,71,0,0.08,0,17,,3
1102659,Benjamin Tahirović,benjamin-tahirovic,2953,AFC Ajax,6.67,40.0,6,0,0,0,0,0.05,0,171,32,203,84.24,121,50,20,0,0,0.0,10,5,0,0,0,0,0.0,2,0,2,11,50.0,5,71.43,16,55.17,385,0.0,0,0,0,0,0,0,0,0,1,1,0,0,0,13,52.0,5,0,0,2,40,1,11,3,249,2,4,0,0,5,1,0,0,0,,,,0,0,0,0,0,10,0,0,0,0,0,0,5,0.0,0,0,1,2,13,2,0,0,0,25,10,6,60.0,0.0,0,0,0,132,73,0,0.03,0,24,,6
941338,Lazaros Rota,lazaros-rota,3250,AEK Athens,6.67,20.0,3,0,0,0,0,0.08,0,79,13,92,85.87,41,38,15,1,3,75.0,0,1,1,0,0,0,0.0,0,0,0,5,55.56,0,0.0,5,55.56,203,0.0,0,0,0,0,0,0,0,0,0,0,0,0,0,4,57.14,5,0,0,1,30,1,4,2,137,2,0,0,0,2,0,0,0,0,,,,0,0,0,0,0,4,0,0,0,0,0,0,2,0.0,0,1,4,4,4,0,0,0,0,7,4,0,0.0,0.0,0,0,0,42,54,0,0.0,0,15,,3
950651,Eirik Haugan,eirik-haugan,661,Molde FK,6.67,20.0,3,0,0,0,0,0.04,0,137,14,151,90.73,94,43,10,0,0,0.0,11,1,0,0,0,0,0.0,0,0,0,13,72.22,5,62.5,18,69.23,270,0.0,0,0,0,0,0,0,0,0,0,0,0,0,0,9,64.29,10,1,0,0,14,0,7,4,184,2,1,0,0,4,0,0,0,0,,,,0,0,0,0,0,6,2,0,0,0,0,0,3,0.0,0,0,0,0,8,3,0,0,0,14,8,4,36.36,0.0,0,0,0,101,50,0,0.0,0,14,,3
997188,Hussayn Touati,touati-hussayn,2448,Servette FC,6.67,20.0,3,0,0,0,0,0.04,0,8,4,12,66.67,0,9,4,2,1,100.0,3,0,0,0,0,1,100.0,0,0,0,5,83.33,1,33.33,6,66.67,31,0.0,0,0,0,0,0,0,0,0,0,0,0,0,0,0,0.0,1,0,0,0,10,0,2,1,28,1,0,0,0,1,0,0,0,0,,,,0,0,0,0,0,0,0,0,0,0,0,0,0,0.0,0,2,1,1,3,2,0,0,0,0,0,3,100.0,0.0,0,0,0,0,13,0,0.0,0,2,,4
804508,Viktor Gyökeres,viktor-gyokeres,3001,Sporting CP,6.66,59.9,9,5,4,4,2,1.35,7,162,60,222,72.97,52,110,67,10,9,29.03,4,1,0,1,1,0,0.0,17,10,4,37,47.44,12,46.15,49,47.12,622,29.41,3,2,0,0,0,0,5,0,17,0,0,2,3,2,28.57,2,0,0,12,130,2,4,2,377,24,8,2,0,0,4,3,0,0,,,,0,0,0,0,0,7,1,0,0,0,0,0,8,66.67,0,10,31,4,55,14,0,0,1,7,8,3,75.0,124.4,0,0,0,65,161,0,4.68,0,20,,9
1128120,Petar Stanić,petar-stanic,263360,FK TSC Bačka Topola,6.65,26.6,4,1,0,0,0,0.14,1,42,10,52,80.77,22,25,10,3,2,28.57,4,2,0,0,0,5,71.43,2,1,0,8,30.77,3,50.0,11,34.38,198,50.0,0,0,0,0,0,0,0,1,0,2,0,0,1,3,50.0,2,0,0,5,28,4,8,4,101,3,1,0,0,7,0,1,0,0,,,,0,0,0,0,0,5,0,0,0,0,0,0,2,0.0,0,3,7,7,21,3,0,0,0,6,5,3,75.0,198.0,0,0,0,23,36,0,0.47,0,16,,4
957937,Casper Tengstedt,casper-tengstedt,3006,Benfica,6.65,26.6,4,0,1,0,1,0.08,1,19,18,37,51.35,7,12,7,1,1,33.33,2,0,2,0,0,0,0.0,3,1,2,5,41.67,2,25.0,7,35.0,222,0.0,0,0,0,0,0,0,0,0,3,0,0,0,0,0,0.0,4,0,0,1,31,1,1,0,69,2,4,0,0,1,1,0,0,0,,,,0,0,0,0,0,1,0,0,0,0,0,0,3,0.0,0,1,3,1,13,6,0,0,0,4,1,1,50.0,0.0,0,0,0,12,26,0,0.49,0,3,,4
92745,Jan Bořil,jan-boril,2216,SK Slavia Praha,6.65,26.6,4,0,1,0,1,0.26,1,94,23,117,80.34,41,55,31,2,1,50.0,3,1,0,0,0,2,66.67,1,0,0,5,50.0,3,60.0,8,53.33,204,0.0,0,0,0,0,0,0,0,0,1,0,0,0,0,7,43.75,4,0,0,2,34,1,11,4,167,1,1,0,0,1,0,1,0,0,,,,1,0,0,0,0,3,0,0,0,0,0,0,2,0.0,0,2,2,3,7,2,0,0,0,16,3,1,33.33,0.0,0,0,0,47,73,0,0.03,0,20,,4
130181,Danny Ings,danny-ings,37,West Ham United,6.65,26.6,4,0,1,1,0,0.14,0,36,13,49,73.47,8,28,15,3,3,37.5,0,0,0,0,0,0,0.0,4,2,2,6,46.15,1,33.33,7,43.75,181,0.0,0,0,0,0,0,0,0,0,3,1,0,0,0,0,0.0,0,0,0,0,27,1,2,0,76,3,1,0,0,1,0,0,0,0,,,,0,0,0,0,0,0,3,0,0,0,0,0,2,0.0,0,3,8,0,9,2,0,0,0,1,3,0,0.0,0.0,0,0,0,13,36,0,0.56,0,6,,6
914857,Pep Biel,pep-biel,3245,Olympiacos FC,6.65,13.3,2,0,0,0,0,0.1,0,16,5,21,76.19,7,9,7,1,2,40.0,0,1,0,0,0,0,0.0,3,2,0,2,22.22,0,0.0,2,22.22,72,0.0,0,0,0,0,0,0,0,0,2,1,0,0,0,1,50.0,0,0,0,2,14,0,2,2,37,0,2,0,0,0,0,1,0,0,,,,0,0,0,0,0,2,0,0,0,0,0,0,1,0.0,0,1,5,2,7,0,0,0,0,2,2,0,0.0,0.0,0,0,0,9,14,0,0.23,0,5,,3
846081,Houssem Aouar,houssem-aouar,2702,AS Roma,6.65,53.2,8,0,0,0,0,0.19,0,136,22,158,86.08,57,80,38,1,6,54.55,7,2,0,0,0,1,100.0,2,0,0,21,46.67,4,50.0,25,47.17,403,0.0,0,0,0,0,0,0,0,0,1,1,0,0,0,4,50.0,2,0,0,6,47,1,6,3,225,8,10,0,0,4,2,2,0,0,,,,0,0,0,0,0,2,0,0,0,0,0,0,6,0.0,0,1,11,1,28,4,0,0,0,8,2,5,71.43,0.0,0,0,0,64,95,0,0.15,0,23,,9
566102,Davinson Sánchez,davinson-sanchez,3061,Galatasaray,6.65,13.3,2,0,0,1,0,0.01,0,96,17,113,84.96,76,20,7,0,0,0.0,2,4,0,0,0,0,0.0,2,1,1,3,75.0,2,28.57,5,45.45,180,0.0,0,0,0,0,0,0,0,0,2,0,0,0,0,5,50.0,6,0,0,0,18,0,3,2,137,1,1,1,0,0,0,0,0,0,,,,0,0,0,0,0,5,1,0,0,0,0,0,2,0.0,0,0,0,0,6,5,0,0,0,10,6,2,100.0,0.0,0,0,0,86,27,0,0.1,2,17,,2
312170,Slobodan Urošević,slobodan-urosevic,3397,Aris Limassol,6.65,39.9,6,0,0,0,0,0.22,0,228,53,281,81.14,156,74,34,1,7,100.0,13,9,0,0,0,2,16.67,3,0,2,20,54.05,17,60.71,37,56.92,540,0.0,0,0,0,0,1,0,0,0,0,3,0,0,0,18,50.0,22,1,0,3,74,0,25,10,380,0,7,0,0,7,1,1,0,0,,,,0,0,0,0,0,12,1,0,0,0,0,0,6,0.0,0,1,7,12,28,11,0,0,0,36,13,7,53.85,0.0,0,0,0,178,115,0,0.07,0,33,,6
609926,Dia Saba,dia-saba,5197,Maccabi Haifa,6.65,13.3,2,0,0,0,0,0.38,0,32,5,37,86.49,14,19,11,2,0,0.0,2,0,1,0,0,1,20.0,1,0,0,3,37.5,0,0.0,3,37.5,113,0.0,0,0,0,0,0,0,0,0,1,0,0,0,0,2,66.67,0,0,0,2,14,0,2,0,51,1,1,0,0,1,0,1,0,0,,,,0,0,0,0,0,1,0,0,0,0,0,0,1,0.0,0,2,1,5,5,0,0,0,0,3,1,2,100.0,0.0,0,0,0,15,27,0,0.03,0,3,,2
220231,Branko Jovičić,branko-jovicic,2058,LASK,6.65,13.3,2,0,0,0,0,0.19,0,86,13,99,86.87,44,43,16,0,0,0.0,5,0,1,0,0,1,100.0,2,0,1,5,45.45,0,0.0,5,45.45,162,0.0,0,0,0,0,0,0,0,0,0,2,0,0,0,6,50.0,5,0,0,0,14,1,8,5,121,0,4,0,0,2,0,1,0,0,,,,0,0,0,0,0,4,0,0,0,0,0,0,2,0.0,0,0,0,1,6,0,0,0,0,12,4,3,60.0,0.0,0,0,0,50,50,0,0.02,0,13,,3
1145681,Ilay Feingold,ilay-feingold,5197,Maccabi Haifa,6.65,13.3,2,0,0,0,0,0.0,0,13,2,15,86.67,10,3,1,0,0,0.0,1,1,0,0,0,0,0.0,1,0,1,1,100.0,0,0.0,1,100.0,74,0.0,0,0,0,0,0,0,0,0,1,0,0,0,0,0,0.0,3,0,0,0,6,0,0,0,30,0,0,0,0,0,0,0,0,0,,,,0,0,0,0,0,1,0,0,0,0,0,0,0,0.0,0,0,0,1,0,0,0,0,0,0,1,0,0.0,0.0,0,0,0,12,4,0,0.01,0,2,,2
111850,Wilfried Zaha,wilfried-zaha,3061,Galatasaray,6.65,13.3,2,0,0,0,0,0.01,0,13,4,17,76.47,6,7,4,0,1,100.0,0,1,0,0,0,0,0.0,0,0,0,4,80.0,0,0.0,4,80.0,41,0.0,0,0,0,0,0,0,0,0,0,0,0,0,0,0,0.0,0,0,0,1,7,0,0,0,27,3,0,0,0,0,0,0,0,0,,,,0,0,0,0,0,3,0,0,0,0,0,0,0,0.0,0,0,1,1,1,0,0,0,0,0,3,0,0.0,0.0,0,0,0,7,11,0,0.0,0,0,,2
17054,Adam Lallana,adam-lallana,30,Brighton & Hove Albion,6.65,13.3,2,0,0,0,0,0.19,0,32,5,37,86.49,9,23,17,1,0,0.0,2,1,1,0,0,0,0.0,0,0,0,4,50.0,0,0.0,4,50.0,69,0.0,0,0,0,0,0,0,0,0,0,0,0,0,0,0,0.0,0,0,0,2,11,0,0,0,52,2,1,0,0,0,0,0,0,0,,,,0,0,0,0,0,0,0,0,0,0,0,0,1,0.0,0,1,1,0,4,0,0,0,0,0,0,1,50.0,0.0,0,0,0,9,28,0,0.0,0,0,,2
341589,Mahmoud Dahoud,mahmoud-dahoud,30,Brighton & Hove Albion,6.65,26.6,4,0,0,0,0,0.35,0,79,8,87,90.8,47,32,14,1,1,50.0,3,1,0,0,0,0,0.0,0,0,0,4,50.0,0,0.0,4,50.0,161,0.0,0,0,0,0,0,0,0,0,0,0,0,0,0,3,75.0,2,0,0,0,14,2,6,3,103,0,0,0,0,3,0,0,0,0,,,,0,0,0,0,0,2,0,0,0,0,0,0,2,0.0,0,1,2,0,4,0,0,0,0,4,2,1,33.33,0.0,0,0,0,51,36,0,0.0,0,10,,4
981562,Diant Ramaj,diant-ramaj,2953,AFC Ajax,6.65,26.6,4,0,0,0,0,0.01,0,160,52,212,75.47,148,12,3,0,0,0.0,0,0,0,0,0,0,0.0,0,0,0,1,50.0,0,0.0,1,50.0,360,0.0,0,0,0,1,0,0,0,0,0,0,0,0,0,39,44.32,1,1,1,0,53,0,48,24,242,1,1,0,0,0,0,0,0,14,,,,0,2,0,12,2,9,0,0,0,0,1,0,4,0.0,0,0,0,0,1,0,0,0,0,88,9,0,0.0,0.0,0,0,1,167,45,0,0.0,34,28,,4
285843,Bence Sós,bence-sos,263360,FK TSC Bačka Topola,6.65,26.6,4,0,0,0,0,0.07,0,17,6,23,73.91,10,7,2,1,1,100.0,1,1,1,0,0,0,0.0,0,0,0,4,66.67,2,66.67,6,66.67,63,0.0,0,0,0,0,0,0,0,0,0,0,0,0,0,1,25.0,2,0,0,0,10,0,3,2,40,2,1,0,0,1,0,0,0,0,,,,0,0,0,0,0,2,0,0,0,0,0,0,0,0.0,0,1,1,1,3,1,0,0,0,4,2,1,100.0,0.0,0,0,0,11,13,0,0.0,0,3,,4
190437,Mario Pašalić,mario-pasalic,2686,Atalanta,6.65,73.1,11,1,2,5,0,0.61,1,154,40,194,79.38,67,87,46,6,4,80.0,7,4,0,0,0,0,0.0,7,5,1,13,32.5,6,54.55,19,37.25,436,14.29,0,0,0,0,0,0,1,0,7,0,0,0,1,9,60.0,6,0,0,8,54,1,12,6,256,2,9,0,0,9,1,1,0,0,,,,2,0,0,0,0,1,1,0,0,0,0,0,2,0.0,0,6,5,1,32,5,0,0,0,15,2,3,42.86,436.0,0,0,0,73,122,0,2.95,0,29,,11
839493,Amir Murillo,amir-murillo,1641,Olympique de Marseille,6.64,46.5,7,0,0,0,0,0.04,0,125,20,145,86.21,80,45,14,2,4,66.67,4,3,0,0,0,0,0.0,0,0,0,10,58.82,6,66.67,16,61.54,307,0.0,0,0,0,0,0,0,0,0,0,0,0,0,0,10,58.82,3,0,0,2,33,0,2,0,202,2,2,0,0,1,0,0,0,0,,,,0,0,0,0,0,4,0,0,0,0,0,0,2,0.0,0,2,6,3,10,3,0,0,0,17,4,2,50.0,0.0,0,0,0,88,60,0,0.0,0,17,,7
156718,Mick van Buren,mick-van-buren,2216,SK Slavia Praha,6.64,33.2,5,0,1,2,0,0.27,0,63,26,89,70.79,19,46,34,4,4,44.44,1,3,1,0,0,2,50.0,10,3,4,7,28.0,5,38.46,12,31.58,226,0.0,0,0,0,0,0,0,0,0,8,2,0,0,0,4,66.67,1,0,0,9,52,5,5,4,149,2,2,0,0,3,1,3,0,0,,,,0,0,0,0,0,3,1,0,0,0,0,0,3,0.0,0,4,9,4,26,8,0,0,0,6,4,1,100.0,0.0,0,0,0,25,68,0,0.84,0,13,,5
69367,Filip Đuričić,filip-uricic,3248,Panathinaikos FC,6.64,33.2,5,0,0,0,0,0.29,0,78,10,88,88.64,19,60,38,0,5,71.43,2,0,1,0,0,1,33.33,4,1,2,9,37.5,1,33.33,10,37.04,185,0.0,0,0,0,0,0,0,0,0,4,0,0,0,0,6,75.0,1,0,0,7,28,0,2,1,128,2,4,0,0,2,0,1,0,0,,,,0,0,0,0,0,4,0,0,0,0,0,0,1,0.0,0,0,7,3,17,2,0,0,0,8,4,0,0.0,0.0,0,0,0,20,71,0,0.34,0,12,,5
316216,Bartosz Nowak,bartosz-nowak,35268,Raków Częstochowa,6.64,33.2,5,0,0,0,0,0.72,0,62,16,78,79.49,17,49,28,2,1,33.33,0,1,0,0,0,4,33.33,2,1,0,4,36.36,0,0.0,4,30.77,202,0.0,0,0,0,0,0,0,0,0,2,0,0,0,0,1,25.0,0,0,0,2,34,0,2,1,118,3,1,0,0,2,3,1,0,0,,,,0,0,0,0,0,4,0,0,0,0,0,0,3,0.0,0,2,3,12,9,2,0,0,0,4,4,0,0.0,0.0,0,0,0,22,68,0,0.19,0,9,,5
1117025,Facundo Buonanotte,facundo-buonanotte,30,Brighton & Hove Albion,6.64,33.2,5,0,0,0,0,0.19,0,85,10,95,89.47,28,58,36,3,4,28.57,4,1,0,0,0,1,100.0,2,1,1,17,42.5,1,100.0,18,43.9,230,0.0,0,0,0,0,0,0,0,0,2,0,0,0,0,3,60.0,0,0,0,3,35,6,2,2,154,9,4,0,0,6,0,0,0,0,,,,0,0,0,0,0,4,0,0,0,0,0,0,2,0.0,0,3,14,1,23,0,0,0,0,5,4,4,100.0,0.0,0,0,0,30,66,0,0.14,0,12,,5
174911,Steeve Yago,steeve-yago,3397,Aris Limassol,6.64,33.2,5,0,0,0,0,0.07,0,164,50,214,76.64,107,57,20,2,2,50.0,20,11,1,0,0,0,0.0,0,0,0,26,61.9,2,20.0,28,53.85,450,0.0,0,0,0,1,0,0,0,0,0,0,0,0,0,8,26.67,20,0,0,4,65,0,18,6,323,4,6,0,0,4,0,0,0,0,,,,0,0,0,0,0,9,1,0,0,0,0,0,5,0.0,0,2,4,0,24,8,0,0,0,30,10,13,65.0,0.0,0,0,0,130,84,0,0.0,0,46,,5
926892,David Schnegg,david-schnegg,2051,SK Sturm Graz,6.63,19.9,3,0,0,0,0,0.03,0,52,43,95,54.74,33,19,10,1,2,50.0,5,7,1,0,0,0,0.0,1,0,1,8,34.78,2,25.0,10,32.26,266,0.0,0,0,0,0,0,0,0,0,1,0,0,0,0,9,31.03,10,0,0,1,75,4,12,4,203,1,8,0,0,4,1,0,0,0,,,,0,0,0,0,0,5,0,0,0,0,0,0,3,0.0,0,1,4,7,21,6,0,0,0,29,5,3,60.0,0.0,0,0,0,45,57,0,0.06,0,20,,3
136743,Juankar,juankar,3248,Panathinaikos FC,6.63,19.9,3,0,0,0,0,0.09,0,49,15,64,76.56,28,24,12,2,1,100.0,1,0,1,0,0,3,50.0,1,1,0,7,100.0,2,28.57,9,64.29,182,0.0,0,0,0,0,0,0,0,0,1,0,0,0,0,4,50.0,3,0,1,0,27,1,7,3,115,5,1,0,0,0,0,0,0,0,,,,0,0,0,0,0,2,0,0,0,0,0,0,2,0.0,0,2,1,6,5,5,0,0,0,8,2,0,0.0,0.0,0,0,0,34,36,0,0.06,0,13,,3
3041,Raúl Albiol,raul-albiol,2819,Villarreal,6.63,19.9,3,0,0,0,0,0.01,0,94,13,107,87.85,82,12,1,0,0,0.0,1,1,1,0,0,0,0.0,1,0,0,1,50.0,3,100.0,4,80.0,149,0.0,0,0,0,0,0,0,0,0,1,0,0,0,0,7,50.0,9,0,0,0,13,0,5,3,120,0,1,0,0,0,0,1,0,0,,,,0,0,0,0,0,1,1,0,0,0,0,0,2,0.0,0,0,0,0,1,0,0,0,0,14,2,1,100.0,0.0,0,0,0,85,22,0,0.03,0,4,,3
882019,Florent Muslija,florent-muslija,2538,SC Freiburg,6.63,19.9,3,0,0,0,0,0.01,0,24,1,25,96.0,9,15,5,0,2,100.0,1,0,0,0,0,0,0.0,1,1,0,4,80.0,0,0.0,4,80.0,51,0.0,0,0,0,0,0,0,0,0,0,1,0,0,0,1,50.0,0,0,0,1,6,0,0,0,35,1,0,0,0,0,0,0,0,0,,,,0,0,0,0,0,1,1,0,0,0,0,0,0,0.0,0,0,2,1,1,0,0,0,0,2,2,1,100.0,0.0,0,0,0,10,16,0,0.02,0,5,,3
1085081,Álvaro Carreras,alvaro-carreras,3006,Benfica,6.63,19.9,3,0,0,0,0,0.01,0,43,13,56,76.79,26,17,6,0,0,0.0,1,1,0,0,0,0,0.0,1,1,0,1,25.0,2,40.0,3,33.33,116,0.0,0,0,0,0,0,0,0,0,0,1,0,0,0,1,33.33,4,0,0,0,21,0,1,0,88,0,1,0,0,2,0,0,0,0,,,,0,0,0,0,0,0,0,0,0,0,0,0,1,0.0,0,0,0,3,6,3,0,0,0,3,0,0,0.0,0.0,0,0,0,37,22,0,0.02,0,8,,3
931496,Matheus Silva,matheus-silva,5962,Qarabağ FK,6.63,53.0,8,1,0,0,0,0.06,1,96,22,118,81.36,47,49,19,2,2,50.0,7,5,1,0,0,0,0.0,7,3,2,21,56.76,11,50.0,32,54.24,411,14.29,0,0,0,1,0,0,1,0,5,2,0,1,0,4,50.0,4,0,0,3,69,1,9,4,232,12,8,0,0,4,0,2,0,0,,,,1,0,0,0,0,10,1,0,0,0,0,0,4,0.0,0,2,4,10,27,11,0,0,0,8,11,4,57.14,411.0,0,0,0,54,74,0,0.59,0,25,,8
997191,Miloš Pantović,milos-pantovic,263360,FK TSC Bačka Topola,6.63,26.5,4,1,0,0,0,0.01,1,18,6,24,75.0,10,8,5,0,0,0.0,1,0,0,0,0,0,0.0,1,1,0,1,33.33,1,33.33,2,33.33,69,100.0,0,0,0,0,0,0,1,0,1,0,0,0,1,2,100.0,1,0,0,0,9,0,1,1,30,0,1,0,0,0,1,0,0,0,,,,0,0,0,0,0,5,0,0,0,0,0,0,0,0.0,0,0,1,1,4,2,0,0,0,2,5,1,100.0,69.0,0,0,0,11,14,0,0.37,0,3,,4
572286,Gustaf Nilsson,gustaf-nilsson,4860,Royale Union Saint-Gilloise,6.63,26.5,4,0,2,3,1,0.18,1,29,10,39,74.36,13,16,10,5,0,0.0,2,2,0,0,0,0,0.0,6,2,2,7,29.17,9,40.91,16,34.78,231,0.0,0,0,0,0,0,0,0,0,6,0,0,0,0,0,0.0,5,0,0,5,31,1,1,0,90,5,6,0,0,3,2,2,0,0,,,,0,0,0,0,0,3,0,0,0,0,0,0,3,0.0,0,5,3,0,30,13,0,0,0,1,3,2,100.0,0.0,0,0,0,15,24,0,0.9,0,6,,4
805465,Pervis Estupiñán,pervis-estupinan,30,Brighton & Hove Albion,6.63,26.5,4,0,0,0,1,0.41,1,99,16,115,86.09,40,61,29,3,0,0.0,3,0,2,0,0,2,40.0,3,0,0,4,44.44,4,66.67,8,53.33,178,0.0,0,0,0,0,0,0,0,0,1,2,0,0,0,2,50.0,4,0,0,3,29,0,3,1,166,1,2,0,0,0,0,3,0,0,,,,0,0,0,0,0,3,0,0,0,0,0,0,2,0.0,0,3,1,5,7,2,0,0,0,4,3,2,66.67,0.0,0,0,0,43,77,0,0.04,0,4,,4
1008402,Conor Bradley,conor-bradley,44,Liverpool FC,6.63,26.5,4,0,0,0,0,0.19,0,137,16,153,89.54,67,71,40,2,3,60.0,4,2,1,0,0,1,25.0,0,0,0,10,47.62,3,60.0,13,50.0,233,0.0,0,0,0,0,0,0,0,0,0,0,0,0,0,3,50.0,4,0,0,1,33,1,6,3,220,3,1,0,1,7,0,0,0,0,,,,0,0,0,0,0,4,0,0,0,0,0,0,2,0.0,0,2,5,4,13,2,0,0,0,6,4,2,50.0,0.0,0,0,0,72,85,0,0.0,0,12,,4
868715,Jorge Cuenca,jorge-cuenca,2819,Villarreal,6.62,33.1,5,0,0,0,0,0.19,0,182,37,219,83.11,122,62,24,2,0,0.0,2,4,1,0,0,2,40.0,1,0,1,2,20.0,6,60.0,8,40.0,379,0.0,0,0,0,0,0,0,0,0,0,1,0,0,0,14,41.18,18,0,0,0,44,1,22,10,271,0,8,0,0,0,0,0,0,0,,,,1,0,0,0,0,7,0,0,0,0,0,0,4,0.0,0,2,0,5,12,4,0,0,0,34,7,1,50.0,0.0,0,0,0,132,92,0,0.02,6,10,,5
1166952,Georgios Vagiannidis,georgios-vagiannidis,3248,Panathinaikos FC,6.62,33.1,5,0,0,0,0,0.81,0,198,25,223,88.79,75,125,64,5,7,70.0,5,2,1,0,0,2,18.18,0,0,0,16,51.61,4,44.44,20,50.0,350,0.0,0,0,0,0,0,0,0,0,0,0,0,0,0,0,0.0,1,0,0,4,51,1,5,2,313,5,5,0,0,3,0,0,0,0,,,,0,0,0,0,0,8,2,0,0,0,0,0,4,0.0,0,5,10,11,20,5,0,0,0,1,10,2,40.0,0.0,0,0,0,82,152,0,0.0,0,23,,5
27714,Nordin Amrabat,nordin-amrabat,3250,AEK Athens,6.62,39.7,6,0,3,0,1,1.11,1,89,35,124,71.77,43,56,34,10,8,66.67,6,0,3,0,0,10,41.67,7,1,1,19,33.33,2,40.0,21,33.87,464,0.0,0,0,0,1,0,0,0,0,4,3,0,0,0,9,56.25,0,0,0,11,91,3,19,7,245,5,16,0,0,7,7,5,0,0,,,,0,0,0,0,0,11,0,0,0,0,0,0,6,0.0,0,10,12,24,41,3,0,0,0,16,11,5,83.33,0.0,0,0,0,47,101,0,0.36,0,19,,6
189127,Mariusz Stępiński,mariusz-stepinski,3397,Aris Limassol,6.62,39.7,6,0,0,0,0,0.02,0,16,7,23,69.57,8,8,4,1,1,100.0,1,0,0,0,0,0,0.0,4,1,2,4,40.0,0,0.0,4,28.57,77,0.0,0,0,0,0,0,0,0,0,3,1,0,0,0,0,0.0,1,0,0,2,11,0,1,0,41,2,3,0,0,1,0,1,0,0,,,,0,0,0,0,0,1,0,0,0,0,0,0,0,0.0,0,1,1,1,10,4,0,0,0,2,1,1,100.0,0.0,0,0,0,9,15,0,0.46,0,2,,6
280729,Asger Sørensen,asger-srensen,2218,AC Sparta Praha,6.61,52.9,8,0,0,0,0,0.13,0,352,51,403,87.34,274,78,25,2,0,0.0,5,4,2,0,0,0,0.0,1,0,1,10,62.5,12,70.59,22,66.67,649,0.0,0,0,0,1,0,0,0,0,1,0,0,0,0,20,46.51,24,0,1,0,59,0,30,12,480,5,4,0,0,0,0,0,0,0,,,,1,0,0,0,0,8,4,0,0,0,0,0,8,0.0,0,2,2,1,11,5,0,0,0,43,12,1,20.0,0.0,0,0,0,298,106,0,0.07,5,41,,8
359236,Chris Bedia,chris-bedia,2448,Servette FC,6.6,39.6,6,2,0,2,0,0.13,2,45,12,57,78.95,18,27,21,5,2,18.18,2,0,2,0,0,0,0.0,9,2,6,5,18.52,8,53.33,13,30.95,400,22.22,1,1,0,0,0,0,2,0,6,3,0,1,1,3,100.0,0,0,0,6,41,2,0,0,109,1,8,0,0,0,1,1,0,0,,,,0,0,0,0,0,13,0,0,0,0,0,0,5,100.0,0,5,11,0,29,7,0,0,0,3,13,0,0.0,200.0,0,0,0,19,38,0,1.73,0,9,,6
190917,Mijat Gaćinović,mijat-gacinovic,3250,AEK Athens,6.6,26.4,4,1,0,1,0,0.32,1,46,13,59,77.97,19,28,22,4,2,18.18,2,0,2,0,1,1,20.0,12,4,5,8,36.36,0,0.0,8,33.33,286,8.33,0,0,0,0,0,0,1,0,10,2,0,1,0,2,100.0,1,0,0,2,38,2,3,3,119,4,3,0,0,1,0,3,0,0,,,,0,0,0,0,0,5,0,0,0,0,0,0,4,0.0,0,4,11,5,16,2,0,0,0,2,5,0,0.0,286.0,1,0,0,26,38,0,1.29,0,7,,4
982615,El Bilal Touré,el-bilal-toure,2686,Atalanta,6.6,26.4,4,1,0,1,0,0.12,1,9,5,14,64.29,1,8,7,0,2,40.0,0,0,0,0,0,0,0.0,2,1,0,2,22.22,4,57.14,6,37.5,40,50.0,0,0,0,0,0,0,1,0,2,0,0,0,1,0,0.0,0,0,0,1,15,1,0,0,30,0,2,0,0,1,2,1,0,0,,,,0,0,0,0,0,0,0,0,0,0,0,0,0,0.0,0,0,5,1,10,3,0,0,0,1,0,0,0.0,40.0,0,0,0,2,13,0,0.25,0,5,,4
1403204,Gael Lafont,gael-lafont,1641,Olympique de Marseille,6.6,6.6,1,0,0,0,0,0.0,0,2,1,3,66.67,2,0,0,0,0,0.0,0,0,0,0,0,0,0.0,0,0,0,0,0.0,0,0.0,0,0.0,10,0.0,0,0,0,0,0,0,0,0,0,0,0,0,0,0,0.0,0,0,0,0,2,0,0,0,5,0,0,0,0,0,0,0,0,0,,,,0,0,0,0,0,0,0,0,0,0,0,0,0,0.0,0,0,0,1,0,0,0,0,0,0,0,0,0.0,0.0,0,0,0,3,1,0,,0,1,,1
976410,Tiago Gouveia,tiago-gouveia,3006,Benfica,6.6,6.6,1,0,0,0,0,0.01,0,8,2,10,80.0,4,4,3,0,0,0.0,1,0,0,0,0,0,0.0,0,0,0,1,100.0,0,0.0,1,100.0,13,0.0,0,0,0,0,0,0,0,0,0,0,0,0,0,1,100.0,0,0,0,0,3,0,2,1,12,0,0,0,0,0,0,0,0,0,,,,0,0,0,0,0,0,0,0,0,0,0,0,0,0.0,0,0,0,1,0,0,0,0,0,1,0,1,100.0,0.0,0,0,0,5,6,0,,0,1,,2
1403362,Anan Khalaili,anan-khalaili,5197,Maccabi Haifa,6.6,39.6,6,0,0,1,0,0.26,0,50,15,65,76.92,23,28,18,3,7,58.33,5,6,1,0,0,1,12.5,8,2,4,14,35.9,4,50.0,18,38.3,361,0.0,0,0,0,1,0,0,0,0,5,3,0,0,0,1,33.33,10,0,0,7,49,3,4,2,159,2,5,0,0,8,2,2,0,0,,,,0,0,0,0,0,5,3,0,0,0,0,0,4,0.0,0,3,12,8,29,4,0,0,0,3,8,2,40.0,0.0,0,0,0,29,44,0,0.75,0,21,,6
1431770,Kevin Rodriguez,rodriguez-kevin,4860,Royale Union Saint-Gilloise,6.6,39.6,6,0,0,1,0,0.08,0,34,18,52,65.38,11,23,16,3,1,16.67,3,1,0,0,0,0,0.0,8,2,4,7,28.0,9,52.94,16,38.1,238,0.0,0,0,0,0,0,0,0,0,7,1,0,0,0,1,100.0,5,0,0,9,51,1,2,2,119,3,4,0,0,0,0,2,0,0,,,,0,0,0,0,0,3,0,0,0,0,0,0,2,0.0,0,3,6,2,26,8,0,0,0,1,3,1,33.33,0.0,0,0,0,15,39,0,0.69,0,9,,6
961936,Ali Youssef,ali-youssef,1760,BK Häcken,6.6,19.8,3,0,0,1,0,0.03,0,11,2,13,84.62,2,9,7,0,1,100.0,0,0,0,0,0,0,0.0,4,1,3,2,50.0,0,0.0,2,50.0,93,0.0,0,0,0,0,0,0,0,0,3,1,0,0,0,0,0.0,0,0,0,0,3,0,0,0,23,1,1,0,0,1,1,0,0,0,,,,0,0,0,0,0,2,0,0,0,0,0,0,1,0.0,0,0,1,0,2,0,0,0,0,0,2,0,0.0,0.0,0,0,0,2,11,0,0.52,0,0,,3
876385,Marko Rakonjac,marko-rakonjac,263360,FK TSC Bačka Topola,6.6,26.4,4,0,0,1,0,0.04,0,34,11,45,75.56,16,18,7,1,0,0.0,0,2,0,0,0,0,0.0,4,2,2,4,33.33,6,46.15,10,40.0,223,0.0,0,0,0,0,0,0,0,0,3,1,0,0,0,2,66.67,2,0,0,2,23,2,1,1,71,4,4,0,0,1,2,0,0,0,,,,0,0,0,0,0,6,1,0,0,0,0,0,2,0.0,0,1,1,1,15,7,0,0,0,3,7,0,0.0,0.0,0,0,0,16,30,0,0.49,0,6,,4
150998,Sardar Azmoun,sardar-azmoun,2702,AS Roma,6.6,19.8,3,0,0,1,0,0.01,0,17,12,29,58.62,11,6,1,1,0,0.0,3,3,0,0,0,0,0.0,4,2,2,5,38.46,0,0.0,5,27.78,174,0.0,0,0,1,0,0,0,0,0,2,2,0,0,0,0,0.0,0,0,0,3,21,1,1,1,56,2,3,0,0,2,2,0,0,0,,,,0,0,0,0,0,0,1,0,0,0,0,0,2,0.0,0,1,1,2,13,5,0,0,0,2,1,2,66.67,0.0,0,0,0,18,13,0,0.43,0,6,,4
930231,Christopher Wooh,christopher-wooh,1658,Stade Rennais,6.6,19.8,3,0,0,0,0,0.05,0,111,17,128,86.72,72,39,20,0,0,0.0,2,3,2,0,0,0,0.0,4,0,3,5,38.46,3,30.0,8,34.78,270,0.0,0,0,0,0,0,0,0,0,2,2,0,0,0,3,30.0,13,0,0,2,21,0,7,3,161,4,3,0,0,2,0,1,0,0,,,,1,0,0,0,0,4,0,0,0,0,0,0,3,0.0,0,0,1,0,15,7,0,0,0,10,4,2,100.0,0.0,0,0,0,76,52,0,0.29,0,6,,3
157188,Luvannor Henrique,luvannor-henrique,5173,Sheriff Tiraspol,6.6,33.0,5,0,0,0,0,0.06,0,69,18,87,79.31,40,29,12,0,5,71.43,2,1,0,0,0,0,0.0,4,0,3,9,47.37,6,35.29,15,41.67,239,0.0,0,0,0,0,0,0,0,0,3,1,0,0,0,2,40.0,2,0,0,1,34,2,4,2,135,2,3,0,0,4,1,1,0,0,,,,0,0,0,0,0,8,1,0,0,0,0,0,3,0.0,0,0,7,0,21,11,0,0,0,5,9,1,50.0,0.0,0,0,0,44,43,0,0.28,0,6,,5
40672,Francis Coquelin,francis-coquelin,2819,Villarreal,6.6,26.4,4,0,1,0,0,0.06,0,69,10,79,87.34,29,40,15,2,0,0.0,3,3,1,0,0,0,0.0,4,1,0,6,37.5,6,75.0,12,50.0,185,0.0,0,0,0,0,0,0,0,0,4,0,0,0,0,3,60.0,2,0,0,4,17,2,3,0,112,3,3,0,0,2,0,3,0,0,,,,0,0,0,0,0,4,1,0,0,0,0,0,2,0.0,0,2,2,1,12,2,0,0,0,5,5,2,66.67,0.0,0,0,0,33,47,0,0.24,0,6,,4
905041,Mahmoud Jaber,mahmoud-jaber,5197,Maccabi Haifa,6.6,39.6,6,0,1,0,0,0.44,0,107,16,123,86.99,68,39,17,4,3,27.27,21,3,1,0,0,0,0.0,1,1,0,29,50.0,2,28.57,31,47.69,389,0.0,0,0,0,0,0,0,0,0,1,0,0,0,0,4,40.0,8,1,0,5,37,1,7,3,201,5,8,0,0,8,0,0,0,0,,,,1,0,0,0,0,6,3,0,0,0,0,0,3,0.0,0,4,11,0,34,5,0,0,0,10,9,13,61.9,0.0,0,0,0,75,48,0,0.18,0,24,,6
954076,Fábio Silva,fabio-silva,2351,Rangers,6.6,13.2,2,0,0,0,0,0.13,0,42,15,57,73.68,11,33,16,1,4,33.33,5,1,0,0,0,2,66.67,1,1,0,11,37.93,6,75.0,17,45.95,179,0.0,0,0,0,0,0,0,0,0,1,0,0,0,0,1,25.0,1,0,0,5,40,2,3,1,107,2,3,0,0,2,0,0,0,0,,,,0,0,0,0,0,3,0,0,0,0,0,0,2,0.0,0,1,12,3,20,2,0,0,0,4,3,2,40.0,0.0,0,0,0,15,45,0,0.17,0,9,,2
1142323,Joshua Duffus,duffus-joshua,30,Brighton & Hove Albion,6.6,6.6,1,0,0,0,0,0.0,0,0,0,0,0.0,0,0,0,0,0,0.0,0,0,0,0,0,0,0.0,1,0,0,1,100.0,0,0.0,1,100.0,8,0.0,0,0,0,0,0,0,0,0,1,0,0,0,0,0,0.0,0,0,0,0,0,0,0,0,2,1,0,0,0,0,1,1,0,0,,,,0,0,0,0,0,0,0,0,0,0,0,0,0,0.0,0,0,0,0,0,0,0,0,0,0,0,0,0.0,0.0,0,0,0,0,0,0,0.1,0,1,,1
855656,Morgan Brown,morgan-brown,3397,Aris Limassol,6.6,33.0,5,0,0,0,0,0.08,0,61,13,74,82.43,32,29,12,0,0,0.0,5,1,2,0,0,0,0.0,1,0,1,6,50.0,1,50.0,7,50.0,115,0.0,0,0,0,0,0,0,0,0,1,0,0,0,0,3,37.5,2,0,0,0,16,1,6,2,90,1,3,0,0,3,0,0,0,0,,,,0,0,0,0,0,5,0,0,0,0,0,0,0,0.0,0,0,0,0,7,1,0,0,0,8,5,5,100.0,0.0,0,0,0,34,40,0,0.04,0,10,,6
1138428,James McConnell,mcconnell-james,44,Liverpool FC,6.6,13.2,2,0,0,0,0,0.01,0,41,4,45,91.11,17,24,5,0,0,0.0,2,1,0,0,0,0,0.0,1,0,1,2,33.33,0,0.0,2,33.33,61,0.0,0,0,0,0,0,0,0,0,0,1,0,0,0,0,0.0,0,0,0,0,8,1,1,0,55,0,2,0,0,2,0,0,0,0,,,,0,0,0,0,0,0,0,0,0,0,0,0,0,0.0,0,0,0,1,4,0,0,0,0,0,0,2,100.0,0.0,0,0,0,19,27,0,0.02,0,3,,3
352290,Cédric Itten,cedric-itten,2445,BSC Young Boys,6.6,13.2,2,0,0,0,0,0.02,0,15,9,24,62.5,9,6,2,0,2,100.0,2,0,0,0,0,0,0.0,1,1,0,4,33.33,4,50.0,8,40.0,122,0.0,0,0,0,0,0,0,0,0,1,0,0,0,0,0,0.0,1,0,0,5,20,0,2,0,46,0,3,0,0,0,2,0,0,0,,,,0,0,0,0,0,4,0,0,0,0,0,0,2,0.0,0,0,2,0,12,4,0,0,0,0,4,1,50.0,0.0,0,0,0,9,15,0,0.02,0,2,,2
106751,Paulo Oliveira,paulo-oliveira,2999,Sporting Braga,6.6,13.2,2,0,0,0,0,0.01,0,90,31,121,74.38,59,31,8,0,0,0.0,1,2,1,0,0,0,0.0,1,1,0,2,25.0,3,60.0,5,38.46,180,0.0,0,0,0,0,0,0,0,0,1,0,0,0,0,4,19.05,6,0,0,1,32,0,13,3,141,1,5,0,0,0,0,0,0,0,,,,0,0,0,0,0,4,0,0,0,0,0,0,2,0.0,0,0,0,0,8,2,0,0,0,21,4,1,100.0,0.0,0,0,0,71,50,0,0.02,0,11,,2
831038,Cristián Borja,cristian-borja,2999,Sporting Braga,6.6,13.2,2,0,0,0,0,0.15,0,55,16,71,77.46,37,23,10,2,1,100.0,4,0,0,0,0,5,62.5,1,0,1,7,63.64,3,100.0,10,71.43,158,0.0,0,0,0,0,0,0,0,0,0,1,0,0,0,3,50.0,4,0,0,1,33,0,5,4,125,2,1,0,0,2,0,0,0,0,,,,0,0,0,0,0,4,0,0,0,0,0,0,2,0.0,0,2,1,8,4,0,0,0,0,6,4,3,75.0,0.0,0,0,0,44,35,0,0.01,0,8,,2
1149146,Mika Godts,mika-godts,2953,AFC Ajax,6.6,6.6,1,0,0,0,0,0.11,0,10,2,12,83.33,1,9,5,0,0,0.0,1,0,0,0,0,0,0.0,0,0,0,1,50.0,0,0.0,1,50.0,30,0.0,0,0,0,0,0,0,0,0,0,0,0,0,0,0,0.0,0,0,0,1,3,0,0,0,15,0,0,0,0,0,0,0,0,0,,,,0,0,0,0,0,0,0,0,0,0,0,0,0,0.0,0,0,0,0,1,0,0,0,0,0,0,0,0.0,0.0,0,0,0,1,11,0,0.0,0,0,,1
1096447,Kaide Gordon,kaide-gordon,44,Liverpool FC,6.6,6.6,1,0,0,0,0,0.0,0,12,4,16,75.0,4,8,4,0,0,0.0,0,0,0,0,0,0,0.0,0,0,0,5,71.43,0,0.0,5,71.43,75,0.0,0,0,0,0,0,0,0,0,0,0,0,0,0,0,0.0,0,0,0,0,6,0,0,0,24,5,1,0,0,0,0,0,0,0,,,,0,0,0,0,0,2,0,0,0,0,0,0,1,0.0,0,0,1,0,2,0,0,0,0,2,2,0,0.0,0.0,0,0,0,7,9,0,0.0,0,3,,1
1126692,Antoni Milambo,antoni-milambo,2959,Feyenoord,6.6,6.6,1,0,0,0,0,0.01,0,4,1,5,80.0,0,4,2,0,0,0.0,0,0,0,0,0,0,0.0,0,0,0,1,100.0,0,0.0,1,100.0,11,0.0,0,0,0,0,0,0,0,0,0,0,0,0,0,0,0.0,0,0,0,0,1,0,1,1,6,1,0,0,0,0,0,0,0,0,,,,0,0,0,0,0,0,0,0,0,0,0,0,0,0.0,0,0,0,0,0,0,0,0,0,0,0,0,0.0,0.0,0,0,0,0,5,0,0.0,0,1,,1
1134528,Mateusz Musiałowski,mateusz-musialowski,44,Liverpool FC,6.6,6.6,1,0,0,0,0,0.01,0,12,2,14,85.71,5,7,1,1,0,0.0,0,0,0,0,0,0,0.0,0,0,0,1,33.33,0,0.0,1,33.33,17,0.0,0,0,0,0,0,0,0,0,0,0,0,0,0,1,100.0,0,0,0,0,4,1,0,0,19,1,0,0,0,1,0,0,0,0,,,,0,0,0,0,0,0,0,0,0,0,0,0,0,0.0,0,1,1,1,2,0,0,0,0,1,0,0,0.0,0.0,0,0,0,5,10,0,0.0,0,3,,1
928104,Nadir Zortea,zortea-nadir,2686,Atalanta,6.6,6.6,1,0,0,0,0,0.01,0,28,10,38,73.68,17,11,9,0,2,40.0,1,1,0,0,0,0,0.0,0,0,0,5,50.0,1,100.0,6,54.55,90,0.0,0,0,0,0,0,0,0,0,0,0,0,0,0,2,50.0,2,0,0,0,23,2,4,1,69,2,3,0,0,0,0,0,0,0,,,,1,0,0,0,0,0,0,0,0,0,0,0,1,0.0,0,0,5,5,5,0,0,0,0,4,0,0,0.0,0.0,0,0,0,23,20,0,0.0,0,5,,1
1403127,François Régis Mughe,francois-regis-mughe,1641,Olympique de Marseille,6.6,6.6,1,0,0,0,0,0.01,0,3,1,4,75.0,0,3,3,0,0,0.0,0,0,0,0,0,0,0.0,0,0,0,1,25.0,1,100.0,2,40.0,11,0.0,0,0,0,0,0,0,0,0,0,0,0,0,0,1,100.0,0,0,0,1,3,0,0,0,8,1,1,0,0,1,0,0,0,0,,,,0,0,0,0,0,0,0,0,0,0,0,0,0,0.0,0,0,0,0,3,0,0,0,0,1,0,0,0.0,0.0,0,0,0,0,4,0,0.0,0,0,,1
1084880,Serdar Saatçı,serdar-saatci,2999,Sporting Braga,6.6,6.6,1,0,0,0,0,0.01,0,16,0,16,100.0,7,9,2,1,1,100.0,0,0,0,0,0,0,0.0,0,0,0,1,100.0,0,0.0,1,100.0,30,0.0,0,0,0,0,0,0,0,0,0,0,0,0,0,1,100.0,0,0,0,0,2,0,0,0,22,0,0,0,0,0,0,0,0,0,,,,0,0,0,0,0,2,0,0,0,0,0,0,0,0.0,0,1,1,2,0,0,0,0,0,1,2,0,0.0,0.0,0,0,0,7,11,0,0.0,0,2,,1
994106,Gerasimos Mitoglou,gerasimos-mitoglou,3250,AEK Athens,6.6,6.6,1,0,0,0,0,0.0,0,14,6,20,70.0,13,1,0,0,0,0.0,2,1,1,0,0,0,0.0,0,0,0,2,40.0,0,0.0,2,40.0,90,0.0,0,0,0,0,0,0,0,0,0,0,0,0,0,3,50.0,4,0,0,0,7,0,2,1,35,0,2,0,0,1,0,0,0,0,,,,0,0,0,0,0,2,0,0,0,0,0,0,1,0.0,0,0,0,0,3,0,0,0,0,6,2,2,100.0,0.0,0,0,0,16,4,0,0.0,0,2,,1
904859,Dmytro Kryskiv,dmytro-kryskiv,3313,Shakhtar Donetsk,6.6,6.6,1,0,0,0,0,0.0,0,0,2,2,0.0,0,0,0,0,0,0.0,0,0,0,0,0,0,0.0,0,0,0,0,0.0,2,66.67,2,66.67,13,0.0,0,0,0,0,0,0,0,0,0,0,0,0,0,0,0.0,0,0,0,0,2,0,0,0,2,0,0,0,0,0,0,0,0,0,,,,0,0,0,0,0,0,0,0,0,0,0,0,0,0.0,0,0,0,0,1,1,0,0,0,0,0,0,0.0,0.0,0,0,0,1,1,0,0.0,0,0,,1
337301,Zoran Arsenić,zoran-arsenic,35268,Raków Częstochowa,6.6,6.6,1,0,0,0,0,0.0,0,4,1,5,80.0,4,0,0,0,0,0.0,0,0,0,0,0,0,0.0,0,0,0,1,100.0,0,0.0,1,100.0,14,0.0,0,0,0,0,0,0,0,0,0,0,0,0,0,1,100.0,1,0,0,0,1,0,1,0,7,1,0,0,0,0,0,0,0,0,,,,0,0,0,0,0,0,0,0,0,0,0,0,1,0.0,0,0,0,0,0,0,0,0,0,1,0,0,0.0,0.0,0,0,0,5,0,0,0.0,0,1,,1
355288,Husein Balić,husein-balic,2058,LASK,6.6,6.6,1,0,0,0,0,0.0,0,0,0,0,0.0,0,0,0,0,0,0.0,0,1,0,0,0,0,0.0,0,0,0,1,50.0,0,0.0,1,33.33,11,0.0,0,0,0,0,0,0,0,0,0,0,0,0,0,0,0.0,0,0,0,0,0,0,0,0,2,1,1,0,0,0,0,0,0,0,,,,0,0,0,0,0,0,0,0,0,0,0,0,0,0.0,0,0,0,0,2,1,0,0,0,0,0,0,0.0,0.0,0,0,0,0,0,0,0.0,0,0,,1
825950,Alexandar Borković,alexandar-borkovic,2051,SK Sturm Graz,6.6,6.6,1,0,0,0,0,0.0,0,30,4,34,88.24,27,3,1,0,0,0.0,1,0,0,0,0,0,0.0,0,0,0,1,33.33,1,50.0,2,40.0,72,0.0,0,0,0,0,0,0,0,0,0,0,0,0,0,0,0.0,1,0,0,0,4,0,2,2,37,0,0,0,0,2,0,0,0,0,,,,0,0,0,0,0,0,0,0,0,0,0,0,1,0.0,0,0,0,0,3,1,0,0,0,3,0,1,100.0,0.0,0,0,0,28,6,0,0.0,1,3,,1
1105000,Quique Fernández,enrique-fernandez-lopez,2816,Real Betis,6.6,6.6,1,0,0,0,0,0.0,0,6,0,6,100.0,5,1,1,0,1,100.0,0,1,0,0,0,0,0.0,0,0,0,1,100.0,0,0.0,1,100.0,14,0.0,0,0,0,0,0,0,0,0,0,0,0,0,0,0,0.0,0,0,0,0,0,0,0,0,8,0,0,0,0,0,0,0,0,0,,,,0,0,0,0,0,1,0,0,0,0,0,0,0,0.0,0,0,1,0,0,0,0,0,0,0,1,0,0.0,0.0,0,0,0,5,1,0,0.0,0,0,,1
1194333,Abdukodir Khusanov,abdukodir-khusanov,1648,RC Lens,6.6,6.6,1,0,0,0,0,0.05,0,64,11,75,85.33,46,18,3,1,0,0.0,2,3,0,0,0,0,0.0,0,0,0,2,100.0,4,40.0,6,50.0,121,0.0,0,0,0,0,0,0,0,0,0,0,0,0,0,3,30.0,6,0,1,0,13,0,5,3,94,0,0,0,0,0,0,0,0,0,,,,0,0,0,0,0,3,0,0,0,0,0,0,1,0.0,0,1,0,0,6,6,0,0,0,10,3,1,50.0,0.0,0,0,0,53,22,0,0.0,3,3,,2
966575,Rodrigo Zalazar,rodrigo-zalazar,2999,Sporting Braga,6.6,13.2,2,0,0,0,0,0.11,0,50,14,64,78.13,24,28,12,2,3,37.5,4,1,0,0,0,2,20.0,0,0,0,8,47.06,1,50.0,9,47.37,122,0.0,0,0,0,0,0,0,0,0,0,0,0,0,0,4,40.0,0,0,0,0,28,2,4,1,89,1,1,0,0,3,0,0,0,0,,,,0,0,0,0,0,3,0,0,0,0,0,0,2,0.0,0,2,8,10,10,1,0,0,0,10,3,2,50.0,0.0,0,0,0,29,45,0,0.0,0,12,,2
138152,Kaan Ayhan,kaan-ayhan,3061,Galatasaray,6.6,13.2,2,0,0,0,0,0.04,0,52,8,60,86.67,32,20,9,1,2,100.0,4,3,0,1,1,0,0.0,0,0,0,7,70.0,1,100.0,8,72.73,125,0.0,0,0,0,0,0,0,0,0,0,0,0,0,0,4,50.0,1,0,0,0,14,0,6,6,93,1,2,0,0,1,1,0,0,0,,,,0,0,0,0,0,1,1,0,0,0,0,0,2,0.0,0,1,2,2,3,0,0,0,0,8,2,2,50.0,0.0,0,0,0,34,28,0,0.0,0,8,,2
993455,Salis Abdul Samed,salis-abdul-samed,1648,RC Lens,6.6,13.2,2,0,0,0,0,0.03,0,50,5,55,90.91,20,30,15,0,1,100.0,4,3,0,0,0,0,0.0,0,0,0,5,50.0,0,0.0,5,45.45,130,0.0,0,0,0,0,0,0,0,0,0,0,0,0,0,0,0.0,2,0,0,2,9,1,0,0,71,0,3,0,0,0,0,0,0,0,,,,0,0,0,0,0,3,0,0,0,0,0,0,1,0.0,0,0,1,1,6,1,0,0,0,3,3,1,25.0,0.0,0,0,0,22,34,0,0.0,0,4,,2
603946,Matheus,matheus,2999,Sporting Braga,6.6,13.2,2,0,0,0,0,0.0,0,51,4,55,92.73,47,4,2,0,0,0.0,1,0,0,0,0,0,0.0,0,0,0,2,50.0,0,0.0,2,50.0,210,0.0,0,0,0,0,0,0,0,0,0,0,0,0,0,7,63.64,2,0,0,0,4,0,7,5,74,1,0,0,0,2,0,0,0,5,,,,0,1,0,3,2,6,0,0,2,2,0,0,2,0.0,0,0,0,0,2,0,0,0,0,11,6,0,0.0,0.0,0,0,2,48,7,0,0.0,7,18,,2
1002902,Ebrima Darboe,ebrima-darboe,2058,LASK,6.6,13.2,2,0,0,0,0,0.01,0,21,4,25,84.0,14,7,4,0,0,0.0,3,0,1,0,0,0,0.0,0,0,0,5,62.5,2,66.67,7,63.64,31,0.0,0,0,0,0,0,0,0,0,0,0,0,0,0,1,100.0,1,0,0,0,4,1,1,1,37,3,2,0,0,1,0,0,0,0,,,,0,0,0,0,0,1,0,0,0,0,0,0,0,0.0,0,0,0,0,4,1,0,0,0,1,1,0,0.0,0.0,0,0,0,16,9,0,0.0,0,4,,2
924969,Eric Boakye,eric-boakye,3397,Aris Limassol,6.6,19.8,3,0,0,0,0,0.01,0,56,24,80,70.0,36,20,1,1,2,66.67,6,8,1,0,0,0,0.0,0,0,0,10,66.67,0,0.0,10,50.0,196,0.0,0,0,0,0,0,0,0,0,0,0,0,0,0,3,21.43,3,0,0,0,30,0,6,1,125,2,2,0,0,2,0,0,0,0,,,,0,0,0,0,0,4,0,0,0,0,0,0,3,0.0,0,1,3,1,10,5,0,0,0,14,4,5,83.33,0.0,0,0,0,47,34,0,0.0,2,25,,3
913647,Francisco Ortega,francisco-ortega,3245,Olympiacos FC,6.6,33.0,5,0,0,0,0,0.32,0,181,24,205,88.29,75,110,38,4,3,75.0,8,7,0,0,0,4,33.33,0,0,0,19,70.37,2,40.0,21,65.63,438,0.0,0,0,0,0,0,0,0,0,0,0,0,0,0,7,53.85,6,1,0,2,52,1,10,5,307,8,2,0,0,3,0,0,0,0,,,,0,0,0,0,0,10,1,0,0,0,0,0,5,0.0,0,4,4,12,11,3,0,0,0,13,11,6,75.0,0.0,0,0,0,83,134,0,0.0,0,25,,5
1199043,Carlos Baleba,carlos-baleba,30,Brighton & Hove Albion,6.6,33.0,5,0,0,0,0,0.01,0,55,6,61,90.16,34,21,1,0,2,66.67,2,1,0,0,0,0,0.0,0,0,0,4,36.36,1,100.0,5,41.67,68,0.0,0,0,0,0,0,0,0,0,0,0,0,0,0,0,0.0,4,0,0,3,11,0,0,0,82,0,3,0,0,0,0,0,0,0,,,,0,0,0,0,0,0,0,0,0,0,0,0,0,0.0,0,0,3,0,7,0,0,0,0,0,0,2,100.0,0.0,0,0,0,35,26,0,0.0,0,4,,6
1048366,Waren Kamanzi,waren-kamanzi,1681,Toulouse,6.6,26.4,4,0,0,0,0,0.19,0,49,10,59,83.05,16,34,24,3,1,50.0,5,1,2,0,0,1,16.67,0,0,0,6,50.0,2,50.0,8,50.0,119,0.0,0,0,0,0,0,0,0,0,0,0,0,0,0,0,0.0,3,0,0,1,22,0,0,0,98,0,4,0,0,0,0,0,0,0,,,,0,0,0,0,0,3,0,0,0,0,0,0,0,0.0,0,3,2,6,8,2,0,0,0,1,3,4,80.0,0.0,0,0,0,19,46,0,0.0,0,7,,6
149045,Bədavi Hüseynov,bdavi-huseynov,5962,Qarabağ FK,6.59,59.3,9,0,1,0,1,0.02,1,229,40,269,85.13,181,48,10,2,0,0.0,5,1,0,0,0,0,0.0,1,0,1,6,66.67,10,40.0,16,47.06,577,0.0,0,0,0,0,0,0,0,0,1,0,0,0,0,21,50.0,33,0,0,0,42,0,30,16,330,1,3,0,1,2,0,0,0,0,,,,0,0,0,0,0,14,0,0,0,0,0,0,6,0.0,0,2,0,0,18,15,0,0,0,42,14,5,100.0,0.0,0,0,0,195,74,0,0.02,8,18,,9
1156696,Nariman Akhundzade,nariman-akhundzade,5962,Qarabağ FK,6.59,46.1,7,1,0,0,0,0.01,1,14,0,14,100.0,7,7,4,2,3,60.0,1,0,0,0,0,0,0.0,1,1,0,4,30.77,0,0.0,4,26.67,85,100.0,0,0,0,0,0,0,1,0,1,0,0,1,0,0,0.0,0,0,0,2,6,1,0,0,28,0,4,0,0,1,1,0,0,0,,,,0,0,0,0,0,6,0,0,0,0,0,0,0,0.0,0,2,5,1,11,2,0,0,0,0,6,0,0.0,85.0,0,0,0,7,8,0,0.06,0,4,,7
1090027,Ante Crnac,ante-crnac,35268,Raków Częstochowa,6.58,39.5,6,0,1,2,0,0.18,0,52,18,70,74.29,22,30,18,4,3,42.86,3,0,1,0,0,0,0.0,7,1,5,8,27.59,7,38.89,15,31.91,288,0.0,0,0,0,0,0,0,0,0,7,0,0,0,0,4,66.67,4,0,0,7,34,2,3,3,118,2,6,0,0,4,0,1,0,0,,,,0,0,0,0,0,4,0,0,0,0,0,0,3,0.0,0,4,7,0,32,11,0,0,0,6,4,3,100.0,0.0,0,0,0,23,47,0,1.62,0,7,,6
839898,Alessio Castro-Montes,alessio-castro-montes,4860,Royale Union Saint-Gilloise,6.58,39.5,6,0,0,0,0,0.67,0,96,54,150,64.0,45,57,31,7,4,33.33,15,8,0,0,0,6,20.0,3,0,1,22,43.14,2,50.0,24,43.64,468,0.0,0,0,0,0,1,0,0,0,1,2,0,0,0,3,17.65,6,0,0,9,109,1,10,4,278,3,6,0,0,6,0,2,0,0,,,,0,0,0,0,0,7,0,0,0,0,0,0,6,0.0,0,7,12,30,31,2,0,0,0,17,7,8,53.33,0.0,0,0,0,68,112,0,0.2,0,30,,6
31867,Jason Steele,jason-steele,30,Brighton & Hove Albion,6.58,32.9,5,0,0,0,0,0.0,0,136,17,153,88.89,132,4,3,0,0,0.0,0,0,1,0,0,0,0.0,0,0,0,0,0.0,0,0.0,0,0.0,450,0.0,0,0,0,0,0,0,0,0,0,0,0,0,0,21,60.0,3,0,1,0,17,0,17,9,181,0,0,0,0,1,0,0,0,9,,,,2,0,0,5,4,9,0,1,3,3,0,0,5,0.0,0,0,0,0,1,0,0,0,0,35,9,0,0.0,0.0,0,0,0,137,16,0,0.0,12,31,,5
1047227,Marcos Leonardo,marcos-leonardo,3006,Benfica,6.58,26.3,4,0,0,1,0,0.02,0,15,1,16,93.75,5,10,7,1,0,0.0,0,0,0,0,0,0,0.0,2,0,1,1,33.33,1,33.33,2,33.33,102,0.0,0,0,1,0,0,0,0,0,1,1,0,0,0,0,0.0,0,0,0,1,9,0,0,0,28,1,1,0,0,0,0,1,0,0,,,,0,0,0,0,0,0,0,0,0,0,0,0,1,0.0,0,1,0,0,4,2,0,0,0,0,0,0,0.0,0.0,0,0,0,5,11,0,0.28,0,3,,4
857458,Dimitri Lavalėe,dimitri-lavalee,2051,SK Sturm Graz,6.58,26.3,4,0,0,1,0,0.01,0,59,31,90,65.56,35,24,9,0,0,0.0,7,3,0,0,0,0,0.0,4,1,2,7,43.75,1,20.0,8,38.1,298,0.0,0,0,0,0,0,0,0,0,1,3,0,0,0,4,16.67,9,0,0,0,34,1,6,2,132,0,4,0,0,5,0,1,0,0,,,,0,0,0,0,0,5,0,0,0,0,0,0,3,0.0,0,0,0,1,13,4,0,0,0,24,5,6,85.71,0.0,0,0,0,45,46,0,0.25,1,16,,4
1167818,Iván Fresneda,ivan-fresneda,3001,Sporting CP,6.58,26.3,4,0,0,0,0,0.17,0,59,7,66,89.39,30,29,14,2,2,40.0,1,0,0,0,0,0,0.0,0,0,0,4,30.77,1,100.0,5,35.71,126,0.0,0,0,0,0,0,0,0,0,0,0,0,0,0,7,77.78,1,0,0,0,17,1,6,5,98,1,2,0,0,4,0,0,0,0,,,,0,0,0,0,0,3,0,0,0,0,0,0,1,0.0,0,2,5,2,9,0,0,0,0,9,3,1,100.0,0.0,0,0,0,33,35,0,0.0,0,11,,4
796085,Moussa Koné,moussa-kone,2058,LASK,6.58,26.3,4,0,0,0,0,0.01,0,10,4,14,71.43,3,7,3,0,1,100.0,1,0,0,0,0,0,0.0,0,0,0,3,42.86,2,50.0,5,45.45,69,0.0,0,0,0,0,0,0,0,0,0,0,0,0,0,1,100.0,0,0,0,1,9,0,1,1,23,1,2,0,0,1,2,0,0,0,,,,0,0,0,0,0,2,0,0,0,0,0,0,0,0.0,0,0,1,1,6,2,0,0,0,1,2,1,100.0,0.0,0,0,0,4,11,0,0.0,0,1,,4
37126,Stevan Jovetić,stevan-jovetic,3245,Olympiacos FC,6.57,19.7,3,0,0,0,0,0.02,0,28,11,39,71.79,12,16,9,0,0,0.0,0,0,0,0,0,0,0.0,5,0,2,3,30.0,7,38.89,10,35.71,114,0.0,0,0,0,0,0,0,0,0,2,3,0,0,0,2,66.67,2,0,0,3,18,2,6,2,58,3,1,0,0,2,0,3,0,0,,,,0,0,0,0,0,3,0,0,0,0,0,0,1,0.0,0,0,1,0,18,11,0,0,0,3,3,0,0.0,0.0,0,0,0,13,26,0,0.31,0,6,,4
920744,Ola Solbakken,ola-solbakken,3245,Olympiacos FC,6.57,19.7,3,0,0,0,0,0.0,0,3,2,5,60.0,0,3,2,0,3,75.0,0,0,0,0,0,0,0.0,1,0,1,3,60.0,0,0.0,3,50.0,54,0.0,0,0,0,0,0,0,0,0,0,1,0,0,0,0,0.0,0,0,0,0,9,0,1,0,20,0,1,0,0,0,0,0,0,0,,,,0,0,0,0,0,3,1,0,0,0,0,0,0,0.0,0,0,4,0,3,1,0,0,0,1,4,0,0.0,0.0,0,0,0,0,5,0,0.01,0,3,,3
94056,Jeremy Frick,jeremy-frick,2448,Servette FC,6.57,39.4,6,0,0,0,0,0.02,0,123,78,201,61.19,88,35,15,0,0,0.0,0,0,0,0,0,0,0.0,0,0,0,2,66.67,1,100.0,3,75.0,540,0.0,0,0,0,0,0,0,0,0,0,0,0,0,0,51,40.48,2,0,0,0,79,0,71,31,245,2,0,0,0,1,0,0,0,12,,,,0,0,0,9,3,13,0,0,2,2,5,0,6,0.0,0,0,0,0,1,0,0,0,0,126,13,0,0.0,0.0,0,0,3,102,99,0,0.0,44,42,,6
1050672,Casper Terho,casper-terho,4860,Royale Union Saint-Gilloise,6.56,32.8,5,0,0,0,0,0.02,0,22,14,36,61.11,9,13,10,0,2,50.0,4,0,0,0,0,0,0.0,1,0,0,10,55.56,1,50.0,11,55.0,147,0.0,0,0,0,0,0,0,0,0,0,1,0,0,0,1,16.67,0,0,0,3,26,2,4,0,70,5,2,0,0,1,0,1,0,0,,,,0,0,0,0,0,2,0,0,0,0,0,0,1,0.0,0,0,4,4,9,1,0,0,0,6,2,2,50.0,0.0,0,0,0,12,28,0,0.03,0,10,,5
380974,Enzo Crivelli,enzo-crivelli,2448,Servette FC,6.55,26.2,4,1,0,1,0,0.04,1,23,17,40,57.5,13,10,7,1,0,0.0,0,0,0,0,0,0,0.0,5,1,3,1,7.69,11,52.38,12,35.29,186,20.0,0,0,0,0,0,0,1,0,5,0,0,0,1,2,100.0,3,0,0,3,29,0,1,1,70,1,4,0,0,1,0,1,0,0,,,,0,0,0,0,0,4,0,0,0,0,0,0,2,0.0,0,1,4,1,22,10,0,0,0,2,4,0,0.0,186.0,0,0,0,15,26,0,1.26,0,2,,4
797325,Wladyslaw Kocherhin,wladyslaw-kocherhin,35268,Raków Częstochowa,6.55,39.3,6,0,1,1,1,0.16,1,146,45,191,76.44,79,68,39,2,5,55.56,2,4,1,0,0,1,25.0,8,1,6,9,32.14,2,50.0,11,34.38,436,0.0,0,0,0,0,0,0,0,0,3,5,0,0,0,15,55.56,4,1,0,4,67,1,29,14,253,2,4,0,0,7,0,1,0,0,,,,1,0,0,0,0,7,0,0,0,0,0,0,6,0.0,0,2,9,4,21,2,0,0,0,27,7,0,0.0,0.0,0,0,0,89,106,0,0.82,0,31,,6
881135,Edward Chilufya,edward-chilufya,1760,BK Häcken,6.55,39.3,6,0,1,3,0,0.08,0,71,9,80,88.75,30,42,23,2,4,50.0,9,1,0,0,0,1,50.0,8,3,4,15,37.5,4,57.14,19,40.43,464,0.0,0,0,0,0,0,0,0,0,6,2,0,0,0,1,50.0,0,0,0,7,36,4,2,2,144,2,8,0,0,6,2,1,0,0,,,,0,0,0,0,0,13,2,0,0,0,0,0,6,0.0,0,2,8,2,28,3,0,0,0,2,15,6,66.67,0.0,0,0,0,30,52,0,1.36,0,13,,6
363792,Rick Karsdorp,rick-karsdorp,2702,AS Roma,6.55,52.4,8,0,0,1,0,0.42,0,213,27,240,88.75,100,113,50,2,0,0.0,4,7,0,0,0,0,0.0,2,0,2,6,35.29,1,33.33,7,35.0,481,0.0,0,0,0,0,0,0,0,0,2,0,0,0,0,12,66.67,9,1,0,5,46,1,12,7,331,2,1,0,0,2,0,0,0,0,,,,1,0,0,0,0,5,1,0,0,0,0,0,5,0.0,0,2,3,5,13,2,0,0,0,18,6,3,75.0,0.0,0,0,0,109,136,0,0.12,0,24,,8
1027091,Joel Mugisha Mvuka,joel-mugisha-mvuka,2445,BSC Young Boys,6.55,13.1,2,0,0,0,0,0.03,0,10,3,13,76.92,3,7,4,0,2,66.67,1,0,0,0,0,0,0.0,3,1,0,3,33.33,0,0.0,3,30.0,84,0.0,0,0,0,0,0,0,0,0,0,3,0,0,0,0,0.0,0,0,0,0,10,2,0,0,27,0,1,0,0,4,0,2,0,0,,,,0,0,0,0,0,3,0,0,0,0,0,0,1,0.0,0,0,3,3,7,1,0,0,0,0,3,0,0.0,0.0,0,0,0,3,13,0,0.07,0,4,,2
255241,Quini,quini,3245,Olympiacos FC,6.55,26.2,4,0,0,0,0,0.04,0,44,12,56,78.57,24,20,10,0,4,100.0,0,4,0,0,0,0,0.0,1,0,1,4,57.14,0,0.0,4,50.0,127,0.0,0,0,0,0,0,0,0,0,0,1,0,0,0,4,66.67,2,0,0,0,19,0,5,3,93,0,1,0,0,2,0,0,0,0,,,,0,0,0,0,0,3,1,0,0,0,0,0,1,0.0,0,0,4,3,4,1,0,0,0,6,4,0,0.0,0.0,0,0,0,32,27,0,0.03,0,6,,4
267591,Milan Radin,milan-radin,263360,FK TSC Bačka Topola,6.55,39.3,6,0,0,0,0,0.08,0,131,29,160,81.88,77,54,22,2,2,66.67,9,3,1,0,0,0,0.0,1,0,1,19,50.0,1,14.29,20,44.44,423,0.0,0,0,0,0,0,0,0,0,0,1,0,0,0,13,86.67,3,0,0,6,43,0,10,8,220,8,9,0,0,3,0,0,0,0,,,,0,0,0,0,0,14,1,0,0,0,0,0,5,0.0,0,2,3,0,25,6,0,0,0,15,15,9,100.0,0.0,0,0,0,89,71,0,0.02,0,18,,6
973556,Julio Enciso,julio-enciso,30,Brighton & Hove Albion,6.55,13.1,2,0,0,0,0,0.04,0,19,8,27,70.37,2,17,12,0,2,50.0,1,0,0,0,0,0,0.0,1,0,1,5,50.0,0,0.0,5,50.0,98,0.0,0,0,0,0,0,0,0,0,0,1,0,0,0,1,33.33,1,0,0,2,20,1,3,0,52,2,1,0,0,0,0,0,0,0,,,,0,0,0,0,0,2,0,0,0,0,0,0,2,0.0,0,0,4,3,5,0,0,0,0,3,2,1,100.0,0.0,0,0,0,3,27,0,0.01,0,5,,2
1002458,Jhoanner Chávez,jhoanner-chavez,1648,RC Lens,6.55,13.1,2,0,0,0,0,0.0,0,20,8,28,71.43,15,5,2,0,0,0.0,0,2,0,0,0,0,0.0,1,0,0,1,50.0,0,0.0,1,25.0,107,0.0,0,0,0,0,0,0,0,0,0,1,0,0,0,1,100.0,1,0,0,0,14,0,2,0,50,1,0,0,0,1,0,1,0,0,,,,0,0,0,0,0,1,0,0,0,0,0,0,1,0.0,0,0,0,2,3,2,0,0,0,1,1,0,0.0,0.0,0,0,0,20,10,0,0.01,0,7,,2
1188167,Calum Scanlon,scanlon-calum,44,Liverpool FC,6.55,13.1,2,0,0,0,0,0.0,0,25,3,28,89.29,13,12,1,0,1,100.0,1,1,1,0,0,0,0.0,0,0,0,2,50.0,0,0.0,2,50.0,51,0.0,0,0,0,0,0,0,0,0,0,0,0,0,0,0,0.0,1,0,1,1,8,0,0,0,44,0,1,0,0,0,0,0,0,0,,,,0,0,0,0,0,0,0,0,0,0,0,0,0,0.0,0,0,1,0,2,0,0,0,0,0,0,1,100.0,0.0,0,0,0,14,14,0,0.0,0,5,,2
380802,Rodolfo Pizarro,rodolfo-pizarro,3250,AEK Athens,6.55,13.1,2,0,0,0,0,0.14,0,12,4,16,75.0,3,9,7,0,0,0.0,2,0,0,0,0,0,0.0,0,0,0,3,50.0,0,0.0,3,50.0,37,0.0,0,0,0,0,0,0,0,0,0,0,0,0,0,0,0.0,0,0,0,1,11,0,2,1,30,1,0,0,0,0,0,0,0,0,,,,0,0,0,0,0,0,0,0,0,0,0,0,0,0.0,0,0,2,3,3,0,0,0,0,1,0,1,50.0,0.0,0,0,0,3,16,0,0.0,0,0,,2
1546895,Peter Ademo,peter-ademo,5173,Sheriff Tiraspol,6.55,13.1,2,0,0,0,0,0.01,0,39,5,44,88.64,25,14,6,0,1,33.33,4,0,0,0,0,0,0.0,0,0,0,7,58.33,1,50.0,8,57.14,135,0.0,0,0,0,0,0,0,0,0,0,0,0,0,0,4,66.67,0,0,0,0,8,1,2,1,59,2,3,0,0,0,0,0,0,0,,,,0,0,0,0,0,5,0,0,0,0,0,0,2,0.0,0,0,3,0,6,1,0,0,0,6,5,3,75.0,0.0,0,0,0,28,16,0,0.0,0,14,,2
1403356,Hamza Shibli,hamza-shibli,5197,Maccabi Haifa,6.55,13.1,2,0,0,0,0,0.01,0,2,1,3,66.67,0,2,1,0,0,0.0,0,1,0,0,0,0,0.0,0,0,0,1,33.33,0,0.0,1,33.33,18,0.0,0,0,0,0,0,0,0,0,0,0,0,0,0,0,0.0,0,0,0,1,2,1,0,0,6,1,0,0,0,1,1,0,0,0,,,,0,0,0,0,0,0,0,0,0,0,0,0,0,0.0,0,0,0,0,2,0,0,0,0,0,0,0,0.0,0.0,0,0,0,0,3,0,0.0,0,1,,2
973437,Odilon Kossounou,odilon-kossounou,2681,Bayer 04 Leverkusen,6.55,39.3,6,0,0,0,0,0.16,0,178,25,203,87.68,99,79,34,0,0,0.0,5,2,1,0,0,0,0.0,0,0,0,7,38.89,6,66.67,13,48.15,300,0.0,0,0,0,0,0,0,0,0,0,0,0,0,0,8,53.33,7,0,0,3,35,0,9,4,252,2,3,0,0,4,0,0,0,0,,,,0,0,0,0,0,6,0,0,0,0,0,0,4,0.0,0,0,1,0,14,3,0,0,0,15,6,3,60.0,0.0,0,0,0,111,92,0,0.0,0,12,,8
118204,Jaroslav Zelený,jaroslav-zeleny,2218,AC Sparta Praha,6.54,45.8,7,0,2,0,1,0.5,1,156,48,204,76.47,106,53,22,5,6,50.0,9,3,1,0,0,3,37.5,2,1,1,18,51.43,15,55.56,33,53.23,558,0.0,0,0,0,0,0,0,0,0,2,0,0,0,0,6,31.58,18,1,0,1,74,1,10,4,298,3,9,0,0,2,0,0,0,0,,,,1,0,0,0,0,13,3,0,0,0,0,0,6,0.0,0,5,12,8,29,12,0,0,0,19,16,3,33.33,0.0,0,0,0,128,84,0,0.23,0,25,,7
840392,Bradley Mazikou,bradley-mazikou,2448,Servette FC,6.54,32.7,5,0,0,0,0,0.16,0,172,40,212,81.13,83,90,40,1,2,33.33,9,4,0,0,0,1,12.5,3,0,1,17,56.67,6,42.86,23,52.27,435,0.0,0,0,0,0,0,0,0,0,1,2,0,0,0,4,30.77,8,0,0,4,67,0,9,2,325,6,2,0,0,3,0,2,0,0,,,,0,0,0,0,0,12,0,0,0,0,0,0,5,0.0,0,1,6,8,21,8,0,0,0,13,12,7,77.78,0.0,0,0,0,95,125,0,0.1,0,30,,5
1090010,Marin Ljubičić,marin-ljubicic,2058,LASK,6.53,39.2,6,1,0,4,0,0.21,1,46,30,76,60.53,11,35,24,4,2,40.0,2,1,1,0,0,0,0.0,10,4,3,6,27.27,3,33.33,9,29.03,368,10.0,0,0,0,0,0,0,1,0,10,0,1,0,0,0,0.0,4,0,0,6,57,4,2,0,133,2,6,0,0,2,5,3,0,0,,,,0,0,0,0,0,8,0,0,0,0,0,0,5,0.0,0,4,5,1,22,6,0,0,0,3,8,1,50.0,368.0,0,0,0,21,56,0,2.04,0,14,,6
1017996,Elvin Cafarquliyev,elvin-cafarquliyev,5962,Qarabağ FK,6.53,58.8,9,0,1,1,1,0.33,1,263,73,336,78.27,120,148,80,3,3,23.08,15,5,1,1,2,5,26.32,4,0,3,20,38.46,6,60.0,26,41.94,750,0.0,0,0,1,0,0,0,0,0,1,3,0,0,0,6,24.0,21,0,0,2,133,1,23,9,533,2,12,0,0,8,2,1,0,0,,,,2,0,0,0,0,8,2,0,0,0,0,0,9,0.0,0,3,13,19,36,4,0,0,0,25,10,8,53.33,0.0,1,0,0,141,214,0,0.37,0,30,,9
256105,Marcin Cebula,marcin-cebula,35268,Raków Częstochowa,6.53,39.2,6,0,1,2,0,0.8,0,83,12,95,87.37,36,50,32,4,4,30.77,4,1,0,0,0,3,37.5,4,2,2,17,43.59,0,0.0,17,39.53,294,0.0,0,0,0,0,0,0,0,0,4,0,0,0,0,4,66.67,2,0,0,6,50,2,8,6,171,9,5,0,0,2,0,0,0,0,,,,0,0,0,0,0,5,0,0,0,0,0,0,3,0.0,0,4,13,8,26,4,0,0,0,6,5,1,25.0,0.0,0,0,0,39,64,0,0.28,0,11,,6
1154861,Ben Gannon-Doak,ben-doak,44,Liverpool FC,6.53,19.6,3,0,0,0,0,0.02,0,33,11,44,75.0,7,26,11,0,8,57.14,2,0,0,0,0,0,0.0,1,1,0,14,40.0,0,0.0,14,38.89,169,0.0,0,0,0,0,0,0,0,0,1,0,0,0,0,0,0.0,2,0,0,8,34,1,3,0,90,4,7,0,0,1,1,0,0,0,,,,0,0,0,0,0,3,1,0,0,0,0,0,3,0.0,0,0,14,0,22,1,0,0,0,2,4,0,0.0,0.0,0,0,0,8,36,0,0.05,1,4,,3
812797,Dennis Eckert Ayensa,dennis-eckert-ayensa,4860,Royale Union Saint-Gilloise,6.53,19.6,3,0,0,0,0,0.5,0,9,6,15,60.0,4,5,2,1,1,33.33,0,0,0,0,0,0,0.0,1,1,0,1,33.33,1,20.0,2,25.0,80,0.0,0,0,0,0,0,0,0,0,0,1,0,0,0,0,0.0,0,0,0,0,11,0,1,1,24,0,0,0,0,0,0,0,0,0,,,,0,0,0,0,0,2,0,0,0,0,0,0,1,0.0,0,1,3,0,6,4,0,0,0,1,2,0,0.0,0.0,0,0,0,4,11,0,0.03,0,3,,4
1024876,Seedy Jatta,seedy-jatta,2051,SK Sturm Graz,6.53,19.6,3,0,0,0,0,0.01,0,10,4,14,71.43,0,10,5,0,0,0.0,1,0,0,0,0,0,0.0,1,1,0,5,45.45,3,20.0,8,30.77,132,0.0,0,0,0,0,0,0,0,0,1,0,0,0,0,0,0.0,2,0,0,1,14,0,0,0,35,4,3,0,0,0,2,0,0,0,,,,0,0,0,0,0,2,1,0,0,0,0,0,2,0.0,0,0,2,0,18,12,0,0,0,0,3,1,100.0,0.0,0,0,0,0,14,0,0.01,0,2,,3
1019320,Javi Serrano,javier-serrano,2051,SK Sturm Graz,6.53,19.6,3,0,0,0,0,0.0,0,9,5,14,64.29,5,4,2,0,0,0.0,0,1,0,0,0,0,0.0,0,0,0,0,0.0,1,100.0,1,33.33,53,0.0,0,0,0,0,0,0,0,0,0,0,0,0,0,1,25.0,4,0,0,0,6,0,0,0,22,0,0,0,0,2,0,0,0,0,,,,0,0,0,0,0,0,0,0,0,0,0,0,0,0.0,0,0,0,0,2,0,0,0,0,4,0,0,0.0,0.0,0,0,0,7,7,0,0.0,0,4,,3
64902,Rami Gershon,rami-gershon,5197,Maccabi Haifa,6.53,19.6,3,0,0,0,0,0.04,0,87,14,101,86.14,78,9,3,0,0,0.0,2,3,0,0,0,0,0.0,0,0,0,2,50.0,1,50.0,3,50.0,270,0.0,0,0,0,0,0,0,0,0,0,0,0,0,0,2,20.0,16,0,0,0,15,0,6,3,126,0,1,0,0,1,0,0,0,0,,,,1,0,0,0,0,3,1,0,0,0,0,0,3,0.0,0,0,0,0,3,1,0,0,0,10,4,0,0.0,0.0,0,0,0,86,15,0,0.0,1,5,,3
981246,Toral Bayramov,toral-bayramov,5962,Qarabağ FK,6.53,65.3,10,1,1,0,1,0.43,2,65,25,90,72.22,32,34,18,3,1,16.67,13,5,2,0,0,1,20.0,3,1,1,16,57.14,8,47.06,24,53.33,343,33.33,1,1,0,0,0,0,1,0,1,2,0,1,0,9,42.86,16,0,1,3,47,0,7,4,185,2,1,0,0,3,0,1,0,0,,,,0,0,0,0,0,16,2,0,0,0,0,0,2,100.0,0,3,6,5,21,9,0,0,0,21,18,9,69.23,343.0,0,0,0,37,58,0,0.83,0,13,,10
999231,Evan Ferguson,evan-ferguson,30,Brighton & Hove Albion,6.53,45.7,7,0,0,1,0,0.32,0,24,9,33,72.73,8,16,12,0,0,0.0,4,2,1,0,0,0,0.0,4,1,1,7,46.67,1,14.29,8,36.36,204,0.0,0,0,0,0,0,0,0,0,3,1,0,0,0,0,0.0,1,0,0,3,22,0,0,0,67,3,4,0,0,0,0,2,0,0,,,,0,0,0,0,0,0,0,0,0,0,0,0,1,0.0,0,0,1,1,14,6,0,0,0,0,0,2,50.0,0.0,0,0,0,8,26,0,0.34,0,1,,7
156640,Jens Jønsson,jens-jnsson,3250,AEK Athens,6.53,26.1,4,0,0,1,0,0.04,0,59,14,73,80.82,40,19,10,1,0,0.0,5,5,1,0,0,0,0.0,1,1,0,5,38.46,5,50.0,10,43.48,217,0.0,0,0,0,0,0,0,0,0,1,0,0,0,0,4,66.67,2,0,0,1,19,1,5,3,93,0,3,0,0,4,0,0,0,0,,,,0,0,0,0,0,5,0,0,0,0,0,0,2,0.0,0,1,0,2,13,5,0,0,0,6,5,2,40.0,0.0,0,0,0,46,29,0,0.6,0,12,,4
239526,Jakub Pešek,jakub-pesek,2218,AC Sparta Praha,6.53,26.1,4,0,0,0,0,0.01,0,8,6,14,57.14,1,8,1,0,1,50.0,1,1,0,0,0,1,100.0,1,0,1,3,60.0,1,100.0,4,66.67,65,0.0,0,0,0,0,0,0,0,0,0,1,0,0,0,0,0.0,2,0,0,0,9,1,0,0,26,1,1,0,0,0,1,0,0,0,,,,0,0,0,0,0,2,0,0,0,0,0,0,0,0.0,0,0,2,1,2,0,0,0,0,0,2,1,100.0,0.0,0,0,0,3,12,0,0.01,0,4,,4
280637,Lukáš Sadílek,lukas-sadilek,2218,AC Sparta Praha,6.53,52.2,8,0,0,0,0,0.24,0,78,11,89,87.64,43,35,12,3,0,0.0,3,2,0,0,0,0,0.0,0,0,0,4,36.36,4,80.0,8,50.0,227,0.0,0,0,0,0,0,0,0,0,0,0,0,0,0,2,40.0,1,0,1,2,29,2,6,4,128,1,2,0,0,0,1,0,1,0,,,,0,0,0,0,0,3,2,0,0,0,0,0,1,0.0,0,2,4,1,8,1,0,0,0,5,5,0,0.0,0.0,0,0,0,46,44,0,0.0,0,13,,8
1030308,Ben Lederman,ben-lederman,35268,Raków Częstochowa,6.52,32.6,5,0,0,1,0,0.13,0,48,13,61,78.69,17,31,19,2,0,0.0,1,0,0,0,0,0,0.0,1,1,0,1,20.0,1,33.33,2,25.0,86,0.0,0,0,0,0,0,0,0,0,0,1,0,0,0,2,50.0,0,0,0,2,21,1,5,2,83,0,1,0,0,0,1,0,0,0,,,,0,0,0,0,0,0,0,0,0,0,0,0,0,0.0,0,2,1,1,6,2,0,0,0,4,0,0,0.0,0.0,0,0,0,19,43,0,0.53,0,7,,5
989361,Cédric Badolo,cedric-badolo,5173,Sheriff Tiraspol,6.52,32.6,5,0,0,0,0,0.13,0,135,34,169,79.88,65,70,29,2,3,37.5,7,3,2,0,0,0,0.0,3,1,2,16,51.61,0,0.0,16,50.0,401,0.0,0,0,0,0,0,0,0,0,0,3,0,0,0,7,43.75,4,0,0,5,62,2,11,5,235,6,3,0,0,2,0,0,0,0,,,,0,0,0,0,0,10,1,0,0,0,0,0,4,0.0,0,2,8,1,16,1,0,0,0,16,11,5,71.43,0.0,0,0,0,80,90,0,0.06,0,35,,5
149856,Simon Sandberg,simon-sandberg,1760,BK Häcken,6.52,32.6,5,0,0,0,0,0.12,0,169,43,212,79.72,81,89,46,1,0,0.0,7,2,0,0,0,1,11.11,2,1,1,7,77.78,3,37.5,10,58.82,352,0.0,0,0,0,0,0,0,0,0,0,2,0,0,0,8,50.0,11,0,0,0,55,1,17,5,281,0,1,0,0,1,0,0,0,0,,,,0,0,0,0,0,12,1,0,0,0,0,0,5,0.0,0,1,0,9,7,5,0,0,0,16,13,4,57.14,0.0,0,0,0,103,118,0,0.05,0,22,,5
1162592,Pontus Dahbo,dahbo-pontus,1760,BK Häcken,6.52,32.6,5,0,0,0,0,0.12,0,55,10,65,84.62,18,38,21,1,3,60.0,1,2,0,0,0,1,20.0,1,1,0,8,33.33,0,0.0,8,33.33,133,0.0,0,0,0,0,0,0,0,0,0,1,0,0,0,3,75.0,0,0,0,6,24,1,3,2,102,4,4,0,0,6,0,0,0,0,,,,0,0,0,0,0,3,0,0,0,0,0,0,0,0.0,0,1,5,5,16,0,0,0,0,4,3,0,0.0,0.0,0,0,0,21,49,0,0.05,0,8,,5
907174,Tomáš Vlček,tomas-vlcek,2216,SK Slavia Praha,6.52,32.6,5,0,0,0,0,0.05,0,155,33,188,82.45,95,60,27,1,1,100.0,3,5,0,0,0,0,0.0,1,0,0,4,30.77,4,80.0,8,44.44,327,0.0,0,0,0,0,0,0,0,0,0,1,0,0,0,15,60.0,10,0,0,0,42,1,20,10,237,0,6,0,0,3,0,1,0,0,,,,1,0,0,0,0,6,3,0,0,0,0,0,4,0.0,0,1,1,3,10,1,0,0,0,25,9,2,66.67,0.0,0,0,0,107,84,0,0.02,0,18,,5
1132010,Veljko Ilić,veljko-ilic,263360,FK TSC Bačka Topola,6.52,32.6,5,0,0,0,0,0.01,0,135,43,178,75.84,122,13,3,0,0,0.0,0,0,0,0,0,0,0.0,0,0,0,1,100.0,0,0.0,1,100.0,450,0.0,0,0,0,0,0,0,0,0,0,0,0,0,0,21,33.87,0,0,1,0,44,0,30,12,226,1,0,0,1,0,0,0,0,16,,,,0,1,0,7,9,15,1,0,1,1,4,0,5,0.0,0,0,0,0,0,0,0,0,0,62,16,0,0.0,0.0,0,0,6,140,38,0,0.0,37,41,,5
943278,Frantzdy Pierrot,frantzdy-pierrot,5197,Maccabi Haifa,6.52,39.1,6,0,0,3,0,0.04,0,37,26,63,58.73,12,25,11,1,1,50.0,3,0,1,0,0,0,0.0,5,3,1,12,38.71,11,37.93,23,38.33,357,0.0,0,0,0,0,0,0,0,0,4,1,0,0,0,0,0.0,10,0,0,2,48,1,1,1,131,8,14,0,0,3,3,1,0,0,,,,0,0,0,0,0,4,2,0,0,0,0,0,4,0.0,0,1,2,1,37,18,0,0,0,3,6,3,100.0,0.0,0,0,0,16,48,0,0.79,0,8,,6
41073,Alexandros Paschalakis,alexandros-paschalakis,3245,Olympiacos FC,6.52,39.1,6,0,0,0,0,0.02,0,77,82,159,48.43,58,19,6,0,0,0.0,0,0,1,0,0,0,0.0,0,0,0,0,0.0,0,0.0,0,0.0,540,0.0,0,0,0,0,0,0,0,0,0,0,0,0,0,25,23.58,2,0,0,0,85,0,46,14,200,0,0,0,0,0,0,0,0,14,,,,0,1,0,12,2,13,1,1,2,2,6,0,6,0.0,0,0,0,0,0,0,0,0,0,106,14,0,0.0,0.0,0,0,5,76,83,0,0.0,53,42,,6
930195,Konstantinos Apostolakis,konstantinos-apostolakis,5173,Sheriff Tiraspol,6.52,39.1,6,0,0,0,0,0.01,0,49,9,58,84.48,35,14,6,0,1,100.0,8,2,2,0,0,0,0.0,0,0,0,15,68.18,3,37.5,18,60.0,202,0.0,0,0,0,0,0,0,0,0,0,0,0,0,0,1,25.0,7,0,0,0,14,0,3,2,116,6,6,0,0,1,0,0,0,0,,,,0,0,0,0,0,8,1,0,0,0,0,0,2,0.0,0,0,1,0,12,5,0,0,0,4,9,4,50.0,0.0,0,0,0,39,19,0,0.0,0,9,,6
1025276,Jerome Mbekeli,jerome-mbekeli,5173,Sheriff Tiraspol,6.5,39.0,6,1,0,1,0,0.04,1,71,35,106,66.98,24,47,18,2,13,52.0,7,4,1,0,0,0,0.0,9,2,6,24,42.11,5,20.83,29,35.8,484,11.11,0,0,0,0,0,0,1,0,4,5,0,0,1,1,12.5,3,0,0,9,87,4,5,2,216,4,7,1,0,5,2,1,0,0,,,,0,0,0,0,0,13,2,0,0,0,0,0,5,0.0,0,2,25,11,52,19,0,0,0,8,15,4,57.14,484.0,0,0,0,35,82,0,1.07,0,18,,6
1093686,Matěj Ryneš,matej-rynes,2218,AC Sparta Praha,6.5,32.5,5,0,1,0,1,0.29,1,114,44,158,72.15,56,59,31,2,5,50.0,5,3,1,0,1,1,11.11,3,1,2,11,39.29,5,62.5,16,44.44,352,0.0,0,0,0,0,0,0,0,0,2,1,0,0,0,6,37.5,4,0,0,6,71,1,13,5,229,1,3,0,0,3,1,0,0,0,,,,1,0,0,0,0,9,2,0,0,0,0,0,4,0.0,0,2,10,9,20,3,0,0,0,16,11,4,80.0,0.0,1,0,0,72,95,0,0.13,0,30,,5
904096,Barış Alper Yılmaz,baris-alper-yilmaz,3061,Galatasaray,6.5,13.0,2,0,0,0,1,0.1,1,34,12,46,73.91,12,23,10,2,1,33.33,5,1,1,0,0,1,25.0,1,0,0,9,50.0,3,25.0,12,40.0,180,0.0,0,0,0,0,0,0,0,0,1,0,0,0,0,1,33.33,2,0,1,4,30,2,2,1,94,3,2,0,0,1,1,1,0,0,,,,0,0,0,0,0,5,1,0,0,0,0,0,2,0.0,0,2,3,4,18,9,0,0,0,3,6,3,60.0,0.0,0,0,0,16,34,0,0.05,0,11,,2
1397736,Marco Palestra,palestra-marco,2686,Atalanta,6.5,6.5,1,0,0,0,0,0.0,0,1,0,1,100.0,0,1,1,0,0,0.0,0,0,0,0,0,0,0.0,0,0,0,0,0.0,0,0.0,0,0.0,10,0.0,0,0,0,0,0,0,0,0,0,0,0,0,0,0,0.0,0,0,0,0,0,0,0,0,2,0,1,0,0,0,0,0,0,0,,,,0,0,0,0,0,0,0,0,0,0,0,0,0,0.0,0,0,0,0,1,0,0,0,0,0,0,0,0.0,0.0,0,0,0,0,1,0,,0,0,,1
180515,Rubén Blanco,ruben-blanco,1641,Olympique de Marseille,6.5,6.5,1,0,0,0,0,0.0,0,27,8,35,77.14,26,1,0,0,0,0.0,0,0,0,0,0,0,0.0,0,0,0,0,0.0,0,0.0,0,0.0,90,0.0,0,0,0,0,0,0,0,0,0,0,0,0,0,3,30.0,0,0,0,0,8,0,7,2,38,0,0,0,0,0,0,0,0,1,,,,0,0,0,1,0,1,0,0,0,0,0,0,1,0.0,0,0,0,0,0,0,0,0,0,10,1,0,0.0,0.0,0,0,0,28,7,0,,4,5,,1
80074,Francesco Rossi,francesco-rossi,2686,Atalanta,6.5,6.5,1,0,0,0,0,0.0,0,2,2,4,50.0,1,1,0,0,0,0.0,0,0,0,0,0,0,0.0,0,0,0,0,0.0,0,0.0,0,0.0,10,0.0,0,0,0,0,0,0,0,0,0,0,0,0,0,2,50.0,0,0,0,0,2,0,0,0,5,0,0,0,0,0,0,0,0,0,,,,0,0,0,0,0,0,0,0,0,0,0,0,0,0.0,0,0,0,0,0,0,0,0,0,4,0,0,0.0,0.0,0,0,0,1,3,0,,3,1,,1
337671,Nabil Fekir,nabil-fekir,2816,Real Betis,6.5,13.0,2,0,0,1,0,0.07,0,33,4,37,89.19,11,22,14,1,0,0.0,0,0,0,0,0,0,0.0,2,2,0,0,0.0,0,0.0,0,0.0,60,0.0,1,0,0,0,0,0,0,0,2,0,0,0,0,0,0.0,0,0,0,1,6,0,0,0,44,0,2,0,0,0,0,0,0,0,,,,0,0,0,0,0,1,0,0,0,0,0,0,1,0.0,0,1,1,0,4,0,0,0,1,0,1,0,0.0,0.0,0,0,0,12,25,0,0.81,0,0,,2
902049,Rabbi Matondo,rabbi-matondo,2351,Rangers,6.5,26.0,4,0,0,0,0,0.02,0,17,5,22,77.27,4,13,7,0,2,28.57,1,4,0,0,0,0,0.0,8,2,2,6,31.58,0,0.0,6,26.09,143,0.0,0,0,0,0,0,0,0,0,3,5,0,0,0,0,0.0,0,0,0,2,26,0,2,2,63,3,3,0,0,4,0,4,0,0,,,,1,0,0,0,0,0,0,0,0,0,0,0,1,0.0,0,0,7,4,17,4,0,0,0,1,0,0,0.0,0.0,0,0,0,5,21,0,0.69,0,3,,4
827561,Tomáš Wiesner,tomas-wiesner,2218,AC Sparta Praha,6.5,39.0,6,0,0,1,0,0.07,0,79,39,118,66.95,43,36,19,1,1,25.0,4,3,0,0,0,0,0.0,2,2,0,10,41.67,2,66.67,12,44.44,310,0.0,0,0,0,0,0,0,0,0,1,1,0,0,0,6,37.5,3,0,0,5,68,1,8,1,187,5,3,0,0,4,1,0,0,0,,,,0,0,0,0,0,3,1,0,0,0,0,0,2,0.0,0,1,4,4,15,1,0,0,0,16,4,1,25.0,0.0,0,0,0,55,67,0,0.5,0,27,,6
32690,Vicente Iborra,vicente-iborra,3245,Olympiacos FC,6.5,13.0,2,0,0,1,0,0.29,0,53,9,62,85.48,35,18,7,0,0,0.0,0,1,1,0,0,0,0.0,2,0,2,2,50.0,3,60.0,5,55.56,111,0.0,0,0,0,0,0,0,0,0,2,0,0,0,0,3,75.0,5,0,0,0,10,0,3,2,77,2,0,0,0,1,0,0,0,0,,,,0,0,0,0,0,3,0,0,0,0,0,0,0,0.0,0,0,1,0,4,2,0,0,0,4,3,0,0.0,0.0,0,0,0,38,24,0,0.26,0,6,,2
833562,Yehor Nazaryna,yehor-nazaryna,3313,Shakhtar Donetsk,6.5,6.5,1,0,0,0,0,0.0,0,2,2,4,50.0,1,1,1,0,0,0.0,2,0,0,0,0,0,0.0,1,0,1,2,66.67,0,0.0,2,66.67,18,0.0,0,0,0,0,1,0,0,0,0,1,0,0,0,0,0.0,0,0,0,1,3,0,0,0,9,0,0,0,0,0,0,0,0,0,,,,0,0,0,0,0,1,0,0,0,0,0,0,0,0.0,0,0,0,0,1,0,0,0,0,1,1,1,50.0,0.0,0,0,0,3,1,0,0.05,0,1,,1
877918,Victor Gómez,victor-gomez,2999,Sporting Braga,6.5,13.0,2,0,0,0,0,0.14,0,49,11,60,81.67,16,37,18,2,0,0.0,1,1,1,0,0,4,36.36,2,1,0,2,33.33,1,100.0,3,42.86,139,0.0,0,0,0,1,0,0,0,0,0,2,0,0,0,2,50.0,2,0,0,0,22,0,3,1,104,1,3,0,0,0,0,1,0,0,,,,0,0,0,0,0,4,0,0,0,0,0,0,2,0.0,0,2,1,11,4,0,0,0,0,4,4,1,100.0,0.0,0,0,0,19,52,0,0.03,0,3,,2
109569,Martin Linnes,martin-linnes,661,Molde FK,6.5,6.5,1,0,0,0,0,0.0,0,8,1,9,88.89,4,4,4,0,1,50.0,0,0,0,0,0,0,0.0,1,0,1,1,33.33,0,0.0,1,33.33,20,0.0,0,0,0,0,0,0,0,0,0,1,0,0,0,0,0.0,0,0,0,0,3,0,2,2,15,0,0,0,0,1,0,0,0,0,,,,0,0,0,0,0,0,0,0,0,0,0,0,0,0.0,0,0,2,1,2,0,0,0,0,0,0,0,0.0,0.0,0,0,0,4,6,0,0.02,0,2,,1
891920,Carlos Vinícius,carlos-vinicius,3061,Galatasaray,6.5,6.5,1,0,0,0,0,0.0,0,1,1,2,50.0,0,1,0,1,0,0.0,0,0,1,0,0,0,0.0,1,0,0,0,0.0,0,0.0,0,0.0,16,0.0,0,0,0,0,0,0,0,0,0,1,0,0,0,0,0.0,0,0,0,0,1,0,0,0,7,0,0,0,0,0,0,1,0,0,,,,0,0,0,0,0,1,0,0,0,0,0,0,0,0.0,0,1,0,0,1,1,0,0,0,0,1,0,0.0,0.0,0,0,0,0,2,0,0.02,0,0,,2
1464415,Rafael Nel,rafael-nel,3001,Sporting CP,6.5,6.5,1,0,0,0,0,0.0,0,1,1,2,50.0,1,0,0,0,0,0.0,0,0,0,0,0,0,0.0,0,0,0,0,0.0,0,0.0,0,0.0,9,0.0,0,0,0,0,0,0,0,0,0,0,0,0,0,0,0.0,0,0,0,0,2,0,0,0,3,0,0,0,0,0,0,0,0,0,,,,0,0,0,0,0,0,0,0,0,0,0,0,0,0.0,0,0,0,0,0,0,0,0,0,0,0,0,0.0,0.0,0,0,0,2,0,0,0.0,0,1,,1
1387712,Leon Grgić,leon-grgic,2051,SK Sturm Graz,6.5,6.5,1,0,0,0,0,0.0,0,0,0,0,0.0,0,0,0,0,0,0.0,0,0,0,0,0,0,0.0,0,0,0,0,0.0,0,0.0,0,0.0,8,0.0,0,0,0,0,0,0,0,0,0,0,0,0,0,0,0.0,0,0,0,0,1,0,0,0,1,0,1,0,0,0,0,0,0,0,,,,0,0,0,0,0,0,0,0,0,0,0,0,0,0.0,0,0,0,0,1,0,0,0,0,0,0,0,0.0,0.0,0,0,0,0,0,0,0.0,0,0,,1
892483,Omar Richards,omar-richards,3245,Olympiacos FC,6.5,6.5,1,0,0,0,0,0.0,0,4,0,4,100.0,2,2,2,0,0,0.0,0,0,0,0,0,0,0.0,0,0,0,1,100.0,0,0.0,1,50.0,9,0.0,0,0,0,0,0,0,0,0,0,0,0,0,0,0,0.0,0,0,0,0,0,0,0,0,5,1,1,0,0,0,0,0,0,0,,,,0,0,0,0,0,0,0,0,0,0,0,0,0,0.0,0,0,0,0,1,1,0,0,0,0,0,0,0.0,0.0,0,0,0,2,2,0,0.0,0,0,,1
1022376,Amourricho van Axel-Dongen,amourricho-van-axel-dongen,2953,AFC Ajax,6.5,6.5,1,0,0,0,0,0.0,0,2,1,3,66.67,0,2,2,0,0,0.0,0,0,0,0,0,0,0.0,0,0,0,0,0.0,0,0.0,0,0.0,13,0.0,0,0,0,0,0,0,0,0,0,0,0,0,0,0,0.0,0,0,0,0,2,0,0,0,4,0,0,0,0,0,0,0,0,0,,,,0,0,0,0,0,0,0,0,0,0,0,0,0,0.0,0,0,0,0,0,0,0,0,0,1,0,0,0.0,0.0,0,0,0,0,3,0,0.0,0,1,,1
216308,Adam Webster,adam-webster,30,Brighton & Hove Albion,6.5,6.5,1,0,0,0,0,0.0,0,10,0,10,100.0,10,0,0,0,0,0.0,0,0,0,0,0,0,0.0,0,0,0,0,0.0,0,0.0,0,0.0,8,0.0,0,0,0,0,0,0,0,0,0,0,0,0,0,0,0.0,0,0,0,0,0,0,0,0,10,0,0,0,0,0,0,0,0,0,,,,0,0,0,0,0,0,0,0,0,0,0,0,0,0.0,0,0,0,0,0,0,0,0,0,0,0,0,0.0,0.0,0,0,0,10,0,0,0.0,0,0,,1
935281,Maximilian Breunig,maximilian-breunig,2538,SC Freiburg,6.5,6.5,1,0,0,0,0,0.0,0,1,1,2,50.0,1,0,0,0,0,0.0,0,0,0,0,0,0,0.0,0,0,0,0,0.0,0,0.0,0,0.0,8,0.0,0,0,0,0,0,0,0,0,0,0,0,0,0,0,0.0,0,0,0,0,1,0,0,0,4,0,0,0,0,0,0,0,0,0,,,,0,0,0,0,0,0,0,0,0,0,0,0,0,0.0,0,0,0,0,1,1,0,0,0,0,0,0,0.0,0.0,0,0,0,1,1,0,0.0,0,0,,1
16214,Fabian Lustenberger,fabian-lustenberger,2445,BSC Young Boys,6.5,6.5,1,0,0,0,0,0.01,0,31,4,35,88.57,24,7,2,1,0,0.0,2,4,1,0,0,0,0.0,0,0,0,2,40.0,0,0.0,2,40.0,90,0.0,0,0,0,1,0,0,0,0,0,0,0,0,0,5,62.5,2,0,0,0,4,0,3,3,43,0,2,0,0,1,0,0,0,0,,,,0,0,0,0,0,1,0,0,0,0,0,0,1,0.0,0,1,0,0,3,0,0,0,0,8,1,0,0.0,0.0,0,0,0,25,10,0,0.0,4,1,,1
1615187,Leon Robin Juberg Hovland,juberg-hovland-leon-robin,661,Molde FK,6.5,6.5,1,0,0,0,0,0.0,0,1,0,1,100.0,1,0,0,0,0,0.0,0,0,0,0,0,0,0.0,0,0,0,0,0.0,0,0.0,0,0.0,9,0.0,0,0,0,0,0,0,0,0,0,0,0,0,0,0,0.0,0,0,0,1,1,0,0,0,3,0,0,0,0,0,0,0,0,0,,,,0,0,0,0,0,0,0,0,0,0,0,0,0,0.0,0,0,0,0,1,0,0,0,0,0,0,0,0.0,0.0,0,0,0,1,0,0,0.0,0,1,,1
1009372,Georges Mikautadze,georges-mikautadze,2953,AFC Ajax,6.5,13.0,2,0,0,0,0,0.01,0,10,1,11,90.91,5,6,3,0,0,0.0,0,0,0,0,0,1,100.0,0,0,0,1,50.0,0,0.0,1,50.0,23,0.0,0,0,0,0,0,0,0,0,0,0,0,0,0,0,0.0,0,0,0,0,3,0,0,0,15,1,0,0,0,0,0,0,0,0,,,,0,0,0,0,0,0,0,0,0,0,0,0,0,0.0,0,0,1,1,1,0,0,0,0,0,0,0,0.0,0.0,0,0,0,5,7,0,0.0,0,0,,2
911719,Lassina Traoré,lassina-traore,3313,Shakhtar Donetsk,6.5,6.5,1,0,0,0,0,0.0,0,1,0,1,100.0,1,0,0,1,0,0.0,0,0,0,0,0,0,0.0,0,0,0,0,0.0,0,0.0,0,0.0,9,0.0,0,0,0,0,0,0,0,0,0,0,0,0,0,0,0.0,0,0,0,0,1,0,0,0,4,0,0,0,0,0,0,0,0,0,,,,0,0,0,0,0,0,0,0,0,0,0,0,0,0.0,0,1,1,0,2,1,0,0,0,0,0,0,0.0,0.0,0,0,0,1,0,0,0.0,0,0,,2
911851,Yann Gboho,yann-gboho,1681,Toulouse,6.5,13.0,2,0,0,0,0,0.38,0,26,7,33,78.79,4,23,18,2,3,27.27,3,1,0,0,0,1,50.0,0,0,0,8,32.0,2,50.0,10,34.48,166,0.0,0,0,0,0,0,0,0,0,0,0,0,0,0,0,0.0,0,0,0,3,26,2,1,0,70,2,1,0,0,5,0,0,0,0,,,,0,0,0,0,0,1,0,0,0,0,0,0,2,0.0,0,2,11,2,19,2,0,0,0,0,1,2,66.67,0.0,0,0,0,9,26,0,0.0,0,7,,2
1212237,Mohammed Fuseini,mohammed-fuseini,2051,SK Sturm Graz,6.5,6.5,1,0,0,0,0,0.0,0,3,2,5,60.0,0,3,1,0,0,0.0,0,0,0,0,0,0,0.0,0,0,0,0,0.0,0,0.0,0,0.0,13,0.0,0,0,0,0,0,0,0,0,0,0,0,0,0,0,0.0,0,0,0,0,5,0,0,0,8,0,0,0,0,0,0,0,0,0,,,,0,0,0,0,0,0,0,0,0,0,0,0,0,0.0,0,0,1,0,2,1,0,0,0,0,0,0,0.0,0.0,0,0,0,0,5,0,0.0,0,1,,2
966456,Christian Cappis,christian-cappis,661,Molde FK,6.5,13.0,2,0,0,0,0,0.01,0,14,4,18,77.78,7,7,3,1,0,0.0,2,1,0,0,0,0,0.0,0,0,0,2,33.33,0,0.0,2,33.33,25,0.0,0,0,0,0,0,0,0,0,0,0,0,0,0,0,0.0,0,0,0,1,7,0,0,0,28,0,1,0,0,1,0,0,0,0,,,,0,0,0,0,0,0,0,0,0,0,0,0,0,0.0,0,1,1,0,4,0,0,0,0,1,0,1,50.0,0.0,0,0,0,10,8,0,0.0,0,3,,2
888629,Martin Mirčevski,martin-mircevski,263360,FK TSC Bačka Topola,6.5,6.5,1,0,0,0,0,0.0,0,1,0,1,100.0,0,1,1,0,0,0.0,0,0,0,0,0,0,0.0,0,0,0,0,0.0,0,0.0,0,0.0,9,0.0,0,0,0,0,0,0,0,0,0,0,0,0,0,0,0.0,0,0,0,0,0,0,0,0,1,0,0,0,0,0,0,0,0,0,,,,0,0,0,0,0,0,0,0,0,0,0,0,0,0.0,0,0,0,0,1,1,0,0,0,0,0,0,0.0,0.0,0,0,0,0,1,0,0.0,0,0,,2
1167025,Divin Mubama,mubama-divin,37,West Ham United,6.5,13.0,2,0,0,0,0,0.01,0,8,4,12,66.67,2,6,4,0,0,0.0,1,0,0,0,0,0,0.0,0,0,0,3,33.33,0,0.0,3,21.43,87,0.0,0,0,0,0,0,0,0,0,0,0,0,0,0,0,0.0,0,0,0,2,9,0,0,0,22,2,4,0,0,0,0,0,0,0,,,,0,0,0,0,0,0,0,0,0,0,0,0,1,0.0,0,0,0,0,11,5,0,0,0,0,0,0,0.0,0.0,0,0,0,3,9,0,0.0,0,0,,4
842358,Anders Hagelskjær,anders-hagelskjaer,661,Molde FK,6.5,26.0,4,0,0,0,0,0.03,0,164,40,204,80.39,122,42,14,0,1,50.0,8,3,0,0,0,0,0.0,0,0,0,10,43.48,6,66.67,16,50.0,360,0.0,0,0,0,0,0,0,0,0,0,0,0,0,0,12,36.36,18,0,0,2,57,1,18,7,272,1,5,0,0,5,0,0,0,0,,,,0,0,0,0,0,6,3,0,0,0,0,0,4,0.0,0,0,2,0,16,3,0,0,0,33,9,5,62.5,0.0,0,0,0,135,69,0,0.0,2,21,,4
829610,Hamidou Keyta,hamidou-keyta,5962,Qarabağ FK,6.5,32.5,5,0,0,0,0,0.02,0,11,6,17,64.71,5,6,5,0,2,66.67,1,1,0,0,0,0,0.0,0,0,0,4,44.44,1,12.5,5,29.41,90,0.0,0,0,0,0,0,0,0,0,0,0,0,0,0,0,0.0,2,0,0,1,14,0,0,0,39,2,1,0,0,3,2,0,0,0,,,,0,0,0,0,0,3,0,0,0,0,0,0,0,0.0,0,0,3,0,12,7,0,0,0,2,3,1,100.0,0.0,0,0,0,7,10,0,0.0,0,4,,6
977679,Luís Henrique,luis-henrique,1641,Olympique de Marseille,6.49,45.4,7,0,0,2,0,0.38,0,92,32,124,74.19,37,57,37,4,3,27.27,6,6,0,0,0,2,18.18,3,0,2,11,44.0,1,50.0,12,44.44,359,0.0,0,0,0,0,0,0,0,0,3,0,0,0,0,6,28.57,3,0,0,5,61,2,15,6,206,2,0,0,0,1,2,1,0,0,,,,0,0,0,0,0,6,0,0,0,0,0,0,3,0.0,0,4,11,11,15,1,0,0,0,21,6,5,83.33,0.0,0,0,0,49,86,0,0.31,0,19,,7
795861,Miloš Vulić,milos-vulic,263360,FK TSC Bačka Topola,6.48,38.9,6,0,0,0,0,0.08,0,108,19,127,85.04,65,45,15,3,0,0.0,3,3,0,0,0,2,33.33,4,1,2,6,33.33,0,0.0,6,30.0,227,0.0,0,0,0,0,1,0,0,0,1,3,0,0,0,4,33.33,7,0,0,4,30,0,8,3,169,3,6,0,0,1,0,1,0,0,,,,0,0,0,0,0,9,1,0,0,0,0,0,2,0.0,0,3,1,6,14,2,0,0,0,12,10,3,100.0,0.0,0,0,0,71,62,0,0.43,0,16,,6
841959,Alejandro Artunduaga,alejandro-artunduaga,5173,Sheriff Tiraspol,6.48,38.9,6,0,0,0,0,0.03,0,141,45,186,75.81,89,53,13,0,4,80.0,13,8,1,0,0,1,33.33,0,0,0,26,59.09,4,40.0,30,55.56,499,0.0,0,0,0,1,0,0,0,0,0,0,0,0,0,4,19.05,10,0,0,8,70,1,10,2,313,9,1,0,0,8,0,0,0,0,,,,0,0,0,0,0,13,2,0,0,0,0,0,6,0.0,0,0,5,3,24,6,0,0,0,21,15,10,76.92,0.0,0,0,0,110,79,0,0.0,0,20,,6
172331,Josip Ćalušić,josip-calusic,263360,FK TSC Bačka Topola,6.48,32.4,5,0,0,0,0,0.03,0,216,65,281,76.87,149,67,11,2,0,0.0,1,3,2,0,0,0,0.0,1,1,0,4,57.14,15,83.33,19,76.0,402,0.0,0,0,0,0,0,0,0,0,1,0,0,0,0,16,32.0,19,0,0,0,68,0,38,12,326,3,3,0,0,1,0,0,0,0,,,,0,0,0,0,0,14,1,0,0,0,0,0,4,0.0,0,2,0,0,6,3,0,0,0,50,15,0,0.0,0.0,0,0,0,176,105,0,0.02,7,22,,5
948694,Nikola Kuveljić,nikola-kuveljic,263360,FK TSC Bačka Topola,6.48,25.9,4,0,0,0,0,0.17,0,58,17,75,77.33,36,22,12,1,1,33.33,3,8,1,0,1,0,0.0,4,1,1,5,26.32,7,100.0,12,46.15,262,0.0,0,0,0,0,0,0,0,0,1,3,0,0,0,2,100.0,5,0,0,4,27,3,2,2,119,1,6,0,0,2,0,2,0,0,,,,0,0,0,0,0,7,0,0,0,0,0,0,4,0.0,0,1,3,1,14,0,0,0,0,2,7,2,66.67,0.0,1,0,0,44,32,0,0.2,0,10,,4
823817,Kostas Galanopoulos,kostas-galanopoulos,3250,AEK Athens,6.47,19.4,3,0,0,0,0,0.01,0,18,2,20,90.0,12,6,4,0,2,66.67,0,0,0,0,0,0,0.0,3,0,0,3,37.5,0,0.0,3,37.5,38,0.0,0,0,0,0,0,0,0,0,3,0,0,0,0,1,50.0,1,0,0,0,4,0,0,0,30,1,1,0,0,3,0,3,0,0,,,,0,0,0,0,0,1,0,0,0,0,0,0,0,0.0,0,0,3,0,5,0,0,0,0,2,1,0,0.0,0.0,0,0,0,12,8,0,0.15,0,1,,3
812531,Milad Mohammadi,milad-mohammadi,3250,AEK Athens,6.47,19.4,3,0,0,0,0,0.01,0,23,10,33,69.7,14,9,5,0,1,100.0,1,2,1,0,0,0,0.0,1,0,1,3,50.0,1,25.0,4,40.0,88,0.0,0,0,0,0,0,0,0,0,1,0,0,0,0,2,66.67,2,0,0,1,19,1,2,2,60,1,1,0,0,1,0,0,0,0,,,,0,0,0,0,0,3,0,0,0,0,0,0,0,0.0,0,0,1,2,6,3,0,0,0,3,3,0,0.0,0.0,0,0,0,16,19,0,0.09,0,8,,4
903440,Redon Xhixha,redon-xhixha,5962,Qarabağ FK,6.47,19.4,3,0,0,0,0,0.0,0,5,8,13,38.46,4,1,0,0,1,50.0,0,0,1,0,0,0,0.0,1,0,0,1,25.0,3,100.0,4,57.14,61,0.0,0,0,0,0,0,0,0,0,1,0,0,0,0,0,0.0,0,0,0,0,14,0,0,0,23,0,1,0,0,1,2,1,0,0,,,,0,0,0,0,0,4,0,0,0,0,0,0,0,0.0,0,0,2,0,3,0,0,0,0,1,4,0,0.0,0.0,0,0,0,6,7,0,0.09,0,2,,6
21164,Angelo Ogbonna,angelo-ogbonna,37,West Ham United,6.47,19.4,3,0,0,0,0,0.04,0,141,8,149,94.63,116,25,4,0,0,0.0,2,2,1,0,0,0,0.0,1,0,1,2,50.0,5,55.56,7,53.85,225,0.0,0,0,0,0,0,0,0,0,1,0,0,0,0,7,53.85,2,1,0,0,9,1,6,3,161,0,2,0,0,1,0,0,0,0,,,,0,0,0,0,0,1,3,0,0,0,0,0,2,0.0,0,0,0,0,6,4,0,0,0,13,4,1,50.0,0.0,0,0,0,119,30,0,0.07,0,17,,3
844481,Yoan Severin,yoan-severin,2448,Servette FC,6.47,38.8,6,0,0,0,0,0.32,0,255,37,292,87.33,159,96,30,4,1,50.0,4,11,2,0,0,0,0.0,2,0,1,8,33.33,4,33.33,12,33.33,540,0.0,0,0,0,0,0,0,0,0,1,1,0,0,0,17,41.46,12,0,1,4,46,0,29,9,357,3,6,0,1,5,0,1,0,0,,,,0,0,0,0,0,13,0,0,0,0,0,0,6,0.0,0,4,2,1,24,8,0,0,0,41,13,2,50.0,0.0,0,0,0,170,123,0,0.06,0,35,,6
984624,Yéremy Pino,yeremy-pino,2819,Villarreal,6.47,19.4,3,0,0,0,0,0.12,0,32,8,40,80.0,11,21,15,2,0,0.0,2,2,1,0,0,0,0.0,0,0,0,4,21.05,1,100.0,5,25.0,143,0.0,0,0,0,0,0,0,0,0,0,0,0,0,0,0,0.0,1,0,0,5,24,3,3,3,73,2,5,0,0,1,1,0,0,0,,,,0,0,0,0,0,1,1,0,0,0,0,0,1,0.0,0,2,4,0,15,0,0,0,0,0,2,1,50.0,0.0,0,0,0,12,28,0,0.0,0,10,,3
1005992,Andreas Ndoj,andreas-ndoj,3245,Olympiacos FC,6.47,19.4,3,0,0,0,0,0.02,0,170,18,188,90.43,114,56,12,0,4,100.0,2,2,0,1,1,0,0.0,0,0,0,7,77.78,3,75.0,10,76.92,251,0.0,0,0,0,0,0,0,0,0,0,0,0,0,0,8,44.44,7,0,0,0,19,0,19,7,209,1,1,0,0,1,0,0,0,0,,,,0,0,0,0,0,8,0,0,0,0,0,0,3,0.0,0,0,4,0,3,1,0,0,0,18,8,1,50.0,0.0,0,0,0,121,67,0,0.0,0,13,,3
1138050,Goni Naor,goni-naor,5197,Maccabi Haifa,6.47,19.4,3,0,0,0,0,0.01,0,35,3,38,92.11,20,15,4,0,0,0.0,0,1,1,0,0,0,0.0,0,0,0,0,0.0,0,0.0,0,0.0,78,0.0,0,0,0,0,0,0,0,0,0,0,0,0,0,1,50.0,1,0,0,1,4,1,2,2,43,0,3,0,0,0,0,0,0,0,,,,0,0,0,0,0,1,1,0,0,0,0,0,0,0.0,0,0,0,0,6,2,0,0,0,2,2,0,0.0,0.0,0,0,0,21,17,0,0.0,0,5,,3
865523,Noah Okafor,noah-okafor,2692,AC Milan,6.46,32.3,5,0,0,1,0,0.03,0,15,4,19,78.95,4,11,7,1,0,0.0,1,0,0,0,0,0,0.0,2,1,1,3,37.5,1,100.0,4,44.44,99,0.0,0,0,0,0,0,0,0,0,2,0,0,0,0,0,0.0,1,0,0,0,11,0,1,0,33,2,1,0,0,1,0,0,0,0,,,,0,0,0,0,0,1,0,0,0,0,0,0,0,0.0,0,1,3,2,5,0,0,0,0,1,1,0,0.0,0.0,0,0,0,5,16,0,0.35,0,2,,5
33902,Danny Welbeck,danny-welbeck,30,Brighton & Hove Albion,6.45,25.8,4,1,0,4,0,0.32,1,48,12,60,80.0,16,33,22,2,0,0.0,0,0,1,0,0,1,50.0,9,4,4,3,20.0,4,66.67,7,33.33,256,11.11,0,0,0,0,0,0,0,1,7,2,0,0,1,0,0.0,1,0,0,3,25,2,1,1,92,3,5,0,0,1,0,1,0,0,,,,1,0,0,0,0,7,0,0,0,0,0,0,3,0.0,0,2,3,2,14,2,0,0,0,1,7,0,0.0,256.0,0,0,0,17,45,0,1.41,0,7,,4
229740,Alberto Moreno,alberto-moreno,2819,Villarreal,6.45,25.8,4,0,1,2,1,0.47,1,119,17,136,87.5,51,71,42,6,2,100.0,4,1,2,0,1,3,23.08,5,3,1,9,42.86,1,50.0,10,43.48,282,0.0,0,0,0,0,1,0,0,0,3,2,0,0,0,12,66.67,4,0,0,2,34,0,16,11,202,3,5,0,0,5,0,1,0,0,,,,0,0,0,0,0,4,0,0,0,0,0,0,3,0.0,0,6,2,13,13,1,0,0,0,18,4,3,75.0,0.0,1,0,0,56,93,0,0.79,0,15,,4
1142260,Jorge Pascual,jorge-pascual,2819,Villarreal,6.45,12.9,2,0,0,2,0,0.06,0,5,5,10,50.0,2,3,3,1,0,0.0,0,0,0,0,0,0,0.0,4,1,2,1,50.0,2,100.0,3,75.0,56,0.0,0,0,0,0,0,0,0,0,3,1,0,0,0,0,0.0,0,0,0,0,6,0,2,0,20,1,1,0,0,0,0,1,0,0,,,,0,0,0,0,0,0,0,0,0,0,0,0,0,0.0,0,1,0,0,1,0,0,0,0,0,0,0,0.0,0.0,0,0,0,2,8,0,0.97,0,0,,2
1000175,Adam Karabec,adam-karabec,2218,AC Sparta Praha,6.45,38.7,6,0,1,1,0,0.2,0,41,19,60,68.33,12,30,20,5,3,25.0,2,0,0,0,0,1,25.0,6,0,3,6,30.0,2,66.67,8,34.78,205,0.0,0,0,0,0,1,0,0,0,4,2,0,0,0,0,0.0,0,0,0,1,37,1,6,0,97,1,1,0,0,3,2,3,0,0,,,,0,0,0,0,0,2,3,0,0,0,0,0,2,0.0,0,5,12,4,15,1,0,0,0,5,5,1,50.0,0.0,0,0,0,17,47,0,0.68,0,8,,6
966670,Lewin Blum,lewin-blum,2445,BSC Young Boys,6.45,12.9,2,0,0,0,0,0.02,0,41,13,54,75.93,29,12,4,0,0,0.0,3,1,0,0,0,0,0.0,1,0,0,4,66.67,1,50.0,5,62.5,119,0.0,0,0,0,0,0,0,0,0,0,1,0,0,0,1,11.11,1,0,0,0,19,0,5,0,76,1,1,0,0,1,0,1,0,0,,,,0,0,0,0,0,3,0,0,0,0,0,0,1,0.0,0,0,0,1,3,1,0,0,0,9,3,3,100.0,0.0,0,0,0,31,24,0,0.05,0,4,,2
1189773,Munashe Garananga,munashe-garananga,5173,Sheriff Tiraspol,6.45,38.7,6,0,0,0,0,0.06,0,144,41,185,77.84,118,26,6,0,1,33.33,7,9,0,0,0,0,0.0,1,0,0,11,68.75,7,53.85,18,62.07,402,0.0,0,0,0,0,0,0,0,0,1,0,0,0,0,9,36.0,23,1,0,1,49,1,11,5,255,3,2,0,1,0,0,1,0,0,,,,0,0,0,0,0,14,2,0,0,0,0,0,4,0.0,0,0,3,0,11,6,0,0,0,25,16,6,85.71,0.0,0,0,0,141,44,0,0.04,4,31,,6
914412,Ben Johnson,ben-johnson,37,West Ham United,6.45,25.8,4,0,0,0,0,0.04,0,57,8,65,87.69,30,27,17,0,0,0.0,1,1,0,0,0,0,0.0,1,0,1,1,20.0,0,0.0,1,11.11,109,0.0,0,0,0,0,0,0,0,0,0,1,0,0,0,3,75.0,2,0,0,0,20,0,2,1,93,0,1,0,0,1,0,0,0,0,,,,0,0,0,0,0,2,0,0,0,0,0,0,1,0.0,0,0,2,6,8,4,0,0,0,4,2,1,100.0,0.0,0,0,0,37,34,0,0.03,0,8,,4
606346,Eric Bailly,eric-bailly,2819,Villarreal,6.45,12.9,2,0,0,0,0,0.02,0,76,7,83,91.57,53,23,7,0,1,100.0,1,0,0,0,0,0,0.0,0,0,0,3,60.0,0,0.0,3,42.86,140,0.0,0,0,0,0,0,0,0,0,0,0,0,0,0,3,60.0,6,0,0,0,8,0,4,4,95,1,1,0,0,1,0,0,0,0,,,,0,0,0,0,0,4,0,0,0,0,0,0,2,0.0,0,0,1,0,4,2,0,0,0,5,4,1,100.0,0.0,0,0,0,54,29,0,0.0,0,4,,2
227862,Wesley Saïd,wesley-said,1648,RC Lens,6.45,12.9,2,0,0,0,0,0.04,0,7,1,8,87.5,1,6,4,0,0,0.0,0,0,2,0,0,0,0.0,0,0,0,0,0.0,0,0.0,0,0.0,35,0.0,0,0,0,0,0,0,0,0,0,0,0,0,0,0,0.0,0,0,0,0,6,0,1,1,13,0,2,0,0,0,0,0,0,0,,,,0,0,0,0,0,0,0,0,0,0,0,0,0,0.0,0,0,1,1,3,0,0,0,0,0,0,0,0.0,0.0,0,0,0,1,8,0,0.0,0,0,,2
979665,Irakli Azarovi,azarovi-irakli,3313,Shakhtar Donetsk,6.45,12.9,2,0,0,0,0,0.02,0,69,15,84,82.14,48,21,7,0,0,0.0,1,3,0,0,0,0,0.0,0,0,0,1,100.0,0,0.0,1,100.0,174,0.0,0,0,0,0,0,0,0,0,0,0,0,0,0,7,50.0,4,0,0,0,19,0,7,5,113,0,0,0,0,0,0,0,0,0,,,,0,0,0,0,0,5,0,0,0,0,0,0,2,0.0,0,0,0,0,0,0,0,0,0,14,5,0,0.0,0.0,0,0,0,53,31,0,0.0,0,6,,2
280601,Jindřich Staněk,jindrich-stanek,2216,SK Slavia Praha,6.45,12.9,2,0,0,0,0,0.0,0,50,24,74,67.57,42,8,1,0,0,0.0,0,0,0,0,0,0,0.0,0,0,0,0,0.0,0,0.0,0,0.0,180,0.0,0,0,0,0,0,0,0,0,0,0,0,0,0,16,42.11,0,0,0,0,24,0,9,7,93,0,0,0,0,0,0,0,0,7,,,,0,0,0,6,1,5,2,0,0,0,1,0,2,0.0,0,0,0,0,0,0,0,0,0,38,7,0,0.0,0.0,0,0,1,47,27,0,0.0,18,13,,2
1063936,Erik Shuranov,erik-shuranov,5197,Maccabi Haifa,6.45,12.9,2,0,0,0,0,0.0,0,8,0,8,100.0,4,4,0,0,0,0.0,1,1,0,0,0,0,0.0,0,0,0,1,25.0,0,0.0,1,20.0,54,0.0,0,0,0,0,0,0,0,0,0,0,0,0,0,0,0.0,0,0,0,2,6,0,0,0,19,0,0,0,0,1,0,0,0,0,,,,0,0,0,0,0,0,0,0,0,0,0,0,1,0.0,0,0,0,0,4,1,0,0,0,0,0,0,0.0,0.0,0,0,0,4,4,0,0.0,0,1,,2
1102967,Vukašin Krstić,vukasin-krstic,263360,FK TSC Bačka Topola,6.45,12.9,2,0,0,0,0,0.0,0,40,12,52,76.92,30,10,1,0,2,100.0,2,1,1,0,0,0,0.0,0,0,0,4,57.14,0,0.0,4,57.14,111,0.0,0,0,0,0,0,0,0,0,0,0,0,0,0,3,30.0,6,0,0,0,16,0,9,3,74,0,3,0,0,0,0,0,0,0,,,,0,0,0,0,0,7,0,0,0,0,0,0,1,0.0,0,0,2,0,3,0,0,0,0,10,7,2,100.0,0.0,0,0,0,34,18,0,0.0,0,4,,2
1012172,Tommaso Baldanzi,tommaso-baldanzi,2702,AS Roma,6.44,32.2,5,0,0,0,0,0.04,0,30,8,38,78.95,14,16,9,1,1,25.0,1,1,0,0,0,0,0.0,2,0,1,5,29.41,1,50.0,6,31.58,141,0.0,0,0,0,0,0,0,0,0,0,2,0,0,0,0,0.0,1,0,0,4,19,2,2,0,61,4,2,0,0,3,1,1,0,0,,,,0,0,0,0,0,0,1,0,0,0,0,0,1,0.0,0,1,4,2,13,1,0,0,0,2,1,0,0.0,0.0,0,0,0,16,24,0,0.1,0,7,,5
142231,Christian Günter,christian-gunter,2538,SC Freiburg,6.43,19.3,3,0,0,0,0,0.09,0,59,13,72,81.94,26,35,16,2,0,0.0,0,0,0,0,0,2,13.33,1,0,1,1,20.0,1,100.0,2,33.33,199,0.0,0,0,0,0,0,0,0,0,0,1,0,0,0,1,14.29,7,0,0,1,32,1,4,3,126,1,2,0,0,1,0,0,0,0,,,,1,0,0,0,0,3,2,0,0,0,0,0,2,0.0,0,2,1,15,4,0,0,0,0,7,5,0,0.0,0.0,0,0,0,32,55,0,0.02,0,7,,3
253809,Rui Silva,rui-silva,2816,Real Betis,6.43,25.7,4,0,0,0,0,0.0,0,88,35,123,71.54,79,9,3,0,0,0.0,1,0,0,0,0,0,0.0,0,0,0,1,100.0,1,33.33,2,50.0,360,0.0,0,0,0,0,0,0,0,0,0,0,0,0,0,23,39.66,0,0,1,0,36,0,41,25,141,1,0,0,0,0,0,0,0,5,,,,1,0,0,1,4,5,0,0,1,0,1,0,4,0.0,0,0,0,0,2,2,0,0,0,58,5,0,0.0,0.0,0,0,0,90,33,0,0.0,35,30,,4
797290,Alfonso Pedraza,alfonso-pedraza,2819,Villarreal,6.43,25.7,4,0,0,0,0,0.09,0,50,14,64,78.13,30,21,9,1,0,0.0,4,2,3,0,0,1,9.09,0,0,0,5,41.67,0,0.0,5,35.71,169,0.0,0,0,0,1,0,0,0,0,0,0,0,0,0,2,22.22,3,0,0,0,31,0,5,1,112,1,3,0,0,1,0,0,0,0,,,,0,0,0,0,0,2,1,0,0,0,0,0,1,0.0,0,1,3,11,9,2,0,0,0,9,3,3,75.0,0.0,0,0,0,33,42,0,0.0,0,4,,4
97933,Sonny Kittel,sonny-kittel,35268,Raków Częstochowa,6.42,32.1,5,0,1,2,0,0.23,0,30,9,39,76.92,14,17,7,1,0,0.0,0,0,0,0,0,1,16.67,3,1,2,0,0.0,1,33.33,1,14.29,136,0.0,0,0,0,0,1,0,0,0,2,1,0,0,0,0,0.0,2,0,0,2,22,1,2,0,64,0,0,0,0,0,1,0,0,0,,,,0,0,0,0,0,3,0,0,0,0,0,0,1,0.0,0,1,2,6,6,2,0,0,0,1,3,0,0.0,0.0,0,0,0,18,27,0,0.82,0,8,,5
845121,Yannick Gomis,yannick-gomis,3397,Aris Limassol,6.42,32.1,5,0,0,1,0,0.21,0,84,34,118,71.19,24,61,37,4,4,40.0,1,0,2,0,0,1,50.0,6,1,2,9,33.33,4,36.36,13,34.21,395,0.0,0,0,0,0,0,0,0,0,6,0,0,0,0,3,50.0,3,0,0,6,57,2,11,5,167,4,8,0,0,0,3,3,0,0,,,,0,0,0,0,0,10,1,0,0,0,0,0,5,0.0,0,4,10,2,25,7,0,0,0,6,11,1,100.0,0.0,0,0,0,27,93,0,0.71,0,15,,5
49021,Stefan Hierländer,stefan-hierlander,2051,SK Sturm Graz,6.42,32.1,5,0,0,0,0,0.03,0,40,30,70,57.14,18,22,6,0,1,100.0,8,6,0,0,1,0,0.0,3,0,1,9,56.25,3,42.86,12,52.17,259,0.0,0,0,0,0,0,0,0,0,1,2,0,0,0,3,27.27,2,0,0,2,41,0,6,1,113,0,1,0,0,4,0,2,0,0,,,,1,0,0,0,0,3,2,0,0,0,0,0,3,0.0,0,0,1,2,11,4,0,0,0,11,5,5,62.5,0.0,1,0,0,27,45,0,0.16,0,16,,5
931823,Victor Olatunji,victor-olatunji,2218,AC Sparta Praha,6.41,57.7,9,0,1,2,1,0.13,1,26,13,39,66.67,10,16,10,1,1,12.5,1,0,0,0,0,0,0.0,4,2,2,6,18.75,9,30.0,15,24.19,272,0.0,0,0,0,0,0,0,0,0,3,1,0,0,0,1,100.0,7,0,0,5,45,3,1,0,103,4,11,0,0,3,2,0,0,0,,,,0,0,0,0,0,5,2,0,0,0,0,0,3,0.0,0,1,8,0,47,21,0,0,0,1,7,0,0.0,0.0,0,0,0,13,26,0,0.6,0,8,,9
870762,Arthur Cabral,arthur-cabral,3006,Benfica,6.4,25.6,4,0,0,2,0,0.05,0,26,11,37,70.27,4,22,11,2,0,0.0,2,0,0,0,0,0,0.0,9,3,2,2,11.11,6,31.58,8,21.62,215,0.0,0,0,0,0,0,0,0,0,6,3,0,0,0,0,0.0,3,0,0,6,29,0,0,0,81,0,6,0,0,0,0,4,0,0,,,,0,0,0,0,0,3,0,0,0,0,0,0,2,0.0,0,2,5,0,29,13,0,0,0,0,3,1,50.0,0.0,0,0,0,7,30,0,0.64,0,6,,4
903324,Kerem Aktürkoğlu,kerem-akturkoglu,3061,Galatasaray,6.4,12.8,2,0,1,1,0,0.16,0,24,14,38,63.16,10,14,10,3,2,40.0,0,1,1,0,0,0,0.0,3,0,2,4,28.57,0,0.0,4,26.67,146,0.0,0,0,0,0,0,0,0,0,1,2,0,0,0,0,0.0,1,0,0,3,31,1,3,1,68,2,3,0,0,1,1,1,0,0,,,,0,0,0,0,0,2,1,0,0,0,0,0,2,0.0,0,3,5,2,11,1,0,0,0,3,3,0,0.0,0.0,0,0,0,12,28,0,0.4,0,4,,2
983068,Václav Sejk,vaclav-sejk,2218,AC Sparta Praha,6.4,12.8,2,0,0,0,0,0.0,0,10,2,12,83.33,6,4,1,0,0,0.0,0,0,0,0,0,0,0.0,2,0,0,0,0.0,1,20.0,1,14.29,35,0.0,0,0,0,0,0,0,0,0,2,0,0,0,0,0,0.0,0,0,0,1,6,0,0,0,21,0,0,0,0,0,0,2,0,0,,,,0,0,0,0,0,0,1,0,0,0,0,0,0,0.0,0,0,1,1,6,4,0,0,0,0,1,0,0.0,0.0,0,0,0,7,6,0,0.21,0,1,,2
1171539,Noah Sadiki,noah-sadiki,4860,Royale Union Saint-Gilloise,6.4,38.4,6,0,0,0,0,0.11,0,74,23,97,76.29,39,35,21,1,2,100.0,8,3,3,0,0,0,0.0,1,0,1,12,54.55,1,50.0,13,54.17,256,0.0,0,0,0,0,0,0,0,0,0,1,0,0,0,2,28.57,2,1,0,0,27,1,8,5,134,2,5,0,0,5,0,0,0,0,,,,0,0,0,0,0,4,0,0,0,0,0,0,2,0.0,0,1,2,0,11,1,0,0,0,7,4,4,50.0,0.0,0,0,0,49,48,0,0.08,0,21,,6
940558,Henok Teklab,henok-teklab,4860,Royale Union Saint-Gilloise,6.4,6.4,1,0,0,0,0,0.01,0,4,1,5,80.0,2,2,2,0,0,0.0,0,0,0,0,0,0,0.0,1,0,1,0,0.0,0,0.0,0,0.0,15,0.0,0,0,0,0,0,0,0,0,0,1,0,0,0,1,100.0,0,0,0,0,2,0,0,0,8,0,0,0,0,0,0,0,0,0,,,,0,0,0,0,0,1,0,0,0,0,0,0,0,0.0,0,0,1,0,2,1,0,0,0,1,1,0,0.0,0.0,0,0,0,2,3,0,0.04,0,0,,1
1388325,Samba Diba,samba-diba,2448,Servette FC,6.4,19.2,3,0,0,0,0,0.01,0,21,10,31,67.74,12,9,3,0,0,0.0,3,2,1,0,0,0,0.0,2,0,2,3,37.5,5,83.33,8,57.14,80,0.0,0,0,0,0,0,0,0,0,0,2,0,0,0,0,0.0,3,1,0,1,13,0,0,0,48,0,2,0,0,1,0,0,0,0,,,,0,0,0,0,0,4,0,0,0,0,0,0,1,0.0,0,0,1,0,6,1,0,0,0,2,4,2,66.67,0.0,0,0,0,12,19,0,0.04,0,8,,3
1103911,Elias Havel,elias-havel,2058,LASK,6.4,25.6,4,0,0,0,0,0.0,0,12,7,19,63.16,6,6,3,0,3,50.0,0,1,1,0,0,0,0.0,1,1,0,3,25.0,4,44.44,7,33.33,137,0.0,0,0,0,0,0,0,0,0,0,1,0,0,0,0,0.0,2,0,0,1,19,1,1,1,41,0,3,0,0,2,0,0,0,0,,,,0,0,0,0,0,3,0,0,0,0,0,0,1,0.0,0,0,6,1,14,5,0,0,0,1,3,0,0.0,0.0,0,0,0,10,10,0,0.03,0,8,,4
959805,Quinten Timber,quinten-timber,2959,Feyenoord,6.4,6.4,1,0,0,0,0,0.21,0,31,13,44,70.45,10,21,13,2,1,33.33,2,1,1,0,0,0,0.0,0,0,0,5,35.71,0,0.0,5,31.25,120,0.0,0,0,0,0,0,0,0,0,0,0,0,0,0,1,50.0,2,0,0,3,23,0,2,1,65,2,3,0,0,1,0,0,0,0,,,,0,0,0,0,0,0,1,0,0,0,0,0,1,0.0,0,2,3,1,11,2,0,0,0,2,1,0,0.0,0.0,0,0,0,13,32,0,0.0,0,5,,1
856737,Zakaria Aboukhlal,zakaria-aboukhlal,1681,Toulouse,6.4,6.4,1,0,0,0,0,0.01,0,2,1,3,66.67,1,1,1,0,0,0.0,0,0,0,0,0,0,0.0,0,0,0,2,50.0,0,0.0,2,50.0,40,0.0,0,0,0,0,0,0,0,0,0,0,0,0,0,0,0.0,0,0,0,1,5,0,0,0,10,2,0,0,0,0,0,0,0,0,,,,0,0,0,0,0,0,0,0,0,0,0,0,1,0.0,0,0,1,0,2,0,0,0,0,0,0,0,0.0,0.0,0,0,0,1,2,0,0.0,0,0,,1
965330,Pierre Kalulu,pierre-kalulu,2692,AC Milan,6.4,6.4,1,0,0,0,0,0.0,0,22,2,24,91.67,9,13,1,0,0,0.0,0,0,0,0,0,0,0.0,0,0,0,0,0.0,0,0.0,0,0.0,45,0.0,0,0,0,0,0,0,0,0,0,0,0,0,0,0,0.0,0,0,0,0,2,0,0,0,27,0,1,0,0,0,0,0,0,0,,,,0,0,0,0,0,1,0,0,0,0,0,0,0,0.0,0,0,0,0,1,0,0,0,0,0,1,0,0.0,0.0,0,0,0,9,15,0,0.0,0,0,,1
1112879,Kevin,kevin,3313,Shakhtar Donetsk,6.4,6.4,1,0,0,0,0,0.0,0,1,0,1,100.0,1,0,0,0,0,0.0,0,0,0,0,0,0,0.0,0,0,0,0,0.0,0,0.0,0,0.0,13,0.0,0,0,0,0,0,0,0,0,0,0,0,0,0,0,0.0,0,0,0,0,1,0,0,0,2,0,0,0,0,0,0,0,0,0,,,,0,0,0,0,0,1,0,0,0,0,0,0,0,0.0,0,0,0,0,0,0,0,0,0,0,1,0,0.0,0.0,0,0,0,1,0,0,0.0,0,2,,1
881038,Mohamed Camara,mohamed-camara,2445,BSC Young Boys,6.4,6.4,1,0,0,0,0,0.0,0,41,3,44,93.18,33,8,2,0,0,0.0,3,1,0,0,1,0,0.0,0,0,0,3,42.86,1,50.0,4,44.44,88,0.0,0,0,0,0,0,0,0,0,0,0,0,0,0,4,100.0,3,0,0,1,5,1,1,1,56,0,3,0,0,0,0,0,0,0,,,,0,0,0,0,0,3,0,0,0,0,0,0,1,0.0,0,0,0,0,5,1,0,0,0,4,3,2,66.67,0.0,1,0,0,34,10,0,0.0,1,6,,1
138383,Denis Suárez,denis-suarez,2819,Villarreal,6.4,6.4,1,0,0,0,0,0.0,0,7,1,8,87.5,3,4,1,0,0,0.0,0,0,0,0,0,0,0.0,0,0,0,0,0.0,0,0.0,0,0.0,29,0.0,0,0,0,0,0,0,0,0,0,0,0,0,0,0,0.0,0,0,0,1,5,0,0,0,14,0,1,0,0,0,0,0,0,0,,,,0,0,0,0,0,0,0,0,0,0,0,0,1,0.0,0,0,0,2,3,1,0,0,0,0,0,0,0.0,0.0,0,0,0,3,7,0,0.0,0,1,,1
904850,Valerii Bondar,valerii-bondar,3313,Shakhtar Donetsk,6.4,6.4,1,0,0,0,0,0.0,0,53,2,55,96.36,46,7,1,0,0,0.0,0,0,1,0,0,0,0.0,0,0,0,0,0.0,0,0.0,0,0.0,90,0.0,0,0,0,0,0,0,0,0,0,0,0,0,0,3,75.0,3,0,0,0,2,0,1,1,62,0,1,0,0,1,0,0,0,0,,,,0,0,0,0,0,2,0,0,0,0,0,0,1,0.0,0,0,0,0,4,2,0,0,0,4,2,0,0.0,0.0,0,0,0,47,8,0,0.0,0,3,,1
794968,Ondrej Lingr,ondrej-lingr,2959,Feyenoord,6.4,6.4,1,0,0,0,0,0.01,0,2,1,3,66.67,0,2,2,0,0,0.0,0,0,0,0,0,0,0.0,0,0,0,2,66.67,0,0.0,2,66.67,27,0.0,0,0,0,0,0,0,0,0,0,0,0,0,0,0,0.0,0,0,0,0,2,0,0,0,6,2,0,0,0,0,0,0,0,0,,,,0,0,0,0,0,1,0,0,0,0,0,0,0,0.0,0,0,1,0,1,0,0,0,0,1,1,0,0.0,0.0,0,0,0,0,3,0,0.0,0,1,,1
791170,Maryan Shved,maryan-shved,3313,Shakhtar Donetsk,6.4,6.4,1,0,0,0,0,0.0,0,4,0,4,100.0,2,2,1,0,0,0.0,0,0,0,0,0,0,0.0,0,0,0,0,0.0,0,0.0,0,0.0,8,0.0,0,0,0,0,0,0,0,0,0,0,0,0,0,1,100.0,0,0,0,0,1,0,0,0,5,0,1,0,0,1,0,0,0,0,,,,0,0,0,0,0,0,0,0,0,0,0,0,0,0.0,0,0,0,1,2,0,0,0,0,1,0,0,0.0,0.0,0,0,0,2,3,0,0.0,0,1,,1
845558,Ross Sykes,ross-sykes,4860,Royale Union Saint-Gilloise,6.4,6.4,1,0,0,0,0,0.0,0,4,0,4,100.0,2,2,2,0,1,100.0,0,0,0,0,0,0,0.0,0,0,0,1,100.0,0,0.0,1,50.0,10,0.0,0,0,0,0,0,0,0,0,0,0,0,0,0,0,0.0,0,0,0,0,0,0,1,1,7,0,0,0,0,0,0,0,0,0,,,,0,0,0,0,0,1,0,0,0,0,0,0,0,0.0,0,0,1,0,1,1,0,0,0,0,1,0,0.0,0.0,0,0,0,2,2,0,0.0,0,1,,1
1104199,Noah Persson,noah-persson,2445,BSC Young Boys,6.4,6.4,1,0,0,0,0,0.0,0,9,4,13,69.23,4,5,3,0,0,0.0,0,0,0,0,0,0,0.0,0,0,0,0,0.0,0,0.0,0,0.0,29,0.0,0,0,0,0,0,0,0,0,0,0,0,0,0,1,33.33,0,0,0,0,8,0,0,0,22,0,0,0,0,0,0,0,0,0,,,,0,0,0,0,0,0,0,0,0,0,0,0,0,0.0,0,0,1,0,2,1,0,0,0,3,0,0,0.0,0.0,0,0,0,4,9,0,0.0,0,2,,1
1175696,Gustav Kjolstad Nyheim,nyheim-gustav-kjolstad,661,Molde FK,6.4,6.4,1,0,0,0,0,0.0,0,4,1,5,80.0,2,2,0,0,0,0.0,0,0,0,0,0,0,0.0,0,0,0,1,33.33,0,0.0,1,33.33,19,0.0,0,0,0,0,0,0,0,0,0,0,0,0,0,0,0.0,0,0,0,0,1,0,0,0,7,1,2,0,0,1,0,0,0,0,,,,0,0,0,0,0,0,0,0,0,0,0,0,0,0.0,0,0,0,0,2,0,0,0,0,0,0,0,0.0,0.0,0,0,0,2,3,0,0.0,0,0,,1
1503765,Isak Brusberg,brusberg-isak,1760,BK Häcken,6.4,6.4,1,0,0,0,0,0.0,0,3,0,3,100.0,0,3,2,0,1,50.0,0,0,0,0,0,0,0.0,0,0,0,1,33.33,0,0.0,1,33.33,9,0.0,0,0,0,0,0,0,0,0,0,0,0,0,0,0,0.0,0,0,0,0,1,0,0,0,5,0,0,0,0,1,0,0,0,0,,,,0,0,0,0,0,1,0,0,0,0,0,0,0,0.0,0,0,2,0,2,0,0,0,0,0,1,0,0.0,0.0,0,0,0,0,3,0,0.0,0,0,,1
933117,Valgeir Lunddal Fridriksson,valgeir-lunddal-fridriksson,1760,BK Häcken,6.4,6.4,1,0,0,0,0,0.1,0,43,3,46,93.48,15,28,11,1,1,50.0,2,2,0,0,0,0,0.0,0,0,0,3,75.0,0,0.0,3,60.0,90,0.0,0,0,0,0,0,0,0,0,0,0,0,0,0,1,50.0,0,0,0,0,8,1,1,0,62,0,0,0,0,0,0,0,0,0,,,,0,0,0,0,0,4,0,0,0,0,0,0,1,0.0,0,1,2,1,2,1,0,0,0,2,4,1,50.0,0.0,0,0,0,16,31,0,0.0,0,5,,1
980327,Tetê,tete,3061,Galatasaray,6.4,12.8,2,0,0,0,0,0.01,0,14,2,16,87.5,7,7,5,0,0,0.0,0,0,0,0,0,0,0.0,0,0,0,0,0.0,0,0.0,0,0.0,27,0.0,0,0,0,0,0,0,0,0,0,0,0,0,0,1,50.0,0,0,0,0,3,0,0,0,18,0,2,0,0,0,1,0,0,0,,,,0,0,0,0,0,2,0,0,0,0,0,0,0,0.0,0,0,1,0,3,0,0,0,0,2,2,0,0.0,0.0,0,0,0,8,8,0,0.0,0,1,,2
1407848,Christian Mawissa,christian-mawissa,1681,Toulouse,6.4,12.8,2,0,0,0,0,0.05,0,35,6,41,85.37,15,20,9,1,2,66.67,3,2,1,0,1,0,0.0,0,0,0,5,41.67,1,25.0,6,37.5,115,0.0,0,0,0,1,0,0,0,0,0,0,0,0,0,3,100.0,4,0,0,2,18,0,1,0,84,0,3,0,0,1,0,0,0,0,,,,0,0,0,0,0,1,0,0,0,0,0,0,1,0.0,0,1,3,1,10,3,0,0,0,3,1,1,33.33,0.0,1,0,0,19,23,0,0.0,0,6,,2
1142701,Sanoussy Ba,sanoussy-ba,2058,LASK,6.4,6.4,1,0,0,0,0,0.0,0,5,1,6,83.33,1,4,1,0,0,0.0,0,0,0,0,0,0,0.0,0,0,0,0,0.0,1,100.0,1,33.33,12,0.0,0,0,0,0,0,0,0,0,0,0,0,0,0,0,0.0,0,0,0,0,3,0,0,0,12,0,1,0,0,0,0,0,0,0,,,,0,0,0,0,0,0,0,0,0,0,0,0,0,0.0,0,0,1,0,2,0,0,0,0,0,0,0,0.0,0.0,0,0,0,2,4,0,0.0,0,2,,2
841591,Markus Solbakken,markus-solbakken,2218,AC Sparta Praha,6.4,19.2,3,0,0,0,0,0.02,0,69,7,76,90.79,54,15,7,0,1,100.0,6,1,0,0,0,0,0.0,0,0,0,7,53.85,0,0.0,7,50.0,180,0.0,0,0,0,0,0,0,0,0,0,0,0,0,0,2,100.0,1,0,0,1,9,0,4,3,92,0,3,0,0,2,0,0,0,0,,,,0,0,0,0,0,9,3,0,0,0,0,0,2,0.0,0,0,1,0,7,1,0,0,0,2,12,2,33.33,0.0,0,0,0,59,17,0,0.0,0,6,,3
856638,Mitchel Bakker,mitchel-bakker,2686,Atalanta,6.38,25.5,4,0,0,0,0,0.07,0,64,26,90,71.11,27,37,19,1,2,33.33,2,4,1,0,0,0,0.0,0,0,0,7,38.89,0,0.0,7,36.84,156,0.0,0,0,0,0,0,0,0,0,0,0,0,0,0,2,13.33,0,0,0,2,43,0,11,3,139,3,2,0,0,3,0,0,0,0,,,,0,0,0,0,0,2,0,0,0,0,0,0,2,0.0,0,1,6,7,12,1,0,0,0,15,2,1,50.0,0.0,0,0,0,36,61,0,0.0,0,13,,5
610766,Tammy Abraham,tammy-abraham,2702,AS Roma,6.37,19.1,3,0,0,2,0,0.0,0,8,13,21,38.1,4,4,1,0,0,0.0,0,1,0,0,0,0,0.0,3,0,3,4,44.44,8,53.33,12,50.0,80,0.0,0,0,0,0,0,0,0,0,3,0,0,0,0,0,0.0,2,0,1,2,19,0,2,0,37,4,1,0,0,2,0,0,0,0,,,,0,0,0,0,0,3,0,0,0,0,0,0,0,0.0,0,0,0,0,12,7,0,0,0,1,3,0,0.0,0.0,0,0,0,5,16,0,1.06,0,1,,4
1120315,Anton Gaaei,anton-gaaei,2953,AFC Ajax,6.36,31.8,5,0,0,0,0,0.14,0,128,36,164,78.05,88,41,20,0,5,83.33,7,6,0,0,0,1,8.33,1,0,0,14,58.33,0,0.0,14,48.28,355,0.0,0,0,0,0,0,0,0,0,0,1,0,0,0,4,17.39,5,0,0,2,57,0,10,3,240,2,5,0,0,2,0,1,0,0,,,,0,0,0,0,0,11,0,0,0,0,0,0,4,0.0,0,0,6,12,15,5,0,0,0,23,11,2,28.57,0.0,0,0,0,100,76,0,0.01,0,19,,5
1471391,John Paul Dembe,dembe-john-paul,1760,BK Häcken,6.35,12.7,2,0,0,1,0,0.0,0,3,0,3,100.0,0,3,2,0,0,0.0,0,0,0,0,0,0,0.0,2,1,1,0,0.0,0,0.0,0,0.0,29,0.0,0,0,0,0,0,0,0,0,1,1,0,0,0,0,0.0,0,0,0,2,2,0,0,0,8,0,0,0,0,0,0,0,0,0,,,,0,0,0,0,0,0,0,0,0,0,0,0,0,0.0,0,0,0,0,2,0,0,0,0,0,0,0,0.0,0.0,0,0,0,0,3,0,0.62,0,1,,2
1048889,Andy Diouf,andy-diouf,1648,RC Lens,6.35,12.7,2,0,0,0,0,0.14,0,39,9,48,81.25,14,28,9,3,2,28.57,1,1,0,0,0,3,75.0,1,1,0,3,15.0,0,0.0,3,14.29,80,0.0,0,0,0,0,0,0,0,0,1,0,0,0,0,0,0.0,1,0,0,7,23,0,4,2,72,0,3,0,0,2,0,0,0,0,,,,0,0,0,0,0,0,0,0,0,0,0,0,1,0.0,0,3,7,4,18,1,0,0,0,1,0,0,0.0,0.0,0,0,0,17,35,0,0.09,0,5,,2
1148623,Théo Magnin,theo-magnin,2448,Servette FC,6.35,12.7,2,0,0,0,0,0.05,0,59,14,73,80.82,19,40,24,0,0,0.0,3,2,0,0,0,0,0.0,1,0,1,4,57.14,2,50.0,6,54.55,144,0.0,0,0,0,0,0,0,0,0,0,1,0,0,0,1,25.0,1,0,0,0,27,1,4,1,113,1,1,0,0,0,0,0,0,0,,,,0,0,0,0,0,5,0,0,0,0,0,0,2,0.0,0,0,2,6,5,2,0,0,0,4,5,1,33.33,0.0,0,0,0,22,57,0,0.03,0,4,,2
992912,Berkan Kutlu,berkan-kutlu,3061,Galatasaray,6.35,12.7,2,0,0,0,0,0.19,0,93,22,115,80.87,53,42,17,2,1,50.0,3,1,1,0,0,2,66.67,0,0,0,6,46.15,3,75.0,9,52.94,180,0.0,0,0,0,0,0,0,0,0,0,0,0,0,0,5,33.33,5,0,0,1,28,0,11,3,158,3,2,0,0,3,0,0,0,0,,,,0,0,0,0,0,5,1,0,0,0,0,0,2,0.0,0,2,2,3,8,1,0,0,0,15,6,2,66.67,0.0,0,0,0,62,56,0,0.0,0,13,,2
45604,Taras Stepanenko,taras-stepanenko,3313,Shakhtar Donetsk,6.35,12.7,2,0,0,0,0,0.01,0,64,10,74,86.49,46,18,7,2,0,0.0,6,1,1,0,0,0,0.0,0,0,0,6,40.0,2,40.0,8,40.0,155,0.0,0,0,0,0,0,0,0,0,0,0,0,0,0,2,40.0,4,1,0,0,13,1,3,1,91,0,6,0,0,4,0,0,0,0,,,,0,0,0,0,0,4,0,0,0,0,0,0,2,0.0,0,2,0,1,12,3,0,0,0,5,4,4,66.67,0.0,0,0,0,51,24,0,0.0,0,6,,2
164221,Thomas Goiginger,thomas-goiginger,2058,LASK,6.35,12.7,2,0,0,0,0,0.0,0,4,8,12,33.33,1,3,2,0,0,0.0,2,0,0,0,0,0,0.0,0,0,0,4,40.0,0,0.0,4,28.57,56,0.0,0,0,0,0,0,0,0,0,0,0,0,0,0,0,0.0,0,0,0,2,15,1,0,0,25,2,0,0,0,3,0,0,0,0,,,,0,0,0,0,0,3,0,0,0,0,0,0,0,0.0,0,0,1,1,10,4,0,0,0,0,3,1,50.0,0.0,0,0,0,2,11,0,0.0,0,1,,2
921193,Jovan Vlalukin,jovan-vlalukin,263360,FK TSC Bačka Topola,6.35,25.4,4,0,0,0,0,0.0,0,11,7,18,61.11,8,3,2,0,0,0.0,2,1,2,0,0,0,0.0,0,0,0,5,31.25,0,0.0,5,27.78,79,0.0,0,0,0,0,0,0,0,0,0,0,0,0,0,2,66.67,3,0,1,2,12,0,1,0,40,3,7,0,0,1,0,0,0,0,,,,0,0,0,0,0,2,0,0,0,0,0,0,1,0.0,0,0,1,0,13,2,0,0,0,3,2,0,0.0,0.0,0,0,0,11,7,0,0.0,0,4,,5
69362,Miloš Cvetković,milos-cvetkovic,263360,FK TSC Bačka Topola,6.35,38.1,6,0,0,0,0,0.24,0,114,40,154,74.03,66,52,29,5,1,50.0,12,3,1,0,0,4,33.33,0,0,0,17,54.84,1,25.0,18,51.43,456,0.0,0,0,0,0,0,0,0,0,0,0,0,0,0,7,35.0,6,0,0,0,54,0,11,4,240,5,9,0,0,5,0,0,0,0,,,,0,0,0,0,0,15,1,0,0,0,0,0,5,0.0,0,5,2,12,17,3,0,0,0,20,16,5,41.67,0.0,0,0,0,85,81,0,0.0,0,26,,6
1091971,Armel Zohouri,armel-zohouri,5173,Sheriff Tiraspol,6.34,31.7,5,0,0,0,0,0.05,0,147,41,188,78.19,85,62,22,1,2,25.0,11,5,1,0,1,0,0.0,0,0,0,21,51.22,4,66.67,25,53.19,414,0.0,0,0,0,1,0,0,0,0,0,0,0,0,0,6,33.33,8,0,0,2,67,1,12,5,294,8,8,0,0,5,0,0,0,0,,,,0,0,0,0,0,10,1,0,0,0,0,0,4,0.0,0,1,8,10,22,2,0,0,0,18,11,7,63.64,0.0,1,0,0,101,97,0,0.0,0,19,,5
1134530,Luke Chambers,luke-chambers,44,Liverpool FC,6.33,19.0,3,0,0,0,0,0.02,0,65,16,81,80.25,34,31,11,0,0,0.0,2,2,0,0,0,0,0.0,0,0,0,4,30.77,0,0.0,4,28.57,138,0.0,0,0,0,0,0,0,0,0,0,0,0,0,0,3,50.0,4,0,0,2,29,0,3,2,125,2,3,0,0,1,0,0,0,0,,,,0,0,0,0,0,3,0,0,0,0,0,0,2,0.0,0,0,3,2,10,1,0,0,0,6,3,1,50.0,0.0,0,0,0,37,46,0,0.0,0,4,,3
1001675,João Paulo,joao-paulo,5173,Sheriff Tiraspol,6.32,31.6,5,0,1,0,0,0.04,0,88,18,106,83.02,62,26,9,2,6,37.5,3,4,0,0,1,0,0.0,1,0,1,11,33.33,6,46.15,17,36.96,398,0.0,0,0,0,0,0,0,0,0,0,1,0,0,0,3,100.0,4,0,0,7,48,0,1,0,175,2,4,0,0,1,1,0,0,0,,,,0,0,0,0,0,8,2,0,0,0,0,0,5,0.0,0,2,16,0,29,7,0,0,0,3,10,2,66.67,0.0,1,0,0,69,37,0,0.02,0,22,,5
29382,Peter Abrahamsson,peter-abrahamsson,1760,BK Häcken,6.32,37.9,6,0,0,0,0,0.0,0,122,32,154,79.22,112,10,0,0,0,0.0,0,0,0,0,0,0,0.0,0,0,0,0,0.0,1,100.0,1,33.33,540,0.0,0,0,0,0,0,0,0,0,0,0,0,0,0,25,48.08,3,1,1,1,34,0,29,13,209,1,0,0,0,1,0,0,0,17,,,,0,0,0,10,7,15,2,1,3,3,0,0,6,0.0,0,0,0,0,2,0,0,0,0,52,17,0,0.0,0.0,0,0,4,128,26,0,0.0,48,44,,6
1014835,Yerson Mosquera,yerson-mosquera,2819,Villarreal,6.3,12.6,2,1,0,0,0,0.01,1,75,20,95,78.95,53,22,4,0,0,0.0,1,0,1,0,0,0,0.0,2,2,0,3,30.0,2,66.67,5,38.46,130,50.0,0,0,0,1,0,0,1,0,2,0,1,0,0,5,33.33,5,0,0,1,22,0,5,2,117,2,3,0,1,3,0,0,0,0,,,,0,0,0,0,0,5,0,0,0,0,0,0,1,0.0,0,0,1,0,8,1,0,0,0,15,5,1,100.0,130.0,0,0,0,63,32,0,0.28,1,6,,2
930246,Yanis Begraoui,yanis-begraoui,1681,Toulouse,6.3,18.9,3,0,0,2,0,0.03,0,12,6,18,66.67,3,9,6,1,2,50.0,1,0,0,0,0,0,0.0,3,1,1,3,42.86,0,0.0,3,30.0,31,0.0,0,0,0,0,0,0,0,0,3,0,0,0,0,1,100.0,0,0,0,1,9,1,1,1,30,0,0,0,0,1,2,1,0,0,,,,0,0,0,0,0,1,0,0,0,0,0,0,0,0.0,0,1,4,0,7,3,0,0,0,1,1,0,0.0,0.0,0,0,0,3,15,0,0.92,0,5,,3
978064,Bryan Silva Teixeira,bryan-silva-teixeira,2051,SK Sturm Graz,6.3,12.6,2,0,0,1,0,0.05,0,7,4,11,63.64,2,6,1,0,0,0.0,3,0,1,0,0,1,100.0,1,1,0,3,37.5,3,60.0,6,46.15,47,0.0,0,0,0,0,0,0,0,0,1,0,0,0,0,0,0.0,0,0,0,1,11,1,0,0,27,0,1,0,0,2,0,0,0,0,,,,0,0,0,0,0,0,0,0,0,0,0,0,0,0.0,0,0,1,1,7,2,0,0,0,0,0,1,33.33,0.0,0,0,0,4,8,0,0.25,0,4,,3
1085212,Ibrahim Mustapha,ibrahim-mustapha,2058,LASK,6.3,31.5,5,0,0,1,0,0.01,0,17,7,24,70.83,7,10,5,1,0,0.0,3,0,0,0,0,0,0.0,2,1,1,4,26.67,1,20.0,5,25.0,144,0.0,0,0,0,0,0,0,0,0,2,0,0,0,0,0,0.0,1,0,0,2,22,0,0,0,53,1,1,0,0,0,6,0,0,0,,,,0,0,0,0,0,3,0,0,0,0,0,0,1,0.0,0,1,8,1,15,4,0,0,0,0,3,2,66.67,0.0,0,0,0,7,18,0,0.21,0,2,,5
826013,Abel Ruíz,abel-ruiz,2999,Sporting Braga,6.3,12.6,2,0,0,0,0,0.06,0,42,13,55,76.36,18,24,14,1,1,20.0,1,0,1,0,0,0,0.0,4,0,0,4,26.67,1,50.0,5,29.41,210,0.0,0,0,0,0,0,0,0,0,2,2,0,0,0,0,0.0,0,0,0,3,24,3,2,1,83,2,5,0,0,0,0,4,0,0,,,,0,0,0,0,0,6,0,0,0,0,0,0,2,0.0,0,1,5,1,12,1,0,0,0,1,6,0,0.0,0.0,0,0,0,19,37,0,0.2,0,11,,2
1405458,Bolu Ogungbayi,bolu-ogungbayi,2216,SK Slavia Praha,6.3,6.3,1,0,0,1,0,0.02,0,6,3,9,66.67,2,4,2,1,0,0.0,0,0,0,0,0,0,0.0,1,0,0,1,50.0,1,50.0,2,50.0,24,0.0,0,0,0,0,0,0,0,0,1,0,0,0,0,0,0.0,0,0,0,0,5,0,0,0,13,1,0,0,0,0,0,1,0,0,,,,0,0,0,0,0,0,0,0,0,0,0,0,0,0.0,0,1,1,1,2,1,0,0,0,0,0,0,0.0,0.0,0,0,0,2,8,0,0.1,0,0,,1
1129527,Bilal Nadir,bilal-nadir,1641,Olympique de Marseille,6.3,6.3,1,0,0,1,0,0.01,0,11,0,11,100.0,3,8,6,0,1,50.0,0,0,0,0,0,0,0.0,1,0,1,1,50.0,0,0.0,1,50.0,11,0.0,0,0,0,0,0,0,0,0,1,0,0,0,0,0,0.0,1,0,0,0,2,0,0,0,18,0,0,0,0,0,0,0,0,0,,,,0,0,0,0,0,0,0,0,0,0,0,0,0,0.0,0,0,2,1,1,0,0,0,0,0,0,0,0.0,0.0,0,0,0,3,9,0,0.05,0,0,,2
915340,Magnus Grødem,magnus-grodem,661,Molde FK,6.3,25.2,4,0,0,0,0,0.02,0,60,14,74,81.08,32,28,14,0,2,50.0,0,1,1,0,0,0,0.0,2,1,1,8,36.36,1,50.0,9,37.5,149,0.0,0,0,0,0,0,0,0,0,0,2,0,0,0,2,50.0,1,0,0,7,28,2,4,2,103,6,2,0,0,3,0,0,0,0,,,,0,0,0,0,0,4,2,0,0,0,0,0,2,0.0,0,0,4,0,15,1,0,0,0,4,6,0,0.0,0.0,0,0,0,35,39,0,0.05,0,6,,5
928106,Ebrima Colley,colley-ebrima,2445,BSC Young Boys,6.3,6.3,1,0,0,0,0,0.07,0,13,1,14,92.86,5,9,4,0,1,33.33,0,0,1,0,0,1,100.0,1,0,0,1,33.33,0,0.0,1,33.33,61,0.0,0,0,0,0,0,0,0,0,0,1,0,0,0,1,100.0,0,0,0,0,5,0,0,0,23,0,0,0,0,0,1,1,0,0,,,,0,0,0,0,0,3,0,0,0,0,0,0,1,0.0,0,0,3,1,2,0,0,0,0,1,3,0,0.0,0.0,0,0,0,5,10,0,0.02,0,5,,1
991493,Sérgio Oliveira,sergio-oliveira,3061,Galatasaray,6.3,6.3,1,0,0,0,0,0.04,0,16,4,20,80.0,5,12,3,1,0,0.0,1,0,0,0,0,1,100.0,1,0,0,1,50.0,0,0.0,1,50.0,28,0.0,0,0,0,0,0,0,0,0,0,1,0,0,0,0,0.0,0,0,0,1,7,0,2,1,28,0,0,0,0,0,0,1,0,0,,,,0,0,0,0,0,3,0,0,0,0,0,0,0,0.0,0,1,0,1,1,0,0,0,0,1,3,0,0.0,0.0,0,0,0,5,16,0,0.01,0,0,,1
101330,David Pavelka,david-pavelka,2218,AC Sparta Praha,6.3,6.3,1,0,0,0,0,0.0,0,7,3,10,70.0,5,2,0,0,0,0.0,1,0,1,0,0,0,0.0,1,0,0,1,33.33,0,0.0,1,33.33,13,0.0,0,0,0,0,0,0,0,0,0,1,0,0,0,0,0.0,2,0,0,0,3,0,0,0,16,0,2,0,0,0,0,1,0,0,,,,0,0,0,0,0,0,1,0,0,0,0,0,0,0.0,0,0,0,0,2,0,0,0,0,1,1,0,0.0,0.0,0,0,0,7,3,0,0.01,0,2,,2
827472,Luka Gugeshashvili,luka-gugeshashvili,5962,Qarabağ FK,6.3,6.3,1,0,0,0,0,0.0,0,0,5,5,0.0,0,0,0,0,0,0.0,0,0,1,0,0,0,0.0,0,0,0,0,0.0,0,0.0,0,0.0,14,0.0,0,0,0,0,0,0,0,0,0,0,0,0,0,0,0.0,0,0,0,0,5,0,0,0,5,0,0,0,0,0,0,0,0,0,,,,0,1,0,0,0,1,0,0,0,0,0,0,0,0.0,0,0,0,0,0,0,0,0,0,5,1,0,0.0,0.0,0,0,0,0,5,0,0.0,3,0,,1
990160,Vinicius Paiva,vinicius-paiva,5173,Sheriff Tiraspol,6.3,6.3,1,0,0,0,0,0.0,0,3,1,4,75.0,1,2,1,0,0,0.0,0,0,0,0,0,0,0.0,0,0,0,0,0.0,0,0.0,0,0.0,15,0.0,0,0,0,0,0,0,0,0,0,0,0,0,0,0,0.0,0,0,0,0,4,0,0,0,10,0,0,0,0,0,0,0,0,0,,,,0,0,0,0,0,0,1,0,0,0,0,0,0,0.0,0,0,1,0,3,2,0,0,0,0,1,0,0.0,0.0,0,0,0,2,2,0,0.0,0,1,,1
186951,Shon Goldberg,shon-goldberg,5197,Maccabi Haifa,6.3,6.3,1,0,0,0,0,0.0,0,33,14,47,70.21,28,5,1,0,0,0.0,0,1,0,0,0,0,0.0,0,0,0,0,0.0,1,50.0,1,50.0,72,0.0,0,0,0,0,0,0,0,0,0,0,0,0,0,1,14.29,6,0,0,0,14,0,12,3,56,0,0,0,0,0,0,0,0,0,,,,0,0,0,0,0,1,2,0,0,0,0,0,1,0.0,0,0,0,0,1,1,0,0,0,7,3,0,0.0,0.0,0,0,0,36,11,0,0.0,5,4,,1
1145242,Aleksey Isayev,aleksey-isayev,5962,Qarabağ FK,6.3,6.3,1,0,0,0,0,0.01,0,6,1,7,85.71,2,4,2,0,0,0.0,0,0,0,0,0,0,0.0,0,0,0,0,0.0,0,0.0,0,0.0,13,0.0,0,0,0,0,0,0,0,0,0,0,0,0,0,0,0.0,0,0,0,1,3,0,0,0,10,0,0,0,0,0,0,0,0,0,,,,0,0,0,0,0,2,0,0,0,0,0,0,0,0.0,0,0,0,1,1,0,0,0,0,1,2,0,0.0,0.0,0,0,0,2,6,0,0.0,0,1,,2
1124028,Mateja Đorđević,mateja-dordevic,263360,FK TSC Bačka Topola,6.3,12.6,2,0,0,0,0,0.0,0,27,12,39,69.23,23,4,1,0,0,0.0,2,2,0,0,0,0,0.0,0,0,0,3,50.0,1,25.0,4,40.0,159,0.0,0,0,0,0,0,0,0,0,0,0,0,0,0,1,16.67,9,0,0,0,12,0,3,0,61,1,0,0,0,3,0,0,0,0,,,,0,0,0,0,0,6,0,0,0,0,0,0,2,0.0,0,0,0,0,6,3,0,0,0,6,6,0,0.0,0.0,0,0,0,30,9,0,0.0,0,6,,2
126626,Nemanja Petrović,nemanja-petrovic,263360,FK TSC Bačka Topola,6.28,37.7,6,1,0,0,0,0.13,1,132,42,174,75.86,76,58,26,2,1,20.0,5,2,2,0,0,2,40.0,4,2,1,11,33.33,10,71.43,21,44.68,485,25.0,0,0,0,0,1,0,1,0,2,2,0,1,0,9,39.13,19,0,0,8,67,1,11,8,302,5,7,0,0,4,0,1,0,0,,,,0,0,0,0,0,16,1,0,0,0,0,0,6,0.0,0,2,5,5,26,4,0,0,0,23,17,3,60.0,485.0,0,0,0,99,80,0,0.55,0,32,,6
1142565,Silvano Vos,silvano-vos,2953,AFC Ajax,6.27,18.8,3,0,0,0,0,0.01,0,42,5,47,89.36,30,12,5,0,2,50.0,2,2,0,0,1,0,0.0,0,0,0,4,40.0,1,50.0,5,41.67,134,0.0,0,0,0,0,0,0,0,0,0,0,0,0,0,2,100.0,1,1,0,0,11,1,0,0,65,0,3,0,0,1,0,0,0,0,,,,0,0,0,0,0,3,0,0,0,0,0,0,1,0.0,0,0,4,0,7,1,0,0,0,2,3,2,100.0,0.0,1,0,0,34,13,0,0.0,0,6,,3
963084,David Zima,david-zima,2216,SK Slavia Praha,6.25,12.5,2,0,0,0,0,0.0,0,59,7,66,89.39,49,10,0,0,0,0.0,0,4,0,0,0,0,0.0,1,0,1,0,0.0,1,20.0,1,14.29,180,0.0,0,0,0,0,0,0,0,0,1,0,0,0,0,2,33.33,8,0,0,1,11,0,5,2,90,0,1,0,0,0,0,0,0,0,,,,0,0,0,0,0,5,2,0,0,0,0,0,2,0.0,0,0,0,0,6,4,0,0,0,6,7,0,0.0,0.0,0,0,0,51,15,0,0.04,0,5,,2
65534,Maksim Medvedev,maksim-medvedev,5962,Qarabağ FK,6.23,18.7,3,0,0,0,0,0.04,0,58,12,70,82.86,32,26,10,0,0,0.0,0,1,0,0,0,0,0.0,0,0,0,1,20.0,2,33.33,3,27.27,121,0.0,0,0,0,1,0,0,0,0,0,0,0,0,0,3,30.0,2,0,0,0,14,0,9,3,80,1,4,0,0,1,0,0,0,0,,,,0,0,0,0,0,1,0,0,0,0,0,0,1,0.0,0,0,0,1,8,4,0,0,0,10,1,0,0.0,0.0,0,0,0,35,36,0,0.0,0,8,,3
985086,Morato,morato,3006,Benfica,6.2,6.2,1,0,0,0,0,0.0,0,19,3,22,86.36,11,8,3,0,0,0.0,1,0,0,0,0,0,0.0,0,0,0,1,16.67,1,50.0,2,25.0,45,0.0,0,0,0,0,0,0,0,0,0,0,0,0,0,0,0.0,2,0,0,1,8,1,0,0,40,0,0,0,0,2,0,0,0,0,,,,0,0,0,0,0,0,0,0,0,0,0,0,1,0.0,0,0,2,0,6,1,0,0,0,1,0,0,0.0,0.0,0,0,0,13,9,0,,0,1,,1
176301,Marco Sportiello,marco-sportiello,2692,AC Milan,6.2,6.2,1,0,0,0,0,0.0,0,8,3,11,72.73,8,0,0,0,0,0.0,0,0,0,0,0,0,0.0,0,0,0,0,0.0,0,0.0,0,0.0,69,0.0,0,0,0,0,0,0,0,0,0,0,0,0,0,1,25.0,0,0,0,0,3,0,0,0,15,0,0,0,0,0,0,0,0,0,,,,0,0,0,0,0,1,0,0,0,0,0,0,0,0.0,0,0,0,0,0,0,0,0,0,4,1,0,0.0,0.0,0,0,0,9,2,0,,5,4,,1
860307,Facundo Medina,facundo-medina,1648,RC Lens,6.2,6.2,1,0,0,0,0,0.02,0,72,12,84,85.71,43,29,10,0,1,100.0,3,0,1,0,0,0,0.0,0,0,0,7,43.75,1,25.0,8,40.0,120,0.0,0,0,0,0,0,0,0,0,0,0,0,0,0,6,40.0,1,0,0,4,16,1,10,4,100,3,2,0,0,3,0,0,0,0,,,,0,0,0,0,0,3,0,0,0,0,0,0,1,0.0,0,0,1,0,12,3,0,0,0,15,3,3,100.0,0.0,0,0,0,44,40,0,0.0,0,7,,1
1035752,Giorgi Gocholeishvili,giorgi-gocholeishvili,3313,Shakhtar Donetsk,6.2,6.2,1,0,0,0,0,0.0,0,4,3,7,57.14,4,0,0,0,1,100.0,0,1,0,0,0,0,0.0,0,0,0,1,25.0,0,0.0,1,25.0,14,0.0,0,0,0,0,0,0,0,0,0,0,0,0,0,0,0.0,0,0,0,0,6,0,3,0,12,0,0,0,0,3,0,0,0,0,,,,0,0,0,0,0,1,0,0,0,0,0,0,0,0.0,0,0,1,2,3,0,0,0,0,1,1,0,0.0,0.0,0,0,0,5,4,0,0.0,0,0,,1
348362,Saidy Janko,saidy-janko,2445,BSC Young Boys,6.2,6.2,1,0,0,0,0,0.01,0,14,3,17,82.35,5,9,3,0,0,0.0,2,0,0,0,0,0,0.0,0,0,0,2,33.33,0,0.0,2,33.33,61,0.0,0,0,0,0,0,0,0,0,0,0,0,0,0,0,0.0,2,0,0,1,6,0,0,0,29,0,2,0,0,0,0,0,0,0,,,,0,0,0,0,0,1,0,0,0,0,0,0,1,0.0,0,0,1,1,4,0,0,0,0,1,1,0,0.0,0.0,0,0,0,5,13,0,0.0,0,0,,1
1063364,Kenneth Schmidt,kenneth-schmidt,2538,SC Freiburg,6.2,6.2,1,0,0,0,0,0.03,0,14,6,20,70.0,8,6,1,0,0,0.0,1,0,1,0,0,0,0.0,0,0,0,2,33.33,2,100.0,4,50.0,55,0.0,0,0,0,0,0,0,0,0,0,0,0,0,0,0,0.0,4,0,1,1,9,0,0,0,35,1,3,0,0,0,0,0,0,0,,,,0,0,0,0,0,1,0,0,0,0,0,0,1,0.0,0,0,0,0,4,0,0,0,0,1,1,1,100.0,0.0,0,0,0,12,8,0,0.0,0,4,,1
1495909,Samuel Pikolon,samuel-pikolon,2216,SK Slavia Praha,6.2,6.2,1,0,0,0,0,0.0,0,0,0,0,0.0,0,0,0,0,0,0.0,0,0,0,0,0,0,0.0,0,0,0,0,0.0,0,0.0,0,0.0,8,0.0,0,0,0,0,0,0,0,0,0,0,0,0,0,0,0.0,0,0,0,1,5,0,0,0,6,0,1,0,0,0,0,0,0,0,,,,0,0,0,0,0,0,0,0,0,0,0,0,0,0.0,0,0,1,0,3,0,0,0,0,0,0,0,0.0,0.0,0,0,0,0,0,0,0.0,0,0,,1
926995,Naatan Skyttä,naatan-skytta,1681,Toulouse,6.2,12.4,2,0,0,0,0,0.0,0,4,2,6,66.67,2,2,2,0,0,0.0,0,0,1,0,0,0,0.0,0,0,0,1,16.67,0,0.0,1,11.11,28,0.0,0,0,0,0,0,0,0,0,0,0,0,0,0,0,0.0,1,0,0,2,6,0,0,0,13,1,2,0,0,1,0,0,0,0,,,,0,0,0,0,0,1,0,0,0,0,0,0,0,0.0,0,0,0,0,8,3,0,0,0,0,1,0,0.0,0.0,0,0,0,3,3,0,0.0,0,1,,2
1144933,Berkay Vardar,vardar-berkay,5173,Sheriff Tiraspol,6.2,6.2,1,0,0,0,0,0.0,0,11,2,13,84.62,5,6,1,0,0,0.0,2,0,0,0,0,0,0.0,0,0,0,2,66.67,0,0.0,2,50.0,50,0.0,0,0,0,0,0,0,0,0,0,0,0,0,0,0,0.0,0,0,0,0,2,0,2,1,19,0,0,0,0,1,0,0,0,0,,,,0,0,0,0,0,4,1,0,0,0,0,0,0,0.0,0,0,0,0,2,1,0,0,0,1,5,0,0.0,0.0,0,0,0,5,8,0,0.0,0,2,,3
227598,Łukasz Zwoliński,ukasz-zwolinski,35268,Raków Częstochowa,6.15,12.3,2,0,0,2,0,0.01,0,22,10,32,68.75,11,11,4,1,0,0.0,1,2,0,0,0,0,0.0,2,1,1,6,35.29,8,47.06,14,41.18,151,0.0,0,0,0,0,0,0,0,0,2,0,0,0,0,1,50.0,0,0,0,3,22,0,0,0,62,5,4,0,0,2,0,0,0,0,,,,0,0,0,0,0,5,0,0,0,0,0,0,2,0.0,0,1,3,0,20,9,0,0,0,2,5,1,100.0,0.0,0,0,0,15,17,0,0.36,0,4,,2
1134558,Niklas Odegard,niklas-odegard,661,Molde FK,6.15,12.3,2,0,0,1,0,0.01,0,10,1,11,90.91,3,7,4,0,0,0.0,0,0,0,0,0,0,0.0,1,0,1,0,0.0,1,33.33,1,11.11,51,0.0,0,0,0,0,0,0,0,0,1,0,0,0,0,0,0.0,1,0,0,1,6,0,0,0,20,0,1,0,0,2,0,0,0,0,,,,0,0,0,0,0,1,0,0,0,0,0,0,0,0.0,0,0,2,0,8,2,0,0,0,0,1,0,0.0,0.0,0,0,0,4,7,0,0.29,0,0,,2
1173172,Jeanuël Belocian,jeanuel-belocian,1658,Stade Rennais,6.13,18.4,3,0,0,0,0,0.0,0,94,6,100,94.0,82,12,2,0,0,0.0,2,1,2,1,1,0,0.0,0,0,0,4,50.0,0,0.0,4,44.44,192,0.0,0,0,0,2,0,0,0,0,0,0,0,0,0,13,81.25,7,0,0,0,6,0,6,5,122,2,3,0,0,1,0,0,0,0,,,,0,0,0,0,0,3,0,0,0,0,0,0,3,0.0,0,0,0,0,5,1,0,0,0,16,3,0,0.0,0.0,0,0,0,84,16,0,0.0,0,3,,3
79760,Yury Lodygin,yury-lodygin,3248,Panathinaikos FC,6.1,6.1,1,0,0,0,0,0.02,0,16,7,23,69.57,12,4,2,1,0,0.0,0,0,0,0,0,0,0.0,0,0,0,0,0.0,0,0.0,0,0.0,90,0.0,0,0,0,0,0,0,0,0,0,0,0,0,0,7,50.0,1,1,0,0,7,0,2,1,31,0,0,0,0,0,0,0,0,2,,,,0,0,0,1,1,2,0,0,2,2,0,0,1,0.0,0,1,0,0,0,0,0,0,0,14,2,0,0.0,0.0,0,0,0,12,11,0,0.0,2,7,,1
942689,Ondřej Zmrzlý,ondrej-zmrzly,2216,SK Slavia Praha,6.0,12.0,2,0,0,0,0,0.01,0,36,11,47,76.6,22,14,6,1,0,0.0,1,0,0,0,0,0,0.0,0,0,0,3,27.27,0,0.0,3,23.08,173,0.0,0,0,0,0,0,0,0,0,0,0,0,0,0,2,66.67,1,0,0,0,15,0,6,1,69,2,4,0,0,2,0,0,0,0,,,,0,0,0,0,0,4,2,0,0,0,0,0,2,0.0,0,1,2,0,10,2,0,0,0,3,6,1,100.0,0.0,0,0,0,29,18,0,0.0,0,5,,2
1048102,Bogdan Racovițan,bogdan-racovitan,35268,Raków Częstochowa,6.0,30.0,5,0,0,0,0,0.07,0,189,40,229,82.53,110,79,31,2,0,0.0,7,7,0,1,1,0,0.0,0,0,0,9,45.0,6,46.15,15,45.45,372,0.0,0,0,0,1,0,0,0,0,0,0,0,0,0,17,51.52,9,0,0,1,58,0,32,15,311,2,5,0,0,3,0,0,0,0,,,,0,0,0,0,0,8,0,0,0,0,0,0,5,0.0,0,2,2,3,18,7,0,0,0,33,8,5,71.43,0.0,0,0,0,123,109,0,0.0,1,27,,5
846148,Victor Nelsson,victor-nelsson,3061,Galatasaray,5.9,5.9,1,0,0,0,0,0.0,0,28,3,31,90.32,25,3,0,0,0,0.0,1,0,0,1,1,0,0.0,0,0,0,1,33.33,3,100.0,4,66.67,62,0.0,0,0,0,0,0,0,0,0,0,0,0,0,0,1,33.33,2,0,0,0,3,0,1,0,36,0,1,0,0,1,1,0,0,0,,,,0,0,0,0,0,0,1,0,0,0,0,0,1,0.0,0,0,0,0,2,0,0,0,0,3,1,1,100.0,0.0,0,0,0,27,4,0,0.0,0,2,,1
316414,Nicolás Freire,nicolas-freire,3245,Olympiacos FC,5.9,5.9,1,0,0,0,0,0.0,0,42,16,58,72.41,31,11,1,0,0,0.0,0,2,0,0,0,0,0.0,0,0,0,0,0.0,3,37.5,3,37.5,90,0.0,0,0,0,0,0,0,0,0,0,0,0,0,0,5,33.33,7,1,0,0,16,0,11,5,70,0,0,0,0,0,0,0,0,0,,,,0,0,0,0,0,3,0,0,0,0,0,0,1,0.0,0,0,0,0,5,5,0,0,0,15,3,0,0.0,0.0,0,0,0,38,20,0,0.0,0,11,,1
1020100,James Gomez,james-gomez,2218,AC Sparta Praha,5.8,5.8,1,0,0,0,0,0.0,0,21,4,25,84.0,19,2,0,0,0,0.0,1,0,1,0,0,0,0.0,1,1,0,1,25.0,1,50.0,2,33.33,45,0.0,0,0,0,0,0,0,0,0,1,0,0,0,0,0,0.0,1,1,0,0,6,0,0,0,33,0,2,0,0,1,0,0,0,0,,,,0,0,0,0,0,2,0,0,0,0,0,0,1,0.0,0,0,0,0,4,1,0,0,0,1,2,1,100.0,0.0,0,0,0,22,3,0,0.11,1,2,,1
1471764,El Hadji Malick Diouf,diouf-el-hadji-malick,2216,SK Slavia Praha,4.6,4.6,1,0,0,0,0,0.0,0,7,1,8,87.5,6,2,0,0,0,0.0,0,1,0,1,1,1,100.0,0,0,0,0,0.0,0,0.0,0,0.0,26,0.0,0,0,0,0,0,0,0,0,0,0,0,0,0,0,0.0,0,0,0,0,3,0,1,0,16,0,1,0,0,0,0,0,0,0,,,,0,0,0,0,0,0,0,0,0,0,0,0,1,0.0,0,0,0,1,1,0,0,0,0,0,0,0,0.0,0.0,0,0,0,6,3,0,0.0,0,0,,1
953414,Konstantinos Tzolakis,konstantinos-tzolakis,3245,Olympiacos FC,0.0,0.0,0,0,0,0,0,0.0,0,0,0,0,0.0,0,0,0,0,0,0.0,0,0,1,0,0,0,0.0,0,0,0,0,0.0,0,0.0,0,0.0,0,0.0,0,0,0,0,0,0,0,0,0,0,0,0,0,0,0.0,0,0,0,0,0,0,0,0,0,0,0,0,0,0,0,0,0,0,,,,0,0,0,0,0,0,0,0,0,0,0,0,0,0.0,0,0,0,0,0,0,0,0,0,0,0,0,0.0,0.0,0,0,0,0,0,0,0.0,0,0,,0
961684,Anass Salah-Eddine,anass-salah-eddine,2953,AFC Ajax,0.0,0.0,0,0,0,0,0,0.0,0,1,0,1,100.0,1,0,0,0,0,0.0,0,0,0,0,0,0,0.0,0,0,0,0,0.0,0,0.0,0,0.0,1,0.0,0,0,0,0,0,0,0,0,0,0,0,0,0,0,0.0,0,0,0,0,0,0,0,0,1,0,0,0,0,0,0,0,0,0,,,,0,0,0,0,0,0,0,0,0,0,0,0,0,0.0,0,0,0,0,0,0,0,0,0,0,0,0,0.0,0.0,0,0,0,1,0,0,0.0,0,0,,1
331837,Alireza Jahanbakhsh,alireza-jahanbakhsh,2959,Feyenoord,0.0,0.0,0,0,0,0,0,0.0,0,0,0,0,0.0,0,0,0,0,0,0.0,0,0,0,0,0,0,0.0,0,0,0,0,0.0,0,0.0,0,0.0,1,0.0,0,0,0,0,0,0,0,0,0,0,0,0,0,0,0.0,0,0,0,0,0,0,0,0,0,0,0,0,0,0,0,0,0,0,,,,0,0,0,0,0,0,0,0,0,0,0,0,0,0.0,0,0,0,0,0,0,0,0,0,0,0,0,0.0,0.0,0,0,0,0,0,0,0.0,0,0,,1
845486,Tanguy Ndombélé,tanguy-ndombele,3061,Galatasaray,0.0,0.0,0,0,0,0,0,0.0,0,0,0,0,0.0,0,0,0,0,0,0.0,0,0,0,0,0,0,0.0,0,0,0,0,0.0,0,0.0,0,0.0,1,0.0,0,0,0,0,0,0,0,0,0,0,0,0,0,0,0.0,0,0,0,0,0,0,0,0,1,0,0,0,0,0,0,0,0,0,,,,0,0,0,0,0,0,0,0,0,0,0,0,0,0.0,0,0,0,0,0,0,0,0,0,0,0,0,0.0,0.0,0,0,0,0,0,0,0.0,0,0,,1
872307,Jakov Medić,jakov-medic,2953,AFC Ajax,0.0,0.0,0,0,0,0,0,0.0,0,1,0,1,100.0,1,0,0,0,0,0.0,0,0,0,0,0,0,0.0,0,0,0,0,0.0,0,0.0,0,0.0,1,0.0,0,0,0,0,0,0,0,0,0,0,0,0,0,0,0.0,0,0,0,0,0,0,0,0,2,0,0,0,0,0,0,0,0,0,,,,0,0,0,0,0,0,0,0,0,0,0,0,0,0.0,0,0,0,0,1,1,0,0,0,0,0,0,0.0,0.0,0,0,0,1,0,0,0.0,0,0,,1
1152834,Luigi Cherubini,luigi-cherubini,2702,AS Roma,0.0,0.0,0,0,0,0,0,0.0,0,2,0,2,100.0,2,0,0,0,0,0.0,0,0,0,0,0,0,0.0,0,0,0,0,0.0,0,0.0,0,0.0,1,0.0,0,0,0,0,0,0,0,0,0,0,0,0,0,0,0.0,0,0,0,0,0,0,0,0,2,0,0,0,0,0,0,0,0,0,,,,0,0,0,0,0,0,0,0,0,0,0,0,0,0.0,0,0,0,0,0,0,0,0,0,0,0,0,0.0,0.0,0,0,0,2,0,0,0.0,0,0,,1
1142573,Jaydon Banel,jaydon-banel,2953,AFC Ajax,0.0,0.0,0,0,0,0,0,0.0,0,0,0,0,0.0,0,0,0,0,0,0.0,0,0,0,0,0,0,0.0,0,0,0,0,0.0,1,33.33,1,33.33,1,0.0,0,0,0,0,0,0,0,0,0,0,0,0,0,0,0.0,1,0,0,0,0,0,0,0,1,0,0,0,0,0,0,0,0,0,,,,0,0,0,0,0,0,0,0,0,0,0,0,0,0.0,0,0,0,0,2,2,0,0,0,0,0,0,0.0,0.0,0,0,0,0,0,0,0.0,0,0,,1
1416583,Mattia Mannini,mannini-mattia,2702,AS Roma,0.0,0.0,0,0,0,0,0,0.0,0,1,1,2,50.0,1,0,0,0,0,0.0,0,0,0,0,0,0,0.0,0,0,0,0,0.0,0,0.0,0,0.0,4,0.0,0,0,0,0,0,0,0,0,0,0,0,0,0,0,0.0,0,0,0,0,2,0,0,0,8,0,1,0,0,0,0,0,0,0,,,,0,0,0,0,0,0,0,0,0,0,0,0,0,0.0,0,0,0,1,1,0,0,0,0,0,0,0,0.0,0.0,0,0,0,1,2,0,0.0,0,1,,1
1130660,Ayman Aourir,aourir-ayman,2681,Bayer 04 Leverkusen,0.0,0.0,0,0,0,0,0,0.0,0,1,0,1,100.0,1,0,0,0,0,0.0,0,0,0,0,0,0,0.0,0,0,0,0,0.0,0,0.0,0,0.0,2,0.0,0,0,0,0,0,0,0,0,0,0,0,0,0,0,0.0,0,0,0,0,1,0,0,0,2,0,0,0,0,0,0,0,0,0,,,,0,0,0,0,0,0,0,0,0,0,0,0,0,0.0,0,0,0,0,0,0,0,0,0,0,0,0,0.0,0.0,0,0,0,1,0,0,0.0,0,1,,1
1212165,George Earthy,george-earthy,37,West Ham United,0.0,0.0,0,0,0,0,0,0.0,0,2,0,2,100.0,1,1,1,0,0,0.0,0,0,0,0,0,0,0.0,0,0,0,0,0.0,0,0.0,0,0.0,4,0.0,0,0,0,0,0,0,0,0,0,0,0,0,0,0,0.0,0,0,0,0,0,0,0,0,2,0,0,0,0,0,0,0,0,0,,,,0,0,0,0,0,0,0,0,0,0,0,0,0,0.0,0,0,0,0,0,0,0,0,0,0,0,0,0.0,0.0,0,0,0,1,1,0,0.0,0,0,,1
1186444,Moustapha Cissé,moustapha-cisse,2686,Atalanta,0.0,0.0,0,0,0,0,0,0.01,0,1,1,2,50.0,0,1,1,0,0,0.0,0,0,0,0,0,0,0.0,0,0,0,0,0.0,0,0.0,0,0.0,1,0.0,0,0,0,0,0,0,0,0,0,0,0,0,0,0,0.0,0,0,0,0,2,0,0,0,3,0,0,0,0,0,0,0,0,0,,,,0,0,0,0,0,0,0,0,0,0,0,0,0,0.0,0,0,1,0,1,0,0,0,0,0,0,0,0.0,0.0,0,0,0,0,2,0,0.0,0,0,,1
1489949,Leonardo Mendicino,mendicino-leonardo,2686,Atalanta,0.0,0.0,0,0,0,0,0,0.0,0,1,0,1,100.0,1,0,0,0,0,0.0,0,0,0,0,0,0,0.0,0,0,0,0,0.0,0,0.0,0,0.0,1,0.0,0,0,0,0,0,0,0,0,0,0,0,0,0,0,0.0,0,0,0,0,0,0,0,0,1,0,0,0,0,0,0,0,0,0,,,,0,0,0,0,0,0,0,0,0,0,0,0,0,0.0,0,0,0,0,0,0,0,0,0,0,0,0,0.0,0.0,0,0,0,1,0,0,0.0,0,0,,1
1012182,Tommaso De Nipoti,tommaso-de-nipoti,2686,Atalanta,0.0,0.0,0,0,0,0,0,0.0,0,0,2,2,0.0,0,0,0,0,0,0.0,0,0,0,0,0,0,0.0,0,0,0,0,0.0,0,0.0,0,0.0,1,0.0,0,0,0,0,0,0,0,0,0,0,0,0,0,0,0.0,0,0,0,0,2,0,0,0,2,0,1,0,0,0,0,0,0,0,,,,0,0,0,0,0,0,0,0,0,0,0,0,0,0.0,0,0,0,0,2,1,0,0,0,0,0,0,0.0,0.0,0,0,0,0,2,0,0.0,0,0,,1
1101836,Dan Botan,dan-botan,5173,Sheriff Tiraspol,0.0,0.0,0,0,0,0,0,0.0,0,0,0,0,0.0,0,0,0,0,0,0.0,0,0,0,0,0,0,0.0,0,0,0,0,0.0,0,0.0,0,0.0,1,0.0,0,0,0,0,0,0,0,0,0,0,0,0,0,0,0.0,0,0,0,0,1,0,0,0,1,0,0,0,0,0,0,0,0,0,,,,0,0,0,0,0,0,0,0,0,0,0,0,0,0.0,0,0,1,0,1,0,0,0,0,0,0,0,0.0,0.0,0,0,0,0,0,0,0.0,0,0,,1
1048192,Max Johnston,max-johnston,2051,SK Sturm Graz,0.0,0.0,0,0,0,0,0,0.0,0,5,0,5,100.0,3,2,1,0,0,0.0,0,0,0,0,0,0,0.0,0,0,0,0,0.0,0,0.0,0,0.0,4,0.0,0,0,0,0,0,0,0,0,0,0,0,0,0,1,100.0,0,0,0,0,1,0,1,1,7,0,0,0,0,0,0,0,0,0,,,,0,0,0,0,0,0,0,0,0,0,0,0,0,0.0,0,0,0,1,0,0,0,0,0,1,0,0,0.0,0.0,0,0,0,3,3,0,0.0,0,1,,2
