player_id,player_name,player_slug,team_id,team_name,rating,totalRating,countRating,goals,bigChancesCreated,bigChancesMissed,assists,expectedAssists,goalsAssistsSum,accuratePasses,inaccuratePasses,totalPasses,accuratePassesPercentage,accurateOwnHalfPasses,accurateOppositionHalfPasses,accurateFinalThirdPasses,keyPasses,successfulDribbles,successfulDribblesPercentage,tackles,interceptions,yellowCards,directRedCards,redCards,accurateCrosses,accurateCrossesPercentage,totalShots,shotsOnTarget,shotsOffTarget,groundDuelsWon,groundDuelsWonPercentage,aerialDuelsWon,aerialDuelsWonPercentage,totalDuelsWon,totalDuelsWonPercentage,minutesPlayed,goalConversionPercentage,penaltiesTaken,penaltyGoals,penaltyWon,penaltyConceded,shotFromSetPiece,freeKickGoal,goalsFromInsideTheBox,goalsFromOutsideTheBox,shotsFromInsideTheBox,shotsFromOutsideTheBox,headedGoals,leftFootGoals,rightFootGoals,accurateLongBalls,accurateLongBallsPercentage,clearances,errorLeadToGoal,errorLeadToShot,dispossessed,possessionLost,possessionWonAttThird,totalChippedPasses,accurateChippedPasses,touches,wasFouled,fouls,hitWoodwork,ownGoals,dribbledPast,offsides,blockedShots,passToAssist,saves,kilometersCovered,numberOfSprints,topSpeed,cleanSheet,penaltyFaced,penaltySave,savedShotsFromInsideTheBox,savedShotsFromOutsideTheBox,goalsConcededInsideTheBox,goalsConcededOutsideTheBox,punches,runsOut,successfulRunsOut,highClaims,crossesNotClaimed,matchesStarted,penaltyConversion,setPieceConversion,totalAttemptAssist,totalContest,totalCross,duelLost,aerialLost,attemptPenaltyMiss,attemptPenaltyPost,attemptPenaltyTarget,totalLongBalls,goalsConceded,tacklesWon,tacklesWonPercentage,scoringFrequency,yellowRedCards,savesCaught,savesParried,totalOwnHalfPasses,totalOppositionHalfPasses,totwAppearances,expectedGoals,goalKicks,ballRecovery,outfielderBlocks,appearances
928490,Mukhammejan Seisen,mukhammejan-seisen,36155,Astana,8.85,17.7,2,0,0,0,0,0.0,0,33,33,66,50.0,27,6,3,0,0,0.0,0,0,1,0,0,0,0.0,0,0,0,1,50.0,1,100.0,2,66.67,180,0.0,0,0,0,0,0,0,0,0,0,0,0,0,0,9,21.43,6,0,0,0,34,0,1,0,113,1,0,0,0,1,0,0,0,22,,,,0,0,0,15,6,4,0,2,2,2,3,0,2,0.0,0.0,0,0,0,1,0,0,0,0,42,4,0,0.0,0.0,0,0,1,31,35,1,,25,24,,2
958966,Mykhailo Mudryk,mykhailo-mudryk,38,Chelsea,7.85,31.4,4,3,2,0,3,1.25,6,74,22,96,77.08,21,54,36,11,6,35.29,1,1,0,0,0,1,14.29,8,4,3,14,42.42,2,25.0,16,39.02,360,37.5,0,0,0,0,0,0,2,1,6,2,1,0,2,3,75.0,1,0,0,3,50,3,5,4,164,7,3,0,0,3,1,1,0,0,,,,2,0,0,0,0,3,0,0,0,0,0,0,4,0.0,0.0,11,17,7,25,6,0,0,0,4,3,1,100.0,120.0,0,0,0,24,79,1,0.8,0,12,,4
893640,Riccardo Sottil,riccardo-sottil,2693,Fiorentina,7.85,31.4,4,2,0,0,1,0.66,3,77,17,94,81.91,17,64,38,4,11,84.62,2,0,1,0,0,4,26.67,12,8,2,23,69.7,0,0.0,23,65.71,273,16.67,0,0,0,0,0,0,2,0,6,6,0,1,1,2,33.33,0,0,0,2,42,2,4,1,161,10,3,0,0,3,0,2,0,0,,,,0,0,0,0,0,3,0,0,0,0,0,0,4,0.0,0.0,4,13,15,12,2,0,0,0,6,3,1,50.0,136.5,0,0,0,21,88,1,1.16,0,12,,4
1160957,Alberto Costa,alberto-baio,3009,Vitória SC,7.78,31.1,4,1,1,1,0,0.22,1,105,31,136,77.21,45,60,35,4,11,91.67,13,11,2,0,0,0,0.0,7,2,3,27,69.23,9,60.0,36,66.67,360,14.29,0,0,0,0,0,0,1,0,4,3,0,0,1,6,54.55,12,0,0,6,55,2,9,5,269,3,4,1,0,1,0,2,0,0,,,,0,0,0,0,0,3,1,0,0,0,0,0,4,0.0,0.0,4,12,8,18,6,0,0,0,11,4,11,84.62,360.0,0,0,0,56,88,0,0.4,0,20,,4
974505,Enzo Fernández,enzo-fernandez,38,Chelsea,7.75,46.5,6,2,2,0,6,0.46,8,237,27,264,89.77,115,126,54,9,3,60.0,6,4,1,0,0,4,50.0,5,4,0,14,56.0,3,37.5,17,51.52,341,40.0,0,0,0,0,0,0,2,0,2,3,1,0,1,14,73.68,3,0,0,1,43,1,18,13,321,5,3,0,0,5,1,1,0,0,,,,0,0,0,0,0,3,0,0,0,0,0,0,5,0.0,0.0,9,5,8,16,5,0,0,0,19,3,5,83.33,170.5,0,0,0,122,150,2,0.54,0,18,,6
1396009,Kaio César,kaio-cesar,3009,Vitória SC,7.73,46.4,6,0,2,3,2,1.75,2,117,35,152,76.97,35,85,56,14,8,53.33,17,3,0,0,0,3,37.5,15,9,4,34,61.82,2,28.57,36,58.06,430,0.0,0,0,1,0,0,0,0,0,10,5,0,0,0,9,64.29,0,0,0,5,68,12,11,5,258,9,8,0,0,1,1,2,0,0,,,,0,0,0,0,0,2,2,0,0,0,0,0,5,0.0,0.0,14,15,8,26,5,0,0,0,14,4,10,58.82,0.0,0,0,0,44,116,0,1.54,0,35,,6
1083777,Kacper Tobiasz,kacper-tobiasz,3106,Legia Warszawa,7.73,30.9,4,0,0,0,0,0.0,0,65,41,106,61.32,53,12,3,0,0,0.0,0,0,0,0,0,0,0.0,0,0,0,1,100.0,3,100.0,4,100.0,390,0.0,0,0,0,0,0,0,0,0,0,0,0,0,0,17,31.48,8,0,0,0,41,0,16,9,151,1,0,0,0,0,0,0,0,15,,,,3,1,1,11,4,3,0,4,2,2,3,0,4,0.0,0.0,0,0,0,0,0,0,0,0,54,3,0,0.0,0.0,0,0,7,65,41,1,,26,26,,4
851671,João Félix,joao-felix,38,Chelsea,7.72,38.6,5,4,3,3,0,0.71,4,131,25,156,83.97,38,94,51,7,8,40.0,2,2,0,0,0,1,14.29,16,7,7,18,51.43,0,0.0,18,51.43,328,25.0,0,0,0,0,0,0,3,1,11,5,0,0,4,15,75.0,0,0,0,0,50,2,25,14,225,8,4,0,0,1,0,2,0,0,,,,1,0,0,0,0,3,0,0,0,0,0,0,3,0.0,0.0,7,20,7,17,0,0,0,0,20,3,1,50.0,82.0,0,0,0,42,121,2,3.14,0,9,,5
990265,Gary Magnee,gary-magnee,2929,Cercle Brugge,7.71,54.0,7,3,4,0,1,1.79,4,100,66,166,60.24,23,100,48,24,11,45.83,15,12,2,0,0,23,35.94,8,5,1,30,44.12,6,42.86,36,43.9,517,37.5,0,0,0,0,1,0,3,0,6,2,0,0,3,4,13.79,18,0,0,8,147,4,24,7,380,4,6,1,0,11,0,2,0,0,,,,2,0,0,0,0,5,2,0,0,0,0,0,5,0.0,0.0,24,24,64,46,8,0,0,0,29,7,12,80.0,172.33,0,0,0,35,195,1,1.06,0,22,,7
977918,Casper Öyvann,casper-oyvann,661,Molde FK,7.7,15.4,2,0,0,0,0,0.07,0,176,11,187,94.12,131,45,9,0,1,100.0,5,4,0,0,0,0,0.0,1,1,0,6,66.67,4,66.67,10,66.67,180,0.0,0,0,0,0,0,0,0,0,0,1,0,0,0,5,55.56,7,0,0,1,13,1,4,3,214,1,0,0,0,2,0,0,0,0,,,,1,0,0,0,0,2,0,0,0,0,0,0,2,0.0,0.0,0,1,0,5,2,0,0,0,9,2,4,80.0,0.0,0,0,0,133,54,0,0.08,0,15,,2
795899,Ognjen Čančarević,ognjen-cancarevic,262228,FC Noah,7.67,23.0,3,0,0,0,0,0.0,0,76,22,98,77.55,73,3,1,0,0,0.0,0,0,0,0,0,0,0.0,0,0,0,1,100.0,0,0.0,1,100.0,270,0.0,0,0,0,0,0,0,0,0,0,0,0,0,0,15,40.54,3,1,1,0,22,0,15,11,142,1,0,0,0,0,0,0,0,22,,,,1,1,0,16,6,8,1,1,1,1,0,0,3,0.0,0.0,0,0,0,0,0,0,0,0,37,9,0,0.0,0.0,0,1,3,80,18,1,,23,29,,3
999237,Georgios Koutsias,georgios-koutsias,2443,FC Lugano,7.65,15.3,2,2,1,2,1,0.01,3,12,5,17,70.59,8,4,1,1,1,50.0,3,1,1,0,0,0,0.0,5,4,1,6,54.55,2,33.33,8,47.06,150,40.0,0,0,0,0,0,0,2,0,5,0,0,2,0,0,0.0,1,0,0,1,12,0,0,0,40,2,3,0,0,0,0,0,0,0,,,,0,0,0,0,0,3,0,0,0,0,0,0,2,0.0,0.0,1,2,1,9,4,0,0,0,0,3,2,66.67,75.0,0,0,0,8,10,1,2.2,0,0,,2
946291,Svit Sešlar,svit-seslar,2413,NK Celje,7.64,91.7,12,2,6,2,8,4.65,10,408,89,497,82.09,134,289,168,28,14,53.85,16,7,1,0,0,15,35.71,18,9,3,47,44.34,5,33.33,52,42.98,1044,11.11,0,0,1,0,1,0,2,0,11,7,0,2,0,28,59.57,4,0,0,24,174,7,45,18,715,17,12,0,0,11,1,6,0,0,,,,2,0,0,0,0,19,3,0,0,0,0,0,11,0.0,0.0,28,26,42,69,10,0,0,0,47,22,12,75.0,522.0,0,0,0,151,388,4,2.05,0,52,,12
1087359,Renato Veiga,renato-veiga,38,Chelsea,7.63,45.8,6,2,2,0,1,0.86,3,435,48,483,90.06,260,175,78,10,4,33.33,5,9,1,0,0,0,0.0,9,2,2,11,40.74,7,87.5,18,51.43,540,22.22,0,0,0,0,0,0,2,0,6,3,2,0,0,25,60.98,13,0,0,0,68,2,18,8,588,2,6,0,0,3,0,5,0,0,,,,2,0,0,0,0,5,0,0,0,0,0,0,6,0.0,0.0,10,12,1,17,1,0,0,0,41,5,3,60.0,270.0,0,0,0,272,212,1,0.28,1,33,,6
862470,Kévin Denkey,kevin-denkey,2929,Cercle Brugge,7.6,30.4,4,4,1,3,4,0.89,8,42,22,64,65.63,7,35,24,5,1,25.0,2,2,2,0,1,0,0.0,10,8,1,9,50.0,8,34.78,17,41.46,230,40.0,1,1,1,0,0,0,4,0,10,0,0,3,1,0,0.0,0,0,0,4,41,4,1,0,108,6,5,0,0,0,3,1,0,0,,,,0,0,0,0,0,4,0,0,0,0,0,0,3,100.0,0.0,5,4,1,24,15,0,0,0,1,4,1,50.0,57.5,1,0,0,9,56,1,2.63,0,8,,4
1128120,Petar Stanić,petar-stanic,263360,FK TSC Bačka Topola,7.6,60.8,8,3,3,1,1,1.78,4,283,41,324,87.35,90,198,109,17,21,75.0,19,7,2,0,0,5,17.86,16,7,5,62,62.63,3,50.0,65,61.9,694,18.75,0,0,0,1,1,0,2,1,7,9,0,1,2,14,70.0,5,0,0,10,97,9,19,10,497,22,15,0,0,7,0,4,0,0,,,,0,0,0,0,0,17,2,0,0,0,0,0,8,0.0,0.0,17,28,28,40,3,0,0,0,20,19,10,52.63,231.33,0,0,0,94,258,2,1.22,0,55,,8
795297,Lucas Martínez Quarta,lucas-martinez-quarta,2693,Fiorentina,7.6,38.0,5,2,0,0,0,0.16,2,313,40,353,88.67,194,121,32,6,4,100.0,11,12,2,0,0,2,100.0,5,3,1,18,69.23,12,54.55,30,62.5,435,40.0,0,0,0,0,0,0,2,0,4,1,2,0,0,28,59.57,19,1,0,3,46,1,30,19,431,3,4,0,0,1,1,1,0,0,,,,1,0,0,0,0,6,0,0,0,0,0,0,5,0.0,0.0,6,4,2,18,10,0,0,0,47,6,6,54.55,217.5,0,0,0,210,145,1,0.73,1,32,,5
1089580,Matthew Healy,matthew-healy,3177,Shamrock Rovers,7.6,15.2,2,0,0,0,0,0.37,0,172,25,197,87.31,84,90,49,2,1,50.0,9,2,0,0,0,2,11.11,1,0,1,13,61.9,1,25.0,14,56.0,208,0.0,0,0,0,0,0,0,0,0,0,1,0,0,0,10,47.62,4,0,0,4,49,0,20,11,255,3,0,0,0,3,0,0,0,0,,,,0,0,0,0,0,0,1,0,0,0,0,0,2,0.0,0.0,2,2,18,11,3,0,0,0,21,1,6,66.67,0.0,0,0,0,90,125,1,0.03,0,9,,2
958380,Antony,antony,2816,Real Betis,7.59,68.3,9,4,5,0,3,2.32,7,313,55,368,85.05,67,250,150,10,13,40.63,13,10,3,0,0,4,23.53,27,13,5,36,46.15,3,50.0,39,46.43,770,14.81,0,0,0,0,1,1,1,3,13,14,0,3,1,6,100.0,4,0,0,11,117,7,9,8,536,10,9,0,0,3,0,9,0,0,,,,1,0,0,0,0,8,2,0,0,0,0,0,9,0.0,100.0,10,32,17,45,3,0,0,0,6,10,8,61.54,192.5,0,0,0,78,307,3,1.41,0,37,,9
100744,Magnus Wolff Eikrem,magnus-wolff-eikrem,661,Molde FK,7.57,45.4,6,2,1,0,0,1.46,2,244,74,318,76.73,59,194,139,15,4,44.44,3,2,3,0,0,9,26.47,19,8,6,8,36.36,0,0.0,8,34.78,538,10.53,0,0,0,0,1,0,1,1,10,9,0,0,2,18,54.55,2,0,0,4,122,5,38,21,423,1,3,0,0,2,0,5,0,0,,,,0,0,0,0,0,6,1,0,0,0,0,0,6,0.0,0.0,15,9,34,15,1,0,0,0,33,7,0,0.0,269.0,0,0,0,66,286,1,1.45,0,15,,6
99558,Connor Roberts,connor-roberts,4921,The New Saints,7.57,45.4,6,0,0,0,0,0.0,0,157,73,230,68.26,138,19,3,0,0,0.0,0,0,1,0,0,0,0.0,0,0,0,1,50.0,1,50.0,2,50.0,540,0.0,0,0,0,0,0,0,0,0,0,0,0,0,0,50,40.98,2,0,0,0,74,0,28,18,283,1,0,0,0,1,0,0,0,31,,,,1,1,0,23,8,10,0,0,0,0,5,0,6,0.0,0.0,0,0,0,2,1,0,0,0,122,10,0,0.0,0.0,0,1,8,162,68,0,,43,42,,6
861970,Kiernan Dewsbury-Hall,kiernan-dewsbury-hall,38,Chelsea,7.56,98.3,13,4,3,3,2,1.62,6,617,64,681,90.6,236,392,212,22,15,71.43,11,6,0,0,0,11,29.73,24,13,8,37,57.81,5,55.56,42,57.53,1024,16.67,0,0,2,0,0,0,4,0,15,9,0,4,0,20,66.67,11,0,0,8,116,12,25,15,842,11,8,0,0,7,1,3,0,0,,,,3,0,0,0,0,9,0,0,0,0,0,0,11,0.0,0.0,22,21,37,31,4,0,0,0,30,9,6,54.55,256.0,0,0,0,243,475,2,3.08,0,45,,13
103417,Isco,isco,2816,Real Betis,7.56,68.0,9,2,6,1,3,1.62,5,365,44,409,89.24,93,279,164,26,19,54.29,9,1,2,0,0,7,21.21,13,3,5,39,41.49,4,30.77,43,40.19,630,15.38,0,0,0,0,0,0,2,0,10,3,0,0,2,35,89.74,2,0,0,17,116,10,37,31,570,11,18,0,0,5,0,5,0,0,,,,0,0,0,0,0,8,2,0,0,0,0,0,7,0.0,0.0,26,35,33,64,9,0,0,0,39,10,6,66.67,315.0,0,0,0,98,344,4,2.16,0,46,,9
878471,Nenad Cvetković,nenad-cvetkovic,2055,SK Rapid Wien,7.55,75.5,10,1,1,2,1,0.31,2,488,66,554,88.09,284,205,67,4,1,20.0,19,11,2,0,0,1,100.0,8,2,2,28,62.22,38,69.09,66,66.0,870,12.5,0,0,0,0,0,0,1,0,8,0,0,0,1,28,54.9,64,0,2,1,78,0,18,10,715,8,10,1,0,3,0,4,0,0,,,,4,0,0,0,0,5,0,0,0,0,0,0,10,0.0,0.0,4,5,1,34,17,0,0,0,51,5,13,68.42,870.0,0,0,0,310,245,2,0.77,0,33,,10
978405,Jonas Auer,jonas-auer,2055,SK Rapid Wien,7.54,60.3,8,0,4,0,1,2.15,1,319,87,406,78.57,131,202,104,16,9,75.0,20,13,0,0,0,14,23.73,4,1,1,31,67.39,8,72.73,39,68.42,661,0.0,0,0,0,1,0,0,0,0,1,3,0,0,0,24,40.68,22,0,1,2,153,6,35,11,638,2,4,0,0,7,1,2,0,0,,,,2,0,0,0,0,6,2,0,0,0,0,0,8,0.0,0.0,16,12,59,18,3,0,0,0,59,8,11,55.0,0.0,0,0,0,154,311,0,0.16,0,41,,8
812946,Christian Kouamé,christian-kouame,2693,Fiorentina,7.53,45.2,6,1,4,2,3,2.02,4,93,42,135,68.89,16,77,52,14,6,66.67,4,2,3,0,0,0,0.0,21,5,13,18,46.15,28,59.57,46,53.49,540,4.76,0,0,0,0,0,0,1,0,18,3,0,0,0,3,100.0,4,0,0,8,75,3,5,3,227,8,11,0,0,1,5,3,0,0,,,,2,0,0,0,0,7,0,0,0,0,0,0,6,0.0,0.0,14,9,0,40,19,0,0,0,3,7,2,50.0,540.0,0,0,0,20,115,1,1.78,0,16,,6
791092,Lawrence Ati Zigi,lawrence-ati-zigi,2442,FC St. Gallen 1879,7.53,45.2,6,0,0,0,0,0.01,0,165,41,206,80.1,147,18,6,0,1,100.0,0,0,1,0,0,0,0.0,0,0,0,4,100.0,4,100.0,8,100.0,540,0.0,0,0,0,0,0,0,0,0,0,0,0,0,0,37,48.68,7,0,0,0,41,0,15,10,284,3,1,0,0,0,0,0,0,33,,,,0,1,0,25,8,18,0,4,2,2,5,0,6,0.0,0.0,0,1,0,0,0,0,0,0,76,18,0,0.0,0.0,0,0,9,167,39,1,,40,57,,6
548178,Rolando Mandragora,rolando-mandragora,2693,Fiorentina,7.52,82.7,11,5,5,4,2,1.6,7,372,49,421,88.36,175,212,93,16,5,55.56,14,10,2,0,0,15,36.59,21,11,7,32,49.23,5,45.45,37,48.68,963,23.81,1,1,1,0,1,0,4,1,11,10,0,4,1,37,66.07,12,0,0,5,96,2,56,33,583,14,22,1,0,3,3,3,0,0,,,,1,0,0,0,0,12,3,0,0,0,0,0,11,100.0,0.0,16,9,41,39,6,0,0,0,56,15,9,64.29,192.6,0,0,0,184,278,3,3.81,0,36,,11
1124208,Armandas Kučys,armandas-kucys,2413,NK Celje,7.51,52.6,7,6,2,1,1,1.11,7,63,40,103,61.17,25,40,26,8,1,20.0,3,1,4,0,0,2,66.67,10,7,3,19,41.3,26,55.32,45,48.39,568,60.0,2,1,0,0,0,0,6,0,10,0,1,0,5,6,60.0,8,0,0,4,69,1,7,6,189,18,19,0,0,2,1,0,0,0,,,,0,0,0,0,0,8,2,0,0,0,0,0,7,50.0,0.0,8,5,3,48,21,0,0,1,10,10,1,33.33,94.67,0,0,0,38,68,2,2.91,0,10,,7
243049,Renato Steffen,renato-steffen,2443,FC Lugano,7.5,60.0,8,1,3,3,2,3.53,3,289,57,346,83.53,127,171,100,19,16,88.89,9,3,2,0,0,9,32.14,16,4,9,37,61.67,12,66.67,49,62.82,746,6.25,0,0,0,0,0,0,1,0,10,6,0,1,0,13,65.0,6,0,0,7,97,3,37,19,486,13,7,0,0,8,3,3,0,0,,,,1,0,0,0,0,9,2,0,0,0,0,0,8,0.0,0.0,19,18,28,29,6,0,0,0,20,11,9,100.0,746.0,0,0,0,138,236,1,1.71,0,30,,8
121908,Kevin Müller,kevin-muller,5885,1. FC Heidenheim,7.5,37.5,5,0,0,0,0,0.0,0,141,37,178,79.21,128,13,2,0,1,100.0,1,0,0,0,0,0,0.0,0,0,0,2,100.0,1,100.0,3,100.0,450,0.0,0,0,0,0,0,0,0,0,0,0,0,0,0,30,44.78,5,0,0,0,39,0,16,9,235,0,0,0,0,0,0,0,0,17,,,,2,0,0,9,8,3,1,3,3,3,5,0,5,0.0,0.0,0,1,0,0,0,0,0,0,67,4,1,100.0,0.0,0,0,3,134,44,0,,44,37,,5
874392,Pablo Santos,pablo-santos,262228,FC Noah,7.5,7.5,1,0,0,1,0,0.21,0,64,8,72,88.89,49,15,3,1,0,0.0,2,1,0,0,0,0,0.0,1,0,1,2,50.0,3,60.0,5,55.56,90,0.0,0,0,0,0,0,0,0,0,1,0,0,0,0,3,60.0,5,0,0,0,8,0,4,2,85,0,0,0,0,2,0,0,0,0,,,,1,0,0,0,0,0,0,0,0,0,0,0,1,0.0,0.0,1,0,0,4,2,0,0,0,5,0,1,50.0,0.0,0,0,0,53,19,0,0.15,0,4,,1
823817,Kostas Galanopoulos,kostas-galanopoulos,3398,APOEL Nicosia,7.5,15.0,2,0,0,0,0,0.05,0,68,19,87,78.16,37,31,10,2,2,100.0,7,7,0,0,0,0,0.0,2,1,1,13,72.22,1,50.0,14,70.0,180,0.0,0,0,0,0,0,0,0,0,1,1,0,0,0,1,14.29,5,0,0,1,26,1,6,1,135,4,3,0,0,1,0,0,0,0,,,,0,0,0,0,0,4,0,0,0,0,0,0,2,0.0,0.0,2,2,1,6,1,0,0,0,7,4,5,71.43,0.0,0,0,0,42,46,0,0.02,0,18,,2
1085740,Manu Silva,manu-silva,3009,Vitória SC,7.48,44.9,6,1,1,1,1,0.16,2,242,53,295,82.03,88,154,58,8,3,60.0,21,10,3,0,0,0,0.0,10,3,6,28,57.14,26,70.27,54,62.79,464,10.0,0,0,0,0,0,0,0,1,4,6,0,1,0,13,41.94,16,0,0,3,66,2,29,12,390,4,11,1,0,6,0,1,0,0,,,,0,0,0,0,0,4,1,0,0,0,0,0,5,0.0,0.0,8,5,2,32,11,0,0,0,31,5,15,71.43,464.0,0,0,0,98,199,0,0.48,0,42,,6
997191,Miloš Pantović,milos-pantovic,263360,FK TSC Bačka Topola,7.48,59.8,8,5,1,1,1,0.47,6,149,35,184,80.98,47,103,64,8,9,56.25,4,2,0,0,0,1,33.33,22,9,7,25,48.08,7,41.18,32,46.38,525,22.73,0,0,0,0,0,0,5,0,17,5,0,2,3,4,50.0,3,0,0,13,73,3,5,1,297,12,6,2,0,1,8,6,0,0,,,,0,0,0,0,0,13,0,0,0,0,0,0,6,0.0,0.0,8,16,3,37,10,0,0,0,8,13,2,50.0,105.0,0,0,0,53,134,1,3.7,0,11,,8
151131,Muamer Tanković,muamer-tankovic,171626,Pafos FC,7.47,74.7,10,1,4,5,3,2.58,4,314,66,380,82.63,118,215,120,19,10,66.67,7,2,3,0,0,19,33.33,35,14,11,31,56.36,7,36.84,38,51.35,871,2.86,1,0,1,0,0,0,1,0,18,17,0,0,1,21,58.33,7,0,0,4,129,5,36,21,571,14,7,0,0,9,1,10,0,0,,,,1,0,0,0,0,10,1,0,0,0,0,0,10,0.0,0.0,19,15,57,36,12,0,0,1,36,11,6,85.71,871.0,0,0,0,129,308,1,3.69,0,35,,10
1468082,Gustavo Silva,gustavo-silva,3009,Vitória SC,7.45,29.8,4,3,2,2,1,0.49,4,31,17,48,64.58,7,25,18,5,1,14.29,5,2,1,0,0,1,16.67,14,4,8,9,39.13,6,54.55,15,44.12,253,21.43,0,0,0,0,0,0,2,1,10,4,0,2,1,2,66.67,3,0,0,6,48,5,3,2,120,3,3,1,0,1,0,2,0,0,,,,0,0,0,0,0,3,1,0,0,0,0,0,3,0.0,0.0,5,7,6,19,5,0,0,0,3,4,3,60.0,84.33,0,0,0,10,44,0,2.98,0,17,,4
857997,Vladan Kovačević,vladan-kovacevic,3106,Legia Warszawa,7.45,14.9,2,0,0,0,0,0.0,0,30,6,36,83.33,28,2,0,0,0,0.0,0,0,0,0,0,0,0.0,0,0,0,0,0.0,0,0.0,0,0.0,180,0.0,0,0,0,0,0,0,0,0,0,0,0,0,0,4,40.0,0,0,0,0,6,0,3,2,56,0,0,0,0,0,0,0,0,10,,,,0,0,0,10,0,4,0,0,0,0,2,0,2,0.0,0.0,0,0,0,0,0,0,0,0,10,4,0,0.0,0.0,0,0,2,30,6,1,,5,12,,2
827418,Muhammed Şengezer,muhammed-sengezer,3086,Başakşehir FK,7.45,29.8,4,0,0,0,0,0.01,0,81,65,146,55.48,62,19,9,0,0,0.0,0,0,1,0,0,0,0.0,1,1,0,1,100.0,1,100.0,2,100.0,360,0.0,0,0,0,0,0,0,0,0,1,0,0,0,0,41,38.68,1,0,0,0,67,0,22,13,190,1,0,0,0,0,0,0,0,18,,,,0,0,0,10,8,5,0,1,2,2,4,0,4,0.0,0.0,0,0,0,0,0,0,0,0,106,5,0,0.0,0.0,0,0,1,72,74,0,0.05,16,41,,4
808381,Sebastian Herrera,sebastian-herrera,5235,FK Borac Banja Luka,7.44,67.0,9,0,4,0,1,1.56,1,261,103,364,71.7,117,152,87,11,8,42.11,40,23,3,0,0,8,17.02,7,3,2,59,57.84,18,75.0,77,61.11,840,0.0,0,0,0,0,0,0,0,0,4,3,0,0,0,23,34.85,36,0,0,10,210,2,44,22,726,11,16,0,0,7,1,2,0,0,,,,4,0,0,0,0,8,1,0,0,0,0,0,9,0.0,0.0,11,19,47,49,6,0,0,0,66,9,26,65.0,0.0,0,0,0,150,261,2,0.19,0,47,,9
1414933,Marc Guiu,guiu-marc,38,Chelsea,7.44,52.1,7,6,1,0,0,0.27,6,36,12,48,75.0,14,22,16,4,4,57.14,1,0,0,0,0,0,0.0,19,12,5,9,42.86,1,25.0,10,40.0,292,31.58,0,0,0,0,0,0,6,0,18,1,2,1,2,0,0.0,0,0,0,4,22,7,0,0,97,4,4,0,0,1,1,2,0,0,,,,0,0,0,0,0,4,0,0,0,0,0,0,4,0.0,0.0,4,7,0,15,3,0,0,0,0,4,1,100.0,48.67,0,0,0,14,34,1,3.25,0,9,,7
980327,Tetê,tete,3248,Panathinaikos FC,7.44,74.4,10,4,3,2,0,2.27,4,286,52,338,84.62,52,242,142,19,18,52.94,5,4,1,0,0,8,23.53,21,6,7,40,52.63,2,22.22,42,49.41,637,19.05,1,0,1,0,1,0,4,0,11,10,0,2,2,12,60.0,1,0,0,17,123,6,23,14,501,17,1,2,0,2,2,8,1,0,,,,3,0,0,0,0,6,1,0,0,0,0,0,6,0.0,0.0,18,34,34,43,7,0,0,1,20,7,4,80.0,159.25,0,0,0,56,316,1,2.59,0,38,,10
996734,Tobias Fjeld Gulliksen,tobias-fjeld-gulliksen,1759,Djurgårdens IF,7.43,89.2,12,4,2,1,2,2.66,6,344,70,414,83.09,102,247,153,29,21,58.33,19,8,2,0,0,5,33.33,26,13,7,63,50.0,4,44.44,67,49.63,1051,15.38,0,0,0,0,0,0,3,1,11,15,0,0,4,15,50.0,11,0,0,18,136,12,33,21,629,25,22,1,0,8,3,6,0,0,,,,1,0,0,0,0,12,2,0,0,0,0,0,12,0.0,0.0,29,36,15,68,5,0,0,0,30,14,14,73.68,262.75,0,0,0,112,317,2,2.0,0,60,,12
583806,Kevin Diks,kevin-diks,1284,FC København,7.43,66.9,9,4,2,2,1,0.7,5,610,60,670,91.04,321,292,116,5,2,50.0,15,7,4,0,0,3,75.0,8,5,3,24,52.17,12,57.14,36,53.73,829,50.0,4,4,1,0,0,0,4,0,6,2,0,0,4,51,72.86,20,0,0,4,85,0,42,29,819,8,12,0,0,4,0,0,0,0,,,,1,0,0,0,0,10,3,0,0,0,0,0,9,100.0,0.0,5,4,4,31,9,0,0,0,70,13,10,66.67,207.25,0,0,0,338,336,2,3.69,0,30,,9
949372,Virgile Pinson,pinson-virgile,262228,FC Noah,7.43,44.6,6,1,3,1,3,0.75,4,92,27,119,77.31,32,63,42,7,21,52.5,10,6,0,0,0,3,20.0,14,6,4,41,53.25,3,60.0,44,53.66,431,7.14,0,0,0,0,0,0,1,0,10,4,0,0,1,2,66.67,5,0,0,8,77,9,7,2,257,10,7,0,0,3,1,4,0,0,,,,0,0,0,0,0,9,0,0,0,0,0,0,4,0.0,0.0,7,40,15,38,2,0,0,0,3,9,5,50.0,431.0,0,0,0,39,95,1,1.25,0,31,,6
1386651,Leo Scienza,leo-scienza,5885,1. FC Heidenheim,7.43,44.6,6,1,3,0,0,1.37,1,89,36,125,71.2,32,65,40,12,16,55.17,8,2,1,0,0,8,30.77,19,7,6,49,62.03,1,12.5,50,57.47,478,5.26,0,0,0,0,2,1,0,1,5,14,0,0,1,7,70.0,2,0,0,11,100,5,13,5,306,25,3,2,0,3,0,6,0,0,,,,0,0,0,0,0,7,1,0,0,0,0,0,5,0.0,50.0,12,29,26,37,7,0,0,0,10,8,4,50.0,478.0,0,0,0,36,115,1,0.84,0,16,,6
156663,Davy Roef,davy-roef,2903,KAA Gent,7.43,52.0,7,0,0,0,0,0.0,0,134,45,179,74.86,125,9,1,0,1,100.0,0,0,0,0,0,0,0.0,0,0,0,2,100.0,2,100.0,4,100.0,630,0.0,0,0,0,0,0,0,0,0,0,0,0,0,0,38,47.5,5,0,0,0,47,0,31,21,253,2,0,0,0,0,0,0,0,29,,,,3,0,0,18,10,8,1,3,0,0,0,0,7,0.0,0.0,0,1,0,0,0,0,0,0,80,9,0,0.0,0.0,0,0,8,151,28,1,,40,57,,7
987650,Moisés Caicedo,moises-caicedo,38,Chelsea,7.43,29.7,4,1,0,0,1,0.5,2,228,26,254,89.76,92,136,48,3,2,100.0,7,6,1,0,0,0,0.0,2,1,0,16,66.67,3,75.0,19,67.86,259,50.0,0,0,0,0,0,0,0,1,0,2,0,0,1,9,64.29,2,0,0,1,29,0,17,7,297,7,6,0,0,3,0,1,0,0,,,,0,0,0,0,0,2,0,0,0,0,0,0,3,0.0,0.0,3,2,0,9,1,0,0,0,14,2,5,71.43,259.0,0,0,0,98,156,0,0.11,0,9,,4
558738,Krzysztof Piątek,krzysztof-piatek,3086,Başakşehir FK,7.42,44.5,6,5,1,4,1,0.5,6,64,33,97,65.98,16,48,27,5,2,22.22,2,2,2,0,0,0,0.0,25,9,11,11,33.33,19,50.0,30,42.25,465,20.0,1,1,0,0,0,0,5,0,22,3,1,1,3,0,0.0,10,0,0,7,59,4,5,3,187,7,4,0,0,5,4,5,0,0,,,,0,0,0,0,0,12,0,0,0,0,0,0,5,100.0,0.0,5,9,0,41,19,0,0,0,0,12,0,0.0,93.0,0,0,0,20,77,0,4.28,0,17,,6
988252,Tim Siersleben,tim-siersleben,5885,1. FC Heidenheim,7.41,51.9,7,1,1,0,1,0.55,2,387,66,453,85.43,285,102,38,1,1,50.0,22,20,0,0,0,0,0.0,3,2,0,30,58.82,16,59.26,46,58.97,660,33.33,0,0,0,0,0,0,1,0,3,0,0,1,0,40,57.14,31,0,1,0,77,2,52,23,574,8,15,0,0,7,0,1,0,0,,,,2,0,0,0,0,9,1,0,0,0,0,0,7,0.0,0.0,1,2,4,32,11,0,0,0,70,10,15,68.18,660.0,0,0,0,306,151,1,0.42,5,32,,7
798835,Giovani Lo Celso,lo-celso-giovani,2816,Real Betis,7.41,51.9,7,1,0,3,0,0.94,1,270,28,298,90.6,76,201,119,18,8,88.89,7,0,0,1,1,7,33.33,16,4,5,25,71.43,1,16.67,26,63.41,401,6.25,0,0,0,0,3,1,0,1,11,5,0,1,0,8,80.0,2,0,0,4,56,7,17,10,385,10,6,0,0,1,0,7,0,0,,,,0,0,0,0,0,6,1,0,0,0,0,0,4,0.0,33.33,18,9,21,15,5,0,0,0,10,7,5,71.43,401.0,0,0,0,84,235,1,1.7,0,35,,7
885908,Reece James,reece-james,38,Chelsea,7.41,51.9,7,1,2,0,0,1.5,1,347,27,374,92.78,136,219,86,8,5,62.5,13,7,0,0,0,8,66.67,6,2,2,27,75.0,3,75.0,30,75.0,409,16.67,0,0,0,0,0,0,0,1,1,5,0,0,1,16,66.67,6,0,2,3,46,2,26,17,460,9,3,0,0,0,0,2,0,0,,,,0,0,0,0,0,3,0,0,0,0,0,0,5,0.0,0.0,8,8,12,10,1,0,0,0,24,3,11,84.62,409.0,0,0,0,144,242,2,0.28,0,28,,7
995773,Dion Drena Beljo,dion-drena-beljo,2055,SK Rapid Wien,7.41,74.1,10,5,1,7,2,1.05,7,165,33,198,83.33,39,127,86,22,13,52.0,7,0,1,0,0,1,33.33,32,14,9,26,41.94,15,42.86,41,42.27,848,15.63,0,0,0,0,0,0,4,1,27,5,0,4,1,3,60.0,7,0,0,9,80,7,10,7,343,6,14,1,0,2,4,9,0,0,,,,1,0,0,0,0,8,0,0,0,0,0,0,10,0.0,0.0,22,25,3,56,20,0,0,0,5,8,4,57.14,169.6,0,0,0,43,158,2,5.39,0,23,,10
883745,Marcos López,marcos-lopez,1284,FC København,7.4,44.4,6,0,5,0,4,1.28,4,300,52,352,85.23,126,184,88,10,6,85.71,8,9,3,0,0,10,37.04,3,1,1,25,59.52,10,71.43,35,62.5,414,0.0,0,0,0,0,2,0,0,0,0,3,0,0,0,15,75.0,4,0,1,7,87,3,14,9,496,12,6,0,0,3,0,1,0,0,,,,0,0,0,0,0,7,0,0,0,0,0,0,4,0.0,0.0,10,7,27,21,4,0,0,0,20,7,6,75.0,0.0,0,0,0,146,233,0,0.14,0,28,,6
252819,Bruno Gaspar,bruno-gaspar,3009,Vitória SC,7.4,14.8,2,0,1,0,1,0.28,1,89,10,99,89.9,33,60,26,8,0,0.0,3,5,0,0,0,4,30.77,0,0,0,3,27.27,0,0.0,3,21.43,180,0.0,0,0,0,0,0,0,0,0,0,0,0,0,0,0,0.0,1,0,0,2,24,0,4,0,143,0,3,0,0,3,1,0,0,0,,,,0,0,0,0,0,1,1,0,0,0,0,0,2,0.0,0.0,8,0,13,11,3,0,0,0,2,2,3,100.0,0.0,0,0,0,36,76,0,,0,8,,2
851100,Jadon Sancho,jadon-sancho,38,Chelsea,7.39,59.1,8,2,5,0,4,2.48,6,217,27,244,88.93,50,170,121,13,11,42.31,4,2,1,0,0,3,30.0,7,5,0,17,40.48,0,0.0,17,39.53,534,28.57,0,0,0,0,0,0,2,0,7,0,0,0,2,2,100.0,4,0,0,9,66,7,4,1,331,2,0,0,0,1,2,2,0,0,,,,1,0,0,0,0,4,0,0,0,0,0,0,6,0.0,0.0,13,26,10,26,1,0,0,0,2,4,4,100.0,267.0,0,0,0,53,201,2,0.43,0,25,,8
1116315,Johnny Kenny,johnny-kenny,3177,Shamrock Rovers,7.38,44.3,6,5,1,1,1,0.28,6,43,19,62,69.35,16,27,16,3,7,50.0,1,2,1,0,0,0,0.0,17,10,5,11,28.95,4,33.33,15,30.0,475,29.41,0,0,0,0,0,0,5,0,13,4,2,1,2,1,50.0,12,0,0,13,52,3,3,2,155,4,3,1,0,4,3,2,0,0,,,,0,0,0,0,0,8,1,0,0,0,0,0,6,0.0,0.0,3,14,3,35,8,0,0,0,2,9,1,100.0,95.0,0,0,0,24,41,1,3.78,0,6,,6
962053,Filip Jørgensen,filip-jorgensen,38,Chelsea,7.38,88.6,12,0,0,0,0,0.0,0,356,34,390,91.28,350,6,0,0,1,100.0,0,0,2,0,0,0,0.0,0,0,0,2,66.67,4,100.0,6,85.71,1080,0.0,0,0,0,1,0,0,0,0,0,0,0,0,0,25,42.37,6,0,0,0,35,0,13,12,527,1,1,0,0,0,0,0,0,40,,,,5,1,0,24,16,9,0,2,3,3,12,0,12,0.0,0.0,0,1,0,1,0,0,0,0,59,9,0,0.0,0.0,0,0,7,358,32,2,,36,98,,12
791929,Daniel Stensson,daniel-stensson,1759,Djurgårdens IF,7.38,73.8,10,2,1,0,2,1.66,4,547,71,618,88.51,231,322,155,14,4,100.0,27,10,5,0,0,6,21.43,9,3,3,38,50.67,7,41.18,45,48.91,826,22.22,0,0,0,0,3,0,0,2,0,9,0,2,0,29,58.0,15,0,0,2,111,7,47,30,774,7,24,0,0,12,0,3,0,0,,,,1,0,0,0,0,10,1,0,0,0,0,0,9,0.0,0.0,14,4,28,47,10,0,0,0,50,11,14,51.85,413.0,0,0,0,251,395,1,0.29,0,67,,10
114076,Tasos Bakasetas,tasos-bakasetas,3248,Panathinaikos FC,7.37,51.6,7,1,2,0,0,1.43,1,221,36,257,85.99,73,158,88,15,4,80.0,10,2,1,0,0,10,33.33,12,3,1,18,51.43,2,50.0,20,51.28,388,8.33,0,0,0,0,3,0,1,0,2,10,0,1,0,21,80.77,6,0,0,7,69,2,27,22,359,4,5,0,0,4,0,8,0,0,,,,0,0,0,0,0,4,0,0,0,0,0,0,5,0.0,0.0,15,5,30,19,2,0,0,0,26,4,6,60.0,388.0,0,0,0,77,210,0,0.74,0,24,,7
254429,Patrick Mainka,patrick-mainka,5885,1. FC Heidenheim,7.37,51.6,7,1,0,2,0,0.12,1,355,61,416,85.34,232,123,37,2,4,100.0,14,9,1,0,0,0,0.0,6,2,3,21,55.26,25,59.52,46,57.5,660,16.67,0,0,0,0,0,0,1,0,5,1,0,0,1,16,38.1,48,0,0,2,67,0,16,6,538,3,4,0,0,11,1,1,1,0,,,,2,0,0,0,0,7,1,0,0,0,0,0,7,0.0,0.0,1,4,2,34,17,0,0,0,42,8,8,57.14,660.0,0,0,0,252,166,1,0.59,0,32,,7
331449,Nemanja Maksimović,nemanja-maksimovic,3248,Panathinaikos FC,7.37,66.3,9,1,0,1,1,0.29,2,381,31,412,92.48,156,225,88,4,1,100.0,16,11,1,0,0,0,0.0,11,3,4,20,71.43,14,53.85,34,62.96,763,9.09,0,0,1,0,0,0,1,0,11,0,0,0,1,16,76.19,28,0,0,0,45,1,13,10,528,4,5,0,0,3,0,4,0,0,,,,3,0,0,0,0,10,2,0,0,0,0,0,9,0.0,0.0,4,1,4,20,12,0,0,0,21,12,12,75.0,763.0,0,0,0,164,252,2,1.55,0,24,,9
1434582,Aleksey Ploshchadnyi,aleksey-ploshchadnyi,262228,FC Noah,7.37,22.1,3,0,0,0,0,0.0,0,50,21,71,70.42,44,6,2,0,0,0.0,1,0,0,0,0,0,0.0,0,0,0,2,100.0,0,0.0,2,100.0,270,0.0,0,0,0,0,0,0,0,0,0,0,0,0,0,11,34.38,7,0,0,0,22,0,4,1,110,1,0,0,0,0,0,0,0,11,,,,1,1,1,7,4,7,0,4,3,2,2,0,3,0.0,0.0,0,0,0,0,0,0,0,0,32,7,1,100.0,0.0,0,0,1,48,23,0,,17,27,,3
921405,Matevž Vidovšek,matevz-vidovsek,2416,NK Olimpija Ljubljana,7.36,58.9,8,0,0,0,0,0.01,0,158,57,215,73.49,134,24,7,0,0,0.0,0,0,1,0,0,0,0.0,0,0,0,4,100.0,4,100.0,8,100.0,720,0.0,0,0,0,0,0,0,0,0,0,0,0,0,0,40,42.11,7,0,2,0,58,0,6,4,297,4,0,0,0,0,0,0,0,27,,,,5,2,2,15,12,5,2,4,2,2,8,0,8,0.0,0.0,0,0,0,0,0,0,0,0,95,7,0,0.0,0.0,0,0,5,149,66,0,,51,57,,8
1142560,Martim Marques,martim-marques,2443,FC Lugano,7.35,29.4,4,1,1,1,0,0.12,1,95,24,119,79.83,53,45,19,3,1,50.0,9,4,0,0,0,3,75.0,3,3,0,14,87.5,8,57.14,22,73.33,260,33.33,0,0,0,0,0,0,1,0,3,0,0,0,1,5,35.71,7,0,1,0,32,0,10,3,185,4,1,0,0,0,0,0,0,0,,,,1,0,0,0,0,3,1,0,0,0,0,0,3,0.0,0.0,3,2,4,8,6,0,0,0,14,4,6,66.67,260.0,0,0,0,64,59,0,0.71,0,10,,5
940697,Ignacio Aliseda,ignacio-aliseda,2443,FC Lugano,7.35,14.7,2,0,1,1,0,0.31,0,68,7,75,90.67,18,50,28,3,2,50.0,4,3,0,0,0,0,0.0,6,1,2,9,52.94,0,0.0,9,45.0,140,0.0,0,0,0,0,0,0,0,0,5,1,0,0,0,4,66.67,2,0,0,3,14,3,2,1,104,3,1,0,0,2,2,3,0,0,,,,0,0,0,0,0,0,0,0,0,0,0,0,2,0.0,0.0,3,4,0,11,3,0,0,0,6,0,2,50.0,0.0,0,0,0,19,56,0,0.69,0,6,,2
899902,Matheus Aiás,matheus-aias,262228,FC Noah,7.33,44.0,6,4,1,2,0,0.33,4,66,22,88,75.0,22,45,26,8,6,54.55,4,4,2,0,0,1,25.0,14,9,3,15,46.88,7,58.33,22,50.0,338,28.57,0,0,0,0,0,0,4,0,11,3,0,1,3,5,71.43,4,0,0,8,49,4,5,3,163,5,4,0,0,2,2,2,0,0,,,,0,0,0,0,0,7,0,0,0,0,0,0,4,0.0,0.0,8,11,4,22,5,0,0,0,7,7,4,100.0,84.5,0,0,0,26,66,0,2.36,0,11,,6
377118,Robin Gosens,robin-gosens,2693,Fiorentina,7.33,58.6,8,3,4,2,3,0.78,6,125,54,179,69.83,58,71,36,8,0,0.0,12,11,0,0,0,4,22.22,9,3,4,18,54.55,19,67.86,37,60.66,426,33.33,0,0,0,0,0,0,3,0,9,0,2,0,1,7,31.82,12,0,0,1,80,1,11,6,308,6,5,0,0,8,2,2,0,0,,,,0,0,0,0,0,4,3,0,0,0,0,0,4,0.0,0.0,8,1,18,24,9,0,0,0,22,7,9,75.0,142.0,0,0,0,70,127,1,1.61,0,7,,8
1009284,Gabriel Kobylak,gabriel-kobylak,3106,Legia Warszawa,7.33,29.3,4,0,0,0,0,0.0,0,63,17,80,78.75,56,7,2,0,0,0.0,0,0,0,0,0,0,0.0,0,0,0,0,0.0,0,0.0,0,0.0,360,0.0,0,0,0,0,0,0,0,0,0,0,0,0,0,9,34.62,4,0,0,0,17,0,4,1,117,0,0,0,0,0,0,0,0,18,,,,2,0,0,11,7,3,2,3,1,1,2,0,4,0.0,0.0,0,0,0,0,0,0,0,0,26,5,0,0.0,0.0,0,0,4,59,21,0,,24,24,,4
802142,Jonathan Ikoné,jonathan-ikone,2693,Fiorentina,7.32,43.9,6,4,3,3,0,0.8,4,177,17,194,91.24,38,139,90,10,11,47.83,3,0,0,0,0,0,0.0,17,5,7,19,43.18,5,50.0,24,44.44,485,23.53,0,0,0,0,0,0,4,0,16,1,0,3,1,3,100.0,0,0,0,6,54,1,1,1,279,5,3,0,0,5,0,5,0,0,,,,1,0,0,0,0,7,0,0,0,0,0,0,6,0.0,0.0,10,23,1,30,5,0,0,0,3,7,1,33.33,121.25,0,0,0,39,156,0,3.0,0,9,,6
139152,Paweł Wszołek,pawe-wszoek,3106,Legia Warszawa,7.31,65.8,9,2,3,1,3,1.99,5,221,52,273,80.95,110,116,65,11,5,55.56,11,11,2,0,0,5,20.83,6,3,2,24,46.15,17,60.71,41,51.25,803,33.33,0,0,0,0,0,0,2,0,6,0,1,0,1,10,43.48,25,0,0,6,102,4,21,8,453,10,12,0,0,6,2,1,0,0,,,,5,0,0,0,0,7,2,0,0,0,0,0,9,0.0,0.0,11,9,24,39,11,0,0,0,23,9,6,54.55,401.5,0,0,0,126,171,2,0.51,0,42,,9
796266,Filip Manojlović,filip-manojlovic,5235,FK Borac Banja Luka,7.31,65.8,9,0,0,0,0,0.0,0,137,56,193,70.98,110,27,2,0,0,0.0,0,0,1,0,0,0,0.0,0,0,0,2,100.0,5,100.0,7,100.0,840,0.0,0,0,0,0,0,0,0,0,0,0,0,0,0,43,43.88,9,0,1,0,57,0,2,1,300,3,0,0,0,0,0,0,0,30,,,,4,1,1,20,10,8,1,3,5,5,8,0,9,0.0,0.0,0,0,0,0,0,0,0,0,98,9,0,0.0,0.0,0,0,7,126,67,1,,65,79,,9
769333,Christopher Nkunku,christopher-nkunku,38,Chelsea,7.3,65.7,9,5,3,8,3,0.71,8,218,28,246,88.62,62,159,88,9,6,42.86,9,2,0,0,0,3,42.86,22,15,3,25,49.02,2,20.0,27,44.26,635,22.73,3,2,0,0,1,0,5,0,17,5,0,0,5,2,66.67,6,0,1,9,58,9,4,1,357,10,8,1,0,1,1,4,1,0,,,,1,0,0,0,0,5,0,0,0,0,0,0,7,66.67,0.0,8,14,7,34,8,0,0,1,3,5,6,66.67,127.0,0,0,0,67,186,1,5.94,0,20,,9
966547,Noni Madueke,noni-madueke,38,Chelsea,7.3,36.5,5,3,0,2,1,0.93,4,99,16,115,86.09,24,79,46,5,8,53.33,4,1,0,0,0,4,44.44,10,6,3,14,43.75,0,0.0,14,42.42,257,30.0,0,0,0,0,0,0,3,0,10,0,0,3,0,2,66.67,3,0,0,4,41,1,6,4,176,2,5,0,0,4,1,1,0,0,,,,0,0,0,0,0,2,0,0,0,0,0,0,3,0.0,0.0,5,15,9,19,1,0,0,0,3,2,2,50.0,85.67,0,0,0,25,99,1,2.32,0,8,,5
1085381,Nicolas Jackson,nicolas-jackson,38,Chelsea,7.3,21.9,3,3,0,2,0,0.06,3,30,8,38,78.95,7,23,18,0,1,50.0,3,2,0,0,0,0,0.0,4,4,0,7,58.33,4,66.67,11,61.11,170,75.0,0,0,0,0,0,0,3,0,4,0,0,1,1,0,0.0,0,0,0,0,15,1,0,0,60,3,3,0,0,1,2,0,0,0,,,,0,0,0,0,0,3,0,0,0,0,0,0,2,0.0,0.0,0,2,1,7,2,0,0,0,0,3,3,100.0,56.67,0,0,0,9,30,1,1.95,0,4,,3
187223,Martin Králik,martin-kralik,2224,Mladá Boleslav,7.3,43.8,6,0,2,0,1,0.13,1,251,44,295,85.08,192,59,19,4,0,0.0,9,12,0,0,0,0,0.0,5,3,1,9,60.0,10,66.67,19,63.33,524,0.0,0,0,0,0,0,0,0,0,4,1,0,0,0,22,44.0,33,0,1,2,55,0,39,17,399,0,2,0,0,2,0,1,0,0,,,,1,0,0,0,0,8,1,0,0,0,0,0,6,0.0,0.0,4,0,1,11,5,0,0,0,50,9,8,88.89,0.0,0,0,0,206,90,0,0.11,10,25,,6
96520,Serdar Gürler,serdar-gurler,3086,Başakşehir FK,7.3,7.3,1,0,0,0,1,0.11,1,14,3,17,82.35,4,12,4,2,0,0.0,0,0,0,0,0,2,50.0,1,0,1,2,100.0,0,0.0,2,66.67,81,0.0,0,0,0,0,0,0,0,0,0,1,0,0,0,1,50.0,1,0,0,0,6,0,3,1,27,2,0,1,0,0,0,0,0,0,,,,0,0,0,0,0,2,0,0,0,0,0,0,1,0.0,0.0,2,0,4,1,1,0,0,0,2,2,0,0.0,0.0,0,0,0,4,17,0,0.04,0,2,,2
359670,Francis Uzoho,francis-uzoho,3395,Omonia Nicosia,7.3,7.3,1,0,0,0,0,0.0,0,20,14,34,58.82,7,13,3,0,0,0.0,0,0,0,0,0,0,0.0,0,0,0,0,0.0,0,0.0,0,0.0,90,0.0,0,0,0,0,0,0,0,0,0,0,0,0,0,16,53.33,0,0,0,0,14,0,1,1,39,0,0,0,0,0,0,0,0,3,,,,0,0,0,3,0,1,0,0,0,0,1,0,1,0.0,0.0,0,0,0,0,0,0,0,0,30,1,0,0.0,0.0,0,0,1,11,23,0,,16,5,,1
154406,Ádám Lang,adam-lang,3395,Omonia Nicosia,7.3,7.3,1,0,0,0,0,0.0,0,28,5,33,84.85,23,5,2,0,0,0.0,0,2,0,0,0,0,0.0,0,0,0,0,0.0,4,80.0,4,80.0,90,0.0,0,0,0,0,0,0,0,0,0,0,0,0,0,1,33.33,6,0,0,0,5,0,1,1,46,0,0,0,0,0,0,0,0,0,,,,0,0,0,0,0,1,0,0,0,0,0,0,1,0.0,0.0,0,0,0,1,1,0,0,0,3,1,0,0.0,0.0,0,0,0,27,6,0,,1,3,,1
909632,Matouš Trmal,matous-trmal,2224,Mladá Boleslav,7.3,43.8,6,0,0,0,0,0.0,0,133,74,207,64.25,118,15,1,0,0,0.0,1,0,0,0,0,0,0.0,0,0,0,2,100.0,0,0.0,2,100.0,540,0.0,0,0,0,0,0,0,0,0,0,0,0,0,0,26,26.26,3,0,0,0,75,0,12,6,285,1,0,0,0,0,0,0,0,31,,,,1,1,0,18,12,9,1,1,4,3,6,0,6,0.0,0.0,0,0,0,0,0,0,0,0,99,10,0,0.0,0.0,0,0,2,136,71,0,,44,65,,6
1868441,Bruno Goncalves,bruno-goncalves,2929,Cercle Brugge,7.3,14.6,2,0,0,0,0,0.47,0,41,10,51,80.39,15,26,15,5,2,66.67,4,1,0,0,0,0,0.0,3,1,2,12,63.16,0,0.0,12,54.55,126,0.0,0,0,0,0,0,0,0,0,1,2,0,0,0,0,0.0,0,0,0,1,17,2,3,0,81,6,2,0,0,3,0,0,0,0,,,,0,0,0,0,0,1,0,0,0,0,0,0,2,0.0,0.0,5,3,4,10,3,0,0,0,1,1,2,50.0,0.0,0,0,0,18,37,0,0.11,0,10,,2
942213,Tsuyoshi Watanabe,tsuyoshi-watanabe,2903,KAA Gent,7.29,58.3,8,1,0,0,1,0.11,2,437,40,477,91.61,285,152,43,2,0,0.0,14,6,2,0,0,0,0.0,8,3,4,18,60.0,25,67.57,43,64.18,720,12.5,0,0,0,0,0,0,1,0,7,1,1,0,0,35,61.4,46,1,0,1,45,0,28,17,585,4,6,0,0,3,0,1,0,0,,,,3,0,0,0,0,10,1,0,0,0,0,0,8,0.0,0.0,2,2,0,24,12,0,0,0,57,11,7,50.0,720.0,0,0,0,296,181,0,0.74,0,45,,8
986043,Kipras Kazukolovas,kipras-kazukolovas,36155,Astana,7.28,29.1,4,2,0,0,0,0.01,2,171,16,187,91.44,148,23,4,2,2,66.67,7,5,0,0,0,0,0.0,2,2,0,12,63.16,2,28.57,14,53.85,360,100.0,0,0,0,0,0,0,2,0,2,0,2,0,0,6,40.0,17,0,0,2,24,0,10,3,246,4,5,0,0,1,0,0,0,0,,,,1,0,0,0,0,4,1,0,0,0,0,0,4,0.0,0.0,2,3,0,12,5,0,0,0,15,5,2,28.57,180.0,0,0,0,155,32,1,0.87,0,21,,4
985068,Amir Saipi,amir-saipi,2443,FC Lugano,7.28,58.2,8,0,0,0,0,0.33,0,299,82,381,78.48,270,29,9,1,0,0.0,1,0,1,0,0,0,0.0,0,0,0,2,100.0,1,100.0,3,100.0,750,0.0,0,0,0,0,0,0,0,0,0,0,0,0,0,85,52.47,3,0,0,0,82,0,40,27,453,1,0,0,1,0,0,0,0,27,,,,3,2,1,20,7,10,2,1,1,1,3,0,8,0.0,0.0,1,0,0,0,0,0,0,0,162,12,0,0.0,0.0,0,0,7,302,79,1,,45,66,,8
796118,Agustín Doffo,agustin-doffo,2416,NK Olimpija Ljubljana,7.27,50.9,7,0,2,0,1,0.55,1,238,66,304,78.29,101,138,64,10,10,47.62,32,10,1,0,0,1,20.0,7,0,7,62,56.88,7,41.18,69,54.76,629,0.0,0,0,0,0,0,0,0,0,2,5,0,0,0,13,46.43,16,0,0,9,107,3,25,11,469,20,16,0,0,11,1,0,0,0,,,,4,0,0,0,0,5,2,0,0,0,0,0,7,0.0,0.0,10,21,5,57,10,0,0,0,28,7,18,56.25,0.0,0,0,0,125,184,2,0.18,0,67,,7
953952,Emil Breivik,breivik-emil,661,Molde FK,7.27,72.7,10,0,3,0,2,1.73,2,450,114,564,79.79,175,278,162,9,13,61.9,27,21,1,0,0,3,27.27,12,3,3,49,53.26,11,68.75,60,55.56,889,0.0,0,0,0,0,0,0,0,0,2,10,0,0,0,17,48.57,12,0,1,13,165,7,38,13,768,9,12,0,0,13,0,6,0,0,,,,1,0,0,0,0,13,2,0,0,0,0,0,10,0.0,0.0,9,21,11,48,5,0,0,0,35,15,22,81.48,0.0,0,0,0,200,375,0,0.43,0,55,,10
892206,Hélder Ferreira,helder-ferreira,262228,FC Noah,7.27,43.6,6,1,0,0,0,0.79,1,227,46,273,83.15,107,122,81,11,7,50.0,15,8,1,0,0,2,13.33,7,2,2,34,60.71,3,30.0,37,56.06,540,14.29,0,0,0,0,1,0,1,0,4,3,0,0,1,17,56.67,15,0,0,1,80,4,31,20,426,12,5,0,0,10,2,3,0,0,,,,2,0,0,0,0,15,1,0,0,0,0,0,6,0.0,0.0,11,14,15,29,7,0,0,0,30,16,11,73.33,540.0,0,0,0,121,167,0,0.99,0,32,,6
252095,Tiago Silva,tiago-silva,3009,Vitória SC,7.25,58.0,8,2,2,0,0,0.99,2,416,52,468,88.89,193,235,107,19,2,40.0,13,5,3,0,0,12,36.36,11,4,7,25,52.08,0,0.0,25,50.0,581,18.18,1,1,0,0,0,0,2,0,4,7,0,0,2,30,56.6,6,0,1,7,92,3,44,26,581,10,9,1,0,5,0,0,1,0,,,,0,0,0,0,0,8,1,0,0,0,0,0,7,100.0,0.0,18,5,33,25,2,0,0,0,53,9,6,46.15,290.5,0,0,0,201,300,1,1.87,0,45,,8
810536,Besard Sabović,besard-sabovic,1759,Djurgårdens IF,7.25,43.5,6,0,1,2,1,0.59,1,264,59,323,81.73,118,149,59,4,6,75.0,12,4,2,0,0,3,27.27,5,4,1,39,72.22,4,50.0,43,69.35,510,0.0,0,0,0,0,2,0,0,0,2,3,0,0,0,14,46.67,9,0,0,1,76,4,34,20,414,22,9,0,0,3,0,0,0,0,,,,1,0,0,0,0,5,2,0,0,0,0,0,6,0.0,0.0,4,8,11,19,4,0,0,0,30,7,7,58.33,0.0,0,0,0,131,203,0,0.55,0,42,,6
1186240,Solomon John,solomon-john,2224,Mladá Boleslav,7.25,14.5,2,0,2,0,1,0.55,1,49,10,59,83.05,20,29,20,4,6,60.0,2,2,0,0,0,0,0.0,1,1,0,8,50.0,2,40.0,10,47.62,171,0.0,0,0,0,0,0,0,0,0,0,1,0,0,0,1,33.33,7,0,0,0,22,1,2,1,97,0,3,0,0,2,0,0,0,0,,,,0,0,0,0,0,4,0,0,0,0,0,0,2,0.0,0.0,4,10,4,11,3,0,0,0,3,4,0,0.0,0.0,0,0,0,25,38,0,0.02,0,11,,2
1083359,Frank Feller,frank-feller,5885,1. FC Heidenheim,7.25,14.5,2,0,0,0,0,0.0,0,73,33,106,68.87,62,11,1,0,0,0.0,0,0,0,0,0,0,0.0,0,0,0,1,100.0,0,0.0,1,100.0,210,0.0,0,0,0,0,0,0,0,0,0,0,0,0,0,18,36.73,4,0,0,0,34,0,4,2,130,1,0,0,0,0,0,0,0,8,,,,0,1,0,6,2,4,0,2,2,2,0,0,2,0.0,0.0,0,0,0,0,0,0,0,0,49,4,0,0.0,0.0,0,0,3,74,32,0,,12,23,,2
1458073,Nobel Mendy,nobel-mendy,2816,Real Betis,7.25,14.5,2,0,0,0,0,0.01,0,83,9,92,90.22,58,25,6,2,0,0.0,1,2,0,0,0,0,0.0,1,0,0,1,20.0,4,57.14,5,41.67,152,0.0,0,0,0,0,0,0,0,0,0,1,0,0,0,10,83.33,12,0,0,0,11,0,4,3,119,0,4,0,0,0,0,1,0,0,,,,0,0,0,0,0,1,0,0,0,0,0,0,1,0.0,0.0,2,0,0,7,3,0,0,0,12,1,0,0.0,0.0,0,0,0,60,32,1,0.02,0,4,,2
309648,Bartosz Kapustka,bartosz-kapustka,3106,Legia Warszawa,7.24,50.7,7,1,2,0,0,0.89,1,206,62,268,76.87,75,139,85,9,13,76.47,13,10,3,0,0,8,30.77,10,2,3,39,57.35,4,44.44,43,55.84,616,10.0,0,0,0,0,0,0,1,0,7,3,0,0,1,12,63.16,14,0,2,16,117,6,23,13,420,13,4,0,0,5,1,5,0,0,,,,3,0,0,0,0,5,0,0,0,0,0,0,7,0.0,0.0,9,17,26,34,5,0,0,0,19,5,3,23.08,616.0,0,0,0,90,204,0,1.14,0,50,,7
1004346,Kazeem Olaigbe,kazeem-olaigbe,2929,Cercle Brugge,7.24,36.2,5,3,2,1,1,1.19,4,54,11,65,83.08,13,42,24,5,6,40.0,3,2,0,0,0,1,16.67,7,5,2,14,42.42,3,50.0,17,43.59,247,42.86,0,0,0,0,0,0,2,1,5,2,0,0,3,3,75.0,1,0,0,5,36,3,3,3,126,5,3,0,0,2,1,0,0,0,,,,0,0,0,0,0,5,1,0,0,0,0,0,2,0.0,0.0,5,15,6,22,3,0,0,0,4,6,1,33.33,82.33,0,0,0,14,57,1,0.84,0,17,,5
97061,Konstantinos Laifis,konstantinos-laifis,3398,APOEL Nicosia,7.24,57.9,8,3,0,1,0,0.14,3,359,59,418,85.89,219,140,42,2,2,66.67,9,15,3,0,0,0,0.0,7,4,2,12,66.67,21,63.64,33,64.71,719,42.86,0,0,0,0,0,0,3,0,5,2,3,0,0,30,52.63,35,1,0,0,71,0,40,19,516,1,4,0,0,2,0,1,0,0,,,,1,0,0,0,0,7,1,0,0,0,0,0,8,0.0,0.0,2,3,4,18,12,0,0,0,57,8,6,66.67,239.67,0,0,0,240,182,1,0.55,0,22,,8
863265,Ahmet Muhamedbegović,ahmet-muhamedbegovic,2416,NK Olimpija Ljubljana,7.24,57.9,8,0,0,0,0,0.09,0,446,50,496,89.92,290,156,52,2,0,0.0,6,10,1,0,0,0,0.0,6,1,3,11,55.0,17,54.84,28,54.9,630,0.0,0,0,0,0,0,0,0,0,5,1,0,0,0,48,64.0,44,0,1,0,59,0,29,15,602,6,6,1,0,2,0,2,0,0,,,,4,0,0,0,0,5,1,0,0,0,0,0,6,0.0,0.0,2,1,2,23,14,0,0,0,75,6,5,83.33,0.0,0,0,0,305,193,0,0.26,2,25,,8
164645,Tokmac Chol Nguen,tokmac-chol-nguen,1759,Djurgårdens IF,7.24,79.6,11,3,2,5,5,2.21,8,215,62,277,77.62,53,163,89,19,12,57.14,14,3,4,0,0,1,12.5,38,15,10,36,45.0,3,20.0,39,41.05,921,7.89,0,0,0,0,2,0,1,2,26,12,1,0,2,7,63.64,2,0,0,17,122,6,22,11,444,10,10,0,0,11,8,13,0,0,,,,1,0,0,0,0,10,1,0,0,0,0,0,10,0.0,0.0,19,21,8,56,12,0,0,0,11,11,8,57.14,307.0,0,0,0,59,226,2,3.52,0,39,,11
175177,Jesús Imaz,jesus-imaz,7691,Jagiellonia Białystok,7.23,86.8,12,4,5,7,4,1.9,8,245,81,326,75.15,104,145,78,14,4,57.14,13,2,2,0,0,4,33.33,31,11,12,23,40.35,3,25.0,26,37.68,1004,12.9,0,0,0,0,0,0,4,0,26,5,0,2,2,9,56.25,11,0,0,12,116,3,15,10,456,7,9,1,0,10,8,8,0,0,,,,3,0,0,0,0,9,3,0,0,0,0,0,12,0.0,0.0,14,7,12,43,9,0,0,0,16,12,8,61.54,251.0,0,0,0,123,215,4,4.51,0,41,,12
138466,Daniel O'Shaughnessy,daniel-oshaughnessy,2242,HJK,7.23,43.4,6,0,0,0,0,0.12,0,317,67,384,82.55,215,102,40,0,0,0.0,6,9,0,0,0,0,0.0,3,1,2,8,53.33,15,71.43,23,63.89,529,0.0,0,0,0,0,0,0,0,0,1,2,0,0,0,28,38.36,24,0,0,2,86,1,41,17,485,2,5,0,0,0,0,0,0,0,,,,1,0,0,0,0,7,2,0,0,0,0,0,6,0.0,0.0,0,0,2,13,6,0,0,0,73,9,3,50.0,0.0,0,0,0,232,154,1,0.17,7,17,,6
860683,Marc Gual,marc-gual,3106,Legia Warszawa,7.23,57.8,8,3,2,4,2,0.51,5,121,50,171,70.76,37,84,43,7,15,60.0,5,3,2,0,0,0,0.0,26,10,7,31,46.97,4,30.77,35,44.3,616,11.54,1,1,0,0,0,0,3,0,21,5,0,2,1,6,46.15,6,0,0,12,87,6,21,10,297,11,9,1,0,4,1,9,0,0,,,,1,0,0,0,0,6,2,0,0,0,0,0,7,100.0,0.0,7,25,1,44,9,0,0,0,13,8,3,60.0,205.33,0,0,0,43,129,0,3.86,0,16,,8
930552,Nuno Santos,nuno-santos,3009,Vitória SC,7.23,57.8,8,1,5,2,3,1.2,4,182,33,215,84.65,49,134,78,16,4,28.57,15,6,1,0,0,1,8.33,20,4,8,24,42.86,2,33.33,26,41.94,492,5.0,0,0,0,0,0,0,1,0,15,5,1,0,0,5,38.46,7,0,0,3,71,1,19,12,331,5,7,0,0,12,0,8,0,0,,,,0,0,0,0,0,8,0,0,0,0,0,0,5,0.0,0.0,16,14,12,36,4,0,0,0,13,8,10,66.67,492.0,0,0,0,54,173,1,1.7,0,35,,8
1123208,David Vuković,david-vukovic,5235,FK Borac Banja Luka,7.23,28.9,4,1,2,0,0,0.83,1,79,21,100,79.0,27,58,35,6,8,50.0,2,4,1,0,0,6,42.86,9,2,1,27,50.94,1,33.33,28,50.0,320,11.11,1,1,0,0,1,0,1,0,5,4,0,0,1,0,0.0,3,0,0,10,59,2,2,0,198,17,6,0,0,3,0,6,1,0,,,,0,0,0,0,0,1,1,0,0,0,0,0,3,100.0,0.0,5,16,14,28,2,0,0,0,2,2,2,100.0,320.0,0,0,0,30,84,0,1.26,0,33,,4
122848,Cristiano Biraghi,cristiano-biraghi,2693,Fiorentina,7.23,28.9,4,0,2,0,1,0.68,1,206,29,235,87.66,81,131,47,8,0,0.0,7,3,0,0,0,6,28.57,4,2,1,8,57.14,0,0.0,8,53.33,252,0.0,0,0,0,0,0,0,0,0,2,2,0,0,0,17,56.67,1,0,0,0,48,1,16,8,299,1,3,0,0,2,0,1,0,0,,,,1,0,0,0,0,5,0,0,0,0,0,0,3,0.0,0.0,8,1,21,7,1,0,0,0,30,5,4,57.14,0.0,0,0,0,89,167,1,0.28,1,17,,4
548688,Jacob Karlstrøm,jacob-karlstrm,661,Molde FK,7.23,28.9,4,0,0,0,0,0.01,0,185,40,225,82.22,174,11,6,0,0,0.0,0,1,1,0,0,0,0.0,0,0,0,2,66.67,1,100.0,3,75.0,420,0.0,0,0,0,0,0,0,0,0,0,0,0,0,0,20,34.48,8,1,0,0,40,0,8,7,274,2,0,0,0,1,0,0,0,11,,,,1,0,0,8,3,5,0,4,6,5,6,0,4,0.0,0.0,0,0,0,1,0,0,0,0,58,5,0,0.0,0.0,0,0,3,184,41,0,,23,30,,4
1046478,Ifet Đakovac,ifet-dakovac,263360,FK TSC Bačka Topola,7.22,43.3,6,2,1,2,1,0.51,3,146,47,193,75.65,53,93,51,8,11,57.89,12,2,1,0,0,0,0.0,20,6,9,24,41.38,1,25.0,25,40.32,441,10.0,1,0,0,0,0,0,2,0,11,9,0,1,1,6,100.0,6,0,0,11,90,4,9,7,304,1,8,1,0,7,0,5,0,0,,,,0,0,0,0,0,11,0,0,0,0,0,0,5,0.0,0.0,8,19,5,37,3,0,0,1,6,11,11,91.67,220.5,0,0,0,60,138,1,2.32,0,25,,6
879349,Pedro Neto,pedro-neto,38,Chelsea,7.22,43.3,6,1,3,0,2,1.27,3,121,11,132,91.67,30,97,54,14,9,47.37,2,3,0,0,0,6,31.58,8,4,2,14,38.89,0,0.0,14,36.84,348,12.5,0,0,0,0,0,0,1,0,4,4,0,0,1,4,100.0,0,0,0,3,44,6,3,3,200,3,5,0,0,4,0,2,0,0,,,,0,0,0,0,0,3,0,0,0,0,0,0,5,0.0,0.0,14,19,19,24,2,0,0,0,4,3,1,50.0,348.0,0,0,0,31,120,0,0.34,0,11,,6
944054,Cameron Devlin,cameron-devlin,2353,Heart of Midlothian,7.22,43.3,6,0,0,0,0,0.29,0,219,39,258,84.88,110,110,42,2,3,75.0,32,12,2,0,0,1,33.33,2,0,0,52,65.0,13,61.9,65,64.36,460,0.0,0,0,0,0,0,0,0,0,0,2,0,0,0,12,52.17,7,0,0,5,56,0,14,7,374,17,11,0,0,11,0,2,0,0,,,,1,0,0,0,0,8,0,0,0,0,0,0,5,0.0,0.0,2,4,3,36,8,0,0,0,23,8,20,62.5,0.0,0,0,0,122,139,0,0.12,0,35,,6
23486,Guido Burgstaller,guido-burgstaller,2055,SK Rapid Wien,7.21,50.5,7,2,3,0,1,1.09,3,132,38,170,77.65,34,98,66,12,1,16.67,2,1,2,0,0,0,0.0,15,5,6,5,22.73,2,22.22,7,22.58,365,13.33,0,0,0,0,0,0,1,1,10,5,0,1,1,1,100.0,1,0,0,9,66,4,10,6,234,2,3,0,0,1,4,4,0,0,,,,0,0,0,0,0,4,0,0,0,0,0,0,4,0.0,0.0,12,6,4,24,7,0,0,0,1,4,2,100.0,182.5,0,0,0,36,138,1,1.75,0,8,,7
927386,Uran Bislimi,uran-bislimi,2443,FC Lugano,7.21,50.5,7,0,3,2,2,1.89,2,331,47,378,87.57,135,198,111,12,6,66.67,17,2,3,0,0,2,50.0,10,3,3,36,54.55,1,20.0,37,52.11,569,0.0,0,0,0,0,0,0,0,0,4,6,0,0,0,15,75.0,3,0,0,7,71,3,23,13,484,13,7,0,0,13,0,4,0,0,,,,0,0,0,0,0,7,1,0,0,0,0,0,6,0.0,0.0,12,9,4,34,4,0,0,0,20,8,10,58.82,0.0,0,0,0,147,235,0,1.15,0,34,,7
837203,Michal Sáček,michal-sacek,7691,Jagiellonia Białystok,7.21,50.5,7,0,1,0,0,0.22,0,336,54,390,86.15,171,165,67,4,3,37.5,18,12,3,0,0,0,0.0,3,1,0,34,64.15,10,71.43,44,65.67,580,0.0,0,0,0,0,0,0,0,0,1,2,0,0,0,10,45.45,17,0,0,1,89,2,25,12,545,13,5,0,0,8,0,2,0,0,,,,2,0,0,0,0,5,1,0,0,0,0,0,7,0.0,0.0,4,8,11,23,4,0,0,0,22,6,12,66.67,0.0,0,0,0,191,210,0,0.11,0,35,,7
352668,Tosin Adarabioyo,tosin-adarabioyo,38,Chelsea,7.21,72.1,10,1,1,1,0,0.45,1,1022,42,1064,96.05,688,334,55,2,2,66.67,7,7,3,0,0,0,0.0,6,2,3,9,69.23,16,72.73,25,71.43,855,16.67,0,0,0,0,0,0,1,0,5,1,1,0,0,25,65.79,29,0,1,0,49,0,27,15,1139,0,2,0,0,1,0,1,0,0,,,,4,0,0,0,0,7,0,0,0,0,0,0,10,0.0,0.0,2,3,0,10,6,0,0,0,38,7,6,85.71,855.0,0,0,0,700,364,2,0.51,5,38,,10
886127,Afimico Pululu,afimico-pululu,7691,Jagiellonia Białystok,7.21,86.5,12,8,5,4,1,0.84,9,131,56,187,70.05,35,96,57,13,14,45.16,8,1,1,0,0,0,0.0,22,11,5,57,42.54,17,36.96,74,41.11,1005,36.36,2,1,0,0,0,0,7,1,16,6,0,5,3,2,40.0,3,0,0,23,148,5,7,3,385,35,34,0,0,4,12,6,0,0,,,,2,0,0,0,0,9,2,0,0,0,0,0,12,50.0,0.0,13,31,5,106,29,0,0,1,5,11,5,62.5,125.63,0,0,0,45,147,2,4.99,0,29,,12
138146,Louis Schaub,louis-schaub,2055,SK Rapid Wien,7.2,64.8,9,3,2,4,0,0.76,3,237,41,278,85.25,65,177,97,14,7,31.82,15,2,1,0,0,5,33.33,20,8,5,33,46.48,3,30.0,36,44.44,680,15.0,0,0,0,0,0,0,3,0,18,2,0,3,0,6,60.0,1,0,0,8,88,3,6,2,414,12,8,2,0,8,0,7,0,0,,,,1,0,0,0,0,7,0,0,0,0,0,0,8,0.0,0.0,14,22,15,45,7,0,0,0,10,7,9,60.0,226.67,0,0,0,74,219,1,2.47,0,31,,9
973750,Pedro Lucas,pedro-lucas,2416,NK Olimpija Ljubljana,7.2,14.4,2,1,0,1,0,0.02,1,25,12,37,67.57,8,17,10,0,0,0.0,1,1,1,0,0,0,0.0,5,2,2,3,50.0,9,81.82,12,70.59,174,20.0,0,0,0,0,0,0,1,0,4,1,0,1,0,0,0.0,2,0,0,1,26,1,2,2,66,2,2,1,0,1,0,1,0,0,,,,0,0,0,0,0,1,1,0,0,0,0,0,2,0.0,0.0,0,0,6,5,2,0,0,0,1,2,0,0.0,174.0,0,0,0,8,35,0,1.45,0,9,,2
920396,Yan Dhanda,yan-dhanda,2353,Heart of Midlothian,7.2,36.0,5,1,1,0,0,0.26,1,83,21,104,79.81,24,61,34,3,3,75.0,5,1,0,0,0,2,7.69,6,4,1,16,59.26,6,54.55,22,57.89,235,16.67,0,0,0,0,1,0,1,0,4,2,1,0,0,4,44.44,1,0,0,4,54,1,5,4,175,9,3,0,0,3,0,1,0,0,,,,0,0,0,0,0,3,0,0,0,0,0,0,3,0.0,0.0,3,4,26,16,5,0,0,0,9,3,4,80.0,235.0,0,0,0,29,101,0,0.93,0,17,,5
1799485,Michael Noonan,michael-noonan,3177,Shamrock Rovers,7.2,14.4,2,1,0,0,0,0.02,1,14,7,21,66.67,5,9,6,0,1,25.0,1,0,0,0,0,0,0.0,2,1,1,10,58.82,3,37.5,13,52.0,202,50.0,0,0,0,0,0,0,1,0,2,0,0,1,0,0,0.0,1,0,0,3,23,0,0,0,51,8,1,0,0,0,2,0,0,0,,,,0,0,0,0,0,0,1,0,0,0,0,0,2,0.0,0.0,0,4,1,12,5,0,0,0,0,1,0,0.0,202.0,0,0,0,8,14,0,0.4,0,5,,2
1012175,Mattia Zanotti,mattia-zanotti,2443,FC Lugano,7.2,43.2,6,0,2,0,3,1.68,3,200,36,236,84.75,116,87,44,8,7,63.64,11,6,1,0,0,3,17.65,4,1,2,38,53.52,2,28.57,40,51.28,570,0.0,0,0,0,0,0,0,0,0,3,1,0,0,0,11,44.0,11,0,1,11,79,1,18,8,400,20,12,0,0,6,0,1,0,0,,,,2,0,0,0,0,7,1,0,0,0,0,0,6,0.0,0.0,8,11,17,38,5,0,0,0,25,8,7,63.64,0.0,0,0,0,130,123,0,0.16,0,28,,6
986352,Edoardo Bove,edoardo-bove,2693,Fiorentina,7.2,21.6,3,0,1,0,1,0.16,1,48,3,51,94.12,17,31,15,3,1,33.33,8,0,0,0,0,0,0.0,3,0,2,12,75.0,2,100.0,14,77.78,116,0.0,0,0,0,0,0,0,0,0,2,1,0,0,0,3,60.0,1,0,0,1,11,1,4,1,80,3,0,0,0,1,0,1,0,0,,,,0,0,0,0,0,4,0,0,0,0,0,0,1,0.0,0.0,3,3,0,4,0,0,0,0,5,4,7,87.5,0.0,0,0,0,17,34,0,0.28,0,7,,3
1397756,Tommaso Martinelli,martinelli-tommaso,2693,Fiorentina,7.2,7.2,1,0,0,0,0,0.0,0,16,3,19,84.21,14,2,0,0,0,0.0,0,0,0,0,0,0,0.0,0,0,0,0,0.0,0,0.0,0,0.0,90,0.0,0,0,0,0,0,0,0,0,0,0,0,0,0,3,50.0,0,0,0,0,3,0,2,1,25,0,0,0,0,0,0,0,0,3,,,,1,0,0,3,0,0,0,0,0,0,0,0,1,0.0,0.0,0,0,0,0,0,0,0,0,6,0,0,0.0,0.0,0,0,0,16,3,0,,5,5,,1
991896,Aleksandr Zarutskiy,aleksandr-zarutskiy,36155,Astana,7.2,7.2,1,0,0,0,0,0.0,0,14,5,19,73.68,13,1,0,0,0,0.0,0,0,0,0,0,0,0.0,0,0,0,0,0.0,0,0.0,0,0.0,90,0.0,0,0,0,0,0,0,0,0,0,0,0,0,0,3,37.5,0,0,0,0,6,0,0,0,30,0,0,0,0,0,0,0,0,4,,,,0,1,0,3,1,2,0,0,0,0,0,0,1,0.0,0.0,0,0,0,0,0,0,0,0,8,2,0,0.0,0.0,0,0,2,15,4,0,,5,11,,1
1004481,Lovro Štubljar,lovro-stubljar,2413,NK Celje,7.2,14.4,2,0,0,0,0,0.01,0,46,18,64,71.88,35,11,2,0,0,0.0,0,0,1,0,0,0,0.0,0,0,0,0,0.0,0,0.0,0,0.0,180,0.0,0,0,0,0,0,0,0,0,0,0,0,0,0,25,58.14,4,0,0,0,18,0,11,7,93,0,0,0,0,0,0,0,0,7,,,,0,1,1,4,3,5,0,0,0,0,4,0,2,0.0,0.0,0,0,0,0,0,0,0,0,43,5,0,0.0,0.0,0,0,1,40,24,0,,20,20,,2
282369,Josip Čondrić,josip-condric,36155,Astana,7.2,21.6,3,0,0,0,0,0.0,0,62,54,116,53.45,51,11,3,0,0,0.0,0,1,2,0,0,0,0.0,0,0,0,0,0.0,0,0.0,0,0.0,270,0.0,0,0,0,0,0,0,0,0,0,0,0,0,0,21,29.17,2,0,1,0,55,0,9,6,155,0,1,0,0,0,0,0,0,15,,,,1,0,0,9,6,1,1,1,2,2,0,0,3,0.0,0.0,0,0,0,1,0,0,0,0,72,2,0,0.0,0.0,0,0,3,63,53,0,,43,24,,3
918421,Niklas Hedl,niklas-hedl,2055,SK Rapid Wien,7.2,72.0,10,0,0,0,0,0.01,0,220,64,284,77.46,196,24,8,0,1,100.0,0,0,0,0,0,0,0.0,0,0,0,3,100.0,5,100.0,8,100.0,960,0.0,0,0,0,0,0,0,0,0,0,0,0,0,0,48,43.24,11,0,0,0,66,0,5,5,380,2,0,0,0,0,0,0,0,32,,,,4,2,0,19,13,9,2,3,7,7,6,0,10,0.0,0.0,0,1,0,0,0,0,0,0,111,11,0,0.0,0.0,0,0,5,209,75,0,,49,79,,10
1191212,Christiaan Ravych,christiaan-ravych,2929,Cercle Brugge,7.2,50.4,7,0,0,0,0,0.06,0,107,47,154,69.48,73,34,13,0,1,50.0,12,14,0,0,0,0,0.0,4,0,4,20,71.43,21,67.74,41,69.49,522,0.0,0,0,0,0,0,0,0,0,4,0,0,0,0,9,27.27,37,0,0,0,54,0,7,1,254,7,5,0,0,2,0,0,0,0,,,,2,0,0,0,0,5,2,0,0,0,0,0,6,0.0,0.0,0,2,0,18,10,0,0,0,33,7,9,75.0,0.0,0,0,0,88,66,0,0.26,0,19,,7
1046245,Matisse Samoise,matisse-samoise,2903,KAA Gent,7.2,28.8,4,0,1,0,0,0.46,0,151,25,176,85.8,68,84,48,4,2,28.57,9,7,0,0,0,1,9.09,2,2,0,18,50.0,4,44.44,22,48.89,278,0.0,0,0,0,0,0,0,0,0,1,1,0,0,0,16,72.73,10,0,1,2,52,3,23,17,271,7,9,0,0,2,0,0,0,0,,,,0,0,0,0,0,5,1,0,0,0,0,0,3,0.0,0.0,4,7,11,23,5,0,0,0,22,6,7,77.78,0.0,0,0,0,75,112,1,0.16,0,24,,5
589100,Saša Jovanović,sasa-jovanovic,263360,FK TSC Bačka Topola,7.2,7.2,1,0,0,0,0,0.02,0,5,0,5,100.0,1,4,4,1,0,0.0,3,0,0,0,0,0,0.0,2,1,1,3,100.0,0,0.0,3,75.0,29,0.0,0,0,0,0,0,0,0,0,2,0,0,0,0,0,0.0,0,0,0,0,2,0,0,0,12,0,0,0,0,0,0,0,0,0,,,,0,0,0,0,0,1,0,0,0,0,0,0,0,0.0,0.0,1,0,2,1,1,0,0,0,0,1,1,33.33,0.0,0,0,0,1,6,0,0.15,0,0,,1
606530,Birger Meling,birger-meling,1284,FC København,7.2,21.6,3,0,3,0,0,0.45,0,110,14,124,88.71,58,56,37,5,0,0.0,9,1,1,0,0,4,28.57,2,0,1,10,76.92,1,50.0,11,73.33,281,0.0,0,0,0,0,0,0,0,0,2,0,0,0,0,8,47.06,5,0,0,0,28,0,13,6,181,1,2,0,0,1,1,1,0,0,,,,0,0,0,0,0,2,2,0,0,0,0,0,3,0.0,0.0,5,0,14,4,1,0,0,0,17,4,5,55.56,0.0,0,0,0,59,79,0,0.13,0,14,,4
888954,Antonios Papadopoulos,antonios-papadopoulos,2443,FC Lugano,7.19,50.3,7,1,1,0,0,0.44,1,357,40,397,89.92,273,85,26,4,1,50.0,16,16,0,1,1,1,25.0,9,4,3,20,55.56,13,56.52,33,55.93,630,11.11,0,0,0,0,1,0,0,1,3,6,0,0,1,12,36.36,24,0,0,1,50,0,19,7,504,3,11,0,0,4,0,2,0,0,,,,3,0,0,0,0,7,1,0,0,0,0,0,7,0.0,0.0,4,2,4,26,10,0,0,0,33,8,5,31.25,630.0,0,0,0,287,114,0,0.34,0,21,,7
998446,Aleksandar Ćirković,aleksandar-cirkovic,263360,FK TSC Bačka Topola,7.18,43.1,6,0,1,1,3,1.26,3,117,34,151,77.48,31,89,60,12,9,56.25,3,3,1,0,0,3,16.67,16,7,2,17,47.22,1,100.0,18,48.65,484,0.0,0,0,0,0,0,0,0,0,7,9,0,0,0,2,40.0,0,0,0,7,71,6,3,1,248,6,3,2,0,2,2,7,0,0,,,,0,0,0,0,0,13,0,0,0,0,0,0,6,0.0,0.0,12,16,18,19,0,0,0,0,5,13,1,33.33,0.0,0,0,0,35,134,0,1.34,0,18,,6
98197,Valon Berisha,valon-berisha,2058,LASK,7.18,35.9,5,2,0,0,0,0.25,2,121,33,154,78.57,53,70,35,2,5,100.0,4,6,0,0,0,2,22.22,5,2,3,15,53.57,4,50.0,19,52.78,367,40.0,0,0,0,0,0,0,1,1,3,2,0,0,2,7,58.33,4,0,0,5,50,0,13,10,213,6,4,0,0,6,2,0,0,0,,,,1,0,0,0,0,8,0,0,0,0,0,0,5,0.0,0.0,2,5,9,17,4,0,0,0,12,8,3,75.0,183.5,0,0,0,63,100,0,0.36,0,16,,5
69378,David De Gea,david-de-gea,2693,Fiorentina,7.18,35.9,5,0,0,0,0,0.0,0,97,31,128,75.78,80,17,3,0,0,0.0,0,0,0,0,0,0,0.0,0,0,0,2,100.0,2,100.0,4,100.0,480,0.0,0,0,0,0,0,0,0,0,0,0,0,0,0,30,49.18,7,0,0,0,32,0,5,3,176,4,0,0,0,0,0,0,0,17,,,,0,2,0,13,4,6,2,1,4,4,1,0,5,0.0,0.0,0,0,0,0,0,0,0,0,61,8,0,0.0,0.0,0,0,3,86,42,1,,32,32,,5
357586,Branimir Kalaica,branimir-kalaica,36155,Astana,7.18,28.7,4,1,0,1,0,0.11,1,266,28,294,90.48,182,87,26,1,0,0.0,9,5,0,0,0,3,75.0,5,2,2,9,56.25,8,61.54,17,58.62,360,20.0,0,0,0,0,0,0,1,0,4,1,0,0,1,24,57.14,22,0,0,0,33,0,21,14,353,0,3,0,0,4,0,1,0,0,,,,0,0,0,0,0,6,1,0,0,0,0,0,4,0.0,0.0,1,0,4,12,5,0,0,0,42,7,4,44.44,360.0,0,0,0,194,104,0,0.55,0,9,,4
82497,Sergio Tejera,sergio-tejera,3398,APOEL Nicosia,7.18,57.4,8,0,3,0,3,1.46,3,264,41,305,86.56,114,165,53,16,4,40.0,13,12,2,0,0,15,35.71,8,0,4,38,51.35,7,43.75,45,50.0,697,0.0,0,0,0,0,0,0,0,0,3,5,0,0,0,20,68.97,11,0,0,4,92,1,26,14,459,22,17,0,0,9,0,4,0,0,,,,1,0,0,0,0,7,1,0,0,0,0,0,8,0.0,0.0,16,10,42,45,9,0,0,0,29,8,8,61.54,0.0,0,0,0,127,220,0,0.41,0,29,,8
115665,Cédric Bakambu,cedric-bakambu,2816,Real Betis,7.17,100.4,14,7,4,7,2,1.17,9,121,39,160,75.63,27,96,54,15,4,36.36,6,0,1,0,0,2,66.67,36,17,14,21,32.81,22,38.6,43,35.54,1013,19.44,0,0,0,0,0,0,7,0,34,2,1,1,5,4,100.0,7,0,0,11,96,3,4,2,318,12,28,1,0,1,8,5,0,0,,,,2,0,0,0,0,6,1,0,0,0,0,0,12,0.0,0.0,15,11,3,78,35,0,0,0,4,7,4,66.67,144.71,0,0,0,32,131,2,6.56,0,13,,14
827370,Sandi Ogrinec,sandi-ogrinec,5235,FK Borac Banja Luka,7.17,71.7,10,2,0,0,0,0.34,2,196,55,251,78.09,86,112,62,3,5,55.56,26,8,1,0,0,2,11.76,15,6,6,51,60.0,19,44.19,70,54.69,898,13.33,0,0,1,0,0,0,2,0,8,7,0,1,1,8,44.44,16,0,0,6,96,4,9,4,416,20,10,0,0,15,1,3,0,0,,,,4,0,0,0,0,9,1,0,0,0,0,0,10,0.0,0.0,3,9,17,58,24,0,0,0,18,10,18,69.23,449.0,0,0,0,100,168,0,1.03,0,32,,10
1006268,Matthias Seidl,matthias-seidl,2055,SK Rapid Wien,7.17,71.7,10,0,5,1,0,2.35,0,326,78,404,80.69,103,232,135,25,1,11.11,18,6,2,0,0,9,18.37,20,6,7,29,43.28,4,40.0,33,42.86,694,0.0,0,0,0,0,0,0,0,0,14,6,0,0,0,6,50.0,8,0,0,10,155,6,24,7,592,10,6,1,0,14,2,7,0,0,,,,0,0,0,0,0,5,2,0,0,0,0,0,7,0.0,0.0,25,9,49,44,6,0,0,0,12,7,9,50.0,0.0,0,0,0,118,335,0,1.8,0,44,,10
809290,Bart Meijers,bart-meijers,5235,FK Borac Banja Luka,7.17,71.7,10,0,0,0,0,0.24,0,486,61,547,88.85,340,146,45,2,3,75.0,15,12,3,0,0,0,0.0,3,0,2,21,52.5,9,47.37,30,50.85,930,0.0,0,0,0,1,0,0,0,0,2,1,0,0,0,50,62.5,62,0,1,1,68,0,45,33,689,3,14,0,0,3,0,1,0,0,,,,4,0,0,0,0,9,1,0,0,0,0,0,10,0.0,0.0,2,4,0,29,10,0,0,0,80,10,9,60.0,0.0,0,0,0,363,184,1,0.16,12,31,,10
827243,Axel Disasi,axel-disasi,38,Chelsea,7.17,43.0,6,1,1,1,2,0.14,3,424,27,451,94.01,255,169,41,4,2,40.0,6,7,2,0,0,0,0.0,3,2,1,12,38.71,5,50.0,17,41.46,509,33.33,0,0,0,0,0,0,1,0,3,0,1,0,0,12,60.0,10,0,0,4,38,2,11,4,526,4,11,0,0,3,0,0,0,0,,,,2,0,0,0,0,5,0,0,0,0,0,0,6,0.0,0.0,4,5,2,24,5,0,0,0,20,5,3,50.0,509.0,0,0,0,264,189,0,0.56,0,16,,6
1470464,Corsin Konietzke,corsin-konietzke,2442,FC St. Gallen 1879,7.17,21.5,3,1,1,2,0,0.29,1,39,10,49,79.59,10,29,15,3,3,60.0,4,1,0,0,0,0,0.0,7,2,3,9,56.25,1,33.33,10,52.63,149,14.29,0,0,0,0,0,0,1,0,5,2,0,1,0,3,75.0,1,0,0,1,20,3,5,3,83,2,2,0,0,3,0,2,0,0,,,,0,0,0,0,0,3,0,0,0,0,0,0,2,0.0,0.0,3,5,0,9,2,0,0,0,4,3,2,50.0,149.0,0,0,0,12,37,1,1.67,0,16,,3
1388767,Gisli Thordarson,gisli-thordarson,1908,Víkingur Reykjavík,7.17,43.0,6,0,2,1,1,0.44,1,199,33,232,85.78,111,90,44,4,11,55.0,16,5,0,0,0,2,28.57,7,2,2,31,50.0,8,72.73,39,53.42,540,0.0,0,0,1,0,0,0,0,0,5,2,0,0,0,12,75.0,5,0,1,5,70,2,10,5,354,4,9,0,0,8,2,3,0,0,,,,2,0,0,0,0,8,0,0,0,0,0,0,6,0.0,0.0,4,20,7,34,3,0,0,0,16,8,13,81.25,0.0,0,0,0,126,113,1,0.34,0,36,,6
168749,Filip Helander,filip-helander,3395,Omonia Nicosia,7.17,21.5,3,0,0,0,0,0.01,0,166,21,187,88.77,130,36,6,0,1,50.0,3,0,0,0,0,0,0.0,4,0,3,5,55.56,13,76.47,18,69.23,270,0.0,0,0,0,0,0,0,0,0,4,0,0,0,0,6,37.5,23,0,0,1,25,0,8,2,235,1,2,0,0,0,0,1,0,0,,,,1,0,0,0,0,3,0,0,0,0,0,0,3,0.0,0.0,0,2,0,8,4,0,0,0,16,3,2,66.67,0.0,0,0,0,134,53,0,0.46,0,7,,3
111803,Youssouf Sabaly,youssouf-sabaly,2816,Real Betis,7.16,57.3,8,0,1,1,2,0.98,2,360,41,401,89.78,157,209,116,12,7,87.5,16,5,2,0,0,6,35.29,2,0,2,28,65.12,5,55.56,33,63.46,613,0.0,0,0,0,0,0,0,0,0,1,1,0,0,0,2,20.0,19,1,0,6,70,1,22,7,544,5,4,0,0,5,0,0,0,0,,,,1,0,0,0,0,7,1,0,0,0,0,0,7,0.0,0.0,12,8,17,19,4,0,0,0,10,8,10,62.5,0.0,0,0,0,175,243,0,0.25,0,30,,8
204272,Graham Burke,graham-burke,3177,Shamrock Rovers,7.16,35.8,5,1,2,0,1,0.49,2,117,17,134,87.31,36,81,41,2,5,55.56,1,0,0,0,0,0,0.0,12,5,3,14,48.28,0,0.0,14,45.16,213,8.33,0,0,0,0,2,0,0,1,6,6,0,1,0,3,100.0,1,0,0,6,42,3,5,4,195,8,2,0,0,3,0,4,0,0,,,,0,0,0,0,0,0,2,0,0,0,0,0,2,0.0,0.0,2,9,3,17,2,0,0,0,3,2,0,0.0,213.0,0,0,0,39,98,1,0.61,0,10,,5
1168646,Ibrahim Diakité,ibrahim-diakite,2929,Cercle Brugge,7.16,50.1,7,0,0,1,0,0.09,0,108,49,157,68.79,51,58,22,4,2,100.0,9,9,2,0,0,1,33.33,2,0,1,16,50.0,16,66.67,32,57.14,503,0.0,0,0,0,0,0,0,0,0,2,0,0,0,0,12,30.0,28,0,0,2,58,3,22,8,260,5,10,0,0,4,0,1,0,0,,,,2,0,0,0,0,4,2,0,0,0,0,0,5,0.0,0.0,4,2,3,24,8,0,0,0,40,6,7,77.78,0.0,0,0,0,66,94,0,0.66,0,23,,7
896354,Pêpê,pepe,171626,Pafos FC,7.16,64.4,9,0,0,0,0,0.41,0,505,62,567,89.07,223,282,153,11,5,45.45,16,5,2,0,0,0,0.0,8,3,3,26,52.0,3,60.0,29,52.73,721,0.0,0,0,0,0,0,0,0,0,3,5,0,0,0,54,72.0,5,0,0,5,93,2,66,45,676,5,4,1,0,9,0,2,0,0,,,,2,0,0,0,0,9,1,0,0,0,0,0,8,0.0,0.0,11,11,13,26,2,0,0,0,75,10,7,43.75,0.0,0,0,0,245,335,1,0.56,0,40,,9
1501641,Keita Kosugi,keita-kosugi,1759,Djurgårdens IF,7.15,78.7,11,2,5,0,0,1.48,2,330,67,397,83.12,132,201,114,10,9,60.0,23,12,2,0,0,3,13.64,9,4,0,44,53.01,12,54.55,56,53.33,989,22.22,0,0,0,0,0,0,1,1,4,5,0,1,1,7,25.0,39,1,1,12,141,3,26,10,698,13,19,0,0,2,0,5,0,0,,,,2,0,0,0,0,12,1,0,0,0,0,0,11,0.0,0.0,10,15,22,49,10,0,0,0,28,13,14,60.87,494.5,0,0,0,152,267,1,0.34,0,42,,11
904827,Benoît Badiashile,benoit-badiashile,38,Chelsea,7.15,78.7,11,0,1,2,0,0.64,0,1071,67,1138,94.11,677,394,85,3,1,100.0,7,7,3,0,0,0,0.0,6,1,5,9,39.13,11,78.57,20,54.05,916,0.0,0,0,0,0,0,0,0,0,4,2,0,0,0,26,50.98,32,0,0,1,72,1,40,23,1224,1,9,0,0,5,0,0,0,0,,,,5,0,0,0,0,7,0,0,0,0,0,0,11,0.0,0.0,3,1,1,17,3,0,0,0,51,7,4,57.14,0.0,0,0,0,698,441,3,0.87,15,57,,11
174243,Lukas Görtler,lukas-gortler,2442,FC St. Gallen 1879,7.15,42.9,6,2,1,1,0,0.26,2,200,54,254,78.74,91,109,69,5,6,66.67,11,7,2,0,0,0,0.0,7,2,1,19,39.58,8,50.0,27,42.19,444,28.57,0,0,0,0,0,0,2,0,6,1,1,0,1,22,62.86,6,0,1,2,73,2,31,18,342,3,11,0,0,14,0,4,1,0,,,,0,0,0,0,0,13,0,0,0,0,0,0,5,0.0,0.0,4,9,7,37,8,0,0,0,35,13,8,72.73,222.0,0,0,0,103,158,0,0.67,0,31,,6
15004,Norman Theuerkauf,norman-theuerkauf,5885,1. FC Heidenheim,7.15,57.2,8,1,0,0,0,0.58,1,197,49,246,80.08,108,91,49,10,2,100.0,6,10,0,0,0,2,9.09,3,2,1,9,45.0,8,36.36,17,40.48,577,33.33,0,0,0,0,1,0,1,0,2,1,0,1,0,15,51.72,13,0,0,2,77,2,29,16,368,1,4,0,0,5,1,0,0,0,,,,2,0,0,0,0,8,1,0,0,0,0,0,7,0.0,0.0,10,2,22,25,14,0,0,0,29,9,3,50.0,577.0,0,0,0,120,148,0,0.52,0,27,,8
991421,Azzedine Ounahi,azzedine-ounahi,3248,Panathinaikos FC,7.15,57.2,8,0,3,0,1,1.19,1,336,50,386,87.05,106,230,132,6,14,58.33,14,8,1,0,0,0,0.0,13,2,5,42,57.53,2,66.67,44,57.89,555,0.0,0,0,1,0,0,0,0,0,2,11,0,0,0,10,50.0,1,0,0,12,88,5,15,8,514,14,5,0,0,4,0,6,0,0,,,,1,0,0,0,0,9,2,0,0,0,0,0,6,0.0,0.0,6,24,6,32,1,0,0,0,20,11,6,42.86,0.0,0,0,0,117,275,0,0.53,0,32,,9
66758,Guðmundur Þórarinsson,gumundur-orarinsson,262228,FC Noah,7.15,14.3,2,0,0,0,0,0.16,0,75,10,85,88.24,39,38,21,4,0,0.0,1,1,0,0,0,2,50.0,0,0,0,2,66.67,2,66.67,4,66.67,107,0.0,0,0,0,0,0,0,0,0,0,0,0,0,0,6,54.55,2,0,0,0,15,0,7,4,107,1,0,0,0,0,0,0,0,0,,,,1,0,0,0,0,0,0,0,0,0,0,0,2,0.0,0.0,4,1,4,2,1,0,0,0,11,0,1,100.0,0.0,0,0,0,43,46,0,,0,6,,2
218172,Malkolm Nilsson Säfqvist,malkolm-nilsson-safqvist,1759,Djurgårdens IF,7.15,14.3,2,0,0,0,0,0.0,0,27,23,50,54.0,21,6,1,0,0,0.0,0,0,0,0,0,0,0.0,0,0,0,1,100.0,1,100.0,2,100.0,166,0.0,0,0,0,0,0,0,0,0,0,0,0,0,0,9,28.13,0,0,0,0,23,0,2,2,66,2,0,0,0,0,0,0,0,7,,,,0,0,0,3,3,1,0,0,0,0,1,0,2,0.0,0.0,0,0,0,0,0,0,0,0,32,1,0,0.0,0.0,0,0,1,23,27,0,,17,14,,2
1216283,Manuel Pedreno,manuel-pedreno,2416,NK Olimpija Ljubljana,7.15,28.6,4,0,0,0,0,0.16,0,212,35,247,85.83,126,87,36,1,0,0.0,3,5,1,0,0,1,33.33,0,0,0,4,28.57,5,38.46,9,33.33,316,0.0,0,0,0,0,0,0,0,0,0,0,0,0,0,23,46.94,15,0,0,1,43,0,17,7,292,1,9,0,0,0,0,0,0,0,,,,3,0,0,0,0,0,0,0,0,0,0,0,4,0.0,0.0,1,1,3,18,8,0,0,0,49,0,2,66.67,0.0,0,0,0,135,115,0,,1,7,,5
858888,Imran Oulad Omar,imran-oulad-omar,262228,FC Noah,7.15,42.9,6,0,1,0,0,0.79,0,142,30,172,82.56,55,88,55,7,7,87.5,4,0,0,0,0,1,25.0,13,7,2,19,70.37,2,40.0,21,65.63,407,0.0,0,0,0,0,0,0,0,0,3,10,0,0,0,9,50.0,0,0,0,2,47,2,17,9,233,8,2,0,0,3,0,4,0,0,,,,1,0,0,0,0,7,0,0,0,0,0,0,5,0.0,0.0,7,8,4,11,3,0,0,0,18,7,1,25.0,0.0,0,0,0,58,118,0,0.46,0,17,,6
1006113,Nazinho,nazinho-flavio,2929,Cercle Brugge,7.15,28.6,4,0,0,0,0,0.87,0,51,22,73,69.86,16,40,26,7,5,71.43,7,5,1,0,0,5,26.32,5,2,2,13,61.9,1,16.67,14,51.85,219,0.0,0,0,0,0,1,0,0,0,2,3,0,0,0,3,21.43,5,0,0,4,52,3,8,4,161,1,2,0,0,0,0,1,0,0,,,,0,0,0,0,0,1,0,0,0,0,0,0,3,0.0,0.0,7,7,19,13,5,0,0,0,14,1,5,71.43,0.0,0,0,0,21,71,0,0.21,0,13,,4
921140,Bendegúz Bolla,bendeguz-bolla,2055,SK Rapid Wien,7.14,64.3,9,1,1,0,0,0.78,1,346,88,434,79.72,129,226,116,10,7,53.85,15,15,3,0,0,9,21.95,11,2,6,25,42.37,3,42.86,28,42.42,773,9.09,0,0,0,0,3,0,1,0,5,6,0,1,0,22,42.31,23,0,0,3,148,2,37,17,681,3,17,0,0,9,1,3,0,0,,,,3,0,0,0,0,6,0,0,0,0,0,0,9,0.0,0.0,10,13,41,38,4,0,0,0,52,6,8,53.33,773.0,0,0,0,152,323,0,0.79,0,44,,9
1152849,Sławomir Abramowicz,slawomir-abramowicz,7691,Jagiellonia Białystok,7.14,85.7,12,0,0,0,0,0.0,0,223,82,305,73.11,209,14,1,0,0,0.0,1,0,1,0,0,0,0.0,0,0,0,5,100.0,4,100.0,9,100.0,1080,0.0,0,0,0,0,0,0,0,0,0,0,0,0,0,36,31.58,18,0,0,0,83,0,22,16,421,4,0,0,0,0,0,0,0,36,,,,4,0,0,24,11,9,3,11,4,4,11,0,12,0.0,0.0,0,0,0,0,0,0,0,0,114,12,1,100.0,0.0,0,0,5,230,75,0,,62,95,,12
1019957,Steve Kapuadi,steve-kapuadi,3106,Legia Warszawa,7.14,71.4,10,2,1,1,0,0.21,2,302,56,358,84.36,213,89,28,3,2,66.67,11,6,2,0,0,0,0.0,4,2,2,14,45.16,20,60.61,34,53.13,904,50.0,0,0,0,0,0,0,2,0,4,0,2,0,0,22,44.0,46,0,0,3,68,0,31,14,476,1,14,0,0,1,1,0,0,0,,,,5,0,0,0,0,9,2,0,0,0,0,0,10,0.0,0.0,3,3,0,30,13,0,0,0,50,11,8,72.73,452.0,0,0,0,238,120,1,1.04,4,34,,10
789381,Chimy Ávila,chimy-avila,2816,Real Betis,7.14,71.4,10,0,1,0,1,1.26,1,191,43,234,81.62,62,140,75,20,5,62.5,10,7,3,0,0,11,35.48,13,6,4,29,50.88,8,44.44,37,49.33,577,0.0,0,0,0,0,1,0,0,0,5,8,0,0,0,31,88.57,6,0,1,7,85,3,39,30,371,16,12,0,0,7,0,3,1,0,,,,2,0,0,0,0,6,0,0,0,0,0,0,7,0.0,0.0,19,8,31,38,10,0,0,0,35,6,5,50.0,0.0,0,0,0,68,197,1,0.68,0,24,,10
94290,Hannes Van Der Bruggen,hannes-van-der-bruggen,2929,Cercle Brugge,7.13,42.8,6,1,0,0,1,0.27,2,88,33,121,72.73,30,58,33,3,2,100.0,9,6,0,0,0,0,0.0,2,1,0,15,71.43,4,44.44,19,63.33,265,50.0,0,0,0,0,0,0,0,1,1,1,0,0,1,13,65.0,12,0,0,1,43,5,25,18,180,4,2,0,0,3,0,1,0,0,,,,0,0,0,0,0,1,1,0,0,0,0,0,3,0.0,0.0,3,2,2,11,5,0,0,0,20,2,7,77.78,265.0,0,0,0,37,86,0,0.09,0,38,,6
1896359,Danny Davies,danny-davies,4921,The New Saints,7.13,42.8,6,1,0,0,0,0.06,1,124,51,175,70.86,92,33,12,1,2,33.33,20,6,1,0,0,1,25.0,4,1,2,28,66.67,9,81.82,37,69.81,540,25.0,0,0,0,0,0,0,1,0,3,1,1,0,0,11,26.19,38,0,0,0,71,0,16,5,298,6,6,0,0,4,0,1,0,0,,,,1,0,0,0,0,10,0,0,0,0,0,0,6,0.0,0.0,1,6,4,16,2,0,0,0,42,10,16,80.0,540.0,0,0,0,105,74,0,0.23,0,21,,6
1028839,Fedor Lapoukhov,lapoukhov-fedor,3361,Dinamo Minsk,7.13,42.8,6,0,0,0,0,0.25,0,154,59,213,72.3,111,43,15,2,1,100.0,0,0,0,0,0,0,0.0,0,0,0,2,66.67,3,100.0,5,83.33,540,0.0,0,0,0,0,0,0,0,0,0,0,0,0,0,54,48.21,7,0,0,0,60,0,32,27,277,1,0,0,0,1,0,0,0,18,,,,1,4,2,13,5,12,1,4,3,3,5,0,6,0.0,0.0,2,1,0,1,0,0,0,0,112,13,0,0.0,0.0,0,0,0,123,90,0,,39,58,,6
950651,Eirik Haugan,eirik-haugan,661,Molde FK,7.13,21.4,3,0,0,0,0,0.02,0,178,16,194,91.75,143,35,7,0,0,0.0,6,4,2,0,0,0,0.0,1,0,1,9,60.0,3,50.0,12,57.14,256,0.0,0,0,0,0,0,0,0,0,1,0,0,0,0,9,52.94,15,0,0,0,17,1,7,5,235,3,3,0,0,2,0,0,0,0,,,,1,0,0,0,0,3,0,0,0,0,0,0,2,0.0,0.0,0,1,0,9,3,0,0,0,17,3,4,66.67,0.0,0,0,0,147,47,0,0.06,3,15,,3
126680,Filip Mladenović,filip-mladenovic,3248,Panathinaikos FC,7.13,71.3,10,1,3,1,1,1.51,2,389,82,471,82.59,160,243,117,11,2,40.0,19,6,2,0,1,14,27.45,8,2,2,32,62.75,6,85.71,38,65.52,790,12.5,0,0,0,0,0,0,1,0,6,2,0,0,1,26,49.06,23,0,0,5,134,1,49,27,681,11,5,0,0,6,1,4,0,0,,,,2,0,0,0,0,12,2,0,0,0,0,0,9,0.0,0.0,11,5,51,20,1,0,0,0,53,14,15,78.95,790.0,1,0,0,173,349,1,0.3,0,34,,10
816763,Pablo Fornals,pablo-fornals,2816,Real Betis,7.13,71.3,10,0,2,1,1,1.62,1,465,53,518,89.77,163,308,150,15,7,53.85,15,10,2,0,0,6,31.58,10,4,3,27,49.09,3,23.08,30,44.12,780,0.0,0,0,0,0,0,0,0,0,7,3,0,0,0,23,76.67,8,0,0,8,87,3,33,23,641,5,5,0,0,9,0,3,0,0,,,,1,0,0,0,0,10,0,0,0,0,0,0,9,0.0,0.0,15,13,19,38,10,0,0,0,30,10,9,60.0,0.0,0,0,0,178,359,0,1.11,0,62,,10
842358,Anders Hagelskjær,anders-hagelskjaer,661,Molde FK,7.13,28.5,4,0,0,0,0,0.31,0,270,29,299,90.3,159,111,41,1,2,66.67,7,5,0,0,0,0,0.0,1,0,0,10,45.45,10,100.0,20,62.5,283,0.0,0,0,0,0,0,0,0,0,1,0,0,0,0,12,46.15,7,0,0,4,41,1,19,13,354,1,5,0,0,2,0,1,0,0,,,,1,0,0,0,0,3,1,0,0,0,0,0,3,0.0,0.0,1,3,2,12,0,0,0,0,26,4,7,100.0,0.0,0,0,0,167,134,0,0.04,0,25,,4
1169364,David Abagna,david-abagna,3398,APOEL Nicosia,7.11,56.9,8,3,0,1,0,0.17,3,236,33,269,87.73,97,139,55,1,12,85.71,9,6,2,0,0,0,0.0,17,5,9,28,50.0,3,33.33,31,47.69,561,17.65,0,0,0,0,0,0,3,0,5,12,0,0,3,13,68.42,5,0,0,6,62,6,15,9,367,7,12,0,0,9,1,3,0,0,,,,1,0,0,0,0,4,1,0,0,0,0,0,7,0.0,0.0,1,14,4,34,6,0,0,0,19,5,6,66.67,187.0,0,0,0,106,167,0,2.3,0,53,,8
338475,Rafał Augustyniak,rafa-augustyniak,3106,Legia Warszawa,7.11,56.9,8,0,2,0,1,0.69,1,174,26,200,87.0,86,89,43,3,3,60.0,16,8,1,0,0,1,50.0,12,3,5,20,45.45,13,76.47,33,54.1,497,0.0,0,0,0,0,0,0,0,0,6,6,0,0,0,10,47.62,26,0,0,5,44,3,16,11,320,2,8,1,0,9,0,4,0,0,,,,2,0,0,0,0,3,0,0,0,0,0,0,5,0.0,0.0,3,5,2,28,4,0,0,0,21,3,11,68.75,0.0,0,0,0,91,111,0,0.66,0,28,,8
889491,Amine Khammas,amine-khammas,3395,Omonia Nicosia,7.11,56.9,8,0,3,0,0,1.14,0,358,50,408,87.75,207,165,78,15,1,16.67,15,4,0,0,0,14,34.15,1,0,0,26,60.47,8,57.14,34,59.65,708,0.0,0,0,0,0,1,0,0,0,0,1,0,0,0,12,50.0,27,0,0,3,104,2,28,14,618,10,5,0,0,4,3,1,0,0,,,,2,0,0,0,0,10,0,0,0,0,0,0,8,0.0,0.0,15,6,41,23,6,0,0,0,24,10,6,40.0,0.0,0,0,0,226,223,0,0.04,0,35,,8
69367,Filip Đuričić,filip-uricic,3248,Panathinaikos FC,7.11,71.1,10,2,2,1,2,1.41,4,224,50,274,81.75,48,178,107,9,7,29.17,14,3,2,0,0,2,28.57,13,9,0,42,42.42,3,50.0,45,42.86,718,15.38,0,0,1,0,0,0,2,0,9,4,0,0,2,8,88.89,0,0,0,13,100,8,12,9,416,23,24,1,0,5,1,4,0,0,,,,0,0,0,0,0,7,1,0,0,0,0,0,9,0.0,0.0,9,24,7,60,3,0,0,0,9,8,6,42.86,359.0,0,0,0,55,226,0,1.55,0,34,,10
67769,Ricardo Rodríguez,ricardo-rodriguez,2816,Real Betis,7.11,71.1,10,0,1,0,0,0.65,0,321,45,366,87.7,151,179,84,12,3,75.0,9,9,0,0,0,9,28.13,5,2,1,20,66.67,10,58.82,30,63.83,803,0.0,0,0,0,0,0,0,0,0,4,1,0,0,0,22,55.0,19,0,0,2,87,4,36,18,537,8,5,0,0,2,0,2,0,0,,,,4,0,0,0,0,6,0,0,0,0,0,0,10,0.0,0.0,12,4,32,17,7,0,0,0,40,6,4,44.44,0.0,0,0,0,166,232,1,0.27,0,33,,10
845787,Luquinhas,luquinhas,3106,Legia Warszawa,7.1,63.9,9,4,0,0,0,0.3,4,138,28,166,83.13,47,91,54,6,3,23.08,21,8,3,0,0,0,0.0,14,4,5,35,56.45,3,27.27,38,52.05,640,28.57,0,0,0,0,0,0,4,0,12,2,0,0,4,1,100.0,9,0,0,8,60,2,3,2,286,11,5,0,0,5,3,5,0,0,,,,1,0,0,0,0,7,2,0,0,0,0,0,8,0.0,0.0,6,13,1,35,8,0,0,0,1,9,11,52.38,160.0,0,0,0,52,115,0,2.42,0,31,,9
899022,Andronikos Kakoullis,andronikos-kakoullis,3395,Omonia Nicosia,7.1,56.8,8,3,1,3,2,0.23,5,55,28,83,66.27,20,35,23,4,5,35.71,4,3,2,0,0,0,0.0,16,7,6,14,35.9,12,34.29,26,35.14,506,18.75,0,0,0,0,0,0,3,0,13,3,0,1,2,4,57.14,8,0,0,3,63,3,6,4,181,5,12,0,0,2,4,3,0,0,,,,0,0,0,0,0,7,0,0,0,0,0,0,5,0.0,0.0,4,14,5,48,23,0,0,0,7,7,2,50.0,168.67,0,0,0,22,66,0,3.39,0,16,,8
1008597,Mohamed Belhadj Mahmoud,mohamed-haj-mahmoud,2443,FC Lugano,7.1,56.8,8,3,2,1,1,0.5,4,153,29,182,84.07,60,93,49,4,2,33.33,12,3,2,0,0,0,0.0,15,6,7,20,40.82,11,64.71,31,46.97,571,20.0,0,0,0,0,0,0,3,0,12,3,1,0,2,7,58.33,4,0,0,6,50,1,12,9,255,6,16,1,0,3,1,2,0,0,,,,0,0,0,0,0,8,1,0,0,0,0,0,7,0.0,0.0,4,6,1,35,6,0,0,0,12,9,9,75.0,190.33,0,0,0,69,114,0,3.2,0,20,,8
804909,Albert Guðmundsson,albert-gudmundsson,2693,Fiorentina,7.1,56.8,8,2,4,1,1,1.69,3,185,18,203,91.13,81,106,54,10,5,45.45,6,0,0,0,0,2,33.33,6,4,1,14,45.16,0,0.0,14,42.42,461,33.33,1,1,0,0,0,0,2,0,5,1,0,1,1,3,100.0,1,0,0,4,42,3,10,7,260,3,6,0,0,1,2,1,0,0,,,,0,0,0,0,0,4,2,0,0,0,0,0,5,100.0,0.0,10,11,6,19,2,0,0,0,3,6,1,16.67,230.5,0,0,0,84,125,0,1.27,0,16,,8
1083273,Blair Spittal,blair-spittal,2353,Heart of Midlothian,7.1,42.6,6,2,2,0,0,0.53,2,168,49,217,77.42,67,104,58,7,5,55.56,5,2,0,0,0,3,23.08,7,2,2,12,44.44,12,63.16,24,52.17,418,28.57,0,0,0,0,0,0,2,0,3,4,1,0,1,9,40.91,5,0,0,2,76,4,7,4,283,2,2,0,0,7,0,3,0,0,,,,0,0,0,0,0,7,0,0,0,0,0,0,4,0.0,0.0,7,9,13,22,7,0,0,0,22,7,4,80.0,209.0,0,0,0,79,151,0,0.63,0,26,,6
539260,Jairo,jairo,171626,Pafos FC,7.1,71.0,10,1,2,3,2,1.09,3,129,34,163,79.14,34,96,62,15,4,40.0,8,3,0,0,0,1,50.0,22,6,11,20,50.0,14,32.56,34,40.96,677,4.55,0,0,0,0,0,0,1,0,19,3,0,0,1,1,50.0,7,0,0,6,71,12,2,1,282,8,11,2,0,1,1,5,0,0,,,,0,0,0,0,0,8,0,0,0,0,0,0,9,0.0,0.0,15,10,2,49,29,0,0,0,2,8,2,25.0,677.0,0,0,0,38,127,0,2.93,0,29,,10
559058,Vlad Dragomir,vlad-dragomir,171626,Pafos FC,7.1,71.0,10,1,4,1,1,1.29,2,226,57,283,79.86,78,155,86,15,3,37.5,19,9,0,0,0,7,31.82,20,7,9,32,51.61,8,27.59,40,43.96,865,5.0,0,0,0,0,2,0,1,0,7,13,0,0,1,8,53.33,6,0,0,12,107,9,14,7,440,10,12,0,0,2,1,4,1,0,,,,3,0,0,0,0,10,1,0,0,0,0,0,10,0.0,0.0,14,8,22,51,21,0,0,0,15,11,12,63.16,865.0,0,0,0,92,213,0,1.18,0,41,,10
1168093,Óscar Rivas,oscar-rivas,3009,Vitória SC,7.1,21.3,3,1,0,0,0,0.01,1,107,19,126,84.92,78,29,7,0,0,0.0,5,2,0,0,0,0,0.0,2,2,0,8,72.73,3,33.33,11,55.0,270,50.0,0,0,0,0,0,0,1,0,2,0,0,1,0,9,50.0,10,0,0,0,20,0,7,2,156,3,0,0,0,2,0,0,0,0,,,,0,0,0,0,0,3,0,0,0,0,0,0,3,0.0,0.0,0,1,0,9,6,0,0,0,18,3,5,100.0,270.0,0,0,0,84,42,0,0.48,1,10,,3
1083666,Ion Borș,ion-bors,167232,FC Petrocub Hîncesti,7.1,35.5,5,1,0,0,0,0.1,1,112,22,134,83.58,65,48,22,1,3,60.0,14,6,1,0,0,1,50.0,4,1,2,18,66.67,4,33.33,22,56.41,307,25.0,0,0,0,0,0,0,1,0,2,2,1,0,0,3,25.0,24,0,0,4,32,1,2,1,226,1,0,0,0,3,0,1,0,0,,,,0,0,0,0,0,6,2,0,0,0,0,0,4,0.0,0.0,1,5,2,17,8,0,0,0,12,8,9,64.29,307.0,0,0,0,78,58,1,0.27,0,20,,5
81239,Georgi Kostadinov,georgi-kostadinov,3398,APOEL Nicosia,7.1,28.4,4,1,0,0,0,0.13,1,143,24,167,85.63,72,71,29,1,2,100.0,6,3,1,0,0,0,0.0,2,1,1,14,51.85,4,40.0,18,48.65,331,50.0,0,0,0,0,0,0,1,0,1,1,0,1,0,9,60.0,6,0,0,0,26,4,4,2,207,6,9,0,0,4,0,0,0,0,,,,0,0,0,0,0,3,0,0,0,0,0,0,4,0.0,0.0,1,2,0,19,6,0,0,0,15,3,4,66.67,331.0,0,0,0,78,89,0,0.27,0,14,,4
842148,Giannis Kotsiras,giannis-kotsiras,3248,Panathinaikos FC,7.1,42.6,6,0,2,0,1,0.61,1,257,38,295,87.12,120,138,75,5,4,57.14,8,3,0,0,0,1,14.29,0,0,0,18,69.23,8,80.0,26,72.22,451,0.0,0,0,0,0,0,0,0,0,0,0,0,0,0,10,50.0,19,0,0,2,54,4,17,7,398,7,1,0,0,2,0,0,0,0,,,,1,0,0,0,0,8,1,0,0,0,0,0,6,0.0,0.0,5,7,7,10,2,0,0,0,20,9,6,75.0,0.0,0,0,0,132,170,2,,0,24,,7
1030196,Denis Donát,denis-donat,2224,Mladá Boleslav,7.1,7.1,1,0,0,0,0,0.01,0,40,5,45,88.89,28,12,3,0,0,0.0,4,0,0,0,0,0,0.0,0,0,0,4,80.0,1,100.0,5,83.33,75,0.0,0,0,0,0,0,0,0,0,0,0,0,0,0,3,100.0,2,0,0,1,6,0,2,2,57,0,0,0,0,0,0,0,0,0,,,,0,0,0,0,0,2,0,0,0,0,0,0,1,0.0,0.0,0,0,0,1,0,0,0,0,3,2,3,75.0,0.0,0,0,0,29,16,0,,0,2,,2
827568,Tomáš Ladra,tomas-ladra,2224,Mladá Boleslav,7.1,42.6,6,0,0,2,0,1.21,0,132,56,188,70.21,40,102,64,18,8,47.06,8,2,1,0,0,10,38.46,17,7,3,27,48.21,6,33.33,33,44.59,537,0.0,0,0,0,0,2,0,0,0,8,9,0,0,0,16,51.61,3,0,0,7,101,3,30,17,320,11,6,0,0,7,1,7,0,0,,,,0,0,0,0,0,9,1,0,0,0,0,0,6,0.0,0.0,18,17,26,41,12,0,0,0,31,10,7,87.5,0.0,0,0,0,52,162,0,0.94,0,35,,6
796161,David Sualehe,david-sualehe,2416,NK Olimpija Ljubljana,7.1,56.8,8,0,0,0,0,0.6,0,325,67,392,82.91,177,156,67,5,11,57.89,18,10,3,0,0,8,33.33,13,0,5,38,59.38,16,66.67,54,61.36,619,0.0,0,0,0,0,3,0,0,0,3,10,0,0,0,20,52.63,25,0,1,5,114,1,28,14,617,9,5,0,0,8,0,8,1,0,,,,3,0,0,0,0,3,1,0,0,0,0,0,7,0.0,0.0,4,19,24,34,8,0,0,0,38,4,14,77.78,0.0,0,0,0,207,209,0,0.31,0,30,,8
1913033,Reggie Walsh,reggie-walsh,38,Chelsea,7.1,7.1,1,0,0,0,0,0.14,0,41,4,45,91.11,12,29,16,1,0,0.0,0,1,0,0,0,0,0.0,2,1,1,4,40.0,0,0.0,4,40.0,92,0.0,0,0,0,0,0,0,0,0,0,2,0,0,0,0,0.0,0,0,0,4,9,1,1,0,58,4,0,0,0,2,0,0,0,0,,,,1,0,0,0,0,0,0,0,0,0,0,0,1,0.0,0.0,1,0,0,6,0,0,0,0,0,0,0,0.0,0.0,0,0,0,12,33,0,0.04,0,2,,2
120970,Sverrir Ingason,sverrir-ingason,3248,Panathinaikos FC,7.09,63.8,9,0,0,0,0,0.22,0,547,54,601,91.01,343,204,54,1,3,100.0,13,5,2,0,0,0,0.0,6,1,3,23,67.65,23,50.0,46,57.5,810,0.0,0,0,0,0,0,0,0,0,6,0,0,0,0,23,50.0,48,0,0,2,60,0,12,5,713,7,7,0,0,3,0,2,0,0,,,,4,0,0,0,0,9,1,0,0,0,0,0,9,0.0,0.0,1,3,0,34,23,0,0,0,46,10,11,84.62,0.0,0,0,0,361,240,0,0.35,2,17,,9
106713,Vid Belec,vid-belec,3398,APOEL Nicosia,7.09,56.7,8,0,0,0,0,0.01,0,92,70,162,56.79,74,18,6,0,0,0.0,0,0,0,0,0,0,0.0,0,0,0,1,100.0,2,100.0,3,100.0,720,0.0,0,0,0,0,0,0,0,0,0,0,0,0,0,28,28.87,3,1,0,0,70,0,6,3,237,3,0,0,0,0,0,0,0,29,,,,1,1,1,17,12,8,1,3,1,1,5,0,8,0.0,0.0,0,0,0,0,0,0,0,0,97,9,0,0.0,0.0,0,0,5,89,73,0,,43,60,,8
147138,Pico,pico,3177,Shamrock Rovers,7.09,56.7,8,0,0,1,0,0.15,0,345,64,409,84.35,239,106,20,4,2,66.67,20,8,2,0,0,0,0.0,3,0,2,25,64.1,21,56.76,46,60.53,750,0.0,0,0,0,0,0,0,0,0,3,0,0,0,0,24,42.11,51,0,1,1,74,0,24,8,536,4,8,0,0,5,0,1,1,0,,,,2,0,0,0,0,8,2,0,0,0,0,0,8,0.0,0.0,3,3,1,30,16,0,0,0,57,10,13,65.0,0.0,0,0,0,265,145,0,0.29,0,36,,8
149740,Kristoffer Haugen,kristoffer-haugen,661,Molde FK,7.09,49.6,7,0,2,0,2,1.59,2,182,36,218,83.49,80,109,56,8,6,75.0,12,5,1,0,0,7,30.43,0,0,0,21,58.33,9,50.0,30,55.56,392,0.0,0,0,0,0,0,0,0,0,0,0,0,0,0,10,52.63,11,0,0,4,67,2,14,6,347,3,9,0,0,2,1,0,0,0,,,,0,0,0,0,0,8,1,0,0,0,0,0,3,0.0,0.0,8,8,23,24,9,0,0,0,19,9,7,58.33,0.0,0,0,0,88,153,2,,0,23,,7
34317,Fabiano,fabiano,3395,Omonia Nicosia,7.09,49.6,7,0,0,0,0,0.01,0,91,48,139,65.47,72,19,6,0,0,0.0,1,0,0,0,0,0,0.0,0,0,0,1,100.0,3,100.0,4,100.0,630,0.0,0,0,0,0,0,0,0,0,0,0,0,0,0,24,33.8,2,1,1,0,51,0,1,1,201,1,0,0,0,0,0,0,0,24,,,,2,1,1,16,8,9,0,2,1,0,4,0,7,0.0,0.0,0,0,0,0,0,0,0,0,71,9,0,0.0,0.0,0,0,4,80,59,1,,58,43,,7
45990,Sven Kums,sven-kums,2903,KAA Gent,7.09,49.6,7,0,0,0,0,1.0,0,226,27,253,89.33,93,144,81,16,2,66.67,11,6,1,0,0,11,36.67,0,0,0,15,55.56,5,71.43,20,58.82,349,0.0,0,0,0,0,0,0,0,0,0,0,0,0,0,14,82.35,9,0,1,3,54,5,19,14,333,2,6,0,0,3,0,0,0,0,,,,0,0,0,0,0,4,1,0,0,0,0,0,4,0.0,0.0,16,3,30,14,2,0,0,0,17,5,5,45.45,0.0,0,0,0,101,182,0,,0,23,,7
990169,Johnny Cardoso,johnny-cardoso,2816,Real Betis,7.08,92.1,13,1,2,0,0,0.83,1,420,43,463,90.71,215,205,85,8,14,77.78,25,20,1,0,0,0,0.0,14,3,5,46,53.49,14,58.33,60,54.55,881,7.14,0,0,0,0,0,0,1,0,6,8,0,0,1,15,65.22,13,0,0,14,74,4,22,13,626,7,11,1,0,12,0,6,0,0,,,,2,0,0,0,0,10,1,0,0,0,0,0,10,0.0,0.0,8,18,2,50,10,0,0,0,23,11,12,48.0,881.0,0,0,0,226,239,0,1.58,0,61,,13
845979,Thijmen Nijhuis,thijmen-nijhuis,2242,HJK,7.08,42.5,6,0,0,0,0,0.0,0,142,40,182,78.02,137,5,1,0,0,0.0,0,0,0,0,0,0,0.0,0,0,0,1,50.0,1,50.0,2,50.0,540,0.0,0,0,0,0,0,0,0,0,0,0,0,0,0,19,32.76,0,1,0,0,40,0,12,6,240,2,0,0,0,1,0,0,0,25,,,,1,0,0,17,8,7,2,0,0,0,3,0,6,0.0,0.0,0,0,0,2,1,0,0,0,58,9,0,0.0,0.0,0,0,6,153,29,0,,36,48,,6
920514,Jerome Opoku,opoku-jerome,3086,Başakşehir FK,7.08,42.5,6,0,2,0,0,0.46,0,295,41,336,87.8,207,89,28,3,2,100.0,13,8,2,0,0,1,33.33,3,1,2,24,66.67,12,66.67,36,66.67,540,0.0,0,0,0,0,0,0,0,0,3,0,0,0,0,12,41.38,18,0,0,3,55,1,20,9,423,9,9,0,0,1,0,0,0,0,,,,0,0,0,0,0,12,0,0,0,0,0,0,6,0.0,0.0,3,2,3,18,6,0,0,0,29,12,8,61.54,0.0,0,0,0,221,118,1,0.06,8,20,,6
1403061,Tyrique George,tyrique-george,38,Chelsea,7.08,77.9,11,1,4,2,2,2.14,3,244,36,280,87.14,63,183,127,14,14,56.0,5,2,0,0,0,2,11.76,22,8,6,25,43.1,3,23.08,28,39.44,765,4.55,0,0,0,0,0,0,1,0,18,4,0,1,0,4,57.14,1,0,0,13,96,5,4,2,424,6,7,0,0,2,5,8,0,0,,,,2,0,0,0,0,7,0,0,0,0,0,0,8,0.0,0.0,14,25,17,43,10,0,0,0,7,7,4,80.0,765.0,0,0,0,69,228,1,2.07,0,27,,12
369708,Ioannis Kousoulos,ioannis-kousoulos,3395,Omonia Nicosia,7.08,35.4,5,0,1,0,0,0.29,0,109,38,147,74.15,60,49,18,3,4,100.0,8,10,0,0,0,0,0.0,4,1,3,13,68.42,9,60.0,22,64.71,250,0.0,0,0,0,0,0,0,0,0,0,4,0,0,0,5,29.41,9,0,0,3,43,2,11,4,204,1,1,0,0,2,0,0,0,0,,,,1,0,0,0,0,2,0,0,0,0,0,0,3,0.0,0.0,3,4,0,12,6,0,0,0,17,2,5,62.5,0.0,0,0,0,70,77,0,0.12,0,21,,6
794939,Marc Cucurella,marc-cucurella,38,Chelsea,7.08,63.7,9,2,0,0,1,0.29,3,340,39,379,89.71,131,210,96,4,0,0.0,16,6,1,0,0,1,25.0,8,2,3,17,65.38,6,75.0,23,67.65,560,25.0,0,0,0,0,0,0,2,0,7,1,0,0,2,11,50.0,11,0,0,3,53,2,13,5,493,1,4,0,0,1,2,3,0,0,,,,0,0,0,0,0,6,0,0,0,0,0,0,6,0.0,0.0,4,2,4,11,2,0,0,0,22,6,12,75.0,280.0,0,0,0,142,241,0,1.02,0,21,,9
116610,Ingvar Jónsson,ingvar-jonsson,1908,Víkingur Reykjavík,7.08,56.6,8,0,0,0,0,0.03,0,200,96,296,67.57,172,28,7,0,0,0.0,0,0,0,0,0,0,0.0,0,0,0,2,50.0,0,0.0,2,50.0,720,0.0,0,0,0,0,0,0,0,0,0,0,0,0,0,66,41.51,13,0,0,0,97,0,22,11,378,2,0,0,0,2,0,0,0,27,,,,2,1,0,18,9,11,0,5,9,7,7,0,8,0.0,0.0,0,0,0,2,0,0,0,0,159,11,0,0.0,0.0,0,0,2,209,87,0,,39,97,,8
1403050,Josh Acheampong,josh-acheampong,38,Chelsea,7.07,49.5,7,0,0,0,0,0.26,0,538,28,566,95.05,253,285,94,3,8,80.0,13,5,0,0,0,0,0.0,4,1,2,31,55.36,7,70.0,38,57.58,585,0.0,0,0,0,0,0,0,0,0,3,1,0,0,0,8,61.54,3,0,3,13,58,4,9,2,706,11,4,0,0,6,0,1,0,0,,,,2,0,0,0,0,5,0,0,0,0,0,0,7,0.0,0.0,3,10,1,28,3,0,0,0,13,5,6,46.15,0.0,0,0,0,262,305,0,0.18,0,28,,7
576080,Lukas Grgić,lukas-grgic,2055,SK Rapid Wien,7.07,70.7,10,0,1,0,1,0.69,1,438,51,489,89.57,210,228,107,2,3,37.5,24,14,2,0,0,0,0.0,9,3,1,38,62.3,5,38.46,43,58.11,861,0.0,0,0,0,0,0,0,0,0,9,0,0,0,0,20,58.82,11,0,1,5,75,5,35,19,627,11,11,0,0,2,1,5,0,0,,,,1,0,0,0,0,8,2,0,0,0,0,0,10,0.0,0.0,2,8,1,31,8,0,0,0,34,10,11,45.83,0.0,0,0,0,222,268,0,1.0,0,42,,10
893062,Aitor Ruibal,aitor-ruibal,2816,Real Betis,7.07,91.9,13,0,3,0,2,0.93,2,362,87,449,80.62,158,208,101,10,8,57.14,24,19,5,0,0,4,17.39,8,1,3,39,55.71,10,55.56,49,55.68,824,0.0,0,0,0,0,0,0,0,0,7,1,0,0,0,19,39.58,18,0,0,9,148,4,35,14,698,7,11,0,0,6,3,4,1,0,,,,3,0,0,0,0,8,2,0,0,0,0,0,8,0.0,0.0,9,14,23,39,8,0,0,0,48,10,16,66.67,0.0,0,0,0,187,285,1,0.37,0,44,,13
1493689,Assane Diao,assane-diao,2816,Real Betis,7.07,42.4,6,0,1,0,1,0.47,1,95,22,117,81.2,27,68,47,4,5,31.25,10,4,0,0,0,0,0.0,13,1,7,30,53.57,11,61.11,41,55.41,351,0.0,0,0,0,0,0,0,0,0,8,5,0,0,0,1,25.0,4,0,0,5,56,6,2,1,218,15,7,0,0,5,1,5,0,0,,,,1,0,0,0,0,3,0,0,0,0,0,0,4,0.0,0.0,4,16,5,33,7,0,0,0,4,3,8,80.0,0.0,0,0,0,32,90,0,0.74,0,20,,6
839982,Léo Duarte,leo-duarte,3086,Başakşehir FK,7.06,35.3,5,0,0,0,0,0.11,0,211,37,248,85.08,122,89,30,1,1,100.0,17,7,0,0,0,0,0.0,0,0,0,23,82.14,12,85.71,35,83.33,450,0.0,0,0,0,0,0,0,0,0,0,0,0,0,0,14,56.0,17,0,0,0,54,1,19,8,359,5,3,0,0,3,0,0,0,0,,,,0,0,0,0,0,10,0,0,0,0,0,0,5,0.0,0.0,1,1,4,7,2,0,0,0,25,10,12,70.59,0.0,0,0,0,142,110,0,,1,17,,5
137095,Mario Kvesić,mario-kvesic,2413,NK Celje,7.06,70.6,10,0,2,0,0,1.79,0,210,45,255,82.35,66,156,101,16,17,70.83,4,4,1,0,0,12,36.36,13,3,8,26,52.0,0,0.0,26,48.15,600,0.0,0,0,1,0,1,0,0,0,10,3,0,0,0,15,57.69,5,0,1,3,86,2,26,12,369,5,6,0,0,8,1,2,1,0,,,,0,0,0,0,0,14,0,0,0,0,0,0,6,0.0,0.0,15,24,33,28,4,0,0,0,26,14,2,50.0,0.0,0,0,0,73,215,0,1.35,0,21,,10
997024,Tiago Araújo,tiago-araujo,2903,KAA Gent,7.06,49.4,7,0,2,0,1,0.79,1,246,58,304,80.92,115,135,80,7,2,33.33,8,7,0,0,0,4,12.9,12,1,5,12,44.44,1,33.33,13,43.33,456,0.0,0,0,0,0,1,0,0,0,4,8,0,0,0,29,56.86,7,0,0,3,102,0,36,23,436,2,2,0,0,6,0,6,0,0,,,,0,0,0,0,0,3,1,0,0,0,0,0,6,0.0,0.0,7,6,31,17,2,0,0,0,51,4,5,62.5,0.0,0,0,0,134,201,0,0.56,0,23,,8
1020075,Ryoya Morishita,ryoya-morishita,3106,Legia Warszawa,7.06,63.5,9,3,2,2,1,0.96,4,188,58,246,76.42,76,114,61,6,12,46.15,6,3,3,0,0,2,16.67,20,8,8,27,47.37,3,37.5,30,46.15,803,15.0,0,0,0,0,0,0,3,0,14,6,1,1,1,6,42.86,10,0,0,5,109,7,19,7,385,9,7,0,0,7,2,4,0,0,,,,3,0,0,0,0,7,2,0,0,0,0,0,9,0.0,0.0,6,26,12,35,5,0,0,0,14,9,5,83.33,267.67,0,0,0,87,171,0,3.28,0,37,,9
363782,Derrick Luckassen,derrick-luckassen,171626,Pafos FC,7.06,63.5,9,0,1,0,0,0.52,0,505,61,566,89.22,337,168,56,3,0,0.0,17,5,5,0,0,0,0.0,3,0,3,27,64.29,18,72.0,45,67.16,810,0.0,0,0,0,1,0,0,0,0,3,0,0,0,0,47,59.49,34,0,0,1,75,0,40,20,675,10,11,0,0,3,0,0,0,0,,,,3,0,0,0,0,10,1,0,0,0,0,0,9,0.0,0.0,3,0,4,22,7,0,0,0,79,11,12,70.59,0.0,0,0,0,356,214,2,0.34,3,51,,9
37126,Stevan Jovetić,stevan-jovetic,3395,Omonia Nicosia,7.05,14.1,2,1,0,1,0,0.48,1,60,9,69,86.96,26,34,20,0,3,33.33,4,1,2,0,0,0,0.0,4,1,2,12,57.14,2,33.33,14,51.85,180,25.0,0,0,0,0,0,0,1,0,3,1,0,0,1,5,71.43,2,0,0,1,22,2,8,5,112,5,3,0,0,0,0,1,0,0,,,,0,0,0,0,0,3,0,0,0,0,0,0,2,0.0,0.0,0,9,0,13,4,0,0,0,7,3,3,75.0,180.0,0,0,0,26,43,0,0.75,0,7,,2
869708,Jozo Stanić,jozo-stanic,2442,FC St. Gallen 1879,7.05,14.1,2,1,0,0,0,0.01,1,76,16,92,82.61,64,12,5,0,0,0.0,0,3,2,0,0,0,0.0,3,1,1,2,40.0,5,41.67,7,41.18,180,33.33,0,0,0,0,0,0,1,0,3,0,1,0,0,9,56.25,11,0,0,1,18,0,8,4,118,2,2,0,0,0,0,1,0,0,,,,0,0,0,0,0,5,0,0,0,0,0,0,2,0.0,0.0,0,0,0,10,7,0,0,0,16,5,0,0.0,180.0,0,0,0,69,23,0,0.09,1,7,,2
1065145,Shkelqim Vladi,shkelqim-vladi,2443,FC Lugano,7.05,14.1,2,0,1,1,1,0.26,1,14,2,16,87.5,7,7,5,3,3,42.86,0,1,0,0,0,0,0.0,2,2,0,5,38.46,1,16.67,6,31.58,153,0.0,0,0,0,0,0,0,0,0,2,0,0,0,0,0,0.0,1,0,0,1,16,0,0,0,44,2,4,0,0,0,1,0,0,0,,,,0,0,0,0,0,3,1,0,0,0,0,0,2,0.0,0.0,3,7,0,13,5,0,0,0,0,4,0,0.0,0.0,0,0,0,8,8,0,0.42,0,3,,2
921180,Edgaras Utkus,edgaras-utkus,2929,Cercle Brugge,7.05,42.3,6,0,1,0,1,0.32,1,108,42,150,72.0,68,40,12,4,2,66.67,10,11,0,0,0,0,0.0,5,1,3,19,61.29,20,54.05,39,57.35,382,0.0,0,0,0,1,0,0,0,0,5,0,0,0,0,5,26.32,19,0,0,0,50,1,13,3,234,8,9,0,0,3,0,1,0,0,,,,0,0,0,0,0,3,1,0,0,0,0,0,5,0.0,0.0,4,3,0,29,17,0,0,0,19,4,6,60.0,0.0,0,0,0,77,73,0,0.28,0,19,,6
989887,Serge-Philippe Raux-Yao,serge-philippe-raux-yao,2055,SK Rapid Wien,7.05,70.5,10,0,1,0,1,0.3,1,549,52,601,91.35,372,177,44,2,3,100.0,13,6,1,1,1,0,0.0,3,2,0,19,67.86,6,35.29,25,55.56,950,0.0,0,0,0,0,0,0,0,0,3,0,0,0,0,40,66.67,35,0,1,3,58,2,27,18,688,3,4,0,0,2,0,1,0,0,,,,4,0,0,0,0,9,2,0,0,0,0,0,10,0.0,0.0,2,3,0,20,11,0,0,0,60,11,7,53.85,0.0,0,0,0,394,207,0,0.23,22,31,,10
829190,James Penrice,james-penrice,2353,Heart of Midlothian,7.05,42.3,6,0,2,0,0,1.29,0,178,54,232,76.72,85,104,50,10,6,66.67,9,6,1,0,0,11,26.83,2,0,2,21,61.76,6,42.86,27,56.25,467,0.0,0,0,0,1,0,0,0,0,1,1,0,0,0,12,31.58,14,0,0,5,118,2,23,10,398,6,5,0,0,2,0,0,0,0,,,,0,0,0,0,0,9,0,0,0,0,0,0,5,0.0,0.0,10,9,41,21,8,0,0,0,38,9,7,77.78,0.0,0,0,0,101,172,0,0.14,0,22,,6
1189773,Munashe Garananga,munashe-garananga,1284,FC København,7.05,14.1,2,0,0,0,0,0.0,0,37,9,46,80.43,30,7,0,0,0,0.0,1,0,0,0,0,0,0.0,1,0,1,2,100.0,7,63.64,9,69.23,94,0.0,0,0,0,0,0,0,0,0,1,0,0,0,0,0,0.0,8,0,1,0,10,0,1,0,64,1,0,0,0,0,0,0,0,0,,,,0,0,0,0,0,0,1,0,0,0,0,0,1,0.0,0.0,0,0,0,4,4,0,0,0,5,1,1,100.0,0.0,0,0,0,33,13,0,0.04,0,2,,2
1011375,Abdessamad Ezzalzouli,abdessamad-ezzalzouli,2816,Real Betis,7.05,91.6,13,4,1,3,0,0.91,4,186,42,228,81.58,42,145,92,5,22,59.46,6,3,1,0,0,1,7.69,30,12,10,45,47.37,8,47.06,53,47.32,666,13.33,0,0,0,0,0,0,3,1,24,6,0,1,3,2,40.0,4,0,0,12,112,8,5,4,401,17,17,1,0,10,1,8,0,0,,,,1,0,0,0,0,4,0,0,0,0,0,0,6,0.0,0.0,5,37,13,59,9,0,0,0,5,4,4,66.67,166.5,0,0,0,50,191,1,3.4,0,28,,13
329519,Bartłomiej Drągowski,bartomiej-dragowski,3248,Panathinaikos FC,7.04,49.3,7,0,1,0,0,0.08,0,140,50,190,73.68,133,7,4,1,0,0.0,0,0,0,0,0,0,0.0,0,0,0,0,0.0,3,100.0,3,75.0,630,0.0,0,0,0,0,0,0,0,0,0,0,0,0,0,19,28.79,5,0,2,0,50,0,12,7,260,1,0,0,0,1,0,0,0,27,,,,2,1,0,16,11,10,2,1,3,3,4,0,7,0.0,0.0,1,0,0,1,0,0,0,0,66,12,0,0.0,0.0,0,0,5,149,41,0,,29,52,,7
108736,Stefan Mitrović,stefan-mitrovic,2903,KAA Gent,7.04,35.2,5,0,0,0,0,0.05,0,257,30,287,89.55,169,88,21,1,1,100.0,11,8,1,0,0,0,0.0,1,0,1,13,76.47,5,55.56,18,69.23,450,0.0,0,0,0,0,0,0,0,0,1,0,0,0,0,20,57.14,17,0,1,0,33,0,17,9,337,1,3,1,0,1,0,0,0,0,,,,1,0,0,0,0,8,1,0,0,0,0,0,5,0.0,0.0,1,1,1,8,4,0,0,0,35,9,9,81.82,0.0,0,0,0,186,102,0,0.15,0,28,,5
851890,Adrián Diéguez,adrian-dieguez,7691,Jagiellonia Białystok,7.04,35.2,5,0,1,0,0,0.09,0,283,46,329,86.02,184,99,19,1,0,0.0,9,5,0,1,1,0,0.0,2,0,0,12,57.14,11,73.33,23,63.89,450,0.0,0,0,0,0,0,0,0,0,0,2,0,0,0,27,51.92,21,0,1,1,51,0,33,20,385,3,5,0,1,3,0,2,0,0,,,,2,0,0,0,0,4,1,0,0,0,0,0,5,0.0,0.0,1,0,0,13,4,0,0,0,52,5,4,44.44,0.0,0,0,0,200,129,0,0.03,2,16,,5
959616,Tamar Svetlin,tamar-svetlin,2413,NK Celje,7.03,84.4,12,4,1,0,0,0.45,4,449,62,511,87.87,194,257,150,4,14,53.85,25,8,2,0,0,2,15.38,14,8,2,64,57.14,3,27.27,67,54.47,1073,28.57,0,0,0,0,0,0,4,0,10,4,1,1,2,18,62.07,7,0,0,17,129,3,13,3,704,25,7,1,0,12,1,4,0,0,,,,1,0,0,0,0,19,3,0,0,0,0,0,12,0.0,0.0,4,26,13,56,8,0,0,0,29,22,11,44.0,268.25,0,0,0,208,316,0,2.28,0,54,,12
1019125,Omri Gandelman,omri-gandelman,2903,KAA Gent,7.03,42.2,6,3,1,3,1,0.08,4,78,32,110,70.91,34,44,19,5,0,0.0,2,4,0,0,0,0,0.0,13,8,3,3,27.27,14,48.28,17,42.5,378,23.08,0,0,0,0,0,0,3,0,12,1,0,3,0,0,0.0,1,0,0,2,43,2,6,1,153,1,2,0,0,3,4,2,0,0,,,,2,0,0,0,0,2,0,0,0,0,0,0,4,0.0,0.0,5,2,1,23,15,0,0,0,5,2,1,50.0,126.0,0,0,0,41,70,0,3.24,0,12,,6
893998,Luca Ranieri,luca-ranieri,2693,Fiorentina,7.03,63.3,9,2,1,1,1,0.35,3,313,57,370,84.59,205,109,46,3,4,44.44,15,6,2,0,0,1,50.0,6,4,2,24,58.54,11,73.33,35,62.5,682,33.33,0,0,0,0,0,0,2,0,6,0,0,2,0,24,39.34,22,0,1,2,73,0,37,18,472,5,6,0,0,4,1,0,0,0,,,,0,0,0,0,0,7,3,0,0,0,0,0,7,0.0,0.0,3,9,2,21,4,0,0,0,61,10,10,66.67,341.0,0,0,0,215,157,2,0.54,5,30,,9
1112804,Daniel Dos Santos,daniel-dos-santos,2443,FC Lugano,7.03,21.1,3,2,0,0,0,0.07,2,51,9,60,85.0,18,33,17,2,0,0.0,0,1,1,0,0,0,0.0,4,2,1,2,16.67,0,0.0,2,15.38,155,50.0,0,0,0,0,0,0,2,0,4,0,0,1,1,2,100.0,1,0,0,4,20,1,3,3,89,2,5,0,0,1,2,1,0,0,,,,0,0,0,0,0,4,1,0,0,0,0,0,2,0.0,0.0,2,0,0,11,1,0,0,0,2,5,0,0.0,77.5,0,0,0,19,41,0,0.45,0,8,,7
833218,Markus Poom,markus-poom,3177,Shamrock Rovers,7.03,42.2,6,1,1,0,1,0.51,2,179,47,226,79.2,95,86,30,6,3,75.0,10,4,2,0,0,2,22.22,3,3,0,15,57.69,2,40.0,17,54.84,447,33.33,0,0,0,0,0,0,1,0,1,2,0,1,0,10,38.46,12,0,1,1,62,4,12,7,293,2,8,0,0,2,0,0,0,0,,,,0,0,0,0,0,7,1,0,0,0,0,0,6,0.0,0.0,6,4,9,14,3,0,0,0,26,8,3,30.0,447.0,0,0,0,105,130,0,0.15,0,22,,6
546180,David Goldar,david-goldar,171626,Pafos FC,7.03,63.3,9,1,0,2,0,0.06,1,482,51,533,90.43,361,121,31,1,2,66.67,2,7,1,0,0,0,0.0,11,3,6,11,45.83,39,69.64,50,62.5,783,9.09,0,0,0,0,0,0,1,0,10,1,1,0,0,41,66.13,31,0,0,0,61,1,25,15,625,8,9,0,1,4,0,2,0,0,,,,2,0,0,0,0,9,0,0,0,0,0,0,9,0.0,0.0,1,3,0,30,17,0,0,0,62,9,2,100.0,783.0,0,0,0,379,154,1,0.9,8,29,,9
252207,Deniz Türüç,deniz-turuc,3086,Başakşehir FK,7.03,42.2,6,1,2,0,0,1.02,1,117,39,156,75.0,43,82,46,9,3,42.86,5,1,2,0,0,8,28.57,10,4,4,14,46.67,6,46.15,20,46.51,360,10.0,0,0,0,0,1,0,1,0,5,5,0,0,1,5,35.71,4,0,0,7,79,5,11,5,246,6,6,0,0,1,0,2,0,0,,,,0,0,0,0,0,11,0,0,0,0,0,0,4,0.0,0.0,9,7,28,23,7,0,0,0,14,11,3,60.0,360.0,0,0,0,51,133,0,0.83,0,18,,6
1137814,Sergi Altimira,sergi-altimira,2816,Real Betis,7.03,105.5,15,1,0,0,0,0.42,1,471,52,523,90.06,219,252,107,5,14,77.78,30,8,1,0,0,0,0.0,5,5,0,50,65.79,7,63.64,57,65.52,780,20.0,0,0,0,0,0,0,1,0,2,3,0,1,0,25,73.53,15,0,1,6,70,6,22,13,648,6,10,0,0,7,0,0,0,0,,,,1,0,0,0,0,6,2,0,0,0,0,0,8,0.0,0.0,5,18,0,30,4,0,0,0,34,8,18,60.0,780.0,0,0,0,233,290,0,0.8,0,45,,15
982780,Cole Palmer,cole-palmer,38,Chelsea,7.03,42.2,6,0,4,2,3,0.84,3,176,27,203,86.7,61,118,73,6,4,36.36,6,0,1,0,0,3,42.86,13,5,5,12,36.36,1,50.0,13,37.14,353,0.0,0,0,0,0,1,0,0,0,6,7,0,0,0,7,53.85,1,0,0,10,58,1,10,4,273,2,1,0,0,3,1,3,0,0,,,,0,0,0,0,0,4,0,0,0,0,0,0,4,0.0,0.0,6,11,7,22,1,0,0,0,13,4,4,66.67,0.0,0,0,0,66,144,0,1.12,0,14,,6
39586,Radosav Petrović,radosav-petrovic,3398,APOEL Nicosia,7.03,42.2,6,0,1,0,1,0.49,1,292,36,328,89.02,189,104,23,2,1,100.0,5,2,2,0,0,1,100.0,2,0,2,6,46.15,13,68.42,19,59.38,526,0.0,0,0,0,0,0,0,0,0,2,0,0,0,0,20,52.63,24,0,0,0,37,0,9,5,377,0,5,0,0,2,1,0,0,0,,,,1,0,0,0,0,4,1,0,0,0,0,0,6,0.0,0.0,2,1,1,13,6,0,0,0,38,5,4,80.0,0.0,0,0,0,193,136,0,0.27,0,24,,6
79760,Yury Lodygin,yury-lodygin,3248,Panathinaikos FC,7.03,21.1,3,0,0,0,0,0.0,0,61,10,71,85.92,54,7,2,0,0,0.0,0,0,0,0,0,0,0.0,0,0,0,0,0.0,1,50.0,1,50.0,270,0.0,0,0,0,0,0,0,0,0,0,0,0,0,0,9,47.37,2,0,0,0,10,0,1,1,88,0,0,0,0,0,0,0,0,6,,,,2,0,0,2,4,2,0,1,1,1,0,0,3,0.0,0.0,0,0,0,1,1,0,0,0,19,2,0,0.0,0.0,0,0,2,56,15,0,,11,16,,3
1131229,Marcel Ratnik,ratnik-marcel,2416,NK Olimpija Ljubljana,7.03,49.2,7,0,0,0,0,0.11,0,312,55,367,85.01,199,113,30,2,0,0.0,6,8,0,0,0,0,0.0,2,1,0,9,69.23,8,57.14,17,62.96,630,0.0,0,0,0,0,0,0,0,0,2,0,0,0,0,30,44.78,39,0,0,0,60,0,30,17,446,4,3,0,0,1,0,1,0,0,,,,4,0,0,0,0,5,2,0,0,0,0,0,7,0.0,0.0,2,0,0,10,6,0,0,0,67,7,4,66.67,0.0,0,0,0,214,153,1,0.06,0,26,,7
359802,Karlo Bartolec,karlo-bartolec,36155,Astana,7.03,28.1,4,0,1,0,2,0.2,2,92,31,123,74.8,47,47,21,6,2,50.0,10,3,1,0,0,2,25.0,2,1,1,14,58.33,3,50.0,17,56.67,360,0.0,0,0,0,0,0,0,0,0,1,1,0,0,0,4,26.67,12,0,0,4,55,2,13,4,212,2,3,0,0,2,0,0,0,0,,,,1,0,0,0,0,4,1,0,0,0,0,0,4,0.0,0.0,6,4,8,13,3,0,0,0,15,5,8,80.0,0.0,0,0,0,62,69,0,0.07,0,16,,4
804272,João Correia,joao-correia,171626,Pafos FC,7.02,63.2,9,3,2,1,0,1.28,3,140,38,178,78.65,58,90,53,9,12,50.0,6,3,3,0,0,8,29.63,9,4,4,29,46.03,5,55.56,34,47.22,585,33.33,0,0,0,0,0,0,3,0,9,0,0,1,2,3,42.86,6,0,0,9,93,2,15,7,322,11,9,0,0,4,2,1,0,0,,,,0,0,0,0,0,10,1,0,0,0,0,0,7,0.0,0.0,9,24,27,38,4,0,0,0,7,11,5,83.33,195.0,0,0,0,64,141,1,1.47,0,27,,9
992652,Gabriel Pereira,gabriel-pereira,1284,FC København,7.02,63.2,9,1,0,1,0,0.15,1,696,83,779,89.35,454,242,57,1,1,50.0,18,14,1,0,0,0,0.0,8,2,5,23,62.16,25,56.82,48,59.26,840,12.5,0,0,0,0,0,0,1,0,5,3,1,0,0,39,48.15,34,2,0,1,89,0,43,22,893,4,9,0,0,3,0,1,0,0,,,,1,0,0,0,0,10,3,0,0,0,0,0,9,0.0,0.0,1,2,1,33,19,0,0,0,81,13,13,72.22,840.0,0,0,0,486,294,0,0.74,2,49,,9
925880,Dušan Stojinović,dusan-stojinovic,7691,Jagiellonia Białystok,7.02,70.2,10,0,1,1,0,0.53,0,341,68,409,83.37,224,118,44,8,1,33.33,14,8,0,0,0,1,14.29,2,1,0,22,57.89,14,66.67,36,61.02,711,0.0,0,0,0,0,0,0,0,0,2,0,0,0,0,16,36.36,47,0,0,0,93,2,30,11,559,8,8,0,0,7,0,1,0,0,,,,3,0,0,0,0,6,1,0,0,0,0,0,8,0.0,0.0,8,3,7,23,7,0,0,0,44,7,10,71.43,0.0,0,0,0,253,163,0,0.42,1,40,,10
887911,David Zec,david-zec,2413,NK Celje,7.02,42.1,6,2,0,1,0,0.1,2,327,41,368,88.86,220,107,30,4,0,0.0,8,15,1,0,0,0,0.0,4,3,0,15,41.67,6,40.0,21,41.18,540,50.0,0,0,0,0,0,0,2,0,4,0,0,1,1,31,64.58,18,0,0,1,54,3,21,12,464,7,15,0,0,3,0,1,0,0,,,,0,0,0,0,0,10,3,0,0,0,0,0,6,0.0,0.0,4,2,1,30,9,0,0,0,48,13,4,50.0,270.0,0,0,0,240,129,0,1.92,0,27,,6
1122552,Alan Minda,alan-minda,2929,Cercle Brugge,7.02,42.1,6,1,2,1,3,0.47,4,49,8,57,85.96,10,41,28,4,5,62.5,0,1,0,0,0,2,33.33,5,4,1,7,38.89,3,42.86,10,40.0,320,20.0,0,0,0,0,0,0,1,0,4,1,0,0,1,2,100.0,0,0,0,7,41,4,5,4,113,2,0,0,0,1,1,0,0,0,,,,0,0,0,0,0,2,0,0,0,0,0,0,5,0.0,0.0,4,8,6,15,4,0,0,0,2,2,0,0.0,320.0,0,0,0,10,53,0,0.44,0,12,,6
916182,Ivan Brnić,ivan-brnic,2413,NK Celje,7.02,42.1,6,1,3,1,2,1.35,3,94,31,125,75.2,33,64,37,9,3,33.33,1,3,0,0,0,3,13.64,9,3,2,4,28.57,0,0.0,4,28.57,405,11.11,0,0,0,0,0,0,1,0,7,2,0,0,1,14,70.0,2,1,0,1,60,2,6,4,179,0,0,0,0,3,3,4,0,0,,,,0,0,0,0,0,7,0,0,0,0,0,0,4,0.0,0.0,9,9,22,10,0,0,0,0,20,7,0,0.0,405.0,0,0,0,43,104,0,1.05,0,15,,6
800400,Sirlord Conteh,sirlord-conteh,5885,1. FC Heidenheim,7.02,42.1,6,1,2,0,2,0.46,3,73,23,96,76.04,26,48,28,6,0,0.0,8,3,0,0,0,1,12.5,3,1,1,10,58.82,4,36.36,14,50.0,385,33.33,0,0,0,0,0,0,1,0,3,0,1,0,0,2,28.57,5,0,0,4,43,3,3,0,151,2,1,0,0,1,3,1,0,0,,,,0,0,0,0,0,2,1,0,0,0,0,0,5,0.0,0.0,6,1,8,14,7,0,0,0,7,3,4,50.0,385.0,0,0,0,30,74,0,0.38,0,14,,6
237098,Lawrence Shankland,lawrence-shankland,2353,Heart of Midlothian,7.02,42.1,6,0,3,5,1,1.76,1,88,42,130,67.69,25,63,36,8,5,62.5,5,0,1,0,0,0,0.0,23,9,8,20,40.0,18,40.91,38,40.43,540,0.0,1,0,0,0,0,0,0,0,16,7,0,0,0,5,50.0,5,0,0,13,81,6,12,5,238,10,12,0,0,4,2,6,0,0,,,,1,0,0,0,0,9,0,0,0,0,0,0,6,0.0,0.0,8,8,2,56,26,1,0,0,10,9,5,100.0,0.0,0,0,0,29,103,0,2.83,0,22,,6
937741,Senou Coulibaly,senou-coulibaly,3395,Omonia Nicosia,7.01,49.1,7,1,0,1,0,0.07,1,397,35,432,91.9,275,122,34,0,1,50.0,6,6,2,0,0,0,0.0,2,1,1,12,50.0,13,72.22,25,59.52,630,50.0,0,0,0,0,0,0,1,0,2,0,1,0,0,10,38.46,43,0,1,1,41,0,20,8,518,5,8,0,0,2,0,0,0,0,,,,2,0,0,0,0,9,0,0,0,0,0,0,7,0.0,0.0,0,2,0,17,5,0,0,0,26,9,4,66.67,630.0,0,0,0,283,149,0,0.23,1,20,,7
1129975,Marko Brest,marko-brest,2416,NK Olimpija Ljubljana,7.01,56.1,8,1,2,1,2,0.53,3,101,34,135,74.81,46,59,33,6,2,16.67,17,2,2,0,0,4,25.0,9,3,1,28,45.9,6,42.86,34,45.33,469,11.11,0,0,0,0,0,0,0,1,5,4,0,0,1,7,53.85,8,0,0,7,78,3,17,8,251,9,11,0,0,5,2,5,0,0,,,,0,0,0,0,0,3,0,0,0,0,0,0,6,0.0,0.0,6,12,16,41,8,0,0,0,13,3,10,58.82,469.0,0,0,0,51,100,0,0.97,0,19,,8
119151,Mohamed Elyounoussi,mohamed-elyounoussi,1284,FC København,7.01,63.1,9,1,5,3,0,2.24,1,203,67,270,75.19,51,162,95,19,12,41.38,17,3,2,0,0,10,27.03,15,4,4,37,46.84,7,53.85,44,47.83,683,6.67,0,0,0,0,1,0,1,0,9,6,0,0,1,7,46.67,1,0,0,9,144,9,9,5,444,8,7,1,0,9,1,7,0,0,,,,1,0,0,0,0,10,1,0,0,0,0,0,8,0.0,0.0,19,29,37,48,6,0,0,0,15,11,10,58.82,683.0,0,0,0,60,247,0,2.23,0,28,,9
868329,Juanjo Nieto,juanjo-nieto,2413,NK Celje,7.01,84.1,12,3,1,1,0,1.11,3,500,80,580,86.21,260,246,118,16,3,23.08,27,13,2,0,0,6,37.5,10,3,6,64,56.64,5,62.5,69,57.02,1050,30.0,0,0,0,0,0,0,2,1,4,6,0,0,3,32,48.48,32,0,0,10,132,1,29,11,850,35,12,0,0,17,0,1,1,0,,,,2,0,0,0,0,20,3,0,0,0,0,0,12,0.0,0.0,15,13,16,52,3,0,0,0,66,23,15,55.56,350.0,0,0,0,292,304,0,1.35,0,57,,12
1417092,Amin Chiakha,amin-chiakha,1284,FC København,7.0,49.0,7,4,1,3,0,0.6,4,45,32,77,58.44,23,22,13,4,6,40.0,2,3,1,0,0,0,0.0,10,5,3,10,26.32,7,38.89,17,30.36,398,40.0,0,0,1,0,0,0,4,0,9,1,2,1,1,0,0.0,3,0,0,11,60,2,3,2,141,2,6,0,0,2,3,2,0,0,,,,0,0,0,0,0,6,2,0,0,0,0,0,4,0.0,0.0,4,15,1,39,11,0,0,0,1,8,0,0.0,99.5,0,0,0,27,51,0,2.7,0,7,,7
876947,Vasil Kušej,vasil-kusej,2224,Mladá Boleslav,7.0,42.0,6,2,1,1,1,0.62,3,95,43,138,68.84,30,69,45,9,15,46.88,2,2,1,0,0,4,21.05,14,5,6,23,35.38,5,35.71,28,35.44,539,14.29,0,0,0,0,0,0,2,0,10,4,0,0,2,6,50.0,1,0,0,14,111,6,5,2,283,7,6,0,0,5,3,3,0,0,,,,1,0,0,0,0,9,1,0,0,0,0,0,6,0.0,0.0,9,32,19,51,9,0,0,0,12,10,2,100.0,269.5,0,0,0,35,122,0,1.63,0,21,,6
1009738,Archie Brown,brown-archie,2903,KAA Gent,7.0,56.0,8,2,1,0,1,0.39,3,126,31,157,80.25,66,63,27,2,3,27.27,16,6,1,0,0,3,15.79,9,4,2,29,54.72,8,72.73,37,57.81,401,22.22,0,0,0,0,0,0,2,0,6,3,0,1,1,5,62.5,6,0,1,5,81,1,12,5,297,10,7,0,0,4,1,3,0,0,,,,2,0,0,0,0,8,0,0,0,0,0,0,4,0.0,0.0,2,11,19,27,3,0,0,0,8,8,10,62.5,200.5,0,0,0,81,95,1,0.44,0,28,,8
51136,Marin Tomasov,marin-tomasov,36155,Astana,7.0,28.0,4,1,2,0,1,0.78,2,61,31,92,66.3,27,39,17,7,2,25.0,8,4,0,0,0,5,35.71,6,4,1,11,44.0,2,66.67,13,46.43,357,16.67,0,0,0,0,0,0,1,0,2,4,0,1,0,3,30.0,4,0,0,1,57,1,6,3,155,1,3,0,0,4,4,1,0,0,,,,0,0,0,0,0,4,1,0,0,0,0,0,4,0.0,0.0,7,8,14,15,1,0,0,0,10,5,6,75.0,357.0,0,0,0,36,70,0,0.09,0,18,,4
958755,Steven Alfred,steven-alfred,3361,Dinamo Minsk,7.0,21.0,3,1,0,2,0,0.14,1,35,18,53,66.04,9,26,16,4,5,100.0,1,0,2,0,0,0,0.0,14,5,5,8,40.0,9,22.5,17,28.33,265,7.14,0,0,0,0,0,0,1,0,12,2,0,1,0,2,66.67,6,0,0,6,36,2,1,0,107,2,10,0,0,0,2,4,0,0,,,,0,0,0,0,0,6,0,0,0,0,0,0,3,0.0,0.0,4,5,1,43,31,0,0,0,3,6,0,0.0,265.0,0,0,0,9,45,0,1.24,0,6,,3
224920,Victor Mudrac,victor-mudrac,167232,FC Petrocub Hîncesti,7.0,35.0,5,1,0,1,0,0.09,1,201,29,230,87.39,165,36,14,0,1,100.0,10,7,0,0,0,0,0.0,3,2,1,11,61.11,8,47.06,19,54.29,450,33.33,1,1,0,0,0,0,1,0,3,0,0,0,1,13,56.52,37,0,0,1,32,0,16,13,312,0,2,0,0,4,0,0,0,0,,,,0,0,0,0,0,8,1,0,0,0,0,0,5,100.0,0.0,0,1,0,16,9,0,0,0,23,9,5,50.0,450.0,0,0,0,183,47,0,1.0,3,14,,5
576438,Karol Świderski,karol-swiderski,3248,Panathinaikos FC,7.0,28.0,4,1,0,0,0,0.11,1,43,19,62,69.35,10,33,24,3,1,33.33,2,0,2,0,0,0,0.0,8,2,4,9,42.86,11,50.0,20,46.51,252,12.5,0,0,0,0,1,0,0,1,6,2,0,1,0,0,0.0,2,0,0,4,37,2,2,0,106,6,3,0,0,3,1,2,0,0,,,,0,0,0,0,0,4,1,0,0,0,0,0,2,0.0,0.0,3,3,5,23,11,0,0,0,1,5,0,0.0,252.0,0,0,0,14,53,0,0.67,0,6,,4
823994,Halldor Stenevik,halldor-stenevik,661,Molde FK,7.0,63.0,9,1,0,0,0,0.55,1,303,52,355,85.35,128,178,107,5,4,30.77,14,5,2,0,0,3,21.43,3,1,1,28,50.91,3,42.86,31,50.0,667,33.33,0,0,0,0,0,0,1,0,1,2,0,0,1,20,55.56,14,0,0,3,92,5,22,11,529,11,8,0,0,7,0,1,0,0,,,,1,0,0,0,0,8,1,0,0,0,0,0,7,0.0,0.0,5,13,14,31,4,0,0,0,36,9,6,42.86,667.0,0,0,0,139,230,0,0.22,0,33,,9
928431,João Moutinho,joao-moutinho,7691,Jagiellonia Białystok,7.0,63.0,9,0,0,0,1,0.54,1,266,85,351,75.78,164,112,57,9,5,71.43,11,11,1,0,0,10,32.26,5,1,2,24,47.06,11,50.0,35,47.95,810,0.0,0,0,0,0,1,0,0,0,1,4,0,0,0,17,29.31,36,0,0,6,163,2,41,18,583,8,11,0,0,8,2,2,0,0,,,,3,0,0,0,0,6,2,0,0,0,0,0,9,0.0,0.0,9,7,31,38,11,0,0,0,58,8,5,45.45,0.0,0,0,0,191,191,0,0.14,0,35,,9
343161,Stefan Dražić,stefan-drazic,3398,APOEL Nicosia,7.0,14.0,2,0,1,0,1,0.13,1,16,11,27,59.26,6,10,6,1,1,50.0,2,1,1,0,0,0,0.0,3,2,0,5,50.0,5,62.5,10,55.56,151,0.0,0,0,0,0,0,0,0,0,3,0,0,0,0,1,100.0,2,0,0,1,18,0,1,1,51,3,1,0,0,2,0,1,0,0,,,,0,0,0,0,0,4,0,0,0,0,0,0,2,0.0,0.0,1,2,0,8,3,0,0,0,1,4,0,0.0,0.0,0,0,0,7,20,0,0.07,0,2,,2
2048930,Victor Ozhianvuna,victor-ozhianvuna,3177,Shamrock Rovers,7.0,7.0,1,0,0,0,0,0.01,0,9,3,12,75.0,2,7,6,0,1,100.0,1,0,0,0,0,0,0.0,0,0,0,4,100.0,0,0.0,4,100.0,15,0.0,0,0,0,0,0,0,0,0,0,0,0,0,0,0,0.0,0,0,0,0,6,0,0,0,22,2,0,0,0,0,0,0,0,0,,,,0,0,0,0,0,0,0,0,0,0,0,0,0,0.0,0.0,0,1,2,0,0,0,0,0,0,0,0,0.0,0.0,0,0,0,2,12,0,,0,2,,1
190401,Pieter Gerkens,pieter-gerkens,2903,KAA Gent,7.0,7.0,1,0,0,0,0,0.11,0,5,3,8,62.5,1,6,3,2,0,0.0,0,2,0,0,0,2,100.0,0,0,0,0,0.0,0,0.0,0,0.0,9,0.0,0,0,0,0,0,0,0,0,0,0,0,0,0,0,0.0,0,0,0,0,3,0,1,1,12,0,0,0,0,0,0,0,0,0,,,,0,0,0,0,0,0,0,0,0,0,0,0,0,0.0,0.0,2,0,2,0,0,0,0,0,1,0,0,0.0,0.0,0,0,0,2,8,0,,0,0,,1
789458,Craig Halkett,craig-halkett,2353,Heart of Midlothian,7.0,7.0,1,0,0,0,0,0.03,0,78,5,83,93.98,38,40,8,1,0,0.0,1,0,1,0,0,0,0.0,0,0,0,1,33.33,4,57.14,5,50.0,69,0.0,0,0,0,0,0,0,0,0,0,0,0,0,0,5,71.43,0,0,0,0,6,0,3,1,85,0,1,0,0,1,0,0,0,0,,,,0,0,0,0,0,1,0,0,0,0,0,0,1,0.0,0.0,1,0,1,5,3,0,0,0,7,1,1,100.0,0.0,0,0,0,40,44,0,,0,8,,1
1402709,Genesis Antwi,genesis-antwi,38,Chelsea,7.0,7.0,1,0,0,0,0,0.03,0,8,0,8,100.0,1,7,5,1,1,100.0,1,0,0,0,0,0,0.0,0,0,0,3,75.0,0,0.0,3,75.0,21,0.0,0,0,0,0,0,0,0,0,0,0,0,0,0,0,0.0,0,0,0,0,3,1,0,0,14,1,1,0,0,0,0,0,0,0,,,,0,0,0,0,0,0,0,0,0,0,0,0,0,0.0,0.0,1,1,2,1,0,0,0,0,0,0,1,100.0,0.0,0,0,0,1,9,0,,0,1,,2
848279,Enzo Ebosse,enzo-ebosse,7691,Jagiellonia Białystok,7.0,42.0,6,0,0,0,0,0.02,0,263,36,299,87.96,218,45,12,1,2,50.0,12,5,1,0,0,0,0.0,0,0,0,15,71.43,7,53.85,22,64.71,520,0.0,0,0,0,0,0,0,0,0,0,0,0,0,0,17,43.59,37,0,2,0,46,0,21,5,387,1,3,0,0,2,0,0,0,0,,,,1,0,0,0,0,5,2,0,0,0,0,0,6,0.0,0.0,1,4,0,12,6,0,0,0,39,7,8,66.67,0.0,0,0,0,231,68,0,,6,21,,6
66477,Thomas Delaney,thomas-delaney,1284,FC København,7.0,49.0,7,0,0,3,0,0.29,0,317,59,376,84.31,144,173,72,3,1,33.33,12,10,1,0,0,0,0.0,8,1,5,25,54.35,19,55.88,44,55.0,474,0.0,0,0,0,0,1,0,0,0,5,3,0,0,0,21,56.76,14,0,0,1,71,3,28,15,468,13,12,0,0,6,0,2,0,0,,,,1,0,0,0,0,6,1,0,0,0,0,0,5,0.0,0.0,3,3,2,36,15,0,0,0,37,7,5,41.67,0.0,0,0,0,166,212,0,0.71,0,29,,7
822572,Kye Rowles,kye-rowles,2353,Heart of Midlothian,7.0,35.0,5,0,0,1,0,0.05,0,265,53,318,83.33,182,83,17,0,1,100.0,6,4,0,0,0,0,0.0,4,0,4,8,57.14,19,67.86,27,64.29,450,0.0,0,0,0,0,0,0,0,0,4,0,0,0,0,11,25.58,21,0,0,0,55,0,17,5,372,1,4,0,0,3,0,0,0,0,,,,1,0,0,0,0,7,0,0,0,0,0,0,5,0.0,0.0,0,1,0,15,9,0,0,0,43,7,4,66.67,0.0,0,0,0,200,118,0,0.52,0,7,,5
190421,Tin Jedvaj,tin-jedvaj,3248,Panathinaikos FC,7.0,28.0,4,0,0,1,0,0.06,0,208,24,232,89.66,145,63,16,0,0,0.0,5,5,1,0,0,0,0.0,3,1,2,7,77.78,4,40.0,11,57.89,315,0.0,0,0,0,0,0,0,0,0,3,0,0,0,0,9,47.37,24,0,0,0,28,0,13,5,283,2,2,0,0,0,0,0,0,0,,,,1,0,0,0,0,5,1,0,0,0,0,0,3,0.0,0.0,0,0,0,8,6,0,0,0,19,6,4,80.0,0.0,0,0,0,152,80,1,0.49,1,12,,4
1064835,Moritz Oswald,moritz-oswald,2055,SK Rapid Wien,7.0,35.0,5,0,1,1,0,0.22,0,92,25,117,78.63,36,58,32,2,1,16.67,20,2,0,0,0,2,40.0,6,1,3,25,62.5,2,66.67,27,62.79,313,0.0,0,0,0,0,0,0,0,0,5,1,0,0,0,5,50.0,8,0,0,1,50,1,7,5,218,5,4,0,0,5,0,2,0,0,,,,1,0,0,0,0,3,2,0,0,0,0,0,3,0.0,0.0,2,6,5,16,1,0,0,0,10,5,15,75.0,0.0,0,0,0,46,76,0,0.38,0,20,,5
305278,Diego Llorente,diego-llorente,2816,Real Betis,7.0,56.0,8,0,0,0,0,0.06,0,360,36,396,90.91,270,90,22,1,0,0.0,11,13,2,0,0,0,0.0,4,3,1,15,68.18,15,60.0,30,63.83,553,0.0,0,0,0,0,0,0,0,0,4,0,0,0,0,10,31.25,38,0,0,1,44,0,17,5,492,4,7,0,0,0,0,0,0,0,,,,3,0,0,0,0,4,0,0,0,0,0,0,7,0.0,0.0,1,1,0,17,10,0,0,0,32,4,7,63.64,0.0,0,0,0,281,115,0,0.3,5,18,,8
886130,Stephan Ambrosius,stephan-ambrosius,2442,FC St. Gallen 1879,7.0,14.0,2,0,0,0,0,0.06,0,33,12,45,73.33,24,9,2,1,0,0.0,5,2,0,0,0,0,0.0,1,0,1,5,71.43,6,66.67,11,68.75,116,0.0,0,0,0,0,0,0,0,0,1,0,0,0,0,1,14.29,16,0,0,0,13,0,2,1,73,0,0,0,0,2,0,0,0,0,,,,0,0,0,0,0,1,0,0,0,0,0,0,2,0.0,0.0,1,0,0,5,3,0,0,0,7,1,2,40.0,0.0,0,0,0,30,15,0,0.27,0,5,,2
1140364,Georgios Kanellopoulos,georgios-kanellopoulos,2242,HJK,7.0,42.0,6,0,0,0,0,0.06,0,219,31,250,87.6,132,87,34,1,3,75.0,26,8,1,0,0,0,0.0,1,1,0,43,71.67,9,60.0,52,69.33,507,0.0,0,0,0,0,0,0,0,0,1,0,0,0,0,4,40.0,2,1,0,5,41,2,7,3,335,14,5,0,0,6,1,0,0,0,,,,1,0,0,0,0,6,2,0,0,0,0,0,6,0.0,0.0,1,4,1,23,6,0,0,0,10,8,15,57.69,0.0,0,0,0,141,110,0,0.2,0,27,,6
151470,Lukas Lerager,lukas-lerager,1284,FC København,7.0,35.0,5,0,0,0,0,0.28,0,205,26,231,88.74,74,131,57,2,1,50.0,10,2,0,0,0,0,0.0,5,0,3,14,58.33,10,55.56,24,57.14,350,0.0,0,0,0,0,0,0,0,0,2,3,0,0,0,11,73.33,6,0,1,2,35,5,5,3,285,3,2,0,0,5,0,2,0,0,,,,0,0,0,0,0,5,1,0,0,0,0,0,4,0.0,0.0,2,2,2,18,8,0,0,0,15,6,4,40.0,0.0,0,0,0,86,147,0,0.19,0,25,,5
242213,Willian Arão,willian-arao,3248,Panathinaikos FC,7.0,49.0,7,0,0,0,0,0.26,0,295,41,336,87.8,131,164,65,2,2,100.0,8,8,1,0,0,0,0.0,5,2,1,14,73.68,10,62.5,24,68.57,523,0.0,0,0,0,0,0,0,0,0,3,2,0,0,0,31,77.5,22,0,1,1,49,0,30,18,402,4,3,0,0,1,0,2,0,0,,,,2,0,0,0,0,6,1,0,0,0,0,0,6,0.0,0.0,2,2,0,11,6,0,0,0,40,7,4,50.0,0.0,0,0,0,147,189,0,0.15,0,31,,8
63766,Mateo Sušić,mateo-susic,3398,APOEL Nicosia,7.0,49.0,7,0,0,0,0,0.37,0,242,50,292,82.88,120,127,51,2,2,66.67,21,13,1,0,0,5,27.78,1,0,0,26,66.67,10,47.62,36,60.0,612,0.0,0,0,0,0,0,0,0,0,0,1,0,0,0,23,48.94,19,0,0,1,74,2,26,13,450,4,7,0,0,4,1,1,0,0,,,,1,0,0,0,0,6,1,0,0,0,0,0,7,0.0,0.0,2,3,18,24,11,0,0,0,47,7,10,47.62,0.0,0,0,0,136,174,0,0.01,0,25,,7
551358,Kristian Eriksen,kristian-eriksen,661,Molde FK,6.99,69.9,10,1,1,2,1,1.07,2,211,61,272,77.57,68,144,84,11,4,50.0,12,5,0,0,1,1,20.0,18,7,3,30,41.67,24,48.98,54,44.63,843,5.56,0,0,0,0,0,0,1,0,15,3,1,0,0,3,50.0,13,0,0,13,101,3,12,6,430,14,16,0,0,9,0,8,0,0,,,,1,0,0,0,0,13,2,0,0,0,0,0,8,0.0,0.0,11,8,5,67,25,0,0,0,6,15,5,41.67,843.0,1,0,0,76,201,0,2.09,0,34,,10
578364,Taras Romanczuk,taras-romanczuk,7691,Jagiellonia Białystok,6.99,62.9,9,1,0,1,0,0.3,1,253,46,299,84.62,151,102,37,3,0,0.0,13,9,2,0,0,0,0.0,9,3,4,19,52.78,14,53.85,33,53.23,488,11.11,0,0,0,0,0,0,0,1,5,4,0,1,0,12,44.44,15,0,1,1,55,0,29,18,382,7,7,0,0,9,0,2,0,0,,,,2,0,0,0,0,3,0,0,0,0,0,0,4,0.0,0.0,3,0,1,29,12,0,0,0,27,3,8,61.54,488.0,0,0,0,158,142,0,0.62,0,23,,9
822163,Pantelis Hatzidiakos,pantelis-hatzidiakos,1284,FC København,6.99,62.9,9,1,0,0,0,0.14,1,646,62,708,91.24,436,210,42,1,1,100.0,6,5,2,0,0,0,0.0,1,1,0,9,50.0,19,76.0,28,65.12,722,100.0,0,0,0,0,0,0,1,0,1,0,1,0,0,39,60.0,37,0,0,0,67,1,57,39,774,2,9,0,0,0,0,0,0,0,,,,1,0,0,0,0,9,2,0,0,0,0,0,8,0.0,0.0,1,1,1,15,6,0,0,0,65,11,6,100.0,722.0,0,0,0,459,250,1,0.08,3,31,,9
137661,Viktor Claesson,viktor-claesson,1284,FC København,6.99,62.9,9,0,2,1,1,0.85,1,153,41,194,78.87,59,97,66,13,3,42.86,10,1,0,0,0,3,75.0,6,1,4,24,58.54,13,43.33,37,52.11,646,0.0,0,0,1,0,0,0,0,0,5,1,0,0,0,1,50.0,3,0,0,4,65,2,7,4,277,11,5,1,0,4,1,1,0,0,,,,0,0,0,0,0,8,2,0,0,0,0,0,8,0.0,0.0,13,7,4,34,17,0,0,0,2,10,8,80.0,0.0,0,0,0,63,135,0,0.66,0,20,,9
1034816,Atsuki Ito,atsuki-ito,2903,KAA Gent,6.99,55.9,8,0,2,0,0,0.64,0,235,41,276,85.14,95,141,72,8,4,66.67,20,7,0,0,0,1,12.5,11,1,7,29,46.03,7,70.0,36,49.32,607,0.0,0,0,0,0,0,0,0,0,3,8,0,0,0,8,38.1,17,0,0,3,65,1,17,9,389,5,17,0,0,14,1,3,0,0,,,,1,0,0,0,0,9,1,0,0,0,0,0,7,0.0,0.0,8,6,8,37,3,0,0,0,21,10,9,45.0,0.0,0,0,0,113,171,0,0.53,0,26,,8
1124749,Mathias Delorge,mathias-delorge-knieper,2903,KAA Gent,6.99,55.9,8,0,0,0,0,0.53,0,332,52,384,86.46,150,189,94,6,5,62.5,11,7,0,0,0,7,25.0,7,3,1,20,50.0,3,23.08,23,43.4,566,0.0,0,0,0,0,2,0,0,0,3,4,0,0,0,29,67.44,3,0,1,6,92,3,32,20,497,4,4,0,0,7,0,3,0,0,,,,2,0,0,0,0,9,0,0,0,0,0,0,6,0.0,0.0,6,8,28,30,10,0,0,0,43,9,5,45.45,0.0,0,0,0,168,244,0,0.4,0,43,,8
230288,Kristoffer Normann Hansen,kristoffer-normann-hansen,7691,Jagiellonia Białystok,6.98,83.8,12,4,1,2,1,0.66,5,116,43,159,72.96,47,77,42,8,10,58.82,9,9,2,0,0,8,28.57,12,7,2,26,49.06,6,40.0,32,47.06,700,33.33,0,0,0,0,0,0,2,2,9,3,0,0,4,6,35.29,8,0,1,8,97,4,9,5,297,7,6,0,0,8,1,3,0,0,,,,1,0,0,0,0,5,1,0,0,0,0,0,8,0.0,0.0,8,17,28,36,9,0,0,0,17,6,5,55.56,175.0,0,0,0,63,124,0,2.71,0,36,,12
347456,Ousmane Doumbia,ousmane-doumbia,2443,FC Lugano,6.98,41.9,6,2,0,1,0,0.04,2,73,12,85,85.88,38,35,15,1,1,100.0,8,5,0,0,0,0,0.0,4,3,1,13,68.42,2,50.0,15,65.22,184,50.0,0,0,0,0,0,0,2,0,4,0,0,0,2,5,55.56,3,0,0,1,13,0,5,4,118,5,1,0,0,4,0,0,0,0,,,,1,0,0,0,0,1,0,0,0,0,0,0,1,0.0,0.0,1,1,0,8,2,0,0,0,9,1,6,75.0,92.0,0,0,0,44,41,0,0.89,0,8,,6
1110526,Teodor Lungu,teodor-lungu,167232,FC Petrocub Hîncesti,6.98,34.9,5,1,0,0,0,0.48,1,231,38,269,85.87,147,88,39,5,5,55.56,8,12,3,0,0,4,26.67,7,3,2,20,41.67,4,50.0,24,42.86,434,14.29,1,1,0,0,1,0,1,0,1,6,0,0,1,20,64.52,9,0,0,9,70,4,45,29,375,7,9,0,0,6,0,2,0,0,,,,0,0,0,0,0,9,2,0,0,0,0,0,5,100.0,0.0,5,9,15,32,4,0,0,0,31,11,6,75.0,434.0,0,0,0,156,128,0,0.96,0,43,,5
804905,Jurich Carolina,jurich-carolina,5235,FK Borac Banja Luka,6.98,69.8,10,0,0,0,0,0.06,0,408,57,465,87.74,302,106,22,1,1,33.33,13,6,1,0,0,0,0.0,6,0,5,21,65.63,6,66.67,27,65.85,930,0.0,0,0,0,0,0,0,0,0,0,6,0,0,0,43,52.44,42,0,0,0,63,0,21,5,582,7,4,0,0,6,0,1,0,0,,,,4,0,0,0,0,9,1,0,0,0,0,0,10,0.0,0.0,1,3,0,14,3,0,0,0,82,10,6,46.15,0.0,0,0,0,315,150,1,0.08,1,51,,10
859024,Yacine Adli,yacine-adli,2693,Fiorentina,6.98,55.8,8,1,1,0,1,0.68,2,270,50,320,84.38,106,172,86,14,2,28.57,4,1,1,0,0,8,40.0,3,1,0,12,38.71,9,81.82,21,50.0,417,33.33,0,0,0,0,0,0,1,0,3,0,0,1,0,20,60.61,2,0,0,2,74,1,31,15,386,6,5,0,0,7,0,2,0,0,,,,0,0,0,0,0,5,2,0,0,0,0,0,5,0.0,0.0,14,7,20,21,2,0,0,0,33,7,3,75.0,417.0,0,0,0,119,221,1,0.14,0,21,,9
238848,Gunnar Vatnhamar,gunnar-vatnhamar,1908,Víkingur Reykjavík,6.98,27.9,4,1,0,0,0,0.05,1,171,29,200,85.5,131,40,20,1,0,0.0,4,3,0,0,0,0,0.0,2,1,0,5,45.45,8,66.67,13,56.52,279,50.0,0,0,0,0,0,0,1,0,2,0,1,0,0,17,51.52,25,0,0,0,31,1,15,8,252,2,5,0,0,0,0,1,0,0,,,,1,0,0,0,0,6,0,0,0,0,0,0,3,0.0,0.0,1,1,0,10,4,0,0,0,33,6,3,75.0,279.0,0,0,0,143,57,0,0.59,6,9,,4
1404653,Isak Alemayehu Mulugeta,isak-alemayehu-mulugeta,1759,Djurgårdens IF,6.98,27.9,4,1,0,0,0,0.04,1,56,8,64,87.5,18,38,18,2,1,100.0,5,3,0,0,0,0,0.0,1,1,0,9,81.82,1,50.0,10,76.92,103,100.0,0,0,0,0,0,0,1,0,1,0,1,0,0,1,33.33,2,0,0,2,13,0,3,1,96,3,0,0,0,0,0,0,0,0,,,,0,0,0,0,0,1,0,0,0,0,0,0,0,0.0,0.0,2,1,2,3,1,0,0,0,3,1,1,20.0,103.0,0,0,0,20,46,0,0.23,0,4,,4
794152,Lucas Lingman,lucas-lingman,2242,HJK,6.98,27.9,4,0,0,0,1,0.31,1,134,32,166,80.72,67,70,33,5,1,100.0,3,2,1,0,0,3,50.0,2,1,1,5,41.67,2,100.0,7,50.0,220,0.0,0,0,0,0,0,0,0,0,0,2,0,0,0,7,53.85,1,0,0,1,42,2,20,9,194,1,3,0,0,4,0,0,0,0,,,,0,0,0,0,0,3,0,0,0,0,0,0,2,0.0,0.0,5,1,6,7,0,0,0,0,13,3,0,0.0,0.0,0,0,0,77,95,0,0.08,0,17,,4
981562,Diant Ramaj,diant-ramaj,1284,FC København,6.98,27.9,4,0,0,0,0,0.01,0,108,54,162,66.67,98,10,5,0,0,0.0,0,0,1,0,0,0,0.0,0,0,0,0,0.0,3,100.0,3,75.0,390,0.0,0,0,0,0,0,0,0,0,0,0,0,0,0,21,28.0,2,0,0,0,54,0,20,11,208,0,0,0,0,1,0,0,0,14,,,,0,0,0,10,4,4,2,0,3,3,5,0,4,0.0,0.0,0,0,0,1,0,0,0,0,75,6,0,0.0,0.0,0,0,6,104,58,0,,14,44,,4
1897251,Nikolaus Wurmbrand,nikolaus-wurmbrand,2055,SK Rapid Wien,6.97,48.8,7,2,4,2,1,1.39,3,42,16,58,72.41,10,35,25,10,7,46.67,0,2,0,0,0,3,33.33,10,4,4,12,33.33,1,33.33,13,33.33,339,20.0,0,0,0,0,0,0,2,0,10,0,0,1,1,0,0.0,0,0,0,9,53,2,4,1,134,5,3,1,0,4,1,2,0,0,,,,0,0,0,0,0,3,0,0,0,0,0,0,4,0.0,0.0,10,15,9,26,2,0,0,0,0,3,0,0.0,169.5,0,0,0,12,55,0,1.53,0,13,,8
903679,Fotis Ioannidis,fotis-ioannidis,3248,Panathinaikos FC,6.97,62.7,9,4,1,3,0,1.12,4,65,15,80,81.25,9,56,35,5,9,60.0,2,0,2,0,0,0,0.0,15,6,5,20,46.51,6,30.0,26,41.27,391,26.67,3,3,0,0,0,0,3,1,11,4,0,0,4,1,50.0,2,0,0,7,48,1,5,4,165,10,9,0,0,2,1,4,0,0,,,,2,0,0,0,0,3,0,0,0,0,0,0,3,100.0,0.0,5,15,3,37,14,0,0,0,2,3,0,0.0,97.75,0,0,0,10,73,0,3.41,0,6,,9
1123855,Patrik Vydra,patrik-vydra,2224,Mladá Boleslav,6.97,41.8,6,3,0,1,0,0.14,3,198,66,264,75.0,104,94,56,6,4,33.33,7,5,1,0,0,0,0.0,13,7,3,20,43.48,8,88.89,28,50.91,540,23.08,1,0,0,0,0,0,1,2,6,7,0,0,3,14,31.11,11,0,0,5,86,3,32,15,355,9,9,0,0,4,0,3,0,0,,,,1,0,0,0,0,9,1,0,0,0,0,0,6,0.0,0.0,6,12,2,27,1,0,0,1,45,10,4,57.14,180.0,0,0,0,119,147,0,2.13,0,37,,6
879542,Kevin Csoboth,kevin-csoboth,2442,FC St. Gallen 1879,6.97,41.8,6,2,2,1,1,0.21,3,70,16,86,81.4,26,44,31,4,3,100.0,7,3,0,0,0,0,0.0,7,3,1,13,56.52,7,63.64,20,58.82,355,28.57,0,0,0,0,0,0,2,0,6,1,0,1,1,0,0.0,6,0,0,3,29,2,2,2,138,3,6,0,0,2,1,3,0,0,,,,0,0,0,0,0,11,0,0,0,0,0,0,4,0.0,0.0,4,3,2,14,4,0,0,0,1,11,5,71.43,177.5,0,0,0,35,53,0,1.02,0,15,,6
845895,Rory Holden,rory-holden,4921,The New Saints,6.97,41.8,6,2,1,1,0,0.6,2,108,35,143,75.52,51,60,23,4,4,44.44,10,3,0,0,0,3,50.0,6,3,1,24,57.14,5,41.67,29,53.7,433,33.33,0,0,0,0,0,0,1,1,3,3,1,1,0,7,58.33,8,0,0,9,63,1,15,10,226,10,3,0,0,3,0,2,0,0,,,,0,0,0,0,0,9,0,0,0,0,0,0,5,0.0,0.0,4,9,6,25,7,0,0,0,12,9,6,60.0,216.5,0,0,0,61,88,0,1.09,0,22,,6
277373,Eirik Hestad,eirik-hestad,661,Molde FK,6.97,41.8,6,1,1,0,0,0.39,1,109,18,127,85.83,32,77,48,2,2,50.0,6,1,0,0,0,0,0.0,3,2,0,13,56.52,1,50.0,14,56.0,219,33.33,0,0,0,0,0,0,1,0,2,1,0,1,0,6,75.0,0,0,0,2,27,1,9,7,163,5,4,0,0,2,0,1,0,0,,,,0,0,0,0,0,4,0,0,0,0,0,0,1,0.0,0.0,2,4,1,11,1,0,0,0,8,4,3,50.0,219.0,0,0,0,34,94,0,0.39,0,9,,6
993448,Jack Bodenham,jack-bodenham,4921,The New Saints,6.97,20.9,3,0,0,0,0,0.01,0,104,17,121,85.95,84,20,4,0,0,0.0,3,1,0,0,0,0,0.0,0,0,0,3,100.0,6,54.55,9,64.29,270,0.0,0,0,0,0,0,0,0,0,0,0,0,0,0,12,52.17,17,0,0,0,17,0,3,2,151,0,0,0,0,0,0,0,0,0,,,,1,0,0,0,0,4,0,0,0,0,0,0,3,0.0,0.0,0,0,0,5,5,0,0,0,23,4,1,33.33,0.0,0,0,0,89,32,0,,10,3,,3
1138466,Silviu Șmalenea,silviu-smalenea,167232,FC Petrocub Hîncesti,6.97,41.8,6,0,0,0,0,0.0,0,91,77,168,54.17,78,13,4,0,0,0.0,0,0,0,0,0,0,0.0,0,0,0,1,100.0,9,100.0,10,100.0,540,0.0,0,0,0,0,0,0,0,0,0,0,0,0,0,37,33.64,10,0,0,0,79,0,25,15,246,3,0,0,0,0,0,0,0,21,,,,0,1,0,10,11,11,2,5,1,1,10,0,6,0.0,0.0,0,0,0,0,0,0,0,0,110,13,0,0.0,0.0,0,0,3,108,60,0,,42,63,,6
928122,Andrea Colpani,colpani-andrea,2693,Fiorentina,6.97,20.9,3,0,0,1,0,0.12,0,35,4,39,89.74,14,21,15,3,2,50.0,4,0,0,0,0,0,0.0,4,1,1,9,75.0,3,60.0,12,70.59,70,0.0,0,0,0,0,0,0,0,0,2,2,0,0,0,1,50.0,0,0,0,1,8,1,2,1,60,3,0,0,0,0,0,2,0,0,,,,0,0,0,0,0,0,0,0,0,0,0,0,0,0.0,0.0,3,4,0,5,2,0,0,0,2,0,2,50.0,0.0,0,0,0,15,24,0,0.64,0,6,,3
842609,Nazmi Gripshi,nazmi-gripshi,36155,Astana,6.97,20.9,3,0,0,0,0,0.19,0,74,17,91,81.32,39,37,15,4,6,54.55,5,1,0,0,0,2,50.0,3,1,2,19,50.0,0,0.0,19,46.34,240,0.0,0,0,0,0,0,0,0,0,0,3,0,0,0,6,85.71,3,0,0,6,32,0,6,3,147,8,3,0,0,5,1,0,1,0,,,,0,0,0,0,0,0,1,0,0,0,0,0,3,0.0,0.0,3,11,4,22,3,0,0,0,7,1,3,60.0,0.0,0,0,0,48,47,0,0.05,0,15,,4
804181,Josh Pask,josh-pask,4921,The New Saints,6.97,20.9,3,0,0,0,0,0.0,0,94,8,102,92.16,84,10,1,0,2,100.0,6,11,0,0,0,0,0.0,1,0,1,8,66.67,0,0.0,8,61.54,270,0.0,0,0,0,0,0,0,0,0,1,0,0,0,0,3,75.0,18,0,0,0,10,0,1,1,150,0,4,0,0,0,0,0,0,0,,,,0,0,0,0,0,6,0,0,0,0,0,0,3,0.0,0.0,0,2,0,5,1,0,0,0,4,6,3,50.0,0.0,0,0,0,90,12,0,0.05,2,8,,3
318741,Anto Grgić,anto-grgic,2443,FC Lugano,6.96,55.7,8,0,3,0,2,1.41,2,387,47,434,89.17,223,172,78,12,1,33.33,8,4,2,0,0,8,36.36,3,1,1,16,44.44,6,42.86,22,44.0,718,0.0,0,0,0,0,1,0,0,0,0,3,0,0,0,29,63.04,16,0,0,2,74,3,45,33,528,7,8,0,0,9,0,1,1,0,,,,2,0,0,0,0,9,2,0,0,0,0,0,8,0.0,0.0,11,3,22,28,8,0,0,0,46,11,2,25.0,0.0,0,0,0,235,221,0,0.07,0,46,,8
143286,Marcus Danielson,marcus-danielson,1759,Djurgårdens IF,6.96,69.6,10,1,0,0,0,0.11,1,495,49,544,90.99,296,199,39,2,0,0.0,6,7,4,0,0,0,0.0,6,3,2,11,57.89,16,59.26,27,58.7,766,16.67,1,1,0,0,0,0,1,0,6,0,0,0,1,15,36.59,68,1,0,1,53,0,22,10,660,5,5,0,0,3,0,1,0,0,,,,1,0,0,0,0,9,1,0,0,0,0,0,8,100.0,0.0,2,0,0,19,11,0,0,0,41,10,3,50.0,766.0,0,0,0,313,231,1,1.22,2,28,,10
1121333,Amir Richardson,amir-richardson,2693,Fiorentina,6.96,69.6,10,1,0,1,0,0.26,1,320,29,349,91.69,136,184,87,1,6,60.0,17,9,1,0,0,0,0.0,7,4,1,34,64.15,6,75.0,40,65.57,513,14.29,0,0,0,0,0,0,1,0,3,4,1,0,0,23,88.46,3,0,1,6,54,1,12,9,444,11,6,0,0,4,0,2,0,0,,,,0,0,0,0,0,9,1,0,0,0,0,0,5,0.0,0.0,1,10,6,21,2,0,0,0,26,10,10,58.82,513.0,0,0,0,145,210,0,0.65,0,26,,10
1015287,Natan,natan,2816,Real Betis,6.96,104.4,15,1,0,0,0,0.13,1,647,78,725,89.24,449,198,41,2,0,0.0,20,18,3,0,0,0,0.0,11,2,6,26,68.42,31,57.41,57,61.96,1294,9.09,0,0,0,0,0,0,1,0,10,1,1,0,0,28,38.89,83,0,0,0,83,0,33,13,899,6,8,1,0,5,0,3,0,0,,,,4,0,0,0,0,13,2,0,0,0,0,0,14,0.0,0.0,2,0,3,35,23,0,0,0,72,15,17,85.0,1294.0,0,0,0,472,256,0,0.61,2,52,,15
1197022,Charalampos Charalampous,charalampos-charalampous,3395,Omonia Nicosia,6.96,34.8,5,0,0,0,2,0.45,2,149,42,191,78.01,56,96,56,9,8,47.06,5,1,0,0,0,3,20.0,3,2,0,23,50.0,0,0.0,23,43.4,365,0.0,0,0,0,0,0,0,0,0,1,2,0,0,0,7,41.18,3,0,0,7,82,3,21,11,279,10,7,0,0,1,2,1,0,0,,,,0,0,0,0,0,4,0,0,0,0,0,0,4,0.0,0.0,9,17,15,30,7,0,0,0,17,4,5,100.0,0.0,0,0,0,64,142,0,0.18,0,32,,5
827573,Senna Miangue,senna-miangue,2929,Cercle Brugge,6.96,34.8,5,0,0,0,0,0.15,0,116,63,179,64.8,72,45,17,2,1,100.0,5,12,0,0,0,1,100.0,2,1,0,8,47.06,14,51.85,22,50.0,450,0.0,0,0,0,0,0,0,0,0,2,0,0,0,0,18,36.0,32,0,0,0,75,0,19,5,271,2,9,0,0,3,0,1,0,0,,,,1,0,0,0,0,6,1,0,0,0,0,0,5,0.0,0.0,2,1,1,22,13,0,0,0,50,7,5,100.0,0.0,0,0,0,84,96,0,0.18,0,33,,5
996958,Malo Gusto,gusto-malo,38,Chelsea,6.96,34.8,5,0,1,0,0,0.41,0,181,19,200,90.5,84,101,47,5,0,0.0,4,3,0,0,0,4,28.57,2,1,0,10,58.82,1,50.0,11,57.89,267,0.0,0,0,0,0,0,0,0,0,1,1,0,0,0,2,40.0,6,1,0,2,35,1,5,2,269,6,2,0,0,1,1,1,0,0,,,,1,0,0,0,0,1,0,0,0,0,0,0,4,0.0,0.0,5,2,14,8,1,0,0,0,5,1,2,50.0,0.0,0,0,0,91,123,1,0.06,0,15,,5
795522,Dylan Watts,dylan-watts,3177,Shamrock Rovers,6.96,48.7,7,2,1,0,1,1.18,3,209,46,255,81.96,91,124,72,9,4,28.57,9,6,3,0,0,6,35.29,6,4,2,18,40.91,5,50.0,23,42.59,406,33.33,0,0,0,0,1,0,2,0,3,3,1,1,0,11,40.74,9,0,0,4,82,5,27,12,353,5,7,0,0,5,0,0,0,0,,,,0,0,0,0,0,7,0,0,0,0,0,0,5,0.0,0.0,9,14,17,31,5,0,0,0,27,7,7,77.78,203.0,0,0,0,96,176,0,0.96,0,23,,7
907515,Karl Friðleifur Gunnarsson,karl-fridleifur-gunnarsson,1908,Víkingur Reykjavík,6.96,48.7,7,1,1,0,1,0.42,2,161,32,193,83.42,88,77,34,8,4,50.0,6,4,0,0,1,4,21.05,2,1,1,13,44.83,5,83.33,18,51.43,514,50.0,0,0,0,0,0,0,1,0,2,0,0,1,0,6,40.0,16,0,0,3,71,1,6,3,338,3,7,0,0,3,0,0,0,0,,,,1,0,0,0,0,7,0,0,0,0,0,0,6,0.0,0.0,8,8,19,17,1,0,0,0,15,7,5,83.33,514.0,1,0,0,103,109,1,0.4,0,22,,7
1133568,João Mendes,joao-mendes,3009,Vitória SC,6.96,48.7,7,0,0,0,1,0.45,1,229,62,291,78.69,116,116,49,7,2,28.57,17,9,3,0,0,3,15.79,5,2,2,22,55.0,7,53.85,29,54.72,566,0.0,0,0,0,0,0,0,0,0,0,5,0,0,0,17,41.46,24,0,0,2,95,2,22,8,451,3,8,1,0,3,1,1,0,0,,,,0,0,0,0,0,9,1,0,0,0,0,0,6,0.0,0.0,7,7,19,24,6,0,0,0,41,10,13,76.47,0.0,0,0,0,138,172,0,0.07,0,38,,7
135629,Aron Elís Þrándarson,aron-elis-randarson,1908,Víkingur Reykjavík,6.96,48.7,7,0,0,0,0,0.24,0,100,42,142,70.42,35,65,28,2,5,71.43,17,7,1,0,0,0,0.0,4,1,3,34,54.84,18,54.55,52,54.74,470,0.0,0,0,0,0,0,0,0,0,4,0,0,0,0,3,30.0,12,0,0,6,65,5,6,2,246,13,13,0,0,7,0,0,0,0,,,,0,0,0,0,0,4,0,0,0,0,0,0,7,0.0,0.0,2,7,6,43,15,0,0,0,10,4,9,52.94,0.0,0,0,0,46,102,0,0.33,0,19,,7
858501,Mateo Marić,mateo-maric,3395,Omonia Nicosia,6.96,48.7,7,0,0,0,0,0.22,0,326,35,361,90.3,153,175,76,2,5,62.5,11,7,3,0,0,2,100.0,4,0,3,24,58.54,9,60.0,33,58.93,602,0.0,0,0,0,0,0,0,0,0,2,2,0,0,0,27,71.05,14,0,0,4,50,0,39,31,447,8,6,1,0,4,0,1,0,0,,,,1,0,0,0,0,10,0,0,0,0,0,0,7,0.0,0.0,2,8,2,23,6,0,0,0,38,10,5,45.45,0.0,0,0,0,160,203,0,0.2,0,24,,7
942334,Kacper Chodyna,kacper-chodyna,3106,Legia Warszawa,6.95,69.5,10,2,1,1,1,1.17,3,133,63,196,67.86,41,100,66,9,6,40.0,25,2,2,0,0,8,22.22,12,7,4,44,49.44,3,23.08,47,46.08,786,16.67,0,0,0,0,1,0,2,0,8,4,0,1,1,3,42.86,6,0,0,17,138,5,9,4,376,14,13,0,0,7,5,1,0,0,,,,2,0,0,0,0,9,2,0,0,0,0,0,9,0.0,0.0,9,15,36,55,10,0,0,0,7,11,13,52.0,393.0,0,0,0,58,174,1,2.49,0,31,,10
341833,Claude Gonçalves,claude-goncalves,3106,Legia Warszawa,6.95,41.7,6,0,4,1,2,1.13,2,68,25,93,73.12,30,38,27,7,1,50.0,5,4,0,0,0,0,0.0,5,1,2,11,52.38,5,35.71,16,45.71,285,0.0,0,0,0,0,0,0,0,0,3,2,0,0,0,3,50.0,2,0,0,3,40,1,4,2,145,5,6,0,0,1,1,2,0,0,,,,0,0,0,0,0,4,2,0,0,0,0,0,3,0.0,0.0,7,2,3,19,9,0,0,0,6,6,1,20.0,0.0,0,0,0,35,61,0,0.5,0,14,,6
842969,Yan Vorogovskiy,yan-vorogovskiy,36155,Astana,6.95,27.8,4,0,2,0,1,0.39,1,92,32,124,74.19,58,36,18,5,3,42.86,14,8,0,0,0,2,66.67,0,0,0,21,53.85,5,55.56,26,54.17,360,0.0,0,0,0,0,0,0,0,0,0,0,0,0,0,3,21.43,11,0,0,1,55,0,8,2,226,4,5,0,0,8,1,0,0,0,,,,1,0,0,0,0,4,1,0,0,0,0,0,4,0.0,0.0,5,7,3,22,4,0,0,0,14,5,5,35.71,0.0,0,0,0,72,55,0,,0,23,,4
117692,Zoran Kvržić,zoran-kvrzic,5235,FK Borac Banja Luka,6.95,55.6,8,0,0,0,1,0.32,1,178,74,252,70.63,90,93,50,2,6,75.0,18,6,2,0,0,5,20.83,2,1,0,27,65.85,2,33.33,29,61.7,414,0.0,0,0,0,0,0,0,0,0,0,2,0,0,0,11,30.56,19,0,0,2,121,3,32,14,416,3,5,0,0,6,0,1,0,0,,,,1,0,0,0,0,3,0,0,0,0,0,0,4,0.0,0.0,2,8,24,18,4,0,0,0,36,3,12,66.67,0.0,0,0,0,112,164,0,0.03,0,34,,8
941077,Lucas Perrin,lucas-perrin,2929,Cercle Brugge,6.95,13.9,2,0,0,0,0,0.04,0,27,8,35,77.14,16,11,7,0,0,0.0,0,1,0,0,0,0,0.0,0,0,0,3,33.33,4,80.0,7,50.0,68,0.0,0,0,0,0,0,0,0,0,0,0,0,0,0,5,71.43,4,0,0,2,13,0,4,2,54,3,3,0,0,1,0,0,0,0,,,,0,0,0,0,0,0,0,0,0,0,0,0,1,0.0,0.0,0,1,1,7,1,0,0,0,7,0,0,0.0,0.0,0,0,0,17,19,0,,0,1,,2
1144613,Cezary Polak,cezary-polak,7691,Jagiellonia Białystok,6.95,13.9,2,0,0,0,0,0.01,0,56,14,70,80.0,34,22,8,0,1,100.0,5,2,0,0,0,0,0.0,0,0,0,6,60.0,4,50.0,10,55.56,124,0.0,0,0,0,0,0,0,0,0,0,0,0,0,0,2,28.57,11,0,0,1,17,0,6,1,99,0,1,0,0,2,0,0,0,0,,,,1,0,0,0,0,0,1,0,0,0,0,0,1,0.0,0.0,0,1,0,8,4,0,0,0,7,1,2,40.0,0.0,0,0,0,38,32,0,,0,0,,2
869942,Marat Bystrov,marat-bystrov,36155,Astana,6.95,13.9,2,0,0,0,0,0.03,0,128,9,137,93.43,65,63,16,0,0,0.0,2,1,0,0,0,0,0.0,0,0,0,2,40.0,2,100.0,4,57.14,180,0.0,0,0,0,0,0,0,0,0,0,0,0,0,0,5,62.5,10,0,0,0,15,1,6,4,163,0,0,0,0,3,0,0,0,0,,,,0,0,0,0,0,3,0,0,0,0,0,0,2,0.0,0.0,0,0,0,3,0,0,0,0,8,3,1,50.0,0.0,0,0,0,69,68,0,,0,5,,2
791831,Justas Lasickas,justas-lasickas,2416,NK Olimpija Ljubljana,6.95,27.8,4,0,0,0,0,0.24,0,81,26,107,75.7,51,31,16,1,4,100.0,7,3,1,0,0,1,50.0,0,0,0,18,66.67,6,66.67,24,66.67,189,0.0,0,0,0,0,0,0,0,0,0,0,0,0,0,3,20.0,14,0,0,5,42,1,8,3,181,7,3,0,0,1,1,0,0,0,,,,1,0,0,0,0,2,1,0,0,0,0,0,2,0.0,0.0,1,4,2,12,3,0,0,0,15,3,5,71.43,0.0,0,0,0,60,49,0,,0,14,,6
855673,Ricardo Silva,ricardo-silva,2413,NK Celje,6.95,41.7,6,0,0,0,0,0.01,0,119,51,170,70.0,107,12,6,0,0,0.0,0,1,1,0,0,0,0.0,0,0,0,0,0.0,2,100.0,2,100.0,570,0.0,0,0,0,0,0,0,0,0,0,0,0,0,0,35,41.18,5,0,0,0,53,0,19,12,228,0,0,0,0,0,0,0,0,16,,,,2,1,0,11,5,11,0,1,6,5,5,0,6,0.0,0.0,0,0,0,0,0,0,0,0,85,11,0,0.0,0.0,0,0,2,119,51,1,,35,54,,6
981527,Mateusz Skrzypczak,mateusz-skrzypczak,7691,Jagiellonia Białystok,6.95,55.6,8,0,1,0,0,0.4,0,405,51,456,88.82,321,84,28,2,0,0.0,8,7,1,0,0,0,0.0,0,0,0,15,57.69,17,60.71,32,59.26,724,0.0,0,0,0,0,0,0,0,0,0,0,0,0,0,29,53.7,53,0,0,2,56,0,36,16,558,7,6,1,0,3,0,0,0,0,,,,2,0,0,0,0,5,3,0,0,0,0,0,8,0.0,0.0,2,0,0,22,11,0,0,0,54,8,4,50.0,0.0,0,0,0,344,112,0,,7,37,,9
1097453,Luca Kerber,luca-kerber,5885,1. FC Heidenheim,6.95,41.7,6,0,0,1,0,0.16,0,109,28,137,79.56,71,39,18,2,1,50.0,11,5,1,0,0,1,16.67,6,1,3,20,62.5,6,37.5,26,54.17,405,0.0,0,0,0,0,0,0,0,0,6,0,0,0,0,8,61.54,7,0,0,1,44,1,14,8,213,8,4,0,0,7,0,2,0,0,,,,1,0,0,0,0,5,0,0,0,0,0,0,5,0.0,0.0,2,2,6,22,10,0,0,0,13,5,6,54.55,0.0,0,0,0,74,69,0,0.71,0,11,,6
1173222,Romeo Amane,romeo-amane,2055,SK Rapid Wien,6.95,13.9,2,0,0,1,0,0.09,0,78,11,89,87.64,23,55,30,0,6,60.0,6,4,0,0,0,0,0.0,3,1,0,16,51.61,2,50.0,18,51.43,173,0.0,0,0,0,0,0,0,0,0,1,2,0,0,0,1,33.33,2,0,0,5,25,1,2,0,134,4,4,0,0,3,0,2,0,0,,,,0,0,0,0,0,2,2,0,0,0,0,0,1,0.0,0.0,0,10,0,17,2,0,0,0,3,4,5,83.33,0.0,0,0,0,26,63,0,0.44,0,19,,2
822518,Dodô,dodo,2693,Fiorentina,6.95,55.6,8,0,2,0,0,1.44,0,160,31,191,83.77,74,93,46,6,15,71.43,4,6,4,0,0,7,25.93,5,0,2,32,68.09,2,33.33,34,64.15,514,0.0,0,0,0,0,0,0,0,0,1,4,0,0,0,11,61.11,4,0,0,2,80,1,6,3,336,14,4,0,0,3,1,3,0,0,,,,0,0,0,0,0,5,2,0,0,0,0,0,5,0.0,0.0,6,21,27,19,4,0,0,0,18,7,4,100.0,0.0,0,0,0,85,133,0,0.19,0,23,,8
893009,Onur Ergün,onur-ergun,3086,Başakşehir FK,6.95,41.7,6,0,0,0,0,0.21,0,183,33,216,84.72,109,75,25,1,2,66.67,18,10,1,0,0,1,25.0,3,0,2,20,57.14,5,45.45,25,54.35,420,0.0,0,0,0,0,0,0,0,0,1,2,0,0,0,7,53.85,16,0,0,1,50,1,13,8,311,0,7,0,0,7,0,1,0,0,,,,0,0,0,0,0,7,0,0,0,0,0,0,5,0.0,0.0,1,3,4,21,6,0,0,0,13,7,12,66.67,0.0,0,0,0,121,99,0,0.14,0,25,,6
894484,Georgios Antzoulas,georgios-antzoulas,2242,HJK,6.95,41.7,6,0,0,0,0,0.12,0,244,59,303,80.53,165,81,22,1,0,0.0,18,8,2,0,0,2,66.67,1,1,0,22,62.86,11,52.38,33,58.93,521,0.0,0,0,0,0,0,0,0,0,1,0,0,0,0,17,43.59,22,0,0,1,70,0,39,19,413,5,11,0,0,3,1,0,0,0,,,,0,0,0,0,0,7,2,0,0,0,0,0,6,0.0,0.0,1,0,3,23,10,0,0,0,39,9,8,44.44,0.0,0,0,0,184,122,0,0.04,2,18,,6
939622,Konrad Faber,konrad-faber,2442,FC St. Gallen 1879,6.95,13.9,2,0,0,0,0,0.04,0,35,14,49,71.43,15,20,12,0,0,0.0,4,1,0,0,0,0,0.0,1,0,1,6,60.0,0,0.0,6,54.55,177,0.0,0,0,0,0,0,0,0,0,0,1,0,0,0,0,0.0,4,0,0,1,25,0,2,2,85,2,2,0,0,0,0,0,0,0,,,,0,0,0,0,0,7,0,0,0,0,0,0,2,0.0,0.0,0,1,6,5,1,0,0,0,5,7,3,75.0,0.0,0,0,0,18,37,0,0.01,0,5,,3
907454,Aljoša Matko,aljosa-matko,2413,NK Celje,6.95,76.4,11,2,1,6,2,2.04,4,67,41,108,62.04,28,41,33,7,10,45.45,9,1,0,0,0,2,20.0,30,10,14,34,46.58,9,42.86,43,45.74,826,6.67,0,0,2,0,0,0,1,1,26,4,0,0,2,5,83.33,7,0,0,8,90,2,6,4,259,15,12,1,0,8,4,6,0,0,,,,1,0,0,0,0,15,2,0,0,0,0,0,8,0.0,0.0,7,22,10,51,12,0,0,0,6,17,7,77.78,413.0,0,0,0,37,81,0,4.05,0,22,,11
1468011,Saidou Alioum Moubarak,moubarak-saidou-alioum,3395,Omonia Nicosia,6.94,48.6,7,2,0,1,0,0.06,2,38,16,54,70.37,11,27,16,1,5,71.43,3,0,0,0,0,0,0.0,6,5,1,11,57.89,3,33.33,14,50.0,183,33.33,0,0,0,0,0,0,2,0,4,2,0,0,2,1,50.0,2,0,0,5,30,3,4,1,95,4,1,1,0,0,0,0,0,0,,,,0,0,0,0,0,3,0,0,0,0,0,0,1,0.0,0.0,1,7,5,14,6,0,0,0,2,3,3,100.0,91.5,0,0,0,15,44,0,1.32,0,11,,8
962064,Isak Jansson,isak-jansson,2055,SK Rapid Wien,6.94,34.7,5,0,1,0,1,0.47,1,76,21,97,78.35,21,60,38,6,6,42.86,5,2,1,0,0,5,26.32,10,4,2,21,51.22,3,42.86,24,50.0,361,0.0,0,0,0,0,0,0,0,0,6,4,0,0,0,1,50.0,4,1,0,8,65,2,8,1,202,10,4,1,0,1,0,4,0,0,,,,1,0,0,0,0,5,2,0,0,0,0,0,3,0.0,0.0,6,14,19,24,4,0,0,0,2,7,2,40.0,0.0,0,0,0,23,93,0,0.55,0,11,,5
1083383,Mads Enggård,mads-enggard,661,Molde FK,6.94,69.4,10,0,2,0,1,1.08,1,399,81,480,83.13,164,240,139,9,2,22.22,13,6,2,0,0,5,21.74,7,1,4,26,40.63,16,61.54,42,46.67,744,0.0,0,0,0,0,0,0,0,0,4,3,0,0,0,12,31.58,12,0,0,8,128,6,30,13,616,11,13,0,0,11,0,2,0,0,,,,1,0,0,0,0,10,2,0,0,0,0,0,8,0.0,0.0,9,9,23,48,10,0,0,0,38,12,6,46.15,0.0,0,0,0,179,324,0,0.42,0,49,,10
1153355,Maxi Oyedele,maxi-oyedele,3106,Legia Warszawa,6.94,34.7,5,0,0,0,1,0.28,1,88,27,115,76.52,36,52,28,3,0,0.0,16,6,1,0,0,0,0.0,2,0,2,17,60.71,2,66.67,19,61.29,346,0.0,0,0,0,0,0,0,0,0,0,2,0,0,0,8,47.06,16,0,0,3,43,2,13,8,181,1,4,0,0,1,0,0,0,0,,,,0,0,0,0,0,7,0,0,0,0,0,0,4,0.0,0.0,3,3,2,12,1,0,0,0,17,7,12,75.0,0.0,0,0,0,43,74,0,0.08,0,16,,5
949605,Nikolas Panagiotou,nikolas-panagiotou,3395,Omonia Nicosia,6.94,34.7,5,0,0,0,0,0.04,0,251,34,285,88.07,198,53,10,0,0,0.0,5,4,0,0,0,0,0.0,0,0,0,5,55.56,5,55.56,10,55.56,450,0.0,0,0,0,0,0,0,0,0,0,0,0,0,0,11,34.38,23,0,0,0,36,0,15,6,336,0,2,0,0,1,0,0,0,0,,,,1,0,0,0,0,7,0,0,0,0,0,0,5,0.0,0.0,0,1,0,8,4,0,0,0,32,7,2,40.0,0.0,0,0,0,209,76,0,,1,17,,5
845742,Adrian Beck,adrian-beck,5885,1. FC Heidenheim,6.94,55.5,8,1,1,1,0,1.13,1,224,39,263,85.17,105,124,70,10,9,52.94,10,2,1,0,0,5,38.46,12,3,3,23,43.4,6,46.15,29,43.94,488,8.33,0,0,0,0,0,0,0,1,4,8,0,1,0,8,61.54,2,0,0,10,77,8,6,5,366,4,5,0,0,8,0,6,0,0,,,,1,0,0,0,0,7,1,0,0,0,0,0,5,0.0,0.0,10,17,13,37,7,0,0,0,13,8,5,50.0,488.0,0,0,0,119,157,0,0.84,0,39,,8
109569,Martin Linnes,martin-linnes,661,Molde FK,6.94,55.5,8,0,1,0,0,1.37,0,274,51,325,84.31,114,164,83,11,6,50.0,14,3,0,0,0,4,33.33,3,0,0,24,58.54,2,50.0,26,57.78,489,0.0,0,0,0,0,0,0,0,0,1,2,0,0,0,9,39.13,1,0,0,2,81,2,22,10,458,4,6,0,0,3,1,3,1,0,,,,0,0,0,0,0,7,1,0,0,0,0,0,6,0.0,0.0,10,12,12,19,2,0,0,0,23,8,8,57.14,0.0,0,0,0,124,213,0,0.24,0,28,,8
1035693,Frederik Ihler,frederik-ihler,661,Molde FK,6.93,62.4,9,4,0,1,0,0.33,4,35,21,56,62.5,14,21,11,2,1,25.0,4,1,0,0,0,0,0.0,8,5,2,5,33.33,8,44.44,13,39.39,302,50.0,0,0,0,0,0,0,4,0,8,0,0,1,3,0,0.0,6,0,0,4,32,2,1,1,93,0,2,1,0,1,0,1,0,0,,,,0,0,0,0,0,6,1,0,0,0,0,0,2,0.0,0.0,2,4,1,20,10,0,0,0,1,7,2,50.0,75.5,0,0,0,19,38,0,1.9,0,5,,9
972410,Miguel Crespo,miguel-crespo,3086,Başakşehir FK,6.93,41.6,6,1,1,1,2,0.65,3,125,26,151,82.78,63,63,29,5,2,20.0,12,5,0,0,0,1,50.0,4,2,1,19,48.72,0,0.0,19,47.5,317,25.0,0,0,0,0,0,0,1,0,2,2,0,0,1,8,80.0,4,0,0,4,48,3,8,6,219,5,3,0,0,5,0,1,0,0,,,,0,0,0,0,0,8,0,0,0,0,0,0,4,0.0,0.0,5,10,2,21,1,0,0,0,10,8,4,33.33,317.0,0,0,0,69,84,1,0.58,0,17,,6
134224,Lee Erwin,lee-erwin,2242,HJK,6.93,41.6,6,1,1,1,0,0.49,1,62,28,90,68.89,28,35,22,2,3,60.0,1,0,1,0,0,1,25.0,17,6,7,12,41.38,7,24.14,19,32.76,507,5.88,0,0,0,0,2,0,1,0,10,7,0,0,1,4,100.0,1,0,0,6,52,4,4,3,158,8,7,0,0,2,2,4,0,0,,,,0,0,0,0,0,6,2,0,0,0,0,0,6,0.0,0.0,2,5,4,39,22,0,0,0,4,8,1,100.0,507.0,0,0,0,34,60,0,0.85,0,12,,6
926752,Rohan Ferguson,rohan-ferguson,5184,Larne FC,6.93,41.6,6,0,0,0,0,0.01,0,106,102,208,50.96,66,40,5,0,0,0.0,0,0,1,0,0,0,0.0,0,0,0,0,0.0,0,0.0,0,0.0,540,0.0,0,0,0,0,0,0,0,0,0,0,0,0,0,66,40.0,3,0,0,0,103,0,18,11,267,0,0,0,0,0,0,0,0,23,,,,1,1,0,14,9,11,1,1,4,4,4,0,6,0.0,0.0,0,0,0,0,0,0,0,0,165,12,0,0.0,0.0,0,0,3,88,120,1,,55,71,,6
144681,Daniel Redmond,daniel-redmond,4921,The New Saints,6.93,41.6,6,0,0,0,0,0.21,0,172,61,233,73.82,107,68,34,2,3,100.0,18,8,1,0,0,3,60.0,1,0,1,28,62.22,5,41.67,33,57.89,508,0.0,0,0,0,0,0,0,0,0,0,1,0,0,0,18,40.91,22,0,0,3,70,1,32,14,334,9,8,0,0,7,0,0,0,0,,,,1,0,0,0,0,9,0,0,0,0,0,0,6,0.0,0.0,2,3,5,24,7,0,0,0,44,9,11,61.11,0.0,0,0,0,127,111,0,0.01,0,33,,6
983500,Danijel Dejan Djuric,danijel-dejan-djuric,1908,Víkingur Reykjavík,6.93,48.5,7,1,2,3,1,0.75,2,143,32,175,81.71,61,84,49,8,10,40.0,10,3,1,0,0,2,40.0,12,6,3,25,43.86,2,22.22,27,40.91,477,8.33,1,0,0,0,1,0,1,0,7,5,0,0,1,6,75.0,3,0,0,7,74,5,13,9,287,5,6,1,0,5,1,3,0,0,,,,2,0,0,0,0,8,0,0,0,0,0,0,5,0.0,0.0,8,25,5,39,7,0,1,0,8,8,6,60.0,477.0,0,0,0,69,111,0,2.24,0,22,,7
386630,Issam Chebake,issam-chebake,3398,APOEL Nicosia,6.93,48.5,7,1,0,2,0,0.27,1,168,43,211,79.62,74,96,49,5,4,36.36,9,7,3,0,0,2,25.0,9,2,5,32,58.18,18,62.07,50,59.52,540,11.11,0,0,0,0,0,0,1,0,5,4,1,0,0,4,28.57,12,0,0,7,80,5,7,2,341,19,6,0,0,4,1,2,0,0,,,,1,0,0,0,0,6,1,0,0,0,0,0,6,0.0,0.0,5,11,8,34,11,0,0,0,14,7,6,66.67,540.0,0,0,0,85,134,0,1.27,0,17,,7
1017669,Tarik Ibrahimagić,tarik-ibrahimagic,1908,Víkingur Reykjavík,6.93,48.5,7,0,0,0,0,0.24,0,122,30,152,80.26,73,49,20,2,2,66.67,13,10,3,0,0,0,0.0,1,0,0,25,65.79,6,66.67,31,65.96,373,0.0,0,0,0,0,0,0,0,0,0,1,0,0,0,14,48.28,21,0,0,1,42,0,15,7,242,10,9,0,0,3,0,1,0,0,,,,0,0,0,0,0,3,0,0,0,0,0,0,4,0.0,0.0,2,3,1,16,3,0,0,0,29,3,10,76.92,0.0,0,0,0,84,69,0,0.02,0,27,,8
138549,Jacob Une Larsson,jacob-une-larsson,1759,Djurgårdens IF,6.93,76.2,11,0,1,0,0,0.19,0,581,70,651,89.25,389,192,43,2,0,0.0,10,17,1,0,0,0,0.0,2,0,2,16,53.33,23,57.5,39,55.71,957,0.0,0,0,0,0,0,0,0,0,2,0,0,0,0,23,35.94,62,1,0,0,77,0,40,15,788,6,9,0,1,6,0,0,0,0,,,,2,0,0,0,0,12,2,0,0,0,0,0,11,0.0,0.0,2,0,0,31,17,0,0,0,64,14,5,50.0,0.0,0,0,0,406,245,0,0.19,8,29,,11
857376,João Mendes,joao-mendes,3009,Vitória SC,6.93,55.4,8,2,3,1,1,1.22,3,174,40,214,81.31,49,126,78,8,1,7.69,11,2,1,0,0,1,7.69,12,7,4,18,33.33,1,50.0,19,33.93,509,16.67,0,0,0,0,0,0,1,1,4,8,0,0,2,2,50.0,3,0,0,11,88,6,21,9,315,7,7,0,0,6,1,1,0,0,,,,0,0,0,0,0,7,1,0,0,0,0,0,7,0.0,0.0,8,13,13,37,1,0,0,0,4,8,10,90.91,254.5,0,0,0,54,173,0,0.95,0,20,,8
559968,Jarosław Kubicki,jaroslaw-kubicki,7691,Jagiellonia Białystok,6.93,83.1,12,0,3,2,2,1.24,2,266,59,325,81.85,153,116,57,11,3,50.0,21,6,1,0,0,3,42.86,9,1,2,38,62.3,12,42.86,50,56.18,798,0.0,0,0,0,0,0,0,0,0,5,4,0,0,0,6,40.0,18,0,0,5,84,3,18,6,467,14,6,1,0,9,1,6,0,0,,,,0,0,0,0,0,4,3,0,0,0,0,0,10,0.0,0.0,11,6,7,39,16,0,0,0,15,7,12,57.14,0.0,0,0,0,173,159,0,0.72,0,35,,12
840717,Aaron McEneff,aaron-mceneff,3177,Shamrock Rovers,6.93,27.7,4,0,0,1,0,0.28,0,130,24,154,84.42,56,76,38,3,1,20.0,6,4,1,0,0,2,66.67,8,3,1,10,47.62,0,0.0,10,38.46,353,0.0,0,0,0,0,0,0,0,0,5,3,0,0,0,4,50.0,2,0,0,3,37,4,11,6,204,3,1,0,0,3,1,4,0,0,,,,1,0,0,0,0,1,2,0,0,0,0,0,4,0.0,0.0,3,5,3,16,5,0,0,0,8,3,5,83.33,0.0,0,0,0,59,98,0,0.67,0,15,,4
848082,Yan Eteki,yan-eteki,262228,FC Noah,6.93,27.7,4,0,0,0,0,0.12,0,171,20,191,89.53,108,63,25,4,2,100.0,19,6,0,0,0,0,0.0,1,0,1,26,63.41,1,25.0,27,60.0,356,0.0,0,0,0,1,0,0,0,0,1,0,0,0,0,4,50.0,4,0,0,5,33,1,7,4,254,5,6,0,0,4,0,0,0,0,,,,1,0,0,0,0,8,1,0,0,0,0,0,4,0.0,0.0,4,2,1,18,3,0,0,0,8,9,11,57.89,0.0,0,0,0,117,75,0,0.07,0,20,,4
824498,Jordan Williams,jordan-williams,4921,The New Saints,6.92,34.6,5,1,1,1,1,0.34,2,44,26,70,62.86,23,27,11,5,2,66.67,9,2,0,0,0,6,37.5,4,1,2,16,57.14,2,33.33,18,52.94,340,25.0,0,0,0,0,0,0,1,0,3,1,0,1,0,0,0.0,9,0,0,6,50,1,3,0,148,5,3,0,0,2,0,1,0,0,,,,0,0,0,0,0,6,0,0,0,0,0,0,4,0.0,0.0,5,3,16,16,4,0,0,0,8,6,7,77.78,340.0,0,0,0,33,53,0,0.73,0,19,,5
987597,Jesús Ramírez,jesus-ramirez,3009,Vitória SC,6.92,34.6,5,1,0,1,0,0.22,1,28,4,32,87.5,12,17,10,0,4,80.0,2,0,1,0,0,1,50.0,14,5,6,8,61.54,7,58.33,15,60.0,229,7.14,0,0,0,0,0,0,1,0,12,2,1,0,0,0,0.0,0,0,0,1,14,1,0,0,72,2,2,1,0,1,0,3,0,0,,,,0,0,0,0,0,2,1,0,0,0,0,0,2,0.0,0.0,0,5,2,10,5,0,0,0,0,3,1,50.0,229.0,0,0,0,12,22,0,1.06,0,5,,5
139304,Dimitrios Pelkas,dimitrios-pelkas,3086,Başakşehir FK,6.92,34.6,5,1,2,0,0,0.62,1,59,15,74,79.73,18,49,21,9,3,30.0,3,0,1,0,0,8,44.44,2,1,0,9,42.86,1,16.67,10,37.04,200,50.0,0,0,0,0,0,0,1,0,2,0,0,0,1,4,80.0,1,0,0,1,36,2,6,3,125,3,5,0,0,0,1,1,0,0,,,,0,0,0,0,0,5,0,0,0,0,0,0,2,0.0,0.0,9,10,18,17,5,0,0,0,5,5,2,66.67,200.0,0,0,0,23,69,0,0.65,0,8,,5
70143,Mattia Bottani,mattia-bottani,2443,FC Lugano,6.92,41.5,6,2,2,1,0,0.79,2,101,18,119,84.87,33,69,43,7,9,56.25,5,1,3,1,1,1,33.33,7,6,1,19,46.34,1,20.0,20,43.48,338,28.57,0,0,0,0,0,0,2,0,4,3,0,0,1,6,75.0,1,1,0,7,42,7,12,8,182,5,5,1,0,3,0,0,0,0,,,,0,0,0,0,0,4,0,0,0,0,0,0,4,0.0,0.0,7,16,3,26,4,0,0,0,8,4,4,80.0,169.0,0,0,0,36,86,0,1.68,0,14,,6
1170533,Logan Delaurier-Chaubet,logan-delaurier-chaubet,2413,NK Celje,6.92,41.5,6,1,1,1,1,0.76,2,118,20,138,85.51,36,83,44,2,5,45.45,11,3,1,0,0,1,12.5,11,5,3,22,41.51,2,40.0,24,41.38,476,9.09,1,1,0,0,0,0,1,0,6,5,0,1,0,5,50.0,2,0,0,9,53,4,11,6,224,6,10,0,0,6,0,3,0,0,,,,1,0,0,0,0,9,0,0,0,0,0,0,6,100.0,0.0,2,11,8,34,3,0,0,0,10,9,7,63.64,476.0,0,0,0,40,106,0,1.4,0,14,,6
978194,Oskar Fallenius,fallenius-oskar,1759,Djurgårdens IF,6.92,41.5,6,1,0,2,0,0.22,1,63,21,84,75.0,19,45,27,1,4,36.36,7,0,0,0,0,1,12.5,13,8,5,18,48.65,1,33.33,19,47.5,365,7.69,0,0,0,0,0,0,1,0,8,5,0,0,1,2,50.0,2,0,0,4,57,3,5,5,166,7,6,1,0,2,0,0,0,0,,,,1,0,0,0,0,4,1,0,0,0,0,0,5,0.0,0.0,1,11,8,21,2,0,0,0,4,5,4,57.14,365.0,0,0,0,26,66,1,1.67,0,17,,7
847467,Marin Pongračić,marin-pongracic,2693,Fiorentina,6.92,41.5,6,0,1,1,1,0.33,1,308,25,333,92.49,226,82,20,4,3,50.0,7,7,2,0,0,0,0.0,1,0,1,12,44.44,8,57.14,20,48.78,555,0.0,0,0,0,1,0,0,0,0,1,0,0,0,0,17,65.38,21,0,1,1,29,1,17,9,397,2,8,0,0,3,0,0,0,0,,,,0,0,0,0,0,8,2,0,0,0,0,0,6,0.0,0.0,4,6,0,21,6,0,0,0,26,10,5,71.43,0.0,0,0,0,231,102,2,0.33,3,23,,6
809295,Oliver Ekroth,oliver-ekroth,1908,Víkingur Reykjavík,6.91,48.4,7,0,0,0,0,0.17,0,304,42,346,87.86,232,72,19,2,0,0.0,7,9,2,0,0,0,0.0,1,0,1,9,52.94,15,83.33,24,68.57,585,0.0,0,0,0,0,0,0,0,0,1,0,0,0,0,19,45.24,49,0,0,0,46,0,24,15,438,2,9,0,0,0,0,0,0,0,,,,2,0,0,0,0,9,0,0,0,0,0,0,7,0.0,0.0,2,0,0,11,3,0,0,0,42,9,4,57.14,0.0,0,0,0,247,99,0,0.06,0,18,,7
1210848,Pietro Comuzzo,comuzzo-pietro,2693,Fiorentina,6.91,62.2,9,0,1,2,0,0.14,0,410,50,460,89.13,338,72,15,1,1,100.0,10,12,1,0,0,0,0.0,5,3,1,15,83.33,22,61.11,37,68.52,722,0.0,0,0,0,0,0,0,0,0,5,0,0,0,0,25,50.0,44,0,1,1,57,0,34,18,573,5,2,1,0,0,0,1,0,0,,,,0,0,0,0,0,10,3,0,0,0,0,0,8,0.0,0.0,1,1,0,17,14,0,0,0,50,13,6,60.0,0.0,0,0,0,359,101,0,0.56,7,31,,9
876345,Darko Churlinov,darko-churlinov,7691,Jagiellonia Białystok,6.91,82.9,12,2,2,3,0,0.87,2,153,38,191,80.1,51,103,54,5,21,61.76,9,6,2,0,0,1,6.67,22,7,9,42,49.41,2,14.29,44,44.44,771,9.09,0,0,0,0,2,0,2,0,15,7,0,1,1,4,40.0,5,0,0,16,100,12,13,5,369,12,7,1,0,7,5,6,0,0,,,,0,0,0,0,0,6,2,0,0,0,0,0,8,0.0,0.0,5,34,15,55,12,0,0,0,10,8,5,55.56,385.5,0,0,0,55,151,0,2.42,0,44,,12
988250,Hugo Vandermersch,hugo-vandermersch,2442,FC St. Gallen 1879,6.9,34.5,5,1,2,0,3,1.43,4,148,46,194,76.29,56,97,48,6,7,41.18,5,6,1,0,0,5,27.78,4,1,2,18,40.91,2,33.33,20,40.0,450,25.0,0,0,0,0,0,0,1,0,1,3,0,0,1,11,39.29,11,0,0,4,90,2,19,11,342,6,8,0,0,5,0,1,0,0,,,,0,0,0,0,0,12,0,0,0,0,0,0,5,0.0,0.0,6,17,18,30,4,0,0,0,28,12,4,80.0,450.0,0,0,0,71,141,0,0.26,0,28,,5
88645,Mislav Oršić,mislav-orsic,171626,Pafos FC,6.9,27.6,4,1,0,0,0,0.03,1,23,8,31,74.19,8,15,9,0,0,0.0,2,0,0,0,0,0,0.0,7,4,2,4,50.0,0,0.0,4,50.0,72,14.29,0,0,0,0,0,0,1,0,4,3,0,0,1,2,100.0,0,0,0,1,19,0,5,3,54,2,0,0,0,1,0,1,0,0,,,,0,0,0,0,0,1,0,0,0,0,0,0,0,0.0,0.0,0,2,4,4,0,0,0,0,2,1,2,100.0,72.0,0,0,0,11,24,0,0.46,0,8,,4
998465,Patric Åslund,patric-aslund,1759,Djurgårdens IF,6.9,20.7,3,1,1,0,0,0.4,1,22,10,32,68.75,8,14,8,3,0,0.0,0,0,0,0,0,0,0.0,1,1,0,3,27.27,0,0.0,3,27.27,185,100.0,0,0,0,0,0,0,1,0,1,0,0,0,1,1,50.0,2,0,0,3,21,0,3,2,56,3,3,0,0,0,1,0,0,0,,,,0,0,0,0,0,1,0,0,0,0,0,0,2,0.0,0.0,3,2,0,8,0,0,0,0,2,1,0,0.0,185.0,0,0,0,13,19,0,0.07,0,8,,4
860615,Adam Stahl,adam-stahl,1759,Djurgårdens IF,6.9,75.9,11,0,2,3,2,0.66,2,305,89,394,77.41,131,180,92,5,6,42.86,18,13,2,0,0,6,31.58,6,2,3,33,47.83,23,62.16,56,52.83,990,0.0,0,0,0,0,0,0,0,0,6,0,0,0,0,12,37.5,34,1,0,8,150,4,15,6,653,9,14,0,0,6,2,1,0,0,,,,2,0,0,0,0,12,2,0,0,0,0,0,11,0.0,0.0,5,14,19,50,14,0,0,0,32,14,13,72.22,0.0,0,0,0,153,260,1,0.57,0,34,,11
330455,Ryan Brobbel,ryan-brobbel,4921,The New Saints,6.9,34.5,5,0,1,0,2,0.5,2,96,28,124,77.42,46,56,27,7,4,40.0,3,1,0,0,0,6,28.57,4,1,2,11,45.83,2,50.0,13,46.43,308,0.0,0,0,0,0,0,0,0,0,2,2,0,0,0,11,78.57,2,0,1,2,55,1,18,13,187,4,3,0,0,2,0,1,0,0,,,,0,0,0,0,0,6,0,0,0,0,0,0,4,0.0,0.0,7,10,21,15,2,0,0,0,14,6,2,66.67,0.0,0,0,0,54,91,0,0.32,0,16,,5
1398913,Marko Ristić,marko-ristic,2416,NK Olimpija Ljubljana,6.9,27.6,4,0,1,0,1,0.12,1,64,21,85,75.29,51,13,6,1,0,0.0,5,4,1,0,0,0,0.0,0,0,0,6,60.0,6,50.0,12,54.55,279,0.0,0,0,0,0,0,0,0,0,0,0,0,0,0,7,53.85,16,0,0,0,24,0,13,5,125,1,3,0,0,1,0,0,0,0,,,,1,0,0,0,0,4,2,0,0,0,0,0,3,0.0,0.0,1,0,0,10,6,0,0,0,13,6,3,60.0,0.0,0,0,0,58,27,0,,0,6,,4
36270,Rasmus Schüller,rasmus-schuller,1759,Djurgårdens IF,6.9,41.4,6,0,1,0,1,0.2,1,94,26,120,78.33,39,55,21,3,0,0.0,11,2,2,0,0,0,0.0,0,0,0,12,75.0,8,66.67,20,71.43,224,0.0,0,0,0,0,0,0,0,0,0,0,0,0,0,4,28.57,10,0,0,0,32,1,8,3,164,2,3,0,0,1,0,0,0,0,,,,0,0,0,0,0,1,0,0,0,0,0,0,2,0.0,0.0,3,0,1,8,4,0,0,0,14,1,8,72.73,0.0,0,0,0,47,74,0,,0,20,,6
279451,Jack Byrne,jack-byrne,3177,Shamrock Rovers,6.9,41.4,6,0,0,0,1,0.37,1,86,9,95,90.53,37,52,27,6,2,100.0,0,0,0,0,0,3,37.5,0,0,0,4,66.67,0,0.0,4,57.14,105,0.0,0,0,0,0,0,0,0,0,0,0,0,0,0,5,83.33,2,0,0,1,16,1,10,6,115,2,0,0,0,1,0,0,0,0,,,,0,0,0,0,0,0,0,0,0,0,0,0,0,0.0,0.0,6,2,8,3,1,0,0,0,6,0,0,0.0,0.0,0,0,0,40,63,0,,0,10,,6
1035280,Telmo Arcanjo,telmo-arcanjo,3009,Vitória SC,6.9,48.3,7,0,0,1,1,0.79,1,88,19,107,82.24,19,74,39,9,4,66.67,4,1,0,0,0,5,29.41,13,4,6,13,61.9,4,80.0,17,65.38,226,0.0,0,0,0,0,1,0,0,0,4,9,0,0,0,2,66.67,0,0,0,1,40,4,4,2,173,5,5,0,0,0,0,3,0,0,,,,0,0,0,0,0,3,1,0,0,0,0,0,2,0.0,0.0,9,6,17,9,1,0,0,0,3,4,3,75.0,0.0,0,0,0,23,101,0,0.56,0,15,,7
920546,Robert Sánchez,robert-sanchez,38,Chelsea,6.9,6.9,1,0,0,0,0,0.0,0,27,4,31,87.1,26,1,0,0,0,0.0,0,0,0,0,0,0,0.0,0,0,0,0,0.0,1,100.0,1,100.0,90,0.0,0,0,0,0,0,0,0,0,0,0,0,0,0,1,20.0,1,0,0,0,4,0,2,1,38,0,0,0,0,0,0,0,0,1,,,,0,0,0,1,0,1,0,1,0,0,1,0,1,0.0,0.0,0,0,0,0,0,0,0,0,5,1,0,0.0,0.0,0,0,0,26,5,0,,2,5,,1
1652684,Abdoul Kader Ouattara,abdoul-kader-ouattara,2929,Cercle Brugge,6.9,6.9,1,0,0,0,0,0.11,0,10,6,16,62.5,3,7,4,2,2,50.0,0,0,0,0,0,0,0.0,0,0,0,3,60.0,3,42.86,6,50.0,59,0.0,0,0,0,0,0,0,0,0,0,0,0,0,0,1,100.0,0,0,0,0,10,1,0,0,26,1,0,0,0,0,0,0,0,0,,,,0,0,0,0,0,1,0,0,0,0,0,0,1,0.0,0.0,2,4,0,6,4,0,0,0,1,1,0,0.0,0.0,0,0,0,3,13,0,,0,2,,1
134228,Damjan Siskovski,damjan-siskovski,5235,FK Borac Banja Luka,6.9,6.9,1,0,0,0,0,0.0,0,16,8,24,66.67,11,5,0,0,0,0.0,0,0,0,0,0,0,0.0,0,0,0,0,0.0,1,100.0,1,100.0,90,0.0,0,0,0,0,0,0,0,0,0,0,0,0,0,6,42.86,1,0,0,0,9,0,0,0,33,0,0,0,0,0,0,0,0,1,,,,0,0,0,1,0,1,0,1,0,0,1,1,1,0.0,0.0,0,0,0,0,0,0,0,0,14,1,0,0.0,0.0,0,0,0,12,12,0,,7,10,,1
1514298,Dalangunypole Gomis,dalangunypole-gomis,2929,Cercle Brugge,6.9,6.9,1,0,0,0,0,0.01,0,27,8,35,77.14,8,19,7,0,0,0.0,1,1,0,0,0,0,0.0,0,0,0,1,100.0,0,0.0,1,33.33,82,0.0,0,0,0,0,0,0,0,0,0,0,0,0,0,1,33.33,2,0,0,0,12,0,2,2,56,0,0,0,0,0,0,0,0,0,,,,0,0,0,0,0,2,0,0,0,0,0,0,1,0.0,0.0,0,0,0,2,2,0,0,0,3,2,1,100.0,0.0,0,0,0,9,26,0,,0,2,,1
920342,George Marsh,george-marsh,5184,Larne FC,6.9,6.9,1,0,0,0,0,0.04,0,27,5,32,84.38,16,11,7,1,0,0.0,4,1,0,0,0,0,0.0,0,0,0,4,50.0,0,0.0,4,50.0,79,0.0,0,0,0,0,0,0,0,0,0,0,0,0,0,1,50.0,2,0,0,0,8,2,0,0,45,0,2,0,0,0,0,0,0,0,,,,0,0,0,0,0,2,0,0,0,0,0,0,1,0.0,0.0,1,2,1,4,0,0,0,0,2,2,1,25.0,0.0,0,0,0,16,17,0,,0,2,,1
847128,Marc Roca,marc-roca,2816,Real Betis,6.9,13.8,2,0,0,0,0,0.11,0,44,11,55,80.0,13,33,15,0,0,0.0,4,1,0,0,0,2,40.0,0,0,0,5,62.5,1,50.0,6,60.0,105,0.0,0,0,0,0,0,0,0,0,0,0,0,0,0,3,42.86,1,0,0,0,14,0,7,4,68,1,2,0,0,1,0,0,0,0,,,,0,0,0,0,0,0,0,0,0,0,0,0,1,0.0,0.0,0,0,5,4,1,0,0,0,7,0,4,100.0,0.0,0,0,0,16,44,0,,0,4,,2
231614,Jean-Pierre Nsame,jean-pierre-nsame,3106,Legia Warszawa,6.9,13.8,2,0,1,0,0,0.71,0,11,10,21,52.38,2,9,6,2,0,0.0,1,0,0,0,0,0,0.0,0,0,0,2,50.0,7,70.0,9,64.29,58,0.0,0,0,0,0,0,0,0,0,0,0,0,0,0,0,0.0,0,0,0,1,12,1,1,0,27,1,2,0,0,0,0,0,0,0,,,,0,0,0,0,0,0,0,0,0,0,0,0,0,0.0,0.0,2,0,0,5,3,0,0,0,1,0,1,100.0,0.0,0,0,0,3,18,0,,0,2,,2
1138463,Macaulay Tait,macaulay-tait,2353,Heart of Midlothian,6.9,13.8,2,0,0,0,0,0.02,0,50,9,59,84.75,14,36,9,2,1,50.0,4,1,0,0,0,0,0.0,0,0,0,5,83.33,0,0.0,5,83.33,80,0.0,0,0,0,0,0,0,0,0,0,0,0,0,0,0,0.0,1,0,0,0,12,0,2,1,72,0,0,0,0,0,0,0,0,0,,,,0,0,0,0,0,1,0,0,0,0,0,0,1,0.0,0.0,2,2,1,1,0,0,0,0,0,1,3,75.0,0.0,0,0,0,15,45,0,,0,1,,2
939527,Marquinhos,marquinhos,3398,APOEL Nicosia,6.9,27.6,4,0,0,1,0,0.09,0,84,14,98,85.71,23,61,34,3,3,27.27,8,3,1,0,0,0,0.0,4,1,3,21,53.85,1,20.0,22,50.0,236,0.0,0,0,0,0,0,0,0,0,2,2,0,0,0,3,60.0,1,0,0,3,37,3,2,2,160,11,5,0,0,2,2,0,0,0,,,,0,0,0,0,0,2,1,0,0,0,0,0,2,0.0,0.0,3,11,4,22,4,0,0,0,5,3,4,50.0,0.0,0,0,0,25,77,0,0.51,0,12,,4
1030207,Vojtěch Stránský,vojtech-stransky,2224,Mladá Boleslav,6.9,34.5,5,0,1,0,0,0.52,0,78,23,101,77.23,28,51,28,4,1,20.0,14,3,1,0,0,1,50.0,5,1,4,20,57.14,1,33.33,21,55.26,308,0.0,0,0,0,0,0,0,0,0,3,2,0,0,0,1,14.29,4,0,0,5,38,7,1,0,167,6,2,0,0,4,1,0,0,0,,,,0,0,0,0,0,4,1,0,0,0,0,0,3,0.0,0.0,4,5,2,17,2,0,0,0,7,5,6,42.86,0.0,0,0,0,34,69,0,0.33,0,21,,6
913621,Daniil Kulikov,daniil-kulikov,3361,Dinamo Minsk,6.9,34.5,5,0,0,1,0,0.07,0,81,15,96,84.38,24,57,27,1,2,66.67,4,3,2,0,0,0,0.0,6,2,2,9,42.86,4,57.14,13,46.43,303,0.0,0,0,0,0,1,0,0,0,4,2,0,0,0,1,25.0,6,0,0,3,28,2,8,3,146,3,7,0,0,2,0,2,0,0,,,,0,0,0,0,0,6,0,0,0,0,0,0,4,0.0,0.0,1,3,7,15,3,0,0,0,4,6,3,75.0,0.0,0,0,0,26,77,0,0.33,0,15,,5
142852,Philipp Ziereis,philipp-ziereis,2058,LASK,6.9,27.6,4,0,0,1,0,0.08,0,234,39,273,85.71,167,67,13,0,1,100.0,9,3,0,0,0,0,0.0,4,0,3,11,55.0,8,57.14,19,55.88,360,0.0,0,0,0,0,0,0,0,0,3,1,0,0,0,5,19.23,27,0,0,0,41,0,19,6,341,2,4,0,0,5,0,1,0,0,,,,1,0,0,0,0,4,2,0,0,0,0,0,4,0.0,0.0,0,1,0,15,6,0,0,0,26,6,4,44.44,0.0,0,0,0,177,96,0,0.26,1,28,,4
1026535,Nikita Demchenko,nikita-demchenko,3361,Dinamo Minsk,6.9,41.4,6,0,0,0,0,0.18,0,144,30,174,82.76,67,77,41,7,3,37.5,10,6,1,0,0,0,0.0,6,2,3,24,52.17,11,47.83,35,50.72,489,0.0,0,0,0,0,0,0,0,0,3,3,0,0,0,14,66.67,9,0,1,5,50,3,11,7,256,11,9,0,0,4,0,1,0,0,,,,1,0,0,0,0,11,0,0,0,0,0,0,6,0.0,0.0,7,8,4,34,12,0,0,0,21,11,7,70.0,0.0,0,0,0,72,106,0,0.2,0,24,,6
1089218,Lukáš Mašek,masek-lukas,2224,Mladá Boleslav,6.9,13.8,2,0,0,0,0,0.04,0,20,8,28,71.43,5,15,10,2,0,0.0,0,0,0,0,0,0,0.0,3,1,1,3,21.43,6,54.55,9,36.0,172,0.0,0,0,1,0,0,0,0,0,3,0,0,0,0,0,0.0,1,0,0,5,16,1,0,0,46,3,4,0,0,0,0,1,0,0,,,,0,0,0,0,0,3,0,0,0,0,0,0,2,0.0,0.0,2,2,0,16,5,0,0,0,0,3,0,0.0,0.0,0,0,0,6,22,0,0.11,0,4,,2
814673,Jorge Fernandes,jorge-fernandes,3009,Vitória SC,6.9,13.8,2,0,0,0,0,0.03,0,106,14,120,88.33,61,45,20,0,0,0.0,2,3,0,0,0,0,0.0,1,0,0,3,75.0,4,100.0,7,87.5,180,0.0,0,0,0,0,0,0,0,0,1,0,0,0,0,2,33.33,7,0,0,0,15,0,5,1,138,1,0,0,0,1,0,1,0,0,,,,0,0,0,0,0,2,0,0,0,0,0,0,2,0.0,0.0,0,0,0,1,0,0,0,0,6,2,1,50.0,0.0,0,0,0,66,54,0,0.09,0,7,,2
1005913,Daniel Williams,williams-daniel,4921,The New Saints,6.9,41.4,6,0,0,0,0,0.1,0,178,37,215,82.79,113,65,33,4,2,66.67,17,7,1,0,0,0,0.0,3,2,1,20,48.78,1,16.67,21,44.68,506,0.0,0,0,0,0,0,0,0,0,0,3,0,0,0,19,59.38,21,0,0,3,44,0,21,11,293,1,8,0,0,9,0,0,0,0,,,,1,0,0,0,0,10,0,0,0,0,0,0,6,0.0,0.0,4,3,1,26,5,0,0,0,32,10,11,64.71,0.0,0,0,0,126,90,0,0.08,0,20,,6
1016788,Cesare Casadei,cesare-casadei,38,Chelsea,6.9,34.5,5,0,0,0,0,0.27,0,260,24,284,91.55,127,133,50,3,1,25.0,4,8,0,0,1,0,0.0,3,2,1,7,33.33,5,83.33,12,44.44,334,0.0,0,0,0,0,0,0,0,0,1,2,0,0,0,5,71.43,1,0,0,4,33,2,8,4,320,2,6,0,0,1,0,0,0,0,,,,0,0,0,0,0,3,0,0,0,0,0,0,3,0.0,0.0,3,4,0,15,1,0,0,0,7,3,4,100.0,0.0,1,0,0,134,150,0,0.07,0,16,,5
1403042,Ato Ampah,ato-ampah,38,Chelsea,6.9,6.9,1,0,0,0,0,0.03,0,12,4,16,75.0,3,9,5,1,1,33.33,2,0,0,0,0,0,0.0,1,1,0,4,66.67,0,0.0,4,66.67,45,0.0,0,0,0,0,0,0,0,0,0,1,0,0,0,0,0.0,0,0,0,0,10,1,1,1,27,1,0,0,0,0,0,0,0,0,,,,0,0,0,0,0,0,0,0,0,0,0,0,0,0.0,0.0,1,3,2,2,0,0,0,0,0,0,1,50.0,0.0,0,0,0,3,15,0,0.02,0,2,,1
1417710,Edmilson,edmilson,2413,NK Celje,6.89,75.8,11,2,1,0,0,0.24,2,32,11,43,74.42,9,23,14,4,2,100.0,4,1,1,0,0,0,0.0,7,4,2,8,47.06,11,55.0,19,51.35,204,28.57,0,0,0,0,0,0,2,0,7,0,0,0,2,2,66.67,2,0,0,1,22,2,1,1,81,2,5,0,0,3,2,1,0,0,,,,0,0,0,0,0,4,1,0,0,0,0,0,1,0.0,0.0,4,2,0,18,9,0,0,0,3,5,2,50.0,102.0,0,0,0,9,34,1,1.3,0,5,,12
1001902,Mark Zabukovnik,mark-zabukovnik,2413,NK Celje,6.89,75.8,11,0,3,1,2,1.89,2,399,76,475,84.0,148,252,122,8,4,57.14,13,16,2,0,0,1,33.33,7,3,1,27,48.21,8,53.33,35,49.3,1004,0.0,1,0,0,0,0,0,0,0,6,1,0,0,0,16,59.26,20,0,0,5,95,2,18,9,597,10,8,0,0,13,1,3,0,0,,,,1,0,0,0,0,20,1,0,0,0,0,0,11,0.0,0.0,8,7,3,36,7,0,0,1,27,21,6,46.15,0.0,0,0,0,177,301,0,1.13,0,38,,11
807119,Álex Blanco,alex-blanco,2416,NK Olimpija Ljubljana,6.89,48.2,7,3,1,3,0,0.75,3,64,15,79,81.01,29,35,25,2,5,41.67,1,1,1,0,0,0,0.0,13,8,2,14,46.67,1,20.0,15,42.86,419,23.08,1,0,0,0,0,0,2,1,10,3,1,2,0,1,33.33,3,0,0,4,48,3,3,0,155,8,3,1,0,4,0,3,0,0,,,,1,0,0,0,0,3,0,0,0,0,0,0,5,0.0,0.0,2,12,7,20,4,0,0,1,3,3,1,100.0,139.67,0,0,0,31,55,0,3.79,0,19,,7
155711,Jonathan Silva,jonathan-silva,171626,Pafos FC,6.89,48.2,7,1,1,0,1,1.08,2,238,48,286,83.22,124,119,60,7,2,25.0,7,4,3,0,0,5,22.73,7,4,1,17,42.5,9,75.0,26,50.0,572,14.29,0,0,0,1,1,0,1,0,3,4,0,1,0,19,44.19,18,0,1,3,90,1,15,6,455,9,9,0,0,5,1,2,0,0,,,,0,0,0,0,0,6,1,0,0,0,0,0,7,0.0,0.0,7,8,22,26,3,0,0,0,43,7,5,71.43,572.0,0,0,0,141,167,0,0.37,0,24,,7
1146018,Paul Wanner,paul-wanner,5885,1. FC Heidenheim,6.89,48.2,7,1,0,3,0,0.39,1,158,32,190,83.16,55,107,61,5,10,66.67,9,5,2,0,0,4,28.57,16,8,4,28,47.46,1,20.0,29,45.31,463,6.25,1,0,0,0,0,0,1,0,10,6,0,1,0,5,41.67,4,1,0,16,70,4,16,6,300,9,6,1,0,4,0,4,0,0,,,,0,0,0,0,0,8,0,0,0,0,0,0,5,0.0,0.0,5,15,14,35,4,0,0,1,12,8,4,44.44,463.0,0,0,0,62,142,0,2.15,0,27,,7
50539,Adrián,adrian,2816,Real Betis,6.89,48.2,7,0,0,0,0,0.0,0,155,37,192,80.73,147,8,1,0,0,0.0,0,0,0,0,0,0,0.0,0,0,0,1,100.0,1,50.0,2,66.67,630,0.0,0,0,0,0,0,0,0,0,0,0,0,0,0,24,40.0,4,0,0,0,41,0,15,10,244,1,0,0,0,0,0,0,0,16,,,,2,1,0,12,4,8,1,0,3,3,6,0,7,0.0,0.0,0,0,0,1,1,0,0,0,60,9,0,0.0,0.0,0,0,1,161,31,0,,33,49,,7
858261,Viktor Örlygur Andrason,viktor-orlygur-andrason,1908,Víkingur Reykjavík,6.89,48.2,7,0,2,0,0,0.64,0,173,61,234,73.93,103,74,37,7,3,60.0,7,7,0,0,0,4,33.33,5,1,3,15,51.72,8,72.73,23,57.5,457,0.0,0,0,0,0,0,0,0,0,1,4,0,0,0,20,42.55,11,0,1,3,82,2,22,16,320,5,6,0,0,4,0,1,0,0,,,,2,0,0,0,0,8,0,0,0,0,0,0,5,0.0,0.0,7,5,12,17,3,0,0,0,47,8,4,57.14,0.0,0,0,0,123,123,0,0.14,0,27,,7
1090010,Marin Ljubičić,marin-ljubicic,2058,LASK,6.88,41.3,6,1,1,2,1,0.45,2,67,28,95,70.53,35,32,20,5,3,42.86,1,0,0,0,0,0,0.0,8,3,3,19,59.38,5,62.5,24,60.0,396,12.5,0,0,0,0,0,0,1,0,7,1,0,0,1,1,33.33,2,0,0,3,47,1,7,3,157,15,7,0,0,0,6,2,0,0,,,,0,0,0,0,0,8,1,0,0,0,0,0,4,0.0,0.0,5,7,4,16,3,0,0,0,3,9,1,100.0,396.0,0,0,0,37,62,0,0.95,0,11,,6
121613,Robert Žulj,robert-zulj,2058,LASK,6.88,41.3,6,0,1,1,0,1.3,0,148,48,196,75.51,63,91,48,11,2,28.57,3,0,0,0,0,6,27.27,12,4,5,11,40.74,8,42.11,19,41.3,502,0.0,0,0,0,0,2,0,0,0,8,4,0,0,0,4,40.0,6,0,0,6,84,2,13,4,278,6,4,0,0,1,1,3,1,0,,,,1,0,0,0,0,12,1,0,0,0,0,0,6,0.0,0.0,10,7,22,27,11,0,0,0,10,13,2,66.67,0.0,0,0,0,74,144,0,1.0,0,18,,6
1137431,Michael Kayode,michael-kayode,2693,Fiorentina,6.88,34.4,5,0,0,0,1,0.36,1,165,14,179,92.18,71,100,46,5,6,66.67,5,4,0,0,0,6,50.0,3,1,2,15,60.0,5,71.43,20,62.5,356,0.0,0,0,0,0,0,0,0,0,1,2,0,0,0,7,58.33,7,0,1,1,35,1,2,1,265,4,3,0,0,3,2,0,0,0,,,,1,0,0,0,0,6,0,0,0,0,0,0,4,0.0,0.0,5,9,12,12,2,0,0,0,12,6,2,40.0,0.0,0,0,0,77,114,0,0.13,0,11,,5
280447,Olivier Kemen,olivier-kemen,3086,Başakşehir FK,6.88,34.4,5,0,0,4,0,0.76,0,135,37,172,78.49,49,89,49,8,10,52.63,5,5,0,0,0,3,27.27,7,2,3,21,52.5,6,42.86,27,50.0,405,0.0,0,0,0,0,0,0,0,0,6,1,0,0,0,8,53.33,4,0,0,2,67,5,16,9,267,7,6,0,0,2,1,2,0,0,,,,0,0,0,0,0,7,0,0,0,0,0,0,4,0.0,0.0,8,19,11,27,8,0,0,0,15,7,2,40.0,0.0,0,0,0,53,130,0,1.04,0,27,,5
374386,Frankie Kent,frankie-kent,2353,Heart of Midlothian,6.88,34.4,5,0,0,2,0,0.28,0,174,41,215,80.93,126,48,10,1,0,0.0,4,8,1,0,0,0,0.0,3,0,2,9,52.94,24,66.67,33,62.26,395,0.0,0,0,0,0,0,0,0,0,3,0,0,0,0,13,36.11,18,0,0,1,45,0,20,6,270,5,4,0,0,4,0,1,0,0,,,,1,0,0,0,0,5,0,0,0,0,0,0,5,0.0,0.0,1,0,0,20,12,0,0,0,36,5,3,75.0,0.0,0,0,0,139,76,0,0.52,0,11,,5
900983,Pavel Sedko,pavel-sedko,3361,Dinamo Minsk,6.88,34.4,5,0,1,1,0,0.21,0,58,15,73,79.45,23,36,23,4,6,85.71,8,1,1,0,0,1,4.17,6,2,3,18,64.29,1,100.0,19,65.52,248,0.0,0,0,0,0,1,0,0,0,4,2,0,0,0,3,60.0,0,0,0,6,50,1,9,5,137,4,3,0,0,0,0,1,0,0,,,,0,0,0,0,0,5,1,0,0,0,0,0,3,0.0,0.0,4,7,24,10,0,0,0,0,5,6,5,62.5,0.0,0,0,0,27,70,0,0.45,0,15,,5
974582,Hrvoje Smolčić,hrvoje-smolcic,2058,LASK,6.88,34.4,5,0,0,0,0,0.36,0,273,40,313,87.22,203,70,20,0,1,100.0,2,4,0,0,0,0,0.0,2,0,2,4,66.67,13,52.0,17,54.84,368,0.0,0,0,0,0,0,0,0,0,2,0,0,0,0,11,39.29,33,0,0,0,46,2,13,6,389,2,1,0,0,1,0,0,0,0,,,,0,0,0,0,0,10,1,0,0,0,0,0,4,0.0,0.0,0,1,4,14,12,0,0,0,28,11,2,100.0,0.0,0,0,0,218,99,0,0.15,1,19,,5
1133715,Mathias Løvik,lovik-mathias-fjortoft,661,Molde FK,6.88,34.4,5,0,2,1,0,0.21,0,118,30,148,79.73,53,67,41,4,9,50.0,3,1,0,0,0,2,11.76,3,1,2,17,47.22,10,71.43,27,54.0,351,0.0,0,0,0,0,0,0,0,0,3,0,0,0,0,9,56.25,10,0,0,2,66,5,15,12,257,5,6,0,0,2,0,0,0,0,,,,1,0,0,0,0,6,1,0,0,0,0,0,4,0.0,0.0,4,18,17,23,4,0,0,0,16,7,2,66.67,0.0,0,0,0,56,109,0,0.1,0,25,,5
1113368,Rodrigo Huescas,rodrigo-huescas,1284,FC København,6.88,55.0,8,1,0,2,0,1.04,1,212,34,246,86.18,114,103,43,3,4,66.67,10,7,2,0,0,5,41.67,7,3,2,22,53.66,4,44.44,26,52.0,434,14.29,0,0,0,0,0,0,1,0,7,0,0,0,1,8,61.54,10,0,2,2,51,2,21,12,355,8,4,2,0,12,0,2,0,0,,,,0,0,0,0,0,5,1,0,0,0,0,0,5,0.0,0.0,3,6,12,24,5,0,0,0,13,6,7,70.0,434.0,0,0,0,127,131,0,1.03,0,22,,8
994556,Carney Chukwuemeka,carney-chukwuemeka,38,Chelsea,6.88,27.5,4,0,0,2,0,0.33,0,68,9,77,88.31,17,52,34,3,5,45.45,5,0,0,0,0,1,100.0,5,4,1,12,60.0,1,50.0,13,59.09,117,0.0,0,0,0,0,0,0,0,0,4,1,0,0,0,0,0.0,3,0,0,2,23,1,3,1,116,2,0,0,0,0,0,0,0,0,,,,0,0,0,0,0,1,0,0,0,0,0,0,1,0.0,0.0,3,11,1,9,1,0,0,0,0,1,3,60.0,0.0,0,0,0,17,61,0,0.74,0,2,,4
933882,Jurgen Çelhaka,jurgen-celhaka,2416,NK Olimpija Ljubljana,6.88,55.0,8,0,0,0,0,0.05,0,119,20,139,85.61,66,53,23,4,2,50.0,16,10,0,0,0,0,0.0,6,0,4,19,52.78,6,66.67,25,55.56,393,0.0,0,0,0,1,0,0,0,0,2,4,0,0,0,4,80.0,16,0,0,4,31,1,5,5,220,1,7,0,0,4,0,2,0,0,,,,0,0,0,0,0,2,2,0,0,0,0,0,4,0.0,0.0,4,4,2,20,3,0,0,0,5,4,12,75.0,0.0,0,0,0,68,73,0,0.47,0,25,,8
984062,Loizos Loizou,loizos-loizou,3395,Omonia Nicosia,6.88,55.0,8,0,0,0,0,0.7,0,92,32,124,74.19,30,65,35,3,13,52.0,9,7,0,0,0,3,15.79,8,1,3,36,55.38,2,33.33,38,53.52,436,0.0,0,0,1,0,0,0,0,0,4,4,0,0,0,6,42.86,4,0,1,6,87,3,12,3,251,14,4,0,0,8,1,4,0,0,,,,0,0,0,0,0,5,0,0,0,0,0,0,5,0.0,0.0,3,25,19,33,4,0,0,0,14,5,5,55.56,0.0,0,0,0,37,106,1,0.36,0,21,,8
1083413,William Clem,william-clem,1284,FC København,6.88,55.0,8,0,0,0,0,1.07,0,266,25,291,91.41,134,135,52,4,1,25.0,13,5,0,0,0,3,75.0,5,1,2,15,48.39,1,20.0,16,44.44,520,0.0,0,0,0,0,0,0,0,0,2,3,0,0,0,6,50.0,2,0,0,2,33,6,15,13,353,1,4,0,0,7,0,2,0,0,,,,0,0,0,0,0,6,2,0,0,0,0,0,7,0.0,0.0,4,4,4,20,4,0,0,0,12,8,11,84.62,0.0,0,0,0,146,149,0,0.12,0,26,,8
949819,Juergen Elitim,juergen-elitim,3106,Legia Warszawa,6.88,27.5,4,0,0,0,0,0.08,0,78,12,90,86.67,39,39,21,1,0,0.0,3,4,0,0,0,0,0.0,2,1,0,6,60.0,0,0.0,6,46.15,252,0.0,0,0,0,0,0,0,0,0,1,1,0,0,0,4,66.67,1,0,0,1,19,1,6,4,120,3,2,0,0,1,0,1,0,0,,,,0,0,0,0,0,4,0,0,0,0,0,0,3,0.0,0.0,1,0,1,7,3,0,0,0,6,4,3,100.0,0.0,0,0,0,45,46,0,0.12,0,14,,4
836279,Mikel Villanueva,mikel-villanueva,3009,Vitória SC,6.88,27.5,4,0,0,0,0,0.35,0,255,28,283,90.11,193,62,15,2,1,100.0,5,1,0,0,0,0,0.0,1,0,1,8,61.54,11,68.75,19,65.52,360,0.0,0,0,0,0,0,0,0,0,0,1,0,0,0,16,59.26,17,0,0,0,30,0,20,12,325,2,4,0,0,3,0,0,0,0,,,,0,0,0,0,0,7,1,0,0,0,0,0,4,0.0,0.0,2,1,0,10,5,0,0,0,27,8,3,60.0,0.0,0,0,0,203,80,0,0.1,2,11,,4
827519,Romain Perraud,romain-perraud,2816,Real Betis,6.88,55.0,8,0,1,0,0,0.43,0,232,53,285,81.4,92,145,59,7,1,20.0,11,5,3,0,0,5,31.25,3,0,2,31,52.54,6,66.67,37,54.41,577,0.0,0,0,0,0,0,0,0,0,0,3,0,0,0,5,20.0,24,0,0,3,82,1,13,5,440,19,9,0,0,12,0,1,0,0,,,,1,0,0,0,0,8,2,0,0,0,0,0,5,0.0,0.0,7,5,16,31,3,0,0,0,25,10,8,72.73,0.0,0,0,0,111,190,0,0.06,0,22,,8
988801,Abu Francis,abu-francis,2929,Cercle Brugge,6.87,48.1,7,0,1,0,0,0.34,0,189,66,255,74.12,60,130,64,2,2,33.33,28,7,1,0,1,1,100.0,5,1,3,33,58.93,11,52.38,44,57.14,558,0.0,0,0,0,0,0,0,0,0,1,4,0,0,0,6,31.58,8,0,0,2,82,4,21,9,342,3,14,0,0,3,0,1,0,0,,,,1,0,0,0,0,6,1,0,0,0,0,0,7,0.0,0.0,2,6,1,33,10,0,0,0,19,7,15,53.57,0.0,1,0,0,70,186,0,0.12,0,33,,7
790787,Jorge Silva,jorge-silva,2416,NK Olimpija Ljubljana,6.87,48.1,7,0,0,0,0,0.52,0,157,47,204,76.96,73,95,46,9,2,18.18,9,8,2,0,0,11,22.92,3,1,2,19,34.55,9,42.86,28,36.84,625,0.0,0,0,0,0,1,0,0,0,1,2,0,0,0,9,29.03,31,0,0,6,126,1,16,3,421,8,16,0,0,5,0,0,0,0,,,,2,0,0,0,0,5,2,0,0,0,0,0,7,0.0,0.0,9,11,48,48,12,0,0,0,31,7,5,55.56,0.0,0,0,0,92,160,0,0.1,0,21,,7
137700,Đorđe Despotović,ore-despotovic,5235,FK Borac Banja Luka,6.87,68.7,10,2,0,4,0,0.57,2,182,87,269,67.66,65,118,64,12,2,40.0,4,1,2,0,0,1,50.0,16,6,7,11,29.73,46,54.12,57,46.72,877,12.5,1,0,0,0,2,0,2,0,14,2,2,0,0,7,77.78,6,0,0,13,133,2,13,8,380,5,9,0,0,2,3,3,0,0,,,,3,0,0,0,0,8,1,0,0,0,0,0,10,0.0,0.0,12,5,2,65,39,0,0,1,9,9,2,50.0,438.5,0,0,0,81,190,0,1.97,0,9,,10
800106,Bruno,bruno,171626,Pafos FC,6.87,68.7,10,1,1,0,1,1.8,2,281,68,349,80.52,136,157,80,10,8,61.54,27,4,1,0,0,12,25.53,6,2,3,40,47.62,6,40.0,46,46.46,801,16.67,0,0,0,0,0,0,1,0,4,2,0,0,1,15,55.56,13,0,1,6,148,2,22,13,578,5,18,0,0,18,2,1,0,0,,,,2,0,0,0,0,10,0,0,0,0,0,0,10,0.0,0.0,10,13,47,53,9,0,0,0,27,10,16,59.26,801.0,0,0,0,151,245,0,0.41,0,45,,10
960437,Noah Fadiga,noah-fadiga,2903,KAA Gent,6.87,20.6,3,1,0,1,0,0.04,1,24,9,33,72.73,6,19,12,0,4,66.67,0,0,0,0,0,1,16.67,2,2,0,6,54.55,0,0.0,6,46.15,144,50.0,0,0,0,0,0,0,1,0,2,0,0,0,1,1,100.0,0,0,0,2,21,3,1,1,62,2,2,0,0,0,1,0,0,0,,,,0,0,0,0,0,3,0,0,0,0,0,0,2,0.0,0.0,0,6,6,7,2,0,0,0,1,3,0,0.0,144.0,0,0,0,9,30,0,0.73,0,5,,3
997341,Moustapha Name,moustapha-name,171626,Pafos FC,6.87,20.6,3,1,0,0,0,0.01,1,26,3,29,89.66,17,9,6,0,0,0.0,0,1,2,0,0,0,0.0,2,2,0,0,0.0,1,100.0,1,25.0,39,50.0,0,0,0,0,0,0,1,0,1,1,0,0,1,3,60.0,0,0,0,0,3,1,1,0,34,0,2,0,0,1,0,0,0,0,,,,0,0,0,0,0,0,0,0,0,0,0,0,0,0.0,0.0,0,0,0,3,0,0,0,0,5,0,0,0.0,39.0,0,0,0,17,12,0,0.48,0,2,,4
66047,Ion Jardan,ion-jardan,167232,FC Petrocub Hîncesti,6.87,41.2,6,0,0,0,0,0.31,0,196,74,270,72.59,122,77,44,4,5,71.43,10,6,3,0,0,3,18.75,1,0,1,21,52.5,18,60.0,39,55.71,531,0.0,0,0,0,0,0,0,0,0,1,0,0,0,0,7,36.84,13,0,0,3,110,0,17,12,407,6,11,0,0,3,2,0,0,0,,,,0,0,0,0,0,11,2,0,0,0,0,0,6,0.0,0.0,4,7,16,31,12,0,0,0,19,13,7,70.0,0.0,0,0,0,150,136,0,0.07,0,32,,6
1002804,Thibo Somers,thibo-somers,2929,Cercle Brugge,6.86,54.9,8,0,1,2,1,0.68,1,102,49,151,67.55,22,80,43,4,3,30.0,13,6,0,0,0,0,0.0,13,4,5,20,41.67,23,48.94,43,45.26,578,0.0,0,0,0,0,0,0,0,0,12,1,0,0,0,4,44.44,17,0,0,9,101,3,7,4,301,5,6,0,0,7,1,4,0,0,,,,3,0,0,0,0,6,1,0,0,0,0,0,6,0.0,0.0,4,10,5,52,24,0,0,0,9,7,9,69.23,0.0,0,0,0,32,124,0,1.34,0,15,,8
920022,Omar Haktab Traore,omar-haktab-traore,5885,1. FC Heidenheim,6.86,54.9,8,0,0,0,1,0.64,1,172,42,214,80.37,80,97,47,7,1,16.67,10,6,1,0,0,5,25.0,7,4,0,13,43.33,3,33.33,16,41.03,405,0.0,0,0,0,0,0,0,0,0,2,5,0,0,0,9,47.37,12,0,0,5,79,2,6,4,357,3,5,0,0,2,1,3,0,0,,,,0,0,0,0,0,2,1,0,0,0,0,0,3,0.0,0.0,7,6,20,23,6,0,0,0,19,3,8,80.0,0.0,0,0,0,98,136,0,0.14,0,21,,8
54429,Artur Jędrzejczyk,artur-jedrzejczyk,3106,Legia Warszawa,6.86,34.3,5,0,0,0,0,0.06,0,64,18,82,78.05,43,23,13,2,0,0.0,1,3,0,0,1,2,100.0,0,0,0,1,20.0,11,91.67,12,70.59,171,0.0,0,0,0,0,0,0,0,0,0,0,0,0,0,3,30.0,14,0,1,0,23,0,4,1,115,0,4,0,0,0,0,0,0,0,,,,0,0,0,0,0,1,0,0,0,0,0,0,1,0.0,0.0,2,0,2,5,1,0,0,0,10,1,1,100.0,0.0,1,0,0,48,36,0,,0,5,,5
1387004,Sondre Milian Granaas,sondre-milian-granaas,661,Molde FK,6.86,34.3,5,0,0,0,0,0.19,0,67,18,85,78.82,15,53,28,1,5,83.33,6,1,0,0,0,1,33.33,4,2,0,13,59.09,2,66.67,15,60.0,139,0.0,0,0,0,0,0,0,0,0,3,1,0,0,0,1,50.0,0,0,0,2,30,2,7,2,125,2,3,0,0,3,1,2,0,0,,,,0,0,0,0,0,2,0,0,0,0,0,0,1,0.0,0.0,1,6,3,10,1,0,0,0,2,2,3,50.0,0.0,0,0,0,19,69,0,0.17,0,12,,5
1496360,Matias Moreno,matias-moreno,2693,Fiorentina,6.86,48.0,7,0,0,1,0,0.18,0,293,32,325,90.15,147,146,43,2,1,33.33,9,12,3,0,0,0,0.0,2,1,0,15,51.72,9,64.29,24,55.81,401,0.0,0,0,0,0,0,0,0,0,1,1,0,0,0,26,65.0,14,0,0,1,43,0,16,10,395,5,6,0,0,5,1,1,0,0,,,,1,0,0,0,0,7,1,0,0,0,0,0,5,0.0,0.0,2,3,1,19,5,0,0,0,40,8,7,77.78,0.0,0,0,0,159,167,0,0.17,0,25,,8
990395,Ari Sigurpálsson,ari-sigurpalsson,1908,Víkingur Reykjavík,6.85,54.8,8,3,1,3,0,0.38,3,102,46,148,68.92,31,71,44,2,12,63.16,6,4,1,0,0,0,0.0,9,7,2,21,55.26,3,42.86,24,53.33,535,33.33,1,1,0,0,0,0,3,0,8,1,0,0,3,1,20.0,6,0,1,3,83,2,9,1,248,3,4,0,0,5,1,0,0,0,,,,0,0,0,0,0,6,0,0,0,0,0,0,6,100.0,0.0,2,19,8,21,4,0,0,0,5,6,4,66.67,178.33,0,0,0,39,117,0,2.07,0,28,,8
785808,Samu,samu,3009,Vitória SC,6.85,41.1,6,2,0,0,0,0.2,2,71,14,85,83.53,26,45,23,3,0,0.0,2,2,1,0,0,0,0.0,2,2,0,4,25.0,2,40.0,6,28.57,180,100.0,0,0,0,0,0,0,1,1,1,1,0,2,0,1,50.0,2,0,0,5,27,0,2,0,120,2,5,0,0,1,1,0,1,0,,,,0,0,0,0,0,3,1,0,0,0,0,0,1,0.0,0.0,2,1,2,15,3,0,0,0,2,4,2,100.0,90.0,0,0,0,27,60,0,0.59,0,3,,6
1121058,Liam Möller,liam-moller,2242,HJK,6.85,41.1,6,1,0,1,0,0.37,1,72,29,101,71.29,24,49,29,5,3,75.0,6,4,1,0,0,1,25.0,4,1,2,15,44.12,4,28.57,19,39.58,339,25.0,0,0,0,0,0,0,1,0,2,2,0,0,1,3,42.86,4,0,0,6,51,1,9,3,161,6,9,0,0,3,1,1,0,0,,,,0,0,0,0,0,5,1,0,0,0,0,0,4,0.0,0.0,5,4,4,29,10,0,0,0,7,6,5,83.33,339.0,0,0,0,33,72,0,1.45,0,11,,6
888057,Ed McGinty,ed-mcginty,3177,Shamrock Rovers,6.85,13.7,2,0,0,0,0,0.0,0,32,10,42,76.19,27,5,1,0,0,0.0,0,0,0,0,0,0,0.0,0,0,0,0,0.0,1,100.0,1,100.0,210,0.0,0,0,0,0,0,0,0,0,0,0,0,0,0,8,44.44,3,1,0,0,11,0,4,1,68,0,0,0,0,0,0,0,0,4,,,,1,0,0,4,0,0,1,0,7,7,2,0,2,0.0,0.0,0,0,0,0,0,0,0,0,18,1,0,0.0,0.0,0,0,0,30,12,0,,10,24,,2
891613,Eraldo Cinari,eraldo-cinari,262228,FC Noah,6.85,41.1,6,0,3,2,0,1.14,0,114,36,150,76.0,41,76,49,7,3,42.86,3,3,2,0,0,3,23.08,14,6,5,10,34.48,5,41.67,15,36.59,388,0.0,0,0,0,0,1,0,0,0,5,9,0,0,0,5,62.5,1,0,0,6,66,4,18,6,226,4,5,0,0,5,4,3,0,0,,,,0,0,0,0,0,14,1,0,0,0,0,0,4,0.0,0.0,7,7,13,26,7,0,0,0,8,15,2,66.67,0.0,0,0,0,47,116,0,0.84,0,25,,6
927556,Alex Matthias Tamm,alex-matthias-tamm,2416,NK Olimpija Ljubljana,6.85,13.7,2,0,1,1,0,0.43,0,15,13,28,53.57,6,11,5,3,2,50.0,2,0,0,0,0,2,66.67,4,2,1,7,30.43,4,40.0,11,33.33,179,0.0,0,0,1,0,0,0,0,0,3,1,0,0,0,1,50.0,3,0,0,7,30,0,0,0,69,3,8,0,0,0,0,1,0,0,,,,1,0,0,0,0,1,0,0,0,0,0,0,2,0.0,0.0,3,4,3,22,6,0,0,0,2,1,1,50.0,0.0,0,0,0,9,22,0,0.55,0,4,,2
1100399,Ozan Kökçü,ozan-kokcu,2242,HJK,6.85,41.1,6,0,0,0,0,0.58,0,138,20,158,87.34,71,72,39,6,1,25.0,7,3,0,0,0,5,29.41,6,2,3,13,50.0,5,50.0,18,50.0,461,0.0,0,0,0,0,1,0,0,0,2,4,0,0,0,5,50.0,7,0,1,3,50,2,12,7,235,6,3,1,0,4,0,1,0,0,,,,1,0,0,0,0,6,2,0,0,0,0,0,6,0.0,0.0,6,4,17,18,5,0,0,0,10,8,6,85.71,0.0,0,0,0,78,97,0,0.37,0,16,,6
168861,Marnon Busch,marnon-busch,5885,1. FC Heidenheim,6.85,41.1,6,0,1,0,0,0.68,0,106,58,164,64.63,73,37,17,5,1,100.0,11,8,0,0,0,4,25.0,4,0,2,14,60.87,2,33.33,16,55.17,378,0.0,0,0,0,0,1,0,0,0,0,4,0,0,0,9,33.33,17,0,0,2,84,1,12,3,292,2,4,1,0,3,0,2,0,0,,,,1,0,0,0,0,7,0,0,0,0,0,0,5,0.0,0.0,5,1,16,13,4,0,0,0,27,7,7,63.64,0.0,0,0,0,99,81,0,0.1,0,22,,6
151118,Stephen Kingsley,stephen-kingsley,2353,Heart of Midlothian,6.85,13.7,2,0,0,0,0,0.02,0,80,19,99,80.81,48,32,11,1,0,0.0,1,2,0,0,0,0,0.0,1,0,0,3,60.0,9,75.0,12,70.59,174,0.0,0,0,0,0,1,0,0,0,0,1,0,0,0,3,30.0,3,0,0,0,20,0,9,4,129,2,2,0,0,0,0,1,0,0,,,,0,0,0,0,0,2,0,0,0,0,0,0,2,0.0,0.0,1,0,1,5,3,0,0,0,10,2,0,0.0,0.0,0,0,0,54,46,0,0.05,0,4,,2
190417,Ivica Ivušić,ivica-ivusic,171626,Pafos FC,6.84,61.6,9,0,0,0,0,0.01,0,152,72,224,67.86,137,15,5,0,0,0.0,0,0,0,0,0,0,0.0,0,0,0,0,0.0,1,100.0,1,100.0,810,0.0,0,0,0,0,0,0,0,0,0,0,0,0,0,44,39.29,11,0,0,0,74,0,22,12,292,0,0,0,0,0,0,0,0,15,,,,3,3,1,9,6,9,1,2,3,3,4,0,9,0.0,0.0,0,0,0,0,0,0,0,0,112,10,0,0.0,0.0,0,0,4,167,57,0,,36,67,,9
1092662,Franck Surdez,franck-surdez,2903,KAA Gent,6.84,47.9,7,1,0,0,0,0.53,1,107,24,131,81.68,33,78,54,4,4,44.44,7,0,0,0,0,4,33.33,5,1,3,17,38.64,3,37.5,20,38.46,437,20.0,0,0,0,0,0,0,1,0,4,1,0,0,1,3,60.0,2,0,0,5,57,7,5,2,208,6,10,1,0,7,4,1,0,0,,,,1,0,0,0,0,7,0,0,0,0,0,0,6,0.0,0.0,4,9,12,32,5,0,0,0,5,7,3,42.86,437.0,0,0,0,37,106,0,1.17,0,14,,7
909953,Maxime Delanghe,maxime-delanghe,2929,Cercle Brugge,6.84,47.9,7,0,0,0,0,0.03,0,63,118,181,34.81,19,44,15,0,0,0.0,0,0,1,0,0,0,0.0,0,0,0,0,0.0,2,100.0,2,100.0,598,0.0,0,0,0,0,0,0,0,0,0,0,0,0,0,54,31.4,6,0,0,0,118,0,3,3,223,0,0,0,0,0,0,0,0,19,,,,2,3,0,16,3,8,2,2,3,3,5,0,6,0.0,0.0,0,0,0,0,0,0,0,0,172,10,0,0.0,0.0,0,0,3,30,151,0,,43,49,,7
309892,Alexander Jeremejeff,alexander-jeremejeff,3248,Panathinaikos FC,6.84,34.2,5,1,0,3,0,0.13,1,46,15,61,75.41,14,32,17,5,3,60.0,2,1,0,0,0,0,0.0,10,5,2,14,45.16,6,50.0,20,46.51,309,10.0,0,0,0,0,0,0,1,0,10,0,0,0,1,0,0.0,2,0,0,5,30,4,1,1,111,9,8,0,0,2,0,3,0,0,,,,0,0,0,0,0,6,1,0,0,0,0,0,4,0.0,0.0,5,5,1,23,6,0,0,0,0,7,1,50.0,309.0,0,0,0,21,41,0,1.91,0,9,,5
794995,Niklas Dorsch,niklas-dorsch,5885,1. FC Heidenheim,6.84,34.2,5,0,0,0,0,0.08,0,156,20,176,88.64,87,69,39,2,2,33.33,10,4,1,0,0,0,0.0,4,1,2,20,55.56,2,50.0,22,55.0,288,0.0,0,0,0,0,0,0,0,0,0,4,0,0,0,13,72.22,4,0,0,2,30,1,16,12,229,9,9,0,0,2,0,1,0,0,,,,0,0,0,0,0,5,1,0,0,0,0,0,4,0.0,0.0,2,6,1,18,2,0,0,0,18,6,6,60.0,0.0,0,0,0,96,81,0,0.24,0,21,,5
845896,Sam Todd,todd-sam,5184,Larne FC,6.84,34.2,5,0,0,1,0,0.01,0,100,20,120,83.33,82,18,4,0,4,80.0,8,1,1,0,0,0,0.0,1,0,1,13,76.47,9,75.0,22,75.86,381,0.0,0,0,0,0,0,0,0,0,1,0,0,0,0,10,43.48,30,0,0,0,24,0,13,7,185,3,1,0,0,2,0,0,0,0,,,,1,0,0,0,0,8,1,0,0,0,0,0,4,0.0,0.0,0,5,0,7,3,0,0,0,23,9,6,75.0,0.0,0,0,0,94,26,0,0.15,0,13,,5
933707,Jan Schöppner,jan-schoppner,5885,1. FC Heidenheim,6.84,54.7,8,1,0,0,0,0.15,1,113,45,158,71.52,47,66,35,3,4,50.0,14,8,3,0,0,0,0.0,6,2,3,22,45.83,16,69.57,38,53.52,306,16.67,0,0,0,0,0,0,1,0,4,2,1,0,0,8,44.44,11,0,0,5,64,1,12,6,241,5,9,1,0,8,0,1,0,0,,,,0,0,0,0,0,3,0,0,0,0,0,0,1,0.0,0.0,3,8,2,33,7,0,0,0,18,3,11,78.57,306.0,0,0,0,62,98,0,0.36,0,16,,8
930247,Alpha Diounkou,alpha-diounkou,3395,Omonia Nicosia,6.84,54.7,8,0,1,0,0,0.46,0,263,75,338,77.81,111,156,79,3,9,56.25,15,10,0,0,0,4,16.0,2,1,1,26,49.06,4,44.44,30,48.39,696,0.0,0,0,0,0,0,0,0,0,0,2,0,0,0,17,34.0,33,0,0,5,145,1,37,19,588,2,9,0,0,6,0,0,0,0,,,,1,0,0,0,0,10,0,0,0,0,0,0,8,0.0,0.0,3,16,25,32,5,0,0,0,50,10,8,53.33,0.0,0,0,0,134,229,0,0.06,0,31,,8
962029,Lucas Beltrán,lucas-beltran,2693,Fiorentina,6.84,75.2,11,1,1,1,0,0.59,1,135,32,167,80.84,35,100,58,9,6,60.0,8,1,0,0,0,0,0.0,11,5,0,24,51.06,5,33.33,29,46.77,578,9.09,0,0,1,0,0,0,1,0,7,4,1,0,0,5,55.56,2,0,0,8,60,7,9,5,255,10,7,0,0,4,0,6,0,0,,,,0,0,0,0,0,7,1,0,0,0,0,0,6,0.0,0.0,9,10,1,33,10,0,0,0,9,8,4,50.0,578.0,0,0,0,38,130,0,1.04,0,27,,12
98433,Filip Stojković,filip-stojkovic,2058,LASK,6.83,41.0,6,0,0,0,2,0.42,2,217,54,271,80.07,137,82,30,6,3,60.0,15,6,2,0,0,2,50.0,4,2,1,23,62.16,6,66.67,29,63.04,452,0.0,0,0,0,0,0,0,0,0,4,0,0,0,0,13,35.14,14,0,0,1,69,2,27,13,401,5,2,0,1,10,0,1,0,0,,,,0,0,0,0,0,10,2,0,0,0,0,0,5,0.0,0.0,6,5,4,17,3,0,0,0,37,12,7,46.67,0.0,0,0,0,156,119,0,0.22,0,26,,6
858263,Erlingur Agnarsson,erlingur-agnarsson,1908,Víkingur Reykjavík,6.83,41.0,6,0,2,1,2,0.27,2,67,30,97,69.07,20,48,27,2,5,71.43,9,1,0,0,0,1,11.11,2,0,1,14,53.85,5,50.0,19,52.78,473,0.0,0,0,0,0,0,0,0,0,2,0,0,0,0,2,66.67,5,0,0,4,59,1,2,0,168,0,5,1,0,1,0,1,0,0,,,,0,0,0,0,0,4,0,0,0,0,0,0,6,0.0,0.0,2,7,9,17,5,0,0,0,3,4,6,66.67,0.0,0,0,0,27,79,0,0.16,0,10,,6
1408999,Sergey Muradyan,sergey-muradyan,262228,FC Noah,6.83,41.0,6,0,0,0,0,0.27,0,238,32,270,88.15,184,54,10,1,1,100.0,7,7,0,0,0,0,0.0,0,0,0,10,83.33,6,60.0,16,72.73,540,0.0,0,0,0,0,0,0,0,0,0,0,0,0,0,15,44.12,22,0,0,0,34,0,23,14,328,2,1,0,0,1,1,0,0,0,,,,2,0,0,0,0,15,1,0,0,0,0,0,6,0.0,0.0,1,1,0,6,4,0,0,0,34,16,4,57.14,0.0,0,0,0,200,70,0,,2,20,,6
891991,Mihajlo Banjac,mihajlo-banjac,263360,FK TSC Bačka Topola,6.83,41.0,6,0,5,2,0,0.57,0,153,35,188,81.38,44,115,65,8,0,0.0,9,4,2,0,0,6,50.0,13,4,5,10,22.73,7,70.0,17,31.48,391,0.0,0,0,0,0,3,0,0,0,6,7,0,0,0,9,69.23,5,0,0,10,69,4,11,6,281,1,7,0,0,11,0,4,0,0,,,,0,0,0,0,0,10,0,0,0,0,0,0,5,0.0,0.0,8,7,12,37,3,0,0,0,13,10,6,66.67,0.0,0,0,0,48,152,0,1.03,0,19,,6
195974,Boban Nikolov,boban-nikolov,5235,FK Borac Banja Luka,6.83,61.5,9,0,1,0,0,0.07,0,104,31,135,77.04,48,57,27,1,3,100.0,9,4,2,0,0,1,9.09,7,2,3,14,60.87,4,36.36,18,52.94,448,0.0,0,0,0,0,1,0,0,0,2,5,0,0,0,11,73.33,15,0,0,3,45,2,15,9,214,2,4,0,0,2,3,2,0,0,,,,0,0,0,0,0,5,0,0,0,0,0,0,5,0.0,0.0,1,3,11,16,7,0,0,0,15,5,5,55.56,0.0,0,0,0,60,86,0,0.23,0,12,,9
814334,Davidson,davidson,3086,Başakşehir FK,6.83,41.0,6,0,1,0,0,0.26,0,81,28,109,74.31,32,50,34,3,10,58.82,2,1,2,0,0,1,20.0,4,0,1,24,52.17,5,71.43,29,54.72,285,0.0,0,0,0,0,0,0,0,0,2,2,0,0,0,5,62.5,3,0,0,9,63,4,6,4,201,12,4,0,0,2,0,3,0,0,,,,0,0,0,0,0,4,0,0,0,0,0,0,3,0.0,0.0,3,17,5,24,2,0,0,0,8,4,1,50.0,0.0,0,0,0,39,75,0,0.13,0,26,,6
896421,Žan Karničnik,zan-karnicnik,2413,NK Celje,6.83,68.3,10,0,1,0,1,1.11,1,421,67,488,86.27,199,222,126,7,11,64.71,21,11,1,0,0,0,0.0,5,0,2,35,43.75,6,37.5,41,42.71,912,0.0,0,0,0,1,0,0,0,0,2,3,0,0,0,15,60.0,20,0,0,6,97,3,12,5,686,3,21,0,0,12,1,3,0,0,,,,2,0,0,0,0,17,1,0,0,0,0,0,10,0.0,0.0,7,17,2,55,10,0,0,0,25,18,12,57.14,0.0,0,0,0,223,267,0,0.21,0,63,,10
575952,Mathias Honsak,mathias-honsak,5885,1. FC Heidenheim,6.83,47.8,7,1,3,2,1,1.34,2,79,28,107,73.83,38,43,28,4,8,50.0,9,4,0,0,0,2,20.0,10,5,2,19,50.0,7,53.85,26,50.98,343,10.0,0,0,0,0,0,0,1,0,7,3,0,1,0,3,30.0,5,0,0,3,55,5,5,2,188,2,4,1,0,4,3,3,0,0,,,,0,0,0,0,0,5,0,0,0,0,0,0,2,0.0,0.0,4,16,10,25,6,0,0,0,10,5,7,77.78,343.0,0,0,0,45,72,0,2.08,0,18,,7
822439,Klemen Nemanič,klemen-nemanic,2413,NK Celje,6.83,75.1,11,1,0,0,0,0.09,1,480,65,545,88.07,329,151,50,0,3,50.0,14,11,3,0,0,0,0.0,5,1,4,22,53.66,19,48.72,41,51.25,873,20.0,0,0,0,1,0,0,1,0,3,2,1,0,0,32,49.23,40,0,0,1,75,0,36,14,663,5,11,0,0,5,1,0,0,0,,,,2,0,0,0,0,16,3,0,0,0,0,0,10,0.0,0.0,0,6,1,39,20,0,0,0,65,19,9,64.29,873.0,0,0,0,350,196,0,0.24,0,15,,11
583996,Artak Dashyan,artak-dashyan,262228,FC Noah,6.83,27.3,4,0,0,0,0,0.05,0,50,20,70,71.43,24,26,17,2,6,85.71,2,1,0,0,0,0,0.0,4,0,2,10,55.56,5,45.45,15,51.72,175,0.0,0,0,0,0,0,0,0,0,2,2,0,0,0,2,100.0,1,0,0,1,30,0,3,2,105,2,3,0,0,4,0,2,0,0,,,,0,0,0,0,0,1,0,0,0,0,0,0,2,0.0,0.0,2,7,2,14,6,0,0,0,2,1,1,50.0,0.0,0,0,0,31,41,0,0.2,0,9,,4
1090061,Matyáš Vojta,matyas-vojta,2224,Mladá Boleslav,6.82,34.1,5,1,1,2,1,0.12,2,34,27,61,55.74,11,23,13,4,1,100.0,3,1,2,0,0,0,0.0,6,4,2,6,40.0,7,31.82,13,35.14,254,16.67,0,0,0,0,0,0,1,0,5,1,0,0,1,0,0.0,1,0,0,0,35,4,2,0,90,2,9,0,0,2,4,0,0,0,,,,0,0,0,0,0,4,1,0,0,0,0,0,2,0.0,0.0,4,1,0,24,15,0,0,0,0,5,3,100.0,254.0,0,0,0,16,45,0,1.34,0,10,,5
987900,Gleb Zherdev,gleb-zherdev,3361,Dinamo Minsk,6.82,34.1,5,1,0,1,0,0.35,1,52,23,75,69.33,15,41,23,5,1,25.0,3,8,1,0,0,4,26.67,5,2,2,4,23.53,5,38.46,9,30.0,274,20.0,0,0,0,0,1,0,1,0,4,1,1,0,0,3,75.0,2,0,0,1,49,2,5,4,136,0,8,0,0,1,0,1,0,0,,,,0,0,0,0,0,6,0,0,0,0,0,0,3,0.0,0.0,5,4,15,21,8,0,0,0,4,6,3,100.0,274.0,0,0,0,21,69,0,0.97,0,15,,5
126626,Nemanja Petrović,nemanja-petrovic,263360,FK TSC Bačka Topola,6.82,34.1,5,0,1,0,1,0.73,1,197,53,250,78.8,78,119,65,3,4,40.0,5,8,1,0,0,0,0.0,4,1,1,16,50.0,6,50.0,22,50.0,450,0.0,0,0,0,0,0,0,0,0,2,2,0,0,0,9,52.94,14,0,0,3,77,2,12,8,354,7,2,0,0,5,0,2,0,0,,,,0,0,0,0,0,10,0,0,0,0,0,0,5,0.0,0.0,3,10,6,22,6,0,0,0,17,10,5,100.0,0.0,0,0,0,92,164,0,0.25,0,25,,5
909485,Marvin Pieringer,marvin-pieringer,5885,1. FC Heidenheim,6.82,34.1,5,0,0,2,0,0.07,0,32,15,47,68.09,9,23,13,2,2,66.67,3,0,0,0,0,0,0.0,2,2,0,11,64.71,11,42.31,22,51.16,185,0.0,0,0,0,0,0,0,0,0,2,0,0,0,0,0,0.0,3,0,0,1,27,3,2,1,87,7,6,0,0,1,2,0,0,0,,,,0,0,0,0,0,3,0,0,0,0,0,0,1,0.0,0.0,2,3,1,21,15,0,0,0,0,3,1,33.33,0.0,0,0,0,12,36,0,0.48,0,5,,5
889430,Ousseynou Ba,ousseynou-ba,3086,Başakşehir FK,6.82,34.1,5,0,0,2,0,0.02,0,326,22,348,93.68,265,61,3,0,1,100.0,7,12,4,0,0,0,0.0,2,1,1,12,63.16,7,63.64,19,63.33,405,0.0,0,0,0,0,0,0,0,0,2,0,0,0,0,11,57.89,34,0,0,0,24,0,9,5,426,4,8,0,0,0,0,0,0,0,,,,0,0,0,0,0,9,0,0,0,0,0,0,5,0.0,0.0,0,1,0,11,4,0,0,0,19,9,5,71.43,0.0,0,0,0,272,76,0,0.3,5,20,,5
364608,Nené,nene,7691,Jagiellonia Białystok,6.82,34.1,5,0,1,0,0,0.3,0,74,21,95,77.89,35,41,22,2,2,50.0,1,4,2,0,0,2,20.0,6,3,2,8,36.36,4,57.14,12,41.38,235,0.0,0,0,0,0,1,0,0,0,2,4,0,0,0,5,83.33,2,0,0,3,42,1,8,4,153,5,6,0,0,3,0,1,0,0,,,,0,0,0,0,0,1,1,0,0,0,0,0,2,0.0,0.0,2,4,10,17,3,0,0,0,6,2,0,0.0,0.0,0,0,0,38,67,0,0.28,0,14,,5
837745,Shaun Want,shaun-want,5184,Larne FC,6.82,34.1,5,0,0,0,0,0.04,0,75,27,102,73.53,55,20,11,0,0,0.0,11,5,1,0,0,0,0.0,1,0,1,14,60.87,6,40.0,20,52.63,450,0.0,0,0,0,0,0,0,0,0,1,0,0,0,0,8,30.77,22,0,0,3,37,0,9,3,172,3,4,0,0,2,0,0,0,0,,,,1,0,0,0,0,8,0,0,0,0,0,0,5,0.0,0.0,0,0,0,18,9,0,0,0,26,8,6,54.55,0.0,0,0,0,65,37,0,0.1,0,16,,6
1020545,Norbert Wojtuszek,norbert-wojtuszek,7691,Jagiellonia Białystok,6.82,34.1,5,0,0,0,0,0.06,0,92,18,110,83.64,59,33,14,0,4,57.14,10,2,0,0,0,0,0.0,1,1,0,18,50.0,6,54.55,24,51.06,265,0.0,0,0,0,0,0,0,0,0,1,0,0,0,0,1,20.0,7,0,0,5,39,2,8,4,202,4,5,0,0,5,0,0,0,0,,,,0,0,0,0,0,1,1,0,0,0,0,0,3,0.0,0.0,0,7,3,23,5,0,0,0,5,2,8,80.0,0.0,0,0,0,71,42,0,0.03,0,19,,5
147634,Gustav Wikheim,gustav-wikheim,1759,Djurgårdens IF,6.82,40.9,6,1,2,0,1,1.19,2,80,26,106,75.47,19,64,41,7,14,53.85,5,4,0,0,0,3,25.0,7,2,4,26,40.0,3,37.5,29,39.73,474,14.29,0,0,0,0,0,0,1,0,7,0,0,0,1,1,33.33,2,0,0,18,84,4,2,0,220,7,5,1,0,5,0,1,0,0,,,,1,0,0,0,0,4,2,0,0,0,0,0,6,0.0,0.0,7,26,12,44,5,0,0,0,3,6,2,40.0,474.0,0,0,0,23,95,0,0.47,0,16,,6
231664,Declan McManus,declan-mcmanus,4921,The New Saints,6.82,40.9,6,1,1,2,0,0.17,1,69,12,81,85.19,37,32,18,3,6,54.55,2,1,1,0,0,0,0.0,13,7,4,12,33.33,8,42.11,20,36.36,386,7.69,1,1,0,0,1,0,1,0,11,2,0,0,1,2,100.0,3,0,0,8,40,2,2,2,160,4,9,1,0,3,0,2,0,0,,,,0,0,0,0,0,6,0,0,0,0,0,0,4,100.0,0.0,3,11,3,35,11,0,0,0,2,6,2,100.0,386.0,0,0,0,40,44,0,2.0,0,12,,6
830889,Milton Valenzuela,milton-valenzuela,2443,FC Lugano,6.82,40.9,6,0,0,0,0,0.92,0,179,56,235,76.17,97,87,39,3,5,50.0,12,5,1,0,0,5,45.45,7,1,2,23,47.92,4,28.57,27,43.55,487,0.0,0,0,0,0,0,0,0,0,5,2,0,0,0,16,51.61,14,0,1,4,85,3,22,10,384,6,9,0,0,7,0,4,0,0,,,,1,0,0,0,0,7,1,0,0,0,0,0,5,0.0,0.0,3,10,11,35,10,0,0,0,31,8,8,66.67,0.0,0,0,0,121,125,0,0.37,0,16,,6
188117,Veljko Simić,veljko-simic,3395,Omonia Nicosia,6.82,40.9,6,0,0,0,0,0.23,0,135,21,156,86.54,52,85,47,4,5,55.56,8,2,1,0,0,2,18.18,5,2,3,21,48.84,4,80.0,25,52.08,424,0.0,0,0,0,0,0,0,0,0,4,1,0,0,0,7,58.33,3,0,0,7,48,0,9,8,227,8,8,0,0,5,3,0,0,0,,,,1,0,0,0,0,5,0,0,0,0,0,0,5,0.0,0.0,4,9,11,23,1,0,0,0,12,5,4,50.0,0.0,0,0,0,57,110,0,0.31,0,24,,6
1893864,Mateo Flores,mateo-flores,2816,Real Betis,6.82,40.9,6,0,0,0,0,0.24,0,150,19,169,88.76,62,89,44,5,1,25.0,5,4,0,0,0,1,50.0,4,1,2,13,50.0,3,33.33,16,45.71,297,0.0,0,0,0,0,0,0,0,0,0,4,0,0,0,5,83.33,4,0,0,4,31,1,5,4,219,7,3,0,0,3,0,1,0,0,,,,1,0,0,0,0,3,0,0,0,0,0,0,3,0.0,0.0,5,4,2,19,6,0,0,0,6,3,2,40.0,0.0,0,0,0,67,104,0,0.12,0,16,,7
1000269,Albian Hajdari,albian-hajdari,2443,FC Lugano,6.81,47.7,7,1,1,0,0,0.16,1,403,56,459,87.8,322,81,29,1,2,100.0,8,17,4,1,1,0,0.0,6,2,2,16,47.06,12,60.0,28,51.85,633,16.67,0,0,0,2,0,0,1,0,5,1,0,1,0,23,40.35,35,1,0,2,61,0,44,17,567,7,10,0,0,6,0,2,0,0,,,,2,0,0,0,0,9,1,0,0,0,0,0,7,0.0,0.0,1,2,1,26,8,0,0,0,57,10,4,50.0,633.0,0,0,0,340,120,0,0.61,17,23,,7
193640,Nikolaj Hansen,nikolaj-hansen,1908,Víkingur Reykjavík,6.81,47.7,7,1,0,1,0,0.02,1,42,40,82,51.22,17,25,12,1,1,33.33,7,1,4,0,0,0,0.0,9,4,5,12,38.71,18,66.67,30,51.72,331,11.11,0,0,0,0,0,0,1,0,9,0,0,1,0,0,0.0,3,0,0,6,56,1,3,1,137,4,9,1,0,4,0,0,0,0,,,,0,0,0,0,0,4,0,0,0,0,0,0,3,0.0,0.0,1,3,0,28,9,0,0,0,3,4,3,42.86,331.0,0,0,0,26,56,0,0.59,0,6,,7
45512,Youssef El Arabi,youssef-el-arabi,3398,APOEL Nicosia,6.81,47.7,7,0,1,2,2,1.03,2,102,43,145,70.34,30,72,36,12,2,40.0,8,0,0,0,0,0,0.0,9,2,4,13,35.14,9,30.0,22,32.84,548,0.0,0,0,0,0,0,0,0,0,8,1,0,0,0,8,80.0,6,0,0,12,76,1,13,8,223,3,7,0,0,5,12,3,0,0,,,,0,0,0,0,0,5,1,0,0,0,0,0,6,0.0,0.0,12,5,1,45,21,0,0,0,10,6,5,62.5,0.0,0,0,0,37,109,0,0.9,0,18,,7
1166952,Georgios Vagiannidis,georgios-vagiannidis,3248,Panathinaikos FC,6.81,47.7,7,0,2,2,1,1.13,1,229,31,260,88.08,91,140,75,7,7,31.82,10,2,2,0,0,2,25.0,3,1,0,25,40.98,5,41.67,30,41.1,479,0.0,0,0,0,0,0,0,0,0,3,0,0,0,0,5,71.43,19,1,1,7,70,0,2,0,413,8,10,0,0,5,1,2,0,0,,,,1,0,0,0,0,4,1,0,0,0,0,0,4,0.0,0.0,7,22,8,43,7,0,0,0,7,5,6,60.0,0.0,0,0,0,94,174,0,1.0,0,20,,7
181889,Mats Møller Dæhli,mats-moller-daehli,661,Molde FK,6.81,54.5,8,1,0,1,0,1.13,1,328,57,385,85.19,124,205,108,4,3,37.5,12,4,1,0,0,1,14.29,5,3,1,21,43.75,3,42.86,24,43.64,584,20.0,0,0,0,0,0,0,1,0,4,1,0,0,1,4,26.67,2,1,0,11,90,5,19,9,464,6,5,0,0,6,1,1,0,0,,,,0,0,0,0,0,9,1,0,0,0,0,0,7,0.0,0.0,4,8,7,31,4,0,0,0,15,10,9,75.0,584.0,0,0,0,138,254,0,0.49,0,42,,8
982523,Andri Guðjohnsen,andri-gudjohnsen,2903,KAA Gent,6.81,54.5,8,0,2,1,1,0.89,1,75,29,104,72.12,27,49,32,5,0,0.0,2,0,1,0,0,1,100.0,9,1,4,10,50.0,17,53.13,27,51.92,512,0.0,0,0,0,0,0,0,0,0,9,0,0,0,0,1,100.0,3,0,0,3,47,3,8,3,157,9,6,0,0,0,1,4,0,0,,,,0,0,0,0,0,8,1,0,0,0,0,0,6,0.0,0.0,5,2,1,25,15,0,0,0,1,9,2,100.0,0.0,0,0,0,38,67,0,1.21,0,8,,8
1132010,Veljko Ilić,veljko-ilic,263360,FK TSC Bačka Topola,6.81,54.5,8,0,1,0,0,0.04,0,222,98,320,69.38,190,32,9,1,0,0.0,0,1,2,0,0,0,0.0,0,0,0,2,66.67,1,100.0,3,75.0,720,0.0,0,0,0,0,0,0,0,0,0,0,0,0,0,67,41.1,7,0,1,0,101,0,45,26,400,2,0,0,0,1,0,0,0,26,,,,0,1,0,21,5,17,2,1,5,5,2,0,8,0.0,0.0,1,0,0,1,0,0,0,0,163,19,0,0.0,0.0,0,0,1,208,112,0,,29,81,,8
280553,Anastasios Donis,anastasios-donis,3398,APOEL Nicosia,6.8,34.0,5,2,2,1,1,0.58,3,54,10,64,84.38,22,35,17,4,3,17.65,3,2,2,0,0,3,14.29,10,5,5,10,25.64,2,40.0,12,27.27,330,20.0,0,0,0,0,0,0,1,1,3,7,0,0,2,0,0.0,3,0,0,7,57,2,3,1,149,5,5,0,0,4,1,0,0,0,,,,0,0,0,0,0,4,0,0,0,0,0,0,5,0.0,0.0,4,17,21,32,3,0,0,0,1,4,2,66.67,165.0,0,0,0,22,63,0,1.26,0,18,,5
138144,Stefan Savić,stefan-savic,5235,FK Borac Banja Luka,6.8,68.0,10,1,1,2,1,0.99,2,254,64,318,79.87,62,195,127,10,11,57.89,10,6,0,0,0,3,16.67,10,4,1,45,49.45,1,10.0,46,45.54,892,10.0,0,0,0,0,1,1,0,1,5,5,0,0,1,5,33.33,2,0,0,21,140,9,24,13,501,24,10,0,0,7,2,5,0,0,,,,2,0,0,0,0,9,1,0,0,0,0,0,10,0.0,100.0,10,19,18,55,9,0,0,0,15,10,4,40.0,892.0,0,0,0,73,263,0,1.1,0,45,,10
892104,Hicham Mahou,hicham-mahou,2443,FC Lugano,6.8,40.8,6,1,0,0,0,0.47,1,112,23,135,82.96,44,69,39,5,6,46.15,7,0,1,0,0,1,25.0,6,2,1,22,57.89,2,33.33,24,54.55,366,16.67,0,0,0,0,0,0,1,0,3,3,0,1,0,6,85.71,3,0,0,9,54,4,4,3,212,9,0,0,0,0,1,3,0,0,,,,0,0,0,0,0,4,1,0,0,0,0,0,5,0.0,0.0,5,13,4,20,4,0,0,0,7,5,4,57.14,366.0,0,0,0,50,89,0,0.66,0,17,,6
787543,Florian Flecker,florian-flecker,2058,LASK,6.8,40.8,6,1,2,1,0,0.22,1,84,44,128,65.63,27,58,35,7,3,33.33,6,3,2,0,0,1,9.09,6,3,0,13,32.5,4,44.44,17,34.69,363,16.67,0,0,0,1,1,0,1,0,2,4,0,1,0,0,0.0,3,0,0,5,73,2,7,2,202,4,12,0,0,4,1,3,0,0,,,,0,0,0,0,0,10,1,0,0,0,0,0,3,0.0,0.0,7,9,11,32,5,0,0,0,5,11,4,66.67,363.0,0,0,0,38,101,0,0.61,0,11,,6
823706,Marcus Kaasa,marcus-andre-kaasa,661,Molde FK,6.8,40.8,6,1,0,0,0,0.4,1,145,21,166,87.35,48,99,58,3,7,41.18,6,1,0,0,0,2,66.67,5,1,1,23,53.49,1,33.33,24,52.17,378,20.0,0,0,0,0,0,0,1,0,3,2,0,0,1,3,75.0,5,0,0,8,57,2,5,3,253,10,3,0,0,0,0,3,0,0,,,,0,0,0,0,0,3,1,0,0,0,0,0,5,0.0,0.0,3,17,3,22,2,0,0,0,4,4,3,50.0,378.0,0,0,0,50,119,0,0.39,0,19,,6
923865,Vieljeux Prestige Mboungou,vieljeux-prestige-mboungou,263360,FK TSC Bačka Topola,6.8,34.0,5,1,0,0,0,0.26,1,77,24,101,76.24,17,60,36,2,8,34.78,6,0,0,0,0,0,0.0,6,2,1,21,42.86,6,40.0,27,42.19,307,16.67,0,0,0,0,0,0,0,1,4,2,0,0,1,0,0.0,3,0,0,8,62,8,5,2,186,7,2,1,0,3,1,3,0,0,,,,0,0,0,0,0,7,2,0,0,0,0,0,3,0.0,0.0,2,23,3,37,9,0,0,0,1,9,5,83.33,307.0,0,0,0,23,81,0,0.27,0,16,,6
846441,Rúben Vinagre,ruben-vinagre,3106,Legia Warszawa,6.8,54.4,8,0,2,0,2,1.09,2,250,54,304,82.24,121,137,55,11,7,28.0,10,5,0,0,0,8,20.0,5,0,4,26,40.63,4,66.67,30,42.86,689,0.0,0,0,0,0,1,0,0,0,1,4,0,0,0,4,19.05,17,0,0,9,133,2,15,6,529,9,6,0,0,5,0,1,1,0,,,,2,0,0,0,0,7,0,0,0,0,0,0,8,0.0,0.0,10,25,40,40,2,0,0,0,21,7,6,60.0,0.0,0,0,0,151,193,0,0.2,0,45,,8
1155252,Angelos Neophytou,angelos-neophytou,3395,Omonia Nicosia,6.8,6.8,1,0,1,0,1,0.0,1,4,0,4,100.0,0,4,2,1,0,0.0,0,0,0,0,0,0,0.0,0,0,0,0,0.0,0,0.0,0,0.0,14,0.0,0,0,0,0,0,0,0,0,0,0,0,0,0,0,0.0,1,0,0,1,2,0,1,1,7,0,0,0,0,0,0,0,0,0,,,,0,0,0,0,0,0,0,0,0,0,0,0,0,0.0,0.0,1,1,0,4,2,0,0,0,0,0,0,0.0,0.0,0,0,0,0,4,0,,0,0,,1
319847,Ken Sema,ken-sema,171626,Pafos FC,6.8,27.2,4,0,0,0,1,0.76,1,41,8,49,83.67,11,33,21,3,4,57.14,4,1,1,0,0,3,33.33,0,0,0,11,55.0,1,33.33,12,52.17,164,0.0,0,0,0,0,0,0,0,0,0,0,0,0,0,3,60.0,3,0,0,2,24,1,6,2,90,3,3,0,0,1,0,0,0,0,,,,0,0,0,0,0,1,1,0,0,0,0,0,2,0.0,0.0,3,7,9,11,2,0,0,0,5,2,3,75.0,0.0,0,0,0,12,46,0,,0,8,,4
283833,Ivan Šunjić,ivan-sunjic,171626,Pafos FC,6.8,68.0,10,0,1,1,1,0.38,1,280,65,345,81.16,131,151,69,5,5,100.0,17,10,3,0,0,2,66.67,8,2,6,32,52.46,9,60.0,41,53.95,826,0.0,0,0,0,1,0,0,0,0,6,2,0,0,0,19,55.88,8,0,0,5,81,3,26,12,446,10,20,0,0,6,1,0,0,0,,,,3,0,0,0,0,10,1,0,0,0,0,0,9,0.0,0.0,5,5,3,35,6,0,0,0,34,11,8,47.06,0.0,0,0,0,150,198,0,1.33,0,37,,10
1135616,Momodou Sonko,momodou-sonko,2903,KAA Gent,6.8,40.8,6,0,1,1,1,0.5,1,114,33,147,77.55,34,82,51,7,8,38.1,5,4,0,0,0,2,15.38,7,5,1,15,33.33,2,50.0,17,34.69,425,0.0,0,0,0,0,0,0,0,0,5,2,0,0,0,9,81.82,5,0,0,9,84,1,7,5,245,2,3,0,0,5,2,1,0,0,,,,0,0,0,0,0,2,0,0,0,0,0,0,5,0.0,0.0,7,21,13,32,2,0,0,0,11,2,3,60.0,0.0,0,0,0,39,121,0,0.61,0,23,,6
1154875,Elton Fikaj,elton-fikaj,3248,Panathinaikos FC,6.8,6.8,1,0,0,0,0,0.11,0,44,4,48,91.67,20,24,10,0,0,0.0,1,0,0,0,0,0,0.0,0,0,0,1,50.0,0,0.0,1,33.33,53,0.0,0,0,0,0,0,0,0,0,0,0,0,0,0,2,66.67,2,0,0,0,5,0,1,1,55,0,0,0,0,1,0,0,0,0,,,,0,0,0,0,0,1,0,0,0,0,0,0,0,0.0,0.0,0,0,1,2,1,0,0,0,3,1,1,100.0,0.0,0,0,0,22,27,0,,1,4,,1
1500740,Armin Midžić,armin-midzic,2058,LASK,6.8,6.8,1,0,0,0,0,0.02,0,67,9,76,88.16,54,13,3,0,0,0.0,2,1,0,0,0,0,0.0,0,0,0,2,66.67,0,0.0,2,50.0,90,0.0,0,0,0,0,0,0,0,0,0,0,0,0,0,4,66.67,3,0,0,0,10,0,6,3,83,0,1,0,0,0,0,0,0,0,,,,0,0,0,0,0,1,0,0,0,0,0,0,1,0.0,0.0,0,0,0,2,1,0,0,0,6,1,2,100.0,0.0,0,0,0,59,17,0,,0,7,,1
1893910,Pablo García,pablo-garcia,2816,Real Betis,6.8,13.6,2,0,0,0,0,0.11,0,4,3,7,57.14,0,4,4,2,1,100.0,0,0,0,0,0,0,0.0,0,0,0,2,100.0,0,0.0,2,100.0,17,0.0,0,0,0,0,0,0,0,0,0,0,0,0,0,0,0.0,0,0,0,0,4,1,2,0,10,1,0,0,0,0,0,0,0,0,,,,0,0,0,0,0,0,0,0,0,0,0,0,0,0.0,0.0,2,1,0,0,0,0,0,0,0,0,0,0.0,0.0,0,0,0,0,7,0,,0,3,,2
783478,Leonardo Lopes,leonardo-lopes,2903,KAA Gent,6.8,13.6,2,0,0,0,0,0.01,0,49,15,64,76.56,32,17,6,0,0,0.0,5,1,1,0,0,0,0.0,0,0,0,9,60.0,4,57.14,13,59.09,138,0.0,0,0,0,0,0,0,0,0,0,0,0,0,0,3,42.86,6,0,1,0,18,0,5,3,95,4,5,0,0,0,0,0,0,0,,,,0,0,0,0,0,1,1,0,0,0,0,0,2,0.0,0.0,0,1,0,9,3,0,0,0,7,2,4,80.0,0.0,0,0,0,39,25,0,,0,9,,2
875905,Léo Natel,leo-natel,171626,Pafos FC,6.8,20.4,3,0,0,0,0,0.2,0,15,2,17,88.24,4,13,8,2,1,100.0,0,1,0,0,0,2,50.0,0,0,0,4,66.67,2,40.0,6,54.55,33,0.0,0,0,0,0,0,0,0,0,0,0,0,0,0,1,100.0,1,0,0,0,6,0,2,1,30,3,2,0,0,1,0,0,0,0,,,,0,0,0,0,0,0,0,0,0,0,0,0,0,0.0,0.0,2,1,4,5,3,0,0,0,1,0,0,0.0,0.0,0,0,0,4,17,0,,0,0,,3
885907,Nathan Trott,nathan-trott,1284,FC København,6.8,34.0,5,0,0,0,0,0.0,0,113,34,147,76.87,107,6,2,0,0,0.0,0,0,0,0,0,0,0.0,0,0,0,0,0.0,1,100.0,1,50.0,450,0.0,0,0,0,0,0,0,0,0,0,0,0,0,0,14,30.43,5,0,0,0,34,0,14,7,180,1,0,0,0,1,0,0,0,13,,,,1,0,0,12,1,7,1,0,0,0,0,0,5,0.0,0.0,0,0,0,1,0,0,0,0,46,8,0,0.0,0.0,0,0,3,118,29,0,,17,24,,5
557336,Radovan Pankov,radovan-pankov,3106,Legia Warszawa,6.8,54.4,8,0,0,0,0,0.1,0,223,50,273,81.68,151,72,30,0,0,0.0,10,9,0,0,1,0,0.0,0,0,0,15,65.22,12,70.59,27,67.5,584,0.0,0,0,0,0,0,0,0,0,0,0,0,0,0,23,51.11,25,0,1,4,60,0,26,17,364,5,3,0,0,1,0,0,0,0,,,,2,0,0,0,0,6,0,0,0,0,0,0,7,0.0,0.0,0,0,3,13,5,0,0,0,45,6,5,50.0,0.0,1,0,0,169,107,0,,4,36,,8
152090,Andy Ryan,andy-ryan,5184,Larne FC,6.8,34.0,5,0,0,1,0,0.24,0,59,26,85,69.41,25,34,25,4,0,0.0,3,0,1,0,0,0,0.0,12,5,4,15,48.39,14,33.33,29,39.73,407,0.0,0,0,0,0,2,0,0,0,9,3,0,0,0,1,100.0,8,0,0,4,52,0,0,0,160,13,9,0,0,1,4,3,0,0,,,,0,0,0,0,0,7,1,0,0,0,0,0,5,0.0,0.0,4,5,1,44,28,0,0,0,1,8,1,33.33,0.0,0,0,0,31,55,0,1.12,0,7,,5
1064697,Mamadou Sangare,mamadou-sangare,2055,SK Rapid Wien,6.8,61.2,9,0,0,1,0,0.81,0,436,89,525,83.05,182,254,133,1,11,55.0,31,17,3,1,1,0,0.0,15,0,11,52,59.77,16,64.0,68,60.71,718,0.0,0,0,0,1,0,0,0,0,5,10,0,0,0,27,60.0,8,0,1,7,131,8,27,14,696,10,12,1,0,8,0,4,0,0,,,,2,0,0,0,0,6,0,0,0,0,0,0,9,0.0,0.0,1,20,6,44,9,0,0,0,45,6,17,54.84,0.0,0,0,0,202,329,0,0.93,0,69,,9
896117,Magnus Mattsson,magnus-mattsson,1284,FC København,6.8,68.0,10,0,2,0,0,0.9,0,155,39,194,79.9,40,120,60,14,3,37.5,6,2,0,0,0,5,22.73,13,3,2,17,44.74,2,18.18,19,38.78,443,0.0,0,0,0,0,2,0,0,0,3,10,0,0,0,4,66.67,2,0,0,5,72,6,8,6,282,8,6,0,0,6,1,8,1,0,,,,0,0,0,0,0,6,2,0,0,0,0,0,4,0.0,0.0,13,8,22,30,9,0,0,0,6,8,4,66.67,0.0,0,0,0,46,170,0,0.69,0,18,,10
548286,Miro Tenho,miro-tenho,1759,Djurgårdens IF,6.8,54.4,8,0,0,1,0,0.03,0,208,39,247,84.21,145,63,19,0,1,50.0,4,8,0,0,1,0,0.0,4,1,3,6,46.15,12,66.67,18,58.06,489,0.0,0,0,0,0,0,0,0,0,4,0,0,0,0,7,28.0,34,0,0,0,44,1,8,3,317,1,6,0,0,0,1,0,0,0,,,,1,0,0,0,0,5,1,0,0,0,0,0,5,0.0,0.0,0,2,0,13,6,0,0,0,25,6,2,50.0,0.0,1,0,0,158,89,0,0.67,2,12,,8
1131047,Miguel Maga,miguel-maga,3009,Vitória SC,6.8,27.2,4,0,0,0,0,0.11,0,85,18,103,82.52,35,50,26,1,0,0.0,9,3,1,0,0,0,0.0,2,0,1,14,66.67,2,50.0,16,64.0,222,0.0,0,0,0,0,0,0,0,0,2,0,0,0,0,1,50.0,13,0,0,0,34,2,7,3,162,5,3,0,0,1,0,1,0,0,,,,0,0,0,0,0,4,1,0,0,0,0,0,2,0.0,0.0,1,3,3,9,2,0,0,0,2,5,6,66.67,0.0,0,0,0,41,65,0,0.29,0,12,,4
1029492,Kevor Palumets,kevor-palumets,2242,HJK,6.8,6.8,1,0,0,0,0,0.02,0,14,5,19,73.68,4,10,7,0,0,0.0,2,0,0,0,0,0,0.0,1,0,1,2,66.67,0,0.0,2,66.67,30,0.0,0,0,0,0,0,0,0,0,1,0,0,0,0,2,66.67,2,0,0,0,5,0,4,2,25,0,1,0,0,0,0,0,0,0,,,,0,0,0,0,0,1,0,0,0,0,0,0,0,0.0,0.0,0,0,0,1,0,0,0,0,3,1,1,50.0,0.0,0,0,0,5,14,0,0.18,0,2,,1
825858,Bastien Toma,bastien-toma,2442,FC St. Gallen 1879,6.8,40.8,6,0,2,1,0,1.5,0,110,21,131,83.97,32,90,48,11,2,40.0,6,2,0,0,0,12,40.0,5,1,2,12,60.0,0,0.0,12,44.44,354,0.0,0,0,0,0,1,0,0,0,3,2,0,0,0,5,50.0,3,0,0,2,51,0,5,3,203,4,4,0,0,0,2,2,0,0,,,,0,0,0,0,0,13,0,0,0,0,0,0,4,0.0,0.0,11,5,30,15,7,0,0,0,10,13,3,50.0,0.0,0,0,0,35,126,0,0.17,0,11,,6
892952,Ashley Baker,ashley-baker,4921,The New Saints,6.8,13.6,2,0,0,0,0,0.0,0,12,6,18,66.67,11,1,1,0,0,0.0,2,1,0,0,0,0,0.0,2,0,2,4,66.67,1,100.0,5,71.43,80,0.0,0,0,0,0,0,0,0,0,1,1,0,0,0,1,20.0,3,0,0,0,9,0,2,0,38,2,2,0,0,0,0,0,0,0,,,,0,0,0,0,0,1,0,0,0,0,0,0,2,0.0,0.0,0,0,1,2,0,0,0,0,5,1,1,50.0,0.0,0,0,0,14,5,0,0.13,0,0,,2
24275,Atomu Tanaka,atomu-tanaka,2242,HJK,6.8,27.2,4,0,0,0,0,0.04,0,23,7,30,76.67,8,17,9,1,0,0.0,4,1,0,0,0,2,66.67,2,0,2,8,66.67,1,100.0,9,69.23,57,0.0,0,0,0,0,0,0,0,0,0,2,0,0,0,2,66.67,0,0,0,0,9,0,3,1,47,4,1,0,0,3,0,0,0,0,,,,0,0,0,0,0,1,0,0,0,0,0,0,0,0.0,0.0,1,0,3,4,0,0,0,0,3,1,4,100.0,0.0,0,0,0,8,25,0,0.06,0,8,,4
1194332,Ayman El Wafi,el-wafi-ayman,2443,FC Lugano,6.8,13.6,2,0,0,0,0,0.0,0,41,4,45,91.11,34,7,3,0,0,0.0,2,2,0,0,0,0,0.0,1,0,0,2,40.0,1,20.0,3,30.0,124,0.0,0,0,0,0,0,0,0,0,1,0,0,0,0,7,70.0,7,0,0,1,6,0,4,4,65,0,2,0,0,0,0,1,0,0,,,,1,0,0,0,0,1,1,0,0,0,0,0,1,0.0,0.0,0,1,0,7,4,0,0,0,10,2,1,50.0,0.0,0,0,0,36,9,0,0.05,2,5,,5
1153538,Heriberto Jurado,heriberto-jurado,2929,Cercle Brugge,6.8,6.8,1,0,0,0,0,0.0,0,3,0,3,100.0,1,2,0,0,0,0.0,1,0,0,0,0,0,0.0,1,0,0,2,100.0,0,0.0,2,100.0,10,0.0,0,0,0,0,0,0,0,0,0,1,0,0,0,0,0.0,1,0,0,0,1,0,0,0,8,1,0,0,0,0,0,1,0,0,,,,0,0,0,0,0,0,0,0,0,0,0,0,0,0.0,0.0,0,0,1,0,0,0,0,0,0,0,1,100.0,0.0,0,0,0,1,3,0,0.04,0,0,,1
857760,Zachary Brault Guillard,zachary-brault-guillard,2443,FC Lugano,6.8,13.6,2,0,0,0,0,0.04,0,80,16,96,83.33,52,28,11,1,0,0.0,7,2,0,0,0,0,0.0,1,0,0,8,80.0,1,25.0,9,64.29,180,0.0,0,0,0,0,0,0,0,0,1,0,0,0,0,3,33.33,4,0,0,0,23,0,5,2,135,1,2,0,0,0,1,1,0,0,,,,1,0,0,0,0,3,1,0,0,0,0,0,2,0.0,0.0,1,0,3,5,3,0,0,0,9,4,3,42.86,0.0,0,0,0,57,42,0,0.03,0,3,,2
24813,Mark Randall,mark-randall,5184,Larne FC,6.8,40.8,6,0,1,0,0,0.33,0,57,19,76,75.0,33,26,14,1,6,75.0,9,4,1,0,0,2,40.0,2,0,2,18,56.25,3,100.0,21,60.0,219,0.0,0,0,0,0,0,0,0,0,0,2,0,0,0,4,33.33,5,0,0,3,31,1,13,6,132,3,8,0,0,1,0,0,0,0,,,,0,0,0,0,0,2,0,0,0,0,0,0,3,0.0,0.0,1,8,5,14,0,0,0,0,12,2,4,44.44,0.0,0,0,0,38,43,0,0.03,0,12,,6
286153,Xavi Quintilla,xavi-quintilla,3398,APOEL Nicosia,6.8,47.6,7,0,1,0,0,0.39,0,228,51,279,81.72,91,138,66,3,1,25.0,9,6,1,0,0,1,6.25,2,0,1,12,46.15,4,36.36,16,43.24,630,0.0,0,0,0,0,0,0,0,0,0,2,0,0,0,13,48.15,33,0,0,2,84,0,28,19,452,2,6,0,0,4,0,1,0,0,,,,1,0,0,0,0,8,0,0,0,0,0,0,7,0.0,0.0,3,4,16,21,7,0,0,0,27,8,6,66.67,0.0,0,0,0,112,183,0,0.02,0,25,,7
1385508,Malamine Efekele,efekele-malamine,2929,Cercle Brugge,6.79,47.5,7,1,2,0,0,0.68,1,72,42,114,63.16,20,54,28,4,4,80.0,4,4,0,0,0,2,20.0,5,3,1,17,41.46,3,50.0,20,42.55,442,20.0,0,0,0,1,0,0,1,0,3,2,0,1,0,3,25.0,1,0,0,10,80,3,9,3,218,9,6,0,0,8,0,1,0,0,,,,1,0,0,0,0,5,1,0,0,0,0,0,6,0.0,0.0,4,5,10,27,3,0,0,0,12,6,4,100.0,442.0,0,0,0,28,96,0,0.29,0,17,,7
1403216,Paris Brunner,paris-brunner,2929,Cercle Brugge,6.78,40.7,6,1,0,2,0,0.24,1,25,15,40,62.5,3,23,18,2,8,42.11,5,1,1,0,0,1,50.0,15,9,4,19,38.78,6,35.29,25,37.88,258,6.67,0,0,0,0,0,0,1,0,9,6,1,0,0,2,66.67,2,0,0,13,52,4,1,1,132,6,4,1,0,3,2,2,0,0,,,,0,0,0,0,0,1,1,0,0,0,0,0,2,0.0,0.0,2,19,2,41,11,0,0,0,3,2,3,60.0,258.0,0,0,0,5,37,0,1.36,0,15,,6
901850,Nicolò Fagioli,nicolo-fagioli,2693,Fiorentina,6.78,40.7,6,1,0,0,0,0.53,1,210,27,237,88.61,105,108,56,3,11,68.75,9,2,1,0,0,3,42.86,8,1,2,28,45.16,0,0.0,28,43.75,430,12.5,0,0,0,1,0,0,1,0,3,5,0,1,0,17,73.91,3,0,0,7,52,1,28,19,322,8,16,0,0,6,0,5,0,0,,,,0,0,0,0,0,7,3,0,0,0,0,0,5,0.0,0.0,3,16,7,36,2,0,0,0,23,10,5,55.56,430.0,0,0,0,110,134,0,0.39,0,24,,6
970515,Ivan Durdov,ivan-durdov,2416,NK Olimpija Ljubljana,6.78,40.7,6,1,0,0,0,0.05,1,29,21,50,58.0,15,14,9,2,0,0.0,0,0,0,0,0,0,0.0,5,1,2,6,31.58,11,64.71,17,47.22,236,20.0,0,0,0,0,0,0,1,0,5,0,1,0,0,1,100.0,8,0,0,4,36,4,2,1,96,7,2,0,0,1,1,2,0,0,,,,0,0,0,0,0,3,1,0,0,0,0,0,2,0.0,0.0,2,6,0,19,6,0,0,0,1,4,0,0.0,236.0,0,0,0,17,33,0,0.35,0,9,,7
929622,Christian Witzig,christian-witzig,2442,FC St. Gallen 1879,6.78,40.7,6,0,5,2,3,2.05,3,82,33,115,71.3,27,62,44,10,8,44.44,7,2,2,0,0,7,25.93,7,1,3,22,40.0,4,57.14,26,41.94,366,0.0,0,0,0,0,0,0,0,0,7,0,0,0,0,3,37.5,4,0,1,8,81,1,6,3,224,7,5,1,0,10,1,3,0,0,,,,0,0,0,0,0,13,0,0,0,0,0,0,4,0.0,0.0,10,18,27,36,3,0,0,0,8,13,6,85.71,0.0,0,0,0,38,104,0,1.21,0,14,,6
1022491,Raul Florucz,raul-florucz,2416,NK Olimpija Ljubljana,6.78,40.7,6,0,2,1,2,0.84,2,48,13,61,78.69,10,42,26,6,16,66.67,4,2,1,1,1,4,23.53,12,3,3,23,42.59,5,55.56,28,44.44,383,0.0,0,0,0,0,1,0,0,0,9,3,0,0,0,3,75.0,0,0,0,14,65,2,7,4,168,3,7,0,0,3,2,6,0,0,,,,0,0,0,0,0,1,2,0,0,0,0,0,5,0.0,0.0,6,24,17,35,4,0,0,0,4,3,4,100.0,0.0,0,0,0,10,68,0,0.91,0,10,,6
318587,Josh Daniels,josh-daniels,4921,The New Saints,6.78,40.7,6,0,0,0,0,0.31,0,193,41,234,82.48,115,80,37,4,4,36.36,7,5,1,0,0,2,28.57,4,1,1,15,45.45,7,43.75,22,44.9,529,0.0,0,0,0,0,0,0,0,0,4,0,0,0,0,7,41.18,16,0,0,0,63,0,15,8,345,4,5,0,0,6,0,2,0,0,,,,1,0,0,0,0,10,0,0,0,0,0,0,5,0.0,0.0,4,11,7,27,9,0,0,0,17,10,4,57.14,0.0,0,0,0,131,110,0,0.27,0,30,,6
574872,Dušan Stevanović,dusan-stevanovic,263360,FK TSC Bačka Topola,6.78,40.7,6,0,0,0,0,0.07,0,327,56,383,85.38,230,97,29,1,2,100.0,4,11,0,0,0,0,0.0,3,0,2,6,46.15,13,56.52,19,52.78,510,0.0,0,0,0,0,1,0,0,0,2,1,0,0,0,24,48.98,33,1,0,2,64,1,30,19,459,1,3,0,0,3,0,1,0,0,,,,0,0,0,0,0,13,0,0,0,0,0,0,6,0.0,0.0,1,2,0,17,10,0,0,0,49,13,3,75.0,0.0,0,0,0,254,129,0,0.19,9,21,,6
1047733,Mihailo Stevanović,mihailo-stevanovic,2442,FC St. Gallen 1879,6.78,40.7,6,0,0,0,0,0.43,0,141,25,166,84.94,65,77,42,1,1,100.0,12,5,1,0,0,1,100.0,3,2,0,13,59.09,4,50.0,17,56.67,330,0.0,0,0,0,0,0,0,0,0,0,3,0,0,0,12,66.67,3,0,0,4,34,0,13,11,216,0,4,0,0,2,0,1,0,0,,,,0,0,0,0,0,9,0,0,0,0,0,0,4,0.0,0.0,1,1,1,13,4,0,0,0,18,9,6,50.0,0.0,0,0,0,73,94,0,0.08,0,18,,6
989803,Facundo Pellistri,facundo-pellistri,3248,Panathinaikos FC,6.78,33.9,5,1,0,1,0,0.41,1,62,13,75,82.67,16,47,26,3,5,50.0,4,1,0,0,0,1,20.0,8,4,1,15,55.56,2,28.57,17,50.0,249,12.5,0,0,0,0,0,0,1,0,7,1,0,0,1,0,0.0,0,0,0,4,30,2,1,0,121,6,3,0,0,1,1,3,0,0,,,,0,0,0,0,0,5,1,0,0,0,0,0,3,0.0,0.0,3,10,5,17,5,0,0,0,1,6,2,50.0,249.0,0,0,0,16,64,0,1.58,0,11,,5
99519,Marc Bartra,marc-bartra,2816,Real Betis,6.78,67.8,10,0,0,3,0,0.08,0,341,66,407,83.78,236,105,30,2,1,33.33,13,4,0,0,0,0,0.0,9,3,4,20,60.61,15,53.57,35,57.38,778,0.0,0,0,0,0,0,0,0,0,6,3,0,0,0,35,44.3,51,1,0,1,74,0,45,24,521,6,9,0,0,2,0,2,0,0,,,,2,0,0,0,0,10,2,0,0,0,0,0,8,0.0,0.0,2,3,0,26,13,0,0,0,79,12,3,23.08,0.0,0,0,0,257,150,0,0.46,4,34,,10
826134,Trevoh Chalobah,trevoh-chalobah,38,Chelsea,6.78,33.9,5,0,0,1,0,0.07,0,261,23,284,91.9,157,104,35,1,2,50.0,1,2,0,0,0,0,0.0,1,0,1,7,58.33,1,20.0,8,47.06,335,0.0,0,0,0,0,0,0,0,0,1,0,0,0,0,6,50.0,11,0,0,1,30,0,13,6,330,4,3,0,0,0,0,0,0,0,,,,1,0,0,0,0,3,0,0,0,0,0,0,3,0.0,0.0,1,4,1,9,4,0,0,0,12,3,0,0.0,0.0,0,0,0,167,118,0,0.17,0,13,,5
167247,Dieumerci Ndongala,dieumerci-ndongala,3398,APOEL Nicosia,6.78,33.9,5,0,2,0,0,0.21,0,71,16,87,81.61,21,52,41,2,6,50.0,4,0,1,0,0,2,12.5,3,1,1,18,50.0,0,0.0,18,41.86,335,0.0,0,0,0,0,0,0,0,0,2,1,0,0,0,1,50.0,0,0,0,8,50,3,3,2,153,8,3,0,0,1,2,1,0,0,,,,0,0,0,0,0,1,1,0,0,0,0,0,4,0.0,0.0,2,12,16,25,7,0,0,0,2,2,3,75.0,0.0,0,0,0,24,79,0,0.08,0,8,,5
993936,Joshua Honohan,joshua-honohan,3177,Shamrock Rovers,6.78,54.2,8,1,1,0,1,0.64,2,105,38,143,73.43,63,45,22,2,7,53.85,19,5,1,0,0,3,15.0,2,1,1,32,50.0,9,47.37,41,49.4,712,50.0,0,0,0,0,0,0,1,0,1,1,0,0,1,6,26.09,26,0,0,10,95,2,7,3,322,6,11,0,0,5,1,0,0,0,,,,1,0,0,0,0,8,2,0,0,0,0,0,8,0.0,0.0,2,13,20,42,10,0,0,0,23,10,13,68.42,712.0,0,0,0,81,82,0,0.15,1,26,,8
794815,Davíð Örn Atlason,david-orn-atlason,1908,Víkingur Reykjavík,6.78,54.2,8,1,0,0,0,0.2,1,179,39,218,82.11,116,64,31,3,4,44.44,10,6,3,0,0,1,14.29,1,1,0,21,48.84,3,50.0,24,48.98,538,100.0,0,0,0,0,0,0,1,0,1,0,0,0,1,21,53.85,18,1,0,0,74,4,15,7,369,8,11,0,0,6,0,0,0,0,,,,0,0,0,0,0,8,0,0,0,0,0,0,6,0.0,0.0,3,9,7,25,3,0,0,0,39,8,8,80.0,538.0,0,0,0,127,98,0,0.44,0,22,,8
890968,Aaron Donnelly,aaron-donnelly,5184,Larne FC,6.78,27.1,4,0,0,0,0,0.02,0,76,12,88,86.36,57,19,12,0,0,0.0,9,3,0,0,0,0,0.0,0,0,0,11,64.71,2,50.0,13,61.9,278,0.0,0,0,0,0,0,0,0,0,0,0,0,0,0,11,68.75,15,0,0,0,21,0,14,8,132,2,0,0,0,6,0,0,0,0,,,,1,0,0,0,0,3,0,0,0,0,0,0,3,0.0,0.0,0,0,1,8,2,0,0,0,16,3,5,55.56,0.0,0,0,0,62,27,0,,0,4,,4
845906,Lee Grace,lee-grace,3177,Shamrock Rovers,6.78,54.2,8,0,0,0,0,0.05,0,312,63,375,83.2,211,101,32,2,3,75.0,8,7,2,0,0,0,0.0,1,0,1,21,51.22,18,72.0,39,59.09,750,0.0,0,0,0,0,0,0,0,0,1,0,0,0,0,25,43.86,38,0,2,3,71,0,47,28,482,10,7,0,0,9,0,0,0,0,,,,2,0,0,0,0,8,2,0,0,0,0,0,8,0.0,0.0,2,4,0,27,7,0,0,0,57,10,6,75.0,0.0,0,0,0,236,139,0,0.14,0,44,,8
1100830,Valdemar Lund,valdemar-lund,661,Molde FK,6.78,54.2,8,0,0,0,0,0.09,0,422,54,476,88.66,239,183,61,3,0,0.0,8,4,3,1,1,0,0.0,2,0,2,14,51.85,14,56.0,28,53.85,570,0.0,0,0,0,0,0,0,0,0,1,1,0,0,0,20,43.48,38,0,0,0,61,0,30,15,563,6,8,0,0,5,0,0,0,0,,,,0,0,0,0,0,10,0,0,0,0,0,0,7,0.0,0.0,3,0,4,24,11,0,0,0,46,10,4,50.0,0.0,0,0,0,255,225,0,0.11,10,19,,8
99150,Bart Schenkeveld,bart-schenkeveld,3248,Panathinaikos FC,6.78,27.1,4,0,0,0,0,0.04,0,237,14,251,94.42,161,76,22,1,0,0.0,4,4,1,0,0,0,0.0,1,0,0,6,75.0,5,55.56,11,64.71,315,0.0,0,0,0,0,0,0,0,0,1,0,0,0,0,7,53.85,7,0,0,0,14,0,5,2,272,3,3,0,0,0,0,1,0,0,,,,1,0,0,0,0,4,1,0,0,0,0,0,4,0.0,0.0,1,0,0,6,4,0,0,0,13,5,1,25.0,0.0,0,0,0,166,85,0,0.05,0,10,,4
604928,Deniz Hümmet,deniz-hummet,1759,Djurgårdens IF,6.77,40.6,6,2,1,3,1,0.16,3,52,15,67,77.61,29,23,12,4,0,0.0,3,4,1,0,0,0,0.0,12,4,5,8,29.63,3,30.0,11,29.73,428,16.67,0,0,0,0,0,0,1,1,7,5,0,0,2,3,100.0,0,0,0,6,40,2,4,2,122,5,5,1,0,0,3,3,0,0,,,,1,0,0,0,0,3,1,0,0,0,0,0,5,0.0,0.0,4,8,1,26,7,0,0,0,3,4,1,33.33,214.0,0,0,0,32,36,0,1.23,0,12,,6
889052,Willy Semedo,willy-semedo,3395,Omonia Nicosia,6.77,40.6,6,2,0,2,0,0.3,2,129,23,152,84.87,43,86,56,2,6,31.58,7,9,1,0,0,0,0.0,7,4,2,22,36.67,2,25.0,24,35.29,433,28.57,1,1,0,0,0,0,2,0,7,0,0,0,2,3,50.0,1,0,0,10,65,3,3,1,252,9,6,0,0,9,0,1,0,0,,,,0,0,0,0,0,6,0,0,0,0,0,0,5,100.0,0.0,2,19,6,44,6,0,0,0,6,6,5,71.43,216.5,0,0,0,47,111,0,1.78,0,24,,6
369940,Giannis Masouras,giannis-masouras,3395,Omonia Nicosia,6.77,20.3,3,0,1,0,0,0.16,0,43,18,61,70.49,18,26,12,1,3,33.33,7,3,0,0,0,1,14.29,0,0,0,11,50.0,3,60.0,14,51.85,147,0.0,0,0,0,0,0,0,0,0,0,0,0,0,0,3,60.0,3,0,0,4,40,1,6,3,116,1,0,1,0,1,0,0,0,0,,,,0,0,0,0,0,2,0,0,0,0,0,0,2,0.0,0.0,1,9,7,13,2,0,0,0,5,2,6,85.71,0.0,0,0,0,25,43,0,,0,16,,6
945204,Elias Achouri,elias-achouri,1284,FC København,6.77,40.6,6,0,0,2,0,0.46,0,95,24,119,79.83,26,69,46,4,1,50.0,4,3,2,0,0,0,0.0,10,4,4,9,39.13,2,28.57,11,36.67,337,0.0,0,0,0,0,0,0,0,0,5,5,0,0,0,3,75.0,1,0,0,6,52,5,2,0,184,4,4,0,0,3,4,2,0,0,,,,0,0,0,0,0,3,1,0,0,0,0,0,4,0.0,0.0,4,2,9,19,5,0,0,0,4,4,1,25.0,0.0,0,0,0,31,97,0,1.01,0,16,,6
843039,Ercan Kara,ercan-kara,2055,SK Rapid Wien,6.77,20.3,3,0,0,3,0,0.03,0,13,12,25,52.0,3,10,9,0,0,0.0,5,2,0,0,0,0,0.0,6,3,1,10,58.82,3,20.0,13,40.63,132,0.0,0,0,0,0,1,0,0,0,5,1,0,0,0,0,0.0,1,0,0,1,22,1,2,1,58,5,4,0,0,3,0,2,0,0,,,,0,0,0,0,0,0,0,0,0,0,0,0,2,0.0,0.0,0,0,0,19,12,0,0,0,1,0,3,60.0,0.0,0,0,0,5,20,0,0.69,0,3,,3
994982,Chris Gallagher,chris-gallagher,5184,Larne FC,6.76,33.8,5,1,0,0,0,0.06,1,90,28,118,76.27,48,42,24,0,0,0.0,7,8,1,0,0,0,0.0,2,1,1,9,39.13,2,50.0,11,40.74,441,50.0,0,0,0,0,0,0,0,1,0,2,0,0,1,13,59.09,13,0,0,1,31,0,9,4,164,2,8,0,0,5,0,0,0,0,,,,0,0,0,0,0,8,1,0,0,0,0,0,5,0.0,0.0,0,0,1,16,2,0,0,0,22,9,4,57.14,441.0,0,0,0,54,65,0,0.08,0,13,,5
1020669,Malachi Boateng,malachi-boateng,2353,Heart of Midlothian,6.76,33.8,5,0,0,0,0,0.05,0,115,35,150,76.67,53,62,20,1,2,100.0,9,4,1,0,0,0,0.0,1,0,0,14,53.85,9,47.37,23,51.11,353,0.0,0,0,0,0,0,0,0,0,1,0,0,0,0,2,33.33,4,0,0,5,49,0,5,3,202,3,6,0,0,2,1,1,0,0,,,,1,0,0,0,0,5,0,0,0,0,0,0,4,0.0,0.0,1,2,1,22,10,0,0,0,6,5,7,77.78,0.0,0,0,0,64,87,0,0.03,0,21,,5
835601,Moise Kean,moise-kean,2693,Fiorentina,6.76,60.8,9,3,0,10,0,0.07,3,33,15,48,68.75,12,22,12,2,18,58.06,2,1,2,0,0,1,50.0,30,11,8,31,45.59,13,61.9,44,49.44,569,10.0,0,0,0,0,0,0,3,0,25,5,0,0,3,0,0.0,8,0,0,10,59,8,1,0,181,11,15,1,0,0,10,11,0,0,,,,0,0,0,0,0,6,3,0,0,0,0,0,5,0.0,0.0,2,31,2,45,8,0,0,0,1,9,1,50.0,189.67,0,0,0,14,36,1,6.3,0,14,,9
51833,Fredrik Gulbrandsen,fredrik-gulbrandsen,661,Molde FK,6.75,40.5,6,1,0,2,0,0.22,1,47,13,60,78.33,12,35,28,4,0,0.0,2,4,0,0,0,0,0.0,9,4,2,7,29.17,6,42.86,13,34.21,328,11.11,0,0,0,0,0,0,1,0,7,2,0,0,1,0,0.0,2,0,0,7,35,4,2,1,113,5,5,0,0,1,2,3,0,0,,,,0,0,0,0,0,4,0,0,0,0,0,0,4,0.0,0.0,4,6,0,25,8,0,0,0,0,4,0,0.0,328.0,0,0,0,15,45,0,1.98,0,9,,6
1548949,Mateusz Szczepaniak,szczepaniak-mateusz,3106,Legia Warszawa,6.75,27.0,4,1,0,0,0,0.05,1,22,2,24,91.67,5,17,11,3,0,0.0,0,0,0,0,0,0,0.0,2,1,0,2,33.33,1,100.0,3,42.86,44,50.0,0,0,0,0,0,0,1,0,1,1,1,0,0,0,0.0,0,0,0,1,6,0,0,0,34,2,0,0,0,1,0,1,0,0,,,,0,0,0,0,0,0,0,0,0,0,0,0,0,0.0,0.0,3,2,0,4,0,0,0,0,0,0,0,0.0,44.0,0,0,0,5,19,0,0.51,0,2,,4
843626,Alan Forrest,alan-forrest,2353,Heart of Midlothian,6.75,40.5,6,1,0,0,0,0.23,1,100,38,138,72.46,36,65,29,2,8,66.67,11,1,0,0,0,1,6.67,6,3,1,20,46.51,3,21.43,23,40.35,424,16.67,0,0,0,0,0,0,1,0,4,2,0,1,0,3,50.0,1,0,0,13,82,2,9,4,231,1,2,0,0,5,1,2,0,0,,,,0,0,0,0,0,6,0,0,0,0,0,0,6,0.0,0.0,2,12,15,34,11,0,0,0,6,6,5,45.45,424.0,0,0,0,47,106,0,0.36,0,24,,6
861071,Warleson,warleson,2929,Cercle Brugge,6.75,13.5,2,0,0,0,0,0.0,0,11,14,25,44.0,4,7,1,0,0,0.0,0,0,0,0,0,0,0.0,0,0,0,0,0.0,1,100.0,1,100.0,122,0.0,0,0,0,0,0,0,0,0,0,0,0,0,0,8,38.1,0,0,1,0,15,0,3,1,33,1,0,0,0,0,0,0,0,2,,,,1,0,0,0,2,0,0,0,1,0,0,0,2,0.0,0.0,0,0,0,0,0,0,0,0,21,0,0,0.0,0.0,0,0,1,6,19,0,,6,7,,2
909274,Beni Baningime,beni-baningime,2353,Heart of Midlothian,6.75,13.5,2,0,0,0,0,0.02,0,44,3,47,93.62,22,22,7,0,1,100.0,3,2,0,0,0,0,0.0,0,0,0,6,75.0,0,0.0,6,54.55,143,0.0,0,0,0,0,0,0,0,0,0,0,0,0,0,0,0.0,1,0,0,1,5,0,2,2,63,2,0,0,0,1,0,0,0,0,,,,0,0,0,0,0,2,0,0,0,0,0,0,2,0.0,0.0,0,1,0,5,3,0,0,0,0,2,2,66.67,0.0,0,0,0,24,23,0,,0,6,,2
1390889,Cory O'Sullivan,cory-osullivan,3177,Shamrock Rovers,6.75,13.5,2,0,0,0,0,0.03,0,52,15,67,77.61,22,30,14,2,0,0.0,3,1,0,0,0,0,0.0,0,0,0,4,33.33,1,100.0,5,38.46,156,0.0,0,0,0,0,0,0,0,0,0,0,0,0,0,1,33.33,2,0,0,2,23,2,7,4,95,1,3,0,0,2,0,0,0,0,,,,0,0,0,0,0,1,1,0,0,0,0,0,1,0.0,0.0,2,1,0,8,0,0,0,0,3,2,2,66.67,0.0,0,0,0,31,36,0,,0,12,,2
989619,Igor Shkolik,shkolik-igor,3361,Dinamo Minsk,6.75,13.5,2,0,1,0,0,0.1,0,18,5,23,78.26,7,11,10,2,0,0.0,1,2,0,0,0,0,0.0,0,0,0,1,50.0,0,0.0,1,50.0,33,0.0,0,0,0,0,0,0,0,0,0,0,0,0,0,0,0.0,0,0,0,0,6,0,1,0,27,0,0,0,0,0,0,0,0,0,,,,0,0,0,0,0,0,1,0,0,0,0,0,0,0.0,0.0,2,1,0,1,0,0,0,0,2,1,1,100.0,0.0,0,0,0,8,15,0,,0,2,,2
795774,Halldór Smári Sigurðsson,halldor-smari-sigurdsson,1908,Víkingur Reykjavík,6.75,13.5,2,0,0,0,0,0.0,0,52,11,63,82.54,46,6,2,0,1,100.0,1,3,0,0,0,0,0.0,0,0,0,3,50.0,5,100.0,8,72.73,107,0.0,0,0,0,0,0,0,0,0,0,0,0,0,0,1,16.67,6,0,0,1,12,0,3,2,78,1,2,0,0,0,0,0,0,0,,,,0,0,0,0,0,1,0,0,0,0,0,0,1,0.0,0.0,0,1,0,3,0,0,0,0,6,1,1,100.0,0.0,0,0,0,51,12,0,,5,5,,2
986359,Elkhan Astanov,astanov-elkhan,36155,Astana,6.75,13.5,2,0,0,0,0,0.19,0,56,15,71,78.87,27,31,17,3,5,50.0,5,1,1,0,0,2,66.67,3,0,2,11,45.83,3,37.5,14,43.75,184,0.0,0,0,0,0,0,0,0,0,2,1,0,0,0,2,33.33,2,0,1,4,30,2,4,2,116,1,2,0,0,2,0,1,0,0,,,,0,0,0,0,0,3,0,0,0,0,0,0,2,0.0,0.0,3,10,3,18,5,0,0,0,6,3,1,20.0,0.0,0,0,0,30,44,0,0.15,0,16,,5
962362,Stanislav Basmanov,stanislav-basmanov,36155,Astana,6.75,13.5,2,0,0,0,0,0.2,0,48,10,58,82.76,20,30,11,1,2,33.33,5,2,0,0,0,2,40.0,1,1,0,7,46.67,2,50.0,9,47.37,160,0.0,0,0,0,0,0,0,0,0,1,0,0,0,0,6,50.0,7,0,0,3,30,0,4,3,115,1,0,0,0,1,0,0,0,0,,,,0,0,0,0,0,2,0,0,0,0,0,0,2,0.0,0.0,1,6,5,10,2,0,0,0,12,2,2,40.0,0.0,0,0,0,25,38,0,0.1,0,6,,2
136675,Manolis Siopis,manolis-siopis,3248,Panathinaikos FC,6.75,27.0,4,0,0,0,0,0.11,0,159,16,175,90.86,60,99,41,3,3,37.5,6,8,2,0,0,0,0.0,1,0,0,18,39.13,2,28.57,20,37.74,336,0.0,0,0,0,0,0,0,0,0,0,1,0,0,0,10,71.43,2,0,0,6,29,2,20,13,237,10,8,0,0,9,0,1,0,0,,,,1,0,0,0,0,6,1,0,0,0,0,0,4,0.0,0.0,3,8,0,33,5,0,0,0,14,7,4,66.67,0.0,0,0,0,64,111,0,0.01,0,27,,4
25122,Matthías Vilhjálmsson,matthias-vilhjalmsson,1908,Víkingur Reykjavík,6.74,33.7,5,1,0,0,0,0.04,1,34,9,43,79.07,18,16,10,0,0,0.0,4,0,1,0,0,0,0.0,1,1,0,8,57.14,2,40.0,10,52.63,114,100.0,0,0,0,0,0,0,1,0,1,0,0,0,1,1,50.0,7,0,0,2,14,2,2,1,68,4,3,0,0,0,0,0,0,0,,,,0,0,0,0,0,3,0,0,0,0,0,0,0,0.0,0.0,0,1,1,9,3,0,0,0,2,3,3,75.0,114.0,0,0,0,19,25,0,0.52,0,9,,5
912989,Aleksa Pejić,aleksa-pejic,263360,FK TSC Bačka Topola,6.74,33.7,5,0,0,0,0,0.07,0,104,14,118,88.14,51,53,22,1,6,75.0,11,4,1,0,0,0,0.0,0,0,0,20,51.28,8,53.33,28,51.85,256,0.0,0,0,0,0,0,0,0,0,0,0,0,0,0,4,100.0,7,0,0,1,29,2,0,0,176,3,11,0,0,5,0,0,0,0,,,,0,0,0,0,0,6,1,0,0,0,0,0,3,0.0,0.0,1,8,0,26,7,0,0,0,4,7,5,45.45,0.0,0,0,0,57,61,0,,0,15,,6
841012,João Figueiredo,joao-figueiredo,3086,Başakşehir FK,6.74,33.7,5,0,0,2,0,0.2,0,53,19,72,73.61,19,36,25,3,4,50.0,3,0,0,0,0,2,50.0,12,5,3,13,50.0,3,50.0,16,50.0,290,0.0,0,0,0,0,0,0,0,0,9,3,0,0,0,4,66.67,1,0,0,6,37,3,4,2,126,6,3,0,0,1,2,4,0,0,,,,0,0,0,0,0,7,0,0,0,0,0,0,4,0.0,0.0,3,8,4,16,3,0,0,0,6,7,0,0.0,0.0,0,0,0,22,54,0,1.24,0,12,,5
893962,Lennard Maloney,lennard-maloney,5885,1. FC Heidenheim,6.74,33.7,5,0,0,1,0,0.08,0,162,26,188,86.17,114,48,18,1,0,0.0,8,4,2,0,0,0,0.0,2,1,1,9,40.91,8,66.67,17,50.0,322,0.0,0,0,0,0,0,0,0,0,2,0,0,0,0,13,56.52,14,0,1,2,31,0,15,8,232,2,7,0,0,4,0,0,0,0,,,,1,0,0,0,0,3,1,0,0,0,0,0,4,0.0,0.0,1,0,1,17,4,0,0,0,23,4,4,50.0,0.0,0,0,0,122,67,0,0.26,0,9,,5
1020057,Jajá,jaja,171626,Pafos FC,6.74,53.9,8,2,1,4,1,0.63,3,59,42,101,58.42,18,44,26,6,11,40.74,8,1,0,0,0,3,15.79,10,5,3,23,44.23,2,50.0,25,44.64,284,20.0,0,0,0,0,0,0,1,1,7,3,0,0,2,4,100.0,0,0,0,3,89,5,15,8,202,4,3,0,0,7,1,2,0,0,,,,0,0,0,0,0,4,0,0,0,0,0,0,3,0.0,0.0,6,27,19,31,2,0,0,0,4,4,6,75.0,142.0,0,0,0,22,98,0,1.96,0,19,,8
890634,Novica Eraković,novica-erakovic,3395,Omonia Nicosia,6.74,53.9,8,0,0,0,0,0.39,0,236,38,274,86.13,118,118,59,2,2,40.0,11,9,0,0,0,0,0.0,2,0,2,17,50.0,14,56.0,31,52.54,483,0.0,0,0,0,1,0,0,0,0,0,2,0,0,0,8,61.54,5,0,0,3,54,4,8,6,337,4,3,0,0,8,0,0,0,0,,,,0,0,0,0,0,8,0,0,0,0,0,0,5,0.0,0.0,2,5,0,28,11,0,0,0,13,8,7,63.64,0.0,0,0,0,124,150,0,0.06,0,27,,8
1065233,Max Dean,max-dean,2903,KAA Gent,6.73,40.4,6,1,1,2,1,0.42,2,42,11,53,79.25,9,33,22,3,0,0.0,3,0,2,0,0,0,0.0,6,3,1,9,47.37,4,40.0,13,44.83,186,16.67,1,1,0,0,0,0,1,0,5,1,0,0,1,4,66.67,0,0,0,5,31,2,7,3,96,6,3,0,0,1,0,2,0,0,,,,0,0,0,0,0,4,0,0,0,0,0,0,1,100.0,0.0,3,2,2,16,6,0,0,0,6,4,2,66.67,186.0,0,0,0,10,45,0,1.66,0,7,,6
12189,Marek Suchý,marek-suchy,2224,Mladá Boleslav,6.73,40.4,6,1,0,0,0,0.15,1,243,26,269,90.33,201,42,9,0,0,0.0,6,9,2,0,0,0,0.0,2,1,1,10,43.48,8,53.33,18,47.37,534,50.0,0,0,0,0,0,0,1,0,2,0,0,0,1,12,50.0,24,0,0,2,35,0,12,8,338,4,6,0,0,4,0,0,0,0,,,,1,0,0,0,0,9,1,0,0,0,0,0,6,0.0,0.0,0,1,0,20,7,0,0,0,24,10,3,50.0,534.0,0,0,0,217,52,0,0.75,0,15,,6
993811,Ivan Milosavljević,ivan-milosavljevic,263360,FK TSC Bačka Topola,6.73,20.2,3,0,1,0,1,0.21,1,36,16,52,69.23,17,20,12,2,5,83.33,2,2,0,0,0,1,100.0,0,0,0,8,57.14,2,28.57,10,47.62,175,0.0,0,0,0,0,0,0,0,0,0,0,0,0,0,0,0.0,2,0,0,2,24,1,3,1,83,1,1,0,0,2,0,0,0,0,,,,0,0,0,0,0,2,2,0,0,0,0,0,2,0.0,0.0,2,6,1,11,5,0,0,0,3,4,1,50.0,0.0,0,0,0,25,28,0,,0,5,,4
1425339,Gilles De Meyer,gilles-de-meyer,2903,KAA Gent,6.73,20.2,3,0,0,0,0,0.3,0,91,13,104,87.5,30,62,36,1,3,75.0,5,0,0,0,0,1,14.29,0,0,0,9,47.37,3,50.0,12,48.0,150,0.0,0,0,0,0,0,0,0,0,0,0,0,0,0,2,28.57,7,0,0,4,33,0,4,2,157,1,4,0,0,1,0,0,0,0,,,,1,0,0,0,0,1,0,0,0,0,0,0,1,0.0,0.0,1,4,7,13,3,0,0,0,7,1,1,20.0,0.0,0,0,0,35,76,0,,0,9,,3
1031170,Lukas Jungwirth,lukas-jungwirth,2058,LASK,6.73,20.2,3,0,0,0,0,0.0,0,64,28,92,69.57,56,8,2,0,0,0.0,0,0,1,0,0,0,0.0,0,0,0,0,0.0,5,100.0,5,83.33,261,0.0,0,0,0,0,0,0,0,0,0,0,0,0,0,15,35.71,3,0,0,0,28,0,10,4,129,2,0,0,0,1,0,0,0,11,,,,0,2,0,4,0,9,1,1,0,0,6,0,2,0.0,0.0,0,0,0,1,0,0,0,0,42,10,0,0.0,0.0,0,0,1,66,26,0,,19,21,,3
856799,Hampus Finndell,hampus-finndell,1759,Djurgårdens IF,6.73,40.4,6,0,1,0,0,0.76,0,138,32,170,81.18,66,74,40,3,0,0.0,9,2,1,0,0,2,100.0,7,0,5,11,37.93,1,25.0,12,36.36,393,0.0,0,0,0,0,0,0,0,0,3,4,0,0,0,10,47.62,8,0,0,2,39,1,16,10,218,2,9,0,1,7,0,2,0,0,,,,0,0,0,0,0,8,0,0,0,0,0,0,4,0.0,0.0,3,0,2,21,3,0,0,0,21,8,6,66.67,0.0,0,0,0,74,98,0,0.49,0,21,,6
1149220,Jakob Schöller,jakob-scholler,2055,SK Rapid Wien,6.73,20.2,3,0,0,1,0,0.05,0,51,15,66,77.27,19,32,13,0,2,66.67,5,2,0,0,0,0,0.0,3,0,3,7,87.5,6,66.67,13,76.47,110,0.0,0,0,0,0,0,0,0,0,3,0,0,0,0,2,33.33,7,0,0,0,19,0,3,1,97,0,0,0,0,0,0,0,0,0,,,,0,0,0,0,0,4,0,0,0,0,0,0,0,0.0,0.0,0,3,0,4,3,0,0,0,6,4,4,80.0,0.0,0,0,0,23,43,0,0.35,0,8,,3
885086,Ben Clark,ben-clark,4921,The New Saints,6.73,40.4,6,0,0,0,0,0.16,0,38,16,54,70.37,16,23,13,1,7,63.64,5,2,0,0,0,1,100.0,3,1,2,13,50.0,3,60.0,16,51.61,309,0.0,0,0,0,0,0,0,0,0,0,3,0,0,0,3,42.86,3,0,0,2,30,0,6,2,102,1,4,0,0,3,0,0,0,0,,,,0,0,0,0,0,6,0,0,0,0,0,0,4,0.0,0.0,1,11,1,15,2,0,0,0,7,6,3,60.0,0.0,0,0,0,18,37,0,0.13,0,11,,6
73293,Srđan Grahovac,sran-grahovac,5235,FK Borac Banja Luka,6.73,40.4,6,0,0,0,0,0.29,0,225,44,269,83.64,127,98,45,0,2,100.0,7,1,0,0,0,0,0.0,2,0,1,16,59.26,5,50.0,21,56.76,414,0.0,0,0,0,0,0,0,0,0,2,0,0,0,0,5,31.25,8,0,0,1,51,0,17,8,316,7,5,0,0,5,0,1,0,0,,,,1,0,0,0,0,5,1,0,0,0,0,0,4,0.0,0.0,0,2,1,16,5,0,0,0,16,6,2,28.57,0.0,0,0,0,142,128,0,0.05,0,19,,6
806964,Berkay Özcan,berkay-ozcan,3086,Başakşehir FK,6.73,20.2,3,0,0,0,0,0.1,0,53,4,57,92.98,26,27,15,1,1,50.0,0,0,0,0,0,0,0.0,1,1,0,3,60.0,1,50.0,4,57.14,124,0.0,0,0,0,0,0,0,0,0,1,0,0,0,0,1,33.33,1,0,0,0,8,1,5,3,70,2,0,0,0,1,0,0,0,0,,,,0,0,0,0,0,2,0,0,0,0,0,0,1,0.0,0.0,1,2,1,3,1,0,0,0,3,2,0,0.0,0.0,0,0,0,27,31,0,0.04,0,4,,3
1084906,Viktor Rogan,rogan-viktor,5235,FK Borac Banja Luka,6.73,20.2,3,0,0,0,0,0.06,0,45,12,57,78.95,18,28,18,2,0,0.0,3,2,0,0,0,1,25.0,1,0,1,7,43.75,3,100.0,10,52.63,177,0.0,0,0,0,0,0,0,0,0,0,1,0,0,0,5,50.0,13,0,0,1,27,0,6,4,121,4,2,0,0,1,0,0,0,0,,,,0,0,0,0,0,2,1,0,0,0,0,0,2,0.0,0.0,2,5,4,9,0,0,0,0,10,3,2,66.67,0.0,0,0,0,22,39,0,0.02,0,3,,4
1406639,Victor Froholdt,victor-froholdt,1284,FC København,6.73,67.3,10,0,0,0,0,0.45,0,220,38,258,85.27,94,127,66,2,8,61.54,19,9,0,0,0,1,33.33,4,3,0,31,48.44,10,45.45,41,47.67,562,0.0,0,0,0,0,0,0,0,0,2,2,0,0,0,3,37.5,5,0,0,7,63,3,4,1,360,4,15,0,0,7,0,1,0,0,,,,0,0,0,0,0,9,2,0,0,0,0,0,5,0.0,0.0,2,13,3,45,12,0,0,0,8,11,10,52.63,0.0,0,0,0,107,154,0,0.3,0,35,,10
232082,Damjan Vuklišević,damjan-vuklisevic,2413,NK Celje,6.73,67.3,10,0,0,0,0,0.06,0,347,33,380,91.32,252,95,26,0,0,0.0,12,10,2,0,0,0,0.0,3,1,2,12,52.17,22,78.57,34,66.67,664,0.0,0,0,0,0,0,0,0,0,3,0,0,0,0,25,60.98,42,0,0,1,36,0,18,11,472,0,5,0,0,4,0,0,0,0,,,,0,0,0,0,0,13,2,0,0,0,0,0,6,0.0,0.0,0,1,0,17,6,0,0,0,41,15,3,25.0,0.0,0,0,0,266,114,0,0.15,0,18,,10
317301,Danilo Cataldi,danilo-cataldi,2693,Fiorentina,6.73,47.1,7,0,0,0,0,0.34,0,145,25,170,85.29,66,81,36,4,1,50.0,4,3,1,0,0,2,28.57,2,1,0,5,33.33,0,0.0,5,33.33,312,0.0,0,0,0,0,1,0,0,0,0,2,0,0,0,7,43.75,5,0,0,0,32,1,17,5,200,0,6,0,0,3,0,1,0,0,,,,0,0,0,0,0,3,0,0,0,0,0,0,4,0.0,0.0,4,2,7,10,0,0,0,0,16,3,4,100.0,0.0,0,0,0,73,104,0,0.11,0,13,,7
1117838,Raymond Adeola,raymond-adeola,3361,Dinamo Minsk,6.73,26.9,4,1,0,0,0,0.0,1,12,11,23,52.17,4,8,4,0,1,25.0,6,1,0,0,0,0,0.0,3,1,2,11,68.75,1,12.5,12,50.0,175,33.33,0,0,0,0,0,0,1,0,2,1,0,0,1,0,0.0,1,0,0,2,26,1,2,0,57,4,0,0,0,0,0,0,0,0,,,,0,0,0,0,0,3,0,0,0,0,0,0,2,0.0,0.0,0,4,5,12,7,0,0,0,1,3,2,33.33,175.0,0,0,0,5,23,0,0.8,0,3,,4
57291,Hovhannes Hambardzumyan,hovhannes-hambardzumyan,262228,FC Noah,6.73,26.9,4,0,0,0,0,0.08,0,93,16,109,85.32,45,49,26,2,1,33.33,7,8,1,0,0,1,16.67,3,0,2,9,52.94,5,100.0,14,63.64,257,0.0,0,0,0,1,0,0,0,0,1,2,0,0,0,4,44.44,14,0,0,1,32,0,7,3,184,2,2,0,0,4,0,1,0,0,,,,0,0,0,0,0,9,1,0,0,0,0,0,2,0.0,0.0,2,3,6,8,0,0,0,0,9,10,4,57.14,0.0,0,0,0,50,65,0,0.12,0,13,,4
836897,Aleksa Amanović,aleksa-amanovic,36155,Astana,6.73,26.9,4,0,0,0,0,0.04,0,94,22,116,81.03,57,37,17,0,2,40.0,5,2,2,0,0,0,0.0,3,1,2,19,54.29,0,0.0,19,50.0,315,0.0,0,0,0,0,0,0,0,0,1,2,0,0,0,8,47.06,5,0,0,1,28,1,8,4,162,12,10,0,0,2,0,0,0,0,,,,1,0,0,0,0,4,1,0,0,0,0,0,4,0.0,0.0,0,5,0,19,3,0,0,0,17,5,4,80.0,0.0,0,0,0,62,54,0,0.1,0,15,,4
910076,Felix Mambimbi,felix-mambimbi,2442,FC St. Gallen 1879,6.72,33.6,5,2,0,1,0,0.05,2,34,11,45,75.56,16,18,15,0,3,50.0,2,0,1,0,0,0,0.0,7,4,3,9,42.86,1,20.0,10,38.46,169,28.57,0,0,0,0,0,0,1,1,5,2,0,0,2,1,100.0,0,0,0,4,32,1,3,1,87,4,2,0,0,3,0,0,0,0,,,,0,0,0,0,0,7,0,0,0,0,0,0,2,0.0,0.0,0,6,3,16,4,0,0,0,1,7,1,50.0,84.5,0,0,0,17,31,0,0.61,0,7,,5
910389,Neil Farrugia,neil-farrugia,3177,Shamrock Rovers,6.72,33.6,5,1,1,0,1,0.55,2,81,22,103,78.64,26,57,34,6,3,42.86,8,2,0,0,1,2,28.57,4,1,3,13,44.83,5,31.25,18,40.0,379,25.0,0,0,0,0,0,0,1,0,2,2,0,1,0,2,50.0,2,0,1,6,53,0,1,1,175,2,2,0,0,4,1,0,0,0,,,,0,0,0,0,0,7,0,0,0,0,0,0,5,0.0,0.0,6,7,7,27,11,0,0,0,4,7,5,62.5,379.0,1,0,0,34,76,0,1.17,0,14,,5
997215,Marko Lazetić,marko-lazetic,263360,FK TSC Bačka Topola,6.72,33.6,5,1,0,0,0,0.19,1,30,3,33,90.91,10,20,13,3,0,0.0,2,1,2,0,0,0,0.0,4,1,1,4,25.0,4,57.14,8,34.78,202,25.0,0,0,0,0,0,0,1,0,4,0,1,0,0,0,0.0,0,0,0,6,18,1,0,0,64,2,5,0,0,0,2,2,0,0,,,,0,0,0,0,0,3,1,0,0,0,0,0,2,0.0,0.0,3,1,1,15,3,0,0,0,0,4,2,100.0,202.0,0,0,0,11,23,0,0.52,0,3,,6
1063977,Leon Flach,leon-flach,7691,Jagiellonia Białystok,6.72,33.6,5,0,0,0,0,0.28,0,82,33,115,71.3,45,37,18,4,0,0.0,18,7,1,0,0,0,0.0,0,0,0,21,51.22,7,58.33,28,52.83,401,0.0,0,0,0,0,0,0,0,0,0,0,0,0,0,5,50.0,12,0,0,2,44,0,15,6,175,3,10,0,0,6,2,0,0,0,,,,0,0,0,0,0,4,2,0,0,0,0,0,5,0.0,0.0,4,2,2,25,5,0,0,0,10,6,9,50.0,0.0,0,0,0,59,58,0,,0,13,,5
891737,Dmitri Podstrelov,dmitri-podstrelov,3361,Dinamo Minsk,6.72,33.6,5,0,0,0,0,0.24,0,54,16,70,77.14,17,39,23,3,1,33.33,13,3,1,0,0,2,18.18,3,1,2,20,60.61,2,22.22,22,52.38,365,0.0,0,0,0,0,0,0,0,0,3,0,0,0,0,0,0.0,0,0,0,2,38,3,2,0,129,6,7,0,0,3,3,0,0,0,,,,0,0,0,0,0,10,1,0,0,0,0,0,5,0.0,0.0,3,3,11,20,7,0,0,0,6,11,10,76.92,0.0,0,0,0,22,59,0,0.23,0,17,,5
972886,Fabiano Parisi,fabiano-parisi,2693,Fiorentina,6.72,73.9,11,0,2,1,1,0.97,1,251,39,290,86.55,114,142,66,7,14,41.18,19,3,3,0,0,5,38.46,6,2,4,49,47.57,10,76.92,59,50.86,663,0.0,0,0,0,0,0,0,0,0,5,1,0,0,0,14,63.64,12,1,0,16,111,2,18,8,496,16,12,0,0,6,3,0,0,0,,,,2,0,0,0,0,10,1,0,0,0,0,0,7,0.0,0.0,7,34,13,57,3,0,0,0,22,11,12,63.16,0.0,0,0,0,127,176,0,0.28,0,38,,11
842288,Gonçalo Gregório,goncalo-gregorio,262228,FC Noah,6.72,40.3,6,0,1,1,1,0.21,1,62,10,72,86.11,37,25,18,4,0,0.0,4,0,0,0,0,0,0.0,2,2,0,8,50.0,4,40.0,12,46.15,213,0.0,0,0,0,0,0,0,0,0,2,0,0,0,0,4,80.0,1,0,0,2,20,2,4,4,100,4,6,0,0,1,1,0,0,0,,,,0,0,0,0,0,10,1,0,0,0,0,0,2,0.0,0.0,4,1,0,14,6,0,0,0,5,11,4,100.0,0.0,0,0,0,41,31,0,0.41,0,6,,6
970374,Adam Wilson,adam-wilson,4921,The New Saints,6.72,40.3,6,0,0,0,0,0.09,0,25,3,28,89.29,10,15,11,3,6,66.67,5,2,0,0,0,0,0.0,2,0,1,13,54.17,1,25.0,14,50.0,169,0.0,0,0,0,0,0,0,0,0,1,1,0,0,0,0,0.0,0,0,0,7,19,1,0,0,72,2,1,0,0,0,0,1,0,0,,,,0,0,0,0,0,3,0,0,0,0,0,0,1,0.0,0.0,3,9,2,14,3,0,0,0,0,3,4,80.0,0.0,0,0,0,11,19,0,0.21,0,5,,6
801003,Jordan Torunarigha,jordan-torunarigha,2903,KAA Gent,6.72,40.3,6,0,0,0,0,0.1,0,235,43,278,84.53,149,87,30,3,2,50.0,5,7,1,0,0,1,33.33,1,0,1,11,45.83,15,83.33,26,61.9,463,0.0,0,0,0,0,0,0,0,0,1,0,0,0,0,11,32.35,30,1,1,1,53,1,30,13,357,4,4,0,0,6,0,0,0,0,,,,2,0,0,0,0,8,1,0,0,0,0,0,5,0.0,0.0,3,4,3,16,3,0,0,0,34,9,1,20.0,0.0,0,0,0,165,116,0,0.03,2,26,,6
189059,Gary O Neill,gary-o-neill,3177,Shamrock Rovers,6.71,47.0,7,0,0,0,0,0.24,0,207,36,243,85.19,114,93,32,2,0,0.0,11,6,0,0,0,0,0.0,2,1,1,14,53.85,2,50.0,16,53.33,443,0.0,0,0,0,0,0,0,0,0,1,1,0,0,0,6,35.29,6,0,0,1,44,2,9,2,288,3,7,0,0,4,0,0,0,0,,,,1,0,0,0,0,7,1,0,0,0,0,0,5,0.0,0.0,2,0,0,14,2,0,0,0,17,8,7,63.64,0.0,0,0,0,121,122,0,0.07,0,21,,7
1106681,Felipe Augusto,felipe-augusto,2929,Cercle Brugge,6.71,53.7,8,2,1,3,0,0.7,2,38,24,62,61.29,11,27,20,2,4,30.77,3,1,1,0,0,0,0.0,14,6,5,9,31.03,19,47.5,28,40.58,469,14.29,0,0,0,0,0,0,2,0,13,1,0,1,1,0,0.0,2,0,0,4,59,3,4,1,142,3,5,0,0,2,4,3,0,0,,,,1,0,0,0,0,5,2,0,0,0,0,0,5,0.0,0.0,2,13,3,41,21,0,0,0,1,7,3,100.0,234.5,0,0,0,12,53,0,2.52,0,8,,8
1800245,Jesús Rodriguez,jesus-rodriguez,2816,Real Betis,6.71,53.7,8,1,0,3,0,0.54,1,126,24,150,84.0,25,101,60,2,17,54.84,10,4,0,0,0,0,0.0,12,2,6,32,50.79,2,40.0,34,50.0,411,8.33,0,0,0,0,0,0,1,0,10,2,0,0,1,2,50.0,3,0,0,9,63,5,7,0,256,5,5,1,0,3,0,4,0,0,,,,0,0,0,0,0,3,2,0,0,0,0,0,5,0.0,0.0,2,31,3,34,3,0,0,0,4,5,5,50.0,411.0,0,0,0,30,123,0,1.7,0,23,,8
289025,Jacob Rinne,jacob-rinne,1759,Djurgårdens IF,6.71,60.4,9,0,0,0,0,0.02,0,163,84,247,65.99,137,26,8,1,0,0.0,0,0,0,0,0,0,0.0,0,0,0,0,0.0,0,0.0,0,0.0,764,0.0,0,0,0,0,0,0,0,0,0,0,0,0,0,39,32.5,5,1,0,0,86,0,28,14,311,0,0,0,0,2,0,0,0,20,,,,1,0,0,15,5,10,1,1,2,2,8,0,8,0.0,0.0,1,0,0,2,0,0,0,0,120,11,0,0.0,0.0,0,0,5,162,85,0,,55,63,,9
1157614,August Priske,august-priske,1759,Djurgårdens IF,6.7,60.3,9,1,2,1,1,1.51,2,73,26,99,73.74,31,42,24,4,3,25.0,5,0,0,0,0,0,0.0,11,3,6,13,30.95,10,43.48,23,35.38,520,9.09,0,0,0,0,0,0,1,0,8,3,0,1,0,2,100.0,6,0,0,7,62,4,1,0,182,5,13,0,0,3,4,2,0,0,,,,0,0,0,0,0,9,1,0,0,0,0,0,4,0.0,0.0,4,12,4,42,13,0,0,0,2,10,3,60.0,520.0,0,0,0,38,65,0,1.08,0,16,,10
1047000,Kai Meriluoto,kai-meriluoto,2242,HJK,6.7,20.1,3,1,0,1,0,0.01,1,7,2,9,77.78,2,5,2,0,0,0.0,0,0,0,0,0,0,0.0,2,1,1,0,0.0,0,0.0,0,0.0,35,50.0,0,0,0,0,0,0,1,0,2,0,0,0,1,0,0.0,0,0,0,0,4,1,0,0,15,0,0,0,0,1,0,0,0,0,,,,0,0,0,0,0,1,0,0,0,0,0,0,0,0.0,0.0,0,0,0,1,0,0,0,0,0,1,0,0.0,35.0,0,0,0,2,7,0,0.88,0,3,,4
988909,Philippe Keny,philippe-keny,3086,Başakşehir FK,6.7,26.8,4,1,1,1,0,0.16,1,24,16,40,60.0,10,14,10,2,4,36.36,3,2,0,0,0,0,0.0,3,1,1,9,40.91,7,43.75,16,42.11,201,33.33,0,0,0,0,0,0,1,0,3,0,0,0,1,1,33.33,1,0,0,4,42,2,3,2,88,2,1,0,0,2,0,1,0,0,,,,0,0,0,0,0,2,0,0,0,0,0,0,2,0.0,0.0,2,11,4,22,9,0,0,0,3,2,2,66.67,201.0,0,0,0,12,32,0,0.56,0,13,,4
823156,Maximilian Entrup,maximilian-entrup,2058,LASK,6.7,40.2,6,0,2,2,1,0.56,1,63,11,74,85.14,23,40,24,4,4,66.67,2,2,2,0,0,0,0.0,5,4,1,10,43.48,2,100.0,12,48.0,312,0.0,0,0,0,0,0,0,0,0,4,1,0,0,0,1,50.0,2,0,0,7,29,4,2,1,120,4,3,0,0,1,1,0,0,0,,,,0,0,0,0,0,8,2,0,0,0,0,0,3,0.0,0.0,4,6,3,13,0,0,0,0,2,10,0,0.0,0.0,0,0,0,24,53,0,0.6,0,10,,6
1426224,Mathis Amougou,mathis-amougou,38,Chelsea,6.7,6.7,1,0,0,0,0,0.01,0,20,3,23,86.96,0,20,4,0,0,0.0,1,1,0,0,0,0,0.0,0,0,0,1,33.33,0,0.0,1,33.33,15,0.0,0,0,0,0,0,0,0,0,0,0,0,0,0,0,0.0,0,0,0,0,4,0,1,0,28,0,0,0,0,1,0,0,0,0,,,,0,0,0,0,0,0,0,0,0,0,0,0,0,0.0,0.0,0,1,0,2,0,0,0,0,0,0,1,100.0,0.0,0,0,0,1,22,0,,0,1,,1
1403049,Harrison Murray-Campbell,harrison-murray-campbell,38,Chelsea,6.7,6.7,1,0,0,0,0,0.01,0,32,7,39,82.05,20,12,6,0,0,0.0,1,0,0,0,0,0,0.0,0,0,0,1,50.0,0,0.0,1,50.0,31,0.0,0,0,0,0,0,0,0,0,0,0,0,0,0,0,0.0,1,0,0,0,8,0,3,0,44,0,0,0,0,1,0,0,0,0,,,,0,0,0,0,0,0,0,0,0,0,0,0,0,0.0,0.0,0,0,0,1,0,0,0,0,3,0,1,100.0,0.0,0,0,0,21,18,0,,0,2,,1
540112,Erik Palmer Brown,erik-palmer-brown,3248,Panathinaikos FC,6.7,6.7,1,0,0,0,0,0.01,0,23,4,27,85.19,14,9,2,0,0,0.0,0,2,0,0,0,0,0.0,0,0,0,0,0.0,1,100.0,1,50.0,37,0.0,0,0,0,0,0,0,0,0,0,0,0,0,0,1,33.33,4,0,0,0,4,0,1,0,34,0,1,0,0,0,0,0,0,0,,,,0,0,0,0,0,1,0,0,0,0,0,0,1,0.0,0.0,0,0,0,1,0,0,0,0,3,1,0,0.0,0.0,0,0,0,16,11,0,,0,2,,1
1133052,Jordan Majchrzak,majchrzak-jordan,3106,Legia Warszawa,6.7,6.7,1,0,0,0,0,,0,0,2,2,0.0,0,0,0,0,1,100.0,1,0,0,0,0,0,0.0,0,0,0,3,60.0,0,0.0,3,60.0,9,0.0,0,0,0,0,0,0,0,0,0,0,0,0,0,0,0.0,0,0,0,2,5,0,0,0,9,1,0,0,0,0,0,0,0,0,,,,0,0,0,0,0,0,0,0,0,0,0,0,0,0.0,0.0,0,1,0,2,0,0,0,0,0,0,1,100.0,0.0,0,0,0,0,2,0,,0,0,,1
1906267,Amin Gröller,amin-groller,2055,SK Rapid Wien,6.7,6.7,1,0,0,0,0,0.02,0,28,3,31,90.32,11,17,9,0,1,100.0,1,1,0,0,0,0,0.0,0,0,0,2,100.0,0,0.0,2,100.0,45,0.0,0,0,0,0,0,0,0,0,0,0,0,0,0,1,100.0,3,0,0,0,5,0,3,2,46,0,0,0,0,0,0,0,0,0,,,,0,0,0,0,0,1,2,0,0,0,0,0,0,0.0,0.0,0,1,1,0,0,0,0,0,1,3,1,100.0,0.0,0,0,0,11,21,0,,0,0,,1
801918,Neofytos Michail,neofytos-michail,171626,Pafos FC,6.7,6.7,1,0,0,0,0,0.0,0,21,1,22,95.45,21,0,0,0,0,0.0,0,0,0,0,0,0,0.0,0,0,0,0,0.0,0,0.0,0,0.0,90,0.0,0,0,0,0,0,0,0,0,0,0,0,0,0,2,66.67,0,0,0,0,1,0,0,0,30,0,0,0,0,1,0,0,0,3,,,,0,0,0,2,1,2,0,0,0,0,0,0,1,0.0,0.0,0,0,0,1,0,0,0,0,3,2,0,0.0,0.0,0,0,1,22,0,0,,6,5,,1
1461485,Jonas Harder,jonas-harder,2693,Fiorentina,6.7,6.7,1,0,0,0,0,0.01,0,17,1,18,94.44,7,10,3,0,0,0.0,0,1,0,0,0,0,0.0,0,0,0,1,100.0,0,0.0,1,100.0,14,0.0,0,0,0,0,0,0,0,0,0,0,0,0,0,0,0.0,0,0,0,0,1,0,0,0,20,1,0,0,0,0,0,0,0,0,,,,0,0,0,0,0,0,0,0,0,0,0,0,0,0.0,0.0,0,0,0,0,0,0,0,0,1,0,0,0.0,0.0,0,0,0,7,11,0,,0,2,,1
1548916,Jakub Adkonis,jakub-adkonis,3106,Legia Warszawa,6.7,6.7,1,0,0,0,0,0.0,0,4,1,5,80.0,2,2,1,1,0,0.0,0,0,0,0,0,0,0.0,0,0,0,0,0.0,0,0.0,0,0.0,9,0.0,0,0,0,0,0,0,0,0,0,0,0,0,0,0,0.0,0,0,0,0,2,0,2,1,6,0,0,0,0,0,0,0,0,0,,,,0,0,0,0,0,0,0,0,0,0,0,0,0,0.0,0.0,1,0,1,0,0,0,0,0,0,0,0,0.0,0.0,0,0,0,2,4,0,,0,0,,1
59580,Aleksandr Sachivko,aleksandr-sachivko,3361,Dinamo Minsk,6.7,6.7,1,0,0,0,0,0.01,0,48,7,55,87.27,32,16,6,0,0,0.0,0,2,0,0,0,0,0.0,0,0,0,0,0.0,4,100.0,4,80.0,90,0.0,0,0,0,0,0,0,0,0,0,0,0,0,0,3,37.5,9,0,0,0,8,0,4,3,71,0,0,0,0,0,0,0,0,0,,,,0,0,0,0,0,2,0,0,0,0,0,0,1,0.0,0.0,0,1,0,1,0,0,0,0,8,2,0,0.0,0.0,0,0,0,34,21,0,,0,2,,1
31470,Magnus Eriksson,magnus-eriksson,1759,Djurgårdens IF,6.7,13.4,2,0,0,0,0,0.05,0,63,12,75,84.0,20,43,21,0,0,0.0,1,0,0,0,0,0,0.0,0,0,0,2,33.33,0,0.0,2,33.33,108,0.0,0,0,0,0,0,0,0,0,0,0,0,0,0,6,54.55,2,0,0,1,27,1,17,9,98,1,2,0,0,0,0,0,0,0,,,,0,0,0,0,0,2,1,0,0,0,0,0,1,0.0,0.0,0,1,11,4,0,0,0,0,11,3,1,100.0,0.0,0,0,0,20,66,0,,0,14,,2
60469,Timur Dosmagambetov,timur-dosmagambetov,36155,Astana,6.7,13.4,2,0,0,0,0,0.02,0,60,14,74,81.08,32,28,9,1,0,0.0,5,2,0,0,0,0,0.0,0,0,0,5,38.46,2,100.0,7,46.67,180,0.0,0,0,0,0,0,0,0,0,0,0,0,0,0,1,20.0,8,0,0,1,32,1,3,1,125,0,2,0,0,5,0,0,0,0,,,,0,0,0,0,0,3,0,0,0,0,0,0,2,0.0,0.0,1,0,12,8,0,0,0,0,5,3,3,60.0,0.0,0,0,0,38,48,0,,0,11,,2
1857128,Atlee Manneh,manneh-atlee,1759,Djurgårdens IF,6.7,6.7,1,0,0,0,0,0.0,0,11,0,11,100.0,7,4,1,0,0,0.0,0,1,0,0,0,0,0.0,0,0,0,0,0.0,0,0.0,0,0.0,25,0.0,0,0,0,0,0,0,0,0,0,0,0,0,0,0,0.0,3,0,0,0,0,0,0,0,15,0,1,0,0,0,0,0,0,0,,,,0,0,0,0,0,0,0,0,0,0,0,0,0,0.0,0.0,0,0,0,1,0,0,0,0,0,0,0,0.0,0.0,0,0,0,7,4,0,,0,1,,2
86285,Abzal Beysebekov,abzal-beysebekov,36155,Astana,6.7,13.4,2,0,0,0,0,0.05,0,94,18,112,83.93,57,38,13,1,0,0.0,3,0,0,0,0,1,14.29,0,0,0,3,75.0,2,25.0,5,41.67,180,0.0,0,0,0,0,0,0,0,0,0,0,0,0,0,7,43.75,11,0,2,0,26,0,12,7,142,0,1,0,0,0,0,0,0,0,,,,0,0,0,0,0,3,0,0,0,0,0,0,2,0.0,0.0,1,0,7,7,6,0,0,0,16,3,0,0.0,0.0,0,0,0,64,55,0,,0,5,,2
69795,Denis Polyakov,denis-polyakov,3361,Dinamo Minsk,6.7,13.4,2,0,0,0,0,0.01,0,83,11,94,88.3,63,20,4,1,0,0.0,5,5,1,0,0,0,0.0,0,0,0,6,66.67,3,50.0,9,60.0,180,0.0,0,0,0,0,0,0,0,0,0,0,0,0,0,6,46.15,9,0,0,0,11,0,6,3,120,1,2,0,0,1,1,0,0,0,,,,0,0,0,0,0,5,0,0,0,0,0,0,2,0.0,0.0,1,0,0,6,3,0,0,0,13,5,2,40.0,0.0,0,0,0,65,29,0,,0,1,,2
867437,Brooklyn Lyons-Foster,brooklyn-lyons-foster,2242,HJK,6.7,40.2,6,0,0,0,0,0.02,0,67,24,91,73.63,37,30,11,0,2,33.33,3,3,2,0,0,0,0.0,0,0,0,8,42.11,2,28.57,10,38.46,276,0.0,0,0,0,0,0,0,0,0,0,0,0,0,0,5,55.56,6,0,0,1,46,0,6,1,157,3,4,0,0,2,0,0,0,0,,,,0,0,0,0,0,3,1,0,0,0,0,0,2,0.0,0.0,0,6,9,16,5,0,0,0,9,4,2,66.67,0.0,0,0,0,45,55,0,,0,9,,6
977558,Leon Pohls,leon-pohls,3177,Shamrock Rovers,6.7,40.2,6,0,0,0,0,0.0,0,72,51,123,58.54,60,12,4,0,0,0.0,0,0,1,0,0,0,0.0,0,0,0,0,0.0,1,50.0,1,50.0,540,0.0,0,0,0,0,0,0,0,0,0,0,0,0,0,23,31.08,7,0,2,0,53,0,8,4,171,0,0,0,0,0,0,0,0,15,,,,1,0,0,8,6,8,1,4,1,1,2,0,6,0.0,0.0,0,0,0,1,1,0,0,0,74,9,0,0.0,0.0,0,0,5,67,56,0,,41,39,,6
918437,Mikkel Kaufmann,mikkel-kaufmann,5885,1. FC Heidenheim,6.7,26.8,4,0,0,2,0,0.1,0,34,17,51,66.67,9,25,17,3,3,75.0,4,2,1,0,0,0,0.0,5,3,2,8,34.78,9,45.0,17,39.53,273,0.0,0,0,0,0,0,0,0,0,4,1,0,0,0,2,50.0,3,0,0,4,32,0,3,3,93,1,10,1,0,1,2,0,0,0,,,,0,0,0,0,0,1,0,0,0,0,0,0,4,0.0,0.0,3,4,3,26,11,0,0,0,4,1,2,50.0,0.0,0,0,0,13,41,0,1.08,0,8,,4
1087355,Hevertton Santos,hevertton-santos,3009,Vitória SC,6.7,13.4,2,0,0,1,0,0.05,0,34,11,45,75.56,17,17,6,1,2,66.67,3,1,0,0,0,0,0.0,1,0,1,7,58.33,2,100.0,9,64.29,112,0.0,0,0,0,0,0,0,0,0,1,0,0,0,0,1,33.33,3,0,0,1,14,0,2,0,72,2,1,0,0,2,0,0,0,0,,,,0,0,0,0,0,3,0,0,0,0,0,0,2,0.0,0.0,1,3,0,5,0,0,0,0,3,3,3,100.0,0.0,0,0,0,20,25,0,0.58,0,3,,2
798689,Daniel Mancini,daniel-mancini,3248,Panathinaikos FC,6.7,40.2,6,0,1,1,0,0.42,0,57,24,81,70.37,26,36,22,6,3,60.0,4,1,0,0,0,5,35.71,4,2,1,10,66.67,0,0.0,10,62.5,182,0.0,0,0,0,1,0,0,0,0,4,0,0,0,0,4,57.14,2,0,0,2,43,2,9,3,124,3,3,0,0,0,2,1,0,0,,,,0,0,0,0,0,5,1,0,0,0,0,0,2,0.0,0.0,6,5,14,6,1,0,0,0,7,6,2,50.0,0.0,0,0,0,31,64,0,0.57,0,8,,7
137822,Marko Vukčević,marko-vukcevic,5235,FK Borac Banja Luka,6.7,33.5,5,0,0,1,0,0.16,0,116,39,155,74.84,71,52,32,4,0,0.0,6,7,2,0,0,7,41.18,4,2,2,8,42.11,1,20.0,9,37.5,328,0.0,0,0,0,0,0,0,0,0,2,2,0,0,0,2,18.18,7,0,0,2,70,0,17,6,268,2,6,1,0,3,0,0,0,0,,,,0,0,0,0,0,5,0,0,0,0,0,0,5,0.0,0.0,4,3,17,15,4,0,0,0,11,5,5,83.33,0.0,0,0,0,79,93,0,0.4,0,9,,5
183483,Andreas Cornelius,andreas-cornelius,1284,FC København,6.7,40.2,6,0,1,1,0,0.11,0,25,8,33,75.76,7,18,11,1,1,50.0,3,0,1,0,0,0,0.0,3,0,1,7,63.64,7,63.64,14,63.64,178,0.0,0,0,0,0,0,0,0,0,3,0,0,0,0,0,0.0,4,0,0,2,16,1,1,1,60,3,1,0,0,0,1,2,0,0,,,,0,0,0,0,0,2,0,0,0,0,0,0,1,0.0,0.0,1,2,2,8,4,0,0,0,0,2,2,66.67,0.0,0,0,0,9,26,0,0.23,0,4,,6
279445,Dan Cleary,dan-cleary,3177,Shamrock Rovers,6.7,46.9,7,0,1,0,0,0.19,0,267,55,322,82.92,163,104,60,2,2,50.0,4,5,3,0,0,0,0.0,3,0,2,7,30.43,18,66.67,25,50.0,630,0.0,0,0,0,0,0,0,0,0,3,0,0,0,0,18,52.94,32,2,1,1,74,2,26,12,422,2,10,0,0,4,0,1,0,0,,,,2,0,0,0,0,8,1,0,0,0,0,0,7,0.0,0.0,2,4,3,25,9,0,0,0,34,9,3,75.0,0.0,0,0,0,184,141,0,0.17,0,26,,7
877558,Daniel Mandroiu,daniel-mandroiu,3177,Shamrock Rovers,6.7,33.5,5,0,1,0,0,0.45,0,122,14,136,89.71,46,76,37,3,1,16.67,2,1,1,0,0,0,0.0,2,0,0,9,36.0,2,33.33,11,35.48,263,0.0,0,0,0,0,1,0,0,0,1,1,0,0,0,6,85.71,1,0,0,6,37,1,4,2,182,6,3,0,0,2,0,2,0,0,,,,1,0,0,0,0,1,1,0,0,0,0,0,3,0.0,0.0,3,6,3,20,4,0,0,0,7,2,1,50.0,0.0,0,0,0,51,88,0,0.16,0,11,,5
902053,Jordi Govea,jordi-govea,2416,NK Olimpija Ljubljana,6.7,20.1,3,0,0,0,0,0.0,0,5,4,9,55.56,3,2,2,1,1,100.0,1,0,0,0,0,0,0.0,2,0,1,2,100.0,1,50.0,3,75.0,33,0.0,0,0,0,0,0,0,0,0,0,2,0,0,0,0,0.0,0,0,0,0,7,0,1,1,20,0,0,1,0,0,1,1,0,0,,,,0,0,0,0,0,0,0,0,0,0,0,0,0,0.0,0.0,1,1,2,1,1,0,0,0,1,0,0,0.0,0.0,0,0,0,5,6,0,0.12,0,1,,3
1146156,Viktor Radojević,viktor-radojevic,263360,FK TSC Bačka Topola,6.7,13.4,2,0,0,0,0,0.03,0,81,33,114,71.05,34,47,25,1,2,50.0,5,3,0,0,0,0,0.0,4,0,3,11,57.89,5,71.43,16,61.54,180,0.0,0,0,0,0,0,0,0,0,0,4,0,0,0,1,14.29,7,0,0,1,43,0,13,3,173,4,2,0,1,3,0,1,0,0,,,,0,0,0,0,0,4,2,0,0,0,0,0,2,0.0,0.0,1,4,6,10,2,0,0,0,7,6,3,60.0,0.0,0,0,0,40,80,0,0.09,0,10,,2
7449,Joona Toivio,joona-toivio,2242,HJK,6.7,26.8,4,0,0,0,0,0.03,0,111,26,137,81.02,83,28,13,1,0,0.0,2,4,1,0,0,0,0.0,2,1,0,4,44.44,6,60.0,10,52.63,260,0.0,0,0,0,0,0,0,0,0,1,1,0,0,0,13,46.43,18,0,1,0,26,0,23,14,178,2,3,0,1,2,0,1,0,0,,,,1,0,0,0,0,2,1,0,0,0,0,0,3,0.0,0.0,1,0,0,9,4,0,0,0,28,3,1,50.0,0.0,0,0,0,89,48,0,0.08,0,6,,4
879556,Stefan Jovanović,stefan-jovanovic,263360,FK TSC Bačka Topola,6.7,53.6,8,0,0,0,0,0.41,0,226,48,274,82.48,100,128,64,7,2,66.67,21,13,2,0,0,2,14.29,2,0,1,30,44.78,5,33.33,35,42.68,698,0.0,0,0,0,0,0,0,0,0,0,2,0,0,0,8,36.36,18,0,0,5,84,1,13,6,458,8,18,0,0,13,0,1,0,0,,,,0,0,0,0,0,16,2,0,0,0,0,0,8,0.0,0.0,7,3,14,47,10,0,0,0,22,18,17,80.95,0.0,0,0,0,120,168,0,0.05,0,45,,8
1470533,Daniel Daga,daga-daniel,661,Molde FK,6.7,13.4,2,0,0,0,0,0.0,0,9,2,11,81.82,6,3,1,0,0,0.0,2,0,0,0,0,0,0.0,2,1,0,3,50.0,2,100.0,5,62.5,55,0.0,0,0,0,0,0,0,0,0,2,0,0,0,0,0,0.0,4,0,0,2,6,0,0,0,29,1,1,0,0,0,0,1,0,0,,,,0,0,0,0,0,1,0,0,0,0,0,0,0,0.0,0.0,0,0,0,3,0,0,0,0,0,1,1,50.0,0.0,0,0,0,6,5,0,0.04,0,2,,2
997198,Andrija Radulović,andrija-radulovic,2055,SK Rapid Wien,6.7,20.1,3,0,0,0,0,0.27,0,24,5,29,82.76,7,17,10,0,0,0.0,3,4,1,0,0,0,0.0,1,0,0,4,80.0,0,0.0,4,57.14,87,0.0,0,0,0,0,0,0,0,0,0,1,0,0,0,2,66.67,1,0,1,0,11,0,3,3,48,1,2,0,0,0,0,1,0,0,,,,0,0,0,0,0,0,0,0,0,0,0,0,1,0.0,0.0,0,0,2,3,2,0,0,0,3,0,1,33.33,0.0,0,0,0,7,24,0,0.03,0,4,,3
1082541,Hugo Gambor,hugo-gambor,2903,KAA Gent,6.7,20.1,3,0,0,0,0,0.04,0,67,21,88,76.14,33,34,22,0,2,66.67,5,2,1,0,0,0,0.0,1,0,0,14,66.67,0,0.0,14,63.64,205,0.0,0,0,0,0,0,0,0,0,0,1,0,0,0,1,25.0,1,0,0,1,34,0,8,4,142,7,3,0,0,2,0,1,0,0,,,,0,0,0,0,0,5,0,0,0,0,0,0,2,0.0,0.0,0,3,3,8,1,0,0,0,4,5,2,40.0,0.0,0,0,0,43,48,0,0.03,0,10,,3
1108216,Marius Corbu,marius-corbu,3398,APOEL Nicosia,6.7,13.4,2,0,0,0,0,0.05,0,21,1,22,95.45,2,19,6,3,2,100.0,1,0,0,0,0,0,0.0,2,0,0,3,37.5,1,50.0,4,40.0,34,0.0,0,0,0,0,0,0,0,0,0,2,0,0,0,1,100.0,0,0,0,5,9,1,1,1,38,0,0,0,0,0,0,2,0,0,,,,0,0,0,0,0,1,0,0,0,0,0,0,0,0.0,0.0,3,2,3,6,1,0,0,0,1,1,1,100.0,0.0,0,0,0,2,23,0,0.03,0,1,,3
993435,Jordan McEneff,jordan-mceneff,5184,Larne FC,6.7,40.2,6,0,0,0,0,0.2,0,70,24,94,74.47,32,40,26,2,1,33.33,9,0,0,0,0,2,66.67,2,0,1,16,66.67,3,60.0,19,65.52,304,0.0,0,0,0,0,0,0,0,0,0,2,0,0,0,5,55.56,11,0,0,0,37,0,6,5,149,6,2,0,0,4,1,1,0,0,,,,0,0,0,0,0,5,0,0,0,0,0,0,3,0.0,0.0,2,3,3,10,2,0,0,0,9,5,2,22.22,0.0,0,0,0,36,61,0,0.03,0,13,,6
980796,Dragoljub Savić,dragoljub-savic,263360,FK TSC Bačka Topola,6.7,6.7,1,0,0,0,0,0.04,0,6,1,7,85.71,2,4,4,1,2,40.0,1,0,0,0,0,0,0.0,1,0,1,3,33.33,0,0.0,3,33.33,31,0.0,0,0,0,0,0,0,0,0,0,1,0,0,0,0,0.0,0,0,0,2,8,1,0,0,19,0,1,0,0,0,0,0,0,0,,,,0,0,0,0,0,2,0,0,0,0,0,0,0,0.0,0.0,1,5,1,6,0,0,0,0,0,2,1,100.0,0.0,0,0,0,3,5,0,0.03,0,3,,1
862344,Helgi Guðjónsson,helgi-gudjonsson,1908,Víkingur Reykjavík,6.7,46.9,7,0,2,0,0,0.15,0,43,16,59,72.88,18,27,14,4,0,0.0,9,2,0,0,0,2,18.18,1,0,1,10,66.67,3,37.5,13,56.52,268,0.0,0,0,0,0,0,0,0,0,1,0,0,0,0,1,20.0,10,0,0,0,39,0,4,2,128,1,2,0,0,0,0,0,0,0,,,,0,0,0,0,0,6,0,0,0,0,0,0,2,0.0,0.0,4,3,11,10,5,0,0,0,5,6,6,66.67,0.0,0,0,0,22,48,0,0.03,0,5,,8
1215061,Moses Usor,moses-usor,2058,LASK,6.7,6.7,1,0,0,0,0,0.0,0,2,0,2,100.0,1,1,1,0,0,0.0,0,0,0,0,0,0,0.0,1,0,1,0,0.0,1,100.0,1,100.0,10,0.0,0,0,0,0,0,0,0,0,1,0,0,0,0,0,0.0,0,0,0,0,1,0,0,0,4,0,0,0,0,0,0,0,0,0,,,,0,0,0,0,0,0,0,0,0,0,0,0,1,0.0,0.0,0,0,0,0,0,0,0,0,0,0,0,0.0,0.0,0,0,0,1,1,0,0.02,0,0,,1
892272,Anderson Silva,anderson-silva,171626,Pafos FC,6.69,66.9,10,1,1,3,0,0.33,1,36,19,55,65.45,14,22,16,7,0,0.0,1,0,0,0,0,0,0.0,9,4,5,4,40.0,4,30.77,8,34.78,248,11.11,0,0,0,0,0,0,1,0,9,0,1,0,0,0,0.0,3,0,0,2,32,3,3,3,94,3,3,0,0,0,4,0,0,0,,,,0,0,0,0,0,3,1,0,0,0,0,0,1,0.0,0.0,7,2,1,15,9,0,0,0,1,4,0,0.0,248.0,0,0,0,17,39,0,1.48,0,10,,10
138895,Bruno Varela,bruno-varela,3009,Vitória SC,6.69,53.5,8,0,0,0,0,0.0,0,177,42,219,80.82,163,14,4,0,0,0.0,0,0,2,0,0,0,0.0,0,0,0,2,100.0,2,66.67,4,80.0,720,0.0,0,0,0,0,0,0,0,0,0,0,0,0,0,37,47.44,5,0,0,0,43,0,21,14,269,2,1,0,0,0,0,0,0,20,,,,0,0,0,11,9,10,2,0,2,2,2,1,8,0.0,0.0,0,0,0,1,1,0,0,0,78,12,0,0.0,0.0,0,0,2,170,49,0,,33,35,,8
267591,Milan Radin,milan-radin,263360,FK TSC Bačka Topola,6.69,46.8,7,0,1,4,0,0.59,0,341,62,403,84.62,144,199,87,9,5,50.0,10,11,5,0,0,2,28.57,11,2,4,30,42.86,13,68.42,43,48.31,630,0.0,0,0,0,0,0,0,0,0,7,4,0,0,0,10,47.62,6,1,1,5,90,2,17,8,519,15,21,1,0,10,0,5,0,0,,,,0,0,0,0,0,15,2,0,0,0,0,0,7,0.0,0.0,9,10,7,46,6,0,0,0,21,17,4,40.0,0.0,0,0,0,160,250,0,0.85,0,36,,7
1131048,Tomás Händel,tomas-handel,3009,Vitória SC,6.69,46.8,7,0,1,0,0,0.31,0,190,22,212,89.62,99,91,39,3,1,33.33,7,2,1,0,0,0,0.0,3,0,2,12,44.44,2,40.0,14,43.75,355,0.0,0,0,0,0,0,0,0,0,2,1,0,0,0,5,62.5,4,0,0,4,31,1,6,3,246,4,6,0,0,4,0,1,0,0,,,,0,0,0,0,0,7,2,0,0,0,0,0,4,0.0,0.0,3,3,1,18,3,0,0,0,8,9,4,57.14,0.0,0,0,0,105,108,0,0.17,0,23,,7
810663,Nikola Srećković,nikola-sreckovic,5235,FK Borac Banja Luka,6.68,40.1,6,0,0,0,0,0.03,0,46,12,58,79.31,17,29,18,2,2,22.22,7,0,1,0,0,0,0.0,6,3,3,11,42.31,4,30.77,15,38.46,249,0.0,0,0,0,0,0,0,0,0,4,2,0,0,0,1,33.33,4,0,0,4,39,1,3,3,115,2,3,0,0,1,3,0,0,0,,,,0,0,0,0,0,1,0,0,0,0,0,0,2,0.0,0.0,2,9,10,24,9,0,0,0,3,1,6,85.71,0.0,0,0,0,20,48,0,0.14,0,8,,6
931742,George Bello,george-bello,2058,LASK,6.68,40.1,6,0,0,0,0,0.29,0,163,34,197,82.74,81,82,37,3,2,66.67,9,8,1,0,0,0,0.0,3,0,2,21,63.64,6,75.0,27,65.85,506,0.0,0,0,0,0,0,0,0,0,1,2,0,0,0,5,31.25,8,0,0,4,70,0,10,5,326,10,3,0,0,4,0,1,0,0,,,,1,0,0,0,0,11,1,0,0,0,0,0,6,0.0,0.0,3,3,16,14,2,0,0,0,16,12,7,77.78,0.0,0,0,0,93,120,0,0.08,0,20,,6
65474,Aleksei Gavrilovich,aleksei-gavrilovich,3361,Dinamo Minsk,6.68,33.4,5,1,0,0,0,0.03,1,156,48,204,76.47,97,59,16,0,0,0.0,3,9,2,0,0,0,0.0,1,1,0,3,30.0,10,52.63,13,44.83,413,100.0,1,1,0,0,0,0,1,0,1,0,0,0,1,20,35.71,18,0,1,0,52,0,15,8,254,2,7,0,0,2,0,0,0,0,,,,1,0,0,0,0,10,1,0,0,0,0,0,5,100.0,0.0,0,0,1,16,9,0,0,0,56,11,2,66.67,413.0,0,0,0,108,97,0,0.79,0,14,,5
869795,Michael Folorunsho,michael-folorunsho,2693,Fiorentina,6.68,33.4,5,0,0,0,1,0.11,1,63,15,78,80.77,25,39,17,5,3,42.86,7,1,3,0,0,1,9.09,4,0,4,16,39.02,8,61.54,24,44.44,249,0.0,0,0,0,0,0,0,0,0,2,2,0,0,0,7,70.0,7,0,0,4,43,0,7,5,149,7,6,0,0,11,0,0,0,0,,,,0,0,0,0,0,5,0,0,0,0,0,0,2,0.0,0.0,5,7,11,30,5,0,0,0,10,5,3,42.86,0.0,0,0,0,27,62,0,0.12,0,11,,5
1000782,Sean Graham,sean-graham,5184,Larne FC,6.68,33.4,5,0,1,0,1,0.85,1,59,18,77,76.62,37,27,13,5,4,66.67,12,0,2,0,1,5,41.67,1,1,0,22,57.89,7,43.75,29,53.7,366,0.0,0,0,0,0,0,0,0,0,0,1,0,0,0,4,44.44,9,0,0,5,47,1,4,2,170,6,6,0,0,3,1,0,0,0,,,,1,0,0,0,0,8,1,0,0,0,0,0,4,0.0,0.0,5,6,12,25,9,0,0,0,9,9,10,83.33,0.0,1,0,0,45,44,0,0.02,0,11,,5
876857,Berat Özdemir,berat-ayberk-ozdemir,3086,Başakşehir FK,6.68,33.4,5,0,0,0,0,0.32,0,123,13,136,90.44,64,59,30,4,0,0.0,5,5,2,0,0,0,0.0,0,0,0,11,52.38,4,66.67,15,55.56,295,0.0,0,0,0,0,0,0,0,0,0,0,0,0,0,17,73.91,9,0,1,4,20,1,19,15,183,7,3,0,0,3,0,0,0,0,,,,0,0,0,0,0,9,0,0,0,0,0,0,3,0.0,0.0,4,0,0,12,2,0,0,0,23,9,2,40.0,0.0,0,0,0,70,66,0,,0,21,,5
1001795,Bryan Mendoza,mendoza-bryan,262228,FC Noah,6.68,33.4,5,0,1,0,0,0.18,0,99,15,114,86.84,67,33,17,3,1,100.0,3,4,0,0,0,1,12.5,0,0,0,6,46.15,3,75.0,9,52.94,211,0.0,0,0,0,0,0,0,0,0,0,0,0,0,0,4,57.14,5,0,0,2,29,0,7,3,164,2,4,0,0,1,0,0,0,0,,,,0,0,0,0,0,3,0,0,0,0,0,0,3,0.0,0.0,3,1,8,8,1,0,0,0,7,3,1,33.33,0.0,0,0,0,74,48,0,,0,11,,5
859344,Viktor Bergh,viktor-bergh,1759,Djurgårdens IF,6.68,33.4,5,0,0,0,0,0.15,0,101,20,121,83.47,36,66,38,1,1,25.0,6,1,0,0,0,1,100.0,1,1,0,12,52.17,2,40.0,14,50.0,241,0.0,0,0,0,0,0,0,0,0,1,0,0,0,0,3,42.86,6,0,0,2,29,0,11,7,172,5,3,0,0,3,0,0,0,0,,,,0,0,0,0,0,2,1,0,0,0,0,0,2,0.0,0.0,1,4,1,14,3,0,0,0,7,3,5,83.33,0.0,0,0,0,45,77,0,0.05,0,9,,5
1019012,Isak Helstad Amundsen,isak-helstad-amundsen,661,Molde FK,6.68,60.1,9,0,0,0,0,0.17,0,474,45,519,91.33,312,162,39,0,2,66.67,11,3,1,0,1,0,0.0,4,0,4,20,54.05,14,73.68,34,60.71,610,0.0,0,0,0,0,0,0,0,0,3,1,0,0,0,16,43.24,23,0,0,2,52,0,30,14,599,7,9,0,0,5,0,0,0,0,,,,1,0,0,0,0,8,2,0,0,0,0,0,6,0.0,0.0,0,3,0,22,5,0,0,0,37,10,6,54.55,0.0,1,0,0,319,200,0,0.19,0,35,,9
41236,Matjaž Rozman,matjaz-rozman,2413,NK Celje,6.68,26.7,4,0,0,0,0,0.0,0,83,27,110,75.45,79,4,1,0,0,0.0,1,0,0,0,0,0,0.0,0,0,0,1,100.0,0,0.0,1,100.0,360,0.0,0,0,0,0,0,0,0,0,0,0,0,0,0,17,41.46,5,0,0,0,27,0,14,10,153,0,0,0,0,0,0,0,0,13,,,,0,0,0,7,5,5,3,1,0,0,1,0,4,0.0,0.0,0,0,0,0,0,0,0,0,41,8,1,100.0,0.0,0,0,1,97,13,0,,32,28,,4
1396529,Tibe De Vlieger,tibe-de-vlieger,2903,KAA Gent,6.68,26.7,4,0,0,0,0,0.08,0,38,12,50,76.0,17,21,10,0,0,0.0,3,1,0,0,0,0,0.0,2,0,0,8,66.67,1,33.33,9,60.0,102,0.0,0,0,0,0,0,0,0,0,1,1,0,0,0,2,66.67,0,0,0,2,22,2,1,0,80,5,3,0,0,0,1,2,0,0,,,,0,0,0,0,0,0,0,0,0,0,0,0,1,0.0,0.0,0,1,1,6,2,0,0,0,3,0,1,33.33,0.0,0,0,0,18,33,0,0.2,0,6,,4
991929,Diogo Pinto,diogo-pinto,2416,NK Olimpija Ljubljana,6.68,26.7,4,0,0,0,0,0.09,0,54,15,69,78.26,28,26,15,3,2,66.67,1,1,0,0,0,0,0.0,1,0,1,4,40.0,1,16.67,5,31.25,243,0.0,0,0,0,0,0,0,0,0,1,0,0,0,0,2,50.0,1,0,0,1,30,0,3,1,101,1,2,0,0,2,0,0,0,0,,,,0,0,0,0,0,0,0,0,0,0,0,0,2,0.0,0.0,3,3,5,11,5,0,0,0,4,0,1,100.0,0.0,0,0,0,34,40,0,0.12,0,4,,4
1410129,Dennis Kaygın,kaygin-dennis,2055,SK Rapid Wien,6.68,26.7,4,0,1,0,0,0.16,0,48,9,57,84.21,19,29,24,2,0,0.0,1,1,0,0,0,0,0.0,2,1,1,1,20.0,2,50.0,3,33.33,88,0.0,0,0,0,0,1,0,0,0,0,2,0,0,0,2,50.0,1,0,0,0,18,2,2,2,75,0,0,0,0,0,0,0,0,0,,,,0,0,0,0,0,1,0,0,0,0,0,0,0,0.0,0.0,2,4,2,6,2,0,0,0,4,1,0,0.0,0.0,0,0,0,22,37,0,0.07,0,9,,4
1513253,Clement Lhernault,clement-lhernault,2413,NK Celje,6.68,26.7,4,0,0,0,0,0.07,0,64,9,73,87.67,29,36,18,0,2,66.67,1,2,0,0,0,1,50.0,1,0,1,5,41.67,1,100.0,6,46.15,114,0.0,0,0,0,0,0,0,0,0,0,1,0,0,0,5,83.33,0,0,0,1,15,2,4,3,92,2,5,0,0,0,0,0,0,0,,,,0,0,0,0,0,2,1,0,0,0,0,0,1,0.0,0.0,0,3,2,7,0,0,0,0,6,3,1,100.0,0.0,0,0,0,30,45,0,0.04,0,12,,6
41999,Tomáš Pekhart,tomas-pekhart,3106,Legia Warszawa,6.67,40.0,6,1,0,0,0,0.02,1,20,12,32,62.5,12,8,5,0,1,100.0,1,0,0,0,0,0,0.0,1,1,0,4,26.67,12,80.0,16,53.33,189,100.0,1,1,1,0,0,0,1,0,1,0,0,0,1,1,100.0,2,0,0,2,19,0,0,0,49,2,5,0,0,4,2,0,0,0,,,,0,0,0,0,0,1,0,0,0,0,0,0,2,100.0,0.0,0,1,1,14,3,0,0,0,1,1,0,0.0,189.0,0,0,0,14,19,0,0.79,0,1,,6
1493211,James Wilson,james-wilson,2353,Heart of Midlothian,6.67,20.0,3,1,0,1,0,0.02,1,10,4,14,71.43,5,5,4,1,0,0.0,2,0,0,0,0,0,0.0,2,1,1,4,66.67,1,20.0,5,45.45,122,50.0,0,0,0,0,0,0,1,0,2,0,0,1,0,0,0.0,0,0,0,0,9,2,1,0,31,2,0,0,0,0,1,0,0,0,,,,0,0,0,0,0,4,0,0,0,0,0,0,1,0.0,0.0,1,2,1,6,4,0,0,0,0,4,1,50.0,122.0,0,0,0,6,9,0,0.36,0,5,,3
996911,Levi Colwill,levi-colwill,38,Chelsea,6.67,20.0,3,0,0,0,0,0.02,0,88,6,94,93.62,60,28,3,0,0,0.0,0,0,0,0,0,0,0.0,0,0,0,1,33.33,4,80.0,5,62.5,119,0.0,0,0,0,0,0,0,0,0,0,0,0,0,0,4,50.0,6,0,0,0,7,0,4,2,103,1,0,0,0,2,0,0,0,0,,,,0,0,0,0,0,1,0,0,0,0,0,0,0,0.0,0.0,0,0,0,3,1,0,0,0,8,1,0,0.0,0.0,0,0,0,61,33,0,,1,1,,3
551468,Ewandro Costa,ewandro-costa,3395,Omonia Nicosia,6.67,20.0,3,0,1,0,0,0.22,0,40,10,50,80.0,11,30,16,1,1,100.0,2,0,2,0,0,1,25.0,0,0,0,5,33.33,0,0.0,5,26.32,85,0.0,0,0,0,0,0,0,0,0,0,0,0,0,0,8,100.0,0,0,0,2,20,4,12,7,67,2,7,0,0,1,0,0,0,0,,,,0,0,0,0,0,2,0,0,0,0,0,0,1,0.0,0.0,1,1,4,14,4,0,0,0,8,2,2,100.0,0.0,0,0,0,13,41,0,,0,4,,3
887350,Aleksandr Marochkin,aleksandr-marochkin,36155,Astana,6.67,20.0,3,0,0,0,0,0.0,0,58,17,75,77.33,49,9,3,0,1,33.33,0,2,0,0,0,0,0.0,0,0,0,1,10.0,4,57.14,5,29.41,271,0.0,0,0,0,0,0,0,0,0,0,0,0,0,0,7,38.89,18,0,0,1,21,0,5,3,107,0,0,0,0,6,0,0,0,0,,,,1,0,0,0,0,4,0,0,0,0,0,0,3,0.0,0.0,0,3,0,12,3,0,0,0,18,4,0,0.0,0.0,0,0,0,59,16,0,,0,7,,4
877844,Lars Lukas Mai,lars-lukas-mai,2443,FC Lugano,6.67,20.0,3,0,0,0,0,0.04,0,95,18,113,84.07,72,23,8,1,0,0.0,3,0,0,0,0,0,0.0,0,0,0,6,54.55,8,61.54,14,58.33,221,0.0,0,0,0,0,0,0,0,0,0,0,0,0,0,3,23.08,11,0,0,0,18,0,10,2,139,3,5,0,0,0,0,0,0,0,,,,0,0,0,0,0,4,1,0,0,0,0,0,2,0.0,0.0,1,0,0,10,5,0,0,0,13,5,3,100.0,0.0,0,0,0,77,36,0,,1,12,,5
9370,Craig Gordon,craig-gordon,2353,Heart of Midlothian,6.67,40.0,6,0,0,0,0,0.01,0,78,67,145,53.79,64,14,5,0,0,0.0,1,0,1,0,0,0,0.0,0,0,0,2,66.67,1,100.0,3,75.0,540,0.0,0,0,0,1,0,0,0,0,0,0,0,0,0,26,28.57,3,0,0,0,68,0,10,4,194,1,1,0,0,0,0,0,0,14,,,,1,2,0,11,3,9,0,1,1,0,1,0,6,0.0,0.0,0,0,0,1,0,0,0,0,91,9,1,100.0,0.0,0,0,2,79,66,0,,45,43,,6
910465,Nino Žugelj,nino-zugelj,1759,Djurgårdens IF,6.67,20.0,3,0,0,0,0,0.03,0,27,7,34,79.41,11,16,7,0,4,33.33,7,2,1,0,0,0,0.0,3,0,1,15,48.39,1,20.0,16,44.44,159,0.0,0,0,0,0,0,0,0,0,1,2,0,0,0,0,0.0,1,0,0,6,26,3,2,2,84,4,1,0,0,1,0,2,0,0,,,,0,0,0,0,0,1,0,0,0,0,0,0,3,0.0,0.0,0,12,2,20,4,0,0,0,1,1,5,71.43,0.0,0,0,0,13,23,0,0.2,0,11,,3
124594,Nino Kouter,nino-kouter,2413,NK Celje,6.67,20.0,3,0,0,0,0,0.08,0,25,0,25,100.0,10,15,9,0,0,0.0,1,0,1,0,0,0,0.0,2,1,0,1,50.0,0,0.0,1,33.33,51,0.0,0,0,0,0,0,0,0,0,1,1,0,0,0,2,100.0,2,0,0,0,5,0,1,1,37,0,0,0,0,0,0,1,0,0,,,,0,0,0,0,0,0,0,0,0,0,0,0,0,0.0,0.0,0,1,1,2,1,0,0,0,2,0,0,0.0,0.0,0,0,0,10,16,0,0.06,0,1,,3
220231,Branko Jovičić,branko-jovicic,2058,LASK,6.67,40.0,6,0,1,0,0,0.5,0,197,25,222,88.74,119,78,33,2,0,0.0,9,7,1,0,0,0,0.0,1,0,1,9,40.91,2,40.0,11,40.74,410,0.0,0,0,0,0,0,0,0,0,1,0,0,0,0,11,55.0,9,0,0,3,37,0,15,8,278,0,5,0,0,4,0,0,0,0,,,,0,0,0,0,0,10,2,0,0,0,0,0,5,0.0,0.0,2,1,5,16,3,0,0,0,20,12,3,33.33,0.0,0,0,0,126,101,0,0.02,0,20,,6
578380,Jordan Larsson,jordan-larsson,1284,FC København,6.66,33.3,5,1,0,1,0,0.07,1,31,13,44,70.45,8,23,14,1,3,37.5,1,1,1,0,0,0,0.0,6,3,2,7,43.75,3,37.5,10,41.67,190,16.67,0,0,0,0,0,0,1,0,5,1,0,1,0,0,0.0,0,0,0,2,28,0,4,2,83,3,2,0,0,0,0,1,0,0,,,,0,0,0,0,0,2,0,0,0,0,0,0,1,0.0,0.0,1,8,1,14,5,0,0,0,2,2,1,100.0,190.0,0,0,0,10,35,0,1.3,0,4,,5
897602,Dino Skorup,dino-skorup,5235,FK Borac Banja Luka,6.66,33.3,5,1,0,0,0,0.09,1,58,21,79,73.42,25,34,13,0,2,100.0,4,1,1,0,0,1,16.67,5,2,2,8,38.1,1,16.67,9,33.33,287,20.0,0,0,0,0,0,0,0,1,0,5,0,1,0,4,30.77,4,0,0,3,35,1,6,3,119,2,4,0,0,6,0,1,0,0,,,,0,0,0,0,0,6,0,0,0,0,0,0,4,0.0,0.0,0,2,6,18,5,0,0,0,13,6,3,75.0,287.0,0,0,0,29,56,0,0.12,0,15,,5
1005670,Darragh Burns,darragh-burns,3177,Shamrock Rovers,6.66,33.3,5,0,2,0,2,1.29,2,79,23,102,77.45,33,50,28,6,2,22.22,8,6,0,0,0,4,19.05,4,0,0,15,42.86,1,33.33,16,42.11,411,0.0,0,0,0,0,0,0,0,0,2,2,0,0,0,1,14.29,13,1,0,2,61,2,4,1,228,5,3,0,0,8,0,4,0,0,,,,1,0,0,0,0,7,1,0,0,0,0,0,5,0.0,0.0,6,9,21,22,2,0,0,0,7,8,4,50.0,0.0,0,0,0,39,84,0,0.1,0,23,,5
282093,Sascha Horvath,sascha-horvath,2058,LASK,6.66,33.3,5,0,0,0,0,0.35,0,128,23,151,84.77,59,74,40,5,4,36.36,11,3,1,0,0,5,62.5,6,1,1,22,50.0,1,12.5,23,44.23,338,0.0,0,0,0,0,0,0,0,0,4,2,0,0,0,9,64.29,4,0,0,7,51,1,14,8,239,7,3,0,0,6,0,4,0,0,,,,1,0,0,0,0,7,1,0,0,0,0,0,3,0.0,0.0,5,11,8,29,7,0,0,0,14,8,6,54.55,0.0,0,0,0,62,97,0,0.3,0,15,,5
1185568,Lawrence Agyekum,lawrence-agyekum,2929,Cercle Brugge,6.66,33.3,5,0,0,0,0,0.1,0,43,21,64,67.19,18,25,13,1,5,71.43,8,3,0,0,0,0,0.0,2,0,1,18,66.67,2,33.33,20,60.61,190,0.0,0,0,0,0,0,0,0,0,1,1,0,0,0,4,30.77,4,0,0,3,35,3,6,2,114,5,2,0,0,2,0,1,0,0,,,,0,0,0,0,0,4,1,0,0,0,0,0,1,0.0,0.0,1,7,1,13,4,0,0,0,13,5,6,75.0,0.0,0,0,0,22,43,0,0.08,0,19,,5
1019038,Gustavo Sangaré,gustavo-sangare,262228,FC Noah,6.66,33.3,5,0,0,0,0,0.26,0,157,34,191,82.2,86,71,32,3,8,72.73,8,6,3,0,0,0,0.0,2,1,1,20,51.28,1,20.0,21,47.73,407,0.0,0,0,0,0,0,0,0,0,0,2,0,0,0,4,30.77,7,0,1,3,47,0,15,2,253,4,8,0,0,5,0,0,0,0,,,,1,0,0,0,0,13,1,0,0,0,0,0,5,0.0,0.0,3,11,2,23,4,0,0,0,13,14,6,75.0,0.0,0,0,0,96,97,0,0.05,0,40,,5
42898,Nélson Oliveira,nelson-oliveira,3009,Vitória SC,6.66,46.6,7,1,0,3,0,0.08,1,86,18,104,82.69,29,57,28,5,4,30.77,3,1,1,0,0,0,0.0,11,4,6,14,42.42,7,35.0,21,39.62,387,9.09,0,0,0,0,0,0,1,0,8,3,0,1,0,6,85.71,3,0,0,6,50,0,8,5,177,7,1,0,0,3,1,1,0,0,,,,0,0,0,0,0,7,1,0,0,0,0,0,5,0.0,0.0,5,13,1,32,13,0,0,0,7,8,1,33.33,387.0,0,0,0,31,74,0,1.14,0,11,,7
1035752,Giorgi Gocholeishvili,giorgi-gocholeishvili,1284,FC København,6.66,46.6,7,0,0,0,0,0.12,0,158,23,181,87.29,89,73,28,2,6,66.67,8,3,1,0,0,4,20.0,5,2,2,23,67.65,4,40.0,27,61.36,407,0.0,0,0,1,0,0,0,0,0,0,5,0,0,0,13,76.47,3,1,0,3,57,2,12,8,281,9,5,0,0,1,1,1,0,0,,,,0,0,0,0,0,7,2,0,0,0,0,0,4,0.0,0.0,2,9,20,17,6,0,0,0,17,9,7,87.5,0.0,0,0,0,97,104,0,0.17,0,29,,7
940236,Thomas Keller,thomas-keller,5885,1. FC Heidenheim,6.65,13.3,2,1,0,0,0,0.01,1,70,13,83,84.34,61,9,2,0,0,0.0,0,1,0,0,0,0,0.0,1,1,0,1,14.29,3,42.86,4,28.57,135,100.0,0,0,0,0,0,0,1,0,1,0,1,0,0,0,0.0,3,0,0,1,14,0,2,0,93,1,3,0,0,2,0,0,0,0,,,,0,0,0,0,0,2,0,0,0,0,0,0,2,0.0,0.0,0,0,0,10,4,0,0,0,8,2,0,0.0,135.0,0,0,0,64,19,0,0.83,0,2,,2
1101701,Nils De Wilde,de-wilde-nils,2929,Cercle Brugge,6.65,53.2,8,0,0,0,2,0.34,2,113,74,187,60.43,26,88,56,4,0,0.0,12,3,0,0,0,1,10.0,3,0,2,14,43.75,1,12.5,15,37.5,479,0.0,0,0,0,0,0,0,0,0,1,2,0,0,0,20,37.04,12,0,0,3,97,3,33,13,269,2,6,0,0,9,0,1,0,0,,,,1,0,0,0,0,5,1,0,0,0,0,0,5,0.0,0.0,4,1,10,25,7,0,0,0,54,6,10,83.33,0.0,0,0,0,47,150,0,0.11,0,28,,8
1026752,Vadim Pigas,vadim-pigas,3361,Dinamo Minsk,6.65,39.9,6,0,3,0,1,1.46,1,151,55,206,73.3,77,85,40,9,10,52.63,4,7,1,0,0,11,26.19,2,0,1,15,41.67,8,57.14,23,46.0,540,0.0,0,0,0,0,0,0,0,0,1,1,0,0,0,9,33.33,9,0,0,1,111,1,12,3,350,1,3,1,0,8,1,1,0,0,,,,1,0,0,0,0,12,1,0,0,0,0,0,6,0.0,0.0,9,19,42,27,6,0,0,0,27,13,3,75.0,0.0,0,0,0,95,153,0,0.13,0,18,,6
822189,Vladimir Ambros,vladimir-ambros,167232,FC Petrocub Hîncesti,6.65,39.9,6,0,1,0,1,0.36,1,100,32,132,75.76,49,53,30,6,3,37.5,5,1,1,0,0,2,20.0,1,0,1,14,35.9,0,0.0,14,29.79,384,0.0,0,0,0,0,0,0,0,0,0,1,0,0,0,4,66.67,3,0,0,6,65,1,12,5,200,6,7,0,0,8,2,0,0,0,,,,0,0,0,0,0,6,2,0,0,0,0,0,6,0.0,0.0,6,8,10,33,8,0,0,0,6,8,1,20.0,0.0,0,0,0,62,80,0,0.02,0,16,,6
254725,Jordi Quintillà,jordi-quintilla,2442,FC St. Gallen 1879,6.65,26.6,4,0,0,0,1,0.18,1,113,24,137,82.48,65,50,21,3,1,50.0,3,3,1,0,0,2,50.0,1,1,0,7,41.18,1,20.0,8,36.36,287,0.0,0,0,0,0,0,0,0,0,0,1,0,0,0,5,55.56,5,0,1,2,31,2,9,5,172,3,4,0,0,3,0,0,0,0,,,,0,0,0,0,0,12,0,0,0,0,0,0,3,0.0,0.0,3,2,4,14,4,0,0,0,9,12,2,66.67,0.0,0,0,0,73,68,0,0.01,0,22,,4
155961,Miloš Degenek,milos-degenek,263360,FK TSC Bačka Topola,6.65,13.3,2,0,0,0,0,0.03,0,104,12,116,89.66,63,41,9,0,0,0.0,1,2,0,0,0,0,0.0,0,0,0,3,50.0,6,60.0,9,56.25,180,0.0,0,0,0,0,0,0,0,0,0,0,0,0,0,7,53.85,11,0,0,0,12,0,14,9,137,2,2,0,0,1,0,0,0,0,,,,0,0,0,0,0,4,2,0,0,0,0,0,2,0.0,0.0,0,0,0,7,4,0,0,0,13,6,0,0.0,0.0,0,0,0,66,50,0,,4,6,,2
928418,German Onugkha,german-onugkha,1284,FC København,6.65,13.3,2,0,0,0,0,0.04,0,7,7,14,50.0,2,5,2,0,0,0.0,0,0,1,0,0,0,0.0,5,2,2,2,25.0,4,66.67,6,42.86,73,0.0,0,0,0,0,0,0,0,0,4,1,0,0,0,0,0.0,0,0,0,1,11,2,0,0,26,2,3,0,0,0,0,1,0,0,,,,0,0,0,0,0,2,0,0,0,0,0,0,1,0.0,0.0,0,2,0,8,2,0,0,0,0,2,0,0.0,0.0,0,0,0,4,10,0,0.37,0,3,,2
798936,Benedikt Gimber,benedikt-gimber,5885,1. FC Heidenheim,6.65,13.3,2,0,0,0,0,0.01,0,69,8,77,89.61,55,14,2,0,0,0.0,3,2,0,0,0,0,0.0,3,0,3,7,70.0,1,20.0,8,53.33,103,0.0,0,0,0,0,0,0,0,0,3,0,0,0,0,4,36.36,2,0,0,1,9,0,5,1,96,4,1,0,0,1,0,0,0,0,,,,0,0,0,0,0,2,0,0,0,0,0,0,1,0.0,0.0,0,0,0,7,4,0,0,0,11,2,2,66.67,0.0,0,0,0,57,20,0,0.23,0,10,,2
879722,Antonio Marin,antonio-marin,2416,NK Olimpija Ljubljana,6.65,26.6,4,0,0,0,0,0.05,0,34,10,44,77.27,11,23,13,0,1,50.0,6,0,0,0,0,0,0.0,2,0,1,10,62.5,3,60.0,13,61.9,107,0.0,0,0,0,0,0,0,0,0,1,1,0,0,0,1,33.33,1,0,0,2,19,0,6,1,67,3,0,0,0,3,1,1,0,0,,,,0,0,0,0,0,1,1,0,0,0,0,0,0,0.0,0.0,0,2,3,8,2,0,0,0,3,2,3,50.0,0.0,0,0,0,11,36,0,0.15,0,3,,4
890947,Paul O'Neill,paul-oneill,5184,Larne FC,6.65,13.3,2,0,0,0,0,0.01,0,22,11,33,66.67,6,16,8,0,1,50.0,0,2,0,0,0,0,0.0,2,0,2,6,54.55,5,27.78,11,37.93,145,0.0,0,0,0,0,0,0,0,0,2,0,0,0,0,0,0.0,2,0,0,1,18,0,1,0,58,6,4,0,0,1,2,0,0,0,,,,0,0,0,0,0,3,0,0,0,0,0,0,2,0.0,0.0,0,2,0,18,13,0,0,0,2,3,0,0.0,0.0,0,0,0,7,26,0,0.14,0,5,,2
1402787,Shumaira Mheuka,shumaira-mheuka,38,Chelsea,6.65,26.6,4,0,0,0,0,0.0,0,9,1,10,90.0,1,8,3,0,0,0.0,4,0,0,0,0,0,0.0,2,0,1,6,60.0,0,0.0,6,50.0,117,0.0,0,0,0,0,0,0,0,0,1,1,0,0,0,0,0.0,1,0,0,3,10,1,0,0,33,2,1,0,0,0,0,1,0,0,,,,0,0,0,0,0,0,0,0,0,0,0,0,1,0.0,0.0,0,0,0,6,2,0,0,0,0,0,2,50.0,0.0,0,0,0,1,9,0,0.11,0,1,,4
142672,Philipp Max,philipp-max,3248,Panathinaikos FC,6.65,13.3,2,0,0,0,0,0.02,0,45,5,50,90.0,18,27,9,0,0,0.0,2,0,1,0,0,0,0.0,1,0,1,2,40.0,1,100.0,3,50.0,80,0.0,0,0,0,0,0,0,0,0,0,1,0,0,0,0,0.0,3,0,0,0,9,0,1,0,70,0,2,0,0,1,0,0,0,0,,,,0,0,0,0,0,0,0,0,0,0,0,0,1,0.0,0.0,0,0,3,3,0,0,0,0,0,0,2,100.0,0.0,0,0,0,19,34,0,0.03,0,1,,2
966651,Łukasz Bejger,lukasz-bejger,2413,NK Celje,6.65,26.6,4,0,0,0,0,0.07,0,195,19,214,91.12,129,66,17,0,1,100.0,2,2,0,0,0,0,0.0,1,0,0,5,45.45,5,55.56,10,50.0,356,0.0,0,0,0,0,0,0,0,0,1,0,0,0,0,5,31.25,22,0,0,1,22,1,9,4,252,2,6,0,0,0,0,1,0,0,,,,1,0,0,0,0,7,0,0,0,0,0,0,4,0.0,0.0,0,1,2,10,4,0,0,0,16,7,0,0.0,0.0,0,0,0,137,79,0,0.02,0,10,,4
150902,Martin Bjørnbak,martin-bjornbak,661,Molde FK,6.64,46.5,7,0,0,0,0,0.04,0,246,38,284,86.62,167,79,14,0,0,0.0,6,7,2,0,0,0,0.0,0,0,0,6,66.67,8,66.67,14,66.67,397,0.0,0,0,0,0,0,0,0,0,0,0,0,0,0,11,28.21,26,0,0,0,40,0,8,4,337,0,2,0,0,1,0,0,0,0,,,,0,0,0,0,0,7,2,0,0,0,0,0,4,0.0,0.0,0,0,0,7,4,0,0,0,39,9,5,83.33,0.0,0,0,0,181,103,0,,0,17,,7
96369,Juanmi,juanmi,2816,Real Betis,6.64,33.2,5,1,0,0,0,0.02,1,40,3,43,93.02,16,24,12,2,1,20.0,3,1,0,0,0,0,0.0,3,1,0,10,47.62,1,25.0,11,44.0,158,33.33,0,0,0,0,0,0,1,0,3,0,0,0,1,0,0.0,1,0,0,3,14,1,0,0,82,6,2,0,0,2,0,2,0,0,,,,0,0,0,0,0,4,0,0,0,0,0,0,2,0.0,0.0,2,5,0,14,3,0,0,0,0,4,0,0.0,158.0,0,0,0,17,26,0,0.53,0,5,,5
800465,Chima Okoroji,chima-okoroji,2442,FC St. Gallen 1879,6.64,33.2,5,0,1,0,2,0.43,2,127,48,175,72.57,68,62,30,4,2,28.57,7,10,0,0,0,3,20.0,4,0,3,15,48.39,4,33.33,19,44.19,405,0.0,0,0,0,0,0,0,0,0,0,4,0,0,0,2,10.53,12,0,1,3,82,0,19,9,301,6,6,0,0,3,0,1,0,0,,,,0,0,0,0,0,11,0,0,0,0,0,0,5,0.0,0.0,4,7,15,24,8,0,0,0,19,11,5,71.43,0.0,0,0,0,85,105,0,0.06,0,25,,5
1050779,Dan Pușcaș,dan-puscas,167232,FC Petrocub Hîncesti,6.64,33.2,5,0,1,0,1,0.27,1,73,14,87,83.91,36,40,16,1,6,46.15,6,3,1,0,0,3,37.5,3,0,2,16,39.02,1,25.0,17,37.78,347,0.0,0,0,0,0,0,0,0,0,3,0,0,0,0,4,57.14,4,0,0,8,46,4,8,6,159,4,4,0,0,6,0,1,0,0,,,,0,0,0,0,0,7,1,0,0,0,0,0,4,0.0,0.0,1,13,8,28,3,0,0,0,7,8,5,83.33,0.0,0,0,0,42,53,0,0.13,0,19,,5
937821,Ramazan Karimov,ramazan-karimov,36155,Astana,6.64,33.2,5,0,1,0,0,0.06,0,30,15,45,66.67,13,17,11,3,0,0.0,0,2,1,0,0,0,0.0,2,0,2,4,28.57,12,50.0,16,42.11,225,0.0,0,0,0,0,0,0,0,0,1,1,0,0,0,1,33.33,4,0,0,3,31,1,3,3,89,5,4,1,0,2,3,0,0,0,,,,0,0,0,0,0,4,0,0,0,0,0,0,2,0.0,0.0,3,3,0,22,12,0,0,0,3,4,0,0.0,0.0,0,0,0,18,27,0,0.24,0,5,,6
1000420,Vladislav Kalinin,vladislav-kalinin,3361,Dinamo Minsk,6.64,33.2,5,0,0,0,0,0.04,0,115,28,143,80.42,72,43,13,1,1,100.0,10,9,2,0,0,0,0.0,3,0,1,11,42.31,9,47.37,20,44.44,372,0.0,0,0,0,0,0,0,0,0,2,1,0,0,0,3,23.08,13,0,0,4,38,1,8,2,214,0,7,0,0,4,0,2,0,0,,,,1,0,0,0,0,9,0,0,0,0,0,0,4,0.0,0.0,1,1,0,25,10,0,0,0,13,9,6,60.0,0.0,0,0,0,78,65,0,0.16,0,22,,5
555608,Barnes Osei,barnes-osei,36155,Astana,6.64,33.2,5,0,0,0,0,0.14,0,119,20,139,85.61,62,58,25,4,0,0.0,3,2,1,0,0,1,100.0,2,0,1,5,33.33,3,33.33,8,33.33,256,0.0,0,0,0,0,0,0,0,0,0,2,0,0,0,7,70.0,4,0,0,5,31,1,9,5,173,2,5,0,0,1,0,1,0,0,,,,0,0,0,0,0,4,0,0,0,0,0,0,2,0.0,0.0,4,0,1,16,6,0,0,0,10,4,1,33.33,0.0,0,0,0,70,70,0,0.08,0,21,,5
1427544,Panagiotis Kattirtzis,kattirtzis-panagiotis,3398,APOEL Nicosia,6.64,33.2,5,0,0,0,0,0.03,0,48,8,56,85.71,20,28,13,2,1,50.0,7,0,0,0,0,0,0.0,3,0,2,9,60.0,0,0.0,9,56.25,126,0.0,0,0,0,0,0,0,0,0,0,3,0,0,0,3,60.0,2,0,0,2,16,0,3,2,83,1,0,0,0,3,0,1,0,0,,,,0,0,0,0,0,3,0,0,0,0,0,0,0,0.0,0.0,2,2,2,7,1,0,0,0,5,3,5,71.43,0.0,0,0,0,22,36,0,0.08,0,5,,5
98091,Vasile Jardan,vasile-jardan,167232,FC Petrocub Hîncesti,6.64,33.2,5,0,0,0,0,0.03,0,49,12,61,80.33,32,17,8,0,0,0.0,3,1,0,0,0,0,0.0,2,1,0,6,66.67,2,100.0,8,72.73,154,0.0,0,0,0,0,0,0,0,0,1,1,0,0,0,2,66.67,7,0,0,0,16,1,4,2,86,3,3,0,0,0,0,1,0,0,,,,0,0,0,0,0,3,0,0,0,0,0,0,1,0.0,0.0,0,0,2,3,0,0,0,0,3,3,2,66.67,0.0,0,0,0,39,24,0,0.05,0,9,,5
1118215,Damir Hrelja,damir-hrelja,5235,FK Borac Banja Luka,6.64,33.2,5,0,0,0,0,0.08,0,42,6,48,87.5,10,32,20,1,2,50.0,2,1,0,0,0,0,0.0,1,0,0,7,43.75,3,60.0,10,47.62,105,0.0,0,0,0,0,0,0,0,0,1,0,0,0,0,3,100.0,2,0,0,5,23,0,1,1,85,3,1,0,0,1,0,1,0,0,,,,0,0,0,0,0,0,0,0,0,0,0,0,0,0.0,0.0,1,4,5,11,2,0,0,0,3,0,2,100.0,0.0,0,0,0,10,43,0,0.03,0,5,,5
95358,Kacper Przybyłko,kacper-przybyko,2443,FC Lugano,6.64,53.1,8,0,1,1,1,0.07,1,37,14,51,72.55,21,16,8,6,0,0.0,0,1,1,0,0,0,0.0,2,1,1,3,37.5,11,42.31,14,41.18,177,0.0,0,0,0,0,0,0,0,0,2,0,0,0,0,0,0.0,4,0,1,0,25,0,0,0,78,3,2,0,0,0,1,0,0,0,,,,0,0,0,0,0,3,1,0,0,0,0,0,0,0.0,0.0,6,3,0,20,15,0,0,0,1,4,0,0.0,0.0,0,0,0,25,26,0,0.39,0,7,,8
929975,Francisco Vieites,francisco-vieites,2816,Real Betis,6.64,53.1,8,0,0,0,0,0.01,0,143,87,230,62.17,121,22,8,0,0,0.0,0,0,1,0,0,0,0.0,0,0,0,2,100.0,1,50.0,3,75.0,750,0.0,0,0,0,0,0,0,0,0,0,0,0,0,0,42,32.81,9,0,0,0,89,0,19,10,284,2,1,0,0,0,0,0,0,9,,,,3,0,0,5,3,6,1,5,5,4,5,0,8,0.0,0.0,0,0,0,1,1,0,0,0,128,7,0,0.0,0.0,0,0,1,134,96,0,,47,39,,8
1500254,Robert,robert,1284,FC København,6.64,53.1,8,0,0,0,0,0.18,0,97,31,128,75.78,34,63,36,1,13,40.63,7,4,1,0,0,0,0.0,12,5,2,28,43.08,3,16.67,31,37.35,441,0.0,0,0,0,0,0,0,0,0,9,3,0,0,0,1,25.0,3,0,0,8,79,7,6,3,248,8,10,0,0,2,0,5,0,0,,,,0,0,0,0,0,4,2,0,0,0,0,0,5,0.0,0.0,1,32,8,52,15,0,0,0,4,6,5,71.43,0.0,0,0,0,39,97,0,0.6,0,20,,8
843251,Adam Gnezda Čerin,adam-gnezda-cerin,3248,Panathinaikos FC,6.64,53.1,8,0,0,0,0,0.22,0,193,25,218,88.53,75,120,56,2,0,0.0,4,6,0,0,0,2,16.67,2,1,1,9,40.91,4,40.0,13,40.63,291,0.0,0,0,0,0,0,0,0,0,1,1,0,0,0,5,41.67,2,0,0,3,48,1,12,7,267,5,2,0,0,5,0,0,0,0,,,,0,0,0,0,0,4,1,0,0,0,0,0,3,0.0,0.0,2,4,12,19,6,0,0,0,12,5,4,100.0,0.0,0,0,0,81,149,0,0.09,0,7,,8
1176102,Tomás Silva,tomas-silva,7691,Jagiellonia Białystok,6.64,53.1,8,0,0,0,0,0.07,0,65,18,83,78.31,23,42,22,0,1,50.0,10,3,2,0,0,0,0.0,2,1,1,18,60.0,5,55.56,23,58.97,226,0.0,0,0,0,0,0,0,0,0,0,2,0,0,0,3,42.86,8,0,0,4,31,1,1,1,145,7,5,1,0,2,1,0,0,0,,,,0,0,0,0,0,5,0,0,0,0,0,0,1,0.0,0.0,0,2,2,16,4,0,0,0,7,5,5,50.0,0.0,0,0,0,30,55,0,0.05,0,17,,9
843175,Valdimar Þór Ingimundarson,valdimar-thor-ingimundarson,1908,Víkingur Reykjavík,6.63,39.8,6,0,2,3,1,0.3,1,80,34,114,70.18,26,55,33,3,5,45.45,6,1,1,0,0,1,16.67,7,3,2,17,44.74,4,26.67,21,39.62,478,0.0,0,0,0,0,0,0,0,0,7,0,0,0,0,2,50.0,7,1,0,4,64,8,6,2,191,6,8,1,0,3,0,2,0,0,,,,0,0,0,0,0,10,0,0,0,0,0,0,6,0.0,0.0,3,11,6,32,11,0,0,0,4,10,5,83.33,0.0,0,0,0,35,85,0,1.36,0,21,,6
1438661,Tomas Kral,kral-tomas,2224,Mladá Boleslav,6.63,39.8,6,0,0,1,0,0.03,0,156,31,187,83.42,119,37,10,0,0,0.0,7,5,0,0,0,0,0.0,1,1,0,7,63.64,8,72.73,15,68.18,450,0.0,0,0,0,0,0,0,0,0,1,0,0,0,0,13,46.43,17,0,0,0,40,0,17,5,253,0,1,0,1,3,0,0,0,0,,,,1,0,0,0,0,8,1,0,0,0,0,0,5,0.0,0.0,0,0,2,7,3,0,0,0,28,9,6,85.71,0.0,0,0,0,135,54,0,0.19,0,19,,6
1033519,Noah Pallas,noah-pallas,2242,HJK,6.63,39.8,6,0,0,0,0,0.28,0,167,39,206,81.07,82,87,41,5,4,30.77,18,7,0,0,0,2,18.18,2,0,1,33,55.0,2,20.0,35,50.0,492,0.0,0,0,0,0,0,0,0,0,2,0,0,0,0,5,33.33,20,0,1,8,79,1,16,6,349,11,5,0,0,5,2,1,0,0,,,,1,0,0,0,0,7,2,0,0,0,0,0,6,0.0,0.0,5,13,11,35,8,0,0,0,15,9,10,55.56,0.0,0,0,0,96,121,0,0.08,0,34,,6
859181,Leo Smith,leo-smith,4921,The New Saints,6.63,39.8,6,0,0,0,0,0.11,0,125,23,148,84.46,68,58,28,0,1,50.0,13,4,0,0,0,1,100.0,2,0,2,17,54.84,3,75.0,20,57.14,398,0.0,0,0,0,0,0,0,0,0,1,1,0,0,0,4,20.0,11,1,1,6,36,0,11,6,218,3,1,0,0,6,0,0,0,0,,,,1,0,0,0,0,7,0,0,0,0,0,0,4,0.0,0.0,0,2,1,15,1,0,0,0,20,7,7,53.85,0.0,0,0,0,80,69,0,0.06,0,24,,6
1196096,Sveinn Gísli Þorkelsson,sveinn-gisli-thorkelsson,1908,Víkingur Reykjavík,6.63,19.9,3,0,0,0,0,0.01,0,33,17,50,66.0,22,11,5,0,0,0.0,3,2,0,0,0,0,0.0,1,1,0,3,21.43,1,33.33,4,23.53,189,0.0,0,0,0,0,0,0,0,0,1,0,0,0,0,1,7.69,17,0,0,1,20,0,6,3,81,0,6,0,0,4,0,0,0,0,,,,0,0,0,0,0,3,0,0,0,0,0,0,2,0.0,0.0,0,0,0,13,2,0,0,0,13,3,2,66.67,0.0,0,0,0,27,23,0,0.05,1,6,,3
587102,Jorge Grant,jorge-grant,2353,Heart of Midlothian,6.63,26.5,4,0,0,0,0,0.11,0,44,10,54,81.48,11,34,16,2,1,33.33,2,0,0,0,0,1,50.0,1,0,0,3,60.0,3,60.0,6,60.0,76,0.0,0,0,0,0,0,0,0,0,0,1,0,0,0,0,0.0,1,0,0,0,15,0,7,3,69,0,0,0,0,0,0,1,1,0,,,,0,0,0,0,0,2,0,0,0,0,0,0,0,0.0,0.0,1,3,2,4,2,0,0,0,2,2,1,50.0,0.0,0,0,0,12,44,0,0.08,0,5,,4
842944,Vahan Bichakhchyan,vahan-bichakhchyan,3106,Legia Warszawa,6.63,26.5,4,0,1,0,0,0.21,0,28,3,31,90.32,8,23,9,2,1,25.0,4,2,0,0,0,3,33.33,2,0,1,5,41.67,0,0.0,5,35.71,116,0.0,0,0,0,0,0,0,0,0,0,2,0,0,0,2,100.0,0,0,0,2,16,0,1,1,65,0,0,0,0,2,1,1,0,0,,,,0,0,0,0,0,3,0,0,0,0,0,0,1,0.0,0.0,2,4,9,9,2,0,0,0,2,3,3,75.0,0.0,0,0,0,8,32,0,0.04,0,8,,4
889009,Max Ebong,max-ebong,36155,Astana,6.63,26.5,4,0,0,0,0,0.08,0,112,24,136,82.35,70,42,20,6,5,100.0,7,2,1,0,1,0,0.0,1,0,0,15,55.56,0,0.0,15,55.56,334,0.0,0,0,0,0,0,0,0,0,0,1,0,0,0,4,26.67,5,0,0,4,32,1,9,2,182,3,7,0,0,1,0,1,0,0,,,,1,0,0,0,0,4,1,0,0,0,0,0,4,0.0,0.0,6,5,1,12,0,0,0,0,15,5,5,71.43,0.0,1,0,0,75,62,0,0.04,0,14,,4
815276,Dominik Kostka,dominik-kostka,2224,Mladá Boleslav,6.63,26.5,4,0,0,0,0,0.1,0,81,25,106,76.42,45,37,13,1,7,58.33,0,4,0,0,0,1,50.0,1,1,0,10,41.67,2,28.57,12,38.71,360,0.0,0,0,0,0,0,0,0,0,1,0,0,0,0,5,45.45,5,0,0,3,41,1,5,2,177,3,3,0,0,3,1,0,0,0,,,,0,0,0,0,0,5,1,0,0,0,0,0,4,0.0,0.0,1,12,2,19,5,0,0,0,11,6,0,0.0,0.0,0,0,0,55,53,0,0.01,0,17,,4
803694,Levi Ives,levi-ives,5184,Larne FC,6.62,33.1,5,0,0,0,0,0.2,0,120,49,169,71.01,71,50,25,1,2,66.67,7,2,1,0,0,1,25.0,0,0,0,14,46.67,3,60.0,17,48.57,420,0.0,0,0,0,0,0,0,0,0,0,0,0,0,0,9,32.14,13,0,0,3,63,0,19,11,262,5,4,0,0,8,0,0,0,0,,,,0,0,0,0,0,10,1,0,0,0,0,0,5,0.0,0.0,1,3,4,18,2,0,0,0,28,11,5,71.43,0.0,0,0,0,85,88,0,,0,17,,5
1002520,Peter Agba,peter-agba,2416,NK Olimpija Ljubljana,6.62,39.7,6,1,0,0,0,0.08,1,148,21,169,87.57,88,60,20,1,2,50.0,3,1,2,0,0,0,0.0,5,1,2,9,39.13,5,62.5,14,45.16,289,20.0,0,0,0,1,0,0,1,0,1,4,0,1,0,8,66.67,4,0,1,2,33,2,9,5,216,5,8,0,0,3,0,2,0,0,,,,2,0,0,0,0,4,0,0,0,0,0,0,3,0.0,0.0,1,4,0,17,3,0,0,0,12,4,2,66.67,289.0,0,0,0,96,73,0,0.25,0,23,,6
564088,Jakub Fulnek,jakub-fulnek,2224,Mladá Boleslav,6.62,39.7,6,0,0,0,0,0.22,0,72,34,106,67.92,37,37,23,1,1,33.33,9,8,0,0,0,2,22.22,5,1,2,13,50.0,2,66.67,15,51.72,383,0.0,0,0,0,1,0,0,0,0,2,3,0,0,0,5,26.32,18,0,0,4,56,1,9,5,206,3,4,0,0,3,0,2,0,0,,,,0,0,0,0,0,8,0,0,0,0,0,0,4,0.0,0.0,1,3,9,14,1,0,0,0,19,8,5,55.56,0.0,0,0,0,50,65,0,0.24,0,12,,6
915558,Dumitru Demian,dumitru-demian,167232,FC Petrocub Hîncesti,6.62,39.7,6,0,0,0,0,0.22,0,64,24,88,72.73,37,30,18,1,1,33.33,11,5,2,0,0,3,27.27,2,0,2,13,41.94,6,66.67,19,47.5,395,0.0,0,0,0,0,0,0,0,0,2,0,0,0,0,5,55.56,21,0,0,6,54,1,8,5,194,1,3,0,0,7,1,0,0,0,,,,0,0,0,0,0,7,1,0,0,0,0,0,4,0.0,0.0,1,3,11,21,3,0,0,0,9,8,8,72.73,0.0,0,0,0,51,48,0,0.09,0,11,,6
1125547,David Čavić,david-cavic,5235,FK Borac Banja Luka,6.61,46.3,7,0,0,1,0,0.15,0,55,14,69,79.71,10,47,35,1,2,33.33,4,3,1,0,0,2,10.53,3,2,1,16,55.17,1,25.0,17,51.52,233,0.0,0,0,0,0,0,0,0,0,2,1,0,0,0,1,100.0,2,0,0,5,51,3,2,0,143,10,4,0,0,1,0,0,0,0,,,,0,0,0,0,0,1,0,0,0,0,0,0,2,0.0,0.0,1,6,19,16,3,0,0,0,1,1,4,100.0,0.0,0,0,0,14,74,0,0.33,0,13,,8
911850,Mohamed Lamine Diaby,mohamed-lamine-diaby,7691,Jagiellonia Białystok,6.61,52.9,8,0,0,0,0,0.17,0,24,7,31,77.42,9,15,11,2,4,40.0,2,0,1,0,0,0,0.0,3,0,2,9,33.33,6,33.33,15,33.33,187,0.0,0,0,1,0,1,0,0,0,2,1,0,0,0,1,100.0,6,0,0,4,27,2,1,1,81,3,3,0,0,5,0,1,0,0,,,,0,0,0,0,0,2,1,0,0,0,0,0,2,0.0,0.0,2,10,1,30,12,0,0,0,1,3,1,50.0,0.0,0,0,0,11,21,0,0.14,0,11,,8
1018606,Rai Lopes,rai-lopes,3361,Dinamo Minsk,6.6,39.6,6,0,0,0,1,0.3,1,134,69,203,66.01,61,77,33,4,7,38.89,14,8,0,0,0,4,20.0,7,1,3,24,48.98,11,68.75,35,53.85,480,0.0,0,0,0,1,0,0,0,0,4,3,0,0,0,12,32.43,20,0,0,7,128,2,24,7,383,3,6,1,0,1,0,3,0,0,,,,1,0,0,0,0,10,1,0,0,0,0,0,6,0.0,0.0,4,18,20,30,5,0,0,0,37,11,6,42.86,0.0,0,0,0,77,146,0,0.22,0,21,,6
1046461,Nikita Iosifov,nikita-iosifov,2413,NK Celje,6.6,6.6,1,0,0,0,0,0.0,0,2,0,2,100.0,0,2,2,0,0,0.0,0,0,0,0,0,0,0.0,0,0,0,1,100.0,0,0.0,1,100.0,14,0.0,0,0,0,0,0,0,0,0,0,0,0,0,0,0,0.0,0,0,0,0,3,0,0,0,6,1,0,0,0,0,0,0,0,0,,,,0,0,0,0,0,0,0,0,0,0,0,0,0,0.0,0.0,0,0,3,0,0,0,0,0,0,0,0,0.0,0.0,0,0,0,0,5,0,,0,0,,1
997499,Daniel Schmidt,daniel-schmidt,2903,KAA Gent,6.6,6.6,1,0,0,0,0,0.0,0,10,5,15,66.67,7,3,0,0,0,0.0,0,0,0,0,0,0,0.0,0,0,0,0,0.0,0,0.0,0,0.0,90,0.0,0,0,0,0,0,0,0,0,0,0,0,0,0,4,44.44,0,0,0,0,6,0,3,2,22,0,0,0,0,0,0,0,0,1,,,,0,0,0,1,0,2,0,0,0,0,1,0,1,0.0,0.0,0,0,0,0,0,0,0,0,9,2,0,0.0,0.0,0,0,1,9,6,0,,3,6,,1
996765,Tomás Ribeiro,tomas-ribeiro,3009,Vitória SC,6.6,6.6,1,0,0,0,0,0.02,0,29,6,35,82.86,20,9,2,0,0,0.0,0,1,0,0,0,0,0.0,0,0,0,1,50.0,0,0.0,1,25.0,90,0.0,0,0,0,0,0,0,0,0,0,0,0,0,0,2,33.33,5,0,0,0,7,0,1,1,45,1,1,0,0,0,0,0,0,0,,,,0,0,0,0,0,0,1,0,0,0,0,0,1,0.0,0.0,0,0,0,3,2,0,0,0,6,1,0,0.0,0.0,0,0,0,22,13,0,,0,0,,1
1064825,Tobias Hedl,tobias-hedl,2055,SK Rapid Wien,6.6,6.6,1,0,0,0,0,0.0,0,3,2,5,60.0,1,2,2,0,0,0.0,1,0,0,0,0,0,0.0,0,0,0,1,100.0,0,0.0,1,100.0,11,0.0,0,0,0,0,0,0,0,0,0,0,0,0,0,0,0.0,0,0,0,0,2,0,0,0,6,0,0,0,0,0,0,0,0,0,,,,0,0,0,0,0,0,0,0,0,0,0,0,0,0.0,0.0,0,0,0,0,0,0,0,0,0,0,0,0.0,0.0,0,0,0,1,4,0,,0,0,,1
1086565,Roni Hudd,roni-hudd,2242,HJK,6.6,6.6,1,0,0,0,0,0.03,0,2,1,3,66.67,0,3,1,0,0,0.0,1,0,0,0,0,1,100.0,0,0,0,2,100.0,0,0.0,2,50.0,11,0.0,0,0,0,0,0,0,0,0,0,0,0,0,0,0,0.0,0,0,0,0,2,1,0,0,7,1,0,0,0,0,0,0,0,0,,,,0,0,0,0,0,0,0,0,0,0,0,0,0,0.0,0.0,0,0,1,2,2,0,0,0,0,0,1,100.0,0.0,0,0,0,0,4,0,,0,2,,1
1066042,Julian Niehues,julian-niehues,5885,1. FC Heidenheim,6.6,13.2,2,0,0,0,0,0.01,0,47,9,56,83.93,34,13,5,0,0,0.0,5,1,0,0,0,0,0.0,0,0,0,9,52.94,3,42.86,12,50.0,138,0.0,0,0,0,0,0,0,0,0,0,0,0,0,0,1,33.33,3,0,0,5,17,1,1,1,94,4,2,0,0,0,0,0,0,0,,,,0,0,0,0,0,3,0,0,0,0,0,0,2,0.0,0.0,0,1,0,12,4,0,0,0,3,3,2,40.0,0.0,0,0,0,38,18,0,,0,12,,2
1562294,Hamza Güreler,hamza-gureler,3086,Başakşehir FK,6.6,13.2,2,0,0,0,0,0.01,0,29,10,39,74.36,20,9,2,0,0,0.0,2,1,0,0,0,0,0.0,0,0,0,2,50.0,3,50.0,5,50.0,136,0.0,0,0,0,0,0,0,0,0,0,0,0,0,0,3,37.5,7,0,0,0,10,0,2,1,54,0,2,0,0,0,0,0,0,0,,,,0,0,0,0,0,3,0,0,0,0,0,0,1,0.0,0.0,0,0,0,5,3,0,0,0,8,3,1,50.0,0.0,0,0,0,22,17,0,,0,2,,3
138279,Adrian Cieślewicz,adrian-cieslewicz,4921,The New Saints,6.6,26.4,4,0,0,0,0,0.18,0,13,4,17,76.47,5,8,3,1,1,100.0,0,0,0,0,0,0,0.0,0,0,0,2,100.0,1,33.33,3,60.0,56,0.0,0,0,0,0,0,0,0,0,0,0,0,0,0,0,0.0,0,0,0,0,4,0,1,1,20,1,0,0,0,0,0,0,0,0,,,,0,0,0,0,0,1,0,0,0,0,0,0,0,0.0,0.0,1,1,0,2,2,0,0,0,1,1,0,0.0,0.0,0,0,0,5,12,0,,0,2,,4
826206,Aurélien Nguiamba,aurelien-nguiamba,7691,Jagiellonia Białystok,6.6,26.4,4,0,0,0,0,0.29,0,70,10,80,87.5,43,27,14,2,1,33.33,3,2,3,0,0,0,0.0,0,0,0,5,35.71,3,60.0,8,42.11,203,0.0,0,0,0,0,0,0,0,0,0,0,0,0,0,4,66.67,7,0,0,3,18,0,4,4,114,1,4,0,0,0,0,0,0,0,,,,0,0,0,0,0,4,0,0,0,0,0,0,2,0.0,0.0,2,3,1,11,2,0,0,0,6,4,0,0.0,0.0,0,0,0,46,35,0,,0,11,,4
931770,Vsevolod Nihaev,vsevolod-nihaev,167232,FC Petrocub Hîncesti,6.6,26.4,4,0,0,0,0,0.05,0,17,4,21,80.95,8,9,5,1,2,66.67,0,0,0,0,0,0,0.0,0,0,0,3,60.0,0,0.0,3,33.33,107,0.0,0,0,0,0,0,0,0,0,0,0,0,0,0,1,100.0,2,0,0,0,7,0,1,1,32,1,1,0,0,0,0,0,0,0,,,,0,0,0,0,0,1,0,0,0,0,0,0,1,0.0,0.0,1,3,0,6,4,0,0,0,1,1,0,0.0,0.0,0,0,0,10,11,0,,0,3,,4
889002,Kostas Pileas,kostas-pileas,171626,Pafos FC,6.6,33.0,5,0,0,0,0,0.2,0,63,23,86,73.26,38,28,14,1,1,33.33,5,5,2,0,0,3,30.0,0,0,0,7,50.0,1,100.0,8,53.33,181,0.0,0,0,0,0,0,0,0,0,0,0,0,0,0,6,30.0,1,0,0,2,37,0,15,5,142,1,1,0,0,2,0,0,0,0,,,,0,0,0,0,0,3,0,0,0,0,0,0,2,0.0,0.0,1,3,10,7,0,0,0,0,20,3,3,60.0,0.0,0,0,0,41,55,0,,0,4,,5
149728,Budu Zivzivadze,budu-zivzivadze,5885,1. FC Heidenheim,6.6,13.2,2,0,0,0,0,0.01,0,21,12,33,63.64,6,15,5,0,0,0.0,0,0,0,0,0,0,0.0,6,2,1,0,0.0,10,45.45,10,35.71,149,0.0,0,0,0,0,0,0,0,0,6,0,0,0,0,0,0.0,2,0,0,0,20,0,2,1,54,0,2,0,0,1,1,3,0,0,,,,0,0,0,0,0,3,0,0,0,0,0,0,1,0.0,0.0,0,4,0,18,12,0,0,0,0,3,0,0.0,0.0,0,0,0,7,26,0,0.67,0,5,,2
1121633,Matthew Lusty,lusty-matthew,5184,Larne FC,6.6,39.6,6,0,0,1,0,0.1,0,17,6,23,73.91,5,12,8,3,4,80.0,5,3,0,0,0,0,0.0,4,2,0,13,54.17,0,0.0,13,41.94,164,0.0,0,0,0,0,0,0,0,0,3,1,0,0,0,0,0.0,3,0,0,3,19,1,3,2,64,4,5,0,0,2,0,2,0,0,,,,0,0,0,0,0,2,0,0,0,0,0,0,1,0.0,0.0,3,5,0,18,7,0,0,0,0,2,3,60.0,0.0,0,0,0,7,16,0,0.33,0,11,,6
842894,Ivan Vasilevich Bakhar,ivan-vasilevich-bakhar,3361,Dinamo Minsk,6.6,6.6,1,0,0,0,0,0.02,0,15,6,21,71.43,8,7,6,1,1,16.67,4,0,0,0,0,0,0.0,3,2,0,6,37.5,1,33.33,7,36.84,90,0.0,0,0,0,0,0,0,0,0,1,2,0,0,0,0,0.0,0,0,0,3,20,0,1,1,46,1,2,0,0,0,2,1,0,0,,,,0,0,0,0,0,1,0,0,0,0,0,0,1,0.0,0.0,1,6,3,12,2,0,0,0,0,1,4,100.0,0.0,0,0,0,11,13,0,0.14,0,4,,1
981802,Darragh Nugent,nugent-darragh,3177,Shamrock Rovers,6.6,33.0,5,0,0,0,0,0.01,0,26,9,35,74.29,14,12,2,0,1,33.33,6,2,0,0,0,0,0.0,1,1,0,10,52.63,0,0.0,10,47.62,143,0.0,0,0,0,0,0,0,0,0,1,0,0,0,0,0,0.0,2,0,0,2,16,0,1,0,66,3,4,0,0,1,0,0,0,0,,,,0,0,0,0,0,1,0,0,0,0,0,0,1,0.0,0.0,0,3,0,11,2,0,0,0,1,1,3,50.0,0.0,0,0,0,16,19,0,0.12,0,6,,5
1121636,Đorđe Gordić,dorde-gordic,263360,FK TSC Bačka Topola,6.6,6.6,1,0,0,0,0,0.0,0,3,5,8,37.5,3,0,0,0,0,0.0,0,0,0,0,0,0,0.0,1,1,0,0,0.0,0,0.0,0,0.0,8,0.0,0,0,0,0,0,0,0,0,0,1,0,0,0,0,0.0,0,0,0,1,6,0,0,0,10,0,0,0,0,0,0,0,0,0,,,,0,0,0,0,0,0,0,0,0,0,0,0,0,0.0,0.0,0,0,0,1,0,0,0,0,1,0,0,0.0,0.0,0,0,0,6,2,0,0.12,0,2,,1
1117097,Pedro Igor,pedro-igor,3361,Dinamo Minsk,6.6,13.2,2,0,0,0,0,0.12,0,25,8,33,75.76,7,18,15,2,4,36.36,3,0,0,0,0,0,0.0,3,0,1,9,42.86,1,50.0,10,43.48,79,0.0,0,0,0,0,0,0,0,0,1,2,0,0,0,1,50.0,0,0,0,3,28,0,2,1,68,2,1,0,0,1,1,2,0,0,,,,0,0,0,0,0,1,0,0,0,0,0,0,0,0.0,0.0,2,11,6,13,1,0,0,0,2,1,3,100.0,0.0,0,0,0,9,30,0,0.1,0,8,,2
842582,Domingos Quina,domingos-quina,171626,Pafos FC,6.6,46.2,7,0,0,0,0,0.16,0,68,9,77,88.31,25,44,27,2,2,33.33,4,0,1,0,0,1,14.29,4,0,3,11,47.83,0,0.0,11,42.31,181,0.0,0,0,0,0,0,0,0,0,1,3,0,0,0,4,57.14,0,0,0,3,25,4,5,1,116,5,4,0,0,1,0,1,0,0,,,,0,0,0,0,0,1,0,0,0,0,0,0,1,0.0,0.0,2,6,7,15,3,0,0,0,7,1,4,100.0,0.0,0,0,0,25,59,0,0.09,0,13,,7
886227,Hassane Bandé,hassane-bande,2242,HJK,6.6,39.6,6,0,0,0,0,0.11,0,58,12,70,82.86,21,37,24,3,6,42.86,4,7,2,0,0,0,0.0,3,3,0,23,45.1,2,28.57,25,43.1,291,0.0,0,0,0,0,0,0,0,0,0,3,0,0,0,1,50.0,3,0,0,8,38,1,2,0,153,13,4,0,0,9,1,0,0,0,,,,0,0,0,0,0,3,1,0,0,0,0,0,2,0.0,0.0,3,14,3,33,5,0,0,0,2,4,1,25.0,0.0,0,0,0,23,50,0,0.08,0,17,,6
1904647,Adam Forrester,adam-forrester,2353,Heart of Midlothian,6.6,33.0,5,0,0,0,0,0.22,0,99,50,149,66.44,54,47,26,1,3,42.86,8,10,3,0,0,2,20.0,1,0,0,14,43.75,9,47.37,23,45.1,345,0.0,0,0,0,0,0,0,0,0,1,0,0,0,0,9,29.03,7,0,0,2,83,0,14,6,278,5,5,0,0,7,0,1,0,0,,,,0,0,0,0,0,5,0,0,0,0,0,0,4,0.0,0.0,1,7,10,28,10,0,0,0,31,5,4,50.0,0.0,0,0,0,73,86,0,0.06,0,18,,5
901857,Úmaro Embaló,umaro-embalo,3009,Vitória SC,6.6,13.2,2,0,0,0,0,0.02,0,29,5,34,85.29,14,16,6,0,3,75.0,5,0,1,0,0,1,33.33,1,0,0,9,47.37,0,0.0,9,45.0,122,0.0,0,0,0,0,0,0,0,0,1,0,0,0,0,0,0.0,1,0,0,2,15,0,1,0,58,1,3,0,0,4,1,1,0,0,,,,0,0,0,0,0,4,0,0,0,0,0,0,2,0.0,0.0,0,4,3,11,1,0,0,0,1,4,5,100.0,0.0,0,0,0,16,21,0,0.05,0,5,,2
98478,Islambek Kuat,islambek-kuat,36155,Astana,6.6,19.8,3,0,0,0,0,0.06,0,72,12,84,85.71,37,35,13,0,0,0.0,4,2,1,0,0,0,0.0,2,0,1,7,77.78,1,33.33,8,66.67,194,0.0,0,0,0,1,0,0,0,0,0,2,0,0,0,4,40.0,3,0,0,0,14,0,5,1,109,3,1,0,0,2,0,1,0,0,,,,0,0,0,0,0,3,0,0,0,0,0,0,2,0.0,0.0,0,0,1,4,2,0,0,0,10,3,1,25.0,0.0,0,0,0,40,45,0,0.03,0,7,,3
1104216,Christoph Lang,christoph-lang,2055,SK Rapid Wien,6.6,6.6,1,0,0,0,0,0.08,0,19,4,23,82.61,8,11,8,1,1,33.33,2,0,0,0,0,0,0.0,1,0,1,4,36.36,0,0.0,4,36.36,84,0.0,0,0,0,0,0,0,0,0,0,1,0,0,0,2,100.0,1,0,0,0,10,0,2,2,40,1,4,0,0,1,0,0,0,0,,,,0,0,0,0,0,0,0,0,0,0,0,0,1,0.0,0.0,1,3,1,7,0,0,0,0,2,0,0,0.0,0.0,0,0,0,8,16,0,0.03,0,6,,1
187431,Max Meyer,max-meyer,3398,APOEL Nicosia,6.6,19.8,3,0,0,0,0,0.04,0,26,7,33,78.79,4,22,10,1,0,0.0,0,0,0,0,0,0,0.0,1,1,0,2,40.0,0,0.0,2,33.33,100,0.0,0,0,0,0,0,0,0,0,0,1,0,0,0,0,0.0,0,0,0,1,10,0,0,0,40,2,2,0,0,0,0,0,0,0,,,,0,0,0,0,0,0,1,0,0,0,0,0,1,0.0,0.0,1,0,0,4,1,0,0,0,0,1,0,0.0,0.0,0,0,0,5,28,0,0.01,0,4,,3
1124028,Mateja Đorđević,mateja-dordevic,263360,FK TSC Bačka Topola,6.59,46.1,7,0,0,1,0,0.09,0,302,61,363,83.2,183,119,37,2,3,75.0,12,4,0,0,0,0,0.0,2,0,1,16,55.17,6,37.5,22,48.89,629,0.0,0,0,0,0,0,0,0,0,2,0,0,0,0,25,46.3,27,0,0,1,68,0,39,20,438,1,9,0,0,3,0,1,0,0,,,,0,0,0,0,0,14,2,0,0,0,0,0,7,0.0,0.0,2,4,1,23,10,0,0,0,54,16,6,50.0,0.0,0,0,0,200,164,0,0.1,0,33,,7
553488,Chadrac Akolo,chadrac-akolo,2442,FC St. Gallen 1879,6.58,39.5,6,0,0,2,0,0.13,0,53,17,70,75.71,24,29,22,4,6,54.55,4,1,1,0,0,0,0.0,9,3,3,11,37.93,1,14.29,12,33.33,302,0.0,0,0,0,0,1,0,0,0,6,3,0,0,0,2,100.0,0,0,0,6,34,5,2,1,117,2,6,0,0,1,3,3,0,0,,,,0,0,0,0,0,9,0,0,0,0,0,0,3,0.0,0.0,4,11,0,24,6,0,0,0,2,9,2,50.0,0.0,0,0,0,24,46,0,0.9,0,10,,6
109785,Aaron Greene,aaron-greene,3177,Shamrock Rovers,6.58,39.5,6,0,0,0,0,0.05,0,22,4,26,84.62,3,19,7,2,0,0.0,0,0,1,0,0,0,0.0,2,2,0,4,44.44,0,0.0,4,44.44,104,0.0,0,0,0,0,0,0,0,0,2,0,0,0,0,0,0.0,1,0,0,4,19,0,0,0,53,4,0,0,0,0,0,0,0,0,,,,0,0,0,0,0,0,0,0,0,0,0,0,0,0.0,0.0,2,1,1,5,0,0,0,0,0,0,0,0.0,0.0,0,0,0,4,23,0,0.24,0,3,,6
242593,Tomas Cosgrove,tomas-cosgrove,5184,Larne FC,6.58,32.9,5,1,0,0,0,0.18,1,106,37,143,74.13,69,39,15,2,0,0.0,11,1,2,0,0,2,50.0,1,1,0,18,69.23,5,38.46,23,58.97,390,100.0,0,0,0,0,0,0,1,0,1,0,0,0,1,6,33.33,17,0,0,1,49,0,11,4,231,8,3,0,1,2,1,0,0,0,,,,1,0,0,0,0,9,1,0,0,0,0,0,4,0.0,0.0,2,2,4,16,8,0,0,0,18,10,7,63.64,390.0,0,0,0,81,66,0,0.34,0,9,,5
1499991,Jan Ziółkowski,jan-ziolkowski,3106,Legia Warszawa,6.58,32.9,5,0,0,0,0,0.15,0,64,24,88,72.73,51,13,2,1,0,0.0,5,2,3,0,0,0,0.0,1,0,0,6,50.0,8,80.0,14,63.64,235,0.0,0,0,0,0,0,0,0,0,1,0,0,0,0,3,17.65,15,1,0,0,26,0,10,3,125,2,5,0,0,0,0,1,0,0,,,,0,0,0,0,0,5,0,0,0,0,0,0,2,0.0,0.0,1,1,0,8,2,0,0,0,17,5,3,60.0,0.0,0,0,0,60,28,0,0.06,0,6,,5
998830,Daniel Oyegoke,daniel-oyegoke,2353,Heart of Midlothian,6.58,32.9,5,0,0,0,0,0.04,0,133,30,163,81.6,75,59,14,0,6,60.0,4,4,0,0,0,1,12.5,1,0,0,14,60.87,4,50.0,18,58.06,245,0.0,0,0,0,0,0,0,0,0,0,1,0,0,0,9,50.0,7,0,0,1,52,0,10,5,237,4,3,0,0,1,0,1,0,0,,,,0,0,0,0,0,6,0,0,0,0,0,0,2,0.0,0.0,0,10,8,13,4,0,0,0,18,6,3,75.0,0.0,0,0,0,84,87,0,0.01,0,16,,5
1049103,Noah Bischof,noah-bischof,2055,SK Rapid Wien,6.58,59.2,9,0,1,2,0,0.19,0,23,7,30,76.67,5,18,13,1,6,75.0,5,0,0,0,0,0,0.0,5,1,2,13,48.15,1,33.33,14,46.67,190,0.0,0,0,0,0,0,0,0,0,5,0,0,0,0,1,50.0,2,0,0,4,19,3,1,1,75,2,7,0,0,1,0,2,0,0,,,,0,0,0,0,0,3,0,0,0,0,0,0,0,0.0,0.0,1,8,1,16,2,0,0,0,2,3,2,40.0,0.0,0,0,0,7,24,0,0.51,0,8,,10
877364,Ola Brynhildsen,ola-brynhildsen,661,Molde FK,6.58,26.3,4,1,0,5,0,0.12,1,37,14,51,72.55,5,32,18,2,4,25.0,0,0,0,0,0,0,0.0,10,4,5,11,36.67,4,40.0,15,37.5,337,10.0,0,0,0,0,0,0,1,0,9,1,0,0,1,1,100.0,0,0,0,5,46,2,0,0,113,7,4,0,0,0,3,1,0,0,,,,0,0,0,0,0,5,1,0,0,0,0,0,4,0.0,0.0,2,16,0,25,6,0,0,0,1,6,0,0.0,337.0,0,0,0,7,44,0,2.19,0,8,,4
796662,Zvonimir Šarlija,zvonimir-sarlija,171626,Pafos FC,6.58,26.3,4,0,0,0,0,0.02,0,96,15,111,86.49,69,27,9,0,0,0.0,2,1,0,0,0,0,0.0,0,0,0,4,44.44,5,83.33,9,60.0,228,0.0,0,0,0,0,0,0,0,0,0,0,0,0,0,4,36.36,9,0,0,2,19,1,4,2,137,3,3,0,0,1,0,0,0,0,,,,0,0,0,0,0,3,1,0,0,0,0,0,2,0.0,0.0,0,0,0,6,1,0,0,0,11,4,1,50.0,0.0,0,0,0,75,36,0,,0,11,,4
145659,Cian Bolger,cian-bolger,5184,Larne FC,6.58,26.3,4,0,1,0,0,0.13,0,85,37,122,69.67,62,23,9,1,1,100.0,1,3,1,1,1,0,0.0,0,0,0,3,60.0,12,66.67,15,65.22,360,0.0,0,0,0,1,0,0,0,0,0,0,0,0,0,16,41.03,26,0,0,0,38,1,9,2,167,2,3,0,0,0,0,0,0,0,,,,0,0,0,0,0,8,1,0,0,0,0,0,4,0.0,0.0,1,1,0,8,6,0,0,0,39,9,0,0.0,0.0,0,0,0,65,57,0,,1,10,,4
1106182,Kenneth Vargas,kenneth-vargas,2353,Heart of Midlothian,6.57,39.4,6,0,1,1,1,0.41,1,41,20,61,67.21,13,29,15,5,3,25.0,8,1,0,0,0,1,25.0,6,3,0,16,38.1,2,13.33,18,31.58,284,0.0,0,0,0,0,0,0,0,0,6,0,0,0,0,3,75.0,2,0,0,8,45,3,4,0,126,5,8,0,0,2,1,3,0,0,,,,0,0,0,0,0,4,0,0,0,0,0,0,3,0.0,0.0,5,12,4,39,13,0,0,0,4,4,5,62.5,0.0,0,0,0,16,49,0,0.69,0,14,,6
1094395,Hélio Varela,varela-helio,2903,KAA Gent,6.57,19.7,3,0,0,0,0,0.02,0,24,7,31,77.42,5,19,15,0,1,33.33,0,2,0,0,0,0,0.0,0,0,0,3,33.33,2,100.0,5,45.45,75,0.0,0,0,0,0,0,0,0,0,0,0,0,0,0,0,0.0,0,0,0,1,18,1,0,0,49,2,3,0,0,0,0,0,0,0,,,,0,0,0,0,0,2,0,0,0,0,0,0,0,0.0,0.0,0,3,4,6,0,0,0,0,0,2,0,0.0,0.0,0,0,0,5,30,0,,0,4,,3
846609,Sion Bradley,sion-bradley,4921,The New Saints,6.57,19.7,3,0,0,0,0,0.2,0,5,0,5,100.0,3,4,2,1,3,42.86,3,1,1,0,0,2,40.0,1,0,0,7,36.84,0,0.0,7,33.33,83,0.0,0,0,0,0,0,0,0,0,1,0,0,0,0,0,0.0,1,0,0,1,11,0,0,0,31,1,2,0,0,5,0,1,0,0,,,,0,0,0,0,0,0,0,0,0,0,0,0,1,0.0,0.0,1,7,5,14,2,0,0,0,0,0,3,100.0,0.0,0,0,0,3,7,0,0.08,0,3,,4
834232,Trevor Clarke,trevor-clarke,3177,Shamrock Rovers,6.57,19.7,3,0,0,0,0,0.0,0,3,5,8,37.5,3,0,0,0,0,0.0,1,0,0,0,0,0,0.0,1,1,0,2,40.0,2,66.67,4,50.0,49,0.0,0,0,0,0,0,0,0,0,1,0,0,0,0,0,0.0,3,0,0,0,14,0,0,0,29,1,1,0,0,1,0,0,0,0,,,,0,0,0,0,0,0,0,0,0,0,0,0,0,0.0,0.0,0,1,1,4,1,0,0,0,1,0,0,0.0,0.0,0,0,0,5,4,0,0.04,0,0,,3
1186444,Moustapha Cissé,moustapha-cisse,2442,FC St. Gallen 1879,6.56,32.8,5,1,0,2,0,0.1,1,15,5,20,75.0,6,9,7,2,0,0.0,0,0,0,0,0,0,0.0,5,3,2,1,20.0,0,0.0,1,11.11,132,20.0,0,0,0,0,0,0,1,0,5,0,0,0,1,0,0.0,0,0,0,2,12,1,0,0,38,1,0,0,0,1,6,0,0,0,,,,0,0,0,0,0,5,0,0,0,0,0,0,1,0.0,0.0,2,1,1,8,4,0,0,0,0,5,0,0.0,132.0,0,0,0,6,15,0,1.28,0,5,,5
875106,Benson Sakala,benson-sakala,2224,Mladá Boleslav,6.56,32.8,5,0,0,0,0,0.03,0,86,15,101,85.15,54,32,13,1,0,0.0,3,2,0,0,0,0,0.0,0,0,0,4,30.77,2,33.33,6,31.58,203,0.0,0,0,0,0,0,0,0,0,0,0,0,0,0,4,57.14,6,0,0,3,22,1,8,5,129,1,3,0,0,2,0,0,0,0,,,,0,0,0,0,0,4,0,0,0,0,0,0,3,0.0,0.0,1,1,0,13,4,0,0,0,7,4,3,100.0,0.0,0,0,0,64,37,0,,0,12,,5
935281,Maximilian Breunig,maximilian-breunig,5885,1. FC Heidenheim,6.56,32.8,5,0,0,0,0,0.06,0,32,22,54,59.26,16,16,9,2,3,42.86,1,1,0,0,0,0,0.0,2,0,1,8,44.44,5,25.0,13,34.21,223,0.0,0,0,0,0,0,0,0,0,0,2,0,0,0,2,66.67,5,0,0,3,31,1,2,2,86,4,3,0,0,0,2,1,0,0,,,,0,0,0,0,0,4,1,0,0,0,0,0,3,0.0,0.0,2,7,0,25,15,0,0,0,3,5,1,100.0,0.0,0,0,0,21,33,0,0.25,0,8,,5
1893261,Dino Kojić,dino-kojic,2416,NK Olimpija Ljubljana,6.56,32.8,5,0,0,0,0,0.01,0,34,15,49,69.39,15,19,6,1,7,58.33,7,3,0,0,0,0,0.0,1,1,0,17,48.57,5,41.67,22,46.81,273,0.0,0,0,0,0,0,0,0,0,0,1,0,0,0,1,25.0,4,0,0,9,38,0,2,0,109,3,3,0,0,1,0,0,0,0,,,,0,0,0,0,0,1,1,0,0,0,0,0,4,0.0,0.0,1,12,0,25,7,0,0,0,4,2,3,42.86,0.0,0,0,0,21,28,0,0.03,0,13,,6
859689,Tobias Borkeeiet,tobias-borkeeiet,2055,SK Rapid Wien,6.56,32.8,5,0,0,0,0,0.01,0,13,6,19,68.42,4,9,4,0,0,0.0,0,1,0,0,0,0,0.0,1,0,0,0,0.0,2,50.0,2,50.0,58,0.0,0,0,0,0,0,0,0,0,0,1,0,0,0,1,33.33,1,0,0,0,6,0,0,0,26,0,0,0,0,0,0,1,0,0,,,,0,0,0,0,0,1,0,0,0,0,0,0,0,0.0,0.0,0,0,0,2,2,0,0,0,3,1,0,0.0,0.0,0,0,0,8,11,0,0.02,0,3,,5
1150391,Vitor Roque,vitor-roque,2816,Real Betis,6.56,45.9,7,0,0,1,0,0.04,0,37,11,48,77.08,11,26,12,1,2,33.33,1,1,0,1,1,0,0.0,9,5,3,6,26.09,3,33.33,9,28.13,290,0.0,0,0,0,0,0,0,0,0,7,2,0,0,0,0,0.0,0,0,0,6,32,4,1,0,98,3,7,0,0,0,3,1,0,0,,,,0,0,0,0,0,3,0,0,0,0,0,0,3,0.0,0.0,1,6,2,23,6,0,0,0,1,3,1,100.0,0.0,0,0,0,13,37,0,0.79,0,7,,7
19382,Jérôme Boateng,jerome-boateng,2058,LASK,6.55,13.1,2,0,0,0,0,0.02,0,18,8,26,69.23,7,11,7,0,0,0.0,2,0,0,0,0,0,0.0,0,0,0,2,66.67,0,0.0,2,66.67,33,0.0,0,0,0,0,0,0,0,0,0,0,0,0,0,4,44.44,1,0,0,0,10,0,6,3,35,0,1,0,0,0,0,0,0,0,,,,0,0,0,0,0,1,0,0,0,0,0,0,0,0.0,0.0,0,0,2,1,0,0,0,0,9,1,1,50.0,0.0,0,0,0,9,19,0,,0,1,,2
822673,Dante Vanzeir,dante-vanzeir,2903,KAA Gent,6.55,13.1,2,0,0,0,0,0.08,0,19,4,23,82.61,6,13,10,0,3,50.0,0,0,1,0,0,0,0.0,0,0,0,3,37.5,0,0.0,3,23.08,100,0.0,0,0,0,0,0,0,0,0,0,0,0,0,0,3,100.0,0,0,0,1,17,2,3,3,40,0,1,0,0,0,1,0,0,0,,,,0,0,0,0,0,0,1,0,0,0,0,0,1,0.0,0.0,0,6,3,10,5,0,0,0,3,1,0,0.0,0.0,0,0,0,6,20,0,,0,4,,2
352486,Iván Alejo,ivan-alejo,3398,APOEL Nicosia,6.55,13.1,2,0,0,0,0,0.03,0,7,2,9,77.78,3,6,2,1,0,0.0,0,0,0,0,0,2,33.33,0,0,0,1,33.33,0,0.0,1,20.0,42,0.0,0,0,0,0,0,0,0,0,0,0,0,0,0,1,100.0,0,0,0,0,9,0,0,0,21,1,1,0,0,0,0,0,0,0,,,,0,0,0,0,0,0,0,0,0,0,0,0,0,0.0,0.0,1,1,6,4,2,0,0,0,1,0,0,0.0,0.0,0,0,0,3,12,0,,0,1,,2
851161,Peter Therkildsen,peter-therkildsen,1759,Djurgårdens IF,6.55,13.1,2,0,0,0,0,0.0,0,12,4,16,75.0,6,6,1,0,1,50.0,1,3,0,0,0,0,0.0,0,0,0,2,40.0,1,50.0,3,42.86,41,0.0,0,0,0,0,0,0,0,0,0,0,0,0,0,2,50.0,3,0,0,1,9,0,1,1,33,0,0,0,0,1,0,0,0,0,,,,0,0,0,0,0,0,0,0,0,0,0,0,0,0.0,0.0,0,2,1,4,1,0,0,0,4,0,0,0.0,0.0,0,0,0,9,8,0,,0,3,,2
975496,Victor Ruiz,victor-ruiz,2442,FC St. Gallen 1879,6.55,13.1,2,0,0,0,0,0.01,0,13,6,19,68.42,7,6,4,0,0,0.0,1,2,0,0,0,0,0.0,0,0,0,1,100.0,0,0.0,1,50.0,38,0.0,0,0,0,0,0,0,0,0,0,0,0,0,0,1,50.0,0,0,0,0,10,0,2,1,27,0,0,0,0,0,0,0,0,0,,,,0,0,0,0,0,2,0,0,0,0,0,0,0,0.0,0.0,0,0,2,1,1,0,0,0,2,2,0,0.0,0.0,0,0,0,8,13,0,,0,3,,3
996914,Harvey Vale,harvey-vale,38,Chelsea,6.55,13.1,2,0,0,1,0,0.05,0,19,5,24,79.17,3,17,10,1,0,0.0,1,0,0,0,0,1,33.33,2,0,0,2,40.0,0,0.0,2,28.57,68,0.0,0,0,0,0,0,0,0,0,2,0,0,0,0,0,0.0,0,0,0,1,9,0,0,0,35,1,1,0,0,1,0,2,0,0,,,,0,0,0,0,0,0,0,0,0,0,0,0,0,0.0,0.0,1,0,3,5,2,0,0,0,0,0,0,0.0,0.0,0,0,0,3,24,0,0.73,0,2,,2
2048955,Hyllarion Goore,bi-goore,2903,KAA Gent,6.55,13.1,2,0,0,0,0,0.0,0,6,1,7,85.71,3,3,3,0,1,50.0,0,0,0,0,0,0,0.0,3,0,2,2,28.57,1,100.0,3,37.5,74,0.0,0,0,0,0,0,0,0,0,2,1,0,0,0,0,0.0,3,0,0,3,7,0,0,0,23,1,2,0,0,0,0,1,0,0,,,,0,0,0,0,0,1,0,0,0,0,0,0,1,0.0,0.0,0,2,0,5,0,0,0,0,0,1,0,0.0,0.0,0,0,0,3,4,0,0.17,0,4,,2
886843,Toni Borevković,toni-borevkovic,3009,Vitória SC,6.55,39.3,6,0,0,0,0,0.03,0,294,19,313,93.93,222,72,16,0,1,100.0,1,4,1,0,0,0,0.0,1,1,0,8,66.67,8,57.14,16,61.54,540,0.0,0,0,0,0,0,0,0,0,1,0,0,0,0,13,61.9,27,1,0,0,23,0,12,9,363,7,2,0,0,2,0,0,0,0,,,,0,0,0,0,0,8,2,0,0,0,0,0,6,0.0,0.0,0,1,0,10,6,0,0,0,21,10,1,100.0,0.0,0,0,0,230,83,0,0.1,1,21,,6
884870,Marin Caruntu,marin-caruntu,167232,FC Petrocub Hîncesti,6.55,39.3,6,0,0,0,0,0.03,0,25,12,37,67.57,12,13,7,0,0,0.0,2,0,0,0,0,0,0.0,1,0,1,9,60.0,4,36.36,13,50.0,232,0.0,0,0,0,0,0,0,0,0,1,0,0,0,0,0,0.0,3,0,0,2,26,0,0,0,67,7,3,0,0,0,0,0,0,0,,,,0,0,0,0,0,6,2,0,0,0,0,0,2,0.0,0.0,0,1,1,13,7,0,0,0,0,8,0,0.0,0.0,0,0,0,16,22,0,0.07,0,3,,6
285843,Bence Sós,bence-sos,263360,FK TSC Bačka Topola,6.55,39.3,6,0,0,0,0,0.19,0,40,7,47,85.11,14,29,12,1,0,0.0,0,3,1,0,0,3,30.0,2,0,0,1,16.67,3,75.0,4,40.0,81,0.0,0,0,0,0,0,0,0,0,2,0,0,0,0,1,33.33,3,0,0,1,22,1,3,2,80,1,1,0,0,3,0,2,0,0,,,,0,0,0,0,0,1,1,0,0,0,0,0,0,0.0,0.0,1,0,10,6,1,0,0,0,3,2,0,0.0,0.0,0,0,0,16,41,0,0.07,0,7,,7
896412,Luka Bobičanec,luka-bobicanec,2413,NK Celje,6.55,13.1,2,0,0,0,0,0.05,0,25,11,36,69.44,18,8,4,0,0,0.0,0,0,0,0,0,1,25.0,1,0,0,0,0.0,0,0.0,0,0.0,73,0.0,0,0,0,0,0,0,0,0,0,1,0,0,0,4,66.67,0,0,0,0,16,0,4,1,49,0,1,0,0,0,0,1,0,0,,,,0,0,0,0,0,1,2,0,0,0,0,0,1,0.0,0.0,0,0,4,1,0,0,0,0,6,3,0,0.0,0.0,0,0,0,22,18,0,0.05,0,5,,2
879176,Daniel Hafsteinsson,daniel-hafsteinsson,1908,Víkingur Reykjavík,6.55,13.1,2,0,0,0,0,0.08,0,57,13,70,81.43,29,29,12,1,1,100.0,5,2,1,0,0,1,20.0,1,0,1,7,41.18,5,83.33,12,52.17,171,0.0,0,0,0,1,0,0,0,0,0,1,0,0,0,1,33.33,5,0,0,2,21,1,5,1,99,1,5,0,0,3,0,0,0,0,,,,0,0,0,0,0,2,0,0,0,0,0,0,2,0.0,0.0,1,1,5,11,1,0,0,0,3,2,1,20.0,0.0,0,0,0,34,41,0,0.03,0,10,,2
1084706,Sergio Barcia,sergio-barcia,3106,Legia Warszawa,6.55,13.1,2,0,0,0,0,0.02,0,33,14,47,70.21,17,16,6,0,0,0.0,5,1,0,0,0,0,0.0,1,0,0,6,100.0,4,80.0,10,90.91,109,0.0,0,0,0,0,0,0,0,0,0,1,0,0,0,4,44.44,6,0,0,0,15,0,3,2,63,1,0,0,0,0,0,1,0,0,,,,0,0,0,0,0,2,2,0,0,0,0,0,1,0.0,0.0,0,0,0,1,1,0,0,0,9,4,5,100.0,0.0,0,0,0,20,27,0,0.01,0,1,,2
950032,Miguel Villar Miki,miguel-villar-miki,7691,Jagiellonia Białystok,6.54,58.9,9,0,0,1,2,0.43,2,104,31,135,77.04,39,65,36,5,5,38.46,9,4,2,0,0,0,0.0,2,1,1,17,36.17,1,16.67,18,33.96,482,0.0,0,0,0,0,0,0,0,0,1,1,0,0,0,4,44.44,5,0,0,5,59,1,1,0,211,3,10,0,0,7,2,0,0,0,,,,0,0,0,0,0,5,3,0,0,0,0,0,6,0.0,0.0,5,13,4,35,5,0,0,0,9,8,5,55.56,0.0,0,0,0,48,91,0,0.34,0,14,,11
64502,Jón Guðni Fjóluson,jon-guni-fjoluson,1908,Víkingur Reykjavík,6.54,45.8,7,0,0,0,0,0.1,0,134,34,168,79.76,99,36,20,0,0,0.0,5,4,0,0,0,1,25.0,1,0,0,5,45.45,13,68.42,18,60.0,320,0.0,0,0,0,0,0,0,0,0,1,0,0,0,0,10,40.0,14,0,1,0,37,0,14,7,211,1,4,0,0,3,0,1,0,0,,,,1,0,0,0,0,7,0,0,0,0,0,0,3,0.0,0.0,0,0,4,12,6,0,0,0,25,7,3,60.0,0.0,0,0,0,112,60,0,0.03,1,14,,7
990355,Maksym Talovierov,maksym-talovierov,2058,LASK,6.54,32.7,5,0,0,0,0,0.03,0,192,21,213,90.14,143,49,14,0,0,0.0,4,5,1,0,0,0,0.0,0,0,0,9,60.0,4,40.0,13,52.0,352,0.0,0,0,0,0,0,0,0,0,0,0,0,0,0,17,60.71,16,1,0,0,22,0,19,14,261,5,4,0,0,3,0,0,0,0,,,,0,0,0,0,0,10,2,0,0,0,0,0,4,0.0,0.0,0,0,0,12,6,0,0,0,28,12,2,50.0,0.0,0,0,0,151,62,0,,0,19,,5
1002377,Boubacar Diallo,boubacar-diallo,167232,FC Petrocub Hîncesti,6.54,32.7,5,0,0,0,0,0.01,0,46,8,54,85.19,29,17,6,0,3,60.0,3,3,0,0,0,0,0.0,0,0,0,10,55.56,0,0.0,10,47.62,175,0.0,0,0,0,0,0,0,0,0,0,0,0,0,0,1,50.0,2,0,0,4,20,0,1,0,89,4,1,0,0,2,1,0,0,0,,,,0,0,0,0,0,5,0,0,0,0,0,0,1,0.0,0.0,0,5,1,11,3,0,0,0,2,5,2,66.67,0.0,0,0,0,32,23,0,,0,5,,6
1129370,Gor Manvelyan,gor-manvelyan,262228,FC Noah,6.54,32.7,5,0,1,0,0,0.27,0,58,23,81,71.6,9,49,32,2,5,62.5,0,1,0,0,0,0,0.0,6,3,2,8,44.44,0,0.0,8,42.11,179,0.0,0,0,0,0,0,0,0,0,0,6,0,0,0,1,100.0,0,0,0,2,33,1,3,1,111,3,1,0,0,4,0,1,0,0,,,,0,0,0,0,0,8,1,0,0,0,0,0,2,0.0,0.0,2,8,1,11,1,0,0,0,1,9,0,0.0,0.0,0,0,0,17,65,0,0.22,0,8,,5
909505,Santeri Haarala,haarala-santeri,1759,Djurgårdens IF,6.54,52.3,8,0,1,2,0,0.75,0,65,25,90,72.22,22,45,24,8,0,0.0,6,0,0,0,0,2,20.0,6,2,1,9,33.33,1,10.0,10,27.03,369,0.0,0,0,0,0,0,0,0,0,5,1,0,0,0,2,40.0,3,0,1,4,61,4,3,1,168,3,1,0,0,4,0,3,0,0,,,,0,0,0,0,0,7,0,0,0,0,0,0,3,0.0,0.0,8,9,10,27,9,0,0,0,5,7,3,50.0,0.0,0,0,0,28,72,0,1.04,0,16,,10
1138915,Zé Carlos,ze-carlos,3009,Vitória SC,6.53,19.6,3,0,0,0,0,0.14,0,23,3,26,88.46,5,18,10,1,0,0.0,1,1,0,0,0,0,0.0,0,0,0,4,66.67,0,0.0,4,66.67,51,0.0,0,0,0,0,0,0,0,0,0,0,0,0,0,1,100.0,0,0,0,0,5,0,3,3,37,3,0,0,0,1,0,0,0,0,,,,0,0,0,0,0,1,0,0,0,0,0,0,0,0.0,0.0,1,1,0,2,0,0,0,0,1,1,1,100.0,0.0,0,0,0,6,20,0,,0,2,,4
877979,Willem Geubbels,willem-geubbels,2442,FC St. Gallen 1879,6.53,19.6,3,0,1,1,0,0.17,0,38,24,62,61.29,15,24,13,2,1,14.29,0,1,0,0,0,1,16.67,3,2,0,2,15.38,8,38.1,10,29.41,248,0.0,0,0,0,0,0,0,0,0,2,1,0,0,0,0,0.0,1,0,0,3,44,0,0,0,104,1,2,0,0,0,1,1,0,0,,,,0,0,0,0,0,10,0,0,0,0,0,0,3,0.0,0.0,2,7,6,24,13,0,0,0,2,10,0,0.0,0.0,0,0,0,17,51,0,0.23,0,4,,3
827562,Matej Pulkrab,matej-pulkrab,2224,Mladá Boleslav,6.53,19.6,3,0,0,0,0,0.01,0,6,4,10,60.0,1,5,4,0,0,0.0,0,0,1,0,0,0,0.0,1,0,1,1,11.11,3,60.0,4,28.57,35,0.0,0,0,0,0,0,0,0,0,1,0,0,0,0,1,100.0,0,0,0,5,13,1,2,1,23,1,3,0,0,0,0,0,0,0,,,,0,0,0,0,0,1,0,0,0,0,0,0,0,0.0,0.0,0,0,0,10,2,0,0,0,1,1,0,0.0,0.0,0,0,0,2,8,0,0.16,0,2,,4
182025,Lasha Dvali,lasha-dvali,3398,APOEL Nicosia,6.53,19.6,3,0,1,0,0,0.02,0,54,11,65,83.08,37,17,5,1,0,0.0,1,0,0,0,1,0,0.0,1,1,0,1,33.33,7,87.5,8,72.73,97,0.0,0,0,0,1,0,0,0,0,1,0,0,0,0,3,30.0,14,0,0,0,11,0,5,4,81,0,2,0,0,0,0,0,0,0,,,,0,0,0,0,0,3,0,0,0,0,0,0,1,0.0,0.0,1,0,0,3,1,0,0,0,10,3,1,100.0,0.0,1,0,0,41,24,0,0.02,0,4,,4
248529,Lucas Lima,lucas-lima,3086,Başakşehir FK,6.53,26.1,4,0,1,0,0,0.24,0,67,46,113,59.29,24,45,14,2,0,0.0,2,3,1,0,0,2,18.18,0,0,0,3,25.0,3,30.0,6,27.27,284,0.0,0,0,0,0,0,0,0,0,0,0,0,0,0,6,21.43,8,0,0,3,76,0,18,6,195,1,3,0,0,1,1,0,0,0,,,,0,0,0,0,0,4,0,0,0,0,0,0,3,0.0,0.0,2,2,11,16,7,0,0,0,28,4,2,100.0,0.0,0,0,0,41,83,0,,0,8,,4
63989,Maxim Potirniche,maxim-potirniche,167232,FC Petrocub Hîncesti,6.53,26.1,4,0,0,0,0,0.01,0,121,26,147,82.31,93,28,8,2,0,0.0,3,5,0,0,0,0,0.0,1,0,0,4,30.77,3,50.0,7,36.84,360,0.0,0,0,0,0,0,0,0,0,1,0,0,0,0,9,37.5,16,0,0,0,31,0,8,5,186,1,5,0,0,4,0,1,0,0,,,,0,0,0,0,0,6,1,0,0,0,0,0,4,0.0,0.0,2,0,0,12,3,0,0,0,24,7,1,33.33,0.0,0,0,0,102,45,0,0.03,0,14,,4
839720,Daniel Mareček,daniel-marecek,2224,Mladá Boleslav,6.52,32.6,5,0,0,2,0,0.09,0,39,18,57,68.42,21,19,9,2,0,0.0,2,2,1,0,0,1,33.33,6,3,2,3,33.33,7,43.75,10,40.0,233,0.0,0,0,0,0,0,0,0,0,5,1,0,0,0,1,20.0,1,0,0,1,30,0,8,4,91,1,3,0,0,1,0,1,0,0,,,,1,0,0,0,0,2,1,0,0,0,0,0,3,0.0,0.0,2,2,3,15,9,0,0,0,5,3,2,100.0,0.0,0,0,0,27,33,0,0.53,0,8,,5
831357,Santeri Hostikka,santeri-hostikka,2242,HJK,6.52,39.1,6,0,1,0,0,0.22,0,127,40,167,76.05,60,67,38,3,9,42.86,12,2,1,0,0,0,0.0,0,0,0,25,37.88,2,40.0,27,38.03,449,0.0,0,0,0,0,0,0,0,0,0,0,0,0,0,8,61.54,6,0,0,12,93,0,22,14,277,4,11,0,0,6,1,0,0,0,,,,0,0,0,0,0,6,2,0,0,0,0,0,6,0.0,0.0,3,21,7,44,3,0,0,0,13,8,8,66.67,0.0,0,0,0,68,106,0,,0,30,,6
1154491,Jovan Milošević,jovan-milosevic,2442,FC St. Gallen 1879,6.5,6.5,1,0,0,0,0,0.01,0,5,1,6,83.33,0,5,4,0,0,0.0,0,0,0,0,0,0,0.0,0,0,0,0,0.0,0,0.0,0,0.0,14,0.0,0,0,0,0,0,0,0,0,0,0,0,0,0,0,0.0,0,0,0,0,1,0,0,0,7,0,1,0,0,0,0,0,0,0,,,,0,0,0,0,0,0,0,0,0,0,0,0,0,0.0,0.0,0,0,0,3,2,0,0,0,0,0,0,0.0,0.0,0,0,0,0,6,0,,0,0,,1
292823,Omer Atzili,omer-atzili,3395,Omonia Nicosia,6.5,6.5,1,0,0,0,0,0.0,0,1,0,1,100.0,0,1,1,0,0,0.0,0,0,0,0,0,0,0.0,0,0,0,0,0.0,0,0.0,0,0.0,11,0.0,0,0,0,0,0,0,0,0,0,0,0,0,0,0,0.0,0,0,0,0,0,0,0,0,2,0,0,0,0,0,0,0,0,0,,,,0,0,0,0,0,0,0,0,0,0,0,0,0,0.0,0.0,0,0,0,0,0,0,0,0,0,0,0,0.0,0.0,0,0,0,0,1,0,,0,0,,1
2015328,Dieu-Merci Michel,dieu-merci-michel,3009,Vitória SC,6.5,6.5,1,0,0,0,0,0.0,0,2,0,2,100.0,0,2,1,0,0,0.0,0,0,0,0,0,0,0.0,0,0,0,0,0.0,1,33.33,1,33.33,10,0.0,0,0,0,0,0,0,0,0,0,0,0,0,0,0,0.0,0,0,0,0,0,0,0,0,2,0,0,0,0,0,0,0,0,0,,,,0,0,0,0,0,0,0,0,0,0,0,0,0,0.0,0.0,0,0,0,2,2,0,0,0,0,0,0,0.0,0.0,0,0,0,0,2,0,,0,0,,1
1134558,Niklas Odegard,niklas-odegard,661,Molde FK,6.5,6.5,1,0,0,0,0,0.0,0,2,3,5,40.0,1,1,0,0,0,0.0,1,0,0,0,0,0,0.0,0,0,0,1,100.0,0,0.0,1,100.0,12,0.0,0,0,0,0,0,0,0,0,0,0,0,0,0,0,0.0,0,0,0,0,3,0,0,0,6,0,0,0,0,0,0,0,0,0,,,,0,0,0,0,0,1,0,0,0,0,0,0,0,0.0,0.0,0,0,0,0,0,0,0,0,1,1,1,100.0,0.0,0,0,0,2,3,0,,0,1,,1
139251,Aleks Pihler,aleks-pihler,5235,FK Borac Banja Luka,6.5,6.5,1,0,0,0,0,,0,0,1,1,0.0,0,0,0,0,0,0.0,1,0,0,0,0,0,0.0,0,0,0,1,50.0,0,0.0,1,50.0,8,0.0,0,0,0,0,0,0,0,0,0,0,0,0,0,0,0.0,0,0,0,0,1,0,0,0,2,0,0,0,0,1,0,0,0,0,,,,0,0,0,0,0,0,0,0,0,0,0,0,0,0.0,0.0,0,0,0,1,0,0,0,0,1,0,1,100.0,0.0,0,0,0,0,1,0,,0,0,,1
563734,Aapo Halme,aapo-halme,2242,HJK,6.5,6.5,1,0,0,0,0,0.01,0,18,6,24,75.0,12,6,3,0,0,0.0,3,1,0,0,0,0,0.0,0,0,0,3,60.0,0,0.0,3,50.0,60,0.0,0,0,0,0,0,0,0,0,0,0,0,0,0,0,0.0,1,0,0,2,9,0,1,0,34,0,0,0,0,0,0,0,0,0,,,,0,0,0,0,0,1,1,0,0,0,0,0,1,0.0,0.0,0,0,0,3,1,0,0,0,1,2,3,100.0,0.0,0,0,0,15,9,0,,0,0,,1
1111989,Luka Zorić,luka-zoric,5235,FK Borac Banja Luka,6.5,6.5,1,0,0,0,0,0.0,0,3,0,3,100.0,2,1,0,0,0,0.0,0,0,0,0,0,0,0.0,0,0,0,0,0.0,0,0.0,0,0.0,23,0.0,0,0,0,0,0,0,0,0,0,0,0,0,0,0,0.0,0,0,0,0,2,0,0,0,7,0,0,0,0,0,0,0,0,0,,,,0,0,0,0,0,0,0,0,0,0,0,0,1,0.0,0.0,0,0,0,1,1,0,0,0,0,0,0,0.0,0.0,0,0,0,2,1,0,,0,0,,1
235238,Aleksandar Subić,aleksandar-subic,5235,FK Borac Banja Luka,6.5,6.5,1,0,0,0,0,0.0,0,5,0,5,100.0,1,4,3,0,0,0.0,2,0,0,0,0,0,0.0,0,0,0,2,28.57,0,0.0,2,28.57,23,0.0,0,0,0,0,0,0,0,0,0,0,0,0,0,1,100.0,2,0,0,0,5,0,1,1,17,0,2,0,0,2,0,0,0,0,,,,0,0,0,0,0,0,0,0,0,0,0,0,0,0.0,0.0,0,1,3,5,0,0,0,0,1,0,2,100.0,0.0,0,0,0,1,7,0,,0,0,,1
96098,Vitus Eicher,vitus-eicher,5885,1. FC Heidenheim,6.5,6.5,1,0,0,0,0,0.0,0,28,7,35,80.0,26,2,0,0,0,0.0,0,0,1,0,0,0,0.0,0,0,0,0,0.0,0,0.0,0,0.0,90,0.0,0,0,0,0,0,0,0,0,0,0,0,0,0,6,46.15,0,0,0,0,7,0,1,1,44,0,1,0,0,0,0,0,0,3,,,,0,0,0,2,1,3,0,0,1,1,0,0,1,0.0,0.0,0,0,0,1,0,0,0,0,13,3,0,0.0,0.0,0,0,1,28,7,0,,2,9,,1
1548923,Melvin Vucenovic Persson,melvin-vucenovic-persson,1759,Djurgårdens IF,6.5,6.5,1,0,0,0,0,0.0,0,2,0,2,100.0,1,1,1,0,0,0.0,0,0,0,0,0,0,0.0,0,0,0,0,0.0,0,0.0,0,0.0,9,0.0,0,0,0,0,0,0,0,0,0,0,0,0,0,0,0.0,2,0,0,1,1,0,0,0,5,0,0,0,0,0,0,0,0,0,,,,0,0,0,0,0,0,0,0,0,0,0,0,0,0.0,0.0,0,0,0,1,0,0,0,0,0,0,0,0.0,0.0,0,0,0,1,1,0,,0,1,,1
100563,Richie Towell,richie-towell,3177,Shamrock Rovers,6.5,6.5,1,0,0,0,0,0.0,0,6,3,9,66.67,5,1,1,0,2,100.0,0,0,1,0,0,0,0.0,0,0,0,2,33.33,0,0.0,2,33.33,26,0.0,0,0,0,0,0,0,0,0,0,0,0,0,0,0,0.0,0,0,0,2,6,0,1,0,15,0,1,0,0,1,0,0,0,0,,,,0,0,0,0,0,0,0,0,0,0,0,0,0,0.0,0.0,0,2,1,4,0,0,0,0,0,0,0,0.0,0.0,0,0,0,6,4,0,,0,5,,1
57480,Vladimir Khvashchinskiy,vladimir-khvashchinskiy,3361,Dinamo Minsk,6.5,6.5,1,0,0,0,0,0.0,0,1,0,1,100.0,0,1,1,0,0,0.0,0,0,0,0,0,0,0.0,0,0,0,0,0.0,0,0.0,0,0.0,11,0.0,0,0,0,0,0,0,0,0,0,0,0,0,0,0,0.0,0,0,0,0,0,0,0,0,1,0,0,0,0,0,0,0,0,0,,,,0,0,0,0,0,0,0,0,0,0,0,0,0,0.0,0.0,0,0,0,1,1,0,0,0,0,0,0,0.0,0.0,0,0,0,0,1,0,,0,0,,1
1171626,Dani Pérez,dani-perez,2816,Real Betis,6.5,13.0,2,0,0,0,0,0.03,0,13,0,13,100.0,1,12,8,1,0,0.0,0,0,0,0,0,0,0.0,0,0,0,0,0.0,0,0.0,0,0.0,42,0.0,0,0,0,0,0,0,0,0,0,0,0,0,0,1,100.0,0,0,0,1,1,0,1,1,15,0,0,0,0,1,0,0,0,0,,,,0,0,0,0,0,1,0,0,0,0,0,0,0,0.0,0.0,1,0,0,3,1,0,0,0,1,1,0,0.0,0.0,0,0,0,1,12,0,,0,1,,2
930511,Daniel Grant,daniel-grant,3177,Shamrock Rovers,6.5,13.0,2,0,0,0,0,0.08,0,63,17,80,78.75,22,42,20,1,0,0.0,2,0,1,0,0,1,12.5,0,0,0,2,15.38,0,0.0,2,14.29,210,0.0,0,0,0,0,0,0,0,0,0,0,0,0,0,0,0.0,6,0,0,5,40,1,4,3,144,0,2,0,0,1,0,0,0,0,,,,1,0,0,0,0,0,1,0,0,0,0,0,2,0.0,0.0,1,3,8,12,1,0,0,0,8,1,2,100.0,0.0,0,0,0,31,57,0,,0,9,,2
103912,Ömer Ali Şahiner,omer-ali-sahiner,3086,Başakşehir FK,6.5,19.5,3,0,0,0,0,0.01,0,57,12,69,82.61,30,27,8,1,0,0.0,1,2,0,0,0,0,0.0,0,0,0,3,60.0,0,0.0,3,30.0,149,0.0,0,0,0,0,0,0,0,0,0,0,0,0,0,4,66.67,3,0,0,1,19,0,4,3,96,2,1,0,0,0,0,0,0,0,,,,0,0,0,0,0,4,0,0,0,0,0,0,2,0.0,0.0,1,0,5,7,5,0,0,0,6,4,1,100.0,0.0,0,0,0,32,42,0,,0,9,,3
22633,Haris Radetinac,haris-radetinac,1759,Djurgårdens IF,6.5,13.0,2,0,0,0,0,0.0,0,3,2,5,60.0,3,0,0,0,0,0.0,2,0,0,0,0,0,0.0,0,0,0,2,66.67,0,0.0,2,40.0,20,0.0,0,0,0,0,0,0,0,0,0,0,0,0,0,0,0.0,1,0,0,0,4,0,0,0,13,0,0,0,0,1,0,0,0,0,,,,0,0,0,0,0,0,0,0,0,0,0,0,0,0.0,0.0,0,0,0,3,2,0,0,0,1,0,0,0.0,0.0,0,0,0,3,2,0,,0,3,,3
796673,Marcin Listkowski,marcin-listkowski,7691,Jagiellonia Białystok,6.5,19.5,3,0,0,0,0,0.01,0,20,5,25,80.0,10,10,5,0,1,100.0,2,1,0,0,0,0,0.0,0,0,0,4,66.67,2,100.0,6,75.0,79,0.0,0,0,0,0,0,0,0,0,0,0,0,0,0,0,0.0,0,0,0,1,12,2,1,1,41,1,0,0,0,1,0,0,0,0,,,,0,0,0,0,0,1,0,0,0,0,0,0,1,0.0,0.0,0,1,0,2,0,0,0,0,3,1,1,50.0,0.0,0,0,0,12,13,0,,0,7,,4
1106746,José Bica,jose-bica,3009,Vitória SC,6.5,13.0,2,0,1,2,0,0.05,0,8,2,10,80.0,2,6,3,1,0,0.0,0,0,0,0,0,0,0.0,6,4,1,1,16.67,0,0.0,1,16.67,42,0.0,0,0,0,0,0,0,0,0,6,0,0,0,0,0,0.0,0,0,0,0,5,0,1,1,22,1,2,0,0,1,0,1,0,0,,,,0,0,0,0,0,0,0,0,0,0,0,0,0,0.0,0.0,1,2,0,5,0,0,0,0,0,0,0,0.0,0.0,0,0,0,2,8,0,1.2,0,1,,3
892708,Chinedu Geoffrey,chinedu-geoffrey,36155,Astana,6.5,26.0,4,0,0,3,0,0.05,0,30,12,42,71.43,9,21,12,1,3,60.0,5,1,1,0,0,0,0.0,7,2,5,10,58.82,3,14.29,13,34.21,314,0.0,0,0,0,0,0,0,0,0,4,3,0,0,0,0,0.0,6,0,0,2,28,2,5,2,87,2,2,0,0,1,4,0,0,0,,,,0,0,0,0,0,3,1,0,0,0,0,0,4,0.0,0.0,1,5,0,25,18,0,0,0,2,4,4,80.0,0.0,0,0,0,11,31,0,0.49,0,5,,4
1104297,Migouel Alfarela,migouel-alfarela,3106,Legia Warszawa,6.5,19.5,3,0,0,1,0,0.03,0,16,3,19,84.21,3,13,8,0,1,33.33,2,0,0,0,0,0,0.0,1,0,1,4,66.67,0,0.0,4,57.14,66,0.0,0,0,0,0,0,0,0,0,1,0,0,0,0,0,0.0,0,0,0,0,7,0,0,0,31,1,0,0,0,0,1,0,0,0,,,,0,0,0,0,0,1,0,0,0,0,0,0,0,0.0,0.0,0,3,1,3,1,0,0,0,1,1,1,50.0,0.0,0,0,0,3,17,0,0.3,0,1,,3
1150955,Sam Rak-Sakyi,sam-rak-sakyi,38,Chelsea,6.5,19.5,3,0,0,1,0,0.11,0,101,2,103,98.06,34,67,22,2,0,0.0,2,1,0,0,0,0,0.0,1,0,1,4,33.33,1,100.0,5,38.46,108,0.0,0,0,0,0,0,0,0,0,0,1,0,0,0,0,0.0,0,0,0,3,6,1,0,0,120,2,2,0,0,2,0,0,0,0,,,,0,0,0,0,0,1,0,0,0,0,0,0,1,0.0,0.0,2,1,0,8,0,0,0,0,0,1,1,50.0,0.0,0,0,0,35,68,0,0.17,0,6,,4
906042,Abdoulaye Diaby,abdoulaye-diaby,2442,FC St. Gallen 1879,6.5,26.0,4,0,1,0,0,0.13,0,125,50,175,71.43,92,33,10,2,1,50.0,8,4,1,0,0,0,0.0,3,1,2,9,47.37,9,56.25,18,51.43,360,0.0,0,0,0,1,0,0,0,0,3,0,0,0,0,8,21.05,25,0,0,2,59,1,13,2,245,0,5,0,1,2,1,0,0,0,,,,0,0,0,0,0,13,0,0,0,0,0,0,4,0.0,0.0,2,2,1,17,7,0,0,0,38,13,8,100.0,0.0,0,0,0,105,71,0,0.16,0,18,,4
920622,Marco Dulca,marco-dulca,2413,NK Celje,6.5,52.0,8,0,0,1,0,0.03,0,122,19,141,86.52,77,45,16,1,1,50.0,7,4,0,0,0,0,0.0,2,0,2,9,50.0,8,80.0,17,60.71,304,0.0,0,0,0,0,0,0,0,0,0,2,0,0,0,10,71.43,9,1,0,0,24,1,13,8,179,1,6,1,0,2,0,0,0,0,,,,0,0,0,0,0,9,3,0,0,0,0,0,4,0.0,0.0,1,2,0,11,2,0,0,0,14,12,4,57.14,0.0,0,0,0,84,57,0,0.13,0,11,,8
1459633,Rafael Pontelo,rafael-pontelo,171626,Pafos FC,6.5,13.0,2,0,0,0,0,0.0,0,29,7,36,80.56,23,6,2,1,1,50.0,2,0,0,0,0,0,0.0,1,0,1,3,37.5,0,0.0,3,30.0,98,0.0,0,0,0,0,0,0,0,0,1,0,0,0,0,1,50.0,3,0,0,1,13,0,2,2,65,0,2,0,0,1,0,0,0,0,,,,0,0,0,0,0,2,0,0,0,0,0,0,1,0.0,0.0,1,2,1,7,2,0,0,0,2,2,2,100.0,0.0,0,0,0,25,12,0,0.08,0,3,,2
1009308,Emre Kaplan,emre-kaplan,3086,Başakşehir FK,6.5,13.0,2,0,0,0,0,0.01,0,17,2,19,89.47,5,12,8,0,0,0.0,1,0,0,0,0,0,0.0,2,1,1,1,50.0,0,0.0,1,33.33,56,0.0,0,0,0,0,0,0,0,0,0,2,0,0,0,1,100.0,0,0,0,0,3,0,2,1,30,0,0,0,0,1,0,0,0,0,,,,0,0,0,0,0,2,0,0,0,0,0,0,0,0.0,0.0,0,0,1,2,1,0,0,0,1,2,1,100.0,0.0,0,0,0,7,13,0,0.05,0,1,,3
902064,Paris Polykarpou,paris-polykarpou,3398,APOEL Nicosia,6.5,13.0,2,0,0,0,0,0.0,0,9,1,10,90.0,3,6,4,0,2,66.67,1,2,0,0,0,0,0.0,1,0,0,3,37.5,0,0.0,3,25.0,24,0.0,0,0,0,0,0,0,0,0,0,1,0,0,0,0,0.0,2,0,0,2,6,0,0,0,26,0,1,0,0,1,0,1,0,0,,,,0,0,0,0,0,0,0,0,0,0,0,0,0,0.0,0.0,0,3,0,9,4,0,0,0,0,0,1,100.0,0.0,0,0,0,4,6,0,0.05,0,1,,2
1390090,Christopher Negele,christopher-negele,5885,1. FC Heidenheim,6.5,6.5,1,0,0,0,0,0.0,0,7,1,8,87.5,7,0,0,0,0,0.0,0,0,0,0,0,0,0.0,1,0,0,0,0.0,2,40.0,2,40.0,29,0.0,0,0,0,0,0,0,0,0,1,0,0,0,0,0,0.0,0,0,0,0,3,0,0,0,13,0,1,0,0,0,0,1,0,0,,,,0,0,0,0,0,1,0,0,0,0,0,0,0,0.0,0.0,0,0,1,3,3,0,0,0,0,1,0,0.0,0.0,0,0,0,7,2,0,0.04,0,3,,1
998955,Joseph Okoro,joseph-okoro,3361,Dinamo Minsk,6.5,26.0,4,0,0,0,0,0.0,0,22,11,33,66.67,13,9,0,0,0,0.0,2,1,0,0,0,0,0.0,1,0,1,3,27.27,3,50.0,6,35.29,71,0.0,0,0,0,0,0,0,0,0,1,0,0,0,0,1,25.0,2,0,0,1,14,0,0,0,48,1,5,0,0,3,0,0,0,0,,,,0,0,0,0,0,0,1,0,0,0,0,0,0,0.0,0.0,0,0,0,11,3,0,0,0,4,1,1,50.0,0.0,0,0,0,19,14,0,0.03,0,4,,4
352600,Joe Thomson,joe-thomson,5184,Larne FC,6.48,38.9,6,0,0,0,1,0.05,1,78,38,116,67.24,45,33,21,2,2,33.33,5,6,0,0,0,0,0.0,2,0,1,11,47.83,3,50.0,14,48.28,438,0.0,0,0,0,0,0,0,0,0,0,2,0,0,0,2,13.33,12,1,0,1,50,1,13,3,186,5,4,0,0,3,0,1,0,0,,,,0,0,0,0,0,11,1,0,0,0,0,0,5,0.0,0.0,2,6,2,15,3,0,0,0,15,12,2,40.0,0.0,0,0,0,55,63,0,0.01,0,24,,6
189127,Mariusz Stępiński,mariusz-stepinski,3395,Omonia Nicosia,6.48,38.9,6,0,0,4,0,0.07,0,24,11,35,68.57,8,16,12,2,2,66.67,4,0,0,0,0,0,0.0,7,3,2,9,69.23,3,25.0,12,48.0,247,0.0,0,0,0,0,0,0,0,0,6,1,0,0,0,1,100.0,2,0,0,3,25,0,3,2,77,4,0,0,0,0,3,2,0,0,,,,0,0,0,0,0,3,0,0,0,0,0,0,3,0.0,0.0,2,3,0,13,9,0,0,0,1,3,2,50.0,0.0,0,0,0,9,26,0,0.8,0,3,,6
1386166,Dylan Sloan,dylan-sloan,5184,Larne FC,6.48,38.9,6,0,0,0,0,0.04,0,69,29,98,70.41,37,32,14,1,4,57.14,15,4,0,0,0,0,0.0,1,0,1,25,56.82,6,31.58,31,49.21,345,0.0,0,0,0,0,0,0,0,0,0,1,0,0,0,2,15.38,0,0,2,6,58,3,8,0,173,6,2,0,0,8,0,0,0,0,,,,0,0,0,0,0,9,1,0,0,0,0,0,4,0.0,0.0,1,7,6,32,13,0,0,0,13,10,8,53.33,0.0,0,0,0,45,59,0,0.05,0,27,,6
1046868,Miska Ylitolva,miska-ylitolva,2242,HJK,6.48,32.4,5,0,1,1,0,0.76,0,74,30,104,71.15,38,37,17,3,3,37.5,5,1,1,0,0,1,100.0,2,1,1,12,28.57,5,62.5,17,34.0,322,0.0,0,0,0,0,0,0,0,0,1,1,0,0,0,4,66.67,10,0,0,10,60,3,8,3,184,5,7,0,0,9,0,0,0,0,,,,1,0,0,0,0,4,1,0,0,0,0,0,4,0.0,0.0,3,8,1,33,3,0,0,0,6,5,4,80.0,0.0,0,0,0,42,63,0,0.19,0,12,,5
795259,Reda Boultam,reda-boultam,2416,NK Olimpija Ljubljana,6.48,25.9,4,0,0,0,0,0.1,0,15,9,24,62.5,7,9,3,1,0,0.0,0,0,2,0,0,1,33.33,0,0,0,2,25.0,0,0.0,2,25.0,140,0.0,0,0,0,0,0,0,0,0,0,0,0,0,0,2,66.67,2,0,0,1,17,0,3,2,42,2,2,0,0,1,1,0,0,0,,,,0,0,0,0,0,0,1,0,0,0,0,0,2,0.0,0.0,1,2,3,6,0,0,0,0,3,1,0,0.0,0.0,0,0,0,9,18,0,,0,4,,4
895568,Conor McKendry,conor-mckendry,5184,Larne FC,6.48,25.9,4,0,0,0,0,0.02,0,4,7,11,36.36,2,2,1,0,3,75.0,1,2,0,1,1,0,0.0,1,0,0,5,41.67,0,0.0,5,38.46,56,0.0,0,0,0,0,0,0,0,0,1,0,0,0,0,0,0.0,0,0,0,3,12,1,1,0,26,1,3,0,0,0,0,1,0,0,,,,0,0,0,0,0,0,0,0,0,0,0,0,0,0.0,0.0,0,4,1,8,1,0,0,0,2,0,1,100.0,0.0,0,0,0,4,8,0,0.03,0,5,,4
883484,Sergiu Plătică,sergiu-platica,167232,FC Petrocub Hîncesti,6.47,38.8,6,1,1,2,0,0.14,1,169,50,219,77.17,106,64,30,2,5,38.46,15,4,0,0,0,1,16.67,9,4,2,27,39.13,1,6.67,28,33.33,528,11.11,0,0,0,0,0,0,1,0,7,2,0,1,0,7,38.89,7,0,0,15,96,1,17,6,342,7,10,0,0,10,2,3,0,0,,,,0,0,0,0,0,11,2,0,0,0,0,0,6,0.0,0.0,2,13,6,56,14,0,0,0,18,13,9,60.0,528.0,0,0,0,133,92,0,1.22,0,30,,6
166987,Andraž Šporar,andraz-sporar,3248,Panathinaikos FC,6.47,19.4,3,0,0,1,0,0.1,0,16,9,25,64.0,7,9,6,0,0,0.0,0,0,0,0,0,0,0.0,3,1,1,0,0.0,3,60.0,3,33.33,98,0.0,0,0,0,0,0,0,0,0,2,1,0,0,0,0,0.0,0,0,0,1,14,0,2,1,35,0,2,0,0,1,1,1,0,0,,,,0,0,0,0,0,1,0,0,0,0,0,0,1,0.0,0.0,0,0,1,6,2,0,0,0,0,1,0,0.0,0.0,0,0,0,9,17,0,0.37,0,0,,3
557878,Albert Vallci,albert-vallci,2442,FC St. Gallen 1879,6.46,32.3,5,0,0,0,0,0.04,0,258,54,312,82.69,180,78,19,1,1,100.0,8,3,2,0,0,0,0.0,4,1,2,13,61.9,17,65.38,30,63.83,424,0.0,0,0,0,0,0,0,0,0,4,0,0,0,0,31,56.36,13,0,1,2,61,0,27,19,367,4,3,0,0,3,0,1,0,0,,,,0,0,0,0,0,17,0,0,0,0,0,0,4,0.0,0.0,1,1,0,17,9,0,0,0,55,17,3,37.5,0.0,0,0,0,204,108,0,0.11,9,17,,5
1005998,Fotios Kitsos,fotios-kitsos,3395,Omonia Nicosia,6.45,12.9,2,0,0,0,0,0.01,0,5,1,6,83.33,4,2,1,0,0,0.0,1,0,0,0,0,1,50.0,0,0,0,2,50.0,0,0.0,2,40.0,21,0.0,0,0,0,0,0,0,0,0,0,0,0,0,0,1,100.0,2,0,0,0,5,0,2,1,18,1,0,0,0,1,0,0,0,0,,,,0,0,0,0,0,0,0,0,0,0,0,0,0,0.0,0.0,0,1,2,3,1,0,0,0,1,0,0,0.0,0.0,0,0,0,5,3,0,,0,0,,2
1563529,Pyry Mentu,pyry-mentu,2242,HJK,6.45,12.9,2,0,0,0,0,0.01,0,6,2,8,75.0,3,3,3,0,0,0.0,0,1,0,0,0,0,0.0,0,0,0,0,0.0,0,0.0,0,0.0,23,0.0,0,0,0,0,0,0,0,0,0,0,0,0,0,2,100.0,0,0,0,1,4,0,2,1,13,0,0,0,0,1,0,0,0,0,,,,0,0,0,0,0,0,0,0,0,0,0,0,0,0.0,0.0,0,1,0,3,0,0,0,0,2,0,0,0.0,0.0,0,0,0,4,4,0,,0,2,,2
77338,Liam Boyce,liam-boyce,2353,Heart of Midlothian,6.45,12.9,2,0,0,0,0,0.0,0,2,1,3,66.67,2,0,0,0,0,0.0,0,0,0,0,0,0,0.0,0,0,0,0,0.0,0,0.0,0,0.0,21,0.0,0,0,0,0,0,0,0,0,0,0,0,0,0,0,0.0,0,0,0,0,2,0,0,0,4,0,1,0,0,0,0,0,0,0,,,,0,0,0,0,0,1,0,0,0,0,0,0,0,0.0,0.0,0,1,0,3,1,0,0,0,0,1,0,0.0,0.0,0,0,0,2,1,0,,0,1,,2
1405977,Pavle Đajić,pavle-djajic,5235,FK Borac Banja Luka,6.45,12.9,2,0,0,0,0,0.0,0,7,2,9,77.78,1,6,2,0,0,0.0,0,0,0,0,0,0,0.0,0,0,0,0,0.0,0,0.0,0,0.0,30,0.0,0,0,0,0,0,0,0,0,0,0,0,0,0,0,0.0,0,0,0,1,4,0,1,0,12,0,0,0,0,0,0,0,0,0,,,,0,0,0,0,0,0,0,0,0,0,0,0,0,0.0,0.0,0,0,1,1,0,0,0,0,1,0,0,0.0,0.0,0,0,0,2,8,0,,0,2,,2
94115,Roman Begunov,roman-begunov,3361,Dinamo Minsk,6.45,12.9,2,0,0,0,0,0.01,0,69,11,80,86.25,46,23,8,0,0,0.0,0,2,0,0,0,0,0.0,0,0,0,2,20.0,6,54.55,8,38.1,179,0.0,0,0,0,0,0,0,0,0,0,0,0,0,0,5,38.46,11,0,0,1,12,0,1,0,103,3,8,0,0,1,0,0,0,0,,,,0,0,0,0,0,3,1,0,0,0,0,0,2,0.0,0.0,0,0,0,13,5,0,0,0,13,4,0,0.0,0.0,0,0,0,46,34,0,,2,1,,2
1388127,Mihai Lupan,mihai-lupan,167232,FC Petrocub Hîncesti,6.45,38.7,6,0,0,0,0,0.03,0,36,13,49,73.47,18,18,10,1,1,20.0,4,1,0,0,0,0,0.0,4,0,0,14,38.89,0,0.0,14,37.84,281,0.0,0,0,0,0,0,0,0,0,4,0,0,0,0,0,0.0,1,0,0,7,37,1,3,0,103,9,4,0,0,7,1,4,0,0,,,,0,0,0,0,0,8,1,0,0,0,0,0,3,0.0,0.0,1,5,0,23,1,0,0,0,1,9,2,50.0,0.0,0,0,0,21,28,0,0.25,0,14,,6
944892,Adil Taoui,adil-taoui,2058,LASK,6.45,25.8,4,0,0,1,0,0.18,0,18,13,31,58.06,4,15,8,0,7,53.85,0,2,0,0,0,1,9.09,3,0,2,8,34.78,4,57.14,12,40.0,112,0.0,0,0,0,0,0,0,0,0,3,0,0,0,0,1,50.0,1,0,0,4,40,0,2,1,83,1,3,0,0,3,0,1,0,0,,,,0,0,0,0,0,1,1,0,0,0,0,0,1,0.0,0.0,0,13,11,18,3,0,0,0,2,2,0,0.0,0.0,0,0,0,6,36,0,0.15,0,1,,4
281307,Patryk Kun,patryk-kun,3106,Legia Warszawa,6.45,38.7,6,0,0,1,0,0.17,0,67,23,90,74.44,29,40,21,3,0,0.0,10,2,0,0,0,2,25.0,2,1,1,13,44.83,1,16.67,14,40.0,278,0.0,0,0,0,1,0,0,0,0,1,1,0,0,0,3,33.33,6,0,0,3,36,0,10,5,161,3,8,0,0,5,0,0,0,0,,,,0,0,0,0,0,5,2,0,0,0,0,0,2,0.0,0.0,3,2,8,21,5,0,0,0,9,7,7,70.0,0.0,0,0,0,34,64,0,0.15,0,9,,6
311676,Jonas Föhrenbach,jonas-fohrenbach,5885,1. FC Heidenheim,6.45,25.8,4,0,0,0,0,0.06,0,48,8,56,85.71,20,29,16,2,1,50.0,3,1,1,0,0,1,10.0,1,1,0,5,41.67,2,25.0,7,35.0,140,0.0,0,0,0,1,0,0,0,0,1,0,0,0,0,2,33.33,2,0,0,2,22,0,5,2,94,1,3,0,0,1,1,0,0,0,,,,0,0,0,0,0,3,0,0,0,0,0,0,1,0.0,0.0,2,2,10,13,6,0,0,0,6,3,1,33.33,0.0,0,0,0,22,44,0,0.06,0,2,,4
39591,Aleksandar Miljković,aleksandar-miljkovic,262228,FC Noah,6.45,25.8,4,0,0,0,0,0.06,0,95,17,112,84.82,58,39,22,2,1,33.33,6,2,0,0,0,2,66.67,1,0,1,8,42.11,3,50.0,11,44.0,223,0.0,0,0,0,0,0,0,0,0,1,0,0,0,0,3,33.33,8,0,0,0,28,1,7,3,170,1,5,0,0,4,1,0,0,0,,,,0,0,0,0,0,10,1,0,0,0,0,0,3,0.0,0.0,2,3,3,14,3,0,0,0,9,11,4,66.67,0.0,0,0,0,62,53,0,0.01,0,12,,4
1517373,Benji Magee,benji-magee,5184,Larne FC,6.43,19.3,3,0,0,0,0,0.0,0,10,3,13,76.92,7,3,2,1,0,0.0,3,1,0,0,0,0,0.0,0,0,0,6,40.0,1,25.0,7,36.84,97,0.0,0,0,0,0,0,0,0,0,0,0,0,0,0,0,0.0,0,0,0,2,14,0,1,0,34,3,3,0,0,1,0,0,0,0,,,,0,0,0,0,0,4,1,0,0,0,0,0,1,0.0,0.0,1,3,3,12,3,0,0,0,1,5,0,0.0,0.0,0,0,0,9,7,0,,0,1,,5
1124590,Enver Kulašin,enver-kulasin,5235,FK Borac Banja Luka,6.43,57.9,9,0,0,3,0,1.13,0,155,31,186,83.33,61,97,50,7,6,31.58,12,6,5,0,0,3,20.0,6,2,2,33,38.82,2,22.22,35,37.23,742,0.0,0,0,0,0,0,0,0,0,5,1,0,0,0,5,50.0,11,0,1,20,108,1,10,7,346,15,10,0,0,9,1,2,0,0,,,,0,0,0,0,0,8,1,0,0,0,0,0,9,0.0,0.0,7,19,15,59,7,0,0,0,10,9,10,83.33,0.0,0,0,0,73,128,0,0.49,0,32,,9
962272,Benjamin Böckle,bockle-benjamin,2055,SK Rapid Wien,6.43,19.3,3,0,0,0,0,0.02,0,57,22,79,72.15,38,19,9,0,1,50.0,1,0,0,0,0,0,0.0,1,0,1,2,28.57,2,100.0,4,44.44,113,0.0,0,0,0,0,0,0,0,0,1,0,0,0,0,3,30.0,4,0,0,0,28,0,9,3,99,0,0,0,0,4,0,0,0,0,,,,0,0,0,0,0,1,2,0,0,0,0,0,0,0.0,0.0,0,2,3,5,0,0,0,0,10,3,1,100.0,0.0,0,0,0,41,41,0,0.1,0,3,,3
961672,Melayro Bogarde,melayro-bogarde,2058,LASK,6.43,38.6,6,0,0,0,0,0.08,0,146,29,175,83.43,83,63,27,1,3,50.0,9,6,2,0,0,0,0.0,2,1,1,16,47.06,3,60.0,19,48.72,328,0.0,0,0,0,1,0,0,0,0,0,2,0,0,0,4,28.57,11,0,0,3,42,1,10,4,234,4,9,0,0,4,0,0,0,0,,,,1,0,0,0,0,7,1,0,0,0,0,0,5,0.0,0.0,1,6,2,20,2,0,0,0,14,8,2,22.22,0.0,0,0,0,87,90,0,0.08,0,13,,6
63867,Stojan Vranješ,stojan-vranjes,5235,FK Borac Banja Luka,6.43,51.4,8,0,1,1,1,0.0,1,12,11,23,52.17,5,7,3,1,0,0.0,0,0,0,0,0,0,0.0,3,2,0,1,11.11,4,22.22,5,18.52,153,0.0,0,0,0,0,0,0,0,0,3,0,0,0,0,1,50.0,3,0,0,3,20,0,1,0,41,1,3,0,0,0,2,1,0,0,,,,0,0,0,0,0,1,0,0,0,0,0,0,0,0.0,0.0,1,3,1,22,14,0,0,0,2,1,0,0.0,0.0,0,0,0,8,16,0,0.47,0,1,,8
1128879,Algassime Bah,bah-algassime,3398,APOEL Nicosia,6.43,25.7,4,0,0,0,0,0.01,0,14,3,17,82.35,5,9,6,0,0,0.0,4,0,1,0,0,0,0.0,4,0,2,5,33.33,3,17.65,8,25.0,67,0.0,0,0,0,0,0,0,0,0,3,1,0,0,0,0,0.0,0,0,0,3,13,1,1,1,38,1,2,0,0,2,1,2,0,0,,,,0,0,0,0,0,1,0,0,0,0,0,0,0,0.0,0.0,0,3,2,24,14,0,0,0,1,1,2,50.0,0.0,0,0,0,5,14,0,0.18,0,2,,5
152736,Aleksandr Selyava,aleksandr-selyava,3361,Dinamo Minsk,6.43,25.7,4,0,0,0,0,0.05,0,94,25,119,78.99,52,42,24,0,2,100.0,3,5,0,0,0,0,0.0,3,0,1,7,36.84,10,58.82,17,47.22,259,0.0,0,0,0,2,0,0,0,0,1,2,0,0,0,13,65.0,4,0,1,6,36,0,14,7,163,2,7,0,0,0,0,2,0,0,,,,0,0,0,0,0,9,0,0,0,0,0,0,3,0.0,0.0,0,2,0,19,7,0,0,0,20,9,3,100.0,0.0,0,0,0,55,64,0,0.15,0,16,,4
136856,Pietro Terracciano,pietro-terracciano,2693,Fiorentina,6.42,38.5,6,0,0,0,0,0.01,0,144,29,173,83.24,130,14,4,0,1,100.0,0,0,0,0,0,0,0.0,0,0,0,1,50.0,0,0.0,1,50.0,540,0.0,0,0,0,0,0,0,0,0,0,0,0,0,0,26,50.0,1,2,0,1,31,0,16,11,201,0,0,0,0,0,0,0,0,11,,,,1,0,0,4,7,9,1,1,1,1,1,0,6,0.0,0.0,0,1,0,1,0,0,0,0,52,10,0,0.0,0.0,0,0,3,141,32,0,,29,31,,6
1002367,Beni Mukendi,beni-mukendi,3009,Vitória SC,6.4,6.4,1,0,0,0,0,0.0,0,16,1,17,94.12,9,7,1,0,0,0.0,0,0,0,0,0,0,0.0,0,0,0,0,0.0,0,0.0,0,0.0,16,0.0,0,0,0,0,0,0,0,0,0,0,0,0,0,0,0.0,0,0,0,0,1,0,0,0,17,0,1,0,0,0,0,0,0,0,,,,0,0,0,0,0,1,0,0,0,0,0,0,0,0.0,0.0,0,0,0,2,1,0,0,0,0,1,0,0.0,0.0,0,0,0,9,8,0,,0,1,,1
1484675,Tommaso Rubino,tommaso-rubino,2693,Fiorentina,6.4,6.4,1,0,0,0,0,0.0,0,7,2,9,77.78,2,5,3,0,0,0.0,0,0,1,0,0,0,0.0,0,0,0,1,33.33,0,0.0,1,33.33,15,0.0,0,0,0,0,0,0,0,0,0,0,0,0,0,1,100.0,0,0,0,0,2,0,0,0,11,1,2,0,0,1,0,0,0,0,,,,0,0,0,0,0,1,0,0,0,0,0,0,0,0.0,0.0,0,0,0,2,0,0,0,0,1,1,0,0.0,0.0,0,0,0,2,7,0,,0,0,,1
981714,Yutaro Oda,oda-yutaro,2353,Heart of Midlothian,6.4,6.4,1,0,0,0,0,0.0,0,8,0,8,100.0,3,5,2,0,0,0.0,0,0,0,0,0,0,0.0,0,0,0,0,0.0,0,0.0,0,0.0,17,0.0,0,0,0,0,0,0,0,0,0,0,0,0,0,0,0.0,0,0,0,0,1,0,0,0,9,0,0,0,0,1,0,0,0,0,,,,0,0,0,0,0,1,0,0,0,0,0,0,0,0.0,0.0,0,0,0,1,0,0,0,0,0,1,0,0.0,0.0,0,0,0,3,5,0,,0,0,,1
190823,Maximilian Hofmann,maximilian-hofmann,2055,SK Rapid Wien,6.4,6.4,1,0,0,0,0,0.0,0,3,1,4,75.0,2,1,1,0,0,0.0,0,0,0,0,0,0,0.0,0,0,0,0,0.0,0,0.0,0,0.0,8,0.0,0,0,0,0,0,0,0,0,0,0,0,0,0,0,0.0,1,0,0,1,2,0,1,0,7,0,0,0,0,0,0,0,0,0,,,,0,0,0,0,0,0,0,0,0,0,0,0,0,0.0,0.0,0,0,0,1,0,0,0,0,1,0,0,0.0,0.0,0,0,0,2,2,0,,0,0,,1
1530613,Maxim Budko,maxim-budko,3361,Dinamo Minsk,6.4,6.4,1,0,0,0,0,,0,0,0,0,0.0,0,0,0,0,0,0.0,0,0,0,0,0,0,0.0,0,0,0,0,0.0,0,0.0,0,0.0,8,0.0,0,0,0,0,0,0,0,0,0,0,0,0,0,0,0.0,0,0,0,1,1,0,0,0,1,0,0,0,0,0,0,0,0,0,,,,0,0,0,0,0,0,0,0,0,0,0,0,0,0.0,0.0,0,0,0,2,1,0,0,0,0,0,0,0.0,0.0,0,0,0,0,0,0,,0,0,,1
558856,Marios Ilia,marios-ilia,171626,Pafos FC,6.4,12.8,2,0,0,0,0,0.02,0,3,0,3,100.0,1,2,2,1,0,0.0,0,0,0,0,0,0,0.0,0,0,0,0,0.0,0,0.0,0,0.0,19,0.0,0,0,0,0,0,0,0,0,0,0,0,0,0,0,0.0,0,0,0,0,4,0,0,0,7,0,1,0,0,0,0,0,0,0,,,,0,0,0,0,0,0,0,0,0,0,0,0,0,0.0,0.0,1,2,0,3,0,0,0,0,0,0,0,0.0,0.0,0,0,0,1,2,0,,0,0,,2
1511629,Nurali Zhaksylyk,nurali-zhaksylyk,36155,Astana,6.4,12.8,2,0,0,0,0,0.02,0,11,4,15,73.33,6,6,3,0,0,0.0,1,0,0,0,0,1,33.33,0,0,0,2,40.0,0,0.0,2,40.0,27,0.0,0,0,0,0,0,0,0,0,0,0,0,0,0,0,0.0,0,0,0,0,9,0,2,0,25,1,1,0,0,1,0,0,0,0,,,,0,0,0,0,0,1,0,0,0,0,0,0,0,0.0,0.0,0,1,3,3,0,0,0,0,4,1,1,100.0,0.0,0,0,0,8,10,0,,0,1,,2
1082321,Conan Noonan,conan-noonan,3177,Shamrock Rovers,6.4,12.8,2,0,0,0,0,0.03,0,28,1,29,96.55,15,13,7,0,0,0.0,1,0,0,0,0,0,0.0,0,0,0,1,12.5,0,0.0,1,11.11,37,0.0,0,0,0,0,0,0,0,0,0,0,0,0,0,0,0.0,2,0,0,2,5,0,0,0,37,0,3,0,0,2,0,0,0,0,,,,0,0,0,0,0,0,0,0,0,0,0,0,0,0.0,0.0,0,0,0,8,1,0,0,0,1,0,0,0.0,0.0,0,0,0,15,14,0,,0,1,,2
346292,Harrison McGahey,harrison-mcgahey,4921,The New Saints,6.4,12.8,2,0,0,0,0,0.01,0,76,14,90,84.44,62,14,2,0,0,0.0,0,1,1,0,0,0,0.0,0,0,0,0,0.0,1,50.0,1,33.33,180,0.0,0,0,0,1,0,0,0,0,0,0,0,0,0,7,46.67,9,0,0,0,15,0,10,4,102,0,1,0,0,0,0,0,0,0,,,,0,0,0,0,0,3,0,0,0,0,0,0,2,0.0,0.0,0,0,0,2,1,0,0,0,15,3,0,0.0,0.0,0,0,0,65,25,0,,1,3,,2
1031562,Peter Kováčik,peter-kovacik,7691,Jagiellonia Białystok,6.4,19.2,3,0,0,0,0,0.01,0,11,8,19,57.89,6,5,2,0,2,50.0,0,1,0,0,0,0,0.0,0,0,0,2,40.0,0,0.0,2,25.0,48,0.0,0,0,0,0,0,0,0,0,0,0,0,0,0,0,0.0,1,0,0,1,13,0,0,0,28,0,0,0,0,0,0,0,0,0,,,,0,0,0,0,0,0,0,0,0,0,0,0,0,0.0,0.0,0,4,0,6,3,0,0,0,2,0,0,0.0,0.0,0,0,0,10,9,0,,0,3,,3
1102967,Vukašin Krstić,vukasin-krstic,263360,FK TSC Bačka Topola,6.4,12.8,2,0,0,0,0,0.01,0,52,9,61,85.25,30,22,7,0,0,0.0,3,3,1,0,0,0,0.0,0,0,0,3,42.86,1,50.0,4,44.44,107,0.0,0,0,0,0,0,0,0,0,0,0,0,0,0,1,16.67,0,0,0,1,12,0,4,2,82,0,2,0,0,0,0,0,0,0,,,,0,0,0,0,0,3,0,0,0,0,0,0,1,0.0,0.0,0,1,0,5,1,0,0,0,6,3,2,66.67,0.0,0,0,0,34,27,0,,0,3,,3
1164914,Albert Posiadała,albert-posiadala,661,Molde FK,6.4,38.4,6,0,0,0,0,0.01,0,125,36,161,77.64,110,15,5,0,1,100.0,0,0,0,0,0,0,0.0,0,0,0,2,100.0,0,0.0,2,100.0,540,0.0,0,0,0,0,0,0,0,0,0,0,0,0,0,25,41.67,4,1,0,0,39,0,3,2,203,1,0,0,0,0,0,0,0,8,,,,1,0,0,5,3,9,2,0,3,3,3,1,6,0.0,0.0,0,1,0,0,0,0,0,0,60,11,0,0.0,0.0,0,0,2,120,41,0,,24,45,,6
1822429,Boni Amian,boni-amian,3361,Dinamo Minsk,6.4,25.6,4,0,0,1,0,0.43,0,50,7,57,87.72,18,32,21,4,2,66.67,4,1,0,0,0,0,0.0,1,0,1,8,47.06,1,33.33,9,45.0,165,0.0,0,0,0,0,0,0,0,0,1,0,0,0,0,1,50.0,3,1,0,3,15,1,1,1,84,2,4,0,0,1,0,0,0,0,,,,0,0,0,0,0,3,1,0,0,0,0,0,1,0.0,0.0,4,3,0,11,2,0,0,0,2,4,3,75.0,0.0,0,0,0,20,37,0,0.14,0,8,,5
1619543,Aleksandar Stančić,aleksandar-stancic,263360,FK TSC Bačka Topola,6.4,6.4,1,0,0,0,0,0.01,0,10,1,11,90.91,4,6,3,0,0,0.0,1,0,0,0,0,0,0.0,1,0,0,1,25.0,1,100.0,2,40.0,10,0.0,0,0,0,0,0,0,0,0,0,1,0,0,0,0,0.0,0,0,0,2,3,0,0,0,17,0,0,0,0,1,0,1,0,0,,,,0,0,0,0,0,0,0,0,0,0,0,0,0,0.0,0.0,0,0,0,3,0,0,0,0,0,0,0,0.0,0.0,0,0,0,4,7,0,0.1,0,3,,1
1894087,Erick Nunes,erick-nunes,2929,Cercle Brugge,6.4,12.8,2,0,0,0,0,0.01,0,17,5,22,77.27,6,11,7,0,0,0.0,3,2,0,0,0,0,0.0,1,0,1,5,50.0,0,0.0,5,41.67,67,0.0,0,0,0,0,0,0,0,0,1,0,0,0,0,0,0.0,0,0,0,3,13,0,0,0,46,2,1,0,0,0,0,0,0,0,,,,0,0,0,0,0,2,1,0,0,0,0,0,0,0.0,0.0,0,1,2,7,2,0,0,0,1,3,2,66.67,0.0,0,0,0,6,18,0,0.04,0,2,,2
1426255,Oliver Højer,oliver-hojer,1284,FC København,6.4,6.4,1,0,0,0,0,0.0,0,5,0,5,100.0,1,4,2,0,0,0.0,0,0,0,0,0,0,0.0,1,0,1,1,33.33,0,0.0,1,25.0,13,0.0,0,0,0,0,0,0,0,0,0,1,0,0,0,0,0.0,0,0,0,0,2,0,0,0,10,1,1,0,0,1,0,0,0,0,,,,0,0,0,0,0,1,0,0,0,0,0,0,0,0.0,0.0,0,0,2,3,1,0,0,0,0,1,0,0.0,0.0,0,0,0,1,6,0,0.03,0,0,,1
188365,Héctor Bellerín,hector-bellerin,2816,Real Betis,6.4,12.8,2,0,0,0,0,0.03,0,25,2,27,92.59,15,10,7,0,0,0.0,0,0,0,0,0,0,0.0,1,0,1,0,0.0,2,100.0,2,66.67,54,0.0,0,0,0,1,0,0,0,0,1,0,0,0,0,1,100.0,4,0,0,0,4,0,0,0,40,0,1,0,0,0,1,0,0,0,,,,0,0,0,0,0,1,0,0,0,0,0,0,0,0.0,0.0,0,0,1,1,0,0,0,0,1,1,0,0.0,0.0,0,0,0,16,12,0,0.02,0,1,,2
938171,Donalio Melachio Douanla,donalio-melachio-douanla,167232,FC Petrocub Hîncesti,6.38,38.3,6,0,0,0,0,0.03,0,166,20,186,89.25,131,36,7,0,4,66.67,10,4,0,0,0,1,50.0,0,0,0,16,53.33,2,25.0,18,47.37,483,0.0,0,0,0,1,0,0,0,0,0,0,0,0,0,5,62.5,23,0,1,7,40,0,5,3,263,2,4,0,0,3,0,0,0,0,,,,0,0,0,0,0,10,2,0,0,0,0,0,6,0.0,0.0,0,6,2,20,6,0,0,0,8,12,5,50.0,0.0,0,0,0,144,44,0,,0,25,,6
169729,Gonçalo Silva,goncalo-silva,262228,FC Noah,6.38,31.9,5,0,1,1,1,0.25,1,204,36,240,85.0,155,50,16,2,0,0.0,6,4,0,0,0,1,100.0,4,0,2,6,46.15,9,60.0,15,53.57,450,0.0,0,0,0,0,0,0,0,0,3,1,0,0,0,15,39.47,37,3,1,1,42,0,31,17,316,0,0,0,0,5,0,2,0,0,,,,1,0,0,0,0,15,1,0,0,0,0,0,5,0.0,0.0,2,1,1,13,6,0,0,0,38,16,4,66.67,0.0,0,0,0,169,72,0,0.2,2,13,,5
1049523,Yanis Cimignani,yanis-cimignani,2443,FC Lugano,6.38,31.9,5,0,0,1,0,0.06,0,33,5,38,86.84,13,20,10,0,2,40.0,2,0,1,0,0,0,0.0,2,2,0,7,36.84,1,20.0,8,33.33,115,0.0,0,0,0,0,0,0,0,0,1,1,0,0,0,2,100.0,2,0,0,3,16,0,4,3,69,3,4,0,0,2,1,0,0,0,,,,0,0,0,0,0,3,1,0,0,0,0,0,0,0.0,0.0,0,5,2,16,4,0,0,0,2,4,2,100.0,0.0,0,0,0,13,27,0,0.11,0,10,,5
1548929,Oskar Pietuszewski,oskar-pietuszewski,7691,Jagiellonia Białystok,6.38,25.5,4,0,0,0,0,0.12,0,2,2,4,50.0,1,1,1,0,1,33.33,2,0,0,0,0,0,0.0,1,1,0,4,30.77,0,0.0,4,25.0,53,0.0,0,0,0,0,0,0,0,0,1,0,0,0,0,0,0.0,0,0,0,2,9,1,0,0,18,1,3,0,0,2,0,0,0,0,,,,0,0,0,0,0,0,0,0,0,0,0,0,0,0.0,0.0,0,3,0,12,3,0,0,0,0,0,0,0.0,0.0,0,0,0,1,3,0,0.1,0,2,,4
862988,Artem Avanesyan,artem-avanesyan,262228,FC Noah,6.37,19.1,3,0,0,0,0,0.08,0,24,7,31,77.42,9,16,7,1,0,0.0,1,0,0,0,0,1,100.0,0,0,0,2,40.0,0,0.0,2,33.33,90,0.0,0,0,0,0,0,0,0,0,0,0,0,0,0,1,25.0,2,0,0,1,12,1,1,0,43,1,0,0,0,1,0,0,0,0,,,,0,0,0,0,0,6,0,0,0,0,0,0,0,0.0,0.0,1,1,1,4,1,0,0,0,4,6,1,100.0,0.0,0,0,0,10,22,0,,0,8,,3
233286,Barrie McKay,barrie-mckay,2353,Heart of Midlothian,6.37,19.1,3,0,0,0,0,0.04,0,31,9,40,77.5,8,23,13,0,0,0.0,0,0,0,0,0,0,0.0,1,0,1,0,0.0,0,0.0,0,0.0,100,0.0,0,0,0,0,0,0,0,0,0,1,0,0,0,1,20.0,1,0,0,5,23,0,5,2,57,0,0,0,0,1,0,0,0,0,,,,0,0,0,0,0,2,0,0,0,0,0,0,1,0.0,0.0,0,3,6,9,0,0,0,0,5,2,0,0.0,0.0,0,0,0,10,36,0,0.06,0,9,,3
1001933,Daniel Langhamer,daniel-langhamer,2224,Mladá Boleslav,6.37,19.1,3,0,0,0,0,0.01,0,39,4,43,90.7,23,16,6,0,0,0.0,1,0,1,0,0,0,0.0,1,1,0,2,16.67,1,50.0,3,21.43,106,0.0,0,0,0,0,0,0,0,0,0,1,0,0,0,2,100.0,1,0,0,1,11,0,1,1,61,1,2,0,0,3,0,0,0,0,,,,0,0,0,0,0,1,0,0,0,0,0,0,1,0.0,0.0,0,4,1,11,1,0,0,0,2,1,0,0.0,0.0,0,0,0,26,18,0,0.03,0,6,,3
822559,Ousmane Camara,ousmane-camara,36155,Astana,6.35,25.4,4,0,0,1,0,0.1,0,61,6,67,91.04,25,36,22,1,3,23.08,6,2,0,0,0,0,0.0,6,1,3,10,31.25,0,0.0,10,25.0,356,0.0,0,0,0,0,0,0,0,0,4,2,0,0,0,0,0.0,3,0,0,6,41,2,1,1,137,1,1,0,0,5,2,2,0,0,,,,0,0,0,0,0,4,1,0,0,0,0,0,4,0.0,0.0,1,13,2,30,8,0,0,0,0,5,5,83.33,0.0,0,0,0,28,41,0,0.71,0,19,,4
115168,Jordan Marshall,jordan-marshall,4921,The New Saints,6.35,12.7,2,0,0,0,0,0.0,0,8,1,9,88.89,5,3,3,0,0,0.0,1,0,0,0,0,0,0.0,1,0,1,1,50.0,1,50.0,2,50.0,58,0.0,0,0,0,0,0,0,0,0,1,0,0,0,0,0,0.0,1,0,0,0,4,0,0,0,19,0,0,0,0,1,0,0,0,0,,,,0,0,0,0,0,3,0,0,0,0,0,0,0,0.0,0.0,0,0,1,2,1,0,0,0,1,3,1,100.0,0.0,0,0,0,5,5,0,0.08,0,1,,2
1484181,Manuel Agyemang,manuel-nana-agyemang,167232,FC Petrocub Hîncesti,6.35,25.4,4,0,0,0,0,0.01,0,49,8,57,85.96,39,10,2,0,0,0.0,4,1,0,0,0,0,0.0,1,0,1,6,37.5,1,33.33,7,36.84,167,0.0,0,0,0,0,0,0,0,0,0,1,0,0,0,1,33.33,10,0,0,0,14,0,0,0,90,2,4,0,0,4,0,0,0,0,,,,0,0,0,0,0,4,1,0,0,0,0,0,2,0.0,0.0,0,2,0,12,2,0,0,0,3,5,4,100.0,0.0,0,0,0,46,11,0,0.01,0,8,,4
864898,Nicolò Zaniolo,nicolo-zaniolo,2693,Fiorentina,6.33,25.3,4,0,0,0,0,0.02,0,9,5,14,64.29,1,8,5,1,3,50.0,0,0,2,0,0,0,0.0,0,0,0,5,29.41,1,50.0,6,31.58,126,0.0,0,0,0,0,0,0,0,0,0,0,0,0,0,0,0.0,0,0,0,3,15,0,1,0,34,2,6,0,0,0,1,0,0,0,,,,0,0,0,0,0,2,0,0,0,0,0,0,1,0.0,0.0,1,6,1,13,1,0,0,0,1,2,0,0.0,0.0,0,0,0,1,14,0,,0,2,,4
1116074,Theo Sander,theo-sander,1284,FC København,6.3,6.3,1,0,0,0,0,0.0,0,28,7,35,80.0,26,2,1,0,0,0.0,0,0,0,0,0,0,0.0,0,0,0,0,0.0,0,0.0,0,0.0,90,0.0,0,0,0,0,0,0,0,0,0,0,0,0,0,4,36.36,0,1,0,0,7,0,2,1,44,0,0,0,0,0,0,0,0,3,,,,0,0,0,2,1,1,0,0,0,0,0,0,1,0.0,0.0,0,0,0,0,0,0,0,0,11,1,0,0.0,0.0,0,0,0,28,7,0,,4,6,,1
116660,Rasmus Falk,rasmus-falk,1284,FC København,6.3,6.3,1,0,0,0,0,0.01,0,13,1,14,92.86,8,5,3,0,0,0.0,1,0,0,0,0,0,0.0,0,0,0,1,20.0,0,0.0,1,20.0,13,0.0,0,0,0,0,0,0,0,0,0,0,0,0,0,0,0.0,0,0,0,1,4,1,1,1,19,0,1,0,0,0,0,0,0,0,,,,0,0,0,0,0,0,0,0,0,0,0,0,0,0.0,0.0,0,2,0,4,0,0,0,0,0,0,1,100.0,0.0,0,0,0,9,5,0,,0,1,,1
595164,Kingsley Sarfo,kingsley-sarfo,3398,APOEL Nicosia,6.3,6.3,1,0,0,0,0,0.04,0,18,4,22,81.82,9,9,5,0,0,0.0,0,0,0,0,0,0,0.0,0,0,0,0,0.0,0,0.0,0,0.0,55,0.0,0,0,0,0,0,0,0,0,0,0,0,0,0,0,0.0,0,0,0,1,6,0,0,0,27,0,0,0,0,0,0,0,0,0,,,,0,0,0,0,0,2,0,0,0,0,0,0,1,0.0,0.0,0,0,0,3,2,0,0,0,0,2,0,0.0,0.0,0,0,0,11,11,0,,0,3,,1
1175696,Gustav Kjolstad Nyheim,nyheim-gustav-kjolstad,661,Molde FK,6.3,6.3,1,0,0,0,0,0.0,0,2,0,2,100.0,2,0,0,0,0,0.0,0,0,0,0,0,0,0.0,0,0,0,0,0.0,0,0.0,0,0.0,10,0.0,0,0,0,0,0,0,0,0,0,0,0,0,0,0,0.0,0,0,0,1,2,0,0,0,5,0,1,0,0,0,0,0,0,0,,,,0,0,0,0,0,0,0,0,0,0,0,0,0,0.0,0.0,0,1,0,4,1,0,0,0,0,0,0,0.0,0.0,0,0,0,2,0,0,,0,0,,1
1065508,Deniz Dilmen,deniz-dilmen,3086,Başakşehir FK,6.3,12.6,2,0,0,0,0,0.0,0,54,8,62,87.1,50,4,1,0,0,0.0,0,0,0,0,0,0,0.0,0,0,0,0,0.0,0,0.0,0,0.0,180,0.0,0,0,0,0,0,0,0,0,0,0,0,0,0,5,38.46,2,0,1,0,8,0,6,5,75,0,0,0,0,1,0,0,0,6,,,,0,0,0,4,2,7,0,0,3,3,0,0,2,0.0,0.0,0,0,0,1,0,0,0,0,13,7,0,0.0,0.0,0,0,2,52,10,0,,11,10,,2
1914988,Gilbert Narh,narh-gilbert-djangmah,167232,FC Petrocub Hîncesti,6.3,12.6,2,0,0,0,0,0.0,0,20,7,27,74.07,11,9,4,0,0,0.0,1,1,0,0,0,0,0.0,0,0,0,1,50.0,1,100.0,2,66.67,65,0.0,0,0,0,0,0,0,0,0,0,0,0,0,0,1,25.0,2,1,0,0,9,0,2,1,35,0,1,0,0,0,0,0,0,0,,,,0,0,0,0,0,1,0,0,0,0,0,0,0,0.0,0.0,0,0,0,1,0,0,0,0,4,1,0,0.0,0.0,0,0,0,15,12,0,,0,3,,2
190665,Luka Capan,luka-capan,263360,FK TSC Bačka Topola,6.3,18.9,3,0,0,0,0,0.02,0,164,10,174,94.25,121,43,11,0,0,0.0,3,1,3,0,0,0,0.0,0,0,0,6,42.86,0,0.0,6,35.29,210,0.0,0,0,0,0,0,0,0,0,0,0,0,0,0,2,33.33,6,0,0,1,14,0,2,1,197,3,5,0,0,1,0,0,0,0,,,,0,0,0,0,0,5,1,0,0,0,0,0,2,0.0,0.0,0,1,0,11,3,0,0,0,6,6,2,66.67,0.0,0,0,0,127,47,0,,0,1,,3
1469335,Jonas Lietaert,lietaert-jonas,2929,Cercle Brugge,6.3,6.3,1,0,0,0,0,0.01,0,26,8,34,76.47,18,8,3,0,0,0.0,3,1,0,0,0,0,0.0,1,0,1,3,42.86,2,50.0,5,45.45,91,0.0,0,0,0,1,0,0,0,0,1,0,0,0,0,0,0.0,3,0,0,0,9,1,4,2,47,1,2,0,0,1,0,0,0,0,,,,0,0,0,0,0,3,0,0,0,0,0,0,1,0.0,0.0,0,1,0,6,2,0,0,0,3,3,3,100.0,0.0,0,0,0,21,13,0,0.05,0,4,,2
43187,Sergei Politevich,sergei-politevich,3361,Dinamo Minsk,6.3,12.6,2,0,0,0,0,0.01,0,67,9,76,88.16,48,19,6,0,0,0.0,1,1,0,0,0,0,0.0,1,0,1,2,50.0,2,40.0,4,44.44,181,0.0,0,0,0,0,0,0,0,0,1,0,0,0,0,9,50.0,4,0,0,0,9,0,5,3,89,1,1,0,1,1,0,0,0,0,,,,0,0,0,0,0,4,0,0,0,0,0,0,2,0.0,0.0,0,0,0,5,3,0,0,0,18,4,1,100.0,0.0,0,0,0,48,28,0,0.04,1,3,,3
1977305,Sebbe Gheerardyns,sebbe-gheerardyns,2929,Cercle Brugge,6.2,6.2,1,0,0,0,0,0.0,0,5,5,10,50.0,3,2,2,0,0,0.0,0,0,0,0,0,0,0.0,0,0,0,0,0.0,1,50.0,1,50.0,8,0.0,0,0,0,0,0,0,0,0,0,0,0,0,0,0,0.0,0,0,0,0,5,0,0,0,13,0,0,0,0,0,0,0,0,0,,,,0,0,0,0,0,1,0,0,0,0,0,0,0,0.0,0.0,0,0,0,1,1,0,0,0,1,1,0,0.0,0.0,0,0,0,4,6,0,,0,1,,1
1049397,Thierry Gale,thierry-gale,2055,SK Rapid Wien,6.2,6.2,1,0,0,0,0,0.0,0,1,0,1,100.0,1,0,0,0,0,0.0,0,0,0,0,0,0,0.0,1,0,0,0,0.0,0,0.0,0,0.0,8,0.0,0,0,0,0,0,0,0,0,0,1,0,0,0,0,0.0,0,0,0,1,2,0,0,0,4,0,0,0,0,0,0,1,0,0,,,,0,0,0,0,0,0,0,0,0,0,0,0,0,0.0,0.0,0,1,0,2,0,0,0,0,0,0,0,0.0,0.0,0,0,0,1,0,0,0.04,0,0,,1
1082694,Luke Plange,luke-plange,2242,HJK,6.17,18.5,3,0,0,2,0,0.04,0,14,4,18,77.78,5,9,7,0,2,100.0,0,0,0,0,0,0,0.0,3,1,0,2,40.0,1,100.0,3,50.0,44,0.0,1,0,0,0,0,0,0,0,3,0,0,0,0,0,0.0,0,0,0,2,10,0,0,0,32,0,1,0,0,0,0,2,0,0,,,,0,0,0,0,0,1,0,0,0,0,0,0,0,0.0,0.0,0,2,2,3,0,0,0,1,0,1,0,0.0,0.0,0,0,0,6,14,0,1.18,0,1,,3
998998,Giannis Satsias,giannis-satsias,3398,APOEL Nicosia,6.16,30.8,5,0,1,1,0,0.09,0,60,23,83,72.29,25,35,11,4,0,0.0,6,0,0,0,1,0,0.0,4,2,2,15,45.45,2,25.0,17,41.46,262,0.0,0,0,0,0,0,0,0,0,2,2,0,0,0,3,50.0,1,0,0,3,37,0,5,3,126,9,7,0,0,6,0,0,0,0,,,,0,0,0,0,0,5,0,0,0,0,0,0,3,0.0,0.0,4,2,5,24,6,0,0,0,6,5,2,33.33,0.0,1,0,0,28,60,0,0.32,0,18,,5
1430464,Noah Yannick,yannick-noah,2442,FC St. Gallen 1879,6.15,12.3,2,0,0,1,0,0.02,0,23,17,40,57.5,12,12,6,0,1,50.0,3,2,0,0,0,1,50.0,1,1,0,5,50.0,3,42.86,8,47.06,135,0.0,0,0,0,0,0,0,0,0,1,0,0,0,0,2,33.33,6,0,0,1,26,0,2,1,80,1,2,0,0,1,0,0,0,0,,,,0,0,0,0,0,7,0,0,0,0,0,0,1,0.0,0.0,0,2,2,9,4,0,0,0,6,7,3,100.0,0.0,0,0,0,16,26,0,0.15,0,2,,2
244141,René Renner,rene-renner,2058,LASK,6.1,6.1,1,0,0,0,0,0.01,0,7,9,16,43.75,0,7,4,0,0,0.0,0,0,0,0,0,0,0.0,0,0,0,0,0.0,2,66.67,2,40.0,34,0.0,0,0,0,0,0,0,0,0,0,0,0,0,0,1,50.0,2,0,0,1,16,0,2,1,28,0,0,0,0,0,0,0,0,0,,,,0,0,0,0,0,1,1,0,0,0,0,0,0,0.0,0.0,0,1,2,3,1,0,0,0,2,2,0,0.0,0.0,0,0,0,1,17,0,,0,1,,1
1132026,Josh Seary,seary-josh,5184,Larne FC,6.1,6.1,1,0,0,0,0,0.02,0,11,13,24,45.83,10,1,0,0,0,0.0,1,0,0,0,0,0,0.0,0,0,0,2,40.0,3,37.5,5,38.46,90,0.0,0,0,0,0,0,0,0,0,0,0,0,0,0,2,40.0,2,0,0,2,26,0,1,0,51,1,0,0,0,1,0,0,0,0,,,,0,0,0,0,0,2,0,0,0,0,0,0,1,0.0,0.0,0,0,1,8,5,0,0,0,5,2,0,0.0,0.0,0,0,0,12,13,0,,0,1,,1
1465478,Guilherme Matheus,guilherme-matheus,167232,FC Petrocub Hîncesti,6.1,6.1,1,0,0,0,0,0.0,0,8,2,10,80.0,7,1,0,0,0,0.0,0,1,0,0,0,0,0.0,0,0,0,0,0.0,0,0.0,0,0.0,15,0.0,0,0,0,0,0,0,0,0,0,0,0,0,0,0,0.0,0,0,0,0,3,0,0,0,13,0,1,0,0,0,0,0,0,0,,,,0,0,0,0,0,1,0,0,0,0,0,0,0,0.0,0.0,0,1,0,2,0,0,0,0,2,1,0,0.0,0.0,0,0,0,8,2,0,,0,2,,1
1511022,Dadi Jónsson,dadi-jonsson,1908,Víkingur Reykjavík,6.1,12.2,2,0,0,0,0,0.01,0,5,3,8,62.5,1,4,2,0,0,0.0,2,0,0,0,0,0,0.0,1,0,1,2,66.67,0,0.0,2,66.67,21,0.0,0,0,0,0,0,0,0,0,0,1,0,0,0,0,0.0,1,0,0,1,5,0,1,0,16,0,0,0,0,0,0,0,0,0,,,,0,0,0,0,0,3,0,0,0,0,0,0,0,0.0,0.0,0,0,0,1,0,0,0,0,0,3,0,0.0,0.0,0,0,0,2,6,0,0.03,0,1,,2
1846164,Nnamdi Ahanonu,nnamdi-ahanonu,36155,Astana,6.05,12.1,2,0,0,2,0,0.02,0,21,3,24,87.5,9,12,7,0,0,0.0,0,0,0,0,0,0,0.0,6,2,1,4,30.77,1,20.0,5,27.78,181,0.0,0,0,0,0,0,0,0,0,4,2,0,0,0,0,0.0,2,0,0,3,12,0,0,0,54,4,2,1,0,0,3,3,0,0,,,,0,0,0,0,0,3,0,0,0,0,0,0,2,0.0,0.0,0,4,0,13,4,0,0,0,0,3,0,0.0,0.0,0,0,0,10,14,0,0.6,0,2,,3
47752,Oscar Jansson,oscar-jansson,1759,Djurgårdens IF,5.95,11.9,2,0,0,0,0,0.0,0,33,10,43,76.74,29,4,1,0,0,0.0,0,0,0,0,0,0,0.0,0,0,0,0,0.0,0,0.0,0,0.0,180,0.0,0,0,0,0,0,0,0,0,0,0,0,0,0,6,37.5,2,1,0,0,10,0,1,1,50,0,0,0,0,2,0,0,0,1,,,,0,0,0,1,0,2,1,0,3,1,0,0,2,0.0,0.0,0,0,0,2,0,0,0,0,16,3,0,0.0,0.0,0,0,1,31,12,0,,10,7,,2
1424654,Trofim Melnichenko,trofim-melnichenko,3361,Dinamo Minsk,5.93,23.7,4,0,0,0,0,0.02,0,21,10,31,67.74,6,15,9,0,4,57.14,0,1,1,1,1,0,0.0,1,0,1,9,56.25,4,44.44,13,52.0,143,0.0,0,0,1,1,0,0,0,0,0,1,0,0,0,0,0.0,1,0,0,2,20,2,2,1,56,5,3,0,0,1,0,0,0,0,,,,0,0,0,0,0,4,1,0,0,0,0,0,1,0.0,0.0,0,7,2,12,5,0,0,0,0,5,0,0.0,0.0,0,0,0,8,25,0,0.03,0,8,,4
90008,Jörg Siebenhandl,jorg-siebenhandl,2058,LASK,5.88,23.5,4,0,0,0,0,0.0,0,52,10,62,83.87,50,2,0,0,0,0.0,0,0,0,1,1,0,0.0,0,0,0,0,0.0,0,0.0,0,0.0,277,0.0,0,0,0,0,0,0,0,0,0,0,0,0,0,6,40.0,3,0,0,0,10,0,5,2,87,0,1,0,0,0,0,0,0,7,,,,1,0,0,5,2,3,1,1,3,3,0,0,4,0.0,0.0,0,0,0,0,0,0,0,0,15,4,0,0.0,0.0,0,0,2,58,4,0,,11,29,,4
1138175,Thalisson,thalisson,2416,NK Olimpija Ljubljana,5.82,29.1,5,0,0,0,0,0.01,0,13,5,18,72.22,7,6,6,1,1,20.0,3,2,1,1,1,0,0.0,2,1,0,8,38.1,1,20.0,9,34.62,130,0.0,0,0,0,0,0,0,0,0,1,1,0,0,0,1,33.33,3,0,0,2,16,0,1,0,49,4,7,0,0,1,0,1,0,0,,,,0,0,0,0,0,0,1,0,0,0,0,0,2,0.0,0.0,1,5,0,17,4,0,0,0,3,1,2,66.67,0.0,0,0,0,7,11,0,0.06,0,4,,5
1402736,Kiano Dyer,dyer-kiano,38,Chelsea,0.0,0.0,0,0,0,0,0,0.0,0,2,0,2,100.0,2,0,0,0,0,0.0,1,0,0,0,0,0,0.0,0,0,0,1,100.0,0,0.0,1,50.0,4,0.0,0,0,0,0,0,0,0,0,0,0,0,0,0,0,0.0,0,0,0,0,0,0,0,0,3,0,0,0,0,0,0,0,0,0,,,,0,0,0,0,0,0,0,0,0,0,0,0,0,0.0,0.0,0,0,0,1,1,0,0,0,0,0,1,100.0,0.0,0,0,0,2,0,0,,0,0,,1
1152139,Angel Ortiz,angel-ortiz,2816,Real Betis,0.0,0.0,0,0,0,0,0,0.0,0,2,0,2,100.0,0,2,1,0,0,0.0,0,0,0,0,0,0,0.0,0,0,0,0,0.0,0,0.0,0,0.0,1,0.0,0,0,0,0,0,0,0,0,0,0,0,0,0,0,0.0,0,0,0,0,0,0,0,0,2,0,0,0,0,0,0,0,0,0,,,,0,0,0,0,0,0,0,0,0,0,0,0,0,0.0,0.0,0,0,0,0,0,0,0,0,0,0,0,0.0,0.0,0,0,0,0,2,0,,0,0,,1
1416593,Adriano Bregou,adriano-bregou,3248,Panathinaikos FC,0.0,0.0,0,0,0,0,0,0.0,0,2,0,2,100.0,1,1,0,0,1,100.0,0,0,0,0,0,0,0.0,0,0,0,1,50.0,0,0.0,1,50.0,1,0.0,0,0,0,0,0,0,0,0,0,0,0,0,0,0,0.0,0,0,0,1,2,0,0,0,5,0,0,0,0,0,0,0,0,0,,,,0,0,0,0,0,0,0,0,0,0,0,0,0,0.0,0.0,0,1,0,1,0,0,0,0,0,0,0,0.0,0.0,0,0,0,1,1,0,,0,1,,1
1405982,Stefan Marčetić,stefan-marcetic,5235,FK Borac Banja Luka,0.0,0.0,0,0,0,0,0,,0,0,0,0,0.0,0,0,0,0,0,0.0,0,0,0,0,0,0,0.0,0,0,0,0,0.0,0,0.0,0,0.0,1,0.0,0,0,0,0,0,0,0,0,0,0,0,0,0,0,0.0,0,0,0,0,0,0,0,0,2,0,0,0,0,0,0,0,0,0,,,,0,0,0,0,0,0,0,0,0,0,0,0,0,0.0,0.0,0,0,0,1,1,0,0,0,0,0,0,0.0,0.0,0,0,0,0,0,0,,0,0,,1
861250,Maks Juraj Čelić,maks-juraj-celic,5235,FK Borac Banja Luka,0.0,0.0,0,0,0,0,0,,0,0,0,0,0.0,0,0,0,0,0,0.0,0,0,0,0,0,0,0.0,0,0,0,0,0.0,0,0.0,0,0.0,1,0.0,0,0,0,0,0,0,0,0,0,0,0,0,0,0,0.0,1,0,0,0,0,0,0,0,1,0,0,0,0,0,0,0,0,0,,,,0,0,0,0,0,0,0,0,0,0,0,0,0,0.0,0.0,0,0,0,0,0,0,0,0,0,0,0,0.0,0.0,0,0,0,0,0,0,,0,0,,1
245699,Roman Kerschbaum,roman-kerschbaum,2055,SK Rapid Wien,0.0,0.0,0,0,0,0,0,,0,0,0,0,0.0,0,0,0,0,0,0.0,0,0,0,0,0,0,0.0,0,0,0,0,0.0,0,0.0,0,0.0,1,0.0,0,0,0,0,0,0,0,0,0,0,0,0,0,0,0.0,0,0,0,0,0,0,0,0,0,0,0,0,0,0,0,0,0,0,,,,0,0,0,0,0,0,0,0,0,0,0,0,0,0.0,0.0,0,0,0,0,0,0,0,0,0,0,0,0.0,0.0,0,0,0,0,0,0,,0,0,,1
2045472,Carl Selfvén,carl-selfven,1759,Djurgårdens IF,0.0,0.0,0,0,0,0,0,0.0,0,0,1,1,0.0,0,0,0,0,0,0.0,0,0,0,0,0,0,0.0,0,0,0,0,0.0,0,0.0,0,0.0,4,0.0,0,0,0,0,0,0,0,0,0,0,0,0,0,0,0.0,0,0,0,0,1,0,0,0,2,0,0,0,0,0,0,0,0,0,,,,0,0,0,0,0,0,0,0,0,0,0,0,0,0.0,0.0,0,0,0,0,0,0,0,0,0,0,0,0.0,0.0,0,0,0,1,0,0,,0,1,,1
1385538,John O'Sullivan,john-osullivan,3177,Shamrock Rovers,0.0,0.0,0,0,0,0,0,0.0,0,3,1,4,75.0,0,3,1,0,0,0.0,0,0,0,0,0,0,0.0,0,0,0,0,0.0,0,0.0,0,0.0,3,0.0,0,0,0,0,0,0,0,0,0,0,0,0,0,0,0.0,0,0,0,0,4,0,1,1,8,0,0,0,0,0,0,0,0,0,,,,0,0,0,0,0,0,0,0,0,0,0,0,0,0.0,0.0,0,1,0,1,0,0,0,0,1,0,0,0.0,0.0,0,0,0,0,4,0,,0,1,,1
1385518,Ono Vanackere,ono-vanackere,2929,Cercle Brugge,0.0,0.0,0,0,0,0,0,0.01,0,7,0,7,100.0,2,5,4,0,0,0.0,0,0,0,0,0,0,0.0,0,0,0,1,100.0,0,0.0,1,100.0,1,0.0,0,0,0,0,0,0,0,0,0,0,0,0,0,0,0.0,0,0,0,0,0,0,0,0,8,1,0,0,0,0,0,0,0,0,,,,0,0,0,0,0,0,0,0,0,0,0,0,0,0.0,0.0,0,0,0,0,0,0,0,0,0,0,0,0.0,0.0,0,0,0,2,5,0,,0,1,,1
1210885,Matias Ritari,matias-ritari,2242,HJK,0.0,0.0,0,0,0,0,0,0.0,0,5,2,7,71.43,3,2,0,0,0,0.0,0,0,0,0,0,0,0.0,0,0,0,0,0.0,1,100.0,1,50.0,1,0.0,0,0,0,0,0,0,0,0,0,0,0,0,0,0,0.0,0,0,0,0,4,0,0,0,9,0,0,0,0,0,0,0,0,0,,,,0,0,0,0,0,0,0,0,0,0,0,0,0,0.0,0.0,0,1,0,1,0,0,0,0,1,0,0,0.0,0.0,0,0,0,3,4,0,,0,1,,1
1149252,Jan Buryan,buryan-jan,2224,Mladá Boleslav,0.0,0.0,0,0,0,0,0,0.0,0,1,0,1,100.0,0,1,1,0,0,0.0,0,0,0,0,0,0,0.0,0,0,0,0,0.0,0,0.0,0,0.0,1,0.0,0,0,0,0,0,0,0,0,0,0,0,0,0,0,0.0,0,0,0,1,1,0,0,0,2,0,0,0,0,0,0,0,0,0,,,,0,0,0,0,0,0,0,0,0,0,0,0,0,0.0,0.0,0,0,0,1,0,0,0,0,0,0,0,0.0,0.0,0,0,0,0,1,0,,0,0,,1
1127839,Jake Canavan,jake-canavan,4921,The New Saints,0.0,0.0,0,0,0,0,0,,0,0,0,0,0.0,0,0,0,0,0,0.0,0,0,0,0,0,0,0.0,0,0,0,0,0.0,0,0.0,0,0.0,1,0.0,0,0,0,0,0,0,0,0,0,0,0,0,0,0,0.0,0,0,0,0,0,0,0,0,0,0,0,0,0,0,0,0,0,0,,,,0,0,0,0,0,0,0,0,0,0,0,0,0,0.0,0.0,0,0,0,0,0,0,0,0,0,0,0,0.0,0.0,0,0,0,0,0,0,,0,0,,1
1406508,Batyrkhan Mustafin,batyrkhan-mustafin,36155,Astana,0.0,0.0,0,0,0,0,0,,0,0,0,0,0.0,0,0,0,0,0,0.0,0,0,0,0,0,0,0.0,0,0,0,0,0.0,0,0.0,0,0.0,1,0.0,0,0,0,0,0,0,0,0,0,0,0,0,0,0,0.0,0,0,0,0,1,0,0,0,1,0,0,0,0,0,0,0,0,0,,,,0,0,0,0,0,0,0,0,0,0,0,0,0,0.0,0.0,0,0,0,0,0,0,0,0,0,0,0,0.0,0.0,0,0,0,0,0,0,,0,0,,1
11936,Marek Matějovský,marek-matejovsky,2224,Mladá Boleslav,0.0,0.0,0,0,0,0,0,0.01,0,2,2,4,50.0,1,2,1,2,0,0.0,0,1,0,0,0,1,100.0,0,0,0,0,0.0,0,0.0,0,0.0,2,0.0,0,0,0,0,0,0,0,0,0,0,0,0,0,0,0.0,0,0,0,0,2,0,0,0,6,0,0,0,0,0,0,0,0,0,,,,0,0,0,0,0,0,0,0,0,0,0,0,0,0.0,0.0,2,0,1,0,0,0,0,0,0,0,0,0.0,0.0,0,0,0,1,4,0,,0,0,,2
958802,Grenik Petrosyan,grenik-petrosyan,262228,FC Noah,0.0,0.0,0,0,0,0,0,0.0,0,1,0,1,100.0,0,1,0,0,0,0.0,0,0,0,0,0,0,0.0,0,0,0,0,0.0,0,0.0,0,0.0,3,0.0,0,0,0,0,0,0,0,0,0,0,0,0,0,0,0.0,0,0,0,0,0,0,0,0,1,0,0,0,0,0,0,0,0,0,,,,0,0,0,0,0,0,0,0,0,0,0,0,0,0.0,0.0,0,0,0,0,0,0,0,0,0,0,0,0.0,0.0,0,0,0,0,1,0,,0,0,,3
