team_id,team_name,team_slug,team_short_name,team_name_code,team_country_name,team_country_alpha2,team_country_alpha3,player_id,player_name,player_first_name,player_last_name,player_slug,player_short_name,player_position,player_jersey_number,player_date_of_birth,player_height_cm,player_weight_kg,player_preferred_foot,player_country_name,player_country_alpha2,player_country_alpha3,player_market_value,player_contract_until_timestamp
42,Arsenal,arsenal,Arsenal,ARS,England,EN,ENG,804508,Viktor Gyökeres,Viktor,Gyokeres,viktor-gyokeres,V. Gyökeres,F,14,1998-06-04T00:00:00+00:00,187,86,Right,Sweden,SE,SWE,61000000,1909008000
42,Arsenal,arsenal,Arsenal,ARS,England,EN,ENG,934235,Bukayo Saka,Bukayo,Saka,bukayo-saka,B. Saka,F,7,2001-09-05T00:00:00+00:00,178,,Left,England,EN,ENG,115000000,1909008000
42,Arsenal,arsenal,Arsenal,ARS,England,EN,ENG,836705,Kai Havertz,Kai,Havertz,kai-havertz,K. Havertz,F,29,1999-06-11T00:00:00+00:00,193,,Left,Germany,DE,DEU,53000000,1845936000
42,Arsenal,arsenal,Arsenal,ARS,England,EN,ENG,966547,Noni Madueke,,,noni-madueke,N. Madueke,F,20,2002-03-10T00:00:00+00:00,182,,Left,England,EN,ENG,54000000,1909008000
42,Arsenal,arsenal,Arsenal,ARS,England,EN,ENG,547410,Martin Ødegaard,,,martin-degaard,M. Ødegaard,M,8,1998-12-17T00:00:00+00:00,178,66,Left,Norway,NO,NOR,77000000,1845936000
42,Arsenal,arsenal,Arsenal,ARS,England,EN,ENG,856714,Declan Rice,Declan,Rice,declan-rice,D. Rice,M,41,1999-01-14T00:00:00+00:00,188,,Right,England,EN,ENG,114000000,1845936000
42,Arsenal,arsenal,Arsenal,ARS,England,EN,ENG,864921,Eberechi Eze,Eberechi,Eze,eberechi-eze,E. Eze,M,10,1998-06-29T00:00:00+00:00,178,67,Right,England,EN,ENG,69000000,1877472000
42,Arsenal,arsenal,Arsenal,ARS,England,EN,ENG,866469,Bruno Guimarães,,,bruno-guimaraes,B. Guimarães,M,39,1997-11-16T00:00:00+00:00,182,,Right,Brazil,BR,BRA,72000000,1909008000
42,Arsenal,arsenal,Arsenal,ARS,England,EN,ENG,592010,Mikel Merino,Mikel,Merino,mikel-merino,M. Merino,M,23,1996-06-22T00:00:00+00:00,188,79,Left,Spain,ES,ESP,26000000,1845936000
42,Arsenal,arsenal,Arsenal,ARS,England,EN,ENG,1031259,Christos Tzolis,Christos,Tzolis,christos-tzolis,C. Tzolis,M,17,2002-01-30T00:00:00+00:00,180,,Right,Greece,GR,GRC,42000000,1940544000
42,Arsenal,arsenal,Arsenal,ARS,England,EN,ENG,1917626,Max Dowman,,,max-dowman,M. Dowman,M,56,2009-12-31T00:00:00+00:00,183,,Left,England,EN,ENG,31000000,
42,Arsenal,arsenal,Arsenal,ARS,England,EN,ENG,966837,Martín Zubimendi,,,martin-zubimendi,M. Zubimendi,M,36,1999-02-02T00:00:00+00:00,180,74,Right,Spain,ES,ESP,77000000,1909008000
42,Arsenal,arsenal,Arsenal,ARS,England,EN,ENG,869792,Gabriel Magalhães,Gabriel,Magalhães,gabriel-magalhaes,G. Magalhães,D,6,1997-12-19T00:00:00+00:00,190,78,Left,Brazil,BR,BRA,70000000,1877472000
42,Arsenal,arsenal,Arsenal,ARS,England,EN,ENG,941168,William Saliba,William,Saliba,william-saliba,W. Saliba,D,2,2001-03-24T00:00:00+00:00,193,,Right,France,FR,FRA,94000000,1909008000
42,Arsenal,arsenal,Arsenal,ARS,England,EN,ENG,1002837,Piero Hincapié,Piero,Hincapie,piero-hincapie,P. Hincapié,D,5,2002-01-09T00:00:00+00:00,184,65,Left,Ecuador,EC,ECU,46000000,1940544000
42,Arsenal,arsenal,Arsenal,ARS,England,EN,ENG,958959,Jurriën Timber,Jurrien,Timber,jurrien-timber,J. Timber,D,12,2001-06-17T00:00:00+00:00,179,,Right,Netherlands,NL,NLD,73000000,1845936000
42,Arsenal,arsenal,Arsenal,ARS,England,EN,ENG,957602,Riccardo Calafiori,,,riccardo-calafiori,R. Calafiori,D,33,2002-05-19T00:00:00+00:00,188,,Left,Italy,IT,ITA,53000000,1877472000
42,Arsenal,arsenal,Arsenal,ARS,England,EN,ENG,1144630,Cristhian Mosquera,Cristhian Mosquera,,cristhian-mosquera,C. Mosquera,D,3,2004-06-27T00:00:00+00:00,191,,Right,Spain,ES,ESP,38000000,1909008000
42,Arsenal,arsenal,Arsenal,ARS,England,EN,ENG,1423711,Myles Lewis-Skelly,Myles Lewis-Skelly,,lewis-skelly-myles,M. Lewis-Skelly,D,49,2006-09-26T00:00:00+00:00,178,,Left,England,EN,ENG,48000000,1909008000
42,Arsenal,arsenal,Arsenal,ARS,England,EN,ENG,846036,Ben White,Ben,White,ben-white,B. White,D,4,1997-10-08T00:00:00+00:00,186,,Right,England,EN,ENG,27000000,1845936000
42,Arsenal,arsenal,Arsenal,ARS,England,EN,ENG,827679,Ezri Konsa,,,ezri-konsa,E. Konsa,D,15,1997-10-23T00:00:00+00:00,183,77,Right,England,EN,ENG,47000000,
42,Arsenal,arsenal,Arsenal,ARS,England,EN,ENG,581310,David Raya,David,Raya,david-raya,D. Raya,G,1,1995-09-15T00:00:00+00:00,183,80,Right,Spain,ES,ESP,33000000,1845936000
42,Arsenal,arsenal,Arsenal,ARS,England,EN,ENG,232422,Kepa Arrizabalaga,Kepa,Arrizabalaga,kepa-arrizabalaga,K. Arrizabalaga,G,13,1994-10-03T00:00:00+00:00,188,84,Right,Spain,ES,ESP,5300000,1845936000
42,Arsenal,arsenal,Arsenal,ARS,England,EN,ENG,906076,Illan Meslier,Illan,Meslier,illan-meslier,I. Meslier,G,30,2000-03-02T00:00:00+00:00,196,,Left,France,FR,FRA,7500000,1845936000
40,Aston Villa,aston-villa,Aston Villa,AVL,England,EN,ENG,1135873,Alejandro Garnacho,,,alejandro-garnacho,A. Garnacho,F,17,2004-07-01T00:00:00+00:00,180,,Right,Argentina,AR,ARG,26000000,1814313600
40,Aston Villa,aston-villa,Aston Villa,AVL,England,EN,ENG,1085381,Nicolas Jackson,Nicolas Jackson,,nicolas-jackson,N. Jackson,F,11,2001-06-20T00:00:00+00:00,186,,Right,Senegal,SN,SEN,39000000,1940544000
40,Aston Villa,aston-villa,Aston Villa,AVL,England,EN,ENG,1590918,Ibrahim Mbaye,,,ibrahim-mbaye,I. Mbaye,F,19,2008-01-24T00:00:00+00:00,175,,Right,Senegal,SN,SEN,29000000,
40,Aston Villa,aston-villa,Aston Villa,AVL,England,EN,ENG,610766,Tammy Abraham,Tammy,Abraham,tammy-abraham,T. Abraham,F,18,1997-10-02T00:00:00+00:00,195,80,Right,England,EN,ENG,16500000,1909008000
40,Aston Villa,aston-villa,Aston Villa,AVL,England,EN,ENG,2070311,Brian Madjo,Brian Madjo,,brian-madjo,B. Madjo,F,39,2009-01-12T00:00:00+00:00,193,,Right,England,EN,ENG,12600000,1972166400
40,Aston Villa,aston-villa,Aston Villa,AVL,England,EN,ENG,1015267,João Gomes,,,joao-gomes,J. Gomes,M,35,2001-02-12T00:00:00+00:00,176,,Right,Brazil,BR,BRA,36000000,1940544000
40,Aston Villa,aston-villa,Aston Villa,AVL,England,EN,ENG,1518931,Johan Manzambi,Johan Manzambi,,johan-manzambi,J. Manzambi,M,44,2005-10-14T00:00:00+00:00,182,,Right,Switzerland,CH,CHE,71000000,
40,Aston Villa,aston-villa,Aston Villa,AVL,England,EN,ENG,184661,Leon Goretzka,Leon,Goretzka,leon-goretzka,L. Goretzka,M,27,1995-02-06T00:00:00+00:00,189,79,Right,Germany,DE,DEU,10900000,1845936000
40,Aston Villa,aston-villa,Aston Villa,AVL,England,EN,ENG,783126,Emiliano Buendía,Emiliano,Buendia,emiliano-buendia,E. Buendía,M,10,1996-12-25T00:00:00+00:00,170,65,Right,Argentina,AR,ARG,14600000,1814313600
40,Aston Villa,aston-villa,Aston Villa,AVL,England,EN,ENG,923973,Amadou Onana,,,amadou-onana,A. Onana,M,24,2001-08-16T00:00:00+00:00,195,,Both,Belgium,BE,BEL,41000000,1877472000
40,Aston Villa,aston-villa,Aston Villa,AVL,England,EN,ENG,250223,John McGinn,John,McGinn,john-mcginn,J. McGinn,M,7,1994-10-18T00:00:00+00:00,175,68,Left,Scotland,SX,SCO,12600000,1845936000
40,Aston Villa,aston-villa,Aston Villa,AVL,England,EN,ENG,826204,Boubacar Kamara,Boubacar,Kamara,boubacar-kamara,B. Kamara,M,8,1999-11-23T00:00:00+00:00,184,,Right,France,FR,FRA,39000000,1909008000
40,Aston Villa,aston-villa,Aston Villa,AVL,England,EN,ENG,1631879,Alysson,Alysson Edward Franco da Rocha,,alysson-edward-franco-da-rocha,Alysson,M,47,2006-05-05T00:00:00+00:00,184,,Left,Brazil,BR,BRA,10800000,1940544000
40,Aston Villa,aston-villa,Aston Villa,AVL,England,EN,ENG,98435,Ross Barkley,,,ross-barkley,R. Barkley,M,6,1993-12-05T00:00:00+00:00,188,76,Right,England,EN,ENG,3600000,1814313600
40,Aston Villa,aston-villa,Aston Villa,AVL,England,EN,ENG,1398204,George Hemmings,,,george-hemmings,G. Hemmings,M,53,2007-03-04T00:00:00+00:00,182,,Both,England,EN,ENG,860000,
40,Aston Villa,aston-villa,Aston Villa,AVL,England,EN,ENG,1089388,Lamare Bogarde,,,lamare-bogarde,L. Bogarde,M,26,2004-01-05T00:00:00+00:00,183,,Right,Netherlands,NL,NLD,17500000,1845936000
40,Aston Villa,aston-villa,Aston Villa,AVL,England,EN,ENG,863653,Aaron Wan-Bissaka,,,aaron-wan-bissaka,A. Wan-Bissaka,D,29,1997-11-26T00:00:00+00:00,183,72,Right,DR Congo,CD,COD,14100000,1814313600
40,Aston Villa,aston-villa,Aston Villa,AVL,England,EN,ENG,833956,Matty Cash,Matty,Cash,matty-cash,M. Cash,D,2,1997-08-07T00:00:00+00:00,185,64,Right,Poland,PL,POL,19800000,1877472000
40,Aston Villa,aston-villa,Aston Villa,AVL,England,EN,ENG,143334,Victor Lindelöf,,,victor-lindelof,V. Lindelöf,D,3,1994-07-17T00:00:00+00:00,187,80,Right,Sweden,SE,SWE,4800000,1814313600
40,Aston Villa,aston-villa,Aston Villa,AVL,England,EN,ENG,976263,Ian Maatsen,,,ian-maatsen,I. Maatsen,D,22,2002-03-10T00:00:00+00:00,178,65,Left,Netherlands,NL,NLD,28000000,1909008000
40,Aston Villa,aston-villa,Aston Villa,AVL,England,EN,ENG,864169,Pau Torres,Pau,Torres,pau-torres,P. Torres,D,14,1997-01-16T00:00:00+00:00,192,80,Left,Spain,ES,ESP,21000000,1845936000
40,Aston Villa,aston-villa,Aston Villa,AVL,England,EN,ENG,965011,Matteo Ruggeri,Matteo,Ruggeri,matteo-ruggeri,M. Ruggeri,D,13,2002-07-11T00:00:00+00:00,187,,Left,Italy,IT,ITA,27000000,
40,Aston Villa,aston-villa,Aston Villa,AVL,England,EN,ENG,303638,Tyrone Mings,Tyrone,Mings,tyrone-mings,T. Mings,D,5,1993-03-13T00:00:00+00:00,195,77,Left,England,EN,ENG,3200000,1814313600
40,Aston Villa,aston-villa,Aston Villa,AVL,England,EN,ENG,980637,Taylor Harwood-Bellis,Taylor,Harwood-Bellis,taylor-harwood-bellis,T. Harwood-Bellis,D,6,2002-01-29T00:00:00+00:00,188,,Right,England,EN,ENG,22000000,
40,Aston Villa,aston-villa,Aston Villa,AVL,England,EN,ENG,1944705,Modou Kéba Cissé,,,modou-keba-cisse,M. K. Cissé,D,48,2005-08-04T00:00:00+00:00,191,,Right,Senegal,SN,SEN,5400000,1877472000
40,Aston Villa,aston-villa,Aston Villa,AVL,England,EN,ENG,905351,Zion Suzuki,Suzuki,Zion,suzuki-zion,Z. Suzuki,G,1,2002-08-21T00:00:00+00:00,189,91,Right,Japan,JP,JPN,31000000,
40,Aston Villa,aston-villa,Aston Villa,AVL,England,EN,ENG,100390,Marco Bizot,,,marco-bizot,M. Bizot,G,40,1991-03-10T00:00:00+00:00,194,85,Right,Netherlands,NL,NLD,1400000,1814313600
40,Aston Villa,aston-villa,Aston Villa,AVL,England,EN,ENG,1138445,James Wright,James Wright,,wright-james,J. Wright,G,42,2004-12-02T00:00:00+00:00,188,,Right,England,EN,ENG,220000,
60,Bournemouth,bournemouth,Bournemouth,BOU,England,EN,ENG,1426228,Eli Junior Kroupi,,,eli-junior-kroupi,E. J. Kroupi,F,22,2006-06-23T00:00:00+00:00,179,,Right,France,FR,FRA,72000000,1909008000
60,Bournemouth,bournemouth,Bournemouth,BOU,England,EN,ENG,1154587,Álvaro Rodriguez,,,alvaro-rodriguez,Á. Rodriguez,F,30,2004-07-14T00:00:00+00:00,193,,Left,Uruguay,UY,URY,9100000,
60,Bournemouth,bournemouth,Bournemouth,BOU,England,EN,ENG,998490,Evanilson,,,evanilson,Evanilson,F,9,1999-10-06T00:00:00+00:00,181,,Both,Brazil,BR,BRA,33000000,1877472000
60,Bournemouth,bournemouth,Bournemouth,BOU,England,EN,ENG,1096136,Daniel Jebbison,Daniel Jebbison,,daniel-jebbison,D. Jebbison,F,29,2003-07-11T00:00:00+00:00,190,,Right,Canada,CA,CAN,5800000,1845936000
60,Bournemouth,bournemouth,Bournemouth,BOU,England,EN,ENG,1464966,Rayan,Rayan,,rayan,Rayan,M,37,2006-08-03T00:00:00+00:00,185,,Left,Brazil,BR,BRA,58000000,1940544000
60,Bournemouth,bournemouth,Bournemouth,BOU,England,EN,ENG,991478,Amine Adli,,,amine-adli,A. Adli,M,21,2000-05-10T00:00:00+00:00,174,60,Left,Morocco,MA,MAR,18100000,1909008000
60,Bournemouth,bournemouth,Bournemouth,BOU,England,EN,ENG,851596,Justin Kluivert,Justin,Kluivert,justin-kluivert,J. Kluivert,M,19,1999-05-05T00:00:00+00:00,171,66,Right,Netherlands,NL,NLD,24000000,1845936000
60,Bournemouth,bournemouth,Bournemouth,BOU,England,EN,ENG,1154861,Ben Gannon-Doak,Ben Doak,,ben-doak,B. Doak,M,11,2005-11-11T00:00:00+00:00,174,,Right,Scotland,SX,SCO,14600000,1909008000
60,Bournemouth,bournemouth,Bournemouth,BOU,England,EN,ENG,1104986,Alex Scott,Alex Scott,,alex-scott,A. Scott,M,8,2003-08-21T00:00:00+00:00,178,,Right,England,EN,ENG,53000000,1845936000
60,Bournemouth,bournemouth,Bournemouth,BOU,England,EN,ENG,1476524,Alex Tóth,Alex,Toth,alex-toth,A. Tóth,M,27,2005-10-23T00:00:00+00:00,181,,Right,Hungary,HU,HUN,13100000,1940544000
60,Bournemouth,bournemouth,Bournemouth,BOU,England,EN,ENG,800419,Tyler Adams,Tyler,Adams,tyler-adams,T. Adams,M,12,1999-02-14T00:00:00+00:00,175,66,Right,USA,US,USA,26000000,1845936000
60,Bournemouth,bournemouth,Bournemouth,BOU,England,EN,ENG,895576,Marcus Tavernier,,,marcus-tavernier,M. Tavernier,M,16,1999-03-22T00:00:00+00:00,178,,Left,England,EN,ENG,23000000,1877472000
60,Bournemouth,bournemouth,Bournemouth,BOU,England,EN,ENG,322391,Ryan Christie,Ryan,Christie,ryan-christie,R. Christie,M,10,1995-02-22T00:00:00+00:00,178,,Left,Scotland,SX,SCO,8600000,1877472000
60,Bournemouth,bournemouth,Bournemouth,BOU,England,EN,ENG,855731,David Brooks,David,Brooks,david-brooks,D. Brooks,M,7,1997-07-08T00:00:00+00:00,173,,Left,Wales,WA,WAL,11000000,1877472000
60,Bournemouth,bournemouth,Bournemouth,BOU,England,EN,ENG,1010655,Juanlu Sánchez,,,juanlu-sanchez,J. Sánchez,M,24,2003-08-15T00:00:00+00:00,186,,Right,Spain,ES,ESP,9700000,
60,Bournemouth,bournemouth,Bournemouth,BOU,England,EN,ENG,548188,Lewis Cook,Lewis,Cook,lewis-cook,L. Cook,M,4,1997-02-03T00:00:00+00:00,175,71,Right,England,EN,ENG,11600000,1845936000
60,Bournemouth,bournemouth,Bournemouth,BOU,England,EN,ENG,2007889,Ben Winterburn,,,ben-winterburn,B. Winterburn,M,47,2004-09-04T00:00:00+00:00,185,,Right,England,EN,ENG,320000,1814313600
60,Bournemouth,bournemouth,Bournemouth,BOU,England,EN,ENG,1006069,António Silva,,,antonio-silva,A. Silva,D,14,2003-10-30T00:00:00+00:00,187,,Right,Portugal,PT,PRT,27000000,1940544000
60,Bournemouth,bournemouth,Bournemouth,BOU,England,EN,ENG,978150,Julián Araujo,,,julian-araujo,J. Araujo,D,2,2001-08-13T00:00:00+00:00,175,,Right,Mexico,MX,MEX,8199999,1877472000
60,Bournemouth,bournemouth,Bournemouth,BOU,England,EN,ENG,1201520,Julio Soler,Julio Soler,,julio-soler,J. Soler,D,6,2005-02-16T00:00:00+00:00,175,63,Left,Argentina,AR,ARG,8300000,1877472000
60,Bournemouth,bournemouth,Bournemouth,BOU,England,EN,ENG,1406130,Veljko Milosavljević,,,milosavljevic-veljko,V. Milosavljević,D,44,2007-06-28T00:00:00+00:00,192,,Right,Serbia,RS,SRB,18600000,1909008000
60,Bournemouth,bournemouth,Bournemouth,BOU,England,EN,ENG,999028,Adrien Truffert,,,truffert-adrien,A. Truffert,D,3,2001-11-20T00:00:00+00:00,176,,Left,France,FR,FRA,28000000,1909008000
60,Bournemouth,bournemouth,Bournemouth,BOU,England,EN,ENG,962408,Bafodé Diakité,,,bafode-diakite,B. Diakité,D,18,2001-01-06T00:00:00+00:00,182,,Right,France,FR,FRA,23000000,1909008000
60,Bournemouth,bournemouth,Bournemouth,BOU,England,EN,ENG,943645,Max Aarons,,,max-aarons,M. Aarons,D,28,2000-01-04T00:00:00+00:00,178,,Right,England,EN,ENG,2400000,1877472000
60,Bournemouth,bournemouth,Bournemouth,BOU,England,EN,ENG,1156586,James Hill,James,Hill,james-hill,J. Hill,D,5,2002-01-10T00:00:00+00:00,184,,Right,England,EN,ENG,24000000,1877472000
60,Bournemouth,bournemouth,Bournemouth,BOU,England,EN,ENG,44566,Adam Smith,,,adam-smith,A. Smith,D,15,1991-04-29T00:00:00+00:00,180,,Right,England,EN,ENG,310000,1814313600
60,Bournemouth,bournemouth,Bournemouth,BOU,England,EN,ENG,882604,Đorđe Petrović,Djordje,Petrovic,dorde-petrovic,Đ. Petrović,G,1,1999-10-08T00:00:00+00:00,194,,Right,Serbia,RS,SRB,29000000,1909008000
60,Bournemouth,bournemouth,Bournemouth,BOU,England,EN,ENG,844609,Michele Di Gregorio,Michele,Di Gregorio,michele-di-gregorio,M. Di Gregorio,G,20,1997-07-27T00:00:00+00:00,187,,Right,Italy,IT,ITA,9600000,1814313600
60,Bournemouth,bournemouth,Bournemouth,BOU,England,EN,ENG,19314,Fraser Forster,,,fraser-forster,F. Forster,G,17,1988-03-17T00:00:00+00:00,201,93,Right,England,EN,ENG,440000,1814313600
50,Brentford,brentford,Brentford,BRE,England,EN,ENG,1016907,Igor Thiago,,,igor-thiago,I. Thiago,F,9,2001-06-26T00:00:00+00:00,191,88,Right,Brazil,BR,BRA,68000000,1940544000
50,Brentford,brentford,Brentford,BRE,England,EN,ENG,991604,Fabio Carvalho,,,fabio-carvalho,F. Carvalho,F,14,2002-08-30T00:00:00+00:00,170,,Right,Portugal,PT,PRT,7800000,1877472000
50,Brentford,brentford,Brentford,BRE,England,EN,ENG,113956,Callum Wilson,Callum,Wilson,callum-wilson,C. Wilson,F,13,1992-02-27T00:00:00+00:00,180,66,Right,England,EN,ENG,4300000,1814313600
50,Brentford,brentford,Brentford,BRE,England,EN,ENG,1514747,Gustavo Nunes,Gustavo Nunes,,gustavo-nunes,Gustavo Nunes,F,39,2005-11-20T00:00:00+00:00,173,,Right,Brazil,BR,BRA,8199999,1909008000
50,Brentford,brentford,Brentford,BRE,England,EN,ENG,1403098,Kaye Furo,,,kaye-iyowuna-furo,K. I. Furo,F,47,2007-02-06T00:00:00+00:00,190,,Right,Belgium,BE,BEL,7600000,1940544000
50,Brentford,brentford,Brentford,BRE,England,EN,ENG,1106451,Dango Ouattara,Dango Ouattara,,dango-ouattara,D. Ouattara,M,11,2002-02-11T00:00:00+00:00,177,,Left,Burkina Faso,BF,BFA,36000000,1909008000
50,Brentford,brentford,Brentford,BRE,England,EN,ENG,1064697,Mamadou Sangare,Mamadou Sangare,,mamadou-sangare,M. Sangare,M,18,2002-06-26T00:00:00+00:00,181,,Left,Mali,ML,MLI,39000000,1940544000
50,Brentford,brentford,Brentford,BRE,England,EN,ENG,1006387,Kevin Schade,,,kevin-schade,K. Schade,M,7,2001-11-27T00:00:00+00:00,183,,Both,Germany,DE,DEU,36000000,1845936000
50,Brentford,brentford,Brentford,BRE,England,EN,ENG,907072,Mikkel Damsgaard,Mikkel,Damsgaard,mikkel-damsgaard,M. Damsgaard,M,24,2000-07-03T00:00:00+00:00,180,,Right,Denmark,DK,DNK,29000000,1909008000
50,Brentford,brentford,Brentford,BRE,England,EN,ENG,1031258,Yehor Yarmoliuk,Yehor,Yarmoliuk,yehor-yarmoliuk,Y. Yarmoliuk,M,6,2004-03-01T00:00:00+00:00,180,,Right,Ukraine,UA,UKR,30000000,1940544000
50,Brentford,brentford,Brentford,BRE,England,EN,ENG,1126692,Antoni Milambo,Antoni,Milambo,antoni-milambo,A. Milambo,M,17,2005-04-03T00:00:00+00:00,179,,Right,Netherlands,NL,NLD,15500000,1909008000
50,Brentford,brentford,Brentford,BRE,England,EN,ENG,1020680,Jaidon Anthony,,,jaidon-anthony,J. Anthony,M,19,1999-12-01T00:00:00+00:00,177,,Right,England,EN,ENG,19400000,1909008000
50,Brentford,brentford,Brentford,BRE,England,EN,ENG,799251,Mathias Jensen,Mathias,Jensen,mathias-jensen,M. Jensen,M,8,1996-01-01T00:00:00+00:00,180,68,Both,Denmark,DK,DNK,10400000,1814313600
50,Brentford,brentford,Brentford,BRE,England,EN,ENG,814873,Vitaly Janelt,Vitaly,Janelt,vitaly-janelt,V. Janelt,M,27,1998-05-10T00:00:00+00:00,184,,Left,Germany,DE,DEU,16600000,1909008000
50,Brentford,brentford,Brentford,BRE,England,EN,ENG,856260,Josh Dasilva,Josh,Dasilva,josh-dasilva,J. Dasilva,M,10,1998-10-23T00:00:00+00:00,184,75,Left,England,EN,ENG,1500000,1814313600
50,Brentford,brentford,Brentford,BRE,England,EN,ENG,1471764,El Hadji Malick Diouf,El Hadji Malick Diouf,,diouf-el-hadji-malick,E. H. M. Diouf,D,25,2004-12-28T00:00:00+00:00,183,,Left,Senegal,SN,SEN,29000000,1940544000
50,Brentford,brentford,Brentford,BRE,England,EN,ENG,1137431,Michael Kayode,,,michael-kayode,M. Kayode,D,33,2004-07-10T00:00:00+00:00,179,,Right,Italy,IT,ITA,39000000,1972166400
50,Brentford,brentford,Brentford,BRE,England,EN,ENG,576384,Kristoffer Ajer,Kristoffer,Ajer,kristoffer-ajer,K. Ajer,D,20,1998-04-17T00:00:00+00:00,196,84,Right,Norway,NO,NOR,24000000,1909008000
50,Brentford,brentford,Brentford,BRE,England,EN,ENG,924378,Sepp van den Berg,,,sepp-van-den-berg,S. van den Berg,D,4,2001-12-20T00:00:00+00:00,192,,Right,Netherlands,NL,NLD,33000000,1877472000
50,Brentford,brentford,Brentford,BRE,England,EN,ENG,958916,Nathan Collins,Nathan,Collins,nathan-collins,N. Collins,D,22,2001-04-30T00:00:00+00:00,193,,Right,Ireland,IE,IRL,29000000,1877472000
50,Brentford,brentford,Brentford,BRE,England,EN,ENG,972421,Keane Lewis-Potter,,,keane-lewis-potter,K. Lewis-Potter,D,23,2001-02-22T00:00:00+00:00,170,,Right,England,EN,ENG,24000000,1940544000
50,Brentford,brentford,Brentford,BRE,England,EN,ENG,1185061,Kim Ji-Soo,Kim Ji-Soo,,kim-ji-soo,K. Ji-Soo,D,36,2004-12-24T00:00:00+00:00,192,,Both,South Korea,KR,KOR,1900000,1814313600
50,Brentford,brentford,Brentford,BRE,England,EN,ENG,1470532,Benjamin Fredrick,Benjamin Fredrick,,fredrick-benjamin,B. Fredrick,D,48,2005-05-28T00:00:00+00:00,187,,Right,Nigeria,NG,NGA,560000,1909008000
50,Brentford,brentford,Brentford,BRE,England,EN,ENG,966869,Aaron Hickey,Aaron,Hickey,aaron-hickey,A. Hickey,D,2,2002-06-10T00:00:00+00:00,185,,Both,Scotland,SX,SCO,16500000,1845936000
50,Brentford,brentford,Brentford,BRE,England,EN,ENG,599128,Rico Henry,Rico,Henry,rico-henry,R. Henry,D,3,1997-07-08T00:00:00+00:00,175,66,Left,Jamaica,JM,JAM,13800000,1814313600
50,Brentford,brentford,Brentford,BRE,England,EN,ENG,1474198,Jannik Schuster,Jannik Schuster,,schuster-jannik,J. Schuster,D,44,2006-05-16T00:00:00+00:00,190,,Right,Austria,AT,AUT,16500000,1940544000
50,Brentford,brentford,Brentford,BRE,England,EN,ENG,827362,Caoimhin Kelleher,Caoimhin,Kelleher,caoimhin-kelleher,C. Kelleher,G,1,1998-11-23T00:00:00+00:00,188,,Right,Ireland,IE,IRL,25000000,1909008000
50,Brentford,brentford,Brentford,BRE,England,EN,ENG,1005959,Hákon Rafn Valdimarsson,,,hakon-rafn-valdimarsson,H. R. Valdimarsson,G,12,2001-10-13T00:00:00+00:00,195,,Right,Iceland,IS,ISL,2600000,1909008000
50,Brentford,brentford,Brentford,BRE,England,EN,ENG,860205,Ellery Balcombe,Ellery,Balcombe,ellery-balcombe,E. Balcombe,G,31,1999-10-15T00:00:00+00:00,190,,Right,England,EN,ENG,410000,1877472000
30,Brighton & Hove Albion,brighton-and-hove-albion,Brighton,BHA,England,EN,ENG,999231,Evan Ferguson,,,evan-ferguson,E. Ferguson,F,28,2004-10-19T00:00:00+00:00,188,,Right,Ireland,IE,IRL,21000000,1877472000
30,Brighton & Hove Albion,brighton-and-hove-albion,Brighton,BHA,England,EN,ENG,1416535,Charalampos Kostoulas,Charalampos Kostoulas,,kostoulas-charalampos,C. Kostoulas,F,19,2007-05-30T00:00:00+00:00,185,,Right,Greece,GR,GRC,27000000,1909008000
30,Brighton & Hove Albion,brighton-and-hove-albion,Brighton,BHA,England,EN,ENG,1119328,Promise David,Promise David,,promise-david,P. David,F,12,2001-07-03T00:00:00+00:00,196,91,Both,Canada,CA,CAN,18100000,1814313600
30,Brighton & Hove Albion,brighton-and-hove-albion,Brighton,BHA,England,EN,ENG,2189496,Zadok Yohanna,Zadok Yohanna,,zadok-yohanna,Z. Yohanna,F,36,2007-06-29T00:00:00+00:00,184,,Left,Nigeria,NG,NGA,16500000,1940544000
30,Brighton & Hove Albion,brighton-and-hove-albion,Brighton,BHA,England,EN,ENG,1155321,Stefanos Tzimas,,,tzimas-stefanos,S. Tzimas,F,9,2006-01-06T00:00:00+00:00,184,78,Both,Greece,GR,GRC,18500000,1909008000
30,Brighton & Hove Albion,brighton-and-hove-albion,Brighton,BHA,England,EN,ENG,1899611,Nehemiah Oriola,Nehemiah Oriola,,nehemiah-oriola,N. Oriola,F,49,2007-06-11T00:00:00+00:00,183,,Right,England,EN,ENG,195000,1877472000
30,Brighton & Hove Albion,brighton-and-hove-albion,Brighton,BHA,England,EN,ENG,936849,Kaoru Mitoma,Kaoru,Mitoma,kaoru-mitoma,K. Mitoma,M,22,1997-05-20T00:00:00+00:00,178,71,Right,Japan,JP,JPN,20000000,1814313600
30,Brighton & Hove Albion,brighton-and-hove-albion,Brighton,BHA,England,EN,ENG,1065588,Diego Gómez,Diego Gomez,,diego-gomez,D. Gómez,M,25,2003-03-27T00:00:00+00:00,185,,Right,Paraguay,PY,PRY,27000000,1940544000
30,Brighton & Hove Albion,brighton-and-hove-albion,Brighton,BHA,England,EN,ENG,1036269,Yasin Ayari,,,yasin-ayari,Y. Ayari,M,26,2003-10-06T00:00:00+00:00,172,,Right,Sweden,SE,SWE,36000000,1814313600
30,Brighton & Hove Albion,brighton-and-hove-albion,Brighton,BHA,England,EN,ENG,1464641,Chema Andrés,Chema Andrés,,chema-andres,C. Andrés,M,14,2005-04-25T00:00:00+00:00,193,,Right,Spain,ES,ESP,19400000,1940544000
30,Brighton & Hove Albion,brighton-and-hove-albion,Brighton,BHA,England,EN,ENG,1400106,Yankuba Minteh,Yankuba,Minteh,yankuba-minteh,Y. Minteh,M,11,2004-07-22T00:00:00+00:00,180,,Left,Gambia,GM,GMB,42000000,1877472000
30,Brighton & Hove Albion,brighton-and-hove-albion,Brighton,BHA,England,EN,ENG,1568186,Malick Yalcouyé,Malick Yalcouyé,,malick-yalcouye,M. Yalcouyé,M,35,2005-11-18T00:00:00+00:00,171,,Right,Côte d'Ivoire,CI,CIV,12600000,1877472000
30,Brighton & Hove Albion,brighton-and-hove-albion,Brighton,BHA,England,EN,ENG,48480,Pascal Groß,,,pascal-gro,P. Groß,M,13,1991-06-15T00:00:00+00:00,181,,Right,Germany,DE,DEU,2300000,1814313600
30,Brighton & Hove Albion,brighton-and-hove-albion,Brighton,BHA,England,EN,ENG,891829,Matt O'Riley,Matt,O'Riley,matt-oriley,M. O'Riley,M,33,2000-11-21T00:00:00+00:00,187,,Left,Denmark,DK,DNK,16500000,1877472000
30,Brighton & Hove Albion,brighton-and-hove-albion,Brighton,BHA,England,EN,ENG,946695,Georginio Rutter,Georginio,Rutter,georginio-rutter,G. Rutter,M,10,2002-04-20T00:00:00+00:00,182,,Left,France,FR,FRA,31000000,1845936000
30,Brighton & Hove Albion,brighton-and-hove-albion,Brighton,BHA,England,EN,ENG,1142315,Jack Hinshelwood,Jack Hinshelwood,,jack-hinshelwood,J. Hinshelwood,M,8,2005-04-11T00:00:00+00:00,182,,Right,England,EN,ENG,27000000,1877472000
30,Brighton & Hove Albion,brighton-and-hove-albion,Brighton,BHA,England,EN,ENG,1471095,Ibrahim Osman,Ibrahim Osman,,osman-ibrahim,I. Osman,M,15,2004-11-29T00:00:00+00:00,177,,Right,Ghana,GH,GHA,7400000,1877472000
30,Brighton & Hove Albion,brighton-and-hove-albion,Brighton,BHA,England,EN,ENG,1007093,Femi Azeez,,,femi-azeez,F. Azeez,M,11,2001-06-05T00:00:00+00:00,181,,Left,Nigeria,NG,NGA,14500000,1909008000
30,Brighton & Hove Albion,brighton-and-hove-albion,Brighton,BHA,England,EN,ENG,1899618,Shane Nti,Shane Nti,,shane-nti,S. Nti,M,50,2007-03-10T00:00:00+00:00,182,,,England,EN,ENG,,
30,Brighton & Hove Albion,brighton-and-hove-albion,Brighton,BHA,England,EN,ENG,825844,Ferdi Kadıoğlu,Ferdi,Kadioglu,ferdi-kadioglu,F. Kadıoğlu,D,24,1999-10-07T00:00:00+00:00,174,64,Right,Türkiye,TR,TUR,36000000,1845936000
30,Brighton & Hove Albion,brighton-and-hove-albion,Brighton,BHA,England,EN,ENG,1405212,Luka Vušković,,,luka-vuskovic,L. Vušković,D,44,2007-02-24T00:00:00+00:00,193,,Right,Croatia,HR,HRV,64000000,1940544000
30,Brighton & Hove Albion,brighton-and-hove-albion,Brighton,BHA,England,EN,ENG,1049534,Jaouen Hadjam,Jaouen Hadjam,,jaouen-hadjam,J. Hadjam,D,3,2003-03-26T00:00:00+00:00,184,,Left,Algeria,DZ,DZA,6600000,1940544000
30,Brighton & Hove Albion,brighton-and-hove-albion,Brighton,BHA,England,EN,ENG,997152,Maxim De Cuyper,,,maxim-de-cuyper,M. De Cuyper,D,29,2000-12-22T00:00:00+00:00,183,,Left,Belgium,BE,BEL,21000000,1909008000
30,Brighton & Hove Albion,brighton-and-hove-albion,Brighton,BHA,England,EN,ENG,959628,Mats Wieffer,Mats,Wieffer,mats-wieffer,M. Wieffer,D,27,1999-11-16T00:00:00+00:00,188,,Right,Netherlands,NL,NLD,24000000,1877472000
30,Brighton & Hove Albion,brighton-and-hove-albion,Brighton,BHA,England,EN,ENG,115365,Lewis Dunk,Lewis,Dunk,lewis-dunk,L. Dunk,D,5,1991-11-21T00:00:00+00:00,190,77,Right,England,EN,ENG,3600000,1814313600
30,Brighton & Hove Albion,brighton-and-hove-albion,Brighton,BHA,England,EN,ENG,836675,Pascal Struijk,Pascal,Struijk,pascal-struijk,P. Struijk,D,4,1999-08-11T00:00:00+00:00,190,,Left,Netherlands,NL,NLD,23000000,1940544000
30,Brighton & Hove Albion,brighton-and-hove-albion,Brighton,BHA,England,EN,ENG,788784,Olivier Boscagli,Olivier,Boscagli,olivier-boscagli,O. Boscagli,D,21,1997-11-18T00:00:00+00:00,181,68,Left,France,FR,FRA,13900000,1909008000
30,Brighton & Hove Albion,brighton-and-hove-albion,Brighton,BHA,England,EN,ENG,988333,Costinha,,,costinha,Costinha,D,20,2000-03-26T00:00:00+00:00,181,,Right,Portugal,PT,PRT,6400000,1940544000
30,Brighton & Hove Albion,brighton-and-hove-albion,Brighton,BHA,England,EN,ENG,888340,Michael Svoboda,Michael,Svoboda,michael-svoboda,M. Svoboda,D,30,1998-10-15T00:00:00+00:00,195,,Right,Austria,AT,AUT,3400000,1909008000
30,Brighton & Hove Albion,brighton-and-hove-albion,Brighton,BHA,England,EN,ENG,994363,Bart Verbruggen,,,bart-verbruggen,B. Verbruggen,G,1,2002-08-18T00:00:00+00:00,193,,Right,Netherlands,NL,NLD,37000000,1845936000
30,Brighton & Hove Albion,brighton-and-hove-albion,Brighton,BHA,England,EN,ENG,31867,Jason Steele,,,jason-steele,J. Steele,G,23,1990-08-18T00:00:00+00:00,188,79,Right,England,EN,ENG,480000,1814313600
30,Brighton & Hove Albion,brighton-and-hove-albion,Brighton,BHA,England,EN,ENG,1007073,Tom McGill,,,tom-mcgill,T. McGill,G,38,2000-03-25T00:00:00+00:00,185,80,Right,Canada,CA,CAN,515000,1814313600
38,Chelsea,chelsea,Chelsea,CHE,England,EN,ENG,975079,João Pedro,,,joao-pedro,J. Pedro,F,9,2001-09-26T00:00:00+00:00,186,,Right,Brazil,BR,BRA,74000000,2035238400
38,Chelsea,chelsea,Chelsea,CHE,England,EN,ENG,1048333,Emmanuel Emegha,,,emanuel-emegha,E. Emegha,F,22,2003-02-03T00:00:00+00:00,195,,Right,Netherlands,NL,NLD,26000000,2003702400
38,Chelsea,chelsea,Chelsea,CHE,England,EN,ENG,33902,Danny Welbeck,,,danny-welbeck,D. Welbeck,F,18,1990-11-26T00:00:00+00:00,185,73,Right,England,EN,ENG,3100000,1845936000
38,Chelsea,chelsea,Chelsea,CHE,England,EN,ENG,982780,Cole Palmer,,,cole-palmer,C. Palmer,M,10,2002-05-06T00:00:00+00:00,185,,Left,England,EN,ENG,92000000,2003702400
38,Chelsea,chelsea,Chelsea,CHE,England,EN,ENG,1597265,Estêvão,Estêvão,,estevao,Estêvão,M,41,2007-04-24T00:00:00+00:00,176,,Left,Brazil,BR,BRA,82000000,2003702400
38,Chelsea,chelsea,Chelsea,CHE,England,EN,ENG,987650,Moisés Caicedo,Moises,Caicedo,moises-caicedo,M. Caicedo,M,25,2001-11-02T00:00:00+00:00,178,,Right,Ecuador,EC,ECU,104000000,2003702400
38,Chelsea,chelsea,Chelsea,CHE,England,EN,ENG,879349,Pedro Neto,Pedro,Neto,pedro-neto,P. Neto,M,7,2000-03-09T00:00:00+00:00,172,62,Left,Portugal,PT,PRT,58000000,1940544000
38,Chelsea,chelsea,Chelsea,CHE,England,EN,ENG,948261,Morgan Rogers,,,morgan-rogers,M. Rogers,M,17,2002-07-26T00:00:00+00:00,187,,Right,England,EN,ENG,105000000,2003702400
38,Chelsea,chelsea,Chelsea,CHE,England,EN,ENG,1127057,Valentín Barco,Valentín Barco,,valentin-barco,V. Barco,M,4,2004-07-23T00:00:00+00:00,172,,Left,Argentina,AR,ARG,44000000,2003702400
38,Chelsea,chelsea,Chelsea,CHE,England,EN,ENG,1464025,Kendry Páez,,,kendry-paez,K. Páez,M,19,2007-05-04T00:00:00+00:00,177,,Left,Ecuador,EC,ECU,8300000,2003702400
38,Chelsea,chelsea,Chelsea,CHE,England,EN,ENG,1140599,Jamie Gittens,,,jamie-bynoe-gittens,J. Gittens,M,11,2004-08-08T00:00:00+00:00,178,,Right,England,EN,ENG,29000000,1972166400
38,Chelsea,chelsea,Chelsea,CHE,England,EN,ENG,1069488,Roméo Lavia,Romeo Lavia,,romeo-lavia,R. Lavia,M,45,2004-01-06T00:00:00+00:00,181,,Right,Belgium,BE,BEL,21000000,1909008000
38,Chelsea,chelsea,Chelsea,CHE,England,EN,ENG,1403165,Geovany Quenda,Geovany,Quenda,geovany-quenda,G. Quenda,M,23,2007-04-30T00:00:00+00:00,172,,Left,Portugal,PT,PRT,45000000,2035238400
38,Chelsea,chelsea,Chelsea,CHE,England,EN,ENG,1397736,Marco Palestra,,,palestra-marco,M. Palestra,M,2,2005-03-03T00:00:00+00:00,186,,Right,Italy,IT,ITA,36000000,2003702400
38,Chelsea,chelsea,Chelsea,CHE,England,EN,ENG,42694,Jordan Henderson,,,jordan-henderson,J. Henderson,M,,1990-06-17T00:00:00+00:00,183,67,Right,England,EN,ENG,1300000,1845936000
38,Chelsea,chelsea,Chelsea,CHE,England,EN,ENG,885908,Reece James,Reece,James,reece-james,R. James,D,24,1999-12-08T00:00:00+00:00,180,,Right,England,EN,ENG,63000000,1972166400
38,Chelsea,chelsea,Chelsea,CHE,England,EN,ENG,996958,Malo Gusto,,,gusto-malo,M. Gusto,D,27,2003-05-19T00:00:00+00:00,179,,Right,France,FR,FRA,36000000,1909008000
38,Chelsea,chelsea,Chelsea,CHE,England,EN,ENG,996911,Levi Colwill,,,levi-colwill,L. Colwill,D,6,2003-02-26T00:00:00+00:00,187,,Left,England,EN,ENG,55000000,1877472000
38,Chelsea,chelsea,Chelsea,CHE,England,EN,ENG,879674,Maxence Lacroix,Maxence,Lacroix,maxence-lacroix,M. Lacroix,D,5,2000-04-06T00:00:00+00:00,192,,Right,France,FR,FRA,54000000,1972166400
38,Chelsea,chelsea,Chelsea,CHE,England,EN,ENG,1153079,Jorrel Hato,,,jorrel-hato,J. Hato,D,21,2006-03-07T00:00:00+00:00,182,,Left,Netherlands,NL,NLD,41000000,1972166400
38,Chelsea,chelsea,Chelsea,CHE,England,EN,ENG,923894,Wesley Fofana,,,wesley-fofana,W. Fofana,D,3,2000-12-17T00:00:00+00:00,186,,Right,France,FR,FRA,29000000,1877472000
38,Chelsea,chelsea,Chelsea,CHE,England,EN,ENG,1403050,Josh Acheampong,Josh Acheampong,,josh-acheampong,J. Acheampong,D,34,2006-05-05T00:00:00+00:00,190,79,Right,England,EN,ENG,24000000,1877472000
38,Chelsea,chelsea,Chelsea,CHE,England,EN,ENG,1500263,Aarón Anselmino,Aaron,Anselmino,anselmino-aaron,A. Anselmino,D,30,2005-04-29T00:00:00+00:00,186,,Right,Argentina,AR,ARG,10600000,1940544000
38,Chelsea,chelsea,Chelsea,CHE,England,EN,ENG,1010421,Pep Chavarría,,,josep-chavarria,P. Chavarría,D,29,1998-04-10T00:00:00+00:00,174,,Left,Spain,ES,ESP,9700000,1940544000
38,Chelsea,chelsea,Chelsea,CHE,England,EN,ENG,158263,Emiliano Martínez,,,emiliano-martinez,E. Martínez,G,1,1992-09-02T00:00:00+00:00,195,89,Right,Argentina,AR,ARG,11500000,1877472000
38,Chelsea,chelsea,Chelsea,CHE,England,EN,ENG,1149148,Mike Penders,Mike Penders,,mike-penders,M. Penders,G,39,2005-07-31T00:00:00+00:00,199,,Left,Belgium,BE,BEL,24000000,1972166400
38,Chelsea,chelsea,Chelsea,CHE,England,EN,ENG,978787,Gabriel Słonina,,,gabriel-slonina,G. Słonina,G,44,2004-05-15T00:00:00+00:00,193,,Right,USA,US,USA,3300000,1845936000
38,Chelsea,chelsea,Chelsea,CHE,England,EN,ENG,1009762,Teddy Sharman-Lowe,,,teddy-sharman-lowe,T. Sharman-Lowe,G,28,2003-03-30T00:00:00+00:00,194,,Right,England,EN,ENG,465000,1845936000
11,Coventry City,coventry-city,Coventry,COC,England,EN,ENG,1514916,Sidiki Cherif,,,sidiki-cherif,S. Cherif,F,49,2006-12-15T00:00:00+00:00,188,,Right,Guinea,GN,GIN,16900000,
11,Coventry City,coventry-city,Coventry,COC,England,EN,ENG,846061,Brandon Thomas-Asante,Brandon,Thomas-Asante,brandon-thomas-asante,B. Thomas-Asante,F,23,1998-12-29T00:00:00+00:00,180,,Right,Ghana,GH,GHA,16500000,1845936000
11,Coventry City,coventry-city,Coventry,COC,England,EN,ENG,359664,Taiwo Awoniyi,Taiwo,Awoniyi,taiwo-awoniyi,T. Awoniyi,F,14,1997-08-12T00:00:00+00:00,183,74,Right,Nigeria,NG,NGA,7600000,
11,Coventry City,coventry-city,Coventry,COC,England,EN,ENG,818391,Haji Wright,Haji,Wright,haji-wright,H. Wright,F,11,1998-03-27T00:00:00+00:00,193,80,Right,USA,US,USA,16600000,1814313600
11,Coventry City,coventry-city,Coventry,COC,England,EN,ENG,911851,Yann Gboho,Yann,Gboho,yann-gboho,Y. Gboho,F,10,2001-01-14T00:00:00+00:00,173,,Right,France,FR,FRA,16600000,
11,Coventry City,coventry-city,Coventry,COC,England,EN,ENG,991614,Ellis Simms,,,ellis-simms,E. Simms,F,9,2001-01-05T00:00:00+00:00,190,,Right,England,EN,ENG,11500000,1814313600
11,Coventry City,coventry-city,Coventry,COC,England,EN,ENG,1986794,Caleb Yirenkyi,,,caleb-yirenkyi,C. Yirenkyi,M,8,2006-01-15T00:00:00+00:00,182,,Right,Ghana,GH,GHA,18700000,
11,Coventry City,coventry-city,Coventry,COC,England,EN,ENG,885864,Frank Onyeka,Frank,Onyeka,frank-onyeka,F. Onyeka,M,16,1998-01-01T00:00:00+00:00,183,,Right,Nigeria,NG,NGA,7700000,1909008000
11,Coventry City,coventry-city,Coventry,COC,England,EN,ENG,1004505,Loum Tchaouna,,,loum-tchaouna,L. Tchaouna,M,18,2003-09-08T00:00:00+00:00,180,,Left,France,FR,FRA,13800000,1940544000
11,Coventry City,coventry-city,Coventry,COC,England,EN,ENG,978927,Tatsuhiro Sakamoto,Tatsuhiro,Sakamoto,tatsuhiro-sakamoto,T. Sakamoto,M,7,1996-10-22T00:00:00+00:00,170,,Left,Japan,JP,JPN,4300000,1814313600
11,Coventry City,coventry-city,Coventry,COC,England,EN,ENG,861315,Ephron Mason-Clark,Ephron,Mason-Clark,ephron-mason-clark,M. Ephron,M,10,1999-08-25T00:00:00+00:00,178,,Right,Jamaica,JM,JAM,17200000,1845936000
11,Coventry City,coventry-city,Coventry,COC,England,EN,ENG,837495,Gustavo Hamer,,,gustavo-hamer,G. Hamer,M,38,1997-06-24T00:00:00+00:00,169,,Right,Netherlands,NL,NLD,14700000,
11,Coventry City,coventry-city,Coventry,COC,England,EN,ENG,979565,Jack Rudoni,,,jack-rudoni,J. Rudoni,M,5,2001-06-14T00:00:00+00:00,185,,Left,England,EN,ENG,21000000,1845936000
11,Coventry City,coventry-city,Coventry,COC,England,EN,ENG,837011,Victor Torp,Victor,Torp,victor-torp,V. Torp,M,29,1999-07-30T00:00:00+00:00,178,,Right,Denmark,DK,DNK,14500000,
11,Coventry City,coventry-city,Coventry,COC,England,EN,ENG,340713,Matt Grimes,Matt,Grimes,matt-grimes,M. Grimes,M,6,1995-07-15T00:00:00+00:00,178,70,Left,England,EN,ENG,5200000,1845936000
11,Coventry City,coventry-city,Coventry,COC,England,EN,ENG,944245,Josh Eccles,,,josh-eccles,J. Eccles,M,28,2000-04-06T00:00:00+00:00,181,,Right,England,EN,ENG,9600000,1845936000
11,Coventry City,coventry-city,Coventry,COC,England,EN,ENG,2578092,Harri Laidler,,,laidler-harri,H. Laidler,M,,2008-10-16T00:00:00+00:00,,,,Wales,WA,WAL,,
11,Coventry City,coventry-city,Coventry,COC,England,EN,ENG,1402791,Stephen Mfuni,Stephen Mfuni,,stephen-mfuni,S. Mfuni,D,91,2008-02-12T00:00:00+00:00,193,,Left,England,EN,ENG,1400000,1814313600
11,Coventry City,coventry-city,Coventry,COC,England,EN,ENG,855864,Ethan Pinnock,Ethan,Pinnock,ethan-pinnock,E. Pinnock,D,2,1993-05-29T00:00:00+00:00,194,,Left,Jamaica,JM,JAM,2800000,
11,Coventry City,coventry-city,Coventry,COC,England,EN,ENG,948723,Milan van Ewijk,,,milan-van-ewijk,M. v. Ewijk,D,27,2000-09-08T00:00:00+00:00,175,,Right,Netherlands,NL,NLD,23000000,1814313600
11,Coventry City,coventry-city,Coventry,COC,England,EN,ENG,999276,Aurèle Amenda,,,aurele-amenda,A. Amenda,D,24,2003-07-31T00:00:00+00:00,194,,Right,Switzerland,CH,CHE,10300000,
11,Coventry City,coventry-city,Coventry,COC,England,EN,ENG,1033352,Bobby Thomas,Bobby,Thomas,bobby-thomas,B. Thomas,D,4,2001-01-30T00:00:00+00:00,186,,Right,England,EN,ENG,16500000,1877472000
11,Coventry City,coventry-city,Coventry,COC,England,EN,ENG,859763,Joel Latibeaudiere,Joel,Latibeaudiere,joel-latibeaudiere,J. Latibeaudiere,D,22,2000-01-06T00:00:00+00:00,180,,Right,Jamaica,JM,JAM,3300000,1814313600
11,Coventry City,coventry-city,Coventry,COC,England,EN,ENG,1099074,Kaine Kesler-Hayden,,,kaine-hayden,K. Kesler-Hayden,D,20,2002-10-23T00:00:00+00:00,175,,Right,England,EN,ENG,3200000,1877472000
11,Coventry City,coventry-city,Coventry,COC,England,EN,ENG,791985,Jay DaSilva,Jay,DaSilva,jay-dasilva,J. DaSilva,D,3,1998-04-22T00:00:00+00:00,170,,Left,Wales,WA,WAL,8700000,1814313600
11,Coventry City,coventry-city,Coventry,COC,England,EN,ENG,893478,Luke Woolfenden,Luke,Woolfenden,luke-woolfenden,L. Woolfenden,D,26,1998-10-21T00:00:00+00:00,193,70,Right,England,EN,ENG,2100000,1845936000
11,Coventry City,coventry-city,Coventry,COC,England,EN,ENG,103115,Jake Bidwell,Jake,Bidwell,jake-bidwell,J. Bidwell,D,40,1993-03-21T00:00:00+00:00,183,70,Left,England,EN,ENG,580000,1814313600
11,Coventry City,coventry-city,Coventry,COC,England,EN,ENG,1005800,Carl Rushworth,,,carl-rushworth,C. Rushworth,G,19,2001-07-02T00:00:00+00:00,191,,Left,England,EN,ENG,15500000,
11,Coventry City,coventry-city,Coventry,COC,England,EN,ENG,101367,Daniel Bentley,Daniel,Bentley,daniel-bentley,D. Bentley,G,25,1993-07-13T00:00:00+00:00,188,72,Right,England,EN,ENG,730000,1845936000
11,Coventry City,coventry-city,Coventry,COC,England,EN,ENG,216590,Ben Wilson,Ben,Wilson,ben-wilson,B. Wilson,G,13,1992-08-09T00:00:00+00:00,186,74,Right,England,EN,ENG,290000,1814313600
7,Crystal Palace,crystal-palace,Crystal Palace,CRY,England,EN,ENG,845286,Ismaïla Sarr,Ismaila,Sarr,ismaila-sarr,I. Sarr,F,7,1998-02-25T00:00:00+00:00,185,70,Right,Senegal,SN,SEN,43000000,1877472000
7,Crystal Palace,crystal-palace,Crystal Palace,CRY,England,EN,ENG,848276,Jean-Philippe Mateta,Jean Philippe,Mateta,jean-philippe-mateta,J. Mateta,F,14,1997-06-28T00:00:00+00:00,192,84,Right,France,FR,FRA,29000000,1814313600
7,Crystal Palace,crystal-palace,Crystal Palace,CRY,England,EN,ENG,984624,Yéremy Pino,,,yeremy-pino,Y. Pino,F,10,2002-10-20T00:00:00+00:00,172,,Right,Spain,ES,ESP,27000000,1909008000
7,Crystal Palace,crystal-palace,Crystal Palace,CRY,England,EN,ENG,876599,Jørgen Strand Larsen,Jorgen Strand,Larsen,jorgen-strand-larsen,J. Larsen,F,22,2000-02-06T00:00:00+00:00,193,79,Right,Norway,NO,NOR,41000000,1909008000
7,Crystal Palace,crystal-palace,Crystal Palace,CRY,England,EN,ENG,858194,Eddie Nketiah,Eddie,Nketiah,eddie-nketiah,E. Nketiah,F,9,1999-05-30T00:00:00+00:00,175,,Right,England,EN,ENG,10300000,1877472000
7,Crystal Palace,crystal-palace,Crystal Palace,CRY,England,EN,ENG,930245,Evann Guessand,Evann,Guessand,evann-guessand,E. Guessand,F,29,2001-07-01T00:00:00+00:00,185,,Right,Côte d'Ivoire,CI,CIV,24000000,1814313600
7,Crystal Palace,crystal-palace,Crystal Palace,CRY,England,EN,ENG,1106824,Darío Osorio,Darío Osorio,,dario-osorio,D. Osorio,M,24,2004-01-24T00:00:00+00:00,182,,Left,Chile,CL,CHL,14600000,1814313600
7,Crystal Palace,crystal-palace,Crystal Palace,CRY,England,EN,ENG,959805,Quinten Timber,Quinten,Timber,quinten-timber,Q. Timber,M,23,2001-06-17T00:00:00+00:00,177,,Right,Netherlands,NL,NLD,24000000,1940544000
7,Crystal Palace,crystal-palace,Crystal Palace,CRY,England,EN,ENG,794338,Daichi Kamada,Daichi,Kamada,daichi-kamada,D. Kamada,M,18,1996-08-05T00:00:00+00:00,184,72,Right,Japan,JP,JPN,10300000,1814313600
7,Crystal Palace,crystal-palace,Crystal Palace,CRY,England,EN,ENG,1109771,Adam Wharton,,,adam-wharton,A. Wharton,M,20,2004-02-06T00:00:00+00:00,182,,Left,England,EN,ENG,74000000,1877472000
7,Crystal Palace,crystal-palace,Crystal Palace,CRY,England,EN,ENG,355796,Jefferson Lerma,Jefferson,Lerma,jefferson-lerma,J. Lerma,M,8,1994-10-25T00:00:00+00:00,179,70,Right,Colombia,CO,COL,5500000,1814313600
7,Crystal Palace,crystal-palace,Crystal Palace,CRY,England,EN,ENG,859773,Óscar Mingueza,Oscar,Mingueza,oscar-mingueza,Ó. Mingueza,M,30,1999-05-13T00:00:00+00:00,184,,Right,Spain,ES,ESP,18700000,1909008000
7,Crystal Palace,crystal-palace,Crystal Palace,CRY,England,EN,ENG,1403362,Anan Khalaili,Anan,Khalaili,anan-khalaili,A. Khalaili,M,25,2004-09-03T00:00:00+00:00,183,,Right,Israel,IL,ISR,24000000,1940544000
7,Crystal Palace,crystal-palace,Crystal Palace,CRY,England,EN,ENG,935543,Dwight McNeil,Dwight,McNeil,dwight-mcneil,D. McNeil,M,11,1999-11-22T00:00:00+00:00,183,,Left,England,EN,ENG,18800000,1909008000
7,Crystal Palace,crystal-palace,Crystal Palace,CRY,England,EN,ENG,988275,Tyrick Mitchell,,,tyrick-mitchell,T. Mitchell,M,3,1999-09-01T00:00:00+00:00,174,,Left,England,EN,ENG,23000000,1814313600
7,Crystal Palace,crystal-palace,Crystal Palace,CRY,England,EN,ENG,906047,Cheick Doucouré,Cheick Oumar,Doucoure,cheick-doucoure,C. Doucouré,M,28,2000-01-08T00:00:00+00:00,181,73,Right,Mali,ML,MLI,10600000,1877472000
7,Crystal Palace,crystal-palace,Crystal Palace,CRY,England,EN,ENG,193554,Will Hughes,Will,Hughes,will-hughes,W. Hughes,M,19,1995-04-17T00:00:00+00:00,185,74,Left,England,EN,ENG,4600000,1814313600
7,Crystal Palace,crystal-palace,Crystal Palace,CRY,England,EN,ENG,1578999,Zavier Gozo,Zavier,Gozo,zavier-gozo,Z. Gozo,M,12,2007-03-22T00:00:00+00:00,180,,Right,USA,US,USA,6400000,1940544000
7,Crystal Palace,crystal-palace,Crystal Palace,CRY,England,EN,ENG,1064218,Chadi Riad,,,chadi-riad,C. Riad,D,4,2003-03-17T00:00:00+00:00,186,,Left,Morocco,MA,MAR,19400000,1877472000
7,Crystal Palace,crystal-palace,Crystal Palace,CRY,England,EN,ENG,804434,Takehiro Tomiyasu,Takehiro,Tomiyasu,takehiro-tomiyasu,T. Tomiyasu,D,17,1998-11-05T00:00:00+00:00,188,70,Right,Japan,JP,JPN,5400000,
7,Crystal Palace,crystal-palace,Crystal Palace,CRY,England,EN,ENG,827243,Axel Disasi,Axel,Disasi,axel-disasi,A. Disasi,D,5,1998-03-11T00:00:00+00:00,190,,Right,France,FR,FRA,15500000,1811721600
7,Crystal Palace,crystal-palace,Crystal Palace,CRY,England,EN,ENG,802695,Ben Chilwell,Ben,Chilwell,ben-chilwell,B. Chilwell,D,33,1996-12-21T00:00:00+00:00,181,71,Left,England,EN,ENG,9200000,
7,Crystal Palace,crystal-palace,Crystal Palace,CRY,England,EN,ENG,1634980,Honest Ahanor,,,honest-ahanor,H. Ahanor,D,69,2008-02-23T00:00:00+00:00,184,,Left,Italy,IT,ITA,31000000,1814313600
7,Crystal Palace,crystal-palace,Crystal Palace,CRY,England,EN,ENG,931844,Chris Richards,,,chris-richards,C. Richards,D,26,2000-03-28T00:00:00+00:00,188,,Right,USA,US,USA,25000000,1814313600
7,Crystal Palace,crystal-palace,Crystal Palace,CRY,England,EN,ENG,1471671,Jaydee Canvot,Jaydee Canvot,,jaydee-canvot,J. Canvot,D,6,2006-07-29T00:00:00+00:00,188,,Right,France,FR,FRA,25000000,1877472000
7,Crystal Palace,crystal-palace,Crystal Palace,CRY,England,EN,ENG,788134,Dean Henderson,Dean,Henderson,dean-henderson,D. Henderson,G,1,1997-03-12T00:00:00+00:00,188,85,Right,England,EN,ENG,29000000,1845936000
7,Crystal Palace,crystal-palace,Crystal Palace,CRY,England,EN,ENG,249859,Walter Benítez,,,walter-benitez,W. Benítez,G,44,1993-01-19T00:00:00+00:00,193,81,Right,Argentina,AR,ARG,3700000,1845936000
7,Crystal Palace,crystal-palace,Crystal Palace,CRY,England,EN,ENG,581610,Remi Matthews,Remi,Matthews,remi-matthews,R. Matthews,G,31,1994-02-10T00:00:00+00:00,184,78,Right,England,EN,ENG,220000,1814313600
48,Everton,everton,Everton,EVE,England,EN,ENG,1403061,Tyrique George,Tyrique George,,tyrique-george,T. George,F,19,2006-02-04T00:00:00+00:00,181,,Right,England,EN,ENG,21000000,1909008000
48,Everton,everton,Everton,EVE,England,EN,ENG,1085180,Brennan Johnson,Brennan,Johnson,brennan-johnson,B. Johnson,F,22,2001-05-23T00:00:00+00:00,186,,Right,Wales,WA,WAL,32000000,1909008000
48,Everton,everton,Everton,EVE,England,EN,ENG,1395746,Thierno Barry,,,thierno-barry,T. Barry,F,11,2002-10-21T00:00:00+00:00,195,,Right,France,FR,FRA,31000000,1877472000
48,Everton,everton,Everton,EVE,England,EN,ENG,1481988,Braiden Graham,,,braiden-graham,B. Graham,F,58,2007-11-07T00:00:00+00:00,175,,Right,Northern Ireland,NX,NIR,205000,1814313600
48,Everton,everton,Everton,EVE,England,EN,ENG,189061,Jack Grealish,Jack,Grealish,jack-grealish,J. Grealish,M,10,1995-09-10T00:00:00+00:00,180,68,Right,England,EN,ENG,21000000,1814313600
48,Everton,everton,Everton,EVE,England,EN,ENG,135256,Christian Nørgaard,,,christian-nrgaard,C. Nørgaard,M,23,1994-03-10T00:00:00+00:00,185,76,Right,Denmark,DK,DNK,4800000,1845936000
48,Everton,everton,Everton,EVE,England,EN,ENG,861970,Kiernan Dewsbury-Hall,Kiernan,Dewsbury-Hall,kiernan-dewsbury-hall,K. Dewsbury-Hall,M,8,1998-09-06T00:00:00+00:00,178,,Left,England,EN,ENG,38000000,1909008000
48,Everton,everton,Everton,EVE,England,EN,ENG,1017392,Carlos Alcaraz,,,carlos-alcaraz,C. Alcaraz,M,24,2002-11-30T00:00:00+00:00,183,68,Right,Argentina,AR,ARG,14600000,1814313600
48,Everton,everton,Everton,EVE,England,EN,ENG,927361,James Garner,James,Garner,james-garner,J. Garner,M,37,2001-03-13T00:00:00+00:00,182,,Right,England,EN,ENG,48000000,1909008000
48,Everton,everton,Everton,EVE,England,EN,ENG,1174472,Tyler Dibling,Tyler,Dibling,tyler-dibling,T. Dibling,M,20,2006-02-17T00:00:00+00:00,178,,Left,England,EN,ENG,15700000,1877472000
48,Everton,everton,Everton,EVE,England,EN,ENG,1008471,Hayden Hackney,Hayden,Hackney,hayden-hackney,H. Hackney,M,30,2002-06-26T00:00:00+00:00,178,,Right,England,EN,ENG,35000000,1940544000
48,Everton,everton,Everton,EVE,England,EN,ENG,1064082,Merlin Röhl,,,merlin-rohl,M. Röhl,M,34,2002-07-05T00:00:00+00:00,191,,Both,Germany,DE,DEU,14700000,1877472000
48,Everton,everton,Everton,EVE,England,EN,ENG,1627560,Harrison Armstrong,,,harrison-armstrong,H. Armstrong,M,45,2007-01-19T00:00:00+00:00,185,,Right,England,EN,ENG,12400000,1845936000
48,Everton,everton,Everton,EVE,England,EN,ENG,876643,Vitaliy Mykolenko,Vitaliy,Mykolenko,vitaliy-mykolenko,V. Mykolenko,D,16,1999-05-29T00:00:00+00:00,180,71,Left,Ukraine,UA,UKR,26000000,1877472000
48,Everton,everton,Everton,EVE,England,EN,ENG,979563,Jarrad Branthwaite,,,jarrad-branthwaite,J. Branthwaite,D,4,2002-06-27T00:00:00+00:00,195,,Left,England,EN,ENG,41000000,1909008000
48,Everton,everton,Everton,EVE,England,EN,ENG,145188,James Tarkowski,James,Tarkowski,james-tarkovsky,J. Tarkowski,D,6,1992-11-19T00:00:00+00:00,185,,Right,England,EN,ENG,5200000,1845936000
48,Everton,everton,Everton,EVE,England,EN,ENG,352768,Ainsley Maitland-Niles,Ainsley,Maitland-Niles,ainsley-maitland-niles,A. Maitland-Niles,D,2,1997-08-29T00:00:00+00:00,178,71,Right,England,EN,ENG,10900000,
48,Everton,everton,Everton,EVE,England,EN,ENG,998253,Jake O'Brien,Jake,O'Brien,jake-obrien,J. O'Brien,D,15,2001-05-15T00:00:00+00:00,197,,Right,Ireland,IE,IRL,16500000,1845936000
48,Everton,everton,Everton,EVE,England,EN,ENG,110846,Michael Keane,Michael,Keane,michael-keane,M. Keane,D,5,1993-01-11T00:00:00+00:00,188,82,Right,England,EN,ENG,2800000,1814313600
48,Everton,everton,Everton,EVE,England,EN,ENG,138530,Jordan Pickford,Jordan,Pickford,jordan-pickford,J. Pickford,G,1,1994-03-07T00:00:00+00:00,185,77,Left,England,EN,ENG,13900000,1877472000
48,Everton,everton,Everton,EVE,England,EN,ENG,856720,Mark Travers,Mark,Travers,mark-travers,M. Travers,G,12,1999-05-18T00:00:00+00:00,191,,Right,Ireland,IE,IRL,2800000,1877472000
48,Everton,everton,Everton,EVE,England,EN,ENG,603922,Tom King,Tom,King,tom-king,T. King,G,31,1995-03-09T00:00:00+00:00,186,80,Right,Wales,WA,WAL,96000,1814313600
48,Everton,everton,Everton,EVE,England,EN,ENG,1651828,George Pickford,George,Pickford,george-pickford,G. Pickford,G,50,2007-02-05T00:00:00+00:00,188,,Right,England,EN,ENG,,1845936000
43,Fulham,fulham,Fulham,FUL,England,EN,ENG,1402716,Gonzalo García,Gonzalo García,,gonzalo-garcia,G. García,F,7,2004-03-24T00:00:00+00:00,182,,Right,Spain,ES,ESP,31000000,1940544000
43,Fulham,fulham,Fulham,FUL,England,EN,ENG,1015256,Rodrigo Muniz,,,rodrigo-muniz,R. Muniz,F,9,2001-05-04T00:00:00+00:00,184,67,Right,Brazil,BR,BRA,22000000,1909008000
43,Fulham,fulham,Fulham,FUL,England,EN,ENG,1503757,Jonah Kusi-Asare,,,jonah-kusi-asare,J. Kusi-Asare,F,18,2007-07-04T00:00:00+00:00,196,,Both,Sweden,SE,SWE,3300000,1940544000
43,Fulham,fulham,Fulham,FUL,England,EN,ENG,1065216,Oscar Bobb,Oscar Bobb,,oscar-bobb,O. Bobb,M,14,2003-07-12T00:00:00+00:00,174,,Left,Norway,NO,NOR,27000000,1940544000
43,Fulham,fulham,Fulham,FUL,England,EN,ENG,1402688,César Palacios,César Palacios,,cesar-palacios,C. Palacios,M,8,2004-11-11T00:00:00+00:00,181,,Right,Spain,ES,ESP,6800000,1940544000
43,Fulham,fulham,Fulham,FUL,England,EN,ENG,1142683,Manuel Ángel Morán,,,manuel-angel-moran,M. Á. Morán,M,20,2004-03-15T00:00:00+00:00,168,,Right,Spain,ES,ESP,4600000,1877472000
43,Fulham,fulham,Fulham,FUL,England,EN,ENG,352770,Alex Iwobi,Alex,Iwobi,alex-iwobi,A. Iwobi,M,17,1996-05-03T00:00:00+00:00,183,75,Right,Nigeria,NG,NGA,21000000,1845936000
43,Fulham,fulham,Fulham,FUL,England,EN,ENG,867445,Emile Smith Rowe,Emile,Smith Rowe,emile-smith-rowe,E. Smith Rowe,M,32,2000-07-28T00:00:00+00:00,182,,Right,England,EN,ENG,18300000,1877472000
43,Fulham,fulham,Fulham,FUL,England,EN,ENG,1112879,Kevin,Kevin,,kevin,Kevin,M,11,2003-01-04T00:00:00+00:00,176,,Right,Brazil,BR,BRA,26000000,1909008000
43,Fulham,fulham,Fulham,FUL,England,EN,ENG,793167,Sander Berge,Sander,Berge,sander-berge,S. Berge,M,16,1998-02-14T00:00:00+00:00,195,88,Right,Norway,NO,NOR,26000000,1877472000
43,Fulham,fulham,Fulham,FUL,England,EN,ENG,1546231,Joshua King,Joshua King,,joshua-king,J. King,M,24,2007-01-03T00:00:00+00:00,172,,Right,England,EN,ENG,26000000,1877472000
43,Fulham,fulham,Fulham,FUL,England,EN,ENG,1142211,Hugo Larsson,Hugo Larsson,,hugo-larsson,H. Larsson,M,15,2004-06-27T00:00:00+00:00,187,,Right,Sweden,SE,SWE,30000000,1814313600
43,Fulham,fulham,Fulham,FUL,England,EN,ENG,1131449,Shea Charles,,,shea-charles,S. Charles,M,19,2003-11-05T00:00:00+00:00,189,,Right,Northern Ireland,NX,NIR,14500000,1940544000
43,Fulham,fulham,Fulham,FUL,England,EN,ENG,82566,Tom Cairney,,,tom-cairney,T. Cairney,M,10,1991-01-20T00:00:00+00:00,185,72,Left,Scotland,SX,SCO,530000,1814313600
43,Fulham,fulham,Fulham,FUL,England,EN,ENG,365802,Harrison Reed,Harrison,Reed,harrison-reed,H. Reed,M,6,1995-01-27T00:00:00+00:00,176,74,Right,England,EN,ENG,2100000,1814313600
43,Fulham,fulham,Fulham,FUL,England,EN,ENG,1922799,Aidan Evans,Aidan,Evans,aidan-evans,A. Evans,M,59,2008-01-01T00:00:00+00:00,160,,Right,Canada,CA,CAN,,
43,Fulham,fulham,Fulham,FUL,England,EN,ENG,861972,Calvin Bassey,Calvin,Bassey,calvin-bassey,C. Bassey,D,3,1999-12-31T00:00:00+00:00,185,,Left,Nigeria,NG,NGA,29000000,1814313600
43,Fulham,fulham,Fulham,FUL,England,EN,ENG,803174,Antonee Robinson,Antonee,Robinson,antonee-robinson,A. Robinson,D,33,1997-08-08T00:00:00+00:00,183,73,Left,USA,US,USA,24000000,1845936000
43,Fulham,fulham,Fulham,FUL,England,EN,ENG,329417,Timothy Castagne,Timothy,Castagne,timothy-castagne,T. Castagne,D,21,1995-12-05T00:00:00+00:00,185,82,Right,Belgium,BE,BEL,7600000,1814313600
43,Fulham,fulham,Fulham,FUL,England,EN,ENG,362682,Joachim Andersen,Joachim,Andersen,joachim-andersen,J. Andersen,D,5,1996-05-31T00:00:00+00:00,190,89,Right,Denmark,DK,DNK,21000000,1877472000
43,Fulham,fulham,Fulham,FUL,England,EN,ENG,836698,Ryan Sessegnon,Ryan,Sessegnon,ryan-sessegnon,R. Sessegnon,D,30,2000-05-18T00:00:00+00:00,178,71,Left,England,EN,ENG,21000000,1814313600
43,Fulham,fulham,Fulham,FUL,England,EN,ENG,988672,David Affengruber,,,david-affengruber,D. Affengruber,D,22,2001-03-19T00:00:00+00:00,185,,Right,Austria,AT,AUT,18100000,1909008000
43,Fulham,fulham,Fulham,FUL,England,EN,ENG,190877,Kenny Tete,Kenny,Tete,kenny-tete,K. Tete,D,2,1995-10-09T00:00:00+00:00,180,77,Right,Netherlands,NL,NLD,8700000,1845936000
43,Fulham,fulham,Fulham,FUL,England,EN,ENG,868715,Jorge Cuenca,,,jorge-cuenca,J. Cuenca,D,4,1999-11-17T00:00:00+00:00,190,,Left,Spain,ES,ESP,8600000,1845936000
43,Fulham,fulham,Fulham,FUL,England,EN,ENG,103335,Bernd Leno,Bernd,Leno,bernd-leno,B. Leno,G,1,1992-03-04T00:00:00+00:00,190,83,Right,Germany,DE,DEU,5500000,1814313600
43,Fulham,fulham,Fulham,FUL,England,EN,ENG,123207,Benjamin Lecomte,Benjamin,Lecomte,benjamin-lecomte,B. Lecomte,G,23,1991-04-26T00:00:00+00:00,186,78,Left,France,FR,FRA,825000,1814313600
43,Fulham,fulham,Fulham,FUL,England,EN,ENG,1173363,Alex Borto,,,alex-borto,A. Borto,G,36,2003-11-06T00:00:00+00:00,188,,Left,USA,US,USA,,1814313600
96,Hull City,hull-city,Hull,HUL,England,EN,ENG,1514800,Robinio Vaz,,,robinio-vaz,R. Vaz,F,47,2007-02-17T00:00:00+00:00,185,,Right,France,FR,FRA,18700000,1814313600
96,Hull City,hull-city,Hull,HUL,England,EN,ENG,1063235,Mohamed Ali Cho,Mohamed Ali,Cho,mohamed-ali-cho,M. Cho,F,50,2004-01-19T00:00:00+00:00,182,,Left,France,FR,FRA,14500000,1940544000
96,Hull City,hull-city,Hull,HUL,England,EN,ENG,367228,Oli McBurnie,Oli,McBurnie,oli-mcburnie,O. McBurnie,F,9,1996-06-04T00:00:00+00:00,188,79,Right,Scotland,SX,SCO,5400000,1845936000
96,Hull City,hull-city,Hull,HUL,England,EN,ENG,1462742,Ilyas Ansah,,,ansah-ilyas,I. Ansah,F,10,2004-11-08T00:00:00+00:00,197,,Right,Germany,DE,DEU,12900000,1940544000
96,Hull City,hull-city,Hull,HUL,England,EN,ENG,798676,David Akintola,David,Akintola,david-akintola,D. Babajide,F,11,1996-01-13T00:00:00+00:00,178,69,Right,Nigeria,NG,NGA,1100000,1814313600
96,Hull City,hull-city,Hull,HUL,England,EN,ENG,1125839,Mohamed Belloumi,,,mohamed-belloumi,M. Belloumi,M,10,2002-06-01T00:00:00+00:00,177,,Both,Algeria,DZ,DZA,5700000,1845936000
96,Hull City,hull-city,Hull,HUL,England,EN,ENG,1416540,Christos Mouzakitis,Christos Mouzakitis,,christos-mouzakitis,C. Mouzakitis,M,36,2006-12-25T00:00:00+00:00,178,,Left,Greece,GR,GRC,26000000,1940544000
96,Hull City,hull-city,Hull,HUL,England,EN,ENG,926560,Hidemasa Morita,Hidemasa,Morita,hidemasa-morita,H. Morita,M,5,1995-05-10T00:00:00+00:00,177,,Right,Japan,JP,JPN,7400000,1845936000
96,Hull City,hull-city,Hull,HUL,England,EN,ENG,1012657,Lucas Gourna-Douath,Lucas,Gourna-Douath,lucas-gourna-douath,L. Gourna-Douath,M,29,2003-08-05T00:00:00+00:00,185,,Right,France,FR,FRA,5600000,1940544000
96,Hull City,hull-city,Hull,HUL,England,EN,ENG,1145130,Óscar Zambrano,Oscar,Zambrano,oscar-zambrano,Ó. Zambrano,M,18,2004-04-20T00:00:00+00:00,176,,Right,Ecuador,EC,ECU,1600000,1909008000
96,Hull City,hull-city,Hull,HUL,England,EN,ENG,1427971,Jens Hjertø-Dahl,,,jens-hjerto-dahl,J. Hjertø-Dahl,M,14,2005-10-31T00:00:00+00:00,193,,Both,Norway,NO,NOR,9600000,1940544000
96,Hull City,hull-city,Hull,HUL,England,EN,ENG,1087514,Brooke Norton-Cuffy,,,brooke-norton-cuffy,B. Norton-Cuffy,M,18,2004-01-12T00:00:00+00:00,181,,Right,England,EN,ENG,15500000,1940544000
96,Hull City,hull-city,Hull,HUL,England,EN,ENG,945806,Joe Gelhardt,,,joe-gelhardt,J. Gelhardt,M,21,2002-05-04T00:00:00+00:00,179,,Left,England,EN,ENG,15000000,1909008000
96,Hull City,hull-city,Hull,HUL,England,EN,ENG,1383695,Elliot Stroud,Elliot Stroud,,stroud-elliot,E. Stroud,M,21,2002-06-22T00:00:00+00:00,185,,Left,Sweden,SE,SWE,8400000,1909008000
96,Hull City,hull-city,Hull,HUL,England,EN,ENG,1085950,Tim Iroegbunam,,,tim-iroegbunam,T. Iroegbunam,M,42,2003-06-30T00:00:00+00:00,182,,Right,England,EN,ENG,18500000,1940544000
96,Hull City,hull-city,Hull,HUL,England,EN,ENG,1067117,Darko Gyabi,,,darko-gyabi,D. Gyabi,M,24,2004-02-17T00:00:00+00:00,196,,Right,England,EN,ENG,1900000,1845936000
96,Hull City,hull-city,Hull,HUL,England,EN,ENG,826155,Abdülkadir Ömür,,,abdulkadir-omur,A. Ömür,M,33,1999-06-25T00:00:00+00:00,168,62,Left,Türkiye,TR,TUR,1400000,1814313600
96,Hull City,hull-city,Hull,HUL,England,EN,ENG,911039,Sorba Thomas,Sorba,Thomas,sorba-thomas,S. Thomas,M,7,1999-01-25T00:00:00+00:00,185,,Right,Wales,WA,WAL,14500000,1909008000
96,Hull City,hull-city,Hull,HUL,England,EN,ENG,1046150,Eliot Matazo,,,eliot-matazo,E. Matazo,M,8,2002-02-15T00:00:00+00:00,174,,Right,Belgium,BE,BEL,1500000,1845936000
96,Hull City,hull-city,Hull,HUL,England,EN,ENG,864474,Regan Slater,,,regan-slater,R. Slater,M,27,1999-09-11T00:00:00+00:00,173,,Right,England,EN,ENG,5100000,1814313600
96,Hull City,hull-city,Hull,HUL,England,EN,ENG,140479,Matt Crooks,Matt,Crooks,matt-crooks,M. Crooks,M,25,1994-01-20T00:00:00+00:00,193,72,Right,England,EN,ENG,725000,1814313600
96,Hull City,hull-city,Hull,HUL,England,EN,ENG,784503,Kieran Dowell,Kieran,Dowell,kieran-dowell,K. Dowell,M,26,1997-10-10T00:00:00+00:00,183,74,Left,England,EN,ENG,550000,1814313600
96,Hull City,hull-city,Hull,HUL,England,EN,ENG,1458073,Nobel Mendy,Nobel,Mendy,nobel-mendy,N. Mendy,D,32,2004-08-16T00:00:00+00:00,187,,Left,Senegal,SN,SEN,7700000,1940544000
96,Hull City,hull-city,Hull,HUL,England,EN,ENG,307274,Semi Ajayi,Semi,Ajayi,semi-ajayi,S. Ajayi,D,6,1993-11-09T00:00:00+00:00,193,83,Right,Nigeria,NG,NGA,650000,1814313600
96,Hull City,hull-city,Hull,HUL,England,EN,ENG,1646783,Lucas Herrington,Lucas,Herrington,lucas-herrington,L. Herrington,D,22,2007-09-05T00:00:00+00:00,193,,Right,Australia,AU,AUS,8800000,1940544000
96,Hull City,hull-city,Hull,HUL,England,EN,ENG,368134,Matt Targett,Matt,Targett,matt-targett,M. Targett,D,23,1995-09-18T00:00:00+00:00,183,,Left,England,EN,ENG,2800000,1845936000
96,Hull City,hull-city,Hull,HUL,England,EN,ENG,100578,John Egan,,,john-egan,J. Egan,D,15,1992-10-20T00:00:00+00:00,185,75,Right,Ireland,IE,IRL,970000,1814313600
96,Hull City,hull-city,Hull,HUL,England,EN,ENG,931304,Ryan Giles,,,ryan-giles,R. Giles,D,3,2000-01-26T00:00:00+00:00,179,,Left,England,EN,ENG,10900000,1814313600
96,Hull City,hull-city,Hull,HUL,England,EN,ENG,1138398,Charlie Hughes,Charlie Hughes,,charlie-hughes,C. Hughes,D,4,2003-10-16T00:00:00+00:00,185,,Right,England,EN,ENG,9100000,1845936000
96,Hull City,hull-city,Hull,HUL,England,EN,ENG,592876,Paddy McNair,Paddy,McNair,paddy-mcnair,P. McNair,D,17,1995-04-27T00:00:00+00:00,187,72,Right,Northern Ireland,NX,NIR,1500000,1814313600
96,Hull City,hull-city,Hull,HUL,England,EN,ENG,827587,Lewie Coyle,,,lewie-coyle,L. Coyle,D,2,1995-10-15T00:00:00+00:00,173,67,Right,England,EN,ENG,1300000,1877472000
96,Hull City,hull-city,Hull,HUL,England,EN,ENG,953414,Konstantinos Tzolakis,Konstantinos,Tzolakis,konstantinos-tzolakis,K. Tzolakis,G,19,2002-11-08T00:00:00+00:00,193,82,Right,Greece,GR,GRC,17200000,1940544000
96,Hull City,hull-city,Hull,HUL,England,EN,ENG,98448,Jack Butland,,,jack-butland,J. Butland,G,1,1993-03-10T00:00:00+00:00,196,95,Right,England,EN,ENG,1500000,1845936000
96,Hull City,hull-city,Hull,HUL,England,EN,ENG,377166,Dillon Phillips,Dillon,Phillips,dillon-phillips,D. Phillips,G,12,1995-06-11T00:00:00+00:00,188,75,Right,England,EN,ENG,195000,1814313600
32,Ipswich Town,ipswich-town,Ipswich,IPS,England,EN,ENG,832420,Daizen Maeda,Daizen,Maeda,daizen-maeda,D. Maeda,F,38,1997-10-20T00:00:00+00:00,173,67,Right,Japan,JP,JPN,12600000,1877472000
32,Ipswich Town,ipswich-town,Ipswich,IPS,England,EN,ENG,875137,Zian Flemming,Zian,Flemming,zian-flemming,Z. Flemming,F,9,1998-08-01T00:00:00+00:00,183,,Right,Netherlands,NL,NLD,12600000,1909008000
32,Ipswich Town,ipswich-town,Ipswich,IPS,England,EN,ENG,190867,Chuba Akpom,Chuba,Akpom,chuba-akpom,C. Akpom,F,29,1995-10-09T00:00:00+00:00,186,70,Right,England,EN,ENG,3400000,1877472000
32,Ipswich Town,ipswich-town,Ipswich,IPS,England,EN,ENG,1128844,Emersonn,Emersonn,,emersonn,Emersonn,F,19,2004-07-16T00:00:00+00:00,186,,Right,Brazil,BR,BRA,7700000,1940544000
32,Ipswich Town,ipswich-town,Ipswich,IPS,England,EN,ENG,1007072,Anis Mehmeti,,,anis-mehmeti,A. Mehmeti,F,33,2001-01-09T00:00:00+00:00,180,,Right,Albania,AL,ALB,14600000,1877472000
32,Ipswich Town,ipswich-town,Ipswich,IPS,England,EN,ENG,973556,Julio Enciso,,,julio-enciso,J. Enciso,M,10,2004-01-23T00:00:00+00:00,173,,Right,Paraguay,PY,PRY,24000000,1940544000
32,Ipswich Town,ipswich-town,Ipswich,IPS,England,EN,ENG,822600,Exequiel Palacios,Exequiel,Palacios,exequiel-palacios,E. Palacios,M,25,1998-10-05T00:00:00+00:00,177,66,Right,Argentina,AR,ARG,26000000,1909008000
32,Ipswich Town,ipswich-town,Ipswich,IPS,England,EN,ENG,1103589,Abdul Fatawu Issahaku,,,abdul-fatawu-issahaku,A. F. Issahaku,M,7,2004-03-08T00:00:00+00:00,180,,Left,Ghana,GH,GHA,21000000,1940544000
32,Ipswich Town,ipswich-town,Ipswich,IPS,England,EN,ENG,1014461,Jaden Philogene-Bidace,,,jaden-philogene-bidace,J. Philogene-Bidace,M,11,2002-02-08T00:00:00+00:00,181,,Right,England,EN,ENG,18800000,1877472000
32,Ipswich Town,ipswich-town,Ipswich,IPS,England,EN,ENG,1014801,Marcelino Núñez,,,marcelino-nunez,M. Núñez,M,32,2000-03-01T00:00:00+00:00,173,,Right,Chile,CL,CHL,14900000,1877472000
32,Ipswich Town,ipswich-town,Ipswich,IPS,England,EN,ENG,855845,Florentino Luís,Florentino Ibrain,Florentino,florentino-luis,F. Luís,M,12,1999-08-19T00:00:00+00:00,184,65,Right,Portugal,PT,PRT,15500000,1940544000
32,Ipswich Town,ipswich-town,Ipswich,IPS,England,EN,ENG,371222,Saša Lukić,,,sasa-lukic,S. Lukić,M,23,1996-08-13T00:00:00+00:00,183,77,Right,Serbia,RS,SRB,9400000,1909008000
32,Ipswich Town,ipswich-town,Ipswich,IPS,England,EN,ENG,921005,Jack Clarke,,,jack-clarke,J. Clarke,M,47,2000-11-23T00:00:00+00:00,181,,Right,England,EN,ENG,21000000,1877472000
32,Ipswich Town,ipswich-town,Ipswich,IPS,England,EN,ENG,1154598,Sindre Walle Egeli,Sindre Walle,Egeli,sindre-walle-egeli,S. W. Egeli,M,8,2006-06-21T00:00:00+00:00,182,,Left,Norway,NO,NOR,15900000,1909008000
32,Ipswich Town,ipswich-town,Ipswich,IPS,England,EN,ENG,1930811,Abdoul Ouattara,,,abdoul-ouattara,A. Ouattara,M,42,2005-10-22T00:00:00+00:00,180,,Right,Côte d'Ivoire,CI,CIV,13800000,1940544000
32,Ipswich Town,ipswich-town,Ipswich,IPS,England,EN,ENG,1065134,Kasey McAteer,Kasey McAteer,,kasey-mcateer,K. McAteer,M,20,2001-11-22T00:00:00+00:00,177,,Right,Ireland,IE,IRL,10300000,1877472000
32,Ipswich Town,ipswich-town,Ipswich,IPS,England,EN,ENG,856495,Azor Matusiwa,Azor,Matusiwa,azor-matusiwa,A. Matusiwa,M,5,1998-04-28T00:00:00+00:00,173,,Right,Netherlands,NL,NLD,12800000,1877472000
32,Ipswich Town,ipswich-town,Ipswich,IPS,England,EN,ENG,856669,Jack Taylor,Jack,Taylor,jack-taylor,J. Taylor,M,14,1998-06-23T00:00:00+00:00,185,70,Right,Ireland,IE,IRL,3200000,1845936000
32,Ipswich Town,ipswich-town,Ipswich,IPS,England,EN,ENG,825719,Issa Diop,Issa,Diop,issa-diop,I. Diop,D,6,1997-01-09T00:00:00+00:00,194,,Right,Morocco,MA,MAR,8199999,1909008000
32,Ipswich Town,ipswich-town,Ipswich,IPS,England,EN,ENG,963493,Leif Davis,,,leif-davis,L. Davis,D,3,1999-12-31T00:00:00+00:00,182,,Left,England,EN,ENG,21000000,1877472000
32,Ipswich Town,ipswich-town,Ipswich,IPS,England,EN,ENG,856719,Dara O'Shea,Dara,O'Shea,dara-oshea,D. O'Shea,D,26,1999-03-04T00:00:00+00:00,188,,Right,Ireland,IE,IRL,17000000,1909008000
32,Ipswich Town,ipswich-town,Ipswich,IPS,England,EN,ENG,886802,Cédric Kipré,Cedric,Kipre,cedric-kipre,C. Kipré,D,4,1996-12-09T00:00:00+00:00,196,77,Right,Côte d'Ivoire,CI,CIV,1800000,1845936000
32,Ipswich Town,ipswich-town,Ipswich,IPS,England,EN,ENG,990821,Jacob Greaves,,,jacob-greaves,J. Greaves,D,24,2000-09-12T00:00:00+00:00,193,,Left,England,EN,ENG,13400000,1877472000
32,Ipswich Town,ipswich-town,Ipswich,IPS,England,EN,ENG,786022,Darnell Furlong,Darnell,Furlong,darnell-furlong,D. Furlong,D,2,1995-10-31T00:00:00+00:00,180,76,Right,England,EN,ENG,2400000,1845936000
32,Ipswich Town,ipswich-town,Ipswich,IPS,England,EN,ENG,852394,Kjell Scherpen,Kjell,Scherpen,kjell-scherpen,K. Scherpen,G,37,2000-01-23T00:00:00+00:00,205,85,Right,Netherlands,NL,NLD,7700000,1909008000
32,Ipswich Town,ipswich-town,Ipswich,IPS,England,EN,ENG,796143,Alex Palmer,Alex,Palmer,alex-palmer,A. Palmer,G,1,1996-08-10T00:00:00+00:00,190,72,Right,England,EN,ENG,905000,1845936000
32,Ipswich Town,ipswich-town,Ipswich,IPS,England,EN,ENG,198038,Christian Walton,Christian,Walton,christian-walton,C. Walton,G,28,1995-11-09T00:00:00+00:00,196,75,Left,England,EN,ENG,2600000,1845936000
32,Ipswich Town,ipswich-town,Ipswich,IPS,England,EN,ENG,32673,David Button,,,david-button,D. Button,G,27,1989-02-27T00:00:00+00:00,191,83,Right,England,EN,ENG,48000,
34,Leeds United,leeds-united,Leeds,LEE,England,EN,ENG,865523,Noah Okafor,Noah,Okafor,noah-okafor,N. Okafor,F,19,2000-05-24T00:00:00+00:00,185,85,Right,Switzerland,CH,CHE,27000000,1877472000
34,Leeds United,leeds-united,Leeds,LEE,England,EN,ENG,372344,Dominic Calvert-Lewin,Dominic,Calvert-Lewin,dominic-calvert-lewin,D. Calvert-Lewin,F,9,1997-03-16T00:00:00+00:00,187,,Right,England,EN,ENG,24000000,1845936000
34,Leeds United,leeds-united,Leeds,LEE,England,EN,ENG,973431,Brenden Aaronson,,,brenden-aaronson,B. Aaronson,F,11,2000-10-22T00:00:00+00:00,178,66,Right,USA,US,USA,23000000,1877472000
34,Leeds United,leeds-united,Leeds,LEE,England,EN,ENG,803185,Lukas Nmecha,Lukas,Nmecha,lukas-nmecha,L. Nmecha,F,14,1998-12-14T00:00:00+00:00,185,,Right,Germany,DE,DEU,9100000,1814313600
34,Leeds United,leeds-united,Leeds,LEE,England,EN,ENG,1146148,Jean-Mattéo Bahoya,Jean Bahoya,,jean-matteo-bahoya,J. Bahoya,F,23,2005-05-07T00:00:00+00:00,180,,Right,France,FR,FRA,24000000,1814313600
34,Leeds United,leeds-united,Leeds,LEE,England,EN,ENG,1170693,Mateo Joseph,,,mateo-joseph,M. Joseph,F,19,2003-10-19T00:00:00+00:00,180,,Right,Spain,ES,ESP,3700000,1845936000
34,Leeds United,leeds-united,Leeds,LEE,England,EN,ENG,871886,Ao Tanaka,,,ao-tanaka,A. Tanaka,M,22,1998-09-10T00:00:00+00:00,180,69,Right,Japan,JP,JPN,14000000,1845936000
34,Leeds United,leeds-united,Leeds,LEE,England,EN,ENG,355528,Harry Wilson,Harry,Wilson,harry-wilson,H. Wilson,M,10,1997-03-22T00:00:00+00:00,173,70,Left,Wales,WA,WAL,27000000,1909008000
34,Leeds United,leeds-united,Leeds,LEE,England,EN,ENG,828639,Daniel James,Daniel,James,daniel-james,D. James,M,7,1997-11-10T00:00:00+00:00,172,76,Right,Wales,WA,WAL,10600000,1877472000
34,Leeds United,leeds-united,Leeds,LEE,England,EN,ENG,847097,Ethan Ampadu,Ethan,Ampadu,ethan-ampadu,E. Ampadu,M,4,2000-09-14T00:00:00+00:00,182,69,Right,Wales,WA,WAL,28000000,1909008000
34,Leeds United,leeds-united,Leeds,LEE,England,EN,ENG,911679,Ilia Gruev,Ilia,Gruev,ilia-gruev,I. Gruev,M,44,2000-05-06T00:00:00+00:00,185,,Left,Bulgaria,BG,BGR,11000000,1814313600
34,Leeds United,leeds-united,Leeds,LEE,England,EN,ENG,889861,Anton Stach,Anton,Stach,anton-stach,A. Stach,M,18,1998-11-15T00:00:00+00:00,192,,Both,Germany,DE,DEU,27000000,1877472000
34,Leeds United,leeds-united,Leeds,LEE,England,EN,ENG,866191,Sean Longstaff,Sean,Longstaff,sean-longstaff,S. Longstaff,M,8,1997-10-30T00:00:00+00:00,187,,Right,England,EN,ENG,14400000,1877472000
34,Leeds United,leeds-united,Leeds,LEE,England,EN,ENG,929132,Jayden Bogle,Jayden,Bogle,jayden-bogle,J. Bogle,M,2,2000-07-27T00:00:00+00:00,178,,Right,England,EN,ENG,16000000,1909008000
34,Leeds United,leeds-united,Leeds,LEE,England,EN,ENG,1118177,Tarik Muharemović,Tarik Muharemovic,,tarik-muharemovic,T. Muharemović,D,5,2003-02-28T00:00:00+00:00,193,,Left,Bosnia & Herzegovina,BA,BIH,38000000,1940544000
34,Leeds United,leeds-united,Leeds,LEE,England,EN,ENG,886930,Jaka Bijol,Jaka,Bijol,jaka-bijol,J. Bijol,D,15,1999-02-05T00:00:00+00:00,192,,Right,Slovenia,SI,SVN,18500000,1909008000
34,Leeds United,leeds-united,Leeds,LEE,England,EN,ENG,834308,Gabriel Gudmundsson,Gabriel,Gudmundsson,gabriel-gudmundsson,G. Gudmundsson,D,3,1999-04-29T00:00:00+00:00,181,74,Left,Sweden,SE,SWE,21000000,1877472000
34,Leeds United,leeds-united,Leeds,LEE,England,EN,ENG,282229,Nico Elvedi,Nico,Elvedi,nico-elvedi,N. Elvedi,D,30,1996-09-30T00:00:00+00:00,188,78,Right,Switzerland,CH,CHE,7300000,1877472000
34,Leeds United,leeds-united,Leeds,LEE,England,EN,ENG,827681,James Justin,James,Justin,james-justin,J. Justin,D,24,1998-02-23T00:00:00+00:00,183,,Right,England,EN,ENG,12400000,1877472000
34,Leeds United,leeds-united,Leeds,LEE,England,EN,ENG,828640,Joe Rodon,Joe,Rodon,joe-rodon,J. Rodon,D,6,1997-10-22T00:00:00+00:00,193,,Right,Wales,WA,WAL,18800000,1909008000
34,Leeds United,leeds-united,Leeds,LEE,England,EN,ENG,906075,Melvin Bard,Melvin,Bard,melvin-bard,M. Bard,D,26,2000-11-06T00:00:00+00:00,173,65,Left,France,FR,FRA,10300000,1814313600
34,Leeds United,leeds-united,Leeds,LEE,England,EN,ENG,980643,James Trafford,James,Trafford,james-trafford,J. Trafford,G,1,2002-10-10T00:00:00+00:00,197,,Right,England,EN,ENG,27000000,1940544000
34,Leeds United,leeds-united,Leeds,LEE,England,EN,ENG,190161,Michael Zetterer,Michael,Zetterer,michael-zetterer,M. Zetterer,G,16,1995-07-12T00:00:00+00:00,187,,Both,Germany,DE,DEU,4099999,1877472000
34,Leeds United,leeds-united,Leeds,LEE,England,EN,ENG,162417,Alex Cairns,Alex,Cairns,alex-cairns,A. Cairns,G,21,1993-01-04T00:00:00+00:00,183,72,Right,England,EN,ENG,46000,1845936000
44,Liverpool FC,liverpool,Liverpool,LIV,England,EN,ENG,823941,Alexander Isak,Alexander,Isak,alexander-isak,A. Isak,F,9,1999-09-21T00:00:00+00:00,193,74,Right,Sweden,SE,SWE,88000000,1940544000
44,Liverpool FC,liverpool,Liverpool,LIV,England,EN,ENG,1048422,Hugo Ekitiké,Hugo Ekitiké,,hugo-ekitike,H. Ekitiké,F,22,2002-06-20T00:00:00+00:00,190,,Right,France,FR,FRA,77000000,1940544000
44,Liverpool FC,liverpool,Liverpool,LIV,England,EN,ENG,996952,Bradley Barcola,,,barcola-bradley,B. Barcola,F,29,2002-09-02T00:00:00+00:00,182,,Right,France,FR,FRA,87000000,1940544000
44,Liverpool FC,liverpool,Liverpool,LIV,England,EN,ENG,845386,Federico Chiesa,Federico,Chiesa,federico-chiesa,F. Chiesa,F,14,1997-10-25T00:00:00+00:00,175,70,Right,Italy,IT,ITA,11900000,1845936000
44,Liverpool FC,liverpool,Liverpool,LIV,England,EN,ENG,1881902,Rio Ngumoha,Rio Ngumoha,,rio-ngumoha,R. Ngumoha,F,73,2008-08-29T00:00:00+00:00,170,,Right,England,EN,ENG,29000000,1845936000
44,Liverpool FC,liverpool,Liverpool,LIV,England,EN,ENG,1145642,Víctor Muñoz,,,victor-munoz,V. Muñoz,F,23,2003-07-13T00:00:00+00:00,173,,Right,Spain,ES,ESP,29000000,1972166400
44,Liverpool FC,liverpool,Liverpool,LIV,England,EN,ENG,1403111,Lewis Koumas,,,lewis-koumas,L. Koumas,F,67,2005-11-19T00:00:00+00:00,181,,Right,Wales,WA,WAL,3700000,1877472000
44,Liverpool FC,liverpool,Liverpool,LIV,England,EN,ENG,1019322,Florian Wirtz,,,florian-wirtz,F. Wirtz,M,7,2003-05-03T00:00:00+00:00,175,,Right,Germany,DE,DEU,95000000,1909008000
44,Liverpool FC,liverpool,Liverpool,LIV,England,EN,ENG,869856,Dominik Szoboszlai,Dominik,Szoboszlai,dominik-szoboszlai,D. Szoboszlai,M,8,2000-10-25T00:00:00+00:00,187,,Right,Hungary,HU,HUN,91000000,1940544000
44,Liverpool FC,liverpool,Liverpool,LIV,England,EN,ENG,895324,Alexis Mac Allister,,,alexis-mac-allister,A. Mac Allister,M,10,1998-12-24T00:00:00+00:00,176,72,Right,Argentina,AR,ARG,77000000,1845936000
44,Liverpool FC,liverpool,Liverpool,LIV,England,EN,ENG,862967,Cody Gakpo,Cody,Gakpo,cody-gakpo,C. Gakpo,M,18,1999-05-07T00:00:00+00:00,193,,Right,Netherlands,NL,NLD,58000000,1909008000
44,Liverpool FC,liverpool,Liverpool,LIV,England,EN,ENG,904897,Ryan Gravenberch,Ryan,Gravenberch,ryan-gravenberch,R. Gravenberch,M,38,2002-05-16T00:00:00+00:00,190,,Right,Netherlands,NL,NLD,87000000,1972166400
44,Liverpool FC,liverpool,Liverpool,LIV,England,EN,ENG,143040,Wataru Endo,Wataru,Endo,wataru-endo,W. Endo,M,3,1993-02-09T00:00:00+00:00,178,75,Right,Japan,JP,JPN,3700000,1814313600
44,Liverpool FC,liverpool,Liverpool,LIV,England,EN,ENG,1445945,Trey Nyoni,,,nyoni-trey,T. Nyoni,M,42,2007-06-30T00:00:00+00:00,180,,Right,England,EN,ENG,8500000,1909008000
44,Liverpool FC,liverpool,Liverpool,LIV,England,EN,ENG,925097,Ronald Araújo,Ronald,Araujo,ronald-araujo,R. Araújo,D,33,1999-03-07T00:00:00+00:00,191,79,Right,Uruguay,UY,URY,22000000,1814313600
44,Liverpool FC,liverpool,Liverpool,LIV,England,EN,ENG,151545,Virgil van Dijk,Virgil,van Dijk,virgil-van-dijk,V. van Dijk,D,4,1991-07-08T00:00:00+00:00,195,,Right,Netherlands,NL,NLD,15500000,1814313600
44,Liverpool FC,liverpool,Liverpool,LIV,England,EN,ENG,970361,Jeremie Frimpong,,,jeremie-frimpong,J. Frimpong,D,30,2000-12-10T00:00:00+00:00,171,,Right,Netherlands,NL,NLD,36000000,1909008000
44,Liverpool FC,liverpool,Liverpool,LIV,England,EN,ENG,1097425,Miloš Kerkez,Milos,Kerkez,milos-kerkez,M. Kerkez,D,6,2003-11-07T00:00:00+00:00,180,,Left,Hungary,HU,HUN,36000000,1909008000
44,Liverpool FC,liverpool,Liverpool,LIV,England,EN,ENG,1008402,Conor Bradley,Conor,Bradley,conor-bradley,C. Bradley,D,12,2003-07-09T00:00:00+00:00,181,,Right,Northern Ireland,NX,NIR,27000000,1877472000
44,Liverpool FC,liverpool,Liverpool,LIV,England,EN,ENG,786259,Kostas Tsimikas,Kostas,Tsimikas,kostas-tsimikas,K. Tsimikas,D,21,1996-05-12T00:00:00+00:00,178,77,Left,Greece,GR,GRC,4400000,1814313600
44,Liverpool FC,liverpool,Liverpool,LIV,England,EN,ENG,1445625,Jérémy Jacquet,,,jeremy-jacquet,J. Jacquet,D,5,2005-07-13T00:00:00+00:00,191,,Right,France,FR,FRA,57000000,1940544000
44,Liverpool FC,liverpool,Liverpool,LIV,England,EN,ENG,1473137,Giovanni Leoni,,,giovanni-leoni,G. Leoni,D,15,2006-12-21T00:00:00+00:00,196,,Right,Italy,IT,ITA,27000000,1940544000
44,Liverpool FC,liverpool,Liverpool,LIV,England,EN,ENG,318927,Joe Gomez,Joe,Gomez,joe-gomez,J. Gomez,D,2,1997-05-23T00:00:00+00:00,188,77,Right,England,EN,ENG,12600000,1814313600
44,Liverpool FC,liverpool,Liverpool,LIV,England,EN,ENG,243609,Alisson,Alisson Ramses,Alisson,alisson,Alisson,G,1,1992-10-02T00:00:00+00:00,193,,Right,Brazil,BR,BRA,16500000,1814313600
44,Liverpool FC,liverpool,Liverpool,LIV,England,EN,ENG,930997,Giorgi Mamardashvili,Giorgi,Mamardashvili,giorgi-mamardashvili,G. Mamardashvili,G,25,2000-09-29T00:00:00+00:00,200,,Left,Georgia,GE,GEO,29000000,1940544000
44,Liverpool FC,liverpool,Liverpool,LIV,England,EN,ENG,284417,Freddie Woodman,Freddie,Woodman,freddie-woodman,F. Woodman,G,28,1997-03-04T00:00:00+00:00,187,69,Right,England,EN,ENG,3100000,1877472000
44,Liverpool FC,liverpool,Liverpool,LIV,England,EN,ENG,927359,Vítězslav Jaroš,Vitezslav,Jaros,vitezslav-jaros,V. Jaroš,G,56,2001-07-23T00:00:00+00:00,190,,Right,Czechia,CZ,CZE,5300000,1845936000
44,Liverpool FC,liverpool,Liverpool,LIV,England,EN,ENG,1008403,Harvey Davies,Harvey,Davies,harvey-davies,H. Davies,G,95,2003-09-03T00:00:00+00:00,190,,Left,England,EN,ENG,470000,1814313600
17,Manchester City,manchester-city,Man City,MCI,England,EN,ENG,839956,Erling Haaland,Erling,Haaland,erling-haaland,E. Haaland,F,9,2000-07-21T00:00:00+00:00,195,,Left,Norway,NO,NOR,240000000,2035238400
17,Manchester City,manchester-city,Man City,MCI,England,EN,ENG,859765,Phil Foden,Phil,Foden,phil-foden,P. Foden,M,47,2000-05-28T00:00:00+00:00,171,70,Left,England,EN,ENG,66000000,1909008000
17,Manchester City,manchester-city,Man City,MCI,England,EN,ENG,974505,Enzo Fernández,,,enzo-fernandez,E. Fernández,M,17,2001-01-17T00:00:00+00:00,177,,Right,Argentina,AR,ARG,97000000,1940544000
17,Manchester City,manchester-city,Man City,MCI,England,EN,ENG,934354,Antoine Semenyo,,,antoine-semenyo,A. Semenyo,M,42,2000-01-07T00:00:00+00:00,185,,Right,Ghana,GH,GHA,85000000,1940544000
17,Manchester City,manchester-city,Man City,MCI,England,EN,ENG,979128,Rayan Cherki,,,cherki-rayan,R. Cherki,M,10,2003-08-17T00:00:00+00:00,176,,Both,France,FR,FRA,98000000,1909008000
17,Manchester City,manchester-city,Man City,MCI,England,EN,ENG,934386,Jérémy Doku,Jeremy,Doku,jeremy-doku,J. Doku,M,11,2002-05-27T00:00:00+00:00,173,,Right,Belgium,BE,BEL,70000000,1940544000
17,Manchester City,manchester-city,Man City,MCI,England,EN,ENG,914309,Iliman Ndiaye,,,iliman-ndiaye,I. Ndiaye,M,7,2000-03-06T00:00:00+00:00,180,,Right,Senegal,SN,SEN,53000000,1940544000
17,Manchester City,manchester-city,Man City,MCI,England,EN,ENG,1564180,Ayyoub Bouaddi,Ayyoub Bouaddi,,bouaddi-ayyoub,A. Bouaddi,M,32,2007-10-02T00:00:00+00:00,185,,Right,Morocco,MA,MAR,87000000,1940544000
17,Manchester City,manchester-city,Man City,MCI,England,EN,ENG,136710,Mateo Kovačić,,,mateo-kovacic,M. Kovačić,M,8,1994-05-06T00:00:00+00:00,178,,Right,Croatia,HR,HRV,9700000,1814313600
17,Manchester City,manchester-city,Man City,MCI,England,EN,ENG,994546,Elliot Anderson,,,elliot-anderson,E. Anderson,M,5,2002-11-06T00:00:00+00:00,179,,Right,England,EN,ENG,100000000,1940544000
17,Manchester City,manchester-city,Man City,MCI,England,EN,ENG,1835889,Allan,Allan,,allan,Allan,M,40,2004-04-19T00:00:00+00:00,175,70,Left,Brazil,BR,BRA,22000000,1940544000
17,Manchester City,manchester-city,Man City,MCI,England,EN,ENG,1826151,Ryan McAidoo,,,ryan-mcaidoo,R. McAidoo,M,56,2008-06-24T00:00:00+00:00,174,,Left,England,EN,ENG,,
17,Manchester City,manchester-city,Man City,MCI,England,EN,ENG,1937970,Floyd Samba,Floyd Samba,,floyd-samba,F. Samba,M,75,2009-01-15T00:00:00+00:00,183,,Right,England,EN,ENG,,
17,Manchester City,manchester-city,Man City,MCI,England,EN,ENG,1194333,Abdukodir Khusanov,,,abdukodir-khusanov,A. Khusanov,D,45,2004-02-29T00:00:00+00:00,186,,Right,Uzbekistan,UZ,UZB,47000000,1940544000
17,Manchester City,manchester-city,Man City,MCI,England,EN,ENG,964994,Joško Gvardiol,Josko,Gvardiol,josko-gvardiol,J. Gvardiol,D,24,2002-01-23T00:00:00+00:00,186,,Left,Croatia,HR,HRV,64000000,1940544000
17,Manchester City,manchester-city,Man City,MCI,England,EN,ENG,931278,Rayan Aït-Nouri,Rayan,Ait Nouri,rayan-ait-nouri,R. Aït-Nouri,D,21,2001-06-06T00:00:00+00:00,179,70,Left,Algeria,DZ,DZA,39000000,1909008000
17,Manchester City,manchester-city,Man City,MCI,England,EN,ENG,318941,Rúben Dias,,,ruben-dias,R. Dias,D,3,1997-05-14T00:00:00+00:00,188,70,Right,Portugal,PT,PRT,60000000,1877472000
17,Manchester City,manchester-city,Man City,MCI,England,EN,ENG,1142703,Nico O'Reilly,Nico,O’Reilly,nico-o-reilly,N. O’Reilly,D,33,2005-03-21T00:00:00+00:00,193,,Left,England,EN,ENG,76000000,1909008000
17,Manchester City,manchester-city,Man City,MCI,England,EN,ENG,877994,Marc Guéhi,Marc,Guehi,marc-guehi,M. Guéhi,D,6,2000-07-13T00:00:00+00:00,182,,Right,England,EN,ENG,66000000,1940544000
17,Manchester City,manchester-city,Man City,MCI,England,EN,ENG,945122,Matheus Nunes,Matheus,Nunes,matheus-nunes,M. Nunes,D,27,1998-08-27T00:00:00+00:00,183,75,Right,Portugal,PT,PRT,48000000,1845936000
17,Manchester City,manchester-city,Man City,MCI,England,EN,ENG,1136731,Rico Lewis,Rico Lewis,,rico-lewis,R. Lewis,D,82,2004-11-21T00:00:00+00:00,170,,Right,England,EN,ENG,26000000,1909008000
17,Manchester City,manchester-city,Man City,MCI,England,EN,ENG,1485300,Vitor Reis,,,reis-vitor,V. Reis,D,22,2006-01-12T00:00:00+00:00,186,77,Right,Brazil,BR,BRA,31000000,1877472000
17,Manchester City,manchester-city,Man City,MCI,England,EN,ENG,1017915,Josh Wilson-Esbrand,,,josh-wilson-esbrand,J. Wilson-Esbrand,D,97,2002-12-26T00:00:00+00:00,176,,Left,England,EN,ENG,2400000,1814313600
17,Manchester City,manchester-city,Man City,MCI,England,EN,ENG,824509,Gianluigi Donnarumma,,,gianluigi-donnarumma,G. Donnarumma,G,1,1999-02-25T00:00:00+00:00,196,90,Right,Italy,IT,ITA,46000000,1909008000
17,Manchester City,manchester-city,Man City,MCI,England,EN,ENG,128383,Gerónimo Rulli,,,geronimo-rulli,G. Rulli,G,28,1992-05-20T00:00:00+00:00,189,80,Right,Argentina,AR,ARG,5800000,1845936000
17,Manchester City,manchester-city,Man City,MCI,England,EN,ENG,257993,Marcus Bettinelli,Marcus,Bettinelli,marcus-bettinelli,M. Bettinelli,G,13,1992-05-24T00:00:00+00:00,194,82,Right,England,EN,ENG,320000,1814313600
35,Manchester United,manchester-united,Man Utd,MUN,England,EN,ENG,814590,Marcus Rashford,Marcus,Rashford,marcus-rashford,M. Rashford,F,9,1997-10-31T00:00:00+00:00,188,70,Right,England,EN,ENG,38000000,1845936000
35,Manchester United,manchester-united,Man Utd,MUN,England,EN,ENG,927083,Bryan Mbeumo,Bryan,Mbeumo,bryan-mbeumo,B. Mbeumo,F,19,1999-08-07T00:00:00+00:00,173,,Left,Cameroon,CM,CMR,73000000,1909008000
35,Manchester United,manchester-united,Man Utd,MUN,England,EN,ENG,986397,Benjamin Šeško,,,benjamin-sesko,B. Šeško,F,30,2003-05-31T00:00:00+00:00,195,,Right,Slovenia,SI,SVN,78000000,1909008000
35,Manchester United,manchester-united,Man Utd,MUN,England,EN,ENG,886363,Matheus Cunha,Matheus,Cunha,matheus-cunha,M. Cunha,F,10,1999-05-27T00:00:00+00:00,184,75,Right,Brazil,BR,BRA,79000000,1909008000
35,Manchester United,manchester-united,Man Utd,MUN,England,EN,ENG,917007,Joshua Zirkzee,Joshua,Zirkzee,joshua-zirkzee,J. Zirkzee,F,11,2001-05-22T00:00:00+00:00,193,,Right,Netherlands,NL,NLD,21000000,1877472000
35,Manchester United,manchester-united,Man Utd,MUN,England,EN,ENG,1899445,Tynan Thompson,Tynan Thompson,,tynan-thompson,T. Thompson,F,27,2008-04-17T00:00:00+00:00,187,,Left,England,EN,ENG,,
35,Manchester United,manchester-united,Man Utd,MUN,England,EN,ENG,288205,Bruno Fernandes,Bruno,Fernandes,bruno-fernandes,B. Fernandes,M,8,1994-09-08T00:00:00+00:00,179,65,Right,Portugal,PT,PRT,32000000,1814313600
35,Manchester United,manchester-united,Man Utd,MUN,England,EN,ENG,971037,Amad Diallo,,,diallo-amad,A. Diallo,M,16,2002-07-11T00:00:00+00:00,173,,Left,Côte d'Ivoire,CI,CIV,44000000,1909008000
35,Manchester United,manchester-united,Man Utd,MUN,England,EN,ENG,1142175,Kobbie Mainoo,Kobbie,Mainoo,kobbie-mainoo,K. Mainoo,M,37,2005-04-19T00:00:00+00:00,184,,Right,England,EN,ENG,72000000,1940544000
35,Manchester United,manchester-united,Man Utd,MUN,England,EN,ENG,836694,Mason Mount,Mason,Mount,mason-mount,M. Mount,M,7,1999-01-10T00:00:00+00:00,181,,Right,England,EN,ENG,23000000,1845936000
35,Manchester United,manchester-united,Man Utd,MUN,England,EN,ENG,1105779,Andrey Santos,Andrey Santos,,santos-andrey,A. Santos,M,17,2004-05-03T00:00:00+00:00,180,77,Right,Brazil,BR,BRA,39000000,1940544000
35,Manchester United,manchester-united,Man Utd,MUN,England,EN,ENG,1199043,Carlos Baleba,Carlos,Baleba,carlos-baleba,C. Baleba,M,20,2004-01-03T00:00:00+00:00,179,,Left,Cameroon,CM,CMR,53000000,1940544000
35,Manchester United,manchester-united,Man Utd,MUN,England,EN,ENG,1397168,Patrick Dorgu,,,dorgu-patrick,P. Dorgu,M,13,2004-10-26T00:00:00+00:00,185,,Left,Denmark,DK,DNK,33000000,1909008000
35,Manchester United,manchester-united,Man Utd,MUN,England,EN,ENG,331737,Youri Tielemans,Youri,Tielemans,youri-tielemans,Y. Tielemans,M,18,1997-05-07T00:00:00+00:00,177,75,Right,Belgium,BE,BEL,43000000,1940544000
35,Manchester United,manchester-united,Man Utd,MUN,England,EN,ENG,846425,Manuel Ugarte,Manuel,Ugarte,manuel-ugarte,M. Ugarte,M,25,2001-04-11T00:00:00+00:00,182,,Right,Uruguay,UY,URY,24000000,1877472000
35,Manchester United,manchester-united,Man Utd,MUN,England,EN,ENG,1465865,Shea Lacey,,,shea-lacey,S. Lacey,M,31,2007-04-14T00:00:00+00:00,175,,Left,England,EN,ENG,5200000,1877472000
35,Manchester United,manchester-united,Man Utd,MUN,England,EN,ENG,1461595,Harry Amass,Harry Amass,,amass-harry,H. Amass,M,41,2007-03-16T00:00:00+00:00,181,,Left,England,EN,ENG,7200000,1814313600
35,Manchester United,manchester-united,Man Utd,MUN,England,EN,ENG,1402726,Jack Fletcher,Jack Fletcher,,jack-fletcher,J. Fletcher,M,38,2007-03-19T00:00:00+00:00,180,,Left,England,EN,ENG,1600000,1814313600
35,Manchester United,manchester-united,Man Utd,MUN,England,EN,ENG,1402850,Tyler Fletcher,Tyler Fletcher,,tyler-fletcher,T. Fletcher,M,39,2007-03-19T00:00:00+00:00,184,,Right,Scotland,SX,SCO,1600000,1814313600
35,Manchester United,manchester-united,Man Utd,MUN,England,EN,ENG,847030,Noussair Mazraoui,Noussair,Mazraoui,noussair-mazraoui,N. Mazraoui,D,3,1997-11-14T00:00:00+00:00,183,,Right,Morocco,MA,MAR,17500000,1845936000
35,Manchester United,manchester-united,Man Utd,MUN,England,EN,ENG,859999,Lisandro Martínez,,,lisandro-martinez,L. Martínez,D,6,1998-01-18T00:00:00+00:00,175,77,Left,Argentina,AR,ARG,48000000,1814313600
35,Manchester United,manchester-united,Man Utd,MUN,England,EN,ENG,803031,Matthijs de Ligt,Matthijs,de Ligt,matthijs-de-ligt,M. de Ligt,D,4,1999-08-12T00:00:00+00:00,188,89,Right,Netherlands,NL,NLD,32000000,1877472000
35,Manchester United,manchester-united,Man Utd,MUN,England,EN,ENG,149380,Harry Maguire,Harry,Maguire,harry-maguire,H. Maguire,D,5,1993-03-05T00:00:00+00:00,194,79,Right,England,EN,ENG,8600000,1814313600
35,Manchester United,manchester-united,Man Utd,MUN,England,EN,ENG,843200,Diogo Dalot,Diogo,Dalot,diogo-dalot,D. Dalot,D,2,1999-03-18T00:00:00+00:00,184,75,Right,Portugal,PT,PRT,28000000,1845936000
35,Manchester United,manchester-united,Man Utd,MUN,England,EN,ENG,1153315,Leny Yoro,Leny Yoro,,leny-yoro,L. Yoro,D,15,2005-11-13T00:00:00+00:00,190,,Right,France,FR,FRA,46000000,1877472000
35,Manchester United,manchester-united,Man Utd,MUN,England,EN,ENG,190839,Luke Shaw,Luke,Shaw,luke-shaw,L. Shaw,D,23,1995-07-12T00:00:00+00:00,178,75,Left,England,EN,ENG,7500000,1814313600
35,Manchester United,manchester-united,Man Utd,MUN,England,EN,ENG,1445799,Ayden Heaven,Ayden Heaven,,heaven-ayden,A. Heaven,D,26,2006-09-22T00:00:00+00:00,189,,Left,England,EN,ENG,32000000,1877472000
35,Manchester United,manchester-united,Man Utd,MUN,England,EN,ENG,964753,Senne Lammens,Senne,Lammens,senne-lammens,S. Lammens,G,1,2002-07-07T00:00:00+00:00,193,,Right,Belgium,BE,BEL,38000000,1909008000
35,Manchester United,manchester-united,Man Utd,MUN,England,EN,ENG,18122,Tom Heaton,,,tom-heaton,T. Heaton,G,22,1986-04-15T00:00:00+00:00,188,85,Right,England,EN,ENG,94000,1814313600
35,Manchester United,manchester-united,Man Utd,MUN,England,EN,ENG,123689,Karl Darlow,Karl,Darlow,karl-darlow,K. Darlow,G,12,1990-10-08T00:00:00+00:00,185,79,Right,Wales,WA,WAL,210000,1845936000
35,Manchester United,manchester-united,Man Utd,MUN,England,EN,ENG,1005664,Dermot Mee,,,mee-dermot,D. Mee,G,45,2002-11-20T00:00:00+00:00,183,,Right,Northern Ireland,NX,NIR,210000,1845936000
35,Manchester United,manchester-united,Man Utd,MUN,England,EN,ENG,1899542,Fred Heath,Fred Heath,,fred-heath,F. Heath,G,71,2008-03-06T00:00:00+00:00,198,,Right,England,EN,ENG,,
39,Newcastle United,newcastle-united,Newcastle,NEW,England,EN,ENG,805123,Yoane Wissa,Yoane,Wissa,yoane-wissa,Y. Wissa,F,9,1996-09-03T00:00:00+00:00,176,,Right,DR Congo,CD,COD,23000000,1877472000
39,Newcastle United,newcastle-united,Newcastle,NEW,England,EN,ENG,979232,Anthony Elanga,,,anthony-elanga,A. Elanga,F,19,2002-04-27T00:00:00+00:00,178,,Right,Sweden,SE,SWE,31000000,1909008000
39,Newcastle United,newcastle-united,Newcastle,NEW,England,EN,ENG,1122603,William Osula,William,Osula,william-osula,W. Osula,F,10,2003-08-04T00:00:00+00:00,191,,Right,Denmark,DK,DNK,26000000,1877472000
39,Newcastle United,newcastle-united,Newcastle,NEW,England,EN,ENG,855647,Harvey Barnes,Harvey,Barnes,harvey-barnes,H. Barnes,F,11,1997-12-09T00:00:00+00:00,181,66,Right,England,EN,ENG,35000000,
39,Newcastle United,newcastle-united,Newcastle,NEW,England,EN,ENG,1149144,Matías Fernández-Pardo,Matias Fernandez,,fernandez-matias,M. Fernández-Pardo,F,20,2005-02-03T00:00:00+00:00,183,,Right,Belgium,BE,BEL,38000000,
39,Newcastle United,newcastle-united,Newcastle,NEW,England,EN,ENG,372336,Jacob Murphy,Jacob,Murphy,jacob-murphy,J. Murphy,F,23,1995-02-24T00:00:00+00:00,176,67,Right,England,EN,ENG,11000000,1814313600
39,Newcastle United,newcastle-united,Newcastle,NEW,England,EN,ENG,954056,Nico González,Nicolas,Gonzalez,nico-gonzalez,N. González,M,6,2002-01-03T00:00:00+00:00,186,,Right,Spain,ES,ESP,43000000,
39,Newcastle United,newcastle-united,Newcastle,NEW,England,EN,ENG,560128,Joelinton,Joelinton Cassio,Joelinton,joelinton,Joelinton,M,7,1996-08-14T00:00:00+00:00,186,76,Right,Brazil,BR,BRA,27000000,1845936000
39,Newcastle United,newcastle-united,Newcastle,NEW,England,EN,ENG,1568123,Bazoumana Touré,Bazoumana Touré,,bazoumana-toure,B. Touré,M,17,2006-03-02T00:00:00+00:00,175,,Left,Côte d'Ivoire,CI,CIV,48000000,1940544000
39,Newcastle United,newcastle-united,Newcastle,NEW,England,EN,ENG,1400650,Lewis Miley,Lewis Miley,,lewis-miley,L. Miley,M,67,2006-05-01T00:00:00+00:00,188,,Right,England,EN,ENG,27000000,1972166400
39,Newcastle United,newcastle-united,Newcastle,NEW,England,EN,ENG,975937,Jacob Ramsey,Jacob,Ramsey,jacob-ramsey,J. Ramsey,M,41,2001-05-28T00:00:00+00:00,180,,Right,England,EN,ENG,36000000,1909008000
39,Newcastle United,newcastle-united,Newcastle,NEW,England,EN,ENG,888550,Joe Willock,Joe,Willock,joe-willock,J. Willock,M,28,1999-08-20T00:00:00+00:00,186,,Right,England,EN,ENG,14500000,1814313600
39,Newcastle United,newcastle-united,Newcastle,NEW,England,EN,ENG,1868591,Aladji Bamba,Aladji Bamba,,aladji-bamba,A. Bamba,M,8,2006-07-14T00:00:00+00:00,194,,Right,France,FR,FRA,16700000,1940544000
39,Newcastle United,newcastle-united,Newcastle,NEW,England,EN,ENG,1859920,Sean Steur,Sean Steur,,sean-steur,S. Steur,M,14,2008-01-11T00:00:00+00:00,183,,Right,Netherlands,NL,NLD,6800000,1940544000
39,Newcastle United,newcastle-united,Newcastle,NEW,England,EN,ENG,1102791,Amar Dedić,Amar,Dedic,amar-dedic,A. Dedić,D,37,2002-08-18T00:00:00+00:00,180,,Both,Bosnia & Herzegovina,BA,BIH,19400000,1940544000
39,Newcastle United,newcastle-united,Newcastle,NEW,England,EN,ENG,1014286,Malick Thiaw,,,malick-thiaw,M. Thiaw,D,12,2001-08-08T00:00:00+00:00,194,,Right,Germany,DE,DEU,41000000,1877472000
39,Newcastle United,newcastle-united,Newcastle,NEW,England,EN,ENG,1136730,Lewis Hall,Lewis Hall,,lewis-hall,L. Hall,D,3,2004-09-08T00:00:00+00:00,179,,Left,England,EN,ENG,38000000,1877472000
39,Newcastle United,newcastle-united,Newcastle,NEW,England,EN,ENG,99090,Dan Burn,,,dan-burn,D. Burn,D,33,1992-05-09T00:00:00+00:00,201,83,Left,England,EN,ENG,4099999,1814313600
39,Newcastle United,newcastle-united,Newcastle,NEW,England,EN,ENG,980634,Tino Livramento,Tino,Livramento,tino-livramento,T. Livramento,D,2,2002-11-12T00:00:00+00:00,181,,Right,England,EN,ENG,44000000,1845936000
39,Newcastle United,newcastle-united,Newcastle,NEW,England,EN,ENG,910046,Sven Botman,Sven,Botman,sven-botman,S. Botman,D,4,2000-01-12T00:00:00+00:00,193,,Left,Netherlands,NL,NLD,33000000,1909008000
39,Newcastle United,newcastle-united,Newcastle,NEW,England,EN,ENG,101882,Fabian Schär,,,fabian-schar,F. Schär,D,5,1991-12-20T00:00:00+00:00,186,84,Right,Switzerland,CH,CHE,3900000,1814313600
39,Newcastle United,newcastle-united,Newcastle,NEW,England,EN,ENG,162653,Nick Pope,Nick,Pope,nick-pope,N. Pope,G,1,1992-04-19T00:00:00+00:00,198,76,Right,England,EN,ENG,4800000,1814313600
39,Newcastle United,newcastle-united,Newcastle,NEW,England,EN,ENG,963744,Lukáš Horníček,Lukas,Hornicek,lukas-hornicek,L. Horníček,G,21,2002-07-13T00:00:00+00:00,194,,Right,Czechia,CZ,CZE,16900000,1940544000
39,Newcastle United,newcastle-united,Newcastle,NEW,England,EN,ENG,1154665,Ewen Jaouen,Ewen Jaouen,,ewen-jaouen,E. Jaouen,G,24,2005-12-29T00:00:00+00:00,197,,Right,France,FR,FRA,12700000,1909008000
39,Newcastle United,newcastle-united,Newcastle,NEW,England,EN,ENG,108508,Mark Gillespie,Mark,Gillespie,mark-gillespie,M. Gillespie,G,29,1992-03-27T00:00:00+00:00,190,86,Right,England,EN,ENG,105000,1814313600
14,Nottingham Forest,nottingham-forest,Forest,NFO,England,EN,ENG,997087,Liam Delap,,,liam-delap,L. Delap,F,19,2003-02-08T00:00:00+00:00,186,,Right,England,EN,ENG,26000000,1940544000
14,Nottingham Forest,nottingham-forest,Forest,NFO,England,EN,ENG,981619,Igor Jesus,,,igor-jesus,I. Jesus,F,11,2001-02-25T00:00:00+00:00,179,,Right,Brazil,BR,BRA,26000000,1877472000
14,Nottingham Forest,nottingham-forest,Forest,NFO,England,EN,ENG,50480,Chris Wood,,,chris-wood,C. Wood,F,9,1991-12-07T00:00:00+00:00,191,91,Right,New Zealand,NZ,NZL,5200000,1814313600
14,Nottingham Forest,nottingham-forest,Forest,NFO,England,EN,ENG,954061,Arnaud Kalimuendo,,,arnaud-kalimuendo,A. Kalimuendo,F,15,2002-01-20T00:00:00+00:00,175,,Right,France,FR,FRA,24000000,1909008000
14,Nottingham Forest,nottingham-forest,Forest,NFO,England,EN,ENG,870360,Daniel Muñoz,,,daniel-munoz,D. Muñoz,M,2,1996-05-26T00:00:00+00:00,183,,Right,Colombia,CO,COL,23000000,1877472000
14,Nottingham Forest,nottingham-forest,Forest,NFO,England,EN,ENG,843754,Ibrahim Sangaré,,,ibrahim-sangare,I. Sangaré,M,6,1997-12-02T00:00:00+00:00,191,77,Right,Côte d'Ivoire,CI,CIV,21000000,1877472000
14,Nottingham Forest,nottingham-forest,Forest,NFO,England,EN,ENG,1003334,James McAtee,,,james-mcatee,J. McAtee,M,24,2002-10-18T00:00:00+00:00,180,,Left,England,EN,ENG,16200000,1909008000
14,Nottingham Forest,nottingham-forest,Forest,NFO,England,EN,ENG,867442,Callum Hudson Odoi,Callum,Hudson Odoi,callum-hudson-odoi,C. Hudson Odoi,M,7,2000-11-07T00:00:00+00:00,177,,Right,England,EN,ENG,32000000,1845936000
14,Nottingham Forest,nottingham-forest,Forest,NFO,England,EN,ENG,865912,Morgan Gibbs-White,Morgan,Gibbs-White,morgan-gibbs-white,M. Gibbs-White,M,10,2000-01-27T00:00:00+00:00,171,,Right,England,EN,ENG,67000000,1845936000
14,Nottingham Forest,nottingham-forest,Forest,NFO,England,EN,ENG,944327,Dan Ndoye,Dan,Ndoye,dan-ndoye,D. Ndoye,M,14,2000-10-25T00:00:00+00:00,184,,Right,Switzerland,CH,CHE,31000000,1909008000
14,Nottingham Forest,nottingham-forest,Forest,NFO,England,EN,ENG,871765,Nicolás Domínguez,Nicolas,Dominguez,nicolas-dominguez,N. Domínguez,M,8,1998-06-28T00:00:00+00:00,179,73,Right,Argentina,AR,ARG,13800000,1845936000
14,Nottingham Forest,nottingham-forest,Forest,NFO,England,EN,ENG,791079,Xaver Schlager,Xaver,Schlager,xaver-schlager,X. Schlager,M,21,1997-09-28T00:00:00+00:00,174,73,Left,Austria,AT,AUT,9500000,1845936000
14,Nottingham Forest,nottingham-forest,Forest,NFO,England,EN,ENG,846252,Ryan Yates,Ryan,Yates,ryan-yates,R. Yates,M,22,1997-11-21T00:00:00+00:00,190,,Right,England,EN,ENG,7200000,1845936000
14,Nottingham Forest,nottingham-forest,Forest,NFO,England,EN,ENG,1199282,Murillo,Murillo,,murillo,Murillo,D,5,2002-07-04T00:00:00+00:00,180,75,Left,Brazil,BR,BRA,49000000,1909008000
14,Nottingham Forest,nottingham-forest,Forest,NFO,England,EN,ENG,1394342,Ousmane Diomande,Ousmane,Diomande,ousmane-diomande,O. Diomande,D,2,2003-12-04T00:00:00+00:00,190,,Right,Côte d'Ivoire,CI,CIV,44000000,1909008000
14,Nottingham Forest,nottingham-forest,Forest,NFO,England,EN,ENG,836168,Nikola Milenković,Nikola,Milenkovic,nikola-milenkovic,N. Milenković,D,31,1997-10-12T00:00:00+00:00,195,91,Right,Serbia,RS,SRB,26000000,1877472000
14,Nottingham Forest,nottingham-forest,Forest,NFO,England,EN,ENG,800417,Ola Aina,Ola,Aina,ola-aina,O. Aina,D,34,1996-10-08T00:00:00+00:00,182,65,Right,Nigeria,NG,NGA,16399999,1845936000
14,Nottingham Forest,nottingham-forest,Forest,NFO,England,EN,ENG,927356,Neco Williams,Neco,Williams,neco-williams,N. Williams,D,3,2001-04-13T00:00:00+00:00,183,,Right,Wales,WA,WAL,26000000,1877472000
14,Nottingham Forest,nottingham-forest,Forest,NFO,England,EN,ENG,1170722,Jair,,,jair-paula,Jair,D,23,2005-03-07T00:00:00+00:00,198,,Both,Brazil,BR,BRA,15500000,1909008000
14,Nottingham Forest,nottingham-forest,Forest,NFO,England,EN,ENG,1010220,Nicolò Savona,,,nicolo-savona,N. Savona,D,37,2003-03-19T00:00:00+00:00,192,,Right,Italy,IT,ITA,14600000,1909008000
14,Nottingham Forest,nottingham-forest,Forest,NFO,England,EN,ENG,979144,Luca Netz,,,netz-luca,L. Netz,D,25,2003-05-15T00:00:00+00:00,180,,Left,Germany,DE,DEU,7700000,1909008000
14,Nottingham Forest,nottingham-forest,Forest,NFO,England,EN,ENG,840103,John Victor,John Victor Maciel,John Victor,john-victor,J. Victor,G,12,1996-02-13T00:00:00+00:00,197,83,Right,Brazil,BR,BRA,4900000,1845936000
14,Nottingham Forest,nottingham-forest,Forest,NFO,England,EN,ENG,78152,Matz Sels,,,matz-sels,M. Sels,G,26,1992-02-26T00:00:00+00:00,188,75,Right,Belgium,BE,BEL,3700000,1845936000
14,Nottingham Forest,nottingham-forest,Forest,NFO,England,EN,ENG,860764,Steven Benda,Steven,Benda,steven-benda,S. Benda,G,33,1998-10-01T00:00:00+00:00,192,,Both,Germany,DE,DEU,1100000,1814313600
41,Sunderland,sunderland,Sunderland,SUN,England,EN,ENG,877980,Wilson Isidor,Wilson,Isidor,wilson-isidor,W. Isidor,F,18,2000-08-27T00:00:00+00:00,184,,Right,Haiti,HT,HTI,18500000,1909008000
41,Sunderland,sunderland,Sunderland,SUN,England,EN,ENG,910048,Brian Brobbey,Brian,Brobbey,brian-brobbey,B. Brobbey,F,9,2002-02-01T00:00:00+00:00,180,,Right,Netherlands,NL,NLD,42000000,1877472000
41,Sunderland,sunderland,Sunderland,SUN,Ecuador,EC,ECU,2057385,Juan Riquelme Angulo,Juan Angulo,,juan-angulo,J. Angulo,F,50,2008-01-11T00:00:00+00:00,193,,Left,Ecuador,EC,ECU,,
41,Sunderland,sunderland,Sunderland,SUN,England,EN,ENG,1094440,Romaine Mundle,,,mundle-romaine,R. Mundle,F,14,2003-04-24T00:00:00+00:00,177,,Right,England,EN,ENG,6800000,1909008000
41,Sunderland,sunderland,Sunderland,SUN,England,EN,ENG,117777,Granit Xhaka,Granit,Xhaka,granit-xhaka,G. Xhaka,M,34,1992-09-27T00:00:00+00:00,185,82,Left,Switzerland,CH,CHE,8500000,1845936000
41,Sunderland,sunderland,Sunderland,SUN,England,EN,ENG,1142675,Chemsdine Talbi,,,chemsdine-talbi,C. Talbi,M,7,2005-05-09T00:00:00+00:00,175,,Right,Morocco,MA,MAR,23000000,1909008000
41,Sunderland,sunderland,Sunderland,SUN,England,EN,ENG,1171539,Noah Sadiki,,,noah-sadiki,N. Sadiki,M,27,2004-12-17T00:00:00+00:00,173,,Right,DR Congo,CD,COD,37000000,1909008000
41,Sunderland,sunderland,Sunderland,SUN,England,EN,ENG,1128532,Habib Diarra,Habib,Diarra,habib-diarra,H. Diarra,M,19,2004-01-03T00:00:00+00:00,179,,Right,Senegal,SN,SEN,37000000,1909008000
41,Sunderland,sunderland,Sunderland,SUN,England,EN,ENG,1195784,Malick Fofana,Malick Fofana,,malick-fofana,M. Fofana,M,39,2005-03-31T00:00:00+00:00,169,60,Right,Belgium,BE,BEL,29000000,
41,Sunderland,sunderland,Sunderland,SUN,England,EN,ENG,1116571,Nilson Angulo,Nilson Angulo,,nilson-angulo,N. Angulo,M,10,2003-06-19T00:00:00+00:00,182,,Right,Ecuador,EC,ECU,16500000,1909008000
41,Sunderland,sunderland,Sunderland,SUN,England,EN,ENG,984014,Enzo Le Fée,,,enzo-le-fee,E. Le Fée,M,28,2000-02-03T00:00:00+00:00,173,,Right,France,FR,FRA,26000000,1877472000
41,Sunderland,sunderland,Sunderland,SUN,England,EN,ENG,1394089,Chris Rigg,,,chris-rigg,C. Rigg,M,11,2007-06-18T00:00:00+00:00,177,,Left,England,EN,ENG,24000000,1909008000
41,Sunderland,sunderland,Sunderland,SUN,England,EN,ENG,2137673,Jules Ahoka,Jules Ahoka,,jules-ahoka,J. Ahoka,M,29,2006-05-08T00:00:00+00:00,178,,Right,DR Congo,CD,COD,290000,1940544000
41,Sunderland,sunderland,Sunderland,SUN,England,EN,ENG,1894003,Dayann Methalie,,,dayann-methalie,D. Methalie,M,6,2006-02-15T00:00:00+00:00,186,,Left,France,FR,FRA,19700000,1940544000
41,Sunderland,sunderland,Sunderland,SUN,England,EN,ENG,2138729,Jocelin Ta Bi,,,jocelin-ta-bi,J. T. Bi,M,37,2005-02-09T00:00:00+00:00,175,,Left,Côte d'Ivoire,CI,CIV,2600000,1909008000
41,Sunderland,sunderland,Sunderland,SUN,England,EN,ENG,1000139,Abdoullah Ba,,,abdoullah-ba,A. Ba,M,46,2003-07-31T00:00:00+00:00,180,,Both,France,FR,FRA,1400000,1814313600
41,Sunderland,sunderland,Sunderland,SUN,England,EN,ENG,247459,Alan Browne,Alan,Browne,alan-browne,A. Browne,M,8,1995-04-15T00:00:00+00:00,179,71,Right,Ireland,IE,IRL,2100000,1814313600
41,Sunderland,sunderland,Sunderland,SUN,England,EN,ENG,831424,Reinildo Mandava,Reinildo,Mandava,reinildo-mandava,R. Mandava,D,17,1994-01-21T00:00:00+00:00,180,74,Left,Mozambique,MZ,MOZ,4099999,1814313600
41,Sunderland,sunderland,Sunderland,SUN,England,EN,ENG,805137,Omar Alderete,Omar,Alderete,omar-alderete,O. Alderete,D,15,1996-12-26T00:00:00+00:00,187,77,Left,Paraguay,PY,PRY,13800000,1877472000
41,Sunderland,sunderland,Sunderland,SUN,England,EN,ENG,780014,Nordi Mukiele,Nordi,Mukiele,nordi-mukiele,N. Mukiele,D,20,1997-11-01T00:00:00+00:00,185,74,Right,France,FR,FRA,15200000,1877472000
41,Sunderland,sunderland,Sunderland,SUN,England,EN,ENG,958878,Daniel Ballard,Daniel,Ballard,daniel-ballard,D. Ballard,D,5,1999-09-22T00:00:00+00:00,187,,Right,Northern Ireland,NX,NIR,22000000,1877472000
41,Sunderland,sunderland,Sunderland,SUN,England,EN,ENG,794953,Kevin Danso,Kevin,Danso,kevin-danso,K. Danso,D,4,1998-09-19T00:00:00+00:00,190,89,Right,Austria,AT,AUT,19400000,1814313600
41,Sunderland,sunderland,Sunderland,SUN,England,EN,ENG,128587,Thomas Meunier,Thomas,Meunier,thomas-meunier,T. Meunier,D,12,1991-09-12T00:00:00+00:00,190,78,Right,Belgium,BE,BEL,1400000,1845936000
41,Sunderland,sunderland,Sunderland,SUN,England,EN,ENG,989034,Trai Hume,,,hume-trai,T. Hume,D,32,2002-03-18T00:00:00+00:00,180,,Right,Northern Ireland,NX,NIR,20000000,1909008000
41,Sunderland,sunderland,Sunderland,SUN,England,EN,ENG,365812,Luke O'Nien,Luke,O'Nien,luke-onien,L. O'Nien,D,13,1994-11-21T00:00:00+00:00,174,74,Right,England,EN,ENG,660000,1814313600
41,Sunderland,sunderland,Sunderland,SUN,England,EN,ENG,934228,Aji Alese,Aji,Alese,aji-alese,A. Alese,D,42,2001-01-17T00:00:00+00:00,192,,Left,England,EN,ENG,680000,1814313600
41,Sunderland,sunderland,Sunderland,SUN,England,EN,ENG,1012928,Robin Roefs,Robin,Roefs,robin-roefs,R. Roefs,G,22,2003-01-17T00:00:00+00:00,193,,Left,Netherlands,NL,NLD,29000000,1940544000
41,Sunderland,sunderland,Sunderland,SUN,England,EN,ENG,1099795,Melker Ellborg,Melker Ellborg,,melker-ellborg,M. Ellborg,G,31,2003-05-22T00:00:00+00:00,191,,Right,Sweden,SE,SWE,2800000,1909008000
41,Sunderland,sunderland,Sunderland,SUN,England,EN,ENG,95461,Simon Moore,,,simon-moore,S. Moore,G,21,1990-05-19T00:00:00+00:00,191,83,Right,England,EN,ENG,81000,1814313600
33,Tottenham Hotspur,tottenham-hotspur,Tottenham,TOT,England,EN,ENG,873554,Omar Marmoush,Omar,Marmoush,omar-marmoush,O. Marmoush,F,22,1999-02-07T00:00:00+00:00,183,,Right,Egypt,EG,EGY,55000000,1814313600
33,Tottenham Hotspur,tottenham-hotspur,Tottenham,TOT,England,EN,ENG,840217,Richarlison,Richarlison,Richarlison,richarlison,Richarlison,F,9,1997-05-10T00:00:00+00:00,184,83,Right,Brazil,BR,BRA,24000000,1814313600
33,Tottenham Hotspur,tottenham-hotspur,Tottenham,TOT,England,EN,ENG,1048888,Mathys Tel,,,mathys-tel,M. Tel,F,11,2005-04-27T00:00:00+00:00,183,,Right,France,FR,FRA,23000000,1940544000
33,Tottenham Hotspur,tottenham-hotspur,Tottenham,TOT,England,EN,ENG,361420,Dominic Solanke,Dominic,Solanke,dominic-solanke,D. Solanke,F,19,1997-09-14T00:00:00+00:00,186,80,Right,England,EN,ENG,31000000,1909008000
33,Tottenham Hotspur,tottenham-hotspur,Tottenham,TOT,England,EN,ENG,1142679,Wilson Odobert,,,wilson-odobert,W. Odobert,F,28,2004-11-28T00:00:00+00:00,182,,Right,France,FR,FRA,18500000,1877472000
33,Tottenham Hotspur,tottenham-hotspur,Tottenham,TOT,England,EN,ENG,1899454,Reiss Elliott-Parris,Reiss Elliott-Parris,,reiss-elliott-parris,R. Elliott-Parris,F,72,2007-11-04T00:00:00+00:00,188,,Right,Guyana,GY,GUY,,
33,Tottenham Hotspur,tottenham-hotspur,Tottenham,TOT,England,EN,ENG,905163,Mohammed Kudus,Mohammed,Kudus,mohammed-kudus,M. Kudus,M,20,2000-08-02T00:00:00+00:00,176,,Left,Ghana,GH,GHA,54000000,1940544000
33,Tottenham Hotspur,tottenham-hotspur,Tottenham,TOT,England,EN,ENG,958966,Mykhailo Mudryk,Mykhailo,Mudryk,mykhailo-mudryk,M. Mudryk,M,27,2001-01-05T00:00:00+00:00,175,61,Right,Ukraine,UA,UKR,42000000,1814313600
33,Tottenham Hotspur,tottenham-hotspur,Tottenham,TOT,England,EN,ENG,1046795,Sávio,,,savio,Sávio,M,17,2004-04-10T00:00:00+00:00,176,,Left,Brazil,BR,BRA,37000000,
33,Tottenham Hotspur,tottenham-hotspur,Tottenham,TOT,England,EN,ENG,997183,Xavi Simons,,,xavi-simons,X. Simons,M,7,2003-04-21T00:00:00+00:00,179,,Right,Netherlands,NL,NLD,43000000,1909008000
33,Tottenham Hotspur,tottenham-hotspur,Tottenham,TOT,England,EN,ENG,892673,Sandro Tonali,,,sandro-tonali,S. Tonali,M,16,2000-05-08T00:00:00+00:00,181,,Right,Italy,IT,ITA,74000000,1972166400
33,Tottenham Hotspur,tottenham-hotspur,Tottenham,TOT,England,EN,ENG,904970,Conor Gallagher,Conor,Gallagher,conor-gallagher,C. Gallagher,M,8,2000-02-06T00:00:00+00:00,182,,Right,England,EN,ENG,31000000,1940544000
33,Tottenham Hotspur,tottenham-hotspur,Tottenham,TOT,England,EN,ENG,356398,James Maddison,James,Maddison,james-maddison,J. Maddison,M,10,1996-11-23T00:00:00+00:00,175,73,Right,England,EN,ENG,19400000,1845936000
33,Tottenham Hotspur,tottenham-hotspur,Tottenham,TOT,England,EN,ENG,928124,Dejan Kulusevski,,,dejan-kulusevski,D. Kulusevski,M,21,2000-04-25T00:00:00+00:00,186,,Left,Sweden,SE,SWE,16500000,1845936000
33,Tottenham Hotspur,tottenham-hotspur,Tottenham,TOT,England,EN,ENG,1391251,Lucas Bergvall,Lucas,Bergvall,lucas-bergvall,L. Bergvall,M,15,2006-02-02T00:00:00+00:00,186,,Right,Sweden,SE,SWE,36000000,1940544000
33,Tottenham Hotspur,tottenham-hotspur,Tottenham,TOT,England,EN,ENG,791190,Rodrigo Bentancur,Rodrigo,Bentancur,rodrigo-bentancur,R. Bentancur,M,30,1997-06-25T00:00:00+00:00,187,73,Both,Uruguay,UY,URY,19300000,1877472000
33,Tottenham Hotspur,tottenham-hotspur,Tottenham,TOT,England,EN,ENG,1142562,Mateus Fernandes,,,mateus-fernandes,M. Fernandes,M,18,2004-07-10T00:00:00+00:00,178,,Right,Portugal,PT,PRT,49000000,1940544000
33,Tottenham Hotspur,tottenham-hotspur,Tottenham,TOT,England,EN,ENG,1142335,Archie Gray,Archie Gray,,archie-gray,A. Gray,M,14,2006-03-12T00:00:00+00:00,187,,Right,England,EN,ENG,34000000,1909008000
33,Tottenham Hotspur,tottenham-hotspur,Tottenham,TOT,England,EN,ENG,262911,Andy Robertson,Andy,Robertson,andy-robertson,A. Robertson,D,3,1994-03-11T00:00:00+00:00,178,64,Left,Scotland,SX,SCO,7500000,1909008000
33,Tottenham Hotspur,tottenham-hotspur,Tottenham,TOT,England,EN,ENG,913654,Pedro Porro,,,pedro-porro,P. Porro,D,23,1999-09-13T00:00:00+00:00,173,,Right,Spain,ES,ESP,42000000,1940544000
33,Tottenham Hotspur,tottenham-hotspur,Tottenham,TOT,England,EN,ENG,998247,Micky van de Ven,,,micky-van-de-ven,M. van de Ven,D,37,2001-04-19T00:00:00+00:00,193,,Left,Netherlands,NL,NLD,49000000,1940544000
33,Tottenham Hotspur,tottenham-hotspur,Tottenham,TOT,England,EN,ENG,830659,Marcos Senesi,Marcos,Senesi,marcos-senesi,M. Senesi,D,5,1997-05-10T00:00:00+00:00,184,80,Left,Argentina,AR,ARG,23000000,1909008000
33,Tottenham Hotspur,tottenham-hotspur,Tottenham,TOT,England,EN,ENG,352668,Tosin Adarabioyo,Tosin,Adarabioyo,tosin-adarabioyo,T. Adarabioyo,D,4,1997-09-24T00:00:00+00:00,196,80,Right,England,EN,ENG,16500000,
33,Tottenham Hotspur,tottenham-hotspur,Tottenham,TOT,England,EN,ENG,962012,Jan Paul van Hecke,,,jan-paul-van-hecke,J. P. van Hecke,D,6,2000-06-08T00:00:00+00:00,189,,Right,Netherlands,NL,NLD,65000000,
33,Tottenham Hotspur,tottenham-hotspur,Tottenham,TOT,England,EN,ENG,983572,Destiny Udogie,,,destiny-udogie,D. Udogie,D,13,2002-11-28T00:00:00+00:00,186,,Left,Italy,IT,ITA,28000000,1909008000
33,Tottenham Hotspur,tottenham-hotspur,Tottenham,TOT,England,EN,ENG,94758,Ben Davies,,,ben-davies,B. Davies,D,33,1993-04-24T00:00:00+00:00,181,76,Left,Wales,WA,WAL,2800000,1814313600
33,Tottenham Hotspur,tottenham-hotspur,Tottenham,TOT,England,EN,ENG,1031251,Antonín Kinský,,,antonin-kinsky,A. Kinský,G,31,2003-03-13T00:00:00+00:00,190,,Right,Czechia,CZ,CZE,15700000,1940544000
33,Tottenham Hotspur,tottenham-hotspur,Tottenham,TOT,England,EN,ENG,42209,Martin Dúbravka,,,martin-dubravka,M. Dúbravka,G,39,1989-01-15T00:00:00+00:00,190,84,Right,Slovakia,SK,SVK,485000,1814313600
33,Tottenham Hotspur,tottenham-hotspur,Tottenham,TOT,England,EN,ENG,859896,Brandon Austin,Brandon,Austin,brandon-austin,B. Austin,G,40,1999-01-08T00:00:00+00:00,188,,Right,England,EN,ENG,530000,1877472000
2825,Athletic Club,athletic-club,Athletic Club,ATH,Spain,ES,ESP,1520799,Maroan Sannadi,,,maroan-sannadi,M. Sannadi,F,21,2001-02-01T00:00:00+00:00,192,85,Right,Morocco,MA,MAR,2800000,1877472000
2825,Athletic Club,athletic-club,Athletic Club,ATH,Spain,ES,ESP,605672,Gorka Guruzeta,Gorka,Guruzeta,gorka-guruzeta,G. Guruzeta,F,11,1996-09-12T00:00:00+00:00,188,,Right,Spain,ES,ESP,4600000,1845936000
2825,Athletic Club,athletic-club,Athletic Club,ATH,Spain,ES,ESP,1160960,Álvaro Djaló,Álvaro Djaló,,alvaro-djalo,Á. Djaló,F,25,1999-08-16T00:00:00+00:00,176,,Right,Guinea-Bissau,GW,GNB,4300000,1877472000
2825,Athletic Club,athletic-club,Athletic Club,ATH,Spain,ES,ESP,1085400,Nico Williams,,,nico-williams,N. Williams,M,10,2002-07-12T00:00:00+00:00,180,,Right,Spain,ES,ESP,44000000,2066774400
2825,Athletic Club,athletic-club,Athletic Club,ATH,Spain,ES,ESP,783374,Iñaki Williams,Inaki,Williams,inaki-williams,I. Williams,M,9,1994-06-15T00:00:00+00:00,186,76,Right,Ghana,GH,GHA,7300000,1845936000
2825,Athletic Club,athletic-club,Athletic Club,ATH,Spain,ES,ESP,966801,Oihan Sancet,,,oihan-sancet,O. Sancet,M,8,2000-04-25T00:00:00+00:00,188,,Right,Spain,ES,ESP,24000000,1972166400
2825,Athletic Club,athletic-club,Athletic Club,ATH,Spain,ES,ESP,592012,Álex Berenguer,Alex,Berenguer,alex-berenguer,Á. Berenguer,M,7,1995-07-04T00:00:00+00:00,175,70,Right,Spain,ES,ESP,4099999,1814313600
2825,Athletic Club,athletic-club,Athletic Club,ATH,Spain,ES,ESP,1495844,Mikel Jauregizar,,,mikel-jauregizar,M. Jauregizar,M,18,2003-11-13T00:00:00+00:00,177,,Right,Spain,ES,ESP,31000000,1940544000
2825,Athletic Club,athletic-club,Athletic Club,ATH,Spain,ES,ESP,944165,Robert Navarro,,,robert-navarro,R. Navarro,M,23,2002-04-12T00:00:00+00:00,178,,Right,Spain,ES,ESP,6500000,1909008000
2825,Athletic Club,athletic-club,Athletic Club,ATH,Spain,ES,ESP,96365,Iñigo Ruiz de Galarreta,,,inigo-ruiz-de-galarreta,I. R. d. Galarreta,M,16,1993-08-06T00:00:00+00:00,174,64,Right,Spain,ES,ESP,1800000,1814313600
2825,Athletic Club,athletic-club,Athletic Club,ATH,Spain,ES,ESP,1464648,Peio Canales,Peio Canales,,peio-canales,P. Canales,M,28,2005-01-17T00:00:00+00:00,175,,Right,Spain,ES,ESP,9700000,1814313600
2825,Athletic Club,athletic-club,Athletic Club,ATH,Spain,ES,ESP,2110897,Alejandro Rego Mora,Alejandro,Rego Mora,alejandro-rego-mora,A. Rego Mora,M,20,2003-06-11T00:00:00+00:00,192,,Right,Spain,ES,ESP,5500000,1909008000
2825,Athletic Club,athletic-club,Athletic Club,ATH,Spain,ES,ESP,1012409,Beñat Prados,,,benat-prados,B. Prados,M,6,2001-02-08T00:00:00+00:00,179,,Right,Spain,ES,ESP,15500000,1940544000
2825,Athletic Club,athletic-club,Athletic Club,ATH,Spain,ES,ESP,1953923,Selton Sanchez,,,selton-sanchez,S. Sánchez,M,44,2007-02-20T00:00:00+00:00,185,78,Right,Spain,ES,ESP,2900000,1877472000
2825,Athletic Club,athletic-club,Athletic Club,ATH,Spain,ES,ESP,1019318,Nico Serrano,,,nico-serrano,N. Serrano,M,22,2003-03-05T00:00:00+00:00,178,,Left,Spain,ES,ESP,1600000,1845936000
2825,Athletic Club,athletic-club,Athletic Club,ATH,Spain,ES,ESP,1171619,Beñat Gerenabarrena,Beñat,Gerenabarrena Zendoia,benat-gerenabarrena,B. Gerenabarrena,M,24,2003-03-29T00:00:00+00:00,173,,Right,Spain,ES,ESP,1000000,1814313600
2825,Athletic Club,athletic-club,Athletic Club,ATH,Spain,ES,ESP,149734,Aymeric Laporte,Aymeric,Laporte,aymeric-laporte,A. Laporte,D,14,1994-05-27T00:00:00+00:00,191,87,Left,Spain,ES,ESP,8400000,1845936000
2825,Athletic Club,athletic-club,Athletic Club,ATH,Spain,ES,ESP,910978,Dani Vivian,Dani,Vivian,dani-vivian,D. Vivian,D,3,1999-07-05T00:00:00+00:00,183,,Right,Spain,ES,ESP,18200000,1972166400
2825,Athletic Club,athletic-club,Athletic Club,ATH,Spain,ES,ESP,959872,Aitor Paredes,Aitor,Paredes,aitor-paredes,A. Paredes,D,4,2000-04-29T00:00:00+00:00,186,,Right,Spain,ES,ESP,7100000,1877472000
2825,Athletic Club,athletic-club,Athletic Club,ATH,Spain,ES,ESP,84531,Yuri Berchiche,,,yuri-berchiche,Y. Berchiche,D,17,1990-02-10T00:00:00+00:00,181,77,Left,Spain,ES,ESP,910000,1814313600
2825,Athletic Club,athletic-club,Athletic Club,ATH,Spain,ES,ESP,807648,Yeray Álvarez,Yeray,Alvarez,yeray-alvarez,Y. Álvarez,D,5,1995-01-24T00:00:00+00:00,183,78,Right,Spain,ES,ESP,930000,1845936000
2825,Athletic Club,athletic-club,Athletic Club,ATH,Spain,ES,ESP,910267,Jesús Areso,Jesus,Areso,jesus-areso,J. Areso,D,12,1999-07-02T00:00:00+00:00,183,,Right,Spain,ES,ESP,5500000,1940544000
2825,Athletic Club,athletic-club,Athletic Club,ATH,Spain,ES,ESP,1170526,Johaneko Louis Jean,Johaneko Louis Jean,,johaneko-louis-jean,J. L. Jean,D,31,2004-06-28T00:00:00+00:00,175,,Right,France,FR,FRA,190000,1814313600
2825,Athletic Club,athletic-club,Athletic Club,ATH,Spain,ES,ESP,1632454,Hugo Rincón,Hugo,Rincon,rincon-lumbreras-hugo,H. Rincón,D,15,2003-01-27T00:00:00+00:00,183,78,Right,Spain,ES,ESP,3400000,1845936000
2825,Athletic Club,athletic-club,Athletic Club,ATH,Spain,ES,ESP,1391374,Unai Eguíluz,,,unai-eguiluz,U. Eguíluz,D,13,2002-03-19T00:00:00+00:00,186,80,Right,Spain,ES,ESP,410000,1845936000
2825,Athletic Club,athletic-club,Athletic Club,ATH,Spain,ES,ESP,1934668,Iker Monreal Agundez,,,iker-monreal-agundez,I. M. Agundez,D,30,2005-07-03T00:00:00+00:00,185,,Left,Spain,ES,ESP,1100000,1845936000
2825,Athletic Club,athletic-club,Athletic Club,ATH,Spain,ES,ESP,797291,Unai Simón,Unai,Simon,unai-simon,U. Simón,G,1,1997-06-11T00:00:00+00:00,189,86,Right,Spain,ES,ESP,21000000,1877472000
2825,Athletic Club,athletic-club,Athletic Club,ATH,Spain,ES,ESP,1155116,Alex Padilla,Álex Padilla,,padilla-alex,Á. Padilla,G,13,2003-09-01T00:00:00+00:00,190,,Right,Mexico,MX,MEX,3100000,1877472000
2836,Atlético Madrid,atletico-madrid,Atl. Madrid,ATM,Spain,ES,ESP,944656,Julián Alvarez,,,julian-alvarez,J. Álvarez,F,19,2000-01-31T00:00:00+00:00,170,,Right,Argentina,AR,ARG,116000000,1909008000
2836,Atlético Madrid,atletico-madrid,Atl. Madrid,ATM,Spain,ES,ESP,824200,Ademola Lookman,,,ademola-lookman,A. Lookman,F,11,1997-10-20T00:00:00+00:00,174,78,Right,Nigeria,NG,NGA,44000000,1909008000
2836,Atlético Madrid,atletico-madrid,Atl. Madrid,ATM,Spain,ES,ESP,935564,Jonathan David,Jonathan,David,jonathan-david,J. David,F,15,2000-01-14T00:00:00+00:00,180,,Both,Canada,CA,CAN,29000000,1909008000
2836,Atlético Madrid,atletico-madrid,Atl. Madrid,ATM,Spain,ES,ESP,309078,Alexander Sørloth,,,alexander-srloth,A. Sørloth,F,9,1995-12-05T00:00:00+00:00,195,90,Left,Norway,NO,NOR,18600000,1845936000
2836,Atlético Madrid,atletico-madrid,Atl. Madrid,ATM,Spain,ES,ESP,917087,Kang-in Lee,,,kang-in-lee,K. Lee,M,7,2001-02-19T00:00:00+00:00,173,,Left,South Korea,KR,KOR,30000000,1940544000
2836,Atlético Madrid,atletico-madrid,Atl. Madrid,ATM,Spain,ES,ESP,1099352,Giuliano Simeone,,,giuliano-simeone,G. Simeone,M,20,2002-12-18T00:00:00+00:00,173,,Right,Argentina,AR,ARG,44000000,1909008000
2836,Atlético Madrid,atletico-madrid,Atl. Madrid,ATM,Spain,ES,ESP,910031,Alex Baena,Alex,Baena,alex-baena,A. Baena,M,10,2001-07-19T00:00:00+00:00,174,,Right,Spain,ES,ESP,43000000,1909008000
2836,Atlético Madrid,atletico-madrid,Atl. Madrid,ATM,Spain,ES,ESP,177177,Alejandro Grimaldo,Alex,Grimaldo,alex-grimaldo,A. Grimaldo,M,22,1995-09-20T00:00:00+00:00,171,69,Left,Spain,ES,ESP,19400000,1909008000
2836,Atlético Madrid,atletico-madrid,Atl. Madrid,ATM,Spain,ES,ESP,1119345,Obed Vargas,Obed Vargas,,obed-vargas,O. Vargas,M,21,2005-08-05T00:00:00+00:00,175,68,Right,Mexico,MX,MEX,9300000,1909008000
2836,Atlético Madrid,atletico-madrid,Atl. Madrid,ATM,Spain,ES,ESP,1142588,Pablo Barrios,,,pablo-barrios,P. Barrios,M,8,2003-06-15T00:00:00+00:00,181,,Right,Spain,ES,ESP,60000000,1909008000
2836,Atlético Madrid,atletico-madrid,Atl. Madrid,ATM,Spain,ES,ESP,990169,Johnny Cardoso,Johnny,Cardoso,johnny-cardoso,J. Cardoso,M,5,2001-09-20T00:00:00+00:00,186,,Right,USA,US,USA,18700000,1909008000
2836,Atlético Madrid,atletico-madrid,Atl. Madrid,ATM,Spain,ES,ESP,859917,Morten Hjulmand,Morten,Hjulmand,morten-hjulmand,M. Hjulmand,M,23,1999-06-25T00:00:00+00:00,185,,Right,Denmark,DK,DNK,48000000,1940544000
2836,Atlético Madrid,atletico-madrid,Atl. Madrid,ATM,Spain,ES,ESP,84539,Koke,,,koke,Koke,M,6,1992-01-08T00:00:00+00:00,177,,Right,Spain,ES,ESP,4600000,1814313600
2836,Atlético Madrid,atletico-madrid,Atl. Madrid,ATM,Spain,ES,ESP,1391752,Rodrigo Mendoza,Rodri,Mendoza,rodrigo-mendoza,R. Mendoza,M,4,2005-03-15T00:00:00+00:00,182,,Right,Spain,ES,ESP,21000000,1940544000
2836,Atlético Madrid,atletico-madrid,Atl. Madrid,ATM,Spain,ES,ESP,1143553,Arnau Ortiz,Arnau Ortiz,,arnau-ortiz,A. Ortiz,M,16,2001-10-29T00:00:00+00:00,175,,Both,Spain,ES,ESP,1200000,1845936000
2836,Atlético Madrid,atletico-madrid,Atl. Madrid,ATM,Spain,ES,ESP,1402996,Jorge Castillo,Jorge Castillo,,jorge-castillo,J. Castillo,M,46,2006-05-23T00:00:00+00:00,180,,Right,Spain,ES,ESP,155000,1845936000
2836,Atlético Madrid,atletico-madrid,Atl. Madrid,ATM,Spain,ES,ESP,829932,Cristian Romero,Cristian,Romero,cristian-romero,C. Romero,D,21,1998-04-27T00:00:00+00:00,185,72,Right,Argentina,AR,ARG,46000000,1940544000
2836,Atlético Madrid,atletico-madrid,Atl. Madrid,ATM,Spain,ES,ESP,353138,Marcos Llorente,Marcos,Llorente,marcos-llorente,M. Llorente,D,14,1995-01-30T00:00:00+00:00,184,71,Right,Spain,ES,ESP,21000000,1814313600
2836,Atlético Madrid,atletico-madrid,Atl. Madrid,ATM,Spain,ES,ESP,787751,Robin Le Normand,Robin,Le Normand,robin-le-normand,R. Le Normand,D,24,1996-11-11T00:00:00+00:00,187,,Right,Spain,ES,ESP,19100000,1877472000
2836,Atlético Madrid,atletico-madrid,Atl. Madrid,ATM,Spain,ES,ESP,1094106,Marc Pubill,,,marc-pubill,Pubill,D,18,2003-06-20T00:00:00+00:00,190,,Right,Spain,ES,ESP,33000000,1909008000
2836,Atlético Madrid,atletico-madrid,Atl. Madrid,ATM,Spain,ES,ESP,807771,Dávid Hancko,David,Hancko,david-hancko,D. Hancko,D,17,1997-12-13T00:00:00+00:00,188,,Left,Slovakia,SK,SVK,36000000,1909008000
2836,Atlético Madrid,atletico-madrid,Atl. Madrid,ATM,Spain,ES,ESP,2271379,Jorge Domínguez,,,jorge-dominguez,J. Domínguez,D,27,2009-12-21T00:00:00+00:00,192,,Right,Spain,ES,ESP,7600000,1845936000
2836,Atlético Madrid,atletico-madrid,Atl. Madrid,ATM,Spain,ES,ESP,1414932,Dani Martinez,Daniel,Martinez Moreno,daniel-moreno,D. Martinez,D,30,2004-05-05T00:00:00+00:00,186,,Left,Spain,ES,ESP,550000,1814313600
2836,Atlético Madrid,atletico-madrid,Atl. Madrid,ATM,Spain,ES,ESP,263651,Juan Musso,Juan,Musso,juan-musso,J. Musso,G,1,1994-05-06T00:00:00+00:00,191,,Right,Argentina,AR,ARG,3200000,1845936000
2836,Atlético Madrid,atletico-madrid,Atl. Madrid,ATM,Spain,ES,ESP,69768,Jan Oblak,,,jan-oblak,J. Oblak,G,13,1993-01-07T00:00:00+00:00,189,84,Right,Slovenia,SI,SVN,16000000,1845936000
2836,Atlético Madrid,atletico-madrid,Atl. Madrid,ATM,Spain,ES,ESP,1179149,Salvi Esquivel,Salvi Esquivel,,salvi-esquivel,S. Esquivel,G,31,2005-09-30T00:00:00+00:00,193,,Left,Spain,ES,ESP,970000,1845936000
2821,Celta Vigo,celta-vigo,Celta,CEL,Spain,ES,ESP,785989,Borja Iglesias,Borja,Iglesias,borja-iglesias,B. Iglesias,F,7,1993-01-17T00:00:00+00:00,187,80,Right,Spain,ES,ESP,2900000,1814313600
2821,Celta Vigo,celta-vigo,Celta,CEL,Spain,ES,ESP,19356,Iago Aspas,,,iago-aspas,I. Aspas,F,10,1987-08-01T00:00:00+00:00,176,67,Left,Spain,ES,ESP,1500000,1814313600
2821,Celta Vigo,celta-vigo,Celta,CEL,Spain,ES,ESP,1047395,Couhaib Driouech,,,couhaib-driouech,C. Driouech,F,24,2002-04-17T00:00:00+00:00,175,,Left,Morocco,MA,MAR,7100000,1909008000
2821,Celta Vigo,celta-vigo,Celta,CEL,Spain,ES,ESP,949962,Ferrán Jutglà,,,ferran-jutgla,F. Jutglà,F,9,1999-02-01T00:00:00+00:00,175,,Right,Spain,ES,ESP,10700000,1877472000
2821,Celta Vigo,celta-vigo,Celta,CEL,Spain,ES,ESP,1173575,Jones El-Abdellaoui,Jones El-Abdellaoui,,jones-el-abdellaoui,J. El-Abdellaoui,F,39,2006-01-12T00:00:00+00:00,184,72,Right,Morocco,MA,MAR,8400000,1877472000
2821,Celta Vigo,celta-vigo,Celta,CEL,Spain,ES,ESP,1398524,Pablo Durán,Pablo Durán,,pablo-duran,P. Durán,F,11,2001-05-25T00:00:00+00:00,176,,Right,Spain,ES,ESP,4099999,1845936000
2821,Celta Vigo,celta-vigo,Celta,CEL,Spain,ES,ESP,962890,Ilaix Moriba,,,ilaix-moriba,I. Moriba,M,6,2003-01-19T00:00:00+00:00,183,,Right,Guinea,GN,GIN,13700000,1877472000
2821,Celta Vigo,celta-vigo,Celta,CEL,Spain,ES,ESP,1126779,Williot Swedberg,,,williot-swedberg,W. Swedberg,M,19,2004-02-01T00:00:00+00:00,185,,Right,Sweden,SE,SWE,18700000,1877472000
2821,Celta Vigo,celta-vigo,Celta,CEL,Spain,ES,ESP,286167,Aleix Febas,Aleix,Febas,aleix-febas,A. Febas,M,14,1996-02-02T00:00:00+00:00,168,57,Right,Spain,ES,ESP,5200000,1877472000
2821,Celta Vigo,celta-vigo,Celta,CEL,Spain,ES,ESP,1154935,Hugo Álvarez,Hugo Álvarez,,hugo-alvarez,H. Álvarez,M,23,2003-07-02T00:00:00+00:00,176,,Right,Spain,ES,ESP,7800000,1845936000
2821,Celta Vigo,celta-vigo,Celta,CEL,Spain,ES,ESP,1002764,Sergio Carreira,,,sergio-carreira,S. Carreira,M,5,2000-10-13T00:00:00+00:00,170,,Right,Spain,ES,ESP,11500000,1877472000
2821,Celta Vigo,celta-vigo,Celta,CEL,Spain,ES,ESP,1008259,Javier Rueda,,,javier-rueda,J. Rueda,M,17,2002-05-08T00:00:00+00:00,176,,Right,Spain,ES,ESP,6200000,1877472000
2821,Celta Vigo,celta-vigo,Celta,CEL,Spain,ES,ESP,1398526,Miguel Román,Miguel Román,,miguel-roman,M. Román,M,8,2002-12-26T00:00:00+00:00,178,,Right,Spain,ES,ESP,14400000,1845936000
2821,Celta Vigo,celta-vigo,Celta,CEL,Spain,ES,ESP,996931,Hugo González,,,hugo-gonzalez,H. González,M,16,2003-02-07T00:00:00+00:00,181,,Right,Spain,ES,ESP,720000,1845936000
2821,Celta Vigo,celta-vigo,Celta,CEL,Spain,ES,ESP,1916256,Andrés Antañón,Andrés Antañón,,andres-antanon,A. Antañón,M,28,2007-01-22T00:00:00+00:00,183,,Right,Spain,ES,ESP,535000,1814313600
2821,Celta Vigo,celta-vigo,Celta,CEL,Spain,ES,ESP,1858279,Hugo Burcio,,,hugo-burcio,H. Burcio,M,30,2006-10-31T00:00:00+00:00,187,,Right,Spain,ES,ESP,480000,1845936000
2821,Celta Vigo,celta-vigo,Celta,CEL,Spain,ES,ESP,69408,Marcos Alonso,,,marcos-alonso,M. Alonso,D,3,1990-12-28T00:00:00+00:00,188,84,Left,Spain,ES,ESP,1300000,1845936000
2821,Celta Vigo,celta-vigo,Celta,CEL,Spain,ES,ESP,1529051,Abdoulaye Faye,Abdoulaye Faye,,faye-abdoulaye,A. Faye,D,4,2004-09-22T00:00:00+00:00,191,,Left,Senegal,SN,SEN,4200000,1814313600
2821,Celta Vigo,celta-vigo,Celta,CEL,Spain,ES,ESP,825133,Javi Galán,Javi,Galan,javi-galan,J. Galán,D,22,1994-11-19T00:00:00+00:00,172,70,Left,Spain,ES,ESP,1700000,1845936000
2821,Celta Vigo,celta-vigo,Celta,CEL,Spain,ES,ESP,924889,Sebastián Cáceres,Sebastian,Caceres,sebastian-caceres,S. Cáceres,D,21,1999-08-18T00:00:00+00:00,183,,Right,Uruguay,UY,URY,4099999,1909008000
2821,Celta Vigo,celta-vigo,Celta,CEL,Spain,ES,ESP,360718,Carl Starfelt,Carl,Starfelt,carl-starfelt,C. Starfelt,D,2,1995-06-01T00:00:00+00:00,185,80,Right,Sweden,SE,SWE,4099999,1814313600
2821,Celta Vigo,celta-vigo,Celta,CEL,Spain,ES,ESP,1526627,Javi Rodríguez,,,javi-rodriguez,J. Rodríguez,D,20,2003-06-26T00:00:00+00:00,184,,Right,Spain,ES,ESP,17500000,1845936000
2821,Celta Vigo,celta-vigo,Celta,CEL,Spain,ES,ESP,1012410,Álvaro Núñez,,,nunez-alvaro,A. Núñez,D,15,2000-07-07T00:00:00+00:00,174,,Right,Spain,ES,ESP,3900000,1909008000
2821,Celta Vigo,celta-vigo,Celta,CEL,Spain,ES,ESP,1145100,Yoel Lago,Yoel,Lago,yoel-lago,Y. Lago,D,18,2004-03-25T00:00:00+00:00,185,,Right,Spain,ES,ESP,3700000,1877472000
2821,Celta Vigo,celta-vigo,Celta,CEL,Spain,ES,ESP,815890,Altay Bayındır,Altay,Bayindir,altay-bayindir,A. Bayındır,G,1,1998-04-14T00:00:00+00:00,198,,Right,Türkiye,TR,TUR,4900000,1814313600
2821,Celta Vigo,celta-vigo,Celta,CEL,Spain,ES,ESP,815202,Ionuț Radu,Ionut,Radu,ionut-radu,I. Radu,G,13,1997-05-28T00:00:00+00:00,188,70,Right,Romania,RO,ROU,8700000,1877472000
2821,Celta Vigo,celta-vigo,Celta,CEL,Spain,ES,ESP,848980,Iván Villar,Ivan,Villar,ivan-villar,I. Villar,G,25,1997-07-09T00:00:00+00:00,183,76,Right,Spain,ES,ESP,960000,1814313600
2885,Deportivo Alavés,deportivo-alaves,Alavés,ALA,Spain,ES,ESP,175753,Mariano Díaz,,,mariano-diaz,M. Díaz,F,9,1993-08-01T00:00:00+00:00,180,79,Right,Dominican Republic,DO,DOM,285000,1814313600
2885,Deportivo Alavés,deportivo-alaves,Alavés,ALA,Spain,ES,ESP,814385,Lucas Boyé,Lucas,Boye,lucas-boye,L. Boyé,F,15,1996-02-28T00:00:00+00:00,183,81,Right,Argentina,AR,ARG,5300000,1877472000
2885,Deportivo Alavés,deportivo-alaves,Alavés,ALA,Spain,ES,ESP,831253,Toni Martínez,Toni,Martinez,toni-martinez,T. Martínez,F,11,1997-06-30T00:00:00+00:00,180,70,Right,Spain,ES,ESP,7300000,1845936000
2885,Deportivo Alavés,deportivo-alaves,Alavés,ALA,Spain,ES,ESP,1639543,Aitor Mañas,Aitor Mañas,,aitor-manas,A. Mañas,F,20,2003-01-05T00:00:00+00:00,185,,Left,Spain,ES,ESP,570000,1909008000
2885,Deportivo Alavés,deportivo-alaves,Alavés,ALA,Spain,ES,ESP,2398123,Izei Hernandez,Izei Hernandez,,izei-hernandez,I. Hernandez,F,29,2007-02-02T00:00:00+00:00,181,,Right,Spain,ES,ESP,205000,1909008000
2885,Deportivo Alavés,deportivo-alaves,Alavés,ALA,Spain,ES,ESP,1082968,Abderrahman Rebbach,,,abderrahman-rebbach,A. Rebbach,M,21,1998-08-11T00:00:00+00:00,176,,Right,Algeria,DZ,DZA,2400000,1845936000
2885,Deportivo Alavés,deportivo-alaves,Alavés,ALA,Spain,ES,ESP,855832,Antonio Blanco,Antonio,Blanco,antonio-blanco,A. Blanco,M,8,2000-07-23T00:00:00+00:00,176,,Right,Spain,ES,ESP,9700000,1814313600
2885,Deportivo Alavés,deportivo-alaves,Alavés,ALA,Spain,ES,ESP,794937,Carles Aleñá,Carles,Alena,carles-alena,C. Aleñá,M,10,1998-01-05T00:00:00+00:00,180,73,Left,Spain,ES,ESP,2800000,1877472000
2885,Deportivo Alavés,deportivo-alaves,Alavés,ALA,Spain,ES,ESP,138383,Denis Suárez,,,denis-suarez,D. Suárez,M,4,1994-01-06T00:00:00+00:00,176,69,Right,Spain,ES,ESP,1100000,1814313600
2885,Deportivo Alavés,deportivo-alaves,Alavés,ALA,Spain,ES,ESP,1014118,Miguel Rodríguez,,,miguel-rodriguez,M. Rodríguez,M,22,2003-04-29T00:00:00+00:00,179,,Left,Spain,ES,ESP,4099999,1940544000
2885,Deportivo Alavés,deportivo-alaves,Alavés,ALA,Spain,ES,ESP,1084381,Pablo Ibáñez,,,pablo-ibanez-lumbreras,P. Ibáñez,M,19,1998-01-01T00:00:00+00:00,179,,Right,Spain,ES,ESP,4099999,1909008000
2885,Deportivo Alavés,deportivo-alaves,Alavés,ALA,Spain,ES,ESP,1513222,Ángel Pérez,,,angel-perez,Á. Pérez,M,7,2002-08-29T00:00:00+00:00,183,,Left,Spain,ES,ESP,2800000,1909008000
2885,Deportivo Alavés,deportivo-alaves,Alavés,ALA,Spain,ES,ESP,891931,Ander Guevara,,,ander-guevara,A. Guevara,M,6,1997-07-07T00:00:00+00:00,180,,Right,Spain,ES,ESP,2700000,1814313600
2885,Deportivo Alavés,deportivo-alaves,Alavés,ALA,Spain,ES,ESP,788142,Mikel Rodriguez,Mikel,Rodriguez,mikel-rodriguez,M. Rodriguez,M,18,2002-04-03T00:00:00+00:00,175,,Right,Spain,ES,ESP,720000,1940544000
2885,Deportivo Alavés,deportivo-alaves,Alavés,ALA,Spain,ES,ESP,1522234,Selu Diallo,Selu Diallo,,selu-diallo,S. Diallo,M,24,2003-10-01T00:00:00+00:00,187,,Right,Guinea,GN,GIN,365000,1845936000
2885,Deportivo Alavés,deportivo-alaves,Alavés,ALA,Spain,ES,ESP,1119693,Tomás Mendes,,,tomas-mendes,T. Mendes,M,30,2004-11-21T00:00:00+00:00,179,,Right,Guinea-Bissau,GW,GNB,520000,1814313600
2885,Deportivo Alavés,deportivo-alaves,Alavés,ALA,Spain,ES,ESP,1403364,Youssef Enriquez,Youssef,Enriquez,youssef-enriquez,Y. Enriquez,D,3,2005-10-07T00:00:00+00:00,170,,Right,Morocco,MA,MAR,4300000,1877472000
2885,Deportivo Alavés,deportivo-alaves,Alavés,ALA,Spain,ES,ESP,879875,Facundo Garcés,Facundo,Garces,facundo-garces,F. Garcés,D,2,1999-09-05T00:00:00+00:00,191,82,Right,Malaysia,MY,MYS,1300000,1845936000
2885,Deportivo Alavés,deportivo-alaves,Alavés,ALA,Spain,ES,ESP,896073,Nahuel Tenaglia,Nahuel,Tenaglia,nahuel-tenaglia,N. Tenaglia,D,14,1996-02-21T00:00:00+00:00,182,71,Right,Argentina,AR,ARG,3200000,1877472000
2885,Deportivo Alavés,deportivo-alaves,Alavés,ALA,Spain,ES,ESP,1116570,Nicolás Valentini,Nicolás Valentini,,nicolas-valentini,N. Valentini,D,2,2001-04-06T00:00:00+00:00,184,79,Left,Argentina,AR,ARG,3100000,1877472000
2885,Deportivo Alavés,deportivo-alaves,Alavés,ALA,Spain,ES,ESP,235648,Jonny Otto,Jonny,Otto,jonny-otto,J. Otto,D,17,1994-03-03T00:00:00+00:00,175,70,Both,Spain,ES,ESP,2100000,1814313600
2885,Deportivo Alavés,deportivo-alaves,Alavés,ALA,Spain,ES,ESP,999178,Ville Koski,,,koski-ville,V. Koski,D,16,2002-01-27T00:00:00+00:00,185,,Right,Finland,FI,FIN,1600000,1940544000
2885,Deportivo Alavés,deportivo-alaves,Alavés,ALA,Spain,ES,ESP,873717,Carlos Benavídez,Carlos,Protesoni,carlos-benavidez,C. Benavídez,D,23,1998-03-30T00:00:00+00:00,185,76,Right,Uruguay,UY,URY,960000,1845936000
2885,Deportivo Alavés,deportivo-alaves,Alavés,ALA,Spain,ES,ESP,1001967,Hugo Novoa,,,hugo-novoa-ramos,H. N. Ramos,D,12,2003-01-24T00:00:00+00:00,182,,Right,Spain,ES,ESP,725000,1877472000
2885,Deportivo Alavés,deportivo-alaves,Alavés,ALA,Spain,ES,ESP,1606695,Xanet Olaiz,,,xanet-olaiz,X. Olaiz,D,27,2005-07-18T00:00:00+00:00,183,,Left,Spain,ES,ESP,210000,1845936000
2885,Deportivo Alavés,deportivo-alaves,Alavés,ALA,Spain,ES,ESP,369004,Antonio Sivera,Antonio,Sivera,antonio-sivera,A. Sivera,G,1,1996-08-11T00:00:00+00:00,184,75,Right,Spain,ES,ESP,5600000,1909008000
2885,Deportivo Alavés,deportivo-alaves,Alavés,ALA,Spain,ES,ESP,965822,Adrián Rodríguez,,,adrian-rodriguez,A. Rodríguez,G,13,2000-12-12T00:00:00+00:00,195,,Right,Argentina,AR,ARG,185000,1845936000
2832,Deportivo de A Coruña,deportivo-la-coruna,Deportivo,COR,Spain,ES,ESP,51498,Pierre-Emerick Aubameyang,,,pierre-emerick-aubameyang,P. Aubameyang,F,7,1989-06-18T00:00:00+00:00,187,80,Right,Gabon,GA,GAB,2400000,1845936000
2832,Deportivo de A Coruña,deportivo-la-coruna,Deportivo,COR,Spain,ES,ESP,286165,Adama Traoré,,,adama-traore,A. Traoré,F,24,1996-01-25T00:00:00+00:00,178,76,Right,Spain,ES,ESP,5700000,1845936000
2832,Deportivo de A Coruña,deportivo-la-coruna,Deportivo,COR,Spain,ES,ESP,1096950,Yeremay Hernández,,,yeremay-hernandez,Y. Hernández,F,10,2002-12-10T00:00:00+00:00,169,,Right,Spain,ES,ESP,23000000,1909008000
2832,Deportivo de A Coruña,deportivo-la-coruna,Deportivo,COR,Spain,ES,ESP,979476,Zakaria Eddahchouri,,,zakaria-eddahchouri,Z. Eddahchouri,F,9,2000-05-11T00:00:00+00:00,187,,Right,Netherlands,NL,NLD,2400000,1845936000
2832,Deportivo de A Coruña,deportivo-la-coruna,Deportivo,COR,Spain,ES,ESP,1146545,Jonathan Asp Jensen,,,jensen-jonathan-asp,J. A. Jensen,F,18,2006-01-14T00:00:00+00:00,182,,Right,Denmark,DK,DNK,3900000,1940544000
2832,Deportivo de A Coruña,deportivo-la-coruna,Deportivo,COR,Spain,ES,ESP,2335487,Bil Nsongo,,,bil-nsongo,B. Nsongo,F,32,2004-09-21T00:00:00+00:00,182,,Right,Cameroon,CM,CMR,3200000,1909008000
2832,Deportivo de A Coruña,deportivo-la-coruna,Deportivo,COR,Spain,ES,ESP,1000483,Marc Casadó,,,marc-casado,M. Casadó,M,6,2003-09-14T00:00:00+00:00,172,,Right,Spain,ES,ESP,17400000,1814313600
2832,Deportivo de A Coruña,deportivo-la-coruna,Deportivo,COR,Spain,ES,ESP,848355,Angeliño,Jose Angel,Angelino,angelino,Angeliño,M,17,1997-01-04T00:00:00+00:00,171,69,Left,Spain,ES,ESP,4200000,1814313600
2832,Deportivo de A Coruña,deportivo-la-coruna,Deportivo,COR,Spain,ES,ESP,1146312,David Mella,,,david-mella,D. Mella,M,11,2005-05-23T00:00:00+00:00,169,,Left,Spain,ES,ESP,4500000,1877472000
2832,Deportivo de A Coruña,deportivo-la-coruna,Deportivo,COR,Spain,ES,ESP,1100207,Lorenzo Amatucci,,,amatucci-lorenzo,L. Amatucci,M,16,2004-02-05T00:00:00+00:00,172,,Right,Italy,IT,ITA,8199999,1845936000
2832,Deportivo de A Coruña,deportivo-la-coruna,Deportivo,COR,Spain,ES,ESP,984622,Mario Soriano,,,mario-soriano,M. Soriano,M,21,2002-04-22T00:00:00+00:00,163,,Right,Spain,ES,ESP,4600000,1845936000
2832,Deportivo de A Coruña,deportivo-la-coruna,Deportivo,COR,Spain,ES,ESP,966526,Luismi Cruz,,,luismi-cruz,L. Cruz,M,19,2001-05-23T00:00:00+00:00,166,,Left,Spain,ES,ESP,2100000,1877472000
2832,Deportivo de A Coruña,deportivo-la-coruna,Deportivo,COR,Spain,ES,ESP,950110,Riki Rodríguez,,,riki-rodriguez,R. Rodríguez,M,14,1997-09-25T00:00:00+00:00,175,,Right,Spain,ES,ESP,1400000,1877472000
2832,Deportivo de A Coruña,deportivo-la-coruna,Deportivo,COR,Spain,ES,ESP,1405763,Teun Gijselhart,Teun,Gijselhart,gijselhart-teun,T. Gijselhart,M,34,2005-04-06T00:00:00+00:00,176,,Right,Netherlands,NL,NLD,700000,1909008000
2832,Deportivo de A Coruña,deportivo-la-coruna,Deportivo,COR,Spain,ES,ESP,964849,Diego Villares,,,diego-villares,D. Villares,M,8,1996-07-17T00:00:00+00:00,186,,Right,Spain,ES,ESP,1000000,1845936000
2832,Deportivo de A Coruña,deportivo-la-coruna,Deportivo,COR,Spain,ES,ESP,2414019,Noé Carrillo,,,noe,N. Carrillo,M,37,2006-12-28T00:00:00+00:00,176,,Right,Spain,ES,ESP,1000000,1877472000
2832,Deportivo de A Coruña,deportivo-la-coruna,Deportivo,COR,Spain,ES,ESP,325355,José María Giménez,,,jose-maria-gimenez,J. M. Giménez,D,20,1995-01-20T00:00:00+00:00,185,,Right,Uruguay,UY,URY,8600000,1845936000
2832,Deportivo de A Coruña,deportivo-la-coruna,Deportivo,COR,Spain,ES,ESP,1978292,Bright Ede,Bright,Ede,bright-ede,B. Ede,D,22,2007-02-18T00:00:00+00:00,193,,Left,Poland,PL,POL,620000,1940544000
2832,Deportivo de A Coruña,deportivo-la-coruna,Deportivo,COR,Spain,ES,ESP,1127337,Lucas Noubi,Lucas Noubi,,lucas-noubi,L. Noubi,D,4,2005-01-15T00:00:00+00:00,184,,Right,Belgium,BE,BEL,1500000,1877472000
2832,Deportivo de A Coruña,deportivo-la-coruna,Deportivo,COR,Spain,ES,ESP,980732,Adrià Altimira,,,altimira-adria,A. Altimira,D,2,2001-03-28T00:00:00+00:00,170,,Right,Spain,ES,ESP,1700000,1877472000
2832,Deportivo de A Coruña,deportivo-la-coruna,Deportivo,COR,Spain,ES,ESP,901843,Arnau Comas,Arnau,Comas,arnau-comas,A. Comas,D,3,2000-04-11T00:00:00+00:00,189,,Right,Spain,ES,ESP,470000,1845936000
2832,Deportivo de A Coruña,deportivo-la-coruna,Deportivo,COR,Spain,ES,ESP,150864,Ximo Navarro,Ximo,Navarro,ximo-navarro,X. Navarro,D,23,1990-01-23T00:00:00+00:00,176,70,Right,Spain,ES,ESP,95000,1814313600
2832,Deportivo de A Coruña,deportivo-la-coruna,Deportivo,COR,Spain,ES,ESP,973300,Giacomo Quagliata,,,giacomo-quagliata,G. Quagliata,D,12,2000-02-19T00:00:00+00:00,177,,Left,Italy,IT,ITA,2100000,1845936000
2832,Deportivo de A Coruña,deportivo-la-coruna,Deportivo,COR,Spain,ES,ESP,1100590,Dani Barcia,,,dani-barcia,D. Barcia,D,5,2003-01-19T00:00:00+00:00,186,,Left,Spain,ES,ESP,1300000,1845936000
2832,Deportivo de A Coruña,deportivo-la-coruna,Deportivo,COR,Spain,ES,ESP,811611,Miguel Loureiro,Miguel,Loureiro,miguel-loureiro,M. Loureiro,D,15,1996-11-21T00:00:00+00:00,180,,Right,Spain,ES,ESP,1200000,1845936000
2832,Deportivo de A Coruña,deportivo-la-coruna,Deportivo,COR,Spain,ES,ESP,1131909,Leo Román,,,leo-roman,L. Román,G,13,2000-07-06T00:00:00+00:00,189,,Right,Spain,ES,ESP,5800000,1940544000
2832,Deportivo de A Coruña,deportivo-la-coruna,Deportivo,COR,Spain,ES,ESP,852412,Álvaro Ferllo,,,alvaro-fernandez,Á. Ferllo,G,25,1998-04-13T00:00:00+00:00,186,75,Left,Spain,ES,ESP,2100000,1814313600
2832,Deportivo de A Coruña,deportivo-la-coruna,Deportivo,COR,Spain,ES,ESP,950678,Germán Parreño,German,Parreno Boix,german-parreno-boix,G. Parreño,G,1,1993-02-16T00:00:00+00:00,189,78,Right,Spain,ES,ESP,240000,1845936000
2846,Elche,elche,Elche,ELC,Spain,ES,ESP,1518971,Adam Boayar,,,adam-boayar,A. Boayar,F,32,2005-10-13T00:00:00+00:00,180,,Right,Morocco,MA,MAR,825000,1814313600
2846,Elche,elche,Elche,ELC,Spain,ES,ESP,356444,Ezequiel Ponce,Ezequiel,Ponce,ezequiel-ponce,E. Ponce,F,9,1997-03-29T00:00:00+00:00,178,84,Right,Argentina,AR,ARG,3600000,1814313600
2846,Elche,elche,Elche,ELC,Spain,ES,ESP,605374,Tete Morente,Tete,Morente,tete-morente,T. Morente,F,20,1996-12-04T00:00:00+00:00,180,76,Right,Spain,ES,ESP,1600000,1845936000
2846,Elche,elche,Elche,ELC,Spain,ES,ESP,1016019,Fernando Niño,,,fernando-nino,F. Niño,F,14,2000-10-24T00:00:00+00:00,190,,Right,Spain,ES,ESP,1800000,1909008000
2846,Elche,elche,Elche,ELC,Spain,ES,ESP,1190083,Abiel Osorio,Abiel,Osorio,abiel-osorio,A. Osorio,F,24,2002-06-14T00:00:00+00:00,182,,Right,Argentina,AR,ARG,1400000,1877472000
2846,Elche,elche,Elche,ELC,Spain,ES,ESP,1117025,Facundo Buonanotte,Facundo Buonanotte,,facundo-buonanotte,F. Buonanotte,M,10,2004-12-23T00:00:00+00:00,174,,Left,Argentina,AR,ARG,10900000,1814313600
2846,Elche,elche,Elche,ELC,Spain,ES,ESP,1126447,Lucas Cepeda,Lucas Cepeda,,lucas-cepeda,L. Cepeda,M,21,2002-10-31T00:00:00+00:00,177,,Left,Chile,CL,CHL,2600000,1909008000
2846,Elche,elche,Elche,ELC,Spain,ES,ESP,191182,Thomas Lemar,Thomas,Lemar,thomas-lemar,T. Lemar,M,18,1995-11-12T00:00:00+00:00,170,58,Left,France,FR,FRA,1900000,1814313600
2846,Elche,elche,Elche,ELC,Spain,ES,ESP,1117026,Federico Redondo,Federico Redondo,,federico-redondo,F. Redondo,M,5,2003-01-18T00:00:00+00:00,188,75,Right,Argentina,AR,ARG,2400000,1909008000
2846,Elche,elche,Elche,ELC,Spain,ES,ESP,848512,Grady Diangana,Grady,Diangana,grady-diangana,G. Diangana,M,19,1998-04-19T00:00:00+00:00,180,73,Left,DR Congo,CD,COD,2100000,1814313600
2846,Elche,elche,Elche,ELC,Spain,ES,ESP,1516812,Ali Houary,,,houary-ali,A. Houary,M,29,2005-08-05T00:00:00+00:00,178,,Right,Morocco,MA,MAR,310000,1845936000
2846,Elche,elche,Elche,ELC,Spain,ES,ESP,914765,Gonzalo Villar,,,gonzalo-villar,G. Villar,M,12,1998-03-23T00:00:00+00:00,181,,Right,Spain,ES,ESP,1700000,1877472000
2846,Elche,elche,Elche,ELC,Spain,ES,ESP,962710,Germán Valera,German,Valera,german-valera,G. Valera,M,11,2002-03-16T00:00:00+00:00,170,,Left,Spain,ES,ESP,6200000,1814313600
2846,Elche,elche,Elche,ELC,Spain,ES,ESP,1100646,Martim Neto,Martim,Neto,martim-neto,M. Neto,M,16,2003-01-14T00:00:00+00:00,185,,Right,Portugal,PT,PRT,3800000,1845936000
2846,Elche,elche,Elche,ELC,Spain,ES,ESP,1014595,Marc Aguado,,,marc-aguado,M. Aguado,M,8,2000-02-22T00:00:00+00:00,178,,Right,Spain,ES,ESP,3700000,1814313600
2846,Elche,elche,Elche,ELC,Spain,ES,ESP,1092515,Yago Santiago,,,yago-santiago,Y. Santiago,M,7,2003-03-15T00:00:00+00:00,177,,Right,Spain,ES,ESP,1100000,1814313600
2846,Elche,elche,Elche,ELC,Spain,ES,ESP,1832076,Javi Morcillo,,,javi-morcillo,J. Morcillo,M,47,2006-03-15T00:00:00+00:00,183,,Right,Spain,ES,ESP,515000,1909008000
2846,Elche,elche,Elche,ELC,Spain,ES,ESP,808955,Josan,Jose Antonio,Josan,josan,Josan,M,17,1989-12-03T00:00:00+00:00,175,68,Right,Spain,ES,ESP,105000,1814313600
2846,Elche,elche,Elche,ELC,Spain,ES,ESP,1003014,Kevin Lomónaco,Kevin,Lomonaco,kevin-lomonaco,Kevin Lomónaco,D,26,2002-01-08T00:00:00+00:00,192,,Right,Argentina,AR,ARG,8199999,1909008000
2846,Elche,elche,Elche,ELC,Spain,ES,ESP,1542721,Buba Sangaré,Buba Sangaré,,sangare-buba,B. Sangaré,D,2,2007-08-06T00:00:00+00:00,184,,Right,Spain,ES,ESP,4400000,1940544000
2846,Elche,elche,Elche,ELC,Spain,ES,ESP,855831,Víctor Chust,Victor,Chust,victor-chust,V. Chust,D,23,2000-03-05T00:00:00+00:00,182,,Right,Spain,ES,ESP,3700000,1877472000
2846,Elche,elche,Elche,ELC,Spain,ES,ESP,1142085,Roy Revivo,Roy Revivo,,roy-revivo,R. Revivo,D,3,2003-05-22T00:00:00+00:00,183,,Left,Israel,IL,ISR,4600000,1909008000
2846,Elche,elche,Elche,ELC,Spain,ES,ESP,141832,Pedro Bigas,Pedro,Bigas,pedro-bigas,P. Bigas,D,6,1990-02-15T00:00:00+00:00,180,78,Left,Spain,ES,ESP,310000,1814313600
2846,Elche,elche,Elche,ELC,Spain,ES,ESP,1542493,Matia Barzić,Matia Barzić,,matia-barzic,M. Barzić,D,26,2004-05-31T00:00:00+00:00,190,85,Right,Croatia,HR,HRV,910000,1909008000
2846,Elche,elche,Elche,ELC,Spain,ES,ESP,849731,Bambo Diaby,Bambo,Diaby,bambo-diaby,B. Diaby,D,4,1997-12-17T00:00:00+00:00,186,,Right,Senegal,SN,SEN,850000,1814313600
2846,Elche,elche,Elche,ELC,Spain,ES,ESP,1021165,Rubén Sánchez,,,sanchez-saez-ruben,R. Sánchez,D,22,2001-02-04T00:00:00+00:00,184,,Right,Spain,ES,ESP,1700000,1814313600
2846,Elche,elche,Elche,ELC,Spain,ES,ESP,556884,Matías Dituro,Matias,Dituro,matias-dituro,M. Dituro,G,1,1987-05-08T00:00:00+00:00,191,82,Right,Argentina,AR,ARG,105000,1814313600
2846,Elche,elche,Elche,ELC,Spain,ES,ESP,1019324,Alejandro Iturbe,,,iturbe-alejandro,A. Iturbe,G,13,2003-09-02T00:00:00+00:00,186,80,Right,Spain,ES,ESP,1300000,1877472000
2814,Espanyol,espanyol,Espanyol,ESP,Spain,ES,ESP,1084730,Bryan Zaragoza,,,bryan-zaragoza,B. Zaragoza,F,15,2001-09-09T00:00:00+00:00,165,,Right,Spain,ES,ESP,7500000,1814313600
2814,Espanyol,espanyol,Espanyol,ESP,Spain,ES,ESP,1392592,Roberto Fernández,,,roberto-fernandez,R. Fernández,F,9,2002-07-03T00:00:00+00:00,186,,Right,Spain,ES,ESP,10300000,1940544000
2814,Espanyol,espanyol,Espanyol,ESP,Spain,ES,ESP,84972,Kike García,,,kike-garcia,K. García,F,19,1989-11-25T00:00:00+00:00,186,79,Right,Spain,ES,ESP,725000,1814313600
2814,Espanyol,espanyol,Espanyol,ESP,Spain,ES,ESP,1183542,Marcos Fernández,,,marcos-fernandez,M. Fernández,F,18,2003-05-17T00:00:00+00:00,176,,Right,Spain,ES,ESP,1500000,1845936000
2814,Espanyol,espanyol,Espanyol,ESP,Spain,ES,ESP,1485309,Gabriel Moscardo,,,gabriel-moscardo,G. Moscardo,M,20,2005-09-28T00:00:00+00:00,185,,Right,Brazil,BR,BRA,7500000,1814313600
2814,Espanyol,espanyol,Espanyol,ESP,Spain,ES,ESP,891511,Javi Puado,Javi,Puado,javi-puado,J. Puado,M,7,1998-05-25T00:00:00+00:00,178,69,Right,Spain,ES,ESP,7000000,1909008000
2814,Espanyol,espanyol,Espanyol,ESP,Spain,ES,ESP,877262,Edu Expósito,,,edu-exposito,E. Expósito,M,8,1996-08-01T00:00:00+00:00,175,,Right,Spain,ES,ESP,4500000,1814313600
2814,Espanyol,espanyol,Espanyol,ESP,Spain,ES,ESP,1063015,Tyrhys Dolan,Tyrhys Dolan,,tyrhys-dolan,T. Dolan,M,24,2001-12-28T00:00:00+00:00,170,,Right,England,EN,ENG,10800000,1845936000
2814,Espanyol,espanyol,Espanyol,ESP,Spain,ES,ESP,175185,Pere Milla,Pere,Milla,pere-milla,P. Milla,M,11,1992-09-23T00:00:00+00:00,179,70,Left,Spain,ES,ESP,965000,1814313600
2814,Espanyol,espanyol,Espanyol,ESP,Spain,ES,ESP,1136863,Álex Calatrava,,,alex-calatrava,Á. Calatrava,M,22,2000-06-22T00:00:00+00:00,175,70,Left,Spain,ES,ESP,3900000,1940544000
2814,Espanyol,espanyol,Espanyol,ESP,Spain,ES,ESP,826010,Pol Lozano,Pol,Lozano,pol-lozano,P. Lozano,M,10,1999-10-06T00:00:00+00:00,176,,Right,Spain,ES,ESP,5800000,1814313600
2814,Espanyol,espanyol,Espanyol,ESP,Spain,ES,ESP,1064009,Urko González,,,urko-gonzalez,U. González,M,4,2001-03-20T00:00:00+00:00,189,,Right,Spain,ES,ESP,11600000,1909008000
2814,Espanyol,espanyol,Espanyol,ESP,Spain,ES,ESP,1514913,Javier Hernández,,,hernandez-javier,J. Hernández,M,28,2004-01-30T00:00:00+00:00,175,,Left,Spain,ES,ESP,1600000,1845936000
2814,Espanyol,espanyol,Espanyol,ESP,Spain,ES,ESP,1019236,Jofre Carreras,,,jofre,J. Carreras,M,17,2001-06-17T00:00:00+00:00,175,,Right,Spain,ES,ESP,2800000,1877472000
2814,Espanyol,espanyol,Espanyol,ESP,Spain,ES,ESP,1841365,Rafael Bauzà,Rafael Bauza,,rafael-bauza,R. Bauza,M,26,2005-01-30T00:00:00+00:00,183,,Right,Spain,ES,ESP,1100000,1845936000
2814,Espanyol,espanyol,Espanyol,ESP,Spain,ES,ESP,1064026,Omar El Hilali,,,omar-el-hilali,O. E. Hilali,D,23,2003-09-12T00:00:00+00:00,183,,Right,Morocco,MA,MAR,15900000,1814313600
2814,Espanyol,espanyol,Espanyol,ESP,Spain,ES,ESP,1392044,Quilindschy Hartman,,,quilindschy-hartman,Q. Hartman,D,3,2001-11-14T00:00:00+00:00,183,,Left,Netherlands,NL,NLD,15500000,1814313600
2814,Espanyol,espanyol,Espanyol,ESP,Spain,ES,ESP,892521,Unai Núñez,,,unai-nunez,U. Núñez,D,14,1997-01-30T00:00:00+00:00,186,81,Right,Spain,ES,ESP,3300000,1814313600
2814,Espanyol,espanyol,Espanyol,ESP,Spain,ES,ESP,81992,Leandro Cabrera,,,leandro-cabrera,L. Cabrera,D,6,1991-06-17T00:00:00+00:00,190,82,Left,Uruguay,UY,URY,930000,1814313600
2814,Espanyol,espanyol,Espanyol,ESP,Spain,ES,ESP,908617,Vanja Drkušić,Vanja,Drkusic,vanja-drkusic,V. Drkušić,D,16,1999-10-30T00:00:00+00:00,186,,Right,Slovenia,SI,SVN,5500000,1814313600
2814,Espanyol,espanyol,Espanyol,ESP,Spain,ES,ESP,866810,Andoni Gorosabel,,,andoni-gorosabel,A. Gorosabel,D,2,1996-08-04T00:00:00+00:00,174,,Right,Spain,ES,ESP,2900000,1845936000
2814,Espanyol,espanyol,Espanyol,ESP,Spain,ES,ESP,1129360,Clemens Riedel,,,clemens-riedel,C. Riedel,D,5,2003-07-19T00:00:00+00:00,186,,Right,Germany,DE,DEU,3900000,1877472000
2814,Espanyol,espanyol,Espanyol,ESP,Spain,ES,ESP,2065347,Roger Hinojo,Roger Hinojo,,roger-hinojo,R. Hinojo,D,21,2005-02-21T00:00:00+00:00,180,,Left,Spain,ES,ESP,1000000,1909008000
2814,Espanyol,espanyol,Espanyol,ESP,Spain,ES,ESP,2009791,José Ángel López,José Ángel López,,jose-angel-lopez,J. Á. López,D,32,2006-01-01T00:00:00+00:00,180,,Right,Spain,ES,ESP,155000,1877472000
2814,Espanyol,espanyol,Espanyol,ESP,Spain,ES,ESP,94527,Marko Dmitrović,,,marko-dmitrovic,M. Dmitrović,G,13,1992-01-24T00:00:00+00:00,194,94,Left,Serbia,RS,SRB,650000,1845936000
2814,Espanyol,espanyol,Espanyol,ESP,Spain,ES,ESP,1082734,Angel Fortuno,Angel,Fortuno,angel-fortuno,A. Fortuno,G,1,2001-01-01T00:00:00+00:00,183,,Right,Spain,ES,ESP,290000,1909008000
2817,FC Barcelona,barcelona,Barcelona,BAR,Spain,ES,ESP,914902,Anthony Gordon,Anthony,Gordon,anthony-gordon,A. Gordon,F,17,2001-02-24T00:00:00+00:00,183,,Right,England,EN,ENG,82000000,1940544000
2817,FC Barcelona,barcelona,Barcelona,BAR,Spain,ES,ESP,1961596,Hamza Abdelkarim,Hamza Abdelkarim,,hamza-abdelkarim,H. Abdelkarim,F,29,2008-01-01T00:00:00+00:00,182,,Right,Egypt,EG,EGY,1500000,1877472000
2817,FC Barcelona,barcelona,Barcelona,BAR,Spain,ES,ESP,1162107,Roony Bardghji,Roony,Bardghji,roony-bardghji,R. Bardghji,F,19,2005-11-15T00:00:00+00:00,173,,Left,Sweden,SE,SWE,15500000,1877472000
2817,FC Barcelona,barcelona,Barcelona,BAR,Spain,ES,ESP,794839,Gabriel Jesus,Gabriel,Jesus,gabriel-jesus,G. Jesus,F,9,1997-04-03T00:00:00+00:00,175,73,Right,Brazil,BR,BRA,17600000,1877472000
2817,FC Barcelona,barcelona,Barcelona,BAR,Spain,ES,ESP,940054,Karim Adeyemi,,,karim-adeyemi,K. Adeyemi,F,14,2002-01-18T00:00:00+00:00,180,,Left,Germany,DE,DEU,41000000,1940544000
2817,FC Barcelona,barcelona,Barcelona,BAR,Spain,ES,ESP,1402912,Lamine Yamal,,,lamine-yamal,L. Yamal,M,10,2007-07-13T00:00:00+00:00,183,,Left,Spain,ES,ESP,237000000,1940544000
2817,FC Barcelona,barcelona,Barcelona,BAR,Spain,ES,ESP,831005,Raphinha,,,raphinha,Raphinha,M,11,1996-12-14T00:00:00+00:00,176,,Left,Brazil,BR,BRA,63000000,1845936000
2817,FC Barcelona,barcelona,Barcelona,BAR,Spain,ES,ESP,992587,Pedri,,,pedri,Pedri,M,8,2002-11-25T00:00:00+00:00,174,,Right,Spain,ES,ESP,164000000,1909008000
2817,FC Barcelona,barcelona,Barcelona,BAR,Spain,ES,ESP,1103693,Gavi,,,gavi,Gavi,M,6,2004-08-05T00:00:00+00:00,173,,Right,Spain,ES,ESP,31000000,1909008000
2817,FC Barcelona,barcelona,Barcelona,BAR,Spain,ES,ESP,795222,Frenkie de Jong,Frenkie,de Jong,frenkie-de-jong,F. de Jong,M,21,1997-05-12T00:00:00+00:00,180,70,Right,Netherlands,NL,NLD,32000000,1877472000
2817,FC Barcelona,barcelona,Barcelona,BAR,Spain,ES,ESP,1153270,Fermín López,Fermín López,,fermin-lopez,F. López,M,7,2003-05-11T00:00:00+00:00,176,,Right,Spain,ES,ESP,103000000,1940544000
2817,FC Barcelona,barcelona,Barcelona,BAR,Spain,ES,ESP,789071,Dani Olmo,Dani,Olmo,dani-olmo,D. Olmo,M,20,1998-05-07T00:00:00+00:00,179,,Right,Spain,ES,ESP,58000000,1909008000
2817,FC Barcelona,barcelona,Barcelona,BAR,Spain,ES,ESP,827606,Rodri,Rodrigo,Rodri,rodri,Rodri,M,16,1996-06-22T00:00:00+00:00,191,78,Right,Spain,ES,ESP,50000000,1909008000
2817,FC Barcelona,barcelona,Barcelona,BAR,Spain,ES,ESP,1526618,Marc Bernal,,,marc-bernal,M. Bernal,M,22,2007-05-26T00:00:00+00:00,193,,Left,Spain,ES,ESP,29000000,1877472000
2817,FC Barcelona,barcelona,Barcelona,BAR,Spain,ES,ESP,1506988,Jesse Bisiwu,,,jesse-bisiwu,J. Bisiwu,M,74,2008-01-22T00:00:00+00:00,185,,Right,Belgium,BE,BEL,775000,1940544000
2817,FC Barcelona,barcelona,Barcelona,BAR,Spain,ES,ESP,1544613,Brian Fariñas,Brian Fariñas,,brian-farinas,B. Fariñas,M,28,2006-02-09T00:00:00+00:00,180,75,Right,Spain,ES,ESP,2700000,1845936000
2817,FC Barcelona,barcelona,Barcelona,BAR,Spain,ES,ESP,1402913,Pau Cubarsí,Pau Cubarsí,,pau-cubarsi,P. Cubarsí,D,5,2007-01-22T00:00:00+00:00,184,76,Right,Spain,ES,ESP,94000000,1877472000
2817,FC Barcelona,barcelona,Barcelona,BAR,Spain,ES,ESP,827212,Jules Koundé,Jules,Kounde,jules-kounde,J. Koundé,D,23,1998-11-12T00:00:00+00:00,180,,Right,France,FR,FRA,64000000,1909008000
2817,FC Barcelona,barcelona,Barcelona,BAR,Spain,ES,ESP,997035,Alejandro Balde,,,alejandro-balde,A. Balde,D,3,2003-10-18T00:00:00+00:00,177,,Left,Spain,ES,ESP,55000000,1845936000
2817,FC Barcelona,barcelona,Barcelona,BAR,Spain,ES,ESP,138892,João Cancelo,,,joao-cancelo,J. Cancelo,D,2,1994-05-27T00:00:00+00:00,182,74,Right,Portugal,PT,PRT,8600000,1877472000
2817,FC Barcelona,barcelona,Barcelona,BAR,Spain,ES,ESP,186795,Andreas Christensen,Andreas,Christensen,andreas-christensen,A. Christensen,D,15,1996-04-10T00:00:00+00:00,188,78,Right,Denmark,DK,DNK,7700000,1845936000
2817,FC Barcelona,barcelona,Barcelona,BAR,Spain,ES,ESP,876214,Eric García,Eric,Garcia,eric-garcia,E. García,D,24,2001-01-09T00:00:00+00:00,182,79,Right,Spain,ES,ESP,39000000,1940544000
2817,FC Barcelona,barcelona,Barcelona,BAR,Spain,ES,ESP,1094827,Gerard Martín,Gerard,,gerard-martin,G. Martín,D,18,2002-02-26T00:00:00+00:00,186,,Left,Spain,ES,ESP,32000000,1845936000
2817,FC Barcelona,barcelona,Barcelona,BAR,Spain,ES,ESP,1546073,Xavi Espart,,,xavi-espart,X. Espart,D,12,2007-05-21T00:00:00+00:00,175,,Right,Spain,ES,ESP,5300000,1845936000
2817,FC Barcelona,barcelona,Barcelona,BAR,Spain,ES,ESP,2128094,Jordi Pesquer,Jordi Pesquer,,jordi-pesquer,J. Pesquer,D,33,2009-01-16T00:00:00+00:00,183,,Left,Spain,ES,ESP,,1845936000
2817,FC Barcelona,barcelona,Barcelona,BAR,Spain,ES,ESP,930267,Joan García,Joan,Garcia,joan-garcia,J. García,G,1,2001-05-04T00:00:00+00:00,193,,Right,Spain,ES,ESP,46000000,1940544000
2817,FC Barcelona,barcelona,Barcelona,BAR,Spain,ES,ESP,50490,Wojciech Szczęsny,,,wojciech-szczesny,W. Szczęsny,G,13,1990-04-18T00:00:00+00:00,196,,Right,Poland,PL,POL,730000,1814313600
2817,FC Barcelona,barcelona,Barcelona,BAR,Spain,ES,ESP,190419,Dominik Livaković,,,dominik-livakovic,D. Livaković,G,25,1995-01-09T00:00:00+00:00,186,,Right,Croatia,HR,HRV,4099999,1909008000
2859,Getafe,getafe,Getafe,GET,Spain,ES,ESP,1884145,Christantus Uche,Christantus Uche,,christantus-uche,C. Uche,F,8,2003-05-19T00:00:00+00:00,190,84,Both,Nigeria,NG,NGA,13200000,1845936000
2859,Getafe,getafe,Getafe,GET,Spain,ES,ESP,336655,Enes Ünal,,,enes-unal,E. Ünal,F,19,1997-05-10T00:00:00+00:00,185,75,Right,Türkiye,TR,TUR,6800000,1877472000
2859,Getafe,getafe,Getafe,GET,Spain,ES,ESP,973536,Martín Satriano,,,martin-satriano,M. Satriano,F,10,2001-02-20T00:00:00+00:00,187,,Right,Uruguay,UY,URY,10600000,1909008000
2859,Getafe,getafe,Getafe,GET,Spain,ES,ESP,604954,Borja Mayoral,Borja,Mayoral,borja-mayoral,B. Mayoral,F,9,1997-04-05T00:00:00+00:00,182,,Right,Spain,ES,ESP,6300000,1814313600
2859,Getafe,getafe,Getafe,GET,Spain,ES,ESP,1000696,Ivan Azón,,,ivan-azon-monzon,I. A. Monzón,F,20,2002-12-24T00:00:00+00:00,181,,Right,Spain,ES,ESP,5200000,1814313600
2859,Getafe,getafe,Getafe,GET,Spain,ES,ESP,96369,Juanmi,,,juanmi,Juanmi,F,7,1993-05-20T00:00:00+00:00,169,63,Right,Spain,ES,ESP,910000,1814313600
2859,Getafe,getafe,Getafe,GET,Spain,ES,ESP,2279635,Ebrahima Drammeh Jaiteh,,,ebrahima-drammeh-jaiteh,E. D. Jaiteh,F,27,2007-01-06T00:00:00+00:00,180,73,Right,Gambia,GM,GMB,,1909008000
2859,Getafe,getafe,Getafe,GET,Spain,ES,ESP,1154549,Mario Martín,,,martin-mario,M. Martín,M,6,2004-03-05T00:00:00+00:00,177,72,Right,Spain,ES,ESP,10700000,1909008000
2859,Getafe,getafe,Getafe,GET,Spain,ES,ESP,793988,Orel Mangala,Orel,Mangala,orel-mangala,O. Mangala,M,23,1998-03-18T00:00:00+00:00,178,79,Right,Belgium,BE,BEL,8600000,1814313600
2859,Getafe,getafe,Getafe,GET,Spain,ES,ESP,68332,Nemanja Gudelj,,,nemanja-gudelj,N. Gudelj,M,8,1991-11-16T00:00:00+00:00,187,73,Right,Serbia,RS,SRB,1900000,1814313600
2859,Getafe,getafe,Getafe,GET,Spain,ES,ESP,1088565,Ramón Terrats,Ramón Terrats,,ramon-terrats,R. Terrats,M,11,2000-10-18T00:00:00+00:00,179,,Left,Spain,ES,ESP,3200000,1877472000
2859,Getafe,getafe,Getafe,GET,Spain,ES,ESP,1994823,Oscar Lopez,Óscar López,,oscar-lopez,Ó. López,M,30,2006-08-13T00:00:00+00:00,180,75,Left,Bolivia,BO,BOL,220000,1877472000
2859,Getafe,getafe,Getafe,GET,Spain,ES,ESP,1000676,Francho Serrano,,,serrano-francho,F. Serrano,M,16,2001-10-17T00:00:00+00:00,177,,Right,Spain,ES,ESP,3100000,1877472000
2859,Getafe,getafe,Getafe,GET,Spain,ES,ESP,344847,Johan Mojica,Johan,Mojica,johan-mojica,J. Mojica,D,22,1992-08-21T00:00:00+00:00,185,73,Left,Colombia,CO,COL,1400000,1814313600
2859,Getafe,getafe,Getafe,GET,Spain,ES,ESP,1101232,Abdel Abqar,Abdel,Abqar,abdel-abqar,A. Abqar,D,5,1999-03-10T00:00:00+00:00,188,,Right,Morocco,MA,MAR,3300000,1845936000
2859,Getafe,getafe,Getafe,GET,Spain,ES,ESP,307702,Djené,,,djene,Djené,D,2,1991-12-31T00:00:00+00:00,178,,Both,Togo,TG,TGO,1500000,1814313600
2859,Getafe,getafe,Getafe,GET,Spain,ES,ESP,1101751,Saba Sazonov,Saba,Sazonov,saba-sazonov,S. Sazonov,D,4,2002-02-01T00:00:00+00:00,194,,Right,Georgia,GE,GEO,825000,1814313600
2859,Getafe,getafe,Getafe,GET,Spain,ES,ESP,1108450,Zaid Romero,,,zaid-romero,Z. Romero,D,24,1999-12-15T00:00:00+00:00,192,,Left,Argentina,AR,ARG,2400000,1909008000
2859,Getafe,getafe,Getafe,GET,Spain,ES,ESP,1457536,Andrés García,Andrés García,,andres-garcia,A. García,D,21,2003-02-07T00:00:00+00:00,183,,Right,Spain,ES,ESP,6500000,1814313600
2859,Getafe,getafe,Getafe,GET,Spain,ES,ESP,1392092,Sebastián Boselli,Sebastian,Boselli,sebastian-boselli,S. Boselli,D,15,2003-12-04T00:00:00+00:00,183,,Right,Uruguay,UY,URY,1500000,1909008000
2859,Getafe,getafe,Getafe,GET,Spain,ES,ESP,1918369,Davinchi,,,davinchi,Davinchi,D,3,2007-10-16T00:00:00+00:00,182,,Left,Spain,ES,ESP,910000,1845936000
2859,Getafe,getafe,Getafe,GET,Spain,ES,ESP,53739,Kiko Femenía,,,kiko-femenia,K. Femenía,D,17,1991-02-02T00:00:00+00:00,176,61,Right,Spain,ES,ESP,740000,1814313600
2859,Getafe,getafe,Getafe,GET,Spain,ES,ESP,1591745,Mohamed Hamdoune,Mohamed Hamdoune,,mohamed-hamdoune,M. Hamdoune,D,31,2004-05-24T00:00:00+00:00,190,,Left,Morocco,MA,MAR,135000,1814313600
2859,Getafe,getafe,Getafe,GET,Spain,ES,ESP,1924859,Jean Ives Valou,Jean Ives,Valou,jean-ives-valou,J. I. Valou,D,26,2005-12-22T00:00:00+00:00,188,,Left,Côte d'Ivoire,CI,CIV,550000,1814313600
2859,Getafe,getafe,Getafe,GET,Spain,ES,ESP,604258,David Soria,David,Soria,david-soria,D. Soria,G,13,1993-04-04T00:00:00+00:00,192,85,Right,Spain,ES,ESP,2700000,1909008000
2859,Getafe,getafe,Getafe,GET,Spain,ES,ESP,826047,Jiří Letáček,Jiri,Letacek,jiri-letacek,J. Letáček,G,1,1999-01-09T00:00:00+00:00,196,,Right,Czechia,CZ,CZE,1900000,1845936000
2859,Getafe,getafe,Getafe,GET,Spain,ES,ESP,1893571,Diego Ferrer,,,diego-ferrer,D. Ferrer,G,35,2007-04-17T00:00:00+00:00,,,,Spain,ES,ESP,105000,1814313600
2849,Levante UD,levante-ud,Levante,LEV,Spain,ES,ESP,1393673,Etta Eyong,Etta Eyong,,etta-eyong,E. Eyong,F,21,2003-10-14T00:00:00+00:00,181,75,Right,Cameroon,CM,CMR,15600000,1877472000
2849,Levante UD,levante-ud,Levante,LEV,Spain,ES,ESP,1101942,Petar Ratkov,Petar,Ratkov,petar-ratkov,P. Ratkov,F,10,2003-08-18T00:00:00+00:00,187,,Right,Serbia,RS,SRB,8400000,1814313600
2849,Levante UD,levante-ud,Levante,LEV,Spain,ES,ESP,1014042,Iván Romero,,,ivan-romero,I. Romero,F,9,2001-04-10T00:00:00+00:00,172,,Right,Spain,ES,ESP,7400000,1845936000
2849,Levante UD,levante-ud,Levante,LEV,Spain,ES,ESP,1931573,Yanis Musuayi,Yanis Musuayi,,yanis-musuayi,Y. Musuayi,F,11,2007-06-26T00:00:00+00:00,190,,Right,Belgium,BE,BEL,645000,1909008000
2849,Levante UD,levante-ud,Levante,LEV,Spain,ES,ESP,1869106,Paco Cortés,Paco Cortés,,paco-cortes,P. Cortés,F,27,2007-08-11T00:00:00+00:00,178,,Right,Spain,ES,ESP,1400000,1845936000
2849,Levante UD,levante-ud,Levante,LEV,Spain,ES,ESP,1201412,Thiago Fernández,Thiago Fernández,,thiago-fernandez,T. Fernández,M,24,2004-04-03T00:00:00+00:00,175,,Right,Argentina,AR,ARG,4700000,1814313600
2849,Levante UD,levante-ud,Levante,LEV,Spain,ES,ESP,859769,Oriol Rey,Oriol,Rey,oriol-rey,O. Rey,M,20,1998-02-25T00:00:00+00:00,175,,Left,Spain,ES,ESP,1700000,1814313600
2849,Levante UD,levante-ud,Levante,LEV,Spain,ES,ESP,1120669,Hugo Sotelo,Hugo Sotelo,,hugo-sotelo,H. Sotelo,M,5,2003-12-19T00:00:00+00:00,180,,Right,Spain,ES,ESP,4800000,1814313600
2849,Levante UD,levante-ud,Levante,LEV,Spain,ES,ESP,996974,Enzo Bardeli,,,bardeli-enzo,E. Bardeli,M,18,2001-04-11T00:00:00+00:00,172,,Right,France,FR,FRA,5800000,1877472000
2849,Levante UD,levante-ud,Levante,LEV,Spain,ES,ESP,1010383,Jon Ander Olasagasti,,,jon-ander-olasagasti,J. A. Olasagasti,M,8,2000-08-16T00:00:00+00:00,176,,Left,Spain,ES,ESP,2700000,1845936000
2849,Levante UD,levante-ud,Levante,LEV,Spain,ES,ESP,909554,Roger Brugué,Roger,Brugue,roger-brugue,R. Brugué,M,7,1996-11-04T00:00:00+00:00,173,,Left,Spain,ES,ESP,1900000,1845936000
2849,Levante UD,levante-ud,Levante,LEV,Spain,ES,ESP,952222,Víctor García,,,victor-garcia,V. García,M,17,1997-01-01T00:00:00+00:00,177,,Right,Spain,ES,ESP,1500000,1814313600
2849,Levante UD,levante-ud,Levante,LEV,Spain,ES,ESP,1521658,Daniel Requena,Daniel,Requena,daniel-requena,D. Requena,M,6,2004-02-12T00:00:00+00:00,186,78,Right,Spain,ES,ESP,1000000,1814313600
2849,Levante UD,levante-ud,Levante,LEV,Spain,ES,ESP,122810,Aïssa Mandi,,,aissa-mandi,A. Mandi,D,2,1991-10-22T00:00:00+00:00,186,78,Right,Algeria,DZ,DZA,1100000,1845936000
2849,Levante UD,levante-ud,Levante,LEV,Spain,ES,ESP,1929673,Ifeanyi Ndukwe,Ifeanyi Ndukwe,,ifeanyi-ndukwe,I. Ndukwe,D,3,2008-03-03T00:00:00+00:00,198,,Both,Austria,AT,AUT,3200000,1814313600
2849,Levante UD,levante-ud,Levante,LEV,Spain,ES,ESP,1937795,Axel Tape,Axel Tape,,axel-tape,A. Tape,D,16,2007-08-10T00:00:00+00:00,180,,Right,France,FR,FRA,8700000,1814313600
2849,Levante UD,levante-ud,Levante,LEV,Spain,ES,ESP,984789,Manuel Sánchez,,,manuel-sanchez,M. Sánchez,D,23,2000-08-23T00:00:00+00:00,179,,Left,Spain,ES,ESP,6400000,1814313600
2849,Levante UD,levante-ud,Levante,LEV,Spain,ES,ESP,997244,Adrián de la Fuente,Adrian,Dela,adrian-de-la-fuente,Adri,D,4,1999-02-26T00:00:00+00:00,178,,Right,Spain,ES,ESP,4099999,1814313600
2849,Levante UD,levante-ud,Levante,LEV,Spain,ES,ESP,149606,Jeremy Toljan,Jeremy,Toljan,jeremy-toljan,J. Toljan,D,22,1994-08-08T00:00:00+00:00,182,71,Right,Germany,DE,DEU,1900000,1814313600
2849,Levante UD,levante-ud,Levante,LEV,Spain,ES,ESP,2049311,Nacho Pérez,Nacho Pérez,,nacho-perez,N. Pérez,D,29,2008-09-01T00:00:00+00:00,175,,Right,Spain,ES,ESP,310000,1845936000
2849,Levante UD,levante-ud,Levante,LEV,Spain,ES,ESP,2342523,Marc Santos,Marc Santos,,marc-santos,M. Santos,D,33,2010-10-01T00:00:00+00:00,170,,Left,Spain,ES,ESP,,1877472000
2849,Levante UD,levante-ud,Levante,LEV,Spain,ES,ESP,1807070,Jorge Cabello,Jorge Cabello,,jorge-cabello,J. Cabello,D,14,2004-04-25T00:00:00+00:00,180,,Left,Spain,ES,ESP,930000,1845936000
2849,Levante UD,levante-ud,Levante,LEV,Spain,ES,ESP,134029,Mathew Ryan,Mathew,Ryan,mathew-ryan,M. Ryan,G,13,1992-04-08T00:00:00+00:00,184,82,Right,Australia,AU,AUS,1700000,1814313600
2849,Levante UD,levante-ud,Levante,LEV,Spain,ES,ESP,2660173,Pablo Cunat Campos,,,pablo-cunat-campos,P. C. Campos,G,1,2002-04-28T00:00:00+00:00,188,,Left,Spain,ES,ESP,1600000,1814313600
2849,Levante UD,levante-ud,Levante,LEV,Spain,ES,ESP,1215079,Alejandro Primo,Alejandro Primo,,alejandro-primo,A. Primo,G,32,2004-07-10T00:00:00+00:00,185,,Right,Spain,ES,ESP,110000,1845936000
2830,Málaga CF,malaga,Málaga,MCF,Spain,ES,ESP,1913386,Chupete,Chupete,,chupete,Chupete,F,9,2004-08-24T00:00:00+00:00,185,,Right,Spain,ES,ESP,10700000,1877472000
2830,Málaga CF,malaga,Málaga,MCF,Spain,ES,ESP,1021125,Haitam Abaida,,,haitam-abaida,H. Abaida,F,7,2002-06-01T00:00:00+00:00,172,,Left,Morocco,MA,MAR,205000,1814313600
2830,Málaga CF,malaga,Málaga,MCF,Spain,ES,ESP,1402927,Adrián Niño,Adrián Niño,,adrian-nino,A. Niño,F,21,2004-06-19T00:00:00+00:00,186,,Right,Spain,ES,ESP,1900000,1877472000
2830,Málaga CF,malaga,Málaga,MCF,Spain,ES,ESP,1006232,Julen Lobete,,,julen-lobete,J. Lobete,F,24,2000-09-18T00:00:00+00:00,176,,Right,Spain,ES,ESP,1200000,1814313600
2830,Málaga CF,malaga,Málaga,MCF,Spain,ES,ESP,926418,Eneko Jauregi,Eneko,Jauregi,eneko-jauregi,E. Jauregi,F,17,1996-07-13T00:00:00+00:00,184,,Right,Spain,ES,ESP,720000,1814313600
2830,Málaga CF,malaga,Málaga,MCF,Spain,ES,ESP,1002405,David Larrubia,,,david-larrubia,D. Larrubia,M,10,2002-04-20T00:00:00+00:00,172,,Both,Spain,ES,ESP,5300000,1845936000
2830,Málaga CF,malaga,Málaga,MCF,Spain,ES,ESP,857671,Jens-Lys Cajuste,Jens-Lys,Cajuste,jens-lys-cajuste,J. Cajuste,M,2,1999-08-10T00:00:00+00:00,188,77,Right,Sweden,SE,SWE,6600000,1814313600
2830,Málaga CF,malaga,Málaga,MCF,Spain,ES,ESP,997221,Carlos Dotor,Carlos,Dotor,carlos-dotor,C. Dotor,M,8,2001-03-15T00:00:00+00:00,180,68,Right,Spain,ES,ESP,1200000,1814313600
2830,Málaga CF,malaga,Málaga,MCF,Spain,ES,ESP,936234,Juan Cruz,,,juan-cruz,J. Cruz,M,19,2000-04-25T00:00:00+00:00,179,,Left,Spain,ES,ESP,1700000,1814313600
2830,Málaga CF,malaga,Málaga,MCF,Spain,ES,ESP,1493488,Izan Merino,Izan Merino,,izan-merino,I. Merino,M,23,2006-04-15T00:00:00+00:00,186,,Right,Spain,ES,ESP,1900000,1845936000
2830,Málaga CF,malaga,Málaga,MCF,Spain,ES,ESP,1566178,Aarón Ochoa,,,aaron-ochoa,A. Ochoa,M,35,2007-04-18T00:00:00+00:00,167,,Right,Ireland,IE,IRL,870000,1877472000
2830,Málaga CF,malaga,Málaga,MCF,Spain,ES,ESP,927066,Pablo Martínez,,,pablo-martinez,P. Martínez,M,18,1998-02-22T00:00:00+00:00,182,,Right,Spain,ES,ESP,3100000,1814313600
2830,Málaga CF,malaga,Málaga,MCF,Spain,ES,ESP,1465424,Dani Lorenzo,,,dani-lorenzo,D. Lorenzo,M,22,2003-04-05T00:00:00+00:00,176,,Right,Spain,ES,ESP,1400000,1877472000
2830,Málaga CF,malaga,Málaga,MCF,Spain,ES,ESP,904964,Joaquín Muñoz,Joaquin,Munoz,joaquin-munoz,J. Muñoz,M,11,1999-03-10T00:00:00+00:00,172,173,Both,Spain,ES,ESP,1400000,1814313600
2830,Málaga CF,malaga,Málaga,MCF,Spain,ES,ESP,1465149,Rafa Rodriguez,Rafa Rodríguez,,rodriguez-rafa,R. Rodríguez,M,14,2003-07-10T00:00:00+00:00,180,,Right,Spain,ES,ESP,930000,1845936000
2830,Málaga CF,malaga,Málaga,MCF,Spain,ES,ESP,990800,Ramón Enríquez,,,ramon-enriquez,R. Enríquez,M,6,2001-03-19T00:00:00+00:00,173,,Right,Spain,ES,ESP,190000,1814313600
2830,Málaga CF,malaga,Málaga,MCF,Spain,ES,ESP,1466124,Adam Aznou,Adam Aznou,,adam-aznou,A. Aznou,D,39,2006-06-02T00:00:00+00:00,178,,Left,Morocco,MA,MAR,6200000,1814313600
2830,Málaga CF,malaga,Málaga,MCF,Spain,ES,ESP,857205,Fernando Calero,Fernando,Calero,fernando-calero,F. Calero,D,20,1995-09-14T00:00:00+00:00,183,,Right,Spain,ES,ESP,2100000,1814313600
2830,Málaga CF,malaga,Málaga,MCF,Spain,ES,ESP,1068891,Jose Salinas,Jose,Salinas,jose-salinas,J. Salinas,D,12,2000-09-30T00:00:00+00:00,178,,Left,Spain,ES,ESP,1800000,1814313600
2830,Málaga CF,malaga,Málaga,MCF,Spain,ES,ESP,1164708,Carlos Puga,Carlos Puga,,carlos-puga,C. Puga,D,3,2000-11-26T00:00:00+00:00,175,70,Right,Spain,ES,ESP,825000,1877472000
2830,Málaga CF,malaga,Málaga,MCF,Spain,ES,ESP,344797,Einar Galilea,Einar,Galilea,einar-galilea,E. Galilea,D,4,1995-05-22T00:00:00+00:00,182,73,Left,Spain,ES,ESP,365000,1814313600
2830,Málaga CF,malaga,Málaga,MCF,Spain,ES,ESP,1595666,Rafa Garrido,Rafa Garrido,,rafa-garrido,R. Garrido,D,31,2004-11-09T00:00:00+00:00,170,,Right,Spain,ES,ESP,940000,1877472000
2830,Málaga CF,malaga,Málaga,MCF,Spain,ES,ESP,1410734,Diego Murillo,Diego Murillo,,diego-murillo,D. Murillo,D,16,2001-03-14T00:00:00+00:00,182,,Right,Spain,ES,ESP,1600000,1877472000
2830,Málaga CF,malaga,Málaga,MCF,Spain,ES,ESP,851226,Juan Berrocal,Juan,Berrocal,juan-berrocal,J. Berrocal,D,25,1999-02-05T00:00:00+00:00,187,,Both,Spain,ES,ESP,1500000,1814313600
2830,Málaga CF,malaga,Málaga,MCF,Spain,ES,ESP,1123218,Ángel Recio,Ángel Recio,,angel-recio,Á. Recio,D,15,2003-01-05T00:00:00+00:00,185,,Right,Spain,ES,ESP,315000,1877472000
2830,Málaga CF,malaga,Málaga,MCF,Spain,ES,ESP,928825,Álex Pastor,,,alex-pastor,Á. Pastor,D,5,1999-10-01T00:00:00+00:00,185,,Right,Spain,ES,ESP,310000,1845936000
2830,Málaga CF,malaga,Málaga,MCF,Spain,ES,ESP,96371,Alfonso Herrero,,,alfonso-herrero,A. Herrero,G,1,1994-04-21T00:00:00+00:00,180,,Right,Spain,ES,ESP,420000,1845936000
2830,Málaga CF,malaga,Málaga,MCF,Spain,ES,ESP,1442178,Carlos Lopez,Carlos,Lopez,carlos-lopez,C. Lopez,G,13,2004-11-13T00:00:00+00:00,184,,Right,Spain,ES,ESP,95000,1877472000
2820,Osasuna,osasuna,Osasuna,OSA,Spain,ES,ESP,37318,Ante Budimir,,,ante-budimir,A. Budimir,F,17,1991-07-22T00:00:00+00:00,190,75,Left,Croatia,HR,HRV,2600000,1814313600
2820,Osasuna,osasuna,Osasuna,OSA,Spain,ES,ESP,997280,Raúl García de Haro,,,raul-garcia-de-haro,R. García,F,9,2000-11-03T00:00:00+00:00,192,,Right,Spain,ES,ESP,3100000,1940544000
2820,Osasuna,osasuna,Osasuna,OSA,Spain,ES,ESP,591132,Kike Barja,Kike,Barja,kike-barja,K. Barja,F,11,1997-04-04T00:00:00+00:00,178,69,Right,Spain,ES,ESP,1500000,1845936000
2820,Osasuna,osasuna,Osasuna,OSA,Spain,ES,ESP,1917868,Asier Bonel,,,asier-bonel,A. Bonel,F,30,2008-01-17T00:00:00+00:00,180,,Right,Spain,ES,ESP,290000,1877472000
2820,Osasuna,osasuna,Osasuna,OSA,Spain,ES,ESP,980383,Raúl Moro,Raul,Moro,raul-moro,R. Moro,M,18,2002-12-05T00:00:00+00:00,169,,Right,Spain,ES,ESP,3300000,1940544000
2820,Osasuna,osasuna,Osasuna,OSA,Spain,ES,ESP,985329,Aimar Oroz,,,aimar-oroz,A. Oroz,M,10,2001-11-27T00:00:00+00:00,177,,Right,Spain,ES,ESP,6900000,1877472000
2820,Osasuna,osasuna,Osasuna,OSA,Spain,ES,ESP,260031,Rubén García,,,ruben-garcia,R. García,M,14,1993-07-14T00:00:00+00:00,171,72,Left,Spain,ES,ESP,1700000,1814313600
2820,Osasuna,osasuna,Osasuna,OSA,Spain,ES,ESP,976141,Jon Moncayola,,,jon-moncayola,J. Moncayola,M,7,1998-05-13T00:00:00+00:00,182,73,Right,Spain,ES,ESP,7300000,1940544000
2820,Osasuna,osasuna,Osasuna,OSA,Spain,ES,ESP,825681,Romain Del Castillo,Romain,Del Castillo,romain-del-castillo,R. Del Castillo,M,20,1996-03-29T00:00:00+00:00,172,56,Left,France,FR,FRA,6400000,1845936000
2820,Osasuna,osasuna,Osasuna,OSA,Spain,ES,ESP,187313,Lucas Torró,,,lucas-torro,L. Torró,M,6,1994-07-19T00:00:00+00:00,190,77,Right,Spain,ES,ESP,2700000,1814313600
2820,Osasuna,osasuna,Osasuna,OSA,Spain,ES,ESP,149370,Moi Gómez,,,moi-gomez,M. Gómez,M,16,1994-06-23T00:00:00+00:00,174,65,Right,Spain,ES,ESP,1600000,1814313600
2820,Osasuna,osasuna,Osasuna,OSA,Spain,ES,ESP,1094517,Jonathan Dubasin,Jonathan Dubasin,,jonathan-dubasin,J. Dubasin,M,21,2000-02-02T00:00:00+00:00,180,,Right,Spain,ES,ESP,4300000,1909008000
2820,Osasuna,osasuna,Osasuna,OSA,Spain,ES,ESP,1119586,Iker Muñoz,,,iker-munoz,I. Muñoz,M,8,2002-11-05T00:00:00+00:00,179,,Right,Spain,ES,ESP,1800000,1909008000
2820,Osasuna,osasuna,Osasuna,OSA,Spain,ES,ESP,1512107,Mauro Echegoyen,,,mauro-echegoyen,M. Echegoyen,M,26,2005-03-03T00:00:00+00:00,177,,Right,Spain,ES,ESP,215000,1845936000
2820,Osasuna,osasuna,Osasuna,OSA,Spain,ES,ESP,1067582,Enzo Boyomo,Enzo,Boyomo,enzo-boyomo,E. Boyomo,D,22,2001-10-07T00:00:00+00:00,181,,Right,Cameroon,CM,CMR,14600000,1877472000
2820,Osasuna,osasuna,Osasuna,OSA,Spain,ES,ESP,350560,Diego Rico,Diego,Rico,diego-rico,D. Rico,D,15,1993-02-23T00:00:00+00:00,181,,Left,Spain,ES,ESP,1000000,1814313600
2820,Osasuna,osasuna,Osasuna,OSA,Spain,ES,ESP,900792,Alejandro Catena,Alejandro,Catena,alejandro-catena,A. Catena,D,24,1994-10-28T00:00:00+00:00,194,,Right,Spain,ES,ESP,2700000,1845936000
2820,Osasuna,osasuna,Osasuna,OSA,Spain,ES,ESP,842419,Valentin Rosier,Valentin,Rosier,valentin-rosier,V. Rosier,D,19,1996-08-19T00:00:00+00:00,175,70,Right,France,FR,FRA,3100000,1845936000
2820,Osasuna,osasuna,Osasuna,OSA,Spain,ES,ESP,1010165,Abel Bretones,,,abel-bretones,A. Bretones,D,23,2000-08-21T00:00:00+00:00,188,,Left,Spain,ES,ESP,3400000,1877472000
2820,Osasuna,osasuna,Osasuna,OSA,Spain,ES,ESP,944225,Jorge Herrando,Jorge,Herrando,jorge-herrando,J. Herrando,D,5,2001-02-28T00:00:00+00:00,192,,Left,Spain,ES,ESP,3200000,1909008000
2820,Osasuna,osasuna,Osasuna,OSA,Spain,ES,ESP,1507914,Rockson Yeboah,,,yeboah-rockson,R. Yeboah,D,48,2004-08-02T00:00:00+00:00,189,,Right,Ghana,GH,GHA,280000,1940544000
2820,Osasuna,osasuna,Osasuna,OSA,Spain,ES,ESP,1495856,Iñigo Arguibide,,,inigo-arguibide,I. Arguibide,D,27,2005-04-19T00:00:00+00:00,178,,Right,Spain,ES,ESP,850000,1814313600
2820,Osasuna,osasuna,Osasuna,OSA,Spain,ES,ESP,1399702,Asier Osambela,,,asier-osambela,A. Osambela,D,29,2004-10-30T00:00:00+00:00,186,,Right,Spain,ES,ESP,1000000,1877472000
2820,Osasuna,osasuna,Osasuna,OSA,Spain,ES,ESP,1917864,Unai Santos,,,unai-santos,U. Santos,D,35,2005-11-03T00:00:00+00:00,180,,Right,Spain,ES,ESP,105000,1845936000
2820,Osasuna,osasuna,Osasuna,OSA,Spain,ES,ESP,294377,Sergio Herrera,Sergio,Herrera,sergio-herrera,S. Herrera,G,1,1993-05-06T00:00:00+00:00,192,82,Right,Spain,ES,ESP,2600000,1845936000
2820,Osasuna,osasuna,Osasuna,OSA,Spain,ES,ESP,99516,Aitor Fernández,,,aitor-fernandez,A. Fernández,G,13,1991-05-03T00:00:00+00:00,182,78,Right,Spain,ES,ESP,465000,1814313600
2818,Rayo Vallecano,rayo-vallecano,Rayo Vallecano,RAY,Spain,ES,ESP,981604,Alemão,,,alemao,Alemão,F,9,1998-04-01T00:00:00+00:00,182,,Right,Brazil,BR,BRA,4400000,1909008000
2818,Rayo Vallecano,rayo-vallecano,Rayo Vallecano,RAY,Spain,ES,ESP,900003,Jorge de Frutos,,,jorge-de-frutos,J. de Frutos,F,19,1996-11-30T00:00:00+00:00,173,,Right,Spain,ES,ESP,10900000,1845936000
2818,Rayo Vallecano,rayo-vallecano,Rayo Vallecano,RAY,Spain,ES,ESP,910024,Sergio Camello,Sergio,Camello,sergio-camello,S. Camello,F,10,2001-02-10T00:00:00+00:00,177,,Right,Spain,ES,ESP,3300000,1814313600
2818,Rayo Vallecano,rayo-vallecano,Rayo Vallecano,RAY,Spain,ES,ESP,932764,Randy Nteka,,,randy-nteka,R. Nteka,F,11,1997-12-06T00:00:00+00:00,190,,Left,Angola,AO,AGO,1000000,1845936000
2818,Rayo Vallecano,rayo-vallecano,Rayo Vallecano,RAY,Spain,ES,ESP,138387,Raúl de Tomás,,,raul-de-tomas,R. de Tomás,F,9,1994-10-17T00:00:00+00:00,181,74,Right,Spain,ES,ESP,440000,1814313600
2818,Rayo Vallecano,rayo-vallecano,Rayo Vallecano,RAY,Spain,ES,ESP,913679,Pathé Ismaël Ciss,,,ismaila-ciss,P. I. Ciss,M,6,1994-03-16T00:00:00+00:00,183,71,Right,Senegal,SN,SEN,1600000,1814313600
2818,Rayo Vallecano,rayo-vallecano,Rayo Vallecano,RAY,Spain,ES,ESP,899982,Isi Palazón,,,isi-palazon,I. Palazón,M,7,1994-12-27T00:00:00+00:00,169,71,Left,Spain,ES,ESP,3000000,1845936000
2818,Rayo Vallecano,rayo-vallecano,Rayo Vallecano,RAY,Spain,ES,ESP,1179148,Rayane Belaid,Rayane Belaid Khellil,,rayane-belaid,R. Belaid,M,37,2005-11-02T00:00:00+00:00,175,,Right,Spain,ES,ESP,565000,1909008000
2818,Rayo Vallecano,rayo-vallecano,Rayo Vallecano,RAY,Spain,ES,ESP,875677,Giorgi Tsitaishvili,Giorgi,Tsitaishvili,giorgi-tsitaishvili,G. Tsitaishvili,M,14,2000-11-18T00:00:00+00:00,171,63,Left,Georgia,GE,GEO,2700000,1877472000
2818,Rayo Vallecano,rayo-vallecano,Rayo Vallecano,RAY,Spain,ES,ESP,345111,Álvaro García,,,alvaro-garcia,Á. García,M,18,1992-10-27T00:00:00+00:00,168,58,Both,Spain,ES,ESP,1500000,1845936000
2818,Rayo Vallecano,rayo-vallecano,Rayo Vallecano,RAY,Spain,ES,ESP,588566,Unai López,Unai,Lopez,unai-lopez,U. López,M,8,1995-10-30T00:00:00+00:00,169,64,Right,Spain,ES,ESP,2600000,1877472000
2818,Rayo Vallecano,rayo-vallecano,Rayo Vallecano,RAY,Spain,ES,ESP,900669,Pedro Díaz,,,pedro-diaz,P. Díaz,M,4,1998-06-05T00:00:00+00:00,180,,Right,Spain,ES,ESP,2900000,1845936000
2818,Rayo Vallecano,rayo-vallecano,Rayo Vallecano,RAY,Spain,ES,ESP,900008,Óscar Valentín,,,oscar-valentin,Ó. Valentín,M,23,1994-08-20T00:00:00+00:00,177,,Right,Spain,ES,ESP,1900000,1814313600
2818,Rayo Vallecano,rayo-vallecano,Rayo Vallecano,RAY,Spain,ES,ESP,966637,Fran Pérez,,,fran-perez,F. Pérez,M,21,2002-09-09T00:00:00+00:00,176,,Right,Spain,ES,ESP,2300000,1877472000
2818,Rayo Vallecano,rayo-vallecano,Rayo Vallecano,RAY,Spain,ES,ESP,2038238,Gnangoro Bouaré,Gnangoro,Bouare Samake,gnangoro-bouare-samake,G. B. Samake,M,36,2004-08-13T00:00:00+00:00,184,74,Left,Spain,ES,ESP,47000,1940544000
2818,Rayo Vallecano,rayo-vallecano,Rayo Vallecano,RAY,Spain,ES,ESP,2725780,Gnangoro Bouare Samake,,,bouare-samake-gnangoro,G. B. Samake,M,36,2004-06-13T00:00:00+00:00,184,74,Left,Spain,ES,ESP,,
2818,Rayo Vallecano,rayo-vallecano,Rayo Vallecano,RAY,Spain,ES,ESP,965031,Andrei Rațiu,,,andrei-ratiu,A. Rațiu,D,2,1998-06-20T00:00:00+00:00,183,,Right,Romania,RO,ROU,16700000,1909008000
2818,Rayo Vallecano,rayo-vallecano,Rayo Vallecano,RAY,Spain,ES,ESP,893642,Marash Kumbulla,,,marash-kumbulla,M. Kumbulla,D,3,2000-02-08T00:00:00+00:00,191,78,Right,Albania,AL,ALB,2800000,1814313600
2818,Rayo Vallecano,rayo-vallecano,Rayo Vallecano,RAY,Spain,ES,ESP,88528,Florian Lejeune,,,florian-lejeune,F. Lejeune,D,24,1991-05-20T00:00:00+00:00,190,81,Right,France,FR,FRA,1700000,1845936000
2818,Rayo Vallecano,rayo-vallecano,Rayo Vallecano,RAY,Spain,ES,ESP,850035,Luiz Felipe,,,luiz-felipe,L. Felipe,D,5,1997-03-22T00:00:00+00:00,187,79,Right,Italy,IT,ITA,2100000,1814313600
2818,Rayo Vallecano,rayo-vallecano,Rayo Vallecano,RAY,Spain,ES,ESP,928672,Adrià Pedrosa,,,adria-pedrosa,A. Pedrosa,D,17,1998-05-13T00:00:00+00:00,176,69,Left,Spain,ES,ESP,2700000,1814313600
2818,Rayo Vallecano,rayo-vallecano,Rayo Vallecano,RAY,Spain,ES,ESP,152446,Iván Balliu,,,ivan-balliu,I. Balliu,D,20,1992-01-01T00:00:00+00:00,175,68,Right,Albania,AL,ALB,1100000,1814313600
2818,Rayo Vallecano,rayo-vallecano,Rayo Vallecano,RAY,Spain,ES,ESP,1120947,Jozhua Vertrouwd,Jozhua Vertrouwd,,jozhua-vertrouwd,J. Vertrouwd,D,33,2004-08-21T00:00:00+00:00,188,,Left,Netherlands,NL,NLD,2100000,1909008000
2818,Rayo Vallecano,rayo-vallecano,Rayo Vallecano,RAY,Spain,ES,ESP,1139724,Pelayo Fernández,,,pelayo-fernandez,P. Fernández,D,22,2003-04-29T00:00:00+00:00,193,,Right,Spain,ES,ESP,520000,1845936000
2818,Rayo Vallecano,rayo-vallecano,Rayo Vallecano,RAY,Spain,ES,ESP,935309,Mujaid Sadick,,,mujaid-sadick,M. Sadick,D,15,2000-03-14T00:00:00+00:00,185,,Right,Spain,ES,ESP,4700000,1814313600
2818,Rayo Vallecano,rayo-vallecano,Rayo Vallecano,RAY,Spain,ES,ESP,1893146,Marco de las Sias,,,marco-de-las-sias,M. d. l. Sías,D,26,2005-12-29T00:00:00+00:00,180,,Right,Spain,ES,ESP,160000,1814313600
2818,Rayo Vallecano,rayo-vallecano,Rayo Vallecano,RAY,Spain,ES,ESP,318603,Emil Audero,Emil,Audero,emil-audero,E. Audero,G,25,1997-01-18T00:00:00+00:00,190,83,Right,Indonesia,ID,IDN,2700000,1814313600
2818,Rayo Vallecano,rayo-vallecano,Rayo Vallecano,RAY,Spain,ES,ESP,358910,Augusto Batalla,Augusto,Batalla,augusto-batalla,A. Batalla,G,13,1996-04-30T00:00:00+00:00,186,80,Right,Argentina,AR,ARG,5800000,1909008000
2818,Rayo Vallecano,rayo-vallecano,Rayo Vallecano,RAY,Spain,ES,ESP,965832,Dani Cárdenas,,,dani-cardenas,D. Cárdenas,G,1,1997-03-28T00:00:00+00:00,185,,Right,Spain,ES,ESP,1700000,1814313600
2818,Rayo Vallecano,rayo-vallecano,Rayo Vallecano,RAY,Spain,ES,ESP,1893144,Adrián Molina,,,adrian-molina,A. Molina,G,30,2005-07-22T00:00:00+00:00,189,,Right,Spain,ES,ESP,,
2816,Real Betis,real-betis,Real Betis,BET,Spain,ES,ESP,966555,Troy Parrott,,,troy-parrott,T. Parrott,F,19,2002-02-04T00:00:00+00:00,185,,Right,Ireland,IE,IRL,23000000,1940544000
2816,Real Betis,real-betis,Real Betis,BET,Spain,ES,ESP,887055,Cucho Hernández,Cucho,Hernandez,cucho-hernandez,C. Hernández,F,9,1999-04-20T00:00:00+00:00,175,73,Right,Colombia,CO,COL,16500000,1909008000
2816,Real Betis,real-betis,Real Betis,BET,Spain,ES,ESP,958380,Antony,,,antony,Antony,M,7,2000-02-24T00:00:00+00:00,172,,Left,Brazil,BR,BRA,37000000,1909008000
2816,Real Betis,real-betis,Real Betis,BET,Spain,ES,ESP,547838,Dani Ceballos,Dani,Ceballos,dani-ceballos,D. Ceballos,M,,1996-08-07T00:00:00+00:00,179,,Right,Spain,ES,ESP,7400000,1877472000
2816,Real Betis,real-betis,Real Betis,BET,Spain,ES,ESP,1011375,Abdessamad Ezzalzouli,,,abdessamad-ezzalzouli,A. Ezzalzouli,M,10,2001-12-17T00:00:00+00:00,177,,Right,Morocco,MA,MAR,43000000,1877472000
2816,Real Betis,real-betis,Real Betis,BET,Spain,ES,ESP,103417,Isco,Francisco Roman,Isco,isco,Isco,M,22,1992-04-21T00:00:00+00:00,176,74,Right,Spain,ES,ESP,3600000,1845936000
2816,Real Betis,real-betis,Real Betis,BET,Spain,ES,ESP,798835,Giovani Lo Celso,,,lo-celso-giovani,G. Lo Celso,M,20,1996-04-09T00:00:00+00:00,177,70,Left,Argentina,AR,ARG,7800000,1845936000
2816,Real Betis,real-betis,Real Betis,BET,Spain,ES,ESP,838629,Álvaro Fidalgo,Alvaro,Fidalgo,alvaro-fidalgo,Á. Fidalgo,M,15,1997-04-09T00:00:00+00:00,174,,Right,Mexico,MX,MEX,6500000,1909008000
2816,Real Betis,real-betis,Real Betis,BET,Spain,ES,ESP,1129401,Nelson Deossa,Nelson Deossa,,nelson-deossa,N. Deossa,M,18,2000-02-06T00:00:00+00:00,185,,Left,Colombia,CO,COL,9800000,1909008000
2816,Real Betis,real-betis,Real Betis,BET,Spain,ES,ESP,989113,Rodrigo Riquelme,,,rodrigo-riquelme,R. Riquelme,M,17,2000-04-02T00:00:00+00:00,174,,Right,Spain,ES,ESP,4300000,1909008000
2816,Real Betis,real-betis,Real Betis,BET,Spain,ES,ESP,816763,Pablo Fornals,Pablo,Fornals,pablo-fornals,P. Fornals,M,8,1996-02-22T00:00:00+00:00,178,67,Right,Spain,ES,ESP,8400000,1877472000
2816,Real Betis,real-betis,Real Betis,BET,Spain,ES,ESP,1177404,Facundo Bernal,Facundo,Bernal,facundo-bernal,F. Bernal,M,6,2003-08-21T00:00:00+00:00,187,,Right,Uruguay,UY,URY,5800000,1940544000
2816,Real Betis,real-betis,Real Betis,BET,Spain,ES,ESP,847128,Marc Roca,Marc,Roca,marc-roca,M. Roca,M,21,1996-11-26T00:00:00+00:00,184,74,Left,Spain,ES,ESP,4200000,1877472000
2816,Real Betis,real-betis,Real Betis,BET,Spain,ES,ESP,2006447,José Morante,José Morante,,jose-morante,J. Morante,M,27,2007-06-28T00:00:00+00:00,173,,Both,Spain,ES,ESP,965000,1909008000
2816,Real Betis,real-betis,Real Betis,BET,Spain,ES,ESP,992331,Iker Losada,,,iker-losada,I. Losada,M,14,2001-08-01T00:00:00+00:00,175,,Right,Spain,ES,ESP,2000000,1877472000
2816,Real Betis,real-betis,Real Betis,BET,Spain,ES,ESP,2725906,Ricardo Funez,,,funez-ricardo,R. Funez,M,37,2007-02-02T00:00:00+00:00,173,,Right,Spain,ES,ESP,,
2816,Real Betis,real-betis,Real Betis,BET,Spain,ES,ESP,851271,Fran García,Francisco,Garcia,fran-garcia,F. Garcia,D,11,1999-08-14T00:00:00+00:00,170,,Left,Spain,ES,ESP,9200000,1909008000
2816,Real Betis,real-betis,Real Betis,BET,Spain,ES,ESP,188365,Héctor Bellerín,,,hector-bellerin,H. Bellerín,D,2,1995-03-19T00:00:00+00:00,178,74,Right,Spain,ES,ESP,2500000,1845936000
2816,Real Betis,real-betis,Real Betis,BET,Spain,ES,ESP,1015287,Natan,,,natan,Natan,D,4,2001-02-06T00:00:00+00:00,188,,Left,Brazil,BR,BRA,26000000,1909008000
2816,Real Betis,real-betis,Real Betis,BET,Spain,ES,ESP,1186010,Valentín Gómez,Valentín,Gómez,diego-gomez,V. Gómez,D,16,2003-06-26T00:00:00+00:00,181,,Left,Argentina,AR,ARG,11200000,1909008000
2816,Real Betis,real-betis,Real Betis,BET,Spain,ES,ESP,914835,Junior Firpo,,,junior-firpo,J. Firpo,D,23,1996-08-22T00:00:00+00:00,184,75,Left,Dominican Republic,DO,DOM,3400000,1845936000
2816,Real Betis,real-betis,Real Betis,BET,Spain,ES,ESP,99519,Marc Bartra,,,marc-bartra,M. Bartra,D,5,1991-01-15T00:00:00+00:00,183,73,Right,Spain,ES,ESP,930000,1814313600
2816,Real Betis,real-betis,Real Betis,BET,Spain,ES,ESP,305278,Diego Llorente,Diego,Llorente,diego-llorente,D. Llorente,D,3,1993-08-16T00:00:00+00:00,185,75,Right,Spain,ES,ESP,2600000,1845936000
2816,Real Betis,real-betis,Real Betis,BET,Spain,ES,ESP,893062,Aitor Ruibal,Aitor,Ruibal,aitor-ruibal,A. Ruibal,D,24,1996-03-22T00:00:00+00:00,176,,Right,Spain,ES,ESP,3900000,1845936000
2816,Real Betis,real-betis,Real Betis,BET,Spain,ES,ESP,1152139,Angel Ortiz,,,angel-ortiz,Á. Ortiz,D,12,2004-07-25T00:00:00+00:00,167,,Right,Spain,ES,ESP,4400000,1877472000
2816,Real Betis,real-betis,Real Betis,BET,Spain,ES,ESP,964983,Álvaro Valles,,,alvaro-valles,Á. Valles,G,1,1997-07-25T00:00:00+00:00,192,,Right,Spain,ES,ESP,6500000,1909008000
2816,Real Betis,real-betis,Real Betis,BET,Spain,ES,ESP,951008,Diego Conde,Diego,Conde,diego-conde,D. Conde,G,13,1998-10-28T00:00:00+00:00,188,,Right,Spain,ES,ESP,3200000,1814313600
2816,Real Betis,real-betis,Real Betis,BET,Spain,ES,ESP,1823954,Manu González,Manu González,,manu-gonzalez,M. González,G,31,2007-04-18T00:00:00+00:00,191,,Right,Spain,ES,ESP,315000,1845936000
2816,Real Betis,real-betis,Real Betis,BET,Spain,ES,ESP,1977324,Álvaro de Pablo,Álvaro de Pablo,,alvaro-de-pablo,Á. d. Pablo,G,40,2002-08-07T00:00:00+00:00,192,,Right,Spain,ES,ESP,97000,1814313600
2829,Real Madrid,real-madrid,Real Madrid,RMA,Spain,ES,ESP,826643,Kylian Mbappé,,,kylian-mbappe,K. Mbappé,F,10,1998-12-20T00:00:00+00:00,180,,Right,France,FR,FRA,212000000,1877472000
2829,Real Madrid,real-madrid,Real Madrid,RMA,Spain,ES,ESP,868812,Vinícius Júnior,,,vinicius-junior,Vinícius Jr.,F,7,2000-07-12T00:00:00+00:00,176,,Right,Brazil,BR,BRA,146000000,1972166400
2829,Real Madrid,real-madrid,Real Madrid,RMA,Spain,ES,ESP,910536,Rodrygo,Rodrygo,Rodrygo,rodrygo,Rodrygo,F,11,2001-01-09T00:00:00+00:00,174,,Right,Brazil,BR,BRA,48000000,1845936000
2829,Real Madrid,real-madrid,Real Madrid,RMA,Spain,ES,ESP,1174937,Endrick,,,endrick,Endrick,F,9,2006-07-21T00:00:00+00:00,173,,Left,Brazil,BR,BRA,42000000,1909008000
2829,Real Madrid,real-madrid,Real Madrid,RMA,Spain,ES,ESP,2087085,Yan Diomande,Yan Diomande,,yan-diomande,Y. Diomande,F,25,2006-11-14T00:00:00+00:00,180,,Right,Côte d'Ivoire,CI,CIV,99000000,2003702400
2829,Real Madrid,real-madrid,Real Madrid,RMA,Spain,ES,ESP,1649918,Carlos Espí,,,espi-carlos,C. Espí,F,19,2005-07-24T00:00:00+00:00,194,,Right,Spain,ES,ESP,22000000,1940544000
2829,Real Madrid,real-madrid,Real Madrid,RMA,Spain,ES,ESP,991011,Jude Bellingham,,,jude-bellingham,J. Bellingham,M,5,2003-06-29T00:00:00+00:00,188,,Right,England,EN,ENG,151000000,1877472000
2829,Real Madrid,real-madrid,Real Madrid,RMA,Spain,ES,ESP,831808,Federico Valverde,Federico,Valverde,federico-valverde,F. Valverde,M,8,1998-07-22T00:00:00+00:00,181,,Right,Uruguay,UY,URY,87000000,1877472000
2829,Real Madrid,real-madrid,Real Madrid,RMA,Spain,ES,ESP,1091116,Arda Güler,Arda Guler,,arda-guler,A. Güler,M,15,2005-02-25T00:00:00+00:00,176,,Left,Türkiye,TR,TUR,87000000,1877472000
2829,Real Madrid,real-madrid,Real Madrid,RMA,Spain,ES,ESP,835485,Brahim Díaz,Brahim,Diaz,brahim-diaz,B. Díaz,M,21,1999-08-03T00:00:00+00:00,170,,Both,Morocco,MA,MAR,37000000,1814313600
2829,Real Madrid,real-madrid,Real Madrid,RMA,Spain,ES,ESP,973887,Eduardo Camavinga,Eduardo,Camavinga,eduardo-camavinga,E. Camavinga,M,6,2002-11-10T00:00:00+00:00,182,,Left,France,FR,FRA,48000000,1877472000
2829,Real Madrid,real-madrid,Real Madrid,RMA,Spain,ES,ESP,859025,Aurélien Tchouaméni,Aurelien,Tchouameni,aurelien-tchouameni,A. Tchouaméni,M,14,2000-01-27T00:00:00+00:00,188,,Right,France,FR,FRA,73000000,1845936000
2829,Real Madrid,real-madrid,Real Madrid,RMA,Spain,ES,ESP,331209,Bernardo Silva,Bernardo,Silva,bernardo-silva,B. Silva,M,20,1994-08-10T00:00:00+00:00,173,,Left,Portugal,PT,PRT,21000000,1845936000
2829,Real Madrid,real-madrid,Real Madrid,RMA,Spain,ES,ESP,2237795,Thiago Pitarch,Thiago,Pitarch Pinar,thiago-pitarch-pinar,T. Pitarch,M,27,2007-08-03T00:00:00+00:00,179,,Right,Spain,ES,ESP,18200000,1814313600
2829,Real Madrid,real-madrid,Real Madrid,RMA,Spain,ES,ESP,759520,Denzel Dumfries,Denzel,Dumfries,denzel-dumfries,D. Dumfries,M,24,1996-04-18T00:00:00+00:00,188,80,Right,Netherlands,NL,NLD,26000000,1909008000
2829,Real Madrid,real-madrid,Real Madrid,RMA,Spain,ES,ESP,1590121,Jorge Cestero,,,jorge-cestero-sancho,J. Cestero,M,29,2006-03-24T00:00:00+00:00,178,,Right,Spain,ES,ESP,8000000,1845936000
2829,Real Madrid,real-madrid,Real Madrid,RMA,Spain,ES,ESP,2049131,Diego Lacosta,Diego Lacosta,,diego-lacosta,D. Lacosta,M,30,2008-01-30T00:00:00+00:00,180,,Right,Spain,ES,ESP,,
2829,Real Madrid,real-madrid,Real Madrid,RMA,Spain,ES,ESP,795064,Trent Alexander-Arnold,Trent,Alexander-Arnold,trent-alexander-arnold,T. Alexander-Arnold,D,12,1998-10-07T00:00:00+00:00,180,,Right,England,EN,ENG,62000000,1940544000
2829,Real Madrid,real-madrid,Real Madrid,RMA,Spain,ES,ESP,142622,Antonio Rüdiger,,,antonio-rudiger,A. Rüdiger,D,22,1993-03-03T00:00:00+00:00,191,,Right,Germany,DE,DEU,6200000,1814313600
2829,Real Madrid,real-madrid,Real Madrid,RMA,Spain,ES,ESP,1176744,Dean Huijsen,,,dean-huijsen,D. Huijsen,D,4,2005-04-14T00:00:00+00:00,195,,Both,Spain,ES,ESP,66000000,1909008000
2829,Real Madrid,real-madrid,Real Madrid,RMA,Spain,ES,ESP,822519,Éder Militão,Eder,Militao,eder-militao,É. Militão,D,3,1998-01-18T00:00:00+00:00,186,,Right,Brazil,BR,BRA,21000000,1845936000
2829,Real Madrid,real-madrid,Real Madrid,RMA,Spain,ES,ESP,1156645,Raúl Asencio,,,raul-asencio,R. Asencio,D,2,2003-02-13T00:00:00+00:00,184,,Right,Spain,ES,ESP,18100000,1940544000
2829,Real Madrid,real-madrid,Real Madrid,RMA,Spain,ES,ESP,794939,Marc Cucurella,Marc,Cucurella,marc-cucurella,M. Cucurella,D,17,1998-07-22T00:00:00+00:00,175,68,Left,Spain,ES,ESP,62000000,1972166400
2829,Real Madrid,real-madrid,Real Madrid,RMA,Spain,ES,ESP,1085081,Álvaro Carreras,,,alvaro-carreras,Á. Carreras,D,18,2003-03-23T00:00:00+00:00,186,,Left,Spain,ES,ESP,53000000,1940544000
2829,Real Madrid,real-madrid,Real Madrid,RMA,Spain,ES,ESP,792073,Ferland Mendy,Ferland,Mendy,ferland-mendy,F. Mendy,D,23,1995-06-08T00:00:00+00:00,178,,Left,France,FR,FRA,4200000,1845936000
2829,Real Madrid,real-madrid,Real Madrid,RMA,Spain,ES,ESP,826215,Ibrahima Konaté,Ibrahima,Konate,ibrahima-konate,I. Konaté,D,16,1999-05-25T00:00:00+00:00,195,84,Right,France,FR,FRA,46000000,1909008000
2829,Real Madrid,real-madrid,Real Madrid,RMA,Spain,ES,ESP,1542791,Mario Rivas,Mario Rivas,,mario-rivas,M. Rivas,D,33,2007-03-16T00:00:00+00:00,188,,Right,Spain,ES,ESP,1900000,1814313600
2829,Real Madrid,real-madrid,Real Madrid,RMA,Spain,ES,ESP,70988,Thibaut Courtois,,,thibaut-courtois,T. Courtois,G,1,1992-05-11T00:00:00+00:00,200,,Left,Belgium,BE,BEL,14500000,1814313600
2829,Real Madrid,real-madrid,Real Madrid,RMA,Spain,ES,ESP,857574,Andriy Lunin,Andriy,Lunin,andriy-lunin,A. Lunin,G,13,1999-02-11T00:00:00+00:00,191,,Right,Ukraine,UA,UKR,11300000,1909008000
2835,Real Racing Club,racing-de-santander,R. Racing Club,SAN,Spain,ES,ESP,1606013,Yassir Zabiri,Yassir Zabiri,,yassir-zabiri,Y. Zabiri,F,21,2005-02-23T00:00:00+00:00,182,,Left,Morocco,MA,MAR,9800000,1814313600
2835,Real Racing Club,racing-de-santander,R. Racing Club,SAN,Spain,ES,ESP,965257,Giorgi Guliashvili,Giorgi,Guliashvili,giorgi-guliashvili,G. Guliashvili,F,7,2001-09-05T00:00:00+00:00,179,,Right,Georgia,GE,GEO,3400000,1877472000
2835,Real Racing Club,racing-de-santander,R. Racing Club,SAN,Spain,ES,ESP,355072,Asier Villalibre,Asier,Villalibre,asier-villalibre,A. Villalibre,F,12,1997-09-30T00:00:00+00:00,183,80,Left,Spain,ES,ESP,2100000,1877472000
2835,Real Racing Club,racing-de-santander,R. Racing Club,SAN,Spain,ES,ESP,1084464,Juan Carlos Arana,,,juan-carlos-arana,J. C. Arana,F,9,2000-02-08T00:00:00+00:00,182,,Right,Spain,ES,ESP,1100000,1845936000
2835,Real Racing Club,racing-de-santander,R. Racing Club,SAN,Spain,ES,ESP,2450549,Hugo Pérez,,,hugo-perez,H. Pérez,F,38,2007-06-12T00:00:00+00:00,,,,Spain,ES,ESP,,1877472000
2835,Real Racing Club,racing-de-santander,R. Racing Club,SAN,Spain,ES,ESP,41560,Sergio Canales,,,sergio-canales,S. Canales,M,20,1991-02-16T00:00:00+00:00,176,65,Left,Spain,ES,ESP,3200000,1845936000
2835,Real Racing Club,racing-de-santander,R. Racing Club,SAN,Spain,ES,ESP,1893910,Pablo García,,,pablo-garcia,P. García,M,15,2006-06-13T00:00:00+00:00,175,67,Left,Spain,ES,ESP,8199999,1909008000
2835,Real Racing Club,racing-de-santander,R. Racing Club,SAN,Spain,ES,ESP,1961600,Belal Attia,Belal Attia,,belal-ateya,B. Attia,M,10,2008-01-01T00:00:00+00:00,170,,Right,Egypt,EG,EGY,,1814313600
2835,Real Racing Club,racing-de-santander,R. Racing Club,SAN,Spain,ES,ESP,922939,Andrés Martín,,,andres-martin,A. Martín,M,11,1999-07-11T00:00:00+00:00,178,,Left,Spain,ES,ESP,8199999,1845936000
2835,Real Racing Club,racing-de-santander,R. Racing Club,SAN,Spain,ES,ESP,1383421,Maguette Gueye,Maguette Gueye,,maguette-gueye,M. Gueye,M,14,2002-12-30T00:00:00+00:00,183,,Left,Senegal,SN,SEN,2100000,1877472000
2835,Real Racing Club,racing-de-santander,R. Racing Club,SAN,Spain,ES,ESP,1544428,Iker Luque,Iker Luque,,iker-luque,I. Luque,M,37,2005-06-05T00:00:00+00:00,168,,Right,Spain,ES,ESP,2200000,1909008000
2835,Real Racing Club,racing-de-santander,R. Racing Club,SAN,Spain,ES,ESP,605674,Iñigo Vicente,Inigo,Vicente,inigo-vicente,I. Vicente,M,10,1998-01-06T00:00:00+00:00,178,,Right,Spain,ES,ESP,6600000,1909008000
2835,Real Racing Club,racing-de-santander,R. Racing Club,SAN,Spain,ES,ESP,845693,André Almeida,Andre,Almeida,andre-almeida,A. Almeida,M,8,2000-05-30T00:00:00+00:00,176,62,Right,Portugal,PT,PRT,6200000,1814313600
2835,Real Racing Club,racing-de-santander,R. Racing Club,SAN,Spain,ES,ESP,973699,Iván Martín,,,ivan-martin,I. Martín,M,23,1999-02-14T00:00:00+00:00,178,,Left,Spain,ES,ESP,4600000,1909008000
2835,Real Racing Club,racing-de-santander,R. Racing Club,SAN,Spain,ES,ESP,797286,Aarón Martín,Aaron,Martin,aaron-martin,A. Martín,M,3,1997-04-22T00:00:00+00:00,180,72,Left,Spain,ES,ESP,4900000,1814313600
2835,Real Racing Club,racing-de-santander,R. Racing Club,SAN,Spain,ES,ESP,1111640,Matteo Prati,Matteo,Prati,matteo-prati,M. Prati,M,18,2003-12-28T00:00:00+00:00,182,,Right,Italy,IT,ITA,5000000,1814313600
2835,Real Racing Club,racing-de-santander,R. Racing Club,SAN,Spain,ES,ESP,949459,Íñigo Sáinz-Maza,,,inigo-sainz-maza,Í.  Sáinz-Maza,M,6,1998-06-16T00:00:00+00:00,184,,Right,Spain,ES,ESP,1000000,1845936000
2835,Real Racing Club,racing-de-santander,R. Racing Club,SAN,Spain,ES,ESP,1861680,Jorge Salinas,Jorge Salinas,,jorge-salinas,J. Salinas,D,17,2007-04-03T00:00:00+00:00,181,,Left,Spain,ES,ESP,8500000,1877472000
2835,Real Racing Club,racing-de-santander,R. Racing Club,SAN,Spain,ES,ESP,1173172,Jeanuël Belocian,Jeanuel,Belocian,jeanuel-belocian,J. Belocian,D,24,2005-02-17T00:00:00+00:00,186,,Left,France,FR,FRA,12900000,1814313600
2835,Real Racing Club,racing-de-santander,R. Racing Club,SAN,Spain,ES,ESP,1085103,Facundo González,,,facundo-gonzalez,F. González,D,16,2003-06-06T00:00:00+00:00,193,78,Left,Uruguay,UY,URY,3100000,1877472000
2835,Real Racing Club,racing-de-santander,R. Racing Club,SAN,Spain,ES,ESP,1485292,Pedro Felipe,,,pedro-felipe,P. Felipe,D,22,2004-05-23T00:00:00+00:00,190,84,Right,Brazil,BR,BRA,1500000,1909008000
2835,Real Racing Club,racing-de-santander,R. Racing Club,SAN,Spain,ES,ESP,962381,Pablo Ramón,,,pablo-ramon,P. Ramón,D,5,2001-06-30T00:00:00+00:00,186,76,Right,Spain,ES,ESP,1500000,1877472000
2835,Real Racing Club,racing-de-santander,R. Racing Club,SAN,Spain,ES,ESP,851268,Manu Hernando,Manu,Hernando,manu-hernando,M. Hernando,D,4,1998-07-19T00:00:00+00:00,181,71,Right,Spain,ES,ESP,1400000,1845936000
2835,Real Racing Club,racing-de-santander,R. Racing Club,SAN,Spain,ES,ESP,1010792,Alvaro Mantilla,,,alvaro-mantilla,A. Mantilla,D,2,2000-05-09T00:00:00+00:00,182,71,Right,Spain,ES,ESP,1200000,1845936000
2835,Real Racing Club,racing-de-santander,R. Racing Club,SAN,Spain,ES,ESP,1014412,Julen Agirrezabala,,,julen-agirrezabala,J. Agirrezabala,G,13,2000-12-26T00:00:00+00:00,187,,Left,Spain,ES,ESP,9800000,1940544000
2835,Real Racing Club,racing-de-santander,R. Racing Club,SAN,Spain,ES,ESP,1472960,Simon Eriksson,,,simon-eriksson,S. Eriksson,G,1,2006-04-24T00:00:00+00:00,194,87,Right,Sweden,SE,SWE,2100000,1909008000
2824,Real Sociedad,real-sociedad,Real Sociedad,RSO,Spain,ES,ESP,823622,Mikel Oyarzabal,Mikel,Oyarzabal,mikel-oyarzabal,M. Oyarzabal,F,10,1997-04-21T00:00:00+00:00,181,75,Left,Spain,ES,ESP,27000000,1845936000
2824,Real Sociedad,real-sociedad,Real Sociedad,RSO,Spain,ES,ESP,1026015,Orri Óskarsson,,,orri-steinn-oskarsson,O. S. Óskarsson,F,9,2004-08-29T00:00:00+00:00,186,,Right,Iceland,IS,ISL,21000000,1909008000
2824,Real Sociedad,real-sociedad,Real Sociedad,RSO,Spain,ES,ESP,880218,Takefusa Kubo,Takefusa,Kubo,takefusa-kubo,T. Kubo,M,14,2001-06-04T00:00:00+00:00,174,67,Left,Japan,JP,JPN,21000000,1877472000
2824,Real Sociedad,real-sociedad,Real Sociedad,RSO,Spain,ES,ESP,949156,Luka Sučić,Luka,Sucic,luka-sucic,L. Sučić,M,24,2002-09-08T00:00:00+00:00,185,,Left,Croatia,HR,HRV,10900000,1877472000
2824,Real Sociedad,real-sociedad,Real Sociedad,RSO,Spain,ES,ESP,280979,Gonçalo Guedes,,,goncalo-guedes,G. Guedes,M,11,1996-11-29T00:00:00+00:00,179,68,Right,Portugal,PT,PRT,5700000,1845936000
2824,Real Sociedad,real-sociedad,Real Sociedad,RSO,Spain,ES,ESP,1066045,Arsen Zakharyan,Arsen Zakharyan,,arsen-zakharyan,A. Zakharyan,M,23,2003-05-26T00:00:00+00:00,183,,Right,Russia,RU,RUS,8700000,1877472000
2824,Real Sociedad,real-sociedad,Real Sociedad,RSO,Spain,ES,ESP,839585,Yangel Herrera,,,yangel-herrera,Y. Herrera,M,21,1998-01-07T00:00:00+00:00,184,75,Right,Venezuela,VE,VEN,5600000,1909008000
2824,Real Sociedad,real-sociedad,Real Sociedad,RSO,Spain,ES,ESP,832427,Carlos Soler,Carlos,Soler,carlos-soler,C. Soler,M,18,1997-01-02T00:00:00+00:00,180,76,Right,Spain,ES,ESP,6600000,1877472000
2824,Real Sociedad,real-sociedad,Real Sociedad,RSO,Spain,ES,ESP,966862,Ander Barrenetxea,,,ander-barrenetxea,A. Barrenetxea,M,7,2001-12-27T00:00:00+00:00,174,,Right,Spain,ES,ESP,17200000,1909008000
2824,Real Sociedad,real-sociedad,Real Sociedad,RSO,Spain,ES,ESP,1111081,Job Ochieng,,,job-ochieng,J. Ochieng,M,12,2003-01-17T00:00:00+00:00,185,,Right,Kenya,KE,KEN,2200000,1845936000
2824,Real Sociedad,real-sociedad,Real Sociedad,RSO,Spain,ES,ESP,980410,Beñat Turrientes,Benat,Turrientes,benat-turrientes,B. Turrientes,M,8,2002-01-31T00:00:00+00:00,179,,Right,Spain,ES,ESP,10600000,1909008000
2824,Real Sociedad,real-sociedad,Real Sociedad,RSO,Spain,ES,ESP,1216309,Jon Gorrotxategi,Jon Gorrotxategi,,jon-gorrotxategi,J. Gorrotxategi,M,4,2002-02-02T00:00:00+00:00,177,72,Right,Spain,ES,ESP,27000000,1909008000
2824,Real Sociedad,real-sociedad,Real Sociedad,RSO,Spain,ES,ESP,1139409,Pablo Marín,Pablo Marín,,pablo-marin,P. Marín,M,15,2003-07-03T00:00:00+00:00,178,,Right,Spain,ES,ESP,7400000,1877472000
2824,Real Sociedad,real-sociedad,Real Sociedad,RSO,Spain,ES,ESP,1602590,Alex Marchal,,,alex-marchal,A. Marchal,M,29,2007-09-17T00:00:00+00:00,181,,Right,Spain,ES,ESP,2100000,1877472000
2824,Real Sociedad,real-sociedad,Real Sociedad,RSO,Spain,ES,ESP,1402908,Hector Fort,Héctor Fort,,fort-hector,H. Fort,D,22,2006-08-02T00:00:00+00:00,185,77,Right,Spain,ES,ESP,11600000,1940544000
2824,Real Sociedad,real-sociedad,Real Sociedad,RSO,Spain,ES,ESP,1154657,Mamadou Sarr,Mamadou Sarr,,sarr-mamadou,M. Sarr,D,19,2005-08-29T00:00:00+00:00,194,,Right,Senegal,SN,SEN,24000000,1814313600
2824,Real Sociedad,real-sociedad,Real Sociedad,RSO,Spain,ES,ESP,1116388,Jon Aramburu,Jon Aramburu,,jon-aramburu,J. Aramburu,D,2,2002-07-23T00:00:00+00:00,176,71,Right,Venezuela,VE,VEN,13900000,1909008000
2824,Real Sociedad,real-sociedad,Real Sociedad,RSO,Spain,ES,ESP,855835,Sergio Gómez,Sergio,Gomez,sergio-gomez,S. Gómez,D,17,2000-09-04T00:00:00+00:00,171,68,Left,Spain,ES,ESP,14600000,1909008000
2824,Real Sociedad,real-sociedad,Real Sociedad,RSO,Spain,ES,ESP,353250,Álvaro Odriozola,,,alvaro-odriozola,Á. Odriozola,D,20,1995-12-14T00:00:00+00:00,175,74,Right,Spain,ES,ESP,825000,1877472000
2824,Real Sociedad,real-sociedad,Real Sociedad,RSO,Spain,ES,ESP,1466116,Jon Martin,Jon Martín,,vicente-jon-martin,J. Martin,D,6,2006-04-23T00:00:00+00:00,185,79,Right,Spain,ES,ESP,24000000,1972166400
2824,Real Sociedad,real-sociedad,Real Sociedad,RSO,Spain,ES,ESP,838159,Igor Zubeldia,Igor,Zubeldia,igor-zubeldia,I. Zubeldia,D,5,1997-03-30T00:00:00+00:00,180,75,Right,Spain,ES,ESP,6300000,1877472000
2824,Real Sociedad,real-sociedad,Real Sociedad,RSO,Spain,ES,ESP,934383,Jon Pacheco,Jon,Pacheco,jon-pacheco,J. Pacheco,D,16,2001-01-08T00:00:00+00:00,184,,Left,Spain,ES,ESP,5200000,1909008000
2824,Real Sociedad,real-sociedad,Real Sociedad,RSO,Spain,ES,ESP,966441,Aihen Muñoz,,,aihen-munoz,A. Muñoz,D,3,1997-08-16T00:00:00+00:00,175,72,Left,Spain,ES,ESP,2600000,1814313600
2824,Real Sociedad,real-sociedad,Real Sociedad,RSO,Spain,ES,ESP,791773,Álex Remiro,Alex,Remiro,alex-remiro,Á. Remiro,G,1,1995-03-24T00:00:00+00:00,191,80,Right,Spain,ES,ESP,9600000,1814313600
2824,Real Sociedad,real-sociedad,Real Sociedad,RSO,Spain,ES,ESP,1094782,Unai Marrero,Unai Marrero,,unai-marrero,U. Marrero,G,13,2001-10-09T00:00:00+00:00,187,,Right,Spain,ES,ESP,1100000,1909008000
2833,Sevilla,sevilla,Sevilla,SEV,Spain,ES,ESP,875890,Chidera Ejuke,,,chidera-ejuke,C. Ejuke,F,21,1998-01-02T00:00:00+00:00,176,72,Right,Nigeria,NG,NGA,3700000,1814313600
2833,Sevilla,sevilla,Sevilla,SEV,Spain,ES,ESP,1126521,Lucas Stassin,,,lucas-stassin,L. Stassin,F,19,2004-11-29T00:00:00+00:00,184,,Right,Belgium,BE,BEL,15700000,1814313600
2833,Sevilla,sevilla,Sevilla,SEV,Spain,ES,ESP,1142351,Robbie Ure,,,robbie-ure,R. Ure,F,9,2004-02-26T00:00:00+00:00,189,,Right,Scotland,SX,SCO,4800000,1940544000
2833,Sevilla,sevilla,Sevilla,SEV,Spain,ES,ESP,1018190,Isaac Romero,,,romero-isaac,I. Romero,F,16,2000-05-18T00:00:00+00:00,184,,Left,Spain,ES,ESP,5200000,1845936000
2833,Sevilla,sevilla,Sevilla,SEV,Spain,ES,ESP,1468090,Alfon González,,,alfon-gonzalez,A. González,F,7,1999-05-04T00:00:00+00:00,172,60,Right,Spain,ES,ESP,3300000,1845936000
2833,Sevilla,sevilla,Sevilla,SEV,Spain,ES,ESP,2725914,Manuel Angel Castillo Rodrguez,,,castillo-rodrguez-manuel-angel,M. A. C. Rodrguez,F,26,2008-06-12T00:00:00+00:00,177,,,Spain,ES,ESP,,
2833,Sevilla,sevilla,Sevilla,SEV,Spain,ES,ESP,945062,Youssouf Fofana,,,youssouf-fofana,Y. Fofana,M,24,1999-01-10T00:00:00+00:00,185,,Right,France,FR,FRA,25000000,1814313600
2833,Sevilla,sevilla,Sevilla,SEV,Spain,ES,ESP,872919,Rubén Vargas,Ruben,Vargas,ruben-vargas,R. Vargas,M,11,1998-08-05T00:00:00+00:00,179,64,Right,Switzerland,CH,CHE,13900000,1877472000
2833,Sevilla,sevilla,Sevilla,SEV,Spain,ES,ESP,886402,Giorgi Kochorashvili,Giorgi,Kochorashvili,giorgi-kochorashvili,G. Kochorashvili,M,8,1999-06-28T00:00:00+00:00,176,,Right,Georgia,GE,GEO,3800000,1909008000
2833,Sevilla,sevilla,Sevilla,SEV,Spain,ES,ESP,960006,Lucien Agoumé,,,lucien-agoume,L. Agoumé,M,6,2002-02-09T00:00:00+00:00,185,,Right,France,FR,FRA,15500000,1845936000
2833,Sevilla,sevilla,Sevilla,SEV,Spain,ES,ESP,934498,Félix Correia,Felix,Correia,felix-correia,F. Correia,M,20,2001-01-22T00:00:00+00:00,178,,Right,Portugal,PT,PRT,9700000,1814313600
2833,Sevilla,sevilla,Sevilla,SEV,Spain,ES,ESP,997033,Peque Fernández,,,peque-fernandez,P. Fernández,M,10,2002-10-04T00:00:00+00:00,168,,Right,Spain,ES,ESP,3300000,1845936000
2833,Sevilla,sevilla,Sevilla,SEV,Spain,ES,ESP,788141,Jon Guridi,Jon,Guridi,jon-guridi,J. Guridi,M,18,1995-02-28T00:00:00+00:00,179,64,Left,Spain,ES,ESP,1700000,1845936000
2833,Sevilla,sevilla,Sevilla,SEV,Spain,ES,ESP,2509247,Miguel Sierra,,,miguel-angel-sierra-ortega,Miguel Sierra,M,30,2004-07-14T00:00:00+00:00,181,71,Left,Spain,ES,ESP,330000,1877472000
2833,Sevilla,sevilla,Sevilla,SEV,Spain,ES,ESP,1142094,Manu Bueno,,,bueno-manu,M. Bueno,M,14,2004-07-27T00:00:00+00:00,178,,Left,Spain,ES,ESP,1500000,1814313600
2833,Sevilla,sevilla,Sevilla,SEV,Spain,ES,ESP,1892023,Nico Guillén,,,nico-guillen,N. Guillén,M,27,2008-01-30T00:00:00+00:00,190,,Left,Spain,ES,ESP,1100000,1877472000
2833,Sevilla,sevilla,Sevilla,SEV,Spain,ES,ESP,818986,Gabriel Suazo,,,gabriel-suazo,G. Suazo,D,17,1997-08-09T00:00:00+00:00,178,69,Left,Chile,CL,CHL,6600000,1845936000
2833,Sevilla,sevilla,Sevilla,SEV,Spain,ES,ESP,1097719,Kike Salas,,,kike-salas,K. Salas,D,4,2002-04-22T00:00:00+00:00,186,,Left,Spain,ES,ESP,15400000,1877472000
2833,Sevilla,sevilla,Sevilla,SEV,Spain,ES,ESP,840951,Marcão,Marcos,Marcao,marcao,Marcão,D,23,1996-06-05T00:00:00+00:00,185,75,Left,Brazil,BR,BRA,2600000,1845936000
2833,Sevilla,sevilla,Sevilla,SEV,Spain,ES,ESP,1035988,Arouna Sangante,,,arouna-sangante,A. Sangante,D,12,2002-04-12T00:00:00+00:00,189,,Right,Senegal,SN,SEN,7700000,1940544000
2833,Sevilla,sevilla,Sevilla,SEV,Spain,ES,ESP,1015240,José Ángel Carmona,,,jose-angel-carmona,J. Á. Carmona,D,22,2002-01-29T00:00:00+00:00,183,,Right,Spain,ES,ESP,11100000,1845936000
2833,Sevilla,sevilla,Sevilla,SEV,Spain,ES,ESP,949707,Juan Iglesias,,,juan-iglesias,J. Iglesias,D,2,1998-07-03T00:00:00+00:00,185,,Right,Spain,ES,ESP,4800000,1909008000
2833,Sevilla,sevilla,Sevilla,SEV,Spain,ES,ESP,1402990,Julio Díaz,Julio Díaz,,julio-diaz,J. Díaz,D,3,2005-01-10T00:00:00+00:00,174,,Left,Spain,ES,ESP,1400000,1940544000
2833,Sevilla,sevilla,Sevilla,SEV,Spain,ES,ESP,252815,Fábio Cardoso,,,fabio-cardoso,F. Cardoso,D,15,1994-04-19T00:00:00+00:00,187,75,Right,Portugal,PT,PRT,1400000,1845936000
2833,Sevilla,sevilla,Sevilla,SEV,Spain,ES,ESP,1428699,Andres Castrin,Andres,Castrin,andres-castrin,A. Castrin,D,5,2003-05-26T00:00:00+00:00,188,,Right,Spain,ES,ESP,6500000,1814313600
2833,Sevilla,sevilla,Sevilla,SEV,Spain,ES,ESP,1402720,Iker Muñoz,,,iker-munoz,I. Muñoz,D,34,2004-01-05T00:00:00+00:00,186,,Right,Spain,ES,ESP,195000,1814313600
2833,Sevilla,sevilla,Sevilla,SEV,Spain,ES,ESP,1493226,Fran González,,,gonzalez-fran,F. González,G,13,2005-06-24T00:00:00+00:00,199,,Right,Spain,ES,ESP,2700000,1940544000
2833,Sevilla,sevilla,Sevilla,SEV,Spain,ES,ESP,138149,Odysseas Vlachodimos,Odysseas,Vlachodimos,odysseas-vlachodimos,O. Vlachodimos,G,1,1994-04-26T00:00:00+00:00,191,77,Right,Greece,GR,GRC,3200000,1814313600
2828,Valencia,valencia,Valencia,VAL,Spain,ES,ESP,827064,Arnaut Danjuma,Arnaut,Danjuma,arnaut-danjuma,A. Danjuma,F,7,1997-01-31T00:00:00+00:00,178,,Right,Netherlands,NL,NLD,2800000,1845936000
2828,Valencia,valencia,Valencia,VAL,Spain,ES,ESP,754710,Umar Sadiq,Umar,Sadiq,umar-sadiq,U. Sadiq,F,6,1997-02-02T00:00:00+00:00,192,75,Right,Nigeria,NG,NGA,3900000,1845936000
2828,Valencia,valencia,Valencia,VAL,Spain,ES,ESP,909119,Hugo Duro,,,hugo-duro,H. Duro,F,9,1999-11-10T00:00:00+00:00,180,,Left,Spain,ES,ESP,11600000,1845936000
2828,Valencia,valencia,Valencia,VAL,Spain,ES,ESP,873947,Dani Raba,,,dani-raba,D. Raba,F,19,1995-10-29T00:00:00+00:00,184,,Left,Spain,ES,ESP,1200000,1814313600
2828,Valencia,valencia,Valencia,VAL,Spain,ES,ESP,1580022,David Otorbi,David Otorbi,,otorbi-david,D. Otorbi,F,27,2007-10-16T00:00:00+00:00,180,,Right,Spain,ES,ESP,465000,1845936000
2828,Valencia,valencia,Valencia,VAL,Spain,ES,ESP,1967732,Aimar Blazquez,,,aimar-blazquez,A. Blázquez,F,37,2006-03-19T00:00:00+00:00,194,,Right,Spain,ES,ESP,92000,1814313600
2828,Valencia,valencia,Valencia,VAL,Spain,ES,ESP,955245,Harvey Elliott,,,harvey-elliott,H. Elliott,M,10,2003-04-04T00:00:00+00:00,170,,Left,England,EN,ENG,21000000,1814313600
2828,Valencia,valencia,Valencia,VAL,Spain,ES,ESP,933780,Aliou Dieng,,,aliou-dieng,A. Dieng,M,15,1997-10-16T00:00:00+00:00,184,,Right,Mali,ML,MLI,3100000,1845936000
2828,Valencia,valencia,Valencia,VAL,Spain,ES,ESP,609752,Guido Rodríguez,Guido,Rodriguez,guido-rodriguez,G. Rodríguez,M,2,1994-04-12T00:00:00+00:00,185,80,Right,Argentina,AR,ARG,4200000,1845936000
2828,Valencia,valencia,Valencia,VAL,Spain,ES,ESP,1122610,Javier Guerra,,,javier-guerra,J. Guerra,M,8,2003-05-13T00:00:00+00:00,187,,Right,Spain,ES,ESP,26000000,1877472000
2828,Valencia,valencia,Valencia,VAL,Spain,ES,ESP,1476200,Ryunosuke Sato,,,sato-ryunosuke,R. Sato,M,39,2006-10-16T00:00:00+00:00,171,,Right,Japan,JP,JPN,2100000,1940544000
2828,Valencia,valencia,Valencia,VAL,Spain,ES,ESP,826948,Pepelu,,,pepelu,Pepelu,M,18,1998-08-11T00:00:00+00:00,185,73,Right,Spain,ES,ESP,7300000,1845936000
2828,Valencia,valencia,Valencia,VAL,Spain,ES,ESP,998950,Diego López,,,diego-lopez,D. López,M,16,2002-05-13T00:00:00+00:00,172,,Right,Spain,ES,ESP,9600000,1877472000
2828,Valencia,valencia,Valencia,VAL,Spain,ES,ESP,900433,Luis Rioja,,,luis-rioja,L. Rioja,M,11,1993-10-16T00:00:00+00:00,173,,Left,Spain,ES,ESP,1900000,1814313600
2828,Valencia,valencia,Valencia,VAL,Spain,ES,ESP,857482,Filip Ugrinić,Filip,Ugrinic,filip-ugrinic,F. Ugrinić,M,23,1999-01-05T00:00:00+00:00,185,84,Right,Switzerland,CH,CHE,5700000,1877472000
2828,Valencia,valencia,Valencia,VAL,Spain,ES,ESP,790833,Sergi Canós,Sergi,Canos,sergi-canos,S. Canós,M,7,1997-02-02T00:00:00+00:00,173,75,Right,Spain,ES,ESP,630000,1814313600
2828,Valencia,valencia,Valencia,VAL,Spain,ES,ESP,1926094,Jaume Durá,Jaume Durá,,jaume-dura,J. Durá,M,38,2008-05-15T00:00:00+00:00,175,,Right,Spain,ES,ESP,96000,1845936000
2828,Valencia,valencia,Valencia,VAL,Spain,ES,ESP,2468733,Aaron Mayol,Aaron,Mayol,aaron-mayol,A. Mayol,M,33,2008-04-03T00:00:00+00:00,,,,Spain,ES,ESP,47000,1877472000
2828,Valencia,valencia,Valencia,VAL,Spain,ES,ESP,797306,Mouctar Diakhaby,Mouctar,Diakhaby,mouctar-diakhaby,M. Diakhaby,D,4,1996-12-19T00:00:00+00:00,192,74,Right,Guinea,GN,GIN,1500000,1814313600
2828,Valencia,valencia,Valencia,VAL,Spain,ES,ESP,788216,Pablo Maffeo,Pablo,Maffeo,pablo-maffeo,P. Maffeo,D,24,1997-07-12T00:00:00+00:00,173,68,Right,Argentina,AR,ARG,2900000,1814313600
2828,Valencia,valencia,Valencia,VAL,Spain,ES,ESP,227922,José Luis Gayà,,,jose-luis-gaya,J. L. Gayà,D,14,1995-05-25T00:00:00+00:00,172,64,Left,Spain,ES,ESP,4300000,1814313600
2828,Valencia,valencia,Valencia,VAL,Spain,ES,ESP,1084081,Arnau Martínez,Arnau Martinez,,arnau-martinez,A. Martínez,D,22,2003-04-25T00:00:00+00:00,181,,Right,Spain,ES,ESP,10800000,1940544000
2828,Valencia,valencia,Valencia,VAL,Spain,ES,ESP,996928,César Tárrega,,,cesar-tarrega,C. Tárrega,D,5,2002-02-26T00:00:00+00:00,193,,Right,Spain,ES,ESP,9300000,1909008000
2828,Valencia,valencia,Valencia,VAL,Spain,ES,ESP,996929,Jesús Vázquez,,,jesus-vazquez,J. Vázquez,D,21,2003-01-02T00:00:00+00:00,182,,Left,Spain,ES,ESP,4200000,1845936000
2828,Valencia,valencia,Valencia,VAL,Spain,ES,ESP,151138,Dimitri Foulquier,Dimitri,Foulquier,dimitri-foulquier,D. Foulquier,D,20,1993-03-23T00:00:00+00:00,183,79,Right,Guadeloupe,GP,GLP,980000,1814313600
2828,Valencia,valencia,Valencia,VAL,Spain,ES,ESP,876255,Justin De Haas,Justin,De Haas,justin-de-haas,J. De Haas,D,12,2000-02-01T00:00:00+00:00,192,,Left,Netherlands,NL,NLD,7700000,1909008000
2828,Valencia,valencia,Valencia,VAL,Spain,ES,ESP,913695,José Copete,,,jose-copete,J. Copete,D,3,1999-10-10T00:00:00+00:00,190,,Left,Spain,ES,ESP,4500000,1877472000
2828,Valencia,valencia,Valencia,VAL,Spain,ES,ESP,1563953,Iker Cordoba,,,iker-cordoba,I. Córdoba,D,36,2005-11-11T00:00:00+00:00,190,,Left,Spain,ES,ESP,485000,1845936000
2828,Valencia,valencia,Valencia,VAL,Spain,ES,ESP,2109734,Rodrigo Gamón,Rodrigo Gamón,,rodrigo-gamon,R. Gamón,D,31,2007-01-01T00:00:00+00:00,,,Right,Spain,ES,ESP,190000,1814313600
2828,Valencia,valencia,Valencia,VAL,Spain,ES,ESP,97951,Stole Dimitrievski,,,stole-dimitrievski,S. Dimitrievski,G,1,1993-12-25T00:00:00+00:00,188,81,Right,North Macedonia,MK,MKD,2100000,1845936000
2828,Valencia,valencia,Valencia,VAL,Spain,ES,ESP,1393970,Kayne van Oevelen,Kayne van Oevelen,,kayne-van-oevelen,K. v. Oevelen,G,25,2003-08-08T00:00:00+00:00,199,,Both,Netherlands,NL,NLD,2100000,1814313600
2828,Valencia,valencia,Valencia,VAL,Spain,ES,ESP,914744,Cristian Rivero,,,cristian-rivero,C. Rivero,G,13,1998-03-21T00:00:00+00:00,188,,Right,Spain,ES,ESP,94000,1814313600
2819,Villarreal,villarreal,Villarreal,VIL,Spain,ES,ESP,593526,Nicolas Pépé,Nicolas,Pepe,nicolas-pepe,N. Pépé,F,19,1995-05-29T00:00:00+00:00,183,68,Left,Côte d'Ivoire,CI,CIV,6600000,1845936000
2819,Villarreal,villarreal,Villarreal,VIL,Spain,ES,ESP,1009372,Georges Mikautadze,Georges,Mikautadze,georges-mikautadze,G. Mikautadze,F,9,2000-10-31T00:00:00+00:00,176,,Right,Georgia,GE,GEO,32000000,1940544000
2819,Villarreal,villarreal,Villarreal,VIL,Spain,ES,ESP,146866,Gerard Moreno,Gerard,Moreno,gerard-moreno,G. Moreno,F,7,1992-04-07T00:00:00+00:00,180,75,Left,Spain,ES,ESP,2400000,1814313600
2819,Villarreal,villarreal,Villarreal,VIL,Spain,ES,ESP,345195,Ayoze Pérez,,,ayoze-perez,A. Pérez,F,22,1993-07-23T00:00:00+00:00,180,66,Right,Spain,ES,ESP,5400000,1845936000
2819,Villarreal,villarreal,Villarreal,VIL,Spain,ES,ESP,1172477,Tani Oluwaseyi,Tani Oluwaseyi,,oluwaseyi-tani,T. Oluwaseyi,F,21,2000-05-15T00:00:00+00:00,188,,Left,Canada,CA,CAN,7500000,1909008000
2819,Villarreal,villarreal,Villarreal,VIL,Spain,ES,ESP,879694,Pape Gueye,,,pape-gueye,P. Gueye,M,18,1999-01-24T00:00:00+00:00,187,,Left,Senegal,SN,SEN,39000000,1845936000
2819,Villarreal,villarreal,Villarreal,VIL,Spain,ES,ESP,1089108,Ilias Akhomach,,,ilias-akhomach,I. Akhomach,M,11,2004-04-16T00:00:00+00:00,175,,Left,Morocco,MA,MAR,11100000,1845936000
2819,Villarreal,villarreal,Villarreal,VIL,Spain,ES,ESP,973290,Tajon Buchanan,,,tajon-buchanan,T. Buchanan,M,17,1999-02-08T00:00:00+00:00,183,,Right,Canada,CA,CAN,13000000,1909008000
2819,Villarreal,villarreal,Villarreal,VIL,Spain,ES,ESP,1012444,Alberto Moleiro,,,alberto-moleiro,A. Moleiro,M,10,2003-09-30T00:00:00+00:00,172,,Right,Spain,ES,ESP,54000000,1909008000
2819,Villarreal,villarreal,Villarreal,VIL,Spain,ES,ESP,1093229,Nathan-Dylan Saliba,Nathan Saliba,,nathan-saliba,N. Saliba,M,24,2004-02-07T00:00:00+00:00,173,71,Both,Canada,CA,CAN,9200000,1940544000
2819,Villarreal,villarreal,Villarreal,VIL,Spain,ES,ESP,1893907,Alassane Diatta,,,alassane-diatta,A. Diatta,M,5,2005-05-14T00:00:00+00:00,190,,Left,Senegal,SN,SEN,660000,1909008000
2819,Villarreal,villarreal,Villarreal,VIL,Spain,ES,ESP,843678,Santi Comesaña,Santi,Comesana,santi-comesana,S. Comesaña,M,14,1996-10-05T00:00:00+00:00,187,,Both,Spain,ES,ESP,8400000,1845936000
2819,Villarreal,villarreal,Villarreal,VIL,Spain,ES,ESP,2238900,Carlos Maciá,,,carlos-macia,C. Macia,M,16,2008-09-01T00:00:00+00:00,194,,Right,Spain,ES,ESP,2900000,1940544000
2819,Villarreal,villarreal,Villarreal,VIL,Spain,ES,ESP,1087359,Renato Veiga,,,renato-veiga,R. Veiga,D,12,2003-07-29T00:00:00+00:00,190,83,Left,Portugal,PT,PRT,29000000,1972166400
2819,Villarreal,villarreal,Villarreal,VIL,Spain,ES,ESP,873189,Juan Foyth,Juan,Foyth,juan-foyth,J. Foyth,D,8,1998-01-12T00:00:00+00:00,187,77,Right,Argentina,AR,ARG,8600000,1877472000
2819,Villarreal,villarreal,Villarreal,VIL,Spain,ES,ESP,1468046,Santiago Mouriño,,,santiago-mourino,S. Mouriño,D,15,2002-02-13T00:00:00+00:00,186,76,Right,Uruguay,UY,URY,19400000,1909008000
2819,Villarreal,villarreal,Villarreal,VIL,Spain,ES,ESP,1184541,Alexander Freeman,Alexander Freeman,,alexander-freeman,A. Freeman,D,3,2004-08-09T00:00:00+00:00,188,,Right,USA,US,USA,9200000,1972166400
2819,Villarreal,villarreal,Villarreal,VIL,Spain,ES,ESP,1396048,Carlos Romero,Carlos Romero,,carlos-romero,C. Romero,D,20,2001-10-29T00:00:00+00:00,174,,Left,Spain,ES,ESP,24000000,1940544000
2819,Villarreal,villarreal,Villarreal,VIL,Spain,ES,ESP,911853,Logan Costa,Logan,Costa,logan-costa,L. Costa,D,2,2001-04-01T00:00:00+00:00,188,,Right,Cape Verde,CV,CPV,14600000,1909008000
2819,Villarreal,villarreal,Villarreal,VIL,Spain,ES,ESP,986245,Sergi Cardona,,,sergi-cardona,S. Cardona,D,23,1999-07-08T00:00:00+00:00,186,,Left,Spain,ES,ESP,8600000,1814313600
2819,Villarreal,villarreal,Villarreal,VIL,Spain,ES,ESP,1525863,Pau Navarro,Pau,Navarro,pau-navarro,P. Navarro,D,6,2005-04-25T00:00:00+00:00,185,,Right,Spain,ES,ESP,14600000,1940544000
2819,Villarreal,villarreal,Villarreal,VIL,Spain,ES,ESP,1066603,Luiz Júnior,Luiz Lúcio Reis Júnior,,luiz-junior,L. Júnior,G,1,2001-01-14T00:00:00+00:00,192,,Left,Brazil,BR,BRA,12400000,1909008000
2819,Villarreal,villarreal,Villarreal,VIL,Spain,ES,ESP,37096,Péter Gulácsi,,,peter-gulacsi,P. Gulácsi,G,25,1990-05-06T00:00:00+00:00,190,83,Right,Hungary,HU,HUN,970000,1845936000
2819,Villarreal,villarreal,Villarreal,VIL,Spain,ES,ESP,1407702,Rubén Gómez,Rubén Gómez Peris,,ruben-gomez,R. Gómez,G,13,2002-01-24T00:00:00+00:00,185,,Right,Spain,ES,ESP,390000,1814313600
2819,Villarreal,villarreal,Villarreal,VIL,Spain,ES,ESP,2725909,Nizar El Jmili Ben Hamou,,,el-jmili-ben-hamou-nizar,N. E. J. B. Hamou,,27,,,,,Spain,ES,ESP,,
2692,AC Milan,milan,Milan,ACM,Italy,IT,ITA,817957,Christian Pulišić,,,christian-pulisic,C. Pulišić,F,11,1998-09-18T00:00:00+00:00,177,,Right,USA,US,USA,43000000,1814313600
2692,AC Milan,milan,Milan,ACM,Italy,IT,ITA,934510,Gonçalo Ramos,Goncalo,Ramos,goncalo-ramos,G. Ramos,F,9,2001-06-20T00:00:00+00:00,185,,Right,Portugal,PT,PRT,46000000,1940544000
2692,AC Milan,milan,Milan,ACM,Italy,IT,ITA,822470,Samuel Chukwueze,Samuel,Chukwueze,samuel-chukwueze,S. Chukwueze,F,21,1999-05-22T00:00:00+00:00,172,,Left,Nigeria,NG,NGA,18500000,1845936000
2692,AC Milan,milan,Milan,ACM,Italy,IT,ITA,1520771,Francesco Camarda,,,camarda-francesco,F. Camarda,F,73,2008-03-10T00:00:00+00:00,189,81,Right,Italy,IT,ITA,15500000,1940544000
2692,AC Milan,milan,Milan,ACM,Italy,IT,ITA,1169409,Alphadjo Cissè,,,alphadjo-cisse,A. Cissè,F,70,2006-10-22T00:00:00+00:00,181,,Right,Italy,IT,ITA,7400000,1909008000
2692,AC Milan,milan,Milan,ACM,Italy,IT,ITA,15466,Luka Modrić,,,luka-modric,L. Modrić,M,14,1985-09-09T00:00:00+00:00,173,,Right,Croatia,HR,HRV,3800000,1814313600
2692,AC Milan,milan,Milan,ACM,Italy,IT,ITA,805465,Pervis Estupiñán,Pervis,Estupinan,pervis-estupinan,P. Estupiñán,M,2,1998-01-21T00:00:00+00:00,175,69,Left,Ecuador,EC,ECU,11100000,1909008000
2692,AC Milan,milan,Milan,ACM,Italy,IT,ITA,250737,Adrien Rabiot,Adrien,Rabiot,adrien-rabiot,A. Rabiot,M,12,1995-04-03T00:00:00+00:00,191,,Left,France,FR,FRA,17300000,1845936000
2692,AC Milan,milan,Milan,ACM,Italy,IT,ITA,1142233,Diego Moreira,Diego,Moreira,diego-moreira,D. Moreira,M,22,2004-08-06T00:00:00+00:00,179,,Left,Belgium,BE,BEL,24000000,1940544000
2692,AC Milan,milan,Milan,ACM,Italy,IT,ITA,901891,Alexis Saelemaekers,Alexis,Saelemaekers,alexis-saelemaekers,A. Saelemaekers,M,56,1999-06-27T00:00:00+00:00,180,,Right,Belgium,BE,BEL,21000000,1940544000
2692,AC Milan,milan,Milan,ACM,Italy,IT,ITA,284441,Ruben Loftus-Cheek,Ruben,Loftus-Cheek,ruben-loftus-cheek,R. Loftus-Cheek,M,8,1996-01-23T00:00:00+00:00,191,88,Right,England,EN,ENG,9000000,1814313600
2692,AC Milan,milan,Milan,ACM,Italy,IT,ITA,1390489,Davide Bartesaghi,,,davide-bartesaghi,D. Bartesaghi,M,33,2005-12-29T00:00:00+00:00,193,,Left,Italy,IT,ITA,20000000,1909008000
2692,AC Milan,milan,Milan,ACM,Italy,IT,ITA,1034082,Ardon Jashari,Ardon,Jashari,ardon-jashari,A. Jashari,M,30,2002-07-30T00:00:00+00:00,180,,Left,Switzerland,CH,CHE,24000000,1909008000
2692,AC Milan,milan,Milan,ACM,Italy,IT,ITA,983815,Yunus Musah,,,yunus-musah,Y. Musah,M,80,2002-11-29T00:00:00+00:00,178,,Right,USA,US,USA,14500000,1845936000
2692,AC Milan,milan,Milan,ACM,Italy,IT,ITA,1090963,Omari Hutchinson,,,omari-hutchinson,O. Hutchinson,M,20,2003-10-29T00:00:00+00:00,174,,Left,England,EN,ENG,28000000,1814313600
2692,AC Milan,milan,Milan,ACM,Italy,IT,ITA,1000366,Warren Bondo,,,warren-bondo,W. Bondo,M,38,2003-09-15T00:00:00+00:00,177,,Right,France,FR,FRA,5700000,1877472000
2692,AC Milan,milan,Milan,ACM,Italy,IT,ITA,1622149,Christian Comotto,,,christian-comotto,C. Comotto,M,28,2008-04-25T00:00:00+00:00,183,,Right,Italy,IT,ITA,5500000,1940544000
2692,AC Milan,milan,Milan,ACM,Italy,IT,ITA,965893,Strahinja Pavlović,Strahinja,Pavlovic,strahinja-pavlovic,S. Pavlović,D,31,2001-05-24T00:00:00+00:00,194,,Left,Serbia,RS,SRB,38000000,1845936000
2692,AC Milan,milan,Milan,ACM,Italy,IT,ITA,788255,Fikayo Tomori,Fikayo,Tomori,fikayo-tomori,F. Tomori,D,23,1997-12-19T00:00:00+00:00,185,75,Right,England,EN,ENG,15700000,1814313600
2692,AC Milan,milan,Milan,ACM,Italy,IT,ITA,1001828,Koni De Winter,,,de-winter-koni,K. De Winter,D,5,2002-06-12T00:00:00+00:00,191,,Right,Belgium,BE,BEL,22000000,1909008000
2692,AC Milan,milan,Milan,ACM,Italy,IT,ITA,826195,Matteo Gabbia,Matteo,Gabbia,matteo-gabbia,M. Gabbia,D,46,1999-10-21T00:00:00+00:00,185,78,Right,Italy,IT,ITA,17500000,1877472000
2692,AC Milan,milan,Milan,ACM,Italy,IT,ITA,965828,Mario Gila,Mario,Gila,mario-gila,M. Gila,D,34,2000-08-29T00:00:00+00:00,185,,Right,Spain,ES,ESP,31000000,1940544000
2692,AC Milan,milan,Milan,ACM,Italy,IT,ITA,1034303,Filippo Terracciano,Filippo,Terracciano,filippo-terracciano,F. Terracciano,D,42,2003-02-08T00:00:00+00:00,181,,Right,Italy,IT,ITA,4600000,1845936000
2692,AC Milan,milan,Milan,ACM,Italy,IT,ITA,1983939,Valeri Ivanov Vladimirov ,Valeri Ivanov Vladimirov ,,valeri-ivanov-vladimirov,V. I. Vladimirov ,D,35,2008-06-04T00:00:00+00:00,190,,Right,Bulgaria,BG,BGR,155000,1877472000
2692,AC Milan,milan,Milan,ACM,Italy,IT,ITA,1899999,Sankhoun Diawara,Sankhoun Diawara,,sankhoun-diawara,S. Diawara,D,13,2006-01-12T00:00:00+00:00,188,,Left,France,FR,FRA,2100000,1940544000
2692,AC Milan,milan,Milan,ACM,Italy,IT,ITA,191210,Mike Maignan,Mike,Maignan,mike-maignan,M. Maignan,G,16,1995-07-03T00:00:00+00:00,190,80,Right,France,FR,FRA,22000000,1940544000
2692,AC Milan,milan,Milan,ACM,Italy,IT,ITA,1403294,Lorenzo Torriani,,,lorenzo-torriani,L. Torriani,G,96,2005-01-31T00:00:00+00:00,197,,Right,Italy,IT,ITA,770000,1909008000
2692,AC Milan,milan,Milan,ACM,Italy,IT,ITA,136856,Pietro Terracciano,Pietro,Terracciano,pietro-terracciano,P. Terracciano,G,1,1990-03-08T00:00:00+00:00,193,85,Right,Italy,IT,ITA,960000,1814313600
2702,AS Roma,roma,Roma,ASR,Italy,IT,ITA,256219,Paulo Dybala,Paulo,Dybala,paulo-dybala,P. Dybala,F,21,1993-11-15T00:00:00+00:00,177,73,Left,Argentina,AR,ARG,5200000,1814313600
2702,AS Roma,roma,Roma,ASR,Italy,IT,ITA,803039,Donyell Malen,Donyell,Malen,donyell-malen,D. Malen,F,14,1999-01-19T00:00:00+00:00,176,75,Right,Netherlands,NL,NLD,48000000,1909008000
2702,AS Roma,roma,Roma,ASR,Italy,IT,ITA,1082406,Matías Soulé,,,matias-soule,M. Soulé,F,18,2003-04-15T00:00:00+00:00,182,,Left,Argentina,AR,ARG,36000000,1877472000
2702,AS Roma,roma,Roma,ASR,Italy,IT,ITA,1116577,Santiago Castro,Santiago Castro,,santiago-castro,S. Castro,F,9,2004-09-18T00:00:00+00:00,178,76,Right,Argentina,AR,ARG,29000000,1940544000
2702,AS Roma,roma,Roma,ASR,Italy,IT,ITA,555540,Lorenzo Pellegrini,Lorenzo,Pellegrini,lorenzo-pellegrini,L. Pellegrini,F,7,1996-06-19T00:00:00+00:00,186,70,Both,Italy,IT,ITA,8400000,1814313600
2702,AS Roma,roma,Roma,ASR,Italy,IT,ITA,1923599,Antonio Arena,Antonio,Arena,antonio-arena,A. Arena,F,68,2009-02-10T00:00:00+00:00,188,,Left,Italy,IT,ITA,4200000,1845936000
2702,AS Roma,roma,Roma,ASR,Italy,IT,ITA,1134200,Wesley,,,wesley-franca,Wesley,M,43,2003-09-06T00:00:00+00:00,178,,Right,Brazil,BR,BRA,43000000,1909008000
2702,AS Roma,roma,Roma,ASR,Italy,IT,ITA,974087,Manu Koné,,,manu-kone,M. Koné,M,17,2001-05-17T00:00:00+00:00,186,,Right,France,FR,FRA,47000000,1877472000
2702,AS Roma,roma,Roma,ASR,Italy,IT,ITA,1410240,Rodrigo Mora,Rodrigo Mora,,mora-rodrigo,R. Mora,M,86,2007-05-05T00:00:00+00:00,168,,Right,Portugal,PT,PRT,40000000,1940544000
2702,AS Roma,roma,Roma,ASR,Italy,IT,ITA,1175821,Niccolò Pisilli,,,niccolo-pisilli,N. Pisilli,M,61,2004-09-22T00:00:00+00:00,180,,Right,Italy,IT,ITA,31000000,1877472000
2702,AS Roma,roma,Roma,ASR,Italy,IT,ITA,186855,Bryan Cristante,Bryan,Cristante,bryan-cristante,B. Cristante,M,4,1995-03-03T00:00:00+00:00,186,78,Right,Italy,IT,ITA,7700000,1845936000
2702,AS Roma,roma,Roma,ASR,Italy,IT,ITA,982778,Devyne Rensch,,,devyne-rensch,D. Rensch,M,2,2003-01-18T00:00:00+00:00,182,,Both,Netherlands,NL,NLD,7900000,1877472000
2702,AS Roma,roma,Roma,ASR,Italy,IT,ITA,100389,Marten de Roon,,,marten-de-roon,M. de Roon,M,15,1991-03-29T00:00:00+00:00,185,76,Right,Netherlands,NL,NLD,3100000,1845936000
2702,AS Roma,roma,Roma,ASR,Italy,IT,ITA,1955992,Emanuele Lulli,,,emanuele-lulli,E. Lulli,M,77,2007-08-17T00:00:00+00:00,184,,Right,Italy,IT,ITA,540000,1814313600
2702,AS Roma,roma,Roma,ASR,Italy,IT,ITA,831799,Nahuel Molina,Nahuel,Molina,nahuel-molina,N. Molina,D,20,1998-04-06T00:00:00+00:00,175,69,Right,Argentina,AR,ARG,14600000,1909008000
2702,AS Roma,roma,Roma,ASR,Italy,IT,ITA,848287,Evan Ndicka,Evan,Ndicka,evan-ndicka,E. Ndicka,D,5,1999-08-20T00:00:00+00:00,190,,Left,Côte d'Ivoire,CI,CIV,34000000,1845936000
2702,AS Roma,roma,Roma,ASR,Italy,IT,ITA,961684,Anass Salah-Eddine,Anass,Salah-Eddine,anass-salah-eddine,A. Salah-Eddine,D,34,2002-01-18T00:00:00+00:00,179,,Left,Morocco,MA,MAR,11100000,1845936000
2702,AS Roma,roma,Roma,ASR,Italy,IT,ITA,928236,Leonardo Balerdi,,,leonardo-balerdi,L. Balerdi,D,26,1999-01-26T00:00:00+00:00,188,,Right,Argentina,AR,ARG,16399999,1814313600
2702,AS Roma,roma,Roma,ASR,Italy,IT,ITA,1184855,Konstantinos Koulierakis,Konstantinos,Koulierakis,konstantinos-koulierakis,K. Koulierakis,D,3,2003-11-28T00:00:00+00:00,188,,Left,Greece,GR,GRC,24000000,1940544000
2702,AS Roma,roma,Roma,ASR,Italy,IT,ITA,611210,Gianluca Mancini,Gianluca,Mancini,gianluca-mancini,G. Mancini,D,23,1996-04-17T00:00:00+00:00,190,77,Right,Italy,IT,ITA,14600000,1877472000
2702,AS Roma,roma,Roma,ASR,Italy,IT,ITA,353130,Mario Hermoso,Mario,Hermoso,mario-hermoso,M. Hermoso,D,22,1995-06-18T00:00:00+00:00,184,74,Left,Spain,ES,ESP,6600000,1814313600
2702,AS Roma,roma,Roma,ASR,Italy,IT,ITA,1384847,Daniele Ghilardi,Daniele,Ghilardi,daniele-ghilardi,D. Ghilardi,D,87,2003-01-06T00:00:00+00:00,189,,Right,Italy,IT,ITA,19700000,1909008000
2702,AS Roma,roma,Roma,ASR,Italy,IT,ITA,793986,Mile Svilar,Mile,Svilar,mile-svilar,M. Svilar,G,99,1999-08-27T00:00:00+00:00,189,,Right,Serbia,RS,SRB,33000000,1909008000
2702,AS Roma,roma,Roma,ASR,Italy,IT,ITA,925285,Devis Vásquez,Devis,Vasquez,devis-vasquez,D. Vásquez,G,32,1998-05-12T00:00:00+00:00,195,,Right,Colombia,CO,COL,1400000,1814313600
2702,AS Roma,roma,Roma,ASR,Italy,IT,ITA,329175,Pierluigi Gollini,Pierluigi,Gollini,pierluigi-gollini,P. Gollini,G,95,1995-03-18T00:00:00+00:00,194,80,Right,Italy,IT,ITA,830000,1814313600
2702,AS Roma,roma,Roma,ASR,Italy,IT,ITA,1652568,Giorgio De Marzi,,,giorgio-de-marzi,G. D. Marzi,G,70,2007-04-18T00:00:00+00:00,186,,Right,USA,US,USA,93000,1814313600
2686,Atalanta,atalanta,Atalanta,ATA,Italy,IT,ITA,960441,Charles De Ketelaere,Charles,De Ketelaere,charles-de-ketelaere,C. De Ketelaere,F,17,2001-03-10T00:00:00+00:00,192,,Left,Belgium,BE,BEL,32000000,1845936000
2686,Atalanta,atalanta,Atalanta,ATA,Italy,IT,ITA,1019442,Kamaldeen Sulemana,,,kamaldeen-sulemana,K. Sulemana,F,7,2002-02-15T00:00:00+00:00,174,68,Right,Ghana,GH,GHA,16500000,1877472000
2686,Atalanta,atalanta,Atalanta,ATA,Italy,IT,ITA,865651,Giacomo Raspadori,Giacomo,Raspadori,giacomo-raspadori,G. Raspadori,F,18,2000-02-18T00:00:00+00:00,172,,Both,Italy,IT,ITA,23000000,1909008000
2686,Atalanta,atalanta,Atalanta,ATA,Italy,IT,ITA,807301,Gianluca Scamacca,Gianluca,Scamacca,gianluca-scamacca,G. Scamacca,F,9,1999-01-01T00:00:00+00:00,195,85,Right,Italy,IT,ITA,27000000,1845936000
2686,Atalanta,atalanta,Atalanta,ATA,Italy,IT,ITA,839156,Nikola Krstović,Nikola,Krstovic,nikola-krstovic,N. Krstović,F,90,2000-04-05T00:00:00+00:00,185,,Right,Montenegro,ME,MNE,29000000,1909008000
2686,Atalanta,atalanta,Atalanta,ATA,Italy,IT,ITA,1065261,Jonathan Rowe,Jon Rowe,,jonathan-rowe,J. Rowe,F,11,2003-04-30T00:00:00+00:00,173,,Right,England,EN,ENG,29000000,1814313600
2686,Atalanta,atalanta,Atalanta,ATA,Italy,IT,ITA,359226,Franck Kessié,,,franck-kessie,F. Kessié,M,19,1996-12-19T00:00:00+00:00,183,77,Right,Côte d'Ivoire,CI,CIV,10800000,1877472000
2686,Atalanta,atalanta,Atalanta,ATA,Italy,IT,ITA,984184,Nicola Zalewski,Nicola,Zalewski,nicola-zalewski,N. Zalewski,M,59,2002-01-23T00:00:00+00:00,175,,Right,Poland,PL,POL,18400000,1877472000
2686,Atalanta,atalanta,Atalanta,ATA,Italy,IT,ITA,946888,Éderson,,,ederson,Éderson,M,13,1999-07-07T00:00:00+00:00,183,,Right,Brazil,BR,BRA,43000000,1940544000
2686,Atalanta,atalanta,Atalanta,ATA,Italy,IT,ITA,190437,Mario Pašalić,,,mario-pasalic,M. Pašalić,M,8,1995-02-09T00:00:00+00:00,189,,Right,Croatia,HR,HRV,6200000,1845936000
2686,Atalanta,atalanta,Atalanta,ATA,Italy,IT,ITA,980624,Lazar Samardžić,Lazar,Samardzic,lazar-samardzic,L. Samardžić,M,10,2002-02-24T00:00:00+00:00,183,,Left,Serbia,RS,SRB,15500000,1877472000
2686,Atalanta,atalanta,Atalanta,ATA,Italy,IT,ITA,838232,Eljif Elmas,Eljif,Elmas,eljif-elmas,E. Elmas,M,99,1999-09-24T00:00:00+00:00,182,68,Right,North Macedonia,MK,MKD,12600000,1814313600
2686,Atalanta,atalanta,Atalanta,ATA,Italy,IT,ITA,826185,Raoul Bellanova,Raoul,Bellanova,raoul-bellanova,R. Bellanova,M,16,2000-05-17T00:00:00+00:00,188,78,Right,Italy,IT,ITA,14600000,1877472000
2686,Atalanta,atalanta,Atalanta,ATA,Italy,IT,ITA,132318,Davide Zappacosta,Davide,Zappacosta,davide-zappacosta,D. Zappacosta,M,77,1992-06-11T00:00:00+00:00,182,70,Right,Italy,IT,ITA,3800000,1845936000
2686,Atalanta,atalanta,Atalanta,ATA,Italy,IT,ITA,902019,Gianluca Gaetano,Gianluca,Gaetano,gianluca-gaetano,G. Gaetano,M,70,2000-05-05T00:00:00+00:00,183,,Right,Italy,IT,ITA,6300000,1940544000
2686,Atalanta,atalanta,Atalanta,ATA,Italy,IT,ITA,1012177,Lorenzo Bernasconi,Lorenzo,Bernasconi,lorenzo-bernasconi,L. Bernasconi,M,47,2003-11-16T00:00:00+00:00,190,,Left,Italy,IT,ITA,21000000,1909008000
2686,Atalanta,atalanta,Atalanta,ATA,Italy,IT,ITA,973437,Odilon Kossounou,,,odilon-kossounou,O. Kossounou,D,3,2001-01-04T00:00:00+00:00,191,,Right,Côte d'Ivoire,CI,CIV,15500000,1877472000
2686,Atalanta,atalanta,Atalanta,ATA,Italy,IT,ITA,142148,Sead Kolašinac,,,sead-kolasinac,S. Kolašinac,D,23,1993-06-20T00:00:00+00:00,183,,Left,Bosnia & Herzegovina,BA,BIH,4200000,1814313600
2686,Atalanta,atalanta,Atalanta,ATA,Italy,IT,ITA,1012176,Giorgio Scalvini,Giorgio,Scalvini,giorgio-scalvini,G. Scalvini,D,42,2003-12-11T00:00:00+00:00,194,,Right,Italy,IT,ITA,37000000,1845936000
2686,Atalanta,atalanta,Atalanta,ATA,Italy,IT,ITA,1157713,Isak Hien,Isak,Hien,isak-hien,I. Hien,D,4,1999-01-13T00:00:00+00:00,191,,Right,Sweden,SE,SWE,21000000,1845936000
2686,Atalanta,atalanta,Atalanta,ATA,Italy,IT,ITA,1063373,Thomas Kristensen,Thomas Kristensen,,thomas-kristensen,T. Kristensen,D,31,2002-01-17T00:00:00+00:00,197,,Right,Denmark,DK,DNK,11600000,1814313600
2686,Atalanta,atalanta,Atalanta,ATA,Italy,IT,ITA,1432414,Relja Obrić,Relja Obric,,relja-obric,R. Obrić,D,40,2006-04-11T00:00:00+00:00,194,,Left,Slovenia,SI,SVN,970000,1845936000
2686,Atalanta,atalanta,Atalanta,ATA,Italy,IT,ITA,865646,Marco Carnesecchi,Marco,Carnesecchi,marco-carnesecchi,M. Carnesecchi,G,29,2000-07-01T00:00:00+00:00,192,83,Right,Italy,IT,ITA,31000000,1845936000
2686,Atalanta,atalanta,Atalanta,ATA,Italy,IT,ITA,176301,Marco Sportiello,Marco,Sportiello,marco-sportiello,M. Sportiello,G,57,1992-05-10T00:00:00+00:00,192,87,Right,Italy,IT,ITA,730000,1845936000
2686,Atalanta,atalanta,Atalanta,ATA,Italy,IT,ITA,1165201,Thomas Pompei,,,thomas-pompei,T. Pompei,G,22,2006-04-07T00:00:00+00:00,188,,Left,Italy,IT,ITA,270000,
2685,Bologna,bologna,Bologna,BOL,Italy,IT,ITA,798820,Artem Dovbyk,Artem,Dovbyk,artem-dovbyk,A. Dovbyk,F,9,1997-06-21T00:00:00+00:00,189,76,Left,Ukraine,UA,UKR,13900000,1814313600
2685,Bologna,bologna,Bologna,BOL,Italy,IT,ITA,294597,Federico Bernardeschi,Federico,Bernardeschi,federico-bernardeschi,F. Bernardeschi,F,10,1994-02-15T00:00:00+00:00,185,75,Left,Italy,IT,ITA,3600000,1814313600
2685,Bologna,bologna,Bologna,BOL,Italy,IT,ITA,958982,Roberto Piccoli,Roberto,Piccoli,roberto-piccoli,R. Piccoli,F,91,2001-01-27T00:00:00+00:00,190,,Right,Italy,IT,ITA,13300000,1814313600
2685,Bologna,bologna,Bologna,BOL,Italy,IT,ITA,834597,Jesper Karlsson,Jesper,Karlsson,jesper-karlsson,J. Karlsson,F,17,1998-07-25T00:00:00+00:00,179,70,Right,Sweden,SE,SWE,2800000,1845936000
2685,Bologna,bologna,Bologna,BOL,Italy,IT,ITA,971005,Nicolò Cambiaghi,,,cambiaghi-nicolo,N. Cambiaghi,F,28,2000-12-28T00:00:00+00:00,173,,Right,Italy,IT,ITA,12600000,1877472000
2685,Bologna,bologna,Bologna,BOL,Italy,IT,ITA,1937553,Jay Enem,,,tyron-enem-jay-ifeanyi-junior,J. Enem,F,22,2003-03-11T00:00:00+00:00,193,,Right,Netherlands,NL,NLD,4800000,1909008000
2685,Bologna,bologna,Bologna,BOL,Italy,IT,ITA,1127191,Oussama El Azzouzi,Oussama El Azzouzi,,oussama-el-azzouzi,O. El Azzouzi,M,17,2001-05-29T00:00:00+00:00,189,,Right,Morocco,MA,MAR,1900000,1814313600
2685,Bologna,bologna,Bologna,BOL,Italy,IT,ITA,793645,Riccardo Orsolini,Riccardo,Orsolini,riccardo-orsolini,R. Orsolini,M,7,1997-01-24T00:00:00+00:00,183,73,Left,Italy,IT,ITA,15800000,1940544000
2685,Bologna,bologna,Bologna,BOL,Italy,IT,ITA,1100836,Samuel Mbangula,Samuel,Mbangula,samuel-mbangula,S. Mbangula,M,11,2004-01-16T00:00:00+00:00,180,,Right,Belgium,BE,BEL,7300000,1814313600
2685,Bologna,bologna,Bologna,BOL,Italy,IT,ITA,907152,Lewis Ferguson,Lewis,Ferguson,lewis-ferguson,L. Ferguson,M,19,1999-08-24T00:00:00+00:00,181,,Right,Scotland,SX,SCO,13000000,1845936000
2685,Bologna,bologna,Bologna,BOL,Italy,IT,ITA,814882,Nikola Moro,Nikola,Moro,nikola-moro,N. Moro,M,6,1998-03-12T00:00:00+00:00,182,75,Right,Croatia,HR,HRV,7200000,1814313600
2685,Bologna,bologna,Bologna,BOL,Italy,IT,ITA,826064,Jens Odgaard,Jens,Odgaard,jens-odgaard,J. Odgaard,M,21,1999-03-31T00:00:00+00:00,188,,Left,Denmark,DK,DNK,11400000,1877472000
2685,Bologna,bologna,Bologna,BOL,Italy,IT,ITA,928796,Tommaso Pobega,,,tommaso-pobega,T. Pobega,M,4,1999-07-15T00:00:00+00:00,188,,Both,Italy,IT,ITA,8199999,1845936000
2685,Bologna,bologna,Bologna,BOL,Italy,IT,ITA,1510920,Mikel Amondarain,Mikel Amondarain,,mikel-amondarain,M. Amondarain,M,8,2005-01-06T00:00:00+00:00,184,,Right,Argentina,AR,ARG,3200000,1940544000
2685,Bologna,bologna,Bologna,BOL,Italy,IT,ITA,1986578,Marco Libra,,,marco-libra-alvarado,M. Libra,M,18,2008-03-21T00:00:00+00:00,182,,Right,Venezuela,VE,VEN,,
2685,Bologna,bologna,Bologna,BOL,Italy,IT,ITA,1120504,Abdel Rahim,,,abdel-rahim-alhassane,A. R. Alhassane,D,23,2002-01-01T00:00:00+00:00,184,75,Left,Niger,NE,NER,1400000,1909008000
2685,Bologna,bologna,Bologna,BOL,Italy,IT,ITA,965778,Arthur Theate,Arthur,Theate,arthur-theate,A. Theate,D,3,2000-05-25T00:00:00+00:00,186,,Left,Belgium,BE,BEL,16500000,1814313600
2685,Bologna,bologna,Bologna,BOL,Italy,IT,ITA,855829,Juan Miranda,Juan,Miranda,juan-miranda,J. Miranda,D,33,2000-01-19T00:00:00+00:00,185,79,Left,Spain,ES,ESP,15700000,1845936000
2685,Bologna,bologna,Bologna,BOL,Italy,IT,ITA,933264,Torbjørn Heggem,Torbjorn,Heggem,torbjorn-heggem,T. Heggem,D,14,1999-01-12T00:00:00+00:00,192,,Left,Norway,NO,NOR,14000000,1877472000
2685,Bologna,bologna,Bologna,BOL,Italy,IT,ITA,965264,Emil Holm,Emil,Holm,emil-holm,E. Holm,D,2,2000-05-13T00:00:00+00:00,191,,Right,Sweden,SE,SWE,9000000,1845936000
2685,Bologna,bologna,Bologna,BOL,Italy,IT,ITA,1085913,Martin Vitík,Martin Vitík,,martin-vitik,M. Vitík,D,41,2003-01-21T00:00:00+00:00,192,,Right,Czechia,CZ,CZE,13400000,1877472000
2685,Bologna,bologna,Bologna,BOL,Italy,IT,ITA,928104,Nadir Zortea,,,zortea-nadir,N. Zortea,D,20,1999-06-19T00:00:00+00:00,187,,Right,Italy,IT,ITA,6600000,1877472000
2685,Bologna,bologna,Bologna,BOL,Italy,IT,ITA,1486808,Eivind Helland,Eivind Helland,,eivind-helland,E. Helland,D,5,2005-04-25T00:00:00+00:00,196,,Right,Norway,NO,NOR,7400000,1909008000
2685,Bologna,bologna,Bologna,BOL,Italy,IT,ITA,862697,Nicolò Casale,Nicolo,Casale,nicolo-casale,N. Casale,D,16,1998-02-14T00:00:00+00:00,191,,Right,Italy,IT,ITA,4099999,1845936000
2685,Bologna,bologna,Bologna,BOL,Italy,IT,ITA,14718,Lorenzo De Silvestri,,,lorenzo-de-silvestri,L. De Silvestri,D,29,1988-05-23T00:00:00+00:00,185,84,Right,Italy,IT,ITA,540000,1814313600
2685,Bologna,bologna,Bologna,BOL,Italy,IT,ITA,44906,Łukasz Skorupski,,,ukasz-skorupski,Ł. Skorupski,G,1,1991-05-05T00:00:00+00:00,187,,Right,Poland,PL,POL,1900000,1814313600
2685,Bologna,bologna,Bologna,BOL,Italy,IT,ITA,1530540,Massimo Pessina,,,massimo-pessina,M. Pessina,G,25,2007-12-25T00:00:00+00:00,186,,Right,Italy,IT,ITA,3800000,1877472000
2685,Bologna,bologna,Bologna,BOL,Italy,IT,ITA,1526395,Ukko Happonen,,,ukko-happonen,U. Happonen,G,72,2007-03-13T00:00:00+00:00,193,,Right,Finland,FI,FIN,46000,
2685,Bologna,bologna,Bologna,BOL,Italy,IT,ITA,1137364,Davide Franzini,,,davide-franzini,D. Franzini,G,,2005-02-08T00:00:00+00:00,188,,Right,Italy,IT,ITA,46000,
2719,Cagliari,cagliari,Cagliari,CAG,Italy,IT,ITA,970928,Daniel Maldini,,,daniel-maldini,D. Maldini,F,70,2001-10-11T00:00:00+00:00,187,,Right,Italy,IT,ITA,9600000,1814313600
2719,Cagliari,cagliari,Cagliari,CAG,Italy,IT,ITA,788061,M'bala Nzola,M'bala,Nzola,mbala-nzola,M. Nzola,F,18,1996-08-18T00:00:00+00:00,185,,Left,Angola,AO,AGO,3900000,
2719,Cagliari,cagliari,Cagliari,CAG,Italy,IT,ITA,2049928,Paul Mendy,,,paul-mendy,P. Mendy,F,31,2007-01-13T00:00:00+00:00,180,,Left,Senegal,SN,SEN,6700000,1940544000
2719,Cagliari,cagliari,Cagliari,CAG,Italy,IT,ITA,1031548,Alieu Fadera,Alieu,Fadera,alieu-fadera,A. Fadera,F,39,2001-11-03T00:00:00+00:00,181,,Right,Gambia,GM,GMB,4600000,1814313600
2719,Cagliari,cagliari,Cagliari,CAG,Italy,IT,ITA,1035619,Kevin Carlos Omoruyi,Kevin,,kevin-omoruyi,K. Carlos,F,9,2001-04-10T00:00:00+00:00,188,,Right,Spain,ES,ESP,4200000,1814313600
2719,Cagliari,cagliari,Cagliari,CAG,Italy,IT,ITA,975811,Mattia Felici,Mattia,Felici,mattia-felici,M. Felici,F,17,2001-04-17T00:00:00+00:00,180,,Right,Italy,IT,ITA,2600000,1814313600
2719,Cagliari,cagliari,Cagliari,CAG,Italy,IT,ITA,1615784,Yael Trepy,Yael,Trepy,yael-trepy,Y. Trepy,F,19,2006-01-01T00:00:00+00:00,191,,Left,France,FR,FRA,1900000,1909008000
2719,Cagliari,cagliari,Cagliari,CAG,Italy,IT,ITA,1861673,Alessandro Sugamele,Alessandro Sugamele,,alessandro-sugamele,A. Sugamele,F,35,2007-02-22T00:00:00+00:00,167,,Left,Italy,IT,ITA,97000,1814313600
2719,Cagliari,cagliari,Cagliari,CAG,Italy,IT,ITA,1384651,Yanis Massolin,Yanis Massolin,,yanis-massolin,Y. Massolin,M,79,2002-09-20T00:00:00+00:00,197,,Left,France,FR,FRA,4300000,1814313600
2719,Cagliari,cagliari,Cagliari,CAG,Italy,IT,ITA,545780,Harry Winks,Harry,Winks,harry-winks,H. Winks,M,6,1996-02-02T00:00:00+00:00,178,,Right,England,EN,ENG,2300000,1845936000
2719,Cagliari,cagliari,Cagliari,CAG,Italy,IT,ITA,1012179,Jacopo Fazzini,Jacopo,Fazzini,jacopo-fazzini,J. Fazzini,M,10,2003-03-16T00:00:00+00:00,178,,Right,Italy,IT,ITA,8199999,1814313600
2719,Cagliari,cagliari,Cagliari,CAG,Italy,IT,ITA,1417034,Alessandro Romano,Alessandro Romano,,alessandro-romano,A. Romano,M,4,2006-06-17T00:00:00+00:00,180,,Left,Switzerland,CH,CHE,1900000,1814313600
2719,Cagliari,cagliari,Cagliari,CAG,Italy,IT,ITA,928777,Michel Adopo,,,michel-ndary-adopo,M. N. Adopo,M,8,2000-07-19T00:00:00+00:00,187,,Right,France,FR,FRA,6800000,1877472000
2719,Cagliari,cagliari,Cagliari,CAG,Italy,IT,ITA,287057,Roberto Gagliardini,Roberto,Gagliardini,roberto-gagliardini,R. Gagliardini,M,21,1994-04-07T00:00:00+00:00,188,77,Right,Italy,IT,ITA,1200000,1814313600
2719,Cagliari,cagliari,Cagliari,CAG,Italy,IT,ITA,1910527,Joseph Liteta,Joseph Liteta,,joseph-liteta,J. Liteta,M,27,2006-02-22T00:00:00+00:00,175,,Right,Zambia,ZM,ZMB,3800000,1909008000
2719,Cagliari,cagliari,Cagliari,CAG,Italy,IT,ITA,328109,Alessandro Deiola,Alessandro,Deiola,alessandro-deiola,A. Deiola,M,14,1995-08-01T00:00:00+00:00,189,66,Right,Italy,IT,ITA,1400000,1877472000
2719,Cagliari,cagliari,Cagliari,CAG,Italy,IT,ITA,1019953,Riccardo Ciervo,,,riccardo-ciervo,R. Ciervo,M,20,2002-04-01T00:00:00+00:00,190,,Right,Italy,IT,ITA,1900000,1814313600
2719,Cagliari,cagliari,Cagliari,CAG,Italy,IT,ITA,1151647,Ivan Sulev,Ivan,Sulev,ivan-sulev,I. Sulev,M,32,2006-01-01T00:00:00+00:00,180,,Right,Bulgaria,BG,BGR,205000,1877472000
2719,Cagliari,cagliari,Cagliari,CAG,Italy,IT,ITA,1899742,Demi Akarakiri,Demi Akarakiri,,demi-akarakiri,D. Akarakiri,M,30,2008-09-16T00:00:00+00:00,190,,Right,England,EN,ENG,,1909008000
2719,Cagliari,cagliari,Cagliari,CAG,Italy,IT,ITA,928889,Giuseppe Aurelio,,,giuseppe-aurelio,G. Aurelio,M,24,2000-03-22T00:00:00+00:00,185,,Left,Italy,IT,ITA,645000,1877472000
2719,Cagliari,cagliari,Cagliari,CAG,Italy,IT,ITA,360396,Yerry Mina,Yerry,Mina,yerry-mina,Y. Mina,D,26,1994-09-23T00:00:00+00:00,195,72,Right,Colombia,CO,COL,2300000,1845936000
2719,Cagliari,cagliari,Cagliari,CAG,Italy,IT,ITA,905347,Yukinari Sugawara,Yukinari,Sugawara,yukinari-sugawara,Y. Sugawara,D,16,2000-06-28T00:00:00+00:00,179,,Right,Japan,JP,JPN,5000000,1845936000
2719,Cagliari,cagliari,Cagliari,CAG,Italy,IT,ITA,1485391,Juan Rodríguez,Juan Rodríguez,,rodriguez-juan,J. Rodríguez,D,15,2005-05-30T00:00:00+00:00,190,,Left,Uruguay,UY,URY,9400000,1909008000
2719,Cagliari,cagliari,Cagliari,CAG,Italy,IT,ITA,964153,Adam Obert,Adam,Obert,adam-obert,A. Obert,D,33,2002-08-23T00:00:00+00:00,186,,Left,Slovakia,SK,SVK,6400000,1909008000
2719,Cagliari,cagliari,Cagliari,CAG,Italy,IT,ITA,945448,Zé Pedro,Jose Pedro,Ze Pedro,ze-pedro,Z. Pedro,D,2,1997-06-06T00:00:00+00:00,187,73,Right,Portugal,PT,PRT,3200000,1845936000
2719,Cagliari,cagliari,Cagliari,CAG,Italy,IT,ITA,1123175,Riyad Idrissi,,,riyad-idrissi,R. Idrissi,D,3,2005-06-13T00:00:00+00:00,182,,Left,Italy,IT,ITA,4099999,1909008000
2719,Cagliari,cagliari,Cagliari,CAG,Italy,IT,ITA,1392774,Raphael Kofler,,,raphael-kofler,R. Kofler,D,22,2005-04-26T00:00:00+00:00,193,,Right,Italy,IT,ITA,5300000,1814313600
2719,Cagliari,cagliari,Cagliari,CAG,Italy,IT,ITA,1798927,Nicola Grandu,Nicola,Grandu,nicola-grandu,N. Grandu,D,36,2006-07-15T00:00:00+00:00,181,,Right,Italy,IT,ITA,280000,1814313600
2719,Cagliari,cagliari,Cagliari,CAG,Italy,IT,ITA,947954,Elia Caprile,,,elia-caprile,E. Caprile,G,1,2001-08-25T00:00:00+00:00,191,,Right,Italy,IT,ITA,14100000,1877472000
2719,Cagliari,cagliari,Cagliari,CAG,Italy,IT,ITA,363380,Alen Sherri,Alen,Sherri,alen-sherri,A. Sherri,G,12,1997-12-15T00:00:00+00:00,196,,Left,Albania,AL,ALB,775000,1845936000
2719,Cagliari,cagliari,Cagliari,CAG,Italy,IT,ITA,795926,Boris Radunović,Boris,Radunovic,boris-radunovic,B. Radunović,G,23,1996-05-26T00:00:00+00:00,193,,Right,Serbia,RS,SRB,485000,1877472000
2704,Como,como,Como,COM,Italy,IT,ITA,835601,Moise Kean,Moise,Kean,moise-kean,M. Kean,F,90,2000-02-28T00:00:00+00:00,183,72,Right,Italy,IT,ITA,33000000,1814313600
2704,Como,como,Como,COM,Italy,IT,ITA,894863,Anastasios Douvikas,Anastasios,Douvikas,anastasios-douvikas,A. Douvikas,F,9,1999-08-02T00:00:00+00:00,184,78,Right,Greece,GR,GRC,24000000,1877472000
2704,Como,como,Como,COM,Italy,IT,ITA,1475557,Mattia Liberali,Mattia Liberali,,mattia-liberali,M. Liberali,F,30,2007-04-06T00:00:00+00:00,172,,Left,Italy,IT,ITA,9000000,1940544000
2704,Como,como,Como,COM,Italy,IT,ITA,1171451,Nico Paz,,,nico-paz,N. Paz,M,10,2004-09-08T00:00:00+00:00,185,,Left,Argentina,AR,ARG,86000000,1845936000
2704,Como,como,Como,COM,Italy,IT,ITA,1493689,Assane Diao,,,assane-diao,A. Diao,M,11,2005-09-07T00:00:00+00:00,185,,Right,Senegal,SN,SEN,31000000,1877472000
2704,Como,como,Como,COM,Italy,IT,ITA,1090019,Martin Baturina,,,martin-baturina,M. Baturina,M,20,2003-02-16T00:00:00+00:00,178,,Right,Croatia,HR,HRV,41000000,1909008000
2704,Como,como,Como,COM,Italy,IT,ITA,1086286,Máximo Perrone,Maximo Perrone,,maximo-perrone,M. Perrone,M,5,2003-01-07T00:00:00+00:00,178,,Left,Argentina,AR,ARG,34000000,1877472000
2704,Como,como,Como,COM,Italy,IT,ITA,1002813,Yan Couto,Yan,Couto,yan-couto,Y. Couto,M,27,2002-06-03T00:00:00+00:00,169,,Right,Brazil,BR,BRA,17500000,1814313600
2704,Como,como,Como,COM,Italy,IT,ITA,1800245,Jesús Rodriguez,,,jesus-rodriguez,J. Rodriguez,M,17,2005-11-21T00:00:00+00:00,185,,Right,Spain,ES,ESP,32000000,1909008000
2704,Como,como,Como,COM,Italy,IT,ITA,930189,Samuele Ricci,Samuele,Ricci,samuele-ricci,S. Ricci,M,21,2001-08-21T00:00:00+00:00,182,,Right,Italy,IT,ITA,20000000,1814313600
2704,Como,como,Como,COM,Italy,IT,ITA,1177723,Jayden Addai,,,jayden-addai,J. Addai,M,42,2005-08-26T00:00:00+00:00,176,,Left,Netherlands,NL,NLD,21000000,1909008000
2704,Como,como,Como,COM,Italy,IT,ITA,859027,Maxence Caqueret,Maxence,Caqueret,maxence-caqueret,M. Caqueret,M,8,2000-02-15T00:00:00+00:00,174,63,Right,France,FR,FRA,13400000,1877472000
2704,Como,como,Como,COM,Italy,IT,ITA,911848,Lucas Da Cunha,Lucas,Da Cunha,lucas-da-cunha,L. Da Cunha,M,7,2001-06-09T00:00:00+00:00,174,,Left,France,FR,FRA,18300000,1940544000
2704,Como,como,Como,COM,Italy,IT,ITA,811629,Luis Milla,Luis,Milla,luis-milla,L. Milla,M,6,1994-10-07T00:00:00+00:00,175,,Right,Spain,ES,ESP,3200000,1877472000
2704,Como,como,Como,COM,Italy,IT,ITA,1802689,Adrian Lahdo,,,adrian-lahdo,A. Lahdo,M,15,2007-12-26T00:00:00+00:00,179,,Right,Sweden,SE,SWE,9000000,1940544000
2704,Como,como,Como,COM,Italy,IT,ITA,826134,Trevoh Chalobah,Trevoh,Chalobah,trevoh-chalobah,T. Chalobah,D,99,1999-07-05T00:00:00+00:00,190,,Right,England,EN,ENG,43000000,1940544000
2704,Como,como,Como,COM,Italy,IT,ITA,1403348,Jacobo Ramón,,,jacobo-naveros,J. Ramón,D,4,2005-01-06T00:00:00+00:00,196,,Right,Spain,ES,ESP,32000000,1909008000
2704,Como,como,Como,COM,Italy,IT,ITA,1142238,Álex Valle,,,valle-alex,Á. Valle,D,3,2004-04-25T00:00:00+00:00,178,,Left,Spain,ES,ESP,12900000,1877472000
2704,Como,como,Como,COM,Italy,IT,ITA,1112484,Kaiki,Kaiki,,kaiki,Kaiki,D,16,2003-03-08T00:00:00+00:00,172,,Left,Brazil,BR,BRA,14800000,1814313600
2704,Como,como,Como,COM,Italy,IT,ITA,1136721,Willy Kambwala,Willy Kambwala,,kambwala-willy,W. Kambwala,D,53,2004-08-25T00:00:00+00:00,192,,Right,DR Congo,CD,COD,3100000,1814313600
2704,Como,como,Como,COM,Italy,IT,ITA,974581,Ivan Smolčić,,,ivan-smolcic,I. Smolčić,D,28,2000-08-17T00:00:00+00:00,181,,Right,Croatia,HR,HRV,3800000,1940544000
2704,Como,como,Como,COM,Italy,IT,ITA,226974,Marc Kempf,Marc,Kempf,marc-kempf,M. Kempf,D,2,1995-01-28T00:00:00+00:00,186,87,Left,Germany,DE,DEU,3400000,1877472000
2704,Como,como,Como,COM,Italy,IT,ITA,870211,Alberto Dossena,Alberto,Dossena,alberto-dossena,A. Dossena,D,13,1998-10-13T00:00:00+00:00,195,,Right,Italy,IT,ITA,5600000,1845936000
2704,Como,como,Como,COM,Italy,IT,ITA,295133,Edoardo Goldaniga,Edoardo,Goldaniga,edoardo-goldaniga,E. Goldaniga,D,18,1993-11-02T00:00:00+00:00,193,82,Both,Italy,IT,ITA,1900000,1845936000
2704,Como,como,Como,COM,Italy,IT,ITA,920546,Robert Sánchez,,,robert-sanchez,R. Sánchez,G,97,1997-11-18T00:00:00+00:00,197,,Right,Spain,ES,ESP,19900000,1814313600
2704,Como,como,Como,COM,Italy,IT,ITA,599114,Jean Butez,Jean,Butez,jean-butez,J. Butez,G,1,1995-06-08T00:00:00+00:00,188,80,Right,France,FR,FRA,7700000,1909008000
2704,Como,como,Como,COM,Italy,IT,ITA,41444,Mauro Vigorito,,,mauro-vigorito,M. Vigorito,G,22,1990-05-22T00:00:00+00:00,186,81,Right,Italy,IT,ITA,155000,1814313600
2693,Fiorentina,fiorentina,Fiorentina,FIO,Italy,IT,ITA,1403559,Franco Mastantuono,,,franco-mastantuono,F. Mastantuono,F,30,2007-08-14T00:00:00+00:00,177,,Left,Argentina,AR,ARG,44000000,1814313600
2693,Fiorentina,fiorentina,Fiorentina,FIO,Italy,IT,ITA,987489,Beto,,,beto,Beto,F,23,1998-01-31T00:00:00+00:00,194,88,Right,Guinea-Bissau,GW,GNB,19300000,
2693,Fiorentina,fiorentina,Fiorentina,FIO,Italy,IT,ITA,998951,Wilfried Gnonto,,,wilfried-gnonto,W. Gnonto,F,29,2003-11-05T00:00:00+00:00,170,,Right,Italy,IT,ITA,17300000,1814313600
2693,Fiorentina,fiorentina,Fiorentina,FIO,Italy,IT,ITA,1099296,Mateo Pellegrino,,,pellegrino-mateo,M. Pellegrino,F,32,2001-10-22T00:00:00+00:00,192,,Left,Argentina,AR,ARG,14600000,1940544000
2693,Fiorentina,fiorentina,Fiorentina,FIO,Italy,IT,ITA,893640,Riccardo Sottil,,,riccardo-sottil,R. Sottil,F,7,1999-06-03T00:00:00+00:00,180,,Right,Italy,IT,ITA,3100000,1814313600
2693,Fiorentina,fiorentina,Fiorentina,FIO,Italy,IT,ITA,1493157,Alieu Njie,,,alieu-njie,A. Njie,F,25,2005-05-14T00:00:00+00:00,185,,Right,Sweden,SE,SWE,2900000,1814313600
2693,Fiorentina,fiorentina,Fiorentina,FIO,Italy,IT,ITA,2415458,Federico Croci,Federico,Croci,federico-croci,F. Croci,F,70,2010-06-29T00:00:00+00:00,170,,Right,Italy,IT,ITA,,
2693,Fiorentina,fiorentina,Fiorentina,FIO,Italy,IT,ITA,1656634,Jacopo Tarantino,Jacopo Tarantino,,tarantino-jacopo,J. Tarantino,F,,2005-02-15T00:00:00+00:00,182,,Left,Italy,IT,ITA,190000,1814313600
2693,Fiorentina,fiorentina,Fiorentina,FIO,Italy,IT,ITA,1888002,Christ Inao Oulaï,Christ Inao Oulaï,,christ-inao-oulai,C. I. Oulaï,M,42,2006-04-06T00:00:00+00:00,173,,Right,Côte d'Ivoire,CI,CIV,26000000,
2693,Fiorentina,fiorentina,Fiorentina,FIO,Italy,IT,ITA,895764,Pedro Gonçalves,,,pedro-goncalves,P. Gonçalves,M,28,1998-06-28T00:00:00+00:00,173,65,Right,Portugal,PT,PRT,27000000,1814313600
2693,Fiorentina,fiorentina,Fiorentina,FIO,Italy,IT,ITA,901850,Nicolò Fagioli,Nicolo,Fagioli,nicolo-fagioli,N. Fagioli,M,44,2001-02-12T00:00:00+00:00,178,,Right,Italy,IT,ITA,14700000,1845936000
2693,Fiorentina,fiorentina,Fiorentina,FIO,Italy,IT,ITA,1114422,Cher Ndour,Cher,Ndour,cher-ndour,C. Ndour,M,27,2004-07-27T00:00:00+00:00,190,,Both,Italy,IT,ITA,18900000,1877472000
2693,Fiorentina,fiorentina,Fiorentina,FIO,Italy,IT,ITA,1444690,Arthur Atta,,,atta-arthur,A. Atta,M,14,2003-01-14T00:00:00+00:00,189,,Right,France,FR,FRA,27000000,1940544000
2693,Fiorentina,fiorentina,Fiorentina,FIO,Italy,IT,ITA,928800,Marco Brescianini,,,marco-brescianini,M. Brescianini,M,4,2000-01-20T00:00:00+00:00,188,,Left,Italy,IT,ITA,8300000,1909008000
2693,Fiorentina,fiorentina,Fiorentina,FIO,Italy,IT,ITA,1901143,Víctor Valdepeñas,,,victor-valdepenas,V. Valdepeñas,D,21,2006-10-20T00:00:00+00:00,188,,Left,Spain,ES,ESP,4500000,
2693,Fiorentina,fiorentina,Fiorentina,FIO,Italy,IT,ITA,997103,Radu Drăguşin,,,radu-dragusin,R. Drăguşin,D,3,2002-02-03T00:00:00+00:00,191,,Right,Romania,RO,ROU,14800000,1814313600
2693,Fiorentina,fiorentina,Fiorentina,FIO,Italy,IT,ITA,1184308,Álex Jiménez,Alejandro Jiménez,,alex-jimenez,A. Jiménez,D,20,2005-05-08T00:00:00+00:00,177,,Right,Spain,ES,ESP,19900000,1814313600
2693,Fiorentina,fiorentina,Fiorentina,FIO,Italy,IT,ITA,822518,Dodô,Domilson,Dodo,dodo,Dodô,D,2,1998-11-17T00:00:00+00:00,166,68,Right,Brazil,BR,BRA,17400000,1814313600
2693,Fiorentina,fiorentina,Fiorentina,FIO,Italy,IT,ITA,902031,João Mário,Joao,Mario,joao-mario,J. Mário,D,17,2000-01-03T00:00:00+00:00,178,,Both,Portugal,PT,PRT,8600000,1814313600
2693,Fiorentina,fiorentina,Fiorentina,FIO,Italy,IT,ITA,847467,Marin Pongračić,Marin,Pongracic,marin-pongracic,M. Pongračić,D,5,1997-09-11T00:00:00+00:00,193,,Right,Croatia,HR,HRV,5900000,1877472000
2693,Fiorentina,fiorentina,Fiorentina,FIO,Italy,IT,ITA,1907760,Viery,Viery,,viery,Viery,D,33,2005-01-01T00:00:00+00:00,187,,Left,Brazil,BR,BRA,6600000,1940544000
2693,Fiorentina,fiorentina,Fiorentina,FIO,Italy,IT,ITA,893998,Luca Ranieri,Luca,Ranieri,luca-ranieri,L. Ranieri,D,6,1999-04-23T00:00:00+00:00,187,74,Left,Italy,IT,ITA,6200000,1845936000
2693,Fiorentina,fiorentina,Fiorentina,FIO,Italy,IT,ITA,972886,Fabiano Parisi,,,fabiano-parisi,F. Parisi,D,65,2000-11-09T00:00:00+00:00,178,,Left,Italy,IT,ITA,5500000,1877472000
2693,Fiorentina,fiorentina,Fiorentina,FIO,Italy,IT,ITA,69378,David De Gea,,,david-de-gea,D. De Gea,G,43,1990-11-07T00:00:00+00:00,192,76,Right,Spain,ES,ESP,3300000,1845936000
2693,Fiorentina,fiorentina,Fiorentina,FIO,Italy,IT,ITA,860306,Oliver Christensen,Oliver,Christensen,oliver-christensen,O. Christensen,G,53,1999-03-22T00:00:00+00:00,190,82,Right,Denmark,DK,DNK,1400000,1845936000
2693,Fiorentina,fiorentina,Fiorentina,FIO,Italy,IT,ITA,139272,Luca Lezzerini,Luca,Lezzerini,luca-lezzerini,L. Lezzerini,G,19,1995-03-24T00:00:00+00:00,195,86,Right,Italy,IT,ITA,365000,1845936000
2801,Frosinone,frosinone,Frosinone,FRO,Italy,IT,ITA,1445228,Farès Ghedjemis,,,fares-ghedjemis,F. Ghedjemis,F,7,2002-09-06T00:00:00+00:00,183,,Left,Algeria,DZ,DZA,6800000,1845936000
2801,Frosinone,frosinone,Frosinone,FRO,Italy,IT,ITA,970969,Daniel Bîrligea,,,daniel-birligea,D. Bîrligea,F,11,2000-04-19T00:00:00+00:00,181,,Right,Romania,RO,ROU,4200000,1814313600
2801,Frosinone,frosinone,Frosinone,FRO,Italy,IT,ITA,1140001,Giorgi Kvernadze,Giorgi Kvernadze,,kvernadze-giorgi,G. Kvernadze,F,17,2003-02-07T00:00:00+00:00,183,,Right,Georgia,GE,GEO,3900000,1845936000
2801,Frosinone,frosinone,Frosinone,FRO,Italy,IT,ITA,918481,Tomáš Bobček,Tomas,Bobcek,tomas-bobcek,T. Bobček,F,89,2001-09-08T00:00:00+00:00,185,,Right,Slovakia,SK,SVK,8400000,1940544000
2801,Frosinone,frosinone,Frosinone,FRO,Italy,IT,ITA,1121578,Antonio Raimondo,Antonio Raimondo,,antonio-raimondo,A. Raimondo,F,9,2004-03-18T00:00:00+00:00,185,,Left,Italy,IT,ITA,4099999,1814313600
2801,Frosinone,frosinone,Frosinone,FRO,Italy,IT,ITA,1164381,Seydou Fini,Seydou,Fini,fini-seydou,S. Fini,F,40,2006-06-02T00:00:00+00:00,178,,Left,Italy,IT,ITA,2400000,1814313600
2801,Frosinone,frosinone,Frosinone,FRO,Italy,IT,ITA,1482483,Alejandro Cichero,Alejandro Cichero,,alejandro-cichero,A. Cichero,F,29,2006-07-11T00:00:00+00:00,196,,Right,Venezuela,VE,VEN,260000,
2801,Frosinone,frosinone,Frosinone,FRO,Italy,IT,ITA,830127,Romano Schmid,Romano,Schmid,romano-schmid,R. Schmid,M,10,2000-01-27T00:00:00+00:00,168,73,Right,Austria,AT,AUT,16500000,1909008000
2801,Frosinone,frosinone,Frosinone,FRO,Italy,IT,ITA,1082407,Luis Hasa,,,luis-hasa,L. Hasa,M,70,2004-01-06T00:00:00+00:00,172,,Right,Albania,AL,ALB,4400000,1909008000
2801,Frosinone,frosinone,Frosinone,FRO,Italy,IT,ITA,869888,Alessio Zerbin,,,alessio-zerbin,A. Zerbin,M,24,1999-03-03T00:00:00+00:00,182,77,Right,Italy,IT,ITA,2200000,1877472000
2801,Frosinone,frosinone,Frosinone,FRO,Italy,IT,ITA,186719,Florian Grillitsch,Florian,Grillitsch,florian-grillitsch,F. Grillitsch,M,27,1995-08-07T00:00:00+00:00,187,,Right,Austria,AT,AUT,2600000,1814313600
2801,Frosinone,frosinone,Frosinone,FRO,Italy,IT,ITA,839487,Giacomo Calò,Giacomo,Calo,giacomo-calo,G. Calò,M,14,1997-05-02T00:00:00+00:00,178,74,Right,Italy,IT,ITA,2300000,1877472000
2801,Frosinone,frosinone,Frosinone,FRO,Italy,IT,ITA,1021104,Anouar El Azzouzi,,,anouar-el-azzouzi,A. El Azzouzi,M,34,2001-05-29T00:00:00+00:00,181,,Right,Morocco,MA,MAR,1600000,1877472000
2801,Frosinone,frosinone,Frosinone,FRO,Italy,IT,ITA,970998,Patrizio Masini,,,patrizio-masini,P. Masini,M,73,2001-01-27T00:00:00+00:00,182,,Right,Italy,IT,ITA,4400000,1814313600
2801,Frosinone,frosinone,Frosinone,FRO,Italy,IT,ITA,915280,Ben Lhassine Kone,,,ben-lhassine-kone,B. L. Kone,M,4,2000-03-14T00:00:00+00:00,172,,Left,Côte d'Ivoire,CI,CIV,485000,1877472000
2801,Frosinone,frosinone,Frosinone,FRO,Italy,IT,ITA,1493209,Matteo Cichella,,,matteo-cichella,M. Cichella,M,16,2005-10-04T00:00:00+00:00,169,,Right,Italy,IT,ITA,4600000,
2801,Frosinone,frosinone,Frosinone,FRO,Italy,IT,ITA,595900,Francesco Gelli,Francesco,Gelli,francesco-gelli,F. Gelli,M,96,1996-10-15T00:00:00+00:00,173,74,Right,Italy,IT,ITA,520000,
2801,Frosinone,frosinone,Frosinone,FRO,Italy,IT,ITA,1393731,Omar Fayed,Omar Fayed,,omar-fayed,O. Fayed,D,74,2003-07-04T00:00:00+00:00,189,,Right,Egypt,EG,EGY,560000,1909008000
2801,Frosinone,frosinone,Frosinone,FRO,Italy,IT,ITA,876860,Aleksa Terzić,Aleksa,Terzic,aleksa-terzic,A. Terzić,D,71,1999-08-17T00:00:00+00:00,184,,Left,Serbia,RS,SRB,2600000,1877472000
2801,Frosinone,frosinone,Frosinone,FRO,Italy,IT,ITA,1103548,Enzo Tchato Mbiayi,Enzo Tchato Mbiayi,,enzo-tchato-mbiayi,E. T. Mbiayi,D,90,2002-11-23T00:00:00+00:00,180,,Right,Cameroon,CM,CMR,2600000,1909008000
2801,Frosinone,frosinone,Frosinone,FRO,Italy,IT,ITA,1106257,Anthony Oyono,Anthony Oyono,,anthony-oyono,A. Oyono,D,20,2001-04-12T00:00:00+00:00,179,,Right,Gabon,GA,GAB,1600000,1814313600
2801,Frosinone,frosinone,Frosinone,FRO,Italy,IT,ITA,187423,Kevin Akpoguma,Kevin,Akpoguma,kevin-akpoguma,K. Akpoguma,D,25,1995-04-19T00:00:00+00:00,192,85,Right,Nigeria,NG,NGA,1400000,1845936000
2801,Frosinone,frosinone,Frosinone,FRO,Italy,IT,ITA,1009363,Ilario Monterisi,,,ilario-monterisi,I. Monterisi,D,30,2001-12-19T00:00:00+00:00,190,,Right,Italy,IT,ITA,2700000,1814313600
2801,Frosinone,frosinone,Frosinone,FRO,Italy,IT,ITA,1394498,Gabriele Bracaglia,Gabriele Bracaglia,,bracaglia-gabriele,G. Bracaglia,D,79,2003-07-19T00:00:00+00:00,185,,Left,Italy,IT,ITA,3600000,1845936000
2801,Frosinone,frosinone,Frosinone,FRO,Italy,IT,ITA,1425050,Gabriele Calvani,Gabriele,Calvani,gabriele-calvani,G. Calvani,D,3,2004-01-12T00:00:00+00:00,184,,Right,Italy,IT,ITA,3700000,1814313600
2801,Frosinone,frosinone,Frosinone,FRO,Italy,IT,ITA,1118232,Wisdom Amey,Wisdom Amey,,wisdom-amey,W. Amey,D,5,2005-08-11T00:00:00+00:00,187,,Right,Italy,IT,ITA,865000,1814313600
2801,Frosinone,frosinone,Frosinone,FRO,Italy,IT,ITA,1001847,Giorgio Cittadini,,,giorgio-cittadini,G. Cittadini,D,2,2002-04-18T00:00:00+00:00,184,,Right,Italy,IT,ITA,940000,1814313600
2801,Frosinone,frosinone,Frosinone,FRO,Italy,IT,ITA,1068715,Sebastiano Desplanches,,,sebastiano-desplanches,S. Desplanches,G,91,2003-03-11T00:00:00+00:00,188,,Left,Italy,IT,ITA,1000000,1814313600
2801,Frosinone,frosinone,Frosinone,FRO,Italy,IT,ITA,1134623,Lorenzo Palmisani,Lorenzo Palmisani,,lorenzo-palmisani,L. Palmisani,G,22,2004-06-12T00:00:00+00:00,196,,Right,Italy,IT,ITA,3700000,1877472000
2801,Frosinone,frosinone,Frosinone,FRO,Italy,IT,ITA,1155425,Eldin Lolic,,,eldin-lolic,E. Lolic,G,12,2004-05-15T00:00:00+00:00,194,,Right,Bosnia & Herzegovina,BA,BIH,53000,1814313600
2801,Frosinone,frosinone,Frosinone,FRO,Italy,IT,ITA,170885,Matteo Pisseri,Matteo,Pisseri,matteo-pisseri,M. Pisseri,G,12,1991-11-21T00:00:00+00:00,188,80,Right,Italy,IT,ITA,155000,
2713,Genoa,genoa,Genoa,GEN,Italy,IT,ITA,2191860,Robinho Júnior,,,robson-junior,Robinho Jr,F,7,2007-12-17T00:00:00+00:00,170,,Both,Brazil,BR,BRA,5500000,1814313600
2713,Genoa,genoa,Genoa,GEN,Italy,IT,ITA,45925,Stephan El Shaarawy,,,stephan-el-shaarawy,S. El Shaarawy,F,92,1992-10-27T00:00:00+00:00,178,,Right,Italy,IT,ITA,2200000,1814313600
2713,Genoa,genoa,Genoa,GEN,Italy,IT,ITA,930191,Lorenzo Colombo,Lorenzo,Colombo,lorenzo-colombo,L. Colombo,F,29,2002-03-08T00:00:00+00:00,183,74,Left,Italy,IT,ITA,10900000,1877472000
2713,Genoa,genoa,Genoa,GEN,Italy,IT,ITA,1093695,Vitinha,Vitor Manuel,Vitinha,vitinha,Vitinha,F,9,2000-03-15T00:00:00+00:00,183,,Right,Portugal,PT,PRT,8400000,1845936000
2713,Genoa,genoa,Genoa,GEN,Italy,IT,ITA,888219,Junior Messias,Junior,Messias,junior-messias,J. Messias,F,10,1991-05-13T00:00:00+00:00,179,,Left,Brazil,BR,BRA,1100000,1814313600
2713,Genoa,genoa,Genoa,GEN,Italy,IT,ITA,1618563,Lorenzo Venturino,,,lorenzo-venturino,L. Venturino,F,76,2006-06-22T00:00:00+00:00,178,,Right,Italy,IT,ITA,4600000,1877472000
2713,Genoa,genoa,Genoa,GEN,Italy,IT,ITA,928047,Milutin Osmajić,Milutin,Osmajic,milutin-osmajic,M. Osmajić,F,18,1999-07-25T00:00:00+00:00,186,,Right,Montenegro,ME,MNE,3300000,1877472000
2713,Genoa,genoa,Genoa,GEN,Italy,IT,ITA,1103911,Elias Havel,Elias,Havel,elias-havel,E. Havel,F,17,2003-04-16T00:00:00+00:00,184,,Right,Austria,AT,AUT,2300000,1909008000
2713,Genoa,genoa,Genoa,GEN,Italy,IT,ITA,1605324,Joi Xheto Nuredini,Joi Nuredini,,joi-nuredini,J. Nuredini,F,86,2007-08-05T00:00:00+00:00,188,,Right,Albania,AL,ALB,1100000,1877472000
2713,Genoa,genoa,Genoa,GEN,Italy,IT,ITA,892924,Hamed Junior Traorè,,,hamed-junior-traore,H. J. Traorè,M,25,2000-02-16T00:00:00+00:00,177,68,Right,Côte d'Ivoire,CI,CIV,14100000,1814313600
2713,Genoa,genoa,Genoa,GEN,Italy,IT,ITA,799054,Djibril Sow,Djibril,Sow,djibril-sow,D. Sow,M,97,1997-02-06T00:00:00+00:00,184,77,Right,Switzerland,CH,CHE,7100000,1909008000
2713,Genoa,genoa,Genoa,GEN,Italy,IT,ITA,1012172,Tommaso Baldanzi,Tommaso,Baldanzi,tommaso-baldanzi,T. Baldanzi,M,8,2003-03-23T00:00:00+00:00,170,,Left,Italy,IT,ITA,8000000,1814313600
2713,Genoa,genoa,Genoa,GEN,Italy,IT,ITA,918440,Morten Frendrup,Morten,Frendrup,morten-frendrup,M. Frendrup,M,32,2001-04-07T00:00:00+00:00,178,63,Right,Denmark,DK,DNK,14400000,1845936000
2713,Genoa,genoa,Genoa,GEN,Italy,IT,ITA,1511706,Alexsandro Amorim,,,amorim,Amorim,M,4,2005-05-18T00:00:00+00:00,177,70,Right,Brazil,BR,BRA,8800000,1909008000
2713,Genoa,genoa,Genoa,GEN,Italy,IT,ITA,609206,Kingsley Ehizibue,Kingsley,Ehizibue,kingsley-ehizibue,K. Ehizibue,M,3,1995-05-25T00:00:00+00:00,189,82,Right,Nigeria,NG,NGA,2200000,
2713,Genoa,genoa,Genoa,GEN,Italy,IT,ITA,933203,Mikael Ellertsson,Mikael,Ellertsson,mikael-ellertsson,M. Ellertsson,M,77,2002-03-11T00:00:00+00:00,182,,Left,Iceland,IS,ISL,5600000,1877472000
2713,Genoa,genoa,Genoa,GEN,Italy,IT,ITA,1819079,Franz-Ethan Meichtry,,,franz-ethan-meichtry,F. Meichtry,M,11,2005-07-08T00:00:00+00:00,186,80,Right,Switzerland,CH,CHE,5500000,1909008000
2713,Genoa,genoa,Genoa,GEN,Italy,IT,ITA,1985772,Samuel Wiafe,Samuel Wiafe,,samuel-wiafe,S. Wiafe,M,71,2008-06-22T00:00:00+00:00,181,,Right,Italy,IT,ITA,2300000,1909008000
2713,Genoa,genoa,Genoa,GEN,Italy,IT,ITA,184421,Stefano Sabelli,Stefano,Sabelli,stefano-sabelli,S. Sabelli,M,20,1993-01-13T00:00:00+00:00,179,70,Right,Italy,IT,ITA,1300000,1845936000
2713,Genoa,genoa,Genoa,GEN,Italy,IT,ITA,889785,Johan Vásquez,,,johan-vasquez,J. Vásquez,D,22,1998-10-22T00:00:00+00:00,185,72,Left,Mexico,MX,MEX,13200000,1845936000
2713,Genoa,genoa,Genoa,GEN,Italy,IT,ITA,879746,Leo Østigård,,,leo-ostigard,L. Østigård,D,5,1999-11-28T00:00:00+00:00,182,80,Right,Norway,NO,NOR,14300000,1909008000
2713,Genoa,genoa,Genoa,GEN,Italy,IT,ITA,1006089,Mario Mitaj,,,mitaj-mario,M. Mitaj,D,2,2003-08-06T00:00:00+00:00,180,,Left,Albania,AL,ALB,5800000,1814313600
2713,Genoa,genoa,Genoa,GEN,Italy,IT,ITA,1068885,Alessandro Marcandalli,,,alessandro-marcandalli,A. Marcandalli,D,27,2002-10-25T00:00:00+00:00,190,,Right,Italy,IT,ITA,14800000,1877472000
2713,Genoa,genoa,Genoa,GEN,Italy,IT,ITA,1399888,David Puczka,David Puczka,,puczka-david,D. Puczka,D,31,2005-01-26T00:00:00+00:00,183,,Left,Austria,AT,AUT,2700000,1940544000
2713,Genoa,genoa,Genoa,GEN,Italy,IT,ITA,1404639,Sebastian Otoa,Sebastian,Otoa,sebastian-otoa,S. Otoa,D,34,2004-05-13T00:00:00+00:00,198,,Right,Denmark,DK,DNK,2700000,1845936000
2713,Genoa,genoa,Genoa,GEN,Italy,IT,ITA,991577,Cody Drameh,,,cody-drameh,C. Drameh,D,18,2001-12-08T00:00:00+00:00,175,,Right,England,EN,ENG,2900000,
2713,Genoa,genoa,Genoa,GEN,Italy,IT,ITA,1526308,Mamedi Doucoure,,,mamedi-doucoure,M. Doucouré,D,74,2007-01-19T00:00:00+00:00,180,,Right,France,FR,FRA,390000,
2713,Genoa,genoa,Genoa,GEN,Italy,IT,ITA,2249092,Marcelo Vaz,Marcelo Vaz,,marcelo-vaz,M. Vaz,D,85,2007-07-31T00:00:00+00:00,183,,Left,Guinea-Bissau,GW,GNB,410000,1877472000
2713,Genoa,genoa,Genoa,GEN,Italy,IT,ITA,556696,Justin Bijlow,Justin,Bijlow,justin-bijlow,J. Bijlow,G,1,1998-01-22T00:00:00+00:00,190,73,Right,Netherlands,NL,NLD,4099999,1877472000
2713,Genoa,genoa,Genoa,GEN,Italy,IT,ITA,595572,Daniele Sommariva,Daniele,Sommariva,daniele-sommariva,D. Sommariva,G,39,1997-07-18T00:00:00+00:00,186,76,Right,Italy,IT,ITA,110000,
2713,Genoa,genoa,Genoa,GEN,Italy,IT,ITA,985848,Franz Stolz,Franz,Stolz,franz-stolz,F. Stolz,G,99,2001-02-14T00:00:00+00:00,193,,Right,Austria,AT,AUT,650000,1814313600
2697,Inter,inter,Inter,INT,Italy,IT,ITA,823984,Lautaro Martínez,Lautaro,Martinez,lautaro-martinez,L. Martínez,F,10,1997-08-22T00:00:00+00:00,175,,Right,Argentina,AR,ARG,80000000,1877472000
2697,Inter,inter,Inter,INT,Italy,IT,ITA,791702,Marcus Thuram,Marcus,Thuram,marcus-thuram,M. Thuram,F,9,1997-08-06T00:00:00+00:00,192,80,Right,France,FR,FRA,52000000,1845936000
2697,Inter,inter,Inter,INT,Italy,IT,ITA,1086223,Ange-Yoan Bonny,Ange,Bonny,ange-bonny,A. Bonny,F,14,2003-10-25T00:00:00+00:00,189,,Right,Côte d'Ivoire,CI,CIV,34000000,1909008000
2697,Inter,inter,Inter,INT,Italy,IT,ITA,1156616,Pio Esposito,,,francesco-pio-esposito,F. P. Esposito,F,94,2005-06-28T00:00:00+00:00,189,,Right,Italy,IT,ITA,47000000,1909008000
2697,Inter,inter,Inter,INT,Italy,IT,ITA,135700,Hakan Çalhanoğlu,,,hakan-calhanoglu,H. Çalhanoğlu,M,20,1994-02-08T00:00:00+00:00,178,,Right,Türkiye,TR,TUR,16700000,1814313600
2697,Inter,inter,Inter,INT,Italy,IT,ITA,363856,Nicolò Barella,,,nicolo-barella,N. Barella,M,23,1997-02-07T00:00:00+00:00,175,54,Right,Italy,IT,ITA,54000000,1877472000
2697,Inter,inter,Inter,INT,Italy,IT,ITA,138605,Piotr Zieliński,,,piotr-zielinski,P. Zieliński,M,7,1994-05-20T00:00:00+00:00,180,75,Both,Poland,PL,POL,10300000,1845936000
2697,Inter,inter,Inter,INT,Italy,IT,ITA,927353,Curtis Jones,,,curtis-jones,C. Jones,M,21,2001-01-30T00:00:00+00:00,185,,Right,England,EN,ENG,33000000,1940544000
2697,Inter,inter,Inter,INT,Italy,IT,ITA,284361,Federico Dimarco,Federico,Dimarco,federico-dimarco,F. Dimarco,M,32,1997-11-10T00:00:00+00:00,174,75,Left,Italy,IT,ITA,48000000,1814313600
2697,Inter,inter,Inter,INT,Italy,IT,ITA,1091303,Petar Sučić,,,petar-sucic,P. Sučić,M,8,2003-10-25T00:00:00+00:00,184,,Right,Croatia,HR,HRV,49000000,1909008000
2697,Inter,inter,Inter,INT,Italy,IT,ITA,37151,Henrikh Mkhitaryan,,,henrikh-mkhitaryan,H. Mkhitaryan,M,22,1989-01-21T00:00:00+00:00,178,75,Both,Armenia,AM,ARM,2900000,1814313600
2697,Inter,inter,Inter,INT,Italy,IT,ITA,977679,Luís Henrique,,,luis-henrique,L. Henrique,M,11,2001-12-14T00:00:00+00:00,181,,Right,Brazil,BR,BRA,24000000,1909008000
2697,Inter,inter,Inter,INT,Italy,IT,ITA,1048889,Andy Diouf,,,andy-diouf,A. Diouf,M,17,2003-05-17T00:00:00+00:00,187,,Left,France,FR,FRA,22000000,1909008000
2697,Inter,inter,Inter,INT,Italy,IT,ITA,1153957,Aleksandar Stanković,,,aleksandar-stankovic,A. Stanković,M,5,2005-08-03T00:00:00+00:00,187,,Right,Serbia,RS,SRB,31000000,1940544000
2697,Inter,inter,Inter,INT,Italy,IT,ITA,383560,Manuel Akanji,Manuel,Akanji,manuel-akanji,M. Akanji,D,25,1995-07-19T00:00:00+00:00,187,85,Right,Switzerland,CH,CHE,15500000,1845936000
2697,Inter,inter,Inter,INT,Italy,IT,ITA,152077,John Stones,John,Stones,john-stones,J. Stones,D,6,1994-05-28T00:00:00+00:00,188,70,Right,England,EN,ENG,10900000,1845936000
2697,Inter,inter,Inter,INT,Italy,IT,ITA,826188,Alessandro Bastoni,Alessandro,Bastoni,alessandro-bastoni,A. Bastoni,D,95,1999-04-13T00:00:00+00:00,190,81,Left,Italy,IT,ITA,61000000,1845936000
2697,Inter,inter,Inter,INT,Italy,IT,ITA,945798,Djed Spence,,,djed-spence,D. Spence,D,24,2000-08-09T00:00:00+00:00,184,,Right,England,EN,ENG,41000000,1940544000
2697,Inter,inter,Inter,INT,Italy,IT,ITA,787505,Benjamin Pavard,Benjamin,Pavard,benjamin-pavard,B. Pavard,D,28,1996-03-28T00:00:00+00:00,186,76,Right,France,FR,FRA,12700000,1845936000
2697,Inter,inter,Inter,INT,Italy,IT,ITA,929199,Carlos Augusto,,,carlos-augusto,C. Augusto,D,30,1999-01-07T00:00:00+00:00,184,,Left,Brazil,BR,BRA,22000000,1845936000
2697,Inter,inter,Inter,INT,Italy,IT,ITA,906275,Yann Bisseck,Yann,Bisseck,yann-bisseck,Y. Bisseck,D,31,2000-11-29T00:00:00+00:00,194,,Right,Germany,DE,DEU,47000000,1940544000
2697,Inter,inter,Inter,INT,Italy,IT,ITA,845291,Josep Martínez,Josep,Martinez,josep-martinez,J. Martínez,G,1,1998-05-27T00:00:00+00:00,191,,Right,Spain,ES,ESP,10500000,1877472000
2697,Inter,inter,Inter,INT,Italy,IT,ITA,308182,Ivan Provedel,Ivan,Provedel,ivan-provedel,I. Provedel,G,49,1994-03-17T00:00:00+00:00,194,72,Right,Italy,IT,ITA,2800000,1877472000
2697,Inter,inter,Inter,INT,Italy,IT,ITA,301162,Raffaele Di Gennaro,Raffaele,Di Gennaro,raffaele-di-gennaro,R. Di Gennaro,G,12,1993-10-03T00:00:00+00:00,188,80,Right,Italy,IT,ITA,325000,1814313600
2687,Juventus,juventus,Juventus,JUV,Italy,IT,ITA,1149011,Kenan Yıldız,Kenan Yıldız,,yildiz-kenan,K. Yıldız,F,10,2005-05-04T00:00:00+00:00,187,,Both,Türkiye,TR,TUR,72000000,1909008000
2687,Juventus,juventus,Juventus,JUV,Italy,IT,ITA,980623,Nick Woltemade,Nick,Woltemade,nick-woltemade,N. Woltemade,F,27,2002-02-14T00:00:00+00:00,198,,Right,Germany,DE,DEU,59000000,1814313600
2687,Juventus,juventus,Juventus,JUV,Italy,IT,ITA,871706,Randal Kolo Muani,Randal,Kolo Muani,randal-kolo-muani,R. Kolo Muani,F,9,1998-12-05T00:00:00+00:00,187,73,Right,France,FR,FRA,18200000,1940544000
2687,Juventus,juventus,Juventus,JUV,Italy,IT,ITA,979222,Francisco Conceição,,,francisco-conceicao,F. Conceição,F,7,2002-12-13T00:00:00+00:00,166,,Left,Portugal,PT,PRT,28000000,1909008000
2687,Juventus,juventus,Juventus,JUV,Italy,IT,ITA,161325,Arkadiusz Milik,Arkadiusz,Milik,arkadiusz-milik,A. Milik,F,14,1994-02-28T00:00:00+00:00,186,78,Left,Poland,PL,POL,1600000,1814313600
2687,Juventus,juventus,Juventus,JUV,Italy,IT,ITA,887766,Edon Zhegrova,Edon,Zhegrova,edon-zhegrova,E. Zhegrova,F,11,1999-03-31T00:00:00+00:00,181,,Left,Kosovo,XK,XKX,9500000,1909008000
2687,Juventus,juventus,Juventus,JUV,Italy,IT,ITA,367056,Jérémie Boga,,,jeremie-boga,J. Boga,F,13,1997-01-03T00:00:00+00:00,172,68,Right,Côte d'Ivoire,CI,CIV,7700000,1877472000
2687,Juventus,juventus,Juventus,JUV,Italy,IT,ITA,1613917,Jeff Ekhator,,,jeff-ekhator,J. Ekhator,F,18,2006-11-11T00:00:00+00:00,188,,Right,Italy,IT,ITA,19200000,1940544000
2687,Juventus,juventus,Juventus,JUV,Italy,IT,ITA,1002711,Pape Matar Sarr,Pape Matar,Sarr,pape-matar-sarr,P. Sarr,M,29,2002-09-14T00:00:00+00:00,185,70,Right,Senegal,SN,SEN,28000000,1814313600
2687,Juventus,juventus,Juventus,JUV,Italy,IT,ITA,901325,Nicolás González,Nico,Gonzalez,nicolas-gonzalez,N. González,M,31,1998-04-06T00:00:00+00:00,180,68,Left,Argentina,AR,ARG,23000000,1877472000
2687,Juventus,juventus,Juventus,JUV,Italy,IT,ITA,1425366,Kerim Alajbegović,,,kerim-alajbegovic,K. Alajbegović,M,17,2007-09-21T00:00:00+00:00,185,,Both,Bosnia & Herzegovina,BA,BIH,23000000,1940544000
2687,Juventus,juventus,Juventus,JUV,Italy,IT,ITA,904832,Khéphren Thuram,Kephren,Thuram,khephren-thuram,K. Thuram,M,19,2001-03-26T00:00:00+00:00,191,,Right,France,FR,FRA,36000000,1877472000
2687,Juventus,juventus,Juventus,JUV,Italy,IT,ITA,867887,Douglas Luiz,,,douglas-luiz,D. Luiz,M,12,1998-05-09T00:00:00+00:00,175,65,Right,Brazil,BR,BRA,19200000,1877472000
2687,Juventus,juventus,Juventus,JUV,Italy,IT,ITA,363860,Manuel Locatelli,Manuel,Locatelli,manuel-locatelli,M. Locatelli,M,5,1998-01-08T00:00:00+00:00,185,,Right,Italy,IT,ITA,24000000,1909008000
2687,Juventus,juventus,Juventus,JUV,Italy,IT,ITA,881931,Weston McKennie,Weston,McKennie,weston-mckennie,W. McKennie,M,22,1998-08-28T00:00:00+00:00,180,84,Right,USA,US,USA,31000000,1909008000
2687,Juventus,juventus,Juventus,JUV,Italy,IT,ITA,803033,Teun Koopmeiners,Teun,Koopmeiners,teun-koopmeiners,T. Koopmeiners,M,8,1998-02-28T00:00:00+00:00,183,,Left,Netherlands,NL,NLD,13200000,1877472000
2687,Juventus,juventus,Juventus,JUV,Italy,IT,ITA,917048,Andrea Cambiaso,,,cambiaso-andrea,A. Cambiaso,M,20,2000-02-20T00:00:00+00:00,181,,Both,Italy,IT,ITA,21000000,1877472000
2687,Juventus,juventus,Juventus,JUV,Italy,IT,ITA,885197,Gleison Bremer,,,bremer,Bremer,D,3,1997-03-18T00:00:00+00:00,188,,Right,Brazil,BR,BRA,33000000,1877472000
2687,Juventus,juventus,Juventus,JUV,Italy,IT,ITA,965330,Pierre Kalulu,Pierre,Kalulu,pierre-kalulu,P. Kalulu,D,15,2000-06-05T00:00:00+00:00,183,69,Right,France,FR,FRA,31000000,1877472000
2687,Juventus,juventus,Juventus,JUV,Italy,IT,ITA,818481,Jhon Lucumí,,,jhon-lucumi,J. Lucumí,D,26,1998-06-26T00:00:00+00:00,185,,Left,Colombia,CO,COL,23000000,1909008000
2687,Juventus,juventus,Juventus,JUV,Italy,IT,ITA,1128063,Federico Gatti,Federico Gatti,,federico-gatti,F. Gatti,D,4,1998-06-24T00:00:00+00:00,190,,Right,Italy,IT,ITA,13200000,1909008000
2687,Juventus,juventus,Juventus,JUV,Italy,IT,ITA,988037,Juan Cabal,,,juan-cabal,J. Cabal,D,32,2001-01-08T00:00:00+00:00,185,,Left,Colombia,CO,COL,7200000,1877472000
2687,Juventus,juventus,Juventus,JUV,Italy,IT,ITA,893008,Zeki Çelik,Zeki,Celik,zeki-celik,Z. Çelik,D,2,1997-02-17T00:00:00+00:00,180,,Right,Türkiye,TR,TUR,14500000,1877472000
2687,Juventus,juventus,Juventus,JUV,Italy,IT,ITA,865167,Lloyd Kelly,Lloyd,Kelly,lloyd-kelly,L. Kelly,D,6,1998-10-06T00:00:00+00:00,191,,Left,England,EN,ENG,24000000,1877472000
2687,Juventus,juventus,Juventus,JUV,Italy,IT,ITA,139273,Daniele Rugani,Daniele,Rugani,daniele-rugani,D. Rugani,D,24,1994-07-29T00:00:00+00:00,188,82,Right,Italy,IT,ITA,2100000,1845936000
2687,Juventus,juventus,Juventus,JUV,Italy,IT,ITA,553606,Guglielmo Vicario,Guglielmo,Vicario,guglielmo-vicario,G. Vicario,G,25,1996-10-07T00:00:00+00:00,194,83,Right,Italy,IT,ITA,17300000,1814313600
2687,Juventus,juventus,Juventus,JUV,Italy,IT,ITA,902080,Kamil Grabara,Kamil,Grabara,kamil-grabara,K. Grabara,G,1,1999-01-08T00:00:00+00:00,195,,Right,Poland,PL,POL,11600000,1814313600
2687,Juventus,juventus,Juventus,JUV,Italy,IT,ITA,46420,Carlo Pinsoglio,,,carlo-pinsoglio,C. Pinsoglio,G,23,1990-03-16T00:00:00+00:00,194,77,Left,Italy,IT,ITA,195000,1814313600
2699,Lazio,lazio,Lazio,LAZ,Italy,IT,ITA,293581,Mattia Zaccagni,Mattia,Zaccagni,mattia-zaccagni,M. Zaccagni,F,10,1995-06-16T00:00:00+00:00,176,68,Right,Italy,IT,ITA,6800000,1877472000
2699,Lazio,lazio,Lazio,LAZ,Italy,IT,ITA,804909,Albert Guðmundsson,Albert,Gudmundsson,albert-gudmundsson,A. Guðmundsson,F,11,1997-06-15T00:00:00+00:00,178,75,Right,Iceland,IS,ISL,10900000,1814313600
2699,Lazio,lazio,Lazio,LAZ,Italy,IT,ITA,976381,Gustav Isaksen,,,gustav-isaksen,G. Isaksen,F,11,2001-04-19T00:00:00+00:00,181,,Left,Denmark,DK,DNK,16399999,1845936000
2699,Lazio,lazio,Lazio,LAZ,Italy,IT,ITA,826198,Andrea Pinamonti,Andrea,Pinamonti,andrea-pinamonti,A. Pinamonti,F,9,1999-05-19T00:00:00+00:00,185,72,Right,Italy,IT,ITA,15500000,1940544000
2699,Lazio,lazio,Lazio,LAZ,Italy,IT,ITA,1017649,Matteo Cancellieri,,,matteo-cancellieri,M. Cancellieri,F,22,2002-02-12T00:00:00+00:00,185,,Left,Italy,IT,ITA,7200000,1814313600
2699,Lazio,lazio,Lazio,LAZ,Italy,IT,ITA,1069244,Tijjani Noslin,,,tijjani-noslin,T. Noslin,F,14,1999-07-07T00:00:00+00:00,177,,Right,Netherlands,NL,NLD,7200000,1877472000
2699,Lazio,lazio,Lazio,LAZ,Italy,IT,ITA,1525567,Federico Serra,,,federico-serra,F. Serra,F,63,2006-01-03T00:00:00+00:00,184,,Right,Italy,IT,ITA,410000,
2699,Lazio,lazio,Lazio,LAZ,Italy,IT,ITA,835600,Davide Frattesi,Davide,Frattesi,davide-frattesi,D. Frattesi,M,16,1999-09-22T00:00:00+00:00,178,74,Right,Italy,IT,ITA,20000000,1814313600
2699,Lazio,lazio,Lazio,LAZ,Italy,IT,ITA,1389689,Reda Belahyane,Reda Belahyane,,reda-belahyane,R. Belahyane,M,21,2004-06-01T00:00:00+00:00,173,53,Right,Morocco,MA,MAR,6600000,1877472000
2699,Lazio,lazio,Lazio,LAZ,Italy,IT,ITA,959806,Kenneth Taylor,,,kenneth-taylor,K. Taylor,M,24,2002-05-16T00:00:00+00:00,182,,Left,Netherlands,NL,NLD,26000000,1909008000
2699,Lazio,lazio,Lazio,LAZ,Italy,IT,ITA,910121,Fisayo Dele-Bashiru,Fisayo,Dele-Bashiru,fisayo-dele-bashiru,F. Dele-Bashiru,M,7,2001-02-06T00:00:00+00:00,186,,Right,Nigeria,NG,NGA,6500000,1845936000
2699,Lazio,lazio,Lazio,LAZ,Italy,IT,ITA,937324,Nicolò Rovella,Nicolo,Rovella,nicolo-rovella,N. Rovella,M,6,2001-12-04T00:00:00+00:00,179,,Both,Italy,IT,ITA,25000000,1845936000
2699,Lazio,lazio,Lazio,LAZ,Italy,IT,ITA,1100354,Romano Floriani Mussolini,Romano,Floriani,romano-floriani-mussolini,R. F. Mussolini,M,15,2003-01-27T00:00:00+00:00,188,,Right,Italy,IT,ITA,2600000,1845936000
2699,Lazio,lazio,Lazio,LAZ,Italy,IT,ITA,1466806,Adrian Przyborek,Adrian Przyborek,,przyborek-adrian,A. Przyborek,M,28,2007-01-01T00:00:00+00:00,184,,Right,Poland,PL,POL,6200000,1909008000
2699,Lazio,lazio,Lazio,LAZ,Italy,IT,ITA,317301,Danilo Cataldi,Danilo,Cataldi,danilo-cataldi,D. Cataldi,M,32,1994-08-06T00:00:00+00:00,180,70,Right,Italy,IT,ITA,3700000,1814313600
2699,Lazio,lazio,Lazio,LAZ,Italy,IT,ITA,2216006,Bruno Galassi,,,bruno-galassi,B. Galassi,M,8,2007-02-08T00:00:00+00:00,184,,Right,Argentina,AR,ARG,92000,1877472000
2699,Lazio,lazio,Lazio,LAZ,Italy,IT,ITA,1547464,Valerio Farcomeni,,,valerio-farcomeni,V. Farcomeni,M,71,2006-01-18T00:00:00+00:00,176,,Right,Italy,IT,ITA,92000,1909008000
2699,Lazio,lazio,Lazio,LAZ,Italy,IT,ITA,1525556,Leonardo Di Tommaso,,,leonardo-di-tommaso,L. D. Tommaso,M,,2005-02-13T00:00:00+00:00,192,,Left,Italy,IT,ITA,215000,1814313600
2699,Lazio,lazio,Lazio,LAZ,Italy,IT,ITA,954836,Josip Šutalo,,,josip-sutalo,J. Šutalo,D,37,2000-02-28T00:00:00+00:00,190,,Right,Croatia,HR,HRV,13100000,1814313600
2699,Lazio,lazio,Lazio,LAZ,Italy,IT,ITA,944973,Nuno Tavares,Nuno,Tavares,nuno-tavares,N. Tavares,D,17,2000-01-26T00:00:00+00:00,185,,Left,Portugal,PT,PRT,12600000,1877472000
2699,Lazio,lazio,Lazio,LAZ,Italy,IT,ITA,826186,Luca Pellegrini,Luca,Pellegrini,luca-pellegrini,L. Pellegrini,D,3,1999-03-07T00:00:00+00:00,178,72,Left,Italy,IT,ITA,4400000,1814313600
2699,Lazio,lazio,Lazio,LAZ,Italy,IT,ITA,556960,Mohamed Fares,,,mohamed-fares,M. Fares,D,93,1996-02-15T00:00:00+00:00,183,75,Left,Algeria,DZ,DZA,515000,1814313600
2699,Lazio,lazio,Lazio,LAZ,Italy,IT,ITA,267619,Adam Marušić,,,adam-marusic,A. Marušić,D,77,1992-10-17T00:00:00+00:00,185,81,Right,Montenegro,ME,MNE,2700000,1845936000
2699,Lazio,lazio,Lazio,LAZ,Italy,IT,ITA,830803,Danilho Doekhi,Danilho,Doekhi,danilho-doekhi,D. Doekhi,D,5,1998-06-30T00:00:00+00:00,190,,Right,Netherlands,NL,NLD,13900000,1877472000
2699,Lazio,lazio,Lazio,LAZ,Italy,IT,ITA,1160559,Oliver Provstgaard,Oliver Provstgaard,,oliver-provstgaard,O. Provstgaard,D,25,2003-06-04T00:00:00+00:00,194,,Left,Denmark,DK,DNK,16500000,1877472000
2699,Lazio,lazio,Lazio,LAZ,Italy,IT,ITA,273405,Manuel Lazzari,Manuel,Lazzari,manuel-lazzari,M. Lazzari,D,29,1993-11-29T00:00:00+00:00,173,67,Right,Italy,IT,ITA,2200000,1814313600
2699,Lazio,lazio,Lazio,LAZ,Italy,IT,ITA,797290,Alfonso Pedraza,Alfonso,Pedraza,alfonso-pedraza,A. Pedraza,D,23,1996-04-09T00:00:00+00:00,184,73,Left,Spain,ES,ESP,2400000,1877472000
2699,Lazio,lazio,Lazio,LAZ,Italy,IT,ITA,217784,Patric,Patricio,Patric,patric,Patric,D,4,1993-04-17T00:00:00+00:00,184,72,Right,Spain,ES,ESP,1400000,1814313600
2699,Lazio,lazio,Lazio,LAZ,Italy,IT,ITA,1470920,Filipe Bordon,Filipe Bordon,,filipe-bordon,F. Bordon,D,33,2005-06-24T00:00:00+00:00,193,,Right,Brazil,BR,BRA,730000,1845936000
2699,Lazio,lazio,Lazio,LAZ,Italy,IT,ITA,2030204,Ricardo Bordon,,,ricardo-bordon,R. Bordon,D,33,2006-11-02T00:00:00+00:00,194,,Right,Brazil,BR,BRA,205000,
2699,Lazio,lazio,Lazio,LAZ,Italy,IT,ITA,913762,Christos Mandas,Christos,Mandas,christos-mandas,C. Mandas,G,35,2001-09-17T00:00:00+00:00,189,75,Right,Greece,GR,GRC,8199999,1877472000
2699,Lazio,lazio,Lazio,LAZ,Italy,IT,ITA,1518983,Edoardo Motta,Edoardo Motta,,edoardo-motta,E. Motta,G,40,2005-01-13T00:00:00+00:00,194,,Right,Italy,IT,ITA,8300000,1909008000
2699,Lazio,lazio,Lazio,LAZ,Italy,IT,ITA,984095,Alessio Furlanetto,,,alessio-furlanetto,A. Furlanetto,G,55,2002-02-07T00:00:00+00:00,191,,Right,Italy,IT,ITA,365000,1845936000
2699,Lazio,lazio,Lazio,LAZ,Italy,IT,ITA,1472205,Davide Renzetti,Davide,Renzetti,davide-renzetti,D. Renzetti,G,47,2006-06-09T00:00:00+00:00,194,,Right,Italy,IT,ITA,140000,1814313600
2689,Lecce,lecce,Lecce,LEC,Italy,IT,ITA,1029748,Nikola Štulić,,,nikola-stulic,N. Štulić,F,9,2001-09-08T00:00:00+00:00,188,,Right,Serbia,RS,SRB,3200000,1877472000
2689,Lecce,lecce,Lecce,LEC,Italy,IT,ITA,877979,Willem Geubbels,Willem,Geubbels,willem-geubbels,W. Geubbels,F,69,2001-08-16T00:00:00+00:00,185,72,Right,France,FR,FRA,5500000,1909008000
2689,Lecce,lecce,Lecce,LEC,Italy,IT,ITA,984998,Santiago Pierotti,Santiago,Pierotti,santiago-pierotti,S. Pierotti,F,50,2001-04-03T00:00:00+00:00,189,,Right,Argentina,AR,ARG,4200000,1814313600
2689,Lecce,lecce,Lecce,LEC,Italy,IT,ITA,978327,N'Dri Konan,N'Dri,Konan,ndri-konan,N. Konan,F,11,2000-10-27T00:00:00+00:00,174,,Left,Niger,NE,NER,1500000,1814313600
2689,Lecce,lecce,Lecce,LEC,Italy,IT,ITA,1157829,Amar Fatah,,,amar-ahmed,A. Ahmed,F,7,2004-02-19T00:00:00+00:00,180,,Right,Sweden,SE,SWE,855000,1877472000
2689,Lecce,lecce,Lecce,LEC,Italy,IT,ITA,1417383,Paco Esteban,,,paco-esteban,P. Esteban,F,22,2006-05-02T00:00:00+00:00,185,,Right,Spain,ES,ESP,465000,1845936000
2689,Lecce,lecce,Lecce,LEC,Italy,IT,ITA,1516067,Miloš Jović,Miloš Jović,,milos-jovic,M. Jović,F,9,2006-05-22T00:00:00+00:00,191,,Right,Serbia,RS,SRB,745000,1877472000
2689,Lecce,lecce,Lecce,LEC,Italy,IT,ITA,804621,Lassana Coulibaly,Lassana,Coulibaly,lassana-coulibaly,L. Coulibaly,M,29,1996-04-10T00:00:00+00:00,183,,Right,Mali,ML,MLI,2300000,1814313600
2689,Lecce,lecce,Lecce,LEC,Italy,IT,ITA,877371,Ivan Ilić,Ivan,Ilic,ivan-ilic,I. Ilić,M,20,2001-03-17T00:00:00+00:00,185,,Left,Serbia,RS,SRB,6800000,1814313600
2689,Lecce,lecce,Lecce,LEC,Italy,IT,ITA,849274,Youssef Maleh,Youssef,Maleh,youssef-maleh,Y. Maleh,M,14,1998-08-22T00:00:00+00:00,177,70,Left,Morocco,MA,MAR,1600000,1814313600
2689,Lecce,lecce,Lecce,LEC,Italy,IT,ITA,1142149,Medon Berisha,Medon,Berisha,medon-berisha,M. Berisha,M,10,2003-10-21T00:00:00+00:00,186,,Right,Albania,AL,ALB,4900000,1845936000
2689,Lecce,lecce,Lecce,LEC,Italy,IT,ITA,1175854,Oumar Ngom,Oumar,Ngom,oumar-ngom,O. Ngom,M,79,2004-03-09T00:00:00+00:00,184,,Right,Mauritania,MR,MRT,2700000,1877472000
2689,Lecce,lecce,Lecce,LEC,Italy,IT,ITA,1019125,Omri Gandelman,Omri Gandelman,,omri-gandelman,O. Gandelman,M,16,2000-05-16T00:00:00+00:00,188,,Left,Israel,IL,ISR,2800000,1877472000
2689,Lecce,lecce,Lecce,LEC,Italy,IT,ITA,1127590,Mohamed Kaba,,,mohamed-kaba,M. Kaba,M,77,2001-10-27T00:00:00+00:00,185,,Right,Guinea,GN,GIN,2400000,1814313600
2689,Lecce,lecce,Lecce,LEC,Italy,IT,ITA,1130662,Sadik Fofana,,,sadik-fofana,S. Fofana,M,8,2003-05-15T00:00:00+00:00,192,,Right,Togo,TG,TGO,760000,1877472000
2689,Lecce,lecce,Lecce,LEC,Italy,IT,ITA,1065154,Joël Monteiro,,,joel-monteiro,J. Monteiro,M,99,1999-08-05T00:00:00+00:00,192,,Right,Switzerland,CH,CHE,3400000,1877472000
2689,Lecce,lecce,Lecce,LEC,Italy,IT,ITA,1403088,Olaf Gorter,Olaf Gorter,,olaf-gorter,O. Gorter,M,28,2005-01-31T00:00:00+00:00,182,,Right,Netherlands,NL,NLD,190000,1877472000
2689,Lecce,lecce,Lecce,LEC,Italy,IT,ITA,1149067,Niko Kovač,Niko Kovač,,niko-kovac,N. Kovač,M,80,2005-04-08T00:00:00+00:00,184,,Both,Bosnia & Herzegovina,BA,BIH,325000,1877472000
2689,Lecce,lecce,Lecce,LEC,Italy,IT,ITA,1913702,Hjalte Lærke,Hjalte,Lærke,hjalte-laerke,H. Lærke,M,34,2007-04-23T00:00:00+00:00,187,,Left,Denmark,DK,DNK,865000,
2689,Lecce,lecce,Lecce,LEC,Italy,IT,ITA,1402744,Marlon Ubani,Marlon Ubani,,marlon-ubani,M. Ubani,M,,2005-03-26T00:00:00+00:00,186,,Right,Germany,DE,DEU,190000,1877472000
2689,Lecce,lecce,Lecce,LEC,Italy,IT,ITA,1651825,Tiago Gabriel,Tiago Gabriel,,tiago-gabriel,T. Gabriel,D,44,2004-12-26T00:00:00+00:00,194,,Right,Portugal,PT,PRT,14600000,1814313600
2689,Lecce,lecce,Lecce,LEC,Italy,IT,ITA,1090374,Kialonda Gaspar,Kialonda Gaspar,,kialonda-gaspar,K. Gaspar,D,4,1997-09-27T00:00:00+00:00,193,,Right,Angola,AO,AGO,2900000,1814313600
2689,Lecce,lecce,Lecce,LEC,Italy,IT,ITA,945616,Antonino Gallo,,,antonino-gallo,A. Gallo,D,25,2000-01-05T00:00:00+00:00,183,,Left,Italy,IT,ITA,3200000,1814313600
2689,Lecce,lecce,Lecce,LEC,Italy,IT,ITA,1002045,Danilo Veiga,,,danilo-veiga,D. Veiga,D,17,2002-09-25T00:00:00+00:00,183,,Right,Portugal,PT,PRT,2400000,1814313600
2689,Lecce,lecce,Lecce,LEC,Italy,IT,ITA,1014287,Jamil Siebert,,,jamil-siebert,J. Siebert,D,5,2002-04-02T00:00:00+00:00,193,,Right,Germany,DE,DEU,4300000,1845936000
2689,Lecce,lecce,Lecce,LEC,Italy,IT,ITA,1397347,Ali Dembélé,,,dembele-ali,A. Dembélé,D,2,2004-01-05T00:00:00+00:00,185,,Right,France,FR,FRA,1300000,1814313600
2689,Lecce,lecce,Lecce,LEC,Italy,IT,ITA,981470,Corrie Ndaba,Corrie,Ndaba,corrie-ndaba,C. Ndaba,D,3,1999-12-25T00:00:00+00:00,188,,Left,Ireland,IE,IRL,955000,1845936000
2689,Lecce,lecce,Lecce,LEC,Italy,IT,ITA,1393594,Sebastian Esposito,Sebastian Esposito,,esposito-sebastian,S. Esposito,D,15,2005-04-21T00:00:00+00:00,188,81,Right,Australia,AU,AUS,580000,
2689,Lecce,lecce,Lecce,LEC,Italy,IT,ITA,1392819,Gaby Jean,Gaby Jean,,gaby-jean,G. Jean,D,18,2000-02-19T00:00:00+00:00,191,75,Left,France,FR,FRA,1400000,1814313600
2689,Lecce,lecce,Lecce,LEC,Italy,IT,ITA,1517676,Vernon Addo,Vernon,Addo,vernon-addo,V. Addo,D,42,2005-05-24T00:00:00+00:00,188,,Left,Netherlands,NL,NLD,170000,1845936000
2689,Lecce,lecce,Lecce,LEC,Italy,IT,ITA,1609269,Elijah Scott,Elijah Scott,,elijah-scott,E. Scott,D,31,2006-02-03T00:00:00+00:00,177,,Right,USA,US,USA,375000,1814313600
2689,Lecce,lecce,Lecce,LEC,Italy,IT,ITA,256667,Wladimiro Falcone,Wladimiro,Falcone,wladimiro-falcone,W. Falcone,G,30,1995-04-12T00:00:00+00:00,195,85,Right,Italy,IT,ITA,3600000,1845936000
2689,Lecce,lecce,Lecce,LEC,Italy,IT,ITA,1000347,Alexandru Borbei,,,alexandru-borbei,A. Borbei,G,,2003-06-27T00:00:00+00:00,183,,Right,Romania,RO,ROU,145000,1845936000
2689,Lecce,lecce,Lecce,LEC,Italy,IT,ITA,1587294,Plamen Penev,Plamen,Penev,plamen-penev,P. Penev,G,33,2008-04-22T00:00:00+00:00,191,,Left,Bulgaria,BG,BGR,,1814313600
2689,Lecce,lecce,Lecce,LEC,Italy,IT,ITA,307036,Marco Bleve,Marco,Bleve,marco-bleve,M. Bleve,G,1,1995-10-18T00:00:00+00:00,184,74,Right,Italy,IT,ITA,325000,1845936000
2689,Lecce,lecce,Lecce,LEC,Italy,IT,ITA,1910544,Samba Sakho Dramé,Samba Sakho Dramé,,samba-sakho-drame,S. S. Dramé,G,,2005-05-23T00:00:00+00:00,190,,Right,Mauritania,MR,MRT,48000,
2729,Monza,monza,Monza,MON,Italy,IT,ITA,1003011,Exequiel Zeballos,Exequiel,Zeballos,exequiel-zeballos,E. Zeballos,F,7,2002-04-24T00:00:00+00:00,174,,Right,Argentina,AR,ARG,7200000,1909008000
2729,Monza,monza,Monza,MON,Italy,IT,ITA,795044,Patrick Cutrone,Patrick,Cutrone,patrick-cutrone,P. Cutrone,F,10,1998-01-03T00:00:00+00:00,183,,Right,Italy,IT,ITA,3800000,1877472000
2729,Monza,monza,Monza,MON,Italy,IT,ITA,317699,Keita Baldé,,,keita-balde,K. Baldé,F,17,1995-03-08T00:00:00+00:00,178,,Right,Senegal,SN,SEN,860000,1814313600
2729,Monza,monza,Monza,MON,Italy,IT,ITA,877037,Cyril Ngonge,Cyril,Ngonge,cyril-ngonge,C. Ngonge,F,16,2000-05-26T00:00:00+00:00,179,,Left,Belgium,BE,BEL,6800000,1814313600
2729,Monza,monza,Monza,MON,Italy,IT,ITA,1146305,Gustavo Varela,Gustavo,Varela,gustavo-varela,G. Varela,F,9,2005-01-30T00:00:00+00:00,184,,Right,Portugal,PT,PRT,3200000,1909008000
2729,Monza,monza,Monza,MON,Italy,IT,ITA,928122,Andrea Colpani,,,colpani-andrea,A. Colpani,F,28,1999-05-11T00:00:00+00:00,186,,Left,Italy,IT,ITA,3800000,1845936000
2729,Monza,monza,Monza,MON,Italy,IT,ITA,1153434,Omari Forson,,,forson-omari,O. Forson,F,11,2004-07-20T00:00:00+00:00,179,,Left,England,EN,ENG,1100000,1845936000
2729,Monza,monza,Monza,MON,Italy,IT,ITA,838907,Dany Mota,Dany,Mota,dany-mota,D. Mota,F,47,1998-05-02T00:00:00+00:00,180,,Right,Portugal,PT,PRT,3100000,1814313600
2729,Monza,monza,Monza,MON,Italy,IT,ITA,1440673,Jay Robinson,Jay Robinson,,jay-robinson,J. Robinson,F,46,2007-03-14T00:00:00+00:00,176,,Right,England,EN,ENG,8199999,1814313600
2729,Monza,monza,Monza,MON,Italy,IT,ITA,346676,Patrick Ciurria,Patrick,Ciurria,patrick-ciurria,P. Ciurria,F,26,1995-02-09T00:00:00+00:00,178,,Both,Italy,IT,ITA,1000000,1845936000
2729,Monza,monza,Monza,MON,Italy,IT,ITA,1525367,Ebenezer Akinsanmiro,,,ebenezer-akinsanmiro,E. Akinsanmiro,M,14,2004-11-25T00:00:00+00:00,184,,Right,Nigeria,NG,NGA,6700000,1814313600
2729,Monza,monza,Monza,MON,Italy,IT,ITA,869795,Michael Folorunsho,,,michael-folorunsho,M. Folorunsho,M,90,1998-02-07T00:00:00+00:00,190,,Right,Italy,IT,ITA,4600000,1814313600
2729,Monza,monza,Monza,MON,Italy,IT,ITA,350210,Matteo Pessina,Matteo,Pessina,matteo-pessina,M. Pessina,M,32,1997-04-21T00:00:00+00:00,183,,Left,Italy,IT,ITA,4800000,1814313600
2729,Monza,monza,Monza,MON,Italy,IT,ITA,826326,Idrissa Touré,Idrissa,Toure,idrissa-toure,I. Touré,M,27,1998-04-29T00:00:00+00:00,187,69,Right,Germany,DE,DEU,4900000,1845936000
2729,Monza,monza,Monza,MON,Italy,IT,ITA,856729,Samuele Birindelli,Samuele,Birindelli,samuele-birindelli,S. Birindelli,M,19,1999-07-19T00:00:00+00:00,175,,Right,Italy,IT,ITA,2400000,1845936000
2729,Monza,monza,Monza,MON,Italy,IT,ITA,1992105,Mathis Mout,Mathis,Mout,mathis-mout,M. Mout,M,80,2007-08-06T00:00:00+00:00,181,,Left,Italy,IT,ITA,1500000,
2729,Monza,monza,Monza,MON,Italy,IT,ITA,1547260,Kevin Martins,,,kevin-martins,K. Martins,M,70,2005-01-31T00:00:00+00:00,180,,Right,Italy,IT,ITA,390000,1845936000
2729,Monza,monza,Monza,MON,Italy,IT,ITA,1424560,Leonardo Colombo,Leonardo Colombo,,colombo-leonardo,L. Colombo,M,21,2005-06-04T00:00:00+00:00,175,,Right,Italy,IT,ITA,4200000,1877472000
2729,Monza,monza,Monza,MON,Italy,IT,ITA,1596636,Manga Foe Ondoa,Manga Foe Ondoa,,foe-ondoa-manga,M. F. Ondoa,M,8,2005-12-12T00:00:00+00:00,183,,Right,France,FR,FRA,680000,1909008000
2729,Monza,monza,Monza,MON,France,FR,FRA,1912462,Solomon Loubao,Solomon,Loubao,solomon-loubao,S. Loubao,M,22,2005-12-03T00:00:00+00:00,181,,Right,France,FR,FRA,,1814313600
2729,Monza,monza,Monza,MON,Italy,IT,ITA,1499991,Jan Ziółkowski,Jan Ziólkowski,,jan-ziolkowski,J. Ziółkowski,D,4,2005-06-05T00:00:00+00:00,194,,Right,Poland,PL,POL,11600000,1814313600
2729,Monza,monza,Monza,MON,Italy,IT,ITA,1126175,Saba Goglichidze,,,saba-goglichidze,S. Goglichidze,D,2,2004-06-25T00:00:00+00:00,192,,Right,Georgia,GE,GEO,3400000,1814313600
2729,Monza,monza,Monza,MON,Italy,IT,ITA,878496,Ricardo Mangas,Ricardo,Mangas,ricardo-mangas,R. Mangas,D,7,1998-03-18T00:00:00+00:00,179,61,Left,Portugal,PT,PRT,1900000,1814313600
2729,Monza,monza,Monza,MON,Italy,IT,ITA,827640,Valentin Antov,Valentin,Antov,valentin-antov,V. Antov,D,6,2000-11-09T00:00:00+00:00,185,,Right,Bulgaria,BG,BGR,1600000,1814313600
2729,Monza,monza,Monza,MON,Italy,IT,ITA,1397353,Adam Bakoune,,,adam-bakoune,A. Bakoune,D,24,2006-02-06T00:00:00+00:00,195,,Right,Italy,IT,ITA,1200000,1814313600
2729,Monza,monza,Monza,MON,Italy,IT,ITA,1526933,Eddy Kouadio,Eddy Kouadio,,eddy-kouadio,E. Kouadio,D,60,2006-05-07T00:00:00+00:00,191,,Right,Italy,IT,ITA,2700000,1814313600
2729,Monza,monza,Monza,MON,Italy,IT,ITA,1479355,Yvan Maye,,,yvan-maye,Y. Maye,D,5,2006-03-21T00:00:00+00:00,190,,Left,France,FR,FRA,540000,1814313600
2729,Monza,monza,Monza,MON,Italy,IT,ITA,970978,Andrea Carboni,,,andrea-carboni,A. Carboni,D,44,2001-02-04T00:00:00+00:00,185,,Left,Italy,IT,ITA,2800000,1877472000
2729,Monza,monza,Monza,MON,Italy,IT,ITA,972567,Lorenzo Lucchesi,,,lucchesi-lorenzo,L. Lucchesi,D,3,2003-05-09T00:00:00+00:00,190,,Left,Italy,IT,ITA,3200000,1909008000
2729,Monza,monza,Monza,MON,Italy,IT,ITA,1014583,Noel Törnqvist,,,noel-tornqvist,N. Törnqvist,G,1,2002-02-01T00:00:00+00:00,195,,Left,Sweden,SE,SWE,1900000,1814313600
2729,Monza,monza,Monza,MON,Italy,IT,ITA,861818,Demba Thiam,Demba,Thiam,demba-thiam,D. Thiam,G,20,1998-03-09T00:00:00+00:00,202,,Right,Senegal,SN,SEN,1900000,1845936000
2729,Monza,monza,Monza,MON,Italy,IT,ITA,1405684,Aljaz Strajnar,Aljaz Strajnar,,aljaz-strajnar,A. Strajnar,G,43,2007-08-16T00:00:00+00:00,185,,Right,Slovenia,SI,SVN,220000,1877472000
2690,Parma,parma,Parma,PAR,Italy,IT,ITA,1118606,David Romero,,,romero-jose-david,D. Romero,F,9,2003-03-25T00:00:00+00:00,179,,Right,Argentina,AR,ARG,4900000,1940544000
2690,Parma,parma,Parma,PAR,Italy,IT,ITA,1092081,Matija Frigan,Matija,Frigan,matija-frigan,M. Frigan,F,20,2003-02-11T00:00:00+00:00,184,,Left,Croatia,HR,HRV,7600000,1909008000
2690,Parma,parma,Parma,PAR,Italy,IT,ITA,1486729,Nesta Elphege,Nesta Elphege,,elphege-nesta,N. Elphege,F,23,2001-01-09T00:00:00+00:00,196,,Left,France,FR,FRA,3700000,1909008000
2690,Parma,parma,Parma,PAR,Italy,IT,ITA,1542807,Ousmane Diallo,Ousmane Diallo,,ousmane-diallo,O. Diallo,F,7,2007-06-12T00:00:00+00:00,181,,Right,Spain,ES,ESP,1600000,1940544000
2690,Parma,parma,Parma,PAR,Italy,IT,ITA,2082104,Thomas de Martis,Thomás De Martis,,thomas-de-martis,T. D. Martis,F,25,2008-06-26T00:00:00+00:00,181,,Right,Argentina,AR,ARG,135000,1814313600
2690,Parma,parma,Parma,PAR,Italy,IT,ITA,1912962,Simone Lontani,,,simone-lontani,S. Lontani,F,76,2008-01-18T00:00:00+00:00,181,,Right,Italy,IT,ITA,2400000,1909008000
2690,Parma,parma,Parma,PAR,Italy,IT,ITA,856065,Pontus Almqvist,Pontus,Almqvist,pontus-almqvist,P. Almqvist,F,11,1999-07-10T00:00:00+00:00,183,69,Left,Sweden,SE,SWE,1700000,1814313600
2690,Parma,parma,Parma,PAR,Italy,IT,ITA,982615,El Bilal Touré,El Bilal,Toure,el-bilal-toure,E. B. Touré,M,19,2001-10-03T00:00:00+00:00,185,,Both,Mali,ML,MLI,11700000,1814313600
2690,Parma,parma,Parma,PAR,Italy,IT,ITA,1459459,Benjamin Cremaschi,Benjamin Cremaschi,,cremaschi-benjamin,B. Cremaschi,M,8,2005-03-02T00:00:00+00:00,180,,Right,USA,US,USA,4300000,1940544000
2690,Parma,parma,Parma,PAR,Italy,IT,ITA,934384,Adrián Bernabé,Adrian,Bernabe,adrian-bernabe,A. Bernabé,M,10,2001-05-26T00:00:00+00:00,170,,Left,Spain,ES,ESP,14100000,1814313600
2690,Parma,parma,Parma,PAR,Italy,IT,ITA,1110136,Mandela Keita,Mandela Keita,,mandela-keita,M. Keita,M,16,2002-05-10T00:00:00+00:00,180,,Right,Belgium,BE,BEL,18100000,1877472000
2690,Parma,parma,Parma,PAR,Italy,IT,ITA,876259,Hans Nicolussi Caviglia,Hans Nicolussi,Caviglia,hans-nicolussi-caviglia,H. Caviglia,M,41,2000-06-18T00:00:00+00:00,184,,Right,Italy,IT,ITA,6200000,1909008000
2690,Parma,parma,Parma,PAR,Italy,IT,ITA,1067204,Giovanni Fabbian,,,giovanni-fabbian,G. Fabbian,M,80,2003-01-14T00:00:00+00:00,186,,Right,Italy,IT,ITA,9300000,1814313600
2690,Parma,parma,Parma,PAR,Italy,IT,ITA,1086199,Franco Carboni,Franco,Carboni,franco-carboni,F. Carboni,M,29,2003-04-04T00:00:00+00:00,190,,Left,Argentina,AR,ARG,945000,1909008000
2690,Parma,parma,Parma,PAR,Italy,IT,ITA,1201388,Christian Ordoñez,Christian Ordoñez,,christian-ordonez,C. Ordoñez,M,32,2004-06-24T00:00:00+00:00,177,67,Right,Argentina,AR,ARG,7100000,1909008000
2690,Parma,parma,Parma,PAR,Italy,IT,ITA,891346,Emanuele Valeri,,,emanuele-valeri,E. Valeri,M,14,1998-12-07T00:00:00+00:00,180,,Left,Italy,IT,ITA,2900000,1845936000
2690,Parma,parma,Parma,PAR,Italy,IT,ITA,794412,Vincent Sierro,Vincent,Sierro,vincent-sierro,V. Sierro,M,4,1995-10-08T00:00:00+00:00,184,75,Right,Switzerland,CH,CHE,3200000,1814313600
2690,Parma,parma,Parma,PAR,Italy,IT,ITA,1542692,Abdou-Salam Konate,Abdou-Salam Konaté,,abdou-salam-konate,A. Konaté,M,47,2006-11-25T00:00:00+00:00,189,,Right,Senegal,SN,SEN,195000,1877472000
2690,Parma,parma,Parma,PAR,Italy,IT,ITA,604232,Diego Carlos,Diego,Carlos,diego-carlos,D. Carlos,D,34,1993-03-15T00:00:00+00:00,185,79,Right,Brazil,BR,BRA,5300000,1845936000
2690,Parma,parma,Parma,PAR,Italy,IT,ITA,1516324,Mariano Troilo,Mariano Troilo,,mariano-troilo,M. Troilo,D,37,2003-06-22T00:00:00+00:00,194,,Both,Argentina,AR,ARG,9100000,1909008000
2690,Parma,parma,Parma,PAR,Italy,IT,ITA,984527,Abdoulaye Ndiaye,Abdoulaye,Ndiaye,abdoulaye-ndiaye,A. Ndiaye,D,3,2002-04-10T00:00:00+00:00,195,,Left,Senegal,SN,SEN,5800000,1877472000
2690,Parma,parma,Parma,PAR,Italy,IT,ITA,928103,Enrico Delprato,,,enrico-del-prato,E. Delprato,D,15,1999-11-10T00:00:00+00:00,183,74,Right,Italy,IT,ITA,6600000,1814313600
2690,Parma,parma,Parma,PAR,Italy,IT,ITA,958517,Lautaro Valenti,,,lautaro-valenti,L. Valenti,D,5,1999-01-14T00:00:00+00:00,188,,Left,Argentina,AR,ARG,2200000,1814313600
2690,Parma,parma,Parma,PAR,Italy,IT,ITA,1963449,Sascha Britschgi,,,sascha-britschgi,S. Britschgi,D,27,2006-08-27T00:00:00+00:00,182,,Right,Switzerland,CH,CHE,9300000,1909008000
2690,Parma,parma,Parma,PAR,Italy,IT,ITA,1584940,Dominik Drobnic ,Dominik Drobnic ,,dominik-drobnic,D. Drobnic ,D,72,2007-04-05T00:00:00+00:00,194,,Left,Slovenia,SI,SVN,880000,
2690,Parma,parma,Parma,PAR,Italy,IT,ITA,1100418,Giovanni Daffara,,,daffara-giovanni,G. Daffara,G,30,2004-12-05T00:00:00+00:00,194,,Right,Italy,IT,ITA,3600000,1940544000
2690,Parma,parma,Parma,PAR,Italy,IT,ITA,990411,Edoardo Corvi,,,edoardo-corvi,E. Corvi,G,40,2001-03-23T00:00:00+00:00,183,,Right,Italy,IT,ITA,1500000,1877472000
2690,Parma,parma,Parma,PAR,Italy,IT,ITA,865538,Simone Ghidotti,Simone,Ghidotti,simone-ghidotti,S. Ghidotti,G,22,2000-03-19T00:00:00+00:00,193,,Right,Italy,IT,ITA,390000,
2714,SSC Napoli,napoli,Napoli,NAP,Italy,IT,ITA,1086417,Rasmus Højlund,Rasmus,Hojlund,rasmus-hojlund,R. Højlund,F,19,2003-02-04T00:00:00+00:00,191,,Left,Denmark,DK,DNK,66000000,1909008000
2714,SSC Napoli,napoli,Napoli,NAP,Italy,IT,ITA,875136,Noa Lang,Noa,Lang,noa-lang,N. Lang,F,70,1999-06-17T00:00:00+00:00,173,,Right,Netherlands,NL,NLD,24000000,1909008000
2714,SSC Napoli,napoli,Napoli,NAP,Italy,IT,ITA,850993,David Neres,,,david-neres,D. Neres,F,7,1997-03-03T00:00:00+00:00,175,66,Left,Brazil,BR,BRA,22000000,1845936000
2714,SSC Napoli,napoli,Napoli,NAP,Italy,IT,ITA,1122835,Alisson Santos,Alisson Santos,,alisson-santos,A. Santos,F,27,2002-09-27T00:00:00+00:00,177,,Right,Brazil,BR,BRA,29000000,1909008000
2714,SSC Napoli,napoli,Napoli,NAP,Italy,IT,ITA,1170773,Giovane,,,giovane,Giovane,F,23,2003-11-24T00:00:00+00:00,184,,Left,Brazil,BR,BRA,12600000,1909008000
2714,SSC Napoli,napoli,Napoli,NAP,Italy,IT,ITA,962364,Lorenzo Lucca,,,lorenzo-lucca,L. Lucca,F,20,2000-09-10T00:00:00+00:00,201,,Right,Italy,IT,ITA,22000000,1909008000
2714,SSC Napoli,napoli,Napoli,NAP,Italy,IT,ITA,1069560,Antonio Vergara,,,antonio-vergara,A. Vergara,F,26,2003-01-16T00:00:00+00:00,182,,Left,Italy,IT,ITA,13600000,1940544000
2714,SSC Napoli,napoli,Napoli,NAP,Italy,IT,ITA,70996,Kevin De Bruyne,,,kevin-de-bruyne,K. De Bruyne,M,11,1991-06-28T00:00:00+00:00,181,68,Right,Belgium,BE,BEL,8300000,1814313600
2714,SSC Napoli,napoli,Napoli,NAP,Italy,IT,ITA,879346,Scott McTominay,Scott,McTominay,scott-mctominay,S. McTominay,M,8,1996-12-08T00:00:00+00:00,193,88,Right,Scotland,SX,SCO,38000000,1845936000
2714,SSC Napoli,napoli,Napoli,NAP,Italy,IT,ITA,787941,Frank Anguissa,Frank,Anguissa,frank-anguissa,F. Anguissa,M,99,1995-11-16T00:00:00+00:00,184,78,Right,Cameroon,CM,CMR,14600000,1814313600
2714,SSC Napoli,napoli,Napoli,NAP,Italy,IT,ITA,235672,Matteo Politano,Matteo,Politano,matteo-politano,M. Politano,M,21,1993-08-03T00:00:00+00:00,171,68,Left,Italy,IT,ITA,5300000,1845936000
2714,SSC Napoli,napoli,Napoli,NAP,Italy,IT,ITA,150383,Stanislav Lobotka,Stanislav,Lobotka,stanislav-lobotka,S. Lobotka,M,68,1994-11-25T00:00:00+00:00,170,64,Both,Slovakia,SK,SVK,10300000,1814313600
2714,SSC Napoli,napoli,Napoli,NAP,Italy,IT,ITA,907668,Billy Gilmour,Billy,Gilmour,billy-gilmour,B. Gilmour,M,6,2001-06-11T00:00:00+00:00,169,,Right,Scotland,SX,SCO,18800000,1877472000
2714,SSC Napoli,napoli,Napoli,NAP,Italy,IT,ITA,1100544,Costantino Favasuli,,,costantino-favasuli,C. Favasuli,M,2,2004-04-26T00:00:00+00:00,178,,Right,Italy,IT,ITA,4200000,1814313600
2714,SSC Napoli,napoli,Napoli,NAP,Italy,IT,ITA,904827,Benoît Badiashile,Benoit,Badiashile,benoit-badiashile,B. Badiashile,D,5,2001-03-26T00:00:00+00:00,194,,Left,France,FR,FRA,14500000,1814313600
2714,SSC Napoli,napoli,Napoli,NAP,Italy,IT,ITA,153257,Giovanni Di Lorenzo,Giovanni,Di Lorenzo,giovanni-di-lorenzo,G. Di Lorenzo,D,22,1993-08-04T00:00:00+00:00,182,,Right,Italy,IT,ITA,6800000,1845936000
2714,SSC Napoli,napoli,Napoli,NAP,Italy,IT,ITA,870263,Alessandro Buongiorno,Alessandro,Buongiorno,alessandro-buongiorno,A. Buongiorno,D,4,1999-06-06T00:00:00+00:00,191,82,Left,Italy,IT,ITA,32000000,1877472000
2714,SSC Napoli,napoli,Napoli,NAP,Italy,IT,ITA,332155,Amir Rrahmani,Amir,Rrahmani,amir-rrahmani,A. Rrahmani,D,13,1994-02-24T00:00:00+00:00,190,,Both,Kosovo,XK,XKX,10600000,1814313600
2714,SSC Napoli,napoli,Napoli,NAP,Italy,IT,ITA,148899,Leonardo Spinazzola,Leonardo,Spinazzola,leonardo-spinazzola,L. Spinazzola,D,37,1993-03-25T00:00:00+00:00,185,73,Right,Italy,IT,ITA,3400000,1845936000
2714,SSC Napoli,napoli,Napoli,NAP,Italy,IT,ITA,805078,Mathías Olivera,Mathias,Olivera,mathias-olivera,M. Olivera,D,17,1997-10-31T00:00:00+00:00,184,78,Left,Uruguay,UY,URY,14500000,1909008000
2714,SSC Napoli,napoli,Napoli,NAP,Italy,IT,ITA,984623,Rafa Marín,,,rafa-marin,R. Marín,D,16,2002-05-19T00:00:00+00:00,190,,Right,Spain,ES,ESP,11600000,1877472000
2714,SSC Napoli,napoli,Napoli,NAP,Italy,IT,ITA,898815,Sam Beukema,Sam,Beukema,sam-beukema,S. Beukema,D,31,1998-11-17T00:00:00+00:00,188,,Right,Netherlands,NL,NLD,24000000,1909008000
2714,SSC Napoli,napoli,Napoli,NAP,Italy,IT,ITA,1165371,Luca Marianucci,,,marianucci-luca,L. Marianucci,D,35,2004-07-23T00:00:00+00:00,186,,Right,Italy,IT,ITA,7500000,1909008000
2714,SSC Napoli,napoli,Napoli,NAP,Italy,IT,ITA,356160,Vanja Milinković-Savić,,,vanja-milinkovic-savic,V. Milinković-Savić,G,32,1997-02-20T00:00:00+00:00,202,92,Right,Serbia,RS,SRB,18600000,1909008000
2714,SSC Napoli,napoli,Napoli,NAP,Italy,IT,ITA,592794,Alex Meret,Alex,Meret,alex-meret,A. Meret,G,1,1997-03-22T00:00:00+00:00,190,77,Left,Italy,IT,ITA,7200000,1814313600
2714,SSC Napoli,napoli,Napoli,NAP,Italy,IT,ITA,352728,Nikita Contini,Nikita,Contini,nikita-contini,N. Contini,G,14,1996-05-21T00:00:00+00:00,190,82,Right,Italy,IT,ITA,390000,1940544000
2793,Sassuolo,sassuolo,Sassuolo,SAS,Italy,IT,ITA,253367,Domenico Berardi,Domenico,Berardi,domenico-berardi,D. Berardi,F,10,1994-08-01T00:00:00+00:00,185,72,Left,Italy,IT,ITA,7600000,1877472000
2793,Sassuolo,sassuolo,Sassuolo,SAS,Italy,IT,ITA,965008,Sebastiano Esposito,Sebastiano,Esposito,sebastiano-esposito,S. Esposito,F,94,2002-07-02T00:00:00+00:00,186,,Right,Italy,IT,ITA,13700000,1814313600
2793,Sassuolo,sassuolo,Sassuolo,SAS,Italy,IT,ITA,932643,Armand Laurienté,Armand,Lauriente,armand-lauriente,A. Laurienté,F,45,1998-12-04T00:00:00+00:00,177,,Right,France,FR,FRA,19900000,1877472000
2793,Sassuolo,sassuolo,Sassuolo,SAS,Italy,IT,ITA,1155625,Cristian Volpato,Cristian,Volpato,cristian-volpato,C. Volpato,F,7,2003-11-15T00:00:00+00:00,187,,Left,Australia,AU,AUS,9700000,1845936000
2793,Sassuolo,sassuolo,Sassuolo,SAS,Italy,IT,ITA,983601,Kieron Bowie,,,kieron-bowie,K. Bowie,F,9,2002-09-21T00:00:00+00:00,190,,Left,Scotland,SX,SCO,7500000,1814313600
2793,Sassuolo,sassuolo,Sassuolo,SAS,Italy,IT,ITA,1957716,Gabriel Kulla,Gabriel Kulla,,gabriel-kulla,G. Kulla,F,14,2008-02-20T00:00:00+00:00,180,,Right,Albania,AL,ALB,1500000,1909008000
2793,Sassuolo,sassuolo,Sassuolo,SAS,Italy,IT,ITA,829581,Nicholas Pierini,Nicholas,Pierini,nicholas-pierini,N. Pierini,F,77,1998-08-06T00:00:00+00:00,176,,Right,Italy,IT,ITA,1700000,1814313600
2793,Sassuolo,sassuolo,Sassuolo,SAS,Italy,IT,ITA,1034241,Laurs Skjellerup,Laurs,Skjellerup,laurs-skjellerup,L. Skjellerup,F,19,2002-08-12T00:00:00+00:00,192,,Right,Denmark,DK,DNK,1200000,1877472000
2793,Sassuolo,sassuolo,Sassuolo,SAS,Italy,IT,ITA,1134351,Ismael Koné,Ismael Koné,,ismael-kone,I. Koné,M,90,2002-06-06T00:00:00+00:00,188,76,Right,Canada,CA,CAN,26000000,1909008000
2793,Sassuolo,sassuolo,Sassuolo,SAS,Italy,IT,ITA,1149288,Vasilije Adžić,Vasilije,Adžić,vasilije-adzic,V. Adžić,M,17,2006-05-12T00:00:00+00:00,187,,Right,Montenegro,ME,MNE,8800000,1814313600
2793,Sassuolo,sassuolo,Sassuolo,SAS,Italy,IT,ITA,44241,Nemanja Matić,,,nemanja-matic,N. Matić,M,18,1988-08-01T00:00:00+00:00,194,85,Left,Serbia,RS,SRB,1500000,1814313600
2793,Sassuolo,sassuolo,Sassuolo,SAS,Italy,IT,ITA,1162611,Benjamín Domínguez,Benjamín Domínguez,,benjamin-dominguez,B. Domínguez,M,25,2003-09-19T00:00:00+00:00,172,,Right,Argentina,AR,ARG,9400000,1814313600
2793,Sassuolo,sassuolo,Sassuolo,SAS,Italy,IT,ITA,1142692,Rafael Obrador,,,rafael-obrador,R. Obrador,M,33,2004-02-24T00:00:00+00:00,181,,Left,Spain,ES,ESP,5200000,1814313600
2793,Sassuolo,sassuolo,Sassuolo,SAS,Italy,IT,ITA,105905,Ibrahim Sulemana,Ibrahim,Sulemana,sulemana,I. Sulemana,M,6,2003-05-22T00:00:00+00:00,180,,Right,Ghana,GH,GHA,5800000,1814313600
2793,Sassuolo,sassuolo,Sassuolo,SAS,Italy,IT,ITA,924973,Kristian Thorstvedt,Kristian,Thorstvedt,kristian-thorstvedt,K. Thorstvedt,M,42,1999-03-13T00:00:00+00:00,187,79,Left,Norway,NO,NOR,12400000,1814313600
2793,Sassuolo,sassuolo,Sassuolo,SAS,Italy,IT,ITA,1823916,Darryl Bakola,Darryl Bakola,,darryl-bakola,D. Bakola,M,50,2007-11-30T00:00:00+00:00,178,70,Right,France,FR,FRA,8400000,1909008000
2793,Sassuolo,sassuolo,Sassuolo,SAS,Italy,IT,ITA,1154898,Luca Lipani,Luca Lipani,,luca-lipani,L. Lipani,M,35,2005-05-18T00:00:00+00:00,185,,Right,Italy,IT,ITA,7700000,1845936000
2793,Sassuolo,sassuolo,Sassuolo,SAS,Italy,IT,ITA,882592,Daniel Boloca,Daniel,Boloca,daniel-boloca,D. Boloca,M,11,1998-12-22T00:00:00+00:00,185,,Right,Italy,IT,ITA,3700000,1845936000
2793,Sassuolo,sassuolo,Sassuolo,SAS,Italy,IT,ITA,928879,Andrea Ghion,,,andrea-ghion,A. Ghion,M,8,2000-02-23T00:00:00+00:00,180,,Right,Italy,IT,ITA,830000,1877472000
2793,Sassuolo,sassuolo,Sassuolo,SAS,Italy,IT,ITA,933641,Jay Idzes,Jay,Idzes,jay-idzes,J. Idzes,D,21,2000-06-02T00:00:00+00:00,190,,Right,Indonesia,ID,IDN,14600000,1877472000
2793,Sassuolo,sassuolo,Sassuolo,SAS,Italy,IT,ITA,257091,Duje Ćaleta-Car,,,duje-caleta-car,D. Ćaleta-Car,D,15,1996-09-17T00:00:00+00:00,192,,Right,Croatia,HR,HRV,2900000,1845936000
2793,Sassuolo,sassuolo,Sassuolo,SAS,Italy,IT,ITA,886243,Sebastian Walukiewicz,Sebastian,Walukiewicz,sebastian-walukiewicz,S. Walukiewicz,D,6,2000-04-05T00:00:00+00:00,188,80,Right,Poland,PL,POL,4700000,
2793,Sassuolo,sassuolo,Sassuolo,SAS,Italy,IT,ITA,989186,Ignace Van der Brempt,,,ignace-van-der-brempt,I. Van der Brempt,D,20,2002-04-01T00:00:00+00:00,187,,Right,Belgium,BE,BEL,2700000,1814313600
2793,Sassuolo,sassuolo,Sassuolo,SAS,Italy,IT,ITA,989276,Josh Doig,,,josh-doig,J. Doig,D,3,2002-05-18T00:00:00+00:00,189,,Left,Scotland,SX,SCO,4400000,1845936000
2793,Sassuolo,sassuolo,Sassuolo,SAS,Italy,IT,ITA,1088899,Fedde Leysen,Fedde Leysen,,fedde-leysen,F. Leysen,D,16,2003-07-09T00:00:00+00:00,191,,Left,Belgium,BE,BEL,3800000,1814313600
2793,Sassuolo,sassuolo,Sassuolo,SAS,Italy,IT,ITA,892430,Fali Candé,Fali,Cande,fali-cande,F. Candé,D,5,1998-01-24T00:00:00+00:00,184,75,Left,Guinea-Bissau,GW,GNB,2800000,1877472000
2793,Sassuolo,sassuolo,Sassuolo,SAS,Italy,IT,ITA,1069028,Edoardo Pieragnolo,,,edoardo-pieragnolo,E. Pieragnolo,D,15,2003-01-03T00:00:00+00:00,184,,Left,Italy,IT,ITA,1900000,1877472000
2793,Sassuolo,sassuolo,Sassuolo,SAS,Italy,IT,ITA,1000252,Yeferson Paz,,,yeferson-paz,Y. Paz,D,17,2002-06-13T00:00:00+00:00,176,,Right,Colombia,CO,COL,425000,1814313600
2793,Sassuolo,sassuolo,Sassuolo,SAS,Italy,IT,ITA,1461516,Simone Cinquegrano,,,simone-cinquegrano,S. Cinquegrano,D,46,2004-06-25T00:00:00+00:00,192,86,Right,Italy,IT,ITA,470000,1814313600
2793,Sassuolo,sassuolo,Sassuolo,SAS,Italy,IT,ITA,991677,Cas Odenthal,Cas,Odenthal,cas-odenthal,C. Odenthal,D,26,2000-09-26T00:00:00+00:00,190,,Right,Netherlands,NL,NLD,1200000,1814313600
2793,Sassuolo,sassuolo,Sassuolo,SAS,Italy,IT,ITA,1493485,Giorgio Vezzosi,Giorgio Vezzosi,,giorgio-vezzosi,G. Vezzosi,D,36,2007-01-14T00:00:00+00:00,187,,Right,Italy,IT,ITA,235000,
2793,Sassuolo,sassuolo,Sassuolo,SAS,Italy,IT,ITA,888971,Arijanet Murić,Arijanet,Muric,arijanet-muric,A. Murić,G,49,1998-11-07T00:00:00+00:00,198,,Right,Kosovo,XK,XKX,6900000,
2793,Sassuolo,sassuolo,Sassuolo,SAS,Italy,IT,ITA,893752,Stefano Turati,,,stefano-turati,S. Turati,G,80,2001-09-05T00:00:00+00:00,188,,Right,Italy,IT,ITA,3100000,1845936000
2793,Sassuolo,sassuolo,Sassuolo,SAS,Italy,IT,ITA,832375,Giacomo Satalino,,,giacomo-satalino,G. Satalino,G,12,1999-05-20T00:00:00+00:00,188,75,Right,Italy,IT,ITA,435000,1814313600
2793,Sassuolo,sassuolo,Sassuolo,SAS,Italy,IT,ITA,918862,Alessandro Russo,Alessandro,Russo,alessandro-russo,A. Russo,G,,2001-03-31T00:00:00+00:00,190,,Right,Italy,IT,ITA,315000,1814313600
2793,Sassuolo,sassuolo,Sassuolo,SAS,Italy,IT,ITA,1868065,Lorenzo Nyarko,Lorenzo Nyarko,,lorenzo-nyarko,L. Nyarko,G,22,2007-10-20T00:00:00+00:00,189,,Right,Italy,IT,ITA,105000,
2696,Torino,torino,Torino,TOR,Italy,IT,ITA,341143,Giovanni Simeone,Giovanni,Simeone,giovanni-simeone,G. Simeone,F,18,1995-07-05T00:00:00+00:00,179,81,Right,Argentina,AR,ARG,7200000,1845936000
2696,Torino,torino,Torino,TOR,Italy,IT,ITA,856737,Zakaria Aboukhlal,Zakaria,Aboukhlal,zakaria-aboukhlal,Z. Aboukhlal,F,7,2000-02-18T00:00:00+00:00,179,,Both,Morocco,MA,MAR,6500000,1877472000
2696,Torino,torino,Torino,TOR,Italy,IT,ITA,38162,Duván Zapata,,,duvan-zapata,D. Zapata,F,91,1991-04-01T00:00:00+00:00,189,88,Right,Colombia,CO,COL,2600000,1845936000
2696,Torino,torino,Torino,TOR,Italy,IT,ITA,773409,Che Adams,Che,Adams,che-adams,C. Adams,F,19,1996-07-13T00:00:00+00:00,175,,Right,Scotland,SX,SCO,4800000,1814313600
2696,Torino,torino,Torino,TOR,Italy,IT,ITA,826026,Sandro Kulenović,Sandro,Kulenovic,sandro-kulenovic,S. Kulenović,F,17,1999-12-04T00:00:00+00:00,191,76,Right,Croatia,HR,HRV,3400000,1877472000
2696,Torino,torino,Torino,TOR,Italy,IT,ITA,839226,Pietro Pellegri,Pietro,Pellegri,pietro-pellegri,P. Pellegri,F,11,2001-03-17T00:00:00+00:00,188,78,Right,Italy,IT,ITA,520000,1814313600
2696,Torino,torino,Torino,TOR,Italy,IT,ITA,1103488,Rafik Belghali,,,belghali-rafik,R. Belghali,M,45,2002-06-07T00:00:00+00:00,177,73,Right,Algeria,DZ,DZA,12400000,1814313600
2696,Torino,torino,Torino,TOR,Italy,IT,ITA,1016788,Cesare Casadei,,,cesare-casadei,C. Casadei,M,22,2003-01-10T00:00:00+00:00,192,,Right,Italy,IT,ITA,15600000,1877472000
2696,Torino,torino,Torino,TOR,Italy,IT,ITA,357596,Nikola Vlašić,,,nikola-vlasic,N. Vlašić,M,10,1997-10-04T00:00:00+00:00,178,,Right,Croatia,HR,HRV,10300000,1814313600
2696,Torino,torino,Torino,TOR,Italy,IT,ITA,548178,Rolando Mandragora,Rolando,Mandragora,rolando-mandragora,R. Mandragora,M,8,1997-06-29T00:00:00+00:00,183,76,Left,Italy,IT,ITA,8600000,1845936000
2696,Torino,torino,Torino,TOR,Italy,IT,ITA,861979,Daniel Bragança,Daniel,Bragança,daniel-braganca,D. Bragança,M,21,1999-05-27T00:00:00+00:00,178,,Left,Portugal,PT,PRT,10900000,1814313600
2696,Torino,torino,Torino,TOR,Italy,IT,ITA,1030829,Gvidas Gineitis,,,gineitis-gvidas,G. Gineitis,M,66,2004-04-15T00:00:00+00:00,191,61,Left,Lithuania,LT,LTU,5000000,1877472000
2696,Torino,torino,Torino,TOR,Italy,IT,ITA,1001945,Kian Fitz-Jim,,,kian-fitz-jim,K. Fitz-Jim,M,28,2003-07-05T00:00:00+00:00,173,,Right,Netherlands,NL,NLD,2800000,1877472000
2696,Torino,torino,Torino,TOR,Italy,IT,ITA,1142612,Emirhan İlkhan,,,emirhan-ilkhan,E. İlkhan,M,6,2004-06-01T00:00:00+00:00,175,,Right,Türkiye,TR,TUR,6300000,1814313600
2696,Torino,torino,Torino,TOR,Italy,IT,ITA,965009,Gaetano Oristanio,Gaetano,Oristanio,gaetano-oristanio,G. Oristanio,M,11,2002-09-28T00:00:00+00:00,174,,Left,Italy,IT,ITA,4500000,1814313600
2696,Torino,torino,Torino,TOR,Italy,IT,ITA,1868036,Alessio Cacciamani,Alessio Cacciamani,,alessio-cacciamani,A. Cacciamani,M,77,2007-06-29T00:00:00+00:00,170,,Right,Italy,IT,ITA,4800000,1877472000
2696,Torino,torino,Torino,TOR,Italy,IT,ITA,1985762,Andrea Luongo,Andrea Luongo,,andrea-luongo,A. Luongo,M,79,2008-02-16T00:00:00+00:00,178,,Right,Italy,IT,ITA,1000000,1877472000
2696,Torino,torino,Torino,TOR,Italy,IT,ITA,1590981,Zalan Kugyela,Zalan,Kugyela,zalan-kugyela,Z. Kugyela,M,96,2007-07-30T00:00:00+00:00,180,,Left,Hungary,HU,HUN,240000,1845936000
2696,Torino,torino,Torino,TOR,Italy,IT,ITA,67769,Ricardo Rodríguez,,,ricardo-rodriguez,R. Rodríguez,D,,1992-08-25T00:00:00+00:00,182,77,Left,Switzerland,CH,CHE,1500000,
2696,Torino,torino,Torino,TOR,Italy,IT,ITA,1210848,Pietro Comuzzo,Pietro Comuzzo,,comuzzo-pietro,P. Comuzzo,D,15,2005-02-20T00:00:00+00:00,185,,Right,Italy,IT,ITA,18500000,1814313600
2696,Torino,torino,Torino,TOR,Italy,IT,ITA,1089453,Saúl Coco,Saul,Coco,saul-coco,S. Coco,D,23,1999-02-09T00:00:00+00:00,188,,Right,Equatorial Guinea,GQ,GNQ,7700000,1877472000
2696,Torino,torino,Torino,TOR,Italy,IT,ITA,122848,Cristiano Biraghi,Cristiano,Biraghi,cristiano-biraghi,C. Biraghi,D,3,1992-09-01T00:00:00+00:00,184,78,Left,Italy,IT,ITA,860000,1814313600
2696,Torino,torino,Torino,TOR,Italy,IT,ITA,840414,Ardian Ismajli,Ardian,Ismajli,ardian-ismajli,A. Ismajli,D,44,1996-09-30T00:00:00+00:00,188,80,Right,Albania,AL,ALB,4700000,1814313600
2696,Torino,torino,Torino,TOR,Italy,IT,ITA,1020141,Nathan Patterson,Nathan,Patterson,nathan-patterson,N. Patterson,D,2,2001-10-16T00:00:00+00:00,189,,Right,Scotland,SX,SCO,10900000,1877472000
2696,Torino,torino,Torino,TOR,Italy,IT,ITA,1526934,Niccolò Fortini,Niccolò Fortini,,niccolo-fortini,N. Fortini,D,29,2006-02-13T00:00:00+00:00,185,,Right,Italy,IT,ITA,10900000,1814313600
2696,Torino,torino,Torino,TOR,Italy,IT,ITA,814023,Eray Cömert,Eray,Comert,eray-comert,E. Cömert,D,5,1998-02-04T00:00:00+00:00,183,80,Right,Switzerland,CH,CHE,2700000,1845936000
2696,Torino,torino,Torino,TOR,Italy,IT,ITA,2220262,Manuel Carrascosa,Manuel Carrascosa,,manuel-carrascosa,M. Carrascosa,D,63,2008-08-24T00:00:00+00:00,193,,Left,Spain,ES,ESP,,1814313600
2696,Torino,torino,Torino,TOR,Italy,IT,ITA,871290,Lucas Perri,,,lucas-perri,L. Perri,G,20,1997-12-10T00:00:00+00:00,196,95,Right,Brazil,BR,BRA,9200000,1814313600
2696,Torino,torino,Torino,TOR,Italy,IT,ITA,1084846,Franco Israel,Franco,Israel,franco-israel,F. Israel,G,81,2000-04-22T00:00:00+00:00,189,86,Right,Uruguay,UY,URY,2400000,1845936000
2696,Torino,torino,Torino,TOR,Italy,IT,ITA,1471046,Diego Mascardi,Diego Mascardi,,mascardi-diego,D. Mascardi,G,26,2006-09-26T00:00:00+00:00,198,,Right,Italy,IT,ITA,1400000,1940544000
2696,Torino,torino,Torino,TOR,Italy,IT,ITA,1519010,Lapo Siviero,Lapo Siviero,,siviero-lapo,L. Siviero,G,76,2006-11-23T00:00:00+00:00,195,,Right,Italy,IT,ITA,460000,1877472000
2695,Udinese,udinese,Udinese,UDI,Italy,IT,ITA,864898,Nicolò Zaniolo,Nicolo,Zaniolo,nicolo-zaniolo,N. Zaniolo,F,10,1999-07-02T00:00:00+00:00,189,79,Left,Italy,IT,ITA,14200000,1877472000
2695,Udinese,udinese,Udinese,UDI,Italy,IT,ITA,796455,Vakoun Issouf Bayo,Vakoun Issouf,Bayo,vakoun-issouf-bayo,V. Bayo,F,15,1997-01-10T00:00:00+00:00,184,72,Right,Côte d'Ivoire,CI,CIV,2600000,1845936000
2695,Udinese,udinese,Udinese,UDI,Italy,IT,ITA,1536811,Idrissa Gueye,Idrissa Gueye,,idrissa-gueye,I. Gueye,F,7,2006-09-16T00:00:00+00:00,188,,Right,Senegal,SN,SEN,8800000,1909008000
2695,Udinese,udinese,Udinese,UDI,Italy,IT,ITA,830858,Keinan Davis,Keinan,Davis,keinan-davis,K. Davis,F,9,1998-02-13T00:00:00+00:00,189,,Left,England,EN,ENG,10300000,1940544000
2695,Udinese,udinese,Udinese,UDI,Italy,IT,ITA,1910431,Giulio Vinciati,Giulio Vinciati,,giulio-vinciati,G. Vinciati,F,45,2007-08-29T00:00:00+00:00,180,,Right,Italy,IT,ITA,90000,1877472000
2695,Udinese,udinese,Udinese,UDI,Italy,IT,ITA,858191,Giorgi Chakvetadze,Giorgi,Chakvetadze,giorgi-chakvetadze,G. Chakvetadze,M,30,1999-08-29T00:00:00+00:00,180,,Right,Georgia,GE,GEO,3300000,1909008000
2695,Udinese,udinese,Udinese,UDI,Italy,IT,ITA,825271,Jakub Piotrowski,Jakub,Piotrowski,jakub-piotrowski,J. Piotrowski,M,24,1997-10-04T00:00:00+00:00,188,78,Right,Poland,PL,POL,4400000,1877472000
2695,Udinese,udinese,Udinese,UDI,Italy,IT,ITA,904887,Jürgen Ekkelenkamp,Jurgen,Ekkelenkamp,jurgen-ekkelenkamp,J. Ekkelenkamp,M,32,2000-04-05T00:00:00+00:00,188,,Right,Netherlands,NL,NLD,10300000,1877472000
2695,Udinese,udinese,Udinese,UDI,Italy,IT,ITA,1154894,Lennon Miller,Lennon Miller,,lennon-miller,L. Miller,M,38,2006-08-25T00:00:00+00:00,182,,Right,Scotland,SX,SCO,9300000,1909008000
2695,Udinese,udinese,Udinese,UDI,Italy,IT,ITA,1476922,Juan Arizala,Juan,Arizala,juan-arizala,J. Arizala,M,20,2005-10-10T00:00:00+00:00,183,,Left,Colombia,CO,COL,3800000,1909008000
2695,Udinese,udinese,Udinese,UDI,Italy,IT,ITA,351434,Hassane Kamara,Hassane,Kamara,hassane-kamara,H. Kamara,M,11,1994-03-05T00:00:00+00:00,168,67,Left,Côte d'Ivoire,CI,CIV,3200000,1845936000
2695,Udinese,udinese,Udinese,UDI,Italy,IT,ITA,1427148,Lazar Jovanović,Lazar Jovanovic,,lazar-jovanovic,L. Jovanović,M,91,2006-11-30T00:00:00+00:00,182,,Right,Serbia,RS,SRB,3800000,1940544000
2695,Udinese,udinese,Udinese,UDI,Italy,IT,ITA,1391375,Unai Gómez,,,unai-gomez,U. Gómez,M,46,2003-05-25T00:00:00+00:00,183,,Left,Spain,ES,ESP,5200000,1940544000
2695,Udinese,udinese,Udinese,UDI,Italy,IT,ITA,227894,Jesper Karlström,,,jesper-karlstrom,J. Karlström,M,8,1995-06-21T00:00:00+00:00,179,,Right,Sweden,SE,SWE,4099999,1845936000
2695,Udinese,udinese,Udinese,UDI,Italy,IT,ITA,922928,Alessandro Zanoli,Alessandro,Zanoli,alessandro-zanoli,A. Zanoli,M,59,2000-10-03T00:00:00+00:00,186,,Right,Italy,IT,ITA,4900000,1877472000
2695,Udinese,udinese,Udinese,UDI,Italy,IT,ITA,575852,Sandi Lovrić,Sandi,Lovric,sandi-lovric,S. Lovrić,M,4,1998-03-28T00:00:00+00:00,180,70,Right,Slovenia,SI,SVN,3400000,1814313600
2695,Udinese,udinese,Udinese,UDI,Italy,IT,ITA,1397675,David Pejičić,,,david-pejicic,D. Pejičić,M,79,2007-06-14T00:00:00+00:00,182,,Right,Slovenia,SI,SVN,1400000,1845936000
2695,Udinese,udinese,Udinese,UDI,Italy,IT,ITA,1009661,Oier Zarraga,,,oier-zarraga,O. Zarraga,M,6,1999-01-04T00:00:00+00:00,175,,Right,Spain,ES,ESP,1400000,1814313600
2695,Udinese,udinese,Udinese,UDI,Italy,IT,ITA,892979,Oumar Solet,Oumar,Solet,oumar-solet,O. Solet,D,28,2000-02-07T00:00:00+00:00,192,,Right,France,FR,FRA,22000000,1814313600
2695,Udinese,udinese,Udinese,UDI,Italy,IT,ITA,798147,Mërgim Vojvoda,Mergim,Vojvoda,mergim-vojvoda,M. Vojvoda,D,23,1995-02-01T00:00:00+00:00,187,78,Right,Kosovo,XK,XKX,2700000,1845936000
2695,Udinese,udinese,Udinese,UDI,Italy,IT,ITA,1495719,Matteo Palma,Matteo,Palma,matteo-palma,M. Palma,D,16,2008-03-13T00:00:00+00:00,194,,Right,Germany,DE,DEU,6800000,1940544000
2695,Udinese,udinese,Udinese,UDI,Italy,IT,ITA,848279,Enzo Ebosse,Enzo,Ebosse,enzo-ebosse,E. Ebosse,D,77,1999-03-11T00:00:00+00:00,185,,Left,Cameroon,CM,CMR,2700000,1814313600
2695,Udinese,udinese,Udinese,UDI,Italy,IT,ITA,58351,Christian Kabasele,,,christian-kabasele,C. Kabasele,D,27,1991-02-24T00:00:00+00:00,186,84,Right,Belgium,BE,BEL,805000,1814313600
2695,Udinese,udinese,Udinese,UDI,Italy,IT,ITA,1127232,James Abankwah,,,james-abankwah,J. Abankwah,D,14,2004-01-16T00:00:00+00:00,188,,Right,Ireland,IE,IRL,3200000,1877472000
2695,Udinese,udinese,Udinese,UDI,Italy,IT,ITA,1136399,Nicolò Bertola,Nicolo,Bertola,nicolo-bertola,N. Bertola,D,13,2003-03-23T00:00:00+00:00,185,,Right,Italy,IT,ITA,7500000,1909008000
2695,Udinese,udinese,Udinese,UDI,Italy,IT,ITA,891656,Maduka Okoye,Maduka,Okoye,maduka-okoye,M. Okoye,G,40,1999-08-28T00:00:00+00:00,197,,Right,Nigeria,NG,NGA,10800000,1845936000
2695,Udinese,udinese,Udinese,UDI,Italy,IT,ITA,886909,Bartosz Mrozek,Bartosz,Mrozek,bartosz-mrozek,B. Mrozek,G,41,2000-02-23T00:00:00+00:00,191,79,Right,Poland,PL,POL,2800000,1909008000
2695,Udinese,udinese,Udinese,UDI,Italy,IT,ITA,2899,Daniele Padelli,,,daniele-padelli,D. Padelli,G,93,1985-10-25T00:00:00+00:00,191,90,Right,Italy,IT,ITA,165000,1814313600
2695,Udinese,udinese,Udinese,UDI,Italy,IT,ITA,1001017,Edoardo Piana,,,edoardo-piana,E. Piana,G,99,2003-09-29T00:00:00+00:00,197,,Right,Italy,IT,ITA,245000,
2688,Venezia,venezia,Venezia,VEN,Italy,IT,ITA,946381,Akor Adams,Akor,Adams,akor-adams,A. Adams,F,45,2000-01-29T00:00:00+00:00,190,,Right,Nigeria,NG,NGA,14600000,1909008000
2688,Venezia,venezia,Venezia,VEN,Italy,IT,ITA,879802,John Yeboah,John,Yeboah,john-yeboah,J. Yeboah,F,10,2000-06-23T00:00:00+00:00,170,,Left,Ecuador,EC,ECU,5800000,1845936000
2688,Venezia,venezia,Venezia,VEN,Italy,IT,ITA,1124624,Albion Rrahmani,,,albion-rrahmani,A. Rrahmani,F,7,2000-08-31T00:00:00+00:00,187,,Both,Kosovo,XK,XKX,7200000,1877472000
2688,Venezia,venezia,Venezia,VEN,Italy,IT,ITA,928921,Andrea Adorante,,,andrea-adorante,A. Adorante,F,9,2000-02-05T00:00:00+00:00,182,,Right,Italy,IT,ITA,4099999,1845936000
2688,Venezia,venezia,Venezia,VEN,Italy,IT,ITA,886171,Lion Lauberbach,Lion,Lauberbach,lion-lauberbach,L. Lauberbach,F,29,1998-02-15T00:00:00+00:00,197,,Both,Germany,DE,DEU,2300000,1877472000
2688,Venezia,venezia,Venezia,VEN,Italy,IT,ITA,2670946,Mohamed Malang Touré,Mohamed Malang Touré,,mohamed-malang-toure,M. M. Touré,F,,2006-12-31T00:00:00+00:00,181,,Right,Senegal,SN,SEN,,
2688,Venezia,venezia,Venezia,VEN,Italy,IT,ITA,1590761,Toni Fernández,,,toni-fernandez,T. Fernández,M,77,2008-07-15T00:00:00+00:00,175,,Left,Spain,ES,ESP,3100000,1814313600
2688,Venezia,venezia,Venezia,VEN,Italy,IT,ITA,1887618,Saad El Haddad,Saad El Haddad,,saad-el-haddad,S. E. Haddad,M,27,2005-07-24T00:00:00+00:00,175,,Right,Morocco,MA,MAR,290000,1814313600
2688,Venezia,venezia,Venezia,VEN,Italy,IT,ITA,377512,Pasquale Mazzocchi,Pasquale,Mazzocchi,pasquale-mazzocchi,P. Mazzocchi,M,70,1995-07-27T00:00:00+00:00,183,78,Right,Italy,IT,ITA,1400000,1814313600
2688,Venezia,venezia,Venezia,VEN,Italy,IT,ITA,798002,Toma Bašić,Toma,Basic,toma-basic,T. Bašić,M,26,1996-11-25T00:00:00+00:00,189,80,Left,Croatia,HR,HRV,3100000,1877472000
2688,Venezia,venezia,Venezia,VEN,Italy,IT,ITA,896180,Gianluca Busio,Gianluca,Busio,gianluca-busio,G. Busio,M,6,2002-05-28T00:00:00+00:00,170,61,Right,USA,US,USA,7300000,1845936000
2688,Venezia,venezia,Venezia,VEN,Italy,IT,ITA,909991,Simon Sohm,Simon,Sohm,simon-sohm,S. Sohm,M,19,2001-04-11T00:00:00+00:00,188,,Right,Switzerland,CH,CHE,7800000,1814313600
2688,Venezia,venezia,Venezia,VEN,Italy,IT,ITA,232224,Alfred Duncan,Alfred,Duncan,alfred-duncan,A. Duncan,M,32,1993-03-10T00:00:00+00:00,178,78,Left,Ghana,GH,GHA,775000,1814313600
2688,Venezia,venezia,Venezia,VEN,Italy,IT,ITA,1137526,Matteo Dagasso,,,dagasso-matteo,M. Dagasso,M,30,2004-04-01T00:00:00+00:00,185,,Left,Italy,IT,ITA,3700000,1909008000
2688,Venezia,venezia,Venezia,VEN,Italy,IT,ITA,1513549,Kornel Lisman,Kornel Lisman,,kornel-lisman,K. Lisman,M,56,2006-02-20T00:00:00+00:00,186,,Right,Poland,PL,POL,580000,1909008000
2688,Venezia,venezia,Venezia,VEN,Italy,IT,ITA,250501,Ridgeciano Haps,Ridgeciano,Haps,ridgeciano-haps,R. Haps,M,5,1993-06-12T00:00:00+00:00,175,66,Left,Suriname,SR,SUR,650000,1845936000
2688,Venezia,venezia,Venezia,VEN,Italy,IT,ITA,857178,Kike Pérez,Kike,Perez,kike-perez,K. Pérez,M,71,1997-02-14T00:00:00+00:00,184,,Left,Spain,ES,ESP,2300000,1814313600
2688,Venezia,venezia,Venezia,VEN,Italy,IT,ITA,1435035,Lamine Fanne,,,lamine-dabo,L. Dabo,M,8,2004-01-30T00:00:00+00:00,185,,Right,Spain,ES,ESP,1600000,1909008000
2688,Venezia,venezia,Venezia,VEN,Italy,IT,ITA,886628,Þórir Jóhann Helgason,Thorir Johann,Helgason,thorir-johann-helgason,T. Helgason,M,21,2000-09-28T00:00:00+00:00,187,,Right,Iceland,IS,ISL,1700000,1877472000
2688,Venezia,venezia,Venezia,VEN,Italy,IT,ITA,1198069,Richie Sagrado,Richie Sagrado,,richie-sagrado,R. Sagrado,M,20,2004-01-30T00:00:00+00:00,182,,Right,Belgium,BE,BEL,1400000,1845936000
2688,Venezia,venezia,Venezia,VEN,Italy,IT,ITA,1394202,Antoine Hainaut,Antoine Hainaut,,antoine-hainaut,A. Hainaut,M,18,2002-02-18T00:00:00+00:00,188,,Right,France,FR,FRA,4300000,1845936000
2688,Venezia,venezia,Venezia,VEN,Italy,IT,ITA,965005,Simone Panada,,,simone-panada,S. Panada,M,55,2002-06-02T00:00:00+00:00,175,,Right,Italy,IT,ITA,775000,1909008000
2688,Venezia,venezia,Venezia,VEN,Italy,IT,ITA,2066755,Lorenzo Berardi,,,lorenzo-berardi,L. Berardi,M,36,2006-04-05T00:00:00+00:00,181,,Left,Italy,IT,ITA,430000,1940544000
2688,Venezia,venezia,Venezia,VEN,Italy,IT,ITA,1143667,Redouane Halhal,Redouane Halal,,redouane-halhal,R. Halhal,D,25,2003-03-05T00:00:00+00:00,187,,Right,Morocco,MA,MAR,4800000,1909008000
2688,Venezia,venezia,Venezia,VEN,Italy,IT,ITA,108484,Juan Jesus,Juan,Jesus,juan-jesus,J. Jesus,D,15,1991-06-10T00:00:00+00:00,185,76,Left,Brazil,BR,BRA,1500000,1814313600
2688,Venezia,venezia,Venezia,VEN,Italy,IT,ITA,1496360,Matias Moreno,Matias Moreno,,matias-moreno,M. Moreno,D,2,2003-09-24T00:00:00+00:00,195,,Right,Argentina,AR,ARG,5800000,1814313600
2688,Venezia,venezia,Venezia,VEN,Italy,IT,ITA,976025,Armel Bella-Kotchap,Armel,Bella-Kotchap,armel-bella-kotchap,A. Bella-Kotchap,D,17,2001-12-11T00:00:00+00:00,190,,Right,Germany,DE,DEU,6700000,1909008000
2688,Venezia,venezia,Venezia,VEN,Italy,IT,ITA,851282,Thierry Correia,Thierry,Correia,thierry-correia,T. Correia,D,14,1999-03-09T00:00:00+00:00,176,,Right,Portugal,PT,PRT,2600000,1814313600
2688,Venezia,venezia,Venezia,VEN,Italy,IT,ITA,880742,Bartol Franjić,Bartol,Franjic,bartol-franjic,B. Franjić,D,4,2000-01-14T00:00:00+00:00,188,,Left,Croatia,HR,HRV,1100000,
2688,Venezia,venezia,Venezia,VEN,Italy,IT,ITA,1388438,Joel Schingtienne,Joel Schingtienne,,schingtienne-joel,J. Schingtienne,D,3,2002-08-14T00:00:00+00:00,188,,Right,Belgium,BE,BEL,5400000,1877472000
2688,Venezia,venezia,Venezia,VEN,Italy,IT,ITA,822485,Marin Šverko,Marin,Sverko,marin-sverko,M. Šverko,D,33,1998-02-04T00:00:00+00:00,186,78,Left,Croatia,HR,HRV,1600000,1845936000
2688,Venezia,venezia,Venezia,VEN,Italy,IT,ITA,1882599,Rufai Mohammed,,,rufai-mohammed,R. Mohammed,D,2,2006-03-15T00:00:00+00:00,185,,Right,Ghana,GH,GHA,320000,1814313600
2688,Venezia,venezia,Venezia,VEN,Italy,IT,ITA,2144390,Ale Gomes,Ale,Gomes,ale-gomes,A. Gomes,D,95,2008-02-14T00:00:00+00:00,187,,Left,Spain,ES,ESP,515000,1940544000
2688,Venezia,venezia,Venezia,VEN,Italy,IT,ITA,986355,Filip Stanković,,,filip-stankovic,F. Stanković,G,1,2002-02-25T00:00:00+00:00,188,,Right,Serbia,RS,SRB,7800000,1909008000
2688,Venezia,venezia,Venezia,VEN,Italy,IT,ITA,253391,Lorenzo Montipò,,,lorenzo-montipo,L. Montipò,G,96,1996-01-01T00:00:00+00:00,191,72,Right,Italy,IT,ITA,1200000,1845936000
2688,Venezia,venezia,Venezia,VEN,Italy,IT,ITA,125807,Matteo Grandi,Matteo,Grandi,matteo-grandi,M. Grandi,G,23,1992-10-12T00:00:00+00:00,190,,Right,Italy,IT,ITA,55000,1845936000
2688,Venezia,venezia,Venezia,VEN,Italy,IT,ITA,977078,Filippo Neri,Filippo,Neri,filippo-neri,F. Neri,G,,2002-12-04T00:00:00+00:00,188,,Right,Italy,IT,ITA,73000,
2688,Venezia,venezia,Venezia,VEN,Italy,IT,ITA,899301,Alessio Pozzi,Alessio,Pozzi,alessio-pozzi,A. Pozzi,G,28,2000-12-14T00:00:00+00:00,184,,Right,Italy,IT,ITA,430000,1909008000
2671,1. FC Köln,1-fc-koln,Köln,KOE,Germany,DE,DEU,1403192,Mikey Moore,,,mikey-moore,M. Moore,F,47,2007-08-11T00:00:00+00:00,180,,Right,England,EN,ENG,18500000,1814313600
2671,1. FC Köln,1-fc-koln,Köln,KOE,Germany,DE,DEU,1601596,Reigan Heskey,Reigan,Heskey,reigan-heskey,R. Heskey,F,11,2008-01-18T00:00:00+00:00,184,75,Right,England,EN,ENG,2200000,1940544000
2671,1. FC Köln,1-fc-koln,Köln,KOE,Germany,DE,DEU,905381,Thijs Dallinga,Thijs,Dallinga,thijs-dallinga,T. Dallinga,F,27,2000-08-03T00:00:00+00:00,190,,Right,Netherlands,NL,NLD,9800000,1814313600
2671,1. FC Köln,1-fc-koln,Köln,KOE,Germany,DE,DEU,877544,Ragnar Ache,,,ragnar-ache,R. Ache,F,9,1998-07-28T00:00:00+00:00,182,77,Right,Germany,DE,DEU,9400000,1877472000
2671,1. FC Köln,1-fc-koln,Köln,KOE,Germany,DE,DEU,319861,Luca Waldschmidt,Luca,Waldschmidt,luca-waldschmidt,L. Waldschmidt,F,7,1996-05-19T00:00:00+00:00,181,75,Left,Germany,DE,DEU,1800000,1814313600
2671,1. FC Köln,1-fc-koln,Köln,KOE,Germany,DE,DEU,378340,Marius Bülter,,,marius-bulter,M. Bülter,F,30,1993-03-29T00:00:00+00:00,188,,Right,Germany,DE,DEU,1900000,1814313600
2671,1. FC Köln,1-fc-koln,Köln,KOE,Germany,DE,DEU,858600,Imad Rondić,Imad,Rondic,imad-rondic,I. Rondić,F,15,1999-02-16T00:00:00+00:00,188,,Right,Bosnia & Herzegovina,BA,BIH,690000,1877472000
2671,1. FC Köln,1-fc-koln,Köln,KOE,Germany,DE,DEU,1855407,Malek El Mala,,,el-mala-malek,M. E. Mala,F,19,2005-04-02T00:00:00+00:00,193,,Right,Germany,DE,DEU,240000,1940544000
2671,1. FC Köln,1-fc-koln,Köln,KOE,Germany,DE,DEU,591706,Ellyes Skhiri,Ellyes,Skhiri,ellyes-skhiri,E. Skhiri,M,6,1995-05-10T00:00:00+00:00,185,,Right,Tunisia,TN,TUN,5200000,1845936000
2671,1. FC Köln,1-fc-koln,Köln,KOE,Germany,DE,DEU,1800475,Said El Mala,Said,El Mala,said-el-mala,S. El Mala,M,10,2006-08-26T00:00:00+00:00,185,,Right,Germany,DE,DEU,46000000,1940544000
2671,1. FC Köln,1-fc-koln,Köln,KOE,Germany,DE,DEU,357584,Borna Sosa,Borna,Sosa,borna-sosa,B. Sosa,M,3,1998-01-21T00:00:00+00:00,187,76,Left,Croatia,HR,HRV,2700000,1814313600
2671,1. FC Köln,1-fc-koln,Köln,KOE,Germany,DE,DEU,1112327,Ísak Bergmann Jóhannesson,Isak,Johannesson,isak-bergmann-johannesson,Í. B. Jóhannesson,M,8,2003-03-23T00:00:00+00:00,180,,Left,Iceland,IS,ISL,8400000,1909008000
2671,1. FC Köln,1-fc-koln,Köln,KOE,Germany,DE,DEU,1411105,Paul Okon-Engstler,Paul Okon-Engstler,,paul-okon-engstler,P. Okon-Engstler,M,23,2005-01-24T00:00:00+00:00,186,,Left,Australia,AU,AUS,1100000,1909008000
2671,1. FC Köln,1-fc-koln,Köln,KOE,Germany,DE,DEU,921033,Linton Maina,Linton,Maina,linton-maina,L. Maina,M,37,1999-06-23T00:00:00+00:00,173,55,Right,Germany,DE,DEU,3300000,
2671,1. FC Köln,1-fc-koln,Köln,KOE,Germany,DE,DEU,930272,Tom Krauß,Tom,Krauss,tom-krauss,T. Krauß,M,5,2001-06-22T00:00:00+00:00,182,72,Right,Germany,DE,DEU,4700000,1877472000
2671,1. FC Köln,1-fc-koln,Köln,KOE,Germany,DE,DEU,1010726,Jan Uwe Thielmann,Jan Uwe,Thielmann,jan-uwe-thielmann,J. Thielmann,M,29,2002-05-26T00:00:00+00:00,178,,Right,Germany,DE,DEU,4500000,1845936000
2671,1. FC Köln,1-fc-koln,Köln,KOE,Germany,DE,DEU,839898,Alessio Castro-Montes,Alessio,Castro-Montes,alessio-castro-montes,A. Castro-Montes,M,17,1997-05-17T00:00:00+00:00,175,,Right,Belgium,BE,BEL,2700000,1845936000
2671,1. FC Köln,1-fc-koln,Köln,KOE,Germany,DE,DEU,1426231,Gil Matteo Neves,,,gil-matteo-neves,G. M. Neves,M,16,2008-02-09T00:00:00+00:00,189,,Right,Portugal,PT,PRT,,1877472000
2671,1. FC Köln,1-fc-koln,Köln,KOE,Germany,DE,DEU,844942,Gideon Mensah,,,gideon-mensah,G. Mensah,D,14,1998-07-18T00:00:00+00:00,177,64,Left,Ghana,GH,GHA,3700000,1845936000
2671,1. FC Köln,1-fc-koln,Köln,KOE,Germany,DE,DEU,1402924,Jahmai Simpson-Pusey,Jahmai Simpson-Pusey,,jahmai-simpson-pusey,J. Simpson-Pusey,D,22,2005-11-04T00:00:00+00:00,187,,Right,England,EN,ENG,9300000,1909008000
2671,1. FC Köln,1-fc-koln,Köln,KOE,Germany,DE,DEU,827473,Luka Lochoshvili,Luka,Lochoshvili,luka-lochoshvili,L. Lochoshvili,D,24,1998-05-29T00:00:00+00:00,191,88,Left,Georgia,GE,GEO,2600000,1877472000
2671,1. FC Köln,1-fc-koln,Köln,KOE,Germany,DE,DEU,1014493,Rav van den Berg,,,rav-van-den-berg,R. v. d. Berg,D,33,2004-07-07T00:00:00+00:00,190,,Right,Netherlands,NL,NLD,7300000,1909008000
2671,1. FC Köln,1-fc-koln,Köln,KOE,Germany,DE,DEU,387220,Timo Hübers,,,timo-hubers,T. Hübers,D,4,1996-07-20T00:00:00+00:00,190,82,Right,Germany,DE,DEU,1400000,1814313600
2671,1. FC Köln,1-fc-koln,Köln,KOE,Germany,DE,DEU,1020206,Sebastian Sebulonsen,,,sebastian-sebulonsen,S. Sebulonsen,D,28,2000-01-27T00:00:00+00:00,187,,Right,Norway,NO,NOR,5100000,1845936000
2671,1. FC Köln,1-fc-koln,Köln,KOE,Germany,DE,DEU,965950,Joel Schmied,Joel,Schmied,joel-schmied,J. Schmied,D,2,1998-09-23T00:00:00+00:00,188,,Right,Switzerland,CH,CHE,3100000,1877472000
2671,1. FC Köln,1-fc-koln,Köln,KOE,Germany,DE,DEU,1952390,Martin James,,,martin-james,M. James,G,21,2008-02-14T00:00:00+00:00,186,,Right,France,FR,FRA,,1877472000
2671,1. FC Köln,1-fc-koln,Köln,KOE,Germany,DE,DEU,187185,Marvin Schwäbe,,,marvin-schwabe,M. Schwäbe,G,1,1995-04-25T00:00:00+00:00,189,86,Right,Germany,DE,DEU,3200000,1814313600
2671,1. FC Köln,1-fc-koln,Köln,KOE,Germany,DE,DEU,41615,Ron-Robert Zieler,,,ron-robert-zieler,R. Zieler,G,20,1989-02-12T00:00:00+00:00,188,83,Right,Germany,DE,DEU,455000,1814313600
2671,1. FC Köln,1-fc-koln,Köln,KOE,Germany,DE,DEU,840352,Matthias Köbbing,Matthias,Kobbing,matthias-kobbing,M. Köbbing,G,44,1997-05-28T00:00:00+00:00,196,87,Both,Germany,DE,DEU,97000,1814313600
2547,1. FC Union Berlin,1-fc-union-berlin,Union Berlin,FCU,Germany,DE,DEU,1090010,Marin Ljubičić,,,marin-ljubicic,M. Ljubičić,F,27,2002-02-28T00:00:00+00:00,183,,Right,Croatia,HR,HRV,1800000,
2547,1. FC Union Berlin,1-fc-union-berlin,Union Berlin,FCU,Germany,DE,DEU,848074,Emmanuel Latte Lath,Emmanuel,Latte Lath,emmanuel-latte-lath,E. Latte Lath,F,29,1999-01-01T00:00:00+00:00,180,75,Right,Côte d'Ivoire,CI,CIV,10400000,1814313600
2547,1. FC Union Berlin,1-fc-union-berlin,Union Berlin,FCU,Germany,DE,DEU,927405,Woo-Yeong Jeong,,,woo-yeong-jeong,W. Jeong,F,11,1999-09-20T00:00:00+00:00,179,,Right,South Korea,KR,KOR,3700000,
2547,1. FC Union Berlin,1-fc-union-berlin,Union Berlin,FCU,Germany,DE,DEU,953767,Andrej Ilić,Andrej,Ilic,andrej-ilic,A. Ilić,F,23,2000-04-03T00:00:00+00:00,189,,Right,Serbia,RS,SRB,8300000,
2547,1. FC Union Berlin,1-fc-union-berlin,Union Berlin,FCU,Germany,DE,DEU,608362,Oliver Burke,Oliver,Burke,oliver-burke,O. Burke,F,7,1997-04-07T00:00:00+00:00,188,75,Right,Scotland,SX,SCO,2900000,1877472000
2547,1. FC Union Berlin,1-fc-union-berlin,Union Berlin,FCU,Germany,DE,DEU,1513469,Livan Burcu,,,burcu-livan,L. Burcu,F,9,2004-09-28T00:00:00+00:00,178,,Right,Türkiye,TR,TUR,4200000,
2547,1. FC Union Berlin,1-fc-union-berlin,Union Berlin,FCU,Germany,DE,DEU,2311163,Linus Guther,Linus Güther,,linus-guther,L. Güther,F,49,2010-04-08T00:00:00+00:00,175,,Right,Germany,DE,DEU,1000000,1845936000
2547,1. FC Union Berlin,1-fc-union-berlin,Union Berlin,FCU,Germany,DE,DEU,1989789,Mekhi Gray,,,mekhi-gray,M. Gray,F,19,2007-02-19T00:00:00+00:00,194,,Right,Germany,DE,DEU,,
2547,1. FC Union Berlin,1-fc-union-berlin,Union Berlin,FCU,Germany,DE,DEU,1534058,Julien Friedrich,Julien Friedrich,,julien-friedrich,J. Friedrich,F,38,2006-11-12T00:00:00+00:00,176,,Left,Germany,DE,DEU,130000,
2547,1. FC Union Berlin,1-fc-union-berlin,Union Berlin,FCU,Germany,DE,DEU,791642,Josip Juranović,Josip,Juranovic,josip-juranovic,J. Juranović,M,18,1995-08-16T00:00:00+00:00,173,68,Right,Croatia,HR,HRV,2200000,
2547,1. FC Union Berlin,1-fc-union-berlin,Union Berlin,FCU,Germany,DE,DEU,877302,András Schäfer,Andras,Schafer,andras-schafer,A. Schäfer,M,13,1999-04-13T00:00:00+00:00,179,67,Both,Hungary,HU,HUN,4099999,1814313600
2547,1. FC Union Berlin,1-fc-union-berlin,Union Berlin,FCU,Germany,DE,DEU,886737,Derrick Köhn,Derrick,Kohn,derrick-kohn,D. Köhn,M,17,1999-02-04T00:00:00+00:00,180,,Left,Ghana,GH,GHA,4200000,1877472000
2547,1. FC Union Berlin,1-fc-union-berlin,Union Berlin,FCU,Germany,DE,DEU,149479,Rani Khedira,Rani,Khedira,rani-khedira,R. Khedira,M,8,1994-01-27T00:00:00+00:00,188,,Right,Tunisia,TN,TUN,2100000,1814313600
2547,1. FC Union Berlin,1-fc-union-berlin,Union Berlin,FCU,Germany,DE,DEU,850891,Michel Aebischer,Michel,Aebischer,michel-aebischer,M. Aebischer,M,20,1997-01-06T00:00:00+00:00,182,74,Right,Switzerland,CH,CHE,4200000,
2547,1. FC Union Berlin,1-fc-union-berlin,Union Berlin,FCU,Germany,DE,DEU,327863,Robert Skov,Robert,Skov,robert-skov,R. Skov,M,24,1996-05-20T00:00:00+00:00,183,79,Left,Denmark,DK,DNK,1900000,
2547,1. FC Union Berlin,1-fc-union-berlin,Union Berlin,FCU,Germany,DE,DEU,1198074,Aljoscha Kemlein,Aljoscha Kemlein,,aljoscha-kemlein,A. Kemlein,M,6,2004-08-02T00:00:00+00:00,185,,Right,Germany,DE,DEU,11000000,1877472000
2547,1. FC Union Berlin,1-fc-union-berlin,Union Berlin,FCU,Germany,DE,DEU,48557,Christopher Trimmel,,,christopher-trimmel,C. Trimmel,M,28,1987-02-24T00:00:00+00:00,189,80,Right,Austria,AT,AUT,555000,1814313600
2547,1. FC Union Berlin,1-fc-union-berlin,Union Berlin,FCU,Germany,DE,DEU,865520,Kastriot Imeri,Kastriot,Imeri,kastriot-imeri,K. Imeri,M,29,2000-06-27T00:00:00+00:00,173,73,Right,Switzerland,CH,CHE,2100000,
2547,1. FC Union Berlin,1-fc-union-berlin,Union Berlin,FCU,Germany,DE,DEU,800252,Tim Skarke,Tim,Skarke,tim-skarke,T. Skarke,M,21,1996-09-07T00:00:00+00:00,179,70,Right,Germany,DE,DEU,1500000,
2547,1. FC Union Berlin,1-fc-union-berlin,Union Berlin,FCU,Germany,DE,DEU,168985,Janik Haberer,Janik,Haberer,janik-haberer,J. Haberer,M,19,1994-04-02T00:00:00+00:00,187,78,Right,Germany,DE,DEU,2100000,1814313600
2547,1. FC Union Berlin,1-fc-union-berlin,Union Berlin,FCU,Germany,DE,DEU,792142,Felix Uduokhai,Felix,Uduokhai,felix-uduokhai,F. Uduokhai,D,2,1997-09-09T00:00:00+00:00,193,78,Left,Germany,DE,DEU,3200000,
2547,1. FC Union Berlin,1-fc-union-berlin,Union Berlin,FCU,Germany,DE,DEU,1086547,Leopold Querfeld,Leopold,Querfeld,leopold-querfeld,L. Querfeld,D,14,2003-12-20T00:00:00+00:00,190,,Right,Austria,AT,AUT,18900000,1814313600
2547,1. FC Union Berlin,1-fc-union-berlin,Union Berlin,FCU,Germany,DE,DEU,1210666,Tom Alexander Rothe,Tom Alexander,Rothe,tom-alexander-rothe,T. Rothe,D,15,2004-10-29T00:00:00+00:00,192,,Left,Germany,DE,DEU,10300000,
2547,1. FC Union Berlin,1-fc-union-berlin,Union Berlin,FCU,Germany,DE,DEU,1103765,Zeno Van Den Bosch,Zeno,Van Den Bosch,zeno-van-den-bosch,Z. Van Den Bosch,D,4,2003-07-06T00:00:00+00:00,191,,Right,Belgium,BE,BEL,6300000,
2547,1. FC Union Berlin,1-fc-union-berlin,Union Berlin,FCU,Germany,DE,DEU,904991,Stanley Nsoki,Stanley,Nsoki,stanley-nsoki,S. Nsoki,D,34,1999-04-09T00:00:00+00:00,184,,Left,France,FR,FRA,1800000,
2547,1. FC Union Berlin,1-fc-union-berlin,Union Berlin,FCU,Germany,DE,DEU,254449,Marvin Friedrich,Marvin,Friedrich,marvin-friedrich,M. Friedrich,D,5,1995-12-13T00:00:00+00:00,193,80,Right,Germany,DE,DEU,1900000,
2547,1. FC Union Berlin,1-fc-union-berlin,Union Berlin,FCU,Germany,DE,DEU,1534045,Andrik Markgraf,Andrik Markgraf,,andrik-markgraf,A. Markgraf,D,3,2006-09-07T00:00:00+00:00,172,,Left,Germany,DE,DEU,310000,
2547,1. FC Union Berlin,1-fc-union-berlin,Union Berlin,FCU,Germany,DE,DEU,137692,Frederik Rønnow,,,frederik-rnnow,F. Rønnow,G,1,1992-08-04T00:00:00+00:00,188,76,Right,Denmark,DK,DNK,2100000,
2547,1. FC Union Berlin,1-fc-union-berlin,Union Berlin,FCU,Germany,DE,DEU,842718,Matheo Raab,Matheo,Raab,matheo-raab,M. Raab,G,31,1998-12-18T00:00:00+00:00,186,,Right,Germany,DE,DEU,560000,
2547,1. FC Union Berlin,1-fc-union-berlin,Union Berlin,FCU,Germany,DE,DEU,148167,Carl Klaus,Carl,Klaus,carl-klaus,C. Klaus,G,25,1994-01-16T00:00:00+00:00,189,,Right,Germany,DE,DEU,335000,
2556,1. FSV Mainz 05,1-fsv-mainz-05,Mainz 05,M05,Germany,DE,DEU,1012235,Ransford Yeboah Königsdörffer,,,ransford-yeboah-konigsdorffer,R. Y. Königsdörffer,F,11,2001-09-13T00:00:00+00:00,182,,Right,Ghana,GH,GHA,4700000,
2556,1. FSV Mainz 05,1-fsv-mainz-05,Mainz 05,M05,Germany,DE,DEU,352544,Sheraldo Becker,Sheraldo,Becker,sheraldo-becker,S. Becker,F,23,1995-02-09T00:00:00+00:00,180,75,Right,Suriname,SR,SUR,1500000,
2556,1. FSV Mainz 05,1-fsv-mainz-05,Mainz 05,M05,Germany,DE,DEU,822340,Phillip Tietz,Phillip,Tietz,phillip-tietz,P. Tietz,F,9,1997-07-09T00:00:00+00:00,190,81,Right,Germany,DE,DEU,3800000,1845936000
2556,1. FSV Mainz 05,1-fsv-mainz-05,Mainz 05,M05,Germany,DE,DEU,975800,Benedict Hollerbach,,,benedict-hollerbach,B. Hollerbach,F,17,2001-05-17T00:00:00+00:00,181,,Right,Germany,DE,DEU,7500000,1877472000
2556,1. FSV Mainz 05,1-fsv-mainz-05,Mainz 05,M05,Germany,DE,DEU,2112003,Alynho Haidara,,,alynho-haidara,A. Haïdara,F,39,2008-07-26T00:00:00+00:00,190,,Right,Côte d'Ivoire,CI,CIV,,
2556,1. FSV Mainz 05,1-fsv-mainz-05,Mainz 05,M05,Germany,DE,DEU,949062,Silas,,,silas-katompa-mvumpa,S. K. Mvumpa,M,26,1998-10-06T00:00:00+00:00,189,,Right,DR Congo,CD,COD,2100000,
2556,1. FSV Mainz 05,1-fsv-mainz-05,Mainz 05,M05,Germany,DE,DEU,1028307,Kaishu Sano,,,kaishu-sano,K. Sano,M,6,2000-12-30T00:00:00+00:00,176,,Right,Japan,JP,JPN,53000000,1845936000
2556,1. FSV Mainz 05,1-fsv-mainz-05,Mainz 05,M05,Germany,DE,DEU,537552,Jae-sung Lee,Jae-sung,Lee,jae-sung-lee,J. Lee,M,7,1992-08-10T00:00:00+00:00,180,70,Left,South Korea,KR,KOR,2100000,
2556,1. FSV Mainz 05,1-fsv-mainz-05,Mainz 05,M05,Germany,DE,DEU,327755,Nadiem Amiri,Nadiem,Amiri,nadiem-amiri,N. Amiri,M,10,1996-10-27T00:00:00+00:00,180,73,Right,Germany,DE,DEU,15500000,1845936000
2556,1. FSV Mainz 05,1-fsv-mainz-05,Mainz 05,M05,Germany,DE,DEU,980621,Paul Nebel,Paul,Nebel,paul-nebel,P. Nebel,M,8,2002-10-10T00:00:00+00:00,169,,Both,Germany,DE,DEU,17200000,1814313600
2556,1. FSV Mainz 05,1-fsv-mainz-05,Mainz 05,M05,Germany,DE,DEU,988639,Eric Martel,,,martel-eric,E. Martel,M,5,2002-04-29T00:00:00+00:00,186,,Right,Germany,DE,DEU,8199999,
2556,1. FSV Mainz 05,1-fsv-mainz-05,Mainz 05,M05,Germany,DE,DEU,157377,Silvan Widmer,Silvan,Widmer,silvan-widmer,S. Widmer,M,30,1993-03-05T00:00:00+00:00,182,79,Right,Switzerland,CH,CHE,730000,
2556,1. FSV Mainz 05,1-fsv-mainz-05,Mainz 05,M05,Germany,DE,DEU,138126,Phillipp Mwene,Phillipp,Mwene,phillipp-mwene,P. Mwene,M,2,1994-01-29T00:00:00+00:00,170,66,Right,Austria,AT,AUT,1600000,
2556,1. FSV Mainz 05,1-fsv-mainz-05,Mainz 05,M05,Germany,DE,DEU,1028306,Sota Kawasaki,,,sota-kawasaki,S. Kawasaki,M,24,2001-07-30T00:00:00+00:00,171,,Right,Japan,JP,JPN,1800000,
2556,1. FSV Mainz 05,1-fsv-mainz-05,Mainz 05,M05,Germany,DE,DEU,846471,Anthony Caci,Anthony,Caci,anthony-caci,A. Caci,M,19,1997-07-01T00:00:00+00:00,184,70,Right,France,FR,FRA,6800000,1845936000
2556,1. FSV Mainz 05,1-fsv-mainz-05,Mainz 05,M05,Germany,DE,DEU,1175898,Otto Ruoppi,Otto Ruoppi,,otto-ruoppi,O. Ruoppi,M,20,2006-01-31T00:00:00+00:00,180,,Right,Finland,FI,FIN,1000000,1909008000
2556,1. FSV Mainz 05,1-fsv-mainz-05,Mainz 05,M05,Germany,DE,DEU,893962,Lennard Maloney,,,lennard-maloney,L. Maloney,M,15,1999-10-08T00:00:00+00:00,187,,Right,USA,US,USA,2600000,1845936000
2556,1. FSV Mainz 05,1-fsv-mainz-05,Mainz 05,M05,Germany,DE,DEU,1548910,Kacper Potulski,Kacper Potulski,,kacper-potulski,K. Potulski,D,48,2007-10-19T00:00:00+00:00,195,,Right,Poland,PL,POL,16600000,1845936000
2556,1. FSV Mainz 05,1-fsv-mainz-05,Mainz 05,M05,Germany,DE,DEU,355486,Stefan Posch,Stefan,Posch,stefan-posch,S. Posch,D,4,1997-05-14T00:00:00+00:00,188,76,Right,Austria,AT,AUT,6200000,
2556,1. FSV Mainz 05,1-fsv-mainz-05,Mainz 05,M05,Germany,DE,DEU,1130119,Fabio Gruber,Fabio,Gruber,fabio-gruber,F. Gruber,D,3,2002-09-03T00:00:00+00:00,188,,Right,Peru,PE,PER,2900000,1909008000
2556,1. FSV Mainz 05,1-fsv-mainz-05,Mainz 05,M05,Germany,DE,DEU,152206,Dominik Kohr,Dominik,Kohr,dominik-kohr,D. Kohr,D,31,1994-01-31T00:00:00+00:00,183,79,Right,Germany,DE,DEU,1900000,1845936000
2556,1. FSV Mainz 05,1-fsv-mainz-05,Mainz 05,M05,Germany,DE,DEU,97926,Danny da Costa,,,danny-da-costa,D. Costa,D,21,1993-07-13T00:00:00+00:00,186,85,Right,Germany,DE,DEU,1100000,1814313600
2556,1. FSV Mainz 05,1-fsv-mainz-05,Mainz 05,M05,Germany,DE,DEU,106662,Stefan Bell,Stefan,Bell,stefan-bell,S. Bell,D,16,1991-08-24T00:00:00+00:00,192,86,Right,Germany,DE,DEU,620000,1814313600
2556,1. FSV Mainz 05,1-fsv-mainz-05,Mainz 05,M05,Germany,DE,DEU,2650701,Rael Nakuzola,Rael,Nakuzola,rael-nakuzola,R. Nakuzola,D,47,2007-04-28T00:00:00+00:00,191,,Left,Germany,DE,DEU,,
2556,1. FSV Mainz 05,1-fsv-mainz-05,Mainz 05,M05,Germany,DE,DEU,174345,Robin Zentner,Robin,Zentner,robin-zentner,R. Zentner,G,27,1994-10-28T00:00:00+00:00,193,96,Right,Germany,DE,DEU,2400000,1845936000
2556,1. FSV Mainz 05,1-fsv-mainz-05,Mainz 05,M05,Germany,DE,DEU,134778,Alexander Schwolow,Alexander,Schwolow,alexander-schwolow,A. Schwolow,G,1,1992-06-02T00:00:00+00:00,189,83,Both,Germany,DE,DEU,465000,
2556,1. FSV Mainz 05,1-fsv-mainz-05,Mainz 05,M05,Germany,DE,DEU,1131885,Maximilian Kinzig,Maximilian,Kinzig,maximilian-kinzig,M. Kinzig,G,40,2003-12-04T00:00:00+00:00,188,,Right,Germany,DE,DEU,155000,
2681,Bayer 04 Leverkusen,bayer-04-leverkusen,Leverkusen,B04,Germany,DE,DEU,1407524,Ibrahim Maza,Ibrahim,Maza,ibrahim-maza,I. Maza,F,30,2005-11-24T00:00:00+00:00,181,,Right,Algeria,DZ,DZA,41000000,1909008000
2681,Bayer 04 Leverkusen,bayer-04-leverkusen,Leverkusen,B04,Germany,DE,DEU,978521,Victor Okoh Boniface,,,victor-okoh-boniface,V. O. Boniface,F,22,2000-12-23T00:00:00+00:00,193,,Right,Nigeria,NG,NGA,5500000,1845936000
2681,Bayer 04 Leverkusen,bayer-04-leverkusen,Leverkusen,B04,Germany,DE,DEU,1394353,Eliesse Ben Seghir,Eliesse,Ben Seghir,eliesse-ben-seghir,E. Ben Seghir,F,17,2005-02-16T00:00:00+00:00,178,,Right,Morocco,MA,MAR,21000000,1909008000
2681,Bayer 04 Leverkusen,bayer-04-leverkusen,Leverkusen,B04,Germany,DE,DEU,280609,Patrik Schick,Patrik,Schick,patrik-schick,P. Schick,F,14,1996-01-24T00:00:00+00:00,191,73,Left,Czechia,CZ,CZE,16600000,1909008000
2681,Bayer 04 Leverkusen,bayer-04-leverkusen,Leverkusen,B04,Germany,DE,DEU,2029648,Christian Kofane,Christian,Kofane,christian-kofane,C. Kofane,F,35,2006-07-26T00:00:00+00:00,189,,Right,Cameroon,CM,CMR,41000000,1877472000
2681,Bayer 04 Leverkusen,bayer-04-leverkusen,Leverkusen,B04,Germany,DE,DEU,1215906,Afonso Moreira,Afonso,Moreira,afonso-moreira,A. Moreira,F,9,2005-03-19T00:00:00+00:00,175,,Right,Portugal,PT,PRT,18400000,1940544000
2681,Bayer 04 Leverkusen,bayer-04-leverkusen,Leverkusen,B04,Germany,DE,DEU,920379,Nathan Tella,,,nathan-tella,N. Tella,F,23,1999-07-05T00:00:00+00:00,173,,Right,Nigeria,NG,NGA,15800000,1940544000
2681,Bayer 04 Leverkusen,bayer-04-leverkusen,Leverkusen,B04,Germany,DE,DEU,846445,Martin Terrier,,,martin-terrier,M. Terrier,F,11,1997-03-04T00:00:00+00:00,184,71,Right,France,FR,FRA,7400000,1877472000
2681,Bayer 04 Leverkusen,bayer-04-leverkusen,Leverkusen,B04,Germany,DE,DEU,142390,Jonas Hofmann,Jonas,Hofmann,jonas-hofmann,J. Hofmann,F,7,1992-07-14T00:00:00+00:00,176,70,Right,Germany,DE,DEU,1600000,1814313600
2681,Bayer 04 Leverkusen,bayer-04-leverkusen,Leverkusen,B04,Germany,DE,DEU,2111739,Ndjicoura Bomba,,,ndjicoura-bomba,N. Bomba,F,9,2008-03-12T00:00:00+00:00,188,,,Mali,ML,MLI,1600000,1909008000
2681,Bayer 04 Leverkusen,bayer-04-leverkusen,Leverkusen,B04,Germany,DE,DEU,255239,Lucas Vázquez,,,lucas-vazquez,L. Vázquez,M,17,1991-07-01T00:00:00+00:00,173,70,Right,Spain,ES,ESP,1600000,1814313600
2681,Bayer 04 Leverkusen,bayer-04-leverkusen,Leverkusen,B04,Germany,DE,DEU,975798,Malik Tillman,,,malik-tillman,M. Tillman,M,10,2002-05-28T00:00:00+00:00,186,,Right,USA,US,USA,27000000,1909008000
2681,Bayer 04 Leverkusen,bayer-04-leverkusen,Leverkusen,B04,Germany,DE,DEU,855817,Moussa Diaby,Moussa,Diaby,moussa-diaby,M. Diaby,M,19,1999-07-07T00:00:00+00:00,170,,Left,France,FR,FRA,26000000,1940544000
2681,Bayer 04 Leverkusen,bayer-04-leverkusen,Leverkusen,B04,Germany,DE,DEU,1003012,Ezequiel Fernández,Ezequiel,Fernandez,ezequiel-fernandez,E. Fernández,M,6,2002-07-25T00:00:00+00:00,178,,Left,Argentina,AR,ARG,21000000,1909008000
2681,Bayer 04 Leverkusen,bayer-04-leverkusen,Leverkusen,B04,Germany,DE,DEU,796047,Aleix García,Aleix,Garcia,aleix-garcia,A. García,M,24,1997-06-28T00:00:00+00:00,173,61,Right,Spain,ES,ESP,21000000,1877472000
2681,Bayer 04 Leverkusen,bayer-04-leverkusen,Leverkusen,B04,Germany,DE,DEU,1961762,Kennet Eichhorn,Kennet Eichhorn,,kennet-eichhorn,K. Eichhorn,M,18,2009-07-27T00:00:00+00:00,186,,Right,Germany,DE,DEU,21000000,1940544000
2681,Bayer 04 Leverkusen,bayer-04-leverkusen,Leverkusen,B04,Germany,DE,DEU,1568522,Montrell Culbreath,Montrell Culbreath,,montrell-culbreath,M. Culbreath,M,42,2007-08-29T00:00:00+00:00,172,,Right,Germany,DE,DEU,15600000,1940544000
2681,Bayer 04 Leverkusen,bayer-04-leverkusen,Leverkusen,B04,Germany,DE,DEU,1489216,Naba Mensah,Naba Mensah,,naba-mensah,N. Mensah,M,45,2007-05-08T00:00:00+00:00,,,Both,Germany,DE,DEU,,1814313600
2681,Bayer 04 Leverkusen,bayer-04-leverkusen,Leverkusen,B04,Germany,DE,DEU,883262,Edmond Tapsoba,Edmond,Tapsoba,edmond-tapsoba,E. Tapsoba,D,12,1999-02-02T00:00:00+00:00,193,,Right,Burkina Faso,BF,BFA,37000000,1940544000
2681,Bayer 04 Leverkusen,bayer-04-leverkusen,Leverkusen,B04,Germany,DE,DEU,1002033,Guéla Doué,,,guela-doue,G. Doué,D,22,2002-10-17T00:00:00+00:00,187,,Right,Côte d'Ivoire,CI,CIV,21000000,1940544000
2681,Bayer 04 Leverkusen,bayer-04-leverkusen,Leverkusen,B04,Germany,DE,DEU,1003339,Jarell Quansah,,,jarell-quansah,J. Quansah,D,4,2003-01-29T00:00:00+00:00,190,,Right,England,EN,ENG,48000000,1909008000
2681,Bayer 04 Leverkusen,bayer-04-leverkusen,Leverkusen,B04,Germany,DE,DEU,860307,Facundo Medina,,,facundo-medina,F. Medina,D,2,1999-05-28T00:00:00+00:00,184,76,Left,Argentina,AR,ARG,16300000,1940544000
2681,Bayer 04 Leverkusen,bayer-04-leverkusen,Leverkusen,B04,Germany,DE,DEU,908716,Miguel Gutiérrez,Miguel,Gutierrez,miguel-gutierrez,M. Gutiérrez,D,3,2001-07-27T00:00:00+00:00,180,,Left,Spain,ES,ESP,24000000,1940544000
2681,Bayer 04 Leverkusen,bayer-04-leverkusen,Leverkusen,B04,Germany,DE,DEU,168903,Robert Andrich,Robert,Andrich,robert-andrich,R. Andrich,D,8,1994-09-22T00:00:00+00:00,189,78,Right,Germany,DE,DEU,6200000,1845936000
2681,Bayer 04 Leverkusen,bayer-04-leverkusen,Leverkusen,B04,Germany,DE,DEU,1006489,Loïc Badé,,,loic-bade,L. Badé,D,5,2000-04-11T00:00:00+00:00,191,,Right,France,FR,FRA,19400000,1909008000
2681,Bayer 04 Leverkusen,bayer-04-leverkusen,Leverkusen,B04,Germany,DE,DEU,1138778,Tim Oermann,,,tim-oermann,T. Oermann,D,15,2003-10-06T00:00:00+00:00,187,76,Right,Germany,DE,DEU,4099999,1877472000
2681,Bayer 04 Leverkusen,bayer-04-leverkusen,Leverkusen,B04,Germany,DE,DEU,171919,Mark Flekken,Mark,Flekken,mark-flekken,M. Flekken,G,1,1993-06-13T00:00:00+00:00,194,74,Both,Netherlands,NL,NLD,6400000,1845936000
2681,Bayer 04 Leverkusen,bayer-04-leverkusen,Leverkusen,B04,Germany,DE,DEU,96832,Janis Blaswich,,,janis-blaswich,J. Blaswich,G,28,1991-05-02T00:00:00+00:00,193,86,Right,Germany,DE,DEU,650000,1814313600
2681,Bayer 04 Leverkusen,bayer-04-leverkusen,Leverkusen,B04,Germany,DE,DEU,142471,Niklas Lomb,Niklas,Lomb,niklas-lomb,N. Lomb,G,36,1993-07-28T00:00:00+00:00,188,84,Right,Germany,DE,DEU,240000,1814313600
2673,Borussia Dortmund,borussia-dortmund,Dortmund,BVB,Germany,DE,DEU,328027,Serhou Guirassy,Serhou,Guirassy,serhou-guirassy,S. Guirassy,F,9,1996-03-12T00:00:00+00:00,187,82,Right,Guinea,GN,GIN,34000000,1845936000
2673,Borussia Dortmund,borussia-dortmund,Dortmund,BVB,Germany,DE,DEU,980628,Maximilian Beier,Maximilian,Beier,maximilian-beier,M. Beier,F,14,2002-10-17T00:00:00+00:00,183,,Right,Germany,DE,DEU,43000000,1877472000
2673,Borussia Dortmund,borussia-dortmund,Dortmund,BVB,Germany,DE,DEU,954076,Fábio Silva,Fabio,Silva,fabio-silva,F. Silva,F,21,2002-07-19T00:00:00+00:00,185,,Right,Portugal,PT,PRT,21000000,1909008000
2673,Borussia Dortmund,borussia-dortmund,Dortmund,BVB,Germany,DE,DEU,1937835,Mathis Albert,Mathis Albert,,mathis-albert,M. Albert,F,41,2009-05-21T00:00:00+00:00,179,,Right,USA,US,USA,310000,1814313600
2673,Borussia Dortmund,borussia-dortmund,Dortmund,BVB,Germany,DE,DEU,1134083,Jobe Bellingham,Jobe Bellingham,,jobe-bellingham,J. Bellingham,M,7,2005-09-23T00:00:00+00:00,189,,Right,England,EN,ENG,38000000,1909008000
2673,Borussia Dortmund,borussia-dortmund,Dortmund,BVB,Germany,DE,DEU,1401702,Ethan Nwaneri,,,ethan-nwaneri,E. Nwaneri,M,18,2007-03-21T00:00:00+00:00,176,,Left,England,EN,ENG,34000000,1814313600
2673,Borussia Dortmund,borussia-dortmund,Dortmund,BVB,Germany,DE,DEU,1468744,Konstantinos Karetsas,,,konstantinos-karetsas,K. Karetsas,M,19,2007-11-19T00:00:00+00:00,171,,Left,Greece,GR,GRC,34000000,1940544000
2673,Borussia Dortmund,borussia-dortmund,Dortmund,BVB,Germany,DE,DEU,994556,Carney Chukwuemeka,,,carney-chukwuemeka,C. Chukwuemeka,M,17,2003-10-20T00:00:00+00:00,185,,Right,Austria,AT,AUT,18100000,1909008000
2673,Borussia Dortmund,borussia-dortmund,Dortmund,BVB,Germany,DE,DEU,907463,Felix Nmecha,Felix,Nmecha,felix-nmecha,F. Nmecha,M,8,2000-10-10T00:00:00+00:00,190,,Right,Germany,DE,DEU,53000000,1909008000
2673,Borussia Dortmund,borussia-dortmund,Dortmund,BVB,Germany,DE,DEU,133908,Marcel Sabitzer,Marcel,Sabitzer,marcel-sabitzer,M. Sabitzer,M,20,1994-03-17T00:00:00+00:00,177,74,Right,Austria,AT,AUT,6200000,1814313600
2673,Borussia Dortmund,borussia-dortmund,Dortmund,BVB,Germany,DE,DEU,1002007,Giannis Konstantelias,,,konstantelias-giannis,G. Konstantelias,M,45,2003-03-05T00:00:00+00:00,178,,Both,Greece,GR,GRC,20000000,1940544000
2673,Borussia Dortmund,borussia-dortmund,Dortmund,BVB,Germany,DE,DEU,800951,Julian Ryerson,Julian,Ryerson,julian-ryerson,J. Ryerson,M,26,1997-11-17T00:00:00+00:00,183,70,Right,Norway,NO,NOR,24000000,1845936000
2673,Borussia Dortmund,borussia-dortmund,Dortmund,BVB,Germany,DE,DEU,1861666,Samuele Inacio,Samuele Inacio,,samuele-inacio,S. Inacio,M,40,2008-04-02T00:00:00+00:00,175,,Right,Italy,IT,ITA,15900000,1877472000
2673,Borussia Dortmund,borussia-dortmund,Dortmund,BVB,Germany,DE,DEU,850816,Joey Veerman,Joey,Veerman,joey-veerman,J. Veerman,M,25,1998-11-19T00:00:00+00:00,185,,Right,Netherlands,NL,NLD,26000000,1940544000
2673,Borussia Dortmund,borussia-dortmund,Dortmund,BVB,Germany,DE,DEU,1021272,Daniel Svensson,,,daniel-svensson,D. Svensson,M,24,2002-02-12T00:00:00+00:00,183,,Left,Sweden,SE,SWE,20000000,1877472000
2673,Borussia Dortmund,borussia-dortmund,Dortmund,BVB,Germany,DE,DEU,1836843,Justin Lerma,Justin Lerma,,lerma-justin,J. Lerma,M,28,2008-05-05T00:00:00+00:00,176,,Right,Ecuador,EC,ECU,3100000,1940544000
2673,Borussia Dortmund,borussia-dortmund,Dortmund,BVB,Germany,DE,DEU,1931662,Mussa Kaba,Mussa Kaba,,mussa-kaba,M. Kaba,M,48,2008-11-17T00:00:00+00:00,194,,Right,Germany,DE,DEU,215000,1940544000
2673,Borussia Dortmund,borussia-dortmund,Dortmund,BVB,Germany,DE,DEU,1957706,Enzo Duarte,Enzo,Duarte,enzo-de-pina-duarte-dos-santos,E.Duarte,M,44,2009-01-28T00:00:00+00:00,186,,Right,Luxembourg,LU,LUX,240000,1877472000
2673,Borussia Dortmund,borussia-dortmund,Dortmund,BVB,Germany,DE,DEU,577726,Ramy Bensebaini,Ramy,Bensebaini,ramy-bensebaini,R. Bensebaini,D,5,1995-04-16T00:00:00+00:00,186,75,Left,Algeria,DZ,DZA,7400000,1814313600
2673,Borussia Dortmund,borussia-dortmund,Dortmund,BVB,Germany,DE,DEU,940871,Nico Schlotterbeck,Nico,Schlotterbeck,nico-schlotterbeck,N. Schlotterbeck,D,4,1999-12-01T00:00:00+00:00,191,,Left,Germany,DE,DEU,57000000,1940544000
2673,Borussia Dortmund,borussia-dortmund,Dortmund,BVB,Germany,DE,DEU,138156,Emre Can,Emre,Can,emre-can,E. Can,D,23,1994-01-12T00:00:00+00:00,186,82,Right,Germany,DE,DEU,3200000,1814313600
2673,Borussia Dortmund,borussia-dortmund,Dortmund,BVB,Germany,DE,DEU,799046,Waldemar Anton,Waldemar,Anton,waldemar-anton,W. Anton,D,3,1996-07-20T00:00:00+00:00,189,75,Right,Germany,DE,DEU,19700000,1845936000
2673,Borussia Dortmund,borussia-dortmund,Dortmund,BVB,Germany,DE,DEU,1137131,Filippo Mané,,,filippo-calixte-mane,F. Mané,D,39,2005-03-08T00:00:00+00:00,188,82,Right,Italy,IT,ITA,2400000,1845936000
2673,Borussia Dortmund,borussia-dortmund,Dortmund,BVB,Germany,DE,DEU,1887796,Kauã Prates,,,kaua-prates-de-almeida,K. Prates,D,36,2008-08-11T00:00:00+00:00,182,,Left,Brazil,BR,BRA,10300000,1940544000
2673,Borussia Dortmund,borussia-dortmund,Dortmund,BVB,Germany,DE,DEU,1937833,Luca Reggiani,Luca Reggiani,,luca-reggiani,L. Reggiani,D,49,2008-01-09T00:00:00+00:00,192,,Right,Italy,IT,ITA,9700000,
2673,Borussia Dortmund,borussia-dortmund,Dortmund,BVB,Germany,DE,DEU,1471049,Joane Gadou,,,joane-gadou,J. Gadou,D,22,2007-01-17T00:00:00+00:00,195,,Right,France,FR,FRA,18500000,1940544000
2673,Borussia Dortmund,borussia-dortmund,Dortmund,BVB,Germany,DE,DEU,556866,Gregor Kobel,Gregor,Kobel,gregor-kobel,G. Kobel,G,1,1997-12-06T00:00:00+00:00,193,,Right,Switzerland,CH,CHE,41000000,1845936000
2673,Borussia Dortmund,borussia-dortmund,Dortmund,BVB,Germany,DE,DEU,138491,Alexander Meyer,Alexander,Meyer,alexander-meyer,A. Meyer,G,33,1991-04-13T00:00:00+00:00,196,88,Right,Germany,DE,DEU,475000,1814313600
2673,Borussia Dortmund,borussia-dortmund,Dortmund,BVB,Germany,DE,DEU,1140591,Silas Ostrzinski,Silas Ostrzinski,,silas-ostrzinski,S. Ostrzinski,G,31,2003-11-19T00:00:00+00:00,197,,Right,Germany,DE,DEU,205000,1814313600
2673,Borussia Dortmund,borussia-dortmund,Dortmund,BVB,Germany,DE,DEU,132607,Patrick Drewes,Patrick,Drewes,patrick-drewes,P. Drewes,G,30,1993-02-04T00:00:00+00:00,194,86,Right,Germany,DE,DEU,315000,1814313600
2527,Borussia M'gladbach,borussia-mgladbach,M'gladbach,BMG,Germany,DE,DEU,228981,Tim Kleindienst,Tim,Kleindienst,tim-kleindienst,T. Kleindienst,F,11,1995-08-31T00:00:00+00:00,194,82,Right,Germany,DE,DEU,7700000,1877472000
2527,Borussia M'gladbach,borussia-mgladbach,M'gladbach,BMG,Germany,DE,DEU,877835,Nicolas-Gerrit Kühn,Nicolas,Kuhn,nicolas-gerrit-kuhn,N. Kühn,F,19,2000-01-01T00:00:00+00:00,174,,Left,Germany,DE,DEU,9400000,1877472000
2527,Borussia M'gladbach,borussia-mgladbach,M'gladbach,BMG,Germany,DE,DEU,925910,Shuto Machino,Shuto,Machino,shuto-machino,S. Machino,F,18,1999-09-30T00:00:00+00:00,185,77,Both,Japan,JP,JPN,3900000,1877472000
2527,Borussia M'gladbach,borussia-mgladbach,M'gladbach,BMG,Germany,DE,DEU,798175,Isac Lidberg,Isac,Lidberg,isac-lidberg,I. Lidberg,F,3,1998-09-08T00:00:00+00:00,185,82,Right,Sweden,SE,SWE,5300000,1909008000
2527,Borussia M'gladbach,borussia-mgladbach,M'gladbach,BMG,Germany,DE,DEU,2276906,Iaia Manco Danfa,,,iaia-manco-danfa,I. M. Danfa,F,39,2007-04-06T00:00:00+00:00,188,,Right,Guinea-Bissau,GW,GNB,245000,1845936000
2527,Borussia M'gladbach,borussia-mgladbach,M'gladbach,BMG,Germany,DE,DEU,1995809,Wael Mohya,Wael Mohya,,wael-mohya,W. Mohya,M,36,2008-12-31T00:00:00+00:00,176,,Right,Germany,DE,DEU,18700000,
2527,Borussia M'gladbach,borussia-mgladbach,M'gladbach,BMG,Germany,DE,DEU,1019312,Jens Castrop,,,jens-castrop,J. Castrop,M,17,2003-07-29T00:00:00+00:00,177,,Right,South Korea,KR,KOR,9300000,1877472000
2527,Borussia M'gladbach,borussia-mgladbach,M'gladbach,BMG,Germany,DE,DEU,1142210,Hugo Bolin,Hugo Bolin,,bolin-hugo,H. Bolin,M,38,2003-07-24T00:00:00+00:00,179,,Right,Sweden,SE,SWE,6200000,1909008000
2527,Borussia M'gladbach,borussia-mgladbach,M'gladbach,BMG,Germany,DE,DEU,837205,Florian Neuhaus,Florian,Neuhaus,florian-neuhaus,F. Neuhaus,M,10,1997-03-16T00:00:00+00:00,185,68,Right,Germany,DE,DEU,2700000,1814313600
2527,Borussia M'gladbach,borussia-mgladbach,M'gladbach,BMG,Germany,DE,DEU,95381,Kevin Stöger,,,kevin-stoger,K. Stöger,M,7,1993-08-27T00:00:00+00:00,175,70,Left,Austria,AT,AUT,1900000,1814313600
2527,Borussia M'gladbach,borussia-mgladbach,M'gladbach,BMG,Germany,DE,DEU,280453,Franck Honorat,Franck,Honorat,franck-honorat,F. Honorat,M,9,1996-08-11T00:00:00+00:00,180,70,Right,France,FR,FRA,6500000,1877472000
2527,Borussia M'gladbach,borussia-mgladbach,M'gladbach,BMG,Germany,DE,DEU,876858,Robin Hack,Robin,Hack,robin-hack,R. Hack,M,25,1998-08-27T00:00:00+00:00,176,69,Right,Germany,DE,DEU,6500000,1877472000
2527,Borussia M'gladbach,borussia-mgladbach,M'gladbach,BMG,Germany,DE,DEU,1009161,Enzo Leopold,Enzo,Leopold,enzo-leopold,E. Leopold,M,8,2000-07-21T00:00:00+00:00,174,,Right,Germany,DE,DEU,4200000,1909008000
2527,Borussia M'gladbach,borussia-mgladbach,M'gladbach,BMG,Germany,DE,DEU,1184035,Zento Uno,Zento Uno,,uno-zento,Z. Uno,M,47,2003-11-20T00:00:00+00:00,176,72,Right,Japan,JP,JPN,970000,1909008000
2527,Borussia M'gladbach,borussia-mgladbach,M'gladbach,BMG,Germany,DE,DEU,1861977,Mathieu Nguefack ,Mathieu Nguefack ,,mathieu-nguefack,M. Nguefack ,M,34,2008-05-14T00:00:00+00:00,175,,Both,Germany,DE,DEU,1600000,1814313600
2527,Borussia M'gladbach,borussia-mgladbach,M'gladbach,BMG,Germany,DE,DEU,1925476,Fritz Fleck,Fritz Fleck,,fritz-fleck,F. Fleck,M,27,2007-05-30T00:00:00+00:00,170,,Left,Germany,DE,DEU,280000,1845936000
2527,Borussia M'gladbach,borussia-mgladbach,M'gladbach,BMG,Germany,DE,DEU,583806,Kevin Diks,Kevin,Diks,kevin-diks,K. Diks,D,4,1996-10-06T00:00:00+00:00,186,84,Right,Indonesia,ID,IDN,4800000,1909008000
2527,Borussia M'gladbach,borussia-mgladbach,M'gladbach,BMG,Germany,DE,DEU,790989,Ko Itakura,Ko,Itakura,kou-itakura,K. Itakura,D,6,1997-01-27T00:00:00+00:00,189,75,Right,Japan,JP,JPN,8400000,1909008000
2527,Borussia M'gladbach,borussia-mgladbach,M'gladbach,BMG,Germany,DE,DEU,1002920,Joe Scally,Joe,Scally,joe-scally,J. Scally,D,29,2002-12-31T00:00:00+00:00,184,67,Right,USA,US,USA,6600000,1814313600
2527,Borussia M'gladbach,borussia-mgladbach,M'gladbach,BMG,Germany,DE,DEU,897334,Daiki Hashioka,Daiki,Hashioka,daiki-hashioka,D. Hashioka,D,14,1999-05-17T00:00:00+00:00,185,73,Right,Japan,JP,JPN,1500000,1814313600
2527,Borussia M'gladbach,borussia-mgladbach,M'gladbach,BMG,Germany,DE,DEU,1130067,Fabio Chiarodia,Fabio Chiarodia,,fabio-chiarodia,F. Chiarodia,D,2,2005-06-05T00:00:00+00:00,186,,Left,Italy,IT,ITA,2900000,1845936000
2527,Borussia M'gladbach,borussia-mgladbach,M'gladbach,BMG,Germany,DE,DEU,1823942,Jan Leszczyński,Jan Leszczynski,,jan-leszczynski,J. Leszczyński,D,5,2007-04-12T00:00:00+00:00,191,,Both,Poland,PL,POL,645000,1909008000
2527,Borussia M'gladbach,borussia-mgladbach,M'gladbach,BMG,Germany,DE,DEU,904852,Yukhym Konoplya,Yukhym,Konoplya,yukhym-konoplya,Y. Konoplya,D,22,1999-08-26T00:00:00+00:00,180,,Right,Ukraine,UA,UKR,5400000,1877472000
2527,Borussia M'gladbach,borussia-mgladbach,M'gladbach,BMG,Germany,DE,DEU,1083382,Lukas Ullrich,Lukas Ullrich,,lukas-ullrich,L. Ullrich,D,26,2004-03-16T00:00:00+00:00,177,,Left,Germany,DE,DEU,6200000,1877472000
2527,Borussia M'gladbach,borussia-mgladbach,M'gladbach,BMG,Germany,DE,DEU,939880,Philipp Sander,,,philipp-sander,P. Sander,D,16,1998-02-21T00:00:00+00:00,185,,Right,Germany,DE,DEU,4200000,1845936000
2527,Borussia M'gladbach,borussia-mgladbach,M'gladbach,BMG,Germany,DE,DEU,997178,David Herold,,,david-herold,D. Herold,D,20,2003-02-20T00:00:00+00:00,185,,Left,Germany,DE,DEU,4300000,1909008000
2527,Borussia M'gladbach,borussia-mgladbach,M'gladbach,BMG,Germany,DE,DEU,578166,Moritz Nicolas,Moritz,Nicolas,moritz-nicolas,M. Nicolas,G,1,1997-10-21T00:00:00+00:00,193,87,Right,Germany,DE,DEU,7700000,1877472000
2527,Borussia M'gladbach,borussia-mgladbach,M'gladbach,BMG,Germany,DE,DEU,94312,Daniel Batz,,,daniel-batz,D. Batz,G,33,1991-01-12T00:00:00+00:00,189,84,Right,Germany,DE,DEU,370000,1877472000
2527,Borussia M'gladbach,borussia-mgladbach,M'gladbach,BMG,Germany,DE,DEU,972510,Jan Olschowsky,,,jan-olschowsky,J. Olschowsky,G,23,2001-11-18T00:00:00+00:00,182,,Right,Germany,DE,DEU,465000,1814313600
2527,Borussia M'gladbach,borussia-mgladbach,M'gladbach,BMG,Germany,DE,DEU,8772,Tobias Sippel,,,tobias-sippel,T. Sippel,G,21,1988-03-22T00:00:00+00:00,180,78,Right,Germany,DE,DEU,290000,1814313600
2674,Eintracht Frankfurt,eintracht-frankfurt,Frankfurt,SGE,Germany,DE,DEU,1898148,Ayoube Amaimouni Echghouyab,Ayoube,Amaimouni Echghouyab,ayoube-amaimouni-echghouyab,A. Amaimouni Echghouyab,F,29,2004-11-30T00:00:00+00:00,178,,Left,Morocco,MA,MAR,10900000,1940544000
2674,Eintracht Frankfurt,eintracht-frankfurt,Frankfurt,SGE,Germany,DE,DEU,939830,Jonathan Burkardt,,,jonathan-burkardt,J. Burkardt,F,9,2000-07-11T00:00:00+00:00,181,,Right,Germany,DE,DEU,29000000,1909008000
2674,Eintracht Frankfurt,eintracht-frankfurt,Frankfurt,SGE,Germany,DE,DEU,1474296,Younes Ebnoutalib,,,ebnoutalib-younes,Y. Ebnoutalib,F,11,2003-09-13T00:00:00+00:00,191,,Right,Germany,DE,DEU,8800000,1940544000
2674,Eintracht Frankfurt,eintracht-frankfurt,Frankfurt,SGE,Germany,DE,DEU,997012,Ansgar Knauff,,,ansgar-knauff,A. Knauff,F,7,2002-01-10T00:00:00+00:00,180,,Right,Germany,DE,DEU,15500000,1845936000
2674,Eintracht Frankfurt,eintracht-frankfurt,Frankfurt,SGE,Germany,DE,DEU,906276,Jessic Ngankam,Jessic,Ngankam,jessic-ngankam,J. Ngankam,F,32,2000-07-20T00:00:00+00:00,180,,Right,Germany,DE,DEU,720000,1845936000
2674,Eintracht Frankfurt,eintracht-frankfurt,Frankfurt,SGE,Germany,DE,DEU,1957761,Malik Pimpong,Malik Pimpong,,malik-pimpong,M. Pimpong,F,35,2008-01-01T00:00:00+00:00,190,,Right,Denmark,DK,DNK,4300000,1940544000
2674,Eintracht Frankfurt,eintracht-frankfurt,Frankfurt,SGE,Germany,DE,DEU,1192318,Farès Chaïbi,Fares,Chaibi,fares-chaibi,F. Chaïbi,M,8,2002-11-28T00:00:00+00:00,183,,Right,Algeria,DZ,DZA,14500000,1845936000
2674,Eintracht Frankfurt,eintracht-frankfurt,Frankfurt,SGE,Germany,DE,DEU,1440948,Can Uzun,Can Uzun,,can-uzun,C. Uzun,M,42,2005-11-11T00:00:00+00:00,186,,Both,Türkiye,TR,TUR,44000000,1877472000
2674,Eintracht Frankfurt,eintracht-frankfurt,Frankfurt,SGE,Germany,DE,DEU,790965,Ritsu Doan,Ritsu,Doan,ritsu-doan,R. Doan,M,20,1998-06-16T00:00:00+00:00,172,70,Left,Japan,JP,JPN,15600000,1909008000
2674,Eintracht Frankfurt,eintracht-frankfurt,Frankfurt,SGE,Germany,DE,DEU,1129862,Raphael Onyedika,Raphael,Onyedika,raphael-onyedika,R. Onyedika,M,25,2001-04-19T00:00:00+00:00,184,,Right,Nigeria,NG,NGA,24000000,1940544000
2674,Eintracht Frankfurt,eintracht-frankfurt,Frankfurt,SGE,Germany,DE,DEU,66518,Mario Götze,,,mario-gotze,M. Götze,M,27,1992-06-03T00:00:00+00:00,176,75,Right,Germany,DE,DEU,3100000,1845936000
2674,Eintracht Frankfurt,eintracht-frankfurt,Frankfurt,SGE,Germany,DE,DEU,1410926,Noël Aséko,Noel,Aseko,noel-aseko,N. Aséko,M,15,2005-11-22T00:00:00+00:00,178,,Right,Germany,DE,DEU,12400000,1940544000
2674,Eintracht Frankfurt,eintracht-frankfurt,Frankfurt,SGE,Germany,DE,DEU,1149113,Oscar Højlund,Oscar Höjlund,,oscar-hojlund,O. Højlund,M,6,2005-01-04T00:00:00+00:00,184,,Right,Denmark,DK,DNK,14600000,1877472000
2674,Eintracht Frankfurt,eintracht-frankfurt,Frankfurt,SGE,Germany,DE,DEU,1977245,Love Arrhov,,,love-arrhov,L. Arrhov,M,31,2008-05-17T00:00:00+00:00,178,,Right,Sweden,SE,SWE,5200000,1845936000
2674,Eintracht Frankfurt,eintracht-frankfurt,Frankfurt,SGE,Germany,DE,DEU,40239,Timothy Chandler,,,timothy-chandler,T. Chandler,M,22,1990-03-29T00:00:00+00:00,186,84,Right,USA,US,USA,375000,1814313600
2674,Eintracht Frankfurt,eintracht-frankfurt,Frankfurt,SGE,Germany,DE,DEU,581302,Robin Koch,Robin,Koch,robin-koch,R. Koch,D,4,1996-07-17T00:00:00+00:00,190,82,Right,Germany,DE,DEU,10800000,1909008000
2674,Eintracht Frankfurt,eintracht-frankfurt,Frankfurt,SGE,Germany,DE,DEU,1501641,Keita Kosugi,Keita,Kosugi,keita-kosugi,K. Kosugi,D,26,2006-03-18T00:00:00+00:00,172,,Left,Japan,JP,JPN,4900000,1940544000
2674,Eintracht Frankfurt,eintracht-frankfurt,Frankfurt,SGE,Germany,DE,DEU,1403018,Elias Baum,,,elias-baum,E. Baum,D,2,2005-10-26T00:00:00+00:00,180,,Right,Germany,DE,DEU,3900000,1845936000
2674,Eintracht Frankfurt,eintracht-frankfurt,Frankfurt,SGE,Germany,DE,DEU,1048569,Nnamdi Collins,Nnamdi Collins,,nnamdi-collins,N. Collins,D,34,2004-01-10T00:00:00+00:00,191,,Right,Germany,DE,DEU,18500000,1909008000
2674,Eintracht Frankfurt,eintracht-frankfurt,Frankfurt,SGE,Germany,DE,DEU,988907,Lilian Brassier,,,lilian-brassier,L. Brassier,D,3,1999-11-02T00:00:00+00:00,184,,Left,France,FR,FRA,10800000,1940544000
2674,Eintracht Frankfurt,eintracht-frankfurt,Frankfurt,SGE,Germany,DE,DEU,2115909,Otavio,,,otavio,Otávio,D,5,2005-11-25T00:00:00+00:00,193,,Left,Brazil,BR,BRA,1600000,1940544000
2674,Eintracht Frankfurt,eintracht-frankfurt,Frankfurt,SGE,Germany,DE,DEU,1134203,Kauã Santos,,,kaua-dos-santos,Kauã,G,40,2003-04-11T00:00:00+00:00,196,83,Right,Brazil,BR,BRA,6500000,1909008000
2674,Eintracht Frankfurt,eintracht-frankfurt,Frankfurt,SGE,Germany,DE,DEU,980626,Noah Atubolu,Noah,Atubolu,noah-atubolu,N. Atubolu,G,1,2002-05-25T00:00:00+00:00,190,,Right,Germany,DE,DEU,24000000,1814313600
2674,Eintracht Frankfurt,eintracht-frankfurt,Frankfurt,SGE,Germany,DE,DEU,2006785,Amil Šiljević,Amil Siljevic,,amil-siljevic,A. Šiljević,G,39,2007-01-19T00:00:00+00:00,192,,Right,Bosnia & Herzegovina,BA,BIH,,1877472000
2674,Eintracht Frankfurt,eintracht-frankfurt,Frankfurt,SGE,Germany,DE,DEU,27214,Jens Grahl,,,jens-grahl,J. Grahl,G,33,1988-09-22T00:00:00+00:00,193,88,Right,Germany,DE,DEU,210000,1814313600
2600,FC Augsburg,fc-augsburg,Augsburg,FCA,Germany,DE,DEU,345035,Steve Mounié,,,steve-mounie,S. Mounié,F,15,1994-09-29T00:00:00+00:00,190,83,Right,Benin,BJ,BEN,1500000,1814313600
2600,FC Augsburg,fc-augsburg,Augsburg,FCA,Germany,DE,DEU,111483,Michael Gregoritsch,Michael,Gregoritsch,michael-gregoritsch,M. Gregoritsch,F,11,1994-04-18T00:00:00+00:00,193,87,Left,Austria,AT,AUT,1600000,1814313600
2600,FC Augsburg,fc-augsburg,Augsburg,FCA,Germany,DE,DEU,1215904,Rodrigo Ribeiro,Rodrigo,Ribeiro,rodrigo-ribeiro,R. Ribeiro,F,9,2005-04-28T00:00:00+00:00,185,,Right,Portugal,PT,PRT,3900000,1940544000
2600,FC Augsburg,fc-augsburg,Augsburg,FCA,Germany,DE,DEU,822877,Alexis Claude-Maurice,Alexis,Claude-Maurice,alexis-claude-maurice,A. Claude-Maurice,F,20,1998-06-06T00:00:00+00:00,174,,Right,France,FR,FRA,16200000,1814313600
2600,FC Augsburg,fc-augsburg,Augsburg,FCA,Germany,DE,DEU,1996846,Uchenna Ogundu,Uchenna Ogundu,,uchenna-ogundu,U. Ogundu,F,39,2006-05-12T00:00:00+00:00,188,,Right,Nigeria,NG,NGA,4200000,1940544000
2600,FC Augsburg,fc-augsburg,Augsburg,FCA,Germany,DE,DEU,1901001,Faik Sakar,,,faik-sakar,F. Sakar,F,23,2008-01-14T00:00:00+00:00,174,,Right,Germany,DE,DEU,205000,1909008000
2600,FC Augsburg,fc-augsburg,Augsburg,FCA,Germany,DE,DEU,1142248,Arijon Ibrahimović,,,arijon-ibrahimovic,A. Ibrahimović,M,21,2005-12-11T00:00:00+00:00,176,,Right,Germany,DE,DEU,10500000,1814313600
2600,FC Augsburg,fc-augsburg,Augsburg,FCA,Germany,DE,DEU,796206,Kristijan Jakić,Kristijan,Jakic,kristijan-jakic,K. Jakić,M,17,1997-05-14T00:00:00+00:00,181,,Right,Croatia,HR,HRV,5600000,1845936000
2600,FC Augsburg,fc-augsburg,Augsburg,FCA,Germany,DE,DEU,929620,Fabian Rieder,Fabian,Rieder,fabian-rieder,F. Rieder,M,32,2002-02-16T00:00:00+00:00,181,,Left,Switzerland,CH,CHE,11100000,1909008000
2600,FC Augsburg,fc-augsburg,Augsburg,FCA,Germany,DE,DEU,1390682,Mert Kömür,,,mert-komur,M. Kömür,M,10,2005-07-17T00:00:00+00:00,183,,Both,Germany,DE,DEU,11600000,1877472000
2600,FC Augsburg,fc-augsburg,Augsburg,FCA,Germany,DE,DEU,927340,Han-Noah Massengo,Han-Noah,Massengo,han-noah-massengo,H. Massengo,M,4,2001-07-06T00:00:00+00:00,175,,Right,France,FR,FRA,8199999,1909008000
2600,FC Augsburg,fc-augsburg,Augsburg,FCA,Germany,DE,DEU,254119,Marius Wolf,Marius,Wolf,marius-wolf,M. Wolf,M,27,1995-05-27T00:00:00+00:00,187,73,Right,Germany,DE,DEU,2300000,1814313600
2600,FC Augsburg,fc-augsburg,Augsburg,FCA,Germany,DE,DEU,1129365,Anton Kade,Anton,Kade,anton-kade,A. Kade,M,30,2004-01-17T00:00:00+00:00,179,,Right,Germany,DE,DEU,10300000,1877472000
2600,FC Augsburg,fc-augsburg,Augsburg,FCA,Germany,DE,DEU,877842,Yannik Keitel,Yannik,Keitel,yannik-keitel,Y. Keitel,M,14,2000-02-15T00:00:00+00:00,186,,Both,Germany,DE,DEU,1900000,1814313600
2600,FC Augsburg,fc-augsburg,Augsburg,FCA,Germany,DE,DEU,860461,Robin Fellhauer,Robin,Fellhauer,robin-fellhauer,R. Fellhauer,M,19,1998-01-21T00:00:00+00:00,185,,Right,Germany,DE,DEU,3700000,1877472000
2600,FC Augsburg,fc-augsburg,Augsburg,FCA,Germany,DE,DEU,1049177,Tim Breithaupt,,,tim-breithaupt,T. Breithaupt,M,18,2002-02-07T00:00:00+00:00,192,,Right,Germany,DE,DEU,740000,1845936000
2600,FC Augsburg,fc-augsburg,Augsburg,FCA,Germany,DE,DEU,1540234,Sima Suso,,,sima-suso,S. Suso,M,8,2005-05-28T00:00:00+00:00,189,,Left,Germany,DE,DEU,2700000,1940544000
2600,FC Augsburg,fc-augsburg,Augsburg,FCA,Germany,DE,DEU,1861987,Tim Schnitzer,Tim Schnitzer,,tim-schnitzer,T. Schnitzer,M,37,2008-02-07T00:00:00+00:00,185,,,Germany,DE,DEU,525000,1877472000
2600,FC Augsburg,fc-augsburg,Augsburg,FCA,Germany,DE,DEU,1606792,Abdulai Juma Bah,,,abdulay-juma-bah,A. J. Bah,D,35,2006-04-11T00:00:00+00:00,195,,Right,Sierra Leone,SL,SLE,10400000,1814313600
2600,FC Augsburg,fc-augsburg,Augsburg,FCA,Germany,DE,DEU,1019333,Young-woo Seol,,,young-woo-seol,Y. W. Seol,D,7,1998-12-05T00:00:00+00:00,181,72,Right,South Korea,KR,KOR,6700000,1909008000
2600,FC Augsburg,fc-augsburg,Augsburg,FCA,Germany,DE,DEU,1597260,Noahkai Banks,Noahkai,Banks,noahkai-banks,N. Banks,D,40,2006-12-01T00:00:00+00:00,193,,Right,USA,US,USA,19400000,1877472000
2600,FC Augsburg,fc-augsburg,Augsburg,FCA,Germany,DE,DEU,963198,Chrislain Matsima,Chrislain,Matsima,chrislain-matsima,C. Matsima,D,5,2002-05-15T00:00:00+00:00,192,,Right,France,FR,FRA,21000000,1909008000
2600,FC Augsburg,fc-augsburg,Augsburg,FCA,Germany,DE,DEU,1864760,Hennes Behrens,Hennes Behrens,,hennes-behrens,H. Behrens,D,16,2005-01-19T00:00:00+00:00,174,,Right,Germany,DE,DEU,5200000,1940544000
2600,FC Augsburg,fc-augsburg,Augsburg,FCA,Germany,DE,DEU,146853,Jeffrey Gouweleeuw,Jeffrey,Gouweleeuw,jeffrey-gouweleeuw,J. Gouweleeuw,D,6,1991-07-10T00:00:00+00:00,187,78,Right,Netherlands,NL,NLD,1000000,1814313600
2600,FC Augsburg,fc-augsburg,Augsburg,FCA,Germany,DE,DEU,1128792,Calvin Brackelmann,,,calvin-brackelmann,C. Brackelmann,D,2,1999-08-22T00:00:00+00:00,196,,Left,Germany,DE,DEU,3200000,1909008000
2600,FC Augsburg,fc-augsburg,Augsburg,FCA,Germany,DE,DEU,947986,Nediljko Labrović,Nediljko,Labrovic,nediljko-labrovic,N. Labrović,G,22,1999-10-10T00:00:00+00:00,196,88,Right,Croatia,HR,HRV,2100000,1877472000
2600,FC Augsburg,fc-augsburg,Augsburg,FCA,Germany,DE,DEU,822564,Finn Dahmen,Finn,Dahmen,finn-dahmen,F. Dahmen,G,1,1998-03-27T00:00:00+00:00,188,,Right,Germany,DE,DEU,12500000,1814313600
2600,FC Augsburg,fc-augsburg,Augsburg,FCA,Germany,DE,DEU,1995013,Tom Wisbereit,Tom Wisbereit,,tom-wisbereit,T. Wisbereit,G,48,2007-11-17T00:00:00+00:00,195,,,Germany,DE,DEU,,1909008000
2672,FC Bayern München,fc-bayern-munchen,Bayern,FCB,Germany,DE,DEU,108579,Harry Kane,Harry,Kane,harry-kane,H. Kane,F,9,1993-07-28T00:00:00+00:00,188,,Right,England,EN,ENG,65000000,1814313600
2672,FC Bayern München,fc-bayern-munchen,Bayern,FCB,Germany,DE,DEU,978838,Michael Olise,,,michael-olise,M. Olise,M,17,2001-12-12T00:00:00+00:00,184,,Left,France,FR,FRA,164000000,1877472000
2672,FC Bayern München,fc-bayern-munchen,Bayern,FCB,Germany,DE,DEU,883537,Luis Díaz,,,luis-diaz,L. Díaz,M,14,1997-01-13T00:00:00+00:00,178,,Right,Colombia,CO,COL,76000000,1877472000
2672,FC Bayern München,fc-bayern-munchen,Bayern,FCB,Germany,DE,DEU,1010231,Jamal Musiala,,,jamal-musiala,J. Musiala,M,10,2003-02-26T00:00:00+00:00,184,,Right,Germany,DE,DEU,97000000,1909008000
2672,FC Bayern München,fc-bayern-munchen,Bayern,FCB,Germany,DE,DEU,1063767,Ismael Saibari,Ismael,Saibari,ismael-saibari,I. Saibari,M,34,2001-01-28T00:00:00+00:00,185,,Right,Morocco,MA,MAR,60000000,1940544000
2672,FC Bayern München,fc-bayern-munchen,Bayern,FCB,Germany,DE,DEU,259117,Joshua Kimmich,Joshua,Kimmich,joshua-kimmich,J. Kimmich,M,6,1995-02-08T00:00:00+00:00,176,70,Right,Germany,DE,DEU,38000000,1877472000
2672,FC Bayern München,fc-bayern-munchen,Bayern,FCB,Germany,DE,DEU,1861975,Lennart Karl,Lennart Karl,,lennart-karl,L. Karl,M,42,2008-02-22T00:00:00+00:00,168,,Left,Germany,DE,DEU,63000000,1877472000
2672,FC Bayern München,fc-bayern-munchen,Bayern,FCB,Germany,DE,DEU,187433,Serge Gnabry,Serge,Gnabry,serge-gnabry,S. Gnabry,M,7,1995-07-14T00:00:00+00:00,176,,Right,Germany,DE,DEU,18900000,1845936000
2672,FC Bayern München,fc-bayern-munchen,Bayern,FCB,Germany,DE,DEU,1142251,Aleksandar Pavlović,,,aleksandar-pavlovic,A. Pavlović,M,45,2004-05-03T00:00:00+00:00,186,,Both,Germany,DE,DEU,96000000,1877472000
2672,FC Bayern München,fc-bayern-munchen,Bayern,FCB,Germany,DE,DEU,2427970,Bara Sapoko Ndiaye,Bara Sapoko Ndiaye,Ndiaye,bara-sapoko-ndiaye,B. S. Ndiaye,M,39,2007-12-31T00:00:00+00:00,180,,Right,Senegal,SN,SEN,3700000,1940544000
2672,FC Bayern München,fc-bayern-munchen,Bayern,FCB,Germany,DE,DEU,1129935,Tom Bischof,,,tom-bischof,T. Bischof,M,8,2005-06-28T00:00:00+00:00,176,,Left,Germany,DE,DEU,39000000,1877472000
2672,FC Bayern München,fc-bayern-munchen,Bayern,FCB,Germany,DE,DEU,1489220,David Daiber,David Daiber,,david-daiber,D. Daiber,M,47,2007-01-10T00:00:00+00:00,179,,Right,Portugal,PT,PRT,2800000,1909008000
2672,FC Bayern München,fc-bayern-munchen,Bayern,FCB,Germany,DE,DEU,843665,Alphonso Davies,,,alphonso-davies,A. Davies,D,19,2000-11-02T00:00:00+00:00,185,69,Left,Canada,CA,CAN,39000000,1909008000
2672,FC Bayern München,fc-bayern-munchen,Bayern,FCB,Germany,DE,DEU,798583,Dayot Upamecano,Dayot,Upamecano,dayot-upamecano,D. Upamecano,D,2,1998-10-27T00:00:00+00:00,185,83,Right,France,FR,FRA,69000000,1909008000
2672,FC Bayern München,fc-bayern-munchen,Bayern,FCB,Germany,DE,DEU,896569,Kim Min-jae,Kim,Min-jae,kim-min-jae,K. Min-jae,D,3,1996-11-15T00:00:00+00:00,190,,Right,South Korea,KR,KOR,21000000,1845936000
2672,FC Bayern München,fc-bayern-munchen,Bayern,FCB,Germany,DE,DEU,980418,Sacha Boey,Sacha,Boey,sacha-boey,S. Boey,D,23,2000-09-13T00:00:00+00:00,178,,Right,France,FR,FRA,9200000,1845936000
2672,FC Bayern München,fc-bayern-munchen,Bayern,FCB,Germany,DE,DEU,227672,Jonathan Tah,Jonathan,Tah,jonathan-tah,J. Tah,D,4,1996-02-11T00:00:00+00:00,194,95,Right,Germany,DE,DEU,26000000,1877472000
2672,FC Bayern München,fc-bayern-munchen,Bayern,FCB,Germany,DE,DEU,927407,Josip Stanišić,,,josip-stanisic,J. Stanišić,D,44,2000-04-02T00:00:00+00:00,186,,Right,Croatia,HR,HRV,39000000,1877472000
2672,FC Bayern München,fc-bayern-munchen,Bayern,FCB,Germany,DE,DEU,355492,Konrad Laimer,Konrad,Laimer,konrad-laimer,K. Laimer,D,27,1997-05-27T00:00:00+00:00,180,72,Right,Austria,AT,AUT,31000000,1877472000
2672,FC Bayern München,fc-bayern-munchen,Bayern,FCB,Germany,DE,DEU,1159759,Nathaniel Brown,,,nathaniel-brown,N. Brown,D,11,2003-06-16T00:00:00+00:00,179,,Left,Germany,DE,DEU,46000000,1940544000
2672,FC Bayern München,fc-bayern-munchen,Bayern,FCB,Germany,DE,DEU,873106,Hiroki Itō,,,hiroki-ito,H. Itō,D,21,1999-05-12T00:00:00+00:00,188,81,Left,Japan,JP,JPN,19800000,1845936000
2672,FC Bayern München,fc-bayern-munchen,Bayern,FCB,Germany,DE,DEU,8959,Manuel Neuer,,,manuel-neuer,M. Neuer,G,1,1986-03-27T00:00:00+00:00,193,,Right,Germany,DE,DEU,4099999,1814313600
2672,FC Bayern München,fc-bayern-munchen,Bayern,FCB,Germany,DE,DEU,1130647,Jonas Urbig,Jonas Urbig,,jonas-urbig,J. Urbig,G,40,2003-08-08T00:00:00+00:00,189,,Both,Germany,DE,DEU,19600000,1877472000
2672,FC Bayern München,fc-bayern-munchen,Bayern,FCB,Germany,DE,DEU,26768,Sven Ulreich,,,sven-ulreich,S. Ulreich,G,26,1988-08-03T00:00:00+00:00,192,84,Right,Germany,DE,DEU,515000,1814313600
2530,FC Schalke 04,fc-schalke-04,Schalke,S04,Germany,DE,DEU,14990,Edin Džeko,,,edin-dzeko,E. Džeko,F,10,1986-03-17T00:00:00+00:00,193,84,Both,Bosnia & Herzegovina,BA,BIH,905000,1814313600
2530,FC Schalke 04,fc-schalke-04,Schalke,S04,Germany,DE,DEU,786186,Hwang Hee-chan,Hwang,Hee-chan,hwang-hee-chan,H. Hee-chan,F,11,1996-01-26T00:00:00+00:00,177,77,Right,South Korea,KR,KOR,5500000,1845936000
2530,FC Schalke 04,fc-schalke-04,Schalke,S04,Germany,DE,DEU,861980,Moussa Sylla,Moussa,Sylla,moussa-sylla,M. Sylla,F,9,1999-11-25T00:00:00+00:00,181,,Left,Mali,ML,MLI,5200000,1845936000
2530,FC Schalke 04,fc-schalke-04,Schalke,S04,Germany,DE,DEU,168943,Kenan Karaman,Kenan,Karaman,kenan-karaman,K. Karaman,F,19,1994-03-05T00:00:00+00:00,189,83,Right,Türkiye,TR,TUR,1700000,1845936000
2530,FC Schalke 04,fc-schalke-04,Schalke,S04,Germany,DE,DEU,902381,Junior Adamu,,,chukwubuike-adamu,J. Adamu,F,20,2001-06-06T00:00:00+00:00,183,,Right,Austria,AT,AUT,2800000,1877472000
2530,FC Schalke 04,fc-schalke-04,Schalke,S04,Germany,DE,DEU,1149078,Emil Højlund,Emil Höjlund,,emil-hojlund,E. Højlund,F,15,2005-01-04T00:00:00+00:00,185,,Right,Denmark,DK,DNK,530000,1845936000
2530,FC Schalke 04,fc-schalke-04,Schalke,S04,Germany,DE,DEU,862011,Bryan Lasme,Bryan,Lasme,bryan-lasme,B. Lasme,F,11,1998-11-14T00:00:00+00:00,194,76,Right,France,FR,FRA,565000,1814313600
2530,FC Schalke 04,fc-schalke-04,Schalke,S04,Germany,DE,DEU,962877,Adil Aouchiche,Adil,Aouchiche,adil-aouchiche,A. Aouchiche,M,24,2002-07-15T00:00:00+00:00,181,,Right,Algeria,DZ,DZA,3800000,1909008000
2530,FC Schalke 04,fc-schalke-04,Schalke,S04,Germany,DE,DEU,904994,Eric Ebimbe,Eric,Ebimbe,eric-ebimbe,E. Ebimbe,M,29,2000-11-21T00:00:00+00:00,183,,Right,Cameroon,CM,CMR,6500000,1845936000
2530,FC Schalke 04,fc-schalke-04,Schalke,S04,Germany,DE,DEU,1083338,Soufiane El-Faouzi,,,soufian-el-faouzi,S. El-Faouzi,M,23,2002-07-13T00:00:00+00:00,178,,Both,Morocco,MA,MAR,9800000,1909008000
2530,FC Schalke 04,fc-schalke-04,Schalke,S04,Germany,DE,DEU,869883,Dejan Ljubičić,Dejan,Ljubicic,dejan-ljubicic,D. Ljubičić,M,21,1997-10-08T00:00:00+00:00,186,74,Both,Austria,AT,AUT,3300000,1845936000
2530,FC Schalke 04,fc-schalke-04,Schalke,S04,Germany,DE,DEU,981067,Satoshi Tanaka,Satoshi,Tanaka,satoshi-tanaka,S. Tanaka,M,13,2002-08-13T00:00:00+00:00,175,67,Left,Japan,JP,JPN,2100000,1909008000
2530,FC Schalke 04,fc-schalke-04,Schalke,S04,Germany,DE,DEU,1195734,Vitalie Becker,Vitalie Becker,,vitalie-becker,V. Becker,M,33,2005-03-03T00:00:00+00:00,179,,Left,Germany,DE,DEU,3100000,1909008000
2530,FC Schalke 04,fc-schalke-04,Schalke,S04,Germany,DE,DEU,872358,Ron Schallenberg,Ron,Schallenberg,ron-schallenberg,R. Schallenberg,M,6,1998-10-06T00:00:00+00:00,183,,Right,Germany,DE,DEU,1900000,1814313600
2530,FC Schalke 04,fc-schalke-04,Schalke,S04,Germany,DE,DEU,1046188,Adrian Gantenbein,Adrian,Gantenbein,adrian-gantenbein,A. Gantenbein,M,17,2001-04-18T00:00:00+00:00,183,,Right,Switzerland,CH,CHE,850000,1845936000
2530,FC Schalke 04,fc-schalke-04,Schalke,S04,Germany,DE,DEU,789714,Finn Porath,Finn,Porath,finn-porath,F. Porath,M,27,1997-02-23T00:00:00+00:00,179,68,Right,Germany,DE,DEU,855000,1814313600
2530,FC Schalke 04,fc-schalke-04,Schalke,S04,Germany,DE,DEU,2255221,Luca Vozar,,,luca-vozar,L. Vozar,M,38,2007-05-06T00:00:00+00:00,173,,Left,Germany,DE,DEU,,1845936000
2530,FC Schalke 04,fc-schalke-04,Schalke,S04,Germany,DE,DEU,579254,Janik Bachmann,Janik,Bachmann,janik-bachmann,J. Bachmann,M,14,1996-05-06T00:00:00+00:00,196,84,Right,Germany,DE,DEU,450000,1814313600
2530,FC Schalke 04,fc-schalke-04,Schalke,S04,Germany,DE,DEU,831488,Nikola Katić,Nikola,Katic,nikola-katic,N. Katić,D,25,1996-10-10T00:00:00+00:00,194,80,Right,Bosnia & Herzegovina,BA,BIH,1900000,1845936000
2530,FC Schalke 04,fc-schalke-04,Schalke,S04,Germany,DE,DEU,377118,Robin Gosens,Robin,Gosens,robin-gosens,R. Gosens,D,8,1994-07-05T00:00:00+00:00,183,76,Left,Germany,DE,DEU,4099999,1814313600
2530,FC Schalke 04,fc-schalke-04,Schalke,S04,Germany,DE,DEU,794962,Maximilian Wöber,Maximilian,Wober,maximilian-wober,M. Wöber,D,39,1998-02-04T00:00:00+00:00,188,84,Left,Austria,AT,AUT,2700000,1814313600
2530,FC Schalke 04,fc-schalke-04,Schalke,S04,Germany,DE,DEU,1195798,Mertcan Ayhan,Mertcan Ayhan,,mertcan-ayhan,M. Ayhan,D,43,2006-09-08T00:00:00+00:00,190,,Right,Türkiye,TR,TUR,8199999,1909008000
2530,FC Schalke 04,fc-schalke-04,Schalke,S04,Germany,DE,DEU,852096,Hasan Kuruçay,Hasan,Kurucay,kurucay-hassan,H. Kuruçay,D,4,1997-08-31T00:00:00+00:00,187,,Right,Türkiye,TR,TUR,2100000,1814313600
2530,FC Schalke 04,fc-schalke-04,Schalke,S04,Germany,DE,DEU,814735,Timo Becker,Timo,Becker,timo-becker,T. Becker,D,5,1997-03-25T00:00:00+00:00,186,,Right,Germany,DE,DEU,1500000,1877472000
2530,FC Schalke 04,fc-schalke-04,Schalke,S04,Germany,DE,DEU,174135,Loris Karius,Loris,Karius,loris-karius,L. Karius,G,1,1993-06-22T00:00:00+00:00,190,75,Right,Germany,DE,DEU,825000,1845936000
2530,FC Schalke 04,fc-schalke-04,Schalke,S04,Germany,DE,DEU,121908,Kevin Müller,,,kevin-muller,K. Müller,G,22,1991-03-15T00:00:00+00:00,190,91,Right,Germany,DE,DEU,280000,
2530,FC Schalke 04,fc-schalke-04,Schalke,S04,Germany,DE,DEU,1510765,Johannes Siebeking,,,johannes-siebeking,J. Siebeking,G,36,2006-03-02T00:00:00+00:00,193,,Both,Germany,DE,DEU,120000,1877472000
2676,Hamburger SV,hamburger-sv,HSV,HSV,Germany,DE,DEU,865057,Patson Daka,,,patson-daka,P. Daka,F,27,1998-10-09T00:00:00+00:00,185,,Right,Zambia,ZM,ZMB,2900000,1814313600
2676,Hamburger SV,hamburger-sv,HSV,HSV,Germany,DE,DEU,894396,Terem Moffi,Terem,Moffi,terem-moffi,T. Moffi,F,9,1999-05-25T00:00:00+00:00,188,,Left,Nigeria,NG,NGA,8199999,1877472000
2676,Hamburger SV,hamburger-sv,HSV,HSV,Germany,DE,DEU,135264,Yussuf Poulsen,Yussuf,Poulsen,yussuf-poulsen,Y. Poulsen,F,15,1994-06-15T00:00:00+00:00,193,78,Right,Denmark,DK,DNK,935000,1814313600
2676,Hamburger SV,hamburger-sv,HSV,HSV,Germany,DE,DEU,1568535,Otto Stange,Otto Stange,,stange-otto,O. Stange,F,19,2007-02-09T00:00:00+00:00,185,,Right,Germany,DE,DEU,4300000,1845936000
2676,Hamburger SV,hamburger-sv,HSV,HSV,Germany,DE,DEU,1862226,Alexander Røssing-Lelesiit,Alexander Røssing-Lelesiit,,alexander-rossing-lelesiit,A. Røssing-Lelesiit,F,38,2007-01-20T00:00:00+00:00,184,,Right,Norway,NO,NOR,4700000,1909008000
2676,Hamburger SV,hamburger-sv,HSV,HSV,Germany,DE,DEU,904835,Fábio Vieira,Fabio,Vieira,fabio-vieira,F. Vieira,M,20,2000-05-30T00:00:00+00:00,170,,Left,Portugal,PT,PRT,16600000,1909008000
2676,Hamburger SV,hamburger-sv,HSV,HSV,Germany,DE,DEU,1129527,Bilal Nadir,Bilal,Nadir,bilal-nadir,B. Nadir,M,4,2003-11-27T00:00:00+00:00,178,,Right,Morocco,MA,MAR,8300000,1877472000
2676,Hamburger SV,hamburger-sv,HSV,HSV,Germany,DE,DEU,901892,Albert Sambi Lokonga,Albert,Sambi Lokonga,albert-sambi-lokonga,A. Sambi Lokonga,M,6,1999-10-22T00:00:00+00:00,183,,Right,Belgium,BE,BEL,12400000,1845936000
2676,Hamburger SV,hamburger-sv,HSV,HSV,Germany,DE,DEU,1000263,Albert Grønbæk,,,albert-gronbaek,A. Grønbæk,M,11,2001-05-23T00:00:00+00:00,176,,Right,Denmark,DK,DNK,5300000,1909008000
2676,Hamburger SV,hamburger-sv,HSV,HSV,Germany,DE,DEU,798303,Miro Muheim,Miro,Muheim,miro-muheim,M. Muheim,M,28,1998-03-24T00:00:00+00:00,182,77,Left,Switzerland,CH,CHE,5300000,1814313600
2676,Hamburger SV,hamburger-sv,HSV,HSV,Germany,DE,DEU,1158529,Martin Adeline,Martin Adeline,,martin-adeline,M. Adeline,M,5,2003-12-02T00:00:00+00:00,180,,Right,France,FR,FRA,9200000,1909008000
2676,Hamburger SV,hamburger-sv,HSV,HSV,Germany,DE,DEU,842526,Bakery Jatta,,,bakery-jatta,B. Jatta,M,18,1998-06-06T00:00:00+00:00,184,79,Right,Gambia,GM,GMB,1000000,1877472000
2676,Hamburger SV,hamburger-sv,HSV,HSV,Germany,DE,DEU,1064305,Nicolai Remberg,Nicolai,Remberg,nicolai-remberg,N. Remberg,M,21,2000-06-19T00:00:00+00:00,187,,Right,Germany,DE,DEU,8400000,1845936000
2676,Hamburger SV,hamburger-sv,HSV,HSV,Germany,DE,DEU,989203,Immanuel Pherai,,,immanuel-pherai,I. Pherai,M,10,2001-04-25T00:00:00+00:00,175,,Right,Suriname,SR,SUR,1600000,1814313600
2676,Hamburger SV,hamburger-sv,HSV,HSV,Germany,DE,DEU,1467703,Kofi Jeremy Amoako,,,amoako-kofi-jeremy,K. J. Amoako,M,22,2005-05-06T00:00:00+00:00,186,86,Right,Germany,DE,DEU,3800000,1909008000
2676,Hamburger SV,hamburger-sv,HSV,HSV,Germany,DE,DEU,1134470,Zakaria El Ouahdi,,,zakaria-el-ouahdi,Z. E. Ouahdi,D,7,2001-12-31T00:00:00+00:00,172,,Right,Morocco,MA,MAR,18500000,1940544000
2676,Hamburger SV,hamburger-sv,HSV,HSV,Germany,DE,DEU,1031283,David Møller Wolfe,,,david-moller-wolfe,D. M. Wolfe,D,3,2002-04-23T00:00:00+00:00,185,,Left,Norway,NO,NOR,11000000,1814313600
2676,Hamburger SV,hamburger-sv,HSV,HSV,Germany,DE,DEU,973564,Nicolás Capaldo,,,nicolas-capaldo,N. Capaldo,D,24,1998-09-14T00:00:00+00:00,178,,Right,Argentina,AR,ARG,8400000,1845936000
2676,Hamburger SV,hamburger-sv,HSV,HSV,Germany,DE,DEU,826167,Sebastiaan Bornauw,Sebastiaan,Bornauw,sebastiaan-bornauw,S. Bornauw,D,33,1999-03-22T00:00:00+00:00,190,,Right,Belgium,BE,BEL,7800000,1814313600
2676,Hamburger SV,hamburger-sv,HSV,HSV,Germany,DE,DEU,801003,Jordan Torunarigha,Jordan,Torunarigha,jordan-torunarigha,J. Torunarigha,D,23,1997-08-07T00:00:00+00:00,189,77,Left,Nigeria,NG,NGA,4099999,1845936000
2676,Hamburger SV,hamburger-sv,HSV,HSV,Germany,DE,DEU,999030,Warmed Omari,,,omari-warmed,W. Omari,D,17,2000-04-23T00:00:00+00:00,185,,Right,Comoros,KM,COM,3900000,1909008000
2676,Hamburger SV,hamburger-sv,HSV,HSV,Germany,DE,DEU,1995000,Louis Lemke,Louis Lemke,,louis-lemke,L. Lemke,D,37,2009-10-08T00:00:00+00:00,182,,Left,Germany,DE,DEU,320000,1845936000
2676,Hamburger SV,hamburger-sv,HSV,HSV,Germany,DE,DEU,2204961,Shafiq Nandja,Shafiq,Nandja,shafiq-nandja,S. Nandja,D,43,2007-01-15T00:00:00+00:00,184,,Right,Germany,DE,DEU,530000,1909008000
2676,Hamburger SV,hamburger-sv,HSV,HSV,Germany,DE,DEU,1409359,Joel Agyekum,Joel Agyekum,,joel-agyekum,J. Agyekum,D,39,2005-03-08T00:00:00+00:00,190,,Right,Germany,DE,DEU,145000,1814313600
2676,Hamburger SV,hamburger-sv,HSV,HSV,Germany,DE,DEU,1030355,Sander Tangvik,,,sander-tangvik,S. Tangvik,G,12,2002-11-29T00:00:00+00:00,193,,Right,Norway,NO,NOR,2700000,1909008000
2676,Hamburger SV,hamburger-sv,HSV,HSV,Germany,DE,DEU,113442,Daniel Fernandes,Daniel,Fernandes,daniel-fernandes,D. Fernandes,G,1,1992-11-13T00:00:00+00:00,188,81,Right,Portugal,PT,PRT,1300000,1845936000
2676,Hamburger SV,hamburger-sv,HSV,HSV,Germany,DE,DEU,1489167,Fernando Dickes,Fernando Dickes,,fernando-dickes,F. Dickes,G,41,2007-10-13T00:00:00+00:00,192,,Left,Germany,DE,DEU,285000,1845936000
2676,Hamburger SV,hamburger-sv,HSV,HSV,Germany,DE,DEU,1971557,Elias Lahti,Elias,Lahti,elias-lahti,E. Lahti,G,40,2009-01-09T00:00:00+00:00,,,,Finland,FI,FIN,,1845936000
36360,RB Leipzig,rb-leipzig,Leipzig,RBL,Germany,DE,DEU,769333,Christopher Nkunku,Christopher,Nkunku,christopher-nkunku,C. Nkunku,F,28,1997-11-14T00:00:00+00:00,175,46,Right,France,FR,FRA,26000000,1814313600
36360,RB Leipzig,rb-leipzig,Leipzig,RBL,Germany,DE,DEU,1414933,Marc Guiu,,,guiu-marc,M. Guiu,F,9,2006-01-04T00:00:00+00:00,187,,Right,Spain,ES,ESP,11200000,1940544000
36360,RB Leipzig,rb-leipzig,Leipzig,RBL,Germany,DE,DEU,1121923,Antonio Nusa,Antonio,Nusa,antonio-nusa,A. Nusa,F,7,2005-04-17T00:00:00+00:00,180,,Right,Norway,NO,NOR,31000000,1877472000
36360,RB Leipzig,rb-leipzig,Leipzig,RBL,Germany,DE,DEU,1088896,Johan Bakayoko,Johan Bakayoko,,johan-bakayoko,J. Bakayoko,F,11,2003-04-20T00:00:00+00:00,179,,Left,Belgium,BE,BEL,18600000,1909008000
36360,RB Leipzig,rb-leipzig,Leipzig,RBL,Germany,DE,DEU,1133743,Rômulo,Rômulo,,romulo,Rômulo,F,40,2002-02-08T00:00:00+00:00,193,,Right,Brazil,BR,BRA,32000000,1909008000
36360,RB Leipzig,rb-leipzig,Leipzig,RBL,Germany,DE,DEU,1426577,Tidiam Gomis,Tidiam Gomis,,gomis-tidiam,T. Gomis,F,27,2006-08-08T00:00:00+00:00,183,,Right,France,FR,FRA,5300000,1877472000
36360,RB Leipzig,rb-leipzig,Leipzig,RBL,Germany,DE,DEU,1894870,Sani Suleiman,Sani Suleiman,,sani-suleiman,S. Suleiman,F,18,2006-09-01T00:00:00+00:00,175,,Both,Nigeria,NG,NGA,5400000,1940544000
36360,RB Leipzig,rb-leipzig,Leipzig,RBL,Germany,DE,DEU,2269705,Samba Konaté,,,samba-konate,S. Konaté,F,45,2009-02-27T00:00:00+00:00,190,,Right,France,FR,FRA,970000,1845936000
36360,RB Leipzig,rb-leipzig,Leipzig,RBL,Germany,DE,DEU,1128530,Neil El Aynaoui,Neil,El Aynaoui,neil-el-aynaoui,N. El Aynaoui,M,21,2001-07-02T00:00:00+00:00,186,,Right,Morocco,MA,MAR,29000000,1814313600
36360,RB Leipzig,rb-leipzig,Leipzig,RBL,Germany,DE,DEU,1418623,Assan Ouédraogo,Assan Ouédraogo,,assan-ouedraogo,A. Ouédraogo,M,8,2006-05-09T00:00:00+00:00,192,,Right,Germany,DE,DEU,26000000,1877472000
36360,RB Leipzig,rb-leipzig,Leipzig,RBL,Germany,DE,DEU,1406171,Andrija Maksimović,,,andrija-maksimovic,A. Maksimović,M,30,2007-06-05T00:00:00+00:00,182,,Both,Serbia,RS,SRB,8600000,1909008000
36360,RB Leipzig,rb-leipzig,Leipzig,RBL,Germany,DE,DEU,1198075,Brajan Gruda,Brajan Gruda,,gruda-brajan,B. Gruda,M,10,2004-05-31T00:00:00+00:00,178,,Left,Germany,DE,DEU,29000000,1814313600
36360,RB Leipzig,rb-leipzig,Leipzig,RBL,Germany,DE,DEU,825956,Christoph Baumgartner,Christoph,Baumgartner,christoph-baumgartner,C. Baumgartner,M,14,1999-08-01T00:00:00+00:00,180,68,Right,Austria,AT,AUT,42000000,1845936000
36360,RB Leipzig,rb-leipzig,Leipzig,RBL,Germany,DE,DEU,976575,Nicolas Seiwald,Nicolas,Seiwald,nicolas-seiwald,N. Seiwald,M,13,2001-05-04T00:00:00+00:00,179,,Right,Austria,AT,AUT,24000000,1845936000
36360,RB Leipzig,rb-leipzig,Leipzig,RBL,Germany,DE,DEU,1155383,Ezechiel Banzuzi,Ezechiel Banzuzi,,ezechiel-banzuzi,E. Banzuzi,M,6,2005-02-16T00:00:00+00:00,191,,Right,Netherlands,NL,NLD,16800000,1909008000
36360,RB Leipzig,rb-leipzig,Leipzig,RBL,Germany,DE,DEU,1048650,Rocco Reitz,,,rocco-reitz,R. Reitz,M,20,2002-05-29T00:00:00+00:00,175,,Both,Germany,DE,DEU,22000000,1940544000
36360,RB Leipzig,rb-leipzig,Leipzig,RBL,Germany,DE,DEU,1900995,Viggo Gebel,,,viggo-gebel,V. Gebel,M,47,2007-11-22T00:00:00+00:00,175,,Right,Germany,DE,DEU,340000,1845936000
36360,RB Leipzig,rb-leipzig,Leipzig,RBL,Germany,DE,DEU,1925472,Benno Kaltefleiter,Benno Kaltefleiter,,benno-kaltefleiter,B. Kaltefleiter,M,37,2008-02-14T00:00:00+00:00,189,,Right,Germany,DE,DEU,,1877472000
36360,RB Leipzig,rb-leipzig,Leipzig,RBL,Germany,DE,DEU,976421,Castello Lukeba,,,castello-lukeba,C. Lukeba,D,23,2002-12-17T00:00:00+00:00,184,,Left,France,FR,FRA,49000000,1877472000
36360,RB Leipzig,rb-leipzig,Leipzig,RBL,Germany,DE,DEU,136924,Willi Orbán,,,willi-orban,W. Orbán,D,4,1992-11-03T00:00:00+00:00,186,82,Right,Hungary,HU,HUN,5500000,1814313600
36360,RB Leipzig,rb-leipzig,Leipzig,RBL,Germany,DE,DEU,856076,David Raum,David,Raum,david-raum,D. Raum,D,22,1998-04-22T00:00:00+00:00,180,75,Left,Germany,DE,DEU,27000000,1814313600
36360,RB Leipzig,rb-leipzig,Leipzig,RBL,Germany,DE,DEU,856553,Ridle Baku,Ridle,Baku,ridle-baku,R. Baku,D,17,1998-04-08T00:00:00+00:00,176,,Right,Germany,DE,DEU,12800000,1814313600
36360,RB Leipzig,rb-leipzig,Leipzig,RBL,Germany,DE,DEU,1117223,Maxime Estève,Maxime Estève,,maxime-esteve,M. Estève,D,3,2002-05-26T00:00:00+00:00,192,,Left,France,FR,FRA,26000000,1940544000
36360,RB Leipzig,rb-leipzig,Leipzig,RBL,Germany,DE,DEU,319857,Benjamin Henrichs,Benjamin,Henrichs,benjamin-henrichs,B. Henrichs,D,39,1997-02-23T00:00:00+00:00,182,77,Both,Germany,DE,DEU,7600000,1845936000
36360,RB Leipzig,rb-leipzig,Leipzig,RBL,Germany,DE,DEU,319853,Lukas Klostermann,Lukas,Klostermann,lukas-klostermann,L. Klostermann,D,16,1996-06-03T00:00:00+00:00,188,83,Right,Germany,DE,DEU,3400000,1845936000
36360,RB Leipzig,rb-leipzig,Leipzig,RBL,Germany,DE,DEU,1859949,Abdoul Kone,Abdoul Koné,,abdoul-kone,A. Koné,D,2,2005-04-22T00:00:00+00:00,191,85,Right,France,FR,FRA,13800000,1940544000
36360,RB Leipzig,rb-leipzig,Leipzig,RBL,Germany,DE,DEU,1146250,Max Finkgräfe,Max Finkgräfe,,finkgrafe-max,M. Finkgräfe,D,35,2004-03-27T00:00:00+00:00,183,,Left,Germany,DE,DEU,5400000,1909008000
36360,RB Leipzig,rb-leipzig,Leipzig,RBL,Germany,DE,DEU,22209,Ørjan Nyland,,,rjan-nyland,Ø. Nyland,G,1,1990-09-10T00:00:00+00:00,192,78,Right,Norway,NO,NOR,825000,1845936000
36360,RB Leipzig,rb-leipzig,Leipzig,RBL,Germany,DE,DEU,934385,Maarten Vandevoordt,Maarten,Vandevoordt,maarten-vandevoordt,M. Vandevoordt,G,26,2002-02-26T00:00:00+00:00,192,,Right,Belgium,BE,BEL,16399999,1909008000
36360,RB Leipzig,rb-leipzig,Leipzig,RBL,Germany,DE,DEU,148263,Leopold Zingerle,Leopold,Zingerle,leopold-zingerle,L. Zingerle,G,25,1994-04-10T00:00:00+00:00,182,78,Right,Germany,DE,DEU,280000,1845936000
2538,SC Freiburg,sc-freiburg,Freiburg,SCF,Germany,DE,DEU,1019321,Igor Matanović,,,igor-matanovic,I. Matanović,F,31,2003-03-31T00:00:00+00:00,197,,Right,Croatia,HR,HRV,21000000,
2538,SC Freiburg,sc-freiburg,Freiburg,SCF,Germany,DE,DEU,1391315,Keisuke Goto,,,goto-keisuke,K. Goto,F,42,2005-06-03T00:00:00+00:00,191,,Right,Japan,JP,JPN,9300000,
2538,SC Freiburg,sc-freiburg,Freiburg,SCF,Germany,DE,DEU,280009,Lucas Höler,,,lucas-holer,L. Höler,F,9,1994-07-10T00:00:00+00:00,184,,Right,Germany,DE,DEU,2900000,
2538,SC Freiburg,sc-freiburg,Freiburg,SCF,Germany,DE,DEU,1131002,Derry Scherhant,Derry,Scherhant,derry-scherhant,D. Scherhant,F,7,2002-11-10T00:00:00+00:00,184,,Right,Germany,DE,DEU,7300000,
2538,SC Freiburg,sc-freiburg,Freiburg,SCF,Germany,DE,DEU,1508537,Cyriaque Irié,Cyriaque Irié,,cyriaque-irie,C. Irié,M,22,2005-06-20T00:00:00+00:00,184,,Left,Burkina Faso,BF,BFA,8199999,
2538,SC Freiburg,sc-freiburg,Freiburg,SCF,Germany,DE,DEU,1020422,Yuito Suzuki,,,yuito-suzuki,Y. Suzuki,M,14,2001-10-25T00:00:00+00:00,175,66,Right,Japan,JP,JPN,25000000,
2538,SC Freiburg,sc-freiburg,Freiburg,SCF,Germany,DE,DEU,171961,Vincenzo Grifo,Vincenzo,Grifo,vincenzo-grifo,V. Grifo,M,32,1993-04-07T00:00:00+00:00,181,72,Right,Italy,IT,ITA,3700000,
2538,SC Freiburg,sc-freiburg,Freiburg,SCF,Germany,DE,DEU,836711,Jan-Niklas Beste,Jan-Niklas,Beste,jan-niklas-beste,J. Beste,M,19,1999-01-04T00:00:00+00:00,177,,Left,Germany,DE,DEU,10800000,1909008000
2538,SC Freiburg,sc-freiburg,Freiburg,SCF,Germany,DE,DEU,882019,Florent Muslija,,,florent-muslija,F. Muslija,M,23,1998-07-06T00:00:00+00:00,172,65,Right,Kosovo,XK,XKX,1900000,1845936000
2538,SC Freiburg,sc-freiburg,Freiburg,SCF,Germany,DE,DEU,1030211,Rihito Yamamoto,,,rihito-yamamoto,R. Yamamoto,M,20,2001-12-12T00:00:00+00:00,179,65,Left,Japan,JP,JPN,7400000,
2538,SC Freiburg,sc-freiburg,Freiburg,SCF,Germany,DE,DEU,569784,Maximilian Eggestein,Maximilian,Eggestein,maximilian-eggestein,M. Eggestein,M,8,1996-12-08T00:00:00+00:00,181,75,Right,Germany,DE,DEU,10500000,
2538,SC Freiburg,sc-freiburg,Freiburg,SCF,Germany,DE,DEU,990209,Yannick Engelhardt,Yannick,Engelhardt,yannick-engelhardt,Y. Engelhardt,M,16,2001-02-07T00:00:00+00:00,184,,Right,Germany,DE,DEU,6500000,
2538,SC Freiburg,sc-freiburg,Freiburg,SCF,Germany,DE,DEU,914755,Patrick Osterhage,Patrick,Osterhage,patrick-osterhage,P. Osterhage,M,6,2000-02-01T00:00:00+00:00,183,,Left,Germany,DE,DEU,11600000,
2538,SC Freiburg,sc-freiburg,Freiburg,SCF,Germany,DE,DEU,2217897,Rouven Tarnutzer,Rouven,Tarnutzer,rouven-tarnutzer,R. Tarnutzer,M,39,2007-07-24T00:00:00+00:00,181,,Right,Switzerland,CH,CHE,380000,1814313600
2538,SC Freiburg,sc-freiburg,Freiburg,SCF,Germany,DE,DEU,142259,Matthias Ginter,Matthias,Ginter,matthias-ginter,M. Ginter,D,28,1994-01-19T00:00:00+00:00,189,89,Right,Germany,DE,DEU,4800000,1814313600
2538,SC Freiburg,sc-freiburg,Freiburg,SCF,Germany,DE,DEU,576266,Philipp Lienhart,Philipp,Lienhart,philipp-lienhart,P. Lienhart,D,3,1996-07-11T00:00:00+00:00,189,81,Right,Austria,AT,AUT,9600000,
2538,SC Freiburg,sc-freiburg,Freiburg,SCF,Germany,DE,DEU,1131339,Jordy Makengo,Jordy,Makengo,jordy-makengo,J. Makengo,D,33,2001-08-02T00:00:00+00:00,191,,Left,France,FR,FRA,5800000,1845936000
2538,SC Freiburg,sc-freiburg,Freiburg,SCF,Germany,DE,DEU,1195724,Berkay Yılmaz,,,yilmaz-berkay,B. Yılmaz,D,27,2005-02-25T00:00:00+00:00,182,,Left,Türkiye,TR,TUR,6300000,
2538,SC Freiburg,sc-freiburg,Freiburg,SCF,Germany,DE,DEU,142231,Christian Günter,,,christian-gunter,C. Günter,D,30,1993-02-28T00:00:00+00:00,184,,Left,Germany,DE,DEU,1900000,
2538,SC Freiburg,sc-freiburg,Freiburg,SCF,Germany,DE,DEU,1596573,Bruno Ogbus,Bruno,Ogbus,bruno-ogbus,B. Ogbus,D,43,2005-12-17T00:00:00+00:00,188,,Right,Switzerland,CH,CHE,14000000,
2538,SC Freiburg,sc-freiburg,Freiburg,SCF,Germany,DE,DEU,1131337,Maximilian Rosenfelder,Maximilian,Rosenfelder,maximilian-rosenfelder,M. Rosenfelder,D,37,2003-02-10T00:00:00+00:00,186,,Right,Germany,DE,DEU,6300000,
2538,SC Freiburg,sc-freiburg,Freiburg,SCF,Germany,DE,DEU,142525,Lukas Kübler,,,lukas-kubler,L. Kübler,D,17,1992-08-30T00:00:00+00:00,183,73,Right,Germany,DE,DEU,1500000,
2538,SC Freiburg,sc-freiburg,Freiburg,SCF,Germany,DE,DEU,979820,Philipp Treu,,,treu-philipp,P. Treu,D,29,2000-12-03T00:00:00+00:00,172,,Right,Germany,DE,DEU,15900000,
2538,SC Freiburg,sc-freiburg,Freiburg,SCF,Germany,DE,DEU,103442,Anthony Jung,Anthony,Jung,anthony-jung,A. Jung,D,5,1991-11-03T00:00:00+00:00,186,83,Left,Germany,DE,DEU,580000,1814313600
2538,SC Freiburg,sc-freiburg,Freiburg,SCF,Germany,DE,DEU,1083390,Mio Backhaus,Mio Backhaus,,mio-backhaus,M. Backhaus,G,1,2004-04-16T00:00:00+00:00,194,,Right,Germany,DE,DEU,14400000,
2538,SC Freiburg,sc-freiburg,Freiburg,SCF,Germany,DE,DEU,842858,Florian Müller,,,florian-muller,F. Müller,G,21,1997-11-13T00:00:00+00:00,190,85,Left,Germany,DE,DEU,1200000,
2538,SC Freiburg,sc-freiburg,Freiburg,SCF,Germany,DE,DEU,174341,Jannik Huth,Jannik,Huth,jannik-huth,J. Huth,G,24,1994-04-15T00:00:00+00:00,185,80,Right,Germany,DE,DEU,435000,
2561,SC Paderborn 07,sc-paderborn-07,Paderborn,PAD,Germany,DE,DEU,991824,Rayan Philippe,,,rayan-philippe,R. Philippe,F,9,2000-10-20T00:00:00+00:00,177,,Left,France,FR,FRA,4099999,1814313600
2561,SC Paderborn 07,sc-paderborn-07,Paderborn,PAD,Germany,DE,DEU,826884,Steffen Tigges,Steffen,Tigges,steffen-tigges,S. Tigges,F,27,1998-07-31T00:00:00+00:00,195,,Left,Germany,DE,DEU,680000,1814313600
2561,SC Paderborn 07,sc-paderborn-07,Paderborn,PAD,Germany,DE,DEU,909485,Marvin Pieringer,Marvin,Pieringer,marvin-pieringer,M. Pieringer,F,18,1999-10-04T00:00:00+00:00,189,,Right,Germany,DE,DEU,2700000,
2561,SC Paderborn 07,sc-paderborn-07,Paderborn,PAD,Germany,DE,DEU,246431,Sven Michel,Sven,Michel,sven-michel,S. Michel,F,11,1990-07-15T00:00:00+00:00,178,75,Left,Germany,DE,DEU,310000,1814313600
2561,SC Paderborn 07,sc-paderborn-07,Paderborn,PAD,Germany,DE,DEU,1604187,Deniz Zeitler,Deniz,Zeitler,deniz-zeitler,D. Zeitler,F,38,2006-12-13T00:00:00+00:00,181,,Both,Germany,DE,DEU,4099999,1814313600
2561,SC Paderborn 07,sc-paderborn-07,Paderborn,PAD,Germany,DE,DEU,907685,Oliver Batista Meier,Oliver,Batista Meier,oliver-batista-meier,O. Batista Meier,F,7,2001-02-16T00:00:00+00:00,178,,Right,Germany,DE,DEU,1500000,
2561,SC Paderborn 07,sc-paderborn-07,Paderborn,PAD,Germany,DE,DEU,1167764,Stefano Marino,Stefano,Marino,stefano-marino,S. Marino,F,30,2004-03-12T00:00:00+00:00,186,,Right,Germany,DE,DEU,965000,
2561,SC Paderborn 07,sc-paderborn-07,Paderborn,PAD,Germany,DE,DEU,1864750,Ruben Müller,Ruben Müller,,ruben-muller,R. Müller,F,2,2005-08-24T00:00:00+00:00,179,,Right,Germany,DE,DEU,1100000,
2561,SC Paderborn 07,sc-paderborn-07,Paderborn,PAD,Germany,DE,DEU,2122582,Albert Millgramm,,,albert-millgramm,A. Millgramm,F,19,2004-11-12T00:00:00+00:00,170,,Both,Germany,DE,DEU,155000,
2561,SC Paderborn 07,sc-paderborn-07,Paderborn,PAD,Germany,DE,DEU,2334132,Lasse Eickel,Lasse Eickel,,lasse-eickel,L. Eickel,F,32,2008-02-28T00:00:00+00:00,187,,Right,Germany,DE,DEU,160000,1940544000
2561,SC Paderborn 07,sc-paderborn-07,Paderborn,PAD,Germany,DE,DEU,1129940,Gabriel Vidović,,,gabriel-vidovic,G. Vidović,M,40,2003-12-01T00:00:00+00:00,180,,Right,Croatia,HR,HRV,3100000,
2561,SC Paderborn 07,sc-paderborn-07,Paderborn,PAD,Germany,DE,DEU,1152486,Laurin Ulrich,Laurin Ulrich,,laurin-ulrich,L. Ulrich,M,28,2005-01-31T00:00:00+00:00,180,,Right,Germany,DE,DEU,3200000,1814313600
2561,SC Paderborn 07,sc-paderborn-07,Paderborn,PAD,Germany,DE,DEU,1199101,Santiago Castañeda,Santiago Castaneda,,castaneda-santiago,S. Castaneda,M,5,2004-11-13T00:00:00+00:00,188,70,Right,USA,US,USA,5200000,
2561,SC Paderborn 07,sc-paderborn-07,Paderborn,PAD,Germany,DE,DEU,981788,Laurin Curda,,,laurin-curda,L. Curda,M,17,2001-10-30T00:00:00+00:00,181,,Right,Germany,DE,DEU,2800000,
2561,SC Paderborn 07,sc-paderborn-07,Paderborn,PAD,Germany,DE,DEU,2216257,Luka Duric,,,luka-duric,L. Duric,M,8,2003-06-18T00:00:00+00:00,181,73,Right,Bosnia & Herzegovina,BA,BIH,855000,
2561,SC Paderborn 07,sc-paderborn-07,Paderborn,PAD,Germany,DE,DEU,820465,Raphael Obermair,Raphael,Obermair,raphael-obermair,R. Obermair,M,23,1996-04-01T00:00:00+00:00,182,,Right,Philippines,PH,PHL,1300000,1814313600
2561,SC Paderborn 07,sc-paderborn-07,Paderborn,PAD,Germany,DE,DEU,940567,Timur Gayret,Timur,Gayret,timur-gayret,T. Gayret,M,44,1998-08-08T00:00:00+00:00,176,,Left,Germany,DE,DEU,410000,1877472000
2561,SC Paderborn 07,sc-paderborn-07,Paderborn,PAD,Germany,DE,DEU,878628,Sebastian Klaas,Sebastian,Klaas,sebastian-klaas,S. Klaas,M,26,1998-06-30T00:00:00+00:00,180,,Both,Germany,DE,DEU,875000,
2561,SC Paderborn 07,sc-paderborn-07,Paderborn,PAD,Germany,DE,DEU,2020672,Clemens Lippmann,Clemens,Lippmann,clemens-lippmann,C. Lippmann,M,29,2006-06-29T00:00:00+00:00,183,,Right,Germany,DE,DEU,435000,
2561,SC Paderborn 07,sc-paderborn-07,Paderborn,PAD,Germany,DE,DEU,800448,Tom Baack,Tom,Baack,tom-baack,T. Baack,M,6,1999-03-13T00:00:00+00:00,180,70,Right,Germany,DE,DEU,565000,
2561,SC Paderborn 07,sc-paderborn-07,Paderborn,PAD,Germany,DE,DEU,2076815,Niklas Mohr,Niklas,Mohr,niklas-mohr,N. Mohr,M,24,2004-07-23T00:00:00+00:00,179,,Left,Germany,DE,DEU,465000,1845936000
2561,SC Paderborn 07,sc-paderborn-07,Paderborn,PAD,Germany,DE,DEU,844131,Felix Götze,Felix,Gotze,felix-gotze,F. Götze,D,20,1998-02-11T00:00:00+00:00,185,78,Right,Germany,DE,DEU,2100000,
2561,SC Paderborn 07,sc-paderborn-07,Paderborn,PAD,Germany,DE,DEU,1083387,Mattes Hansen,Mattes Hansen,,mattes-hansen,M. Hansen,D,22,2004-05-15T00:00:00+00:00,183,,Right,Germany,DE,DEU,2700000,
2561,SC Paderborn 07,sc-paderborn-07,Paderborn,PAD,Germany,DE,DEU,1137717,Tjark Lasse Scheller,Tjark Lasse,Scheller,tjark-lasse-scheller,T. L. Scheller,D,25,2002-01-12T00:00:00+00:00,192,,Both,Germany,DE,DEU,2700000,
2561,SC Paderborn 07,sc-paderborn-07,Paderborn,PAD,Germany,DE,DEU,1152342,Jano Ter-Horst,Jano,Ter-Horst,jano-ter-horst,J. Ter-Horst,D,21,2002-06-19T00:00:00+00:00,181,,Right,Germany,DE,DEU,1200000,
2561,SC Paderborn 07,sc-paderborn-07,Paderborn,PAD,Germany,DE,DEU,930702,Marcel Hoffmeier,Marcel,Hoffmeier,marcel-hoffmeier,M. Hoffmeier,D,33,1999-07-15T00:00:00+00:00,180,,Right,Germany,DE,DEU,1100000,1845936000
2561,SC Paderborn 07,sc-paderborn-07,Paderborn,PAD,Germany,DE,DEU,1407863,Nyamekye Awortwie-Grant,Nyamekye,Awortwie-Grant,nyamekye-awortwie-grant,N. Awortwie-Grant,D,4,2000-08-07T00:00:00+00:00,193,,Right,Germany,DE,DEU,390000,
2561,SC Paderborn 07,sc-paderborn-07,Paderborn,PAD,Germany,DE,DEU,1517850,Jonah Sticker,Jonah Sticker,,sticker-jonah,J. Sticker,D,3,2004-05-08T00:00:00+00:00,180,,Right,Germany,DE,DEU,700000,
2561,SC Paderborn 07,sc-paderborn-07,Paderborn,PAD,Germany,DE,DEU,1401913,Tristan Zobel,Tristan,Zobel,tristan-zobel,T. Zobel,D,38,2003-10-04T00:00:00+00:00,195,,Left,Germany,DE,DEU,205000,1845936000
2561,SC Paderborn 07,sc-paderborn-07,Paderborn,PAD,Germany,DE,DEU,1048651,Nahuel Noll,,,nahuel-noll,N. Noll,G,15,2003-03-17T00:00:00+00:00,188,,Both,Germany,DE,DEU,1900000,1814313600
2561,SC Paderborn 07,sc-paderborn-07,Paderborn,PAD,Germany,DE,DEU,795006,Markus Schubert,Markus,Schubert,markus-schubert,M. Schubert,G,1,1998-06-12T00:00:00+00:00,186,82,Right,Germany,DE,DEU,515000,1845936000
2561,SC Paderborn 07,sc-paderborn-07,Paderborn,PAD,Germany,DE,DEU,1515934,Florian Pruhs,Florian Pruhs,,florian-pruhs,F. Pruhs,G,31,2006-02-06T00:00:00+00:00,190,,Right,Germany,DE,DEU,145000,
2598,SV 07 Elversberg,sv-07-elversberg,Elversberg,ELV,Germany,DE,DEU,1134578,Cole Campbell,,,cole-campbell,C. Campbell,F,39,2006-02-20T00:00:00+00:00,170,,Left,USA,US,USA,4800000,1909008000
2598,SV 07 Elversberg,sv-07-elversberg,Elversberg,ELV,Germany,DE,DEU,1017574,Noel Futkeu,Noel,Futkeu,noel-futkeu,N. Futkeu,F,9,2002-12-06T00:00:00+00:00,183,,Right,Germany,DE,DEU,7300000,1814313600
2598,SV 07 Elversberg,sv-07-elversberg,Elversberg,ELV,Germany,DE,DEU,1432398,David Mokwa,David Mokwa,,david-mokwa,D. Mokwa,F,42,2004-05-03T00:00:00+00:00,181,,Left,France,FR,FRA,3800000,1877472000
2598,SV 07 Elversberg,sv-07-elversberg,Elversberg,ELV,Germany,DE,DEU,842212,Luca Pfeiffer,Luca,Pfeiffer,luca-pfeiffer,L. Pfeiffer,F,16,1996-08-20T00:00:00+00:00,196,,Right,Germany,DE,DEU,480000,1845936000
2598,SV 07 Elversberg,sv-07-elversberg,Elversberg,ELV,Germany,DE,DEU,254133,Luca Schnellbacher,Luca,Schnellbacher,luca-schnellbacher,L. Schnellbacher,F,24,1994-05-06T00:00:00+00:00,183,70,Right,Germany,DE,DEU,480000,1845936000
2598,SV 07 Elversberg,sv-07-elversberg,Elversberg,ELV,Germany,DE,DEU,2069061,Raif Adam,,,raif-adam,R. Adam,F,15,2005-09-07T00:00:00+00:00,188,,Left,Germany,DE,DEU,480000,1877472000
2598,SV 07 Elversberg,sv-07-elversberg,Elversberg,ELV,Germany,DE,DEU,1469995,Noah Darvich,Noah Darvich,,darvich-noah,N. Darvich,M,10,2006-09-25T00:00:00+00:00,184,,Left,Germany,DE,DEU,3800000,1814313600
2598,SV 07 Elversberg,sv-07-elversberg,Elversberg,ELV,Germany,DE,DEU,1414916,Francis Onyeka,,,onyeka-francis,F. Onyeka,M,40,2007-04-29T00:00:00+00:00,186,,Left,Germany,DE,DEU,10600000,1814313600
2598,SV 07 Elversberg,sv-07-elversberg,Elversberg,ELV,Germany,DE,DEU,1153365,Maurice Krattenmacher,,,maurice-krattenmacher,M. Krattenmacher,M,7,2005-08-11T00:00:00+00:00,180,,Both,Germany,DE,DEU,3200000,1909008000
2598,SV 07 Elversberg,sv-07-elversberg,Elversberg,ELV,Germany,DE,DEU,942336,Łukasz Poręba,Lukasz,Poreba,lukasz-poreba,Ł. Poręba,M,8,2000-03-13T00:00:00+00:00,179,,Right,Poland,PL,POL,2600000,1877472000
2598,SV 07 Elversberg,sv-07-elversberg,Elversberg,ELV,Germany,DE,DEU,960017,Lukas Petkov,Lukas,Petkov,lukas-petkov,L. Petkov,M,25,2000-11-01T00:00:00+00:00,183,,Both,Bulgaria,BG,BGR,3200000,1814313600
2598,SV 07 Elversberg,sv-07-elversberg,Elversberg,ELV,Germany,DE,DEU,817978,Amara Condé,Amara,Conde,amara-conde,A. Condé,M,6,1997-01-06T00:00:00+00:00,173,,Right,Germany,DE,DEU,830000,1845936000
2598,SV 07 Elversberg,sv-07-elversberg,Elversberg,ELV,Germany,DE,DEU,887457,Tom Zimmerschied,Tom,Zimmerschied,tom-zimmerschied,T. Zimmerschied,M,29,1998-09-22T00:00:00+00:00,180,,Right,Germany,DE,DEU,1600000,1877472000
2598,SV 07 Elversberg,sv-07-elversberg,Elversberg,ELV,Germany,DE,DEU,1131347,Frederik Schmahl,Frederik,Schmahl,frederik-schmahl,F. Schmahl,M,17,2002-12-21T00:00:00+00:00,183,,Right,Germany,DE,DEU,820000,1814313600
2598,SV 07 Elversberg,sv-07-elversberg,Elversberg,ELV,Germany,DE,DEU,900264,Nicholas Mickelson,Nicholas,Mickelson,nicholas-mickelson,N. Mickelson,D,2,1999-07-24T00:00:00+00:00,179,80,Right,Thailand,TH,THA,970000,1814313600
2598,SV 07 Elversberg,sv-07-elversberg,Elversberg,ELV,Germany,DE,DEU,254411,Jan Gyamerah,Jan,Gyamerah,jan-gyamerah,J. Gyamerah,D,30,1995-06-18T00:00:00+00:00,184,76,Right,Ghana,GH,GHA,760000,1814313600
2598,SV 07 Elversberg,sv-07-elversberg,Elversberg,ELV,Germany,DE,DEU,964603,Luca Sirch,Luca,Sirch,luca-sirch,L. Sirch,D,26,1999-06-14T00:00:00+00:00,185,,Both,Germany,DE,DEU,2300000,1877472000
2598,SV 07 Elversberg,sv-07-elversberg,Elversberg,ELV,Germany,DE,DEU,846398,Maximilian Rohr,Maximilian,Rohr,maximilian-rohr,M. Rohr,D,31,1995-06-27T00:00:00+00:00,195,,Both,Germany,DE,DEU,765000,1845936000
2598,SV 07 Elversberg,sv-07-elversberg,Elversberg,ELV,Germany,DE,DEU,997175,Lasse Günther,,,lasse-gunther,L. Günther,D,21,2003-03-21T00:00:00+00:00,183,,Left,Germany,DE,DEU,2300000,1909008000
2598,SV 07 Elversberg,sv-07-elversberg,Elversberg,ELV,Germany,DE,DEU,990105,Lukas Finn Pinckert,Lukas Finn,Pinckert,lukas-finn-pinckert,L. Pinckert,D,19,2000-01-22T00:00:00+00:00,189,,Right,Germany,DE,DEU,2300000,1845936000
2598,SV 07 Elversberg,sv-07-elversberg,Elversberg,ELV,Germany,DE,DEU,1215028,Felix Keidel,Felix Keidel,,felix-keidel,F. Keidel,D,43,2003-06-14T00:00:00+00:00,178,,Right,Germany,DE,DEU,1200000,1845936000
2598,SV 07 Elversberg,sv-07-elversberg,Elversberg,ELV,Germany,DE,DEU,787816,Florian Yves Le Joncour,Florian Yves,Le Joncour,florian-yves-le-joncour,F. Le Joncour,D,3,1995-02-03T00:00:00+00:00,192,82,Left,France,FR,FRA,480000,1814313600
2598,SV 07 Elversberg,sv-07-elversberg,Elversberg,ELV,Germany,DE,DEU,1393424,Luis Seifert,Luis,Seifert,luis-seifert,L. Seifert,D,4,2004-01-26T00:00:00+00:00,185,,Right,Germany,DE,DEU,205000,1845936000
2598,SV 07 Elversberg,sv-07-elversberg,Elversberg,ELV,Germany,DE,DEU,1131080,Nicolas Kristof,Nicolas Kristof,,nicolas-kristof,N. Kristof,G,20,1999-12-20T00:00:00+00:00,186,,Both,Austria,AT,AUT,2300000,1877472000
2598,SV 07 Elversberg,sv-07-elversberg,Elversberg,ELV,Germany,DE,DEU,142470,Tim Boss,Tim,Boss,tim-boss,T. Boss,G,28,1993-06-28T00:00:00+00:00,185,,Both,Germany,DE,DEU,215000,1814313600
2598,SV 07 Elversberg,sv-07-elversberg,Elversberg,ELV,Germany,DE,DEU,26767,Frank Lehmann,,,frank-lehmann,F. Lehmann,G,1,1989-04-29T00:00:00+00:00,192,73,Right,Germany,DE,DEU,97000,1814313600
2598,SV 07 Elversberg,sv-07-elversberg,Elversberg,ELV,Germany,DE,DEU,2478053,Elias Etringer,Elias,Etringer,elias-etringer,E. Etringer,G,12,2007-11-24T00:00:00+00:00,167,,Right,Germany,DE,DEU,,1877472000
2534,SV Werder Bremen,sv-werder-bremen,Bremen,SVW,Germany,DE,DEU,132645,Niclas Füllkrug,,,niclas-fullkrug,N. Füllkrug,F,10,1993-02-09T00:00:00+00:00,188,78,Right,Germany,DE,DEU,3700000,1814313600
2534,SV Werder Bremen,sv-werder-bremen,Bremen,SVW,Germany,DE,DEU,286103,Dawid Kownacki,Dawid,Kownacki,dawid-kownacki,D. Kownacki,F,21,1997-03-14T00:00:00+00:00,186,75,Right,Poland,PL,POL,1600000,1814313600
2534,SV Werder Bremen,sv-werder-bremen,Bremen,SVW,Germany,DE,DEU,352290,Cédric Itten,,,cedric-itten,C. Itten,F,26,1996-12-27T00:00:00+00:00,189,81,Right,Switzerland,CH,CHE,1600000,1877472000
2534,SV Werder Bremen,sv-werder-bremen,Bremen,SVW,Germany,DE,DEU,1067120,Eren Dinkçi,Eren,Dinkci,eren-dinkci,E. Dinkçi,F,18,2001-12-13T00:00:00+00:00,188,,Right,Türkiye,TR,TUR,5400000,1814313600
2534,SV Werder Bremen,sv-werder-bremen,Bremen,SVW,Germany,DE,DEU,1166832,Keke Topp,Keke,Topp,keke-topp,K. Topp,F,9,2004-03-25T00:00:00+00:00,192,,Right,Germany,DE,DEU,3100000,1845936000
2534,SV Werder Bremen,sv-werder-bremen,Bremen,SVW,Germany,DE,DEU,1005343,Justin Njinmah,Justin,Njinmah,justin-njinmah,J. Njinmah,F,11,2000-11-15T00:00:00+00:00,185,,Right,Germany,DE,DEU,5300000,1845936000
2534,SV Werder Bremen,sv-werder-bremen,Bremen,SVW,Germany,DE,DEU,815612,Marco Grüll,Marco,Grull,marco-grull,M. Grüll,F,17,1998-07-06T00:00:00+00:00,182,,Both,Austria,AT,AUT,4300000,
2534,SV Werder Bremen,sv-werder-bremen,Bremen,SVW,Germany,DE,DEU,2198657,Kenny Quetant,Kenny,Quetant,kenny-quetant,K. Quetant,F,19,2006-07-17T00:00:00+00:00,187,,Right,France,FR,FRA,3100000,1909008000
2534,SV Werder Bremen,sv-werder-bremen,Bremen,SVW,Germany,DE,DEU,1864786,Salim Musah,,,salim-musah,S. Musah,F,29,2006-02-22T00:00:00+00:00,198,75,Right,Germany,DE,DEU,2100000,
2534,SV Werder Bremen,sv-werder-bremen,Bremen,SVW,Germany,DE,DEU,2160258,Paul Erevbenagie,Paul Erevbenagie,,paul-erevbenagie,P. Erevbenagie,F,38,2007-08-19T00:00:00+00:00,182,,Both,Germany,DE,DEU,120000,
2534,SV Werder Bremen,sv-werder-bremen,Bremen,SVW,Germany,DE,DEU,1174761,Arthur,Arthur,,arthur,Arthur,M,13,2003-03-17T00:00:00+00:00,173,,Right,Brazil,BR,BRA,7400000,1814313600
2534,SV Werder Bremen,sv-werder-bremen,Bremen,SVW,Germany,DE,DEU,138150,Mitchell Weiser,Mitchell,Weiser,mitchell-weiser,M. Weiser,M,8,1994-04-21T00:00:00+00:00,176,67,Right,Germany,DE,DEU,2700000,1814313600
2534,SV Werder Bremen,sv-werder-bremen,Bremen,SVW,Germany,DE,DEU,1141977,Dariusz Stalmach,Dariusz Stalmach,,dariusz-stalmach,D. Stalmach,M,23,2005-12-08T00:00:00+00:00,182,,Both,Poland,PL,POL,1600000,
2534,SV Werder Bremen,sv-werder-bremen,Bremen,SVW,Germany,DE,DEU,893586,Ludovit Reis,,,ludovit-reis,L. Reis,M,15,2000-06-01T00:00:00+00:00,178,,Right,Netherlands,NL,NLD,3100000,1877472000
2534,SV Werder Bremen,sv-werder-bremen,Bremen,SVW,Germany,DE,DEU,996940,Youri Regeer,,,youri-regeer,Y. Regeer,M,44,2003-08-18T00:00:00+00:00,177,,Right,Netherlands,NL,NLD,4700000,1814313600
2534,SV Werder Bremen,sv-werder-bremen,Bremen,SVW,Germany,DE,DEU,830142,Jens Stage,Jens,Stage,jens-stage,J. Stage,M,6,1996-11-08T00:00:00+00:00,187,81,Right,Denmark,DK,DNK,14400000,1845936000
2534,SV Werder Bremen,sv-werder-bremen,Bremen,SVW,Germany,DE,DEU,1137584,Chuki,,,chuky,Chuky,M,20,2004-04-29T00:00:00+00:00,176,,Left,Spain,ES,ESP,8700000,1909008000
2534,SV Werder Bremen,sv-werder-bremen,Bremen,SVW,Germany,DE,DEU,1165722,Skelly Alvero,Skelly Alvero,,skelly-alvero,S. Alvero,M,28,2002-05-04T00:00:00+00:00,202,,Right,France,FR,FRA,1900000,1845936000
2534,SV Werder Bremen,sv-werder-bremen,Bremen,SVW,Germany,DE,DEU,826171,Senne Lynen,Senne,Lynen,senne-lynen,S. Lynen,M,14,1999-02-19T00:00:00+00:00,182,,Right,Belgium,BE,BEL,7300000,1909008000
2534,SV Werder Bremen,sv-werder-bremen,Bremen,SVW,Germany,DE,DEU,1823917,Darwin Soylu,Darwin Soylu,,darwin-soylu,D. Soylu,M,34,2007-03-26T00:00:00+00:00,,,Left,Türkiye,TR,TUR,,
2534,SV Werder Bremen,sv-werder-bremen,Bremen,SVW,Germany,DE,DEU,2725943,Darwin Kaan Soylu,,,soylu-darwin-kaan,D. K. Soylu,M,34,2007-03-23T00:00:00+00:00,176,65,,Germany,DE,DEU,,
2534,SV Werder Bremen,sv-werder-bremen,Bremen,SVW,Germany,DE,DEU,982315,Moussa Ndiaye,,,moussa-ndiaye,M. Ndiaye,D,16,2002-06-18T00:00:00+00:00,181,,Left,Senegal,SN,SEN,3900000,1814313600
2534,SV Werder Bremen,sv-werder-bremen,Bremen,SVW,Germany,DE,DEU,825771,Marco Friedl,Marco,Friedl,marco-friedl,M. Friedl,D,32,1998-03-16T00:00:00+00:00,187,71,Left,Austria,AT,AUT,10600000,1845936000
2534,SV Werder Bremen,sv-werder-bremen,Bremen,SVW,Germany,DE,DEU,933398,Felix Agu,Felix,Agu,felix-agu,F. Agu,D,27,1999-09-27T00:00:00+00:00,180,,Right,Nigeria,NG,NGA,4700000,1814313600
2534,SV Werder Bremen,sv-werder-bremen,Bremen,SVW,Germany,DE,DEU,1173623,Oskar Wójcik,,,oskar-wojcik,O. Wojcik,D,3,2003-07-21T00:00:00+00:00,191,,Right,Poland,PL,POL,5400000,1940544000
2534,SV Werder Bremen,sv-werder-bremen,Bremen,SVW,Germany,DE,DEU,960114,Olivier Deman,Olivier,Deman,olivier-deman,O. Deman,D,2,2000-04-06T00:00:00+00:00,181,,Left,Belgium,BE,BEL,3400000,1845936000
2534,SV Werder Bremen,sv-werder-bremen,Bremen,SVW,Germany,DE,DEU,851254,Amos Pieper,Amos,Pieper,amos-pieper,A. Pieper,D,5,1998-01-17T00:00:00+00:00,191,84,Right,Germany,DE,DEU,3900000,
2534,SV Werder Bremen,sv-werder-bremen,Bremen,SVW,Germany,DE,DEU,229544,Niklas Stark,Niklas,Stark,niklas-stark,N. Stark,D,4,1995-04-14T00:00:00+00:00,190,81,Right,Germany,DE,DEU,2300000,
2534,SV Werder Bremen,sv-werder-bremen,Bremen,SVW,Germany,DE,DEU,1568521,Mick Schmetgens,Mick Schmetgens,,mick-schmetgens,M. Schmetgens,D,33,2007-09-09T00:00:00+00:00,190,,Right,Germany,DE,DEU,770000,1877472000
2534,SV Werder Bremen,sv-werder-bremen,Bremen,SVW,Germany,DE,DEU,991591,Karl Hein,,,karl-hein,K. Hein,G,1,2002-04-13T00:00:00+00:00,193,,Right,Estonia,EE,EST,2900000,1909008000
2534,SV Werder Bremen,sv-werder-bremen,Bremen,SVW,Germany,DE,DEU,282073,Alexander Schlager,Alexander,Schlager,alexander-schlager,A. Schlager,G,30,1996-02-01T00:00:00+00:00,184,78,Right,Austria,AT,AUT,1900000,1877472000
2534,SV Werder Bremen,sv-werder-bremen,Bremen,SVW,Germany,DE,DEU,94411,Markus Kolke,,,markus-kolke,M. Kolke,G,25,1990-08-18T00:00:00+00:00,187,85,Right,Germany,DE,DEU,330000,
2569,TSG Hoffenheim,tsg-hoffenheim,Hoffenheim,TSG,Germany,DE,DEU,67647,Andrej Kramarić,,,andrej-kramaric,A. Kramarić,F,27,1991-06-19T00:00:00+00:00,177,73,Right,Croatia,HR,HRV,2700000,1845936000
2569,TSG Hoffenheim,tsg-hoffenheim,Hoffenheim,TSG,Germany,DE,DEU,1010117,Fisnik Asllani,,,fisnik-asllani,F. Asllani,F,11,2002-08-08T00:00:00+00:00,191,,Both,Kosovo,XK,XKX,36000000,1877472000
2569,TSG Hoffenheim,tsg-hoffenheim,Hoffenheim,TSG,Germany,DE,DEU,963801,Adam Hložek,Adam,Hlozek,adam-hlozek,A. Hložek,F,10,2002-07-25T00:00:00+00:00,186,,Right,Czechia,CZ,CZE,10300000,1877472000
2569,TSG Hoffenheim,tsg-hoffenheim,Hoffenheim,TSG,Germany,DE,DEU,1418703,Max Moerstedt,Max Moerstedt,,max-moerstedt,M. Moerstedt,F,9,2006-01-15T00:00:00+00:00,194,,Right,Germany,DE,DEU,7600000,1909008000
2569,TSG Hoffenheim,tsg-hoffenheim,Hoffenheim,TSG,Germany,DE,DEU,1180758,Adam Daghim,,,adam-daghim,A. Daghim,F,14,2005-09-28T00:00:00+00:00,186,,Left,Denmark,DK,DNK,8100000,
2569,TSG Hoffenheim,tsg-hoffenheim,Hoffenheim,TSG,Germany,DE,DEU,1014290,Tim Lemperle,,,tim-lemperle,T. Lemperle,F,19,2002-02-05T00:00:00+00:00,186,,Right,Germany,DE,DEU,15300000,1940544000
2569,TSG Hoffenheim,tsg-hoffenheim,Hoffenheim,TSG,Germany,DE,DEU,1637689,Nathan De Cat,Nathan De Cat,,nathan-de-cat,N. D. Cat,M,17,2008-07-19T00:00:00+00:00,192,,Right,Belgium,BE,BEL,25000000,1940544000
2569,TSG Hoffenheim,tsg-hoffenheim,Hoffenheim,TSG,Germany,DE,DEU,987504,Patrick Wimmer,,,patrick-wimmer,P. Wimmer,M,8,2001-05-30T00:00:00+00:00,182,,Right,Austria,AT,AUT,11100000,1940544000
2569,TSG Hoffenheim,tsg-hoffenheim,Hoffenheim,TSG,Germany,DE,DEU,1493305,Leon Avdullahu,Leon,Avdullahu,leon-avdullahu,L. Avdullahu,M,7,2004-02-23T00:00:00+00:00,185,,Right,Kosovo,XK,XKX,33000000,1940544000
2569,TSG Hoffenheim,tsg-hoffenheim,Hoffenheim,TSG,Germany,DE,DEU,916946,Wouter Burger,Wouter,Burger,wouter-burger,W. Burger,M,18,2001-02-16T00:00:00+00:00,190,,Left,Netherlands,NL,NLD,21000000,
2569,TSG Hoffenheim,tsg-hoffenheim,Hoffenheim,TSG,Germany,DE,DEU,978062,Alexander Prass,,,alexander-prass,A. Prass,M,22,2001-05-26T00:00:00+00:00,180,,Left,Austria,AT,AUT,8700000,1845936000
2569,TSG Hoffenheim,tsg-hoffenheim,Hoffenheim,TSG,Germany,DE,DEU,1185359,Bambasé Conté,Bambase,Conte,bambase-conte,B. Conté,M,20,2003-07-07T00:00:00+00:00,178,,Left,Germany,DE,DEU,3800000,
2569,TSG Hoffenheim,tsg-hoffenheim,Hoffenheim,TSG,Germany,DE,DEU,2077300,Cajetan Lenz,,,cajetan-lenz,C. Lenz,M,32,2006-06-16T00:00:00+00:00,190,,Right,Germany,DE,DEU,9600000,1940544000
2569,TSG Hoffenheim,tsg-hoffenheim,Hoffenheim,TSG,Germany,DE,DEU,1838178,Luis Engelns,Luis Engelns,,engelns-luis,L. Engelns,M,16,2007-03-11T00:00:00+00:00,188,,Right,Germany,DE,DEU,4400000,
2569,TSG Hoffenheim,tsg-hoffenheim,Hoffenheim,TSG,Germany,DE,DEU,857740,Ozan Kabak,Ozan,Kabak,ozan-kabak,O. Kabak,D,5,2000-03-25T00:00:00+00:00,185,,Right,Türkiye,TR,TUR,14600000,1909008000
2569,TSG Hoffenheim,tsg-hoffenheim,Hoffenheim,TSG,Germany,DE,DEU,138024,Vladimír Coufal,,,vladimir-coufal,V. Coufal,D,34,1992-08-22T00:00:00+00:00,179,76,Right,Czechia,CZ,CZE,2400000,1845936000
2569,TSG Hoffenheim,tsg-hoffenheim,Hoffenheim,TSG,Germany,DE,DEU,790977,Koki Machida,Koki,Machida,koki-machida,K. Machida,D,28,1997-08-25T00:00:00+00:00,190,70,Left,Japan,JP,JPN,5800000,1877472000
2569,TSG Hoffenheim,tsg-hoffenheim,Hoffenheim,TSG,Germany,DE,DEU,1000269,Albian Hajdari,,,albian-hajdari,A. Hajdari,D,21,2003-05-18T00:00:00+00:00,189,,Left,Kosovo,XK,XKX,24000000,1940544000
2569,TSG Hoffenheim,tsg-hoffenheim,Hoffenheim,TSG,Germany,DE,DEU,1387012,Mats Rots,,,mats-rots,M. Rots,D,39,2006-03-11T00:00:00+00:00,190,,Left,Netherlands,NL,NLD,11200000,1940544000
2569,TSG Hoffenheim,tsg-hoffenheim,Hoffenheim,TSG,Germany,DE,DEU,828571,Bernardo,Bernardo Fernandes,Bernardo,bernardo,Bernardo,D,13,1995-05-14T00:00:00+00:00,186,76,Left,Brazil,BR,BRA,3700000,1814313600
2569,TSG Hoffenheim,tsg-hoffenheim,Hoffenheim,TSG,Germany,DE,DEU,957615,Robin Hranáč,,,robin-hranac,R. Hranáč,D,2,2000-01-29T00:00:00+00:00,189,,Right,Czechia,CZ,CZE,10900000,1845936000
2569,TSG Hoffenheim,tsg-hoffenheim,Hoffenheim,TSG,Germany,DE,DEU,944899,Valentin Gendrey,,,valentin-gendrey,V. Gendrey,D,15,2000-06-21T00:00:00+00:00,179,,Right,France,FR,FRA,6300000,1845936000
2569,TSG Hoffenheim,tsg-hoffenheim,Hoffenheim,TSG,Germany,DE,DEU,1885630,Sean Dulic,Sean,Dulic,sean-dulic,S. Dulic,D,4,2005-01-05T00:00:00+00:00,187,,Both,Germany,DE,DEU,1200000,1909008000
2569,TSG Hoffenheim,tsg-hoffenheim,Hoffenheim,TSG,Germany,DE,DEU,1861981,Natnael Abraha,Natnael Abraha,,natnael-abraha,N. Abraha,D,29,2008-03-14T00:00:00+00:00,179,,Right,Germany,DE,DEU,435000,
2569,TSG Hoffenheim,tsg-hoffenheim,Hoffenheim,TSG,Germany,DE,DEU,40244,Oliver Baumann,,,oliver-baumann,O. Baumann,G,1,1990-06-02T00:00:00+00:00,185,82,Right,Germany,DE,DEU,2700000,1845936000
2569,TSG Hoffenheim,tsg-hoffenheim,Hoffenheim,TSG,Germany,DE,DEU,943550,Luca Philipp,Luca,Philipp,luca-philipp,L. Philipp,G,37,2000-11-28T00:00:00+00:00,192,,Right,Germany,DE,DEU,705000,
2569,TSG Hoffenheim,tsg-hoffenheim,Hoffenheim,TSG,Germany,DE,DEU,1196091,Lukas Petersson,,,lukas-petersson,L. Petersson,G,36,2004-02-09T00:00:00+00:00,193,,Right,Iceland,IS,ISL,570000,
2677,VfB Stuttgart,vfb-stuttgart,Stuttgart,VFB,Germany,DE,DEU,794298,Deniz Undav,Deniz,Undav,deniz-undav,D. Undav,F,26,1996-07-19T00:00:00+00:00,179,,Both,Germany,DE,DEU,20000000,1877472000
2677,VfB Stuttgart,vfb-stuttgart,Stuttgart,VFB,Germany,DE,DEU,878081,Ermedin Demirović,Ermedin,Demirovic,ermedin-demirovic,E. Demirović,F,9,1998-03-25T00:00:00+00:00,184,,Right,Bosnia & Herzegovina,BA,BIH,20000000,1845936000
2677,VfB Stuttgart,vfb-stuttgart,Stuttgart,VFB,Germany,DE,DEU,1150938,Leo Sauer,Leo Sauer,,sauer-leo,L. Sauer,F,44,2005-12-16T00:00:00+00:00,184,,Right,Slovakia,SK,SVK,6500000,1940544000
2677,VfB Stuttgart,vfb-stuttgart,Stuttgart,VFB,Germany,DE,DEU,1127790,Dženan Pejčinović,,,dzenan-pejcinovic,D. Pejčinović,F,17,2005-02-15T00:00:00+00:00,188,,Left,Germany,DE,DEU,16399999,1940544000
2677,VfB Stuttgart,vfb-stuttgart,Stuttgart,VFB,Germany,DE,DEU,983540,Tiago Tomás,,,tiago-tomas,T. Tomás,F,8,2002-06-16T00:00:00+00:00,180,,Right,Portugal,PT,PRT,14600000,1877472000
2677,VfB Stuttgart,vfb-stuttgart,Stuttgart,VFB,Germany,DE,DEU,1126569,Bilal El Khannouss,Bilal,El Khannouss,bilal-el-khannouss,B. E. Khannouss,M,11,2004-05-10T00:00:00+00:00,180,,Right,Morocco,MA,MAR,32000000,1909008000
2677,VfB Stuttgart,vfb-stuttgart,Stuttgart,VFB,Germany,DE,DEU,901882,Angelo Stiller,Angelo,Stiller,angelo-stiller,A. Stiller,M,6,2001-04-04T00:00:00+00:00,183,,Left,Germany,DE,DEU,46000000,1845936000
2677,VfB Stuttgart,vfb-stuttgart,Stuttgart,VFB,Germany,DE,DEU,990201,Jamie Leweling,Jamie,Leweling,jamie-leweling,J. Leweling,M,18,2001-02-26T00:00:00+00:00,184,,Both,Germany,DE,DEU,37000000,1877472000
2677,VfB Stuttgart,vfb-stuttgart,Stuttgart,VFB,Germany,DE,DEU,891510,Chris Führich,Chris,Fuhrich,chris-fuhrich,C. Führich,M,10,1998-01-09T00:00:00+00:00,178,,Right,Germany,DE,DEU,11600000,1845936000
2677,VfB Stuttgart,vfb-stuttgart,Stuttgart,VFB,Germany,DE,DEU,801030,Atakan Karazor,Atakan,Karazor,atakan-karazor,A. Karazor,M,16,1996-10-13T00:00:00+00:00,190,80,Right,Türkiye,TR,TUR,8800000,1845936000
2677,VfB Stuttgart,vfb-stuttgart,Stuttgart,VFB,Germany,DE,DEU,861981,Nikolas Nartey,Nikolas,Nartey,nikolas-nartey,N. Nartey,M,28,2000-02-22T00:00:00+00:00,185,80,Left,Denmark,DK,DNK,10300000,1845936000
2677,VfB Stuttgart,vfb-stuttgart,Stuttgart,VFB,Germany,DE,DEU,1146132,Justin Diehl,Justin Diehl,,diehl-justin,J. Diehl,M,31,2004-11-27T00:00:00+00:00,174,,Right,Germany,DE,DEU,1100000,1877472000
2677,VfB Stuttgart,vfb-stuttgart,Stuttgart,VFB,Germany,DE,DEU,253993,Grischa Prömel,,,grischa-promel,G. Prömel,M,21,1995-01-09T00:00:00+00:00,182,75,Both,Germany,DE,DEU,3600000,1877472000
2677,VfB Stuttgart,vfb-stuttgart,Stuttgart,VFB,Germany,DE,DEU,1418665,Jarzinho Malanga,Jarzinho Malanga,,jarzinho-malanga,J. Malanga,M,43,2006-07-10T00:00:00+00:00,179,,Right,Germany,DE,DEU,1600000,1845936000
2677,VfB Stuttgart,vfb-stuttgart,Stuttgart,VFB,Germany,DE,DEU,1566307,Yanik Spalt,Yanik Spalt,,yanik-spalt,Y. Spalt,M,47,2007-09-03T00:00:00+00:00,176,,Left,Austria,AT,AUT,730000,1845936000
2677,VfB Stuttgart,vfb-stuttgart,Stuttgart,VFB,Germany,DE,DEU,1961772,Ertugrul Yigit,Ertugrul Yigit,,ertugrul-yigit,E. Yigit,M,39,2009-01-08T00:00:00+00:00,,,Right,Germany,DE,DEU,775000,1877472000
2677,VfB Stuttgart,vfb-stuttgart,Stuttgart,VFB,Germany,DE,DEU,788949,Maximilian Mittelstädt,Maximilian,Mittelstadt,maximilian-mittelstadt,M. Mittelstädt,D,7,1997-03-18T00:00:00+00:00,178,69,Left,Germany,DE,DEU,19800000,1845936000
2677,VfB Stuttgart,vfb-stuttgart,Stuttgart,VFB,Germany,DE,DEU,1418649,Finn Jeltsch,Finn Jeltsch,,jeltsch-finn,F. Jeltsch,D,29,2006-07-17T00:00:00+00:00,188,,Both,Germany,DE,DEU,32000000,1909008000
2677,VfB Stuttgart,vfb-stuttgart,Stuttgart,VFB,Germany,DE,DEU,826205,Dan Zagadou,Dan,Zagadou,dan-zagadou,D. Zagadou,D,23,1999-06-03T00:00:00+00:00,196,90,Left,France,FR,FRA,1900000,1814313600
2677,VfB Stuttgart,vfb-stuttgart,Stuttgart,VFB,Germany,DE,DEU,863271,Jeff Chabot,,,julian-chabot,J. Chabot,D,24,1998-02-12T00:00:00+00:00,194,89,Left,Germany,DE,DEU,15500000,1845936000
2677,VfB Stuttgart,vfb-stuttgart,Stuttgart,VFB,Germany,DE,DEU,906278,Josha Vagnoman,Josha,Vagnoman,josha-vagnoman,J. Vagnoman,D,4,2000-12-11T00:00:00+00:00,186,,Right,Germany,DE,DEU,10300000,1845936000
2677,VfB Stuttgart,vfb-stuttgart,Stuttgart,VFB,Germany,DE,DEU,1127823,Luca Jaquez,,,luca-jaquez,L. Jaquez,D,14,2003-06-02T00:00:00+00:00,187,,Right,Switzerland,CH,CHE,10700000,1877472000
2677,VfB Stuttgart,vfb-stuttgart,Stuttgart,VFB,Germany,DE,DEU,1979970,Ameen Al-Dakhil,Ameen,Al-Dakhil,al-dhakil,A. Al-Dakhil,D,2,2002-03-06T00:00:00+00:00,185,,Right,Belgium,BE,BEL,3100000,1845936000
2677,VfB Stuttgart,vfb-stuttgart,Stuttgart,VFB,Germany,DE,DEU,962898,Leonidas Stergiou,Leonidas,Stergiou,leonidas-stergiou,L. Stergiou,D,20,2002-03-03T00:00:00+00:00,180,,Right,Switzerland,CH,CHE,2700000,1845936000
2677,VfB Stuttgart,vfb-stuttgart,Stuttgart,VFB,Germany,DE,DEU,1009334,Lorenz Assignon,,,lorenz-assignon,L. Assignon,D,22,2000-06-22T00:00:00+00:00,179,,Right,France,FR,FRA,8700000,1877472000
2677,VfB Stuttgart,vfb-stuttgart,Stuttgart,VFB,Germany,DE,DEU,916943,Ramon Hendriks,Ramon,Hendriks,ramon-hendriks,R. Hendriks,D,3,2001-07-18T00:00:00+00:00,189,,Left,Netherlands,NL,NLD,24000000,1845936000
2677,VfB Stuttgart,vfb-stuttgart,Stuttgart,VFB,Germany,DE,DEU,1195736,Dennis Seimen,Dennis Seimen,,seimen-dennis,D. Seimen,G,41,2005-12-01T00:00:00+00:00,191,,Left,Germany,DE,DEU,9500000,1877472000
2677,VfB Stuttgart,vfb-stuttgart,Stuttgart,VFB,Germany,DE,DEU,152463,Fabian Bredlow,Fabian,Bredlow,fabian-bredlow,F. Bredlow,G,1,1995-03-02T00:00:00+00:00,191,84,Right,Germany,DE,DEU,725000,1814313600
2677,VfB Stuttgart,vfb-stuttgart,Stuttgart,VFB,Germany,DE,DEU,930339,Stefan Drljača,Stefan,Drljaca,stefan-drljaca,S. Drljača,G,46,1999-04-20T00:00:00+00:00,191,,Right,Germany,DE,DEU,280000,1814313600
2677,VfB Stuttgart,vfb-stuttgart,Stuttgart,VFB,Germany,DE,DEU,222770,Marius Funk,Marius,Funk,marius-funk,M. Funk,G,33,1996-01-01T00:00:00+00:00,187,88,Right,Germany,DE,DEU,290000,1845936000
1653,AS Monaco,as-monaco,AS Monaco,ASM,Monaco,MC,MCO,962883,Ansu Fati,,,ansu-fati,A. Fati,F,31,2002-10-31T00:00:00+00:00,178,,Right,Spain,ES,ESP,15600000,1909008000
1653,AS Monaco,as-monaco,AS Monaco,ASM,Monaco,MC,MCO,934237,Folarin Balogun,Folarin,Balogun,folarin-balogun,F. Balogun,F,9,2001-07-03T00:00:00+00:00,179,,Right,USA,US,USA,45000000,1845936000
1653,AS Monaco,as-monaco,AS Monaco,ASM,Monaco,MC,MCO,1083007,Mika Biereth,Mika Biereth,,mika-biereth,M. Biereth,F,14,2003-02-08T00:00:00+00:00,187,,Right,Denmark,DK,DNK,15900000,1909008000
1653,AS Monaco,as-monaco,AS Monaco,ASM,Monaco,MC,MCO,1403216,Paris Brunner,,,paris-brunner,P. Brunner,F,29,2006-02-15T00:00:00+00:00,185,,Right,Germany,DE,DEU,1600000,1845936000
1653,AS Monaco,as-monaco,AS Monaco,ASM,Monaco,MC,MCO,999070,Matthis Abline,,,abline-matthis,M. Abline,F,11,2003-03-28T00:00:00+00:00,182,,Right,France,FR,FRA,21000000,1940544000
1653,AS Monaco,as-monaco,AS Monaco,ASM,Monaco,MC,MCO,2270569,Safouane Benzahra,Safouane Benzahra,,safouane-benzahra,S. Benzahra,F,47,2008-08-18T00:00:00+00:00,186,,Right,Morocco,MA,MAR,145000,1845936000
1653,AS Monaco,as-monaco,AS Monaco,ASM,Monaco,MC,MCO,1389846,Lamine Camara,Lamine Camara,,camara-lamine,L. Camara,M,8,2004-01-01T00:00:00+00:00,174,,Right,Senegal,SN,SEN,41000000,1877472000
1653,AS Monaco,as-monaco,AS Monaco,ASM,Monaco,MC,MCO,318963,Aleksandr Golovin,Aleksandr,Golovin,aleksandr-golovin,A. Golovin,M,10,1996-05-30T00:00:00+00:00,180,70,Right,Russia,RU,RUS,17500000,1877472000
1653,AS Monaco,as-monaco,AS Monaco,ASM,Monaco,MC,MCO,155818,Takumi Minamino,Takumi,Minamino,takumi-minamino,T. Minamino,M,18,1995-01-16T00:00:00+00:00,174,68,Right,Japan,JP,JPN,9700000,1814313600
1653,AS Monaco,as-monaco,AS Monaco,ASM,Monaco,MC,MCO,1823956,Mathys Detourbet,Mathys Detourbet,,mathys-detourbet,M. Detourbet,M,7,2007-04-29T00:00:00+00:00,178,,Both,France,FR,FRA,14600000,1814313600
1653,AS Monaco,as-monaco,AS Monaco,ASM,Monaco,MC,MCO,770677,Denis Zakaria,Denis,Zakaria,denis-zakaria,D. Zakaria,M,6,1996-11-20T00:00:00+00:00,191,80,Right,Switzerland,CH,CHE,26000000,1845936000
1653,AS Monaco,as-monaco,AS Monaco,ASM,Monaco,MC,MCO,1410148,Mamadou Coulibaly,,,mamadou-coulibaly,M. Coulibaly,M,28,2004-04-21T00:00:00+00:00,179,,Left,France,FR,FRA,14100000,1845936000
1653,AS Monaco,as-monaco,AS Monaco,ASM,Monaco,MC,MCO,1606641,Pape Cabral,,,pape-cabral,P. Cabral,M,19,2007-01-20T00:00:00+00:00,181,,Right,France,FR,FRA,1200000,1940544000
1653,AS Monaco,as-monaco,AS Monaco,ASM,Monaco,MC,MCO,825846,Jordan Teze,Jordan,Teze,jordan-teze,J. Teze,M,4,1999-09-30T00:00:00+00:00,183,,Right,Netherlands,NL,NLD,16399999,1877472000
1653,AS Monaco,as-monaco,AS Monaco,ASM,Monaco,MC,MCO,1149152,Stanis Idumbo Muzambo,Stanis Idumbo Muzambo,,stanis-idumbo-muzambo,S. I. Muzambo,M,17,2005-06-29T00:00:00+00:00,170,,Right,Belgium,BE,BEL,3800000,1909008000
1653,AS Monaco,as-monaco,AS Monaco,ASM,Monaco,MC,MCO,2676521,Anis Soubeir,Anis,Soubeir,anis-soubeir,A. Soubeir,M,46,2007-05-30T00:00:00+00:00,186,,Left,Morocco,MA,MAR,720000,1845936000
1653,AS Monaco,as-monaco,AS Monaco,ASM,Monaco,MC,MCO,1390575,Edan Diop,Edan Diop,,diop-edan,E. Diop,M,37,2004-08-28T00:00:00+00:00,173,,Right,France,FR,FRA,2800000,1845936000
1653,AS Monaco,as-monaco,AS Monaco,ASM,Monaco,MC,MCO,1090694,Vanderson,Vanderson,,vanderson,Vanderson,D,2,2001-06-21T00:00:00+00:00,173,,Right,Brazil,BR,BRA,17100000,1845936000
1653,AS Monaco,as-monaco,AS Monaco,ASM,Monaco,MC,MCO,946158,Mohammed Salisu,,,mohammed-salisu,M. Salisu,D,22,1999-04-17T00:00:00+00:00,188,,Left,Ghana,GH,GHA,9200000,1845936000
1653,AS Monaco,as-monaco,AS Monaco,ASM,Monaco,MC,MCO,146101,Eric Dier,Eric,Dier,eric-dier,E. Dier,D,15,1994-01-15T00:00:00+00:00,191,90,Both,England,EN,ENG,3600000,1845936000
1653,AS Monaco,as-monaco,AS Monaco,ASM,Monaco,MC,MCO,1471683,Sadibou Sané,Sadibou Sané,,sane-sadibou,S. Sané,D,72,2004-06-10T00:00:00+00:00,185,,Right,Senegal,SN,SEN,6800000,1940544000
1653,AS Monaco,as-monaco,AS Monaco,ASM,Monaco,MC,MCO,1407848,Christian Mawissa,Christian,Mawissa,christian-mawissa,C. Mawissa,D,13,2005-04-18T00:00:00+00:00,184,,Left,France,FR,FRA,13700000,1877472000
1653,AS Monaco,as-monaco,AS Monaco,ASM,Monaco,MC,MCO,1006113,Nazinho,,,nazinho-flavio,F. Nazinho,D,20,2003-07-20T00:00:00+00:00,180,,Left,Portugal,PT,PRT,6600000,1909008000
1653,AS Monaco,as-monaco,AS Monaco,ASM,Monaco,MC,MCO,1566349,Samuel Nibombe,Samuel Nibombe,,samuel-nibombe,S. Nibombe,D,44,2007-08-15T00:00:00+00:00,198,,Right,Belgium,BE,BEL,965000,1814313600
1653,AS Monaco,as-monaco,AS Monaco,ASM,Monaco,MC,MCO,1925480,Ilane Touré,Ilane Touré,,ilane-toure,I. Touré,D,49,2006-08-04T00:00:00+00:00,180,,Right,France,FR,FRA,280000,1845936000
1653,AS Monaco,as-monaco,AS Monaco,ASM,Monaco,MC,MCO,15219,Lukáš Hrádecký,,,lukas-hradecky,L. Hrádecký,G,1,1989-11-24T00:00:00+00:00,190,80,Right,Finland,FI,FIN,1600000,1814313600
1653,AS Monaco,as-monaco,AS Monaco,ASM,Monaco,MC,MCO,868964,Philipp Köhn,Philipp,Kohn,philipp-kohn,P. Köhn,G,16,1998-04-02T00:00:00+00:00,191,75,Right,Switzerland,CH,CHE,3600000,1845936000
1684,Angers,angers,Angers,ANG,France,FR,FRA,1014048,Amine El Ouazzani,,,el-ouazzani-amine,A. E. Ouazzani,F,19,2001-07-15T00:00:00+00:00,188,,Left,Morocco,MA,MAR,2400000,1814313600
1684,Angers,angers,Angers,ANG,France,FR,FRA,988632,Jim Allevinah,,,jim-allevinah,J. Allevinah,F,18,1995-02-27T00:00:00+00:00,172,,Right,Gabon,GA,GAB,905000,1814313600
1684,Angers,angers,Angers,ANG,France,FR,FRA,2137784,Prosper Peter,Prosper Peter,,prosper-peter,P. Peter,F,9,2007-08-09T00:00:00+00:00,177,,Right,France,FR,FRA,15600000,1845936000
1684,Angers,angers,Angers,ANG,France,FR,FRA,2318284,Harouna Djibirin,Djibirin Harouna,,djibirin-harouna,D. Harouna,F,11,2006-11-05T00:00:00+00:00,175,,Left,Cameroon,CM,CMR,,
1684,Angers,angers,Angers,ANG,France,FR,FRA,1046671,Mamadou Usman Simbakoli,,,mamadou-usman-simbakoli,M. U. Simbakoli,F,7,2001-04-19T00:00:00+00:00,190,,Left,France,FR,FRA,740000,1877472000
1684,Angers,angers,Angers,ANG,France,FR,FRA,1392829,Amine Sbai,Amine,Sbai,amine-sbai,A. Sbai,M,10,2000-11-05T00:00:00+00:00,175,,Right,Morocco,MA,MAR,3700000,1814313600
1684,Angers,angers,Angers,ANG,France,FR,FRA,580642,Haris Belkebla,Haris,Belkebla,haris-belkebla,H. Belkebla,M,93,1994-01-28T00:00:00+00:00,177,68,Right,Algeria,DZ,DZA,1900000,1845936000
1684,Angers,angers,Angers,ANG,France,FR,FRA,1195241,Yassin Belkhdim,Yassin,Belkhdim,yassin-belkhdim,Y. Belkhdim,M,14,2002-02-14T00:00:00+00:00,175,,Right,Morocco,MA,MAR,6800000,1845936000
1684,Angers,angers,Angers,ANG,France,FR,FRA,190883,Branco Van den Boomen,Branco,Van den Boomen,branco-van-den-boomen,B. Van den Boomen,M,8,1995-07-21T00:00:00+00:00,190,75,Right,Netherlands,NL,NLD,2400000,1877472000
1684,Angers,angers,Angers,ANG,France,FR,FRA,1545297,Anthony Bermont,Anthony Bermont,,anthony-bermont,A. Bermont,M,26,2005-02-10T00:00:00+00:00,187,,Right,France,FR,FRA,1100000,1814313600
1684,Angers,angers,Angers,ANG,France,FR,FRA,1172936,Louis Mouton,Louis Mouton,,louis-mouton,L. Mouton,M,6,2002-06-03T00:00:00+00:00,180,,Right,France,FR,FRA,4099999,1845936000
1684,Angers,angers,Angers,ANG,France,FR,FRA,2557443,Bané Diatta,Bané Diatta,,bane-diatta,B. Diatta,M,36,2008-06-27T00:00:00+00:00,180,,Right,France,FR,FRA,330000,1909008000
1684,Angers,angers,Angers,ANG,France,FR,FRA,2702570,Jules Bouffandeau,Jules Bouffandeau,,jules-bouffandeau,J. Bouffandeau,M,37,2009-06-24T00:00:00+00:00,,,Right,France,FR,FRA,,1909008000
1684,Angers,angers,Angers,ANG,France,FR,FRA,794373,Carlens Arcus,Carlens,Arcus,carlens-arcus,C. Arcus,D,2,1996-06-28T00:00:00+00:00,180,75,Right,Haiti,HT,HTI,1900000,1814313600
1684,Angers,angers,Angers,ANG,France,FR,FRA,1049538,Ousmane Camara,Ousmane Camara,,ousmane-camara,O. Camara,D,4,2003-03-06T00:00:00+00:00,197,,Right,Mali,ML,MLI,8199999,1877472000
1684,Angers,angers,Angers,ANG,France,FR,FRA,363042,Jordan Lefort,Jordan,Lefort,jordan-lefort,J. Lefort,D,21,1993-06-28T00:00:00+00:00,184,,Left,Mauritania,MR,MRT,1000000,1877472000
1684,Angers,angers,Angers,ANG,France,FR,FRA,1462778,Lilian Raolisoa,Lilian Raolisoa,,lilian-raolisoa,L. Raolisoa,D,27,2000-06-16T00:00:00+00:00,178,,Right,France,FR,FRA,4099999,1845936000
1684,Angers,angers,Angers,ANG,France,FR,FRA,1621193,Joseph Kalulu,Joseph Kalulu Kyatengwa,,joseph-kalulu-kyatengwa,J. Kalulu,D,17,2004-11-29T00:00:00+00:00,180,,Left,France,FR,FRA,1900000,1909008000
1684,Angers,angers,Angers,ANG,France,FR,FRA,1442036,Emmanuel Biumla,,,emmanuel-biumla,E. Biumla,D,24,2005-05-08T00:00:00+00:00,185,,Right,France,FR,FRA,2700000,1845936000
1684,Angers,angers,Angers,ANG,France,FR,FRA,1862843,Marius Louër,Marius Louer,,marius-louer,M. Louer,D,20,2007-03-11T00:00:00+00:00,181,,Right,France,FR,FRA,1900000,1845936000
1684,Angers,angers,Angers,ANG,France,FR,FRA,48535,Anthony Lopes,,,anthony-lopes,A. Lopes,G,1,1990-10-01T00:00:00+00:00,184,81,Left,Portugal,PT,PRT,930000,1845936000
1684,Angers,angers,Angers,ANG,France,FR,FRA,963201,Melvin Zinga,Melvin,Zinga,melvin-zinga,M. Zinga,G,16,2002-03-16T00:00:00+00:00,187,,Left,Congo Republic,CG,COG,290000,1814313600
1684,Angers,angers,Angers,ANG,France,FR,FRA,1651830,Oumar Pona,Oumar Pona,,oumar-pona,O. Pona,G,40,2006-06-21T00:00:00+00:00,189,,Right,France,FR,FRA,195000,1814313600
1646,Auxerre,auxerre,Auxerre,AJA,France,FR,FRA,867440,Danny Namaso,Danny,Namaso,danny-namaso,D. Namaso,F,10,2000-08-28T00:00:00+00:00,182,,Right,Cameroon,CM,CMR,5700000,1877472000
1646,Auxerre,auxerre,Auxerre,AJA,France,FR,FRA,993451,Cameron Archer,,,cameron-archer,C. Archer,F,9,2001-12-08T00:00:00+00:00,181,,Right,England,EN,ENG,6300000,1814313600
1646,Auxerre,auxerre,Auxerre,AJA,France,FR,FRA,951949,Eros Maddy,Eros,Maddy,eros-maddy,E. Maddy,F,11,2001-02-05T00:00:00+00:00,177,,Right,Netherlands,NL,NLD,140000,1814313600
1646,Auxerre,auxerre,Auxerre,AJA,France,FR,FRA,1401005,Remy Labeau Lascary,Remy Labeau,Lascary,remy-labeau-lascary,R. Lascary,F,3,2003-03-03T00:00:00+00:00,184,,Right,Guadeloupe,GP,GLP,3900000,1814313600
1646,Auxerre,auxerre,Auxerre,AJA,France,FR,FRA,1927696,Ryan Rodin,Ryan Rodin,,ryan-rodin,R. Rodin,F,31,2006-03-01T00:00:00+00:00,194,,Right,France,FR,FRA,,
1646,Auxerre,auxerre,Auxerre,AJA,France,FR,FRA,1035986,Josué Casimir,,,josue-casimir,J. Casimir,M,7,2001-09-24T00:00:00+00:00,178,,Right,Haiti,HT,HTI,2800000,1845936000
1646,Auxerre,auxerre,Auxerre,AJA,France,FR,FRA,913942,Romain Faivre,,,romain-faivre,R. Faivre,M,21,1998-07-14T00:00:00+00:00,180,,Left,France,FR,FRA,4300000,1814313600
1646,Auxerre,auxerre,Auxerre,AJA,France,FR,FRA,1151803,Kévin Danois,Kévin Danois,,kevin-danois,K. Danois,M,5,2004-06-28T00:00:00+00:00,183,,Right,France,FR,FRA,21000000,1877472000
1646,Auxerre,auxerre,Auxerre,AJA,France,FR,FRA,996908,Pierre Ekwah,,,pierre-ekwah,P. Ekwah,M,17,2002-01-15T00:00:00+00:00,187,,Right,France,FR,FRA,1900000,1814313600
1646,Auxerre,auxerre,Auxerre,AJA,France,FR,FRA,997104,Naouirou Ahamada,,,naouirou-ahamada,N. Ahamada,M,8,2002-03-29T00:00:00+00:00,183,,Right,France,FR,FRA,2900000,1814313600
1646,Auxerre,auxerre,Auxerre,AJA,France,FR,FRA,1149123,Arthur Piedfort,Arthur Piedfort,,arthur-piedfort,A. Piedfort,M,46,2005-02-01T00:00:00+00:00,186,,Right,Belgium,BE,BEL,3800000,1909008000
1646,Auxerre,auxerre,Auxerre,AJA,France,FR,FRA,2052700,Xiangxin Wei,Wei Xiangxin,,wei-xiangxin,X. Wei,M,49,2008-03-05T00:00:00+00:00,188,,Right,China,CN,CHN,325000,1940544000
1646,Auxerre,auxerre,Auxerre,AJA,France,FR,FRA,782240,Assane Dioussé,Assane,Diousse,assane-diousse,A. Dioussé,M,18,1997-09-20T00:00:00+00:00,175,68,Left,Senegal,SN,SEN,530000,1814313600
1646,Auxerre,auxerre,Auxerre,AJA,France,FR,FRA,1936455,Aristide Zossou,Aristide,Zossou,aristide-zossou,A. Zossou,M,77,2005-06-14T00:00:00+00:00,178,,Right,Côte d'Ivoire,CI,CIV,2700000,1909008000
1646,Auxerre,auxerre,Auxerre,AJA,France,FR,FRA,1634397,Rayan Mandengue,Rayan Mandengue,,rayan-mandengue,R. Mandengue,M,32,2006-01-06T00:00:00+00:00,179,,Left,Cameroon,CM,CMR,430000,1845936000
1646,Auxerre,auxerre,Auxerre,AJA,France,FR,FRA,1927719,Tidiane Devernois,Tidiane Devernois,,tidiane-devernois,T. Devernois,M,36,2007-10-18T00:00:00+00:00,187,,Right,France,FR,FRA,290000,1909008000
1646,Auxerre,auxerre,Auxerre,AJA,France,FR,FRA,1974223,Lamfia Dioubaté,Lamfia Dioubaté,,lamfia-dioubate,L. Dioubaté,M,34,2007-07-19T00:00:00+00:00,,,,France,FR,FRA,,1877472000
1646,Auxerre,auxerre,Auxerre,AJA,France,FR,FRA,817979,Axel Tuanzebe,Axel,Tuanzebe,axel-tuanzebe,A. Tuanzebe,D,,1997-11-14T00:00:00+00:00,185,75,Right,DR Congo,CD,COD,4600000,
1646,Auxerre,auxerre,Auxerre,AJA,France,FR,FRA,1087805,Marvin Senaya,Marvin Senaya,,marvin-senaya,M. Senaya,D,29,2001-01-28T00:00:00+00:00,179,,Right,Ghana,GH,GHA,3100000,1877472000
1646,Auxerre,auxerre,Auxerre,AJA,France,FR,FRA,805096,Francisco Sierralta,Francisco,Sierralta,francisco-sierralta,F. Sierralta,D,4,1997-05-06T00:00:00+00:00,192,70,Right,Chile,CL,CHL,1100000,1877472000
1646,Auxerre,auxerre,Auxerre,AJA,France,FR,FRA,1387156,Clement Akpa,Clément Akpa,,akpa-clement,C. Akpa,D,92,2001-11-24T00:00:00+00:00,183,,Left,Côte d'Ivoire,CI,CIV,8700000,1845936000
1646,Auxerre,auxerre,Auxerre,AJA,France,FR,FRA,1177351,Lamine Sy,Lamine Sy,,lamine-sy,L. Sy,D,27,2002-08-10T00:00:00+00:00,171,,Right,France,FR,FRA,2700000,1909008000
1646,Auxerre,auxerre,Auxerre,AJA,France,FR,FRA,996951,Sinaly Diomandé,,,sinaly-diomande,S. Diomandé,D,20,2001-04-09T00:00:00+00:00,184,,Right,Côte d'Ivoire,CI,CIV,6600000,1814313600
1646,Auxerre,auxerre,Auxerre,AJA,France,FR,FRA,987491,Bryan Okoh,,,bryan-okoh,B. Okoh,D,24,2003-05-16T00:00:00+00:00,191,,Left,Switzerland,CH,CHE,4099999,1877472000
1646,Auxerre,auxerre,Auxerre,AJA,France,FR,FRA,1492311,Christ Makosso,Christ Makosso,,christ-makosso,C. Makosso,D,15,2004-05-09T00:00:00+00:00,192,,Right,Congo Republic,CG,COG,825000,1909008000
1646,Auxerre,auxerre,Auxerre,AJA,France,FR,FRA,1005648,Fredrik Oppegård,,,fredrik-oppegard,F. Oppegård,D,22,2002-08-07T00:00:00+00:00,175,,Left,Norway,NO,NOR,1600000,1845936000
1646,Auxerre,auxerre,Auxerre,AJA,France,FR,FRA,1510503,Sekou Fofana,,,sekou-fofana,S. Fofana,D,93,2003-03-25T00:00:00+00:00,178,,Left,Côte d'Ivoire,CI,CIV,850000,1909008000
1646,Auxerre,auxerre,Auxerre,AJA,France,FR,FRA,1974210,Elikya Legros,Elikya Legros,,elikya-legros,E. Legros,D,35,2008-06-05T00:00:00+00:00,177,,Right,France,FR,FRA,310000,1909008000
1646,Auxerre,auxerre,Auxerre,AJA,France,FR,FRA,1897492,Telli Siwe,Telli,Siwe,telli-siwe,T. Siwe,D,13,2004-12-13T00:00:00+00:00,185,,Right,France,FR,FRA,,1814313600
1646,Auxerre,auxerre,Auxerre,AJA,France,FR,FRA,1974202,Alvin Petit Dol,Alvin Petit Dol,,alvin-petit-dol,A. P. Dol,D,38,2006-11-05T00:00:00+00:00,175,,Right,France,FR,FRA,,
1646,Auxerre,auxerre,Auxerre,AJA,France,FR,FRA,2270624,Ackah-Tidiane Thiongane-Zoukrou,Ackah-Tidiane Thiongane-Zoukrou,,ackah-tidiane-thiongane-zoukrou,A. Thiongane-Zoukrou,D,15,2008-09-13T00:00:00+00:00,,,Right,France,FR,FRA,,1877472000
1646,Auxerre,auxerre,Auxerre,AJA,France,FR,FRA,1440545,Mamadou Diop,Mamadou Diop,,diop-mamadou,M. Diop,G,23,2000-01-03T00:00:00+00:00,204,95,Right,Mauritania,MR,MRT,1400000,1909008000
1646,Auxerre,auxerre,Auxerre,AJA,France,FR,FRA,155717,Paul Nardi,Paul,Nardi,paul-nardi,P. Nardi,G,1,1994-05-18T00:00:00+00:00,187,77,Right,France,FR,FRA,1300000,1845936000
1646,Auxerre,auxerre,Auxerre,AJA,France,FR,FRA,2221903,Louis Mezerette,Louis Mezerette,,louis-mezerette,L. Mezerette,G,37,2006-08-28T00:00:00+00:00,184,,Right,France,FR,FRA,,
1662,Le Havre,le-havre,Le Havre,HAC,France,FR,FRA,825088,Ally Samatta,Ally,Samatta,ally-samatta,A. Samatta,F,25,1992-12-23T00:00:00+00:00,183,75,Right,Tanzania,TZ,TZA,770000,1814313600
1662,Le Havre,le-havre,Le Havre,HAC,France,FR,FRA,852145,Josh Maja,,,josh-maja,J. Maja,F,9,1998-12-27T00:00:00+00:00,180,,Right,Nigeria,NG,NGA,4400000,1814313600
1662,Le Havre,le-havre,Le Havre,HAC,France,FR,FRA,1545376,Rayan Fofana,Rayan Fofana,,rayan-fofana,R. Fofana,F,38,2006-02-12T00:00:00+00:00,180,,Right,France,FR,FRA,8300000,1814313600
1662,Le Havre,le-havre,Le Havre,HAC,France,FR,FRA,2039286,Sota Nakamura,Sota Nakamura,,sota-nakamura,S. Nakamura,F,30,2002-10-15T00:00:00+00:00,168,64,Right,Japan,JP,JPN,945000,1814313600
1662,Le Havre,le-havre,Le Havre,HAC,France,FR,FRA,910076,Felix Mambimbi,Felix,Mambimbi,felix-mambimbi,F. Mambimbi,F,10,2001-01-18T00:00:00+00:00,170,,Right,Switzerland,CH,CHE,470000,1814313600
1662,Le Havre,le-havre,Le Havre,HAC,France,FR,FRA,1493489,Joan Tincres,Joan Tincres,,joan-tincres,J. Tincres,F,19,2006-06-17T00:00:00+00:00,188,,Right,France,FR,FRA,105000,1909008000
1662,Le Havre,le-havre,Le Havre,HAC,France,FR,FRA,1494855,Elysée Logbo,Andy Logbo,,logbo-andy,A. Logbo,F,20,2004-05-06T00:00:00+00:00,188,,Left,France,FR,FRA,195000,1814313600
1662,Le Havre,le-havre,Le Havre,HAC,France,FR,FRA,2277165,Enzo Koffi,Enzo Koffi,,enzo-koffi,E. Koffi,F,27,2006-03-04T00:00:00+00:00,178,,Left,France,FR,FRA,,
1662,Le Havre,le-havre,Le Havre,HAC,France,FR,FRA,1121333,Amir Richardson,Amir Richardson,,amir-richardson,A. Richardson,M,7,2002-01-24T00:00:00+00:00,195,,Left,Morocco,MA,MAR,3900000,1814313600
1662,Le Havre,le-havre,Le Havre,HAC,France,FR,FRA,992026,Rassoul Ndiaye,,,rassoul-ndiaye,R. Ndiaye,M,14,2001-12-11T00:00:00+00:00,179,,Right,Senegal,SN,SEN,8700000,1845936000
1662,Le Havre,le-havre,Le Havre,HAC,France,FR,FRA,1426243,Ismail Bouneb,,,bouneb-ismail,I. Bouneb,M,44,2006-06-07T00:00:00+00:00,182,,Right,France,FR,FRA,365000,1845936000
1662,Le Havre,le-havre,Le Havre,HAC,France,FR,FRA,1197153,Junior Mwanga,,,junior-mwanga,J. Mwanga,M,6,2003-05-11T00:00:00+00:00,184,,Right,France,FR,FRA,6400000,1909008000
1662,Le Havre,le-havre,Le Havre,HAC,France,FR,FRA,1066020,Kaito Mizuta,Kaito,Mizuta,kaito-mizuta,K. Mizuta,M,17,2000-04-08T00:00:00+00:00,182,,Right,Japan,JP,JPN,555000,1877472000
1662,Le Havre,le-havre,Le Havre,HAC,France,FR,FRA,1490783,Simon Ebonog,Simon,Ebonog,simon-ebonog,S. Ebonog,M,26,2004-08-16T00:00:00+00:00,180,,Right,France,FR,FRA,4200000,1877472000
1662,Le Havre,le-havre,Le Havre,HAC,France,FR,FRA,1895829,Daren Mosengo,Daren,Nbenbege Mosengo,daren-nbenbege-mosengo,D. N. Mosengo,M,78,2006-08-11T00:00:00+00:00,188,,Right,France,FR,FRA,310000,1814313600
1662,Le Havre,le-havre,Le Havre,HAC,France,FR,FRA,1895830,Guy-Noël Zohouri,Guy-Noël,Zohouri,guy-zohouri,G. Zohouri,M,24,2007-02-01T00:00:00+00:00,187,81,Right,Côte d'Ivoire,CI,CIV,,
1662,Le Havre,le-havre,Le Havre,HAC,France,FR,FRA,856216,Ahmed Touba,Ahmed,Touba,ahmed-touba,A. Touba,D,5,1998-03-13T00:00:00+00:00,190,,Left,Algeria,DZ,DZA,2600000,1814313600
1662,Le Havre,le-havre,Le Havre,HAC,France,FR,FRA,1126433,Elias Jelert,Elias,Jelert,elias-jelert,E. Jelert,D,12,2003-06-11T00:00:00+00:00,178,,Right,Denmark,DK,DNK,5400000,1814313600
1662,Le Havre,le-havre,Le Havre,HAC,France,FR,FRA,873221,Ayumu Seko,Ayumu,Seko,ayumu-seko,A. Seko,D,15,2000-06-07T00:00:00+00:00,186,72,Right,Japan,JP,JPN,4700000,1845936000
1662,Le Havre,le-havre,Le Havre,HAC,France,FR,FRA,1824137,Timothee Pembele,,,timothee-pembele,T. Pembele,D,32,2002-09-09T00:00:00+00:00,182,,Right,France,FR,FRA,1700000,1877472000
1662,Le Havre,le-havre,Le Havre,HAC,France,FR,FRA,2073555,Stephan Zagadou,Stephan Zagadou,,stephan-zagadou,S. Zagadou,D,29,2008-10-24T00:00:00+00:00,186,,Right,France,FR,FRA,97000,
1662,Le Havre,le-havre,Le Havre,HAC,France,FR,FRA,74071,Vincent Sasso,,,vincent-sasso,V. Sasso,D,23,1991-02-16T00:00:00+00:00,190,82,Right,France,FR,FRA,145000,
1662,Le Havre,le-havre,Le Havre,HAC,France,FR,FRA,599192,Lionel Mpasi Nzau,Lionel,Mpasi Nzau,lionel-mpasi-nzau,L. Mpasi Nzau,G,77,1994-08-01T00:00:00+00:00,182,,Right,DR Congo,CD,COD,650000,1814313600
1662,Le Havre,le-havre,Le Havre,HAC,France,FR,FRA,1426218,Paul Argney,,,paul-argney,P. Argney,G,50,2006-05-23T00:00:00+00:00,190,,Right,France,FR,FRA,220000,1814313600
1662,Le Havre,le-havre,Le Havre,HAC,France,FR,FRA,340561,Gauthier Gallon,Gauthier,Gallon,gauthier-gallon,G. Gallon,G,93,1993-04-23T00:00:00+00:00,186,79,Right,France,FR,FRA,640000,1814313600
1672,Le Mans,le-mans,Le Mans,MAN,France,FR,FRA,802159,Habibou Diallo,Habibou,Diallo,habibou-diallo,H. Diallo,F,13,1995-06-18T00:00:00+00:00,186,75,Right,Senegal,SN,SEN,4400000,1877472000
1672,Le Mans,le-mans,Le Mans,MAN,France,FR,FRA,948250,Billal Brahimi,,,billal-brahimi,B. Brahimi,F,7,2000-03-14T00:00:00+00:00,183,,Both,Algeria,DZ,DZA,970000,1845936000
1672,Le Mans,le-mans,Le Mans,MAN,France,FR,FRA,2359810,Adil Bourabaa,,,adil-bourabaa,A. Bourabaa,F,11,2005-03-09T00:00:00+00:00,183,,Right,Algeria,DZ,DZA,515000,1877472000
1672,Le Mans,le-mans,Le Mans,MAN,France,FR,FRA,857002,Louis Mafouta,Louis,Mafouta,louis-mafouta,L. Mafouta,F,14,1994-07-02T00:00:00+00:00,186,,Right,Central African Republic,CF,CAF,1100000,1845936000
1672,Le Mans,le-mans,Le Mans,MAN,France,FR,FRA,945635,Dame Gueye,Dame,Gueye,dame-gueye,D. Gueye,F,25,1995-08-12T00:00:00+00:00,176,,Right,Senegal,SN,SEN,650000,1814313600
1672,Le Mans,le-mans,Le Mans,MAN,France,FR,FRA,369392,Antoine Rabillard,Antoine,Rabillard,antoine-rabillard,A. Rabillard,F,9,1995-09-22T00:00:00+00:00,175,70,Right,France,FR,FRA,545000,1814313600
1672,Le Mans,le-mans,Le Mans,MAN,France,FR,FRA,2112373,William Harhouz,,,william-harhouz,W. Harhouz,F,20,1999-12-29T00:00:00+00:00,191,,Right,France,FR,FRA,375000,1845936000
1672,Le Mans,le-mans,Le Mans,MAN,Brazil,BR,BRA,2444672,Enzo,Enzo Vágner,,enzo-vagner,Enzo,F,14,2006-07-28T00:00:00+00:00,188,,Right,Brazil,BR,BRA,,
1672,Le Mans,le-mans,Le Mans,MAN,France,FR,FRA,1461961,Erwan Colas,,,erwan-colas,E. Colas,F,28,1997-04-22T00:00:00+00:00,179,,Right,France,FR,FRA,550000,1877472000
1672,Le Mans,le-mans,Le Mans,MAN,France,FR,FRA,123388,Djibril Sidibé,,,djibril-sidibe,D. Sidibé,M,19,1992-07-29T00:00:00+00:00,182,73,Right,France,FR,FRA,1100000,1845936000
1672,Le Mans,le-mans,Le Mans,MAN,France,FR,FRA,1390279,Daouda Traore,,,daouda-traore,D. Traore,M,23,2006-07-22T00:00:00+00:00,186,,Right,France,FR,FRA,430000,1814313600
1672,Le Mans,le-mans,Le Mans,MAN,France,FR,FRA,1835732,Rayan Bamba,Rayan Bamba,,rayan-bamba,R. Bamba,M,26,2004-05-14T00:00:00+00:00,185,80,Right,France,FR,FRA,970000,1814313600
1672,Le Mans,le-mans,Le Mans,MAN,France,FR,FRA,1389913,Lucas Bretelle,,,lucas-bretelle,L. Bretelle,M,29,2002-04-17T00:00:00+00:00,165,,Right,France,FR,FRA,1300000,1877472000
1672,Le Mans,le-mans,Le Mans,MAN,France,FR,FRA,895306,Lucas Buades,,,lucas-buades,L. Buades,M,18,1997-12-28T00:00:00+00:00,181,,Right,France,FR,FRA,1600000,1845936000
1672,Le Mans,le-mans,Le Mans,MAN,France,FR,FRA,976404,Jean Vercruysse,,,jean-vercruysse,J. Vercruysse,M,10,2000-07-03T00:00:00+00:00,183,,Right,France,FR,FRA,390000,1845936000
1672,Le Mans,le-mans,Le Mans,MAN,France,FR,FRA,981280,Alexandre Lauray,Alexandre,Lauray,alexandre-lauray,A. Lauray,M,8,1997-03-18T00:00:00+00:00,178,,Right,France,FR,FRA,620000,1814313600
1672,Le Mans,le-mans,Le Mans,MAN,France,FR,FRA,1389779,Martin Rossignol,,,martin-rossignol,M. Rossignol,M,27,2003-11-03T00:00:00+00:00,171,,Right,France,FR,FRA,390000,
1672,Le Mans,le-mans,Le Mans,MAN,France,FR,FRA,945943,Edwin Quarshie,Edwin,Quarshie,edwin-quarshie,E. Quarshie,M,6,1995-10-25T00:00:00+00:00,179,,Right,France,FR,FRA,530000,1814313600
1672,Le Mans,le-mans,Le Mans,MAN,France,FR,FRA,927360,Yasser Larouci,Yasser,Larouci,yasser-larouci,Y. Larouci,D,76,2001-01-01T00:00:00+00:00,175,,Left,Algeria,DZ,DZA,1500000,1877472000
1672,Le Mans,le-mans,Le Mans,MAN,France,FR,FRA,1134758,Raúl Torrente,Raul,Torrente,raul-torrente,R. Torrente,D,16,2001-09-10T00:00:00+00:00,193,,Left,Spain,ES,ESP,2400000,1814313600
1672,Le Mans,le-mans,Le Mans,MAN,France,FR,FRA,1089895,Lucas Calodat,,,lucas-calodat,L. Calodat,D,22,2002-02-06T00:00:00+00:00,173,,Left,France,FR,FRA,2400000,1845936000
1672,Le Mans,le-mans,Le Mans,MAN,France,FR,FRA,1048890,Théo Eyoum,,,theo-eyoum,T. Eyoum,D,21,2002-01-07T00:00:00+00:00,181,,Right,France,FR,FRA,970000,1845936000
1672,Le Mans,le-mans,Le Mans,MAN,France,FR,FRA,1389742,Harold Voyer,,,harold-voyer,H. Yover,D,5,1997-03-26T00:00:00+00:00,186,,Left,Martinique,MQ,MTQ,665000,1845936000
1672,Le Mans,le-mans,Le Mans,MAN,France,FR,FRA,2009974,Noa Boissé,Noa Boissé,,noa-boisse,N. Boissé,D,15,2006-01-20T00:00:00+00:00,181,,Right,France,FR,FRA,1400000,1877472000
1672,Le Mans,le-mans,Le Mans,MAN,France,FR,FRA,805130,Samuel Yohou,Samuel,Yohou,samuel-yohou,S. Yohou,D,17,1991-08-06T00:00:00+00:00,190,86,Right,France,FR,FRA,205000,1845936000
1672,Le Mans,le-mans,Le Mans,MAN,France,FR,FRA,1007935,Ewan Hatfout,,,ewan-hatfout,E. Hatfout,G,1,2000-04-01T00:00:00+00:00,180,,Right,France,FR,FRA,140000,1877472000
1672,Le Mans,le-mans,Le Mans,MAN,France,FR,FRA,802148,Nicolas Kocik,Nicolas,Kocik,nicolas-kocik,N. Kocik,G,98,1998-08-04T00:00:00+00:00,185,,Right,France,FR,FRA,1400000,1814313600
1672,Le Mans,le-mans,Le Mans,MAN,France,FR,FRA,1387155,Augustin Delbecque,Augustin Delbecque,,augustin-delbecque,A. Delbecque,G,55,2002-02-03T00:00:00+00:00,187,,Right,France,FR,FRA,24000,1814313600
1643,Lille,lille,Lille,LIL,France,FR,FRA,39070,Olivier Giroud,,,olivier-giroud,O. Giroud,F,9,1986-09-30T00:00:00+00:00,192,88,Left,France,FR,FRA,930000,1814313600
1643,Lille,lille,Lille,LIL,France,FR,FRA,985823,Ayase Ueda,,,ueda-ayase,A. Ueda,F,18,1998-08-28T00:00:00+00:00,182,76,Right,Japan,JP,JPN,19400000,1909008000
1643,Lille,lille,Lille,LIL,France,FR,FRA,1140859,Hamza Igamane,Hamza Igamane,,hamza-igamane,H. Igamane,F,29,2002-11-02T00:00:00+00:00,181,,Right,Morocco,MA,MAR,16600000,1909008000
1643,Lille,lille,Lille,LIL,France,FR,FRA,1936816,Soriba Diaoune,Soriba Diaoune,,soriba-diaoune,S. Diaoune,F,35,2007-08-11T00:00:00+00:00,174,,Right,Guinea,GN,GIN,,
1643,Lille,lille,Lille,LIL,France,FR,FRA,1067284,Tiago Morais,Tiago,Morais,tiago-morais,T. Morais,F,19,2003-09-03T00:00:00+00:00,168,,Both,Portugal,PT,PRT,1900000,1845936000
1643,Lille,lille,Lille,LIL,France,FR,FRA,1402698,Ethan Mbappé,Ethan Mbappé,,ethan-mbappe,E. Mbappé,M,8,2006-12-29T00:00:00+00:00,180,,Left,France,FR,FRA,7800000,1814313600
1643,Lille,lille,Lille,LIL,France,FR,FRA,1391541,Ngal'ayel Mukau,Ngal'ayel Mukau,,ngalayel-mukau,N. Mukau,M,17,2004-11-03T00:00:00+00:00,188,,Left,DR Congo,CD,COD,14200000,1845936000
1643,Lille,lille,Lille,LIL,France,FR,FRA,368120,Nabil Bentaleb,Nabil,Bentaleb,nabil-bentaleb,N. Bentaleb,M,6,1994-11-24T00:00:00+00:00,187,78,Left,Algeria,DZ,DZA,4900000,1845936000
1643,Lille,lille,Lille,LIL,France,FR,FRA,965357,Osame Sahraoui,,,osame-sahraoui,O. Sahraoui,M,11,2001-06-11T00:00:00+00:00,170,,Right,Morocco,MA,MAR,8700000,1877472000
1643,Lille,lille,Lille,LIL,France,FR,FRA,963298,Dilane Bakwa,Dilane,Bakwa,dilane-bakwa,D. Bakwa,M,7,2002-08-26T00:00:00+00:00,179,,Left,France,FR,FRA,26000000,1814313600
1643,Lille,lille,Lille,LIL,France,FR,FRA,1138804,Hakon Arnar Haraldsson,Hakon Arnar,Haraldsson,hakon-arnar-haraldsson,H. Haraldsson,M,10,2003-04-10T00:00:00+00:00,180,,Right,Iceland,IS,ISL,26000000,1909008000
1643,Lille,lille,Lille,LIL,France,FR,FRA,987818,Maurits Kjaergaard,,,maurits-kjaergaard,M. Kjaergaard,M,14,2003-06-26T00:00:00+00:00,192,,Left,Denmark,DK,DNK,7400000,1940544000
1643,Lille,lille,Lille,LIL,France,FR,FRA,1193676,Başar Önal,Basar Onal,,basar-onal,B. Önal,M,19,2004-07-06T00:00:00+00:00,173,,Right,Türkiye,TR,TUR,7700000,1909008000
1643,Lille,lille,Lille,LIL,France,FR,FRA,51665,Benjamin André,,,benjamin-andre,B. André,M,21,1990-08-03T00:00:00+00:00,180,76,Right,France,FR,FRA,3100000,1845936000
1643,Lille,lille,Lille,LIL,France,FR,FRA,827506,Gaëtan Perrin,Gaetan,Perrin,gaetan-perrin,G. Perrin,M,28,1996-06-07T00:00:00+00:00,169,63,Right,France,FR,FRA,5200000,1845936000
1643,Lille,lille,Lille,LIL,France,FR,FRA,361780,Calvin Verdonk,Calvin,Verdonk,calvin-verdonk,C. Verdonk,D,24,1997-04-26T00:00:00+00:00,174,70,Left,Indonesia,ID,IDN,2600000,1845936000
1643,Lille,lille,Lille,LIL,France,FR,FRA,1049775,Alexsandro Ribeiro,Alexsandro Ribeiro,,alexsandro-ribeiro,A. Ribeiro,D,4,1999-08-09T00:00:00+00:00,192,,Right,Brazil,BR,BRA,15500000,1845936000
1643,Lille,lille,Lille,LIL,France,FR,FRA,1119487,Nathan Ngoy,Nathan,Ngoy,nathan-ngoy,N. Ngoy,D,3,2003-06-10T00:00:00+00:00,183,,Right,Belgium,BE,BEL,24000000,1877472000
1643,Lille,lille,Lille,LIL,France,FR,FRA,1087364,Tiago Santos,,,tiago-santos,T. Santos,D,22,2002-07-23T00:00:00+00:00,175,,Right,Portugal,PT,PRT,10600000,1877472000
1643,Lille,lille,Lille,LIL,France,FR,FRA,1003007,Tanguy Nianzou,,,tanguy-nianzou,T. Nianzou,D,23,2002-06-07T00:00:00+00:00,192,83,Right,France,FR,FRA,1200000,1845936000
1643,Lille,lille,Lille,LIL,France,FR,FRA,827519,Romain Perraud,Romain,Perraud,romain-perraud,R. Perraud,D,15,1997-09-22T00:00:00+00:00,173,68,Left,France,FR,FRA,6800000,1845936000
1643,Lille,lille,Lille,LIL,France,FR,FRA,1936804,Isaac Cossier,Isaac Cossier,,isaac-cossier,I. Cossier,D,26,2006-11-30T00:00:00+00:00,186,,Left,France,FR,FRA,2700000,1909008000
1643,Lille,lille,Lille,LIL,France,FR,FRA,1417059,Loun Srdanovic,Loun Srdanovic,,loun-srdanovic,L. Srdanovic,D,2,2006-08-04T00:00:00+00:00,180,,Right,Switzerland,CH,CHE,1300000,1909008000
1643,Lille,lille,Lille,LIL,France,FR,FRA,991709,Orlando Gill,,,orlando-gil,O. Gill,G,12,2000-06-11T00:00:00+00:00,198,,Left,Paraguay,PY,PRY,7000000,1940544000
1643,Lille,lille,Lille,LIL,France,FR,FRA,847494,Berke Özer,Berke,Ozer,berke-ozer,B. Özer,G,1,2000-05-25T00:00:00+00:00,191,,Right,Türkiye,TR,TUR,10500000,1877472000
1643,Lille,lille,Lille,LIL,France,FR,FRA,878898,Arnaud Bodart,Arnaud,Bodart,arnaud-bodart,A. Bodart,G,16,1998-03-11T00:00:00+00:00,184,,Right,Belgium,BE,BEL,1400000,1814313600
1656,Lorient,lorient,Lorient,FCL,France,FR,FRA,875548,Aiyegun Tosin,Aiyegun,Tosin,aiyegun-tosin,A. Tosin,F,15,1998-06-26T00:00:00+00:00,179,,Right,Benin,BJ,BEN,1700000,1814313600
1656,Lorient,lorient,Lorient,FCL,France,FR,FRA,1002343,Souleymane Faye,,,souleymane-faye,S. Faye,F,19,2003-02-08T00:00:00+00:00,179,,Right,Senegal,SN,SEN,3200000,1814313600
1656,Lorient,lorient,Lorient,FCL,France,FR,FRA,1405239,Mohamed Bamba,,,mohamed-bamba,M. Bamba,F,9,2001-12-10T00:00:00+00:00,185,,Right,Côte d'Ivoire,CI,CIV,1800000,1845936000
1656,Lorient,lorient,Lorient,FCL,France,FR,FRA,1087931,Isak Steiner Jensen,Isak Jensen,,isak-steiner-jensen,I. S. Jensen,F,10,2003-12-23T00:00:00+00:00,185,,Right,Denmark,DK,DNK,4900000,1814313600
1656,Lorient,lorient,Lorient,FCL,France,FR,FRA,1130573,Ibrahima Baldé,Ibrahima Baldé,,ibrahima-balde,I. Baldé,F,18,2003-01-17T00:00:00+00:00,185,,Right,France,FR,FRA,2100000,1814313600
1656,Lorient,lorient,Lorient,FCL,France,FR,FRA,802138,Jean Victor Makengo,Jean Victor,Makengo,jean-victor-makengo,J. Makengo,F,17,1998-06-12T00:00:00+00:00,177,73,Left,France,FR,FRA,5600000,1814313600
1656,Lorient,lorient,Lorient,FCL,France,FR,FRA,1855502,Arsène Kouassi,Kan Guy Arsène Kouassi,,kan-guy-arsene-kouassi,A. Kouassi,M,43,2004-09-11T00:00:00+00:00,178,,Left,Burkina Faso,BF,BFA,16399999,1877472000
1656,Lorient,lorient,Lorient,FCL,France,FR,FRA,1465307,Arthur Avom Ebong,Arthur Ebong,,ebong-arthur-avom,A. A. Ebong,M,62,2004-12-15T00:00:00+00:00,173,,Right,Cameroon,CM,CMR,19400000,1814313600
1656,Lorient,lorient,Lorient,FCL,France,FR,FRA,1100321,Noah Mbamba,,,noah-mbamba,N. Mbamba,M,72,2005-01-05T00:00:00+00:00,187,,Right,Belgium,BE,BEL,1800000,1814313600
1656,Lorient,lorient,Lorient,FCL,France,FR,FRA,1397569,Dembo Sylla,Dembo Sylla,,dembo-sylla,D. Sylla,M,20,2002-11-10T00:00:00+00:00,175,,Right,Guinea,GN,GIN,1600000,1845936000
1656,Lorient,lorient,Lorient,FCL,France,FR,FRA,954059,Bandiougou Fadiga,,,bandiougou-fadiga,B. Fadiga,M,7,2001-01-15T00:00:00+00:00,178,,Right,France,FR,FRA,145000,1845936000
1656,Lorient,lorient,Lorient,FCL,France,FR,FRA,1402217,Panos Katseris,,,panos-katseris,P. Katseris,M,77,2001-07-05T00:00:00+00:00,175,,Right,Greece,GR,GRC,2200000,1845936000
1656,Lorient,lorient,Lorient,FCL,France,FR,FRA,1893993,Gabin Bernardeau,,,gabin-bernardeau,G. Bernardeau,M,33,2006-01-24T00:00:00+00:00,181,,Left,France,FR,FRA,1300000,1909008000
1656,Lorient,lorient,Lorient,FCL,France,FR,FRA,993952,Noah Cadiou,Noah,Cadiou,noah-cadiou,N. Cadiou,M,8,1998-10-26T00:00:00+00:00,191,,Right,Guadeloupe,GP,GLP,3100000,1877472000
1656,Lorient,lorient,Lorient,FCL,France,FR,FRA,1131540,Théo Le Bris,,,theo-le-bris,T. L. Bris,M,11,2002-10-01T00:00:00+00:00,170,,Right,France,FR,FRA,5300000,1814313600
1656,Lorient,lorient,Lorient,FCL,France,FR,FRA,879618,Montassar Talbi,Montassar,Talbi,montassar-talbi,M. Talbi,D,3,1998-05-26T00:00:00+00:00,190,,Right,Tunisia,TN,TUN,7600000,1814313600
1656,Lorient,lorient,Lorient,FCL,France,FR,FRA,982316,Formose Mendy,Formose,Mendy,formose-mendy,F. Mendy,D,5,2001-01-02T00:00:00+00:00,191,,Right,Senegal,SN,SEN,1600000,1845936000
1656,Lorient,lorient,Lorient,FCL,France,FR,FRA,1012650,Isaak Touré,Isaak,Toure,souleymane-isaak-toure,S. I. Touré,D,95,2003-03-28T00:00:00+00:00,206,,Left,France,FR,FRA,1300000,1845936000
1656,Lorient,lorient,Lorient,FCL,France,FR,FRA,1103079,Nathaniel Adjei,Nathaniel Adjei,,nathaniel-adjei,N. Adjei,D,32,2002-08-21T00:00:00+00:00,191,,Right,Ghana,GH,GHA,1600000,1845936000
1656,Lorient,lorient,Lorient,FCL,France,FR,FRA,1068241,Nosa Edward Obaretin,,,obaretin-nosa-edward,N. E. Obaretin,D,55,2003-01-26T00:00:00+00:00,193,,Left,Italy,IT,ITA,1400000,1814313600
1656,Lorient,lorient,Lorient,FCL,France,FR,FRA,1139788,Srđan Kuzmić,Srdjan Kuzmic,,srdjan-kuzmic,S. Kuzmić,D,30,2004-01-16T00:00:00+00:00,183,,Right,Slovenia,SI,SVN,1900000,1909008000
1656,Lorient,lorient,Lorient,FCL,France,FR,FRA,802134,Alec Georgen,Alec,Georgen,alec-georgen,A. Georgen,D,2,1998-09-17T00:00:00+00:00,172,65,Right,France,FR,FRA,1600000,1877472000
1656,Lorient,lorient,Lorient,FCL,France,FR,FRA,149656,Yvon Mvogo,Yvon,Mvogo,yvon-mvogo,Y. Mvogo,G,38,1994-06-06T00:00:00+00:00,190,90,Right,Switzerland,CH,CHE,2600000,1814313600
1656,Lorient,lorient,Lorient,FCL,France,FR,FRA,583312,Bingourou Kamara,Bingourou,Kamara,bingourou-kamara,B. Kamara,G,21,1996-10-21T00:00:00+00:00,193,84,Right,Senegal,SN,SEN,625000,1814313600
1656,Lorient,lorient,Lorient,FCL,France,FR,FRA,80392,Benjamin Leroy,,,benjamin-leroy,B. Leroy,G,1,1989-04-07T00:00:00+00:00,184,74,Right,France,FR,FRA,96000,1814313600
1661,Nice,nice,Nice,OGC,France,FR,FRA,1107591,Mohamed Amoura,Mohamed El Amine Amoura,,mohamed-el-amine-amoura,M. E. A. Amoura,F,9,2000-05-09T00:00:00+00:00,169,,Right,Algeria,DZ,DZA,22000000,1814313600
1661,Nice,nice,Nice,OGC,France,FR,FRA,979315,Elye Wahi,,,elye-wahi,E. Wahi,F,11,2003-01-02T00:00:00+00:00,184,,Right,Côte d'Ivoire,CI,CIV,19400000,1814313600
1661,Nice,nice,Nice,OGC,France,FR,FRA,962064,Isak Jansson,Isak,Jansson,isak-jansson,I. Jansson,F,21,2002-01-31T00:00:00+00:00,176,,Right,Sweden,SE,SWE,4300000,
1661,Nice,nice,Nice,OGC,France,FR,FRA,1214843,Zoumana Diallo,Zoumana Diallo,,zoumana-diallo,Z. Diallo,F,44,2005-02-02T00:00:00+00:00,185,,Right,France,FR,FRA,765000,
1661,Nice,nice,Nice,OGC,France,FR,FRA,2723024,Djelan Morana,Djelan Morana,,djelan-morana,D. Morana,F,41,2008-08-05T00:00:00+00:00,,,,France,FR,FRA,,
1661,Nice,nice,Nice,OGC,France,FR,FRA,985923,Hicham Boudaoui,,,hicham-boudaoui,H. Boudaoui,M,6,1999-09-23T00:00:00+00:00,176,,Right,Algeria,DZ,DZA,11300000,1814313600
1661,Nice,nice,Nice,OGC,France,FR,FRA,35612,Axel Witsel,,,axel-witsel,A. Witsel,M,28,1989-01-12T00:00:00+00:00,186,73,Right,Belgium,BE,BEL,1300000,1814313600
1661,Nice,nice,Nice,OGC,France,FR,FRA,944164,Sofiane Diop,,,sofiane-diop,S. Diop,M,10,2000-06-09T00:00:00+00:00,175,55,Right,Morocco,MA,MAR,13900000,1814313600
1661,Nice,nice,Nice,OGC,France,FR,FRA,821728,Jonathan Clauss,Jonathan,Clauss,jonathan-clauss,J. Clauss,M,92,1992-09-25T00:00:00+00:00,178,70,Right,France,FR,FRA,3600000,1845936000
1661,Nice,nice,Nice,OGC,France,FR,FRA,993455,Salis Abdul Samed,Salis,Abdul Samed,salis-abdul-samed,S. Abdul Samed,M,99,2000-03-26T00:00:00+00:00,180,,Right,Ghana,GH,GHA,4300000,1845936000
1661,Nice,nice,Nice,OGC,France,FR,FRA,962409,Nathan N'Goumou,,,nathan-ngoumou,N. Ngoumou,M,29,2000-03-14T00:00:00+00:00,182,,Right,Cameroon,CM,CMR,3600000,
1661,Nice,nice,Nice,OGC,France,FR,FRA,842391,Gauthier Hein,Gauthier,Hein,gauthier-hein,G. Hein,M,7,1996-08-07T00:00:00+00:00,170,62,Left,France,FR,FRA,5200000,1877472000
1661,Nice,nice,Nice,OGC,France,FR,FRA,250133,Morgan Sanson,Morgan,Sanson,morgan-sanson,M. Sanson,M,8,1994-08-18T00:00:00+00:00,182,73,Right,France,FR,FRA,3700000,1814313600
1661,Nice,nice,Nice,OGC,France,FR,FRA,2020789,Djibril Coulibaly,Djibril Coulibaly,,djibril-coulibaly,D. Coulibaly,M,39,2008-11-18T00:00:00+00:00,189,,Right,France,FR,FRA,970000,1845936000
1661,Nice,nice,Nice,OGC,France,FR,FRA,1518668,Issiaga Camara,,,issiaga-camara,I. Camara,M,22,2005-02-02T00:00:00+00:00,178,,Right,Guinea,GN,GIN,240000,1814313600
1661,Nice,nice,Nice,OGC,France,FR,FRA,296434,Laurent Abergel,Laurent,Abergel,laurent-abergel,L. Abergel,M,19,1993-02-01T00:00:00+00:00,170,65,Right,France,FR,FRA,1900000,1877472000
1661,Nice,nice,Nice,OGC,France,FR,FRA,2456506,Xavier Mandza,,,mandza-xavier,X. Mandza,M,35,2009-04-06T00:00:00+00:00,182,,Left,France,FR,FRA,5500000,1877472000
1661,Nice,nice,Nice,OGC,France,FR,FRA,1551242,Everton Pereira,,,everton-pereira,E. Pereira,M,87,2007-04-11T00:00:00+00:00,181,,Right,France,FR,FRA,2100000,1877472000
1661,Nice,nice,Nice,OGC,France,FR,FRA,2456508,Nassim Laarej,,,laarej-nassim,N. Laarej,M,46,2009-03-22T00:00:00+00:00,,,Right,France,FR,FRA,,
1661,Nice,nice,Nice,OGC,France,FR,FRA,2706970,Aboulaye Camara,Aboulaye Camara,,aboulaye-camara,A. Camara,M,38,2008-02-10T00:00:00+00:00,,,,Mauritania,MR,MRT,,
1661,Nice,nice,Nice,OGC,France,FR,FRA,926506,Mohamed Abdelmonem,,,mohamed-abdelmonem,M. Abdelmonem,D,5,1999-02-01T00:00:00+00:00,184,83,Right,Egypt,EG,EGY,2700000,1845936000
1661,Nice,nice,Nice,OGC,France,FR,FRA,1120615,Antoine Mendy,Antoine,Mendy,antoine-mendy,A. Mendy,D,33,2004-05-26T00:00:00+00:00,186,,Right,Senegal,SN,SEN,9700000,1845936000
1661,Nice,nice,Nice,OGC,France,FR,FRA,919027,Ali Abdi,,,ali-abdi,A. Abdi,D,2,1993-12-20T00:00:00+00:00,183,,Left,Tunisia,TN,TUN,1900000,1814313600
1661,Nice,nice,Nice,OGC,France,FR,FRA,985934,Youssouf Ndayishimiye,,,youssouf-ndayishimiye,Y. Ndayishimiye,D,55,1998-10-27T00:00:00+00:00,183,,Right,Burundi,BI,BDI,7300000,1814313600
1661,Nice,nice,Nice,OGC,France,FR,FRA,1469180,Moise Bombito,Moise Bombito,,bombito-moise,M. Bombito,D,64,2000-03-30T00:00:00+00:00,190,,Right,Canada,CA,CAN,6800000,1845936000
1661,Nice,nice,Nice,OGC,France,FR,FRA,1597141,Hamza Koutoune,Hamza Koutoune,,hamza-koutoune,H. Koutoune,D,84,2006-09-17T00:00:00+00:00,177,,Right,Morocco,MA,MAR,155000,1845936000
1661,Nice,nice,Nice,OGC,France,FR,FRA,941179,Niels Nkounkou,Niels,Nkounkou,niels-nkounkou,N. Nkounkou,D,27,2000-11-01T00:00:00+00:00,184,,Left,France,FR,FRA,2800000,1814313600
1661,Nice,nice,Nice,OGC,France,FR,FRA,845183,Yehvann Diouf,Yehvann,Diouf,yehvann-diouf,Y. Diouf,G,23,1999-11-16T00:00:00+00:00,188,74,Right,Senegal,SN,SEN,6600000,1909008000
1661,Nice,nice,Nice,OGC,France,FR,FRA,1035770,Teddy Boulhendi,,,teddy-boulhendi,T. Boulhendi,G,77,2001-04-08T00:00:00+00:00,185,,Right,Algeria,DZ,DZA,290000,1814313600
1661,Nice,nice,Nice,OGC,France,FR,FRA,2662246,Martin Ponsot,,,martin-ponsot,M. Ponsot,G,60,2009-01-30T00:00:00+00:00,,,,France,FR,FRA,,
1649,Olympique Lyonnais,olympique-lyonnais,Lyon,OL,France,FR,FRA,835480,Loïs Openda,Lois,Openda,lois-openda,L. Openda,F,17,2000-02-16T00:00:00+00:00,177,,Right,Belgium,BE,BEL,27000000,1814313600
1649,Olympique Lyonnais,olympique-lyonnais,Lyon,OL,France,FR,FRA,1202024,Ernest Nuamah,Ernest Nuamah,,ernest-nuamah,E. Nuamah,F,7,2003-11-01T00:00:00+00:00,178,,Left,Ghana,GH,GHA,9500000,1845936000
1649,Olympique Lyonnais,olympique-lyonnais,Lyon,OL,France,FR,FRA,1171540,Julien Duranville,,,julien-duranville,J. Duranville,F,24,2006-05-05T00:00:00+00:00,170,,Right,Belgium,BE,BEL,6500000,1940544000
1649,Olympique Lyonnais,olympique-lyonnais,Lyon,OL,France,FR,FRA,957604,Pavel Šulc,,,pavel-sulc,P. Šulc,F,10,2000-12-29T00:00:00+00:00,177,70,Right,Czechia,CZ,CZE,21000000,1877472000
1649,Olympique Lyonnais,olympique-lyonnais,Lyon,OL,France,FR,FRA,1518669,Kaïl Boudache,Kaïl,Boudache,kail-boudache,K. Boudache,F,26,2006-06-15T00:00:00+00:00,175,,Left,Algeria,DZ,DZA,5200000,1940544000
1649,Olympique Lyonnais,olympique-lyonnais,Lyon,OL,France,FR,FRA,1614474,Alejandro Gomes Rodriguez,Alejandro,Gomes Rodriguez,alejandro-gomes-rodriguez,A. G. Rodriguez,F,32,2008-03-11T00:00:00+00:00,176,,Right,England,EN,ENG,745000,1845936000
1649,Olympique Lyonnais,olympique-lyonnais,Lyon,OL,France,FR,FRA,1961628,Rémi Himbert,Rémi,Himbert,remi-himbert,R. Himbert,F,45,2008-02-29T00:00:00+00:00,178,,Right,France,FR,FRA,,
1649,Olympique Lyonnais,olympique-lyonnais,Lyon,OL,France,FR,FRA,979118,Tyler Morton,,,tyler-morton,T. Morton,M,23,2002-10-31T00:00:00+00:00,185,,Right,England,EN,ENG,31000000,1909008000
1649,Olympique Lyonnais,olympique-lyonnais,Lyon,OL,France,FR,FRA,905352,Keito Nakamura,Keito,Nakamura,keito-nakamura,K. Nakamura,M,17,2000-07-28T00:00:00+00:00,180,75,Right,Japan,JP,JPN,12900000,1909008000
1649,Olympique Lyonnais,olympique-lyonnais,Lyon,OL,France,FR,FRA,343067,Corentin Tolisso,Corentin,Tolisso,corentin-tolisso,C. Tolisso,M,8,1994-08-03T00:00:00+00:00,181,78,Right,France,FR,FRA,11000000,1877472000
1649,Olympique Lyonnais,olympique-lyonnais,Lyon,OL,France,FR,FRA,2127096,Khalis Merah,Khalis,Merah,khalis-merah,K. Merah,M,18,2007-02-21T00:00:00+00:00,178,,Right,France,FR,FRA,,
1649,Olympique Lyonnais,olympique-lyonnais,Lyon,OL,France,FR,FRA,1195782,Noah Nartey,Noah Nartey,,noah-nartey,N. Nartey,M,99,2005-10-05T00:00:00+00:00,180,,Right,Denmark,DK,DNK,14000000,1909008000
1649,Olympique Lyonnais,olympique-lyonnais,Lyon,OL,France,FR,FRA,1506773,Mohamed Ouédraogo,Mohamed Ouédraogo,,mohamed-ouedraogo,M. Ouédraogo,M,76,2003-01-02T00:00:00+00:00,183,,Left,Burkina Faso,BF,BFA,1200000,1940544000
1649,Olympique Lyonnais,olympique-lyonnais,Lyon,OL,France,FR,FRA,1022084,Tanner Tessmann,Tanner,Tessmann,tanner-tessmann,T. Tessmann,M,6,2001-09-24T00:00:00+00:00,187,,Right,USA,US,USA,9500000,1877472000
1649,Olympique Lyonnais,olympique-lyonnais,Lyon,OL,France,FR,FRA,918429,Mads Bidstrup,Mads,Bidstrup,mads-bidstrup,M. Bidstrup,M,2,2001-02-25T00:00:00+00:00,175,,Right,Denmark,DK,DNK,12600000,1940544000
1649,Olympique Lyonnais,olympique-lyonnais,Lyon,OL,France,FR,FRA,1545023,Mathys de Carvalho,Mathys,de Carvalho,mathys-de-carvalho,M. d. Carvalho,M,39,2005-05-01T00:00:00+00:00,183,,Right,Portugal,PT,PRT,,
1649,Olympique Lyonnais,olympique-lyonnais,Lyon,OL,France,FR,FRA,839309,Paul Akouokou,Paul,Akouokou,paul-akouokou,P. Akouokou,M,4,1997-12-20T00:00:00+00:00,190,,Right,Côte d'Ivoire,CI,CIV,410000,1814313600
1649,Olympique Lyonnais,olympique-lyonnais,Lyon,OL,France,FR,FRA,158243,Nicolás Tagliafico,,,nicolas-tagliafico,N. Tagliafico,D,3,1992-08-31T00:00:00+00:00,172,63,Left,Argentina,AR,ARG,3800000,1814313600
1649,Olympique Lyonnais,olympique-lyonnais,Lyon,OL,France,FR,FRA,758168,Moussa Niakhaté,Moussa,Niakhate,moussa-niakhate,M. Niakhaté,D,19,1996-03-08T00:00:00+00:00,190,70,Left,Senegal,SN,SEN,14600000,1845936000
1649,Olympique Lyonnais,olympique-lyonnais,Lyon,OL,France,FR,FRA,1937750,Noham Kamara,Noham Kamara,,noham-kamara,N. Kamara,D,85,2007-01-22T00:00:00+00:00,183,,Right,France,FR,FRA,2900000,1909008000
1649,Olympique Lyonnais,olympique-lyonnais,Lyon,OL,France,FR,FRA,973838,Abner Vinícius,,,abner-vinicius,Abner Vinícius,D,16,2000-05-27T00:00:00+00:00,181,,Left,Brazil,BR,BRA,9200000,1877472000
1649,Olympique Lyonnais,olympique-lyonnais,Lyon,OL,France,FR,FRA,1409700,Zachary Athekame,,,zachary-athekame,Z. Athekame,D,13,2004-12-13T00:00:00+00:00,180,,Right,Switzerland,CH,CHE,15500000,1814313600
1649,Olympique Lyonnais,olympique-lyonnais,Lyon,OL,France,FR,FRA,1014540,Ruben Kluivert,,,ruben-kluivert,R. Kluivert,D,21,2001-05-21T00:00:00+00:00,187,,Right,Netherlands,NL,NLD,7500000,1909008000
1649,Olympique Lyonnais,olympique-lyonnais,Lyon,OL,France,FR,FRA,152813,Clinton Mata,Clinton,Mata,clinton-mata,C. Mata,D,22,1992-11-07T00:00:00+00:00,180,72,Right,Angola,AO,AGO,2600000,1845936000
1649,Olympique Lyonnais,olympique-lyonnais,Lyon,OL,France,FR,FRA,1627804,Steeve Kango,Steeve,Kango,steeve-kango,S. Kango,D,37,2006-12-06T00:00:00+00:00,,,Right,France,FR,FRA,,
1649,Olympique Lyonnais,olympique-lyonnais,Lyon,OL,France,FR,FRA,943525,Felix Bacher,,,felix-bacher,F. Bacher,D,20,2000-10-25T00:00:00+00:00,190,,Right,Austria,AT,AUT,6500000,1940544000
1649,Olympique Lyonnais,olympique-lyonnais,Lyon,OL,France,FR,FRA,791046,Dominik Greif,Dominik,Greif,dominik-greif,D. Greif,G,1,1997-04-06T00:00:00+00:00,197,82,Right,Slovakia,SK,SVK,8600000,1877472000
1649,Olympique Lyonnais,olympique-lyonnais,Lyon,OL,France,FR,FRA,1481174,Lassine Diarra,Lassine Diarra,,lassine-diarra,L. Diarra,G,50,2002-11-11T00:00:00+00:00,195,,Right,Mali,ML,MLI,23000,
1649,Olympique Lyonnais,olympique-lyonnais,Lyon,OL,France,FR,FRA,788180,Rémy Descamps,Remy,Descamps,remy-descamps,R. Descamps,G,40,1996-06-25T00:00:00+00:00,194,74,Left,France,FR,FRA,1500000,1877472000
1649,Olympique Lyonnais,olympique-lyonnais,Lyon,OL,France,FR,FRA,1563912,Yvann Konan,Yvann,Konan,yvann-konan,Y. Konan,G,30,2007-01-16T00:00:00+00:00,189,,Right,Côte d'Ivoire,CI,CIV,,
1649,Olympique Lyonnais,olympique-lyonnais,Lyon,OL,France,FR,FRA,1049184,Justin Bengui,,,justin-bengui,J. Bengui,G,25,2005-07-09T00:00:00+00:00,190,87,Right,France,FR,FRA,260000,1845936000
1641,Olympique de Marseille,olympique-de-marseille,Marseille,OM,France,FR,FRA,859026,Amine Gouiri,Amine,Gouiri,amine-gouiri,A. Gouiri,F,9,2000-02-16T00:00:00+00:00,180,72,Right,Algeria,DZ,DZA,30000000,1877472000
1641,Olympique de Marseille,olympique-de-marseille,Marseille,OM,France,FR,FRA,268903,Neal Maupay,Neal,Maupay,neal-maupay,N. Maupay,F,11,1996-08-14T00:00:00+00:00,171,69,Right,France,FR,FRA,4099999,1845936000
1641,Olympique de Marseille,olympique-de-marseille,Marseille,OM,France,FR,FRA,1029456,Faris Moumbagna,,,faris-pemi-moumbagna,F. P. Moumbagna,F,29,2000-07-01T00:00:00+00:00,185,78,Left,Cameroon,CM,CMR,3600000,1845936000
1641,Olympique de Marseille,olympique-de-marseille,Marseille,OM,France,FR,FRA,981815,Igor Paixão,,,igor-paixao,I. Paixão,M,14,2000-06-28T00:00:00+00:00,168,,Right,Brazil,BR,BRA,33000000,1909008000
1641,Olympique de Marseille,olympique-de-marseille,Marseille,OM,France,FR,FRA,855810,Timothy Weah,Timothy,Weah,tim-weah,T. Weah,M,22,2000-02-22T00:00:00+00:00,185,66,Right,USA,US,USA,18200000,1909008000
1641,Olympique de Marseille,olympique-de-marseille,Marseille,OM,France,FR,FRA,827522,Amine Harit,Amine,Harit,amine-harit,A. Harit,M,77,1997-06-18T00:00:00+00:00,179,,Right,Morocco,MA,MAR,5300000,1814313600
1641,Olympique de Marseille,olympique-de-marseille,Marseille,OM,France,FR,FRA,945830,Himad Abdelli,,,himad-abdelli,H. Abdelli,M,8,1999-11-17T00:00:00+00:00,185,,Right,Algeria,DZ,DZA,4600000,1909008000
1641,Olympique de Marseille,olympique-de-marseille,Marseille,OM,France,FR,FRA,149593,Pierre-Emile Højbjerg,,,pierre-emile-hjbjerg,P. Højbjerg,M,23,1995-08-05T00:00:00+00:00,185,84,Right,Denmark,DK,DNK,13600000,1845936000
1641,Olympique de Marseille,olympique-de-marseille,Marseille,OM,France,FR,FRA,867441,Angel Gomes,Angel,Gomes,angel-gomes,A. Gomes,M,7,2000-08-31T00:00:00+00:00,168,52,Right,England,EN,ENG,10800000,1845936000
1641,Olympique de Marseille,olympique-de-marseille,Marseille,OM,France,FR,FRA,96544,Geoffrey Kondogbia,,,geoffrey-kondogbia,G. Kondogbia,M,19,1993-02-15T00:00:00+00:00,188,76,Left,Central African Republic,CF,CAF,2900000,1814313600
1641,Olympique de Marseille,olympique-de-marseille,Marseille,OM,France,FR,FRA,1191892,Tochukwu Nnadi,,,tochukwu-nadi,T. Nnadi,M,6,2003-06-30T00:00:00+00:00,176,,Right,Nigeria,NG,NGA,4800000,1909008000
1641,Olympique de Marseille,olympique-de-marseille,Marseille,OM,France,FR,FRA,1844117,Keyliane Abdallah,Keyliane Abdallah,,keyliane-abdallah,K. Abdallah,M,48,2006-04-05T00:00:00+00:00,185,,Left,France,FR,FRA,46000,1845936000
1641,Olympique de Marseille,olympique-de-marseille,Marseille,OM,France,FR,FRA,2250107,Tadjidine Mmadi,Tadjidine Mmadi,,tadjidine-mmadi,T. Mmadi,M,43,2007-03-03T00:00:00+00:00,180,,Both,France,FR,FRA,,
1641,Olympique de Marseille,olympique-de-marseille,Marseille,OM,France,FR,FRA,877102,Nayef Aguerd,Nayef,Aguerd,nayef-aguerd,N. Aguerd,D,21,1996-03-30T00:00:00+00:00,188,,Left,Morocco,MA,MAR,15900000,1909008000
1641,Olympique de Marseille,olympique-de-marseille,Marseille,OM,France,FR,FRA,155997,Emerson,Emerson,Emerson,emerson,Emerson,D,33,1994-08-03T00:00:00+00:00,176,63,Left,Italy,IT,ITA,8199999,1814313600
1641,Olympique de Marseille,olympique-de-marseille,Marseille,OM,France,FR,FRA,801411,Derek Cornelius,Derek,Cornelius,derek-cornelius,D. Cornelius,D,13,1997-11-25T00:00:00+00:00,188,82,Left,Canada,CA,CAN,2300000,1845936000
1641,Olympique de Marseille,olympique-de-marseille,Marseille,OM,France,FR,FRA,1131448,Conrad Jaden Egan-Riley,,,cj-egan-riley,C. Egan-Riley,D,4,2003-01-02T00:00:00+00:00,183,,Right,England,EN,ENG,9400000,1877472000
1641,Olympique de Marseille,olympique-de-marseille,Marseille,OM,France,FR,FRA,558320,Ulisses Garcia,Ulisses,Garcia,ulisses-garcia,U. Garcia,D,25,1996-01-11T00:00:00+00:00,185,78,Left,Switzerland,CH,CHE,2900000,1845936000
1641,Olympique de Marseille,olympique-de-marseille,Marseille,OM,France,FR,FRA,1131541,Bamo Meïté,,,bamo-meite,B. Meïté,D,18,2001-06-20T00:00:00+00:00,183,,Right,Côte d'Ivoire,CI,CIV,6800000,1845936000
1641,Olympique de Marseille,olympique-de-marseille,Marseille,OM,France,FR,FRA,803034,Jeffrey De Lange,Jeffrey,De Lange,jeffrey-de-lange,J. De Lange,G,1,1998-04-01T00:00:00+00:00,188,,Both,Netherlands,NL,NLD,2700000,1814313600
1641,Olympique de Marseille,olympique-de-marseille,Marseille,OM,France,FR,FRA,1142668,Jelle Van Neck,,,jelle-van-neck,J. V. Neck,G,40,2004-03-06T00:00:00+00:00,191,,Right,Belgium,BE,BEL,155000,1814313600
1641,Olympique de Marseille,olympique-de-marseille,Marseille,OM,France,FR,FRA,952626,Théo Vermot,Théo,Vermot,theo-vermot,T. Vermot,G,92,1997-01-26T00:00:00+00:00,190,,Right,France,FR,FRA,94000,
6070,Paris FC,paris-fc,Paris,PFC,France,FR,FRA,927005,Lassine Sinayoko,Lassine,Sinayoko,lassine-sinayoko,L. Sinayoko,F,9,1999-12-08T00:00:00+00:00,186,,Right,Mali,ML,MLI,10500000,1877472000
6070,Paris FC,paris-fc,Paris,PFC,France,FR,FRA,330051,Moses Simon,Moses,Simon,moses-simon,M. Simon,F,27,1995-07-12T00:00:00+00:00,168,67,Both,Nigeria,NG,NGA,7700000,1845936000
6070,Paris FC,paris-fc,Paris,PFC,France,FR,FRA,940328,Jean-Philippe Krasso,Jean-Philippe,Krasso,jean-philippe-krasso,J. Krasso,F,11,1997-07-17T00:00:00+00:00,189,,Left,Côte d'Ivoire,CI,CIV,3300000,1814313600
6070,Paris FC,paris-fc,Paris,PFC,France,FR,FRA,1216282,Luca Koleosho,Luca Koleosho,,luca-koleosho,L. Koleosho,F,15,2004-09-15T00:00:00+00:00,175,,Right,Italy,IT,ITA,5800000,1940544000
6070,Paris FC,paris-fc,Paris,PFC,France,FR,FRA,802142,Jonathan Ikoné,Jonathan,Ikone,jonathan-ikone,J. Ikoné,F,93,1998-05-02T00:00:00+00:00,180,70,Left,France,FR,FRA,3800000,1814313600
6070,Paris FC,paris-fc,Paris,PFC,France,FR,FRA,1174462,Pablo Pagis,Pablo Pagis,,pablo-pagis,P. Pagis,F,7,2002-12-29T00:00:00+00:00,181,,Right,France,FR,FRA,13800000,1940544000
6070,Paris FC,paris-fc,Paris,PFC,France,FR,FRA,1523625,Omar Sissoko,Omar Sissoko,,omar-sissoko,O. Sissoko,F,18,2006-08-18T00:00:00+00:00,175,,Right,France,FR,FRA,1000000,1814313600
6070,Paris FC,paris-fc,Paris,PFC,France,FR,FRA,1049442,Ilan Kebbal,Ilan Kebbal,,ilan-kebbal,I. Kebbal,M,10,1998-07-10T00:00:00+00:00,169,,Left,Algeria,DZ,DZA,11200000,1845936000
6070,Paris FC,paris-fc,Paris,PFC,France,FR,FRA,2041113,Patrick Zabi,Eloge Patrick,Zabi,zabi,Zabi,M,8,2006-09-23T00:00:00+00:00,191,85,Right,Côte d'Ivoire,CI,CIV,21000000,
6070,Paris FC,paris-fc,Paris,PFC,France,FR,FRA,352802,Maxime López,,,maxime-lopez,M. López,M,20,1997-12-04T00:00:00+00:00,167,58,Right,France,FR,FRA,5200000,1814313600
6070,Paris FC,paris-fc,Paris,PFC,France,FR,FRA,1961626,Rudy Matondo,Rudy Matondo,,rudy-matondo,R. Matondo,M,23,2008-03-13T00:00:00+00:00,180,,Left,France,FR,FRA,19100000,1845936000
6070,Paris FC,paris-fc,Paris,PFC,France,FR,FRA,801306,Pierre Lees Melou,Pierre,Lees Melou,pierre-lees-melou,P. Lees Melou,M,33,1993-05-25T00:00:00+00:00,185,67,Right,France,FR,FRA,4200000,1814313600
6070,Paris FC,paris-fc,Paris,PFC,France,FR,FRA,1507384,Adama Camara,Adama Camara,,camara-adama,A. Camara,M,17,1996-10-18T00:00:00+00:00,180,,Right,France,FR,FRA,3100000,1814313600
6070,Paris FC,paris-fc,Paris,PFC,France,FR,FRA,795508,Vincent Marchetti,Vincent,Marchetti,vincent-marchetti,V. Marchetti,M,4,1997-07-04T00:00:00+00:00,181,70,Left,France,FR,FRA,1600000,1814313600
6070,Paris FC,paris-fc,Paris,PFC,France,FR,FRA,981168,Samir Chergui,,,samir-sophian-chergui,S. S. Chergui,D,31,1999-02-06T00:00:00+00:00,185,,Right,Algeria,DZ,DZA,2800000,
6070,Paris FC,paris-fc,Paris,PFC,France,FR,FRA,362014,Hamari Traoré,,,hamari-traore,H. Traoré,D,14,1992-01-27T00:00:00+00:00,175,64,Right,Mali,ML,MLI,1500000,1814313600
6070,Paris FC,paris-fc,Paris,PFC,France,FR,FRA,982319,Moustapha Mbow,Moustapha,Mbow,moustapha-mbow,M. Mbow,D,5,2000-03-08T00:00:00+00:00,187,82,Right,Senegal,SN,SEN,9800000,1845936000
6070,Paris FC,paris-fc,Paris,PFC,France,FR,FRA,1050692,Diego Coppola,,,diego-coppola,D. Coppola,D,42,2003-12-28T00:00:00+00:00,192,,Right,Italy,IT,ITA,19700000,1940544000
6070,Paris FC,paris-fc,Paris,PFC,France,FR,FRA,1069159,Otávio,Otavio,Otavio,otavio,Otávio,D,6,2002-04-21T00:00:00+00:00,188,,Left,Brazil,BR,BRA,9600000,1909008000
6070,Paris FC,paris-fc,Paris,PFC,France,FR,FRA,1937848,Emmanuel Mbemba,Emmanuel Mbemba,,emmanuel-mbemba,E. Mbemba,D,3,2008-03-20T00:00:00+00:00,179,,Left,France,FR,FRA,,1909008000
6070,Paris FC,paris-fc,Paris,PFC,France,FR,FRA,1426221,Nhoa Sangui,,,nhoa-sangui,N. Sangui,D,19,2006-02-27T00:00:00+00:00,178,,Left,France,FR,FRA,10400000,1909008000
6070,Paris FC,paris-fc,Paris,PFC,France,FR,FRA,844744,Thibault De Smet,Thibault,De Smet,thibault-de-smet,T. De Smet,D,28,1998-06-05T00:00:00+00:00,182,,Left,Belgium,BE,BEL,1700000,1814313600
6070,Paris FC,paris-fc,Paris,PFC,France,FR,FRA,1131803,Yoan Koré,Yoan Koré,,yoan-kore,Y. Koré,D,25,2004-11-16T00:00:00+00:00,187,,Right,France,FR,FRA,580000,1814313600
6070,Paris FC,paris-fc,Paris,PFC,France,FR,FRA,38440,Kevin Trapp,,,kevin-trapp,K. Trapp,G,1,1990-07-08T00:00:00+00:00,189,88,Right,Germany,DE,DEU,1900000,1845936000
6070,Paris FC,paris-fc,Paris,PFC,France,FR,FRA,1015872,Obed Nkambadio,,,obed-nkambadio,O. Nkambadio,G,16,2003-02-07T00:00:00+00:00,190,,Right,France,FR,FRA,4700000,1814313600
1644,Paris Saint-Germain,paris-saint-germain,PSG,PSG,France,FR,FRA,818244,Ousmane Dembélé,Ousmane,Dembele,ousmane-dembele,O. Dembélé,F,10,1997-05-15T00:00:00+00:00,178,,Both,France,FR,FRA,97000000,1845936000
1644,Paris Saint-Germain,paris-saint-germain,PSG,PSG,France,FR,FRA,855833,Ferran Torres,Ferran,Torres,ferran-torres,F. Torres,F,9,2000-02-29T00:00:00+00:00,183,,Right,Spain,ES,ESP,59000000,1940544000
1644,Paris Saint-Germain,paris-saint-germain,PSG,PSG,France,FR,FRA,889259,Khvicha Kvaratskhelia,Khvicha,Kvaratskhelia,khvicha-kvaratskhelia,K. Kvaratskhelia,F,7,2001-02-12T00:00:00+00:00,183,70,Both,Georgia,GE,GEO,144000000,1877472000
1644,Paris Saint-Germain,paris-saint-germain,PSG,PSG,France,FR,FRA,1154605,Désiré Doué,Désiré Doué,,desire-doue,D. Doué,F,14,2005-06-03T00:00:00+00:00,181,,Both,France,FR,FRA,124000000,1877472000
1644,Paris Saint-Germain,paris-saint-germain,PSG,PSG,France,FR,FRA,1149146,Mika Godts,Mika Godts,,mika-godts,M. Godts,F,22,2005-06-07T00:00:00+00:00,176,,Right,Belgium,BE,BEL,32000000,1940544000
1644,Paris Saint-Germain,paris-saint-germain,PSG,PSG,France,FR,FRA,902029,Vitinha,Vitor,Vitinha,vitinha,Vitinha,M,17,2000-02-13T00:00:00+00:00,172,,Right,Portugal,PT,PRT,130000000,1877472000
1644,Paris Saint-Germain,paris-saint-germain,PSG,PSG,France,FR,FRA,1926085,Dro Fernández,Pedro,Fernández Sarmiento,pedro-fernandez,D. Fernández,M,27,2008-01-12T00:00:00+00:00,182,,Right,Spain,ES,ESP,9700000,1909008000
1644,Paris Saint-Germain,paris-saint-germain,PSG,PSG,France,FR,FRA,1190933,João Neves,Joao,Neves,joao-neves,J. Neves,M,87,2004-09-27T00:00:00+00:00,174,,Right,Portugal,PT,PRT,148000000,1877472000
1644,Paris Saint-Germain,paris-saint-germain,PSG,PSG,France,FR,FRA,784655,Fabián Ruiz,Fabian,Ruiz,fabian-ruiz,F. Ruiz,M,8,1996-04-03T00:00:00+00:00,189,70,Left,Spain,ES,ESP,29000000,1814313600
1644,Paris Saint-Germain,paris-saint-germain,PSG,PSG,France,FR,FRA,1473491,Senny Mayulu,,,mayulu-senny,S. Mayulu,M,24,2006-05-17T00:00:00+00:00,183,,Both,France,FR,FRA,38000000,1814313600
1644,Paris Saint-Germain,paris-saint-germain,PSG,PSG,France,FR,FRA,1142672,Warren Zaïre-Emery,,,warren-zaire-emery,W. Zaïre-Emery,M,33,2006-03-08T00:00:00+00:00,178,,Right,France,FR,FRA,78000000,1877472000
1644,Paris Saint-Germain,paris-saint-germain,PSG,PSG,France,FR,FRA,1130939,Maghnes Akliouche,,,maghnes-akliouche,M. Akliouche,M,11,2002-02-25T00:00:00+00:00,183,,Left,France,FR,FRA,49000000,1940544000
1644,Paris Saint-Germain,paris-saint-germain,PSG,PSG,France,FR,FRA,814594,Achraf Hakimi,Achraf,Hakimi,achraf-hakimi,A. Hakimi,D,2,1998-11-04T00:00:00+00:00,181,68,Right,Morocco,MA,MAR,82000000,1877472000
1644,Paris Saint-Germain,paris-saint-germain,PSG,PSG,France,FR,FRA,989768,Nuno Mendes,,,nuno-mendes,N. Mendes,D,25,2002-06-19T00:00:00+00:00,180,62,Left,Portugal,PT,PRT,77000000,1877472000
1644,Paris Saint-Germain,paris-saint-germain,PSG,PSG,France,FR,FRA,155995,Marquinhos,Marcos,Marquinhos,marquinhos,Marquinhos,D,5,1994-05-14T00:00:00+00:00,183,,Right,Brazil,BR,BRA,27000000,1845936000
1644,Paris Saint-Germain,paris-saint-germain,PSG,PSG,France,FR,FRA,979480,Willian Pacho,Willian,Pacho,willian-pacho,W. Pacho,D,51,2001-10-16T00:00:00+00:00,187,,Left,Ecuador,EC,ECU,76000000,1877472000
1644,Paris Saint-Germain,paris-saint-germain,PSG,PSG,France,FR,FRA,1108441,Lucas Beraldo,Lucas Beraldo,,lucas-beraldo,L. Beraldo,D,4,2003-11-24T00:00:00+00:00,186,,Left,Brazil,BR,BRA,20000000,1845936000
1644,Paris Saint-Germain,paris-saint-germain,PSG,PSG,France,FR,FRA,1023567,Ilya Zabarnyi,,,illia-zabarnyi,I. Zabarnyi,D,6,2002-09-01T00:00:00+00:00,189,,Right,Ukraine,UA,UKR,37000000,1909008000
1644,Paris Saint-Germain,paris-saint-germain,PSG,PSG,France,FR,FRA,352370,Lucas Hernández,,,lucas-hernandez,L. Hernández,D,21,1996-02-14T00:00:00+00:00,183,76,Left,France,FR,FRA,18600000,1845936000
1644,Paris Saint-Germain,paris-saint-germain,PSG,PSG,France,FR,FRA,96538,Lucas Digne,,,lucas-digne,L. Digne,D,12,1993-07-20T00:00:00+00:00,178,74,Left,France,FR,FRA,5500000,1877472000
1644,Paris Saint-Germain,paris-saint-germain,PSG,PSG,France,FR,FRA,800749,Matvey Safonov,Matvey,Safonov,matvey-safonov,M. Safonov,G,39,1999-02-25T00:00:00+00:00,191,80,Right,Russia,RU,RUS,32000000,1877472000
1644,Paris Saint-Germain,paris-saint-germain,PSG,PSG,France,FR,FRA,996953,Lucas Chevalier,,,chevalier-lucas,L. Chevalier,G,30,2001-11-06T00:00:00+00:00,188,,Right,France,FR,FRA,26000000,1909008000
1644,Paris Saint-Germain,paris-saint-germain,PSG,PSG,France,FR,FRA,1823902,Alessandro Longoni,Alessandro Longoni,,alessandro-longoni,A. Longoni,G,16,2008-01-31T00:00:00+00:00,192,,Left,Italy,IT,ITA,275000,1940544000
1648,RC Lens,rc-lens,Lens,RCL,France,FR,FRA,148824,Florian Thauvin,Florian,Thauvin,florian-thauvin,F. Thauvin,F,10,1993-01-26T00:00:00+00:00,179,70,Left,France,FR,FRA,5200000,1845936000
1648,RC Lens,rc-lens,Lens,RCL,France,FR,FRA,795228,Odsonne Édouard,Odsonne,Edouard,odsonne-edouard,O. Édouard,F,11,1998-01-16T00:00:00+00:00,187,,Right,France,FR,FRA,11300000,1845936000
1648,RC Lens,rc-lens,Lens,RCL,France,FR,FRA,1103333,Franjo Ivanović,,,franjo-ivanovic,F. Ivanović,F,29,2003-10-01T00:00:00+00:00,185,,Right,Croatia,HR,HRV,14600000,1814313600
1648,RC Lens,rc-lens,Lens,RCL,France,FR,FRA,1029018,Abdallah Sima,,,abdallah-sima,A.Sima,F,19,2001-06-17T00:00:00+00:00,188,,Right,Senegal,SN,SEN,4900000,1877472000
1648,RC Lens,rc-lens,Lens,RCL,France,FR,FRA,788921,Florian Sotoca,Florian,Sotoca,florian-sotoca,F. Sotoca,F,7,1990-10-25T00:00:00+00:00,187,79,Right,France,FR,FRA,1300000,1814313600
1648,RC Lens,rc-lens,Lens,RCL,France,FR,FRA,966849,Saud Abdulhamid,Saud,Abdulhamid,saud-abdulhamid,S. Abdulhamid,M,23,1999-07-18T00:00:00+00:00,178,,Right,Saudi Arabia,SA,SAU,8400000,1877472000
1648,RC Lens,rc-lens,Lens,RCL,France,FR,FRA,822708,Amadou Haidara,Amadou,Haidara,amadou-haidara,A. Haidara,M,21,1998-01-31T00:00:00+00:00,174,67,Right,Mali,ML,MLI,4900000,1877472000
1648,RC Lens,rc-lens,Lens,RCL,France,FR,FRA,1094538,Yassine Titraoui,Yacine Titraoui,,yassine-titraoui,Y. Titraoui,M,8,2003-07-26T00:00:00+00:00,170,,Both,Algeria,DZ,DZA,7200000,1940544000
1648,RC Lens,rc-lens,Lens,RCL,France,FR,FRA,94286,Thorgan Hazard,,,thorgan-hazard,T. Hazard,M,9,1993-03-29T00:00:00+00:00,174,69,Right,Belgium,BE,BEL,1800000,1845936000
1648,RC Lens,rc-lens,Lens,RCL,France,FR,FRA,942479,Michał Skóraś,Michal,Skoras,michal-skoras,M. Skóraś,M,22,2000-02-15T00:00:00+00:00,172,64,Right,Poland,PL,POL,4200000,1940544000
1648,RC Lens,rc-lens,Lens,RCL,France,FR,FRA,2199216,Mezian Mesloub,Mezian Mesloub,,mezian-mesloub,M. Mesloub,M,38,2009-11-08T00:00:00+00:00,174,,Left,Portugal,PT,PRT,520000,
1648,RC Lens,rc-lens,Lens,RCL,France,FR,FRA,1002458,Jhoanner Chávez,,,jhoanner-chavez,Jhoanner Chávez,M,13,2002-04-24T00:00:00+00:00,182,,Left,Ecuador,EC,ECU,2300000,1845936000
1648,RC Lens,rc-lens,Lens,RCL,France,FR,FRA,826208,Michaël Cuisance,Michael,Cuisance,michael-cuisance,M. Cuisance,M,27,1999-08-16T00:00:00+00:00,181,73,Left,France,FR,FRA,3100000,1909008000
1648,RC Lens,rc-lens,Lens,RCL,France,FR,FRA,1423504,Andrija Bulatović,,,andrija-bulatovic,A. Bulatović,M,5,2006-12-27T00:00:00+00:00,180,,Right,Montenegro,ME,MNE,7300000,1909008000
1648,RC Lens,rc-lens,Lens,RCL,France,FR,FRA,999033,Junior Kadile,,,kadile-junior,J. Kadile,M,28,2002-12-16T00:00:00+00:00,182,,Right,France,FR,FRA,2200000,1814313600
1648,RC Lens,rc-lens,Lens,RCL,France,FR,FRA,787827,Matthieu Udol,Matthieu,Udol,matthieu-udol,M. Udol,M,14,1996-03-20T00:00:00+00:00,178,74,Left,France,FR,FRA,7700000,1845936000
1648,RC Lens,rc-lens,Lens,RCL,France,FR,FRA,579576,Ruben Aguilar,Ruben,Aguilar,ruben-aguilar,R. Aguilar,M,2,1993-04-26T00:00:00+00:00,172,70,Right,France,FR,FRA,2700000,1845936000
1648,RC Lens,rc-lens,Lens,RCL,France,FR,FRA,1408080,Ismaelo Ganiou,Ismaelo,Ganiou,ismaelo-ganiou,I. Ganiou,D,25,2005-03-14T00:00:00+00:00,182,,Right,France,FR,FRA,19400000,1909008000
1648,RC Lens,rc-lens,Lens,RCL,France,FR,FRA,945217,Jean-Clair Todibo,Jean-Clair,Todibo,jean-clair-todibo,J. Todibo,D,25,1999-12-30T00:00:00+00:00,189,,Right,France,FR,FRA,24000000,1814313600
1648,RC Lens,rc-lens,Lens,RCL,France,FR,FRA,1099117,Samson Baidoo,,,samson-baidoo,S. Baidoo,D,6,2004-03-31T00:00:00+00:00,190,,Right,Austria,AT,AUT,26000000,1909008000
1648,RC Lens,rc-lens,Lens,RCL,France,FR,FRA,1399503,Nidal Čelik,,,nidal-celik,N. Čelik,D,4,2006-07-17T00:00:00+00:00,192,,Right,Bosnia & Herzegovina,BA,BIH,6400000,1877472000
1648,RC Lens,rc-lens,Lens,RCL,France,FR,FRA,984183,Maik Nawrocki,Maik,Nawrocki,maik-nawrocki,M. Nawrocki,D,3,2001-02-07T00:00:00+00:00,190,,Both,Poland,PL,POL,1400000,1909008000
1648,RC Lens,rc-lens,Lens,RCL,France,FR,FRA,1546405,Kyllian Antonio,,,kyllian-antonio,K. Antonio,D,32,2008-01-04T00:00:00+00:00,183,,Right,France,FR,FRA,2800000,1845936000
1648,RC Lens,rc-lens,Lens,RCL,France,FR,FRA,1545381,Souleymane Sagnan,Souleymane Sagnan,,souleymane-sagnan,S. Sagnan,D,31,2005-05-05T00:00:00+00:00,187,,Left,Mali,ML,MLI,,
1648,RC Lens,rc-lens,Lens,RCL,France,FR,FRA,369650,Jonathan Gradit,Jonathan,Gradit,jonathan-gradit,J. Gradit,D,24,1992-11-24T00:00:00+00:00,180,77,Right,France,FR,FRA,2400000,1845936000
1648,RC Lens,rc-lens,Lens,RCL,France,FR,FRA,1387161,Robin Risser,Robin Risser,,robin-risser,R. Risser,G,40,2004-12-02T00:00:00+00:00,193,,Right,France,FR,FRA,31000000,1909008000
1648,RC Lens,rc-lens,Lens,RCL,France,FR,FRA,1961639,Ilan Jourdren,Ilan Jourdren,,ilan-jourdren,I. Jourdren,G,60,2008-07-16T00:00:00+00:00,185,,Right,France,FR,FRA,,1877472000
1648,RC Lens,rc-lens,Lens,RCL,France,FR,FRA,123226,Mathieu Gorgelin,Mathieu,Gorgelin,mathieu-gorgelin,M. Gorgelin,G,16,1990-08-05T00:00:00+00:00,187,83,Left,France,FR,FRA,210000,1814313600
1648,RC Lens,rc-lens,Lens,RCL,France,FR,FRA,14841,Régis Gurtner,,,regis-gurtner,R. Gurtner,G,1,1986-12-08T00:00:00+00:00,183,80,Right,France,FR,FRA,95000,1814313600
1659,RC Strasbourg,rc-strasbourg,Strasbourg,STR,France,FR,FRA,1410925,Joaquin Panichelli,Joaquín Panichelli,,panichelli-joaquin,J. Panichelli,F,9,2002-10-07T00:00:00+00:00,190,82,Right,Argentina,AR,ARG,32000000,1909008000
1659,RC Strasbourg,rc-strasbourg,Strasbourg,STR,France,FR,FRA,1485371,Deivid Washington,Deivid Washington,,deivid-washington,D. Washington,F,36,2005-06-05T00:00:00+00:00,186,73,Right,Brazil,BR,BRA,3100000,1940544000
1659,RC Strasbourg,rc-strasbourg,Strasbourg,STR,France,FR,FRA,1494826,Conrad Harder,Conrad,Harder,conrad-harder,C. Harder,F,40,2005-04-07T00:00:00+00:00,186,,Left,Denmark,DK,DNK,18600000,1814313600
1659,RC Strasbourg,rc-strasbourg,Strasbourg,STR,France,FR,FRA,1949522,Jacobo Ortega,Jacobo,Ortega Conde,jacobo-ortega-conde,J. Ortega,F,30,2006-05-29T00:00:00+00:00,184,,Right,Spain,ES,ESP,970000,1940544000
1659,RC Strasbourg,rc-strasbourg,Strasbourg,STR,France,FR,FRA,1407484,Samuel Amo-Ameyaw,,,amo-ameyaw-samuel,S. Amo-Ameyaw,F,7,2006-07-18T00:00:00+00:00,174,,Left,England,EN,ENG,8500000,1877472000
1659,RC Strasbourg,rc-strasbourg,Strasbourg,STR,France,FR,FRA,1047484,Sékou Mara,,,sekou-mara,S. Mara,F,14,2002-07-30T00:00:00+00:00,184,,Right,France,FR,FRA,3600000,1877472000
1659,RC Strasbourg,rc-strasbourg,Strasbourg,STR,France,FR,FRA,1542818,Yaya Diémé,Yaya Diémé,,yaya-dieme,Y. Diémé,F,34,2007-10-16T00:00:00+00:00,180,,Left,Senegal,SN,SEN,310000,1909008000
1659,RC Strasbourg,rc-strasbourg,Strasbourg,STR,France,FR,FRA,1546267,Fabio Baldé,,,balde-fabio,F. Baldé,F,19,2005-07-20T00:00:00+00:00,182,,Right,Portugal,PT,PRT,4600000,1940544000
1659,RC Strasbourg,rc-strasbourg,Strasbourg,STR,France,FR,FRA,1935902,Ghianny Kodia,Ghianny,Kodia,ghianny-kodia,G. Kodia,F,37,2007-09-01T00:00:00+00:00,,,Right,France,FR,FRA,,
1659,RC Strasbourg,rc-strasbourg,Strasbourg,STR,France,FR,FRA,1638338,Gessime Yassine,Gessime Yassine,,yassine-gessime,G. Yassine,M,80,2005-11-22T00:00:00+00:00,172,,Left,Morocco,MA,MAR,13100000,1909008000
1659,RC Strasbourg,rc-strasbourg,Strasbourg,STR,France,FR,FRA,1110006,Dário Essugo,Dario,Essugo,dario-essugo,D. Essugo,M,14,2005-03-14T00:00:00+00:00,178,,Right,Portugal,PT,PRT,13900000,1814313600
1659,RC Strasbourg,rc-strasbourg,Strasbourg,STR,France,FR,FRA,1605921,Samir El Mourabet,Samir El Mourabet,,el-mourabet-samir,S. E. Mourabet,M,29,2005-10-06T00:00:00+00:00,186,,Left,Morocco,MA,MAR,21000000,1909008000
1659,RC Strasbourg,rc-strasbourg,Strasbourg,STR,France,FR,FRA,989056,Giovanni Reyna,,,giovanni-reyna,G. Reyna,M,10,2002-11-13T00:00:00+00:00,185,,Right,USA,US,USA,4300000,1940544000
1659,RC Strasbourg,rc-strasbourg,Strasbourg,STR,France,FR,FRA,1153355,Maxi Oyedele,,,maxi-oyedele,M. Oyedele,M,8,2004-11-07T00:00:00+00:00,183,,Right,Poland,PL,POL,5200000,1909008000
1659,RC Strasbourg,rc-strasbourg,Strasbourg,STR,France,FR,FRA,1162083,Omari Kellyman,Omari Kellyman,,omari-kellyman,O. Kellyman,M,26,2005-09-25T00:00:00+00:00,191,,Left,England,EN,ENG,1600000,1940544000
1659,RC Strasbourg,rc-strasbourg,Strasbourg,STR,France,FR,FRA,1190938,Martial Godo,,,martial-godo,M. Godo,M,20,2003-03-14T00:00:00+00:00,177,,Right,Côte d'Ivoire,CI,CIV,23000000,1909008000
1659,RC Strasbourg,rc-strasbourg,Strasbourg,STR,France,FR,FRA,962068,Sebastian Nanasi,Sebastian,Nanasi,sebastian-nanasi,S. Nanasi,M,11,2002-05-16T00:00:00+00:00,178,,Right,Sweden,SE,SWE,15500000,1877472000
1659,RC Strasbourg,rc-strasbourg,Strasbourg,STR,France,FR,FRA,1410217,Pape Diop,Pape Diop,,pape-diop,P. Diop,M,21,2003-09-04T00:00:00+00:00,182,,Right,Senegal,SN,SEN,8199999,1909008000
1659,RC Strasbourg,rc-strasbourg,Strasbourg,STR,France,FR,FRA,1534422,Oso,,,oso,Oso,M,36,2003-07-09T00:00:00+00:00,183,,Left,Spain,ES,ESP,10500000,1940544000
1659,RC Strasbourg,rc-strasbourg,Strasbourg,STR,France,FR,FRA,1434543,Diogo Sousa,,,diogo-lobao,D. Lobao,M,23,2006-01-20T00:00:00+00:00,176,,Right,Portugal,PT,PRT,8500000,1940544000
1659,RC Strasbourg,rc-strasbourg,Strasbourg,STR,France,FR,FRA,1650623,Benjamin Brantlind,,,benjamin-brantlind,B. Brantlind,M,45,2008-08-15T00:00:00+00:00,183,70,Right,Sweden,SE,SWE,535000,1940544000
1659,RC Strasbourg,rc-strasbourg,Strasbourg,STR,France,FR,FRA,1861695,Tyrese Noubissie,Tyrese Noubissie,,tyrese-noubissie,T. Noubissie,M,28,2009-05-13T00:00:00+00:00,188,,Left,France,FR,FRA,,1845936000
1659,RC Strasbourg,rc-strasbourg,Strasbourg,STR,France,FR,FRA,1944828,Idrissa Sabaly,Idrissa,Sabaly,idrissa-sabaly,I. Sabaly,M,21,2007-11-19T00:00:00+00:00,190,,Left,France,FR,FRA,,
1659,RC Strasbourg,rc-strasbourg,Strasbourg,STR,France,FR,FRA,1402709,Genesis Antwi,Genesis Antwi,,genesis-antwi,G. Antwi,D,16,2007-05-11T00:00:00+00:00,189,,Right,Sweden,SE,SWE,360000,1814313600
1659,RC Strasbourg,rc-strasbourg,Strasbourg,STR,France,FR,FRA,1099285,Jeyland Mitchell,,,jeyland-mitchell,J. Mitchell,D,4,2004-09-29T00:00:00+00:00,187,,Right,Costa Rica,CR,CRI,2900000,1940544000
1659,RC Strasbourg,rc-strasbourg,Strasbourg,STR,France,FR,FRA,1049517,Ismael Doukouré,Ismael Doukoure,,ismael-doukoure,I. Doukouré,D,6,2003-07-24T00:00:00+00:00,183,,Right,France,FR,FRA,19400000,1845936000
1659,RC Strasbourg,rc-strasbourg,Strasbourg,STR,France,FR,FRA,1426597,Lucas Høgsberg,,,lucas-hogsberg,L. Høgsberg,D,24,2006-06-23T00:00:00+00:00,187,,Right,Denmark,DK,DNK,17400000,1909008000
1659,RC Strasbourg,rc-strasbourg,Strasbourg,STR,France,FR,FRA,1797852,Karim Coulibaly,,,karim-coulibaly,K. Coulibaly,D,31,2007-05-23T00:00:00+00:00,191,,Left,Germany,DE,DEU,26000000,1940544000
1659,RC Strasbourg,rc-strasbourg,Strasbourg,STR,France,FR,FRA,1183059,Mateo Del Blanco,Mateo,Del Blanco,mateo-del-blanco,M. D. Blanco,D,15,2003-10-31T00:00:00+00:00,170,,Left,Argentina,AR,ARG,4700000,1940544000
1659,RC Strasbourg,rc-strasbourg,Strasbourg,STR,France,FR,FRA,1937849,Hermann Diandaga,Hermann Diandaga,,hermann-diandaga,H. Diandaga,D,,2008-01-08T00:00:00+00:00,175,80,Right,France,FR,FRA,,1940544000
1659,RC Strasbourg,rc-strasbourg,Strasbourg,STR,France,FR,FRA,2200813,Yoann Becker,,,becker,Becker,D,43,2009-01-12T00:00:00+00:00,196,,Right,France,FR,FRA,,
1659,RC Strasbourg,rc-strasbourg,Strasbourg,STR,France,FR,FRA,962053,Filip Jørgensen,Filip,Jorgensen,filip-jorgensen,F. Jørgensen,G,1,2002-04-16T00:00:00+00:00,190,,Both,Denmark,DK,DNK,14600000,1814313600
1659,RC Strasbourg,rc-strasbourg,Strasbourg,STR,France,FR,FRA,1390323,Miłosz Piekutowski,Milosz Piekutowski,,milosz-piekutowski,M. Piekutowski,G,12,2006-05-08T00:00:00+00:00,188,,Both,Poland,PL,POL,620000,1940544000
1659,RC Strasbourg,rc-strasbourg,Strasbourg,STR,France,FR,FRA,1965113,Gabriel Kerckaert,Gabriel,Kerckaert,gabriel-kerckaert,G. Kerckaert,G,60,2007-10-21T00:00:00+00:00,197,,Both,France,FR,FRA,,
1715,Stade Brestois,stade-brestois,Brest,BRE,France,FR,FRA,343971,Ludovic Ajorque,Ludovic,Ajorque,ludovic-ajorque,L. Ajorque,F,19,1994-02-25T00:00:00+00:00,196,,Left,France,FR,FRA,3200000,1814313600
1715,Stade Brestois,stade-brestois,Brest,BRE,France,FR,FRA,557166,Mama Baldé,Mama,Balde,mama-balde,M. Baldé,F,17,1995-11-06T00:00:00+00:00,183,69,Right,Guinea-Bissau,GW,GNB,2900000,1814313600
1715,Stade Brestois,stade-brestois,Brest,BRE,France,FR,FRA,1512354,Noah Edjouma,Noah,Edjouma,noah-edjouma,N. Edjouma,F,11,2005-10-04T00:00:00+00:00,182,,Left,France,FR,FRA,4800000,1814313600
1715,Stade Brestois,stade-brestois,Brest,BRE,France,FR,FRA,1156353,Kamory Doumbia,Kamory Doumbia,,kamory-doumbia,K. Doumbia,M,23,2003-02-18T00:00:00+00:00,170,,Right,Mali,ML,MLI,9800000,1877472000
1715,Stade Brestois,stade-brestois,Brest,BRE,France,FR,FRA,1410231,Pathé Mboup,Pathé Mboup,,pathe-mboup,P. Mboup,M,9,2003-10-19T00:00:00+00:00,175,,Right,Senegal,SN,SEN,2600000,1909008000
1715,Stade Brestois,stade-brestois,Brest,BRE,France,FR,FRA,1135854,Mamady Diambou,Mamady,Diambou,mamady-diambou,M. Diambou,M,6,2002-11-11T00:00:00+00:00,176,,Right,Mali,ML,MLI,1400000,1845936000
1715,Stade Brestois,stade-brestois,Brest,BRE,France,FR,FRA,1149138,Joseph Nonge,Joseph Nonge Boende,,joseph-nonge-boende,J. Nonge,M,7,2005-05-15T00:00:00+00:00,184,,Left,Belgium,BE,BEL,2100000,1877472000
1715,Stade Brestois,stade-brestois,Brest,BRE,France,FR,FRA,976396,Joris Chotard,,,joris-chotard,J. Chotard,M,13,2001-09-24T00:00:00+00:00,179,,Right,France,FR,FRA,6700000,1877472000
1715,Stade Brestois,stade-brestois,Brest,BRE,France,FR,FRA,787889,Lucas Tousart,Lucas,Tousart,lucas-tousart,L. Tousart,M,29,1997-04-29T00:00:00+00:00,185,83,Right,France,FR,FRA,2100000,1814313600
1715,Stade Brestois,stade-brestois,Brest,BRE,France,FR,FRA,1471104,Giovani Versini,Giovani,Versini,giovani-versini,G. Versini,M,10,2004-03-18T00:00:00+00:00,167,,Left,France,FR,FRA,4600000,1909008000
1715,Stade Brestois,stade-brestois,Brest,BRE,France,FR,FRA,861324,Hugo Magnetti,,,hugo-magnetti,H. Magnetti,M,8,1998-05-30T00:00:00+00:00,173,,Left,France,FR,FRA,5500000,1814313600
1715,Stade Brestois,stade-brestois,Brest,BRE,France,FR,FRA,1499870,Luc Zogbé,,,luc-zogbe,L. Zogbé,D,20,2005-03-24T00:00:00+00:00,178,,Left,Côte d'Ivoire,CI,CIV,1300000,1877472000
1715,Stade Brestois,stade-brestois,Brest,BRE,France,FR,FRA,1129382,Bradley Locko,,,bradley-locko,B. Locko,D,2,2002-05-06T00:00:00+00:00,180,,Left,France,FR,FRA,6200000,1814313600
1715,Stade Brestois,stade-brestois,Brest,BRE,France,FR,FRA,141080,Kenny Lala,Kenny,Lala,kenny-lala,K. Lala,D,70,1991-10-03T00:00:00+00:00,178,79,Right,France,FR,FRA,1400000,1814313600
1715,Stade Brestois,stade-brestois,Brest,BRE,France,FR,FRA,328035,Brendan Chardonnet,Brendan,Chardonnet,brendan-chardonnet,B. Chardonnet,D,5,1994-12-22T00:00:00+00:00,181,74,Right,France,FR,FRA,4099999,1814313600
1715,Stade Brestois,stade-brestois,Brest,BRE,France,FR,FRA,287887,Gautier Lloris,Gautier,Lloris,gautier-lloris,G. Lloris,D,4,1995-07-18T00:00:00+00:00,188,77,Left,France,FR,FRA,3100000,1845936000
1715,Stade Brestois,stade-brestois,Brest,BRE,France,FR,FRA,1894085,Raphaël Le Guen,Raphaël,Le Guen,raphael-le-guen,R. L. Guen,D,71,2006-08-31T00:00:00+00:00,196,,Right,France,FR,FRA,,
1715,Stade Brestois,stade-brestois,Brest,BRE,France,FR,FRA,1891025,Justin Bourgault,,,justin-bourgault,J. Bourgault,D,18,2005-09-14T00:00:00+00:00,185,79,Left,France,FR,FRA,1100000,1877472000
1715,Stade Brestois,stade-brestois,Brest,BRE,France,FR,FRA,2725940,Evan Mailly,,,mailly-evan,E. Mailly,D,34,2007-11-09T00:00:00+00:00,,,,France,FR,FRA,,
1715,Stade Brestois,stade-brestois,Brest,BRE,France,FR,FRA,1019661,Mathieu Patouillet,,,mathieu-patouillet,M. Patouillet,G,30,2004-02-20T00:00:00+00:00,188,,Left,France,FR,FRA,655000,1877472000
1715,Stade Brestois,stade-brestois,Brest,BRE,France,FR,FRA,798176,Egil Selvik,Egil,Selvik,egil-selvik,E. Selvik,G,1,1997-07-30T00:00:00+00:00,191,,Left,Norway,NO,NOR,1600000,1814313600
1715,Stade Brestois,stade-brestois,Brest,BRE,France,FR,FRA,873421,Romain Cagnon,,,romain-cagnon,R. Cagnon,G,49,1997-05-12T00:00:00+00:00,190,,Right,France,FR,FRA,97000,1814313600
1715,Stade Brestois,stade-brestois,Brest,BRE,France,FR,FRA,1945268,Noé Poillion,Noé,Poillion,noe-poillion,N. Poillion,G,16,2007-07-20T00:00:00+00:00,200,,Right,France,FR,FRA,,1877472000
1658,Stade Rennais,stade-rennais,Rennes,SR,France,FR,FRA,960080,Boulaye Dia,Boulaye,Dia,boulaye-dia,B. Dia,F,22,1996-11-16T00:00:00+00:00,180,,Both,Senegal,SN,SEN,4900000,1814313600
1658,Stade Rennais,stade-rennais,Rennes,SR,France,FR,FRA,876600,Mousa Tamari,,,mousa-al-taamari,M. Tamari,F,11,1997-06-10T00:00:00+00:00,175,70,Left,Jordan,JO,JOR,10800000,1845936000
1658,Stade Rennais,stade-rennais,Rennes,SR,France,FR,FRA,966621,Esteban Lepaul,,,lepaul-esteban,E. Lepaul,F,9,2000-04-18T00:00:00+00:00,177,67,Right,France,FR,FRA,32000000,1909008000
1658,Stade Rennais,stade-rennais,Rennes,SR,France,FR,FRA,1168588,Eliezer Mayenda,Eliezer Mayenda,,eliezer-mayenda,E. Mayenda,F,12,2005-05-08T00:00:00+00:00,179,,Left,Spain,ES,ESP,16600000,1940544000
1658,Stade Rennais,stade-rennais,Rennes,SR,France,FR,FRA,1001458,Issa Soumaré,,,issa-soumare,I. Soumaré,F,90,2000-10-10T00:00:00+00:00,182,,Right,Senegal,SN,SEN,8400000,1909008000
1658,Stade Rennais,stade-rennais,Rennes,SR,France,FR,FRA,2111258,Elias Legendre Quiñonez Zae,Elias Legendre Quiñonez,,elias-legendre-quinonez,E. L. Quiñonez,F,35,2008-04-20T00:00:00+00:00,179,,Right,Ecuador,EC,ECU,105000,1877472000
1658,Stade Rennais,stade-rennais,Rennes,SR,France,FR,FRA,848458,Arnaud Nordin,Arnaud,Nordin,arnaud-nordin,A. Nordin,F,70,1998-07-17T00:00:00+00:00,170,69,Left,France,FR,FRA,4099999,1877472000
1658,Stade Rennais,stade-rennais,Rennes,SR,France,FR,FRA,1891021,Nordan Mukiele,Nordan,Mukiele,nordan-mukiele,N. Mukiele,F,19,2006-02-12T00:00:00+00:00,184,,Right,France,FR,FRA,,
1658,Stade Rennais,stade-rennais,Rennes,SR,France,FR,FRA,847983,Sebastian Szymański,Sebastian,Szymanski,sebastian-szymanski,S. Szymański,M,17,1999-05-10T00:00:00+00:00,174,58,Left,Poland,PL,POL,12600000,1877472000
1658,Stade Rennais,stade-rennais,Rennes,SR,France,FR,FRA,286909,Przemysław Frankowski,,,przemysaw-frankowski,P. Frankowski,M,95,1995-04-12T00:00:00+00:00,176,68,Right,Poland,PL,POL,6500000,1814313600
1658,Stade Rennais,stade-rennais,Rennes,SR,France,FR,FRA,581314,Valentin Rongier,Valentin,Rongier,valentin-rongier,V. Rongier,M,21,1994-12-07T00:00:00+00:00,172,70,Right,France,FR,FRA,7700000,1845936000
1658,Stade Rennais,stade-rennais,Rennes,SR,France,FR,FRA,806076,Ludovic Blas,Ludovic,Blas,ludovic-blas,L. Blas,M,10,1997-12-31T00:00:00+00:00,180,70,Left,France,FR,FRA,9300000,1814313600
1658,Stade Rennais,stade-rennais,Rennes,SR,France,FR,FRA,1445628,Djaoui Cissé,,,djaoui-cisse,D. Cissé,M,6,2004-01-31T00:00:00+00:00,188,,Right,France,FR,FRA,9300000,1909008000
1658,Stade Rennais,stade-rennais,Rennes,SR,France,FR,FRA,916041,Mahdi Camara,Mahdi,Camara,mahdi-camara,M. Camara,M,45,1998-06-30T00:00:00+00:00,178,,Right,France,FR,FRA,12900000,1877472000
1658,Stade Rennais,stade-rennais,Rennes,SR,France,FR,FRA,231946,Adrien Thomasson,Adrien,Thomasson,adrien-thomasson,A. Thomasson,M,28,1993-12-10T00:00:00+00:00,177,72,Right,France,FR,FRA,4300000,1877472000
1658,Stade Rennais,stade-rennais,Rennes,SR,France,FR,FRA,1514294,Ayanda Sishuba,,,sishuba-ayanda,A. Sishuba,M,28,2005-02-02T00:00:00+00:00,169,59,Right,Belgium,BE,BEL,740000,1877472000
1658,Stade Rennais,stade-rennais,Rennes,SR,France,FR,FRA,1597145,Abdelhamid Ait Boudlal,Abdelhamid Ait Boudlal,,abdelhamid-ait-boudlal,A. A. Boudlal,D,48,2006-04-16T00:00:00+00:00,190,,Right,Morocco,MA,MAR,12900000,1845936000
1658,Stade Rennais,stade-rennais,Rennes,SR,France,FR,FRA,1049515,Alidu Seidu,Alidu Seidu,,alidu-seidu,A. Seidu,D,36,2000-06-04T00:00:00+00:00,173,,Right,Ghana,GH,GHA,6300000,1877472000
1658,Stade Rennais,stade-rennais,Rennes,SR,France,FR,FRA,1545409,Mahamadou Nagida,Mahamadou Nagida,,nagida-mahamadou,M. Nagida,D,18,2005-06-27T00:00:00+00:00,176,,Left,Cameroon,CM,CMR,145000,1845936000
1658,Stade Rennais,stade-rennais,Rennes,SR,France,FR,FRA,1020744,Charlie Cresswell,,,charlie-cresswell,C. Cresswell,D,4,2002-08-16T00:00:00+00:00,190,,Right,England,EN,ENG,24000000,1814313600
1658,Stade Rennais,stade-rennais,Rennes,SR,France,FR,FRA,1102502,Quentin Merlin,Quentin Merlin,,quentin-merlin,Q. Merlin,D,26,2002-05-16T00:00:00+00:00,173,,Left,France,FR,FRA,14600000,1877472000
1658,Stade Rennais,stade-rennais,Rennes,SR,France,FR,FRA,1432417,Gonçalo Oliveira,Gonçalo Oliveira,,goncalo-oliveira,G. Oliveira,D,5,2006-07-04T00:00:00+00:00,180,,Left,Portugal,PT,PRT,3200000,1940544000
1658,Stade Rennais,stade-rennais,Rennes,SR,France,FR,FRA,991479,Anthony Rouault,,,anthony-rouault,A. Rouault,D,24,2001-05-29T00:00:00+00:00,186,,Right,France,FR,FRA,13000000,1877472000
1658,Stade Rennais,stade-rennais,Rennes,SR,France,FR,FRA,862075,Bryan Reynolds,Bryan,Reynolds,bryan-reynolds,B. Reynolds,D,14,2001-06-28T00:00:00+00:00,185,77,Right,USA,US,USA,3700000,1909008000
1658,Stade Rennais,stade-rennais,Rennes,SR,France,FR,FRA,164055,Brice Samba,Brice,Samba,brice-samba,B. Samba,G,30,1994-04-25T00:00:00+00:00,186,79,Left,France,FR,FRA,6500000,1877472000
1658,Stade Rennais,stade-rennais,Rennes,SR,France,FR,FRA,2334320,Kilian Belazzoug,Kilian,Belazzoug,kilian-belazzoug,K. Belazzoug,G,60,2006-07-18T00:00:00+00:00,198,,Right,Algeria,DZ,DZA,,1845936000
1658,Stade Rennais,stade-rennais,Rennes,SR,France,FR,FRA,792630,Nicolas Lemaitre,Nicolas,Lemaitre,nicolas-lemaitre,N. Lemaitre,G,16,1997-01-12T00:00:00+00:00,188,82,Right,France,FR,FRA,450000,1845936000
1681,Toulouse,toulouse,Toulouse,TFC,France,FR,FRA,957937,Casper Tengstedt,Casper,Tengstedt,casper-tengstedt,C. Tengstedt,F,20,2000-06-01T00:00:00+00:00,184,,Right,Denmark,DK,DNK,3400000,
1681,Toulouse,toulouse,Toulouse,TFC,France,FR,FRA,1199247,Santiago Hidalgo,Santiago Hidalgo,,santiago-hidalgo,S. Hidalgo,F,9,2005-02-17T00:00:00+00:00,174,71,Left,Argentina,AR,ARG,5800000,1877472000
1681,Toulouse,toulouse,Toulouse,TFC,France,FR,FRA,1657108,Julian Vignolo,,,julian-vignolo,J. Vignolo,F,7,2006-12-07T00:00:00+00:00,185,,Right,Argentina,AR,ARG,1600000,1877472000
1681,Toulouse,toulouse,Toulouse,TFC,France,FR,FRA,1002267,Jacen Russell Rowe,Jacen,Russell Rowe,jacen-russell-rowe,J. Russell Rowe,F,13,2002-09-13T00:00:00+00:00,184,,Both,Canada,CA,CAN,2900000,1877472000
1681,Toulouse,toulouse,Toulouse,TFC,France,FR,FRA,1961638,Ilyas Azizi,Ilyas Azizi,,ilyas-azizi,I. Azizi,F,37,2008-04-11T00:00:00+00:00,173,,Right,France,FR,FRA,,
1681,Toulouse,toulouse,Toulouse,TFC,France,FR,FRA,1426224,Mathis Amougou,,,mathis-amougou,M. Amougou,M,18,2006-01-18T00:00:00+00:00,177,,Right,France,FR,FRA,9500000,1814313600
1681,Toulouse,toulouse,Toulouse,TFC,France,FR,FRA,878938,Cristian Cásseres Jr.,Cristian,Casseres Jr,cristian-casseres-jr,C. Cásseres Jr.,M,23,2000-01-20T00:00:00+00:00,174,,Right,Venezuela,VE,VEN,8199999,1814313600
1681,Toulouse,toulouse,Toulouse,TFC,France,FR,FRA,988801,Abu Francis,Abu,Francis,abu-francis,A. Francis,M,17,2001-04-27T00:00:00+00:00,182,,Right,Ghana,GH,GHA,2100000,1877472000
1681,Toulouse,toulouse,Toulouse,TFC,France,FR,FRA,1198264,Rafik Messali,Rafik Messali,,rafik-messali,R. Messali,M,22,2003-04-28T00:00:00+00:00,177,,Right,Algeria,DZ,DZA,1500000,1845936000
1681,Toulouse,toulouse,Toulouse,TFC,France,FR,FRA,1403186,Thomas Jørgensen,,,jorgensen-thomas,T. Jørgensen,M,8,2005-09-30T00:00:00+00:00,184,,Left,Denmark,DK,DNK,4500000,1909008000
1681,Toulouse,toulouse,Toulouse,TFC,France,FR,FRA,863133,Aron Dønnum,Aron,Donnum,aron-donnum,A. Dønnum,M,15,1998-04-20T00:00:00+00:00,179,73,Left,Norway,NO,NOR,5400000,1814313600
1681,Toulouse,toulouse,Toulouse,TFC,France,FR,FRA,2193194,Alexis Vossah,,,alexis-vossah,A. Vossah,M,6,2008-03-11T00:00:00+00:00,181,,Both,France,FR,FRA,13900000,1909008000
1681,Toulouse,toulouse,Toulouse,TFC,France,FR,FRA,795002,Niklas Schmidt,Niklas,Schmidt,niklas-schmidt,N. Schmidt,M,31,1998-03-01T00:00:00+00:00,183,82,Left,Germany,DE,DEU,1600000,1814313600
1681,Toulouse,toulouse,Toulouse,TFC,France,FR,FRA,2039287,Sion Oppong,Sion Oppong,,sion-oppong,S. Oppong,M,11,2007-09-25T00:00:00+00:00,,,,Sweden,SE,SWE,440000,1909008000
1681,Toulouse,toulouse,Toulouse,TFC,France,FR,FRA,2302581,Aymen Amaaouch,,,aymen-amaaouch,A. Amaaouch,M,49,2009-09-30T00:00:00+00:00,174,,Left,France,FR,FRA,,1877558400
1681,Toulouse,toulouse,Toulouse,TFC,France,FR,FRA,1411145,Niko Sigur,,,niko-sigur,N. Sigur,D,14,2003-09-09T00:00:00+00:00,180,,Right,Canada,CA,CAN,3800000,
1681,Toulouse,toulouse,Toulouse,TFC,France,FR,FRA,1424191,David Odogu,,,odogu-david,D. Odogu,D,19,2006-06-03T00:00:00+00:00,190,,Right,Germany,DE,DEU,4600000,1814313600
1681,Toulouse,toulouse,Toulouse,TFC,France,FR,FRA,922759,Mark McKenzie,Mark,McKenzie,mark-mckenzie,M. McKenzie,D,3,1999-02-25T00:00:00+00:00,183,,Right,USA,US,USA,7300000,1814313600
1681,Toulouse,toulouse,Toulouse,TFC,France,FR,FRA,1869973,Christ Tapé,,,christ-tape,C. Tapé,D,12,2006-03-02T00:00:00+00:00,188,,Left,Côte d'Ivoire,CI,CIV,880000,1909008000
1681,Toulouse,toulouse,Toulouse,TFC,France,FR,FRA,798124,Rasmus Nicolaisen,Rasmus,Nicolaisen,rasmus-nicolaisen,R. Nicolaisen,D,2,1997-03-16T00:00:00+00:00,190,,Left,Denmark,DK,DNK,5200000,1877472000
1681,Toulouse,toulouse,Toulouse,TFC,France,FR,FRA,1444623,Ylies Aradj,Ylies,Aradj,aradj-ylies,Y. Aradj,D,21,2005-06-04T00:00:00+00:00,179,,Left,France,FR,FRA,55000,
1681,Toulouse,toulouse,Toulouse,TFC,France,FR,FRA,2077075,Seny Koumbassa,Seny Koumbassa,,seny-koumbassa,S. Koumbassa,D,5,2007-06-20T00:00:00+00:00,194,,Right,France,FR,FRA,4700000,1909008000
1681,Toulouse,toulouse,Toulouse,TFC,France,FR,FRA,1912469,Ismail Diallo,,,ismail-diallo,I. Diallo,D,94,2003-08-23T00:00:00+00:00,182,,Right,France,FR,FRA,815000,1909008000
1681,Toulouse,toulouse,Toulouse,TFC,France,FR,FRA,1154630,Guillaume Restes,Guillaume,Restes,guillaume-restes,G. Restes,G,16,2005-03-11T00:00:00+00:00,188,82,Left,France,FR,FRA,16200000,1845936000
1681,Toulouse,toulouse,Toulouse,TFC,France,FR,FRA,1479500,Mathys Niflore,,,mathys-niflore,M. Niflore,G,60,2007-03-02T00:00:00+00:00,188,,Right,France,FR,FRA,2400000,1877472000
1652,Troyes,troyes,Troyes,EST,France,FR,FRA,1130307,Karim Dermane,Karim Dermane,,karim-dermane,K. Dermane,F,29,2003-12-26T00:00:00+00:00,178,,Right,Togo,TG,TGO,2600000,1877472000
1652,Troyes,troyes,Troyes,EST,France,FR,FRA,1930179,Anis Ouzenadji,Anis Ouzenadji,,anis-ouzenadji,A. Ouzenadji,F,3,2006-11-04T00:00:00+00:00,177,,Left,France,FR,FRA,485000,
1652,Troyes,troyes,Troyes,EST,France,FR,FRA,981053,Timothé Nkada,Timothee,Nkada,timothee-nkada,T. Nkada,F,23,1999-07-20T00:00:00+00:00,177,,Right,France,FR,FRA,1800000,1814313600
1652,Troyes,troyes,Troyes,EST,France,FR,FRA,1047296,Jérémy Le Douaron,,,jeremy-le-douaron,J. Le Douaron,F,9,1998-04-21T00:00:00+00:00,189,,Left,France,FR,FRA,3100000,1814313600
1652,Troyes,troyes,Troyes,EST,France,FR,FRA,247445,Renaud Ripart,Renaud,Ripart,renaud-ripart,R. Ripart,F,20,1993-03-14T00:00:00+00:00,181,73,Right,France,FR,FRA,320000,1814313600
1652,Troyes,troyes,Troyes,EST,France,FR,FRA,1831195,Ibrahim Traore,Ibrahim,Traore,ibrahim-traore,I. Traore,F,34,2006-03-12T00:00:00+00:00,180,,Right,France,FR,FRA,54000,
1652,Troyes,troyes,Troyes,EST,France,FR,FRA,2669860,Yacouba Kone,,,yacouba-kone,Y. Koné,F,39,2007-06-21T00:00:00+00:00,191,,Right,Côte d'Ivoire,CI,CIV,105000,1845936000
1652,Troyes,troyes,Troyes,EST,France,FR,FRA,2188484,Amadou Diakité,Amadou Diakité,,amadou-diakite,A. Diakité,F,36,2005-05-31T00:00:00+00:00,177,,Left,France,FR,FRA,46000,
1652,Troyes,troyes,Troyes,EST,France,FR,FRA,1003316,Kandet Diawara,,,kandet-diawara,K. Diawara,M,7,2000-02-10T00:00:00+00:00,177,,Right,Guinea,GN,GIN,1200000,1814313600
1652,Troyes,troyes,Troyes,EST,France,FR,FRA,1141091,Mouhamed Diop,Mouhamed Diop,,mouhamed-diop,M. Diop,M,8,2000-09-30T00:00:00+00:00,182,,Right,Senegal,SN,SEN,4200000,1845936000
1652,Troyes,troyes,Troyes,EST,France,FR,FRA,1415014,Hugo Picard,Hugo Picard,,hugo-picard,H. Picard,M,22,2003-05-09T00:00:00+00:00,168,,Right,France,FR,FRA,2800000,1814313600
1652,Troyes,troyes,Troyes,EST,France,FR,FRA,979593,Iron Gomis,,,iron-gomis,I. Gomis,M,11,1999-11-08T00:00:00+00:00,182,,Right,France,FR,FRA,1500000,1845936000
1652,Troyes,troyes,Troyes,EST,France,FR,FRA,1528107,Merwan Ifnaoui,,,merwan-ifnaoui,M. Ifnaoui,M,10,1998-10-22T00:00:00+00:00,180,,Left,France,FR,FRA,2400000,1814313600
1652,Troyes,troyes,Troyes,EST,France,FR,FRA,1129045,Antoine Mille,,,antoine-mille,A. Mille,M,17,1997-08-14T00:00:00+00:00,181,,Right,France,FR,FRA,2600000,1845936000
1652,Troyes,troyes,Troyes,EST,France,FR,FRA,941172,Alexandre Phliponeau,Alexandre,Phliponeau,alexandre-phliponeau,A. Phliponeau,M,26,2000-01-26T00:00:00+00:00,180,,Right,France,FR,FRA,330000,1845936000
1652,Troyes,troyes,Troyes,EST,France,FR,FRA,2216557,Roman Murcy,Roman Murcy,,roman-murcy,R. Murcy,M,35,2006-02-23T00:00:00+00:00,183,,Right,France,FR,FRA,55000,1877472000
1652,Troyes,troyes,Troyes,EST,France,FR,FRA,1400993,Michel Diaz,Michel Diaz,,michel-diaz,M. Diaz,D,4,2003-07-23T00:00:00+00:00,193,,Right,Côte d'Ivoire,CI,CIV,5800000,1877472000
1652,Troyes,troyes,Troyes,EST,France,FR,FRA,1426219,Yvann Titi,,,titi-yvann,Y. Titi,D,44,2006-05-05T00:00:00+00:00,188,,Right,France,FR,FRA,2400000,1877472000
1652,Troyes,troyes,Troyes,EST,France,FR,FRA,1047364,Ismaël Boura,,,ismael-boura,I. Boura,D,14,2000-08-14T00:00:00+00:00,173,,Left,Comoros,KM,COM,3900000,1814313600
1652,Troyes,troyes,Troyes,EST,France,FR,FRA,918869,Paolo Gozzi,Paolo,Gozzi,paolo-gozzi,P. Gozzi,D,5,2001-04-25T00:00:00+00:00,180,,Left,Italy,IT,ITA,1300000,1814313600
1652,Troyes,troyes,Troyes,EST,France,FR,FRA,305338,Adrien Monfray,Adrien,Monfray,adrien-monfray,A. Monfray,D,6,1990-12-20T00:00:00+00:00,186,79,Right,France,FR,FRA,210000,1814313600
1652,Troyes,troyes,Troyes,EST,France,FR,FRA,1174292,Lucas Maronnier,Lucas Maronnier,,lucas-maronnier,L. Maronnier,D,2,2000-03-09T00:00:00+00:00,172,,Right,France,FR,FRA,750000,1814313600
1652,Troyes,troyes,Troyes,EST,France,FR,FRA,2341238,Noah Donkor,Noah Donkor,,noah-donkor,N. Donkor,D,31,2006-11-25T00:00:00+00:00,178,,Right,France,FR,FRA,24000,1877472000
1652,Troyes,troyes,Troyes,EST,France,FR,FRA,1900000,Tom Akpakoun,Tom Akpakoun,,tom-akpakoun,T. Akpakoun,D,37,2005-04-22T00:00:00+00:00,174,,Right,France,FR,FRA,45000,
1652,Troyes,troyes,Troyes,EST,France,FR,FRA,2669979,Enisio Carneiro,,,enisio-carneiro,E. Carneiro,D,41,2007-07-17T00:00:00+00:00,171,,Right,France,FR,FRA,,1877472000
1652,Troyes,troyes,Troyes,EST,France,FR,FRA,1177240,Patrick Beach,Patrick Beach,,patrick-beach,P. Beach,G,33,2003-08-06T00:00:00+00:00,190,,Right,Australia,AU,AUS,1400000,1940544000
1652,Troyes,troyes,Troyes,EST,France,FR,FRA,580180,Hillel Konaté,Hillel,Konate,hillel-konate,H. Konaté,G,40,1994-12-28T00:00:00+00:00,182,77,Right,Burkina Faso,BF,BFA,415000,1845936000
1652,Troyes,troyes,Troyes,EST,France,FR,FRA,122797,Zacharie Boucher,Zacharie,Boucher,zacharie-boucher,Z. Boucher,G,1,1992-07-03T00:00:00+00:00,182,76,Right,France,FR,FRA,110000,1814313600
276648,Abu Qir Fertilizers SC,abu-qair-semad,Abu Qir Fertilizers,AQS,Egypt,EG,EGY,1545289,Favour Akem,Favour Akem,,favour-akem,F. Akem,F,23,2004-01-21T00:00:00+00:00,170,,Right,Nigeria,NG,NGA,110000,
276648,Abu Qir Fertilizers SC,abu-qair-semad,Abu Qir Fertilizers,AQS,Egypt,EG,EGY,1117799,Mostafa Shehata,Mostafa,Shehata,mostafa-abdelrahim,M. Shehata,F,11,2001-04-01T00:00:00+00:00,,,Left,Egypt,EG,EGY,23000,1814313600
276648,Abu Qir Fertilizers SC,abu-qair-semad,Abu Qir Fertilizers,AQS,Egypt,EG,EGY,2021248,Ali Hussein,,,ali-hussein,A. Hussein,F,29,1993-11-01T00:00:00+00:00,,,Right,Egypt,EG,EGY,91000,1814313600
276648,Abu Qir Fertilizers SC,abu-qair-semad,Abu Qir Fertilizers,AQS,Egypt,EG,EGY,918626,Mahmoud Abou-Gouda,,,mahmoud-abou-gouda,M. Abou-Gouda,F,9,1998-01-01T00:00:00+00:00,,,Right,Egypt,EG,EGY,46000,1845936000
276648,Abu Qir Fertilizers SC,abu-qair-semad,Abu Qir Fertilizers,AQS,Egypt,EG,EGY,918522,Hesham Ramadan,,,hesham-ramadan,H. Ramadan,F,,1996-01-01T00:00:00+00:00,,,,Egypt,EG,EGY,49000,1814313600
276648,Abu Qir Fertilizers SC,abu-qair-semad,Abu Qir Fertilizers,AQS,Egypt,EG,EGY,2690383,Khaled Rabiaa,Khaled Rabiaa,,khaled-rabiaa,K. Rabiaa,F,33,2005-01-01T00:00:00+00:00,,,,Egypt,EG,EGY,,
276648,Abu Qir Fertilizers SC,abu-qair-semad,Abu Qir Fertilizers,AQS,Egypt,EG,EGY,2661161,Mohamed Camara,Mohamed Camara,,mohamed-camara,M. Camara,F,,2007-02-16T00:00:00+00:00,,,,Guinea,GN,GIN,,1845936000
276648,Abu Qir Fertilizers SC,abu-qair-semad,Abu Qir Fertilizers,AQS,Egypt,EG,EGY,2661160,Mohamed Magdy,Mohamed Magdy,,mohamed-magdy,M. Magdy,F,,1997-05-15T00:00:00+00:00,,,,Egypt,EG,EGY,,1845936000
276648,Abu Qir Fertilizers SC,abu-qair-semad,Abu Qir Fertilizers,AQS,Egypt,EG,EGY,2690385,Abdelrahman El Desouki,,,abdelrahman-el-desouki,A. E. Desouki,F,,2000-10-01T00:00:00+00:00,,,,Egypt,EG,EGY,,1845936000
276648,Abu Qir Fertilizers SC,abu-qair-semad,Abu Qir Fertilizers,AQS,Egypt,EG,EGY,1001811,Zyad Farag,,,zyad-farag,Z. Farag,M,28,2002-02-08T00:00:00+00:00,,,Right,Egypt,EG,EGY,26000,1845936000
276648,Abu Qir Fertilizers SC,abu-qair-semad,Abu Qir Fertilizers,AQS,Egypt,EG,EGY,1387491,Seif El Agouz,,,seif-el-agouz,S. E. Agouz,M,20,2001-11-03T00:00:00+00:00,,,Right,Egypt,EG,EGY,54000,1877472000
276648,Abu Qir Fertilizers SC,abu-qair-semad,Abu Qir Fertilizers,AQS,Egypt,EG,EGY,918617,Emad Hamdi,,,emad-hamdi,E. Hamdi,M,8,1993-01-14T00:00:00+00:00,185,,Right,Egypt,EG,EGY,160000,1814313600
276648,Abu Qir Fertilizers SC,abu-qair-semad,Abu Qir Fertilizers,AQS,Libya,LY,LBY,1500373,Bashar Al Shobaki,Bashar Al Shobaki,,bashar-al-shobaki,B. A. Shobaki,M,17,2000-04-16T00:00:00+00:00,183,,Right,Palestine,PS,PSE,,
276648,Abu Qir Fertilizers SC,abu-qair-semad,Abu Qir Fertilizers,AQS,Egypt,EG,EGY,1094702,Ahmed Khaled,,,ahmed-khaled,A. Khaled,M,22,1998-10-17T00:00:00+00:00,177,,Right,Egypt,EG,EGY,47000,1814313600
276648,Abu Qir Fertilizers SC,abu-qair-semad,Abu Qir Fertilizers,AQS,Egypt,EG,EGY,2122962,Ziad Shakir,,,ziad-shakir,Z. Shakir,M,,2006-03-10T00:00:00+00:00,,,Right,Egypt,EG,EGY,,
276648,Abu Qir Fertilizers SC,abu-qair-semad,Abu Qir Fertilizers,AQS,Egypt,EG,EGY,1800239,Seif Shika,Seif Shika,,seif-shika,S. Shika,M,21,2001-06-24T00:00:00+00:00,,,Right,Egypt,EG,EGY,26000,1845936000
276648,Abu Qir Fertilizers SC,abu-qair-semad,Abu Qir Fertilizers,AQS,Egypt,EG,EGY,2661148,Youssef Hamdi,Youssef Hamdi,,youssef-hamdi,Y. Hamdi,M,30,1999-11-17T00:00:00+00:00,,,Right,Egypt,EG,EGY,,1845936000
276648,Abu Qir Fertilizers SC,abu-qair-semad,Abu Qir Fertilizers,AQS,Egypt,EG,EGY,918616,Emad Fathy,,,emad-fathy,E. Fathy,M,17,1993-01-06T00:00:00+00:00,186,,Right,Egypt,EG,EGY,73000,1814313600
276648,Abu Qir Fertilizers SC,abu-qair-semad,Abu Qir Fertilizers,AQS,Egypt,EG,EGY,2661157,Ramez Milad,Ramez Milad,,ramez-milad,R. Milad,M,14,1998-06-14T00:00:00+00:00,,,Right,Egypt,EG,EGY,,1845936000
276648,Abu Qir Fertilizers SC,abu-qair-semad,Abu Qir Fertilizers,AQS,Egypt,EG,EGY,2661158,Omar Ibrahim,Omar Ibrahim,,omar-ibrahim,O. Ibrahim,M,15,1997-11-04T00:00:00+00:00,,,Right,Egypt,EG,EGY,,1845936000
276648,Abu Qir Fertilizers SC,abu-qair-semad,Abu Qir Fertilizers,AQS,Egypt,EG,EGY,2705495,Muhammad Abu Dahash,Muhammad Abu Dahash,,muhammad-abu-dahash,M. A. Dahash,M,,2006-01-01T00:00:00+00:00,,,,Egypt,EG,EGY,,
276648,Abu Qir Fertilizers SC,abu-qair-semad,Abu Qir Fertilizers,AQS,Egypt,EG,EGY,2661147,Ziad Reyad,Ziad Reyad,,ziad-reyad,Z. Reyad,M,,2003-03-26T00:00:00+00:00,,,,Egypt,EG,EGY,,1877472000
276648,Abu Qir Fertilizers SC,abu-qair-semad,Abu Qir Fertilizers,AQS,Egypt,EG,EGY,2661163,Mohamed Ocha,Mohamed Ocha,,mohamed-ocha,M. Ocha,M,7,1998-04-25T00:00:00+00:00,,,,Egypt,EG,EGY,,1845936000
276648,Abu Qir Fertilizers SC,abu-qair-semad,Abu Qir Fertilizers,AQS,Egypt,EG,EGY,2705494,Muhammad Osha,Muhammad Osha,,muhammad-osha,M. Osha,M,,2006-01-01T00:00:00+00:00,,,,Egypt,EG,EGY,,
276648,Abu Qir Fertilizers SC,abu-qair-semad,Abu Qir Fertilizers,AQS,Egypt,EG,EGY,2705497,Abouda Abu Joudeh,Abouda Abu Joudeh,,abouda-abu-joudeh,A. A. Joudeh,M,,2001-06-26T00:00:00+00:00,,,,Egypt,EG,EGY,,
276648,Abu Qir Fertilizers SC,abu-qair-semad,Abu Qir Fertilizers,AQS,Egypt,EG,EGY,918662,Mohamed Dabash,,,mohamed-dabash,M. Dabash,D,4,1992-04-26T00:00:00+00:00,180,,Right,Egypt,EG,EGY,80000,1845936000
276648,Abu Qir Fertilizers SC,abu-qair-semad,Abu Qir Fertilizers,AQS,Egypt,EG,EGY,1154929,Gaber Kamel,,,gaber-kamel,G. Kamel,D,3,1995-05-18T00:00:00+00:00,,,Left,Egypt,EG,EGY,160000,1845936000
276648,Abu Qir Fertilizers SC,abu-qair-semad,Abu Qir Fertilizers,AQS,Egypt,EG,EGY,1162137,Ahmed Awad,,,ahmed-awad,A. Awad,D,20,1995-06-07T00:00:00+00:00,,,Right,Egypt,EG,EGY,70000,1814313600
276648,Abu Qir Fertilizers SC,abu-qair-semad,Abu Qir Fertilizers,AQS,Egypt,EG,EGY,1155319,Ahmed Dahesh,Ahmed Dahesh,,ahmed-dahesh,A. Dahesh,D,27,1998-04-10T00:00:00+00:00,186,,Left,Egypt,EG,EGY,160000,1814313600
276648,Abu Qir Fertilizers SC,abu-qair-semad,Abu Qir Fertilizers,AQS,Egypt,EG,EGY,1909812,Iyad Salah,Iyad Salah,,iyad-salah,I. Salah,D,,2005-06-24T00:00:00+00:00,,,Right,Egypt,EG,EGY,,1877472000
276648,Abu Qir Fertilizers SC,abu-qair-semad,Abu Qir Fertilizers,AQS,Egypt,EG,EGY,2661156,Mohamed Alaa,Mohamed Alaa,,mohamed-alaa,M. Alaa,D,6,1999-11-29T00:00:00+00:00,,,Right,Egypt,EG,EGY,,1845936000
276648,Abu Qir Fertilizers SC,abu-qair-semad,Abu Qir Fertilizers,AQS,Egypt,EG,EGY,2690384,Ayman El Gazar,,,ayman-el-gazar,A. E. Gazar,D,24,2004-01-10T00:00:00+00:00,,,Right,Egypt,EG,EGY,,1814313600
276648,Abu Qir Fertilizers SC,abu-qair-semad,Abu Qir Fertilizers,AQS,Egypt,EG,EGY,2661154,Islam Ashraf,Islam Ashraf,,islam-ashraf,I. Ashraf,D,12,1999-06-25T00:00:00+00:00,,,,Egypt,EG,EGY,,1845936000
276648,Abu Qir Fertilizers SC,abu-qair-semad,Abu Qir Fertilizers,AQS,Egypt,EG,EGY,2661152,Ahmed Fayez,Ahmed Fayez,,ahmed-fayez,A. Fayez,D,,1997-02-02T00:00:00+00:00,,,,Egypt,EG,EGY,,1845936000
276648,Abu Qir Fertilizers SC,abu-qair-semad,Abu Qir Fertilizers,AQS,Egypt,EG,EGY,841938,Mahmoud Genesh,,,mahmoud-genesh,M. Genesh,G,1,1987-05-25T00:00:00+00:00,188,,Right,Egypt,EG,EGY,97000,1814313600
276648,Abu Qir Fertilizers SC,abu-qair-semad,Abu Qir Fertilizers,AQS,Egypt,EG,EGY,1497696,Mohamed Saeed Shika,,,mohamed-saeed-shika,M. Saeed,G,25,1993-02-03T00:00:00+00:00,190,,Right,Egypt,EG,EGY,145000,1845936000
276648,Abu Qir Fertilizers SC,abu-qair-semad,Abu Qir Fertilizers,AQS,Egypt,EG,EGY,2661149,Sayed El Sawy,Sayed El Sawy,,sayed-el-sawy,S. E. Sawy,G,,1991-02-14T00:00:00+00:00,,,Right,Egypt,EG,EGY,,1845936000
6910,Al Ahly FC,al-ahly-fc,Al Ahly,AHL,Egypt,EG,EGY,1168800,Soufiane Benjdida,Soufiane Benjdida,,soufiane-benjdida,S. Benjdida,F,9,2001-09-03T00:00:00+00:00,178,,Right,Morocco,MA,MAR,2300000,1877472000
6910,Al Ahly FC,al-ahly-fc,Al Ahly,AHL,Egypt,EG,EGY,1107592,Mounsef Bakrar,Mounsef,Bakrar,monsef-bakrar,M. Bakrar,F,10,2001-01-13T00:00:00+00:00,183,,Right,Algeria,DZ,DZA,3100000,1877472000
6910,Al Ahly FC,al-ahly-fc,Al Ahly,AHL,Egypt,EG,EGY,1064939,Taher Mohamed,,,taher-mohamed,T. Mohamed,F,7,1997-03-07T00:00:00+00:00,186,,Right,Egypt,EG,EGY,410000,1877472000
6910,Al Ahly FC,al-ahly-fc,Al Ahly,AHL,Egypt,EG,EGY,1515913,Mohamed Abdallah,Mohamed Ali,,mohamed-ali,M. Abdallah,F,38,2005-05-01T00:00:00+00:00,164,,Left,Egypt,EG,EGY,190000,
6910,Al Ahly FC,al-ahly-fc,Al Ahly,AHL,Egypt,EG,EGY,2200929,Aqtay Abdallah,Aqtay Abdallah,,aqtay-abdallah,A. Abdallah,F,27,2003-06-01T00:00:00+00:00,182,,Right,Egypt,EG,EGY,230000,1940544000
6910,Al Ahly FC,al-ahly-fc,Al Ahly,AHL,Egypt,EG,EGY,2443701,Omar Moawad,,,omar-moawad,O. Moawad,F,,2006-01-01T00:00:00+00:00,174,,Left,Egypt,EG,EGY,48000,
6910,Al Ahly FC,al-ahly-fc,Al Ahly,AHL,Egypt,EG,EGY,2075967,Mahmoud Salah,,,mahmoud-salah,M. Salah,F,42,2007-09-22T00:00:00+00:00,176,,Right,Egypt,EG,EGY,360000,1940544000
6910,Al Ahly FC,al-ahly-fc,Al Ahly,AHL,Egypt,EG,EGY,1907925,Mohamed Raafat,Mohamed Raafat,,mohamed-raafat,M. Raafat,F,,2005-07-04T00:00:00+00:00,187,,Right,Egypt,EG,EGY,,
6910,Al Ahly FC,al-ahly-fc,Al Ahly,AHL,Egypt,EG,EGY,967032,Emam Ashour,,,emam-ashour,E. Ashour,M,22,1998-02-20T00:00:00+00:00,182,,Right,Egypt,EG,EGY,5300000,1909008000
6910,Al Ahly FC,al-ahly-fc,Al Ahly,AHL,Egypt,EG,EGY,547494,Zizo,,,zizo,Zizo,M,25,1996-01-10T00:00:00+00:00,175,64,Right,Egypt,EG,EGY,3700000,1909008000
6910,Al Ahly FC,al-ahly-fc,Al Ahly,AHL,Egypt,EG,EGY,796467,Achraf Bencharki,,,achraf-bencharki,A. Bencharki,M,17,1994-09-24T00:00:00+00:00,176,75,Right,Morocco,MA,MAR,2100000,1814313600
6910,Al Ahly FC,al-ahly-fc,Al Ahly,AHL,Egypt,EG,EGY,918606,Hussein El Shahat,,,hussein-el-shahat,H. E. Shahat,M,14,1992-06-21T00:00:00+00:00,171,68,Right,Egypt,EG,EGY,330000,1845936000
6910,Al Ahly FC,al-ahly-fc,Al Ahly,AHL,Egypt,EG,EGY,1004433,Reda Slim,,,slim-reda,R. Slim,M,12,1999-10-25T00:00:00+00:00,176,,Right,Morocco,MA,MAR,1100000,1814313600
6910,Al Ahly FC,al-ahly-fc,Al Ahly,AHL,Egypt,EG,EGY,1013699,Marwan Attia,,,attia-marwan,M. Attia,M,13,1998-08-12T00:00:00+00:00,176,,Right,Egypt,EG,EGY,3900000,1909008000
6910,Al Ahly FC,al-ahly-fc,Al Ahly,AHL,Egypt,EG,EGY,918914,Mohamed Magdy Afsha,,,mohamed-magdy-afsha,M. Magdy Afsha,M,19,1996-03-06T00:00:00+00:00,168,,Right,Egypt,EG,EGY,645000,1814313600
6910,Al Ahly FC,al-ahly-fc,Al Ahly,AHL,Egypt,EG,EGY,1504964,Cristo,,,mohamed-dhaoui,Cristo,M,18,2003-05-14T00:00:00+00:00,175,,Left,Tunisia,TN,TUN,525000,1814313600
6910,Al Ahly FC,al-ahly-fc,Al Ahly,AHL,Egypt,EG,EGY,1973176,Ahmed Reda,Ahmed Hashem,,ahmed-hashem,A. Reda,M,8,2000-02-19T00:00:00+00:00,185,,Right,Egypt,EG,EGY,485000,1877472000
6910,Al Ahly FC,al-ahly-fc,Al Ahly,AHL,Egypt,EG,EGY,1400635,Omar El Saaiy,,,omar-el-saaiy,O. M. E. Saeey,M,23,2003-01-01T00:00:00+00:00,179,,Right,Egypt,EG,EGY,430000,1877472000
6910,Al Ahly FC,al-ahly-fc,Al Ahly,AHL,Egypt,EG,EGY,871736,Akram Tawfik,,,akram-tawfik,A. Tawfik,M,12,1997-10-08T00:00:00+00:00,183,,Right,Egypt,EG,EGY,775000,1877472000
6910,Al Ahly FC,al-ahly-fc,Al Ahly,AHL,Egypt,EG,EGY,1870599,Ali Mahmoud,Ali Mahmoud,,ali-mahmoud,A. Mahmoud,M,21,2002-12-04T00:00:00+00:00,178,,Left,Egypt,EG,EGY,360000,1940544000
6910,Al Ahly FC,al-ahly-fc,Al Ahly,AHL,Egypt,EG,EGY,1515912,Kabaka,,,ahmed-gomma,A. Gomaa,M,88,2005-04-22T00:00:00+00:00,180,,Right,Egypt,EG,EGY,340000,1845936000
6910,Al Ahly FC,al-ahly-fc,Al Ahly,AHL,Egypt,EG,EGY,964795,Achraf Dari,,,achraf-dari,A. Dari,D,15,1999-05-06T00:00:00+00:00,190,,Right,Morocco,MA,MAR,1200000,1845936000
6910,Al Ahly FC,al-ahly-fc,Al Ahly,AHL,Egypt,EG,EGY,919484,Youssef Belammari,,,youssef-belammari,Y. Belammari,D,20,1998-09-20T00:00:00+00:00,183,,Left,Morocco,MA,MAR,1200000,1877472000
6910,Al Ahly FC,al-ahly-fc,Al Ahly,AHL,Egypt,EG,EGY,826545,Mohamed Hany,,,mohamed-hany,M. Hany,D,30,1996-01-25T00:00:00+00:00,180,,Right,Egypt,EG,EGY,1400000,1814313600
6910,Al Ahly FC,al-ahly-fc,Al Ahly,AHL,Egypt,EG,EGY,1049129,Yassin Marei,,,yassin-marei,Y. Marei,D,2,2001-11-07T00:00:00+00:00,182,,Left,Egypt,EG,EGY,665000,1909008000
6910,Al Ahly FC,al-ahly-fc,Al Ahly,AHL,Egypt,EG,EGY,333441,Yasser Ibrahim,,,yasser-ibrahim,Y. Ibrahim,D,6,1993-02-10T00:00:00+00:00,185,83,Right,Egypt,EG,EGY,270000,1814313600
6910,Al Ahly FC,al-ahly-fc,Al Ahly,AHL,Egypt,EG,EGY,1092709,Ahmed Nabil Koka,Ahmed Nabil Koka,,koka-ahmed-nabil,A. Koka,D,36,2001-07-03T00:00:00+00:00,178,,Left,Egypt,EG,EGY,1100000,1877472000
6910,Al Ahly FC,al-ahly-fc,Al Ahly,AHL,Egypt,EG,EGY,936330,Hady Reyad,,,hady-reyad,H. Reyad,D,5,1998-06-10T00:00:00+00:00,186,,Right,Egypt,EG,EGY,770000,1909008000
6910,Al Ahly FC,al-ahly-fc,Al Ahly,AHL,Egypt,EG,EGY,982240,Karim Fouad,,,karim-fouad,K. Fouad,D,28,1999-10-01T00:00:00+00:00,174,,Right,Egypt,EG,EGY,170000,1845936000
6910,Al Ahly FC,al-ahly-fc,Al Ahly,AHL,Egypt,EG,EGY,1983090,Amr El Gazar,Amr El Gazar,,amr-el-gazar,A. E. Gazar,D,26,1999-09-20T00:00:00+00:00,181,,Right,Egypt,EG,EGY,465000,1909008000
6910,Al Ahly FC,al-ahly-fc,Al Ahly,AHL,Egypt,EG,EGY,1014789,Ahmed Eid,,,ahmed-eid,A. Eid,D,24,2001-01-01T00:00:00+00:00,178,,Right,Egypt,EG,EGY,210000,1877472000
6910,Al Ahly FC,al-ahly-fc,Al Ahly,AHL,Egypt,EG,EGY,1049219,Karim El Debes,Karim,Mohamed,karim-eldbees,K. E. Debes,D,11,2003-06-03T00:00:00+00:00,169,,Left,Egypt,EG,EGY,210000,1877472000
6910,Al Ahly FC,al-ahly-fc,Al Ahly,AHL,Egypt,EG,EGY,1982374,Tawfik Mohamed,Tawfik Mohamed,,tawfik-mohamed,T. Mohamed,D,18,2000-01-01T00:00:00+00:00,,,Left,Egypt,EG,EGY,380000,1940544000
6910,Al Ahly FC,al-ahly-fc,Al Ahly,AHL,Egypt,EG,EGY,2413108,Ibrahim Assiouty,Ibrahim Assiouty,,ibrahim-assiouty,I. Assiouty,D,,2005-07-13T00:00:00+00:00,180,,Right,Egypt,EG,EGY,,
6910,Al Ahly FC,al-ahly-fc,Al Ahly,AHL,Egypt,EG,EGY,1048378,Mostafa Shobeir,,,mostafa-shobeir,M. Shobeir,G,31,2000-03-17T00:00:00+00:00,185,,Right,Egypt,EG,EGY,2200000,1814313600
6910,Al Ahly FC,al-ahly-fc,Al Ahly,AHL,Egypt,EG,EGY,871735,Mohamed El-Shenawy,,,mohamed-el-shenawy,M. El-Shenawy,G,1,1988-12-18T00:00:00+00:00,191,,Right,Egypt,EG,EGY,470000,1814313600
6910,Al Ahly FC,al-ahly-fc,Al Ahly,AHL,Egypt,EG,EGY,1094505,Hamza Alaa,Hamza Alaa,,hamza-alaa,H. Alaa,G,33,2001-03-01T00:00:00+00:00,185,,Right,Egypt,EG,EGY,80000,1877472000
35187,Al-Ittihad Alexandria,al-ittihad-alexandria,Al-Ittihad,ITT,Egypt,EG,EGY,2129151,Pascal Phiri,Pascal Phiri,,pascal-phiri,P. Phiri,F,35,2005-07-17T00:00:00+00:00,188,,Left,Zambia,ZM,ZMB,53000,1814313600
35187,Al-Ittihad Alexandria,al-ittihad-alexandria,Al-Ittihad,ITT,Egypt,EG,EGY,823604,John Okoye Ebuka,,,john-okoye-ebuka,J. O. Ebuka,F,18,1996-11-12T00:00:00+00:00,178,,Right,Nigeria,NG,NGA,210000,1814313600
35187,Al-Ittihad Alexandria,al-ittihad-alexandria,Al-Ittihad,ITT,Egypt,EG,EGY,885817,Hossam Hassan,,,hossam-hassan,H. Hassan,F,10,1993-09-02T00:00:00+00:00,188,,Right,Egypt,EG,EGY,215000,1845936000
35187,Al-Ittihad Alexandria,al-ittihad-alexandria,Al-Ittihad,ITT,Egypt,EG,EGY,2410691,Anas Wael,,,anas-wael,A. Wael,F,,2005-01-01T00:00:00+00:00,,,Left,Egypt,EG,EGY,,1940544000
35187,Al-Ittihad Alexandria,al-ittihad-alexandria,Al-Ittihad,ITT,Egypt,EG,EGY,2230746,Joseph Arumala,Joseph,Arumala,joseph-arumala,J. Arumala,F,80,2004-08-11T00:00:00+00:00,180,,Left,Nigeria,NG,NGA,240000,1877472000
35187,Al-Ittihad Alexandria,al-ittihad-alexandria,Al-Ittihad,ITT,Egypt,EG,EGY,1507933,Nour Alaa,Nour Alaa,,nour-alaa,N. Alaa,F,22,2003-01-01T00:00:00+00:00,170,,Right,Egypt,EG,EGY,77000,1814313600
35187,Al-Ittihad Alexandria,al-ittihad-alexandria,Al-Ittihad,ITT,Egypt,EG,EGY,1982379,Islam Samir,Islam Samir,,islam-samir,I. Samir,F,99,1999-01-01T00:00:00+00:00,175,,Right,Egypt,EG,EGY,77000,1845936000
35187,Al-Ittihad Alexandria,al-ittihad-alexandria,Al-Ittihad,ITT,Egypt,EG,EGY,2616838,Trezeguet,Trezeguet,,trezeguet,Trezeguet,F,,2007-05-05T00:00:00+00:00,,,Right,Egypt,EG,EGY,,
35187,Al-Ittihad Alexandria,al-ittihad-alexandria,Al-Ittihad,ITT,Egypt,EG,EGY,2701912,Mahmoud Gomaa,Mahmoud Gomaa,,mahmoud-gomaa,M. Gomaa,F,,,,,,Egypt,EG,EGY,,
35187,Al-Ittihad Alexandria,al-ittihad-alexandria,Al-Ittihad,ITT,Egypt,EG,EGY,871737,Ahmed Hamdi,,,ahmed-hamdi,A. Hamdi,M,,1998-02-10T00:00:00+00:00,178,,Right,Egypt,EG,EGY,105000,1877472000
35187,Al-Ittihad Alexandria,al-ittihad-alexandria,Al-Ittihad,ITT,Egypt,EG,EGY,1103343,Kenneth Semakula,,,kenneth-semakula,K. Semakula,M,44,2002-11-04T00:00:00+00:00,180,,Right,Uganda,UG,UGA,290000,1877472000
35187,Al-Ittihad Alexandria,al-ittihad-alexandria,Al-Ittihad,ITT,Egypt,EG,EGY,1610691,Isaac Saviour,,,isaac-saviour,I. Saviour,M,23,2002-01-01T00:00:00+00:00,170,,Both,Nigeria,NG,NGA,155000,1814313600
35187,Al-Ittihad Alexandria,al-ittihad-alexandria,Al-Ittihad,ITT,Egypt,EG,EGY,934537,Mohamed Fakhry,,,mohamed-fakhry,M. Fakhry,M,14,1999-03-04T00:00:00+00:00,185,,Right,Egypt,EG,EGY,310000,1909008000
35187,Al-Ittihad Alexandria,al-ittihad-alexandria,Al-Ittihad,ITT,Egypt,EG,EGY,1655258,Mahmoud Dunga,Mahmoud Dunga,,mahmoud-dunga,M. Dunga,M,26,1992-12-02T00:00:00+00:00,185,,Right,Egypt,EG,EGY,105000,1814313600
35187,Al-Ittihad Alexandria,al-ittihad-alexandria,Al-Ittihad,ITT,Egypt,EG,EGY,1525731,Youssry Wahid,Youssry Wahid,,youssry-wahid,Y. Wahid,M,11,1998-03-28T00:00:00+00:00,180,,Both,Egypt,EG,EGY,180000,1814313600
35187,Al-Ittihad Alexandria,al-ittihad-alexandria,Al-Ittihad,ITT,Egypt,EG,EGY,918603,Mohamed Toni,,,mohamed-toni,M. Toni,M,8,1996-09-10T00:00:00+00:00,178,,Right,Egypt,EG,EGY,375000,1877472000
35187,Al-Ittihad Alexandria,al-ittihad-alexandria,Al-Ittihad,ITT,Egypt,EG,EGY,967093,Mahmoud Emad,,,mahmoud-emad,M. Emad,M,25,1996-05-01T00:00:00+00:00,180,,Right,Egypt,EG,EGY,440000,1814313600
35187,Al-Ittihad Alexandria,al-ittihad-alexandria,Al-Ittihad,ITT,Egypt,EG,EGY,1201947,Ahmed El Sayed Ghabrib,,,ahmed-el-sayed-ghabrib,A. E. S. Ghabrib,M,19,1999-09-18T00:00:00+00:00,185,,Right,Egypt,EG,EGY,51000,1909008000
35187,Al-Ittihad Alexandria,al-ittihad-alexandria,Al-Ittihad,ITT,Egypt,EG,EGY,1427977,Ahmed Eid,,,ahmed-eid,A. Eid,M,33,1999-09-30T00:00:00+00:00,179,,Right,Egypt,EG,EGY,77000,1814313600
35187,Al-Ittihad Alexandria,al-ittihad-alexandria,Al-Ittihad,ITT,Egypt,EG,EGY,1476887,Bibo Ahmed Hassan,,,el-habib-ahmed-hassan,E. H. A. Hassan,M,,2002-01-01T00:00:00+00:00,,,Right,Egypt,EG,EGY,77000,1845936000
35187,Al-Ittihad Alexandria,al-ittihad-alexandria,Al-Ittihad,ITT,Egypt,EG,EGY,2338791,Ahmed Atef,Ahmed Atef,,ahmed-atef,A. Atef,M,37,2005-01-01T00:00:00+00:00,172,,Right,Egypt,EG,EGY,47000,1909008000
35187,Al-Ittihad Alexandria,al-ittihad-alexandria,Al-Ittihad,ITT,Egypt,EG,EGY,2235651,Ahmed Nagy,Ahmed Nagy,,ahmed-nagy,A. Nagy,M,35,2005-01-01T00:00:00+00:00,186,,Right,Egypt,EG,EGY,23000,
35187,Al-Ittihad Alexandria,al-ittihad-alexandria,Al-Ittihad,ITT,Egypt,EG,EGY,2215899,Mahmoud Ajeeb,Mahmoud Ajeeb,,mahmoud-ajeeb,M. Ajeeb,M,,2005-01-01T00:00:00+00:00,,,,Egypt,EG,EGY,,
35187,Al-Ittihad Alexandria,al-ittihad-alexandria,Al-Ittihad,ITT,Egypt,EG,EGY,2269777,Shannon Shorter,Shannon Shorter,,shannon-shorter,S. Shorter,M,,1989-08-01T00:00:00+00:00,,,,Egypt,EG,EGY,,
35187,Al-Ittihad Alexandria,al-ittihad-alexandria,Al-Ittihad,ITT,Egypt,EG,EGY,2287013,Moataz Mohamed,,,moataz-mohamed,M. Mohamed,D,,2005-03-20T00:00:00+00:00,182,,Left,Egypt,EG,EGY,93000,1845936000
35187,Al-Ittihad Alexandria,al-ittihad-alexandria,Al-Ittihad,ITT,Egypt,EG,EGY,2287035,Moamen Sherif,,,sherif-moamen,M. Sherif,D,12,2006-02-11T00:00:00+00:00,180,,Left,Egypt,EG,EGY,70000,1845936000
35187,Al-Ittihad Alexandria,al-ittihad-alexandria,Al-Ittihad,ITT,Egypt,EG,EGY,1386879,Mostafa Moawad,,,mostafa-moawad,M. Moawad,D,47,1997-04-07T00:00:00+00:00,182,,Right,Egypt,EG,EGY,215000,1877472000
35187,Al-Ittihad Alexandria,al-ittihad-alexandria,Al-Ittihad,ITT,Egypt,EG,EGY,1096361,Mostafa Ibrahim,,,mostafa-ibrahim,M. Ibrahim,D,5,2000-04-20T00:00:00+00:00,183,,Right,Egypt,EG,EGY,410000,1877472000
35187,Al-Ittihad Alexandria,al-ittihad-alexandria,Al-Ittihad,ITT,Egypt,EG,EGY,1117788,Mido Mostafa,Mido Mostafa,,mido-mostafa,M. Mostafa,D,7,1993-11-30T00:00:00+00:00,182,,Right,Egypt,EG,EGY,410000,1877472000
35187,Al-Ittihad Alexandria,al-ittihad-alexandria,Al-Ittihad,ITT,Egypt,EG,EGY,1428026,Islam Abdallah,,,islam-abdallah,I. Abdallah,D,4,2001-02-11T00:00:00+00:00,,,Right,Egypt,EG,EGY,190000,1814313600
35187,Al-Ittihad Alexandria,al-ittihad-alexandria,Al-Ittihad,ITT,Egypt,EG,EGY,2051059,Momen Sherif,Momen Sherif,,momen-sherif,M. Sherif,D,34,2006-02-11T00:00:00+00:00,180,,Left,Egypt,EG,EGY,140000,1845936000
35187,Al-Ittihad Alexandria,al-ittihad-alexandria,Al-Ittihad,ITT,Egypt,EG,EGY,1050783,Momen Awad,,,momen-awad,M. Awad,D,24,2001-05-05T00:00:00+00:00,,,Right,Egypt,EG,EGY,160000,1877472000
35187,Al-Ittihad Alexandria,al-ittihad-alexandria,Al-Ittihad,ITT,Egypt,EG,EGY,2683756,Khaled Mosaad,Khaled Mosaad,,khaled-mosaad,K. Mosaad,D,30,2000-10-19T00:00:00+00:00,,,Left,Egypt,EG,EGY,,1909008000
35187,Al-Ittihad Alexandria,al-ittihad-alexandria,Al-Ittihad,ITT,Egypt,EG,EGY,2683746,Abdo Hesham,Abdo Hesham,,abdo-hesham,A. Hesham,D,,1999-03-07T00:00:00+00:00,,,Right,Egypt,EG,EGY,34000,1909008000
35187,Al-Ittihad Alexandria,al-ittihad-alexandria,Al-Ittihad,ITT,Egypt,EG,EGY,2683747,Ahmed El Shazly,Ahmed El Shazly,,ahmed-el-shazly,A. E. Shazly,D,,2001-01-20T00:00:00+00:00,,,Right,Egypt,EG,EGY,62000,1877472000
35187,Al-Ittihad Alexandria,al-ittihad-alexandria,Al-Ittihad,ITT,Egypt,EG,EGY,2701913,Mazen Osama,Mazen Osama,,mazen-osama,M. Osama,D,,2003-02-27T00:00:00+00:00,,,Left,Egypt,EG,EGY,,1909008000
35187,Al-Ittihad Alexandria,al-ittihad-alexandria,Al-Ittihad,ITT,Egypt,EG,EGY,2705496,Khalid Gaber,Khalid Gaber,,khalid-gaber,K. Gaber,D,,2006-01-01T00:00:00+00:00,,,,Egypt,EG,EGY,,
35187,Al-Ittihad Alexandria,al-ittihad-alexandria,Al-Ittihad,ITT,Egypt,EG,EGY,1481130,Ali El Gabry,Ali El Gabry,,ali-el-gabry,A. E. Gabry,G,31,2001-02-14T00:00:00+00:00,,,Right,Egypt,EG,EGY,155000,1909008000
35187,Al-Ittihad Alexandria,al-ittihad-alexandria,Al-Ittihad,ITT,Egypt,EG,EGY,2130912,Ahmed Menshawi,Ahmed Menshawi,,ahmed-menshawi,A. Menshawi,G,40,2005-01-01T00:00:00+00:00,183,,Right,Egypt,EG,EGY,80000,
35187,Al-Ittihad Alexandria,al-ittihad-alexandria,Al-Ittihad,ITT,Egypt,EG,EGY,1102249,Sobhy Soliman,Sobhy,Soliman,sobhy-soliman,S. Soliman,G,1,1997-01-01T00:00:00+00:00,190,,Right,Egypt,EG,EGY,260000,1845936000
35187,Al-Ittihad Alexandria,al-ittihad-alexandria,Al-Ittihad,ITT,Egypt,EG,EGY,918663,Ahmed El Arabi,,,ahmed-el-arabi,A. E. Arabi,G,16,1992-08-25T00:00:00+00:00,,,Right,Egypt,EG,EGY,49000,1877472000
43560,Al-Masry,al-masry,Al-Masry,MAS,Egypt,EG,EGY,918920,Salah Mohsen,,,salah-mohsen,S. Mohsen,F,9,1998-09-01T00:00:00+00:00,184,,Right,Egypt,EG,EGY,860000,1814313600
43560,Al-Masry,al-masry,Al-Masry,MAS,Egypt,EG,EGY,1000416,Ali Sulieman,,,ali-sulieman,A. Sulieman,F,21,2000-01-01T00:00:00+00:00,168,,Right,Eritrea,ER,ERI,850000,1909008000
43560,Al-Masry,al-masry,Al-Masry,MAS,Egypt,EG,EGY,1218753,Mounder Temine,Mounder Temine,,mounder-temine,M. Temine,F,25,2001-09-15T00:00:00+00:00,,,Right,Algeria,DZ,DZA,410000,1845936000
43560,Al-Masry,al-masry,Al-Masry,MAS,Egypt,EG,EGY,918640,Karim Bambo,,,karim-bambo,K. Bambo,F,10,1993-05-13T00:00:00+00:00,175,,Right,Egypt,EG,EGY,250000,
43560,Al-Masry,al-masry,Al-Masry,MAS,Egypt,EG,EGY,1980606,Ahmed Sharaf,Ahmed Sharaf,,ahmed-sharaf,A. Sharaf,F,37,2005-08-04T00:00:00+00:00,,,Right,Egypt,EG,EGY,110000,1909008000
43560,Al-Masry,al-masry,Al-Masry,MAS,Egypt,EG,EGY,1996791,Hossam Hassan,Hossam Hassan,,hossam-hassan,H. Hassan,F,,2006-07-24T00:00:00+00:00,,,Right,Egypt,EG,EGY,,
43560,Al-Masry,al-masry,Al-Masry,MAS,Egypt,EG,EGY,933892,Abderrahim Deghmoum,,,abderrahim-deghmoum,A. Deghmoum,M,30,1998-12-02T00:00:00+00:00,178,,Left,Algeria,DZ,DZA,1100000,1877472000
43560,Al-Masry,al-masry,Al-Masry,MAS,Egypt,EG,EGY,1907921,Mostafa Abou El Khair,Mostafa Abou El Khair,,mostafa-abou-el-khair,M. A. E. Khair,M,12,2004-01-01T00:00:00+00:00,176,,Right,Egypt,EG,EGY,49000,1845936000
43560,Al-Masry,al-masry,Al-Masry,MAS,Egypt,EG,EGY,802837,Moustafa Zeidan,,,moustafa-zeidan,M. Zeidan,M,24,1998-06-07T00:00:00+00:00,169,74,Left,Palestine,PS,PSE,280000,1877472000
43560,Al-Masry,al-masry,Al-Masry,MAS,Egypt,EG,EGY,1123400,Ameed Sawafta,Ameed Sawafta,,ameed-sawafta,A. Sawafta,M,18,2000-07-10T00:00:00+00:00,183,,Right,Palestine,PS,PSE,275000,1877472000
43560,Al-Masry,al-masry,Al-Masry,MAS,Egypt,EG,EGY,918621,Mahmoud Hamada,,,hamada-mahmoud,M. Hamada,M,14,1993-11-01T00:00:00+00:00,177,,Right,Egypt,EG,EGY,815000,1814313600
43560,Al-Masry,al-masry,Al-Masry,MAS,Egypt,EG,EGY,1874639,Abdallah Ziani,Abdallah,Ziani,abdallah-ziani,A. Ziani,M,27,2003-05-16T00:00:00+00:00,167,,Right,Morocco,MA,MAR,420000,1909008000
43560,Al-Masry,al-masry,Al-Masry,MAS,Egypt,EG,EGY,895534,Mohamed El Shamy,,,mohamed-el-shamy,M. E. Shamy,M,11,1996-01-01T00:00:00+00:00,174,,Right,Egypt,EG,EGY,215000,1845936000
43560,Al-Masry,al-masry,Al-Masry,MAS,Egypt,EG,EGY,935701,Hussein Faisal,,,hussein-faisal,H. Faisal,M,32,1999-03-04T00:00:00+00:00,184,,Right,Egypt,EG,EGY,105000,1814313600
43560,Al-Masry,al-masry,Al-Masry,MAS,Egypt,EG,EGY,1541795,Kheir Eddine Toual,Kheir Toual,,kheir-eddine-toual,K. Toual,M,20,2001-08-04T00:00:00+00:00,170,,,Algeria,DZ,DZA,360000,1909008000
43560,Al-Masry,al-masry,Al-Masry,MAS,Egypt,EG,EGY,967150,Mohamed Makhlouf,,,mohamed-makhlouf,M. Makhlouf,M,6,1998-01-01T00:00:00+00:00,,,Right,Egypt,EG,EGY,450000,1814313600
43560,Al-Masry,al-masry,Al-Masry,MAS,Egypt,EG,EGY,1913411,Yassin El Mallah,Yassin El Mallah,,yassin-el-mallah,Y. E. Mallah,M,4,2004-01-01T00:00:00+00:00,180,,Right,Egypt,EG,EGY,210000,1909008000
43560,Al-Masry,al-masry,Al-Masry,MAS,Egypt,EG,EGY,918728,Hassan Ali,,,hassan-ali,H. Ali,M,8,1998-05-15T00:00:00+00:00,174,,Left,Egypt,EG,EGY,190000,1877472000
43560,Al-Masry,al-masry,Al-Masry,MAS,Egypt,EG,EGY,1428035,Ahmed El Armouty,,,ahmed-el-armouty,A. E. Armouty,M,15,1999-06-18T00:00:00+00:00,169,,Right,Egypt,EG,EGY,140000,1845936000
43560,Al-Masry,al-masry,Al-Masry,MAS,Egypt,EG,EGY,935680,Youssef El Gohary,,,youssef-el-gohary,Y. E. Gohary,M,17,1997-11-06T00:00:00+00:00,182,,Right,Egypt,EG,EGY,52000,1814313600
43560,Al-Masry,al-masry,Al-Masry,MAS,Egypt,EG,EGY,2293960,Mahmoud Ashraf,Mahmoud Ashraf,,mahmoud-ashraf,M. Ashraf,M,35,2005-01-01T00:00:00+00:00,178,,Right,Egypt,EG,EGY,,
43560,Al-Masry,al-masry,Al-Masry,MAS,Egypt,EG,EGY,1050729,Mohamed Shokry,,,mohamed-shokry,M. Shokry,D,3,1999-07-06T00:00:00+00:00,170,,Left,Egypt,EG,EGY,390000,1877472000
43560,Al-Masry,al-masry,Al-Masry,MAS,Egypt,EG,EGY,1173530,Mostafa Mahmoud Al Aash,,,mostafa-el-aash,M. E. Aash,D,33,2000-10-11T00:00:00+00:00,182,,Left,Egypt,EG,EGY,470000,1877472000
43560,Al-Masry,al-masry,Al-Masry,MAS,Egypt,EG,EGY,967127,Khaled Sobhi,,,khaled-sobhi,K. Sobhi,D,5,1995-05-04T00:00:00+00:00,185,,Left,Egypt,EG,EGY,465000,1845936000
43560,Al-Masry,al-masry,Al-Masry,MAS,Egypt,EG,EGY,918727,Karim El Eraki,,,karim-el-eraki,K. E. Eraki,D,7,1997-11-29T00:00:00+00:00,172,,Right,Egypt,EG,EGY,550000,1814313600
43560,Al-Masry,al-masry,Al-Masry,MAS,Egypt,EG,EGY,918604,Baher El Mohamady,,,baher-el-mohamady,B. E. Mohamady,D,2,1996-11-01T00:00:00+00:00,184,,Right,Egypt,EG,EGY,620000,1845936000
43560,Al-Masry,al-masry,Al-Masry,MAS,Egypt,EG,EGY,873543,Amr Saadawy,,,amr-saadawy,A. Saadawy,D,13,1997-02-12T00:00:00+00:00,172,,Left,Egypt,EG,EGY,375000,1845936000
43560,Al-Masry,al-masry,Al-Masry,MAS,Egypt,EG,EGY,918578,Mohamed Hashem,,,mohamed-hashem,M. Hashem,D,29,1995-10-29T00:00:00+00:00,177,,Right,Egypt,EG,EGY,260000,1814313600
43560,Al-Masry,al-masry,Al-Masry,MAS,Egypt,EG,EGY,2327260,Abdel Wahab Nader,Abdel Wahab Nader,,abdel-wahab-nader,A. W. Nader,D,36,2005-01-01T00:00:00+00:00,,,Right,Egypt,EG,EGY,210000,1909008000
43560,Al-Masry,al-masry,Al-Masry,MAS,Egypt,EG,EGY,1481183,Mohamed Seha,Mohamed Seha,,mohamed-seha,M. Seha,G,26,2001-05-01T00:00:00+00:00,194,,Left,Egypt,EG,EGY,165000,1814313600
43560,Al-Masry,al-masry,Al-Masry,MAS,Egypt,EG,EGY,1831796,Ahmed Wahba,Ahmed Wahba,,ahmed-wahba,A. Wahba,G,26,2005-05-05T00:00:00+00:00,189,,Right,Egypt,EG,EGY,49000,1909008000
43560,Al-Masry,al-masry,Al-Masry,MAS,Egypt,EG,EGY,918494,Essam Tharwat,,,essam-tharwat,E. Tharwat,G,1,1986-08-06T00:00:00+00:00,187,,Right,Egypt,EG,EGY,97000,1814313600
43560,Al-Masry,al-masry,Al-Masry,MAS,Egypt,EG,EGY,886931,Mahmoud Hamdy,,,mahmoud-hamdy,M. Hamdy,G,16,1993-11-01T00:00:00+00:00,185,,Right,Egypt,EG,EGY,220000,1845936000
43560,Al-Masry,al-masry,Al-Masry,MAS,Egypt,EG,EGY,1008199,Mohamed Shehata,,,mohamed-shehata,M. Shehata,G,31,1999-10-01T00:00:00+00:00,,,Right,Egypt,EG,EGY,24000,
42365,Arab Contractors FC,al-mokawloon,Arab Contractors,MOK,Egypt,EG,EGY,1010564,Idrissa Thiam,,,idrissa-thiam,I. Thiam,F,92,2000-09-02T00:00:00+00:00,177,,Right,Mauritania,MR,MRT,440000,1845936000
42365,Arab Contractors FC,al-mokawloon,Arab Contractors,MOK,Egypt,EG,EGY,1093856,Shady Hussein,Shady,Hussein,shady-hussein,S. Hussein,F,99,1993-05-01T00:00:00+00:00,185,,Right,Egypt,EG,EGY,220000,
42365,Arab Contractors FC,al-mokawloon,Arab Contractors,MOK,Libya,LY,LBY,1122303,Anas Baniouwda,,,anas-baniouwda,A. Baniouwda,F,7,2001-09-06T00:00:00+00:00,185,,Left,Palestine,PS,PSE,96000,
42365,Arab Contractors FC,al-mokawloon,Arab Contractors,MOK,Egypt,EG,EGY,2439881,Mohamed Refat,Mohamed Refat,,mohamed-refat,M. Refat,F,17,2006-02-07T00:00:00+00:00,186,,Left,Egypt,EG,EGY,,
42365,Arab Contractors FC,al-mokawloon,Arab Contractors,MOK,Egypt,EG,EGY,1132012,Mohamed Salem,Mohamed Salem,,mohamed-salem,M. Salem,F,9,1994-01-01T00:00:00+00:00,180,,Right,Egypt,EG,EGY,155000,1814313600
42365,Arab Contractors FC,al-mokawloon,Arab Contractors,MOK,Egypt,EG,EGY,918707,Shokry Naguib,,,shokry-naguib,S. Naguib,F,10,1994-05-01T00:00:00+00:00,180,,Right,Egypt,EG,EGY,205000,1814313600
42365,Arab Contractors FC,al-mokawloon,Arab Contractors,MOK,Egypt,EG,EGY,1215417,Mohammed Sandouqa,,,sandouqa-mohammed,M. Sandouqa,F,15,2003-04-05T00:00:00+00:00,168,,Right,Palestine,PS,PSE,47000,1845936000
42365,Arab Contractors FC,al-mokawloon,Arab Contractors,MOK,Egypt,EG,EGY,1418781,Mostafa Sobhi,Mostafa Sobhi,,mostafa-sobhi,M. Sobhi,F,17,1998-02-26T00:00:00+00:00,177,,Both,Egypt,EG,EGY,80000,1814313600
42365,Arab Contractors FC,al-mokawloon,Arab Contractors,MOK,Egypt,EG,EGY,1424434,Dokou Dodo,,,dokou-dodo,D. Dodo,M,6,2004-05-04T00:00:00+00:00,177,,Right,Benin,BJ,BEN,185000,1845936000
42365,Arab Contractors FC,al-mokawloon,Arab Contractors,MOK,Egypt,EG,EGY,2080778,Ibrahim Adel,Ibrahim Adel,,ibrahim-adel,I. Adel,M,28,2006-01-01T00:00:00+00:00,,,Right,Egypt,EG,EGY,,1814313600
42365,Arab Contractors FC,al-mokawloon,Arab Contractors,MOK,Egypt,EG,EGY,871738,Mido Gaber,,,mido-gaber,M. Gaber,M,22,1992-09-22T00:00:00+00:00,184,,Left,Egypt,EG,EGY,135000,1877472000
42365,Arab Contractors FC,al-mokawloon,Arab Contractors,MOK,Egypt,EG,EGY,1497719,Mohamed Abdelnasser,,,mohamed-abdelnasser,M. Abdelnasser,M,74,2006-09-09T00:00:00+00:00,178,,Right,Egypt,EG,EGY,170000,1798675200
42365,Arab Contractors FC,al-mokawloon,Arab Contractors,MOK,Egypt,EG,EGY,2018142,Ahmed Ouled Behi,Ahmed Ouled Behi,,ahmed-ouled-behi,A. O. Behi,M,19,2000-08-19T00:00:00+00:00,177,,Left,Tunisia,TN,TUN,260000,1845936000
42365,Arab Contractors FC,al-mokawloon,Arab Contractors,MOK,Egypt,EG,EGY,1097127,Joackiam Ojera,Joackiam,Ojera,joackiam-ojera,J. Ojera,M,25,1997-12-25T00:00:00+00:00,186,,Right,Uganda,UG,UGA,165000,
42365,Arab Contractors FC,al-mokawloon,Arab Contractors,MOK,Egypt,EG,EGY,918601,Eslam Gaber,,,eslam-gaber,I. Gaber,M,20,1996-05-01T00:00:00+00:00,184,,Left,Egypt,EG,EGY,160000,1845936000
42365,Arab Contractors FC,al-mokawloon,Arab Contractors,MOK,Egypt,EG,EGY,1441642,Ahmed Mohamed Fouad,,,mohamed-ahmed-fouad,A. M. Fouad,M,8,1999-01-01T00:00:00+00:00,,,Right,Egypt,EG,EGY,97000,1877472000
42365,Arab Contractors FC,al-mokawloon,Arab Contractors,MOK,Egypt,EG,EGY,918620,Omar El Wahsh,,,omar-el-wahsh,O. E. Wahsh,M,12,1995-04-03T00:00:00+00:00,178,,Right,Egypt,EG,EGY,330000,1814313600
42365,Arab Contractors FC,al-mokawloon,Arab Contractors,MOK,Egypt,EG,EGY,1805551,Abdel Rahman Akmal,Abdel Rahman Akmal,,abdel-rahman-akmal,A. R. Akmal,M,30,2004-04-07T00:00:00+00:00,,,Right,Egypt,EG,EGY,47000,
42365,Arab Contractors FC,al-mokawloon,Arab Contractors,MOK,Egypt,EG,EGY,967029,Mostafa Gamal,,,mostafa-gamal,M. Gamal,M,14,1990-07-25T00:00:00+00:00,,,Right,Egypt,EG,EGY,135000,
42365,Arab Contractors FC,al-mokawloon,Arab Contractors,MOK,Egypt,EG,EGY,2702073,Youssef Abou-Hashima,Youssef Abou-Hashima,,youssef-abou-hashima,Y. Abou-Hashima,M,,2003-01-01T00:00:00+00:00,,,,Egypt,EG,EGY,,
42365,Arab Contractors FC,al-mokawloon,Arab Contractors,MOK,Egypt,EG,EGY,918743,Omar Kamal,,,omar-kamal,O. Kamal,D,29,1993-09-29T00:00:00+00:00,186,,Right,Egypt,EG,EGY,265000,1845936000
42365,Arab Contractors FC,al-mokawloon,Arab Contractors,MOK,Egypt,EG,EGY,1010882,Khaled Abdelfattah,,,abdelfattah-khaled,K. Abdullfatah,D,27,1999-01-22T00:00:00+00:00,175,,Both,Egypt,EG,EGY,140000,1814313600
42365,Arab Contractors FC,al-mokawloon,Arab Contractors,MOK,Egypt,EG,EGY,866158,Joseph Ochaya,,,joseph-ochaya,J. Ochaya,D,23,1993-12-14T00:00:00+00:00,185,,Left,Uganda,UG,UGA,180000,
42365,Arab Contractors FC,al-mokawloon,Arab Contractors,MOK,Egypt,EG,EGY,1012479,Mohamed Ammar,,,mohamed-ammar,M. Ammar,D,4,1999-09-01T00:00:00+00:00,182,,Right,Egypt,EG,EGY,245000,1877472000
42365,Arab Contractors FC,al-mokawloon,Arab Contractors,MOK,Egypt,EG,EGY,1545336,Kahraba,Kahraba,,kahraba,Kahraba,D,26,1998-12-09T00:00:00+00:00,180,,Right,Egypt,EG,EGY,210000,1814313600
42365,Arab Contractors FC,al-mokawloon,Arab Contractors,MOK,Egypt,EG,EGY,918513,Sherif Reda,,,sherif-reda,S. Reda,D,11,1997-01-01T00:00:00+00:00,185,,Right,Egypt,EG,EGY,340000,1877472000
42365,Arab Contractors FC,al-mokawloon,Arab Contractors,MOK,Egypt,EG,EGY,1161770,Mohamed Hamed,,,mohamed-hamed,M. Hamed,D,3,1993-10-30T00:00:00+00:00,190,,Left,Egypt,EG,EGY,165000,1845936000
42365,Arab Contractors FC,al-mokawloon,Arab Contractors,MOK,Egypt,EG,EGY,2214887,Hassan Hussein Shakoush,Hassan Hussein,,hassan-hussein,H. Hussein,D,4,1998-03-05T00:00:00+00:00,,,Right,Egypt,EG,EGY,245000,1814313600
42365,Arab Contractors FC,al-mokawloon,Arab Contractors,MOK,Egypt,EG,EGY,1087504,Nader Hesham,,,nader-hesham,N. Hesham,D,24,1999-04-27T00:00:00+00:00,175,,Left,Egypt,EG,EGY,160000,1845936000
42365,Arab Contractors FC,al-mokawloon,Arab Contractors,MOK,Egypt,EG,EGY,2702785,Youssef Safina,Youssef Safina,,youssef-safina,Y. Safina,D,,2001-10-23T00:00:00+00:00,175,,Right,Egypt,EG,EGY,,1909008000
42365,Arab Contractors FC,al-mokawloon,Arab Contractors,MOK,Egypt,EG,EGY,105423,Mahmoud Abou El-Saoud,,,mahmoud-abou-el-saoud,M. A. El-Saoud,G,1,1987-11-30T00:00:00+00:00,190,,Right,Egypt,EG,EGY,105000,
42365,Arab Contractors FC,al-mokawloon,Arab Contractors,MOK,Egypt,EG,EGY,1418779,Mohamed Fawzi,Mohamed Fawzi,,mohamed-fawzi,M. Fawzi,G,18,1997-01-01T00:00:00+00:00,190,,Right,Egypt,EG,EGY,24000,1845936000
42365,Arab Contractors FC,al-mokawloon,Arab Contractors,MOK,Egypt,EG,EGY,1174307,Mahmoud El Hadary,,,mahmoud-el-hadary,M. E. Hadary,G,16,1995-01-01T00:00:00+00:00,184,,Right,Egypt,EG,EGY,105000,1814313600
42365,Arab Contractors FC,al-mokawloon,Arab Contractors,MOK,Egypt,EG,EGY,2610798,Ali Tarek,Ali Tarek,,ali-tarek,A. Tarek,,40,,,,,,,,,
42365,Arab Contractors FC,al-mokawloon,Arab Contractors,MOK,Egypt,EG,EGY,2610805,Ahmed Talaat,Ahmed Talaat,,ahmed-talaat,A. Talaat,,80,,,,,,,,,
42365,Arab Contractors FC,al-mokawloon,Arab Contractors,MOK,Egypt,EG,EGY,2610834,Mostafa Peque,Mostafa Peque,,mostafa-peque,M. Peque,,66,,,,,,,,,
270807,Asyut Petroleum,asyut-petroleum,,ASY,Egypt,EG,EGY,2200930,Che Corines Bodne,Che Corines Bodne,,che-corines-bodne,C. C. Bodne,F,35,2002-06-10T00:00:00+00:00,,,Right,Cameroon,CM,CMR,,1814313600
270807,Asyut Petroleum,asyut-petroleum,,ASY,Egypt,EG,EGY,1157441,Ismail Ashraf,,,ismail-ashraf,I. Ashraf,F,13,1999-04-27T00:00:00+00:00,,,Right,Egypt,EG,EGY,73000,1877472000
270807,Asyut Petroleum,asyut-petroleum,,ASY,Egypt,EG,EGY,2012851,Mohammed Eid,,,mohammed-eid,M. Eid,F,9,1996-09-09T00:00:00+00:00,,,,Egypt,EG,EGY,,
270807,Asyut Petroleum,asyut-petroleum,,ASY,Egypt,EG,EGY,2178224,Joshua Egagy,Joshua Egagy,,joshua-egagy,J. Egagy,F,38,2005-08-13T00:00:00+00:00,185,,Right,Nigeria,NG,NGA,,
270807,Asyut Petroleum,asyut-petroleum,,ASY,Egypt,EG,EGY,2462162,Ahmed Khaled,Ahmed Khaled,,ahmed-khaled,A. Khaled,F,15,2001-01-31T00:00:00+00:00,,,Right,Egypt,EG,EGY,110000,1814313600
270807,Asyut Petroleum,asyut-petroleum,,ASY,Egypt,EG,EGY,2690603,Ahmed Younes,Ahmed Younes,,ahmed-younes,A. Younes,F,7,2002-02-25T00:00:00+00:00,,,Left,Egypt,EG,EGY,,
270807,Asyut Petroleum,asyut-petroleum,,ASY,Egypt,EG,EGY,2702513,Fathy Gamal,Fathy Gamal,,fathy-gamal,F. Gamal,F,,1997-11-26T00:00:00+00:00,,,Right,Egypt,EG,EGY,,1877472000
270807,Asyut Petroleum,asyut-petroleum,,ASY,Egypt,EG,EGY,2690600,Ahmed Arabi,Ahmed Arabi,,ahmed-arabi,A. Arabi,F,,2002-02-07T00:00:00+00:00,,,,Egypt,EG,EGY,,
270807,Asyut Petroleum,asyut-petroleum,,ASY,Egypt,EG,EGY,2690620,Mostafa Sadafa,Mostafa Sadafa,,mostafa-sadafa,M. Sadafa,F,11,1998-05-20T00:00:00+00:00,180,,Right,Egypt,EG,EGY,,
270807,Asyut Petroleum,asyut-petroleum,,ASY,Egypt,EG,EGY,2725353,Mohamed Tayeb,,,mohamed-tayeb,M. Tayeb,F,,1999-05-23T00:00:00+00:00,,,,Egypt,EG,EGY,,
270807,Asyut Petroleum,asyut-petroleum,,ASY,Egypt,EG,EGY,2036697,Youssef Hassan,Youssef Hassan,,youssef-hassan,Y. Hassan,M,,2005-02-25T00:00:00+00:00,184,,Right,Egypt,EG,EGY,,
270807,Asyut Petroleum,asyut-petroleum,,ASY,Egypt,EG,EGY,1187350,Ahmed Hamzawi,,,ahmed-hamzawi,A. Hamzawi,M,17,1996-01-01T00:00:00+00:00,,,Right,Egypt,EG,EGY,145000,
270807,Asyut Petroleum,asyut-petroleum,,ASY,Egypt,EG,EGY,2690607,Bakr Fawzi,Bakr Fawzi,,bakr-fawzi,B. Fawzi,M,21,1999-02-13T00:00:00+00:00,,,,Egypt,EG,EGY,,
270807,Asyut Petroleum,asyut-petroleum,,ASY,Egypt,EG,EGY,2690617,Mohamed Hesha,Mohamed Hesha,,mohamed-hesha,M. Hesha,M,22,1999-05-23T00:00:00+00:00,,,,Egypt,EG,EGY,,
270807,Asyut Petroleum,asyut-petroleum,,ASY,Egypt,EG,EGY,2702511,Karim Kamel,Karim Kamel,,karim-kamel,K. Kamel,M,,2003-03-06T00:00:00+00:00,,,,Egypt,EG,EGY,,1845936000
270807,Asyut Petroleum,asyut-petroleum,,ASY,Egypt,EG,EGY,2690597,Abdelrahman El Khamisi,Abdelrahman El Khamisi,,abdelrahman-el-khamisi,A. E. Khamisi,M,26,2000-02-01T00:00:00+00:00,,,,Egypt,EG,EGY,,
270807,Asyut Petroleum,asyut-petroleum,,ASY,Egypt,EG,EGY,2690609,Ibrahim Abbas,Ibrahim Abbas,,ibrahim-abbas,I. Abbas,M,19,1999-01-18T00:00:00+00:00,,,,Egypt,EG,EGY,,1814313600
270807,Asyut Petroleum,asyut-petroleum,,ASY,Egypt,EG,EGY,2702509,Alabi Salam,Alabi Salam,,alabi-salam,A. Salam,M,31,2003-01-29T00:00:00+00:00,183,,Right,Nigeria,NG,NGA,,1877472000
270807,Asyut Petroleum,asyut-petroleum,,ASY,Egypt,EG,EGY,2690599,Abdo Keshkesh,Abdo Keshkesh,,abdo-keshkesh,A. Keshkesh,M,18,1999-11-15T00:00:00+00:00,,,,Egypt,EG,EGY,,1845936000
270807,Asyut Petroleum,asyut-petroleum,,ASY,Egypt,EG,EGY,1882670,Ahmed Magdy,Ahmed Magdy,,ahmed-magdy,A. Magdy,D,20,2005-03-26T00:00:00+00:00,187,,Right,Egypt,EG,EGY,82000,1877472000
270807,Asyut Petroleum,asyut-petroleum,,ASY,Egypt,EG,EGY,1615327,Ziad Tarek,Ziad Tarek El Sayed,,ziad-tarek,Z. Tarek,D,12,2001-04-01T00:00:00+00:00,175,,Left,Egypt,EG,EGY,160000,1814313600
270807,Asyut Petroleum,asyut-petroleum,,ASY,Egypt,EG,EGY,2690531,Mahmoud Okal,Mahmoud Okal,,mahmoud-okal,M. Okal,D,24,1994-03-27T00:00:00+00:00,,,Right,Egypt,EG,EGY,,
270807,Asyut Petroleum,asyut-petroleum,,ASY,Egypt,EG,EGY,2702508,Abdelrahman Morgan,Abdelrahman Morgan,,abdelrahman-morgan,A. Morgan,D,29,2006-01-01T00:00:00+00:00,,,Left,Egypt,EG,EGY,,1877472000
270807,Asyut Petroleum,asyut-petroleum,,ASY,Egypt,EG,EGY,1531100,Islam Abdel Ghani,Islam Abdel Ghani,,islam-abdel-ghani,I. A. Ghani,D,,1991-06-06T00:00:00+00:00,,,,Egypt,EG,EGY,,
270807,Asyut Petroleum,asyut-petroleum,,ASY,Egypt,EG,EGY,2690527,Ahmed Refo,Ahmed Refo,,ahmed-refo,A. Refo,D,,1999-01-03T00:00:00+00:00,,,,Egypt,EG,EGY,,
270807,Asyut Petroleum,asyut-petroleum,,ASY,Egypt,EG,EGY,2690530,Khaled Abdelaal,Khaled Abdelaal,,khaled-abdelaal,K. Abdelaal,D,34,2003-01-20T00:00:00+00:00,,,,Egypt,EG,EGY,,1814313600
270807,Asyut Petroleum,asyut-petroleum,,ASY,Egypt,EG,EGY,2690526,Ahmed Magdy,Ahmed Magdy,,ahmed-magdy,A. Magdy,D,,2005-01-01T00:00:00+00:00,,,,Egypt,EG,EGY,,
270807,Asyut Petroleum,asyut-petroleum,,ASY,Egypt,EG,EGY,2690528,Ahmed Shokry,Ahmed Shokry,,ahmed-shokry,A. Shokry,D,20,1994-09-30T00:00:00+00:00,,,,Egypt,EG,EGY,,
270807,Asyut Petroleum,asyut-petroleum,,ASY,Egypt,EG,EGY,2702507,Abdelrahman Medhat,Abdelrahman Medhat,,abdelrahman-medhat,A. Medhat,D,30,2002-09-05T00:00:00+00:00,,,,Egypt,EG,EGY,,1814313600
270807,Asyut Petroleum,asyut-petroleum,,ASY,Egypt,EG,EGY,2702510,Ali Mahran,Ali Mahran,,ali-mahran,A. Mahran,D,,1995-02-15T00:00:00+00:00,,,Left,Egypt,EG,EGY,,
270807,Asyut Petroleum,asyut-petroleum,,ASY,Egypt,EG,EGY,2702512,Mahmoud Alaa,Mahmoud Alaa,,mahmoud-alaa,M. Alaa,D,5,1997-02-14T00:00:00+00:00,185,,Right,Egypt,EG,EGY,,1877472000
270807,Asyut Petroleum,asyut-petroleum,,ASY,Egypt,EG,EGY,2690529,Amgad Youssef,Amgad Youssef,,amgad-youssef,A. Youssef,G,1,2000-01-12T00:00:00+00:00,184,,Right,Egypt,EG,EGY,,
270807,Asyut Petroleum,asyut-petroleum,,ASY,Egypt,EG,EGY,1418775,Karim Emad,Karim Emad,,karim-emad,K. Emad,G,,1997-04-26T00:00:00+00:00,187,,Right,Egypt,EG,EGY,145000,1845936000
270807,Asyut Petroleum,asyut-petroleum,,ASY,Egypt,EG,EGY,1084185,Abdul Aziz Ahmed,,,abdul-aziz-ahmed,A. A. Ahmed,G,25,1999-12-29T00:00:00+00:00,181,,Left,Egypt,EG,EGY,,
270807,Asyut Petroleum,asyut-petroleum,,ASY,Egypt,EG,EGY,2706696,Sayed El Gendy,Sayed El Gendy,,sayed-el-gendy,S. E. Gendy,,26,,,,,Egypt,EG,EGY,,
134190,Canal SC,alqana,Canal,ALQ,Egypt,EG,EGY,872620,Ramy Najjarine,,,ramy-najjarine,R. Najjarine,F,20,2000-04-23T00:00:00+00:00,176,,Left,Lebanon,LB,LBN,370000,1845936000
134190,Canal SC,alqana,Canal,ALQ,Egypt,EG,EGY,1019825,Rudolf Mensah,,,rudolf-mensah,R. Mensah,F,11,2001-05-20T00:00:00+00:00,173,69,,Ghana,GH,GHA,81000,
134190,Canal SC,alqana,Canal,ALQ,Egypt,EG,EGY,1457059,Mawuli Wayo,Mawuli Wayo,,mawuli-wayo,M. Wayo,F,18,2003-02-15T00:00:00+00:00,176,,Left,Ghana,GH,GHA,97000,
134190,Canal SC,alqana,Canal,ALQ,Egypt,EG,EGY,159659,Mohamed Hamdy Zaki,,,mohamed-hamdy-zaki,M. Hamdy,F,11,1991-12-13T00:00:00+00:00,191,,Right,Egypt,EG,EGY,97000,
134190,Canal SC,alqana,Canal,ALQ,Egypt,EG,EGY,967152,Hossam Greisha,,,hossam-greisha,H. Greisha,F,7,1997-01-01T00:00:00+00:00,175,,Right,Egypt,EG,EGY,105000,
134190,Canal SC,alqana,Canal,ALQ,Egypt,EG,EGY,2684186,Mody Shalata,Mody Shalata,,mody-shalata,M. Shalata,F,10,2001-10-01T00:00:00+00:00,,,,Egypt,EG,EGY,,1845936000
134190,Canal SC,alqana,Canal,ALQ,Egypt,EG,EGY,1983103,Hazem Abou Sena,Hazem Abou Sena,,hazem-abou-sena,H. A. Sena,F,9,2001-01-31T00:00:00+00:00,,,Right,Egypt,EG,EGY,49000,
134190,Canal SC,alqana,Canal,ALQ,Egypt,EG,EGY,1497677,Mostafa Hamada,,,mostafa-hamada,M. Hamada,F,25,2000-10-01T00:00:00+00:00,175,65,Right,Egypt,EG,EGY,70000,
134190,Canal SC,alqana,Canal,ALQ,Egypt,EG,EGY,2690615,Ibrahim El Sayed,Ibrahim El Sayed,,ibrahim-el-sayed,I. E. Sayed,F,,2005-01-01T00:00:00+00:00,,,,,,,,
134190,Canal SC,alqana,Canal,ALQ,Egypt,EG,EGY,2684183,Ibrahim El Sayed,Ibrahim El Sayed,,ibrahim-el-sayed,I. E. Sayed,F,,2005-01-01T00:00:00+00:00,,,,Egypt,EG,EGY,,
134190,Canal SC,alqana,Canal,ALQ,Egypt,EG,EGY,2690621,Osama El Nagar,Osama El Nagar,,osama-el-nagar,O. E. Nagar,F,,2000-01-15T00:00:00+00:00,,,,Egypt,EG,EGY,,
134190,Canal SC,alqana,Canal,ALQ,Egypt,EG,EGY,2729027,Hossam El Azm,Hossam El Azm,,hossam-el-azm,H. E. Azm,F,,1994-05-01T00:00:00+00:00,,,,Egypt,EG,EGY,,
134190,Canal SC,alqana,Canal,ALQ,Egypt,EG,EGY,1470479,Hafiz Ibrahim,Hafiz Ibrahim,,hafiz-ibrahim,H. Ibrahim,M,20,2002-05-10T00:00:00+00:00,,,Right,Ghana,GH,GHA,185000,1845936000
134190,Canal SC,alqana,Canal,ALQ,Egypt,EG,EGY,587514,Mohamed Helal,,,mohamed-helal,M. Helal,M,66,1995-10-08T00:00:00+00:00,178,,Right,Egypt,EG,EGY,485000,1877472000
134190,Canal SC,alqana,Canal,ALQ,Egypt,EG,EGY,1507923,Ahmed Ali,Ahmed Ali,,ahmed-ali,A. Ali,M,27,2000-09-01T00:00:00+00:00,,,Right,Egypt,EG,EGY,110000,1845936000
134190,Canal SC,alqana,Canal,ALQ,Egypt,EG,EGY,918602,Mohamed Sadek,,,mohamed-sadek,M. Sadek,M,33,1997-07-06T00:00:00+00:00,184,,Left,Egypt,EG,EGY,97000,1814313600
134190,Canal SC,alqana,Canal,ALQ,Egypt,EG,EGY,918520,Mohamed Antar,,,mohamed-antar,M. Antar,M,22,1993-01-01T00:00:00+00:00,171,,Right,Egypt,EG,EGY,110000,1845936000
134190,Canal SC,alqana,Canal,ALQ,Egypt,EG,EGY,1387037,Momen Rady,,,momen-rady,M. Rady,M,6,1995-10-17T00:00:00+00:00,,,,Egypt,EG,EGY,54000,1814313600
134190,Canal SC,alqana,Canal,ALQ,Egypt,EG,EGY,1531075,Mohamed El Kott,Mohamed El Kott,,mohamed-el-kott,M. E. Kott,M,14,1999-01-01T00:00:00+00:00,,,Right,Egypt,EG,EGY,53000,1845936000
134190,Canal SC,alqana,Canal,ALQ,Egypt,EG,EGY,1973181,Mahmoud Hersha,Mahmoud,Hersha Behiry,mahmoud-abdel-moteleb,M. Hersha,M,8,1995-09-25T00:00:00+00:00,,,,Egypt,EG,EGY,,
134190,Canal SC,alqana,Canal,ALQ,Egypt,EG,EGY,2684185,Marwan Shahin,Marwan Shahin,,marwan-shahin,M. Shahin,M,,1994-08-20T00:00:00+00:00,,,,Egypt,EG,EGY,,
134190,Canal SC,alqana,Canal,ALQ,Egypt,EG,EGY,2684187,Mohamed Emad,Mohamed Emad,,mohamed-emad,M. Emad,M,,,,,,Egypt,EG,EGY,,
134190,Canal SC,alqana,Canal,ALQ,Egypt,EG,EGY,918645,Mahmoud Rizk,,,mahmoud-rizk,M. Rizk,D,4,1993-11-01T00:00:00+00:00,190,,Right,Egypt,EG,EGY,155000,1845936000
134190,Canal SC,alqana,Canal,ALQ,Egypt,EG,EGY,1996793,Mohab Samy,Mohab Samy,,mohab-samy,M. Samy,D,15,2005-01-01T00:00:00+00:00,180,,Left,Egypt,EG,EGY,110000,1814313600
134190,Canal SC,alqana,Canal,ALQ,Egypt,EG,EGY,918850,Ali El Fil,,,ali-el-fil,A. El Fil,D,3,1990-11-11T00:00:00+00:00,,,Right,Egypt,EG,EGY,95000,
134190,Canal SC,alqana,Canal,ALQ,Egypt,EG,EGY,1504806,Ibrahim Samy,Ibrahim Samy,,ibrahim-samy,I. Samy,D,5,2002-02-17T00:00:00+00:00,,,Right,Egypt,EG,EGY,24000,1877472000
134190,Canal SC,alqana,Canal,ALQ,Egypt,EG,EGY,2216010,Hassan El Shazly,Hassan El Shazly,,hassan-el-shazly,H. E. Shazly,D,98,1995-02-02T00:00:00+00:00,175,,Right,Egypt,EG,EGY,160000,1877472000
134190,Canal SC,alqana,Canal,ALQ,Egypt,EG,EGY,1083720,Ossama Fathy,,,ossama-fathy,O. Fathy,D,30,2000-01-15T00:00:00+00:00,,,Right,Egypt,EG,EGY,52000,
134190,Canal SC,alqana,Canal,ALQ,Egypt,EG,EGY,1174091,Mohamed Hozian,,,mohamed-hozian,M. Hozian,D,13,1999-03-02T00:00:00+00:00,,,Left,Egypt,EG,EGY,46000,
134190,Canal SC,alqana,Canal,ALQ,Egypt,EG,EGY,967014,Mohamed El Shebini,,,mohamed-el-shebini,M. E. Shebini,D,19,1991-04-01T00:00:00+00:00,178,,,Egypt,EG,EGY,96000,1814313600
134190,Canal SC,alqana,Canal,ALQ,Egypt,EG,EGY,2684184,Islam Halima,Islam Halima,,islam-halima,I. Halima,D,21,1999-09-23T00:00:00+00:00,,,,Egypt,EG,EGY,,1814313600
134190,Canal SC,alqana,Canal,ALQ,Egypt,EG,EGY,1424790,Mohamed Diab,,,mohamed-diab,M. Diab,D,24,1994-11-06T00:00:00+00:00,183,,Right,Egypt,EG,EGY,82000,1814313600
134190,Canal SC,alqana,Canal,ALQ,Egypt,EG,EGY,2684188,Momen Mahdy,Momen Mahdy,,momen-mahdy,M. Mahdy,D,2,1999-08-02T00:00:00+00:00,,,,Egypt,EG,EGY,,1845936000
134190,Canal SC,alqana,Canal,ALQ,Egypt,EG,EGY,2684182,Fouad Taha,Fouad Taha,,fouad-taha,F. Taha,D,,1997-09-24T00:00:00+00:00,,,,Egypt,EG,EGY,,
134190,Canal SC,alqana,Canal,ALQ,Egypt,EG,EGY,2695823,Mohamed Hany Treka,Mohamed Hany Treka,,mohamed-hany-treka,M. H. Treka,D,,1999-07-17T00:00:00+00:00,,,,Egypt,EG,EGY,,
134190,Canal SC,alqana,Canal,ALQ,Egypt,EG,EGY,952443,Mohamed Shaaban,,,mohamed-shaaban,M. Shaaban,G,16,1994-10-01T00:00:00+00:00,192,,Right,Egypt,EG,EGY,195000,1877472000
134190,Canal SC,alqana,Canal,ALQ,Egypt,EG,EGY,873555,Mostafa Mahmoud,,,mostafa-mahmoud,M. Mahmoud,G,1,1997-07-07T00:00:00+00:00,,,Right,Egypt,EG,EGY,52000,
134190,Canal SC,alqana,Canal,ALQ,Egypt,EG,EGY,2684181,Ahmed Castelo,Ahmed Castelo,,ahmed-castelo,A. Castelo,G,,2002-02-10T00:00:00+00:00,,,,Egypt,EG,EGY,,
134190,Canal SC,alqana,Canal,ALQ,Egypt,EG,EGY,2690601,Ahmed Mohamed Soliman Castelo,Ahmed Mohamed Soliman Castelo,,ahmed-mohamed-soliman-castelo,A. M. S. Castelo,G,77,2002-02-10T00:00:00+00:00,,,,Egypt,EG,EGY,,
371622,Cleopatra FC,ceramica-cleopatra,Cleopatra FC,CER,Egypt,EG,EGY,1035892,Nejc Gradišar,Nejc,Gradisar,nejc-gradisar,N. Gradišar,F,9,2002-08-06T00:00:00+00:00,187,,Right,Slovenia,SI,SVN,905000,1814313600
371622,Cleopatra FC,ceramica-cleopatra,Cleopatra FC,CER,Egypt,EG,EGY,1386072,Marwan Osman,,,marwan-osman,M. Osman,F,29,2002-07-07T00:00:00+00:00,180,,Right,Egypt,EG,EGY,315000,
371622,Cleopatra FC,ceramica-cleopatra,Cleopatra FC,CER,Egypt,EG,EGY,918738,Mohamed Shika,,,mohamed-shika,M. Shika,F,25,1997-01-01T00:00:00+00:00,186,,Right,Egypt,EG,EGY,290000,
371622,Cleopatra FC,ceramica-cleopatra,Cleopatra FC,CER,Egypt,EG,EGY,1541874,Ayman Moka,Ayman Moka,,ayman-moka,A. Moka,F,19,1996-01-18T00:00:00+00:00,,,Right,Egypt,EG,EGY,215000,1814313600
371622,Cleopatra FC,ceramica-cleopatra,Cleopatra FC,CER,Egypt,EG,EGY,1122309,Khaled Alnabrisi,Khaled Alnabrisi,,khaled-alnabrisi,K. Alnabrisi,F,22,2003-03-27T00:00:00+00:00,180,,Both,Palestine,PS,PSE,97000,1877472000
371622,Cleopatra FC,ceramica-cleopatra,Cleopatra FC,CER,Egypt,EG,EGY,2475861,Ashour Shika,Ashour,Shika,ashour-shika,A. Shika,F,25,2002-11-10T00:00:00+00:00,190,,Left,Egypt,EG,EGY,,1909008000
371622,Cleopatra FC,ceramica-cleopatra,Cleopatra FC,CER,Egypt,EG,EGY,2702783,Samir El Eraki,Samir El Eraki,,samir-el-eraki,S. E. Eraki,F,15,2001-09-27T00:00:00+00:00,,,,Egypt,EG,EGY,,1909008000
371622,Cleopatra FC,ceramica-cleopatra,Cleopatra FC,CER,Egypt,EG,EGY,2411910,Eissa Ali Maher,Eissa Ali,Maher,eissa-ali-maher,E. A. Maher,F,,2005-01-01T00:00:00+00:00,,,Left,Egypt,EG,EGY,,
371622,Cleopatra FC,ceramica-cleopatra,Cleopatra FC,CER,Egypt,EG,EGY,1102389,Amr El-Solia,,,amr-el-solia,A. El-Solia,M,17,1990-04-01T00:00:00+00:00,185,,Right,Egypt,EG,EGY,155000,
371622,Cleopatra FC,ceramica-cleopatra,Cleopatra FC,CER,Egypt,EG,EGY,1424777,Karim Nedved,,,karim-nedved,K. Nedved,M,20,1997-08-08T00:00:00+00:00,183,,Right,Egypt,EG,EGY,195000,1845936000
371622,Cleopatra FC,ceramica-cleopatra,Cleopatra FC,CER,Egypt,EG,EGY,918486,Islam Issa,,,islam-issa,I. Issa,M,7,1996-02-01T00:00:00+00:00,166,,Right,Egypt,EG,EGY,660000,
371622,Cleopatra FC,ceramica-cleopatra,Cleopatra FC,CER,Egypt,EG,EGY,920019,Peter Gwargis,Peter,Gwargis,peter-gwargis,P. Gwargis,M,21,2000-09-04T00:00:00+00:00,181,,Left,Iraq,IQ,IRQ,635000,1877472000
371622,Cleopatra FC,ceramica-cleopatra,Cleopatra FC,CER,Egypt,EG,EGY,849574,Ahmed Belhadji,,,ahmed-belhadji,Belhadji,M,10,1997-11-16T00:00:00+00:00,176,,Both,Morocco,MA,MAR,1300000,1814313600
371622,Cleopatra FC,ceramica-cleopatra,Cleopatra FC,CER,Egypt,EG,EGY,1154911,Sodiq Awujoola,,,sodiq-awujoola,S. Awujoola,M,11,2000-11-10T00:00:00+00:00,176,,Both,Nigeria,NG,NGA,2300000,1814313600
371622,Cleopatra FC,ceramica-cleopatra,Cleopatra FC,CER,Egypt,EG,EGY,1469702,Amr Kalawa,,,amr-kalawa,A. Kalawa,M,28,1997-11-15T00:00:00+00:00,183,,Right,Egypt,EG,EGY,155000,1814313600
371622,Cleopatra FC,ceramica-cleopatra,Cleopatra FC,CER,Egypt,EG,EGY,918773,Mohamed Reda,,,mohamed-reda,M. Reda,M,77,2000-11-10T00:00:00+00:00,178,,Right,Egypt,EG,EGY,720000,1877472000
371622,Cleopatra FC,ceramica-cleopatra,Cleopatra FC,CER,Egypt,EG,EGY,1639329,Mohamed Emad,,,mohamed-emad,M. Emad,M,30,2001-11-01T00:00:00+00:00,,,Right,Egypt,EG,EGY,340000,1877472000
371622,Cleopatra FC,ceramica-cleopatra,Cleopatra FC,CER,Egypt,EG,EGY,1798267,Hema Mohamed,Hema Mohamed,,hema-mohamed,H. Mohamed,M,14,2000-05-20T00:00:00+00:00,,,Right,Egypt,EG,EGY,160000,1845936000
371622,Cleopatra FC,ceramica-cleopatra,Cleopatra FC,CER,Egypt,EG,EGY,2441553,Ezzat Mansour,,,ezzat-mansour,E. Mansour,M,,2006-01-01T00:00:00+00:00,,,,Ecuador,EC,ECU,,
371622,Cleopatra FC,ceramica-cleopatra,Cleopatra FC,CER,Egypt,EG,EGY,873556,Ahmed Ramadan,,,ahmed-ramadan,A. Ramadan,D,4,1997-03-23T00:00:00+00:00,184,,Right,Egypt,EG,EGY,870000,
371622,Cleopatra FC,ceramica-cleopatra,Cleopatra FC,CER,Egypt,EG,EGY,918591,Ragab Nabil,,,ragab-nabil,R. Nabil,D,5,1993-10-18T00:00:00+00:00,180,,Right,Egypt,EG,EGY,325000,1814313600
371622,Cleopatra FC,ceramica-cleopatra,Cleopatra FC,CER,Egypt,EG,EGY,1083289,Mohamed El-Maghrabi,,,mohamed-el-maghrabi,M. El-Maghrabi,D,66,2001-04-28T00:00:00+00:00,182,,Left,Egypt,EG,EGY,78000,1845936000
371622,Cleopatra FC,ceramica-cleopatra,Cleopatra FC,CER,Egypt,EG,EGY,1425276,Arthur Justice,,,arthur-justice,A. Justice,D,24,1998-11-08T00:00:00+00:00,186,,Both,Ghana,GH,GHA,280000,1845936000
371622,Cleopatra FC,ceramica-cleopatra,Cleopatra FC,CER,Egypt,EG,EGY,159655,Hussein Sayed,,,hussein-sayed,H. Sayed,D,27,1991-09-18T00:00:00+00:00,171,,Left,Egypt,EG,EGY,145000,1814313600
371622,Cleopatra FC,ceramica-cleopatra,Cleopatra FC,CER,Egypt,EG,EGY,873542,Ahmed Hany,,,ahmed-hany,A. H. H. I. Moussa,D,2,1997-05-19T00:00:00+00:00,170,,Right,Egypt,EG,EGY,365000,1814313600
371622,Cleopatra FC,ceramica-cleopatra,Cleopatra FC,CER,Egypt,EG,EGY,918823,Fawzi El Henawy,,,fawzi-el-henawy,F. E. Henawy,D,32,1998-09-29T00:00:00+00:00,170,,Left,Egypt,EG,EGY,360000,1877472000
371622,Cleopatra FC,ceramica-cleopatra,Cleopatra FC,CER,Egypt,EG,EGY,1397236,Abdallah Magdy,,,abdallah-magdy,A. Magdy,D,8,1997-02-22T00:00:00+00:00,,,Right,Egypt,EG,EGY,49000,
371622,Cleopatra FC,ceramica-cleopatra,Cleopatra FC,CER,Egypt,EG,EGY,2447715,Fathy Mohamed,Fathy Mohamed,,fathy-mohamed,F. Mohamed,D,70,2005-01-01T00:00:00+00:00,,,Right,Egypt,EG,EGY,52000,
371622,Cleopatra FC,ceramica-cleopatra,Cleopatra FC,CER,Egypt,EG,EGY,1087522,Moaz Mosaad,,,moaz-mosaad,M. Mosaad,D,31,2003-04-25T00:00:00+00:00,,,Left,Egypt,EG,EGY,155000,
371622,Cleopatra FC,ceramica-cleopatra,Cleopatra FC,CER,Egypt,EG,EGY,1980828,Mohamed Alaa,Mohamed Alaa,,mohamed-alaa,M. Alaa,G,23,1999-09-01T00:00:00+00:00,188,,Right,Egypt,EG,EGY,1200000,1909008000
371622,Cleopatra FC,ceramica-cleopatra,Cleopatra FC,CER,Egypt,EG,EGY,244361,Mohamed Bassam,,,mohamed-bassam,M. Bassam,G,18,1990-12-25T00:00:00+00:00,191,,Right,Egypt,EG,EGY,165000,1814313600
371622,Cleopatra FC,ceramica-cleopatra,Cleopatra FC,CER,Egypt,EG,EGY,1163774,Mohamed Tarek,,,mohamed-tarek,M. Tarek,G,13,1999-01-01T00:00:00+00:00,186,,Right,Egypt,EG,EGY,26000,
43565,El Gouna FC,el-gouna-fc,El Gouna,GOU,Egypt,EG,EGY,243915,Marwan Mohsen,,,marwan-mohsen,M. Mohsen,F,9,1989-02-26T00:00:00+00:00,187,81,Right,Egypt,EG,EGY,71000,1814313600
43565,El Gouna FC,el-gouna-fc,El Gouna,GOU,Egypt,EG,EGY,2038393,Ahmed Zaki,Ahmed Zaki,,ahmed-zaki,A. Zaki,F,11,2002-09-15T00:00:00+00:00,,,Right,Egypt,EG,EGY,110000,1814313600
43565,El Gouna FC,el-gouna-fc,El Gouna,GOU,Egypt,EG,EGY,1426406,Salah Zayed,,,salah-zayed,S. Zayed,F,27,2000-12-07T00:00:00+00:00,,,Right,Egypt,EG,EGY,110000,1814313600
43565,El Gouna FC,el-gouna-fc,El Gouna,GOU,Egypt,EG,EGY,918776,Mohamed Hesham,,,mohamed-hesham,M. Hesham,F,,1997-08-01T00:00:00+00:00,180,,Right,Egypt,EG,EGY,54000,1845936000
43565,El Gouna FC,el-gouna-fc,El Gouna,GOU,Egypt,EG,EGY,1499388,Ahmed Gamal,Ahmed Gamal,,ahmed-gamal,A. Gamal,F,70,2002-01-01T00:00:00+00:00,,,Right,Egypt,EG,EGY,135000,1814313600
43565,El Gouna FC,el-gouna-fc,El Gouna,GOU,Egypt,EG,EGY,1800238,Alaa Shaaban,Alaa Shaaban,,alaa-shaaban,A. Shaaban,F,30,2000-01-15T00:00:00+00:00,,,Right,Egypt,EG,EGY,27000,1877472000
43565,El Gouna FC,el-gouna-fc,El Gouna,GOU,Egypt,EG,EGY,1881596,David Simukonda,David Simukonda,,david-simukonda,D. Simukonda,M,33,2005-08-10T00:00:00+00:00,173,61,Right,Zambia,ZM,ZMB,48000,1814313600
43565,El Gouna FC,el-gouna-fc,El Gouna,GOU,Egypt,EG,EGY,918828,Nour El Sayed,,,nour-el-sayed,N. E. Sayed,M,14,1984-01-09T00:00:00+00:00,173,,Right,Egypt,EG,EGY,27000,1814313600
43565,El Gouna FC,el-gouna-fc,El Gouna,GOU,Egypt,EG,EGY,1214656,Ojo Tolulope,Ojo Tolulope,,ojo-tolulope,O. Tolulope,M,29,2003-06-01T00:00:00+00:00,185,,Left,Nigeria,NG,NGA,155000,1814313600
43565,El Gouna FC,el-gouna-fc,El Gouna,GOU,Egypt,EG,EGY,1893224,Egbemba Michael,,,egbemba-michael,E. Michael,M,42,2005-10-19T00:00:00+00:00,,,Right,Cameroon,CM,CMR,,
43565,El Gouna FC,el-gouna-fc,El Gouna,GOU,Egypt,EG,EGY,2221415,Omar El Gazar,Omar El Gazar,,omar-el-gazar,O. E. Gazar,M,13,2004-09-06T00:00:00+00:00,,,Right,Egypt,EG,EGY,145000,1814313600
43565,El Gouna FC,el-gouna-fc,El Gouna,GOU,Egypt,EG,EGY,1970594,Mohamed Reda,Mohamed Reda,,mohamed-reda,M. Reda,M,22,2002-08-18T00:00:00+00:00,182,,Right,Egypt,EG,EGY,72000,
43565,El Gouna FC,el-gouna-fc,El Gouna,GOU,Egypt,EG,EGY,1085146,Belal El Sayed,,,belal-el-sayed,B. E. Sayed,M,19,2000-11-23T00:00:00+00:00,178,,Right,Egypt,EG,EGY,135000,1814313600
43565,El Gouna FC,el-gouna-fc,El Gouna,GOU,Egypt,EG,EGY,2552273,Ziad El Shayat,Ziad El Shayat,,ziad-el-shayat,Z. E. Shayat,M,74,2001-06-21T00:00:00+00:00,178,,Right,Egypt,EG,EGY,23000,1814313600
43565,El Gouna FC,el-gouna-fc,El Gouna,GOU,Egypt,EG,EGY,918857,Ali El Zahdi,,,ali-el-zahdi,A. E. Zahbi,M,24,1996-05-01T00:00:00+00:00,,,Right,Egypt,EG,EGY,155000,
43565,El Gouna FC,el-gouna-fc,El Gouna,GOU,Egypt,EG,EGY,1545283,Mahmoud Hassouna,Mahmoud Hassouna,,mahmoud-hassouna,M. Hassouna,M,12,1994-08-30T00:00:00+00:00,177,,Right,Egypt,EG,EGY,82000,1814313600
43565,El Gouna FC,el-gouna-fc,El Gouna,GOU,Egypt,EG,EGY,1893023,Teukeu Tekoudjou Wilfried,,,teukeu-tekoudjou-wilfried,T. T. Wilfried,M,90,2005-09-05T00:00:00+00:00,,,Right,Cameroon,CM,CMR,,
43565,El Gouna FC,el-gouna-fc,El Gouna,GOU,Egypt,EG,EGY,1536262,Abdullah Al-Shorafa,Abdullah Al-Shorafa,,abdullah-al-shorafa,A. Al-Shorafa,M,,2001-02-02T00:00:00+00:00,179,,Right,Palestine,PS,PSE,,
43565,El Gouna FC,el-gouna-fc,El Gouna,GOU,Egypt,EG,EGY,1501894,Alpha Turay,,,alpha-turay,A. Turay,D,,2005-05-26T00:00:00+00:00,186,,Right,Sierra Leone,SL,SLE,210000,1814313600
43565,El Gouna FC,el-gouna-fc,El Gouna,GOU,Egypt,EG,EGY,1049049,Ahmed Belya,,,ahmed-belya,A. Belya,D,20,1999-03-28T00:00:00+00:00,,,Right,Egypt,EG,EGY,105000,1845936000
43565,El Gouna FC,el-gouna-fc,El Gouna,GOU,Egypt,EG,EGY,1874529,Abdel Gawad Taalab,Abdel,Gawad Taalab,abdel-gawad-taalab,A. G. Taalab,D,2,2002-01-26T00:00:00+00:00,,,Right,Egypt,EG,EGY,230000,1814313600
43565,El Gouna FC,el-gouna-fc,El Gouna,GOU,Egypt,EG,EGY,1900317,Khaled Ahmed,Khaled Ahmed,,khaled-ahmed,K. Ahmed,D,3,2003-08-05T00:00:00+00:00,,,Left,Egypt,EG,EGY,260000,1814313600
43565,El Gouna FC,el-gouna-fc,El Gouna,GOU,Egypt,EG,EGY,1970596,Youssef Afifi,Youssef Afifi,,youssef-afifi,Y. Afifi,D,12,2001-02-22T00:00:00+00:00,,,Left,Egypt,EG,EGY,77000,1814313600
43565,El Gouna FC,el-gouna-fc,El Gouna,GOU,Egypt,EG,EGY,918719,Islam Abou-Salima,,,islam-abou-salima,I. Salima,D,4,1993-06-25T00:00:00+00:00,182,,Right,Egypt,EG,EGY,165000,
43565,El Gouna FC,el-gouna-fc,El Gouna,GOU,Egypt,EG,EGY,1155327,Saber El Shimi,Saber El Shimi,,saber-el-shimi,S. E. Shimi,D,5,1993-01-30T00:00:00+00:00,,,Right,Egypt,EG,EGY,130000,1845936000
43565,El Gouna FC,el-gouna-fc,El Gouna,GOU,Egypt,EG,EGY,2205138,Mostafa Metawea,Mostafa Metawea,,mostafa-metawea,M. Metawea,D,28,2003-10-22T00:00:00+00:00,185,,Left,Egypt,EG,EGY,145000,1814313600
43565,El Gouna FC,el-gouna-fc,El Gouna,GOU,Egypt,EG,EGY,1546015,Ahmed Ghoneim,Ahmed Ghoneim,,ahmed-ghoneim,A. Ghoneim,D,2,1999-01-25T00:00:00+00:00,187,,Right,Egypt,EG,EGY,110000,
43565,El Gouna FC,el-gouna-fc,El Gouna,GOU,Egypt,EG,EGY,2443575,Marwan Essam,,,marwan-essam,M. Essam,D,34,2005-01-01T00:00:00+00:00,,,Right,Egypt,EG,EGY,,
43565,El Gouna FC,el-gouna-fc,El Gouna,GOU,Egypt,EG,EGY,2705279,Ahmed Sherif,Ahmed Sherif,,ahmed-sherif,A. Sherif,D,,2006-09-26T00:00:00+00:00,,,Right,Egypt,EG,EGY,,1814313600
43565,El Gouna FC,el-gouna-fc,El Gouna,GOU,Egypt,EG,EGY,1506740,Eslam Risha,Eslam Risha,,eslam-risha,E. Risha,G,16,1997-09-19T00:00:00+00:00,190,,Right,Egypt,EG,EGY,23000,
43565,El Gouna FC,el-gouna-fc,El Gouna,GOU,Egypt,EG,EGY,918584,Ahmed Masoud,,,ahmed-masoud,A. Masoud,G,1,1991-12-15T00:00:00+00:00,189,,Right,Egypt,EG,EGY,54000,1814313600
43565,El Gouna FC,el-gouna-fc,El Gouna,GOU,Egypt,EG,EGY,1980827,Badreldin Walid,Badreldin Walid,,badreldin-walid,B. Walid,G,,2006-01-01T00:00:00+00:00,,,Right,Egypt,EG,EGY,24000,
43565,El Gouna FC,el-gouna-fc,El Gouna,GOU,Egypt,EG,EGY,2205137,Ziad Askar,Ziad Askar,,ziad-askar,Z. Askar,G,26,2001-09-01T00:00:00+00:00,,,Right,Egypt,EG,EGY,,1877472000
43564,El-Sharkia Enppi FC,enppi, El-Sharkia Enppi,ENP,Egypt,EG,EGY,333439,Mahmoud Kahraba,,,kahraba,Kahraba,F,10,1994-04-13T00:00:00+00:00,182,74,Right,Egypt,EG,EGY,215000,1814313600
43564,El-Sharkia Enppi FC,enppi, El-Sharkia Enppi,ENP,Egypt,EG,EGY,1134770,Mostafa Fawzy,,,mostafa-fawzy,M. Fawzy,F,15,1999-10-05T00:00:00+00:00,188,,Right,Egypt,EG,EGY,94000,1909008000
43564,El-Sharkia Enppi FC,enppi, El-Sharkia Enppi,ENP,Egypt,EG,EGY,1913402,Ali Ehab,Ali Ehab,,ali-ehab,A. Ehab,F,19,2006-01-01T00:00:00+00:00,177,,Right,Egypt,EG,EGY,82000,
43564,El-Sharkia Enppi FC,enppi, El-Sharkia Enppi,ENP,Egypt,EG,EGY,2130916,Omar Osama Hassan,Omar Osama Hassan,,omar-osama-hassan,O. O. Hassan,F,33,2005-01-01T00:00:00+00:00,,,Right,Egypt,EG,EGY,,
43564,El-Sharkia Enppi FC,enppi, El-Sharkia Enppi,ENP,Egypt,EG,EGY,1391655,Mohamed El Nahass,Mohamed,El Nahass,mohamed-el-nahass,M. E. Nahass,F,22,2002-02-21T00:00:00+00:00,,,Right,Egypt,EG,EGY,245000,
43564,El-Sharkia Enppi FC,enppi, El-Sharkia Enppi,ENP,Egypt,EG,EGY,1008169,Hossam Ghanem,,,hossam-ghanem,H. Ghanem,F,18,1999-01-29T00:00:00+00:00,177,,Right,Egypt,EG,EGY,24000,1814313600
43564,El-Sharkia Enppi FC,enppi, El-Sharkia Enppi,ENP,Egypt,EG,EGY,2216048,Arafat Masoud,Arafat Masoud,,arafat-masoud,A. Masoud,F,,2007-07-03T00:00:00+00:00,178,,Left,Tanzania,TZ,TZA,,1845936000
43564,El-Sharkia Enppi FC,enppi, El-Sharkia Enppi,ENP,Egypt,EG,EGY,1216855,Youssef Labib,,,youssef-labib,Y. Labib,F,44,2001-03-21T00:00:00+00:00,,,Right,Egypt,EG,EGY,23000,
43564,El-Sharkia Enppi FC,enppi, El-Sharkia Enppi,ENP,Egypt,EG,EGY,2223871,Ahmed Ismail,Ahmed Ismail,,ahmed-ismail,A. Ismail,F,21,2002-06-27T00:00:00+00:00,,,,Egypt,EG,EGY,185000,1877472000
43564,El-Sharkia Enppi FC,enppi, El-Sharkia Enppi,ENP,Egypt,EG,EGY,2216045,Ousseynou Bodian,Ousseynou Bodian,,ousseynou-bodian,O. Bodian,F,35,2000-01-14T00:00:00+00:00,,,Right,Senegal,SN,SEN,55000,1845936000
43564,El-Sharkia Enppi FC,enppi, El-Sharkia Enppi,ENP,Egypt,EG,EGY,2154578,Hamed Abdallah,Hamed Abdallah,,hamed-abdallah,H. Abdallah,M,28,2005-09-25T00:00:00+00:00,181,,Right,Egypt,EG,EGY,190000,
43564,El-Sharkia Enppi FC,enppi, El-Sharkia Enppi,ENP,Egypt,EG,EGY,918461,Ammar Hamdy,,,ammar-hamdy,A. Hamdy,M,,1999-03-07T00:00:00+00:00,168,168,Right,Egypt,EG,EGY,80000,
43564,El-Sharkia Enppi FC,enppi, El-Sharkia Enppi,ENP,Egypt,EG,EGY,1008108,Ziad Kamal,,,ziad-kamal,Z. Kamal,M,6,2001-06-05T00:00:00+00:00,,,Right,Egypt,EG,EGY,275000,
43564,El-Sharkia Enppi FC,enppi, El-Sharkia Enppi,ENP,Egypt,EG,EGY,333463,Mohamed Sherif,,,mohamed-sherif,M. Sherif,M,11,1999-05-26T00:00:00+00:00,175,72,Left,Egypt,EG,EGY,320000,
43564,El-Sharkia Enppi FC,enppi, El-Sharkia Enppi,ENP,Egypt,EG,EGY,1393700,Ahmed Nader Hawash,Ahmed Nader Hawash,,ahmed-nader-hawash,A. N. Hawash,M,7,2003-03-14T00:00:00+00:00,176,,Left,Egypt,EG,EGY,73000,1814313600
43564,El-Sharkia Enppi FC,enppi, El-Sharkia Enppi,ENP,Egypt,EG,EGY,1170185,Emad Mayhoub,Emad Mayhoub,,emad-mayhoub,E. Mayhoub,M,14,2001-01-12T00:00:00+00:00,175,,Right,Egypt,EG,EGY,80000,
43564,El-Sharkia Enppi FC,enppi, El-Sharkia Enppi,ENP,Egypt,EG,EGY,1191384,Mohamed Essam,Mohamed Essam,,mohamed-essam,M. Essam,M,30,2005-04-01T00:00:00+00:00,,,Right,Egypt,EG,EGY,27000,
43564,El-Sharkia Enppi FC,enppi, El-Sharkia Enppi,ENP,Egypt,EG,EGY,918725,Ahmed El Agouz,,,ahmed-el-agouz,A. E. Agouz,M,22,1993-05-04T00:00:00+00:00,,,Right,Egypt,EG,EGY,205000,
43564,El-Sharkia Enppi FC,enppi, El-Sharkia Enppi,ENP,Egypt,EG,EGY,1871464,Ahmed Ismail Kofta,,,ahmed-abdella,A. Kofta,M,13,1996-06-22T00:00:00+00:00,,,Right,Egypt,EG,EGY,78000,1877472000
43564,El-Sharkia Enppi FC,enppi, El-Sharkia Enppi,ENP,Egypt,EG,EGY,2216044,Sayed Said,Sayed Said,,sayed-said,S. Said,M,25,2001-02-03T00:00:00+00:00,174,,Right,Egypt,EG,EGY,165000,1877472000
43564,El-Sharkia Enppi FC,enppi, El-Sharkia Enppi,ENP,Egypt,EG,EGY,1507934,Mohamed Goldy,Mohamed Goldy,,sayed-goldi,M. Goldy,M,77,2002-09-06T00:00:00+00:00,,,Right,Egypt,EG,EGY,160000,1845936000
43564,El-Sharkia Enppi FC,enppi, El-Sharkia Enppi,ENP,Egypt,EG,EGY,1431624,Suleiman Garba,Suleiman Garba,,suleiman-garba,S. Garba,M,,2003-04-17T00:00:00+00:00,174,,Both,Nigeria,NG,NGA,55000,1877472000
43564,El-Sharkia Enppi FC,enppi, El-Sharkia Enppi,ENP,Egypt,EG,EGY,1457979,Ahmed Shadad,,,ahmed-shadad,A. Shadad,M,20,2002-03-03T00:00:00+00:00,176,,Right,Egypt,EG,EGY,54000,1909008000
43564,El-Sharkia Enppi FC,enppi, El-Sharkia Enppi,ENP,Egypt,EG,EGY,2708713,Razak Labode,Razak Labode,,razak-labode,R. Labode,M,13,2007-12-16T00:00:00+00:00,180,,Right,Nigeria,NG,NGA,,
43564,El-Sharkia Enppi FC,enppi, El-Sharkia Enppi,ENP,Egypt,EG,EGY,2679690,Mohamed Mettwaly,Mohamed Mettwaly,,mohamed-mettwaly,M. Mettwaly,M,,2006-01-01T00:00:00+00:00,,,,Türkiye,TR,TUR,,
43564,El-Sharkia Enppi FC,enppi, El-Sharkia Enppi,ENP,Egypt,EG,EGY,2709571,Mohamed Hamdi,Mohamed Hamdi,,mohamed-hamdi,M. Hamdi,M,,2003-04-04T00:00:00+00:00,,,,Egypt,EG,EGY,,
43564,El-Sharkia Enppi FC,enppi, El-Sharkia Enppi,ENP,Egypt,EG,EGY,1393728,Mohamed Hamdi,Mohamed Hamdi,,mohamed-hamdi,M. Hamdi,D,47,2003-02-26T00:00:00+00:00,172,,Left,Egypt,EG,EGY,330000,1814313600
43564,El-Sharkia Enppi FC,enppi, El-Sharkia Enppi,ENP,Egypt,EG,EGY,1163229,Ahmed Mahmoud,Ahmed,Mahmoud,ahmed-mahmoud,A. Mahmoud,D,31,2003-01-01T00:00:00+00:00,188,,Right,Egypt,EG,EGY,82000,
43564,El-Sharkia Enppi FC,enppi, El-Sharkia Enppi,ENP,Egypt,EG,EGY,1907926,Youssef Abdel Hafiz,Youssef Abdel Hafiz,,youssef-abdel-hafiz,Y. A. Hafiz,D,,2005-01-01T00:00:00+00:00,,,Right,Egypt,EG,EGY,49000,
43564,El-Sharkia Enppi FC,enppi, El-Sharkia Enppi,ENP,Egypt,EG,EGY,1426405,Ahmed Kalosha,,,ahmed-kalosha,A. Kalosha,D,4,1998-12-07T00:00:00+00:00,187,,Right,Egypt,EG,EGY,1400000,1845936000
43564,El-Sharkia Enppi FC,enppi, El-Sharkia Enppi,ENP,Egypt,EG,EGY,1467052,Seif Elkhashab,Seif Hassan,Elkhashab,seif-elkhashab,S. Elkhashab,D,5,1998-07-26T00:00:00+00:00,186,,Left,Egypt,EG,EGY,165000,
43564,El-Sharkia Enppi FC,enppi, El-Sharkia Enppi,ENP,Egypt,EG,EGY,1155371,Marwan Dawoud,,,marwan-dawoud,M. Dawoud,D,3,1997-08-27T00:00:00+00:00,171,,Left,Egypt,EG,EGY,380000,
43564,El-Sharkia Enppi FC,enppi, El-Sharkia Enppi,ENP,Egypt,EG,EGY,1012382,Mohamed Samir,,,mohamed-samir,M. Samir,D,20,2001-01-01T00:00:00+00:00,,,Right,Egypt,EG,EGY,210000,1845936000
43564,El-Sharkia Enppi FC,enppi, El-Sharkia Enppi,ENP,Egypt,EG,EGY,2020196,Mohamed Samir,Mohamed Samir,,mohamed-samir,M. Samir,D,26,2006-02-03T00:00:00+00:00,,,Right,Egypt,EG,EGY,82000,
43564,El-Sharkia Enppi FC,enppi, El-Sharkia Enppi,ENP,Egypt,EG,EGY,2216047,Mohamed Sharkia,Mohamed Sharkia,,mohamed-sharkia,M. Sharkia,D,36,2007-01-01T00:00:00+00:00,,,,Egypt,EG,EGY,155000,1909008000
43564,El-Sharkia Enppi FC,enppi, El-Sharkia Enppi,ENP,Egypt,EG,EGY,935970,Ahmed Sebiha,,,ahmed-sebiha,A. Sebiha,D,5,1999-09-09T00:00:00+00:00,178,,Right,Egypt,EG,EGY,265000,1814313600
43564,El-Sharkia Enppi FC,enppi, El-Sharkia Enppi,ENP,Egypt,EG,EGY,1507930,Hazem Temsah,Hazem Temsah,,hazem-ibrahim,H. Temsah,D,32,2001-01-01T00:00:00+00:00,,,Right,Egypt,EG,EGY,78000,1877472000
43564,El-Sharkia Enppi FC,enppi, El-Sharkia Enppi,ENP,Egypt,EG,EGY,979064,Hesham Adel,,,hesham-adel,H. Adel,D,8,1996-11-07T00:00:00+00:00,,,Right,Egypt,EG,EGY,49000,
43564,El-Sharkia Enppi FC,enppi, El-Sharkia Enppi,ENP,Egypt,EG,EGY,1400478,Mohanad Bakri,,,mohaned-farag,M. Farag,D,24,2002-06-15T00:00:00+00:00,,,Right,Egypt,EG,EGY,,1877472000
43564,El-Sharkia Enppi FC,enppi, El-Sharkia Enppi,ENP,Egypt,EG,EGY,2216046,Mohaned Farag,Mohaned Farag,,mohaned-farag,M. Farag,D,,2002-06-15T00:00:00+00:00,,,,Egypt,EG,EGY,,
43564,El-Sharkia Enppi FC,enppi, El-Sharkia Enppi,ENP,Egypt,EG,EGY,2610369,Mohamed Basir,Mohamed,Basir,mohamed-basir,M. Basir,D,,2002-06-09T00:00:00+00:00,,,,Egypt,EG,EGY,,
43564,El-Sharkia Enppi FC,enppi, El-Sharkia Enppi,ENP,Egypt,EG,EGY,2640050,Mohamed Awsam,Mohamed Awsam,,mohamed-awsam,M. Awsam,D,,2002-11-14T00:00:00+00:00,,,,Egypt,EG,EGY,,
43564,El-Sharkia Enppi FC,enppi, El-Sharkia Enppi,ENP,Egypt,EG,EGY,2709568,Ahmed Ibrahim,Ahmed Ibrahim,,ahmed-ibrahim,A. Ibrahim,D,,1997-12-07T00:00:00+00:00,,,,,,,,
43564,El-Sharkia Enppi FC,enppi, El-Sharkia Enppi,ENP,Egypt,EG,EGY,1172638,Abdelrahman Samir,,,abdelrahman-samir,A. Samir,G,1,2000-05-19T00:00:00+00:00,186,,Right,Egypt,EG,EGY,620000,
43564,El-Sharkia Enppi FC,enppi, El-Sharkia Enppi,ENP,Egypt,EG,EGY,918815,Reda Sayed,,,reda-sayed,R. Sayed,G,16,1992-03-10T00:00:00+00:00,182,,Right,Egypt,EG,EGY,105000,
43564,El-Sharkia Enppi FC,enppi, El-Sharkia Enppi,ENP,Egypt,EG,EGY,1179135,Ramadan Mostafa,Ramadan Mostafa,,ramadan-mostafa,R. Mostafa,G,29,1999-01-01T00:00:00+00:00,,,Right,Egypt,EG,EGY,110000,
43564,El-Sharkia Enppi FC,enppi, El-Sharkia Enppi,ENP,Egypt,EG,EGY,2709569,Body Samir,Body Samir,,body-samir,B. Samir,G,,2000-07-23T00:00:00+00:00,,,,Egypt,EG,EGY,,
43564,El-Sharkia Enppi FC,enppi, El-Sharkia Enppi,ENP,Egypt,EG,EGY,2081958,Essam Mahmoud,,,essam-mahmoud,E. Mahmoud,,12,,,,,Egypt,EG,EGY,,
58319,Ghazl El Mahalla FC,ghazl-el-mahalla,Ghazl El Mahalla,GHA,Egypt,EG,EGY,1639727,Hazem Mohamed,,,hazem-mohamed,H. Mohamed,F,99,2003-03-08T00:00:00+00:00,191,,Right,Egypt,EG,EGY,105000,1814313600
58319,Ghazl El Mahalla FC,ghazl-el-mahalla,Ghazl El Mahalla,GHA,Egypt,EG,EGY,1094434,Abdo Yehia,,,abdo-yehia,A. Yehia,F,63,1999-03-06T00:00:00+00:00,,,Right,Egypt,EG,EGY,190000,1909008000
58319,Ghazl El Mahalla FC,ghazl-el-mahalla,Ghazl El Mahalla,GHA,Egypt,EG,EGY,1982376,Amr Gomaa,Amr Gomaa,,amr-amr-gomaa,A. A. Gomaa,F,30,1999-08-10T00:00:00+00:00,,,Right,Egypt,EG,EGY,73000,1877472000
58319,Ghazl El Mahalla FC,ghazl-el-mahalla,Ghazl El Mahalla,GHA,Egypt,EG,EGY,2023472,Mohamed Salem Ekbad,,,mohamed-salem-ekbad,M. S. Ekbad,F,11,1998-02-19T00:00:00+00:00,177,,,Mauritania,MR,MRT,,1845936000
58319,Ghazl El Mahalla FC,ghazl-el-mahalla,Ghazl El Mahalla,GHA,Egypt,EG,EGY,1497640,Atef Al Hakim,Atef Al Hakim,,atef-al-hakim,A. A. Hakim,F,81,2005-01-01T00:00:00+00:00,,,Right,Egypt,EG,EGY,68000,
58319,Ghazl El Mahalla FC,ghazl-el-mahalla,Ghazl El Mahalla,GHA,Egypt,EG,EGY,2610688,Ahmed Salem El Velany,Ahmed Salem El Velany,,ahmed-salem-el-velany,A. S. E. Velany,F,,1999-07-21T00:00:00+00:00,,,,Mauritania,MR,MRT,,
58319,Ghazl El Mahalla FC,ghazl-el-mahalla,Ghazl El Mahalla,GHA,Egypt,EG,EGY,2189441,Fares Wafi,Fares Wafi,,fares-wafi,F. Wafi,F,,2000-10-13T00:00:00+00:00,,,,Egypt,EG,EGY,,
58319,Ghazl El Mahalla FC,ghazl-el-mahalla,Ghazl El Mahalla,GHA,Egypt,EG,EGY,2683760,Mohammed Swaitti,Mohammed Swaitti,,mohammed-swaitti,M. Swaitti,F,,2001-02-11T00:00:00+00:00,,,,Palestine,PS,PSE,,
58319,Ghazl El Mahalla FC,ghazl-el-mahalla,Ghazl El Mahalla,GHA,Egypt,EG,EGY,2676083,Atef Hassan Amin El Hakim,Atef Hassan Amin El Hakim,,atef-hassan-amin-el-hakim,A. H. A. E. Hakim,F,,2006-02-10T00:00:00+00:00,,,,Egypt,EG,EGY,,
58319,Ghazl El Mahalla FC,ghazl-el-mahalla,Ghazl El Mahalla,GHA,Egypt,EG,EGY,359416,Rached Arfaoui,,,rached-arfaoui,R. Arfaoui,M,9,1996-03-07T00:00:00+00:00,173,,Right,Tunisia,TN,TUN,310000,1814313600
58319,Ghazl El Mahalla FC,ghazl-el-mahalla,Ghazl El Mahalla,GHA,Egypt,EG,EGY,2217670,Kibou Saïdi,Kibou Saïdi,,kibou-saidi,K. Saïdi,M,41,2005-01-01T00:00:00+00:00,,,Right,DR Congo,CD,COD,140000,1845936000
58319,Ghazl El Mahalla FC,ghazl-el-mahalla,Ghazl El Mahalla,GHA,Egypt,EG,EGY,1983106,Mory Touré,Mory Touré,,mory-toure,M. Touré,M,20,2003-01-06T00:00:00+00:00,182,,Right,Côte d'Ivoire,CI,CIV,290000,1814313600
58319,Ghazl El Mahalla FC,ghazl-el-mahalla,Ghazl El Mahalla,GHA,Egypt,EG,EGY,1049030,Abdel Rahman Shika,,,abdel-rahman-shika,A. R. Shika,M,17,1999-09-01T00:00:00+00:00,178,,Left,Egypt,EG,EGY,410000,1877472000
58319,Ghazl El Mahalla FC,ghazl-el-mahalla,Ghazl El Mahalla,GHA,Egypt,EG,EGY,2217612,Moaz Abdel Salam,Moaz Abdel Salam,,moaz-abdel-salam,M. A. Salam,M,8,2006-01-23T00:00:00+00:00,,,Right,Egypt,EG,EGY,245000,1909008000
58319,Ghazl El Mahalla FC,ghazl-el-mahalla,Ghazl El Mahalla,GHA,Egypt,EG,EGY,1545338,Ahmed Etman,Ahmed,Etman,ahmed-osman,A. Etman,M,22,2003-02-15T00:00:00+00:00,,,Left,Egypt,EG,EGY,73000,1845936000
58319,Ghazl El Mahalla FC,ghazl-el-mahalla,Ghazl El Mahalla,GHA,Egypt,EG,EGY,2038627,Mahmoud Magdy,Mahmoud Magdy,,mahmoud-magdy,M. Magdy,M,37,2006-02-06T00:00:00+00:00,,,Right,Egypt,EG,EGY,145000,1909008000
58319,Ghazl El Mahalla FC,ghazl-el-mahalla,Ghazl El Mahalla,GHA,Egypt,EG,EGY,1545410,Mohamed Ashraf,Mohamed Ashraf,,mohamed-ashraf,M. Ashraf,M,7,1998-05-22T00:00:00+00:00,176,,Both,Egypt,EG,EGY,82000,1814313600
58319,Ghazl El Mahalla FC,ghazl-el-mahalla,Ghazl El Mahalla,GHA,Egypt,EG,EGY,1011270,Abdel Rahman Emad,,,abdel-rahman-emad,A. Emad,M,14,1999-04-10T00:00:00+00:00,,,Right,Egypt,EG,EGY,145000,1877472000
58319,Ghazl El Mahalla FC,ghazl-el-mahalla,Ghazl El Mahalla,GHA,Egypt,EG,EGY,1048457,Youssef Hassan,,,youssef-hassan,Y. Hassan,M,6,1998-09-08T00:00:00+00:00,,,Right,Egypt,EG,EGY,24000,1845936000
58319,Ghazl El Mahalla FC,ghazl-el-mahalla,Ghazl El Mahalla,GHA,Egypt,EG,EGY,2419265,Ahmed Yasser,,,ahmed-yasser,A. Yasser,M,44,2007-01-01T00:00:00+00:00,,,Right,Egypt,EG,EGY,96000,
58319,Ghazl El Mahalla FC,ghazl-el-mahalla,Ghazl El Mahalla,GHA,Egypt,EG,EGY,1470552,Youssef El Azab,Youssef El Azab,,youssef-el-azab,Y. E. Azab,M,32,2003-07-08T00:00:00+00:00,,,Right,Egypt,EG,EGY,77000,1845936000
58319,Ghazl El Mahalla FC,ghazl-el-mahalla,Ghazl El Mahalla,GHA,Egypt,EG,EGY,918770,Bassam Walid,,,bassam-walid,B. Walid,M,10,1998-01-06T00:00:00+00:00,,,Right,Egypt,EG,EGY,105000,
58319,Ghazl El Mahalla FC,ghazl-el-mahalla,Ghazl El Mahalla,GHA,Egypt,EG,EGY,2200931,Mohamed Armoosha,Mohamed Armoosha,,mohamed-armoosha,M. Armoosha,M,19,2000-06-20T00:00:00+00:00,183,,Both,Egypt,EG,EGY,52000,1877472000
58319,Ghazl El Mahalla FC,ghazl-el-mahalla,Ghazl El Mahalla,GHA,Egypt,EG,EGY,1390074,Yehia Zakaria,,,yehia-zakaria,Y. Zakaria,D,12,2001-12-20T00:00:00+00:00,,,Left,Egypt,EG,EGY,320000,1877472000
58319,Ghazl El Mahalla FC,ghazl-el-mahalla,Ghazl El Mahalla,GHA,Egypt,EG,EGY,1084410,Abdel Rahman Rashdan,,,abdel-rahman-rashdan,A. R. Rashdan,D,66,2003-06-01T00:00:00+00:00,189,,Right,Egypt,EG,EGY,160000,1877472000
58319,Ghazl El Mahalla FC,ghazl-el-mahalla,Ghazl El Mahalla,GHA,Egypt,EG,EGY,1114479,Fares Nechat Djabri,Fares Nechat Djabri,,fares-nechat-djabri,F. N. Djabri,D,23,2001-05-24T00:00:00+00:00,173,,Right,Algeria,DZ,DZA,280000,1877472000
58319,Ghazl El Mahalla FC,ghazl-el-mahalla,Ghazl El Mahalla,GHA,Egypt,EG,EGY,1117419,Ahmed El Aash,,,ahmed-el-aash,A. E. Aash,D,3,1998-01-01T00:00:00+00:00,182,,Right,Egypt,EG,EGY,485000,1845936000
58319,Ghazl El Mahalla FC,ghazl-el-mahalla,Ghazl El Mahalla,GHA,Egypt,EG,EGY,966969,Ahmed Shousha,,,ahmed-shousha,A. Shousha,D,4,1993-10-01T00:00:00+00:00,,,Right,Egypt,EG,EGY,215000,1845936000
58319,Ghazl El Mahalla FC,ghazl-el-mahalla,Ghazl El Mahalla,GHA,Egypt,EG,EGY,918499,Ahmed Gamal,,,ahmed-gamal,A. Gamal,D,15,1994-01-03T00:00:00+00:00,,,Both,Egypt,EG,EGY,52000,1814313600
58319,Ghazl El Mahalla FC,ghazl-el-mahalla,Ghazl El Mahalla,GHA,Egypt,EG,EGY,2589891,Adel Alaa,Adel ,Alaa,adel-alaa,A. Alaa,D,,2009-01-01T00:00:00+00:00,,,Right,Egypt,EG,EGY,,1877472000
58319,Ghazl El Mahalla FC,ghazl-el-mahalla,Ghazl El Mahalla,GHA,Egypt,EG,EGY,2216082,Mostafa Medhat Oufa,Mostafa Medhat Oufa,,mostafa-medhat-oufa,M. M. Oufa,D,13,2004-09-19T00:00:00+00:00,,,Left,Egypt,EG,EGY,54000,1877472000
58319,Ghazl El Mahalla FC,ghazl-el-mahalla,Ghazl El Mahalla,GHA,Egypt,EG,EGY,1545479,Abdel Fattah Sheta,Abdel Fattah Sheta,,abdel-fattah-sheta,A. F. Sheta,D,5,2002-07-07T00:00:00+00:00,,,Right,Egypt,EG,EGY,140000,1877472000
58319,Ghazl El Mahalla FC,ghazl-el-mahalla,Ghazl El Mahalla,GHA,Egypt,EG,EGY,918637,Amer Mohamed,,,amer-mohamed,A. Mohamed,G,16,1987-02-14T00:00:00+00:00,183,,Right,Egypt,EG,EGY,115000,1814313600
58319,Ghazl El Mahalla FC,ghazl-el-mahalla,Ghazl El Mahalla,GHA,Egypt,EG,EGY,918586,Mohamed Koko,,,mohamed-koko,M. Koko,G,25,1991-04-11T00:00:00+00:00,184,,Right,Egypt,EG,EGY,53000,1845936000
58319,Ghazl El Mahalla FC,ghazl-el-mahalla,Ghazl El Mahalla,GHA,Egypt,EG,EGY,1386887,Ahmed Ali,,,ahmed-ali,A. Ali,G,1,1998-02-11T00:00:00+00:00,185,,Right,Egypt,EG,EGY,55000,1845936000
265830,Modern Sport FC,modern-future-fc,Modern Sport,FUT,Egypt,EG,EGY,1007532,Adem Redjem,,,adem-redjem,A. Redjem,F,,1997-01-01T00:00:00+00:00,176,,Right,Algeria,DZ,DZA,95000,1845936000
265830,Modern Sport FC,modern-future-fc,Modern Sport,FUT,Egypt,EG,EGY,1981648,Mohammed Mossad,Mohammed Mossad,,mohammed-mossad,M. Mossad,F,19,2001-09-14T00:00:00+00:00,,,,Egypt,EG,EGY,140000,1877472000
265830,Modern Sport FC,modern-future-fc,Modern Sport,FUT,Egypt,EG,EGY,1544543,Michael Ephson,Michael,Ephson,michael-ephson,M. Ephson,F,29,2004-05-03T00:00:00+00:00,180,,Right,Ghana,GH,GHA,70000,
265830,Modern Sport FC,modern-future-fc,Modern Sport,FUT,Egypt,EG,EGY,1424776,Mahmoud Mamdouh,,,mahmoud-mamdouh,M. Mamdouh,F,9,2002-02-11T00:00:00+00:00,182,,Right,Egypt,EG,EGY,110000,1877472000
265830,Modern Sport FC,modern-future-fc,Modern Sport,FUT,Egypt,EG,EGY,1002359,Arnold Eba,,,arnold-eba,A. Eba,F,38,2003-06-07T00:00:00+00:00,177,,,Cameroon,CM,CMR,94000,1814313600
265830,Modern Sport FC,modern-future-fc,Modern Sport,FUT,Egypt,EG,EGY,2012748,Kamel Kaboria,,,kamel-kaboria,K. Kaboria,F,98,1998-03-15T00:00:00+00:00,172,,Left,Egypt,EG,EGY,,
265830,Modern Sport FC,modern-future-fc,Modern Sport,FUT,Egypt,EG,EGY,1387029,Walid Mostafa,,,walid-mostafa,W. Mostafa,F,11,1999-12-22T00:00:00+00:00,175,,Left,Egypt,EG,EGY,165000,
265830,Modern Sport FC,modern-future-fc,Modern Sport,FUT,Egypt,EG,EGY,2338037,Selim Soliman,Selim Soliman,,selim-soliman,S. Soliman,F,,2005-01-01T00:00:00+00:00,,,,Egypt,EG,EGY,24000,
265830,Modern Sport FC,modern-future-fc,Modern Sport,FUT,Egypt,EG,EGY,2683764,Tito,Tito,,tito,Tito,F,90,2004-05-25T00:00:00+00:00,180,,Left,Egypt,EG,EGY,,1909008000
265830,Modern Sport FC,modern-future-fc,Modern Sport,FUT,Egypt,EG,EGY,2688004,Ismail Ayodele,Ismail Ayodele,,ismail-ayodele,I. Ayodele,F,,2003-12-15T00:00:00+00:00,,,,Nigeria,NG,NGA,,
265830,Modern Sport FC,modern-future-fc,Modern Sport,FUT,Egypt,EG,EGY,2683742,Youssef Ali,Youssef Ali,,youssef-ali,Y. Ali,F,37,1999-03-27T00:00:00+00:00,,,,Egypt,EG,EGY,,
265830,Modern Sport FC,modern-future-fc,Modern Sport,FUT,Egypt,EG,EGY,2683763,Seif Oufa,Seif Oufa,,seif-oufa,S. Oufa,F,,2003-11-21T00:00:00+00:00,,,Right,Egypt,EG,EGY,,1909008000
265830,Modern Sport FC,modern-future-fc,Modern Sport,FUT,Egypt,EG,EGY,2683749,El Zahi Abdelnabi,El Zahi Abdelnabi,,el-zahi-abdelnabi,E. Z. Abdelnabi,F,,2005-02-09T00:00:00+00:00,,,,Egypt,EG,EGY,,
265830,Modern Sport FC,modern-future-fc,Modern Sport,FUT,Egypt,EG,EGY,967020,Ghanam Mohamed,,,ghanam-mohamed,G. Mohamed,M,27,1997-03-12T00:00:00+00:00,,,Right,Egypt,EG,EGY,675000,1845936000
265830,Modern Sport FC,modern-future-fc,Modern Sport,FUT,Egypt,EG,EGY,1114433,Ali Zaazaa,,,ali-zaazaa,A. Zaazaa,M,22,2001-06-23T00:00:00+00:00,174,78,Right,Egypt,EG,EGY,135000,1814313600
265830,Modern Sport FC,modern-future-fc,Modern Sport,FUT,Egypt,EG,EGY,873558,Ahmed Mostafa,,,ahmed-mostafa,A. Mostafa,M,14,1997-10-21T00:00:00+00:00,173,,Right,Egypt,EG,EGY,77000,
265830,Modern Sport FC,modern-future-fc,Modern Sport,FUT,Egypt,EG,EGY,918907,Ahmed Youssef,,,ahmed-youssef,A. Youssef,M,12,1999-05-02T00:00:00+00:00,186,,Right,Egypt,EG,EGY,225000,1845936000
265830,Modern Sport FC,modern-future-fc,Modern Sport,FUT,Egypt,EG,EGY,1981647,Mohamed Sabry,Mohamed Sabry,,mohamed-sabry,M. Sabry,M,8,2000-02-19T00:00:00+00:00,,,Right,Egypt,EG,EGY,110000,1845936000
265830,Modern Sport FC,modern-future-fc,Modern Sport,FUT,Egypt,EG,EGY,1117697,El Limby,El Limby,,el-limby,E. Limby,M,88,1999-01-01T00:00:00+00:00,175,,Right,Egypt,EG,EGY,24000,
265830,Modern Sport FC,modern-future-fc,Modern Sport,FUT,Egypt,EG,EGY,2548939,Mohamed Bashiri,Mohamed Bashiri,,mohamed-bashiri,M. Bashiri,M,97,2006-01-01T00:00:00+00:00,,,,,,,,
265830,Modern Sport FC,modern-future-fc,Modern Sport,FUT,Egypt,EG,EGY,2590138,Omar Amin,Omar Amin,,omar-amin,O. Amin,M,,2008-01-01T00:00:00+00:00,,,,Egypt,EG,EGY,,
265830,Modern Sport FC,modern-future-fc,Modern Sport,FUT,Egypt,EG,EGY,2597110,Omar Amin,Omar Amin,,omar-amin,O. Amin,M,,2006-01-01T00:00:00+00:00,,,,Egypt,EG,EGY,,
265830,Modern Sport FC,modern-future-fc,Modern Sport,FUT,Egypt,EG,EGY,918892,Ali Fawzi,,,ali-fawzi,A. Fawzi,D,77,1992-03-17T00:00:00+00:00,176,,Right,Egypt,EG,EGY,360000,1814313600
265830,Modern Sport FC,modern-future-fc,Modern Sport,FUT,Egypt,EG,EGY,2018138,Ahmed Mazhoud,Ahmed Mazhoud,,ahmed-mazhoud,A. Mazhoud,D,30,1997-05-31T00:00:00+00:00,,,Left,Tunisia,TN,TUN,105000,1845936000
265830,Modern Sport FC,modern-future-fc,Modern Sport,FUT,Egypt,EG,EGY,1836911,Hamdi Marcelo,Marcelo,,marcelo,H. Marcelo,D,33,2003-01-09T00:00:00+00:00,190,,Left,Egypt,EG,EGY,160000,1845936000
265830,Modern Sport FC,modern-future-fc,Modern Sport,FUT,Egypt,EG,EGY,1396094,Mohamed Ahmed Sharqieh,,,mohamed-ahmed-sharqieh,M. A. Sharqieh,D,3,2003-01-01T00:00:00+00:00,181,,Right,Egypt,EG,EGY,,
265830,Modern Sport FC,modern-future-fc,Modern Sport,FUT,Egypt,EG,EGY,936351,Karim Yehia,,,karim-yehia,K. Yehia,D,2,1998-05-21T00:00:00+00:00,183,,Right,Egypt,EG,EGY,185000,1845936000
265830,Modern Sport FC,modern-future-fc,Modern Sport,FUT,Egypt,EG,EGY,2123021,Adham Nabil,,,adham-nabil,A. Nabil,D,,2005-03-21T00:00:00+00:00,,,Left,Egypt,EG,EGY,,
265830,Modern Sport FC,modern-future-fc,Modern Sport,FUT,Egypt,EG,EGY,918456,Khaled Reda,,,khaled-reda,K. Reda,D,4,1991-07-01T00:00:00+00:00,181,,Right,Egypt,EG,EGY,23000,1814313600
265830,Modern Sport FC,modern-future-fc,Modern Sport,FUT,Egypt,EG,EGY,1981657,Tarek Mohamed,Tarek Mohamed,,tarek-mohamed,T. Mohamed,D,5,2000-06-01T00:00:00+00:00,,,Right,Egypt,EG,EGY,77000,1877472000
265830,Modern Sport FC,modern-future-fc,Modern Sport,FUT,Egypt,EG,EGY,2189498,Mohamed Yousri,Mohamed Yousri,,mohamed-yousri,M. Yousri,D,37,2004-06-26T00:00:00+00:00,,,Right,Egypt,EG,EGY,,1877472000
265830,Modern Sport FC,modern-future-fc,Modern Sport,FUT,Egypt,EG,EGY,2683757,Mahmoud El Halawani,Mahmoud El Halawani,,mahmoud-el-halawani,M. E. Halawani,D,20,1997-08-31T00:00:00+00:00,195,,Left,Egypt,EG,EGY,,1877472000
265830,Modern Sport FC,modern-future-fc,Modern Sport,FUT,Egypt,EG,EGY,2683761,Mostafa Gamal,Mostafa Gamal,,mostafa-gamal,M. Gamal,D,,2001-01-01T00:00:00+00:00,,,,Egypt,EG,EGY,,1877472000
265830,Modern Sport FC,modern-future-fc,Modern Sport,FUT,Egypt,EG,EGY,1470551,Mostafa Makhlouf,Mostafa Makhlouf,,mostafa-makhlouf,M. Makhlouf,G,99,2003-01-01T00:00:00+00:00,190,,Right,Egypt,EG,EGY,155000,
265830,Modern Sport FC,modern-future-fc,Modern Sport,FUT,Egypt,EG,EGY,918524,Mahmoud El Zanfaly,,,mahmoud-el-zanfaly,M. E. Zanfly,G,18,1992-04-28T00:00:00+00:00,190,,Right,Egypt,EG,EGY,120000,1845936000
265830,Modern Sport FC,modern-future-fc,Modern Sport,FUT,Egypt,EG,EGY,2683762,Sayed Sobhy,Sayed Sobhy,,sayed-sobhy,S. Sobhy,G,,2001-01-09T00:00:00+00:00,,,Right,Egypt,EG,EGY,,1909008000
266626,National Bank of Egypt,national-bank-of-egypt,National Bank,NBE,Egypt,EG,EGY,1048067,Osama Faisal,,,osama-faisal,O. Faisal,F,9,2001-01-01T00:00:00+00:00,180,,Right,Egypt,EG,EGY,775000,1909008000
266626,National Bank of Egypt,national-bank-of-egypt,National Bank,NBE,Egypt,EG,EGY,918500,Ahmed Yasser Rayan,,,ahmed-yasser-rayan,A. Y. Rayan,F,29,1998-01-24T00:00:00+00:00,185,,Right,Egypt,EG,EGY,730000,1814313600
266626,National Bank of Egypt,national-bank-of-egypt,National Bank,NBE,Egypt,EG,EGY,899903,Yaw Annor,Yaw,Annor,yaw-annor,Y. Annor,F,30,1997-12-03T00:00:00+00:00,179,,Right,Togo,TG,TGO,485000,
266626,National Bank of Egypt,national-bank-of-egypt,National Bank,NBE,Egypt,EG,EGY,1831802,Karim Hamed,Karim Hamed,,karim-hamed,K. Hamed,F,18,2005-09-17T00:00:00+00:00,178,,Right,Egypt,EG,EGY,48000,1877472000
266626,National Bank of Egypt,national-bank-of-egypt,National Bank,NBE,Egypt,EG,EGY,1190336,Ahmed Amin Oufa,,,ahmed-amin-oufa,A. A. Oufa,F,23,1996-10-06T00:00:00+00:00,187,,Right,Egypt,EG,EGY,245000,1845936000
266626,National Bank of Egypt,national-bank-of-egypt,National Bank,NBE,Egypt,EG,EGY,2683759,Mohamed Reda,Mohamed Reda,,mohamed-reda,M. Reda,F,70,2006-01-01T00:00:00+00:00,174,,Right,Egypt,EG,EGY,,1877472000
266626,National Bank of Egypt,national-bank-of-egypt,National Bank,NBE,Egypt,EG,EGY,1093721,Mostafa Shalaby,,,mostafa-shalaby,M. Shalaby,M,11,1994-09-01T00:00:00+00:00,186,,Right,Egypt,EG,EGY,340000,1814313600
266626,National Bank of Egypt,national-bank-of-egypt,National Bank,NBE,Egypt,EG,EGY,964866,Anderson Ceará,,,anderson-ceara,A. Ceará,M,22,1999-05-21T00:00:00+00:00,176,,Left,Brazil,BR,BRA,810000,1877472000
266626,National Bank of Egypt,national-bank-of-egypt,National Bank,NBE,Egypt,EG,EGY,1201543,Sayed Abdallah,,,sayed-abdallah,S. Abdallah,M,10,2000-01-12T00:00:00+00:00,180,,Right,Egypt,EG,EGY,140000,1845936000
266626,National Bank of Egypt,national-bank-of-egypt,National Bank,NBE,Egypt,EG,EGY,1094531,Rashad Metwaly,Rashad Metwaly,,rashad-metwaly,R. Metwaly,M,8,2001-01-24T00:00:00+00:00,,,Both,Egypt,EG,EGY,440000,1877472000
266626,National Bank of Egypt,national-bank-of-egypt,National Bank,NBE,Egypt,EG,EGY,1655384,Salah Abd Etouab Bouchama,,,salah-abd-etouab-bouchama,S. A. E. Bouchama,M,19,2001-10-22T00:00:00+00:00,170,,Both,Algeria,DZ,DZA,185000,1877472000
266626,National Bank of Egypt,national-bank-of-egypt,National Bank,NBE,Egypt,EG,EGY,1169229,Ali Hamdy,,,ali-hamdy,A. Hamdy,M,14,1999-04-19T00:00:00+00:00,186,,Right,Egypt,EG,EGY,620000,1877472000
266626,National Bank of Egypt,national-bank-of-egypt,National Bank,NBE,Egypt,EG,EGY,1155325,Mody Naser,Mody Naser,,mody-naser,M. Naser,M,17,2001-09-07T00:00:00+00:00,170,,Right,Egypt,EG,EGY,320000,1877472000
266626,National Bank of Egypt,national-bank-of-egypt,National Bank,NBE,Egypt,EG,EGY,1983104,Mohamed Ashraf,Mohamed Ashraf,,mohamed-ashraf,M. Ashraf,M,25,2000-12-20T00:00:00+00:00,,,Right,Egypt,EG,EGY,240000,1877472000
266626,National Bank of Egypt,national-bank-of-egypt,National Bank,NBE,Egypt,EG,EGY,888900,Ahmed Madbouli,,,ahmed-madbouli,A. Madbouli,M,21,1994-11-20T00:00:00+00:00,168,,Right,Egypt,EG,EGY,205000,1814313600
266626,National Bank of Egypt,national-bank-of-egypt,National Bank,NBE,Egypt,EG,EGY,2441688,Adel Saif,,,adel-saif,A. Saif,M,,2005-01-01T00:00:00+00:00,,,,Egypt,EG,EGY,,
266626,National Bank of Egypt,national-bank-of-egypt,National Bank,NBE,Egypt,EG,EGY,2701966,Boluwatife Adesanya,Boluwatife Adesanya,,boluwatife-adesanya,B. Adesanya,M,,2007-07-17T00:00:00+00:00,170,,Left,Nigeria,NG,NGA,,1877472000
266626,National Bank of Egypt,national-bank-of-egypt,National Bank,NBE,Egypt,EG,EGY,2169588,Mohamed Gamal,Mohamed Gamal,,mohamed-gamal,M. Gamal,M,,1999-12-01T00:00:00+00:00,,,Right,Egypt,EG,EGY,,1877472000
266626,National Bank of Egypt,national-bank-of-egypt,National Bank,NBE,Egypt,EG,EGY,2008836,Dao Cyrille,,,daw-serial,D. Cyrille,D,33,2005-11-10T00:00:00+00:00,179,,Right,Burkina Faso,BF,BFA,210000,1845936000
266626,National Bank of Egypt,national-bank-of-egypt,National Bank,NBE,Egypt,EG,EGY,1048453,Hatem Mohamed,,,hatem-mohamed,H. Mohamed,D,,2001-10-26T00:00:00+00:00,174,,Left,Egypt,EG,EGY,46000,1877472000
266626,National Bank of Egypt,national-bank-of-egypt,National Bank,NBE,Egypt,EG,EGY,934538,Mahmoud El-Gazzar,,,mahmoud-el-gazzar,M. El-Gazzar,D,6,1998-02-11T00:00:00+00:00,,,Right,Egypt,EG,EGY,775000,1845936000
266626,National Bank of Egypt,national-bank-of-egypt,National Bank,NBE,Egypt,EG,EGY,1065550,Mohamed Nasr,,,mohamed-nasr,M. Nasr,D,2,1999-03-06T00:00:00+00:00,185,,Right,Egypt,EG,EGY,245000,1877472000
266626,National Bank of Egypt,national-bank-of-egypt,National Bank,NBE,Egypt,EG,EGY,1103659,Hisham Salah,Hisham,Saleh,hisham-salah,H. Salah,D,7,1997-06-10T00:00:00+00:00,184,,Right,Egypt,EG,EGY,140000,1845936000
266626,National Bank of Egypt,national-bank-of-egypt,National Bank,NBE,Egypt,EG,EGY,1914171,Alpha Boubacar Keita,,,alfa-boubakr-keita,A. B. Keita,D,23,2003-10-16T00:00:00+00:00,,,Left,Guinea,GN,GIN,105000,1845936000
266626,National Bank of Egypt,national-bank-of-egypt,National Bank,NBE,Egypt,EG,EGY,934782,Mostafa Dowidar,,,mostafa-dowidar,M. Dowidar,D,24,1999-02-07T00:00:00+00:00,170,,Right,Egypt,EG,EGY,360000,1845936000
266626,National Bank of Egypt,national-bank-of-egypt,National Bank,NBE,Egypt,EG,EGY,1095831,Ahmed Meteb,,,ahmed-meteb,A. Meteb,D,12,1996-10-01T00:00:00+00:00,170,,Left,Egypt,EG,EGY,535000,1845936000
266626,National Bank of Egypt,national-bank-of-egypt,National Bank,NBE,Egypt,EG,EGY,1093997,Amir Medhat,,,amir-medhat,A. Medhat,D,20,1991-07-07T00:00:00+00:00,,,Right,Egypt,EG,EGY,52000,
266626,National Bank of Egypt,national-bank-of-egypt,National Bank,NBE,Egypt,EG,EGY,1982520,Khaled Shefo,Khaled Shefo,,khaled-shefo,K. Shefo,D,13,2001-01-01T00:00:00+00:00,,,Right,Egypt,EG,EGY,47000,1845936000
266626,National Bank of Egypt,national-bank-of-egypt,National Bank,NBE,Egypt,EG,EGY,918886,Abdel Aziz El Balouti,,,abdel-aziz-el-balouti,A. E. Balouti,G,27,1995-12-14T00:00:00+00:00,187,,Right,Egypt,EG,EGY,155000,1814313600
266626,National Bank of Egypt,national-bank-of-egypt,National Bank,NBE,Egypt,EG,EGY,1156347,Ahmed Tarek Soliman,,,ahmed-tarek-soliman,A. T. Soliman,G,31,2000-04-08T00:00:00+00:00,192,84,Right,Egypt,EG,EGY,24000,1877472000
266626,National Bank of Egypt,national-bank-of-egypt,National Bank,NBE,Egypt,EG,EGY,1106047,Ahmed Sobhi,,,ahmed-sobhi,A. Sobhi,G,1,1994-09-26T00:00:00+00:00,187,,Right,Egypt,EG,EGY,95000,
266626,National Bank of Egypt,national-bank-of-egypt,National Bank,NBE,Egypt,EG,EGY,2611020,Youssef Salah,Youssef Salah,,youssef-salah,Y. Salah,,35,,,,,,,,,
175002,Pyramids FC,pyramids-fc,Pyramids,PYR,Egypt,EG,EGY,1177807,Ahmed Nadhir Benbouali,Ahmed Nadhir Benbouali,,ahmed-nadhir-benbouali,A. N. Benbouali,F,13,2000-04-17T00:00:00+00:00,190,,Left,Algeria,DZ,DZA,1300000,1909008000
175002,Pyramids FC,pyramids-fc,Pyramids,PYR,Egypt,EG,EGY,1937497,Odeh Fakhoury,Odeh Al Fakhouri,,odeh-al-fakhouri,O. A. Fakhouri,F,25,2005-11-20T00:00:00+00:00,180,,Right,Jordan,JO,JOR,315000,1877472000
175002,Pyramids FC,pyramids-fc,Pyramids,PYR,Egypt,EG,EGY,78930,Dodo El Gabas,,,dodo-el-gabas,D. E. Gabas,F,26,1988-01-01T00:00:00+00:00,178,70,Right,Egypt,EG,EGY,24000,1814313600
175002,Pyramids FC,pyramids-fc,Pyramids,PYR,Egypt,EG,EGY,2589869,Ziad Saoudi,Ziad ,Saoudi,ziad-saoudi,Z. Saoudi,F,,2009-01-01T00:00:00+00:00,,,Right,Egypt,EG,EGY,,
175002,Pyramids FC,pyramids-fc,Pyramids,PYR,Egypt,EG,EGY,2123025,Hassan Tarek,,,hassan-tarek,H. Tarek,F,,2005-01-01T00:00:00+00:00,178,,Right,Egypt,EG,EGY,,
175002,Pyramids FC,pyramids-fc,Pyramids,PYR,Egypt,EG,EGY,2419466,Youssef Misho,,,youssef-misho,Y. Misho,F,,2005-01-01T00:00:00+00:00,,,,Egypt,EG,EGY,,
175002,Pyramids FC,pyramids-fc,Pyramids,PYR,Egypt,EG,EGY,2081386,Ali Hamouda,,,ali-hamouda,A. Hamouda,F,,2005-01-01T00:00:00+00:00,,,Right,Egypt,EG,EGY,,
175002,Pyramids FC,pyramids-fc,Pyramids,PYR,Egypt,EG,EGY,2702164,Ziad Saudi,Ziad Saudi,,ziad-saudi,Z. Saudi,F,,2008-05-25T00:00:00+00:00,,,,Egypt,EG,EGY,,
175002,Pyramids FC,pyramids-fc,Pyramids,PYR,Egypt,EG,EGY,2702163,Mesho,Mesho,,mesho,Mesho,F,,2005-01-01T00:00:00+00:00,,,,Egypt,EG,EGY,,
175002,Pyramids FC,pyramids-fc,Pyramids,PYR,Egypt,EG,EGY,1418782,Mostafa Ziko,Mostafa Ziko,,mostafa-ziko,M. Ziko,M,30,1997-04-27T00:00:00+00:00,182,,Right,Egypt,EG,EGY,2000000,1877472000
175002,Pyramids FC,pyramids-fc,Pyramids,PYR,Egypt,EG,EGY,1000226,Ahmed  Abdelkader,,,ahmed-abdelkader,A. Abdelkader,M,11,1999-05-23T00:00:00+00:00,180,,Right,Egypt,EG,EGY,410000,1909008000
175002,Pyramids FC,pyramids-fc,Pyramids,PYR,Egypt,EG,EGY,1101624,Mahmoud Saber,,,mahmoud-saber,M. Saber,M,8,2001-07-30T00:00:00+00:00,184,,Right,Egypt,EG,EGY,1500000,1877472000
175002,Pyramids FC,pyramids-fc,Pyramids,PYR,Egypt,EG,EGY,848867,Ewerton,,,ewerton,Ewerton,M,32,1996-12-28T00:00:00+00:00,175,,Right,Brazil,BR,BRA,1900000,1877472000
175002,Pyramids FC,pyramids-fc,Pyramids,PYR,Egypt,EG,EGY,873548,Nasser Maher,,,nasser-maher,N. Maher,M,22,1997-02-08T00:00:00+00:00,172,,Right,Egypt,EG,EGY,1600000,1909008000
175002,Pyramids FC,pyramids-fc,Pyramids,PYR,Egypt,EG,EGY,918506,Mohanad Lasheen,,,mohanad-lasheen,M. Lasheen,M,14,1996-05-29T00:00:00+00:00,186,,Right,Egypt,EG,EGY,3200000,1814313600
175002,Pyramids FC,pyramids-fc,Pyramids,PYR,Egypt,EG,EGY,1067989,Hamed Hemdan,,,hamed-hemdan,H. Hemdan,M,5,2000-03-01T00:00:00+00:00,178,,Left,Palestine,PS,PSE,1300000,1877472000
175002,Pyramids FC,pyramids-fc,Pyramids,PYR,Egypt,EG,EGY,841943,Mostafa Fathy,,,mostafa-fathy,M. Fathi,M,11,1994-05-12T00:00:00+00:00,169,,Left,Egypt,EG,EGY,720000,1814313600
175002,Pyramids FC,pyramids-fc,Pyramids,PYR,Egypt,EG,EGY,804375,Walid El Karti,,,walid-el-karti,W. El Karti,M,18,1994-07-23T00:00:00+00:00,184,,Right,Morocco,MA,MAR,820000,1845936000
175002,Pyramids FC,pyramids-fc,Pyramids,PYR,Egypt,EG,EGY,1173879,Ahmed Atef,,,ahmed-atef,A. Atef,M,23,2002-12-19T00:00:00+00:00,165,,Right,Egypt,EG,EGY,2100000,
175002,Pyramids FC,pyramids-fc,Pyramids,PYR,Egypt,EG,EGY,889363,Youssef Obama,,,youssef-obama,Y. Obama,M,7,1995-05-26T00:00:00+00:00,178,74,Right,Egypt,EG,EGY,240000,1814313600
175002,Pyramids FC,pyramids-fc,Pyramids,PYR,Egypt,EG,EGY,1425274,Mahmoud Zalaka,,,mahmoud-zalaka,M. Zalaka,M,17,1999-09-12T00:00:00+00:00,184,,Right,Egypt,EG,EGY,1600000,1845936000
175002,Pyramids FC,pyramids-fc,Pyramids,PYR,Egypt,EG,EGY,918634,Abdel Rahman Magdi,,,abdel-rahman-magdi,A. R. Magdi,M,20,1997-09-13T00:00:00+00:00,184,,Left,Egypt,EG,EGY,320000,1845936000
175002,Pyramids FC,pyramids-fc,Pyramids,PYR,Egypt,EG,EGY,841934,Ahmed Tawfik,,,ahmed-tawfik,A. Tawfik,M,12,1991-10-01T00:00:00+00:00,175,,Right,Egypt,EG,EGY,73000,1814313600
175002,Pyramids FC,pyramids-fc,Pyramids,PYR,Egypt,EG,EGY,1424742,Ahmed Fawzi,,,ahmed-fawzi,A. Fawzi,M,35,2002-05-23T00:00:00+00:00,182,,Right,Egypt,EG,EGY,245000,
175002,Pyramids FC,pyramids-fc,Pyramids,PYR,Egypt,EG,EGY,919642,Mohamed Chibi,,,chibi-mohamed,M. Chibi,D,15,1993-01-21T00:00:00+00:00,179,,Right,Morocco,MA,MAR,1000000,1845936000
175002,Pyramids FC,pyramids-fc,Pyramids,PYR,Egypt,EG,EGY,577736,Karim Hafez,,,karim-hafez,K. Hafez,D,29,1996-03-12T00:00:00+00:00,175,74,Left,Egypt,EG,EGY,635000,1814313600
175002,Pyramids FC,pyramids-fc,Pyramids,PYR,Egypt,EG,EGY,918723,Mohamed Hamdi,,,mohamed-hamdi,M. Hamdi,D,21,1995-03-15T00:00:00+00:00,174,,Left,Egypt,EG,EGY,1100000,1814313600
175002,Pyramids FC,pyramids-fc,Pyramids,PYR,Egypt,EG,EGY,918592,Ahmed Samy,,,ahmed-samy,A. Samy,D,4,1992-03-31T00:00:00+00:00,184,,Right,Egypt,EG,EGY,370000,1814313600
175002,Pyramids FC,pyramids-fc,Pyramids,PYR,Egypt,EG,EGY,1393705,Eiad El Askalany,Eiad El Askalany,,eiad-el-askalany,E. E. Askalany,D,34,2004-12-24T00:00:00+00:00,180,,Left,Egypt,EG,EGY,280000,1814313600
175002,Pyramids FC,pyramids-fc,Pyramids,PYR,Egypt,EG,EGY,873544,Osama Galal,,,osama-galal,O. Galal,D,6,1997-09-17T00:00:00+00:00,184,,Right,Egypt,EG,EGY,380000,
175002,Pyramids FC,pyramids-fc,Pyramids,PYR,Egypt,EG,EGY,873546,Mahmoud Marei,,,mahmoud-marei,M. Marei,D,3,1998-04-24T00:00:00+00:00,185,,Right,Egypt,EG,EGY,1500000,1814313600
175002,Pyramids FC,pyramids-fc,Pyramids,PYR,Egypt,EG,EGY,1134341,Khaled Awad,,,khaled-awad,K. Awad,D,24,2003-06-10T00:00:00+00:00,,,Right,Egypt,EG,EGY,560000,1940544000
175002,Pyramids FC,pyramids-fc,Pyramids,PYR,Egypt,EG,EGY,841931,Ahmed El-Shenawy,,,el-shenawy-ahmed,A. El-Shenawy,G,1,1991-05-14T00:00:00+00:00,188,,Right,Egypt,EG,EGY,340000,1877472000
175002,Pyramids FC,pyramids-fc,Pyramids,PYR,Egypt,EG,EGY,2123018,Ziyad Haithem,,,ziyad-haithem,Z. Haithem,G,16,2006-01-01T00:00:00+00:00,,,Right,Egypt,EG,EGY,52000,
175002,Pyramids FC,pyramids-fc,Pyramids,PYR,Egypt,EG,EGY,966973,Mahmoud Gad,,,mahmoud-gad,M. Gad,G,28,1998-10-11T00:00:00+00:00,191,,Right,Egypt,EG,EGY,475000,1909008000
175002,Pyramids FC,pyramids-fc,Pyramids,PYR,Egypt,EG,EGY,1907920,Hazem Gamal,Hazem Gamal,,hazem-gamal,H. Gamal,G,,2005-01-09T00:00:00+00:00,189,,Right,Egypt,EG,EGY,,1940544000
175002,Pyramids FC,pyramids-fc,Pyramids,PYR,Egypt,EG,EGY,2428148,Hamza Abdel Mohamed Ali,Hamza Abdel Mohamed Ali,,hamza-abdel-mohamed-ali,H. A. M. Ali,,36,,,,,,,,,
43563,Smouha,smouha,Smouha,SMO,Egypt,EG,EGY,1533733,Pape Badji,Pape Badji,,pape-badji,P. Badji,F,20,1999-06-07T00:00:00+00:00,183,,Right,Senegal,SN,SEN,325000,1845936000
43563,Smouha,smouha,Smouha,SMO,Egypt,EG,EGY,1475196,Gabriel Chukwudi,,,gabriel-chukwudi,G. Chukwudi,F,29,2003-06-10T00:00:00+00:00,175,,Right,Nigeria,NG,NGA,310000,1845936000
43563,Smouha,smouha,Smouha,SMO,Egypt,EG,EGY,967136,Fady Farid,,,fady-farid,F. Farid,F,23,1997-08-12T00:00:00+00:00,186,,Right,Egypt,EG,EGY,260000,1845936000
43563,Smouha,smouha,Smouha,SMO,Egypt,EG,EGY,2200955,Mohamed Farouk,Mohamed Farouk,,mohamed-farouk,M. Farouk,F,11,1998-11-25T00:00:00+00:00,,,Right,Egypt,EG,EGY,145000,1877472000
43563,Smouha,smouha,Smouha,SMO,Egypt,EG,EGY,1169214,Mohamed Saeed,,,mohamed-saeed,M. Saeed,F,14,2002-09-06T00:00:00+00:00,,,Right,Egypt,EG,EGY,72000,
43563,Smouha,smouha,Smouha,SMO,Egypt,EG,EGY,2494414,Emmanuel Nweke,Emmanuel Nweke,,emmanuel-nweke,E. Nweke,F,45,2007-01-01T00:00:00+00:00,,,Right,Nigeria,NG,NGA,,
43563,Smouha,smouha,Smouha,SMO,Egypt,EG,EGY,1912640,Hady Amer,Hady Amer,,hady-amer,H. Amer,F,,2005-01-01T00:00:00+00:00,,,,Egypt,EG,EGY,,
43563,Smouha,smouha,Smouha,SMO,Egypt,EG,EGY,2703523,Ahmed Saleh,Ahmed Saleh,,ahmed-saleh,A. Saleh,F,,2004-12-10T00:00:00+00:00,,,,Egypt,EG,EGY,37000,1877472000
43563,Smouha,smouha,Smouha,SMO,Egypt,EG,EGY,1471551,Samadou Attidjikou,,,samadou-attidjikou,S. Attidjikou,M,15,2004-02-02T00:00:00+00:00,190,,Right,Benin,BJ,BEN,340000,1814313600
43563,Smouha,smouha,Smouha,SMO,Egypt,EG,EGY,1173769,Marwan Hamdi,,,marwan-hamdi,M. Hamdi,M,9,2001-10-01T00:00:00+00:00,186,,Left,Egypt,EG,EGY,140000,1845936000
43563,Smouha,smouha,Smouha,SMO,Egypt,EG,EGY,967008,Amr El Sisi,,,amr-el-sisi,A. E. Sisi,M,7,1994-05-18T00:00:00+00:00,174,,Right,Egypt,EG,EGY,145000,1845936000
43563,Smouha,smouha,Smouha,SMO,Egypt,EG,EGY,918911,Samir Fekri,,,samir-fekri,S. Fekri,M,8,1995-05-01T00:00:00+00:00,172,,Right,Egypt,EG,EGY,290000,1845936000
43563,Smouha,smouha,Smouha,SMO,Egypt,EG,EGY,967019,Mohamed Adel,,,mohamed-adel,M. Adel,M,19,1995-09-29T00:00:00+00:00,179,,Right,Egypt,EG,EGY,365000,1814313600
43563,Smouha,smouha,Smouha,SMO,Egypt,EG,EGY,918831,Khaled El Ghandour,,,khaled-el-ghandour,K. E. Ghandour,M,10,1991-05-15T00:00:00+00:00,166,,Right,Egypt,EG,EGY,210000,1814313600
43563,Smouha,smouha,Smouha,SMO,Egypt,EG,EGY,1095270,Ahmed El Nadry,,,ahmed-el-nadry,A. E. Nadry,M,17,1999-06-05T00:00:00+00:00,177,,Right,Egypt,EG,EGY,165000,1845936000
43563,Smouha,smouha,Smouha,SMO,Italy,IT,ITA,2014374,Mohamed Kone,Mohamed Kone,,mohamed-kone,M. Kone,M,66,2006-01-01T00:00:00+00:00,,,,Côte d'Ivoire,CI,CIV,46000,
43563,Smouha,smouha,Smouha,SMO,Egypt,EG,EGY,1133047,Mohamed Abdelsamia,,,mohamed-abdelsamia,M. Abdelsamia,M,22,2000-03-10T00:00:00+00:00,171,,Left,Egypt,EG,EGY,94000,1877472000
43563,Smouha,smouha,Smouha,SMO,Egypt,EG,EGY,1094435,Hesham Balaha,,,hesham-balaha,H. Balaha,M,27,1996-06-21T00:00:00+00:00,170,,Right,Egypt,EG,EGY,71000,
43563,Smouha,smouha,Smouha,SMO,Egypt,EG,EGY,1480543,Ahmed Ali Amin,,,ahmed-ali-amin,A. A. Amin,M,99,2004-01-01T00:00:00+00:00,,,Right,Egypt,EG,EGY,24000,
43563,Smouha,smouha,Smouha,SMO,Egypt,EG,EGY,2703522,Ahmad Ehab,Ahmad Ehab,,ahmad-ehab,A. Ehab,M,,2005-12-06T00:00:00+00:00,,,Right,Egypt,EG,EGY,,
43563,Smouha,smouha,Smouha,SMO,Egypt,EG,EGY,1160516,Clement Niyigena,,,clement-niyigena,C. Niyigena,D,,2001-02-17T00:00:00+00:00,,,,Rwanda,RW,RWA,,
43563,Smouha,smouha,Smouha,SMO,Egypt,EG,EGY,1048456,Abdelghani Mohamed,,,abdelghani-mohamed,A. Mohamed,D,21,2002-02-02T00:00:00+00:00,185,,Left,Egypt,EG,EGY,165000,1877472000
43563,Smouha,smouha,Smouha,SMO,Egypt,EG,EGY,1048658,Ali Gamal,,,ali-gamal,A. Gamal,D,30,1999-01-26T00:00:00+00:00,187,,Right,Egypt,EG,EGY,375000,1845936000
43563,Smouha,smouha,Smouha,SMO,Egypt,EG,EGY,1136093,Hesham Hafez,,,hesham-hafez,H. Hafez,D,2,2001-05-14T00:00:00+00:00,165,,Right,Egypt,EG,EGY,180000,1814313600
43563,Smouha,smouha,Smouha,SMO,Egypt,EG,EGY,966961,Mohamed Desouki,,,mohamed-desouki,M. Desouki,D,3,1997-12-18T00:00:00+00:00,183,,Left,Egypt,EG,EGY,195000,1845936000
43563,Smouha,smouha,Smouha,SMO,Egypt,EG,EGY,918908,Abdel Rahman Amer,,,abdel-rahman-amer,A. Amer,D,6,1992-05-01T00:00:00+00:00,181,,Left,Egypt,EG,EGY,120000,
43563,Smouha,smouha,Smouha,SMO,Egypt,EG,EGY,934781,Mohamed Ragab,,,mohamed-ragab,M. Ragab,D,24,1999-04-13T00:00:00+00:00,,,Right,Egypt,EG,EGY,320000,1845936000
43563,Smouha,smouha,Smouha,SMO,Egypt,EG,EGY,943786,Ahmed Abdelrasoul,,,ahmed-abdelrasoul,A. Abdulrasol,D,4,1995-12-14T00:00:00+00:00,180,,Right,Egypt,EG,EGY,210000,1845936000
43563,Smouha,smouha,Smouha,SMO,Egypt,EG,EGY,2178221,Abdallah Farouk,Abdallah Farouk,,abdallah-farouk,A. Farouk,D,,,,,,Egypt,EG,EGY,,
43563,Smouha,smouha,Smouha,SMO,Egypt,EG,EGY,2178222,Abdallah Imam,Abdallah Imam,,abdallah-imam,A. Imam,D,,,,,,Egypt,EG,EGY,,
43563,Smouha,smouha,Smouha,SMO,Egypt,EG,EGY,2703525,Omar Mohsen,Omar Mohsen,,omar-mohsen,O. Mohsen,D,,2005-12-14T00:00:00+00:00,,,,Egypt,EG,EGY,,1909008000
43563,Smouha,smouha,Smouha,SMO,Egypt,EG,EGY,1094001,Ahmed Mayhoub,,,ahmed-mayhoub,A. Mayhoub,G,28,1996-04-03T00:00:00+00:00,191,,Right,Egypt,EG,EGY,540000,1845936000
43563,Smouha,smouha,Smouha,SMO,Egypt,EG,EGY,1010884,Hussein Taimor,,,hussein-taimor,H. Taimor,G,1,2000-01-16T00:00:00+00:00,191,,Right,Egypt,EG,EGY,27000,
43563,Smouha,smouha,Smouha,SMO,Egypt,EG,EGY,2703524,Mohamed Haidar,Mohamed Haidar,,mohamed-haidar,M. Haidar,G,,2004-08-05T00:00:00+00:00,,,Right,Egypt,EG,EGY,,1909008000
43563,Smouha,smouha,Smouha,SMO,Egypt,EG,EGY,2040885,Mohamed Abdelnaby,Mohamed Abdelnaby,,mohamed-abdelnaby,M. Abdelnaby,,28,,,,,,,,,
43563,Smouha,smouha,Smouha,SMO,Egypt,EG,EGY,2574772,Hazem Saeed,Hazem Saeed,,hazem-saeed,H. Saeed,,38,,,,,,,,,
43567,Suez Petrojet FC,petrojet,Suez Petrojet,PET,Egypt,EG,EGY,1945824,Samir Mohamed,Samir Mohamed,,samir-mohamed,S. Mohamed,F,32,2003-09-04T00:00:00+00:00,187,,Right,Egypt,EG,EGY,73000,1877472000
43567,Suez Petrojet FC,petrojet,Suez Petrojet,PET,Egypt,EG,EGY,1801096,Freddy Kouablan,Freddy,Kouablan,freddy-kouablan,F. Kouablan,F,13,1998-07-18T00:00:00+00:00,190,,Right,Côte d'Ivoire,CI,CIV,90000,1814313600
43567,Suez Petrojet FC,petrojet,Suez Petrojet,PET,Egypt,EG,EGY,1131661,Godwin Okwara,,,godwin-okwara,G. Okwara,F,30,1997-09-01T00:00:00+00:00,190,,Right,Nigeria,NG,NGA,205000,1814313600
43567,Suez Petrojet FC,petrojet,Suez Petrojet,PET,Egypt,EG,EGY,2077441,Hossam Adel,,,hossam-adel,H. Adel,F,,2006-01-01T00:00:00+00:00,,,Right,Egypt,EG,EGY,,
43567,Suez Petrojet FC,petrojet,Suez Petrojet,PET,Egypt,EG,EGY,976090,Kgaogelo Sekgota,,,kgaogelo-sekgota,K. Sekgota,F,27,1997-06-22T00:00:00+00:00,170,,Left,South Africa,ZA,ZAF,77000,1845936000
43567,Suez Petrojet FC,petrojet,Suez Petrojet,PET,Egypt,EG,EGY,1982287,Omar Reda,Omar Reda,,omar-reda,O. Reda,F,30,2003-04-24T00:00:00+00:00,179,,Left,Egypt,EG,EGY,46000,1814313600
43567,Suez Petrojet FC,petrojet,Suez Petrojet,PET,Egypt,EG,EGY,2265884,Adel Ali,Adel Ali,,adel-ali,A. Ali,F,38,2005-01-01T00:00:00+00:00,178,,Right,Egypt,EG,EGY,52000,
43567,Suez Petrojet FC,petrojet,Suez Petrojet,PET,Egypt,EG,EGY,2265885,Ahmed Helmy,Ahmed Helmy,,ahmed-helmy,A. Helmy,F,36,2005-01-01T00:00:00+00:00,,,Right,Egypt,EG,EGY,46000,
43567,Suez Petrojet FC,petrojet,Suez Petrojet,PET,Egypt,EG,EGY,2703454,Omar Diyaa,Omar Diyaa,,omar-diyaa,O. Diyaa,F,22,2001-08-08T00:00:00+00:00,,,,Egypt,EG,EGY,,
43567,Suez Petrojet FC,petrojet,Suez Petrojet,PET,Egypt,EG,EGY,942095,Mostafa El-Badry,,,mostafa-el-badry,M. El-Badry,M,19,1997-07-02T00:00:00+00:00,185,,Right,Egypt,EG,EGY,195000,1845936000
43567,Suez Petrojet FC,petrojet,Suez Petrojet,PET,Egypt,EG,EGY,1116340,Badr Mousa,,,badr-moussa,B. Mousa,M,9,1999-04-11T00:00:00+00:00,176,,Right,Palestine,PS,PSE,265000,1814313600
43567,Suez Petrojet FC,petrojet,Suez Petrojet,PET,Egypt,EG,EGY,1446133,Adham Hamed,,,adham-hamed,A. Hamed,M,17,2000-06-20T00:00:00+00:00,185,,Right,Egypt,EG,EGY,570000,1814313600
43567,Suez Petrojet FC,petrojet,Suez Petrojet,PET,Egypt,EG,EGY,1544695,Amadou Bah,Amadou Bah,,amadou-bah,A. Bah,M,2,2003-10-02T00:00:00+00:00,160,,Right,Guinea,GN,GIN,140000,
43567,Suez Petrojet FC,petrojet,Suez Petrojet,PET,Egypt,EG,EGY,1983652,Mohamed Ibrahim Dodo,Mohamed,Ibrahim Dodo,mohamed-ibrahim-dodo,M. I. Dodo,M,11,2003-01-01T00:00:00+00:00,,,Left,Egypt,EG,EGY,140000,1814313600
43567,Suez Petrojet FC,petrojet,Suez Petrojet,PET,Egypt,EG,EGY,1880505,Abdulhadi Rashid,Abdulhadi Rashid,,abdulhadi-rashid,A. Rashid,M,,2005-06-06T00:00:00+00:00,179,,Left,Palestine,PS,PSE,27000,
43567,Suez Petrojet FC,petrojet,Suez Petrojet,PET,Egypt,EG,EGY,918659,Mostafa El Gamal,,,mostafa-el-gamal,M. E. Gamal,M,14,1997-03-31T00:00:00+00:00,175,,Right,Egypt,EG,EGY,270000,1814313600
43567,Suez Petrojet FC,petrojet,Suez Petrojet,PET,Egypt,EG,EGY,1546071,Mohamed Okasha,Mohamed Okasha,,mohamed-okasha,M. Okasha,M,8,1998-02-02T00:00:00+00:00,178,,Right,Egypt,EG,EGY,205000,
43567,Suez Petrojet FC,petrojet,Suez Petrojet,PET,Egypt,EG,EGY,1649510,Abdelrahman Ramadan,,,abdelrahman-ramadan,A. Ramadan,M,12,2000-06-18T00:00:00+00:00,,,,Egypt,EG,EGY,49000,1909008000
43567,Suez Petrojet FC,petrojet,Suez Petrojet,PET,Egypt,EG,EGY,2703450,Abdel Hadi Rashed,Abdel Hadi Rashed,,abdel-hadi-rashed,A. H. Rashed,M,,2005-06-06T00:00:00+00:00,179,,Left,Palestine,PS,PSE,,
43567,Suez Petrojet FC,petrojet,Suez Petrojet,PET,Egypt,EG,EGY,2683806,Kamed Ramadan,Kamed Ramadan,,kamed-ramadan,K. Ramadan,M,,1997-03-23T00:00:00+00:00,,,,Egypt,EG,EGY,,
43567,Suez Petrojet FC,petrojet,Suez Petrojet,PET,Egypt,EG,EGY,999361,Ahmed Yassin,,,ahmed-yassin,A. Yasin,D,29,1997-08-07T00:00:00+00:00,180,,Right,Egypt,EG,EGY,110000,1814313600
43567,Suez Petrojet FC,petrojet,Suez Petrojet,PET,Egypt,EG,EGY,1180809,Abubakar Liday,,,abubakar-liday,A. Liday,D,21,2002-11-22T00:00:00+00:00,,,Right,Nigeria,NG,NGA,240000,1845936000
43567,Suez Petrojet FC,petrojet,Suez Petrojet,PET,Egypt,EG,EGY,1470549,Islam Abdallah,Islam Abdallah,,islam-abdallah,I. Abdallah,D,3,2003-04-18T00:00:00+00:00,,,Left,Egypt,EG,EGY,97000,1814313600
43567,Suez Petrojet FC,petrojet,Suez Petrojet,PET,Egypt,EG,EGY,918693,Karim El Deeb,,,karim-el-deeb,K. E. Deeb,D,7,1990-06-10T00:00:00+00:00,184,,Left,Egypt,EG,EGY,320000,
43567,Suez Petrojet FC,petrojet,Suez Petrojet,PET,Egypt,EG,EGY,918625,Ahmed Bahbah,,,ahmed-bahbah,A. Bahbah,D,15,1993-05-12T00:00:00+00:00,,,Right,Egypt,EG,EGY,135000,
43567,Suez Petrojet FC,petrojet,Suez Petrojet,PET,Egypt,EG,EGY,1418768,Barakat Haggag,Barakat Haggag,,barakat-haggag,B. Haggag,D,25,1997-10-01T00:00:00+00:00,,,Right,Egypt,EG,EGY,260000,
43567,Suez Petrojet FC,petrojet,Suez Petrojet,PET,Egypt,EG,EGY,918582,Mahmoud Shedid Kenawi,,,mahmoud-shedid-kenawi,M. S. Kenawi,D,4,1991-04-01T00:00:00+00:00,,,Right,Egypt,EG,EGY,92000,1814313600
43567,Suez Petrojet FC,petrojet,Suez Petrojet,PET,Egypt,EG,EGY,2706697,Youssef Abdel-Tawab,Youssef Abdel-Tawab,,youssef-abdel-tawab,Y. Abdel-Tawab,D,40,2007-01-01T00:00:00+00:00,,,Left,Egypt,EG,EGY,,1877472000
43567,Suez Petrojet FC,petrojet,Suez Petrojet,PET,Egypt,EG,EGY,846264,Omar Salah,,,omar-salah,O. Salah,G,1,1998-01-10T00:00:00+00:00,187,,Right,Egypt,EG,EGY,550000,1814313600
43567,Suez Petrojet FC,petrojet,Suez Petrojet,PET,Egypt,EG,EGY,1393729,Mohamed Khalifa,Mohamed Khalifa,,mohamed-khalifa,M. Khalifa,G,77,2003-03-31T00:00:00+00:00,185,,Right,Egypt,EG,EGY,77000,1814313600
43567,Suez Petrojet FC,petrojet,Suez Petrojet,PET,Egypt,EG,EGY,1013794,Abdel Kafi Ragab,,,abdel-kafi-ragab,A. K. Ragab,G,16,1995-05-01T00:00:00+00:00,186,,Right,Egypt,EG,EGY,73000,1814313600
43567,Suez Petrojet FC,petrojet,Suez Petrojet,PET,Egypt,EG,EGY,2214935,Hamza Khaled,Hamza Khaled,,hamza-khaled,H. Khaled,G,,2005-01-01T00:00:00+00:00,,,Right,Egypt,EG,EGY,24000,1845936000
43567,Suez Petrojet FC,petrojet,Suez Petrojet,PET,Egypt,EG,EGY,2725462,Ahmed El Beblawy,Ahmed El Beblawy,,ahmed-el-beblawy,A. E. Beblawy,,32,,,,,,,,,
43561,Tala'ea El-Gaish,talaea-el-gaish,El-Gaish,GAI,Egypt,EG,EGY,1099571,Ismail Ouro-Agoro,Ismail Ouro-Agoro,,ismail-ouro-agoro,I. Ouro-Agoro,F,28,1996-02-20T00:00:00+00:00,182,,Left,Togo,TG,TGO,265000,1814313600
43561,Tala'ea El-Gaish,talaea-el-gaish,El-Gaish,GAI,Egypt,EG,EGY,1910644,Ayman Amir,Ayman Amir,,ayman-amir,A. Amir,F,,2006-01-01T00:00:00+00:00,,,Right,Egypt,EG,EGY,,1877472000
43561,Tala'ea El-Gaish,talaea-el-gaish,El-Gaish,GAI,Egypt,EG,EGY,2021390,Arnaud Komlavi,Arnaud,Komlavi,arnaud-komlavi,A. Komlavi,F,13,2001-02-10T00:00:00+00:00,173,,Right,Togo,TG,TGO,,
43561,Tala'ea El-Gaish,talaea-el-gaish,El-Gaish,GAI,Egypt,EG,EGY,1135886,Fares Hatem,,,fares-hatem,F. Hatem,F,9,2003-01-01T00:00:00+00:00,,,Right,Egypt,EG,EGY,97000,
43561,Tala'ea El-Gaish,talaea-el-gaish,El-Gaish,GAI,Egypt,EG,EGY,2610236,Ali El Gharhy,Ali El Gharhy,,ali-el-gharhy,A. E. Gharhy,F,,2006-01-01T00:00:00+00:00,,,,Egypt,EG,EGY,,
43561,Tala'ea El-Gaish,talaea-el-gaish,El-Gaish,GAI,Egypt,EG,EGY,1656749,Mohamed Atef,Mohamed Atef,,mohamed-atef,M. Atef,M,30,2002-08-23T00:00:00+00:00,178,,Left,Egypt,EG,EGY,155000,1814313600
43561,Tala'ea El-Gaish,talaea-el-gaish,El-Gaish,GAI,Egypt,EG,EGY,1401278,Houssem Eddine Souissi,,,houssem-eddine-souissi,H. E. Souissi,M,5,1997-10-20T00:00:00+00:00,182,,Right,Tunisia,TN,TUN,430000,1845936000
43561,Tala'ea El-Gaish,talaea-el-gaish,El-Gaish,GAI,Egypt,EG,EGY,891698,Islam Mohareb,,,islam-mohareb,I. Mohareb,M,12,1992-01-01T00:00:00+00:00,173,,Left,Egypt,EG,EGY,110000,
43561,Tala'ea El-Gaish,talaea-el-gaish,El-Gaish,GAI,Egypt,EG,EGY,1982381,Khaled Abo Ziada,Khaled Abo Ziada,,khaled-abo-ziada,K. A. Ziada,M,21,1999-01-01T00:00:00+00:00,185,,Left,Egypt,EG,EGY,94000,1814313600
43561,Tala'ea El-Gaish,talaea-el-gaish,El-Gaish,GAI,Egypt,EG,EGY,2130913,Ahmed Wahid,Ahmed Wahid,,ahmed-wahid,A. Wahid,M,14,2005-01-01T00:00:00+00:00,175,,Right,Egypt,EG,EGY,53000,
43561,Tala'ea El-Gaish,talaea-el-gaish,El-Gaish,GAI,Egypt,EG,EGY,1585511,Mohamed Hany,Mohamed Hany,,mohamed-hany,M. Hany,M,10,2002-01-01T00:00:00+00:00,,,Right,Egypt,EG,EGY,97000,
43561,Tala'ea El-Gaish,talaea-el-gaish,El-Gaish,GAI,Egypt,EG,EGY,918754,Karim Tarek,,,karim-tarek,K. Tarek,M,11,1992-01-23T00:00:00+00:00,173,,Both,Egypt,EG,EGY,120000,
43561,Tala'ea El-Gaish,talaea-el-gaish,El-Gaish,GAI,Egypt,EG,EGY,966962,Ragab Omran,,,ragab-omran,R. Omran,M,7,1994-02-01T00:00:00+00:00,182,,Right,Egypt,EG,EGY,105000,
43561,Tala'ea El-Gaish,talaea-el-gaish,El-Gaish,GAI,Egypt,EG,EGY,1845153,Walid Benbella,,,walid-benbella,W. Benbella,M,,2001-04-18T00:00:00+00:00,174,,Right,France,FR,FRA,27000,
43561,Tala'ea El-Gaish,talaea-el-gaish,El-Gaish,GAI,Egypt,EG,EGY,943788,Ahmed Abdel Rahman Zola,,,ahmed-abdel-rahman-zola,A. A. Zola,M,8,1995-07-07T00:00:00+00:00,161,,Right,Egypt,EG,EGY,185000,
43561,Tala'ea El-Gaish,talaea-el-gaish,El-Gaish,GAI,Egypt,EG,EGY,1063551,Hamed Khaled El Gabry,Hamed Khaled,El Gabry,hamed-khaled-el-gabry,H. K. E. Gabry,M,19,1999-05-14T00:00:00+00:00,177,,Left,Egypt,EG,EGY,92000,1814313600
43561,Tala'ea El-Gaish,talaea-el-gaish,El-Gaish,GAI,Egypt,EG,EGY,1174068,Mostafa Khawaga,,,mostafa-khawaga,M. Khawaga,M,22,1993-10-13T00:00:00+00:00,178,,Right,Egypt,EG,EGY,94000,
43561,Tala'ea El-Gaish,talaea-el-gaish,El-Gaish,GAI,Egypt,EG,EGY,2477302,Yehia Mostafa,Yehia Mostafa,,yehia-mostafa,Y. Mostafa,M,32,2003-03-01T00:00:00+00:00,,,,Egypt,EG,EGY,105000,1877472000
43561,Tala'ea El-Gaish,talaea-el-gaish,El-Gaish,GAI,Egypt,EG,EGY,1497740,Mahmoud Abdel Aziz,Mahmoud Abdel Aziz,,mahmoud-abdel-aziz,M. A. Aziz,M,20,2002-05-01T00:00:00+00:00,,,Right,Egypt,EG,EGY,49000,1877472000
43561,Tala'ea El-Gaish,talaea-el-gaish,El-Gaish,GAI,Egypt,EG,EGY,2331376,Mohamed Yasser,Mohamed Yasser,,mohamed-yasser,M. Yasser,M,31,2007-09-10T00:00:00+00:00,,,Right,Egypt,EG,EGY,,
43561,Tala'ea El-Gaish,talaea-el-gaish,El-Gaish,GAI,Egypt,EG,EGY,2217194,Ahmed Tarek,Ahmed Tarek,,ahmed-tarek,A. Tarek,M,25,2002-01-01T00:00:00+00:00,,,Right,Egypt,EG,EGY,105000,1845936000
43561,Tala'ea El-Gaish,talaea-el-gaish,El-Gaish,GAI,Egypt,EG,EGY,126404,Amro Tarek,,,amro-tarek,A. Tarek,D,3,1992-05-17T00:00:00+00:00,189,83,Left,Egypt,EG,EGY,80000,1845936000
43561,Tala'ea El-Gaish,talaea-el-gaish,El-Gaish,GAI,Egypt,EG,EGY,918593,Ahmed Alaa Eldin,,,ahmed-alaa-eldin,A. A. Eldin,D,27,1994-01-01T00:00:00+00:00,185,,Right,Egypt,EG,EGY,260000,
43561,Tala'ea El-Gaish,talaea-el-gaish,El-Gaish,GAI,Egypt,EG,EGY,1094429,Mohamed Camacho,,,mohamed-camacho,M. Camacho,D,4,1993-06-15T00:00:00+00:00,184,,Right,Egypt,EG,EGY,310000,
43561,Tala'ea El-Gaish,talaea-el-gaish,El-Gaish,GAI,Egypt,EG,EGY,1001808,Mahmoud Shabana,,,mahmoud-shabana,M. Shabana,D,15,1995-04-06T00:00:00+00:00,185,,Right,Egypt,EG,EGY,205000,1845936000
43561,Tala'ea El-Gaish,talaea-el-gaish,El-Gaish,GAI,Egypt,EG,EGY,1069340,Khaled Stouhi,,,khaled-stouhi,K. Stouhi,D,6,1989-05-01T00:00:00+00:00,185,78,Right,Egypt,EG,EGY,23000,
43561,Tala'ea El-Gaish,talaea-el-gaish,El-Gaish,GAI,Egypt,EG,EGY,1393727,Moamen Mahmoud,Moamen Mahmoud,,moamen-mahmoud,M. Mahmoud,D,2,2003-06-26T00:00:00+00:00,,,Right,Egypt,EG,EGY,73000,
43561,Tala'ea El-Gaish,talaea-el-gaish,El-Gaish,GAI,Egypt,EG,EGY,1564475,Zaghloul Mohamed,Zaghloul Mohamed,,zaghloul-mohamed,Z. Mohamed,D,24,2001-01-01T00:00:00+00:00,,,Right,Egypt,EG,EGY,52000,1909008000
43561,Tala'ea El-Gaish,talaea-el-gaish,El-Gaish,GAI,Egypt,EG,EGY,2428085,Hossam Awadallah,Hossam,Awadallah,hossam-awadallah,H. Awadallah,D,,2005-05-03T00:00:00+00:00,,,,Egypt,EG,EGY,,
43561,Tala'ea El-Gaish,talaea-el-gaish,El-Gaish,GAI,Egypt,EG,EGY,918525,Omar Radwan,,,omar-radwan,O. Radwan,G,1,1997-07-31T00:00:00+00:00,192,,Right,Egypt,EG,EGY,155000,
43561,Tala'ea El-Gaish,talaea-el-gaish,El-Gaish,GAI,Egypt,EG,EGY,918885,Emad El-Sayed,,,emad-el-sayed,E. El-Sayed,G,18,1986-04-06T00:00:00+00:00,190,,Right,Egypt,EG,EGY,52000,
43561,Tala'ea El-Gaish,talaea-el-gaish,El-Gaish,GAI,Egypt,EG,EGY,918572,Mohamed Magdi Abdel Fattah,,,mohamed-magdi-abdel-fattah,M. Magdi,G,77,1995-01-01T00:00:00+00:00,183,,Right,Egypt,EG,EGY,53000,
43568,Wadi Degla,wadi-degla,Wadi Degla,DEG,Egypt,EG,EGY,797428,Franck Boli,,,boli-franck,F. Boli,F,9,1993-12-07T00:00:00+00:00,180,,Right,Côte d'Ivoire,CI,CIV,670000,
43568,Wadi Degla,wadi-degla,Wadi Degla,DEG,Egypt,EG,EGY,2213962,Zizo,Zizo,,zizo,Zizo,F,22,2002-07-29T00:00:00+00:00,,,Right,Egypt,EG,EGY,210000,
43568,Wadi Degla,wadi-degla,Wadi Degla,DEG,Egypt,EG,EGY,1982375,Ahmed Farouk,Ahmed Farouk,,ahmed-farouk,A. Farouk,F,32,2001-10-10T00:00:00+00:00,,,Right,Egypt,EG,EGY,270000,1877472000
43568,Wadi Degla,wadi-degla,Wadi Degla,DEG,Egypt,EG,EGY,1980359,Mohamed Juhayna,Mohamed,Juhayna,mohamed-juhayna,M. Juhayna,F,20,2000-04-20T00:00:00+00:00,,,Right,Egypt,EG,EGY,73000,
43568,Wadi Degla,wadi-degla,Wadi Degla,DEG,Egypt,EG,EGY,2213954,Ahmed Refaat,Ahmed Refaat,,ahmed-refaat,A. Refaat,F,27,2000-01-04T00:00:00+00:00,,,Both,Egypt,EG,EGY,73000,1845936000
43568,Wadi Degla,wadi-degla,Wadi Degla,DEG,Egypt,EG,EGY,2213961,Youssef Oya,Youssef Oya,,youssef-oya,Y. Oya,F,7,2000-07-01T00:00:00+00:00,,,Left,Egypt,EG,EGY,190000,
43568,Wadi Degla,wadi-degla,Wadi Degla,DEG,Egypt,EG,EGY,2180637,Ahmed Ghoneim,Ahmed Ghoneim,,ahmed-ghoneim,A. Ghoneim,F,,1990-05-20T00:00:00+00:00,,,,Egypt,EG,EGY,,
43568,Wadi Degla,wadi-degla,Wadi Degla,DEG,Egypt,EG,EGY,2701499,Mohamed Soliman,Mohamed Soliman,,mohamed-soliman,M. Soliman,F,,2004-01-10T00:00:00+00:00,,,,Egypt,EG,EGY,,
43568,Wadi Degla,wadi-degla,Wadi Degla,DEG,Egypt,EG,EGY,2701500,Sayed Mohamed Fouad,Sayed Mohamed Fouad,,sayed-mohamed-fouad,S. M. Fouad,F,,2004-11-20T00:00:00+00:00,177,,,Egypt,EG,EGY,,
43568,Wadi Degla,wadi-degla,Wadi Degla,DEG,Egypt,EG,EGY,918704,Ahmed El Shimi,,,ahmed-el-shimi,A. E. Shimi,M,44,1995-01-02T00:00:00+00:00,182,,Right,Egypt,EG,EGY,97000,1845936000
43568,Wadi Degla,wadi-degla,Wadi Degla,DEG,Egypt,EG,EGY,893740,Mees Kaandorp,,,mees-kaandorp,M. Kaandorp,M,34,1998-06-08T00:00:00+00:00,174,,Right,Netherlands,NL,NLD,340000,1814313600
43568,Wadi Degla,wadi-degla,Wadi Degla,DEG,Egypt,EG,EGY,2213957,Mahmoud Diasty,Mahmoud Diasty,,mahmoud-diasty,M. Diasty,M,10,2000-04-08T00:00:00+00:00,,,Both,Egypt,EG,EGY,390000,
43568,Wadi Degla,wadi-degla,Wadi Degla,DEG,Egypt,EG,EGY,2412131,Hamza Hassan,,,hamza-hassan,H. Hassan,M,17,2005-06-23T00:00:00+00:00,,,Right,Egypt,EG,EGY,210000,
43568,Wadi Degla,wadi-degla,Wadi Degla,DEG,Egypt,EG,EGY,2184233,Ibrahim El Bahnasi,Ibrahim El Bahnasi,,ibrahim-el-bahnasi,I. E. Bahnasi,M,25,2002-05-20T00:00:00+00:00,188,,Right,Egypt,EG,EGY,155000,1877472000
43568,Wadi Degla,wadi-degla,Wadi Degla,DEG,Egypt,EG,EGY,918615,Mohamed Fathi,,,mohamed-fathi,M. Fathi,M,30,1994-02-02T00:00:00+00:00,178,,Right,Egypt,EG,EGY,190000,1845936000
43568,Wadi Degla,wadi-degla,Wadi Degla,DEG,Egypt,EG,EGY,2213955,Ahmed Scholes,Ahmed Scholes,,ahmed-scholes,A. Scholes,M,8,1997-12-12T00:00:00+00:00,,,Right,Egypt,EG,EGY,260000,1814313600
43568,Wadi Degla,wadi-degla,Wadi Degla,DEG,Egypt,EG,EGY,918781,Mohamed Abdel Aati,,,mohamed-abdel-aati,M. Abdelaati,M,14,1995-09-05T00:00:00+00:00,165,,Left,Egypt,EG,EGY,275000,
43568,Wadi Degla,wadi-degla,Wadi Degla,DEG,Egypt,EG,EGY,2213958,Mohamed Abdelrahim,Mohamed Abdelrahim,,mohamed-abdelrahim,M. Abdelrahim,M,11,1999-02-16T00:00:00+00:00,,,Left,Egypt,EG,EGY,205000,1814313600
43568,Wadi Degla,wadi-degla,Wadi Degla,DEG,Egypt,EG,EGY,918830,Islam Adel,,,islam-adel,I. Adel,M,4,1994-08-12T00:00:00+00:00,,,Right,Egypt,EG,EGY,185000,
43568,Wadi Degla,wadi-degla,Wadi Degla,DEG,Egypt,EG,EGY,967010,Halimo,,,halimo,Halimo,M,20,1995-01-01T00:00:00+00:00,173,,Right,Egypt,EG,EGY,110000,1845936000
43568,Wadi Degla,wadi-degla,Wadi Degla,DEG,Egypt,EG,EGY,2414349,Mohamed Barakat,,,mohamed-barakat,M. Barakat,M,42,2008-02-13T00:00:00+00:00,,,Right,Egypt,EG,EGY,,
43568,Wadi Degla,wadi-degla,Wadi Degla,DEG,Egypt,EG,EGY,2180638,Hossam El Rayally,Hossam El Rayally,,hossam-el-rayally,H. E. Rayally,M,,2001-03-12T00:00:00+00:00,,,,Egypt,EG,EGY,,
43568,Wadi Degla,wadi-degla,Wadi Degla,DEG,Egypt,EG,EGY,2180639,Mohamed Talaat,Mohamed Talaat,,mohamed-talaat,M. Talaat,M,,,,,,Egypt,EG,EGY,,
43568,Wadi Degla,wadi-degla,Wadi Degla,DEG,Egypt,EG,EGY,2701497,Adam El Mallah,Adam El Mallah,,adam-el-mallah,A. E. Mallah,M,,2007-06-13T00:00:00+00:00,,,,Egypt,EG,EGY,,
43568,Wadi Degla,wadi-degla,Wadi Degla,DEG,Egypt,EG,EGY,1831795,Ahmed Abdin,Ahmed Abdin,,ahmed-abdin,A. Abdin,D,34,2006-01-10T00:00:00+00:00,182,,Right,Egypt,EG,EGY,46000,1877472000
43568,Wadi Degla,wadi-degla,Wadi Degla,DEG,Egypt,EG,EGY,919020,Seif Teka,,,seif-teka,S. Teka,D,28,1991-04-20T00:00:00+00:00,182,82,Right,Tunisia,TN,TUN,140000,
43568,Wadi Degla,wadi-degla,Wadi Degla,DEG,Egypt,EG,EGY,1465772,Ahmed Reda,,,ahmed-reda,A. Reda,D,21,2003-05-15T00:00:00+00:00,178,,Left,Egypt,EG,EGY,145000,
43568,Wadi Degla,wadi-degla,Wadi Degla,DEG,Egypt,EG,EGY,1085148,Ragab El Safi,,,ragab-el-safi,R. E. Safi,D,24,1999-04-20T00:00:00+00:00,185,,Right,Egypt,EG,EGY,160000,1845936000
43568,Wadi Degla,wadi-degla,Wadi Degla,DEG,Egypt,EG,EGY,1155324,Kamal Aboul-Fetouh,Kamal Aboul-Fetouh,,kamal-aboul-fetouh,K. Aboul-Fetouh,D,6,1997-05-01T00:00:00+00:00,186,,Left,Egypt,EG,EGY,265000,1814313600
43568,Wadi Degla,wadi-degla,Wadi Degla,DEG,Egypt,EG,EGY,1097452,Ahmed Dahroug,,,ahmed-dahroug,A. Dahroug,D,5,1996-01-01T00:00:00+00:00,,,Left,Egypt,EG,EGY,220000,
43568,Wadi Degla,wadi-degla,Wadi Degla,DEG,Egypt,EG,EGY,1172637,Omar Adly,,,omar-adly,O. Adly,D,3,1996-11-02T00:00:00+00:00,,,Right,Egypt,EG,EGY,240000,
43568,Wadi Degla,wadi-degla,Wadi Degla,DEG,Egypt,EG,EGY,967004,Ahmed Ayman,,,ahmed-ayman,A. Ayman,D,23,1994-07-01T00:00:00+00:00,,,Right,Egypt,EG,EGY,215000,1845936000
43568,Wadi Degla,wadi-degla,Wadi Degla,DEG,Egypt,EG,EGY,2213960,Shady Maher,Shady Maher,,shady-maher,S. Maher,D,2,1997-01-02T00:00:00+00:00,,,Right,Egypt,EG,EGY,265000,
43568,Wadi Degla,wadi-degla,Wadi Degla,DEG,Egypt,EG,EGY,2421253,Mahmoud Adel,,,mahmoud-adel,M. Adel,D,19,2004-09-27T00:00:00+00:00,,,Right,Egypt,EG,EGY,,
43568,Wadi Degla,wadi-degla,Wadi Degla,DEG,Egypt,EG,EGY,2701501,Yehia Mostafa,Yehia Mostafa,,yehia-mostafa,Y. Mostafa,D,,2005-07-17T00:00:00+00:00,,,,Egypt,EG,EGY,,
43568,Wadi Degla,wadi-degla,Wadi Degla,DEG,Egypt,EG,EGY,2080349,Mohamed Grisha,,,ramadan,M. Grisha,G,,2007-06-30T00:00:00+00:00,182,,Right,Egypt,EG,EGY,,
43568,Wadi Degla,wadi-degla,Wadi Degla,DEG,Egypt,EG,EGY,918657,Amr Hossam,,,amr-hossam,A. Hossam,G,1,1991-08-29T00:00:00+00:00,183,,Right,Egypt,EG,EGY,135000,1845936000
43568,Wadi Degla,wadi-degla,Wadi Degla,DEG,Egypt,EG,EGY,2412129,Ziad Seyam,,,ziad-mohamed,Z. Mohamed,G,13,2003-05-16T00:00:00+00:00,,,Right,Egypt,EG,EGY,79000,
43568,Wadi Degla,wadi-degla,Wadi Degla,DEG,Egypt,EG,EGY,1087519,Abdelrahman Abdul Aziz,,,abdelrahman-abdul-aziz,A. A. Aziz,G,56,1982-03-03T00:00:00+00:00,,,Right,Egypt,EG,EGY,23000,
43568,Wadi Degla,wadi-degla,Wadi Degla,DEG,Egypt,EG,EGY,2184231,Abdel Rahman Abdel Aziz,Abdel Rahman Abdel Aziz,,abdel-rahman-abdel-aziz,A. R. A. Aziz,G,99,,,,,Egypt,EG,EGY,,
43568,Wadi Degla,wadi-degla,Wadi Degla,DEG,Egypt,EG,EGY,2701498,Mohamed Greisha,Mohamed Greisha,,mohamed-greisha,M. Greisha,G,,2006-07-03T00:00:00+00:00,,,,Egypt,EG,EGY,,
373168,ZED FC,zed-fc,ZED FC,ZED,Egypt,EG,EGY,1832632,Omar Khedr,Omar,Khedr,omar-khedr,O. Khedr,F,35,2006-05-25T00:00:00+00:00,175,,Right,Egypt,EG,EGY,105000,1814313600
373168,ZED FC,zed-fc,ZED FC,ZED,Egypt,EG,EGY,1393732,Rafaat Khalil,Rafaat Khalil,,rafaat-khalil,R. Khalil,F,7,2004-02-03T00:00:00+00:00,181,,Left,Egypt,EG,EGY,325000,1877472000
373168,ZED FC,zed-fc,ZED FC,ZED,Egypt,EG,EGY,1937532,Sulahmana Mamadu Bah,Sulahmana,Mamadu Bah,sulahmana-mamadu-bah,S. Mamadu Bah,F,22,2001-05-28T00:00:00+00:00,183,,,Liberia,LR,LBR,140000,1845936000
373168,ZED FC,zed-fc,ZED FC,ZED,Egypt,EG,EGY,1109002,Ahmed Atef,,,ahmed-atef,A. Atef,F,9,1998-03-21T00:00:00+00:00,180,,Right,Egypt,EG,EGY,260000,1845936000
373168,ZED FC,zed-fc,ZED FC,ZED,Egypt,EG,EGY,1179130,Rasheed Ahmed,,,rasheed-ahmed,R. Ahmed,F,20,2000-08-01T00:00:00+00:00,178,,Right,Nigeria,NG,NGA,260000,1814313600
373168,ZED FC,zed-fc,ZED FC,ZED,Egypt,EG,EGY,1531104,Maata Magassa,Maata Magassa,,maata-magassa,M. Magassa,M,37,2004-01-01T00:00:00+00:00,175,,Right,Mauritania,MR,MRT,860000,1814313600
373168,ZED FC,zed-fc,ZED FC,ZED,Egypt,EG,EGY,1096228,Mostafa Saad,,,mostafa-saad,M. Saad,M,10,2001-08-22T00:00:00+00:00,168,,Left,Egypt,EG,EGY,515000,1814313600
373168,ZED FC,zed-fc,ZED FC,ZED,Egypt,EG,EGY,159669,Mohamed Ibrahim,,,mohamed-ibrahim,M. Ibrahim,M,33,1992-03-01T00:00:00+00:00,178,,Right,Egypt,EG,EGY,97000,1877472000
373168,ZED FC,zed-fc,ZED FC,ZED,Egypt,EG,EGY,1440621,Abdelrahman El Banouby,,,abdelrahman-el-banouby,A. E. Banouby,M,11,2000-05-15T00:00:00+00:00,180,,Both,Egypt,EG,EGY,245000,1814313600
373168,ZED FC,zed-fc,ZED FC,ZED,Egypt,EG,EGY,1182642,Maged Hany,Maged Abdel Rahman,,maged-hany,M. Hany,M,15,2003-04-01T00:00:00+00:00,,,Right,Egypt,EG,EGY,105000,1814313600
373168,ZED FC,zed-fc,ZED FC,ZED,Egypt,EG,EGY,1508227,Mahmoud Ouka,Mahmoud Ooka,,mahmoud-ooka,M. Ouka,M,74,2003-01-05T00:00:00+00:00,,,Right,Egypt,EG,EGY,270000,1877472000
373168,ZED FC,zed-fc,ZED FC,ZED,Egypt,EG,EGY,1173509,Hamdy Alaa,,,hamdy-alaa,H. Alaa,M,20,2000-10-01T00:00:00+00:00,175,,Right,Egypt,EG,EGY,145000,1814313600
373168,ZED FC,zed-fc,ZED FC,ZED,Egypt,EG,EGY,1013779,Ahmed Adel,,,ahmed-adel,A. Adel,M,14,1997-09-25T00:00:00+00:00,175,,Right,Egypt,EG,EGY,210000,1814313600
373168,ZED FC,zed-fc,ZED FC,ZED,Egypt,EG,EGY,1408483,Marwane Hajij,,,marwane-hajij,M. Hajij,M,72,2001-11-02T00:00:00+00:00,176,,Right,France,FR,FRA,180000,
373168,ZED FC,zed-fc,ZED FC,ZED,Egypt,EG,EGY,1001881,Ahmed El-Saghiri,,,el-saghiri-ahmed,A. El-Saghiri,M,18,1998-06-10T00:00:00+00:00,171,,Right,Egypt,EG,EGY,535000,1814313600
373168,ZED FC,zed-fc,ZED FC,ZED,Egypt,EG,EGY,1169780,Walid Farag,,,walid-farag,W. Farag,M,30,2001-04-06T00:00:00+00:00,180,,Right,Egypt,EG,EGY,70000,1877472000
373168,ZED FC,zed-fc,ZED FC,ZED,Egypt,EG,EGY,1879257,Mohamed Ezz,Mohamed Ezz,,mohamed-ezz,M. Ezz,M,19,2003-03-18T00:00:00+00:00,,,Right,Egypt,EG,EGY,110000,
373168,ZED FC,zed-fc,ZED FC,ZED,Egypt,EG,EGY,1117716,Mahmoud Bolbol Nabil,Mahmoud Bolbol,,mahmoud-bolbol-nabil,M. Bolbol Nabil,M,22,1998-01-12T00:00:00+00:00,178,,Right,Egypt,EG,EGY,105000,1814313600
373168,ZED FC,zed-fc,ZED FC,ZED,Egypt,EG,EGY,1480544,Tarek Alaa,,,tariq-alaa,T. Alaa,D,23,2002-01-05T00:00:00+00:00,178,,Right,Egypt,EG,EGY,260000,1877472000
373168,ZED FC,zed-fc,ZED FC,ZED,Egypt,EG,EGY,2138808,Abdallah Bostangy,Abdullah Fouad Abdullah,Bostangy,abdullah-fouad-abdullah-boustenji,A. Bostangy,D,32,2005-04-04T00:00:00+00:00,180,,Right,Egypt,EG,EGY,46000,1845936000
373168,ZED FC,zed-fc,ZED FC,ZED,Egypt,EG,EGY,1500453,Wajdi Nabhan,Wajdi Nabhan,,wajdi-nabhan,W. Nabhan,D,73,2001-07-27T00:00:00+00:00,186,,Left,Palestine,PS,PSE,330000,1877472000
373168,ZED FC,zed-fc,ZED FC,ZED,Egypt,EG,EGY,1172259,Mohamed Rabia,,,mohamed-rabia,M. Rabia,D,26,1996-05-05T00:00:00+00:00,179,,Left,Egypt,EG,EGY,440000,1845936000
373168,ZED FC,zed-fc,ZED FC,ZED,Egypt,EG,EGY,1094522,Mohamed Ashraf,Mohamed Ashraf,,ashraf-mohamed,M. Ashraf,D,21,2001-10-21T00:00:00+00:00,,,Left,Egypt,EG,EGY,155000,1877472000
373168,ZED FC,zed-fc,ZED FC,ZED,Egypt,EG,EGY,1393698,Abdo Gouda,Abdo Gouda,,abdo-gouda,A. Gouda,D,24,2003-02-05T00:00:00+00:00,,,Right,Egypt,EG,EGY,440000,1814313600
373168,ZED FC,zed-fc,ZED FC,ZED,Egypt,EG,EGY,2080738,Amara Keita,Amara Keita,,amara-keita,A. Keita,D,13,2005-08-08T00:00:00+00:00,178,,Left,Sierra Leone,SL,SLE,80000,1845936000
373168,ZED FC,zed-fc,ZED FC,ZED,Egypt,EG,EGY,1082505,Ahmed Tarek,,,ahmed-tarek,A. Tarek,D,5,2001-01-01T00:00:00+00:00,,,Right,Egypt,EG,EGY,680000,
373168,ZED FC,zed-fc,ZED FC,ZED,Egypt,EG,EGY,1395129,Ahmed Sayed Abdelnaby,,,ahmed-sayed-abdelnaby,A. Sayed,D,8,2002-04-20T00:00:00+00:00,167,,Right,Egypt,EG,EGY,165000,1845936000
373168,ZED FC,zed-fc,ZED FC,ZED,Egypt,EG,EGY,918553,Abdallah Bakri,,,abdallah-bakri,A. Bakri,D,3,1994-07-01T00:00:00+00:00,187,,Right,Egypt,EG,EGY,160000,1814313600
373168,ZED FC,zed-fc,ZED FC,ZED,Egypt,EG,EGY,1094153,Ahmed Castelo,Ahmed,Castelo,ahmed-castelo,A. Castelo,D,4,1999-01-01T00:00:00+00:00,,,Right,Egypt,EG,EGY,380000,1877472000
373168,ZED FC,zed-fc,ZED FC,ZED,Egypt,EG,EGY,2217603,Mohamed Hussein,Mohamed Hussein,,mohamed-hussein,M. Hussein,D,2,2004-01-26T00:00:00+00:00,,,Right,Egypt,EG,EGY,91000,1877472000
373168,ZED FC,zed-fc,ZED FC,ZED,Egypt,EG,EGY,1386884,Sameh Ibrahim,,,sameh-ibrahim,S. Ibrahim,D,15,1997-12-06T00:00:00+00:00,166,,Right,Egypt,EG,EGY,135000,1814313600
373168,ZED FC,zed-fc,ZED FC,ZED,Egypt,EG,EGY,2165164,Ahmed Seif,Ahmed Seif,,ahmed-seif,A. Seif,D,,2005-01-01T00:00:00+00:00,,,Right,Egypt,EG,EGY,,
373168,ZED FC,zed-fc,ZED FC,ZED,Egypt,EG,EGY,2701641,Moussa Mohamed,Moussa Mohamed,,moussa-mohamed,M. Mohamed,D,34,2004-03-03T00:00:00+00:00,,,,Egypt,EG,EGY,,
373168,ZED FC,zed-fc,ZED FC,ZED,Egypt,EG,EGY,918884,Ali Lotfi,,,ali-lotfi,A. Lotfi,G,1,1989-10-14T00:00:00+00:00,187,,Right,Egypt,EG,EGY,165000,1814313600
373168,ZED FC,zed-fc,ZED FC,ZED,Egypt,EG,EGY,1119721,Ahmed Nader El Sayed,,,ahmed-nader-el-sayed,A. N. E. Sayed,G,33,2003-06-16T00:00:00+00:00,187,,Right,Egypt,EG,EGY,27000,1877472000
373168,ZED FC,zed-fc,ZED FC,ZED,Egypt,EG,EGY,1831794,Abdelmonem Tamer,Abdelmonem Tamer,,abdelmonem-tamer,A. Tamer,G,36,2006-08-03T00:00:00+00:00,184,,Right,Egypt,EG,EGY,26000,
373168,ZED FC,zed-fc,ZED FC,ZED,Egypt,EG,EGY,1531077,Mohamed Mazzika,Mohamed Mazzika,,mohamed-mazzika,M. Mazzika,G,16,1994-05-21T00:00:00+00:00,186,,Right,Egypt,EG,EGY,96000,
373168,ZED FC,zed-fc,ZED FC,ZED,Egypt,EG,EGY,2610861,Mostafa Okasha,Mostafa Okasha,,mostafa-okasha,M. Okasha,,66,,,,,,,,,
373168,ZED FC,zed-fc,ZED FC,ZED,Egypt,EG,EGY,2411412,Awad,,,awad,Awad,,,,,,,,,,,
373168,ZED FC,zed-fc,ZED FC,ZED,Egypt,EG,EGY,2610836,Seif Mohamed,Seif Mohamed,,seif-mohamed,S. Mohamed,,41,,,,,,,,,
42368,Zamalek SC,zamalek-sc,Zamalek,ZAM,Egypt,EG,EGY,920458,Oday Dabbagh,,,oday-dabbagh,O. Dabbagh,F,98,1998-12-03T00:00:00+00:00,182,,Left,Palestine,PS,PSE,2000000,1877472000
42368,Zamalek SC,zamalek-sc,Zamalek,ZAM,Egypt,EG,EGY,929957,Chico Banza,,,banza-chico,C. Banza,F,81,1998-12-17T00:00:00+00:00,177,,Right,Angola,AO,AGO,670000,1877472000
42368,Zamalek SC,zamalek-sc,Zamalek,ZAM,Egypt,EG,EGY,918622,Naser Mansi,,,naser-mansi,N. Mansi,F,9,1997-11-16T00:00:00+00:00,180,,Right,Egypt,EG,EGY,1200000,1814313600
42368,Zamalek SC,zamalek-sc,Zamalek,ZAM,Egypt,EG,EGY,1048765,Ahmed Sherif,,,ahmed-sherif,A. Sherif,F,31,2003-02-08T00:00:00+00:00,185,,Both,Egypt,EG,EGY,190000,1909008000
42368,Zamalek SC,zamalek-sc,Zamalek,ZAM,Egypt,EG,EGY,967149,Amr Nasser,,,amr-nasser,A. Nasser,F,90,1999-03-08T00:00:00+00:00,182,,Right,Egypt,EG,EGY,260000,1909008000
42368,Zamalek SC,zamalek-sc,Zamalek,ZAM,Egypt,EG,EGY,1410411,Ahmed Jafeli,Ahmed Jafeli,,ahmed-jafeli,A. Jafeli,F,7,2003-10-02T00:00:00+00:00,179,,Left,Tunisia,TN,TUN,105000,1845936000
42368,Zamalek SC,zamalek-sc,Zamalek,ZAM,Egypt,EG,EGY,1048454,Hossam Ashraf,,,hossam-ashraf,H. Ashraf,F,7,2001-06-20T00:00:00+00:00,180,,Right,Egypt,EG,EGY,190000,1877472000
42368,Zamalek SC,zamalek-sc,Zamalek,ZAM,Egypt,EG,EGY,1393699,Ahmed Esho,Ahmed Esho,,ahmed-esho,A. Esho,F,11,2003-03-03T00:00:00+00:00,173,,Left,Egypt,EG,EGY,110000,1909008000
42368,Zamalek SC,zamalek-sc,Zamalek,ZAM,Egypt,EG,EGY,2189450,Karim Abdel Hak,Karim Abdel Hak,,karim-abdel-hak,K. A. Hak,F,,2001-12-02T00:00:00+00:00,176,,Right,Egypt,EG,EGY,,
42368,Zamalek SC,zamalek-sc,Zamalek,ZAM,Egypt,EG,EGY,2589893,Adham Hasseib,Adham Hasseib,,adham-hasseib,A. Hasseib,F,,2009-01-01T00:00:00+00:00,,,Right,Egypt,EG,EGY,,
42368,Zamalek SC,zamalek-sc,Zamalek,ZAM,Egypt,EG,EGY,1463559,Juan Bezerra,Juan Bezerra,,juan-alvina,J. Bezerra,M,33,2003-02-16T00:00:00+00:00,165,,Left,Brazil,BR,BRA,2700000,1877472000
42368,Zamalek SC,zamalek-sc,Zamalek,ZAM,Egypt,EG,EGY,1106666,Adam Kaied,,,adam-kaied,A. Kaied,M,18,2002-03-02T00:00:00+00:00,177,,Right,Palestine,PS,PSE,205000,1877472000
42368,Zamalek SC,zamalek-sc,Zamalek,ZAM,Egypt,EG,EGY,198472,Abdallah El-Said,,,abdallah-el-said,A. El-Said,M,19,1985-07-13T00:00:00+00:00,176,75,Right,Egypt,EG,EGY,105000,1814313600
42368,Zamalek SC,zamalek-sc,Zamalek,ZAM,Egypt,EG,EGY,1011207,Mohamed Shehata,,,mohamed-shehata,M. Shehata,M,17,2001-02-08T00:00:00+00:00,180,,Right,Egypt,EG,EGY,1600000,1877472000
42368,Zamalek SC,zamalek-sc,Zamalek,ZAM,Egypt,EG,EGY,932729,Ahmed Rabia,,,ahmed-rabia,A. Rabia,M,12,2001-01-15T00:00:00+00:00,185,,Right,Egypt,EG,EGY,270000,1909008000
42368,Zamalek SC,zamalek-sc,Zamalek,ZAM,Egypt,EG,EGY,1961586,Mohamed Hamad,Mohamed Hamad,,mohamed-shehata,M. Shehata,M,55,2008-04-05T00:00:00+00:00,180,,Right,Egypt,EG,EGY,45000,1877472000
42368,Zamalek SC,zamalek-sc,Zamalek,ZAM,Egypt,EG,EGY,1876606,Mohamed El Sayed,Mohamed El Sayed,,mohamed-el-sayed,M. E. Sayed,M,39,2006-05-20T00:00:00+00:00,181,,Right,Egypt,EG,EGY,270000,1877472000
42368,Zamalek SC,zamalek-sc,Zamalek,ZAM,Egypt,EG,EGY,935698,Seif Farouk Gaafar,,,seif-farouk-gaafar,S. F. Gaafar,M,,1999-12-05T00:00:00+00:00,178,,Right,Egypt,EG,EGY,93000,1814313600
42368,Zamalek SC,zamalek-sc,Zamalek,ZAM,Egypt,EG,EGY,1094513,Mahmoud Gehad,Mahmoud Gehad,,mahmoud-gehad,M. Gehad,M,6,2001-08-20T00:00:00+00:00,185,,Right,Egypt,EG,EGY,52000,1877472000
42368,Zamalek SC,zamalek-sc,Zamalek,ZAM,Egypt,EG,EGY,2410688,Youssef Wael,,,youssef-wael,Y. Wael,M,44,2005-01-01T00:00:00+00:00,180,,Right,Egypt,EG,EGY,53000,1814313600
42368,Zamalek SC,zamalek-sc,Zamalek,ZAM,Egypt,EG,EGY,2410690,Ahmed Safwat,,,ahmed-safwat,A. Safwat,M,,2009-01-01T00:00:00+00:00,,,Both,Egypt,EG,EGY,,1845936000
42368,Zamalek SC,zamalek-sc,Zamalek,ZAM,Egypt,EG,EGY,2452232,Ahmed Ahmed,Ahmed Ahmed,,ahmed-ahmed,A. Ahmed,M,20,,,,Right,Egypt,EG,EGY,,
42368,Zamalek SC,zamalek-sc,Zamalek,ZAM,Egypt,EG,EGY,880622,Ahmed Fatouh,,,ahmed-fatouh,A. Aboul-Fetouh,D,13,1998-03-22T00:00:00+00:00,178,,Left,Egypt,EG,EGY,1000000,1814313600
42368,Zamalek SC,zamalek-sc,Zamalek,ZAM,Egypt,EG,EGY,1424605,Mahmoud Bentayg,,,bentayg-mahmoud,M. Bentayg,D,3,1999-10-30T00:00:00+00:00,181,,Left,Morocco,MA,MAR,970000,1845936000
42368,Zamalek SC,zamalek-sc,Zamalek,ZAM,Egypt,EG,EGY,1012578,Mohamed Ismail,,,mohamed-ismail,M. Ismail,D,24,1999-09-01T00:00:00+00:00,180,,Right,Egypt,EG,EGY,1200000,1909008000
42368,Zamalek SC,zamalek-sc,Zamalek,ZAM,Egypt,EG,EGY,159677,Omar Gaber,,,omar-gaber,O. Gaber,D,4,1992-01-30T00:00:00+00:00,174,71,Right,Egypt,EG,EGY,110000,1814313600
42368,Zamalek SC,zamalek-sc,Zamalek,ZAM,Egypt,EG,EGY,333459,Mahmoud Hamdi,,,mahmoud-hamdi,M. Hamdi,D,28,1995-06-01T00:00:00+00:00,185,,Right,Egypt,EG,EGY,660000,1845936000
42368,Zamalek SC,zamalek-sc,Zamalek,ZAM,Egypt,EG,EGY,1137572,Ahmed Hossam,,,ahmed-hossam,A. Hossam,D,2,2001-10-27T00:00:00+00:00,184,,Left,Egypt,EG,EGY,160000,1877472000
42368,Zamalek SC,zamalek-sc,Zamalek,ZAM,Egypt,EG,EGY,1008303,Mostafa El Zenary,,,mostafa-el-zenary,M. E. Zenary,D,20,1999-04-09T00:00:00+00:00,180,,Right,Egypt,EG,EGY,260000,1814313600
42368,Zamalek SC,zamalek-sc,Zamalek,ZAM,Egypt,EG,EGY,1899004,Mohamed Ibrahim,Mohamed Ibrahim Hassan,,mohamed-ibrahim-hassan,M. I. Hassan,D,52,2005-01-01T00:00:00+00:00,177,,Right,Egypt,EG,EGY,260000,1877472000
42368,Zamalek SC,zamalek-sc,Zamalek,ZAM,Egypt,EG,EGY,2452235,El Sayed Osama,El Sayed Osama,,el-sayed-abdel-moneim,E. S. Osama,D,43,2006-03-21T00:00:00+00:00,183,,Right,Egypt,EG,EGY,105000,1909008000
42368,Zamalek SC,zamalek-sc,Zamalek,ZAM,Egypt,EG,EGY,2425783,Ahmed Khodari,Ahmed,Khodari,ahmed-khodari,A. Khodari,D,97,2005-01-01T00:00:00+00:00,181,,Left,Egypt,EG,EGY,110000,1909008000
42368,Zamalek SC,zamalek-sc,Zamalek,ZAM,Egypt,EG,EGY,2425814,Mohamed Farag,Mohamed,Farag,mohamed-farag,M. Farag,D,58,2008-01-01T00:00:00+00:00,,,Right,Egypt,EG,EGY,,
42368,Zamalek SC,zamalek-sc,Zamalek,ZAM,Egypt,EG,EGY,918547,Mahdi Soliman,,,mahdi-soliman,M. Soliman,G,37,1987-06-08T00:00:00+00:00,189,,Right,Egypt,EG,EGY,155000,1814313600
42368,Zamalek SC,zamalek-sc,Zamalek,ZAM,Egypt,EG,EGY,159681,Mohamed Sobhi,,,mohamed-sobhi,M. S. Ghazi,G,16,1999-07-15T00:00:00+00:00,185,,Right,Egypt,EG,EGY,330000,1845936000
42368,Zamalek SC,zamalek-sc,Zamalek,ZAM,Egypt,EG,EGY,560158,Mohamed Awad,,,mohamed-awad,M. Awad,G,99,1992-07-06T00:00:00+00:00,184,63,Right,Egypt,EG,EGY,145000,1814313600
42368,Zamalek SC,zamalek-sc,Zamalek,ZAM,Egypt,EG,EGY,1840872,Omar Abdel Aziz,Omar Abdel Aziz,,omar-abdel-aziz,O. A. Aziz,G,,2008-04-11T00:00:00+00:00,188,,Right,Egypt,EG,EGY,,
42368,Zamalek SC,zamalek-sc,Zamalek,ZAM,Egypt,EG,EGY,1876721,Mahmoud El-Shenawy,Mahmoud El-Shenawy,,mahmoud-el-shenawy,M. El-Shenawy,G,46,2004-08-29T00:00:00+00:00,193,,Right,Egypt,EG,EGY,46000,1877472000
6362,Alanyaspor,alanyaspor,Alanyaspor,ALA,Türkiye,TR,TUR,862078,Meschak Elia,Meschak,Elia,meschak-elia,M. Elia,F,12,1997-08-06T00:00:00+00:00,173,,Right,DR Congo,CD,COD,1600000,1845936000
6362,Alanyaspor,alanyaspor,Alanyaspor,ALA,Türkiye,TR,TUR,756344,Ianis Hagi,Ianis,Hagi,ianis-hagi,I. Hagi,F,10,1998-10-22T00:00:00+00:00,180,60,Both,Romania,RO,ROU,1700000,1814313600
6362,Alanyaspor,alanyaspor,Alanyaspor,ALA,Türkiye,TR,TUR,791314,Hwang Ui-Jo,Hwang,Ui-Jo,hwang-ui-jo,H. Ui-Jo,F,16,1992-08-28T00:00:00+00:00,186,,Right,South Korea,KR,KOR,485000,1814313600
6362,Alanyaspor,alanyaspor,Alanyaspor,ALA,Türkiye,TR,TUR,1996692,Omar Ben Ali,,,omar-ben-ali,O. B. Ali,F,9,2005-04-22T00:00:00+00:00,187,,Right,Tunisia,TN,TUN,710000,1909008000
6362,Alanyaspor,alanyaspor,Alanyaspor,ALA,Türkiye,TR,TUR,1514612,Iván Cédric,,,ivan-cedric,I. Cédric,F,19,2001-12-22T00:00:00+00:00,187,,Right,Cameroon,CM,CMR,1000000,1909008000
6362,Alanyaspor,alanyaspor,Alanyaspor,ALA,Türkiye,TR,TUR,996405,Ibrahim Kaya,Ibrahim,Kaya,ibrahim-kaya,İ. Kaya,F,7,2001-03-09T00:00:00+00:00,184,,Right,Türkiye,TR,TUR,1600000,1877472000
6362,Alanyaspor,alanyaspor,Alanyaspor,ALA,Türkiye,TR,TUR,1618838,Arda Usluoğlu,Arda Usluoğlu,,arda-usluoglu,A. Usluoğlu,F,17,2006-10-12T00:00:00+00:00,189,,Right,Türkiye,TR,TUR,725000,1814313600
6362,Alanyaspor,alanyaspor,Alanyaspor,ALA,Türkiye,TR,TUR,1002146,Maestro,Antonio Simao,Maestro,maestro,Maestro,M,58,2003-08-04T00:00:00+00:00,173,,Right,Angola,AO,AGO,7200000,1877472000
6362,Alanyaspor,alanyaspor,Alanyaspor,ALA,Türkiye,TR,TUR,974075,Emre Demir,Emre,Demir,emre-demir,E. Demir,M,14,2004-01-15T00:00:00+00:00,175,,Left,Türkiye,TR,TUR,480000,1877472000
6362,Alanyaspor,alanyaspor,Alanyaspor,ALA,Türkiye,TR,TUR,354860,Florent Hadergjonaj,Florent,Hadergjonaj,florent-hadergjonaj,F. Hadergjonaj,M,94,1994-07-31T00:00:00+00:00,183,72,Right,Kosovo,XK,XKX,1900000,1814313600
6362,Alanyaspor,alanyaspor,Alanyaspor,ALA,Türkiye,TR,TUR,851099,Paolo Fernandes,Paolo,Fernandes,paolo-fernandes,P. Fernandes,M,22,1998-08-09T00:00:00+00:00,167,61,Left,Spain,ES,ESP,1000000,1814313600
6362,Alanyaspor,alanyaspor,Alanyaspor,ALA,Türkiye,TR,TUR,847013,Gaius Makouta,Gaius,Makouta,gaius-makouta,G. Makouta,M,42,1997-07-25T00:00:00+00:00,180,,Right,Congo Republic,CG,COG,2100000,1814313600
6362,Alanyaspor,alanyaspor,Alanyaspor,ALA,Türkiye,TR,TUR,1400494,Ruan Pereira Duarte,Ruan,Pereira Duarte,ruan-pereira-duarte,R. Pereira Duarte,M,11,2005-05-03T00:00:00+00:00,172,,Right,Brazil,BR,BRA,3100000,1909008000
6362,Alanyaspor,alanyaspor,Alanyaspor,ALA,Türkiye,TR,TUR,1084884,Yusuf Özdemir,Yusuf Ozdemir,,yusuf-ozdemir,Y. Özdemir,M,88,2001-01-10T00:00:00+00:00,181,,Right,Türkiye,TR,TUR,2200000,1845936000
6362,Alanyaspor,alanyaspor,Alanyaspor,ALA,Türkiye,TR,TUR,1215110,Baran Ali Gezek,Baran Ali Gezek,,baran-ali-gezek,B. A. Gezek,M,55,2005-08-26T00:00:00+00:00,182,,Right,Türkiye,TR,TUR,1600000,1909008000
6362,Alanyaspor,alanyaspor,Alanyaspor,ALA,Türkiye,TR,TUR,826836,İzzet Çelik,Izzet,Celik,celik-izzet,İ. Çelik,M,26,2004-06-20T00:00:00+00:00,166,,Right,Türkiye,TR,TUR,245000,1877472000
6362,Alanyaspor,alanyaspor,Alanyaspor,ALA,Türkiye,TR,TUR,1214454,Şahin Dik,Sahin Dik,,sahin-dik,Ş. Dik,M,17,2004-02-07T00:00:00+00:00,170,,Left,Türkiye,TR,TUR,99000,1940544000
6362,Alanyaspor,alanyaspor,Alanyaspor,ALA,Türkiye,TR,TUR,897168,Enes Keskin,Enes,Keskin,enes-keskin,E. Keskin,M,8,2001-06-03T00:00:00+00:00,185,,Right,Türkiye,TR,TUR,370000,1877472000
6362,Alanyaspor,alanyaspor,Alanyaspor,ALA,Türkiye,TR,TUR,2690190,Arouna Soro,Arouna Soro,,arouna-soro,A. Soro,M,32,2007-07-12T00:00:00+00:00,175,,Right,Côte d'Ivoire,CI,CIV,,1940544000
6362,Alanyaspor,alanyaspor,Alanyaspor,ALA,Türkiye,TR,TUR,385296,Fidan Aliti,Fidan,Aliti,fidan-aliti,F. Aliti,D,5,1993-10-03T00:00:00+00:00,182,,Left,Kosovo,XK,XKX,870000,1845936000
6362,Alanyaspor,alanyaspor,Alanyaspor,ALA,Türkiye,TR,TUR,1133301,Nuno Lima,Nuno Lima,,nuno-lima,N. Lima,D,3,2001-03-16T00:00:00+00:00,184,,Right,Portugal,PT,PRT,2100000,1877472000
6362,Alanyaspor,alanyaspor,Alanyaspor,ALA,Türkiye,TR,TUR,827922,Fatih Aksoy,Fatih,Aksoy,fatih-aksoy,F. Aksoy,D,20,1997-11-06T00:00:00+00:00,189,,Right,Türkiye,TR,TUR,1100000,1814313600
6362,Alanyaspor,alanyaspor,Alanyaspor,ALA,Türkiye,TR,TUR,2128104,Bilal Demirağ,Bilal Demirağ,,bilal-demirag,B. Demirağ,D,,2009-04-27T00:00:00+00:00,181,,Right,Türkiye,TR,TUR,265000,1877472000
6362,Alanyaspor,alanyaspor,Alanyaspor,ALA,Türkiye,TR,TUR,1138102,Bedirhan Özyurt,Bedirhan Özyurt,,bedirhan-ozyurt,B. Özyurt,D,4,2003-03-25T00:00:00+00:00,195,,Right,Türkiye,TR,TUR,195000,1909008000
6362,Alanyaspor,alanyaspor,Alanyaspor,ALA,Türkiye,TR,TUR,34142,Paulo Victor,,,paulo-victor,P. Victor,G,48,1987-01-12T00:00:00+00:00,187,76,Left,Brazil,BR,BRA,55000,1814313600
6362,Alanyaspor,alanyaspor,Alanyaspor,ALA,Türkiye,TR,TUR,1149021,Mert Furkan Bayram,Mert Furkan Bayram,,mert-furkan-bayram,M. F. Bayram,G,23,2005-01-02T00:00:00+00:00,187,,Right,Türkiye,TR,TUR,280000,1877472000
6362,Alanyaspor,alanyaspor,Alanyaspor,ALA,Türkiye,TR,TUR,2456080,Mahmut Can Kara,Mahmut Can Kara,,mahmut-can-kara,M. C. Kara,G,99,2006-01-01T00:00:00+00:00,190,,Right,Türkiye,TR,TUR,,1845936000
207011,Amed Sportif Faaliyetler,amed-sportif-faaliyetler,Amed,AMS,Türkiye,TR,TUR,1217613,Gift Orban,Gift,Orban,gift-orban,G. Orban,F,99,2002-07-17T00:00:00+00:00,178,,Right,Nigeria,NG,NGA,7300000,1814313600
207011,Amed Sportif Faaliyetler,amed-sportif-faaliyetler,Amed,AMS,Türkiye,TR,TUR,346790,Mbaye Diagne,Mbaye,Diagne,mbaye-diagne,M. Diagne,F,45,1991-10-28T00:00:00+00:00,191,86,Right,Senegal,SN,SEN,640000,1814313600
207011,Amed Sportif Faaliyetler,amed-sportif-faaliyetler,Amed,AMS,Türkiye,TR,TUR,966663,Samuel Ballet,,,samuel-ballet,S. Ballet,F,10,2001-03-12T00:00:00+00:00,184,,Both,Switzerland,CH,CHE,2200000,1877472000
207011,Amed Sportif Faaliyetler,amed-sportif-faaliyetler,Amed,AMS,Türkiye,TR,TUR,1405687,Berk Kızıldemir,,,berk-kizildemir,B. Kızıldemir,F,97,2006-02-11T00:00:00+00:00,185,,Left,Türkiye,TR,TUR,,1877472000
207011,Amed Sportif Faaliyetler,amed-sportif-faaliyetler,Amed,AMS,Türkiye,TR,TUR,1513097,Mohamed Khalil,Mohamed Khalil,,mohamed-khalil,M. Khalil,F,74,2000-11-08T00:00:00+00:00,174,,Right,Türkiye,TR,TUR,130000,1877472000
207011,Amed Sportif Faaliyetler,amed-sportif-faaliyetler,Amed,AMS,Türkiye,TR,TUR,1907100,Dilhan Demir,Dilhan,Demir,dilhan-demir,D. Demir,F,21,2003-06-28T00:00:00+00:00,183,,Left,Germany,DE,DEU,97000,1845936000
207011,Amed Sportif Faaliyetler,amed-sportif-faaliyetler,Amed,AMS,Türkiye,TR,TUR,2216073,Muhammed Yıldırım,Muhammed Yildirim,,muhammed-yildirim,M. Yildirim,F,19,2005-10-10T00:00:00+00:00,174,69,Right,Türkiye,TR,TUR,,1877472000
207011,Amed Sportif Faaliyetler,amed-sportif-faaliyetler,Amed,AMS,Türkiye,TR,TUR,757742,Rayan Raveloson,Rayan,Raveloson,rayan-raveloson,R. Raveloson,M,22,1997-01-16T00:00:00+00:00,182,73,Right,Madagascar,MG,MDG,905000,1877472000
207011,Amed Sportif Faaliyetler,amed-sportif-faaliyetler,Amed,AMS,Türkiye,TR,TUR,985162,Yira Collins Sor,,,yira-collins-sor,Y. C. Sor,M,11,2000-07-24T00:00:00+00:00,174,,Right,Nigeria,NG,NGA,2400000,1877472000
207011,Amed Sportif Faaliyetler,amed-sportif-faaliyetler,Amed,AMS,Türkiye,TR,TUR,1160858,Ermal Krasniqi,Ermal,Krasniqi,ermal-krasniqi,E. Krasniqi,M,7,1998-09-07T00:00:00+00:00,188,,Left,Kosovo,XK,XKX,970000,1845936000
207011,Amed Sportif Faaliyetler,amed-sportif-faaliyetler,Amed,AMS,Türkiye,TR,TUR,609926,Dia Saba,Dia,Saba,dia-saba,D. Saba,M,91,1992-11-18T00:00:00+00:00,172,,Left,Israel,IL,ISR,670000,1814313600
207011,Amed Sportif Faaliyetler,amed-sportif-faaliyetler,Amed,AMS,Türkiye,TR,TUR,1218519,Rayan Lutin,Rayan Lutin,,rayan-lutin,R. Lutin,M,93,2003-01-16T00:00:00+00:00,170,,Left,Comoros,KM,COM,850000,1845936000
207011,Amed Sportif Faaliyetler,amed-sportif-faaliyetler,Amed,AMS,Türkiye,TR,TUR,797820,Gökhan Gül,Gokhan,Gul,gokhan-gul,G. Gül,M,18,1998-07-17T00:00:00+00:00,180,75,Right,Germany,DE,DEU,1200000,1845936000
207011,Amed Sportif Faaliyetler,amed-sportif-faaliyetler,Amed,AMS,Türkiye,TR,TUR,1387006,Cem Üstündag,,,cem-ustundag,C. Üstündag,M,6,2001-01-20T00:00:00+00:00,178,,Right,Austria,AT,AUT,575000,1845936000
207011,Amed Sportif Faaliyetler,amed-sportif-faaliyetler,Amed,AMS,Türkiye,TR,TUR,226992,Furkan Soyalp,Furkan,Soyalp,furkan-soyalp,F. Soyalp,M,8,1995-06-12T00:00:00+00:00,175,73,Right,Türkiye,TR,TUR,380000,1814313600
207011,Amed Sportif Faaliyetler,amed-sportif-faaliyetler,Amed,AMS,Türkiye,TR,TUR,2270585,Hüseyin Ülgüt,Hüseyin Ülgüt,,huseyin-ulgut,H. Ülgüt,M,,2007-01-29T00:00:00+00:00,,,,Türkiye,TR,TUR,,1814313600
207011,Amed Sportif Faaliyetler,amed-sportif-faaliyetler,Amed,AMS,Türkiye,TR,TUR,1149043,Ali Turap Bülbül,,,ali-turap-bulbul,A. T. Bülbül,D,81,2005-01-25T00:00:00+00:00,179,,Right,Türkiye,TR,TUR,540000,1845936000
207011,Amed Sportif Faaliyetler,amed-sportif-faaliyetler,Amed,AMS,Türkiye,TR,TUR,970518,Lumbardh Dellova,,,lumbardh-dellova,L. Dellova,D,5,1999-01-01T00:00:00+00:00,187,,Right,Kosovo,XK,XKX,1600000,1877472000
207011,Amed Sportif Faaliyetler,amed-sportif-faaliyetler,Amed,AMS,Türkiye,TR,TUR,1935903,Amadou Cissé,,,amadou-cisse,A. Cissé,D,33,2006-02-26T00:00:00+00:00,183,,Right,Guinea,GN,GIN,185000,1877472000
207011,Amed Sportif Faaliyetler,amed-sportif-faaliyetler,Amed,AMS,Türkiye,TR,TUR,839675,David Robert Bates,David Robert,Bates,david-robert-bates,D. Bates,D,4,1996-10-05T00:00:00+00:00,193,74,Right,Scotland,SX,SCO,1900000,1845936000
207011,Amed Sportif Faaliyetler,amed-sportif-faaliyetler,Amed,AMS,Türkiye,TR,TUR,609746,Umut Meraş,Umut,Meras,umut-meras,U. Meraş,D,17,1995-12-20T00:00:00+00:00,178,,Left,Türkiye,TR,TUR,430000,1845936000
207011,Amed Sportif Faaliyetler,amed-sportif-faaliyetler,Amed,AMS,Türkiye,TR,TUR,840639,Mehmet Yeşil,Mehmet,Yesil,mehmet-yesil,M. Yeşil,D,21,1998-05-31T00:00:00+00:00,188,,Right,Türkiye,TR,TUR,930000,1845936000
207011,Amed Sportif Faaliyetler,amed-sportif-faaliyetler,Amed,AMS,Türkiye,TR,TUR,845313,Kahraman Demirtaş,,,kahraman-demirtas,K. Demirtaş,D,47,1994-03-01T00:00:00+00:00,184,75,Left,Türkiye,TR,TUR,94000,1814313600
207011,Amed Sportif Faaliyetler,amed-sportif-faaliyetler,Amed,AMS,Türkiye,TR,TUR,899065,Miraç Acer,Mirac,Acer,mirac-acer,M. Acer,D,3,1996-08-03T00:00:00+00:00,177,,Right,Türkiye,TR,TUR,130000,1814313600
207011,Amed Sportif Faaliyetler,amed-sportif-faaliyetler,Amed,AMS,Türkiye,TR,TUR,1989916,Berat Perçin,Berat,Perçin,berat-percin,B. Perçin,D,56,2005-09-20T00:00:00+00:00,181,,Right,Türkiye,TR,TUR,,1877472000
207011,Amed Sportif Faaliyetler,amed-sportif-faaliyetler,Amed,AMS,Türkiye,TR,TUR,826201,Alban Lafont,Alban,Lafont,alban-lafont,A. Lafont,G,40,1999-01-23T00:00:00+00:00,195,,Right,Côte d'Ivoire,CI,CIV,2700000,1877472000
207011,Amed Sportif Faaliyetler,amed-sportif-faaliyetler,Amed,AMS,Türkiye,TR,TUR,934201,Burak Bozan,Burak,Bozan,burak-bozan,B. Bozan,G,27,2000-08-23T00:00:00+00:00,196,,Right,Türkiye,TR,TUR,550000,1877472000
207011,Amed Sportif Faaliyetler,amed-sportif-faaliyetler,Amed,AMS,Türkiye,TR,TUR,794259,Veysel Sapan,Veysel,Sapan,veysel-sapan,V. Sapan,G,96,1996-01-11T00:00:00+00:00,197,82,Right,Türkiye,TR,TUR,97000,1845936000
207011,Amed Sportif Faaliyetler,amed-sportif-faaliyetler,Amed,AMS,Türkiye,TR,TUR,2725070,Muhammed Damar,Muhammed Damar,,muhammed-damar,M. Damar,G,95,2008-02-26T00:00:00+00:00,187,,,Türkiye,TR,TUR,,
3086,Başakşehir FK,basaksehir-fk,Başakşehir,BAS,Türkiye,TR,TUR,791355,Eldor Shomurodov,Eldor,Shomurodov,eldor-shomurodov,E. Shomurodov,F,14,1995-06-29T00:00:00+00:00,190,,Right,Uzbekistan,UZ,UZB,7400000,1845936000
3086,Başakşehir FK,basaksehir-fk,Başakşehir,BAS,Türkiye,TR,TUR,1382235,Bertuğ Yıldırım,Bertug Yildirim,,bertug-ozgur-yildirim,B. Yıldırım,F,91,2002-07-12T00:00:00+00:00,186,,Right,Türkiye,TR,TUR,6700000,1877472000
3086,Başakşehir FK,basaksehir-fk,Başakşehir,BAS,Türkiye,TR,TUR,187437,Davie Selke,Davie,Selke,davie-selke,D. Selke,F,9,1995-01-20T00:00:00+00:00,195,75,Right,Germany,DE,DEU,2900000,1814313600
3086,Başakşehir FK,basaksehir-fk,Başakşehir,BAS,Türkiye,TR,TUR,916182,Ivan Brnić,Ivan,Brnic,ivan-brnic,I. Brnić,F,77,2001-08-23T00:00:00+00:00,175,,Right,Croatia,HR,HRV,2100000,1845936000
3086,Başakşehir FK,basaksehir-fk,Başakşehir,BAS,Türkiye,TR,TUR,869839,Umut Bozok,Umut,Bozok,umut-bozok,U. Bozok,F,17,1996-09-19T00:00:00+00:00,178,,Right,Türkiye,TR,TUR,1500000,1845936000
3086,Başakşehir FK,basaksehir-fk,Başakşehir,BAS,Türkiye,TR,TUR,1148977,Batuhan Çelik,Batuhan Celik,,batuhan-celik,B. Çelik,F,91,2005-01-12T00:00:00+00:00,186,,Right,Türkiye,TR,TUR,980000,1814313600
3086,Başakşehir FK,basaksehir-fk,Başakşehir,BAS,Türkiye,TR,TUR,1118429,Abbosbek Fayzullaev,Abbosbek,Fayzullaev,abbosbek-fayzullaev,A. Fayzullaev,M,11,2003-10-03T00:00:00+00:00,167,,Right,Uzbekistan,UZ,UZB,6500000,1909008000
3086,Başakşehir FK,basaksehir-fk,Başakşehir,BAS,Türkiye,TR,TUR,888537,Andreas Skov Olsen,Andreas,Skov Olsen,andreas-skov-olsen,A. Skov Olsen,M,70,1999-12-29T00:00:00+00:00,187,,Left,Denmark,DK,DNK,6600000,1814313600
3086,Başakşehir FK,basaksehir-fk,Başakşehir,BAS,Türkiye,TR,TUR,109779,Edin Višća,,,edin-visca,E. Višća,M,7,1990-02-17T00:00:00+00:00,172,63,Right,Bosnia & Herzegovina,BA,BIH,90000,1814313600
3086,Başakşehir FK,basaksehir-fk,Başakşehir,BAS,Türkiye,TR,TUR,1019026,Jakub Kałuziński,Jakub,Kaluzinski,jakub-kaluzinski,J. Kałuziński,M,18,2002-10-31T00:00:00+00:00,185,,Both,Poland,PL,POL,2300000,1877472000
3086,Başakşehir FK,basaksehir-fk,Başakşehir,BAS,Türkiye,TR,TUR,280447,Olivier Kemen,Olivier,Kemen,olivier-kemen,O. Kemen,M,8,1996-07-20T00:00:00+00:00,177,,Right,Cameroon,CM,CMR,2400000,1814313600
3086,Başakşehir FK,basaksehir-fk,Başakşehir,BAS,Türkiye,TR,TUR,896364,Yusuf Sarı,Yusuf,Sari,yusuf-sari,Y. Sarı,M,7,1998-11-20T00:00:00+00:00,168,,Left,Türkiye,TR,TUR,4300000,1845936000
3086,Başakşehir FK,basaksehir-fk,Başakşehir,BAS,Türkiye,TR,TUR,806964,Berkay Özcan,Berkay,Ozcan,berkay-ozcan,B. Özcan,M,19,1998-02-15T00:00:00+00:00,178,80,Both,Türkiye,TR,TUR,1300000,1814313600
3086,Başakşehir FK,basaksehir-fk,Başakşehir,BAS,Türkiye,TR,TUR,876782,Umut Güneş,Umut,Gunes,umut-gunes,U. Güneş,M,20,2000-03-16T00:00:00+00:00,177,,Left,Türkiye,TR,TUR,2900000,1845936000
3086,Başakşehir FK,basaksehir-fk,Başakşehir,BAS,Türkiye,TR,TUR,893009,Onur Ergün,Onur,Ergun,onur-ergun,O. Ergün,M,4,1992-11-15T00:00:00+00:00,185,,Right,Türkiye,TR,TUR,145000,1814313600
3086,Başakşehir FK,basaksehir-fk,Başakşehir,BAS,Türkiye,TR,TUR,920514,Jerome Opoku,,,opoku-jerome,J. Opoku,D,3,1998-10-14T00:00:00+00:00,194,,Left,Ghana,GH,GHA,7500000,1814313600
3086,Başakşehir FK,basaksehir-fk,Başakşehir,BAS,Türkiye,TR,TUR,858977,Christopher Operi,Christopher,Operi,christopher-operi,C. Operi,D,21,1997-04-29T00:00:00+00:00,182,,Left,Côte d'Ivoire,CI,CIV,3700000,1814313600
3086,Başakşehir FK,basaksehir-fk,Başakşehir,BAS,Türkiye,TR,TUR,910043,Michał Karbownik,Michal,Karbownik,michal-karbownik,M. Karbownik,D,33,2001-03-13T00:00:00+00:00,175,,Right,Poland,PL,POL,1700000,1877472000
3086,Başakşehir FK,basaksehir-fk,Başakşehir,BAS,Türkiye,TR,TUR,1652678,Saba Kharebashvili,,,kharebashvili-saba,S. Kharebashvili,D,38,2008-09-03T00:00:00+00:00,184,,Left,Georgia,GE,GEO,2300000,1909008000
3086,Başakşehir FK,basaksehir-fk,Başakşehir,BAS,Türkiye,TR,TUR,997153,Emin Bayram,,,emin-bayram,E. Bayram,D,23,2003-04-02T00:00:00+00:00,193,,Right,Türkiye,TR,TUR,3900000,1909008000
3086,Başakşehir FK,basaksehir-fk,Başakşehir,BAS,Türkiye,TR,TUR,142494,Onur Bulut,Onur,Bulut,onur-bulut,O. Bulut,D,6,1994-04-16T00:00:00+00:00,179,74,Right,Türkiye,TR,TUR,580000,1814313600
3086,Başakşehir FK,basaksehir-fk,Başakşehir,BAS,Türkiye,TR,TUR,889430,Ousseynou Ba,Ousseynou,Ba,ousseynou-ba,O. Ba,D,27,1995-11-11T00:00:00+00:00,192,84,Right,Senegal,SN,SEN,1300000,1814313600
3086,Başakşehir FK,basaksehir-fk,Başakşehir,BAS,Türkiye,TR,TUR,1562294,Hamza Güreler,Hamza Güreler,,hamza-gureler,H. Güreler,D,15,2006-04-10T00:00:00+00:00,192,,Right,Türkiye,TR,TUR,1700000,1845936000
3086,Başakşehir FK,basaksehir-fk,Başakşehir,BAS,Türkiye,TR,TUR,103912,Ömer Ali Şahiner,,,omer-ali-sahiner,Ö. A. Şahiner,D,42,1992-01-02T00:00:00+00:00,175,66,Right,Türkiye,TR,TUR,185000,1845936000
3086,Başakşehir FK,basaksehir-fk,Başakşehir,BAS,Türkiye,TR,TUR,827418,Muhammed Şengezer,Muhammed,Sengezer,muhammed-sengezer,M. Şengezer,G,16,1997-01-05T00:00:00+00:00,185,75,Right,Türkiye,TR,TUR,3600000,1845936000
3086,Başakşehir FK,basaksehir-fk,Başakşehir,BAS,Türkiye,TR,TUR,30143,Volkan Babacan,,,volkan-babacan,V. Babacan,G,1,1988-08-11T00:00:00+00:00,192,86,Right,Türkiye,TR,TUR,52000,1814313600
3086,Başakşehir FK,basaksehir-fk,Başakşehir,BAS,Türkiye,TR,TUR,1065508,Deniz Dilmen,Deniz Dilmen,,deniz-dilmen,D. Dilmen,G,98,2005-06-05T00:00:00+00:00,198,,Left,Türkiye,TR,TUR,1100000,1814313600
3086,Başakşehir FK,basaksehir-fk,Başakşehir,BAS,Türkiye,TR,TUR,1549522,Luca Stancic,Luca Stancic,,luca-stancic,L. Stancic,G,78,2007-01-20T00:00:00+00:00,189,,Right,Türkiye,TR,TUR,,1845936000
3086,Başakşehir FK,basaksehir-fk,Başakşehir,BAS,Türkiye,TR,TUR,2693729,Ege Öztürk,Ege Öztürk,,ege-ozturk,E. Öztürk,G,80,2007-12-04T00:00:00+00:00,192,,Right,Türkiye,TR,TUR,,
3050,Beşiktaş JK,besiktas,Beşiktaş,BES,Türkiye,TR,TUR,832208,Dušan Vlahović,Dusan,Vlahovic,dusan-vlahovic,D. Vlahović,F,28,2000-01-28T00:00:00+00:00,190,78,Left,Serbia,RS,SRB,34000000,1877472000
3050,Beşiktaş JK,besiktas,Beşiktaş,BES,Türkiye,TR,TUR,135666,Leandro Trossard,Leandro,Trossard,leandro-trossard,L. Trossard,F,19,1994-12-04T00:00:00+00:00,172,61,Right,Belgium,BE,BEL,19300000,1877472000
3050,Beşiktaş JK,besiktas,Beşiktaş,BES,Türkiye,TR,TUR,1142606,Semih Kılıçsoy,,,semih-kilicsoy,S. Kilicsoy,F,90,2005-08-15T00:00:00+00:00,178,,Right,Türkiye,TR,TUR,11700000,1845936000
3050,Beşiktaş JK,besiktas,Beşiktaş,BES,Türkiye,TR,TUR,1010634,Hyeon-gyu Oh,,,hyun-gyu-oh,H. Oh,F,9,2001-04-12T00:00:00+00:00,185,75,Right,South Korea,KR,KOR,16000000,1877472000
3050,Beşiktaş JK,besiktas,Beşiktaş,BES,Türkiye,TR,TUR,1119502,Ernest Poku,Ernest,Poku,ernest-poku,E. Poku,F,17,2004-01-28T00:00:00+00:00,172,,Right,Netherlands,NL,NLD,24000000,1814313600
3050,Beşiktaş JK,besiktas,Beşiktaş,BES,Türkiye,TR,TUR,1524303,Mustafa Hekimoğlu,Mustafa Hekimoglu,,mustafa-hekimoglu,M. Hekimoğlu,F,23,2007-04-22T00:00:00+00:00,186,,Right,Türkiye,TR,TUR,5200000,1845936000
3050,Beşiktaş JK,besiktas,Beşiktaş,BES,Türkiye,TR,TUR,918408,Can Keleş,Can,Keles,can-keles,C. Keleş,F,25,2001-09-02T00:00:00+00:00,180,,Left,Austria,AT,AUT,1300000,1845936000
3050,Beşiktaş JK,besiktas,Beşiktaş,BES,Türkiye,TR,TUR,1992478,Ahmet Sami Bircan,Ahmet Sami Bircan,,ahmet-sami-bircan,A. S. Bircan,F,70,2007-01-24T00:00:00+00:00,177,,Right,Türkiye,TR,TUR,110000,1845936000
3050,Beşiktaş JK,besiktas,Beşiktaş,BES,Türkiye,TR,TUR,1584906,Ozan Sevim,Ozan Sevim,,ozan-sevim,O. Sevim,F,66,2007-01-24T00:00:00+00:00,185,,Right,Türkiye,TR,TUR,,1845936000
3050,Beşiktaş JK,besiktas,Beşiktaş,BES,Türkiye,TR,TUR,907461,Orkun Kökçü,Orkun,Kokcu,orkun-kokcu,O. Kökçü,M,10,2000-12-29T00:00:00+00:00,175,,Both,Türkiye,TR,TUR,24000000,1909008000
3050,Beşiktaş JK,besiktas,Beşiktaş,BES,Türkiye,TR,TUR,787885,Wilfred Ndidi,Wilfred,Ndidi,wilfred-ndidi,W. Ndidi,M,4,1996-12-16T00:00:00+00:00,186,80,Right,Nigeria,NG,NGA,7500000,1845936000
3050,Beşiktaş JK,besiktas,Beşiktaş,BES,Türkiye,TR,TUR,1124357,Junior Olaitan,Junior Olaitan,,junior-olaitan,J. Olaitan,M,15,2002-05-09T00:00:00+00:00,174,,Right,Benin,BJ,BEN,6800000,1877472000
3050,Beşiktaş JK,besiktas,Beşiktaş,BES,Türkiye,TR,TUR,1010223,Fabio Miretti,,,fabio-miretti,F. Miretti,M,21,2003-08-03T00:00:00+00:00,179,,Right,Italy,IT,ITA,14600000,1814313600
3050,Beşiktaş JK,besiktas,Beşiktaş,BES,Türkiye,TR,TUR,800411,Milot Rashica,Milot,Rashica,milot-rashica,M. Rashica,M,7,1996-06-28T00:00:00+00:00,177,73,Right,Kosovo,XK,XKX,3300000,1814313600
3050,Beşiktaş JK,besiktas,Beşiktaş,BES,Türkiye,TR,TUR,280631,Václav Černý,,,vaclav-cerny,V. Černý,M,18,1997-10-17T00:00:00+00:00,182,63,Left,Czechia,CZ,CZE,7200000,1845936000
3050,Beşiktaş JK,besiktas,Beşiktaş,BES,Türkiye,TR,TUR,795005,Salih Özcan,Salih,Ozcan,salih-ozcan,S. Özcan,M,6,1998-01-11T00:00:00+00:00,180,,Right,Türkiye,TR,TUR,3400000,1877472000
3050,Beşiktaş JK,besiktas,Beşiktaş,BES,Türkiye,TR,TUR,966811,Kartal Kayra Yılmaz,,,kartal-kayra-yilmaz,K. K. Yılmaz,M,8,2000-11-04T00:00:00+00:00,177,,Right,Türkiye,TR,TUR,2400000,1845936000
3050,Beşiktaş JK,besiktas,Beşiktaş,BES,Türkiye,TR,TUR,1858278,İlhan Fakılı,Ilhan Fakili,,ilhan-fakili,I. Fakili,M,29,2006-01-18T00:00:00+00:00,180,,Right,Türkiye,TR,TUR,1300000,1909008000
3050,Beşiktaş JK,besiktas,Beşiktaş,BES,Türkiye,TR,TUR,839493,Amir Murillo,Amir,Murillo,amir-murillo,A. Murillo,D,62,1996-02-11T00:00:00+00:00,183,75,Right,Panama,PA,PAN,6600000,1845936000
3050,Beşiktaş JK,besiktas,Beşiktaş,BES,Türkiye,TR,TUR,1013842,Emmanuel Agbadou,,,emmanuel-agbadou,E. Agbadou,D,12,1997-06-17T00:00:00+00:00,192,,Right,Côte d'Ivoire,CI,CIV,16500000,1909008000
3050,Beşiktaş JK,besiktas,Beşiktaş,BES,Türkiye,TR,TUR,892735,Tiago Djaló,Tiago,Djalo,tiago-djalo,T. Djaló,D,35,2000-04-09T00:00:00+00:00,190,,Right,Portugal,PT,PRT,7500000,1845936000
3050,Beşiktaş JK,besiktas,Beşiktaş,BES,Türkiye,TR,TUR,895009,Emirhan Topçu,Emirhan,Topcu,emirhan-topcu,E. Topçu,D,53,2000-10-11T00:00:00+00:00,188,,Left,Türkiye,TR,TUR,6500000,1845936000
3050,Beşiktaş JK,besiktas,Beşiktaş,BES,Türkiye,TR,TUR,910086,Rıdvan Yılmaz,Ridvan,Yilmaz,ridvan-yilmaz,R. Yılmaz,D,33,2001-05-21T00:00:00+00:00,174,,Left,Türkiye,TR,TUR,4700000,1845936000
3050,Beşiktaş JK,besiktas,Beşiktaş,BES,Türkiye,TR,TUR,1392102,Yasin Özcan,,,yasin-ozcan,Y. Özcan,D,58,2006-04-20T00:00:00+00:00,185,,Left,Türkiye,TR,TUR,5300000,1801008000
3050,Beşiktaş JK,besiktas,Beşiktaş,BES,Türkiye,TR,TUR,1397558,Kassoum Ouattara,Kassoum,Ouattara,kassoum-ouattara,K. Ouattara,D,11,2004-10-14T00:00:00+00:00,184,,Left,France,FR,FRA,11600000,1909008000
3050,Beşiktaş JK,besiktas,Beşiktaş,BES,Türkiye,TR,TUR,1418644,Taylan Bulut,Taylan Bulut,,taylan-bulut,T. Bulut,D,22,2006-01-19T00:00:00+00:00,188,,Right,Germany,DE,DEU,5200000,1909008000
3050,Beşiktaş JK,besiktas,Beşiktaş,BES,Türkiye,TR,TUR,1215071,Ümit Akdağ,Umit Akdag,,umit-akdag,Ü. Akdağ,D,50,2003-10-06T00:00:00+00:00,192,,Left,Türkiye,TR,TUR,6400000,1909008000
3050,Beşiktaş JK,besiktas,Beşiktaş,BES,Türkiye,TR,TUR,1899886,Mustafa Yortaç,Mustafa Yortaç,,mustafa-yortac,M. Yortaç,D,63,2008-03-01T00:00:00+00:00,184,,Right,Türkiye,TR,TUR,,1845936000
3050,Beşiktaş JK,besiktas,Beşiktaş,BES,Türkiye,TR,TUR,584722,Alexander Nübel,Alexander,Nubel,alexander-nubel,A. Nübel,G,1,1996-09-30T00:00:00+00:00,193,85,Right,Germany,DE,DEU,10900000,1877472000
3050,Beşiktaş JK,besiktas,Beşiktaş,BES,Türkiye,TR,TUR,947874,Doğan Alemdar,,,dogan-alemdar,D. Alemdar,G,80,2002-10-29T00:00:00+00:00,192,,Right,Türkiye,TR,TUR,1400000,1909008000
3050,Beşiktaş JK,besiktas,Beşiktaş,BES,Türkiye,TR,TUR,1417036,Emir Yaşar,Emir Yasar,,emir-yasar,E. Yaşar,G,96,2006-01-16T00:00:00+00:00,190,,Right,Türkiye,TR,TUR,94000,1845936000
55603,Erzurumspor FK,erzurumspor-fk,Erzurumspor,ERZ,Türkiye,TR,TUR,1156696,Nariman Akhundzade,Nariman Akhundzade,,nariman-akhundzade,N. Akhundzade,F,90,2004-04-23T00:00:00+00:00,185,,Left,Azerbaijan,AZ,AZE,2100000,1814313600
55603,Erzurumspor FK,erzurumspor-fk,Erzurumspor,ERZ,Türkiye,TR,TUR,1084043,Ibrahim Diabaté,Ibrahim,Diabate,ibrahim-diabate,I. Diabaté,F,19,1999-11-17T00:00:00+00:00,185,,Right,Côte d'Ivoire,CI,CIV,1400000,1814313600
55603,Erzurumspor FK,erzurumspor-fk,Erzurumspor,ERZ,Türkiye,TR,TUR,386950,Gyrano Kerk,Gyrano,Kerk,gyrano-kerk,G. Kerk,F,9,1995-12-02T00:00:00+00:00,175,68,Right,Suriname,SR,SUR,2900000,
55603,Erzurumspor FK,erzurumspor-fk,Erzurumspor,ERZ,Türkiye,TR,TUR,100908,Eren Tozlu,,,eren-tozlu,E. Tozlu,F,10,1990-12-27T00:00:00+00:00,175,,Right,Türkiye,TR,TUR,95000,1814313600
55603,Erzurumspor FK,erzurumspor-fk,Erzurumspor,ERZ,Türkiye,TR,TUR,2214421,Kerem Erener,Kerem Erener,,kerem-erener,K. Erener,F,,2006-04-05T00:00:00+00:00,181,,Right,Türkiye,TR,TUR,,
55603,Erzurumspor FK,erzurumspor-fk,Erzurumspor,ERZ,Türkiye,TR,TUR,904424,Elisha Owusu,Elisha,Owusu,elisha-owusu,E. Owusu,M,42,1997-11-07T00:00:00+00:00,179,62,Right,Ghana,GH,GHA,4300000,1845936000
55603,Erzurumspor FK,erzurumspor-fk,Erzurumspor,ERZ,Türkiye,TR,TUR,1185568,Lawrence Agyekum,Lawrence Agyekum,,lawrence-agyekum,L. Agyekum,M,6,2003-11-23T00:00:00+00:00,174,,Right,Ghana,GH,GHA,1400000,1877472000
55603,Erzurumspor FK,erzurumspor-fk,Erzurumspor,ERZ,Türkiye,TR,TUR,344009,Miguel Cardoso,Miguel,Cardoso,miguel-cardoso,M. Cardoso,M,20,1994-06-19T00:00:00+00:00,176,71,Both,Portugal,PT,PRT,1400000,1845936000
55603,Erzurumspor FK,erzurumspor-fk,Erzurumspor,ERZ,Türkiye,TR,TUR,312130,Martín Rodríguez,,,martin-rodriguez,M. Rodríguez,M,65,1994-08-05T00:00:00+00:00,171,68,Right,Chile,CL,CHL,415000,1814313600
55603,Erzurumspor FK,erzurumspor-fk,Erzurumspor,ERZ,Türkiye,TR,TUR,861975,Brandon Baiye,Brandon,Baiye,brandon-baiye,B. Baiye,M,6,2000-12-27T00:00:00+00:00,177,,Right,Belgium,BE,BEL,1400000,1814313600
55603,Erzurumspor FK,erzurumspor-fk,Erzurumspor,ERZ,Türkiye,TR,TUR,997157,Mustafa Fettahoglu,,,mustafa-fettahoglu,M. Fettahoglu,M,99,2001-01-02T00:00:00+00:00,177,,Right,Türkiye,TR,TUR,1500000,1814313600
55603,Erzurumspor FK,erzurumspor-fk,Erzurumspor,ERZ,Türkiye,TR,TUR,1149000,Emirhan Acar,Emirhan Acar,,emirhan-acar,E. Acar,M,30,2005-07-25T00:00:00+00:00,185,77,Both,Türkiye,TR,TUR,585000,1877472000
55603,Erzurumspor FK,erzurumspor-fk,Erzurumspor,ERZ,Türkiye,TR,TUR,857751,Sefa Akgün,Sefa,Akgun,sefa-akgun,S. Akgün,M,8,2000-06-30T00:00:00+00:00,173,,Left,Türkiye,TR,TUR,1100000,1814313600
55603,Erzurumspor FK,erzurumspor-fk,Erzurumspor,ERZ,Türkiye,TR,TUR,858004,Nihad Mujakić,Nihad,Mujakic,nihad-mujakic,N. Mujakić,D,18,1998-04-15T00:00:00+00:00,189,,Left,Bosnia & Herzegovina,BA,BIH,1100000,1877472000
55603,Erzurumspor FK,erzurumspor-fk,Erzurumspor,ERZ,Türkiye,TR,TUR,983059,Festy Ebosele,,,festy-ebosele,F. Ebosele,D,2,2002-08-02T00:00:00+00:00,180,,Right,Ireland,IE,IRL,2700000,1814313600
55603,Erzurumspor FK,erzurumspor-fk,Erzurumspor,ERZ,Türkiye,TR,TUR,564370,Guram Giorbelidze,Guram,Giorbelidze,guram-giorbelidze,G. Giorbelidze,D,15,1996-02-25T00:00:00+00:00,173,68,Left,Georgia,GE,GEO,360000,1814313600
55603,Erzurumspor FK,erzurumspor-fk,Erzurumspor,ERZ,Türkiye,TR,TUR,1177440,Yakup Kırtay,Yakup,Kirtay,kirtay-yakup,Y. Kırtay,D,3,2003-07-16T00:00:00+00:00,187,,Left,Türkiye,TR,TUR,1600000,1814313600
55603,Erzurumspor FK,erzurumspor-fk,Erzurumspor,ERZ,Türkiye,TR,TUR,1123371,Amar Gerxhaliu,,,amar-gerxhaliu,A. Gerxhaliu,D,4,2002-04-26T00:00:00+00:00,193,,Right,Kosovo,XK,XKX,825000,1814313600
55603,Erzurumspor FK,erzurumspor-fk,Erzurumspor,ERZ,Türkiye,TR,TUR,130454,Orhan Ovacıklı,,,orhan-ovackl,O. Ovacıklı,D,53,1988-11-23T00:00:00+00:00,180,71,Right,Türkiye,TR,TUR,46000,1814313600
55603,Erzurumspor FK,erzurumspor-fk,Erzurumspor,ERZ,Türkiye,TR,TUR,1907733,Ömer Arda Kara,Ömer Arda Kara,,omer-arda-kara,Ö. A. Kara,D,25,2007-10-31T00:00:00+00:00,187,,Left,Türkiye,TR,TUR,140000,1814313600
55603,Erzurumspor FK,erzurumspor-fk,Erzurumspor,ERZ,Türkiye,TR,TUR,124643,Mustafa Yumlu,Mustafa,Yumlu,mustafa-yumlu,M. Yumlu,D,22,1987-09-25T00:00:00+00:00,191,76,Right,Türkiye,TR,TUR,48000,1814313600
55603,Erzurumspor FK,erzurumspor-fk,Erzurumspor,ERZ,Türkiye,TR,TUR,1009337,Cengizhan Bayrak,Cengizhan,Bayrak,cengizhan-bayrak,C. Bayrak,D,23,1999-11-15T00:00:00+00:00,172,,Left,Türkiye,TR,TUR,160000,1814313600
55603,Erzurumspor FK,erzurumspor-fk,Erzurumspor,ERZ,Türkiye,TR,TUR,1989832,Taha Rençber,Taha,Rençber,taha-rencber,T. Rençber,D,44,2008-03-07T00:00:00+00:00,186,,Left,Türkiye,TR,TUR,47000,1909008000
55603,Erzurumspor FK,erzurumspor-fk,Erzurumspor,ERZ,Türkiye,TR,TUR,1431652,Emre Erdem,Emre Erdem,,emre-erdem,E. Erdem,D,35,2002-06-21T00:00:00+00:00,183,,Right,Türkiye,TR,TUR,155000,1845936000
55603,Erzurumspor FK,erzurumspor-fk,Erzurumspor,ERZ,Türkiye,TR,TUR,2443374,Yigit Baran Karaoglan,,,yigit-baran-karaoglan,Y. B. Karaoğlan,D,55,2006-02-16T00:00:00+00:00,178,,Right,Türkiye,TR,TUR,,1845936000
55603,Erzurumspor FK,erzurumspor-fk,Erzurumspor,ERZ,Türkiye,TR,TUR,105974,Ertuğrul Taşkıran,,,ertugrul-taskran,E. Taşkıran,G,1,1989-11-05T00:00:00+00:00,191,,Right,Türkiye,TR,TUR,105000,
55603,Erzurumspor FK,erzurumspor-fk,Erzurumspor,ERZ,Türkiye,TR,TUR,909010,Matija Orbanić,Matija,Orbanic,matija-orbanic,M. Orbanić,G,31,2000-05-29T00:00:00+00:00,188,,Left,Croatia,HR,HRV,1200000,1814313600
55603,Erzurumspor FK,erzurumspor-fk,Erzurumspor,ERZ,Türkiye,TR,TUR,934055,Erkan Anapa,Erkan,Anapa,erkan-anapa,E. Anapa,G,17,1998-01-27T00:00:00+00:00,187,,Right,Türkiye,TR,TUR,81000,1814313600
55603,Erzurumspor FK,erzurumspor-fk,Erzurumspor,ERZ,Türkiye,TR,TUR,2283613,Şerefhan Sağlık,Şerefhan Sağlık,,serefhan-saglik,Ş. Sağlık,G,96,2005-01-08T00:00:00+00:00,195,,Left,Türkiye,TR,TUR,,1845936000
7040,Eyüpspor,eyupspor,Eyüpspor,EYU,Türkiye,TR,TUR,1442017,Ahmed Abdullahi,,,abdullahi-ahmed,A. Abdullahi,F,29,2004-06-19T00:00:00+00:00,181,,Right,Nigeria,NG,NGA,750000,
7040,Eyüpspor,eyupspor,Eyüpspor,EYU,Türkiye,TR,TUR,1000187,Yusuf Barası,,,yusuf-barasi,Y. Barası,F,9,2003-03-31T00:00:00+00:00,182,,Right,Türkiye,TR,TUR,775000,1814313600
7040,Eyüpspor,eyupspor,Eyüpspor,EYU,Türkiye,TR,TUR,2460449,Abdou Sy,Abdou Sy,,abdou-sy,A. Sy,F,25,2007-12-15T00:00:00+00:00,,,Right,Senegal,SN,SEN,90000,1845936000
7040,Eyüpspor,eyupspor,Eyüpspor,EYU,Türkiye,TR,TUR,2266454,Christ Sadia,Christ,Sadia,christ-sadia,C. Sadia,F,84,2007-04-11T00:00:00+00:00,185,,Left,Côte d'Ivoire,CI,CIV,110000,1845936000
7040,Eyüpspor,eyupspor,Eyüpspor,EYU,Türkiye,TR,TUR,1388003,Musa Karakas,,,musa-karakas,M. Karakas,F,,2004-07-17T00:00:00+00:00,174,,Right,Türkiye,TR,TUR,,1877472000
7040,Eyüpspor,eyupspor,Eyüpspor,EYU,Türkiye,TR,TUR,807400,Abdelhamid Sabiri,Abdelhamid,Sabiri,abdelhamid-sabiri,A. Sabiri,M,10,1996-11-28T00:00:00+00:00,186,80,Both,Morocco,MA,MAR,925000,
7040,Eyüpspor,eyupspor,Eyüpspor,EYU,Türkiye,TR,TUR,851243,Konrad Michalak,Konrad,Michalak,konrad-michalak,K. Michalak,M,77,1997-09-19T00:00:00+00:00,174,61,Right,Poland,PL,POL,530000,
7040,Eyüpspor,eyupspor,Eyüpspor,EYU,Türkiye,TR,TUR,769163,Bilal Boutobba,Bilal,Boutobba,bilal-boutobba,B. Boutobba,M,98,1998-08-29T00:00:00+00:00,172,65,Left,France,FR,FRA,1300000,1814313600
7040,Eyüpspor,eyupspor,Eyüpspor,EYU,Türkiye,TR,TUR,1394720,Hamza Akman,Hamza,Akman,hamza-akman,H. Akman,M,18,2004-09-27T00:00:00+00:00,170,,Right,Türkiye,TR,TUR,390000,1845936000
7040,Eyüpspor,eyupspor,Eyüpspor,EYU,Türkiye,TR,TUR,1083138,Chandrel Massanga,Chandrel Massanga,,chandrel-massanga,C. Massanga,M,88,1999-08-17T00:00:00+00:00,172,,Right,Congo Republic,CG,COG,480000,1814313600
7040,Eyüpspor,eyupspor,Eyüpspor,EYU,Türkiye,TR,TUR,896596,Lenny Pintor,Lenny,Pintor,lenny-pintor,L. Pintor,M,11,2000-08-05T00:00:00+00:00,179,66,Right,France,FR,FRA,195000,1814313600
7040,Eyüpspor,eyupspor,Eyüpspor,EYU,Türkiye,TR,TUR,1512413,David Costa,David Costa,,david-costa,D. Costa,M,8,2004-01-12T00:00:00+00:00,170,,Right,Cape Verde,CV,CPV,470000,
7040,Eyüpspor,eyupspor,Eyüpspor,EYU,Türkiye,TR,TUR,171911,Taşkın Ilter,,,taskn-ilter,T. Ilter,M,28,1994-07-05T00:00:00+00:00,185,,Right,Azerbaijan,AZ,AZE,160000,1814313600
7040,Eyüpspor,eyupspor,Eyüpspor,EYU,Türkiye,TR,TUR,1622183,Charles-Andre Raux Yao,Charles-Andre Raux Yao,,charles-andre-raux-yao,C. R. Yao,M,15,2001-11-15T00:00:00+00:00,183,,Right,France,FR,FRA,680000,1845936000
7040,Eyüpspor,eyupspor,Eyüpspor,EYU,Türkiye,TR,TUR,845929,Mete Demir,Mete,Demir,mete-demir,M. Demir,M,70,1998-05-13T00:00:00+00:00,169,63,Left,Türkiye,TR,TUR,350000,
7040,Eyüpspor,eyupspor,Eyüpspor,EYU,Türkiye,TR,TUR,2049797,Erdem Çalık,Erdem Çalık,,erdem-calik,E. Çalık,M,22,2006-06-05T00:00:00+00:00,184,,Right,Türkiye,TR,TUR,135000,1877472000
7040,Eyüpspor,eyupspor,Eyüpspor,EYU,Türkiye,TR,TUR,877103,Jawad El Yamiq,Jawad,El Yamiq,jawad-el-yamiq,J. El Yamiq,D,5,1992-02-29T00:00:00+00:00,190,83,Right,Morocco,MA,MAR,290000,
7040,Eyüpspor,eyupspor,Eyüpspor,EYU,Türkiye,TR,TUR,2169895,Diabel Ndoye,,,diabel-ndoye,D. Ndoye,D,14,2007-08-27T00:00:00+00:00,,,Right,Senegal,SN,SEN,,1845936000
7040,Eyüpspor,eyupspor,Eyüpspor,EYU,Türkiye,TR,TUR,928830,Simone Giordano,,,simone-giordano,S. Giordano,D,21,2001-12-21T00:00:00+00:00,185,,Left,Italy,IT,ITA,630000,1845936000
7040,Eyüpspor,eyupspor,Eyüpspor,EYU,Türkiye,TR,TUR,1084164,Talha Ülvan,Talha Gür,,talha-ulvan,T. Ülvan,D,7,2001-04-20T00:00:00+00:00,179,,Right,Türkiye,TR,TUR,385000,1845936000
7040,Eyüpspor,eyupspor,Eyüpspor,EYU,Türkiye,TR,TUR,556774,Zak Jules,Zak,Jules,zak-jules,Z. Jules,D,33,1997-07-02T00:00:00+00:00,190,72,Left,Scotland,SX,SCO,300000,
7040,Eyüpspor,eyupspor,Eyüpspor,EYU,Türkiye,TR,TUR,999646,Seyfettin Anıl Yaşar,Anil,Yasar,seyfettin-anil-yasar,S. A. Yaşar,D,4,2002-07-01T00:00:00+00:00,192,,Left,Türkiye,TR,TUR,310000,1814313600
7040,Eyüpspor,eyupspor,Eyüpspor,EYU,Türkiye,TR,TUR,1618417,Arda Yavuz,,,yavuz-arda,A. Yavuz,D,3,2006-05-20T00:00:00+00:00,180,,Left,Türkiye,TR,TUR,46000,1909008000
7040,Eyüpspor,eyupspor,Eyüpspor,EYU,Türkiye,TR,TUR,2404820,Berhan Satli,Berhan,Satli,berhan-satli,B. Satli,D,42,2006-01-14T00:00:00+00:00,186,,Right,Türkiye,TR,TUR,,
7040,Eyüpspor,eyupspor,Eyüpspor,EYU,Türkiye,TR,TUR,2425215,Ömer Ahmet Ceyhan,Ömer Ahmet,Ceyhan,ceylan-omer-ahmet,O. A. Ceylan,D,44,2007-08-22T00:00:00+00:00,,,Right,Türkiye,TR,TUR,,1877472000
7040,Eyüpspor,eyupspor,Eyüpspor,EYU,Türkiye,TR,TUR,1932064,Yiğit Demir,Yiğit Demir,,yigit-demir,Y. Demir,D,5,2003-02-20T00:00:00+00:00,185,,Right,Türkiye,TR,TUR,155000,1877472000
7040,Eyüpspor,eyupspor,Eyüpspor,EYU,Türkiye,TR,TUR,857065,Horațiu Moldovan,Horatiu,Moldovan,horatiu-moldovan,H. Moldovan,G,31,1998-01-20T00:00:00+00:00,186,,Both,Romania,RO,ROU,1900000,1814313600
7040,Eyüpspor,eyupspor,Eyüpspor,EYU,Türkiye,TR,TUR,1050730,Emre Bilgin,Emre Bilgin,,emre-bilgin,E. Bilgin,G,1,2004-02-26T00:00:00+00:00,188,188,Left,Türkiye,TR,TUR,435000,1845936000
7040,Eyüpspor,eyupspor,Eyüpspor,EYU,Türkiye,TR,TUR,2477769,Umut Keseci,Umut,Keseci,umut-keseci,U. Keseci,G,31,2004-02-05T00:00:00+00:00,189,,Right,Türkiye,TR,TUR,52000,1877472000
3052,Fenerbahçe,fenerbahce,Fenerbahçe,FEN,Türkiye,TR,TUR,78893,Romelu Lukaku,,,romelu-lukaku,R. Lukaku,F,9,1993-05-13T00:00:00+00:00,191,94,Left,Belgium,BE,BEL,5800000,1814313600
3052,Fenerbahçe,fenerbahce,Fenerbahçe,FEN,Türkiye,TR,TUR,903324,Kerem Aktürkoğlu,Kerem,Akturkoglu,kerem-akturkoglu,K. Aktürkoğlu,F,7,1998-10-21T00:00:00+00:00,173,,Right,Türkiye,TR,TUR,21000000,1877472000
3052,Fenerbahçe,fenerbahce,Fenerbahçe,FEN,Türkiye,TR,TUR,310874,Vedat Muriqi,Vedat,Muriqi,vedat-muriqi,V. Muriqi,F,19,1994-04-24T00:00:00+00:00,194,92,Left,Kosovo,XK,XKX,4400000,1877472000
3052,Fenerbahçe,fenerbahce,Fenerbahçe,FEN,Türkiye,TR,TUR,1102788,Dorgeles Nene,Nene Dorgeles,,nene-dorgeles,D. Nene,F,45,2002-12-23T00:00:00+00:00,174,,Right,Mali,ML,MLI,21000000,1909008000
3052,Fenerbahçe,fenerbahce,Fenerbahçe,FEN,Türkiye,TR,TUR,1536761,Amara Diouf,Amara Diouf,,amara-diouf,A. Diouf,F,,2008-06-07T00:00:00+00:00,175,,Right,Senegal,SN,SEN,825000,1940544000
3052,Fenerbahçe,fenerbahce,Fenerbahçe,FEN,Türkiye,TR,TUR,2128112,Emin Eren Sayar,Emin Eren Sayar,,emin-eren-sayar,E. E. Sayar,F,16,2009-01-13T00:00:00+00:00,185,,Left,Türkiye,TR,TUR,,1845936000
3052,Fenerbahçe,fenerbahce,Fenerbahçe,FEN,Türkiye,TR,TUR,942116,Mason Greenwood,,,mason-greenwood,M. Greenwood,M,11,2001-10-01T00:00:00+00:00,181,,Both,England,EN,ENG,53000000,1909008000
3052,Fenerbahçe,fenerbahce,Fenerbahçe,FEN,Türkiye,TR,TUR,234148,N'Golo Kanté,,,n-golo-kante,N. Kanté,M,91,1991-03-29T00:00:00+00:00,169,,Right,France,FR,FRA,3900000,1845936000
3052,Fenerbahçe,fenerbahce,Fenerbahçe,FEN,Türkiye,TR,TUR,361004,Marco Asensio,Marco,Asensio,marco-asensio,M. Asensio,M,10,1996-01-21T00:00:00+00:00,182,75,Left,Spain,ES,ESP,15500000,1845936000
3052,Fenerbahçe,fenerbahce,Fenerbahçe,FEN,Türkiye,TR,TUR,852404,Mattéo Guendouzi,Matteo,Guendouzi,matteo-guendouzi,M. Guendouzi,M,6,1999-04-14T00:00:00+00:00,185,,Right,France,FR,FRA,26000000,1909008000
3052,Fenerbahçe,fenerbahce,Fenerbahçe,FEN,Türkiye,TR,TUR,226986,İrfan Can Kahveci,,,irfan-can-kahveci,İ. C. Kahveci,M,17,1995-07-15T00:00:00+00:00,180,67,Left,Türkiye,TR,TUR,3100000,1845936000
3052,Fenerbahçe,fenerbahce,Fenerbahçe,FEN,Türkiye,TR,TUR,999396,Oğuz Aydın,Oguz,Aydin,oguz-aydin,O. Aydın,M,70,2000-10-27T00:00:00+00:00,183,,Right,Türkiye,TR,TUR,6500000,1845936000
3052,Fenerbahçe,fenerbahce,Fenerbahçe,FEN,Türkiye,TR,TUR,952600,İsmail Yüksek,Ismail,Yuksek,ismail-yuksek,İ. Yüksek,M,5,1999-01-26T00:00:00+00:00,183,,Right,Türkiye,TR,TUR,14000000,1845936000
3052,Fenerbahçe,fenerbahce,Fenerbahçe,FEN,Türkiye,TR,TUR,856849,Mert Hakan Yandaş,,,mert-hakan-yandas,M. H. Yandaş,M,8,1994-08-19T00:00:00+00:00,174,,Right,Türkiye,TR,TUR,2700000,1814313600
3052,Fenerbahçe,fenerbahce,Fenerbahçe,FEN,Türkiye,TR,TUR,997165,Bartuğ Elmaz,,,bartug-elmaz,B. Elmaz,M,28,2003-02-19T00:00:00+00:00,179,,Right,Türkiye,TR,TUR,1500000,1845936000
3052,Fenerbahçe,fenerbahce,Fenerbahçe,FEN,Türkiye,TR,TUR,1542689,Abdou Aziz Fall,Abdou Fall,,abdou-fall,A. Fall,M,60,2007-02-20T00:00:00+00:00,180,,Right,Senegal,SN,SEN,94000,1909008000
3052,Fenerbahçe,fenerbahce,Fenerbahçe,FEN,Türkiye,TR,TUR,149663,Nathan Aké,,,nathan-ake,N. Aké,D,15,1995-02-18T00:00:00+00:00,180,75,Left,Netherlands,NL,NLD,10900000,1877472000
3052,Fenerbahçe,fenerbahce,Fenerbahçe,FEN,Türkiye,TR,TUR,187205,Milan Škriniar,,,milan-skriniar,M. Škriniar,D,37,1995-02-11T00:00:00+00:00,187,,Right,Slovakia,SK,SVK,11000000,1877472000
3052,Fenerbahçe,fenerbahce,Fenerbahçe,FEN,Türkiye,TR,TUR,252821,Nélson Semedo,,,nelson-semedo,N. Semedo,D,27,1993-11-16T00:00:00+00:00,177,,Right,Portugal,PT,PRT,5500000,1814313600
3052,Fenerbahçe,fenerbahce,Fenerbahçe,FEN,Türkiye,TR,TUR,1048324,Jayden Oosterwolde,Jayden Oosterwolde,,jayden-oosterwolde,J. Oosterwolde,D,24,2001-04-26T00:00:00+00:00,189,,Left,Netherlands,NL,NLD,21000000,1845936000
3052,Fenerbahçe,fenerbahce,Fenerbahçe,FEN,Türkiye,TR,TUR,1009738,Archie Brown,,,brown-archie,A. Brown,D,3,2002-05-28T00:00:00+00:00,190,,Left,England,EN,ENG,11600000,1845936000
3052,Fenerbahçe,fenerbahce,Fenerbahçe,FEN,Türkiye,TR,TUR,836683,Mert Müldür,Mert,Muldur,mert-muldur,M. Müldür,D,18,1999-04-03T00:00:00+00:00,184,,Right,Türkiye,TR,TUR,7400000,1814313600
3052,Fenerbahçe,fenerbahce,Fenerbahçe,FEN,Türkiye,TR,TUR,1473092,Kojo Peprah Oppong,,,peprah-oppong-kojo,K. P. Oppong,D,21,2004-06-04T00:00:00+00:00,185,,Right,Ghana,GH,GHA,9700000,1909008000
3052,Fenerbahçe,fenerbahce,Fenerbahçe,FEN,Türkiye,TR,TUR,1085938,Levent Mercan,Levent,Mercan,levent-mercan,L. Mercan,D,22,2000-12-10T00:00:00+00:00,176,,Left,Türkiye,TR,TUR,4600000,1845936000
3052,Fenerbahçe,fenerbahce,Fenerbahçe,FEN,Türkiye,TR,TUR,880207,Rodrigo Becão,,,rodrigo-becao,R. Becão,D,50,1996-01-19T00:00:00+00:00,191,80,Right,Brazil,BR,BRA,2100000,1845936000
3052,Fenerbahçe,fenerbahce,Fenerbahçe,FEN,Türkiye,TR,TUR,1146274,Ognjen Mimović,Ognjen Mimovic,,ognjen-mimovic,O. Mimović,D,77,2004-08-17T00:00:00+00:00,180,,Right,Serbia,RS,SRB,2500000,1877472000
3052,Fenerbahçe,fenerbahce,Fenerbahçe,FEN,Türkiye,TR,TUR,1133200,Yiğit Efe Demir,,,yigit-efe-demir,Y. E. Demir,D,14,2004-08-02T00:00:00+00:00,194,,Right,Türkiye,TR,TUR,6300000,1877472000
3052,Fenerbahçe,fenerbahce,Fenerbahçe,FEN,Türkiye,TR,TUR,254491,Ederson,Ederson,Ederson,ederson,Ederson,G,31,1993-08-17T00:00:00+00:00,188,,Left,Brazil,BR,BRA,9200000,1845936000
3052,Fenerbahçe,fenerbahce,Fenerbahçe,FEN,Türkiye,TR,TUR,39573,Mert Günok,,,mert-gunok,M. Günok,G,34,1989-03-01T00:00:00+00:00,196,92,Right,Türkiye,TR,TUR,545000,1845936000
3052,Fenerbahçe,fenerbahce,Fenerbahçe,FEN,Türkiye,TR,TUR,913985,Tarık Çetin,Tarik,Cetin,tarik-cetin,T. Çetin,G,13,1997-01-08T00:00:00+00:00,193,,Right,Türkiye,TR,TUR,550000,1877472000
3061,Galatasaray,galatasaray,Galatasaray,GAL,Türkiye,TR,TUR,822471,Victor Osimhen,Victor,Osimhen,victor-osimhen,V. Osimhen,F,45,1998-12-29T00:00:00+00:00,186,,Right,Nigeria,NG,NGA,73000000,1877472000
3061,Galatasaray,galatasaray,Galatasaray,GAL,Türkiye,TR,TUR,851284,Rafael Leão,Rafael,Leao,rafael-leao,R. Leão,F,27,1999-06-10T00:00:00+00:00,188,73,Right,Portugal,PT,PRT,48000000,1909008000
3061,Galatasaray,galatasaray,Galatasaray,GAL,Türkiye,TR,TUR,1407720,Deniz Gül,Deniz Daniel,Gul,deniz-gul,D. Gül,F,21,2004-07-02T00:00:00+00:00,190,,Right,Türkiye,TR,TUR,5200000,1940544000
3061,Galatasaray,galatasaray,Galatasaray,GAL,Türkiye,TR,TUR,1861964,Can Armando Güner,Armando Güner,,can-armando-guner,C. Güner,F,27,2008-01-07T00:00:00+00:00,178,,Left,Argentina,AR,ARG,485000,1909008000
3061,Galatasaray,galatasaray,Galatasaray,GAL,Türkiye,TR,TUR,2128081,Ada Yüzgeç,Ada Yüzgeç,,ada-yuzgec,A. Yüzgeç,F,62,2009-04-03T00:00:00+00:00,175,,Right,Türkiye,TR,TUR,95000,1877472000
3061,Galatasaray,galatasaray,Galatasaray,GAL,Türkiye,TR,TUR,1945952,Berat Luş,,,berat-lus,M. B. Luş,F,76,2007-04-20T00:00:00+00:00,178,,Right,Türkiye,TR,TUR,920000,1877472000
3061,Galatasaray,galatasaray,Galatasaray,GAL,Türkiye,TR,TUR,45853,İlkay Gündoğan,,,ilkay-gundogan,İ. Gündoğan,M,20,1990-10-24T00:00:00+00:00,180,,Right,Germany,DE,DEU,1900000,1814313600
3061,Galatasaray,galatasaray,Galatasaray,GAL,Türkiye,TR,TUR,293519,Leroy Sané,,,leroy-sane,L. Sané,M,10,1996-01-11T00:00:00+00:00,184,,Left,Germany,DE,DEU,22000000,1845936000
3061,Galatasaray,galatasaray,Galatasaray,GAL,Türkiye,TR,TUR,913593,Gabriel Sara,,,gabriel-sara,G. Sara,M,8,1999-06-26T00:00:00+00:00,178,,Left,Brazil,BR,BRA,25000000,1877472000
3061,Galatasaray,galatasaray,Galatasaray,GAL,Türkiye,TR,TUR,904096,Barış Alper Yılmaz,Baris,Yilmaz,baris-alper-yilmaz,B. A. Yılmaz,M,53,2000-05-23T00:00:00+00:00,186,,Right,Türkiye,TR,TUR,32000000,1845936000
3061,Galatasaray,galatasaray,Galatasaray,GAL,Türkiye,TR,TUR,307284,Mario Lemina,Mario,Lemina,mario-lemina,M. Lemina,M,99,1993-09-01T00:00:00+00:00,184,85,Right,Gabon,GA,GAB,4099999,1845936000
3061,Galatasaray,galatasaray,Galatasaray,GAL,Türkiye,TR,TUR,857738,Yunus Akgün,Yunus,Akgun,yunus-akgun,Y. Akgün,M,11,2000-07-07T00:00:00+00:00,173,,Left,Türkiye,TR,TUR,16700000,1877472000
3061,Galatasaray,galatasaray,Galatasaray,GAL,Türkiye,TR,TUR,754794,Lucas Torreira,Lucas,Torreira,lucas-torreira,L. Torreira,M,34,1996-02-11T00:00:00+00:00,168,60,Right,Uruguay,UY,URY,10300000,1845936000
3061,Galatasaray,galatasaray,Galatasaray,GAL,Türkiye,TR,TUR,1415147,Aleksey Batrakov,,,aleksey-batrakov,A. Batrakov,M,83,2005-06-09T00:00:00+00:00,173,,Right,Russia,RU,RUS,29000000,1940544000
3061,Galatasaray,galatasaray,Galatasaray,GAL,Türkiye,TR,TUR,1048916,Lesley Ugochukwu,,,lesley-ugochukwu,L. Ugochukwu,M,18,2004-03-26T00:00:00+00:00,188,,Right,France,FR,FRA,21000000,1814313600
3061,Galatasaray,galatasaray,Galatasaray,GAL,Türkiye,TR,TUR,2119726,Renato Nhaga,Renato Nhaga,,renato-nhaga,R. Nhaga,M,74,2007-03-27T00:00:00+00:00,172,,Right,Guinea-Bissau,GW,GNB,5800000,1909008000
3061,Galatasaray,galatasaray,Galatasaray,GAL,Türkiye,TR,TUR,1130115,Eyüp Aydın,Eyup,Aydin,eyup-aydin,E. Aydın,M,5,2004-08-02T00:00:00+00:00,181,,Left,Türkiye,TR,TUR,825000,1814313600
3061,Galatasaray,galatasaray,Galatasaray,GAL,Türkiye,TR,TUR,978285,Wilfried Singo,Wilfried,Singo,wilfried-singo,W. Singo,D,90,2000-12-25T00:00:00+00:00,190,79,Right,Côte d'Ivoire,CI,CIV,21000000,1909008000
3061,Galatasaray,galatasaray,Galatasaray,GAL,Türkiye,TR,TUR,566102,Davinson Sánchez,Davinson,Sanchez,davinson-sanchez,D. Sánchez,D,6,1996-06-12T00:00:00+00:00,187,81,Right,Colombia,CO,COL,16500000,1877472000
3061,Galatasaray,galatasaray,Galatasaray,GAL,Türkiye,TR,TUR,355088,Roland Sallai,Roland,Sallai,roland-sallai,R. Sallai,D,7,1997-05-22T00:00:00+00:00,182,69,Right,Hungary,HU,HUN,14500000,1845936000
3061,Galatasaray,galatasaray,Galatasaray,GAL,Türkiye,TR,TUR,897291,Ismail Jakobs,Ismail,Jakobs,ismail-jakobs,I. Jakobs,D,4,1999-08-17T00:00:00+00:00,184,77,Left,Senegal,SN,SEN,8700000,1814313600
3061,Galatasaray,galatasaray,Galatasaray,GAL,Türkiye,TR,TUR,178963,Abdülkerim Bardakcı,,,abdulkerim-bardakc,A. Bardakcı,D,42,1994-09-07T00:00:00+00:00,185,80,Left,Türkiye,TR,TUR,7100000,1814313600
3061,Galatasaray,galatasaray,Galatasaray,GAL,Türkiye,TR,TUR,981483,Eren Elmalı,,,eren-elmali,E. Elmalı,D,17,2000-07-07T00:00:00+00:00,180,,Left,Türkiye,TR,TUR,5400000,1845936000
3061,Galatasaray,galatasaray,Galatasaray,GAL,Türkiye,TR,TUR,138152,Kaan Ayhan,Kaan,Ayhan,kaan-ayhan,K. Ayhan,D,23,1994-11-10T00:00:00+00:00,185,84,Right,Türkiye,TR,TUR,1400000,1845936000
3061,Galatasaray,galatasaray,Galatasaray,GAL,Türkiye,TR,TUR,1048009,El Chadaille Bitshiabu,,,el-chadaille-bitshiabu,E. C. Bitshiabu,D,5,2005-05-16T00:00:00+00:00,196,,Left,France,FR,FRA,17500000,1814313600
3061,Galatasaray,galatasaray,Galatasaray,GAL,Türkiye,TR,TUR,1464636,Arda Ünyay,,,arda-unyay,A. Ünyay,D,91,2007-01-18T00:00:00+00:00,187,,Right,Türkiye,TR,TUR,970000,1845936000
3061,Galatasaray,galatasaray,Galatasaray,GAL,Türkiye,TR,TUR,1008884,Kazımcan Karataş,Kazimcan,Karatas,kazimcan-karatas,K. Karataş,D,88,2003-01-15T00:00:00+00:00,182,,Left,Türkiye,TR,TUR,2100000,1814313600
3061,Galatasaray,galatasaray,Galatasaray,GAL,Türkiye,TR,TUR,754330,Uğurcan Çakır,Ugurcan,Cakir,ugurcan-cakir,U. Çakır,G,1,1996-04-05T00:00:00+00:00,192,,Right,Türkiye,TR,TUR,14500000,1909008000
3061,Galatasaray,galatasaray,Galatasaray,GAL,Türkiye,TR,TUR,103457,Günay Güvenç,,,gunay-guvenc,G. Güvenç,G,19,1991-06-25T00:00:00+00:00,187,77,Right,Türkiye,TR,TUR,210000,1845936000
3061,Galatasaray,galatasaray,Galatasaray,GAL,Türkiye,TR,TUR,1210422,Jankat Yılmaz,,,jankat-yilmaz,J. Yılmaz,G,24,2004-08-16T00:00:00+00:00,193,,Left,Türkiye,TR,TUR,1600000,1814313600
3061,Galatasaray,galatasaray,Galatasaray,GAL,Türkiye,TR,TUR,1405619,Enes Emre Büyük,,,enes-emre-buyuk,E. Buyuk,G,70,2006-05-08T00:00:00+00:00,188,,Right,Türkiye,TR,TUR,,1814313600
3061,Galatasaray,galatasaray,Galatasaray,GAL,Türkiye,TR,TUR,1931417,Arda Yılmaz,Arda Yılmaz,,arda-yilmaz,A. Yılmaz,G,60,2008-02-13T00:00:00+00:00,187,,Right,Türkiye,TR,TUR,265000,1845936000
5138,Gaziantep FK,gaziantep-fk,Gaziantep,GAZ,Türkiye,TR,TUR,123917,Serdar Dursun,Serdar,Dursun,serdar-dursun,S. Dursun,F,19,1991-10-19T00:00:00+00:00,190,80,Right,Türkiye,TR,TUR,230000,1814313600
5138,Gaziantep FK,gaziantep-fk,Gaziantep,GAZ,Türkiye,TR,TUR,930775,Halil Dervişoğlu,Halil,Dervisoglu,halil-dervisoglu,H. Dervişoğlu,F,28,1999-12-08T00:00:00+00:00,183,,Right,Türkiye,TR,TUR,660000,1814313600
5138,Gaziantep FK,gaziantep-fk,Gaziantep,GAZ,Türkiye,TR,TUR,1199057,Sontje Hansen,Sontje,Hansen,sontje-hansen,S. Hansen,F,22,2002-05-18T00:00:00+00:00,172,,Right,Curacao,CW,CUW,3400000,1814313600
5138,Gaziantep FK,gaziantep-fk,Gaziantep,GAZ,Türkiye,TR,TUR,1431516,Trivante Stewart,Trivante Stewart,,stewart-trivante,T. Stewart,F,9,2000-03-22T00:00:00+00:00,183,,Right,Jamaica,JM,JAM,1500000,1814313600
5138,Gaziantep FK,gaziantep-fk,Gaziantep,GAZ,Türkiye,TR,TUR,953954,Fuat Bavuk,,,bavuk-fuat,F. Bavuk,F,97,2000-08-11T00:00:00+00:00,189,,Right,Türkiye,TR,TUR,205000,1845936000
5138,Gaziantep FK,gaziantep-fk,Gaziantep,GAZ,Türkiye,TR,TUR,2161813,Ali Osman Kalın,,,kaln-ali-osman,A. O. Kalın,F,46,2008-03-23T00:00:00+00:00,181,,Right,Türkiye,TR,TUR,53000,1814313600
5138,Gaziantep FK,gaziantep-fk,Gaziantep,GAZ,Türkiye,TR,TUR,2405904,Muhammet Akmelek,Muhammet Akmelek,,muhammet-akmelek,M. Akmelek,F,85,2009-06-06T00:00:00+00:00,185,,Right,Türkiye,TR,TUR,52000,1845936000
5138,Gaziantep FK,gaziantep-fk,Gaziantep,GAZ,Türkiye,TR,TUR,984602,Kacper Kozłowski,Kacper,Kozlowski,kacper-kozlowski,K. Kozłowski,M,10,2003-10-16T00:00:00+00:00,182,,Right,Poland,PL,POL,5600000,1814313600
5138,Gaziantep FK,gaziantep-fk,Gaziantep,GAZ,Türkiye,TR,TUR,788971,Juninho Bacuna,Juninho,Bacuna,juninho-bacuna,J. Bacuna,M,7,1997-08-07T00:00:00+00:00,178,74,Right,Curacao,CW,CUW,1800000,1814313600
5138,Gaziantep FK,gaziantep-fk,Gaziantep,GAZ,Türkiye,TR,TUR,180511,Alexandru Maxim,Alexandru,Maxim,alexandru-maxim,A. Maxim,M,44,1990-07-08T00:00:00+00:00,177,73,Right,Romania,RO,ROU,290000,1814313600
5138,Gaziantep FK,gaziantep-fk,Gaziantep,GAZ,Türkiye,TR,TUR,797602,Deian Sorescu,Deian,Sorescu,deian-sorescu,D. Sorescu,M,18,1997-08-29T00:00:00+00:00,175,,Right,Romania,RO,ROU,1600000,1814313600
5138,Gaziantep FK,gaziantep-fk,Gaziantep,GAZ,Türkiye,TR,TUR,958167,Drissa Camara,,,drissa-camara,D. Camara,M,3,2002-02-18T00:00:00+00:00,179,,Right,Côte d'Ivoire,CI,CIV,3600000,1845936000
5138,Gaziantep FK,gaziantep-fk,Gaziantep,GAZ,Türkiye,TR,TUR,1124590,Enver Kulašin,Enver Kulasin,,enver-kulasin,E. Kulašin,M,27,2003-09-11T00:00:00+00:00,168,,Right,Bosnia & Herzegovina,BA,BIH,680000,1845936000
5138,Gaziantep FK,gaziantep-fk,Gaziantep,GAZ,Türkiye,TR,TUR,887741,Florin Ştefan,Florin,Stefan,florin-stefan,F. Ştefan,M,96,1996-05-09T00:00:00+00:00,182,70,Left,Romania,RO,ROU,755000,1814313600
5138,Gaziantep FK,gaziantep-fk,Gaziantep,GAZ,Türkiye,TR,TUR,1528256,Karamba Gassama,Karamba Gassama,,karamba-gassama,K. Gassama,M,17,2005-01-02T00:00:00+00:00,173,,Right,Gambia,GM,GMB,470000,1877472000
5138,Gaziantep FK,gaziantep-fk,Gaziantep,GAZ,Türkiye,TR,TUR,1632791,Gidado Victor Ntino-Emo,Gidado Victor,Ntino-Emo,gidado-victor-ntino-emo,G. Ntino-Emo,M,8,2004-07-14T00:00:00+00:00,181,,Right,Nigeria,NG,NGA,420000,1877472000
5138,Gaziantep FK,gaziantep-fk,Gaziantep,GAZ,Türkiye,TR,TUR,933448,Ulrich Meleke,,,ulrich-meleke,U. Meleke,M,6,1999-05-24T00:00:00+00:00,181,,Right,Côte d'Ivoire,CI,CIV,1600000,1845936000
5138,Gaziantep FK,gaziantep-fk,Gaziantep,GAZ,Türkiye,TR,TUR,859783,Ogün Özçiçek,Ogun,Ozcicek,ogun-ozcicek,O. Özçiçek,M,61,1999-01-24T00:00:00+00:00,172,,Right,Türkiye,TR,TUR,540000,1814313600
5138,Gaziantep FK,gaziantep-fk,Gaziantep,GAZ,Türkiye,TR,TUR,909289,Mirza Cihan,Mirza,Cihan,mirza-cihan,M. Cihan,M,11,2000-10-26T00:00:00+00:00,175,,Right,Türkiye,TR,TUR,195000,
5138,Gaziantep FK,gaziantep-fk,Gaziantep,GAZ,Türkiye,TR,TUR,2019097,Muhammet Taha Gunes,,,muhammet-taha-gunes,M. T. Günes,M,93,2006-01-01T00:00:00+00:00,175,72,Left,Türkiye,TR,TUR,52000,1814313600
5138,Gaziantep FK,gaziantep-fk,Gaziantep,GAZ,Türkiye,TR,TUR,1923338,Burak Enes Yikici,Burak Enes,Yikici,burak-enes-yikici,B. Yikici,M,85,2004-03-29T00:00:00+00:00,181,,,Türkiye,TR,TUR,24000,1814313600
5138,Gaziantep FK,gaziantep-fk,Gaziantep,GAZ,Türkiye,TR,TUR,1170197,Abakar Sylla,Abakar Sylla,,abakar-sylla,A. Sylla,D,21,2002-12-25T00:00:00+00:00,188,,Left,Côte d'Ivoire,CI,CIV,2400000,1845936000
5138,Gaziantep FK,gaziantep-fk,Gaziantep,GAZ,Türkiye,TR,TUR,843180,Luis Pérez,Luis,Perez,luis-perez,L. Pérez,D,2,1995-02-04T00:00:00+00:00,173,,Right,Spain,ES,ESP,875000,1814313600
5138,Gaziantep FK,gaziantep-fk,Gaziantep,GAZ,Türkiye,TR,TUR,555422,Myenty Abena,Myenty,Abena,myenty-abena,M. Abena,D,14,1994-12-12T00:00:00+00:00,191,79,Right,Suriname,SR,SUR,625000,1814313600
5138,Gaziantep FK,gaziantep-fk,Gaziantep,GAZ,Türkiye,TR,TUR,1191140,Efe Sarıkaya,Efe,Sarikaya,sarikaya-efe,E. Sarıkaya,D,5,2005-11-30T00:00:00+00:00,190,,Left,Türkiye,TR,TUR,245000,1845936000
5138,Gaziantep FK,gaziantep-fk,Gaziantep,GAZ,Türkiye,TR,TUR,169425,Nazım Sangaré,,,nazm-sangare,N. Sangaré,D,30,1994-05-30T00:00:00+00:00,180,72,Right,Türkiye,TR,TUR,220000,1845936000
5138,Gaziantep FK,gaziantep-fk,Gaziantep,GAZ,Türkiye,TR,TUR,980630,Kerim Çalhanoğlu,Kerim,Calhanoglu,kerim-calhanoglu,K. Çalhanoğlu,D,23,2002-08-26T00:00:00+00:00,180,,Left,Germany,DE,DEU,310000,1845936000
5138,Gaziantep FK,gaziantep-fk,Gaziantep,GAZ,Türkiye,TR,TUR,904228,Arda Kızıldağ,Arda,Kizildag,arda-kizildag,A. Kızıldağ,D,4,1998-10-15T00:00:00+00:00,187,,Right,Türkiye,TR,TUR,840000,1814313600
5138,Gaziantep FK,gaziantep-fk,Gaziantep,GAZ,Türkiye,TR,TUR,962738,Sabahattin Destici,Sabahattin,Destici,sabahattin-destici,S. Destici,D,77,2000-06-05T00:00:00+00:00,172,,Right,Türkiye,TR,TUR,285000,1845936000
5138,Gaziantep FK,gaziantep-fk,Gaziantep,GAZ,Türkiye,TR,TUR,1083777,Kacper Tobiasz,,,kacper-tobiasz,K. Tobiasz,G,25,2002-11-04T00:00:00+00:00,191,,Left,Poland,PL,POL,640000,1877472000
5138,Gaziantep FK,gaziantep-fk,Gaziantep,GAZ,Türkiye,TR,TUR,840605,Ataberk Dadakdeniz,Ataberk,Dadakdeniz,ataberk-dadakdeniz,A. Dadakdeniz,G,35,1999-08-05T00:00:00+00:00,194,84,Right,Türkiye,TR,TUR,260000,
5138,Gaziantep FK,gaziantep-fk,Gaziantep,GAZ,Türkiye,TR,TUR,2405903,Cemilhan Aslan,Cemilhan Aslan,,cemilhan-aslan,C. Aslan,G,81,2008-05-07T00:00:00+00:00,191,,Right,Türkiye,TR,TUR,,1814313600
5138,Gaziantep FK,gaziantep-fk,Gaziantep,GAZ,Türkiye,TR,TUR,2166431,Ibrahim Kagan Alkis,Ibrahim Kagan,Alkis,ibrahim-kagan-alkis,I. Alkis,G,95,2006-01-01T00:00:00+00:00,190,,Right,Türkiye,TR,TUR,,1814313600
5138,Gaziantep FK,gaziantep-fk,Gaziantep,GAZ,Türkiye,TR,TUR,2738654,Kadir Gümüş,Kadir Gümüş,,kadir-gumus,K. Gümüş,,,2003-11-15T00:00:00+00:00,178,,,,,,,
7802,Gençlerbirliği,genclerbirligi,Gençlerbirliği,GEN,Türkiye,TR,TUR,822710,Sekou Koita,Sekou,Koita,sekou-koita,S. Koita,F,20,1999-11-28T00:00:00+00:00,173,67,Left,Mali,ML,MLI,2400000,1814313600
7802,Gençlerbirliği,genclerbirligi,Gençlerbirliği,GEN,Türkiye,TR,TUR,976410,Tiago Gouveia,,,tiago-gouveia,T. Gouveia,F,7,2001-06-18T00:00:00+00:00,176,,Right,Portugal,PT,PRT,3600000,1814313600
7802,Gençlerbirliği,genclerbirligi,Gençlerbirliği,GEN,Türkiye,TR,TUR,1897296,Victor Orakpo,,,victor-orakpo,V. Orakpo,F,12,2006-01-14T00:00:00+00:00,194,,Right,Nigeria,NG,NGA,390000,1814313600
7802,Gençlerbirliği,genclerbirligi,Gençlerbirliği,GEN,Türkiye,TR,TUR,905004,Pedro Mendes,Pedro,Mendes,pedro-mendes,P. Mendes,F,9,1999-08-01T00:00:00+00:00,187,,Right,Portugal,PT,PRT,1300000,
7802,Gençlerbirliği,genclerbirligi,Gençlerbirliği,GEN,Türkiye,TR,TUR,2460557,Erk Arda Aslan,,,erk-arda-aslan,E. A. Aslan,F,17,2008-11-07T00:00:00+00:00,190,,Right,Türkiye,TR,TUR,,
7802,Gençlerbirliği,genclerbirligi,Gençlerbirliği,GEN,Türkiye,TR,TUR,2403602,Prince Martor,Prince,Martor,prince-martor,P. Martor,F,45,2007-07-09T00:00:00+00:00,175,,Right,Liberia,LR,LBR,105000,1845936000
7802,Gençlerbirliği,genclerbirligi,Gençlerbirliği,GEN,Türkiye,TR,TUR,2311147,Ayaz Özcan,Ayaz Özcan,,ayaz-ozcan,A. Özcan,F,99,2009-10-01T00:00:00+00:00,186,,Right,Türkiye,TR,TUR,52000,1845936000
7802,Gençlerbirliği,genclerbirligi,Gençlerbirliği,GEN,Türkiye,TR,TUR,1618430,Arda Akgül,,,arda-akgul,A. Akgül,F,19,2005-03-25T00:00:00+00:00,185,,Right,Türkiye,TR,TUR,,1814313600
7802,Gençlerbirliği,genclerbirligi,Gençlerbirliği,GEN,Türkiye,TR,TUR,135695,Salih Uçan,,,salih-ucan,S. Uçan,M,48,1994-01-06T00:00:00+00:00,182,65,Right,Türkiye,TR,TUR,845000,1845936000
7802,Gençlerbirliği,genclerbirligi,Gençlerbirliği,GEN,Türkiye,TR,TUR,972523,Cheikh Niasse,Cheikh,Niasse,cheikh-niasse,C. Niasse,M,19,2000-01-19T00:00:00+00:00,188,,Right,Senegal,SN,SEN,1800000,1814313600
7802,Gençlerbirliği,genclerbirligi,Gençlerbirliği,GEN,Türkiye,TR,TUR,1172372,Adama Malouda Traoré,Adama,Traore,adama-malouda-traore,A. M. Traoré,M,14,1995-06-05T00:00:00+00:00,177,,Left,Mali,ML,MLI,1600000,1814313600
7802,Gençlerbirliği,genclerbirligi,Gençlerbirliği,GEN,Türkiye,TR,TUR,1153333,Rafael Luis,Rafael Luís,,luis-rafael,R. Luís,M,83,2005-02-18T00:00:00+00:00,186,,Left,Portugal,PT,PRT,5300000,1845936000
7802,Gençlerbirliği,genclerbirligi,Gençlerbirliği,GEN,Türkiye,TR,TUR,965015,Franco Tongya,Franco,Tongya,franco-tongya,F. Tongya,M,10,2002-03-13T00:00:00+00:00,175,,Right,Italy,IT,ITA,1900000,1814313600
7802,Gençlerbirliği,genclerbirligi,Gençlerbirliği,GEN,Türkiye,TR,TUR,2434516,Ousmane Diabate,Ousmane,Diabate,ousmane-diabate,O. Diabate,M,42,2007-09-24T00:00:00+00:00,188,,Right,Guinea,GN,GIN,1100000,1814313600
7802,Gençlerbirliği,genclerbirligi,Gençlerbirliği,GEN,Türkiye,TR,TUR,839110,Peter Etebo,Peter,Etebo,peter-etebo,P. Etebo,M,5,1995-11-09T00:00:00+00:00,176,70,Right,Nigeria,NG,NGA,195000,1814313600
7802,Gençlerbirliği,genclerbirligi,Gençlerbirliği,GEN,Türkiye,TR,TUR,1063942,Oğulcan Ülgün,Ogulcan Ülgün,,ogulcan-ulgun,O. Ülgün,M,35,1998-05-11T00:00:00+00:00,178,,Right,Türkiye,TR,TUR,1100000,1814313600
7802,Gençlerbirliği,genclerbirligi,Gençlerbirliği,GEN,Türkiye,TR,TUR,1618326,Göktug Erdem,Göktug Erdem,,goktug-erdem,G. Erdem,M,52,2003-08-30T00:00:00+00:00,180,,Right,Türkiye,TR,TUR,81000,1814313600
7802,Gençlerbirliği,genclerbirligi,Gençlerbirliği,GEN,Türkiye,TR,TUR,997155,Metehan Baltacı,,,metehan-baltaci,M. Baltacı,D,90,2002-11-03T00:00:00+00:00,189,,Right,Türkiye,TR,TUR,1500000,1814313600
7802,Gençlerbirliği,genclerbirligi,Gençlerbirliği,GEN,Türkiye,TR,TUR,807291,Pedro Pereira,Pedro,Pereira,pedro-pereira,P. Pereira,D,13,1998-01-22T00:00:00+00:00,185,72,Right,Portugal,PT,PRT,1100000,1814313600
7802,Gençlerbirliği,genclerbirligi,Gençlerbirliği,GEN,Türkiye,TR,TUR,234232,Kévin Rodrigues,,,kevin-rodrigues,K. Rodrigues,D,,1994-03-05T00:00:00+00:00,169,70,Left,Portugal,PT,PRT,740000,1814313600
7802,Gençlerbirliği,genclerbirligi,Gençlerbirliği,GEN,Türkiye,TR,TUR,257497,Dimitris Goutas,Dimitris,Goutas,dimitris-goutas,D. Goutas,D,6,1994-04-04T00:00:00+00:00,189,85,Right,Greece,GR,GRC,845000,1814313600
7802,Gençlerbirliği,genclerbirligi,Gençlerbirliği,GEN,Türkiye,TR,TUR,863277,Thalisson,Thalisson Kelven,Thalisson,thalisson,Thalisson,D,2,1998-05-07T00:00:00+00:00,184,,Right,Brazil,BR,BRA,720000,1814313600
7802,Gençlerbirliği,genclerbirligi,Gençlerbirliği,GEN,Türkiye,TR,TUR,883275,Abdurrahim Dursun,,,abdurrahim-dursun,A. Dursun,D,77,1998-12-01T00:00:00+00:00,176,70,Left,Türkiye,TR,TUR,240000,1814313600
7802,Gençlerbirliği,genclerbirligi,Gençlerbirliği,GEN,Türkiye,TR,TUR,904112,Fıratcan Üzüm,Firatcan,Uzum,firatcan-uzum,F. Üzüm,D,88,1999-06-04T00:00:00+00:00,178,,Right,Türkiye,TR,TUR,220000,1814313600
7802,Gençlerbirliği,genclerbirligi,Gençlerbirliği,GEN,Türkiye,TR,TUR,2180673,Yiğit Hamza Aydar,Yiğit Hamza Aydar,,yigit-hamza-aydar,Y. H. Aydar,D,3,2008-09-20T00:00:00+00:00,177,,Left,Türkiye,TR,TUR,,1845936000
7802,Gençlerbirliği,genclerbirligi,Gençlerbirliği,GEN,Türkiye,TR,TUR,1932183,Ensar Çavuşoğlu,Ensar Çavuşoğlu,,ensar-cavusoglu,E. Çavuşoğlu,D,53,2002-01-01T00:00:00+00:00,185,75,Right,Türkiye,TR,TUR,370000,1877472000
7802,Gençlerbirliği,genclerbirligi,Gençlerbirliği,GEN,Türkiye,TR,TUR,1431436,Arda Cagan Celik,,,celik-arda-cagan,A. Ç. Çelik,D,44,2005-03-29T00:00:00+00:00,184,,Right,Türkiye,TR,TUR,,1845936000
7802,Gençlerbirliği,genclerbirligi,Gençlerbirliği,GEN,Türkiye,TR,TUR,1155739,Berat Can Sebat,,,berat-can-sebat,B. C. Sebat,D,22,2003-10-10T00:00:00+00:00,182,,Right,Türkiye,TR,TUR,,1814313600
7802,Gençlerbirliği,genclerbirligi,Gençlerbirliği,GEN,Türkiye,TR,TUR,594618,İrfan Can Eğribayat,Irfan Can,Egribayat,irfan-can-egribayat,İ. C. Eğribayat,G,70,1998-03-30T00:00:00+00:00,193,,Right,Türkiye,TR,TUR,1100000,1845936000
7802,Gençlerbirliği,genclerbirligi,Gençlerbirliği,GEN,Türkiye,TR,TUR,225012,Gökhan Akkan,,,gokhan-akkan,G. Akkan,G,23,1995-01-01T00:00:00+00:00,188,78,Right,Türkiye,TR,TUR,370000,1814313600
7802,Gençlerbirliği,genclerbirligi,Gençlerbirliği,GEN,Türkiye,TR,TUR,2220751,Berk Deniz Çukurcu,Berk Deniz Çukurcu,,berk-deniz-cukurcu,B. D. Çukurcu,G,19,2008-01-02T00:00:00+00:00,189,,Right,Türkiye,TR,TUR,,1814313600
3054,Göztepe,goztepe,Göztepe,GOZ,Türkiye,TR,TUR,1009928,Juan Santos da Silva,,,juan,Juan,F,9,2002-03-07T00:00:00+00:00,176,,Right,Brazil,BR,BRA,12600000,1877472000
3054,Göztepe,goztepe,Göztepe,GOZ,Türkiye,TR,TUR,1463912,André Henrique,,,andre-henrique,A. Henrique,F,7,2001-12-17T00:00:00+00:00,189,,Right,Brazil,BR,BRA,3200000,1909008000
3054,Göztepe,goztepe,Göztepe,GOZ,Türkiye,TR,TUR,1522038,Ibrahim Sabra,Ibrahim Sabra,,ibrahim-sabra,I. Sabra,F,7,2006-02-01T00:00:00+00:00,183,,Right,Jordan,JO,JOR,455000,1877472000
3054,Göztepe,goztepe,Göztepe,GOZ,Türkiye,TR,TUR,1462989,Janderson,Janderson,,janderson,Janderson,F,39,1999-05-06T00:00:00+00:00,189,,Both,Brazil,BR,BRA,5800000,1845936000
3054,Göztepe,goztepe,Göztepe,GOZ,Türkiye,TR,TUR,958056,Sinclair Armstrong,Sinclair,Armstrong,sinclair-armstrong,S. Armstrong,F,22,2003-06-22T00:00:00+00:00,182,,Right,Ireland,IE,IRL,2300000,1909008000
3054,Göztepe,goztepe,Göztepe,GOZ,Türkiye,TR,TUR,800458,Efkan Bekiroğlu,Efkan,Bekiroglu,efkan-bekiroglu,E. Bekiroğlu,F,10,1995-09-14T00:00:00+00:00,185,,Right,Türkiye,TR,TUR,1100000,1814313600
3054,Göztepe,goztepe,Göztepe,GOZ,Türkiye,TR,TUR,865516,Alexis Antunes,Alexis,Antunes,alexis-antunes,A. Antunes,F,8,2000-07-31T00:00:00+00:00,181,,Right,Switzerland,CH,CHE,1500000,1877472000
3054,Göztepe,goztepe,Göztepe,GOZ,Türkiye,TR,TUR,952564,Gökdeniz Bayrakdar,Gokdeniz,Bayrakdar,gokdeniz-bayrakdar,G. Bayrakdar,F,17,2001-11-23T00:00:00+00:00,181,,Left,Türkiye,TR,TUR,775000,1877472000
3054,Göztepe,goztepe,Göztepe,GOZ,Türkiye,TR,TUR,997681,Bekir Turaç Böke,,,turac-boke,B. T. Böke,F,14,1999-06-21T00:00:00+00:00,190,,Right,Türkiye,TR,TUR,1000000,1877472000
3054,Göztepe,goztepe,Göztepe,GOZ,Türkiye,TR,TUR,1103597,Novatus Miroshi,,,novatus-miroshi,N. Miroshi,M,20,2002-09-02T00:00:00+00:00,185,,Left,Tanzania,TZ,TZA,4600000,1845936000
3054,Göztepe,goztepe,Göztepe,GOZ,Türkiye,TR,TUR,907667,Tino Anjorin,Tino,Anjorin,tino-anjorin,T. Anjorin,M,18,2001-11-23T00:00:00+00:00,186,,Right,England,EN,ENG,4099999,1845936000
3054,Göztepe,goztepe,Göztepe,GOZ,Türkiye,TR,TUR,1186050,Alex Matos,,,matos-alex,A. Matos,M,6,2004-10-03T00:00:00+00:00,175,,Right,England,EN,ENG,1100000,1814313600
3054,Göztepe,goztepe,Göztepe,GOZ,Türkiye,TR,TUR,1063395,Arda Kurtulan,Arda Kurtulan,,arda-kurtulan,A. Kurtulan,M,2,2002-11-19T00:00:00+00:00,183,,Right,Türkiye,TR,TUR,6800000,1877472000
3054,Göztepe,goztepe,Göztepe,GOZ,Türkiye,TR,TUR,992024,Rhaldney,,,rhaldney,Rhaldney,M,5,1998-11-20T00:00:00+00:00,184,,Right,Brazil,BR,BRA,1100000,1845936000
3054,Göztepe,goztepe,Göztepe,GOZ,Türkiye,TR,TUR,903999,Ogün Bayrak,Ogun,Bayrak,ogun-bayrak,O. Bayrak,M,16,1998-10-10T00:00:00+00:00,175,,Right,Türkiye,TR,TUR,740000,1845936000
3054,Göztepe,goztepe,Göztepe,GOZ,Türkiye,TR,TUR,1122632,Malcom Bokele,Malcom,Bokele,malcom-bokele,M. Bokele,D,26,2000-02-12T00:00:00+00:00,193,,Right,Cameroon,CM,CMR,5400000,1814313600
3054,Göztepe,goztepe,Göztepe,GOZ,Türkiye,TR,TUR,1101279,Taha Altıkardeş,Taha,Altikardes,taha-altikardes,T. Altıkardeş,D,4,2003-08-22T00:00:00+00:00,188,,Right,Türkiye,TR,TUR,4099999,1845936000
3054,Göztepe,goztepe,Göztepe,GOZ,Türkiye,TR,TUR,279541,Noah Sonko Sundberg,Noah,Sonko Sundberg,noah-sonko-sundberg,N. Sonko Sundberg,D,19,1996-06-06T00:00:00+00:00,186,79,Right,Gambia,GM,GMB,820000,1845936000
3054,Göztepe,goztepe,Göztepe,GOZ,Türkiye,TR,TUR,987088,Allan,,,allan,Allan,D,3,1994-04-04T00:00:00+00:00,187,,Right,Brazil,BR,BRA,105000,1814313600
3054,Göztepe,goztepe,Göztepe,GOZ,Türkiye,TR,TUR,1533919,Ege Yildirim,Ege Yildirim,,yildirim-ege,E. Yildirim,D,13,2007-04-18T00:00:00+00:00,179,,Left,Türkiye,TR,TUR,53000,1877472000
3054,Göztepe,goztepe,Göztepe,GOZ,Türkiye,TR,TUR,1438692,Richard Akonnor,Richard Akonnor,,richard-akonnor,R. Akonnor,D,12,2004-02-06T00:00:00+00:00,185,,Left,United Arab Emirates,AE,ARE,880000,1814313600
3054,Göztepe,goztepe,Göztepe,GOZ,Türkiye,TR,TUR,1003161,Furkan Bayır,,,furkan-bayir,F. Bayır,D,23,2000-02-09T00:00:00+00:00,188,,Right,Türkiye,TR,TUR,970000,1845936000
3054,Göztepe,goztepe,Göztepe,GOZ,Türkiye,TR,TUR,827472,Luka Gugeshashvili,Luka,Gugeshashvili,luka-gugeshashvili,L. Gugeshashvili,G,25,1999-04-29T00:00:00+00:00,196,80,Left,Georgia,GE,GEO,655000,1814313600
3054,Göztepe,goztepe,Göztepe,GOZ,Türkiye,TR,TUR,964196,Arda Özçimen,Arda,Ozcimen,arda-ozcimen,A. Özçimen,G,1,2002-01-08T00:00:00+00:00,202,,Right,Türkiye,TR,TUR,495000,1814313600
3054,Göztepe,goztepe,Göztepe,GOZ,Türkiye,TR,TUR,1216027,Mehmet Şamil Öztürk,Mehmet Ozturk,,ozturk-mehmet-samil,M. Ş. Öztürk,G,33,2005-05-09T00:00:00+00:00,194,,Right,Türkiye,TR,TUR,91000,1845936000
3054,Göztepe,goztepe,Göztepe,GOZ,Türkiye,TR,TUR,2337924,Nevzat Üzel,Nevzat Üzel,,nevzat-uzel,N. Üzel,G,21,2007-03-07T00:00:00+00:00,192,,Right,Türkiye,TR,TUR,,1814313600
6063,Kasımpaşa,kasimpasa,Kasımpaşa,KAS,Türkiye,TR,TUR,928295,Adrian Benedyczak,Adrian,Benedyczak,adrian-benedyczak,A. Benedyczak,F,9,2000-11-24T00:00:00+00:00,190,,Both,Poland,PL,POL,4900000,1909008000
6063,Kasımpaşa,kasimpasa,Kasımpaşa,KAS,Türkiye,TR,TUR,826162,Güven Yalçın,Guven,Yalcin,guven-yalcin,G. Yalçın,F,50,1999-01-18T00:00:00+00:00,184,,Right,Türkiye,TR,TUR,1100000,1845936000
6063,Kasımpaşa,kasimpasa,Kasımpaşa,KAS,Türkiye,TR,TUR,910091,Ali Yavuz Kol,Ali Yavuz,Kol,ali-yavuz-kol,A. Kol,F,7,2001-01-29T00:00:00+00:00,175,,Right,Türkiye,TR,TUR,240000,1814313600
6063,Kasımpaşa,kasimpasa,Kasımpaşa,KAS,Türkiye,TR,TUR,1521036,Emirhan Yiğit,Emirhan Yigit,,emirhan-yigit,E. Yiğit,F,42,2006-04-30T00:00:00+00:00,179,,Left,Türkiye,TR,TUR,110000,1845936000
6063,Kasımpaşa,kasimpasa,Kasımpaşa,KAS,Türkiye,TR,TUR,1548530,Sinan Alkas,,,alkas-sinan,S. Alkas,F,23,2006-11-07T00:00:00+00:00,195,,Right,Türkiye,TR,TUR,135000,1845936000
6063,Kasımpaşa,kasimpasa,Kasımpaşa,KAS,Côte d'Ivoire,CI,CIV,2635559,Stann Élysée Dalo,Stann Élysée Dalo,,stann-elysee-dalo,S. É. Dalo,F,99,2007-12-07T00:00:00+00:00,180,,Right,Côte d'Ivoire,CI,CIV,,
6063,Kasımpaşa,kasimpasa,Kasımpaşa,KAS,Türkiye,TR,TUR,2010186,Mecit Deniz,,,mecit-deniz,M. Deniz,F,77,2007-06-29T00:00:00+00:00,182,,Right,Türkiye,TR,TUR,220000,1909008000
6063,Kasımpaşa,kasimpasa,Kasımpaşa,KAS,Türkiye,TR,TUR,2287517,Muhammed Bektaş,Muhammed Bektas,,muhammed-bektas,M. Bektas,F,99,2006-07-01T00:00:00+00:00,186,,Right,Türkiye,TR,TUR,,1909008000
6063,Kasımpaşa,kasimpasa,Kasımpaşa,KAS,Türkiye,TR,TUR,142619,Kerem Demirbay,Kerem,Demirbay,kerem-demirbay,K. Demirbay,M,26,1993-07-03T00:00:00+00:00,185,72,Left,Germany,DE,DEU,1100000,1877472000
6063,Kasımpaşa,kasimpasa,Kasımpaşa,KAS,Türkiye,TR,TUR,919225,Mortadha Ben Ouanes,,,mortadha-ben-ouanes,M. B. Ouanes,M,12,1994-07-02T00:00:00+00:00,182,,Left,Tunisia,TN,TUN,1400000,1814313600
6063,Kasımpaşa,kasimpasa,Kasımpaşa,KAS,Türkiye,TR,TUR,254979,Haris Hajradinović,,,haris-hajradinovic,H. Hajradinović,M,10,1994-02-18T00:00:00+00:00,179,74,Left,Bosnia & Herzegovina,BA,BIH,1300000,1814313600
6063,Kasımpaşa,kasimpasa,Kasımpaşa,KAS,Türkiye,TR,TUR,1101362,Jesurun Rak-Sakyi,,,jesurun-rak-sakyi,J. Rak-Sakyi,M,17,2002-10-05T00:00:00+00:00,178,,Left,Ghana,GH,GHA,5600000,
6063,Kasımpaşa,kasimpasa,Kasımpaşa,KAS,Türkiye,TR,TUR,796374,Fousseni Diabaté,Fousseni,Diabate,fousseni-diabate,F. Diabaté,M,34,1995-10-18T00:00:00+00:00,175,66,Left,Mali,ML,MLI,775000,1814313600
6063,Kasımpaşa,kasimpasa,Kasımpaşa,KAS,France,FR,FRA,1427156,Thiemoko Diarra,Thiemoko Diarra,,thiemoko-diarra,T. Diarra,M,11,2003-04-19T00:00:00+00:00,176,,Right,Mali,ML,MLI,440000,
6063,Kasımpaşa,kasimpasa,Kasımpaşa,KAS,Türkiye,TR,TUR,932856,Andri Fannar Baldursson,Andri Fannar,Baldursson,andri-fannar-baldursson,A. Baldursson,M,16,2002-01-10T00:00:00+00:00,187,,Right,Iceland,IS,ISL,2100000,1845936000
6063,Kasımpaşa,kasimpasa,Kasımpaşa,KAS,Türkiye,TR,TUR,1145731,Marcus Rafferty,,,rafferty-marcus,M. Rafferty,M,19,2004-10-01T00:00:00+00:00,180,,Right,Sweden,SE,SWE,775000,1909008000
6063,Kasımpaşa,kasimpasa,Kasımpaşa,KAS,Türkiye,TR,TUR,1625623,Elson Mendes,Elson,Mendes,elson-mendes-da-silva,E. Mendes,M,51,2005-09-17T00:00:00+00:00,176,,Right,Cape Verde,CV,CPV,875000,1909008000
6063,Kasımpaşa,kasimpasa,Kasımpaşa,KAS,Türkiye,TR,TUR,1134704,Atakan Mujde,Atakan,Mujde,atakan-mujde,A. Mujde,M,8,2003-10-25T00:00:00+00:00,182,,Right,Türkiye,TR,TUR,120000,1814313600
6063,Kasımpaşa,kasimpasa,Kasımpaşa,KAS,Türkiye,TR,TUR,2010104,Emirhan Boz,Emirhan Boz,,emirhan-boz,E. Boz,M,66,2006-02-12T00:00:00+00:00,181,,Right,Türkiye,TR,TUR,105000,1909008000
6063,Kasımpaşa,kasimpasa,Kasımpaşa,KAS,Türkiye,TR,TUR,2018238,Adem Arous,Adem Arous,,adem-arous,A. Arous,D,4,2004-07-17T00:00:00+00:00,188,,Right,Tunisia,TN,TUN,3900000,1845936000
6063,Kasımpaşa,kasimpasa,Kasımpaşa,KAS,Türkiye,TR,TUR,1005347,Matei Ilie,Matei,Ilie,matei-ilie,M. Ilie,D,27,2002-12-11T00:00:00+00:00,191,,Left,Romania,RO,ROU,2400000,1909008000
6063,Kasımpaşa,kasimpasa,Kasımpaşa,KAS,Türkiye,TR,TUR,1395701,Ayberk Karapo,Ayberk Karapo,,ayberk-karapo,A. Karapo,D,45,2004-07-21T00:00:00+00:00,186,,Right,Türkiye,TR,TUR,1600000,1909008000
6063,Kasımpaşa,kasimpasa,Kasımpaşa,KAS,Türkiye,TR,TUR,931743,Godfried Frimpong,Godfried Ayesu,Frimpong,frimpong,Frimpong,D,21,1999-04-21T00:00:00+00:00,180,,Left,Netherlands,NL,NLD,2200000,1814313600
6063,Kasımpaşa,kasimpasa,Kasımpaşa,KAS,Türkiye,TR,TUR,155998,Cláudio Winck,,,claudio-winck,C. Winck,D,2,1994-04-15T00:00:00+00:00,183,,Right,Brazil,BR,BRA,850000,1814313600
6063,Kasımpaşa,kasimpasa,Kasımpaşa,KAS,Türkiye,TR,TUR,962404,Kevin Mouanga,,,kevin-mouanga,K. Mouanga,D,14,2000-07-24T00:00:00+00:00,191,,Right,Congo Republic,CG,COG,1600000,1909008000
6063,Kasımpaşa,kasimpasa,Kasımpaşa,KAS,Türkiye,TR,TUR,68335,Ömer Bayram,,,omer-bayram,Ö. Bayram,D,,1991-07-27T00:00:00+00:00,175,70,Left,Türkiye,TR,TUR,52000,
6063,Kasımpaşa,kasimpasa,Kasımpaşa,KAS,Türkiye,TR,TUR,1133228,Jakob Jessen,,,jakob-jessen,J. Jessen,D,5,2004-03-05T00:00:00+00:00,184,,Left,Denmark,DK,DNK,850000,1909008000
6063,Kasımpaşa,kasimpasa,Kasımpaşa,KAS,Türkiye,TR,TUR,124728,Kamil Ahmet Çörekçi,,,kamil-ahmet-corekci,K. A. Çörekçi,D,22,1992-02-01T00:00:00+00:00,173,74,Right,Türkiye,TR,TUR,96000,1814313600
6063,Kasımpaşa,kasimpasa,Kasımpaşa,KAS,Türkiye,TR,TUR,1498789,Taylan Utku Aydın,Taylan Utku,Aydin,aydin-taylan-utku,T. U. Aydın,D,29,2006-02-10T00:00:00+00:00,180,,Right,Türkiye,TR,TUR,185000,1877472000
6063,Kasımpaşa,kasimpasa,Kasımpaşa,KAS,Türkiye,TR,TUR,2430362,Ahmet Taha Dağbaşı,,,ahmet-taha-dagbasi,A. T. Dağbaşı,D,30,2005-04-01T00:00:00+00:00,197,,Right,Türkiye,TR,TUR,55000,1909008000
6063,Kasımpaşa,kasimpasa,Kasımpaşa,KAS,Türkiye,TR,TUR,2692955,Salih Arici,Salih Arici,,salih-arici,S. Arici,D,24,2008-03-27T00:00:00+00:00,,,Left,Türkiye,TR,TUR,,
6063,Kasımpaşa,kasimpasa,Kasımpaşa,KAS,Türkiye,TR,TUR,236746,Andreas Gianniotis,Andreas,Gianniotis,andreas-gianniotis,A. Gianniotis,G,1,1992-12-18T00:00:00+00:00,190,,Right,Greece,GR,GRC,330000,1814313600
6063,Kasımpaşa,kasimpasa,Kasımpaşa,KAS,Türkiye,TR,TUR,840297,Ali Emre Yanar,Ali Emre,Yanar,ali-emre-yanar,A. Yanar,G,25,1998-05-15T00:00:00+00:00,190,,Right,Türkiye,TR,TUR,110000,1814313600
6063,Kasımpaşa,kasimpasa,Kasımpaşa,KAS,Türkiye,TR,TUR,2028660,Ege Albayrak,,,ege-albayrak,E. Albayrak,G,61,2007-08-20T00:00:00+00:00,191,,Right,Türkiye,TR,TUR,,1845936000
6063,Kasımpaşa,kasimpasa,Kasımpaşa,KAS,Türkiye,TR,TUR,1131343,Ramazan Özkanli,Ramazan Özkanli,,ramazan-ozkanli,R. Özkanli,G,44,2003-01-25T00:00:00+00:00,190,,Right,Türkiye,TR,TUR,46000,1845936000
3065,Kocaelispor,kocaelispor,Kocaelispor,KOC,Türkiye,TR,TUR,309306,Bruno Petković,,,bruno-petkovic,B. Petković,F,9,1994-09-16T00:00:00+00:00,192,88,Right,Croatia,HR,HRV,1400000,1814313600
3065,Kocaelispor,kocaelispor,Kocaelispor,KOC,Türkiye,TR,TUR,793227,Dan Agyei,Dan,Agyei,dan-agyei,D. Agyei,F,7,1997-06-01T00:00:00+00:00,183,,Left,Ghana,GH,GHA,1300000,1814313600
3065,Kocaelispor,kocaelispor,Kocaelispor,KOC,Türkiye,TR,TUR,1432418,Gonçalo Sousa,Gonçalo Sousa,,goncalo-sousa,G. Sousa,F,11,2006-06-30T00:00:00+00:00,186,,Right,Portugal,PT,PRT,2100000,1814313600
3065,Kocaelispor,kocaelispor,Kocaelispor,KOC,Türkiye,TR,TUR,801280,Florian Ayé,Florian,Aye,florian-aye,F. Ayé,F,97,1997-01-19T00:00:00+00:00,184,70,Right,France,FR,FRA,1900000,1845936000
3065,Kocaelispor,kocaelispor,Kocaelispor,KOC,Türkiye,TR,TUR,1823934,Haydar Karataş,Haydar Karataş,,haydar-karatas,H. Karataş,F,19,2007-03-13T00:00:00+00:00,173,,Right,Türkiye,TR,TUR,110000,1909008000
3065,Kocaelispor,kocaelispor,Kocaelispor,KOC,Türkiye,TR,TUR,1480564,Bedirhan Yıldız,Bedirhan Yildiz,,yildiz-bedirhan,B. Yıldız,F,89,2005-01-30T00:00:00+00:00,179,,Both,Türkiye,TR,TUR,26000,1814313600
3065,Kocaelispor,kocaelispor,Kocaelispor,KOC,Türkiye,TR,TUR,2492573,Arda Ozyar,,,arda-ozyar,A. Özyar,F,17,2007-04-16T00:00:00+00:00,181,,Right,Türkiye,TR,TUR,53000,1940544000
3065,Kocaelispor,kocaelispor,Kocaelispor,KOC,Türkiye,TR,TUR,992912,Berkan Kutlu,,,berkan-kutlu,B. Kutlu,M,10,1998-01-25T00:00:00+00:00,186,,Left,Türkiye,TR,TUR,2300000,1814313600
3065,Kocaelispor,kocaelispor,Kocaelispor,KOC,Türkiye,TR,TUR,933115,Show,,,show,Show,M,14,1999-03-06T00:00:00+00:00,180,,Right,Angola,AO,AGO,1600000,1877472000
3065,Kocaelispor,kocaelispor,Kocaelispor,KOC,Türkiye,TR,TUR,996734,Tobias Fjeld Gulliksen,Tobias Fjeld,Gulliksen,tobias-fjeld-gulliksen,T. Gulliksen,M,8,2003-07-09T00:00:00+00:00,177,,Right,Norway,NO,NOR,2100000,1814313600
3065,Kocaelispor,kocaelispor,Kocaelispor,KOC,Türkiye,TR,TUR,1156644,Mahamadou Susoho,,,susoho-mahamadou,M. Susoho,M,20,2005-01-20T00:00:00+00:00,175,,Right,Spain,ES,ESP,1000000,1845936000
3065,Kocaelispor,kocaelispor,Kocaelispor,KOC,Türkiye,TR,TUR,837742,Rigoberto Rivas,Rigoberto,Rivas,rigoberto-rivas,R. Rivas,M,99,1998-07-31T00:00:00+00:00,178,,Right,Honduras,HN,HND,1200000,1814313600
3065,Kocaelispor,kocaelispor,Kocaelispor,KOC,Türkiye,TR,TUR,255957,Tayfur Bingöl,,,tayfur-bingol,T. Bingöl,M,75,1993-01-11T00:00:00+00:00,180,74,Right,Türkiye,TR,TUR,425000,1814313600
3065,Kocaelispor,kocaelispor,Kocaelispor,KOC,Türkiye,TR,TUR,886328,Makana Baku,Makana,Baku,makana-baku,M. Baku,M,32,1998-04-08T00:00:00+00:00,177,,Left,Germany,DE,DEU,775000,1845936000
3065,Kocaelispor,kocaelispor,Kocaelispor,KOC,Türkiye,TR,TUR,957798,Metehan Altunbaş,Metehan,Altunbas,metehan-altunbas,M. Altunbaş,M,26,2003-01-07T00:00:00+00:00,184,,Right,Türkiye,TR,TUR,1800000,1877472000
3065,Kocaelispor,kocaelispor,Kocaelispor,KOC,Türkiye,TR,TUR,1942371,Ege Bilim,Ege Bilim,,ege-bilim,E. Bilim,M,27,2006-04-14T00:00:00+00:00,200,,Right,Türkiye,TR,TUR,46000,1909008000
3065,Kocaelispor,kocaelispor,Kocaelispor,KOC,Türkiye,TR,TUR,2403618,Hulisi Destici,Hulisi Destici,Destici,hulisi-destici,H. Destici,M,26,2008-08-06T00:00:00+00:00,182,,Right,Türkiye,TR,TUR,,1909008000
3065,Kocaelispor,kocaelispor,Kocaelispor,KOC,Türkiye,TR,TUR,143344,Massadio Haïdara,,,massadio-haidara,M. Haïdara,D,21,1992-12-02T00:00:00+00:00,179,76,Left,Mali,ML,MLI,650000,1814313600
3065,Kocaelispor,kocaelispor,Kocaelispor,KOC,Türkiye,TR,TUR,1091815,Emir Ortakaya,Emir,Ortakaya,emir-ortakaya,E. Ortakaya,D,5,2004-06-22T00:00:00+00:00,185,,Left,Türkiye,TR,TUR,550000,1845936000
3065,Kocaelispor,kocaelispor,Kocaelispor,KOC,Türkiye,TR,TUR,869199,Anfernee Jamal Dijksteel,Anfernee Jamal,Dijksteel,anfernee-jamal-dijksteel,A. Dijksteel,D,2,1996-10-27T00:00:00+00:00,183,,Right,Suriname,SR,SUR,1300000,1814313600
3065,Kocaelispor,kocaelispor,Kocaelispor,KOC,Türkiye,TR,TUR,1082797,Matej Maglica,Matej,Maglica,matej-maglica,M. Maglica,D,6,1998-09-25T00:00:00+00:00,196,,Left,Croatia,HR,HRV,1100000,1845936000
3065,Kocaelispor,kocaelispor,Kocaelispor,KOC,Türkiye,TR,TUR,1133520,Tanguy Zoukrou,Tanguy Zoukrou,,tanguy-zoukrou,T. Zoukrou,D,4,2003-05-07T00:00:00+00:00,189,,Right,France,FR,FRA,1100000,1814313600
3065,Kocaelispor,kocaelispor,Kocaelispor,KOC,Türkiye,TR,TUR,995383,Uğur Kaan Yıldız,,,ugur-kaan-yildiz,U. K. Yıldız,D,22,2002-08-06T00:00:00+00:00,181,,Right,Türkiye,TR,TUR,620000,1845936000
3065,Kocaelispor,kocaelispor,Kocaelispor,KOC,Türkiye,TR,TUR,957582,Muharrem Cinan,Muharrem,Cinan,muharrem-cinan,M. Cinan,D,3,1998-05-13T00:00:00+00:00,179,,Left,Türkiye,TR,TUR,390000,1814313600
3065,Kocaelispor,kocaelispor,Kocaelispor,KOC,Türkiye,TR,TUR,908756,Onur Öztonga,Onur,Oztonga,onur-oztonga,O. Öztonga,D,41,2000-01-06T00:00:00+00:00,181,,Right,Türkiye,TR,TUR,320000,1814313600
3065,Kocaelispor,kocaelispor,Kocaelispor,KOC,Türkiye,TR,TUR,2027709,Mikdat Çil,,,mirkdat-cil,M. Cil,D,44,2006-02-16T00:00:00+00:00,177,,Right,Türkiye,TR,TUR,,1909008000
3065,Kocaelispor,kocaelispor,Kocaelispor,KOC,Türkiye,TR,TUR,800971,Aleksandar Jovanović,Aleksandar,Jovanovic,aleksandar-jovanovic,A. Jovanović,G,1,1992-12-06T00:00:00+00:00,191,86,Right,Serbia,RS,SRB,530000,1814313600
3065,Kocaelispor,kocaelispor,Kocaelispor,KOC,Türkiye,TR,TUR,1102775,Serhat Öztaşdelen,Serhat Oztasdelen,,serhat-oztasdelen,S. Öztaşdelen,G,83,2004-12-09T00:00:00+00:00,187,,Right,Türkiye,TR,TUR,550000,1814313600
3065,Kocaelispor,kocaelispor,Kocaelispor,KOC,Türkiye,TR,TUR,213542,Onurcan Piri,Onurcan,Piri,onurcan-piri,O. Piri,G,23,1994-09-28T00:00:00+00:00,190,82,Right,Türkiye,TR,TUR,210000,1814313600
3065,Kocaelispor,kocaelispor,Kocaelispor,KOC,Türkiye,TR,TUR,2609976,Talha Polat,Talha Polat,,talha-polat,T. Polat,G,,2006-11-17T00:00:00+00:00,188,,Right,Türkiye,TR,TUR,,1814313600
3085,Konyaspor,konyaspor,Konyaspor,KON,Türkiye,TR,TUR,873551,Mostafa Mohamed,Mostafa,Mohamed,mostafa-mohamed,M. Mohamed,F,42,1997-11-28T00:00:00+00:00,185,,Right,Egypt,EG,EGY,3700000,1877472000
3085,Konyaspor,konyaspor,Konyaspor,KON,Türkiye,TR,TUR,927649,Jackson Muleka,,,jackson-muleka,J. Muleka,F,11,1999-10-04T00:00:00+00:00,180,,Right,DR Congo,CD,COD,2900000,1814313600
3085,Konyaspor,konyaspor,Konyaspor,KON,Türkiye,TR,TUR,928106,Ebrima Colley,,,colley-ebrima,E. Colley,F,19,2000-02-01T00:00:00+00:00,179,,Right,Gambia,GM,GMB,755000,1814313600
3085,Konyaspor,konyaspor,Konyaspor,KON,Türkiye,TR,TUR,789192,Jean-Luc Dompé,Jean-Luc,Dompe,jean-luc-dompe,J. Dompé,F,91,1995-08-12T00:00:00+00:00,170,,Right,France,FR,FRA,2400000,1845936000
3085,Konyaspor,konyaspor,Konyaspor,KON,Türkiye,TR,TUR,1012480,Enis Destan,Enis,Destan,enis-destan,E. Destan,F,94,2002-06-15T00:00:00+00:00,184,,Right,Türkiye,TR,TUR,1900000,1877472000
3085,Konyaspor,konyaspor,Konyaspor,KON,Türkiye,TR,TUR,355024,Enis Bardhi,Enis,Bardhi,enis-bardhi,E. Bardhi,M,10,1995-07-02T00:00:00+00:00,172,67,Right,North Macedonia,MK,MKD,2700000,1814313600
3085,Konyaspor,konyaspor,Konyaspor,KON,Türkiye,TR,TUR,357746,Diogo Gonçalves,,,diogo-goncalves,D. Gonçalves,M,7,1997-02-06T00:00:00+00:00,178,67,Right,Portugal,PT,PRT,2400000,1845936000
3085,Konyaspor,konyaspor,Konyaspor,KON,Türkiye,TR,TUR,1434416,Rajmund Tóth,Rajmund,Tóth,rajmund-toth,R. Tóth,M,66,2004-04-09T00:00:00+00:00,182,,Right,Hungary,HU,HUN,930000,1909008000
3085,Konyaspor,konyaspor,Konyaspor,KON,Türkiye,TR,TUR,252207,Deniz Türüç,,,deniz-turuc,D. Türüç,M,9,1993-01-29T00:00:00+00:00,175,79,Left,Türkiye,TR,TUR,530000,1845936000
3085,Konyaspor,konyaspor,Konyaspor,KON,Türkiye,TR,TUR,1148996,Emir Bars,Emir Bars,,emir-bars,E. Bars,M,45,2005-04-11T00:00:00+00:00,180,,Right,Türkiye,TR,TUR,410000,1877472000
3085,Konyaspor,konyaspor,Konyaspor,KON,Türkiye,TR,TUR,310068,Marko Jevtović,,,marko-jevtovic,M. Jevtović,M,8,1993-07-24T00:00:00+00:00,194,83,Right,Serbia,RS,SRB,435000,1814313600
3085,Konyaspor,konyaspor,Konyaspor,KON,Türkiye,TR,TUR,998462,Melih İbrahimoğlu,,,melih-ibrahimoglu,M. Ibrahimoglu,M,77,2000-07-17T00:00:00+00:00,175,,Both,Türkiye,TR,TUR,2600000,1814313600
3085,Konyaspor,konyaspor,Konyaspor,KON,Türkiye,TR,TUR,1149209,Mücahit Ibrahimoglu,Mücahit Ibrahimoglu,,mucahit-ibrahimoglu,M. Ibrahimoglu,M,24,2005-03-09T00:00:00+00:00,172,,Right,Austria,AT,AUT,140000,
3085,Konyaspor,konyaspor,Konyaspor,KON,Türkiye,TR,TUR,2486668,Omer Cobanoglu,Omer,Cobanoglu,omer-cobanoglu,O. Cobanoglu,M,25,2007-07-04T00:00:00+00:00,,,Right,Türkiye,TR,TUR,,1909008000
3085,Konyaspor,konyaspor,Konyaspor,KON,Türkiye,TR,TUR,174975,Arthur Masuaku,Arthur,Masuaku,arthur-masuaku,A. Masuaku,D,26,1993-11-07T00:00:00+00:00,179,70,Left,DR Congo,CD,COD,1900000,1845936000
3085,Konyaspor,konyaspor,Konyaspor,KON,Türkiye,TR,TUR,804764,Chidozie Awaziem,,,chidozie-awaziem,C. Awaziem,D,15,1997-01-01T00:00:00+00:00,189,82,Right,Nigeria,NG,NGA,2600000,1845936000
3085,Konyaspor,konyaspor,Konyaspor,KON,Türkiye,TR,TUR,1482346,Da Mata,Da Mata,,da-mata,D. Mata,D,41,2006-03-12T00:00:00+00:00,186,,Right,Brazil,BR,BRA,245000,1877472000
3085,Konyaspor,konyaspor,Konyaspor,KON,Türkiye,TR,TUR,929739,Rayyan Baniya,,,rayyan-baniya,R. Baniya,D,22,1999-02-18T00:00:00+00:00,192,,Right,Türkiye,TR,TUR,970000,1909008000
3085,Konyaspor,konyaspor,Konyaspor,KON,Türkiye,TR,TUR,605548,Yhoan Andzouana,Yhoan,Andzouana,yhoan-andzouana,Y. Andzouana,D,17,1996-12-13T00:00:00+00:00,179,69,Right,Congo Republic,CG,COG,825000,1845936000
3085,Konyaspor,konyaspor,Konyaspor,KON,Türkiye,TR,TUR,787949,Adil Demirbağ,Adil,Demirbag,adil-demirbag,A. Demirbağ,D,4,1997-12-10T00:00:00+00:00,185,,Right,Türkiye,TR,TUR,3300000,1814313600
3085,Konyaspor,konyaspor,Konyaspor,KON,Türkiye,TR,TUR,1138095,Arif Boşluk,Arif Bosluk,,arif-bosluk,A. Boşluk,D,3,2003-06-06T00:00:00+00:00,183,,Left,Türkiye,TR,TUR,725000,
3085,Konyaspor,konyaspor,Konyaspor,KON,Türkiye,TR,TUR,603902,Ahmet Oğuz,Ahmet,Oguz,ahmet-oguz,A. Oğuz,D,,1993-01-16T00:00:00+00:00,175,83,Right,Türkiye,TR,TUR,380000,
3085,Konyaspor,konyaspor,Konyaspor,KON,Türkiye,TR,TUR,904303,Uğurcan Yazğılı,Ugurcan,Yazgili,ugurcan-yazgili,U. Yazğılı,D,5,1999-04-09T00:00:00+00:00,184,,Right,Türkiye,TR,TUR,1900000,1814313600
3085,Konyaspor,konyaspor,Konyaspor,KON,Türkiye,TR,TUR,2128093,Ata Yanık,Ata Yanık,,ata-yanik,A. Yanık,D,89,2009-05-15T00:00:00+00:00,182,,Left,Türkiye,TR,TUR,48000,1845936000
3085,Konyaspor,konyaspor,Konyaspor,KON,Türkiye,TR,TUR,1195772,Deniz Ertaş,Deniz Ertas,,deniz-ertas,D. Ertaş,G,1,2005-03-20T00:00:00+00:00,194,,Right,Türkiye,TR,TUR,3400000,1814313600
3085,Konyaspor,konyaspor,Konyaspor,KON,Türkiye,TR,TUR,807289,Bahadır Han Güngördü,Bahadir,Gungordu,bahadir-han-gungordu,B. H. Güngördü,G,13,1996-01-16T00:00:00+00:00,190,,Right,Türkiye,TR,TUR,660000,1814313600
3085,Konyaspor,konyaspor,Konyaspor,KON,Türkiye,TR,TUR,1892942,Egemen Aydin,,,egemen-aydin,E. Aydın,G,29,2007-05-12T00:00:00+00:00,193,,Right,Türkiye,TR,TUR,45000,1814313600
3085,Konyaspor,konyaspor,Konyaspor,KON,Türkiye,TR,TUR,2166292,Emir Gündoğdu,,,gundogdu-emir,E. Gundogdu,G,66,2009-10-16T00:00:00+00:00,190,,Right,Türkiye,TR,TUR,,1877472000
3053,Samsunspor,yilport-samsunspor,Samsunspor,SAM,Türkiye,TR,TUR,909318,Mohamed Bayo,Mohamed,Bayo,mohamed-bayo,M. Bayo,F,9,1998-06-04T00:00:00+00:00,188,75,Right,Guinea,GN,GIN,4800000,1814313600
3053,Samsunspor,yilport-samsunspor,Samsunspor,SAM,Türkiye,TR,TUR,943593,Marius Mouandilmadji,,,marius-mouandilmadji,M. Mouandilmadji,F,9,1998-01-22T00:00:00+00:00,190,67,Right,Chad,TD,TCD,7600000,1845936000
3053,Samsunspor,yilport-samsunspor,Samsunspor,SAM,Türkiye,TR,TUR,929631,Elayis Tavsan,Elayis,Tavsan,elayis-tavsan,E. Tavsan,F,7,2001-04-30T00:00:00+00:00,183,,Left,Netherlands,NL,NLD,1400000,1909008000
3053,Samsunspor,yilport-samsunspor,Samsunspor,SAM,Türkiye,TR,TUR,930697,Fatih Kaya,Fatih,Kaya,fatih-kaya,F. Kaya,F,14,1999-11-12T00:00:00+00:00,183,79,Both,Türkiye,TR,TUR,485000,1877472000
3053,Samsunspor,yilport-samsunspor,Samsunspor,SAM,Türkiye,TR,TUR,2430544,Saikuba Jarju,Saikuba Jarju,,saikuba-jarju,S. Jarju,F,30,2007-12-09T00:00:00+00:00,180,,Right,Gambia,GM,GMB,1100000,1877472000
3053,Samsunspor,yilport-samsunspor,Samsunspor,SAM,Türkiye,TR,TUR,855672,Afonso Sousa,Afonso,Sousa,afonso-sousa,A. Sousa,M,77,2000-05-03T00:00:00+00:00,170,,Right,Portugal,PT,PRT,2300000,1909008000
3053,Samsunspor,yilport-samsunspor,Samsunspor,SAM,Türkiye,TR,TUR,954060,Tanguy Coulibaly,,,tanguy-coulibaly,T. Coulibaly,M,70,2001-02-18T00:00:00+00:00,180,,Left,France,FR,FRA,1300000,1845936000
3053,Samsunspor,yilport-samsunspor,Samsunspor,SAM,Türkiye,TR,TUR,202032,Emre Kılınç,,,emre-klnc,E. Kılınç,M,11,1994-08-23T00:00:00+00:00,174,68,Left,Türkiye,TR,TUR,1000000,1845936000
3053,Samsunspor,yilport-samsunspor,Samsunspor,SAM,Türkiye,TR,TUR,1514452,Jaures Assoumou,,,assoumou-jaures,J. Assoumou,M,47,2002-10-17T00:00:00+00:00,182,,Right,Côte d'Ivoire,CI,CIV,1900000,1909008000
3053,Samsunspor,yilport-samsunspor,Samsunspor,SAM,Türkiye,TR,TUR,1513104,Oskar Øhlenschlaeger,Oskar Öhlenschlaeger,,oskar-ohlenschlaeger,O. Öhlenschlaeger,M,20,2004-04-19T00:00:00+00:00,180,,Both,Denmark,DK,DNK,2200000,1940544000
3053,Samsunspor,yilport-samsunspor,Samsunspor,SAM,Türkiye,TR,TUR,942060,Elliot Watt,,,elliot-watt,E. Watt,M,4,2000-03-11T00:00:00+00:00,175,,Right,Scotland,SX,SCO,1900000,1909008000
3053,Samsunspor,yilport-samsunspor,Samsunspor,SAM,Türkiye,TR,TUR,1513644,Antoine Sekongo,,,anto-sekongo,A. Sekongo,M,42,2004-06-13T00:00:00+00:00,178,,Left,Mali,ML,MLI,3900000,1940544000
3053,Samsunspor,yilport-samsunspor,Samsunspor,SAM,Türkiye,TR,TUR,806972,Celil Yüksel,Celil,Yuksel,celil-yuksel,C. Yüksel,M,5,1998-01-01T00:00:00+00:00,165,,Right,Türkiye,TR,TUR,865000,1814313600
3053,Samsunspor,yilport-samsunspor,Samsunspor,SAM,Türkiye,TR,TUR,945548,Yalçın Kayan,,,yalcin-kayan,Y. Kayan,M,20,1999-01-30T00:00:00+00:00,182,,Left,Türkiye,TR,TUR,970000,1845936000
3053,Samsunspor,yilport-samsunspor,Samsunspor,SAM,Türkiye,TR,TUR,980608,Samed Onur,Samed,Onur,samed-onur,S. Onur,M,8,2002-07-15T00:00:00+00:00,175,,Left,Türkiye,TR,TUR,670000,1877472000
3053,Samsunspor,yilport-samsunspor,Samsunspor,SAM,Türkiye,TR,TUR,1214888,Alper Efe Pazar,Alper Efe Pazar,,alper-efe-pazar,A. E. Pazar,M,12,2005-02-08T00:00:00+00:00,180,,Both,Türkiye,TR,TUR,,1909008000
3053,Samsunspor,yilport-samsunspor,Samsunspor,SAM,Türkiye,TR,TUR,2142281,Eyup Degirmenci,Eyup,Degirmenci,eyup-degirmenci,E. Degirmenci,M,21,2007-04-16T00:00:00+00:00,183,,Right,Türkiye,TR,TUR,,1909008000
3053,Samsunspor,yilport-samsunspor,Samsunspor,SAM,Türkiye,TR,TUR,940827,Strahinja Eraković,Strahinja,Erakovic,strahinja-erakovic,S. Eraković,D,16,2001-01-22T00:00:00+00:00,184,,Right,Serbia,RS,SRB,6800000,1814313600
3053,Samsunspor,yilport-samsunspor,Samsunspor,SAM,Türkiye,TR,TUR,1133258,Josafat Mendes,,,josafat-mendes,J. Mendes,D,2,2002-12-31T00:00:00+00:00,177,,Right,Sweden,SE,SWE,2400000,1909008000
3053,Samsunspor,yilport-samsunspor,Samsunspor,SAM,Türkiye,TR,TUR,1137373,Gabriele Guarino,,,gabriele-guarino,G. Guarino,D,34,2004-04-14T00:00:00+00:00,193,,Right,Italy,IT,ITA,3600000,1940544000
3053,Samsunspor,yilport-samsunspor,Samsunspor,SAM,Türkiye,TR,TUR,1161838,Igor Drapiński,Igor Drapinski,,igor-drapinski,I. Drapiński,D,3,2004-05-31T00:00:00+00:00,186,,Left,Poland,PL,POL,1400000,1940544000
3053,Samsunspor,yilport-samsunspor,Samsunspor,SAM,Türkiye,TR,TUR,858266,Logi Tomasson,Logi,Tomasson,logi-tomasson,L. Tómasson,D,17,2000-09-13T00:00:00+00:00,182,,Left,Iceland,IS,ISL,2900000,1877472000
3053,Samsunspor,yilport-samsunspor,Samsunspor,SAM,Türkiye,TR,TUR,1431471,Enes Albak,,,albak-enes,E. Albak,D,23,2005-05-16T00:00:00+00:00,175,,Left,Türkiye,TR,TUR,155000,1814313600
3053,Samsunspor,yilport-samsunspor,Samsunspor,SAM,Türkiye,TR,TUR,1063325,Yunus Emre Çift,Yunus Cift,,yunus-emre-cift,Y. E. Çift,D,22,2003-09-01T00:00:00+00:00,185,,Right,Türkiye,TR,TUR,620000,1814313600
3053,Samsunspor,yilport-samsunspor,Samsunspor,SAM,Türkiye,TR,TUR,1215897,Bedirhan Çetin,Bedirhan Çetin,,bedirhan-cetin,B. Çetin,D,96,2006-06-29T00:00:00+00:00,182,,Right,Türkiye,TR,TUR,105000,1909008000
3053,Samsunspor,yilport-samsunspor,Samsunspor,SAM,Türkiye,TR,TUR,1605311,Haluk Mustafa Tan,Haluk Mustafa Tan,,tan-haluk-mustafa,H. M. Tan,D,29,2005-04-27T00:00:00+00:00,181,,Right,Türkiye,TR,TUR,170000,1845936000
3053,Samsunspor,yilport-samsunspor,Samsunspor,SAM,Türkiye,TR,TUR,1640288,Kerem Fidan,,,kerem-fidan,K. Fidan,D,,2006-04-07T00:00:00+00:00,189,,Left,Türkiye,TR,TUR,,1877472000
3053,Samsunspor,yilport-samsunspor,Samsunspor,SAM,Türkiye,TR,TUR,190179,Okan Kocuk,,,okan-kocuk,O. Koçuk,G,1,1995-07-27T00:00:00+00:00,187,79,Right,Türkiye,TR,TUR,1900000,1845936000
3053,Samsunspor,yilport-samsunspor,Samsunspor,SAM,Türkiye,TR,TUR,825850,Bilal Bayazit,Bilal,Bayazit,bilal-bayazit,B. Bayazit,G,25,1999-04-08T00:00:00+00:00,185,,Right,Türkiye,TR,TUR,1600000,1909008000
3053,Samsunspor,yilport-samsunspor,Samsunspor,SAM,Türkiye,TR,TUR,1417040,Efe Berat Törüz,Efe Berat Törüz,,efe-berat-toruz,E. B. Törüz,G,,2006-09-08T00:00:00+00:00,194,,Right,Türkiye,TR,TUR,,1877472000
3053,Samsunspor,yilport-samsunspor,Samsunspor,SAM,Türkiye,TR,TUR,2237096,Efe Yiğit Üstün,Efe Yiğit Üstün,,efe-yigit-ustun,E. Y. Üstün,G,13,2008-05-07T00:00:00+00:00,188,,Right,Türkiye,TR,TUR,,1845936000
3051,Trabzonspor,trabzonspor,Trabzonspor,TRA,Türkiye,TR,TUR,295123,Paul Onuachu,Paul,Onuachu,paul-onuachu,P. Onuachu,F,30,1994-05-28T00:00:00+00:00,201,84,Right,Nigeria,NG,NGA,6200000,1845936000
3051,Trabzonspor,trabzonspor,Trabzonspor,TRA,Türkiye,TR,TUR,1146009,Franculino Djú,Franculino,,franculino-dju,F. Djú,F,9,2004-06-28T00:00:00+00:00,182,,Left,Guinea-Bissau,GW,GNB,24000000,1909008000
3051,Trabzonspor,trabzonspor,Trabzonspor,TRA,Türkiye,TR,TUR,284767,Umut Nayir,Umut,Nayir,umut-nayir,U. Nayir,F,14,1993-06-28T00:00:00+00:00,191,75,Right,Türkiye,TR,TUR,625000,1814313600
3051,Trabzonspor,trabzonspor,Trabzonspor,TRA,Türkiye,TR,TUR,1127335,Cihan Çanak,Cihan Canak,,cihan-canak,C. Çanak,F,61,2005-01-24T00:00:00+00:00,175,,Left,Türkiye,TR,TUR,1900000,1814313600
3051,Trabzonspor,trabzonspor,Trabzonspor,TRA,Türkiye,TR,TUR,1480626,Ali Habeşoğlu,Ali Habesoglu,,ali-habesoglu,A. Habeşoğlu,F,99,2004-07-29T00:00:00+00:00,190,,Right,Türkiye,TR,TUR,2000000,1877472000
3051,Trabzonspor,trabzonspor,Trabzonspor,TRA,Türkiye,TR,TUR,159665,Mohamed Salah,Mohamed,Salah,mohamed-salah,M. Salah,M,10,1992-06-15T00:00:00+00:00,175,,Left,Egypt,EG,EGY,21000000,1845936000
3051,Trabzonspor,trabzonspor,Trabzonspor,TRA,Türkiye,TR,TUR,243585,Fabinho,Fabio,Fabinho,fabinho,Fabinho,M,6,1993-10-23T00:00:00+00:00,187,,Right,Brazil,BR,BRA,11000000,1845936000
3051,Trabzonspor,trabzonspor,Trabzonspor,TRA,Türkiye,TR,TUR,924670,Ernest Muçi,Ernest,Muci,ernest-muci,E. Muçi,M,7,2001-03-19T00:00:00+00:00,180,,Right,Albania,AL,ALB,11700000,1877472000
3051,Trabzonspor,trabzonspor,Trabzonspor,TRA,Türkiye,TR,TUR,195850,Ruslan Malinovskyi,Ruslan,Malinovskyi,ruslan-malinovskyi,R. Malinovskyi,M,17,1993-05-04T00:00:00+00:00,181,79,Left,Ukraine,UA,UKR,2600000,1877472000
3051,Trabzonspor,trabzonspor,Trabzonspor,TRA,Türkiye,TR,TUR,999186,Aral Şimşir,Aral,Simsir,aral-simsir,A. Şimşir,M,58,2002-06-19T00:00:00+00:00,175,,Right,Türkiye,TR,TUR,9200000,1909008000
3051,Trabzonspor,trabzonspor,Trabzonspor,TRA,Türkiye,TR,TUR,251907,Ozan Tufan,Ozan,Tufan,ozan-tufan,O. Tufan,M,11,1995-03-23T00:00:00+00:00,182,70,Right,Türkiye,TR,TUR,1400000,1814313600
3051,Trabzonspor,trabzonspor,Trabzonspor,TRA,Türkiye,TR,TUR,1046446,Benjamin Bouchouari,,,benjamin-bouchouari,B. Bouchouari,M,8,2001-11-13T00:00:00+00:00,165,,Right,Morocco,MA,MAR,4800000,1845936000
3051,Trabzonspor,trabzonspor,Trabzonspor,TRA,Türkiye,TR,TUR,859021,Batista Mendy,Batista,Mendy,batista-mendy,B. Mendy,M,6,2000-01-12T00:00:00+00:00,191,,Both,France,FR,FRA,6800000,1814313600
3051,Trabzonspor,trabzonspor,Trabzonspor,TRA,Türkiye,TR,TUR,97967,Okay Yokuşlu,,,okay-yokuslu,O. Yokuşlu,M,5,1994-03-09T00:00:00+00:00,190,79,Right,Türkiye,TR,TUR,1200000,1814313600
3051,Trabzonspor,trabzonspor,Trabzonspor,TRA,Türkiye,TR,TUR,1153328,Noah Saviolo,Noah Saviolo,,noah-saviolo,N. Saviolo,M,70,2004-03-07T00:00:00+00:00,181,,Right,Portugal,PT,PRT,9100000,1940544000
3051,Trabzonspor,trabzonspor,Trabzonspor,TRA,Türkiye,TR,TUR,1106446,Tim Jabol-Folcarelli,Tim Jabol-Folcarelli,,tim-jabol-folcarelli,T. Jabol-Folcarelli,M,26,1999-12-06T00:00:00+00:00,187,,Right,France,FR,FRA,6600000,1877472000
3051,Trabzonspor,trabzonspor,Trabzonspor,TRA,Türkiye,TR,TUR,900809,Metehan Mimaroğlu,Metehan,Mimaroglu,metehan-mimaroglu,M. Mimaroğlu,M,77,1994-07-07T00:00:00+00:00,178,,Left,Türkiye,TR,TUR,420000,1814313600
3051,Trabzonspor,trabzonspor,Trabzonspor,TRA,Türkiye,TR,TUR,828872,Melih Kabasakal,Melih,Kabasakal,melih-kabasakal,M. Kabasakal,M,57,1996-02-18T00:00:00+00:00,178,,Right,Türkiye,TR,TUR,560000,1845936000
3051,Trabzonspor,trabzonspor,Trabzonspor,TRA,Türkiye,TR,TUR,1117723,Sidny Lopes Cabral,Sidny Lopes Cabral,,sidny-lopes-cabral,S. L. Cabral,D,55,2002-09-18T00:00:00+00:00,176,,Both,Cape Verde,CV,CPV,10300000,1940544000
3051,Trabzonspor,trabzonspor,Trabzonspor,TRA,Türkiye,TR,TUR,76265,Stefan Savić,,,stefan-savic,S. Savić,D,15,1991-01-08T00:00:00+00:00,186,80,Right,Montenegro,ME,MNE,430000,1814313600
3051,Trabzonspor,trabzonspor,Trabzonspor,TRA,Türkiye,TR,TUR,1481134,Chibuike Nwaiwu,Chibuike Nwaiwu,,chibuike-nwaiwu,C. Nwaiwu,D,27,2003-07-23T00:00:00+00:00,193,,Right,Nigeria,NG,NGA,9100000,1909008000
3051,Trabzonspor,trabzonspor,Trabzonspor,TRA,Türkiye,TR,TUR,863600,Samet Akaydın,Samet,Akaydin,samet-akaydin,S. Akaydın,D,4,1994-03-13T00:00:00+00:00,190,,Right,Türkiye,TR,TUR,1300000,1845936000
3051,Trabzonspor,trabzonspor,Trabzonspor,TRA,Türkiye,TR,TUR,1513625,Wagner Pina,,,wagner-pina,W. Pina,D,20,2002-11-03T00:00:00+00:00,180,73,Right,Cape Verde,CV,CPV,11400000,1877472000
3051,Trabzonspor,trabzonspor,Trabzonspor,TRA,Türkiye,TR,TUR,981395,Arseniy Batagov,Arseniy,Batagov,arseniy-batagov,A. Batagov,D,44,2002-03-05T00:00:00+00:00,185,,Left,Ukraine,UA,UKR,11500000,1845936000
3051,Trabzonspor,trabzonspor,Trabzonspor,TRA,Türkiye,TR,TUR,953097,Cenk Özkaçar,Cenk,Ozkacar,cenk-ozkacar,C. Özkaçar,D,39,2000-10-06T00:00:00+00:00,190,,Left,Türkiye,TR,TUR,4099999,1877472000
3051,Trabzonspor,trabzonspor,Trabzonspor,TRA,Türkiye,TR,TUR,899069,Mustafa Eskihellaç,Mustafa,Eskihellac,mustafa-eskihellac,M. Eskihellaç,D,19,1997-05-05T00:00:00+00:00,175,,Right,Türkiye,TR,TUR,4300000,1814313600
3051,Trabzonspor,trabzonspor,Trabzonspor,TRA,Türkiye,TR,TUR,787498,André Onana,Andre,Onana,andre-onana,A. Onana,G,24,1996-04-02T00:00:00+00:00,190,91,Right,Cameroon,CM,CMR,9300000,1814313600
3051,Trabzonspor,trabzonspor,Trabzonspor,TRA,Türkiye,TR,TUR,1417078,Onuralp Çevikkan,Onuralp Cevikkan,,onuralp-cevikkan,O. Çevikkan,G,25,2006-01-02T00:00:00+00:00,190,,Right,Türkiye,TR,TUR,945000,1845936000
3051,Trabzonspor,trabzonspor,Trabzonspor,TRA,Türkiye,TR,TUR,1907056,Ahmet Doğan Yıldırım,Ahmet Doğan Yıldırım,,ahmet-dogan-yildirim,A. D. Yıldırım,G,1,2006-11-01T00:00:00+00:00,194,,Right,Türkiye,TR,TUR,190000,1877472000
3051,Trabzonspor,trabzonspor,Trabzonspor,TRA,Türkiye,TR,TUR,1974349,Erol Can Çolak,Erol Can Çolak,,erol-can-colak,E. C. Çolak,G,96,2006-01-02T00:00:00+00:00,190,,Left,Türkiye,TR,TUR,,1845936000
3064,Çaykur Rizespor,caykur-rizespor,Rizespor,RIZ,Türkiye,TR,TUR,238394,Ali Sowe,Ali,Sowe,ali-sowe,A. Sowe,F,9,1994-06-14T00:00:00+00:00,186,84,Right,Gambia,GM,GMB,1600000,1845936000
3064,Çaykur Rizespor,caykur-rizespor,Rizespor,RIZ,Türkiye,TR,TUR,979479,Gennaro Borrelli,Gennaro,Borrelli,gennaro-borrelli,G. Borrelli,F,29,2000-03-10T00:00:00+00:00,194,,Right,Italy,IT,ITA,2900000,1814313600
3064,Çaykur Rizespor,caykur-rizespor,Rizespor,RIZ,Türkiye,TR,TUR,1144096,Adedire Mebude,Adedire Mebude,,adedire-mebude,A. Mebude,F,11,2004-05-28T00:00:00+00:00,179,,Right,Scotland,SX,SCO,1600000,1909008000
3064,Çaykur Rizespor,caykur-rizespor,Rizespor,RIZ,Türkiye,TR,TUR,1504963,Iustin Doicaru,,,doicaru-iustin,I. Doicaru,F,79,2007-02-07T00:00:00+00:00,180,,Left,Romania,RO,ROU,97000,1940544000
3064,Çaykur Rizespor,caykur-rizespor,Rizespor,RIZ,Türkiye,TR,TUR,1480663,Emrecan Bulut,Emrecan Bulut,,emrecan-bulut,E. Bulut,F,99,2002-11-26T00:00:00+00:00,185,,Right,Türkiye,TR,TUR,580000,1845936000
3064,Çaykur Rizespor,caykur-rizespor,Rizespor,RIZ,Türkiye,TR,TUR,2436717,Mustafa Coskun Tosun,,,mustafa-coskun-tosun,M. C. Tosun,F,80,2009-01-06T00:00:00+00:00,,,,Türkiye,TR,TUR,145000,1877472000
3064,Çaykur Rizespor,caykur-rizespor,Rizespor,RIZ,Türkiye,TR,TUR,906049,Ahmed Kutucu,Ahmed,Kutucu,ahmed-kutucu,A. Kutucu,M,23,2000-03-01T00:00:00+00:00,181,,Right,Türkiye,TR,TUR,2800000,1814313600
3064,Çaykur Rizespor,caykur-rizespor,Rizespor,RIZ,Türkiye,TR,TUR,925242,Valentin Mihăilă,Valentin,Mihaila,valentin-mihaila,V. Mihăilă,M,7,2000-02-02T00:00:00+00:00,177,60,Right,Romania,RO,ROU,3600000,1877472000
3064,Çaykur Rizespor,caykur-rizespor,Rizespor,RIZ,Türkiye,TR,TUR,284395,Qazim Laci,Qazim,Laci,qazim-laci,Q. Laci,M,20,1996-01-19T00:00:00+00:00,173,,Right,Albania,AL,ALB,2900000,1845936000
3064,Çaykur Rizespor,caykur-rizespor,Rizespor,RIZ,Türkiye,TR,TUR,1008173,Ibrahim Olawoyin,,,ibrahim-olawoyin,I. Olawoyin,M,10,1997-12-01T00:00:00+00:00,178,,Right,Nigeria,NG,NGA,2100000,1814313600
3064,Çaykur Rizespor,caykur-rizespor,Rizespor,RIZ,Türkiye,TR,TUR,1432130,Moussa Diakité,Moussa Diakité,,moussa-diakite,M. Diakité,M,6,2003-11-04T00:00:00+00:00,189,,Right,Mali,ML,MLI,1100000,1814313600
3064,Çaykur Rizespor,caykur-rizespor,Rizespor,RIZ,Türkiye,TR,TUR,979109,Dal Varešanović,,,dal-varesanovic,D. Varešanović,M,8,2001-05-23T00:00:00+00:00,177,,Right,Bosnia & Herzegovina,BA,BIH,1300000,1814313600
3064,Çaykur Rizespor,caykur-rizespor,Rizespor,RIZ,Türkiye,TR,TUR,934249,Can Bozdoğan,Can,Bozdogan,can-bozdogan,C. Bozdoğan,M,,2001-04-05T00:00:00+00:00,175,,Left,Germany,DE,DEU,2100000,
3064,Çaykur Rizespor,caykur-rizespor,Rizespor,RIZ,Türkiye,TR,TUR,190197,Taylan Antalyalı,,,taylan-antalyal,T. Antalyalı,M,14,1995-01-08T00:00:00+00:00,180,71,Right,Türkiye,TR,TUR,725000,1814313600
3064,Çaykur Rizespor,caykur-rizespor,Rizespor,RIZ,Türkiye,TR,TUR,1412860,Emirhan Yilmaz,Emirhan Yilmaz,,emirhan-yilmaz,E. Yilmaz,M,47,2004-04-21T00:00:00+00:00,179,,Right,Türkiye,TR,TUR,24000,1845936000
3064,Çaykur Rizespor,caykur-rizespor,Rizespor,RIZ,Türkiye,TR,TUR,2166291,Muhammed Baltaci,Muhammed Baltaci,,muhammed-baltaci,M. Baltaci,M,96,2006-06-01T00:00:00+00:00,,,,Türkiye,TR,TUR,,1845936000
3064,Çaykur Rizespor,caykur-rizespor,Rizespor,RIZ,Türkiye,TR,TUR,1121174,Husniddin Aliqulov,Husniddin,Aliqulov,husniddin-aliqulov,H. Aliqulov,D,2,1999-04-04T00:00:00+00:00,186,,Right,Uzbekistan,UZ,UZB,1200000,1814313600
3064,Çaykur Rizespor,caykur-rizespor,Rizespor,RIZ,Türkiye,TR,TUR,851909,Tayyip Talha Sanuç,Tayyib,Sanuc,tayyip-talha-sanuc,T. T. Sanuç,D,5,1999-12-17T00:00:00+00:00,188,,Right,Türkiye,TR,TUR,1400000,1845936000
3064,Çaykur Rizespor,caykur-rizespor,Rizespor,RIZ,Türkiye,TR,TUR,904759,Modibo Sagnan,,,modibo-sagnan,M. Sagnan,D,93,1999-04-14T00:00:00+00:00,187,71,Left,Mali,ML,MLI,2100000,1845936000
3064,Çaykur Rizespor,caykur-rizespor,Rizespor,RIZ,Türkiye,TR,TUR,889382,Attila Mocsi,Attila,Mocsi,attila-mocsi,A. Mocsi,D,4,2000-05-29T00:00:00+00:00,188,,Right,Hungary,HU,HUN,2100000,1814313600
3064,Çaykur Rizespor,caykur-rizespor,Rizespor,RIZ,Türkiye,TR,TUR,1511915,Zakaria Ariss,,,zakaria-ariss,Z. Ariss,D,17,2004-06-17T00:00:00+00:00,178,,Left,France,FR,FRA,1900000,1909008000
3064,Çaykur Rizespor,caykur-rizespor,Rizespor,RIZ,Türkiye,TR,TUR,1394729,Taha Şahin,Taha Sahin,,taha-sahin,T. Şahin,D,37,2000-10-22T00:00:00+00:00,178,,Right,Türkiye,TR,TUR,3200000,1845936000
3064,Çaykur Rizespor,caykur-rizespor,Rizespor,RIZ,Türkiye,TR,TUR,1016393,Mithat Pala,Mithat,Pala,mithat-pala,M. Pala,D,54,2000-08-15T00:00:00+00:00,172,,Right,Türkiye,TR,TUR,2800000,1845936000
3064,Çaykur Rizespor,caykur-rizespor,Rizespor,RIZ,Türkiye,TR,TUR,1550065,Siaka Bakayoko,,,siaka-bakayoko,S. Bakayoko,D,21,2005-05-26T00:00:00+00:00,188,,Right,France,FR,FRA,2700000,1877472000
3064,Çaykur Rizespor,caykur-rizespor,Rizespor,RIZ,Türkiye,TR,TUR,1405660,Umut Erdem,,,erdem-umut,U. Erdem,D,19,2004-02-05T00:00:00+00:00,182,,Left,Türkiye,TR,TUR,660000,1877472000
3064,Çaykur Rizespor,caykur-rizespor,Rizespor,RIZ,Türkiye,TR,TUR,1865901,Habil Özbakir,Habil,Özbakir,habil-ozbakir,H. Özbakir,D,21,2005-02-06T00:00:00+00:00,178,,Left,Türkiye,TR,TUR,,1814313600
3064,Çaykur Rizespor,caykur-rizespor,Rizespor,RIZ,Türkiye,TR,TUR,2327161,Yakup Ayan,Yakup Ayan,,yakup-ayan,Y. Ayan,D,94,2008-04-23T00:00:00+00:00,,,,Türkiye,TR,TUR,,1845936000
3064,Çaykur Rizespor,caykur-rizespor,Rizespor,RIZ,Türkiye,TR,TUR,877977,Yahia Fofana,Yahia,Fofana,yahia-fofana,Y. Fofana,G,75,2000-08-21T00:00:00+00:00,194,89,Right,Côte d'Ivoire,CI,CIV,6200000,1845936000
3064,Çaykur Rizespor,caykur-rizespor,Rizespor,RIZ,Türkiye,TR,TUR,930907,Zafer Görgen,Zafer,Gorgen,zafer-gorgen,Z. Görgen,G,30,2000-02-21T00:00:00+00:00,188,,Right,Türkiye,TR,TUR,775000,1814313600
3064,Çaykur Rizespor,caykur-rizespor,Rizespor,RIZ,Türkiye,TR,TUR,1618840,Efe Doğan,Efe Dogan,,efe-dogan,E. Doğan,G,35,2004-08-20T00:00:00+00:00,195,,Right,Türkiye,TR,TUR,155000,1877472000
77629,Çorum FK,corum-fk,Çorum,COR,Türkiye,TR,TUR,997006,Youssoufa Moukoko,,,youssoufa-moukoko,Y. Moukoko,F,14,2004-11-20T00:00:00+00:00,179,,Left,Germany,DE,DEU,4900000,1814313600
77629,Çorum FK,corum-fk,Çorum,COR,Türkiye,TR,TUR,987597,Jesús Ramírez,,,jesus-ramirez,J. Ramírez,F,19,1998-05-04T00:00:00+00:00,187,75,Left,Venezuela,VE,VEN,5200000,1877472000
77629,Çorum FK,corum-fk,Çorum,COR,Türkiye,TR,TUR,180981,Mame Thiam,Mame,Thiam,mame-thiam,M. Thiam,F,9,1992-10-09T00:00:00+00:00,185,85,Right,Senegal,SN,SEN,950000,1814313600
77629,Çorum FK,corum-fk,Çorum,COR,Türkiye,TR,TUR,1595770,Hasan Ege Akdogan,Hasanege Akdogan,,hasanege-akdogan,H. E. Akdoğan,F,7,2008-03-08T00:00:00+00:00,181,,Right,Türkiye,TR,TUR,410000,1814313600
77629,Çorum FK,corum-fk,Çorum,COR,Türkiye,TR,TUR,758876,Cengiz Ünder,Cengiz,Under,cengiz-under,C. Ünder,M,7,1997-07-14T00:00:00+00:00,173,66,Left,Türkiye,TR,TUR,3800000,1814313600
77629,Çorum FK,corum-fk,Çorum,COR,Türkiye,TR,TUR,1149353,Ermin Mahmić,,,mahmic-ermin,E. Mahmić,M,26,2005-03-14T00:00:00+00:00,182,,Right,Bosnia & Herzegovina,BA,BIH,7300000,1877472000
77629,Çorum FK,corum-fk,Çorum,COR,Türkiye,TR,TUR,1018785,Mohammed Diomande,,,mohammed-diomande,M. Diomande,M,10,2001-10-30T00:00:00+00:00,183,,Left,Côte d'Ivoire,CI,CIV,7200000,1877472000
77629,Çorum FK,corum-fk,Çorum,COR,Türkiye,TR,TUR,841977,Ylber Ramadani,Ylber,Ramadani,ylber-ramadani,Y. Ramadani,M,20,1996-04-12T00:00:00+00:00,185,,Right,Albania,AL,ALB,2000000,1845936000
77629,Çorum FK,corum-fk,Çorum,COR,Türkiye,TR,TUR,845281,Fredy,Alfredo,Fredy,fredy,Fredy,M,16,1990-03-27T00:00:00+00:00,169,67,Right,Angola,AO,AGO,145000,1814313600
77629,Çorum FK,corum-fk,Çorum,COR,Türkiye,TR,TUR,982754,Alexandros Kyziridis,Alexandros,Kyziridis,alexandros-kyziridis,A. Kyziridis,M,89,2000-09-16T00:00:00+00:00,179,,Both,Greece,GR,GRC,3600000,1877472000
77629,Çorum FK,corum-fk,Çorum,COR,Türkiye,TR,TUR,997007,Göktan Gürpüz,,,goktan-gurpuz,G. Gürpüz,M,21,2003-01-22T00:00:00+00:00,178,,Right,Türkiye,TR,TUR,2100000,1814313600
77629,Çorum FK,corum-fk,Çorum,COR,Türkiye,TR,TUR,876857,Berat Özdemir,Berat,Ozdemir,berat-ayberk-ozdemir,B. Özdemir,M,3,1998-05-23T00:00:00+00:00,187,,Right,Türkiye,TR,TUR,2600000,1845936000
77629,Çorum FK,corum-fk,Çorum,COR,Türkiye,TR,TUR,1100654,Emircan Gürlük,Emircan,Gurluk,emircan-gurluk,E. Gürlük,M,17,2003-10-15T00:00:00+00:00,180,,Right,Türkiye,TR,TUR,1200000,1845936000
77629,Çorum FK,corum-fk,Çorum,COR,Türkiye,TR,TUR,878844,Markus Karlsbakk,,,markus-karlsbakk,M. Karlsbakk,M,8,2000-05-07T00:00:00+00:00,180,,Right,Norway,NO,NOR,1500000,1877472000
77629,Çorum FK,corum-fk,Çorum,COR,Türkiye,TR,TUR,849329,Ahmed Ildız,Ahmed,Ildiz,ahmed-ildiz,A. Ildız,M,30,1996-11-28T00:00:00+00:00,181,70,Right,Türkiye,TR,TUR,340000,1814313600
77629,Çorum FK,corum-fk,Çorum,COR,Türkiye,TR,TUR,836704,Atakan Akkaynak,Atakan,Akkaynak,atakan-akkaynak,A. Akkaynak,M,8,1999-01-05T00:00:00+00:00,180,73,Right,Germany,DE,DEU,410000,1845936000
77629,Çorum FK,corum-fk,Çorum,COR,Türkiye,TR,TUR,789251,Atakan Cangöz,Atakan,Cangoz,atakan-cangoz,A. Cangöz,M,,1992-03-30T00:00:00+00:00,175,75,Right,Türkiye,TR,TUR,72000,
77629,Çorum FK,corum-fk,Çorum,COR,Türkiye,TR,TUR,2334092,Furkan Çetinkaya,Furkan Çetinkaya,,furkan-cetinkaya,F. Çetinkaya,M,45,2009-03-03T00:00:00+00:00,,,Left,Türkiye,TR,TUR,,1845936000
77629,Çorum FK,corum-fk,Çorum,COR,Türkiye,TR,TUR,758608,Çağlar Söyüncü,Caglar,Soyuncu,caglar-soyuncu,Ç. Söyüncü,D,25,1996-05-23T00:00:00+00:00,187,84,Right,Türkiye,TR,TUR,3600000,1845936000
77629,Çorum FK,corum-fk,Çorum,COR,Türkiye,TR,TUR,595396,Gökhan Sazdağı,Gokhan,Sazdagi,gokhan-sazdagi,G. Sazdağı,D,11,1994-09-20T00:00:00+00:00,179,72,Right,Türkiye,TR,TUR,1200000,1845936000
77629,Çorum FK,corum-fk,Çorum,COR,Türkiye,TR,TUR,974582,Hrvoje Smolčić,,,hrvoje-smolcic,H. Smolčić,D,6,2000-08-17T00:00:00+00:00,181,,Left,Croatia,HR,HRV,1800000,1845936000
77629,Çorum FK,corum-fk,Çorum,COR,Türkiye,TR,TUR,1152501,Andrei Borza,,,andrei-borza,A. Borza,D,24,2005-11-12T00:00:00+00:00,180,73,Left,Romania,RO,ROU,2300000,1909008000
77629,Çorum FK,corum-fk,Çorum,COR,Türkiye,TR,TUR,1004278,Alexandre Penetra,,,alexandre-penetra,A. Penetra,D,5,2001-09-09T00:00:00+00:00,184,,Right,Portugal,PT,PRT,10300000,1814313600
77629,Çorum FK,corum-fk,Çorum,COR,Türkiye,TR,TUR,1084880,Serdar Saatçı,Serdar Saatci,,serdar-saatci,S. Saatçı,D,4,2003-02-14T00:00:00+00:00,190,,Right,Türkiye,TR,TUR,2000000,1877472000
77629,Çorum FK,corum-fk,Çorum,COR,Türkiye,TR,TUR,934521,Arda Şengül,Arda,Sengul,arda-sengul,A. Sengul,D,15,1998-12-11T00:00:00+00:00,186,,Left,Türkiye,TR,TUR,640000,1845936000
77629,Çorum FK,corum-fk,Çorum,COR,Türkiye,TR,TUR,929956,Cemali Sertel,Cemali,Sertel,cemali-sertel,C. Sertel,D,88,2000-01-06T00:00:00+00:00,186,,Left,Türkiye,TR,TUR,530000,1845936000
77629,Çorum FK,corum-fk,Çorum,COR,Türkiye,TR,TUR,904839,Huseyin Bulut,Huseyin,Bulut,huseyin-bulut,H. Bulut,D,22,1999-03-29T00:00:00+00:00,176,,Right,Türkiye,TR,TUR,470000,1845936000
77629,Çorum FK,corum-fk,Çorum,COR,Türkiye,TR,TUR,358524,Marcos Felipe,Marcos Felipe,Marcos Felipe,marcos-felipe,M. Felipe,G,1,1996-04-13T00:00:00+00:00,189,80,Right,Brazil,BR,BRA,1400000,1845936000
77629,Çorum FK,corum-fk,Çorum,COR,Türkiye,TR,TUR,997705,Erhan Erentürk,,,erhan-erenturk,E. Erentürk,G,18,1995-05-30T00:00:00+00:00,190,85,Right,Türkiye,TR,TUR,190000,1845936000
77629,Çorum FK,corum-fk,Çorum,COR,Türkiye,TR,TUR,1148973,Arif Şimşir,Arif Simsir,,arif-simsir,A. Şimşir,G,54,2005-05-31T00:00:00+00:00,195,,Right,Türkiye,TR,TUR,210000,1877472000
168090,Abha,abha,Abha,ABH,Saudi Arabia,SA,SAU,147745,Michy Batshuayi,Michy,Batshuayi,michy-batshuayi,M. Batshuayi,F,44,1993-10-02T00:00:00+00:00,185,,Right,Belgium,BE,BEL,2200000,
168090,Abha,abha,Abha,ABH,Saudi Arabia,SA,SAU,1548394,Abdulkarim Darisi,,,abdulkarim-darisi,A. Darisi,F,17,2003-04-17T00:00:00+00:00,184,72,Right,Saudi Arabia,SA,SAU,245000,1814313600
168090,Abha,abha,Abha,ABH,Saudi Arabia,SA,SAU,842399,Alimami Gory,Alimami,Gory,alimami-gory,A. Gory,F,11,1996-08-30T00:00:00+00:00,182,72,Right,France,FR,FRA,1500000,
168090,Abha,abha,Abha,ABH,Saudi Arabia,SA,SAU,1549138,Keshim Al-Qahtani,Keshim Al-Qahtani,,koshaim-al-karani,K. A. Karani,F,20,2000-05-03T00:00:00+00:00,188,,Right,Saudi Arabia,SA,SAU,115000,1814313600
168090,Abha,abha,Abha,ABH,Saudi Arabia,SA,SAU,2412919,Kamil Boumedmed,Kamil Boumedmed,,kamil-boumedmed,K. Boumedmed,F,9,2007-07-17T00:00:00+00:00,,,,France,FR,FRA,53000,
168090,Abha,abha,Abha,ABH,Saudi Arabia,SA,SAU,337671,Nabil Fekir,,,nabil-fekir,N. Fekir,M,10,1993-07-18T00:00:00+00:00,173,72,Left,France,FR,FRA,5400000,
168090,Abha,abha,Abha,ABH,Saudi Arabia,SA,SAU,1632979,Mohammed Al-Zaid,,,al-zaid-mohammed,M. Al-Zaid,M,39,2004-01-08T00:00:00+00:00,198,,,Saudi Arabia,SA,SAU,46000,
168090,Abha,abha,Abha,ABH,Saudi Arabia,SA,SAU,1980451,Mateo Borrell,Mateo Borrell,,mateo-borrell,M. Borrell,M,51,2006-01-01T00:00:00+00:00,174,,Right,Argentina,AR,ARG,180000,1814313600
168090,Abha,abha,Abha,ABH,Saudi Arabia,SA,SAU,954812,Loreintz Rosier,Loreintz,Rosier,loreintz-rosier,L. Rosier,M,32,1998-08-14T00:00:00+00:00,190,82,Right,France,FR,FRA,965000,
168090,Abha,abha,Abha,ABH,Saudi Arabia,SA,SAU,1217924,Faisal Al-Sibyani,,,faisal-al-sibyani,F. Al-Sibyani,M,6,2003-07-07T00:00:00+00:00,172,,Right,Saudi Arabia,SA,SAU,290000,1814313600
168090,Abha,abha,Abha,ABH,Saudi Arabia,SA,SAU,1502015,Amar Hamed Al Yuhaybi,,,al-yuhaybi-amar-hamed,A. H. A. Yuhaybi,M,90,2006-03-03T00:00:00+00:00,175,,,Saudi Arabia,SA,SAU,110000,1814313600
168090,Abha,abha,Abha,ABH,Saudi Arabia,SA,SAU,1066584,Basil Yousef Al-Sayyali,Basil Yousef Al-Sayyali,,basil-yousef-al-sayyali,B. Y. Al-Sayyali,M,4,2001-06-22T00:00:00+00:00,171,,Right,Saudi Arabia,SA,SAU,335000,1814313600
168090,Abha,abha,Abha,ABH,Saudi Arabia,SA,SAU,963214,Firas Al-Ghamdi,,,firas-al-ghamdi,F. Al-Ghamdi,M,7,1999-12-03T00:00:00+00:00,168,,Right,Saudi Arabia,SA,SAU,215000,
168090,Abha,abha,Abha,ABH,Saudi Arabia,SA,SAU,1547401,Majed Dawran,Majed Dawran,,majed-dawran,M. Dawran,M,29,2003-08-16T00:00:00+00:00,184,,Right,Saudi Arabia,SA,SAU,190000,
168090,Abha,abha,Abha,ABH,Saudi Arabia,SA,SAU,974524,Nasser Al-Daajani,,,al-daajani-nasser,N. Al-Daajani,M,8,1997-02-13T00:00:00+00:00,171,,Right,Saudi Arabia,SA,SAU,240000,
168090,Abha,abha,Abha,ABH,Saudi Arabia,SA,SAU,1521955,Bader Al Mutairi,Bader Al Mutairi,,bader-al-mutairi,B. A. Mutairi,M,28,2003-12-19T00:00:00+00:00,200,,Both,Saudi Arabia,SA,SAU,135000,
168090,Abha,abha,Abha,ABH,Saudi Arabia,SA,SAU,2270761,Ali Mubarki,Ali,Mubarki,ali-mubarki,A. Mubarki,M,95,2006-03-06T00:00:00+00:00,,,,Saudi Arabia,SA,SAU,,
168090,Abha,abha,Abha,ABH,Saudi Arabia,SA,SAU,2273264,Mohammed Al-Hamsal,Mohammed Al-Hamsal,,mohammed-al-hamsal,M. Al-Hamsal,M,18,2007-09-18T00:00:00+00:00,,,Right,Saudi Arabia,SA,SAU,,
168090,Abha,abha,Abha,ABH,Saudi Arabia,SA,SAU,280435,Abdou Diallo,Abdou,Diallo,abdou-diallo,A. Diallo,D,22,1996-05-04T00:00:00+00:00,188,72,Left,Senegal,SN,SEN,3700000,
168090,Abha,abha,Abha,ABH,Saudi Arabia,SA,SAU,884944,Jurien Gaari,,,jurien-gaari,J. Gaari,D,3,1993-12-23T00:00:00+00:00,181,,Right,Curacao,CW,CUW,360000,
168090,Abha,abha,Abha,ABH,Saudi Arabia,SA,SAU,949218,Abdulbaset Hindi,,,abdulbaset-hindi,A. Hindi,D,37,1997-02-02T00:00:00+00:00,181,63,Left,Saudi Arabia,SA,SAU,475000,
168090,Abha,abha,Abha,ABH,Saudi Arabia,SA,SAU,1630170,Nawaf Al Ghulaimish,Nawaf Al Ghulaimish,,nawaf-al-ghulaimish,N. A. Ghulaimish,D,66,2005-05-02T00:00:00+00:00,178,,Right,Saudi Arabia,SA,SAU,190000,
168090,Abha,abha,Abha,ABH,Saudi Arabia,SA,SAU,1476792,Safwan Aljohani,,,safwan-aljohani,S. Aljohani,D,80,2003-06-28T00:00:00+00:00,,,Left,Saudi Arabia,SA,SAU,180000,
168090,Abha,abha,Abha,ABH,Saudi Arabia,SA,SAU,817947,Abdullah Al-Fahad,,,al-fahad-abdullah,A. Al-Fahad,D,19,1994-06-15T00:00:00+00:00,177,,Right,Saudi Arabia,SA,SAU,190000,1814313600
168090,Abha,abha,Abha,ABH,Saudi Arabia,SA,SAU,970908,Mohammed Al-Dosari,,,mohammed-al-dosari,M. Al-Dosari,D,32,1999-07-11T00:00:00+00:00,168,,Both,Saudi Arabia,SA,SAU,265000,
168090,Abha,abha,Abha,ABH,Saudi Arabia,SA,SAU,982332,Hazim Al Zahrani,,,hazim-al-zahrani,H. A. Zahrani,D,24,1999-04-23T00:00:00+00:00,171,,Left,Saudi Arabia,SA,SAU,155000,
168090,Abha,abha,Abha,ABH,Saudi Arabia,SA,SAU,1549091,Khaled Al Shamrani,Khaled Al Shamrani,,khaled-al-shamrani,K. A. Shamrani,D,12,1999-09-14T00:00:00+00:00,175,,Left,Saudi Arabia,SA,SAU,96000,1814313600
168090,Abha,abha,Abha,ABH,Saudi Arabia,SA,SAU,2038735,Muhannad Talbi,,,muhannad-talbi,M. Talbi,D,54,2006-01-30T00:00:00+00:00,,,,Saudi Arabia,SA,SAU,,
168090,Abha,abha,Abha,ABH,Saudi Arabia,SA,SAU,2280724,Moayad Mohammed,Moayad Mohammed,,moayad-mohammed,M. Mohammed,D,17,2007-08-25T00:00:00+00:00,,,,Saudi Arabia,SA,SAU,,
168090,Abha,abha,Abha,ABH,Saudi Arabia,SA,SAU,159837,Donovan Léon,,,donovan-leon,D. Léon,G,16,1992-11-03T00:00:00+00:00,186,88,Right,French Guiana,GF,GUF,720000,
168090,Abha,abha,Abha,ABH,Saudi Arabia,SA,SAU,818855,Mustafa Malaika,,,mustafa-malaika,M. Malaika,G,26,1986-05-20T00:00:00+00:00,184,77,Right,Saudi Arabia,SA,SAU,47000,
168090,Abha,abha,Abha,ABH,Saudi Arabia,SA,SAU,1474489,Abdulrahman Al Bouq,Abdulrahman Al Bouq,,abdulrahman-al-bouq,A. A. Bouq,G,21,1999-09-09T00:00:00+00:00,,,Left,Saudi Arabia,SA,SAU,24000,
56035,Al Faisaly,al-faisaly,Al Faisaly,FAI,Saudi Arabia,SA,SAU,609226,Alexandre Mendy,Alexandre,Mendy,alexandre-mendy,A. Mendy,F,19,1994-03-20T00:00:00+00:00,184,86,Right,Guinea-Bissau,GW,GNB,850000,
56035,Al Faisaly,al-faisaly,Al Faisaly,FAI,Saudi Arabia,SA,SAU,873363,Ahmed Abdu,,,ahmed-abdoh-jaber,A. Abdu,F,71,1996-01-25T00:00:00+00:00,183,,Right,Saudi Arabia,SA,SAU,270000,
56035,Al Faisaly,al-faisaly,Al Faisaly,FAI,Saudi Arabia,SA,SAU,917232,Yousef Al-Shammari,,,yousef-al-shammari,Y. Al-Shammari,F,7,1997-12-09T00:00:00+00:00,170,66,Right,Saudi Arabia,SA,SAU,170000,
56035,Al Faisaly,al-faisaly,Al Faisaly,FAI,Saudi Arabia,SA,SAU,1517638,Abdullah Al-Mogren,,,al-mogren-abdullah,A. Al-Mogren,F,14,1996-11-16T00:00:00+00:00,173,,Right,Saudi Arabia,SA,SAU,,
56035,Al Faisaly,al-faisaly,Al Faisaly,FAI,Saudi Arabia,SA,SAU,344953,Théo Bongonda,,,theo-bongonda,T. Bongonda,M,10,1995-11-20T00:00:00+00:00,177,66,Left,DR Congo,CD,COD,3100000,
56035,Al Faisaly,al-faisaly,Al Faisaly,FAI,Saudi Arabia,SA,SAU,818218,Christian Bassogog,Christian,Bassogog,christian-bassogog,C. Bassogog,M,13,1995-10-18T00:00:00+00:00,173,75,Left,Cameroon,CM,CMR,945000,
56035,Al Faisaly,al-faisaly,Al Faisaly,FAI,Saudi Arabia,SA,SAU,791417,Abdulaziz Al Bishi,Abdulaziz,Al Bishi,abdulaziz-al-bishi,A. Al Bishi,M,,1994-03-11T00:00:00+00:00,172,,Right,Saudi Arabia,SA,SAU,330000,
56035,Al Faisaly,al-faisaly,Al Faisaly,FAI,Saudi Arabia,SA,SAU,839521,Flávio,Flavio,Flavio,flavio,Flávio,M,8,1996-02-10T00:00:00+00:00,177,73,Both,Brazil,BR,BRA,2100000,
56035,Al Faisaly,al-faisaly,Al Faisaly,FAI,Saudi Arabia,SA,SAU,1521467,Eid Al Muwallad,Eid Al Muwallad,,eid-al-muwallad,E. A. Muwallad,M,6,2001-12-14T00:00:00+00:00,175,68,Right,Saudi Arabia,SA,SAU,360000,1814313600
56035,Al Faisaly,al-faisaly,Al Faisaly,FAI,Saudi Arabia,SA,SAU,838636,Jaime Seoane,Jaime,Seoane,jaime-seoane,J. Seoane,M,20,1997-01-22T00:00:00+00:00,175,,Right,Spain,ES,ESP,580000,
56035,Al Faisaly,al-faisaly,Al Faisaly,FAI,Saudi Arabia,SA,SAU,1517641,Ayman Fallatah,,,ayman-fallatah,A. Fallatah,M,95,2003-10-02T00:00:00+00:00,190,77,Right,Saudi Arabia,SA,SAU,230000,1814313600
56035,Al Faisaly,al-faisaly,Al Faisaly,FAI,Saudi Arabia,SA,SAU,1503662,André Jordy Ella,,,andre-jordy-ella,A. J. Ella,M,11,2005-06-24T00:00:00+00:00,170,,Right,Gabon,GA,GAB,185000,1814313600
56035,Al Faisaly,al-faisaly,Al Faisaly,FAI,Saudi Arabia,SA,SAU,948593,Abdullah Almogren,,,abdullah-almogren,A. Almogren,M,14,1996-11-26T00:00:00+00:00,173,,Right,Saudi Arabia,SA,SAU,135000,1845936000
56035,Al Faisaly,al-faisaly,Al Faisaly,FAI,Saudi Arabia,SA,SAU,940749,Jaber Issa,,,jaber-issa,J. Issa,M,6,1997-07-06T00:00:00+00:00,188,,Right,Saudi Arabia,SA,SAU,170000,
56035,Al Faisaly,al-faisaly,Al Faisaly,FAI,Saudi Arabia,SA,SAU,2221217,Abdulrahman Al-Shereaf,Abdulrahman Al-Shereaf,,abdulrahman-al-shereaf,A. Al-Shereaf,M,77,1996-11-25T00:00:00+00:00,173,,Right,Saudi Arabia,SA,SAU,130000,
56035,Al Faisaly,al-faisaly,Al Faisaly,FAI,Saudi Arabia,SA,SAU,1521957,Mohamed Al Oqil,Mohamed Al Oqil,,mohamed-al-oqil,M. A. Oqil,M,18,1997-07-29T00:00:00+00:00,177,65,Right,Saudi Arabia,SA,SAU,23000,1814313600
56035,Al Faisaly,al-faisaly,Al Faisaly,FAI,Saudi Arabia,SA,SAU,962142,Jabir Isa,,,jabir-isa,J. Isa,M,6,,,,,,,,,
56035,Al Faisaly,al-faisaly,Al Faisaly,FAI,Saudi Arabia,SA,SAU,583896,Abdoulaye Seck,Abdoulaye,Seck,abdoulaye-seck,A. Seck,D,4,1992-06-04T00:00:00+00:00,192,95,Right,Senegal,SN,SEN,430000,
56035,Al Faisaly,al-faisaly,Al Faisaly,FAI,Saudi Arabia,SA,SAU,794836,Andrei Girotto,Andrei,Girotto,andrei-girotto,A. Girotto,D,5,1992-02-17T00:00:00+00:00,186,73,Right,Brazil,BR,BRA,1900000,
56035,Al Faisaly,al-faisaly,Al Faisaly,FAI,Saudi Arabia,SA,SAU,791561,Mohammed Jahfali,,,mohammed-jahfali,M. Jahfali,D,70,1990-10-24T00:00:00+00:00,185,77,Right,Saudi Arabia,SA,SAU,79000,
56035,Al Faisaly,al-faisaly,Al Faisaly,FAI,Saudi Arabia,SA,SAU,1917051,Hussain Al Zarie,Hussain Al Zarie,,hussain-al-zarie,H. A. Zarie,D,82,2004-12-13T00:00:00+00:00,178,,Left,Saudi Arabia,SA,SAU,270000,1845936000
56035,Al Faisaly,al-faisaly,Al Faisaly,FAI,Saudi Arabia,SA,SAU,976206,Mohammed Al-Shanqiti,,,mohammed-al-shanqiti,M. Al-Shanqiti,D,50,1999-05-15T00:00:00+00:00,168,,Right,Saudi Arabia,SA,SAU,55000,
56035,Al Faisaly,al-faisaly,Al Faisaly,FAI,Saudi Arabia,SA,SAU,1914738,Abdullah Bin Subayt,Abdullah Bin Subayt,,abdullah-al-sabeat,A. Bin Subayt,D,87,2004-05-08T00:00:00+00:00,182,,Right,Saudi Arabia,SA,SAU,230000,1845936000
56035,Al Faisaly,al-faisaly,Al Faisaly,FAI,Saudi Arabia,SA,SAU,818127,Yaseen Barnawi,,,yaseen-barnawi,Y. Barnawi,D,2,1993-10-01T00:00:00+00:00,178,,Right,Saudi Arabia,SA,SAU,105000,
56035,Al Faisaly,al-faisaly,Al Faisaly,FAI,Saudi Arabia,SA,SAU,1548477,Khalid Al-Harbi,Khalid Al-Harbi,,khalid-al-harbi,K. Al-Harbi,D,3,2002-09-01T00:00:00+00:00,179,,Right,Saudi Arabia,SA,SAU,235000,
56035,Al Faisaly,al-faisaly,Al Faisaly,FAI,Saudi Arabia,SA,SAU,2221215,Fawaz Rabie,Fawaz Rabie,,fawaz-rabie,F. Rabie,D,14,1996-01-28T00:00:00+00:00,,,,Saudi Arabia,SA,SAU,275000,
56035,Al Faisaly,al-faisaly,Al Faisaly,FAI,Saudi Arabia,SA,SAU,966093,Mohammed Alshenquiti,,,alshenquiti-mohammed,M. Alshenquiti,D,50,1999-05-15T00:00:00+00:00,168,,,Saudi Arabia,SA,SAU,,
56035,Al Faisaly,al-faisaly,Al Faisaly,FAI,Saudi Arabia,SA,SAU,2726342,Saud Thamer Haddad,,,haddad-saud-thamer,S. T. Haddad,D,88,2006-08-14T00:00:00+00:00,,,,Saudi Arabia,SA,SAU,,
56035,Al Faisaly,al-faisaly,Al Faisaly,FAI,Saudi Arabia,SA,SAU,144501,Fernando Pacheco,Fernando,Pacheco,fernando-pacheco,F. Pacheco,G,1,1992-05-18T00:00:00+00:00,186,81,Left,Spain,ES,ESP,640000,
56035,Al Faisaly,al-faisaly,Al Faisaly,FAI,Saudi Arabia,SA,SAU,1471418,Mohammed Al-Hasawi,,,mohammed-al-hasawi,M. Al-Hasawi,G,26,1988-11-24T00:00:00+00:00,183,,Right,Saudi Arabia,SA,SAU,49000,
56035,Al Faisaly,al-faisaly,Al Faisaly,FAI,Saudi Arabia,SA,SAU,2274336,Abdulelah Nassief,Abdulelah Nassief,,abdulelah-nassief,A. Nassief,G,21,2006-06-27T00:00:00+00:00,192,,Left,Saudi Arabia,SA,SAU,,1814313600
56035,Al Faisaly,al-faisaly,Al Faisaly,FAI,Saudi Arabia,SA,SAU,2726343,Abdulrahman Al Sharif,,,al-sharif-abdulrahman,A. A. Sharif,,77,,,,,,,,,
34469,Al-Ahli,al-ahli,Al-Ahli,AAS,Saudi Arabia,SA,SAU,290927,Ivan Toney,Ivan,Toney,ivan-toney,I. Toney,F,17,1996-03-16T00:00:00+00:00,185,,Right,England,EN,ENG,22000000,1845936000
34469,Al-Ahli,al-ahli,Al-Ahli,AAS,Saudi Arabia,SA,SAU,893307,Firas Al-Buraikan,Firas,Al-Buraikan,firas-al-buraikan,F. Al-Buraikan,F,9,2000-05-14T00:00:00+00:00,181,74,Left,Saudi Arabia,SA,SAU,3300000,1845936000
34469,Al-Ahli,al-ahli,Al-Ahli,AAS,Saudi Arabia,SA,SAU,1429250,Saleh Abu Al-Shamat,Saleh Aboulshamat,,saleh-aboulshamat,S. Aboulshamat,F,47,2002-08-11T00:00:00+00:00,171,70,Right,Saudi Arabia,SA,SAU,440000,1845936000
34469,Al-Ahli,al-ahli,Al-Ahli,AAS,Saudi Arabia,SA,SAU,1101759,Abdullah Radif,Abdullah Radif,,abdullah-radif,A. H. Radif,F,21,2003-01-21T00:00:00+00:00,185,,Right,Saudi Arabia,SA,SAU,340000,1909008000
34469,Al-Ahli,al-ahli,Al-Ahli,AAS,Saudi Arabia,SA,SAU,830431,Francisco Trincão,Francisco,Trincão,francisco-trincao,F. Trincão,M,7,1999-12-29T00:00:00+00:00,184,69,Left,Portugal,PT,PRT,42000000,1909008000
34469,Al-Ahli,al-ahli,Al-Ahli,AAS,Saudi Arabia,SA,SAU,1175553,Matheus Gonçalves,Matheus Gonçalves,,matheus-goncalves,M. Gonçalves,M,20,2005-08-18T00:00:00+00:00,175,,Left,Brazil,BR,BRA,8199999,1814313600
34469,Al-Ahli,al-ahli,Al-Ahli,AAS,Saudi Arabia,SA,SAU,845754,Wenderson Galeno,Wenderson,Galeno,wenderson-galeno,W. Galeno,M,13,1997-10-22T00:00:00+00:00,178,72,Right,Brazil,BR,BRA,22000000,1845936000
34469,Al-Ahli,al-ahli,Al-Ahli,AAS,Saudi Arabia,SA,SAU,939492,Eduard Spertsyan,Eduard,Spertsyan,eduard-spertsyan,E. Spertsyan,M,8,2000-06-07T00:00:00+00:00,178,,Right,Armenia,AM,ARM,26000000,1877472000
34469,Al-Ahli,al-ahli,Al-Ahli,AAS,Saudi Arabia,SA,SAU,1154611,Valentin Atangana Edoa,Valentin Atangana Edoa,,atangana-edoa-valentin,V. A. Edoa,M,6,2005-08-25T00:00:00+00:00,173,,Right,France,FR,FRA,19000000,1845936000
34469,Al-Ahli,al-ahli,Al-Ahli,AAS,Saudi Arabia,SA,SAU,958923,Artem Bondarenko,Artem,Bondarenko,artem-bondarenko,A. Bondarenko,M,19,2000-08-21T00:00:00+00:00,182,,Left,Ukraine,UA,UKR,8600000,1814313600
34469,Al-Ahli,al-ahli,Al-Ahli,AAS,Saudi Arabia,SA,SAU,1048372,Ziyad Aljohani,Ziyad Aljohani,,ziyad-aljohani,Z. Aljohani,M,30,2001-11-11T00:00:00+00:00,180,,Left,Saudi Arabia,SA,SAU,775000,1909008000
34469,Al-Ahli,al-ahli,Al-Ahli,AAS,Saudi Arabia,SA,SAU,1473492,Makaya Ibrahima Diaby,,,makaya-ibrahima-diaby,M. I. Diaby,M,19,2007-03-17T00:00:00+00:00,189,,Left,Guinea,GN,GIN,1500000,1877472000
34469,Al-Ahli,al-ahli,Al-Ahli,AAS,Saudi Arabia,SA,SAU,1798265,Naif Masoud,Naif Masoud,,naif-masoud,N. Masoud,M,66,2001-03-08T00:00:00+00:00,177,,Right,Saudi Arabia,SA,SAU,360000,1909008000
34469,Al-Ahli,al-ahli,Al-Ahli,AAS,Saudi Arabia,SA,SAU,1522212,Meshal Al Mutairi,Meshal Al Mutairi,,meshal-al-mutairi,M. A. Mutairi,M,11,1999-03-25T00:00:00+00:00,170,70,Right,Saudi Arabia,SA,SAU,270000,1877472000
34469,Al-Ahli,al-ahli,Al-Ahli,AAS,Saudi Arabia,SA,SAU,888949,Roger Ibañez,,,roger-ibanez,R. Ibañez,D,3,1998-11-23T00:00:00+00:00,185,,Right,Brazil,BR,BRA,17500000,1909008000
34469,Al-Ahli,al-ahli,Al-Ahli,AAS,Saudi Arabia,SA,SAU,806968,Merih Demiral,Merih,Demiral,merih-demiral,M. Demiral,D,28,1998-03-05T00:00:00+00:00,190,85,Right,Türkiye,TR,TUR,11600000,1877472000
34469,Al-Ahli,al-ahli,Al-Ahli,AAS,Saudi Arabia,SA,SAU,2064678,Abubacarr Kinteh,Abubacarr Kinteh,,abubacarr-kinteh,A. Kinteh,D,24,2006-11-30T00:00:00+00:00,186,,Left,Gambia,GM,GMB,6500000,1940544000
34469,Al-Ahli,al-ahli,Al-Ahli,AAS,Saudi Arabia,SA,SAU,917035,Ali Majrashi,,,ali-majrashi,A. Majrashi,D,27,1999-10-01T00:00:00+00:00,177,,Right,Saudi Arabia,SA,SAU,1500000,1877472000
34469,Al-Ahli,al-ahli,Al-Ahli,AAS,Saudi Arabia,SA,SAU,1398854,Zakaria Hawsawi,Zakaria Al Hawsawi,,zakaria-al-hawsawi,Z. Hawsawi,D,2,2001-01-11T00:00:00+00:00,175,,Left,Saudi Arabia,SA,SAU,1100000,1814313600
34469,Al-Ahli,al-ahli,Al-Ahli,AAS,Saudi Arabia,SA,SAU,1429251,Rayan Hamed,Rayan Hamed,,rayan-hamed,R. Hamed,D,46,2002-04-13T00:00:00+00:00,176,,Right,Saudi Arabia,SA,SAU,775000,1814313600
34469,Al-Ahli,al-ahli,Al-Ahli,AAS,Saudi Arabia,SA,SAU,1854314,Mohammed Sulaiman Bakor,Mohammed Sulaiman,Bakor,mohammed-sulaiman-bakor,M. Bakor,D,5,2004-04-08T00:00:00+00:00,180,72,Right,Saudi Arabia,SA,SAU,600000,1845936000
34469,Al-Ahli,al-ahli,Al-Ahli,AAS,Saudi Arabia,SA,SAU,1133141,Mohammed Abdulrahman,Mohammed Abdulrahman,,mohammed-abdulrahman,M. Abdulrahman,D,29,2003-01-14T00:00:00+00:00,170,70,Right,Saudi Arabia,SA,SAU,490000,1845936000
34469,Al-Ahli,al-ahli,Al-Ahli,AAS,Saudi Arabia,SA,SAU,1066588,Saad Yaslam Balobaid,Saad Yaslam Balobaid,,saad-yaslam-balobaid,S. Y. Balobaid,D,31,2000-01-27T00:00:00+00:00,168,,Left,Saudi Arabia,SA,SAU,740000,1845936000
34469,Al-Ahli,al-ahli,Al-Ahli,AAS,Saudi Arabia,SA,SAU,1633368,Saeed Al-Basisi,,,al-basisi-saeed,S. Al-Basisi,D,,1996-04-25T00:00:00+00:00,172,,Right,Saudi Arabia,SA,SAU,290000,1877472000
34469,Al-Ahli,al-ahli,Al-Ahli,AAS,Saudi Arabia,SA,SAU,845074,Edouard Mendy,Edouard,Mendy,edouard-mendy,E. Mendy,G,16,1992-03-01T00:00:00+00:00,195,86,Right,Senegal,SN,SEN,3900000,1845936000
34469,Al-Ahli,al-ahli,Al-Ahli,AAS,Saudi Arabia,SA,SAU,1066728,Abdulrahman Al Sanbi,Abdulrahman Al Sanbi,,abdulrahman-al-sanbi,A. A. Sanbi,G,1,2001-02-02T00:00:00+00:00,181,,Right,Saudi Arabia,SA,SAU,310000,1845936000
34469,Al-Ahli,al-ahli,Al-Ahli,AAS,Saudi Arabia,SA,SAU,1522211,Abdullah Abdo,Abdullah Abdo,,abdullah-abdo,A. Abdo,G,62,2002-06-25T00:00:00+00:00,,,,Saudi Arabia,SA,SAU,73000,1845936000
34469,Al-Ahli,al-ahli,Al-Ahli,AAS,Saudi Arabia,SA,SAU,2234559,Salman Al-Jadani,Salman Al-Jadani,,salman-al-jadani,S. Al-Jadani,G,72,2004-06-18T00:00:00+00:00,178,,,Saudi Arabia,SA,SAU,,
34469,Al-Ahli,al-ahli,Al-Ahli,AAS,Saudi Arabia,SA,SAU,1842133,Salman Al-Dajany,Salman Al-Dajany,,salman-al-dajany,S. Al-Dajany,G,,2004-06-18T00:00:00+00:00,180,,Right,Saudi Arabia,SA,SAU,,
34318,Al-Ettifaq,al-ettifaq,Al-Ettifaq,ITT,Saudi Arabia,SA,SAU,318653,Moussa Dembélé,,,moussa-dembele,M. Dembélé,F,9,1996-07-12T00:00:00+00:00,183,74,Right,France,FR,FRA,7300000,1814313600
34318,Al-Ettifaq,al-ettifaq,Al-Ettifaq,ITT,Saudi Arabia,SA,SAU,1606632,Rayane Messi,,,rayane-messi-tanfouri,R. M. Tanfouri,F,80,2007-05-23T00:00:00+00:00,175,,Right,France,FR,FRA,2600000,1814313600
34318,Al-Ettifaq,al-ettifaq,Al-Ettifaq,ITT,Saudi Arabia,SA,SAU,976538,Khalid Al-Ghannam,,,khalid-al-ghannam,K. Al-Ghannam,F,7,2000-11-08T00:00:00+00:00,171,,Right,Saudi Arabia,SA,SAU,2300000,1845936000
34318,Al-Ettifaq,al-ettifaq,Al-Ettifaq,ITT,Saudi Arabia,SA,SAU,1797657,Ziyad Al-Ghamdi,Ziyad Al-Ghamdi,,zayed-al-ghamdi,Z. Al-Ghamdi,F,29,2005-02-16T00:00:00+00:00,161,55,,Saudi Arabia,SA,SAU,115000,1845936000
34318,Al-Ettifaq,al-ettifaq,Al-Ettifaq,ITT,Saudi Arabia,SA,SAU,1797652,Jalal Adel Al-Salem,Jalal Adel Al-Salem,,jalal-adel-al-salem,J. A. Al-Salem,F,24,2005-06-12T00:00:00+00:00,180,,,Saudi Arabia,SA,SAU,165000,
34318,Al-Ettifaq,al-ettifaq,Al-Ettifaq,ITT,Saudi Arabia,SA,SAU,578380,Jordan Larsson,Jordan,Larsson,jordan-larsson,J. Larsson,M,17,1997-06-20T00:00:00+00:00,175,86,Left,Sweden,SE,SWE,3800000,1877472000
34318,Al-Ettifaq,al-ettifaq,Al-Ettifaq,ITT,Saudi Arabia,SA,SAU,246319,Ondrej Duda,Ondrej,Duda,ondrej-duda,O. Duda,M,11,1994-12-05T00:00:00+00:00,181,74,Right,Slovakia,SK,SVK,2800000,1814313600
34318,Al-Ettifaq,al-ettifaq,Al-Ettifaq,ITT,Saudi Arabia,SA,SAU,281013,Bersant Celina,Bersant,Celina,bersant-celina,B. Celina,M,43,1996-09-09T00:00:00+00:00,181,60,Right,Kosovo,XK,XKX,1800000,1877472000
34318,Al-Ettifaq,al-ettifaq,Al-Ettifaq,ITT,Saudi Arabia,SA,SAU,1512625,Abdoulaye Kanté,Abdoulaye Kante,,abdoulaye-kante,A. Kanté,M,42,2005-07-09T00:00:00+00:00,180,,Right,Côte d'Ivoire,CI,CIV,4700000,1909008000
34318,Al-Ettifaq,al-ettifaq,Al-Ettifaq,ITT,Saudi Arabia,SA,SAU,537018,Álvaro Medrán,,,alvaro-medran,Á. Medrán,M,10,1994-03-15T00:00:00+00:00,176,73,Right,Spain,ES,ESP,2900000,1814313600
34318,Al-Ettifaq,al-ettifaq,Al-Ettifaq,ITT,Saudi Arabia,SA,SAU,1533745,Abduleallah Hawsawi,Abduleallah Hawsawi,,abduleallah-hawsawi,A. Hawsawi,M,77,2001-06-02T00:00:00+00:00,170,,Left,Saudi Arabia,SA,SAU,260000,
34318,Al-Ettifaq,al-ettifaq,Al-Ettifaq,ITT,Saudi Arabia,SA,SAU,1147561,Matija Glušćević,Matija Gluscevic,,matija-gluscevic,M. Glušćević,M,71,2004-06-13T00:00:00+00:00,186,,Right,Serbia,RS,SRB,630000,1845936000
34318,Al-Ettifaq,al-ettifaq,Al-Ettifaq,ITT,Saudi Arabia,SA,SAU,1955901,Yasir Shammari,Yasir Shammari,,yasir-shammari,Y. Shammari,M,58,2004-06-22T00:00:00+00:00,175,,Right,Saudi Arabia,SA,SAU,140000,1845936000
34318,Al-Ettifaq,al-ettifaq,Al-Ettifaq,ITT,Saudi Arabia,SA,SAU,818624,Riyadh Sharahili,,,riyadh-sharahili,R. Sharahili,M,16,1993-04-28T00:00:00+00:00,185,77,Right,Saudi Arabia,SA,SAU,155000,1814313600
34318,Al-Ettifaq,al-ettifaq,Al-Ettifaq,ITT,Saudi Arabia,SA,SAU,1935201,Abdulhakim Maghfori,Abdulhakim Maghfori,,abdulhakim-maghfori,A. Maghfori,M,20,2006-03-18T00:00:00+00:00,177,,,Saudi Arabia,SA,SAU,,
34318,Al-Ettifaq,al-ettifaq,Al-Ettifaq,ITT,Saudi Arabia,SA,SAU,2453998,Abdulrahman Nabza,Abdulrahman Nabza,,abdulrahman-nabza,A. Nabza,M,60,2006-01-01T00:00:00+00:00,,,,Saudi Arabia,SA,SAU,54000,
34318,Al-Ettifaq,al-ettifaq,Al-Ettifaq,ITT,Saudi Arabia,SA,SAU,795696,Jack Hendry,Jack,Hendry,jack-hendry,J. Hendry,D,4,1995-05-07T00:00:00+00:00,195,,Right,Scotland,SX,SCO,2400000,1845936000
34318,Al-Ettifaq,al-ettifaq,Al-Ettifaq,ITT,Saudi Arabia,SA,SAU,551774,Pedro Henrique,Pedro Henrique,Pedro Henrique,pedro-henrique,P. Henrique,D,14,1995-10-02T00:00:00+00:00,188,85,Right,Brazil,BR,BRA,3800000,
34318,Al-Ettifaq,al-ettifaq,Al-Ettifaq,ITT,Saudi Arabia,SA,SAU,794347,Abdullah Madu,Abdullah,Madu,abdullah-madu,A. Madu,D,3,1993-07-15T00:00:00+00:00,186,77,Left,Saudi Arabia,SA,SAU,430000,1845936000
34318,Al-Ettifaq,al-ettifaq,Al-Ettifaq,ITT,Saudi Arabia,SA,SAU,818813,Madallah Al-Olayan,,,madallah-al-olayan,M. Al-Olayan,D,33,1994-08-25T00:00:00+00:00,170,68,Right,Saudi Arabia,SA,SAU,340000,1845936000
34318,Al-Ettifaq,al-ettifaq,Al-Ettifaq,ITT,Saudi Arabia,SA,SAU,920498,Abdullah Khateeb,Abdullah,Khateeb,abdullah-khateeb,A. Khateeb,D,70,1995-03-12T00:00:00+00:00,173,,Right,Saudi Arabia,SA,SAU,325000,
34318,Al-Ettifaq,al-ettifaq,Al-Ettifaq,ITT,Saudi Arabia,SA,SAU,1544937,Marzouq Tambakti,Marzouq Tambakti,,marzouq-tambakti,M. Tambakti,D,87,2003-02-11T00:00:00+00:00,187,71,Right,Saudi Arabia,SA,SAU,205000,1845936000
34318,Al-Ettifaq,al-ettifaq,Al-Ettifaq,ITT,Saudi Arabia,SA,SAU,1495868,Meshal Alaeli,Meshal Alaeli,,meshal-alaeli,M. Alaeli,D,13,2004-06-17T00:00:00+00:00,176,,Left,Saudi Arabia,SA,SAU,195000,1845936000
34318,Al-Ettifaq,al-ettifaq,Al-Ettifaq,ITT,Saudi Arabia,SA,SAU,1156413,Meshal Ali Khayrallah,Meshal Ali Khayrallah,,meshal-ali-khayrallah,M. A. Khayrallah,D,87,2001-04-11T00:00:00+00:00,177,,Right,Saudi Arabia,SA,SAU,115000,1814313600
34318,Al-Ettifaq,al-ettifaq,Al-Ettifaq,ITT,Saudi Arabia,SA,SAU,948029,Radhi Al Otaibi,Radhi,Al Otaibi,radhi-al-otaibi,R. Al Otaibi,D,61,1999-05-18T00:00:00+00:00,170,57,Right,Saudi Arabia,SA,SAU,335000,1814313600
34318,Al-Ettifaq,al-ettifaq,Al-Ettifaq,ITT,Saudi Arabia,SA,SAU,358694,Marek Rodák,,,marek-rodak,M. Rodák,G,1,1996-12-13T00:00:00+00:00,188,69,Right,Slovakia,SK,SVK,2900000,1814313600
34318,Al-Ettifaq,al-ettifaq,Al-Ettifaq,ITT,Saudi Arabia,SA,SAU,828527,Ahmad Al Harbi,Ahmad,Al Harbi,ahmad-al-harbi,A. Al Harbi,G,23,1994-10-06T00:00:00+00:00,183,70,Right,Saudi Arabia,SA,SAU,78000,1845936000
34318,Al-Ettifaq,al-ettifaq,Al-Ettifaq,ITT,Saudi Arabia,SA,SAU,1434208,Turki Ba Al-Jawsh,Turki Ba Al-Jawsh,,turki-ba-al-jawsh,T. B. Al-Jawsh,G,92,2003-11-24T00:00:00+00:00,189,,Right,Saudi Arabia,SA,SAU,170000,
34318,Al-Ettifaq,al-ettifaq,Al-Ettifaq,ITT,Saudi Arabia,SA,SAU,948594,Abdulbasit Hawsawi,,,abdulbasit-hawsawi,A. Hawsawi,G,22,1996-12-21T00:00:00+00:00,186,,,Saudi Arabia,SA,SAU,77000,1845936000
34318,Al-Ettifaq,al-ettifaq,Al-Ettifaq,ITT,Saudi Arabia,SA,SAU,2425600,Abdulbasit Hawsawy,Abdulbasit,Hawsawy,abdulbasit-hawsawy,A. Hawsawy,G,22,2000-12-12T00:00:00+00:00,186,,,Saudi Arabia,SA,SAU,,
56023,Al-Fateh,al-fateh,Al-Fateh,FAT,Saudi Arabia,SA,SAU,325121,Lukáš Haraslín,,,lukas-haraslin,L. Haraslín,F,10,1996-05-26T00:00:00+00:00,182,71,Right,Slovakia,SK,SVK,6200000,1877472000
56023,Al-Fateh,al-fateh,Al-Fateh,FAT,Saudi Arabia,SA,SAU,880790,Mourad Batna,Mourad,Batna,mourad-batna,M. Batna,F,11,1990-06-27T00:00:00+00:00,185,77,Left,Morocco,MA,MAR,430000,1814313600
56023,Al-Fateh,al-fateh,Al-Fateh,FAT,Saudi Arabia,SA,SAU,838640,Wilfried Kanga,Wilfried,Kanga,wilfried-kanga,W. Kanga,F,9,1998-02-21T00:00:00+00:00,189,,Right,Côte d'Ivoire,CI,CIV,2800000,
56023,Al-Fateh,al-fateh,Al-Fateh,FAT,Saudi Arabia,SA,SAU,1445997,Fahad Zubaidi,Fahad Zubaidi,,fahad-zubaidi,F. Zubaidi,F,7,2002-01-13T00:00:00+00:00,175,,Right,Saudi Arabia,SA,SAU,180000,1845936000
56023,Al-Fateh,al-fateh,Al-Fateh,FAT,Saudi Arabia,SA,SAU,2278322,Jefferson Ramos,Jefferson Ramos,,jefferson-ramos,J. Ramos,F,21,2005-05-13T00:00:00+00:00,187,,Right,Cape Verde,CV,CPV,94000,
56023,Al-Fateh,al-fateh,Al-Fateh,FAT,Saudi Arabia,SA,SAU,1494819,Saad Al-Shurafa,Saad Al-Shurafa,,saad-al-shurafa,S. Al-Shurafa,F,49,2004-10-23T00:00:00+00:00,179,,,Saudi Arabia,SA,SAU,,
56023,Al-Fateh,al-fateh,Al-Fateh,FAT,Saudi Arabia,SA,SAU,1170502,Faisal Al Abdulwahed,Faisal Al Abdulwahed,,faisal-al-abdulwahed,F. A. Abdulwahed,F,80,2004-12-29T00:00:00+00:00,,,,Saudi Arabia,SA,SAU,70000,
56023,Al-Fateh,al-fateh,Al-Fateh,FAT,Saudi Arabia,SA,SAU,1170500,Ali Al Masoud,Ali Al Masoud,,ali-al-masoud,A. A. Masoud,F,29,2004-01-03T00:00:00+00:00,,,Right,Saudi Arabia,SA,SAU,120000,
56023,Al-Fateh,al-fateh,Al-Fateh,FAT,Saudi Arabia,SA,SAU,1475445,Faisal Al-Abdulwahed,Faisal,Al-Abdulwahed,faisal-al-abdulwahed,F. Al-Abdulwahed,F,80,,,,,Saudi Arabia,SA,SAU,,
56023,Al-Fateh,al-fateh,Al-Fateh,FAT,Saudi Arabia,SA,SAU,1606003,Hossam Essadak,Hossam Essadak,,hossam-essadak,H. Essadak,M,31,2005-07-30T00:00:00+00:00,180,,Left,Morocco,MA,MAR,1000000,1814313600
56023,Al-Fateh,al-fateh,Al-Fateh,FAT,Saudi Arabia,SA,SAU,925947,Ali Al-Hassan,,,ali-al-hassan,A. Al-Hassan,M,19,1997-03-04T00:00:00+00:00,183,65,Right,Saudi Arabia,SA,SAU,465000,1877472000
56023,Al-Fateh,al-fateh,Al-Fateh,FAT,Saudi Arabia,SA,SAU,1897879,Sorriso,,,sorriso,Sorriso,M,23,2005-02-23T00:00:00+00:00,165,,Right,Brazil,BR,BRA,310000,1814313600
56023,Al-Fateh,al-fateh,Al-Fateh,FAT,Saudi Arabia,SA,SAU,862194,Zaydou Youssouf,,,zaydou-youssouf,Z. Youssef,M,28,1999-07-11T00:00:00+00:00,183,70,Left,Comoros,KM,COM,6500000,1845936000
56023,Al-Fateh,al-fateh,Al-Fateh,FAT,Saudi Arabia,SA,SAU,1129974,Mihai Lixandru,Mihai,Lixandru,mihai-lixandru,M. Lixandru,M,8,2001-06-05T00:00:00+00:00,184,,Right,Romania,RO,ROU,865000,1845936000
56023,Al-Fateh,al-fateh,Al-Fateh,FAT,Saudi Arabia,SA,SAU,1915858,Abdulaziz Al Fawaz,Abdulaziz Al Fawaz,,abdulaziz-al-fawaz,A. A. Fawaz,M,18,2008-03-28T00:00:00+00:00,183,,Right,Saudi Arabia,SA,SAU,275000,
56023,Al-Fateh,al-fateh,Al-Fateh,FAT,Saudi Arabia,SA,SAU,1481168,Jordan Harrison,Jordan Harrison,,jordan-harrison,J. Harrison,M,70,2002-09-09T00:00:00+00:00,185,,Right,Saudi Arabia,SA,SAU,24000,
56023,Al-Fateh,al-fateh,Al-Fateh,FAT,Saudi Arabia,SA,SAU,1917052,Mahdi Al Obod,Mahdi Al Obod,,mahdi-al-obod,M. A. Obod,M,24,2005-11-15T00:00:00+00:00,,,,Saudi Arabia,SA,SAU,,
56023,Al-Fateh,al-fateh,Al-Fateh,FAT,Saudi Arabia,SA,SAU,1797656,Mehdi Al-Aboud,Mehdi Al-Aboud,,mehdi-al-aboud,M. Al-Aboud,M,,2005-11-15T00:00:00+00:00,171,,Right,Saudi Arabia,SA,SAU,110000,
56023,Al-Fateh,al-fateh,Al-Fateh,FAT,Saudi Arabia,SA,SAU,2290452,Mohammed Hussain Al-Sahihi,Mohammed,Hussain Al-Sahihi,mohammed-hussain-al-sahihi,M. Hussain Al-Sahihi,M,25,2006-05-24T00:00:00+00:00,,,,Saudi Arabia,SA,SAU,120000,
56023,Al-Fateh,al-fateh,Al-Fateh,FAT,Saudi Arabia,SA,SAU,847714,Marwane Saadane,Marwane,Saadane,marwane-saadane,M. Saadane,D,17,1992-01-17T00:00:00+00:00,185,73,Right,Morocco,MA,MAR,360000,1814313600
56023,Al-Fateh,al-fateh,Al-Fateh,FAT,Saudi Arabia,SA,SAU,845884,Kennedy Boateng,,,kennedy-boateng,K. Boateng,D,3,1996-11-29T00:00:00+00:00,191,,Right,Togo,TG,TGO,1100000,1845936000
56023,Al-Fateh,al-fateh,Al-Fateh,FAT,Saudi Arabia,SA,SAU,1519328,Abdulelah Al Khaibari,Abdulelah Al Khaibari,,abdulelah-al-khaibari,A. A. Khaibari,D,16,1997-05-22T00:00:00+00:00,174,,Left,Saudi Arabia,SA,SAU,370000,1814313600
56023,Al-Fateh,al-fateh,Al-Fateh,FAT,Saudi Arabia,SA,SAU,2197961,Robin Kelder,Robin,Kelder,robin-kelder,R. Kelder,D,19,2005-03-25T00:00:00+00:00,183,,Right,Netherlands,NL,NLD,,1877472000
56023,Al-Fateh,al-fateh,Al-Fateh,FAT,Saudi Arabia,SA,SAU,1521953,Saeed Baattia,Saeed Baattia,,saeed-baattia,S. Baattia,D,15,2000-09-23T00:00:00+00:00,172,,Right,Saudi Arabia,SA,SAU,,
56023,Al-Fateh,al-fateh,Al-Fateh,FAT,Saudi Arabia,SA,SAU,1049202,Ziyad Aljari,Ziyad Aljari,,ziyad-aljari,Z. Aljari,D,4,2001-11-15T00:00:00+00:00,182,,Right,Saudi Arabia,SA,SAU,245000,1877472000
56023,Al-Fateh,al-fateh,Al-Fateh,FAT,Saudi Arabia,SA,SAU,1549073,Abdul Rahman Al Khaibari,,,abdul-rahman-al-khaibari,A. R. A. Khaibari,D,22,2000-03-18T00:00:00+00:00,180,,Right,Saudi Arabia,SA,SAU,155000,1845936000
56023,Al-Fateh,al-fateh,Al-Fateh,FAT,Saudi Arabia,SA,SAU,1472755,Sattam Al Tumbukti,Sattam Al Tumbukti,,sattam-al-tumbukti,S. A. Tumbukti,D,87,2001-09-04T00:00:00+00:00,173,,Right,Saudi Arabia,SA,SAU,145000,1845936000
56023,Al-Fateh,al-fateh,Al-Fateh,FAT,Saudi Arabia,SA,SAU,966751,Abdulaziz Al-Swealem,,,abdulaziz-alswealem,A. Alswealem,D,78,2006-01-01T00:00:00+00:00,177,,Left,Saudi Arabia,SA,SAU,,
56023,Al-Fateh,al-fateh,Al-Fateh,FAT,Saudi Arabia,SA,SAU,2596931,Abdulaziz Al Suwailem,Abdulaziz Al Suwailem,,abdulaziz-al-suwailem,A. A. Suwailem,D,78,2006-04-24T00:00:00+00:00,175,,,Saudi Arabia,SA,SAU,290000,
56023,Al-Fateh,al-fateh,Al-Fateh,FAT,Saudi Arabia,SA,SAU,925919,Faisal Darisi,,,faisal-darisi,F. Darisi,D,5,1997-02-11T00:00:00+00:00,178,,Left,Saudi Arabia,SA,SAU,115000,1845936000
56023,Al-Fateh,al-fateh,Al-Fateh,FAT,Saudi Arabia,SA,SAU,2398148,Fawaz Al-Hamad,Fawaz Al-Hamad,,fawaz-al-hamad,F. Al-Hamad,D,55,2004-03-19T00:00:00+00:00,,,,Saudi Arabia,SA,SAU,77000,
56023,Al-Fateh,al-fateh,Al-Fateh,FAT,Saudi Arabia,SA,SAU,814876,Adrian Šemper,Adrian,Semper,adrian-semper,A. Šemper,G,1,1998-01-12T00:00:00+00:00,192,89,Right,Croatia,HR,HRV,1700000,1877472000
56023,Al-Fateh,al-fateh,Al-Fateh,FAT,Saudi Arabia,SA,SAU,818596,Habib Al-Wutaian,,,habib-al-wutaian,H. Al-Wutaian,G,31,1996-08-08T00:00:00+00:00,183,87,Right,Saudi Arabia,SA,SAU,26000,1845936000
56023,Al-Fateh,al-fateh,Al-Fateh,FAT,Saudi Arabia,SA,SAU,818123,Waled Al Enazi,,,waled-al-enazi,W. A. Enazi,G,94,1996-07-06T00:00:00+00:00,191,,Right,Saudi Arabia,SA,SAU,77000,1845936000
56023,Al-Fateh,al-fateh,Al-Fateh,FAT,Saudi Arabia,SA,SAU,2695952,Ibrahim Al Abood,Ibrahim Al Abood,,ibrahim-al-abood,I. A. Abood,G,38,2007-08-22T00:00:00+00:00,,,,Saudi Arabia,SA,SAU,,
168094,Al-Fayha,al-fayha,Al-Fayha,FAY,Saudi Arabia,SA,SAU,1002556,Lázaro,,,lazaro,Lázaro,F,17,2002-03-12T00:00:00+00:00,181,72,Right,Brazil,BR,BRA,1900000,1814313600
168094,Al-Fayha,al-fayha,Al-Fayha,FAY,Saudi Arabia,SA,SAU,787448,Silvère Ganvoula,Silvere,Ganvoula,silvere-ganvoula,S. Ganvoula,F,35,1996-06-29T00:00:00+00:00,191,,Both,Congo Republic,CG,COG,825000,1814313600
168094,Al-Fayha,al-fayha,Al-Fayha,FAY,Saudi Arabia,SA,SAU,330677,Jason,David,Jason,jason,Jason,F,23,1994-07-06T00:00:00+00:00,179,65,Right,Spain,ES,ESP,2200000,1814313600
168094,Al-Fayha,al-fayha,Al-Fayha,FAY,Saudi Arabia,SA,SAU,1017888,Malek Al Abdulmonam,,,malek-al-abdulmonam,M. A. Abdulmonam,F,9,1998-03-08T00:00:00+00:00,174,,Right,Saudi Arabia,SA,SAU,54000,1814313600
168094,Al-Fayha,al-fayha,Al-Fayha,FAY,Saudi Arabia,SA,SAU,1914884,Sultan Al-Jabri,Sultan Al-Jabri,,sultan-al-jabri,S. Al-Jabri,F,27,1999-11-10T00:00:00+00:00,169,,Right,Saudi Arabia,SA,SAU,105000,
168094,Al-Fayha,al-fayha,Al-Fayha,FAY,Saudi Arabia,SA,SAU,2713595,Mohammed Ahmed Hakami,Mohammed Ahmed Hakami,,mohammed-ahmed-hakami,M. A. Hakami,F,72,2008-09-25T00:00:00+00:00,173,,,Saudi Arabia,SA,SAU,,
168094,Al-Fayha,al-fayha,Al-Fayha,FAY,Saudi Arabia,SA,SAU,876626,Fashion Sakala,Fashion,Sakala,fashion-sakala,F. Sakala,M,10,1997-03-14T00:00:00+00:00,178,,Right,Zambia,ZM,ZMB,3600000,1877472000
168094,Al-Fayha,al-fayha,Al-Fayha,FAY,Saudi Arabia,SA,SAU,973293,Hugo Moura,,,hugo-moura,H. Moura,M,5,1998-01-03T00:00:00+00:00,177,,Right,Brazil,BR,BRA,955000,1845936000
168094,Al-Fayha,al-fayha,Al-Fayha,FAY,Saudi Arabia,SA,SAU,887343,Alfa Semedo,Alfa,Semedo,alfa-semedo,A. Semedo,M,30,1997-08-30T00:00:00+00:00,190,75,Right,Guinea-Bissau,GW,GNB,875000,1845936000
168094,Al-Fayha,al-fayha,Al-Fayha,FAY,Saudi Arabia,SA,SAU,1485488,Yago Souza,Yago Souza,,yago-souza,Y. Souza,M,10,2006-02-11T00:00:00+00:00,173,67,Right,Brazil,BR,BRA,830000,1814313600
168094,Al-Fayha,al-fayha,Al-Fayha,FAY,Saudi Arabia,SA,SAU,974064,Abdullah Al-Qahtani,,,abdullah-al-qahtani,A. Al-Qahtani,M,20,1999-01-31T00:00:00+00:00,172,,Right,Saudi Arabia,SA,SAU,165000,1877472000
168094,Al-Fayha,al-fayha,Al-Fayha,FAY,Saudi Arabia,SA,SAU,1916420,Ali Al Hussain,Ali Al Hussain,,ali-al-hussain,A. A. Hussain,M,6,2005-06-04T00:00:00+00:00,170,,Right,Saudi Arabia,SA,SAU,160000,1877472000
168094,Al-Fayha,al-fayha,Al-Fayha,FAY,Saudi Arabia,SA,SAU,1549104,Rayan Enad,Rayan Enad,,rayan-enad,R. Enad,M,77,2000-12-25T00:00:00+00:00,170,,Right,Saudi Arabia,SA,SAU,160000,1845936000
168094,Al-Fayha,al-fayha,Al-Fayha,FAY,Saudi Arabia,SA,SAU,948046,Nawaf Al-Harthi,Nawaf,Al-Harthi,nawaf-al-harthi,N. Al-Harthi,M,7,1998-10-12T00:00:00+00:00,169,58,Right,Saudi Arabia,SA,SAU,185000,1909008000
168094,Al-Fayha,al-fayha,Al-Fayha,FAY,Saudi Arabia,SA,SAU,982351,Mansor Al-Beshe,Mansor,Al-Beshe,mansor-al-beshe,M. Al-Beshe,M,14,2000-04-24T00:00:00+00:00,168,,Right,Saudi Arabia,SA,SAU,205000,1814313600
168094,Al-Fayha,al-fayha,Al-Fayha,FAY,Saudi Arabia,SA,SAU,818887,Abdulhadi Al-Harajin,,,abdulhadi-al-harajin,A. Al-Harajin,M,8,1994-11-20T00:00:00+00:00,171,57,Right,Saudi Arabia,SA,SAU,110000,1814313600
168094,Al-Fayha,al-fayha,Al-Fayha,FAY,Saudi Arabia,SA,SAU,1473386,Ammar Al-Khaibari,Ammar Al-Khaibari,,ammar-al-khaibari,A. Al-Khaibari,M,41,2004-09-03T00:00:00+00:00,,,Right,Saudi Arabia,SA,SAU,110000,1845936000
168094,Al-Fayha,al-fayha,Al-Fayha,FAY,Saudi Arabia,SA,SAU,2694450,Fahad Majed Alhubayshi,Fahad Majed Alhubayshi,,fahad-majed-alhubayshi,F. M. Alhubayshi,M,43,2006-01-03T00:00:00+00:00,173,,Left,Saudi Arabia,SA,SAU,,
168094,Al-Fayha,al-fayha,Al-Fayha,FAY,Saudi Arabia,SA,SAU,106751,Paulo Oliveira,Paulo,Oliveira,paulo-oliveira,P. Oliveira,D,15,1992-01-08T00:00:00+00:00,187,,Right,Portugal,PT,PRT,370000,1814313600
168094,Al-Fayha,al-fayha,Al-Fayha,FAY,Saudi Arabia,SA,SAU,893197,Ahmed Bamasud,,,ahmed-bamasud,A. Bamasud,D,24,1995-11-22T00:00:00+00:00,175,68,Left,Saudi Arabia,SA,SAU,580000,1845936000
168094,Al-Fayha,al-fayha,Al-Fayha,FAY,Saudi Arabia,SA,SAU,831259,Ziyad Al-Sahafi,Ziyad,Al-Sahafi,ziyad-al-sahafi,Z. Al-Sahafi,D,21,1994-10-17T00:00:00+00:00,182,,Right,Saudi Arabia,SA,SAU,260000,1814313600
168094,Al-Fayha,al-fayha,Al-Fayha,FAY,Saudi Arabia,SA,SAU,1542114,Turki Al-Jaadi,Turki Al Jaadi,,turki-al-jaadi,T. Al-Jaadi,D,12,2003-03-30T00:00:00+00:00,170,,Left,Saudi Arabia,SA,SAU,195000,1814313600
168094,Al-Fayha,al-fayha,Al-Fayha,FAY,Saudi Arabia,SA,SAU,893199,Mohammed Al Baqawi,,,mohammed-al-baqawi,M. A. Baqawi,D,22,1995-07-12T00:00:00+00:00,170,69,Right,Saudi Arabia,SA,SAU,300000,1845936000
168094,Al-Fayha,al-fayha,Al-Fayha,FAY,Saudi Arabia,SA,SAU,921767,Mokher Al-Rashidi,,,mokher-al-rashidi,M. Al-Rashidi,D,2,1999-05-20T00:00:00+00:00,170,68,Right,Saudi Arabia,SA,SAU,260000,1845936000
168094,Al-Fayha,al-fayha,Al-Fayha,FAY,Saudi Arabia,SA,SAU,1542652,Mohammed Al Dowaish,Mohammed Al Dowaish,,mohammed-al-dowaish,M. A. Dowaish,D,47,2004-05-28T00:00:00+00:00,177,,Right,Saudi Arabia,SA,SAU,49000,1814313600
168094,Al-Fayha,al-fayha,Al-Fayha,FAY,Saudi Arabia,SA,SAU,2694448,Ali Dhafer Al Harshan,Ali Dhafer Al Harshan,,ali-dhafer-al-harshan,A. D. A. Harshan,D,42,2006-03-12T00:00:00+00:00,,,,Saudi Arabia,SA,SAU,,
168094,Al-Fayha,al-fayha,Al-Fayha,FAY,Saudi Arabia,SA,SAU,886041,Orlando Mosquera,Orlando,Mosquera,orlando-mosquera,O. Mosquera,G,52,1994-12-25T00:00:00+00:00,191,,Right,Panama,PA,PAN,725000,1845936000
168094,Al-Fayha,al-fayha,Al-Fayha,FAY,Saudi Arabia,SA,SAU,1633038,Abdulraouf Al-Duqayl,Abdulraouf,Al-Duqayl,abdulraouf-al-duqayl,A. Al-Duqayl,G,1,1995-08-04T00:00:00+00:00,180,78,Right,Saudi Arabia,SA,SAU,79000,1845936000
168094,Al-Fayha,al-fayha,Al-Fayha,FAY,Saudi Arabia,SA,SAU,1911637,Sattam Al Shammari,,,sattam-al-shammari,S. A. Shammari,G,13,2004-08-31T00:00:00+00:00,185,,,Saudi Arabia,SA,SAU,,1877472000
168094,Al-Fayha,al-fayha,Al-Fayha,FAY,Saudi Arabia,SA,SAU,1521075,Osama Al Thumairy,,,osama-al-thumairy,O. A. Thumairy,G,31,2005-09-26T00:00:00+00:00,175,,Left,Saudi Arabia,SA,SAU,,1814313600
168086,Al-Hazem,al-hazem,Al-Hazem,HAZ,Saudi Arabia,SA,SAU,886127,Afimico Pululu,Afimico,Pululu,afimico-pululu,A. Pululu,F,9,1999-03-23T00:00:00+00:00,175,82,Left,DR Congo,CD,COD,4300000,1877472000
168086,Al-Hazem,al-hazem,Al-Hazem,HAZ,Saudi Arabia,SA,SAU,2002208,Aboubacar Diakite,Aboubacar Diakite,,aboubacar-diakite,A. Diakite,F,29,2006-12-31T00:00:00+00:00,180,,Right,Mali,ML,MLI,215000,
168086,Al-Hazem,al-hazem,Al-Hazem,HAZ,Saudi Arabia,SA,SAU,893190,Walead Alshangeati,,,walead-alshangeati,W. Alshangeati,F,11,1994-01-09T00:00:00+00:00,178,,Right,Saudi Arabia,SA,SAU,120000,
168086,Al-Hazem,al-hazem,Al-Hazem,HAZ,Saudi Arabia,SA,SAU,309154,Amir Saâyoud,,,amir-saayoud,A. Saâyoud,M,10,1990-09-30T00:00:00+00:00,170,66,Left,Algeria,DZ,DZA,390000,1814313600
168086,Al-Hazem,al-hazem,Al-Hazem,HAZ,Saudi Arabia,SA,SAU,845609,Sofiane Bendebka,Sofiane,Bendebka,sofiane-bendebka,S. Bendebka,M,28,1992-08-09T00:00:00+00:00,180,,Right,Algeria,DZ,DZA,640000,1845936000
168086,Al-Hazem,al-hazem,Al-Hazem,HAZ,Saudi Arabia,SA,SAU,1089931,Youssouf Oumarou,Youssouf,Oumarou,youssouf-oumarou,Y. Oumarou,M,37,1993-02-16T00:00:00+00:00,190,,Right,Niger,NE,NER,555000,
168086,Al-Hazem,al-hazem,Al-Hazem,HAZ,Saudi Arabia,SA,SAU,2018134,Aboubacar Bah,Aboubacar Bah,,aboubacar-bah,A. Bah,M,24,2005-09-30T00:00:00+00:00,170,,Both,Guinea,GN,GIN,765000,1845936000
168086,Al-Hazem,al-hazem,Al-Hazem,HAZ,Saudi Arabia,SA,SAU,1170963,Bonheur Mugisha,,,bonheur-mugisha,B. Mugisha,M,17,2000-01-01T00:00:00+00:00,190,,Right,Rwanda,RW,RWA,525000,
168086,Al-Hazem,al-hazem,Al-Hazem,HAZ,Saudi Arabia,SA,SAU,227198,Elton Acolatse,Elton,Acolatse,elton-acolatse,E. Acolatse,M,7,1995-07-24T00:00:00+00:00,182,68,Right,Netherlands,NL,NLD,650000,1845936000
168086,Al-Hazem,al-hazem,Al-Hazem,HAZ,Saudi Arabia,SA,SAU,1398871,Mohammed Al-Yami,Mohammed Issa,,mohammed-issa,M. Al-Yami,M,5,2002-04-02T00:00:00+00:00,181,68,Right,Saudi Arabia,SA,SAU,145000,1814313600
168086,Al-Hazem,al-hazem,Al-Hazem,HAZ,Saudi Arabia,SA,SAU,1134206,Ahmed Al-Shamrani,Ahmed Al-Shamrani,,ahmed-al-shamrani,A. Al-Shamrani,M,70,2002-03-13T00:00:00+00:00,,,Left,Saudi Arabia,SA,SAU,205000,1814313600
168086,Al-Hazem,al-hazem,Al-Hazem,HAZ,Saudi Arabia,SA,SAU,982352,Abdulaziz Al-Dwehe,,,abdulaziz-al-duwaihi,A. Al-Dwehe,M,22,2000-05-03T00:00:00+00:00,175,,Right,Saudi Arabia,SA,SAU,155000,1814313600
168086,Al-Hazem,al-hazem,Al-Hazem,HAZ,Saudi Arabia,SA,SAU,990188,Ayman Al-Hujaili,,,ayman-al-hujaili,A. Al-Hujaili,M,98,1998-07-15T00:00:00+00:00,165,,Right,Saudi Arabia,SA,SAU,145000,1845936000
168086,Al-Hazem,al-hazem,Al-Hazem,HAZ,Saudi Arabia,SA,SAU,2267086,Mohammed Al Hamdani,,,mohammed-al-hamdani,M. A. Hamdani,M,77,2001-08-03T00:00:00+00:00,,,Right,Saudi Arabia,SA,SAU,155000,1877472000
168086,Al-Hazem,al-hazem,Al-Hazem,HAZ,Saudi Arabia,SA,SAU,791411,Abdulrahman Al-Khaibary,Abdulrahman,Al-Khaibary,abdulrahman-al-khaibary,A. Al-Khaibary,M,15,1988-02-03T00:00:00+00:00,175,69,Right,Saudi Arabia,SA,SAU,49000,
168086,Al-Hazem,al-hazem,Al-Hazem,HAZ,Saudi Arabia,SA,SAU,2256370,Abdulrazzaq Awaji,Abdulrazzaq Awaji,,abdulrazzaq-awaji,A. Awaji,M,30,2007-08-21T00:00:00+00:00,171,,,Saudi Arabia,SA,SAU,,
168086,Al-Hazem,al-hazem,Al-Hazem,HAZ,Saudi Arabia,SA,SAU,2689734,Mohammed Al-Darwish,Mohammed Al-Darwish,,mohammed-al-darwish,M. Al-Darwish,M,,2006-01-20T00:00:00+00:00,,,,,,,,
168086,Al-Hazem,al-hazem,Al-Hazem,HAZ,Saudi Arabia,SA,SAU,889927,Mory Konate,,,mory-konate,M. Konate,D,8,1993-11-15T00:00:00+00:00,191,84,Both,Guinea,GN,GIN,460000,
168086,Al-Hazem,al-hazem,Al-Hazem,HAZ,Saudi Arabia,SA,SAU,1000809,Amine Ben Hmida,,,amine-ben-hamida,M. Ben Hmida,D,3,1995-12-15T00:00:00+00:00,181,,Left,Tunisia,TN,TUN,1000000,
168086,Al-Hazem,al-hazem,Al-Hazem,HAZ,Saudi Arabia,SA,SAU,1520833,Sultan Tanker,Sultan Tanker,,sultan-tanker,S. Tanker,D,4,1998-09-01T00:00:00+00:00,184,,Right,Saudi Arabia,SA,SAU,330000,1814313600
168086,Al-Hazem,al-hazem,Al-Hazem,HAZ,Saudi Arabia,SA,SAU,1048834,Ahmed Al-Nakhli,Ahmed Al-Nakhli,,ahmed-al-nakhli,A. Al-Nakhli,D,27,2002-06-22T00:00:00+00:00,173,,Left,Saudi Arabia,SA,SAU,240000,1814313600
168086,Al-Hazem,al-hazem,Al-Hazem,HAZ,Saudi Arabia,SA,SAU,1549236,Saud Al Rashed,Saud Al Rashed,,saud-al-rashed,S. A. Rashed,D,2,1998-05-17T00:00:00+00:00,180,,Right,Saudi Arabia,SA,SAU,235000,1814313600
168086,Al-Hazem,al-hazem,Al-Hazem,HAZ,Saudi Arabia,SA,SAU,893373,Khalid Alsubaie,,,khalid-alsubaie,K. Alsubaie,D,27,1999-10-26T00:00:00+00:00,176,,Left,Saudi Arabia,SA,SAU,145000,
168086,Al-Hazem,al-hazem,Al-Hazem,HAZ,Saudi Arabia,SA,SAU,948601,Abdurahman Al-Dakheel,,,abdurahman-al-dakheel,A. Al-Dakheel,D,34,1996-05-26T00:00:00+00:00,184,,Right,Saudi Arabia,SA,SAU,330000,
168086,Al-Hazem,al-hazem,Al-Hazem,HAZ,Saudi Arabia,SA,SAU,1216091,Abdulaziz Al-Harbi,Abdulaziz Al-Harbi,,abdulaziz-al-harbi,A. Al-Harbi,D,82,2003-08-13T00:00:00+00:00,173,,Right,Saudi Arabia,SA,SAU,160000,
168086,Al-Hazem,al-hazem,Al-Hazem,HAZ,Saudi Arabia,SA,SAU,1085896,Abdullah Al-Shanqiti,Abdullah Alshenqiti,,abdullah-al-shanqiti,A. Al-Shanqiti,D,13,1998-12-22T00:00:00+00:00,179,,Right,Saudi Arabia,SA,SAU,170000,1814313600
168086,Al-Hazem,al-hazem,Al-Hazem,HAZ,Saudi Arabia,SA,SAU,1068350,Ahmed Al-Nakhli,Ahmed,Al-Nakhli,ahmed-al-nakhli,A. Al-Nakhli,D,27,2002-03-22T00:00:00+00:00,,,,Saudi Arabia,SA,SAU,26000,
168086,Al-Hazem,al-hazem,Al-Hazem,HAZ,Saudi Arabia,SA,SAU,1127129,Farhan Al-Azmi,Farhan Al-Azmi,,farhan-al-azmi,F. Al-Azmi,D,12,1994-07-31T00:00:00+00:00,175,,Left,Saudi Arabia,SA,SAU,49000,
168086,Al-Hazem,al-hazem,Al-Hazem,HAZ,Saudi Arabia,SA,SAU,2726332,Jasem Ateeq,,,ateeq-jasem,J. Ateeq,D,95,,,,,Kuwait,KW,KWT,,
168086,Al-Hazem,al-hazem,Al-Hazem,HAZ,Saudi Arabia,SA,SAU,138895,Bruno Varela,Bruno,Varela,bruno-varela,B. Varela,G,14,1994-11-04T00:00:00+00:00,191,84,Right,Cape Verde,CV,CPV,1700000,1814313600
168086,Al-Hazem,al-hazem,Al-Hazem,HAZ,Saudi Arabia,SA,SAU,328745,Ibrahim Zaied,Ibrahim,Zaied,ibrahim-zaied,I. Zaied,G,23,1990-01-22T00:00:00+00:00,190,87,Right,Saudi Arabia,SA,SAU,155000,1814313600
168086,Al-Hazem,al-hazem,Al-Hazem,HAZ,Saudi Arabia,SA,SAU,1797653,Yazan Abdullah Al-Ruwaili,Yazan Abdullah Al-Ruwaili,,yazan-abdullah-al-ruwaili,Y. A. Al-Ruwaili,G,1,2005-05-19T00:00:00+00:00,180,78,Right,Saudi Arabia,SA,SAU,,1814313600
168086,Al-Hazem,al-hazem,Al-Hazem,HAZ,Saudi Arabia,SA,SAU,1633331,Majed Al-Ghamdi,Majed,Al-Ghamdi,majed-al-ghamdi,M. Al-Ghamdi,G,33,1998-06-02T00:00:00+00:00,,,Right,Saudi Arabia,SA,SAU,105000,1814313600
21895,Al-Hilal,al-hilal,Al-Hilal,HIL,Saudi Arabia,SA,SAU,922573,Gabriel Martinelli,,,gabriel-martinelli,G. Martinelli,F,7,2001-06-18T00:00:00+00:00,180,,Right,Brazil,BR,BRA,42000000,1909008000
21895,Al-Hilal,al-hilal,Al-Hilal,HIL,Saudi Arabia,SA,SAU,555386,Ollie Watkins,Ollie,Watkins,ollie-watkins,O. Watkins,F,11,1995-12-30T00:00:00+00:00,179,70,Right,England,EN,ENG,26000000,
21895,Al-Hilal,al-hilal,Al-Hilal,HIL,Saudi Arabia,SA,SAU,1606642,Mohamed Kader Meite,,,mohamed-kader-meite,M. K. Meite,F,75,2007-10-11T00:00:00+00:00,191,,Right,Côte d'Ivoire,CI,CIV,16399999,1877472000
21895,Al-Hilal,al-hilal,Al-Hilal,HIL,Saudi Arabia,SA,SAU,818568,Sultan Mandash,,,sultan-mandash,S. Mandash,F,27,1994-10-17T00:00:00+00:00,172,58,Left,Saudi Arabia,SA,SAU,340000,1845936000
21895,Al-Hilal,al-hilal,Al-Hilal,HIL,Saudi Arabia,SA,SAU,280955,Rúben Neves,,,ruben-neves,R. Neves,M,8,1997-03-13T00:00:00+00:00,181,80,Right,Portugal,PT,PRT,24000000,1877472000
21895,Al-Hilal,al-hilal,Al-Hilal,HIL,Saudi Arabia,SA,SAU,917005,Crysencio Summerville,Crysencio,Summerville,crysencio-summerville,C. Summerville,M,38,2001-10-30T00:00:00+00:00,174,,Right,Netherlands,NL,NLD,49000000,1909008000
21895,Al-Hilal,al-hilal,Al-Hilal,HIL,Saudi Arabia,SA,SAU,331447,Sergej Milinković-Savić,,,sergej-milinkovic-savic,S. Milinković-Savić,M,22,1995-02-27T00:00:00+00:00,191,84,Right,Serbia,RS,SRB,12400000,1845936000
21895,Al-Hilal,al-hilal,Al-Hilal,HIL,Saudi Arabia,SA,SAU,160893,Salem Al-Dawsari,Salem,Al-Dawsari,salem-al-dawsari,S. Al-Dawsari,M,29,1991-08-19T00:00:00+00:00,171,62,Right,Saudi Arabia,SA,SAU,1200000,1814313600
21895,Al-Hilal,al-hilal,Al-Hilal,HIL,Saudi Arabia,SA,SAU,828524,Mohamed Kanno,Mohamed,Kanno,mohamed-kanno,M. Kanno,M,28,1994-09-22T00:00:00+00:00,191,73,Right,Saudi Arabia,SA,SAU,825000,1814313600
21895,Al-Hilal,al-hilal,Al-Hilal,HIL,Saudi Arabia,SA,SAU,1426581,Saimon Bouabre,Saïmon Bouabré,,bouabre-saimon,S. Bouabré,M,70,2006-06-01T00:00:00+00:00,174,,Right,France,FR,FRA,15500000,1877472000
21895,Al-Hilal,al-hilal,Al-Hilal,HIL,Saudi Arabia,SA,SAU,872607,Nasser Al-Dawsari,,,nasser-al-dawsari,N. Al-Dawsari,M,6,1998-12-19T00:00:00+00:00,178,,Left,Saudi Arabia,SA,SAU,875000,1814313600
21895,Al-Hilal,al-hilal,Al-Hilal,HIL,Saudi Arabia,SA,SAU,1549082,Murad Al Hawsawi,Murad Al Hawsawi,,murad-al-hawsawi,M. A. Hawsawi,M,18,2001-06-03T00:00:00+00:00,180,,Left,Saudi Arabia,SA,SAU,1400000,1940544000
21895,Al-Hilal,al-hilal,Al-Hilal,HIL,Saudi Arabia,SA,SAU,1935210,Sabri Abdu Dahal,Sabri Abdu Dahal,,sabri-abdu-dahal,S. A. Dahal,M,72,2008-02-29T00:00:00+00:00,172,,Right,Saudi Arabia,SA,SAU,2300000,1940544000
21895,Al-Hilal,al-hilal,Al-Hilal,HIL,Saudi Arabia,SA,SAU,954528,Nawaf Al-Habashi,,,nawaf-al-habashi,N. Al-Habashi,M,77,1998-06-23T00:00:00+00:00,184,,Right,Saudi Arabia,SA,SAU,285000,1877472000
21895,Al-Hilal,al-hilal,Al-Hilal,HIL,Saudi Arabia,SA,SAU,1434206,Abdullah Al-Anazi,Abdullah Al-Anazi,,abdullah-al-anazi,A. Al-Anazi,M,93,2003-01-19T00:00:00+00:00,179,,Right,Saudi Arabia,SA,SAU,140000,1940544000
21895,Al-Hilal,al-hilal,Al-Hilal,HIL,Saudi Arabia,SA,SAU,961939,Nawaf Al-Habashi,Nawaf,Al-Habashi,nawaf-al-habashi,N. Al-Habashi,M,77,1998-06-22T00:00:00+00:00,184,,Left,Saudi Arabia,SA,SAU,,
21895,Al-Hilal,al-hilal,Al-Hilal,HIL,Saudi Arabia,SA,SAU,788027,Theo Hernández,Theo,Hernandez,theo-hernandez,T. Hernández,D,19,1997-10-06T00:00:00+00:00,184,78,Left,France,FR,FRA,21000000,1845936000
21895,Al-Hilal,al-hilal,Al-Hilal,HIL,Saudi Arabia,SA,SAU,126071,Kalidou Koulibaly,Kalidou,Koulibaly,kalidou-koulibaly,K. Koulibaly,D,3,1991-06-20T00:00:00+00:00,187,89,Right,Senegal,SN,SEN,4400000,1814313600
21895,Al-Hilal,al-hilal,Al-Hilal,HIL,Saudi Arabia,SA,SAU,1479523,Yusuf Akçiçek,,,akcicek-yusuf,Y. Akçiçek,D,4,2006-01-25T00:00:00+00:00,193,,Left,Türkiye,TR,TUR,13600000,1877472000
21895,Al-Hilal,al-hilal,Al-Hilal,HIL,Saudi Arabia,SA,SAU,881837,Hassan Tambakti,Hassan,Tambakti,hassan-altambakti,H. Altambakti,D,87,1999-02-09T00:00:00+00:00,182,73,Right,Saudi Arabia,SA,SAU,1900000,1814313600
21895,Al-Hilal,al-hilal,Al-Hilal,HIL,Saudi Arabia,SA,SAU,818667,Ali Lajami,,,ali-lajami,A. Lajami,D,78,1996-04-25T00:00:00+00:00,175,,Right,Saudi Arabia,SA,SAU,775000,1845936000
21895,Al-Hilal,al-hilal,Al-Hilal,HIL,Saudi Arabia,SA,SAU,1022679,Moteb Al-Harbi,,,moteb-al-harbi,M. Al-Harbi,D,24,2000-02-19T00:00:00+00:00,171,,Left,Saudi Arabia,SA,SAU,1400000,1877472000
21895,Al-Hilal,al-hilal,Al-Hilal,HIL,Saudi Arabia,SA,SAU,981158,Hamad Al Yami,Hamad,Al Yami,hamad-al-yami,H. Al Yami,D,88,1999-05-17T00:00:00+00:00,170,,Right,Saudi Arabia,SA,SAU,520000,1877472000
21895,Al-Hilal,al-hilal,Al-Hilal,HIL,Saudi Arabia,SA,SAU,2185488,Meshal Al Dawood,Meshal,Al Dawood,meshal-al-dawood,M. Al Dawood,D,55,2008-08-02T00:00:00+00:00,180,,Right,Saudi Arabia,SA,SAU,,
21895,Al-Hilal,al-hilal,Al-Hilal,HIL,Saudi Arabia,SA,SAU,1092809,Mohammed Mahzari,Mohammed Mahzari,,mohammed-mahzari,M. Mahzari,D,2,2002-05-19T00:00:00+00:00,178,,Right,Saudi Arabia,SA,SAU,635000,1877472000
21895,Al-Hilal,al-hilal,Al-Hilal,HIL,Saudi Arabia,SA,SAU,2163360,Saad Al Mutairy,Saad Al Muthary,,saad-al-muthary,S. A. Muthary,D,44,2006-12-06T00:00:00+00:00,182,,Left,Saudi Arabia,SA,SAU,96000,
21895,Al-Hilal,al-hilal,Al-Hilal,HIL,Saudi Arabia,SA,SAU,2421993,Mohammed Al-Sarnoukh,Mohammed Al-Sarnoukh,,mohammed-al-sarnoukh,M. Al-Sarnoukh,D,73,2004-01-01T00:00:00+00:00,173,,Right,Saudi Arabia,SA,SAU,,
21895,Al-Hilal,al-hilal,Al-Hilal,HIL,Saudi Arabia,SA,SAU,2729016,Mohamed Al-Sarnukh,Mohamed Al-Sarnukh,,mohamed-al-sarnukh,M. Al-Sarnukh,D,,2007-05-18T00:00:00+00:00,,,Right,Saudi Arabia,SA,SAU,130000,1940544000
21895,Al-Hilal,al-hilal,Al-Hilal,HIL,Saudi Arabia,SA,SAU,360938,Yassine Bounou,Yassine,Bounou,bono,Bono,G,37,1991-04-05T00:00:00+00:00,195,80,Left,Morocco,MA,MAR,2900000,1845936000
21895,Al-Hilal,al-hilal,Al-Hilal,HIL,Saudi Arabia,SA,SAU,791416,Mohammed Al-Owais,,,mohammed-al-owais,M. Al-Owais,G,33,1991-10-10T00:00:00+00:00,185,70,Left,Saudi Arabia,SA,SAU,270000,1845936000
21895,Al-Hilal,al-hilal,Al-Hilal,HIL,Saudi Arabia,SA,SAU,920497,Mohammed Al-Yami,,,mohammed-al-rubaie,M. Al-Yami,G,17,1997-08-14T00:00:00+00:00,190,78,Right,Saudi Arabia,SA,SAU,335000,1814313600
21895,Al-Hilal,al-hilal,Al-Hilal,HIL,Saudi Arabia,SA,SAU,1653041,Rayan Khalid Al-Dossary,Rayan Khalid,Al-Dossary,rayan-khalid-al-dossary,R. Al-Dossary,G,35,2004-07-01T00:00:00+00:00,182,,Right,Saudi Arabia,SA,SAU,3800000,1940544000
34315,Al-Ittihad,al-ittihad,Al-Ittihad,ITJ,Saudi Arabia,SA,SAU,846470,Youssef En-Nesyri,Youssef,En-Nesyri,youssef-en-nesyri,Y. En-Nesyri,F,21,1997-06-01T00:00:00+00:00,190,,Left,Morocco,MA,MAR,17600000,
34315,Al-Ittihad,al-ittihad,Al-Ittihad,ITJ,Saudi Arabia,SA,SAU,1462434,George Ilenikhena,George,Ilenikhena,george-ilenikhena,G. Ilenikhena,F,9,2006-08-16T00:00:00+00:00,185,,Left,Nigeria,NG,NGA,9200000,1877472000
34315,Al-Ittihad,al-ittihad,Al-Ittihad,ITJ,Saudi Arabia,SA,SAU,818779,Saleh Al-Shehri,,,saleh-al-shehri,S. Al-Shehri,F,11,1993-11-01T00:00:00+00:00,184,75,Right,Saudi Arabia,SA,SAU,485000,1814313600
34315,Al-Ittihad,al-ittihad,Al-Ittihad,ITJ,Saudi Arabia,SA,SAU,1474689,Marwan Al-Sahafi,Marwan,Al-Sahafi,marwan-al-sahafi,M. Al-Sahafi,F,22,2004-02-17T00:00:00+00:00,179,,Right,Saudi Arabia,SA,SAU,930000,1877472000
34315,Al-Ittihad,al-ittihad,Al-Ittihad,ITJ,Saudi Arabia,SA,SAU,1501473,Talal Haji,Talal,Haji,talal-haji,T. Haji,F,90,2007-09-16T00:00:00+00:00,175,,Right,Saudi Arabia,SA,SAU,930000,1845936000
34315,Al-Ittihad,al-ittihad,Al-Ittihad,ITJ,Saudi Arabia,SA,SAU,984415,Ahmed Al-Ghamdi,,,ahmed-al-ghamdi,A. Al-Ghamdi,F,27,2001-09-20T00:00:00+00:00,178,,Right,Saudi Arabia,SA,SAU,525000,1814313600
34315,Al-Ittihad,al-ittihad,Al-Ittihad,ITJ,Saudi Arabia,SA,SAU,1015292,Richard Ríos,,,richard-rios,R. Ríos,M,20,2000-06-02T00:00:00+00:00,185,,Right,Colombia,CO,COL,27000000,1814313600
34315,Al-Ittihad,al-ittihad,Al-Ittihad,ITJ,Saudi Arabia,SA,SAU,846081,Houssem Aouar,Houssem,Aouar,houssem-aouar,H. Aouar,M,10,1998-06-30T00:00:00+00:00,175,,Right,Algeria,DZ,DZA,7300000,1845936000
34315,Al-Ittihad,al-ittihad,Al-Ittihad,ITJ,Saudi Arabia,SA,SAU,22126,Georginio Wijnaldum,,,georginio-wijnaldum,G. Wijnaldum,M,,1990-11-11T00:00:00+00:00,175,69,Right,Netherlands,NL,NLD,2100000,
34315,Al-Ittihad,al-ittihad,Al-Ittihad,ITJ,Saudi Arabia,SA,SAU,1400846,Mahamadou Doumbia,Mahamadou Doumbia,,mahamadou-doumbia,M. Doumbia,M,17,2004-05-15T00:00:00+00:00,186,,Right,Mali,ML,MLI,9800000,1909008000
34315,Al-Ittihad,al-ittihad,Al-Ittihad,ITJ,Saudi Arabia,SA,SAU,361798,Steven Bergwijn,Steven,Bergwijn,steven-bergwijn,S. Bergwijn,M,34,1997-10-08T00:00:00+00:00,178,,Right,Netherlands,NL,NLD,10600000,1814313600
34315,Al-Ittihad,al-ittihad,Al-Ittihad,ITJ,Saudi Arabia,SA,SAU,982327,Dion Lopy,Dion,Lopy,dion-lopy,D. Lopy,M,30,2002-02-02T00:00:00+00:00,186,,Right,Senegal,SN,SEN,16300000,1909008000
34315,Al-Ittihad,al-ittihad,Al-Ittihad,ITJ,Saudi Arabia,SA,SAU,1128560,Roger Fernandes,,,roger-fernandes,R. Fernandes,M,7,2005-11-21T00:00:00+00:00,170,,Left,Portugal,PT,PRT,19400000,1877472000
34315,Al-Ittihad,al-ittihad,Al-Ittihad,ITJ,Saudi Arabia,SA,SAU,1103952,Bryant Ortega,Bryant Ortega,,bryant-ortega,B. Ortega,M,15,2003-02-28T00:00:00+00:00,175,,Right,Venezuela,VE,VEN,430000,1845936000
34315,Al-Ittihad,al-ittihad,Al-Ittihad,ITJ,Saudi Arabia,SA,SAU,788258,Mukhtar Ali,,,ali-mukhtar,A. Mukhtar,M,8,1997-10-30T00:00:00+00:00,185,75,Right,Saudi Arabia,SA,SAU,715000,1877472000
34315,Al-Ittihad,al-ittihad,Al-Ittihad,ITJ,Saudi Arabia,SA,SAU,985140,Hamed Al-Ghamdi,,,hamed-al-ghamdi,H. Al-Ghamdi,M,80,1999-04-02T00:00:00+00:00,162,,Right,Saudi Arabia,SA,SAU,165000,1909008000
34315,Al-Ittihad,al-ittihad,Al-Ittihad,ITJ,Saudi Arabia,SA,SAU,1501453,Farhah Ali Alshamrani,Farhah Ali,Alshamrani,farhah-ali-alshamrani,F. Alshamrani,M,29,2006-02-27T00:00:00+00:00,166,,Right,Saudi Arabia,SA,SAU,430000,1845936000
34315,Al-Ittihad,al-ittihad,Al-Ittihad,ITJ,Saudi Arabia,SA,SAU,1171233,Rakan Kaabi,Rakan Kaabi,,rakan-kaabi,R. Kaabi,M,60,2002-12-02T00:00:00+00:00,170,,Right,Saudi Arabia,SA,SAU,560000,1909008000
34315,Al-Ittihad,al-ittihad,Al-Ittihad,ITJ,Saudi Arabia,SA,SAU,2716811,Abdalellah Hawsawi,Abdalellah Hawsawi,,abdalellah-hawsawi,A. Hawsawi,M,77,2005-01-01T00:00:00+00:00,,,,Saudi Arabia,SA,SAU,,
34315,Al-Ittihad,al-ittihad,Al-Ittihad,ITJ,Saudi Arabia,SA,SAU,99545,Danilo Pereira,,,danilo-pereira,D. Pereira,D,2,1991-09-09T00:00:00+00:00,187,,Right,Portugal,PT,PRT,3400000,1814313600
34315,Al-Ittihad,al-ittihad,Al-Ittihad,ITJ,Saudi Arabia,SA,SAU,1214992,Jan-Carlo Simić,Jan-Carlo Simić,,jan-carlo-simic,J. Simić,D,4,2005-05-02T00:00:00+00:00,185,,Right,Serbia,RS,SRB,10900000,
34315,Al-Ittihad,al-ittihad,Al-Ittihad,ITJ,Saudi Arabia,SA,SAU,847235,Hassan Kadesh,,,hassan-kadesh,H. Kadesh,D,15,1992-09-26T00:00:00+00:00,179,,Left,Saudi Arabia,SA,SAU,250000,1845936000
34315,Al-Ittihad,al-ittihad,Al-Ittihad,ITJ,Saudi Arabia,SA,SAU,1457521,Muath Faqeehi,Muath Muath,,muath-faqeehi,M. Faqeehi,D,42,2002-05-30T00:00:00+00:00,188,,Left,Saudi Arabia,SA,SAU,360000,1845936000
34315,Al-Ittihad,al-ittihad,Al-Ittihad,ITJ,Saudi Arabia,SA,SAU,894437,Muhannad Shanqeeti,,,muhannad-shanqeeti,M. Shanqeeti,D,13,1999-03-12T00:00:00+00:00,173,,Right,Saudi Arabia,SA,SAU,950000,1877472000
34315,Al-Ittihad,al-ittihad,Al-Ittihad,ITJ,Saudi Arabia,SA,SAU,1134250,Saad Al-Mousa,Saad Al-Mousa,,saad-al-mousa,S. Al-Mousa,D,6,2002-12-10T00:00:00+00:00,182,,Right,Saudi Arabia,SA,SAU,1100000,1814313600
34315,Al-Ittihad,al-ittihad,Al-Ittihad,ITJ,Saudi Arabia,SA,SAU,794331,Ahmed Sharahili,Ahmed,Sharahili,ahmed-sharahili,A. Sharahili,D,20,1994-05-08T00:00:00+00:00,184,85,Left,Saudi Arabia,SA,SAU,480000,1845936000
34315,Al-Ittihad,al-ittihad,Al-Ittihad,ITJ,Saudi Arabia,SA,SAU,1475443,Ahmed Al-Julaydan,Ahmed,Al-Julaydan,ahmed-al-julaydan,A. Al-Julaydan,D,32,2004-03-08T00:00:00+00:00,170,,Right,Saudi Arabia,SA,SAU,640000,1909008000
34315,Al-Ittihad,al-ittihad,Al-Ittihad,ITJ,Saudi Arabia,SA,SAU,1475444,Mohammed Barnawi,Mohammed,Barnawi,mohammed-barnawi,M. Barnawi,D,66,2005-08-07T00:00:00+00:00,179,,Right,Saudi Arabia,SA,SAU,205000,1845936000
34315,Al-Ittihad,al-ittihad,Al-Ittihad,ITJ,Saudi Arabia,SA,SAU,983833,Faris Abdi,,,abdi-faris,A. Faris,D,25,1999-05-09T00:00:00+00:00,180,75,Left,Saudi Arabia,SA,SAU,485000,1909008000
34315,Al-Ittihad,al-ittihad,Al-Ittihad,ITJ,Saudi Arabia,SA,SAU,975270,Fawaz Al-Sqoor,Fawaz,Al-Sqoor,fawaz-al-sqoor,F. Al-Sqoor,D,37,,177,60,Right,Saudi Arabia,SA,SAU,,
34315,Al-Ittihad,al-ittihad,Al-Ittihad,ITJ,Saudi Arabia,SA,SAU,188107,Predrag Rajković,,,predrag-rajkovic,P. Rajković,G,1,1995-10-31T00:00:00+00:00,192,70,Right,Serbia,RS,SRB,6800000,1845936000
34315,Al-Ittihad,al-ittihad,Al-Ittihad,ITJ,Saudi Arabia,SA,SAU,1168604,Osama Al-Mermesh,Osama Al-Mermesh,,al-mermesh-osama,O. A. Mermesh,G,88,2003-07-06T00:00:00+00:00,182,67,Right,Saudi Arabia,SA,SAU,49000,1814313600
34315,Al-Ittihad,al-ittihad,Al-Ittihad,ITJ,Saudi Arabia,SA,SAU,1168640,Mohammed Al-Absi,Mohammed Alabsi,,mohammed-al-absi,M. Al-Absi,G,50,2002-09-24T00:00:00+00:00,180,,,Saudi Arabia,SA,SAU,185000,1877472000
167228,Al-Khaleej,al-khaleej,Al-Khaleej,KHA,Saudi Arabia,SA,SAU,916680,Musa Barrow,,,musa-barrow,M. Barrow,F,99,1998-11-14T00:00:00+00:00,183,,Right,Gambia,GM,GMB,5800000,1814313600
167228,Al-Khaleej,al-khaleej,Al-Khaleej,KHA,Saudi Arabia,SA,SAU,100621,Joshua King,,,joshua-king,J. King,F,7,1992-01-15T00:00:00+00:00,180,74,Right,Norway,NO,NOR,1200000,1814313600
167228,Al-Khaleej,al-khaleej,Al-Khaleej,KHA,Saudi Arabia,SA,SAU,974517,Fahad Al-Rashidi,Fahad,Al-Rashidi,fahad-al-rashidi,F. Al-Rashidi,F,11,1997-05-16T00:00:00+00:00,175,,Left,Saudi Arabia,SA,SAU,220000,1845936000
167228,Al-Khaleej,al-khaleej,Al-Khaleej,KHA,Saudi Arabia,SA,SAU,1536875,Thamer Al Khaibri,Thamer Al Khaibri,,thamer-al-khaibri,T. A. Khaibri,F,90,2005-12-03T00:00:00+00:00,187,,Left,Saudi Arabia,SA,SAU,260000,1814313600
167228,Al-Khaleej,al-khaleej,Al-Khaleej,KHA,Saudi Arabia,SA,SAU,1958683,Mateo Benegas,,,mateo-benegas,M. Benegas,F,20,2006-01-02T00:00:00+00:00,190,,Right,Argentina,AR,ARG,300000,1814313600
167228,Al-Khaleej,al-khaleej,Al-Khaleej,KHA,Saudi Arabia,SA,SAU,989764,Hussain Ahmed Al Issa,,,hussain-ahmed-al-issa,H. A. A. Issa,F,28,2000-12-29T00:00:00+00:00,173,,Right,Saudi Arabia,SA,SAU,90000,1814313600
167228,Al-Khaleej,al-khaleej,Al-Khaleej,KHA,Saudi Arabia,SA,SAU,2456785,Abdullah Al Zaynaldeen,Abdullah,Al Zaynaldeen,abdullah-al-zaynaldeen,A. Al Zaynaldeen,F,27,2006-01-17T00:00:00+00:00,,,Right,Saudi Arabia,SA,SAU,52000,
167228,Al-Khaleej,al-khaleej,Al-Khaleej,KHA,Saudi Arabia,SA,SAU,2695927,Wilson Diogo,Wilson Diogo,,wilson-diogo,W. Diogo,F,20,2007-11-18T00:00:00+00:00,,,,Cape Verde,CV,CPV,,
167228,Al-Khaleej,al-khaleej,Al-Khaleej,KHA,Saudi Arabia,SA,SAU,972410,Miguel Crespo,,,miguel-crespo,M. Crespo,M,19,1996-09-11T00:00:00+00:00,187,73,Right,Portugal,PT,PRT,1900000,1845936000
167228,Al-Khaleej,al-khaleej,Al-Khaleej,KHA,Saudi Arabia,SA,SAU,787540,Angelo Fulgini,Angelo,Fulgini,angelo-fulgini,A. Fulgini,M,10,1996-08-20T00:00:00+00:00,183,75,Right,New Caledonia,NC,NCL,5300000,1845936000
167228,Al-Khaleej,al-khaleej,Al-Khaleej,KHA,Saudi Arabia,SA,SAU,255999,Omar Mascarell,Omar,Mascarell,omar-mascarell,O. Mascarell,M,8,1993-02-02T00:00:00+00:00,181,74,Right,Equatorial Guinea,GQ,GNQ,730000,1814313600
167228,Al-Khaleej,al-khaleej,Al-Khaleej,KHA,Saudi Arabia,SA,SAU,791578,Saleh Al-Amri,Saleh,Al-Amri,saleh-al-amri,S. Al-Amri,M,11,1993-10-14T00:00:00+00:00,176,65,Right,Saudi Arabia,SA,SAU,385000,1845936000
167228,Al-Khaleej,al-khaleej,Al-Khaleej,KHA,Saudi Arabia,SA,SAU,1115888,Nawaf Al Sadi,Nawaf Alsadi,,nawaf-alsadi,N. A. Sadi,M,18,2000-10-21T00:00:00+00:00,172,62,Left,Saudi Arabia,SA,SAU,215000,1845936000
167228,Al-Khaleej,al-khaleej,Al-Khaleej,KHA,Saudi Arabia,SA,SAU,828444,Majed Omar Kanabah,Majed Omar,Kanabah,majed-omar-kanabah,M. Kanabah,M,12,1993-02-27T00:00:00+00:00,172,,Left,Saudi Arabia,SA,SAU,135000,1814313600
167228,Al-Khaleej,al-khaleej,Al-Khaleej,KHA,Saudi Arabia,SA,SAU,818581,Mansour Hamzi,,,mansour-hamzi,M. Hamzi,M,15,1993-06-01T00:00:00+00:00,170,65,Right,Saudi Arabia,SA,SAU,92000,1814313600
167228,Al-Khaleej,al-khaleej,Al-Khaleej,KHA,Saudi Arabia,SA,SAU,2370113,Abdoulie Mboge,Abdoulie Mboge,,abdoulie-mboge,A. Mboge,M,88,2007-01-10T00:00:00+00:00,,,,Gambia,GM,GMB,52000,
167228,Al-Khaleej,al-khaleej,Al-Khaleej,KHA,Saudi Arabia,SA,SAU,1102071,Bader Munshi,Bader Munshi,,bader-munshi,B. Munshi,M,16,1999-06-20T00:00:00+00:00,178,,Right,Saudi Arabia,SA,SAU,155000,1814313600
167228,Al-Khaleej,al-khaleej,Al-Khaleej,KHA,Saudi Arabia,SA,SAU,2040371,Ali Abdoulraouf Alabdrabalnabi,Ali Abdoulraouf Alabdrabalnabi,,ali-abdoulraouf-alabdrabalnabi,A. A. Alabdrabalnabi,M,24,2004-01-01T00:00:00+00:00,,,,Saudi Arabia,SA,SAU,,
167228,Al-Khaleej,al-khaleej,Al-Khaleej,KHA,Saudi Arabia,SA,SAU,1398849,Mohammed Al Abdullah,Mohammed Al Abdullah,,mohammed-al-abdullah,M. A. Abdullah,M,19,2002-07-13T00:00:00+00:00,171,,Right,Saudi Arabia,SA,SAU,26000,
167228,Al-Khaleej,al-khaleej,Al-Khaleej,KHA,Saudi Arabia,SA,SAU,949074,Mansour Hamzi,Mansour,Hamzi,mansour-hamzi,M. Hamzi,M,15,,,,,,,,,
167228,Al-Khaleej,al-khaleej,Al-Khaleej,KHA,Saudi Arabia,SA,SAU,2654512,Ali Abdulraouf,Ali ,Abdulraouf,ali-abdulraouf,A. Abdulraouf,M,,2004-02-01T00:00:00+00:00,,,,Saudi Arabia,SA,SAU,46000,
167228,Al-Khaleej,al-khaleej,Al-Khaleej,KHA,Saudi Arabia,SA,SAU,848537,Boubakar Kouyaté,Kiki,Kouyate,boubakar-kouyate,B. Kouyaté,D,4,1997-04-15T00:00:00+00:00,192,85,Right,Mali,ML,MLI,1600000,1845936000
167228,Al-Khaleej,al-khaleej,Al-Khaleej,KHA,Saudi Arabia,SA,SAU,818572,Fawaz Al-Sagour,,,fawaz-al-sagour,F. Al-Sagour,D,27,1996-04-23T00:00:00+00:00,176,,Right,Saudi Arabia,SA,SAU,430000,1814313600
167228,Al-Khaleej,al-khaleej,Al-Khaleej,KHA,Saudi Arabia,SA,SAU,190139,Rebocho,Pedro Miguel,Rebocho,rebocho,Rebocho,D,5,1995-01-23T00:00:00+00:00,172,67,Left,Portugal,PT,PRT,680000,1814313600
167228,Al-Khaleej,al-khaleej,Al-Khaleej,KHA,Saudi Arabia,SA,SAU,817911,Abdullah Al-Amar,,,abdullah-al-amar,A. Al-Amar,D,89,1994-03-01T00:00:00+00:00,177,,Left,Saudi Arabia,SA,SAU,300000,1845936000
167228,Al-Khaleej,al-khaleej,Al-Khaleej,KHA,Saudi Arabia,SA,SAU,160901,Abdullah Al-Hafith,Abdullah,Al-Hafith,abdullah-al-hafith,A. Al-Hafith,D,17,1992-12-25T00:00:00+00:00,188,82,Right,Saudi Arabia,SA,SAU,135000,1845936000
167228,Al-Khaleej,al-khaleej,Al-Khaleej,KHA,Saudi Arabia,SA,SAU,818696,Mohammed Al-Khabrani,,,mohammed-al-khabrani,M. Al-Khabrani,D,3,1993-10-14T00:00:00+00:00,178,65,Right,Saudi Arabia,SA,SAU,260000,1845936000
167228,Al-Khaleej,al-khaleej,Al-Khaleej,KHA,Saudi Arabia,SA,SAU,350060,Ahmad Asiri,,,ahmad-asiri,A. Asiri,D,13,1991-11-14T00:00:00+00:00,179,63,Right,Saudi Arabia,SA,SAU,77000,1814313600
167228,Al-Khaleej,al-khaleej,Al-Khaleej,KHA,Saudi Arabia,SA,SAU,818563,Saeed Al Hamsal,,,saeed-al-hamsal,S. A. Hamsal,D,39,1996-04-18T00:00:00+00:00,176,,Right,Saudi Arabia,SA,SAU,220000,1814313600
167228,Al-Khaleej,al-khaleej,Al-Khaleej,KHA,Saudi Arabia,SA,SAU,802975,Hamad Al-Jayzani,Hamad,Al-Jayzani,hamad-al-jayzani,H. Al-Jayzani,D,2,1993-03-04T00:00:00+00:00,176,,Right,Saudi Arabia,SA,SAU,130000,1814313600
167228,Al-Khaleej,al-khaleej,Al-Khaleej,KHA,Saudi Arabia,SA,SAU,847483,Bandar Al Mutairi,,,bandar-al-mutairi,B. A. Mutairi,D,33,1990-03-14T00:00:00+00:00,168,,Right,Saudi Arabia,SA,SAU,49000,
167228,Al-Khaleej,al-khaleej,Al-Khaleej,KHA,Saudi Arabia,SA,SAU,1521166,Ali Al Shaafi,Ali Al Shaafi,,ali-al-shaafi,A. A. Shaafi,D,14,2002-01-12T00:00:00+00:00,178,,Left,Saudi Arabia,SA,SAU,130000,1814313600
167228,Al-Khaleej,al-khaleej,Al-Khaleej,KHA,Saudi Arabia,SA,SAU,1084262,Arif Al-Haydar,Arif Al-Haydar,,arif-al-haydar,A. Al-Haydar,D,25,1997-06-20T00:00:00+00:00,172,64,Right,Saudi Arabia,SA,SAU,105000,
167228,Al-Khaleej,al-khaleej,Al-Khaleej,KHA,Saudi Arabia,SA,SAU,1019503,Ahmed Asiri,Ahmed,Asiri,ahmed-asiri,A. Asiri,D,13,,,,,Saudi Arabia,SA,SAU,,
167228,Al-Khaleej,al-khaleej,Al-Khaleej,KHA,Saudi Arabia,SA,SAU,949098,Bandar Nasser Al-Mutairi,Bandar Nasser,Al-Mutairi,bandar-nasser-al-mutairi,B. Al-Mutairi,D,33,,,,,,,,,
167228,Al-Khaleej,al-khaleej,Al-Khaleej,KHA,Saudi Arabia,SA,SAU,2456786,Raed Firas Al-Shanqiti,Raed Firas,Al-Shanqiti,raed-firas-al-shanqiti,R. F. Al-Shanqiti,D,29,2006-05-23T00:00:00+00:00,170,,Right,Saudi Arabia,SA,SAU,,
167228,Al-Khaleej,al-khaleej,Al-Khaleej,KHA,Saudi Arabia,SA,SAU,39457,Anthony Moris,,,anthony-moris,A. Moris,G,49,1990-04-29T00:00:00+00:00,184,75,Right,Luxembourg,LU,LUX,1200000,1814313600
167228,Al-Khaleej,al-khaleej,Al-Khaleej,KHA,Saudi Arabia,SA,SAU,832497,Marwan Al-Haidari,,,marwan-al-haidari,M. Al-Haidari,G,96,1996-04-12T00:00:00+00:00,191,,Right,Saudi Arabia,SA,SAU,115000,
167228,Al-Khaleej,al-khaleej,Al-Khaleej,KHA,Saudi Arabia,SA,SAU,1926324,Mohammed Al Ibrahim,Mohammed,Al Ibrahim,mohammed-ibrahim,M. Al Ibrahim,G,1,2005-01-07T00:00:00+00:00,183,,,Saudi Arabia,SA,SAU,,
269199,Al-Kholood,al-kholood,Al-Kholood,AKH,Saudi Arabia,SA,SAU,1087010,Ramiro Enrique,Ramiro Enrique,,ramiro-enrique,R. Enrique,F,18,2001-05-04T00:00:00+00:00,171,,Right,Argentina,AR,ARG,4099999,1845936000
269199,Al-Kholood,al-kholood,Al-Kholood,AKH,Saudi Arabia,SA,SAU,1170369,Julien Domingues,Julien Domingues,,julien-domingues,J. Domingues,F,22,1995-12-22T00:00:00+00:00,181,,Right,France,FR,FRA,430000,
269199,Al-Kholood,al-kholood,Al-Kholood,AKH,Saudi Arabia,SA,SAU,1907743,Guga,Guga,,guga,Guga,F,99,2006-09-28T00:00:00+00:00,174,73,Right,Brazil,BR,BRA,410000,
269199,Al-Kholood,al-kholood,Al-Kholood,AKH,Saudi Arabia,SA,SAU,1410230,Adam Berry,Adam Berry,,adam-berry,A. Berry,F,17,2006-01-09T00:00:00+00:00,180,,,England,EN,ENG,91000,1845936000
269199,Al-Kholood,al-kholood,Al-Kholood,AKH,Saudi Arabia,SA,SAU,1941943,Abdullah Al Ajyan,Abdullah,Al Ajyan,abdullah-al-ajyan,A. A. Ajyan,F,27,2004-10-07T00:00:00+00:00,172,,Right,Saudi Arabia,SA,SAU,27000,1877472000
269199,Al-Kholood,al-kholood,Al-Kholood,AKH,Saudi Arabia,SA,SAU,906065,Seydouba Cisse,Seydouba,Cisse,seydouba-cisse,S. Cisse,M,8,2001-02-10T00:00:00+00:00,172,,Right,Guinea,GN,GIN,2100000,1877472000
269199,Al-Kholood,al-kholood,Al-Kholood,AKH,Saudi Arabia,SA,SAU,1392054,Coba Da Costa,Coba,Da Costa,coba-da-costa,C. Da Costa,M,11,2002-07-26T00:00:00+00:00,182,,Right,Guinea-Bissau,GW,GNB,1500000,
269199,Al-Kholood,al-kholood,Al-Kholood,AKH,Saudi Arabia,SA,SAU,1067777,Abdulaziz Al-Aliwa,Abdulaziz,Al-Aliwa,abdulaziz-al-aliwa,A. Al-Aliwa,M,46,2004-02-11T00:00:00+00:00,182,69,Both,Saudi Arabia,SA,SAU,485000,1909008000
269199,Al-Kholood,al-kholood,Al-Kholood,AKH,Saudi Arabia,SA,SAU,1130805,Iker Kortajarena,,,iker-kortajarena,I. Kortajarena,M,10,2000-06-21T00:00:00+00:00,182,,Left,Spain,ES,ESP,825000,1877472000
269199,Al-Kholood,al-kholood,Al-Kholood,AKH,Saudi Arabia,SA,SAU,970441,John Buckley,,,john-buckley,J. Buckley,M,6,1999-10-13T00:00:00+00:00,173,,Right,England,EN,ENG,2200000,
269199,Al-Kholood,al-kholood,Al-Kholood,AKH,Saudi Arabia,SA,SAU,1434209,Yaseen Al-Zubaidi,Yaseen Al-Zubaidi,,al-zubaidi-yaseen,Y. Al-Zubaidi,M,26,2003-04-26T00:00:00+00:00,176,,Left,Saudi Arabia,SA,SAU,97000,1814313600
269199,Al-Kholood,al-kholood,Al-Kholood,AKH,Saudi Arabia,SA,SAU,1393076,Mohammed Al-Rashidi,Mohammed Al-Rashdi,,mohammed-al-rashdi,M. Al-Rashdi,M,67,2002-05-06T00:00:00+00:00,169,63,,Saudi Arabia,SA,SAU,53000,
269199,Al-Kholood,al-kholood,Al-Kholood,AKH,Saudi Arabia,SA,SAU,1549247,Muhammad Sawan,Muhammad Sawan,,muhammad-sawan,M. Sawan,M,70,2000-08-09T00:00:00+00:00,170,,Right,Saudi Arabia,SA,SAU,,
269199,Al-Kholood,al-kholood,Al-Kholood,AKH,Saudi Arabia,SA,SAU,832313,Abdulrahman Al-Dosari,Abdulrahman,Al-Dosari,abdulrahman-al-dosari,A. Al-Dosari,M,39,1997-09-25T00:00:00+00:00,178,,Left,Saudi Arabia,SA,SAU,245000,1845936000
269199,Al-Kholood,al-kholood,Al-Kholood,AKH,Saudi Arabia,SA,SAU,2337515,Odai Slimani,Odai,Slimani,odai-slimani,O. Slimani,M,24,,,,,Saudi Arabia,SA,SAU,,
269199,Al-Kholood,al-kholood,Al-Kholood,AKH,Saudi Arabia,SA,SAU,2278473,Ibrahem Barabaa,Ibrahem Barabaa,,ibrahem-barabaa,I. Barabaa,M,41,,,,,Saudi Arabia,SA,SAU,,
269199,Al-Kholood,al-kholood,Al-Kholood,AKH,Saudi Arabia,SA,SAU,867530,Shaquille Riley Pinas,Shaquille Riley Graciano,Pinas,shaquille-riley-pinas,S. Pinas,D,38,1998-03-19T00:00:00+00:00,182,,Left,Suriname,SR,SUR,1900000,1845936000
269199,Al-Kholood,al-kholood,Al-Kholood,AKH,Saudi Arabia,SA,SAU,921180,Edgaras Utkus,Edgaras,Utkus,edgaras-utkus,E. Utkus,D,5,2000-06-22T00:00:00+00:00,190,,Right,Lithuania,LT,LTU,1500000,1877472000
269199,Al-Kholood,al-kholood,Al-Kholood,AKH,Saudi Arabia,SA,SAU,2442170,Mansour Camara,Mansour Camara,,mansour-camara,M. Camara,D,25,2007-08-20T00:00:00+00:00,185,,Left,Guinea,GN,GIN,310000,
269199,Al-Kholood,al-kholood,Al-Kholood,AKH,Saudi Arabia,SA,SAU,1928081,Yazan Madani,Yazan,Madani,yazan-madani,Y. Madani,D,23,2005-02-07T00:00:00+00:00,,,Left,Saudi Arabia,SA,SAU,155000,1814313600
269199,Al-Kholood,al-kholood,Al-Kholood,AKH,Saudi Arabia,SA,SAU,1945815,Abdulrahman Al Obaid,Abdulrahman Al Obaid,,abdulrahman-al-obaid,A. A. Obaid,D,47,2004-07-02T00:00:00+00:00,185,65,Right,Saudi Arabia,SA,SAU,82000,1877472000
269199,Al-Kholood,al-kholood,Al-Kholood,AKH,Saudi Arabia,SA,SAU,965309,Ramzi Sawlan,,,sawlan-ramzi,R. Sawlan,D,15,1998-04-18T00:00:00+00:00,169,,Right,Saudi Arabia,SA,SAU,240000,
269199,Al-Kholood,al-kholood,Al-Kholood,AKH,Saudi Arabia,SA,SAU,2456787,Mohamed Mansour Camara,Mohamed Mansour,Camara,mohamed-mansour-camara,M. Camara,D,25,,,,,,,,,
269199,Al-Kholood,al-kholood,Al-Kholood,AKH,Saudi Arabia,SA,SAU,1549237,Sultan Al Shehri,Sultan Al Shehri,,sultan-al-shehri,S. A. Shehri,D,7,1995-07-03T00:00:00+00:00,179,,Left,Saudi Arabia,SA,SAU,165000,
269199,Al-Kholood,al-kholood,Al-Kholood,AKH,Saudi Arabia,SA,SAU,1857290,Hamed Al-Shanqity,Hamed,Al-Shanqity,hamed-al-shanqity,H. Al-Shanqity,G,1,2005-04-26T00:00:00+00:00,195,,Left,Saudi Arabia,SA,SAU,220000,1814313600
269199,Al-Kholood,al-kholood,Al-Kholood,AKH,Saudi Arabia,SA,SAU,1473399,Muhannad Al-Yahya,Muhannad Al-Yahya,,muhannad-al-yahya,M. Al-Yahya,G,48,2004-09-19T00:00:00+00:00,,,,Saudi Arabia,SA,SAU,,1845936000
269199,Al-Kholood,al-kholood,Al-Kholood,AKH,Saudi Arabia,SA,SAU,873364,Mohammed Mazyad Alshammari,,,mohammed-mazyad-alshammari,M. M. Alshammari,G,30,1991-12-10T00:00:00+00:00,184,,Right,Saudi Arabia,SA,SAU,73000,
23400,Al-Nassr,al-nassr,Al-Nassr,ALN,Saudi Arabia,SA,SAU,750,Cristiano Ronaldo,,,cristiano-ronaldo,C. Ronaldo,F,7,1985-02-05T00:00:00+00:00,187,,Right,Portugal,PT,PRT,10400000,1814313600
23400,Al-Nassr,al-nassr,Al-Nassr,ALN,Saudi Arabia,SA,SAU,851671,João Félix,Joao Felix,Joao Felix,joao-felix,J. Félix,F,79,1999-11-10T00:00:00+00:00,181,,Right,Portugal,PT,PRT,27000000,1814313600
23400,Al-Nassr,al-nassr,Al-Nassr,ALN,Saudi Arabia,SA,SAU,915991,Abdullah Al-Hamdan,,,abdullah-al-hamdan,A. Al-Hamdan,F,9,1999-09-12T00:00:00+00:00,185,,Both,Saudi Arabia,SA,SAU,360000,
23400,Al-Nassr,al-nassr,Al-Nassr,ALN,Saudi Arabia,SA,SAU,1115775,Mohammed Marran,Mohammed,Marran,mohammed-marran,M. Marran,F,16,2001-02-15T00:00:00+00:00,180,,Left,Saudi Arabia,SA,SAU,160000,
23400,Al-Nassr,al-nassr,Al-Nassr,ALN,Saudi Arabia,SA,SAU,1797651,Saad Haqawi,Saad Haqawi,,saad-haqawi,S. Haqawi,F,60,2005-10-08T00:00:00+00:00,179,,Right,Saudi Arabia,SA,SAU,130000,1877472000
23400,Al-Nassr,al-nassr,Al-Nassr,ALN,Saudi Arabia,SA,SAU,217704,Sadio Mané,,,sadio-mane,S. Mané,M,10,1992-04-10T00:00:00+00:00,175,,Right,Senegal,SN,SEN,5600000,1814313600
23400,Al-Nassr,al-nassr,Al-Nassr,ALN,Saudi Arabia,SA,SAU,280441,Kingsley Coman,Kingsley,Coman,kingsley-coman,K. Coman,M,21,1996-06-13T00:00:00+00:00,178,71,Right,France,FR,FRA,21000000,1845936000
23400,Al-Nassr,al-nassr,Al-Nassr,ALN,Saudi Arabia,SA,SAU,1086455,Ângelo,Ângelo,,angelo,Ângelo,M,20,2004-12-21T00:00:00+00:00,182,,Left,Brazil,BR,BRA,16200000,1877472000
23400,Al-Nassr,al-nassr,Al-Nassr,ALN,Saudi Arabia,SA,SAU,988351,Samú Costa,,,samuel-costa,S. Costa,M,11,2000-11-27T00:00:00+00:00,183,,Left,Portugal,PT,PRT,14600000,
23400,Al-Nassr,al-nassr,Al-Nassr,ALN,Saudi Arabia,SA,SAU,1391735,Hayder Abdulkareem,Hayder Abdulkareem,,hayder-abdulkareem,H. Abdulkareem,M,8,2004-08-07T00:00:00+00:00,190,,Left,Iraq,IQ,IRQ,260000,1845936000
23400,Al-Nassr,al-nassr,Al-Nassr,ALN,Saudi Arabia,SA,SAU,1130539,Ayman Yahya,Ayman,Yahya,ayman-yahya,A. Yahya,M,23,2001-05-14T00:00:00+00:00,168,,Both,Saudi Arabia,SA,SAU,1200000,1845936000
23400,Al-Nassr,al-nassr,Al-Nassr,ALN,Saudi Arabia,SA,SAU,867179,Abdullah Al-Khaibari,,,abdullah-alkhaibari,A. Al-Khaibari,M,17,1996-08-16T00:00:00+00:00,178,69,Right,Saudi Arabia,SA,SAU,680000,1877472000
23400,Al-Nassr,al-nassr,Al-Nassr,ALN,Saudi Arabia,SA,SAU,832312,Sami Al Naji,Sami,Al Naji,sami-al-naji,S. Al Naji,M,14,1997-02-07T00:00:00+00:00,181,,Right,Saudi Arabia,SA,SAU,325000,
23400,Al-Nassr,al-nassr,Al-Nassr,ALN,Saudi Arabia,SA,SAU,173883,Iñigo Martínez,,,inigo-martinez,I. Martínez,D,26,1991-05-17T00:00:00+00:00,181,,Left,Spain,ES,ESP,4099999,1814313600
23400,Al-Nassr,al-nassr,Al-Nassr,ALN,Saudi Arabia,SA,SAU,945063,Mohamed Simakan,,,mohamed-simakan,M. Simakan,D,3,2000-05-02T00:00:00+00:00,187,,Right,France,FR,FRA,22000000,1877472000
23400,Al-Nassr,al-nassr,Al-Nassr,ALN,Saudi Arabia,SA,SAU,881831,Abdulelah Al-Amri,Abdulelah,Al-Amri,abdulelah-al-amri,A. Al-Amri,D,5,1997-01-15T00:00:00+00:00,185,62,Right,Saudi Arabia,SA,SAU,1500000,1845936000
23400,Al-Nassr,al-nassr,Al-Nassr,ALN,Saudi Arabia,SA,SAU,986400,Nawaf Boushal,,,nawaf-boushal,N. Boushal,D,12,1999-09-16T00:00:00+00:00,178,79,Right,Saudi Arabia,SA,SAU,1500000,1814313600
23400,Al-Nassr,al-nassr,Al-Nassr,ALN,Saudi Arabia,SA,SAU,830126,Sultan Al-Ghannam,,,sultan-al-ghannam,S. Al-Ghannam,D,2,1994-05-06T00:00:00+00:00,173,,Right,Saudi Arabia,SA,SAU,1500000,1845936000
23400,Al-Nassr,al-nassr,Al-Nassr,ALN,Saudi Arabia,SA,SAU,1475427,Salem Alnajdi,Salem,Alnajdi,salem-alnajdi,S. Alnajdi,D,83,2003-01-27T00:00:00+00:00,178,,Left,Saudi Arabia,SA,SAU,470000,1877472000
23400,Al-Nassr,al-nassr,Al-Nassr,ALN,Saudi Arabia,SA,SAU,1118494,Saad Al-Nasser,Saad,Al-Nasser,saad-al-nasser,S. Al-Nasser,D,6,2001-01-08T00:00:00+00:00,172,69,Left,Saudi Arabia,SA,SAU,535000,1845936000
23400,Al-Nassr,al-nassr,Al-Nassr,ALN,Saudi Arabia,SA,SAU,1653551,Awad Aman,Awad Aman,,awad-aman,A. Aman,D,70,2005-01-16T00:00:00+00:00,170,65,Left,Saudi Arabia,SA,SAU,82000,1877472000
23400,Al-Nassr,al-nassr,Al-Nassr,ALN,Saudi Arabia,SA,SAU,923040,Nader Al Sharari,,,nader-abdullah-al-sharari,N. A. Sharari,D,4,1996-05-08T00:00:00+00:00,184,,Right,Saudi Arabia,SA,SAU,380000,1845936000
23400,Al-Nassr,al-nassr,Al-Nassr,ALN,Saudi Arabia,SA,SAU,1429249,Majed Qasheesh,Majed Qasheesh,,majed-qasheesh,M. Qasheesh,D,50,2001-12-04T00:00:00+00:00,169,,Left,Saudi Arabia,SA,SAU,250000,
23400,Al-Nassr,al-nassr,Al-Nassr,ALN,Saudi Arabia,SA,SAU,1923497,Asser Housawi,Asser,Housawi,asser-housawi,A. Housawi,D,58,2002-05-23T00:00:00+00:00,185,,Right,Saudi Arabia,SA,SAU,23000,
23400,Al-Nassr,al-nassr,Al-Nassr,ALN,Saudi Arabia,SA,SAU,1016104,Bento,,,bento,Bento,G,24,1999-06-10T00:00:00+00:00,190,,Right,Brazil,BR,BRA,7700000,1845936000
23400,Al-Nassr,al-nassr,Al-Nassr,ALN,Saudi Arabia,SA,SAU,1014518,Nawaf Al-Aqidi,,,nawaf-al-aqidi,N. Al-Aqidi,G,1,2000-05-10T00:00:00+00:00,188,,Right,Saudi Arabia,SA,SAU,700000,1845936000
23400,Al-Nassr,al-nassr,Al-Nassr,ALN,Saudi Arabia,SA,SAU,2111193,Abdulrahman Al-Otaibi,Abdulrahman Al-Otaibi,,abdulrahman-al-otaibi,A. Al-Otaibi,G,53,2008-02-04T00:00:00+00:00,186,,Right,Saudi Arabia,SA,SAU,,
56027,Al-Qadsiah,al-qadisiyah,Al-Qadsiah,QAD,Saudi Arabia,SA,SAU,843114,Julián Quiñones,Julian,Quinones,julian-quinones,J. Quiñones,F,33,1997-03-24T00:00:00+00:00,180,,Right,Mexico,MX,MEX,12900000,1877472000
56027,Al-Qadsiah,al-qadisiyah,Al-Qadsiah,QAD,Saudi Arabia,SA,SAU,914501,Mateo Retegui,,,mateo-retegui,M. Retegui,F,32,1999-04-29T00:00:00+00:00,186,,Right,Italy,IT,ITA,29000000,1845936000
56027,Al-Qadsiah,al-qadisiyah,Al-Qadsiah,QAD,Saudi Arabia,SA,SAU,1544537,Mahamadou Sangare,Mahamadou Sangaré,,mahamadou-sangare,M. Sangaré,F,71,2007-03-06T00:00:00+00:00,177,,Left,France,FR,FRA,,1877472000
56027,Al-Qadsiah,al-qadisiyah,Al-Qadsiah,QAD,Saudi Arabia,SA,SAU,1210554,Mohammed Hamad Al-Qahtani,,,alqahtani-mohammed-hamad,M. H. Alqahtani,F,15,2002-07-23T00:00:00+00:00,167,,Left,Saudi Arabia,SA,SAU,265000,1909008000
56027,Al-Qadsiah,al-qadisiyah,Al-Qadsiah,QAD,Saudi Arabia,SA,SAU,818674,Abdullah Al-Salem,,,abdullah-al-salem,A. Al-Salem,F,9,1992-12-19T00:00:00+00:00,183,72,Right,Saudi Arabia,SA,SAU,240000,1814313600
56027,Al-Qadsiah,al-qadisiyah,Al-Qadsiah,QAD,Saudi Arabia,SA,SAU,1118489,Haitham Asiri,Haitham,Asiri,haitham-asiri,H. Asiri,F,19,2001-07-01T00:00:00+00:00,173,,Right,Saudi Arabia,SA,SAU,190000,1845936000
56027,Al-Qadsiah,al-qadisiyah,Al-Qadsiah,QAD,Saudi Arabia,SA,SAU,2446702,Sultan Harun,Sultan Harun,,sultan-harun,S. Harun,F,77,2006-03-13T00:00:00+00:00,185,,Right,Sudan,SD,SDN,185000,1909008000
56027,Al-Qadsiah,al-qadisiyah,Al-Qadsiah,QAD,Saudi Arabia,SA,SAU,2031048,Anas Al-Ahmadi,Anas Al-Ahmadi,,anas-al-ahmadi,A. Al-Ahmadi,F,,2005-02-14T00:00:00+00:00,,,Right,Saudi Arabia,SA,SAU,26000,
56027,Al-Qadsiah,al-qadisiyah,Al-Qadsiah,QAD,Saudi Arabia,SA,SAU,893549,Tijjani Reijnders,,,tijjani-reijnders,T. Reijnders,M,14,1998-07-29T00:00:00+00:00,185,,Right,Netherlands,NL,NLD,48000000,
56027,Al-Qadsiah,al-qadisiyah,Al-Qadsiah,QAD,Saudi Arabia,SA,SAU,1477662,Christopher Baah,Christopher Baah,,christopher-baah,C. Baah,M,22,2004-12-14T00:00:00+00:00,172,,Left,Ghana,GH,GHA,12700000,1877472000
56027,Al-Qadsiah,al-qadisiyah,Al-Qadsiah,QAD,Saudi Arabia,SA,SAU,589620,Nahitan Nández,Nahitan,Nandez,nahitan-nandez,N. Nandez,M,8,1995-12-28T00:00:00+00:00,175,,Right,Uruguay,UY,URY,4400000,1814313600
56027,Al-Qadsiah,al-qadisiyah,Al-Qadsiah,QAD,Saudi Arabia,SA,SAU,1217926,Abdulmalik Al-Jaber,,,abdulmalik-al-jaber,A. Al-Jaber,M,18,2004-01-07T00:00:00+00:00,178,75,Right,Saudi Arabia,SA,SAU,825000,1814313600
56027,Al-Qadsiah,al-qadisiyah,Al-Qadsiah,QAD,Saudi Arabia,SA,SAU,1106234,Musab Al Juwayr,Musab Fahz Aljuwayr,,musab-fahd-aljuwayr,M. A. Juwayr,M,10,2003-06-20T00:00:00+00:00,178,,Right,Saudi Arabia,SA,SAU,6300000,1909008000
56027,Al-Qadsiah,al-qadisiyah,Al-Qadsiah,QAD,Saudi Arabia,SA,SAU,237068,Julian Weigl,Julian,Weigl,julian-weigl,J. Weigl,M,5,1995-09-08T00:00:00+00:00,186,72,Right,Germany,DE,DEU,4200000,1814313600
56027,Al-Qadsiah,al-qadisiyah,Al-Qadsiah,QAD,Saudi Arabia,SA,SAU,916176,Cameron Puertas,Cameron,Puertas,cameron-puertas,C. Puertas,M,88,1998-08-18T00:00:00+00:00,178,,Right,Spain,ES,ESP,6800000,1814313600
56027,Al-Qadsiah,al-qadisiyah,Al-Qadsiah,QAD,Saudi Arabia,SA,SAU,1804369,Mohammed Abu Al-Shamat,Mohammed Waheeb Abu Al-Shamat,,mohammed-waheeb-abu-al-shamat,M. A. Al-Shamat,M,2,2002-08-11T00:00:00+00:00,170,62,Right,Saudi Arabia,SA,SAU,1900000,1940544000
56027,Al-Qadsiah,al-qadisiyah,Al-Qadsiah,QAD,Saudi Arabia,SA,SAU,965177,Turki Alammar,Turki,Alammar,turki-alammar,T. Alammar,M,7,1999-09-23T00:00:00+00:00,170,68,Right,Saudi Arabia,SA,SAU,825000,1877472000
56027,Al-Qadsiah,al-qadisiyah,Al-Qadsiah,QAD,Saudi Arabia,SA,SAU,818699,Ali Hazazi,,,ali-hazazi,A. Hazazi,M,11,1994-02-18T00:00:00+00:00,185,,Right,Saudi Arabia,SA,SAU,370000,1814313600
56027,Al-Qadsiah,al-qadisiyah,Al-Qadsiah,QAD,Saudi Arabia,SA,SAU,2172397,Eyad Houssa,,,eyad-houssa,E. Houssa,M,27,2006-11-21T00:00:00+00:00,172,,,Saudi Arabia,SA,SAU,195000,
56027,Al-Qadsiah,al-qadisiyah,Al-Qadsiah,QAD,Saudi Arabia,SA,SAU,2449685,Ahmed Al Siyahi,Ahmed Al Siyahi,,ahmed-al-siyahi,A. A. Siyahi,M,35,2005-02-20T00:00:00+00:00,183,,Right,Saudi Arabia,SA,SAU,195000,1909008000
56027,Al-Qadsiah,al-qadisiyah,Al-Qadsiah,QAD,Saudi Arabia,SA,SAU,69404,Nacho Fernández,,,nacho-fernandez,N. Fernández,D,6,1990-01-18T00:00:00+00:00,180,,Right,Spain,ES,ESP,1600000,1814313600
56027,Al-Qadsiah,al-qadisiyah,Al-Qadsiah,QAD,Saudi Arabia,SA,SAU,160923,Yasser Al-Shahrani,Yasser,Al-Shahrani,yasser-al-shahrani,Y. Al-Shahrani,D,12,1992-05-25T00:00:00+00:00,171,,Right,Saudi Arabia,SA,SAU,520000,1814313600
56027,Al-Qadsiah,al-qadisiyah,Al-Qadsiah,QAD,Saudi Arabia,SA,SAU,980578,Gastón Álvarez,,,gaston-alvarez,G. Álvarez,D,17,2000-03-24T00:00:00+00:00,184,,Left,Uruguay,UY,URY,9300000,1845936000
56027,Al-Qadsiah,al-qadisiyah,Al-Qadsiah,QAD,Saudi Arabia,SA,SAU,1845169,Jehad Thakri,Jehad,Thakri,jehad-thakri,J. Thakri,D,4,2001-07-21T00:00:00+00:00,184,74,Right,Saudi Arabia,SA,SAU,1300000,1940544000
56027,Al-Qadsiah,al-qadisiyah,Al-Qadsiah,QAD,Saudi Arabia,SA,SAU,2430541,Ali Diabaté,Ali Diabaté,,ali-diabate,A. Diabaté,D,6,2006-12-05T00:00:00+00:00,190,,Left,Côte d'Ivoire,CI,CIV,1100000,1877472000
56027,Al-Qadsiah,al-qadisiyah,Al-Qadsiah,QAD,Saudi Arabia,SA,SAU,978400,Waleed Al-Ahmed,,,waleed-al-ahmed,W. Al-Ahmed,D,23,1999-05-03T00:00:00+00:00,189,,Right,Saudi Arabia,SA,SAU,1300000,
56027,Al-Qadsiah,al-qadisiyah,Al-Qadsiah,QAD,Saudi Arabia,SA,SAU,540426,Mohammed Qassim,Mohammed Qasem,Mohammed Qasem,mohammed-qasem,M. Qassim,D,24,1995-01-19T00:00:00+00:00,176,,Left,Saudi Arabia,SA,SAU,120000,1814313600
56027,Al-Qadsiah,al-qadisiyah,Al-Qadsiah,QAD,Saudi Arabia,SA,SAU,1486782,Carlos Jimenez,Carlos Jimenez,,jimenez-carlos,C. Jimenez,D,26,2006-07-23T00:00:00+00:00,196,80,Right,Spain,ES,ESP,24000,1877472000
56027,Al-Qadsiah,al-qadisiyah,Al-Qadsiah,QAD,Saudi Arabia,SA,SAU,70987,Koen Casteels,,,koen-casteels,K. Casteels,G,1,1992-06-25T00:00:00+00:00,197,86,Left,Belgium,BE,BEL,3200000,1814313600
56027,Al-Qadsiah,al-qadisiyah,Al-Qadsiah,QAD,Saudi Arabia,SA,SAU,818749,Ahmed Al-Kassar,,,ahmed-al-kassar,A. Al-Kassar,G,28,1991-05-08T00:00:00+00:00,187,70,Right,Saudi Arabia,SA,SAU,185000,1877472000
56027,Al-Qadsiah,al-qadisiyah,Al-Qadsiah,QAD,Saudi Arabia,SA,SAU,972698,Mshari Sanyoor,,,mshari-sanyoor,M. Sanyoor,G,50,2001-12-05T00:00:00+00:00,181,,Right,Saudi Arabia,SA,SAU,370000,1877472000
168088,Al-Riyadh,al-riyadh,Al-Riyadh,RIY,Saudi Arabia,SA,SAU,793761,Mamadou Sylla,Mamadou,Sylla,mamadou-sylla,M. Sylla,F,9,1994-03-20T00:00:00+00:00,184,80,Right,Senegal,SN,SEN,950000,
168088,Al-Riyadh,al-riyadh,Al-Riyadh,RIY,Saudi Arabia,SA,SAU,845793,Leandro Antunes,Leandro,Antunes,leandro-antunes,L. Antunes,F,77,1997-07-28T00:00:00+00:00,183,74,Right,Portugal,PT,PRT,1500000,
168088,Al-Riyadh,al-riyadh,Al-Riyadh,RIY,Saudi Arabia,SA,SAU,1643618,Hassan Al-Ali,Hassan Al-Ali,,hassan-al-ali,H. Al-Ali,F,11,2001-07-01T00:00:00+00:00,171,,Right,Saudi Arabia,SA,SAU,185000,1814313600
168088,Al-Riyadh,al-riyadh,Al-Riyadh,RIY,Saudi Arabia,SA,SAU,2158886,Luca Ramirez,Luca Ramirez,,luca-ramirez,L. Ramirez,F,32,2006-03-31T00:00:00+00:00,,,Right,Argentina,AR,ARG,52000,
168088,Al-Riyadh,al-riyadh,Al-Riyadh,RIY,Saudi Arabia,SA,SAU,2203119,Salman Matar,Salman Matar,,salman-matar,S. Matar,F,29,2005-09-06T00:00:00+00:00,,,,Saudi Arabia,SA,SAU,,
168088,Al-Riyadh,al-riyadh,Al-Riyadh,RIY,Saudi Arabia,SA,SAU,295361,Mahmoud Trézéguet,,,mahmoud-trezeguet,M. Trézéguet,M,7,1994-10-01T00:00:00+00:00,181,65,Right,Egypt,EG,EGY,4099999,1845936000
168088,Al-Riyadh,al-riyadh,Al-Riyadh,RIY,Saudi Arabia,SA,SAU,321625,Victor Lekhal,Victor,Lekhal,victor-lekhal,V. Lekhal,M,22,1994-02-27T00:00:00+00:00,187,,Right,Algeria,DZ,DZA,740000,
168088,Al-Riyadh,al-riyadh,Al-Riyadh,RIY,Saudi Arabia,SA,SAU,878821,Teddy Okou,,,teddy-okou,T. Okou,M,10,1998-05-15T00:00:00+00:00,165,,Left,France,FR,FRA,915000,
168088,Al-Riyadh,al-riyadh,Al-Riyadh,RIY,Saudi Arabia,SA,SAU,546220,Bernard Mensah,,,bernard-mensah,B. Mensah,M,43,1994-10-17T00:00:00+00:00,180,73,Right,Ghana,GH,GHA,1700000,1845936000
168088,Al-Riyadh,al-riyadh,Al-Riyadh,RIY,Saudi Arabia,SA,SAU,991653,Kader Keïta,,,kader-keita,K. Keïta,M,6,2000-11-06T00:00:00+00:00,178,,Right,Côte d'Ivoire,CI,CIV,1500000,
168088,Al-Riyadh,al-riyadh,Al-Riyadh,RIY,Saudi Arabia,SA,SAU,196396,Yahya Al Shehri,Yahya,Al Shehri,yahya-al-shehri,Y. Al Shehri,M,88,1990-06-26T00:00:00+00:00,164,60,Left,Saudi Arabia,SA,SAU,73000,
168088,Al-Riyadh,al-riyadh,Al-Riyadh,RIY,Saudi Arabia,SA,SAU,1084266,Saud Zidan,Saud Zidan,,saud-zidan,S. Zidan,M,14,1999-11-06T00:00:00+00:00,167,,Right,Saudi Arabia,SA,SAU,120000,
168088,Al-Riyadh,al-riyadh,Al-Riyadh,RIY,Saudi Arabia,SA,SAU,1943268,Hussain Al-Shurafa,Hussain Al-Shurafa,,hussain-al-shurafaa,H. Al-Shurafa,M,19,2001-12-25T00:00:00+00:00,174,,Right,Saudi Arabia,SA,SAU,165000,1877472000
168088,Al-Riyadh,al-riyadh,Al-Riyadh,RIY,Saudi Arabia,SA,SAU,1924291,Hussain Al-Raqwani,,,hussain-al-raqwani,H. Al-Raqwani,M,17,2005-09-27T00:00:00+00:00,172,57,Left,Saudi Arabia,SA,SAU,73000,
168088,Al-Riyadh,al-riyadh,Al-Riyadh,RIY,Saudi Arabia,SA,SAU,1942895,Fahad Al Jayzani,Fahad Al Jayzani,,fahad-al-jayzani,F. A. Jayzani,M,79,2004-02-04T00:00:00+00:00,,,,Saudi Arabia,SA,SAU,220000,1845936000
168088,Al-Riyadh,al-riyadh,Al-Riyadh,RIY,Saudi Arabia,SA,SAU,1914789,Faisal Al-Sobhi,Faisal Al-Sobhi,,faisal-al-sobhi,F. Al-Sobhi,M,16,1999-05-22T00:00:00+00:00,187,,Right,Saudi Arabia,SA,SAU,80000,
168088,Al-Riyadh,al-riyadh,Al-Riyadh,RIY,Saudi Arabia,SA,SAU,1017097,Saud Zidan,Saud,Zidan,saud-zidan,S. Zidan,M,6,,,,,,,,,
168088,Al-Riyadh,al-riyadh,Al-Riyadh,RIY,Saudi Arabia,SA,SAU,2726329,Cheikh Fall,,,fall-cheikh,C. Fall,M,96,,,,,,,,,
168088,Al-Riyadh,al-riyadh,Al-Riyadh,RIY,Saudi Arabia,SA,SAU,846416,Rodrigo Abascal,Rodrigo,Abascal,rodrigo-abascal,R. Abascal,D,26,1994-01-14T00:00:00+00:00,190,77,Left,Uruguay,UY,URY,380000,
168088,Al-Riyadh,al-riyadh,Al-Riyadh,RIY,Saudi Arabia,SA,SAU,1048753,Mohammed Al-Khaibari,Mohammed Al-Khaibari,,mohammed-alkhaibari,M. Al-Khaibari,D,67,2002-04-18T00:00:00+00:00,184,,Right,Saudi Arabia,SA,SAU,270000,1845936000
168088,Al-Riyadh,al-riyadh,Al-Riyadh,RIY,Saudi Arabia,SA,SAU,1102741,Sulaiman Hahya Hazazi,Hazazi Yahya,,hazazi-yahya,S. H. Hazazi,D,12,2003-02-01T00:00:00+00:00,178,,Left,Saudi Arabia,SA,SAU,180000,1845936000
168088,Al-Riyadh,al-riyadh,Al-Riyadh,RIY,Saudi Arabia,SA,SAU,1797647,Awad Abdu Dahal,Awad Abdu Dahal,,awad-abdu-dahal,A. A. Dahal,D,12,2005-02-23T00:00:00+00:00,180,,Right,Saudi Arabia,SA,SAU,165000,1845936000
168088,Al-Riyadh,al-riyadh,Al-Riyadh,RIY,Saudi Arabia,SA,SAU,948595,Hussain Qasim,,,hussain-qasim,H. Qasim,D,13,1997-09-21T00:00:00+00:00,179,70,Left,Saudi Arabia,SA,SAU,155000,
168088,Al-Riyadh,al-riyadh,Al-Riyadh,RIY,Saudi Arabia,SA,SAU,1015199,Abdullah Hassoun Tarmin,,,abdullah-hassoun-tarmin,A. H. Tarmin,D,17,1997-03-19T00:00:00+00:00,177,65,Right,Saudi Arabia,SA,SAU,94000,
168088,Al-Riyadh,al-riyadh,Al-Riyadh,RIY,Saudi Arabia,SA,SAU,1804597,Sultan Alessa,Sultan Alessa,,sultan-alessa,S. Alessa,D,2,2005-06-30T00:00:00+00:00,170,,Right,Saudi Arabia,SA,SAU,72000,
168088,Al-Riyadh,al-riyadh,Al-Riyadh,RIY,Saudi Arabia,SA,SAU,1914902,Osama Al-Boardi,Osama Al-Boardi,,osama-al-boardi,O. Al-Boardi,D,13,1999-04-09T00:00:00+00:00,166,,Right,Saudi Arabia,SA,SAU,220000,1814313600
168088,Al-Riyadh,al-riyadh,Al-Riyadh,RIY,Saudi Arabia,SA,SAU,1550062,Essam Bahri,,,essam-bahri,E. Bahri,D,14,2005-04-18T00:00:00+00:00,169,55,,Saudi Arabia,SA,SAU,70000,
168088,Al-Riyadh,al-riyadh,Al-Riyadh,RIY,Saudi Arabia,SA,SAU,1542649,Hussam Majrashi,Hussam  Majrashi,,hossam-majrashi,H. Majrashi,D,5,2003-11-03T00:00:00+00:00,175,62,,Saudi Arabia,SA,SAU,155000,1877472000
168088,Al-Riyadh,al-riyadh,Al-Riyadh,RIY,Saudi Arabia,SA,SAU,2272916,Yasser Al-Mousa,,,yasser-al-mousa,Y. Al-Mousa,D,23,2002-12-10T00:00:00+00:00,170,70,Left,Saudi Arabia,SA,SAU,73000,1814313600
168088,Al-Riyadh,al-riyadh,Al-Riyadh,RIY,Saudi Arabia,SA,SAU,79413,Milan Borjan,,,milan-borjan,M. Borjan,G,82,1987-10-23T00:00:00+00:00,193,83,Right,Canada,CA,CAN,275000,1814313600
168088,Al-Riyadh,al-riyadh,Al-Riyadh,RIY,Saudi Arabia,SA,SAU,2042141,Emad Al-Feda,Emad Al-Feda,,emad-al-feda,E. Al-Feda,G,97,1997-06-19T00:00:00+00:00,181,,,Saudi Arabia,SA,SAU,,
168088,Al-Riyadh,al-riyadh,Al-Riyadh,RIY,Saudi Arabia,SA,SAU,982349,Abdulrahman Al Shammari,Abdulrahman,Al Shammari,abdulrahman-al-shammari,A. Al Shammari,G,22,2000-07-09T00:00:00+00:00,178,,Right,Saudi Arabia,SA,SAU,105000,
168088,Al-Riyadh,al-riyadh,Al-Riyadh,RIY,Saudi Arabia,SA,SAU,2726333,Abdul-Ilah Al-Tale',,,al-tale-abdul-ilah,A. Al-Tale',,24,,,,,Saudi Arabia,SA,SAU,,
34313,Al-Shabab,al-shabab,Al-Shabab,SHA,Saudi Arabia,SA,SAU,344243,Roger Martínez,,,roger-martinez,R. Martínez,F,9,1994-06-23T00:00:00+00:00,180,83,Right,Colombia,CO,COL,1600000,1814313600
34313,Al-Shabab,al-shabab,Al-Shabab,SHA,Saudi Arabia,SA,SAU,1483340,Ricardo Mathias,Ricardo Mathias,,ricardo-mathias,R. Mathias,F,77,2006-07-25T00:00:00+00:00,192,86,Right,Brazil,BR,BRA,7100000,1814313600
34313,Al-Shabab,al-shabab,Al-Shabab,SHA,Saudi Arabia,SA,SAU,872275,Abdulrahman Alobud,,,abdulrahman-alobud,A. Alobud,F,24,1995-06-01T00:00:00+00:00,174,,Right,Saudi Arabia,SA,SAU,750000,
34313,Al-Shabab,al-shabab,Al-Shabab,SHA,Saudi Arabia,SA,SAU,1836904,Hammam Al-Hammami,Hammam Al-Hammami,,al-hammami-hammam,H. Al-Hammami,F,22,2004-01-30T00:00:00+00:00,169,,Right,Saudi Arabia,SA,SAU,450000,1814313600
34313,Al-Shabab,al-shabab,Al-Shabab,SHA,Saudi Arabia,SA,SAU,1517639,Mourad Khodari,,,murad-khadhari,M. Khodari,F,10,2003-03-12T00:00:00+00:00,171,67,Left,Saudi Arabia,SA,SAU,91000,1845936000
34313,Al-Shabab,al-shabab,Al-Shabab,SHA,Saudi Arabia,SA,SAU,1847479,Majed Abdullah,,,majed-abdullah,M. Abdullah,F,19,2006-02-13T00:00:00+00:00,186,,Right,Saudi Arabia,SA,SAU,145000,1816387200
34313,Al-Shabab,al-shabab,Al-Shabab,SHA,Saudi Arabia,SA,SAU,2031044,Abdullah Matuq,Abdullah Matuq,,abdullah-matuq,A. Matuq,F,37,2003-04-02T00:00:00+00:00,172,,Right,Saudi Arabia,SA,SAU,140000,1845936000
34313,Al-Shabab,al-shabab,Al-Shabab,SHA,Saudi Arabia,SA,SAU,1895562,Hamad Al-Khorayef,Hamad Al-Khorayef,,hamad-al-khorayef,H. Al-Khorayef,F,99,2005-11-25T00:00:00+00:00,,,,Saudi Arabia,SA,SAU,,
34313,Al-Shabab,al-shabab,Al-Shabab,SHA,Saudi Arabia,SA,SAU,316148,Thomas Partey,Thomas,Partey,thomas-partey,T. Partey,M,18,1993-06-13T00:00:00+00:00,185,76,Right,Ghana,GH,GHA,1900000,1814313600
34313,Al-Shabab,al-shabab,Al-Shabab,SHA,Saudi Arabia,SA,SAU,182001,Yannick Carrasco,Yannick,Carrasco,yannick-carrasco,Y. Carrasco,M,10,1993-09-04T00:00:00+00:00,180,73,Right,Belgium,BE,BEL,4800000,1814313600
34313,Al-Shabab,al-shabab,Al-Shabab,SHA,Saudi Arabia,SA,SAU,859024,Yacine Adli,Yacine,Adli,yacine-adli,Y. Adli,M,29,2000-07-29T00:00:00+00:00,187,,Right,France,FR,FRA,7700000,1845936000
34313,Al-Shabab,al-shabab,Al-Shabab,SHA,Saudi Arabia,SA,SAU,308764,Daniel Podence,Daniel,Podence,daniel-podence,D. Podence,M,11,1995-10-21T00:00:00+00:00,165,58,Right,Portugal,PT,PRT,4099999,
34313,Al-Shabab,al-shabab,Al-Shabab,SHA,Saudi Arabia,SA,SAU,358394,Josh Brownhill,Josh,Brownhill,josh-brownhill,J. Brownhill,M,8,1995-12-19T00:00:00+00:00,179,69,Right,England,EN,ENG,7200000,1814313600
34313,Al-Shabab,al-shabab,Al-Shabab,SHA,Saudi Arabia,SA,SAU,1048371,Awad Al-Nashri,Awad Al Nashri,,awad-al-nashri,A. Al-Nashri,M,6,2002-03-15T00:00:00+00:00,176,,Right,Saudi Arabia,SA,SAU,270000,1845936000
34313,Al-Shabab,al-shabab,Al-Shabab,SHA,Saudi Arabia,SA,SAU,1935115,Abdulaziz Hadhood,Abdulaziz Hadhood,,abdulaziz-hadhood,A. Hadhood,M,74,2005-03-10T00:00:00+00:00,165,,Right,Saudi Arabia,SA,SAU,,1877472000
34313,Al-Shabab,al-shabab,Al-Shabab,SHA,Saudi Arabia,SA,SAU,881838,Ali Al Asmari,Ali,Al Asmari,ali-al-asmari,A. Al Asmari,M,40,1997-01-12T00:00:00+00:00,185,70,Right,Saudi Arabia,SA,SAU,305000,1814313600
34313,Al-Shabab,al-shabab,Al-Shabab,SHA,Saudi Arabia,SA,SAU,1138857,Ali Al-Bulaihi,Ali,Al-Bulaihi,ali-al-bulaihi,A. Al-Bulaihi,D,,1989-11-21T00:00:00+00:00,182,80,Left,Saudi Arabia,SA,SAU,240000,1814313600
34313,Al-Shabab,al-shabab,Al-Shabab,SHA,Saudi Arabia,SA,SAU,190421,Tin Jedvaj,Tin,Jedvaj,tin-jedvaj,T. Jedvaj,D,4,1995-11-28T00:00:00+00:00,184,,Right,Croatia,HR,HRV,1900000,1814313600
34313,Al-Shabab,al-shabab,Al-Shabab,SHA,Saudi Arabia,SA,SAU,1839317,Mamadou Barry,Mamadou Barry,,mamadou-barry,M. Barry,D,3,2005-03-20T00:00:00+00:00,195,,Right,Senegal,SN,SEN,1100000,1814313600
34313,Al-Shabab,al-shabab,Al-Shabab,SHA,Saudi Arabia,SA,SAU,954643,Mohammed Al-Thani,,,mohammed-al-thain,M. Al-Thani,D,17,1997-02-10T00:00:00+00:00,174,,Left,Saudi Arabia,SA,SAU,890000,1845936000
34313,Al-Shabab,al-shabab,Al-Shabab,SHA,Saudi Arabia,SA,SAU,1519331,Mohammed Al Shwirekh,Mohammed Al Shwirekh,,mohammed-al-shwirekh,M. A. Shwirekh,D,2,1998-01-01T00:00:00+00:00,179,,Right,Saudi Arabia,SA,SAU,485000,1814313600
34313,Al-Shabab,al-shabab,Al-Shabab,SHA,Saudi Arabia,SA,SAU,1464578,Lazar Stojanović,,,lazar-stojanovic,L. Stojanović,D,15,2005-04-22T00:00:00+00:00,187,,Right,Serbia,RS,SRB,640000,1814313600
34313,Al-Shabab,al-shabab,Al-Shabab,SHA,Saudi Arabia,SA,SAU,1201501,Mohammed Essa Harbush,Mohammed Essa Harbush,,mohammed-essa-harbush,M. E. Harbush,D,38,2003-04-24T00:00:00+00:00,170,,Right,Saudi Arabia,SA,SAU,160000,
34313,Al-Shabab,al-shabab,Al-Shabab,SHA,Saudi Arabia,SA,SAU,1127819,Abdullah Al-Hawsawi,Abdullah Al-Hawsawi,,abdullah-al-hawsawi,A. Al-Hawsawi,D,24,1996-02-01T00:00:00+00:00,176,76,Right,Saudi Arabia,SA,SAU,145000,1814313600
34313,Al-Shabab,al-shabab,Al-Shabab,SHA,Saudi Arabia,SA,SAU,1399144,Ali Makki,Ali Makki,,ali-makki,A. Makki,D,5,1999-04-20T00:00:00+00:00,174,,Right,Saudi Arabia,SA,SAU,170000,1845936000
34313,Al-Shabab,al-shabab,Al-Shabab,SHA,Saudi Arabia,SA,SAU,1633369,Dhari Sayyar Al-Anazi,Dhari Sayyar,Al-Anazi,dhari-sayyar-al-anazi,D. Al-Anazi,D,21,2000-05-06T00:00:00+00:00,168,,Left,Saudi Arabia,SA,SAU,270000,1845936000
34313,Al-Shabab,al-shabab,Al-Shabab,SHA,Saudi Arabia,SA,SAU,2234431,Sultan Al Anzi,Sultan,,sultan,Sultan,D,34,2003-08-07T00:00:00+00:00,175,,Left,Saudi Arabia,SA,SAU,52000,1845936000
34313,Al-Shabab,al-shabab,Al-Shabab,SHA,Saudi Arabia,SA,SAU,580226,Mory Diaw,Mory,Diaw,mory-diaw,M. Diaw,G,1,1993-06-22T00:00:00+00:00,197,95,Both,Senegal,SN,SEN,950000,
34313,Al-Shabab,al-shabab,Al-Shabab,SHA,Saudi Arabia,SA,SAU,1018709,Mohammed Al-Mahasneh,,,mohammed-al-mahasneh,M. Al-Mahasneh,G,33,1997-04-28T00:00:00+00:00,180,,Right,Saudi Arabia,SA,SAU,140000,
34313,Al-Shabab,al-shabab,Al-Shabab,SHA,Saudi Arabia,SA,SAU,1862587,Abdulaziz Al-Awairdhi,Abdulaziz Al-Awairdhi,,abdulaziz-al-awairdhi,A. Al-Awairdhi,G,23,2002-04-05T00:00:00+00:00,182,,Left,Saudi Arabia,SA,SAU,110000,
34313,Al-Shabab,al-shabab,Al-Shabab,SHA,Saudi Arabia,SA,SAU,2692574,Muqrin Abanumay,Muqrin Abanumay,,muqrin-abanumay,M. Abanumay,,66,,,,,Saudi Arabia,SA,SAU,,
34313,Al-Shabab,al-shabab,Al-Shabab,SHA,Saudi Arabia,SA,SAU,2726330,Y Al-Mehallel,,,al-mehallel-y,Y Al-Mehallel,,98,,,,,,,,,
56021,Al-Taawoun,al-taawoun,Al-Taawoun,ALT,Saudi Arabia,SA,SAU,826961,Abderazak Hamdallah,Abderazak,Hamdallah,abderazak-hamdallah,A. Hamdallah,F,9,1990-12-17T00:00:00+00:00,182,80,Right,Morocco,MA,MAR,1000000,1814313600
56021,Al-Taawoun,al-taawoun,Al-Taawoun,ALT,Saudi Arabia,SA,SAU,2169554,Younes El Bahraoui,Younes,El Bahraoui,younes-el-bahraoui,Y. E. Bahraoui,F,47,2005-01-03T00:00:00+00:00,180,,Right,Morocco,MA,MAR,580000,1877472000
56021,Al-Taawoun,al-taawoun,Al-Taawoun,ALT,Saudi Arabia,SA,SAU,1548483,Saif Rashad Mohamed,Saif Rashad Mohamed,,saif-rashad-mohamed,S. R. Mohamed,F,14,2004-10-31T00:00:00+00:00,,,Right,Saudi Arabia,SA,SAU,165000,1877472000
56021,Al-Taawoun,al-taawoun,Al-Taawoun,ALT,Saudi Arabia,SA,SAU,847233,Mohammed Al-Kuwaykibi,,,mohammed-al-kuwaykibi,M. Al-Kuwaykibi,F,7,1994-12-02T00:00:00+00:00,168,59,Left,Saudi Arabia,SA,SAU,435000,1814313600
56021,Al-Taawoun,al-taawoun,Al-Taawoun,ALT,Saudi Arabia,SA,SAU,1927664,Bassem Al-Arini,Bassem Al-Arini,,bassem-al-arini,B. Al-Arini,F,20,2004-01-18T00:00:00+00:00,,,Right,Saudi Arabia,SA,SAU,105000,1845936000
56021,Al-Taawoun,al-taawoun,Al-Taawoun,ALT,Saudi Arabia,SA,SAU,1030459,Parfait Guiagon,,,parfait-guiagon,P. Guiagon,M,8,2001-02-22T00:00:00+00:00,169,,Right,Côte d'Ivoire,CI,CIV,4500000,1877472000
56021,Al-Taawoun,al-taawoun,Al-Taawoun,ALT,Saudi Arabia,SA,SAU,825861,Nedim Bajrami,Nedim,Bajrami,nedim-bajrami,N. Bajrami,M,10,1999-02-28T00:00:00+00:00,179,68,Right,Albania,AL,ALB,2400000,1814313600
56021,Al-Taawoun,al-taawoun,Al-Taawoun,ALT,Saudi Arabia,SA,SAU,845721,Oscar Dorley,Oscar,Dorley,oscar-dorley,O. Dorley,M,19,1998-07-19T00:00:00+00:00,172,65,Left,Liberia,LR,LBR,6200000,1845936000
56021,Al-Taawoun,al-taawoun,Al-Taawoun,ALT,Saudi Arabia,SA,SAU,788348,Ashraf El Mahdioui,Ashraf,El Mahdioui,ashraf-el-mahdioui,A. El Mahdioui,M,18,1996-05-24T00:00:00+00:00,183,75,Right,Morocco,MA,MAR,3300000,1845936000
56021,Al-Taawoun,al-taawoun,Al-Taawoun,ALT,Saudi Arabia,SA,SAU,985186,Marin Petkov,Marin,Petkov,marin-petkov,M. Petkov,M,88,2003-10-02T00:00:00+00:00,178,,Left,Bulgaria,BG,BGR,3100000,1845936000
56021,Al-Taawoun,al-taawoun,Al-Taawoun,ALT,Saudi Arabia,SA,SAU,1862895,Rakan Al-Tulayhi,Rakan Al-Tulayhi,,rakan-al-tulayhi,R. Al-Tulayhi,M,23,2002-11-20T00:00:00+00:00,173,,Left,Saudi Arabia,SA,SAU,170000,
56021,Al-Taawoun,al-taawoun,Al-Taawoun,ALT,Saudi Arabia,SA,SAU,1547371,Faris Al Ghamdi,Faris Al Ghamdi,,faris-al-ghamdi,F. A. Ghamdi,M,6,2003-07-05T00:00:00+00:00,,,Right,Saudi Arabia,SA,SAU,240000,
56021,Al-Taawoun,al-taawoun,Al-Taawoun,ALT,Saudi Arabia,SA,SAU,966289,Ibrahim Mahnashi,Ibrahim,Mohannashi,ibrahim-mohannashi,I. Mahnashi,M,40,1999-11-18T00:00:00+00:00,171,,Right,Saudi Arabia,SA,SAU,320000,
56021,Al-Taawoun,al-taawoun,Al-Taawoun,ALT,Saudi Arabia,SA,SAU,1127133,Mohammed Al Aqal,Mohammed Al Aqal,,mohammed-al-aqal,M. A. Aqal,M,17,2000-02-07T00:00:00+00:00,182,,Right,Saudi Arabia,SA,SAU,96000,
56021,Al-Taawoun,al-taawoun,Al-Taawoun,ALT,Saudi Arabia,SA,SAU,1941480,Mohammed Al Saedi,Mohammed Al Saedi,,mohammed-al-saedi,M. A. Saedi,M,45,2005-11-17T00:00:00+00:00,,,Right,Saudi Arabia,SA,SAU,24000,1877472000
56021,Al-Taawoun,al-taawoun,Al-Taawoun,ALT,Saudi Arabia,SA,SAU,1018822,Zineddine Belaid,,,zineddine-belaid,Z. Belaid,D,5,1999-03-20T00:00:00+00:00,187,,Right,Algeria,DZ,DZA,1600000,1877472000
56021,Al-Taawoun,al-taawoun,Al-Taawoun,ALT,Saudi Arabia,SA,SAU,1085357,Bassam Al-Hurayji,Mohammed Bassam Alhurayji,,bassam-al-hurayji,B. Al-Hurayji,D,6,2000-03-29T00:00:00+00:00,175,60,Right,Saudi Arabia,SA,SAU,330000,1845936000
56021,Al-Taawoun,al-taawoun,Al-Taawoun,ALT,Saudi Arabia,SA,SAU,847379,Muteb Al-Mufarrij,,,muteb-almufarrij,M. Al-Mufarrij,D,32,1996-08-19T00:00:00+00:00,181,,Left,Saudi Arabia,SA,SAU,430000,1877472000
56021,Al-Taawoun,al-taawoun,Al-Taawoun,ALT,Saudi Arabia,SA,SAU,1470459,Jair Collahuazo,Jair Collahuazo,,jair-collahuazo,J. Collahuazo,D,55,2006-01-21T00:00:00+00:00,188,,Left,Ecuador,EC,ECU,235000,1814313600
56021,Al-Taawoun,al-taawoun,Al-Taawoun,ALT,Saudi Arabia,SA,SAU,1927680,Moustapha Sémbène,Moustapha Sémbène,,moustapha-sembene,M. Sémbène,D,24,1998-06-22T00:00:00+00:00,,,Right,Senegal,SN,SEN,135000,
56021,Al-Taawoun,al-taawoun,Al-Taawoun,ALT,Saudi Arabia,SA,SAU,881830,Awn Al-Saluli,Awn,Al-Saluli,awn-al-saluli,A. Al-Saluli,D,93,1998-09-02T00:00:00+00:00,194,,Right,Saudi Arabia,SA,SAU,215000,1814313600
56021,Al-Taawoun,al-taawoun,Al-Taawoun,ALT,Saudi Arabia,SA,SAU,1549093,Nasser Al Haleel,Nasser Al Haleel,,nasser-al-haleel,N. A. Haleel,D,4,2000-02-06T00:00:00+00:00,182,,Right,Saudi Arabia,SA,SAU,135000,
56021,Al-Taawoun,al-taawoun,Al-Taawoun,ALT,Saudi Arabia,SA,SAU,1874681,Abdulrahman Hendi,Abdulrahman Hendi,,abdulrahman-hendi,A. Hendi,D,70,2003-04-28T00:00:00+00:00,178,,Right,Saudi Arabia,SA,SAU,300000,1877472000
56021,Al-Taawoun,al-taawoun,Al-Taawoun,ALT,Saudi Arabia,SA,SAU,1942368,Adeeb Al Hassan,Adeeb Al Hassan,,adeeb-al-hassan,A. A. Hassan,D,27,2004-11-15T00:00:00+00:00,,,,Saudi Arabia,SA,SAU,,1877472000
56021,Al-Taawoun,al-taawoun,Al-Taawoun,ALT,Saudi Arabia,SA,SAU,883367,Mailson,,,mailson,Mailson,G,1,1996-08-20T00:00:00+00:00,198,,Right,Brazil,BR,BRA,3500000,1845936000
56021,Al-Taawoun,al-taawoun,Al-Taawoun,ALT,Saudi Arabia,SA,SAU,818618,Abdullah Al-Jadani,,,abdullah-al-jadani,A. Al-Jadani,G,30,1991-10-06T00:00:00+00:00,183,,Right,Saudi Arabia,SA,SAU,52000,1845936000
56021,Al-Taawoun,al-taawoun,Al-Taawoun,ALT,Saudi Arabia,SA,SAU,1935203,Abdulrahman Al-Ghamdi,Abdul Rahman Al Ghamdi,,abdul-rahman-al-ghamdi,A. Al-Ghamdi,G,39,2006-02-13T00:00:00+00:00,184,,Right,Saudi Arabia,SA,SAU,135000,1877472000
56021,Al-Taawoun,al-taawoun,Al-Taawoun,ALT,Saudi Arabia,SA,SAU,948125,Abdullah Al Jadaani,,,abdullah-al-jadaani,A. A. Jadaani,G,30,1991-03-06T00:00:00+00:00,180,70,,Saudi Arabia,SA,SAU,,
853574,Diriyah,al-diraiyah,Diriyah,DIR,Saudi Arabia,SA,SAU,924871,Darwin Núñez,Darwin,Nunez,darwin-nunez,D. Núñez,F,29,1999-06-24T00:00:00+00:00,188,78,Right,Uruguay,UY,URY,18200000,1814313600
853574,Diriyah,al-diraiyah,Diriyah,DIR,Saudi Arabia,SA,SAU,149730,Gaëtan Laborde,,,gaetan-laborde,G. Laborde,F,9,1994-05-03T00:00:00+00:00,181,79,Left,France,FR,FRA,3100000,1845936000
853574,Diriyah,al-diraiyah,Diriyah,DIR,Saudi Arabia,SA,SAU,1474690,Meshari Fahad Al-Nemer,,,meshari-fahad-al-nemer,M. F. Al-Nemer,F,75,2003-08-05T00:00:00+00:00,180,,Right,Saudi Arabia,SA,SAU,145000,1845936000
853574,Diriyah,al-diraiyah,Diriyah,DIR,Saudi Arabia,SA,SAU,803052,Hattan Bahebri,Hattan,Bahebri,hattan-bahebri,H. Bahebri,F,11,1992-07-16T00:00:00+00:00,168,63,Right,Saudi Arabia,SA,SAU,330000,
853574,Diriyah,al-diraiyah,Diriyah,DIR,Saudi Arabia,SA,SAU,106337,Idrissa Gana Gueye,Idrissa Gana,Gueye,idrissa-gana-gueye,I. Gueye,M,5,1989-09-26T00:00:00+00:00,174,66,Right,Senegal,SN,SEN,485000,1814313600
853574,Diriyah,al-diraiyah,Diriyah,DIR,Saudi Arabia,SA,SAU,1094482,Adil Boulbina,Adil Boulbina,,adil-boulbina,A. Boulbina,M,10,2003-05-02T00:00:00+00:00,183,,Right,Algeria,DZ,DZA,3100000,1877472000
853574,Diriyah,al-diraiyah,Diriyah,DIR,Saudi Arabia,SA,SAU,957889,Enzo Millot,Enzo,Millot,enzo-millot,E. Millot,M,20,2002-07-17T00:00:00+00:00,175,,Left,France,FR,FRA,23000000,1814313600
853574,Diriyah,al-diraiyah,Diriyah,DIR,Saudi Arabia,SA,SAU,342909,Georges-Kévin N'Koudou,,,georges-kevin-nkoudou,G. N'Koudou,M,7,1995-02-13T00:00:00+00:00,172,73,Right,Cameroon,CM,CMR,2700000,1845936000
853574,Diriyah,al-diraiyah,Diriyah,DIR,Saudi Arabia,SA,SAU,794948,Óscar Rodríguez,,,oscar-rodriguez,Ó. Rodríguez,M,14,1998-06-28T00:00:00+00:00,174,68,Right,Spain,ES,ESP,1600000,
853574,Diriyah,al-diraiyah,Diriyah,DIR,Saudi Arabia,SA,SAU,1597194,Clayton Diandy,Clayton,Diandy,clayton-diandy,C. Diandy,M,17,2006-07-29T00:00:00+00:00,174,70,Right,Senegal,SN,SEN,945000,
853574,Diriyah,al-diraiyah,Diriyah,DIR,Saudi Arabia,SA,SAU,818840,Abdulelah Al-Malki,,,abdulelah-al-malki,A. Al-Malki,M,88,1994-10-11T00:00:00+00:00,170,65,Right,Saudi Arabia,SA,SAU,360000,1814313600
853574,Diriyah,al-diraiyah,Diriyah,DIR,Saudi Arabia,SA,SAU,1632967,Abdullah Zaid,Abdullah,Zaid,abdullah-zaid,A. Zaid,M,32,2004-01-08T00:00:00+00:00,170,,Right,Saudi Arabia,SA,SAU,120000,1814313600
853574,Diriyah,al-diraiyah,Diriyah,DIR,Saudi Arabia,SA,SAU,908619,Sultan Farhan,,,sultan-farhan,S. Farhan,M,6,1996-09-25T00:00:00+00:00,180,,Right,Saudi Arabia,SA,SAU,190000,
853574,Diriyah,al-diraiyah,Diriyah,DIR,Saudi Arabia,SA,SAU,893218,Husain Al-Qahtani,,,husain-al-monassar,H. Al-Qahtani,M,52,1994-12-20T00:00:00+00:00,177,73,Right,Saudi Arabia,SA,SAU,310000,
853574,Diriyah,al-diraiyah,Diriyah,DIR,Saudi Arabia,SA,SAU,1549113,Ziyad Al Qahtani,Ziyad Al Qahtani,,ziyad-al-qahtani,Z. A. Qahtani,M,8,1995-11-13T00:00:00+00:00,183,,Right,Saudi Arabia,SA,SAU,265000,
853574,Diriyah,al-diraiyah,Diriyah,DIR,Saudi Arabia,SA,SAU,889198,Sultan Saad Bin Jamal,,,sultan-saad-bin-jamal,S. S. B. Jamal,M,6,1996-09-25T00:00:00+00:00,,,,Saudi Arabia,SA,SAU,,
853574,Diriyah,al-diraiyah,Diriyah,DIR,Saudi Arabia,SA,SAU,238612,Chancel Mbemba,Chancel,Mbemba,chancel-mbemba,C. Mbemba,D,99,1994-08-08T00:00:00+00:00,182,82,Right,DR Congo,CD,COD,1800000,
853574,Diriyah,al-diraiyah,Diriyah,DIR,Saudi Arabia,SA,SAU,151003,Berat Djimsiti,Berat,Djimsiti,berat-djimsiti,B. Djimsiti,D,19,1993-02-19T00:00:00+00:00,190,83,Right,Albania,AL,ALB,4300000,1845936000
853574,Diriyah,al-diraiyah,Diriyah,DIR,Saudi Arabia,SA,SAU,238408,Omar Colley,,,omar-colley,O. Colley,D,15,1992-10-23T00:00:00+00:00,190,80,Both,Gambia,GM,GMB,1300000,1814313600
853574,Diriyah,al-diraiyah,Diriyah,DIR,Saudi Arabia,SA,SAU,1217915,Abdulaziz Al-Faraj,,,al-faraj-abdulaziz,A. Al-Faraj,D,2,2003-06-23T00:00:00+00:00,172,,Right,Saudi Arabia,SA,SAU,235000,
853574,Diriyah,al-diraiyah,Diriyah,DIR,Saudi Arabia,SA,SAU,818668,Qasim Lajami,,,qasim-al-oujami,Q. Lajami,D,87,1996-04-25T00:00:00+00:00,178,,Right,Saudi Arabia,SA,SAU,320000,
853574,Diriyah,al-diraiyah,Diriyah,DIR,Saudi Arabia,SA,SAU,1152012,Hussain Al-Sebyani,Hussain Alsebyani,,hussain-alsebyani,H. Alsebyani,D,16,2001-06-24T00:00:00+00:00,168,60,Left,Saudi Arabia,SA,SAU,210000,1877472000
853574,Diriyah,al-diraiyah,Diriyah,DIR,Saudi Arabia,SA,SAU,1473395,Khalid Al-Asiri,Khalid Al-Asiri,,khalid-al-asiri,K. Al-Asiri,D,78,2004-11-27T00:00:00+00:00,185,,Left,Saudi Arabia,SA,SAU,105000,
853574,Diriyah,al-diraiyah,Diriyah,DIR,Saudi Arabia,SA,SAU,851264,Saeed Al-Rubaie,,,saeed-al-rubaie,S. Al-Rubaie,D,4,1993-09-01T00:00:00+00:00,187,81,Right,Saudi Arabia,SA,SAU,180000,
853574,Diriyah,al-diraiyah,Diriyah,DIR,Saudi Arabia,SA,SAU,2221211,Mohamed Hameran,Mohamed Hameran,,mohamed-hameran,M. Hameran,D,21,1997-09-09T00:00:00+00:00,168,,Left,Saudi Arabia,SA,SAU,240000,
853574,Diriyah,al-diraiyah,Diriyah,DIR,Saudi Arabia,SA,SAU,889186,Qasem Al-Oujami,Qasem,Al-Oujami,qasem-al-oujami,Q. Al-Oujami,D,87,1996-04-25T00:00:00+00:00,,,,Saudi Arabia,SA,SAU,,
853574,Diriyah,al-diraiyah,Diriyah,DIR,Saudi Arabia,SA,SAU,1548486,Taher Wadi,Taher Wadi,,taher-wadi,T. Wadi,D,12,2002-07-31T00:00:00+00:00,173,,Right,Saudi Arabia,SA,SAU,120000,
853574,Diriyah,al-diraiyah,Diriyah,DIR,Saudi Arabia,SA,SAU,919319,Mohamed Amine Ben Ismail,,,mohamed-amine-ben-ismail,M. A. B. Ismail,D,,1987-04-08T00:00:00+00:00,,,Left,Tunisia,TN,TUN,23000,
853574,Diriyah,al-diraiyah,Diriyah,DIR,Saudi Arabia,SA,SAU,1941613,Abdulelah Al Jaaferi,Abdulelah Al Jaaferi,,abdulelah-al-jaaferi,A. A. Jaaferi,D,20,2005-01-27T00:00:00+00:00,185,,Right,Saudi Arabia,SA,SAU,77000,1845936000
853574,Diriyah,al-diraiyah,Diriyah,DIR,Saudi Arabia,SA,SAU,1633347,Fahad Al-Obaid,,,al-obaid-fahad,F. Al-Obaid,D,24,1992-11-03T00:00:00+00:00,178,,Left,Saudi Arabia,SA,SAU,78000,
853574,Diriyah,al-diraiyah,Diriyah,DIR,Saudi Arabia,SA,SAU,1923675,Hussain Alzarie,,,alzarie-hussain,H. Alzarie,D,82,,,,,Saudi Arabia,SA,SAU,,
853574,Diriyah,al-diraiyah,Diriyah,DIR,Saudi Arabia,SA,SAU,325061,Nikola Vasilj,Nikola,Vasilj,nikola-vasilj,N. Vasilj,G,22,1995-12-02T00:00:00+00:00,194,76,Right,Bosnia & Herzegovina,BA,BIH,4099999,
853574,Diriyah,al-diraiyah,Diriyah,DIR,Saudi Arabia,SA,SAU,818493,Amin Al-Bukhari,,,amin-al-bukhari,A. Al-Bukhari,G,97,1997-05-02T00:00:00+00:00,194,79,Right,Saudi Arabia,SA,SAU,120000,
853574,Diriyah,al-diraiyah,Diriyah,DIR,Saudi Arabia,SA,SAU,118139,Waleed Abdullah,,,waleed-abdullah,W. Abdullah,G,33,1986-04-19T00:00:00+00:00,196,82,Right,Saudi Arabia,SA,SAU,26000,1814313600
853574,Diriyah,al-diraiyah,Diriyah,DIR,Saudi Arabia,SA,SAU,802095,Muteb Sharahili,,,muteb-sharahili,M. Sharahili,G,1,1992-11-19T00:00:00+00:00,195,,Right,Saudi Arabia,SA,SAU,72000,
530631,Neom SC,neom-sc,Neom,NEO,Saudi Arabia,SA,SAU,50070,Alexandre Lacazette,,,alexandre-lacazette,A. Lacazette,F,91,1991-05-28T00:00:00+00:00,176,73,Right,France,FR,FRA,3700000,1814313600
530631,Neom SC,neom-sc,Neom,NEO,Saudi Arabia,SA,SAU,926730,Haroune Camara,,,haroune-camara,H. Camara,F,70,1998-01-01T00:00:00+00:00,187,81,Right,Saudi Arabia,SA,SAU,320000,1814313600
530631,Neom SC,neom-sc,Neom,NEO,Saudi Arabia,SA,SAU,868611,Muhannad Al Saad,,,muhannad-al-saad,M. A. Saad,F,77,2003-06-29T00:00:00+00:00,172,,Left,Saudi Arabia,SA,SAU,430000,1877472000
530631,Neom SC,neom-sc,Neom,NEO,Saudi Arabia,SA,SAU,1884430,Abdulaziz Al-Othman,Abdulaziz Al-Othman,,abdulaziz-al-othman,A. Al-Othman,F,9,2004-01-02T00:00:00+00:00,182,,Right,Saudi Arabia,SA,SAU,215000,
530631,Neom SC,neom-sc,Neom,NEO,Saudi Arabia,SA,SAU,1019289,Khalil Al-Absi,,,khalil-al-absi,K. Al-Absi,F,14,2001-05-28T00:00:00+00:00,165,,Both,Saudi Arabia,SA,SAU,190000,1877472000
530631,Neom SC,neom-sc,Neom,NEO,Saudi Arabia,SA,SAU,354808,Saïd Benrahma,,,said-benrahma,S. Benrahma,M,10,1995-08-10T00:00:00+00:00,172,67,Right,Algeria,DZ,DZA,8000000,1814313600
530631,Neom SC,neom-sc,Neom,NEO,Saudi Arabia,SA,SAU,592560,Giorgos Masouras,Giorgos,Masouras,giorgos-masouras,G. Masouras,M,7,1994-01-01T00:00:00+00:00,184,75,Right,Greece,GR,GRC,1600000,1845936000
530631,Neom SC,neom-sc,Neom,NEO,Saudi Arabia,SA,SAU,966452,Faisal Al-Ghamdi,Faisal,Al-Ghamdi,faisal-al-ghamdi,F. Al-Ghamdi,M,8,2001-08-13T00:00:00+00:00,185,,Right,Saudi Arabia,SA,SAU,1200000,1814313600
530631,Neom SC,neom-sc,Neom,NEO,Saudi Arabia,SA,SAU,1586875,Amadou Koné,Amadou,Kone,kone-amadou,A. Kone,M,72,2005-05-14T00:00:00+00:00,178,,Left,Côte d'Ivoire,CI,CIV,6600000,1877472000
530631,Neom SC,neom-sc,Neom,NEO,Saudi Arabia,SA,SAU,1114775,Mohannad Abu Taha,Abu Taha,,mohannad-abu-taha,M. A. Taha,M,19,2003-02-02T00:00:00+00:00,176,,Left,Jordan,JO,JOR,535000,
530631,Neom SC,neom-sc,Neom,NEO,Saudi Arabia,SA,SAU,580802,Valentín Vada,Valentin,Vada,valentin-vada,V. Vada,M,23,1996-03-06T00:00:00+00:00,175,69,Right,Argentina,AR,ARG,1500000,
530631,Neom SC,neom-sc,Neom,NEO,Saudi Arabia,SA,SAU,826242,Ala'a Al-Hejji,,,alaa-al-hejji,A. Al-Hejji,M,18,1995-12-03T00:00:00+00:00,173,,Right,Saudi Arabia,SA,SAU,290000,1845936000
530631,Neom SC,neom-sc,Neom,NEO,Saudi Arabia,SA,SAU,1085115,Abdulaziz Noor,Abdulaziz Noor,,abdulaziz-noor,A. Noor,M,24,1999-01-18T00:00:00+00:00,173,,Left,Saudi Arabia,SA,SAU,430000,1877472000
530631,Neom SC,neom-sc,Neom,NEO,Saudi Arabia,SA,SAU,1096520,Abbas Sadiq Alhassan,Abbas Sadiq Alhassan,,abbas-sadiq-alhassan,A. S. Alhassan,M,6,2004-03-14T00:00:00+00:00,174,77,Right,Saudi Arabia,SA,SAU,560000,1877472000
530631,Neom SC,neom-sc,Neom,NEO,Saudi Arabia,SA,SAU,1914787,Ahmed Al-Anzi,Ahmed Al-Anzi,,ahmed-al-anzi,A. Al-Anzi,M,22,2004-02-24T00:00:00+00:00,,,,Saudi Arabia,SA,SAU,48000,1814313600
530631,Neom SC,neom-sc,Neom,NEO,Saudi Arabia,SA,SAU,826203,Malang Sarr,Malang,Sarr,malang-sarr,M. Sarr,D,5,1999-01-23T00:00:00+00:00,182,,Left,France,FR,FRA,21000000,
530631,Neom SC,neom-sc,Neom,NEO,Saudi Arabia,SA,SAU,1154687,Nathan Zeze,Nathan Zeze,,zeze-nathan,N. Zeze,D,44,2005-06-18T00:00:00+00:00,190,,Left,France,FR,FRA,19100000,1909008000
530631,Neom SC,neom-sc,Neom,NEO,Saudi Arabia,SA,SAU,931837,Khalifah Al-Dawsari,,,khalifah-al-dawsari,K. Al-Dawsari,D,4,1999-01-02T00:00:00+00:00,176,68,Right,Saudi Arabia,SA,SAU,180000,1845936000
530631,Neom SC,neom-sc,Neom,NEO,Saudi Arabia,SA,SAU,804096,Mohammed Alburayk,Mohammed,Alburayk,mohammed-alburayk,M. Alburayk,D,2,1992-09-15T00:00:00+00:00,173,85,Right,Saudi Arabia,SA,SAU,370000,1814313600
530631,Neom SC,neom-sc,Neom,NEO,Saudi Arabia,SA,SAU,1210456,Abdulmalik Al Oyayari,Abdulmalik,Al Oyayari,abdulmalik-al-oyayari,A. Al Oyayari,D,15,2003-12-10T00:00:00+00:00,175,,Right,Saudi Arabia,SA,SAU,655000,1877472000
530631,Neom SC,neom-sc,Neom,NEO,Saudi Arabia,SA,SAU,1106232,Islam Ahmed Hawsawi,Hawsawi Islam Ahmed,,islam-ahmed-hawsawi,I. A. Hawsawi,D,27,2001-12-27T00:00:00+00:00,170,,Left,Saudi Arabia,SA,SAU,290000,1814313600
530631,Neom SC,neom-sc,Neom,NEO,Saudi Arabia,SA,SAU,1549231,Mohammed Al Dossari,Mohammed Al Dossari,,mohammed-al-dossari,M. A. Dossari,D,55,2001-04-01T00:00:00+00:00,184,,Right,Saudi Arabia,SA,SAU,325000,
530631,Neom SC,neom-sc,Neom,NEO,Saudi Arabia,SA,SAU,1217918,Mohammed Dakhil Al-Dawsari,,,mohammed-al-dosari,M. Al-Dawsari,D,38,2003-03-31T00:00:00+00:00,177,85,Right,Saudi Arabia,SA,SAU,115000,
530631,Neom SC,neom-sc,Neom,NEO,Saudi Arabia,SA,SAU,1542651,Khalid Al Rammah,Khalid Al Rammah,,khalid-al-rammah,K. A. Rammah,D,75,2005-04-30T00:00:00+00:00,174,,Right,Saudi Arabia,SA,SAU,97000,
530631,Neom SC,neom-sc,Neom,NEO,Saudi Arabia,SA,SAU,889590,Marcin Bułka,Marcin,Bulka,marcin-bulka,M. Bułka,G,1,1999-10-04T00:00:00+00:00,198,,Right,Poland,PL,POL,11600000,1877472000
530631,Neom SC,neom-sc,Neom,NEO,Saudi Arabia,SA,SAU,845797,Luís Maximiano,Luis,Maximiano,luis-maximiano,L. Maximiano,G,81,1999-01-05T00:00:00+00:00,190,74,Both,Portugal,PT,PRT,3100000,1877472000
530631,Neom SC,neom-sc,Neom,NEO,Saudi Arabia,SA,SAU,1089085,Raed Ozaybi,Ozaybi Raed,,ozaybi-raed,O. Raed,G,50,2001-09-22T00:00:00+00:00,181,,Right,Saudi Arabia,SA,SAU,97000,
530631,Neom SC,neom-sc,Neom,NEO,Saudi Arabia,SA,SAU,1649790,Mohammed Al Hakim,Mohammed Al Hakim,,mohammed-al-hakim,M. A. Hakim,G,88,2005-04-23T00:00:00+00:00,,,Right,Saudi Arabia,SA,SAU,,
530631,Neom SC,neom-sc,Neom,NEO,Saudi Arabia,SA,SAU,868435,Abdurahman Daghriry,,,abdurahman-daghriry,A. Daghriry,G,33,1990-05-03T00:00:00+00:00,182,,Right,Saudi Arabia,SA,SAU,54000,
