player_id,player_name,player_slug,team_id,team_name,rating,totalRating,countRating,goals,bigChancesCreated,bigChancesMissed,assists,expectedAssists,goalsAssistsSum,accuratePasses,inaccuratePasses,totalPasses,accuratePassesPercentage,accurateOwnHalfPasses,accurateOppositionHalfPasses,accurateFinalThirdPasses,keyPasses,successfulDribbles,successfulDribblesPercentage,tackles,interceptions,yellowCards,directRedCards,redCards,accurateCrosses,accurateCrossesPercentage,totalShots,shotsOnTarget,shotsOffTarget,groundDuelsWon,groundDuelsWonPercentage,aerialDuelsWon,aerialDuelsWonPercentage,totalDuelsWon,totalDuelsWonPercentage,minutesPlayed,goalConversionPercentage,penaltiesTaken,penaltyGoals,penaltyWon,penaltyConceded,shotFromSetPiece,freeKickGoal,goalsFromInsideTheBox,goalsFromOutsideTheBox,shotsFromInsideTheBox,shotsFromOutsideTheBox,headedGoals,leftFootGoals,rightFootGoals,accurateLongBalls,accurateLongBallsPercentage,clearances,errorLeadToGoal,errorLeadToShot,dispossessed,possessionLost,possessionWonAttThird,totalChippedPasses,accurateChippedPasses,touches,wasFouled,fouls,hitWoodwork,ownGoals,dribbledPast,offsides,blockedShots,passToAssist,saves,kilometersCovered,numberOfSprints,topSpeed,cleanSheet,penaltyFaced,penaltySave,savedShotsFromInsideTheBox,savedShotsFromOutsideTheBox,goalsConcededInsideTheBox,goalsConcededOutsideTheBox,punches,runsOut,successfulRunsOut,highClaims,crossesNotClaimed,matchesStarted,penaltyConversion,setPieceConversion,totalAttemptAssist,totalContest,totalCross,duelLost,aerialLost,attemptPenaltyMiss,attemptPenaltyPost,attemptPenaltyTarget,totalLongBalls,goalsConceded,tacklesWon,tacklesWonPercentage,scoringFrequency,yellowRedCards,savesCaught,savesParried,totalOwnHalfPasses,totalOppositionHalfPasses,totwAppearances,expectedGoals,goalKicks,ballRecovery,outfielderBlocks,appearances
878938,Cristian Cásseres Jr.,cristian-casseres-jr,1681,Toulouse,8.48,33.9,4,0,4,1,3,1.47,3,305,49,354,86.16,132,173,98,15,7,63.64,20,3,1,0,0,8,50.0,5,1,3,36,70.59,6,75.0,42,71.19,360,0.0,0,0,0,0,0,0,0,0,2,3,0,0,0,27,62.79,12,0,1,0,68,4,47,27,453,9,8,1,0,3,0,1,0,0,44.5,46,33.47,0,0,0,0,0,6,1,0,0,0,0,0,4,0,0,15,11,16,17,2,0,0,0,43,7,16,80.0,0.0,0,0,0,138,216,3,0.87,0,36,2,4
48535,Anthony Lopes,anthony-lopes,1684,Angers,8.3,33.2,4,0,0,0,0,0.01,0,131,28,159,82.39,118,13,2,0,0,0.0,1,0,0,0,0,0,0.0,0,0,0,1,100.0,0,0.0,1,100.0,360,0.0,0,0,0,0,0,0,0,0,0,0,0,0,0,37,57.81,2,0,0,0,28,0,23,15,209,0,0,0,0,0,0,0,0,23,,,,1,0,0,16,6,3,2,2,2,2,0,0,4,0,0,0,0,0,0,0,0,0,0,64,5,1,100.0,0.0,0,0,2,125,34,0,,19,41,0,4
15219,Lukáš Hrádecký,lukas-hradecky,1653,AS Monaco,8.15,32.6,4,0,0,0,0,0.0,0,74,27,101,73.27,61,13,1,0,0,0.0,0,0,1,0,0,0,0.0,0,0,0,0,0.0,0,0.0,0,0.0,360,0.0,0,0,0,0,0,0,0,0,0,0,0,0,0,21,44.68,4,0,0,0,28,0,20,10,140,0,0,0,0,0,0,0,0,16,,,,2,0,0,6,10,2,0,2,0,0,0,0,4,0,0,0,0,0,0,0,0,0,0,47,2,0,0.0,0.0,0,0,1,68,33,1,,19,36,0,4
902029,Vitinha,vitinha,1644,Paris Saint-Germain,8.03,32.1,4,1,3,0,1,1.59,2,362,31,393,92.11,136,226,117,7,4,100.0,3,4,1,0,0,1,16.67,9,3,3,8,50.0,0,0.0,8,47.06,339,11.11,0,0,0,0,1,0,0,1,0,9,0,1,0,45,80.36,3,0,0,3,41,2,52,40,435,1,2,0,0,3,0,3,0,0,43.37,38,31.75,1,0,0,0,0,5,1,0,0,0,0,0,4,0,0,7,4,6,9,1,0,0,0,56,6,2,66.67,339.0,0,0,0,139,254,1,0.32,0,22,1,4
1638338,Gessime Yassine,yassine-gessime,1659,RC Strasbourg,7.83,31.3,4,2,4,0,1,1.5,3,90,19,109,82.57,26,64,39,5,14,51.85,9,3,1,0,0,3,42.86,9,5,4,34,53.13,1,100.0,35,53.85,347,22.22,0,0,0,0,0,0,2,0,8,1,0,0,2,2,66.67,3,0,0,5,50,3,5,2,206,11,8,0,0,5,0,0,0,0,40.35,30,33.56,0,0,0,0,0,5,2,0,0,0,0,0,4,0,0,5,27,7,30,0,0,0,0,3,7,6,66.67,173.5,0,0,0,30,79,1,0.99,0,24,0,4
847494,Berke Özer,berke-ozer,1643,Lille,7.78,31.1,4,0,0,0,0,0.01,0,110,52,162,67.9,88,22,10,0,0,0.0,0,0,0,0,0,0,0.0,0,0,0,2,100.0,1,100.0,3,100.0,360,0.0,0,0,0,0,0,0,0,0,0,0,0,0,0,24,32.0,2,0,1,0,54,0,7,2,207,2,0,0,0,0,0,0,0,14,4.08,0,17.78,3,0,0,11,3,1,1,1,4,4,5,0,4,0,0,0,0,0,0,0,0,0,0,75,2,0,0.0,0.0,0,0,5,94,68,0,,36,33,0,4
1154630,Guillaume Restes,guillaume-restes,1681,Toulouse,7.73,23.2,3,0,0,0,0,0.0,0,98,15,113,86.73,92,6,3,0,1,100.0,0,0,0,0,0,0,0.0,0,0,0,2,100.0,0,0.0,2,100.0,251,0.0,0,0,0,0,0,0,0,0,0,0,0,0,0,11,42.31,4,0,0,0,15,0,10,7,139,1,0,0,0,0,0,0,0,9,,,,0,0,0,5,4,3,1,1,3,3,1,0,3,0,0,0,1,0,0,0,0,0,0,26,4,0,0.0,0.0,0,0,0,96,17,0,,13,18,0,3
148824,Florian Thauvin,florian-thauvin,1648,RC Lens,7.7,30.8,4,3,4,4,1,1.58,4,134,37,171,78.36,52,82,54,12,5,35.71,2,2,1,0,0,12,30.77,14,9,2,13,37.14,3,100.0,16,42.11,360,21.43,3,3,1,0,0,0,3,0,10,4,0,3,0,15,62.5,1,0,0,9,95,4,27,14,282,6,2,0,0,2,0,3,0,0,43.45,52,34.71,0,0,0,0,0,7,0,0,0,0,0,0,4,100,0,12,14,39,22,0,0,0,0,24,7,1,50.0,120.0,0,0,0,58,113,1,3.49,0,10,0,4
581314,Valentin Rongier,valentin-rongier,1658,Stade Rennais,7.7,30.8,4,1,1,0,0,0.41,1,200,23,223,89.69,84,116,48,5,2,100.0,9,4,0,0,0,0,0.0,3,3,0,14,58.33,6,60.0,20,58.82,344,33.33,0,0,0,0,0,0,0,1,0,3,0,0,1,12,92.31,10,0,0,1,30,0,11,7,274,3,5,0,0,4,0,0,0,0,45.23,34,35.57,1,0,0,0,0,5,0,0,0,0,0,0,4,0,0,5,2,1,14,4,0,0,0,13,5,5,55.56,344.0,0,0,0,92,131,0,0.19,0,16,6,4
2127096,Khalis Merah,khalis-merah,1649,Olympique Lyonnais,7.7,7.7,1,0,1,0,0,0.63,0,12,1,13,92.31,4,8,5,1,0,0.0,4,0,0,0,0,0,0.0,0,0,0,4,80.0,0,0.0,4,80.0,23,0.0,0,0,0,0,0,0,0,0,0,0,0,0,0,1,100.0,0,0,0,0,1,0,1,0,18,0,0,0,0,1,0,0,0,0,3.65,5,31.67,0,0,0,0,0,0,0,0,0,0,0,0,0,0,0,1,0,0,1,0,0,0,0,1,0,2,50.0,0.0,0,0,0,4,9,0,,0,0,0,1
152813,Clinton Mata,clinton-mata,1649,Olympique Lyonnais,7.7,7.7,1,0,0,0,0,0.01,0,83,4,87,95.4,68,15,5,0,0,0.0,1,1,0,0,0,0,0.0,0,0,0,4,100.0,1,50.0,5,83.33,90,0.0,0,0,0,0,0,0,0,0,0,0,0,0,0,3,60.0,6,0,0,0,4,0,3,1,100,3,0,0,0,0,0,0,0,0,9.77,13,32.16,1,0,0,0,0,0,0,0,0,0,0,0,1,0,0,0,0,0,1,1,0,0,0,5,0,1,100.0,0.0,0,0,0,70,17,0,,2,4,0,1
791046,Dominik Greif,dominik-greif,1649,Olympique Lyonnais,7.7,23.1,3,0,0,0,0,0.0,0,97,10,107,90.65,90,7,4,0,0,0.0,0,0,0,0,0,0,0.0,0,0,0,0,0.0,2,100.0,2,100.0,270,0.0,0,0,0,0,0,0,0,0,0,0,0,0,0,19,65.52,4,0,0,0,10,0,10,9,131,1,0,0,0,0,0,0,0,9,,,,1,0,0,5,4,2,0,1,3,3,1,0,3,0,0,0,0,0,0,0,0,0,0,29,2,0,0.0,0.0,0,0,1,92,15,0,,11,27,0,3
146101,Eric Dier,eric-dier,1653,AS Monaco,7.68,30.7,4,1,1,0,1,0.03,2,204,19,223,91.48,126,78,11,1,2,100.0,7,3,0,0,0,0,0.0,4,1,3,9,75.0,9,90.0,18,81.82,360,25.0,0,0,0,0,0,0,1,0,4,0,1,0,0,12,54.55,33,0,0,1,22,0,19,12,283,0,2,0,0,0,0,0,0,0,38.84,14,31.4,2,0,0,0,0,2,0,0,0,0,0,0,4,0,0,1,2,0,4,1,0,0,0,22,2,3,42.86,360.0,0,0,0,132,91,2,0.44,8,14,2,4
190883,Branco Van den Boomen,branco-van-den-boomen,1684,Angers,7.68,30.7,4,1,1,0,1,1.04,2,196,39,235,83.4,96,100,59,12,0,0.0,8,1,1,0,0,13,27.66,3,1,0,11,52.38,0,0.0,11,52.38,360,33.33,0,0,0,0,0,0,0,1,0,3,0,0,1,32,69.57,7,0,0,1,77,1,41,28,323,3,3,0,0,6,0,2,1,0,44.48,15,28.34,1,0,0,0,0,3,2,0,0,0,0,0,4,0,0,11,0,47,10,0,0,0,0,46,5,5,62.5,360.0,0,0,0,105,130,1,0.06,0,14,0,4
164055,Brice Samba,brice-samba,1658,Stade Rennais,7.67,23.0,3,0,0,0,0,0.0,0,77,30,107,71.96,64,13,4,0,0,0.0,0,0,0,0,0,0,0.0,0,0,0,0,0.0,0,0.0,0,0.0,270,0.0,0,0,0,0,0,0,0,0,0,0,0,0,0,22,43.14,2,0,0,0,30,0,22,11,138,0,0,0,0,0,0,0,0,10,7.86,0,18.63,1,0,0,8,2,3,0,0,1,1,3,0,3,0,0,0,0,0,0,0,0,0,0,51,3,0,0.0,0.0,0,0,0,74,33,1,,19,22,0,3
803034,Jeffrey De Lange,jeffrey-de-lange,1641,Olympique de Marseille,7.63,30.5,4,0,0,0,0,0.0,0,109,12,121,90.08,104,5,0,0,0,0.0,0,0,0,0,0,0,0.0,0,0,0,0,0.0,0,0.0,0,0.0,360,0.0,0,0,0,0,0,0,0,0,0,0,0,0,0,10,47.62,2,0,0,0,12,0,8,4,156,0,0,0,0,0,0,0,0,15,,,,1,1,0,8,7,6,0,1,1,1,2,0,4,0,0,0,0,0,0,0,0,0,0,21,6,0,0.0,0.0,0,1,3,107,14,0,,13,30,0,4
927005,Lassine Sinayoko,lassine-sinayoko,6070,Paris FC,7.6,30.4,4,4,0,1,0,0.27,4,59,16,75,78.67,25,34,15,7,5,100.0,8,5,1,0,0,0,0.0,12,7,3,20,58.82,6,40.0,26,53.06,348,33.33,2,2,0,0,0,0,4,0,9,3,1,1,2,2,100.0,2,0,0,10,33,3,3,3,143,7,5,0,0,0,3,2,0,0,37.07,49,32.88,2,0,0,0,0,2,0,0,0,0,0,0,4,100,0,7,5,0,23,9,0,0,0,2,2,5,62.5,87.0,0,0,0,30,45,1,3.2,0,5,0,4
1409700,Zachary Athekame,zachary-athekame,1649,Olympique Lyonnais,7.6,30.4,4,1,1,0,1,0.77,2,157,30,187,83.96,72,85,42,5,1,16.67,12,2,0,0,0,5,23.81,2,1,0,18,56.25,1,33.33,19,54.29,360,50.0,0,0,0,0,0,0,0,1,0,2,0,0,1,7,41.18,14,0,0,1,57,1,15,4,295,5,5,0,0,4,0,1,0,0,42.12,68,34.41,2,0,0,0,0,2,0,0,0,0,0,0,4,0,0,5,6,21,16,2,0,0,0,17,2,5,41.67,360.0,0,0,0,82,105,1,0.1,0,18,0,4
1089895,Lucas Calodat,lucas-calodat,1672,Le Mans,7.58,30.3,4,1,3,0,1,0.94,2,56,15,71,78.87,39,17,9,4,4,57.14,4,5,0,0,0,3,37.5,3,3,0,10,66.67,1,33.33,11,61.11,245,33.33,0,0,0,0,0,0,1,0,2,1,0,1,0,5,71.43,2,0,0,1,30,0,7,5,127,2,2,0,0,0,0,0,0,0,26.66,30,34.93,0,0,0,0,0,4,1,0,0,0,0,0,3,0,0,4,7,8,7,2,0,0,0,7,5,1,25.0,245.0,0,0,0,42,29,2,0.42,0,14,0,4
599192,Lionel Mpasi Nzau,lionel-mpasi-nzau,1662,Le Havre,7.57,22.7,3,0,0,0,0,0.0,0,75,31,106,70.75,62,13,3,0,0,0.0,0,0,1,0,0,0,0.0,0,0,0,0,0.0,1,100.0,1,50.0,269,0.0,0,0,0,1,0,0,0,0,0,0,0,0,0,22,41.51,2,0,0,0,32,0,9,5,158,0,1,0,0,0,0,0,0,19,,,,0,1,0,9,8,4,0,1,1,1,4,0,3,0,0,0,0,0,1,0,0,0,0,53,4,0,0.0,0.0,0,0,1,72,34,0,,24,39,0,3
1403216,Paris Brunner,paris-brunner,1653,AS Monaco,7.55,30.2,4,3,0,3,0,0.2,3,39,13,52,75.0,9,30,18,3,3,30.0,5,0,0,0,0,0,0.0,13,6,4,11,40.74,6,66.67,17,47.22,301,23.08,0,0,0,0,0,0,2,1,10,3,1,1,1,1,50.0,4,0,0,5,39,1,1,1,116,3,2,0,0,2,7,3,0,0,33.84,39,35.31,0,0,0,0,0,2,0,0,0,0,0,0,4,0,0,3,10,1,19,3,0,0,0,2,2,2,40.0,100.33,0,0,0,13,39,2,2.3,0,5,0,4
993451,Cameron Archer,cameron-archer,1646,Auxerre,7.55,15.1,2,2,0,3,0,0.35,2,19,5,24,79.17,9,10,8,1,2,40.0,0,1,0,0,0,0,0.0,5,3,2,3,20.0,1,25.0,4,21.05,164,40.0,0,0,0,0,0,0,2,0,5,0,0,1,1,0,0.0,0,0,0,2,18,1,0,0,53,1,5,0,0,2,0,0,0,0,20.42,37,33.41,0,0,0,0,0,2,1,0,0,0,0,0,2,0,0,1,5,1,15,3,0,0,0,0,3,0,0.0,82.0,0,0,0,9,15,0,1.49,0,7,2,2
1087364,Tiago Santos,tiago-santos,1643,Lille,7.55,30.2,4,2,1,0,0,0.31,2,115,17,132,87.12,71,44,14,2,3,42.86,7,5,0,0,0,3,30.0,6,4,2,19,67.86,2,50.0,21,65.63,360,33.33,0,0,0,0,0,0,2,0,4,2,0,0,2,3,50.0,14,0,0,1,46,0,8,2,234,9,1,0,0,3,1,0,0,0,40.49,44,33.49,3,0,0,0,0,1,1,0,0,0,0,0,4,0,0,2,7,10,11,2,0,0,0,6,2,2,28.57,180.0,0,0,0,79,53,2,0.43,0,14,0,4
801306,Pierre Lees Melou,pierre-lees-melou,6070,Paris FC,7.55,30.2,4,0,0,0,0,0.15,0,233,29,262,88.93,135,98,36,1,3,100.0,12,7,0,0,0,0,0.0,4,0,3,20,66.67,2,66.67,22,66.67,360,0.0,0,0,0,0,0,0,0,0,0,4,0,0,0,15,68.18,5,0,0,2,32,1,29,20,314,5,3,0,0,5,0,1,0,0,42.47,22,33.38,3,0,0,0,0,2,0,0,0,0,0,0,4,0,0,1,3,1,11,1,0,0,0,22,2,8,66.67,0.0,0,0,0,142,120,0,0.13,0,25,2,4
991479,Anthony Rouault,anthony-rouault,1658,Stade Rennais,7.55,15.1,2,0,0,0,0,0.02,0,96,19,115,83.48,55,41,11,0,1,100.0,3,1,0,0,0,0,0.0,1,0,1,4,80.0,5,62.5,9,69.23,180,0.0,0,0,0,0,0,0,0,0,1,0,0,0,0,3,37.5,19,0,0,0,20,0,9,3,149,0,0,0,0,1,0,0,0,0,20.53,18,29.64,1,0,0,0,0,1,0,0,0,0,0,0,2,0,0,0,1,0,4,3,0,0,0,8,1,2,66.67,0.0,0,0,0,63,52,0,0.03,4,4,4,2
155995,Marquinhos,marquinhos,1644,Paris Saint-Germain,7.5,30.0,4,2,0,0,0,0.14,2,321,29,350,91.71,195,126,65,1,0,0.0,2,1,1,0,0,0,0.0,2,2,0,4,36.36,7,35.0,11,35.48,360,100.0,0,0,0,0,0,0,2,0,2,0,1,0,0,50,74.63,11,0,0,1,36,1,40,26,384,2,4,0,0,2,0,0,0,0,38.52,47,32.36,1,0,0,0,0,5,1,0,0,0,0,0,4,0,0,1,0,0,20,13,0,0,0,67,6,1,50.0,180.0,0,0,0,207,143,1,0.81,0,22,1,4
1389846,Lamine Camara,camara-lamine,1653,AS Monaco,7.5,30.0,4,0,0,0,1,0.14,1,209,16,225,92.89,110,99,34,3,5,50.0,24,6,1,0,0,2,28.57,2,1,1,39,68.42,2,33.33,41,65.08,360,0.0,0,0,0,0,0,0,0,0,1,1,0,0,0,21,77.78,2,0,0,3,34,3,18,11,314,10,6,0,0,4,0,0,0,0,44.56,39,32.29,2,0,0,0,0,2,0,0,0,0,0,0,4,0,0,3,10,7,22,4,0,0,0,27,2,15,62.5,0.0,0,0,0,117,108,0,0.12,0,37,0,4
802148,Nicolas Kocik,nicolas-kocik,1672,Le Mans,7.5,15.0,2,0,0,0,0,0.0,0,54,36,90,60.0,43,11,3,0,0,0.0,0,0,0,0,0,0,0.0,0,0,0,1,100.0,0,0.0,1,100.0,171,0.0,0,0,0,0,0,0,0,0,0,0,0,0,0,23,39.66,1,0,0,0,36,0,14,9,114,1,0,0,0,0,0,0,0,9,4.22,0,24.38,0,0,0,6,3,3,1,0,1,0,3,0,2,0,0,0,0,0,0,0,0,0,0,58,4,0,0.0,0.0,0,0,1,53,37,0,,14,22,0,2
976396,Joris Chotard,joris-chotard,1715,Stade Brestois,7.5,30.0,4,0,3,1,0,1.5,0,177,40,217,81.57,109,68,35,11,1,50.0,5,7,0,0,0,13,44.83,6,2,2,7,36.84,2,100.0,9,42.86,348,0.0,0,0,0,0,0,0,0,0,0,6,0,0,0,33,58.93,6,1,1,2,64,2,42,25,292,1,4,0,0,5,0,2,0,0,43.06,23,30.02,0,0,0,0,0,5,1,0,0,0,0,0,4,0,0,11,2,29,12,0,0,0,0,56,6,3,60.0,0.0,0,0,0,123,94,1,0.22,0,27,1,4
1103333,Franjo Ivanović,franjo-ivanovic,1648,RC Lens,7.43,22.3,3,2,1,1,0,0.12,2,23,13,36,63.89,5,18,8,2,8,66.67,4,1,1,0,0,0,0.0,5,4,0,16,55.17,2,50.0,18,54.55,180,40.0,0,0,0,0,0,0,2,0,4,1,1,0,1,1,33.33,1,0,0,4,30,0,1,1,82,4,4,0,0,1,1,1,1,0,20.76,37,34.98,0,0,0,0,0,2,0,0,0,0,0,0,2,0,0,1,12,0,15,2,0,0,0,3,2,3,75.0,90.0,0,0,0,6,30,1,0.7,0,1,0,3
966849,Saud Abdulhamid,saud-abdulhamid,1648,RC Lens,7.4,7.4,1,1,0,0,0,0.02,1,15,2,17,88.24,8,7,3,0,0,0.0,1,2,0,0,0,0,0.0,1,1,0,2,50.0,0,0.0,2,40.0,62,100.0,0,0,0,0,0,0,1,0,1,0,1,0,0,0,0.0,1,0,0,0,4,0,0,0,30,1,1,0,0,1,0,0,0,0,6.48,11,29.95,0,0,0,0,0,1,0,0,0,0,0,0,1,0,0,0,0,0,3,1,0,0,0,0,1,1,100.0,62.0,0,0,0,9,8,0,0.79,0,2,0,1
795508,Vincent Marchetti,vincent-marchetti,6070,Paris FC,7.4,7.4,1,1,0,0,0,0.0,1,6,0,6,100.0,3,3,0,0,0,0.0,0,0,0,0,0,0,0.0,2,1,0,0,0.0,0,0.0,0,0.0,12,50.0,0,0,0,0,0,0,1,0,2,0,0,1,0,0,0.0,0,0,0,2,3,0,0,0,11,0,0,0,0,0,0,1,0,0,1.56,1,27.82,0,0,0,0,0,0,0,0,0,0,0,0,0,0,0,0,0,0,2,0,0,0,0,0,0,0,0.0,12.0,0,0,0,3,3,0,0.33,0,0,0,1
825846,Jordan Teze,jordan-teze,1653,AS Monaco,7.4,7.4,1,0,1,0,1,0.53,1,7,1,8,87.5,4,3,1,1,0,0.0,2,1,1,0,0,0,0.0,0,0,0,2,50.0,0,0.0,2,50.0,38,0.0,0,0,0,0,0,0,0,0,0,0,0,0,0,0,0.0,5,0,0,0,1,0,2,2,20,0,0,0,0,2,0,0,0,0,4.67,6,32.1,0,0,0,0,0,0,0,0,0,0,0,0,0,0,0,1,0,0,2,0,0,0,0,0,0,2,100.0,0.0,0,0,0,4,4,0,,0,1,1,1
788180,Rémy Descamps,remy-descamps,1649,Olympique Lyonnais,7.4,7.4,1,0,0,0,0,0.0,0,30,10,40,75.0,27,3,1,0,0,0.0,0,0,0,0,0,0,0.0,0,0,0,0,0.0,0,0.0,0,0.0,90,0.0,0,0,0,0,0,0,0,0,0,0,0,0,0,7,41.18,0,0,0,0,10,0,3,2,48,0,0,0,0,0,0,0,0,2,,,,1,0,0,2,0,0,0,0,0,0,0,0,1,0,0,0,0,0,0,0,0,0,0,17,0,0,0.0,0.0,0,0,0,29,11,0,,6,7,0,1
982319,Moustapha Mbow,moustapha-mbow,6070,Paris FC,7.4,7.4,1,0,0,0,0,0.01,0,117,1,118,99.15,101,16,0,0,0,0.0,1,0,0,0,0,0,0.0,0,0,0,1,50.0,0,0.0,1,20.0,91,0.0,0,0,0,0,0,0,0,0,0,0,0,0,0,0,0.0,4,0,0,0,2,0,1,0,127,0,1,0,0,0,0,0,0,0,9.43,8,29.64,1,0,0,0,0,0,0,0,0,0,0,0,1,0,0,0,0,0,4,3,0,0,0,1,0,1,100.0,0.0,0,0,0,101,17,0,,4,1,1,2
1049775,Alexsandro Ribeiro,alexsandro-ribeiro,1643,Lille,7.4,29.6,4,0,0,0,0,0.02,0,232,20,252,92.06,184,48,7,0,0,0.0,5,2,0,0,0,0,0.0,0,0,0,9,75.0,9,64.29,18,69.23,360,0.0,0,0,0,0,0,0,0,0,0,0,0,0,0,10,45.45,29,0,0,0,22,0,13,5,301,5,3,0,0,0,0,0,0,0,35.68,30,31.25,3,0,0,0,0,1,1,0,0,0,0,0,4,0,0,0,0,0,8,5,0,0,0,22,2,4,80.0,0.0,0,0,0,190,62,2,,9,7,4,4
1006113,Nazinho,nazinho-flavio,1653,AS Monaco,7.38,29.5,4,1,1,0,1,0.37,2,162,30,192,84.38,72,90,30,4,1,33.33,10,7,1,0,0,2,14.29,1,1,0,14,58.33,2,100.0,16,61.54,350,100.0,0,0,0,0,0,0,1,0,1,0,1,0,0,4,36.36,13,0,0,0,49,2,7,3,282,3,5,0,0,3,0,0,0,0,39.14,56,35.93,1,0,0,0,0,2,0,0,0,0,0,0,4,0,0,4,3,14,10,0,0,0,0,11,2,5,50.0,350.0,0,0,0,79,113,1,0.38,0,17,2,4
856216,Ahmed Touba,ahmed-touba,1662,Le Havre,7.37,22.1,3,0,0,0,0,0.32,0,125,20,145,86.21,78,47,20,1,0,0.0,9,9,1,0,0,0,0.0,1,0,0,9,64.29,6,60.0,15,62.5,270,0.0,0,0,0,0,0,0,0,0,1,0,0,0,0,16,64.0,26,0,0,0,22,0,20,12,198,0,3,0,0,2,0,1,0,0,28.69,25,33.94,1,0,0,0,0,3,0,0,0,0,0,0,3,0,0,1,0,0,9,4,0,0,0,25,3,5,55.56,0.0,0,0,0,82,63,0,0.03,0,16,1,3
1103079,Nathaniel Adjei,nathaniel-adjei,1656,Lorient,7.35,29.4,4,0,0,0,0,0.06,0,241,17,258,93.41,172,69,24,0,3,100.0,7,11,1,0,0,0,0.0,0,0,0,15,88.24,7,58.33,22,75.86,360,0.0,0,0,0,0,0,0,0,0,0,0,0,0,0,8,72.73,18,0,0,0,21,0,10,6,327,5,1,0,0,1,0,0,0,0,41.09,29,34.73,2,0,0,0,0,4,0,0,0,0,0,0,4,0,0,0,3,0,7,5,0,0,0,11,4,4,57.14,0.0,0,0,0,180,78,0,,20,17,3,4
1069159,Otávio,otavio,6070,Paris FC,7.35,14.7,2,0,0,0,0,0.02,0,129,9,138,93.48,94,35,10,0,0,0.0,4,3,1,0,0,0,0.0,1,0,1,5,50.0,2,66.67,7,53.85,173,0.0,0,0,0,0,0,0,0,0,1,0,0,0,0,5,45.45,13,0,0,0,16,0,8,4,183,1,2,0,0,2,0,0,0,0,18.0,13,32.86,1,0,0,0,0,0,0,0,0,0,0,0,2,0,0,0,1,0,6,1,0,0,0,11,0,4,100.0,0.0,0,0,0,100,38,0,0.11,0,13,4,2
1202024,Ernest Nuamah,ernest-nuamah,1649,Olympique Lyonnais,7.33,22.0,3,1,2,0,1,0.61,2,51,14,65,78.46,13,38,22,3,5,55.56,1,1,0,0,0,2,18.18,8,1,4,10,47.62,2,66.67,12,50.0,234,12.5,0,0,0,0,0,0,1,0,6,2,0,1,0,7,77.78,1,0,0,2,37,1,5,5,116,4,4,0,0,1,0,3,0,0,25.78,30,34.15,0,0,0,0,0,2,0,0,0,0,0,0,3,0,0,3,9,11,12,1,0,0,0,9,2,0,0.0,234.0,0,0,0,13,52,0,0.57,0,8,0,3
1156353,Kamory Doumbia,kamory-doumbia,1715,Stade Brestois,7.33,29.3,4,4,1,3,1,0.54,5,118,17,135,87.41,54,64,29,6,4,66.67,4,5,2,0,0,0,0.0,12,5,3,15,41.67,1,20.0,16,39.02,317,33.33,1,1,0,0,0,0,4,0,10,2,0,1,3,8,80.0,0,0,0,10,37,4,3,1,201,7,5,2,0,5,1,4,0,0,39.29,27,28.94,0,0,0,0,0,4,1,0,0,0,0,0,4,100,0,6,6,0,25,4,0,0,0,10,5,0,0.0,79.25,0,0,0,58,77,1,3.56,0,24,0,4
855833,Ferran Torres,ferran-torres,1644,Paris Saint-Germain,7.33,29.3,4,3,0,1,0,0.12,3,53,10,63,84.13,14,39,23,3,0,0.0,0,2,0,0,0,0,0.0,6,3,3,3,37.5,2,40.0,5,38.46,221,50.0,0,0,0,0,0,0,2,1,5,1,1,0,2,2,100.0,0,0,0,2,21,1,4,3,86,3,0,0,0,3,1,0,0,0,24.66,37,32.43,0,0,0,0,0,2,0,0,0,0,0,0,2,0,0,3,0,3,8,3,0,0,0,2,2,0,0.0,73.67,0,0,0,16,47,1,1.43,0,5,0,4
149593,Pierre-Emile Højbjerg,pierre-emile-hjbjerg,1641,Olympique de Marseille,7.33,29.3,4,1,0,1,0,0.45,1,304,32,336,90.48,131,173,86,5,2,66.67,7,8,0,0,0,2,66.67,7,2,4,11,39.29,6,100.0,17,50.0,360,14.29,0,0,0,0,0,0,0,1,3,4,0,0,1,8,36.36,6,0,0,6,45,4,18,9,395,2,4,0,0,6,0,1,0,0,43.21,32,29.49,1,0,0,0,0,6,0,0,0,0,0,0,4,0,0,5,3,3,17,0,0,0,0,22,6,6,85.71,360.0,0,0,0,138,198,1,0.52,0,23,0,4
1402698,Ethan Mbappé,ethan-mbappe,1643,Lille,7.3,29.2,4,1,2,2,0,0.47,1,57,8,65,87.69,22,35,17,5,4,44.44,2,1,0,0,0,1,33.33,8,6,0,10,52.63,0,0.0,10,50.0,208,12.5,0,0,0,0,0,0,1,0,6,2,0,1,0,0,0.0,2,0,1,1,21,1,6,4,111,4,2,0,0,1,0,2,0,0,25.08,37,35.24,0,0,0,0,0,0,0,0,0,0,0,0,3,0,0,5,9,3,10,1,0,0,0,2,0,0,0.0,208.0,0,0,0,23,42,0,1.07,0,6,1,4
1149152,Stanis Idumbo Muzambo,stanis-idumbo-muzambo,1653,AS Monaco,7.3,29.2,4,1,0,1,0,0.36,1,85,14,99,85.86,29,56,22,4,8,61.54,6,1,0,0,0,2,40.0,10,3,4,18,51.43,0,0.0,18,51.43,325,10.0,0,0,0,0,0,0,1,0,4,6,0,1,0,3,37.5,8,0,0,7,39,5,5,2,180,4,2,0,0,3,1,3,0,0,36.72,36,34.45,0,0,0,0,0,2,0,0,0,0,0,0,4,0,0,4,13,5,17,0,0,0,0,8,2,4,66.67,325.0,0,0,0,30,69,0,0.69,0,15,1,4
1408080,Ismaelo Ganiou,ismaelo-ganiou,1648,RC Lens,7.3,21.9,3,1,1,1,0,0.41,1,163,17,180,90.56,98,65,24,1,0,0.0,6,5,0,0,0,1,50.0,3,2,0,8,88.89,5,55.56,13,72.22,259,33.33,0,0,0,0,0,0,1,0,3,0,0,0,1,7,50.0,12,0,0,0,20,0,11,6,218,2,1,0,0,0,0,1,0,0,28.01,44,34.97,0,0,0,0,0,5,0,0,0,0,0,0,3,0,0,1,0,2,5,4,0,0,0,14,5,5,83.33,259.0,0,0,0,105,75,0,0.68,4,10,0,3
943525,Felix Bacher,felix-bacher,1649,Olympique Lyonnais,7.3,29.2,4,1,0,0,0,0.07,1,262,25,287,91.29,168,94,22,1,1,100.0,4,1,1,0,0,0,0.0,3,2,1,7,58.33,7,50.0,14,53.85,356,33.33,0,0,0,0,0,0,1,0,3,0,1,0,0,19,57.58,17,0,2,0,27,0,25,13,327,2,3,0,0,2,1,0,0,0,41.09,31,35.35,2,0,0,0,0,2,0,0,0,0,0,0,4,0,0,1,1,1,12,7,0,0,0,33,2,2,50.0,356.0,0,0,0,172,115,0,0.35,5,6,1,4
1195784,Malick Fofana,malick-fofana,1649,Olympique Lyonnais,7.3,14.6,2,1,0,0,0,0.04,1,16,2,18,88.89,4,12,7,1,2,66.67,2,0,0,0,0,1,14.29,3,1,1,6,60.0,0,0.0,6,60.0,56,33.33,0,0,0,0,0,0,1,0,3,0,0,0,1,0,0.0,0,0,0,2,14,0,0,0,42,2,1,0,0,0,0,1,0,0,6.85,11,32.23,0,0,0,0,0,1,0,0,0,0,0,0,0,0,0,1,3,7,4,0,0,0,0,0,1,1,50.0,56.0,0,0,0,4,14,0,0.28,0,1,0,2
987818,Maurits Kjaergaard,maurits-kjaergaard,1643,Lille,7.3,7.3,1,0,1,1,1,0.22,1,17,4,21,80.95,7,10,8,3,0,0.0,0,0,0,0,0,0,0.0,1,1,0,0,0.0,0,0.0,0,0.0,29,0.0,0,0,0,0,0,0,0,0,1,0,0,0,0,0,0.0,0,0,0,1,6,0,3,2,26,0,0,0,0,0,0,0,0,0,4.4,5,30.35,0,0,0,0,0,0,0,0,0,0,0,0,0,0,0,3,0,0,1,0,0,0,0,1,0,0,0.0,0.0,0,0,0,7,14,0,0.32,0,1,0,1
792630,Nicolas Lemaitre,nicolas-lemaitre,1658,Stade Rennais,7.3,7.3,1,0,0,0,0,0.0,0,11,5,16,68.75,9,2,0,0,0,0.0,0,0,0,0,0,0,0.0,0,0,0,0,0.0,0,0.0,0,0.0,90,0.0,0,0,0,0,0,0,0,0,0,0,0,0,0,2,28.57,2,0,0,0,5,0,2,1,27,0,0,0,0,0,0,0,0,3,,,,0,1,0,2,1,2,0,0,2,2,1,0,1,0,0,0,0,0,0,0,0,0,0,7,2,0,0.0,0.0,0,0,0,11,5,0,,1,9,0,1
941179,Niels Nkounkou,niels-nkounkou,1661,Nice,7.3,14.6,2,0,0,0,0,0.12,0,39,9,48,81.25,16,23,15,0,2,28.57,4,5,0,0,0,0,0.0,0,0,0,7,46.67,3,75.0,10,52.63,145,0.0,0,0,0,0,0,0,0,0,0,0,0,0,0,2,40.0,0,0,0,0,22,2,0,0,96,1,0,0,0,3,0,0,0,0,16.78,22,33.36,0,0,0,0,0,0,1,0,0,0,0,0,2,0,0,0,7,6,9,1,0,0,0,5,1,1,25.0,0.0,0,0,0,19,29,1,,0,5,1,2
340561,Gauthier Gallon,gauthier-gallon,1662,Le Havre,7.3,7.3,1,0,0,0,0,0.0,0,27,4,31,87.1,23,4,0,0,0,0.0,0,0,0,0,0,0,0.0,0,0,0,0,0.0,0,0.0,0,0.0,91,0.0,0,0,0,0,0,0,0,0,0,0,0,0,0,5,62.5,0,0,0,0,4,0,5,2,38,0,0,0,0,0,0,0,0,1,,,,1,0,0,1,0,0,0,0,0,0,0,0,1,0,0,0,0,0,0,0,0,0,0,8,0,0,0.0,0.0,0,0,0,24,7,0,,9,6,0,2
1119487,Nathan Ngoy,nathan-ngoy,1643,Lille,7.3,29.2,4,0,0,0,0,0.01,0,210,23,233,90.13,177,33,5,0,4,80.0,4,5,0,0,0,0,0.0,0,0,0,13,65.0,5,55.56,18,62.07,360,0.0,0,0,0,0,0,0,0,0,0,0,0,0,0,4,21.05,29,0,0,1,28,0,15,7,299,5,5,0,0,0,0,0,0,0,36.72,22,33.8,3,0,0,0,0,1,1,0,0,0,0,0,4,0,0,0,5,0,11,4,0,0,0,19,2,3,75.0,0.0,0,0,0,183,50,1,,1,12,3,4
859026,Amine Gouiri,amine-gouiri,1641,Olympique de Marseille,7.28,29.1,4,4,1,0,0,0.23,4,97,16,113,85.84,31,66,43,3,5,62.5,1,0,0,0,0,0,0.0,13,6,4,9,39.13,3,23.08,12,33.33,358,30.77,1,1,0,0,0,0,4,0,10,3,0,1,3,2,66.67,1,0,0,9,42,5,6,4,172,3,1,0,0,1,0,3,0,0,38.31,28,31.94,1,0,0,0,0,6,0,0,0,0,0,0,4,100,0,3,8,1,24,10,0,0,0,3,6,1,100.0,89.5,0,0,0,32,81,1,2.49,0,9,0,4
879618,Montassar Talbi,montassar-talbi,1656,Lorient,7.28,29.1,4,0,0,0,0,0.1,0,251,17,268,93.66,190,61,19,0,0,0.0,5,2,0,0,0,0,0.0,3,2,1,7,87.5,8,57.14,15,68.18,360,0.0,0,0,0,0,0,0,0,0,3,0,0,0,0,11,50.0,28,0,0,1,21,0,19,10,322,2,1,0,0,0,0,0,0,0,40.2,18,30.37,2,0,0,0,0,4,0,0,0,0,0,0,4,0,0,0,0,0,7,6,0,0,0,22,4,3,60.0,0.0,0,0,0,195,73,0,0.25,1,16,4,4
1465307,Arthur Avom Ebong,ebong-arthur-avom,1656,Lorient,7.25,29.0,4,0,1,0,0,0.72,0,166,21,187,88.77,83,83,45,2,1,33.33,9,6,0,0,0,1,25.0,4,0,3,13,72.22,1,33.33,14,66.67,224,0.0,0,0,0,0,0,0,0,0,0,4,0,0,0,10,62.5,1,0,0,1,34,1,24,13,239,3,1,0,0,1,0,1,0,0,29.24,15,31.38,1,0,0,0,0,2,0,0,0,0,0,0,2,0,0,2,3,4,7,2,0,0,0,16,2,3,33.33,0.0,0,0,0,92,95,0,0.17,0,15,0,4
758168,Moussa Niakhaté,moussa-niakhate,1649,Olympique Lyonnais,7.23,21.7,3,0,0,0,0,0.06,0,210,21,231,90.91,146,64,21,1,1,100.0,0,5,0,0,0,0,0.0,0,0,0,3,42.86,4,44.44,7,43.75,270,0.0,0,0,0,0,0,0,0,0,0,0,0,0,0,13,59.09,12,0,0,0,22,0,16,10,257,2,4,0,0,0,1,0,0,0,28.88,27,34.83,1,0,0,0,0,2,0,0,0,0,0,0,3,0,0,1,1,1,9,5,0,0,0,22,2,0,0.0,0.0,0,0,0,153,78,0,,9,17,3,3
802138,Jean Victor Makengo,jean-victor-makengo,1656,Lorient,7.23,28.9,4,1,1,1,0,0.47,1,131,16,147,89.12,66,65,36,3,4,40.0,6,1,0,0,0,0,0.0,7,2,4,23,58.97,3,37.5,26,55.32,343,14.29,0,0,0,1,0,0,0,1,5,2,0,0,1,6,100.0,3,0,0,4,33,4,6,4,215,13,4,1,0,3,0,1,0,0,40.86,36,29.66,2,0,0,0,0,4,0,0,0,0,0,0,4,0,0,3,10,2,21,5,0,0,0,6,4,6,100.0,343.0,0,0,0,74,73,0,1.08,0,20,1,4
962053,Filip Jørgensen,filip-jorgensen,1659,RC Strasbourg,7.23,28.9,4,0,0,0,0,0.01,0,139,46,185,75.14,116,23,4,0,0,0.0,1,0,1,0,0,0,0.0,0,0,0,2,100.0,2,100.0,4,100.0,360,0.0,0,0,0,0,0,0,0,0,0,0,0,0,0,31,40.26,10,0,0,0,46,0,28,14,229,2,0,0,0,0,0,0,0,16,8.12,0,19.11,0,2,0,12,4,6,2,3,4,4,3,0,4,0,0,0,0,0,0,0,0,0,0,77,8,0,0.0,0.0,0,0,3,123,62,0,,13,32,0,4
1177240,Patrick Beach,patrick-beach,1652,Troyes,7.23,28.9,4,0,0,0,0,0.01,0,40,49,89,44.94,22,18,5,0,0,0.0,0,0,0,0,0,0,0.0,0,0,0,1,100.0,0,0.0,1,100.0,360,0.0,0,0,0,0,0,0,0,0,0,0,0,0,0,20,28.99,4,1,0,0,51,0,1,0,139,1,0,0,0,0,0,0,0,15,,,,1,0,0,12,3,7,2,0,5,5,2,0,4,0,0,0,0,0,0,0,0,0,0,69,9,0,0.0,0.0,0,0,2,26,63,1,,29,37,0,4
1174292,Lucas Maronnier,lucas-maronnier,1652,Troyes,7.2,21.6,3,1,0,0,0,0.39,1,45,14,59,76.27,20,25,14,4,1,100.0,8,2,0,0,0,5,45.45,3,1,2,12,75.0,2,50.0,14,70.0,215,33.33,0,0,0,0,0,0,1,0,1,2,0,1,0,2,22.22,3,0,0,1,34,1,5,1,122,3,3,0,0,0,2,0,0,0,25.4,22,31.05,0,0,0,0,0,4,1,0,0,0,0,0,3,0,0,4,1,11,6,2,0,0,0,9,5,3,37.5,215.0,0,0,0,24,35,0,0.42,0,12,2,3
784655,Fabián Ruiz,fabian-ruiz,1644,Paris Saint-Germain,7.2,28.8,4,0,2,0,2,0.55,2,180,18,198,90.91,70,110,59,9,3,100.0,5,3,1,0,0,1,20.0,2,2,0,10,62.5,0,0.0,10,62.5,229,0.0,0,0,0,0,0,0,0,0,1,1,0,0,0,12,70.59,1,0,0,0,25,1,10,6,228,2,2,0,0,4,0,0,1,0,28.51,15,35.21,0,0,0,0,0,3,0,0,0,0,0,0,2,0,0,8,3,5,6,0,0,0,0,17,3,3,60.0,0.0,0,0,0,77,121,0,0.11,0,12,0,4
802134,Alec Georgen,alec-georgen,1656,Lorient,7.2,7.2,1,0,0,0,0,0.15,0,16,0,16,100.0,5,11,7,1,0,0.0,0,1,0,0,0,1,100.0,0,0,0,0,0.0,0,0.0,0,0.0,18,0.0,0,0,0,0,0,0,0,0,0,0,0,0,0,0,0.0,0,0,0,0,0,0,0,0,19,0,0,0,0,0,0,0,0,0,2.32,2,28.0,0,0,0,0,0,0,0,0,0,0,0,0,0,0,0,1,0,1,0,0,0,0,0,0,0,0,0.0,0.0,0,0,0,5,11,0,,0,1,1,1
1131448,Conrad Jaden Egan-Riley,cj-egan-riley,1641,Olympique de Marseille,7.2,28.8,4,0,0,0,0,0.15,0,263,17,280,93.93,175,88,19,1,0,0.0,7,6,0,0,0,0,0.0,0,0,0,11,84.62,10,100.0,21,91.3,345,0.0,0,0,0,1,0,0,0,0,0,0,0,0,0,13,61.9,24,0,1,0,18,1,14,7,330,4,1,0,0,2,0,0,0,0,36.95,31,35.81,0,0,0,0,0,6,0,0,0,0,0,0,4,0,0,1,0,0,2,0,0,0,0,21,6,3,42.86,0.0,0,0,0,180,100,0,,1,19,3,4
989768,Nuno Mendes,nuno-mendes,1644,Paris Saint-Germain,7.2,7.2,1,0,0,0,0,0.08,0,54,9,63,85.71,31,23,12,1,1,50.0,2,1,0,0,0,2,100.0,1,0,0,5,71.43,1,20.0,6,50.0,90,0.0,0,0,0,0,0,0,0,0,1,0,0,0,0,4,80.0,4,0,1,1,17,0,3,2,97,2,0,0,0,0,0,1,0,0,8.97,14,32.12,1,0,0,0,0,0,0,0,0,0,0,0,1,0,0,1,2,2,6,4,0,0,0,5,0,1,50.0,0.0,0,0,0,35,28,0,0.08,0,2,1,1
1090694,Vanderson,vanderson,1653,AS Monaco,7.2,28.8,4,0,2,0,0,0.63,0,143,42,185,77.3,58,85,39,3,4,66.67,11,5,1,0,0,2,20.0,2,0,0,17,58.62,3,100.0,20,62.5,321,0.0,0,0,0,0,0,0,0,0,0,2,0,0,0,10,41.67,10,0,1,2,62,0,11,6,274,2,6,0,0,2,0,2,0,0,36.49,36,32.31,1,0,0,0,0,2,0,0,0,0,0,0,4,0,0,3,6,10,12,0,0,0,0,24,2,5,45.45,0.0,0,0,0,70,115,0,0.06,0,17,4,4
857002,Louis Mafouta,louis-mafouta,1672,Le Mans,7.18,28.7,4,3,2,3,1,0.44,4,39,13,52,75.0,21,18,14,2,1,50.0,1,0,0,0,0,0,0.0,10,6,2,5,50.0,4,30.77,9,39.13,333,30.0,1,1,0,0,0,0,3,0,8,2,0,1,2,2,100.0,0,0,0,0,26,1,2,2,89,3,5,2,0,0,0,2,0,0,38.84,74,35.0,0,0,0,0,0,7,1,0,0,0,0,0,4,100,0,2,2,0,14,9,0,0,0,2,8,1,100.0,111.0,0,0,0,25,27,0,3.96,0,6,0,4
966621,Esteban Lepaul,lepaul-esteban,1658,Stade Rennais,7.18,28.7,4,3,1,3,0,0.13,3,58,13,71,81.69,31,27,16,4,1,33.33,0,2,1,0,0,0,0.0,16,8,7,4,28.57,6,54.55,10,40.0,347,18.75,1,1,0,0,0,0,3,0,13,3,0,0,3,3,75.0,4,0,0,4,23,0,5,4,113,3,2,0,0,2,1,1,0,0,41.85,44,31.2,0,0,0,0,0,5,0,0,0,0,0,0,4,100,0,4,3,0,15,5,0,0,0,4,5,0,0.0,115.67,0,0,0,34,37,0,2.19,0,6,0,4
231946,Adrien Thomasson,adrien-thomasson,1658,Stade Rennais,7.15,28.6,4,1,0,2,2,0.59,3,139,25,164,84.76,63,76,37,11,3,75.0,5,4,1,0,0,5,35.71,4,1,1,13,43.33,6,75.0,19,50.0,283,25.0,0,0,0,0,0,0,1,0,4,0,0,0,1,7,70.0,2,0,0,2,41,3,6,4,224,5,6,1,0,9,0,2,0,0,42.77,46,29.43,1,0,0,0,0,4,0,0,0,0,0,0,3,0,0,11,4,14,19,2,0,0,0,10,4,1,20.0,283.0,0,0,0,69,95,0,1.22,0,18,1,4
1129045,Antoine Mille,antoine-mille,1652,Troyes,7.15,28.6,4,1,1,0,1,0.7,2,100,23,123,81.3,34,66,47,6,4,44.44,12,3,0,0,0,1,10.0,6,1,2,18,46.15,10,76.92,28,53.85,263,16.67,0,0,0,0,0,0,1,0,5,1,0,1,0,7,63.64,2,0,0,2,48,2,11,7,187,2,8,0,0,6,1,3,0,0,35.19,24,31.68,0,0,0,0,0,6,2,0,0,0,0,0,3,0,0,6,9,10,24,3,0,0,0,11,8,4,33.33,263.0,0,0,0,39,84,1,0.44,0,15,1,4
1494826,Conrad Harder,conrad-harder,1659,RC Strasbourg,7.15,14.3,2,1,0,1,0,0.0,1,9,4,13,69.23,6,3,2,0,1,100.0,1,0,0,0,0,0,0.0,2,1,1,2,66.67,2,28.57,4,40.0,40,50.0,0,0,0,0,0,0,0,1,0,2,0,1,0,0,0.0,0,0,0,0,5,0,0,0,18,0,1,0,0,0,0,0,0,0,5.91,14,33.51,0,0,0,0,0,1,1,0,0,0,0,0,0,0,0,0,1,0,6,5,0,0,0,0,2,1,100.0,40.0,0,0,0,7,6,0,0.26,0,0,0,2
368120,Nabil Bentaleb,nabil-bentaleb,1643,Lille,7.15,28.6,4,0,2,0,1,0.32,1,177,23,200,88.5,105,72,36,5,1,33.33,3,3,0,0,0,0,0.0,3,1,1,8,44.44,5,62.5,13,50.0,341,0.0,0,0,0,0,1,0,0,0,0,3,0,0,0,14,82.35,14,0,2,4,34,1,25,18,244,4,1,0,0,3,0,1,0,0,40.48,17,28.38,2,0,0,0,0,1,1,0,0,0,0,0,4,0,0,5,3,0,13,3,0,0,0,17,2,3,100.0,0.0,0,0,0,115,85,0,0.12,0,27,0,4
343971,Ludovic Ajorque,ludovic-ajorque,1715,Stade Brestois,7.13,28.5,4,1,4,2,0,0.71,1,80,21,101,79.21,28,52,29,7,4,100.0,1,1,1,0,0,0,0.0,17,5,10,12,33.33,28,53.85,40,45.45,360,5.88,0,0,1,0,0,0,1,0,14,3,1,0,0,7,100.0,4,0,0,9,46,1,6,5,178,7,11,0,0,6,4,2,0,0,39.93,37,31.64,0,0,0,0,0,5,1,0,0,0,0,0,4,0,0,7,4,2,48,24,0,0,0,7,6,1,100.0,360.0,0,0,0,38,63,0,1.33,0,5,1,4
2359810,Adil Bourabaa,adil-bourabaa,1672,Le Mans,7.1,28.4,4,2,1,0,2,0.22,4,94,20,114,82.46,47,47,19,6,6,50.0,5,6,0,0,0,1,25.0,6,2,2,15,45.45,2,50.0,17,45.95,313,33.33,0,0,0,0,0,0,1,1,3,3,1,0,1,3,60.0,4,0,0,4,46,0,5,2,185,4,5,0,0,3,0,2,0,0,39.17,49,34.09,0,0,0,0,0,6,1,0,0,0,0,0,4,0,0,6,12,4,20,2,0,0,0,5,7,1,20.0,156.5,0,0,0,52,62,0,1.16,0,12,1,4
962068,Sebastian Nanasi,sebastian-nanasi,1659,RC Strasbourg,7.1,28.4,4,0,1,1,2,1.22,2,95,15,110,86.36,34,61,42,7,2,40.0,2,0,0,0,0,4,57.14,5,2,2,4,23.53,1,20.0,5,22.73,313,0.0,0,0,0,0,0,0,0,0,5,0,0,0,0,6,85.71,3,0,0,2,27,2,13,11,152,0,3,1,0,5,0,1,0,0,38.05,26,32.53,0,0,0,0,0,4,1,0,0,0,0,0,4,0,0,7,5,7,17,4,0,0,0,7,5,1,50.0,0.0,0,0,0,36,74,0,0.71,0,6,0,4
1506773,Mohamed Ouédraogo,mohamed-ouedraogo,1649,Olympique Lyonnais,7.1,7.1,1,0,0,0,0,0.03,0,54,13,67,80.6,32,22,9,0,2,66.67,0,4,0,0,0,0,0.0,0,0,0,3,33.33,0,0.0,3,33.33,90,0.0,0,0,0,0,0,0,0,0,0,0,0,0,0,5,71.43,1,0,1,2,21,1,2,0,100,1,2,0,0,1,0,0,0,0,11.05,17,33.56,1,0,0,0,0,0,0,0,0,0,0,0,1,0,0,0,3,1,6,0,0,0,0,7,0,0,0.0,0.0,0,0,0,38,29,0,,0,7,0,1
1597145,Abdelhamid Ait Boudlal,abdelhamid-ait-boudlal,1658,Stade Rennais,7.1,14.2,2,0,0,0,0,0.01,0,89,8,97,91.75,67,22,6,0,0,0.0,6,6,1,0,0,0,0.0,0,0,0,6,60.0,7,100.0,13,76.47,180,0.0,0,0,0,0,0,0,0,0,0,0,0,0,0,3,75.0,12,0,0,1,10,0,3,3,128,0,2,0,0,1,0,0,0,0,20.38,23,34.5,0,0,0,0,0,4,0,0,0,0,0,0,2,0,0,0,0,0,4,0,0,0,0,4,4,4,66.67,0.0,0,0,0,70,27,0,,2,10,4,2
798176,Egil Selvik,egil-selvik,1715,Stade Brestois,7.1,28.4,4,0,0,0,0,0.03,0,74,40,114,64.91,45,29,10,1,0,0.0,0,0,0,0,0,0,0.0,0,0,0,0,0.0,0,0.0,0,0.0,360,0.0,0,0,0,0,0,0,0,0,0,0,0,0,0,32,44.44,5,0,0,0,40,0,9,6,154,0,0,0,0,0,0,0,0,12,,,,0,1,0,7,5,5,1,1,3,3,0,0,4,0,0,1,0,0,0,0,0,0,0,72,6,0,0.0,0.0,0,0,3,49,65,0,,18,36,0,4
1121333,Amir Richardson,amir-richardson,1662,Le Havre,7.1,28.4,4,0,0,0,0,0.47,0,148,27,175,84.57,69,79,42,9,3,27.27,9,5,1,0,0,2,100.0,7,3,3,18,51.43,7,46.67,25,50.0,360,0.0,0,0,0,0,0,0,0,0,2,5,0,0,0,10,71.43,10,0,1,1,47,0,7,3,257,6,7,0,0,1,1,1,0,0,44.03,43,33.69,1,0,0,0,0,4,0,0,0,0,0,0,4,0,0,9,11,2,25,8,0,0,0,14,4,6,66.67,0.0,0,0,0,74,101,0,0.29,0,20,1,4
2277165,Enzo Koffi,enzo-koffi,1662,Le Havre,7.1,28.4,4,0,0,0,0,0.12,0,42,6,48,87.5,12,30,10,3,3,37.5,4,2,0,0,0,2,16.67,3,2,1,12,57.14,5,83.33,17,62.96,102,0.0,0,0,1,0,0,0,0,0,2,1,0,0,0,2,66.67,4,0,0,3,30,0,5,4,112,5,1,0,0,0,0,0,0,0,14.87,21,32.56,0,0,0,0,0,1,0,0,0,0,0,0,0,0,0,3,8,12,10,1,0,0,0,3,1,3,75.0,0.0,0,0,0,15,33,0,0.15,0,5,0,4
1138804,Hakon Arnar Haraldsson,hakon-arnar-haraldsson,1643,Lille,7.08,28.3,4,1,1,0,0,0.82,1,99,10,109,90.83,45,54,34,7,4,50.0,4,3,1,0,0,0,0.0,5,4,1,12,42.86,1,33.33,13,41.94,307,20.0,0,0,0,0,0,0,1,0,5,0,0,0,1,3,75.0,6,0,1,5,27,1,7,4,161,4,5,0,0,2,1,0,0,0,39.3,43,35.56,1,0,0,0,0,0,0,0,0,0,0,0,4,0,0,7,8,1,18,2,0,0,0,4,0,1,25.0,307.0,0,0,0,47,62,0,0.54,0,14,0,4
1049442,Ilan Kebbal,ilan-kebbal,6070,Paris FC,7.08,28.3,4,0,2,1,1,0.91,1,148,31,179,82.68,73,75,41,8,6,54.55,6,2,0,0,0,3,25.0,9,3,3,19,46.34,1,14.29,20,41.67,337,0.0,0,0,1,0,0,0,0,0,4,5,0,0,0,3,33.33,1,0,1,3,57,4,12,6,258,7,7,1,0,7,1,3,0,0,40.78,59,30.57,1,0,0,0,0,2,0,0,0,0,0,0,4,0,0,8,11,12,28,6,0,0,0,9,2,2,33.33,0.0,0,0,0,85,94,1,1.12,0,30,0,4
149656,Yvon Mvogo,yvon-mvogo,1656,Lorient,7.08,28.3,4,0,0,0,0,0.01,0,120,48,168,71.43,104,16,6,0,0,0.0,0,0,0,0,0,0,0.0,0,0,0,0,0.0,0,0.0,0,0.0,360,0.0,0,0,0,0,0,0,0,0,0,0,0,0,0,25,34.72,3,0,0,0,48,0,21,8,186,0,0,0,0,0,0,0,0,9,4.4,0,17.63,2,1,0,4,5,4,0,1,1,1,2,0,4,0,0,0,0,0,0,0,0,0,0,72,4,0,0.0,0.0,0,0,2,117,51,0,,10,17,0,4
873221,Ayumu Seko,ayumu-seko,1662,Le Havre,7.08,28.3,4,0,1,0,0,0.24,0,171,27,198,86.36,102,69,34,6,1,100.0,4,6,1,0,0,1,100.0,3,0,2,6,46.15,6,75.0,12,57.14,360,0.0,0,0,0,0,0,0,0,0,2,1,0,0,0,17,60.71,21,0,2,0,28,1,14,8,249,1,5,0,0,2,0,1,0,0,39.02,40,33.2,1,0,0,0,0,4,0,0,0,0,0,0,4,0,0,6,1,1,9,2,0,0,0,28,4,2,50.0,0.0,0,0,0,112,86,0,0.28,1,10,3,4
1407484,Samuel Amo-Ameyaw,amo-ameyaw-samuel,1659,RC Strasbourg,7.05,28.2,4,2,0,0,0,0.08,2,32,4,36,88.89,19,13,9,1,1,16.67,1,2,1,0,0,0,0.0,5,4,1,4,30.77,0,0.0,4,28.57,118,40.0,0,0,0,0,0,0,2,0,3,2,0,2,0,0,0.0,0,0,0,1,18,1,2,0,65,2,1,0,0,2,0,0,0,0,14.41,21,35.82,0,0,0,0,0,3,0,0,0,0,0,0,1,0,0,1,6,5,10,1,0,0,0,2,3,0,0.0,59.0,0,0,0,22,14,1,0.27,0,8,0,4
1402217,Panos Katseris,panos-katseris,1656,Lorient,7.05,28.2,4,0,1,0,3,0.77,3,39,16,55,70.91,21,18,13,5,1,33.33,4,4,1,0,0,2,14.29,1,1,0,7,63.64,4,50.0,11,57.89,160,0.0,0,0,0,0,0,0,0,0,1,0,0,0,0,2,50.0,7,0,0,0,36,0,5,3,110,2,1,0,0,1,0,0,0,0,20.2,35,33.01,0,0,0,0,0,1,0,0,0,0,0,0,2,0,0,5,3,14,8,4,0,0,0,4,1,3,75.0,0.0,0,0,0,28,27,0,0.07,0,9,0,4
800749,Matvey Safonov,matvey-safonov,1644,Paris Saint-Germain,7.05,28.2,4,0,0,0,0,0.0,0,73,14,87,83.91,70,3,0,0,0,0.0,0,0,0,0,0,0,0.0,0,0,0,1,100.0,1,100.0,2,100.0,360,0.0,0,0,0,0,0,0,0,0,0,0,0,0,0,7,35.0,8,0,1,0,18,0,5,2,129,1,0,0,0,0,0,0,0,7,,,,1,0,0,6,0,5,1,1,7,7,0,0,4,0,0,0,0,0,0,0,0,0,0,20,6,0,0.0,0.0,0,0,3,74,13,1,,21,32,0,4
38440,Kevin Trapp,kevin-trapp,6070,Paris FC,7.05,28.2,4,0,0,0,0,0.0,0,134,37,171,78.36,127,7,2,0,0,0.0,0,0,0,0,0,0,0.0,0,0,0,0,0.0,0,0.0,0,0.0,360,0.0,0,0,0,0,0,0,0,0,0,0,0,0,0,20,36.36,4,0,0,0,38,0,24,16,197,0,0,0,0,0,0,0,0,9,7.17,0,25.7,3,0,0,6,3,2,0,2,3,3,2,0,4,0,0,0,0,0,0,0,0,0,0,55,2,0,0.0,0.0,0,0,1,131,40,0,,16,27,0,4
1050692,Diego Coppola,diego-coppola,6070,Paris FC,7.05,28.2,4,0,0,0,0,0.08,0,293,29,322,90.99,229,64,12,1,0,0.0,5,3,1,0,0,0,0.0,0,0,0,6,75.0,6,31.58,12,44.44,360,0.0,0,0,0,0,0,0,0,0,0,0,0,0,0,4,18.18,27,0,0,0,31,0,15,2,373,1,2,0,0,0,0,0,0,0,37.61,22,31.65,3,0,0,0,0,2,0,0,0,0,0,0,4,0,0,1,0,0,15,13,0,0,0,22,2,4,80.0,0.0,0,0,0,241,81,0,,14,17,2,4
993952,Noah Cadiou,noah-cadiou,1656,Lorient,7.05,28.2,4,0,0,0,0,0.19,0,195,45,240,81.25,115,80,35,3,3,60.0,7,3,0,0,0,0,0.0,6,0,5,14,63.64,4,44.44,18,58.06,354,0.0,0,0,0,0,0,0,0,0,2,4,0,0,0,19,61.29,5,0,0,1,50,1,20,10,283,4,3,0,0,2,0,1,0,0,47.96,31,32.27,2,0,0,0,0,4,0,0,0,0,0,0,4,0,0,3,5,1,13,5,0,0,0,31,4,6,85.71,0.0,0,0,0,128,112,0,0.25,1,23,1,4
770677,Denis Zakaria,denis-zakaria,1653,AS Monaco,7.05,28.2,4,0,0,0,0,0.08,0,144,11,155,92.9,58,86,24,0,5,62.5,5,3,1,0,0,0,0.0,4,2,2,13,61.9,1,33.33,14,58.33,360,0.0,0,0,0,0,0,0,0,0,0,4,0,0,0,4,66.67,11,0,0,0,20,1,2,2,210,3,5,0,0,0,1,0,0,0,43.56,27,32.41,2,0,0,0,0,2,0,0,0,0,0,0,4,0,0,0,8,1,10,2,0,0,0,6,2,4,80.0,0.0,0,0,0,61,94,0,0.2,0,12,6,4
861324,Hugo Magnetti,hugo-magnetti,1715,Stade Brestois,7.03,21.1,3,0,1,0,1,0.28,1,78,8,86,90.7,41,37,10,3,2,100.0,7,7,0,0,0,1,100.0,3,1,2,12,60.0,0,0.0,12,60.0,180,0.0,0,0,0,0,0,0,0,0,2,1,0,0,0,3,50.0,2,0,0,3,17,0,4,4,126,3,3,0,0,2,0,0,0,0,23.32,9,28.11,0,0,0,0,0,0,1,0,0,0,0,0,2,0,0,3,2,1,8,0,0,0,0,6,1,4,57.14,0.0,0,0,0,42,44,0,0.05,0,14,1,3
916041,Mahdi Camara,mahdi-camara,1658,Stade Rennais,7.03,21.1,3,0,0,0,0,0.31,0,111,8,119,93.28,37,74,33,4,4,66.67,1,2,0,0,0,0,0.0,4,1,2,9,50.0,1,100.0,10,52.63,210,0.0,0,0,0,0,0,0,0,0,3,1,0,0,0,4,80.0,0,0,0,1,15,2,0,0,151,4,6,0,0,0,0,1,0,0,27.4,45,35.93,1,0,0,0,0,1,0,0,0,0,0,0,2,0,0,4,6,3,9,0,0,0,0,5,1,1,100.0,0.0,0,0,0,37,82,0,0.31,0,16,0,3
798124,Rasmus Nicolaisen,rasmus-nicolaisen,1681,Toulouse,7.03,21.1,3,0,0,0,0,0.02,0,147,7,154,95.45,110,37,10,1,0,0.0,2,4,1,0,0,0,0.0,4,0,4,4,40.0,14,73.68,18,62.07,270,0.0,0,0,0,0,0,0,0,0,4,0,0,0,0,5,71.43,20,0,0,0,9,0,7,4,196,2,4,0,0,1,0,0,0,0,28.15,17,30.82,0,0,0,0,0,4,1,0,0,0,0,0,3,0,0,1,1,0,11,5,0,0,0,7,5,0,0.0,0.0,0,0,0,112,42,0,0.19,5,11,5,3
2683592,Djibril Ouziad,djibril-ouziad,1662,Le Havre,7.03,21.1,3,0,0,1,0,0.1,0,50,11,61,81.97,26,24,16,0,7,100.0,2,2,0,0,0,5,55.56,3,0,2,13,76.47,2,40.0,15,68.18,156,0.0,0,0,0,0,0,0,0,0,2,1,0,0,0,3,100.0,6,0,1,0,23,0,2,2,126,4,3,0,0,1,0,1,0,0,19.08,24,35.23,0,0,0,0,0,0,0,0,0,0,0,0,2,0,0,0,7,9,7,3,0,0,0,3,0,1,50.0,0.0,0,0,0,29,32,0,0.15,0,5,1,3
1014048,Amine El Ouazzani,el-ouazzani-amine,1684,Angers,7.03,28.1,4,1,1,1,1,0.07,2,43,16,59,72.88,21,22,14,2,3,100.0,4,1,0,0,0,0,0.0,9,2,3,14,51.85,14,50.0,28,50.91,308,11.11,0,0,0,0,0,0,1,0,5,4,0,1,0,2,66.67,1,0,0,8,37,0,2,1,114,7,3,0,0,2,0,4,0,0,33.79,42,32.05,0,0,0,0,0,3,2,0,0,0,0,0,4,0,0,2,3,0,27,14,0,0,0,3,5,3,75.0,308.0,0,0,0,25,34,1,0.94,0,6,0,4
942479,Michal Skoras,michal-skoras,1648,RC Lens,7.03,28.1,4,0,2,0,1,1.22,1,95,17,112,84.82,36,59,34,7,1,33.33,3,7,1,0,0,4,33.33,1,0,1,12,54.55,1,50.0,13,54.17,252,0.0,0,0,0,0,0,0,0,0,0,1,0,0,0,1,25.0,10,0,0,3,39,0,2,1,200,8,4,0,0,1,1,0,0,0,29.13,38,33.22,0,0,0,0,0,6,0,0,0,0,0,0,3,0,0,7,3,12,11,1,0,0,0,4,6,2,66.67,0.0,0,0,0,39,73,1,0.02,0,13,0,4
1129382,Bradley Locko,bradley-locko,1715,Stade Brestois,7.03,28.1,4,0,1,0,0,0.37,0,127,35,162,78.4,65,62,38,4,2,50.0,11,7,1,0,0,4,25.0,0,0,0,21,72.41,4,66.67,25,71.43,358,0.0,0,0,0,0,0,0,0,0,0,0,0,0,0,15,46.88,13,0,0,2,63,1,21,10,289,9,3,0,0,1,0,0,0,0,39.1,47,32.0,0,0,0,0,0,5,1,0,0,0,0,0,4,0,0,4,4,16,10,2,0,0,0,32,6,10,90.91,0.0,0,0,0,73,89,0,,0,21,1,4
1100321,Noah Mbamba,noah-mbamba,1656,Lorient,7.0,21.0,3,1,0,0,0,0.03,1,55,2,57,96.49,31,24,8,0,0,0.0,3,3,0,0,0,0,0.0,1,1,0,8,42.11,0,0.0,8,42.11,145,100.0,0,0,0,0,0,0,1,0,1,0,0,1,0,2,50.0,2,0,0,4,15,2,3,2,88,5,3,0,0,1,0,0,0,0,18.03,7,29.38,0,0,0,0,0,2,0,0,0,0,0,0,2,0,0,0,3,0,11,0,0,0,0,4,2,1,33.33,145.0,0,0,0,31,26,0,0.19,0,9,0,3
818244,Ousmane Dembélé,ousmane-dembele,1644,Paris Saint-Germain,7.0,21.0,3,0,0,1,1,0.3,1,84,14,98,85.71,22,62,50,4,3,60.0,0,1,0,0,0,2,18.18,9,3,2,3,42.86,0,0.0,3,42.86,132,0.0,0,0,0,0,0,0,0,0,3,6,0,0,0,6,85.71,0,0,0,2,29,1,7,5,135,0,0,0,0,0,2,4,0,0,15.68,14,30.39,0,0,0,0,0,2,1,0,0,0,0,0,2,0,0,4,5,11,4,0,0,0,0,7,3,0,0.0,0.0,0,0,0,25,73,0,0.57,0,3,0,3
1049538,Ousmane Camara,ousmane-camara,1684,Angers,7.0,28.0,4,0,1,0,1,0.2,1,189,22,211,89.57,141,48,9,2,1,100.0,7,6,0,0,0,0,0.0,2,0,1,8,88.89,5,50.0,13,68.42,360,0.0,0,0,0,0,0,0,0,0,2,0,0,0,0,1,7.69,25,0,0,0,25,0,11,4,267,0,0,0,0,1,0,1,0,0,38.85,16,35.17,1,0,0,0,0,3,2,0,0,0,0,0,4,0,0,2,1,0,6,5,0,0,0,13,5,5,71.43,0.0,0,0,0,149,62,0,0.21,17,13,5,4
1551242,Everton Pereira,everton-pereira,1661,Nice,7.0,7.0,1,0,0,0,0,0.01,0,27,2,29,93.1,11,16,7,0,0,0.0,2,0,0,0,0,0,0.0,0,0,0,3,60.0,2,100.0,5,71.43,90,0.0,0,0,0,0,0,0,0,0,0,0,0,0,0,2,100.0,1,0,0,0,2,0,2,2,36,1,2,0,0,0,0,0,0,0,11.17,7,33.01,1,0,0,0,0,0,0,0,0,0,0,0,1,0,0,0,0,0,2,0,0,0,0,2,0,1,50.0,0.0,0,0,0,11,18,0,,0,6,0,1
1108441,Lucas Beraldo,lucas-beraldo,1644,Paris Saint-Germain,7.0,14.0,2,0,0,0,0,0.11,0,51,7,58,87.93,19,32,10,0,1,100.0,2,0,0,0,0,0,0.0,0,0,0,3,75.0,1,100.0,4,80.0,84,0.0,0,0,0,0,0,0,0,0,0,0,0,0,0,8,80.0,1,0,0,1,8,0,13,10,65,0,0,0,0,0,0,0,0,0,10.49,8,31.6,0,0,0,0,0,1,0,0,0,0,0,0,1,0,0,0,1,0,1,0,0,0,0,10,1,2,100.0,0.0,0,0,0,20,38,0,,0,3,1,2
96544,Geoffrey Kondogbia,geoffrey-kondogbia,1641,Olympique de Marseille,7.0,14.0,2,0,0,0,0,0.01,0,120,7,127,94.49,94,26,5,0,0,0.0,6,3,0,0,0,0,0.0,0,0,0,6,60.0,1,33.33,7,53.85,141,0.0,0,0,0,0,0,0,0,0,0,0,0,0,0,5,55.56,5,0,0,1,10,0,7,4,148,1,1,0,0,1,0,0,0,0,13.75,11,31.54,0,0,0,0,0,2,0,0,0,0,0,0,2,0,0,0,1,0,6,2,0,0,0,9,2,5,83.33,0.0,0,0,0,97,30,0,,4,8,1,2
1134758,Raúl Torrente,raul-torrente,1672,Le Mans,7.0,14.0,2,0,0,0,0,0.0,0,29,7,36,80.56,22,7,2,0,0,0.0,5,0,0,0,0,0,0.0,0,0,0,5,71.43,1,100.0,6,75.0,74,0.0,0,0,0,0,0,0,0,0,0,0,0,0,0,2,28.57,8,0,0,0,7,0,3,0,51,0,2,0,0,0,0,0,0,0,8.91,16,31.8,0,0,0,0,0,1,0,0,0,0,0,0,1,0,0,0,0,0,2,0,0,0,0,7,1,3,60.0,0.0,0,0,0,23,13,0,,0,2,0,2
1397569,Dembo Sylla,dembo-sylla,1656,Lorient,7.0,28.0,4,0,0,0,0,0.06,0,172,21,193,89.12,95,77,28,0,1,50.0,6,12,0,0,0,0,0.0,0,0,0,13,56.52,8,57.14,21,56.76,342,0.0,0,0,0,0,0,0,0,0,0,0,0,0,0,10,58.82,15,0,0,3,35,0,6,3,271,6,3,0,0,4,0,0,0,0,39.31,45,32.95,1,0,0,0,0,4,0,0,0,0,0,0,4,0,0,0,2,7,16,6,0,0,0,17,4,2,33.33,0.0,0,0,0,105,88,0,,0,6,2,4
926506,Mohamed Abdelmonem,mohamed-abdelmonem,1661,Nice,7.0,21.0,3,0,0,0,0,0.1,0,238,18,256,92.97,133,105,36,0,0,0.0,7,3,0,0,0,0,0.0,3,0,2,9,52.94,6,100.0,15,65.22,251,0.0,0,0,0,0,0,0,0,0,2,1,0,0,0,10,55.56,7,0,0,2,27,1,7,4,295,2,1,0,0,4,0,1,0,0,26.85,42,35.24,0,0,0,0,0,3,1,0,0,0,0,0,3,0,0,0,1,2,8,0,0,0,0,18,4,4,57.14,0.0,0,0,0,139,117,0,0.15,0,12,0,4
1490783,Simon Ebonog,simon-ebonog,1662,Le Havre,7.0,28.0,4,0,0,0,0,0.13,0,140,20,160,87.5,58,82,43,3,4,57.14,12,9,0,0,0,0,0.0,3,2,0,26,52.0,2,33.33,28,50.0,344,0.0,0,0,0,0,0,0,0,0,1,2,0,0,0,4,57.14,1,0,0,9,44,3,8,4,237,10,9,0,0,3,0,1,0,0,40.57,27,34.86,1,0,0,0,0,3,0,0,0,0,0,0,4,0,0,3,7,2,28,4,0,0,0,7,3,5,41.67,0.0,0,0,0,64,96,0,0.11,0,37,0,4
352802,Maxime López,maxime-lopez,6070,Paris FC,7.0,28.0,4,0,0,0,0,0.32,0,269,20,289,93.08,162,107,38,2,1,100.0,6,5,0,0,0,1,100.0,1,1,0,8,53.33,0,0.0,8,50.0,296,0.0,0,0,0,0,0,0,0,0,0,1,0,0,0,4,40.0,4,0,0,2,24,1,9,6,319,1,4,0,0,1,0,0,0,0,36.8,31,31.52,2,0,0,0,0,2,0,0,0,0,0,0,3,0,0,2,1,1,8,1,0,0,0,10,2,2,33.33,0.0,0,0,0,175,114,0,0.02,0,17,0,4
906075,Melvin Bard,melvin-bard,1661,Nice,7.0,14.0,2,0,0,0,0,0.08,0,63,12,75,84.0,23,40,17,2,0,0.0,3,1,0,0,0,0,0.0,1,0,1,5,71.43,5,100.0,10,83.33,172,0.0,0,0,0,0,0,0,0,0,0,1,0,0,0,4,40.0,5,1,0,0,18,0,7,2,106,2,1,0,0,1,1,0,0,0,19.77,23,32.6,1,0,0,0,0,2,0,0,0,0,0,0,2,0,0,2,0,4,2,0,0,0,0,10,2,1,33.33,0.0,0,0,0,29,46,0,0.02,0,13,2,2
1949522,Jacobo Ortega,jacobo-ortega-conde,1659,RC Strasbourg,6.98,27.9,4,1,0,1,1,0.54,2,31,19,50,62.0,7,24,17,4,1,25.0,2,0,0,0,0,1,33.33,6,4,1,4,18.18,8,66.67,12,35.29,244,16.67,0,0,0,0,0,0,1,0,5,1,0,0,1,2,66.67,2,0,0,9,40,2,3,2,97,1,6,0,0,1,1,1,0,0,28.51,44,34.3,0,0,0,0,0,3,1,0,0,0,0,0,3,0,0,4,4,3,22,4,0,0,0,3,4,2,100.0,244.0,0,0,0,8,42,0,1.1,0,4,0,4
1471683,Sadibou Sané,sane-sadibou,1653,AS Monaco,6.98,27.9,4,0,0,0,0,0.04,0,188,15,203,92.61,111,77,27,1,0,0.0,7,2,0,0,0,0,0.0,0,0,0,9,64.29,3,30.0,12,50.0,360,0.0,0,0,0,0,0,0,0,0,0,0,0,0,0,7,46.67,18,0,1,0,20,0,10,5,254,2,4,0,1,1,0,0,0,0,40.57,41,36.21,2,0,0,0,0,2,0,0,0,0,0,0,4,0,0,1,0,1,12,7,0,0,0,15,2,4,57.14,0.0,0,0,0,118,85,0,,0,17,4,4
922759,Mark McKenzie,mark-mckenzie,1681,Toulouse,6.98,27.9,4,0,2,0,0,0.08,0,253,21,274,92.34,162,91,26,2,0,0.0,3,5,0,0,0,0,0.0,0,0,0,6,50.0,8,80.0,14,63.64,360,0.0,0,0,0,0,0,0,0,0,0,0,0,0,0,8,40.0,24,0,0,0,25,0,18,9,326,3,5,0,0,1,0,0,0,0,38.8,25,31.63,0,0,0,0,0,6,1,0,0,0,0,0,4,0,0,2,0,0,8,2,0,0,0,20,7,2,66.67,0.0,0,0,0,169,105,0,,8,17,2,4
821728,Jonathan Clauss,jonathan-clauss,1661,Nice,6.98,27.9,4,0,2,1,0,1.51,0,148,38,186,79.57,41,107,69,7,3,50.0,6,2,0,0,0,8,20.51,12,3,5,10,50.0,4,100.0,14,58.33,338,0.0,0,0,0,0,1,0,0,0,8,4,0,0,0,4,28.57,7,0,1,2,81,2,13,4,298,1,2,0,0,3,0,4,0,0,38.57,55,33.94,0,0,0,0,0,3,1,0,0,0,0,0,4,0,0,7,6,39,10,0,0,0,0,14,4,3,50.0,0.0,0,0,0,48,138,0,0.92,0,19,0,4
1154605,Désiré Doué,desire-doue,1644,Paris Saint-Germain,6.98,27.9,4,0,0,0,0,0.65,0,121,26,147,82.31,31,90,51,5,7,100.0,8,2,0,0,0,1,14.29,10,3,3,25,58.14,0,0.0,25,56.82,222,0.0,0,0,0,0,0,0,0,0,3,7,0,0,0,5,71.43,0,0,0,8,53,2,9,7,225,10,4,0,0,6,4,4,0,0,27.28,31,32.38,0,0,0,0,0,3,1,0,0,0,0,0,3,0,0,5,7,7,19,1,0,0,0,7,4,7,87.5,0.0,0,0,0,35,112,0,0.68,0,10,0,4
305338,Adrien Monfray,adrien-monfray,1652,Troyes,6.98,27.9,4,0,1,1,0,0.11,0,199,34,233,85.41,119,80,36,3,0,0.0,11,6,0,0,0,0,0.0,6,1,3,13,72.22,10,76.92,23,74.19,360,0.0,0,0,0,0,0,0,0,0,4,2,0,0,0,22,59.46,15,0,1,0,39,0,36,16,291,3,0,0,0,5,0,2,0,0,39.89,38,35.48,1,0,0,0,0,7,2,0,0,0,0,0,4,0,0,3,0,1,8,3,0,0,0,37,9,10,90.91,0.0,0,0,0,128,105,0,0.58,0,13,2,4
1151803,Kévin Danois,kevin-danois,1646,Auxerre,6.98,27.9,4,0,1,0,0,0.53,0,179,45,224,79.91,73,106,62,6,8,88.89,12,3,1,0,0,0,0.0,6,1,4,25,60.98,2,50.0,27,60.0,360,0.0,0,0,0,1,0,0,0,0,2,4,0,0,0,14,60.87,10,0,0,4,60,4,15,6,298,5,7,0,0,4,0,1,0,0,48.15,55,34.93,1,0,0,0,0,9,2,0,0,0,0,0,4,0,0,6,9,4,18,2,0,0,0,23,11,6,50.0,0.0,0,0,0,79,145,1,0.28,0,21,0,4
992026,Rassoul Ndiaye,rassoul-ndiaye,1662,Le Havre,6.97,20.9,3,0,0,1,0,0.47,0,83,18,101,82.18,24,59,35,6,2,25.0,7,2,0,0,0,4,14.29,6,1,1,13,52.0,1,33.33,14,50.0,225,0.0,0,0,0,0,0,0,0,0,4,2,0,0,0,0,0.0,0,0,1,0,56,6,5,1,175,5,2,0,0,4,1,4,0,0,29.52,19,36.03,0,0,0,0,0,3,0,0,0,0,0,0,3,0,0,6,8,28,14,2,0,0,0,2,3,2,28.57,0.0,0,0,0,29,72,0,0.38,0,14,1,3
1545381,Souleymane Sagnan,souleymane-sagnan,1648,RC Lens,6.97,20.9,3,0,0,0,0,0.08,0,142,16,158,89.87,95,47,20,0,1,100.0,11,5,0,0,1,1,50.0,1,1,0,13,72.22,5,83.33,18,75.0,248,0.0,0,0,0,0,0,0,0,0,0,1,0,0,0,7,50.0,13,0,0,1,18,0,7,5,203,1,2,0,0,2,0,0,0,0,27.93,30,32.87,0,0,0,0,0,5,0,0,0,0,0,0,2,0,0,0,1,2,6,1,0,0,0,14,5,7,63.64,0.0,1,0,0,99,59,0,0.05,1,7,2,3
847983,Sebastian Szymański,sebastian-szymanski,1658,Stade Rennais,6.95,27.8,4,1,0,0,1,0.27,2,63,13,76,82.89,24,39,24,6,0,0.0,7,2,0,0,0,4,30.77,3,1,2,9,52.94,0,0.0,9,50.0,227,33.33,0,0,0,0,0,0,0,1,0,3,0,1,0,2,40.0,2,0,0,2,30,0,3,2,124,2,1,0,0,3,0,0,0,0,28.26,28,32.23,0,0,0,0,0,4,0,0,0,0,0,0,3,0,0,6,2,13,9,1,0,0,0,5,4,5,71.43,227.0,0,0,0,30,46,1,0.18,0,3,0,4
1110006,Dário Essugo,dario-essugo,1659,RC Strasbourg,6.95,13.9,2,0,0,1,1,0.07,1,32,3,35,91.43,12,20,15,3,0,0.0,0,1,0,0,0,0,0.0,2,0,0,5,62.5,0,0.0,5,55.56,72,0.0,0,0,0,0,0,0,0,0,2,0,0,0,0,2,50.0,1,0,0,3,7,0,1,1,53,5,0,0,0,0,0,2,0,0,8.98,9,31.45,0,0,0,0,0,1,1,0,0,0,0,0,0,0,0,3,0,0,4,1,0,0,0,4,2,0,0.0,0.0,0,0,0,13,22,0,0.37,0,4,1,2
1003316,Kandet Diawara,kandet-diawara,1652,Troyes,6.95,27.8,4,0,1,0,1,0.89,1,46,13,59,77.97,7,39,33,3,4,66.67,3,2,0,0,0,0,0.0,2,0,1,9,60.0,2,50.0,11,57.89,207,0.0,0,0,0,0,0,0,0,0,1,1,0,0,0,0,0.0,1,0,0,2,39,4,1,0,102,3,2,0,0,0,3,1,0,0,23.46,28,32.13,0,0,0,0,0,4,1,0,0,0,0,0,2,0,0,3,6,14,8,2,0,0,0,0,5,0,0.0,0.0,0,0,0,7,52,0,0.09,0,7,0,4
1392829,Amine Sbai,amine-sbai,1684,Angers,6.95,27.8,4,0,3,0,0,1.16,0,64,30,94,68.09,10,54,37,14,5,38.46,1,0,0,0,0,5,26.32,10,1,3,13,43.33,2,66.67,15,45.45,342,0.0,0,0,0,0,0,0,0,0,4,6,0,0,0,5,71.43,0,0,1,7,64,4,12,7,167,7,2,1,0,0,1,6,0,0,36.85,31,35.43,0,0,0,0,0,3,2,0,0,0,0,0,4,0,0,14,13,19,18,1,0,0,0,7,5,1,100.0,0.0,0,0,0,18,76,1,0.68,0,12,0,4
1534422,Oso,oso,1659,RC Strasbourg,6.95,13.9,2,0,1,0,0,0.13,0,87,15,102,85.29,46,41,20,2,2,50.0,2,5,0,0,0,0,0.0,4,0,4,7,50.0,3,100.0,10,58.82,180,0.0,0,0,0,0,0,0,0,0,2,2,0,0,0,2,28.57,3,0,0,1,24,1,6,3,149,3,0,0,0,4,0,0,0,0,20.82,21,33.16,0,0,0,0,0,2,1,0,0,0,0,0,2,0,0,2,4,5,7,0,0,0,0,7,3,2,100.0,0.0,0,0,0,54,48,0,0.21,0,13,1,2
2456506,Xavier Mandza,mandza-xavier,1661,Nice,6.95,27.8,4,0,0,0,0,0.12,0,312,34,346,90.17,203,109,34,4,1,33.33,8,8,0,0,0,2,50.0,4,1,2,10,52.63,7,77.78,17,60.71,358,0.0,0,0,0,0,0,0,0,0,0,4,0,0,0,16,51.61,16,0,2,2,46,0,21,9,416,2,1,0,0,4,0,1,0,0,38.64,42,33.13,0,0,0,0,0,4,1,0,0,0,0,0,4,0,0,4,3,4,11,2,0,0,0,31,5,5,62.5,0.0,0,0,0,213,133,0,0.1,16,31,1,4
979480,Willian Pacho,willian-pacho,1644,Paris Saint-Germain,6.95,27.8,4,0,0,0,0,0.05,0,254,9,263,96.58,195,59,13,0,0,0.0,9,4,0,0,0,0,0.0,1,0,1,10,83.33,6,42.86,16,61.54,360,0.0,0,0,0,0,0,0,0,0,0,1,0,0,0,8,66.67,7,0,1,1,13,0,5,3,300,1,1,0,0,0,0,0,0,0,35.15,33,33.79,1,0,0,0,0,5,1,0,0,0,0,0,4,0,0,0,0,0,10,8,0,0,0,12,6,5,55.56,0.0,0,0,0,198,65,0,0.05,5,21,3,4
835480,Loïs Openda,lois-openda,1649,Olympique Lyonnais,6.93,20.8,3,1,0,4,1,0.21,2,33,10,43,76.74,7,26,23,3,2,66.67,1,0,1,0,0,0,0.0,13,5,4,10,62.5,1,100.0,11,64.71,255,7.69,0,0,0,0,0,0,1,0,12,1,0,0,1,0,0.0,2,0,0,1,25,3,1,0,89,7,4,1,0,0,4,4,0,0,26.3,53,33.23,0,0,0,0,0,2,0,0,0,0,0,0,3,0,0,3,3,2,6,0,0,0,0,1,2,0,0.0,255.0,0,0,0,7,36,0,2.29,0,6,0,3
1190933,João Neves,joao-neves,1644,Paris Saint-Germain,6.93,20.8,3,0,0,3,0,0.2,0,166,18,184,90.22,75,91,43,3,0,0.0,6,5,0,0,0,0,0.0,7,3,2,9,50.0,6,54.55,15,51.72,240,0.0,0,0,0,0,0,0,0,0,6,1,0,0,0,9,90.0,2,0,0,1,23,2,10,9,224,3,4,0,0,3,0,2,0,0,30.99,25,31.05,1,0,0,0,0,3,1,0,0,0,0,0,3,0,0,3,1,0,14,5,0,0,0,10,4,2,33.33,0.0,0,0,0,82,102,0,0.84,0,14,0,3
867440,Danny Namaso,danny-namaso,1646,Auxerre,6.93,27.7,4,1,1,1,0,0.16,1,74,18,92,80.43,27,47,36,6,5,62.5,8,0,0,0,0,0,0.0,8,5,2,16,44.44,7,58.33,23,47.92,319,12.5,1,1,1,0,0,0,1,0,6,2,0,0,1,2,33.33,4,0,0,10,41,0,2,1,152,3,4,0,0,4,1,1,0,0,35.84,43,34.98,0,0,0,0,0,7,2,0,0,0,0,0,4,100,0,6,8,1,25,5,0,0,0,6,9,7,87.5,319.0,0,0,0,30,62,0,1.47,0,11,0,4
2318284,Harouna Djibirin,djibirin-harouna,1684,Angers,6.93,27.7,4,1,0,1,0,0.03,1,21,7,28,75.0,7,14,9,1,1,33.33,2,2,0,0,0,0,0.0,3,2,1,6,46.15,2,100.0,8,53.33,72,33.33,0,0,0,0,0,0,1,0,2,1,0,1,0,0,0.0,2,0,0,1,18,1,0,0,57,3,2,0,0,3,0,0,0,0,10.09,13,33.17,0,0,0,0,0,0,0,0,0,0,0,0,0,0,0,1,3,4,7,0,0,0,0,0,0,2,100.0,72.0,0,0,0,9,19,0,0.41,0,6,0,4
794373,Carlens Arcus,carlens-arcus,1684,Angers,6.93,27.7,4,1,0,0,0,0.27,1,89,11,100,89.0,49,40,20,4,0,0.0,5,4,0,0,0,4,40.0,3,1,1,5,45.45,2,50.0,7,46.67,258,33.33,0,0,0,0,0,0,1,0,3,0,1,0,0,3,42.86,8,0,0,0,23,2,3,2,167,0,2,0,0,2,0,1,0,0,29.29,45,34.95,0,0,0,0,0,2,1,0,0,0,0,0,3,0,0,4,3,10,8,2,0,0,0,7,3,2,40.0,258.0,0,0,0,53,47,0,0.22,0,12,1,4
877102,Nayef Aguerd,nayef-aguerd,1641,Olympique de Marseille,6.93,27.7,4,0,0,0,0,0.05,0,212,17,229,92.58,124,88,23,0,0,0.0,1,1,1,0,0,0,0.0,0,0,0,1,14.29,11,73.33,12,54.55,208,0.0,0,0,0,0,0,0,0,0,0,0,0,0,0,6,46.15,12,0,0,0,18,0,10,7,250,0,2,0,0,4,0,0,0,0,22.54,27,34.96,0,0,0,0,0,3,0,0,0,0,0,0,2,0,0,0,0,0,10,4,0,0,0,13,3,1,100.0,0.0,0,0,0,133,96,0,,1,9,2,4
855810,Timothy Weah,tim-weah,1641,Olympique de Marseille,6.93,27.7,4,0,0,1,0,0.57,0,210,30,240,87.5,86,124,63,5,2,66.67,8,1,1,0,0,2,25.0,4,2,2,15,60.0,3,50.0,18,58.06,360,0.0,0,0,0,0,0,0,0,0,2,2,0,0,0,7,38.89,12,0,0,1,43,1,19,9,323,5,6,1,0,2,0,0,0,0,41.22,55,34.53,1,0,0,0,0,6,0,0,0,0,0,0,4,0,0,5,3,8,13,3,0,0,0,18,6,4,50.0,0.0,0,0,0,97,143,0,0.17,0,15,3,4
1020744,Charlie Cresswell,charlie-cresswell,1658,Stade Rennais,6.93,27.7,4,0,0,0,0,0.04,0,207,36,243,85.19,137,70,20,0,0,0.0,3,3,1,0,0,0,0.0,2,0,1,6,50.0,19,65.52,25,60.98,360,0.0,0,0,0,0,0,0,0,0,2,0,0,0,0,6,30.0,22,0,0,0,39,1,10,5,294,4,3,0,0,3,0,1,0,0,41.86,22,35.23,1,0,0,0,0,5,0,0,0,0,0,0,4,0,0,0,0,1,16,10,0,0,0,20,5,3,100.0,0.0,0,0,0,148,95,0,0.09,8,15,5,4
795002,Niklas Schmidt,niklas-schmidt,1681,Toulouse,6.93,27.7,4,0,0,0,0,0.42,0,188,17,205,91.71,77,111,43,6,0,0.0,4,2,2,0,0,2,22.22,2,0,1,4,44.44,2,100.0,6,54.55,218,0.0,0,0,0,0,0,0,0,0,0,2,0,0,0,14,66.67,5,0,0,1,26,1,16,10,238,0,4,0,0,0,0,1,0,0,26.72,14,29.78,0,0,0,0,0,5,1,0,0,0,0,0,2,0,0,6,1,9,5,0,0,0,0,21,6,1,25.0,0.0,0,0,0,82,123,0,0.05,0,12,1,4
141080,Kenny Lala,kenny-lala,1715,Stade Brestois,6.93,27.7,4,0,1,0,0,0.73,0,98,41,139,70.5,64,34,18,7,1,33.33,6,0,0,0,0,7,38.89,2,0,1,11,64.71,1,33.33,12,60.0,292,0.0,0,0,0,0,0,0,0,0,1,1,0,0,0,15,46.88,9,0,0,0,65,0,26,6,222,4,1,0,0,3,0,1,0,0,33.13,35,32.96,0,0,0,0,0,4,1,0,0,0,0,0,4,0,0,7,3,18,8,2,0,0,0,32,5,3,50.0,0.0,0,0,0,77,62,0,0.04,0,14,0,4
989056,Giovanni Reyna,giovanni-reyna,1659,RC Strasbourg,6.9,27.6,4,1,2,0,0,0.51,1,90,7,97,92.78,44,46,24,6,4,44.44,2,1,0,0,0,1,100.0,6,3,1,10,41.67,2,66.67,12,44.44,241,16.67,0,0,0,0,0,0,1,0,5,1,0,1,0,0,0.0,2,0,0,5,23,5,2,0,141,4,2,0,0,2,0,2,0,0,31.22,11,33.14,0,0,0,0,0,3,2,0,0,0,0,0,3,0,0,6,9,1,15,1,0,0,0,1,5,2,100.0,241.0,0,0,0,45,52,0,0.51,0,15,0,4
825681,Romain Del Castillo,romain-del-castillo,1715,Stade Brestois,6.9,13.8,2,1,0,0,0,0.49,1,45,13,58,77.59,14,31,22,4,3,37.5,3,2,0,0,0,3,21.43,1,1,0,7,46.67,0,0.0,7,38.89,138,100.0,0,0,0,0,0,0,1,0,1,0,0,1,0,1,50.0,0,0,0,1,34,4,3,1,99,1,3,0,0,0,2,0,0,0,16.45,13,31.54,0,0,0,0,0,4,0,0,0,0,0,0,2,0,0,4,8,14,11,3,0,0,0,2,4,2,66.67,138.0,0,0,0,15,43,0,0.2,0,7,0,2
981168,Samir Chergui,samir-sophian-chergui,6070,Paris FC,6.9,20.7,3,1,0,0,0,0.06,1,136,15,151,90.07,98,38,4,1,0,0.0,2,7,0,0,0,0,0.0,1,1,0,2,25.0,0,0.0,2,22.22,270,100.0,0,0,0,0,0,0,1,0,1,0,0,0,1,0,0.0,10,1,0,0,16,1,3,0,182,0,6,0,0,0,0,0,0,0,28.55,19,30.92,2,0,0,0,0,2,0,0,0,0,0,0,3,0,0,1,0,0,7,1,0,0,0,4,2,0,0.0,270.0,0,0,0,108,43,1,0.07,1,9,3,3
1135854,Mamady Diambou,mamady-diambou,1715,Stade Brestois,6.9,13.8,2,0,1,0,1,0.03,1,46,6,52,88.46,20,26,12,2,0,0.0,8,0,0,0,0,0,0.0,6,2,3,9,60.0,1,25.0,10,52.63,102,0.0,0,0,0,0,0,0,0,0,2,4,0,0,0,4,50.0,1,0,0,1,8,1,3,2,77,1,3,0,0,2,0,1,0,0,13.28,14,28.8,0,0,0,0,0,2,0,0,0,0,0,0,1,0,0,2,0,0,9,3,0,0,0,8,2,6,75.0,0.0,0,0,0,21,31,0,0.35,0,8,0,2
51665,Benjamin André,benjamin-andre,1643,Lille,6.9,20.7,3,0,0,0,0,0.05,0,65,8,73,89.04,42,23,11,3,2,40.0,7,2,1,0,0,0,0.0,0,0,0,14,53.85,2,100.0,16,57.14,160,0.0,0,0,0,0,0,0,0,0,0,0,0,0,0,3,75.0,6,0,1,1,14,0,6,4,107,5,5,0,0,3,1,0,0,0,19.47,10,35.51,1,0,0,0,0,0,0,0,0,0,0,0,2,0,0,3,5,0,12,0,0,0,0,4,0,7,100.0,0.0,0,0,0,44,29,0,,0,10,2,3
817979,Axel Tuanzebe,axel-tuanzebe,1646,Auxerre,6.9,6.9,1,0,0,0,0,0.0,0,24,1,25,96.0,17,7,0,0,0,0.0,0,1,0,0,0,0,0.0,2,1,1,2,100.0,1,100.0,3,100.0,90,0.0,0,0,0,0,0,0,0,0,2,0,0,0,0,1,100.0,6,0,1,0,1,0,1,0,39,2,0,0,0,0,0,0,0,0,9.22,7,29.99,1,0,0,0,0,0,0,0,0,0,0,0,1,0,0,0,0,0,0,0,0,0,0,1,0,0,0.0,0.0,0,0,0,18,7,0,0.25,1,6,0,1
1066020,Kaito Mizuta,kaito-mizuta,1662,Le Havre,6.9,13.8,2,0,1,0,0,0.33,0,42,8,50,84.0,16,26,19,5,0,0.0,4,0,0,0,0,3,20.0,3,0,3,6,60.0,0,0.0,6,60.0,152,0.0,0,0,0,0,0,0,0,0,1,2,0,0,0,1,50.0,1,0,0,0,26,0,1,1,85,2,4,0,0,0,1,0,0,0,20.94,27,35.63,0,0,0,0,0,0,0,0,0,0,0,0,2,0,0,5,1,15,4,0,0,0,0,2,0,3,75.0,0.0,0,0,0,17,33,0,0.14,0,2,0,3
979118,Tyler Morton,tyler-morton,1649,Olympique Lyonnais,6.9,27.6,4,0,0,0,0,0.37,0,147,25,172,85.47,72,75,34,3,0,0.0,4,2,1,0,0,3,33.33,2,0,1,4,36.36,2,33.33,6,35.29,287,0.0,0,0,0,0,0,0,0,0,1,1,0,0,0,17,70.83,3,0,1,2,37,0,22,16,212,0,5,0,0,1,0,1,0,0,37.88,24,29.85,1,0,0,0,0,2,0,0,0,0,0,0,3,0,0,3,0,9,11,4,0,0,0,24,2,0,0.0,0.0,0,0,0,75,97,0,0.04,0,10,1,4
895306,Lucas Buades,lucas-buades,1672,Le Mans,6.9,13.8,2,0,1,0,0,0.11,0,34,20,54,62.96,21,13,8,1,3,100.0,1,1,0,0,0,0,0.0,1,1,0,9,81.82,4,66.67,13,76.47,180,0.0,0,0,0,0,0,0,0,0,1,0,0,0,0,2,33.33,2,0,0,1,34,0,3,0,102,8,1,0,0,0,0,0,0,0,23.53,41,36.12,0,0,0,0,0,4,1,0,0,0,0,0,2,0,0,1,3,7,4,2,0,0,0,6,5,1,100.0,0.0,0,0,0,25,29,0,0.04,0,4,0,2
1094538,Yassine Titraoui,yassine-titraoui,1648,RC Lens,6.9,20.7,3,0,0,0,0,0.11,0,152,18,170,89.41,75,77,23,0,1,25.0,9,4,1,0,0,0,0.0,1,0,0,15,60.0,1,50.0,16,59.26,240,0.0,0,0,0,0,0,0,0,0,0,1,0,0,0,10,66.67,2,0,1,2,28,0,12,6,209,5,2,0,0,3,0,1,0,0,30.46,35,33.18,0,0,0,0,0,5,0,0,0,0,0,0,3,0,0,0,4,0,11,1,0,0,0,15,5,7,77.78,0.0,0,0,0,80,90,0,0.03,0,20,0,3
286909,Przemysław Frankowski,przemysaw-frankowski,1658,Stade Rennais,6.88,27.5,4,1,3,0,1,0.53,2,153,34,187,81.82,62,91,43,5,0,0.0,7,6,1,0,0,2,28.57,4,1,0,11,40.74,1,25.0,12,38.71,336,25.0,0,0,0,1,0,0,1,0,4,0,0,1,0,6,46.15,11,0,1,1,51,1,17,9,272,4,7,0,0,8,0,3,0,0,41.03,53,31.72,0,0,0,0,0,5,0,0,0,0,0,0,4,0,0,5,2,7,19,3,0,0,0,13,5,4,57.14,336.0,0,0,0,75,112,0,0.22,0,12,0,4
1403186,Thomas Jørgensen,jorgensen-thomas,1681,Toulouse,6.88,27.5,4,1,1,2,0,0.63,1,98,32,130,75.38,28,70,41,8,3,50.0,8,3,0,0,0,2,18.18,9,3,4,12,42.86,2,50.0,14,43.75,348,11.11,0,0,0,0,0,0,1,0,8,1,0,0,1,5,62.5,0,0,0,4,60,4,3,1,194,1,5,0,0,4,1,2,0,0,46.39,36,30.31,0,0,0,0,0,5,1,0,0,0,0,0,4,0,0,8,6,11,18,2,0,0,0,8,6,4,50.0,348.0,0,0,0,36,94,0,1.85,0,14,0,4
318963,Aleksandr Golovin,aleksandr-golovin,1653,AS Monaco,6.88,27.5,4,0,1,1,2,0.72,2,83,19,102,81.37,25,58,41,7,5,83.33,5,1,2,0,0,3,25.0,4,2,0,12,48.0,0,0.0,12,44.44,348,0.0,0,0,0,0,1,0,0,0,2,2,0,0,0,5,71.43,2,0,0,7,42,1,9,8,159,2,5,0,0,0,0,2,0,0,44.38,71,36.19,1,0,0,0,0,2,0,0,0,0,0,0,4,0,0,7,6,12,15,2,0,0,0,7,2,2,40.0,0.0,0,0,0,32,70,0,0.27,0,11,0,4
827522,Amine Harit,amine-harit,1641,Olympique de Marseille,6.88,27.5,4,0,2,0,1,0.85,1,131,25,156,83.97,38,93,66,8,6,75.0,5,4,1,0,0,1,11.11,5,2,1,19,50.0,0,0.0,19,50.0,353,0.0,0,0,0,0,0,0,0,0,3,2,0,0,0,4,57.14,1,0,1,11,57,1,10,5,230,8,1,0,0,5,1,2,0,0,39.0,44,34.19,0,0,0,0,0,6,0,0,0,0,0,0,4,0,0,8,8,9,19,0,0,0,0,7,6,4,80.0,0.0,0,0,0,43,113,0,0.23,0,11,0,4
1391541,Ngal'ayel Mukau,ngalayel-mukau,1643,Lille,6.88,27.5,4,0,0,0,0,0.14,0,84,11,95,88.42,42,42,25,0,1,100.0,4,3,0,0,0,0,0.0,1,1,0,5,45.45,2,40.0,7,43.75,237,0.0,0,0,0,0,0,0,0,0,0,1,0,0,0,3,60.0,6,0,0,1,20,0,1,1,134,0,3,0,0,2,0,0,0,0,30.68,27,30.91,1,0,0,0,0,1,1,0,0,0,0,0,2,0,0,0,1,0,9,3,0,0,0,5,2,3,75.0,0.0,0,0,0,48,47,0,0.09,0,20,1,4
985934,Youssouf Ndayishimiye,youssouf-ndayishimiye,1661,Nice,6.88,27.5,4,0,0,0,0,0.07,0,405,34,439,92.26,279,126,29,0,1,100.0,3,9,2,0,0,0,0.0,1,0,1,8,53.33,5,55.56,13,54.17,360,0.0,0,0,0,1,0,0,0,0,1,0,0,0,0,14,37.84,18,1,1,0,36,1,29,9,493,4,3,0,0,4,1,0,0,0,38.23,35,31.36,1,0,0,0,0,4,1,0,0,0,0,0,4,0,0,0,1,1,11,4,0,0,0,37,5,2,66.67,0.0,0,0,0,286,153,1,0.06,0,21,5,4
963298,Dilane Bakwa,dilane-bakwa,1643,Lille,6.87,20.6,3,1,0,0,1,0.15,2,53,9,62,85.48,24,29,20,3,1,20.0,3,2,0,0,0,1,33.33,4,1,1,6,40.0,1,33.33,7,38.89,138,25.0,0,0,0,0,0,0,1,0,4,0,0,1,0,0,0.0,2,0,1,1,24,3,3,2,94,2,2,1,0,2,0,2,0,0,15.66,13,31.76,0,0,0,0,0,1,1,0,0,0,0,0,1,0,0,3,5,3,11,2,0,0,0,1,2,2,66.67,138.0,0,0,0,27,35,0,0.36,0,9,0,3
979315,Elye Wahi,elye-wahi,1661,Nice,6.87,20.6,3,1,1,0,0,0.15,1,35,13,48,72.92,11,24,19,3,1,20.0,1,1,1,0,0,0,0.0,5,3,1,7,53.85,4,57.14,11,55.0,203,20.0,0,0,0,0,0,0,1,0,5,0,0,0,1,1,100.0,0,0,0,2,26,1,2,2,78,5,0,0,0,0,4,1,0,0,21.03,45,35.26,0,0,0,0,0,2,1,0,0,0,0,0,2,0,0,3,5,1,9,3,0,0,0,1,3,1,100.0,203.0,0,0,0,13,35,0,0.86,0,2,0,3
1401005,Remy Labeau Lascary,remy-labeau-lascary,1646,Auxerre,6.87,20.6,3,1,0,2,0,0.15,1,29,6,35,82.86,13,16,10,1,6,50.0,4,2,0,0,0,1,100.0,9,6,2,11,55.0,0,0.0,11,44.0,198,11.11,0,0,0,0,0,0,0,1,6,3,0,0,1,1,33.33,2,0,0,2,19,1,3,1,82,1,1,0,0,0,0,1,0,0,24.57,50,34.32,0,0,0,0,0,2,2,0,0,0,0,0,3,0,0,1,12,1,14,5,0,0,0,3,4,3,75.0,198.0,0,0,0,16,19,0,0.69,0,9,0,3
1195782,Noah Nartey,noah-nartey,1649,Olympique Lyonnais,6.87,20.6,3,1,0,0,0,0.04,1,30,6,36,83.33,13,17,11,1,1,25.0,1,1,1,0,0,0,0.0,1,1,0,3,33.33,1,100.0,4,40.0,106,100.0,0,0,0,0,0,0,0,1,0,1,0,0,1,1,50.0,1,0,0,0,13,1,2,1,50,1,2,0,0,1,0,0,0,0,13.98,18,29.89,0,0,0,0,0,1,0,0,0,0,0,0,1,0,0,1,4,1,6,0,0,0,0,2,1,1,100.0,106.0,0,0,0,15,21,0,0.07,0,7,0,3
1528107,Merwan Ifnaoui,merwan-ifnaoui,1652,Troyes,6.87,20.6,3,0,0,0,0,0.49,0,79,20,99,79.8,22,57,42,9,1,16.67,1,1,0,0,0,4,36.36,1,0,0,4,36.36,1,50.0,5,38.46,236,0.0,0,0,0,0,0,0,0,0,1,0,0,0,0,7,53.85,2,0,0,1,36,1,9,5,131,2,1,0,0,0,0,1,0,0,29.01,35,31.27,1,0,0,0,0,2,1,0,0,0,0,0,3,0,0,9,6,11,8,1,0,0,0,13,3,0,0.0,0.0,0,0,0,26,73,0,0.12,0,7,0,3
39070,Olivier Giroud,olivier-giroud,1643,Lille,6.85,27.4,4,1,0,2,2,0.09,3,31,14,45,68.89,8,23,14,3,1,100.0,0,0,1,0,0,0,0.0,3,2,1,3,42.86,8,53.33,11,50.0,229,33.33,0,0,0,0,0,0,0,1,2,1,0,1,0,1,50.0,2,0,0,3,24,2,3,2,73,2,1,0,0,0,4,0,0,0,25.66,33,33.02,0,0,0,0,0,1,1,0,0,0,0,0,3,0,0,3,1,0,11,7,0,0,0,2,2,0,0.0,229.0,0,0,0,14,31,0,0.85,0,4,0,4
825088,Ally Samatta,ally-samatta,1662,Le Havre,6.85,27.4,4,1,0,0,0,0.11,1,54,28,82,65.85,20,34,24,1,2,28.57,5,2,0,0,0,1,50.0,17,7,5,9,42.86,15,65.22,24,54.55,338,5.88,0,0,0,0,0,0,1,0,12,5,1,0,0,5,83.33,4,0,0,5,52,5,3,3,150,3,1,2,0,1,2,5,0,0,37.21,36,31.02,0,0,0,0,0,4,0,0,0,0,0,0,4,0,0,1,7,2,20,8,0,0,0,6,4,3,60.0,338.0,0,0,0,27,55,0,1.11,0,16,0,4
985823,Ayase Ueda,ueda-ayase,1643,Lille,6.85,13.7,2,1,0,1,0,0.14,1,16,2,18,88.89,6,10,8,1,1,33.33,0,0,0,0,0,0,0.0,5,3,2,1,10.0,1,25.0,2,14.29,104,20.0,0,0,0,0,0,0,1,0,5,0,1,0,0,2,100.0,1,0,0,1,10,0,2,1,35,0,7,0,0,0,0,0,0,0,11.37,14,29.59,0,0,0,0,0,0,0,0,0,0,0,0,1,0,0,1,3,0,12,3,0,0,0,2,0,0,0.0,104.0,0,0,0,7,11,0,1.08,0,2,0,2
1844117,Keyliane Abdallah,keyliane-abdallah,1641,Olympique de Marseille,6.85,27.4,4,1,1,1,0,0.49,1,53,9,62,85.48,10,43,23,3,4,50.0,0,0,0,0,0,2,20.0,5,2,2,6,37.5,2,100.0,8,44.44,102,20.0,0,0,0,0,0,0,1,0,3,2,0,1,0,1,100.0,0,0,0,3,27,0,3,1,98,2,2,0,0,1,0,1,0,0,11.69,11,35.87,0,0,0,0,0,2,0,0,0,0,0,0,0,0,0,3,8,10,10,0,0,0,0,1,2,0,0.0,102.0,0,0,0,13,49,0,0.53,0,2,0,4
1130573,Ibrahima Baldé,ibrahima-balde,1656,Lorient,6.85,13.7,2,1,0,1,0,0.08,1,16,4,20,80.0,7,9,7,1,0,0.0,0,1,0,0,0,0,0.0,2,1,1,1,25.0,5,45.45,6,40.0,92,50.0,0,0,0,0,0,0,1,0,2,0,0,0,1,1,100.0,1,0,0,1,6,0,0,0,32,1,2,0,0,0,0,0,0,0,10.99,18,31.55,0,0,0,0,0,2,0,0,0,0,0,0,1,0,0,1,0,0,9,6,0,0,0,1,2,0,0.0,92.0,0,0,0,7,13,0,0.43,0,1,0,2
343067,Corentin Tolisso,corentin-tolisso,1649,Olympique Lyonnais,6.85,27.4,4,0,2,2,1,0.62,1,127,29,156,81.41,44,83,42,7,1,33.33,5,5,0,0,0,3,42.86,6,3,2,12,50.0,5,45.45,17,48.57,291,0.0,0,0,0,0,0,0,0,0,3,3,0,0,0,7,70.0,5,0,0,1,46,4,9,6,219,6,2,0,0,7,0,1,0,0,36.99,27,30.25,1,0,0,0,0,2,0,0,0,0,0,0,3,0,0,7,3,7,18,6,0,0,0,10,2,3,60.0,0.0,0,0,0,50,106,0,0.67,0,18,1,4
1174462,Pablo Pagis,pablo-pagis,6070,Paris FC,6.85,27.4,4,0,3,0,1,1.1,1,94,17,111,84.68,39,55,30,7,2,33.33,4,3,0,0,0,2,20.0,6,0,5,10,40.0,1,25.0,11,37.93,296,0.0,0,0,0,0,0,0,0,0,3,3,0,0,0,8,72.73,2,0,0,5,43,0,9,8,174,4,5,0,0,1,1,1,0,0,34.38,27,31.32,0,0,0,0,0,2,0,0,0,0,0,0,4,0,0,7,6,10,18,3,0,0,0,11,2,3,75.0,0.0,0,0,0,45,66,0,0.33,0,8,0,4
1387161,Robin Risser,robin-risser,1648,RC Lens,6.85,27.4,4,0,0,0,0,0.01,0,109,16,125,87.2,104,5,3,0,0,0.0,0,0,0,0,0,0,0.0,0,0,0,1,50.0,2,66.67,3,60.0,360,0.0,0,0,0,0,0,0,0,0,0,0,0,0,0,16,51.61,5,0,0,1,17,0,13,9,167,1,0,0,0,0,0,0,0,11,,,,0,1,0,8,3,7,0,1,3,3,2,0,4,0,0,0,0,0,2,1,0,0,0,31,7,0,0.0,0.0,0,0,4,112,13,0,,17,33,0,4
155997,Emerson,emerson,1641,Olympique de Marseille,6.85,27.4,4,0,2,0,0,1.02,0,230,29,259,88.8,85,145,70,4,5,62.5,7,4,0,0,0,4,25.0,3,1,2,18,69.23,3,60.0,21,67.74,359,0.0,0,0,0,0,0,0,0,0,1,2,0,0,0,2,14.29,5,0,0,1,56,1,13,5,356,6,3,0,0,1,0,0,0,0,38.72,68,34.31,1,0,0,0,0,6,0,0,0,0,0,0,4,0,0,4,8,16,10,2,0,0,0,14,6,2,28.57,0.0,0,0,0,93,166,0,0.1,0,15,1,4
1545409,Mahamadou Nagida,nagida-mahamadou,1658,Stade Rennais,6.85,27.4,4,0,0,0,0,0.22,0,77,20,97,79.38,34,43,22,2,2,28.57,9,7,0,0,0,4,50.0,2,0,2,14,48.28,0,0.0,14,41.18,202,0.0,0,0,0,0,0,0,0,0,0,2,0,0,0,3,23.08,10,0,0,2,36,1,7,4,170,3,2,0,0,6,0,0,0,0,24.81,40,33.21,1,0,0,0,0,1,0,0,0,0,0,0,2,0,0,2,7,8,20,5,0,0,0,13,1,5,55.56,0.0,0,0,0,42,55,0,0.1,0,16,1,4
1099285,Jeyland Mitchell,jeyland-mitchell,1659,RC Strasbourg,6.83,20.5,3,0,0,1,0,0.04,0,169,18,187,90.37,125,44,17,0,0,0.0,6,6,1,0,0,0,0.0,1,0,1,6,54.55,8,72.73,14,63.64,270,0.0,0,0,0,1,0,0,0,0,1,0,0,0,0,6,37.5,17,0,0,0,21,0,12,6,226,0,2,0,0,3,1,0,0,0,27.53,17,34.62,0,0,0,0,0,3,1,0,0,0,0,0,3,0,0,0,0,0,8,3,0,0,0,16,4,3,50.0,0.0,0,0,0,130,57,0,0.16,11,7,4,3
369392,Antoine Rabillard,antoine-rabillard,1672,Le Mans,6.83,20.5,3,0,1,0,0,0.45,0,26,7,33,78.79,14,12,8,2,2,66.67,4,3,0,0,0,1,33.33,1,0,1,9,60.0,2,28.57,11,50.0,141,0.0,0,0,0,0,0,0,0,0,1,0,0,0,0,2,40.0,9,0,0,1,14,0,3,1,72,3,1,0,0,3,3,0,0,0,19.64,31,30.66,0,0,0,0,0,3,0,0,0,0,0,0,1,0,0,2,3,3,11,5,0,0,0,5,3,1,25.0,0.0,0,0,0,16,17,0,0.06,0,2,1,3
1462778,Lilian Raolisoa,lilian-raolisoa,1684,Angers,6.83,20.5,3,0,0,0,0,0.06,0,41,11,52,78.85,22,19,7,0,3,100.0,2,6,0,0,0,3,27.27,1,0,1,7,87.5,2,66.67,9,81.82,109,0.0,0,0,0,0,0,0,0,0,0,1,0,0,0,8,80.0,8,0,1,0,25,0,4,4,104,2,0,0,0,1,0,0,0,0,12.31,19,32.45,0,0,0,0,0,1,1,0,0,0,0,0,1,0,0,0,3,11,2,1,0,0,0,10,2,2,100.0,0.0,0,0,0,28,24,0,0.04,0,5,0,3
1029018,Abdallah Sima,abdallah-sima,1648,RC Lens,6.83,27.3,4,1,2,2,1,0.45,2,53,21,74,71.62,23,30,22,5,3,75.0,3,4,0,0,0,3,100.0,7,2,3,10,45.45,6,42.86,16,44.44,326,14.29,0,0,1,0,0,0,1,0,7,0,1,0,0,1,50.0,3,0,0,4,40,4,1,0,132,5,6,0,0,2,2,2,0,0,37.14,54,35.61,0,0,0,0,0,7,0,0,0,0,0,0,4,0,0,5,4,3,20,8,0,0,0,2,7,2,66.67,326.0,0,0,0,25,49,0,0.72,0,8,0,4
1001458,Issa Soumaré,issa-soumare,1658,Stade Rennais,6.83,27.3,4,0,0,0,1,0.06,1,42,18,60,70.0,15,27,19,2,2,66.67,2,3,1,0,0,0,0.0,5,1,3,9,52.94,6,54.55,15,53.57,215,0.0,0,0,0,0,0,0,0,0,4,1,0,0,0,2,100.0,5,0,0,3,34,1,1,1,106,5,4,0,0,0,1,1,0,0,25.86,36,34.59,0,0,0,0,0,4,0,0,0,0,0,0,3,0,0,2,3,3,13,5,0,0,0,2,4,1,50.0,0.0,0,0,0,19,41,0,0.28,0,5,2,4
247445,Renaud Ripart,renaud-ripart,1652,Troyes,6.8,27.2,4,1,0,1,0,0.13,1,32,24,56,57.14,8,24,17,1,0,0.0,4,1,0,0,0,1,50.0,8,3,4,11,52.38,13,46.43,24,48.98,252,12.5,1,1,0,0,0,0,1,0,7,1,0,0,1,4,80.0,0,0,0,6,35,2,3,1,98,7,2,0,0,0,0,1,0,0,32.22,20,32.57,0,0,0,0,0,4,1,0,0,0,0,0,3,100,0,1,2,2,25,15,0,0,0,5,5,3,75.0,252.0,0,0,0,13,43,0,1.64,0,10,0,4
1634397,Rayan Mandengue,rayan-mandengue,1646,Auxerre,6.8,20.4,3,0,1,0,1,0.61,1,10,2,12,83.33,6,4,2,1,3,50.0,1,2,1,0,0,0,0.0,1,0,1,6,37.5,1,100.0,7,41.18,56,0.0,0,0,0,0,0,0,0,0,0,1,0,0,0,1,50.0,3,0,0,1,9,1,1,0,35,2,6,0,0,0,0,0,0,0,7.08,20,33.35,0,0,0,0,0,1,0,0,0,0,0,0,0,0,0,1,6,2,10,0,0,0,0,2,1,0,0.0,0.0,0,0,0,6,6,0,0.02,0,6,0,3
1426243,Ismail Bouneb,bouneb-ismail,1662,Le Havre,6.8,6.8,1,0,0,0,0,0.05,0,1,2,3,33.33,1,0,0,1,2,100.0,0,0,0,0,0,1,25.0,0,0,0,2,100.0,0,0.0,2,100.0,10,0.0,0,0,0,0,0,0,0,0,0,0,0,0,0,0,0.0,0,0,0,0,6,0,0,0,12,0,0,0,0,0,0,0,0,0,1.45,4,29.44,0,0,0,0,0,0,0,0,0,0,0,0,0,0,0,1,2,4,0,0,0,0,0,0,0,0,0.0,0.0,0,0,0,3,0,0,,0,2,0,1
1895829,Daren Mosengo,daren-nbenbege-mosengo,1662,Le Havre,6.8,6.8,1,0,0,0,0,0.0,0,2,0,2,100.0,1,1,1,0,0,0.0,0,0,0,0,0,0,0.0,0,0,0,2,66.67,0,0.0,2,66.67,11,0.0,0,0,0,0,0,0,0,0,0,0,0,0,0,0,0.0,0,0,0,1,2,0,0,0,8,2,0,0,0,0,0,0,0,0,1.07,1,28.0,0,0,0,0,0,0,0,0,0,0,0,0,0,0,0,0,0,0,1,0,0,0,0,0,0,0,0.0,0.0,0,0,0,1,1,0,,0,2,1,1
2706970,Aboulaye Camara,aboulaye-camara,1661,Nice,6.8,6.8,1,0,0,0,0,0.0,0,5,1,6,83.33,3,2,0,0,0,0.0,1,0,0,0,0,0,0.0,0,0,0,1,100.0,0,0.0,1,100.0,10,0.0,0,0,0,0,0,0,0,0,0,0,0,0,0,0,0.0,1,0,0,0,1,0,0,0,9,0,0,0,0,0,0,0,0,0,1.17,0,24.51,0,0,0,0,0,0,0,0,0,0,0,0,0,0,0,0,0,0,0,0,0,0,0,0,0,0,0.0,0.0,0,0,0,4,2,0,,0,1,0,1
1083007,Mika Biereth,mika-biereth,1653,AS Monaco,6.8,13.6,2,0,0,0,0,0.02,0,5,3,8,62.5,0,5,4,0,0,0.0,2,0,0,0,0,0,0.0,0,0,0,4,80.0,1,20.0,5,50.0,42,0.0,0,0,0,0,0,0,0,0,0,0,0,0,0,0,0.0,2,0,0,1,8,0,0,0,20,2,0,0,0,0,1,0,0,0,5.78,6,34.52,0,0,0,0,0,0,0,0,0,0,0,0,0,0,0,0,0,1,5,4,0,0,0,1,0,2,100.0,0.0,0,0,0,0,8,0,,0,1,0,2
1191892,Tochukwu Nnadi,tochukwu-nadi,1641,Olympique de Marseille,6.8,13.6,2,0,0,0,0,0.03,0,37,3,40,92.5,12,25,11,0,0,0.0,2,0,0,0,0,0,0.0,0,0,0,3,75.0,0,0.0,3,75.0,43,0.0,0,0,0,0,0,0,0,0,0,0,0,0,0,3,100.0,0,0,0,1,4,0,2,2,45,1,0,0,0,0,0,0,0,0,4.49,4,30.6,0,0,0,0,0,1,0,0,0,0,0,0,0,0,0,0,0,0,1,0,0,0,0,3,1,2,100.0,0.0,0,0,0,12,28,0,,0,2,0,2
1049517,Ismael Doukouré,ismael-doukoure,1659,RC Strasbourg,6.8,13.6,2,0,0,0,0,0.01,0,85,8,93,91.4,69,16,2,0,1,50.0,2,0,0,0,0,0,0.0,0,0,0,3,50.0,4,80.0,7,63.64,160,0.0,0,0,0,0,0,0,0,0,0,0,0,0,0,3,50.0,6,0,0,0,10,0,4,2,109,0,2,0,0,0,0,0,0,0,16.14,12,36.01,0,0,0,0,0,1,1,0,0,0,0,0,2,0,0,0,2,0,4,1,0,0,0,6,2,1,50.0,0.0,0,0,0,76,17,0,,2,10,1,2
862075,Bryan Reynolds,bryan-reynolds,1658,Stade Rennais,6.8,6.8,1,0,0,0,0,0.0,0,8,2,10,80.0,5,3,2,0,2,66.67,1,1,0,0,0,0,0.0,0,0,0,3,60.0,0,0.0,3,60.0,24,0.0,0,0,0,0,0,0,0,0,0,0,0,0,0,0,0.0,3,0,0,0,4,0,0,0,22,0,1,0,0,0,0,0,0,0,3.71,7,33.32,0,0,0,0,0,0,0,0,0,0,0,0,0,0,0,0,3,1,2,0,0,0,0,1,0,1,100.0,0.0,0,0,0,5,5,0,,0,1,0,2
806076,Ludovic Blas,ludovic-blas,1658,Stade Rennais,6.8,27.2,4,0,3,4,0,0.44,0,70,10,80,87.5,16,54,35,6,3,75.0,4,2,0,0,0,3,27.27,10,3,4,9,60.0,0,0.0,9,47.37,189,0.0,0,0,0,0,0,0,0,0,7,3,0,0,0,6,85.71,0,0,0,1,28,2,8,7,128,2,4,2,0,1,1,3,0,0,24.71,42,33.6,0,0,0,0,0,2,0,0,0,0,0,0,2,0,0,6,4,11,10,4,0,0,0,7,2,4,100.0,0.0,0,0,0,18,62,0,1.36,0,8,0,4
1894085,Raphaël Le Guen,raphael-le-guen,1715,Stade Brestois,6.8,27.2,4,0,0,1,0,0.17,0,161,24,185,87.03,115,46,11,2,0,0.0,4,4,0,0,0,0,0.0,8,0,8,5,83.33,18,81.82,23,82.14,360,0.0,0,0,0,0,0,0,0,0,8,0,0,0,0,10,50.0,27,1,0,0,28,1,9,4,243,1,1,0,0,0,0,0,0,0,40.65,35,34.85,0,0,0,0,0,5,1,0,0,0,0,0,4,0,0,2,0,0,5,4,0,0,0,20,6,1,25.0,0.0,0,0,0,121,64,0,1.07,3,18,2,4
876600,Mousa Tamari,mousa-al-taamari,1658,Stade Rennais,6.8,27.2,4,0,2,2,0,0.79,0,49,16,65,75.38,13,36,22,5,7,46.67,4,1,1,0,0,2,25.0,8,3,2,13,43.33,1,25.0,14,41.18,255,0.0,0,0,0,0,0,0,0,0,6,2,0,0,0,0,0.0,1,0,1,4,43,5,1,0,124,2,3,0,0,2,2,3,0,0,28.64,71,35.12,0,0,0,0,0,4,0,0,0,0,0,0,3,0,0,5,15,8,20,3,0,0,0,1,4,4,100.0,0.0,0,0,0,15,50,0,0.45,0,15,0,4
1131540,Théo Le Bris,theo-le-bris,1656,Lorient,6.8,27.2,4,0,1,0,0,0.04,0,55,11,66,83.33,28,27,13,2,4,100.0,8,5,0,0,0,0,0.0,3,1,0,14,73.68,0,0.0,14,58.33,200,0.0,0,0,0,0,0,0,0,0,2,1,0,0,0,1,25.0,10,0,0,2,24,0,2,2,133,2,2,0,0,1,0,2,0,0,23.76,31,33.24,0,0,0,0,0,3,0,0,0,0,0,0,2,0,0,2,4,10,10,5,0,0,0,4,3,5,62.5,0.0,0,0,0,31,35,0,0.26,0,2,2,4
965357,Osame Sahraoui,osame-sahraoui,1643,Lille,6.8,13.6,2,0,0,0,0,0.08,0,24,2,26,92.31,7,17,13,0,2,66.67,0,1,0,0,0,0,0.0,2,1,0,4,44.44,0,0.0,4,44.44,72,0.0,0,0,0,0,0,0,0,0,1,1,0,0,0,0,0.0,0,0,0,4,9,0,0,0,44,2,0,0,0,0,0,1,0,0,9.16,9,28.05,0,0,0,0,0,0,0,0,0,0,0,0,1,0,0,0,3,0,5,0,0,0,0,0,0,0,0.0,0.0,0,0,0,7,19,0,0.18,0,3,0,2
1961626,Rudy Matondo,rudy-matondo,6070,Paris FC,6.8,27.2,4,0,0,1,0,0.05,0,42,7,49,85.71,27,15,9,3,3,75.0,3,0,1,0,0,0,0.0,1,1,0,6,50.0,0,0.0,6,50.0,127,0.0,0,0,0,0,0,0,0,0,1,0,0,0,0,0,0.0,2,0,1,3,16,0,0,0,70,0,2,0,0,0,0,0,0,0,16.51,28,34.39,0,0,0,0,0,0,0,0,0,0,0,0,1,0,0,3,4,0,6,0,0,0,0,0,0,3,100.0,0.0,0,0,0,32,17,0,0.13,0,11,0,4
1835732,Rayan Bamba,rayan-bamba,1672,Le Mans,6.8,20.4,3,0,0,0,0,0.1,0,126,15,141,89.36,82,44,21,2,2,33.33,8,2,0,0,0,4,36.36,1,0,0,10,50.0,1,100.0,11,52.38,270,0.0,0,0,0,0,0,0,0,0,1,0,0,0,0,6,66.67,6,0,0,2,43,2,6,3,213,0,3,0,0,1,1,1,0,0,31.81,53,35.29,0,0,0,0,0,5,0,0,0,0,0,0,3,0,0,2,6,11,10,0,0,0,0,9,5,6,75.0,0.0,0,0,0,86,55,0,0.06,5,19,0,3
1546405,Kyllian Antonio,kyllian-antonio,1648,RC Lens,6.8,13.6,2,0,0,0,0,0.06,0,99,13,112,88.39,70,29,9,1,0,0.0,4,2,0,0,0,1,50.0,1,0,0,8,80.0,1,14.29,9,52.94,180,0.0,0,0,0,0,0,0,0,0,0,1,0,0,0,2,22.22,5,0,0,1,16,0,7,1,135,4,0,0,0,0,0,1,0,0,19.69,11,34.47,0,0,0,0,0,3,0,0,0,0,0,0,2,0,0,1,1,2,8,6,0,0,0,9,3,2,50.0,0.0,0,0,0,75,37,0,0.04,2,9,1,2
945830,Himad Abdelli,himad-abdelli,1641,Olympique de Marseille,6.8,27.2,4,0,0,0,0,0.18,0,167,16,183,91.26,82,85,36,2,3,60.0,4,0,1,0,0,0,0.0,1,0,1,9,52.94,1,20.0,10,45.45,295,0.0,0,0,0,0,0,0,0,0,0,1,0,0,0,4,66.67,4,0,0,1,25,3,7,4,218,2,4,0,0,1,1,0,0,0,33.86,21,31.67,0,0,0,0,0,5,0,0,0,0,0,0,4,0,0,2,5,1,12,4,0,0,0,6,5,3,75.0,0.0,0,0,0,83,100,0,0.02,0,22,1,4
1621193,Joseph Kalulu,joseph-kalulu-kyatengwa,1684,Angers,6.8,20.4,3,0,0,0,0,0.03,0,86,16,102,84.31,43,43,19,0,5,83.33,4,4,1,0,0,1,14.29,1,0,0,14,66.67,0,0.0,14,66.67,270,0.0,0,0,0,0,0,0,0,0,0,1,0,0,0,1,14.29,7,0,0,3,35,0,1,0,181,5,0,0,0,3,0,1,0,0,31.01,42,33.72,1,0,0,0,0,2,1,0,0,0,0,0,3,0,0,0,6,7,7,0,0,0,0,7,3,4,100.0,0.0,0,0,0,50,52,0,0.02,0,15,1,3
957604,Pavel Šulc,pavel-sulc,1649,Olympique Lyonnais,6.78,27.1,4,0,0,0,2,0.43,2,48,13,61,78.69,18,30,14,4,1,50.0,4,0,0,0,0,0,0.0,3,1,1,6,46.15,2,40.0,8,44.44,194,0.0,0,0,0,0,0,0,0,0,1,2,0,0,0,2,66.67,3,0,0,2,26,1,3,2,96,1,2,0,0,2,0,1,0,0,24.97,18,30.72,1,0,0,0,0,1,0,0,0,0,0,0,2,0,0,4,2,1,10,3,0,0,0,3,1,3,75.0,0.0,0,0,0,20,41,0,0.13,0,8,0,4
944164,Sofiane Diop,sofiane-diop,1661,Nice,6.78,27.1,4,0,1,1,1,0.6,1,95,28,123,77.24,25,70,45,8,5,71.43,5,2,0,0,0,2,28.57,2,2,0,11,47.83,0,0.0,11,47.83,246,0.0,0,0,0,0,0,0,0,0,1,1,0,0,0,8,50.0,0,0,0,9,48,4,12,7,171,1,2,0,0,0,0,0,0,0,32.12,26,30.26,0,0,0,0,0,3,1,0,0,0,0,0,3,0,0,8,7,7,12,0,0,0,0,16,4,4,80.0,0.0,0,0,0,29,94,0,0.3,0,10,0,4
787827,Matthieu Udol,matthieu-udol,1648,RC Lens,6.78,27.1,4,0,2,1,0,0.28,0,94,22,116,81.03,56,38,18,4,1,33.33,5,4,0,0,0,1,12.5,4,0,3,9,50.0,12,75.0,21,61.76,294,0.0,0,0,0,0,0,0,0,0,4,0,0,0,0,3,37.5,7,0,0,1,42,2,8,4,189,3,3,1,0,4,0,1,0,0,35.11,56,33.41,0,0,0,0,0,6,0,0,0,0,0,0,4,0,0,4,3,8,13,4,0,0,0,8,6,3,60.0,0.0,0,0,0,64,52,0,1.07,0,15,1,4
988632,Jim Allevinah,jim-allevinah,1684,Angers,6.78,27.1,4,0,1,0,0,0.85,0,73,14,87,83.91,28,45,29,4,2,28.57,3,2,0,0,0,4,30.77,10,2,2,12,46.15,2,33.33,14,43.75,295,0.0,0,0,0,0,0,0,0,0,8,2,0,0,0,3,75.0,1,0,0,6,42,0,3,3,157,7,2,0,0,1,0,6,0,0,33.97,38,33.07,0,0,0,0,0,3,2,0,0,0,0,0,4,0,0,4,7,13,18,4,0,0,0,4,5,2,66.67,0.0,0,0,0,30,57,0,0.63,0,15,0,4
1410217,Pape Diop,pape-diop,1659,RC Strasbourg,6.78,27.1,4,0,0,0,0,0.07,0,188,21,209,89.95,120,68,31,4,1,100.0,11,5,2,0,0,0,0.0,5,0,3,16,69.57,0,0.0,16,66.67,291,0.0,0,0,0,0,2,0,0,0,1,4,0,0,0,7,53.85,9,0,1,0,27,2,14,9,264,4,4,0,0,3,0,2,0,0,38.68,37,35.26,0,0,0,0,0,4,2,0,0,0,0,0,3,0,0,4,1,1,8,1,0,0,0,13,6,6,54.55,0.0,0,0,0,131,78,0,0.34,0,24,4,4
330051,Moses Simon,moses-simon,6070,Paris FC,6.78,27.1,4,0,1,0,0,0.74,0,48,3,51,94.12,22,26,14,3,3,75.0,1,1,0,0,0,0,0.0,3,1,1,5,62.5,0,0.0,5,50.0,132,0.0,0,0,0,0,0,0,0,0,3,0,0,0,0,0,0.0,1,0,0,1,16,1,1,0,79,1,1,0,0,0,0,1,0,0,14.67,26,35.47,0,0,0,0,0,0,0,0,0,0,0,0,1,0,0,3,4,6,5,2,0,0,0,0,0,1,100.0,0.0,0,0,0,23,28,0,0.24,0,5,0,4
1893993,Gabin Bernardeau,gabin-bernardeau,1656,Lorient,6.78,27.1,4,0,1,1,0,0.59,0,52,30,82,63.41,29,23,19,3,3,50.0,5,1,0,0,0,3,27.27,3,1,1,14,53.85,2,33.33,16,50.0,268,0.0,0,0,0,0,0,0,0,0,2,1,0,0,0,2,33.33,4,0,0,4,54,1,7,0,142,6,2,0,0,3,0,1,0,0,32.99,33,31.96,0,0,0,0,0,3,0,0,0,0,0,0,4,0,0,3,6,11,16,4,0,0,0,6,3,4,80.0,0.0,0,0,0,35,47,0,0.21,0,9,0,4
1423504,Andrija Bulatović,andrija-bulatovic,1648,RC Lens,6.78,27.1,4,0,1,0,0,0.18,0,94,12,106,88.68,56,38,20,4,1,100.0,3,2,1,0,0,3,42.86,6,2,3,7,53.85,1,100.0,8,57.14,149,0.0,0,0,0,0,0,0,0,0,1,5,0,0,0,5,55.56,0,0,0,2,19,0,5,3,138,3,2,0,0,2,0,1,0,0,21.15,9,28.31,0,0,0,0,0,3,0,0,0,0,0,0,1,0,0,4,1,7,6,0,0,0,0,9,3,2,66.67,0.0,0,0,0,60,46,0,0.17,0,8,0,4
1507384,Adama Camara,camara-adama,6070,Paris FC,6.78,27.1,4,0,0,0,0,0.07,0,142,27,169,84.02,90,52,22,2,2,40.0,11,4,0,0,0,0,0.0,1,0,1,16,69.57,2,33.33,18,62.07,360,0.0,0,0,0,0,0,0,0,0,1,0,0,0,0,2,25.0,14,0,0,2,42,0,7,2,249,3,1,0,0,1,1,0,0,0,43.09,40,32.6,3,0,0,0,0,2,0,0,0,0,0,0,4,0,0,2,5,1,11,4,0,0,0,8,2,6,54.55,0.0,0,0,0,104,65,0,0.11,0,15,0,4
1855502,Arsène Kouassi,kan-guy-arsene-kouassi,1656,Lorient,6.78,27.1,4,0,1,0,0,0.59,0,132,28,160,82.5,60,72,36,7,2,20.0,3,3,0,0,0,3,30.0,1,0,1,11,40.74,3,100.0,14,46.67,360,0.0,0,0,0,0,0,0,0,0,0,1,0,0,0,0,0.0,7,0,1,4,53,2,6,3,233,6,3,0,0,1,0,0,0,0,42.02,49,34.46,2,0,0,0,0,4,0,0,0,0,0,0,4,0,0,7,10,10,16,0,0,0,0,4,4,2,66.67,0.0,0,0,0,70,90,0,0.02,0,20,1,4
362014,Hamari Traoré,hamari-traore,6070,Paris FC,6.77,20.3,3,0,0,0,0,0.01,0,92,5,97,94.85,63,29,6,0,0,0.0,2,1,1,0,0,0,0.0,0,0,0,4,57.14,1,25.0,5,45.45,192,0.0,0,0,0,0,0,0,0,0,0,0,0,0,0,2,50.0,4,0,0,0,8,0,4,1,137,2,2,0,0,2,0,0,0,0,19.71,15,30.61,1,0,0,0,0,2,0,0,0,0,0,0,2,0,0,0,1,0,6,3,0,0,0,4,2,1,50.0,0.0,0,0,0,64,33,0,,0,6,1,3
1130307,Karim Dermane,karim-dermane,1652,Troyes,6.77,20.3,3,0,0,0,0,0.32,0,69,11,80,86.25,16,53,31,2,3,50.0,5,2,0,0,0,1,50.0,4,1,0,9,42.86,0,0.0,9,37.5,186,0.0,0,0,0,0,0,0,0,0,2,2,0,0,0,3,75.0,2,0,0,2,21,1,6,3,113,1,4,0,0,3,0,3,0,0,25.14,25,30.45,0,0,0,0,0,5,0,0,0,0,0,0,2,0,0,2,6,2,15,3,0,0,0,4,5,3,60.0,0.0,0,0,0,18,62,0,0.23,0,17,0,3
1120615,Antoine Mendy,antoine-mendy,1661,Nice,6.77,20.3,3,0,0,0,0,0.04,0,114,13,127,89.76,47,67,33,1,0,0.0,5,2,0,0,0,0,0.0,3,0,1,7,63.64,2,50.0,9,60.0,124,0.0,0,0,0,0,0,0,0,0,1,2,0,0,0,3,42.86,3,1,1,3,20,0,7,2,155,2,1,0,0,0,0,2,0,0,13.91,15,34.44,1,0,0,0,0,1,0,0,0,0,0,0,1,0,0,1,0,0,6,2,0,0,0,7,1,4,80.0,0.0,0,0,0,52,75,0,0.1,0,6,0,3
1434543,Diogo Sousa,diogo-lobao,1659,RC Strasbourg,6.75,27.0,4,1,2,2,1,0.65,2,77,23,100,77.0,29,48,35,5,1,25.0,3,2,0,0,0,1,25.0,5,4,0,4,23.53,1,20.0,5,22.73,294,20.0,0,0,0,0,0,0,1,0,3,2,0,1,0,4,40.0,7,0,1,0,40,1,6,4,142,0,7,0,0,3,1,1,1,0,37.64,37,31.7,0,0,0,0,0,5,0,0,0,0,0,0,4,0,0,4,4,4,17,4,0,0,0,10,5,2,66.67,294.0,0,0,0,41,59,0,0.95,0,11,1,4
1047296,Jérémy Le Douaron,jeremy-le-douaron,1652,Troyes,6.75,13.5,2,1,0,0,0,0.02,1,16,12,28,57.14,0,16,9,0,1,50.0,1,0,0,0,0,0,0.0,5,1,3,4,44.44,7,50.0,11,47.83,124,20.0,0,0,0,0,0,0,1,0,4,1,0,1,0,0,0.0,0,0,0,1,22,1,0,0,52,2,3,0,0,1,1,1,0,0,15.41,7,30.89,0,0,0,0,0,5,1,0,0,0,0,0,1,0,0,0,2,1,12,7,0,0,0,0,6,1,100.0,124.0,0,0,0,3,25,0,1.33,0,3,0,2
867441,Angel Gomes,angel-gomes,1641,Olympique de Marseille,6.75,27.0,4,0,1,2,1,0.46,1,150,15,165,90.91,55,95,49,3,1,25.0,7,3,0,0,0,0,0.0,8,2,4,12,52.17,2,40.0,14,50.0,312,0.0,0,0,0,0,0,0,0,0,6,2,0,0,0,6,60.0,0,0,1,3,35,3,12,8,212,4,4,0,0,1,0,2,0,0,35.82,19,31.37,0,0,0,0,0,5,0,0,0,0,0,0,4,0,0,3,4,8,14,3,0,0,0,10,5,2,28.57,0.0,0,0,0,59,106,0,0.98,0,17,0,4
911851,Yann Gboho,yann-gboho,1681,Toulouse,6.75,13.5,2,0,1,1,1,0.25,1,45,7,52,86.54,9,36,24,4,3,37.5,0,2,0,0,0,0,0.0,2,0,2,9,40.91,0,0.0,9,40.91,170,0.0,0,0,0,0,0,0,0,0,1,1,0,0,0,1,100.0,2,0,0,3,25,3,2,1,88,6,3,0,0,2,1,0,0,0,21.27,28,33.43,0,0,0,0,0,2,1,0,0,0,0,0,2,0,0,4,8,2,13,0,0,0,0,1,3,0,0.0,0.0,0,0,0,9,43,0,0.32,0,10,0,2
1149146,Mika Godts,mika-godts,1644,Paris Saint-Germain,6.75,27.0,4,0,1,0,1,0.31,1,87,12,99,87.88,12,75,53,6,4,44.44,3,0,0,0,0,1,20.0,4,0,2,10,52.63,0,0.0,10,52.63,107,0.0,0,0,0,0,0,0,0,0,0,4,0,0,0,3,100.0,0,0,0,1,29,1,7,5,135,3,2,0,0,1,1,2,0,0,14.26,17,33.67,0,0,0,0,0,2,0,0,0,0,0,0,0,0,0,6,9,5,9,0,0,0,0,3,2,2,66.67,0.0,0,0,0,14,85,0,0.16,0,6,0,4
1035986,Josué Casimir,josue-casimir,1646,Auxerre,6.75,13.5,2,0,0,0,0,0.09,0,18,2,20,90.0,2,16,9,0,2,66.67,2,0,0,0,0,0,0.0,2,0,2,4,66.67,1,100.0,5,71.43,32,0.0,0,0,0,0,0,0,0,0,1,1,0,0,0,1,50.0,0,0,0,0,6,0,3,2,34,0,1,0,0,0,1,0,0,0,3.8,6,33.2,0,0,0,0,0,2,0,0,0,0,0,0,0,0,0,0,3,1,2,0,0,0,0,2,2,1,50.0,0.0,0,0,0,3,17,0,0.06,0,2,0,2
1022084,Tanner Tessmann,tanner-tessmann,1649,Olympique Lyonnais,6.75,13.5,2,0,0,0,0,0.05,0,18,1,19,94.74,5,13,5,1,0,0.0,2,0,1,0,0,0,0.0,1,0,1,3,50.0,0,0.0,3,42.86,27,0.0,0,0,0,0,0,0,0,0,0,1,0,0,0,2,66.67,1,0,0,1,3,0,2,2,27,1,2,0,0,0,0,0,0,0,4.38,1,27.09,0,0,0,0,0,0,0,0,0,0,0,0,0,0,0,1,0,0,4,1,0,0,0,3,0,1,50.0,0.0,0,0,0,5,14,0,0.02,0,4,0,3
557166,Mama Baldé,mama-balde,1715,Stade Brestois,6.73,20.2,3,0,1,1,1,0.34,1,28,8,36,77.78,10,18,9,3,2,28.57,3,0,0,0,0,0,0.0,7,1,3,9,47.37,1,50.0,10,47.62,109,0.0,0,0,0,0,0,0,0,0,4,3,0,0,0,2,66.67,0,0,0,2,21,1,1,0,71,4,2,0,0,2,0,3,0,0,12.62,17,34.95,0,0,0,0,0,0,0,0,0,0,0,0,1,0,0,3,7,4,11,1,0,0,0,3,0,0,0.0,0.0,0,0,0,12,24,0,0.38,0,5,0,3
579576,Ruben Aguilar,ruben-aguilar,1648,RC Lens,6.73,20.2,3,0,2,0,1,0.48,1,106,9,115,92.17,53,53,29,5,1,33.33,6,6,1,0,0,5,71.43,1,0,0,8,40.0,1,100.0,9,42.86,188,0.0,0,0,0,0,0,0,0,0,1,0,0,0,0,1,25.0,3,0,0,0,18,1,9,5,165,1,7,0,0,3,1,1,0,0,23.31,35,34.78,0,0,0,0,0,4,0,0,0,0,0,0,2,0,0,5,3,7,12,0,0,0,0,4,4,2,33.33,0.0,0,0,0,55,60,0,0.05,0,10,0,3
1126433,Elias Jelert,elias-jelert,1662,Le Havre,6.73,20.2,3,0,0,0,0,0.06,0,71,12,83,85.54,38,33,13,2,1,50.0,3,2,0,0,0,2,20.0,0,0,0,4,36.36,0,0.0,4,33.33,189,0.0,0,0,0,0,0,0,0,0,0,0,0,0,0,4,50.0,4,0,0,0,26,0,8,5,131,0,2,0,0,4,0,0,0,0,22.35,30,32.28,1,0,0,0,0,2,0,0,0,0,0,0,2,0,0,2,2,10,8,1,0,0,0,8,2,2,66.67,0.0,0,0,0,42,41,0,,0,7,0,3
1168588,Eliezer Mayenda,eliezer-mayenda,1658,Stade Rennais,6.73,20.2,3,0,0,0,0,0.05,0,14,4,18,77.78,5,9,5,1,2,100.0,1,0,0,0,0,0,0.0,4,0,1,6,85.71,0,0.0,6,75.0,38,0.0,0,0,0,0,0,0,0,0,3,1,0,0,0,1,50.0,0,0,0,1,8,0,0,0,34,3,1,0,0,0,0,3,0,0,5.49,6,28.01,0,0,0,0,0,0,0,0,0,0,0,0,0,0,0,1,2,1,2,1,0,0,0,2,0,0,0.0,0.0,0,0,0,7,11,0,0.14,0,1,0,3
842391,Gauthier Hein,gauthier-hein,1661,Nice,6.73,26.9,4,0,0,0,0,0.5,0,208,17,225,92.44,55,153,96,5,2,33.33,1,1,0,0,0,2,10.0,3,0,1,3,17.65,1,25.0,4,19.05,295,0.0,0,0,0,0,0,0,0,0,3,0,0,0,0,13,81.25,0,0,0,4,49,2,16,11,276,0,2,0,0,4,0,2,0,0,35.56,18,32.21,1,0,0,0,0,4,0,0,0,0,0,0,3,0,0,5,6,20,17,3,0,0,0,16,4,0,0.0,0.0,0,0,0,57,168,0,0.19,0,5,0,4
918429,Mads Bidstrup,mads-bidstrup,1649,Olympique Lyonnais,6.73,26.9,4,0,0,0,0,0.17,0,57,18,75,76.0,32,25,16,3,0,0.0,14,5,0,0,0,0,0.0,3,0,3,19,63.33,1,50.0,20,62.5,305,0.0,0,0,0,0,0,0,0,0,2,1,0,0,0,0,0.0,1,0,0,2,30,2,3,1,125,5,2,0,0,6,0,0,1,0,42.8,58,34.16,0,0,0,0,0,1,0,0,0,0,0,0,4,0,0,2,1,2,12,1,0,0,0,2,1,9,64.29,0.0,0,0,0,40,35,0,0.18,0,10,1,4
1930179,Anis Ouzenadji,anis-ouzenadji,1652,Troyes,6.7,26.8,4,0,1,0,1,0.18,1,112,38,150,74.67,51,61,40,4,4,44.44,10,5,0,0,0,3,17.65,1,0,1,24,63.16,1,25.0,25,59.52,360,0.0,0,0,0,0,0,0,0,0,1,0,0,0,0,4,18.18,11,0,1,5,72,3,14,2,259,10,4,0,0,2,0,0,0,0,41.09,42,35.61,1,0,0,0,0,7,2,0,0,0,0,0,4,0,0,4,9,17,17,3,0,0,0,22,9,6,60.0,0.0,0,0,0,68,82,0,0.05,0,21,2,4
1411145,Niko Sigur,niko-sigur,1681,Toulouse,6.7,6.7,1,0,0,0,0,0.01,0,21,2,23,91.3,7,14,5,1,0,0.0,0,2,0,0,0,0,0.0,0,0,0,0,0.0,0,0.0,0,0.0,45,0.0,0,0,0,0,0,0,0,0,0,0,0,0,0,0,0.0,2,0,0,0,2,0,0,0,33,0,1,0,0,0,0,0,0,0,6.3,8,33.32,0,0,0,0,0,0,0,0,0,0,0,0,0,0,0,1,0,0,1,0,0,0,0,0,0,0,0.0,0.0,0,0,0,8,15,0,,0,3,1,1
1014540,Ruben Kluivert,ruben-kluivert,1649,Olympique Lyonnais,6.7,6.7,1,0,0,0,0,0.0,0,13,1,14,92.86,11,2,0,0,0,0.0,0,0,0,0,0,0,0.0,0,0,0,0,0.0,0,0.0,0,0.0,9,0.0,0,0,0,0,0,0,0,0,0,0,0,0,0,0,0.0,1,0,0,0,1,0,0,0,15,0,0,0,0,0,0,0,0,0,0.99,1,25.55,0,0,0,0,0,0,0,0,0,0,0,0,0,0,0,0,0,0,0,0,0,0,0,1,0,0,0.0,0.0,0,0,0,12,2,0,,1,0,0,1
1407848,Christian Mawissa,christian-mawissa,1653,AS Monaco,6.7,6.7,1,0,0,0,0,,0,0,0,0,0.0,0,0,0,0,0,0.0,0,1,0,0,0,0,0.0,0,0,0,0,0.0,0,0.0,0,0.0,9,0.0,0,0,0,0,0,0,0,0,0,0,0,0,0,0,0.0,1,0,0,0,0,0,0,0,2,0,0,0,0,0,0,0,0,0,0.95,0,22.63,0,0,0,0,0,0,0,0,0,0,0,0,0,0,0,0,0,0,0,0,0,0,0,0,0,0,0.0,0.0,0,0,0,0,0,0,,0,0,0,1
2270569,Safouane Benzahra,safouane-benzahra,1653,AS Monaco,6.7,6.7,1,0,0,0,0,,0,0,0,0,0.0,0,0,0,0,0,0.0,0,0,0,0,0,0,0.0,0,0,0,0,0.0,0,0.0,0,0.0,9,0.0,0,0,0,0,0,0,0,0,0,0,0,0,0,0,0.0,0,0,0,0,1,0,0,0,3,0,0,0,0,0,0,0,0,0,1.49,1,27.53,0,0,0,0,0,0,0,0,0,0,0,0,0,0,0,0,0,0,0,0,0,0,0,0,0,0,0.0,0.0,0,0,0,0,0,0,,0,0,1,1
1545023,Mathys de Carvalho,mathys-de-carvalho,1649,Olympique Lyonnais,6.7,6.7,1,0,0,0,0,0.01,0,23,5,28,82.14,15,8,3,0,0,0.0,2,0,0,0,0,0,0.0,0,0,0,3,75.0,0,0.0,3,50.0,69,0.0,0,0,0,0,0,0,0,0,0,0,0,0,0,1,33.33,1,0,1,0,6,0,4,2,37,1,0,0,0,0,0,0,0,0,9.33,6,30.35,0,0,0,0,0,0,0,0,0,0,0,0,1,0,0,0,1,0,3,2,0,0,0,3,0,1,50.0,0.0,0,0,0,17,11,0,,0,2,1,1
1126588,Lasso Coulibaly,lasso-coulibaly,1646,Auxerre,6.7,6.7,1,0,0,0,0,0.01,0,5,0,5,100.0,1,4,3,1,1,100.0,1,0,0,0,0,0,0.0,0,0,0,2,100.0,0,0.0,2,100.0,13,0.0,0,0,0,0,0,0,0,0,0,0,0,0,0,0,0.0,1,0,0,0,0,1,0,0,8,0,0,0,0,0,0,0,0,0,2.41,3,29.27,0,0,0,0,0,1,0,0,0,0,0,0,0,0,0,1,1,0,0,0,0,0,0,0,1,0,0.0,0.0,0,0,0,1,4,0,,0,2,0,1
1936804,Isaac Cossier,isaac-cossier,1643,Lille,6.7,6.7,1,0,0,0,0,0.0,0,4,0,4,100.0,3,1,0,0,0,0.0,1,0,0,0,0,0,0.0,0,0,0,1,100.0,0,0.0,1,50.0,14,0.0,0,0,0,0,0,0,0,0,0,0,0,0,0,0,0.0,2,0,0,0,1,0,0,0,9,0,0,0,0,0,0,0,0,0,1.49,2,29.5,0,0,0,0,0,0,0,0,0,0,0,0,0,0,0,0,0,0,1,1,0,0,0,0,0,0,0.0,0.0,0,0,0,3,1,0,,0,0,0,1
1925480,Ilane Touré,ilane-toure,1653,AS Monaco,6.7,6.7,1,0,0,0,0,0.0,0,2,1,3,66.67,2,0,0,0,0,0.0,0,1,0,0,0,0,0.0,0,0,0,0,0.0,1,100.0,1,100.0,10,0.0,0,0,0,0,0,0,0,0,0,0,0,0,0,0,0.0,3,0,0,0,1,0,1,0,8,0,0,0,0,0,0,0,0,0,1.56,1,25.26,0,0,0,0,0,0,0,0,0,0,0,0,0,0,0,0,0,0,0,0,0,0,0,0,0,0,0.0,0.0,0,0,0,3,0,0,,0,2,0,1
1862843,Marius Louër,marius-louer,1684,Angers,6.7,6.7,1,0,0,0,0,0.0,0,1,0,1,100.0,1,0,0,0,0,0.0,0,1,0,0,0,0,0.0,0,0,0,0,0.0,0,0.0,0,0.0,14,0.0,0,0,0,0,0,0,0,0,0,0,0,0,0,0,0.0,0,0,0,0,2,0,0,0,4,0,0,0,0,0,0,0,0,0,,,,0,0,0,0,0,0,0,0,0,0,0,0,0,0,0,0,0,0,0,0,0,0,0,0,0,0,0.0,0.0,0,0,0,1,0,0,,0,0,0,1
1461961,Erwan Colas,erwan-colas,1672,Le Mans,6.7,6.7,1,0,0,0,0,0.0,0,1,4,5,20.0,0,1,1,0,0,0.0,0,0,0,0,0,0,0.0,0,0,0,0,0.0,0,0.0,0,0.0,27,0.0,0,0,0,0,0,0,0,0,0,0,0,0,0,0,0.0,0,0,0,0,5,0,1,0,9,0,0,0,0,0,0,0,0,0,4.15,9,32.01,0,0,0,0,0,0,0,0,0,0,0,0,0,0,0,0,0,0,1,1,0,0,0,1,0,0,0.0,0.0,0,0,0,0,5,0,,0,1,1,1
962064,Isak Jansson,isak-jansson,1661,Nice,6.7,13.4,2,0,0,0,0,0.01,0,6,2,8,75.0,1,5,3,0,0,0.0,1,0,0,0,0,0,0.0,0,0,0,3,100.0,1,100.0,4,100.0,27,0.0,0,0,0,0,0,0,0,0,0,0,0,0,0,0,0.0,0,0,0,0,4,0,0,0,14,2,0,0,0,0,0,0,0,0,3.58,4,29.63,0,0,0,0,0,1,0,0,0,0,0,0,0,0,0,0,0,1,0,0,0,0,0,0,1,1,100.0,0.0,0,0,0,2,6,0,,0,0,0,2
1939102,Mathis Lainé,mathis-laine,1715,Stade Brestois,6.7,13.4,2,0,0,0,0,0.0,0,1,0,1,100.0,0,1,1,0,2,100.0,0,0,0,0,0,0,0.0,0,0,0,4,100.0,0,0.0,4,66.67,21,0.0,0,0,0,0,0,0,0,0,0,0,0,0,0,0,0.0,0,0,0,0,1,0,0,0,7,2,0,0,0,0,0,0,0,0,2.34,5,28.27,0,0,0,0,0,0,0,0,0,0,0,0,0,0,0,0,2,0,2,2,0,0,0,0,0,0,0.0,0.0,0,0,0,0,1,0,,0,1,0,2
973838,Abner Vinícius,abner-vinicius,1649,Olympique Lyonnais,6.7,20.1,3,0,0,0,0,0.19,0,77,14,91,84.62,41,36,22,4,0,0.0,0,0,0,0,0,5,100.0,0,0,0,3,37.5,0,0.0,3,30.0,190,0.0,0,0,0,0,0,0,0,0,0,0,0,0,0,2,40.0,3,0,0,1,18,0,1,0,125,3,2,0,0,2,0,0,1,0,22.69,22,32.06,1,0,0,0,0,1,0,0,0,0,0,0,2,0,0,3,0,5,7,2,0,0,0,5,1,0,0.0,0.0,0,0,0,42,49,0,,0,10,0,3
1518669,Kaïl Boudache,kail-boudache,1649,Olympique Lyonnais,6.7,20.1,3,0,0,2,0,0.18,0,38,12,50,76.0,12,26,11,1,4,40.0,2,1,0,0,0,1,16.67,7,1,4,11,45.83,0,0.0,11,45.83,177,0.0,0,0,0,0,0,0,0,0,5,2,0,0,0,2,66.67,2,0,0,2,33,3,1,0,99,5,2,1,0,3,2,2,0,0,22.98,51,34.64,1,0,0,0,0,0,0,0,0,0,0,0,2,0,0,1,10,6,13,0,0,0,0,3,0,0,0.0,0.0,0,0,0,13,37,0,1.32,0,5,0,4
1107591,Mohamed Amoura,mohamed-el-amine-amoura,1661,Nice,6.7,13.4,2,0,0,0,0,0.8,0,23,10,33,69.7,4,19,12,1,1,25.0,3,0,0,0,0,1,50.0,2,0,1,6,46.15,1,25.0,7,41.18,111,0.0,0,0,0,0,0,0,0,0,2,0,0,0,0,2,100.0,0,0,0,1,19,1,1,0,54,2,1,0,0,2,0,1,0,0,12.9,21,32.84,0,0,0,0,0,1,0,0,0,0,0,0,1,0,0,1,4,2,10,3,0,0,0,2,1,2,66.67,0.0,0,0,0,6,27,0,0.17,0,5,0,2
1390279,Daouda Traore,daouda-traore,1672,Le Mans,6.7,6.7,1,0,0,0,0,0.07,0,10,2,12,83.33,2,8,3,0,0,0.0,1,0,0,0,0,0,0.0,1,0,0,1,20.0,0,0.0,1,20.0,25,0.0,0,0,0,0,0,0,0,0,1,0,0,0,0,0,0.0,0,0,0,0,4,0,1,0,18,0,2,0,0,0,0,1,0,0,3.58,4,29.51,0,0,0,0,0,0,0,0,0,0,0,0,0,0,0,0,2,0,4,0,0,0,0,0,0,0,0.0,0.0,0,0,0,3,9,0,0.13,0,3,0,1
1002343,Souleymane Faye,souleymane-faye,1656,Lorient,6.7,13.4,2,0,0,0,0,0.0,0,6,4,10,60.0,3,3,2,1,0,0.0,1,0,0,0,0,0,0.0,2,0,1,3,75.0,2,100.0,5,83.33,38,0.0,0,0,0,0,0,0,0,0,2,0,0,0,0,0,0.0,1,0,0,1,6,0,0,0,24,2,0,0,0,0,0,1,0,0,5.54,10,31.81,0,0,0,0,0,0,0,0,0,0,0,0,0,0,0,1,0,0,1,0,0,0,0,0,0,1,100.0,0.0,0,0,0,3,7,0,0.1,0,1,0,2
827519,Romain Perraud,romain-perraud,1643,Lille,6.7,26.8,4,0,0,0,0,0.07,0,114,22,136,83.82,62,52,21,1,3,100.0,6,3,2,0,0,2,28.57,2,0,1,11,52.38,3,30.0,14,45.16,301,0.0,0,0,0,0,0,0,0,0,1,1,0,0,0,4,50.0,13,0,0,3,38,1,2,1,217,2,3,0,0,4,0,1,0,0,35.55,35,35.48,1,0,0,0,0,1,1,0,0,0,0,0,3,0,0,1,3,7,17,7,0,0,0,8,2,3,50.0,0.0,0,0,0,70,66,0,0.08,0,12,2,4
1087931,Isak Jensen,isak-steiner-jensen,1656,Lorient,6.7,20.1,3,0,0,0,0,0.03,0,27,1,28,96.43,10,17,9,0,2,100.0,0,0,0,0,0,0,0.0,2,0,1,4,100.0,0,0.0,4,100.0,71,0.0,0,0,0,0,1,0,0,0,0,2,0,0,0,2,100.0,0,0,0,0,8,0,1,1,43,2,0,0,0,0,2,1,0,0,9.93,10,29.51,0,0,0,0,0,1,0,0,0,0,0,0,0,0,0,0,2,5,0,0,0,0,0,2,1,0,0.0,0.0,0,0,0,11,17,0,0.05,0,4,0,3
802159,Habibou Diallo,habibou-diallo,1672,Le Mans,6.7,13.4,2,0,0,0,0,0.04,0,11,4,15,73.33,2,9,4,0,0,0.0,2,0,0,0,0,0,0.0,1,0,1,5,100.0,2,28.57,7,58.33,54,0.0,0,0,0,0,0,0,0,0,0,1,0,0,0,1,50.0,0,0,0,0,8,1,1,1,25,3,1,0,0,0,0,0,0,0,6.69,8,30.12,0,0,0,0,0,0,0,0,0,0,0,0,0,0,0,0,0,1,5,5,0,0,0,2,0,2,100.0,0.0,0,0,0,3,12,0,0.05,0,2,0,2
1426219,Yvann Titi,titi-yvann,1652,Troyes,6.7,6.7,1,0,0,0,0,0.02,0,30,4,34,88.24,14,16,9,0,1,33.33,0,0,0,0,0,1,25.0,1,0,1,2,33.33,0,0.0,2,33.33,55,0.0,0,0,0,0,0,0,0,0,0,1,0,0,0,0,0.0,1,0,0,1,10,0,0,0,53,1,0,0,0,1,0,0,0,0,5.77,8,32.29,0,0,0,0,0,0,0,0,0,0,0,0,1,0,0,0,3,4,4,0,0,0,0,0,0,0,0.0,0.0,0,0,0,14,20,0,0.01,0,3,1,1
1142672,Warren Zaïre-Emery,warren-zaire-emery,1644,Paris Saint-Germain,6.68,26.7,4,0,0,2,0,0.11,0,230,17,247,93.12,114,116,48,0,1,33.33,6,1,0,0,0,0,0.0,4,1,2,10,45.45,2,66.67,12,48.0,291,0.0,0,0,0,0,0,0,0,0,3,1,0,0,0,15,88.24,1,0,0,5,32,1,7,5,300,3,2,0,0,3,0,1,0,0,34.01,33,33.1,0,0,0,0,0,4,1,0,0,0,0,0,4,0,0,0,3,4,13,1,0,0,0,17,5,3,50.0,0.0,0,0,0,123,124,0,0.66,0,20,0,4
1130939,Maghnes Akliouche,maghnes-akliouche,1644,Paris Saint-Germain,6.68,26.7,4,0,1,1,0,0.55,0,128,15,143,89.51,43,85,51,5,1,20.0,9,4,0,0,0,0,0.0,1,1,0,11,47.83,1,33.33,12,46.15,201,0.0,0,0,0,0,0,0,0,0,1,0,0,0,0,4,44.44,1,0,0,3,25,4,9,4,178,1,4,0,0,1,0,0,0,0,25.11,18,30.79,0,0,0,0,0,2,0,0,0,0,0,0,2,0,0,5,5,1,14,2,0,0,0,9,2,6,66.67,0.0,0,0,0,46,97,0,0.3,0,11,0,4
1657108,Julian Vignolo,julian-vignolo,1681,Toulouse,6.67,20.0,3,0,0,0,0,0.16,0,26,10,36,72.22,6,20,15,1,4,50.0,2,0,0,0,0,1,14.29,4,1,2,9,40.91,1,100.0,10,43.48,171,0.0,0,0,0,0,0,0,0,0,2,2,0,0,0,0,0.0,3,0,0,3,28,2,2,2,74,3,5,1,0,1,0,1,0,0,20.55,49,35.11,0,0,0,0,0,2,1,0,0,0,0,0,2,0,0,1,8,7,13,0,0,0,0,0,3,2,100.0,0.0,0,0,0,7,29,0,0.28,0,9,0,3
287887,Gautier Lloris,gautier-lloris,1715,Stade Brestois,6.67,20.0,3,0,0,0,0,0.01,0,117,11,128,91.41,91,26,7,0,0,0.0,4,6,0,0,0,0,0.0,1,0,1,6,85.71,7,53.85,13,65.0,263,0.0,0,0,0,0,0,0,0,0,1,0,0,0,0,1,11.11,11,0,0,0,12,0,5,1,160,2,1,0,0,0,0,0,0,0,26.97,15,30.74,0,0,0,0,0,3,1,0,0,0,0,0,3,0,0,0,0,0,7,6,0,0,0,9,4,2,50.0,0.0,0,0,0,95,33,0,0.07,0,7,3,3
2359766,Mamadou Koné,mamadou-kone,1656,Lorient,6.65,26.6,4,1,0,3,0,0.15,1,27,10,37,72.97,6,21,14,4,1,12.5,4,2,0,0,0,0,0.0,7,5,1,8,29.63,4,44.44,12,33.33,224,14.29,0,0,0,0,0,0,1,0,7,0,0,0,1,0,0.0,0,0,0,8,32,2,1,0,87,3,5,1,0,0,0,1,0,0,26.3,39,33.36,0,0,0,0,0,2,0,0,0,0,0,0,3,0,0,4,8,0,24,5,0,0,0,0,2,1,25.0,224.0,0,0,0,10,27,0,1.45,0,5,0,4
1545376,Rayan Fofana,rayan-fofana,1662,Le Havre,6.65,13.3,2,1,0,0,0,0.01,1,7,1,8,87.5,1,6,3,0,0,0.0,0,0,0,0,0,0,0.0,3,1,1,1,20.0,1,50.0,2,28.57,55,33.33,1,1,0,0,0,0,1,0,3,0,0,0,1,2,100.0,0,0,0,1,11,0,1,1,23,1,1,0,0,0,0,1,0,0,6.62,10,35.2,0,0,0,0,0,0,0,0,0,0,0,0,0,100,0,0,2,3,5,1,0,0,0,2,0,0,0.0,55.0,0,0,0,1,7,0,1.03,0,1,0,2
889259,Khvicha Kvaratskhelia,khvicha-kvaratskhelia,1644,Paris Saint-Germain,6.65,26.6,4,0,1,1,1,0.97,1,111,10,121,91.74,30,81,55,6,7,53.85,2,1,0,0,0,2,20.0,10,4,5,12,46.15,0,0.0,12,46.15,224,0.0,0,0,0,0,2,0,0,0,6,4,0,0,0,3,60.0,0,0,0,7,34,1,6,3,178,3,1,0,0,1,4,1,0,0,24.28,31,31.91,0,0,0,0,0,3,1,0,0,0,0,0,3,0,0,6,13,10,14,0,0,0,0,5,4,1,50.0,0.0,0,0,0,33,88,0,0.51,0,7,0,4
913942,Romain Faivre,romain-faivre,1646,Auxerre,6.65,26.6,4,0,1,0,1,0.24,1,70,12,82,85.37,17,53,33,5,4,50.0,2,0,0,0,0,2,28.57,4,1,0,6,42.86,1,50.0,7,43.75,170,0.0,0,0,0,0,0,0,0,0,2,2,0,0,0,2,66.67,0,0,0,2,28,2,4,2,114,0,2,0,0,1,2,3,0,0,21.21,45,33.07,0,0,0,0,0,5,1,0,0,0,0,0,2,0,0,5,8,7,9,1,0,0,0,3,6,2,100.0,0.0,0,0,0,19,63,0,0.19,0,8,0,4
805130,Samuel Yohou,samuel-yohou,1672,Le Mans,6.65,13.3,2,0,0,0,0,0.01,0,57,6,63,90.48,41,16,1,0,0,0.0,3,1,0,0,0,0,0.0,0,0,0,3,50.0,0,0.0,3,50.0,106,0.0,0,0,0,0,0,0,0,0,0,0,0,0,0,4,57.14,3,0,0,0,8,0,0,0,74,0,1,0,0,0,0,0,0,0,11.42,12,35.89,0,0,0,0,0,2,0,0,0,0,0,0,1,0,0,0,2,0,3,0,0,0,0,7,2,2,66.67,0.0,0,0,0,44,19,0,,0,4,2,2
1797852,Karim Coulibaly,karim-coulibaly,1659,RC Strasbourg,6.65,13.3,2,0,0,0,0,0.0,0,9,1,10,90.0,8,1,0,0,0,0.0,0,0,0,0,0,0,0.0,0,0,0,0,0.0,0,0.0,0,0.0,36,0.0,0,0,0,0,0,0,0,0,0,0,0,0,0,1,100.0,5,0,0,0,1,0,1,1,19,0,0,0,0,1,0,0,0,0,4.65,4,31.86,0,0,0,0,0,1,0,0,0,0,0,0,0,0,0,0,0,0,1,0,0,0,0,1,1,0,0.0,0.0,0,0,0,9,1,0,,0,1,2,3
363042,Jordan Lefort,jordan-lefort,1684,Angers,6.65,26.6,4,0,1,0,0,0.41,0,194,37,231,83.98,137,57,18,3,0,0.0,2,1,1,0,0,2,33.33,0,0,0,7,41.18,2,25.0,9,36.0,360,0.0,0,0,0,0,0,0,0,0,0,0,0,0,0,18,43.9,23,1,0,0,43,1,29,16,287,5,8,0,1,1,0,0,0,0,39.79,31,35.49,1,0,0,0,0,3,2,0,0,0,0,0,4,0,0,3,1,6,16,6,0,0,0,41,5,2,100.0,0.0,0,0,0,153,78,0,,3,22,6,4
2557443,Bané Diatta,bane-diatta,1684,Angers,6.65,26.6,4,0,0,0,0,0.02,0,35,5,40,87.5,17,18,3,0,0,0.0,3,1,0,0,0,1,100.0,0,0,0,8,53.33,1,50.0,9,52.94,139,0.0,0,0,0,0,0,0,0,0,0,0,0,0,0,1,50.0,1,0,0,5,13,0,1,1,65,5,0,0,0,0,0,0,0,0,16.44,15,31.15,0,0,0,0,0,0,0,0,0,0,0,0,1,0,0,0,2,1,8,1,0,0,0,2,0,1,33.33,0.0,0,0,0,21,19,0,,0,5,0,4
1415014,Hugo Picard,hugo-picard,1652,Troyes,6.65,26.6,4,0,0,0,0,0.72,0,78,14,92,84.78,23,55,41,11,0,0.0,4,3,0,0,0,9,42.86,3,0,1,6,31.58,0,0.0,6,31.58,293,0.0,0,0,0,0,0,0,0,0,1,2,0,0,0,3,100.0,1,0,0,2,42,4,5,1,149,2,2,0,0,5,2,2,1,0,36.81,37,35.86,1,0,0,0,0,3,1,0,0,0,0,0,4,0,0,10,4,21,13,0,0,0,0,3,4,3,75.0,0.0,0,0,0,24,68,0,0.14,0,11,0,4
981280,Alexandre Lauray,alexandre-lauray,1672,Le Mans,6.65,26.6,4,0,0,0,0,0.36,0,102,33,135,75.56,53,49,24,5,2,66.67,7,6,3,0,0,4,50.0,4,2,2,11,44.0,4,66.67,15,48.39,268,0.0,0,0,0,0,0,0,0,0,1,3,0,0,0,14,58.33,12,0,1,2,42,1,23,16,190,2,8,0,0,4,0,0,0,0,37.73,30,31.67,0,0,0,0,0,5,1,0,0,0,0,0,3,0,0,5,3,8,16,2,0,0,0,24,6,2,28.57,0.0,0,0,0,61,74,0,0.14,0,13,1,4
934498,Félix Correia,felix-correia,1643,Lille,6.65,13.3,2,0,0,0,0,0.18,0,27,3,30,90.0,14,13,5,0,0,0.0,1,3,0,0,0,0,0.0,1,0,1,2,33.33,0,0.0,2,33.33,94,0.0,0,0,0,0,0,0,0,0,0,1,0,0,0,1,50.0,2,0,0,0,8,2,1,0,46,1,2,0,0,0,2,0,0,0,11.79,15,31.87,0,0,0,0,0,0,0,0,0,0,0,0,1,0,0,0,2,0,4,0,0,0,0,2,0,1,100.0,0.0,0,0,0,16,14,0,0.1,0,7,1,2
1195241,Yassin Belkhdim,yassin-belkhdim,1684,Angers,6.65,26.6,4,0,0,0,0,0.1,0,118,17,135,87.41,68,50,23,4,0,0.0,10,6,0,0,0,3,37.5,2,0,1,14,48.28,0,0.0,14,43.75,355,0.0,0,0,0,0,0,0,0,0,1,1,0,0,0,7,70.0,5,0,0,3,31,0,10,5,194,4,5,0,0,5,0,1,0,0,47.95,61,30.38,1,0,0,0,0,3,2,0,0,0,0,0,4,0,0,4,2,8,18,3,0,0,0,10,5,5,50.0,0.0,0,0,0,77,58,0,0.07,0,9,1,4
1492311,Christ Makosso,christ-makosso,1646,Auxerre,6.63,19.9,3,0,2,0,1,0.21,1,63,15,78,80.77,45,18,9,2,1,100.0,3,6,0,1,1,0,0.0,0,0,0,5,55.56,3,60.0,8,57.14,215,0.0,0,0,0,0,0,0,0,0,0,0,0,0,0,6,46.15,23,0,1,1,22,0,7,3,128,1,2,0,0,1,0,0,0,0,22.49,44,34.84,1,0,0,0,0,3,1,0,0,0,0,0,3,0,0,2,1,3,6,2,0,0,0,13,4,3,100.0,0.0,0,0,0,50,28,1,,2,8,3,3
1216282,Luca Koleosho,luca-koleosho,6070,Paris FC,6.63,19.9,3,0,1,1,1,0.48,1,45,11,56,80.36,19,26,18,3,3,60.0,3,2,0,0,0,0,0.0,6,1,3,8,38.1,0,0.0,8,34.78,201,0.0,0,0,0,0,0,0,0,0,3,3,0,0,0,3,75.0,0,0,0,4,26,1,1,0,91,2,6,0,0,1,1,2,0,0,22.74,33,35.13,0,0,0,0,0,2,0,0,0,0,0,0,3,0,0,3,5,2,15,2,0,0,0,4,2,2,66.67,0.0,0,0,0,22,34,0,0.5,0,3,0,3
1926085,Dro Fernández,pedro-fernandez,1644,Paris Saint-Germain,6.63,19.9,3,0,1,1,0,0.48,0,22,2,24,91.67,7,15,11,1,0,0.0,4,1,1,0,0,0,0.0,0,0,0,5,45.45,0,0.0,5,41.67,39,0.0,0,0,0,0,0,0,0,0,0,0,0,0,0,0,0.0,1,0,0,2,9,1,0,0,39,1,1,0,0,1,0,0,0,0,6.48,8,29.78,0,0,0,0,0,1,0,0,0,0,0,0,0,0,0,1,2,0,7,1,0,0,0,0,1,3,75.0,0.0,0,0,0,8,16,0,,0,2,0,3
1102502,Quentin Merlin,quentin-merlin,1658,Stade Rennais,6.63,19.9,3,0,2,0,0,0.48,0,79,11,90,87.78,36,43,18,3,0,0.0,0,2,0,0,0,2,33.33,0,0,0,1,12.5,1,33.33,2,18.18,158,0.0,0,0,0,0,0,0,0,0,0,0,0,0,0,8,53.33,4,0,0,1,20,1,10,5,126,1,5,0,0,2,0,0,0,0,18.9,29,32.82,0,0,0,0,0,4,0,0,0,0,0,0,2,0,0,3,1,6,9,2,0,0,0,15,4,0,0.0,0.0,0,0,0,39,51,0,,0,9,0,3
1389913,Lucas Bretelle,lucas-bretelle,1672,Le Mans,6.63,19.9,3,0,0,0,0,0.02,0,54,10,64,84.38,30,24,8,1,0,0.0,3,5,0,0,0,0,0.0,0,0,0,7,46.67,0,0.0,7,41.18,152,0.0,0,0,0,0,0,0,0,0,0,0,0,0,0,3,37.5,2,0,0,0,13,0,4,2,88,4,4,0,0,2,0,0,0,0,20.38,12,29.36,0,0,0,0,0,3,1,0,0,0,0,0,2,0,0,1,2,1,10,2,0,0,0,8,4,1,33.33,0.0,0,0,0,32,32,0,,0,11,3,3
2193194,Alexis Vossah,alexis-vossah,1681,Toulouse,6.63,19.9,3,0,0,0,0,0.04,0,60,14,74,81.08,31,29,15,0,2,100.0,4,2,0,0,0,0,0.0,3,0,3,8,44.44,2,50.0,10,45.45,142,0.0,0,0,0,0,0,0,0,0,0,3,0,0,0,3,60.0,2,0,1,6,26,2,5,1,105,2,2,0,0,2,0,0,0,0,17.7,10,28.83,0,0,0,0,0,1,0,0,0,0,0,0,2,0,0,0,2,0,12,2,0,0,0,5,1,2,50.0,0.0,0,0,0,35,39,0,0.08,0,10,0,3
1002267,Jacen Russell Rowe,jacen-russell-rowe,1681,Toulouse,6.63,26.5,4,1,0,1,0,0.39,1,42,8,50,84.0,12,30,23,2,1,16.67,1,1,0,0,0,0,0.0,8,4,3,2,14.29,2,18.18,4,16.0,252,12.5,0,0,0,0,0,0,1,0,7,1,0,0,1,1,100.0,4,0,0,1,20,2,1,1,84,0,4,0,0,2,1,1,0,0,30.84,28,33.53,0,0,0,0,0,4,0,0,0,0,0,0,3,0,0,2,6,2,21,9,0,0,0,1,4,0,0.0,252.0,0,0,0,14,36,0,1.56,0,6,0,4
945635,Dame Gueye,dame-gueye,1672,Le Mans,6.6,26.4,4,1,0,3,0,0.03,1,35,17,52,67.31,23,12,7,0,0,0.0,4,2,0,0,0,1,50.0,5,1,4,5,38.46,17,45.95,22,44.0,266,20.0,0,0,0,0,0,0,1,0,5,0,0,1,0,1,100.0,7,0,0,3,28,0,0,0,95,1,3,0,0,2,3,0,0,0,30.74,45,31.32,0,0,0,0,0,6,1,0,0,0,0,0,4,0,0,0,0,2,28,20,0,0,0,1,7,1,25.0,266.0,0,0,0,27,25,0,1.87,0,5,0,4
1869973,Christ Tapé,christ-tape,1681,Toulouse,6.6,26.4,4,1,1,2,0,0.34,1,139,23,162,85.8,68,71,44,4,4,57.14,2,4,0,0,0,1,12.5,5,2,3,9,45.0,5,55.56,14,48.28,354,20.0,0,0,0,0,0,0,1,0,5,0,1,0,0,3,33.33,15,0,1,2,47,1,5,2,252,3,4,0,0,2,0,0,0,0,42.13,56,33.57,0,0,0,0,0,6,1,0,0,0,0,0,4,0,0,4,7,8,15,4,0,0,0,9,7,1,50.0,354.0,0,0,0,77,85,0,1.62,0,18,3,4
957937,Casper Tengstedt,casper-tengstedt,1681,Toulouse,6.6,13.2,2,1,0,1,0,0.26,1,14,2,16,87.5,4,10,7,1,0,0.0,0,0,0,0,0,0,0.0,5,1,2,0,0.0,0,0.0,0,0.0,70,20.0,0,0,0,0,0,0,1,0,4,1,1,0,0,0,0.0,0,0,0,1,6,0,1,1,27,0,1,0,0,2,1,2,0,0,9.04,10,31.49,0,0,0,0,0,1,0,0,0,0,0,0,0,0,0,1,1,1,6,1,0,0,0,0,1,0,0.0,70.0,0,0,0,4,12,0,1.31,0,0,0,2
985923,Hicham Boudaoui,hicham-boudaoui,1661,Nice,6.6,6.6,1,0,0,0,0,0.0,0,8,1,9,88.89,3,5,3,0,0,0.0,0,1,0,0,0,0,0.0,0,0,0,0,0.0,0,0.0,0,0.0,10,0.0,0,0,0,0,0,0,0,0,0,0,0,0,0,0,0.0,0,0,0,0,1,0,1,0,10,0,0,0,0,0,0,0,0,0,1.24,1,25.12,0,0,0,0,0,0,0,0,0,0,0,0,0,0,0,0,0,0,0,0,0,0,0,1,0,0,0.0,0.0,0,0,0,3,6,0,,0,1,0,1
1171540,Julien Duranville,julien-duranville,1649,Olympique Lyonnais,6.6,6.6,1,0,0,0,0,0.06,0,20,2,22,90.91,9,11,10,0,1,50.0,0,0,0,0,0,0,0.0,0,0,0,2,50.0,0,0.0,2,50.0,63,0.0,0,0,0,0,0,0,0,0,0,0,0,0,0,3,100.0,0,0,0,1,7,0,2,1,30,1,0,0,0,0,0,0,0,0,7.06,7,32.64,0,0,0,0,0,0,0,0,0,0,0,0,1,0,0,0,2,2,2,0,0,0,0,3,0,0,0.0,0.0,0,0,0,9,13,0,,0,1,0,1
996908,Pierre Ekwah,pierre-ekwah,1646,Auxerre,6.6,13.2,2,0,0,0,0,0.01,0,10,1,11,90.91,4,6,2,0,0,0.0,1,0,0,0,0,0,0.0,0,0,0,1,50.0,0,0.0,1,50.0,32,0.0,0,0,0,0,0,0,0,0,0,0,0,0,0,2,100.0,0,0,0,1,3,0,0,0,16,0,0,0,0,0,0,0,0,0,4.79,3,27.38,0,0,0,0,0,0,0,0,0,0,0,0,0,0,0,0,0,0,1,0,0,0,0,2,0,0,0.0,0.0,0,0,0,4,7,0,,0,0,0,2
1523625,Omar Sissoko,omar-sissoko,6070,Paris FC,6.6,6.6,1,0,0,0,0,0.01,0,7,0,7,100.0,1,6,3,0,0,0.0,1,0,0,0,0,0,0.0,0,0,0,3,60.0,0,0.0,3,60.0,12,0.0,0,0,0,0,0,0,0,0,0,0,0,0,0,1,100.0,0,0,0,0,3,0,0,0,14,2,1,0,0,0,0,0,0,0,2.03,2,32.12,0,0,0,0,0,0,0,0,0,0,0,0,0,0,0,0,1,0,2,0,0,0,0,1,0,0,0.0,0.0,0,0,0,1,6,0,,0,2,0,2
74071,Vincent Sasso,vincent-sasso,1662,Le Havre,6.6,13.2,2,0,0,0,0,0.01,0,48,8,56,85.71,33,15,9,0,0,0.0,2,1,1,0,0,0,0.0,0,0,0,2,50.0,2,66.67,4,57.14,98,0.0,0,0,0,0,0,0,0,0,0,0,0,0,0,0,0.0,4,0,0,0,8,0,1,0,69,0,2,0,0,0,0,0,0,0,10.68,6,27.59,0,0,0,0,0,1,0,0,0,0,0,0,1,0,0,0,0,0,3,1,0,0,0,2,1,1,50.0,0.0,0,0,0,36,20,0,,4,6,0,2
941172,Alexandre Phliponeau,alexandre-phliponeau,1652,Troyes,6.6,13.2,2,0,0,0,0,0.0,0,9,0,9,100.0,2,7,2,0,0,0.0,0,1,0,0,0,0,0.0,0,0,0,1,50.0,1,100.0,2,66.67,22,0.0,0,0,0,0,0,0,0,0,0,0,0,0,0,0,0.0,1,0,0,0,0,0,0,0,14,1,1,0,0,0,0,0,0,0,3.12,4,29.05,0,0,0,0,0,0,0,0,0,0,0,0,0,0,0,0,0,0,1,0,0,0,0,0,0,0,0.0,0.0,0,0,0,2,7,0,,0,2,0,2
2341238,Noah Donkor,noah-donkor,1652,Troyes,6.6,13.2,2,0,0,0,0,0.17,0,20,5,25,80.0,8,12,8,1,0,0.0,0,1,0,0,0,2,50.0,0,0,0,1,14.29,0,0.0,1,14.29,84,0.0,0,0,0,0,0,0,0,0,0,0,0,0,0,0,0.0,1,0,0,1,13,0,2,1,52,1,2,0,0,1,0,0,0,0,9.72,11,30.35,0,0,0,0,0,1,0,0,0,0,0,0,0,0,0,1,2,4,6,0,0,0,0,1,1,0,0.0,0.0,0,0,0,8,17,0,,0,1,1,3
845183,Yehvann Diouf,yehvann-diouf,1661,Nice,6.6,26.4,4,0,0,0,0,0.0,0,146,37,183,79.78,139,7,1,0,0,0.0,0,0,0,0,0,0,0.0,0,0,0,1,33.33,1,100.0,2,50.0,360,0.0,0,0,0,0,0,0,0,0,0,0,0,0,0,14,28.57,2,0,1,0,39,0,22,10,212,1,1,0,0,2,0,0,0,9,,,,1,1,0,6,3,4,1,0,3,3,0,0,4,0,0,0,0,0,2,0,0,0,0,49,5,0,0.0,0.0,0,0,1,151,32,0,,11,29,0,4
1440545,Mamadou Diop,diop-mamadou,1646,Auxerre,6.6,26.4,4,0,0,0,0,0.0,0,41,44,85,48.24,33,8,0,0,0,0.0,0,1,0,0,0,0,0.0,0,0,0,0,0.0,1,100.0,1,50.0,360,0.0,0,0,0,0,0,0,0,0,0,0,0,0,0,15,26.32,8,0,0,0,44,0,15,6,139,0,0,0,0,1,0,0,0,16,,,,1,2,0,9,6,9,2,2,3,2,2,0,4,0,0,0,0,0,1,0,0,0,0,57,11,0,0.0,0.0,0,0,4,40,45,0,,24,32,0,4
94286,Thorgan Hazard,thorgan-hazard,1648,RC Lens,6.6,26.4,4,0,0,1,0,0.42,0,48,8,56,85.71,14,34,18,2,2,66.67,3,0,0,0,0,1,25.0,3,0,3,8,72.73,1,50.0,9,69.23,129,0.0,0,0,0,0,1,0,0,0,2,1,0,0,0,1,100.0,0,0,0,0,13,0,1,0,84,3,2,1,0,0,1,0,0,0,17.07,25,35.39,0,0,0,0,0,3,0,0,0,0,0,0,1,0,0,2,3,4,4,1,0,0,0,1,3,2,66.67,0.0,0,0,0,15,41,0,0.57,0,4,0,4
981815,Igor Paixão,igor-paixao,1641,Olympique de Marseille,6.6,19.8,3,0,0,1,0,0.22,0,94,13,107,87.85,18,76,48,4,7,38.89,2,0,1,0,0,1,12.5,4,2,2,15,38.46,2,66.67,17,40.48,250,0.0,0,0,1,0,1,0,0,0,3,1,0,0,0,7,77.78,1,0,0,4,45,2,8,5,169,6,6,2,0,4,1,0,0,0,27.2,39,33.3,1,0,0,0,0,3,0,0,0,0,0,0,3,0,0,4,18,8,25,1,0,0,0,9,3,1,50.0,0.0,0,0,0,19,88,0,0.48,0,8,0,3
788921,Florian Sotoca,florian-sotoca,1648,RC Lens,6.6,13.2,2,0,1,1,0,0.16,0,7,1,8,87.5,3,4,3,1,0,0.0,0,0,0,0,0,1,100.0,2,1,0,0,0.0,0,0.0,0,0.0,29,0.0,0,0,0,0,0,0,0,0,2,0,0,0,0,0,0.0,0,0,0,0,2,0,0,0,13,0,0,0,0,0,1,1,0,0,4.31,3,28.79,0,0,0,0,0,0,0,0,0,0,0,0,0,0,0,1,0,1,0,0,0,0,0,0,0,0,0.0,0.0,0,0,0,3,5,0,0.33,0,1,0,2
822708,Amadou Haidara,amadou-haidara,1648,RC Lens,6.6,19.8,3,0,0,0,0,0.04,0,63,7,70,90.0,27,36,15,0,0,0.0,2,2,0,0,0,0,0.0,2,1,1,2,40.0,3,75.0,5,55.56,125,0.0,0,0,0,0,0,0,0,0,2,0,0,0,0,1,50.0,1,0,1,0,9,1,4,2,84,0,1,0,0,2,0,0,0,0,16.06,7,28.1,0,0,0,0,0,1,0,0,0,0,0,0,1,0,0,0,0,0,4,1,0,0,0,2,1,2,100.0,0.0,0,0,0,32,38,0,0.18,0,7,0,3
1389742,Harold Voyer,harold-voyer,1672,Le Mans,6.6,19.8,3,0,0,0,0,0.17,0,154,33,187,82.35,109,45,16,0,3,75.0,4,5,1,0,0,1,50.0,1,1,0,7,53.85,4,66.67,11,57.89,270,0.0,0,0,0,0,0,0,0,0,0,1,0,0,0,13,40.63,12,0,0,0,42,0,15,6,240,0,3,0,0,3,0,0,0,0,30.51,28,31.71,0,0,0,0,0,5,1,0,0,0,0,0,3,0,0,0,4,2,8,2,0,0,0,32,6,2,50.0,0.0,0,0,0,116,71,0,0.04,10,12,2,3
945217,Jean-Clair Todibo,jean-clair-todibo,1648,RC Lens,6.6,6.6,1,0,0,0,0,0.0,0,19,3,22,86.36,12,7,0,1,0,0.0,0,0,0,0,0,0,0.0,1,0,1,0,0.0,0,0.0,0,0.0,35,0.0,0,0,0,0,0,0,0,0,1,0,0,0,0,0,0.0,3,0,0,0,3,0,0,0,27,0,2,0,0,0,0,0,0,0,3.82,5,34.83,0,0,0,0,0,0,0,0,0,0,0,0,0,0,0,1,0,0,2,0,0,0,0,2,0,0,0.0,0.0,0,0,0,14,8,0,0.02,2,1,0,1
1149123,Arthur Piedfort,arthur-piedfort,1646,Auxerre,6.58,26.3,4,0,0,0,0,0.16,0,134,20,154,87.01,61,73,35,2,1,100.0,4,7,1,0,0,2,28.57,0,0,0,8,44.44,4,44.44,12,44.44,339,0.0,0,0,0,1,0,0,0,0,0,0,0,0,0,6,75.0,5,0,0,5,34,4,12,5,201,3,3,0,0,3,0,0,0,0,39.83,30,32.65,0,0,0,0,0,8,2,0,0,0,0,0,4,0,0,2,1,7,15,5,0,0,0,8,10,1,25.0,0.0,0,0,0,65,89,0,,0,22,2,4
2676521,Anis Soubeir,anis-soubeir,1653,AS Monaco,6.58,26.3,4,0,1,1,0,0.18,0,16,3,19,84.21,6,10,2,1,2,66.67,3,2,0,0,0,0,0.0,2,1,1,6,42.86,1,33.33,7,41.18,81,0.0,0,0,0,0,0,0,0,0,2,0,0,0,0,1,100.0,2,0,1,4,13,2,1,1,43,1,2,0,0,1,0,0,0,0,11.76,12,29.36,0,0,0,0,0,0,0,0,0,0,0,0,1,0,0,1,3,0,10,2,0,0,0,1,0,1,33.33,0.0,0,0,0,7,12,0,0.46,0,9,0,4
979593,Iron Gomis,iron-gomis,1652,Troyes,6.58,26.3,4,0,0,0,0,0.03,0,30,8,38,78.95,7,23,14,1,1,33.33,4,1,0,0,0,0,0.0,3,0,3,8,53.33,7,63.64,15,57.69,189,0.0,0,0,0,0,0,0,0,0,3,0,0,0,0,1,100.0,4,0,0,0,16,3,2,1,69,3,4,0,0,1,0,0,0,0,23.38,27,35.36,0,0,0,0,0,3,2,0,0,0,0,0,2,0,0,1,3,1,11,4,0,0,0,1,5,3,75.0,0.0,0,0,0,8,30,0,0.11,0,7,1,4
2041113,Patrick Zabi,zabi,6070,Paris FC,6.57,19.7,3,0,1,2,1,0.12,1,19,5,24,79.17,7,12,6,2,1,50.0,1,2,0,0,0,0,0.0,2,0,2,2,40.0,0,0.0,2,33.33,40,0.0,0,0,0,0,0,0,0,0,2,0,0,0,0,1,100.0,1,0,0,0,8,0,1,1,34,0,2,0,0,0,0,0,0,0,5.59,14,34.13,0,0,0,0,0,0,0,0,0,0,0,0,0,0,0,2,2,1,4,1,0,0,0,1,0,1,100.0,0.0,0,0,0,10,14,0,1.48,0,6,0,3
1410148,Mamadou Coulibaly,mamadou-coulibaly,1653,AS Monaco,6.57,19.7,3,0,1,0,0,0.19,0,71,17,88,80.68,30,41,28,3,3,33.33,4,4,0,0,0,2,100.0,0,0,0,14,40.0,0,0.0,14,37.84,211,0.0,0,0,0,0,0,0,0,0,0,0,0,0,0,2,40.0,1,0,0,6,33,0,5,3,136,7,2,0,0,7,1,0,0,0,24.84,39,34.97,0,0,0,0,0,1,0,0,0,0,0,0,3,0,0,3,9,2,23,2,0,0,0,5,1,2,50.0,0.0,0,0,0,36,52,0,,0,12,0,3
999070,Matthis Abline,abline-matthis,1653,AS Monaco,6.57,19.7,3,0,0,0,0,0.3,0,19,9,28,67.86,5,14,11,3,3,100.0,1,2,0,0,0,1,50.0,0,0,0,4,44.44,4,66.67,8,53.33,94,0.0,0,0,0,0,0,0,0,0,0,0,0,0,0,0,0.0,1,0,0,4,21,2,2,1,52,0,0,0,0,1,0,0,0,0,12.49,14,34.61,0,0,0,0,0,1,0,0,0,0,0,0,0,0,0,3,3,2,7,2,0,0,0,0,1,0,0.0,0.0,0,0,0,5,23,0,,0,4,0,3
1193676,Başar Önal,basar-onal,1643,Lille,6.57,19.7,3,0,0,0,0,0.57,0,39,12,51,76.47,15,24,15,1,0,0.0,3,0,0,0,0,1,50.0,0,0,0,7,35.0,1,16.67,8,30.77,147,0.0,0,0,0,0,0,0,0,0,0,0,0,0,0,1,50.0,2,0,0,3,27,0,5,2,81,4,2,0,0,3,1,0,0,0,17.22,26,32.48,0,0,0,0,0,0,0,0,0,0,0,0,2,0,0,1,5,2,18,5,0,0,0,2,0,2,66.67,0.0,0,0,0,15,36,0,,0,8,0,3
2039287,Sion Oppong,sion-oppong,1681,Toulouse,6.57,19.7,3,0,0,0,0,0.06,0,17,5,22,77.27,4,13,8,0,3,60.0,2,0,0,0,0,0,0.0,0,0,0,7,63.64,1,50.0,8,61.54,56,0.0,0,0,0,0,0,0,0,0,0,0,0,0,0,0,0.0,0,0,0,2,10,0,0,0,38,2,0,0,0,0,0,0,0,0,8.26,7,30.4,0,0,0,0,0,2,0,0,0,0,0,0,0,0,0,0,5,0,5,1,0,0,0,0,2,2,100.0,0.0,0,0,0,5,17,0,,0,1,0,3
1824137,Timothee Pembele,timothee-pembele,1662,Le Havre,6.57,19.7,3,0,0,0,0,0.06,0,47,14,61,77.05,34,13,8,1,2,50.0,8,3,0,0,0,1,20.0,2,0,2,11,52.38,1,100.0,12,54.55,208,0.0,0,0,0,0,0,0,0,0,2,0,0,0,0,1,25.0,6,0,0,1,32,0,6,2,116,1,6,0,0,1,1,0,0,0,23.65,36,32.21,0,0,0,0,0,3,0,0,0,0,0,0,3,0,0,1,4,5,10,0,0,0,0,4,3,3,37.5,0.0,0,0,0,41,20,0,0.1,0,5,0,3
1823956,Mathys Detourbet,mathys-detourbet,1653,AS Monaco,6.55,13.1,2,0,0,0,0,0.16,0,10,2,12,83.33,1,9,7,0,1,100.0,0,0,0,0,0,0,0.0,0,0,0,1,33.33,0,0.0,1,33.33,29,0.0,0,0,0,0,0,0,0,0,0,0,0,0,0,1,50.0,0,0,0,1,7,0,1,1,19,0,0,0,0,1,0,0,0,0,3.41,2,31.18,0,0,0,0,0,0,0,0,0,0,0,0,0,0,0,0,1,0,2,0,0,0,0,2,0,0,0.0,0.0,0,0,0,1,11,0,,0,2,0,2
787889,Lucas Tousart,lucas-tousart,1715,Stade Brestois,6.55,26.2,4,0,0,3,0,0.03,0,41,11,52,78.85,32,9,3,1,0,0.0,3,2,0,0,0,0,0.0,4,3,1,5,55.56,6,42.86,11,47.83,130,0.0,0,0,0,0,0,0,0,0,4,0,0,0,0,2,33.33,10,0,0,2,15,0,2,1,83,2,2,1,0,0,0,0,0,0,16.97,15,32.95,0,0,0,0,0,3,0,0,0,0,0,0,1,0,0,1,0,0,12,8,0,0,0,6,3,2,66.67,0.0,0,0,0,34,18,0,0.96,2,3,0,4
2137784,Prosper Peter,prosper-peter,1684,Angers,6.55,26.2,4,0,1,3,0,0.01,0,13,5,18,72.22,5,8,4,1,1,50.0,0,0,1,0,0,0,0.0,4,2,1,6,50.0,4,57.14,10,52.63,89,0.0,0,0,0,0,0,0,0,0,4,0,0,0,0,1,100.0,0,0,0,3,12,0,0,0,38,5,2,0,0,0,0,1,0,0,11.89,18,32.19,0,0,0,0,0,0,0,0,0,0,0,0,0,0,0,1,2,0,9,3,0,0,0,1,0,0,0.0,0.0,0,0,0,5,13,0,0.91,0,5,0,4
1141091,Mouhamed Diop,mouhamed-diop,1652,Troyes,6.55,26.2,4,0,0,1,0,0.07,0,124,15,139,89.21,53,71,30,1,0,0.0,10,5,1,0,0,0,0.0,4,0,4,14,37.84,1,20.0,15,35.71,345,0.0,0,0,0,0,0,0,0,0,3,1,0,0,0,14,73.68,9,0,1,7,28,3,11,10,197,4,4,0,0,10,0,0,0,0,41.02,18,29.27,1,0,0,0,0,6,2,0,0,0,0,0,4,0,0,1,2,0,27,4,0,0,0,19,8,6,60.0,0.0,0,0,0,56,83,0,0.37,0,18,1,4
1471104,Giovani Versini,giovani-versini,1715,Stade Brestois,6.55,13.1,2,0,0,0,0,0.03,0,14,6,20,70.0,9,5,3,1,1,33.33,4,2,0,0,0,1,16.67,1,0,1,5,45.45,0,0.0,5,41.67,81,0.0,0,0,0,0,0,0,0,0,1,0,0,0,0,0,0.0,0,0,0,1,15,0,2,1,45,0,1,0,0,2,0,0,0,0,10.83,14,35.19,0,0,0,0,0,1,1,0,0,0,0,0,1,0,0,1,3,6,7,1,0,0,0,1,2,1,25.0,0.0,0,0,0,11,9,0,0.08,0,3,0,2
927360,Yasser Larouci,yasser-larouci,1672,Le Mans,6.55,13.1,2,0,0,0,0,0.02,0,27,9,36,75.0,15,12,4,1,0,0.0,0,1,0,0,0,0,0.0,2,1,1,1,16.67,0,0.0,1,14.29,93,0.0,0,0,0,0,0,0,0,0,1,1,0,0,0,0,0.0,3,0,0,1,19,1,5,1,63,1,1,0,0,1,0,0,0,0,10.48,16,35.54,0,0,0,0,0,2,0,0,0,0,0,0,1,0,0,1,2,5,6,1,0,0,0,7,2,0,0.0,0.0,0,0,0,19,17,0,0.06,0,3,0,2
2199216,Mezian Mesloub,mezian-mesloub,1648,RC Lens,6.55,13.1,2,0,0,0,0,0.06,0,24,7,31,77.42,5,19,12,2,0,0.0,0,0,0,0,0,0,0.0,2,1,1,1,16.67,0,0.0,1,16.67,54,0.0,0,0,0,0,0,0,0,0,1,1,0,0,0,2,66.67,1,0,0,1,13,0,3,1,49,1,0,0,0,1,1,0,0,0,6.69,12,33.98,0,0,0,0,0,0,0,0,0,0,0,0,0,0,0,2,3,0,5,0,0,0,0,3,0,0,0.0,0.0,0,0,0,6,25,0,0.05,0,3,0,2
1974210,Elikya Legros,elikya-legros,1646,Auxerre,6.53,19.6,3,0,0,0,0,0.01,0,51,9,60,85.0,32,19,5,0,0,0.0,3,2,1,0,0,0,0.0,0,0,0,3,50.0,5,62.5,8,57.14,141,0.0,0,0,0,0,0,0,0,0,0,0,0,0,0,2,40.0,19,0,0,0,10,0,5,2,95,0,3,0,0,0,0,0,0,0,15.64,17,32.7,0,0,0,0,0,3,2,0,0,0,0,0,2,0,0,0,0,0,6,3,0,0,0,5,5,1,33.33,0.0,0,0,0,34,26,0,,3,1,2,3
827506,Gaëtan Perrin,gaetan-perrin,1643,Lille,6.53,19.6,3,0,0,0,0,0.06,0,20,3,23,86.96,10,10,7,0,1,33.33,2,0,0,0,0,0,0.0,1,0,0,3,42.86,1,50.0,4,44.44,75,0.0,0,0,0,0,0,0,0,0,1,0,0,0,0,0,0.0,1,0,0,1,8,0,0,0,37,0,1,0,0,0,0,1,0,0,10.47,11,31.32,0,0,0,0,0,1,1,0,0,0,0,0,0,0,0,0,3,0,5,1,0,0,0,0,2,2,100.0,0.0,0,0,0,11,12,0,0.05,0,6,0,3
1035695,Fodé Doucouré,fode-doucoure,1662,Le Havre,6.5,13.0,2,0,1,0,1,0.29,1,23,10,33,69.7,6,17,10,2,0,0.0,1,4,2,0,0,1,33.33,2,0,2,2,33.33,0,0.0,2,25.0,95,0.0,0,0,0,0,0,0,0,0,1,1,0,0,0,1,20.0,0,0,0,2,17,0,1,0,51,1,3,0,0,0,0,0,0,0,11.4,14,31.23,0,0,0,0,0,2,0,0,0,0,0,0,1,0,0,2,0,3,6,2,0,0,0,5,2,0,0.0,0.0,0,0,0,10,23,0,0.09,0,3,0,2
158243,Nicolás Tagliafico,nicolas-tagliafico,1649,Olympique Lyonnais,6.5,6.5,1,0,0,0,0,0.01,0,33,6,39,84.62,19,14,7,1,0,0.0,1,2,0,0,0,0,0.0,0,0,0,2,28.57,2,100.0,4,44.44,80,0.0,0,0,0,0,0,0,0,0,0,0,0,0,0,1,33.33,3,0,0,1,14,0,0,0,66,1,1,0,0,2,0,0,0,0,8.76,9,35.94,0,0,0,0,0,1,0,0,0,0,0,0,1,0,0,1,1,1,5,0,0,0,0,3,1,1,100.0,0.0,0,0,0,22,17,0,,0,2,0,1
905352,Keito Nakamura,keito-nakamura,1649,Olympique Lyonnais,6.5,6.5,1,0,0,0,0,,0,0,1,1,0.0,0,0,0,0,0,0.0,1,0,0,0,0,0,0.0,0,0,0,1,50.0,0,0.0,1,50.0,15,0.0,0,0,0,0,0,0,0,0,0,0,0,0,0,0,0.0,0,0,0,0,2,0,0,0,3,0,0,0,0,0,0,0,0,0,2.0,2,26.96,0,0,0,0,0,0,0,0,0,0,0,0,0,0,0,0,1,0,1,0,0,0,0,0,0,0,0.0,0.0,0,0,0,1,0,0,,0,0,0,1
1884150,Mathis Saka,mathis-saka,1681,Toulouse,6.5,6.5,1,0,0,0,0,0.0,0,2,0,2,100.0,1,1,1,0,0,0.0,0,0,0,0,0,0,0.0,0,0,0,0,0.0,0,0.0,0,0.0,9,0.0,0,0,0,0,0,0,0,0,0,0,0,0,0,0,0.0,0,0,0,1,2,0,0,0,4,0,1,0,0,0,0,0,0,0,1.21,2,27.27,0,0,0,0,0,0,0,0,0,0,0,0,0,0,0,0,0,0,2,0,0,0,0,0,0,0,0.0,0.0,0,0,0,1,1,0,,0,0,0,1
2033811,Henrick Do Marcolino,henrick-do-marcolino,1658,Stade Rennais,6.5,6.5,1,0,0,0,0,0.0,0,5,1,6,83.33,2,3,1,1,0,0.0,0,0,0,0,0,0,0.0,0,0,0,0,0.0,0,0.0,0,0.0,12,0.0,0,0,0,0,0,0,0,0,0,0,0,0,0,0,0.0,0,0,0,0,1,0,0,0,7,0,0,0,0,0,0,0,0,0,,,,0,0,0,0,0,1,0,0,0,0,0,0,0,0,0,1,0,0,0,0,0,0,0,0,1,0,0.0,0.0,0,0,0,2,4,0,,0,0,0,1
2723024,Djelan Morana,djelan-morana,1661,Nice,6.5,6.5,1,0,0,0,0,0.0,0,3,0,3,100.0,2,1,1,0,0,0.0,0,0,0,0,0,0,0.0,0,0,0,0,0.0,0,0.0,0,0.0,8,0.0,0,0,0,0,0,0,0,0,0,0,0,0,0,0,0.0,0,0,0,0,0,0,0,0,3,0,0,0,0,0,0,0,0,0,1.41,4,35.33,0,0,0,0,0,1,0,0,0,0,0,0,0,0,0,0,0,0,0,0,0,0,0,0,1,0,0.0,0.0,0,0,0,2,1,0,,0,0,0,1
352370,Lucas Hernández,lucas-hernandez,1644,Paris Saint-Germain,6.5,13.0,2,0,0,0,0,0.05,0,102,13,115,88.7,43,59,26,2,0,0.0,3,1,1,0,0,0,0.0,0,0,0,3,75.0,1,25.0,4,50.0,116,0.0,0,0,0,0,0,0,0,0,0,0,0,0,0,2,33.33,3,0,0,0,17,0,2,0,137,0,1,0,0,0,0,0,0,0,13.65,15,31.37,0,0,0,0,0,2,1,0,0,0,0,0,1,0,0,2,0,0,4,3,0,0,0,6,3,0,0.0,0.0,0,0,0,47,68,0,,0,5,0,2
948250,Billal Brahimi,billal-brahimi,1672,Le Mans,6.5,13.0,2,0,0,0,0,0.05,0,16,4,20,80.0,8,8,6,1,1,50.0,1,1,0,0,0,1,50.0,0,0,0,3,37.5,0,0.0,3,30.0,38,0.0,0,0,0,0,0,0,0,0,0,0,0,0,0,1,50.0,0,0,0,3,10,0,4,1,33,1,0,0,0,1,0,0,0,0,6.26,11,30.15,0,0,0,0,0,0,0,0,0,0,0,0,0,0,0,1,2,2,7,2,0,0,0,2,0,0,0.0,0.0,0,0,0,8,12,0,,0,4,0,2
1047484,Sékou Mara,sekou-mara,1659,RC Strasbourg,6.5,13.0,2,0,0,0,0,0.01,0,8,0,8,100.0,5,3,2,0,1,33.33,2,0,1,0,0,0,0.0,0,0,0,4,40.0,0,0.0,4,30.77,84,0.0,0,0,0,0,0,0,0,0,0,0,0,0,0,0,0.0,0,0,0,3,9,0,1,1,26,1,1,0,0,1,0,0,0,0,9.41,10,31.55,0,0,0,0,0,2,0,0,0,0,0,0,1,0,0,0,3,0,9,3,0,0,0,0,2,2,100.0,0.0,0,0,0,5,3,0,,0,3,0,2
1546267,Fabio Baldé,balde-fabio,1659,RC Strasbourg,6.5,13.0,2,0,0,0,0,0.0,0,3,0,3,100.0,1,2,1,1,1,100.0,0,0,0,0,0,0,0.0,0,0,0,1,50.0,0,0.0,1,33.33,19,0.0,0,0,0,0,0,0,0,0,0,0,0,0,0,0,0.0,0,0,0,0,1,0,0,0,7,0,0,0,0,1,1,0,0,0,2.8,6,28.6,0,0,0,0,0,1,1,0,0,0,0,0,0,0,0,1,1,1,2,1,0,0,0,0,2,0,0.0,0.0,0,0,0,1,2,0,,0,1,0,2
848458,Arnaud Nordin,arnaud-nordin,1658,Stade Rennais,6.5,6.5,1,0,0,2,0,0.0,0,9,1,10,90.0,2,7,1,0,0,0.0,0,0,0,0,0,0,0.0,2,1,0,0,0.0,0,0.0,0,0.0,32,0.0,0,0,0,0,0,0,0,0,1,1,0,0,0,0,0.0,0,0,0,0,5,0,0,0,18,0,0,0,0,0,0,1,0,0,5.09,11,34.74,0,0,0,0,0,0,0,0,0,0,0,0,0,0,0,0,1,2,1,0,0,0,0,0,0,0,0.0,0.0,0,0,0,2,8,0,0.66,0,0,0,2
1046671,Mamadou Usman Simbakoli,mamadou-usman-simbakoli,1684,Angers,6.5,26.0,4,0,0,1,0,0.01,0,10,5,15,66.67,3,7,3,1,2,66.67,2,0,1,0,0,0,0.0,7,1,4,4,28.57,4,66.67,8,40.0,49,0.0,0,0,0,0,0,0,0,0,5,2,0,0,0,2,100.0,2,0,0,2,11,0,1,1,34,0,4,1,0,3,0,2,0,0,7.24,10,32.9,0,0,0,0,0,0,0,0,0,0,0,0,0,0,0,1,3,1,12,2,0,0,0,2,0,0,0.0,0.0,0,0,0,5,10,0,0.59,0,5,0,4
795228,Odsonne Édouard,odsonne-edouard,1648,RC Lens,6.5,19.5,3,0,1,2,0,0.1,0,13,3,16,81.25,3,10,6,2,0,0.0,0,0,0,0,0,0,0.0,2,1,1,1,25.0,0,0.0,1,20.0,84,0.0,0,0,0,0,0,0,0,0,2,0,0,0,0,0,0.0,1,0,0,2,10,1,3,2,29,1,1,0,0,0,0,0,0,0,10.27,9,31.58,0,0,0,0,0,2,0,0,0,0,0,0,1,0,0,2,0,1,4,1,0,0,0,0,2,0,0.0,0.0,0,0,0,3,13,0,0.29,0,2,0,3
962409,Nathan N'Goumou,nathan-ngoumou,1661,Nice,6.5,26.0,4,0,0,1,0,0.18,0,35,9,44,79.55,14,21,11,0,0,0.0,0,0,0,0,0,0,0.0,3,0,2,2,66.67,0,0.0,2,40.0,147,0.0,0,0,0,0,0,0,0,0,3,0,0,0,0,0,0.0,0,0,0,0,14,2,2,1,64,2,0,0,0,1,2,1,0,0,17.16,21,34.34,0,0,0,0,0,2,1,0,0,0,0,0,2,0,0,0,0,3,3,2,0,0,0,1,3,0,0.0,0.0,0,0,0,16,28,0,0.25,0,6,0,4
981053,Timothé Nkada,timothee-nkada,1652,Troyes,6.5,13.0,2,0,0,0,0,0.05,0,9,1,10,90.0,5,4,3,1,0,0.0,0,0,0,0,0,0,0.0,4,1,1,1,50.0,0,0.0,1,50.0,35,0.0,0,0,0,0,0,0,0,0,4,0,0,0,0,0,0.0,0,0,0,0,2,0,0,0,16,1,0,0,0,0,0,2,0,0,4.47,4,27.88,0,0,0,0,0,3,1,0,0,0,0,0,0,0,0,1,1,0,1,0,0,0,0,0,4,0,0.0,0.0,0,0,0,6,4,0,0.15,0,3,0,2
2039286,Sota Nakamura,sota-nakamura,1662,Le Havre,6.5,26.0,4,0,0,0,0,0.2,0,42,11,53,79.25,12,30,15,2,1,33.33,3,1,0,0,0,2,22.22,3,1,2,4,33.33,0,0.0,4,30.77,142,0.0,0,0,0,0,0,0,0,0,2,1,0,0,0,0,0.0,3,0,0,1,25,1,2,1,85,0,2,0,0,3,1,0,0,0,17.6,34,33.59,0,0,0,0,0,2,0,0,0,0,0,0,1,0,0,2,3,9,9,1,0,0,0,2,2,2,66.67,0.0,0,0,0,16,37,0,0.14,0,7,0,4
123388,Djibril Sidibé,djibril-sidibe,1672,Le Mans,6.5,6.5,1,0,0,0,0,0.01,0,27,2,29,93.1,13,14,4,0,0,0.0,1,0,0,1,1,0,0.0,1,0,1,2,40.0,0,0.0,2,40.0,45,0.0,0,0,0,0,0,0,0,0,1,0,0,0,0,3,75.0,1,0,0,0,2,0,3,2,36,1,2,0,0,1,0,0,0,0,4.91,4,29.13,0,0,0,0,0,1,0,0,0,0,0,0,0,0,0,0,0,0,3,0,0,0,0,4,1,1,100.0,0.0,0,0,0,14,15,0,0.09,0,2,0,1
801411,Derek Cornelius,derek-cornelius,1641,Olympique de Marseille,6.5,13.0,2,0,0,0,0,0.0,0,33,2,35,94.29,21,12,1,0,0,0.0,0,1,0,0,0,0,0.0,1,1,0,0,0.0,0,0.0,0,0.0,34,0.0,0,0,0,0,0,0,0,0,1,0,0,0,0,0,0.0,2,0,0,0,3,0,1,1,40,0,1,0,0,0,0,0,0,0,4.05,2,28.38,0,0,0,0,0,1,0,0,0,0,0,0,0,0,0,0,0,0,1,0,0,0,0,1,1,0,0.0,0.0,0,0,0,22,13,0,0.05,1,1,0,3
1512354,Noah Edjouma,noah-edjouma,1715,Stade Brestois,6.5,6.5,1,0,0,0,0,0.01,0,1,0,1,100.0,0,1,1,1,0,0.0,0,0,0,0,0,0,0.0,1,1,0,0,0.0,0,0.0,0,0.0,23,0.0,0,0,0,0,0,0,0,0,1,0,0,0,0,0,0.0,0,0,0,0,1,0,0,0,4,0,0,0,0,0,0,0,0,0,2.8,2,34.32,0,0,0,0,0,1,0,0,0,0,0,0,0,0,0,1,1,0,1,0,0,0,0,0,1,0,0.0,0.0,0,0,0,0,1,0,0.04,0,0,0,1
1135605,Axel Camblan,axel-camblan,1715,Stade Brestois,6.5,6.5,1,0,0,0,0,,0,0,2,2,0.0,0,0,0,0,0,0.0,0,0,0,0,0,0,0.0,1,0,1,0,0.0,0,0.0,0,0.0,19,0.0,0,0,0,0,0,0,0,0,1,0,0,0,0,0,0.0,0,0,0,0,4,1,0,0,5,0,0,0,0,0,0,0,0,0,2.43,3,29.27,0,0,0,0,0,0,0,0,0,0,0,0,0,0,0,0,0,2,0,0,0,0,0,1,0,0,0.0,0.0,0,0,0,0,2,0,0.04,0,1,0,1
936848,Theo Bair,theo-bair,1646,Auxerre,6.5,6.5,1,0,0,0,0,0.01,0,4,0,4,100.0,1,3,2,0,0,0.0,0,0,0,0,0,0,0.0,1,0,1,0,0.0,0,0.0,0,0.0,19,0.0,0,0,0,0,0,0,0,0,1,0,0,0,0,0,0.0,0,0,0,0,0,2,0,0,6,0,0,0,0,0,0,0,0,0,2.82,5,34.71,0,0,0,0,0,1,0,0,0,0,0,0,0,0,0,0,0,0,0,0,0,0,0,0,1,0,0.0,0.0,0,0,0,1,3,0,0.03,0,2,0,1
1912469,Ismail Diallo,ismail-diallo,1681,Toulouse,6.5,26.0,4,0,0,0,0,0.04,0,42,18,60,70.0,14,28,14,0,2,66.67,4,0,0,0,0,0,0.0,1,0,1,9,69.23,0,0.0,9,64.29,150,0.0,0,0,0,0,0,0,0,0,0,1,0,0,0,2,25.0,4,0,1,0,27,0,7,1,108,3,1,0,0,2,1,0,0,0,17.65,37,34.98,0,0,0,0,0,2,1,0,0,0,0,0,2,0,0,0,3,4,5,1,0,0,0,8,3,1,25.0,0.0,0,0,0,20,40,0,0.02,0,8,1,4
361780,Calvin Verdonk,calvin-verdonk,1643,Lille,6.5,19.5,3,0,0,0,0,0.03,0,25,9,34,73.53,15,10,6,0,0,0.0,4,0,0,0,0,0,0.0,1,0,1,4,66.67,0,0.0,4,66.67,69,0.0,0,0,0,0,0,0,0,0,0,1,0,0,0,0,0.0,3,0,1,0,12,0,2,0,52,0,1,0,0,1,0,0,0,0,8.26,9,28.31,0,0,0,0,0,1,1,0,0,0,0,0,1,0,0,0,0,0,2,0,0,0,0,3,2,1,25.0,0.0,0,0,0,19,15,0,0.01,0,4,0,3
976404,Jean Vercruysse,jean-vercruysse,1672,Le Mans,6.47,19.4,3,0,0,0,1,0.06,1,34,14,48,70.83,20,14,8,2,1,100.0,2,2,1,0,0,0,0.0,3,0,1,5,38.46,1,33.33,6,37.5,156,0.0,0,0,0,0,0,0,0,0,1,2,0,0,0,1,33.33,2,0,0,2,21,2,5,4,74,2,5,0,0,1,0,2,0,0,20.09,17,31.1,0,0,0,0,0,4,0,0,0,0,0,0,2,0,0,2,1,4,10,2,0,0,0,3,4,2,100.0,0.0,0,0,0,21,27,0,0.4,0,10,2,3
1007935,Ewan Hatfout,ewan-hatfout,1672,Le Mans,6.47,19.4,3,0,0,0,0,0.0,0,60,26,86,69.77,49,11,0,0,0,0.0,0,0,0,0,0,0,0.0,0,0,0,2,100.0,2,100.0,4,100.0,189,0.0,0,0,0,0,0,0,0,0,0,0,0,0,0,19,43.18,3,1,0,0,26,0,16,10,104,2,0,0,0,0,0,0,0,5,4.15,0,18.71,0,1,0,3,2,4,0,2,2,1,1,0,2,0,0,0,0,0,0,0,0,0,0,44,4,0,0.0,0.0,0,0,0,60,26,0,,8,23,0,3
1479500,Mathys Niflore,mathys-niflore,1681,Toulouse,6.45,12.9,2,0,0,0,0,0.0,0,25,1,26,96.15,24,1,0,0,0,0.0,0,0,0,0,0,0,0.0,0,0,0,0,0.0,0,0.0,0,0.0,109,0.0,0,0,0,0,0,0,0,0,0,0,0,0,0,3,75.0,0,1,0,0,2,0,1,1,35,0,0,0,0,0,0,0,0,3,,,,0,0,0,2,1,3,0,0,0,0,0,0,1,0,0,0,0,0,0,0,0,0,0,4,3,0,0.0,0.0,0,0,0,24,2,0,,3,12,0,2
1198264,Rafik Messali,rafik-messali,1681,Toulouse,6.45,25.8,4,0,1,0,0,0.17,0,91,20,111,81.98,50,41,22,2,0,0.0,4,6,0,0,0,1,16.67,0,0,0,8,44.44,3,42.86,11,44.0,175,0.0,0,0,0,0,0,0,0,0,0,0,0,0,0,3,75.0,4,0,1,2,38,1,9,6,164,4,5,0,0,2,0,0,0,0,19.93,32,32.94,0,0,0,0,0,4,0,0,0,0,0,0,2,0,0,2,2,6,14,4,0,0,0,4,4,3,75.0,0.0,0,0,0,60,51,0,,0,13,0,4
852145,Josh Maja,josh-maja,1662,Le Havre,6.45,25.8,4,0,0,1,0,0.04,0,36,9,45,80.0,15,21,10,3,2,66.67,0,0,0,0,0,0,0.0,3,1,1,4,50.0,2,33.33,6,42.86,187,0.0,0,0,0,0,0,0,0,0,3,0,0,0,0,2,100.0,2,0,0,2,21,1,2,2,74,2,4,0,0,0,0,1,0,0,20.47,26,32.7,0,0,0,0,0,3,0,0,0,0,0,0,2,0,0,3,3,0,8,4,0,0,0,2,3,0,0.0,0.0,0,0,0,17,28,0,0.68,0,4,1,4
875548,Aiyegun Tosin,aiyegun-tosin,1656,Lorient,6.45,12.9,2,0,0,1,0,0.0,0,4,1,5,80.0,1,3,2,0,0,0.0,0,0,0,0,0,0,0.0,1,0,1,0,0.0,1,50.0,1,50.0,44,0.0,0,0,0,0,0,0,0,0,1,0,0,0,0,0,0.0,1,0,0,0,1,0,0,0,7,0,0,0,0,0,1,0,0,0,5.52,9,29.72,0,0,0,0,0,0,0,0,0,0,0,0,0,0,0,0,0,0,1,1,0,0,0,1,0,0,0.0,0.0,0,0,0,1,4,0,0.37,0,2,0,2
2020789,Djibril Coulibaly,djibril-coulibaly,1661,Nice,6.45,25.8,4,0,0,0,0,0.26,0,156,14,170,91.76,87,69,24,3,2,50.0,2,4,1,0,0,0,0.0,3,1,0,7,25.93,10,58.82,17,38.64,360,0.0,0,0,0,0,0,0,0,0,1,2,0,0,0,6,75.0,3,0,2,7,30,1,1,0,212,3,6,0,0,5,0,2,0,0,47.35,41,34.84,1,0,0,0,0,4,1,0,0,0,0,0,4,0,0,3,4,1,27,7,0,0,0,8,5,2,100.0,0.0,0,0,0,89,81,0,0.12,0,20,0,4
1402709,Genesis Antwi,genesis-antwi,1659,RC Strasbourg,6.45,25.8,4,0,0,0,0,0.06,0,110,17,127,86.61,69,41,23,0,2,66.67,7,4,0,0,0,1,12.5,1,0,0,9,50.0,3,42.86,12,48.0,349,0.0,0,0,0,0,0,0,0,0,0,1,0,0,0,6,46.15,8,0,1,2,35,0,2,1,205,0,3,0,0,3,0,1,0,0,39.27,49,35.74,0,0,0,0,0,5,1,0,0,0,0,0,4,0,0,0,3,8,13,4,0,0,0,13,6,7,100.0,0.0,0,0,0,80,47,0,0.02,0,16,3,4
1149138,Joseph Nonge,joseph-nonge-boende,1715,Stade Brestois,6.45,25.8,4,0,0,0,0,0.02,0,22,12,34,64.71,12,10,7,0,1,50.0,4,1,0,0,0,0,0.0,1,0,0,8,53.33,0,0.0,8,47.06,117,0.0,0,0,0,0,0,0,0,0,0,1,0,0,0,1,50.0,1,0,0,2,19,0,2,0,59,3,2,0,0,2,0,1,0,0,15.95,16,31.11,0,0,0,0,0,3,0,0,0,0,0,0,1,0,0,0,2,2,9,2,0,0,0,2,3,4,100.0,0.0,0,0,0,15,19,0,0.01,0,4,1,4
35612,Axel Witsel,axel-witsel,1661,Nice,6.43,19.3,3,0,0,1,0,0.07,0,147,7,154,95.45,65,82,31,2,2,40.0,1,6,0,0,0,0,0.0,4,1,2,5,41.67,0,0.0,5,33.33,232,0.0,0,0,0,0,0,0,0,0,2,2,0,0,0,4,80.0,0,0,0,2,17,1,5,2,190,2,1,0,0,1,0,1,0,0,27.87,6,28.18,0,0,0,0,0,3,1,0,0,0,0,0,3,0,0,2,5,0,10,3,0,0,0,5,4,1,100.0,0.0,0,0,0,68,86,0,0.7,0,19,1,3
1936455,Aristide Zossou,aristide-zossou,1646,Auxerre,6.43,19.3,3,0,0,0,0,0.19,0,39,9,48,81.25,8,31,16,1,3,60.0,1,1,0,0,0,1,20.0,2,0,1,4,44.44,0,0.0,4,40.0,119,0.0,0,0,0,0,0,0,0,0,2,0,0,0,0,0,0.0,2,0,0,1,22,1,4,3,73,0,2,0,0,0,0,1,0,0,14.71,34,34.59,0,0,0,0,0,6,0,0,0,0,0,0,1,0,0,1,5,5,6,1,0,0,0,0,6,1,100.0,0.0,0,0,0,10,38,0,0.16,0,3,0,3
997104,Naouirou Ahamada,naouirou-ahamada,1646,Auxerre,6.43,25.7,4,0,1,0,0,0.45,0,84,17,101,83.17,26,58,35,5,4,44.44,1,0,0,0,0,1,20.0,1,1,0,7,38.89,1,33.33,8,38.1,242,0.0,0,0,0,0,0,0,0,0,0,1,0,0,0,3,50.0,4,1,0,4,42,0,5,2,151,2,0,0,0,2,0,0,0,0,29.87,27,29.41,0,0,0,0,0,8,2,0,0,0,0,0,3,0,0,5,9,5,13,2,0,0,0,6,10,1,100.0,0.0,0,0,0,31,70,0,0.02,0,10,1,4
1397882,Yanis Zouaoui,yanis-zouaoui,1662,Le Havre,6.4,6.4,1,0,0,0,0,0.03,0,8,1,9,88.89,4,4,2,0,0,0.0,0,1,0,0,0,1,20.0,0,0,0,1,25.0,0,0.0,1,25.0,40,0.0,0,0,0,0,0,0,0,0,0,0,0,0,0,0,0.0,0,0,0,0,7,0,0,0,22,1,1,0,0,1,0,0,0,0,4.14,7,30.27,0,0,0,0,0,1,0,0,0,0,0,0,1,0,0,0,1,5,3,0,0,0,0,1,1,0,0.0,0.0,0,0,0,5,4,0,,0,3,1,1
2325468,Oumar Konate,oumar-konate,1653,AS Monaco,6.4,6.4,1,0,0,1,0,0.01,0,3,0,3,100.0,1,2,2,0,0,0.0,0,0,0,0,0,0,0.0,0,0,0,1,33.33,0,0.0,1,33.33,9,0.0,0,0,0,0,0,0,0,0,0,0,0,0,0,0,0.0,1,0,0,1,4,0,0,0,10,1,1,0,0,0,0,0,0,0,1.59,4,28.89,0,0,0,0,0,0,0,0,0,0,0,0,0,0,0,0,1,0,2,0,0,0,0,0,0,0,0.0,0.0,0,0,0,1,2,0,,0,2,0,1
1172936,Louis Mouton,louis-mouton,1684,Angers,6.4,6.4,1,0,0,0,0,0.0,0,1,0,1,100.0,0,1,1,1,0,0.0,0,0,0,0,0,0,0.0,0,0,0,0,0.0,0,0.0,0,0.0,8,0.0,0,0,0,0,0,0,0,0,0,0,0,0,0,0,0.0,0,0,0,1,1,1,0,0,3,0,0,0,0,1,0,0,0,0,0.95,2,29.38,0,0,0,0,0,0,0,0,0,0,0,0,0,0,0,1,0,0,3,1,0,0,0,0,0,0,0.0,0.0,0,0,0,0,1,0,,0,1,0,1
2112373,William Harhouz,william-harhouz,1672,Le Mans,6.4,6.4,1,0,0,0,0,0.0,0,1,4,5,20.0,0,1,0,0,0,0.0,0,0,0,0,0,0,0.0,0,0,0,0,0.0,2,40.0,2,33.33,18,0.0,0,0,0,0,0,0,0,0,0,0,0,0,0,0,0.0,1,0,0,0,6,0,0,0,9,0,0,0,0,0,0,0,0,0,2.91,5,28.48,0,0,0,0,0,0,0,0,0,0,0,0,0,0,0,0,1,0,4,3,0,0,0,0,0,0,0.0,0.0,0,0,0,1,4,0,,0,0,0,1
1168500,Milan Robin,milan-robin,1672,Le Mans,6.4,6.4,1,0,0,0,0,0.01,0,3,2,5,60.0,2,1,1,0,0,0.0,0,0,0,0,0,0,0.0,0,0,0,0,0.0,1,33.33,1,33.33,9,0.0,0,0,0,0,0,0,0,0,0,0,0,0,0,0,0.0,0,0,0,0,2,0,0,0,5,0,0,0,0,0,0,0,0,0,2.37,2,27.39,0,0,0,0,0,1,0,0,0,0,0,0,0,0,0,0,0,0,2,2,0,0,0,0,1,0,0.0,0.0,0,0,0,3,2,0,,0,1,0,1
960080,Boulaye Dia,boulaye-dia,1658,Stade Rennais,6.4,6.4,1,0,0,0,0,0.03,0,9,2,11,81.82,3,6,3,1,0,0.0,0,0,0,0,0,0,0.0,0,0,0,0,0.0,0,0.0,0,0.0,13,0.0,0,0,0,0,0,0,0,0,0,0,0,0,0,0,0.0,0,0,0,1,4,1,1,0,14,0,0,0,0,0,0,0,0,0,2.55,4,33.87,0,0,0,0,0,0,0,0,0,0,0,0,0,0,0,1,0,0,2,1,0,0,0,0,0,0,0.0,0.0,0,0,0,3,8,0,,0,3,0,2
919027,Ali Abdi,ali-abdi,1661,Nice,6.4,12.8,2,0,0,0,0,0.0,0,13,4,17,76.47,5,8,3,0,0,0.0,3,0,0,0,0,0,0.0,0,0,0,3,37.5,1,33.33,4,36.36,35,0.0,0,0,0,0,0,0,0,0,0,0,0,0,0,0,0.0,1,0,0,2,8,0,3,1,30,0,1,0,0,2,0,0,0,0,4.45,9,31.92,0,0,0,0,0,1,0,0,0,0,0,0,0,0,0,0,0,1,7,2,0,0,0,0,1,1,33.33,0.0,0,0,0,6,11,0,,0,3,0,2
1183059,Mateo Del Blanco,mateo-del-blanco,1659,RC Strasbourg,6.4,12.8,2,0,0,0,0,0.0,0,4,1,5,80.0,3,1,1,0,0,0.0,2,0,0,0,0,0,0.0,0,0,0,2,50.0,0,0.0,2,50.0,19,0.0,0,0,0,0,0,0,0,0,0,0,0,0,0,0,0.0,3,0,0,0,1,0,2,1,12,0,1,0,0,1,0,0,0,0,2.5,2,29.04,0,0,0,0,0,1,1,0,0,0,0,0,0,0,0,0,0,0,2,0,0,0,0,1,2,2,100.0,0.0,0,0,0,3,2,0,,0,1,0,2
1410231,Pathé Mboup,pathe-mboup,1715,Stade Brestois,6.4,25.6,4,0,2,2,0,0.24,0,61,16,77,79.22,25,36,23,5,6,50.0,7,4,1,0,0,0,0.0,15,6,6,17,37.78,4,40.0,21,38.18,319,0.0,0,0,0,0,0,0,0,0,9,6,0,0,0,1,100.0,0,0,0,4,46,3,1,0,161,4,17,1,0,2,3,3,0,0,38.92,64,35.62,0,0,0,0,0,4,1,0,0,0,0,0,4,0,0,5,12,4,34,6,0,0,0,1,5,4,57.14,0.0,0,0,0,27,50,0,1.24,0,13,0,4
1029456,Faris Moumbagna,faris-pemi-moumbagna,1641,Olympique de Marseille,6.4,6.4,1,0,0,1,0,,0,0,0,0,0.0,0,0,0,0,0,0.0,0,0,0,0,0,0,0.0,1,0,0,0,0.0,0,0.0,0,0.0,14,0.0,0,0,0,0,0,0,0,0,1,0,0,0,0,0,0.0,0,0,0,1,2,0,0,0,3,0,0,0,0,0,1,1,0,0,1.95,3,28.35,0,0,0,0,0,0,0,0,0,0,0,0,0,0,0,0,0,0,3,2,0,0,0,0,0,0,0.0,0.0,0,0,0,0,0,0,0.27,0,0,0,3
268903,Neal Maupay,neal-maupay,1641,Olympique de Marseille,6.4,12.8,2,0,0,0,0,0.03,0,25,1,26,96.15,8,17,9,0,0,0.0,0,1,0,0,0,0,0.0,1,0,1,0,0.0,0,0.0,0,0.0,30,0.0,0,0,0,0,0,0,0,0,0,1,0,0,0,2,100.0,0,0,0,2,4,0,2,2,32,0,0,0,0,0,0,0,0,0,5.1,2,28.89,0,0,0,0,0,0,0,0,0,0,0,0,0,0,0,0,0,1,5,3,0,0,0,2,0,0,0.0,0.0,0,0,0,8,18,0,0.07,0,1,0,3
1974223,Lamfia Dioubaté,lamfia-dioubate,1646,Auxerre,6.4,12.8,2,0,0,0,0,0.01,0,10,3,13,76.92,2,8,5,0,0,0.0,0,0,1,0,0,0,0.0,2,1,1,0,0.0,0,0.0,0,0.0,34,0.0,0,0,0,0,0,0,0,0,0,2,0,0,0,0,0.0,0,0,0,0,6,1,1,0,19,0,1,0,0,0,0,0,0,0,5.78,11,32.69,0,0,0,0,0,1,0,0,0,0,0,0,0,0,0,0,2,0,3,0,0,0,0,0,1,0,0.0,0.0,0,0,0,5,8,0,0.05,0,4,0,3
1958607,Djylian N'Guessan,djylian-nguessan,1715,Stade Brestois,6.4,6.4,1,0,0,0,0,0.0,0,1,0,1,100.0,1,0,0,0,0,0.0,0,0,0,0,0,0,0.0,1,0,1,0,0.0,0,0.0,0,0.0,12,0.0,0,0,0,0,0,0,0,0,0,1,0,0,0,0,0.0,0,0,0,0,1,0,0,0,4,0,1,0,0,0,0,0,0,0,1.85,3,27.97,0,0,0,0,0,0,0,0,0,0,0,0,0,0,0,0,0,0,1,0,0,0,0,0,0,0,0.0,0.0,0,0,0,1,0,0,0.04,0,0,0,1
2669860,Yacouba Kone,yacouba-kone,1652,Troyes,6.4,19.2,3,0,0,0,0,0.01,0,7,1,8,87.5,4,3,2,0,0,0.0,1,0,0,0,0,0,0.0,1,1,0,1,100.0,0,0.0,1,20.0,36,0.0,0,0,0,0,0,0,0,0,1,0,0,0,0,0,0.0,0,0,0,0,2,0,1,0,11,0,1,0,0,0,0,0,0,0,4.17,3,29.45,0,0,0,0,0,3,1,0,0,0,0,0,0,0,0,0,0,0,4,4,0,0,0,0,4,0,0.0,0.0,0,0,0,4,4,0,0.02,0,0,0,4
96538,Lucas Digne,lucas-digne,1644,Paris Saint-Germain,6.4,6.4,1,0,0,0,0,0.02,0,15,1,16,93.75,4,11,6,0,0,0.0,0,0,0,0,0,0,0.0,1,0,1,0,0.0,0,0.0,0,0.0,18,0.0,0,0,0,0,0,0,0,0,0,1,0,0,0,1,100.0,0,0,0,0,1,0,2,2,19,0,0,0,0,0,0,0,0,0,2.51,2,27.87,0,0,0,0,0,1,0,0,0,0,0,0,0,0,0,0,0,0,0,0,0,0,0,1,1,0,0.0,0.0,0,0,0,4,12,0,0.01,0,1,0,1
1961638,Ilyas Azizi,ilyas-azizi,1681,Toulouse,6.37,19.1,3,0,0,0,0,0.12,0,59,16,75,78.67,21,38,19,2,2,40.0,3,0,0,0,0,0,0.0,4,1,3,9,34.62,2,50.0,11,36.67,176,0.0,0,0,0,0,0,0,0,0,4,0,0,0,0,1,33.33,0,0,0,8,38,4,8,3,117,4,6,1,0,0,0,0,0,0,23.85,21,33.26,0,0,0,0,0,4,0,0,0,0,0,0,2,0,0,2,5,2,19,2,0,0,0,3,4,2,66.67,0.0,0,0,0,23,52,0,0.26,0,14,0,3
826208,Michaël Cuisance,michael-cuisance,1648,RC Lens,6.35,25.4,4,0,0,2,0,0.04,0,84,8,92,91.3,42,42,19,2,2,100.0,6,3,1,0,0,0,0.0,3,2,1,8,47.06,0,0.0,8,44.44,217,0.0,0,0,0,1,0,0,0,0,2,1,0,0,0,5,71.43,2,0,0,1,14,0,6,4,124,0,4,0,0,4,0,0,0,0,27.2,31,31.96,0,0,0,0,0,5,0,0,0,0,0,0,3,0,0,2,2,1,10,1,0,0,0,7,5,3,50.0,0.0,0,0,0,46,46,0,0.85,0,12,0,4
1199247,Santiago Hidalgo,santiago-hidalgo,1681,Toulouse,6.35,25.4,4,0,0,2,0,0.05,0,25,9,34,73.53,10,15,8,1,0,0.0,2,1,1,0,0,0,0.0,8,5,1,6,31.58,0,0.0,6,26.09,185,0.0,0,0,0,0,1,0,0,0,6,2,0,0,0,1,100.0,2,0,0,5,25,3,4,3,77,4,5,0,0,2,1,2,0,0,23.26,22,35.77,0,0,0,0,0,3,1,0,0,0,0,0,3,0,0,1,1,2,17,4,0,0,0,1,4,1,50.0,0.0,0,0,0,12,22,0,0.73,0,8,1,4
983066,Andrew Omobamidele,andrew-omobamidele,1659,RC Strasbourg,6.35,12.7,2,0,0,0,0,0.01,0,96,3,99,96.97,69,27,5,0,0,0.0,5,2,0,0,0,0,0.0,1,0,1,5,83.33,0,0.0,5,71.43,180,0.0,0,0,0,0,0,0,0,0,1,0,0,0,0,0,0.0,9,0,0,0,3,0,1,1,120,0,1,0,0,0,0,0,0,0,19.84,13,33.39,0,0,0,0,0,4,1,0,0,0,0,0,2,0,0,0,0,0,2,1,0,0,0,0,5,3,60.0,0.0,0,0,0,71,28,0,0.06,1,6,1,2
959805,Quinten Timber,quinten-timber,1641,Olympique de Marseille,6.3,6.3,1,0,0,0,0,0.01,0,10,3,13,76.92,3,7,5,0,1,100.0,0,0,0,0,0,0,0.0,0,0,0,2,50.0,0,0.0,2,40.0,45,0.0,0,0,0,0,0,0,0,0,0,0,0,0,0,0,0.0,0,0,0,0,8,1,1,0,21,1,2,0,0,0,0,0,0,0,5.01,4,28.87,0,0,0,0,0,1,0,0,0,0,0,0,1,0,0,0,1,3,3,1,0,0,0,1,1,0,0.0,0.0,0,0,0,3,10,0,,0,1,0,1
1005648,Fredrik Oppegård,fredrik-oppegard,1646,Auxerre,6.3,12.6,2,0,0,0,0,0.02,0,19,7,26,73.08,10,9,5,1,1,50.0,1,2,0,0,0,0,0.0,0,0,0,2,22.22,0,0.0,2,18.18,119,0.0,0,0,0,0,0,0,0,0,0,0,0,0,0,0,0.0,6,0,0,2,14,0,2,2,56,0,1,0,0,3,0,0,0,0,13.52,17,34.57,1,0,0,0,0,2,0,0,0,0,0,0,1,0,0,1,2,0,9,2,0,0,0,2,2,0,0.0,0.0,0,0,0,11,15,0,,0,8,2,2
2077075,Seny Koumbassa,seny-koumbassa,1681,Toulouse,6.3,12.6,2,0,0,0,0,0.01,0,72,8,80,90.0,51,21,1,0,0,0.0,1,2,0,0,0,0,0.0,0,0,0,2,28.57,2,33.33,4,30.77,102,0.0,0,0,0,0,0,0,0,0,0,0,0,0,0,0,0.0,4,0,0,0,8,0,1,0,90,1,3,0,0,2,0,0,0,0,10.84,10,33.5,0,0,0,0,0,3,0,0,0,0,0,0,1,0,0,0,0,0,9,4,0,0,0,2,3,1,100.0,0.0,0,0,0,55,25,0,,1,3,0,2
2009974,Noa Boissé,noa-boisse,1672,Le Mans,6.3,25.2,4,0,0,0,0,0.05,0,130,25,155,83.87,93,37,11,1,2,100.0,9,3,2,0,0,0,0.0,0,0,0,12,54.55,4,33.33,16,47.06,315,0.0,0,0,0,1,0,0,0,0,0,0,0,0,0,16,57.14,13,0,1,0,28,0,14,5,203,1,6,0,0,5,1,0,0,0,37.34,31,34.25,0,0,0,0,0,6,1,0,0,0,0,0,4,0,0,1,2,1,18,8,0,0,0,28,7,6,66.67,0.0,0,0,0,103,52,0,,0,12,1,4
2250107,Tadjidine Mmadi,tadjidine-mmadi,1641,Olympique de Marseille,6.3,6.3,1,0,0,0,0,0.03,0,7,2,9,77.78,1,6,5,0,0,0.0,1,1,0,0,0,1,33.33,1,0,1,2,66.67,0,0.0,2,66.67,20,0.0,0,0,0,0,0,0,0,0,1,0,0,0,0,0,0.0,0,0,0,0,7,0,1,0,20,1,1,0,0,0,0,0,0,0,3.53,1,26.24,0,0,0,0,0,1,0,0,0,0,0,0,0,0,0,0,0,3,1,0,0,0,0,1,1,1,100.0,0.0,0,0,0,1,8,0,0.1,0,0,0,2
984183,Maik Nawrocki,maik-nawrocki,1648,RC Lens,6.3,12.6,2,0,0,0,0,0.01,0,79,5,84,94.05,57,22,4,0,0,0.0,1,3,0,0,0,0,0.0,1,1,0,1,16.67,1,25.0,2,20.0,152,0.0,0,0,0,0,0,0,0,0,0,1,0,0,0,4,66.67,3,0,0,1,8,0,5,4,104,0,1,0,0,2,0,0,0,0,16.01,15,31.56,0,0,0,0,0,3,0,0,0,0,0,0,2,0,0,0,1,0,8,3,0,0,0,6,3,1,100.0,0.0,0,0,0,58,26,0,0.06,0,4,4,2
1597141,Hamza Koutoune,hamza-koutoune,1661,Nice,6.3,12.6,2,0,0,0,0,0.0,0,3,0,3,100.0,1,2,0,0,0,0.0,0,0,0,0,0,0,0.0,1,0,1,0,0.0,0,0.0,0,0.0,17,0.0,0,0,0,0,0,0,0,0,0,1,0,0,0,0,0.0,0,0,0,0,4,0,0,0,10,0,3,0,0,0,0,0,0,0,2.94,4,30.81,0,0,0,0,0,1,0,0,0,0,0,0,0,0,0,0,1,1,4,0,0,0,0,0,1,0,0.0,0.0,0,0,0,1,2,0,0.03,0,0,0,2
1400993,Michel Diaz,michel-diaz,1652,Troyes,6.28,25.1,4,0,0,0,0,0.19,0,144,17,161,89.44,96,48,19,0,0,0.0,4,5,2,0,0,0,0.0,3,1,0,4,44.44,7,70.0,11,57.89,360,0.0,0,0,0,0,0,0,0,0,2,1,0,0,0,9,52.94,10,0,1,1,19,0,6,3,192,1,4,0,0,0,0,2,0,0,39.17,35,33.33,1,0,0,0,0,7,2,0,0,0,0,0,4,0,0,0,0,0,8,3,0,0,0,17,9,3,75.0,0.0,0,0,0,99,62,0,0.21,0,13,2,4
1426597,Lucas Høgsberg,lucas-hogsberg,1659,RC Strasbourg,6.27,18.8,3,0,0,0,0,0.02,0,91,15,106,85.85,62,29,9,2,0,0.0,3,1,0,0,0,0,0.0,0,0,0,3,30.0,2,100.0,5,41.67,184,0.0,0,0,0,0,0,0,0,0,0,0,0,0,0,4,33.33,8,0,0,1,21,0,10,4,133,0,2,0,0,3,0,0,0,0,19.83,14,35.34,0,0,0,0,0,5,1,0,0,0,0,0,2,0,0,2,1,0,7,0,0,0,0,12,6,3,100.0,0.0,0,0,0,68,38,0,,7,5,0,3
996951,Sinaly Diomandé,sinaly-diomande,1646,Auxerre,6.25,12.5,2,0,0,1,0,0.01,0,82,7,89,92.13,63,19,5,0,0,0.0,3,3,1,0,0,0,0.0,2,0,1,6,60.0,3,50.0,9,56.25,180,0.0,0,0,0,0,0,0,0,0,1,1,0,0,0,7,70.0,9,0,0,0,7,0,6,2,112,3,3,0,0,1,0,1,0,0,18.41,11,31.54,0,0,0,0,0,7,1,0,0,0,0,0,2,0,0,0,0,0,7,3,0,0,0,10,8,2,66.67,0.0,0,0,0,66,23,0,0.33,0,6,1,2
1387156,Clement Akpa,akpa-clement,1646,Auxerre,6.25,25.0,4,0,0,1,0,0.06,0,127,41,168,75.6,65,62,25,1,1,33.33,9,5,1,0,0,2,66.67,2,1,1,15,51.72,6,42.86,21,48.84,360,0.0,0,0,0,0,0,0,0,0,1,1,0,0,0,14,42.42,14,0,1,4,59,1,27,10,254,5,6,0,0,2,0,0,0,0,39.57,55,34.84,1,0,0,0,0,9,2,0,0,0,0,0,4,0,0,1,3,3,22,8,0,0,0,33,11,5,55.56,0.0,0,0,0,73,95,0,0.31,1,19,0,4
1197153,Junior Mwanga,junior-mwanga,1662,Le Havre,6.23,18.7,3,0,0,0,0,0.02,0,70,9,79,88.61,47,23,9,1,0,0.0,5,4,0,1,1,0,0.0,0,0,0,6,42.86,0,0.0,6,37.5,227,0.0,0,0,0,0,0,0,0,0,0,0,0,0,0,4,66.67,9,0,1,6,18,1,2,0,117,1,2,0,0,0,1,0,0,0,24.4,13,28.7,0,0,0,0,0,3,0,0,0,0,0,0,3,0,0,1,0,1,10,2,0,0,0,6,3,3,60.0,0.0,0,0,0,52,27,0,,0,6,1,3
1177351,Lamine Sy,lamine-sy,1646,Auxerre,6.2,24.8,4,1,1,0,0,0.37,1,115,32,147,78.23,56,59,35,4,7,63.64,2,6,0,0,0,2,14.29,2,1,1,10,45.45,4,40.0,14,43.75,359,50.0,0,0,0,0,0,0,1,0,1,1,0,0,1,6,50.0,7,0,1,2,64,5,6,3,227,1,7,0,0,1,0,0,0,0,42.24,80,35.98,1,0,0,0,0,9,2,0,0,0,0,0,4,0,0,4,11,14,18,6,0,0,0,12,11,0,0.0,359.0,0,0,0,64,83,0,0.77,0,25,0,4
1473491,Senny Mayulu,mayulu-senny,1644,Paris Saint-Germain,6.2,6.2,1,0,0,0,0,0.03,0,9,1,10,90.0,1,8,6,0,0,0.0,0,0,0,0,0,0,0.0,0,0,0,0,0.0,0,0.0,0,0.0,18,0.0,0,0,0,0,0,0,0,0,0,0,0,0,0,0,0.0,0,0,0,0,2,0,0,0,12,0,1,0,0,0,0,0,0,0,2.61,2,28.0,0,0,0,0,0,1,0,0,0,0,0,0,0,0,0,0,0,1,1,0,0,0,0,0,1,0,0.0,0.0,0,0,0,1,9,0,,0,0,0,1
1545297,Anthony Bermont,anthony-bermont,1684,Angers,6.2,18.6,3,0,0,2,0,0.04,0,29,10,39,74.36,8,21,18,1,0,0.0,2,2,1,0,0,0,0.0,6,0,3,4,26.67,6,66.67,10,41.67,170,0.0,0,0,0,0,0,0,0,0,6,0,0,0,0,2,66.67,0,0,0,3,21,1,3,1,68,3,5,0,0,2,2,3,0,0,22.58,25,29.72,0,0,0,0,0,3,2,0,0,0,0,0,3,0,0,1,1,1,14,3,0,0,0,3,5,0,0.0,0.0,0,0,0,10,29,0,0.93,0,4,0,3
814594,Achraf Hakimi,achraf-hakimi,1644,Paris Saint-Germain,6.2,24.8,4,0,1,1,0,0.54,0,241,34,275,87.64,74,167,103,5,7,38.89,3,3,1,0,0,1,8.33,8,1,4,15,42.86,2,100.0,17,45.95,309,0.0,0,0,0,0,2,0,0,0,2,6,0,0,0,3,60.0,1,0,0,3,68,4,6,2,368,5,0,1,0,6,1,3,0,0,35.23,65,34.56,0,0,0,0,0,5,1,0,0,0,0,0,4,0,0,5,18,12,20,0,0,0,0,5,6,2,66.67,0.0,0,0,0,80,195,0,0.45,0,21,0,4
1170532,Jacques Ekomié,jacques-ekomie,1684,Angers,6.2,6.2,1,0,0,0,0,0.01,0,25,5,30,83.33,10,15,8,0,1,50.0,3,2,0,0,0,0,0.0,2,0,2,4,40.0,1,100.0,5,45.45,90,0.0,0,0,0,0,0,0,0,0,1,1,0,0,0,0,0.0,1,0,0,1,14,0,4,1,55,0,2,0,0,2,0,0,0,0,10.87,16,32.16,0,0,0,0,0,1,1,0,0,0,0,0,1,0,0,0,2,3,6,0,0,0,0,1,2,3,100.0,0.0,0,0,0,11,19,0,0.07,0,2,0,1
1063235,Mohamed Ali Cho,mohamed-ali-cho,1661,Nice,6.2,6.2,1,0,0,0,0,0.02,0,9,1,10,90.0,0,9,7,0,0,0.0,0,0,0,0,0,0,0.0,1,0,0,0,0.0,0,0.0,0,0.0,30,0.0,0,0,0,0,0,0,0,0,0,1,0,0,0,0,0.0,0,0,0,1,2,1,0,0,12,0,2,0,0,0,1,1,0,0,3.5,4,28.0,0,0,0,0,0,0,0,0,0,0,0,0,0,0,0,0,0,0,5,2,0,0,0,0,0,0,0.0,0.0,0,0,0,0,10,0,0.02,0,1,0,1
1605921,Samir El Mourabet,el-mourabet-samir,1659,RC Strasbourg,6.15,12.3,2,0,0,0,0,0.14,0,24,5,29,82.76,18,6,2,1,2,100.0,2,1,0,1,1,1,33.33,0,0,0,4,40.0,1,100.0,5,45.45,68,0.0,0,0,0,0,0,0,0,0,0,0,0,0,0,1,33.33,2,0,1,3,14,0,3,1,49,0,2,0,0,1,0,0,0,0,8.63,6,29.08,0,0,0,0,0,1,0,0,0,0,0,0,1,0,0,1,2,3,6,0,0,0,0,3,1,0,0.0,0.0,0,0,0,19,10,0,,0,6,0,2
1048890,Théo Eyoum,theo-eyoum,1672,Le Mans,6.15,12.3,2,0,0,0,0,0.0,0,57,4,61,93.44,54,3,0,0,0,0.0,2,2,0,0,0,0,0.0,0,0,0,2,33.33,2,22.22,4,26.67,180,0.0,0,0,0,0,0,0,0,0,0,0,0,0,0,0,0.0,14,0,1,0,4,0,4,1,84,0,2,0,0,2,0,0,0,0,20.94,13,28.42,0,0,0,0,0,4,1,0,0,0,0,0,2,0,0,0,0,0,11,7,0,0,0,2,5,1,50.0,0.0,0,0,0,55,6,0,,1,4,2,2
1499870,Luc Zogbé,luc-zogbe,1715,Stade Brestois,6.1,6.1,1,0,0,0,0,0.03,0,22,6,28,78.57,8,14,3,1,1,33.33,1,4,0,0,0,1,33.33,1,0,0,3,37.5,1,33.33,4,36.36,68,0.0,0,0,0,1,0,0,0,0,0,1,0,0,0,4,44.44,3,0,0,1,16,0,5,3,59,1,2,0,0,1,0,1,0,0,8.23,8,29.14,0,0,0,0,0,1,0,0,0,0,0,0,0,0,0,1,3,3,7,2,0,0,0,9,1,0,0.0,0.0,0,0,0,10,18,0,0.05,0,2,0,1
1214843,Zoumana Diallo,zoumana-diallo,1661,Nice,6.1,6.1,1,0,0,0,0,0.02,0,13,2,15,86.67,3,10,8,0,0,0.0,0,0,1,0,0,0,0.0,1,0,1,0,0.0,2,40.0,2,22.22,60,0.0,0,0,0,0,0,0,0,0,0,1,0,0,0,0,0.0,1,0,0,1,5,0,1,1,21,0,3,0,0,0,0,0,0,0,7.6,8,29.37,0,0,0,0,0,0,0,0,0,0,0,0,1,0,0,0,0,0,7,3,0,0,0,0,0,0,0.0,0.0,0,0,0,3,12,0,0.01,0,0,0,1
1961628,Rémi Himbert,remi-himbert,1649,Olympique Lyonnais,6.0,6.0,1,0,0,0,0,0.02,0,7,3,10,70.0,0,7,3,2,0,0.0,0,1,0,0,0,0,0.0,0,0,0,1,20.0,1,33.33,2,25.0,63,0.0,0,0,0,0,0,0,0,0,0,0,0,0,0,0,0.0,0,0,0,1,7,0,0,0,16,1,3,0,0,1,0,0,0,0,8.19,9,30.7,0,0,0,0,0,0,0,0,0,0,0,0,1,0,0,2,0,0,6,2,0,0,0,1,0,0,0.0,0.0,0,0,0,1,9,0,,0,1,0,1
369650,Jonathan Gradit,jonathan-gradit,1648,RC Lens,6.0,6.0,1,0,0,0,0,0.0,0,28,0,28,100.0,26,2,0,0,0,0.0,0,1,0,0,0,0,0.0,1,0,1,0,0.0,1,25.0,1,20.0,55,0.0,0,0,0,0,0,0,0,0,1,0,0,0,0,0,0.0,2,0,0,0,0,0,0,0,33,0,1,0,0,0,0,0,0,0,5.38,6,29.13,0,0,0,0,0,2,0,0,0,0,0,0,1,0,0,0,0,0,4,3,0,0,0,0,2,0,0.0,0.0,0,0,0,26,2,0,0.03,0,0,1,1
1002033,Guéla Doué,guela-doue,1659,RC Strasbourg,5.1,5.1,1,0,0,0,0,0.01,0,21,5,26,80.77,12,9,5,0,0,0.0,1,0,0,0,0,0,0.0,1,0,1,1,16.67,3,75.0,4,40.0,90,0.0,0,0,0,1,0,0,0,0,1,0,0,0,0,0,0.0,3,0,0,1,16,0,2,0,52,0,1,0,0,2,0,0,0,0,9.91,17,33.0,0,0,0,0,0,3,1,0,0,0,0,0,1,0,0,0,1,2,6,1,0,0,0,2,4,1,100.0,0.0,0,0,0,12,14,0,0.05,0,2,1,1
281277,Thilo Kehrer,thilo-kehrer,1653,AS Monaco,0.0,0.0,0,0,0,0,0,,0,0,1,1,0.0,0,0,0,0,0,0.0,0,0,0,0,0,0,0.0,0,0,0,0,0.0,1,100.0,1,50.0,1,0.0,0,0,0,0,0,0,0,0,0,0,0,0,0,0,0.0,1,0,0,0,1,0,1,0,2,0,0,0,0,1,0,0,0,0,0.45,0,21.42,0,0,0,0,0,0,0,0,0,0,0,0,0,0,0,0,0,0,1,0,0,0,0,0,0,0,0.0,0.0,0,0,0,0,1,0,,0,0,0,1
802142,Jonathan Ikoné,jonathan-ikone,6070,Paris FC,0.0,0.0,0,0,0,0,0,,0,0,0,0,0.0,0,0,0,0,0,0.0,0,0,0,0,0,0,0.0,0,0,0,0,0.0,0,0.0,0,0.0,3,0.0,0,0,0,0,0,0,0,0,0,0,0,0,0,0,0.0,0,0,0,0,1,0,0,0,1,0,2,0,0,0,0,0,0,0,0.71,0,24.9,0,0,0,0,0,0,0,0,0,0,0,0,0,0,0,0,0,0,2,0,0,0,0,0,0,0,0.0,0.0,0,0,0,0,0,0,,0,0,0,1
558320,Ulisses Garcia,ulisses-garcia,1641,Olympique de Marseille,0.0,0.0,0,0,0,0,0,0.0,0,2,1,3,66.67,0,2,1,0,0,0.0,0,0,0,0,0,0,0.0,0,0,0,0,0.0,0,0.0,0,0.0,1,0.0,0,0,0,0,0,0,0,0,0,0,0,0,0,0,0.0,0,0,0,0,2,1,0,0,6,0,0,0,0,0,0,0,0,0,0.65,1,25.85,0,0,0,0,0,0,0,0,0,0,0,0,0,0,0,0,0,1,0,0,0,0,0,0,0,0,0.0,0.0,0,0,0,0,3,0,,0,1,0,1
1891025,Justin Bourgault,justin-bourgault,1715,Stade Brestois,0.0,0.0,0,0,0,0,0,0.0,0,0,0,0,0.0,0,0,0,0,0,0.0,0,0,0,0,0,0,0.0,0,0,0,0,0.0,0,0.0,0,0.0,2,0.0,0,0,0,0,0,0,0,0,0,0,0,0,0,0,0.0,0,0,0,0,0,0,0,0,1,0,0,0,0,0,0,0,0,0,0.67,3,29.57,0,0,0,0,0,0,0,0,0,0,0,0,0,0,0,0,0,0,0,0,0,0,0,0,0,0,0.0,0.0,0,0,0,0,0,0,,0,0,0,1
2683595,Hakim Dongopandji,hakim-dongopandji,1662,Le Havre,0.0,0.0,0,0,0,0,0,,0,0,0,0,0.0,0,0,0,0,0,0.0,0,0,0,0,0,0,0.0,0,0,0,0,0.0,0,0.0,0,0.0,1,0.0,0,0,0,0,0,0,0,0,0,0,0,0,0,0,0.0,0,0,0,0,0,0,0,0,0,0,0,0,0,0,0,0,0,0,,,,0,0,0,0,0,0,0,0,0,0,0,0,0,0,0,0,0,0,0,0,0,0,0,0,0,0,0.0,0.0,0,0,0,0,0,0,,0,0,0,1
