player_id,player_name,player_slug,team_id,team_name,rating,totalRating,countRating,goals,bigChancesCreated,bigChancesMissed,assists,expectedAssists,goalsAssistsSum,accuratePasses,inaccuratePasses,totalPasses,accuratePassesPercentage,accurateOwnHalfPasses,accurateOppositionHalfPasses,accurateFinalThirdPasses,keyPasses,successfulDribbles,successfulDribblesPercentage,tackles,interceptions,yellowCards,directRedCards,redCards,accurateCrosses,accurateCrossesPercentage,totalShots,shotsOnTarget,shotsOffTarget,groundDuelsWon,groundDuelsWonPercentage,aerialDuelsWon,aerialDuelsWonPercentage,totalDuelsWon,totalDuelsWonPercentage,minutesPlayed,goalConversionPercentage,penaltiesTaken,penaltyGoals,penaltyWon,penaltyConceded,shotFromSetPiece,freeKickGoal,goalsFromInsideTheBox,goalsFromOutsideTheBox,shotsFromInsideTheBox,shotsFromOutsideTheBox,headedGoals,leftFootGoals,rightFootGoals,accurateLongBalls,accurateLongBallsPercentage,clearances,errorLeadToGoal,errorLeadToShot,dispossessed,possessionLost,possessionWonAttThird,totalChippedPasses,accurateChippedPasses,touches,wasFouled,fouls,hitWoodwork,ownGoals,dribbledPast,offsides,blockedShots,passToAssist,saves,kilometersCovered,numberOfSprints,topSpeed,cleanSheet,penaltyFaced,penaltySave,savedShotsFromInsideTheBox,savedShotsFromOutsideTheBox,goalsConcededInsideTheBox,goalsConcededOutsideTheBox,punches,runsOut,successfulRunsOut,highClaims,crossesNotClaimed,matchesStarted,penaltyConversion,setPieceConversion,totalAttemptAssist,totalContest,totalCross,duelLost,aerialLost,attemptPenaltyMiss,attemptPenaltyPost,attemptPenaltyTarget,totalLongBalls,goalsConceded,tacklesWon,tacklesWonPercentage,scoringFrequency,yellowRedCards,savesCaught,savesParried,totalOwnHalfPasses,totalOppositionHalfPasses,totwAppearances,expectedGoals,goalKicks,ballRecovery,outfielderBlocks,appearances
70996,Kevin De Bruyne,kevin-de-bruyne,17,Manchester City,8.65,17.3,2,2,1,2,1,0.38,3,106,20,126,84.13,21,89,67,4,2,33.33,4,0,0,0,0,4,12.9,13,6,5,8,38.1,1,100.0,9,40.91,202,15.38,0,0,0,0,3,0,2,0,6,7,0,0,2,4,66.67,0,0,0,3,58,3,5,4,203,2,3,0,0,3,0,2,0,0,,,,0,0,0,0,0,1,1,0,0,0,0,0,2,0,0,4,6,31,13,0,0,0,0,6,2,3,75.0,101.0,0,0,0,22,135,2,1.16,0,7,,2
944656,Julián Alvarez,julian-alvarez,17,Manchester City,8.07,48.4,6,5,2,1,2,0.91,7,148,15,163,90.8,19,137,85,16,6,66.67,3,0,0,0,0,8,40.0,15,10,2,9,34.62,1,33.33,10,34.48,278,33.33,0,0,0,0,1,1,3,2,9,6,0,0,5,3,75.0,2,0,0,10,48,2,7,3,239,0,1,0,0,3,0,3,0,0,,,,0,0,0,0,0,2,0,0,0,0,0,0,2,0,100,16,9,20,19,2,0,0,0,4,2,2,66.67,55.6,0,0,0,19,164,2,1.74,0,7,,7
859765,Phil Foden,phil-foden,17,Manchester City,8.04,64.3,8,5,5,2,3,3.18,8,393,44,437,89.93,76,322,191,15,11,68.75,1,2,0,0,0,5,27.78,33,12,10,17,44.74,5,55.56,22,46.81,684,15.15,0,0,0,0,2,0,4,1,16,17,0,4,1,6,60.0,2,0,0,10,93,7,11,7,562,5,4,1,0,2,1,11,0,0,,,,1,0,0,0,0,9,2,0,0,0,0,0,7,0,0,15,16,18,25,4,0,0,0,10,11,1,100.0,136.8,0,0,0,79,376,3,3.26,0,26,,8
136924,Willi Orbán,willi-orban,36360,RB Leipzig,7.9,15.8,2,1,0,0,0,0.12,1,136,11,147,92.52,76,60,7,1,1,100.0,4,1,1,0,0,0,0.0,5,1,3,7,58.33,5,83.33,12,66.67,180,20.0,0,0,0,0,0,0,1,0,5,0,1,0,0,3,75.0,8,0,1,1,15,1,5,5,182,2,2,0,0,2,0,1,0,0,,,,0,0,0,0,0,2,0,0,0,0,0,0,2,0,0,1,1,1,6,1,0,0,0,4,2,3,75.0,180.0,0,0,0,83,65,1,0.25,1,8,,2
827606,Rodri,rodri,17,Manchester City,7.86,62.9,8,1,0,2,2,1.58,3,849,75,924,91.88,267,584,271,16,10,71.43,14,6,2,0,0,2,33.33,12,4,5,32,60.38,5,50.0,37,58.73,697,8.33,0,0,1,0,0,0,1,0,7,5,0,0,1,59,83.1,6,0,1,5,94,2,103,76,1014,8,9,1,0,4,0,3,0,0,,,,0,0,0,0,0,8,3,0,0,0,0,0,8,0,0,16,14,6,26,5,0,0,0,71,11,11,78.57,697.0,0,0,0,278,652,3,0.81,0,52,,8
85859,Antoine Griezmann,antoine-griezmann,2836,Atlético Madrid,7.84,78.4,10,6,5,3,1,1.88,7,399,63,462,86.36,130,283,145,28,5,35.71,12,6,1,0,0,14,28.57,22,10,8,26,42.62,9,50.0,35,44.3,822,27.27,1,0,0,0,0,0,5,1,21,1,0,4,2,22,73.33,10,0,0,8,129,8,41,32,632,9,7,3,0,11,0,4,1,0,,,,0,0,0,0,0,12,0,0,0,0,0,0,10,0,0,27,14,49,44,9,0,0,1,30,12,9,75.0,137.0,0,0,0,146,365,3,4.24,0,37,,10
831005,Raphinha,raphinha,2817,FC Barcelona,7.74,54.2,7,3,4,0,2,1.42,5,129,32,161,80.12,40,93,56,10,8,47.06,8,1,1,0,0,4,19.05,24,13,5,28,53.85,1,25.0,29,51.79,473,12.5,0,0,0,0,2,0,3,0,17,7,0,2,1,9,60.0,2,0,0,8,76,6,10,6,288,12,4,1,0,3,0,6,0,0,,,,0,0,0,0,0,8,1,0,0,0,0,0,6,0,0,10,17,21,27,3,0,0,0,15,9,6,75.0,157.67,0,0,0,45,137,1,2.53,0,25,,7
991011,Jude Bellingham,jude-bellingham,2829,Real Madrid,7.74,85.1,11,4,7,2,5,2.16,9,512,56,568,90.14,178,338,179,24,19,63.33,20,7,2,0,0,4,28.57,23,7,8,60,53.57,11,50.0,71,52.99,993,17.39,0,0,0,0,0,0,4,0,18,5,1,0,3,15,71.43,5,0,0,25,126,9,21,15,782,21,9,0,0,7,1,8,0,0,,,,1,0,0,0,0,11,4,0,0,0,0,0,11,0,0,24,30,14,63,11,0,0,0,21,15,9,45.0,248.25,0,0,0,191,391,2,3.02,0,33,,11
934235,Bukayo Saka,bukayo-saka,42,Arsenal,7.71,69.4,9,4,3,0,4,2.14,8,203,34,237,85.65,53,156,101,17,10,40.0,16,2,0,0,0,6,17.65,13,6,2,51,52.58,3,33.33,54,50.94,725,30.77,0,0,0,0,1,0,4,0,9,4,0,2,1,4,80.0,3,0,0,16,121,4,8,6,435,25,8,0,0,9,3,5,0,0,,,,1,0,0,0,0,5,1,0,0,0,0,0,9,0,0,17,25,34,52,6,0,0,0,5,6,12,75.0,181.25,0,0,0,57,214,2,1.57,0,32,,9
162653,Nick Pope,nick-pope,39,Newcastle United,7.7,38.5,5,0,0,0,0,0.0,0,63,37,100,63.0,44,19,3,0,0,0.0,0,0,2,0,0,0,0.0,0,0,0,0,0.0,0,0.0,0,0.0,450,0.0,0,0,0,0,0,0,0,0,0,0,0,0,0,25,40.98,6,0,0,0,41,0,28,12,167,0,0,0,0,0,0,0,0,25,,,,1,1,0,14,11,5,0,4,1,1,6,0,5,0,0,0,0,0,0,0,0,0,0,61,5,0,0.0,0.0,0,0,3,49,51,1,,45,41,,5
826643,Kylian Mbappé,kylian-mbappe,1644,Paris Saint-Germain,7.69,92.3,12,8,9,10,0,3.57,8,309,56,365,84.66,49,263,182,26,36,54.55,2,4,1,0,0,3,13.64,51,27,15,50,48.08,4,30.77,54,46.15,1080,15.69,3,3,0,0,0,0,8,0,42,9,0,1,7,15,78.95,0,0,0,11,161,7,22,15,603,12,11,4,0,2,19,9,0,0,,,,3,0,0,0,0,14,1,0,0,0,0,0,12,100,0,26,66,22,63,9,0,0,0,19,15,1,50.0,135.0,0,0,0,56,331,2,8.16,0,20,,12
868812,Vinícius Júnior,vinicius-junior,2829,Real Madrid,7.66,76.6,10,6,5,4,4,2.6,10,218,56,274,79.56,39,182,109,19,37,50.68,8,1,3,0,0,3,12.5,30,13,11,59,45.74,3,50.0,62,45.93,901,20.0,1,1,0,0,0,0,6,0,26,4,0,1,5,9,69.23,0,0,0,22,163,3,25,13,512,14,10,2,0,2,7,6,0,0,,,,2,0,0,0,0,8,3,0,0,0,0,0,10,100,0,19,73,24,73,3,0,0,0,13,11,5,62.5,150.17,0,0,0,45,253,2,4.49,0,27,,10
997183,Xavi Simons,xavi-simons,36360,RB Leipzig,7.65,61.2,8,2,3,0,2,1.31,4,226,50,276,81.88,84,148,90,19,15,83.33,5,4,1,0,0,6,30.0,18,7,5,42,66.67,7,58.33,49,65.33,599,11.11,0,0,0,0,0,0,1,1,9,9,0,0,2,12,85.71,1,0,0,9,101,5,20,13,421,23,4,0,0,6,0,6,0,0,,,,0,0,0,0,0,9,0,0,0,0,0,0,7,0,0,19,18,20,26,5,0,0,0,14,9,2,40.0,299.5,0,0,0,99,197,1,1.25,0,43,,8
108579,Harry Kane,harry-kane,2672,FC Bayern München,7.62,91.4,12,8,2,3,4,1.18,12,151,66,217,69.59,43,108,65,15,4,33.33,9,1,1,0,0,0,0.0,36,17,11,37,56.06,24,54.55,61,55.45,1065,22.22,3,3,0,0,2,0,8,0,23,13,2,1,5,24,72.73,7,0,0,9,109,6,32,19,370,25,14,1,0,1,4,8,1,0,,,,4,0,0,0,0,9,0,0,0,0,0,0,12,100,0,14,12,4,49,20,0,0,0,33,9,7,77.78,133.13,0,0,0,55,166,2,5.9,0,30,,12
138892,João Cancelo,joao-cancelo,2817,FC Barcelona,7.6,76.0,10,2,1,0,1,1.59,3,439,61,500,87.8,193,253,134,13,29,65.91,32,19,1,0,0,7,26.92,11,5,6,68,64.15,8,44.44,76,61.29,810,18.18,0,0,0,1,0,0,2,0,7,4,0,0,2,25,69.44,11,0,1,4,117,6,31,23,779,7,12,0,0,7,0,0,0,0,,,,1,0,0,0,0,10,1,0,0,0,0,0,9,0,0,13,44,26,48,10,0,0,0,36,11,22,68.75,405.0,0,0,0,214,312,1,0.63,0,47,,10
138491,Alexander Meyer,alexander-meyer,2673,Borussia Dortmund,7.6,7.6,1,0,0,0,0,0.0,0,38,7,45,84.44,34,4,0,0,0,0.0,0,0,0,0,0,0,0.0,0,0,0,0,0.0,2,100.0,2,100.0,90,0.0,0,0,0,0,0,0,0,0,0,0,0,0,0,7,50.0,0,0,0,0,7,0,1,1,56,0,0,0,0,0,0,0,0,4,,,,0,1,0,3,0,1,0,0,0,0,0,0,1,0,0,0,0,0,0,0,0,0,0,14,1,0,0.0,0.0,0,0,2,36,9,0,,8,9,,1
845754,Wenderson Galeno,wenderson-galeno,3002,FC Porto,7.59,53.1,7,5,1,2,3,0.73,8,104,44,148,70.27,26,80,53,8,9,37.5,7,8,0,0,0,2,22.22,16,11,4,32,53.33,2,33.33,34,51.52,651,31.25,0,0,0,0,0,0,3,2,10,6,0,0,5,1,50.0,6,0,0,6,100,11,5,3,302,16,6,1,0,2,1,1,0,0,,,,1,0,0,0,0,9,0,0,0,0,0,0,7,0,0,8,24,9,32,4,0,0,0,2,9,5,71.43,130.2,0,0,0,34,123,2,2.87,0,38,,7
934386,Jérémy Doku,jeremy-doku,17,Manchester City,7.59,53.1,7,1,2,1,1,2.37,2,151,17,168,89.88,20,136,84,9,29,65.91,6,0,0,0,0,5,38.46,12,6,0,45,65.22,0,0.0,45,65.22,299,8.33,0,0,0,0,0,0,1,0,9,3,0,0,1,2,100.0,0,0,0,5,55,3,3,3,284,10,3,0,0,1,0,6,0,0,,,,0,0,0,0,0,1,2,0,0,0,0,0,1,0,0,9,44,13,24,0,0,0,0,2,3,3,50.0,299.0,0,0,0,20,161,0,1.28,0,19,,7
857574,Andriy Lunin,andriy-lunin,2829,Real Madrid,7.58,60.6,8,0,0,0,0,0.0,0,161,58,219,73.52,147,14,3,0,0,0.0,0,0,0,0,0,0,0.0,0,0,0,2,66.67,3,100.0,5,83.33,750,0.0,0,0,0,0,0,0,0,0,0,0,0,0,0,42,42.0,13,0,1,0,59,0,28,24,321,2,0,0,0,1,0,0,0,35,,,,2,2,1,21,14,7,3,7,3,2,10,0,8,0,0,0,0,0,1,0,0,0,0,100,10,0,0.0,0.0,0,0,5,165,54,3,,54,63,,8
592010,Mikel Merino,mikel-merino,2824,Real Sociedad,7.56,52.9,7,2,1,1,1,0.44,3,255,66,321,79.44,85,171,90,9,10,83.33,15,4,2,0,0,1,20.0,14,4,5,32,50.79,44,57.89,76,54.68,630,14.29,0,0,0,0,0,0,2,0,12,2,1,1,0,9,50.0,14,0,0,11,96,11,21,13,446,8,13,2,0,7,0,5,0,0,,,,3,0,0,0,0,6,0,0,0,0,0,0,7,0,0,9,12,5,63,32,0,0,0,18,6,8,53.33,315.0,0,0,0,94,232,1,1.94,0,55,,7
856076,David Raum,david-raum,36360,RB Leipzig,7.56,52.9,7,1,5,0,3,2.57,4,256,47,303,84.49,128,148,72,20,0,0.0,17,10,2,0,0,20,29.85,2,2,0,22,59.46,2,25.0,24,53.33,630,50.0,0,0,0,0,0,0,1,0,1,1,0,1,0,14,50.0,15,0,0,2,114,1,26,15,504,5,6,0,0,6,2,0,0,0,,,,0,0,0,0,0,11,0,0,0,0,0,0,7,0,0,20,3,67,21,6,0,0,0,28,11,12,70.59,630.0,0,0,0,146,224,1,0.21,0,28,,7
874705,Samuel Lino,samuel-lino,2836,Atlético Madrid,7.54,52.8,7,3,1,3,3,0.41,6,216,23,239,90.38,101,115,58,5,9,50.0,12,2,3,0,0,0,0.0,18,8,7,29,50.88,1,14.29,30,46.88,506,16.67,0,0,0,0,0,0,3,0,15,3,0,0,3,9,100.0,3,0,0,2,50,7,13,9,356,8,6,0,0,11,2,3,0,0,,,,1,0,0,0,0,5,0,0,0,0,0,0,6,0,0,5,18,7,34,6,0,0,0,9,5,10,83.33,168.67,0,0,0,105,141,2,2.04,0,30,,7
16206,Yann Sommer,yann-sommer,2697,Inter,7.54,52.8,7,0,0,0,0,0.01,0,238,50,288,82.64,227,11,1,0,0,0.0,0,0,0,0,0,0,0.0,0,0,0,0,0.0,1,50.0,1,50.0,660,0.0,0,0,0,0,0,0,0,0,0,0,0,0,0,23,32.86,5,0,0,0,51,0,34,15,361,0,0,0,0,0,0,0,0,25,,,,4,0,0,20,5,3,1,3,0,0,5,0,7,0,0,0,0,0,1,1,0,0,0,70,4,0,0.0,0.0,0,1,7,246,42,1,,39,56,,7
556866,Gregor Kobel,gregor-kobel,2673,Borussia Dortmund,7.54,90.5,12,0,0,0,0,0.03,0,339,85,424,79.95,281,58,8,0,1,100.0,0,0,0,0,0,0,0.0,0,0,0,3,75.0,1,100.0,4,80.0,1080,0.0,0,0,0,0,0,0,0,0,0,0,0,0,0,77,47.53,13,0,0,0,88,0,48,25,534,2,0,0,0,1,0,0,0,46,,,,6,2,1,31,15,10,0,4,0,0,5,0,12,0,0,0,1,0,1,0,0,0,0,162,10,0,0.0,0.0,0,1,13,298,126,3,,81,77,,12
282073,Alexander Schlager,alexander-schlager,2046,Red Bull Salzburg,7.53,45.2,6,0,0,0,0,0.01,0,177,59,236,75.0,153,24,6,0,0,0.0,0,1,1,0,0,0,0.0,0,0,0,0,0.0,1,100.0,1,100.0,540,0.0,0,0,0,0,0,0,0,0,0,0,0,0,0,50,46.73,4,0,0,0,59,0,39,15,295,0,0,0,0,0,0,0,0,25,,,,2,2,0,18,7,7,1,2,1,1,3,0,6,0,0,0,0,0,0,0,0,0,0,107,8,0,0.0,0.0,0,0,6,171,65,0,,46,45,,6
812533,Mehdi Taremi,mehdi-taremi,3002,FC Porto,7.53,52.7,7,2,2,1,2,1.04,4,104,38,142,73.24,42,62,41,8,3,42.86,17,0,0,0,0,0,0.0,22,9,9,30,62.5,11,47.83,41,57.75,546,9.09,0,0,0,0,0,0,2,0,19,3,0,1,1,6,60.0,8,0,0,3,60,6,7,4,246,10,6,0,0,6,4,4,0,0,,,,0,0,0,0,0,8,0,0,0,0,0,0,6,0,0,8,7,1,30,12,0,0,0,10,8,8,47.06,273.0,0,0,0,48,95,1,2.6,0,17,,7
577726,Ramy Bensebaini,ramy-bensebaini,2673,Borussia Dortmund,7.52,37.6,5,0,0,0,0,0.11,0,139,42,181,76.8,68,72,36,2,2,100.0,21,7,0,0,0,1,11.11,3,1,2,31,75.61,3,100.0,34,77.27,372,0.0,0,0,0,0,0,0,0,0,2,1,0,0,0,7,38.89,8,0,0,1,57,2,16,4,306,8,6,0,0,3,0,0,0,0,,,,2,0,0,0,0,2,0,0,0,0,0,0,4,0,0,2,2,9,10,0,0,0,0,18,2,12,57.14,0.0,0,0,0,81,109,1,0.09,0,37,,5
857480,Calvin Stengs,calvin-stengs,2959,Feyenoord,7.52,45.1,6,1,2,1,1,1.93,2,174,47,221,78.73,42,139,93,17,12,92.31,8,2,1,0,0,7,21.88,4,4,0,25,51.02,4,80.0,29,53.7,473,25.0,0,0,0,0,2,1,0,1,1,3,0,1,0,13,68.42,1,0,0,10,107,2,15,9,334,5,9,0,0,4,1,0,0,0,,,,1,0,0,0,0,7,0,0,0,0,0,0,6,0,50,17,13,32,25,1,0,0,0,19,7,7,87.5,473.0,0,0,0,48,205,0,0.4,0,21,,6
70988,Thibaut Courtois,thibaut-courtois,2829,Real Madrid,7.5,7.5,1,0,0,0,0,0.0,0,14,4,18,77.78,14,0,0,0,0,0.0,0,0,0,0,0,0,0.0,0,0,0,0,0.0,1,100.0,1,50.0,90,0.0,0,0,0,0,0,0,0,0,0,0,0,0,0,1,20.0,1,0,0,0,4,0,2,1,28,0,0,0,0,1,0,0,0,3,,,,1,0,0,2,1,0,0,1,0,0,0,0,1,0,0,0,0,0,1,0,0,0,0,5,0,0,0.0,0.0,0,0,2,15,3,0,,2,8,,1
259117,Joshua Kimmich,joshua-kimmich,2672,FC Bayern München,7.49,89.9,12,1,7,0,2,2.61,3,767,77,844,90.88,369,419,196,26,4,100.0,23,11,2,0,0,21,30.0,9,3,4,38,51.35,5,41.67,43,50.0,1080,11.11,0,0,0,1,1,0,1,0,4,5,1,0,0,51,70.83,13,0,1,2,147,6,74,47,1066,11,12,0,0,24,0,2,0,0,,,,4,0,0,0,0,13,0,0,0,0,0,0,12,0,0,26,4,70,43,7,0,0,0,72,13,16,69.57,1080.0,0,0,0,390,524,2,0.73,0,58,,12
902029,Vitinha,vitinha,1644,Paris Saint-Germain,7.48,89.7,12,2,5,1,1,1.71,3,671,44,715,93.85,273,402,233,20,11,64.71,15,13,2,0,0,4,26.67,22,6,9,29,42.65,3,50.0,32,43.24,914,9.09,0,0,0,0,0,0,1,1,5,17,0,0,2,47,88.68,14,0,0,9,76,11,63,52,856,3,15,2,0,9,1,7,1,0,,,,2,0,0,0,0,10,1,0,0,0,0,0,10,0,0,19,17,15,42,3,0,0,0,53,11,11,73.33,457.0,0,0,0,289,441,3,1.31,0,73,,12
288205,Bruno Fernandes,bruno-fernandes,35,Manchester United,7.47,44.8,6,2,4,0,2,1.0,4,196,65,261,75.1,70,131,84,14,7,53.85,13,3,2,0,0,5,15.63,15,4,7,25,45.45,4,33.33,29,43.28,540,13.33,1,1,0,0,2,0,1,1,6,9,0,0,2,17,44.74,8,0,0,4,116,8,36,18,396,5,6,1,0,14,0,4,0,0,,,,1,0,0,0,0,12,3,0,0,0,0,0,6,100,0,14,13,32,38,8,0,0,0,38,15,6,46.15,270.0,0,0,0,83,210,1,1.56,0,35,,6
889689,Hwang In-beom,hwang-in-beom,5149,FK Crvena zvezda,7.47,44.8,6,1,2,1,1,0.8,2,192,46,238,80.67,96,104,54,16,3,60.0,19,5,2,0,0,8,28.57,13,4,7,26,56.52,5,45.45,31,54.39,531,7.69,0,0,0,0,0,0,1,0,6,7,0,1,0,17,51.52,2,0,0,1,76,2,30,15,346,5,9,1,0,8,0,2,0,0,,,,0,0,0,0,0,13,2,0,0,0,0,0,6,0,0,16,5,28,26,6,0,0,0,33,15,10,52.63,531.0,0,0,0,108,158,1,0.91,0,43,,6
945122,Matheus Nunes,matheus-nunes,17,Manchester City,7.45,44.7,6,0,3,2,1,1.75,1,287,22,309,92.88,58,233,130,13,9,40.91,4,3,0,0,0,4,40.0,12,3,7,29,53.7,3,33.33,32,50.79,423,0.0,0,0,1,0,0,0,0,0,9,3,0,0,0,6,85.71,2,0,0,9,60,5,13,9,409,16,1,0,0,2,1,2,0,0,,,,1,0,0,0,0,3,1,0,0,0,0,0,5,0,0,13,22,10,31,6,0,0,0,7,4,2,50.0,0.0,0,0,0,62,257,1,1.69,0,20,,7
26502,Toni Kroos,toni-kroos,2829,Real Madrid,7.44,89.3,12,0,1,0,2,2.0,2,840,42,882,95.24,425,428,179,24,2,100.0,21,12,2,0,0,13,28.89,7,5,0,33,58.93,1,50.0,34,58.62,864,0.0,0,0,0,0,2,0,0,0,1,6,0,0,0,83,89.25,8,0,0,4,84,3,113,98,1010,10,5,0,0,14,1,2,0,0,,,,2,0,0,0,0,9,4,0,0,0,0,0,10,0,0,24,2,45,24,1,0,0,0,93,13,12,57.14,0.0,0,0,0,436,491,2,0.32,0,61,,12
1015287,Natan,natan,2714,SSC Napoli,7.44,37.2,5,0,1,0,1,0.64,1,289,42,331,87.31,201,88,28,3,2,66.67,10,5,1,0,0,0,0.0,2,0,2,13,68.42,17,68.0,30,68.18,451,0.0,0,0,0,0,0,0,0,0,2,0,0,0,0,14,48.28,18,0,0,0,55,1,17,10,416,1,2,2,0,3,1,0,0,0,,,,2,0,0,0,0,7,1,0,0,0,0,0,5,0,0,3,3,4,14,8,0,0,0,29,8,6,60.0,0.0,0,0,0,217,118,0,0.25,2,25,,6
189061,Jack Grealish,jack-grealish,17,Manchester City,7.44,59.5,8,0,5,0,2,1.55,2,243,30,273,89.01,44,204,138,16,6,66.67,3,2,1,0,0,5,29.41,13,5,2,27,64.29,2,66.67,29,64.44,534,0.0,0,0,0,0,0,0,0,0,11,2,0,0,0,8,72.73,0,0,0,3,60,4,10,6,364,18,4,0,0,6,0,6,0,0,,,,1,0,0,0,0,6,2,0,0,0,0,0,8,0,0,16,9,17,16,1,0,0,0,11,8,2,66.67,0.0,0,0,0,48,242,1,1.15,0,18,,8
45853,İlkay Gündoğan,ilkay-gundogan,2817,FC Barcelona,7.43,74.3,10,0,5,1,4,3.73,4,506,52,558,90.68,172,349,168,25,10,58.82,5,6,1,0,0,15,35.71,15,4,6,24,43.64,3,50.0,27,44.26,836,0.0,0,0,0,0,0,0,0,0,7,8,0,0,0,26,74.29,2,0,1,11,111,11,43,26,706,9,6,1,0,7,1,5,1,0,,,,2,0,0,0,0,11,1,0,0,0,0,0,9,0,0,24,17,42,34,3,0,0,0,35,12,5,100.0,0.0,0,0,0,178,422,1,0.94,0,42,,10
998490,Evanilson,evanilson,3002,FC Porto,7.41,51.9,7,4,2,0,1,1.04,5,85,21,106,80.19,40,46,25,6,5,38.46,6,3,0,0,0,1,33.33,14,7,4,24,52.17,9,52.94,33,52.38,491,28.57,1,1,0,0,0,0,3,1,11,3,0,0,4,3,100.0,2,0,0,5,53,4,5,2,202,13,9,0,0,1,3,3,0,0,,,,0,0,0,0,0,5,0,0,0,0,0,0,5,100,0,6,13,3,30,8,0,0,0,3,5,3,50.0,122.75,0,0,0,44,65,1,1.75,0,21,,7
845385,Brais Méndez,brais-mendez,2824,Real Sociedad,7.41,51.9,7,3,1,1,1,0.28,4,207,45,252,82.14,75,133,76,8,8,61.54,13,3,1,0,0,1,10.0,14,6,4,31,55.36,6,54.55,37,55.22,532,21.43,1,0,0,0,1,0,2,1,6,8,0,3,0,10,66.67,8,0,0,6,77,10,16,10,360,10,11,1,0,4,1,4,0,0,,,,1,0,0,0,0,5,0,0,0,0,0,0,7,0,0,8,13,10,30,5,0,1,0,15,5,8,61.54,177.33,0,0,0,86,176,1,1.66,0,30,,7
122951,Casemiro,casemiro,35,Manchester United,7.4,14.8,2,2,0,0,0,0.34,2,75,20,95,78.95,41,34,21,1,1,100.0,6,1,0,0,1,0,0.0,5,2,1,9,47.37,0,0.0,9,42.86,167,40.0,0,0,0,1,0,0,2,0,4,1,1,1,0,9,50.0,4,0,0,1,23,2,23,10,125,2,4,0,0,6,0,2,0,0,,,,0,0,0,0,0,5,1,0,0,0,0,0,2,0,0,1,1,0,12,2,0,0,0,18,6,3,50.0,83.5,1,0,0,44,51,0,0.21,0,18,,2
30027,Ángel Di María,angel-di-maria,3006,Benfica,7.4,37.0,5,1,3,0,1,1.8,2,136,27,163,83.44,38,105,66,9,8,38.1,3,1,0,0,0,7,26.92,12,5,4,21,42.86,0,0.0,21,42.86,416,8.33,0,0,0,0,1,0,0,1,4,8,0,1,0,12,66.67,2,0,0,8,79,3,22,14,275,10,1,2,0,6,1,3,0,0,,,,0,0,0,0,0,9,1,0,0,0,0,0,5,0,0,9,21,26,28,0,0,0,0,18,10,3,100.0,416.0,0,0,0,44,145,1,0.34,0,17,,5
547838,Dani Ceballos,dani-ceballos,2829,Real Madrid,7.4,14.8,2,1,0,0,0,0.42,1,126,12,138,91.3,38,89,40,4,3,75.0,3,3,0,0,0,1,25.0,2,1,1,7,41.18,0,0.0,7,38.89,152,50.0,0,0,0,0,0,0,1,0,2,0,0,0,1,3,75.0,2,0,0,4,25,0,3,2,172,1,2,0,0,3,0,0,0,0,,,,0,0,0,0,0,3,1,0,0,0,0,0,2,0,0,4,4,4,11,1,0,0,0,4,4,1,33.33,152.0,0,0,0,40,102,1,0.19,0,7,,3
857764,Anthony Racioppi,anthony-racioppi,2445,BSC Young Boys,7.4,37.0,5,0,0,0,0,0.01,0,122,62,184,66.3,104,18,5,0,0,0.0,0,0,0,0,0,0,0.0,0,0,0,1,100.0,1,100.0,2,100.0,450,0.0,0,0,0,0,0,0,0,0,0,0,0,0,0,42,40.78,4,1,1,0,65,0,54,25,251,0,0,0,0,0,0,0,0,31,,,,1,2,0,23,8,9,2,2,1,1,1,0,5,0,0,0,0,0,0,0,0,0,0,103,11,0,0.0,0.0,0,0,3,120,64,0,,31,43,,5
941669,Dmytro Riznyk,dmytro-riznyk,3313,Shakhtar Donetsk,7.4,44.4,6,0,0,0,0,0.01,0,137,44,181,75.69,119,18,4,0,1,100.0,1,0,1,0,0,0,0.0,0,0,0,4,100.0,4,100.0,8,100.0,540,0.0,0,0,0,0,0,0,0,0,0,0,0,0,0,37,46.25,8,0,1,0,45,0,37,21,253,2,0,0,0,0,0,0,0,25,,,,2,1,0,17,8,9,3,5,4,3,8,0,6,0,0,0,1,0,0,0,0,0,0,80,12,1,100.0,0.0,0,0,6,138,43,1,,31,56,,6
875136,Noa Lang,noa-lang,2952,PSV Eindhoven,7.4,14.8,2,0,1,1,0,0.55,0,43,12,55,78.18,7,40,27,5,13,65.0,2,1,0,0,0,4,50.0,9,4,2,18,62.07,1,100.0,19,63.33,166,0.0,0,0,0,0,0,0,0,0,6,3,0,0,0,7,100.0,0,0,0,1,34,2,9,6,121,3,0,0,0,3,0,3,0,0,,,,0,0,0,0,0,4,2,0,0,0,0,0,2,0,0,5,20,8,11,0,0,0,0,7,6,0,0.0,0.0,0,0,0,10,53,0,0.46,0,8,,2
964994,Joško Gvardiol,josko-gvardiol,17,Manchester City,7.38,44.3,6,1,1,0,1,0.56,2,549,34,583,94.17,195,354,172,6,6,75.0,7,8,1,0,0,0,0.0,2,1,0,15,46.88,8,47.06,23,46.94,569,50.0,0,0,0,0,0,0,0,1,1,1,0,0,1,14,77.78,6,0,1,5,48,1,11,7,677,2,8,0,0,3,1,1,0,0,,,,1,0,0,0,0,7,1,0,0,0,0,0,6,0,0,6,8,2,26,9,0,0,0,18,8,6,85.71,569.0,0,0,0,202,383,2,0.13,0,31,,6
135700,Hakan Çalhanoğlu,hakan-calhanoglu,2697,Inter,7.38,44.3,6,1,2,0,0,1.27,1,361,48,409,88.26,208,164,70,13,1,50.0,10,6,2,0,0,11,47.83,12,3,4,17,47.22,3,60.0,20,48.78,513,8.33,1,1,0,0,2,0,1,0,1,11,0,0,1,21,61.76,4,0,0,5,77,4,32,20,508,6,5,0,0,9,0,5,0,0,,,,1,0,0,0,0,3,0,0,0,0,0,0,6,100,0,13,2,23,21,2,0,0,0,34,3,5,50.0,513.0,0,0,0,229,203,0,1.14,0,38,,6
7635,Ivan Rakitić,ivan-rakitic,2833,Sevilla,7.37,44.2,6,0,3,0,3,1.91,3,210,50,260,80.77,91,133,66,17,1,33.33,11,3,0,0,0,14,34.15,3,1,1,16,47.06,2,40.0,18,46.15,459,0.0,0,0,0,0,0,0,0,0,0,3,0,0,0,25,53.19,3,0,0,6,92,5,39,22,366,4,3,0,0,7,1,1,0,0,,,,0,0,0,0,0,9,1,0,0,0,0,0,5,0,0,17,3,41,21,3,0,0,0,47,10,4,36.36,0.0,0,0,0,99,202,0,0.1,0,36,,6
1190933,João Neves,joao-neves,3006,Benfica,7.37,44.2,6,0,0,1,0,0.38,0,284,64,348,81.61,134,152,73,4,13,76.47,24,10,0,0,0,2,33.33,6,2,1,52,64.2,9,45.0,61,60.4,540,0.0,0,0,0,0,0,0,0,0,4,2,0,0,0,19,65.52,9,0,0,9,100,4,39,17,496,16,8,0,0,8,0,3,1,0,,,,0,0,0,0,0,10,1,0,0,0,0,0,6,0,0,3,17,6,40,11,0,0,0,29,11,18,75.0,0.0,0,0,0,158,196,0,0.39,0,50,,6
1088896,Johan Bakayoko,johan-bakayoko,2952,PSV Eindhoven,7.36,58.9,8,1,2,1,1,2.4,2,173,41,214,80.84,58,123,78,19,20,64.52,10,4,0,0,0,8,26.67,24,10,8,36,52.17,4,40.0,40,50.63,653,4.17,0,0,0,0,0,0,0,1,10,14,0,1,0,4,40.0,1,0,0,7,101,6,11,7,381,6,13,0,0,3,1,6,0,0,,,,1,0,0,0,0,9,2,0,0,0,0,0,8,0,0,19,31,30,39,6,0,0,0,10,11,8,80.0,653.0,0,0,0,68,176,0,1.24,0,32,,8
16632,Mats Hummels,mats-hummels,2673,Borussia Dortmund,7.35,95.6,13,1,0,1,1,0.71,2,614,94,708,86.72,398,216,54,3,7,100.0,53,25,4,0,0,0,0.0,10,1,4,63,70.0,23,71.88,86,70.49,1170,10.0,0,0,0,1,0,0,1,0,7,3,1,0,0,47,55.95,66,1,1,0,104,2,65,41,930,5,13,0,1,14,3,5,0,0,,,,6,0,0,0,0,11,0,0,0,0,0,0,13,0,0,3,7,1,36,9,0,0,0,84,11,29,54.72,1170.0,0,0,0,430,279,3,0.93,9,81,,13
22209,Ørjan Nyland,rjan-nyland,2833,Sevilla,7.35,14.7,2,0,0,0,0,0.0,0,54,19,73,73.97,44,10,4,0,0,0.0,0,0,0,0,0,0,0.0,0,0,0,0,0.0,1,100.0,1,50.0,180,0.0,0,0,0,0,0,0,0,0,0,0,0,0,0,18,48.65,2,0,0,0,19,0,28,15,95,0,0,0,0,1,0,0,0,8,,,,0,1,0,7,1,4,0,2,0,0,0,0,2,0,0,0,0,0,1,0,0,0,0,37,4,0,0.0,0.0,0,0,2,46,27,0,,19,16,,2
818244,Ousmane Dembélé,ousmane-dembele,1644,Paris Saint-Germain,7.35,80.8,11,2,1,6,1,2.23,3,386,104,490,78.78,87,312,217,23,23,46.94,15,6,5,0,0,13,15.12,33,10,15,51,46.79,3,33.33,54,45.76,954,6.06,0,0,1,0,1,0,2,0,24,9,0,1,1,14,73.68,1,0,0,13,256,5,16,6,770,13,10,2,0,9,1,8,0,0,,,,1,0,0,0,0,12,1,0,0,0,0,0,11,0,0,23,49,86,64,6,0,0,0,19,13,10,66.67,477.0,0,0,0,101,475,2,2.96,0,34,,11
97012,Bruma,bruma,2999,Sporting Braga,7.34,36.7,5,2,0,0,1,0.58,3,147,25,172,85.47,25,122,74,7,11,44.0,8,1,0,0,0,0,0.0,12,5,4,24,51.06,0,0.0,24,51.06,371,16.67,0,0,0,0,0,0,1,1,6,6,1,0,1,3,75.0,2,0,0,5,60,1,5,3,269,5,1,0,0,3,1,3,0,0,,,,0,0,0,0,0,8,1,0,0,0,0,0,4,0,0,7,25,6,23,0,0,0,0,4,9,4,50.0,185.5,0,0,0,29,149,0,0.71,0,18,,5
363856,Nicolò Barella,nicolo-barella,2697,Inter,7.34,58.7,8,0,3,1,1,1.53,1,269,52,321,83.8,114,161,81,14,1,20.0,16,5,1,0,0,6,37.5,6,3,2,26,61.9,10,71.43,36,64.29,466,0.0,0,0,0,0,0,0,0,0,2,4,0,0,0,11,73.33,3,0,0,2,80,5,24,18,428,9,6,1,0,5,2,1,0,0,,,,1,0,0,0,0,2,1,0,0,0,0,0,4,0,0,14,5,16,20,4,0,0,0,15,3,13,81.25,0.0,0,0,0,132,205,1,0.86,0,32,,8
547410,Martin Ødegaard,martin-degaard,42,Arsenal,7.33,66.0,9,2,2,0,1,1.15,3,337,41,378,89.15,135,205,120,10,12,75.0,11,7,0,0,0,3,21.43,17,6,6,32,51.61,1,33.33,33,50.77,751,11.76,0,0,0,0,0,0,1,1,11,6,0,2,0,14,87.5,0,0,0,15,89,12,20,12,507,9,4,0,0,7,1,5,0,0,,,,3,0,0,0,0,6,1,0,0,0,0,0,8,0,0,10,16,14,32,2,0,0,0,16,7,5,45.45,375.5,0,0,0,139,253,0,1.33,0,30,,9
850816,Joey Veerman,joey-veerman,2952,PSV Eindhoven,7.33,51.3,7,0,1,0,0,1.47,0,331,81,412,80.34,130,215,109,18,6,85.71,13,6,1,0,0,14,38.89,8,3,3,25,58.14,4,44.44,29,55.77,579,0.0,0,0,0,0,2,0,0,0,1,7,0,0,0,34,59.65,9,0,0,2,112,1,56,30,535,6,2,0,0,13,0,2,0,0,,,,0,0,0,0,0,7,3,0,0,0,0,0,7,0,0,18,7,36,23,5,0,0,0,57,10,7,53.85,0.0,0,0,0,158,290,0,0.37,0,44,,7
1010231,Jamal Musiala,jamal-musiala,2672,FC Bayern München,7.31,80.4,11,2,4,1,1,1.77,3,311,42,353,88.1,134,177,101,18,32,65.31,12,12,1,0,0,0,0.0,23,6,5,61,52.59,1,14.29,62,50.41,882,8.7,0,0,1,0,0,0,2,0,17,6,0,0,2,5,45.45,0,0,0,19,102,3,2,1,541,17,10,0,0,9,1,12,0,0,,,,1,0,0,0,0,8,0,0,0,0,0,0,11,0,0,18,49,3,61,6,0,0,0,11,8,10,83.33,441.0,0,0,0,142,214,1,1.97,0,45,,11
794839,Gabriel Jesus,gabriel-jesus,42,Arsenal,7.3,58.4,8,4,4,4,3,0.77,7,105,23,128,82.03,37,68,40,8,11,45.83,8,1,2,0,0,0,0.0,15,8,6,25,43.86,9,47.37,34,44.74,413,26.67,0,0,0,0,0,0,4,0,15,0,0,0,4,1,33.33,3,0,0,7,67,6,4,4,235,6,8,0,0,4,1,1,0,0,,,,0,0,0,0,0,3,0,0,0,0,0,0,4,0,0,8,24,1,42,10,0,0,0,3,3,4,50.0,103.25,0,0,0,42,87,3,2.16,0,21,,8
789071,Dani Olmo,dani-olmo,36360,RB Leipzig,7.3,21.9,3,1,1,0,0,0.17,1,60,15,75,80.0,11,49,34,3,3,50.0,4,0,0,0,0,0,0.0,9,3,4,12,46.15,0,0.0,12,42.86,181,11.11,0,0,0,0,1,0,1,0,6,3,0,0,1,3,50.0,2,0,0,3,30,1,1,0,121,5,5,1,0,3,0,2,0,0,,,,0,0,0,0,0,2,0,0,0,0,0,0,2,0,0,3,6,4,16,2,0,0,0,6,2,1,25.0,181.0,0,0,0,14,65,0,0.89,0,12,,3
115665,Cédric Bakambu,cedric-bakambu,3061,Galatasaray,7.3,14.6,2,1,0,0,0,0.01,1,7,4,11,63.64,3,4,3,1,0,0.0,0,0,1,0,0,0,0.0,7,3,3,0,0.0,0,0.0,0,0.0,37,14.29,0,0,0,0,0,0,1,0,7,0,0,0,1,0,0.0,0,0,0,0,5,0,0,0,19,0,2,0,0,0,0,1,0,0,,,,0,0,0,0,0,2,0,0,0,0,0,0,0,0,0,1,0,0,4,2,0,0,0,0,2,0,0.0,37.0,0,0,0,3,8,0,0.53,0,1,,2
41652,André Castro,andre-castro,2999,Sporting Braga,7.3,7.3,1,1,0,0,0,0.0,1,7,1,8,87.5,6,1,0,0,0,0.0,0,0,0,0,0,0,0.0,1,1,0,0,0.0,1,50.0,1,50.0,10,100.0,0,0,0,0,0,0,0,1,0,1,0,0,1,0,0.0,0,0,0,0,1,0,1,0,9,0,0,0,0,0,0,0,0,0,,,,0,0,0,0,0,0,0,0,0,0,0,0,0,0,0,0,0,0,1,1,0,0,0,1,0,0,0.0,10.0,0,0,0,6,2,0,0.03,0,1,,1
981815,Igor Paixão,igor-paixao,2959,Feyenoord,7.3,43.8,6,0,3,1,0,1.54,0,97,27,124,78.23,26,80,42,8,10,90.91,4,4,0,0,0,9,34.62,11,3,6,17,68.0,4,50.0,21,63.64,401,0.0,1,0,1,0,0,0,0,0,7,4,0,0,0,0,0.0,1,0,0,4,63,5,4,3,218,3,2,0,0,2,1,2,0,0,,,,0,0,0,0,0,6,0,0,0,0,0,0,6,0,0,8,11,26,12,4,0,0,1,2,6,1,25.0,0.0,0,0,0,30,120,0,1.41,0,16,,6
592794,Alex Meret,alex-meret,2714,SSC Napoli,7.29,58.3,8,0,0,0,0,0.0,0,197,29,226,87.17,187,10,1,0,0,0.0,0,0,0,0,0,0,0.0,0,0,0,1,100.0,1,100.0,2,100.0,720,0.0,0,0,0,0,0,0,0,0,0,0,0,0,0,38,58.46,7,0,0,0,30,0,31,22,312,2,0,0,1,0,0,0,0,33,,,,2,0,0,20,13,12,1,3,4,4,3,1,8,0,0,0,0,0,0,0,0,0,0,65,13,0,0.0,0.0,0,0,7,194,32,1,,65,52,,8
319857,Benjamin Henrichs,benjamin-henrichs,36360,RB Leipzig,7.28,43.7,6,0,2,0,2,0.69,2,217,65,282,76.95,118,101,46,11,4,66.67,22,3,2,0,0,2,20.0,5,2,2,32,65.31,2,22.22,34,58.62,493,0.0,0,0,0,0,0,0,0,0,2,3,0,0,0,11,39.29,8,0,0,2,87,2,23,10,421,6,5,0,1,8,1,1,0,0,,,,0,0,0,0,0,5,0,0,0,0,0,0,6,0,0,11,6,10,24,7,0,0,0,28,5,14,63.64,0.0,0,0,0,146,146,0,0.22,0,36,,6
191210,Mike Maignan,mike-maignan,2692,AC Milan,7.27,43.6,6,0,0,0,0,0.05,0,118,35,153,77.12,94,24,12,0,0,0.0,0,0,1,0,0,0,0.0,0,0,0,3,100.0,2,100.0,5,100.0,531,0.0,0,0,0,0,0,0,0,0,0,0,0,0,0,47,58.02,10,0,0,0,37,0,29,17,221,3,0,0,0,0,0,0,0,18,,,,1,1,0,9,9,7,1,6,3,3,4,0,6,0,0,0,0,0,0,0,0,0,0,81,8,0,0.0,0.0,0,0,2,101,52,0,,37,52,,6
814594,Achraf Hakimi,achraf-hakimi,1644,Paris Saint-Germain,7.26,79.9,11,1,5,0,1,2.36,2,705,110,815,86.5,273,437,270,27,8,38.1,20,12,4,0,0,5,14.71,17,3,7,39,43.82,10,38.46,49,42.61,982,5.88,0,0,0,0,1,0,1,0,8,9,0,0,1,24,48.0,12,1,1,10,194,3,34,16,1137,11,16,1,0,12,0,7,0,0,,,,2,0,0,0,0,10,1,0,0,0,0,0,11,0,0,27,21,34,66,16,0,0,0,50,11,14,70.0,982.0,0,0,0,322,527,3,0.95,0,78,,11
880218,Takefusa Kubo,takefusa-kubo,2824,Real Sociedad,7.26,58.1,8,0,2,0,1,1.22,1,149,40,189,78.84,22,142,85,20,17,58.62,4,2,2,0,0,15,36.59,11,3,7,28,45.16,1,16.67,29,42.65,563,0.0,0,0,0,0,1,0,0,0,8,3,0,0,0,6,66.67,1,0,0,9,112,6,9,6,337,7,8,1,0,7,2,1,0,0,,,,0,0,0,0,0,5,0,0,0,0,0,0,7,0,0,20,29,41,39,5,0,0,0,9,5,3,75.0,0.0,0,0,0,26,204,0,0.35,0,22,,8
226978,Julian Brandt,julian-brandt,2673,Borussia Dortmund,7.25,87.0,12,2,3,2,2,2.17,4,311,71,382,81.41,143,189,97,28,11,55.0,17,4,0,0,0,21,34.43,19,6,8,30,50.85,7,43.75,37,49.33,789,10.53,0,0,0,0,1,0,2,0,11,8,0,2,0,15,75.0,10,0,0,11,152,7,20,13,568,2,1,1,0,8,1,5,0,0,,,,1,0,0,0,0,6,0,0,0,0,0,0,9,0,0,28,20,61,38,9,0,0,0,20,6,9,52.94,394.5,0,0,0,164,279,2,1.4,0,45,,12
1149127,Arthur Vermeeren,arthur-vermeeren,2836,Atlético Madrid,7.25,43.5,6,1,1,0,2,0.38,3,176,24,200,88.0,79,97,45,5,6,85.71,19,7,1,0,0,0,0.0,5,2,2,30,66.67,4,66.67,34,66.67,540,20.0,0,0,0,0,0,0,1,0,2,3,0,0,1,10,90.91,5,1,0,4,39,4,3,1,288,6,4,0,0,6,0,1,0,0,,,,0,0,0,0,0,15,2,0,0,0,0,0,6,0,0,5,7,0,17,2,0,0,0,11,17,8,42.11,540.0,0,0,0,92,108,1,0.53,0,40,,6
314380,Ricardo Horta,ricardo-horta,2999,Sporting Braga,7.25,43.5,6,0,2,0,2,1.79,2,180,28,208,86.54,51,134,74,12,4,50.0,7,3,1,0,0,5,35.71,17,6,7,19,50.0,0,0.0,19,47.5,503,0.0,0,0,0,0,0,0,0,0,10,7,0,0,0,9,60.0,1,0,0,7,61,4,14,9,304,8,1,1,0,7,0,4,0,0,,,,0,0,0,0,0,11,1,0,0,0,0,0,6,0,0,12,8,14,21,2,0,0,0,15,12,4,57.14,0.0,0,0,0,57,165,0,1.19,0,21,,6
1402912,Lamine Yamal,lamine-yamal,2817,FC Barcelona,7.24,65.2,9,0,4,3,2,2.01,2,194,49,243,79.84,42,158,107,11,23,62.16,9,7,2,0,0,6,28.57,21,3,11,41,50.62,1,16.67,42,48.28,579,0.0,0,0,0,0,0,0,0,0,13,8,0,0,0,7,70.0,1,0,0,8,102,11,17,4,399,9,8,1,0,10,1,7,0,0,,,,0,0,0,0,0,8,0,0,0,0,0,0,7,0,0,11,37,21,45,5,0,0,0,10,8,7,77.78,0.0,0,0,0,49,215,0,1.72,0,40,,10
10710,Sergio Ramos,sergio-ramos,2833,Sevilla,7.24,36.2,5,2,1,0,1,0.38,3,268,48,316,84.81,168,100,23,3,1,100.0,2,4,2,0,0,0,0.0,8,2,6,8,50.0,18,54.55,26,53.06,450,25.0,1,1,0,1,0,0,2,0,8,0,0,1,1,25,55.56,16,0,0,0,50,0,36,21,375,6,6,0,0,2,2,0,0,0,,,,0,0,0,0,0,9,1,0,0,0,0,0,5,100,0,3,1,0,23,15,0,0,0,45,10,2,100.0,225.0,0,0,0,193,123,0,1.8,0,25,,5
851284,Rafael Leão,rafael-leao,2692,AC Milan,7.24,36.2,5,1,3,2,0,0.9,1,80,34,114,70.18,29,56,29,10,18,56.25,7,2,1,0,0,5,62.5,11,4,7,37,57.81,6,50.0,43,56.58,443,9.09,0,0,0,0,0,0,1,0,6,5,0,0,1,6,46.15,1,0,0,7,78,2,6,0,233,12,3,1,0,3,1,0,0,0,,,,2,0,0,0,0,5,0,0,0,0,0,0,5,0,0,10,32,8,33,6,0,0,0,13,5,0,0.0,443.0,0,0,0,37,85,0,1.1,0,18,,5
69768,Jan Oblak,jan-oblak,2836,Atlético Madrid,7.24,72.4,10,0,0,0,0,0.0,0,156,76,232,67.24,134,22,2,0,0,0.0,0,0,0,0,0,0,0.0,0,0,0,1,100.0,2,100.0,3,100.0,930,0.0,0,0,0,0,0,0,0,0,0,0,0,0,0,44,36.97,6,0,1,0,77,0,35,18,335,1,0,0,0,0,0,0,0,38,,,,2,0,0,21,16,13,0,5,4,4,11,0,10,0,0,0,0,0,0,0,0,0,0,119,13,0,0.0,0.0,0,1,6,152,80,0,,64,77,,10
119151,Mohamed Elyounoussi,mohamed-elyounoussi,1284,FC København,7.24,57.9,8,3,2,2,0,0.95,3,128,45,173,73.99,47,85,45,9,10,55.56,20,11,0,0,0,4,36.36,17,8,6,36,53.73,7,41.18,43,51.19,686,17.65,0,0,1,0,0,0,3,0,14,3,0,2,1,1,11.11,5,0,1,6,88,9,8,1,325,6,6,0,0,11,1,3,0,0,,,,1,0,0,0,0,12,1,0,0,0,0,0,8,0,0,9,18,11,41,10,0,0,0,9,13,9,45.0,228.67,0,0,0,59,125,0,2.1,0,45,,8
41789,Robert Lewandowski,robert-lewandowski,2817,FC Barcelona,7.23,65.1,9,3,1,2,1,0.51,4,121,47,168,72.02,28,93,61,9,2,33.33,7,0,1,0,0,0,0.0,22,10,9,22,46.81,26,50.0,48,48.48,736,13.64,0,0,0,0,0,0,3,0,19,3,0,1,2,2,66.67,8,0,0,13,94,8,9,4,287,14,7,0,0,2,5,3,0,0,,,,1,0,0,0,0,11,1,0,0,0,0,0,9,0,0,9,6,1,51,26,0,0,0,3,12,5,71.43,245.33,0,0,0,36,133,1,2.96,0,23,,9
353282,Oleksandr Zubkov,oleksandr-zubkov,3313,Shakhtar Donetsk,7.23,43.4,6,0,5,0,2,0.83,2,145,43,188,77.13,59,89,44,9,9,90.0,11,2,0,0,0,3,18.75,10,2,4,26,52.0,2,28.57,28,49.12,536,0.0,0,0,0,0,0,0,0,0,7,3,0,0,0,10,55.56,7,0,0,10,76,2,25,15,285,6,6,0,0,7,1,4,0,0,,,,2,0,0,0,0,9,3,0,0,0,0,0,6,0,0,9,10,16,29,5,0,0,0,18,12,6,54.55,0.0,0,0,0,64,140,0,0.4,0,28,,6
152420,Alessandro Florenzi,alessandro-florenzi,2692,AC Milan,7.23,21.7,3,0,1,0,0,0.32,0,69,15,84,82.14,40,35,16,4,2,66.67,7,2,1,0,0,6,66.67,1,0,1,10,58.82,2,66.67,12,60.0,157,0.0,0,0,0,0,0,0,0,0,0,1,0,0,0,9,64.29,5,0,0,0,23,0,7,4,136,1,3,0,0,3,0,0,0,0,,,,0,0,0,0,0,1,0,0,0,0,0,0,1,0,0,4,3,9,8,1,0,0,0,14,1,6,85.71,0.0,0,0,0,47,46,0,0.04,0,10,,4
69418,Joselu,joselu,2829,Real Madrid,7.23,72.3,10,5,0,3,0,0.07,5,61,19,80,76.25,17,44,22,4,0,0.0,1,0,0,0,0,0,0.0,30,9,16,4,30.77,17,70.83,21,56.76,293,16.67,0,0,0,0,0,0,5,0,30,0,2,0,3,1,50.0,4,0,0,6,33,3,3,1,137,3,4,2,0,0,2,5,0,0,,,,1,0,0,0,0,1,1,0,0,0,0,0,2,0,0,4,0,2,16,7,0,0,0,2,2,0,0.0,58.6,0,0,0,20,62,2,5.44,0,5,,11
5884,Pepe,pepe,3002,FC Porto,7.23,50.6,7,2,0,0,0,0.25,2,400,63,463,86.39,269,131,40,2,1,100.0,10,8,1,0,0,0,0.0,3,2,0,17,65.38,12,54.55,29,60.42,660,66.67,0,0,0,0,0,0,2,0,3,0,1,1,0,39,52.0,20,0,0,2,73,1,49,18,534,6,3,0,0,5,1,1,1,0,,,,2,0,0,0,0,8,0,0,0,0,0,0,7,0,0,1,1,0,19,10,0,0,0,75,8,8,80.0,330.0,0,0,0,285,178,1,0.15,2,36,,7
886223,Stephen Eustaquio,stephen-eustaquio,3002,FC Porto,7.23,50.6,7,1,0,0,0,1.07,1,227,35,262,86.64,113,119,64,7,1,100.0,14,10,1,0,0,5,41.67,7,4,1,19,55.88,0,0.0,19,51.35,534,14.29,0,0,1,0,0,0,1,0,5,2,0,0,1,13,72.22,6,0,0,0,43,6,23,15,341,4,6,0,1,10,0,2,1,0,,,,1,0,0,0,0,7,0,0,0,0,0,0,6,0,0,6,1,12,18,3,0,0,0,18,7,5,35.71,534.0,0,0,0,121,153,0,0.54,0,32,,8
153257,Giovanni Di Lorenzo,giovanni-di-lorenzo,2714,SSC Napoli,7.23,57.8,8,1,2,0,1,1.86,2,388,75,463,83.8,177,211,95,6,6,42.86,20,6,0,0,0,0,0.0,10,4,4,34,58.62,13,48.15,47,55.29,720,10.0,0,0,0,0,1,0,1,0,7,3,0,1,0,17,56.67,13,0,0,3,119,3,50,31,666,9,7,1,0,7,1,2,0,0,,,,2,0,0,0,0,12,1,0,0,0,0,0,8,0,0,6,14,19,38,14,0,0,0,30,13,12,60.0,720.0,0,0,0,199,283,1,0.39,0,35,,8
889259,Khvicha Kvaratskhelia,khvicha-kvaratskhelia,2714,SSC Napoli,7.23,57.8,8,0,1,1,1,2.15,1,229,44,273,83.88,64,170,96,20,29,56.86,8,4,0,0,0,5,20.0,17,3,6,51,50.5,5,55.56,56,50.91,672,0.0,0,0,0,0,0,0,0,0,9,8,0,0,0,17,80.95,2,0,0,16,125,6,28,18,465,14,8,0,0,4,0,8,1,0,,,,1,0,0,0,0,11,1,0,0,0,0,0,8,0,0,19,51,25,54,4,0,0,0,21,12,5,62.5,0.0,0,0,0,69,229,0,0.93,0,23,,8
856714,Declan Rice,declan-rice,42,Arsenal,7.22,72.2,10,0,0,0,1,0.6,1,527,63,590,89.32,268,263,117,7,16,76.19,14,13,2,0,0,4,23.53,4,0,1,37,63.79,11,61.11,48,63.16,839,0.0,0,0,0,0,0,0,0,0,3,1,0,0,0,27,62.79,15,0,0,3,102,5,31,22,728,7,6,0,0,7,0,3,0,0,,,,2,0,0,0,0,6,1,0,0,0,0,0,9,0,0,7,21,17,28,7,0,0,0,43,7,10,71.43,0.0,0,0,0,290,317,0,0.24,1,54,,10
839956,Erling Haaland,erling-haaland,17,Manchester City,7.21,64.9,9,6,1,12,1,1.19,7,70,18,88,79.55,15,55,35,8,3,33.33,5,0,0,0,0,0,0.0,43,22,16,12,42.86,11,78.57,23,54.76,778,13.95,2,2,0,0,0,0,5,1,40,3,0,5,1,0,0.0,3,0,0,6,46,1,1,1,183,4,4,3,0,1,1,5,0,0,,,,0,0,0,0,0,8,3,0,0,0,0,0,9,100,0,8,9,1,19,3,0,0,0,0,11,2,40.0,129.67,0,0,0,18,71,0,6.99,0,8,,9
184661,Leon Goretzka,leon-goretzka,2672,FC Bayern München,7.21,72.1,10,0,3,3,1,1.16,1,495,37,532,93.05,224,271,109,9,3,60.0,13,19,2,0,0,0,0.0,9,0,5,21,43.75,8,44.44,29,43.94,761,0.0,0,0,0,0,0,0,0,0,7,2,0,0,0,22,59.46,20,0,0,4,49,2,19,12,640,5,12,1,0,10,1,4,0,0,,,,4,0,0,0,0,8,0,0,0,0,0,0,9,0,0,9,5,0,37,10,0,0,0,37,8,9,69.23,0.0,0,0,0,232,300,1,0.79,0,50,,10
280441,Kingsley Coman,kingsley-coman,2672,FC Bayern München,7.2,50.4,7,2,2,1,0,0.77,2,179,31,210,85.24,43,141,85,7,16,61.54,4,0,0,0,0,5,21.74,11,3,5,31,54.39,6,85.71,37,57.81,449,18.18,0,0,0,0,0,0,2,0,9,2,0,0,2,8,80.0,0,0,0,9,84,2,11,9,328,11,3,1,0,4,2,3,0,0,,,,0,0,0,0,0,5,0,0,0,0,0,0,5,0,0,7,26,23,27,1,0,0,0,10,5,2,50.0,224.5,0,0,0,49,184,1,1.72,0,21,,7
286909,Przemysław Frankowski,przemysaw-frankowski,1648,RC Lens,7.2,43.2,6,1,3,0,2,0.68,3,167,51,218,76.61,77,97,50,10,3,50.0,20,6,0,0,0,7,25.93,1,1,0,25,54.35,2,66.67,27,55.1,528,100.0,1,1,0,0,0,0,1,0,1,0,0,0,1,8,47.06,11,0,0,3,95,3,17,9,376,2,5,0,0,10,0,0,0,0,,,,0,0,0,0,0,10,1,0,0,0,0,0,6,100,0,10,6,27,22,1,0,0,0,17,11,16,80.0,528.0,0,0,0,95,150,0,0.79,0,32,,6
333373,Miguel Almirón,miguel-almiron,39,Newcastle United,7.2,43.2,6,1,1,1,0,0.72,1,116,34,150,77.33,33,83,63,4,1,14.29,15,4,1,0,0,0,0.0,12,4,6,29,64.44,0,0.0,29,63.04,413,8.33,0,0,0,0,0,0,1,0,6,6,0,1,0,4,50.0,2,0,0,3,64,6,7,3,252,13,2,0,0,5,1,2,0,0,,,,0,0,0,0,0,6,0,0,0,0,0,0,4,0,0,4,7,5,17,1,0,0,0,8,6,11,73.33,413.0,0,0,0,37,118,0,1.39,0,24,,6
84251,Kevin Kampl,kevin-kampl,36360,RB Leipzig,7.2,36.0,5,0,0,0,2,0.14,2,180,15,195,92.31,91,89,35,7,2,100.0,8,4,1,0,0,0,0.0,2,1,1,13,76.47,2,40.0,15,68.18,292,0.0,0,0,0,0,0,0,0,0,1,1,0,0,0,6,75.0,6,0,0,0,19,0,10,6,243,3,2,0,0,2,0,0,0,0,,,,0,0,0,0,0,3,0,0,0,0,0,0,3,0,0,7,2,0,7,3,0,0,0,8,3,7,87.5,0.0,0,0,0,97,98,0,0.05,0,23,,7
99545,Danilo Pereira,danilo-pereira,1644,Paris Saint-Germain,7.2,21.6,3,0,1,0,0,0.2,0,128,7,135,94.81,99,29,8,1,0,0.0,4,1,0,0,0,0,0.0,0,0,0,6,100.0,5,83.33,11,91.67,166,0.0,0,0,0,0,0,0,0,0,0,0,0,0,0,7,100.0,3,0,0,0,7,0,7,7,149,2,0,0,0,0,0,0,0,0,,,,0,0,0,0,0,1,0,0,0,0,0,0,2,0,0,1,0,0,1,1,0,0,0,7,1,4,100.0,0.0,0,0,0,103,32,0,,0,7,,3
798583,Dayot Upamecano,dayot-upamecano,2672,FC Bayern München,7.2,43.2,6,0,0,1,0,0.1,0,505,37,542,93.17,291,214,68,1,0,0.0,16,5,0,1,1,0,0.0,5,0,5,18,72.0,10,62.5,28,68.29,500,0.0,0,0,0,1,0,0,0,0,4,1,0,0,0,28,70.0,11,0,0,0,40,0,13,8,595,2,5,0,0,2,1,0,0,0,,,,2,0,0,0,0,4,0,0,0,0,0,0,6,0,0,1,0,0,13,6,0,0,0,40,4,11,68.75,0.0,0,0,0,301,241,0,0.28,0,34,,7
784655,Fabián Ruiz,fabian-ruiz,1644,Paris Saint-Germain,7.19,64.7,9,0,2,3,2,1.18,2,367,38,405,90.62,152,219,129,11,8,88.89,14,7,2,0,0,4,40.0,13,1,6,28,63.64,5,62.5,33,63.46,621,0.0,0,0,0,0,0,0,0,0,7,6,0,0,0,16,80.0,4,0,0,5,61,6,18,13,512,6,4,0,0,6,0,6,0,0,,,,1,0,0,0,0,7,0,0,0,0,0,0,7,0,0,11,9,10,19,3,0,0,0,20,7,8,57.14,0.0,0,0,0,162,253,1,1.36,0,45,,9
855833,Ferran Torres,ferran-torres,2817,FC Barcelona,7.19,57.5,8,3,0,0,1,0.27,4,111,32,143,77.62,22,92,58,7,4,57.14,4,0,2,0,0,3,21.43,11,4,6,13,48.15,4,57.14,17,50.0,375,27.27,0,0,0,0,1,0,3,0,7,4,0,1,2,8,100.0,2,0,0,8,69,2,10,5,221,5,2,0,0,1,2,1,0,0,,,,0,0,0,0,0,6,0,0,0,0,0,0,3,0,0,7,7,14,17,3,0,0,0,8,6,3,75.0,125.0,0,0,0,29,128,0,1.84,0,6,,8
111416,Luis Alberto,luis-alberto,2699,Lazio,7.19,57.5,8,0,3,0,1,2.18,1,384,67,451,85.14,164,232,124,21,4,44.44,4,7,1,0,0,12,27.91,14,3,6,11,33.33,2,40.0,13,34.21,647,0.0,0,0,0,0,1,0,0,0,4,10,0,0,0,10,40.0,2,0,0,7,122,4,38,21,583,4,2,0,0,9,1,5,0,0,,,,1,0,0,0,0,9,1,0,0,0,0,0,8,0,0,21,9,43,25,3,0,0,0,25,10,2,50.0,0.0,0,0,0,176,318,0,0.87,0,32,,8
945479,Danylo Sikan,danylo-sikan,3313,Shakhtar Donetsk,7.18,43.1,6,4,0,1,0,0.1,4,74,24,98,75.51,43,32,19,6,6,42.86,6,1,2,0,0,1,33.33,11,7,2,22,40.0,17,50.0,39,43.82,479,36.36,0,0,0,0,0,0,4,0,11,0,2,0,2,0,0.0,11,1,0,10,57,3,1,0,189,10,12,0,0,3,5,2,0,0,,,,0,0,0,0,0,9,3,0,0,0,0,0,6,0,0,6,14,3,50,17,0,0,0,2,12,5,83.33,119.75,0,0,0,54,47,1,3.03,0,20,,6
891829,Matt O'Riley,matt-oriley,2352,Celtic,7.18,43.1,6,0,3,0,3,1.73,3,171,42,213,80.28,89,87,53,15,3,42.86,14,7,1,0,0,5,35.71,4,3,1,24,44.44,2,40.0,26,44.07,487,0.0,0,0,0,0,0,0,0,0,4,0,0,0,0,7,63.64,9,0,0,12,84,2,12,6,330,7,4,0,0,10,0,0,0,0,,,,0,0,0,0,0,9,2,0,0,0,0,0,6,0,0,15,7,14,33,3,0,0,0,11,11,8,57.14,0.0,0,0,0,100,127,0,0.14,0,33,,6
249437,Hakim Ziyech,hakim-ziyech,3061,Galatasaray,7.18,35.9,5,2,1,0,1,1.12,3,81,30,111,72.97,23,64,38,7,3,37.5,4,4,1,0,0,6,22.22,7,4,1,12,41.38,0,0.0,12,36.36,250,28.57,0,0,0,0,2,2,0,2,1,6,0,2,0,2,33.33,0,0,0,4,74,2,8,2,193,5,4,0,0,4,1,2,0,0,,,,0,0,0,0,0,5,1,0,0,0,0,0,3,0,100,7,8,27,21,4,0,0,0,6,6,2,50.0,125.0,0,0,0,31,107,1,0.23,0,15,,5
353138,Marcos Llorente,marcos-llorente,2836,Atlético Madrid,7.18,64.6,9,0,4,0,1,1.75,1,252,43,295,85.42,104,152,85,14,4,66.67,10,3,1,0,0,4,21.05,5,1,1,20,62.5,2,28.57,22,56.41,649,0.0,0,0,0,0,0,0,0,0,2,3,0,0,0,6,54.55,6,0,0,1,77,3,16,7,404,6,3,0,0,6,1,3,0,0,,,,0,0,0,0,0,8,0,0,0,0,0,0,6,0,0,14,6,19,17,5,0,0,0,11,8,9,90.0,0.0,0,0,0,119,195,0,0.25,0,32,,9
318941,Rúben Dias,ruben-dias,17,Manchester City,7.18,64.6,9,0,0,1,0,0.72,0,889,38,927,95.9,439,450,129,0,1,50.0,11,9,2,0,0,0,0.0,5,2,3,18,58.06,20,62.5,38,60.32,766,0.0,0,0,0,0,0,0,0,0,5,0,0,0,0,29,72.5,18,0,0,1,43,1,32,23,1004,7,8,1,1,4,0,0,0,0,,,,1,0,0,0,0,8,3,0,0,0,0,0,9,0,0,0,2,1,25,12,0,0,0,40,11,8,72.73,0.0,0,0,0,456,472,2,0.67,1,40,,9
383560,Manuel Akanji,manuel-akanji,17,Manchester City,7.18,57.4,8,2,2,0,0,0.53,2,607,32,639,94.99,312,296,117,5,1,50.0,12,2,2,0,0,1,50.0,5,2,3,21,58.33,5,55.56,26,57.78,666,40.0,0,0,0,0,0,0,2,0,4,1,0,0,2,20,68.97,10,0,0,6,43,2,17,13,709,8,5,1,0,3,0,0,0,0,,,,0,0,0,0,0,9,2,0,0,0,0,0,7,0,0,5,2,2,19,4,0,0,0,29,11,7,58.33,333.0,0,0,0,325,316,2,0.95,3,29,,8
99090,Dan Burn,dan-burn,39,Newcastle United,7.18,28.7,4,1,0,0,0,0.04,1,65,28,93,69.89,31,34,19,0,0,0.0,6,1,0,0,0,0,0.0,3,1,2,6,54.55,14,82.35,20,71.43,277,33.33,0,0,0,0,0,0,1,0,2,1,1,0,0,3,60.0,16,0,0,0,36,0,5,3,162,0,4,0,0,1,0,0,0,0,,,,1,0,0,0,0,3,0,0,0,0,0,0,3,0,0,0,1,1,8,3,0,0,0,5,3,3,50.0,277.0,0,0,0,38,56,0,0.22,0,3,,4
979665,Irakli Azarovi,azarovi-irakli,3313,Shakhtar Donetsk,7.18,28.7,4,0,2,0,1,0.51,1,127,21,148,85.81,86,43,29,6,0,0.0,9,4,0,0,0,2,40.0,3,1,0,9,40.91,1,100.0,10,43.48,295,0.0,0,0,0,0,0,0,0,0,1,2,0,0,0,4,36.36,7,0,0,1,38,3,12,7,217,0,1,1,0,10,0,2,0,0,,,,1,0,0,0,0,2,2,0,0,0,0,0,3,0,0,6,1,5,13,0,0,0,0,11,4,5,55.56,0.0,0,0,0,98,55,0,0.07,0,16,,4
913186,Osman Bukari,osman-bukari,5149,FK Crvena zvezda,7.17,43.0,6,2,3,0,2,1.44,4,74,34,108,68.52,18,59,44,11,12,60.0,5,2,1,0,0,3,25.0,12,2,5,23,40.35,6,66.67,29,43.94,488,16.67,0,0,0,0,0,0,2,0,11,1,0,0,2,6,50.0,1,0,0,13,92,8,9,4,223,6,11,0,0,2,5,5,0,0,,,,0,0,0,0,0,12,2,0,0,0,0,0,5,0,0,11,20,12,37,3,0,0,0,12,14,3,60.0,244.0,0,0,0,25,95,1,0.97,0,32,,6
879746,Leo Østigård,leo-ostigard,2714,SSC Napoli,7.17,21.5,3,1,0,0,0,0.02,1,78,14,92,84.78,59,19,7,2,1,100.0,4,2,0,0,0,0,0.0,4,2,2,7,58.33,12,63.16,19,61.29,185,25.0,0,0,0,0,0,0,1,0,4,0,1,0,0,8,53.33,13,0,0,1,17,0,8,4,130,2,3,0,0,1,0,0,0,0,,,,0,0,0,0,0,4,0,0,0,0,0,0,1,0,0,2,1,0,12,7,0,0,0,15,4,3,75.0,185.0,0,0,0,69,23,1,0.38,0,6,,4
74915,Nicolás Otamendi,nicolas-otamendi,3006,Benfica,7.17,43.0,6,0,1,0,1,0.06,1,274,45,319,85.89,177,97,19,3,1,100.0,12,11,1,0,0,0,0.0,7,4,2,19,59.38,22,66.67,41,63.08,540,0.0,0,0,0,2,0,0,0,0,5,2,0,0,0,25,67.57,24,0,1,0,48,0,28,16,411,8,4,1,0,9,0,1,0,0,,,,0,0,0,0,0,10,1,0,0,0,0,0,6,0,0,3,1,1,24,11,0,0,0,37,11,4,33.33,0.0,0,0,0,193,127,0,0.48,3,33,,6
797083,Omri Glazer,omri-glazer,5149,FK Crvena zvezda,7.17,43.0,6,0,0,0,0,0.0,0,120,41,161,74.53,98,22,0,0,0,0.0,0,0,0,0,0,0,0.0,0,0,0,1,50.0,0,0.0,1,33.33,540,0.0,0,0,0,0,0,0,0,0,0,0,0,0,0,39,49.37,6,2,1,0,41,0,46,26,216,0,0,0,0,1,0,0,0,31,,,,0,2,0,19,12,13,2,3,1,1,1,0,6,0,0,0,0,0,2,1,0,0,0,79,15,0,0.0,0.0,0,0,12,119,42,0,,53,33,,6
581310,David Raya,david-raya,42,Arsenal,7.17,64.5,9,0,0,0,0,0.03,0,186,68,254,73.23,151,35,18,0,0,0.0,0,0,0,0,0,0,0.0,0,0,0,0,0.0,2,66.67,2,66.67,840,0.0,0,0,0,0,0,0,0,0,0,0,0,0,0,49,42.98,5,1,0,0,70,0,63,28,337,0,0,0,0,0,0,0,0,17,,,,4,1,0,8,8,6,1,1,4,4,13,0,9,0,0,0,0,0,1,1,0,0,0,114,7,0,0.0,0.0,0,0,4,169,85,0,,33,77,,9
235672,Matteo Politano,matteo-politano,2714,SSC Napoli,7.16,57.3,8,1,4,0,1,1.26,2,193,55,248,77.82,58,141,97,11,6,40.0,3,1,1,0,0,6,19.35,13,6,2,21,39.62,3,50.0,24,40.68,584,7.69,0,0,0,0,0,0,1,0,5,8,0,0,0,20,64.52,2,0,0,9,108,7,30,17,362,12,4,0,0,10,2,5,0,0,,,,0,0,0,0,0,8,0,0,0,0,0,0,8,0,0,11,15,31,35,3,0,0,0,31,8,1,33.33,584.0,0,0,0,69,210,0,0.58,0,36,,8
827212,Jules Koundé,jules-kounde,2817,FC Barcelona,7.16,57.3,8,0,1,0,0,0.24,0,451,61,512,88.09,270,182,77,3,5,83.33,11,10,1,0,0,1,20.0,2,1,1,23,62.16,22,66.67,45,64.29,720,0.0,0,0,0,0,0,0,0,0,0,2,0,0,0,39,67.24,30,0,0,2,76,1,45,30,646,7,6,0,0,5,0,0,0,0,,,,2,0,0,0,0,11,1,0,0,0,0,0,8,0,0,3,6,5,25,11,0,0,0,58,12,7,63.64,0.0,0,0,0,299,218,1,0.05,4,37,,8
868958,Moatasem Al-Musrati,moatasem-al-musrati,2999,Sporting Braga,7.16,35.8,5,0,0,0,0,0.31,0,260,32,292,89.04,128,132,51,2,1,50.0,9,8,0,0,0,0,0.0,4,1,2,13,61.9,1,33.33,14,58.33,308,0.0,0,0,0,0,0,0,0,0,3,1,0,0,0,34,73.91,6,0,0,1,37,1,39,27,337,3,1,0,0,5,0,1,0,0,,,,0,0,0,0,0,5,1,0,0,0,0,0,3,0,0,2,2,1,10,2,0,0,0,46,6,7,77.78,0.0,0,0,0,135,158,0,0.29,0,28,,5
37151,Henrikh Mkhitaryan,henrikh-mkhitaryan,2697,Inter,7.16,50.1,7,0,1,0,0,0.42,0,217,37,254,85.43,109,108,49,5,9,90.0,10,8,2,0,0,0,0.0,5,0,4,29,63.04,6,75.0,35,64.81,522,0.0,0,0,0,0,0,0,0,0,1,4,0,0,0,12,85.71,7,0,0,4,52,6,12,7,342,12,7,0,0,5,1,1,0,0,,,,1,0,0,0,0,2,1,0,0,0,0,0,7,0,0,5,10,2,19,2,0,0,0,14,3,5,50.0,0.0,0,0,0,121,135,0,0.27,0,42,,7
1086417,Rasmus Højlund,rasmus-hojlund,35,Manchester United,7.15,42.9,6,5,0,1,0,0.45,5,48,23,71,67.61,22,27,14,3,5,41.67,0,1,0,0,0,1,50.0,11,6,3,11,30.56,9,52.94,20,37.74,489,45.45,0,0,0,0,0,0,5,0,11,0,1,3,1,1,50.0,0,0,0,11,54,1,2,1,134,6,8,0,0,0,1,2,0,0,,,,0,0,0,0,0,9,2,0,0,0,0,0,6,0,0,3,12,2,33,8,0,0,0,2,11,0,0.0,97.8,0,0,0,28,45,0,3.31,0,8,,6
1171451,Nico Paz,nico-paz,2829,Real Madrid,7.15,14.3,2,1,0,0,0,0.02,1,22,2,24,91.67,10,12,5,0,5,62.5,2,0,0,0,0,0,0.0,1,1,0,7,58.33,1,50.0,8,57.14,39,100.0,0,0,0,0,0,0,0,1,0,1,0,1,0,0,0.0,1,0,0,1,11,0,0,0,49,0,0,0,0,1,0,0,0,0,,,,0,0,0,0,0,0,0,0,0,0,0,0,0,0,0,0,8,1,6,1,0,0,0,0,0,2,100.0,39.0,0,0,0,10,15,0,0.01,0,4,,3
788027,Theo Hernández,theo-hernandez,2692,AC Milan,7.15,42.9,6,0,1,1,1,0.64,1,212,46,258,82.17,103,113,45,9,4,50.0,7,5,0,0,0,4,25.0,9,2,4,20,66.67,5,71.43,25,67.57,540,0.0,0,0,0,0,1,0,0,0,3,6,0,0,0,8,50.0,15,0,0,2,79,0,11,0,379,9,3,0,0,1,0,3,0,0,,,,2,0,0,0,0,7,1,0,0,0,0,0,6,0,0,9,8,16,12,2,0,0,0,16,8,5,71.43,0.0,0,0,0,122,152,1,0.76,0,27,,6
284441,Ruben Loftus-Cheek,ruben-loftus-cheek,2692,AC Milan,7.15,28.6,4,0,0,0,0,0.3,0,58,20,78,74.36,13,46,30,5,13,72.22,3,0,0,0,0,1,16.67,8,0,6,25,65.79,6,75.0,31,67.39,325,0.0,0,0,0,0,0,0,0,0,7,1,0,0,0,0,0.0,2,0,0,3,39,2,3,1,141,9,4,0,0,1,0,2,0,0,,,,0,0,0,0,0,4,1,0,0,0,0,0,4,0,0,5,18,6,15,2,0,0,0,2,5,3,100.0,0.0,0,0,0,16,68,0,0.55,0,15,,4
892235,David Carmo,david-carmo,3002,FC Porto,7.15,28.6,4,0,0,0,0,0.04,0,229,30,259,88.42,166,63,22,0,1,100.0,5,4,3,0,0,0,0.0,1,0,0,6,60.0,12,85.71,18,75.0,360,0.0,0,0,0,0,0,0,0,0,1,0,0,0,0,16,57.14,20,0,0,0,33,0,18,7,304,0,3,0,0,1,0,1,0,0,,,,1,0,0,0,0,3,0,0,0,0,0,0,4,0,0,0,1,0,6,2,0,0,0,28,3,2,40.0,0.0,0,0,0,181,78,0,0.01,4,17,,4
917087,Kang-in Lee,kang-in-lee,1644,Paris Saint-Germain,7.14,64.3,9,1,2,1,1,0.64,2,221,19,240,92.08,53,173,117,7,5,45.45,7,2,1,0,0,5,19.23,12,4,5,22,52.38,1,14.29,23,46.94,342,8.33,0,0,0,0,0,0,1,0,8,4,0,1,0,9,69.23,1,0,0,5,63,3,10,6,343,10,3,1,0,6,1,3,0,0,,,,0,0,0,0,0,4,0,0,0,0,0,0,3,0,0,7,11,26,26,6,0,0,0,13,4,4,57.14,342.0,0,0,0,56,210,0,1.21,0,19,,9
40878,Luuk de Jong,luuk-de-jong,2952,PSV Eindhoven,7.14,50.0,7,3,0,2,0,0.33,3,100,53,153,65.36,32,68,42,7,0,0.0,5,1,1,0,0,0,0.0,23,7,11,14,42.42,30,45.45,44,44.44,627,13.04,2,2,0,0,0,0,3,0,22,1,1,0,2,1,20.0,4,0,0,9,79,2,5,1,242,9,9,0,0,0,1,5,0,0,,,,0,0,0,0,0,9,3,0,0,0,0,0,7,100,0,7,2,0,55,36,0,0,0,5,12,5,100.0,209.0,0,0,0,45,108,0,3.77,0,19,,7
331209,Bernardo Silva,bernardo-silva,17,Manchester City,7.14,57.1,8,2,1,2,0,2.25,2,301,34,335,89.85,70,237,151,11,3,33.33,11,2,1,0,0,6,46.15,17,4,4,20,43.48,1,50.0,21,43.75,535,11.76,0,0,0,0,2,1,1,1,12,5,0,2,0,6,54.55,4,0,0,10,66,3,14,7,441,6,3,1,0,7,0,9,0,0,,,,0,0,0,0,0,7,2,0,0,0,0,0,6,0,50,11,9,13,27,1,0,0,0,11,9,6,54.55,267.5,0,0,0,74,274,0,1.77,0,18,,8
249399,Rodrigo De Paul,rodrigo-de-paul,2836,Atlético Madrid,7.14,57.1,8,1,1,0,0,0.61,1,328,69,397,82.62,138,191,95,11,6,54.55,10,4,0,0,1,1,12.5,6,2,4,30,61.22,0,0.0,30,61.22,616,16.67,0,0,0,0,0,0,1,0,3,3,0,0,1,22,64.71,6,0,1,3,96,8,44,23,507,14,8,0,0,5,0,0,0,0,,,,1,0,0,0,0,10,0,0,0,0,0,0,8,0,0,11,11,8,19,0,0,0,0,34,10,4,40.0,616.0,1,0,0,153,252,0,0.71,0,45,,8
973887,Eduardo Camavinga,eduardo-camavinga,2829,Real Madrid,7.14,78.5,11,0,0,0,1,0.69,1,456,46,502,90.84,232,225,96,9,13,65.0,25,9,3,0,0,1,100.0,10,4,3,56,53.33,12,70.59,68,55.74,790,0.0,0,0,0,0,0,0,0,0,1,9,0,0,0,16,76.19,19,0,0,10,86,7,22,14,681,18,22,0,0,10,0,3,0,0,,,,3,0,0,0,0,4,3,0,0,0,0,0,9,0,0,9,20,1,54,5,0,0,0,21,7,13,52.0,0.0,0,0,0,246,257,0,0.26,0,47,,11
922573,Gabriel Martinelli,gabriel-martinelli,42,Arsenal,7.13,42.8,6,2,3,2,1,0.55,3,121,24,145,83.45,28,96,54,9,20,46.51,4,2,0,0,0,3,15.79,10,5,3,30,40.0,3,50.0,33,40.74,484,20.0,0,0,0,0,0,0,2,0,7,3,0,0,2,4,80.0,1,0,0,13,101,7,4,3,293,6,8,0,0,1,0,2,0,0,,,,1,0,0,0,0,4,1,0,0,0,0,0,6,0,0,9,43,19,48,3,0,0,0,5,5,2,50.0,242.0,0,0,0,32,132,0,1.81,0,25,,6
992587,Pedri,pedri,2817,FC Barcelona,7.13,42.8,6,0,1,0,3,0.77,3,142,26,168,84.52,46,97,62,5,3,60.0,10,2,0,0,0,1,20.0,3,1,0,17,53.13,1,25.0,18,50.0,327,0.0,0,0,0,0,0,0,0,0,2,1,0,0,0,6,100.0,5,0,0,4,41,6,17,11,229,5,2,0,0,7,0,2,0,0,,,,0,0,0,0,0,5,1,0,0,0,0,0,3,0,0,5,5,5,18,3,0,0,0,6,6,8,80.0,0.0,0,0,0,51,122,1,0.34,0,23,,6
940871,Nico Schlotterbeck,nico-schlotterbeck,2673,Borussia Dortmund,7.13,85.6,12,0,1,1,2,0.51,2,566,99,665,85.11,360,207,63,4,2,40.0,26,11,5,0,0,1,25.0,5,1,2,33,64.71,11,55.0,44,61.97,976,0.0,0,0,0,1,0,0,0,0,4,1,0,0,0,68,54.4,34,0,1,5,123,0,96,53,815,6,8,0,0,3,0,2,0,0,,,,5,0,0,0,0,10,0,0,0,0,0,0,11,0,0,4,5,4,27,9,0,0,0,125,10,15,57.69,0.0,0,0,0,395,274,2,0.35,22,66,,12
966575,Rodrigo Zalazar,rodrigo-zalazar,2999,Sporting Braga,7.13,42.8,6,0,1,0,1,1.87,1,233,32,265,87.92,89,151,64,10,6,60.0,18,2,2,0,0,7,29.17,6,1,2,31,59.62,2,33.33,33,56.9,397,0.0,0,0,0,0,1,0,0,0,0,6,0,0,0,20,66.67,2,0,0,4,65,2,24,11,363,7,6,0,0,7,0,3,0,0,,,,0,0,0,0,0,10,1,0,0,0,0,0,5,0,0,10,10,24,25,4,0,0,0,30,11,9,50.0,0.0,0,0,0,100,189,0,0.13,0,30,,6
84539,Koke,koke,2836,Atlético Madrid,7.13,64.2,9,0,2,0,1,1.07,1,598,68,666,89.79,290,309,139,10,2,66.67,15,3,2,0,0,1,20.0,3,0,3,25,56.82,1,8.33,26,46.43,771,0.0,0,0,0,0,0,0,0,0,0,3,0,0,0,36,65.45,12,0,0,4,86,2,50,33,743,8,7,0,0,8,0,0,0,0,,,,1,0,0,0,0,12,0,0,0,0,0,0,8,0,0,10,3,5,30,11,0,0,0,55,12,11,73.33,0.0,0,0,0,307,364,0,0.06,0,47,,9
910536,Rodrygo,rodrygo,2829,Real Madrid,7.13,92.7,13,5,3,8,2,1.77,7,330,28,358,92.18,71,263,162,18,18,43.9,8,2,0,0,0,4,40.0,38,19,9,34,40.96,3,27.27,37,39.36,1022,13.16,0,0,1,0,2,0,5,0,28,10,0,0,5,6,60.0,2,0,0,13,89,3,4,0,542,8,4,1,0,10,2,10,0,0,,,,1,0,0,0,0,11,3,0,0,0,0,0,12,0,0,18,41,10,57,8,0,0,0,10,14,5,62.5,204.4,0,0,0,74,294,2,5.71,0,27,,13
35166,Thomas Müller,thomas-muller,2672,FC Bayern München,7.13,57.0,8,1,4,3,1,1.94,2,131,32,163,80.37,22,113,73,15,1,33.33,5,1,0,0,0,4,36.36,7,3,4,9,42.86,0,0.0,9,33.33,439,14.29,0,0,0,0,0,0,1,0,7,0,1,0,0,4,57.14,4,0,0,2,51,3,9,4,221,3,2,2,0,6,2,0,1,0,,,,1,0,0,0,0,7,0,0,0,0,0,0,4,0,0,14,3,11,18,6,0,0,0,7,7,4,80.0,439.0,0,0,0,25,149,0,1.32,0,9,,9
149380,Harry Maguire,harry-maguire,35,Manchester United,7.13,28.5,4,1,0,0,0,0.03,1,189,32,221,85.52,129,60,16,0,0,0.0,1,4,1,0,0,0,0.0,2,2,0,2,40.0,16,80.0,18,72.0,310,50.0,0,0,0,1,0,0,1,0,2,0,1,0,0,20,54.05,13,0,0,0,35,0,20,12,256,1,6,0,0,0,0,0,0,0,,,,1,0,0,0,0,5,2,0,0,0,0,0,4,0,0,0,0,0,7,4,0,0,0,37,7,1,100.0,310.0,0,0,0,138,83,1,0.28,4,13,,4
97001,João Mário,joao-mario,3006,Benfica,7.12,35.6,5,3,0,0,0,0.23,3,138,16,154,89.61,45,93,60,3,6,75.0,2,2,1,0,0,0,0.0,7,3,1,12,34.29,2,50.0,14,35.9,324,42.86,0,0,0,0,0,0,3,0,5,2,0,2,1,2,50.0,3,0,0,12,39,6,5,3,213,4,4,1,0,6,0,3,0,0,,,,0,0,0,0,0,7,1,0,0,0,0,0,5,0,0,3,8,5,25,2,0,0,0,4,8,1,50.0,108.0,0,0,0,49,110,1,1.46,0,27,,5
138572,Dani Carvajal,dani-carvajal,2829,Real Madrid,7.12,71.2,10,1,0,0,1,0.47,2,342,74,416,82.21,169,174,75,12,3,50.0,24,9,3,0,0,1,14.29,8,1,4,35,50.0,17,62.96,52,53.61,846,12.5,0,0,0,0,0,0,1,0,6,2,1,0,0,13,52.0,24,0,0,8,110,0,32,13,636,9,17,0,0,7,1,3,0,0,,,,2,0,0,0,0,8,3,0,0,0,0,0,9,0,0,12,6,7,45,10,0,0,0,25,11,13,54.17,846.0,0,0,0,200,223,0,0.59,0,23,,10
989768,Nuno Mendes,nuno-mendes,1644,Paris Saint-Germain,7.12,35.6,5,0,0,0,0,0.26,0,251,35,286,87.76,121,132,65,6,7,58.33,11,9,1,0,0,2,18.18,4,0,2,21,43.75,1,25.0,22,42.31,422,0.0,0,0,0,0,0,0,0,0,3,1,0,0,0,16,64.0,11,0,0,6,70,0,9,5,413,3,4,1,0,12,0,2,0,0,,,,0,0,0,0,0,6,0,0,0,0,0,0,5,0,0,6,12,11,30,3,0,0,0,25,6,8,72.73,0.0,0,0,0,134,163,1,0.2,0,34,,5
32493,Dries Mertens,dries-mertens,3061,Galatasaray,7.12,35.6,5,0,4,0,0,0.79,0,47,17,64,73.44,13,40,23,10,0,0.0,0,2,0,0,0,6,33.33,4,2,2,2,28.57,1,33.33,3,30.0,200,0.0,0,0,1,0,0,0,0,0,2,2,0,0,0,0,0.0,2,0,0,0,32,2,6,3,106,2,4,0,0,1,0,0,0,0,,,,0,0,0,0,0,6,1,0,0,0,0,0,2,0,0,10,0,18,7,2,0,0,0,4,7,0,0.0,0.0,0,0,0,15,67,0,0.13,0,7,,5
151470,Lukas Lerager,lukas-lerager,1284,FC København,7.12,42.7,6,3,3,0,1,0.37,4,124,50,174,71.26,53,72,44,4,3,60.0,17,8,2,0,1,1,50.0,6,4,2,23,46.94,17,43.59,40,45.45,540,50.0,0,0,0,1,0,0,3,0,4,2,0,0,3,6,40.0,12,0,0,6,66,3,11,6,266,4,12,0,0,8,2,0,0,0,,,,1,0,0,0,0,8,0,0,0,0,0,0,6,0,0,4,5,2,48,22,0,0,0,15,8,8,47.06,180.0,1,0,0,70,106,0,1.36,0,21,,6
959628,Mats Wieffer,mats-wieffer,2959,Feyenoord,7.12,42.7,6,1,0,0,1,0.24,2,299,48,347,86.17,155,144,66,4,9,75.0,9,10,2,0,0,0,0.0,7,1,2,22,53.66,8,50.0,30,52.63,469,14.29,0,0,0,0,0,0,1,0,5,2,1,0,0,12,57.14,5,0,0,6,65,7,25,11,433,4,9,0,0,3,0,4,0,0,,,,1,0,0,0,0,9,0,0,0,0,0,0,5,0,0,4,12,2,27,8,0,0,0,21,9,5,55.56,469.0,0,0,0,176,173,0,0.63,0,50,,6
857482,Filip Ugrinić,filip-ugrinic,2445,BSC Young Boys,7.12,42.7,6,1,2,0,1,0.45,2,175,21,196,89.29,80,97,57,9,5,41.67,14,5,0,0,0,2,25.0,9,3,2,22,48.89,2,40.0,24,48.0,518,11.11,0,0,0,0,1,0,1,0,3,6,0,0,1,11,73.33,3,0,0,4,48,5,7,5,291,3,3,0,0,9,0,4,0,0,,,,1,0,0,0,0,11,2,0,0,0,0,0,6,0,0,9,12,8,26,3,0,0,0,15,13,9,64.29,518.0,0,0,0,86,118,0,0.54,0,34,,6
966616,Anatoliy Trubin,anatoliy-trubin,3006,Benfica,7.12,42.7,6,0,0,0,0,0.0,0,131,40,171,76.61,112,19,3,0,0,0.0,0,0,1,0,0,0,0.0,0,0,0,1,50.0,2,66.67,3,60.0,540,0.0,0,0,0,1,0,0,0,0,0,0,0,0,0,29,45.31,8,0,0,0,40,0,27,15,233,2,1,0,0,1,0,0,0,24,,,,0,4,0,18,5,10,1,6,3,2,2,0,6,0,0,0,0,0,2,1,0,0,0,64,11,0,0.0,0.0,0,0,3,122,49,0,,52,41,,6
788255,Fikayo Tomori,fikayo-tomori,2692,AC Milan,7.12,42.7,6,0,0,1,0,0.05,0,229,27,256,89.45,156,73,19,1,0,0.0,17,10,2,0,0,0,0.0,5,1,3,19,67.86,5,41.67,24,60.0,539,0.0,0,0,0,0,2,0,0,0,3,2,0,0,0,13,43.33,14,0,0,3,34,0,19,12,335,3,5,1,0,1,0,1,0,0,,,,2,0,0,0,0,7,1,0,0,0,0,0,6,0,0,1,0,1,16,7,0,0,0,30,8,10,58.82,0.0,0,0,0,163,94,0,0.52,4,32,,6
332155,Amir Rrahmani,amir-rrahmani,2714,SSC Napoli,7.11,49.8,7,1,0,0,0,0.09,1,389,49,438,88.81,282,107,24,2,2,66.67,5,11,1,0,0,0,0.0,5,2,3,12,57.14,21,63.64,33,61.11,553,20.0,0,0,0,0,0,0,1,0,5,0,0,1,0,26,68.42,30,0,0,0,56,0,24,14,515,5,6,0,0,2,0,0,0,0,,,,2,0,0,0,0,8,1,0,0,0,0,0,7,0,0,2,3,0,21,12,0,0,0,38,9,3,60.0,553.0,0,0,0,311,127,0,0.46,10,33,,7
1136731,Rico Lewis,rico-lewis,17,Manchester City,7.11,49.8,7,0,1,2,3,1.23,3,325,22,347,93.66,126,199,97,12,5,62.5,8,3,0,0,0,0,0.0,5,1,1,23,57.5,0,0.0,23,54.76,552,0.0,0,0,0,0,0,0,0,0,3,2,0,0,0,6,75.0,3,0,0,8,44,3,4,3,431,10,5,1,0,2,0,3,0,0,,,,1,0,0,0,0,6,1,0,0,0,0,0,6,0,0,12,8,2,19,2,0,0,0,8,7,5,62.5,0.0,0,0,0,128,221,0,0.72,0,23,,7
293519,Leroy Sané,leroy-sane,2672,FC Bayern München,7.11,85.3,12,2,2,5,1,1.6,3,269,50,319,84.33,82,188,121,17,35,67.31,13,2,1,0,0,1,5.0,25,11,12,55,47.41,0,0.0,55,46.22,929,8.0,0,0,1,0,2,0,1,1,14,11,0,2,0,9,56.25,0,0,0,28,137,9,11,6,517,7,8,1,0,10,4,2,0,0,,,,0,0,0,0,0,7,0,0,0,0,0,0,11,0,0,17,52,20,64,3,0,0,0,16,7,9,69.23,464.5,0,0,0,89,250,0,1.66,0,49,,12
835600,Davide Frattesi,davide-frattesi,2697,Inter,7.1,49.7,7,1,3,0,2,0.48,3,98,28,126,77.78,43,57,30,8,1,14.29,10,3,2,0,0,2,50.0,10,2,4,25,51.02,4,36.36,29,48.33,449,10.0,0,0,1,0,0,0,1,0,9,1,0,1,0,4,50.0,8,0,0,4,48,2,4,1,210,14,7,0,0,7,1,4,0,0,,,,2,0,0,0,0,5,0,0,0,0,0,0,4,0,0,8,7,4,31,7,0,0,0,8,5,7,70.0,449.0,0,0,0,54,76,0,0.94,0,23,,7
831808,Federico Valverde,federico-valverde,2829,Real Madrid,7.1,92.3,13,1,0,0,0,0.79,1,550,60,610,90.16,234,317,146,7,10,66.67,21,13,0,0,0,1,10.0,24,4,10,34,54.84,12,42.86,46,51.11,1067,4.17,0,0,0,0,0,0,1,0,6,18,0,0,1,26,61.9,16,0,0,5,89,3,31,21,765,3,8,1,0,10,1,10,0,0,,,,2,0,0,0,0,11,3,0,0,0,0,0,12,0,0,7,15,10,44,16,0,0,0,42,14,13,61.9,1067.0,0,0,0,253,367,0,1.15,2,55,,13
560128,Joelinton,joelinton,39,Newcastle United,7.1,28.4,4,1,1,1,0,0.24,1,122,23,145,84.14,47,76,39,7,5,62.5,5,4,2,0,0,1,25.0,7,4,2,15,37.5,4,66.67,19,41.3,335,14.29,0,0,0,0,0,0,1,0,5,2,0,0,1,4,100.0,6,0,0,9,43,5,6,4,217,5,10,0,0,4,0,1,0,0,,,,0,0,0,0,0,6,0,0,0,0,0,0,4,0,0,7,8,4,27,2,0,0,0,4,6,3,60.0,335.0,0,0,0,51,98,0,0.54,0,25,,4
187205,Milan Škriniar,milan-skriniar,1644,Paris Saint-Germain,7.1,42.6,6,1,0,0,0,0.08,1,466,32,498,93.57,312,154,35,2,0,0.0,12,5,2,0,0,0,0.0,3,1,0,17,70.83,8,34.78,25,53.19,539,33.33,0,0,0,0,0,0,1,0,3,0,1,0,0,23,69.7,12,0,0,1,34,0,10,6,551,5,6,0,0,0,1,2,0,0,,,,2,0,0,0,0,7,1,0,0,0,0,0,6,0,0,2,1,0,22,15,0,0,0,33,8,7,58.33,539.0,0,0,0,328,170,1,0.53,8,36,,6
566102,Davinson Sánchez,davinson-sanchez,3061,Galatasaray,7.1,28.4,4,0,2,1,2,0.25,2,204,38,242,84.3,101,103,27,4,2,66.67,8,5,0,0,0,0,0.0,2,1,1,10,50.0,8,40.0,18,45.0,360,0.0,0,0,0,0,0,0,0,0,1,1,0,0,0,14,43.75,12,0,1,0,43,0,29,18,305,0,2,0,0,7,0,0,0,0,,,,0,0,0,0,0,8,0,0,0,0,0,0,4,0,0,4,3,1,22,12,0,0,0,32,8,7,87.5,0.0,0,0,0,109,134,1,0.38,0,17,,4
964753,Senne Lammens,senne-lammens,2889,Royal Antwerp FC,7.1,7.1,1,0,1,0,0,0.0,0,21,31,52,40.38,17,4,1,1,0,0.0,0,0,0,0,0,0,0.0,0,0,0,0,0.0,0,0.0,0,0.0,90,0.0,0,0,0,0,0,0,0,0,0,0,0,0,0,9,22.5,0,0,1,0,32,0,13,5,62,0,0,0,0,0,0,0,0,4,,,,0,1,0,4,0,2,0,0,0,0,1,0,1,0,0,1,0,0,0,0,0,0,0,40,2,0,0.0,0.0,0,0,1,23,29,0,,12,12,,1
862953,Stephen Welsh,stephen-welsh,2352,Celtic,7.1,7.1,1,0,0,0,0,0.01,0,51,6,57,89.47,35,16,3,0,0,0.0,3,0,0,0,0,0,0.0,0,0,0,3,100.0,2,100.0,5,100.0,75,0.0,0,0,0,0,0,0,0,0,0,0,0,0,0,0,0.0,3,0,0,0,6,0,2,2,68,1,0,0,0,0,0,0,0,0,,,,0,0,0,0,0,0,0,0,0,0,0,0,1,0,0,0,0,0,0,0,0,0,0,2,0,1,33.33,0.0,0,0,0,37,20,0,,0,3,,1
368134,Matt Targett,matt-targett,39,Newcastle United,7.1,7.1,1,0,1,0,0,0.12,0,21,5,26,80.77,7,15,7,1,0,0.0,0,0,0,0,0,1,100.0,0,0,0,0,0.0,1,100.0,1,100.0,21,0.0,0,0,0,0,0,0,0,0,0,0,0,0,0,0,0.0,0,0,0,0,5,0,1,0,30,0,0,0,0,0,0,0,0,0,,,,0,0,0,0,0,0,0,0,0,0,0,0,0,0,0,1,0,1,0,0,0,0,0,0,0,0,0.0,0.0,0,0,0,8,19,0,,0,1,,2
137692,Frederik Rønnow,frederik-rnnow,2547,1. FC Union Berlin,7.1,42.6,6,0,0,0,0,0.01,0,105,62,167,62.87,83,22,4,0,0,0.0,0,0,0,0,0,0,0.0,0,0,0,1,100.0,1,100.0,2,100.0,540,0.0,0,0,0,0,0,0,0,0,0,0,0,0,0,33,34.74,8,0,0,0,62,0,30,11,235,1,0,0,0,0,0,0,0,19,,,,0,1,1,13,6,8,2,6,0,0,7,1,6,0,0,0,0,0,0,0,0,0,0,95,10,0,0.0,0.0,0,0,3,89,78,0,,44,48,,6
319129,Luka Jović,luka-jovic,2692,AC Milan,7.1,14.2,2,0,2,0,0,0.12,0,6,2,8,75.0,1,5,4,2,0,0.0,0,0,1,0,0,0,0.0,5,1,1,1,25.0,2,100.0,3,50.0,30,0.0,0,0,0,0,0,0,0,0,5,0,0,0,0,0,0.0,0,0,0,0,4,0,0,0,17,1,2,1,0,0,0,3,0,0,,,,0,0,0,0,0,0,0,0,0,0,0,0,0,0,0,2,1,0,3,0,0,0,0,0,0,0,0.0,0.0,0,0,0,2,6,0,0.56,0,2,,2
838159,Igor Zubeldia,igor-zubeldia,2824,Real Sociedad,7.09,56.7,8,0,0,0,0,0.06,0,373,56,429,86.95,258,115,23,1,1,50.0,14,8,3,0,0,0,0.0,4,0,2,17,50.0,22,57.89,39,54.17,693,0.0,0,0,0,0,0,0,0,0,2,2,0,0,0,34,61.82,23,0,0,1,59,1,24,9,508,2,18,0,0,1,0,2,0,0,,,,3,0,0,0,0,6,0,0,0,0,0,0,8,0,0,1,2,0,33,16,0,0,0,55,6,12,85.71,0.0,0,0,0,275,154,0,0.29,0,42,,8
866469,Bruno Guimarães,bruno-guimaraes,39,Newcastle United,7.08,42.5,6,0,1,1,1,1.08,1,236,51,287,82.23,114,124,71,5,6,66.67,13,6,2,0,0,2,66.67,3,3,0,34,53.97,2,28.57,36,51.43,540,0.0,0,0,0,0,0,0,0,0,2,1,0,0,0,19,50.0,8,0,0,12,75,2,32,17,385,15,6,1,0,8,0,0,0,0,,,,1,0,0,0,0,7,0,0,0,0,0,0,6,0,0,5,9,3,34,5,0,0,0,38,7,11,84.62,0.0,0,0,0,131,159,0,0.27,0,49,,6
69256,Kieran Trippier,kieran-trippier,39,Newcastle United,7.08,42.5,6,0,1,0,1,1.41,1,252,52,304,82.89,124,138,73,8,3,27.27,11,5,0,0,0,10,22.73,3,0,1,19,45.24,2,22.22,21,41.18,513,0.0,0,0,0,0,3,0,0,0,0,3,0,0,0,27,57.45,12,0,0,1,105,1,37,21,469,5,6,0,0,9,1,2,0,0,,,,1,0,0,0,0,6,0,0,0,0,0,0,6,0,0,8,11,44,30,7,0,0,0,47,6,6,54.55,0.0,0,0,0,140,208,0,0.12,0,34,,6
164055,Brice Samba,brice-samba,1648,RC Lens,7.08,42.5,6,0,0,0,0,0.01,0,129,54,183,70.49,100,29,5,0,0,0.0,0,0,1,0,0,0,0.0,0,0,0,2,100.0,0,0.0,2,100.0,540,0.0,0,0,0,0,0,0,0,0,0,0,0,0,0,54,51.43,3,1,0,0,56,0,74,47,251,2,1,0,0,0,0,0,0,23,,,,0,2,0,14,7,10,1,2,2,2,6,0,6,0,0,0,0,0,0,0,0,0,0,105,11,0,0.0,0.0,0,0,3,116,67,0,,28,55,,6
603946,Matheus,matheus,2999,Sporting Braga,7.08,42.5,6,0,0,0,0,0.01,0,134,52,186,72.04,113,21,2,0,0,0.0,0,0,0,0,0,0,0.0,0,0,0,1,100.0,2,100.0,3,100.0,540,0.0,0,0,0,0,0,0,0,0,0,0,0,0,0,37,42.53,3,0,0,0,52,0,31,16,244,1,0,0,0,0,0,0,0,22,,,,0,0,0,16,6,11,1,2,3,2,1,0,6,0,0,0,0,0,0,0,0,0,0,87,12,0,0.0,0.0,0,1,7,131,55,0,,40,54,,6
308182,Ivan Provedel,ivan-provedel,2699,Lazio,7.08,56.6,8,1,0,0,0,0.0,1,176,37,213,82.63,165,11,3,0,0,0.0,0,0,0,0,0,0,0.0,1,1,0,0,0.0,4,100.0,4,100.0,720,100.0,0,0,0,0,0,0,1,0,1,0,1,0,0,33,49.25,3,0,0,0,39,0,30,20,277,2,0,0,0,0,0,0,0,21,,,,3,0,0,13,8,9,1,2,2,1,3,0,8,0,0,0,0,0,0,0,0,0,0,67,10,0,0.0,720.0,0,0,6,180,33,0,0.47,39,45,,8
142622,Antonio Rüdiger,antonio-rudiger,2829,Real Madrid,7.08,84.9,12,0,2,1,2,0.94,2,589,61,650,90.62,430,160,39,5,1,50.0,11,4,0,0,0,1,33.33,6,2,4,17,62.96,18,69.23,35,66.04,1039,0.0,0,0,0,0,0,0,0,0,5,1,0,0,0,34,50.0,34,0,0,1,68,0,52,30,752,7,6,0,0,2,1,0,0,0,,,,3,0,0,0,0,10,4,0,0,0,0,0,11,0,0,5,2,3,18,8,0,0,0,68,14,6,54.55,0.0,0,0,0,452,201,0,0.74,4,41,,12
362014,Hamari Traoré,hamari-traore,2824,Real Sociedad,7.07,49.5,7,0,1,0,0,0.16,0,233,46,279,83.51,110,125,59,6,6,85.71,7,12,2,0,0,2,14.29,3,1,1,15,50.0,11,64.71,26,55.32,530,0.0,0,0,0,0,0,0,0,0,0,3,0,0,0,14,51.85,7,0,0,3,78,4,16,9,429,2,7,0,0,4,0,1,0,0,,,,1,0,0,0,0,5,0,0,0,0,0,0,6,0,0,6,7,14,21,6,0,0,0,27,5,3,42.86,0.0,0,0,0,127,166,0,0.07,0,40,,7
135666,Leandro Trossard,leandro-trossard,42,Arsenal,7.07,63.6,9,4,1,1,1,0.83,5,113,33,146,77.4,37,84,46,10,4,33.33,4,3,0,0,0,8,57.14,9,6,3,16,34.04,1,33.33,17,34.0,533,44.44,0,0,0,0,0,0,3,1,7,2,0,0,4,4,44.44,2,0,0,9,71,1,9,5,241,8,7,0,0,7,1,0,0,0,,,,0,0,0,0,0,3,0,0,0,0,0,0,6,0,0,10,12,14,33,2,0,0,0,9,3,1,25.0,133.25,0,0,0,42,118,0,1.55,0,12,,9
233114,Mauro Icardi,mauro-icardi,3061,Galatasaray,7.07,42.4,6,2,2,6,0,0.37,2,59,33,92,64.13,22,37,24,9,1,33.33,2,0,0,0,0,0,0.0,21,6,10,6,50.0,16,53.33,22,52.38,519,9.52,2,1,1,0,0,0,2,0,17,4,0,0,2,0,0.0,3,0,0,1,43,6,3,0,138,3,4,1,0,0,6,5,0,0,,,,0,0,0,0,0,10,1,0,0,0,0,0,6,50,0,9,3,2,20,14,1,0,0,1,11,2,100.0,259.5,0,0,0,27,67,0,4.17,0,7,,6
138605,Piotr Zieliński,piotr-zielinski,2714,SSC Napoli,7.07,42.4,6,1,1,3,0,1.0,1,247,38,285,86.67,96,156,74,10,5,41.67,2,4,1,0,0,5,18.52,8,4,1,14,58.33,1,50.0,15,57.69,469,12.5,1,1,0,0,0,0,1,0,5,3,0,0,1,8,66.67,2,0,0,0,72,3,17,10,360,7,1,0,0,2,0,3,0,0,,,,1,0,0,0,0,6,0,0,0,0,0,0,6,100,0,10,12,27,11,1,0,0,0,12,6,1,50.0,469.0,0,0,0,103,209,0,2.04,0,21,,6
1142251,Aleksandar Pavlović,aleksandar-pavlovic,2672,FC Bayern München,7.07,21.2,3,0,0,0,0,0.14,0,170,11,181,93.92,82,88,33,0,2,100.0,1,3,0,0,0,0,0.0,0,0,0,5,45.45,4,66.67,9,52.94,206,0.0,0,0,0,0,0,0,0,0,0,0,0,0,0,14,77.78,5,0,0,0,15,1,15,11,207,2,3,0,0,3,0,0,0,0,,,,1,0,0,0,0,2,0,0,0,0,0,0,2,0,0,0,2,1,8,2,0,0,0,18,2,0,0.0,0.0,0,0,0,85,97,0,,0,12,,3
850976,Alexander Bah,alexander-bah,3006,Benfica,7.07,21.2,3,0,0,0,0,0.07,0,98,32,130,75.38,48,50,26,2,2,66.67,11,4,0,0,0,0,0.0,0,0,0,15,83.33,4,57.14,19,76.0,193,0.0,0,0,0,0,0,0,0,0,0,0,0,0,0,4,30.77,6,0,0,0,47,0,14,5,204,2,0,0,0,2,0,0,0,0,,,,0,0,0,0,0,3,0,0,0,0,0,0,3,0,0,2,3,6,6,3,0,0,0,13,3,6,54.55,0.0,0,0,0,59,77,0,,0,16,,3
855835,Sergio Gómez,sergio-gomez,17,Manchester City,7.07,21.2,3,0,1,0,0,0.64,0,156,13,169,92.31,54,106,54,7,1,33.33,3,1,0,0,0,4,33.33,4,0,1,4,44.44,3,75.0,7,53.85,195,0.0,0,0,0,0,0,0,0,0,3,1,0,0,0,0,0.0,1,0,0,1,29,2,2,2,214,0,1,0,0,1,0,3,0,0,,,,0,0,0,0,0,3,0,0,0,0,0,0,2,0,0,7,3,12,6,1,0,0,0,0,3,2,66.67,0.0,0,0,0,57,124,0,0.23,0,11,,5
293581,Mattia Zaccagni,mattia-zaccagni,2699,Lazio,7.07,42.4,6,0,0,0,0,0.33,0,136,34,170,80.0,55,83,33,3,8,57.14,8,5,1,0,0,2,28.57,7,3,1,41,73.21,3,75.0,44,73.33,464,0.0,0,0,0,0,2,0,0,0,2,5,0,0,0,3,60.0,1,0,0,4,63,0,8,3,276,25,2,0,0,3,2,3,0,0,,,,0,0,0,0,0,8,1,0,0,0,0,0,6,0,0,3,14,7,16,1,0,0,0,5,9,5,62.5,0.0,0,0,0,63,114,0,0.23,0,21,,6
44614,Kyle Walker,kyle-walker,17,Manchester City,7.07,42.4,6,0,1,0,0,0.44,0,423,43,466,90.77,175,249,122,5,1,100.0,7,4,0,0,0,1,12.5,2,1,0,11,73.33,6,75.0,17,73.91,505,0.0,0,0,0,0,1,0,0,0,0,2,0,0,0,14,53.85,4,0,0,1,55,2,24,12,546,3,2,0,0,1,1,1,0,0,,,,0,0,0,0,0,5,1,0,0,0,0,0,6,0,0,5,1,8,6,2,0,0,0,26,6,3,42.86,0.0,0,0,0,185,289,0,0.2,0,29,,6
980634,Tino Livramento,tino-livramento,39,Newcastle United,7.07,21.2,3,0,1,0,0,0.44,0,94,17,111,84.68,43,52,26,3,2,66.67,9,1,0,0,0,1,50.0,1,1,0,16,80.0,3,75.0,19,79.17,270,0.0,0,0,0,1,0,0,0,0,1,0,0,0,0,3,42.86,7,0,0,2,29,1,6,3,177,5,1,0,0,1,0,0,0,0,,,,0,0,0,0,0,5,0,0,0,0,0,0,3,0,0,3,3,2,5,1,0,0,0,7,5,6,66.67,0.0,0,0,0,48,65,0,0.03,0,18,,3
835480,Loïs Openda,lois-openda,36360,RB Leipzig,7.06,56.5,8,4,0,3,0,0.28,4,68,27,95,71.58,25,44,26,4,10,76.92,2,0,0,0,0,1,16.67,29,9,10,24,43.64,2,28.57,26,41.94,558,13.79,0,0,0,0,1,0,4,0,21,8,0,1,3,2,50.0,2,0,0,16,63,6,6,4,202,12,6,0,0,7,7,10,0,0,,,,0,0,0,0,0,7,0,0,0,0,0,0,7,0,0,4,13,6,36,5,0,0,0,4,7,1,50.0,139.5,0,0,0,29,72,0,3.52,0,16,,8
791773,Álex Remiro,alex-remiro,2824,Real Sociedad,7.06,56.5,8,0,0,0,0,0.01,0,155,96,251,61.75,110,45,17,0,0,0.0,0,0,0,0,0,0,0.0,0,0,0,1,100.0,1,100.0,2,100.0,720,0.0,0,0,0,0,0,0,0,0,0,0,0,0,0,69,42.33,6,0,0,0,102,0,66,29,292,1,0,0,0,0,0,0,0,19,,,,4,0,0,14,5,6,0,3,2,2,2,0,8,0,0,0,0,0,0,0,0,0,0,163,6,0,0.0,0.0,0,0,2,126,125,0,,30,43,,8
6562,João Moutinho,joao-moutinho,2999,Sporting Braga,7.06,35.3,5,0,0,0,0,0.64,0,250,18,268,93.28,110,142,59,4,7,87.5,8,7,0,0,0,2,33.33,2,0,0,15,50.0,1,14.29,16,43.24,290,0.0,0,0,0,0,0,0,0,0,1,1,0,0,0,14,82.35,1,0,0,2,26,1,11,8,316,0,6,0,0,6,0,2,0,0,,,,0,0,0,0,0,6,0,0,0,0,0,0,3,0,0,4,8,6,21,6,0,0,0,17,6,4,50.0,0.0,0,0,0,120,154,0,0.11,0,22,,5
787505,Benjamin Pavard,benjamin-pavard,2697,Inter,7.06,35.3,5,0,0,0,0,0.15,0,311,43,354,87.85,201,110,41,3,1,50.0,7,9,0,0,0,0,0.0,1,0,1,10,55.56,13,76.47,23,65.71,480,0.0,0,0,0,0,0,0,0,0,1,0,0,0,0,9,32.14,24,1,0,2,53,0,26,9,430,2,3,0,0,2,0,0,0,0,,,,2,0,0,0,0,3,1,0,0,0,0,0,5,0,0,3,2,5,12,4,0,0,0,28,4,3,42.86,0.0,0,0,0,222,137,0,0.01,0,19,,5
133908,Marcel Sabitzer,marcel-sabitzer,2673,Borussia Dortmund,7.06,84.7,12,1,1,3,5,1.46,6,242,54,296,81.76,119,124,70,14,4,80.0,12,7,2,0,0,1,8.33,12,8,3,25,47.17,2,28.57,27,45.0,929,8.33,0,0,0,0,0,0,1,0,7,5,0,1,0,16,66.67,21,0,0,9,91,8,24,16,430,9,12,0,0,6,0,1,0,0,,,,5,0,0,0,0,8,0,0,0,0,0,0,11,0,0,14,5,12,33,5,0,0,0,24,8,7,58.33,929.0,0,0,0,136,172,1,1.17,0,42,,12
357746,Diogo Gonçalves,diogo-goncalves,1284,FC København,7.06,49.4,7,2,0,1,1,0.7,3,157,29,186,84.41,73,86,45,6,5,62.5,9,6,1,0,0,2,10.53,12,4,5,19,47.5,1,11.11,20,40.82,536,16.67,1,1,0,0,1,0,2,0,4,8,0,0,2,13,72.22,6,0,0,6,69,4,12,8,286,5,6,1,0,6,0,3,0,0,,,,0,0,0,0,0,8,0,0,0,0,0,0,7,100,0,6,8,19,29,8,0,0,0,18,8,7,77.78,268.0,0,0,0,79,126,0,1.93,0,31,,7
882664,Pepê,pepe,3002,FC Porto,7.06,49.4,7,1,0,1,2,0.98,3,155,47,202,76.73,52,104,68,12,10,52.63,10,3,2,0,0,1,20.0,9,2,2,37,57.81,6,46.15,43,55.84,644,11.11,0,0,0,0,0,0,1,0,6,3,0,0,1,6,60.0,1,0,1,7,89,5,12,7,325,17,7,0,0,5,1,5,0,0,,,,2,0,0,0,0,7,0,0,0,0,0,0,7,0,0,12,19,5,34,7,0,0,0,10,7,7,70.0,644.0,0,0,0,65,142,0,1.19,0,32,,7
966862,Ander Barrenetxea,ander-barrenetxea,2824,Real Sociedad,7.06,49.4,7,1,2,0,1,1.08,2,133,36,169,78.7,29,107,57,6,16,53.33,12,1,1,0,0,3,25.0,9,1,4,32,45.71,3,42.86,35,45.45,399,11.11,0,0,0,0,0,0,1,0,7,2,0,0,1,7,63.64,2,0,0,9,85,3,6,1,281,4,8,1,0,7,2,4,0,0,,,,0,0,0,0,0,2,0,0,0,0,0,0,5,0,0,6,30,12,42,4,0,0,0,11,2,6,50.0,399.0,0,0,0,35,146,0,0.4,0,22,,7
791079,Xaver Schlager,xaver-schlager,36360,RB Leipzig,7.05,56.4,8,1,1,0,2,0.33,3,293,47,340,86.18,160,134,64,12,5,62.5,21,5,2,0,0,1,25.0,2,1,0,31,53.45,4,66.67,35,54.69,626,50.0,0,0,0,0,0,0,0,1,0,2,0,1,0,8,50.0,6,0,2,3,72,5,25,11,432,5,12,0,0,9,0,1,0,0,,,,0,0,0,0,0,11,0,0,0,0,0,0,7,0,0,12,8,4,29,2,0,0,0,16,11,15,71.43,626.0,0,0,0,175,169,0,0.06,0,46,,8
896117,Magnus Mattsson,magnus-mattsson,1284,FC København,7.05,14.1,2,1,0,1,0,0.08,1,13,7,20,65.0,6,10,3,1,1,100.0,6,0,1,0,0,3,42.86,5,2,1,7,63.64,0,0.0,7,50.0,113,20.0,0,0,0,0,0,0,0,1,3,2,0,0,1,0,0.0,2,0,0,0,13,0,2,0,46,0,3,0,0,1,0,2,0,0,,,,0,0,0,0,0,2,0,0,0,0,0,0,1,0,0,1,1,7,7,3,0,0,0,0,2,4,66.67,113.0,0,0,0,8,19,0,0.54,0,4,,2
331837,Alireza Jahanbakhsh,alireza-jahanbakhsh,2959,Feyenoord,7.05,28.2,4,1,1,0,0,0.49,1,46,10,56,82.14,12,37,17,3,1,25.0,6,1,0,0,0,3,42.86,3,2,1,7,58.33,1,100.0,8,61.54,70,33.33,0,0,0,0,1,0,1,0,2,1,0,0,1,1,50.0,0,0,0,1,25,0,1,0,88,0,1,0,0,0,0,0,0,0,,,,0,0,0,0,0,1,0,0,0,0,0,0,0,0,0,3,4,7,5,0,0,0,0,2,1,1,16.67,70.0,0,0,0,12,51,0,0.25,0,3,,4
980418,Sacha Boey,sacha-boey,2672,FC Bayern München,7.05,42.3,6,1,0,0,0,0.69,1,232,59,291,79.73,98,138,82,6,7,53.85,20,6,2,0,0,4,25.0,5,1,0,35,50.0,15,62.5,50,53.19,540,20.0,0,0,0,0,0,0,1,0,3,2,0,0,1,5,29.41,19,0,0,8,104,3,10,4,494,11,11,0,0,11,0,4,0,0,,,,0,0,0,0,0,12,1,0,0,0,0,0,6,0,0,6,13,16,44,9,0,0,0,17,13,12,60.0,540.0,0,0,0,115,192,0,0.24,0,48,,6
1082714,Micah Hamilton,micah-hamilton,17,Manchester City,7.05,14.1,2,1,0,0,0,0.12,1,30,3,33,90.91,5,25,17,1,0,0.0,1,1,0,0,0,0,0.0,3,1,1,2,20.0,1,50.0,3,25.0,106,33.33,0,0,1,0,0,0,1,0,3,0,0,0,1,1,100.0,0,0,0,1,9,1,0,0,51,1,1,0,0,1,2,1,0,0,,,,0,0,0,0,0,2,0,0,0,0,0,0,1,0,0,1,5,0,9,1,0,0,0,1,2,1,100.0,106.0,0,0,0,5,28,0,0.2,0,3,,2
155995,Marquinhos,marquinhos,1644,Paris Saint-Germain,7.05,70.5,10,0,2,1,1,0.46,1,722,73,795,90.82,462,261,99,5,1,50.0,17,12,2,0,0,1,100.0,3,0,2,23,63.89,18,51.43,41,57.75,900,0.0,0,0,0,0,0,0,0,0,3,0,0,0,0,37,50.0,28,1,0,0,77,2,33,13,904,5,7,0,0,6,0,1,0,0,,,,3,0,0,0,0,12,1,0,0,0,0,0,10,0,0,5,2,1,30,17,0,0,0,74,13,7,41.18,0.0,0,0,0,491,305,1,0.44,1,47,,10
803031,Matthijs de Ligt,matthijs-de-ligt,2672,FC Bayern München,7.05,42.3,6,0,1,0,1,0.02,1,279,28,307,90.88,205,74,15,1,0,0.0,8,3,0,0,0,0,0.0,5,0,2,13,72.22,10,66.67,23,69.7,467,0.0,0,0,0,0,0,0,0,0,4,1,0,0,0,12,40.0,24,0,0,0,31,0,11,4,363,5,4,0,0,2,0,3,0,0,,,,2,0,0,0,0,5,0,0,0,0,0,0,5,0,0,1,0,1,10,5,0,0,0,30,5,6,75.0,0.0,0,0,0,217,91,1,0.16,1,17,,6
966441,Aihen Muñoz,aihen-munoz,2824,Real Sociedad,7.05,42.3,6,0,1,0,1,0.08,1,224,43,267,83.9,106,118,68,1,3,33.33,13,3,0,0,0,0,0.0,4,0,3,20,54.05,8,57.14,28,54.9,474,0.0,0,0,0,0,0,0,0,0,1,3,0,0,0,6,35.29,15,0,0,3,84,0,26,12,411,4,5,0,0,3,1,1,0,0,,,,3,0,0,0,0,2,0,0,0,0,0,0,5,0,0,1,9,11,23,6,0,0,0,17,2,9,69.23,0.0,0,0,0,125,153,0,0.09,0,21,,6
372336,Jacob Murphy,jacob-murphy,39,Newcastle United,7.05,14.1,2,0,0,0,1,0.03,1,18,3,21,85.71,7,11,9,1,0,0.0,2,0,0,0,0,0,0.0,2,0,2,4,50.0,0,0.0,4,50.0,87,0.0,0,0,0,0,0,0,0,0,0,2,0,0,0,0,0.0,1,0,0,0,8,0,0,0,37,2,2,0,0,1,1,0,0,0,,,,0,0,0,0,0,0,0,0,0,0,0,0,1,0,0,1,1,3,4,0,0,0,0,0,0,2,100.0,0.0,0,0,0,7,17,0,0.07,0,1,,3
41837,Fernando,fernando-reges,2833,Sevilla,7.05,28.2,4,0,0,0,0,0.03,0,111,13,124,89.52,69,42,14,3,3,100.0,13,4,0,1,1,0,0.0,0,0,0,18,72.0,2,40.0,20,66.67,330,0.0,0,0,0,0,0,0,0,0,0,0,0,0,0,6,66.67,8,0,0,1,18,2,6,4,168,2,2,0,0,4,0,0,0,0,,,,0,0,0,0,0,4,1,0,0,0,0,0,4,0,0,3,3,0,10,3,0,0,0,9,5,8,61.54,0.0,0,0,0,75,49,0,,0,21,,4
965828,Mario Gila,mario-gila,2699,Lazio,7.05,28.2,4,0,0,0,0,0.01,0,201,19,220,91.36,154,47,6,0,1,50.0,8,4,0,0,0,0,0.0,3,2,0,10,52.63,6,54.55,16,53.33,351,0.0,0,0,0,0,0,0,0,0,3,0,0,0,0,13,65.0,12,0,0,1,22,0,9,5,261,1,4,0,0,3,0,1,0,0,,,,1,0,0,0,0,5,0,0,0,0,0,0,4,0,0,0,2,0,14,5,0,0,0,20,5,8,100.0,0.0,0,0,0,164,56,0,0.14,5,21,,4
293127,Denis Vavro,denis-vavro,1284,FC København,7.05,56.4,8,0,0,0,0,0.11,0,316,65,381,82.94,213,103,34,0,0,0.0,6,6,2,0,0,0,0.0,7,2,3,9,42.86,15,68.18,24,55.81,708,0.0,0,0,0,0,0,0,0,0,1,6,0,0,0,23,43.4,53,0,0,0,72,2,33,15,489,3,7,0,0,5,0,2,0,0,,,,2,0,0,0,0,13,1,0,0,0,0,0,8,0,0,0,0,5,19,7,0,0,0,53,14,2,33.33,0.0,0,0,0,232,154,1,0.13,0,37,,8
583806,Kevin Diks,kevin-diks,1284,FC København,7.05,56.4,8,0,0,0,0,0.37,0,340,34,374,90.91,210,130,48,7,1,33.33,8,7,2,0,0,0,0.0,2,0,1,14,66.67,7,35.0,21,51.22,708,0.0,0,0,0,0,0,0,0,0,1,1,0,0,0,32,72.73,37,0,0,1,41,0,27,19,465,5,4,0,0,0,0,1,0,0,,,,2,0,0,0,0,12,1,0,0,0,0,0,8,0,0,7,3,0,20,13,0,0,0,44,13,5,62.5,0.0,0,0,0,228,146,1,0.04,3,25,,8
976263,Ian Maatsen,ian-maatsen,2673,Borussia Dortmund,7.04,49.3,7,1,2,0,0,0.74,1,273,48,321,85.05,143,134,65,5,5,38.46,15,12,3,0,0,4,23.53,4,3,0,24,45.28,3,30.0,27,42.86,630,25.0,0,0,0,0,0,0,1,0,2,2,0,1,0,13,50.0,23,2,0,8,97,1,19,9,512,4,4,0,0,9,0,1,0,0,,,,3,0,0,0,0,7,0,0,0,0,0,0,7,0,0,5,13,17,36,7,0,0,0,26,7,11,73.33,630.0,0,0,0,163,175,1,0.18,0,38,,7
1048950,Roko Šimić,roko-simic,2046,Red Bull Salzburg,7.04,35.2,5,1,1,0,1,0.63,2,33,21,54,61.11,7,26,18,4,3,37.5,2,2,2,0,0,0,0.0,8,4,2,11,40.74,11,50.0,22,44.9,340,12.5,1,1,0,0,0,0,1,0,8,0,0,0,1,0,0.0,3,0,0,5,38,4,1,0,112,6,6,1,0,0,2,2,0,0,,,,0,0,0,0,0,4,0,0,0,0,0,0,4,100,0,4,8,0,27,11,0,0,0,0,4,1,50.0,340.0,0,0,0,14,40,0,1.2,0,10,,6
831799,Nahuel Molina,nahuel-molina,2836,Atlético Madrid,7.04,70.4,10,0,1,0,2,0.98,2,405,116,521,77.74,199,212,104,8,1,50.0,24,7,1,0,0,6,17.14,4,1,3,28,52.83,2,28.57,30,50.0,791,0.0,0,0,1,0,0,0,0,0,2,2,0,0,0,22,48.89,16,0,0,5,181,4,36,21,735,3,8,0,0,12,1,0,0,0,,,,1,0,0,0,0,10,0,0,0,0,0,0,10,0,0,8,2,35,30,5,0,0,0,45,10,15,62.5,0.0,0,0,0,246,310,0,0.09,0,46,,10
976381,Gustav Isaksen,gustav-isaksen,2699,Lazio,7.04,35.2,5,0,1,1,1,0.47,1,68,18,86,79.07,20,49,31,5,8,61.54,0,2,0,0,0,1,16.67,8,3,2,13,48.15,3,60.0,16,50.0,243,0.0,0,0,1,0,0,0,0,0,5,3,0,0,0,2,100.0,1,0,0,3,34,2,6,4,135,5,2,0,0,4,1,3,0,0,,,,1,0,0,0,0,1,0,0,0,0,0,0,2,0,0,5,13,6,16,2,0,0,0,2,1,0,0.0,0.0,0,0,0,27,65,0,0.74,0,11,,5
335033,Wendell,wendell,3002,FC Porto,7.04,35.2,5,0,0,0,0,0.1,0,131,23,154,85.06,82,49,30,1,5,62.5,16,9,0,0,0,0,0.0,3,1,0,30,71.43,3,33.33,33,64.71,388,0.0,0,0,0,0,0,0,0,0,2,1,0,0,0,2,25.0,8,0,0,1,46,0,11,5,268,9,4,0,0,4,0,2,0,0,,,,0,0,0,0,0,3,0,0,0,0,0,0,4,0,0,1,8,10,18,6,0,0,0,8,3,7,43.75,0.0,0,0,0,93,71,0,0.15,0,20,,5
803039,Donyell Malen,donyell-malen,2673,Borussia Dortmund,7.04,56.3,8,1,2,1,0,0.34,1,102,30,132,77.27,35,69,33,5,7,63.64,3,0,0,0,0,2,40.0,23,11,7,19,61.29,3,75.0,22,62.86,459,4.35,0,0,0,0,0,0,1,0,14,9,0,0,1,3,50.0,4,0,0,6,73,2,5,3,240,10,2,0,0,0,1,5,0,0,,,,0,0,0,0,0,5,0,0,0,0,0,0,6,0,0,5,11,5,13,1,0,0,0,6,5,1,33.33,459.0,0,0,0,45,92,1,2.09,0,20,,8
88625,Marc-André Ter Stegen,marc-andre-ter-stegen,2817,FC Barcelona,7.04,56.3,8,0,0,0,0,0.01,0,207,56,263,78.71,185,22,4,0,1,100.0,0,0,0,0,0,0,0.0,0,0,0,1,100.0,1,100.0,2,100.0,720,0.0,0,0,0,0,0,0,0,0,0,0,0,0,0,56,50.91,2,0,0,0,56,0,58,34,324,0,0,0,0,0,0,0,0,21,,,,2,1,0,14,7,9,1,1,3,3,5,0,8,0,0,0,1,0,0,0,0,0,0,110,10,0,0.0,0.0,0,0,4,212,51,1,,32,64,,8
902080,Kamil Grabara,kamil-grabara,1284,FC København,7.04,56.3,8,0,0,0,0,0.01,0,157,90,247,63.56,122,35,11,0,0,0.0,0,0,0,0,0,0,0.0,0,0,0,0,0.0,3,100.0,3,100.0,720,0.0,0,0,0,0,0,0,0,0,0,0,0,0,0,55,38.46,6,1,0,0,93,0,50,26,333,1,0,0,0,0,0,0,0,30,,,,2,1,0,16,14,13,1,6,2,2,6,0,8,0,0,0,0,0,0,0,0,0,0,143,14,0,0.0,0.0,0,0,5,140,107,0,,64,69,,8
138833,Memphis Depay,memphis-depay,2836,Atlético Madrid,7.03,21.1,3,1,0,2,0,0.08,1,42,7,49,85.71,13,29,14,2,3,50.0,0,1,0,0,0,0,0.0,7,3,2,8,53.33,2,50.0,10,52.63,102,14.29,0,0,0,0,2,0,1,0,5,2,0,0,1,3,100.0,0,0,0,2,18,1,6,4,77,5,1,1,0,1,1,2,0,0,,,,0,0,0,0,0,1,0,0,0,0,0,0,0,0,0,2,6,0,9,2,0,0,0,3,1,0,0.0,102.0,0,0,0,15,34,0,1.02,0,7,,3
983542,Tomás Araújo,tomas-araujo,3006,Benfica,7.03,21.1,3,0,0,0,0,0.01,0,66,18,84,78.57,44,22,10,1,3,100.0,3,4,0,0,0,0,0.0,0,0,0,7,100.0,3,33.33,10,62.5,169,0.0,0,0,0,0,0,0,0,0,0,0,0,0,0,5,62.5,4,0,0,0,19,0,3,2,115,1,0,0,0,0,0,0,0,0,,,,0,0,0,0,0,1,1,0,0,0,0,0,1,0,0,1,3,1,6,6,0,0,0,8,2,2,66.67,0.0,0,0,0,55,30,0,,0,11,,3
91046,Stefan de Vrij,stefan-de-vrij,2697,Inter,7.03,42.2,6,0,0,0,0,0.13,0,395,27,422,93.6,290,105,24,1,1,50.0,9,5,0,0,0,0,0.0,0,0,0,13,65.0,10,52.63,23,58.97,498,0.0,0,0,0,0,0,0,0,0,0,0,0,0,0,14,60.87,34,0,0,0,29,0,19,15,488,3,2,0,0,4,0,0,0,0,,,,1,0,0,0,0,6,1,0,0,0,0,0,5,0,0,1,2,0,16,9,0,0,0,23,7,5,55.56,0.0,0,0,0,299,123,0,,1,33,,6
824509,Gianluigi Donnarumma,gianluigi-donnarumma,1644,Paris Saint-Germain,7.03,84.4,12,0,0,0,0,0.0,0,261,48,309,84.47,251,10,0,0,0,0.0,1,0,2,0,0,0,0.0,0,0,0,2,100.0,3,75.0,5,83.33,1080,0.0,0,0,0,0,0,0,0,0,0,0,0,0,0,49,51.58,10,1,2,0,50,0,43,30,411,1,0,0,0,0,0,0,0,38,,,,3,0,0,21,16,14,1,3,4,3,2,0,12,0,0,0,0,0,1,1,0,0,0,95,15,1,100.0,0.0,0,1,8,272,37,0,,71,73,,12
116660,Rasmus Falk,rasmus-falk,1284,FC København,7.03,49.2,7,0,1,0,1,0.5,1,305,48,353,86.4,141,165,78,4,3,50.0,19,9,2,0,0,1,100.0,2,1,0,30,68.18,1,50.0,31,67.39,630,0.0,0,0,0,0,0,0,0,0,0,2,0,0,0,19,82.61,9,0,1,3,65,5,12,9,445,8,2,0,0,6,0,1,0,0,,,,2,0,0,0,0,11,0,0,0,0,0,0,7,0,0,4,6,1,15,1,0,0,0,23,11,8,42.11,0.0,0,0,0,160,194,0,0.08,0,36,,7
149663,Nathan Aké,nathan-ake,17,Manchester City,7.03,49.2,7,0,1,1,0,0.49,0,399,13,412,96.84,163,238,100,6,1,100.0,4,0,0,0,0,2,66.67,4,2,2,8,66.67,6,75.0,14,70.0,388,0.0,0,0,0,0,0,0,0,0,4,0,0,0,0,5,83.33,9,0,0,1,20,0,6,4,454,3,2,0,0,1,0,0,0,0,,,,0,0,0,0,0,2,2,0,0,0,0,0,3,0,0,6,1,3,6,2,0,0,0,6,4,2,50.0,0.0,0,0,0,166,249,0,0.94,0,22,,7
1142672,Warren Zaïre-Emery,warren-zaire-emery,1644,Paris Saint-Germain,7.03,77.3,11,1,2,1,3,0.98,4,462,39,501,92.22,164,298,160,12,10,52.63,15,7,1,0,0,0,0.0,7,2,4,34,40.96,5,35.71,39,40.21,905,14.29,0,0,0,0,0,0,1,0,4,3,0,0,1,16,84.21,9,0,0,17,89,8,14,11,649,9,14,1,0,10,1,1,0,0,,,,3,0,0,0,0,12,1,0,0,0,0,0,10,0,0,12,19,3,58,9,0,0,0,19,13,8,53.33,905.0,0,0,0,176,328,0,0.71,0,57,,11
232422,Kepa Arrizabalaga,kepa-arrizabalaga,2829,Real Madrid,7.03,28.1,4,0,0,0,0,0.0,0,102,14,116,87.93,95,7,1,0,0,0.0,0,0,1,0,0,0,0.0,0,0,0,1,100.0,2,100.0,3,100.0,360,0.0,0,0,0,0,0,0,0,0,0,0,0,0,0,15,51.72,1,0,0,0,14,0,11,5,158,1,0,0,0,0,0,0,0,10,,,,1,1,0,6,4,4,1,1,0,0,3,1,4,0,0,0,0,0,0,0,0,0,0,29,5,0,0.0,0.0,0,0,0,97,19,0,,19,40,,4
966837,Martín Zubimendi,martin-zubimendi,2824,Real Sociedad,7.03,56.2,8,0,0,1,0,0.7,0,387,54,441,87.76,178,209,83,5,5,71.43,18,7,0,0,0,0,0.0,7,1,5,29,54.72,14,82.35,43,61.43,713,0.0,0,0,0,0,0,0,0,0,5,2,0,0,0,16,59.26,12,0,0,10,76,6,20,14,538,6,8,0,0,5,1,1,0,0,,,,4,0,0,0,0,6,0,0,0,0,0,0,8,0,0,5,7,1,27,3,0,0,0,27,6,7,38.89,0.0,0,0,0,192,250,0,0.63,0,53,,8
875890,Chidera Ejuke,chidera-ejuke,2889,Royal Antwerp FC,7.03,28.1,4,0,0,0,0,0.19,0,71,6,77,92.21,16,58,32,4,18,72.0,2,3,0,0,0,3,42.86,3,0,3,25,64.1,1,50.0,26,63.41,153,0.0,0,0,0,0,0,0,0,0,2,1,0,0,0,3,100.0,0,0,0,5,31,0,3,3,148,5,0,0,0,2,0,0,0,0,,,,0,0,0,0,0,2,1,0,0,0,0,0,1,0,0,4,25,7,15,1,0,0,0,3,3,1,50.0,0.0,0,0,0,17,67,0,0.24,0,10,,4
8959,Manuel Neuer,manuel-neuer,2672,FC Bayern München,7.02,63.2,9,0,0,0,0,0.01,0,264,48,312,84.62,246,18,7,0,1,100.0,0,0,0,0,0,0,0.0,0,0,0,3,100.0,3,100.0,6,100.0,810,0.0,0,0,0,0,0,0,0,0,0,0,0,0,0,58,54.72,6,1,0,0,49,0,35,30,379,2,0,0,0,0,0,0,0,20,,,,4,2,0,16,4,8,0,2,5,4,2,0,9,0,0,0,1,0,0,0,0,0,0,106,8,0,0.0,0.0,0,0,4,275,37,0,,31,49,,9
101882,Fabian Schär,fabian-schar,39,Newcastle United,7.02,42.1,6,1,0,0,0,0.08,1,247,37,284,86.97,162,85,28,0,0,0.0,7,6,2,0,0,0,0.0,5,3,2,9,47.37,5,27.78,14,37.84,540,20.0,0,0,0,0,1,0,0,1,2,3,0,0,1,25,53.19,27,0,0,1,44,2,40,23,354,3,3,0,0,5,0,0,0,0,,,,1,0,0,0,0,7,0,0,0,0,0,0,6,0,0,0,2,0,23,13,0,0,0,47,7,6,85.71,540.0,0,0,0,173,111,0,0.23,0,30,,6
825945,Simon Banza,simon-banza,2999,Sporting Braga,7.02,42.1,6,0,1,1,1,0.21,1,54,21,75,72.0,12,42,21,3,5,71.43,1,0,2,0,0,0,0.0,14,1,11,20,54.05,22,56.41,42,55.26,341,0.0,0,0,0,0,0,0,0,0,12,2,0,0,0,1,100.0,2,0,0,5,39,1,4,4,143,14,11,0,0,0,1,2,0,0,,,,0,0,0,0,0,7,1,0,0,0,0,0,4,0,0,3,7,1,34,17,0,0,0,1,8,0,0.0,0.0,0,0,0,16,60,0,1.1,0,3,,6
16817,Joe Hart,joe-hart,2352,Celtic,7.02,42.1,6,0,0,0,0,0.0,0,188,20,208,90.38,184,4,0,0,0,0.0,0,0,0,0,0,0,0.0,0,0,0,0,0.0,2,100.0,2,100.0,540,0.0,0,0,0,0,0,0,0,0,0,0,0,0,0,17,45.95,9,0,0,0,20,0,17,11,280,1,0,0,0,0,0,0,0,23,,,,0,2,2,13,10,12,3,4,0,0,0,0,6,0,0,0,0,0,0,0,0,0,0,37,15,0,0.0,0.0,0,0,4,190,18,0,,52,40,,6
186795,Andreas Christensen,andreas-christensen,2817,FC Barcelona,7.01,49.1,7,1,0,0,0,0.24,1,320,19,339,94.4,142,178,57,2,1,50.0,11,7,3,0,0,0,0.0,4,1,1,16,59.26,12,57.14,28,58.33,440,25.0,0,0,0,0,0,0,1,0,4,0,1,0,0,3,37.5,11,0,0,1,24,1,9,5,392,4,7,0,0,2,0,2,0,0,,,,1,0,0,0,0,6,0,0,0,0,0,0,5,0,0,2,2,0,20,9,0,0,0,8,6,7,63.64,440.0,0,0,0,149,190,1,0.71,1,20,,7
1048888,Mathys Tel,mathys-tel,2672,FC Bayern München,7.01,56.1,8,2,2,1,1,0.82,3,51,12,63,80.95,12,40,22,4,11,73.33,1,2,0,0,0,1,33.33,8,2,2,15,50.0,0,0.0,15,48.39,145,25.0,0,0,0,0,0,0,2,0,8,0,0,1,1,4,100.0,0,0,0,5,37,5,2,1,125,3,3,0,0,3,0,4,0,0,,,,0,0,0,0,0,3,0,0,0,0,0,0,1,0,0,4,15,3,16,1,0,0,0,4,3,1,100.0,72.5,0,0,0,14,52,0,0.46,0,11,,8
132645,Niclas Füllkrug,niclas-fullkrug,2673,Borussia Dortmund,7.01,91.1,13,3,3,10,3,1.11,6,185,89,274,67.52,65,120,64,20,2,50.0,2,1,0,0,0,0,0.0,35,11,14,18,42.86,54,58.7,72,53.73,1041,8.57,0,0,0,0,0,0,3,0,29,6,1,2,0,9,60.0,10,0,0,10,122,3,16,7,405,14,11,2,0,3,9,10,0,0,,,,2,0,0,0,0,9,0,0,0,0,0,0,12,0,0,20,4,1,62,38,0,0,0,15,9,1,50.0,347.0,0,0,0,89,186,0,5.4,0,24,,13
1123925,Georgiy Sudakov,georgiy-sudakov,3313,Shakhtar Donetsk,7.0,42.0,6,1,0,1,0,0.38,1,229,51,280,81.79,100,131,74,10,6,50.0,4,6,1,0,0,2,15.38,10,2,7,21,47.73,1,33.33,22,46.81,540,10.0,0,0,0,0,1,0,1,0,6,4,0,0,1,21,67.74,4,0,0,6,84,1,28,16,370,11,6,1,0,6,1,1,0,0,,,,2,0,0,0,0,9,3,0,0,0,0,0,6,0,0,10,12,13,25,2,0,0,0,31,12,2,50.0,540.0,0,0,0,116,177,0,1.08,0,25,,6
1090458,David Datro Fofana,david-datro-fofana,2547,1. FC Union Berlin,7.0,28.0,4,1,0,1,0,0.08,1,24,9,33,72.73,4,20,11,5,5,62.5,2,0,0,0,0,0,0.0,8,4,4,11,42.31,8,30.77,19,36.54,198,12.5,0,0,0,0,0,0,1,0,6,2,0,0,1,0,0.0,6,0,0,6,30,4,0,0,87,4,6,0,0,0,1,0,0,0,,,,0,0,0,0,0,3,0,0,0,0,0,0,2,0,0,5,8,2,33,18,0,0,0,0,3,1,50.0,198.0,0,0,0,5,30,0,0.9,0,6,,4
1103693,Gavi,gavi,2817,FC Barcelona,7.0,21.0,3,1,0,0,0,0.07,1,115,9,124,92.74,37,78,33,2,3,75.0,3,1,1,0,1,0,0.0,3,2,0,9,40.91,1,33.33,10,40.0,229,33.33,0,0,0,0,0,0,1,0,3,0,0,1,0,0,0.0,5,0,0,1,16,0,4,1,161,3,8,0,0,3,0,1,0,0,,,,0,0,0,0,0,1,0,0,0,0,0,0,3,0,0,2,4,1,15,2,0,0,0,2,1,2,66.67,229.0,1,0,0,41,84,0,0.46,0,13,,3
825846,Jordan Teze,jordan-teze,2952,PSV Eindhoven,7.0,56.0,8,1,1,0,0,1.18,1,312,53,365,85.48,153,163,82,13,1,33.33,15,7,0,0,0,4,17.39,4,2,2,18,46.15,5,50.0,23,46.94,720,25.0,0,0,0,0,0,0,1,0,2,2,0,0,1,26,66.67,6,0,0,2,95,2,30,17,528,2,10,0,0,7,1,0,0,0,,,,1,0,0,0,0,10,3,0,0,0,0,0,8,0,0,13,3,23,26,5,0,0,0,39,13,9,60.0,720.0,0,0,0,170,218,0,0.26,0,53,,8
1065216,Oscar Bobb,oscar-bobb,17,Manchester City,7.0,28.0,4,1,0,0,0,0.85,1,85,12,97,87.63,20,66,40,4,3,42.86,2,0,0,0,0,1,100.0,4,2,0,10,52.63,0,0.0,10,47.62,221,25.0,0,0,0,0,0,0,1,0,4,0,0,1,0,0,0.0,0,0,0,3,20,1,2,1,125,5,2,0,0,0,1,2,0,0,,,,0,0,0,0,0,3,0,0,0,0,0,0,2,0,0,4,7,1,11,2,0,0,0,0,3,1,50.0,221.0,0,0,0,21,77,0,0.22,0,8,,4
989882,Ramiz Zerrouki,ramiz-zerrouki,2959,Feyenoord,7.0,35.0,5,1,0,0,0,0.36,1,194,30,224,86.61,96,99,42,3,5,83.33,10,5,2,0,0,1,33.33,5,1,2,19,61.29,3,37.5,22,56.41,355,20.0,0,0,0,1,0,0,1,0,1,4,0,0,1,9,52.94,3,0,0,2,39,3,12,6,283,4,7,0,0,2,0,2,0,0,,,,0,0,0,0,0,7,0,0,0,0,0,0,4,0,0,3,6,3,17,5,0,0,0,17,7,6,60.0,355.0,0,0,0,102,125,0,0.15,0,22,,5
70797,Yaroslav Rakitskyi,yaroslav-rakitskyi,3313,Shakhtar Donetsk,7.0,28.0,4,1,2,0,0,0.89,1,193,32,225,85.78,146,47,12,2,0,0.0,3,6,1,0,0,0,0.0,1,1,0,5,41.67,3,30.0,8,36.36,344,100.0,0,0,0,0,1,1,0,1,0,1,0,1,0,20,47.62,22,0,0,2,37,0,40,19,275,2,2,0,0,2,0,0,0,0,,,,1,0,0,0,0,6,2,0,0,0,0,0,4,0,100,2,1,0,14,7,0,0,0,42,8,2,66.67,344.0,0,0,0,154,71,0,0.05,9,10,,5
246999,Raphaël Guerreiro,raphael-guerreiro,2672,FC Bayern München,7.0,42.0,6,0,3,0,2,0.39,2,227,31,258,87.98,104,124,61,5,1,20.0,5,4,0,0,0,1,10.0,6,0,3,9,45.0,1,100.0,10,47.62,388,0.0,0,0,0,0,0,0,0,0,4,2,0,0,0,6,66.67,3,0,0,1,52,6,12,7,319,3,2,1,0,4,0,3,0,0,,,,1,0,0,0,0,3,0,0,0,0,0,0,4,0,0,5,5,10,11,0,0,0,0,9,3,2,40.0,0.0,0,0,0,107,161,1,0.41,0,15,,7
975798,Malik Tillman,malik-tillman,2952,PSV Eindhoven,7.0,56.0,8,0,1,1,1,0.93,1,130,32,162,80.25,52,78,53,8,6,30.0,13,8,1,0,0,0,0.0,3,0,2,34,45.95,1,20.0,35,44.3,503,0.0,0,0,2,0,0,0,0,0,1,2,0,0,0,5,45.45,5,0,0,16,94,8,11,6,318,15,8,0,0,2,4,1,0,0,,,,0,0,0,0,0,6,2,0,0,0,0,0,5,0,0,8,20,7,44,4,0,0,0,11,8,11,84.62,0.0,0,0,0,58,111,0,0.42,0,38,,8
1065154,Joël Monteiro,joel-monteiro,2445,BSC Young Boys,7.0,28.0,4,0,2,1,1,1.13,1,39,12,51,76.47,13,26,14,5,7,58.33,8,3,2,0,0,0,0.0,4,1,2,18,52.94,3,21.43,21,43.75,265,0.0,0,0,0,0,0,0,0,0,3,1,0,0,0,2,66.67,3,0,0,1,29,3,1,0,107,3,6,0,0,4,0,1,0,0,,,,0,0,0,0,0,4,0,0,0,0,0,0,3,0,0,5,12,1,27,11,0,0,0,3,4,4,50.0,0.0,0,0,0,15,37,0,0.34,0,9,,4
847030,Noussair Mazraoui,noussair-mazraoui,2672,FC Bayern München,7.0,56.0,8,0,0,0,1,0.67,1,330,47,377,87.53,155,176,90,7,6,75.0,17,7,1,0,0,1,12.5,5,1,2,25,54.35,11,64.71,36,57.14,649,0.0,0,0,0,0,0,0,0,0,1,4,0,0,0,11,52.38,7,0,0,6,73,2,19,14,508,2,7,0,0,7,1,2,0,0,,,,0,0,0,0,0,8,0,0,0,0,0,0,8,0,0,7,8,8,27,6,0,0,0,21,8,11,64.71,0.0,0,0,0,173,212,0,0.13,0,31,,8
146500,Jérôme Roussillon,jerome-roussillon,2547,1. FC Union Berlin,7.0,28.0,4,0,2,0,1,0.49,1,66,16,82,80.49,34,38,21,5,3,50.0,8,0,0,0,0,6,46.15,2,1,1,14,66.67,1,50.0,15,65.22,270,0.0,0,0,0,0,0,0,0,0,1,1,0,0,0,8,61.54,9,0,0,2,32,2,6,4,156,3,1,0,0,1,0,0,0,0,,,,0,0,0,0,0,5,1,0,0,0,0,0,3,0,0,5,6,13,8,1,0,0,0,13,6,5,62.5,0.0,0,0,0,39,56,0,0.06,0,17,,4
839410,Aaron Ramsdale,aaron-ramsdale,42,Arsenal,7.0,7.0,1,0,0,0,0,0.0,0,29,6,35,82.86,26,3,2,0,0,0.0,0,0,0,0,0,0,0.0,0,0,0,0,0.0,0,0.0,0,0.0,90,0.0,0,0,0,0,0,0,0,0,0,0,0,0,0,3,33.33,0,0,0,0,6,0,0,0,43,0,0,0,0,0,0,0,0,4,,,,0,0,0,2,2,1,0,0,0,0,0,0,1,0,0,0,0,0,0,0,0,0,0,9,1,0,0.0,0.0,0,0,1,27,8,0,,8,5,,1
910046,Sven Botman,sven-botman,39,Newcastle United,7.0,7.0,1,0,0,0,0,0.0,0,41,6,47,87.23,30,11,1,0,0,0.0,0,0,0,0,0,0,0.0,0,0,0,0,0.0,1,33.33,1,25.0,90,0.0,0,0,0,0,0,0,0,0,0,0,0,0,0,4,80.0,2,0,0,0,6,0,3,3,51,0,0,0,0,1,0,0,0,0,,,,1,0,0,0,0,0,0,0,0,0,0,0,1,0,0,0,0,0,3,2,0,0,0,5,0,0,0.0,0.0,0,0,0,31,16,0,,0,4,,1
794949,Iñaki Peña,inaki-pena,2817,FC Barcelona,7.0,14.0,2,0,0,0,0,0.0,0,57,8,65,87.69,52,5,2,0,0,0.0,0,0,0,0,0,0,0.0,0,0,0,0,0.0,1,100.0,1,100.0,180,0.0,0,0,0,0,0,0,0,0,0,0,0,0,0,10,58.82,3,0,0,0,8,0,9,7,82,0,0,0,0,0,0,0,0,6,,,,0,0,0,6,0,4,0,1,0,0,0,0,2,0,0,0,0,0,0,0,0,0,0,17,4,0,0.0,0.0,0,0,2,55,10,0,,12,11,,2
168897,Christopher Lenz,christopher-lenz,36360,RB Leipzig,7.0,7.0,1,0,0,0,0,0.02,0,38,12,50,76.0,26,12,5,0,2,100.0,6,0,1,0,0,0,0.0,0,0,0,8,57.14,0,0.0,8,53.33,92,0.0,0,0,0,0,0,0,0,0,0,0,0,0,0,5,62.5,1,0,0,1,18,0,6,5,86,0,1,0,0,4,0,0,0,0,,,,0,0,0,0,0,1,0,0,0,0,0,0,1,0,0,0,2,2,7,1,0,0,0,8,1,6,100.0,0.0,0,0,0,35,17,0,,0,4,,2
1108441,Lucas Beraldo,lucas-beraldo,1644,Paris Saint-Germain,7.0,35.0,5,0,0,0,0,0.06,0,295,39,334,88.32,212,83,23,1,2,100.0,11,5,1,0,0,0,0.0,0,0,0,18,58.06,16,69.57,34,62.96,408,0.0,0,0,0,0,0,0,0,0,0,0,0,0,0,16,76.19,11,0,0,2,47,0,17,9,404,6,4,0,0,7,0,0,0,0,,,,1,0,0,0,0,5,0,0,0,0,0,0,4,0,0,1,2,0,20,7,0,0,0,21,5,7,63.64,0.0,0,0,0,237,97,0,,0,23,,5
869792,Gabriel Magalhães,gabriel-magalhaes,42,Arsenal,7.0,70.0,10,0,0,0,0,0.13,0,640,64,704,90.91,440,200,48,0,0,0.0,9,3,0,0,0,0,0.0,5,1,3,15,50.0,16,53.33,31,51.67,930,0.0,0,0,0,0,0,0,0,0,5,0,0,0,0,20,43.48,34,0,0,2,73,1,28,14,790,6,13,0,0,1,2,1,0,0,,,,4,0,0,0,0,7,1,0,0,0,0,0,10,0,0,0,0,0,29,14,0,0,0,46,8,7,77.78,0.0,0,0,0,457,247,0,0.43,19,46,,10
217784,Patric,patric,2699,Lazio,7.0,35.0,5,0,0,0,0,0.05,0,264,42,306,86.27,182,83,20,2,1,100.0,3,5,2,0,0,1,100.0,1,0,0,5,55.56,3,37.5,8,47.06,369,0.0,0,0,0,0,0,0,0,0,1,0,0,0,0,21,42.0,16,0,0,0,43,0,28,14,346,1,3,0,0,1,0,1,0,0,,,,2,0,0,0,0,1,1,0,0,0,0,0,4,0,0,2,1,1,9,5,0,0,0,50,2,3,100.0,0.0,0,0,0,193,114,0,0.04,1,28,,5
788784,Olivier Boscagli,olivier-boscagli,2952,PSV Eindhoven,6.99,48.9,7,0,0,0,0,0.33,0,355,82,437,81.24,219,136,57,1,3,75.0,15,11,2,0,0,0,0.0,2,0,2,20,71.43,9,45.0,29,60.42,613,0.0,0,0,0,0,0,0,0,0,0,2,0,0,0,51,54.26,26,0,0,0,87,0,76,43,527,2,4,0,0,4,1,0,0,0,,,,1,0,0,0,0,8,3,0,0,0,0,0,7,0,0,1,4,1,19,11,0,0,0,94,11,7,46.67,0.0,0,0,0,243,195,0,0.05,12,51,,7
352544,Sheraldo Becker,sheraldo-becker,2824,Real Sociedad,6.98,41.9,6,2,2,2,0,0.53,2,55,24,79,69.62,16,42,26,7,0,0.0,0,1,0,0,0,3,12.5,11,7,3,2,13.33,2,33.33,4,19.05,426,18.18,0,0,0,0,0,0,1,1,9,2,0,1,1,2,50.0,1,0,0,1,58,3,6,2,149,2,7,0,0,0,6,1,0,0,,,,0,0,0,0,0,6,2,0,0,0,0,0,5,0,0,7,6,24,17,4,0,0,0,4,8,0,0.0,213.0,0,0,0,19,84,0,1.31,0,15,,6
959805,Quinten Timber,quinten-timber,2959,Feyenoord,6.98,41.9,6,0,4,2,0,0.58,0,115,27,142,80.99,40,75,45,6,7,50.0,6,3,2,0,0,0,0.0,8,3,3,25,53.19,1,50.0,26,53.06,467,0.0,0,0,0,0,0,0,0,0,7,1,0,0,0,4,50.0,1,0,0,6,50,4,6,2,234,12,8,0,0,2,0,2,0,0,,,,0,0,0,0,0,8,0,0,0,0,0,0,6,0,0,6,14,2,23,1,0,0,0,8,8,5,83.33,0.0,0,0,0,49,95,0,0.6,0,25,,6
353272,Mykola Matvienko,mykola-matvienko,3313,Shakhtar Donetsk,6.98,34.9,5,1,1,2,0,0.03,1,218,36,254,85.83,166,52,12,3,0,0.0,11,2,0,0,0,0,0.0,3,2,1,14,56.0,4,80.0,18,60.0,450,33.33,0,0,0,0,0,0,1,0,3,0,1,0,0,15,44.12,29,0,2,1,49,0,31,14,343,3,2,0,0,9,0,0,0,0,,,,2,0,0,0,0,6,3,0,0,0,0,0,5,0,0,3,0,2,12,1,0,0,0,34,9,5,45.45,450.0,0,0,0,183,73,1,0.45,4,17,,5
44575,Toby Alderweireld,toby-alderweireld,2889,Royal Antwerp FC,6.98,34.9,5,0,0,2,0,0.39,0,262,55,317,82.65,179,84,38,3,1,100.0,6,5,2,0,0,1,100.0,10,4,4,7,38.89,13,65.0,20,52.63,450,0.0,1,0,0,0,1,0,0,0,8,2,0,0,0,44,55.0,24,0,0,2,58,2,77,40,382,0,5,1,0,4,0,2,0,0,,,,0,0,0,0,0,13,2,0,0,0,0,0,5,0,0,3,1,1,18,7,1,0,0,80,15,4,66.67,0.0,0,0,0,190,128,0,1.55,2,24,,5
45923,Ciro Immobile,ciro-immobile,2699,Lazio,6.98,55.8,8,4,0,2,0,0.11,4,91,24,115,79.13,35,56,34,7,6,66.67,2,1,1,0,0,0,0.0,10,5,2,11,42.31,7,41.18,18,41.86,507,40.0,1,1,0,0,0,0,4,0,10,0,0,2,2,4,80.0,6,0,0,6,61,1,2,1,193,4,4,0,0,3,5,3,0,0,,,,0,0,0,0,0,7,1,0,0,0,0,0,7,100,0,7,9,2,25,10,0,0,0,5,8,1,50.0,126.75,0,0,0,42,75,0,3.06,0,11,,8
1400106,Yankuba Minteh,yankuba-minteh,2959,Feyenoord,6.98,27.9,4,1,0,2,0,0.54,1,35,13,48,72.92,2,34,28,3,11,57.89,9,1,1,0,0,1,12.5,10,5,1,21,52.5,1,20.0,22,48.89,198,10.0,0,0,0,0,0,0,1,0,6,4,0,1,0,3,75.0,0,0,0,4,47,2,3,3,129,1,3,0,0,4,2,4,0,0,,,,0,0,0,0,0,3,0,0,0,0,0,0,2,0,0,3,19,8,23,4,0,0,0,4,3,8,88.89,198.0,0,0,0,3,53,0,1.32,0,8,,4
859025,Aurélien Tchouaméni,aurelien-tchouameni,2829,Real Madrid,6.98,55.8,8,0,0,0,0,0.21,0,383,29,412,92.96,197,187,75,4,0,0.0,9,9,3,0,0,1,20.0,5,0,4,11,47.83,14,77.78,25,60.98,605,0.0,0,0,0,0,0,0,0,0,3,2,0,0,0,13,76.47,12,0,0,1,38,2,13,10,475,2,5,0,0,6,0,1,0,0,,,,1,0,0,0,0,6,3,0,0,0,0,0,7,0,0,4,0,5,16,4,0,0,0,17,9,4,44.44,0.0,0,0,0,206,211,1,0.17,0,21,,8
851671,João Félix,joao-felix,2817,FC Barcelona,6.97,62.7,9,3,1,2,1,1.08,4,118,35,153,77.12,28,90,62,3,7,41.18,4,0,2,0,0,0,0.0,17,7,5,18,40.91,2,100.0,20,43.48,373,17.65,0,0,0,0,0,0,3,0,12,5,1,0,2,2,28.57,1,0,0,6,76,4,9,4,237,7,4,1,0,6,1,5,0,0,,,,0,0,0,0,0,3,0,0,0,0,0,0,4,0,0,3,17,9,26,0,0,0,0,7,3,1,25.0,124.33,0,0,0,35,127,1,1.61,0,14,,9
903324,Kerem Aktürkoğlu,kerem-akturkoglu,3061,Galatasaray,6.97,41.8,6,2,3,4,0,1.51,2,81,33,114,71.05,25,64,35,9,3,23.08,5,2,0,0,0,8,34.78,18,6,7,15,50.0,3,33.33,18,46.15,441,11.11,0,0,0,0,0,0,2,0,13,5,0,0,2,4,57.14,3,0,0,3,84,4,13,4,228,7,2,1,0,2,3,5,0,0,,,,0,0,0,0,0,9,0,0,0,0,0,0,5,0,0,9,13,23,21,6,0,0,0,7,9,4,80.0,220.5,0,0,0,31,106,0,2.1,0,25,,6
787540,Angelo Fulgini,angelo-fulgini,1648,RC Lens,6.97,41.8,6,2,0,1,0,0.61,2,86,26,112,76.79,40,54,25,7,3,37.5,6,1,2,0,0,8,50.0,7,4,1,13,46.43,1,20.0,14,42.42,289,28.57,0,0,0,0,2,1,1,1,3,4,0,1,1,7,58.33,1,0,0,2,55,0,11,5,185,4,5,0,0,4,0,2,0,0,,,,0,0,0,0,0,8,1,0,0,0,0,0,3,0,50,7,8,16,19,4,0,0,0,12,9,3,50.0,144.5,0,0,0,48,80,0,1.42,0,16,,6
949156,Luka Sučić,luka-sucic,2046,Red Bull Salzburg,6.97,41.8,6,1,0,0,0,0.66,1,125,40,165,75.76,49,78,53,6,9,69.23,6,5,0,0,0,2,22.22,8,2,0,22,47.83,1,50.0,23,47.92,390,12.5,0,0,0,0,0,0,0,1,0,8,0,1,0,10,55.56,7,0,0,11,71,2,27,12,256,7,4,0,0,6,0,6,0,0,,,,1,0,0,0,0,5,1,0,0,0,0,0,4,0,0,6,13,9,25,1,0,0,0,18,6,5,83.33,390.0,0,0,0,56,118,0,0.3,0,26,,6
788921,Florian Sotoca,florian-sotoca,1648,RC Lens,6.97,41.8,6,0,2,1,1,0.76,1,127,65,192,66.15,45,84,43,5,2,50.0,10,5,2,0,0,2,16.67,9,2,3,18,42.86,19,76.0,37,55.22,468,0.0,0,0,0,0,0,0,0,0,4,5,0,0,0,9,64.29,8,0,0,10,100,5,14,6,289,6,8,0,0,5,3,4,0,0,,,,0,0,0,0,0,9,1,0,0,0,0,0,6,0,0,5,4,12,30,6,0,0,0,14,10,7,70.0,0.0,0,0,0,59,145,0,0.51,0,19,,6
126816,Francesco Acerbi,francesco-acerbi,2697,Inter,6.97,41.8,6,0,1,0,1,0.14,1,259,40,299,86.62,196,64,21,1,1,100.0,3,5,1,0,0,1,25.0,1,0,1,10,58.82,12,70.59,22,64.71,421,0.0,0,0,0,0,0,0,0,0,1,0,0,0,0,15,55.56,15,0,0,0,45,0,18,11,345,6,4,0,0,3,1,0,0,0,,,,3,0,0,0,0,4,0,0,0,0,0,0,4,0,0,1,1,4,12,5,0,0,0,27,4,1,33.33,0.0,0,0,0,211,92,0,0.22,5,25,,6
754794,Lucas Torreira,lucas-torreira,3061,Galatasaray,6.97,41.8,6,0,0,2,0,0.84,0,271,40,311,87.14,131,141,57,5,4,80.0,11,8,1,0,0,1,50.0,5,1,4,24,63.16,5,41.67,29,58.0,499,0.0,0,0,0,0,0,0,0,0,3,2,0,0,0,11,52.38,10,0,1,1,49,9,27,19,389,9,7,0,0,5,0,0,0,0,,,,0,0,0,0,0,11,1,0,0,0,0,0,6,0,0,5,5,2,21,7,0,0,0,21,12,7,63.64,0.0,0,0,0,140,173,0,0.35,0,61,,6
859024,Yacine Adli,yacine-adli,2692,AC Milan,6.97,20.9,3,0,0,0,0,0.12,0,67,11,78,85.9,23,48,20,2,2,66.67,3,3,0,0,0,4,40.0,2,0,1,8,61.54,1,33.33,9,56.25,122,0.0,0,0,0,0,0,0,0,0,0,2,0,0,0,9,100.0,4,0,0,1,23,1,8,6,117,3,1,0,0,2,0,1,0,0,,,,0,0,0,0,0,3,1,0,0,0,0,0,1,0,0,2,3,10,7,2,0,0,0,9,4,2,66.67,0.0,0,0,0,24,64,0,0.14,0,10,,3
15466,Luka Modrić,luka-modric,2829,Real Madrid,6.96,76.6,11,0,1,1,0,0.97,0,361,30,391,92.33,119,250,127,17,1,33.33,6,5,0,0,0,8,25.0,7,2,1,11,37.93,5,71.43,16,44.44,418,0.0,1,0,0,0,0,0,0,0,2,5,0,0,0,21,84.0,5,0,1,6,63,2,32,22,475,4,8,0,0,2,0,4,0,0,,,,0,0,0,0,0,2,1,0,0,0,0,0,3,0,0,17,3,32,20,2,0,0,1,25,3,6,100.0,0.0,0,0,0,125,298,0,1.05,0,26,,11
155702,Lucas Ocampos,lucas-ocampos,2833,Sevilla,6.96,34.8,5,1,1,1,0,0.53,1,75,39,114,65.79,16,61,34,4,16,64.0,5,4,2,0,1,2,22.22,12,3,7,27,49.09,5,50.0,32,49.23,346,8.33,0,0,0,0,0,0,1,0,10,2,1,0,0,1,16.67,2,0,0,7,76,5,10,2,216,6,8,0,0,4,0,2,0,0,,,,0,0,0,0,0,3,1,0,0,0,0,0,4,0,0,4,25,9,33,5,0,0,0,6,4,2,40.0,346.0,1,0,0,25,98,0,0.69,0,21,,5
146101,Eric Dier,eric-dier,2672,FC Bayern München,6.96,34.8,5,0,0,1,0,0.03,0,358,39,397,90.18,285,73,12,0,0,0.0,7,6,0,0,0,0,0.0,4,1,2,7,87.5,5,50.0,12,66.67,450,0.0,0,0,0,0,0,0,0,0,4,0,0,0,0,18,42.86,18,0,0,0,41,0,25,11,441,0,1,0,0,0,0,1,0,0,,,,2,0,0,0,0,6,0,0,0,0,0,0,5,0,0,0,0,0,6,5,0,0,0,42,6,5,71.43,0.0,0,0,0,305,92,1,0.34,17,23,,5
822110,Deiver Machado,deiver-machado,1648,RC Lens,6.96,34.8,5,0,0,2,0,0.1,0,82,24,106,77.36,44,40,17,2,5,83.33,10,2,1,0,0,2,25.0,5,2,2,30,75.0,5,45.45,35,68.63,371,0.0,0,0,0,0,0,0,0,0,3,2,0,0,0,0,0.0,7,0,0,4,55,0,6,2,227,15,4,0,0,1,1,1,0,0,,,,0,0,0,0,0,4,1,0,0,0,0,0,4,0,0,2,6,8,16,6,0,0,0,3,5,7,70.0,0.0,0,0,0,57,57,0,0.24,0,16,,5
909958,Yorbe Vertessen,yorbe-vertessen,2952,PSV Eindhoven,6.95,27.8,4,1,0,1,1,0.22,2,36,12,48,75.0,11,26,16,2,4,50.0,1,0,0,0,0,1,33.33,5,1,3,9,50.0,1,33.33,10,47.62,158,20.0,0,0,0,0,0,0,1,0,3,2,0,0,1,0,0.0,0,0,0,3,26,3,0,0,82,4,2,1,0,1,0,1,0,0,,,,0,0,0,0,0,2,0,0,0,0,0,0,1,0,0,2,8,3,11,2,0,0,0,1,2,1,100.0,158.0,0,0,0,14,37,0,0.41,0,9,,5
928106,Ebrima Colley,colley-ebrima,2445,BSC Young Boys,6.95,13.9,2,1,0,0,0,0.06,1,19,14,33,57.58,2,17,11,0,1,50.0,3,1,1,0,0,0,0.0,6,1,3,4,33.33,0,0.0,4,30.77,127,16.67,0,0,0,0,0,0,1,0,3,3,0,1,0,1,50.0,0,0,0,2,27,4,0,0,62,0,2,0,0,3,0,2,0,0,,,,0,0,0,0,0,2,0,0,0,0,0,0,1,0,0,0,2,3,9,1,0,0,0,2,2,2,66.67,127.0,0,0,0,5,31,0,0.79,0,10,,2
870762,Arthur Cabral,arthur-cabral,3006,Benfica,6.95,27.8,4,1,0,0,0,0.19,1,20,7,27,74.07,7,14,8,2,1,100.0,3,0,0,0,0,1,100.0,3,1,2,4,80.0,5,41.67,9,52.94,125,33.33,0,0,0,0,0,0,1,0,3,0,0,0,1,2,100.0,2,0,0,1,14,0,1,1,46,0,0,0,0,0,1,0,0,0,,,,0,0,0,0,0,4,0,0,0,0,0,0,1,0,0,2,1,1,8,7,0,0,0,2,4,2,66.67,125.0,0,0,0,11,17,0,0.68,0,4,,4
1048889,Andy Diouf,andy-diouf,1648,RC Lens,6.95,13.9,2,0,1,0,0,0.27,0,14,6,20,70.0,8,9,4,2,2,66.67,1,0,0,0,0,3,100.0,0,0,0,3,60.0,0,0.0,3,60.0,36,0.0,0,0,0,0,0,0,0,0,0,0,0,0,0,0,0.0,1,0,0,0,7,0,0,0,29,0,1,0,0,0,0,0,0,0,,,,0,0,0,0,0,0,0,0,0,0,0,0,0,0,0,2,3,3,2,0,0,0,0,1,0,1,100.0,0.0,0,0,0,13,10,0,,0,6,,2
831038,Cristián Borja,cristian-borja,2999,Sporting Braga,6.95,41.7,6,0,1,0,0,0.61,0,239,27,266,89.85,95,149,86,7,2,50.0,13,3,1,0,0,5,29.41,0,0,0,21,65.63,3,33.33,24,58.54,519,0.0,0,0,1,0,0,0,0,0,0,0,0,0,0,7,50.0,9,0,0,4,56,1,11,6,392,6,3,0,0,2,1,0,0,0,,,,0,0,0,0,0,10,1,0,0,0,0,0,6,0,0,7,4,17,17,6,0,0,0,14,11,7,53.85,0.0,0,0,0,105,178,0,,0,28,,6
925097,Ronald Araújo,ronald-araujo,2817,FC Barcelona,6.95,55.6,8,0,0,1,0,0.26,0,370,57,427,86.65,240,130,46,6,2,100.0,12,8,2,1,1,0,0.0,6,1,1,17,62.96,13,72.22,30,66.67,659,0.0,0,0,0,0,1,0,0,0,3,3,0,0,0,24,48.98,18,0,0,4,68,3,39,19,518,3,5,0,0,1,0,4,0,0,,,,1,0,0,0,0,7,0,0,0,0,0,0,8,0,0,6,2,0,15,5,0,0,0,49,7,10,83.33,0.0,0,0,0,262,165,1,0.9,6,28,,8
136710,Mateo Kovačić,mateo-kovacic,17,Manchester City,6.95,41.7,6,0,0,0,0,0.56,0,324,27,351,92.31,126,198,93,6,4,50.0,7,5,0,0,0,0,0.0,6,0,1,22,62.86,1,25.0,23,58.97,434,0.0,0,0,0,0,0,0,0,0,4,2,0,0,0,1,16.67,3,0,0,3,39,3,6,2,411,11,1,0,0,6,1,5,0,0,,,,0,0,0,0,0,3,2,0,0,0,0,0,5,0,0,6,8,0,16,3,0,0,0,6,5,2,28.57,0.0,0,0,0,132,219,0,0.41,0,16,,6
847990,Liam Scales,liam-scales,2352,Celtic,6.95,41.7,6,0,1,0,0,0.18,0,519,62,581,89.33,410,109,31,3,1,100.0,8,0,0,0,0,0,0.0,2,0,2,14,70.0,15,71.43,29,70.73,540,0.0,0,0,1,0,0,0,0,0,2,0,0,0,0,22,50.0,28,0,0,0,66,0,28,11,645,5,4,0,0,2,0,0,0,0,,,,0,0,0,0,0,12,3,0,0,0,0,0,6,0,0,3,1,2,12,6,0,0,0,44,15,5,62.5,0.0,0,0,0,450,133,1,0.12,0,37,,6
311696,Guélor Kanga,guelor-kanga,5149,FK Crvena zvezda,6.95,13.9,2,0,0,0,0,0.12,0,73,16,89,82.02,34,40,18,0,1,100.0,4,0,0,0,0,1,14.29,3,1,2,12,50.0,2,100.0,14,53.85,148,0.0,0,0,0,0,0,0,0,0,0,3,0,0,0,9,50.0,0,0,0,2,27,2,17,6,124,8,4,0,0,6,0,0,0,0,,,,0,0,0,0,0,3,0,0,0,0,0,0,2,0,0,0,1,7,12,0,0,0,0,18,3,2,50.0,0.0,0,0,0,39,57,0,0.05,0,9,,3
132874,Jorginho,jorginho,42,Arsenal,6.94,62.5,9,1,0,0,0,0.44,1,301,38,339,88.79,142,159,58,6,0,0.0,16,9,1,0,0,0,0.0,2,1,1,26,57.78,6,54.55,32,57.14,531,50.0,1,1,0,0,0,0,1,0,1,1,0,0,1,13,61.9,4,0,0,5,51,1,24,15,414,11,11,0,0,4,0,0,1,0,,,,0,0,0,0,0,5,1,0,0,0,0,0,6,100,0,5,0,1,24,5,0,0,0,21,6,8,50.0,531.0,0,0,0,155,185,0,0.81,0,22,,9
1142588,Pablo Barrios,pablo-barrios,2836,Atlético Madrid,6.94,48.6,7,1,1,0,1,0.28,2,156,20,176,88.64,63,96,35,4,4,57.14,5,7,0,0,0,3,75.0,4,2,0,11,47.83,3,60.0,14,50.0,258,25.0,0,0,0,0,0,0,0,1,1,3,0,0,1,10,83.33,4,0,0,3,35,2,15,10,231,2,2,0,0,4,0,2,0,0,,,,0,0,0,0,0,5,0,0,0,0,0,0,2,0,0,4,7,4,14,2,0,0,0,12,5,5,100.0,258.0,0,0,0,73,107,0,0.32,0,18,,7
284361,Federico Dimarco,federico-dimarco,2697,Inter,6.94,48.6,7,1,1,0,0,0.48,1,138,35,173,79.77,78,69,33,4,1,25.0,0,3,0,0,0,9,32.14,6,3,2,6,37.5,1,25.0,7,35.0,372,16.67,0,0,0,0,1,0,1,0,4,2,0,0,1,13,76.47,3,0,0,0,63,2,19,13,257,5,2,0,0,5,1,1,0,0,,,,0,0,0,0,0,1,0,0,0,0,0,0,4,0,0,4,4,28,13,3,0,0,0,17,1,0,0.0,372.0,0,0,0,89,112,0,0.47,0,24,,7
325355,José María Giménez,jose-maria-gimenez,2836,Atlético Madrid,6.94,48.6,7,0,2,0,1,0.56,1,224,30,254,88.19,183,41,9,2,0,0.0,1,5,2,0,0,0,0.0,3,1,1,2,18.18,13,41.94,15,35.71,482,0.0,0,0,0,0,0,0,0,0,3,0,0,0,0,26,65.0,32,0,0,0,32,0,18,14,312,2,7,1,0,3,0,1,0,0,,,,0,0,0,0,0,7,0,0,0,0,0,0,6,0,0,2,0,0,27,18,0,0,0,40,7,1,100.0,0.0,0,0,0,198,56,0,0.16,3,18,,7
164171,Kevin Behrens,kevin-behrens,2547,1. FC Union Berlin,6.94,34.7,5,0,0,1,0,0.09,0,40,22,62,64.52,18,23,13,1,1,100.0,3,1,0,0,0,1,33.33,6,2,3,12,66.67,10,45.45,22,55.0,301,0.0,0,0,0,0,0,0,0,0,6,0,0,0,0,1,50.0,8,0,0,4,34,5,3,1,117,8,2,0,0,1,5,1,0,0,,,,0,0,0,0,0,5,1,0,0,0,0,0,4,0,0,1,1,3,18,12,0,0,0,2,6,2,66.67,0.0,0,0,0,21,44,0,0.93,0,11,,5
1014286,Malick Thiaw,malick-thiaw,2692,AC Milan,6.94,34.7,5,0,0,0,0,0.03,0,146,15,161,90.68,98,48,17,0,0,0.0,8,4,1,0,0,0,0.0,2,0,2,8,44.44,7,41.18,15,42.86,368,0.0,0,0,0,0,0,0,0,0,2,0,0,0,0,16,66.67,19,0,0,1,20,1,17,9,214,0,8,0,0,1,0,0,0,0,,,,2,0,0,0,0,3,0,0,0,0,0,0,5,0,0,0,0,0,20,10,0,0,0,24,3,3,37.5,0.0,0,0,0,105,56,0,0.1,4,11,,5
843115,Diogo Costa,diogo-costa,3002,FC Porto,6.94,55.5,8,0,0,0,0,0.01,0,248,89,337,73.59,231,17,8,0,0,0.0,0,0,0,0,0,0,0.0,0,0,0,0,0.0,3,100.0,3,100.0,750,0.0,0,0,0,0,0,0,0,0,0,0,0,0,0,69,45.39,9,0,1,0,90,0,53,29,413,0,0,0,0,0,0,0,0,20,,,,2,0,0,15,5,9,0,3,7,7,7,0,8,0,0,0,0,0,0,0,0,0,0,152,9,0,0.0,0.0,0,0,1,252,85,0,,52,63,,8
807771,Dávid Hancko,david-hancko,2959,Feyenoord,6.93,41.6,6,1,0,1,0,0.09,1,513,48,561,91.44,375,138,50,1,2,66.67,3,5,0,0,0,0,0.0,7,2,2,7,77.78,4,57.14,11,68.75,540,14.29,0,0,0,0,1,0,1,0,5,2,0,1,0,16,36.36,11,0,0,1,53,2,36,16,607,2,1,0,0,0,0,3,0,0,,,,1,0,0,0,0,10,0,0,0,0,0,0,6,0,0,1,3,0,5,3,0,0,0,44,10,2,66.67,540.0,0,0,0,394,167,0,1.3,15,46,,6
45604,Taras Stepanenko,taras-stepanenko,3313,Shakhtar Donetsk,6.93,41.6,6,0,0,0,1,0.12,1,194,33,227,85.46,114,80,33,2,0,0.0,14,6,1,0,0,0,0.0,7,3,2,18,78.26,6,60.0,24,72.73,497,0.0,0,0,0,1,0,0,0,0,3,4,0,0,0,6,31.58,19,0,0,0,44,3,20,10,299,4,5,1,0,1,0,2,0,0,,,,1,0,0,0,0,9,3,0,0,0,0,0,6,0,0,2,0,2,9,4,0,0,0,19,12,7,50.0,0.0,0,0,0,126,103,0,0.46,0,23,,6
606530,Birger Meling,birger-meling,1284,FC København,6.93,20.8,3,0,1,0,1,0.2,1,65,18,83,78.31,39,29,18,3,3,75.0,7,0,2,0,0,3,60.0,1,0,1,14,60.87,3,100.0,17,65.38,192,0.0,0,0,0,0,0,0,0,0,0,1,0,0,0,6,60.0,5,0,0,2,28,2,8,5,142,4,4,0,0,3,0,0,0,0,,,,0,0,0,0,0,4,0,0,0,0,0,0,2,0,0,3,4,5,9,0,0,0,0,10,4,5,71.43,0.0,0,0,0,49,39,0,0.05,0,9,,3
369650,Jonathan Gradit,jonathan-gradit,1648,RC Lens,6.93,41.6,6,0,0,0,0,0.06,0,205,54,259,79.15,112,93,28,2,3,60.0,18,8,1,0,0,0,0.0,0,0,0,28,68.29,19,76.0,47,71.21,511,0.0,0,0,0,0,0,0,0,0,0,0,0,0,0,17,56.67,15,0,0,0,59,1,29,17,337,7,7,0,0,4,0,0,0,0,,,,0,0,0,0,0,9,1,0,0,0,0,0,6,0,0,2,5,1,19,6,0,0,0,30,10,12,66.67,0.0,0,0,0,139,121,0,,5,31,,6
893549,Tijjani Reijnders,tijjani-reijnders,2692,AC Milan,6.93,41.6,6,0,0,0,0,0.46,0,179,21,200,89.5,79,104,52,6,9,81.82,11,5,1,0,0,4,57.14,6,1,3,23,56.1,0,0.0,23,53.49,479,0.0,0,0,0,0,0,0,0,0,4,2,0,0,0,6,60.0,3,0,0,5,37,1,4,0,276,3,6,0,0,5,0,2,0,0,,,,1,0,0,0,0,7,1,0,0,0,0,0,5,0,0,6,11,7,20,2,0,0,0,10,8,4,36.36,0.0,0,0,0,84,123,0,0.34,0,19,,6
5543,Andreas Ulmer,andreas-ulmer,2046,Red Bull Salzburg,6.93,20.8,3,0,0,0,0,0.16,0,54,17,71,76.06,24,32,19,3,0,0.0,7,1,0,0,0,2,33.33,1,0,0,9,52.94,1,33.33,10,50.0,219,0.0,0,0,0,0,0,0,0,0,1,0,0,0,0,2,25.0,5,0,0,1,26,1,7,2,127,2,5,0,0,1,0,1,0,0,,,,0,0,0,0,0,2,0,0,0,0,0,0,3,0,0,3,1,6,10,2,0,0,0,8,2,5,71.43,0.0,0,0,0,27,50,0,0.06,0,7,,3
851100,Jadon Sancho,jadon-sancho,2673,Borussia Dortmund,6.93,48.5,7,1,2,0,0,1.11,1,202,44,246,82.11,67,140,78,9,26,49.06,9,2,0,0,0,5,31.25,3,1,1,37,45.12,0,0.0,37,43.02,563,33.33,0,0,0,0,0,0,0,1,2,1,0,0,1,5,71.43,2,0,0,14,118,4,7,4,404,2,2,0,0,2,2,1,0,0,,,,1,0,0,0,0,7,0,0,0,0,0,0,7,0,0,9,53,16,49,4,0,0,0,7,7,7,77.78,563.0,0,0,0,75,187,1,0.17,0,40,,7
37092,Marco Reus,marco-reus,2673,Borussia Dortmund,6.93,83.1,12,2,2,0,1,0.64,3,127,30,157,80.89,43,87,45,8,3,75.0,12,3,0,0,0,3,25.0,10,4,4,20,55.56,2,50.0,22,55.0,496,20.0,1,1,0,0,1,0,2,0,6,4,0,0,2,2,20.0,8,0,0,5,60,4,6,3,259,5,4,0,0,7,1,2,0,0,,,,0,0,0,0,0,5,0,0,0,0,0,0,5,100,0,8,4,12,18,2,0,0,0,10,5,4,33.33,248.0,0,0,0,50,119,0,2.02,0,21,,13
822470,Samuel Chukwueze,samuel-chukwueze,2692,AC Milan,6.93,27.7,4,2,1,2,0,0.34,2,38,10,48,79.17,12,27,17,4,5,38.46,2,0,0,0,0,1,33.33,9,4,3,9,33.33,1,50.0,10,34.48,171,22.22,0,0,0,0,0,0,2,0,8,1,0,2,0,3,75.0,1,0,0,5,34,1,1,0,104,2,3,0,0,2,2,2,0,0,,,,0,0,0,0,0,2,1,0,0,0,0,0,2,0,0,4,13,3,19,1,0,0,0,4,3,2,100.0,85.5,0,0,0,15,36,0,0.94,0,6,,4
902031,João Mário,joao-mario,3002,FC Porto,6.93,55.4,8,0,1,0,1,1.0,1,168,42,210,80.0,75,99,46,10,16,61.54,21,2,2,0,0,6,37.5,1,0,1,51,59.3,4,40.0,55,57.29,595,0.0,0,0,0,0,0,0,0,0,0,1,0,0,0,10,45.45,10,0,0,7,81,0,23,12,386,14,6,0,0,12,0,0,0,0,,,,2,0,0,0,0,7,0,0,0,0,0,0,7,0,0,10,26,16,41,6,0,0,0,22,7,15,71.43,0.0,0,0,0,93,133,0,0.06,0,28,,8
866191,Sean Longstaff,sean-longstaff,39,Newcastle United,6.92,34.6,5,1,0,0,0,0.15,1,113,24,137,82.48,64,50,21,3,3,100.0,7,2,0,0,0,1,25.0,2,2,0,13,56.52,2,100.0,15,60.0,354,50.0,0,0,0,0,0,0,1,0,1,1,0,0,1,2,40.0,2,0,0,1,37,4,6,2,187,4,6,0,0,3,0,0,0,0,,,,1,0,0,0,0,5,0,0,0,0,0,0,4,0,0,3,3,4,10,0,0,0,0,5,5,3,42.86,354.0,0,0,0,73,68,0,0.13,0,26,,5
35612,Axel Witsel,axel-witsel,2836,Atlético Madrid,6.92,69.2,10,0,0,0,0,0.1,0,536,27,563,95.2,354,182,52,1,1,33.33,7,11,0,0,0,0,0.0,3,2,1,11,52.38,10,47.62,21,50.0,887,0.0,0,0,0,0,0,0,0,0,2,1,0,0,0,25,73.53,25,0,0,1,32,2,19,12,650,3,8,0,0,1,1,0,0,0,,,,1,0,0,0,0,12,0,0,0,0,0,0,10,0,0,1,3,0,21,11,0,0,0,34,12,4,57.14,0.0,0,0,0,368,195,0,0.18,2,46,,10
846470,Youssef En-Nesyri,youssef-en-nesyri,2833,Sevilla,6.92,41.5,6,2,0,2,0,0.04,2,43,23,66,65.15,25,18,12,0,1,12.5,5,3,0,0,0,0,0.0,10,5,5,15,51.72,16,39.02,31,44.29,514,20.0,0,0,1,0,0,0,2,0,10,0,1,1,0,1,100.0,2,0,0,5,48,4,2,2,136,10,4,2,0,0,4,0,0,0,,,,0,0,0,0,0,9,1,0,0,0,0,0,6,0,0,0,8,0,39,25,0,0,0,1,10,2,40.0,257.0,0,0,0,30,36,0,1.82,0,8,,6
377118,Robin Gosens,robin-gosens,2547,1. FC Union Berlin,6.92,41.5,6,1,1,0,0,0.38,1,111,38,149,74.5,61,52,29,1,1,33.33,6,3,1,0,0,2,15.38,5,1,4,9,39.13,11,78.57,20,54.05,441,20.0,0,0,0,0,0,0,1,0,5,0,0,1,0,2,33.33,8,0,0,1,58,3,13,6,236,2,8,0,0,4,0,0,0,0,,,,0,0,0,0,0,6,1,0,0,0,0,0,5,0,0,1,3,13,17,3,0,0,0,6,7,3,50.0,441.0,0,0,0,76,86,0,0.4,0,25,,6
227864,Alessio Romagnoli,alessio-romagnoli,2699,Lazio,6.92,41.5,6,0,1,1,1,0.04,1,332,32,364,91.21,237,95,13,2,0,0.0,7,2,2,0,0,0,0.0,5,1,3,11,57.89,8,53.33,19,55.88,540,0.0,0,0,0,0,0,0,0,0,5,0,0,0,0,10,37.04,20,0,0,1,33,0,14,5,417,5,8,0,0,1,0,1,0,0,,,,2,0,0,0,0,7,1,0,0,0,0,0,6,0,0,2,0,0,15,7,0,0,0,27,8,4,57.14,0.0,0,0,0,250,114,0,0.74,13,33,,6
558320,Ulisses Garcia,ulisses-garcia,2445,BSC Young Boys,6.92,41.5,6,0,3,0,0,1.15,0,200,57,257,77.82,100,113,55,8,11,55.0,14,4,1,0,0,13,34.21,8,2,4,28,45.9,5,55.56,33,47.14,505,0.0,0,0,0,0,0,0,0,0,3,5,0,0,0,13,43.33,4,0,0,10,120,4,22,5,449,3,6,0,0,8,1,2,0,0,,,,1,0,0,0,0,9,2,0,0,0,0,0,6,0,0,8,20,38,37,4,0,0,0,30,11,9,64.29,0.0,0,0,0,115,180,0,0.37,0,44,,6
148155,André Ramalho,andre-ramalho,2952,PSV Eindhoven,6.92,41.5,6,0,0,0,0,0.03,0,258,32,290,88.97,204,54,9,1,0,0.0,8,4,2,0,0,0,0.0,3,0,3,11,64.71,13,56.52,24,60.0,424,0.0,0,0,0,0,0,0,0,0,3,0,0,0,0,12,42.86,14,0,0,0,36,0,19,8,342,3,6,0,0,0,1,0,0,0,,,,1,0,0,0,0,5,0,0,0,0,0,0,5,0,0,1,0,0,16,10,0,0,0,28,5,5,62.5,0.0,0,0,0,218,72,0,0.21,0,18,,6
823622,Mikel Oyarzabal,mikel-oyarzabal,2824,Real Sociedad,6.91,48.4,7,2,1,4,0,0.24,2,119,25,144,82.64,43,78,37,8,2,20.0,8,0,0,0,0,2,66.67,10,9,1,14,34.15,6,37.5,20,35.09,588,20.0,0,0,1,0,0,0,2,0,10,0,0,2,0,4,66.67,0,0,0,10,54,9,5,3,211,4,8,0,0,3,4,0,0,0,,,,2,0,0,0,0,3,0,0,0,0,0,0,7,0,0,8,10,3,37,10,0,0,0,6,3,5,62.5,294.0,0,0,0,53,94,0,1.99,0,28,,7
844234,Jerdy Schouten,jerdy-schouten,2952,PSV Eindhoven,6.91,48.4,7,0,0,0,0,0.28,0,332,34,366,90.71,175,157,59,8,6,54.55,13,5,1,0,0,0,0.0,0,0,0,25,58.14,11,52.38,36,56.25,622,0.0,0,0,0,0,0,0,0,0,0,0,0,0,0,13,81.25,7,0,0,5,51,5,11,5,446,6,5,0,0,3,0,0,0,0,,,,1,0,0,0,0,9,3,0,0,0,0,0,7,0,0,8,11,0,28,10,0,0,0,16,12,9,69.23,0.0,0,0,0,186,180,0,,0,48,,7
826188,Alessandro Bastoni,alessandro-bastoni,2697,Inter,6.91,48.4,7,0,1,1,0,0.5,0,318,48,366,86.89,223,99,44,6,3,60.0,5,6,0,0,0,4,33.33,3,0,2,14,53.85,9,75.0,23,60.53,501,0.0,0,0,0,0,0,0,0,0,2,1,0,0,0,27,50.0,14,1,0,0,69,1,40,20,465,6,8,0,0,2,0,1,0,0,,,,3,0,0,0,0,2,1,0,0,0,0,0,6,0,0,6,5,12,15,3,0,0,0,54,3,1,20.0,0.0,0,0,0,243,135,0,0.31,2,32,,7
843665,Alphonso Davies,alphonso-davies,2672,FC Bayern München,6.91,62.2,9,1,0,0,0,0.27,1,360,53,413,87.17,198,163,79,7,20,64.52,14,5,3,0,0,1,25.0,4,1,1,47,55.95,3,37.5,50,54.35,704,25.0,0,0,0,0,0,0,1,0,4,0,0,0,1,12,63.16,8,0,0,10,107,1,10,4,611,13,7,0,0,9,3,2,0,0,,,,1,0,0,0,0,10,0,0,0,0,0,0,7,0,0,7,31,4,42,5,0,0,0,19,10,9,64.29,704.0,0,0,0,222,195,0,0.23,0,49,,10
353130,Mario Hermoso,mario-hermoso,2836,Atlético Madrid,6.91,62.2,9,1,1,0,0,0.39,1,574,88,662,86.71,330,247,90,2,6,66.67,7,6,3,0,0,3,17.65,4,1,3,16,41.03,7,53.85,23,44.23,818,25.0,0,0,0,0,0,0,1,0,2,2,0,1,0,35,49.3,22,0,1,1,117,1,77,43,816,3,10,0,1,9,0,0,0,0,,,,2,0,0,0,0,11,0,0,0,0,0,0,9,0,0,2,9,17,29,6,0,0,0,71,11,6,85.71,818.0,0,0,0,367,312,1,0.1,0,43,,9
125407,Álvaro Morata,alvaro-morata,2836,Atlético Madrid,6.91,69.1,10,5,0,7,1,0.21,6,114,40,154,74.03,45,70,35,3,3,25.0,5,0,2,0,0,1,33.33,25,10,7,14,31.11,12,38.71,26,34.21,667,20.0,0,0,0,0,0,0,4,1,22,3,1,3,1,5,45.45,9,0,0,9,75,6,9,1,259,6,15,1,0,2,3,8,0,0,,,,1,0,0,0,0,9,0,0,0,0,0,0,8,0,0,3,12,3,50,19,0,0,0,11,9,3,60.0,133.4,0,0,0,60,97,1,4.6,0,20,,10
34120,Alexis Sánchez,alexis-sanchez,2697,Inter,6.9,48.3,7,2,0,0,0,0.6,2,67,22,89,75.28,25,47,28,10,2,66.67,5,2,0,0,0,5,35.71,3,3,0,16,55.17,5,33.33,21,47.73,334,66.67,1,1,0,0,1,0,2,0,2,1,0,0,2,4,57.14,0,0,0,10,55,1,16,9,160,10,2,0,0,2,3,0,0,0,,,,0,0,0,0,0,4,0,0,0,0,0,0,4,100,0,10,3,14,23,10,0,0,0,7,4,4,80.0,167.0,0,0,0,29,74,0,1.25,0,7,,8
1414933,Marc Guiu,guiu-marc,2817,FC Barcelona,6.9,13.8,2,1,0,0,0,0.0,1,1,2,3,33.33,1,0,0,0,0,0.0,1,0,0,0,0,0,0.0,2,1,0,2,50.0,0,0.0,2,40.0,33,50.0,0,0,0,0,0,0,1,0,2,0,1,0,0,0,0.0,3,0,0,2,5,0,0,0,16,1,0,0,0,0,0,1,0,0,,,,0,0,0,0,0,1,0,0,0,0,0,0,0,0,0,0,0,0,3,1,0,0,0,0,1,0,0.0,33.0,0,0,0,2,1,0,0.37,0,0,,2
1390545,Eguinaldo,eguinaldo,3313,Shakhtar Donetsk,6.9,13.8,2,1,0,0,0,0.0,1,0,3,3,0.0,0,0,0,0,0,0.0,1,0,0,0,0,0,0.0,2,1,0,1,33.33,0,0.0,1,33.33,19,50.0,0,0,0,0,0,0,1,0,1,1,0,0,1,0,0.0,0,0,0,0,6,0,0,0,10,0,0,0,0,1,0,1,0,0,,,,0,0,0,0,0,0,0,0,0,0,0,0,0,0,0,0,1,1,2,0,0,0,0,0,0,1,100.0,19.0,0,0,0,0,4,0,0.12,0,0,,3
804434,Takehiro Tomiyasu,takehiro-tomiyasu,42,Arsenal,6.9,41.4,6,0,1,1,2,0.55,2,178,31,209,85.17,65,114,62,6,2,66.67,4,2,0,0,0,1,33.33,2,1,1,8,44.44,3,37.5,11,42.31,388,0.0,0,0,0,0,0,0,0,0,2,0,0,0,0,6,54.55,4,0,0,2,49,1,17,10,282,2,4,0,0,3,0,0,0,0,,,,0,0,0,0,0,4,0,0,0,0,0,0,5,0,0,6,3,3,15,5,0,0,0,11,4,3,75.0,0.0,0,0,0,73,139,0,0.33,0,14,,6
152276,Felipe Anderson,felipe-anderson,2699,Lazio,6.9,55.2,8,0,2,2,1,0.96,1,186,46,232,80.17,69,119,56,11,13,54.17,17,12,0,0,0,2,25.0,9,1,3,39,51.32,1,25.0,40,50.0,546,0.0,0,0,0,0,0,0,0,0,7,2,0,0,0,2,28.57,5,0,0,5,84,4,15,8,358,9,5,0,0,16,0,5,0,0,,,,2,0,0,0,0,6,1,0,0,0,0,0,7,0,0,11,24,8,40,3,0,0,0,7,7,7,41.18,0.0,0,0,0,87,153,0,0.65,0,30,,8
846036,Ben White,ben-white,42,Arsenal,6.9,69.0,10,0,1,1,1,0.83,1,388,57,445,87.19,188,201,99,3,3,75.0,9,9,2,0,0,1,16.67,8,1,7,15,39.47,9,69.23,24,47.06,752,0.0,0,0,0,0,0,0,0,0,4,4,0,0,0,6,30.0,8,0,0,4,87,0,21,6,601,3,9,0,0,10,1,0,0,0,,,,3,0,0,0,0,4,1,0,0,0,0,0,7,0,0,3,4,6,27,4,0,0,0,20,5,5,55.56,0.0,0,0,0,198,253,0,0.57,0,25,,10
852404,Mattéo Guendouzi,matteo-guendouzi,2699,Lazio,6.9,55.2,8,0,2,0,1,0.91,1,192,29,221,86.88,94,99,55,4,5,55.56,6,5,2,0,0,1,16.67,6,1,3,20,58.82,3,27.27,23,51.11,492,0.0,0,0,0,0,0,0,0,0,3,3,0,0,0,8,53.33,6,0,0,3,47,0,16,7,293,10,4,0,0,3,0,2,0,0,,,,2,0,0,0,0,6,0,0,0,0,0,0,4,0,0,4,9,6,22,8,0,0,0,15,6,6,100.0,0.0,0,0,0,100,127,0,0.53,0,24,,8
66492,David Alaba,david-alaba,2829,Real Madrid,6.9,20.7,3,0,1,0,1,0.36,1,181,17,198,91.41,119,65,24,2,1,25.0,1,3,1,0,0,3,42.86,4,0,4,2,33.33,2,66.67,4,44.44,251,0.0,0,0,0,0,1,0,0,0,3,1,0,0,0,3,27.27,9,1,0,0,27,0,7,2,239,0,1,0,0,0,0,0,0,0,,,,1,0,0,0,0,3,0,0,0,0,0,0,3,0,0,2,4,7,5,1,0,0,0,11,3,1,100.0,0.0,0,0,0,122,83,0,0.38,0,7,,3
228364,Fredrik Aursnes,fredrik-aursnes,3006,Benfica,6.9,41.4,6,0,1,0,1,1.18,1,226,59,285,79.3,110,117,60,6,1,25.0,13,3,0,0,0,1,11.11,2,2,0,16,51.61,3,30.0,19,46.34,540,0.0,0,0,0,0,0,0,0,0,2,0,0,0,0,15,40.54,11,0,0,3,83,6,28,11,390,2,4,0,0,6,0,0,0,0,,,,0,0,0,0,0,10,1,0,0,0,0,0,6,0,0,6,4,9,22,7,0,0,0,37,11,8,61.54,0.0,0,0,0,124,170,0,0.07,0,45,,6
158233,Bouna Sarr,bouna-sarr,2672,FC Bayern München,6.9,6.9,1,0,0,0,0,0.0,0,7,0,7,100.0,4,3,1,0,0,0.0,0,1,0,0,0,0,0.0,0,0,0,0,0.0,0,0.0,0,0.0,12,0.0,0,0,0,0,0,0,0,0,0,0,0,0,0,1,100.0,0,0,0,0,0,1,0,0,8,0,0,0,0,0,0,0,0,0,,,,0,0,0,0,0,0,0,0,0,0,0,0,0,0,0,0,0,0,0,0,0,0,0,1,0,0,0.0,0.0,0,0,0,4,3,0,,0,2,,1
176301,Marco Sportiello,marco-sportiello,2692,AC Milan,6.9,6.9,1,0,0,0,0,0.0,0,4,1,5,80.0,2,2,0,0,0,0.0,0,0,0,0,0,0,0.0,0,0,0,0,0.0,0,0.0,0,0.0,9,0.0,0,0,0,0,0,0,0,0,0,0,0,0,0,2,66.67,1,0,0,0,1,0,2,2,9,0,0,0,0,0,0,0,0,1,,,,0,0,0,0,1,0,0,0,0,0,0,0,0,0,0,0,0,0,0,0,0,0,0,3,0,0,0.0,0.0,0,0,1,3,2,0,,2,2,,1
366592,Kieran Tierney,kieran-tierney,2824,Real Sociedad,6.9,13.8,2,0,0,0,0,0.0,0,23,5,28,82.14,12,11,5,1,0,0.0,2,2,0,0,0,0,0.0,2,0,0,3,100.0,1,33.33,4,66.67,72,0.0,0,0,0,0,0,0,0,0,1,1,0,0,0,0,0.0,2,0,0,0,11,1,2,0,49,1,0,0,0,0,0,2,0,0,,,,0,0,0,0,0,0,0,0,0,0,0,0,1,0,0,1,0,0,2,2,0,0,0,3,0,2,100.0,0.0,0,0,0,12,16,0,,0,4,,2
795222,Frenkie de Jong,frenkie-de-jong,2817,FC Barcelona,6.9,34.5,5,0,0,0,0,0.17,0,243,23,266,91.35,121,122,66,2,4,66.67,9,3,2,0,0,0,0.0,0,0,0,20,60.61,3,75.0,23,62.16,395,0.0,0,0,0,0,0,0,0,0,0,0,0,0,0,15,83.33,5,0,0,3,32,1,15,7,310,8,5,0,0,3,0,0,0,0,,,,0,0,0,0,0,6,1,0,0,0,0,0,5,0,0,2,6,1,14,1,0,0,0,18,7,3,33.33,0.0,0,0,0,129,138,0,,0,18,,5
37313,Aleksandar Dragović,aleksandar-dragovic,5149,FK Crvena zvezda,6.9,41.4,6,0,0,1,0,0.13,0,231,25,256,90.23,170,61,23,2,0,0.0,6,6,1,0,0,0,0.0,2,1,0,8,53.33,10,52.63,18,52.94,540,0.0,0,0,0,0,0,0,0,0,1,1,0,0,0,18,58.06,34,0,0,1,31,2,17,11,337,2,1,0,0,5,0,1,0,0,,,,0,0,0,0,0,13,2,0,0,0,0,0,6,0,0,2,0,1,16,9,0,0,0,31,15,2,33.33,0.0,0,0,0,185,72,0,0.62,8,28,,6
190159,André Silva,andre-silva,2824,Real Sociedad,6.9,13.8,2,0,0,0,0,0.02,0,20,7,27,74.07,7,13,10,2,2,50.0,2,0,0,0,0,0,0.0,4,1,2,5,41.67,2,40.0,7,41.18,92,0.0,0,0,0,0,0,0,0,0,3,1,0,0,0,0,0.0,1,0,0,3,16,4,0,0,52,1,3,0,0,0,0,1,0,0,,,,0,0,0,0,0,2,0,0,0,0,0,0,1,0,0,2,4,0,10,3,0,0,0,1,2,1,50.0,0.0,0,0,0,8,19,0,0.25,0,5,,2
97046,Callum McGregor,callum-mcgregor,2352,Celtic,6.9,41.4,6,0,1,0,0,0.29,0,295,35,330,89.39,153,142,48,2,2,66.67,4,6,1,0,0,0,0.0,4,2,1,8,38.1,0,0.0,8,32.0,521,0.0,0,0,0,0,0,0,0,0,1,3,0,0,0,6,37.5,17,0,0,5,51,3,7,3,406,2,3,1,0,5,0,1,0,0,,,,0,0,0,0,0,11,2,0,0,0,0,0,6,0,0,2,3,2,17,4,0,0,0,16,13,4,100.0,0.0,0,0,0,165,167,0,0.24,0,28,,6
896569,Kim Min-jae,kim-min-jae,2672,FC Bayern München,6.9,62.1,9,0,0,0,0,0.1,0,559,42,601,93.01,407,152,41,2,0,0.0,10,17,1,0,0,0,0.0,2,0,1,11,52.38,12,41.38,23,46.0,658,0.0,0,0,0,1,0,0,0,0,2,0,0,0,0,24,54.55,23,0,0,0,51,1,23,15,691,1,6,0,0,4,0,1,0,0,,,,1,0,0,0,0,11,0,0,0,0,0,0,7,0,0,2,0,0,27,17,0,0,0,44,11,5,50.0,0.0,0,0,0,427,174,1,0.13,13,47,,9
891153,Reo Hatate,reo-hatate,2352,Celtic,6.9,13.8,2,0,0,0,0,0.22,0,50,19,69,72.46,19,31,12,3,0,0.0,0,0,0,0,0,0,0.0,3,2,0,2,33.33,0,0.0,2,33.33,137,0.0,0,0,0,0,0,0,0,0,0,3,0,0,0,2,66.67,1,0,0,2,23,2,4,2,84,2,0,0,0,2,1,1,0,0,,,,0,0,0,0,0,1,1,0,0,0,0,0,3,0,0,3,0,0,4,0,0,0,0,3,2,0,0.0,0.0,0,0,0,22,47,0,0.13,0,6,,3
822708,Amadou Haidara,amadou-haidara,36360,RB Leipzig,6.9,34.5,5,0,1,0,0,0.31,0,129,18,147,87.76,50,80,40,5,0,0.0,7,2,0,0,0,1,100.0,4,1,3,9,40.91,3,50.0,12,42.86,269,0.0,0,0,0,0,0,0,0,0,1,3,0,0,0,8,61.54,3,0,0,1,23,2,15,14,185,2,7,0,0,5,0,0,0,0,,,,0,0,0,0,0,5,0,0,0,0,0,0,3,0,0,5,0,1,16,3,0,0,0,13,5,3,42.86,0.0,0,0,0,58,90,0,0.11,0,19,,5
825838,Armando Obispo,armando-obispo,2952,PSV Eindhoven,6.9,6.9,1,0,0,0,0,0.01,0,60,9,69,86.96,39,21,10,0,0,0.0,0,2,0,0,0,0,0.0,1,0,1,1,33.33,2,100.0,3,60.0,91,0.0,0,0,0,0,0,0,0,0,1,0,0,0,0,5,45.45,1,0,0,0,9,0,8,6,75,1,0,0,0,2,0,0,0,0,,,,0,0,0,0,0,1,0,0,0,0,0,0,1,0,0,0,0,0,2,0,0,0,0,11,1,0,0.0,0.0,0,0,0,40,29,0,0.07,3,1,,2
16214,Fabian Lustenberger,fabian-lustenberger,2445,BSC Young Boys,6.9,6.9,1,0,0,0,0,0.01,0,50,8,58,86.21,31,19,2,0,1,100.0,2,3,0,0,0,0,0.0,1,0,1,3,60.0,0,0.0,3,50.0,90,0.0,0,0,0,0,0,0,0,0,1,0,0,0,0,10,62.5,2,0,0,0,9,1,8,7,71,0,2,0,0,0,0,0,0,0,,,,0,0,0,0,0,2,0,0,0,0,0,0,1,0,0,0,1,0,3,1,0,0,0,16,2,1,50.0,0.0,0,0,0,32,26,0,0.06,2,2,,1
847125,Mikey Johnston,mikey-johnston,2352,Celtic,6.9,13.8,2,0,0,0,0,0.06,0,25,5,30,83.33,8,18,12,3,3,37.5,3,1,0,0,0,1,50.0,2,1,0,7,46.67,0,0.0,7,43.75,97,0.0,0,0,0,0,0,0,0,0,0,2,0,0,0,1,50.0,0,0,0,2,18,2,1,0,63,1,0,0,0,1,0,1,0,0,,,,0,0,0,0,0,2,0,0,0,0,0,0,1,0,0,3,8,2,9,1,0,0,0,2,2,3,100.0,0.0,0,0,0,9,23,0,0.04,0,4,,2
906275,Yann Bisseck,yann-bisseck,2697,Inter,6.9,20.7,3,0,1,0,0,0.24,0,143,12,155,92.26,101,45,19,1,1,100.0,1,1,2,0,0,3,100.0,2,1,1,4,44.44,3,75.0,7,53.85,171,0.0,0,0,0,0,0,0,0,0,1,1,0,0,0,7,63.64,8,0,0,0,13,0,8,5,181,2,4,0,0,1,0,0,0,0,,,,0,0,0,0,0,4,0,0,0,0,0,0,2,0,0,1,1,3,6,1,0,0,0,11,4,0,0.0,0.0,0,0,0,106,52,0,0.04,0,6,,3
951986,Iván Jaime,ivan-jaime,3002,FC Porto,6.9,20.7,3,0,0,0,0,0.06,0,27,4,31,87.1,10,18,11,2,0,0.0,6,0,0,0,0,1,25.0,1,1,0,8,80.0,1,33.33,9,69.23,96,0.0,0,0,0,0,0,0,0,0,0,1,0,0,0,1,33.33,1,0,0,1,11,1,3,1,52,3,0,0,0,0,0,0,0,0,,,,0,0,0,0,0,1,0,0,0,0,0,0,1,0,0,2,1,4,4,2,0,0,0,3,1,3,50.0,0.0,0,0,0,10,25,0,0.03,0,1,,4
803028,Javairô Dilrosun,javairo-dilrosun,2959,Feyenoord,6.9,6.9,1,0,0,0,0,0.07,0,5,2,7,71.43,2,4,3,1,0,0.0,0,0,0,0,0,1,50.0,1,1,0,0,0.0,0,0.0,0,0.0,11,0.0,0,0,0,0,0,0,0,0,0,1,0,0,0,0,0.0,0,0,0,0,3,1,1,0,12,0,0,0,0,0,0,0,0,0,,,,0,0,0,0,0,1,0,0,0,0,0,0,0,0,0,1,0,2,1,1,0,0,0,0,1,0,0.0,0.0,0,0,0,2,7,0,0.03,0,1,,1
965893,Strahinja Pavlović,strahinja-pavlovic,2046,Red Bull Salzburg,6.9,41.4,6,0,0,0,0,0.08,0,257,58,315,81.59,195,62,26,2,4,100.0,12,5,2,0,0,0,0.0,1,0,1,20,58.82,16,57.14,36,58.06,494,0.0,0,0,1,0,0,0,0,0,1,0,0,0,0,21,46.67,26,0,1,2,66,1,36,13,396,5,7,0,0,5,0,0,0,0,,,,0,0,0,0,0,7,1,0,0,0,0,0,6,0,0,2,4,3,26,12,0,0,0,45,8,6,50.0,0.0,0,0,0,222,96,0,0.01,7,35,,6
791702,Marcus Thuram,marcus-thuram,2697,Inter,6.89,55.1,8,1,1,2,0,0.72,1,71,27,98,72.45,27,44,24,9,12,54.55,4,1,0,0,0,0,0.0,9,2,3,26,52.0,13,52.0,39,52.0,457,11.11,0,0,1,0,0,0,1,0,6,3,0,0,1,0,0.0,3,0,0,9,64,2,0,0,189,12,6,0,0,0,1,4,0,0,,,,1,0,0,0,0,2,0,0,0,0,0,0,5,0,0,9,22,2,36,12,0,0,0,1,2,3,75.0,457.0,0,0,0,36,64,0,1.48,0,23,,8
255239,Lucas Vázquez,lucas-vazquez,2829,Real Madrid,6.89,48.2,7,0,3,0,1,1.48,1,248,29,277,89.53,113,138,72,10,2,50.0,5,1,2,0,0,3,15.0,3,1,1,10,41.67,0,0.0,10,38.46,386,0.0,0,0,0,2,0,0,0,0,1,2,0,0,0,5,45.45,1,0,0,1,55,2,16,11,360,3,7,0,0,5,0,1,0,0,,,,1,0,0,0,0,3,1,0,0,0,0,0,4,0,0,10,4,20,16,2,0,0,0,11,4,5,100.0,0.0,0,0,0,126,171,0,0.13,0,22,,9
1155158,Oscar Gloukh,oscar-gloukh,2046,Red Bull Salzburg,6.88,41.3,6,2,1,0,1,1.12,3,144,30,174,82.76,47,99,62,9,6,37.5,6,2,1,0,0,2,15.38,7,4,2,14,28.57,0,0.0,14,25.93,482,28.57,0,0,0,0,1,0,2,0,5,2,0,0,2,6,66.67,0,0,0,8,76,0,9,5,256,2,5,0,0,12,1,1,0,0,,,,0,0,0,0,0,6,1,0,0,0,0,0,6,0,0,9,16,13,40,5,0,0,0,9,7,3,50.0,241.0,0,0,0,52,135,0,1.24,0,30,,6
825740,Alex Král,alex-kral,2547,1. FC Union Berlin,6.88,41.3,6,1,1,0,1,0.18,2,85,20,105,80.95,44,42,19,2,1,100.0,7,2,0,0,0,1,50.0,3,2,1,10,55.56,4,66.67,14,58.33,247,33.33,0,0,0,0,0,0,0,1,0,3,0,0,1,5,50.0,2,0,0,1,26,0,9,6,134,2,4,0,0,3,0,0,0,0,,,,0,0,0,0,0,3,2,0,0,0,0,0,2,0,0,2,1,2,10,2,0,0,0,10,5,4,57.14,247.0,0,0,0,52,55,0,0.06,0,15,,6
972523,Cheikh Niasse,cheikh-niasse,2445,BSC Young Boys,6.88,41.3,6,0,1,1,1,0.4,1,192,39,231,83.12,97,95,41,5,2,33.33,6,17,1,0,0,0,0.0,4,1,2,22,45.83,5,45.45,27,45.76,535,0.0,0,0,0,0,0,0,0,0,2,2,0,0,0,11,73.33,4,0,0,7,61,1,10,8,328,14,9,0,0,6,0,1,0,0,,,,1,0,0,0,0,10,2,0,0,0,0,0,6,0,0,5,6,3,32,6,0,0,0,15,12,5,83.33,0.0,0,0,0,112,122,0,0.28,0,31,,6
980410,Beñat Turrientes,benat-turrientes,2824,Real Sociedad,6.88,41.3,6,0,0,1,0,0.21,0,72,16,88,81.82,28,45,27,4,5,71.43,4,1,0,0,0,1,16.67,7,2,3,13,54.17,4,50.0,17,53.13,187,0.0,0,0,0,0,0,0,0,0,5,2,0,0,0,3,60.0,1,0,1,3,27,3,2,1,131,4,2,0,0,4,0,2,0,0,,,,1,0,0,0,0,0,0,0,0,0,0,0,1,0,0,4,7,6,15,4,0,0,0,5,0,3,75.0,0.0,0,0,0,34,60,0,0.54,0,15,,6
178963,Abdülkerim Bardakcı,abdulkerim-bardakc,3061,Galatasaray,6.88,41.3,6,0,0,1,0,0.16,0,316,71,387,81.65,202,114,39,0,3,75.0,19,11,1,0,0,0,0.0,2,1,1,25,67.57,11,50.0,36,61.02,540,0.0,0,0,0,0,0,0,0,0,2,0,0,0,0,31,42.47,24,0,0,1,81,0,62,27,475,3,4,0,0,6,1,0,0,0,,,,0,0,0,0,0,12,1,0,0,0,0,0,6,0,0,0,4,2,23,11,0,0,0,73,13,9,47.37,0.0,0,0,0,215,174,0,0.53,6,45,,6
1392044,Quilindschy Hartman,quilindschy-hartman,2959,Feyenoord,6.88,41.3,6,0,0,1,0,1.02,0,286,66,352,81.25,150,137,65,8,1,16.67,15,7,1,0,0,1,6.67,4,0,0,17,47.22,4,57.14,21,48.84,540,0.0,0,0,0,0,0,0,0,0,2,2,0,0,0,15,41.67,8,0,0,3,97,5,31,14,486,1,7,0,0,4,0,4,0,0,,,,1,0,0,0,0,10,0,0,0,0,0,0,6,0,0,8,6,15,22,3,0,0,0,36,10,14,93.33,0.0,0,0,0,173,194,0,0.26,0,26,,6
254119,Marius Wolf,marius-wolf,2673,Borussia Dortmund,6.88,41.3,6,0,0,0,0,0.13,0,50,24,74,67.57,21,29,22,3,1,25.0,13,4,1,0,0,0,0.0,3,1,2,17,58.62,3,60.0,20,58.82,291,0.0,0,0,0,0,0,0,0,0,3,0,0,0,0,4,40.0,13,0,0,3,48,0,4,3,168,3,4,1,0,2,1,0,0,0,,,,1,0,0,0,0,3,0,0,0,0,0,0,3,0,0,3,4,7,14,2,0,0,0,10,3,8,61.54,0.0,0,0,0,33,48,0,0.25,0,11,,6
1102791,Amar Dedić,amar-dedic,2046,Red Bull Salzburg,6.88,41.3,6,0,0,0,0,0.35,0,163,40,203,80.3,97,68,35,1,12,70.59,12,6,1,0,0,2,15.38,6,2,3,29,55.77,4,57.14,33,55.93,540,0.0,0,0,0,0,0,0,0,0,3,3,0,0,0,10,41.67,20,0,0,10,75,0,7,4,357,5,2,0,0,6,0,1,0,0,,,,2,0,0,0,0,7,1,0,0,0,0,0,6,0,0,1,17,13,26,3,0,0,0,24,8,4,33.33,0.0,0,0,0,111,105,0,0.23,0,32,,6
1160960,Álvaro Djaló,alvaro-djalo,2999,Sporting Braga,6.88,34.4,5,2,0,2,0,0.62,2,68,19,87,78.16,17,52,36,7,9,56.25,7,3,1,0,0,1,14.29,9,4,2,26,41.94,3,20.0,29,37.66,409,22.22,1,0,0,0,1,0,2,0,7,2,0,0,2,2,66.67,2,0,0,14,64,3,4,2,195,11,12,0,0,5,2,3,0,0,,,,0,0,0,0,0,8,1,0,0,0,0,0,5,0,0,7,16,7,48,12,0,0,1,3,9,7,100.0,204.5,0,0,0,21,73,0,1.85,0,14,,5
826139,Reiss Nelson,reiss-nelson,42,Arsenal,6.88,34.4,5,0,0,0,2,0.52,2,83,3,86,96.51,26,61,32,6,7,53.85,6,1,0,0,0,4,80.0,6,0,1,16,55.17,1,50.0,17,54.84,174,0.0,0,0,0,0,0,0,0,0,5,1,0,0,0,2,100.0,0,0,0,5,25,0,1,1,142,3,0,0,0,2,1,5,0,0,,,,0,0,0,0,0,1,0,0,0,0,0,0,1,0,0,6,13,5,14,1,0,0,0,2,1,3,50.0,0.0,0,0,0,28,63,0,0.39,0,8,,5
96832,Janis Blaswich,janis-blaswich,36360,RB Leipzig,6.88,34.4,5,0,1,0,1,0.01,1,195,29,224,87.05,176,19,4,1,0,0.0,0,0,0,0,0,0,0.0,0,0,0,0,0.0,1,100.0,1,100.0,450,0.0,0,0,0,0,0,0,0,0,0,0,0,0,0,39,58.21,4,0,0,0,30,0,32,23,259,0,0,0,0,0,0,0,0,13,,,,0,0,0,11,2,9,0,2,2,2,0,0,5,0,0,1,0,0,0,0,0,0,0,67,9,0,0.0,0.0,0,0,3,187,37,0,,41,26,,5
67308,Loris Benito,loris-benito,2445,BSC Young Boys,6.88,34.4,5,0,0,1,0,0.05,0,214,29,243,88.07,145,69,20,0,0,0.0,6,7,2,0,0,0,0.0,1,1,0,9,45.0,5,50.0,14,46.67,407,0.0,0,0,0,0,0,0,0,0,1,0,0,0,0,15,48.39,15,0,0,1,30,0,15,9,291,3,5,0,0,5,0,0,0,0,,,,1,0,0,0,0,8,2,0,0,0,0,0,5,0,0,0,0,0,16,5,0,0,0,31,10,4,66.67,0.0,0,0,0,162,81,0,0.27,16,22,,5
892141,Santiago Giménez,santiago-gimenez,2959,Feyenoord,6.88,27.5,4,2,1,4,1,0.31,3,33,14,47,70.21,13,20,13,2,4,66.67,0,1,1,0,0,0,0.0,11,6,3,8,42.11,3,30.0,11,37.93,349,18.18,0,0,0,0,0,0,2,0,7,4,0,2,0,0,0.0,4,0,0,4,31,0,4,2,104,4,4,0,1,2,4,2,0,0,,,,0,0,0,0,0,6,0,0,0,0,0,0,4,0,0,2,6,1,18,7,0,0,0,1,6,0,0.0,174.5,0,0,0,17,31,0,2.29,0,2,,4
877918,Victor Gómez,victor-gomez,2999,Sporting Braga,6.88,27.5,4,0,1,0,0,0.66,0,163,26,189,86.24,72,99,44,7,1,100.0,10,3,1,0,0,8,47.06,0,0,0,14,56.0,1,20.0,15,50.0,315,0.0,0,0,0,0,0,0,0,0,0,0,0,0,0,11,68.75,8,0,0,4,44,1,8,6,270,3,4,0,0,5,0,0,0,0,,,,0,0,0,0,0,8,0,0,0,0,0,0,4,0,0,7,1,17,15,4,0,0,0,16,8,6,60.0,0.0,0,0,0,83,123,0,,0,17,,4
851286,André Franco,andre-franco,3002,FC Porto,6.88,27.5,4,0,1,1,0,0.7,0,98,15,113,86.73,46,54,30,5,1,25.0,5,1,0,0,0,2,50.0,5,2,2,6,42.86,2,66.67,8,47.06,238,0.0,0,0,0,0,0,0,0,0,3,2,0,0,0,3,37.5,5,0,0,0,23,1,10,3,155,0,2,0,0,3,0,1,0,0,,,,0,0,0,0,0,3,0,0,0,0,0,0,3,0,0,5,4,4,9,1,0,0,0,8,3,3,60.0,0.0,0,0,0,50,67,0,0.75,0,6,,4
69404,Nacho Fernández,nacho-fernandez,2829,Real Madrid,6.88,82.5,12,0,0,0,0,0.13,0,625,35,660,94.7,449,176,35,2,2,100.0,10,10,1,0,0,0,0.0,6,2,3,17,58.62,12,40.0,29,49.15,989,0.0,0,0,0,1,0,0,0,0,4,2,0,0,0,17,58.62,30,0,0,3,44,1,19,11,752,6,6,0,0,5,0,1,0,0,,,,3,0,0,0,0,9,1,0,0,0,0,0,11,0,0,2,2,0,30,18,0,0,0,29,10,8,80.0,0.0,0,0,0,470,190,0,0.42,19,43,,12
121588,Gernot Trauner,gernot-trauner,2959,Feyenoord,6.88,27.5,4,0,0,1,0,0.1,0,286,17,303,94.39,195,91,13,3,0,0.0,5,2,0,0,0,0,0.0,2,0,1,8,66.67,4,80.0,12,70.59,282,0.0,0,0,0,0,0,0,0,0,2,0,0,0,0,6,42.86,8,0,0,1,19,0,12,6,336,3,2,0,0,1,1,1,0,0,,,,1,0,0,0,0,6,0,0,0,0,0,0,3,0,0,3,0,0,5,1,0,0,0,14,6,3,60.0,0.0,0,0,0,203,100,0,0.24,0,14,,4
973564,Nicolás Capaldo,nicolas-capaldo,2046,Red Bull Salzburg,6.88,27.5,4,0,0,0,0,0.04,0,46,18,64,71.88,24,22,11,3,2,50.0,9,6,0,0,0,0,0.0,3,2,0,14,53.85,1,50.0,15,53.57,216,0.0,0,0,0,0,0,0,0,0,2,1,0,0,0,1,25.0,2,0,0,3,33,3,5,0,114,3,2,0,0,5,0,1,0,0,,,,1,0,0,0,0,1,0,0,0,0,0,0,2,0,0,3,4,2,13,1,0,0,0,4,1,3,33.33,0.0,0,0,0,26,40,0,0.15,0,21,,4
787941,Frank Anguissa,frank-anguissa,2714,SSC Napoli,6.87,48.1,7,1,1,2,1,0.43,2,329,42,371,88.68,148,182,88,5,6,75.0,11,8,1,0,0,1,25.0,10,3,3,23,41.82,7,38.89,30,41.1,628,10.0,0,0,0,0,0,0,1,0,7,3,0,0,1,5,41.67,9,0,0,11,69,2,14,8,477,6,7,0,0,12,0,4,0,0,,,,1,0,0,0,0,12,1,0,0,0,0,0,7,0,0,5,8,4,43,11,0,0,0,12,13,6,54.55,628.0,0,0,0,159,216,0,1.02,0,45,,7
979222,Francisco Conceição,francisco-conceicao,3002,FC Porto,6.87,48.1,7,1,1,0,1,0.69,2,58,9,67,86.57,21,41,25,4,5,50.0,2,1,2,0,0,4,33.33,7,3,3,12,38.71,0,0.0,12,36.36,252,14.29,0,0,0,0,1,0,1,0,4,3,0,1,0,1,100.0,1,0,0,2,34,3,3,2,128,5,7,0,0,5,0,1,0,0,,,,0,0,0,0,0,2,0,0,0,0,0,0,2,0,0,4,10,12,21,2,0,0,0,1,2,1,50.0,252.0,0,0,0,22,57,0,0.92,0,10,,8
822471,Victor Osimhen,victor-osimhen,2714,SSC Napoli,6.87,41.2,6,2,1,3,0,0.62,2,56,19,75,74.67,20,36,27,5,5,50.0,0,3,1,0,0,0,0.0,16,6,3,12,42.86,13,36.11,25,39.06,460,12.5,0,0,0,0,0,0,2,0,13,3,0,1,1,3,60.0,10,0,0,8,49,2,6,4,160,8,4,2,0,1,10,7,0,0,,,,0,0,0,0,0,9,1,0,0,0,0,0,5,0,0,5,10,4,39,23,0,0,0,5,10,0,0.0,230.0,0,0,0,25,54,0,2.35,0,8,,6
787498,André Onana,andre-onana,35,Manchester United,6.87,41.2,6,0,0,0,0,0.03,0,142,61,203,69.95,110,32,15,0,0,0.0,0,1,0,0,0,0,0.0,0,0,0,0,0.0,0,0.0,0,0.0,540,0.0,0,0,0,0,0,0,0,0,0,0,0,0,0,46,44.66,5,2,2,0,64,0,58,27,264,0,0,0,0,0,0,0,0,20,,,,1,4,1,8,12,12,3,3,1,1,2,0,6,0,0,0,0,0,0,0,0,0,0,103,15,0,0.0,0.0,0,3,7,125,78,1,,19,49,,6
28381,Fernando Muslera,fernando-muslera,3061,Galatasaray,6.87,41.2,6,0,0,0,0,0.01,0,168,45,213,78.87,148,20,4,0,0,0.0,2,0,0,0,0,0,0.0,0,0,0,4,100.0,2,100.0,6,100.0,540,0.0,0,0,0,0,0,0,0,0,0,0,0,0,0,48,52.75,10,0,0,0,46,0,50,34,278,1,0,0,0,0,0,0,0,13,,,,0,0,0,8,4,12,1,1,11,11,3,0,6,0,0,0,0,0,0,0,0,0,0,91,13,0,0.0,0.0,0,0,1,161,52,0,,37,59,,6
856739,Lutsharel Geertruida,lutsharel-geertruida,2959,Feyenoord,6.87,41.2,6,0,0,1,0,0.3,0,399,31,430,92.79,211,188,72,1,8,72.73,14,5,1,0,0,0,0.0,2,1,1,25,59.52,1,50.0,26,59.09,540,0.0,0,0,0,0,0,0,0,0,2,0,0,0,0,14,73.68,3,0,1,3,50,0,17,9,529,3,7,1,1,4,1,0,0,0,,,,1,0,0,0,0,10,0,0,0,0,0,0,6,0,0,1,11,3,18,1,0,0,0,19,10,9,64.29,0.0,0,0,0,226,207,0,0.39,0,39,,6
805078,Mathías Olivera,mathias-olivera,2714,SSC Napoli,6.87,41.2,6,0,1,1,0,0.47,0,153,25,178,85.96,78,77,34,6,0,0.0,13,7,2,0,0,2,28.57,1,0,1,16,51.61,8,53.33,24,52.17,326,0.0,0,0,0,0,0,0,0,0,1,0,0,0,0,8,88.89,5,0,0,6,48,1,10,8,276,3,4,1,0,3,0,0,0,0,,,,0,0,0,0,0,6,0,0,0,0,0,0,3,0,0,6,2,7,22,7,0,0,0,9,6,8,61.54,0.0,0,0,0,84,101,0,0.26,0,16,,6
867445,Emile Smith Rowe,emile-smith-rowe,42,Arsenal,6.87,20.6,3,0,0,0,0,0.1,0,34,5,39,87.18,12,22,16,2,0,0.0,1,1,0,0,0,0,0.0,3,1,0,2,66.67,0,0.0,2,50.0,49,0.0,0,0,0,0,0,0,0,0,2,1,0,0,0,1,100.0,0,0,0,0,5,2,1,0,46,1,0,0,0,1,0,2,0,0,,,,0,0,0,0,0,0,0,0,0,0,0,0,0,0,0,2,0,0,2,1,0,0,0,1,0,1,100.0,0.0,0,0,0,13,26,0,0.16,0,7,,3
997035,Alejandro Balde,alejandro-balde,2817,FC Barcelona,6.87,41.2,6,0,0,0,0,0.31,0,190,23,213,89.2,68,126,72,2,10,55.56,6,1,1,0,0,4,26.67,2,0,1,20,52.63,2,66.67,22,53.66,327,0.0,0,0,0,0,0,0,0,0,2,0,0,0,0,7,63.64,5,0,0,6,56,2,6,4,312,4,4,0,0,1,0,1,0,0,,,,2,0,0,0,0,3,0,0,0,0,0,0,3,0,0,2,18,15,19,1,0,0,0,11,3,4,66.67,0.0,0,0,0,78,150,0,0.1,0,22,,6
35428,Pedro,pedro,2699,Lazio,6.86,54.9,8,2,0,0,0,0.57,2,80,7,87,91.95,32,49,17,3,5,71.43,2,0,2,0,0,1,50.0,4,3,1,9,56.25,0,0.0,9,50.0,195,50.0,1,1,0,0,0,0,2,0,3,1,1,0,1,2,100.0,0,0,0,0,16,2,3,1,118,2,3,0,0,2,0,0,0,0,,,,0,0,0,0,0,3,0,0,0,0,0,0,1,100,0,3,7,2,9,2,0,0,0,2,3,1,50.0,97.5,0,0,0,35,54,0,0.98,0,9,,8
249859,Walter Benítez,walter-benitez,2952,PSV Eindhoven,6.86,54.9,8,0,1,0,0,0.01,0,179,64,243,73.66,153,26,3,1,0,0.0,0,0,0,0,0,0,0.0,0,0,0,0,0.0,2,100.0,2,100.0,720,0.0,0,0,0,0,0,0,0,0,0,0,0,0,0,44,41.9,4,0,0,0,65,0,33,16,300,2,0,0,0,0,0,0,0,21,,,,1,0,0,16,5,10,3,2,1,1,1,0,8,0,0,1,0,0,0,0,0,0,0,105,13,0,0.0,0.0,0,0,8,173,70,0,,50,51,,8
985086,Morato,morato,3006,Benfica,6.86,34.3,5,0,0,0,0,0.34,0,215,53,268,80.22,150,66,23,2,1,25.0,15,6,2,0,0,1,25.0,3,0,3,18,54.55,13,76.47,31,62.0,434,0.0,0,0,0,0,0,0,0,0,3,0,0,0,0,12,60.0,17,0,0,1,68,1,20,9,374,2,5,0,0,6,0,0,0,0,,,,0,0,0,0,0,8,1,0,0,0,0,0,4,0,0,2,4,4,19,4,0,0,0,20,9,10,66.67,0.0,0,0,0,172,100,0,0.25,0,27,,5
940054,Karim Adeyemi,karim-adeyemi,2673,Borussia Dortmund,6.86,82.3,12,2,3,1,1,0.93,3,140,42,182,76.92,51,96,55,14,13,37.14,7,8,0,0,0,7,50.0,15,8,2,32,40.0,5,55.56,37,41.57,709,13.33,0,0,0,0,0,0,1,1,11,4,0,1,1,5,83.33,4,0,0,10,109,7,7,5,350,12,15,0,0,4,1,5,0,0,,,,0,0,0,0,0,7,0,0,0,0,0,0,8,0,0,14,35,14,52,4,0,0,0,6,7,5,71.43,354.5,0,0,0,68,128,0,1.77,0,42,,12
835485,Brahim Díaz,brahim-diaz,2829,Real Madrid,6.86,61.7,9,2,3,1,1,0.99,3,114,20,134,85.07,29,87,48,9,12,46.15,8,0,0,0,0,2,15.38,10,3,2,30,46.15,0,0.0,30,43.48,320,20.0,0,0,0,0,0,0,2,0,8,2,0,2,0,1,33.33,0,0,0,16,73,2,4,2,248,10,5,0,0,1,1,5,0,0,,,,0,0,0,0,0,2,1,0,0,0,0,0,3,0,0,9,26,13,39,4,0,0,0,3,3,4,50.0,160.0,0,0,0,31,116,0,1.53,0,14,,9
823984,Lautaro Martínez,lautaro-martinez,2697,Inter,6.85,54.8,8,2,1,5,0,0.55,2,81,26,107,75.7,35,46,25,3,4,33.33,5,1,2,0,0,0,0.0,34,12,13,19,42.22,13,50.0,32,45.07,531,5.88,1,1,0,0,0,0,2,0,29,5,0,1,1,4,66.67,3,0,0,9,65,3,5,2,218,11,7,4,0,4,1,9,0,0,,,,1,0,0,0,0,3,1,0,0,0,0,0,5,100,0,3,12,2,39,13,0,0,0,6,4,1,20.0,265.5,0,0,0,40,69,0,4.67,0,19,,8
1153270,Fermín López,fermin-lopez,2817,FC Barcelona,6.85,54.8,8,2,0,3,0,0.38,2,113,21,134,84.33,28,86,45,10,4,44.44,10,2,2,0,0,1,50.0,11,3,6,20,48.78,3,42.86,23,47.92,280,18.18,0,0,0,0,0,0,1,1,4,7,0,0,2,9,69.23,0,0,0,3,37,4,14,8,196,6,6,2,0,7,1,2,0,0,,,,0,0,0,0,0,5,0,0,0,0,0,0,3,0,0,10,9,2,25,4,0,0,0,13,5,7,70.0,140.0,0,0,0,32,104,0,2.16,0,21,,8
111850,Wilfried Zaha,wilfried-zaha,3061,Galatasaray,6.85,41.1,6,1,0,0,1,0.49,2,71,21,92,77.17,21,52,29,5,10,50.0,9,1,1,0,0,2,40.0,9,2,2,34,51.52,0,0.0,34,45.33,402,11.11,0,0,0,0,0,0,1,0,8,1,0,0,1,2,28.57,0,0,0,14,64,4,5,4,203,15,8,0,0,1,0,5,0,0,,,,0,0,0,0,0,7,1,0,0,0,0,0,5,0,0,5,20,5,41,9,0,0,0,7,8,7,77.78,402.0,0,0,0,25,72,0,0.78,0,20,,6
352290,Cédric Itten,cedric-itten,2445,BSC Young Boys,6.85,27.4,4,1,0,0,0,0.02,1,30,17,47,63.83,16,14,9,1,0,0.0,2,0,0,0,0,0,0.0,8,5,1,4,25.0,8,57.14,12,40.0,283,12.5,1,1,0,0,0,0,1,0,7,1,0,0,1,2,66.67,3,0,0,3,30,3,2,1,78,2,6,0,0,1,0,2,0,0,,,,0,0,0,0,0,6,1,0,0,0,0,0,4,100,0,1,2,0,18,6,0,0,0,3,7,2,100.0,283.0,0,0,0,18,29,0,1.27,0,13,,4
817957,Christian Pulišić,christian-pulisic,2692,AC Milan,6.85,41.1,6,1,1,1,0,0.71,1,116,23,139,83.45,28,95,55,6,6,35.29,6,0,0,0,0,7,35.0,10,4,1,16,43.24,2,20.0,18,38.3,440,10.0,0,0,0,0,1,0,1,0,6,4,0,0,1,4,44.44,2,0,0,5,65,5,6,3,244,4,5,0,0,0,0,5,0,0,,,,0,0,0,0,0,7,1,0,0,0,0,0,5,0,0,6,17,20,29,8,0,0,0,9,8,4,66.67,440.0,0,0,0,34,125,0,1.09,0,22,,6
158615,Matías Vecino,matias-vecino,2699,Lazio,6.85,41.1,6,1,0,0,0,0.24,1,213,32,245,86.94,107,106,34,2,1,100.0,9,6,3,0,0,0,0.0,7,1,5,11,31.43,6,60.0,17,37.78,473,14.29,0,0,0,0,0,0,1,0,3,4,1,0,0,10,62.5,13,0,0,0,39,3,18,11,306,1,11,0,0,13,0,1,0,0,,,,0,0,0,0,0,8,1,0,0,0,0,0,6,0,0,2,1,2,28,4,0,0,0,16,9,5,55.56,473.0,0,0,0,117,130,0,0.6,0,23,,6
1069159,Otávio,otavio,3002,FC Porto,6.85,13.7,2,0,0,0,1,0.01,1,72,30,102,70.59,64,8,4,1,1,50.0,4,0,0,0,0,0,0.0,0,0,0,7,58.33,1,20.0,8,47.06,210,0.0,0,0,0,0,0,0,0,0,0,0,0,0,0,8,26.67,6,0,0,3,36,0,23,7,126,2,1,0,0,0,0,0,0,0,,,,1,0,0,0,0,1,0,0,0,0,0,0,2,0,0,1,2,0,9,4,0,0,0,30,1,4,100.0,0.0,0,0,0,73,29,0,,1,8,,2
231614,Jean-Pierre Nsame,jean-pierre-nsame,2445,BSC Young Boys,6.85,27.4,4,0,1,1,1,0.26,1,25,17,42,59.52,8,17,10,3,0,0.0,3,0,0,0,0,0,0.0,4,1,2,6,75.0,4,40.0,10,55.56,163,0.0,0,0,0,0,0,0,0,0,3,1,0,0,0,1,50.0,2,0,0,0,23,2,4,1,64,3,2,0,0,0,2,1,0,0,,,,0,0,0,0,0,4,0,0,0,0,0,0,2,0,0,3,0,1,8,6,0,0,0,2,4,2,66.67,0.0,0,0,0,8,35,0,0.45,0,6,,4
318607,Davide Calabria,davide-calabria,2692,AC Milan,6.85,41.1,6,0,1,1,1,0.67,1,149,38,187,79.68,91,61,35,8,2,50.0,18,3,1,0,0,3,30.0,1,0,1,25,58.14,3,50.0,28,57.14,429,0.0,0,0,0,1,0,0,0,0,1,0,0,0,0,11,44.0,9,0,0,1,57,3,17,11,288,5,8,0,0,7,1,0,0,0,,,,0,0,0,0,0,6,1,0,0,0,0,0,5,0,0,8,4,10,21,3,0,0,0,25,7,14,77.78,0.0,0,0,0,111,86,0,0.21,0,30,,6
11869,Jesús Navas,jesus-navas,2833,Sevilla,6.85,27.4,4,0,0,0,0,0.3,0,65,23,88,73.86,35,35,18,2,0,0.0,8,2,1,0,0,5,26.32,0,0,0,8,72.73,1,20.0,9,56.25,220,0.0,0,0,0,0,0,0,0,0,0,0,0,0,0,9,42.86,9,0,0,1,49,1,14,7,159,0,1,0,0,0,0,0,0,0,,,,0,0,0,0,0,2,0,0,0,0,0,0,3,0,0,2,1,19,7,4,0,0,0,21,2,7,87.5,0.0,0,0,0,45,62,0,,0,18,,4
168937,Niklas Süle,niklas-sule,2673,Borussia Dortmund,6.85,41.1,6,0,0,0,0,0.23,0,115,24,139,82.73,70,47,21,2,2,66.67,12,2,1,0,0,2,66.67,0,0,0,14,51.85,2,50.0,16,51.61,395,0.0,0,0,0,1,0,0,0,0,0,0,0,0,0,8,61.54,13,0,0,0,31,0,12,7,204,0,5,0,0,8,0,0,0,0,,,,2,0,0,0,0,3,0,0,0,0,0,0,4,0,0,2,3,3,15,2,0,0,0,13,3,9,75.0,0.0,0,0,0,76,66,0,,0,17,,6
914902,Anthony Gordon,anthony-gordon,39,Newcastle United,6.85,41.1,6,0,1,1,0,0.39,0,88,23,111,79.28,22,67,43,3,4,36.36,10,2,1,0,0,1,33.33,6,2,1,29,54.72,2,40.0,31,53.45,439,0.0,0,0,0,0,0,0,0,0,5,1,0,0,0,1,16.67,1,0,0,6,50,3,5,3,199,15,4,1,0,7,0,3,0,0,,,,0,0,0,0,0,5,0,0,0,0,0,0,5,0,0,3,11,3,27,3,0,0,0,6,5,8,80.0,0.0,0,0,0,25,89,0,0.59,0,14,,6
47743,Juan Cuadrado,juan-cuadrado,2697,Inter,6.85,13.7,2,0,0,0,0,0.05,0,35,4,39,89.74,16,19,9,2,2,50.0,0,1,1,0,0,0,0.0,1,0,1,8,61.54,0,0.0,8,61.54,112,0.0,0,0,0,0,0,0,0,0,0,1,0,0,0,3,75.0,1,0,0,1,15,0,5,4,73,6,2,0,0,0,0,0,0,0,,,,1,0,0,0,0,0,0,0,0,0,0,0,1,0,0,2,4,4,5,0,0,0,0,4,0,0,0.0,0.0,0,0,0,18,25,0,0.02,0,2,,2
1063767,Ismael Saibari,ismael-saibari,2952,PSV Eindhoven,6.84,47.9,7,1,1,2,0,0.49,1,82,24,106,77.36,37,46,29,3,9,81.82,4,3,0,0,0,1,25.0,11,6,3,14,50.0,2,40.0,16,48.48,317,9.09,0,0,0,0,0,0,1,0,8,3,0,1,0,3,100.0,3,0,0,4,43,5,3,2,171,1,4,1,0,4,1,2,0,0,,,,0,0,0,0,0,5,1,0,0,0,0,0,3,0,0,3,11,4,17,3,0,0,0,3,6,3,75.0,317.0,0,0,0,40,70,0,1.8,0,20,,7
879346,Scott McTominay,scott-mctominay,35,Manchester United,6.84,34.2,5,1,2,1,1,0.73,2,116,13,129,89.92,64,52,22,3,3,75.0,2,1,1,0,0,0,0.0,9,1,8,11,42.31,7,58.33,18,47.37,381,11.11,0,0,0,1,0,0,1,0,7,2,0,1,0,2,66.67,6,0,0,5,25,1,8,6,184,6,4,0,0,6,0,0,0,0,,,,1,0,0,0,0,7,2,0,0,0,0,0,4,0,0,3,4,1,20,5,0,0,0,3,9,1,50.0,381.0,0,0,0,65,65,0,1.38,0,14,,5
986395,Ricardo Pepi,ricardo-pepi,2952,PSV Eindhoven,6.84,34.2,5,1,0,1,1,0.07,2,30,7,37,81.08,10,20,13,2,0,0.0,1,0,1,0,0,0,0.0,5,2,2,2,33.33,4,40.0,6,37.5,132,20.0,0,0,0,0,0,0,1,0,5,0,1,0,0,2,66.67,0,0,0,2,15,1,1,1,54,1,2,0,0,0,0,1,0,0,,,,0,0,0,0,0,3,0,0,0,0,0,0,1,0,0,2,0,0,10,6,0,0,0,3,3,0,0.0,132.0,0,0,0,15,22,0,0.79,0,3,,8
881038,Mohamed Camara,mohamed-camara,2445,BSC Young Boys,6.84,34.2,5,0,0,0,1,0.06,1,171,41,212,80.66,133,39,13,2,5,100.0,8,6,2,0,0,1,100.0,0,0,0,16,51.61,7,41.18,23,47.92,450,0.0,0,0,0,1,0,0,0,0,0,0,0,0,0,11,31.43,24,0,0,0,42,1,19,5,281,3,12,0,0,3,1,0,0,0,,,,1,0,0,0,0,9,2,0,0,0,0,0,5,0,0,2,5,1,25,10,0,0,0,35,11,4,50.0,0.0,0,0,0,148,65,0,,4,24,,5
991493,Sérgio Oliveira,sergio-oliveira,3061,Galatasaray,6.84,34.2,5,0,1,0,1,0.29,1,67,22,89,75.28,16,53,26,5,4,80.0,4,0,2,0,0,2,50.0,3,2,1,9,60.0,1,33.33,10,55.56,123,0.0,0,0,0,0,0,0,0,0,1,2,0,0,0,9,75.0,2,1,0,0,25,0,12,10,115,1,2,0,0,3,0,0,0,0,,,,0,0,0,0,0,3,0,0,0,0,0,0,0,0,0,5,5,4,8,2,0,0,0,12,3,3,75.0,0.0,0,0,0,20,73,0,0.12,0,11,,5
1012657,Lucas Gourna-Douath,lucas-gourna-douath,2046,Red Bull Salzburg,6.84,34.2,5,0,1,0,0,0.37,0,185,30,215,86.05,109,76,26,2,6,66.67,10,12,3,0,0,0,0.0,1,0,1,20,40.0,9,52.94,29,43.28,400,0.0,0,0,0,1,0,0,0,0,0,1,0,0,0,18,69.23,5,0,0,5,49,3,14,7,296,5,14,0,0,8,0,0,0,0,,,,1,0,0,0,0,7,1,0,0,0,0,0,4,0,0,2,9,2,38,8,0,0,0,26,8,8,80.0,0.0,0,0,0,123,94,0,0.02,0,32,,5
187433,Serge Gnabry,serge-gnabry,2672,FC Bayern München,6.83,41.0,6,2,1,0,0,0.39,2,48,13,61,78.69,26,22,12,1,0,0.0,4,0,0,0,0,0,0.0,4,2,2,5,45.45,1,50.0,6,46.15,207,50.0,0,0,0,0,0,0,2,0,4,0,0,1,1,1,25.0,3,0,0,0,23,2,2,1,93,1,0,0,0,2,1,0,0,0,,,,0,0,0,0,0,4,0,0,0,0,0,0,3,0,0,1,4,2,7,1,0,0,0,4,4,1,25.0,103.5,0,0,0,29,34,0,0.5,0,10,,7
863653,Aaron Wan-Bissaka,aaron-wan-bissaka,35,Manchester United,6.83,20.5,3,0,1,0,1,0.21,1,80,8,88,90.91,41,39,15,3,2,40.0,7,10,1,0,0,0,0.0,0,0,0,11,57.89,1,50.0,12,57.14,213,0.0,0,0,0,0,0,0,0,0,0,0,0,0,0,2,40.0,8,0,0,2,23,0,7,3,161,2,3,0,0,0,0,0,1,0,,,,0,0,0,0,0,6,2,0,0,0,0,0,2,0,0,2,5,3,9,1,0,0,0,5,8,5,71.43,0.0,0,0,0,45,46,0,,0,14,,3
95443,Nicolai Boilesen,nicolai-boilesen,1284,FC København,6.83,20.5,3,0,0,0,0,0.01,0,52,8,60,86.67,37,15,5,0,0,0.0,1,0,0,0,0,0,0.0,0,0,0,1,33.33,1,100.0,2,50.0,92,0.0,0,0,0,0,0,0,0,0,0,0,0,0,0,4,44.44,5,0,0,0,10,0,5,2,71,0,1,0,0,1,0,0,0,0,,,,0,0,0,0,0,0,0,0,0,0,0,0,1,0,0,0,0,1,2,0,0,0,0,9,0,1,100.0,0.0,0,0,0,40,21,0,,0,4,,3
361004,Marco Asensio,marco-asensio,1644,Paris Saint-Germain,6.83,41.0,6,0,0,0,0,0.04,0,50,8,58,86.21,14,36,23,3,2,100.0,2,0,0,0,0,0,0.0,8,3,3,5,55.56,0,0.0,5,45.45,119,0.0,0,0,0,0,1,0,0,0,2,6,0,0,0,2,50.0,0,0,0,2,12,1,1,1,80,1,1,0,0,1,0,2,0,0,,,,0,0,0,0,0,1,0,0,0,0,0,0,1,0,0,3,2,1,6,2,0,0,0,4,1,1,50.0,0.0,0,0,0,16,43,0,0.43,0,6,,6
99546,Mário Rui,mario-rui,2714,SSC Napoli,6.83,20.5,3,0,0,0,0,0.19,0,154,25,179,86.03,79,76,36,2,0,0.0,3,2,0,0,0,1,9.09,1,0,0,7,38.89,1,33.33,8,38.1,214,0.0,0,0,0,0,0,0,0,0,1,0,0,0,0,4,33.33,5,0,0,0,39,1,16,10,235,4,4,0,0,7,0,1,0,0,,,,0,0,0,0,0,3,0,0,0,0,0,0,3,0,0,2,0,11,13,2,0,0,0,12,3,1,33.33,0.0,0,0,0,89,101,0,0.02,0,13,,4
316152,Ángel Correa,angel-correa,2836,Atlético Madrid,6.83,68.3,10,1,1,4,0,0.47,1,96,18,114,84.21,24,73,54,8,9,47.37,1,0,1,0,0,1,16.67,16,8,5,13,41.94,2,28.57,15,39.47,322,6.25,0,0,0,0,0,0,1,0,12,4,0,0,1,2,33.33,1,0,0,4,49,7,8,3,192,3,5,1,0,1,2,3,0,0,,,,1,0,0,0,0,5,0,0,0,0,0,0,2,0,0,8,19,6,23,5,0,0,0,6,5,1,100.0,322.0,0,0,0,28,92,0,2.07,0,13,,10
800951,Julian Ryerson,julian-ryerson,2673,Borussia Dortmund,6.83,68.3,10,0,1,0,0,0.3,0,364,60,424,85.85,203,164,78,3,14,53.85,27,4,2,0,0,3,15.0,5,1,2,50,46.73,6,37.5,56,45.53,897,0.0,0,0,0,0,0,0,0,0,3,2,0,0,0,11,50.0,14,0,0,10,124,2,25,12,678,9,11,0,0,24,1,2,0,0,,,,3,0,0,0,0,10,0,0,0,0,0,0,10,0,0,3,26,20,67,10,0,0,0,22,10,17,62.96,0.0,0,0,0,228,216,0,0.19,0,59,,10
254491,Ederson,ederson,17,Manchester City,6.83,47.8,7,0,0,0,0,0.01,0,207,13,220,94.09,196,11,3,0,0,0.0,0,0,0,0,0,0,0.0,0,0,0,0,0.0,0,0.0,0,0.0,660,0.0,0,0,0,0,0,0,0,0,0,0,0,0,0,37,78.72,2,1,0,0,14,0,18,13,265,0,0,0,0,0,0,0,0,7,,,,1,0,0,5,2,4,2,1,3,3,3,0,7,0,0,0,1,0,1,0,0,0,0,47,6,0,0.0,0.0,0,0,1,202,18,0,,23,39,,7
989113,Rodrigo Riquelme,rodrigo-riquelme,2836,Atlético Madrid,6.83,47.8,7,0,2,1,0,0.95,0,126,20,146,86.3,50,79,44,4,12,54.55,10,2,0,0,0,3,25.0,10,2,1,25,50.0,0,0.0,25,47.17,317,0.0,0,0,0,0,0,0,0,0,8,2,0,0,0,5,83.33,3,0,0,3,54,3,7,5,234,3,1,0,0,12,0,7,0,0,,,,0,0,0,0,0,4,0,0,0,0,0,0,2,0,0,4,22,12,28,3,0,0,0,6,4,6,60.0,0.0,0,0,0,54,104,0,0.66,0,22,,8
19352,Matteo Darmian,matteo-darmian,2697,Inter,6.83,47.8,7,0,0,0,0,0.15,0,186,41,227,81.94,107,82,33,3,4,44.44,8,2,0,0,0,3,42.86,2,0,2,16,59.26,5,71.43,21,61.76,406,0.0,0,0,0,0,0,0,0,0,2,0,0,0,0,11,44.0,8,0,0,0,56,0,16,8,314,4,2,0,0,4,0,0,0,0,,,,2,0,0,0,0,4,0,0,0,0,0,0,4,0,0,3,9,7,13,2,0,0,0,25,4,3,37.5,0.0,0,0,0,120,114,0,0.1,0,11,,7
341143,Giovanni Simeone,giovanni-simeone,2714,SSC Napoli,6.83,27.3,4,1,0,0,0,0.02,1,17,9,26,65.38,10,7,5,0,1,25.0,3,1,1,0,0,0,0.0,7,2,2,7,46.67,2,40.0,9,45.0,93,14.29,0,0,0,0,0,0,1,0,6,1,0,1,0,1,100.0,1,0,0,1,17,1,2,0,55,3,4,0,0,0,0,3,0,0,,,,0,0,0,0,0,2,0,0,0,0,0,0,1,0,0,0,4,0,11,3,0,0,0,1,2,2,66.67,93.0,0,0,0,12,14,0,1.37,0,6,,6
1162107,Roony Bardghji,roony-bardghji,1284,FC København,6.83,27.3,4,1,1,1,0,0.17,1,45,5,50,90.0,18,27,17,3,6,75.0,0,1,0,0,0,0,0.0,4,1,2,6,50.0,0,0.0,6,50.0,144,25.0,0,0,0,0,0,0,1,0,3,1,0,1,0,2,100.0,1,0,0,1,12,2,3,2,73,0,0,0,0,3,0,1,0,0,,,,0,0,0,0,0,3,0,0,0,0,0,0,1,0,0,3,8,2,6,0,0,0,0,2,3,0,0.0,144.0,0,0,0,21,31,0,0.45,0,6,,4
833562,Yehor Nazaryna,yehor-nazaryna,3313,Shakhtar Donetsk,6.83,27.3,4,0,1,1,1,0.56,1,89,12,101,88.12,37,52,21,3,0,0.0,4,2,1,0,0,0,0.0,3,2,1,4,28.57,1,33.33,5,29.41,207,0.0,0,0,0,0,0,0,0,0,2,1,0,0,0,2,66.67,5,0,0,4,21,4,6,2,132,0,3,0,0,3,0,0,0,0,,,,0,0,0,0,0,4,1,0,0,0,0,0,2,0,0,3,0,1,12,2,0,0,0,3,5,3,75.0,0.0,0,0,0,39,63,0,0.23,0,21,,4
906021,Sergiño Dest,sergino-dest,2952,PSV Eindhoven,6.83,54.6,8,0,0,0,1,0.43,1,252,37,289,87.2,123,132,85,9,14,60.87,13,4,0,0,0,3,15.79,4,2,2,38,60.32,2,28.57,40,57.14,646,0.0,0,0,0,0,0,0,0,0,2,2,0,0,0,7,53.85,7,0,0,8,93,4,4,2,486,11,4,0,0,5,0,0,0,0,,,,1,0,0,0,0,9,3,0,0,0,0,0,7,0,0,9,23,19,30,5,0,0,0,13,12,7,53.85,0.0,0,0,0,134,174,0,0.16,0,34,,8
825133,Javi Galán,javi-galan,2824,Real Sociedad,6.83,27.3,4,0,0,0,0,0.38,0,61,19,80,76.25,32,31,17,3,4,80.0,9,10,1,0,0,2,40.0,0,0,0,19,55.88,1,25.0,20,52.63,251,0.0,0,0,0,0,0,0,0,0,0,0,0,0,0,5,55.56,2,0,0,2,35,1,4,3,169,6,6,0,0,6,0,0,0,0,,,,0,0,0,0,0,6,0,0,0,0,0,0,3,0,0,3,5,5,18,3,0,0,0,9,6,6,66.67,0.0,0,0,0,40,45,0,,0,16,,4
30420,Ritchie De Laet,ritchie-de-laet,2889,Royal Antwerp FC,6.83,27.3,4,0,0,0,0,0.41,0,54,15,69,78.26,23,33,17,2,1,100.0,4,3,1,0,0,2,33.33,1,0,1,7,53.85,4,80.0,11,61.11,223,0.0,0,0,0,0,0,0,0,0,1,0,0,0,0,4,80.0,8,0,0,2,34,1,3,1,142,2,1,0,0,3,0,0,0,0,,,,0,0,0,0,0,6,0,0,0,0,0,0,3,0,0,2,1,6,7,1,0,0,0,5,6,2,50.0,0.0,0,0,0,27,48,0,0.05,0,5,,4
155449,Rade Krunić,rade-krunic,2692,AC Milan,6.83,27.3,4,0,0,0,0,0.78,0,117,12,129,90.7,59,62,22,8,0,0.0,4,3,2,0,0,4,66.67,1,1,0,7,50.0,2,100.0,9,56.25,219,0.0,0,0,0,0,0,0,0,0,0,1,0,0,0,6,75.0,4,0,0,1,17,1,5,2,156,3,2,0,0,4,0,0,0,0,,,,1,0,0,0,0,3,1,0,0,0,0,0,2,0,0,8,0,6,7,0,0,0,0,8,4,2,50.0,0.0,0,0,0,62,73,0,0.03,0,13,,4
795005,Salih Özcan,salih-ozcan,2673,Borussia Dortmund,6.82,61.4,9,0,0,0,0,0.2,0,194,31,225,86.22,103,92,41,4,0,0.0,10,7,0,0,0,1,33.33,3,1,1,15,53.57,7,58.33,22,55.0,450,0.0,0,0,0,0,0,0,0,0,1,2,0,0,0,5,50.0,6,0,0,0,42,4,15,7,288,5,6,0,0,6,0,1,0,0,,,,3,0,0,0,0,1,0,0,0,0,0,0,4,0,0,4,2,3,18,5,0,0,0,10,1,5,50.0,0.0,0,0,0,113,115,0,0.15,0,33,,9
123976,Sergi Roberto,sergi-roberto,2817,FC Barcelona,6.82,34.1,5,0,2,0,1,0.71,1,119,15,134,88.81,47,73,35,4,1,100.0,3,1,3,0,0,1,50.0,1,0,1,5,33.33,3,75.0,8,42.11,202,0.0,0,0,0,0,0,0,0,0,1,0,0,0,0,4,57.14,2,0,0,0,22,0,5,3,161,1,5,0,0,5,0,0,0,0,,,,0,0,0,0,0,4,0,0,0,0,0,0,2,0,0,4,1,2,11,1,0,0,0,7,4,3,100.0,0.0,0,0,0,50,86,0,0.02,0,8,,5
153444,Jamaal Lascelles,jamaal-lascelles,39,Newcastle United,6.82,34.1,5,0,0,0,0,0.18,0,168,35,203,82.76,112,56,15,1,1,100.0,5,0,0,0,0,0,0.0,2,0,0,8,57.14,17,68.0,25,64.1,450,0.0,0,0,0,0,0,0,0,0,2,0,0,0,0,10,55.56,15,0,0,0,40,0,17,13,249,2,7,0,0,0,0,2,0,0,,,,0,0,0,0,0,7,0,0,0,0,0,0,5,0,0,1,1,0,14,8,0,0,0,18,7,5,100.0,0.0,0,0,0,125,78,0,0.1,0,21,,5
76265,Stefan Savić,stefan-savic,2836,Atlético Madrid,6.82,34.1,5,0,0,0,0,0.03,0,257,31,288,89.24,184,73,16,1,0,0.0,5,11,2,0,0,0,0.0,2,1,1,8,47.06,7,50.0,15,48.39,414,0.0,0,0,0,0,0,0,0,0,2,0,0,0,0,11,39.29,14,0,0,0,33,0,19,9,335,3,10,0,0,0,0,0,0,0,,,,0,0,0,0,0,5,0,0,0,0,0,0,4,0,0,1,0,0,16,7,0,0,0,28,5,2,40.0,0.0,0,0,0,197,91,0,0.05,0,15,,6
868268,Cherif Ndiaye,cherif-ndiaye,5149,FK Crvena zvezda,6.82,40.9,6,1,0,2,0,0.22,1,57,19,76,75.0,25,32,22,6,5,38.46,4,1,1,0,0,0,0.0,9,6,1,18,48.65,11,39.29,29,44.62,360,11.11,0,0,0,0,0,0,1,0,9,0,0,1,0,0,0.0,6,0,0,4,43,5,1,0,147,9,6,0,0,1,5,2,0,0,,,,0,0,0,0,0,8,2,0,0,0,0,0,5,0,0,6,13,0,36,17,0,0,0,1,10,2,50.0,360.0,0,0,0,31,45,0,2.85,0,12,,6
51785,Emil Forsberg,emil-forsberg,36360,RB Leipzig,6.82,40.9,6,1,0,0,0,0.22,1,74,23,97,76.29,23,51,33,7,4,44.44,8,4,1,0,0,0,0.0,9,1,3,14,51.85,1,20.0,15,46.88,412,11.11,0,0,0,0,2,0,1,0,4,5,0,1,0,1,25.0,1,0,0,1,46,1,5,2,164,2,2,0,0,5,1,5,0,0,,,,0,0,0,0,0,4,0,0,0,0,0,0,6,0,0,7,9,2,17,4,0,0,0,4,4,4,50.0,412.0,0,0,0,29,70,0,0.82,0,14,,6
152077,John Stones,john-stones,17,Manchester City,6.82,40.9,6,0,0,0,1,0.14,1,291,14,305,95.41,142,149,60,1,0,0.0,2,2,0,0,0,0,0.0,1,0,0,4,50.0,7,70.0,11,61.11,341,0.0,0,0,0,0,0,0,0,0,0,1,0,0,0,8,80.0,7,0,0,2,21,3,5,5,341,2,1,0,0,0,1,1,0,0,,,,0,0,0,0,0,3,2,0,0,0,0,0,4,0,0,1,1,1,7,3,0,0,0,10,5,1,50.0,0.0,0,0,0,147,159,0,0.02,0,18,,6
385320,Hirving Lozano,hirving-lozano,2952,PSV Eindhoven,6.81,47.7,7,0,0,0,0,0.35,0,88,18,106,83.02,30,60,44,1,7,43.75,5,2,4,0,0,2,10.53,16,5,7,19,39.58,4,50.0,23,41.07,378,0.0,0,0,0,0,0,0,0,0,6,10,0,0,0,2,50.0,3,0,0,6,67,2,6,4,213,7,9,2,0,6,5,4,0,0,,,,0,0,0,0,0,5,1,0,0,0,0,0,4,0,0,1,16,19,33,4,0,0,0,4,6,4,80.0,0.0,0,0,0,34,91,0,0.69,0,20,,7
787751,Robin Le Normand,robin-le-normand,2824,Real Sociedad,6.81,47.7,7,0,0,1,0,0.04,0,286,34,320,89.38,207,79,13,0,0,0.0,8,11,2,0,0,0,0.0,6,2,3,13,44.83,18,52.94,31,49.21,573,0.0,0,0,0,0,0,0,0,0,5,1,0,0,0,17,50.0,15,0,0,1,38,2,14,4,381,6,11,0,0,5,0,1,0,0,,,,2,0,0,0,0,6,0,0,0,0,0,0,7,0,0,0,0,0,32,16,0,0,0,34,6,5,62.5,0.0,0,0,0,216,104,0,0.17,6,17,,7
352370,Lucas Hernández,lucas-hernandez,1644,Paris Saint-Germain,6.81,74.9,11,1,2,0,0,0.35,1,566,59,625,90.56,325,242,86,5,4,80.0,15,3,2,0,0,1,12.5,4,1,3,32,65.31,8,38.1,40,57.14,843,25.0,0,0,0,0,0,0,1,0,2,2,1,0,0,25,45.45,18,0,1,2,95,0,30,15,776,14,11,0,0,4,0,0,0,0,,,,1,0,0,0,0,13,1,0,0,0,0,0,10,0,0,5,5,8,30,13,0,0,0,55,14,10,66.67,843.0,0,0,0,346,287,0,0.65,0,44,,11
138156,Emre Can,emre-can,2673,Borussia Dortmund,6.81,74.9,11,0,0,0,0,0.26,0,427,67,494,86.44,242,186,53,4,3,100.0,19,12,4,0,0,1,50.0,5,1,3,32,50.0,2,22.22,34,46.58,913,0.0,0,0,0,0,1,0,0,0,0,5,0,0,0,21,51.22,14,0,0,4,80,2,33,14,600,10,17,0,0,11,0,1,0,0,,,,4,0,0,0,0,9,0,0,0,0,0,0,11,0,0,4,3,2,39,7,0,0,0,41,9,12,63.16,0.0,0,0,0,266,230,0,0.17,0,49,,11
339901,Vincent Janssen,vincent-janssen,2889,Royal Antwerp FC,6.8,40.8,6,1,1,0,0,0.54,1,90,12,102,88.24,48,44,19,3,2,50.0,4,0,1,0,0,2,100.0,12,4,4,10,31.25,3,18.75,13,27.08,411,8.33,0,0,0,0,0,0,1,0,8,4,0,1,0,6,75.0,5,0,0,10,30,2,7,6,167,4,5,1,0,5,7,4,0,0,,,,0,0,0,0,0,12,1,0,0,0,0,0,5,0,0,3,4,2,35,13,0,0,0,8,13,3,75.0,411.0,0,0,0,53,51,0,0.96,0,15,,6
786028,Kalvin Phillips,kalvin-phillips,17,Manchester City,6.8,20.4,3,1,0,0,0,0.05,1,107,10,117,91.45,51,56,23,1,0,0.0,2,0,1,0,0,0,0.0,5,1,3,6,46.15,4,57.14,10,50.0,132,20.0,1,1,0,0,0,0,1,0,3,2,0,0,1,2,66.67,1,0,0,1,15,0,3,2,140,4,5,0,0,1,0,1,0,0,,,,0,0,0,0,0,2,0,0,0,0,0,0,1,100,0,1,1,0,10,3,0,0,0,3,2,2,100.0,132.0,0,0,0,57,60,0,0.91,0,6,,4
868235,Sikou Niakaté,sikou-niakate,2999,Sporting Braga,6.8,34.0,5,1,0,0,0,0.04,1,213,30,243,87.65,141,72,22,0,0,0.0,6,5,0,1,1,0,0.0,3,1,1,9,75.0,8,44.44,17,56.67,391,33.33,0,0,0,0,0,0,1,0,3,0,0,1,0,11,33.33,22,0,0,0,31,0,21,5,302,4,2,0,1,2,0,1,0,0,,,,0,0,0,0,0,8,1,0,0,0,0,0,5,0,0,0,0,0,13,10,0,0,0,33,9,3,50.0,391.0,0,0,0,149,94,1,0.86,0,19,,5
945063,Mohamed Simakan,mohamed-simakan,36360,RB Leipzig,6.8,47.6,7,1,0,1,0,0.09,1,250,54,304,82.24,180,71,24,0,1,50.0,12,10,3,0,0,1,20.0,5,1,1,23,54.76,13,54.17,36,54.55,599,20.0,0,0,0,0,0,0,1,0,4,1,1,0,0,15,45.45,22,0,0,0,63,1,25,12,405,10,10,0,0,8,1,3,0,0,,,,0,0,0,0,0,11,0,0,0,0,0,0,7,0,0,0,2,5,30,11,0,0,0,33,11,7,58.33,599.0,0,0,0,205,104,0,0.7,0,30,,7
814590,Marcus Rashford,marcus-rashford,35,Manchester United,6.8,27.2,4,0,2,0,2,0.91,2,89,22,111,80.18,28,63,46,7,9,56.25,3,1,0,1,1,2,40.0,3,1,1,13,48.15,3,60.0,16,50.0,290,0.0,0,0,0,0,0,0,0,0,2,1,0,0,0,2,50.0,2,0,0,3,44,2,5,1,165,1,2,0,0,2,3,1,0,0,,,,1,0,0,0,0,4,1,0,0,0,0,0,4,0,0,7,16,5,16,2,0,0,0,4,5,3,100.0,0.0,0,0,0,31,85,0,0.08,0,11,,4
828077,Aissa Laïdouni,aissa-laidouni,2547,1. FC Union Berlin,6.8,40.8,6,0,1,0,1,0.32,1,80,18,98,81.63,35,45,30,3,6,66.67,5,1,1,0,0,0,0.0,2,0,1,19,55.88,1,50.0,20,55.56,276,0.0,0,0,0,0,0,0,0,0,1,1,0,0,0,3,50.0,5,0,0,6,41,2,4,3,162,9,4,0,0,3,0,1,0,0,,,,0,0,0,0,0,3,1,0,0,0,0,0,3,0,0,3,9,8,16,1,0,0,0,6,4,5,100.0,0.0,0,0,0,41,65,0,0.21,0,22,,6
355492,Konrad Laimer,konrad-laimer,2672,FC Bayern München,6.8,68.0,10,0,0,0,1,0.38,1,362,56,418,86.6,184,179,79,1,10,58.82,32,8,2,0,0,1,16.67,2,0,2,49,45.79,4,44.44,53,45.69,771,0.0,0,0,0,0,0,0,0,0,1,1,0,0,0,12,52.17,12,0,0,9,89,4,23,11,576,7,23,0,0,20,0,0,0,0,,,,2,0,0,0,0,12,0,0,0,0,0,0,8,0,0,1,17,6,63,5,0,0,0,23,12,22,68.75,0.0,0,0,0,206,218,0,0.09,0,42,,11
190839,Luke Shaw,luke-shaw,35,Manchester United,6.8,13.6,2,0,0,0,1,0.17,1,38,15,53,71.7,19,20,12,2,0,0.0,2,3,1,0,0,1,33.33,2,1,0,3,33.33,0,0.0,3,33.33,135,0.0,0,0,0,0,0,0,0,0,1,1,0,0,0,3,33.33,0,0,0,0,23,0,6,4,84,1,5,0,0,1,0,1,0,0,,,,0,0,0,0,0,1,2,0,0,0,0,0,2,0,0,2,0,3,6,0,0,0,0,9,3,2,100.0,0.0,0,0,0,22,34,0,0.06,0,9,,2
994053,Donat Rrudhani,donat-rrudhani,2445,BSC Young Boys,6.8,6.8,1,0,0,0,0,0.05,0,1,0,1,100.0,0,2,1,1,0,0.0,0,0,0,0,0,1,100.0,0,0,0,0,0.0,0,0.0,0,0.0,8,0.0,0,0,0,0,0,0,0,0,0,0,0,0,0,0,0.0,0,0,0,0,1,0,0,0,4,0,0,0,0,0,0,0,0,0,,,,0,0,0,0,0,0,0,0,0,0,0,0,0,0,0,1,0,1,0,0,0,0,0,0,0,0,0.0,0.0,0,0,0,0,2,0,,0,0,,1
1135938,Leandro Morgalla,leandro-morgalla,2046,Red Bull Salzburg,6.8,6.8,1,0,0,0,0,0.0,0,5,1,6,83.33,4,1,1,0,0,0.0,0,0,0,0,0,0,0.0,0,0,0,1,100.0,0,0.0,1,50.0,45,0.0,0,0,0,0,0,0,0,0,0,0,0,0,0,1,100.0,0,0,0,0,4,0,0,0,14,1,0,0,0,0,0,0,0,0,,,,0,0,0,0,0,0,0,0,0,0,0,0,0,0,0,0,0,0,1,1,0,0,0,1,0,0,0.0,0.0,0,0,0,5,1,0,,0,1,,1
1006489,Loïc Badé,loic-bade,2833,Sevilla,6.8,6.8,1,0,0,0,0,0.0,0,39,8,47,82.98,31,8,2,0,0,0.0,4,1,1,0,0,0,0.0,0,0,0,4,80.0,0,0.0,4,80.0,94,0.0,0,0,0,0,0,0,0,0,0,0,0,0,0,4,40.0,7,0,0,0,9,0,3,1,61,0,1,0,0,0,0,0,0,0,,,,0,0,0,0,0,3,0,0,0,0,0,0,1,0,0,0,0,0,1,0,0,0,0,10,3,3,75.0,0.0,0,0,0,36,11,0,,0,5,,2
273405,Manuel Lazzari,manuel-lazzari,2699,Lazio,6.8,47.6,7,0,0,0,0,0.17,0,172,37,209,82.3,79,94,40,1,5,62.5,10,5,0,0,0,1,10.0,0,0,0,22,52.38,1,50.0,23,52.27,423,0.0,0,0,0,0,0,0,0,0,0,0,0,0,0,3,37.5,4,0,0,4,67,0,7,4,338,7,4,0,0,9,0,0,0,0,,,,2,0,0,0,0,2,0,0,0,0,0,0,3,0,0,1,8,10,21,1,0,0,0,8,2,7,70.0,0.0,0,0,0,98,121,0,,0,25,,7
792073,Ferland Mendy,ferland-mendy,2829,Real Madrid,6.8,74.8,11,0,1,0,0,0.63,0,374,34,408,91.67,188,187,90,2,5,62.5,14,6,1,0,0,1,20.0,0,0,0,27,61.36,9,64.29,36,62.07,872,0.0,0,0,0,0,0,0,0,0,0,0,0,0,0,8,57.14,14,0,0,2,52,0,11,3,544,10,9,0,0,4,0,0,0,0,,,,2,0,0,0,0,7,3,0,0,0,0,0,9,0,0,2,8,5,22,5,0,0,0,14,10,9,64.29,0.0,0,0,0,208,205,0,,0,35,,11
1066560,Alan Varela,alan-varela,3002,FC Porto,6.8,54.4,8,0,0,1,0,0.6,0,328,37,365,89.86,166,162,58,0,3,60.0,15,8,0,0,0,0,0.0,8,2,3,20,51.28,1,14.29,21,45.65,708,0.0,0,0,0,0,0,0,0,0,2,6,0,0,0,18,69.23,10,0,1,3,47,3,33,18,441,2,9,0,0,5,0,3,0,0,,,,2,0,0,0,0,9,0,0,0,0,0,0,8,0,0,0,5,1,25,6,0,0,0,26,9,6,40.0,0.0,0,0,0,180,186,0,0.44,0,50,,8
887754,Vítor Carvalho,vitor-carvalho,2999,Sporting Braga,6.8,34.0,5,0,0,0,0,0.09,0,171,13,184,92.93,92,79,31,3,1,50.0,4,1,0,0,0,0,0.0,4,0,3,5,33.33,4,80.0,9,45.0,272,0.0,0,0,0,0,0,0,0,0,3,1,0,0,0,8,80.0,6,0,0,2,17,0,6,4,218,0,5,0,0,2,0,1,0,0,,,,0,0,0,0,0,6,0,0,0,0,0,0,4,0,0,3,2,1,11,1,0,0,0,10,6,3,75.0,0.0,0,0,0,96,89,0,0.31,0,14,,5
822710,Sekou Koita,sekou-koita,2046,Red Bull Salzburg,6.8,13.6,2,0,0,0,0,0.06,0,8,3,11,72.73,0,8,4,3,1,50.0,2,0,1,0,0,0,0.0,2,0,2,3,75.0,0,0.0,3,50.0,66,0.0,0,0,0,0,0,0,0,0,1,1,0,0,0,0,0.0,3,0,0,0,8,0,0,0,26,0,1,0,0,0,2,0,0,0,,,,0,0,0,0,0,1,0,0,0,0,0,0,0,0,0,3,2,0,3,2,0,0,0,0,1,2,100.0,0.0,0,0,0,0,11,0,0.12,0,2,,2
987510,Zaidu Sanusi,zaidu-sanusi,3002,FC Porto,6.8,27.2,4,0,0,0,0,0.5,0,120,22,142,84.51,58,63,31,3,2,50.0,7,4,0,0,0,1,12.5,3,1,0,13,54.17,9,81.82,22,62.86,308,0.0,0,0,0,0,0,0,0,0,2,1,0,0,0,3,60.0,5,0,0,0,46,2,11,8,218,4,7,0,0,2,3,2,0,0,,,,0,0,0,0,0,6,0,0,0,0,0,0,4,0,0,3,4,8,13,2,0,0,0,5,6,4,57.14,0.0,0,0,0,69,81,0,0.1,0,15,,4
150383,Stanislav Lobotka,stanislav-lobotka,2714,SSC Napoli,6.8,54.4,8,0,0,0,0,0.69,0,380,33,413,92.01,202,178,60,3,1,33.33,11,10,0,0,0,0,0.0,1,0,1,19,51.35,2,33.33,21,48.84,681,0.0,0,0,0,0,0,0,0,0,0,1,0,0,0,12,63.16,6,0,1,1,47,4,22,18,487,7,8,0,0,9,0,0,0,0,,,,1,0,0,0,0,11,1,0,0,0,0,0,8,0,0,3,3,0,22,4,0,0,0,19,12,5,45.45,0.0,0,0,0,213,200,0,0.07,0,40,,8
918429,Mads Bidstrup,mads-bidstrup,2046,Red Bull Salzburg,6.8,40.8,6,0,0,0,0,0.04,0,97,47,144,67.36,54,43,20,0,2,50.0,22,7,0,0,0,0,0.0,1,0,1,27,57.45,3,42.86,30,55.56,496,0.0,0,0,0,1,0,0,0,0,0,1,0,0,0,9,40.91,16,0,0,6,67,5,11,2,261,3,4,0,0,9,0,0,0,0,,,,2,0,0,0,0,7,1,0,0,0,0,0,6,0,0,0,4,2,24,4,0,0,0,22,8,15,68.18,0.0,0,0,0,68,78,0,0.03,0,41,,6
904835,Fábio Vieira,fabio-vieira,42,Arsenal,6.8,20.4,3,0,0,0,0,0.08,0,43,6,49,87.76,12,31,15,2,1,100.0,0,0,0,0,0,0,0.0,1,0,1,3,60.0,2,66.67,5,62.5,86,0.0,0,0,0,0,0,0,0,0,1,0,0,0,0,3,75.0,1,0,0,1,12,0,4,2,62,2,1,0,0,0,0,0,0,0,,,,0,0,0,0,0,1,0,0,0,0,0,0,0,0,0,2,1,3,3,1,0,0,0,4,1,0,0.0,0.0,0,0,0,14,38,0,0.02,0,9,,3
996952,Bradley Barcola,barcola-bradley,1644,Paris Saint-Germain,6.79,67.9,10,1,1,4,1,1.05,2,140,31,171,81.87,23,120,87,11,19,43.18,12,3,0,0,0,3,27.27,16,6,6,35,40.7,3,42.86,38,40.86,484,6.25,0,0,0,0,0,0,1,0,15,1,0,1,0,0,0.0,2,0,0,8,88,5,4,0,316,4,6,2,0,13,4,4,0,0,,,,0,0,0,0,0,5,1,0,0,0,0,0,5,0,0,11,44,11,55,4,0,0,0,3,6,10,83.33,484.0,0,0,0,30,152,0,2.41,0,19,,10
865651,Giacomo Raspadori,giacomo-raspadori,2714,SSC Napoli,6.79,54.3,8,1,1,0,0,0.57,1,68,17,85,80.0,16,54,38,6,2,66.67,3,1,1,0,0,2,18.18,9,1,2,8,44.44,1,33.33,9,42.86,256,11.11,0,0,0,0,2,0,1,0,3,6,0,1,0,3,50.0,1,0,0,2,37,2,4,2,134,3,6,0,0,2,1,6,0,0,,,,0,0,0,0,0,5,0,0,0,0,0,0,2,0,0,6,3,11,12,2,0,0,0,6,5,0,0.0,256.0,0,0,0,19,77,0,0.34,0,8,,8
979315,Elye Wahi,elye-wahi,1648,RC Lens,6.78,40.7,6,2,0,0,1,0.16,3,55,15,70,78.57,27,29,10,2,5,25.0,2,0,1,0,0,1,25.0,14,3,5,14,40.0,2,15.38,16,33.33,460,14.29,0,0,0,0,0,0,2,0,13,1,0,0,2,0,0.0,0,0,0,6,47,1,0,0,140,7,1,0,0,0,10,6,0,0,,,,0,0,0,0,0,9,1,0,0,0,0,0,6,0,0,2,20,4,32,11,0,0,0,0,10,2,100.0,230.0,0,0,0,30,44,0,1.08,0,5,,6
21555,César Azpilicueta,cesar-azpilicueta,2836,Atlético Madrid,6.78,40.7,6,0,0,0,0,0.06,0,149,17,166,89.76,88,61,26,0,1,50.0,6,5,2,0,0,0,0.0,0,0,0,8,42.11,3,37.5,11,40.74,288,0.0,0,0,0,0,0,0,0,0,0,0,0,0,0,4,33.33,11,0,0,2,26,0,9,3,224,1,4,0,0,4,0,0,0,0,,,,0,0,0,0,0,5,0,0,0,0,0,0,3,0,0,0,2,1,16,5,0,0,0,12,5,5,83.33,0.0,0,0,0,94,73,0,,1,17,,6
827668,Petar Musa,petar-musa,3006,Benfica,6.78,40.7,6,0,0,2,0,0.31,0,41,18,59,69.49,14,27,14,4,8,80.0,6,1,1,0,0,0,0.0,7,3,4,15,68.18,7,31.82,22,50.0,231,0.0,0,0,0,0,0,0,0,0,7,0,0,0,0,0,0.0,2,0,0,2,30,2,3,0,104,1,1,0,0,2,1,0,0,0,,,,0,0,0,0,0,2,1,0,0,0,0,0,2,0,0,4,10,1,22,15,0,0,0,1,3,3,50.0,0.0,0,0,0,15,45,0,1.25,0,11,,6
138152,Kaan Ayhan,kaan-ayhan,3061,Galatasaray,6.78,33.9,5,0,0,1,0,0.14,0,159,48,207,76.81,76,83,35,2,2,66.67,8,11,2,0,0,0,0.0,3,0,3,12,54.55,9,81.82,21,63.64,384,0.0,0,0,0,0,0,0,0,0,1,2,0,0,0,8,42.11,8,0,0,1,56,2,23,10,254,2,3,0,0,6,1,0,0,0,,,,0,0,0,0,0,8,1,0,0,0,0,0,5,0,0,2,3,1,12,2,0,0,0,19,9,5,62.5,0.0,0,0,0,88,120,0,0.37,0,27,,5
1066045,Arsen Zakharyan,arsen-zakharyan,2824,Real Sociedad,6.78,33.9,5,0,0,1,0,0.28,0,91,16,107,85.05,24,69,32,4,1,25.0,4,1,1,0,0,2,13.33,4,1,2,5,38.46,1,100.0,6,42.86,217,0.0,0,0,0,0,0,0,0,0,4,0,0,0,0,5,83.33,1,0,0,2,37,5,3,3,153,0,3,0,0,0,0,1,0,0,,,,1,0,0,0,0,1,0,0,0,0,0,0,2,0,0,4,4,15,8,0,0,0,0,6,1,1,25.0,0.0,0,0,0,25,97,0,0.35,0,15,,5
941168,William Saliba,william-saliba,42,Arsenal,6.78,67.8,10,0,0,1,0,0.12,0,699,83,782,89.39,462,237,50,0,2,66.67,10,7,1,0,0,0,0.0,3,0,2,14,42.42,20,64.52,34,53.13,902,0.0,0,0,0,1,0,0,0,0,3,0,0,0,0,16,34.04,26,0,0,2,93,1,24,12,862,2,12,0,0,4,0,1,0,0,,,,4,0,0,0,0,7,1,0,0,0,0,0,10,0,0,0,3,0,30,11,0,0,0,47,8,4,40.0,0.0,0,0,0,493,289,0,0.3,2,50,,10
149731,Sébastien Haller,sebastien-haller,2673,Borussia Dortmund,6.78,27.1,4,1,0,0,0,0.03,1,12,5,17,70.59,3,9,6,0,0,0.0,0,1,0,0,0,0,0.0,1,1,0,1,25.0,4,66.67,5,50.0,60,100.0,0,0,0,0,0,0,1,0,1,0,0,0,1,0,0.0,1,0,0,0,7,1,1,1,27,2,2,0,0,0,1,0,0,0,,,,0,0,0,0,0,1,0,0,0,0,0,0,0,0,0,0,1,0,5,2,0,0,0,0,1,0,0.0,60.0,0,0,0,4,13,0,0.31,0,2,,4
851271,Fran García,fran-garcia,2829,Real Madrid,6.78,27.1,4,0,0,0,1,0.52,1,148,9,157,94.27,64,87,42,3,1,100.0,1,1,0,0,0,3,30.0,0,0,0,3,33.33,1,50.0,4,36.36,192,0.0,0,0,0,0,0,0,0,0,0,0,0,0,0,5,83.33,6,0,0,3,26,1,2,2,209,1,0,0,0,3,0,0,0,0,,,,0,0,0,0,0,2,1,0,0,0,0,0,2,0,0,3,1,10,7,1,0,0,0,6,3,1,100.0,0.0,0,0,0,69,98,0,,0,10,,4
556696,Justin Bijlow,justin-bijlow,2959,Feyenoord,6.78,27.1,4,0,0,0,0,0.0,0,142,22,164,86.59,138,4,1,0,1,100.0,0,0,0,0,0,0,0.0,0,0,0,1,50.0,2,100.0,3,75.0,360,0.0,0,0,0,0,0,0,0,0,0,0,0,0,0,11,34.38,4,0,0,0,23,0,9,6,196,1,0,0,0,1,0,0,0,10,,,,0,2,0,9,1,7,0,1,6,6,1,1,4,0,0,0,1,0,1,0,0,0,0,32,7,0,0.0,0.0,0,0,0,149,15,0,,12,29,,4
928796,Tommaso Pobega,tommaso-pobega,2692,AC Milan,6.78,27.1,4,0,0,0,0,0.08,0,25,15,40,62.5,12,13,6,0,1,100.0,3,1,0,0,0,0,0.0,8,2,2,4,44.44,5,62.5,9,52.94,149,0.0,0,0,0,0,0,0,0,0,6,2,0,0,0,2,66.67,2,0,0,1,18,0,2,1,65,1,2,0,0,2,0,4,0,0,,,,0,0,0,0,0,1,0,0,0,0,0,0,2,0,0,0,1,0,8,3,0,0,0,3,1,1,33.33,0.0,0,0,0,16,24,0,0.65,0,8,,4
958923,Artem Bondarenko,artem-bondarenko,3313,Shakhtar Donetsk,6.78,27.1,4,0,0,1,0,0.12,0,130,13,143,90.91,76,54,26,1,1,100.0,4,2,0,0,0,0,0.0,3,1,0,10,66.67,1,50.0,11,64.71,220,0.0,0,0,0,0,0,0,0,0,1,2,0,0,0,8,88.89,3,0,0,1,18,2,12,8,178,5,2,0,0,2,0,2,0,0,,,,0,0,0,0,0,5,2,0,0,0,0,0,2,0,0,1,1,2,6,1,0,0,0,9,7,4,100.0,0.0,0,0,0,80,65,0,0.49,0,16,,4
836705,Kai Havertz,kai-havertz,42,Arsenal,6.77,67.7,10,1,3,2,0,0.96,1,201,37,238,84.45,72,130,80,8,3,20.0,16,3,2,0,0,1,25.0,11,3,6,31,38.75,28,56.0,59,45.38,832,9.09,0,0,0,0,0,0,1,0,10,1,0,1,0,0,0.0,5,0,0,9,80,5,5,4,372,14,24,0,0,7,5,2,0,0,,,,4,0,0,0,0,6,1,0,0,0,0,0,9,0,0,8,15,4,71,22,0,0,0,0,7,5,31.25,832.0,0,0,0,79,163,0,0.99,0,27,,10
865523,Noah Okafor,noah-okafor,2692,AC Milan,6.77,20.3,3,0,1,0,1,0.04,1,4,2,6,66.67,0,4,2,1,1,50.0,0,0,0,0,0,0,0.0,2,1,1,1,20.0,0,0.0,1,20.0,47,0.0,0,0,0,0,0,0,0,0,2,0,0,0,0,0,0.0,0,0,0,1,6,0,0,0,14,0,1,0,0,1,0,0,0,0,,,,0,0,0,0,0,0,0,0,0,0,0,0,0,0,0,1,2,0,4,0,0,0,0,0,0,0,0.0,0.0,0,0,0,1,5,0,0.07,0,1,,3
856668,Paul Jaeckel,paul-jaeckel,2547,1. FC Union Berlin,6.77,20.3,3,0,0,0,0,0.07,0,37,14,51,72.55,23,14,4,0,1,100.0,2,4,1,0,0,0,0.0,0,0,0,3,50.0,3,37.5,6,42.86,175,0.0,0,0,0,0,0,0,0,0,0,0,0,0,0,5,50.0,7,0,0,0,15,0,4,2,75,0,2,0,0,1,0,0,0,0,,,,0,0,0,0,0,4,0,0,0,0,0,0,2,0,0,0,1,0,8,5,0,0,0,10,4,1,50.0,0.0,0,0,0,26,25,0,,0,6,,3
1101942,Petar Ratkov,petar-ratkov,2046,Red Bull Salzburg,6.77,40.6,6,0,1,0,0,0.63,0,19,18,37,51.35,6,14,10,4,0,0.0,1,0,1,0,0,1,100.0,8,3,2,2,25.0,13,43.33,15,39.47,211,0.0,0,0,0,0,0,0,0,0,7,1,0,0,0,0,0.0,3,0,0,2,25,1,1,0,69,1,3,0,0,0,1,3,0,0,,,,0,0,0,0,0,2,1,0,0,0,0,0,2,0,0,4,2,1,23,17,0,0,0,1,3,0,0.0,0.0,0,0,0,7,31,0,0.53,0,5,,6
929199,Carlos Augusto,carlos-augusto,2697,Inter,6.77,40.6,6,0,0,0,0,0.1,0,173,50,223,77.58,104,71,27,2,1,16.67,10,0,1,0,0,2,12.5,6,2,3,12,44.44,11,52.38,23,47.92,473,0.0,0,0,0,0,0,0,0,0,5,1,0,0,0,9,42.86,12,0,0,1,87,1,16,6,340,1,5,0,0,5,2,1,0,0,,,,1,0,0,0,0,4,1,0,0,0,0,0,5,0,0,2,6,16,25,10,0,0,0,21,5,6,60.0,0.0,0,0,0,134,105,0,0.42,0,26,,7
1029788,Vladimir Lučić,vladimir-lucic,5149,FK Crvena zvezda,6.77,40.6,6,0,0,0,0,0.19,0,78,23,101,77.23,33,47,35,7,12,70.59,2,1,1,0,0,2,40.0,3,0,2,17,54.84,2,40.0,19,52.78,201,0.0,0,0,0,0,0,0,0,0,2,1,0,0,0,2,66.67,1,0,0,2,40,0,4,3,158,3,3,0,0,4,1,1,0,0,,,,0,0,0,0,0,5,0,0,0,0,0,0,1,0,0,7,17,5,17,3,0,0,0,3,5,2,100.0,0.0,0,0,0,38,68,0,0.06,0,17,,6
110701,Aleksandar Katai,aleksandar-katai,5149,FK Crvena zvezda,6.76,33.8,5,1,1,0,0,0.51,1,15,6,21,71.43,7,9,4,2,3,100.0,2,0,0,0,0,1,33.33,6,2,4,6,46.15,4,80.0,10,55.56,83,16.67,0,0,0,0,0,0,1,0,5,1,1,0,0,0,0.0,1,0,0,6,17,1,1,1,50,1,1,0,0,0,0,0,0,0,,,,0,0,0,0,0,3,0,0,0,0,0,0,0,0,0,2,3,3,8,1,0,0,0,0,3,1,50.0,83.0,0,0,0,9,15,0,0.37,0,4,,5
985823,Ayase Ueda,ueda-ayase,2959,Feyenoord,6.76,33.8,5,0,0,1,0,0.18,0,18,7,25,72.0,6,13,8,1,0,0.0,1,0,0,0,0,1,33.33,10,3,3,4,66.67,3,75.0,7,70.0,148,0.0,0,0,0,0,0,0,0,0,9,1,0,0,0,0,0.0,0,0,0,0,14,1,0,0,52,3,1,0,0,0,0,4,0,0,,,,0,0,0,0,0,7,0,0,0,0,0,0,1,0,0,1,1,3,3,1,0,0,0,0,7,1,100.0,0.0,0,0,0,8,20,0,1.48,0,3,,5
785468,Aritz Elustondo,aritz-elustondo,2824,Real Sociedad,6.76,33.8,5,0,0,0,0,0.04,0,92,14,106,86.79,58,34,14,0,2,66.67,7,1,3,0,0,0,0.0,2,1,1,10,62.5,4,80.0,14,66.67,176,0.0,0,0,0,0,0,0,0,0,2,0,0,0,0,5,45.45,5,0,0,1,20,0,7,4,147,1,3,0,0,1,0,0,0,0,,,,0,0,0,0,0,1,0,0,0,0,0,0,2,0,0,0,3,0,7,1,0,0,0,11,1,4,57.14,0.0,0,0,0,61,45,0,0.08,0,12,,5
965263,Gustaf Lagerbielke,gustaf-lagerbielke,2352,Celtic,6.75,13.5,2,1,0,0,0,0.0,1,62,6,68,91.18,56,6,2,0,0,0.0,2,2,0,0,1,0,0.0,1,1,0,2,50.0,3,100.0,5,71.43,78,100.0,0,0,0,1,0,0,1,0,1,0,1,0,0,1,33.33,1,0,0,0,6,0,6,2,79,0,2,0,0,0,0,0,0,0,,,,0,0,0,0,0,1,1,0,0,0,0,0,1,0,0,0,0,0,2,0,0,0,0,3,2,0,0.0,78.0,1,0,0,58,10,0,0.79,0,6,,2
105734,Christian Eriksen,christian-eriksen,35,Manchester United,6.75,27.0,4,0,1,1,1,0.78,1,105,27,132,79.55,43,65,33,4,0,0.0,0,3,0,0,0,3,50.0,2,2,0,0,0.0,1,33.33,1,9.09,204,0.0,0,0,0,1,0,0,0,0,2,0,0,0,0,11,57.89,3,0,0,1,35,3,23,11,161,0,2,0,0,3,0,0,0,0,,,,0,0,0,0,0,6,1,0,0,0,0,0,2,0,0,4,3,6,10,2,0,0,0,19,7,0,0.0,0.0,0,0,0,52,86,0,0.18,0,15,,4
1142175,Kobbie Mainoo,kobbie-mainoo,35,Manchester United,6.75,13.5,2,0,0,0,0,0.0,0,19,1,20,95.0,9,10,4,0,1,100.0,2,0,0,0,0,0,0.0,0,0,0,3,100.0,0,0.0,3,100.0,42,0.0,0,0,0,0,0,0,0,0,0,0,0,0,0,2,66.67,2,0,0,0,3,0,2,2,28,0,0,0,0,0,0,0,0,0,,,,0,0,0,0,0,1,1,0,0,0,0,0,0,0,0,0,1,1,0,0,0,0,0,3,2,1,50.0,0.0,0,0,0,9,12,0,,0,3,,2
253875,Timon Wellenreuther,timon-wellenreuther,2959,Feyenoord,6.75,13.5,2,0,0,0,0,0.0,0,57,7,64,89.06,55,2,2,0,0,0.0,0,0,0,0,0,0,0.0,0,0,0,0,0.0,1,100.0,1,100.0,180,0.0,0,0,0,0,0,0,0,0,0,0,0,0,0,5,45.45,1,0,0,0,7,0,7,4,77,1,0,0,0,0,0,0,0,3,,,,1,0,0,0,3,3,0,1,0,0,0,0,2,0,0,0,0,0,0,0,0,0,0,11,3,0,0.0,0.0,0,0,2,56,8,0,,9,10,,2
358108,Scott McKenna,scott-mckenna,1284,FC København,6.75,13.5,2,0,0,0,0,0.01,0,69,8,77,89.61,57,12,4,0,0,0.0,2,2,0,0,0,0,0.0,1,0,1,2,66.67,1,50.0,3,60.0,180,0.0,0,0,0,0,0,0,0,0,1,0,0,0,0,2,33.33,6,0,0,0,10,0,6,3,96,0,2,0,0,0,0,0,0,0,,,,0,0,0,0,0,5,1,0,0,0,0,0,2,0,0,0,0,1,2,1,0,0,0,6,6,2,100.0,0.0,0,0,0,63,15,0,0.12,0,8,,2
96368,Juan Bernat,juan-bernat,3006,Benfica,6.75,13.5,2,0,0,0,0,0.02,0,56,2,58,96.55,34,22,9,0,1,50.0,3,1,1,0,0,0,0.0,1,1,0,5,71.43,0,0.0,5,71.43,111,0.0,0,0,0,0,0,0,0,0,1,0,0,0,0,0,0.0,0,0,0,1,6,0,0,0,77,1,0,0,0,0,0,0,0,0,,,,0,0,0,0,0,2,0,0,0,0,0,0,1,0,0,0,2,0,2,0,0,0,0,0,2,2,66.67,0.0,0,0,0,34,24,0,0.11,0,4,,2
855663,Diogo Leite,diogo-leite,2547,1. FC Union Berlin,6.75,40.5,6,0,0,0,0,0.23,0,249,54,303,82.18,155,94,30,2,2,50.0,11,5,1,0,0,0,0.0,1,0,1,18,45.0,12,41.38,30,43.48,540,0.0,0,0,0,1,0,0,0,0,1,0,0,0,0,18,35.29,30,0,0,0,63,1,39,15,396,5,13,0,0,9,0,0,0,0,,,,0,0,0,0,0,8,2,0,0,0,0,0,6,0,0,2,4,3,39,17,0,0,0,51,10,5,45.45,0.0,0,0,0,171,135,0,0.02,4,35,,6
1126433,Elias Jelert,elias-jelert,1284,FC København,6.74,47.2,7,0,0,0,0,0.34,0,187,45,232,80.6,91,98,47,4,8,61.54,11,4,1,0,1,2,28.57,0,0,0,27,58.7,5,38.46,32,54.24,588,0.0,0,0,0,0,0,0,0,0,0,0,0,0,0,10,41.67,18,0,0,5,84,1,8,6,404,8,4,0,0,5,0,0,1,0,,,,2,0,0,0,0,9,1,0,0,0,0,0,7,0,0,3,13,7,27,8,0,0,0,24,10,8,72.73,0.0,1,0,0,119,120,0,,0,24,,7
267619,Adam Marušić,adam-marusic,2699,Lazio,6.74,47.2,7,0,0,0,0,0.21,0,226,42,268,84.33,114,114,38,4,2,40.0,9,8,1,0,0,2,33.33,2,0,1,14,50.0,2,100.0,16,53.33,522,0.0,0,0,0,0,0,0,0,0,0,2,0,0,0,7,50.0,8,0,0,5,65,0,7,3,379,3,4,0,0,2,0,1,0,0,,,,2,0,0,0,0,8,1,0,0,0,0,0,6,0,0,4,5,6,14,0,0,0,0,14,9,8,88.89,0.0,0,0,0,142,132,0,0.04,0,22,,7
1099117,Samson Baidoo,samson-baidoo,2046,Red Bull Salzburg,6.74,33.7,5,0,0,0,0,0.03,0,159,37,196,81.12,110,49,13,0,2,100.0,9,0,2,0,0,0,0.0,1,0,0,12,57.14,11,57.89,23,57.5,308,0.0,0,0,0,0,0,0,0,0,1,0,0,0,0,11,45.83,11,0,0,0,41,1,16,4,241,1,4,0,0,5,1,1,0,0,,,,0,0,0,0,0,3,1,0,0,0,0,0,3,0,0,0,2,0,17,8,0,0,0,24,4,5,55.56,0.0,0,0,0,122,74,0,0.16,0,19,,5
862078,Meschak Elia,meschak-elia,2445,BSC Young Boys,6.73,40.4,6,2,0,1,0,0.56,2,70,20,90,77.78,18,55,31,10,6,40.0,4,0,0,0,0,3,33.33,7,3,2,17,43.59,1,16.67,18,40.0,500,28.57,0,0,0,0,0,0,1,1,3,4,0,0,2,1,50.0,2,0,0,4,54,1,3,2,169,7,5,0,0,5,9,2,0,0,,,,1,0,0,0,0,11,2,0,0,0,0,0,6,0,0,10,15,9,27,5,0,0,0,2,13,2,50.0,250.0,0,0,0,22,77,0,0.73,0,9,,6
943114,Alhassan Yusuf,alhassan-yusuf,2889,Royal Antwerp FC,6.73,40.4,6,1,1,0,1,0.24,2,143,24,167,85.63,69,74,36,2,3,30.0,9,3,1,0,0,0,0.0,3,2,1,15,35.71,3,37.5,18,36.0,387,33.33,0,0,0,0,0,0,1,0,1,2,0,0,1,6,60.0,5,0,1,4,45,2,6,4,236,3,10,0,0,7,0,0,0,0,,,,0,0,0,0,0,9,1,0,0,0,0,0,4,0,0,2,10,6,32,5,0,0,0,10,10,6,66.67,387.0,0,0,0,81,92,0,0.23,0,28,,6
116955,Saúl Ñíguez,saul-niguez,2836,Atlético Madrid,6.73,60.6,9,1,0,0,0,0.17,1,175,39,214,81.78,72,103,41,3,0,0.0,8,6,1,0,0,0,0.0,5,1,3,11,39.29,9,52.94,20,44.44,437,20.0,0,0,0,0,0,0,1,0,1,4,0,1,0,5,71.43,9,0,0,3,59,3,6,2,289,3,9,0,0,3,3,1,0,0,,,,1,0,0,0,0,6,0,0,0,0,0,0,5,0,0,3,2,4,25,8,0,0,0,7,6,5,62.5,437.0,0,0,0,87,131,0,0.39,0,28,,10
1400650,Lewis Miley,lewis-miley,39,Newcastle United,6.73,20.2,3,0,0,0,1,0.08,1,53,13,66,80.3,21,33,18,3,0,0.0,3,2,0,0,0,1,25.0,0,0,0,5,33.33,0,0.0,5,33.33,171,0.0,0,0,0,0,0,0,0,0,0,0,0,0,0,0,0.0,8,0,0,1,21,1,4,3,100,2,0,0,0,6,0,0,0,0,,,,0,0,0,0,0,2,0,0,0,0,0,0,2,0,0,3,3,4,10,0,0,0,0,4,2,1,33.33,0.0,0,0,0,25,45,0,,0,6,,3
191176,Anthony Martial,anthony-martial,35,Manchester United,6.73,20.2,3,0,1,0,1,0.01,1,13,2,15,86.67,3,10,9,2,2,66.67,0,1,0,0,0,0,0.0,0,0,0,2,33.33,0,0.0,2,25.0,53,0.0,0,0,0,0,0,0,0,0,0,0,0,0,0,0,0.0,1,0,0,3,6,1,1,1,26,0,0,0,0,0,2,0,0,0,,,,0,0,0,0,0,2,1,0,0,0,0,0,0,0,0,2,3,0,6,2,0,0,0,0,3,0,0.0,0.0,0,0,0,3,12,0,,0,2,,4
15444,Leonardo Bonucci,leonardo-bonucci,2547,1. FC Union Berlin,6.73,20.2,3,0,0,0,0,0.02,0,59,23,82,71.95,41,18,9,0,0,0.0,1,2,3,0,0,0,0.0,0,0,0,1,14.29,5,41.67,6,31.58,260,0.0,0,0,0,0,0,0,0,0,0,0,0,0,0,12,48.0,21,0,0,1,24,0,23,11,119,0,4,0,0,1,0,0,0,0,,,,0,0,0,0,0,2,2,0,0,0,0,0,3,0,0,0,0,0,13,7,0,0,0,25,4,0,0.0,0.0,0,0,0,47,35,0,,0,9,,3
848355,Angeliño,angelino,3061,Galatasaray,6.73,40.4,6,0,1,0,0,0.29,0,164,60,224,73.21,68,98,45,3,4,80.0,7,6,0,0,0,2,13.33,0,0,0,16,48.48,6,42.86,22,46.81,427,0.0,0,0,0,0,0,0,0,0,0,0,0,0,0,7,28.0,9,0,0,1,86,2,19,8,334,5,10,0,0,5,0,0,0,0,,,,0,0,0,0,0,8,1,0,0,0,0,0,5,0,0,3,5,15,25,8,0,0,0,25,9,5,71.43,0.0,0,0,0,82,157,0,,0,21,,6
993455,Salis Abdul Samed,salis-abdul-samed,1648,RC Lens,6.73,40.4,6,0,1,0,0,0.34,0,165,27,192,85.94,83,82,40,6,1,50.0,9,5,2,0,0,0,0.0,2,0,1,19,43.18,4,44.44,23,43.4,495,0.0,0,0,0,0,0,0,0,0,2,0,0,0,0,6,66.67,7,0,0,8,41,1,5,4,257,9,12,0,0,4,0,1,0,0,,,,0,0,0,0,0,9,1,0,0,0,0,0,6,0,0,6,2,0,30,5,0,0,0,9,10,5,55.56,0.0,0,0,0,91,101,0,0.19,0,29,,6
287643,Oleksandr Zinchenko,oleksandr-zinchenko,42,Arsenal,6.73,40.4,6,0,0,0,0,0.21,0,209,25,234,89.32,105,104,40,1,0,0.0,6,4,1,0,0,0,0.0,1,1,0,8,47.06,1,33.33,9,45.0,279,0.0,0,0,0,0,0,0,0,0,1,0,0,0,0,12,70.59,1,0,0,2,32,1,21,12,287,2,1,0,0,4,0,0,0,0,,,,0,0,0,0,0,2,0,0,0,0,0,0,3,0,0,1,2,1,11,2,0,0,0,17,2,3,50.0,0.0,0,0,0,113,122,0,0.06,0,19,,6
958380,Antony,antony,35,Manchester United,6.73,20.2,3,0,0,0,0,0.26,0,60,16,76,78.95,11,49,38,1,6,42.86,7,5,1,0,0,0,0.0,2,0,2,18,47.37,1,33.33,19,46.34,233,0.0,0,0,0,0,0,0,0,0,0,2,0,0,0,0,0.0,2,0,0,6,38,2,2,1,138,5,2,0,0,4,0,0,0,0,,,,0,0,0,0,0,2,2,0,0,0,0,0,3,0,0,1,14,2,22,2,0,0,0,1,4,6,85.71,0.0,0,0,0,13,65,0,0.04,0,8,,4
113700,Peter Ankersen,peter-ankersen,1284,FC København,6.73,47.1,7,0,1,0,0,0.37,0,150,43,193,77.72,94,63,28,5,2,66.67,12,10,0,0,0,7,31.82,4,0,2,16,53.33,3,33.33,19,48.72,464,0.0,0,0,0,0,0,0,0,0,2,2,0,0,0,11,36.67,11,0,0,2,72,3,15,7,311,2,2,0,0,9,0,2,0,0,,,,1,0,0,0,0,10,1,0,0,0,0,0,5,0,0,5,3,22,20,6,0,0,0,30,11,8,66.67,0.0,0,0,0,107,108,0,0.23,0,39,,7
21927,Marko Arnautović,marko-arnautovic,2697,Inter,6.73,26.9,4,2,0,3,0,0.06,2,23,8,31,74.19,9,14,9,0,2,66.67,0,1,0,0,0,0,0.0,7,3,4,6,60.0,4,44.44,10,52.63,193,28.57,0,0,0,0,0,0,2,0,7,0,0,2,0,0,0.0,2,0,0,2,19,0,0,0,61,4,1,0,0,0,2,0,0,0,,,,0,0,0,0,0,3,1,0,0,0,0,0,2,0,0,0,3,4,9,5,0,0,0,0,4,0,0.0,96.5,0,0,0,12,23,0,2.85,0,4,,4
907463,Felix Nmecha,felix-nmecha,2673,Borussia Dortmund,6.73,53.8,8,1,0,1,0,0.13,1,89,29,118,75.42,23,66,33,5,4,50.0,8,5,1,0,0,0,0.0,7,2,2,15,46.88,6,60.0,21,50.0,357,14.29,0,0,0,0,0,0,1,0,4,3,0,0,1,4,36.36,6,0,0,1,41,1,7,4,178,3,6,0,0,6,0,3,0,0,,,,1,0,0,0,0,4,0,0,0,0,0,0,3,0,0,5,8,1,21,4,0,0,0,11,4,3,37.5,357.0,0,0,0,30,89,0,0.48,0,18,,8
138310,Raphaël Varane,raphael-varane,35,Manchester United,6.73,26.9,4,0,0,0,0,0.04,0,205,28,233,87.98,133,72,15,0,0,0.0,4,4,0,0,0,0,0.0,0,0,0,5,83.33,11,78.57,16,80.0,334,0.0,0,0,0,0,0,0,0,0,0,0,0,0,0,9,45.0,13,0,0,1,30,1,18,10,269,1,0,0,0,0,0,0,0,0,,,,1,0,0,0,0,8,0,0,0,0,0,0,3,0,0,0,0,0,4,3,0,0,0,20,8,3,75.0,0.0,0,0,0,144,89,0,,3,19,,4
94527,Marko Dmitrović,marko-dmitrovic,2833,Sevilla,6.73,26.9,4,0,0,0,0,0.01,0,81,56,137,59.12,60,21,6,0,0,0.0,0,0,0,0,0,0,0.0,0,0,0,0,0.0,2,100.0,2,100.0,360,0.0,0,0,0,0,0,0,0,0,0,0,0,0,0,28,33.33,8,0,0,0,57,0,28,9,170,0,0,0,0,0,0,0,0,8,,,,0,1,0,5,3,7,1,5,2,2,6,0,4,0,0,0,0,0,0,0,0,0,0,84,8,0,0.0,0.0,0,1,2,71,66,0,,38,21,,4
823941,Alexander Isak,alexander-isak,39,Newcastle United,6.72,33.6,5,1,1,1,0,0.11,1,53,14,67,79.1,22,31,18,3,2,22.22,1,0,0,0,0,0,0.0,6,3,2,8,30.77,3,33.33,11,31.43,312,16.67,0,0,0,0,0,0,1,0,5,1,0,1,0,2,50.0,2,0,0,8,34,3,2,1,114,5,3,0,0,0,1,1,0,0,,,,0,0,0,0,0,3,0,0,0,0,0,0,4,0,0,3,9,0,24,6,0,0,0,4,3,0,0.0,312.0,0,0,0,27,40,0,1.42,0,9,,5
278763,Mirko Ivanić,mirko-ivanic,5149,FK Crvena zvezda,6.72,33.6,5,0,1,1,1,0.84,1,66,21,87,75.86,17,50,30,5,1,16.67,7,7,2,0,0,1,12.5,7,1,3,10,29.41,3,42.86,13,31.71,376,0.0,0,0,0,0,0,0,0,0,4,3,0,0,0,5,50.0,6,0,0,10,54,6,6,1,181,2,3,0,0,6,1,3,0,0,,,,0,0,0,0,0,8,2,0,0,0,0,0,5,0,0,5,6,8,28,4,0,0,0,10,10,2,28.57,0.0,0,0,0,20,75,0,0.47,0,23,,5
787889,Lucas Tousart,lucas-tousart,2547,1. FC Union Berlin,6.72,33.6,5,0,1,0,1,0.03,1,41,23,64,64.06,24,17,7,2,0,0.0,10,4,3,0,0,0,0.0,2,0,1,11,55.0,3,50.0,14,53.85,238,0.0,0,0,0,0,0,0,0,0,1,1,0,0,0,1,12.5,3,0,0,2,36,2,3,0,109,1,4,0,0,2,0,1,0,0,,,,0,0,0,0,0,2,1,0,0,0,0,0,3,0,0,2,2,1,12,3,0,0,0,8,3,5,50.0,0.0,0,0,0,31,34,0,0.14,0,15,,5
996820,Kristjan Asllani,kristjan-asllani,2697,Inter,6.72,33.6,5,0,0,0,0,0.25,0,140,12,152,92.11,81,60,16,1,3,75.0,2,1,2,0,0,1,33.33,4,2,2,7,46.67,0,0.0,7,43.75,202,0.0,0,0,0,0,0,0,0,0,0,4,0,0,0,10,55.56,3,0,0,2,22,2,14,9,185,2,3,0,0,2,0,0,0,0,,,,0,0,0,0,0,3,1,0,0,0,0,0,2,0,0,1,4,3,9,1,0,0,0,18,4,1,50.0,0.0,0,0,0,84,71,0,0.08,0,13,,6
252577,Rafa Silva,rafa-silva,3006,Benfica,6.72,40.3,6,2,0,3,0,0.64,2,138,32,170,81.18,36,102,66,6,4,30.77,7,3,1,0,0,0,0.0,12,4,6,22,40.0,4,33.33,26,38.81,505,16.67,0,0,0,0,0,0,2,0,10,2,0,0,2,3,100.0,0,0,0,15,75,3,5,3,270,11,4,0,0,5,2,2,0,0,,,,0,0,0,0,0,10,1,0,0,0,0,0,6,0,0,6,13,5,41,8,0,0,0,3,11,4,57.14,252.5,0,0,0,41,134,0,2.34,0,17,,6
68332,Nemanja Gudelj,nemanja-gudelj,2833,Sevilla,6.72,40.3,6,2,0,0,0,0.13,2,277,38,315,87.94,180,97,26,1,0,0.0,12,4,1,0,0,0,0.0,4,3,1,14,48.28,8,53.33,22,50.0,540,50.0,0,0,0,0,0,0,2,0,3,1,1,0,1,10,34.48,17,0,0,1,42,0,11,5,371,2,8,1,1,6,1,0,0,0,,,,0,0,0,0,0,11,1,0,0,0,0,0,6,0,0,1,0,0,22,7,0,0,0,29,12,7,58.33,270.0,0,0,0,194,121,0,0.44,0,22,,6
858194,Eddie Nketiah,eddie-nketiah,42,Arsenal,6.72,40.3,6,1,0,0,0,0.16,1,34,7,41,82.93,15,19,12,1,1,33.33,0,0,0,0,0,0,0.0,5,2,2,3,20.0,1,100.0,4,25.0,141,20.0,0,0,0,0,0,0,1,0,5,0,0,1,0,0,0.0,1,0,0,3,21,0,0,0,72,2,7,0,0,0,0,1,0,0,,,,0,0,0,0,0,1,0,0,0,0,0,0,1,0,0,1,3,1,12,0,0,0,0,0,1,0,0.0,141.0,0,0,0,20,22,0,0.36,0,6,,6
826013,Abel Ruíz,abel-ruiz,2999,Sporting Braga,6.72,40.3,6,0,0,1,0,0.11,0,50,7,57,87.72,9,41,23,3,0,0.0,1,0,0,0,0,0,0.0,7,2,4,2,40.0,2,20.0,4,26.67,217,0.0,0,0,0,0,0,0,0,0,7,0,0,0,0,3,100.0,0,0,0,2,10,0,2,2,72,1,1,0,0,0,1,1,0,0,,,,0,0,0,0,0,1,0,0,0,0,0,0,1,0,0,3,0,0,11,8,0,0,0,3,1,0,0.0,0.0,0,0,0,9,48,0,0.94,0,3,,6
954056,Nico González,nico-gonzalez,3002,FC Porto,6.72,40.3,6,0,0,0,0,0.08,0,67,20,87,77.01,33,34,17,4,2,100.0,4,2,1,0,0,0,0.0,2,0,2,11,47.83,6,60.0,17,51.52,233,0.0,0,0,0,0,0,0,0,0,1,1,0,0,0,2,40.0,4,0,0,2,25,1,5,4,118,6,6,0,0,4,0,0,0,0,,,,0,0,0,0,0,1,0,0,0,0,0,0,2,0,0,4,2,0,16,4,0,0,0,5,1,4,100.0,0.0,0,0,0,44,43,0,0.11,0,9,,6
794338,Daichi Kamada,daichi-kamada,2699,Lazio,6.71,47.0,7,0,0,0,0,0.11,0,104,19,123,84.55,55,50,18,1,1,50.0,7,1,0,0,0,1,100.0,4,2,0,10,58.82,1,50.0,11,57.89,263,0.0,0,0,0,0,0,0,0,0,0,4,0,0,0,5,83.33,2,0,0,1,27,3,3,2,155,2,5,0,0,1,0,2,0,0,,,,0,0,0,0,0,1,1,0,0,0,0,0,3,0,0,1,2,1,8,1,0,0,0,6,2,3,42.86,0.0,0,0,0,59,65,0,0.13,0,12,,7
905421,Luis Palma,luis-palma,2352,Celtic,6.7,33.5,5,2,0,0,0,0.12,2,79,24,103,76.7,17,62,36,1,3,16.67,5,3,3,0,0,0,0.0,6,5,0,13,33.33,1,50.0,14,34.15,268,33.33,1,1,0,0,0,0,2,0,4,2,0,0,2,6,54.55,1,0,0,4,71,3,10,6,184,5,2,0,0,5,2,1,0,0,,,,0,0,0,0,0,4,2,0,0,0,0,0,4,100,0,1,18,13,27,1,0,0,0,11,6,3,60.0,134.0,0,0,0,24,92,0,1.06,0,16,,5
890695,Arbnor Muja,arbnor-muja,2889,Royal Antwerp FC,6.7,33.5,5,1,0,1,0,0.25,1,82,23,105,78.1,24,58,33,2,6,75.0,5,0,1,0,1,0,0.0,11,6,4,11,40.74,0,0.0,11,37.93,358,9.09,0,0,0,0,0,0,1,0,5,6,0,1,0,2,100.0,1,0,0,6,59,2,3,0,178,0,3,0,0,5,3,1,0,0,,,,0,0,0,0,0,12,1,0,0,0,0,0,4,0,0,2,8,14,18,2,0,0,0,2,13,3,60.0,358.0,1,0,0,27,92,0,0.8,0,10,,5
923969,Michel Ange Balikwisha,michel-ange-balikwisha,2889,Royal Antwerp FC,6.7,33.5,5,1,1,1,0,0.33,1,77,15,92,83.7,27,56,32,5,6,40.0,9,5,0,0,0,6,20.0,3,2,1,17,40.48,1,33.33,18,40.0,387,33.33,0,0,0,0,0,0,0,1,2,1,0,0,1,4,80.0,1,0,0,5,61,2,2,1,184,2,6,0,0,5,0,0,0,0,,,,0,0,0,0,0,11,1,0,0,0,0,0,5,0,0,5,15,30,27,2,0,0,0,5,12,4,44.44,387.0,0,0,0,30,92,0,0.68,0,14,,5
1140599,Jamie Gittens,jamie-bynoe-gittens,2673,Borussia Dortmund,6.7,46.9,7,1,0,0,0,0.09,1,35,19,54,64.81,10,25,16,1,5,41.67,2,1,0,0,0,0,0.0,8,1,4,13,39.39,0,0.0,13,39.39,208,12.5,0,0,1,0,0,0,1,0,4,4,0,0,1,2,66.67,2,0,0,9,43,1,1,0,109,6,2,2,0,2,0,3,0,0,,,,0,0,0,0,0,2,0,0,0,0,0,0,2,0,0,1,12,1,20,0,0,0,0,3,2,1,50.0,208.0,0,0,0,10,45,0,0.53,0,6,,7
966670,Lewin Blum,lewin-blum,2445,BSC Young Boys,6.7,26.8,4,1,0,0,0,0.17,1,39,17,56,69.64,16,27,11,3,1,20.0,5,2,1,0,0,4,33.33,4,1,2,6,35.29,1,16.67,7,30.43,215,25.0,0,0,0,0,0,0,1,0,1,3,0,1,0,5,55.56,5,0,0,0,35,0,5,2,114,0,5,0,0,3,1,1,0,0,,,,1,0,0,0,0,3,1,0,0,0,0,0,2,0,0,3,5,12,16,5,0,0,0,9,4,5,100.0,215.0,0,0,0,20,48,1,0.09,0,6,,4
135264,Yussuf Poulsen,yussuf-poulsen,36360,RB Leipzig,6.7,46.9,7,0,1,0,1,0.51,1,52,22,74,70.27,21,31,16,3,4,66.67,1,1,2,0,0,0,0.0,6,3,2,9,34.62,4,40.0,13,36.11,338,0.0,0,0,0,0,0,0,0,0,6,0,0,0,0,0,0.0,0,0,1,3,32,3,4,2,109,4,9,0,0,4,0,1,0,0,,,,0,0,0,0,0,5,0,0,0,0,0,0,4,0,0,3,6,1,23,6,0,0,0,0,5,0,0.0,0.0,0,0,0,29,46,0,0.57,0,10,,7
945204,Elias Achouri,elias-achouri,1284,FC København,6.7,53.6,8,0,1,0,1,1.56,1,123,43,166,74.1,39,86,60,5,17,38.64,16,2,0,0,0,2,16.67,10,2,3,37,40.66,9,60.0,46,43.4,557,0.0,0,0,0,0,0,0,0,0,7,3,0,0,0,0,0.0,2,0,1,17,118,5,8,3,315,4,5,0,0,6,4,5,0,0,,,,0,0,0,0,0,8,1,0,0,0,0,0,7,0,0,5,44,12,60,6,0,0,0,9,9,11,68.75,0.0,0,0,0,49,129,0,0.3,0,37,,8
904852,Yukhym Konoplya,yukhym-konoplya,3313,Shakhtar Donetsk,6.7,20.1,3,0,0,0,1,0.79,1,86,22,108,79.63,46,43,16,3,3,75.0,8,6,3,0,0,3,50.0,1,0,0,13,56.52,0,0.0,13,52.0,256,0.0,0,0,0,0,0,0,0,0,1,0,0,0,0,3,33.33,3,0,0,2,35,2,16,6,165,2,5,0,0,2,1,1,0,0,,,,0,0,0,0,0,5,2,0,0,0,0,0,3,0,0,3,4,6,12,2,0,0,0,9,7,5,62.5,0.0,0,0,0,55,59,0,0.06,0,14,,3
1406639,Victor Froholdt,victor-froholdt,1284,FC København,6.7,6.7,1,0,0,0,0,0.0,0,6,3,9,66.67,5,1,1,0,0,0.0,2,3,0,0,0,0,0.0,0,0,0,2,40.0,0,0.0,2,40.0,58,0.0,0,0,0,0,0,0,0,0,0,0,0,0,0,0,0.0,1,0,0,1,5,0,0,0,21,0,0,0,0,2,0,0,0,0,,,,0,0,0,0,0,2,1,0,0,0,0,0,1,0,0,0,0,0,3,0,0,0,0,0,3,2,100.0,0.0,0,0,0,6,3,0,,0,2,,1
1142249,Frans Krätzig,frans-kratzig,2672,FC Bayern München,6.7,6.7,1,0,0,0,0,0.0,0,7,1,8,87.5,3,4,1,0,0,0.0,0,0,0,0,0,0,0.0,0,0,0,0,0.0,0,0.0,0,0.0,11,0.0,0,0,0,0,0,0,0,0,0,0,0,0,0,0,0.0,1,0,0,0,1,0,0,0,11,0,0,0,0,0,0,0,0,0,,,,0,0,0,0,0,0,0,0,0,0,0,0,0,0,0,0,0,0,0,0,0,0,0,0,0,0,0.0,0.0,0,0,0,3,5,0,,0,2,,1
1000483,Marc Casadó,marc-casado,2817,FC Barcelona,6.7,13.4,2,0,0,0,0,0.04,0,17,5,22,77.27,3,14,7,0,0,0.0,0,1,0,0,0,0,0.0,0,0,0,1,100.0,0,0.0,1,100.0,22,0.0,0,0,0,0,0,0,0,0,0,0,0,0,0,2,40.0,1,0,0,0,6,0,1,0,28,1,0,0,0,0,0,0,0,0,,,,0,0,0,0,0,1,0,0,0,0,0,0,0,0,0,0,0,1,0,0,0,0,0,5,1,0,0.0,0.0,0,0,0,6,17,0,,0,1,,2
1009386,Hannibal Mejbri,hannibal-mejbri,35,Manchester United,6.7,13.4,2,0,0,0,0,0.03,0,19,5,24,79.17,6,13,7,0,2,50.0,2,0,0,0,0,0,0.0,0,0,0,7,63.64,1,100.0,8,66.67,61,0.0,0,0,0,0,0,0,0,0,0,0,0,0,0,0,0.0,0,0,0,0,10,0,0,0,40,3,1,0,0,1,0,0,0,0,,,,0,0,0,0,0,1,0,0,0,0,0,0,1,0,0,0,4,2,4,0,0,0,0,0,1,1,50.0,0.0,0,0,0,7,19,0,,0,1,,2
1126692,Antoni Milambo,antoni-milambo,2959,Feyenoord,6.7,13.4,2,0,0,0,0,0.07,0,24,1,25,96.0,4,20,12,1,1,100.0,0,1,0,0,0,0,0.0,0,0,0,1,100.0,0,0.0,1,50.0,35,0.0,0,0,0,0,0,0,0,0,0,0,0,0,0,1,100.0,0,0,0,0,3,0,0,0,30,0,0,0,0,0,0,0,0,0,,,,0,0,0,0,0,1,0,0,0,0,0,0,0,0,0,1,1,1,1,1,0,0,0,1,1,0,0.0,0.0,0,0,0,4,22,0,,0,0,,2
822519,Éder Militão,eder-militao,2829,Real Madrid,6.7,6.7,1,0,0,0,0,0.0,0,3,1,4,75.0,3,0,0,0,0,0.0,1,0,0,0,0,0,0.0,0,0,0,1,50.0,2,100.0,3,75.0,12,0.0,0,0,0,0,0,0,0,0,0,0,0,0,0,0,0.0,3,0,0,0,1,0,1,0,11,0,1,0,0,0,0,0,0,0,,,,0,0,0,0,0,0,0,0,0,0,0,0,0,0,0,0,0,0,1,0,0,0,0,1,0,1,100.0,0.0,0,0,0,4,0,0,,0,0,,3
942335,Kamil Piątkowski,kamil-piatkowski,2046,Red Bull Salzburg,6.7,13.4,2,0,0,0,0,0.0,0,61,24,85,71.76,51,10,3,0,0,0.0,5,4,0,0,0,0,0.0,0,0,0,5,62.5,3,75.0,8,66.67,181,0.0,0,0,0,0,0,0,0,0,0,0,0,0,0,5,25.0,14,0,0,1,28,0,6,1,120,0,0,0,0,1,0,0,0,0,,,,1,0,0,0,0,2,1,0,0,0,0,0,2,0,0,0,1,0,4,1,0,0,0,20,3,4,80.0,0.0,0,0,0,61,24,0,,1,9,,3
887581,Boubakary Soumaré,boubakary-soumare,2833,Sevilla,6.7,26.8,4,0,0,0,0,0.16,0,141,10,151,93.38,80,61,20,0,3,75.0,5,3,2,0,0,0,0.0,0,0,0,8,50.0,5,83.33,13,59.09,215,0.0,0,0,0,1,0,0,0,0,0,0,0,0,0,5,71.43,2,0,0,3,16,0,9,5,177,0,3,0,0,1,0,0,0,0,,,,0,0,0,0,0,4,0,0,0,0,0,0,2,0,0,0,4,1,9,1,0,0,0,7,4,5,100.0,0.0,0,0,0,83,69,0,,0,11,,4
137661,Viktor Claesson,viktor-claesson,1284,FC København,6.7,46.9,7,0,0,1,0,0.38,0,129,51,180,71.67,67,62,41,7,3,50.0,7,4,0,0,0,0,0.0,6,1,3,12,36.36,11,27.5,23,31.51,481,0.0,0,0,0,0,0,0,0,0,6,0,0,0,0,1,25.0,10,0,0,5,76,5,5,2,274,2,9,0,0,5,1,2,0,0,,,,1,0,0,0,0,10,0,0,0,0,0,0,6,0,0,7,6,0,50,29,0,0,0,4,10,4,57.14,0.0,0,0,0,87,93,0,0.77,0,25,,7
794953,Kevin Danso,kevin-danso,1648,RC Lens,6.7,40.2,6,0,0,0,0,0.06,0,190,28,218,87.16,138,52,17,1,2,33.33,4,4,2,0,0,0,0.0,7,2,4,18,58.06,17,58.62,35,58.33,540,0.0,0,0,0,0,0,0,0,0,7,0,0,0,0,10,50.0,27,0,0,4,43,1,11,5,302,12,3,0,0,2,1,1,0,0,,,,0,0,0,0,0,10,1,0,0,0,0,0,6,0,0,1,6,1,25,12,0,0,0,20,11,2,50.0,0.0,0,0,0,149,70,0,0.55,10,41,,6
989803,Facundo Pellistri,facundo-pellistri,35,Manchester United,6.7,20.1,3,0,0,1,0,0.01,0,19,2,21,90.48,6,13,8,1,2,66.67,3,1,0,0,0,0,0.0,3,1,2,8,66.67,1,50.0,9,64.29,108,0.0,0,0,0,0,0,0,0,0,2,1,0,0,0,0,0.0,0,0,0,0,7,0,0,0,43,3,2,0,0,2,0,0,0,0,,,,0,0,0,0,0,2,1,0,0,0,0,0,1,0,0,1,3,0,5,1,0,0,0,0,3,2,66.67,0.0,0,0,0,6,15,0,0.36,0,3,,3
911195,Fernando,fernando,2046,Red Bull Salzburg,6.7,6.7,1,0,0,0,0,0.02,0,5,2,7,71.43,0,5,3,1,1,33.33,0,0,0,0,0,0,0.0,3,1,1,2,25.0,2,33.33,4,28.57,35,0.0,0,0,0,0,0,0,0,0,3,0,0,0,0,0,0.0,0,0,0,1,6,0,0,0,18,1,2,0,0,1,0,1,0,0,,,,0,0,0,0,0,1,0,0,0,0,0,0,0,0,0,1,3,0,10,4,0,0,0,1,1,0,0.0,0.0,0,0,0,0,7,0,0.26,0,2,,1
1149113,Oscar Højlund,oscar-hojlund,1284,FC København,6.7,13.4,2,0,0,0,0,0.01,0,16,4,20,80.0,7,9,5,0,2,100.0,3,0,0,0,0,0,0.0,1,0,1,5,71.43,0,0.0,5,62.5,45,0.0,0,0,0,0,0,0,0,0,1,0,0,0,0,0,0.0,1,0,0,0,6,0,0,0,31,0,2,0,0,0,0,0,0,0,,,,0,0,0,0,0,1,0,0,0,0,0,0,0,0,0,0,2,0,3,1,0,0,0,2,1,2,66.67,0.0,0,0,0,8,12,0,0.24,0,6,,6
227862,Wesley Saïd,wesley-said,1648,RC Lens,6.7,20.1,3,0,0,0,0,0.01,0,10,6,16,62.5,5,5,4,1,1,100.0,1,0,1,0,0,0,0.0,3,0,1,2,50.0,1,100.0,3,60.0,52,0.0,0,0,0,0,0,0,0,0,3,0,0,0,0,0,0.0,0,0,0,0,8,0,0,0,26,0,1,0,0,1,1,2,0,0,,,,0,0,0,0,0,0,0,0,0,0,0,0,0,0,0,1,1,1,2,0,0,0,0,0,0,0,0.0,0.0,0,0,0,6,11,0,0.16,0,1,,3
289181,Peter Olayinka,peter-olayinka,5149,FK Crvena zvezda,6.7,33.5,5,0,0,0,0,0.04,0,25,17,42,59.52,13,12,9,1,1,20.0,6,1,1,0,0,0,0.0,3,3,0,12,54.55,4,57.14,16,55.17,173,0.0,0,0,0,0,0,0,0,0,3,0,0,0,0,0,0.0,2,0,0,3,36,1,3,0,90,5,3,0,0,0,2,0,0,0,,,,0,0,0,0,0,4,0,0,0,0,0,0,2,0,0,1,5,4,13,3,0,0,0,3,4,4,66.67,0.0,0,0,0,16,30,0,0.14,0,13,,5
359272,Sofyan Amrabat,sofyan-amrabat,35,Manchester United,6.7,33.5,5,0,0,0,0,0.31,0,146,20,166,87.95,91,56,18,1,0,0.0,8,3,2,0,0,1,33.33,1,1,0,13,65.0,2,50.0,15,62.5,327,0.0,0,0,0,0,0,0,0,0,1,0,0,0,0,7,70.0,3,0,0,0,30,0,6,2,219,5,4,0,0,2,0,0,0,0,,,,0,0,0,0,0,6,1,0,0,0,0,0,4,0,0,1,1,3,9,2,0,0,0,10,7,5,62.5,0.0,0,0,0,97,72,0,0.05,0,21,,5
48557,Christopher Trimmel,christopher-trimmel,2547,1. FC Union Berlin,6.7,20.1,3,0,0,0,0,0.13,0,32,12,44,72.73,11,23,14,2,0,0.0,4,1,1,0,0,2,22.22,1,1,0,4,57.14,0,0.0,4,50.0,124,0.0,0,0,0,0,0,0,0,0,0,1,0,0,0,4,40.0,3,0,0,1,23,0,10,6,83,0,1,0,0,1,0,0,0,0,,,,0,0,0,0,0,2,0,0,0,0,0,0,1,0,0,2,0,9,4,1,0,0,0,10,2,4,100.0,0.0,0,0,0,15,38,0,0.05,0,5,,3
945233,Thomas Van den Belt,thomas-van-den-belt,2959,Feyenoord,6.7,6.7,1,0,0,0,0,0.03,0,13,2,15,86.67,5,8,2,0,1,100.0,1,1,0,0,0,0,0.0,1,0,1,2,66.67,0,0.0,2,66.67,35,0.0,0,0,0,0,0,0,0,0,0,1,0,0,0,0,0.0,0,0,0,0,2,1,0,0,21,0,0,0,0,1,0,0,0,0,,,,0,0,0,0,0,1,0,0,0,0,0,0,0,0,0,0,1,0,1,0,0,0,0,0,1,0,0.0,0.0,0,0,0,6,9,0,0.05,0,1,,1
1402913,Pau Cubarsí,pau-cubarsi,2817,FC Barcelona,6.7,20.1,3,0,1,0,0,0.02,0,125,20,145,86.21,95,30,9,1,0,0.0,6,1,1,0,0,0,0.0,1,0,0,6,75.0,5,71.43,11,73.33,270,0.0,0,0,0,0,0,0,0,0,1,0,0,0,0,14,51.85,13,0,0,1,21,0,16,9,173,0,1,0,0,0,0,1,0,0,,,,0,0,0,0,0,6,1,0,0,0,0,0,3,0,0,1,0,0,4,2,0,0,0,27,7,5,83.33,0.0,0,0,0,105,40,0,0.04,2,14,,3
876860,Aleksa Terzić,aleksa-terzic,2046,Red Bull Salzburg,6.7,13.4,2,0,0,0,0,0.28,0,40,21,61,65.57,25,21,8,4,0,0.0,3,2,0,0,0,6,30.0,1,0,0,5,35.71,2,100.0,7,43.75,180,0.0,0,0,0,0,0,0,0,0,0,1,0,0,0,4,40.0,3,0,0,1,43,0,8,3,122,3,2,0,0,4,0,1,0,0,,,,1,0,0,0,0,2,0,0,0,0,0,0,2,0,0,4,2,20,9,0,0,0,0,10,2,1,33.33,0.0,0,0,0,32,49,0,0.02,0,20,,2
317301,Danilo Cataldi,danilo-cataldi,2699,Lazio,6.7,33.5,5,0,0,0,0,0.06,0,78,12,90,86.67,40,38,14,1,2,100.0,2,1,1,0,0,0,0.0,1,1,0,5,55.56,0,0.0,5,55.56,156,0.0,0,0,0,0,0,0,0,0,0,1,0,0,0,4,80.0,1,0,0,1,16,0,5,1,105,1,2,0,0,1,0,0,0,0,,,,1,0,0,0,0,1,0,0,0,0,0,0,1,0,0,1,2,3,4,0,0,0,0,5,1,1,50.0,0.0,0,0,0,46,47,0,0.02,0,5,,5
976421,Castello Lukeba,castello-lukeba,36360,RB Leipzig,6.69,46.8,7,0,0,0,0,0.05,0,362,39,401,90.27,273,89,17,0,1,50.0,7,16,1,0,0,0,0.0,1,1,0,12,54.55,7,63.64,19,57.58,620,0.0,0,0,0,0,0,0,0,0,1,0,0,0,0,11,42.31,15,1,1,1,44,1,24,12,468,4,5,0,0,4,0,0,0,0,,,,0,0,0,0,0,11,0,0,0,0,0,0,7,0,0,0,2,0,14,4,0,0,0,26,11,3,42.86,0.0,0,0,0,293,108,0,0.09,1,30,,7
838232,Eljif Elmas,eljif-elmas,36360,RB Leipzig,6.69,46.8,7,0,0,0,0,0.12,0,65,11,76,85.53,24,41,22,0,9,75.0,1,3,0,0,0,0,0.0,2,0,1,12,57.14,1,100.0,13,59.09,168,0.0,0,0,0,0,0,0,0,0,0,2,0,0,0,2,66.67,0,0,0,1,24,1,3,1,113,3,4,0,0,1,0,1,0,0,,,,0,0,0,0,0,3,1,0,0,0,0,0,0,0,0,0,12,6,9,0,0,0,0,3,4,0,0.0,0.0,0,0,0,27,55,0,0.09,0,8,,7
39070,Olivier Giroud,olivier-giroud,2692,AC Milan,6.68,40.1,6,1,1,4,1,0.4,2,66,36,102,64.71,43,23,11,3,0,0.0,3,0,1,0,0,0,0.0,13,7,5,11,40.74,15,62.5,26,50.98,512,7.69,1,0,0,0,0,0,1,0,10,3,1,0,0,0,0.0,10,0,1,6,51,1,2,1,166,10,6,0,0,7,3,1,0,0,,,,1,0,0,0,0,7,1,0,0,0,0,0,6,0,0,3,0,0,25,9,0,0,1,2,8,1,33.33,512.0,0,0,0,55,47,0,2.58,0,9,,6
976037,Jakub Kiwior,jakub-kiwior,42,Arsenal,6.68,40.1,6,0,0,0,0,0.15,0,140,29,169,82.84,73,68,26,3,3,100.0,8,2,1,0,0,1,100.0,5,1,3,11,40.74,5,100.0,16,50.0,388,0.0,0,0,0,0,0,0,0,0,4,1,0,0,0,5,35.71,4,0,0,1,42,1,9,2,234,0,6,0,0,9,0,1,0,0,,,,0,0,0,0,0,3,1,0,0,0,0,0,4,0,0,3,3,1,16,0,0,0,0,14,4,4,50.0,0.0,0,0,0,85,85,0,0.51,0,10,,7
860307,Facundo Medina,facundo-medina,1648,RC Lens,6.68,40.1,6,0,0,0,0,0.19,0,227,37,264,85.98,149,79,37,2,2,66.67,9,5,3,0,0,1,25.0,4,1,3,16,57.14,5,33.33,21,48.84,495,0.0,0,0,1,1,0,0,0,0,2,2,0,0,0,7,41.18,12,0,0,4,53,2,22,10,343,5,6,1,0,1,0,0,0,0,,,,0,0,0,0,0,9,1,0,0,0,0,0,6,0,0,2,3,4,22,10,0,0,0,17,10,6,66.67,0.0,0,0,0,169,99,0,0.36,1,33,,6
871706,Randal Kolo Muani,randal-kolo-muani,1644,Paris Saint-Germain,6.68,66.8,10,1,3,2,0,1.48,1,80,33,113,70.8,25,55,35,8,7,36.84,7,1,1,0,0,0,0.0,8,2,3,22,40.0,6,54.55,28,42.42,484,12.5,0,0,0,0,0,0,1,0,7,1,0,0,1,0,0.0,4,0,0,12,72,2,1,1,208,8,9,0,0,1,2,3,0,0,,,,0,0,0,0,0,8,0,0,0,0,0,0,6,0,0,8,19,1,38,5,0,0,0,0,8,3,42.86,484.0,0,0,0,32,82,0,1.9,0,11,,10
231946,Adrien Thomasson,adrien-thomasson,1648,RC Lens,6.68,33.4,5,1,0,1,0,0.28,1,77,21,98,78.57,39,40,29,4,0,0.0,0,0,1,0,0,2,20.0,5,1,3,0,0.0,3,25.0,3,18.75,224,20.0,0,0,0,0,0,0,1,0,5,0,0,0,1,3,50.0,2,1,0,2,36,2,7,5,130,0,1,0,0,1,0,1,0,0,,,,0,0,0,0,0,3,0,0,0,0,0,0,2,0,0,4,1,10,13,9,0,0,0,6,3,0,0.0,224.0,0,0,0,50,58,0,0.37,0,12,,5
791642,Josip Juranović,josip-juranovic,2547,1. FC Union Berlin,6.68,33.4,5,0,0,0,0,0.33,0,96,32,128,75.0,54,48,19,5,2,66.67,6,2,1,0,0,6,26.09,4,0,2,11,64.71,1,50.0,12,63.16,416,0.0,0,0,0,0,2,0,0,0,0,4,0,0,0,8,38.1,8,0,1,1,66,1,18,8,236,3,0,1,0,4,0,2,0,0,,,,0,0,0,0,0,6,2,0,0,0,0,0,5,0,0,5,3,23,7,1,0,0,0,21,8,1,16.67,0.0,0,0,0,65,86,0,0.2,0,27,,5
988277,Darian Maleš,darian-males,2445,BSC Young Boys,6.68,33.4,5,0,0,0,0,0.29,0,31,11,42,73.81,8,25,12,3,3,75.0,3,1,1,0,0,2,40.0,4,0,1,11,64.71,2,66.67,13,65.0,164,0.0,0,0,0,0,0,0,0,0,1,3,0,0,0,3,100.0,1,0,0,3,22,3,5,3,76,5,3,0,0,0,0,3,0,0,,,,0,0,0,0,0,3,0,0,0,0,0,0,2,0,0,3,4,5,7,1,0,0,0,3,3,2,66.67,0.0,0,0,0,10,37,0,0.2,0,7,,6
21626,Eric Maxim Choupo-Moting,eric-maxim-choupo-moting,2672,FC Bayern München,6.68,26.7,4,0,0,1,0,0.03,0,14,3,17,82.35,7,7,5,1,1,50.0,1,0,0,0,0,0,0.0,4,2,2,3,60.0,2,50.0,5,55.56,60,0.0,0,0,0,0,0,0,0,0,3,1,0,0,0,1,100.0,2,0,0,1,9,0,1,0,32,1,0,0,0,0,0,0,0,0,,,,0,0,0,0,0,4,0,0,0,0,0,0,0,0,0,1,2,0,4,2,0,0,0,1,4,1,100.0,0.0,0,0,0,8,9,0,0.33,0,3,,5
823631,Dodi Lukebakio,dodi-lukebakio,2833,Sevilla,6.68,26.7,4,0,0,0,0,0.24,0,52,11,63,82.54,21,33,14,4,5,38.46,2,1,0,0,0,2,28.57,4,1,2,11,42.31,0,0.0,11,40.74,247,0.0,0,0,0,0,0,0,0,0,2,2,0,0,0,0,0.0,0,0,0,0,36,3,2,0,114,4,4,1,0,3,0,1,0,0,,,,0,0,0,0,0,5,0,0,0,0,0,0,3,0,0,4,13,7,16,1,0,0,0,1,5,2,100.0,0.0,0,0,0,25,45,0,0.19,0,12,,4
1462434,George Ilenikhena,george-ilenikhena,2889,Royal Antwerp FC,6.67,40.0,6,1,1,0,0,0.11,1,12,4,16,75.0,5,7,6,3,1,33.33,1,0,0,0,0,0,0.0,2,1,1,4,40.0,1,9.09,5,23.81,161,50.0,0,0,0,0,0,0,1,0,2,0,0,1,0,0,0.0,1,0,0,4,14,1,0,0,40,2,0,0,0,0,0,0,0,0,,,,0,0,0,0,0,3,1,0,0,0,0,0,1,0,0,3,3,0,16,10,0,0,0,0,4,0,0.0,161.0,0,0,0,5,11,0,0.78,0,2,,6
987818,Maurits Kjaergaard,maurits-kjaergaard,2046,Red Bull Salzburg,6.67,20.0,3,0,0,0,1,0.12,1,65,18,83,78.31,28,37,24,3,0,0.0,2,1,0,0,0,0,0.0,3,0,2,3,23.08,0,0.0,3,23.08,206,0.0,0,0,0,0,0,0,0,0,1,2,0,0,0,3,37.5,2,0,0,1,29,2,7,3,113,1,3,0,0,3,0,1,0,0,,,,1,0,0,0,0,4,0,0,0,0,0,0,3,0,0,3,3,3,10,0,0,0,0,8,4,1,50.0,0.0,0,0,0,33,53,0,0.12,0,16,,3
125274,Stefan Ortega,stefan-ortega,17,Manchester City,6.67,20.0,3,0,0,0,0,0.0,0,125,29,154,81.17,114,11,1,0,1,100.0,0,0,0,0,0,0,0.0,0,0,0,1,100.0,0,0.0,1,100.0,270,0.0,0,0,0,0,0,0,0,0,0,0,0,0,0,24,48.0,2,0,0,0,30,0,25,17,184,0,0,0,0,0,0,0,0,8,,,,0,0,0,4,4,6,1,1,5,5,0,0,3,0,0,0,1,0,0,0,0,0,0,50,7,0,0.0,0.0,0,0,1,127,27,0,,13,28,,3
26768,Sven Ulreich,sven-ulreich,2672,FC Bayern München,6.67,20.0,3,0,0,0,0,0.01,0,95,28,123,77.24,88,7,4,0,0,0.0,0,0,1,0,0,0,0.0,0,0,0,0,0.0,1,100.0,1,100.0,270,0.0,0,0,0,0,0,0,0,0,0,0,0,0,0,17,37.78,3,0,1,0,28,0,32,17,149,0,0,0,0,0,0,0,0,7,,,,0,1,0,7,0,5,0,1,1,1,1,0,3,0,0,0,0,0,0,0,0,0,0,45,5,0,0.0,0.0,0,0,2,103,20,0,,19,20,,3
37096,Péter Gulácsi,peter-gulacsi,36360,RB Leipzig,6.67,20.0,3,0,0,0,0,0.0,0,78,15,93,83.87,77,1,0,0,0,0.0,0,0,0,0,0,0,0.0,0,0,0,0,0.0,0,0.0,0,0.0,270,0.0,0,0,0,0,0,0,0,0,0,0,0,0,0,4,22.22,2,0,0,0,15,0,2,1,111,0,0,0,0,0,0,0,0,7,,,,0,0,0,4,2,3,0,1,1,1,0,0,3,0,0,0,0,0,0,0,0,0,0,18,3,0,0.0,0.0,0,0,0,85,8,0,,22,12,,3
1110136,Mandela Keita,mandela-keita,2889,Royal Antwerp FC,6.67,20.0,3,0,0,0,0,0.03,0,92,13,105,87.62,64,28,13,0,4,66.67,8,2,1,0,0,0,0.0,0,0,0,17,65.38,0,0.0,17,65.38,263,0.0,0,0,0,0,0,0,0,0,0,0,0,0,0,3,42.86,3,0,0,0,22,0,4,3,145,5,4,0,0,3,0,0,0,0,,,,0,0,0,0,0,9,1,0,0,0,0,0,3,0,0,0,6,0,9,0,0,0,0,7,10,7,87.5,0.0,0,0,0,67,38,0,,0,19,,3
175753,Mariano Díaz,mariano-diaz,2833,Sevilla,6.67,20.0,3,0,0,0,0,0.01,0,7,7,14,50.0,2,5,2,0,0,0.0,1,0,1,0,0,0,0.0,3,1,0,1,33.33,2,66.67,3,50.0,60,0.0,0,0,0,0,0,0,0,0,2,1,0,0,0,0,0.0,0,0,0,0,11,0,0,0,26,0,2,0,0,0,0,2,0,0,,,,0,0,0,0,0,0,0,0,0,0,0,0,0,0,0,0,1,0,3,1,0,0,0,1,0,1,100.0,0.0,0,0,0,4,10,0,0.21,0,3,,3
850993,David Neres,david-neres,3006,Benfica,6.67,20.0,3,0,0,0,0,0.15,0,49,8,57,85.96,13,37,25,1,2,66.67,2,1,0,0,0,1,16.67,4,1,0,5,31.25,0,0.0,5,29.41,177,0.0,0,0,0,0,0,0,0,0,1,3,0,0,0,1,50.0,0,0,0,6,31,2,3,2,100,1,2,0,0,3,1,3,0,0,,,,0,0,0,0,0,2,0,0,0,0,0,0,2,0,0,1,3,6,12,1,0,0,0,2,2,2,100.0,0.0,0,0,0,14,49,0,0.15,0,8,,3
845486,Tanguy Ndombélé,tanguy-ndombele,3061,Galatasaray,6.67,20.0,3,0,0,0,0,0.04,0,38,3,41,92.68,15,23,10,0,2,66.67,3,0,0,0,0,0,0.0,1,0,0,6,75.0,2,40.0,8,61.54,90,0.0,0,0,0,0,0,0,0,0,1,0,0,0,0,0,0.0,1,0,0,0,6,0,0,0,56,2,0,0,0,1,0,1,0,0,,,,0,0,0,0,0,2,1,0,0,0,0,0,1,0,0,0,3,0,5,3,0,0,0,0,3,3,100.0,0.0,0,0,0,16,25,0,0.06,0,3,,4
937324,Nicolò Rovella,nicolo-rovella,2699,Lazio,6.67,20.0,3,0,0,0,0,0.03,0,92,12,104,88.46,51,41,14,1,0,0.0,5,3,3,0,0,0,0.0,2,0,2,6,50.0,0,0.0,6,46.15,136,0.0,0,0,0,0,0,0,0,0,0,2,0,0,0,3,37.5,0,0,0,0,14,0,7,2,119,1,5,0,0,2,0,0,0,0,,,,0,0,0,0,0,2,0,0,0,0,0,0,2,0,0,1,0,0,7,1,0,0,0,8,2,4,80.0,0.0,0,0,0,55,49,0,0.03,0,10,,3
759520,Denzel Dumfries,denzel-dumfries,2697,Inter,6.66,33.3,5,0,1,2,1,0.52,1,66,22,88,75.0,30,38,17,4,4,44.44,3,0,1,0,0,2,20.0,7,2,3,7,31.82,4,44.44,11,35.48,322,0.0,0,0,0,0,0,0,0,0,6,1,0,0,0,1,20.0,0,0,0,3,56,2,3,0,171,0,7,0,0,0,0,2,0,0,,,,0,0,0,0,0,2,1,0,0,0,0,0,4,0,0,4,9,10,20,5,0,0,0,5,3,2,66.67,0.0,0,0,0,38,60,0,0.9,0,11,,5
907461,Orkun Kökçü,orkun-kokcu,3006,Benfica,6.66,33.3,5,0,0,0,0,0.15,0,115,26,141,81.56,48,67,33,2,4,57.14,6,0,0,0,0,0,0.0,3,0,2,15,51.72,1,25.0,16,48.48,265,0.0,0,0,0,0,0,0,0,0,0,3,0,0,0,14,58.33,2,0,0,3,43,2,23,15,188,5,2,0,0,6,0,1,0,0,,,,0,0,0,0,0,4,1,0,0,0,0,0,3,0,0,2,7,8,17,3,0,0,0,24,5,2,33.33,0.0,0,0,0,56,93,0,0.18,0,20,,5
877013,Valentín Castellanos,valentin-castellanos,2699,Lazio,6.66,46.6,7,0,1,1,0,0.12,0,29,17,46,63.04,11,18,12,2,0,0.0,2,0,2,0,0,0,0.0,7,1,4,7,30.43,10,50.0,17,39.53,213,0.0,0,0,1,0,0,0,0,0,6,1,0,0,0,1,100.0,2,0,0,0,28,2,0,0,77,5,11,0,0,5,1,2,0,0,,,,0,0,0,0,0,2,0,0,0,0,0,0,1,0,0,2,2,2,26,10,0,0,0,1,2,0,0.0,0.0,0,0,0,14,34,0,1.37,0,4,,7
1002620,Marko Stamenić,marko-stamenic,5149,FK Crvena zvezda,6.65,26.6,4,1,0,0,0,0.04,1,58,20,78,74.36,32,26,16,0,1,33.33,5,2,2,0,0,0,0.0,2,2,0,9,34.62,6,60.0,15,41.67,299,50.0,0,0,0,0,0,0,1,0,1,1,0,0,1,7,63.64,10,0,0,2,29,1,12,5,123,3,7,0,0,6,0,0,0,0,,,,0,0,0,0,0,7,2,0,0,0,0,0,4,0,0,0,3,1,21,4,0,0,0,11,9,1,20.0,299.0,0,0,0,40,39,0,0.53,0,17,,4
957937,Casper Tengstedt,casper-tengstedt,3006,Benfica,6.65,26.6,4,0,1,0,1,0.11,1,14,8,22,63.64,1,13,9,2,0,0.0,1,0,0,0,0,0,0.0,2,1,0,2,15.38,2,50.0,4,23.53,145,0.0,0,0,0,0,0,0,0,0,2,0,0,0,0,1,100.0,0,0,0,5,23,1,2,1,46,2,3,0,0,0,2,1,0,0,,,,0,0,0,0,0,3,0,0,0,0,0,0,2,0,0,2,3,2,13,2,0,0,0,1,3,0,0.0,0.0,0,0,0,3,21,0,0.14,0,5,,4
30144,Jonny Evans,jonny-evans,35,Manchester United,6.65,13.3,2,0,0,0,0,0.0,0,38,8,46,82.61,27,11,4,0,0,0.0,1,0,0,0,0,0,0.0,0,0,0,1,100.0,2,100.0,3,100.0,66,0.0,0,0,0,0,0,0,0,0,0,0,0,0,0,0,0.0,1,0,0,0,8,1,2,0,52,0,0,0,0,0,0,0,0,0,,,,0,0,0,0,0,1,0,0,0,0,0,0,1,0,0,0,0,0,0,0,0,0,0,2,1,1,100.0,0.0,0,0,0,29,17,0,,2,3,,2
920393,Nathaniel Phillips,nathaniel-phillips,2352,Celtic,6.65,13.3,2,0,0,0,0,0.01,0,88,9,97,90.72,66,22,10,0,0,0.0,0,2,1,0,0,0,0.0,0,0,0,0,0.0,1,33.33,1,25.0,90,0.0,0,0,0,0,0,0,0,0,0,0,0,0,0,0,0.0,3,0,0,0,10,0,5,1,107,0,2,0,0,0,0,0,0,0,,,,0,0,0,0,0,1,0,0,0,0,0,0,1,0,0,0,0,1,3,2,0,0,0,5,1,0,0.0,0.0,0,0,0,69,29,0,,0,3,,2
579576,Ruben Aguilar,ruben-aguilar,1648,RC Lens,6.65,13.3,2,0,0,0,0,0.0,0,19,6,25,76.0,11,8,4,0,0,0.0,4,0,0,0,0,0,0.0,0,0,0,5,62.5,0,0.0,5,50.0,99,0.0,0,0,0,0,0,0,0,0,0,0,0,0,0,1,50.0,1,0,0,1,13,0,3,2,57,1,1,0,0,1,2,0,0,0,,,,0,0,0,0,0,1,0,0,0,0,0,0,1,0,0,0,1,1,5,2,0,0,0,2,1,4,100.0,0.0,0,0,0,12,14,0,,0,5,,2
173883,Iñigo Martínez,inigo-martinez,2817,FC Barcelona,6.65,26.6,4,0,0,0,0,0.05,0,179,27,206,86.89,111,68,22,1,0,0.0,2,3,2,0,0,0,0.0,0,0,0,4,40.0,6,54.55,10,47.62,318,0.0,0,0,0,0,0,0,0,0,0,0,0,0,0,15,57.69,12,0,0,0,29,0,17,10,235,2,5,0,0,2,0,0,0,0,,,,0,0,0,0,0,6,1,0,0,0,0,0,3,0,0,1,0,2,11,5,0,0,0,26,7,1,50.0,0.0,0,0,0,120,88,0,,5,9,,4
319853,Lukas Klostermann,lukas-klostermann,36360,RB Leipzig,6.65,39.9,6,0,0,0,0,0.02,0,190,9,199,95.48,147,43,8,1,0,0.0,6,4,0,0,0,0,0.0,0,0,0,7,70.0,3,50.0,10,62.5,353,0.0,0,0,0,0,0,0,0,0,0,0,0,0,0,9,69.23,23,0,0,0,12,0,11,7,250,1,1,0,0,3,0,0,0,0,,,,0,0,0,0,0,9,0,0,0,0,0,0,3,0,0,1,0,0,6,3,0,0,0,13,9,3,50.0,0.0,0,0,0,151,48,0,,0,19,,6
1152923,Kosta Nedeljković,kosta-nedeljkovic,5149,FK Crvena zvezda,6.65,26.6,4,0,0,0,0,0.34,0,68,18,86,79.07,28,42,20,3,6,100.0,4,1,0,0,0,2,33.33,3,0,1,12,66.67,1,33.33,13,61.9,238,0.0,0,0,0,0,0,0,0,0,2,1,0,0,0,2,28.57,1,0,0,2,33,2,8,4,146,2,0,1,1,4,0,2,0,0,,,,0,0,0,0,0,6,0,0,0,0,0,0,2,0,0,3,6,6,8,2,0,0,0,7,6,2,50.0,0.0,0,0,0,37,55,0,0.18,0,8,,4
96370,Suso,suso,2833,Sevilla,6.65,13.3,2,0,0,0,0,0.02,0,24,1,25,96.0,3,21,10,0,1,50.0,1,0,0,0,0,0,0.0,2,0,1,4,44.44,0,0.0,4,44.44,82,0.0,0,0,0,0,0,0,0,0,0,2,0,0,0,1,50.0,0,0,0,1,10,0,1,1,41,2,0,0,0,3,0,1,0,0,,,,0,0,0,0,0,0,0,0,0,0,0,0,1,0,0,0,2,3,5,0,0,0,0,2,0,1,100.0,0.0,0,0,0,4,24,0,0.08,0,3,,2
934383,Jon Pacheco,jon-pacheco,2824,Real Sociedad,6.65,26.6,4,0,0,0,0,0.01,0,64,7,71,90.14,42,22,5,0,0,0.0,2,0,0,0,0,0,0.0,1,0,1,3,75.0,2,25.0,5,41.67,121,0.0,0,0,0,0,0,0,0,0,1,0,0,0,0,4,50.0,6,0,0,0,7,0,6,4,83,1,0,0,0,1,0,0,0,0,,,,0,0,0,0,0,1,0,0,0,0,0,0,0,0,0,0,0,0,7,6,0,0,0,8,1,1,50.0,0.0,0,0,0,43,28,0,0.07,0,6,,5
1001858,Soumaila Coulibaly,soumaila-coulibaly,2889,Royal Antwerp FC,6.65,39.9,6,0,0,0,0,0.03,0,307,29,336,91.37,244,63,16,0,1,50.0,5,7,1,0,0,0,0.0,1,0,1,10,66.67,5,62.5,15,65.22,540,0.0,0,0,0,0,0,0,0,0,1,0,0,0,0,21,52.5,25,0,0,0,36,0,23,13,407,4,3,0,0,1,0,0,0,0,,,,0,0,0,0,0,15,2,0,0,0,0,0,6,0,0,0,2,0,8,3,0,0,0,40,17,3,60.0,0.0,0,0,0,255,81,0,0.06,12,31,,6
934510,Gonçalo Ramos,goncalo-ramos,1644,Paris Saint-Germain,6.64,46.5,7,0,1,2,0,0.1,0,58,9,67,86.57,25,33,19,4,0,0.0,4,0,1,0,0,0,0.0,9,1,6,8,50.0,0,0.0,8,40.0,225,0.0,0,0,0,0,0,0,0,0,7,2,0,0,0,0,0.0,2,0,0,1,16,3,3,0,95,4,2,0,0,2,2,2,0,0,,,,0,0,0,0,0,4,1,0,0,0,0,0,2,0,0,4,3,0,12,4,0,0,0,0,5,3,75.0,0.0,0,0,0,28,39,0,1.73,0,8,,7
1133258,Josafat Mendes,josafat-mendes,2999,Sporting Braga,6.64,33.2,5,0,0,0,0,0.4,0,95,16,111,85.59,39,62,32,2,1,100.0,3,2,1,0,0,6,27.27,0,0,0,5,71.43,1,20.0,6,50.0,204,0.0,0,0,0,0,0,0,0,0,0,0,0,0,0,0,0.0,4,0,0,0,35,0,8,1,158,1,1,0,0,1,0,0,0,0,,,,0,0,0,0,0,3,1,0,0,0,0,0,2,0,0,2,1,22,6,4,0,0,0,6,4,1,33.33,0.0,0,0,0,46,87,0,,0,8,,5
983815,Yunus Musah,yunus-musah,2692,AC Milan,6.64,33.2,5,0,0,0,0,0.14,0,86,17,103,83.5,41,46,22,2,5,62.5,6,2,4,0,0,1,20.0,2,1,0,14,48.28,1,14.29,15,41.67,352,0.0,0,0,0,0,0,0,0,0,1,1,0,0,0,1,16.67,2,0,0,5,36,1,0,0,159,3,8,0,0,0,0,1,0,0,,,,1,0,0,0,0,4,0,0,0,0,0,0,4,0,0,2,8,5,21,6,0,0,0,6,4,3,50.0,0.0,0,0,0,49,59,0,0.23,0,21,,5
877766,Kyogo Furuhashi,kyogo-furuhashi,2352,Celtic,6.63,39.8,6,2,0,2,0,0.06,2,29,12,41,70.73,7,22,14,1,1,16.67,0,1,0,0,0,0,0.0,10,5,1,6,42.86,0,0.0,6,33.33,452,20.0,0,0,0,0,0,0,2,0,8,2,0,1,1,2,50.0,3,0,0,1,25,0,2,2,84,5,1,0,0,1,1,4,0,0,,,,0,0,0,0,0,7,2,0,0,0,0,0,6,0,0,1,6,1,12,4,0,0,0,4,9,0,0.0,226.0,0,0,0,10,32,0,1.5,0,3,,6
892979,Oumar Solet,oumar-solet,2046,Red Bull Salzburg,6.63,19.9,3,0,0,0,0,0.04,0,96,15,111,86.49,65,31,9,0,0,0.0,3,2,1,0,0,0,0.0,0,0,0,3,50.0,2,28.57,5,38.46,153,0.0,0,0,0,0,0,0,0,0,0,0,0,0,0,11,61.11,3,0,0,0,18,0,13,7,127,0,2,0,0,1,0,0,0,0,,,,0,0,0,0,0,4,0,0,0,0,0,0,2,0,0,0,0,0,8,5,0,0,0,18,4,3,100.0,0.0,0,0,0,70,41,0,,0,7,,3
775699,André Horta,andre-horta,2999,Sporting Braga,6.63,19.9,3,0,0,0,0,0.16,0,32,4,36,88.89,10,26,12,2,0,0.0,3,0,0,0,0,4,57.14,0,0,0,3,27.27,0,0.0,3,27.27,31,0.0,0,0,0,0,0,0,0,0,0,0,0,0,0,3,100.0,0,0,0,1,11,1,2,1,51,0,2,0,0,3,0,0,0,0,,,,0,0,0,0,0,0,0,0,0,0,0,0,0,0,0,2,2,7,8,0,0,0,0,3,0,3,100.0,0.0,0,0,0,12,31,0,,0,2,,3
232306,Timo Werner,timo-werner,36360,RB Leipzig,6.63,19.9,3,0,0,0,0,0.01,0,14,8,22,63.64,5,9,4,0,0,0.0,1,0,0,0,0,0,0.0,1,0,1,2,100.0,0,0.0,2,100.0,46,0.0,0,0,0,0,0,0,0,0,1,0,0,0,0,0,0.0,1,0,0,0,12,0,0,0,32,1,0,0,0,0,0,0,0,0,,,,0,0,0,0,0,2,0,0,0,0,0,0,0,0,0,0,0,1,0,0,0,0,0,0,2,1,100.0,0.0,0,0,0,6,17,0,0.12,0,1,,4
843200,Diogo Dalot,diogo-dalot,35,Manchester United,6.63,39.8,6,0,0,0,0,0.11,0,179,48,227,78.85,111,70,36,3,7,63.64,7,3,1,0,0,2,15.38,2,1,0,14,46.67,7,63.64,21,51.22,462,0.0,0,0,0,0,0,0,0,0,2,0,0,0,0,4,25.0,13,0,0,1,76,4,12,6,334,0,7,0,0,5,0,1,0,0,,,,1,0,0,0,0,11,1,0,0,0,0,0,5,0,0,3,11,13,20,4,0,0,0,16,12,5,71.43,0.0,0,0,0,123,117,1,0.11,0,39,,6
183483,Andreas Cornelius,andreas-cornelius,1284,FC København,6.63,19.9,3,0,0,1,0,0.04,0,14,8,22,63.64,3,11,7,2,0,0.0,1,0,1,0,0,0,0.0,1,1,0,1,25.0,6,66.67,7,53.85,79,0.0,0,0,0,0,0,0,0,0,0,1,0,0,0,0,0.0,0,0,0,0,15,0,1,1,33,0,2,0,0,0,0,0,0,0,,,,0,0,0,0,0,1,0,0,0,0,0,0,0,0,0,2,1,1,6,3,0,0,0,1,1,1,100.0,0.0,0,0,0,3,20,0,0.09,0,1,,3
832868,Jorge Sánchez,jorge-sanchez,3002,FC Porto,6.63,39.8,6,0,0,0,0,0.16,0,64,16,80,80.0,32,34,14,3,2,50.0,7,1,0,0,0,2,50.0,2,1,1,11,50.0,4,57.14,15,51.72,188,0.0,0,0,0,0,0,0,0,0,2,0,0,0,0,3,75.0,5,0,0,4,33,2,2,1,142,2,2,0,0,4,0,0,0,0,,,,0,0,0,0,0,2,0,0,0,0,0,0,1,0,0,3,4,4,14,3,0,0,0,4,2,4,57.14,0.0,0,0,0,39,45,0,0.08,0,7,,6
77678,Milan Rodić,milan-rodic,5149,FK Crvena zvezda,6.63,39.8,6,0,1,0,0,0.47,0,97,38,135,71.85,49,52,24,3,2,100.0,9,4,2,0,0,4,44.44,3,1,1,13,52.0,13,65.0,26,57.78,417,0.0,0,0,0,0,0,0,0,0,2,1,0,0,0,8,34.78,13,0,0,2,57,0,25,13,227,2,6,0,0,4,0,1,0,0,,,,0,0,0,0,0,10,2,0,0,0,0,0,5,0,0,3,2,9,19,7,0,0,0,23,12,5,55.56,0.0,0,0,0,59,85,0,0.07,0,12,,6
130433,Robin Knoche,robin-knoche,2547,1. FC Union Berlin,6.63,19.9,3,0,0,0,0,0.05,0,150,25,175,85.71,101,49,14,1,0,0.0,6,3,1,0,0,0,0.0,1,0,1,8,47.06,3,42.86,11,45.83,270,0.0,0,0,0,0,0,0,0,0,1,0,0,0,0,16,69.57,9,1,0,0,29,0,23,14,207,2,4,0,0,5,0,0,0,0,,,,0,0,0,0,0,5,0,0,0,0,0,0,3,0,0,1,0,0,13,4,0,0,0,23,5,2,33.33,0.0,0,0,0,111,64,0,0.03,0,10,,3
893499,Mauro Júnior,mauro-junior,2952,PSV Eindhoven,6.63,19.9,3,0,1,0,0,0.46,0,70,15,85,82.35,36,34,22,2,3,42.86,2,4,0,0,0,0,0.0,1,1,0,5,33.33,2,40.0,7,35.0,190,0.0,0,0,0,0,0,0,0,0,0,1,0,0,0,3,60.0,2,0,0,1,34,2,3,2,134,0,3,0,0,2,0,0,0,0,,,,0,0,0,0,0,1,1,0,0,0,0,0,2,0,0,2,7,3,13,3,0,0,0,5,2,1,50.0,0.0,0,0,0,43,45,0,0.02,0,13,,3
799054,Djibril Sow,djibril-sow,2833,Sevilla,6.63,39.8,6,0,0,0,0,0.05,0,120,20,140,85.71,66,54,25,0,0,0.0,5,1,0,0,0,0,0.0,1,0,1,13,52.0,5,55.56,18,52.94,373,0.0,0,0,0,0,0,0,0,0,1,0,0,0,0,6,66.67,3,0,0,3,31,3,5,3,184,9,5,0,0,2,0,0,0,0,,,,0,0,0,0,0,9,1,0,0,0,0,0,5,0,0,0,3,1,16,4,0,0,0,9,10,3,60.0,0.0,0,0,0,73,68,0,0.01,0,21,,6
986397,Benjamin Šeško,benjamin-sesko,36360,RB Leipzig,6.63,53.0,8,2,0,4,0,0.15,2,62,24,86,72.09,31,32,25,2,5,50.0,4,1,1,0,0,1,50.0,15,8,4,12,32.43,8,42.11,20,35.71,403,13.33,0,0,0,0,0,0,2,0,11,4,0,1,1,1,100.0,3,0,0,8,55,4,2,2,161,3,5,1,0,7,5,3,0,0,,,,0,0,0,0,0,7,0,0,0,0,0,0,4,0,0,2,10,2,36,11,0,0,0,1,7,1,25.0,201.5,0,0,0,43,45,0,2.84,0,11,,8
143344,Massadio Haïdara,massadio-haidara,1648,RC Lens,6.63,26.5,4,0,0,0,0,0.12,0,45,12,57,78.95,25,21,7,1,0,0.0,2,2,2,0,0,1,20.0,0,0,0,4,44.44,3,100.0,7,58.33,120,0.0,0,0,0,0,0,0,0,0,0,0,0,0,0,1,33.33,3,0,0,0,19,0,2,0,86,2,4,0,0,1,0,0,0,0,,,,0,0,0,0,0,6,0,0,0,0,0,0,1,0,0,1,0,5,5,0,0,0,0,3,6,2,100.0,0.0,0,0,0,28,34,0,,0,6,,4
1102788,Dorgeles Nene,nene-dorgeles,2046,Red Bull Salzburg,6.63,26.5,4,0,0,2,0,0.03,0,30,6,36,83.33,13,17,8,1,0,0.0,3,1,0,0,0,0,0.0,5,2,2,6,60.0,2,40.0,8,53.33,146,0.0,0,0,0,0,0,0,0,0,4,1,0,0,0,0,0.0,0,0,0,0,16,0,3,3,67,3,2,1,0,0,1,1,0,0,,,,0,0,0,0,0,1,1,0,0,0,0,0,2,0,0,1,2,2,7,3,0,0,0,1,2,2,66.67,0.0,0,0,0,16,22,0,1.1,0,7,,4
27622,José Fonte,jose-fonte,2999,Sporting Braga,6.63,26.5,4,0,0,0,0,0.11,0,187,25,212,88.21,124,63,20,1,2,66.67,4,1,1,0,0,0,0.0,3,0,1,6,46.15,7,50.0,13,48.15,360,0.0,0,0,0,0,0,0,0,0,3,0,0,0,0,11,50.0,16,0,1,0,31,0,17,6,258,0,1,0,0,5,0,2,0,0,,,,0,0,0,0,0,8,0,0,0,0,0,0,4,0,0,1,3,1,14,7,0,0,0,22,8,1,25.0,0.0,0,0,0,131,82,0,0.27,0,18,,4
795972,Cameron Carter-Vickers,cameron-carter-vickers,2352,Celtic,6.63,26.5,4,0,0,0,0,0.03,0,271,24,295,91.86,210,61,12,0,1,100.0,4,4,1,0,0,0,0.0,2,1,1,7,63.64,9,64.29,16,64.0,298,0.0,0,0,0,0,0,0,0,0,2,0,0,0,0,7,46.67,12,0,0,1,28,0,8,4,329,2,2,0,0,1,0,0,0,0,,,,0,0,0,0,0,9,2,0,0,0,0,0,3,0,0,0,1,0,9,5,0,0,0,15,11,2,50.0,0.0,0,0,0,223,72,0,0.12,0,25,,4
976575,Nicolas Seiwald,nicolas-seiwald,36360,RB Leipzig,6.63,26.5,4,0,0,0,0,0.03,0,60,16,76,78.95,41,19,9,2,1,50.0,9,5,0,0,0,0,0.0,1,0,1,10,62.5,1,50.0,11,61.11,277,0.0,0,0,0,0,0,0,0,0,0,1,0,0,0,3,37.5,4,0,0,0,21,0,6,2,113,0,1,0,0,4,0,0,0,0,,,,0,0,0,0,0,6,0,0,0,0,0,0,3,0,0,2,2,2,7,1,0,0,0,8,6,5,55.56,0.0,0,0,0,47,31,0,0.03,0,14,,4
117373,Kevin Volland,kevin-volland,2547,1. FC Union Berlin,6.62,33.1,5,1,1,1,0,0.4,1,27,18,45,60.0,11,17,11,3,1,33.33,5,0,0,0,0,1,33.33,2,2,0,7,36.84,5,62.5,12,44.44,233,50.0,0,0,0,0,0,0,1,0,2,0,0,0,1,1,25.0,0,0,1,4,31,1,4,2,78,1,2,0,0,4,2,0,0,0,,,,0,0,0,0,0,4,1,0,0,0,0,0,2,0,0,3,3,3,15,3,0,0,0,4,5,3,60.0,233.0,0,0,0,13,35,0,0.68,0,4,,5
825956,Christoph Baumgartner,christoph-baumgartner,36360,RB Leipzig,6.62,39.7,6,0,0,3,0,0.08,0,33,11,44,75.0,12,21,13,1,1,50.0,3,3,0,0,0,0,0.0,6,0,4,8,47.06,6,66.67,14,53.85,117,0.0,0,0,0,0,0,0,0,0,3,3,0,0,0,4,80.0,2,0,0,2,18,0,5,2,78,5,3,1,0,3,0,2,0,0,,,,0,0,0,0,0,6,0,0,0,0,0,0,0,0,0,1,2,1,12,3,0,0,0,5,6,1,33.33,0.0,0,0,0,17,28,0,0.83,0,4,,6
984419,Alistair Johnston,alistair-johnston,2352,Celtic,6.62,39.7,6,0,0,0,0,0.21,0,284,68,352,80.68,158,126,58,1,4,80.0,15,4,2,0,0,0,0.0,1,0,1,25,62.5,9,75.0,34,65.38,540,0.0,0,0,0,0,0,0,0,0,1,0,0,0,0,15,36.59,12,0,0,3,86,2,36,14,481,7,7,0,0,4,0,0,0,0,,,,0,0,0,0,0,12,3,0,0,0,0,0,6,0,0,1,5,6,18,3,0,0,0,41,15,7,46.67,0.0,0,0,0,185,173,0,0.06,0,23,,6
983554,Paulo Bernardo,paulo-bernardo,2352,Celtic,6.62,39.7,6,0,0,0,0,0.07,0,95,24,119,79.83,43,52,25,1,8,88.89,2,5,0,0,0,0,0.0,1,0,1,18,50.0,5,62.5,23,52.27,310,0.0,0,0,0,0,0,0,0,0,1,0,0,0,0,0,0.0,2,0,0,5,40,1,5,2,178,9,5,0,0,7,0,0,0,0,,,,0,0,0,0,0,6,1,0,0,0,0,0,2,0,0,1,9,1,21,3,0,0,0,4,7,0,0.0,0.0,0,0,0,55,65,0,0.03,0,12,,6
69416,Oriol Romeu,oriol-romeu,2817,FC Barcelona,6.61,46.3,7,0,1,0,0,0.28,0,217,24,241,90.04,96,121,39,1,2,66.67,7,1,0,0,0,0,0.0,1,0,1,14,51.85,4,57.14,18,52.94,348,0.0,0,0,0,0,0,0,0,0,1,0,0,0,0,12,85.71,1,2,1,3,33,5,17,12,279,5,4,0,0,5,0,0,0,0,,,,0,0,0,0,0,4,0,0,0,0,0,0,4,0,0,1,3,2,16,3,0,0,0,14,4,4,57.14,0.0,0,0,0,103,140,0,0.14,0,24,,7
980327,Tetê,tete,3061,Galatasaray,6.6,33.0,5,1,0,1,0,0.17,1,67,31,98,68.37,18,51,23,3,4,33.33,7,2,1,0,0,2,12.5,3,1,0,12,33.33,7,50.0,19,38.0,230,33.33,0,0,0,0,0,0,1,0,2,1,0,1,0,4,44.44,3,0,0,7,65,3,5,2,169,1,3,0,0,6,0,2,0,0,,,,0,0,0,0,0,5,0,0,0,0,0,0,3,0,0,3,12,16,31,7,0,0,0,9,5,2,28.57,230.0,0,0,0,25,89,0,0.15,0,14,,5
1026015,Orri Óskarsson,orri-steinn-oskarsson,1284,FC København,6.6,26.4,4,0,1,0,1,0.07,1,21,12,33,63.64,4,17,13,1,0,0.0,2,0,0,0,0,0,0.0,0,0,0,2,28.57,3,27.27,5,27.78,143,0.0,0,0,0,0,0,0,0,0,0,0,0,0,0,0,0.0,0,0,0,4,21,2,0,0,49,0,1,0,0,0,1,0,0,0,,,,0,0,0,0,0,2,1,0,0,0,0,0,1,0,0,1,0,0,13,8,0,0,0,0,3,0,0.0,0.0,0,0,0,9,24,0,,0,5,,6
1010655,Juanlu Sánchez,juanlu-sanchez,2833,Sevilla,6.6,39.6,6,0,1,0,1,0.31,1,103,26,129,79.84,49,55,26,2,4,40.0,15,2,1,0,0,1,11.11,0,0,0,24,47.06,5,83.33,29,50.88,320,0.0,0,0,0,0,0,0,0,0,0,0,0,0,0,4,33.33,4,0,0,4,59,2,6,0,240,6,2,0,0,15,0,0,0,0,,,,0,0,0,0,0,9,1,0,0,0,0,0,3,0,0,2,10,9,28,1,0,0,0,12,10,8,53.33,0.0,0,0,0,58,80,0,,0,24,,6
940328,Jean-Philippe Krasso,jean-philippe-krasso,5149,FK Crvena zvezda,6.6,26.4,4,0,0,1,1,0.08,1,16,17,33,48.48,7,9,8,2,2,33.33,3,1,1,0,0,0,0.0,3,1,1,6,40.0,5,71.43,11,50.0,108,0.0,0,0,0,0,0,0,0,0,2,1,0,0,0,1,33.33,0,0,0,2,28,0,2,1,60,1,2,0,0,1,0,1,0,0,,,,0,0,0,0,0,2,0,0,0,0,0,0,1,0,0,2,6,1,11,2,0,0,0,3,2,2,66.67,0.0,0,0,0,11,23,0,0.47,0,2,,4
904096,Barış Alper Yılmaz,baris-alper-yilmaz,3061,Galatasaray,6.6,39.6,6,0,1,0,1,0.11,1,27,7,34,79.41,9,18,10,1,0,0.0,2,2,0,0,0,0,0.0,1,0,1,5,38.46,2,16.67,7,28.0,121,0.0,0,0,0,0,0,0,0,0,1,0,0,0,0,1,50.0,0,0,0,1,17,1,3,1,58,3,2,0,0,4,0,0,0,0,,,,0,0,0,0,0,4,0,0,0,0,0,0,0,0,0,1,1,1,18,10,0,0,0,2,4,2,100.0,0.0,0,0,0,11,24,0,0.07,0,8,,6
880229,Olexiy Kashchuk,olexiy-kashchuk,3313,Shakhtar Donetsk,6.6,6.6,1,0,0,0,0,0.0,0,8,0,8,100.0,3,5,3,0,0,0.0,0,0,0,0,0,0,0.0,0,0,0,1,33.33,0,0.0,1,33.33,25,0.0,0,0,0,0,0,0,0,0,0,0,0,0,0,0,0.0,0,0,0,2,3,0,0,0,13,1,0,0,0,0,0,0,0,0,,,,0,0,0,0,0,0,0,0,0,0,0,0,0,0,0,0,0,0,2,0,0,0,0,0,0,0,0.0,0.0,0,0,0,3,5,0,,0,1,,1
1099371,Chaka Traorè,chaka-traore,2692,AC Milan,6.6,6.6,1,0,0,0,0,0.03,0,5,1,6,83.33,1,5,1,1,0,0.0,0,0,0,0,0,1,100.0,0,0,0,1,50.0,0,0.0,1,50.0,13,0.0,0,0,0,0,0,0,0,0,0,0,0,0,0,0,0.0,0,0,0,0,2,0,0,0,9,1,0,0,0,1,0,0,0,0,,,,0,0,0,0,0,0,0,0,0,0,0,0,0,0,0,1,0,1,1,0,0,0,0,0,0,0,0.0,0.0,0,0,0,1,6,0,,0,1,,1
1001201,Łukasz Łakomy,lukasz-lakomy,2445,BSC Young Boys,6.6,6.6,1,0,0,0,0,0.01,0,10,5,15,66.67,3,7,3,0,0,0.0,1,0,0,0,0,0,0.0,0,0,0,1,50.0,0,0.0,1,50.0,20,0.0,0,0,0,0,0,0,0,0,0,0,0,0,0,1,100.0,0,0,0,0,6,0,1,0,18,0,0,0,0,0,0,0,0,0,,,,0,0,0,0,0,0,0,0,0,0,0,0,0,0,0,0,1,0,1,0,0,0,0,1,0,1,100.0,0.0,0,0,0,3,12,0,,0,4,,1
989056,Giovanni Reyna,giovanni-reyna,2673,Borussia Dortmund,6.6,13.2,2,0,0,0,0,0.13,0,8,1,9,88.89,1,7,7,0,1,100.0,1,0,0,0,0,0,0.0,0,0,0,2,33.33,1,100.0,3,42.86,20,0.0,0,0,0,0,0,0,0,0,0,0,0,0,0,0,0.0,1,0,0,2,5,0,0,0,17,0,2,0,0,0,0,0,0,0,,,,0,0,0,0,0,0,0,0,0,0,0,0,0,0,0,0,1,1,4,0,0,0,0,0,0,0,0.0,0.0,0,0,0,1,9,0,,0,1,,2
758608,Çağlar Söyüncü,caglar-soyuncu,2836,Atlético Madrid,6.6,13.2,2,0,0,0,0,0.01,0,52,3,55,94.55,40,12,3,1,0,0.0,0,0,1,0,0,0,0.0,0,0,0,0,0.0,1,33.33,1,20.0,58,0.0,0,0,0,0,0,0,0,0,0,0,0,0,0,1,33.33,0,0,0,0,3,0,3,1,57,0,2,0,0,0,0,0,0,0,,,,0,0,0,0,0,0,0,0,0,0,0,0,0,0,0,1,0,0,4,2,0,0,0,3,0,0,0.0,0.0,0,0,0,40,15,0,,1,3,,2
892924,Hamed Junior Traorè,hamed-junior-traore,2714,SSC Napoli,6.6,13.2,2,0,0,0,0,0.26,0,34,13,47,72.34,12,22,17,3,1,100.0,0,2,1,0,0,0,0.0,0,0,0,1,9.09,2,50.0,3,20.0,100,0.0,0,0,0,0,0,0,0,0,0,0,0,0,0,1,100.0,0,0,0,4,21,2,4,3,64,0,6,0,0,0,0,0,0,0,,,,0,0,0,0,0,2,0,0,0,0,0,0,1,0,0,3,1,1,12,2,0,0,0,1,2,0,0.0,0.0,0,0,0,17,31,0,,0,9,,2
862697,Nicolò Casale,nicolo-casale,2699,Lazio,6.6,13.2,2,0,0,0,0,0.03,0,146,8,154,94.81,94,52,10,0,0,0.0,1,0,1,0,0,0,0.0,0,0,0,2,33.33,1,100.0,3,42.86,180,0.0,0,0,0,0,0,0,0,0,0,0,0,0,0,12,92.31,8,0,0,1,9,0,4,4,171,2,1,0,0,2,0,0,0,0,,,,0,0,0,0,0,5,0,0,0,0,0,0,2,0,0,0,0,0,4,0,0,0,0,13,5,1,100.0,0.0,0,0,0,97,57,0,,0,11,,2
979221,Gonçalo Borges,goncalo-borges,3002,FC Porto,6.6,19.8,3,0,0,0,0,0.0,0,4,0,4,100.0,2,2,0,0,1,100.0,1,1,0,0,0,0,0.0,0,0,0,4,57.14,0,0.0,4,50.0,38,0.0,0,0,0,0,0,0,0,0,0,0,0,0,0,0,0.0,0,0,0,2,8,1,0,0,18,2,1,0,0,0,0,0,0,0,,,,0,0,0,0,0,0,0,0,0,0,0,0,0,0,0,0,1,1,4,1,0,0,0,0,0,1,100.0,0.0,0,0,0,2,3,0,,0,4,,3
122702,Erik Lamela,erik-lamela,2833,Sevilla,6.6,19.8,3,0,1,0,0,0.31,0,39,11,50,78.0,13,27,14,1,0,0.0,7,2,1,0,0,1,25.0,1,1,0,8,36.36,1,25.0,9,34.62,186,0.0,0,0,0,0,0,0,0,0,1,0,0,0,0,0,0.0,0,0,0,5,26,2,2,1,88,1,4,0,0,1,1,0,0,0,,,,0,0,0,0,0,2,1,0,0,0,0,0,2,0,0,1,5,4,17,3,0,0,0,0,3,3,42.86,0.0,0,0,0,15,39,0,0.26,0,16,,3
77725,Pizzi,pizzi,2999,Sporting Braga,6.6,13.2,2,0,0,0,0,0.03,0,24,5,29,82.76,7,18,12,1,1,50.0,0,0,0,0,0,1,33.33,2,0,1,1,25.0,0,0.0,1,20.0,55,0.0,0,0,0,0,0,0,0,0,2,0,0,0,0,2,66.67,0,0,0,1,9,0,2,1,38,0,1,1,0,0,0,1,0,0,,,,0,0,0,0,0,3,0,0,0,0,0,0,1,0,0,1,2,3,4,1,0,0,0,3,3,0,0.0,0.0,0,0,0,8,24,0,0.15,0,3,,2
947929,Jesper Lindstrøm,jesper-lindstrom,2714,SSC Napoli,6.6,26.4,4,0,0,1,0,0.02,0,25,7,32,78.13,9,16,11,0,2,66.67,6,0,0,0,0,0,0.0,1,0,1,10,66.67,0,0.0,10,66.67,69,0.0,0,0,0,0,0,0,0,0,1,0,0,0,0,1,50.0,0,0,0,3,15,1,1,1,54,2,0,0,0,1,0,0,0,0,,,,0,0,0,0,0,1,0,0,0,0,0,0,0,0,0,0,3,2,5,0,0,0,0,2,1,3,50.0,0.0,0,0,0,10,24,0,0.13,0,4,,4
999276,Aurèle Amenda,aurele-amenda,2445,BSC Young Boys,6.6,26.4,4,0,0,1,0,0.02,0,124,17,141,87.94,93,31,8,1,1,100.0,7,6,1,0,0,0,0.0,2,1,0,9,37.5,8,72.73,17,48.57,313,0.0,0,0,0,0,0,0,0,0,2,0,0,0,0,15,75.0,9,0,0,1,19,0,8,6,181,1,9,0,0,6,0,1,0,0,,,,0,0,0,0,0,7,2,0,0,0,0,0,3,0,0,1,1,0,18,3,0,0,0,20,9,4,57.14,0.0,0,0,0,104,37,0,0.07,1,16,,4
149479,Rani Khedira,rani-khedira,2547,1. FC Union Berlin,6.6,26.4,4,0,1,0,0,0.36,0,96,22,118,81.36,68,28,14,1,0,0.0,6,2,2,0,0,0,0.0,2,0,2,6,27.27,3,50.0,9,32.14,293,0.0,0,0,0,0,0,0,0,0,0,2,0,0,0,3,50.0,2,0,0,1,24,2,6,1,141,0,11,0,0,4,0,0,0,0,,,,0,0,0,0,0,5,0,0,0,0,0,0,4,0,0,1,0,0,19,3,0,0,0,6,5,4,66.67,0.0,0,0,0,71,47,0,0.05,0,18,,4
1192550,Miguel Changa Chaiwa,miguel-changa-chaiwa,2445,BSC Young Boys,6.6,19.8,3,0,0,0,0,0.01,0,11,8,19,57.89,2,9,5,0,0,0.0,1,1,0,0,0,0,0.0,1,1,0,2,16.67,1,50.0,3,21.43,57,0.0,0,0,0,0,0,0,0,0,0,1,0,0,0,1,33.33,1,0,0,2,10,2,3,2,32,1,1,0,0,7,0,0,0,0,,,,0,0,0,0,0,1,0,0,0,0,0,0,0,0,0,0,0,0,11,1,0,0,0,3,1,1,100.0,0.0,0,0,0,5,14,0,0.04,0,9,,3
584124,Chiquinho,chiquinho,3006,Benfica,6.6,26.4,4,0,0,0,0,0.04,0,38,3,41,92.68,16,22,11,0,0,0.0,1,0,0,0,0,0,0.0,1,0,0,2,50.0,0,0.0,2,33.33,58,0.0,0,0,0,0,0,0,0,0,0,1,0,0,0,1,50.0,1,0,0,1,10,0,2,0,58,1,0,0,0,0,0,1,0,0,,,,0,0,0,0,0,0,0,0,0,0,0,0,0,0,0,0,1,4,4,2,0,0,0,2,0,1,100.0,0.0,0,0,0,17,28,0,0.04,0,2,,5
858195,Sergio Reguilón,sergio-reguilon,35,Manchester United,6.6,13.2,2,0,0,0,0,0.19,0,56,17,73,76.71,26,31,22,1,3,100.0,2,3,0,0,0,1,20.0,2,1,1,7,43.75,4,66.67,11,50.0,153,0.0,0,0,0,0,0,0,0,0,1,1,0,0,0,0,0.0,2,0,0,1,26,0,6,1,120,2,3,0,0,5,0,0,0,0,,,,0,0,0,0,0,3,1,0,0,0,0,0,2,0,0,1,3,5,11,2,0,0,0,2,4,0,0.0,0.0,0,0,0,33,45,0,0.04,0,4,,2
902019,Gianluca Gaetano,gianluca-gaetano,2714,SSC Napoli,6.6,6.6,1,0,0,0,0,0.01,0,12,4,16,75.0,6,6,3,1,0,0.0,0,0,0,0,0,0,0.0,1,0,0,1,33.33,1,100.0,2,50.0,21,0.0,0,0,0,0,0,0,0,0,0,1,0,0,0,0,0.0,0,0,0,0,5,0,0,0,20,1,1,0,0,1,0,1,0,0,,,,0,0,0,0,0,0,0,0,0,0,0,0,0,0,0,1,0,0,2,0,0,0,0,0,0,0,0.0,0.0,0,0,0,9,7,0,0.03,0,2,,1
159675,Mohamed Elneny,mohamed-elneny,42,Arsenal,6.6,6.6,1,0,0,0,0,0.02,0,21,4,25,84.0,8,13,6,0,0,0.0,0,0,0,0,0,0,0.0,1,0,1,0,0.0,1,50.0,1,33.33,63,0.0,0,0,0,0,0,0,0,0,0,1,0,0,0,0,0.0,0,0,0,0,4,0,0,0,29,0,0,1,0,1,0,0,0,0,,,,0,0,0,0,0,1,0,0,0,0,0,0,1,0,0,0,0,0,2,1,0,0,0,0,1,0,0.0,0.0,0,0,0,11,14,0,0.02,0,1,,2
754710,Umar Sadiq,umar-sadiq,2824,Real Sociedad,6.6,26.4,4,0,0,0,0,0.09,0,16,3,19,84.21,2,14,8,2,4,57.14,2,0,0,0,0,0,0.0,1,1,0,7,50.0,0,0.0,7,33.33,100,0.0,0,0,0,0,0,0,0,0,1,0,0,0,0,1,100.0,1,0,0,3,19,0,0,0,45,1,1,0,0,0,1,0,0,0,,,,0,0,0,0,0,1,0,0,0,0,0,0,1,0,0,2,7,0,14,7,0,0,0,1,1,1,50.0,0.0,0,0,0,3,16,0,0.01,0,2,,4
787448,Silvère Ganvoula,silvere-ganvoula,2445,BSC Young Boys,6.58,39.5,6,0,0,2,0,0.03,0,23,12,35,65.71,7,16,15,2,2,66.67,0,0,0,0,0,0,0.0,7,1,6,2,28.57,7,70.0,9,52.94,108,0.0,0,0,0,0,1,0,0,0,4,3,0,0,0,0,0.0,3,0,0,3,25,3,1,1,64,1,1,0,0,0,4,0,0,0,,,,0,0,0,0,0,3,1,0,0,0,0,0,0,0,0,2,3,1,8,3,0,0,0,0,4,0,0.0,0.0,0,0,0,10,26,0,0.79,0,7,,6
108484,Juan Jesus,juan-jesus,2714,SSC Napoli,6.58,32.9,5,0,0,0,0,0.02,0,228,38,266,85.71,167,61,12,0,0,0.0,11,4,2,0,0,0,0.0,0,0,0,12,46.15,10,55.56,22,50.0,430,0.0,0,0,0,0,0,0,0,0,0,0,0,0,0,9,37.5,15,0,0,0,45,0,15,7,326,1,12,0,0,2,0,0,0,0,,,,0,0,0,0,0,7,1,0,0,0,0,0,5,0,0,0,0,0,22,8,0,0,0,24,8,4,36.36,0.0,0,0,0,186,80,0,,4,18,,5
599114,Jean Butez,jean-butez,2889,Royal Antwerp FC,6.58,32.9,5,0,0,0,0,0.03,0,141,49,190,74.21,126,15,6,0,0,0.0,0,0,0,0,0,0,0.0,0,0,0,0,0.0,2,100.0,2,50.0,450,0.0,0,0,0,0,0,0,0,0,0,0,0,0,0,45,48.91,0,2,0,0,52,0,56,29,243,0,0,0,0,2,0,0,0,16,,,,0,0,0,12,4,13,2,0,1,1,6,0,5,0,0,0,0,0,2,0,0,0,0,92,15,0,0.0,0.0,0,0,4,144,46,0,,16,39,,5
1139103,Karim Konaté,karim-konate,2046,Red Bull Salzburg,6.58,32.9,5,0,0,2,0,0.13,0,38,12,50,76.0,14,24,17,3,4,50.0,2,3,0,0,0,0,0.0,11,3,5,9,37.5,2,14.29,11,28.95,237,0.0,1,0,0,0,0,0,0,0,8,3,0,0,0,1,100.0,4,0,0,3,28,2,3,1,100,3,7,0,0,2,2,3,0,0,,,,0,0,0,0,0,3,0,0,0,0,0,0,3,0,0,3,8,2,27,12,1,0,0,1,3,2,100.0,0.0,0,0,0,17,35,0,1.84,0,8,,5
1103531,Yang Hyun-Jun,yang-hyun-jun,2352,Celtic,6.58,26.3,4,0,0,0,0,0.08,0,42,16,58,72.41,21,21,11,1,4,44.44,4,3,1,0,0,0,0.0,0,0,0,12,40.0,3,50.0,15,41.67,209,0.0,0,0,0,0,0,0,0,0,0,0,0,0,0,0,0.0,0,0,0,7,41,2,2,1,112,4,3,0,0,4,0,0,0,0,,,,0,0,0,0,0,6,1,0,0,0,0,0,2,0,0,1,9,2,21,3,0,0,0,0,7,3,75.0,0.0,0,0,0,25,35,0,,0,5,,4
1113141,Forson Amankwah,forson-amankwah,2046,Red Bull Salzburg,6.58,26.3,4,0,0,0,0,0.13,0,21,5,26,80.77,3,18,11,1,0,0.0,3,0,0,0,0,0,0.0,3,0,2,4,26.67,0,0.0,4,25.0,78,0.0,0,0,0,0,0,0,0,0,1,2,0,0,0,1,100.0,0,0,0,6,17,2,3,2,53,1,4,0,0,1,0,1,0,0,,,,0,0,0,0,0,0,0,0,0,0,0,0,0,0,0,1,0,3,12,1,0,0,0,1,0,2,66.67,0.0,0,0,0,4,25,0,0.16,0,6,,4
353250,Álvaro Odriozola,alvaro-odriozola,2824,Real Sociedad,6.57,19.7,3,0,0,0,0,0.05,0,41,4,45,91.11,27,14,4,1,0,0.0,1,1,0,0,0,0,0.0,0,0,0,1,33.33,0,0.0,1,33.33,100,0.0,0,0,0,0,0,0,0,0,0,0,0,0,0,6,85.71,0,0,0,0,10,1,0,0,69,0,0,0,0,0,1,0,0,0,,,,0,0,0,0,0,1,0,0,0,0,0,0,1,0,0,1,2,2,2,0,0,0,0,7,1,1,100.0,0.0,0,0,0,29,18,0,,0,9,,3
830803,Danilho Doekhi,danilho-doekhi,2547,1. FC Union Berlin,6.57,19.7,3,0,0,0,0,0.06,0,68,19,87,78.16,49,20,9,0,0,0.0,5,1,0,0,0,1,100.0,0,0,0,9,52.94,7,53.85,16,53.33,260,0.0,0,0,0,0,0,0,0,0,0,0,0,0,0,5,41.67,11,0,0,2,24,0,14,6,124,4,1,0,0,5,0,0,0,0,,,,0,0,0,0,0,3,2,0,0,0,0,0,3,0,0,0,0,1,14,6,0,0,0,12,5,2,40.0,0.0,0,0,0,54,34,0,,0,14,,3
794520,Tomoki Iwata,tomoki-iwata,2352,Celtic,6.57,19.7,3,0,0,0,0,0.01,0,18,5,23,78.26,13,5,3,0,0,0.0,3,0,0,0,0,0,0.0,0,0,0,4,80.0,0,0.0,4,80.0,61,0.0,0,0,0,0,0,0,0,0,0,0,0,0,0,2,100.0,2,0,0,0,5,0,1,1,31,1,0,0,0,1,0,0,0,0,,,,0,0,0,0,0,2,1,0,0,0,0,0,1,0,0,0,0,0,1,0,0,0,0,2,3,3,100.0,0.0,0,0,0,16,7,0,,0,3,,3
123166,Nampalys Mendy,nampalys-mendy,1648,RC Lens,6.57,39.4,6,0,0,0,0,0.21,0,125,24,149,83.89,65,60,22,2,0,0.0,8,7,2,0,0,0,0.0,0,0,0,16,55.17,0,0.0,16,51.61,373,0.0,0,0,0,0,0,0,0,0,0,0,0,0,0,1,11.11,6,0,0,3,40,1,11,6,204,8,5,0,0,4,0,0,0,0,,,,0,0,0,0,0,8,1,0,0,0,0,0,6,0,0,2,2,5,15,2,0,0,0,9,9,4,50.0,0.0,0,0,0,76,78,0,,0,21,,6
822462,Luka Ivanušec,luka-ivanusec,2959,Feyenoord,6.56,32.8,5,0,1,0,1,0.37,1,66,12,78,84.62,21,46,32,2,2,33.33,3,1,0,0,0,1,20.0,3,0,1,6,35.29,0,0.0,6,33.33,204,0.0,0,0,0,0,0,0,0,0,1,2,0,0,0,1,33.33,1,0,0,2,30,2,3,3,120,1,1,0,0,4,2,2,0,0,,,,0,0,0,0,0,3,0,0,0,0,0,0,2,0,0,2,6,5,12,1,0,0,0,3,3,2,66.67,0.0,0,0,0,24,59,0,0.08,0,14,,5
857671,Jens-Lys Cajuste,jens-lys-cajuste,2714,SSC Napoli,6.56,32.8,5,0,0,0,0,0.02,0,59,15,74,79.73,25,34,16,0,1,33.33,7,2,1,0,0,0,0.0,0,0,0,13,61.9,1,20.0,14,53.85,164,0.0,0,0,0,0,0,0,0,0,0,0,0,0,0,2,50.0,2,0,0,2,26,0,4,2,110,5,3,0,0,2,0,0,0,0,,,,0,0,0,0,0,2,1,0,0,0,0,0,2,0,0,0,3,0,12,4,0,0,0,4,3,4,57.14,0.0,0,0,0,30,44,0,,0,10,,6
994546,Elliot Anderson,elliot-anderson,39,Newcastle United,6.55,13.1,2,0,0,0,0,0.03,0,11,4,15,73.33,8,3,1,1,2,33.33,2,2,0,0,0,0,0.0,0,0,0,5,41.67,0,0.0,5,41.67,43,0.0,0,0,0,0,0,0,0,0,0,0,0,0,0,0,0.0,0,0,0,0,9,0,1,0,30,1,1,0,0,2,0,0,0,0,,,,0,0,0,0,0,0,0,0,0,0,0,0,0,0,0,1,6,0,7,0,0,0,0,2,0,1,50.0,0.0,0,0,0,8,7,0,,0,3,,2
780014,Nordi Mukiele,nordi-mukiele,1644,Paris Saint-Germain,6.55,13.1,2,0,0,0,0,0.02,0,35,4,39,89.74,19,16,3,0,0,0.0,0,0,0,0,0,0,0.0,0,0,0,0,0.0,1,50.0,1,33.33,54,0.0,0,0,0,0,0,0,0,0,0,0,0,0,0,1,33.33,1,0,0,0,5,1,4,3,45,0,0,0,0,0,0,0,0,0,,,,0,0,0,0,0,1,0,0,0,0,0,0,0,0,0,0,1,0,2,1,0,0,0,3,1,0,0.0,0.0,0,0,0,20,19,0,,0,1,,3
997006,Youssoufa Moukoko,youssoufa-moukoko,2673,Borussia Dortmund,6.55,13.1,2,0,0,0,0,0.01,0,8,2,10,80.0,3,5,3,0,1,33.33,1,0,0,0,0,0,0.0,0,0,0,2,40.0,1,50.0,3,42.86,22,0.0,0,0,0,0,0,0,0,0,0,0,0,0,0,0,0.0,1,0,0,1,8,2,1,1,23,0,0,0,0,0,0,0,0,0,,,,0,0,0,0,0,0,0,0,0,0,0,0,0,0,0,0,3,1,4,1,0,0,0,0,0,0,0.0,0.0,0,0,0,4,7,0,,0,6,,4
904850,Valerii Bondar,valerii-bondar,3313,Shakhtar Donetsk,6.55,26.2,4,0,0,0,0,0.01,0,158,16,174,90.8,129,29,6,0,0,0.0,7,5,2,0,0,0,0.0,0,0,0,8,50.0,3,30.0,11,42.31,360,0.0,0,0,0,0,0,0,0,0,0,0,0,0,0,7,43.75,18,1,1,0,19,0,11,5,223,1,8,0,0,2,0,0,0,0,,,,2,0,0,0,0,5,2,0,0,0,0,0,4,0,0,0,0,0,15,7,0,0,0,16,7,4,57.14,0.0,0,0,0,140,34,0,,0,6,,4
1146136,Jovan Mijatović,jovan-mijatovic,5149,FK Crvena zvezda,6.55,26.2,4,0,0,1,0,0.04,0,18,1,19,94.74,6,12,9,1,2,66.67,0,0,0,0,0,0,0.0,4,0,4,4,44.44,0,0.0,4,30.77,115,0.0,0,0,0,0,0,0,0,0,3,1,0,0,0,2,66.67,0,0,0,1,10,2,2,2,40,2,2,1,0,1,1,0,0,0,,,,0,0,0,0,0,3,0,0,0,0,0,0,0,0,0,1,3,0,9,4,0,0,0,3,3,0,0.0,0.0,0,0,0,6,13,0,0.9,0,4,,4
836694,Mason Mount,mason-mount,35,Manchester United,6.55,13.1,2,0,0,0,0,0.02,0,32,5,37,86.49,17,15,7,0,0,0.0,2,1,0,0,0,0,0.0,4,1,1,3,33.33,0,0.0,3,25.0,97,0.0,0,0,0,0,0,0,0,0,3,1,0,0,0,2,50.0,0,0,0,3,10,0,4,2,53,1,3,0,0,0,0,2,0,0,,,,0,0,0,0,0,4,0,0,0,0,0,0,1,0,0,0,0,0,9,3,0,0,0,4,4,1,50.0,0.0,0,0,0,17,20,0,0.47,0,7,,2
74577,Patrick van Aanholt,patrick-van-aanholt,2952,PSV Eindhoven,6.55,13.1,2,0,0,1,0,0.01,0,35,5,40,87.5,22,13,3,1,0,0.0,4,2,0,0,0,0,0.0,2,1,0,4,50.0,0,0.0,4,40.0,98,0.0,0,0,0,0,0,0,0,0,1,1,0,0,0,1,50.0,0,0,0,0,11,0,1,1,60,0,0,0,0,4,0,1,0,0,,,,0,0,0,0,0,1,0,0,0,0,0,0,1,0,0,1,0,0,6,2,0,0,0,2,1,1,25.0,0.0,0,0,0,23,17,0,0.16,0,4,,2
826186,Luca Pellegrini,luca-pellegrini,2699,Lazio,6.55,26.2,4,0,0,0,0,0.07,0,83,13,96,86.46,38,46,18,0,2,40.0,2,3,1,0,0,1,20.0,2,0,1,5,41.67,0,0.0,5,41.67,160,0.0,0,0,0,0,0,0,0,0,1,1,0,0,0,2,33.33,4,0,0,0,23,2,4,1,142,1,2,0,0,2,0,1,0,0,,,,0,0,0,0,0,3,1,0,0,0,0,0,2,0,0,0,5,5,7,0,0,0,0,6,4,1,50.0,0.0,0,0,0,40,61,0,0.04,0,6,,4
976410,Tiago Gouveia,tiago-gouveia,3006,Benfica,6.55,13.1,2,0,0,0,0,0.0,0,4,2,6,66.67,0,4,1,0,1,50.0,0,0,0,0,0,0,0.0,1,1,0,3,33.33,0,0.0,3,33.33,34,0.0,0,0,0,0,0,0,0,0,0,1,0,0,0,0,0.0,0,0,0,1,5,0,0,0,14,2,3,0,0,1,0,0,0,0,,,,0,0,0,0,0,0,0,0,0,0,0,0,0,0,0,0,2,0,6,0,0,0,0,0,0,0,0.0,0.0,0,0,0,0,6,0,0.02,0,0,,3
136322,Elseid Hysaj,elseid-hysaj,2699,Lazio,6.54,32.7,5,0,0,0,0,0.03,0,157,31,188,83.51,101,56,22,0,1,33.33,8,2,0,0,0,0,0.0,0,0,0,10,58.82,2,66.67,12,60.0,343,0.0,0,0,0,0,0,0,0,0,0,0,0,0,0,9,42.86,6,0,0,0,38,2,19,9,239,1,2,0,0,3,0,0,0,0,,,,0,0,0,0,0,5,0,0,0,0,0,0,5,0,0,0,3,1,8,1,0,0,0,21,5,3,37.5,0.0,0,0,0,116,73,0,,0,16,,5
845798,Guus Til,guus-til,2952,PSV Eindhoven,6.54,32.7,5,0,0,1,0,0.14,0,31,7,38,81.58,8,23,11,2,1,50.0,2,0,0,0,0,0,0.0,4,2,2,4,28.57,2,50.0,6,33.33,185,0.0,0,0,0,0,0,0,0,0,3,1,0,0,0,1,50.0,1,0,0,3,16,1,1,0,60,1,5,0,0,1,1,0,0,0,,,,0,0,0,0,0,2,1,0,0,0,0,0,3,0,0,2,2,3,12,2,0,0,0,2,3,2,100.0,0.0,0,0,0,10,31,0,0.22,0,5,,5
168985,Janik Haberer,janik-haberer,2547,1. FC Union Berlin,6.54,32.7,5,0,0,1,0,0.07,0,79,25,104,75.96,43,36,20,3,2,40.0,5,1,1,0,0,0,0.0,4,1,2,12,41.38,8,72.73,20,50.0,358,0.0,0,0,0,0,0,0,0,0,2,2,0,0,0,2,40.0,5,0,0,0,35,1,4,4,147,5,6,0,0,8,0,1,0,0,,,,0,0,0,0,0,6,1,0,0,0,0,0,4,0,0,3,5,2,20,3,0,0,0,5,7,2,40.0,0.0,0,0,0,52,54,0,0.19,0,16,,5
1010634,Hyeon-gyu Oh,hyun-gyu-oh,2352,Celtic,6.54,32.7,5,0,0,0,0,0.01,0,12,4,16,75.0,4,8,4,0,2,50.0,1,0,0,0,0,0,0.0,3,1,1,10,47.62,4,66.67,14,51.85,108,0.0,0,0,0,0,0,0,0,0,2,1,0,0,0,0,0.0,1,0,0,3,20,0,1,1,49,7,4,0,0,2,1,1,0,0,,,,0,0,0,0,0,7,1,0,0,0,0,0,0,0,0,0,4,1,13,2,0,0,0,0,8,0,0.0,0.0,0,0,0,5,12,0,0.15,0,2,,5
1135873,Alejandro Garnacho,alejandro-garnacho,35,Manchester United,6.53,39.2,6,1,0,3,0,0.18,1,60,13,73,82.19,33,28,9,3,4,22.22,4,5,0,0,0,1,20.0,8,3,3,18,41.86,1,25.0,19,40.43,300,12.5,0,0,0,0,0,0,1,0,6,2,0,1,0,5,100.0,0,0,0,7,47,4,3,3,152,11,2,0,0,2,1,2,0,0,,,,0,0,0,0,0,9,2,0,0,0,0,0,3,0,0,3,18,5,28,3,0,0,0,5,11,4,100.0,300.0,0,0,0,33,45,0,1.0,0,19,,6
280835,Marko Grujić,marko-grujic,3002,FC Porto,6.53,19.6,3,0,0,0,0,0.01,0,15,10,25,60.0,10,5,3,0,0,0.0,2,0,0,0,0,0,0.0,0,0,0,2,33.33,6,54.55,8,47.06,47,0.0,0,0,0,0,0,0,0,0,0,0,0,0,0,2,66.67,1,0,0,0,11,0,1,1,31,0,3,0,0,0,0,0,0,0,,,,0,0,0,0,0,1,0,0,0,0,0,0,0,0,0,0,1,0,9,5,0,0,0,3,1,1,50.0,0.0,0,0,0,16,9,0,,0,3,,3
1023091,David Pereira Da Costa,david-pereira-da-costa,1648,RC Lens,6.53,19.6,3,0,0,0,0,0.04,0,50,7,57,87.72,25,25,15,0,2,28.57,2,2,0,0,0,0,0.0,0,0,0,5,38.46,0,0.0,5,38.46,113,0.0,0,0,0,0,0,0,0,0,0,0,0,0,0,2,100.0,0,0,0,3,18,0,3,2,77,1,0,0,0,0,0,0,0,0,,,,0,0,0,0,0,1,0,0,0,0,0,0,1,0,0,0,7,2,8,0,0,0,0,2,1,2,100.0,0.0,0,0,0,28,31,0,,0,4,,3
252815,Fábio Cardoso,fabio-cardoso,3002,FC Porto,6.53,19.6,3,0,0,0,0,0.01,0,126,11,137,91.97,91,35,5,0,0,0.0,2,3,2,0,0,0,0.0,0,0,0,3,42.86,4,40.0,7,41.18,269,0.0,0,0,0,0,0,0,0,0,0,0,0,0,0,10,76.92,5,0,0,1,14,0,11,4,156,1,2,0,0,1,0,0,0,0,,,,0,0,0,0,0,6,0,0,0,0,0,0,3,0,0,0,0,0,10,6,0,0,0,13,6,2,100.0,0.0,0,0,0,96,41,0,,2,9,,3
137695,Christian Sørensen,christian-srensen,1284,FC København,6.53,19.6,3,0,0,0,0,0.23,0,32,7,39,82.05,7,30,16,1,0,0.0,0,0,0,0,0,5,41.67,0,0,0,0,0.0,1,100.0,1,20.0,42,0.0,0,0,0,0,0,0,0,0,0,0,0,0,0,1,25.0,1,0,0,0,15,0,0,0,60,0,1,0,0,3,0,0,0,0,,,,0,0,0,0,0,1,0,0,0,0,0,0,0,0,0,1,0,12,4,0,0,0,0,4,1,0,0.0,0.0,0,0,0,10,41,0,,0,2,,3
1127169,Nasser Djiga,nasser-djiga,5149,FK Crvena zvezda,6.53,39.2,6,0,0,0,0,0.01,0,174,37,211,82.46,150,24,5,1,4,100.0,8,12,2,0,0,0,0.0,2,0,2,15,62.5,6,40.0,21,53.85,540,0.0,0,0,0,2,0,0,0,0,2,0,0,0,0,11,45.83,25,0,1,1,42,0,17,10,292,3,7,0,0,2,1,0,0,0,,,,0,0,0,0,0,13,2,0,0,0,0,0,6,0,0,1,4,0,18,9,0,0,0,24,15,4,50.0,0.0,0,0,0,168,43,0,0.19,0,33,,6
794968,Ondrej Lingr,ondrej-lingr,2959,Feyenoord,6.53,19.6,3,0,0,0,0,0.03,0,24,4,28,85.71,3,21,8,0,1,50.0,0,0,0,0,0,0,0.0,1,0,0,1,12.5,1,50.0,2,20.0,65,0.0,0,0,0,0,0,0,0,0,1,0,0,0,0,0,0.0,1,0,0,2,10,1,1,0,41,0,1,0,0,3,1,1,0,0,,,,0,0,0,0,0,1,0,0,0,0,0,0,0,0,0,0,2,1,8,1,0,0,0,1,1,0,0.0,0.0,0,0,0,5,24,0,0.07,0,4,,4
69408,Marcos Alonso,marcos-alonso,2817,FC Barcelona,6.53,19.6,3,0,0,0,0,0.09,0,69,9,78,88.46,30,41,17,1,0,0.0,1,2,0,0,0,2,28.57,1,1,0,2,20.0,1,50.0,3,25.0,141,0.0,0,0,0,0,1,0,0,0,0,1,0,0,0,3,42.86,5,0,0,2,22,1,1,1,118,1,3,0,0,0,0,0,0,0,,,,0,0,0,0,0,2,0,0,0,0,0,0,2,0,0,1,3,7,9,1,0,0,0,7,2,0,0.0,0.0,0,0,0,31,54,0,0.04,0,8,,3
1035752,Giorgi Gocholeishvili,giorgi-gocholeishvili,3313,Shakhtar Donetsk,6.53,26.1,4,0,0,1,1,0.16,1,81,29,110,73.64,56,26,11,1,4,44.44,12,1,1,0,0,1,50.0,2,2,0,19,50.0,2,33.33,21,47.73,284,0.0,0,0,0,0,0,0,0,0,2,0,0,0,0,8,34.78,3,0,0,6,56,2,11,4,201,3,4,0,0,4,0,0,0,0,,,,2,0,0,0,0,4,1,0,0,0,0,0,3,0,0,1,9,2,23,4,0,0,0,23,5,6,50.0,0.0,0,0,0,76,36,0,0.2,0,24,,4
1485599,Newerton Palmares,newerton-palmares,3313,Shakhtar Donetsk,6.53,26.1,4,0,0,2,0,0.06,0,33,11,44,75.0,18,16,12,2,6,46.15,5,0,1,0,0,1,33.33,7,1,6,12,42.86,2,50.0,14,43.75,217,0.0,0,0,0,0,0,0,0,0,4,3,0,0,0,1,33.33,2,0,0,0,28,2,1,0,94,1,2,0,0,7,4,0,0,0,,,,0,0,0,0,0,3,0,0,0,0,0,0,2,0,0,2,13,3,18,2,0,0,0,3,3,3,60.0,0.0,0,0,0,22,25,0,0.66,0,18,,4
990743,Morgan Guilavogui,morgan-guilavogui,1648,RC Lens,6.53,26.1,4,0,0,1,0,0.12,0,18,10,28,64.29,6,14,7,1,0,0.0,0,0,0,0,1,2,100.0,3,1,1,1,14.29,1,20.0,2,16.67,69,0.0,0,0,0,0,0,0,0,0,3,0,0,0,0,1,100.0,1,0,0,1,20,0,1,0,56,1,4,1,0,1,0,1,0,0,,,,0,0,0,0,0,1,0,0,0,0,0,0,0,0,0,1,0,2,10,4,0,0,0,1,1,0,0.0,0.0,1,0,0,9,21,0,0.57,0,3,,4
316148,Thomas Partey,thomas-partey,42,Arsenal,6.5,6.5,1,0,0,0,0,0.02,0,8,2,10,80.0,2,6,3,0,0,0.0,0,0,1,0,0,0,0.0,0,0,0,0,0.0,0,0.0,0,0.0,10,0.0,0,0,0,0,0,0,0,0,0,0,0,0,0,1,100.0,0,0,0,0,2,0,1,1,10,0,1,0,0,0,0,0,0,0,,,,0,0,0,0,0,0,0,0,0,0,0,0,0,0,0,0,0,0,1,0,0,0,0,1,0,0,0.0,0.0,0,0,0,3,7,0,,0,1,,1
318603,Emil Audero,emil-audero,2697,Inter,6.5,6.5,1,0,0,0,0,0.0,0,29,2,31,93.55,29,0,0,0,0,0.0,0,0,0,0,0,0,0.0,0,0,0,0,0.0,0,0.0,0,0.0,90,0.0,0,0,0,0,0,0,0,0,0,0,0,0,0,4,66.67,0,0,0,0,2,0,1,1,41,0,0,0,0,0,0,0,0,2,,,,0,0,0,1,1,3,0,0,2,2,1,0,1,0,0,0,0,0,0,0,0,0,0,6,3,0,0.0,0.0,0,0,0,30,1,0,,7,8,,1
986253,Kings Kangwa,kings-kangwa,5149,FK Crvena zvezda,6.5,6.5,1,0,0,0,0,0.01,0,8,1,9,88.89,4,4,3,0,0,0.0,1,0,0,0,0,0,0.0,0,0,0,2,50.0,0,0.0,2,50.0,8,0.0,0,0,0,0,0,0,0,0,0,0,0,0,0,0,0.0,0,0,0,0,2,0,0,0,12,1,0,0,0,1,0,0,0,0,,,,0,0,0,0,0,0,0,0,0,0,0,0,0,0,0,0,1,0,2,0,0,0,0,0,0,0,0.0,0.0,0,0,0,4,5,0,,0,1,,1
914772,Fran Navarro,fran-navarro,3002,FC Porto,6.5,6.5,1,0,0,0,0,0.0,0,1,0,1,100.0,0,1,1,0,0,0.0,0,0,0,0,0,0,0.0,0,0,0,0,0.0,0,0.0,0,0.0,14,0.0,0,0,0,0,0,0,0,0,0,0,0,0,0,0,0.0,0,0,0,0,1,0,0,0,3,0,1,0,0,0,0,0,0,0,,,,0,0,0,0,0,0,0,0,0,0,0,0,0,0,0,0,0,0,1,0,0,0,0,0,0,0,0.0,0.0,0,0,0,0,1,0,,0,0,,1
155961,Miloš Degenek,milos-degenek,5149,FK Crvena zvezda,6.5,6.5,1,0,0,0,0,,0,0,0,0,0.0,0,0,0,0,0,0.0,0,0,0,0,0,0,0.0,0,0,0,0,0.0,0,0.0,0,0.0,12,0.0,0,0,0,0,0,0,0,0,0,0,0,0,0,0,0.0,1,0,0,0,0,0,0,0,1,0,0,0,0,0,0,0,0,0,,,,0,0,0,0,0,0,0,0,0,0,0,0,0,0,0,0,0,0,0,0,0,0,0,0,0,0,0.0,0.0,0,0,0,0,0,0,,0,0,,1
1087489,Uroš Kabić,uros-kabic,5149,FK Crvena zvezda,6.5,6.5,1,0,0,0,0,0.0,0,2,1,3,66.67,2,0,0,0,0,0.0,1,0,0,0,0,0,0.0,0,0,0,1,100.0,0,0.0,1,100.0,12,0.0,0,0,0,0,0,0,0,0,0,0,0,0,0,0,0.0,0,0,0,0,2,0,0,0,5,0,0,0,0,0,0,0,0,0,,,,0,0,0,0,0,1,0,0,0,0,0,0,0,0,0,0,0,0,0,0,0,0,0,0,1,0,0.0,0.0,0,0,0,2,1,0,,0,1,,1
1129551,Dijon Kameri,dijon-kameri,2046,Red Bull Salzburg,6.5,6.5,1,0,0,0,0,0.0,0,3,0,3,100.0,2,1,0,0,0,0.0,0,0,1,0,0,0,0.0,0,0,0,1,100.0,0,0.0,1,100.0,8,0.0,0,0,0,0,0,0,0,0,0,0,0,0,0,0,0.0,1,0,0,0,0,0,0,0,6,1,0,0,0,0,0,0,0,0,,,,0,0,0,0,0,1,0,0,0,0,0,0,0,0,0,0,0,0,0,0,0,0,0,0,1,0,0.0,0.0,0,0,0,2,1,0,,0,1,,1
831253,Toni Martínez,toni-martinez,3002,FC Porto,6.5,6.5,1,0,0,0,0,0.0,0,1,4,5,20.0,0,1,1,0,0,0.0,0,0,0,0,0,0,0.0,0,0,0,0,0.0,2,50.0,2,50.0,12,0.0,0,0,0,0,0,0,0,0,0,0,0,0,0,0,0.0,2,0,0,0,4,0,1,0,7,0,0,0,0,0,0,0,0,0,,,,0,0,0,0,0,0,0,0,0,0,0,0,0,0,0,0,0,0,2,2,0,0,0,0,0,0,0.0,0.0,0,0,0,0,5,0,,0,0,,2
1097719,Kike Salas,kike-salas,2833,Sevilla,6.5,13.0,2,0,0,0,0,0.02,0,63,26,89,70.79,37,26,11,1,1,100.0,4,5,1,0,0,0,0.0,0,0,0,5,55.56,4,36.36,9,45.0,166,0.0,0,0,0,0,0,0,0,0,0,0,0,0,0,2,12.5,7,0,0,1,36,0,9,2,136,0,3,0,0,0,0,0,0,0,,,,0,0,0,0,0,4,0,0,0,0,0,0,2,0,0,1,1,1,11,7,0,0,0,16,4,2,50.0,0.0,0,0,0,44,46,0,,0,7,,2
591750,Joan Jordán,joan-jordan,2833,Sevilla,6.5,13.0,2,0,0,0,0,0.0,0,23,8,31,74.19,12,11,3,0,0,0.0,5,0,0,0,0,0,0.0,0,0,0,7,63.64,1,100.0,8,66.67,81,0.0,0,0,0,0,0,0,0,0,0,0,0,0,0,1,50.0,0,0,0,0,8,0,5,1,39,2,3,0,0,1,0,0,0,0,,,,0,0,0,0,0,4,0,0,0,0,0,0,1,0,0,0,0,0,4,0,0,0,0,2,4,2,40.0,0.0,0,0,0,13,18,0,,0,3,,2
231776,Óliver Torres,oliver-torres,2833,Sevilla,6.5,19.5,3,0,0,0,0,0.05,0,44,16,60,73.33,13,32,18,2,0,0.0,1,0,0,0,0,1,25.0,0,0,0,3,42.86,0,0.0,3,33.33,108,0.0,0,0,0,0,0,0,0,0,0,0,0,0,0,0,0.0,0,0,0,0,22,0,6,0,77,2,3,0,0,0,0,0,0,0,,,,0,0,0,0,0,4,0,0,0,0,0,0,1,0,0,2,1,4,6,2,0,0,0,4,4,0,0.0,0.0,0,0,0,17,47,0,,0,6,,3
1103765,Zeno Van Den Bosch,zeno-van-den-bosch,2889,Royal Antwerp FC,6.5,13.0,2,0,0,0,0,0.02,0,35,7,42,83.33,31,4,3,0,0,0.0,1,1,0,0,0,0,0.0,0,0,0,1,100.0,2,40.0,3,50.0,101,0.0,0,0,0,0,0,0,0,0,0,0,0,0,0,3,37.5,5,0,0,0,8,0,6,4,52,0,0,0,0,0,0,0,0,0,,,,0,0,0,0,0,2,0,0,0,0,0,0,1,0,0,0,0,0,3,3,0,0,0,8,2,0,0.0,0.0,0,0,0,33,9,0,,0,6,,3
143334,Victor Lindelöf,victor-lindelof,35,Manchester United,6.5,26.0,4,0,0,0,0,0.01,0,134,20,154,87.01,104,30,9,1,0,0.0,0,1,0,0,0,0,0.0,0,0,0,2,66.67,11,84.62,13,81.25,297,0.0,0,0,0,0,0,0,0,0,0,0,0,0,0,4,44.44,10,0,0,0,21,0,9,4,184,2,0,0,0,1,0,0,0,0,,,,0,0,0,0,0,7,3,0,0,0,0,0,3,0,0,1,0,0,3,2,0,0,0,9,10,0,0.0,0.0,0,0,0,111,43,0,,11,9,,4
1084880,Serdar Saatçı,serdar-saatci,2999,Sporting Braga,6.5,26.0,4,0,0,0,0,0.02,0,166,19,185,89.73,132,34,8,0,1,100.0,7,5,0,0,0,0,0.0,2,0,0,10,66.67,4,44.44,14,58.33,324,0.0,0,0,0,0,0,0,0,0,2,0,0,0,0,3,30.0,8,0,0,0,23,0,7,2,223,2,3,0,1,2,0,2,0,0,,,,0,0,0,0,0,6,1,0,0,0,0,0,3,0,0,0,1,0,10,5,0,0,0,10,7,2,28.57,0.0,0,0,0,141,44,0,0.29,0,15,,4
91744,James Forrest,james-forrest,2352,Celtic,6.5,19.5,3,0,0,0,0,0.12,0,25,6,31,80.65,12,14,9,1,0,0.0,2,0,0,0,0,1,25.0,1,0,1,2,28.57,1,33.33,3,30.0,93,0.0,0,0,0,0,0,0,0,0,1,0,0,0,0,0,0.0,0,0,0,1,17,1,0,0,48,0,1,0,0,0,1,0,0,0,,,,0,0,0,0,0,1,0,0,0,0,0,0,1,0,0,1,3,4,7,2,0,0,0,0,1,0,0.0,0.0,0,0,0,12,23,0,0.14,0,2,,3
1134396,Jon Magunazelaia,jon-magunazelaia,2824,Real Sociedad,6.5,6.5,1,0,0,0,0,0.0,0,1,1,2,50.0,0,1,1,0,0,0.0,0,0,0,0,0,0,0.0,1,1,0,0,0.0,0,0.0,0,0.0,13,0.0,0,0,0,0,0,0,0,0,1,0,0,0,0,0,0.0,1,0,0,0,2,0,0,0,5,0,2,0,0,0,0,0,0,0,,,,0,0,0,0,0,0,0,0,0,0,0,0,0,0,0,0,1,0,3,0,0,0,0,0,0,0,0.0,0.0,0,0,0,0,2,0,0.12,0,0,,1
1010383,Jon Ander Olasagasti,jon-ander-olasagasti,2824,Real Sociedad,6.5,6.5,1,0,0,0,0,0.0,0,2,2,4,50.0,1,1,1,0,0,0.0,0,0,0,0,0,0,0.0,1,0,0,0,0.0,0,0.0,0,0.0,10,0.0,0,0,0,0,0,0,0,0,1,0,0,0,0,0,0.0,0,0,0,0,2,0,1,0,6,0,0,0,0,0,0,1,0,0,,,,0,0,0,0,0,0,0,0,0,0,0,0,0,0,0,0,0,0,1,1,0,0,0,0,0,0,0.0,0.0,0,0,0,2,2,0,0.11,0,1,,1
98436,Srđan Mijailović,srdan-mijailovic,5149,FK Crvena zvezda,6.5,39.0,6,0,0,0,0,0.09,0,125,46,171,73.1,79,47,22,1,2,50.0,14,6,3,0,0,1,7.69,3,2,0,16,39.02,3,42.86,19,39.58,488,0.0,0,0,0,0,0,0,0,0,1,2,0,0,0,11,36.67,7,0,0,1,64,3,29,11,270,0,12,0,0,10,0,1,0,0,,,,0,0,0,0,0,12,2,0,0,0,0,0,6,0,0,1,4,13,29,4,0,0,0,30,14,5,35.71,0.0,0,0,0,95,89,0,0.1,0,30,,6
976025,Armel Bella-Kotchap,armel-bella-kotchap,2952,PSV Eindhoven,6.5,13.0,2,0,0,0,0,0.01,0,43,7,50,86.0,33,10,3,0,0,0.0,3,0,0,0,0,0,0.0,1,0,1,4,80.0,0,0.0,4,80.0,84,0.0,0,0,0,0,0,0,0,0,1,0,0,0,0,5,62.5,1,0,0,0,8,0,9,4,60,1,0,0,0,1,0,0,0,0,,,,0,0,0,0,0,3,2,0,0,0,0,0,1,0,0,0,0,0,1,0,0,0,0,8,5,2,66.67,0.0,0,0,0,36,14,0,0.04,0,3,,2
1128560,Roger Fernandes,roger-fernandes,2999,Sporting Braga,6.5,6.5,1,0,0,0,0,0.0,0,1,2,3,33.33,0,1,0,0,1,50.0,0,1,0,0,0,0,0.0,1,0,0,1,25.0,1,100.0,2,40.0,8,0.0,0,0,0,0,0,0,0,0,1,0,0,0,0,0,0.0,0,0,0,1,7,0,0,0,12,0,1,0,0,0,0,1,0,0,,,,0,0,0,0,0,0,0,0,0,0,0,0,0,0,0,0,2,0,3,0,0,0,0,0,0,0,0.0,0.0,0,0,0,0,3,0,0.02,0,2,,1
839097,Greg Taylor,greg-taylor,2352,Celtic,6.5,39.0,6,0,0,0,0,0.57,0,331,60,391,84.65,186,147,67,4,3,37.5,11,4,3,0,0,2,40.0,1,0,0,19,54.29,5,50.0,24,53.33,540,0.0,0,0,0,1,0,0,0,0,0,1,0,0,0,16,47.06,10,0,0,3,89,8,27,13,539,5,4,0,0,4,0,1,1,0,,,,0,0,0,0,0,12,3,0,0,0,0,0,6,0,0,3,8,5,21,5,0,0,0,34,15,8,72.73,0.0,0,0,0,204,192,0,0.02,0,35,,6
1150938,Leo Sauer,sauer-leo,2959,Feyenoord,6.5,13.0,2,0,0,0,0,0.03,0,11,0,11,100.0,1,10,6,0,1,50.0,0,0,0,0,0,0,0.0,1,0,0,1,14.29,0,0.0,1,14.29,21,0.0,0,0,0,0,0,0,0,0,1,0,0,0,0,0,0.0,0,0,0,0,1,0,0,0,15,0,4,0,0,1,0,1,0,0,,,,0,0,0,0,0,1,0,0,0,0,0,0,0,0,0,0,2,0,6,0,0,0,0,0,1,0,0.0,0.0,0,0,0,1,10,0,0.02,0,0,,2
889387,Jelle Bataille,jelle-bataille,2889,Royal Antwerp FC,6.48,38.9,6,0,1,0,1,0.91,1,168,48,216,77.78,94,77,42,5,3,75.0,9,5,1,0,0,3,30.0,0,0,0,15,60.0,2,25.0,17,51.52,409,0.0,0,0,0,0,0,0,0,0,0,0,0,0,0,11,32.35,1,0,0,4,65,4,21,4,302,3,1,0,1,5,0,0,0,0,,,,0,0,0,0,0,13,2,0,0,0,0,0,4,0,0,5,4,10,16,6,0,0,0,34,15,6,66.67,0.0,0,0,0,106,120,0,,0,25,,6
904859,Dmytro Kryskiv,dmytro-kryskiv,3313,Shakhtar Donetsk,6.48,32.4,5,0,0,0,0,0.36,0,90,23,113,79.65,56,34,19,2,3,60.0,7,1,1,0,0,0,0.0,4,2,1,14,36.84,3,33.33,17,36.17,391,0.0,0,0,0,0,0,0,0,0,1,3,0,0,0,2,33.33,2,0,0,6,38,3,5,1,166,4,7,0,0,9,0,1,0,0,,,,1,0,0,0,0,3,3,0,0,0,0,0,5,0,0,2,5,0,30,6,0,0,0,6,6,3,42.86,0.0,0,0,0,67,46,0,0.08,0,28,,5
928672,Adrià Pedrosa,adria-pedrosa,2833,Sevilla,6.48,25.9,4,0,0,0,0,0.06,0,74,22,96,77.08,40,37,11,0,2,28.57,6,2,0,0,0,3,21.43,1,0,1,16,43.24,1,33.33,17,42.5,329,0.0,0,0,0,0,0,0,0,0,1,0,0,0,0,4,26.67,4,0,0,7,57,0,8,5,179,8,3,1,0,7,0,0,0,0,,,,0,0,0,0,0,4,1,0,0,0,0,0,4,0,0,0,7,14,23,2,0,0,0,15,5,6,100.0,0.0,0,0,0,52,58,0,0.08,0,20,,4
846425,Manuel Ugarte,manuel-ugarte,1644,Paris Saint-Germain,6.48,51.8,8,0,0,0,0,0.12,0,230,21,251,91.63,117,113,42,0,1,25.0,8,8,2,0,0,0,0.0,4,0,2,18,32.14,3,33.33,21,32.31,392,0.0,0,0,0,0,0,0,0,0,0,4,0,0,0,9,52.94,4,0,0,6,39,2,18,13,315,9,11,0,0,18,0,2,0,0,,,,1,0,0,0,0,7,0,0,0,0,0,0,5,0,0,0,4,0,44,6,0,0,0,17,7,3,37.5,0.0,0,0,0,126,125,0,0.07,0,29,,8
1030711,David Jurásek,david-jurasek,3006,Benfica,6.47,19.4,3,0,0,0,0,0.15,0,28,31,59,47.46,8,23,14,2,1,20.0,6,1,0,0,0,3,37.5,0,0,0,8,38.1,0,0.0,8,38.1,128,0.0,0,0,0,0,0,0,0,0,0,0,0,0,0,2,40.0,4,0,0,2,53,1,13,3,121,1,0,0,0,7,1,0,0,0,,,,0,0,0,0,0,0,0,0,0,0,0,0,1,0,0,2,5,8,13,0,0,0,0,5,0,2,33.33,0.0,0,0,0,22,45,0,,0,9,,3
1019892,Stefan Mitrović,stefan-mitrovic,5149,FK Crvena zvezda,6.47,19.4,3,0,0,0,0,0.06,0,32,10,42,76.19,12,20,15,2,3,33.33,0,1,0,0,0,0,0.0,5,1,2,6,42.86,0,0.0,6,40.0,212,0.0,0,0,0,0,0,0,0,0,2,3,0,0,0,4,40.0,1,0,0,0,26,0,4,1,86,3,1,0,0,1,1,2,0,0,,,,0,0,0,0,0,5,2,0,0,0,0,0,3,0,0,2,9,1,9,1,0,0,0,10,7,0,0.0,0.0,0,0,0,15,28,0,0.13,0,8,,3
1188972,Kevin Kelsy,kelsy-kevin,3313,Shakhtar Donetsk,6.45,25.8,4,1,0,0,0,0.01,1,12,6,18,66.67,7,5,1,0,0,0.0,2,0,0,0,0,0,0.0,2,1,0,2,12.5,3,42.86,5,21.74,131,50.0,0,0,0,0,0,0,1,0,2,0,1,0,0,0,0.0,1,0,0,8,23,0,0,0,44,0,4,0,0,2,0,1,0,0,,,,0,0,0,0,0,5,0,0,0,0,0,0,1,0,0,0,1,0,18,4,0,0,0,0,5,0,0.0,131.0,0,0,0,9,9,0,0.25,0,1,,5
280979,Gonçalo Guedes,goncalo-guedes,3006,Benfica,6.45,12.9,2,0,0,0,0,0.02,0,9,1,10,90.0,0,9,6,1,1,33.33,0,0,0,0,0,0,0.0,0,0,0,1,20.0,0,0.0,1,20.0,31,0.0,0,0,0,0,0,0,0,0,0,0,0,0,0,0,0.0,0,0,0,0,5,2,0,0,17,0,1,0,0,1,0,0,0,0,,,,0,0,0,0,0,0,0,0,0,0,0,0,0,0,0,1,3,0,4,0,0,0,0,0,0,0,0.0,0.0,0,0,0,0,10,0,,0,3,,2
867440,Danny Namaso,danny-namaso,3002,FC Porto,6.45,12.9,2,0,0,0,0,0.03,0,8,0,8,100.0,2,6,6,0,0,0.0,0,0,0,0,0,0,0.0,0,0,0,0,0.0,0,0.0,0,0.0,21,0.0,0,0,0,0,0,0,0,0,0,0,0,0,0,0,0.0,0,0,0,0,5,0,0,0,14,0,2,0,0,0,0,0,0,0,,,,0,0,0,0,0,0,0,0,0,0,0,0,0,0,0,0,2,2,5,1,0,0,0,0,0,0,0.0,0.0,0,0,0,2,8,0,,0,2,,3
973431,Brenden Aaronson,brenden-aaronson,2547,1. FC Union Berlin,6.45,38.7,6,0,0,1,0,0.01,0,29,11,40,72.5,12,17,8,0,1,50.0,1,3,0,0,0,0,0.0,3,0,2,3,30.0,2,40.0,5,33.33,134,0.0,0,0,0,0,0,0,0,0,3,0,0,0,0,1,100.0,1,0,0,1,18,0,0,0,71,1,1,0,0,4,0,1,0,0,,,,0,0,0,0,0,3,1,0,0,0,0,0,1,0,0,0,2,0,10,3,0,0,0,1,4,0,0.0,0.0,0,0,0,14,26,0,0.48,0,10,,6
782396,Carlos Fernández,carlos-fernandez,2824,Real Sociedad,6.45,25.8,4,0,0,1,0,0.01,0,15,11,26,57.69,3,12,8,0,0,0.0,1,1,1,0,0,0,0.0,1,0,1,1,11.11,5,41.67,6,28.57,70,0.0,0,0,0,0,0,0,0,0,1,0,0,0,0,0,0.0,1,0,0,0,14,0,0,0,37,0,7,0,0,1,1,0,0,0,,,,0,0,0,0,0,0,0,0,0,0,0,0,0,0,0,0,0,0,15,7,0,0,0,1,0,1,100.0,0.0,0,0,0,6,20,0,0.13,0,2,,4
1128530,Neil El Aynaoui,neil-el-aynaoui,1648,RC Lens,6.43,19.3,3,0,0,0,0,0.12,0,36,5,41,87.8,21,15,7,1,1,25.0,5,1,1,0,0,0,0.0,0,0,0,7,38.89,0,0.0,7,36.84,135,0.0,0,0,0,0,0,0,0,0,0,0,0,0,0,0,0.0,4,0,0,5,17,1,0,0,72,1,3,0,0,0,0,0,0,0,,,,0,0,0,0,0,2,0,0,0,0,0,0,0,0,0,1,4,0,12,1,0,0,0,0,2,2,40.0,0.0,0,0,0,21,20,0,,0,6,,3
1020197,Anthony Valencia,anthony-valencia,2889,Royal Antwerp FC,6.43,19.3,3,0,0,0,0,0.01,0,8,3,11,72.73,1,8,4,0,0,0.0,0,0,0,0,0,1,50.0,0,0,0,0,0.0,0,0.0,0,0.0,39,0.0,0,0,0,0,0,0,0,0,0,0,0,0,0,1,100.0,0,0,0,2,10,0,0,0,20,0,0,0,0,0,0,0,0,0,,,,0,0,0,0,0,1,1,0,0,0,0,0,0,0,0,0,1,2,4,1,0,0,0,1,2,0,0.0,0.0,0,0,0,2,11,0,,0,2,,3
892673,Sandro Tonali,sandro-tonali,39,Newcastle United,6.43,19.3,3,0,0,0,0,0.05,0,26,15,41,63.41,6,20,8,1,0,0.0,1,2,0,0,0,0,0.0,2,0,0,1,9.09,1,50.0,2,15.38,162,0.0,0,0,0,0,0,0,0,0,0,2,0,0,0,2,50.0,2,0,0,0,28,2,5,2,64,0,8,0,0,0,1,2,0,0,,,,0,0,0,0,0,1,0,0,0,0,0,0,2,0,0,1,2,4,11,1,0,0,0,4,1,1,100.0,0.0,0,0,0,11,34,0,0.1,0,5,,3
1103597,Novatus Miroshi,novatus-miroshi,3313,Shakhtar Donetsk,6.4,6.4,1,0,0,0,0,0.0,0,39,4,43,90.7,26,13,0,1,0,0.0,1,3,0,0,0,0,0.0,0,0,0,1,33.33,0,0.0,1,33.33,90,0.0,0,0,0,0,0,0,0,0,0,0,0,0,0,5,71.43,2,0,0,0,7,0,3,1,60,0,0,0,0,2,0,0,0,0,,,,0,0,0,0,0,3,0,0,0,0,0,0,1,0,0,1,0,1,2,0,0,0,0,7,3,0,0.0,0.0,0,0,0,28,16,0,,0,4,,1
44760,Cédric Soares,cedric-soares,42,Arsenal,6.4,6.4,1,0,0,0,0,0.14,0,18,8,26,69.23,10,9,7,1,0,0.0,0,0,0,0,0,1,50.0,0,0,0,0,0.0,0,0.0,0,0.0,62,0.0,0,0,0,0,0,0,0,0,0,0,0,0,0,0,0.0,2,0,0,0,11,1,4,3,41,0,0,0,0,2,0,0,0,0,,,,0,0,0,0,0,1,0,0,0,0,0,0,1,0,0,1,0,2,2,0,0,0,0,3,1,0,0.0,0.0,0,0,0,13,15,0,,0,3,,1
1127916,Thomas Beelen,thomas-beelen,2959,Feyenoord,6.4,6.4,1,0,0,0,0,0.01,0,52,4,56,92.86,42,10,1,0,0,0.0,2,0,0,0,0,0,0.0,0,0,0,2,40.0,0,0.0,2,33.33,79,0.0,0,0,0,0,0,0,0,0,0,0,0,0,0,3,50.0,2,0,0,1,6,0,4,3,63,0,1,0,0,0,0,0,0,0,,,,0,0,0,0,0,1,0,0,0,0,0,0,1,0,0,0,1,0,4,1,0,0,0,6,1,1,50.0,0.0,0,0,0,43,13,0,,0,5,,1
242883,David von Ballmoos,david-von-ballmoos,2445,BSC Young Boys,6.4,6.4,1,0,0,0,0,0.0,0,23,8,31,74.19,17,6,1,0,0,0.0,0,0,0,0,0,0,0.0,0,0,0,0,0.0,1,100.0,1,100.0,90,0.0,0,0,0,0,0,0,0,0,0,0,0,0,0,7,46.67,1,0,0,0,12,0,1,1,42,0,0,0,0,0,0,0,0,0,,,,0,0,0,0,0,2,0,0,0,0,1,0,1,0,0,0,0,0,0,0,0,0,0,15,2,0,0.0,0.0,0,0,0,18,13,0,,2,7,,1
832427,Carlos Soler,carlos-soler,1644,Paris Saint-Germain,6.4,6.4,1,0,0,0,0,0.0,0,2,0,2,100.0,1,1,0,0,0,0.0,0,0,0,0,0,0,0.0,0,0,0,0,0.0,0,0.0,0,0.0,11,0.0,0,0,0,0,0,0,0,0,0,0,0,0,0,0,0.0,0,0,0,0,0,0,0,0,3,0,0,0,0,0,0,0,0,0,,,,0,0,0,0,0,1,0,0,0,0,0,0,0,0,0,0,0,0,0,0,0,0,0,0,1,0,0.0,0.0,0,0,0,1,1,0,,0,0,,2
142619,Kerem Demirbay,kerem-demirbay,3061,Galatasaray,6.4,6.4,1,0,0,0,0,0.01,0,30,6,36,83.33,16,14,5,0,0,0.0,2,0,0,0,0,0,0.0,0,0,0,3,30.0,2,100.0,5,41.67,61,0.0,0,0,0,0,0,0,0,0,0,0,0,0,0,3,75.0,0,0,0,1,12,0,4,3,46,1,2,0,0,2,0,0,0,0,,,,0,0,0,0,0,2,0,0,0,0,0,0,1,0,0,0,2,2,7,0,0,0,0,4,2,1,50.0,0.0,0,0,0,17,21,0,,0,7,,2
791170,Maryan Shved,maryan-shved,3313,Shakhtar Donetsk,6.4,6.4,1,0,0,0,0,0.0,0,1,0,1,100.0,0,1,1,0,0,0.0,0,0,0,0,0,0,0.0,0,0,0,0,0.0,0,0.0,0,0.0,12,0.0,0,0,0,0,0,0,0,0,0,0,0,0,0,0,0.0,0,0,0,0,1,0,0,0,2,0,1,0,0,0,1,0,0,0,,,,0,0,0,0,0,0,0,0,0,0,0,0,0,0,0,0,0,0,1,0,0,0,0,0,0,0,0.0,0.0,0,0,0,0,1,0,,0,0,,2
1463869,Kobe Corbanie,corbanie-kobe,2889,Royal Antwerp FC,6.4,12.8,2,0,0,0,0,0.01,0,11,2,13,84.62,4,7,3,0,0,0.0,1,1,0,0,0,0,0.0,0,0,0,1,100.0,0,0.0,1,50.0,31,0.0,0,0,0,0,0,0,0,0,0,0,0,0,0,0,0.0,4,0,0,0,2,0,0,0,24,0,0,0,0,0,0,0,0,0,,,,0,0,0,0,0,2,0,0,0,0,0,0,0,0,0,0,0,0,1,1,0,0,0,0,2,0,0.0,0.0,0,0,0,6,7,0,,0,2,,2
1120035,Diogo Fonseca,fonseca-diogo,2999,Sporting Braga,6.4,6.4,1,0,0,1,0,0.01,0,9,7,16,56.25,4,5,3,0,0,0.0,0,0,0,0,0,0,0.0,1,0,1,0,0.0,0,0.0,0,0.0,17,0.0,0,0,0,0,0,0,0,0,1,0,0,0,0,1,50.0,0,0,0,0,14,0,3,0,27,0,0,0,0,0,0,0,0,0,,,,0,0,0,0,0,0,0,0,0,0,0,0,0,0,0,0,0,5,1,1,0,0,0,2,0,0,0.0,0.0,0,0,0,7,14,0,0.35,0,1,,1
825754,Rafa Mir,rafa-mir,2833,Sevilla,6.4,12.8,2,0,0,0,0,0.0,0,1,5,6,16.67,1,0,0,0,0,0.0,0,1,1,0,0,0,0.0,1,1,0,0,0.0,2,40.0,2,22.22,36,0.0,0,0,0,0,0,0,0,0,0,1,0,0,0,0,0.0,0,0,0,0,8,0,0,0,11,0,3,0,0,0,0,0,0,0,,,,0,0,0,0,0,3,0,0,0,0,0,0,0,0,0,0,2,0,7,3,0,0,0,0,3,0,0.0,0.0,0,0,0,3,3,0,0.09,0,0,,2
888550,Joe Willock,joe-willock,39,Newcastle United,6.4,12.8,2,0,0,0,0,0.03,0,34,6,40,85.0,13,21,13,0,0,0.0,2,0,0,0,0,0,0.0,2,1,0,2,20.0,0,0.0,2,20.0,100,0.0,0,0,0,0,0,0,0,0,1,1,0,0,0,0,0.0,0,0,0,1,15,1,0,0,58,0,0,0,0,1,0,1,0,0,,,,0,0,0,0,0,2,0,0,0,0,0,0,1,0,0,0,6,1,8,0,0,0,0,0,2,2,100.0,0.0,0,0,0,14,27,0,0.05,0,7,,2
991604,Fabio Carvalho,fabio-carvalho,36360,RB Leipzig,6.37,19.1,3,0,0,0,0,0.05,0,34,6,40,85.0,15,19,10,0,1,16.67,6,1,0,0,0,0,0.0,4,1,1,11,40.74,1,50.0,12,41.38,121,0.0,0,0,0,0,1,0,0,0,0,4,0,0,0,0,0.0,0,0,0,3,21,0,0,0,76,4,1,0,0,7,1,2,0,0,,,,0,0,0,0,0,3,0,0,0,0,0,0,1,0,0,0,6,1,17,1,0,0,0,0,3,2,33.33,0.0,0,0,0,18,23,0,0.11,0,5,,3
1063235,Mohamed Ali Cho,mohamed-ali-cho,2824,Real Sociedad,6.37,19.1,3,0,0,0,0,0.03,0,21,4,25,84.0,7,15,9,1,0,0.0,0,0,0,0,0,1,25.0,1,1,0,2,13.33,1,33.33,3,16.67,131,0.0,0,0,0,0,0,0,0,0,1,0,0,0,0,0,0.0,0,0,0,5,25,1,0,0,56,2,2,0,0,0,0,0,0,0,,,,0,0,0,0,0,1,0,0,0,0,0,0,1,0,0,1,6,4,15,2,0,0,0,0,1,0,0.0,0.0,0,0,0,9,20,0,0.04,0,10,,4
547242,Adrián Marín,adrian-marin,2999,Sporting Braga,6.35,12.7,2,0,0,0,0,0.0,0,8,2,10,80.0,2,6,2,0,0,0.0,0,0,0,0,0,0,0.0,0,0,0,0,0.0,0,0.0,0,0.0,27,0.0,0,0,0,0,0,0,0,0,0,0,0,0,0,2,100.0,1,0,0,0,4,0,3,3,14,0,0,0,0,1,0,0,0,0,,,,0,0,0,0,0,1,0,0,0,0,0,0,0,0,0,0,0,1,2,1,0,0,0,2,1,0,0.0,0.0,0,0,0,2,9,0,,0,2,,2
113956,Callum Wilson,callum-wilson,39,Newcastle United,6.35,25.4,4,0,0,3,0,0.13,0,18,4,22,81.82,8,10,5,1,0,0.0,0,0,0,0,0,0,0.0,6,3,3,3,21.43,4,50.0,7,31.82,237,0.0,0,0,0,0,0,0,0,0,4,2,0,0,0,0,0.0,0,0,0,5,15,2,0,0,46,3,2,1,0,1,1,0,0,0,,,,0,0,0,0,0,4,0,0,0,0,0,0,2,0,0,1,3,0,15,4,0,0,0,0,4,0,0.0,0.0,0,0,0,9,13,0,0.81,0,4,,4
348362,Saidy Janko,saidy-janko,2445,BSC Young Boys,6.34,31.7,5,0,0,0,0,0.08,0,74,23,97,76.29,33,42,23,3,8,50.0,4,1,0,0,0,1,11.11,0,0,0,13,38.24,3,60.0,16,41.03,325,0.0,0,0,0,0,0,0,0,0,0,0,0,0,0,1,33.33,5,0,0,4,53,1,4,0,200,1,5,0,0,4,0,0,0,0,,,,0,0,0,0,0,8,1,0,0,0,0,0,4,0,0,3,16,9,23,2,0,0,0,3,9,2,50.0,0.0,0,0,0,38,68,0,,0,11,,5
1104199,Noah Persson,noah-persson,2445,BSC Young Boys,6.33,19.0,3,0,0,0,0,0.07,0,15,7,22,68.18,9,7,3,1,0,0.0,0,0,0,0,0,1,33.33,0,0,0,0,0.0,0,0.0,0,0.0,35,0.0,0,0,0,0,0,0,0,0,0,0,0,0,0,0,0.0,2,0,0,1,10,0,1,0,31,0,0,0,0,2,0,0,0,0,,,,0,0,0,0,0,2,0,0,0,0,0,0,0,0,0,1,0,3,4,1,0,0,0,3,2,0,0.0,0.0,0,0,0,12,13,0,,0,0,,3
836673,Owen Wijndal,owen-wijndal,2889,Royal Antwerp FC,6.32,37.9,6,0,0,0,0,0.06,0,140,26,166,84.34,84,57,27,0,0,0.0,13,3,2,0,0,1,7.69,1,0,1,17,42.5,4,50.0,21,43.75,452,0.0,0,0,0,0,0,0,0,0,0,1,0,0,0,5,33.33,9,0,0,4,55,0,6,1,270,4,11,0,0,8,0,0,0,0,,,,0,0,0,0,0,12,2,0,0,0,0,0,5,0,0,0,2,13,27,4,0,0,0,15,14,6,46.15,0.0,0,0,0,94,85,0,0.01,0,19,,6
578560,Marcos Acuña,marcos-acuna,2833,Sevilla,6.3,18.9,3,0,1,0,1,0.37,1,49,18,67,73.13,27,24,7,1,1,25.0,2,1,0,0,0,2,50.0,2,0,1,5,33.33,2,40.0,7,35.0,197,0.0,0,0,0,0,0,0,0,0,0,2,0,0,0,3,25.0,2,0,0,1,36,1,11,5,110,2,5,0,0,1,0,1,0,0,,,,0,0,0,0,0,7,0,0,0,0,0,0,2,0,0,1,4,4,13,3,0,0,0,12,7,2,100.0,0.0,0,0,0,35,36,0,0.15,0,16,,3
859999,Lisandro Martínez,lisandro-martinez,35,Manchester United,6.3,6.3,1,0,0,0,0,,0,46,1,47,97.87,31,15,1,0,2,100.0,0,2,1,0,0,0,0.0,0,0,0,2,66.67,0,0.0,2,50.0,90,0.0,0,0,0,0,0,0,0,0,0,0,0,0,0,0,0.0,1,0,1,0,3,0,1,0,58,0,1,0,0,0,0,0,0,0,,,,0,0,0,0,0,3,1,0,0,0,0,0,1,0,0,0,2,0,2,1,0,0,0,0,4,0,0.0,0.0,0,0,0,31,16,0,,0,5,,1
831424,Reinildo Mandava,reinildo-mandava,2836,Atlético Madrid,6.3,6.3,1,0,0,0,0,0.0,0,11,3,14,78.57,6,5,2,0,0,0.0,1,2,0,0,0,0,0.0,0,0,0,1,100.0,0,0.0,1,100.0,22,0.0,0,0,0,0,0,0,0,0,0,0,0,0,0,0,0.0,2,1,0,0,5,0,0,0,24,0,0,0,0,0,0,0,0,0,,,,0,0,0,0,0,1,0,0,0,0,0,0,0,0,0,0,0,1,0,0,0,0,0,1,1,0,0.0,0.0,0,0,0,7,8,0,,0,3,,1
1008884,Kazımcan Karataş,kazimcan-karatas,3061,Galatasaray,6.3,6.3,1,0,0,0,0,0.02,0,18,4,22,81.82,8,10,5,1,1,100.0,4,1,0,0,0,0,0.0,0,0,0,5,83.33,0,0.0,5,83.33,75,0.0,0,0,0,0,0,0,0,0,0,0,0,0,0,1,100.0,2,1,0,0,11,0,1,0,43,0,0,0,0,1,0,0,0,0,,,,0,0,0,0,0,2,0,0,0,0,0,0,1,0,0,1,1,0,1,0,0,0,0,1,2,4,100.0,0.0,0,0,0,8,14,0,,0,2,,1
1198074,Aljoscha Kemlein,aljoscha-kemlein,2547,1. FC Union Berlin,6.3,6.3,1,0,0,0,0,0.0,0,1,0,1,100.0,0,1,1,0,0,0.0,0,0,0,0,0,0,0.0,0,0,0,0,0.0,0,0.0,0,0.0,13,0.0,0,0,0,0,0,0,0,0,0,0,0,0,0,0,0.0,1,0,0,0,0,0,1,1,3,0,1,0,0,0,0,0,0,0,,,,0,0,0,0,0,1,0,0,0,0,0,0,0,0,0,0,0,0,1,0,0,0,0,0,1,0,0.0,0.0,0,0,0,0,1,0,,0,0,,1
1424163,Mitchel Frame,frame-mitchel,2352,Celtic,6.3,6.3,1,0,0,0,0,0.0,0,2,1,3,66.67,1,1,0,0,0,0.0,2,0,0,0,0,0,0.0,0,0,0,2,66.67,0,0.0,2,66.67,15,0.0,0,0,0,0,0,0,0,0,0,0,0,0,0,0,0.0,0,0,0,0,4,0,0,0,9,0,0,0,0,0,0,0,0,0,,,,0,0,0,0,0,1,0,0,0,0,0,0,0,0,0,0,1,2,1,0,0,0,0,0,1,1,50.0,0.0,0,0,0,1,4,0,,0,0,,1
1084268,David Turnbull,david-turnbull,2352,Celtic,6.3,12.6,2,0,0,0,0,0.0,0,5,3,8,62.5,3,2,0,0,0,0.0,1,0,0,0,0,0,0.0,0,0,0,3,50.0,0,0.0,3,50.0,39,0.0,0,0,0,0,0,0,0,0,0,0,0,0,0,0,0.0,1,0,0,0,5,0,0,0,18,2,0,0,0,2,0,0,0,0,,,,0,0,0,0,0,2,1,0,0,0,0,0,0,0,0,0,1,0,3,0,0,0,0,0,3,0,0.0,0.0,0,0,0,5,3,0,,0,1,,2
797279,Bart Nieuwkoop,bart-nieuwkoop,2959,Feyenoord,6.3,18.9,3,0,0,0,0,0.01,0,31,4,35,88.57,16,15,6,0,0,0.0,3,0,2,0,0,0,0.0,0,0,0,3,30.0,1,50.0,4,33.33,81,0.0,0,0,0,0,0,0,0,0,0,0,0,0,0,0,0.0,0,0,1,0,9,0,1,1,53,0,3,0,0,3,0,0,0,0,,,,0,0,0,0,0,0,0,0,0,0,0,0,2,0,0,0,1,2,8,1,0,0,0,0,0,2,66.67,0.0,0,0,0,17,20,0,,0,1,,3
1083413,William Clem,william-clem,1284,FC København,6.3,6.3,1,0,0,0,0,0.0,0,15,2,17,88.24,9,6,1,0,0,0.0,1,0,0,0,0,0,0.0,1,0,1,1,20.0,1,100.0,2,33.33,69,0.0,0,0,0,0,0,0,0,0,1,0,0,0,0,1,100.0,2,0,0,0,2,0,1,1,22,0,1,0,0,3,0,0,0,0,,,,0,0,0,0,0,2,1,0,0,0,0,0,1,0,0,0,0,0,4,0,0,0,0,1,3,0,0.0,0.0,0,0,0,9,8,0,0.05,0,2,,1
1003007,Tanguy Nianzou,tanguy-nianzou,2833,Sevilla,6.3,12.6,2,0,0,0,0,0.0,0,6,2,8,75.0,3,3,1,0,0,0.0,0,1,0,0,0,0,0.0,1,0,0,1,25.0,3,100.0,4,57.14,31,0.0,0,0,0,0,0,0,0,0,0,1,0,0,0,1,100.0,1,0,0,1,3,0,1,0,17,1,2,0,0,0,0,1,0,0,,,,0,0,0,0,0,2,0,0,0,0,0,0,0,0,0,0,0,0,3,0,0,0,0,1,2,0,0.0,0.0,0,0,0,4,4,0,0.01,0,2,,2
386950,Gyrano Kerk,gyrano-kerk,2889,Royal Antwerp FC,6.28,25.1,4,0,0,1,0,0.11,0,29,16,45,64.44,8,21,14,0,3,60.0,3,0,1,0,0,0,0.0,3,1,2,7,33.33,1,16.67,8,29.63,207,0.0,0,0,0,1,0,0,0,0,3,0,0,0,0,0,0.0,1,0,0,3,40,0,2,1,87,1,4,0,0,5,2,0,0,0,,,,0,0,0,0,0,3,0,0,0,0,0,0,3,0,0,0,5,5,19,5,0,0,0,2,3,3,100.0,0.0,0,0,0,13,37,0,0.22,0,8,,5
1100830,Valdemar Lund,valdemar-lund,1284,FC København,6.25,12.5,2,0,0,0,0,0.0,0,12,0,12,100.0,8,4,4,0,0,0.0,0,0,0,0,0,0,0.0,0,0,0,0,0.0,0,0.0,0,0.0,27,0.0,0,0,0,0,0,0,0,0,0,0,0,0,0,2,100.0,0,0,0,0,0,0,2,2,13,0,0,0,0,0,0,0,0,0,,,,0,0,0,0,0,3,0,0,0,0,0,0,0,0,0,0,0,0,1,1,0,0,0,2,3,0,0.0,0.0,0,0,0,8,4,0,,0,2,,2
578380,Jordan Larsson,jordan-larsson,1284,FC København,6.25,25.0,4,0,0,2,0,0.07,0,20,6,26,76.92,3,17,11,0,0,0.0,0,1,0,0,0,0,0.0,4,3,1,0,0.0,4,57.14,4,22.22,108,0.0,1,0,0,0,0,0,0,0,4,0,0,0,0,0,0.0,0,0,0,1,16,0,0,0,43,0,5,0,0,3,1,0,0,0,,,,0,0,0,0,0,1,0,0,0,0,0,0,1,0,0,0,3,0,14,3,0,0,1,0,1,0,0.0,0.0,0,0,0,4,22,0,1.04,0,1,,5
801072,Sandro Lauper,sandro-lauper,2445,BSC Young Boys,6.25,25.0,4,0,0,0,0,0.04,0,92,20,112,82.14,53,39,18,2,1,33.33,4,2,1,0,1,0,0.0,4,0,3,5,22.73,1,50.0,6,25.0,280,0.0,0,0,0,1,0,0,0,0,1,3,0,0,0,8,66.67,1,0,0,2,28,2,7,2,145,0,5,0,0,8,0,1,0,0,,,,0,0,0,0,0,7,2,0,0,0,0,0,4,0,0,2,3,0,18,1,0,0,0,12,9,2,50.0,0.0,1,0,0,58,54,0,0.14,0,19,,4
1402908,Hector Fort,fort-hector,2817,FC Barcelona,6.2,6.2,1,0,0,0,0,0.01,0,30,1,31,96.77,11,19,4,0,0,0.0,0,0,0,0,0,0,0.0,0,0,0,1,20.0,0,0.0,1,20.0,60,0.0,0,0,0,0,0,0,0,0,0,0,0,0,0,0,0.0,2,0,0,0,3,0,0,0,44,1,0,0,0,3,0,0,0,0,,,,0,0,0,0,0,2,0,0,0,0,0,0,1,0,0,0,1,0,4,0,0,0,0,0,2,0,0.0,0.0,0,0,0,12,19,0,,0,1,,1
1136730,Lewis Hall,lewis-hall,39,Newcastle United,6.2,6.2,1,0,0,0,0,0.02,0,14,5,19,73.68,7,7,2,0,0,0.0,1,0,1,0,0,0,0.0,0,0,0,1,25.0,1,33.33,2,28.57,45,0.0,0,0,0,0,0,0,0,0,0,0,0,0,0,0,0.0,2,0,0,0,10,0,0,0,31,0,1,0,0,0,0,0,0,0,,,,0,0,0,0,0,1,0,0,0,0,0,0,1,0,0,0,2,1,5,2,0,0,0,2,1,1,100.0,0.0,0,0,0,9,11,0,,0,1,,1
42209,Martin Dúbravka,martin-dubravka,39,Newcastle United,6.2,6.2,1,0,0,0,0,0.01,0,22,7,29,75.86,19,3,2,0,0,0.0,0,0,0,0,0,0,0.0,0,0,0,0,0.0,0,0.0,0,0.0,90,0.0,0,0,0,0,0,0,0,0,0,0,0,0,0,3,30.0,0,0,0,0,8,0,2,1,36,0,0,0,0,0,0,0,0,0,,,,0,0,0,0,0,2,0,0,0,0,0,0,1,0,0,0,0,0,0,0,0,0,0,10,2,0,0.0,0.0,0,0,0,21,8,0,,5,6,,1
1156644,Mahamadou Susoho,susoho-mahamadou,17,Manchester City,6.2,6.2,1,0,0,0,0,0.0,0,14,1,15,93.33,5,9,3,0,0,0.0,0,0,0,0,0,0,0.0,0,0,0,0,0.0,0,0.0,0,0.0,14,0.0,0,0,0,0,0,0,0,0,0,0,0,0,0,0,0.0,0,0,0,1,2,0,0,0,17,0,1,0,0,0,0,0,0,0,,,,0,0,0,0,0,2,0,0,0,0,0,0,0,0,0,0,0,0,2,0,0,0,0,0,2,0,0.0,0.0,0,0,0,5,10,0,,0,1,,1
97410,Davy Klaassen,davy-klaassen,2697,Inter,6.2,18.6,3,0,0,0,0,0.01,0,28,6,34,82.35,15,13,6,0,0,0.0,1,0,0,0,0,0,0.0,0,0,0,1,20.0,0,0.0,1,16.67,89,0.0,0,0,0,0,0,0,0,0,0,0,0,0,0,0,0.0,0,0,0,2,8,1,0,0,40,0,0,0,0,2,0,0,0,0,,,,0,0,0,0,0,3,0,0,0,0,0,0,1,0,0,0,0,0,5,1,0,0,0,2,3,1,100.0,0.0,0,0,0,18,16,0,,0,4,,4
922928,Alessandro Zanoli,alessandro-zanoli,2714,SSC Napoli,6.2,6.2,1,0,0,0,0,0.0,0,3,0,3,100.0,2,1,1,0,1,33.33,0,0,0,0,0,0,0.0,1,0,0,1,33.33,0,0.0,1,33.33,11,0.0,0,0,0,0,0,0,0,0,1,0,0,0,0,0,0.0,1,0,0,0,2,0,0,0,10,0,0,0,0,0,0,1,0,0,,,,0,0,0,0,0,1,0,0,0,0,0,0,0,0,0,0,3,0,2,0,0,0,0,0,1,0,0.0,0.0,0,0,0,2,1,0,0.03,0,0,,1
965330,Pierre Kalulu,pierre-kalulu,2692,AC Milan,6.1,6.1,1,0,0,0,0,0.0,0,29,7,36,80.56,20,9,3,0,1,100.0,0,2,1,0,0,0,0.0,0,0,0,1,33.33,0,0.0,1,33.33,90,0.0,0,0,0,0,0,0,0,0,0,0,0,0,0,2,50.0,2,0,0,0,9,0,5,1,50,0,1,0,0,1,0,0,0,0,,,,0,0,0,0,0,3,0,0,0,0,0,0,1,0,0,0,1,0,2,0,0,0,0,4,3,0,0.0,0.0,0,0,0,26,10,0,,0,6,,1
883745,Marcos López,marcos-lopez,2959,Feyenoord,6.1,6.1,1,0,0,0,0,0.01,0,17,4,21,80.95,10,7,3,0,0,0.0,0,1,1,0,0,0,0.0,0,0,0,0,0.0,0,0.0,0,0.0,45,0.0,0,0,0,1,0,0,0,0,0,0,0,0,0,1,25.0,0,0,0,0,6,0,0,0,28,0,2,0,0,0,0,0,0,0,,,,0,0,0,0,0,1,0,0,0,0,0,0,0,0,0,0,0,0,2,0,0,0,0,4,1,0,0.0,0.0,0,0,0,13,8,0,,0,4,,1
855845,Florentino Luís,florentino-luis,3006,Benfica,6.1,12.2,2,0,0,0,0,0.01,0,50,11,61,81.97,21,29,6,0,0,0.0,3,3,1,0,0,0,0.0,0,0,0,3,37.5,0,0.0,3,37.5,111,0.0,0,0,0,0,0,0,0,0,0,0,0,0,0,4,100.0,1,1,0,0,16,0,5,4,76,0,2,0,0,2,0,0,0,0,,,,0,0,0,0,0,6,0,0,0,0,0,0,2,0,0,0,1,0,5,0,0,0,0,4,6,2,66.67,0.0,0,0,0,24,37,0,,0,5,,3
904887,Jürgen Ekkelenkamp,jurgen-ekkelenkamp,2889,Royal Antwerp FC,6.1,24.4,4,0,0,0,0,0.13,0,50,9,59,84.75,26,24,12,2,1,33.33,0,1,0,1,1,0,0.0,1,0,1,3,21.43,2,25.0,5,22.73,277,0.0,0,0,0,0,0,0,0,0,1,0,0,0,0,5,83.33,3,0,0,4,21,1,4,4,92,2,1,0,0,4,0,0,0,0,,,,0,0,0,0,0,9,2,0,0,0,0,0,4,0,0,2,3,2,17,6,0,0,0,6,11,0,0.0,0.0,0,0,0,30,31,0,0.15,0,11,,4
832420,Daizen Maeda,daizen-maeda,2352,Celtic,6.08,24.3,4,0,0,0,1,0.1,1,58,13,71,81.69,29,29,13,2,8,47.06,2,3,0,1,1,0,0.0,5,1,3,14,36.84,4,57.14,18,40.0,285,0.0,0,0,0,0,0,0,0,0,4,1,0,0,0,1,100.0,3,0,0,4,48,1,2,0,142,4,6,0,0,5,4,1,0,0,,,,0,0,0,0,0,5,2,0,0,0,0,0,4,0,0,2,17,4,27,3,0,0,0,1,7,1,50.0,0.0,0,0,0,31,44,0,0.42,0,16,,4
892224,Romário Baró,romario-baro,3002,FC Porto,6.0,6.0,1,0,0,0,0,0.08,0,15,2,17,88.24,5,11,5,2,1,50.0,0,1,0,0,0,1,100.0,0,0,0,2,33.33,0,0.0,2,33.33,64,0.0,0,0,0,0,0,0,0,0,0,0,0,0,0,0,0.0,1,1,0,1,6,0,0,0,31,1,1,0,0,1,0,0,0,0,,,,0,0,0,0,0,1,0,0,0,0,0,0,1,0,0,2,2,1,4,0,0,0,0,0,1,0,0.0,0.0,0,0,0,6,12,0,,0,4,,1
111752,Uroš Spajić,uros-spajic,5149,FK Crvena zvezda,6.0,6.0,1,0,0,0,0,0.0,0,12,2,14,85.71,11,1,0,0,0,0.0,0,0,1,0,0,0,0.0,0,0,0,0,0.0,1,100.0,1,16.67,65,0.0,0,0,0,0,0,0,0,0,0,0,0,0,0,0,0.0,0,0,0,0,2,0,2,0,16,0,4,0,0,1,0,0,0,0,,,,0,0,0,0,0,2,0,0,0,0,0,0,1,0,0,0,0,0,5,0,0,0,0,2,2,0,0.0,0.0,0,0,0,11,3,0,,0,2,,1
1091923,Stav Lemkin,stav-lemkin,3313,Shakhtar Donetsk,6.0,6.0,1,0,0,0,0,0.0,0,52,4,56,92.86,44,8,0,0,0,0.0,1,0,0,0,0,0,0.0,0,0,0,1,50.0,0,0.0,1,50.0,65,0.0,0,0,0,0,0,0,0,0,0,0,0,0,0,0,0.0,1,0,0,0,5,0,3,1,60,0,0,0,0,1,0,0,0,0,,,,0,0,0,0,0,3,0,0,0,0,0,0,1,0,0,0,0,0,1,0,0,0,0,2,3,0,0.0,0.0,0,0,0,46,10,0,,0,1,,1
1194333,Abdukodir Khusanov,abdukodir-khusanov,1648,RC Lens,5.9,5.9,1,0,0,0,0,0.0,0,12,6,18,66.67,11,1,0,0,0,0.0,2,0,1,0,0,0,0.0,0,0,0,2,40.0,0,0.0,2,33.33,29,0.0,0,0,0,1,0,0,0,0,0,0,0,0,0,1,33.33,0,0,0,0,6,0,0,0,21,0,3,0,0,1,0,0,0,0,,,,0,0,0,0,0,1,0,0,0,0,0,0,0,0,0,0,0,0,4,1,0,0,0,3,1,1,50.0,0.0,0,0,0,16,2,0,,1,3,,2
846148,Victor Nelsson,victor-nelsson,3061,Galatasaray,5.87,17.6,3,0,0,0,0,0.01,0,80,12,92,86.96,63,17,4,0,0,0.0,3,0,0,0,0,0,0.0,1,0,1,3,60.0,4,80.0,7,70.0,104,0.0,0,0,0,0,0,0,0,0,1,0,0,0,0,3,60.0,6,1,0,0,12,0,5,3,103,0,2,0,0,0,1,0,0,0,,,,0,0,0,0,0,4,0,0,0,0,0,0,1,0,0,0,0,0,3,1,0,0,0,5,4,1,33.33,0.0,0,0,0,69,23,0,0.01,0,8,,4
1006069,António Silva,antonio-silva,3006,Benfica,5.8,23.2,4,0,0,0,0,0.07,0,110,14,124,88.71,81,29,8,1,2,100.0,8,1,0,2,2,0,0.0,0,0,0,13,72.22,3,33.33,16,59.26,279,0.0,0,0,0,1,0,0,0,0,0,0,0,0,0,3,33.33,15,0,0,1,17,0,7,5,165,3,4,0,0,1,0,0,0,0,,,,0,0,0,0,0,7,0,0,0,0,0,0,4,0,0,1,2,0,11,6,0,0,0,9,7,6,75.0,0.0,0,0,0,88,36,0,,0,16,,4
1120701,Isaac Babadi,isaac-babadi,2952,PSV Eindhoven,5.5,11.0,2,0,0,0,0,0.05,0,13,2,15,86.67,3,10,5,0,0,0.0,1,0,0,0,0,0,0.0,0,0,0,1,25.0,0,0.0,1,25.0,25,0.0,0,0,0,0,0,0,0,0,0,0,0,0,0,0,0.0,0,1,0,2,5,0,2,1,22,0,0,0,0,0,0,0,0,0,,,,0,0,0,0,0,1,0,0,0,0,0,0,0,0,0,0,1,0,3,0,0,0,0,1,1,1,100.0,0.0,0,0,0,4,11,0,,0,7,,2
975575,Odin Thiago Holm,odin-thiago-holm,2352,Celtic,5.5,11.0,2,0,0,0,0,0.01,0,11,2,13,84.62,7,4,2,0,2,66.67,0,0,0,1,1,0,0.0,0,0,0,3,50.0,1,33.33,4,44.44,55,0.0,0,0,0,0,0,0,0,0,0,0,0,0,0,0,0.0,2,0,0,0,3,1,1,1,20,1,1,0,0,1,0,0,0,0,,,,0,0,0,0,0,3,1,0,0,0,0,0,0,0,0,0,3,0,5,2,0,0,0,0,4,0,0.0,0.0,0,0,0,8,5,0,,0,5,,2
1116388,Jon Aramburu,jon-aramburu,2824,Real Sociedad,0.0,0.0,0,0,0,0,0,0.0,0,2,1,3,66.67,1,1,1,0,0,0.0,0,0,0,0,0,0,0.0,0,0,0,0,0.0,0,0.0,0,0.0,2,0.0,0,0,0,0,0,0,0,0,0,0,0,0,0,0,0.0,0,0,0,0,1,0,0,0,5,0,0,0,0,0,0,0,0,0,,,,0,0,0,0,0,0,0,0,0,0,0,0,0,0,0,0,0,0,0,0,0,0,0,0,0,0,0.0,0.0,0,0,0,2,1,0,,0,0,,1
855647,Harvey Barnes,harvey-barnes,39,Newcastle United,0.0,0.0,0,0,0,0,0,,0,0,1,1,0.0,0,0,0,0,0,0.0,0,0,0,0,0,0,0.0,0,0,0,0,0.0,0,0.0,0,0.0,1,0.0,0,0,0,0,0,0,0,0,0,0,0,0,0,0,0.0,0,0,0,0,2,0,0,0,2,0,0,0,0,0,0,0,0,0,,,,0,0,0,0,0,0,0,0,0,0,0,0,0,0,0,0,0,0,0,0,0,0,0,0,0,0,0.0,0.0,0,0,0,0,1,0,,0,0,,1
1390489,Davide Bartesaghi,davide-bartesaghi,2692,AC Milan,0.0,0.0,0,0,0,0,0,0.0,0,2,0,2,100.0,0,2,2,0,0,0.0,0,0,0,0,0,0,0.0,0,0,0,0,0.0,0,0.0,0,0.0,2,0.0,0,0,0,0,0,0,0,0,0,0,0,0,0,0,0.0,0,0,0,0,1,0,0,0,4,0,0,0,0,1,0,0,0,0,,,,0,0,0,0,0,0,0,0,0,0,0,0,0,0,0,0,0,0,2,1,0,0,0,0,0,0,0.0,0.0,0,0,0,0,2,0,,0,0,,1
877037,Cyril Ngonge,cyril-ngonge,2714,SSC Napoli,0.0,0.0,0,0,0,0,0,,0,0,0,0,0.0,0,0,0,0,0,0.0,0,0,0,0,0,0,0.0,0,0,0,0,0.0,0,0.0,0,0.0,1,0.0,0,0,0,0,0,0,0,0,0,0,0,0,0,0,0.0,0,0,0,0,0,0,0,0,0,0,0,0,0,0,0,0,0,0,,,,0,0,0,0,0,0,0,0,0,0,0,0,0,0,0,0,0,0,0,0,0,0,0,0,0,0,0.0,0.0,0,0,0,0,0,0,,0,0,,1
21535,Simon Kjær,simon-kjaer,2692,AC Milan,0.0,0.0,0,0,0,0,0,0.0,0,1,0,1,100.0,1,0,0,0,0,0.0,0,0,0,0,0,0,0.0,0,0,0,0,0.0,0,0.0,0,0.0,1,0.0,0,0,0,0,0,0,0,0,0,0,0,0,0,0,0.0,0,0,0,0,0,0,0,0,1,0,0,0,0,0,0,0,0,0,,,,0,0,0,0,0,0,0,0,0,0,0,0,0,0,0,0,0,0,0,0,0,0,0,0,0,0,0.0,0.0,0,0,0,1,0,0,,0,0,,1
1402922,Jacob Wright,wright-jacob,17,Manchester City,0.0,0.0,0,0,0,0,0,0.01,0,8,0,8,100.0,5,3,1,0,0,0.0,0,0,0,0,0,0,0.0,0,0,0,0,0.0,0,0.0,0,0.0,2,0.0,0,0,0,0,0,0,0,0,0,0,0,0,0,0,0.0,0,0,0,0,0,0,0,0,8,0,0,0,0,0,0,0,0,0,,,,0,0,0,0,0,0,0,0,0,0,0,0,0,0,0,0,0,0,0,0,0,0,0,0,0,0,0.0,0.0,0,0,0,5,3,0,,0,1,,1
1145621,Ilias Kostis,ilias-kostis,2836,Atlético Madrid,0.0,0.0,0,0,0,0,0,,0,0,0,0,0.0,0,0,0,0,0,0.0,0,0,0,0,0,0,0.0,0,0,0,0,0.0,0,0.0,0,0.0,1,0.0,0,0,0,0,0,0,0,0,0,0,0,0,0,0,0.0,0,0,0,0,0,0,0,0,0,0,0,0,0,0,0,0,0,0,,,,0,0,0,0,0,0,0,0,0,0,0,0,0,0,0,0,0,0,0,0,0,0,0,0,0,0,0.0,0.0,0,0,0,0,0,0,,0,0,,1
1005648,Fredrik Oppegård,fredrik-oppegard,2952,PSV Eindhoven,0.0,0.0,0,0,0,0,0,,0,0,0,0,0.0,0,0,0,0,0,0.0,1,1,0,0,0,0,0.0,0,0,0,1,100.0,0,0.0,1,100.0,1,0.0,0,0,0,0,0,0,0,0,0,0,0,0,0,0,0.0,0,0,0,0,0,0,0,0,2,0,0,0,0,0,0,0,0,0,,,,0,0,0,0,0,0,0,0,0,0,0,0,0,0,0,0,0,0,0,0,0,0,0,0,0,1,100.0,0.0,0,0,0,0,0,0,,0,0,,1
190147,Rony Lopes,rony-lopes,2999,Sporting Braga,0.0,0.0,0,0,0,0,0,0.02,0,4,1,5,80.0,0,4,4,0,0,0.0,0,0,0,0,0,0,0.0,2,0,0,0,0.0,0,0.0,0,0.0,2,0.0,0,0,0,0,0,0,0,0,2,0,0,0,0,0,0.0,0,0,0,0,3,1,1,1,11,0,0,0,0,0,0,2,0,0,,,,0,0,0,0,0,0,0,0,0,0,0,0,0,0,0,0,1,1,1,0,0,0,0,0,0,0,0.0,0.0,0,0,0,0,6,0,0.11,0,2,,1
