player_id,player_name,player_slug,team_id,team_name,rating,totalRating,countRating,goals,bigChancesCreated,bigChancesMissed,assists,expectedAssists,goalsAssistsSum,accuratePasses,inaccuratePasses,totalPasses,accuratePassesPercentage,accurateOwnHalfPasses,accurateOppositionHalfPasses,accurateFinalThirdPasses,keyPasses,successfulDribbles,successfulDribblesPercentage,tackles,interceptions,yellowCards,directRedCards,redCards,accurateCrosses,accurateCrossesPercentage,totalShots,shotsOnTarget,shotsOffTarget,groundDuelsWon,groundDuelsWonPercentage,aerialDuelsWon,aerialDuelsWonPercentage,totalDuelsWon,totalDuelsWonPercentage,minutesPlayed,goalConversionPercentage,penaltiesTaken,penaltyGoals,penaltyWon,penaltyConceded,shotFromSetPiece,freeKickGoal,goalsFromInsideTheBox,goalsFromOutsideTheBox,shotsFromInsideTheBox,shotsFromOutsideTheBox,headedGoals,leftFootGoals,rightFootGoals,accurateLongBalls,accurateLongBallsPercentage,clearances,errorLeadToGoal,errorLeadToShot,dispossessed,possessionLost,possessionWonAttThird,totalChippedPasses,accurateChippedPasses,touches,wasFouled,fouls,hitWoodwork,ownGoals,dribbledPast,offsides,blockedShots,passToAssist,saves,kilometersCovered,numberOfSprints,topSpeed,cleanSheet,penaltyFaced,penaltySave,savedShotsFromInsideTheBox,savedShotsFromOutsideTheBox,goalsConcededInsideTheBox,goalsConcededOutsideTheBox,punches,runsOut,successfulRunsOut,highClaims,crossesNotClaimed,matchesStarted,penaltyConversion,setPieceConversion,totalAttemptAssist,totalContest,totalCross,duelLost,aerialLost,attemptPenaltyMiss,attemptPenaltyPost,attemptPenaltyTarget,totalLongBalls,goalsConceded,tacklesWon,tacklesWonPercentage,scoringFrequency,yellowRedCards,savesCaught,savesParried,totalOwnHalfPasses,totalOppositionHalfPasses,totwAppearances,expectedGoals,goalKicks,ballRecovery,outfielderBlocks,appearances
855833,Ferran Torres,ferran-torres,1644,Paris Saint-Germain,10.0,10.0,1,3,2,0,0,0.51,3,15,1,16,93.75,2,13,7,2,0,0.0,1,0,0,0,0,0,0.0,6,3,3,2,25.0,0,0.0,2,25.0,73,50.0,0,0,0,0,0,0,2,1,3,3,0,0,3,0,0.0,0,0,0,4,6,1,0,0,32,1,0,0,0,2,0,0,0,0,8.3,6,29.48,0,0,0,0,0,1,0,0,0,0,0,0,1,0,0,2,0,0,6,0,0,0,0,0,1,1,100.0,24.33,0,0,0,2,14,1,0.53,0,1,0,1
818244,Ousmane Dembélé,ousmane-dembele,1644,Paris Saint-Germain,10.0,10.0,1,2,3,2,2,0.54,4,37,6,43,86.05,3,34,28,6,4,80.0,0,0,0,0,0,3,60.0,10,3,4,5,55.56,0,0.0,5,55.56,64,20.0,0,0,0,0,0,0,2,0,9,1,1,1,0,0,0.0,0,0,0,2,14,0,4,2,71,1,1,1,0,0,1,3,0,0,7.4,12,32.54,0,0,0,0,0,1,0,0,0,0,0,0,1,0,0,6,5,5,4,0,0,0,0,0,1,0,0.0,32.0,0,0,0,4,39,1,1.94,0,1,0,1
978838,Michael Olise,michael-olise,2672,FC Bayern München,10.0,10.0,1,2,1,0,1,0.55,3,52,11,63,82.54,4,48,31,7,6,85.71,4,0,0,0,0,1,16.67,7,4,1,15,78.95,0,0.0,15,78.95,90,28.57,0,0,0,0,1,0,1,1,2,5,0,2,0,2,100.0,1,0,0,2,22,3,3,3,102,5,0,0,0,1,0,2,0,0,11.26,14,30.38,1,0,0,0,0,0,0,0,0,0,0,0,1,0,0,7,7,6,4,0,0,0,0,2,0,2,50.0,45.0,0,0,0,5,58,1,0.36,0,8,0,1
1402912,Lamine Yamal,lamine-yamal,2817,FC Barcelona,10.0,10.0,1,1,1,0,2,0.3,3,41,3,44,93.18,12,29,18,4,7,53.85,4,0,0,0,0,1,100.0,4,2,2,12,54.55,0,0.0,12,54.55,90,25.0,0,0,0,0,1,1,0,1,2,2,0,1,0,1,100.0,0,0,0,1,12,3,2,1,74,1,2,0,0,1,1,0,0,0,9.95,12,32.54,0,0,0,0,0,1,0,0,0,0,0,0,1,0,100,4,13,1,10,0,0,0,0,1,1,3,75.0,90.0,0,0,0,13,31,1,0.34,0,4,0,1
878081,Ermedin Demirović,ermedin-demirovic,2677,VfB Stuttgart,9.9,9.9,1,3,0,0,0,0.01,3,18,4,22,81.82,10,8,5,0,0,0.0,0,0,0,0,0,0,0.0,4,3,1,0,0.0,3,100.0,3,75.0,62,75.0,0,0,0,0,0,0,3,0,4,0,0,0,3,0,0.0,1,0,0,0,6,0,1,0,29,0,0,0,0,0,0,0,0,0,7.61,12,32.15,0,0,0,0,0,1,0,0,0,0,0,0,1,0,0,0,1,0,1,0,0,0,0,0,1,0,0.0,20.67,0,0,0,11,11,1,1.22,0,3,0,1
831005,Raphinha,raphinha,2817,FC Barcelona,9.8,9.8,1,2,0,0,0,0.17,2,28,3,31,90.32,15,13,8,4,3,100.0,1,0,0,0,0,2,66.67,3,2,0,6,66.67,0,0.0,6,66.67,71,66.67,0,0,0,0,0,0,2,0,3,0,0,2,0,0,0.0,0,0,0,1,7,0,1,0,47,2,0,0,0,2,1,1,0,0,8.64,17,31.07,0,0,0,0,0,0,0,0,0,0,0,0,1,0,0,4,3,3,3,0,0,0,0,0,0,1,100.0,35.5,0,0,0,15,16,1,0.74,0,3,0,1
843115,Diogo Costa,diogo-costa,3002,FC Porto,9.5,9.5,1,0,0,0,0,0.0,0,39,9,48,81.25,33,6,3,0,0,0.0,0,0,0,0,0,0,0.0,0,0,0,0,0.0,0,0.0,0,0.0,90,0.0,0,0,0,0,0,0,0,0,0,0,0,0,0,13,59.09,0,0,0,0,9,0,16,9,61,0,0,0,0,0,0,0,0,8,5.68,0,24.26,0,0,0,5,3,2,0,0,1,1,0,0,1,0,0,0,0,0,0,0,0,0,0,22,2,0,0.0,0.0,0,0,2,34,14,1,,3,10,0,1
825070,Danijel Šturm,danijel-sturm,2216,SK Slavia Praha,9.2,9.2,1,2,1,1,0,0.73,2,14,7,21,66.67,0,14,10,4,0,0.0,2,0,0,0,0,0,0.0,4,2,1,2,22.22,0,0.0,2,20.0,90,50.0,0,0,0,0,1,0,0,2,1,3,0,1,1,1,100.0,0,0,0,3,19,1,1,1,41,0,2,0,0,0,1,1,0,0,11.67,24,32.62,0,0,0,0,0,3,0,0,0,0,0,0,1,0,0,4,2,4,8,1,0,0,0,1,3,0,0.0,45.0,0,0,0,2,19,0,0.43,0,5,0,1
1090019,Martin Baturina,martin-baturina,2704,Como,9.2,9.2,1,1,2,0,1,0.49,2,25,4,29,86.21,6,19,14,3,3,75.0,1,0,0,0,0,0,0.0,1,1,0,6,75.0,0,0.0,6,66.67,66,100.0,0,0,0,0,0,0,1,0,1,0,0,0,1,2,66.67,0,0,0,1,9,1,4,2,44,2,1,0,0,0,0,0,0,0,7.65,9,30.89,0,0,0,0,0,0,1,0,0,0,0,0,1,0,0,3,4,2,3,1,0,0,0,3,1,1,100.0,66.0,0,0,0,7,22,0,0.26,0,1,0,1
547410,Martin Ødegaard,martin-degaard,42,Arsenal,9.1,9.1,1,1,1,0,0,1.33,1,91,14,105,86.67,6,85,72,6,3,100.0,1,0,1,0,0,1,50.0,3,1,0,5,71.43,0,0.0,5,62.5,90,33.33,0,0,0,0,0,0,0,1,0,3,0,1,0,0,0.0,0,0,0,1,17,2,7,2,121,1,0,0,0,1,0,2,0,0,11.69,8,30.28,1,0,0,0,0,0,0,0,0,0,0,0,1,0,0,6,3,2,3,1,0,0,0,5,0,1,100.0,90.0,0,0,0,8,97,0,0.15,0,5,0,1
99519,Marc Bartra,marc-bartra,2816,Real Betis,8.9,8.9,1,2,0,0,0,0.01,2,60,9,69,86.96,42,18,8,0,0,0.0,1,0,0,0,0,0,0.0,2,2,0,1,100.0,5,83.33,6,85.71,90,100.0,0,0,0,0,0,0,2,0,2,0,2,0,0,6,46.15,7,0,0,0,9,0,6,5,80,0,0,0,0,0,0,0,0,0,9.99,2,26.68,0,0,0,0,0,2,0,0,0,0,0,0,1,0,0,0,0,0,1,1,0,0,0,13,2,1,100.0,45.0,0,0,0,45,24,1,0.43,0,3,0,1
784655,Fabián Ruiz,fabian-ruiz,1644,Paris Saint-Germain,8.9,8.9,1,1,0,0,0,0.14,1,96,10,106,90.57,22,74,42,2,0,0.0,2,0,0,0,0,0,0.0,4,1,2,2,33.33,0,0.0,2,33.33,90,25.0,0,0,0,0,0,0,1,0,2,2,0,1,0,7,87.5,0,0,0,1,13,3,13,10,117,0,1,0,0,1,1,1,0,0,11.16,7,29.74,0,0,0,0,0,1,0,0,0,0,0,0,1,0,0,2,1,0,4,0,0,0,0,8,1,1,50.0,90.0,0,0,0,24,82,1,0.33,0,9,0,1
328027,Serhou Guirassy,serhou-guirassy,2673,Borussia Dortmund,8.6,8.6,1,2,0,2,0,0.04,2,13,3,16,81.25,2,11,9,2,0,0.0,0,0,0,0,0,0,0.0,6,3,2,3,50.0,4,80.0,7,63.64,90,33.33,1,1,1,0,1,0,2,0,5,1,0,1,1,0,0.0,0,0,0,2,7,0,0,0,34,3,0,0,1,0,0,1,0,0,10.81,11,31.28,0,0,0,0,0,2,0,0,0,0,0,0,1,100,0,2,1,0,4,1,0,0,0,0,2,0,0.0,45.0,0,0,0,2,14,0,2.09,0,1,1,1
279563,Răzvan Marin,razvan-marin,3250,AEK Athens,8.6,8.6,1,1,1,0,0,,1,43,6,49,87.76,24,19,9,5,2,50.0,2,0,0,0,0,4,80.0,2,1,0,7,58.33,1,100.0,8,61.54,90,50.0,0,0,0,0,2,1,0,1,0,2,0,0,1,1,50.0,2,0,0,0,12,0,4,2,73,3,2,0,0,1,0,1,0,0,11.28,11,30.53,1,0,0,0,0,0,0,0,0,0,0,0,1,0,50,5,4,5,5,0,0,0,0,2,0,1,50.0,90.0,0,0,0,25,24,0,,0,5,0,1
859999,Lisandro Martínez,lisandro-martinez,35,Manchester United,8.6,8.6,1,1,0,0,0,0.13,1,61,5,66,92.42,43,18,5,0,0,0.0,2,0,0,0,0,0,0.0,1,1,0,2,50.0,2,100.0,4,66.67,90,100.0,0,0,0,0,0,0,1,0,1,0,0,1,0,3,42.86,4,0,0,0,7,1,6,4,78,0,1,0,0,1,0,0,0,0,10.0,8,29.81,1,0,0,0,0,0,0,0,0,0,0,0,1,0,0,0,0,0,2,0,0,0,0,7,0,1,50.0,90.0,0,0,0,43,23,1,0.91,6,2,2,1
901882,Angelo Stiller,angelo-stiller,2677,VfB Stuttgart,8.5,8.5,1,0,1,0,1,0.65,1,97,8,105,92.38,32,65,35,2,0,0.0,2,2,0,0,0,0,0.0,0,0,0,4,50.0,2,50.0,6,50.0,90,0.0,0,0,0,0,0,0,0,0,0,0,0,0,0,3,60.0,1,0,0,2,12,0,5,4,117,2,2,0,0,0,0,0,0,0,11.65,5,29.38,0,0,0,0,0,1,0,0,0,0,0,0,1,0,0,2,0,0,6,2,0,0,0,5,1,2,100.0,0.0,0,0,0,34,71,0,,0,6,0,1
869856,Dominik Szoboszlai,dominik-szoboszlai,44,Liverpool FC,8.4,8.4,1,1,1,0,0,0.24,1,52,5,57,91.23,22,30,11,5,4,66.67,2,1,0,0,0,2,25.0,1,1,0,6,54.55,0,0.0,6,50.0,90,100.0,0,0,0,0,0,0,1,0,1,0,0,0,1,4,80.0,0,0,0,0,15,1,3,2,86,0,1,0,0,2,0,0,0,0,11.52,18,33.16,0,0,0,0,0,0,1,0,0,0,0,0,1,0,0,5,6,8,6,1,0,0,0,5,1,1,50.0,90.0,0,0,0,22,35,0,0.2,0,5,0,1
835485,Brahim Díaz,brahim-diaz,2829,Real Madrid,8.4,8.4,1,0,3,2,1,1.05,1,26,2,28,92.86,6,20,14,4,2,100.0,1,0,0,0,0,0,0.0,2,0,2,5,55.56,0,0.0,5,50.0,79,0.0,0,0,0,0,0,0,0,0,2,0,0,0,0,0,0.0,1,0,0,2,5,2,1,1,42,2,1,1,0,1,0,0,0,0,9.86,15,31.75,0,0,0,0,0,1,0,0,0,0,0,0,1,0,0,4,2,1,5,1,0,0,0,1,1,0,0.0,0.0,0,0,0,6,22,0,0.86,0,3,1,1
1397168,Patrick Dorgu,dorgu-patrick,35,Manchester United,8.4,8.4,1,0,1,0,1,0.63,1,37,1,38,97.37,16,21,14,3,0,0.0,4,0,1,0,0,3,75.0,2,0,0,6,75.0,2,100.0,8,80.0,72,0.0,0,0,0,0,0,0,0,0,2,0,0,0,0,1,100.0,4,0,0,0,8,1,0,0,65,2,2,0,0,0,0,2,0,0,8.67,17,32.44,0,0,0,0,0,0,0,0,0,0,0,0,1,0,0,3,1,4,2,0,0,0,0,1,0,1,25.0,0.0,0,0,0,16,22,0,0.1,0,4,0,1
839956,Erling Haaland,erling-haaland,17,Manchester City,8.3,8.3,1,2,0,3,0,0.05,2,8,6,14,57.14,3,5,2,1,0,0.0,0,0,1,0,0,0,0.0,6,4,2,1,16.67,2,50.0,3,30.0,90,33.33,0,0,0,0,0,0,2,0,6,0,1,0,1,1,100.0,0,0,0,0,9,0,2,2,26,1,4,0,0,0,0,0,0,0,9.95,18,35.14,1,0,0,0,0,0,0,0,0,0,0,0,1,0,0,1,1,0,7,2,0,0,0,1,0,0,0.0,45.0,0,0,0,5,9,0,1.33,0,1,0,1
288205,Bruno Fernandes,bruno-fernandes,35,Manchester United,8.3,8.3,1,1,1,0,0,0.24,1,46,6,52,88.46,14,32,21,4,0,0.0,1,1,0,0,0,1,50.0,3,2,1,2,66.67,1,100.0,3,75.0,90,33.33,0,0,0,0,0,0,1,0,1,2,0,0,1,1,50.0,0,0,0,0,11,0,5,3,69,2,1,0,0,1,0,0,0,0,11.18,14,31.18,1,0,0,0,0,0,0,0,0,0,0,0,1,0,0,4,0,2,1,0,0,0,0,2,0,1,100.0,90.0,0,0,0,14,38,0,0.48,0,4,0,1
831808,Federico Valverde,federico-valverde,2829,Real Madrid,8.3,8.3,1,1,0,0,0,0.01,1,38,2,40,95.0,22,16,3,0,0,0.0,4,1,0,0,0,0,0.0,2,1,0,4,100.0,0,0.0,4,100.0,90,50.0,0,0,0,0,0,0,1,0,1,1,0,1,0,1,100.0,1,0,0,0,2,0,1,1,52,0,0,0,0,0,0,1,0,0,10.54,14,32.62,0,0,0,0,0,1,0,0,0,0,0,0,1,0,0,0,0,0,0,0,0,0,0,1,1,3,75.0,90.0,0,0,0,23,17,0,0.27,0,2,0,1
1493689,Assane Diao,assane-diao,2704,Como,8.3,8.3,1,1,0,1,0,0.02,1,23,6,29,79.31,4,19,11,0,6,66.67,4,0,0,0,0,0,0.0,2,1,1,10,71.43,1,100.0,11,73.33,86,50.0,0,0,0,0,0,0,1,0,2,0,0,0,1,1,100.0,0,0,0,0,12,2,2,2,51,0,0,0,0,1,2,0,0,0,9.38,19,33.44,0,0,0,0,0,0,1,0,0,0,0,0,1,0,0,0,9,1,4,0,0,0,0,1,1,2,50.0,86.0,0,0,0,4,25,0,0.21,0,5,0,1
843665,Alphonso Davies,alphonso-davies,2672,FC Bayern München,8.3,8.3,1,1,0,0,0,0.18,1,49,3,52,94.23,13,36,24,1,2,100.0,1,3,0,0,0,0,0.0,1,1,0,3,50.0,0,0.0,3,50.0,80,100.0,0,0,0,0,0,0,0,1,0,1,0,1,0,1,100.0,0,0,0,0,6,1,2,2,66,0,1,0,0,2,0,0,0,0,9.8,17,32.47,0,0,0,0,0,0,0,0,0,0,0,0,1,0,0,1,2,0,3,0,0,0,0,1,0,1,100.0,80.0,0,0,0,13,39,0,0.03,0,6,0,1
792624,Nikita Haikin,nikita-haikin,656,Bodø/Glimt,8.3,8.3,1,0,0,0,0,0.0,0,7,10,17,41.18,5,2,0,0,0,0.0,0,0,0,0,0,0,0.0,0,0,0,0,0.0,0,0.0,0,0.0,45,0.0,0,0,0,0,0,0,0,0,0,0,0,0,0,3,23.08,0,0,0,0,10,0,1,1,29,0,0,0,0,0,0,0,0,5,2.69,0,21.49,0,0,0,2,3,0,0,0,1,1,0,0,1,0,0,0,0,0,0,0,0,0,0,13,0,0,0.0,0.0,0,0,0,5,12,0,,2,10,0,1
163569,Zlatko Tripić,zlatko-tripic,1164,Viking FK,8.2,8.2,1,1,0,0,0,0.1,1,27,8,35,77.14,11,16,11,0,0,0.0,1,0,0,0,0,2,25.0,3,1,0,5,62.5,1,33.33,6,54.55,90,33.33,0,0,0,0,0,0,1,0,2,1,0,1,0,2,33.33,0,0,0,0,15,1,3,1,58,5,2,0,0,0,0,2,0,0,11.38,12,30.42,0,0,0,0,0,3,0,0,0,0,0,0,1,0,0,0,1,8,5,2,0,0,0,6,3,1,100.0,90.0,0,0,0,13,22,0,0.25,0,8,0,1
1049775,Alexsandro Ribeiro,alexsandro-ribeiro,1643,Lille,8.2,8.2,1,1,0,0,0,0.02,1,70,4,74,94.59,52,18,10,0,1,100.0,3,0,0,0,0,0,0.0,2,1,1,5,83.33,3,75.0,8,80.0,90,50.0,0,0,0,0,0,0,1,0,1,1,1,0,0,4,50.0,6,0,1,0,6,0,5,3,95,1,0,0,0,1,0,0,0,0,10.07,10,31.54,0,0,0,0,0,3,0,0,0,0,0,0,1,0,0,0,1,0,2,1,0,0,0,8,3,2,66.67,90.0,0,0,0,52,22,1,0.05,4,6,3,1
895324,Alexis Mac Allister,alexis-mac-allister,44,Liverpool FC,8.1,8.1,1,1,0,0,0,0.13,1,28,6,34,82.35,6,22,13,2,0,0.0,2,0,1,0,0,0,0.0,2,1,0,4,50.0,2,100.0,6,60.0,69,50.0,0,0,0,0,0,0,0,1,0,2,0,1,0,1,100.0,2,0,0,1,8,0,1,1,48,2,2,0,0,1,0,1,0,0,8.74,6,30.64,0,0,0,0,0,0,1,0,0,0,0,0,1,0,0,2,0,0,4,0,0,0,0,1,1,2,100.0,69.0,0,0,0,6,28,0,0.07,0,4,0,1
592794,Alex Meret,alex-meret,2714,SSC Napoli,8.1,8.1,1,0,0,0,0,0.0,0,19,7,26,73.08,17,2,0,0,0,0.0,0,0,0,0,0,0,0.0,0,0,0,0,0.0,0,0.0,0,0.0,45,0.0,0,0,0,0,0,0,0,0,0,0,0,0,0,5,41.67,2,0,0,0,7,0,7,3,42,0,0,0,0,0,0,0,0,3,2.41,0,20.95,0,0,0,3,0,0,0,1,0,0,2,0,1,0,0,0,0,0,0,0,0,0,0,12,0,0,0.0,0.0,0,0,0,22,4,0,,6,8,0,1
353138,Marcos Llorente,marcos-llorente,2836,Atlético Madrid,8.0,8.0,1,1,0,0,0,0.06,1,28,7,35,80.0,10,18,11,0,0,0.0,5,1,0,0,0,0,0.0,1,1,0,5,71.43,0,0.0,5,71.43,90,100.0,0,0,0,0,0,0,0,1,0,1,0,1,0,2,100.0,1,0,0,1,11,1,0,0,52,0,0,0,0,1,1,0,0,0,10.96,22,32.47,0,0,0,0,0,1,1,0,0,0,0,0,1,0,0,0,0,1,2,0,0,0,0,2,2,4,80.0,90.0,0,0,0,10,25,0,0.43,0,4,0,1
186855,Bryan Cristante,bryan-cristante,2702,AS Roma,8.0,8.0,1,1,0,0,0,0.07,1,91,15,106,85.85,29,62,27,1,0,0.0,0,1,1,0,0,0,0.0,1,1,0,0,0.0,0,0.0,0,0.0,90,100.0,0,0,0,0,0,0,0,1,0,1,0,0,1,4,40.0,1,0,0,0,17,1,9,2,112,0,1,0,0,2,0,0,0,0,11.49,8,28.73,0,0,0,0,0,1,0,0,0,0,0,0,1,0,0,1,0,1,4,1,0,0,0,10,1,0,0.0,90.0,0,0,0,30,76,0,0.03,1,5,0,1
798583,Dayot Upamecano,dayot-upamecano,2672,FC Bayern München,8.0,8.0,1,0,0,0,0,0.04,0,85,3,88,96.59,31,54,24,0,0,0.0,2,1,0,0,0,0,0.0,0,0,0,3,100.0,5,71.43,8,80.0,90,0.0,0,0,0,0,0,0,0,0,0,0,0,0,0,2,66.67,6,0,0,0,3,0,5,4,103,1,0,0,0,0,0,0,0,0,10.11,9,31.28,1,0,0,0,0,0,0,0,0,0,0,0,1,0,0,0,0,0,2,2,0,0,0,3,0,1,50.0,0.0,0,0,0,33,55,0,,0,9,0,1
984623,Rafa Marín,rafa-marin,2714,SSC Napoli,8.0,8.0,1,0,0,0,0,0.01,0,71,3,74,95.95,52,19,3,0,0,0.0,3,1,0,0,0,0,0.0,0,0,0,3,42.86,0,0.0,3,33.33,90,0.0,0,0,0,0,0,0,0,0,0,0,0,0,0,8,80.0,2,0,0,0,3,0,8,6,83,0,3,0,0,1,0,0,0,0,9.75,5,30.92,0,0,0,0,0,0,1,0,0,0,0,0,1,0,0,0,0,0,6,2,0,0,0,10,1,1,33.33,0.0,0,0,0,52,22,0,,1,4,1,1
1142251,Aleksandar Pavlović,aleksandar-pavlovic,2672,FC Bayern München,8.0,8.0,1,0,0,0,0,0.44,0,109,5,114,95.61,25,84,48,1,0,0.0,1,0,0,0,0,0,0.0,2,0,0,2,66.67,2,66.67,4,66.67,90,0.0,0,0,0,0,0,0,0,0,1,1,0,0,0,3,60.0,0,0,0,1,8,0,6,4,129,1,0,0,0,0,0,2,0,0,12.61,9,28.37,1,0,0,0,0,0,0,0,0,0,0,0,1,0,0,1,0,0,2,1,0,0,0,5,0,1,100.0,0.0,0,0,0,27,87,0,0.12,0,3,0,1
1090128,Suleiman Camara,suleiman-camara,2404,ŠK Slovan Bratislava,7.9,7.9,1,1,0,0,0,0.03,1,5,3,8,62.5,1,4,4,0,2,40.0,2,1,0,0,0,0,0.0,5,2,1,7,58.33,1,50.0,8,57.14,90,20.0,0,0,0,0,0,0,1,0,3,2,0,0,1,0,0.0,0,0,0,1,12,2,0,0,32,3,0,0,0,1,0,2,0,0,10.26,19,32.9,0,0,0,0,0,5,1,0,0,0,0,0,1,0,0,0,5,0,6,1,0,0,0,1,6,2,100.0,90.0,0,0,0,2,6,0,0.5,0,6,0,1
794839,Gabriel Jesus,gabriel-jesus,2817,FC Barcelona,7.9,7.9,1,1,0,0,0,0.01,1,10,0,10,100.0,4,6,2,1,1,100.0,0,1,0,0,0,0,0.0,2,1,1,2,100.0,2,100.0,4,100.0,11,50.0,0,0,0,0,0,0,1,0,2,0,1,0,0,0,0.0,0,0,0,0,1,0,0,0,17,1,0,1,0,0,0,0,0,0,1.28,2,29.41,0,0,0,0,0,0,0,0,0,0,0,0,0,0,0,1,1,0,0,0,0,0,0,0,0,0,0.0,11.0,0,0,0,4,6,0,0.26,0,2,0,1
906021,Sergiño Dest,sergino-dest,2952,PSV Eindhoven,7.9,7.9,1,1,0,0,0,0.01,1,39,4,43,90.7,23,16,4,1,0,0.0,3,0,1,0,0,0,0.0,1,1,0,6,46.15,1,100.0,7,50.0,90,100.0,0,0,0,0,0,0,1,0,1,0,0,0,1,1,50.0,3,0,0,2,15,0,1,1,77,3,2,0,0,1,0,0,0,0,10.63,12,32.18,0,0,0,0,0,1,0,0,0,0,0,0,1,0,0,1,2,0,7,0,0,0,0,2,1,0,0.0,90.0,0,0,0,24,19,0,0.12,0,4,1,1
331737,Youri Tielemans,youri-tielemans,35,Manchester United,7.9,7.9,1,0,1,0,1,0.33,1,47,1,48,97.92,19,28,16,2,0,0.0,0,1,0,0,0,0,0.0,0,0,0,0,0.0,2,100.0,2,66.67,45,0.0,0,0,0,0,0,0,0,0,0,0,0,0,0,2,100.0,0,0,0,0,2,0,1,1,53,0,0,0,0,0,0,0,0,0,6.05,5,28.76,0,0,0,0,0,0,0,0,0,0,0,0,1,0,0,2,1,0,1,0,0,0,0,2,0,0,0.0,0.0,0,0,0,20,28,0,,0,3,1,1
942116,Mason Greenwood,mason-greenwood,3052,Fenerbahçe,7.9,7.9,1,0,1,1,1,0.4,1,30,4,34,88.24,11,19,10,3,1,100.0,0,0,0,0,0,0,0.0,3,0,2,3,100.0,0,0.0,3,100.0,90,0.0,0,0,0,0,0,0,0,0,2,1,0,0,0,0,0.0,0,0,0,0,8,0,3,2,47,2,0,0,0,0,0,1,0,0,9.2,14,33.95,0,0,0,0,0,0,1,0,0,0,0,0,1,0,0,3,1,2,0,0,0,0,0,1,1,0,0.0,0.0,0,0,0,12,22,0,0.15,0,4,0,1
941338,Lazaros Rota,lazaros-rota,3250,AEK Athens,7.9,7.9,1,0,1,0,0,,0,33,7,40,82.5,17,16,10,2,2,40.0,2,4,0,0,0,0,0.0,1,0,0,6,60.0,2,100.0,8,66.67,90,0.0,0,0,0,0,0,0,0,0,0,1,0,0,0,2,66.67,2,0,0,0,13,1,3,3,74,3,1,0,0,0,0,1,0,0,10.47,16,32.0,1,0,0,0,0,0,0,0,0,0,0,0,1,0,0,2,5,1,4,0,0,0,0,3,0,2,100.0,0.0,0,0,0,20,20,0,,0,8,1,1
250223,John McGinn,john-mcginn,40,Aston Villa,7.8,7.8,1,1,0,0,0,0.39,1,20,5,25,80.0,5,15,10,4,1,100.0,4,0,1,0,0,1,14.29,3,2,1,7,50.0,0,0.0,7,50.0,90,33.33,0,0,0,0,0,0,1,0,1,2,0,1,0,2,66.67,0,0,0,2,18,0,2,1,52,2,3,0,0,2,1,0,0,0,11.23,10,30.78,0,0,0,0,0,2,0,0,0,0,0,0,1,0,0,4,1,7,7,0,0,0,0,3,2,3,75.0,90.0,0,0,0,7,18,0,0.16,0,4,0,1
1406171,Andrija Maksimović,andrija-maksimovic,36360,RB Leipzig,7.8,7.8,1,1,0,0,0,0.04,1,18,4,22,81.82,6,12,4,0,0,0.0,0,0,0,0,0,0,0.0,2,2,0,0,0.0,0,0.0,0,0.0,70,50.0,0,0,0,0,0,0,0,1,1,1,0,1,0,1,100.0,1,0,0,0,6,0,1,1,29,0,0,0,0,0,0,0,0,0,8.78,6,30.24,0,0,0,0,0,3,0,0,0,0,0,0,1,0,0,0,0,0,0,0,0,0,0,1,3,0,0.0,70.0,0,0,0,10,12,0,0.13,0,4,0,1
1171451,Nico Paz,nico-paz,2704,Como,7.8,7.8,1,0,1,1,2,0.24,2,42,2,44,95.45,18,24,13,2,4,100.0,5,2,1,0,0,0,0.0,3,0,2,10,66.67,1,100.0,11,68.75,90,0.0,0,0,0,0,0,0,0,0,2,1,0,0,0,2,100.0,0,0,0,3,9,0,4,4,70,1,2,0,0,0,1,1,0,0,11.23,12,32.18,0,0,0,0,0,0,1,0,0,0,0,0,1,0,0,2,4,0,5,0,0,0,0,2,1,3,60.0,0.0,0,0,0,18,26,0,0.53,0,3,1,1
902029,Vitinha,vitinha,1644,Paris Saint-Germain,7.8,7.8,1,0,0,0,0,0.19,0,114,6,120,95.0,37,77,31,2,0,0.0,1,1,0,0,0,0,0.0,0,0,0,1,25.0,0,0.0,1,25.0,90,0.0,0,0,0,0,0,0,0,0,0,0,0,0,0,11,100.0,0,0,1,0,9,1,9,9,126,0,0,0,0,2,0,0,0,0,11.1,12,32.33,0,0,0,0,0,1,0,0,0,0,0,0,1,0,0,2,1,0,3,0,0,0,0,11,1,1,100.0,0.0,0,0,0,40,80,0,,0,11,0,1
1142175,Kobbie Mainoo,kobbie-mainoo,35,Manchester United,7.8,7.8,1,0,0,0,0,0.11,0,81,2,83,97.59,36,45,22,1,1,50.0,2,0,0,0,0,0,0.0,0,0,0,3,60.0,1,100.0,4,66.67,64,0.0,0,0,0,0,0,0,0,0,0,0,0,0,0,6,100.0,1,0,0,0,5,0,6,6,93,0,0,0,0,1,0,0,0,0,8.32,5,29.2,0,0,0,0,0,0,0,0,0,0,0,0,1,0,0,1,2,0,2,0,0,0,0,6,0,1,50.0,0.0,0,0,0,36,47,0,,0,1,0,1
886365,Dominik Takáč,dominik-takac,2404,ŠK Slovan Bratislava,7.8,7.8,1,0,0,0,0,0.01,0,25,20,45,55.56,11,14,4,0,0,0.0,0,0,0,0,0,0,0.0,0,0,0,0,0.0,0,0.0,0,0.0,90,0.0,0,0,0,0,0,0,0,0,0,0,0,0,0,17,45.95,0,0,0,0,20,0,2,2,57,0,0,0,0,0,0,0,0,8,5.17,0,22.43,0,0,0,5,3,5,1,0,0,0,0,0,1,0,0,0,0,0,0,0,0,0,0,37,6,0,0.0,0.0,0,0,2,14,31,0,,17,7,0,1
1177167,Nicolò Tresoldi,nicolo-tresoldi,2888,Club Brugge KV,7.7,7.7,1,1,0,0,0,0.11,1,24,4,28,85.71,10,14,6,1,1,100.0,1,0,0,0,0,0,0.0,5,3,1,6,66.67,3,60.0,9,64.29,90,20.0,1,1,0,0,0,0,1,0,5,0,0,0,1,0,0.0,1,0,0,2,8,0,1,0,46,4,1,1,0,0,0,1,0,0,12.05,15,31.5,0,0,0,0,0,3,0,0,0,0,0,0,1,100,0,1,1,1,5,2,0,0,0,0,3,1,100.0,90.0,0,0,0,10,18,0,1.07,0,1,0,1
826643,Kylian Mbappé,kylian-mbappe,2829,Real Madrid,7.7,7.7,1,1,1,2,0,0.11,1,33,4,37,89.19,7,26,13,1,0,0.0,0,1,0,0,0,0,0.0,4,4,0,0,0.0,0,0.0,0,0.0,89,25.0,0,0,0,0,0,0,1,0,4,0,0,0,1,0,0.0,1,0,0,1,8,2,1,0,49,0,0,0,0,1,1,0,0,0,9.05,17,34.02,0,0,0,0,0,1,0,0,0,0,0,0,1,0,0,1,0,0,3,1,0,0,0,1,1,0,0.0,89.0,0,0,0,7,30,0,0.64,0,4,0,1
148824,Florian Thauvin,florian-thauvin,1648,RC Lens,7.7,7.7,1,1,1,0,0,0.27,1,38,11,49,77.55,11,27,14,4,0,0.0,0,0,0,0,0,2,20.0,8,3,3,0,0.0,1,100.0,1,100.0,90,12.5,0,0,0,0,1,0,1,0,3,5,1,0,0,3,50.0,0,0,0,0,22,1,3,1,71,0,0,0,0,0,0,2,0,0,11.73,13,30.49,0,0,0,0,0,0,2,0,0,0,0,0,1,0,0,4,0,10,0,0,0,0,0,6,2,0,0.0,90.0,0,0,0,13,36,0,0.53,0,2,0,1
1086286,Máximo Perrone,maximo-perrone,2704,Como,7.7,7.7,1,1,0,0,0,0.0,1,19,2,21,90.48,15,4,2,0,0,0.0,1,0,1,0,0,0,0.0,1,1,0,1,50.0,0,0.0,1,50.0,25,100.0,0,0,0,0,0,0,1,0,1,0,0,1,0,0,0.0,1,0,0,0,3,0,0,0,26,0,1,0,0,0,0,0,0,0,4.01,6,30.78,0,0,0,0,0,0,0,0,0,0,0,0,0,0,0,0,0,0,1,0,0,0,0,0,0,1,100.0,25.0,0,0,0,16,5,0,0.51,0,3,1,1
894863,Anastasios Douvikas,anastasios-douvikas,2704,Como,7.7,7.7,1,1,0,0,0,0.02,1,9,2,11,81.82,2,7,5,0,0,0.0,0,0,0,0,0,0,0.0,1,1,0,4,66.67,1,100.0,5,71.43,65,100.0,0,0,0,0,0,0,1,0,1,0,0,0,1,0,0.0,0,0,0,2,7,0,0,0,23,4,0,0,0,0,1,0,0,0,7.39,14,33.3,0,0,0,0,0,0,1,0,0,0,0,0,1,0,0,0,0,0,2,0,0,0,0,0,1,0,0.0,65.0,0,0,0,2,9,0,0.47,0,1,0,1
1001140,Geny Catamo,geny-catamo,3001,Sporting CP,7.7,7.7,1,1,0,0,0,0.01,1,30,6,36,83.33,17,13,9,0,1,50.0,1,0,0,0,0,0,0.0,2,1,0,3,50.0,0,0.0,3,42.86,90,50.0,0,0,0,0,0,0,1,0,1,1,0,1,0,1,33.33,0,0,0,1,11,0,1,0,47,1,0,0,0,1,2,1,0,0,11.1,13,31.61,0,0,0,0,0,1,0,0,0,0,0,0,1,0,0,0,2,0,4,1,0,0,0,3,1,0,0.0,90.0,0,0,0,18,18,0,0.1,0,7,0,1
940054,Karim Adeyemi,karim-adeyemi,2817,FC Barcelona,7.7,7.7,1,1,0,0,0,0.03,1,32,3,35,91.43,8,24,11,0,0,0.0,1,0,0,0,0,0,0.0,2,1,1,4,50.0,0,0.0,4,44.44,63,50.0,0,0,0,0,0,0,0,1,0,2,0,0,1,1,100.0,0,0,0,2,12,0,2,1,52,3,1,0,0,0,0,0,0,0,7.54,16,32.4,0,0,0,0,0,0,0,0,0,0,0,0,1,0,0,0,1,1,5,1,0,0,0,1,0,1,100.0,63.0,0,0,0,10,25,0,0.08,0,1,0,1
966575,Rodrigo Zalazar,rodrigo-zalazar,3001,Sporting CP,7.7,7.7,1,1,0,0,0,0.11,1,15,10,25,60.0,3,12,6,2,1,100.0,0,0,0,0,0,1,33.33,1,1,0,1,25.0,2,66.67,3,42.86,66,100.0,0,0,0,0,1,1,0,1,0,1,0,0,1,2,50.0,0,0,0,1,16,1,3,1,38,0,1,0,0,1,0,0,0,0,8.24,10,29.41,0,0,0,0,0,1,0,0,0,0,0,0,1,0,100,2,1,3,4,1,0,0,0,4,1,0,0.0,66.0,0,0,0,5,20,0,0.05,0,5,0,1
794298,Deniz Undav,deniz-undav,2677,VfB Stuttgart,7.7,7.7,1,0,2,1,2,0.53,2,35,8,43,81.4,8,27,14,3,0,0.0,0,0,0,0,0,0,0.0,4,0,3,0,0.0,0,0.0,0,0.0,90,0.0,0,0,0,0,0,0,0,0,3,1,0,0,0,0,0.0,0,0,0,1,11,1,4,1,54,0,0,1,0,0,0,1,0,0,11.23,7,29.56,0,0,0,0,0,1,0,0,0,0,0,0,1,0,0,3,0,1,1,0,0,0,0,1,1,0,0.0,0.0,0,0,0,9,34,0,0.5,0,5,0,1
992587,Pedri,pedri,2817,FC Barcelona,7.7,7.7,1,0,1,0,1,0.29,1,51,5,56,91.07,17,34,20,3,1,50.0,0,1,0,0,0,0,0.0,0,0,0,1,20.0,0,0.0,1,20.0,63,0.0,0,0,0,0,0,0,0,0,0,0,0,0,0,5,100.0,1,0,0,3,10,0,5,4,67,0,0,0,0,0,0,0,0,0,8.72,12,31.28,0,0,0,0,0,0,0,0,0,0,0,0,1,0,0,3,2,0,4,0,0,0,0,5,0,0,0.0,0.0,0,0,0,18,38,0,,0,3,0,1
1130939,Maghnes Akliouche,maghnes-akliouche,1644,Paris Saint-Germain,7.7,7.7,1,0,0,1,1,0.26,1,72,4,76,94.74,12,60,36,4,1,33.33,3,1,0,0,0,0,0.0,3,0,3,6,46.15,1,50.0,7,46.67,90,0.0,0,0,0,0,0,0,0,0,2,1,0,0,0,0,0.0,0,0,0,3,16,1,0,0,105,2,1,0,0,1,0,0,0,0,11.25,12,30.92,0,0,0,0,0,1,0,0,0,0,0,0,1,0,0,4,3,4,8,1,0,0,0,0,1,2,66.67,0.0,0,0,0,12,64,0,0.27,0,5,0,1
227672,Jonathan Tah,jonathan-tah,2672,FC Bayern München,7.7,7.7,1,0,0,0,0,0.06,0,91,2,93,97.85,34,57,20,0,0,0.0,1,2,0,0,0,0,0.0,0,0,0,1,100.0,2,66.67,3,75.0,90,0.0,0,0,0,0,0,0,0,0,0,0,0,0,0,2,66.67,2,0,0,0,3,0,3,2,101,0,0,0,0,0,0,0,0,0,10.31,6,30.42,1,0,0,0,0,0,0,0,0,0,0,0,1,0,0,0,0,0,1,1,0,0,0,3,0,0,0.0,0.0,0,0,0,34,59,0,,1,4,0,1
793986,Mile Svilar,mile-svilar,2702,AS Roma,7.7,7.7,1,0,0,0,0,0.0,0,22,2,24,91.67,22,0,0,0,0,0.0,0,0,0,0,0,0,0.0,0,0,0,0,0.0,1,100.0,1,100.0,90,0.0,0,0,0,0,0,0,0,0,0,0,0,0,0,4,66.67,3,0,0,0,2,0,1,1,37,0,0,0,0,0,0,0,0,4,4.51,0,23.44,0,0,0,4,0,1,0,0,1,1,0,0,1,0,0,0,0,0,0,0,0,0,0,6,1,0,0.0,0.0,0,0,1,23,1,0,,4,9,0,1
890110,Aboubakary Koita,aboubakary-koita,3250,AEK Athens,7.7,7.7,1,0,0,0,0,,0,25,2,27,92.59,7,18,11,1,7,77.78,3,0,0,0,0,0,0.0,3,0,1,13,76.47,0,0.0,13,76.47,89,0.0,0,0,0,0,0,0,0,0,0,3,0,0,0,0,0.0,0,0,0,2,10,0,0,0,55,3,0,0,0,0,0,2,0,0,10.75,16,30.71,0,0,0,0,0,0,0,0,0,0,0,0,1,0,0,1,9,2,4,0,0,0,0,0,0,2,66.67,0.0,0,0,0,7,20,0,,0,4,0,1
973290,Tajon Buchanan,tajon-buchanan,2819,Villarreal,7.7,7.7,1,0,2,0,0,0.62,0,13,6,19,68.42,6,7,4,3,2,66.67,0,0,0,0,0,3,75.0,3,3,0,5,50.0,2,100.0,7,58.33,75,0.0,0,0,0,0,0,0,0,0,1,2,0,0,0,0,0.0,0,0,0,3,12,0,1,0,38,3,1,0,0,0,0,0,0,0,9.51,17,32.08,0,0,0,0,0,1,0,0,0,0,0,0,1,0,0,3,3,4,5,0,0,0,0,0,1,0,0.0,0.0,0,0,0,6,13,0,0.21,0,2,0,1
1423504,Andrija Bulatović,andrija-bulatovic,1648,RC Lens,7.7,7.7,1,0,0,0,0,0.27,0,43,5,48,89.58,14,29,15,3,0,0.0,4,0,0,0,0,1,16.67,4,0,2,4,66.67,1,50.0,5,62.5,90,0.0,0,0,0,0,0,0,0,0,1,3,0,0,0,1,50.0,4,0,0,0,13,1,1,0,73,0,0,0,0,1,0,2,0,0,12.03,7,30.28,0,0,0,0,0,0,2,0,0,0,0,0,1,0,0,3,1,6,3,1,0,0,0,2,2,3,75.0,0.0,0,0,0,16,32,0,0.16,0,5,2,1
259117,Joshua Kimmich,joshua-kimmich,2672,FC Bayern München,7.7,7.7,1,0,1,0,0,0.61,0,80,6,86,93.02,18,62,36,2,0,0.0,0,1,0,0,0,1,33.33,3,1,2,1,50.0,1,100.0,2,66.67,80,0.0,0,0,0,0,0,0,0,0,1,2,0,0,0,2,40.0,0,0,1,1,10,1,8,4,101,1,0,1,0,0,0,0,0,0,10.77,2,30.02,0,0,0,0,0,0,0,0,0,0,0,0,1,0,0,2,0,3,1,0,0,0,0,5,0,0,0.0,0.0,0,0,0,19,67,0,0.14,0,3,0,1
966555,Troy Parrott,troy-parrott,2816,Real Betis,7.6,7.6,1,1,0,1,0,0.01,1,14,7,21,66.67,8,6,5,1,0,0.0,0,0,0,0,0,0,0.0,4,1,2,2,40.0,4,57.14,6,50.0,90,25.0,0,0,0,0,0,0,1,0,3,1,0,1,0,0,0.0,0,0,0,1,10,0,0,0,34,2,2,0,0,0,0,1,0,0,10.67,16,31.79,0,0,0,0,0,2,0,0,0,0,0,0,1,0,0,1,1,0,6,3,0,0,0,0,2,0,0.0,90.0,0,0,0,9,12,0,0.78,0,0,0,1
1009738,Archie Brown,brown-archie,3052,Fenerbahçe,7.6,7.6,1,1,0,0,0,0.0,1,34,9,43,79.07,25,9,3,0,1,33.33,2,0,1,0,0,0,0.0,1,1,0,7,63.64,0,0.0,7,58.33,90,100.0,0,0,0,0,0,0,1,0,1,0,0,1,0,0,0.0,2,0,0,0,13,0,4,0,67,4,3,0,0,0,1,0,0,0,10.61,15,33.34,0,0,0,0,0,0,1,0,0,0,0,0,1,0,0,0,3,1,5,1,0,0,0,5,1,1,50.0,90.0,0,0,0,31,12,0,0.57,0,4,0,1
864169,Pau Torres,pau-torres,40,Aston Villa,7.6,7.6,1,0,1,0,2,0.49,2,34,7,41,82.93,21,13,8,4,0,0.0,1,0,0,0,0,0,0.0,0,0,0,1,100.0,0,0.0,1,33.33,90,0.0,0,0,0,0,0,0,0,0,0,0,0,0,0,5,62.5,8,0,1,0,7,1,9,4,52,0,0,0,0,0,0,0,0,0,11.06,6,29.92,0,0,0,0,0,2,0,0,0,0,0,0,1,0,0,4,0,0,2,2,0,0,0,8,2,0,0.0,0.0,0,0,0,23,18,0,,2,4,1,1
1015267,João Gomes,joao-gomes,40,Aston Villa,7.6,7.6,1,0,2,0,1,0.59,1,25,3,28,89.29,13,12,5,2,2,100.0,5,1,1,0,0,0,0.0,1,0,0,8,61.54,0,0.0,8,53.33,90,0.0,0,0,0,0,0,0,0,0,1,0,0,0,0,1,50.0,5,0,0,0,4,0,1,0,45,1,3,0,0,2,0,1,0,0,12.1,13,29.99,0,0,0,0,0,2,0,0,0,0,0,0,1,0,0,2,2,0,7,2,0,0,0,2,2,2,40.0,0.0,0,0,0,13,15,0,0.18,0,2,0,1
905351,Zion Suzuki,suzuki-zion,40,Aston Villa,7.6,7.6,1,0,0,0,0,0.0,0,25,10,35,71.43,21,4,1,1,0,0.0,0,0,0,0,0,0,0.0,0,0,0,0,0.0,0,0.0,0,0.0,90,0.0,0,0,0,0,0,0,0,0,0,0,0,0,0,5,33.33,0,0,0,0,11,0,10,6,50,0,0,0,0,0,0,0,0,5,5.0,0,24.44,0,1,0,3,2,2,0,0,2,2,3,0,1,0,0,1,0,0,0,0,0,0,0,15,2,0,0.0,0.0,0,0,2,21,14,0,,2,10,0,1
556866,Gregor Kobel,gregor-kobel,2673,Borussia Dortmund,7.6,7.6,1,0,0,0,0,0.01,0,26,3,29,89.66,23,3,2,0,0,0.0,0,0,0,0,0,0,0.0,0,0,0,0,0.0,0,0.0,0,0.0,90,0.0,0,0,0,0,0,0,0,0,0,0,0,0,0,5,62.5,0,0,0,0,3,0,3,2,40,0,0,0,0,0,0,0,0,5,5.59,0,23.11,0,0,0,1,4,2,0,0,0,0,0,0,1,0,0,0,0,0,0,0,0,0,0,8,2,0,0.0,0.0,0,0,2,23,6,0,,2,11,0,1
841947,Lovro Majer,lovro-majer,3250,AEK Athens,7.6,7.6,1,0,1,0,0,,0,31,7,38,81.58,5,26,18,4,0,0.0,2,2,0,0,0,2,33.33,1,0,1,4,50.0,0,0.0,4,50.0,89,0.0,0,0,0,0,1,0,0,0,0,1,0,0,0,2,50.0,0,0,0,1,16,0,5,4,62,2,0,0,0,1,1,0,0,0,11.69,12,29.74,0,0,0,0,0,0,0,0,0,0,0,0,1,0,0,4,2,6,4,0,0,0,0,4,0,1,50.0,0.0,0,0,0,6,32,0,,0,8,1,1
907174,Tomáš Vlček,tomas-vlcek,2216,SK Slavia Praha,7.6,7.6,1,0,0,0,0,0.0,0,18,6,24,75.0,14,4,2,0,0,0.0,3,2,0,0,0,0,0.0,0,0,0,4,66.67,5,83.33,9,75.0,90,0.0,0,0,0,0,0,0,0,0,0,0,0,0,0,2,33.33,8,0,0,0,6,0,5,1,43,1,1,0,0,1,1,0,0,0,10.35,7,30.92,0,0,0,0,0,3,0,0,0,0,0,0,1,0,0,0,0,0,3,1,0,0,0,6,3,2,66.67,0.0,0,0,0,14,10,0,,0,2,3,1
886363,Matheus Cunha,matheus-cunha,35,Manchester United,7.5,7.5,1,1,0,0,0,0.06,1,31,6,37,83.78,10,21,12,1,0,0.0,1,0,0,0,0,1,20.0,4,3,0,3,33.33,0,0.0,3,33.33,90,25.0,0,0,0,0,0,0,1,0,3,1,0,0,1,0,0.0,1,0,0,1,16,1,0,0,62,2,2,0,0,1,0,1,0,0,10.89,15,32.44,1,0,0,0,0,0,0,0,0,0,0,0,1,0,0,1,2,5,6,0,0,0,0,1,0,1,100.0,90.0,0,0,0,11,26,0,0.78,0,3,1,1
927083,Bryan Mbeumo,bryan-mbeumo,35,Manchester United,7.5,7.5,1,0,1,0,1,0.32,1,35,9,44,79.55,13,22,16,3,2,50.0,0,0,0,0,0,2,66.67,1,1,0,2,50.0,1,100.0,3,60.0,72,0.0,0,0,0,0,0,0,0,0,1,0,0,0,0,1,50.0,0,0,0,0,13,1,3,1,54,0,0,0,0,0,0,0,0,0,8.38,16,32.83,0,0,0,0,0,0,0,0,0,0,0,0,1,0,0,3,4,3,2,0,0,0,0,2,0,0,0.0,0.0,0,0,0,14,30,0,0.09,0,6,0,1
952600,İsmail Yüksek,ismail-yuksek,3052,Fenerbahçe,7.5,7.5,1,0,0,0,0,0.0,0,34,5,39,87.18,26,8,2,0,2,100.0,4,6,1,0,0,0,0.0,0,0,0,8,72.73,1,50.0,9,69.23,90,0.0,0,0,0,0,0,0,0,0,0,0,0,0,0,1,33.33,0,0,0,1,6,0,4,2,62,2,1,0,0,1,0,0,0,0,10.98,9,30.13,0,0,0,0,0,0,1,0,0,0,0,0,1,0,0,0,2,0,4,1,0,0,0,3,1,3,75.0,0.0,0,0,0,28,11,0,,0,5,2,1
599114,Jean Butez,jean-butez,2704,Como,7.5,7.5,1,0,0,0,0,0.0,0,30,9,39,76.92,27,3,2,0,0,0.0,0,0,0,0,0,0,0.0,0,0,0,0,0.0,0,0.0,0,0.0,90,0.0,0,0,0,0,0,0,0,0,0,0,0,0,0,5,35.71,2,0,0,0,9,0,3,2,48,0,0,0,0,0,0,0,0,3,4.95,0,25.06,0,0,0,2,1,0,1,0,2,2,1,0,1,0,0,0,0,0,0,0,0,0,0,14,1,0,0.0,0.0,0,0,2,28,11,0,,9,9,0,1
825731,Michal Sadílek,michal-sadilek,2216,SK Slavia Praha,7.5,7.5,1,0,0,0,0,0.2,0,21,4,25,84.0,10,11,7,2,0,0.0,2,4,0,0,0,2,33.33,3,1,1,3,75.0,1,50.0,4,66.67,90,0.0,0,0,0,0,0,0,0,0,2,1,0,0,0,2,66.67,1,0,0,0,9,1,2,1,47,1,0,0,0,1,0,1,0,0,11.89,10,30.56,0,0,0,0,0,3,0,0,0,0,0,0,1,0,0,2,0,6,2,1,0,0,0,3,3,1,50.0,0.0,0,0,0,10,15,0,0.16,0,3,0,1
1395881,Joaquin Seys,joaquin-seys,2888,Club Brugge KV,7.5,7.5,1,0,0,0,0,0.18,0,35,2,37,94.59,15,20,14,2,0,0.0,3,1,0,0,0,0,0.0,1,0,0,3,50.0,2,100.0,5,62.5,90,0.0,0,0,0,0,0,0,0,0,1,0,0,0,0,1,100.0,4,0,0,2,7,0,1,0,64,0,1,0,0,0,0,1,0,0,11.72,18,32.54,0,0,0,0,0,3,0,0,0,0,0,0,1,0,0,2,0,3,3,0,0,0,0,1,3,1,33.33,0.0,0,0,0,15,22,0,0.04,0,1,3,1
108579,Harry Kane,harry-kane,2672,FC Bayern München,7.4,7.4,1,1,0,1,1,0.03,2,20,3,23,86.96,6,14,8,1,1,50.0,1,0,0,0,0,0,0.0,6,2,1,2,66.67,0,0.0,2,66.67,90,16.67,0,0,0,0,0,0,1,0,4,2,1,0,0,1,50.0,1,0,0,0,7,0,2,1,40,0,0,0,0,0,1,3,0,0,11.37,8,30.92,1,0,0,0,0,0,0,0,0,0,0,0,1,0,0,1,2,2,1,0,0,0,0,2,0,0,0.0,90.0,0,0,0,6,17,0,1.21,0,0,0,1
783126,Emiliano Buendía,emiliano-buendia,40,Aston Villa,7.4,7.4,1,1,0,0,0,0.01,1,11,5,16,68.75,2,9,4,0,0,0.0,0,0,0,0,0,0,0.0,5,2,1,3,75.0,1,50.0,4,66.67,68,20.0,0,0,0,0,1,0,1,0,3,2,0,0,1,0,0.0,0,0,0,1,7,0,2,0,28,3,1,0,0,0,0,2,0,0,9.74,8,31.0,0,0,0,0,0,2,0,0,0,0,0,0,1,0,0,0,0,0,2,1,0,0,0,2,2,0,0.0,68.0,0,0,0,3,13,0,0.95,0,6,0,1
914213,Luis Javier Suárez,luis-javier-suarez,3001,Sporting CP,7.4,7.4,1,1,0,0,0,0.0,1,11,3,14,78.57,9,2,2,0,3,100.0,1,0,1,0,0,0,0.0,3,2,1,5,62.5,0,0.0,5,55.56,74,33.33,1,1,1,0,0,0,1,0,1,2,0,0,1,0,0.0,0,0,0,0,7,1,0,0,26,1,3,0,0,0,0,0,0,0,7.72,18,33.98,0,0,0,0,0,1,0,0,0,0,0,0,1,100,0,0,3,0,4,1,0,0,0,0,1,0,0.0,74.0,0,0,0,9,5,0,0.88,0,3,0,1
986397,Benjamin Šeško,benjamin-sesko,35,Manchester United,7.4,7.4,1,1,0,0,0,0.0,1,5,2,7,71.43,2,3,1,0,1,50.0,2,0,0,0,0,0,0.0,2,1,1,3,37.5,1,33.33,4,36.36,64,50.0,0,0,0,0,0,0,1,0,2,0,0,1,0,0,0.0,0,0,0,2,7,1,0,0,18,0,2,0,0,0,0,0,0,0,8.07,12,32.51,0,0,0,0,0,0,0,0,0,0,0,0,1,0,0,0,2,0,7,2,0,0,0,0,0,2,100.0,64.0,0,0,0,2,5,0,0.77,0,2,0,1
985823,Ayase Ueda,ueda-ayase,1643,Lille,7.4,7.4,1,1,0,0,0,0.01,1,8,0,8,100.0,2,6,4,0,0,0.0,0,0,0,0,0,0,0.0,1,1,0,2,100.0,1,33.33,3,60.0,77,100.0,0,0,0,0,0,0,1,0,1,0,1,0,0,0,0.0,0,0,0,0,2,0,1,1,14,2,0,0,0,0,1,0,0,0,9.55,5,28.51,0,0,0,0,0,3,0,0,0,0,0,0,1,0,0,0,0,0,2,2,0,0,0,0,3,0,0.0,77.0,0,0,0,2,6,0,0.46,0,1,0,1
929199,Carlos Augusto,carlos-augusto,2697,Inter,7.4,7.4,1,1,0,0,0,0.23,1,39,3,42,92.86,13,26,16,3,0,0.0,0,2,0,0,0,2,28.57,1,1,0,0,0.0,0,0.0,0,0.0,83,100.0,0,0,0,0,0,0,1,0,1,0,0,0,1,1,33.33,1,0,0,1,12,1,1,1,62,0,0,0,0,0,0,0,0,0,9.43,18,32.58,0,0,0,0,0,2,0,0,0,0,0,0,1,0,0,3,0,7,1,0,0,0,0,3,2,0,0.0,83.0,0,0,0,14,28,0,0.22,0,2,0,1
954076,Fábio Silva,fabio-silva,2673,Borussia Dortmund,7.4,7.4,1,0,1,2,1,0.62,1,4,1,5,80.0,0,4,4,1,1,33.33,0,0,0,0,0,0,0.0,3,3,0,1,33.33,0,0.0,1,33.33,15,0.0,0,0,0,0,0,0,0,0,2,1,0,0,0,0,0.0,0,0,0,0,3,1,0,0,13,0,0,0,0,0,1,0,0,0,2.14,5,31.54,0,0,0,0,0,1,0,0,0,0,0,0,0,0,0,1,3,0,2,0,0,0,0,1,1,0,0.0,0.0,0,0,0,0,5,0,0.22,0,1,0,1
2063748,Samuel Isife,samuel-isife,2216,SK Slavia Praha,7.4,7.4,1,0,1,0,1,0.04,1,11,5,16,68.75,4,7,5,2,0,0.0,3,4,0,0,0,1,33.33,1,0,1,3,75.0,0,0.0,3,42.86,84,0.0,0,0,0,0,0,0,0,0,0,1,0,0,0,4,57.14,3,0,0,0,15,0,5,2,47,0,0,0,0,0,0,0,0,0,9.59,14,32.04,0,0,0,0,0,1,0,0,0,0,0,0,1,0,0,2,1,3,4,3,0,0,0,7,1,2,66.67,0.0,0,0,0,6,10,0,0.03,0,4,1,1
1402913,Pau Cubarsí,pau-cubarsi,2817,FC Barcelona,7.4,7.4,1,0,0,0,0,0.03,0,108,1,109,99.08,69,39,5,0,0,0.0,3,0,0,0,0,0,0.0,0,0,0,3,50.0,3,42.86,6,46.15,90,0.0,0,0,0,0,0,0,0,0,0,0,0,0,0,2,100.0,6,0,0,0,1,0,3,2,121,0,1,0,0,2,0,0,0,0,10.17,9,32.58,0,0,0,0,0,1,0,0,0,0,0,0,1,0,0,0,0,0,7,4,0,0,0,2,1,2,66.67,0.0,0,0,0,69,40,0,,0,2,0,1
829932,Cristian Romero,cristian-romero,2836,Atlético Madrid,7.4,7.4,1,0,0,0,0,0.0,0,29,2,31,93.55,27,2,2,0,0,0.0,5,1,0,0,0,0,0.0,0,0,0,5,100.0,2,66.67,7,87.5,77,0.0,0,0,0,0,0,0,0,0,0,0,0,0,0,3,75.0,6,0,0,0,3,0,1,0,48,0,0,0,0,0,0,0,0,0,7.94,8,31.14,0,0,0,0,0,1,1,0,0,0,0,0,1,0,0,0,0,0,1,1,0,0,0,4,2,0,0.0,0.0,0,0,0,28,3,0,,0,3,1,1
976037,Jakub Kiwior,jakub-kiwior,3002,FC Porto,7.4,7.4,1,0,0,0,0,0.01,0,54,7,61,88.52,43,11,4,0,0,0.0,1,1,0,0,0,0,0.0,0,0,0,2,100.0,3,75.0,5,83.33,90,0.0,0,0,0,0,0,0,0,0,0,0,0,0,0,3,75.0,4,0,0,0,7,0,4,3,72,2,0,0,0,0,0,0,0,0,11.0,8,31.43,0,0,0,0,0,2,0,0,0,0,0,0,1,0,0,0,0,0,1,1,0,0,0,4,2,0,0.0,0.0,0,0,0,45,16,0,,4,3,2,1
827679,Ezri Konsa,ezri-konsa,42,Arsenal,7.4,7.4,1,0,0,0,0,0.07,0,54,0,54,100.0,19,35,13,0,0,0.0,0,1,0,0,0,0,0.0,0,0,0,2,100.0,1,50.0,3,75.0,90,0.0,0,0,0,0,0,0,0,0,0,0,0,0,0,0,0.0,2,0,0,0,2,0,0,0,67,2,0,0,0,0,0,0,0,0,10.31,13,31.64,1,0,0,0,0,0,0,0,0,0,0,0,1,0,0,0,0,1,1,1,0,0,0,0,0,0,0.0,0.0,0,0,0,19,35,0,,0,4,1,1
845291,Josep Martínez,josep-martinez,2697,Inter,7.4,7.4,1,0,0,0,0,0.0,0,25,2,27,92.59,22,3,0,0,0,0.0,0,0,0,0,0,0,0.0,0,0,0,0,0.0,1,100.0,1,50.0,90,0.0,0,0,0,0,0,0,0,0,0,0,0,0,0,3,60.0,0,1,0,1,3,0,3,2,41,1,0,0,0,0,0,0,0,6,5.81,0,24.3,0,0,0,6,0,2,0,0,0,0,0,0,1,0,0,0,0,0,1,0,0,0,0,5,2,0,0.0,0.0,0,0,2,23,4,0,,4,8,0,1
1186010,Valentín Gómez,diego-gomez,2816,Real Betis,7.4,7.4,1,0,0,0,0,0.0,0,16,2,18,88.89,15,1,1,0,0,0.0,0,1,0,0,0,0,0.0,0,0,0,0,0.0,1,100.0,1,100.0,29,0.0,0,0,0,0,0,0,0,0,0,0,0,0,0,2,66.67,3,0,0,0,2,0,0,0,23,0,0,0,0,0,0,0,0,0,3.78,2,27.65,0,0,0,0,0,0,0,0,0,0,0,0,0,0,0,0,0,0,0,0,0,0,0,3,0,0,0.0,0.0,0,0,0,16,2,0,,1,0,1,1
37096,Péter Gulácsi,peter-gulacsi,2819,Villarreal,7.4,7.4,1,0,0,0,0,0.0,0,29,5,34,85.29,28,1,0,0,0,0.0,0,0,0,0,0,0,0.0,0,0,0,0,0.0,0,0.0,0,0.0,90,0.0,0,0,0,0,0,0,0,0,0,0,0,0,0,5,50.0,2,0,0,0,5,0,4,2,45,0,0,0,0,0,0,0,0,4,5.02,0,20.92,0,1,0,3,1,3,0,1,0,0,1,0,1,0,0,0,0,0,0,0,0,0,0,10,3,0,0.0,0.0,0,0,4,29,5,0,,1,5,0,1
989841,Eduardo Quaresma,quaresma,3001,Sporting CP,7.4,7.4,1,0,0,0,0,0.0,0,42,4,46,91.3,34,8,0,0,1,50.0,4,2,0,0,0,0,0.0,0,0,0,6,75.0,2,100.0,8,80.0,84,0.0,0,0,0,0,0,0,0,0,0,0,0,0,0,0,0.0,2,0,0,0,7,0,1,0,65,1,0,0,0,1,0,0,0,0,8.83,8,30.82,0,0,0,0,0,1,0,0,0,0,0,0,1,0,0,0,2,0,2,0,0,0,0,1,1,4,100.0,0.0,0,0,0,37,9,0,,0,7,0,1
1098193,Milán Vitális,milan-vitalis,3250,AEK Athens,7.4,7.4,1,0,0,0,0,,0,33,4,37,89.19,13,20,8,0,2,66.67,4,2,0,0,0,0,0.0,1,0,0,8,66.67,0,0.0,8,66.67,90,0.0,0,0,0,0,0,0,0,0,0,1,0,0,0,1,50.0,1,0,0,1,7,1,3,1,54,2,1,0,0,1,0,1,0,0,11.46,11,30.28,1,0,0,0,0,0,0,0,0,0,0,0,1,0,0,0,3,0,4,0,0,0,0,2,0,2,50.0,0.0,0,0,0,13,24,0,,0,6,0,1
974020,Xavier Mbuyamba,xavier-mbuyamba,2058,LASK,7.4,7.4,1,0,0,0,0,,0,51,16,67,76.12,31,20,5,0,0,0.0,4,0,0,0,0,0,0.0,0,0,0,4,57.14,1,50.0,5,55.56,90,0.0,0,0,0,0,0,0,0,0,0,0,0,0,0,3,37.5,4,0,0,0,16,0,3,0,81,0,0,0,0,3,0,0,0,0,10.57,9,30.64,0,0,0,0,0,0,1,0,0,0,0,0,1,0,0,0,0,0,4,1,0,0,0,8,1,2,50.0,0.0,0,0,0,37,30,0,,0,6,3,1
142904,Alberto Brignoli,alberto-brignoli,3250,AEK Athens,7.4,7.4,1,0,0,0,0,,0,16,5,21,76.19,12,4,0,0,1,100.0,0,0,0,0,0,0,0.0,0,0,0,1,100.0,0,0.0,1,100.0,90,0.0,0,0,0,0,0,0,0,0,0,0,0,0,0,6,54.55,0,0,1,0,5,0,1,0,34,0,0,0,0,0,0,0,0,3,5.27,0,23.11,1,0,0,2,1,0,0,0,0,0,1,0,1,0,0,0,1,0,0,0,0,0,0,11,0,0,0.0,0.0,0,0,0,13,8,0,,3,9,0,1
863271,Jeff Chabot,julian-chabot,2677,VfB Stuttgart,7.4,7.4,1,0,1,0,0,0.03,0,64,8,72,88.89,33,31,5,1,0,0.0,0,3,0,0,0,0,0.0,2,0,2,2,50.0,9,69.23,11,64.71,90,0.0,0,0,0,0,0,0,0,0,2,0,0,0,0,3,50.0,3,0,0,0,9,0,4,2,87,2,2,0,0,0,0,0,0,0,10.47,8,30.35,0,0,0,0,0,1,0,0,0,0,0,0,1,0,0,1,0,0,6,4,0,0,0,6,1,0,0.0,0.0,0,0,0,36,36,0,0.08,2,6,1,1
869792,Gabriel Magalhães,gabriel-magalhaes,42,Arsenal,7.4,7.4,1,0,0,0,0,0.06,0,61,2,63,96.83,23,38,21,0,0,0.0,1,2,0,0,0,0,0.0,1,0,0,2,50.0,2,40.0,4,44.44,90,0.0,0,0,0,0,0,0,0,0,1,0,0,0,0,2,50.0,3,0,0,0,3,0,1,0,74,1,2,0,0,0,0,1,0,0,10.35,11,31.18,1,0,0,0,0,0,0,0,0,0,0,0,1,0,0,0,0,0,5,3,0,0,0,4,0,1,100.0,0.0,0,0,0,24,39,0,0.02,4,5,1,1
1085381,Nicolas Jackson,nicolas-jackson,40,Aston Villa,7.3,7.3,1,1,1,0,0,0.15,1,18,4,22,81.82,6,12,6,3,2,50.0,0,1,0,0,0,0,0.0,3,2,1,3,33.33,0,0.0,3,27.27,81,33.33,0,0,0,0,0,0,1,0,3,0,0,0,1,2,100.0,0,0,0,3,12,1,0,0,39,1,0,0,0,1,0,0,0,0,9.83,17,33.77,0,0,0,0,0,2,0,0,0,0,0,0,1,0,0,3,4,0,8,2,0,0,0,2,2,0,0.0,81.0,0,0,0,7,15,0,1.17,0,4,0,1
1029018,Abdallah Sima,abdallah-sima,1648,RC Lens,7.3,7.3,1,1,0,0,0,0.02,1,18,2,20,90.0,8,10,2,0,0,0.0,1,0,0,0,0,0,0.0,1,1,0,4,50.0,0,0.0,4,33.33,75,100.0,0,0,0,0,0,0,1,0,1,0,0,0,1,1,33.33,1,0,0,1,7,1,1,1,34,3,1,0,0,0,0,0,0,0,8.82,12,30.78,0,0,0,0,0,0,1,0,0,0,0,0,1,0,0,0,2,0,8,4,0,0,0,3,1,1,100.0,75.0,0,0,0,9,11,0,0.34,0,4,0,1
579576,Ruben Aguilar,ruben-aguilar,1648,RC Lens,7.3,7.3,1,1,0,0,0,0.04,1,14,3,17,82.35,3,11,9,2,0,0.0,0,2,0,0,0,0,0.0,2,1,1,0,0.0,0,0.0,0,0.0,28,50.0,0,0,0,0,0,0,1,0,1,1,0,0,1,0,0.0,0,0,0,0,3,1,0,0,25,0,0,0,0,1,0,0,0,0,4.27,7,30.64,0,0,0,0,0,0,1,0,0,0,0,0,0,0,0,2,0,0,1,0,0,0,0,0,1,0,0.0,28.0,0,0,0,3,14,0,0.08,0,5,1,1
823984,Lautaro Martínez,lautaro-martinez,2697,Inter,7.3,7.3,1,0,1,0,1,0.54,1,37,2,39,94.87,8,29,19,2,2,66.67,1,1,1,0,0,0,0.0,4,1,2,4,66.67,1,50.0,5,62.5,90,0.0,0,0,0,0,0,0,0,0,3,1,0,0,0,1,100.0,0,0,0,0,6,0,1,1,55,1,1,0,0,0,3,1,0,0,10.8,8,31.36,0,0,0,0,0,2,0,0,0,0,0,0,1,0,0,2,3,0,3,1,0,0,0,1,2,0,0.0,0.0,0,0,0,9,30,0,0.32,0,2,0,1
1835892,Isaque,isaque,3313,Shakhtar Donetsk,7.3,7.3,1,0,0,0,1,0.02,1,19,8,27,70.37,9,10,5,2,1,100.0,8,0,0,0,0,0,0.0,1,1,0,10,76.92,0,0.0,10,71.43,89,0.0,0,0,0,0,0,0,0,0,1,0,0,0,0,1,25.0,0,0,0,2,15,0,2,0,49,1,1,0,0,0,0,0,0,0,11.41,11,30.28,0,0,0,0,0,1,0,0,0,0,0,0,1,0,0,2,1,0,4,1,0,0,0,4,1,5,62.5,0.0,0,0,0,12,15,0,0.25,0,4,1,1
138892,João Cancelo,joao-cancelo,2817,FC Barcelona,7.3,7.3,1,0,0,1,1,0.09,1,65,10,75,86.67,28,37,19,1,3,100.0,3,2,0,0,0,0,0.0,2,0,2,6,66.67,0,0.0,6,66.67,90,0.0,0,0,0,0,0,0,0,0,2,0,0,0,0,3,60.0,0,0,0,0,15,0,2,1,95,0,1,1,0,2,0,0,0,0,11.51,14,30.6,0,0,0,0,0,1,0,0,0,0,0,0,1,0,0,1,3,4,3,0,0,0,0,5,1,3,100.0,0.0,0,0,0,32,43,0,0.19,0,8,0,1
355492,Konrad Laimer,konrad-laimer,2672,FC Bayern München,7.3,7.3,1,0,1,0,0,0.31,0,42,2,44,95.45,9,33,23,2,0,0.0,2,0,0,0,0,1,33.33,0,0,0,2,66.67,0,0.0,2,50.0,65,0.0,0,0,0,0,0,0,0,0,0,0,0,0,0,0,0.0,1,0,0,0,6,0,0,0,63,0,0,0,0,1,0,0,0,0,8.42,7,29.27,0,0,0,0,0,0,0,0,0,0,0,0,1,0,0,2,0,3,2,1,0,0,0,0,0,0,0.0,0.0,0,0,0,9,35,0,,0,1,0,1
253809,Rui Silva,rui-silva,3001,Sporting CP,7.3,7.3,1,0,0,0,0,0.0,0,24,5,29,82.76,23,1,0,0,0,0.0,0,0,0,0,0,0,0.0,0,0,0,0,0.0,1,100.0,1,100.0,90,0.0,0,0,0,0,0,0,0,0,0,0,0,0,0,6,54.55,2,0,1,0,5,0,3,3,39,1,0,0,0,0,0,0,0,3,4.59,0,21.49,0,0,0,2,1,1,0,0,3,3,0,0,1,0,0,0,0,0,0,0,0,0,0,11,1,0,0.0,0.0,0,0,0,24,5,0,,2,7,0,1
795128,Harold Moukoudi,harold-moukoudi,3250,AEK Athens,7.3,7.3,1,0,0,0,0,,0,47,3,50,94.0,40,7,2,0,0,0.0,0,3,0,0,0,0,0.0,1,0,1,0,0.0,2,66.67,2,66.67,90,0.0,0,0,0,0,0,0,0,0,1,0,0,0,0,6,75.0,7,0,0,0,3,0,3,2,63,0,0,0,0,0,0,0,0,0,9.57,6,30.38,1,0,0,0,0,0,0,0,0,0,0,0,1,0,0,0,0,0,1,1,0,0,0,8,0,0,0.0,0.0,0,0,0,40,10,0,,1,3,0,1
983041,Hugo Siquet,hugo-siquet,2888,Club Brugge KV,7.3,7.3,1,0,0,0,0,0.15,0,34,3,37,91.89,17,17,6,1,1,100.0,1,0,0,0,0,4,36.36,0,0,0,2,100.0,0,0.0,2,100.0,45,0.0,0,0,0,0,0,0,0,0,0,0,0,0,0,3,75.0,1,0,0,0,11,0,4,2,55,0,0,0,0,0,0,0,0,0,6.25,12,32.51,0,0,0,0,0,0,0,0,0,0,0,0,0,0,0,1,1,11,0,0,0,0,0,4,0,1,100.0,0.0,0,0,0,17,20,0,,0,3,0,1
850816,Joey Veerman,joey-veerman,2673,Borussia Dortmund,7.3,7.3,1,0,0,0,0,0.07,0,82,5,87,94.25,21,61,30,0,0,0.0,2,0,0,0,0,0,0.0,1,0,0,3,37.5,0,0.0,3,33.33,90,0.0,0,0,0,0,0,0,0,0,1,0,0,0,0,5,100.0,0,0,0,1,11,0,7,6,99,1,1,0,0,1,0,1,0,0,12.39,6,29.41,0,0,0,0,0,2,0,0,0,0,0,0,1,0,0,0,2,3,6,1,0,0,0,5,2,2,100.0,0.0,0,0,0,21,66,0,0.1,0,2,0,1
1212550,Ruben van Bommel,ruben-van-bommel,2952,PSV Eindhoven,7.3,7.3,1,0,0,0,0,0.08,0,28,7,35,80.0,8,20,15,2,1,33.33,2,0,1,0,0,1,20.0,3,0,1,7,50.0,2,66.67,9,52.94,90,0.0,0,0,0,0,0,0,0,0,0,3,0,0,0,0,0.0,0,0,0,1,16,0,0,0,59,4,1,0,0,3,0,2,0,0,10.07,16,33.44,0,0,0,0,0,1,0,0,0,0,0,0,1,0,0,2,3,5,8,1,0,0,0,0,1,1,50.0,0.0,0,0,0,9,26,0,0.08,0,4,0,1
994546,Elliot Anderson,elliot-anderson,17,Manchester City,7.3,7.3,1,0,0,0,0,0.11,0,23,1,24,95.83,7,16,4,2,0,0.0,2,1,0,0,0,2,66.67,1,1,0,2,100.0,0,0.0,2,100.0,28,0.0,0,0,0,0,0,0,0,0,0,1,0,0,0,1,100.0,0,0,0,0,3,1,0,0,33,0,0,0,0,0,0,0,0,0,3.98,4,29.81,0,0,0,0,0,0,0,0,0,0,0,0,0,0,0,2,0,3,0,0,0,0,0,1,0,1,50.0,0.0,0,0,0,8,16,0,0.02,0,3,0,1
1010231,Jamal Musiala,jamal-musiala,2672,FC Bayern München,7.2,7.2,1,1,0,0,0,0.11,1,12,4,16,75.0,0,12,9,1,1,16.67,0,0,0,0,0,0,0.0,3,2,0,1,12.5,0,0.0,1,11.11,65,33.33,0,0,0,0,0,0,1,0,2,1,0,0,1,0,0.0,0,0,0,1,12,0,0,0,31,0,1,0,0,0,0,1,0,0,8.65,10,32.54,0,0,0,0,0,0,0,0,0,0,0,0,1,0,0,1,6,0,8,1,0,0,0,0,0,0,0.0,65.0,0,0,0,0,16,0,0.16,0,1,0,1
1477498,Gleiker Mendoza,gleiker-mendoza,3313,Shakhtar Donetsk,7.2,7.2,1,1,0,0,0,0.0,1,11,7,18,61.11,6,5,3,0,2,100.0,2,0,1,0,0,0,0.0,1,1,0,5,55.56,0,0.0,5,45.45,66,100.0,0,0,0,0,0,0,1,0,1,0,0,0,1,0,0.0,1,0,0,3,11,0,0,0,35,1,1,0,0,0,0,0,0,0,7.39,9,31.82,0,0,0,0,0,1,0,0,0,0,0,0,1,0,0,0,2,0,6,2,0,0,0,1,1,1,50.0,66.0,0,0,0,9,9,0,0.03,0,2,0,1
974505,Enzo Fernández,enzo-fernandez,17,Manchester City,7.2,7.2,1,0,1,0,1,0.6,1,78,5,83,93.98,31,47,21,3,0,0.0,1,1,0,0,0,0,0.0,3,1,1,4,44.44,2,100.0,6,54.55,90,0.0,0,0,0,0,1,0,0,0,0,3,0,0,0,2,100.0,0,0,0,1,13,1,2,1,101,3,3,0,0,0,0,1,0,0,11.89,19,31.82,1,0,0,0,0,0,0,0,0,0,0,0,1,0,0,3,1,2,5,0,0,0,0,2,0,0,0.0,0.0,0,0,0,33,50,0,0.12,0,5,0,1
816763,Pablo Fornals,pablo-fornals,2816,Real Betis,7.2,7.2,1,0,1,0,1,0.31,1,66,9,75,88.0,26,40,21,4,0,0.0,1,1,0,0,0,2,50.0,2,0,2,1,25.0,1,33.33,2,28.57,90,0.0,0,0,0,0,0,0,0,0,0,2,0,0,0,4,80.0,2,0,0,2,13,2,5,4,88,0,1,0,0,0,0,0,0,0,12.53,7,28.84,0,0,0,0,0,2,0,0,0,0,0,0,1,0,0,4,0,4,5,2,0,0,0,5,2,1,100.0,0.0,0,0,0,29,46,0,0.04,0,8,0,1
800749,Matvey Safonov,matvey-safonov,1644,Paris Saint-Germain,7.2,7.2,1,0,0,0,0,0.0,0,14,3,17,82.35,12,2,1,0,0,0.0,0,0,0,0,0,0,0.0,0,0,0,0,0.0,0,0.0,0,0.0,90,0.0,0,0,0,0,0,0,0,0,0,0,0,0,0,3,60.0,0,0,0,0,3,0,0,0,28,0,0,0,0,0,0,0,0,3,4.71,0,24.08,0,0,0,1,2,1,0,0,1,1,0,0,1,0,0,0,0,0,0,0,0,0,0,5,1,0,0.0,0.0,0,0,1,15,2,0,,2,13,0,1
581310,David Raya,david-raya,42,Arsenal,7.2,7.2,1,0,0,0,0,0.0,0,17,2,19,89.47,13,4,1,0,0,0.0,0,0,0,0,0,0,0.0,0,0,0,0,0.0,0,0.0,0,0.0,90,0.0,0,0,0,0,0,0,0,0,0,0,0,0,0,3,60.0,0,0,0,0,2,0,1,0,29,0,0,0,0,0,0,0,0,3,5.36,0,24.44,1,0,0,0,3,0,0,0,1,1,1,0,1,0,0,0,0,0,0,0,0,0,0,5,0,0,0.0,0.0,0,0,0,13,6,0,,0,9,0,1
368120,Nabil Bentaleb,nabil-bentaleb,1643,Lille,7.2,7.2,1,0,0,0,0,0.02,0,45,2,47,95.74,33,12,7,1,0,0.0,2,1,0,0,0,0,0.0,0,0,0,2,100.0,0,0.0,2,100.0,45,0.0,0,0,0,0,0,0,0,0,0,0,0,0,0,2,100.0,2,0,0,0,2,0,4,2,55,0,0,0,0,0,0,0,0,0,5.93,5,29.05,0,0,0,0,0,1,0,0,0,0,0,0,1,0,0,1,0,0,0,0,0,0,0,2,1,1,50.0,0.0,0,0,0,34,13,0,,0,5,1,1
356160,Vanja Milinković-Savić,vanja-milinkovic-savic,2714,SSC Napoli,7.2,7.2,1,0,0,0,0,0.0,0,14,6,20,70.0,10,4,2,0,0,0.0,0,0,0,0,0,0,0.0,0,0,0,0,0.0,0,0.0,0,0.0,45,0.0,0,0,0,0,0,0,0,0,0,0,0,0,0,5,45.45,0,0,0,0,6,0,8,4,26,0,0,0,0,0,0,0,0,3,2.59,0,21.92,0,0,0,2,1,0,1,0,0,0,0,0,0,0,0,0,0,0,0,0,0,0,0,11,1,0,0.0,0.0,0,0,0,12,8,0,,5,5,0,1
1513057,Wiktor Nowak,nowak-wiktor,2216,SK Slavia Praha,7.2,7.2,1,0,0,0,0,0.08,0,16,4,20,80.0,7,9,7,0,1,50.0,1,1,0,0,0,0,0.0,0,0,0,2,33.33,1,33.33,3,33.33,82,0.0,0,0,0,0,0,0,0,0,0,0,0,0,0,1,50.0,2,0,0,1,8,0,1,0,36,0,0,0,0,2,0,0,0,0,10.55,10,31.36,0,0,0,0,0,1,0,0,0,0,0,0,1,0,0,0,2,1,6,2,0,0,0,2,1,1,100.0,0.0,0,0,0,7,13,0,,0,2,3,1
841802,Andrés Andrade,andres-andrade,2058,LASK,7.2,7.2,1,0,0,0,0,,0,37,20,57,64.91,25,12,7,0,1,100.0,2,1,1,0,0,0,0.0,1,0,1,3,42.86,1,25.0,4,36.36,90,0.0,0,0,0,0,0,0,0,0,0,1,0,0,0,2,16.67,2,0,0,0,24,0,11,1,74,0,1,0,0,3,0,0,0,0,10.0,11,31.32,0,0,0,0,0,0,1,0,0,0,0,0,1,0,0,0,1,0,7,3,0,0,0,12,1,2,100.0,0.0,0,0,0,32,25,0,,0,4,3,1
1131931,Filipe Relvas,filipe-relvas,3250,AEK Athens,7.2,7.2,1,0,0,0,0,,0,47,4,51,92.16,41,6,1,0,0,0.0,0,1,0,0,0,0,0.0,2,1,0,0,0.0,4,57.14,4,57.14,90,0.0,0,0,0,0,0,0,0,0,2,0,0,0,0,4,57.14,8,0,0,0,4,0,3,3,65,0,0,0,0,0,0,1,0,0,10.09,9,31.86,1,0,0,0,0,0,0,0,0,0,0,0,1,0,0,0,0,0,3,3,0,0,0,7,0,0,0.0,0.0,0,0,0,43,8,0,,2,3,0,1
754794,Lucas Torreira,lucas-torreira,3061,Galatasaray,7.2,7.2,1,0,0,1,0,0.03,0,75,1,76,98.68,40,35,10,0,1,100.0,3,3,0,0,0,0,0.0,1,0,1,4,80.0,0,0.0,4,66.67,85,0.0,0,0,0,0,0,0,0,0,1,0,0,0,0,6,100.0,1,0,0,0,3,0,4,4,90,0,0,0,0,1,0,0,0,0,10.13,3,29.09,0,0,0,0,0,2,1,0,0,0,0,0,1,0,0,0,1,0,2,1,0,0,0,6,3,2,66.67,0.0,0,0,0,40,36,0,0.34,0,4,0,1
256219,Paulo Dybala,paulo-dybala,2702,AS Roma,7.2,7.2,1,0,0,1,0,0.08,0,33,6,39,84.62,5,28,20,1,1,33.33,2,2,0,0,0,0,0.0,2,2,0,7,53.85,0,0.0,7,50.0,90,0.0,0,0,0,0,0,0,0,0,2,0,0,0,0,2,100.0,0,0,0,2,14,0,1,1,60,4,1,0,0,1,0,0,0,0,10.43,5,28.37,0,0,0,0,0,1,0,0,0,0,0,0,1,0,0,1,3,2,7,1,0,0,0,2,1,2,100.0,0.0,0,0,0,5,34,0,0.27,0,1,0,1
814594,Achraf Hakimi,achraf-hakimi,1644,Paris Saint-Germain,7.2,7.2,1,0,0,0,0,0.18,0,65,7,72,90.28,14,51,33,5,1,50.0,0,0,0,0,0,0,0.0,2,1,1,1,50.0,0,0.0,1,33.33,64,0.0,0,0,0,0,0,0,0,0,1,1,0,0,0,2,66.67,0,0,0,0,12,0,3,1,92,0,0,0,0,0,0,0,0,0,7.67,12,32.98,0,0,0,0,0,1,0,0,0,0,0,0,1,0,0,5,2,2,2,1,0,0,0,3,1,0,0.0,0.0,0,0,0,15,57,0,0.15,0,5,1,1
38710,Ivan Perišić,ivan-perisic,2952,PSV Eindhoven,7.2,7.2,1,0,0,0,0,0.01,0,26,7,33,78.79,12,14,4,1,0,0.0,3,0,0,0,0,0,0.0,2,0,2,4,57.14,2,100.0,6,66.67,90,0.0,0,0,0,0,1,0,0,0,1,1,0,0,0,6,100.0,2,0,0,2,15,1,3,2,57,1,1,0,0,0,0,0,0,0,10.76,22,32.18,0,0,0,0,0,1,0,0,0,0,0,0,1,0,0,1,0,4,3,0,0,0,0,6,1,2,66.67,0.0,0,0,0,12,21,0,0.1,0,2,0,1
868812,Vinícius Júnior,vinicius-junior,2829,Real Madrid,7.2,7.2,1,0,0,0,0,0.13,0,24,3,27,88.89,7,17,10,0,2,40.0,2,1,0,0,0,0,0.0,2,0,1,5,31.25,0,0.0,5,31.25,87,0.0,0,0,0,0,0,0,0,0,2,0,0,0,0,1,50.0,0,0,0,2,12,0,3,2,46,1,4,0,0,2,0,1,0,0,9.11,22,33.48,0,0,0,0,0,1,0,0,0,0,0,0,1,0,0,0,5,2,11,0,0,0,0,2,1,2,100.0,0.0,0,0,0,7,20,0,0.1,0,9,0,1
877994,Marc Guéhi,marc-guehi,17,Manchester City,7.2,7.2,1,0,0,0,0,0.03,0,74,2,76,97.37,38,36,17,0,1,100.0,1,3,0,0,0,0,0.0,1,0,1,3,60.0,1,25.0,4,44.44,90,0.0,0,0,0,0,0,0,0,0,1,0,0,0,0,0,0.0,3,0,0,0,3,0,2,0,92,1,2,0,0,1,0,0,0,0,10.46,10,32.65,1,0,0,0,0,0,0,0,0,0,0,0,1,0,0,0,1,1,5,3,0,0,0,1,0,1,100.0,0.0,0,0,0,38,38,0,0.05,1,8,1,1
835601,Moise Kean,moise-kean,2704,Como,7.2,7.2,1,0,1,0,0,0.07,0,4,2,6,66.67,2,2,1,1,0,0.0,3,0,0,0,0,0,0.0,1,0,0,3,60.0,2,66.67,5,62.5,25,0.0,0,0,0,0,0,0,0,0,1,0,0,0,0,0,0.0,0,0,0,1,5,0,0,0,13,0,1,0,0,0,0,1,0,0,3.4,4,30.89,0,0,0,0,0,0,0,0,0,0,0,0,0,0,0,1,0,0,3,1,0,0,0,0,0,2,66.67,0.0,0,0,0,3,3,0,0.04,0,2,0,1
826204,Boubacar Kamara,boubacar-kamara,40,Aston Villa,7.2,7.2,1,0,0,0,0,0.01,0,34,2,36,94.44,21,13,3,0,1,100.0,2,1,0,0,0,0,0.0,1,1,0,5,71.43,2,66.67,7,70.0,68,0.0,0,0,0,0,0,0,0,0,1,0,0,0,0,1,100.0,5,0,0,1,3,0,0,0,51,2,1,0,0,0,0,0,0,0,9.01,6,29.56,0,0,0,0,0,2,0,0,0,0,0,0,1,0,0,0,1,0,3,1,0,0,0,1,2,0,0.0,0.0,0,0,0,21,15,0,0.01,0,4,1,1
944467,Sem Steijn,sem-steijn,2959,Feyenoord,7.1,7.1,1,1,0,0,0,0.0,1,5,1,6,83.33,4,1,0,0,0,0.0,1,0,0,0,0,0,0.0,1,1,0,1,50.0,0,0.0,1,50.0,18,100.0,0,0,0,0,0,0,1,0,1,0,0,0,1,0,0.0,0,0,0,0,1,0,0,0,8,0,0,0,0,1,1,0,0,0,2.75,2,27.58,0,0,0,0,0,1,1,0,0,0,0,0,0,0,0,0,0,0,1,0,0,0,0,1,2,0,0.0,18.0,0,0,0,4,2,0,0.36,0,2,0,1
103417,Isco,isco,2816,Real Betis,7.1,7.1,1,0,2,0,1,0.67,1,33,4,37,89.19,14,19,12,3,0,0.0,0,0,0,0,0,1,50.0,3,0,1,2,40.0,0,0.0,2,33.33,61,0.0,0,0,0,0,0,0,0,0,3,0,0,0,0,2,100.0,0,0,0,1,9,1,6,3,50,2,0,0,0,0,0,2,0,0,7.57,7,29.59,0,0,0,0,0,2,0,0,0,0,0,0,1,0,0,3,2,2,4,1,0,0,0,2,2,0,0.0,0.0,0,0,0,14,23,0,0.3,0,1,0,1
2199216,Mezian Mesloub,mezian-mesloub,1648,RC Lens,7.1,7.1,1,0,1,0,1,0.42,1,20,1,21,95.24,3,17,14,4,1,50.0,0,0,0,0,0,1,33.33,2,0,0,1,50.0,0,0.0,1,50.0,29,0.0,0,0,0,0,0,0,0,0,0,2,0,0,0,1,100.0,0,0,0,0,4,0,0,0,32,0,0,0,0,0,0,2,0,0,3.84,4,29.92,0,0,0,0,0,0,1,0,0,0,0,0,0,0,0,4,2,3,1,0,0,0,0,1,1,0,0.0,0.0,0,0,0,3,18,0,0.05,0,3,0,1
827606,Rodri,rodri,2817,FC Barcelona,7.1,7.1,1,0,1,0,0,0.06,0,82,3,85,96.47,43,39,15,2,0,0.0,2,0,0,0,0,0,0.0,0,0,0,2,40.0,1,100.0,3,50.0,83,0.0,0,0,0,0,0,0,0,0,0,0,0,0,0,1,50.0,1,0,0,1,6,1,2,1,93,0,1,0,0,1,0,0,0,0,11.06,7,28.4,0,0,0,0,0,1,0,0,0,0,0,0,1,0,0,2,0,0,3,0,0,0,0,2,1,2,100.0,0.0,0,0,0,45,40,0,,0,6,0,1
186795,Andreas Christensen,andreas-christensen,2817,FC Barcelona,7.1,7.1,1,0,0,0,0,0.03,0,101,3,104,97.12,48,53,17,0,0,0.0,1,0,0,0,0,0,0.0,0,0,0,1,33.33,0,0.0,1,33.33,90,0.0,0,0,0,0,0,0,0,0,0,0,0,0,0,1,25.0,1,0,0,0,3,0,2,0,112,0,0,0,0,2,0,0,0,0,10.42,9,30.24,0,0,0,0,0,1,0,0,0,0,0,0,1,0,0,0,0,0,2,0,0,0,0,4,1,0,0.0,0.0,0,0,0,48,56,0,,1,4,1,1
78893,Romelu Lukaku,romelu-lukaku,3052,Fenerbahçe,7.1,7.1,1,0,0,0,0,0.25,0,4,3,7,57.14,2,2,2,1,0,0.0,0,0,0,0,0,0,0.0,0,0,0,1,50.0,2,100.0,3,75.0,18,0.0,0,0,0,0,0,0,0,0,0,0,0,0,0,0,0.0,2,0,0,1,5,0,0,0,13,1,0,0,0,0,0,0,0,0,2.34,5,31.07,0,0,0,0,0,0,0,0,0,0,0,0,0,0,0,1,0,0,1,0,0,0,0,0,0,0,0.0,0.0,0,0,0,2,5,0,,0,3,0,1
964994,Joško Gvardiol,josko-gvardiol,17,Manchester City,7.1,7.1,1,0,0,0,0,0.02,0,36,5,41,87.8,13,23,10,0,1,100.0,1,1,1,0,0,0,0.0,0,0,0,5,71.43,1,100.0,6,75.0,48,0.0,0,0,0,0,0,0,0,0,0,0,0,0,0,0,0.0,2,0,0,1,7,0,0,0,57,3,1,0,0,0,0,0,0,0,5.34,5,31.57,0,0,0,0,0,0,0,0,0,0,0,0,1,0,0,0,1,0,2,0,0,0,0,1,0,0,0.0,0.0,0,0,0,17,24,0,,0,1,0,1
318941,Rúben Dias,ruben-dias,17,Manchester City,7.1,7.1,1,0,0,0,0,0.1,0,83,5,88,94.32,52,31,11,1,0,0.0,1,1,0,0,0,0,0.0,0,0,0,1,25.0,1,33.33,2,28.57,90,0.0,0,0,0,0,0,0,0,0,0,0,0,0,0,1,20.0,3,0,0,1,6,0,5,2,96,0,2,0,0,0,0,0,0,0,10.52,6,30.74,1,0,0,0,0,0,0,0,0,0,0,0,1,0,0,1,0,0,5,2,0,0,0,5,0,0,0.0,0.0,0,0,0,52,36,0,,6,6,0,1
1403348,Jacobo Ramón,jacobo-naveros,2704,Como,7.1,7.1,1,0,0,0,0,0.01,0,58,3,61,95.08,37,21,7,0,0,0.0,2,1,0,0,0,0,0.0,0,0,0,2,50.0,0,0.0,2,40.0,90,0.0,0,0,0,0,0,0,0,0,0,0,0,0,0,0,0.0,2,0,0,0,3,0,1,0,68,0,1,0,0,1,1,0,0,0,10.01,8,30.56,0,0,0,0,0,0,1,0,0,0,0,0,1,0,0,0,0,0,3,1,0,0,0,1,1,2,100.0,0.0,0,0,0,37,24,0,,0,2,0,1
133908,Marcel Sabitzer,marcel-sabitzer,2673,Borussia Dortmund,7.1,7.1,1,0,1,0,0,0.29,0,26,2,28,92.86,4,22,16,4,0,0.0,2,3,0,0,0,2,100.0,0,0,0,2,33.33,0,0.0,2,28.57,75,0.0,0,0,0,0,0,0,0,0,0,0,0,0,0,1,100.0,0,0,0,1,6,0,0,0,41,0,1,0,0,0,0,0,0,0,9.3,11,30.67,0,0,0,0,0,1,0,0,0,0,0,0,1,0,0,4,2,2,5,1,0,0,0,1,1,2,100.0,0.0,0,0,0,5,23,0,,0,4,0,1
1142588,Pablo Barrios,pablo-barrios,2836,Atlético Madrid,7.1,7.1,1,0,0,0,0,0.03,0,51,5,56,91.07,30,21,3,2,3,60.0,3,0,0,0,0,1,100.0,0,0,0,8,66.67,0,0.0,8,66.67,77,0.0,0,0,0,0,0,0,0,0,0,0,0,0,0,0,0.0,2,0,0,1,9,0,2,1,74,2,1,0,0,0,0,0,0,0,9.58,17,31.14,0,0,0,0,0,1,1,0,0,0,0,0,1,0,0,2,5,1,4,0,0,0,0,0,2,2,66.67,0.0,0,0,0,33,23,0,,0,6,0,1
942479,Michal Skoras,michal-skoras,1648,RC Lens,7.1,7.1,1,0,0,0,0,0.04,0,18,4,22,81.82,8,10,8,0,1,50.0,2,0,0,0,0,0,0.0,0,0,0,4,66.67,1,100.0,5,71.43,62,0.0,0,0,0,0,0,0,0,0,0,0,0,0,0,1,33.33,2,0,0,0,10,0,0,0,38,1,1,0,0,0,0,0,0,0,7.21,8,30.67,0,0,0,0,0,0,1,0,0,0,0,0,1,0,0,0,2,2,2,0,0,0,0,3,1,1,50.0,0.0,0,0,0,9,13,0,,0,3,0,1
151700,Ulrik Saltnes,ulrik-saltnes,656,Bodø/Glimt,7.1,7.1,1,0,0,0,0,0.0,0,10,0,10,100.0,9,1,0,0,0,0.0,0,1,0,0,0,0,0.0,0,0,0,0,0.0,0,0.0,0,0.0,19,0.0,0,0,0,0,0,0,0,0,0,0,0,0,0,0,0.0,2,0,0,0,0,0,0,0,16,0,1,0,0,0,0,0,0,0,2.77,1,26.5,0,0,0,0,0,1,2,0,0,0,0,0,0,0,0,0,0,0,1,0,0,0,0,0,3,0,0.0,0.0,0,0,0,9,1,0,,0,1,2,1
991011,Jude Bellingham,jude-bellingham,2829,Real Madrid,7.1,7.1,1,0,0,2,0,0.06,0,27,3,30,90.0,11,16,12,0,1,50.0,3,1,0,0,0,0,0.0,2,2,0,8,61.54,2,50.0,10,58.82,90,0.0,0,0,0,0,0,0,0,0,2,0,0,0,0,2,66.67,3,0,0,1,9,0,1,1,55,4,1,0,0,2,1,0,0,0,11.22,16,32.18,0,0,0,0,0,1,0,0,0,0,0,0,1,0,0,0,2,1,7,2,0,0,0,3,1,2,66.67,0.0,0,0,0,12,18,0,1.24,0,4,0,1
1926085,Dro Fernández,pedro-fernandez,1644,Paris Saint-Germain,7.1,7.1,1,0,0,1,0,0.14,0,51,3,54,94.44,12,39,26,2,0,0.0,3,1,0,0,0,1,33.33,4,2,0,4,57.14,1,50.0,5,55.56,90,0.0,0,0,0,0,0,0,0,0,4,0,0,0,0,0,0.0,0,0,0,0,10,2,1,0,74,1,1,0,0,1,0,2,0,0,11.87,9,29.92,0,0,0,0,0,1,0,0,0,0,0,0,1,0,0,2,1,3,4,1,0,0,0,1,1,2,66.67,0.0,0,0,0,12,42,0,0.88,0,3,0,1
1149146,Mika Godts,mika-godts,1644,Paris Saint-Germain,7.1,7.1,1,0,0,0,0,0.08,0,16,2,18,88.89,3,13,9,1,1,100.0,1,0,0,0,0,0,0.0,2,1,1,2,66.67,0,0.0,2,66.67,26,0.0,0,0,0,0,0,0,0,0,2,0,0,0,0,0,0.0,0,0,0,1,3,0,0,0,25,0,0,0,0,0,1,0,0,0,3.67,6,31.9,0,0,0,0,0,0,0,0,0,0,0,0,0,0,0,1,1,0,1,0,0,0,0,0,0,0,0.0,0.0,0,0,0,4,14,0,0.29,0,2,0,1
135700,Hakan Çalhanoğlu,hakan-calhanoglu,2697,Inter,7.1,7.1,1,0,1,0,0,0.43,0,64,3,67,95.52,28,36,25,1,2,100.0,1,2,1,0,0,2,40.0,3,1,1,3,60.0,0,0.0,3,60.0,60,0.0,0,0,0,0,1,0,0,0,1,2,0,0,0,4,80.0,0,0,0,0,8,1,2,2,83,0,2,0,0,0,0,1,0,0,7.86,3,30.28,0,0,0,0,0,2,0,0,0,0,0,0,1,0,0,1,2,5,2,0,0,0,0,5,2,1,100.0,0.0,0,0,0,29,38,0,0.26,0,5,1,1
958380,Antony,antony,2816,Real Betis,7.1,7.1,1,0,0,0,0,0.12,0,49,6,55,89.09,18,31,20,3,3,100.0,1,0,0,0,0,0,0.0,6,1,2,4,57.14,0,0.0,4,57.14,90,0.0,0,0,0,0,0,0,0,0,0,6,0,0,0,3,75.0,0,0,0,1,11,2,2,2,75,0,1,0,0,1,0,3,0,0,9.39,15,34.09,0,0,0,0,0,2,0,0,0,0,0,0,1,0,0,3,3,3,3,0,0,0,0,4,2,1,100.0,0.0,0,0,0,20,35,0,0.18,0,9,0,1
847030,Noussair Mazraoui,noussair-mazraoui,35,Manchester United,7.1,7.1,1,0,0,0,0,0.05,0,49,2,51,96.08,25,24,13,1,0,0.0,1,1,0,0,0,0,0.0,4,0,2,2,28.57,1,33.33,3,30.0,90,0.0,0,0,0,0,0,0,0,0,2,2,0,0,0,1,100.0,3,0,0,0,8,0,0,0,83,1,2,0,0,2,0,2,0,0,10.76,10,29.88,1,0,0,0,0,0,0,0,0,0,0,0,1,0,0,1,1,1,7,2,0,0,0,1,0,0,0.0,0.0,0,0,0,27,24,0,0.17,0,5,0,1
891510,Chris Führich,chris-fuhrich,2677,VfB Stuttgart,7.1,7.1,1,0,0,0,0,0.15,0,46,11,57,80.7,14,32,18,4,0,0.0,2,2,0,0,0,2,25.0,1,0,1,2,25.0,0,0.0,2,25.0,90,0.0,0,0,0,0,1,0,0,0,0,1,0,0,0,3,42.86,1,0,0,2,22,0,6,1,84,0,0,0,0,1,1,0,1,0,11.43,17,32.08,0,0,0,0,0,1,0,0,0,0,0,0,1,0,0,3,3,8,6,0,0,0,0,7,1,2,100.0,0.0,0,0,0,15,42,0,0.11,0,8,1,1
787827,Matthieu Udol,matthieu-udol,1648,RC Lens,7.1,7.1,1,0,0,0,0,0.25,0,32,7,39,82.05,16,16,8,3,0,0.0,0,2,0,0,0,2,50.0,3,1,1,0,0.0,5,100.0,5,100.0,90,0.0,0,0,0,0,0,0,0,0,3,0,0,0,0,1,50.0,1,0,0,0,10,0,2,1,57,0,0,0,0,0,0,1,0,0,11.03,11,32.18,0,0,0,0,0,0,2,0,0,0,0,0,1,0,0,3,0,4,0,0,0,0,0,2,2,0,0.0,0.0,0,0,0,16,23,0,0.08,0,0,0,1
856714,Declan Rice,declan-rice,42,Arsenal,7.1,7.1,1,0,0,0,0,0.14,0,92,6,98,93.88,16,76,46,1,0,0.0,1,0,0,0,0,0,0.0,2,0,2,1,25.0,1,100.0,2,40.0,90,0.0,0,0,0,0,0,0,0,0,0,2,0,0,0,1,100.0,1,0,0,1,13,0,2,1,113,0,2,0,0,0,0,0,0,0,11.17,11,31.57,1,0,0,0,0,0,0,0,0,0,0,0,1,0,0,1,0,5,3,0,0,0,0,1,0,0,0.0,0.0,0,0,0,17,81,0,0.07,0,2,0,1
1153270,Fermín López,fermin-lopez,2817,FC Barcelona,7.1,7.1,1,0,0,0,0,0.05,0,16,3,19,84.21,7,9,5,0,0,0.0,0,0,0,0,0,0,0.0,2,1,0,1,100.0,0,0.0,1,100.0,19,0.0,0,0,0,0,0,0,0,0,0,2,0,0,0,1,100.0,0,0,0,0,4,0,1,1,24,1,0,0,0,0,0,1,0,0,2.58,2,27.86,0,0,0,0,0,1,0,0,0,0,0,0,0,0,0,0,0,0,0,0,0,0,0,1,1,0,0.0,0.0,0,0,0,8,11,0,0.04,0,0,0,1
877236,Hugo Vetlesen,hugo-vetlesen,2888,Club Brugge KV,7.0,7.0,1,1,0,0,0,0.08,1,21,8,29,72.41,9,12,7,1,1,33.33,1,0,0,0,0,0,0.0,3,2,0,2,16.67,2,100.0,4,28.57,77,33.33,0,0,0,0,0,0,1,0,2,1,0,1,0,1,100.0,0,0,0,5,19,0,1,0,47,0,2,0,0,1,1,1,0,0,10.04,14,30.96,0,0,0,0,0,3,0,0,0,0,0,0,1,0,0,1,3,2,10,0,0,0,0,1,3,1,100.0,77.0,0,0,0,10,19,0,0.25,0,2,0,1
1468046,Santiago Mouriño,santiago-mourino,2819,Villarreal,7.0,7.0,1,1,0,0,0,0.01,1,44,4,48,91.67,29,15,7,1,0,0.0,4,1,1,0,0,0,0.0,1,1,0,5,50.0,1,100.0,6,54.55,90,100.0,0,0,0,1,0,0,1,0,1,0,1,0,0,3,50.0,4,0,0,0,10,0,2,1,76,1,2,0,0,2,0,0,0,0,10.48,14,30.89,0,0,0,0,0,3,0,0,0,0,0,0,1,0,0,1,1,1,5,0,0,0,0,6,3,2,50.0,90.0,0,0,0,30,18,0,0.08,0,10,1,1
825838,Armando Obispo,armando-obispo,2952,PSV Eindhoven,7.0,7.0,1,0,0,0,1,0.09,1,72,6,78,92.31,40,32,10,1,0,0.0,2,3,1,0,0,0,0.0,0,0,0,3,50.0,1,33.33,4,44.44,90,0.0,0,0,0,0,0,0,0,0,0,0,0,0,0,7,63.64,2,0,0,0,7,0,10,7,89,1,2,0,0,1,0,0,0,0,10.31,11,31.86,0,0,0,0,0,1,0,0,0,0,0,0,1,0,0,1,0,0,5,2,0,0,0,11,1,0,0.0,0.0,0,0,0,42,36,0,,1,3,1,1
1009372,Georges Mikautadze,georges-mikautadze,2819,Villarreal,7.0,7.0,1,0,0,1,1,0.1,1,24,6,30,80.0,17,7,4,3,2,66.67,2,0,0,0,0,1,100.0,2,0,1,5,62.5,1,50.0,6,60.0,90,0.0,0,0,0,0,0,0,0,0,2,0,0,0,0,3,50.0,1,0,0,2,11,0,3,1,47,1,0,0,0,0,1,1,0,0,11.49,18,31.39,0,0,0,0,0,3,0,0,0,0,0,0,1,0,0,3,3,1,4,1,0,0,0,6,3,1,50.0,0.0,0,0,0,18,12,0,0.46,0,2,0,1
944656,Julián Alvarez,julian-alvarez,2836,Atlético Madrid,7.0,7.0,1,0,1,0,1,0.28,1,26,6,32,81.25,10,16,12,1,2,66.67,0,0,0,0,0,0,0.0,3,3,0,3,42.86,0,0.0,3,37.5,90,0.0,0,0,0,0,0,0,0,0,2,1,0,0,0,3,75.0,0,0,0,1,10,0,4,4,44,1,2,0,0,0,0,0,0,0,11.05,15,32.11,0,0,0,0,0,1,1,0,0,0,0,0,1,0,0,1,3,0,5,1,0,0,0,4,2,0,0.0,0.0,0,0,0,11,21,0,0.26,0,1,0,1
326393,Henrik Bjørdal,henrik-bjordal,1164,Viking FK,7.0,7.0,1,0,0,0,1,0.23,1,18,18,36,50.0,9,9,7,4,1,50.0,2,0,0,0,0,1,100.0,2,1,0,3,42.86,3,42.86,6,42.86,90,0.0,0,0,0,0,0,0,0,0,2,0,0,0,0,0,0.0,1,0,0,0,19,0,7,3,46,0,3,0,0,0,0,1,0,0,12.12,17,31.21,0,0,0,0,0,3,0,0,0,0,0,0,1,0,0,4,2,1,8,4,0,0,0,4,3,0,0.0,0.0,0,0,0,12,24,0,0.13,0,7,1,1
794939,Marc Cucurella,marc-cucurella,2829,Real Madrid,7.0,7.0,1,0,0,0,0,0.01,0,40,2,42,95.24,25,15,7,0,0,0.0,1,0,0,0,0,0,0.0,0,0,0,2,66.67,2,100.0,4,80.0,90,0.0,0,0,0,0,0,0,0,0,0,0,0,0,0,1,50.0,5,0,0,0,2,0,1,0,61,1,0,0,0,1,0,0,0,0,10.51,10,29.84,0,0,0,0,0,1,0,0,0,0,0,0,1,0,0,0,0,0,1,0,0,0,0,2,1,1,100.0,0.0,0,0,0,26,16,0,,0,1,1,1
254491,Ederson,ederson,3052,Fenerbahçe,7.0,7.0,1,0,0,0,0,0.0,0,32,15,47,68.09,26,6,2,1,0,0.0,0,0,0,0,0,0,0.0,0,0,0,0,0.0,0,0.0,0,0.0,90,0.0,0,0,0,0,0,0,0,0,0,0,0,0,0,8,34.78,0,0,0,0,15,0,10,3,59,0,0,0,0,0,0,0,0,2,4.44,0,22.32,0,0,0,2,0,0,1,0,0,0,0,0,1,0,0,1,0,0,0,0,0,0,0,23,1,0,0.0,0.0,0,0,0,29,18,0,,11,10,0,1
836694,Mason Mount,mason-mount,35,Manchester United,7.0,7.0,1,0,0,0,0,0.02,0,41,8,49,83.67,17,24,8,1,1,100.0,1,1,0,0,0,0,0.0,0,0,0,4,66.67,0,0.0,4,66.67,45,0.0,0,0,0,0,0,0,0,0,0,0,0,0,0,0,0.0,1,0,0,1,10,0,1,0,57,2,0,0,0,1,0,0,0,0,5.92,3,28.98,0,0,0,0,0,0,0,0,0,0,0,0,0,0,0,1,1,0,2,0,0,0,0,1,0,0,0.0,0.0,0,0,0,19,30,0,,0,3,0,1
1105779,Andrey Santos,santos-andrey,35,Manchester United,7.0,7.0,1,0,0,0,0,0.01,0,35,1,36,97.22,17,18,4,0,0,0.0,0,1,0,0,0,0,0.0,0,0,0,2,66.67,0,0.0,2,50.0,26,0.0,0,0,0,0,0,0,0,0,0,0,0,0,0,0,0.0,0,0,0,0,2,0,0,0,41,2,0,0,0,0,0,0,0,0,3.82,3,28.76,0,0,0,0,0,0,0,0,0,0,0,0,0,0,0,0,1,0,2,1,0,0,0,0,0,0,0.0,0.0,0,0,0,17,19,0,,0,2,0,1
136710,Mateo Kovačić,mateo-kovacic,17,Manchester City,7.0,7.0,1,0,0,0,0,0.03,0,13,0,13,100.0,2,11,6,0,0,0.0,1,0,0,0,0,0,0.0,0,0,0,1,100.0,0,0.0,1,100.0,15,0.0,0,0,0,0,0,0,0,0,0,0,0,0,0,0,0.0,1,0,0,0,0,0,0,0,15,0,0,0,0,0,0,0,0,0,2.33,3,30.64,0,0,0,0,0,0,0,0,0,0,0,0,0,0,0,0,0,0,0,0,0,0,0,0,0,1,100.0,0.0,0,0,0,2,11,0,,0,2,0,1
1023567,Ilya Zabarnyi,illia-zabarnyi,1644,Paris Saint-Germain,7.0,7.0,1,0,0,0,0,0.01,0,64,4,68,94.12,38,26,12,0,0,0.0,0,1,0,0,0,0,0.0,0,0,0,0,0.0,3,60.0,3,42.86,90,0.0,0,0,0,0,0,0,0,0,0,0,0,0,0,4,66.67,3,0,0,0,4,0,2,1,73,0,1,0,0,1,0,0,0,0,9.63,13,33.55,0,0,0,0,0,1,0,0,0,0,0,0,1,0,0,0,0,0,4,2,0,0,0,6,1,0,0.0,0.0,0,0,0,39,29,0,,0,4,1,1
1445625,Jérémy Jacquet,jeremy-jacquet,44,Liverpool FC,7.0,7.0,1,0,0,0,0,0.02,0,46,1,47,97.87,23,23,9,0,0,0.0,1,2,0,0,0,0,0.0,0,0,0,1,33.33,0,0.0,1,25.0,90,0.0,0,0,0,0,0,0,0,0,0,0,0,0,0,6,100.0,2,0,0,0,2,0,3,3,55,0,2,0,0,0,0,0,0,0,10.08,11,33.08,0,0,0,0,0,0,1,0,0,0,0,0,1,0,0,0,0,0,3,1,0,0,0,6,1,1,100.0,0.0,0,0,0,23,24,0,,0,6,0,1
787751,Robin Le Normand,robin-le-normand,2836,Atlético Madrid,7.0,7.0,1,0,0,0,0,0.0,0,11,2,13,84.62,9,2,1,0,0,0.0,1,1,0,0,0,0,0.0,0,0,0,1,50.0,1,25.0,2,33.33,13,0.0,0,0,0,0,0,0,0,0,0,0,0,0,0,1,50.0,2,0,0,0,2,0,1,1,19,0,1,0,0,0,1,0,0,0,2.06,2,29.92,0,0,0,0,0,0,0,0,0,0,0,0,0,0,0,0,0,0,4,3,0,0,0,2,0,0,0.0,0.0,0,0,0,10,3,0,,0,0,1,1
906275,Yann Bisseck,yann-bisseck,2697,Inter,7.0,7.0,1,0,0,0,0,0.05,0,57,2,59,96.61,25,32,16,1,0,0.0,3,0,1,0,0,0,0.0,0,0,0,4,57.14,1,100.0,5,62.5,90,0.0,0,0,0,0,0,0,0,0,0,0,0,0,0,0,0.0,4,1,0,1,5,0,0,0,73,1,2,0,0,0,0,0,0,0,10.11,16,32.8,0,0,0,0,0,2,0,0,0,0,0,0,1,0,0,1,0,0,3,0,0,0,0,0,2,2,66.67,0.0,0,0,0,26,33,0,,0,4,2,1
974076,Stavros Pilios,stavros-pilios,3250,AEK Athens,7.0,7.0,1,0,0,0,0,,0,38,9,47,80.85,22,16,9,0,1,33.33,1,2,0,0,0,0,0.0,0,0,0,2,50.0,1,100.0,3,60.0,90,0.0,0,0,0,0,0,0,0,0,0,0,0,0,0,2,28.57,3,0,0,0,16,1,7,4,67,0,0,0,0,0,0,0,0,0,10.86,18,32.9,1,0,0,0,0,0,0,0,0,0,0,0,1,0,0,0,3,4,2,0,0,0,0,7,0,1,100.0,0.0,0,0,0,24,23,0,,0,7,0,1
1022374,Henrik Sælebakke Falchener,henrik-saelebakke-falchener,1164,Viking FK,7.0,7.0,1,0,0,0,0,0.0,0,15,1,16,93.75,12,3,0,0,0,0.0,0,1,0,0,0,0,0.0,0,0,0,0,0.0,1,100.0,1,100.0,28,0.0,0,0,0,0,0,0,0,0,0,0,0,0,0,0,0.0,4,0,0,0,1,0,0,0,23,0,0,0,0,0,0,0,0,0,3.75,4,30.24,0,0,0,0,0,0,0,0,0,0,0,0,0,0,0,0,0,0,0,0,0,0,0,1,0,0,0.0,0.0,0,0,0,12,4,0,,0,0,0,1
907172,Jakub Markovič,jakub-markovic,2216,SK Slavia Praha,7.0,7.0,1,0,0,0,0,0.0,0,29,12,41,70.73,16,13,4,0,0,0.0,0,0,0,0,0,0,0.0,0,0,0,0,0.0,0,0.0,0,0.0,90,0.0,0,0,0,0,0,0,0,0,0,0,0,0,0,18,60.0,1,0,0,0,12,0,4,2,52,0,0,0,0,0,0,0,0,4,5.54,1,30.2,0,0,0,3,1,3,0,0,2,2,0,0,1,0,0,0,0,0,0,0,0,0,0,30,3,0,0.0,0.0,0,0,1,19,22,0,,13,11,0,1
1031170,Lukas Jungwirth,lukas-jungwirth,2058,LASK,7.0,7.0,1,0,0,0,0,,0,25,7,32,78.13,24,1,1,0,0,0.0,0,0,0,0,0,0,0.0,0,0,0,0,0.0,1,100.0,1,100.0,90,0.0,0,0,0,0,0,0,0,0,0,0,0,0,0,5,41.67,3,0,0,0,7,0,5,4,42,0,0,0,0,0,0,0,0,2,5.16,0,23.98,0,0,0,2,0,0,1,1,2,2,0,0,1,0,0,0,0,0,0,0,0,0,0,12,1,0,0.0,0.0,0,0,0,26,6,0,,10,10,0,1
917007,Joshua Zirkzee,joshua-zirkzee,35,Manchester United,7.0,7.0,1,0,0,1,0,0.01,0,12,0,12,100.0,5,7,2,0,3,100.0,0,0,0,0,0,0,0.0,3,2,0,4,66.67,1,100.0,5,71.43,26,0.0,0,0,0,0,0,0,0,0,2,1,0,0,0,1,100.0,0,0,0,1,2,0,1,1,22,1,0,0,0,1,0,1,0,0,3.5,2,29.59,0,0,0,0,0,0,0,0,0,0,0,0,0,0,0,0,3,0,2,0,0,0,0,1,0,0,0.0,0.0,0,0,0,5,7,0,0.73,0,0,0,1
1121923,Antonio Nusa,antonio-nusa,36360,RB Leipzig,7.0,7.0,1,0,0,1,0,0.14,0,28,0,28,100.0,6,22,14,2,4,57.14,1,0,0,0,0,1,50.0,4,2,1,8,57.14,0,0.0,8,57.14,90,0.0,0,0,0,0,0,0,0,0,2,2,0,0,0,1,100.0,0,0,0,0,6,0,1,1,51,3,0,0,0,3,1,1,0,0,10.43,14,32.72,0,0,0,0,0,4,0,0,0,0,0,0,1,0,0,2,7,2,6,0,0,0,0,1,4,1,100.0,0.0,0,0,0,6,22,0,0.42,0,2,0,1
826215,Ibrahima Konaté,ibrahima-konate,2829,Real Madrid,7.0,7.0,1,0,0,0,0,0.0,0,26,6,32,81.25,22,4,1,0,0,0.0,1,0,0,0,0,0,0.0,1,0,1,1,50.0,1,100.0,2,66.67,90,0.0,0,0,0,0,0,0,0,0,1,0,0,0,0,1,33.33,5,0,0,0,6,0,2,0,40,0,1,0,0,0,0,0,0,0,9.19,6,30.56,0,0,0,0,0,1,0,0,0,0,0,0,1,0,0,0,0,0,1,0,0,0,0,3,1,1,100.0,0.0,0,0,0,25,7,0,0.08,0,2,1,1
1153315,Leny Yoro,leny-yoro,35,Manchester United,7.0,7.0,1,0,0,0,0,0.0,0,45,4,49,91.84,33,12,2,0,0,0.0,2,2,0,0,0,0,0.0,1,0,1,2,66.67,1,25.0,3,42.86,90,0.0,0,0,0,0,0,0,0,0,1,0,0,0,0,0,0.0,1,0,0,0,4,0,1,0,60,0,2,0,0,0,0,0,0,0,10.3,10,32.58,1,0,0,0,0,0,0,0,0,0,0,0,1,0,0,0,0,0,4,3,0,0,0,1,0,2,100.0,0.0,0,0,0,37,12,0,0.07,0,5,2,1
1048889,Andy Diouf,andy-diouf,2697,Inter,7.0,7.0,1,0,1,0,0,0.25,0,43,9,52,82.69,10,33,27,2,3,100.0,1,0,0,0,0,1,33.33,1,0,1,4,44.44,1,100.0,5,50.0,90,0.0,0,0,0,0,0,0,0,0,1,0,0,0,0,1,50.0,2,0,0,3,17,0,4,1,76,0,0,0,0,2,0,0,0,0,10.17,19,33.88,0,0,0,0,0,2,0,0,0,0,0,0,1,0,0,2,3,3,5,0,0,0,0,2,2,1,100.0,0.0,0,0,0,13,39,0,0.04,0,3,0,1
1546405,Kyllian Antonio,kyllian-antonio,1648,RC Lens,7.0,7.0,1,0,0,0,0,0.02,0,38,7,45,84.44,15,23,9,0,2,66.67,3,4,0,0,0,0,0.0,1,0,0,7,77.78,3,100.0,10,83.33,90,0.0,0,0,0,0,0,0,0,0,0,1,0,0,0,2,40.0,7,0,0,0,9,0,2,1,68,2,1,0,0,0,0,1,0,0,10.17,13,32.72,0,0,0,0,0,0,2,0,0,0,0,0,1,0,0,0,3,1,2,0,0,0,0,5,2,3,100.0,0.0,0,0,0,17,28,0,0.03,0,6,1,1
1564180,Ayyoub Bouaddi,bouaddi-ayyoub,17,Manchester City,7.0,7.0,1,0,0,0,0,0.05,0,54,1,55,98.18,29,25,12,0,1,25.0,3,1,0,0,0,0,0.0,1,0,0,6,50.0,0,0.0,6,46.15,75,0.0,0,0,0,0,0,0,0,0,0,1,0,0,0,0,0.0,1,0,0,1,7,0,4,4,71,2,1,0,0,1,0,1,0,0,9.54,7,29.41,0,0,0,0,0,0,0,0,0,0,0,0,1,0,0,0,4,0,7,1,0,0,0,0,0,2,66.67,0.0,0,0,0,30,25,0,0.03,0,7,0,1
843678,Santi Comesaña,santi-comesana,2819,Villarreal,7.0,7.0,1,0,0,0,0,0.02,0,52,7,59,88.14,29,23,4,0,0,0.0,4,1,0,0,0,0,0.0,1,1,0,5,71.43,3,75.0,8,72.73,90,0.0,0,0,0,0,0,0,0,0,0,1,0,0,0,1,50.0,2,0,0,0,9,0,3,3,72,1,1,0,0,1,0,0,0,0,11.96,11,31.03,0,0,0,0,0,3,0,0,0,0,0,0,1,0,0,0,0,0,3,1,0,0,0,2,3,2,50.0,0.0,0,0,0,33,26,0,0.02,0,5,0,1
152077,John Stones,john-stones,2697,Inter,7.0,7.0,1,0,0,0,0,0.01,0,23,0,23,100.0,14,9,5,0,0,0.0,0,0,0,0,0,0,0.0,1,0,0,0,0.0,2,50.0,2,40.0,45,0.0,0,0,0,0,0,0,0,0,1,0,0,0,0,1,100.0,3,0,0,0,0,0,1,1,27,0,1,0,0,0,0,1,0,0,5.28,7,32.04,0,0,0,0,0,0,0,0,0,0,0,0,0,0,0,0,0,0,3,2,0,0,0,1,0,0,0.0,0.0,0,0,0,14,9,0,0.01,0,1,0,1
979221,Gonçalo Borges,goncalo-borges,2959,Feyenoord,6.9,6.9,1,0,1,0,1,0.38,1,0,0,0,0.0,0,0,0,1,0,0.0,0,0,0,0,0,1,100.0,0,0,0,0,0.0,0,0.0,0,0.0,18,0.0,0,0,0,0,0,0,0,0,0,0,0,0,0,0,0.0,0,0,0,0,2,0,0,0,4,0,0,0,0,0,0,0,0,0,2.53,3,28.4,0,0,0,0,0,1,1,0,0,0,0,0,0,0,0,1,2,1,3,1,0,0,0,0,2,0,0.0,0.0,0,0,0,0,0,0,,0,0,0,1
803039,Donyell Malen,donyell-malen,2702,AS Roma,6.9,6.9,1,0,0,0,1,0.03,1,19,0,19,100.0,4,15,7,1,4,66.67,1,0,0,0,0,0,0.0,4,0,2,5,55.56,1,50.0,6,54.55,87,0.0,0,0,0,0,0,0,0,0,3,1,0,0,0,0,0.0,0,0,0,2,8,1,0,0,37,0,0,0,0,0,0,2,0,0,9.03,7,31.03,0,0,0,0,0,1,0,0,0,0,0,0,1,0,0,1,6,1,5,1,0,0,0,0,1,1,100.0,0.0,0,0,0,4,15,0,0.15,0,2,0,1
1402698,Ethan Mbappé,ethan-mbappe,1643,Lille,6.9,6.9,1,0,1,0,1,0.68,1,13,7,20,65.0,4,9,8,1,2,66.67,1,0,0,1,1,0,0.0,1,0,1,4,80.0,0,0.0,4,80.0,56,0.0,0,0,0,0,0,0,0,0,1,0,0,0,0,0,0.0,0,0,0,0,11,0,3,2,30,1,0,0,0,0,0,0,0,0,6.78,14,31.5,0,0,0,0,0,3,0,0,0,0,0,0,1,0,0,1,3,0,1,0,0,0,0,0,3,1,100.0,0.0,0,0,0,6,14,0,0.03,0,2,0,1
1176744,Dean Huijsen,dean-huijsen,2829,Real Madrid,6.9,6.9,1,0,0,0,0,0.0,0,32,7,39,82.05,27,5,2,0,1,100.0,2,1,1,0,0,0,0.0,0,0,0,3,50.0,2,50.0,5,50.0,90,0.0,0,0,0,0,0,0,0,0,0,0,0,0,0,1,20.0,12,0,0,0,7,0,1,0,58,0,3,0,0,0,0,0,0,0,9.53,7,32.4,0,0,0,0,0,1,0,0,0,0,0,0,1,0,0,0,1,0,5,2,0,0,0,5,1,1,50.0,0.0,0,0,0,28,11,0,,0,1,1,1
1019322,Florian Wirtz,florian-wirtz,44,Liverpool FC,6.9,6.9,1,0,1,0,0,0.09,0,41,5,46,89.13,8,33,15,3,0,0.0,2,1,0,0,0,0,0.0,0,0,0,2,50.0,1,50.0,3,50.0,90,0.0,0,0,0,0,0,0,0,0,0,0,0,0,0,0,0.0,0,0,0,0,15,2,0,0,63,0,1,0,0,1,0,0,0,0,12.3,16,30.46,0,0,0,0,0,0,1,0,0,0,0,0,1,0,0,3,0,2,3,1,0,0,0,0,1,1,50.0,0.0,0,0,0,10,36,0,,0,8,0,1
1194333,Abdukodir Khusanov,abdukodir-khusanov,17,Manchester City,6.9,6.9,1,0,0,0,0,0.0,0,20,2,22,90.91,13,7,1,0,0,0.0,1,0,0,0,0,0,0.0,0,0,0,1,100.0,1,100.0,2,100.0,42,0.0,0,0,0,0,0,0,0,0,0,0,0,0,0,0,0.0,1,0,0,0,2,0,0,0,27,0,0,0,0,0,0,0,0,0,4.8,4,30.31,0,0,0,0,0,0,0,0,0,0,0,0,0,0,0,0,0,0,0,0,0,0,0,1,0,0,0.0,0.0,0,0,0,14,8,0,,0,1,0,1
1063767,Ismael Saibari,ismael-saibari,2672,FC Bayern München,6.9,6.9,1,0,0,0,0,0.03,0,11,1,12,91.67,3,8,7,0,1,50.0,1,0,0,0,0,0,0.0,0,0,0,2,40.0,0,0.0,2,40.0,25,0.0,0,0,0,0,0,0,0,0,0,0,0,0,0,0,0.0,0,0,0,1,5,1,0,0,18,0,1,0,0,0,0,0,0,0,3.52,5,31.25,0,0,0,0,0,0,0,0,0,0,0,0,0,0,0,0,2,0,3,0,0,0,0,0,0,1,100.0,0.0,0,0,0,3,9,0,,0,1,0,1
824509,Gianluigi Donnarumma,gianluigi-donnarumma,17,Manchester City,6.9,6.9,1,0,0,0,0,0.0,0,33,5,38,86.84,27,6,1,0,0,0.0,0,0,1,0,0,0,0.0,0,0,0,0,0.0,0,0.0,0,0.0,90,0.0,0,0,0,0,0,0,0,0,0,0,0,0,0,11,73.33,0,0,0,0,6,0,8,6,42,0,0,0,0,0,0,0,0,0,5.33,0,23.69,1,0,0,0,0,0,0,0,0,0,0,0,1,0,0,0,0,0,0,0,0,0,0,15,0,0,0.0,0.0,0,0,0,31,7,0,,1,4,0,1
979480,Willian Pacho,willian-pacho,1644,Paris Saint-Germain,6.9,6.9,1,0,0,0,0,0.0,0,35,2,37,94.59,28,7,1,0,0,0.0,0,0,0,0,0,0,0.0,0,0,0,0,0.0,2,66.67,2,66.67,64,0.0,0,0,0,0,0,0,0,0,0,0,0,0,0,1,100.0,1,0,0,0,2,0,0,0,41,0,0,0,0,0,0,0,0,0,6.13,9,34.74,0,0,0,0,0,1,0,0,0,0,0,0,1,0,0,0,0,0,1,1,0,0,0,1,1,0,0.0,0.0,0,0,0,30,7,0,,0,7,1,1
964753,Senne Lammens,senne-lammens,35,Manchester United,6.9,6.9,1,0,0,0,0,0.0,0,25,3,28,89.29,22,3,1,0,0,0.0,0,0,0,0,0,0,0.0,0,0,0,0,0.0,0,0.0,0,0.0,90,0.0,0,0,0,0,0,0,0,0,0,0,0,0,0,7,70.0,0,0,0,0,3,0,1,0,34,0,0,0,0,0,0,0,0,0,5.12,0,21.13,1,0,0,0,0,0,0,0,0,0,1,0,1,0,0,0,0,0,0,0,0,0,0,10,0,0,0.0,0.0,0,0,0,22,6,0,,2,6,0,1
138605,Piotr Zieliński,piotr-zielinski,2697,Inter,6.9,6.9,1,0,0,0,0,0.05,0,24,1,25,96.0,2,22,15,1,0,0.0,0,1,0,0,0,0,0.0,0,0,0,0,0.0,0,0.0,0,0.0,30,0.0,0,0,0,0,0,0,0,0,0,0,0,0,0,1,100.0,1,0,0,1,2,0,2,2,31,0,0,0,0,0,0,0,0,0,4.17,6,30.31,0,0,0,0,0,0,0,0,0,0,0,0,0,0,0,1,0,0,1,0,0,0,0,1,0,0,0.0,0.0,0,0,0,2,23,0,,0,2,0,1
863653,Aaron Wan-Bissaka,aaron-wan-bissaka,40,Aston Villa,6.9,6.9,1,0,0,0,0,0.13,0,23,2,25,92.0,12,11,6,1,1,100.0,3,1,0,0,0,1,25.0,0,0,0,4,80.0,0,0.0,4,80.0,68,0.0,0,0,0,1,0,0,0,0,0,0,0,0,0,1,33.33,6,0,0,0,8,0,2,0,47,0,1,0,0,1,0,0,0,0,8.37,11,32.58,0,0,0,0,0,2,0,0,0,0,0,0,1,0,0,1,1,4,1,0,0,0,0,3,2,1,33.33,0.0,0,0,0,12,13,0,,0,2,0,1
907463,Felix Nmecha,felix-nmecha,2673,Borussia Dortmund,6.9,6.9,1,0,0,0,0,0.25,0,48,6,54,88.89,20,28,13,1,0,0.0,2,2,0,0,0,0,0.0,0,0,0,2,50.0,0,0.0,2,50.0,75,0.0,0,0,0,0,0,0,0,0,0,0,0,0,0,4,100.0,0,0,0,1,9,2,1,1,63,0,1,0,0,0,0,0,0,0,10.04,8,30.2,0,0,0,0,0,1,0,0,0,0,0,0,1,0,0,1,0,0,2,0,0,0,0,4,1,2,100.0,0.0,0,0,0,20,34,0,,0,2,0,1
1002813,Yan Couto,yan-couto,2704,Como,6.9,6.9,1,0,1,0,0,0.2,0,31,4,35,88.57,13,18,12,1,1,50.0,1,0,0,0,0,0,0.0,0,0,0,2,40.0,0,0.0,2,40.0,74,0.0,0,0,0,0,0,0,0,0,0,0,0,0,0,2,66.67,3,0,0,0,7,0,4,3,56,0,1,0,0,1,0,0,0,0,8.01,12,32.36,0,0,0,0,0,0,1,0,0,0,0,0,1,0,0,1,2,0,3,0,0,0,0,3,1,1,100.0,0.0,0,0,0,14,21,0,,0,3,0,1
852434,Barnabás Varga,barnabas-varga,3250,AEK Athens,6.9,6.9,1,0,0,1,0,,0,9,12,21,42.86,1,8,6,1,2,66.67,2,1,0,0,0,0,0.0,4,0,1,5,62.5,6,54.55,11,57.89,90,0.0,0,0,0,0,0,0,0,0,4,0,0,0,0,0,0.0,0,0,0,1,16,3,1,0,41,1,1,0,0,0,1,3,0,0,10.36,14,30.13,1,0,0,0,0,0,0,0,0,0,0,0,1,0,0,1,3,0,8,5,0,0,0,0,0,1,50.0,0.0,0,0,0,4,17,0,,0,3,0,1
1146018,Paul Wanner,paul-wanner,2952,PSV Eindhoven,6.9,6.9,1,0,0,0,0,0.01,0,21,4,25,84.0,9,12,4,0,0,0.0,2,1,0,0,0,0,0.0,0,0,0,5,71.43,1,100.0,6,75.0,90,0.0,0,0,0,0,0,0,0,0,0,0,0,0,0,1,100.0,1,0,0,0,6,0,1,0,39,3,2,0,0,0,0,0,0,0,12.33,8,29.77,0,0,0,0,0,1,0,0,0,0,0,0,1,0,0,0,0,1,2,0,0,0,0,1,1,1,50.0,0.0,0,0,0,11,14,0,,0,4,0,1
1387161,Robin Risser,robin-risser,1648,RC Lens,6.9,6.9,1,0,0,0,0,0.0,0,16,11,27,59.26,14,2,0,0,0,0.0,0,0,0,0,0,0,0.0,0,0,0,1,100.0,0,0.0,1,100.0,90,0.0,0,0,0,0,0,0,0,0,0,0,0,0,0,3,21.43,2,0,0,0,12,0,7,2,41,1,0,0,0,0,0,0,0,3,5.08,0,25.96,0,0,0,1,1,0,2,1,3,3,0,0,1,0,0,0,0,0,0,0,0,0,0,14,2,0,0.0,0.0,0,0,0,18,9,0,,1,15,0,1
1471049,Joane Gadou,joane-gadou,2673,Borussia Dortmund,6.9,6.9,1,0,0,0,0,0.02,0,60,3,63,95.24,31,29,11,0,0,0.0,4,2,0,0,0,0,0.0,0,0,0,4,80.0,0,0.0,4,80.0,90,0.0,0,0,0,0,0,0,0,0,0,0,0,0,0,2,66.67,4,0,0,1,4,1,1,1,76,0,0,0,0,0,0,0,0,0,10.74,12,31.97,0,0,0,0,0,2,0,0,0,0,0,0,1,0,0,0,0,0,1,0,0,0,0,3,2,2,50.0,0.0,0,0,0,32,31,0,,0,8,1,1
1085938,Levent Mercan,levent-mercan,3052,Fenerbahçe,6.9,6.9,1,0,0,0,0,0.13,0,10,0,10,100.0,4,6,3,1,0,0.0,0,0,0,0,0,1,100.0,0,0,0,0,0.0,0,0.0,0,0.0,28,0.0,0,0,0,0,0,0,0,0,0,0,0,0,0,2,100.0,0,0,0,0,0,0,1,1,11,0,1,0,0,0,0,0,0,0,4.12,4,29.2,0,0,0,0,0,0,0,0,0,0,0,0,0,0,0,1,0,1,1,0,0,0,0,2,0,0,0.0,0.0,0,0,0,4,6,0,,0,1,0,1
1167835,Aden McCarthy,aden-mccarthy,267828,Sabah FK,6.9,6.9,1,0,0,0,0,0.01,0,47,4,51,92.16,37,10,5,0,0,0.0,1,1,0,0,0,0,0.0,0,0,0,2,40.0,1,33.33,3,37.5,90,0.0,0,0,0,0,0,0,0,0,0,0,0,0,0,3,60.0,5,0,0,0,4,0,4,2,63,1,1,0,0,2,0,0,0,0,10.75,9,30.02,0,0,0,0,0,4,0,0,0,0,0,0,1,0,0,0,0,0,5,2,0,0,0,5,4,1,100.0,0.0,0,0,0,39,12,0,,0,2,2,1
1141754,Issa Doumbia,issa-doumbia,3001,Sporting CP,6.9,6.9,1,0,0,0,0,0.02,0,26,4,30,86.67,15,11,6,0,1,100.0,0,1,0,0,0,0,0.0,0,0,0,1,100.0,0,0.0,1,100.0,74,0.0,0,0,0,0,0,0,0,0,0,0,0,0,0,2,50.0,0,0,0,0,6,0,1,1,37,0,0,0,0,0,0,0,0,0,9.43,8,29.99,0,0,0,0,0,1,0,0,0,0,0,0,1,0,0,0,1,0,0,0,0,0,0,4,1,0,0.0,0.0,0,0,0,16,14,0,,0,2,0,1
248331,Brandon Mechele,brandon-mechele,2888,Club Brugge KV,6.9,6.9,1,0,0,0,0,0.04,0,89,8,97,91.75,49,40,12,0,0,0.0,4,0,0,0,0,0,0.0,0,0,0,4,80.0,2,66.67,6,75.0,90,0.0,0,0,0,0,0,0,0,0,0,0,0,0,0,4,44.44,7,0,0,0,9,0,3,0,112,0,0,0,0,1,0,0,0,0,10.9,13,31.72,0,0,0,0,0,3,0,0,0,0,0,0,1,0,0,0,0,0,2,1,0,0,0,9,3,4,100.0,0.0,0,0,0,51,46,0,,4,3,0,1
1046960,Ryan Flamingo,ryan-flamingo,2952,PSV Eindhoven,6.9,6.9,1,0,0,0,0,0.0,0,18,5,23,78.26,12,6,1,0,0,0.0,1,0,0,0,0,0,0.0,0,0,0,1,50.0,2,100.0,3,75.0,22,0.0,0,0,0,0,0,0,0,0,0,0,0,0,0,1,50.0,1,0,0,1,7,0,1,0,28,0,0,0,0,0,0,0,0,0,2.64,3,29.27,0,0,0,0,0,0,0,0,0,0,0,0,0,0,0,0,0,0,1,0,0,0,0,2,0,1,100.0,0.0,0,0,0,13,10,0,,0,0,0,1
1002448,Han-Beom Lee,han-beom-lee,2888,Club Brugge KV,6.9,6.9,1,0,0,0,0,0.02,0,94,6,100,94.0,67,27,11,0,1,100.0,1,2,0,0,0,0,0.0,0,0,0,3,60.0,4,100.0,7,77.78,90,0.0,0,0,0,0,0,0,0,0,0,0,0,0,0,4,57.14,6,0,0,0,6,1,4,3,114,1,2,0,0,0,0,0,0,0,10.82,12,31.61,0,0,0,0,0,3,0,0,0,0,0,0,1,0,0,0,1,0,2,0,0,0,0,7,3,1,100.0,0.0,0,0,0,68,32,0,,0,4,2,1
1418649,Finn Jeltsch,jeltsch-finn,2677,VfB Stuttgart,6.9,6.9,1,0,0,0,0,0.01,0,47,6,53,88.68,28,19,3,0,0,0.0,1,1,0,0,0,0,0.0,0,0,0,2,40.0,3,75.0,5,55.56,71,0.0,0,0,0,0,0,0,0,0,0,0,0,0,0,3,100.0,3,0,0,0,7,0,3,2,68,1,4,0,0,0,0,0,0,0,8.18,4,30.13,0,0,0,0,0,1,0,0,0,0,0,0,1,0,0,0,0,0,4,1,0,0,0,3,1,1,100.0,0.0,0,0,0,33,20,0,,0,0,2,1
986245,Sergi Cardona,sergi-cardona,2819,Villarreal,6.9,6.9,1,0,0,0,0,0.01,0,21,1,22,95.45,11,10,5,0,0,0.0,3,0,1,0,0,0,0.0,0,0,0,5,62.5,0,0.0,5,62.5,45,0.0,0,0,0,0,0,0,0,0,0,0,0,0,0,1,100.0,1,0,0,1,3,0,0,0,35,2,1,0,0,1,0,0,0,0,5.93,9,30.49,0,0,0,0,0,0,0,0,0,0,0,0,1,0,0,0,0,0,3,0,0,0,0,1,0,1,33.33,0.0,0,0,0,12,10,0,,0,3,0,1
1083407,Silas Andersen,silas-andersen,3001,Sporting CP,6.9,6.9,1,0,0,0,0,0.0,0,11,0,11,100.0,7,4,2,0,0,0.0,1,0,0,0,0,0,0.0,0,0,0,3,75.0,0,0.0,3,75.0,16,0.0,0,0,0,0,0,0,0,0,0,0,0,0,0,0,0.0,2,0,0,0,1,0,0,0,17,2,1,0,0,0,0,0,0,0,2.56,2,28.94,0,0,0,0,0,0,0,0,0,0,0,0,0,0,0,0,0,0,1,0,0,0,0,0,0,0,0.0,0.0,0,0,0,7,4,0,,0,1,0,1
1130942,Félix Lemaréchal,felix-lemarechal,2888,Club Brugge KV,6.9,6.9,1,0,0,0,0,0.0,0,9,2,11,81.82,4,5,4,0,1,100.0,1,0,0,0,0,0,0.0,0,0,0,3,100.0,0,0.0,3,100.0,13,0.0,0,0,0,0,0,0,0,0,0,0,0,0,0,1,100.0,0,0,0,0,2,0,0,0,14,1,0,0,0,0,0,0,0,0,2.36,3,29.52,0,0,0,0,0,0,0,0,0,0,0,0,0,0,0,0,1,0,0,0,0,0,0,1,0,0,0.0,0.0,0,0,0,4,7,0,,0,2,0,1
904850,Valerii Bondar,valerii-bondar,3313,Shakhtar Donetsk,6.9,6.9,1,0,0,0,0,0.01,0,46,3,49,93.88,38,8,2,0,0,0.0,0,0,1,0,0,0,0.0,0,0,0,2,66.67,2,66.67,4,66.67,90,0.0,0,0,0,0,0,0,0,0,0,0,0,0,0,2,40.0,3,0,0,0,4,0,2,0,58,2,1,0,0,0,0,0,0,0,11.06,8,30.96,0,0,0,0,0,1,0,0,0,0,0,0,1,0,0,0,0,0,2,1,0,0,0,5,1,0,0.0,0.0,0,0,0,40,9,0,,0,4,0,1
1199402,Alemão,alemao,2058,LASK,6.9,6.9,1,0,0,0,0,,0,45,2,47,95.74,33,12,4,0,0,0.0,2,2,0,0,0,0,0.0,1,0,1,3,50.0,1,50.0,4,50.0,90,0.0,0,0,0,0,0,0,0,0,1,0,0,0,0,4,100.0,3,0,0,0,3,0,2,2,59,1,2,0,0,0,0,0,0,0,10.11,9,31.68,0,0,0,0,0,0,1,0,0,0,0,0,1,0,0,0,1,0,4,1,0,0,0,4,1,1,50.0,0.0,0,0,0,35,12,0,,0,5,1,1
911848,Lucas Da Cunha,lucas-da-cunha,2704,Como,6.9,6.9,1,0,0,2,0,0.06,0,38,3,41,92.68,23,15,6,0,0,0.0,1,0,0,0,0,0,0.0,3,2,1,1,100.0,0,0.0,1,100.0,65,0.0,0,0,0,0,0,0,0,0,1,2,0,0,0,0,0.0,0,0,0,0,6,0,4,2,52,0,0,0,0,0,0,0,0,0,8.02,11,31.75,0,0,0,0,0,0,1,0,0,0,0,0,1,0,0,0,0,0,0,0,0,0,0,2,1,1,100.0,0.0,0,0,0,23,18,0,0.78,0,1,0,1
1137814,Sergi Altimira,sergi-altimira,3001,Sporting CP,6.9,6.9,1,0,0,1,0,0.01,0,42,6,48,87.5,28,14,3,0,0,0.0,2,5,1,0,0,0,0.0,1,1,0,2,40.0,0,0.0,2,40.0,90,0.0,0,0,0,0,0,0,0,0,1,0,0,0,0,1,50.0,4,0,0,0,9,0,2,1,67,0,1,0,0,1,0,0,0,0,12.36,4,28.3,0,0,0,0,0,1,0,0,0,0,0,0,1,0,0,0,1,0,3,0,0,0,0,2,1,1,50.0,0.0,0,0,0,30,18,0,0.65,0,4,0,1
310874,Vedat Muriqi,vedat-muriqi,3052,Fenerbahçe,6.9,6.9,1,0,1,1,0,0.05,0,17,3,20,85.0,10,7,2,2,1,100.0,0,0,0,0,0,0,0.0,1,1,0,5,55.56,2,33.33,7,46.67,72,0.0,0,0,0,0,0,0,0,0,1,0,0,0,0,1,100.0,0,0,0,1,7,0,1,1,30,4,3,0,0,0,0,0,0,0,7.56,13,31.82,0,0,0,0,0,0,1,0,0,0,0,0,1,0,0,2,1,0,8,4,0,0,0,1,1,0,0.0,0.0,0,0,0,11,9,0,0.48,0,3,0,1
979128,Rayan Cherki,cherki-rayan,17,Manchester City,6.9,6.9,1,0,0,1,0,0.08,0,48,2,50,96.0,14,34,15,1,1,50.0,1,0,0,0,0,0,0.0,1,1,0,2,40.0,1,50.0,3,42.86,62,0.0,0,0,0,0,0,0,0,0,1,0,0,0,0,0,0.0,1,0,0,2,6,1,0,0,60,0,0,0,0,0,0,0,0,0,7.9,11,30.85,0,0,0,0,0,0,0,0,0,0,0,0,1,0,0,1,2,0,4,1,0,0,0,0,0,0,0.0,0.0,0,0,0,14,36,0,0.39,0,3,0,1
826188,Alessandro Bastoni,alessandro-bastoni,2697,Inter,6.9,6.9,1,0,0,1,0,0.11,0,77,3,80,96.25,36,41,29,2,1,100.0,2,0,0,0,0,0,0.0,2,1,1,4,66.67,0,0.0,4,66.67,90,0.0,0,0,0,0,0,0,0,0,1,1,0,0,0,3,60.0,3,0,0,0,6,0,4,3,95,1,1,0,0,1,0,0,0,0,10.57,11,31.97,0,0,0,0,0,2,0,0,0,0,0,0,1,0,0,2,1,2,2,0,0,0,0,5,2,2,100.0,0.0,0,0,0,37,43,0,0.23,1,5,0,1
1473491,Senny Mayulu,mayulu-senny,1644,Paris Saint-Germain,6.9,6.9,1,0,0,0,0,0.19,0,19,3,22,86.36,4,15,10,1,0,0.0,2,1,0,0,0,0,0.0,2,2,0,2,50.0,0,0.0,2,40.0,26,0.0,0,0,0,0,0,0,0,0,1,1,0,0,0,0,0.0,0,0,0,0,5,2,0,0,37,0,0,0,0,0,0,0,0,0,3.72,4,31.72,0,0,0,0,0,0,0,0,0,0,0,0,0,0,0,1,2,0,3,1,0,0,0,0,0,1,50.0,0.0,0,0,0,6,16,0,0.1,0,2,0,1
846036,Ben White,ben-white,42,Arsenal,6.9,6.9,1,0,1,0,0,0.67,0,56,4,60,93.33,8,48,34,3,0,0.0,2,0,0,0,0,0,0.0,1,1,0,3,50.0,0,0.0,3,50.0,82,0.0,0,0,0,0,0,0,0,0,1,0,0,0,0,1,100.0,2,0,1,2,9,1,0,0,77,1,0,0,0,1,0,0,0,0,10.07,11,31.43,0,0,0,0,0,0,0,0,0,0,0,0,1,0,0,3,0,3,3,0,0,0,0,1,0,1,50.0,0.0,0,0,0,10,50,0,0.05,0,5,0,1
879694,Pape Gueye,pape-gueye,2819,Villarreal,6.9,6.9,1,0,0,0,0,0.01,0,46,8,54,85.19,30,16,7,0,0,0.0,3,2,0,0,0,0,0.0,1,0,1,4,66.67,2,100.0,6,75.0,90,0.0,0,0,0,0,0,0,0,0,1,0,0,0,0,3,42.86,1,0,0,1,9,1,5,2,68,1,0,0,0,1,0,0,0,0,11.7,6,28.98,0,0,0,0,0,3,0,0,0,0,0,0,1,0,0,0,0,0,2,0,0,0,0,7,3,2,66.67,0.0,0,0,0,32,22,0,0.05,0,3,3,1
253993,Grischa Prömel,grischa-promel,2677,VfB Stuttgart,6.9,6.9,1,0,0,0,0,0.06,0,61,7,68,89.71,27,34,14,1,0,0.0,2,0,0,0,0,0,0.0,1,0,1,4,66.67,0,0.0,4,50.0,90,0.0,0,0,0,0,0,0,0,0,0,1,0,0,0,0,0.0,2,0,0,1,10,0,1,0,81,2,1,0,0,0,0,0,0,0,12.75,7,29.27,0,0,0,0,0,1,0,0,0,0,0,0,1,0,0,1,0,1,4,2,0,0,0,1,1,0,0.0,0.0,0,0,0,30,38,0,0.03,0,3,1,1
887799,Ivan Lepinjica,ivan-lepinjica,267828,Sabah FK,6.9,6.9,1,0,0,0,0,0.22,0,51,7,58,87.93,24,27,16,1,2,66.67,3,2,1,0,0,0,0.0,1,0,0,6,54.55,0,0.0,6,46.15,90,0.0,0,0,0,0,0,0,0,0,0,1,0,0,0,3,75.0,3,0,0,1,12,0,3,3,78,1,2,0,0,1,0,1,0,0,11.95,4,28.55,0,0,0,0,0,4,0,0,0,0,0,0,1,0,0,1,3,0,7,2,0,0,0,4,4,2,66.67,0.0,0,0,0,27,31,0,0.02,0,10,0,1
126588,Filip Kostić,filip-kostic,2952,PSV Eindhoven,6.9,6.9,1,0,0,0,0,0.01,0,28,5,33,84.85,15,13,3,0,0,0.0,2,1,0,0,0,0,0.0,1,0,0,4,80.0,0,0.0,4,66.67,68,0.0,0,0,0,0,0,0,0,0,0,1,0,0,0,3,75.0,3,0,1,0,9,0,3,1,53,2,1,0,0,0,0,1,0,0,8.5,14,30.96,0,0,0,0,0,1,0,0,0,0,0,0,1,0,0,0,0,3,2,1,0,0,0,4,1,1,50.0,0.0,0,0,0,17,16,0,0.01,0,7,2,1
931278,Rayan Aït-Nouri,rayan-ait-nouri,17,Manchester City,6.8,6.8,1,0,1,0,1,0.09,1,6,0,6,100.0,0,6,5,2,0,0.0,2,0,0,0,0,0,0.0,2,0,1,2,100.0,0,0.0,2,100.0,15,0.0,0,0,0,0,0,0,0,0,1,1,0,0,0,0,0.0,0,0,0,0,2,1,0,0,12,0,0,0,0,0,0,1,0,0,2.23,5,31.32,0,0,0,0,0,0,0,0,0,0,0,0,0,0,0,2,0,0,0,0,0,0,0,0,0,0,0.0,0.0,0,0,0,0,6,0,0.21,0,1,0,1
70988,Thibaut Courtois,thibaut-courtois,2829,Real Madrid,6.8,6.8,1,0,0,0,0,0.0,0,18,12,30,60.0,17,1,0,0,0,0.0,0,0,0,0,0,0,0.0,0,0,0,0,0.0,1,100.0,1,100.0,90,0.0,0,0,0,0,0,0,0,0,0,0,0,0,0,1,7.69,1,0,0,0,12,0,2,0,39,0,0,0,0,0,0,0,0,7,5.01,0,22.03,0,0,0,2,4,1,0,1,0,0,0,0,1,0,0,0,0,0,0,0,0,0,0,13,1,0,0.0,0.0,0,0,3,17,13,0,,10,3,0,1
851284,Rafael Leão,rafael-leao,3061,Galatasaray,6.8,6.8,1,0,0,0,0,0.05,0,11,2,13,84.62,1,10,6,1,3,100.0,0,1,0,0,0,1,33.33,0,0,0,4,80.0,1,50.0,5,71.43,32,0.0,0,0,0,0,0,0,0,0,0,0,0,0,0,0,0.0,0,0,0,1,6,0,1,1,24,1,0,0,0,0,0,0,0,0,4.16,7,30.89,0,0,0,0,0,0,1,0,0,0,0,0,0,0,0,1,3,3,2,1,0,0,0,0,1,0,0.0,0.0,0,0,0,1,12,0,,0,1,0,1
243609,Alisson,alisson,44,Liverpool FC,6.8,6.8,1,0,0,0,0,0.0,0,27,11,38,71.05,22,5,3,0,0,0.0,0,0,0,0,0,0,0.0,0,0,0,0,0.0,0,0.0,0,0.0,90,0.0,0,0,0,0,0,0,0,0,0,0,0,0,0,10,47.62,1,0,0,0,12,0,9,5,44,0,0,0,0,0,0,0,0,3,5.26,0,23.26,0,0,0,2,1,0,1,0,2,2,0,0,1,0,0,0,0,0,0,0,0,0,0,21,1,0,0.0,0.0,0,0,1,25,13,0,,5,8,0,1
892141,Santiago Giménez,santiago-gimenez,3002,FC Porto,6.8,6.8,1,0,0,0,0,0.04,0,2,2,4,50.0,2,0,0,1,0,0.0,1,0,0,0,0,1,100.0,0,0,0,1,50.0,1,100.0,2,66.67,17,0.0,0,0,0,0,0,0,0,0,0,0,0,0,0,0,0.0,1,0,0,1,3,0,0,0,8,0,0,0,0,0,0,0,0,0,2.41,4,29.74,0,0,0,0,0,1,0,0,0,0,0,0,0,0,0,1,0,1,1,0,0,0,0,0,1,0,0.0,0.0,0,0,0,2,2,0,,0,0,0,1
904897,Ryan Gravenberch,ryan-gravenberch,44,Liverpool FC,6.8,6.8,1,0,0,0,0,0.03,0,15,5,20,75.0,7,8,4,0,0,0.0,0,1,0,0,0,0,0.0,0,0,0,2,100.0,0,0.0,2,100.0,21,0.0,0,0,0,0,0,0,0,0,0,0,0,0,0,1,33.33,1,0,0,0,7,0,1,1,26,2,1,0,0,0,0,0,0,0,3.21,3,29.66,0,0,0,0,0,0,0,0,0,0,0,0,0,0,0,0,0,0,0,0,0,0,0,3,0,0,0.0,0.0,0,0,0,8,12,0,,0,1,0,1
1097425,Miloš Kerkez,milos-kerkez,44,Liverpool FC,6.8,6.8,1,0,1,0,0,0.06,0,26,6,32,81.25,7,19,13,1,0,0.0,4,2,0,0,0,0,0.0,0,0,0,4,66.67,0,0.0,4,66.67,88,0.0,0,0,0,0,0,0,0,0,0,0,0,0,0,1,25.0,1,0,0,0,11,0,1,0,52,0,0,0,0,1,0,0,0,0,9.71,18,33.23,0,0,0,0,0,0,1,0,0,0,0,0,1,0,0,1,1,3,2,0,0,0,0,4,1,4,100.0,0.0,0,0,0,9,23,0,,0,5,0,1
69768,Jan Oblak,jan-oblak,2836,Atlético Madrid,6.8,6.8,1,0,0,0,0,0.0,0,25,12,37,67.57,22,3,0,0,0,0.0,0,0,0,0,0,0,0.0,0,0,0,0,0.0,0,0.0,0,0.0,90,0.0,0,0,0,0,0,0,0,0,0,0,0,0,0,4,26.67,1,0,0,0,12,0,4,3,43,0,0,0,0,0,0,0,0,3,5.2,0,23.29,0,0,0,3,0,1,1,0,1,1,0,0,1,0,0,0,0,0,0,0,0,0,0,15,2,0,0.0,0.0,0,0,0,24,13,0,,6,8,0,1
16206,Yann Sommer,yann-sommer,2888,Club Brugge KV,6.8,6.8,1,0,0,0,0,0.0,0,19,2,21,90.48,18,1,1,0,0,0.0,0,0,0,0,0,0,0.0,0,0,0,0,0.0,0,0.0,0,0.0,90,0.0,0,0,0,0,0,0,0,0,0,0,0,0,0,3,60.0,0,1,0,0,2,0,0,0,31,0,1,0,0,1,0,0,0,5,5.37,0,22.9,0,0,0,3,2,3,0,0,1,0,1,0,1,0,0,0,0,0,1,0,0,0,0,5,3,0,0.0,0.0,0,0,2,18,3,0,,1,7,0,1
187205,Milan Škriniar,milan-skriniar,3052,Fenerbahçe,6.8,6.8,1,0,0,0,0,0.0,0,54,5,59,91.53,46,8,1,0,0,0.0,2,2,0,0,0,0,0.0,0,0,0,3,50.0,2,100.0,5,62.5,90,0.0,0,0,0,0,0,0,0,0,0,0,0,0,0,2,50.0,1,0,0,0,6,0,4,2,67,1,1,0,0,2,0,0,0,0,10.17,1,25.96,0,0,0,0,0,0,1,0,0,0,0,0,1,0,0,0,0,0,3,0,0,0,0,4,1,2,100.0,0.0,0,0,0,51,8,0,,1,1,0,1
1091303,Petar Sučić,petar-sucic,2697,Inter,6.8,6.8,1,0,1,0,0,0.21,0,15,4,19,78.95,1,14,10,3,1,100.0,0,0,0,0,0,2,28.57,0,0,0,2,50.0,0,0.0,2,50.0,30,0.0,0,0,0,0,0,0,0,0,0,0,0,0,0,0,0.0,0,0,0,2,12,0,1,0,33,1,0,0,0,0,0,0,0,0,4.56,9,31.61,0,0,0,0,0,0,0,0,0,0,0,0,0,0,0,3,1,7,2,0,0,0,0,0,0,0,0.0,0.0,0,0,0,2,17,0,,0,1,0,1
190159,André Silva,andre-silva,3002,FC Porto,6.8,6.8,1,0,0,0,0,0.0,0,9,8,17,52.94,5,4,2,0,0,0.0,2,0,0,0,0,0,0.0,0,0,0,3,75.0,3,75.0,6,75.0,73,0.0,0,0,0,0,0,0,0,0,0,0,0,0,0,0,0.0,0,0,0,1,13,0,0,0,26,1,0,0,0,0,1,0,0,0,9.14,11,30.56,0,0,0,0,0,1,0,0,0,0,0,0,1,0,0,0,0,0,2,1,0,0,0,1,1,1,50.0,0.0,0,0,0,6,11,0,,0,1,0,1
1129401,Nelson Deossa,nelson-deossa,2816,Real Betis,6.8,6.8,1,0,0,0,0,0.0,0,6,1,7,85.71,2,4,1,1,0,0.0,1,0,0,0,0,0,0.0,0,0,0,1,33.33,1,100.0,2,50.0,9,0.0,0,0,0,0,0,0,0,0,0,0,0,0,0,1,100.0,2,0,0,0,2,0,0,0,14,1,0,0,0,1,0,0,0,0,1.82,4,30.2,0,0,0,0,0,0,0,0,0,0,0,0,0,0,0,1,1,0,2,0,0,0,0,1,0,1,100.0,0.0,0,0,0,2,5,0,,0,1,0,1
986395,Ricardo Pepi,ricardo-pepi,2952,PSV Eindhoven,6.8,6.8,1,0,0,0,0,0.03,0,15,1,16,93.75,6,9,6,1,0,0.0,3,0,0,0,0,0,0.0,0,0,0,3,33.33,2,50.0,5,38.46,83,0.0,0,0,0,0,0,0,0,0,0,0,0,0,0,1,100.0,1,0,0,1,5,2,1,1,27,0,2,0,0,3,1,0,0,0,10.16,14,32.15,0,0,0,0,0,1,0,0,0,0,0,0,1,0,0,1,0,1,8,2,0,0,0,1,1,1,33.33,0.0,0,0,0,7,9,0,,0,3,0,1
907668,Billy Gilmour,billy-gilmour,2714,SSC Napoli,6.8,6.8,1,0,0,0,0,0.01,0,42,6,48,87.5,25,17,6,0,0,0.0,1,0,1,0,0,0,0.0,0,0,0,1,25.0,1,100.0,2,40.0,90,0.0,0,0,0,0,0,0,0,0,0,0,0,0,0,3,42.86,0,0,0,0,8,0,5,3,57,0,1,0,0,1,0,0,0,0,12.0,4,30.53,0,0,0,0,0,0,1,0,0,0,0,0,1,0,0,0,1,0,3,0,0,0,0,7,1,0,0.0,0.0,0,0,0,26,22,0,,0,1,3,1
805078,Mathías Olivera,mathias-olivera,2714,SSC Napoli,6.8,6.8,1,0,0,0,0,0.0,0,40,7,47,85.11,31,9,3,1,1,50.0,2,2,0,0,0,0,0.0,0,0,0,5,83.33,0,0.0,5,83.33,90,0.0,0,0,0,0,0,0,0,0,0,0,0,0,0,1,25.0,1,0,0,0,11,0,0,0,68,2,0,0,0,0,0,0,0,0,11.91,14,31.21,0,0,0,0,0,0,1,0,0,0,0,0,1,0,0,1,2,1,1,0,0,0,0,4,1,1,50.0,0.0,0,0,0,36,11,0,,0,5,0,1
98435,Ross Barkley,ross-barkley,40,Aston Villa,6.8,6.8,1,0,0,0,0,0.0,0,9,1,10,90.0,6,3,2,0,0,0.0,3,0,0,0,0,0,0.0,0,0,0,4,66.67,0,0.0,4,66.67,22,0.0,0,0,0,0,0,0,0,0,0,0,0,0,0,0,0.0,0,0,0,2,3,0,1,1,18,1,0,0,0,0,0,0,0,0,3.42,2,28.15,0,0,0,0,0,0,0,0,0,0,0,0,0,0,0,0,0,0,2,0,0,0,0,0,0,1,33.33,0.0,0,0,0,7,3,0,,0,4,0,1
1138804,Hakon Arnar Haraldsson,hakon-arnar-haraldsson,1643,Lille,6.8,6.8,1,0,0,0,0,0.4,0,36,3,39,92.31,21,15,11,1,0,0.0,0,1,0,0,0,0,0.0,0,0,0,4,40.0,0,0.0,4,36.36,90,0.0,0,0,0,0,0,0,0,0,0,0,0,0,0,0,0.0,0,0,0,1,10,0,1,0,54,4,1,0,0,2,2,0,0,0,12.46,16,31.18,0,0,0,0,0,3,0,0,0,0,0,0,1,0,0,1,2,3,7,1,0,0,0,0,3,0,0.0,0.0,0,0,0,22,17,0,,0,7,0,1
982778,Devyne Rensch,devyne-rensch,2702,AS Roma,6.8,6.8,1,0,0,0,0,0.02,0,29,2,31,93.55,9,20,13,0,0,0.0,1,1,1,0,0,0,0.0,0,0,0,1,33.33,0,0.0,1,33.33,74,0.0,0,0,0,0,0,0,0,0,0,0,0,0,0,0,0.0,0,0,0,0,5,0,0,0,42,0,1,0,0,0,0,0,0,0,8.38,20,32.29,0,0,0,0,0,1,0,0,0,0,0,0,1,0,0,0,1,0,2,0,0,0,0,0,1,0,0.0,0.0,0,0,0,10,21,0,,0,6,1,1
927366,Matěj Kovář,matej-kovar,2952,PSV Eindhoven,6.8,6.8,1,0,0,0,0,0.0,0,23,5,28,82.14,21,2,0,0,0,0.0,1,0,0,0,0,0,0.0,0,0,0,1,100.0,0,0.0,1,100.0,90,0.0,0,0,0,0,0,0,0,0,0,0,0,0,0,6,54.55,0,0,0,0,5,0,5,4,38,0,0,0,0,0,0,0,0,1,5.06,0,23.33,0,0,0,1,0,1,0,0,0,0,1,0,1,0,0,0,0,0,0,0,0,0,0,11,1,0,0.0,0.0,0,0,0,21,7,0,,1,8,0,1
1485599,Newerton Palmares,newerton-palmares,3313,Shakhtar Donetsk,6.8,6.8,1,0,0,0,0,0.35,0,4,0,4,100.0,1,3,2,0,0,0.0,0,0,0,0,0,0,0.0,0,0,0,0,0.0,0,0.0,0,0.0,24,0.0,0,0,0,0,0,0,0,0,0,0,0,0,0,1,100.0,0,0,0,1,1,0,0,0,6,0,0,0,0,0,0,0,0,0,3.08,5,32.51,0,0,0,0,0,0,0,0,0,0,0,0,0,0,0,0,0,0,2,1,0,0,0,1,0,0,0.0,0.0,0,0,0,1,3,0,,0,0,0,1
226974,Marc Kempf,marc-kempf,2704,Como,6.8,6.8,1,0,0,0,0,0.0,0,19,2,21,90.48,15,4,1,0,0,0.0,0,0,0,0,0,0,0.0,0,0,0,0,0.0,1,50.0,1,50.0,24,0.0,0,0,0,0,0,0,0,0,0,0,0,0,0,2,66.67,0,0,0,0,2,0,3,2,21,0,0,0,0,0,0,0,0,0,3.13,2,28.15,0,0,0,0,0,0,0,0,0,0,0,0,0,0,0,0,0,0,1,1,0,0,0,3,0,0,0.0,0.0,0,0,0,16,5,0,,1,0,0,1
1545381,Souleymane Sagnan,souleymane-sagnan,1648,RC Lens,6.8,6.8,1,0,0,0,0,0.0,0,32,6,38,84.21,19,13,1,0,0,0.0,0,0,0,0,0,0,0.0,0,0,0,0,0.0,1,100.0,1,50.0,62,0.0,0,0,0,0,0,0,0,0,0,0,0,0,0,1,50.0,1,0,0,0,12,0,0,0,47,0,1,0,0,0,0,0,0,0,7.07,10,31.28,0,0,0,0,0,0,1,0,0,0,0,0,1,0,0,0,0,1,1,0,0,0,0,2,1,0,0.0,0.0,0,0,0,21,17,0,,5,0,2,1
931742,George Bello,george-bello,2058,LASK,6.8,6.8,1,0,0,0,0,,0,24,3,27,88.89,12,12,4,0,0,0.0,4,0,0,0,0,0,0.0,1,0,0,6,60.0,1,25.0,7,50.0,90,0.0,0,0,0,0,0,0,0,0,1,0,0,0,0,3,100.0,1,0,0,1,9,0,4,3,57,2,3,0,0,0,0,1,0,0,10.32,13,30.53,0,0,0,0,0,0,1,0,0,0,0,0,1,0,0,0,1,4,7,3,0,0,0,3,1,2,50.0,0.0,0,0,0,15,12,0,,0,1,1,1
1046500,Júnior Almeida,erivaldo-almeida,267828,Sabah FK,6.8,6.8,1,0,0,0,0,0.01,0,13,0,13,100.0,8,5,2,0,0,0.0,2,0,0,0,0,0,0.0,0,0,0,2,66.67,0,0.0,2,50.0,15,0.0,0,0,0,0,0,0,0,0,0,0,0,0,0,1,100.0,0,0,0,0,0,0,1,1,18,0,1,0,0,0,0,0,0,0,2.28,2,27.65,0,0,0,0,0,0,0,0,0,0,0,0,0,0,0,0,0,0,2,1,0,0,0,1,0,1,50.0,0.0,0,0,0,8,5,0,,0,1,0,1
978815,Gianni Stensness,gianni-stensness,1164,Viking FK,6.8,6.8,1,0,0,0,0,0.18,0,34,8,42,80.95,21,13,7,0,0,0.0,1,0,0,0,0,0,0.0,0,0,0,1,100.0,2,66.67,3,75.0,90,0.0,0,0,0,0,0,0,0,0,0,0,0,0,0,2,33.33,8,0,0,0,9,0,4,2,53,0,0,0,0,0,0,0,0,0,10.86,12,31.32,0,0,0,0,0,3,0,0,0,0,0,0,1,0,0,0,0,0,1,1,0,0,0,6,3,0,0.0,0.0,0,0,0,23,19,0,,0,4,1,1
592010,Mikel Merino,mikel-merino,42,Arsenal,6.8,6.8,1,0,0,1,0,0.06,0,31,7,38,81.58,12,19,11,1,0,0.0,2,1,0,0,0,0,0.0,2,2,0,3,60.0,2,66.67,5,62.5,65,0.0,0,0,0,0,0,0,0,0,1,1,0,0,0,0,0.0,0,0,0,1,9,0,2,0,53,1,2,0,0,0,0,0,0,0,9.04,9,31.03,0,0,0,0,0,0,0,0,0,0,0,0,1,0,0,1,0,0,3,1,0,0,0,1,0,1,50.0,0.0,0,0,0,14,24,0,0.54,0,3,0,1
966547,Noni Madueke,noni-madueke,42,Arsenal,6.8,6.8,1,0,1,1,0,0.19,0,14,2,16,87.5,1,13,13,1,1,100.0,0,0,0,0,0,0,0.0,2,1,0,1,33.33,0,0.0,1,33.33,17,0.0,0,0,0,0,0,0,0,0,2,0,0,0,0,0,0.0,0,0,0,1,3,0,0,0,21,0,1,0,0,0,0,1,0,0,2.45,5,32.9,0,0,0,0,0,0,0,0,0,0,0,0,0,0,0,1,1,0,2,0,0,0,0,0,0,0,0.0,0.0,0,0,0,1,15,0,0.49,0,0,0,1
566102,Davinson Sánchez,davinson-sanchez,3061,Galatasaray,6.8,6.8,1,0,0,1,0,0.01,0,66,3,69,95.65,44,22,2,0,1,100.0,1,4,0,0,0,0,0.0,1,1,0,3,50.0,1,25.0,4,40.0,90,0.0,0,0,0,0,0,0,0,0,1,0,0,0,0,3,75.0,0,0,0,0,3,0,1,1,82,1,0,0,0,3,0,0,0,0,9.88,11,31.61,0,0,0,0,0,2,1,0,0,0,0,0,1,0,0,0,1,0,6,3,0,0,0,4,3,1,100.0,0.0,0,0,0,44,25,0,0.3,0,9,1,1
859765,Phil Foden,phil-foden,17,Manchester City,6.8,6.8,1,0,1,0,0,0.27,0,40,2,42,95.24,14,26,13,2,0,0.0,1,0,0,0,0,1,33.33,2,1,0,1,20.0,0,0.0,1,20.0,75,0.0,0,0,0,0,0,0,0,0,2,0,0,0,0,3,75.0,1,0,0,2,10,0,2,2,59,0,1,0,0,0,0,1,0,0,9.81,12,31.97,0,0,0,0,0,0,0,0,0,0,0,0,1,0,0,2,1,3,4,0,0,0,0,4,0,0,0.0,0.0,0,0,0,15,27,0,0.24,0,2,0,1
795228,Odsonne Édouard,odsonne-edouard,1648,RC Lens,6.8,6.8,1,0,0,1,0,0.07,0,5,2,7,71.43,1,4,4,1,2,50.0,2,1,0,0,0,0,0.0,2,1,0,4,66.67,0,0.0,4,57.14,28,0.0,0,0,0,0,0,0,0,0,2,0,0,0,0,0,0.0,0,0,0,0,6,1,0,0,21,0,0,0,0,0,0,1,0,0,3.31,3,29.16,0,0,0,0,0,0,1,0,0,0,0,0,0,0,0,1,4,0,3,1,0,0,0,0,1,2,100.0,0.0,0,0,0,2,5,0,0.17,0,2,1,1
1145642,Víctor Muñoz,victor-munoz,44,Liverpool FC,6.8,6.8,1,0,0,0,0,0.0,0,3,2,5,60.0,1,2,0,0,1,50.0,0,0,0,0,0,0,0.0,1,1,0,2,66.67,0,0.0,2,66.67,30,0.0,0,0,0,0,0,0,0,0,1,0,0,0,0,0,0.0,0,0,0,0,6,0,0,0,13,1,0,0,0,0,0,0,0,0,4.07,10,31.86,0,0,0,0,0,0,0,0,0,0,0,0,0,0,0,0,2,0,1,0,0,0,0,0,0,0,0.0,0.0,0,0,0,2,3,0,0.13,0,3,0,1
1184054,Kodai Sano,kodai-sano,2952,PSV Eindhoven,6.8,6.8,1,0,0,0,0,0.07,0,30,5,35,85.71,10,20,9,2,1,33.33,2,2,0,0,0,0,0.0,2,1,1,3,37.5,1,100.0,4,44.44,90,0.0,0,0,0,0,0,0,0,0,1,1,0,0,0,3,100.0,2,0,0,3,12,0,2,2,58,0,0,0,0,0,0,0,0,0,11.86,10,30.02,0,0,0,0,0,1,0,0,0,0,0,0,1,0,0,2,3,1,5,0,0,0,0,3,1,2,100.0,0.0,0,0,0,11,24,0,0.11,0,6,0,1
149663,Nathan Aké,nathan-ake,3052,Fenerbahçe,6.8,6.8,1,0,0,0,0,0.0,0,39,2,41,95.12,34,5,0,0,0,0.0,2,0,0,0,0,0,0.0,1,0,1,2,100.0,2,100.0,4,100.0,90,0.0,0,0,0,0,0,0,0,0,1,0,0,0,0,0,0.0,3,0,0,0,3,0,0,0,48,0,0,1,0,0,0,0,0,0,10.45,4,29.12,0,0,0,0,0,0,1,0,0,0,0,0,1,0,0,0,0,0,0,0,0,0,0,0,1,2,100.0,0.0,0,0,0,36,5,0,0.07,0,3,0,1
363856,Nicolò Barella,nicolo-barella,2697,Inter,6.8,6.8,1,0,0,0,0,0.21,0,48,4,52,92.31,11,37,23,2,0,0.0,0,1,0,0,0,3,100.0,1,0,1,2,66.67,1,33.33,3,50.0,60,0.0,0,0,0,0,0,0,0,0,0,1,0,0,0,3,100.0,0,0,0,1,7,0,2,2,65,2,0,0,0,0,0,0,0,0,8.02,5,29.3,0,0,0,0,0,2,0,0,0,0,0,0,1,0,0,2,0,3,3,2,0,0,0,3,2,0,0.0,0.0,0,0,0,13,39,0,0.04,0,4,0,1
1010505,Gabri Veiga,gabri-veiga,3002,FC Porto,6.8,6.8,1,0,0,0,0,0.05,0,25,8,33,75.76,16,9,6,0,1,33.33,4,0,0,0,0,1,100.0,1,0,1,7,53.85,0,0.0,7,53.85,83,0.0,0,0,0,0,0,0,0,0,0,1,0,0,0,0,0.0,1,0,0,0,15,0,2,0,51,2,2,0,0,2,0,0,0,0,10.91,19,32.15,0,0,0,0,0,1,0,0,0,0,0,0,1,0,0,0,3,1,6,0,0,0,0,2,1,3,75.0,0.0,0,0,0,17,16,0,0.02,0,5,0,1
1861975,Lennart Karl,lennart-karl,2672,FC Bayern München,6.7,6.7,1,0,0,0,1,0.01,1,6,1,7,85.71,0,6,4,1,1,33.33,0,0,0,0,0,0,0.0,0,0,0,1,33.33,0,0.0,1,33.33,10,0.0,0,0,0,0,0,0,0,0,0,0,0,0,0,0,0.0,0,0,0,0,4,0,0,0,11,0,0,0,0,0,0,0,0,0,1.55,2,28.26,0,0,0,0,0,0,0,0,0,0,0,0,0,0,0,1,3,0,2,0,0,0,0,0,0,0,0.0,0.0,0,0,0,0,7,0,,0,0,0,1
1031259,Christos Tzolis,christos-tzolis,42,Arsenal,6.7,6.7,1,0,0,1,1,0.06,1,10,1,11,90.91,4,6,5,2,0,0.0,0,0,0,0,0,0,0.0,3,2,1,1,50.0,0,0.0,1,50.0,24,0.0,0,0,0,0,0,0,0,0,3,0,0,0,0,0,0.0,0,0,0,1,3,0,0,0,17,1,0,0,0,0,0,0,0,0,3.65,8,31.46,0,0,0,0,0,0,0,0,0,0,0,0,0,0,0,2,0,0,1,0,0,0,0,0,0,0,0.0,0.0,0,0,0,4,7,0,0.77,0,1,0,1
930267,Joan García,joan-garcia,2817,FC Barcelona,6.7,6.7,1,0,0,0,0,0.0,0,20,1,21,95.24,20,0,0,0,0,0.0,0,0,0,0,0,0,0.0,0,0,0,0,0.0,0,0.0,0,0.0,90,0.0,0,0,0,0,0,0,0,0,0,0,0,0,0,1,50.0,0,0,0,0,1,0,1,1,24,0,0,0,0,0,0,0,0,1,5.45,0,25.88,0,0,0,1,0,1,0,0,0,0,0,0,1,0,0,0,0,0,0,0,0,0,0,2,1,0,0.0,0.0,0,0,0,21,0,0,,1,4,0,1
151545,Virgil van Dijk,virgil-van-dijk,44,Liverpool FC,6.7,6.7,1,0,0,0,0,0.01,0,43,4,47,91.49,20,23,8,0,0,0.0,0,0,0,0,0,0,0.0,0,0,0,0,0.0,2,66.67,2,40.0,90,0.0,0,0,0,0,0,0,0,0,0,0,0,0,0,2,40.0,6,0,0,0,4,0,1,0,54,0,1,0,0,1,0,0,0,0,9.77,9,30.67,0,0,0,0,0,0,1,0,0,0,0,0,1,0,0,0,0,0,3,1,0,0,0,5,1,0,0.0,0.0,0,0,0,20,27,0,,1,4,0,1
945122,Matheus Nunes,matheus-nunes,17,Manchester City,6.7,6.7,1,0,1,0,0,0.17,0,46,4,50,92.0,20,26,14,1,0,0.0,0,0,0,0,0,1,100.0,0,0,0,0,0.0,2,50.0,2,40.0,90,0.0,0,0,0,0,0,0,0,0,0,0,0,0,0,0,0.0,1,0,0,1,7,1,1,0,62,0,0,0,0,0,0,0,0,0,11.05,12,31.64,1,0,0,0,0,0,0,0,0,0,0,0,1,0,0,1,0,1,3,2,0,0,0,1,0,0,0.0,0.0,0,0,0,20,30,0,,0,4,0,1
1108441,Lucas Beraldo,lucas-beraldo,1644,Paris Saint-Germain,6.7,6.7,1,0,0,0,0,0.01,0,13,1,14,92.86,6,7,4,0,0,0.0,0,0,0,0,0,0,0.0,0,0,0,0,0.0,0,0.0,0,0.0,17,0.0,0,0,0,0,0,0,0,0,0,0,0,0,0,0,0.0,1,0,0,0,2,0,1,0,17,0,0,0,0,0,0,0,0,0,2.67,3,28.33,0,0,0,0,0,0,0,0,0,0,0,0,0,0,0,0,0,0,0,0,0,0,0,1,0,0,0.0,0.0,0,0,0,6,8,0,,0,2,0,1
974087,Manu Koné,manu-kone,2702,AS Roma,6.7,6.7,1,0,1,0,0,0.03,0,42,1,43,97.67,18,24,5,2,0,0.0,1,3,0,0,0,0,0.0,0,0,0,2,50.0,0,0.0,2,50.0,53,0.0,0,0,0,0,0,0,0,0,0,0,0,0,0,1,100.0,0,0,0,0,1,1,1,1,49,1,1,0,0,1,0,0,0,0,,,,0,0,0,0,0,1,0,0,0,0,0,0,1,0,0,2,0,0,2,0,0,0,0,1,1,1,100.0,0.0,0,0,0,18,25,0,,0,1,0,1
831799,Nahuel Molina,nahuel-molina,2702,AS Roma,6.7,6.7,1,0,0,0,0,0.02,0,16,4,20,80.0,6,10,7,0,0,0.0,1,0,0,0,0,0,0.0,0,0,0,1,50.0,0,0.0,1,50.0,16,0.0,0,0,0,0,0,0,0,0,0,0,0,0,0,0,0.0,0,0,0,0,5,0,0,0,24,0,0,0,0,1,0,0,0,0,2.46,4,29.12,0,0,0,0,0,0,0,0,0,0,0,0,0,0,0,0,0,0,1,0,0,0,0,0,0,1,100.0,0.0,0,0,0,7,13,0,,0,1,0,1
786259,Kostas Tsimikas,kostas-tsimikas,44,Liverpool FC,6.7,6.7,1,0,0,0,0,0.01,0,5,0,5,100.0,2,3,2,0,0,0.0,0,2,0,0,0,0,0.0,0,0,0,0,0.0,0,0.0,0,0.0,8,0.0,0,0,0,0,0,0,0,0,0,0,0,0,0,0,0.0,1,0,0,0,1,0,0,0,10,0,0,0,0,0,0,0,0,0,0.95,2,29.88,0,0,0,0,0,0,0,0,0,0,0,0,0,0,0,0,1,0,1,0,0,0,0,0,0,0,0.0,0.0,0,0,0,2,3,0,,0,0,0,1
177177,Alejandro Grimaldo,alex-grimaldo,2836,Atlético Madrid,6.7,6.7,1,0,0,0,0,0.16,0,14,5,19,73.68,6,8,4,2,0,0.0,1,1,0,0,0,3,100.0,0,0,0,2,100.0,0,0.0,2,66.67,31,0.0,0,0,0,0,0,0,0,0,0,0,0,0,0,1,25.0,0,0,1,0,5,0,3,1,30,1,0,0,0,0,0,0,0,0,4.42,8,32.0,0,0,0,0,0,0,0,0,0,0,0,0,0,0,0,2,0,3,1,1,0,0,0,4,0,0,0.0,0.0,0,0,0,8,11,0,,0,2,0,1
850993,David Neres,david-neres,2714,SSC Napoli,6.7,6.7,1,0,0,0,0,0.02,0,7,1,8,87.5,2,5,2,0,0,0.0,0,0,0,0,0,0,0.0,0,0,0,1,50.0,0,0.0,1,50.0,14,0.0,0,0,0,0,0,0,0,0,0,0,0,0,0,0,0.0,0,0,0,0,1,0,1,1,11,1,1,0,0,0,0,0,0,0,2.37,4,31.03,0,0,0,0,0,0,0,0,0,0,0,0,0,0,0,0,0,0,1,0,0,0,0,0,0,0,0.0,0.0,0,0,0,2,6,0,,0,2,0,1
96538,Lucas Digne,lucas-digne,1644,Paris Saint-Germain,6.7,6.7,1,0,0,0,0,0.0,0,16,0,16,100.0,6,10,3,0,0,0.0,1,1,0,0,0,0,0.0,0,0,0,1,33.33,0,0.0,1,33.33,26,0.0,0,0,0,0,0,0,0,0,0,0,0,0,0,0,0.0,0,0,0,0,1,0,0,0,20,0,2,0,0,0,0,0,0,0,3.62,5,29.05,0,0,0,0,0,0,0,0,0,0,0,0,0,0,0,0,0,0,2,0,0,0,0,0,0,1,100.0,0.0,0,0,0,6,10,0,,0,0,0,1
352370,Lucas Hernández,lucas-hernandez,1644,Paris Saint-Germain,6.7,6.7,1,0,0,0,0,0.0,0,15,2,17,88.24,14,1,0,0,0,0.0,0,0,0,0,0,0,0.0,0,0,0,0,0.0,0,0.0,0,0.0,26,0.0,0,0,0,0,0,0,0,0,0,0,0,0,0,0,0.0,0,0,0,0,2,0,2,1,17,0,0,0,0,0,0,0,0,0,3.1,1,25.99,0,0,0,0,0,0,0,0,0,0,0,0,0,0,0,0,0,0,0,0,0,0,0,0,0,0,0.0,0.0,0,0,0,15,2,0,,0,0,0,1
787505,Benjamin Pavard,benjamin-pavard,2697,Inter,6.7,6.7,1,0,0,0,0,0.01,0,33,2,35,94.29,19,14,9,0,0,0.0,1,0,0,0,0,0,0.0,0,0,0,1,50.0,1,100.0,2,66.67,45,0.0,0,0,0,0,0,0,0,0,0,0,0,0,0,0,0.0,2,0,0,0,3,0,0,0,39,0,1,0,0,0,0,0,0,0,5.0,5,31.14,0,0,0,0,0,2,0,0,0,0,0,0,1,0,0,0,0,0,1,0,0,0,0,0,2,1,100.0,0.0,0,0,0,19,16,0,,0,0,0,1
857738,Yunus Akgün,yunus-akgun,3061,Galatasaray,6.7,6.7,1,0,0,0,0,0.53,0,38,7,45,84.44,4,34,15,2,1,100.0,1,0,0,0,0,1,100.0,0,0,0,2,40.0,0,0.0,2,40.0,84,0.0,0,0,0,0,0,0,0,0,0,0,0,0,0,1,100.0,0,0,0,1,8,0,6,5,51,0,0,0,0,2,0,0,0,0,9.63,10,32.08,0,0,0,0,0,2,1,0,0,0,0,0,1,0,0,2,1,1,3,0,0,0,0,1,3,1,100.0,0.0,0,0,0,4,41,0,,0,0,0,1
1461595,Harry Amass,amass-harry,35,Manchester United,6.7,6.7,1,0,0,0,0,0.0,0,16,0,16,100.0,6,10,4,1,0,0.0,1,0,0,0,0,0,0.0,0,0,0,2,66.67,0,0.0,2,50.0,18,0.0,0,0,0,0,0,0,0,0,0,0,0,0,0,0,0.0,1,0,0,1,3,0,0,0,22,1,0,0,0,0,0,0,0,0,2.89,6,30.89,0,0,0,0,0,0,0,0,0,0,0,0,0,0,0,1,0,1,2,1,0,0,0,0,0,1,100.0,0.0,0,0,0,6,10,0,,0,2,0,1
1048916,Lesley Ugochukwu,lesley-ugochukwu,3061,Galatasaray,6.7,6.7,1,0,0,0,0,0.01,0,7,0,7,100.0,1,6,4,0,0,0.0,1,0,0,0,0,0,0.0,0,0,0,1,100.0,0,0.0,1,100.0,10,0.0,0,0,0,0,0,0,0,0,0,0,0,0,0,0,0.0,0,0,0,0,0,0,0,0,10,0,0,0,0,0,0,0,0,0,1.44,1,26.21,0,0,0,0,0,0,0,0,0,0,0,0,0,0,0,0,0,0,0,0,0,0,0,0,0,0,0.0,0.0,0,0,0,1,6,0,,0,0,0,1
962364,Lorenzo Lucca,lorenzo-lucca,2714,SSC Napoli,6.7,6.7,1,0,0,0,0,0.0,0,3,0,3,100.0,2,1,1,0,0,0.0,0,0,1,0,0,0,0.0,0,0,0,1,33.33,0,0.0,1,33.33,13,0.0,0,0,0,0,0,0,0,0,0,0,0,0,0,1,100.0,0,0,0,0,1,0,0,0,6,1,1,0,0,0,0,0,0,0,2.23,3,30.1,0,0,0,0,0,0,0,0,0,0,0,0,0,0,0,0,1,0,2,0,0,0,0,1,0,0,0.0,0.0,0,0,0,2,1,0,,0,1,1,1
146866,Gerard Moreno,gerard-moreno,2819,Villarreal,6.7,6.7,1,0,0,0,0,0.02,0,7,4,11,63.64,0,7,4,0,0,0.0,0,0,0,0,0,0,0.0,0,0,0,1,100.0,1,100.0,2,100.0,13,0.0,0,0,0,0,0,0,0,0,0,0,0,0,0,0,0.0,0,0,0,0,4,0,2,0,12,1,0,0,0,0,0,0,0,0,1.5,1,25.92,0,0,0,0,0,1,0,0,0,0,0,0,0,0,0,0,0,0,0,0,0,0,0,0,1,0,0.0,0.0,0,0,0,0,11,0,,0,0,0,1
1126512,Zeno Debast,zeno-debast,3001,Sporting CP,6.7,6.7,1,0,0,0,0,0.0,0,2,0,2,100.0,2,0,0,0,0,0.0,0,0,0,0,0,0,0.0,0,0,0,0,0.0,0,0.0,0,0.0,11,0.0,0,0,0,0,0,0,0,0,0,0,0,0,0,0,0.0,0,0,0,0,0,0,0,0,2,0,0,0,0,0,0,0,0,0,1.05,1,25.78,0,0,0,0,0,0,0,0,0,0,0,0,0,0,0,0,0,0,0,0,0,0,0,0,0,0,0.0,0.0,0,0,0,2,0,0,,0,0,0,1
332155,Amir Rrahmani,amir-rrahmani,2714,SSC Napoli,6.7,6.7,1,0,0,0,0,0.0,0,60,5,65,92.31,48,12,2,0,0,0.0,0,0,0,0,0,0,0.0,0,0,0,1,100.0,2,66.67,3,75.0,90,0.0,0,0,0,0,0,0,0,0,0,0,0,0,0,2,40.0,7,0,1,0,6,0,3,1,75,1,0,0,0,0,0,0,0,0,10.24,5,30.38,0,0,0,0,0,0,1,0,0,0,0,0,1,0,0,0,0,0,1,1,0,0,0,5,1,0,0.0,0.0,0,0,0,48,17,0,,0,2,1,1
2119726,Renato Nhaga,renato-nhaga,3061,Galatasaray,6.7,6.7,1,0,0,0,0,0.0,0,12,0,12,100.0,3,9,2,0,0,0.0,0,0,0,0,0,0,0.0,0,0,0,2,50.0,0,0.0,2,50.0,11,0.0,0,0,0,0,0,0,0,0,0,0,0,0,0,0,0.0,0,0,0,0,0,0,0,0,14,2,2,0,0,0,0,0,0,0,1.55,1,25.63,0,0,0,0,0,0,0,0,0,0,0,0,0,0,0,0,0,0,2,0,0,0,0,0,0,0,0.0,0.0,0,0,0,3,9,0,,0,1,0,1
976421,Castello Lukeba,castello-lukeba,36360,RB Leipzig,6.7,6.7,1,0,0,0,0,0.24,0,77,5,82,93.9,45,32,13,1,1,100.0,2,4,0,0,0,0,0.0,0,0,0,5,62.5,1,50.0,6,60.0,90,0.0,0,0,0,0,0,0,0,0,0,0,0,0,0,2,50.0,5,0,0,2,7,0,3,1,100,2,0,0,0,1,0,0,0,0,9.74,16,33.08,0,0,0,0,0,4,0,0,0,0,0,0,1,0,0,1,1,0,4,1,0,0,0,4,4,2,100.0,0.0,0,0,0,48,34,0,,0,1,1,1
1175821,Niccolò Pisilli,niccolo-pisilli,2702,AS Roma,6.7,6.7,1,0,0,0,0,0.01,0,52,2,54,96.3,30,22,9,0,0,0.0,1,0,0,0,0,0,0.0,0,0,0,1,50.0,0,0.0,1,33.33,37,0.0,0,0,0,0,0,0,0,0,0,0,0,0,0,1,50.0,0,0,0,0,4,0,2,1,60,0,1,0,0,0,0,0,0,0,4.84,5,30.24,0,0,0,0,0,0,0,0,0,0,0,0,0,0,0,0,0,1,2,1,0,0,0,2,0,0,0.0,0.0,0,0,0,31,23,0,,0,2,0,1
913401,Nehuén Pérez,nehuen-perez,3002,FC Porto,6.7,6.7,1,0,0,0,0,0.0,0,27,3,30,90.0,19,8,2,0,0,0.0,2,0,0,0,0,0,0.0,0,0,0,3,75.0,2,66.67,5,71.43,90,0.0,0,0,0,0,0,0,0,0,0,0,0,0,0,1,33.33,1,0,0,0,4,0,1,0,39,1,0,0,0,0,0,0,0,0,10.13,7,30.13,0,0,0,0,0,2,0,0,0,0,0,0,1,0,0,0,1,0,2,1,0,0,0,3,2,2,100.0,0.0,0,0,0,20,10,0,,0,4,2,1
799046,Waldemar Anton,waldemar-anton,2673,Borussia Dortmund,6.7,6.7,1,0,0,0,0,0.01,0,46,3,49,93.88,35,11,4,0,0,0.0,4,2,1,0,0,0,0.0,0,0,0,5,62.5,2,66.67,7,63.64,90,0.0,0,0,0,0,0,0,0,0,0,0,0,0,0,2,66.67,5,0,0,0,4,1,4,4,65,1,2,0,0,1,0,0,0,0,10.98,8,30.46,0,0,0,0,0,2,0,0,0,0,0,0,1,0,0,0,0,0,4,1,0,0,0,3,2,3,75.0,0.0,0,0,0,38,11,0,,1,5,1,1
1167818,Iván Fresneda,ivan-fresneda,3001,Sporting CP,6.7,6.7,1,0,0,0,0,0.0,0,0,1,1,0.0,0,0,0,0,0,0.0,1,0,0,0,0,0,0.0,0,0,0,2,50.0,0,0.0,2,50.0,11,0.0,0,0,0,0,0,0,0,0,0,0,0,0,0,0,0.0,1,0,0,0,2,0,0,0,7,1,2,0,0,0,0,0,0,0,1.45,2,26.89,0,0,0,0,0,0,0,0,0,0,0,0,0,0,0,0,0,0,2,0,0,0,0,0,0,0,0.0,0.0,0,0,0,0,1,0,,0,0,0,1
1979970,Ameen Al-Dakhil,al-dhakil,2677,VfB Stuttgart,6.7,6.7,1,0,0,0,0,0.0,0,3,0,3,100.0,1,2,0,0,0,0.0,0,1,0,0,0,0,0.0,0,0,0,0,0.0,0,0.0,0,0.0,8,0.0,0,0,0,0,0,0,0,0,0,0,0,0,0,1,100.0,0,0,0,0,0,0,0,0,4,0,1,0,0,0,0,0,0,0,1.01,0,24.62,0,0,0,0,0,0,0,0,0,0,0,0,0,0,0,0,0,0,1,0,0,0,0,1,0,0,0.0,0.0,0,0,0,1,2,0,,0,0,0,1
916943,Ramon Hendriks,ramon-hendriks,2677,VfB Stuttgart,6.7,6.7,1,0,0,0,0,0.0,0,9,1,10,90.0,8,1,1,0,0,0.0,0,1,0,0,0,0,0.0,0,0,0,0,0.0,0,0.0,0,0.0,19,0.0,0,0,0,0,0,0,0,0,0,0,0,0,0,0,0.0,2,0,0,0,1,0,0,0,14,0,0,0,0,0,0,0,0,0,2.64,5,32.04,0,0,0,0,0,0,0,0,0,0,0,0,0,0,0,0,0,0,0,0,0,0,0,0,0,0,0.0,0.0,0,0,0,8,2,0,,0,2,0,1
123179,Ivan Schranz,ivan-schranz,2216,SK Slavia Praha,6.7,6.7,1,0,0,0,0,,0,0,0,0,0.0,0,0,0,0,0,0.0,1,0,0,0,0,0,0.0,0,0,0,1,100.0,1,100.0,2,100.0,14,0.0,0,0,0,0,0,0,0,0,0,0,0,0,0,0,0.0,1,0,0,0,1,0,0,0,4,0,0,0,0,0,0,0,0,0,1.38,2,30.13,0,0,0,0,0,2,0,0,0,0,0,0,0,0,0,0,0,0,0,0,0,0,0,0,2,1,100.0,0.0,0,0,0,0,0,0,,0,0,0,1
822749,Joe Bell,joe-bell,1164,Viking FK,6.7,6.7,1,0,0,0,0,0.14,0,21,3,24,87.5,12,9,3,2,0,0.0,3,1,1,0,0,1,100.0,0,0,0,4,57.14,0,0.0,4,57.14,62,0.0,0,0,0,0,0,0,0,0,0,0,0,0,0,2,66.67,1,0,0,1,4,1,3,2,34,1,2,0,0,0,0,0,0,0,8.52,6,28.4,0,0,0,0,0,3,0,0,0,0,0,0,1,0,0,2,0,1,3,0,0,0,0,3,3,3,100.0,0.0,0,0,0,14,10,0,,0,3,0,1
913584,Joshua Kitolano,joshua-kitolano,656,Bodø/Glimt,6.7,6.7,1,0,0,0,0,0.04,0,26,5,31,83.87,6,20,10,0,0,0.0,2,2,0,0,0,0,0.0,0,0,0,3,50.0,0,0.0,3,50.0,71,0.0,0,0,0,0,0,0,0,0,0,0,0,0,0,0,0.0,4,0,0,0,5,0,1,1,40,1,1,0,0,2,0,0,0,0,9.28,8,31.57,0,0,0,0,0,2,0,0,0,0,0,0,1,0,0,0,0,0,3,0,0,0,0,0,2,1,50.0,0.0,0,0,0,9,22,0,,0,1,0,1
963084,David Zima,david-zima,2216,SK Slavia Praha,6.7,6.7,1,0,0,0,0,0.0,0,13,4,17,76.47,8,5,0,0,0,0.0,0,0,0,0,0,0,0.0,0,0,0,1,50.0,0,0.0,1,33.33,45,0.0,0,0,0,0,0,0,0,0,0,0,0,0,0,2,50.0,3,0,0,0,4,0,0,0,24,1,1,0,0,0,0,0,0,0,6.12,5,29.05,0,0,0,0,0,0,0,0,0,0,0,0,1,0,0,0,0,0,2,1,0,0,0,4,0,0,0.0,0.0,0,0,0,10,7,0,,0,3,0,1
1613802,Vetle Auklend,auklend-vetle,1164,Viking FK,6.7,6.7,1,0,0,0,0,0.0,0,8,4,12,66.67,2,6,3,0,0,0.0,0,0,0,0,0,0,0.0,0,0,0,0,0.0,0,0.0,0,0.0,19,0.0,0,0,0,0,0,0,0,0,0,0,0,0,0,0,0.0,2,0,0,0,5,0,1,0,18,0,0,0,0,1,0,0,0,0,2.9,3,30.89,0,0,0,0,0,0,0,0,0,0,0,0,0,0,0,0,0,0,1,0,0,0,0,0,0,0,0.0,0.0,0,0,0,3,9,0,,0,1,0,1
1104216,Christoph Lang,christoph-lang,2058,LASK,6.7,6.7,1,0,0,1,0,,0,13,1,14,92.86,5,8,5,1,1,100.0,1,0,0,0,0,0,0.0,1,1,0,3,60.0,0,0.0,3,42.86,74,0.0,0,0,0,0,0,0,0,0,1,0,0,0,0,0,0.0,0,0,0,1,5,0,0,0,27,1,0,0,0,1,0,0,0,0,9.0,13,32.54,0,0,0,0,0,0,1,0,0,0,0,0,1,0,0,1,1,1,4,2,0,0,0,0,1,0,0.0,0.0,0,0,0,5,9,0,,0,2,0,1
942382,Peter Pokorný,peter-pokorny,2404,ŠK Slovan Bratislava,6.7,6.7,1,0,0,0,0,0.0,0,24,6,30,80.0,19,5,4,0,1,100.0,7,2,0,0,0,0,0.0,0,0,0,8,72.73,0,0.0,8,72.73,90,0.0,0,0,0,0,0,0,0,0,0,0,0,0,0,0,0.0,2,0,1,1,9,1,2,0,47,0,0,0,0,2,0,0,0,0,10.99,4,29.02,0,0,0,0,0,5,1,0,0,0,0,0,1,0,0,0,1,0,3,0,0,0,0,1,6,4,57.14,0.0,0,0,0,23,7,0,,0,7,0,1
230932,Kenan Bajrić,kenan-bajric,2404,ŠK Slovan Bratislava,6.7,6.7,1,0,0,0,0,0.0,0,5,2,7,71.43,5,0,0,0,2,100.0,0,0,0,0,0,0,0.0,0,0,0,2,100.0,0,0.0,2,100.0,22,0.0,0,0,0,0,0,0,0,0,0,0,0,0,0,0,0.0,4,0,0,0,2,0,0,0,15,0,0,0,0,0,0,0,0,0,2.6,2,27.43,0,0,0,0,0,1,0,0,0,0,0,0,1,0,0,0,2,0,0,0,0,0,0,0,1,0,0.0,0.0,0,0,0,6,1,0,,0,2,1,1
1034970,Herman Johan Haugen,herman-johan-haugen,1164,Viking FK,6.7,6.7,1,0,0,0,0,,0,0,0,0,0.0,0,0,0,0,0,0.0,0,0,0,0,0,0,0.0,0,0,0,0,0.0,0,0.0,0,0.0,10,0.0,0,0,0,0,0,0,0,0,0,0,0,0,0,0,0.0,1,0,0,0,0,0,0,0,1,0,0,0,0,0,0,0,0,0,1.28,2,28.51,0,0,0,0,0,0,0,0,0,0,0,0,0,0,0,0,0,0,0,0,0,0,0,0,0,0,0.0,0.0,0,0,0,0,0,0,,0,0,0,1
1144329,Štěpán Chaloupek,stepan-chaloupek,2216,SK Slavia Praha,6.7,6.7,1,0,0,1,0,0.23,0,28,5,33,84.85,21,7,5,2,0,0.0,2,5,0,0,0,0,0.0,2,0,1,2,66.67,3,60.0,5,62.5,90,0.0,0,0,0,0,0,0,0,0,2,0,0,0,0,3,60.0,7,0,0,0,5,0,3,1,54,0,0,0,0,1,0,1,0,0,10.44,9,31.32,0,0,0,0,0,3,0,0,0,0,0,0,1,0,0,2,0,0,3,2,0,0,0,5,3,0,0.0,0.0,0,0,0,21,12,0,0.42,0,6,1,1
169231,Joy Lance Mickels,joy-lance-mickels,267828,Sabah FK,6.7,6.7,1,0,1,1,0,0.13,0,22,9,31,70.97,13,9,5,1,1,100.0,1,1,0,0,0,1,100.0,3,0,2,5,71.43,3,50.0,8,61.54,90,0.0,0,0,0,0,0,0,0,0,3,0,0,0,0,0,0.0,1,0,0,1,16,0,1,1,53,3,1,0,0,0,0,1,0,0,11.67,17,30.92,0,0,0,0,0,4,0,0,0,0,0,0,1,0,0,1,1,1,5,3,0,0,0,0,4,0,0.0,0.0,0,0,0,17,14,0,0.31,0,0,0,1
1172477,Tani Oluwaseyi,oluwaseyi-tani,2819,Villarreal,6.7,6.7,1,0,0,1,0,0.06,0,11,3,14,78.57,6,5,1,0,0,0.0,2,1,0,0,0,0,0.0,1,0,1,2,50.0,2,100.0,4,66.67,59,0.0,0,0,0,0,0,0,0,0,1,0,0,0,0,1,100.0,1,0,0,1,7,0,0,0,27,0,0,0,0,0,1,0,0,0,7.66,14,31.0,0,0,0,0,0,1,0,0,0,0,0,0,1,0,0,0,1,1,2,0,0,0,0,1,1,1,50.0,0.0,0,0,0,8,6,0,0.29,0,0,0,1
1408080,Ismaelo Ganiou,ismaelo-ganiou,1648,RC Lens,6.7,6.7,1,0,0,1,0,0.01,0,40,2,42,95.24,21,19,6,1,0,0.0,3,0,1,0,0,0,0.0,1,1,0,3,75.0,1,25.0,4,50.0,90,0.0,0,0,0,0,0,0,0,0,1,0,0,0,0,0,0.0,1,0,0,0,3,1,1,0,54,0,1,0,0,0,0,0,0,0,10.07,17,33.95,0,0,0,0,0,0,2,0,0,0,0,0,1,0,0,1,0,0,4,3,0,0,0,1,2,1,33.33,0.0,0,0,0,21,21,0,0.24,0,5,0,1
990201,Jamie Leweling,jamie-leweling,2677,VfB Stuttgart,6.7,6.7,1,0,0,0,0,0.08,0,19,3,22,86.36,4,15,8,1,2,28.57,0,0,0,0,0,1,20.0,2,0,1,3,33.33,1,100.0,4,40.0,62,0.0,0,0,0,0,0,0,0,0,2,0,0,0,0,2,66.67,0,0,0,1,15,1,3,2,40,1,0,0,0,0,2,1,0,0,7.37,17,33.23,0,0,0,0,0,1,0,0,0,0,0,0,1,0,0,1,7,5,6,0,0,0,0,3,1,0,0.0,0.0,0,0,0,4,18,0,0.16,0,3,0,1
999396,Oğuz Aydın,oguz-aydin,3052,Fenerbahçe,6.7,6.7,1,0,0,0,0,0.01,0,6,2,8,75.0,4,2,1,0,0,0.0,2,0,0,0,0,0,0.0,1,0,0,3,60.0,0,0.0,3,60.0,18,0.0,0,0,0,0,0,0,0,0,1,0,0,0,0,0,0.0,1,0,0,0,4,0,2,1,16,1,0,0,0,1,0,1,0,0,2.74,8,33.98,0,0,0,0,0,0,0,0,0,0,0,0,0,0,0,0,1,0,2,0,0,0,0,0,0,0,0.0,0.0,0,0,0,5,3,0,0.12,0,2,0,1
914309,Iliman Ndiaye,iliman-ndiaye,17,Manchester City,6.7,6.7,1,0,1,0,0,0.16,0,6,3,9,66.67,2,4,4,1,0,0.0,0,0,0,0,0,1,50.0,2,1,1,0,0.0,0,0.0,0,0.0,28,0.0,0,0,0,0,0,0,0,0,2,0,0,0,0,0,0.0,0,0,0,1,5,1,0,0,15,0,0,0,0,0,1,0,0,0,3.61,8,32.76,0,0,0,0,0,0,0,0,0,0,0,0,0,0,0,1,0,2,2,1,0,0,0,1,0,0,0.0,0.0,0,0,0,2,7,0,0.11,0,1,0,1
1881902,Rio Ngumoha,rio-ngumoha,44,Liverpool FC,6.7,6.7,1,0,0,0,0,0.04,0,13,5,18,72.22,2,11,10,0,2,40.0,0,0,0,0,0,1,100.0,2,0,0,4,44.44,1,50.0,5,45.45,60,0.0,0,0,0,0,0,0,0,0,2,0,0,0,0,0,0.0,0,0,0,2,11,1,1,0,33,2,1,0,0,0,0,2,0,0,6.41,10,32.65,0,0,0,0,0,0,1,0,0,0,0,0,1,0,0,0,5,1,6,1,0,0,0,0,1,0,0.0,0.0,0,0,0,2,16,0,0.11,0,4,0,1
1631879,Alysson,alysson-edward-franco-da-rocha,40,Aston Villa,6.7,6.7,1,0,0,0,0,0.0,0,5,2,7,71.43,3,2,2,0,0,0.0,2,1,0,0,0,0,0.0,2,0,0,3,60.0,0,0.0,3,50.0,22,0.0,0,0,0,0,0,0,0,0,2,0,0,0,0,0,0.0,0,0,0,2,5,0,0,0,18,1,0,0,0,0,0,2,0,0,3.42,6,29.99,0,0,0,0,0,0,0,0,0,0,0,0,0,0,0,0,0,0,3,1,0,0,0,0,0,1,50.0,0.0,0,0,0,4,3,0,0.1,0,2,0,1
989768,Nuno Mendes,nuno-mendes,1644,Paris Saint-Germain,6.7,6.7,1,0,0,0,0,0.14,0,32,4,36,88.89,13,19,11,1,1,50.0,1,1,0,0,0,0,0.0,2,1,1,3,60.0,0,0.0,3,60.0,64,0.0,0,0,0,0,1,0,0,0,0,2,0,0,0,4,100.0,0,0,0,0,6,0,3,1,50,1,1,1,0,0,1,0,0,0,7.12,14,33.73,0,0,0,0,0,1,0,0,0,0,0,0,1,0,0,1,2,0,2,0,0,0,0,4,1,1,100.0,0.0,0,0,0,14,22,0,0.09,0,4,0,1
1066560,Alan Varela,alan-varela,3002,FC Porto,6.7,6.7,1,0,0,0,0,0.01,0,20,3,23,86.96,13,7,3,1,0,0.0,1,0,0,0,0,0,0.0,1,0,1,1,100.0,0,0.0,1,33.33,68,0.0,0,0,0,0,0,0,0,0,0,1,0,0,0,2,100.0,2,0,0,0,3,0,0,0,28,0,0,0,0,0,0,0,0,0,8.53,11,31.5,0,0,0,0,0,1,0,0,0,0,0,0,1,0,0,1,0,0,2,2,0,0,0,2,1,1,100.0,0.0,0,0,0,14,9,0,0.08,0,3,0,1
567236,Sondre Fet,sondre-fet,656,Bodø/Glimt,6.7,6.7,1,0,0,0,0,0.01,0,10,2,12,83.33,2,8,5,0,0,0.0,3,1,1,0,0,0,0.0,1,0,1,3,50.0,0,0.0,3,42.86,65,0.0,0,0,0,0,0,0,0,0,1,0,0,0,0,0,0.0,1,0,0,1,3,0,1,0,22,0,1,0,0,1,0,0,0,0,9.33,6,28.69,0,0,0,0,0,2,0,0,0,0,0,0,1,0,0,0,0,0,4,1,0,0,0,1,2,2,66.67,0.0,0,0,0,3,9,0,0.06,0,3,1,1
1122835,Alisson Santos,alisson-santos,2714,SSC Napoli,6.7,6.7,1,0,0,0,0,0.01,0,20,2,22,90.91,11,9,3,0,1,50.0,1,0,0,0,0,0,0.0,1,0,0,3,50.0,0,0.0,3,50.0,58,0.0,0,0,0,0,0,0,0,0,1,0,0,0,0,0,0.0,1,0,0,0,6,1,1,0,34,1,0,0,0,2,0,1,0,0,6.55,7,32.65,0,0,0,0,0,0,0,0,0,0,0,0,1,0,0,0,2,2,3,0,0,0,0,0,0,0,0.0,0.0,0,0,0,12,10,0,0.06,0,3,0,1
866469,Bruno Guimarães,bruno-guimaraes,42,Arsenal,6.7,6.7,1,0,0,0,0,0.06,0,29,3,32,90.63,4,25,15,1,0,0.0,0,0,0,0,0,0,0.0,1,0,1,0,0.0,0,0.0,0,0.0,25,0.0,0,0,0,0,0,0,0,0,0,1,0,0,0,1,50.0,0,0,0,0,3,0,1,0,33,0,0,0,0,0,0,0,0,0,3.77,3,27.47,0,0,0,0,0,0,0,0,0,0,0,0,0,0,0,1,0,0,0,0,0,0,0,2,0,0,0.0,0.0,0,0,0,4,28,0,0.06,0,0,0,1
906278,Josha Vagnoman,josha-vagnoman,2677,VfB Stuttgart,6.7,6.7,1,0,0,0,0,0.0,0,13,4,17,76.47,5,8,3,0,1,100.0,0,0,0,0,0,0,0.0,1,0,0,1,100.0,0,0.0,1,100.0,28,0.0,0,0,0,0,0,0,0,0,0,1,0,0,0,0,0.0,0,0,0,0,8,0,1,0,26,0,0,0,0,0,0,1,0,0,4.41,9,32.62,0,0,0,0,0,0,0,0,0,0,0,0,0,0,0,0,1,0,0,0,0,0,0,0,0,0,0.0,0.0,0,0,0,7,10,0,0.04,0,3,0,1
1150938,Leo Sauer,sauer-leo,2677,VfB Stuttgart,6.7,6.7,1,0,0,0,0,0.23,0,7,4,11,63.64,3,4,3,2,0,0.0,0,0,0,0,0,0,0.0,1,0,1,0,0.0,1,50.0,1,25.0,19,0.0,0,0,0,0,0,0,0,0,0,1,0,0,0,0,0.0,1,0,0,2,6,0,1,0,18,0,1,0,0,0,0,0,0,0,2.97,4,28.98,0,0,0,0,0,0,0,0,0,0,0,0,0,0,0,2,0,0,3,1,0,0,0,0,0,0,0.0,0.0,0,0,0,4,7,0,0.03,0,2,0,1
823941,Alexander Isak,alexander-isak,44,Liverpool FC,6.6,6.6,1,0,0,0,1,0.02,1,5,5,10,50.0,0,5,2,2,1,33.33,1,0,0,0,0,0,0.0,2,0,1,2,33.33,1,50.0,3,37.5,88,0.0,0,0,0,0,0,0,0,0,2,0,0,0,0,0,0.0,0,0,0,2,9,1,0,0,26,0,0,0,0,0,2,1,0,0,9.29,23,33.12,0,0,0,0,0,0,1,0,0,0,0,0,1,0,0,2,3,0,5,1,0,0,0,0,1,1,100.0,0.0,0,0,0,0,10,0,0.16,0,1,0,1
1103693,Gavi,gavi,2817,FC Barcelona,6.6,6.6,1,0,0,0,0,0.0,0,10,1,11,90.91,3,7,2,0,0,0.0,0,0,0,0,0,0,0.0,0,0,0,0,0.0,0,0.0,0,0.0,11,0.0,0,0,0,0,0,0,0,0,0,0,0,0,0,0,0.0,0,0,0,0,1,0,1,0,12,0,0,0,0,0,0,0,0,0,1.41,0,24.55,0,0,0,0,0,0,0,0,0,0,0,0,0,0,0,0,0,0,0,0,0,0,0,0,0,0,0.0,0.0,0,0,0,3,8,0,,0,0,0,1
804508,Viktor Gyökeres,viktor-gyokeres,42,Arsenal,6.6,6.6,1,0,0,0,0,0.38,0,5,1,6,83.33,0,5,4,4,0,0.0,0,0,0,0,0,1,100.0,0,0,0,2,100.0,0,0.0,2,66.67,73,0.0,0,0,0,0,0,0,0,0,0,0,0,0,0,0,0.0,0,0,0,0,1,1,0,0,9,2,0,0,0,0,0,0,0,0,9.42,6,31.28,0,0,0,0,0,0,0,0,0,0,0,0,1,0,0,4,0,1,1,1,0,0,0,0,0,0,0.0,0.0,0,0,0,0,6,0,,0,1,0,1
859025,Aurélien Tchouaméni,aurelien-tchouameni,2829,Real Madrid,6.6,6.6,1,0,0,0,0,0.0,0,3,0,3,100.0,3,0,0,0,0,0.0,0,0,0,0,0,0,0.0,0,0,0,0,0.0,0,0.0,0,0.0,11,0.0,0,0,0,0,0,0,0,0,0,0,0,0,0,0,0.0,0,0,0,0,0,0,0,0,4,0,0,0,0,0,0,0,0,0,1.97,1,26.28,0,0,0,0,0,0,0,0,0,0,0,0,0,0,0,0,0,0,0,0,0,0,0,0,0,0,0.0,0.0,0,0,0,3,0,0,,0,0,0,1
836705,Kai Havertz,kai-havertz,42,Arsenal,6.6,6.6,1,0,1,0,0,0.1,0,9,1,10,90.0,0,9,8,1,0,0.0,0,0,0,0,0,0,0.0,0,0,0,0,0.0,1,100.0,1,33.33,17,0.0,0,0,0,0,0,0,0,0,0,0,0,0,0,0,0.0,0,0,0,0,3,0,0,0,13,0,1,0,0,0,1,0,0,0,2.83,5,29.34,0,0,0,0,0,0,0,0,0,0,0,0,0,0,0,1,1,1,2,0,0,0,0,0,0,0,0.0,0.0,0,0,0,0,10,0,,0,0,0,1
851271,Fran García,fran-garcia,2816,Real Betis,6.6,6.6,1,0,0,0,0,0.0,0,3,1,4,75.0,1,2,0,0,0,0.0,0,0,0,0,0,0,0.0,0,0,0,1,33.33,0,0.0,1,33.33,9,0.0,0,0,0,0,0,0,0,0,0,0,0,0,0,0,0.0,1,0,0,1,2,0,0,0,8,1,0,0,0,1,0,0,0,0,1.63,3,32.15,0,0,0,0,0,0,0,0,0,0,0,0,0,0,0,0,0,0,2,0,0,0,0,1,0,0,0.0,0.0,0,0,0,1,3,0,,0,1,0,1
8959,Manuel Neuer,manuel-neuer,2672,FC Bayern München,6.6,6.6,1,0,0,0,0,0.0,0,18,6,24,75.0,18,0,0,0,0,0.0,0,0,0,0,0,0,0.0,0,0,0,0,0.0,1,100.0,1,100.0,90,0.0,0,0,0,0,0,0,0,0,0,0,0,0,0,3,37.5,2,0,0,0,6,0,1,1,28,0,0,0,0,0,0,0,0,0,5.27,0,23.08,1,0,0,0,0,0,0,1,1,1,0,0,1,0,0,0,0,0,0,0,0,0,0,8,0,0,0.0,0.0,0,0,0,21,3,0,,4,5,0,1
234148,N'Golo Kanté,n-golo-kante,3052,Fenerbahçe,6.6,6.6,1,0,1,0,0,0.09,0,28,12,40,70.0,16,12,5,1,1,50.0,0,1,0,0,0,0,0.0,0,0,0,1,33.33,0,0.0,1,33.33,90,0.0,0,0,0,0,0,0,0,0,0,0,0,0,0,1,50.0,3,0,0,1,14,0,3,2,48,0,0,0,0,0,0,0,0,0,12.16,12,30.89,0,0,0,0,0,0,1,0,0,0,0,0,1,0,0,1,2,0,2,0,0,0,0,2,1,0,0.0,0.0,0,0,0,25,15,0,,0,6,0,1
45853,İlkay Gündoğan,ilkay-gundogan,3061,Galatasaray,6.6,6.6,1,0,0,0,0,0.0,0,4,0,4,100.0,1,3,1,0,0,0.0,0,0,0,0,0,0,0.0,0,0,0,0,0.0,0,0.0,0,0.0,10,0.0,0,0,0,0,0,0,0,0,0,0,0,0,0,0,0.0,0,0,0,0,0,0,0,0,4,0,0,0,0,0,0,0,0,0,1.33,0,23.9,0,0,0,0,0,0,0,0,0,0,0,0,0,0,0,0,0,0,0,0,0,0,0,0,0,0,0.0,0.0,0,0,0,1,3,0,,0,0,0,1
1134083,Jobe Bellingham,jobe-bellingham,2673,Borussia Dortmund,6.6,6.6,1,0,1,0,0,0.04,0,3,0,3,100.0,0,3,3,2,0,0.0,1,0,0,0,0,0,0.0,0,0,0,1,33.33,0,0.0,1,33.33,15,0.0,0,0,0,0,0,0,0,0,0,0,0,0,0,1,100.0,0,0,0,1,4,0,0,0,10,0,0,0,0,0,0,0,1,0,2.43,3,29.7,0,0,0,0,0,1,0,0,0,0,0,0,0,0,0,1,1,0,2,0,0,0,0,1,1,1,100.0,0.0,0,0,0,0,3,0,,0,0,0,1
970361,Jeremie Frimpong,jeremie-frimpong,44,Liverpool FC,6.6,6.6,1,0,0,0,0,0.0,0,3,2,5,60.0,0,3,1,0,0,0.0,0,0,0,0,0,0,0.0,0,0,0,1,25.0,1,100.0,2,40.0,30,0.0,0,0,0,0,0,0,0,0,0,0,0,0,0,0,0.0,0,0,0,1,6,0,0,0,11,1,1,0,0,0,1,0,0,0,4.06,10,34.02,0,0,0,0,0,0,0,0,0,0,0,0,0,0,0,0,1,1,3,0,0,0,0,0,0,0,0.0,0.0,0,0,0,1,4,0,,0,0,0,1
1134200,Wesley,wesley-franca,2702,AS Roma,6.6,6.6,1,0,0,0,0,0.1,0,36,5,41,87.8,10,26,15,1,0,0.0,0,0,0,0,0,1,25.0,0,0,0,2,50.0,0,0.0,2,50.0,90,0.0,0,0,0,0,0,0,0,0,0,0,0,0,0,0,0.0,0,0,0,0,12,0,0,0,58,2,1,0,0,0,0,0,0,0,10.19,18,33.3,0,0,0,0,0,1,0,0,0,0,0,0,1,0,0,1,1,4,2,0,0,0,0,1,1,0,0.0,0.0,0,0,0,11,30,0,,0,5,0,1
1086223,Ange-Yoan Bonny,ange-bonny,2697,Inter,6.6,6.6,1,0,0,0,0,0.02,0,3,1,4,75.0,0,3,3,0,0,0.0,1,0,0,0,0,0,0.0,0,0,0,2,50.0,0,0.0,2,50.0,30,0.0,0,0,0,0,0,0,0,0,0,0,0,0,0,0,0.0,0,0,0,0,2,1,0,0,9,1,0,0,0,1,0,0,0,0,4.16,4,29.2,0,0,0,0,0,0,0,0,0,0,0,0,0,0,0,0,1,0,2,0,0,0,0,0,0,1,100.0,0.0,0,0,0,0,4,0,,0,2,0,1
848287,Evan Ndicka,evan-ndicka,2702,AS Roma,6.6,6.6,1,0,0,0,0,0.0,0,41,4,45,91.11,29,12,0,0,0,0.0,1,2,0,0,0,0,0.0,0,0,0,3,37.5,4,80.0,7,53.85,90,0.0,0,0,0,0,0,0,0,0,0,0,0,0,0,0,0.0,1,0,0,0,5,0,0,0,55,2,5,0,0,0,0,0,0,0,9.49,11,31.86,0,0,0,0,0,1,0,0,0,0,0,0,1,0,0,0,0,0,6,1,0,0,0,0,1,0,0.0,0.0,0,0,0,29,16,0,,0,7,0,1
873106,Hiroki Itō,hiroki-ito,2672,FC Bayern München,6.6,6.6,1,0,0,0,0,0.0,0,8,0,8,100.0,3,5,3,0,0,0.0,0,0,0,0,0,0,0.0,0,0,0,0,0.0,0,0.0,0,0.0,10,0.0,0,0,0,0,0,0,0,0,0,0,0,0,0,0,0.0,0,0,0,0,2,0,0,0,11,0,0,0,0,0,0,0,0,0,1.54,0,24.98,0,0,0,0,0,0,0,0,0,0,0,0,0,0,0,0,0,0,0,0,0,0,0,0,0,0,0.0,0.0,0,0,0,3,5,0,,0,1,0,1
928236,Leonardo Balerdi,leonardo-balerdi,2702,AS Roma,6.6,6.6,1,0,0,0,0,0.0,0,14,1,15,93.33,12,2,1,0,0,0.0,1,0,0,0,0,0,0.0,0,0,0,1,20.0,0,0.0,1,20.0,16,0.0,0,0,0,0,0,0,0,0,0,0,0,0,0,0,0.0,0,0,0,0,4,1,0,0,23,0,2,0,0,0,0,0,0,0,2.44,4,30.96,0,0,0,0,0,0,0,0,0,0,0,0,0,0,0,0,2,1,4,0,0,0,0,1,0,0,0.0,0.0,0,0,0,12,3,0,,0,1,0,1
153257,Giovanni Di Lorenzo,giovanni-di-lorenzo,2714,SSC Napoli,6.6,6.6,1,0,0,0,0,0.0,0,26,3,29,89.66,16,10,2,1,0,0.0,1,0,0,0,0,0,0.0,0,0,0,1,50.0,2,66.67,3,60.0,90,0.0,0,0,0,0,0,0,0,0,0,0,0,0,0,0,0.0,0,0,0,0,4,0,1,0,36,1,1,0,0,0,0,0,0,0,10.7,13,31.79,0,0,0,0,0,0,1,0,0,0,0,0,1,0,0,1,0,0,2,1,0,0,0,1,1,1,100.0,0.0,0,0,0,17,12,0,,0,2,1,1
903679,Fotis Ioannidis,fotis-ioannidis,3001,Sporting CP,6.6,6.6,1,0,0,0,0,0.0,0,2,4,6,33.33,0,2,1,0,2,66.67,0,0,0,0,0,0,0.0,0,0,0,2,66.67,1,100.0,3,75.0,16,0.0,0,0,0,0,0,0,0,0,0,0,0,0,0,0,0.0,0,0,0,0,6,0,0,0,12,0,0,0,0,0,0,0,0,0,2.21,2,29.27,0,0,0,0,0,0,0,0,0,0,0,0,0,0,0,0,3,0,1,0,0,0,0,0,0,0,0.0,0.0,0,0,0,1,5,0,,0,0,0,1
84539,Koke,koke,2836,Atlético Madrid,6.6,6.6,1,0,0,0,0,0.02,0,37,3,40,92.5,23,14,7,1,0,0.0,0,1,0,0,0,0,0.0,0,0,0,1,100.0,0,0.0,1,100.0,59,0.0,0,0,0,0,0,0,0,0,0,0,0,0,0,0,0.0,1,0,0,0,7,0,2,2,54,1,0,0,0,0,0,0,0,0,8.22,8,29.59,0,0,0,0,0,1,1,0,0,0,0,0,1,0,0,1,0,1,0,0,0,0,0,1,2,0,0.0,0.0,0,0,0,25,15,0,,0,3,1,1
355174,Patrick Berg,patrick-berg,656,Bodø/Glimt,6.6,6.6,1,0,0,0,0,0.11,0,22,11,33,66.67,8,14,5,1,0,0.0,1,0,0,0,0,1,25.0,0,0,0,3,100.0,1,50.0,4,80.0,90,0.0,0,0,0,0,0,0,0,0,0,0,0,0,0,1,25.0,2,0,0,0,14,0,1,1,44,2,0,0,0,0,0,0,0,0,12.38,11,31.5,0,0,0,0,0,3,2,0,0,0,0,0,1,0,0,1,0,4,1,1,0,0,0,4,5,1,100.0,0.0,0,0,0,11,22,0,,0,1,2,1
150383,Stanislav Lobotka,stanislav-lobotka,2714,SSC Napoli,6.6,6.6,1,0,0,0,0,0.0,0,27,5,32,84.38,17,10,2,0,0,0.0,1,1,0,0,0,0,0.0,0,0,0,1,100.0,0,0.0,1,50.0,77,0.0,0,0,0,0,0,0,0,0,0,0,0,0,0,5,83.33,0,0,1,0,6,0,6,4,38,0,0,0,0,0,0,0,0,0,9.88,4,27.54,0,0,0,0,0,0,1,0,0,0,0,0,1,0,0,0,0,1,1,1,0,0,0,6,1,0,0.0,0.0,0,0,0,21,11,0,,0,3,1,1
1495876,Mamadou Diakhon,mamadou-diakhon,2888,Club Brugge KV,6.6,6.6,1,0,0,0,0,0.0,0,3,2,5,60.0,0,3,1,0,1,50.0,1,0,0,0,0,0,0.0,0,0,0,3,60.0,0,0.0,3,60.0,9,0.0,0,0,0,0,0,0,0,0,0,0,0,0,0,1,100.0,0,0,0,1,6,0,0,0,12,1,0,0,0,0,0,0,0,0,1.06,1,28.22,0,0,0,0,0,0,0,0,0,0,0,0,0,0,0,0,2,1,2,0,0,0,0,1,0,1,100.0,0.0,0,0,0,1,4,0,,0,1,0,1
930189,Samuele Ricci,samuele-ricci,2704,Como,6.6,6.6,1,0,0,0,0,0.0,0,1,0,1,100.0,1,0,0,0,0,0.0,0,0,0,0,0,0,0.0,0,0,0,0,0.0,0,0.0,0,0.0,9,0.0,0,0,0,0,0,0,0,0,0,0,0,0,0,0,0.0,0,0,0,0,0,0,0,0,2,0,0,0,0,0,0,0,0,0,1.16,2,29.3,0,0,0,0,0,0,0,0,0,0,0,0,0,0,0,0,0,0,0,0,0,0,0,0,0,0,0.0,0.0,0,0,0,1,0,0,,0,0,0,1
1069560,Antonio Vergara,antonio-vergara,2714,SSC Napoli,6.6,6.6,1,0,0,0,0,0.03,0,10,3,13,76.92,4,6,1,0,0,0.0,2,0,0,0,0,0,0.0,0,0,0,2,40.0,0,0.0,2,40.0,32,0.0,0,0,0,0,0,0,0,0,0,0,0,0,0,0,0.0,0,0,0,1,5,0,1,0,18,0,0,0,0,2,0,0,0,0,4.5,5,32.72,0,0,0,0,0,0,1,0,0,0,0,0,0,0,0,0,0,1,3,0,0,0,0,0,1,2,100.0,0.0,0,0,0,6,7,0,,0,3,0,1
118085,Hans Vanaken,hans-vanaken,2888,Club Brugge KV,6.6,6.6,1,0,0,0,0,0.04,0,44,7,51,86.27,18,26,13,0,2,100.0,0,1,1,0,0,0,0.0,0,0,0,3,42.86,0,0.0,3,42.86,77,0.0,0,0,0,0,0,0,0,0,0,0,0,0,0,4,80.0,0,0,0,0,8,2,1,0,58,1,3,0,0,2,0,0,0,0,9.95,8,28.8,0,0,0,0,0,3,0,0,0,0,0,0,1,0,0,0,2,0,4,0,0,0,0,5,3,0,0.0,0.0,0,0,0,18,33,0,,0,4,1,1
836683,Mert Müldür,mert-muldur,3052,Fenerbahçe,6.6,6.6,1,0,0,0,0,0.01,0,41,6,47,87.23,29,12,2,1,0,0.0,4,5,1,0,0,0,0.0,0,0,0,5,55.56,0,0.0,5,55.56,90,0.0,0,0,0,0,0,0,0,0,0,0,0,0,0,4,50.0,1,0,0,0,7,0,6,2,67,1,1,0,0,3,0,0,0,0,10.13,6,30.53,0,0,0,0,0,0,1,0,0,0,0,0,1,0,0,1,0,0,4,0,0,0,0,8,1,1,25.0,0.0,0,0,0,32,15,0,,0,1,0,1
1198075,Brajan Gruda,gruda-brajan,36360,RB Leipzig,6.6,6.6,1,0,0,0,0,0.04,0,9,1,10,90.0,2,7,6,1,1,50.0,0,0,0,0,0,0,0.0,0,0,0,1,50.0,0,0.0,1,50.0,20,0.0,0,0,0,0,0,0,0,0,0,0,0,0,0,0,0.0,0,0,0,0,6,0,0,0,18,0,0,0,0,0,0,0,0,0,2.91,5,31.5,0,0,0,0,0,1,0,0,0,0,0,0,0,0,0,1,2,2,1,0,0,0,0,0,1,0,0.0,0.0,0,0,0,2,8,0,,0,0,0,1
1403111,Lewis Koumas,lewis-koumas,44,Liverpool FC,6.6,6.6,1,0,0,0,0,0.0,0,2,1,3,66.67,1,1,1,0,0,0.0,0,0,0,0,0,0,0.0,0,0,0,1,100.0,1,50.0,2,66.67,8,0.0,0,0,0,0,0,0,0,0,0,0,0,0,0,0,0.0,0,0,0,0,1,0,0,0,4,1,0,0,0,0,0,0,0,0,1.12,3,28.91,0,0,0,0,0,0,0,0,0,0,0,0,0,0,0,0,0,0,1,1,0,0,0,0,0,0,0.0,0.0,0,0,0,1,2,0,,0,0,0,1
1482841,Kauã Elias,elias-kaua,3313,Shakhtar Donetsk,6.6,6.6,1,0,0,0,0,0.01,0,8,6,14,57.14,4,4,3,0,0,0.0,0,0,0,0,0,0,0.0,0,0,0,3,50.0,2,66.67,5,55.56,66,0.0,0,0,0,0,0,0,0,0,0,0,0,0,0,1,100.0,0,0,0,0,10,1,0,0,22,3,0,0,0,0,0,0,0,0,8.64,16,32.08,0,0,0,0,0,1,0,0,0,0,0,0,1,0,0,0,3,0,4,1,0,0,0,1,1,0,0.0,0.0,0,0,0,6,8,0,,0,2,0,1
992567,Borja Sainz,borja-sainz,3002,FC Porto,6.6,6.6,1,0,0,0,0,0.02,0,6,1,7,85.71,3,3,2,1,0,0.0,0,0,0,0,0,0,0.0,0,0,0,0,0.0,0,0.0,0,0.0,22,0.0,0,0,0,0,0,0,0,0,0,0,0,0,0,0,0.0,0,0,0,0,1,0,1,0,7,0,0,0,0,0,1,0,0,0,3.22,6,31.43,0,0,0,0,0,1,0,0,0,0,0,0,0,0,0,1,0,0,0,0,0,0,0,0,1,0,0.0,0.0,0,0,0,3,4,0,,0,0,0,1
963298,Dilane Bakwa,dilane-bakwa,1643,Lille,6.6,6.6,1,0,0,0,0,0.09,0,8,2,10,80.0,3,5,2,0,0,0.0,0,0,0,0,0,0,0.0,0,0,0,1,50.0,1,100.0,2,66.67,29,0.0,0,0,0,0,0,0,0,0,0,0,0,0,0,0,0.0,0,0,0,0,8,0,1,0,17,1,1,0,0,0,0,0,0,0,4.22,11,32.18,0,0,0,0,0,0,0,0,0,0,0,0,0,0,0,0,0,3,1,0,0,0,0,0,0,0,0.0,0.0,0,0,0,3,7,0,,0,0,0,1
100389,Marten de Roon,marten-de-roon,2702,AS Roma,6.6,6.6,1,0,0,0,0,0.0,0,8,0,8,100.0,3,5,0,0,0,0.0,0,0,0,0,0,0,0.0,0,0,0,0,0.0,0,0.0,0,0.0,8,0.0,0,0,0,0,0,0,0,0,0,0,0,0,0,0,0.0,0,0,0,0,0,0,0,0,8,0,0,0,0,0,0,0,0,0,0.97,1,27.5,0,0,0,0,0,0,0,0,0,0,0,0,0,0,0,0,0,0,0,0,0,0,0,0,0,0,0.0,0.0,0,0,0,3,5,0,,0,0,0,1
1105833,Marlon Gomes,marlon-gomes,3313,Shakhtar Donetsk,6.6,6.6,1,0,0,0,0,0.23,0,29,0,29,100.0,17,12,6,2,1,100.0,3,0,1,0,0,0,0.0,0,0,0,6,54.55,0,0.0,6,50.0,90,0.0,0,0,0,0,0,0,0,0,0,0,0,0,0,0,0.0,1,0,0,2,4,0,2,2,43,2,3,0,0,0,0,0,0,0,11.48,11,31.46,0,0,0,0,0,1,0,0,0,0,0,0,1,0,0,2,1,1,6,1,0,0,0,0,1,0,0.0,0.0,0,0,0,17,12,0,,0,5,0,1
976575,Nicolas Seiwald,nicolas-seiwald,36360,RB Leipzig,6.6,6.6,1,0,0,0,0,0.32,0,26,5,31,83.87,12,14,3,0,0,0.0,5,0,0,0,0,0,0.0,0,0,0,5,55.56,0,0.0,5,45.45,60,0.0,0,0,0,0,0,0,0,0,0,0,0,0,0,0,0.0,3,0,0,0,6,1,0,0,42,0,2,0,0,2,0,0,0,0,7.79,8,32.58,0,0,0,0,0,3,0,0,0,0,0,0,1,0,0,0,0,0,6,2,0,0,0,0,3,2,40.0,0.0,0,0,0,17,14,0,,0,2,0,1
1093229,Nathan-Dylan Saliba,nathan-saliba,2819,Villarreal,6.6,6.6,1,0,0,0,0,0.0,0,13,5,18,72.22,6,7,2,0,0,0.0,4,1,0,0,0,0,0.0,0,0,0,5,62.5,0,0.0,5,55.56,59,0.0,0,0,0,0,0,0,0,0,0,0,0,0,0,0,0.0,1,0,0,1,7,0,1,0,29,1,1,0,0,1,0,0,0,0,8.23,7,31.28,0,0,0,0,0,1,0,0,0,0,0,0,1,0,0,0,0,0,4,1,0,0,0,1,1,3,75.0,0.0,0,0,0,9,9,0,,0,3,0,1
974581,Ivan Smolčić,ivan-smolcic,2704,Como,6.6,6.6,1,0,0,0,0,0.0,0,7,3,10,70.0,4,3,2,0,0,0.0,0,0,0,0,0,0,0.0,0,0,0,0,0.0,2,66.67,2,40.0,16,0.0,0,0,0,0,0,0,0,0,0,0,0,0,0,0,0.0,0,0,0,0,5,0,1,0,12,0,0,0,0,1,0,0,0,0,2.44,3,28.69,0,0,0,0,0,0,0,0,0,0,0,0,0,0,0,0,1,0,3,1,0,0,0,1,0,0,0.0,0.0,0,0,0,5,5,0,,0,1,0,1
1069336,Romeo Vermant,romeo-vermant,2888,Club Brugge KV,6.6,6.6,1,0,0,0,0,0.0,0,3,1,4,75.0,0,3,2,0,0,0.0,0,0,1,0,0,0,0.0,0,0,0,1,50.0,1,100.0,2,66.67,9,0.0,0,0,0,0,0,0,0,0,0,0,0,0,0,0,0.0,0,0,0,0,1,0,1,0,6,1,1,0,0,0,0,0,0,0,1.26,2,27.86,0,0,0,0,0,0,0,0,0,0,0,0,0,0,0,0,0,0,1,0,0,0,0,1,0,0,0.0,0.0,0,0,0,0,4,0,,0,0,0,1
1937022,Flávio Gonçalves,flavio-goncalves,3001,Sporting CP,6.6,6.6,1,0,0,0,0,0.0,0,7,3,10,70.0,0,7,4,1,0,0.0,0,0,0,0,0,0,0.0,0,0,0,0,0.0,0,0.0,0,0.0,24,0.0,0,0,0,0,0,0,0,0,0,0,0,0,0,2,100.0,1,0,0,1,4,0,1,1,13,0,0,0,0,0,0,0,0,0,3.71,3,28.04,0,0,0,0,0,0,0,0,0,0,0,0,0,0,0,1,0,0,1,0,0,0,0,2,0,0,0.0,0.0,0,0,0,1,9,0,,0,1,0,1
987818,Maurits Kjaergaard,maurits-kjaergaard,1643,Lille,6.6,6.6,1,0,0,0,0,0.0,0,7,0,7,100.0,5,2,0,0,0,0.0,1,0,0,0,0,0,0.0,0,0,0,1,50.0,0,0.0,1,50.0,14,0.0,0,0,0,0,0,0,0,0,0,0,0,0,0,0,0.0,0,0,0,1,1,0,0,0,9,0,0,0,0,0,0,0,0,0,2.71,4,30.78,0,0,0,0,0,0,0,0,0,0,0,0,0,0,0,0,0,0,1,0,0,0,0,0,0,1,100.0,0.0,0,0,0,5,2,0,,0,0,0,1
166987,Andraž Šporar,andraz-sporar,2404,ŠK Slovan Bratislava,6.6,6.6,1,0,0,0,0,0.01,0,15,4,19,78.95,10,5,3,0,1,100.0,0,0,0,0,0,0,0.0,0,0,0,2,100.0,1,25.0,3,50.0,80,0.0,0,0,0,0,0,0,0,0,0,0,0,0,0,0,0.0,1,0,0,0,9,1,0,0,30,1,0,0,0,0,1,0,0,0,8.24,11,32.08,0,0,0,0,0,4,1,0,0,0,0,0,1,0,0,0,1,0,3,3,0,0,0,0,5,0,0.0,0.0,0,0,0,10,9,0,,0,2,0,1
1193676,Başar Önal,basar-onal,1643,Lille,6.6,6.6,1,0,0,0,0,0.0,0,3,1,4,75.0,0,3,2,0,1,100.0,0,0,0,0,0,0,0.0,0,0,0,1,100.0,0,0.0,1,100.0,8,0.0,0,0,0,0,0,0,0,0,0,0,0,0,0,1,100.0,0,0,0,0,1,0,1,1,5,0,0,0,0,0,0,0,0,0,0.97,2,28.33,0,0,0,0,0,0,0,0,0,0,0,0,0,0,0,0,1,0,0,0,0,0,0,1,0,0,0.0,0.0,0,0,0,0,4,0,,0,0,0,1
841006,Cristian Martínez,cristian-martinez,2404,ŠK Slovan Bratislava,6.6,6.6,1,0,0,0,0,0.38,0,28,4,32,87.5,16,12,8,1,1,100.0,1,0,0,0,0,0,0.0,0,0,0,2,66.67,0,0.0,2,66.67,80,0.0,0,0,0,0,0,0,0,0,0,0,0,0,0,0,0.0,0,0,0,0,6,1,4,2,37,0,1,0,0,0,0,0,0,0,10.2,7,30.49,0,0,0,0,0,4,1,0,0,0,0,0,1,0,0,1,1,0,1,0,0,0,0,0,5,1,100.0,0.0,0,0,0,17,15,0,,0,2,1,1
1196903,Nacho Ferri,nacho-ferri,2959,Feyenoord,6.6,6.6,1,0,1,0,0,0.0,0,4,1,5,80.0,0,4,0,1,0,0.0,1,0,0,0,0,0,0.0,0,0,0,1,33.33,3,60.0,4,50.0,63,0.0,0,0,0,0,0,0,0,0,0,0,0,0,0,0,0.0,1,0,0,0,4,0,0,0,13,0,0,0,0,1,1,0,0,0,7.8,12,32.76,0,0,0,0,0,2,1,0,0,0,0,0,1,0,0,1,1,0,4,2,0,0,0,0,3,0,0.0,0.0,0,0,0,0,5,0,,0,1,0,1
1506781,Villads Nielsen,nielsen-villads,656,Bodø/Glimt,6.6,6.6,1,0,0,0,0,0.01,0,43,10,53,81.13,29,14,7,0,0,0.0,4,1,0,0,0,0,0.0,0,0,0,4,80.0,0,0.0,4,80.0,90,0.0,0,0,0,0,0,0,0,0,0,0,0,0,0,10,58.82,6,0,0,0,10,0,12,7,65,0,0,0,0,1,0,0,0,0,10.85,5,30.35,0,0,0,0,0,3,2,0,0,0,0,0,1,0,0,0,0,0,1,0,0,0,0,17,5,3,75.0,0.0,0,0,0,33,20,0,,0,1,1,1
1417029,Cheveyo Tsawa,cheveyo-tsawa,2888,Club Brugge KV,6.6,6.6,1,0,0,0,0,0.0,0,9,0,9,100.0,2,7,4,0,0,0.0,0,0,0,0,0,0,0.0,0,0,0,2,40.0,0,0.0,2,40.0,13,0.0,0,0,0,0,0,0,0,0,0,0,0,0,0,0,0.0,0,0,0,0,2,0,0,0,13,2,1,0,0,1,0,0,0,0,2.62,4,29.99,0,0,0,0,0,0,0,0,0,0,0,0,0,0,0,0,1,0,3,0,0,0,0,0,0,0,0.0,0.0,0,0,0,2,7,0,,0,0,0,1
997082,Oleg Ocheretko,oleg-ocheretko,3313,Shakhtar Donetsk,6.6,6.6,1,0,0,0,0,0.07,0,24,4,28,85.71,13,11,5,1,1,100.0,1,0,0,0,0,0,0.0,0,0,0,2,40.0,0,0.0,2,28.57,90,0.0,0,0,0,0,0,0,0,0,0,0,0,0,0,0,0.0,0,0,0,1,6,0,1,0,37,0,1,0,0,1,0,0,0,0,12.29,7,29.52,0,0,0,0,0,1,0,0,0,0,0,0,1,0,0,1,1,0,5,2,0,0,0,0,1,0,0.0,0.0,0,0,0,16,12,0,,0,1,1,1
1029163,Sondre Auklend,sondre-auklend,656,Bodø/Glimt,6.6,6.6,1,0,0,0,0,0.04,0,28,4,32,87.5,4,24,9,0,0,0.0,2,0,0,0,0,0,0.0,0,0,0,3,33.33,1,50.0,4,36.36,90,0.0,0,0,0,0,0,0,0,0,0,0,0,0,0,0,0.0,0,0,0,3,10,1,2,1,45,1,0,0,0,3,0,0,0,0,12.52,17,30.46,0,0,0,0,0,3,2,0,0,0,0,0,1,0,0,0,0,0,7,1,0,0,0,0,5,1,50.0,0.0,0,0,0,7,25,0,,0,4,0,1
996952,Bradley Barcola,barcola-bradley,44,Liverpool FC,6.6,6.6,1,0,0,3,0,0.01,0,12,1,13,92.31,3,9,5,0,0,0.0,2,0,0,0,0,0,0.0,3,2,1,2,40.0,0,0.0,2,40.0,60,0.0,0,0,0,0,0,0,0,0,3,0,0,0,0,0,0.0,0,0,0,1,5,0,0,0,23,0,1,0,0,1,0,0,0,0,6.91,14,34.56,0,0,0,0,0,0,1,0,0,0,0,0,1,0,0,0,0,1,3,0,0,0,0,0,1,0,0.0,0.0,0,0,0,3,10,0,0.76,0,3,0,1
1398204,George Hemmings,george-hemmings,40,Aston Villa,6.6,6.6,1,0,0,2,0,0.01,0,11,4,15,73.33,6,5,2,1,1,33.33,1,0,0,0,0,0,0.0,4,1,1,6,50.0,1,100.0,7,53.85,90,0.0,0,0,0,0,0,0,0,0,3,1,0,0,0,0,0.0,1,0,0,1,8,0,0,0,35,4,2,0,0,1,1,2,0,0,12.72,18,29.81,0,0,0,0,0,2,0,0,0,0,0,0,1,0,0,1,3,0,6,0,0,0,0,0,2,1,100.0,0.0,0,0,0,6,9,0,0.58,0,3,0,1
910031,Alex Baena,alex-baena,2836,Atlético Madrid,6.6,6.6,1,0,0,0,0,0.05,0,36,4,40,90.0,20,16,10,1,1,100.0,0,0,0,0,0,0,0.0,2,0,2,2,40.0,0,0.0,2,40.0,73,0.0,0,0,0,0,0,0,0,0,0,2,0,0,0,4,100.0,2,0,0,1,9,0,6,5,53,1,0,0,0,2,1,0,0,0,9.13,16,32.65,0,0,0,0,0,1,1,0,0,0,0,0,1,0,0,1,1,3,3,0,0,0,0,4,2,0,0.0,0.0,0,0,0,22,18,0,0.12,0,0,0,1
867493,Tymoteusz Puchacz,tymoteusz-puchacz,267828,Sabah FK,6.6,6.6,1,0,0,0,0,0.03,0,37,7,44,84.09,27,10,6,2,0,0.0,5,0,0,0,0,1,20.0,2,0,1,5,100.0,0,0.0,5,100.0,90,0.0,0,0,0,0,1,0,0,0,0,2,0,0,0,4,66.67,2,0,0,0,12,0,2,2,66,0,0,0,0,0,0,1,0,0,10.62,13,31.39,0,0,0,0,0,4,0,0,0,0,0,0,1,0,0,2,0,5,0,0,0,0,0,6,4,4,80.0,0.0,0,0,0,30,14,0,0.07,0,2,0,1
2185579,Oskar Kubiak,oskar-kubiak,2216,SK Slavia Praha,6.6,6.6,1,0,0,0,0,0.01,0,10,6,16,62.5,2,8,4,0,0,0.0,1,2,0,0,0,0,0.0,2,1,1,3,50.0,1,100.0,4,57.14,76,0.0,0,0,0,0,0,0,0,0,1,1,0,0,0,1,33.33,5,0,0,0,12,0,4,2,39,2,1,0,0,0,0,0,0,0,9.03,8,31.0,0,0,0,0,0,1,0,0,0,0,0,0,1,0,0,0,2,0,3,0,0,0,0,3,1,1,100.0,0.0,0,0,0,3,13,0,0.07,0,2,0,1
811629,Luis Milla,luis-milla,2704,Como,6.6,6.6,1,0,0,0,0,0.19,0,51,3,54,94.44,30,21,9,2,0,0.0,1,2,0,0,0,2,100.0,1,0,1,3,33.33,0,0.0,3,30.0,90,0.0,0,0,0,0,0,0,0,0,0,1,0,0,0,2,100.0,4,1,0,0,6,0,4,3,72,2,2,0,0,4,0,0,0,0,12.02,6,29.12,0,0,0,0,0,0,1,0,0,0,0,0,1,0,0,2,0,2,7,1,0,0,0,2,1,1,100.0,0.0,0,0,0,32,22,0,0.06,0,5,0,1
859917,Morten Hjulmand,morten-hjulmand,2836,Atlético Madrid,6.6,6.6,1,0,0,0,0,0.0,0,12,1,13,92.31,9,3,2,0,0,0.0,0,0,0,0,0,0,0.0,1,0,1,0,0.0,1,100.0,1,50.0,13,0.0,0,0,0,0,0,0,0,0,1,0,0,0,0,0,0.0,0,0,0,0,2,0,0,0,17,0,1,0,0,0,0,0,0,0,2.55,3,28.76,0,0,0,0,0,0,0,0,0,0,0,0,0,0,0,0,0,0,1,0,0,0,0,0,0,0,0.0,0.0,0,0,0,10,3,0,0.06,0,1,0,1
1089388,Lamare Bogarde,lamare-bogarde,40,Aston Villa,6.6,6.6,1,0,0,0,0,0.0,0,8,1,9,88.89,7,1,0,0,0,0.0,1,0,0,0,0,0,0.0,1,1,0,1,100.0,0,0.0,1,50.0,22,0.0,0,0,0,0,0,0,0,0,1,0,0,0,0,0,0.0,0,0,0,0,1,0,0,0,13,0,0,0,0,0,0,0,0,0,3.13,2,27.97,0,0,0,0,0,0,0,0,0,0,0,0,0,0,0,0,0,0,1,1,0,0,0,1,0,1,100.0,0.0,0,0,0,7,2,0,0.05,0,1,0,1
1069486,Carlos Forbs,carlos-borges,2888,Club Brugge KV,6.6,6.6,1,0,0,0,0,0.21,0,28,7,35,80.0,2,26,20,3,0,0.0,1,1,0,0,0,2,28.57,2,1,1,1,33.33,0,0.0,1,25.0,90,0.0,0,0,0,0,0,0,0,0,0,2,0,0,0,0,0.0,0,0,0,0,17,2,2,1,55,0,1,0,0,0,0,0,0,0,10.57,18,34.24,0,0,0,0,0,3,0,0,0,0,0,0,1,0,0,3,1,7,3,1,0,0,0,0,3,1,100.0,0.0,0,0,0,4,31,0,0.05,0,5,0,1
235672,Matteo Politano,matteo-politano,2714,SSC Napoli,6.6,6.6,1,0,0,0,0,0.0,0,10,1,11,90.91,5,5,2,0,0,0.0,0,0,0,0,0,0,0.0,2,2,0,0,0.0,1,100.0,1,50.0,58,0.0,0,0,0,0,0,0,0,0,0,2,0,0,0,0,0.0,1,0,0,0,5,0,0,0,18,0,0,0,0,0,0,0,0,0,6.55,9,32.15,0,0,0,0,0,0,0,0,0,0,0,0,1,0,0,0,1,2,1,0,0,0,0,1,0,0,0.0,0.0,0,0,0,6,5,0,0.05,0,0,0,1
1129935,Tom Bischof,tom-bischof,2672,FC Bayern München,6.6,6.6,1,0,0,0,0,0.01,0,13,2,15,86.67,5,8,5,1,0,0.0,0,1,0,0,0,0,0.0,1,1,0,0,0.0,0,0.0,0,0.0,10,0.0,0,0,0,0,0,0,0,0,0,1,0,0,0,0,0.0,0,0,0,0,2,0,0,0,17,0,0,0,0,0,0,0,0,0,1.74,1,26.24,0,0,0,0,0,0,0,0,0,0,0,0,0,0,0,1,0,0,0,0,0,0,0,0,0,0,0.0,0.0,0,0,0,5,10,0,0.04,0,0,0,1
1433802,Gjivai Zechiël,gjivai-zechiel,2959,Feyenoord,6.6,6.6,1,0,0,0,0,0.01,0,32,3,35,91.43,21,11,6,1,2,100.0,1,0,0,0,0,0,0.0,1,0,1,4,66.67,0,0.0,4,66.67,90,0.0,0,0,0,0,0,0,0,0,0,1,0,0,0,3,75.0,0,0,0,1,6,0,3,2,46,1,1,0,0,0,1,0,0,0,11.83,14,31.61,0,0,0,0,0,3,2,0,0,0,0,0,1,0,0,1,2,0,2,0,0,0,0,4,5,1,100.0,0.0,0,0,0,22,13,0,0.04,0,5,0,1
1100817,Pedro Henrique,pedrinho,3313,Shakhtar Donetsk,6.6,6.6,1,0,0,0,0,0.04,0,41,5,46,89.13,29,12,8,0,0,0.0,1,5,1,0,0,1,50.0,1,0,1,2,40.0,0,0.0,2,40.0,90,0.0,0,0,0,0,0,0,0,0,1,0,0,0,0,2,40.0,2,0,0,1,10,1,4,2,73,1,2,0,0,0,0,0,0,0,10.92,15,32.08,0,0,0,0,0,1,0,0,0,0,0,0,1,0,0,0,1,2,3,0,0,0,0,5,1,0,0.0,0.0,0,0,0,32,14,0,0.04,0,7,0,1
1397170,Nino Marcelli,marcelli-nino,2404,ŠK Slovan Bratislava,6.6,6.6,1,0,0,0,0,0.01,0,6,3,9,66.67,3,3,2,0,0,0.0,2,0,0,0,0,0,0.0,1,0,1,2,66.67,0,0.0,2,66.67,30,0.0,0,0,0,0,0,0,0,0,0,1,0,0,0,0,0.0,0,0,0,0,5,0,0,0,15,0,0,0,0,0,0,0,0,0,4.35,7,31.03,0,0,0,0,0,1,0,0,0,0,0,0,0,0,0,0,1,0,1,0,0,0,0,0,1,1,50.0,0.0,0,0,0,3,6,0,0.03,0,1,0,1
934354,Antoine Semenyo,antoine-semenyo,17,Manchester City,6.6,6.6,1,0,0,0,0,0.22,0,21,3,24,87.5,0,21,13,1,0,0.0,3,0,0,0,0,2,28.57,1,1,0,3,37.5,1,100.0,4,44.44,62,0.0,0,0,0,0,0,0,0,0,0,1,0,0,0,0,0.0,0,0,0,2,15,0,0,0,44,0,3,0,0,0,0,0,0,0,6.53,10,33.12,0,0,0,0,0,0,0,0,0,0,0,0,1,0,0,1,0,7,5,0,0,0,0,0,0,3,100.0,0.0,0,0,0,1,23,0,0.02,0,0,0,1
856739,Lutsharel Geertruida,lutsharel-geertruida,2952,PSV Eindhoven,6.6,6.6,1,0,0,0,0,0.01,0,65,4,69,94.2,38,27,4,0,0,0.0,1,2,0,0,0,0,0.0,1,0,0,1,20.0,1,100.0,2,33.33,90,0.0,0,0,0,0,0,0,0,0,0,1,0,0,0,6,85.71,1,0,0,3,7,0,3,2,79,0,1,0,0,0,0,1,0,0,10.48,4,29.95,0,0,0,0,0,1,0,0,0,0,0,0,1,0,0,0,0,0,4,0,0,0,0,7,1,1,100.0,0.0,0,0,0,39,30,0,0.02,0,3,0,1
2087085,Yan Diomande,yan-diomande,2829,Real Madrid,6.6,6.6,1,0,0,0,0,0.01,0,2,0,2,100.0,1,1,1,0,0,0.0,0,0,0,0,0,0,0.0,1,1,0,0,0.0,0,0.0,0,0.0,11,0.0,0,0,0,0,0,0,0,0,1,0,0,0,0,1,100.0,0,0,0,1,3,0,0,0,6,0,0,0,0,0,0,0,0,0,1.79,4,31.97,0,0,0,0,0,0,0,0,0,0,0,0,0,0,0,0,0,0,1,0,0,0,0,1,0,0,0.0,0.0,0,0,0,1,1,0,0.02,0,0,0,1
1126569,Bilal El Khannouss,bilal-el-khannouss,2677,VfB Stuttgart,6.6,6.6,1,0,0,0,0,0.09,0,33,4,37,89.19,10,23,19,1,1,100.0,0,0,0,0,0,0,0.0,1,0,0,4,66.67,0,0.0,4,50.0,71,0.0,0,0,0,0,0,0,0,0,0,1,0,0,0,2,100.0,1,1,0,1,9,1,3,1,52,3,1,0,0,0,0,1,0,0,8.98,9,30.49,0,0,0,0,0,1,0,0,0,0,0,0,1,0,0,1,1,1,4,2,0,0,0,2,1,0,0.0,0.0,0,0,0,13,24,0,0.01,0,5,0,1
914902,Anthony Gordon,anthony-gordon,2817,FC Barcelona,6.6,6.6,1,0,0,0,0,0.38,0,24,2,26,92.31,6,18,8,3,0,0.0,0,0,0,0,0,1,100.0,1,0,1,0,0.0,0,0.0,0,0.0,27,0.0,0,0,0,0,0,0,0,0,0,1,0,0,0,1,100.0,0,0,0,0,4,0,0,0,30,0,0,0,0,0,0,0,0,0,3.34,5,30.02,0,0,0,0,0,1,0,0,0,0,0,0,0,0,0,3,2,1,2,0,0,0,0,1,1,0,0.0,0.0,0,0,0,6,20,0,0.01,0,0,0,1
925097,Ronald Araújo,ronald-araujo,44,Liverpool FC,6.5,6.5,1,0,1,0,1,0.12,1,33,6,39,84.62,12,21,6,1,0,0.0,0,0,0,0,0,0,0.0,3,0,3,0,0.0,2,50.0,2,28.57,90,0.0,0,0,0,0,0,0,0,0,3,0,0,0,0,3,50.0,2,0,0,2,13,0,1,0,62,0,0,0,0,0,0,0,0,0,10.74,15,32.54,0,0,0,0,0,0,1,0,0,0,0,0,1,0,0,1,1,1,5,2,0,0,0,6,1,0,0.0,0.0,0,0,0,13,26,0,0.2,0,0,1,1
827506,Gaëtan Perrin,gaetan-perrin,1643,Lille,6.5,6.5,1,0,0,0,1,0.06,1,7,6,13,53.85,3,4,4,1,0,0.0,0,0,0,0,0,1,25.0,1,0,0,1,33.33,0,0.0,1,33.33,61,0.0,0,0,0,0,1,0,0,0,0,1,0,0,0,0,0.0,0,0,0,0,12,0,2,1,26,1,0,0,0,2,0,1,0,0,7.61,8,30.02,0,0,0,0,0,3,0,0,0,0,0,0,1,0,0,1,0,4,2,0,0,0,0,0,3,0,0.0,0.0,0,0,0,5,8,0,0.04,0,1,0,1
1939173,Jan Virgili,jan-virgili,2888,Club Brugge KV,6.5,6.5,1,0,1,0,1,0.15,1,23,5,28,82.14,5,18,15,1,2,28.57,0,1,1,0,0,0,0.0,1,1,0,2,20.0,0,0.0,2,20.0,86,0.0,0,0,0,0,0,0,0,0,1,0,0,0,0,0,0.0,0,0,0,1,16,2,0,0,49,0,1,0,0,1,0,0,0,0,9.86,20,32.54,0,0,0,0,0,3,0,0,0,0,0,0,1,0,0,1,7,2,8,0,0,0,0,0,3,0,0.0,0.0,0,0,0,7,21,0,0.04,0,7,0,1
824200,Ademola Lookman,ademola-lookman,2836,Atlético Madrid,6.5,6.5,1,0,0,0,0,0.02,0,14,0,14,100.0,7,7,5,0,0,0.0,1,0,0,0,0,0,0.0,0,0,0,1,33.33,0,0.0,1,33.33,31,0.0,0,0,0,0,0,0,0,0,0,0,0,0,0,0,0.0,0,0,0,1,3,0,0,0,19,0,1,0,0,0,0,0,0,0,4.08,6,32.69,0,0,0,0,0,0,0,0,0,0,0,0,0,0,0,0,0,2,2,0,0,0,0,0,0,0,0.0,0.0,0,0,0,7,7,0,,0,0,0,1
917087,Kang-in Lee,kang-in-lee,2836,Atlético Madrid,6.5,6.5,1,0,0,0,0,0.02,0,25,3,28,89.29,13,12,7,1,0,0.0,1,0,0,0,0,0,0.0,0,0,0,3,42.86,0,0.0,3,37.5,59,0.0,0,0,0,0,0,0,0,0,0,0,0,0,0,3,100.0,0,0,1,3,8,1,0,0,37,2,1,0,0,0,0,0,0,0,7.25,10,32.33,0,0,0,0,0,1,1,0,0,0,0,0,1,0,0,1,0,0,5,1,0,0,0,3,2,1,100.0,0.0,0,0,0,15,13,0,,0,5,0,1
1410240,Rodrigo Mora,mora-rodrigo,2702,AS Roma,6.5,6.5,1,0,0,0,0,0.01,0,8,3,11,72.73,4,4,2,0,2,66.67,0,0,0,0,0,0,0.0,0,0,0,2,50.0,0,0.0,2,40.0,16,0.0,0,0,0,0,0,0,0,0,0,0,0,0,0,0,0.0,0,0,0,0,6,0,2,0,17,0,0,0,0,1,0,0,0,0,2.71,1,27.68,0,0,0,0,0,0,0,0,0,0,0,0,0,0,0,0,3,2,3,1,0,0,0,1,0,0,0.0,0.0,0,0,0,4,7,0,,0,0,0,1
1465865,Shea Lacey,shea-lacey,35,Manchester United,6.5,6.5,1,0,0,0,0,0.1,0,7,1,8,87.5,5,2,2,1,0,0.0,0,0,0,0,0,0,0.0,0,0,0,0,0.0,0,0.0,0,0.0,18,0.0,0,0,0,0,0,0,0,0,0,0,0,0,0,0,0.0,0,0,0,0,5,0,0,0,14,0,0,0,0,0,0,0,0,0,2.82,2,28.08,0,0,0,0,0,0,0,0,0,0,0,0,0,0,0,1,3,0,3,0,0,0,0,0,0,0,0.0,0.0,0,0,0,6,2,0,,0,1,0,1
1001196,Gonçalo Inácio,goncalo-inacio,3001,Sporting CP,6.5,6.5,1,0,0,0,0,0.0,0,33,6,39,84.62,23,10,1,0,0,0.0,3,1,0,0,0,0,0.0,0,0,0,4,66.67,2,100.0,6,75.0,90,0.0,0,0,0,0,0,0,0,0,0,0,0,0,0,3,37.5,7,0,1,0,10,0,4,1,59,1,1,0,1,1,0,0,0,0,9.92,6,30.46,0,0,0,0,0,1,0,0,0,0,0,0,1,0,0,0,0,0,2,0,0,0,0,8,1,2,66.67,0.0,0,0,0,24,15,0,,2,2,1,1
143334,Victor Lindelöf,victor-lindelof,40,Aston Villa,6.5,6.5,1,0,0,0,0,0.0,0,37,3,40,92.5,28,9,2,0,0,0.0,0,0,0,0,0,0,0.0,0,0,0,0,0.0,1,50.0,1,25.0,90,0.0,0,0,0,0,0,0,0,0,0,0,0,0,0,3,50.0,8,0,0,0,3,0,4,2,50,0,2,0,0,0,0,0,0,0,10.71,4,28.12,0,0,0,0,0,2,0,0,0,0,0,0,1,0,0,0,0,0,3,1,0,0,0,6,2,0,0.0,0.0,0,0,0,29,11,0,,0,1,0,1
1095731,Oussama Targhalline,oussama-targhalline,2959,Feyenoord,6.5,6.5,1,0,0,0,0,0.0,0,19,3,22,86.36,15,4,2,0,1,100.0,2,2,0,0,0,0,0.0,0,0,0,4,80.0,0,0.0,4,80.0,45,0.0,0,0,0,0,0,0,0,0,0,0,0,0,0,1,100.0,0,0,0,0,6,0,0,0,31,1,1,0,0,0,0,0,0,0,5.34,3,27.68,0,0,0,0,0,2,1,0,0,0,0,0,0,0,0,0,1,0,1,0,0,0,0,1,3,1,50.0,0.0,0,0,0,16,6,0,,0,4,0,1
838629,Álvaro Fidalgo,alvaro-fidalgo,2816,Real Betis,6.5,6.5,1,0,0,0,0,0.01,0,16,2,18,88.89,4,12,6,1,0,0.0,0,0,0,0,0,0,0.0,0,0,0,0,0.0,0,0.0,0,0.0,29,0.0,0,0,0,0,0,0,0,0,0,0,0,0,0,0,0.0,0,0,0,0,5,0,0,0,22,0,0,0,0,0,0,0,0,0,4.95,7,29.66,0,0,0,0,0,0,0,0,0,0,0,0,0,0,0,1,1,0,1,0,0,0,0,0,0,0,0.0,0.0,0,0,0,4,14,0,,0,1,0,1
822708,Amadou Haidara,amadou-haidara,1648,RC Lens,6.5,6.5,1,0,0,0,0,0.03,0,29,10,39,74.36,9,20,7,0,0,0.0,1,2,0,0,0,0,0.0,0,0,0,1,50.0,3,60.0,4,57.14,75,0.0,0,0,0,0,0,0,0,0,0,0,0,0,0,0,0.0,3,0,0,0,11,0,4,3,48,0,1,0,0,0,0,0,0,0,9.25,2,27.47,0,0,0,0,0,0,1,0,0,0,0,0,1,0,0,0,0,0,3,2,0,0,0,1,1,0,0.0,0.0,0,0,0,11,28,0,,0,2,0,1
788949,Maximilian Mittelstädt,maximilian-mittelstadt,2677,VfB Stuttgart,6.5,6.5,1,0,0,0,0,0.03,0,54,7,61,88.52,23,31,11,1,0,0.0,0,1,0,0,0,0,0.0,0,0,0,2,40.0,2,50.0,4,44.44,86,0.0,0,0,0,0,0,0,0,0,0,0,0,0,0,2,66.67,2,0,1,0,8,0,2,1,76,2,1,0,0,2,1,0,0,0,10.32,15,31.14,0,0,0,0,0,1,0,0,0,0,0,0,1,0,0,1,0,1,5,2,0,0,0,3,1,0,0.0,0.0,0,0,0,26,35,0,,0,6,0,1
845798,Guus Til,guus-til,2952,PSV Eindhoven,6.5,6.5,1,0,0,0,0,0.01,0,15,6,21,71.43,6,9,3,0,0,0.0,2,0,0,0,0,0,0.0,0,0,0,2,66.67,0,0.0,2,66.67,90,0.0,0,0,0,0,0,0,0,0,0,0,0,0,0,0,0.0,2,0,0,0,7,0,1,0,27,0,0,0,0,0,0,0,0,0,11.7,13,31.36,0,0,0,0,0,1,0,0,0,0,0,0,1,0,0,0,1,0,1,0,0,0,0,2,1,2,100.0,0.0,0,0,0,7,14,0,,0,2,0,1
1142585,Martim Fernandes,martim-fernandes,3002,FC Porto,6.5,6.5,1,0,0,0,0,0.02,0,32,2,34,94.12,22,10,5,0,0,0.0,2,0,0,0,0,0,0.0,0,0,0,3,60.0,1,50.0,4,57.14,73,0.0,0,0,0,0,0,0,0,0,0,0,0,0,0,1,100.0,1,0,0,0,7,1,2,1,47,1,0,0,0,0,0,0,0,0,9.44,17,33.01,0,0,0,0,0,1,0,0,0,0,0,0,1,0,0,0,2,0,3,1,0,0,0,1,1,1,50.0,0.0,0,0,0,23,11,0,,0,3,0,1
1002334,Zini,zini,3250,AEK Athens,6.5,6.5,1,0,0,1,0,,0,3,0,3,100.0,0,3,1,1,0,0.0,0,0,0,0,0,0,0.0,1,1,0,0,0.0,0,0.0,0,0.0,8,0.0,0,0,0,0,0,0,0,0,1,0,0,0,0,1,100.0,0,0,0,0,1,0,0,0,5,0,1,0,0,0,0,0,0,0,1.63,3,31.0,0,0,0,0,0,0,0,0,0,0,0,0,0,0,0,1,0,1,1,0,0,0,0,1,0,0,0.0,0.0,0,0,0,0,3,0,,0,1,0,1
1087364,Tiago Santos,tiago-santos,1643,Lille,6.5,6.5,1,0,0,0,0,0.03,0,36,6,42,85.71,20,16,9,1,4,80.0,3,0,0,0,0,0,0.0,0,0,0,8,66.67,0,0.0,8,61.54,90,0.0,0,0,0,0,0,0,0,0,0,0,0,0,0,1,33.33,1,0,0,0,14,0,3,1,67,1,3,0,0,0,0,0,0,0,11.34,14,31.97,0,0,0,0,0,3,0,0,0,0,0,0,1,0,0,1,5,2,5,1,0,0,0,3,3,1,33.33,0.0,0,0,0,22,20,0,,0,4,0,1
980671,Sven Mijnans,sven-mijnans,2952,PSV Eindhoven,6.5,6.5,1,0,0,0,0,,0,0,0,0,0.0,0,0,0,0,0,0.0,0,0,0,0,0,0,0.0,0,0,0,0,0.0,0,0.0,0,0.0,10,0.0,0,0,0,0,0,0,0,0,0,0,0,0,0,0,0.0,0,0,0,0,0,0,0,0,0,0,2,0,0,0,0,0,0,0,1.09,0,25.38,0,0,0,0,0,0,0,0,0,0,0,0,0,0,0,0,0,0,1,0,0,0,0,0,0,0,0.0,0.0,0,0,0,0,0,0,,0,0,0,1
558524,Akim Zedadka,akim-zedadka,267828,Sabah FK,6.5,6.5,1,0,0,0,0,0.01,0,30,3,33,90.91,21,9,4,0,0,0.0,2,1,0,0,0,0,0.0,0,0,0,4,57.14,3,100.0,7,70.0,75,0.0,0,0,0,0,0,0,0,0,0,0,0,0,0,1,33.33,2,0,0,1,7,0,0,0,56,3,0,0,0,0,0,0,0,0,8.77,12,31.43,0,0,0,0,0,4,0,0,0,0,0,0,1,0,0,0,2,0,3,0,0,0,0,3,4,1,50.0,0.0,0,0,0,23,10,0,,0,1,2,1
1145242,Aleksey Isayev,aleksey-isayev,267828,Sabah FK,6.5,6.5,1,0,0,0,0,0.01,0,17,2,19,89.47,7,10,6,0,1,100.0,0,0,0,0,0,0,0.0,0,0,0,1,33.33,0,0.0,1,33.33,27,0.0,0,0,0,0,0,0,0,0,0,0,0,0,0,1,100.0,0,0,0,0,3,0,3,2,23,0,0,0,0,2,0,0,0,0,4.05,1,26.28,0,0,0,0,0,1,0,0,0,0,0,0,0,0,0,0,1,0,2,0,0,0,0,1,1,0,0.0,0.0,0,0,0,7,12,0,,0,0,0,1
1128129,Du Queiroz,du-queiroz,267828,Sabah FK,6.5,6.5,1,0,0,0,0,0.0,0,3,2,5,60.0,1,2,1,0,0,0.0,0,0,0,0,0,0,0.0,0,0,0,0,0.0,0,0.0,0,0.0,15,0.0,0,0,0,0,0,0,0,0,0,0,0,0,0,0,0.0,0,0,0,0,3,0,0,0,6,0,0,0,0,0,0,0,0,0,2.62,5,30.31,0,0,0,0,0,0,0,0,0,0,0,0,0,0,0,0,1,0,1,0,0,0,0,0,0,0,0.0,0.0,0,0,0,2,3,0,,0,1,0,1
1215061,Moses Usor,moses-usor,2058,LASK,6.5,6.5,1,0,1,0,0,,0,18,5,23,78.26,4,14,10,1,0,0.0,1,2,0,0,0,0,0.0,1,0,1,1,25.0,1,50.0,2,33.33,90,0.0,0,0,0,0,0,0,0,0,0,1,0,0,0,1,100.0,0,0,0,1,15,1,1,1,43,0,1,0,0,0,0,0,0,0,10.6,13,30.71,0,0,0,0,0,0,1,0,0,0,0,0,1,0,0,1,2,5,4,1,0,0,0,1,1,0,0.0,0.0,0,0,0,5,18,0,,0,5,0,1
51665,Benjamin André,benjamin-andre,1643,Lille,6.5,6.5,1,0,0,0,0,0.01,0,21,8,29,72.41,7,14,5,0,0,0.0,3,1,0,0,0,0,0.0,0,0,0,4,44.44,5,55.56,9,50.0,76,0.0,0,0,0,0,0,0,0,0,0,0,0,0,0,0,0.0,4,0,0,2,12,1,3,0,49,1,2,0,0,0,1,0,0,0,9.86,9,29.09,0,0,0,0,0,3,0,0,0,0,0,0,1,0,0,0,1,0,9,4,0,0,0,1,3,1,33.33,0.0,0,0,0,9,20,0,,0,1,0,1
147776,Alessandro Schöpf,alessandro-schopf,2058,LASK,6.5,6.5,1,0,0,0,0,,0,16,1,17,94.12,3,13,7,0,0,0.0,0,0,0,0,0,0,0.0,0,0,0,1,25.0,0,0.0,1,25.0,25,0.0,0,0,0,0,0,0,0,0,0,0,0,0,0,0,0.0,0,0,0,0,2,0,0,0,19,1,0,0,0,3,0,0,0,0,3.89,3,28.44,0,0,0,0,0,0,0,0,0,0,0,0,0,0,0,0,0,0,3,0,0,0,0,0,0,0,0.0,0.0,0,0,0,3,14,0,,0,0,0,1
1126541,Simen Kvia-Egeskog,simen-kvia-egeskog,1164,Viking FK,6.5,6.5,1,0,0,0,0,0.0,0,9,2,11,81.82,4,5,3,0,0,0.0,0,0,0,0,0,0,0.0,0,0,0,0,0.0,1,100.0,1,50.0,19,0.0,0,0,0,0,0,0,0,0,0,0,0,0,0,0,0.0,0,0,0,0,4,1,0,0,16,0,1,0,0,0,0,0,0,0,3.04,1,25.99,0,0,0,0,0,0,0,0,0,0,0,0,0,0,0,0,0,0,1,0,0,0,0,0,0,0,0.0,0.0,0,0,0,4,7,0,,0,1,0,1
282093,Sascha Horvath,sascha-horvath,2058,LASK,6.5,6.5,1,0,0,1,0,,0,36,5,41,87.8,11,25,19,2,1,33.33,0,0,0,0,0,0,0.0,3,1,1,1,12.5,1,100.0,2,22.22,90,0.0,0,0,0,0,0,0,0,0,1,2,0,0,0,2,40.0,0,0,0,3,13,1,2,1,57,0,0,0,0,2,0,1,0,0,11.06,10,30.67,0,0,0,0,0,0,1,0,0,0,0,0,1,0,0,2,3,3,7,0,0,0,0,5,1,0,0.0,0.0,0,0,0,12,29,0,,0,6,0,1
1087830,Artur Gajdoš,artur-gajdos,2404,ŠK Slovan Bratislava,6.5,6.5,1,0,0,0,0,0.05,0,5,0,5,100.0,3,2,2,1,0,0.0,1,0,0,0,0,1,100.0,0,0,0,1,50.0,0,0.0,1,50.0,10,0.0,0,0,0,0,0,0,0,0,0,0,0,0,0,0,0.0,0,0,0,0,0,0,0,0,8,0,0,0,0,1,0,0,0,0,1.83,2,27.07,0,0,0,0,0,1,0,0,0,0,0,0,0,0,0,1,0,1,1,0,0,0,0,0,1,1,100.0,0.0,0,0,0,3,2,0,,0,1,0,1
2063059,Toumani Diakite,toumani-diakite,2216,SK Slavia Praha,6.5,6.5,1,0,0,0,0,0.01,0,2,0,2,100.0,0,2,2,0,1,100.0,0,0,0,0,0,0,0.0,0,0,0,1,100.0,0,0.0,1,100.0,8,0.0,0,0,0,0,0,0,0,0,0,0,0,0,0,0,0.0,0,0,0,0,1,0,1,1,4,0,0,0,0,0,0,0,0,0,1.73,2,28.37,0,0,0,0,0,2,0,0,0,0,0,0,0,0,0,0,1,0,0,0,0,0,0,0,2,0,0.0,0.0,0,0,0,0,2,0,,0,0,0,1
787543,Florian Flecker,florian-flecker,2058,LASK,6.5,6.5,1,0,0,0,0,,0,11,0,11,100.0,3,8,5,0,0,0.0,0,0,0,0,0,0,0.0,0,0,0,0,0.0,0,0.0,0,0.0,25,0.0,0,0,0,0,0,0,0,0,0,0,0,0,0,0,0.0,0,0,0,0,1,0,0,0,13,0,0,0,0,0,0,0,0,0,3.44,8,30.38,0,0,0,0,0,0,0,0,0,0,0,0,0,0,0,0,0,1,0,0,0,0,0,0,0,0,0.0,0.0,0,0,0,3,8,0,,0,0,0,1
934235,Bukayo Saka,bukayo-saka,42,Arsenal,6.5,6.5,1,0,0,1,0,0.15,0,33,4,37,89.19,1,32,25,1,2,100.0,0,0,0,0,0,2,50.0,6,1,3,2,66.67,1,100.0,3,75.0,73,0.0,0,0,0,0,0,0,0,0,4,2,0,0,0,0,0.0,0,0,0,1,11,0,0,0,56,0,0,0,0,0,0,2,0,0,8.6,6,30.38,0,0,0,0,0,0,0,0,0,0,0,0,1,0,0,1,2,4,1,0,0,0,0,0,0,0,0.0,0.0,0,0,0,1,36,0,1.09,0,0,0,1
1471221,Alisson Santana,alisson,3313,Shakhtar Donetsk,6.5,6.5,1,0,0,0,0,0.01,0,9,5,14,64.29,4,5,3,0,1,33.33,2,0,0,0,0,0,0.0,4,0,1,5,35.71,2,100.0,7,43.75,89,0.0,0,0,0,0,1,0,0,0,2,2,0,0,0,0,0.0,0,0,0,3,14,0,0,0,36,2,3,0,0,1,0,3,0,0,10.14,15,32.76,0,0,0,0,0,1,0,0,0,0,0,0,1,0,0,0,3,4,9,0,0,0,0,1,1,2,100.0,0.0,0,0,0,6,8,0,0.23,1,2,1,1
904096,Barış Alper Yılmaz,baris-alper-yilmaz,3061,Galatasaray,6.5,6.5,1,0,0,0,0,0.04,0,14,3,17,82.35,2,12,7,1,1,50.0,0,0,0,0,0,0,0.0,2,0,1,4,44.44,1,50.0,5,45.45,90,0.0,0,0,0,0,0,0,0,0,2,0,0,0,0,0,0.0,0,0,0,2,13,2,0,0,38,3,2,0,0,0,0,1,0,0,10.53,22,32.65,0,0,0,0,0,2,1,0,0,0,0,0,1,0,0,1,2,4,6,1,0,0,0,0,3,0,0.0,0.0,0,0,0,2,15,0,0.22,0,3,0,1
1085179,Patrick Orphe M'Bina,patrick-orphe-mbina,267828,Sabah FK,6.5,6.5,1,0,0,1,0,0.0,0,3,0,3,100.0,1,2,1,0,0,0.0,0,0,0,0,0,0,0.0,1,0,1,1,50.0,0,0.0,1,50.0,45,0.0,0,0,0,0,0,0,0,0,1,0,0,0,0,0,0.0,0,0,0,0,3,0,0,0,9,1,0,1,0,0,0,0,0,0,5.5,8,31.79,0,0,0,0,0,1,0,0,0,0,0,0,0,0,0,0,1,0,1,0,0,0,0,0,1,0,0.0,0.0,0,0,0,1,2,0,0.21,0,1,0,1
1218066,Anis Hadj Moussa,anis-hadj-moussa,2959,Feyenoord,6.5,6.5,1,0,0,1,0,0.0,0,7,4,11,63.64,2,5,3,0,3,37.5,2,0,0,0,0,0,0.0,2,1,0,6,50.0,0,0.0,6,50.0,72,0.0,0,0,0,0,0,0,0,0,2,0,0,0,0,0,0.0,0,0,0,1,11,1,1,1,29,1,0,0,0,0,0,1,0,0,8.19,15,33.23,0,0,0,0,0,2,1,0,0,0,0,0,1,0,0,0,8,0,6,0,0,0,0,1,3,1,50.0,0.0,0,0,0,2,9,0,0.13,0,5,0,1
826134,Trevoh Chalobah,trevoh-chalobah,2704,Como,6.5,6.5,1,0,0,0,0,0.0,0,64,3,67,95.52,57,7,1,0,0,0.0,0,0,0,0,0,0,0.0,1,0,1,0,0.0,2,66.67,2,66.67,90,0.0,0,0,0,0,0,0,0,0,1,0,0,0,0,1,25.0,3,0,0,0,4,0,0,0,74,0,0,0,0,0,0,0,0,0,9.54,2,27.97,0,0,0,0,0,0,1,0,0,0,0,0,1,0,0,0,0,0,1,1,0,0,0,4,1,0,0.0,0.0,0,0,0,59,8,0,0.1,4,1,0,1
1418623,Assan Ouédraogo,assan-ouedraogo,36360,RB Leipzig,6.5,6.5,1,0,0,0,0,0.01,0,8,2,10,80.0,1,7,4,1,1,50.0,0,1,0,0,0,0,0.0,1,0,1,3,60.0,2,66.67,5,62.5,30,0.0,0,0,0,0,0,0,0,0,0,1,0,0,0,0,0.0,0,0,0,1,5,1,0,0,18,2,0,0,0,0,0,0,0,0,4.02,2,30.02,0,0,0,0,0,1,0,0,0,0,0,0,0,0,0,1,2,1,3,1,0,0,0,0,1,0,0.0,0.0,0,0,0,2,8,0,0.09,0,3,0,1
864921,Eberechi Eze,eberechi-eze,42,Arsenal,6.5,6.5,1,0,1,0,0,0.31,0,21,1,22,95.45,1,20,13,2,0,0.0,0,0,0,0,0,0,0.0,2,0,1,2,33.33,0,0.0,2,28.57,66,0.0,0,0,0,0,0,0,0,0,0,2,0,0,0,0,0.0,0,0,0,0,5,0,0,0,32,2,2,0,0,0,0,1,0,0,7.71,7,31.07,0,0,0,0,0,0,0,0,0,0,0,0,1,0,0,2,2,0,5,1,0,0,0,0,0,0,0.0,0.0,0,0,0,1,21,0,0.09,0,0,0,1
1016893,Luís Guilherme,luis-guilherme,3001,Sporting CP,6.5,6.5,1,0,0,0,0,0.01,0,20,3,23,86.96,7,13,8,0,0,0.0,0,1,0,0,0,0,0.0,1,0,0,2,28.57,0,0.0,2,28.57,90,0.0,0,0,0,0,0,0,0,0,1,0,0,0,0,0,0.0,0,0,0,1,6,0,0,0,32,2,1,0,0,1,0,1,0,0,10.74,19,33.84,0,0,0,0,0,1,0,0,0,0,0,0,1,0,0,0,2,0,5,0,0,0,0,1,1,0,0.0,0.0,0,0,0,9,14,0,0.08,0,2,0,1
1086417,Rasmus Højlund,rasmus-hojlund,2714,SSC Napoli,6.5,6.5,1,0,0,0,0,0.01,0,9,5,14,64.29,4,5,1,0,0,0.0,0,0,0,0,0,0,0.0,1,0,0,0,0.0,2,50.0,2,28.57,76,0.0,0,0,0,0,0,0,0,0,1,0,0,0,0,0,0.0,2,0,0,1,7,0,0,0,19,0,2,0,0,0,1,1,0,0,8.3,15,35.24,0,0,0,0,0,0,1,0,0,0,0,0,1,0,0,0,0,0,5,2,0,0,0,0,1,0,0.0,0.0,0,0,0,7,7,0,0.08,0,2,0,1
946393,Peter Christiansen,peter-christiansen,1164,Viking FK,6.5,6.5,1,0,0,0,0,0.0,0,3,9,12,25.0,0,3,1,0,1,100.0,3,1,1,0,0,0,0.0,1,0,1,6,66.67,1,16.67,7,46.67,90,0.0,0,0,0,0,0,0,0,0,1,0,0,0,0,0,0.0,0,0,0,1,16,0,1,0,29,2,2,0,0,0,0,0,0,0,10.95,20,32.9,0,0,0,0,0,3,0,0,0,0,0,0,1,0,0,0,1,0,8,5,0,0,0,1,3,3,100.0,0.0,0,0,0,4,8,0,0.05,0,2,0,1
999033,Junior Kadile,kadile-junior,1648,RC Lens,6.5,6.5,1,0,0,0,0,0.03,0,3,0,3,100.0,1,2,2,0,0,0.0,0,0,0,0,0,0,0.0,1,0,1,0,0.0,0,0.0,0,0.0,15,0.0,0,0,0,0,0,0,0,0,1,0,0,0,0,0,0.0,0,0,0,0,4,0,0,0,10,0,0,0,0,0,0,0,0,0,2.44,4,31.82,0,0,0,0,0,0,1,0,0,0,0,0,0,0,0,0,1,2,1,0,0,0,0,0,1,0,0.0,0.0,0,0,0,1,2,0,0.04,0,2,0,1
70996,Kevin De Bruyne,kevin-de-bruyne,2714,SSC Napoli,6.5,6.5,1,0,0,0,0,0.01,0,20,9,29,68.97,10,10,6,2,0,0.0,1,0,0,0,0,0,0.0,1,1,0,4,66.67,0,0.0,4,57.14,90,0.0,0,0,0,0,0,0,0,0,0,1,0,0,0,0,0.0,0,0,0,1,11,0,3,0,37,3,1,0,0,0,0,0,0,0,11.62,13,30.38,0,0,0,0,0,0,1,0,0,0,0,0,1,0,0,2,0,1,3,1,0,0,0,3,1,0,0.0,0.0,0,0,0,10,19,0,0.04,0,0,0,1
1101258,Kyriani Sabbe,kyriani-sabbe,2888,Club Brugge KV,6.5,6.5,1,0,0,0,0,0.32,0,41,6,47,87.23,20,21,13,0,0,0.0,1,0,0,0,0,0,0.0,1,0,1,1,100.0,0,0.0,1,50.0,45,0.0,0,0,0,0,0,0,0,0,0,1,0,0,0,4,80.0,0,0,1,0,7,0,5,2,60,0,0,0,0,0,0,0,0,0,5.99,8,31.46,0,0,0,0,0,3,0,0,0,0,0,0,1,0,0,0,0,0,1,1,0,0,0,5,3,1,100.0,0.0,0,0,0,22,25,0,0.04,0,3,0,1
1134291,Umarali Rakhmonaliev,umarali-rahmonaliev,267828,Sabah FK,6.5,6.5,1,0,0,0,0,0.02,0,37,2,39,94.87,23,14,5,1,1,100.0,1,0,0,0,0,0,0.0,1,0,0,2,66.67,0,0.0,2,66.67,71,0.0,0,0,0,0,0,0,0,0,0,1,0,0,0,1,50.0,1,0,0,1,4,0,3,1,48,0,0,0,0,0,0,1,0,0,9.94,11,30.2,0,0,0,0,0,4,0,0,0,0,0,0,1,0,0,1,1,1,1,0,0,0,0,2,4,0,0.0,0.0,0,0,0,23,16,0,0.04,0,4,0,1
1082406,Matías Soulé,matias-soule,2702,AS Roma,6.5,6.5,1,0,0,0,0,0.13,0,37,7,44,84.09,9,28,15,1,0,0.0,1,1,0,0,0,0,0.0,1,0,1,1,20.0,1,100.0,2,33.33,74,0.0,0,0,0,0,0,0,0,0,1,0,0,0,0,4,100.0,0,0,0,2,17,0,2,2,60,0,0,0,0,0,0,0,0,0,8.57,7,30.71,0,0,0,0,0,1,0,0,0,0,0,0,1,0,0,1,2,2,4,0,0,0,0,4,1,1,100.0,0.0,0,0,0,10,34,0,0.03,0,1,0,1
1639250,William Gomes,william-gomes,3002,FC Porto,6.5,6.5,1,0,0,0,0,0.01,0,5,2,7,71.43,2,3,2,0,0,0.0,2,0,0,0,0,0,0.0,1,0,1,3,37.5,0,0.0,3,30.0,68,0.0,0,0,0,0,0,0,0,0,1,0,0,0,0,1,100.0,0,0,0,2,9,0,0,0,24,1,1,0,0,1,2,0,0,0,7.84,19,34.09,0,0,0,0,0,1,0,0,0,0,0,0,1,0,0,0,1,1,7,2,0,0,0,1,1,2,100.0,0.0,0,0,0,2,5,0,0.03,0,1,0,1
795064,Trent Alexander-Arnold,trent-alexander-arnold,2829,Real Madrid,6.5,6.5,1,0,1,0,0,0.08,0,20,4,24,83.33,9,11,3,2,1,100.0,0,0,0,0,0,1,25.0,1,0,0,1,50.0,0,0.0,1,50.0,79,0.0,0,0,0,0,0,0,0,0,0,1,0,0,0,0,0.0,2,0,1,0,7,1,2,0,35,0,0,0,0,1,0,1,0,0,9.08,3,28.44,0,0,0,0,0,1,0,0,0,0,0,0,1,0,0,2,1,4,1,0,0,0,0,3,1,0,0.0,0.0,0,0,0,11,13,0,0.02,0,2,0,1
927407,Josip Stanišić,josip-stanisic,2672,FC Bayern München,6.5,6.5,1,0,0,0,0,0.0,0,11,1,12,91.67,3,8,4,1,0,0.0,0,0,0,0,0,0,0.0,1,0,1,0,0.0,0,0.0,0,0.0,25,0.0,0,0,0,0,0,0,0,0,0,1,0,0,0,0,0.0,0,0,0,0,3,0,0,0,17,0,0,0,0,0,0,0,0,0,3.19,6,32.33,0,0,0,0,0,0,0,0,0,0,0,0,0,0,0,1,1,1,2,1,0,0,0,0,0,0,0.0,0.0,0,0,0,3,9,0,0.02,0,1,0,1
37151,Henrikh Mkhitaryan,henrikh-mkhitaryan,2697,Inter,6.5,6.5,1,0,0,0,0,0.02,0,13,1,14,92.86,3,10,8,0,0,0.0,0,0,0,0,0,0,0.0,1,1,0,0,0.0,0,0.0,0,0.0,11,0.0,0,0,0,0,0,0,0,0,0,1,0,0,0,0,0.0,0,0,0,1,2,0,1,0,17,0,0,0,0,0,0,0,0,0,1.54,1,27.86,0,0,0,0,0,0,0,0,0,0,0,0,0,0,0,0,0,0,1,0,0,0,0,0,0,0,0.0,0.0,0,0,0,4,10,0,0.02,0,0,0,1
847128,Marc Roca,marc-roca,2816,Real Betis,6.5,6.5,1,0,0,0,0,0.0,0,17,0,17,100.0,13,4,0,0,0,0.0,0,0,1,0,0,0,0.0,1,1,0,0,0.0,0,0.0,0,0.0,23,0.0,0,0,0,0,0,0,0,0,0,1,0,0,0,0,0.0,0,0,0,0,0,0,0,0,18,0,1,0,0,0,0,0,0,0,3.67,1,26.39,0,0,0,0,0,0,0,0,0,0,0,0,0,0,0,0,0,0,1,0,0,0,0,0,0,0,0.0,0.0,0,0,0,13,4,0,0.02,0,1,0,1
95494,Tigran Barseghyan,tigran-barseghyan,2404,ŠK Slovan Bratislava,6.4,6.4,1,0,1,0,1,0.01,1,10,8,18,55.56,2,8,5,1,0,0.0,1,1,0,0,0,0,0.0,1,1,0,2,66.67,1,100.0,3,75.0,60,0.0,0,0,0,0,1,0,0,0,0,1,0,0,0,0,0.0,1,0,0,1,9,1,3,1,25,1,0,0,0,0,0,0,0,0,6.76,5,30.6,0,0,0,0,0,4,1,0,0,0,0,0,1,0,0,1,0,0,1,0,0,0,0,2,5,0,0.0,0.0,0,0,0,3,15,0,0.04,0,3,0,1
935564,Jonathan David,jonathan-david,2836,Atlético Madrid,6.4,6.4,1,0,0,0,0,0.0,0,7,0,7,100.0,2,5,3,0,0,0.0,0,0,0,0,0,0,0.0,0,0,0,0,0.0,0,0.0,0,0.0,17,0.0,0,0,0,0,0,0,0,0,0,0,0,0,0,0,0.0,0,0,0,1,2,0,0,0,9,0,0,0,0,0,0,0,0,0,3.0,5,30.92,0,0,0,0,0,0,0,0,0,0,0,0,0,0,0,0,0,0,2,1,0,0,0,0,0,0,0.0,0.0,0,0,0,2,5,0,,0,0,0,1
966837,Martín Zubimendi,martin-zubimendi,42,Arsenal,6.4,6.4,1,0,0,0,0,0.0,0,2,0,2,100.0,1,1,1,0,0,0.0,0,2,0,0,0,0,0.0,0,0,0,0,0.0,0,0.0,0,0.0,8,0.0,0,0,0,0,0,0,0,0,0,0,0,0,0,0,0.0,0,0,0,0,1,0,0,0,6,0,1,0,0,0,0,0,0,0,1.76,1,27.4,0,0,0,0,0,0,0,0,0,0,0,0,0,0,0,0,1,0,2,0,0,0,0,0,0,0,0.0,0.0,0,0,0,1,1,0,,0,0,0,1
1128530,Neil El Aynaoui,neil-el-aynaoui,36360,RB Leipzig,6.4,6.4,1,0,0,0,0,0.02,0,43,3,46,93.48,25,18,7,0,0,0.0,2,0,0,0,0,0,0.0,0,0,0,2,50.0,1,33.33,3,42.86,90,0.0,0,0,0,0,0,0,0,0,0,0,0,0,0,0,0.0,0,0,1,0,7,1,1,0,56,0,0,0,0,1,0,0,0,0,12.49,13,32.72,0,0,0,0,0,4,0,0,0,0,0,0,1,0,0,0,1,0,4,2,0,0,0,1,4,2,100.0,0.0,0,0,0,26,20,0,,0,5,1,1
1468744,Konstantinos Karetsas,konstantinos-karetsas,2673,Borussia Dortmund,6.4,6.4,1,0,0,0,0,0.01,0,11,2,13,84.62,3,8,6,0,0,0.0,0,0,0,0,0,0,0.0,0,0,0,1,33.33,0,0.0,1,33.33,27,0.0,0,0,0,0,0,0,0,0,0,0,0,0,0,0,0.0,0,0,0,1,6,0,0,0,18,1,1,0,0,0,0,0,0,0,3.52,6,30.28,0,0,0,0,0,0,0,0,0,0,0,0,1,0,0,0,0,1,2,0,0,0,0,0,0,0,0.0,0.0,0,0,0,3,10,0,,0,1,0,1
754330,Uğurcan Çakır,ugurcan-cakir,3061,Galatasaray,6.4,6.4,1,0,0,0,0,0.0,0,36,5,41,87.8,33,3,1,0,0,0.0,0,0,0,0,0,0,0.0,0,0,0,1,50.0,0,0.0,1,50.0,90,0.0,0,0,0,0,0,0,0,0,0,0,0,0,0,4,44.44,1,0,0,0,5,0,4,2,49,1,0,0,0,1,0,0,0,2,5.08,0,22.57,0,1,0,1,1,2,1,0,1,0,0,0,1,0,0,0,0,0,1,0,0,0,0,9,3,0,0.0,0.0,0,0,0,33,8,0,,1,4,0,1
1407720,Deniz Gül,deniz-gul,3061,Galatasaray,6.4,6.4,1,0,0,0,0,0.0,0,2,0,2,100.0,0,2,1,0,1,100.0,1,0,1,0,0,0,0.0,0,0,0,2,40.0,0,0.0,2,33.33,26,0.0,0,0,0,0,0,0,0,0,0,0,0,0,0,0,0.0,0,0,0,1,3,0,0,0,9,0,3,0,0,0,0,0,0,0,3.35,4,29.63,0,0,0,0,0,0,0,0,0,0,0,0,0,0,0,0,1,0,4,1,0,0,0,0,0,0,0.0,0.0,0,0,0,0,2,0,,0,2,0,1
1021272,Daniel Svensson,daniel-svensson,2673,Borussia Dortmund,6.4,6.4,1,0,0,0,0,0.02,0,48,10,58,82.76,25,23,13,0,0,0.0,2,1,0,0,0,0,0.0,0,0,0,3,75.0,0,0.0,3,33.33,90,0.0,0,0,0,0,0,0,0,0,0,0,0,0,0,1,25.0,1,0,0,0,10,0,3,0,69,1,1,0,0,0,0,0,0,0,11.54,13,30.6,0,0,0,0,0,2,0,0,0,0,0,0,1,0,0,0,0,0,6,5,0,0,0,4,2,0,0.0,0.0,0,0,0,28,30,0,,0,2,0,1
1015287,Natan,natan,2816,Real Betis,6.4,6.4,1,0,0,0,0,0.02,0,48,3,51,94.12,32,16,5,1,0,0.0,1,0,1,0,0,0,0.0,0,0,0,2,100.0,1,50.0,3,75.0,61,0.0,0,0,0,0,0,0,0,0,0,0,0,0,0,0,0.0,2,0,0,0,3,1,1,0,57,1,0,0,0,0,0,0,0,0,6.32,3,28.87,0,0,0,0,0,2,0,0,0,0,0,0,1,0,0,1,0,0,1,1,0,0,0,2,2,1,100.0,0.0,0,0,0,34,17,0,,2,3,0,1
353130,Mario Hermoso,mario-hermoso,2702,AS Roma,6.4,6.4,1,0,0,0,0,0.05,0,75,6,81,92.59,35,40,22,0,0,0.0,0,4,0,0,0,0,0.0,0,0,0,1,25.0,0,0.0,1,20.0,90,0.0,0,0,0,0,0,0,0,0,0,0,0,0,0,1,33.33,1,0,0,0,7,0,3,1,90,1,3,0,0,1,0,0,0,0,9.86,13,31.72,0,0,0,0,0,1,0,0,0,0,0,0,1,0,0,0,0,1,4,1,0,0,0,3,1,0,0.0,0.0,0,0,0,36,45,0,,0,5,0,1
1470002,Shaqueel van Persie,shaqueel-van-persie,2959,Feyenoord,6.4,6.4,1,0,0,0,0,0.01,0,2,3,5,40.0,2,0,0,0,0,0.0,0,0,0,0,0,1,100.0,0,0,0,0,0.0,1,50.0,1,33.33,27,0.0,0,0,0,0,0,0,0,0,0,0,0,0,0,0,0.0,0,0,0,0,3,0,0,0,6,0,0,0,0,1,2,0,0,0,3.47,4,32.47,0,0,0,0,0,1,1,0,0,0,0,0,0,0,0,0,0,1,2,1,0,0,0,0,2,0,0.0,0.0,0,0,0,2,3,0,,0,0,0,1
1184541,Alexander Freeman,alexander-freeman,2819,Villarreal,6.4,6.4,1,0,0,0,0,0.01,0,24,3,27,88.89,16,8,2,1,2,100.0,1,0,0,0,0,0,0.0,0,0,0,5,100.0,0,0.0,5,83.33,45,0.0,0,0,0,0,0,0,0,0,0,0,0,0,0,3,75.0,1,0,0,0,4,0,1,1,36,2,0,0,0,0,1,0,0,0,5.23,5,29.81,0,0,0,0,0,3,0,0,0,0,0,0,0,0,0,1,2,0,1,1,0,0,0,4,3,1,100.0,0.0,0,0,0,18,9,0,,0,3,0,1
870038,Saša Kalajdžić,sasa-kalajdzic,2058,LASK,6.4,6.4,1,0,0,1,0,,0,3,5,8,37.5,1,2,0,0,0,0.0,0,0,0,0,0,0,0.0,1,0,1,0,0.0,2,100.0,2,66.67,16,0.0,0,0,0,0,0,0,0,0,1,0,0,0,0,0,0.0,0,0,0,1,7,0,0,0,12,0,0,0,0,0,0,0,0,0,2.13,3,30.31,0,0,0,0,0,0,0,0,0,0,0,0,0,0,0,0,0,0,1,0,0,0,0,0,0,0,0.0,0.0,0,0,0,1,7,0,,0,1,0,1
844292,Erik Botheim,erik-botheim,1164,Viking FK,6.4,6.4,1,0,0,0,0,0.0,0,3,3,6,50.0,0,3,0,0,0,0.0,0,0,0,0,0,0,0.0,0,0,0,1,50.0,3,60.0,4,57.14,28,0.0,0,0,0,0,0,0,0,0,0,0,0,0,0,0,0.0,0,0,0,0,6,0,1,1,10,1,1,0,0,0,0,0,0,0,3.77,4,30.02,0,0,0,0,0,0,0,0,0,0,0,0,0,0,0,0,0,0,3,2,0,0,0,0,0,0,0.0,0.0,0,0,0,0,6,0,,0,0,0,1
985138,Francisco Moura,francisco-moura,3002,FC Porto,6.4,6.4,1,0,0,0,0,0.0,0,6,1,7,85.71,4,2,0,0,0,0.0,1,0,0,0,0,0,0.0,0,0,0,1,100.0,0,0.0,1,100.0,17,0.0,0,0,0,0,0,0,0,0,0,0,0,0,0,1,100.0,0,0,0,0,2,0,0,0,10,0,0,0,0,0,0,0,0,0,2.59,7,32.54,0,0,0,0,0,1,0,0,0,0,0,0,0,0,0,0,0,0,0,0,0,0,0,1,1,1,100.0,0.0,0,0,0,5,2,0,,0,0,0,1
188117,Veljko Simić,veljko-simic,267828,Sabah FK,6.4,6.4,1,0,0,0,0,0.01,0,28,2,30,93.33,22,6,5,0,2,66.67,1,0,0,0,0,0,0.0,0,0,0,3,50.0,0,0.0,3,37.5,75,0.0,0,0,0,0,0,0,0,0,0,0,0,0,0,4,100.0,0,0,0,0,4,0,0,0,42,0,1,0,0,1,0,0,0,0,10.44,8,29.34,0,0,0,0,0,4,0,0,0,0,0,0,1,0,0,0,3,1,5,2,0,0,0,4,4,0,0.0,0.0,0,0,0,24,6,0,,0,4,2,1
1007769,Ole Didrik Blomberg,ole-didrik-blomberg,656,Bodø/Glimt,6.4,6.4,1,0,0,0,0,0.01,0,16,4,20,80.0,7,9,5,0,1,100.0,0,1,0,0,0,0,0.0,0,0,0,1,25.0,0,0.0,1,20.0,90,0.0,0,0,0,0,0,0,0,0,0,0,0,0,0,0,0.0,2,0,0,1,8,0,0,0,30,0,0,0,0,2,1,0,0,0,12.25,14,31.03,0,0,0,0,0,3,2,0,0,0,0,0,1,0,0,0,1,2,4,1,0,0,0,0,5,0,0.0,0.0,0,0,0,7,13,0,,0,3,0,1
935308,Robert Ljubičić,robert-ljubicic,2058,LASK,6.4,6.4,1,0,0,0,0,,0,21,4,25,84.0,11,10,7,2,0,0.0,4,0,0,0,0,0,0.0,1,0,1,5,45.45,0,0.0,5,41.67,65,0.0,0,0,0,0,0,0,0,0,0,1,0,0,0,0,0.0,0,0,0,0,7,0,2,1,36,1,3,0,0,2,0,0,0,0,8.68,11,31.18,0,0,0,0,0,0,1,0,0,0,0,0,1,0,0,2,1,0,7,1,0,0,0,2,1,2,50.0,0.0,0,0,0,13,12,0,,0,4,0,1
1100544,Costantino Favasuli,costantino-favasuli,2714,SSC Napoli,6.4,6.4,1,0,0,0,0,0.0,0,5,0,5,100.0,3,2,0,0,0,0.0,2,0,0,0,0,0,0.0,0,0,0,3,50.0,1,100.0,4,57.14,32,0.0,0,0,0,0,0,0,0,0,0,0,0,0,0,0,0.0,1,0,0,0,2,0,0,0,11,1,2,0,0,0,0,0,0,0,4.84,9,30.89,0,0,0,0,0,0,1,0,0,0,0,0,0,0,0,0,1,1,3,0,0,0,0,0,1,1,50.0,0.0,0,0,0,3,2,0,,0,0,0,1
353272,Mykola Matvienko,mykola-matvienko,3313,Shakhtar Donetsk,6.4,6.4,1,0,0,0,0,0.01,0,63,4,67,94.03,51,12,2,0,0,0.0,0,0,0,0,0,0,0.0,0,0,0,0,0.0,0,0.0,0,0.0,90,0.0,0,0,0,0,0,0,0,0,0,0,0,0,0,3,60.0,2,0,0,1,5,0,4,4,73,0,0,0,0,0,0,0,0,0,11.1,10,29.95,0,0,0,0,0,1,0,0,0,0,0,0,1,0,0,0,0,0,1,0,0,0,0,5,1,0,0.0,0.0,0,0,0,52,15,0,,2,3,0,1
877364,Ola Brynhildsen,ola-brynhildsen,656,Bodø/Glimt,6.4,6.4,1,0,0,0,0,0.0,0,2,2,4,50.0,2,0,0,0,0,0.0,0,0,0,0,0,0,0.0,0,0,0,0,0.0,0,0.0,0,0.0,9,0.0,0,0,0,0,0,0,0,0,0,0,0,0,0,0,0.0,0,0,0,0,4,0,0,0,8,0,0,0,0,0,0,0,0,0,1.68,2,30.42,0,0,0,0,0,1,1,0,0,0,0,0,0,0,0,0,0,0,0,0,0,0,0,0,2,0,0.0,0.0,0,0,0,3,1,0,,0,0,0,1
945404,Javi López,lopez-javi,2959,Feyenoord,6.4,6.4,1,0,0,0,0,0.0,0,10,5,15,66.67,6,4,2,0,2,100.0,2,0,0,0,0,0,0.0,0,0,0,4,44.44,0,0.0,4,40.0,45,0.0,0,0,0,0,0,0,0,0,0,0,0,0,0,0,0.0,1,0,0,2,8,0,1,0,24,0,2,0,0,1,0,0,0,0,5.92,8,31.32,0,0,0,0,0,1,1,0,0,0,0,0,1,0,0,0,2,1,6,1,0,0,0,2,2,1,50.0,0.0,0,0,0,7,8,0,,0,2,1,1
929978,Odin Luras Bjørtuft,odin-luras-bjortuft,656,Bodø/Glimt,6.4,6.4,1,0,0,0,0,0.01,0,44,0,44,100.0,26,18,7,0,0,0.0,3,2,0,1,1,0,0.0,0,0,0,3,50.0,1,50.0,4,50.0,87,0.0,0,0,0,0,0,0,0,0,0,0,0,0,0,4,100.0,5,0,0,0,0,0,1,1,57,0,2,0,0,1,0,0,0,0,10.17,3,29.7,0,0,0,0,0,2,2,0,0,0,0,0,1,0,0,0,0,0,4,1,0,0,0,4,4,1,33.33,0.0,0,0,0,26,18,0,,2,1,0,1
152463,Fabian Bredlow,fabian-bredlow,2677,VfB Stuttgart,6.4,6.4,1,0,0,0,0,0.0,0,27,8,35,77.14,23,4,0,0,0,0.0,0,0,0,0,0,0,0.0,0,0,0,0,0.0,0,0.0,0,0.0,90,0.0,0,0,0,0,0,0,0,0,0,0,0,0,0,5,38.46,2,0,0,0,8,0,1,1,46,0,0,0,0,0,0,0,0,2,5.26,0,22.75,0,0,0,1,1,1,0,1,2,1,1,0,1,0,0,0,0,0,0,0,0,0,0,13,1,0,0.0,0.0,0,0,0,25,10,0,,1,13,0,1
1473118,Alexej Maros,alexej-maros,2404,ŠK Slovan Bratislava,6.4,6.4,1,0,0,0,0,0.0,0,2,1,3,66.67,0,2,2,0,1,50.0,0,0,0,0,0,0,0.0,0,0,0,1,33.33,0,0.0,1,33.33,10,0.0,0,0,0,0,0,0,0,0,0,0,0,0,0,1,100.0,0,0,0,1,3,0,1,1,7,0,0,0,0,0,0,0,0,0,1.76,4,30.74,0,0,0,0,0,1,0,0,0,0,0,0,0,0,0,0,2,0,2,0,0,0,0,1,1,0,0.0,0.0,0,0,0,0,3,0,,0,0,0,1
1002837,Piero Hincapié,piero-hincapie,42,Arsenal,6.4,6.4,1,0,0,1,0,0.02,0,34,1,35,97.14,17,17,11,0,0,0.0,2,0,0,0,0,1,50.0,3,0,3,3,60.0,0,0.0,3,50.0,90,0.0,0,0,0,0,0,0,0,0,3,0,0,0,0,0,0.0,0,0,0,1,4,0,0,0,51,1,0,0,0,0,0,0,0,0,11.55,17,31.9,1,0,0,0,0,0,0,0,0,0,0,0,1,0,0,0,1,2,3,1,0,0,0,0,0,2,100.0,0.0,0,0,0,17,18,0,0.71,0,7,0,1
759520,Denzel Dumfries,denzel-dumfries,2829,Real Madrid,6.4,6.4,1,0,0,1,0,0.01,0,16,2,18,88.89,10,6,2,1,0,0.0,1,1,0,0,0,0,0.0,1,0,1,3,75.0,0,0.0,3,42.86,90,0.0,0,0,0,0,0,0,0,0,1,0,0,0,0,1,33.33,2,0,0,0,3,0,2,1,38,2,2,0,0,1,0,0,0,0,10.94,17,32.26,0,0,0,0,0,1,0,0,0,0,0,0,1,0,0,1,0,1,4,3,0,0,0,3,1,0,0.0,0.0,0,0,0,11,7,0,0.46,0,1,0,1
791702,Marcus Thuram,marcus-thuram,2697,Inter,6.4,6.4,1,0,0,1,0,0.02,0,10,0,10,100.0,2,8,7,0,0,0.0,0,0,0,0,0,0,0.0,4,1,2,3,60.0,1,25.0,4,44.44,60,0.0,0,0,0,0,0,0,0,0,4,0,0,0,0,0,0.0,0,0,0,0,0,0,0,0,18,3,2,0,0,0,1,1,0,0,6.58,8,31.79,0,0,0,0,0,2,0,0,0,0,0,0,1,0,0,0,0,0,5,3,0,0,0,0,2,0,0.0,0.0,0,0,0,2,8,0,0.39,0,0,0,1
1401702,Ethan Nwaneri,ethan-nwaneri,2673,Borussia Dortmund,6.4,6.4,1,0,0,0,0,0.03,0,31,3,34,91.18,11,20,9,0,3,75.0,0,1,0,0,0,0,0.0,6,0,1,3,42.86,0,0.0,3,42.86,55,0.0,0,0,0,0,1,0,0,0,2,4,0,0,0,0,0.0,0,0,0,1,7,0,1,0,54,0,2,1,0,0,0,5,0,0,6.95,6,29.92,0,0,0,0,0,1,0,0,0,0,0,0,0,0,0,0,4,1,4,0,0,0,0,1,1,0,0.0,0.0,0,0,0,11,23,0,0.33,0,3,0,1
927353,Curtis Jones,curtis-jones,2697,Inter,6.4,6.4,1,0,0,1,0,0.12,0,71,2,73,97.26,20,51,32,0,0,0.0,1,0,0,0,0,0,0.0,3,1,1,1,16.67,0,0.0,1,16.67,90,0.0,0,0,0,0,0,0,0,0,3,0,0,0,0,5,100.0,0,0,0,2,6,0,2,2,84,0,0,1,0,3,0,1,0,0,12.17,17,30.71,0,0,0,0,0,2,0,0,0,0,0,0,1,0,0,0,0,2,5,0,0,0,0,5,2,1,100.0,0.0,0,0,0,20,53,0,0.31,0,2,0,1
789071,Dani Olmo,dani-olmo,2817,FC Barcelona,6.4,6.4,1,0,0,0,0,0.09,0,40,8,48,83.33,15,25,9,0,1,50.0,2,0,1,0,0,0,0.0,5,2,2,7,58.33,1,100.0,8,61.54,83,0.0,0,0,0,0,0,0,0,0,2,3,0,0,0,0,0.0,0,0,0,2,14,2,1,1,69,4,2,0,0,0,0,1,0,0,10.73,10,31.68,0,0,0,0,0,1,0,0,0,0,0,0,1,0,0,0,2,2,5,0,0,0,0,1,1,2,100.0,0.0,0,0,0,15,33,0,0.25,0,3,0,1
1414933,Marc Guiu,guiu-marc,36360,RB Leipzig,6.4,6.4,1,0,0,1,0,0.0,0,2,1,3,66.67,1,1,0,0,0,0.0,0,0,0,0,0,0,0.0,1,0,1,0,0.0,1,100.0,1,50.0,60,0.0,0,0,0,0,0,0,0,0,1,0,0,0,0,0,0.0,0,0,0,1,4,0,0,0,8,0,0,0,0,0,0,0,0,0,7.11,13,32.18,0,0,0,0,0,3,0,0,0,0,0,0,1,0,0,0,0,0,1,0,0,0,0,0,3,0,0.0,0.0,0,0,0,1,2,0,0.25,0,0,0,1
927799,Alen Mustafić,alen-mustafic,2404,ŠK Slovan Bratislava,6.4,6.4,1,0,0,0,0,0.0,0,3,3,6,50.0,1,2,0,0,0,0.0,0,0,0,0,0,0,0.0,2,1,0,1,33.33,2,66.67,3,50.0,30,0.0,0,0,0,0,0,0,0,0,2,0,0,0,0,0,0.0,0,0,0,0,5,0,0,0,12,1,0,0,0,0,0,1,0,0,4.82,7,31.97,0,0,0,0,0,1,0,0,0,0,0,0,0,0,0,0,2,0,3,1,0,0,0,0,1,0,0.0,0.0,0,0,0,3,3,0,0.18,0,0,0,1
1426577,Tidiam Gomis,gomis-tidiam,36360,RB Leipzig,6.4,6.4,1,0,0,0,0,0.03,0,8,1,9,88.89,1,7,6,1,2,66.67,0,0,0,0,0,0,0.0,1,0,1,2,66.67,0,0.0,2,50.0,30,0.0,0,0,0,0,0,0,0,0,0,1,0,0,0,0,0.0,0,0,0,0,2,0,0,0,13,0,0,0,0,0,0,0,0,0,4.58,10,31.9,0,0,0,0,0,1,0,0,0,0,0,0,0,0,0,1,3,0,2,1,0,0,0,0,1,0,0.0,0.0,0,0,0,1,8,0,0.1,0,0,0,1
997165,Bartuğ Elmaz,bartug-elmaz,3052,Fenerbahçe,6.4,6.4,1,0,0,0,0,0.01,0,31,6,37,83.78,23,8,1,0,0,0.0,1,0,0,0,0,0,0.0,2,1,1,2,66.67,0,0.0,2,66.67,62,0.0,0,0,0,0,0,0,0,0,1,1,0,0,0,0,0.0,1,0,0,0,6,0,3,0,44,1,1,0,0,0,0,0,0,0,8.36,5,29.48,0,0,0,0,0,0,1,0,0,0,0,0,1,0,0,0,0,0,1,0,0,0,0,2,1,1,100.0,0.0,0,0,0,26,11,0,0.08,0,4,0,1
355088,Roland Sallai,roland-sallai,3061,Galatasaray,6.4,6.4,1,0,0,0,0,0.04,0,58,6,64,90.63,21,37,12,0,0,0.0,0,0,0,0,0,1,50.0,2,1,1,2,66.67,0,0.0,2,66.67,90,0.0,0,0,0,0,0,0,0,0,1,1,0,0,0,5,50.0,1,0,0,0,7,0,5,2,75,2,1,0,0,0,0,0,0,0,10.81,12,32.0,0,0,0,0,0,2,1,0,0,0,0,0,1,0,0,0,0,2,1,0,0,0,0,10,3,0,0.0,0.0,0,0,0,21,43,0,0.07,0,6,0,1
788921,Florian Sotoca,florian-sotoca,1648,RC Lens,6.4,6.4,1,0,1,0,0,0.0,0,3,2,5,60.0,1,2,0,1,0,0.0,0,0,0,0,0,0,0.0,1,0,1,0,0.0,2,66.67,2,50.0,15,0.0,0,0,0,0,0,0,0,0,1,0,0,0,0,0,0.0,2,0,0,0,2,0,0,0,10,0,1,0,0,0,0,0,0,0,2.36,3,29.27,0,0,0,0,0,0,1,0,0,0,0,0,0,0,0,1,0,0,2,1,0,0,0,1,1,0,0.0,0.0,0,0,0,1,4,0,0.06,0,1,1,1
191188,Seko Fofana,seko-fofana,3002,FC Porto,6.4,6.4,1,0,0,0,0,0.01,0,1,2,3,33.33,0,1,1,0,0,0.0,0,0,0,0,0,0,0.0,1,0,0,0,0.0,0,0.0,0,0.0,13,0.0,0,0,0,0,0,0,0,0,1,0,0,0,0,0,0.0,0,0,0,0,2,0,0,0,4,0,0,0,0,0,0,1,0,0,1.33,4,29.3,0,0,0,0,0,1,0,0,0,0,0,0,0,0,0,0,0,0,0,0,0,0,0,0,1,0,0.0,0.0,0,0,0,0,3,0,0.04,0,1,0,1
1089582,Freddie Potts,freddie-potts,2888,Club Brugge KV,6.4,6.4,1,0,0,0,0,0.02,0,56,7,63,88.89,33,23,8,0,0,0.0,2,1,0,0,0,0,0.0,1,0,1,3,33.33,0,0.0,3,33.33,86,0.0,0,0,0,0,0,0,0,0,1,0,0,0,0,2,66.67,3,0,0,1,11,0,3,2,77,1,3,0,0,1,0,0,0,0,10.68,5,28.58,0,0,0,0,0,3,0,0,0,0,0,0,1,0,0,0,1,0,6,0,0,0,0,3,3,1,50.0,0.0,0,0,0,34,29,0,0.03,0,3,1,1
807771,Dávid Hancko,david-hancko,2836,Atlético Madrid,6.4,6.4,1,0,0,0,0,0.01,0,61,12,73,83.56,50,11,3,0,0,0.0,0,0,0,0,0,0,0.0,1,0,1,0,0.0,2,66.67,2,66.67,90,0.0,0,0,0,0,0,0,0,0,1,0,0,0,0,3,27.27,4,0,0,0,12,0,4,1,82,0,0,0,0,0,0,0,0,0,10.19,10,32.4,0,0,0,0,0,1,1,0,0,0,0,0,1,0,0,0,0,0,1,1,0,0,0,11,2,0,0.0,0.0,0,0,0,57,16,0,0.02,0,7,0,1
769333,Christopher Nkunku,christopher-nkunku,36360,RB Leipzig,6.3,6.3,1,0,1,0,1,0.06,1,27,1,28,96.43,9,18,11,3,0,0.0,0,0,1,0,0,0,0.0,0,0,0,1,16.67,0,0.0,1,16.67,60,0.0,0,0,0,0,0,0,0,0,0,0,0,0,0,0,0.0,0,0,0,3,5,1,0,0,34,1,2,0,0,0,0,0,0,0,7.35,7,30.56,0,0,0,0,0,3,0,0,0,0,0,0,1,0,0,3,0,0,5,0,0,0,0,0,3,0,0.0,0.0,0,0,0,9,19,0,,0,1,0,1
319129,Luka Jović,luka-jovic,3250,AEK Athens,6.3,6.3,1,0,0,2,0,,0,14,4,18,77.78,3,11,7,0,2,50.0,0,0,1,0,0,0,0.0,2,1,1,2,33.33,0,0.0,2,33.33,82,0.0,0,0,0,0,0,0,0,0,2,0,0,0,0,2,66.67,0,0,0,2,9,0,3,1,30,0,1,0,0,0,0,0,0,0,8.22,7,32.0,0,0,0,0,0,0,0,0,0,0,0,0,1,0,0,0,4,0,4,0,0,0,0,3,0,0,0.0,0.0,0,0,0,4,14,0,,0,0,0,1
889689,Hwang In-beom,hwang-in-beom,3002,FC Porto,6.3,6.3,1,0,0,0,0,0.0,0,7,3,10,70.0,4,3,0,0,0,0.0,0,0,0,0,0,0,0.0,0,0,0,0,0.0,1,100.0,1,33.33,22,0.0,0,0,0,0,0,0,0,0,0,0,0,0,0,0,0.0,0,0,0,1,6,0,0,0,14,0,0,0,0,0,0,0,0,0,3.33,6,30.02,0,0,0,0,0,1,0,0,0,0,0,0,0,0,0,0,1,1,2,0,0,0,0,0,1,0,0.0,0.0,0,0,0,6,4,0,,0,1,0,1
994556,Carney Chukwuemeka,carney-chukwuemeka,2673,Borussia Dortmund,6.3,6.3,1,0,0,0,0,0.0,0,1,0,1,100.0,1,0,0,0,0,0.0,0,0,0,0,0,0,0.0,0,0,0,1,25.0,0,0.0,1,20.0,8,0.0,0,0,0,0,0,0,0,0,0,0,0,0,0,0,0.0,0,0,0,0,0,0,0,0,2,1,1,0,0,2,0,0,0,0,1.69,3,28.55,0,0,0,0,0,1,0,0,0,0,0,0,0,0,0,0,0,0,4,1,0,0,0,0,1,0,0.0,0.0,0,0,0,1,0,0,,0,2,0,1
1391541,Ngal'ayel Mukau,ngalayel-mukau,1643,Lille,6.3,6.3,1,0,0,0,0,0.0,0,14,1,15,93.33,9,5,2,0,0,0.0,2,3,0,0,0,0,0.0,0,0,0,2,66.67,0,0.0,2,40.0,45,0.0,0,0,0,0,0,0,0,0,0,0,0,0,0,0,0.0,0,0,0,0,2,1,0,0,22,0,1,0,0,0,0,0,0,0,6.7,6,30.71,0,0,0,0,0,2,0,0,0,0,0,0,0,0,0,0,0,1,3,2,0,0,0,0,2,0,0.0,0.0,0,0,0,10,5,0,,0,2,0,1
1142238,Álex Valle,valle-alex,2704,Como,6.3,6.3,1,0,0,0,0,0.01,0,46,4,50,92.0,25,21,6,0,0,0.0,0,1,0,0,0,0,0.0,0,0,0,1,50.0,0,0.0,1,33.33,90,0.0,0,0,0,0,0,0,0,0,0,0,0,0,0,0,0.0,1,0,0,0,9,0,1,1,61,1,0,0,0,1,0,0,0,0,11.41,15,30.56,0,0,0,0,0,0,1,0,0,0,0,0,1,0,0,0,0,1,2,1,0,0,0,0,1,0,0.0,0.0,0,0,0,27,23,0,,0,1,0,1
611210,Gianluca Mancini,gianluca-mancini,2702,AS Roma,6.3,6.3,1,0,0,0,0,0.01,0,31,3,34,91.18,15,16,7,0,0,0.0,2,0,0,0,0,0,0.0,0,0,0,3,50.0,0,0.0,3,37.5,74,0.0,0,0,0,0,0,0,0,0,0,0,0,0,0,1,100.0,0,0,0,0,4,0,0,0,43,1,3,0,0,0,0,0,0,0,8.31,13,32.29,0,0,0,0,0,1,0,0,0,0,0,0,1,0,0,0,0,1,5,2,0,0,0,1,1,2,100.0,0.0,0,0,0,16,18,0,,0,2,1,1
1067639,Vinícius Tobias,vinicius-tobias,3313,Shakhtar Donetsk,6.3,6.3,1,0,0,0,0,0.18,0,27,5,32,84.38,20,7,2,1,1,100.0,3,1,1,0,0,0,0.0,0,0,0,4,50.0,0,0.0,4,40.0,90,0.0,0,0,0,0,0,0,0,0,0,0,0,0,0,3,75.0,1,0,0,3,8,0,2,0,51,0,1,0,0,0,0,0,0,0,11.22,17,31.28,0,0,0,0,0,1,0,0,0,0,0,0,1,0,0,1,1,0,6,2,0,0,0,4,1,1,33.33,0.0,0,0,0,23,9,0,,0,3,0,1
1166952,Georgios Vagiannidis,georgios-vagiannidis,3001,Sporting CP,6.3,6.3,1,0,0,0,0,0.0,0,19,11,30,63.33,7,12,1,1,0,0.0,0,2,0,0,0,0,0.0,0,0,0,1,25.0,2,66.67,3,42.86,84,0.0,0,0,0,0,0,0,0,0,0,0,0,0,0,1,25.0,1,0,0,1,15,0,1,1,50,1,1,0,0,1,0,0,0,0,9.68,14,32.4,0,0,0,0,0,1,0,0,0,0,0,0,1,0,0,1,0,0,4,1,0,0,0,4,1,0,0.0,0.0,0,0,0,15,15,0,,0,3,0,1
1127790,Dženan Pejčinović,dzenan-pejcinovic,2677,VfB Stuttgart,6.3,6.3,1,0,0,0,0,0.05,0,7,3,10,70.0,3,4,2,0,0,0.0,0,0,0,0,0,0,0.0,0,0,0,0,0.0,0,0.0,0,0.0,28,0.0,0,0,0,0,0,0,0,0,0,0,0,0,0,0,0.0,2,0,0,0,5,0,0,0,15,0,0,0,0,0,0,0,0,0,4.32,6,30.42,0,0,0,0,0,0,0,0,0,0,0,0,0,0,0,0,0,0,2,2,0,0,0,0,0,0,0.0,0.0,0,0,0,3,7,0,,0,1,0,1
804472,Pablo Rosario,pablo-rosario,3002,FC Porto,6.3,6.3,1,0,0,0,0,0.02,0,20,4,24,83.33,10,10,3,1,0,0.0,1,0,1,0,0,0,0.0,0,0,0,4,44.44,0,0.0,4,40.0,90,0.0,0,0,0,0,0,0,0,0,0,0,0,0,0,0,0.0,0,0,0,0,8,0,5,1,34,3,4,0,0,1,1,0,0,0,11.88,11,30.78,0,0,0,0,0,2,0,0,0,0,0,0,1,0,0,1,0,0,6,1,0,0,0,3,2,1,100.0,0.0,0,0,0,11,13,0,,0,1,0,1
1109961,Rahim Ibrahim,rahim-ibrahim,2404,ŠK Slovan Bratislava,6.3,6.3,1,0,0,0,0,0.0,0,9,2,11,81.82,7,2,1,1,0,0.0,2,0,0,0,0,0,0.0,0,0,0,3,42.86,0,0.0,3,33.33,60,0.0,0,0,0,0,0,0,0,0,0,0,0,0,0,1,100.0,2,0,0,1,4,0,3,2,20,1,1,0,0,2,0,0,0,0,7.01,3,27.9,0,0,0,0,0,4,1,0,0,0,0,0,1,0,0,1,0,0,6,2,0,0,0,1,5,2,100.0,0.0,0,0,0,8,3,0,,0,3,0,1
118624,Stas Pokatilov,stas-pokatilov,267828,Sabah FK,6.3,6.3,1,0,0,0,0,0.0,0,20,9,29,68.97,18,2,0,0,0,0.0,0,0,0,0,0,0,0.0,0,0,0,0,0.0,1,100.0,1,50.0,90,0.0,0,0,0,0,0,0,0,0,0,0,0,0,0,8,50.0,1,1,0,0,10,0,9,6,42,0,0,0,0,1,0,0,0,5,4.64,0,22.1,0,0,0,2,3,4,0,1,1,0,1,0,1,0,0,0,0,0,1,0,0,0,0,16,4,0,0.0,0.0,0,0,0,21,8,0,,7,7,0,1
941669,Dmytro Riznyk,dmytro-riznyk,3313,Shakhtar Donetsk,6.3,6.3,1,0,0,0,0,0.0,0,31,27,58,53.45,25,6,5,0,1,100.0,0,0,0,0,0,0,0.0,0,0,0,1,100.0,0,0.0,1,100.0,90,0.0,0,0,0,0,0,0,0,0,0,0,0,0,0,9,26.47,0,0,0,0,28,0,12,3,67,0,0,0,0,0,0,0,0,1,5.52,0,23.62,0,0,0,0,1,1,0,0,0,0,4,0,1,0,0,0,1,0,0,0,0,0,0,34,1,0,0.0,0.0,0,0,0,29,29,0,,4,11,0,1
1939011,Tobias van den Elshout,tobias-van-den-elshout,2959,Feyenoord,6.3,6.3,1,0,0,0,0,,0,0,3,3,0.0,0,0,0,0,0,0.0,0,0,0,0,0,0,0.0,0,0,0,1,20.0,0,0.0,1,20.0,10,0.0,0,0,0,0,0,0,0,0,0,0,0,0,0,0,0.0,0,0,0,0,3,0,1,0,5,1,1,0,0,3,1,0,0,0,1.18,0,25.24,0,0,0,0,0,1,0,0,0,0,0,0,0,0,0,0,0,0,4,0,0,0,0,1,1,0,0.0,0.0,0,0,0,1,2,0,,0,0,0,1
1604217,Emmanuel Ayaosi,emmanuel-ayaosi,2216,SK Slavia Praha,6.3,6.3,1,0,0,0,0,0.25,0,12,8,20,60.0,3,9,6,1,0,0.0,1,0,0,0,0,0,0.0,5,1,0,4,44.44,1,20.0,5,35.71,90,0.0,0,0,0,0,0,0,0,0,4,1,0,0,0,0,0.0,1,0,0,0,15,1,0,0,41,3,2,0,0,0,0,4,0,0,12.06,28,32.83,0,0,0,0,0,3,0,0,0,0,0,0,1,0,0,1,4,0,9,4,0,0,0,3,3,0,0.0,0.0,0,0,0,5,15,0,0.48,0,7,0,1
293519,Leroy Sané,leroy-sane,3061,Galatasaray,6.3,6.3,1,0,0,0,0,0.04,0,22,3,25,88.0,5,17,11,0,1,25.0,2,0,0,0,0,0,0.0,2,0,2,3,50.0,0,0.0,3,42.86,58,0.0,0,0,0,0,0,0,0,0,2,0,0,0,0,0,0.0,0,0,0,0,10,1,0,0,40,0,0,0,0,0,0,0,0,0,6.5,16,31.9,0,0,0,0,0,2,0,0,0,0,0,0,1,0,0,0,4,1,4,1,0,0,0,0,2,2,100.0,0.0,0,0,0,5,20,0,0.2,0,3,0,1
1525863,Pau Navarro,pau-navarro,2819,Villarreal,6.3,6.3,1,0,0,0,0,0.0,0,42,5,47,89.36,41,1,0,0,0,0.0,4,2,1,0,0,0,0.0,1,0,1,4,66.67,1,50.0,5,62.5,83,0.0,0,0,0,0,0,0,0,0,1,0,0,0,0,0,0.0,2,0,1,0,5,0,3,0,57,0,2,0,0,0,0,0,0,0,8.98,8,31.39,0,0,0,0,0,2,0,0,0,0,0,0,1,0,0,0,0,0,3,1,0,0,0,3,2,2,50.0,0.0,0,0,0,44,3,0,0.17,0,3,1,1
593526,Nicolas Pépé,nicolas-pepe,2819,Villarreal,6.3,6.3,1,0,0,0,0,0.03,0,11,3,14,78.57,3,8,6,2,0,0.0,0,0,0,0,0,0,0.0,2,1,0,0,0.0,0,0.0,0,0.0,31,0.0,0,0,0,0,1,0,0,0,1,1,0,0,0,0,0.0,0,0,0,0,7,0,0,0,21,0,1,0,0,0,0,1,0,0,3.36,5,31.75,0,0,0,0,0,2,0,0,0,0,0,0,0,0,0,2,1,2,2,0,0,0,0,1,2,0,0.0,0.0,0,0,0,4,10,0,0.12,0,1,0,1
882664,Pepê,pepe,3002,FC Porto,6.3,6.3,1,0,0,0,0,0.01,0,19,7,26,73.08,12,7,4,1,1,33.33,0,1,0,0,0,0,0.0,1,0,1,2,28.57,1,33.33,3,30.0,90,0.0,0,0,0,0,0,0,0,0,1,0,0,0,0,1,33.33,2,0,0,2,15,1,0,0,47,1,1,0,0,0,2,0,0,0,11.39,16,32.22,0,0,0,0,0,2,0,0,0,0,0,0,1,0,0,1,3,1,7,2,0,0,0,3,2,0,0.0,0.0,0,0,0,14,12,0,0.12,0,6,0,1
1526618,Marc Bernal,marc-bernal,2817,FC Barcelona,6.3,6.3,1,0,0,0,0,0.04,0,28,0,28,100.0,10,18,6,0,0,0.0,0,0,0,0,0,0,0.0,1,0,0,0,0.0,0,0.0,0,0.0,27,0.0,0,0,0,0,0,0,0,0,1,0,0,0,0,0,0.0,0,0,0,0,3,0,0,0,34,0,1,0,0,0,0,1,0,0,3.63,3,29.05,0,0,0,0,0,1,0,0,0,0,0,0,0,0,0,0,1,0,2,0,0,0,0,0,1,0,0.0,0.0,0,0,0,10,18,0,0.12,0,2,0,1
954855,Kristoffer Askildsen,kristoffer-askildsen,1164,Viking FK,6.3,6.3,1,0,0,0,0,0.01,0,34,7,41,82.93,17,17,6,0,0,0.0,1,1,1,0,0,0,0.0,2,1,0,4,66.67,1,25.0,5,50.0,90,0.0,0,0,0,0,0,0,0,0,1,1,0,0,0,0,0.0,1,0,0,0,9,0,6,2,57,4,1,0,0,1,0,1,0,0,11.4,9,30.2,0,0,0,0,0,3,0,0,0,0,0,0,1,0,0,0,0,1,5,3,0,0,0,3,3,0,0.0,0.0,0,0,0,19,22,0,0.11,0,2,1,1
1156621,Abdulakh Khaybulaev,abdulakh-khaybulaev,267828,Sabah FK,6.3,6.3,1,0,0,0,0,0.03,0,13,2,15,86.67,6,7,5,1,0,0.0,0,0,0,0,0,0,0.0,1,0,1,0,0.0,0,0.0,0,0.0,19,0.0,0,0,0,0,0,0,0,0,1,0,0,0,0,0,0.0,1,0,0,0,2,1,3,2,17,0,5,0,0,0,0,0,0,0,3.27,3,27.54,0,0,0,0,0,0,0,0,0,0,0,0,0,0,0,1,0,0,5,0,0,0,0,1,0,0,0.0,0.0,0,0,0,6,9,0,0.09,0,1,0,1
827212,Jules Koundé,jules-kounde,2817,FC Barcelona,6.3,6.3,1,0,0,0,0,0.04,0,90,2,92,97.83,46,44,17,0,1,100.0,0,1,0,0,0,0,0.0,2,0,1,1,16.67,1,100.0,2,28.57,90,0.0,0,0,0,0,0,0,0,0,1,1,0,0,0,1,100.0,5,1,0,2,4,0,1,1,108,0,1,0,0,2,0,1,0,0,11.08,16,33.08,0,0,0,0,0,1,0,0,0,0,0,0,1,0,0,0,1,0,5,0,0,0,0,1,1,0,0.0,0.0,0,0,0,46,46,0,0.07,0,8,0,1
911719,Lassina Traoré,lassina-traore,3313,Shakhtar Donetsk,6.3,6.3,1,0,0,0,0,0.01,0,2,1,3,66.67,0,2,1,1,0,0.0,0,0,0,0,0,0,0.0,1,0,0,1,33.33,0,0.0,1,25.0,24,0.0,0,0,0,0,0,0,0,0,1,0,0,0,0,0,0.0,0,0,0,0,4,0,0,0,8,1,1,0,0,0,0,1,0,0,2.76,1,27.11,0,0,0,0,0,0,0,0,0,0,0,0,0,0,0,1,1,0,3,1,0,0,0,0,0,0,0.0,0.0,0,0,0,0,3,0,0.07,0,0,0,1
989113,Rodrigo Riquelme,rodrigo-riquelme,2816,Real Betis,6.2,6.2,1,0,0,0,1,0.03,1,28,5,33,84.85,11,17,10,2,1,33.33,0,0,0,0,0,0,0.0,2,0,2,4,40.0,0,0.0,4,40.0,81,0.0,0,0,0,0,0,0,0,0,2,0,0,0,0,0,0.0,0,0,0,2,11,1,1,1,48,3,1,0,0,1,0,0,0,0,10.37,15,32.29,0,0,0,0,0,2,0,0,0,0,0,0,1,0,0,2,3,0,6,0,0,0,0,1,2,0,0.0,0.0,0,0,0,11,22,0,0.05,0,3,0,1
929193,Maximiliano Araújo,maximiliano-araujo,3001,Sporting CP,6.2,6.2,1,0,1,0,0,0.27,0,15,3,18,83.33,8,7,4,1,0,0.0,0,0,0,0,0,0,0.0,0,0,0,0,0.0,0,0.0,0,0.0,90,0.0,0,0,0,0,0,0,0,0,0,0,0,0,0,2,100.0,5,0,0,1,5,0,2,1,30,0,2,0,0,2,1,0,0,0,10.56,21,33.05,0,0,0,0,0,1,0,0,0,0,0,0,1,0,0,1,0,0,6,1,0,0,0,2,1,0,0.0,0.0,0,0,0,8,10,0,,0,3,0,1
1887796,Kauã Prates,kaua-prates-de-almeida,2673,Borussia Dortmund,6.2,6.2,1,0,1,0,0,0.0,0,1,0,1,100.0,0,1,1,1,0,0.0,1,0,0,0,0,0,0.0,0,0,0,1,50.0,0,0.0,1,33.33,8,0.0,0,0,0,0,0,0,0,0,0,0,0,0,0,0,0.0,0,0,0,0,2,0,0,0,8,0,2,0,0,0,0,0,0,0,1.56,1,25.88,0,0,0,0,0,1,0,0,0,0,0,0,0,0,0,1,0,0,2,1,0,0,0,0,1,1,100.0,0.0,0,0,0,0,1,0,,0,0,0,1
1160957,Alberto Costa,alberto-baio,3002,FC Porto,6.2,6.2,1,0,0,0,0,0.01,0,13,6,19,68.42,9,4,2,0,0,0.0,2,1,0,0,0,0,0.0,0,0,0,7,63.64,0,0.0,7,58.33,90,0.0,0,0,0,0,0,0,0,0,0,0,0,0,0,2,50.0,5,0,1,0,12,0,3,2,46,5,2,0,0,0,0,0,0,0,10.95,20,32.9,0,0,0,0,0,2,0,0,0,0,0,0,1,0,0,0,2,1,5,1,0,0,0,4,2,0,0.0,0.0,0,0,0,11,8,0,,0,6,0,1
1177404,Facundo Bernal,facundo-bernal,2816,Real Betis,6.2,6.2,1,0,0,0,0,0.01,0,35,4,39,89.74,21,14,6,0,0,0.0,2,1,1,0,0,0,0.0,0,0,0,3,27.27,0,0.0,3,25.0,67,0.0,0,0,0,0,0,0,0,0,0,0,0,0,0,2,66.67,3,0,0,0,5,0,1,0,50,1,6,0,0,2,0,0,0,0,8.37,6,30.28,0,0,0,0,0,2,0,0,0,0,0,0,1,0,0,0,0,0,9,1,0,0,0,3,2,2,100.0,0.0,0,0,0,22,17,0,,0,4,1,1
1121400,Luciano Valente,luciano-valente,2959,Feyenoord,6.2,6.2,1,0,0,0,0,0.02,0,24,4,28,85.71,12,12,9,0,1,50.0,0,1,0,0,0,0,0.0,0,0,0,2,50.0,0,0.0,2,50.0,83,0.0,0,0,0,0,0,0,0,0,0,0,0,0,0,0,0.0,0,0,0,0,8,0,2,1,36,1,0,0,0,1,2,0,0,0,10.79,10,32.15,0,0,0,0,0,2,2,0,0,0,0,0,1,0,0,0,2,0,2,0,0,0,0,1,4,0,0.0,0.0,0,0,0,15,13,0,,0,5,0,1
942213,Tsuyoshi Watanabe,tsuyoshi-watanabe,2959,Feyenoord,6.2,6.2,1,0,0,0,0,0.0,0,31,2,33,93.94,25,6,0,0,1,100.0,4,1,0,0,0,0,0.0,0,0,0,5,83.33,1,100.0,6,85.71,90,0.0,0,0,0,0,0,0,0,0,0,0,0,0,0,2,66.67,3,0,0,0,2,0,2,1,45,0,0,0,0,1,0,0,0,0,10.25,10,30.82,0,0,0,0,0,3,2,0,0,0,0,0,1,0,0,0,1,0,1,0,0,0,0,3,5,2,50.0,0.0,0,0,0,26,7,0,,4,3,1,1
979146,Mika Mármol,mika-marmol,2959,Feyenoord,6.2,6.2,1,0,0,0,0,0.01,0,34,12,46,73.91,23,11,3,0,1,100.0,5,1,0,0,0,0,0.0,0,0,0,8,66.67,0,0.0,8,61.54,90,0.0,0,0,0,0,0,0,0,0,0,0,0,0,0,0,0.0,2,0,0,1,19,1,8,5,69,2,1,0,0,2,0,0,0,0,10.34,14,32.65,0,0,0,0,0,3,2,0,0,0,0,0,1,0,0,0,1,1,5,1,0,0,0,2,5,2,40.0,0.0,0,0,0,26,20,0,,0,5,1,1
928033,Charles Vanhoutte,charles-vanhoutte,2959,Feyenoord,6.2,6.2,1,0,0,0,0,0.01,0,28,1,29,96.55,17,11,5,0,0,0.0,2,0,1,0,0,1,100.0,0,0,0,3,30.0,0,0.0,3,27.27,72,0.0,0,0,0,0,0,0,0,0,0,0,0,0,0,1,50.0,1,0,0,1,5,0,2,1,41,1,2,0,0,3,0,0,0,0,9.01,9,31.0,0,0,0,0,0,2,1,0,0,0,0,0,1,0,0,0,1,1,8,1,0,0,0,2,3,2,100.0,0.0,0,0,0,17,12,0,,0,2,0,1
827519,Romain Perraud,romain-perraud,1643,Lille,6.2,6.2,1,0,0,0,0,0.01,0,19,5,24,79.17,10,9,6,0,0,0.0,2,0,0,0,0,0,0.0,0,0,0,2,50.0,0,0.0,2,50.0,88,0.0,0,0,0,0,0,0,0,0,0,0,0,0,0,0,0.0,4,0,0,0,7,0,3,2,38,0,1,0,0,1,0,0,0,0,10.5,21,32.11,0,0,0,0,0,3,0,0,0,0,0,0,1,0,0,0,0,0,2,0,0,0,0,1,3,2,100.0,0.0,0,0,0,11,13,0,,0,5,1,1
980915,Isak Dybvik Määttä,isak-dybvik-maatta,656,Bodø/Glimt,6.2,6.2,1,0,0,0,0,0.0,0,2,0,2,100.0,2,0,0,0,0,0.0,1,0,0,0,0,0,0.0,0,0,0,1,50.0,0,0.0,1,50.0,9,0.0,0,0,0,0,0,0,0,0,0,0,0,0,0,0,0.0,0,0,0,0,0,0,0,0,5,0,0,0,0,1,0,0,0,0,1.51,2,27.97,0,0,0,0,0,1,1,0,0,0,0,0,0,0,0,0,0,0,1,0,0,0,0,0,2,0,0.0,0.0,0,0,0,2,0,0,,0,1,1,1
978952,Kasper Jørgensen,kasper-jorgensen,2058,LASK,6.2,6.2,1,0,0,0,0,,0,18,4,22,81.82,9,9,3,1,0,0.0,1,0,0,0,0,0,0.0,0,0,0,1,20.0,0,0.0,1,16.67,65,0.0,0,0,0,0,0,0,0,0,0,0,0,0,0,1,33.33,0,0,0,1,7,0,1,0,34,0,1,0,0,2,0,0,0,0,8.41,17,31.93,0,0,0,0,0,0,1,0,0,0,0,0,1,0,0,1,0,1,5,1,0,0,0,3,1,0,0.0,0.0,0,0,0,9,13,0,,0,2,0,1
883537,Luis Díaz,luis-diaz,2672,FC Bayern München,6.2,6.2,1,0,0,1,0,0.11,0,41,1,42,97.62,8,33,15,1,1,33.33,0,0,0,0,0,0,0.0,1,1,0,1,16.67,0,0.0,1,16.67,80,0.0,0,0,0,0,0,0,0,0,1,0,0,0,0,0,0.0,0,0,0,2,8,1,1,0,52,0,2,0,0,0,2,0,0,0,9.6,11,30.96,0,0,0,0,0,0,0,0,0,0,0,0,1,0,0,1,3,0,5,0,0,0,0,1,0,0,0.0,0.0,0,0,0,8,34,0,0.51,0,4,0,1
39070,Olivier Giroud,olivier-giroud,1643,Lille,6.2,6.2,1,0,0,0,0,,0,0,2,2,0.0,0,0,0,0,0,0.0,0,0,1,0,0,0,0.0,1,0,0,0,0.0,0,0.0,0,0.0,13,0.0,0,0,0,0,0,0,0,0,1,0,0,0,0,0,0.0,0,0,0,0,3,0,1,0,4,0,1,0,0,0,0,1,0,0,2.2,2,27.54,0,0,0,0,0,0,0,0,0,0,0,0,0,0,0,0,0,1,2,2,0,0,0,0,0,0,0.0,0.0,0,0,0,1,1,0,0.24,0,0,0,1
793524,Andreas Helmersen,andreas-helmersen,656,Bodø/Glimt,6.2,6.2,1,0,0,0,0,0.0,0,8,1,9,88.89,4,4,1,0,0,0.0,1,0,0,0,0,0,0.0,2,0,2,1,16.67,3,33.33,4,26.67,81,0.0,0,0,0,0,0,0,0,0,1,1,0,0,0,0,0.0,3,0,0,3,8,0,0,0,27,0,2,0,0,0,0,0,0,0,9.99,12,32.15,0,0,0,0,0,2,1,0,0,0,0,0,1,0,0,0,0,0,11,6,0,0,0,0,3,0,0.0,0.0,0,0,0,4,5,0,0.24,0,4,0,1
903324,Kerem Aktürkoğlu,kerem-akturkoglu,3052,Fenerbahçe,6.2,6.2,1,0,0,0,0,0.01,0,8,1,9,88.89,4,4,3,0,1,20.0,0,0,1,0,0,0,0.0,2,2,0,2,28.57,0,0.0,2,25.0,72,0.0,0,0,0,0,0,0,0,0,2,0,0,0,0,0,0.0,0,0,1,0,8,0,1,1,23,1,1,0,0,0,0,0,0,0,8.0,10,32.0,0,0,0,0,0,0,1,0,0,0,0,0,1,0,0,0,5,1,6,1,0,0,0,0,1,0,0.0,0.0,0,0,0,4,5,0,0.12,0,1,0,1
1155383,Ezechiel Banzuzi,ezechiel-banzuzi,36360,RB Leipzig,6.2,6.2,1,0,0,0,0,0.01,0,14,1,15,93.33,7,7,3,0,0,0.0,0,0,1,0,0,0,0.0,2,0,2,0,0.0,1,100.0,1,25.0,30,0.0,0,0,0,0,0,0,0,0,2,0,0,0,0,0,0.0,0,0,0,1,3,0,0,0,20,0,1,0,0,0,0,0,0,0,4.49,6,32.4,0,0,0,0,0,1,0,0,0,0,0,0,0,0,0,0,1,0,3,0,0,0,0,0,1,0,0.0,0.0,0,0,0,8,7,0,0.11,0,2,0,1
980628,Maximilian Beier,maximilian-beier,2673,Borussia Dortmund,6.2,6.2,1,0,0,0,0,0.03,0,19,10,29,65.52,5,14,8,1,2,66.67,1,1,0,0,0,0,0.0,2,0,2,4,44.44,0,0.0,4,40.0,82,0.0,0,0,0,0,0,0,0,0,2,0,0,0,0,1,50.0,0,0,0,2,18,0,4,1,53,1,1,0,0,1,0,0,0,0,9.84,11,31.43,0,0,0,0,0,1,0,0,0,0,0,0,1,0,0,1,3,0,6,1,0,0,0,2,1,0,0.0,0.0,0,0,0,7,22,0,0.08,0,1,0,1
1087359,Renato Veiga,renato-veiga,2819,Villarreal,6.2,6.2,1,0,0,0,0,0.01,0,59,4,63,93.65,49,10,3,0,0,0.0,0,0,0,0,0,0,0.0,1,0,0,1,33.33,1,50.0,2,40.0,90,0.0,0,0,0,0,0,0,0,0,1,0,0,0,0,3,60.0,2,0,0,0,5,0,2,2,71,1,0,0,1,2,0,1,0,0,10.08,5,29.95,0,0,0,0,0,3,0,0,0,0,0,0,1,0,0,0,0,0,3,1,0,0,0,5,3,0,0.0,0.0,0,0,0,50,13,0,0.07,7,3,2,1
1099352,Giuliano Simeone,giuliano-simeone,2836,Atlético Madrid,6.2,6.2,1,0,0,0,0,0.1,0,28,8,36,77.78,11,17,10,1,1,50.0,1,2,0,0,0,0,0.0,1,0,0,3,42.86,2,100.0,5,55.56,90,0.0,0,0,0,0,0,0,0,0,0,1,0,0,0,0,0.0,0,0,0,0,14,0,0,0,50,1,0,0,0,3,2,1,0,0,11.43,19,33.23,0,0,0,0,0,1,1,0,0,0,0,0,1,0,0,1,2,1,4,0,0,0,0,0,2,1,100.0,0.0,0,0,0,14,22,0,0.02,0,5,0,1
1653823,Christian Nwachukwu,nwachukwu-christian,267828,Sabah FK,6.2,6.2,1,0,0,0,0,0.0,0,3,3,6,50.0,3,0,0,0,0,0.0,1,0,0,0,0,0,0.0,1,0,0,1,25.0,0,0.0,1,20.0,45,0.0,0,0,0,0,0,0,0,0,0,1,0,0,0,0,0.0,0,0,0,1,6,0,0,0,15,0,0,0,0,0,0,1,0,0,5.49,13,33.12,0,0,0,0,0,3,0,0,0,0,0,0,1,0,0,0,2,0,4,1,0,0,0,0,3,1,100.0,0.0,0,0,0,3,3,0,0.01,0,3,0,1
610766,Tammy Abraham,tammy-abraham,40,Aston Villa,6.1,6.1,1,0,0,0,0,0.0,0,2,1,3,66.67,2,0,0,0,0,0.0,0,0,0,0,0,0,0.0,0,0,0,0,0.0,0,0.0,0,0.0,9,0.0,0,0,0,0,0,0,0,0,0,0,0,0,0,0,0.0,0,0,0,0,2,0,0,0,4,0,1,0,0,2,0,0,0,0,1.97,1,25.16,0,0,0,0,0,0,0,0,0,0,0,0,0,0,0,0,1,0,6,2,0,0,0,0,0,0,0.0,0.0,0,0,0,2,1,0,,0,1,0,1
1012444,Alberto Moleiro,alberto-moleiro,2819,Villarreal,6.1,6.1,1,0,0,0,0,0.01,0,11,4,15,73.33,4,7,5,0,0,0.0,0,1,0,0,0,0,0.0,0,0,0,0,0.0,0,0.0,0,0.0,31,0.0,0,0,0,0,0,0,0,0,0,0,0,0,0,0,0.0,0,0,0,0,6,0,0,0,18,0,0,0,0,0,0,0,0,0,4.15,5,31.64,0,0,0,0,0,2,0,0,0,0,0,0,0,0,0,0,2,0,2,0,0,0,0,0,2,0,0.0,0.0,0,0,0,6,9,0,,0,2,0,1
1119487,Nathan Ngoy,nathan-ngoy,1643,Lille,6.1,6.1,1,0,0,0,0,0.0,0,71,2,73,97.26,57,14,3,0,0,0.0,0,0,0,0,0,0,0.0,0,0,0,0,0.0,0,0.0,0,0.0,90,0.0,0,0,0,0,0,0,0,0,0,0,0,0,0,1,50.0,5,0,0,0,4,0,1,0,82,0,1,0,0,0,0,0,0,0,10.37,9,32.22,0,0,0,0,0,3,0,0,0,0,0,0,1,0,0,0,0,0,3,2,0,0,0,2,3,0,0.0,0.0,0,0,0,57,16,0,,1,5,1,1
847494,Berke Özer,berke-ozer,1643,Lille,6.1,6.1,1,0,0,0,0,0.0,0,34,6,40,85.0,30,4,3,0,0,0.0,0,0,0,0,0,0,0.0,0,0,0,0,0.0,0,0.0,0,0.0,90,0.0,0,0,0,0,0,0,0,0,0,0,0,0,0,4,40.0,0,0,0,0,6,0,0,0,45,0,0,0,0,0,0,0,0,2,4.89,0,22.07,0,0,0,0,2,3,0,0,0,0,0,0,1,0,0,0,0,0,0,0,0,0,0,10,3,0,0.0,0.0,0,0,0,31,9,0,,5,4,0,1
1893907,Alassane Diatta,alassane-diatta,2819,Villarreal,6.1,6.1,1,0,0,0,0,0.0,0,7,0,7,100.0,4,3,0,0,0,0.0,0,0,0,0,0,0,0.0,0,0,0,0,0.0,0,0.0,0,0.0,15,0.0,0,0,0,0,0,0,0,0,0,0,0,0,0,1,100.0,0,0,0,2,3,0,0,0,10,0,1,0,0,0,0,0,0,0,2.3,2,29.09,0,0,0,0,0,2,0,0,0,0,0,0,0,0,0,0,1,0,4,0,0,0,0,1,2,0,0.0,0.0,0,0,0,4,3,0,,0,1,0,1
795154,Fredrik André Bjørkan,fredrik-andre-bjorkan,656,Bodø/Glimt,6.1,6.1,1,0,0,0,0,0.02,0,24,8,32,75.0,8,16,10,0,3,60.0,1,0,0,0,0,0,0.0,0,0,0,4,50.0,0,0.0,4,50.0,81,0.0,0,0,0,0,0,0,0,0,0,0,0,0,0,1,33.33,4,0,0,1,15,0,2,0,57,0,0,0,0,1,0,0,0,0,10.3,12,32.11,0,0,0,0,0,2,1,0,0,0,0,0,1,0,0,0,5,2,4,0,0,0,0,3,3,1,100.0,0.0,0,0,0,12,20,0,,0,4,1,1
826049,Mojmír Chytil,mojmir-chytil,2216,SK Slavia Praha,6.1,6.1,1,0,0,0,0,0.01,0,9,5,14,64.29,2,7,4,0,0,0.0,0,0,0,0,0,0,0.0,0,0,0,0,0.0,0,0.0,0,0.0,76,0.0,0,0,0,0,0,0,0,0,0,0,0,0,0,0,0.0,0,0,0,1,9,2,1,1,22,0,0,0,0,2,0,0,0,0,8.2,13,32.0,0,0,0,0,0,1,0,0,0,0,0,0,1,0,0,0,1,0,8,4,0,0,0,0,1,0,0.0,0.0,0,0,0,2,12,0,,0,3,1,1
945401,Rahman Dashdamirov,rahman-dashdamirov,267828,Sabah FK,6.1,6.1,1,0,0,0,0,0.0,0,51,7,58,87.93,44,7,0,0,1,100.0,2,2,0,0,0,0,0.0,0,0,0,3,75.0,1,100.0,4,80.0,90,0.0,0,0,0,0,0,0,0,0,0,0,0,0,0,2,33.33,3,0,0,0,8,0,3,0,67,0,0,0,0,1,0,0,0,0,10.19,8,29.99,0,0,0,0,0,4,0,0,0,0,0,0,1,0,0,0,1,0,1,0,0,0,0,6,4,1,50.0,0.0,0,0,0,51,7,0,,0,9,0,1
958915,Jesper Daland,jesper-daland,1164,Viking FK,6.1,6.1,1,0,0,0,0,0.0,0,25,5,30,83.33,21,4,0,0,0,0.0,2,0,0,0,0,0,0.0,0,0,0,2,100.0,2,66.67,4,80.0,62,0.0,0,0,0,0,0,0,0,0,0,0,0,0,0,1,25.0,3,0,0,0,5,0,2,1,35,0,0,0,0,0,0,0,0,0,6.96,8,30.82,0,0,0,0,0,3,0,0,0,0,0,0,1,0,0,0,0,0,1,1,0,0,0,4,3,2,100.0,0.0,0,0,0,22,8,0,,0,1,0,1
149740,Kristoffer Haugen,kristoffer-haugen,1164,Viking FK,6.1,6.1,1,0,0,0,0,0.0,0,25,10,35,71.43,16,9,2,0,0,0.0,5,0,0,0,0,0,0.0,0,0,0,5,71.43,0,0.0,5,62.5,71,0.0,0,0,0,0,0,0,0,0,0,0,0,0,0,1,12.5,2,0,1,0,12,0,2,0,49,0,0,0,0,1,0,0,0,0,8.75,11,31.36,0,0,0,0,0,3,0,0,0,0,0,0,1,0,0,0,1,0,3,1,0,0,0,8,3,4,80.0,0.0,0,0,0,17,18,0,,0,5,1,1
913593,Gabriel Sara,gabriel-sara,3061,Galatasaray,6.1,6.1,1,0,0,0,0,0.04,0,45,9,54,83.33,24,21,8,2,0,0.0,0,2,0,0,0,1,12.5,2,1,1,0,0.0,1,50.0,1,33.33,84,0.0,0,0,0,0,0,0,0,0,1,1,0,0,0,0,0.0,0,0,1,1,18,0,3,0,69,0,0,0,0,0,0,0,0,0,10.94,5,28.33,0,0,0,0,0,2,1,0,0,0,0,0,1,0,0,2,0,8,2,1,0,0,0,3,3,0,0.0,0.0,0,0,0,26,28,0,0.21,0,3,0,1
838805,Jens Petter Hauge,jens-hauge,656,Bodø/Glimt,6.0,6.0,1,0,0,0,0,0.0,0,8,1,9,88.89,4,4,1,0,0,0.0,0,0,0,0,0,0,0.0,0,0,0,0,0.0,0,0.0,0,0.0,25,0.0,0,0,0,0,0,0,0,0,0,0,0,0,0,0,0.0,0,0,0,0,3,0,0,0,11,0,1,0,0,1,0,0,0,0,3.4,7,30.74,0,0,0,0,0,1,2,0,0,0,0,0,0,0,0,0,1,0,3,0,0,0,0,0,3,0,0.0,0.0,0,0,0,5,4,0,,0,1,0,1
1103333,Franjo Ivanović,franjo-ivanovic,1648,RC Lens,6.0,6.0,1,0,0,0,0,0.01,0,11,8,19,57.89,4,7,2,0,1,25.0,0,0,0,0,0,0,0.0,0,0,0,1,12.5,1,50.0,2,20.0,61,0.0,0,0,0,0,0,0,0,0,0,0,0,0,0,2,100.0,1,0,0,3,17,1,1,1,32,0,1,0,0,0,0,0,0,0,7.63,10,31.39,0,0,0,0,0,0,1,0,0,0,0,0,1,0,0,0,4,0,8,1,0,0,0,2,1,0,0.0,0.0,0,0,0,6,13,0,,0,5,0,1
800951,Julian Ryerson,julian-ryerson,2673,Borussia Dortmund,6.0,6.0,1,0,0,0,0,0.03,0,42,3,45,93.33,17,25,15,0,2,33.33,0,0,0,0,0,1,11.11,0,0,0,3,25.0,0,0.0,3,21.43,90,0.0,0,0,0,0,0,0,0,0,0,0,0,0,0,0,0.0,3,0,0,2,21,0,1,1,78,1,2,0,0,1,0,0,0,0,11.39,10,30.38,0,0,0,0,0,2,0,0,0,0,0,0,1,0,0,0,6,9,11,2,0,0,0,0,2,0,0.0,0.0,0,0,0,18,27,0,,0,2,0,1
1094106,Marc Pubill,marc-pubill,2836,Atlético Madrid,6.0,6.0,1,0,0,0,0,0.0,0,34,7,41,82.93,24,10,3,0,0,0.0,3,1,1,0,0,0,0.0,0,0,0,3,37.5,1,33.33,4,36.36,90,0.0,0,0,0,0,0,0,0,0,0,0,0,0,0,2,50.0,2,0,0,0,12,0,3,0,66,0,3,0,0,2,0,0,0,0,11.0,17,32.8,0,0,0,0,0,1,1,0,0,0,0,0,1,0,0,0,1,3,7,2,0,0,0,4,2,1,33.33,0.0,0,0,0,26,15,0,,0,4,1,1
188365,Héctor Bellerín,hector-bellerin,2816,Real Betis,6.0,6.0,1,0,0,0,0,0.06,0,44,8,52,84.62,26,18,9,2,2,100.0,0,0,0,0,0,0,0.0,0,0,0,2,100.0,0,0.0,2,100.0,90,0.0,0,0,0,0,0,0,0,0,0,0,0,0,0,0,0.0,0,0,0,0,9,0,0,0,66,0,0,0,0,0,0,0,0,0,10.79,10,31.97,0,0,0,0,0,2,0,0,0,0,0,0,1,0,0,2,2,0,0,0,0,0,0,2,2,0,0.0,0.0,0,0,0,30,22,0,,0,2,0,1
981483,Eren Elmalı,eren-elmali,3061,Galatasaray,6.0,6.0,1,0,0,0,0,0.02,0,39,2,41,95.12,17,22,8,0,0,0.0,1,0,1,0,0,0,0.0,0,0,0,2,33.33,1,100.0,3,42.86,90,0.0,0,0,0,0,0,0,0,0,0,0,0,0,0,1,50.0,1,0,0,0,7,0,0,0,58,1,1,0,0,1,0,0,0,0,10.93,14,33.59,0,0,0,0,0,2,1,0,0,0,0,0,1,0,0,0,2,1,4,0,0,0,0,2,3,0,0.0,0.0,0,0,0,18,23,0,,0,5,1,1
964983,Álvaro Valles,alvaro-valles,2816,Real Betis,6.0,6.0,1,0,0,0,0,0.0,0,27,6,33,81.82,25,2,1,0,0,0.0,0,0,0,0,0,0,0.0,0,0,0,0,0.0,0,0.0,0,0.0,90,0.0,0,0,0,0,0,0,0,0,0,0,0,0,0,6,50.0,0,0,0,0,6,0,6,4,36,0,0,0,0,0,0,0,0,0,5.05,0,23.98,0,0,0,0,0,2,0,0,0,0,0,0,1,0,0,0,0,0,0,0,0,0,0,12,2,0,0.0,0.0,0,0,0,26,7,0,,0,3,0,1
1388535,Givairo Read,givairo-read,2959,Feyenoord,6.0,6.0,1,0,0,0,0,0.0,0,22,0,22,100.0,14,8,2,0,0,0.0,3,0,0,0,0,0,0.0,0,0,0,5,50.0,0,0.0,5,50.0,90,0.0,0,0,0,0,0,0,0,0,0,0,0,0,0,0,0.0,1,0,0,0,9,0,2,2,43,2,2,0,0,2,0,0,0,0,10.79,14,31.61,0,0,0,0,0,3,2,0,0,0,0,0,1,0,0,0,1,0,5,0,0,0,0,0,5,2,66.67,0.0,0,0,0,14,8,0,,0,2,0,1
188307,Tomáš Chorý,tomas-chory,2216,SK Slavia Praha,6.0,6.0,1,0,0,0,0,0.01,0,5,5,10,50.0,2,3,1,0,0,0.0,0,0,0,0,0,0,0.0,0,0,0,0,0.0,0,0.0,0,0.0,14,0.0,0,0,0,0,0,0,0,0,0,0,0,0,0,0,0.0,1,1,0,0,7,0,0,0,13,0,0,0,0,0,0,0,0,0,2.26,3,29.59,0,0,0,0,0,2,0,0,0,0,0,0,0,0,0,0,0,0,0,0,0,0,0,0,2,0,0.0,0.0,0,0,0,3,7,0,,0,1,0,1
961672,Melayro Bogarde,melayro-bogarde,2058,LASK,6.0,6.0,1,0,0,0,0,,0,27,8,35,77.14,9,18,7,0,0,0.0,3,2,1,0,0,0,0.0,1,1,0,3,27.27,0,0.0,3,21.43,90,0.0,0,0,0,0,0,0,0,0,0,1,0,0,0,0,0.0,2,0,1,0,11,0,3,0,51,0,4,0,0,3,0,0,0,0,11.03,7,29.7,0,0,0,0,0,0,1,0,0,0,0,0,1,0,0,0,1,0,11,3,0,0,0,2,1,1,33.33,0.0,0,0,0,12,23,0,,0,4,2,1
1840385,Tobias Moi,tobias-moi,1164,Viking FK,6.0,6.0,1,0,0,0,0,0.06,0,19,5,24,79.17,13,6,2,1,0,0.0,1,0,0,0,0,0,0.0,0,0,0,1,20.0,0,0.0,1,14.29,71,0.0,0,0,0,0,0,0,0,0,0,0,0,0,0,0,0.0,1,0,0,0,8,0,2,0,32,0,1,0,0,1,0,0,0,0,9.63,7,29.99,0,0,0,0,0,3,0,0,0,0,0,0,1,0,0,1,2,0,6,2,0,0,0,2,3,0,0.0,0.0,0,0,0,14,10,0,,0,0,0,1
1031399,Henrik Heggheim,henrik-heggheim,1164,Viking FK,6.0,6.0,1,0,0,0,0,0.01,0,15,7,22,68.18,8,7,6,0,1,100.0,0,2,0,0,0,0,0.0,1,0,0,1,100.0,0,0.0,1,100.0,84,0.0,0,0,0,0,0,0,0,0,0,1,0,0,0,0,0.0,3,0,0,0,10,0,3,1,38,0,0,0,0,0,0,1,0,0,10.5,18,31.03,0,0,0,0,0,3,0,0,0,0,0,0,1,0,0,0,1,1,0,0,0,0,0,1,3,0,0.0,0.0,0,0,0,9,13,0,0.09,0,7,0,1
1415147,Aleksey Batrakov,aleksey-batrakov,3061,Galatasaray,5.9,5.9,1,0,0,0,0,0.07,0,24,8,32,75.0,11,13,7,1,0,0.0,2,1,0,0,0,0,0.0,0,0,0,3,60.0,0,0.0,3,60.0,64,0.0,0,0,0,0,0,0,0,0,0,0,0,0,0,0,0.0,0,0,0,0,10,0,0,0,42,1,1,0,0,0,0,0,0,0,8.56,7,30.35,0,0,0,0,0,2,1,0,0,0,0,0,1,0,0,1,1,0,2,0,0,0,0,1,3,1,50.0,0.0,0,0,0,12,20,0,,0,1,0,1
914835,Junior Firpo,junior-firpo,2816,Real Betis,5.9,5.9,1,0,0,0,0,0.03,0,32,3,35,91.43,14,18,10,0,0,0.0,2,1,0,0,0,0,0.0,0,0,0,2,28.57,2,66.67,4,40.0,81,0.0,0,0,0,0,0,0,0,0,0,0,0,0,0,0,0.0,4,0,0,1,10,0,1,0,56,0,1,0,0,2,0,0,0,0,9.45,17,32.72,0,0,0,0,0,2,0,0,0,0,0,0,1,0,0,0,1,1,6,1,0,0,0,1,2,1,50.0,0.0,0,0,0,15,20,0,,0,4,0,1
1030711,David Jurásek,david-jurasek,2216,SK Slavia Praha,5.9,5.9,1,0,0,0,0,0.0,0,1,3,4,25.0,1,0,0,0,0,0.0,0,0,0,0,0,0,0.0,0,0,0,0,0.0,0,0.0,0,0.0,14,0.0,0,0,0,0,0,0,0,0,0,0,0,0,0,0,0.0,0,0,0,0,4,0,1,0,8,0,0,0,0,0,0,0,0,0,2.11,2,31.21,0,0,0,0,0,2,0,0,0,0,0,0,0,0,0,0,0,0,0,0,0,0,0,2,2,0,0.0,0.0,0,0,0,1,3,0,,0,1,0,1
1007881,Kaheem Parris,kaheem-parris,267828,Sabah FK,5.9,5.9,1,0,1,0,0,0.47,0,16,5,21,76.19,7,9,4,1,0,0.0,0,0,0,0,0,0,0.0,1,0,0,1,16.67,0,0.0,1,12.5,63,0.0,0,0,0,0,0,0,0,0,1,0,0,0,0,0,0.0,1,1,1,1,12,0,3,2,34,1,2,0,0,0,0,1,0,0,7.91,10,31.18,0,0,0,0,0,3,0,0,0,0,0,0,1,0,0,1,3,2,7,2,0,0,0,1,3,0,0.0,0.0,0,0,0,9,12,0,0.09,0,2,1,1
976263,Ian Maatsen,ian-maatsen,40,Aston Villa,5.9,5.9,1,0,0,0,0,0.01,0,18,7,25,72.0,9,9,5,0,0,0.0,1,3,1,0,0,0,0.0,1,0,1,1,50.0,0,0.0,1,33.33,90,0.0,0,0,0,0,0,0,0,0,0,1,0,0,0,0,0.0,3,0,0,0,13,0,3,1,45,0,0,0,0,1,0,0,0,0,11.38,12,32.04,0,0,0,0,0,2,0,0,0,0,0,0,1,0,0,0,0,1,2,1,0,0,0,2,2,0,0.0,0.0,0,0,0,9,16,0,0.02,0,2,0,1
897291,Ismail Jakobs,ismail-jakobs,3061,Galatasaray,5.7,5.7,1,0,1,0,0,0.08,0,66,11,77,85.71,43,23,5,1,0,0.0,0,1,1,0,0,0,0.0,0,0,0,1,33.33,0,0.0,1,25.0,90,0.0,0,0,0,1,0,0,0,0,0,0,0,0,0,3,30.0,4,0,0,0,18,0,1,1,92,1,1,0,0,1,0,0,0,0,10.96,11,32.18,0,0,0,0,0,2,1,0,0,0,0,0,1,0,0,1,0,3,3,1,0,0,0,10,3,0,0.0,0.0,0,0,0,48,29,0,,1,4,0,1
787640,Jeremiah St Juste,jeremiah-st-juste,2959,Feyenoord,5.7,5.7,1,0,0,0,0,0.0,0,25,2,27,92.59,23,2,0,0,1,100.0,1,1,0,0,0,0,0.0,0,0,0,2,40.0,0,0.0,2,33.33,90,0.0,0,0,0,0,0,0,0,0,0,0,0,0,0,1,33.33,2,0,0,0,2,0,2,1,40,0,2,0,0,1,0,0,0,0,10.14,10,30.96,0,0,0,0,0,3,2,0,0,0,0,0,1,0,0,0,1,0,4,1,0,0,0,3,5,1,100.0,0.0,0,0,0,24,3,0,,0,4,2,1
1172777,Fredrik Sjøvold,fredrik-sjovold,656,Bodø/Glimt,5.7,5.7,1,0,0,0,0,0.01,0,32,5,37,86.49,18,14,7,0,0,0.0,3,1,0,0,0,0,0.0,0,0,0,3,75.0,1,100.0,4,80.0,90,0.0,0,0,0,0,0,0,0,0,0,0,0,0,0,2,66.67,3,0,0,1,8,0,4,2,54,0,0,0,0,0,0,0,0,0,11.68,15,31.93,0,0,0,0,0,3,2,0,0,0,0,0,1,0,0,0,0,1,1,0,0,0,0,3,5,2,66.67,0.0,0,0,0,19,18,0,,0,4,0,1
982146,Sandro Cruz,sandro-cruz,2404,ŠK Slovan Bratislava,5.5,5.5,1,0,0,0,0,0.0,0,16,6,22,72.73,14,2,0,0,0,0.0,3,1,0,0,0,0,0.0,0,0,0,4,57.14,2,100.0,6,66.67,90,0.0,0,0,0,0,0,0,0,0,0,0,0,0,0,1,25.0,4,1,0,0,12,1,1,1,43,1,2,0,0,1,0,0,0,0,10.48,20,32.98,0,0,0,0,0,5,1,0,0,0,0,0,1,0,0,0,0,2,3,0,0,0,0,4,6,3,100.0,0.0,0,0,0,17,5,0,,0,5,2,1
136924,Willi Orbán,willi-orban,36360,RB Leipzig,5.4,5.4,1,0,0,1,0,0.01,0,60,7,67,89.55,37,23,6,0,0,0.0,1,0,1,0,0,0,0.0,0,0,0,1,25.0,0,0.0,1,20.0,90,0.0,0,0,0,0,0,0,0,0,0,0,0,0,0,0,0.0,4,0,0,0,7,1,3,1,72,0,3,0,0,0,0,0,0,0,10.15,10,31.5,0,0,0,0,0,4,0,0,0,0,0,0,1,0,0,0,0,0,4,1,0,0,0,5,4,1,100.0,0.0,0,0,0,38,29,0,,0,2,0,1
934385,Maarten Vandevoordt,maarten-vandevoordt,36360,RB Leipzig,5.4,5.4,1,0,0,0,0,0.0,0,28,3,31,90.32,28,0,0,0,0,0.0,0,0,0,0,0,0,0.0,0,0,0,0,0.0,0,0.0,0,0.0,90,0.0,0,0,0,0,0,0,0,0,0,0,0,0,0,3,50.0,1,0,0,0,3,0,0,0,39,0,0,0,0,0,0,0,0,2,5.07,0,22.79,0,0,0,0,2,4,0,1,1,1,0,0,1,0,0,0,0,0,0,0,0,0,0,6,4,0,0.0,0.0,0,0,0,29,2,0,,6,3,0,1
890913,Svetozar Marković,svetozar-markovic,2404,ŠK Slovan Bratislava,5.4,5.4,1,0,0,0,0,0.0,0,13,3,16,81.25,12,1,1,0,0,0.0,0,2,0,0,0,0,0.0,0,0,0,0,0.0,0,0.0,0,0.0,90,0.0,0,0,0,0,0,0,0,0,0,0,0,0,0,1,100.0,4,0,0,0,3,0,1,0,24,0,0,0,0,0,0,0,0,0,10.34,7,30.82,0,0,0,0,0,5,1,0,0,0,0,0,1,0,0,0,0,0,0,0,0,0,0,1,6,0,0.0,0.0,0,0,0,14,2,0,,0,1,1,1
856076,David Raum,david-raum,36360,RB Leipzig,5.4,5.4,1,0,2,0,0,0.24,0,53,9,62,85.48,23,30,13,4,0,0.0,2,1,0,0,0,2,20.0,1,0,0,2,20.0,0,0.0,2,16.67,90,0.0,0,0,0,0,1,0,0,0,0,1,0,0,0,1,33.33,0,0,0,0,21,0,2,0,91,0,0,0,0,6,0,1,0,0,10.33,19,32.36,0,0,0,0,0,4,0,0,0,0,0,0,1,0,0,4,2,10,10,2,0,0,0,3,4,2,100.0,0.0,0,0,0,28,34,0,0.14,0,8,0,1
1019319,Tjark Ernst,tjark-ernst,2959,Feyenoord,5.3,5.3,1,0,0,0,0,0.0,0,13,8,21,61.9,11,2,0,0,0,0.0,0,0,0,0,0,0,0.0,0,0,0,0,0.0,0,0.0,0,0.0,90,0.0,0,0,0,0,0,0,0,0,0,0,0,0,0,3,30.0,0,0,0,0,9,0,6,1,32,0,0,0,0,0,0,0,0,4,4.78,0,22.82,0,0,0,1,3,3,2,0,1,1,0,0,1,0,0,0,0,0,0,0,0,0,0,10,5,0,0.0,0.0,0,0,1,17,4,0,,5,8,0,1
35769,Arild Østbø,arild-stb,1164,Viking FK,5.3,5.3,1,0,0,0,0,0.0,0,18,21,39,46.15,13,5,2,0,0,0.0,0,0,0,0,0,0,0.0,0,0,0,0,0.0,1,100.0,1,100.0,90,0.0,0,0,0,0,0,0,0,0,0,0,0,0,0,7,25.0,3,1,0,0,21,0,2,1,47,0,0,0,0,0,0,0,0,0,5.42,0,24.26,0,0,0,0,0,3,0,1,5,5,1,0,1,0,0,0,0,0,0,0,0,0,0,28,3,0,0.0,0.0,0,0,0,16,23,0,,9,8,0,1
856553,Ridle Baku,ridle-baku,36360,RB Leipzig,5.2,5.2,1,0,0,0,0,0.08,0,39,11,50,78.0,19,20,10,0,0,0.0,0,1,0,0,0,0,0.0,2,0,2,0,0.0,2,100.0,2,33.33,88,0.0,0,0,0,0,0,0,0,0,2,0,0,0,0,2,22.22,4,1,0,0,14,0,9,3,71,0,2,0,0,1,0,0,0,0,10.18,16,32.69,0,0,0,0,0,3,0,0,0,0,0,0,1,0,0,0,1,2,4,0,0,0,0,9,3,0,0.0,0.0,0,0,0,20,30,0,0.12,0,1,0,1
1445153,Sahmkou Camara,camara-sahmkou,2404,ŠK Slovan Bratislava,5.1,5.1,1,0,0,0,0,0.0,0,24,3,27,88.89,17,7,2,0,0,0.0,2,1,0,0,0,0,0.0,0,0,0,2,66.67,0,0.0,2,66.67,68,0.0,0,0,0,0,0,0,0,0,0,0,0,0,0,2,100.0,4,1,0,0,3,0,3,2,35,0,1,0,0,0,0,0,0,0,7.72,6,30.53,0,0,0,0,0,4,1,0,0,0,0,0,0,0,0,0,0,0,1,0,0,0,0,2,5,1,50.0,0.0,0,0,0,20,7,0,,0,3,0,1
841793,César Blackman,cesar-blackman,2404,ŠK Slovan Bratislava,4.4,4.4,1,0,0,0,0,0.0,0,22,5,27,81.48,16,6,2,1,0,0.0,0,0,1,0,0,0,0.0,0,0,0,0,0.0,0,0.0,0,0.0,90,0.0,0,0,0,0,0,0,0,0,0,0,0,0,0,0,0.0,3,0,1,1,11,0,1,0,43,0,1,0,0,1,0,0,0,0,10.41,8,30.92,0,0,0,0,0,5,1,0,0,0,0,0,1,0,0,1,2,1,5,0,0,0,0,1,6,0,0.0,0.0,0,0,0,18,9,0,,0,1,0,1
814784,Julian Lund,julian-lund,656,Bodø/Glimt,4.0,4.0,1,0,0,0,0,0.0,0,3,8,11,27.27,2,1,0,0,0,0.0,0,0,0,0,0,0,0.0,0,0,0,0,0.0,0,0.0,0,0.0,45,0.0,0,0,0,0,0,0,0,0,0,0,0,0,0,2,22.22,1,0,0,0,9,0,1,0,18,0,0,0,0,0,0,0,0,1,2.35,0,22.14,0,0,0,0,1,3,2,0,0,0,0,0,0,0,0,0,0,0,0,0,0,0,0,9,5,0,0.0,0.0,0,0,0,5,6,0,,2,4,0,1
1405472,Mikuláš Konečný,mikulas-konecny,2216,SK Slavia Praha,3.0,3.0,1,0,0,0,0,0.0,0,1,0,1,100.0,1,0,0,0,0,0.0,0,0,0,1,1,0,0.0,0,0,0,0,0.0,0,0.0,0,0.0,4,0.0,0,0,0,0,0,0,0,0,0,0,0,0,0,0,0.0,0,0,0,0,0,0,0,0,1,0,1,0,0,0,0,0,0,0,0.3,1,23.76,0,0,0,0,0,0,0,0,0,0,0,0,0,0,0,0,0,0,1,0,0,0,0,0,0,0,0.0,0.0,0,0,0,1,0,0,,0,0,0,1
1085081,Álvaro Carreras,alvaro-carreras,2829,Real Madrid,0.0,0.0,0,0,0,0,0,,0,0,0,0,0.0,0,0,0,0,0,0.0,0,0,0,0,0,0,0.0,0,0,0,0,0.0,0,0.0,0,0.0,3,0.0,0,0,0,0,0,0,0,0,0,0,0,0,0,0,0.0,0,0,0,0,0,0,0,0,0,0,0,0,0,0,0,0,0,0,0.84,2,29.45,0,0,0,0,0,0,0,0,0,0,0,0,0,0,0,0,0,0,0,0,0,0,0,0,0,0,0.0,0.0,0,0,0,0,0,0,,0,0,0,1
1649918,Carlos Espí,espi-carlos,2829,Real Madrid,0.0,0.0,0,0,0,0,0,,0,0,0,0,0.0,0,0,0,0,0,0.0,0,0,0,0,0,0,0.0,0,0,0,0,0.0,0,0.0,0,0.0,1,0.0,0,0,0,0,0,0,0,0,0,0,0,0,0,0,0.0,0,0,0,0,0,0,0,0,0,0,0,0,0,0,0,0,0,0,0.24,1,26.96,0,0,0,0,0,0,0,0,0,0,0,0,0,0,0,0,0,0,0,0,0,0,0,0,0,0,0.0,0.0,0,0,0,0,0,0,,0,0,0,1
1083832,Kervin Arriaga,kervin-arriaga,3250,AEK Athens,0.0,0.0,0,0,0,0,0,,0,2,1,3,66.67,1,1,0,0,0,0.0,0,0,0,0,0,0,0.0,0,0,0,0,0.0,0,0.0,0,0.0,1,0.0,0,0,0,0,0,0,0,0,0,0,0,0,0,0,0.0,0,0,0,0,1,0,1,0,4,0,0,0,0,0,0,0,0,0,0.47,0,25.02,0,0,0,0,0,0,0,0,0,0,0,0,0,0,0,0,0,0,0,0,0,0,0,1,0,0,0.0,0.0,0,0,0,1,2,0,,0,1,0,1
1631907,Lucas Ferreira,lucas-dos-santos-ferreira,3313,Shakhtar Donetsk,0.0,0.0,0,0,0,0,0,,0,0,0,0,0.0,0,0,0,0,0,0.0,0,0,0,0,0,0,0.0,0,0,0,0,0.0,0,0.0,0,0.0,1,0.0,0,0,0,0,0,0,0,0,0,0,0,0,0,0,0.0,0,0,0,0,0,0,0,0,0,0,0,0,0,0,0,0,0,0,0.35,0,22.79,0,0,0,0,0,0,0,0,0,0,0,0,0,0,0,0,0,0,1,1,0,0,0,0,0,0,0.0,0.0,0,0,0,0,0,0,,0,0,0,1
319857,Benjamin Henrichs,benjamin-henrichs,36360,RB Leipzig,0.0,0.0,0,0,0,0,0,0.0,0,4,0,4,100.0,1,3,0,0,0,0.0,0,0,0,0,0,0,0.0,0,0,0,0,0.0,0,0.0,0,0.0,2,0.0,0,0,0,0,0,0,0,0,0,0,0,0,0,0,0.0,0,0,0,0,0,0,0,0,4,0,0,0,0,0,0,0,0,0,0.88,1,30.96,0,0,0,0,0,1,0,0,0,0,0,0,0,0,0,0,0,0,0,0,0,0,0,0,1,0,0.0,0.0,0,0,0,1,3,0,,0,0,0,1
190917,Mijat Gaćinović,mijat-gacinovic,3250,AEK Athens,0.0,0.0,0,0,0,0,0,,0,0,0,0,0.0,0,0,0,0,0,0.0,0,0,0,0,0,0,0.0,0,0,0,0,0.0,0,0.0,0,0.0,1,0.0,0,0,0,0,0,0,0,0,0,0,0,0,0,0,0.0,0,0,0,0,0,0,0,0,1,0,0,0,0,0,0,0,0,0,0.45,0,25.31,0,0,0,0,0,0,0,0,0,0,0,0,0,0,0,0,0,0,0,0,0,0,0,0,0,0,0.0,0.0,0,0,0,0,0,0,,0,0,0,1
904859,Dmytro Kryskiv,dmytro-kryskiv,3313,Shakhtar Donetsk,0.0,0.0,0,0,0,0,0,,0,0,0,0,0.0,0,0,0,0,0,0.0,0,0,1,0,0,0,0.0,0,0,0,0,0.0,0,0.0,0,0.0,1,0.0,0,0,0,0,0,0,0,0,0,0,0,0,0,0,0.0,0,0,0,0,0,0,0,0,0,0,1,0,0,0,0,0,0,0,0.39,1,24.16,0,0,0,0,0,0,0,0,0,0,0,0,0,0,0,0,0,0,1,0,0,0,0,0,0,0,0.0,0.0,0,0,0,0,0,0,,0,0,0,1
