player_id,player_name,player_slug,team_id,team_name,rating,totalRating,countRating,goals,bigChancesCreated,bigChancesMissed,assists,expectedAssists,goalsAssistsSum,accuratePasses,inaccuratePasses,totalPasses,accuratePassesPercentage,accurateOwnHalfPasses,accurateOppositionHalfPasses,accurateFinalThirdPasses,keyPasses,successfulDribbles,successfulDribblesPercentage,tackles,interceptions,yellowCards,directRedCards,redCards,accurateCrosses,accurateCrossesPercentage,totalShots,shotsOnTarget,shotsOffTarget,groundDuelsWon,groundDuelsWonPercentage,aerialDuelsWon,aerialDuelsWonPercentage,totalDuelsWon,totalDuelsWonPercentage,minutesPlayed,goalConversionPercentage,penaltiesTaken,penaltyGoals,penaltyWon,penaltyConceded,shotFromSetPiece,freeKickGoal,goalsFromInsideTheBox,goalsFromOutsideTheBox,shotsFromInsideTheBox,shotsFromOutsideTheBox,headedGoals,leftFootGoals,rightFootGoals,accurateLongBalls,accurateLongBallsPercentage,clearances,errorLeadToGoal,errorLeadToShot,dispossessed,possessionLost,possessionWonAttThird,totalChippedPasses,accurateChippedPasses,touches,wasFouled,fouls,hitWoodwork,ownGoals,dribbledPast,offsides,blockedShots,passToAssist,saves,kilometersCovered,numberOfSprints,topSpeed,cleanSheet,penaltyFaced,penaltySave,savedShotsFromInsideTheBox,savedShotsFromOutsideTheBox,goalsConcededInsideTheBox,goalsConcededOutsideTheBox,punches,runsOut,successfulRunsOut,highClaims,crossesNotClaimed,matchesStarted,penaltyConversion,setPieceConversion,totalAttemptAssist,totalContest,totalCross,duelLost,aerialLost,attemptPenaltyMiss,attemptPenaltyPost,attemptPenaltyTarget,totalLongBalls,goalsConceded,tacklesWon,tacklesWonPercentage,scoringFrequency,yellowRedCards,savesCaught,savesParried,totalOwnHalfPasses,totalOppositionHalfPasses,totwAppearances,expectedGoals,goalKicks,ballRecovery,outfielderBlocks,appearances
918622,Naser Mansi,naser-mansi,42368,Zamalek SC,8.1,16.2,2,3,0,2,0,,3,12,9,21,57.14,3,9,5,0,1,100.0,1,0,0,0,0,0,0.0,8,6,2,4,44.44,5,50.0,9,47.37,109,37.5,0,0,0,0,0,0,2,1,7,1,1,0,2,0,0.0,1,0,0,1,12,0,0,0,38,2,2,0,0,2,0,0,0,0,,,,0,0,0,0,0,6,0,0,0,0,0,0,1,0,0.0,0,1,0,10,5,0,0,0,0,6,1,100.0,36.33,0,0,0,4,17,1,,,,,3
975839,Badreddine Souyad,badreddine-souyad,42202,JS Kabylie,7.57,22.7,3,1,0,0,0,,1,71,12,83,85.54,62,9,3,0,0,0.0,4,4,1,0,0,0,0.0,2,1,1,6,75.0,7,77.78,13,76.47,270,50.0,0,0,0,0,0,0,1,0,2,0,1,0,0,5,41.67,22,0,0,0,14,0,6,3,124,2,1,0,0,1,0,0,0,0,,,,2,0,0,0,0,0,1,0,0,0,0,0,3,0,0.0,0,0,0,4,2,0,0,0,12,1,1,25.0,270.0,0,0,0,68,15,1,,,,,3
547494,Zizo,zizo,42368,Zamalek SC,7.53,45.2,6,1,4,0,2,,3,143,26,169,84.62,39,120,67,19,12,46.15,4,2,2,0,0,16,29.09,16,5,8,31,46.97,3,30.0,34,44.74,540,6.25,1,1,0,0,4,0,1,0,7,9,0,0,1,7,87.5,0,0,0,11,109,6,7,5,334,15,7,1,0,4,1,3,0,0,,,,1,0,0,0,0,9,0,0,0,0,0,0,6,100,0.0,19,26,55,42,7,0,0,0,8,9,1,25.0,540.0,0,0,0,45,179,2,,,,,6
1097370,Ibrahima Sory Doumbouya,ibrahima-sory-doumbouya,134322,Horoya,7.5,7.5,1,0,0,0,0,,0,38,13,51,74.51,25,13,4,0,0,0.0,2,1,0,0,0,0,0.0,0,0,0,5,100.0,9,81.82,14,87.5,90,0.0,0,0,0,0,0,0,0,0,0,0,0,0,0,5,41.67,3,0,0,0,14,0,8,4,64,3,0,0,0,0,0,0,0,0,,,,1,0,0,0,0,0,0,0,0,0,0,0,1,0,0.0,0,0,0,2,2,0,0,0,12,0,2,100.0,0.0,0,0,0,32,19,0,,,,,1
1393732,Rafaat Khalil,rafaat-khalil,6910,Al Ahly FC,7.4,7.4,1,1,0,0,0,,1,5,3,8,62.5,2,3,0,0,1,100.0,0,0,0,0,0,0,0.0,1,1,0,1,100.0,0,0.0,1,100.0,18,100.0,0,0,0,0,0,0,1,0,1,0,0,1,0,0,0.0,0,0,0,0,5,0,0,0,12,0,0,0,0,0,0,0,0,0,,,,0,0,0,0,0,0,0,0,0,0,0,0,0,0,0.0,0,1,0,0,0,0,0,0,1,0,0,0.0,18.0,0,0,0,3,5,0,,,,,1
943962,Peter Shalulile,peter-shalulile,7665,Mamelodi Sundowns,7.35,58.8,8,6,2,3,1,,7,90,21,111,81.08,26,66,39,7,5,50.0,4,0,0,0,0,2,40.0,22,11,7,21,46.67,8,47.06,29,46.77,671,27.27,0,0,0,0,0,0,6,0,22,0,1,3,2,2,50.0,7,0,0,2,57,3,5,2,216,12,10,1,0,7,14,4,0,0,,,,0,0,0,0,0,7,1,0,0,0,0,0,8,0,0.0,7,10,5,33,9,0,0,0,4,8,3,75.0,111.83,0,0,0,29,87,3,,,,,8
919681,Hamza Khabba,khabba-hamza,41757,Raja Club Athletic,7.34,51.4,7,5,2,2,1,,6,101,42,143,70.63,26,76,43,6,5,41.67,4,0,0,0,0,1,25.0,12,5,6,20,39.22,22,61.11,42,48.28,535,41.67,1,1,1,0,0,0,3,2,10,2,1,1,3,2,50.0,5,0,0,7,74,5,3,3,234,12,11,1,0,7,7,1,0,0,,,,1,0,0,0,0,3,1,0,0,0,0,0,7,100,0.0,6,12,4,45,14,0,0,0,4,4,2,50.0,107.0,0,0,0,28,119,2,,,,,7
1007532,Adem Redjem,adem-redjem,42202,JS Kabylie,7.33,22.0,3,1,0,0,0,,1,30,9,39,76.92,10,22,9,1,16,76.19,2,1,1,0,0,2,66.67,2,2,0,23,74.19,0,0.0,23,74.19,74,50.0,0,0,0,0,0,0,1,0,1,1,0,1,0,1,50.0,0,0,0,1,18,0,3,0,78,5,3,0,0,1,0,0,0,0,,,,0,0,0,0,0,0,1,0,0,0,0,0,0,0,0.0,1,21,3,8,0,0,0,0,2,1,1,50.0,74.0,0,0,0,11,31,1,,,,,3
559504,Themba Zwane,themba-zwane,7665,Mamelodi Sundowns,7.33,51.3,7,3,0,1,1,,4,316,41,357,88.52,90,227,122,15,13,61.9,9,5,0,0,0,1,50.0,11,6,4,28,49.12,0,0.0,28,48.28,569,27.27,0,0,0,0,0,0,2,1,7,4,0,0,3,5,71.43,3,0,0,12,88,10,8,6,475,6,7,0,0,3,0,1,0,0,,,,0,0,0,0,0,7,1,0,0,0,0,0,7,0,0.0,15,21,2,30,1,0,0,0,7,8,6,66.67,189.67,0,0,0,98,261,3,,,,,7
1169364,David Abagna,david-abagna,69322,Al-Hilal Omdurman,7.33,29.3,4,1,1,0,0,,1,87,25,112,77.68,41,46,24,2,4,80.0,11,5,0,0,0,0,0.0,7,4,2,16,72.73,0,0.0,16,59.26,273,14.29,0,0,0,0,0,0,1,0,5,2,0,0,1,1,50.0,1,0,0,1,42,2,4,1,165,1,3,1,0,1,0,1,0,0,,,,0,0,0,0,0,2,0,0,0,0,0,0,4,0,0.0,2,5,6,11,5,0,0,0,2,2,6,54.55,273.0,0,0,0,46,72,1,,,,,4
1018018,Mohamed Tougai,mohamed-tougai,59628,Espérance Sportive De Tunis,7.32,73.2,10,1,0,1,0,,1,563,91,654,86.09,392,171,36,4,4,100.0,16,11,3,0,0,0,0.0,7,2,4,28,63.64,22,70.97,50,66.67,819,14.29,0,0,0,0,0,0,1,0,7,0,0,0,1,54,54.0,26,0,0,1,102,0,74,33,764,8,14,0,0,1,0,1,0,0,,,,4,0,0,0,0,9,0,0,0,0,0,0,9,0,0.0,4,4,0,25,9,0,0,0,100,9,11,68.75,819.0,0,0,0,424,230,3,,,,,10
333447,Mahmoud Metwaly,mahmoud-metwaly,6910,Al Ahly FC,7.3,14.6,2,0,0,0,0,,0,75,7,82,91.46,57,18,3,0,1,100.0,5,3,0,0,0,0,0.0,1,0,1,10,100.0,1,25.0,11,78.57,135,0.0,0,0,0,0,0,0,0,0,1,0,0,0,0,9,60.0,2,0,0,0,9,0,7,4,105,4,0,0,0,0,0,0,0,0,,,,1,0,0,0,0,1,0,0,0,0,0,0,2,0,0.0,0,1,0,3,3,0,0,0,15,1,4,80.0,0.0,0,0,0,61,21,1,,,,,2
359280,Ahmed Reda Tagnaouti,ahmed-reda-tagnaouti,36268,Wydad Casablanca,7.28,36.4,5,0,0,0,0,,0,71,55,126,56.35,52,19,4,0,0,0.0,0,0,1,0,0,0,0.0,0,0,0,0,0.0,1,100.0,1,100.0,450,0.0,0,0,0,0,0,0,0,0,0,0,0,0,0,23,29.87,3,0,0,0,57,0,22,8,174,0,0,0,0,0,0,0,0,13,,,,4,0,0,3,10,1,0,2,0,0,5,0,5,0,0.0,0,0,0,0,0,0,0,0,77,1,0,0.0,0.0,0,0,3,56,70,0,,,,,5
1140390,Mohamed Saeed Ahmed,mohamed-ering,69322,Al-Hilal Omdurman,7.28,36.4,5,0,0,0,0,,0,160,47,207,77.29,109,51,13,2,1,100.0,10,11,1,0,0,0,0.0,0,0,0,20,76.92,12,70.59,32,74.42,450,0.0,0,0,0,0,0,0,0,0,0,0,0,0,0,19,45.24,26,0,0,0,53,0,20,9,290,9,5,0,0,2,0,0,0,0,,,,2,0,0,0,0,5,0,0,0,0,0,0,5,0,0.0,2,1,0,11,5,0,0,0,42,5,5,50.0,0.0,0,0,0,131,76,0,,,,,5
958738,Clatous Chama,clatous-chama,212409,Simba SC,7.28,58.2,8,4,4,1,1,,5,310,70,380,81.58,119,196,95,19,15,60.0,16,2,2,0,0,5,20.0,18,8,6,37,40.66,3,42.86,40,40.82,719,22.22,1,1,0,0,4,1,3,1,9,9,0,1,3,9,50.0,1,0,0,16,140,4,22,7,552,6,17,0,0,14,2,4,0,0,,,,3,0,0,0,0,7,1,0,0,0,0,0,8,100,25.0,19,25,25,58,4,0,0,0,18,8,7,43.75,179.75,0,0,0,134,271,2,,,,,8
919677,Yahia Attiyat Allah,yahia-attiyat-allah,36268,Wydad Casablanca,7.26,87.1,12,1,4,0,1,,2,352,95,447,78.75,200,168,80,20,3,60.0,27,10,4,0,0,16,36.36,10,4,5,45,51.72,10,55.56,55,52.38,1079,10.0,0,0,0,0,6,1,0,1,4,6,0,1,0,35,44.3,18,0,0,11,175,3,68,31,729,15,21,1,0,9,1,1,0,0,,,,6,0,0,0,0,6,1,0,0,0,0,0,12,0,16.67,20,5,44,50,8,0,0,0,79,7,18,66.67,1079.0,0,0,0,228,263,3,,,,,12
1182641,Jaredi,jaredi,148072,Atlético Petróleos de Luanda,7.25,43.5,6,1,5,0,1,,2,114,33,147,77.55,41,85,43,16,8,38.1,9,2,0,0,0,12,29.27,4,1,1,36,50.0,1,33.33,37,49.33,394,25.0,0,0,0,0,1,1,0,1,1,3,0,0,1,3,27.27,2,0,0,6,94,1,13,4,278,19,8,0,0,9,1,2,0,0,,,,1,0,0,0,0,3,0,0,0,0,0,0,5,0,100.0,16,21,41,38,2,0,0,0,11,3,7,77.78,394.0,0,0,0,44,144,1,,,,,6
881117,Teboho Mokoena,teboho-mokoena,7665,Mamelodi Sundowns,7.23,65.1,9,1,0,0,0,,1,602,81,683,88.14,304,304,109,3,6,75.0,25,16,3,0,0,6,40.0,23,8,10,40,58.82,6,54.55,46,58.23,793,4.35,0,0,0,0,8,0,0,1,1,22,0,0,1,15,38.46,11,0,1,2,107,6,33,16,824,10,17,0,0,7,0,5,0,0,,,,2,0,0,0,0,9,1,0,0,0,0,0,9,0,0.0,3,8,15,33,5,0,0,0,39,10,14,56.0,793.0,0,0,0,326,372,3,,,,,9
1006190,Farid Ouedraogo,farid-ouedraogo,134278,AS Vita Club,7.22,36.1,5,0,0,0,0,,0,81,38,119,68.07,70,11,2,0,0,0.0,0,0,0,0,0,0,0.0,0,0,0,0,0.0,3,100.0,3,100.0,450,0.0,0,0,0,0,0,0,0,0,0,0,0,0,0,18,32.14,11,0,0,0,38,0,12,6,180,0,0,0,0,0,0,0,0,18,,,,2,0,0,11,7,5,0,7,2,2,1,0,5,0,0.0,0,0,0,0,0,0,0,0,56,5,0,0.0,0.0,0,0,5,74,45,1,,,,,5
926506,Mohamed Abdelmonem,mohamed-abdelmonem,6910,Al Ahly FC,7.22,86.6,12,3,0,1,0,,3,672,79,751,89.48,519,153,32,0,5,62.5,13,18,2,0,0,0,0.0,9,4,4,28,54.9,31,59.62,59,57.28,1073,33.33,0,0,0,0,0,0,3,0,8,1,3,0,0,55,60.44,35,0,0,5,94,0,44,25,884,11,14,0,0,1,0,1,0,0,,,,7,0,0,0,0,6,4,0,0,0,0,0,12,0,0.0,0,8,1,44,21,0,0,0,91,10,8,61.54,357.67,0,0,0,552,200,2,,,,,12
1424605,Mahmoud Bentayg,bentayg-mahmoud,41757,Raja Club Athletic,7.21,50.5,7,0,1,0,0,,0,188,54,242,77.69,96,95,39,4,2,28.57,27,6,1,0,0,3,18.75,4,0,3,40,67.8,8,47.06,48,63.16,567,0.0,0,0,0,0,1,0,0,0,3,1,0,0,0,13,52.0,11,0,0,0,101,0,22,12,401,11,11,0,0,4,0,1,0,0,,,,3,0,0,0,0,3,1,0,0,0,0,0,7,0,0.0,4,7,16,28,9,0,0,0,25,4,19,70.37,0.0,0,0,0,110,148,1,,,,,7
1009188,Amine Aboulfath,amine-aboulfath,36268,Wydad Casablanca,7.21,50.5,7,0,0,0,0,,0,231,57,288,80.21,175,56,22,0,1,100.0,11,10,3,0,0,0,0.0,5,0,5,18,52.94,17,77.27,35,62.5,556,0.0,0,0,0,0,0,0,0,0,4,1,0,0,0,39,52.7,23,0,0,0,62,0,44,24,363,7,12,0,0,4,0,0,0,0,,,,4,0,0,0,0,2,1,0,0,0,0,0,6,0,0.0,0,1,0,21,5,0,0,0,74,3,5,45.45,0.0,0,0,0,193,95,1,,,,,8
1168799,Bouchaib Arrassi,bouchaib-arrassi,41757,Raja Club Athletic,7.2,7.2,1,0,0,0,0,,0,27,8,35,77.14,23,4,1,0,0,0.0,1,1,0,0,0,0,0.0,0,0,0,2,66.67,3,100.0,5,83.33,90,0.0,0,0,0,0,0,0,0,0,0,0,0,0,0,1,20.0,5,0,0,0,8,0,7,3,47,1,1,0,0,0,0,0,0,0,,,,0,0,0,0,0,1,0,0,0,0,0,0,1,0,0.0,0,0,0,1,0,0,0,0,5,1,1,100.0,0.0,0,0,0,26,9,0,,,,,1
933050,Abou Mangué Camara,abou-mangue-camara,134322,Horoya,7.2,7.2,1,0,0,0,0,,0,30,10,40,75.0,19,11,4,0,2,100.0,4,0,1,0,0,0,0.0,0,0,0,7,63.64,1,100.0,8,66.67,90,0.0,0,0,0,0,0,0,0,0,0,0,0,0,0,3,37.5,2,0,0,0,18,0,4,2,62,1,4,0,0,0,0,0,0,0,,,,1,0,0,0,0,0,0,0,0,0,0,0,1,0,0.0,0,2,1,4,0,0,0,0,8,0,2,50.0,0.0,0,0,0,20,21,0,,,,,1
1005375,Junior Dande,junior-dande,134278,AS Vita Club,7.2,7.2,1,0,0,0,0,,0,20,16,36,55.56,15,5,2,0,0,0.0,0,0,0,0,0,0,0.0,0,0,0,0,0.0,0,0.0,0,0.0,90,0.0,0,0,0,0,0,0,0,0,0,0,0,0,0,9,36.0,0,0,0,0,16,0,7,1,48,0,0,0,0,1,0,0,0,5,,,,0,0,0,3,2,0,1,0,0,0,2,0,1,0,0.0,0,0,0,1,0,0,0,0,25,1,0,0.0,0.0,0,0,2,19,17,0,,,,,1
1102947,Houssem Eddine Mrezigue,houssem-eddine-mrezigue,42207,CR Belouizdad,7.2,43.2,6,0,1,0,0,,0,352,57,409,86.06,197,156,52,4,4,80.0,12,8,0,0,0,1,100.0,14,1,8,20,54.05,5,62.5,25,55.56,531,0.0,0,0,0,0,0,0,0,0,6,8,0,0,0,27,55.1,7,0,0,1,67,2,36,16,488,4,8,0,0,7,0,5,0,0,,,,4,0,0,0,0,1,1,0,0,0,0,0,6,0,0.0,4,5,1,20,3,0,0,0,49,2,5,41.67,0.0,0,0,0,216,194,0,,,,,6
837099,Aubrey Modiba,aubrey-modiba,7665,Mamelodi Sundowns,7.16,64.4,9,0,4,0,2,,2,477,97,574,83.1,220,263,112,14,7,77.78,25,8,1,0,0,6,20.0,7,2,2,37,61.67,2,25.0,39,57.35,785,0.0,0,0,0,0,3,0,0,0,1,6,0,0,0,16,47.06,18,1,0,6,153,1,44,19,797,5,8,0,0,7,1,3,0,0,,,,2,0,0,0,0,9,1,0,0,0,0,0,9,0,0.0,14,9,30,29,6,0,0,0,34,10,11,44.0,0.0,0,0,0,248,356,2,,,,,9
898740,Ghayléne Chaaleli,ghaylene-chaaleli,59628,Espérance Sportive De Tunis,7.15,28.6,4,0,1,0,1,,1,160,40,200,80.0,79,81,36,4,2,100.0,5,7,1,0,0,0,0.0,3,1,1,11,55.0,6,50.0,17,53.13,281,0.0,0,0,0,0,0,0,0,0,0,3,0,0,0,24,60.0,5,0,0,2,51,3,32,18,249,4,6,0,0,1,0,1,0,0,,,,2,0,0,0,0,2,0,0,0,0,0,0,3,0,0.0,4,2,2,15,6,0,0,0,40,2,4,80.0,0.0,0,0,0,88,114,1,,,,,4
805331,Matheuzinho,matheuzinho,69320,Al-Merrikh Khartoum Club,7.15,42.9,6,0,1,0,0,,0,97,38,135,71.85,38,66,35,7,4,57.14,18,3,1,0,0,7,28.0,19,8,6,33,55.0,0,0.0,33,53.23,469,0.0,0,0,0,0,5,0,0,0,3,16,0,0,0,7,46.67,0,0,0,9,74,5,22,7,251,11,5,0,0,10,1,5,0,0,,,,0,0,0,0,0,6,1,0,0,0,0,0,6,0,0.0,7,7,25,29,2,0,0,0,15,7,8,44.44,0.0,0,0,0,45,115,1,,,,,6
919712,Yahya Jabrane,jabrane-yahya,36268,Wydad Casablanca,7.14,85.7,12,1,0,0,1,,2,581,91,672,86.46,319,262,104,7,9,90.0,32,15,3,0,0,0,0.0,7,2,4,56,50.45,17,60.71,73,52.52,1064,14.29,1,1,0,0,0,0,1,0,3,4,0,0,1,56,60.22,20,0,0,7,105,4,69,37,836,15,29,0,0,18,0,1,0,0,,,,6,0,0,0,0,6,1,0,0,0,0,0,12,100,0.0,7,10,1,66,11,0,0,0,93,7,18,56.25,1064.0,0,0,0,341,332,2,,,,,12
1000384,Ali Abdallah Abu-Eshrein,ali-abdallah-abu-eshrein,69322,Al-Hilal Omdurman,7.14,35.7,5,0,0,0,0,,0,82,60,142,57.75,63,19,6,0,1,100.0,0,0,1,0,0,0,0.0,0,0,0,1,100.0,3,100.0,4,100.0,450,0.0,0,0,0,0,0,0,0,0,0,0,0,0,0,31,34.07,7,0,1,0,64,0,30,12,197,0,1,0,0,0,0,0,0,17,,,,2,0,0,6,11,3,0,4,3,3,5,0,5,0,0.0,0,1,0,0,0,0,0,0,91,3,0,0.0,0.0,0,0,2,70,72,0,,,,,5
1410423,Raed Bouchniba,raed-bouchniba,59628,Espérance Sportive De Tunis,7.13,42.8,6,0,0,0,0,,0,153,29,182,84.07,74,79,39,6,1,33.33,19,9,0,0,1,0,0.0,4,2,1,22,64.71,2,28.57,24,58.54,526,0.0,0,0,0,1,0,0,0,0,3,1,0,0,0,13,54.17,11,0,0,2,62,2,22,13,319,2,6,0,0,2,2,1,0,0,,,,3,0,0,0,0,3,0,0,0,0,0,0,6,0,0.0,6,3,10,17,5,0,0,0,24,3,16,84.21,0.0,1,0,0,83,109,1,,,,,7
539792,Ronwen Williams,ronwen-williams,7665,Mamelodi Sundowns,7.12,64.1,9,0,0,0,0,,0,244,62,306,79.74,207,37,17,0,1,100.0,0,0,0,0,0,0,0.0,0,0,0,5,83.33,6,85.71,11,84.62,810,0.0,0,0,0,0,0,0,0,0,0,0,0,0,0,59,49.58,7,0,0,1,67,0,55,27,408,6,0,0,0,0,0,0,0,27,,,,2,2,2,15,10,9,1,5,8,8,8,0,9,0,0.0,0,1,0,2,1,0,0,0,119,10,0,0.0,0.0,0,1,6,227,79,2,,,,,9
1007546,Yousri Bouzok,yousri-bouzok,41757,Raja Club Athletic,7.11,49.8,7,1,3,2,3,,4,201,54,255,78.82,53,154,90,14,6,42.86,6,1,1,0,0,6,30.0,9,3,5,24,44.44,1,33.33,25,43.86,562,11.11,1,0,2,0,0,0,1,0,6,3,0,0,1,15,83.33,1,0,0,6,101,6,24,14,366,12,2,1,0,14,5,1,0,0,,,,2,0,0,0,0,1,1,0,0,0,0,0,7,0,0.0,14,14,20,32,2,0,1,0,18,2,4,66.67,562.0,0,0,0,60,215,1,,,,,7
1013699,Marwan Attia,attia-marwan,6910,Al Ahly FC,7.11,71.1,10,0,1,0,1,,1,514,94,608,84.54,286,229,74,7,5,83.33,23,17,2,0,0,1,20.0,5,2,3,42,56.0,7,77.78,49,58.33,790,0.0,0,0,0,0,0,0,0,0,0,5,0,0,0,40,56.34,7,0,0,1,106,6,48,26,723,15,16,1,0,15,0,0,0,0,,,,5,0,0,0,0,3,1,0,0,0,0,0,9,0,0.0,7,6,5,35,2,0,0,0,71,4,17,73.91,0.0,0,0,0,319,294,3,,,,,10
970761,Jamal Harkass,jamal-harkass,41757,Raja Club Athletic,7.1,35.5,5,1,1,1,2,,3,195,28,223,87.44,138,58,17,2,3,100.0,4,2,2,1,1,1,33.33,2,2,0,16,66.67,5,45.45,21,60.0,409,50.0,0,0,0,0,0,0,1,0,2,0,0,0,1,17,53.13,13,0,0,2,33,0,16,7,270,9,6,0,0,0,0,0,0,0,,,,3,0,0,0,0,2,0,0,0,0,0,0,5,0,0.0,2,3,3,14,6,0,0,0,32,2,3,75.0,409.0,0,0,0,148,78,2,,,,,5
1472987,Sory Traoré,sory-traore,134322,Horoya,7.1,21.3,3,1,0,0,1,,2,25,6,31,80.65,7,18,11,2,2,66.67,3,1,1,0,0,0,0.0,4,1,3,6,66.67,0,0.0,6,66.67,68,25.0,0,0,0,0,0,0,1,0,3,1,0,1,0,1,50.0,0,0,0,0,12,0,3,2,52,1,2,0,0,0,0,0,0,0,,,,0,0,0,0,0,2,0,0,0,0,0,0,0,0,0.0,2,3,0,3,0,0,0,0,2,2,1,33.33,68.0,0,0,0,8,23,0,,,,,3
1018804,Terrence Mashego,terrence-mashego,7665,Mamelodi Sundowns,7.1,7.1,1,0,0,0,0,,0,40,10,50,80.0,30,10,4,0,0,0.0,1,2,1,0,0,0,0.0,0,0,0,2,40.0,1,50.0,3,42.86,76,0.0,0,0,0,0,0,0,0,0,0,0,0,0,0,1,25.0,0,0,0,0,26,0,1,0,84,1,1,0,0,1,1,0,0,0,,,,0,0,0,0,0,0,0,0,0,0,0,0,1,0,0.0,0,1,6,4,1,0,0,0,4,0,0,0.0,0.0,0,0,0,33,23,0,,,,,1
1102811,Mouad Haddad,mouad-haddad,42207,CR Belouizdad,7.1,28.4,4,0,0,0,0,,0,146,39,185,78.92,122,24,2,2,1,100.0,4,7,1,0,0,0,0.0,1,1,0,8,88.89,8,61.54,16,72.73,360,0.0,0,0,0,0,0,0,0,0,0,1,0,0,0,8,38.1,8,0,0,0,41,0,18,8,221,3,0,0,0,1,0,0,0,0,,,,3,0,0,0,0,0,1,0,0,0,0,0,4,0,0.0,2,1,0,6,5,0,0,0,21,1,2,50.0,0.0,0,0,0,141,44,0,,,,,4
1140796,Youssef El Motie,youssef-el-motie,36268,Wydad Casablanca,7.1,49.7,7,0,0,0,0,,0,105,68,173,60.69,87,18,3,0,1,100.0,0,1,0,0,0,0,0.0,0,0,0,6,100.0,2,100.0,8,100.0,630,0.0,0,0,0,0,0,0,0,0,0,0,0,0,0,30,31.25,7,1,0,0,72,0,53,15,249,6,0,0,0,0,0,0,0,19,,,,3,0,0,11,8,5,1,2,3,3,5,0,7,0,0.0,0,1,0,0,0,0,0,0,96,6,0,0.0,0.0,0,0,3,97,76,2,,,,,7
966891,Mohamed Ali Ben Romdhane,ben-romdhane-mohamed-ali,59628,Espérance Sportive De Tunis,7.09,70.9,10,2,0,1,0,,2,412,83,495,83.23,173,244,104,11,24,66.67,23,6,1,0,0,5,23.81,27,8,13,71,54.2,6,75.0,77,55.4,882,7.41,0,0,0,0,1,0,2,0,11,16,0,1,1,14,37.84,5,0,0,20,158,11,24,9,722,24,24,0,0,5,2,6,0,0,,,,4,0,0,0,0,8,0,0,0,0,0,0,10,0,0.0,11,36,21,62,2,0,0,0,37,8,17,73.91,441.0,0,0,0,187,329,2,,,,,10
1398858,Cassius Mailula,cassius-mailula,7665,Mamelodi Sundowns,7.09,56.7,8,4,3,1,1,,5,60,23,83,72.29,15,47,31,7,5,31.25,10,3,1,0,0,2,50.0,13,7,3,24,40.68,2,18.18,26,37.14,532,30.77,0,0,0,0,0,0,3,1,8,5,0,0,4,1,25.0,0,0,0,10,63,6,1,0,173,9,11,1,0,3,5,3,0,0,,,,0,0,0,0,0,6,1,0,0,0,0,0,6,0,0.0,7,16,4,44,9,0,0,0,4,7,6,60.0,133.0,0,0,0,17,70,1,,,,,8
1099258,Sadio Kanoute,sadio-kanoute,212409,Simba SC,7.08,42.5,6,2,0,1,0,,2,183,75,258,70.93,87,96,34,3,3,75.0,9,2,1,0,0,0,0.0,9,3,4,19,44.19,21,84.0,40,58.82,540,22.22,0,0,0,0,0,0,1,1,6,3,0,0,2,19,48.72,13,0,0,2,82,2,23,8,325,7,13,0,0,8,0,2,0,0,,,,4,0,0,0,0,2,0,0,0,0,0,0,6,0,0.0,3,4,1,28,4,0,0,0,39,2,6,66.67,270.0,0,0,0,107,152,2,,,,,6
1018477,Chouaib Keddad,chouaib-keddad,42207,CR Belouizdad,7.08,35.4,5,0,0,0,0,,0,206,41,247,83.4,163,43,13,0,3,75.0,8,11,2,0,0,0,0.0,1,0,0,23,74.19,7,63.64,30,71.43,450,0.0,0,0,0,0,0,0,0,0,1,0,0,0,0,18,47.37,14,0,0,1,46,2,27,12,319,12,0,0,0,6,1,1,0,0,,,,2,0,0,0,0,7,0,0,0,0,0,0,5,0,0.0,0,4,1,12,4,0,0,0,38,7,7,87.5,0.0,0,0,0,181,67,1,,,,,5
990965,Mustafa Karshom,mustafa-karshoum,69320,Al-Merrikh Khartoum Club,7.08,28.3,4,0,0,0,0,,0,120,41,161,74.53,92,28,10,0,1,50.0,13,8,1,0,0,0,0.0,0,0,0,23,60.53,9,40.91,32,53.33,360,0.0,0,0,0,0,0,0,0,0,0,0,0,0,0,16,36.36,21,0,0,0,46,0,34,15,231,9,6,0,0,8,1,0,0,0,,,,2,0,0,0,0,2,0,0,0,0,0,0,4,0,0.0,0,2,0,28,13,0,0,0,44,2,9,69.23,0.0,0,0,0,109,52,1,,,,,4
845612,Zakaria Draoui,zakaria-draoui,42207,CR Belouizdad,7.07,49.5,7,1,0,0,0,,1,240,42,282,85.11,98,143,73,4,6,46.15,21,8,0,0,0,1,5.88,9,3,2,45,59.21,3,37.5,48,57.14,585,11.11,0,0,0,0,0,0,1,0,5,4,0,0,1,17,60.71,3,0,0,8,83,2,25,12,412,18,13,1,0,4,0,4,0,0,,,,4,0,0,0,0,3,1,0,0,0,0,0,7,0,0.0,4,13,17,36,5,0,0,0,28,4,11,52.38,585.0,0,0,0,112,187,1,,,,,7
205608,Moez Ben Cherifia,moez-ben-cherifia,59628,Espérance Sportive De Tunis,7.07,49.5,7,0,0,0,0,,0,138,29,167,82.63,125,13,3,0,0,0.0,0,0,1,0,0,0,0.0,0,0,0,1,50.0,3,100.0,4,80.0,630,0.0,0,0,0,0,0,0,0,0,0,0,0,0,0,26,47.27,7,0,0,0,35,0,23,9,227,1,0,0,0,1,0,0,0,17,,,,4,2,0,7,10,5,0,4,1,1,3,0,7,0,0.0,0,0,0,1,0,0,0,0,55,5,0,0.0,0.0,0,0,4,134,33,1,,,,,7
863251,Percy Tau,percy-tau,6910,Al Ahly FC,7.06,84.7,12,5,4,3,5,,10,296,46,342,86.55,112,186,98,15,16,47.06,17,6,0,0,0,2,28.57,19,8,5,44,36.36,5,31.25,49,35.77,1010,26.32,0,0,1,0,0,0,5,0,10,9,1,4,0,13,61.9,2,0,0,18,129,5,14,8,530,11,23,1,0,18,3,6,0,0,,,,2,0,0,0,0,6,4,0,0,0,0,0,12,0,0.0,15,34,7,88,11,0,0,0,21,10,12,70.59,202.0,0,0,0,121,228,2,,,,,12
936047,Khuliso Mudau,khuliso-mudau,7665,Mamelodi Sundowns,7.06,63.5,9,2,1,1,0,,2,326,47,373,87.4,175,152,72,3,13,61.9,20,12,1,0,0,1,25.0,6,2,4,42,60.87,4,30.77,46,56.1,791,33.33,0,0,0,0,0,0,2,0,5,1,1,0,1,22,62.86,12,1,0,4,97,4,14,7,595,9,13,1,0,4,1,0,0,0,,,,2,0,0,0,0,9,1,0,0,0,0,0,9,0,0.0,3,21,4,36,9,0,0,0,35,10,17,85.0,395.5,0,0,0,185,192,1,,,,,9
1000809,Amine Ben Hmida,amine-ben-hamida,59628,Espérance Sportive De Tunis,7.06,63.5,9,0,0,0,0,,0,314,72,386,81.35,146,171,77,7,12,46.15,16,22,2,0,0,3,13.04,1,1,0,44,60.27,8,57.14,52,59.77,796,0.0,0,0,0,0,0,0,0,0,0,1,0,0,0,16,48.48,12,0,0,6,154,1,18,8,643,16,6,0,0,4,1,0,0,0,,,,5,0,0,0,0,5,0,0,0,0,0,0,9,0,0.0,7,26,23,35,6,0,0,0,33,5,13,81.25,0.0,0,0,0,170,239,0,,,,,9
333439,Mahmoud Kahraba,kahraba,6910,Al Ahly FC,7.05,70.5,10,6,1,2,1,,7,57,22,79,72.15,11,47,28,5,3,20.0,0,1,2,0,0,1,100.0,23,13,8,7,21.88,1,8.33,8,18.18,629,26.09,0,0,0,0,0,0,5,1,19,4,0,1,5,4,80.0,2,0,0,3,53,2,7,4,157,4,10,0,0,1,7,2,0,0,,,,1,0,0,0,0,3,1,0,0,0,0,0,8,0,0.0,5,15,1,36,11,0,0,0,5,4,0,0.0,104.83,0,0,0,16,64,2,,,,,10
971021,Ismail Mokadem,ismail-mokadem,41757,Raja Club Athletic,7.05,42.3,6,1,0,0,0,,1,284,38,322,88.2,198,86,22,1,0,0.0,7,4,1,0,0,0,0.0,1,1,0,8,50.0,6,37.5,14,43.75,491,100.0,1,1,0,0,0,0,1,0,1,0,0,0,1,27,60.0,11,0,0,0,42,0,14,4,361,1,5,0,0,2,0,0,0,0,,,,4,0,0,0,0,1,1,0,0,0,0,0,5,100,0.0,1,1,0,18,10,0,0,0,45,2,5,71.43,491.0,0,0,0,212,110,1,,,,,6
1106363,Ally Salim Juma,ally-salim-juma,212409,Simba SC,7.05,14.1,2,0,0,0,0,,0,23,16,39,58.97,19,4,0,0,0,0.0,0,0,0,0,0,0,0.0,0,0,0,0,0.0,0,0.0,0,0.0,180,0.0,0,0,0,0,0,0,0,0,0,0,0,0,0,8,33.33,3,0,0,0,16,0,12,3,52,0,0,0,0,0,0,0,0,5,,,,1,0,0,2,3,1,0,2,0,0,0,0,2,0,0.0,0,0,0,1,1,0,0,0,24,1,0,0.0,0.0,0,0,1,22,17,0,,,,,2
1112763,Amine Farhane,amine-farhane,36268,Wydad Casablanca,7.04,49.3,7,0,0,0,0,,0,248,38,286,86.71,197,51,9,0,1,50.0,8,4,1,0,0,0,0.0,4,0,3,11,64.71,11,91.67,22,75.86,615,0.0,0,0,0,0,0,0,0,0,4,0,0,0,0,24,46.15,33,0,0,1,43,0,25,6,357,2,3,0,0,1,0,1,0,0,,,,3,0,0,0,0,4,0,0,0,0,0,0,7,0,0.0,0,2,2,7,1,0,0,0,52,4,2,25.0,0.0,0,0,0,208,80,0,,,,,7
1099453,Makabi Lilepo,lilepo-makabi,69322,Al-Hilal Omdurman,7.03,42.2,6,4,1,4,0,,4,61,28,89,68.54,13,50,26,3,9,47.37,6,4,0,0,0,2,18.18,24,11,9,30,61.22,2,20.0,32,54.24,529,16.67,2,1,0,0,6,2,1,3,11,13,0,0,4,1,11.11,5,0,0,6,73,1,1,1,211,15,2,0,0,2,5,4,0,0,,,,0,0,0,0,0,6,0,0,0,0,0,0,6,50,33.33,3,19,11,27,8,0,0,1,9,6,4,66.67,132.25,0,0,0,21,79,1,,,,,6
1008217,Roger Aholou,roger-aholou,41757,Raja Club Athletic,7.03,42.2,6,1,0,0,0,,1,215,32,247,87.04,133,82,26,0,0,0.0,13,11,1,0,0,0,0.0,4,1,3,23,51.11,7,53.85,30,51.72,540,25.0,0,0,0,0,0,0,1,0,3,1,0,0,1,24,68.57,7,0,0,4,43,0,23,13,318,10,13,0,0,4,1,0,0,0,,,,4,0,0,0,0,3,0,0,0,0,0,0,6,0,0.0,0,1,0,28,6,0,0,0,35,3,11,84.62,540.0,0,0,0,144,103,0,,,,,6
560158,Mohamed Awad,mohamed-awad,42368,Zamalek SC,7.03,21.1,3,0,0,0,0,,0,35,28,63,55.56,20,15,5,0,0,0.0,0,0,0,0,0,0,0.0,0,0,0,2,100.0,2,100.0,4,100.0,270,0.0,0,0,0,0,0,0,0,0,0,0,0,0,0,19,40.43,2,0,0,0,30,0,16,6,106,2,0,0,0,0,0,0,0,9,,,,1,1,0,5,4,3,0,2,0,0,4,0,3,0,0.0,0,0,0,0,0,0,0,0,47,3,0,0.0,0.0,0,0,1,25,38,1,,,,,3
1018820,Sabri Cheraitia,sabri-cheraitia,42202,JS Kabylie,7.03,21.1,3,0,0,0,0,,0,71,33,104,68.27,37,35,11,2,3,75.0,11,9,0,0,0,1,100.0,0,0,0,17,68.0,4,44.44,21,61.76,270,0.0,0,0,0,0,0,0,0,0,0,0,0,0,0,3,17.65,7,0,0,1,40,0,12,1,164,3,3,0,0,3,0,0,0,0,,,,2,0,0,0,0,0,1,0,0,0,0,0,3,0,0.0,2,4,1,13,5,0,0,0,17,1,9,81.82,0.0,0,0,0,52,53,0,,,,,3
898741,Yassine Meriah,yassine-meriah,59628,Espérance Sportive De Tunis,7.03,70.3,10,0,1,0,1,,1,533,116,649,82.13,362,173,45,8,5,71.43,7,11,2,0,0,2,33.33,5,1,3,15,46.88,20,60.61,35,53.85,900,0.0,0,0,0,1,2,0,0,0,3,2,0,0,0,62,49.6,36,0,0,2,132,1,79,34,765,3,10,0,0,3,1,1,0,0,,,,5,0,0,0,0,9,0,0,0,0,0,0,10,0,0.0,8,7,6,30,13,0,0,0,125,9,6,85.71,0.0,0,0,0,402,253,2,,,,,10
359278,Walid Sabbar,walid-sabbar,41757,Raja Club Athletic,7.02,42.1,6,2,1,0,0,,2,157,27,184,85.33,93,66,26,5,2,100.0,5,2,0,0,0,2,33.33,2,2,0,9,39.13,0,0.0,9,39.13,295,100.0,0,0,0,0,0,0,1,1,1,1,0,0,2,11,64.71,2,0,0,4,40,1,17,10,222,2,5,0,0,5,0,0,0,0,,,,0,0,0,0,0,2,1,0,0,0,0,0,4,0,0.0,5,2,6,14,0,0,0,0,17,3,2,40.0,147.5,0,0,0,108,82,1,,,,,6
973037,Aishi Manula,aishi-manula,212409,Simba SC,7.02,42.1,6,0,0,0,0,,0,112,89,201,55.72,90,22,10,0,0,0.0,0,0,0,0,0,0,0.0,0,0,0,2,100.0,2,66.67,4,80.0,540,0.0,0,0,0,0,0,0,0,0,0,0,0,0,0,36,29.27,7,0,0,0,92,0,47,13,270,2,0,0,0,0,0,0,0,13,,,,3,3,1,9,4,6,1,2,2,2,7,0,6,0,0.0,0,0,0,1,1,0,0,0,123,7,0,0.0,0.0,0,0,4,101,100,0,,,,,6
307470,Anas Zniti,anas-zniti,41757,Raja Club Athletic,7.01,49.1,7,0,0,0,0,,0,176,60,236,74.58,147,29,12,1,0,0.0,0,0,1,0,0,0,0.0,0,0,0,4,100.0,0,0.0,4,100.0,630,0.0,0,0,0,0,0,0,0,0,0,0,0,0,0,69,53.91,5,0,1,0,65,0,67,44,307,4,0,0,0,0,0,0,0,14,,,,4,0,0,6,8,3,1,3,6,6,3,0,7,0,0.0,1,0,0,0,0,0,0,0,128,4,0,0.0,0.0,0,0,0,162,74,0,,,,,7
867084,Mohammed Nahiri,mohammed-nahiri,41757,Raja Club Athletic,7.0,21.0,3,1,0,0,0,,1,58,25,83,69.88,32,26,17,1,0,0.0,10,1,0,0,0,0,0.0,3,3,0,10,62.5,3,75.0,13,65.0,210,33.33,0,0,0,0,3,1,0,1,0,3,0,0,1,8,38.1,8,0,0,1,41,0,11,4,146,0,2,0,0,3,0,0,0,0,,,,0,0,0,0,0,3,0,0,0,0,0,0,2,0,33.33,1,1,4,7,1,0,0,0,21,3,7,70.0,210.0,0,0,0,39,48,0,,,,,3
1006862,Marouf Tchakei,marouf-tchakei,134278,AS Vita Club,7.0,42.0,6,1,2,0,0,,1,108,27,135,80.0,44,70,40,6,6,60.0,5,4,1,0,0,6,19.35,12,4,4,34,50.75,3,50.0,37,50.68,484,8.33,0,0,0,0,7,1,0,1,0,12,0,0,1,14,66.67,4,0,0,14,97,3,18,11,285,23,10,0,0,5,2,4,0,0,,,,1,0,0,0,0,4,1,0,0,0,0,0,5,0,14.29,6,10,31,36,3,0,0,0,21,5,2,40.0,484.0,0,0,0,50,116,0,,,,,6
1126243,Akram Bouras,akram-bouras,42207,CR Belouizdad,7.0,49.0,7,0,1,0,1,,1,194,47,241,80.5,78,116,56,11,9,56.25,10,11,2,0,0,0,0.0,7,0,5,33,63.46,16,66.67,49,64.47,573,0.0,0,0,0,0,0,0,0,0,3,4,0,0,0,9,56.25,6,0,0,7,78,3,7,5,354,14,5,0,0,2,2,2,0,0,,,,1,0,0,0,0,7,1,0,0,0,0,0,7,0,0.0,11,16,4,27,8,0,0,0,16,8,7,70.0,0.0,0,0,0,90,155,0,,,,,7
1013490,Yacine Salhi,yacine-salhi,42202,JS Kabylie,7.0,7.0,1,0,0,0,0,,0,20,9,29,68.97,13,7,5,0,0,0.0,2,3,0,0,0,0,0.0,0,0,0,3,75.0,1,50.0,4,66.67,45,0.0,0,0,0,0,0,0,0,0,0,0,0,0,0,3,75.0,0,0,0,1,15,0,3,1,51,1,0,0,0,0,0,0,0,0,,,,0,0,0,0,0,0,0,0,0,0,0,0,1,0,0.0,0,0,2,2,1,0,0,0,4,0,2,100.0,0.0,0,0,0,17,14,0,,,,,1
846686,Thabiso Kutumela,thabiso-kutumela,7665,Mamelodi Sundowns,7.0,7.0,1,0,0,0,0,,0,2,2,4,50.0,0,2,2,0,1,100.0,0,0,0,0,0,0,0.0,1,0,1,1,100.0,0,0.0,1,100.0,14,0.0,0,0,0,0,0,0,0,0,1,0,0,0,0,0,0.0,0,0,0,0,5,0,0,0,9,0,0,0,0,0,0,0,0,0,,,,0,0,0,0,0,1,0,0,0,0,0,0,0,0,0.0,0,1,2,0,0,0,0,0,0,1,0,0.0,0.0,0,0,0,0,6,0,,,,,2
934079,Fabrice Ngoma,fabrice-ngoma,69322,Al-Hilal Omdurman,7.0,21.0,3,0,1,0,0,,0,52,25,77,67.53,23,30,12,3,2,100.0,6,2,1,0,0,1,100.0,3,2,0,10,66.67,3,30.0,13,52.0,182,0.0,0,0,0,0,0,0,0,0,2,1,0,0,0,8,72.73,1,0,0,1,30,0,10,5,109,2,2,0,0,2,0,1,0,0,,,,0,0,0,0,0,3,0,0,0,0,0,0,2,0,0.0,3,2,1,12,7,0,0,0,11,3,4,66.67,0.0,0,0,0,30,48,0,,,,,3
923868,Varel Joviale Rozan,varel-joviale-rozan,134278,AS Vita Club,7.0,35.0,5,0,0,0,0,,0,238,35,273,87.18,191,47,17,2,1,100.0,3,7,0,0,0,0,0.0,1,0,1,7,58.33,6,60.0,13,59.09,450,0.0,0,0,0,0,0,0,0,0,1,0,0,0,0,18,42.86,18,0,0,1,44,0,22,8,324,3,3,0,0,1,0,0,0,0,,,,2,0,0,0,0,4,1,0,0,0,0,0,5,0,0.0,2,1,1,9,4,0,0,0,42,5,2,66.67,0.0,0,0,0,203,71,0,,,,,5
1407653,Khadim Diaw,khadim-diaw,134322,Horoya,7.0,42.0,6,0,0,0,0,,0,184,66,250,73.6,104,84,40,6,7,87.5,23,14,1,0,0,4,20.0,5,1,4,35,58.33,11,78.57,46,62.16,540,0.0,0,0,0,0,0,0,0,0,1,4,0,0,0,23,47.92,11,0,0,5,102,2,42,18,419,5,10,0,0,11,0,0,0,0,,,,3,0,0,0,0,8,4,0,0,0,0,0,6,0,0.0,6,8,20,28,3,0,0,0,48,12,13,56.52,0.0,0,0,0,125,145,1,,,,,6
1017970,Pedro Miguel,pedro-miguel,148072,Atlético Petróleos de Luanda,7.0,42.0,6,0,0,0,0,,0,205,19,224,91.52,78,133,61,9,7,63.64,11,1,0,0,0,6,37.5,7,2,3,33,62.26,1,25.0,34,59.65,458,0.0,0,0,0,0,2,0,0,0,0,7,0,0,0,10,71.43,0,0,0,7,50,5,14,10,314,15,7,0,0,3,1,2,0,0,,,,1,0,0,0,0,5,0,0,0,0,0,0,5,0,0.0,9,11,16,23,3,0,0,0,14,5,7,63.64,0.0,0,0,0,81,159,0,,,,,6
1100195,Jean Othos Baleke,jean-othos-baleke,212409,Simba SC,6.99,48.9,7,4,0,2,0,,4,29,17,46,63.04,13,16,9,2,8,66.67,6,1,0,0,0,0,0.0,10,6,2,21,48.84,7,33.33,28,43.75,457,40.0,0,0,0,0,0,0,3,1,6,4,0,0,4,0,0.0,0,0,0,7,35,4,0,0,113,7,11,0,0,3,4,2,0,0,,,,0,0,0,0,0,7,0,0,0,0,0,0,5,0,0.0,2,12,0,36,14,0,0,0,0,7,5,83.33,114.25,0,0,0,19,27,2,,,,,7
34168,Paulo Sérgio,paulo-sergio,69320,Al-Merrikh Khartoum Club,6.98,41.9,6,3,0,1,0,,3,102,28,130,78.46,36,66,28,6,2,50.0,3,0,0,0,0,0,0.0,16,7,6,15,36.59,6,35.29,21,36.21,518,18.75,2,2,1,0,1,0,3,0,10,6,1,0,2,0,0.0,10,0,0,9,59,5,10,6,220,10,12,0,0,4,3,3,0,0,,,,0,0,0,0,0,5,1,0,0,0,0,0,6,100,0.0,6,4,1,37,11,0,0,0,3,6,1,33.33,172.67,0,0,0,44,87,1,,,,,6
918606,Hussein El Shahat,hussein-el-shahat,6910,Al Ahly FC,6.98,69.8,10,4,2,1,3,,7,193,52,245,78.78,70,132,61,7,17,54.84,4,2,3,0,0,9,50.0,20,8,4,29,42.03,3,60.0,32,43.24,647,20.0,0,0,0,0,0,0,4,0,11,9,0,1,3,18,64.29,1,0,0,11,109,3,26,13,390,8,7,0,0,8,7,8,0,0,,,,0,0,0,0,0,3,2,0,0,0,0,0,8,0,0.0,7,31,18,42,2,0,0,0,28,5,4,100.0,161.75,0,0,0,78,185,2,,,,,10
1014941,Hamza Dawood,hamza-dawood,69320,Al-Merrikh Khartoum Club,6.98,34.9,5,0,0,1,0,,0,134,49,183,73.22,111,23,7,0,0,0.0,18,4,1,0,0,0,0.0,4,0,2,21,65.63,8,53.33,29,61.7,450,0.0,0,0,0,0,0,0,0,0,4,0,0,0,0,15,34.09,13,1,0,0,51,0,29,10,243,3,7,0,0,3,0,2,0,0,,,,2,0,0,0,0,3,0,0,0,0,0,0,5,0,0.0,0,1,0,18,7,0,0,0,44,3,9,50.0,0.0,0,0,0,125,58,0,,,,,5
970835,Mohamed Al Makahasi,mohamed-al-makahasi,41757,Raja Club Athletic,6.98,27.9,4,0,1,0,1,,1,99,12,111,89.19,45,55,23,1,3,100.0,5,2,0,0,0,1,100.0,0,0,0,15,60.0,0,0.0,15,51.72,258,0.0,0,0,0,0,0,0,0,0,0,0,0,0,0,7,63.64,0,0,0,2,19,1,11,7,148,7,6,0,0,2,0,0,0,0,,,,0,0,0,0,0,0,0,0,0,0,0,0,3,0,0.0,1,3,1,14,4,0,0,0,11,0,3,60.0,0.0,0,0,0,48,64,0,,,,,4
970572,Ayoub El Amloud,el-amloud-ayoub,36268,Wydad Casablanca,6.97,76.7,11,1,0,2,0,,1,259,69,328,78.96,166,100,42,3,6,75.0,13,4,2,0,0,7,25.0,14,3,10,24,53.33,14,51.85,38,52.78,896,7.14,0,0,0,0,0,0,1,0,13,1,1,0,0,25,54.35,22,0,0,4,115,3,34,13,521,5,11,0,0,4,0,1,1,0,,,,5,0,0,0,0,5,1,0,0,0,0,0,10,0,0.0,2,8,28,34,13,0,0,0,46,6,9,69.23,896.0,0,0,0,181,175,0,,,,,11
1102389,Amr El-Solia,amr-el-solia,6910,Al Ahly FC,6.97,41.8,6,0,1,0,1,,1,148,28,176,84.09,67,81,42,9,5,100.0,5,2,0,0,0,0,0.0,1,0,1,14,63.64,3,42.86,17,58.62,256,0.0,0,0,0,0,0,0,0,0,1,0,0,0,0,17,65.38,4,0,0,2,36,1,23,15,217,4,2,0,0,4,1,0,0,0,,,,0,0,0,0,0,1,0,0,0,0,0,0,3,0,0.0,9,5,1,12,4,0,0,0,26,1,2,40.0,0.0,0,0,0,75,102,0,,,,,6
333441,Yasser Ibrahim,yasser-ibrahim,6910,Al Ahly FC,6.97,62.7,9,0,0,0,0,,0,393,44,437,89.93,324,69,11,0,1,100.0,18,5,1,0,0,0,0.0,5,1,4,23,58.97,17,54.84,40,57.14,737,0.0,0,0,0,0,1,0,0,0,3,2,0,0,0,24,48.0,25,0,0,6,56,1,31,12,523,4,8,0,0,2,0,0,0,0,,,,4,0,0,0,0,3,4,0,0,0,0,0,8,0,0.0,0,1,2,30,14,0,0,0,50,7,14,77.78,0.0,0,0,0,342,97,2,,,,,9
125020,William Soares,william-soares,148072,Atlético Petróleos de Luanda,6.96,34.8,5,0,0,0,0,,0,262,33,295,88.81,153,110,30,1,2,40.0,6,3,1,0,0,1,50.0,3,1,1,10,45.45,5,71.43,15,51.72,444,0.0,0,0,0,0,0,0,0,0,2,1,0,0,0,17,65.38,3,0,0,3,43,1,22,12,335,2,5,0,0,1,1,1,0,0,,,,1,0,0,0,0,4,0,0,0,0,0,0,5,0,0.0,1,5,2,14,2,0,0,0,26,4,4,66.67,0.0,0,0,0,156,141,0,,,,,5
805189,Hamdou Elhouni,hamdou-elhouni,59628,Espérance Sportive De Tunis,6.96,48.7,7,1,2,0,2,,3,206,48,254,81.1,56,154,82,13,14,45.16,8,6,1,0,0,4,14.29,16,1,10,29,39.73,3,33.33,32,39.02,626,6.25,0,0,0,0,0,0,0,1,5,11,0,1,0,11,84.62,1,0,0,16,132,9,10,7,425,7,6,0,0,5,5,5,0,0,,,,2,0,0,0,0,4,0,0,0,0,0,0,7,0,0.0,13,31,28,50,6,0,0,0,13,4,6,75.0,626.0,0,0,0,70,212,0,,,,,7
18113,Saidi Ntibazonkiza,saidi-ntibazonkiza,212409,Simba SC,6.96,48.7,7,0,2,0,0,,0,198,56,254,77.95,54,148,80,16,8,33.33,9,2,1,0,0,4,14.81,20,4,9,36,40.91,13,41.94,49,41.18,619,0.0,0,0,0,0,1,0,0,0,7,13,0,0,0,11,78.57,2,0,0,11,125,6,18,11,409,19,19,1,0,8,1,7,0,0,,,,2,0,0,0,0,6,1,0,0,0,0,0,7,0,0.0,16,24,27,70,18,0,0,0,14,7,4,44.44,0.0,0,0,0,59,222,0,,,,,7
872048,Malik Zola,arsene-zola,36268,Wydad Casablanca,6.95,76.5,11,1,0,1,0,,1,401,88,489,82.0,311,90,21,2,1,33.33,7,11,1,0,0,0,0.0,8,2,4,11,52.38,34,64.15,45,60.81,991,12.5,0,0,0,0,0,0,1,0,8,0,0,1,0,42,46.67,46,0,0,0,94,0,38,13,587,3,7,0,0,2,0,2,0,0,,,,6,0,0,0,0,6,1,0,0,0,0,0,11,0,0.0,2,3,0,29,19,0,0,0,90,7,7,100.0,991.0,0,0,0,343,146,2,,,,,12
849574,Ahmed Belhadji,ahmed-belhadji,42368,Zamalek SC,6.95,13.9,2,0,2,1,2,,2,58,20,78,74.36,23,35,23,3,2,66.67,3,2,1,0,0,0,0.0,2,1,1,8,40.0,1,14.29,9,33.33,134,0.0,0,0,0,0,0,0,0,0,1,1,0,0,0,5,100.0,0,0,0,7,36,4,5,4,116,3,2,0,0,2,0,0,0,0,,,,0,0,0,0,0,4,0,0,0,0,0,0,1,0,0.0,3,3,0,18,6,0,0,0,5,4,0,0.0,0.0,0,0,0,26,52,1,,,,,2
880018,Athar Eltahir,athar-eltahir,69322,Al-Hilal Omdurman,6.95,41.7,6,0,0,1,1,,1,130,40,170,76.47,73,62,31,3,1,50.0,16,8,0,0,0,5,33.33,4,1,2,26,66.67,5,35.71,31,58.49,499,0.0,1,0,0,0,0,0,0,0,3,1,0,0,0,18,58.06,10,0,0,3,84,2,25,14,316,9,0,0,0,9,0,1,0,0,,,,2,0,0,0,0,6,0,0,0,0,0,0,5,0,0.0,3,2,15,22,9,0,0,1,31,6,11,68.75,0.0,0,0,0,86,99,0,,,,,6
985958,Shomari Kapombe,shomari-kapombe,212409,Simba SC,6.95,55.6,8,0,0,0,1,,1,218,79,297,73.4,104,121,54,11,8,72.73,18,5,0,0,0,7,26.92,4,0,1,32,61.54,10,62.5,42,61.76,719,0.0,0,0,0,0,0,0,0,0,3,1,0,0,0,14,34.15,12,1,0,5,140,2,27,8,521,6,5,0,0,7,2,3,0,0,,,,4,0,0,0,0,7,1,0,0,0,0,0,8,0,0.0,11,11,26,26,6,0,0,0,41,8,7,38.89,0.0,0,0,0,125,198,1,,,,,8
871735,Mohamed El-Shenawy,mohamed-el-shenawy,6910,Al Ahly FC,6.95,69.5,10,0,0,0,1,,1,132,78,210,62.86,102,30,10,1,0,0.0,0,0,1,0,0,0,0.0,0,0,0,0,0.0,4,80.0,4,80.0,855,0.0,0,0,0,0,0,0,0,0,0,0,0,0,0,50,39.37,12,0,0,0,82,0,45,25,303,0,0,0,0,0,0,0,0,19,,,,5,2,1,13,6,5,4,6,4,4,9,0,10,0,0.0,1,0,0,1,1,0,0,0,127,9,0,0.0,0.0,0,0,3,105,105,1,,,,,10
973053,Mohamed Hussein,mohamed-husseini,212409,Simba SC,6.94,48.6,7,0,0,0,0,,0,248,83,331,74.92,134,119,37,4,2,50.0,29,7,2,0,0,5,29.41,1,1,0,36,69.23,4,40.0,40,64.52,630,0.0,0,0,0,0,0,0,0,0,0,1,0,0,0,25,33.78,6,0,1,0,119,0,51,15,477,5,7,0,0,7,0,0,0,0,,,,4,0,0,0,0,4,1,0,0,0,0,0,7,0,0.0,4,4,17,22,6,0,0,0,74,5,17,58.62,0.0,0,0,0,168,180,1,,,,,7
1121419,Bouly Junior Sambou,sambou-bouly-junior,36268,Wydad Casablanca,6.94,76.3,11,4,1,3,1,,5,69,44,113,61.06,25,44,25,5,3,37.5,7,1,4,0,0,0,0.0,19,7,8,24,48.0,26,44.07,50,45.87,897,21.05,0,0,0,0,0,0,4,0,14,5,2,0,2,1,16.67,6,0,0,0,62,6,7,2,203,14,19,1,0,3,8,4,0,0,,,,4,0,0,0,0,5,1,0,0,0,0,0,10,0,0.0,5,8,0,59,33,0,0,0,6,6,5,71.43,224.25,0,0,0,31,82,0,,,,,11
1024100,Abubakar Lawal,abubakar-lawal,203350,Vipers SC,6.93,20.8,3,1,0,0,0,,1,25,12,37,67.57,9,17,11,1,3,60.0,2,0,0,0,0,1,50.0,5,2,3,7,41.18,2,11.76,9,26.47,169,20.0,0,0,0,0,0,0,1,0,4,1,0,0,1,0,0.0,0,0,0,4,25,6,1,0,67,2,4,0,0,0,2,0,0,0,,,,0,0,0,0,0,2,0,0,0,0,0,0,2,0,0.0,1,5,2,25,15,0,0,0,2,2,1,50.0,169.0,0,0,0,11,28,0,,,,,3
1472776,Moshood Kasali,moshood-kasali,42575,Coton Sport de Garoua,6.93,20.8,3,1,0,0,0,,1,3,5,8,37.5,2,1,1,0,1,50.0,2,1,0,0,0,0,0.0,4,2,2,5,45.45,2,40.0,7,43.75,97,25.0,0,0,0,0,0,0,1,0,2,2,0,1,0,0,0.0,0,0,0,3,11,1,0,0,25,2,2,0,0,1,1,0,0,0,,,,0,0,0,0,0,2,0,0,0,0,0,0,1,0,0.0,0,2,0,9,3,0,0,0,0,2,2,100.0,97.0,0,0,0,3,5,0,,,,,3
1463506,Ousmane Diouf,ousmane-diouf,69322,Al-Hilal Omdurman,6.93,41.6,6,0,0,0,0,,0,186,57,243,76.54,138,48,14,0,6,100.0,4,8,1,0,0,0,0.0,1,0,1,15,68.18,9,60.0,24,64.86,540,0.0,0,0,0,0,0,0,0,0,1,0,0,0,0,29,40.85,24,0,0,1,63,0,53,20,326,5,6,0,0,0,0,0,0,0,,,,2,0,0,0,0,6,0,0,0,0,0,0,6,0,0.0,0,6,1,13,6,0,0,0,71,6,2,50.0,0.0,0,0,0,151,93,0,,,,,6
1018589,Youcef Amine Laouafi,youcef-amine-laouafi,42207,CR Belouizdad,6.93,55.4,8,0,2,0,3,,3,233,69,302,77.15,112,130,61,11,7,50.0,14,5,0,0,0,9,20.93,7,0,4,25,46.3,11,57.89,36,49.32,670,0.0,0,0,0,0,1,0,0,0,1,6,0,0,0,14,41.18,13,0,1,2,125,3,30,13,497,4,10,0,0,10,2,3,0,0,,,,4,0,0,0,0,6,1,0,0,0,0,0,8,0,0.0,11,14,43,37,8,0,0,0,34,7,9,64.29,0.0,0,0,0,133,212,0,,,,,8
973414,Abdelmounaim Boutouil,boutouil-abdelmounaim,7665,Mamelodi Sundowns,6.92,34.6,5,0,0,0,0,,0,240,20,260,92.31,175,65,10,0,1,50.0,8,3,2,0,0,0,0.0,1,0,1,14,53.85,4,66.67,18,56.25,450,0.0,0,0,0,0,0,0,0,0,1,0,0,0,0,15,75.0,15,0,0,1,26,1,18,10,310,5,8,0,0,2,0,0,0,0,,,,1,0,0,0,0,5,0,0,0,0,0,0,5,0,0.0,0,2,0,14,2,0,0,0,20,5,5,62.5,0.0,0,0,0,179,81,1,,,,,5
994213,Tiago Azulão,tiago-azulao,148072,Atlético Petróleos de Luanda,6.92,41.5,6,1,1,5,1,,2,107,42,149,71.81,18,91,47,5,4,44.44,6,0,0,0,0,2,28.57,21,5,11,18,56.25,18,48.65,36,52.17,521,4.76,0,0,0,0,0,0,1,0,20,1,1,0,0,2,100.0,1,0,0,5,70,2,6,3,233,8,6,1,0,0,3,5,0,0,,,,1,0,0,0,0,5,0,0,0,0,0,0,6,0,0.0,5,9,7,33,19,0,0,0,2,5,4,66.67,521.0,0,0,0,22,134,1,,,,,6
332547,Ali Maâloul,ali-maaloul,6910,Al Ahly FC,6.92,83.0,12,0,4,0,6,,6,549,139,688,79.8,291,279,110,22,4,25.0,17,9,3,0,0,21,28.77,3,1,0,28,35.44,3,37.5,31,35.63,1034,0.0,0,0,0,0,1,0,0,0,2,1,0,0,0,25,33.33,16,0,0,11,249,4,64,21,996,7,13,0,0,15,3,2,0,0,,,,5,0,0,0,0,6,4,0,0,0,0,0,12,0,0.0,22,16,73,56,5,0,0,0,75,10,11,64.71,0.0,0,0,0,324,437,2,,,,,12
1106361,Mohamed Mustafa,mohamed-mustafa,69320,Al-Merrikh Khartoum Club,6.92,41.5,6,0,0,0,0,,0,112,58,170,65.88,83,29,11,0,0,0.0,0,0,0,0,0,0,0.0,0,0,0,4,100.0,0,0.0,4,100.0,540,0.0,0,0,0,0,0,0,0,0,0,0,0,0,0,47,46.53,6,1,0,0,60,0,52,22,236,4,0,0,0,0,0,0,0,22,,,,2,0,0,12,10,6,1,1,1,1,4,0,6,0,0.0,0,0,0,0,0,0,0,0,101,7,0,0.0,0.0,0,1,2,94,76,0,,,,,6
784637,Sofiane Bouchar,sofiane-bouchar,42207,CR Belouizdad,6.91,48.4,7,1,1,0,0,,1,228,69,297,76.77,169,59,10,2,2,100.0,9,6,2,0,0,0,0.0,6,2,4,19,61.29,24,82.76,43,71.67,625,16.67,0,0,0,0,0,0,1,0,6,0,1,0,0,20,30.3,17,0,1,2,79,0,46,15,374,8,8,0,0,2,0,0,0,0,,,,2,0,0,0,0,7,1,0,0,0,0,0,7,0,0.0,2,2,0,17,5,0,0,0,66,8,7,77.78,625.0,0,0,0,188,109,0,,,,,7
1013901,Mohamed Ali Ben Hammouda,mohamed-ali-ben-hammouda,59628,Espérance Sportive De Tunis,6.91,69.1,10,3,0,3,1,,4,110,34,144,76.39,27,85,40,9,4,30.77,6,0,1,0,0,2,28.57,27,10,12,28,44.44,21,39.62,49,42.24,731,11.11,0,0,0,0,0,0,3,0,23,4,0,3,0,3,60.0,8,0,0,4,70,9,3,2,267,18,18,0,0,6,11,5,0,0,,,,1,0,0,0,0,8,0,0,0,0,0,0,8,0,0.0,9,13,7,67,32,0,0,0,5,8,5,83.33,243.67,0,0,0,29,122,1,,,,,10
1099731,Yakhouba Gnagna Barry,yakhouba-gnagna-barry,134322,Horoya,6.9,13.8,2,1,0,0,0,,1,19,8,27,70.37,7,12,9,1,1,33.33,1,0,0,0,0,0,0.0,4,1,2,2,28.57,4,66.67,6,46.15,122,25.0,0,0,0,0,0,0,1,0,3,1,0,0,1,2,66.67,0,0,0,2,15,0,2,2,41,0,1,0,0,1,1,1,0,0,,,,0,0,0,0,0,3,1,0,0,0,0,0,1,0,0.0,1,3,0,7,2,0,0,0,3,4,1,100.0,122.0,0,0,0,7,20,0,,,,,2
1099451,Henoc Inonga,henoc-inonga,212409,Simba SC,6.9,55.2,8,1,0,0,0,,1,268,70,338,79.29,173,95,31,2,2,66.67,13,5,1,0,0,0,0.0,3,1,2,21,72.41,8,42.11,29,60.42,719,33.33,0,0,0,0,0,0,1,0,3,0,0,0,1,40,42.55,21,0,0,2,77,0,48,19,415,6,2,0,0,4,0,0,0,0,,,,3,0,0,0,0,7,1,0,0,0,0,0,8,0,0.0,2,3,0,19,11,0,0,0,94,8,10,76.92,719.0,0,0,0,190,148,1,,,,,8
1141125,Houssine Rahimi,houssine-rahimi,41757,Raja Club Athletic,6.9,6.9,1,0,0,0,0,,0,9,8,17,52.94,2,7,5,0,0,0.0,3,0,0,0,0,0,0.0,4,1,1,4,57.14,6,85.71,10,71.43,84,0.0,0,0,0,0,0,0,0,0,3,1,0,0,0,0,0.0,3,0,0,0,12,0,0,0,33,1,2,0,0,2,0,2,0,0,,,,0,0,0,0,0,1,0,0,0,0,0,0,1,0,0.0,0,0,2,4,1,0,0,0,0,1,2,66.67,0.0,0,0,0,4,15,0,,,,,1
970599,Hamza Moujahid,hamza-moujahid,41757,Raja Club Athletic,6.9,6.9,1,0,0,0,0,,0,12,3,15,80.0,7,5,3,0,0,0.0,4,1,0,0,0,0,0.0,0,0,0,7,70.0,0,0.0,7,70.0,45,0.0,0,0,0,0,0,0,0,0,0,0,0,0,0,0,0.0,0,0,0,2,6,0,2,0,26,3,1,0,0,0,0,0,0,0,,,,0,0,0,0,0,0,0,0,0,0,0,0,0,0,0.0,0,0,0,3,0,0,0,0,2,0,4,100.0,0.0,0,0,0,7,8,0,,,,,1
1474720,Franck Madilu,franck-madilu,134278,AS Vita Club,6.9,6.9,1,0,0,0,0,,0,2,1,3,66.67,0,2,1,0,0,0.0,1,0,0,0,0,0,0.0,2,0,2,1,50.0,0,0.0,1,50.0,15,0.0,0,0,0,0,0,0,0,0,0,2,0,0,0,1,50.0,0,0,0,0,4,1,2,1,12,0,1,0,0,0,0,0,0,0,,,,0,0,0,0,0,0,0,0,0,0,0,0,0,0,0.0,0,0,1,1,0,0,0,0,2,0,1,100.0,0.0,0,0,0,0,4,0,,,,,1
919753,Marouane Fakhr,marouane-fakhr,41757,Raja Club Athletic,6.9,6.9,1,0,0,0,0,,0,22,15,37,59.46,12,10,0,0,0,0.0,0,0,1,0,0,0,0.0,0,0,0,0,0.0,0,0.0,0,0.0,90,0.0,0,0,0,0,0,0,0,0,0,0,0,0,0,11,42.31,4,0,0,0,15,0,19,9,52,0,0,0,0,0,0,0,0,2,,,,0,0,0,1,1,1,0,0,0,0,2,0,1,0,0.0,0,0,0,0,0,0,0,0,26,1,0,0.0,0.0,0,0,2,17,20,0,,,,,1
319997,Ito,ito,148072,Atlético Petróleos de Luanda,6.9,6.9,1,0,0,1,0,,0,58,2,60,96.67,32,26,9,0,0,0.0,2,1,0,0,0,0,0.0,1,1,0,4,44.44,1,33.33,5,41.67,90,0.0,0,0,0,0,0,0,0,0,1,0,0,0,0,5,100.0,4,0,0,0,2,0,6,5,71,2,4,0,0,1,0,0,0,0,,,,1,0,0,0,0,0,0,0,0,0,0,0,1,0,0.0,0,0,0,7,2,0,0,0,5,0,1,50.0,0.0,0,0,0,32,28,0,,,,,1
845790,Inacio Miguel,inacio-miguel,148072,Atlético Petróleos de Luanda,6.9,13.8,2,0,1,0,0,,0,61,8,69,88.41,46,15,3,1,0,0.0,1,1,1,0,0,0,0.0,1,0,1,2,40.0,1,50.0,3,42.86,103,0.0,0,0,0,0,0,0,0,0,1,0,0,0,0,5,62.5,4,0,0,0,9,0,4,3,81,1,2,0,0,0,0,0,0,0,,,,1,0,0,0,0,1,0,0,0,0,0,0,1,0,0.0,1,1,0,4,1,0,0,0,8,1,1,100.0,0.0,0,0,0,49,20,0,,,,,2
918884,Ali Lotfi,ali-lotfi,6910,Al Ahly FC,6.9,13.8,2,0,0,0,0,,0,30,0,30,100.0,30,0,0,0,0,0.0,0,0,0,0,0,0,0.0,0,0,0,0,0.0,0,0.0,0,0.0,135,0.0,0,0,0,0,0,0,0,0,0,0,0,0,0,0,0.0,0,0,0,0,0,0,0,0,39,0,0,0,0,0,0,0,0,2,,,,1,0,0,1,1,0,0,0,0,0,1,0,1,0,0.0,0,0,0,0,0,0,0,0,0,0,0,0.0,0.0,0,0,0,30,0,0,,,,,2
1386878,Ahmadou Ama Camara,ahmadou-ama-camara,41757,Raja Club Athletic,6.9,13.8,2,0,0,0,0,,0,25,5,30,83.33,18,7,1,1,5,100.0,2,0,0,0,0,0,0.0,0,0,0,9,90.0,1,50.0,10,83.33,57,0.0,0,0,0,0,0,0,0,0,0,0,0,0,0,0,0.0,1,0,0,0,7,0,0,0,43,2,1,0,0,0,0,0,0,0,,,,0,0,0,0,0,1,0,0,0,0,0,0,0,0,0.0,1,5,0,2,1,0,0,0,1,1,2,100.0,0.0,0,0,0,21,9,0,,,,,2
933047,Dramane Nikiema,dramane-nikiema,134322,Horoya,6.9,13.8,2,0,0,0,0,,0,38,8,46,82.61,20,18,8,1,1,100.0,2,0,0,0,0,0,0.0,3,1,1,9,81.82,0,0.0,9,81.82,80,0.0,0,0,0,0,1,0,0,0,0,3,0,0,0,5,71.43,1,0,0,0,13,1,9,5,66,6,0,0,0,2,0,1,0,0,,,,0,0,0,0,0,1,0,0,0,0,0,0,0,0,0.0,1,1,2,2,0,0,0,0,7,1,1,50.0,0.0,0,0,0,22,26,0,,,,,2
215356,Mohamed Ali Yaakoubi,mohamed-ali-yaakoubi,59628,Espérance Sportive De Tunis,6.9,6.9,1,0,0,0,0,,0,56,7,63,88.89,45,11,3,0,1,100.0,2,0,1,0,0,0,0.0,0,0,0,3,42.86,3,50.0,6,46.15,83,0.0,0,0,0,0,0,0,0,0,0,0,0,0,0,10,66.67,2,0,0,1,9,0,8,4,71,0,3,0,0,0,0,0,0,0,,,,0,0,0,0,0,0,0,0,0,0,0,0,1,0,0.0,0,1,0,7,3,0,0,0,15,0,0,0.0,0.0,0,0,0,48,15,0,,,,,3
880502,Mohamed Abuaagla,mohamed-abuaagla,69322,Al-Hilal Omdurman,6.9,34.5,5,0,0,0,0,,0,179,48,227,78.85,90,89,26,1,6,75.0,12,16,1,0,0,0,0.0,3,0,1,29,55.77,10,76.92,39,60.0,431,0.0,0,0,0,0,0,0,0,0,0,3,0,0,0,15,42.86,6,0,0,4,66,1,23,13,318,12,9,0,0,9,0,2,0,0,,,,1,0,0,0,0,5,0,0,0,0,0,0,5,0,0.0,1,8,4,26,3,0,0,0,35,5,8,66.67,0.0,0,0,0,101,130,0,,,,,5
1064821,Kinito,kinito,148072,Atlético Petróleos de Luanda,6.9,34.5,5,0,1,1,0,,0,283,39,322,87.89,185,98,34,3,1,100.0,8,6,0,0,0,0,0.0,3,0,2,15,83.33,10,66.67,25,75.76,450,0.0,0,0,0,0,0,0,0,0,3,0,0,0,0,17,60.71,9,0,1,0,45,0,12,8,371,6,1,0,0,2,0,1,0,0,,,,1,0,0,0,0,5,0,0,0,0,0,0,5,0,0.0,3,1,1,8,5,0,0,0,28,5,5,62.5,0.0,0,0,0,203,120,0,,,,,5
975845,Juba Oukaci,juba-oukaci,42202,JS Kabylie,6.9,34.5,5,0,0,0,0,,0,179,41,220,81.36,91,88,37,1,3,75.0,25,9,2,0,0,0,0.0,1,0,1,45,65.22,5,71.43,50,65.79,434,0.0,0,0,0,0,1,0,0,0,0,1,0,0,0,8,34.78,5,0,0,8,62,2,27,13,318,17,5,0,0,11,0,0,0,0,,,,1,0,0,0,0,4,1,0,0,0,0,0,5,0,0.0,1,4,1,26,2,0,0,0,23,5,20,80.0,0.0,0,0,0,105,116,0,,,,,5
307576,Salif Coulibaly,salif-coulibaly,134322,Horoya,6.9,41.4,6,0,0,0,0,,0,167,66,233,71.67,116,51,17,2,1,100.0,7,14,2,0,0,0,0.0,4,2,1,17,62.96,23,76.67,40,70.18,540,0.0,0,0,0,0,0,0,0,0,4,0,0,0,0,21,39.62,20,0,0,1,69,0,27,6,308,9,6,0,0,3,1,1,0,0,,,,3,0,0,0,0,8,4,0,0,0,0,0,6,0,0.0,2,1,1,17,7,0,0,0,53,12,4,57.14,0.0,0,0,0,136,98,1,,,,,6
851433,Alexis Guendouz,alexis-guendouz,42207,CR Belouizdad,6.9,55.2,8,0,0,0,0,,0,137,52,189,72.49,107,30,8,0,0,0.0,0,0,1,0,0,0,0.0,0,0,0,0,0.0,4,100.0,4,57.14,720,0.0,0,0,0,1,0,0,0,0,0,0,0,0,0,47,48.96,8,0,0,0,53,0,42,21,255,1,1,0,0,2,0,0,0,21,,,,4,1,0,10,11,7,1,3,0,0,2,0,8,0,0.0,0,0,0,3,0,0,0,0,96,8,0,0.0,0.0,0,0,3,122,67,1,,,,,8
826545,Mohamed Hany,mohamed-hany,6910,Al Ahly FC,6.89,82.7,12,0,1,1,1,,1,458,93,551,83.12,275,191,78,7,8,61.54,27,24,4,0,0,8,25.0,1,1,0,48,52.75,9,60.0,57,53.77,1065,0.0,1,0,0,0,0,0,0,0,1,0,0,0,0,37,44.58,23,0,0,6,154,3,56,24,829,13,20,0,0,12,0,0,0,0,,,,4,0,0,0,0,6,4,0,0,0,0,0,12,0,0.0,7,13,32,49,6,0,0,1,83,10,18,66.67,0.0,0,0,0,297,286,5,,,,,12
1168800,Soufiane Benjdida,soufiane-benjdida,41757,Raja Club Athletic,6.89,48.2,7,2,0,0,0,,2,31,4,35,88.57,12,19,13,2,4,80.0,0,0,0,0,0,0,0.0,9,5,1,8,50.0,3,42.86,11,47.83,205,22.22,0,0,0,0,0,0,2,0,8,1,0,0,2,4,100.0,0,0,0,4,20,1,1,1,76,4,4,0,0,0,2,3,0,0,,,,0,0,0,0,0,1,0,0,0,0,0,0,1,0,0.0,2,5,0,12,4,0,0,0,4,1,0,0.0,102.5,0,0,0,12,23,0,,,,,7
898070,Anderson Cruz,anderson-cruz,148072,Atlético Petróleos de Luanda,6.88,41.3,6,1,1,0,0,,1,86,19,105,81.9,37,55,21,6,6,66.67,6,1,1,0,0,6,50.0,12,2,7,25,56.82,1,33.33,26,55.32,388,8.33,0,0,0,0,0,0,1,0,5,7,0,1,0,1,25.0,3,0,0,6,47,4,5,3,194,13,7,1,0,3,0,3,0,0,,,,0,0,0,0,0,2,0,0,0,0,0,0,6,0,0.0,6,9,12,21,2,0,0,0,4,2,5,83.33,388.0,0,0,0,40,77,1,,,,,6
1469429,Moussa Benzaid,moussa-benzaid,42202,JS Kabylie,6.88,41.3,6,1,0,1,0,,1,162,48,210,77.14,126,36,8,1,1,50.0,11,9,1,0,0,0,0.0,5,2,0,13,48.15,10,62.5,23,53.49,496,20.0,0,0,0,0,0,0,1,0,3,2,0,1,0,7,29.17,20,0,2,1,60,0,16,4,281,1,6,0,0,6,0,3,0,0,,,,1,0,0,0,0,4,2,0,0,0,0,0,5,0,0.0,1,2,0,20,6,0,0,0,24,6,9,81.82,496.0,0,0,0,151,59,1,,,,,7
845607,Abdelraouf Benguit,abdelraouf-benguit,41757,Raja Club Athletic,6.88,34.4,5,0,3,0,2,,2,63,16,79,79.75,36,27,12,5,2,100.0,5,2,0,0,0,0,0.0,0,0,0,10,58.82,0,0.0,10,55.56,134,0.0,0,0,0,0,0,0,0,0,0,0,0,0,0,4,50.0,1,0,0,2,22,0,4,3,108,3,1,0,0,5,0,0,0,0,,,,0,0,0,0,0,2,0,0,0,0,0,0,1,0,0.0,5,2,1,8,1,0,0,0,8,2,3,60.0,0.0,0,0,0,43,37,0,,,,,6
863249,Thapelo Morena,thapelo-morena,7665,Mamelodi Sundowns,6.88,55.0,8,2,2,1,2,,4,90,24,114,78.95,18,72,49,7,4,36.36,6,0,0,0,0,0,0.0,5,3,1,18,39.13,4,57.14,22,41.51,487,40.0,0,0,0,0,0,0,2,0,5,0,1,0,1,1,14.29,3,0,0,5,53,5,10,2,186,8,11,1,0,5,1,1,0,0,,,,0,0,0,0,0,6,0,0,0,0,0,0,5,0,0.0,7,11,2,31,3,0,0,0,7,6,4,66.67,243.5,0,0,0,20,96,1,,,,,9
972725,Lamine Fofana,lamine-fofana,134322,Horoya,6.88,27.5,4,0,0,2,0,,0,110,26,136,80.88,91,19,2,0,0,0.0,1,6,0,0,0,0,0.0,3,2,1,5,55.56,9,64.29,14,60.87,360,0.0,0,0,0,0,0,0,0,0,3,0,0,0,0,10,35.71,16,0,1,0,33,0,10,3,190,4,2,1,0,1,0,0,0,0,,,,2,0,0,0,0,7,2,0,0,0,0,0,4,0,0.0,0,1,0,9,5,0,0,0,28,9,1,100.0,0.0,0,0,0,99,37,0,,,,,4
295339,Rami Rabia,rami-rabia,6910,Al Ahly FC,6.88,27.5,4,0,0,0,0,,0,120,24,144,83.33,88,32,3,0,1,100.0,3,5,0,0,0,0,0.0,0,0,0,10,83.33,7,77.78,17,80.95,223,0.0,0,0,0,0,0,0,0,0,0,0,0,0,0,7,35.0,7,0,0,0,24,0,12,7,174,6,1,0,0,2,0,0,0,0,,,,2,0,0,0,0,2,0,0,0,0,0,0,2,0,0.0,0,1,0,4,2,0,0,0,20,2,2,66.67,0.0,0,0,0,98,46,1,,,,,5
312830,Anice Badri,anice-badri,59628,Espérance Sportive De Tunis,6.87,48.1,7,0,0,0,0,,0,113,24,137,82.48,43,76,34,5,3,37.5,6,3,0,0,0,6,21.43,5,1,3,18,56.25,8,57.14,26,56.52,383,0.0,0,0,0,0,0,0,0,0,4,1,0,0,0,6,100.0,3,0,0,3,61,1,13,7,223,9,3,0,0,4,1,1,0,0,,,,0,0,0,0,0,6,0,0,0,0,0,0,5,0,0.0,5,8,28,20,6,0,0,0,6,6,3,50.0,0.0,0,0,0,50,115,0,,,,,7
1122954,Abderrahmane Medjadel,abderrahmane-medjadel,42202,JS Kabylie,6.87,48.1,7,0,0,0,0,,0,47,99,146,32.19,31,16,6,0,1,100.0,0,0,2,0,0,0,0.0,0,0,0,2,100.0,2,100.0,4,100.0,630,0.0,0,0,0,0,0,0,0,0,0,0,0,0,0,23,18.85,7,0,0,0,99,0,12,4,192,1,0,0,0,0,0,0,0,15,,,,3,0,0,10,5,3,3,5,2,2,3,0,7,0,0.0,0,1,0,0,0,0,0,0,122,6,0,0.0,0.0,0,0,4,44,102,0,,,,,7
105394,Mahmoud Abdel Razik Shikabala,shikabala,42368,Zamalek SC,6.87,20.6,3,0,0,0,0,,0,40,19,59,67.8,7,34,21,3,2,50.0,2,2,0,0,0,1,25.0,2,2,0,5,50.0,1,100.0,6,54.55,163,0.0,0,0,0,0,0,0,0,0,2,0,0,0,0,5,41.67,0,0,0,1,29,1,12,5,82,1,1,0,0,1,0,0,0,0,,,,0,0,0,0,0,1,0,0,0,0,0,0,2,0,0.0,3,4,4,5,0,0,0,0,12,1,1,50.0,0.0,0,0,0,10,53,0,,,,,3
1004526,Saifeddine Bouhra,bouhra-saifeddine,36268,Wydad Casablanca,6.86,82.3,12,1,2,1,1,,2,163,42,205,79.51,70,98,46,10,14,58.33,7,2,1,0,0,5,18.52,11,7,3,45,54.22,0,0.0,45,51.14,787,9.09,0,0,0,0,0,0,1,0,7,4,0,0,1,9,47.37,2,0,0,10,112,6,19,11,364,24,7,1,0,13,1,1,0,0,,,,0,0,0,0,0,2,0,0,0,0,0,0,10,0,0.0,10,24,27,43,5,0,0,0,19,2,5,71.43,787.0,0,0,0,74,158,1,,,,,12
1005401,Sipho Mbule,sipho-mbule,7665,Mamelodi Sundowns,6.86,48.0,7,0,0,0,0,,0,300,52,352,85.23,112,189,73,5,12,85.71,8,8,2,0,0,1,33.33,5,0,3,30,58.82,11,73.33,41,62.12,445,0.0,0,0,0,0,0,0,0,0,2,3,0,0,0,13,61.9,6,0,1,4,71,2,14,5,436,10,6,0,0,9,0,2,0,0,,,,1,0,0,0,0,5,0,0,0,0,0,0,5,0,0.0,5,14,3,25,4,0,0,0,21,5,6,75.0,0.0,0,0,0,131,224,1,,,,,7
880042,Ramadan Agab,ramadan-agab,69320,Al-Merrikh Khartoum Club,6.85,41.1,6,1,1,0,1,,2,50,19,69,72.46,17,34,8,2,1,50.0,3,3,0,0,0,1,11.11,2,2,0,7,41.18,8,34.78,15,37.5,275,50.0,0,0,0,0,0,0,1,0,2,0,0,0,0,3,50.0,5,0,0,2,33,3,3,2,109,3,4,0,0,3,0,0,0,0,,,,0,0,0,0,0,4,1,0,0,0,0,0,3,0,0.0,2,2,9,25,15,0,0,0,6,5,2,66.67,275.0,0,0,0,22,56,0,,,,,6
880024,Bakhit Khamis,bakhit-khamis,69320,Al-Merrikh Khartoum Club,6.85,13.7,2,0,1,0,1,,1,79,13,92,85.87,50,31,9,1,1,100.0,2,4,0,0,0,2,50.0,1,0,1,6,66.67,5,71.43,11,68.75,180,0.0,0,0,0,0,0,0,0,0,0,1,0,0,0,2,33.33,2,0,0,0,21,0,7,4,126,3,0,0,0,3,1,0,0,0,,,,0,0,0,0,0,4,1,0,0,0,0,0,2,0,0.0,1,1,4,5,2,0,0,0,6,5,1,50.0,0.0,0,0,0,54,42,0,,,,,2
1083676,Ahmed Hamed Mahmoud,ahmed-hamed-mahmoud,69320,Al-Merrikh Khartoum Club,6.85,13.7,2,0,0,0,0,,0,19,3,22,86.36,13,6,5,0,1,50.0,3,0,0,0,0,0,0.0,0,0,0,9,69.23,0,0.0,9,69.23,47,0.0,0,0,1,0,0,0,0,0,0,0,0,0,0,1,100.0,0,0,0,1,7,0,1,0,37,5,1,0,0,1,0,0,0,0,,,,0,0,0,0,0,0,0,0,0,0,0,0,0,0,0.0,0,2,0,4,0,0,0,0,1,0,1,33.33,0.0,0,0,0,13,9,0,,,,,2
1470629,Ako Oru,ako-oru,42575,Coton Sport de Garoua,6.85,13.7,2,0,0,0,0,,0,35,11,46,76.09,25,11,3,2,1,50.0,2,2,1,0,0,1,100.0,2,0,1,6,66.67,2,66.67,8,66.67,94,0.0,0,0,0,0,1,0,0,0,0,2,0,0,0,4,66.67,0,0,0,0,13,0,6,5,67,3,1,0,0,1,0,1,0,0,,,,0,0,0,0,0,1,0,0,0,0,0,0,1,0,0.0,2,2,1,4,1,0,0,0,6,1,0,0.0,0.0,0,0,0,27,20,0,,,,,2
880515,Salah Mahmoud Nemer,salaheldin-nemer,69320,Al-Merrikh Khartoum Club,6.85,27.4,4,0,0,0,0,,0,78,23,101,77.23,61,17,10,0,2,100.0,7,5,1,0,0,0,0.0,2,0,2,11,78.57,3,37.5,14,63.64,282,0.0,0,0,0,0,0,0,0,0,2,0,0,0,0,11,45.83,15,0,0,0,26,0,19,11,144,2,4,0,0,0,1,0,0,0,,,,0,0,0,0,0,5,1,0,0,0,0,0,3,0,0.0,0,2,1,8,5,0,0,0,24,6,6,85.71,0.0,0,0,0,72,30,0,,,,,4
988578,Guy Magema,magema-guy,134278,AS Vita Club,6.85,27.4,4,0,0,2,0,,0,179,34,213,84.04,132,47,10,1,0,0.0,1,7,0,0,0,0,0.0,3,0,1,4,40.0,8,44.44,12,42.86,360,0.0,0,0,0,0,0,0,0,0,3,0,0,0,0,17,41.46,15,0,0,1,36,0,20,6,264,3,1,0,1,4,0,2,0,0,,,,2,0,0,0,0,3,0,0,0,0,0,0,4,0,0.0,1,0,0,16,10,0,0,0,41,3,1,100.0,0.0,0,0,0,140,73,0,,,,,4
1103625,Tajeldin Elnour,tajeldin-elnour,69320,Al-Merrikh Khartoum Club,6.85,27.4,4,0,0,0,0,,0,89,25,114,78.07,45,44,16,1,3,100.0,13,6,1,0,0,0,0.0,0,0,0,23,62.16,4,44.44,27,58.7,360,0.0,0,0,0,0,0,0,0,0,0,0,0,0,0,3,30.0,3,0,0,3,35,1,7,3,168,7,7,0,0,4,0,0,0,0,,,,2,0,0,0,0,2,0,0,0,0,0,0,4,0,0.0,1,3,1,19,5,0,0,0,10,2,8,61.54,0.0,0,0,0,52,63,0,,,,,4
335187,Alex Silva,alex-silva,69320,Al-Merrikh Khartoum Club,6.85,41.1,6,0,0,0,0,,0,122,53,175,69.71,69,54,18,1,5,35.71,19,9,3,0,0,1,5.56,6,2,3,52,61.9,13,54.17,65,60.19,540,0.0,0,0,0,0,0,0,0,0,4,2,0,0,0,11,47.83,19,0,0,3,116,0,17,11,392,28,16,0,0,8,0,1,0,0,,,,2,0,0,0,0,6,1,0,0,0,0,0,6,0,0.0,1,14,18,43,11,0,0,0,23,7,10,52.63,0.0,0,0,0,92,101,1,,,,,6
930586,Salim Boukhenchouche,salim-boukhenchouche,42202,JS Kabylie,6.85,41.1,6,0,0,0,0,,0,173,15,188,92.02,134,39,9,1,13,81.25,15,9,2,0,0,0,0.0,7,1,6,40,51.28,3,23.08,43,47.25,475,0.0,0,0,0,0,2,0,0,0,2,5,0,0,0,13,65.0,4,0,0,9,42,2,16,10,289,12,19,0,0,8,0,0,0,0,,,,1,0,0,0,0,4,1,0,0,0,0,0,6,0,0.0,1,16,0,48,10,0,0,0,20,5,11,73.33,0.0,0,0,0,140,48,0,,,,,6
1018482,Oussama Gatal,oussama-gatal,42202,JS Kabylie,6.85,41.1,6,0,0,0,0,,0,154,60,214,71.96,94,61,20,5,3,60.0,21,12,2,0,0,1,20.0,0,0,0,33,62.26,4,30.77,37,56.06,537,0.0,0,0,0,0,0,0,0,0,0,0,0,0,0,10,27.78,16,0,0,2,93,1,31,12,379,9,7,0,0,9,0,0,0,0,,,,2,0,0,0,0,4,2,0,0,0,0,0,6,0,0.0,5,5,5,29,9,0,0,0,36,6,12,57.14,0.0,0,0,0,111,108,0,,,,,6
879566,Mohamed Ounajem,mohamed-ounajem,36268,Wydad Casablanca,6.85,68.5,10,0,1,1,0,,0,100,33,133,75.19,35,70,41,7,5,33.33,14,5,0,0,0,5,18.52,7,2,3,30,57.69,2,40.0,32,56.14,445,0.0,0,0,1,0,0,0,0,0,5,2,0,0,0,0,0.0,1,0,0,2,85,2,5,2,260,11,7,0,0,4,1,2,0,0,,,,1,0,0,0,0,2,1,0,0,0,0,0,4,0,0.0,7,15,27,25,3,0,0,0,3,3,9,64.29,0.0,0,0,0,38,122,0,,,,,10
919555,Marouane Hadhoudi,marouane-hadhoudi,41757,Raja Club Athletic,6.84,34.2,5,0,0,0,0,,0,173,32,205,84.39,123,50,8,0,2,50.0,10,5,1,0,0,0,0.0,1,0,0,14,70.0,4,44.44,18,62.07,451,0.0,0,0,0,0,0,0,0,0,1,0,0,0,0,16,51.61,14,0,0,0,39,0,17,7,259,2,4,0,0,0,0,1,0,0,,,,1,0,0,0,0,4,1,0,0,0,0,0,5,0,0.0,0,4,0,11,5,0,0,0,31,5,3,30.0,0.0,0,0,0,140,65,0,,,,,6
944118,Sphelele Mkhulise,sphelele-mkhulise,7665,Mamelodi Sundowns,6.84,54.7,8,0,0,1,0,,0,325,37,362,89.78,172,154,70,4,8,57.14,13,4,1,0,0,1,16.67,4,1,2,28,56.0,3,75.0,31,57.41,440,0.0,0,0,0,0,0,0,0,0,1,3,0,0,0,5,50.0,2,0,0,4,61,2,13,10,444,7,4,0,0,8,0,1,0,0,,,,0,0,0,0,0,2,0,0,0,0,0,0,5,0,0.0,4,14,6,23,1,0,0,0,10,2,9,69.23,0.0,0,0,0,175,193,0,,,,,8
1150045,Abubeker Nasir,abubeker-nasir,7665,Mamelodi Sundowns,6.83,20.5,3,1,0,1,0,,1,10,2,12,83.33,2,8,5,0,3,100.0,2,1,0,0,0,0,0.0,3,2,1,6,75.0,0,0.0,6,66.67,57,33.33,0,0,0,0,0,0,1,0,3,0,0,0,1,0,0.0,0,0,0,0,3,0,0,0,24,1,2,0,0,0,1,0,0,0,,,,0,0,0,0,0,1,0,0,0,0,0,0,0,0,0.0,0,3,0,3,1,0,0,0,0,1,1,50.0,57.0,0,0,0,2,10,0,,,,,3
880622,Ahmed Fatouh,ahmed-fatouh,42368,Zamalek SC,6.83,20.5,3,0,0,0,0,,0,100,38,138,72.46,38,63,32,1,1,100.0,7,6,0,0,0,1,20.0,1,0,0,10,71.43,3,50.0,13,65.0,259,0.0,0,0,0,0,0,0,0,0,1,0,0,0,0,8,36.36,3,0,0,0,49,0,16,7,197,2,4,0,0,1,0,1,0,0,,,,0,0,0,0,0,4,0,0,0,0,0,0,3,0,0.0,1,1,5,7,3,0,0,0,22,4,7,100.0,0.0,0,0,0,52,91,0,,,,,3
159681,Mohamed Sobhi,mohamed-sobhi,42368,Zamalek SC,6.83,20.5,3,0,0,0,0,,0,48,45,93,51.61,35,13,2,2,0,0.0,0,0,1,0,0,0,0.0,0,0,0,3,50.0,3,100.0,6,66.67,270,0.0,0,0,0,0,0,0,0,0,0,0,0,0,0,22,32.84,6,0,0,0,46,0,30,8,126,2,1,0,0,1,0,0,1,9,,,,0,0,0,5,4,6,0,5,2,2,4,0,3,0,0.0,1,1,0,3,0,0,0,0,67,6,0,0.0,0.0,0,0,3,42,51,0,,,,,3
970819,Mohamed Boulacsout,mohamed-boulacsout,41757,Raja Club Athletic,6.83,27.3,4,1,0,0,0,,1,39,12,51,76.47,20,19,9,0,3,75.0,4,0,0,0,0,0,0.0,2,1,0,10,71.43,2,33.33,12,60.0,108,50.0,0,0,0,0,0,0,1,0,1,1,0,1,0,1,25.0,3,0,0,2,20,0,4,1,84,3,1,0,0,0,0,1,0,0,,,,0,0,0,0,0,1,0,0,0,0,0,0,0,0,0.0,0,4,3,8,4,0,0,0,4,1,4,100.0,108.0,0,0,0,22,32,0,,,,,4
1410416,Ghaith Ouahabi,ghaith-ouahabi,59628,Espérance Sportive De Tunis,6.83,27.3,4,0,0,0,0,,0,75,10,85,88.24,46,29,12,0,3,100.0,5,3,2,0,0,0,0.0,3,2,1,14,70.0,1,33.33,15,65.22,202,0.0,0,0,0,0,0,0,0,0,1,2,0,0,0,6,66.67,4,0,0,1,16,1,2,1,119,6,4,0,0,2,0,0,0,0,,,,0,0,0,0,0,3,0,0,0,0,0,0,2,0,0.0,0,3,0,8,2,0,0,0,9,3,5,100.0,0.0,0,0,0,47,38,0,,,,,4
918505,Nabil Donga,nabil-donga,42368,Zamalek SC,6.82,34.1,5,0,0,1,0,,0,177,33,210,84.29,77,100,44,1,1,100.0,14,12,1,0,0,0,0.0,7,1,5,24,46.15,5,45.45,29,46.03,449,0.0,0,0,0,1,0,0,0,0,2,5,0,0,0,29,70.73,5,0,0,3,45,1,26,14,290,9,12,0,0,14,0,1,0,0,,,,1,0,0,0,0,5,0,0,0,0,0,0,5,0,0.0,1,1,0,34,6,0,0,0,41,5,8,57.14,0.0,0,0,0,88,122,0,,,,,5
927954,Mohamed Abdelghani,mohamed-abdelghani,42368,Zamalek SC,6.82,34.1,5,0,0,0,0,,0,119,34,153,77.78,101,18,3,1,0,0.0,13,5,0,0,0,0,0.0,1,0,0,14,60.87,5,50.0,19,57.58,438,0.0,0,0,0,0,0,0,0,0,1,0,0,0,0,11,44.0,15,0,0,0,40,0,12,4,211,1,2,0,0,7,0,1,0,0,,,,1,0,0,0,0,5,0,0,0,0,0,0,5,0,0.0,1,0,0,14,5,0,0,0,25,5,8,61.54,0.0,0,0,0,117,36,0,,,,,5
1172368,Bright Anukani,bright-anukani,203350,Vipers SC,6.82,34.1,5,0,0,0,0,,0,126,29,155,81.29,60,71,38,9,1,25.0,5,1,0,0,0,5,26.32,5,2,1,12,44.44,1,33.33,13,43.33,366,0.0,0,0,0,0,1,0,0,0,1,4,0,0,0,9,52.94,1,0,0,1,57,3,20,11,218,6,8,0,0,5,0,2,0,0,,,,0,0,0,0,0,7,1,0,0,0,0,0,4,0,0.0,9,4,19,17,2,0,0,0,17,8,1,20.0,0.0,0,0,0,66,108,0,,,,,5
1110703,Ibrahim Imoro,ibrahim-imoro,69322,Al-Hilal Omdurman,6.82,40.9,6,0,0,0,0,,0,156,41,197,79.19,68,96,38,9,1,16.67,6,11,0,0,0,8,22.86,8,1,6,12,34.29,3,37.5,15,34.88,483,0.0,0,0,0,0,4,0,0,0,0,8,0,0,0,14,37.84,12,0,0,5,93,1,29,12,350,6,6,0,0,7,1,1,0,0,,,,2,0,0,0,0,5,0,0,0,0,0,0,6,0,0.0,9,6,35,28,5,0,0,0,37,5,4,66.67,0.0,0,0,0,77,155,0,,,,,6
1177829,Noufel Ould Hamou ,noufel-ould-hamou,42202,JS Kabylie,6.81,47.7,7,0,0,0,0,,0,138,34,172,80.23,69,69,29,4,14,77.78,13,3,0,0,0,0,0.0,7,5,1,30,52.63,2,28.57,32,50.0,381,0.0,0,0,0,0,0,0,0,0,2,5,0,0,0,2,22.22,4,0,0,6,58,1,7,3,254,3,11,0,0,6,0,1,0,0,,,,0,0,0,0,0,0,3,0,0,0,0,0,4,0,0.0,4,18,1,32,5,0,0,0,9,3,8,61.54,0.0,0,0,0,79,94,0,,,,,7
796155,Sabir Bougrine,sabir-bougrine,59628,Espérance Sportive De Tunis,6.81,61.3,9,0,1,0,0,,0,250,50,300,83.33,99,155,79,9,8,44.44,14,3,0,0,0,4,14.29,8,4,1,27,43.55,5,62.5,32,45.71,519,0.0,0,0,0,0,1,0,0,0,5,3,0,0,0,13,61.9,1,0,0,8,109,5,17,7,418,5,9,0,0,9,1,3,0,0,,,,0,0,0,0,0,2,0,0,0,0,0,0,7,0,0.0,9,18,28,38,3,0,0,0,21,2,10,71.43,0.0,0,0,0,107,221,0,,,,,9
918913,Hamdy Fathy,hamdi-fathi,6910,Al Ahly FC,6.81,74.9,11,1,1,0,0,,1,279,57,336,83.04,145,134,58,8,1,16.67,17,11,2,0,0,0,0.0,8,3,4,46,52.87,11,47.83,57,51.82,716,12.5,0,0,0,1,0,0,1,0,5,3,0,1,0,21,60.0,8,0,0,7,90,5,33,13,474,29,21,1,0,8,1,1,0,0,,,,1,0,0,0,0,3,4,0,0,0,0,0,8,0,0.0,8,6,3,53,12,0,0,0,35,7,8,47.06,716.0,0,0,0,162,177,1,,,,,11
884818,Lema Mabidi Chikito,lema-mabidi-chikito,134278,AS Vita Club,6.8,34.0,5,1,0,0,0,,1,120,23,143,83.92,85,36,13,3,3,100.0,4,3,1,0,0,1,25.0,3,1,0,12,57.14,2,100.0,14,60.87,300,33.33,0,0,0,0,0,0,0,1,0,3,0,0,1,5,38.46,0,0,0,2,30,1,9,3,178,5,3,0,0,4,0,2,0,0,,,,2,0,0,0,0,0,0,0,0,0,0,0,4,0,0.0,3,3,4,9,0,0,0,0,13,0,3,75.0,300.0,0,0,0,89,58,1,,,,,5
1118611,Kouceila Boualia,kouceila-boualia,42202,JS Kabylie,6.8,47.6,7,0,4,1,2,,2,72,37,109,66.06,35,43,17,8,12,50.0,10,3,0,0,0,6,25.0,10,1,7,31,41.33,1,7.69,32,36.36,487,0.0,0,0,0,0,2,0,0,0,4,6,0,0,0,2,25.0,8,0,0,5,93,0,8,1,240,9,14,1,0,13,5,2,0,0,,,,1,0,0,0,0,2,2,0,0,0,0,0,5,0,0.0,8,24,24,56,12,0,0,0,8,4,4,40.0,0.0,0,0,0,48,85,0,,,,,7
376842,Abdallah Gomaa,abdallah-gomaa,42368,Zamalek SC,6.8,6.8,1,0,1,0,1,,1,42,7,49,85.71,18,26,10,2,0,0.0,2,0,0,0,0,2,50.0,0,0,0,2,40.0,0,0.0,2,40.0,90,0.0,0,0,0,0,0,0,0,0,0,0,0,0,0,0,0.0,2,0,0,1,12,0,4,2,70,0,2,0,0,0,0,0,0,0,,,,0,0,0,0,0,3,0,0,0,0,0,0,1,0,0.0,2,0,4,3,0,0,0,0,1,3,2,100.0,0.0,0,0,0,23,30,0,,,,,1
1048378,Mostafa Shobeir,mostafa-shobeir,6910,Al Ahly FC,6.8,6.8,1,0,0,0,0,,0,21,6,27,77.78,20,1,0,0,0,0.0,0,0,0,0,0,0,0.0,0,0,0,0,0.0,0,0.0,0,0.0,90,0.0,0,0,0,0,0,0,0,0,0,0,0,0,0,2,25.0,0,0,0,0,6,0,1,0,32,0,0,0,0,0,0,0,0,3,,,,0,0,0,2,1,1,0,0,0,0,0,0,1,0,0.0,0,0,0,0,0,0,0,0,8,1,0,0.0,0.0,0,0,1,20,7,0,,,,,1
1484693,Modeste Ngelenda,modeste-ngelenda,134278,AS Vita Club,6.8,6.8,1,0,0,0,0,,0,7,4,11,63.64,4,3,1,1,0,0.0,1,0,0,0,0,0,0.0,1,0,1,5,71.43,3,60.0,8,66.67,90,0.0,0,0,0,0,0,0,0,0,1,0,0,0,0,0,0.0,0,0,0,1,9,0,0,0,25,4,1,0,0,0,4,0,0,0,,,,0,0,0,0,0,0,1,0,0,0,0,0,1,0,0.0,1,0,0,4,2,0,0,0,1,1,0,0.0,0.0,0,0,0,4,7,0,,,,,1
973042,Fateh Talah,fateh-talah,42202,JS Kabylie,6.8,6.8,1,0,0,0,0,,0,4,1,5,80.0,2,2,1,0,0,0.0,0,0,0,0,0,0,0.0,0,0,0,1,100.0,1,50.0,2,66.67,30,0.0,0,0,0,0,0,0,0,0,0,0,0,0,0,2,66.67,3,0,0,0,1,0,2,1,11,1,0,0,0,0,0,0,0,0,,,,0,0,0,0,0,0,0,0,0,0,0,0,0,0,0.0,0,0,0,1,1,0,0,0,3,0,0,0.0,0.0,0,0,0,2,3,0,,,,,1
1094522,Mohamed Ashraf,ashraf-mohamed,6910,Al Ahly FC,6.8,13.6,2,0,0,0,0,,0,15,5,20,75.0,10,6,1,1,1,50.0,2,1,0,0,0,1,100.0,0,0,0,5,71.43,0,0.0,5,62.5,26,0.0,0,0,0,0,0,0,0,0,0,0,0,0,0,1,50.0,0,0,0,1,8,0,3,1,36,2,0,0,0,0,0,0,0,0,,,,0,0,0,0,0,0,0,0,0,0,0,0,0,0,0.0,1,2,1,3,1,0,0,0,2,0,1,50.0,0.0,0,0,0,12,9,0,,,,,2
1000906,Carlinhos,carlinhos,148072,Atlético Petróleos de Luanda,6.8,13.6,2,0,0,1,0,,0,36,6,42,85.71,4,33,17,4,0,0.0,1,0,0,0,0,1,25.0,3,1,2,3,50.0,0,0.0,3,37.5,99,0.0,0,0,0,0,0,0,0,0,1,2,0,0,0,5,71.43,0,0,0,2,13,2,8,7,59,2,1,0,0,0,0,0,0,0,,,,0,0,0,0,0,1,0,0,0,0,0,0,1,0,0.0,4,0,4,5,2,0,0,0,7,1,1,100.0,0.0,0,0,0,6,40,0,,,,,2
919036,Zied Machmoum,zied-machmoum,59628,Espérance Sportive De Tunis,6.8,6.8,1,0,0,0,0,,0,3,0,3,100.0,1,2,1,0,0,0.0,2,0,0,0,0,0,0.0,0,0,0,2,100.0,1,100.0,3,100.0,12,0.0,0,0,0,0,0,0,0,0,0,0,0,0,0,1,100.0,3,0,0,0,0,0,1,1,9,0,0,0,0,0,0,0,0,0,,,,0,0,0,0,0,0,0,0,0,0,0,0,0,0,0.0,0,0,0,0,0,0,0,0,1,0,2,100.0,0.0,0,0,0,1,2,0,,,,,2
895067,Rushine De Reuck,de-reuck-rushine,7665,Mamelodi Sundowns,6.8,13.6,2,0,0,1,0,,0,60,6,66,90.91,56,4,1,0,0,0.0,0,1,0,0,0,0,0.0,2,1,1,3,50.0,5,83.33,8,66.67,103,0.0,0,0,0,0,0,0,0,0,2,0,0,0,0,1,100.0,4,0,0,1,7,0,2,0,80,3,2,0,0,0,0,0,0,0,,,,0,0,0,0,0,1,0,0,0,0,0,0,1,0,0.0,0,0,0,4,1,0,0,0,1,1,0,0.0,0.0,0,0,0,59,7,0,,,,,3
1031322,Peter Zilu Mutumosi,peter-zilu-mutumosi,134278,AS Vita Club,6.8,27.2,4,0,0,0,0,,0,94,20,114,82.46,50,44,20,2,2,66.67,10,3,0,0,0,0,0.0,0,0,0,18,58.06,6,75.0,24,61.54,190,0.0,0,0,0,0,0,0,0,0,0,0,0,0,0,8,66.67,2,0,0,4,26,0,6,4,150,6,6,0,0,2,0,0,0,0,,,,0,0,0,0,0,4,0,0,0,0,0,0,2,0,0.0,2,3,0,15,2,0,0,0,12,4,7,70.0,0.0,0,0,0,56,58,0,,,,,4
990652,Walieldin Khidir,walieldin-khidir,69322,Al-Hilal Omdurman,6.8,40.8,6,0,0,0,0,,0,186,46,232,80.17,97,89,41,5,3,50.0,9,8,0,0,0,0,0.0,2,0,2,19,50.0,5,41.67,24,48.0,522,0.0,0,0,1,0,0,0,0,0,2,0,0,0,0,8,34.78,5,0,0,3,63,3,24,13,300,7,12,0,0,3,1,0,0,0,,,,2,0,0,0,0,6,0,0,0,0,0,0,6,0,0.0,5,6,2,26,7,0,0,0,23,6,6,66.67,0.0,0,0,0,104,130,0,,,,,6
877228,Eddie Afonso,eddie-afonso,148072,Atlético Petróleos de Luanda,6.8,40.8,6,0,2,0,0,,0,190,36,226,84.07,96,98,42,4,1,25.0,11,6,0,0,0,4,44.44,0,0,0,12,38.71,2,25.0,14,35.9,534,0.0,0,0,0,0,0,0,0,0,0,0,0,0,0,8,72.73,12,0,0,4,65,0,12,5,367,0,8,0,0,4,0,0,0,0,,,,2,0,0,0,0,4,0,0,0,0,0,0,6,0,0.0,4,4,9,25,6,0,0,0,11,4,7,63.64,0.0,0,0,0,104,131,0,,,,,6
251845,Pedro Pinto,pedro-pinto,148072,Atlético Petróleos de Luanda,6.8,40.8,6,0,0,0,0,,0,329,62,391,84.14,224,105,23,0,2,100.0,3,5,1,0,0,0,0.0,3,0,2,5,45.45,15,65.22,20,58.82,540,0.0,0,0,0,0,0,0,0,0,3,0,0,0,0,34,53.13,18,0,0,0,65,0,48,24,435,0,5,0,0,1,0,1,0,0,,,,2,0,0,0,0,5,0,0,0,0,0,0,6,0,0.0,0,2,0,14,8,0,0,0,64,5,3,100.0,0.0,0,0,0,250,141,0,,,,,6
1469427,Khaled Bouhakak,khaled-bouhakak,42202,JS Kabylie,6.8,54.4,8,0,0,0,0,,0,230,43,273,84.25,203,27,5,0,1,100.0,9,6,1,0,0,0,0.0,0,0,0,15,78.95,13,72.22,28,75.68,690,0.0,0,0,0,0,0,0,0,0,0,0,0,0,0,12,37.5,21,0,0,0,44,0,21,7,331,5,1,0,0,3,0,0,0,0,,,,2,0,0,0,0,4,3,0,0,0,0,0,8,0,0.0,0,1,0,9,5,0,0,0,32,7,8,88.89,0.0,0,0,0,220,53,0,,,,,8
822446,Marcelo Allende,marcelo-allende,7665,Mamelodi Sundowns,6.79,47.5,7,1,1,0,0,,1,303,55,358,84.64,131,176,79,8,0,0.0,7,4,1,1,1,4,33.33,9,3,3,17,41.46,3,50.0,20,42.55,508,11.11,0,0,0,0,3,0,0,1,3,6,0,0,1,10,52.63,2,0,0,10,88,4,19,9,450,10,6,0,0,8,0,3,0,0,,,,0,0,0,0,0,5,1,0,0,0,0,0,6,0,0.0,8,1,12,27,3,0,0,0,19,6,5,71.43,508.0,0,0,0,139,231,1,,,,,7
918914,Mohamed Magdy Afsha,mohamed-magdy-afsha,6910,Al Ahly FC,6.79,47.5,7,0,1,0,1,,1,169,32,201,84.08,61,110,48,5,5,62.5,2,1,0,0,0,2,15.38,7,0,5,10,45.45,0,0.0,10,40.0,322,0.0,0,0,0,0,0,0,0,0,1,6,0,0,0,17,80.95,0,0,0,2,58,4,19,10,255,3,2,0,0,5,0,2,0,0,,,,1,0,0,0,0,3,0,0,0,0,0,0,3,0,0.0,5,8,13,15,3,0,0,0,21,3,1,50.0,0.0,0,0,0,68,146,0,,,,,7
933046,Seyei Sebe Baffour,seyei-sebe-baffour,134322,Horoya,6.78,33.9,5,0,2,0,0,,0,96,13,109,88.07,43,55,26,4,3,50.0,1,2,0,0,0,2,28.57,3,1,2,11,42.31,0,0.0,11,35.48,240,0.0,0,0,0,0,1,0,0,0,1,2,0,0,0,7,63.64,1,0,0,1,29,0,7,4,154,7,8,0,0,3,0,0,0,0,,,,0,0,0,0,0,1,2,0,0,0,0,0,3,0,0.0,4,6,7,20,5,0,0,0,11,3,0,0.0,0.0,0,0,0,50,66,0,,,,,5
1469428,Mohamed Guemroud,mohamed-guemroud,42202,JS Kabylie,6.78,33.9,5,0,0,0,0,,0,87,24,111,78.38,48,41,15,1,2,66.67,9,7,0,0,0,2,25.0,0,0,0,16,69.57,5,62.5,21,67.74,293,0.0,0,0,0,0,0,0,0,0,0,0,0,0,0,3,18.75,7,0,0,1,45,1,10,3,203,5,1,0,0,5,0,0,0,0,,,,1,0,0,0,0,2,2,0,0,0,0,0,3,0,0.0,1,3,8,10,3,0,0,0,16,4,5,55.56,0.0,0,0,0,60,59,0,,,,,5
1140818,Abdessamad Badaoui,abdessamad-badaoui,41757,Raja Club Athletic,6.78,27.1,4,0,0,0,0,,0,109,25,134,81.34,52,58,29,2,4,57.14,5,5,0,0,0,1,33.33,1,0,1,10,52.63,3,60.0,13,54.17,285,0.0,0,0,0,0,0,0,0,0,0,1,0,0,0,3,21.43,6,0,0,1,37,1,6,2,200,1,2,0,0,3,0,0,0,0,,,,1,0,0,0,0,0,1,0,0,0,0,0,3,0,0.0,2,7,3,11,2,0,0,0,14,1,4,80.0,0.0,0,0,0,59,78,0,,,,,4
880105,Aymane El Hassouni,aymane-el-hassouni,36268,Wydad Casablanca,6.77,67.7,10,0,0,1,0,,0,249,34,283,87.99,132,118,52,2,9,47.37,20,4,1,0,0,1,20.0,13,0,8,56,52.83,6,42.86,62,51.67,776,0.0,0,0,0,0,0,0,0,0,8,5,0,0,0,11,73.33,3,0,0,15,84,6,9,6,444,27,16,0,0,9,0,5,0,0,,,,1,0,0,0,0,4,0,0,0,0,0,0,10,0,0.0,2,19,5,58,8,0,0,0,15,4,11,55.0,0.0,0,0,0,140,148,0,,,,,11
880019,Mohamed Abdelrahman,mohamed-abdelrahman,69322,Al-Hilal Omdurman,6.77,40.6,6,1,1,1,1,,2,65,20,85,76.47,30,35,16,4,4,57.14,4,0,0,0,0,0,0.0,8,2,4,14,42.42,4,30.77,18,39.13,456,12.5,0,0,0,0,0,0,1,0,7,1,0,0,1,3,60.0,1,0,0,8,37,3,1,0,135,6,8,0,0,1,6,2,0,0,,,,1,0,0,0,0,5,0,0,0,0,0,0,6,0,0.0,4,7,0,28,9,0,0,0,5,5,3,75.0,456.0,0,0,0,34,51,0,,,,,6
972811,Houcine Benayada,houcine-benayada,36268,Wydad Casablanca,6.77,20.3,3,0,1,0,0,,0,63,19,82,76.83,25,40,21,2,1,100.0,3,3,0,0,0,2,18.18,0,0,0,4,66.67,3,75.0,7,70.0,191,0.0,0,0,0,0,0,0,0,0,0,0,0,0,0,4,44.44,6,0,0,1,33,1,11,8,131,0,1,0,0,0,0,0,0,0,,,,0,0,0,0,0,1,0,0,0,0,0,0,2,0,0.0,2,1,11,3,1,0,0,0,9,1,2,66.67,0.0,0,0,0,29,64,0,,,,,3
1008599,Abdelilah Madkour,abdelilah-madkour,41757,Raja Club Athletic,6.77,20.3,3,0,0,0,0,,0,69,37,106,65.09,36,34,13,1,0,0.0,4,3,0,0,0,1,12.5,0,0,0,5,55.56,2,100.0,7,63.64,225,0.0,0,0,0,0,0,0,0,0,0,0,0,0,0,3,20.0,3,0,0,1,52,2,6,2,165,1,1,0,0,1,1,0,0,0,,,,1,0,0,0,0,1,0,0,0,0,0,0,3,0,0.0,1,1,8,4,0,0,0,0,15,1,4,100.0,0.0,0,0,0,50,64,0,,,,,3
941597,Abderrahmane Bourdim,abderrahmane-bourdim,42207,CR Belouizdad,6.77,20.3,3,0,0,0,0,,0,20,7,27,74.07,9,12,5,3,0,0.0,3,0,0,0,0,1,33.33,2,1,0,3,60.0,0,0.0,3,50.0,50,0.0,0,0,0,0,2,0,0,0,0,2,0,0,0,1,33.33,0,0,0,2,11,1,7,3,40,0,0,0,0,0,1,1,0,0,,,,0,0,0,0,0,0,0,0,0,0,0,0,0,0,0.0,3,0,3,3,1,0,0,0,3,0,2,66.67,0.0,0,0,0,9,21,0,,,,,3
855858,Hicham Boussefiane,hicham-boussefiane,36268,Wydad Casablanca,6.76,54.1,8,0,1,0,0,,0,92,30,122,75.41,27,69,36,12,15,55.56,8,4,1,0,0,4,21.05,3,1,0,35,55.56,2,66.67,37,56.06,453,0.0,0,0,0,0,0,0,0,0,3,0,0,0,0,3,33.33,0,0,0,7,86,3,6,2,244,12,3,0,0,7,4,2,0,0,,,,1,0,0,0,0,2,0,0,0,0,0,0,6,0,0.0,12,27,19,29,1,0,0,0,9,2,7,87.5,0.0,0,0,0,29,112,0,,,,,8
921022,Neo Maema,maema-neo,7665,Mamelodi Sundowns,6.76,60.8,9,1,1,0,1,,2,306,57,363,84.3,118,189,91,8,17,73.91,12,2,0,1,1,1,25.0,10,3,5,40,48.78,0,0.0,40,47.06,620,10.0,0,0,0,0,0,0,1,0,4,6,0,0,1,12,66.67,0,0,0,14,105,4,26,14,487,11,9,0,0,14,1,2,0,0,,,,1,0,0,0,0,7,1,0,0,0,0,0,8,0,0.0,8,23,4,45,3,0,0,0,18,8,5,41.67,620.0,0,0,0,125,242,0,,,,,9
789643,Haashim Domingo,haashim-domingo,7665,Mamelodi Sundowns,6.75,13.5,2,0,1,0,1,,1,25,8,33,75.76,13,12,7,2,0,0.0,0,0,0,0,0,0,0.0,1,1,0,0,0.0,1,33.33,1,20.0,102,0.0,0,0,0,0,0,0,0,0,1,0,0,0,0,1,50.0,0,0,0,0,12,1,1,0,39,0,1,0,0,1,1,0,0,0,,,,0,0,0,0,0,1,0,0,0,0,0,0,1,0,0.0,2,1,0,4,2,0,0,0,2,1,0,0.0,0.0,0,0,0,14,19,0,,,,,2
1125405,Denis Kibu,denis-kibu,212409,Simba SC,6.75,40.5,6,0,2,0,1,,1,67,33,100,67.0,19,48,25,6,3,37.5,5,2,2,0,0,0,0.0,13,4,4,22,42.31,16,45.71,38,43.68,422,0.0,0,0,0,0,0,0,0,0,8,5,0,0,0,1,33.33,2,0,0,9,69,2,3,1,200,14,14,0,0,2,1,5,0,0,,,,1,0,0,0,0,3,0,0,0,0,0,0,5,0,0.0,6,8,1,49,19,0,0,0,3,3,5,100.0,0.0,0,0,0,28,73,0,,,,,6
975847,Lyes Benyoucef,lyes-benyoucef,42202,JS Kabylie,6.75,13.5,2,0,0,0,0,,0,54,16,70,77.14,36,18,9,0,1,20.0,7,0,0,0,0,0,0.0,2,0,2,14,50.0,0,0.0,14,48.28,180,0.0,0,0,0,0,0,0,0,0,1,1,0,0,0,2,25.0,3,0,0,2,29,1,5,2,109,6,4,0,0,4,0,0,0,0,,,,2,0,0,0,0,0,0,0,0,0,0,0,2,0,0.0,0,5,3,15,1,0,0,0,8,0,6,85.71,0.0,0,0,0,40,33,0,,,,,2
1470633,Philippe Banen,philippe-banen,42575,Coton Sport de Garoua,6.75,13.5,2,0,0,0,0,,0,13,4,17,76.47,7,7,4,1,0,0.0,1,1,0,0,0,1,25.0,3,2,1,2,33.33,0,0.0,2,22.22,96,0.0,0,0,0,0,0,0,0,0,1,2,0,0,0,0,0.0,1,0,0,1,13,1,3,1,41,1,0,0,0,2,0,0,0,0,,,,0,0,0,0,0,1,0,0,0,0,0,0,1,0,0.0,1,1,4,7,3,0,0,0,0,1,1,100.0,0.0,0,0,0,8,13,0,,,,,3
59783,Hugo Marques,hugo-marques,148072,Atlético Petróleos de Luanda,6.75,40.5,6,0,0,0,0,,0,98,37,135,72.59,78,20,4,0,0,0.0,0,0,0,0,0,0,0.0,0,0,0,0,0.0,1,50.0,1,33.33,540,0.0,0,0,0,0,0,0,0,0,0,0,0,0,0,42,53.16,0,0,0,0,38,0,26,20,180,0,0,0,0,1,0,0,0,11,,,,2,1,0,5,6,5,0,0,0,0,5,0,6,0,0.0,0,0,0,2,1,0,0,0,79,5,0,0.0,0.0,0,0,2,88,47,0,,,,,6
190411,Reda Jaadi,reda-jaadi,36268,Wydad Casablanca,6.75,40.5,6,0,1,0,0,,0,131,36,167,78.44,79,53,30,3,5,100.0,9,6,0,0,0,1,25.0,1,1,0,16,51.61,0,0.0,16,50.0,304,0.0,0,0,0,0,0,0,0,0,1,0,0,0,0,15,55.56,4,0,0,4,46,0,31,9,214,2,6,0,0,5,0,0,0,0,,,,0,0,0,0,0,2,1,0,0,0,0,0,4,0,0.0,3,5,4,16,1,0,0,0,27,3,4,44.44,0.0,0,0,0,87,84,1,,,,,6
1416343,Hilary Mukundane,hilary-mukundane,203350,Vipers SC,6.75,40.5,6,0,0,0,0,,0,169,72,241,70.12,119,50,18,0,0,0.0,8,11,0,0,0,0,0.0,5,0,4,10,43.48,17,65.38,27,55.1,540,0.0,0,0,0,0,0,0,0,0,5,0,0,0,0,40,45.98,29,0,0,1,85,0,65,29,333,3,6,0,0,7,0,1,0,0,,,,1,0,0,0,0,9,1,0,0,0,0,0,6,0,0.0,0,0,1,22,9,0,0,0,87,10,5,62.5,0.0,0,0,0,143,99,0,,,,,6
918996,Seifeddine Jaziri,seifeddine-jaziri,42368,Zamalek SC,6.74,33.7,5,1,0,1,0,,1,54,23,77,70.13,14,40,17,2,2,33.33,1,1,1,0,0,0,0.0,13,5,4,14,35.0,14,37.84,28,36.36,431,7.69,0,0,1,0,0,0,1,0,9,4,1,0,0,2,50.0,5,0,0,10,55,2,2,1,155,11,9,0,0,4,1,4,0,0,,,,1,0,0,0,0,4,0,0,0,0,0,0,5,0,0.0,2,6,0,49,23,0,0,0,4,4,1,100.0,431.0,0,0,0,19,58,0,,,,,5
831422,Moses Phiri,phiri-moses,212409,Simba SC,6.74,33.7,5,0,2,0,2,,2,54,10,64,84.38,17,38,21,3,3,60.0,0,0,1,0,0,1,100.0,5,2,1,6,42.86,2,33.33,8,40.0,189,0.0,0,0,0,0,0,0,0,0,3,2,0,0,0,0,0.0,0,0,0,2,19,2,1,1,94,3,2,1,0,2,0,2,0,0,,,,0,0,0,0,0,2,0,0,0,0,0,0,2,0,0.0,3,5,1,12,4,0,0,0,0,2,0,0.0,0.0,0,0,0,20,45,0,,,,,6
1000492,Aimen Bouguerra,aimen-bouguerra,42207,CR Belouizdad,6.74,33.7,5,0,0,0,0,,0,85,30,115,73.91,37,52,25,3,4,50.0,5,5,0,0,0,4,33.33,5,0,4,10,45.45,4,66.67,14,50.0,305,0.0,0,0,0,0,3,0,0,0,0,5,0,0,0,8,47.06,4,0,0,4,54,1,8,4,213,1,2,0,0,2,1,1,0,0,,,,2,0,0,0,0,2,0,0,0,0,0,0,2,0,0.0,3,8,12,14,2,0,0,0,17,2,2,40.0,0.0,0,0,0,51,76,0,,,,,5
1457614,Siraje Sentamu,siraje-sentamu,203350,Vipers SC,6.74,33.7,5,0,0,0,0,,0,132,36,168,78.57,79,53,23,2,3,75.0,11,5,1,0,0,0,0.0,0,0,0,17,47.22,7,50.0,24,48.0,427,0.0,0,0,0,0,0,0,0,0,0,0,0,0,0,11,57.89,10,0,0,3,47,1,15,7,226,3,12,0,0,3,0,0,0,0,,,,1,0,0,0,0,6,1,0,0,0,0,0,5,0,0.0,2,4,1,26,7,0,0,0,19,7,10,90.91,0.0,0,0,0,94,75,0,,,,,5
1218067,Massinissa Nait Salem,massinissa-nait-salem,42202,JS Kabylie,6.73,20.2,3,1,0,1,0,,1,16,9,25,64.0,5,11,10,2,2,50.0,1,1,0,0,0,0,0.0,3,1,2,3,42.86,2,40.0,5,41.67,126,33.33,0,0,0,0,0,0,1,0,3,0,0,0,1,0,0.0,3,0,0,1,15,1,0,0,46,0,0,0,0,1,0,0,0,0,,,,0,0,0,0,0,1,0,0,0,0,0,0,1,0,0.0,2,4,0,7,3,0,0,0,0,1,0,0.0,126.0,0,0,0,7,18,0,,,,,3
329599,Brayan Angulo,brayan-angulo,69320,Al-Merrikh Khartoum Club,6.73,40.4,6,0,0,0,0,,0,167,52,219,76.26,50,122,71,10,14,53.85,6,1,1,0,0,5,26.32,3,2,0,25,45.45,0,0.0,25,43.86,427,0.0,0,0,0,0,1,0,0,0,0,3,0,0,0,8,66.67,0,0,0,9,102,3,19,9,316,5,0,0,0,9,0,1,0,0,,,,0,0,0,0,0,3,1,0,0,0,0,0,4,0,0.0,10,26,19,32,2,0,0,0,12,4,3,50.0,0.0,0,0,0,62,176,1,,,,,6
1472935,Mostapha Alili,mostapha-alili,42202,JS Kabylie,6.73,40.4,6,0,0,0,0,,0,127,44,171,74.27,52,75,38,5,6,37.5,9,7,0,0,0,0,0.0,9,4,2,19,45.24,1,16.67,20,41.67,351,0.0,0,0,0,0,0,0,0,0,5,4,0,0,0,7,50.0,4,0,0,7,84,3,16,10,263,4,2,0,0,4,0,3,0,0,,,,0,0,0,0,0,1,3,0,0,0,0,0,4,0,0.0,5,16,3,28,5,0,0,0,14,4,6,66.67,0.0,0,0,0,59,115,0,,,,,6
933058,Mohamed Islam Bakir,mohamed-islam-bakir,42207,CR Belouizdad,6.73,47.1,7,0,0,1,0,,0,92,26,118,77.97,33,62,30,5,7,63.64,4,1,0,0,0,3,21.43,5,2,2,16,61.54,1,33.33,17,58.62,314,0.0,0,0,0,0,0,0,0,0,1,4,0,0,0,4,66.67,0,0,0,5,50,2,9,3,173,5,0,0,0,1,0,1,0,0,,,,0,0,0,0,0,2,0,0,0,0,0,0,4,0,0.0,5,11,14,12,2,0,0,0,6,2,4,100.0,0.0,0,0,0,40,92,0,,,,,7
1389847,Lamine Jarjou,lamine-jarjou,69322,Al-Hilal Omdurman,6.73,26.9,4,0,1,0,0,,0,51,19,70,72.86,17,36,17,4,7,58.33,3,3,0,0,0,2,22.22,1,0,0,18,52.94,2,33.33,20,50.0,236,0.0,0,0,0,0,0,0,0,0,1,0,0,0,0,3,75.0,1,0,0,8,54,4,3,1,141,8,2,0,0,1,0,1,0,0,,,,0,0,0,0,0,1,0,0,0,0,0,0,3,0,0.0,4,12,9,20,4,0,0,0,4,1,3,100.0,0.0,0,0,0,20,59,0,,,,,4
1183568,Patient Wassou,patient-wassou,42575,Coton Sport de Garoua,6.72,33.6,5,2,0,0,0,,2,50,17,67,74.63,16,41,21,5,3,33.33,2,1,2,0,0,7,46.67,7,4,1,15,36.59,4,40.0,19,37.25,390,28.57,0,0,0,0,1,0,2,0,6,1,0,0,2,2,50.0,0,0,0,9,53,3,3,2,148,10,7,0,0,4,1,2,0,0,,,,0,0,0,0,0,7,3,0,0,0,0,0,4,0,0.0,5,9,15,32,6,0,0,0,4,10,1,50.0,195.0,0,0,0,19,63,0,,,,,5
1472932,Ayawo Soglongbe,ayawo-soglongbe,134278,AS Vita Club,6.72,33.6,5,0,0,0,0,,0,97,29,126,76.98,58,39,16,2,1,50.0,7,6,0,0,0,0,0.0,1,0,1,15,51.72,1,33.33,16,50.0,450,0.0,0,0,0,0,0,0,0,0,1,0,0,0,0,9,32.14,6,0,0,5,62,0,12,5,229,7,8,0,0,2,1,0,0,0,,,,2,0,0,0,0,3,1,0,0,0,0,0,5,0,0.0,2,2,6,16,2,0,0,0,28,4,5,71.43,0.0,0,0,0,66,66,0,,,,,5
919694,Jalal Daoudi,daoudi-jalal,36268,Wydad Casablanca,6.72,73.9,11,0,3,0,1,,1,301,74,375,80.27,144,165,72,15,4,44.44,13,8,2,0,0,8,26.67,7,2,2,30,36.59,12,66.67,42,42.0,746,0.0,0,0,0,0,3,0,0,0,3,4,0,0,0,37,56.06,13,0,0,9,124,0,56,29,508,13,27,0,0,12,0,3,0,0,,,,1,0,0,0,0,6,0,0,0,0,0,0,9,0,0.0,15,9,30,58,6,0,0,0,66,6,7,53.85,0.0,0,0,0,162,243,0,,,,,11
1171316,Fode Camara,fode-camara,134322,Horoya,6.72,40.3,6,0,0,0,0,,0,198,46,244,81.15,98,100,44,6,4,57.14,7,7,1,0,0,0,0.0,5,0,3,25,56.82,4,44.44,29,54.72,476,0.0,0,0,0,0,0,0,0,0,1,4,0,0,0,16,51.61,5,0,1,2,59,3,14,7,311,14,9,0,0,5,0,2,0,0,,,,3,0,0,0,0,5,3,0,0,0,0,0,6,0,0.0,6,7,0,24,5,0,0,0,31,8,4,57.14,0.0,0,0,0,110,134,0,,,,,6
1008598,Mohamed Zrida,mohamed-zrida,41757,Raja Club Athletic,6.71,47.0,7,1,1,5,1,,2,247,42,289,85.47,108,140,63,4,13,48.15,18,10,1,0,0,1,16.67,16,6,7,48,49.48,3,30.0,51,47.66,560,6.25,1,0,0,0,0,0,1,0,9,7,0,0,1,10,50.0,3,0,0,8,81,5,17,9,437,17,13,0,0,15,0,3,0,0,,,,0,0,0,0,0,2,1,0,0,0,0,0,7,0,0.0,4,27,6,56,7,1,0,0,20,3,13,72.22,560.0,0,0,0,122,173,0,,,,,7
1168590,Abdellah Haimoud,abdellah-haimoud,36268,Wydad Casablanca,6.71,67.1,10,0,0,0,0,,0,174,36,210,82.86,84,91,41,4,8,66.67,15,5,1,0,0,1,25.0,3,1,0,31,50.82,6,54.55,37,51.39,432,0.0,0,0,0,0,0,0,0,0,2,1,0,0,0,14,66.67,5,0,0,9,58,3,11,7,296,8,11,1,0,8,3,2,0,0,,,,1,0,0,0,0,2,1,0,0,0,0,0,3,0,0.0,4,12,4,35,5,0,0,0,21,3,9,60.0,0.0,0,0,0,95,119,0,,,,,10
1018588,Ahmed Kendouci,ahmed-kendouci,6910,Al Ahly FC,6.7,26.8,4,1,0,0,1,,2,60,16,76,78.95,20,40,18,1,3,60.0,5,0,0,0,0,0,0.0,2,1,0,8,61.54,1,100.0,9,64.29,174,50.0,0,0,0,0,0,0,1,0,2,0,1,0,0,2,33.33,0,0,0,2,27,1,3,1,105,0,1,0,0,1,0,1,0,0,,,,1,0,0,0,0,1,2,0,0,0,0,0,2,0,0.0,1,5,1,5,0,0,0,0,6,3,1,20.0,174.0,0,0,0,25,52,0,,,,,4
1104515,Al-Gozoli Nooh,al-gozoli-nooh,69320,Al-Merrikh Khartoum Club,6.7,33.5,5,1,1,0,0,,1,53,10,63,84.13,13,40,25,8,9,50.0,1,0,0,0,0,0,0.0,8,2,5,19,36.54,5,29.41,24,34.78,308,12.5,0,0,0,0,0,0,1,0,3,5,0,0,1,2,50.0,1,0,0,10,46,4,5,4,139,9,12,0,0,3,3,1,0,0,,,,1,0,0,0,0,3,1,0,0,0,0,0,3,0,0.0,8,18,1,45,12,0,0,0,4,4,0,0.0,308.0,0,0,0,14,50,0,,,,,5
845600,Miloud Rebiai,miloud-rebiai,42207,CR Belouizdad,6.7,40.2,6,1,0,0,0,,1,72,22,94,76.6,45,27,13,0,1,25.0,6,8,1,0,0,0,0.0,3,1,2,12,44.44,8,80.0,20,54.05,274,33.33,0,0,0,0,0,0,1,0,2,1,1,0,0,4,36.36,3,0,0,4,35,0,10,6,145,5,4,0,0,4,0,0,0,0,,,,0,0,0,0,0,5,0,0,0,0,0,0,3,0,0.0,0,4,2,17,2,0,0,0,11,5,5,83.33,274.0,0,0,0,53,43,0,,,,,6
1107608,Djawal Kaiba,djawal-kaiba,42575,Coton Sport de Garoua,6.7,20.1,3,0,0,0,2,,2,56,35,91,61.54,24,32,20,3,9,81.82,3,4,2,0,0,0,0.0,5,1,0,13,43.33,5,71.43,18,48.65,269,0.0,0,0,0,0,0,0,0,0,2,3,0,0,0,6,33.33,9,0,0,4,47,3,20,6,144,1,9,0,0,3,0,4,0,0,,,,0,0,0,0,0,5,3,0,0,0,0,0,3,0,0.0,3,11,1,19,2,0,0,0,18,8,1,33.33,0.0,0,0,0,31,61,0,,,,,3
230336,Reyaad Pieterse,reyaad-pieterse,7665,Mamelodi Sundowns,6.7,6.7,1,0,0,0,0,,0,32,2,34,94.12,31,1,0,0,0,0.0,0,0,0,0,0,0,0.0,0,0,0,0,0.0,0,0.0,0,0.0,90,0.0,0,0,0,0,0,0,0,0,0,0,0,0,0,4,66.67,0,0,0,0,2,0,1,0,43,0,0,0,0,0,0,0,0,3,,,,0,0,0,0,3,1,0,0,0,0,0,0,1,0,0.0,0,0,0,0,0,0,0,0,6,1,0,0.0,0.0,0,0,1,33,1,0,,,,,1
1479049,Norberto,norberto,134278,AS Vita Club,6.7,6.7,1,0,0,0,0,,0,23,5,28,82.14,14,9,4,0,0,0.0,1,1,0,0,0,0,0.0,0,0,0,2,66.67,0,0.0,2,66.67,75,0.0,0,0,0,0,0,0,0,0,0,0,0,0,0,2,100.0,1,0,0,1,6,1,4,1,36,1,0,0,0,0,0,0,0,0,,,,0,0,0,0,0,0,1,0,0,0,0,0,1,0,0.0,0,0,0,1,0,0,0,0,2,1,0,0.0,0.0,0,0,0,15,13,0,,,,,1
990622,Yasir Mozamil,yasir-mozamil,69322,Al-Hilal Omdurman,6.7,33.5,5,0,0,0,0,,0,20,18,38,52.63,4,16,12,4,4,57.14,3,1,1,0,0,0,0.0,1,0,1,13,52.0,5,71.43,18,56.25,168,0.0,0,0,1,0,0,0,0,0,1,0,0,0,0,0,0.0,2,0,0,2,29,3,4,3,72,6,2,0,0,5,3,0,0,0,,,,0,0,0,0,0,3,0,0,0,0,0,0,1,0,0.0,4,7,2,14,2,0,0,0,3,3,2,66.67,0.0,0,0,0,10,30,0,,,,,5
203258,Alex Soares,alex-soares,148072,Atlético Petróleos de Luanda,6.7,33.5,5,0,0,1,0,,0,63,16,79,79.75,26,37,20,2,3,100.0,4,0,1,0,0,0,0.0,4,2,2,10,76.92,1,33.33,11,68.75,144,0.0,0,0,0,0,0,0,0,0,0,4,0,0,0,8,66.67,1,0,0,1,24,3,7,5,104,3,2,0,0,0,0,0,0,0,,,,0,0,0,0,0,3,0,0,0,0,0,0,1,0,0.0,2,3,0,5,2,0,0,0,12,3,3,75.0,0.0,0,0,0,30,49,0,,,,,5
1469338,Alfred Mudekereza,alfred-mudekereza,203350,Vipers SC,6.7,33.5,5,0,0,0,0,,0,61,42,103,59.22,48,13,5,0,1,100.0,0,0,0,0,0,0,0.0,0,0,0,3,75.0,0,0.0,3,75.0,450,0.0,0,0,0,0,0,0,0,0,0,0,0,0,0,20,32.26,5,2,1,0,44,0,19,4,155,1,0,0,0,1,0,0,0,19,,,,1,0,0,12,7,7,1,1,1,1,3,0,5,0,0.0,0,1,0,1,0,0,0,0,62,8,0,0.0,0.0,0,0,7,59,44,1,,,,,5
1435399,Gilberto,gilberto,148072,Atlético Petróleos de Luanda,6.7,40.2,6,0,1,3,0,,0,87,20,107,81.31,15,73,43,6,11,61.11,5,1,1,0,0,1,10.0,13,4,7,27,48.21,6,40.0,33,46.48,382,0.0,0,0,0,0,0,0,0,0,13,0,0,0,0,3,100.0,0,0,0,10,64,7,5,2,206,11,11,0,0,1,3,2,0,0,,,,0,0,0,0,0,3,0,0,0,0,0,0,4,0,0.0,6,18,10,38,9,0,0,0,3,3,2,40.0,0.0,0,0,0,16,101,0,,,,,6
845079,Mothobi Mvala,mothobi-mvala,7665,Mamelodi Sundowns,6.69,60.2,9,0,1,0,1,,1,371,74,445,83.37,289,82,17,1,1,100.0,10,11,1,0,0,0,0.0,4,0,3,12,36.36,27,72.97,39,55.71,810,0.0,0,0,0,1,0,0,0,0,3,1,0,0,0,16,32.65,46,0,1,0,78,0,36,16,539,1,12,0,1,9,1,1,0,0,,,,2,0,0,0,0,9,1,0,0,0,0,0,9,0,0.0,1,1,0,31,10,0,0,0,49,10,7,70.0,0.0,0,0,0,328,117,0,,,,,9
1008326,Anayo Iwuala,anayo-iwuala,42207,CR Belouizdad,6.69,53.5,8,0,1,2,1,,1,100,35,135,74.07,26,76,40,11,20,46.51,10,2,0,0,0,2,22.22,13,4,6,58,47.54,3,42.86,61,47.29,685,0.0,0,0,0,0,0,0,0,0,10,3,0,0,0,2,28.57,2,0,0,20,109,6,12,5,314,28,13,0,0,8,3,3,0,0,,,,0,0,0,0,0,7,1,0,0,0,0,0,8,0,0.0,11,43,9,68,4,0,0,0,7,8,6,60.0,0.0,0,0,0,30,114,0,,,,,8
359290,Zouhair El Moutaraji,zouhair-el-moutaraji,36268,Wydad Casablanca,6.69,46.8,7,1,0,1,0,,1,43,12,55,78.18,18,26,14,1,4,44.44,2,1,1,0,0,1,100.0,8,4,2,10,45.45,0,0.0,10,43.48,274,12.5,0,0,0,0,1,1,0,1,4,4,0,0,1,5,83.33,1,0,0,3,29,1,5,4,99,4,4,0,0,1,0,2,0,0,,,,0,0,0,0,0,3,1,0,0,0,0,0,2,0,100.0,1,9,1,13,1,0,0,0,6,4,2,100.0,274.0,0,0,0,21,35,0,,,,,7
308912,Abdelilah Hafidi,abdelilah-hafidi,41757,Raja Club Athletic,6.69,46.8,7,0,0,1,0,,0,142,42,184,77.17,34,114,74,9,5,55.56,0,1,0,0,0,6,33.33,7,1,5,10,35.71,0,0.0,10,32.26,287,0.0,0,0,0,0,0,0,0,0,5,2,0,0,0,19,67.86,0,0,0,9,75,6,30,16,254,5,4,1,0,1,1,1,0,0,,,,0,0,0,0,0,2,1,0,0,0,0,0,3,0,0.0,9,9,18,21,3,0,0,0,28,3,0,0.0,0.0,0,0,0,38,164,0,,,,,8
881033,Daouda Camara,daouda-camara,134322,Horoya,6.68,40.1,6,0,0,1,0,,0,79,23,102,77.45,30,49,26,3,8,88.89,5,2,0,0,0,0,0.0,3,1,2,20,66.67,3,37.5,23,60.53,348,0.0,0,0,0,0,0,0,0,0,2,1,0,0,0,1,33.33,0,0,0,5,47,3,2,0,156,7,5,1,0,1,1,0,0,0,,,,0,0,0,0,0,4,3,0,0,0,0,0,5,0,0.0,3,9,6,15,5,0,0,0,3,7,2,40.0,0.0,0,0,0,38,70,0,,,,,6
933780,Aliou Dieng,aliou-dieng,6910,Al Ahly FC,6.68,73.5,11,0,0,0,0,,0,429,77,506,84.78,216,213,74,4,9,56.25,17,12,2,0,0,0,0.0,3,0,2,30,44.12,5,50.0,35,44.87,891,0.0,0,0,0,1,0,0,0,0,0,3,0,0,0,25,51.02,2,0,0,4,107,0,27,11,618,4,21,0,0,7,0,1,0,0,,,,3,0,0,0,0,6,4,0,0,0,0,0,10,0,0.0,4,16,3,43,5,0,0,0,49,10,10,58.82,0.0,0,0,0,237,272,0,,,,,11
935698,Seif Farouk Gaafar,seif-farouk-gaafar,42368,Zamalek SC,6.68,33.4,5,1,0,0,0,,1,50,28,78,64.1,22,28,16,0,3,60.0,6,7,1,0,0,0,0.0,4,2,1,16,50.0,2,66.67,18,51.43,264,25.0,0,0,0,0,0,0,1,0,2,2,0,0,1,3,30.0,4,0,0,2,36,1,7,2,119,7,7,1,0,6,0,1,0,0,,,,0,0,0,0,0,7,0,0,0,0,0,0,3,0,0.0,0,5,0,17,1,0,0,0,10,7,4,66.67,264.0,0,0,0,28,50,0,,,,,5
373582,Junior Yunus Sentamu,sentamu-junior-yunus,203350,Vipers SC,6.68,33.4,5,0,0,0,0,,0,99,41,140,70.71,35,66,41,6,10,52.63,5,2,1,0,0,2,33.33,8,0,6,23,46.94,7,53.85,30,48.39,400,0.0,0,0,0,0,0,0,0,0,4,4,0,0,0,10,62.5,0,0,0,9,81,0,10,8,229,8,6,0,0,4,5,2,0,0,,,,0,0,0,0,0,5,0,0,0,0,0,0,4,0,0.0,6,19,6,32,6,0,0,0,16,5,3,60.0,0.0,0,0,0,42,104,0,,,,,5
789709,Gleison Moreira,gleison-moreira,148072,Atlético Petróleos de Luanda,6.68,33.4,5,0,1,0,0,,0,64,12,76,84.21,15,51,33,5,6,50.0,8,1,0,0,0,2,18.18,5,1,3,17,51.52,0,0.0,17,48.57,155,0.0,0,0,0,0,2,0,0,0,2,3,0,0,0,0,0.0,0,0,0,5,41,1,4,1,137,3,1,1,0,4,0,1,0,0,,,,0,0,0,0,0,2,0,0,0,0,0,0,1,0,0.0,5,12,11,18,2,0,0,0,3,2,3,37.5,0.0,0,0,0,16,71,0,,,,,5
1469339,Olivier Osomba,olivier-osomba,203350,Vipers SC,6.68,33.4,5,0,0,0,0,,0,117,30,147,79.59,60,57,29,5,5,83.33,6,4,0,0,0,0,0.0,7,0,7,12,41.38,2,50.0,14,42.42,386,0.0,0,0,0,0,0,0,0,0,3,4,0,0,0,9,56.25,1,0,1,2,40,3,13,7,189,1,10,0,0,5,0,0,0,0,,,,0,0,0,0,0,6,0,0,0,0,0,0,4,0,0.0,5,6,1,19,2,0,0,0,16,6,5,83.33,0.0,0,0,0,68,80,0,,,,,5
879630,Fousseny Coulibaly,fousseny-coulibaly,59628,Espérance Sportive De Tunis,6.68,60.1,9,0,0,0,0,,0,299,40,339,88.2,188,111,28,2,7,50.0,16,12,1,0,0,0,0.0,0,0,0,30,44.78,10,71.43,40,49.38,711,0.0,0,0,0,0,0,0,0,0,0,0,0,0,0,9,52.94,17,0,0,3,56,2,6,3,431,7,20,0,0,7,0,0,0,0,,,,2,0,0,0,0,9,0,0,0,0,0,0,8,0,0.0,2,14,0,41,4,0,0,0,17,9,10,62.5,0.0,0,0,0,204,135,0,,,,,9
1018540,Dadi El Hocine Mouaki,dadi-el-hocine-mouaki,42202,JS Kabylie,6.68,53.4,8,1,1,3,0,,1,69,21,90,76.67,29,41,27,5,10,55.56,6,2,1,0,0,1,12.5,13,6,4,24,41.38,7,30.43,31,38.27,524,7.69,0,0,0,0,1,0,1,0,9,4,0,0,1,1,20.0,2,0,0,17,81,2,2,0,216,8,3,0,0,6,6,3,0,0,,,,1,0,0,0,0,3,3,0,0,0,0,0,5,0,0.0,5,18,8,50,16,0,0,0,5,6,3,50.0,524.0,0,0,0,37,61,0,,,,,8
1469430,Sofiane Yacine Guenina,sofiane-yacine-guenina,42202,JS Kabylie,6.68,53.4,8,0,2,0,1,,1,112,41,153,73.2,49,66,24,9,11,50.0,11,0,1,0,0,3,16.67,4,2,2,31,44.29,0,0.0,31,42.47,505,0.0,0,0,0,0,0,0,0,0,1,3,0,0,0,4,25.0,4,0,0,14,94,5,13,8,274,9,7,0,0,8,0,0,0,0,,,,0,0,0,0,0,3,2,0,0,0,0,0,7,0,0.0,9,22,18,42,3,0,0,0,16,5,8,72.73,0.0,0,0,0,59,112,0,,,,,8
923882,Tó Carneiro,to-carneiro,148072,Atlético Petróleos de Luanda,6.68,26.7,4,0,0,1,0,,0,96,14,110,87.27,46,52,30,3,9,75.0,2,2,1,0,0,2,25.0,2,0,2,17,60.71,4,80.0,21,63.64,231,0.0,0,0,0,0,0,0,0,0,1,1,0,0,0,3,37.5,4,0,0,2,42,0,4,2,196,6,4,0,0,2,0,0,0,0,,,,0,0,0,0,0,1,0,0,0,0,0,0,3,0,0.0,3,12,8,12,1,0,0,0,8,1,2,100.0,0.0,0,0,0,49,69,0,,,,,4
1102986,Alseny Soumah,alseny-soumah,134322,Horoya,6.67,40.0,6,0,1,0,1,,1,98,25,123,79.67,35,64,40,8,9,36.0,3,3,0,0,0,1,10.0,12,3,7,20,41.67,1,16.67,21,38.89,351,0.0,0,0,0,0,2,0,0,0,3,9,0,0,0,4,50.0,0,0,0,6,66,3,4,4,212,8,3,0,0,4,1,2,0,0,,,,1,0,0,0,0,4,1,0,0,0,0,0,4,0,0.0,8,25,10,33,5,0,0,0,8,5,2,66.67,0.0,0,0,0,42,91,0,,0.0,29.0,0.0,6
967338,Mohamed Sedki Debchi,mohamed-sedki-debchi,59628,Espérance Sportive De Tunis,6.67,20.0,3,0,0,0,0,,0,56,9,65,86.15,49,7,2,0,0,0.0,1,0,0,0,0,0,0.0,0,0,0,1,100.0,0,0.0,1,50.0,270,0.0,0,0,0,0,0,0,0,0,0,0,0,0,0,13,61.9,1,0,0,0,10,0,5,2,86,0,0,0,0,0,0,0,0,5,,,,1,0,0,5,0,4,0,0,1,1,0,0,3,0,0.0,0,0,0,1,1,0,0,0,21,4,0,0.0,0.0,0,0,1,55,10,0,,,,,3
880777,Ibrahima Ndiaye,ibrahima-ndiaye,42368,Zamalek SC,6.67,20.0,3,0,0,0,0,,0,4,2,6,66.67,0,4,1,0,1,100.0,2,0,0,0,0,0,0.0,3,0,1,4,80.0,3,75.0,7,77.78,29,0.0,0,0,0,0,0,0,0,0,3,0,0,0,0,0,0.0,0,0,0,1,4,0,1,0,16,1,0,0,0,0,0,2,0,0,,,,0,0,0,0,0,1,0,0,0,0,0,0,0,0,0.0,0,1,0,2,1,0,0,0,1,1,0,0.0,0.0,0,0,0,0,6,0,,,,,3
1470899,Mpoyi Ntumba,mpoyi-ntumba,134278,AS Vita Club,6.67,20.0,3,0,0,0,0,,0,76,27,103,73.79,56,20,12,2,0,0.0,6,4,2,0,0,0,0.0,1,1,0,7,31.82,7,70.0,14,43.75,270,0.0,0,0,0,0,0,0,0,0,0,1,0,0,0,1,11.11,8,0,0,4,35,2,4,1,146,1,7,0,0,4,0,0,0,0,,,,0,0,0,0,0,3,1,0,0,0,0,0,3,0,0.0,2,0,0,18,3,0,0,0,9,4,2,33.33,0.0,0,0,0,70,33,0,,,,,3
1089738,Disan Galiwango,disan-galiwango,203350,Vipers SC,6.67,20.0,3,0,0,0,0,,0,32,19,51,62.75,17,16,6,1,4,100.0,5,6,0,0,0,1,11.11,0,0,0,12,80.0,2,50.0,14,73.68,165,0.0,0,0,0,0,0,0,0,0,0,0,0,0,0,4,40.0,6,0,1,1,36,0,10,5,109,3,2,0,0,0,0,0,0,0,,,,0,0,0,0,0,5,1,0,0,0,0,0,2,0,0.0,1,4,9,5,2,0,0,0,10,6,4,80.0,0.0,0,0,0,25,35,0,,,,,3
1191164,Mohamed Coumbassa,mohamed-coumbassa,134322,Horoya,6.67,20.0,3,0,0,0,0,,0,30,7,37,81.08,14,17,6,0,2,66.67,3,0,0,0,0,1,100.0,0,0,0,7,63.64,4,100.0,11,73.33,74,0.0,0,0,0,0,0,0,0,0,0,0,0,0,0,2,66.67,0,0,0,1,9,0,3,2,49,2,1,0,0,1,0,0,0,0,,,,0,0,0,0,0,1,0,0,0,0,0,0,0,0,0.0,0,3,1,4,0,0,0,0,3,1,1,33.33,0.0,0,0,0,16,22,0,,,,,3
1107611,Goni Ali,goni-ali,42575,Coton Sport de Garoua,6.67,40.0,6,0,0,0,0,,0,135,26,161,83.85,96,39,14,0,0,0.0,6,10,1,0,0,0,0.0,1,0,1,7,58.33,3,75.0,10,62.5,495,0.0,0,0,0,0,0,0,0,0,1,0,0,0,0,27,61.36,25,0,0,0,29,0,30,16,218,1,4,0,0,2,0,0,0,0,,,,0,0,0,0,0,11,4,0,0,0,0,0,6,0,0.0,0,0,0,6,1,0,0,0,44,15,5,83.33,0.0,0,0,0,106,55,0,,,,,6
1002557,Leonel Wamba,leonel-wamba,42207,CR Belouizdad,6.66,53.3,8,2,0,2,0,,2,81,26,107,75.7,29,52,32,3,10,40.0,4,1,1,0,0,0,0.0,13,5,6,27,36.99,21,41.18,48,38.71,675,15.38,1,1,0,0,0,0,2,0,10,3,0,1,1,6,85.71,6,0,0,9,78,5,3,1,224,13,17,0,0,5,1,2,0,0,,,,2,0,0,0,0,6,1,0,0,0,0,0,8,100,0.0,3,25,4,76,30,0,0,0,7,7,1,25.0,337.5,0,0,0,31,80,0,,,,,8
919486,Naoufel Zerhouni,naoufel-zerhouni,41757,Raja Club Athletic,6.66,33.3,5,1,0,0,0,,1,36,12,48,75.0,9,28,19,0,5,45.45,1,1,2,0,0,1,33.33,6,2,1,11,42.31,1,100.0,12,44.44,144,16.67,0,0,1,0,2,0,1,0,1,5,0,0,1,2,50.0,0,0,0,1,30,1,2,1,89,5,4,0,0,4,0,3,0,0,,,,0,0,0,0,0,2,0,0,0,0,0,0,1,0,0.0,0,11,3,15,0,0,0,0,4,2,1,100.0,144.0,0,0,0,12,39,0,,,,,5
1007579,Riad Benayad,riad-benayad,59628,Espérance Sportive De Tunis,6.66,33.3,5,1,0,0,0,,1,23,18,41,56.1,7,16,7,0,6,46.15,1,0,0,0,0,0,0.0,7,2,4,8,40.0,3,60.0,11,44.0,193,14.29,0,0,0,0,0,0,1,0,2,5,0,0,1,1,100.0,0,0,0,3,36,2,0,0,78,1,1,0,0,1,4,1,0,0,,,,0,0,0,0,0,1,0,0,0,0,0,0,2,0,0.0,0,13,2,14,2,0,0,0,1,1,0,0.0,193.0,0,0,0,9,34,0,,,,,6
1469435,John Robia,john-mano,69322,Al-Hilal Omdurman,6.66,33.3,5,0,0,0,0,,0,14,4,18,77.78,4,10,6,1,2,66.67,1,0,0,0,0,0,0.0,1,0,1,5,62.5,7,43.75,12,50.0,101,0.0,0,0,1,0,0,0,0,0,1,0,0,0,0,0,0.0,3,0,0,1,9,0,0,0,35,2,0,0,0,1,0,0,0,0,,,,0,0,0,0,0,1,0,0,0,0,0,0,0,0,0.0,1,3,0,12,9,0,0,0,0,1,1,100.0,0.0,0,0,0,5,13,0,,,,,6
1107565,Pape Abdou Ndiaye,pape-abdou-ndiaye,134322,Horoya,6.65,39.9,6,2,0,2,0,,2,69,16,85,81.18,31,39,25,2,4,50.0,0,1,0,0,0,1,25.0,9,4,3,10,33.33,13,50.0,23,41.07,453,22.22,1,0,0,0,0,0,2,0,7,2,1,0,1,4,57.14,3,0,0,6,46,4,0,0,152,6,10,0,0,1,6,2,0,0,,,,0,0,0,0,0,8,4,0,0,0,0,0,6,0,0.0,2,8,4,33,13,0,0,1,7,12,0,0.0,226.5,0,0,0,34,55,0,,,,,6
1410431,Zakaria Labib,zakaria-labib,41757,Raja Club Athletic,6.65,13.3,2,0,1,0,1,,1,20,12,32,62.5,12,9,2,1,0,0.0,2,0,0,0,0,1,50.0,1,0,0,3,30.0,0,0.0,3,27.27,91,0.0,0,0,0,0,0,0,0,0,0,1,0,0,0,3,60.0,2,0,0,0,17,0,3,2,52,1,5,1,0,1,0,1,0,0,,,,0,0,0,0,0,1,0,0,0,0,0,0,1,0,0.0,1,1,2,8,1,0,0,0,5,1,2,100.0,0.0,0,0,0,21,13,0,,,,,2
866160,Murshid Juuko,murshid-juuko,203350,Vipers SC,6.65,13.3,2,0,0,0,0,,0,70,26,96,72.92,64,6,1,0,0,0.0,1,0,0,0,0,0,0.0,0,0,0,1,50.0,6,75.0,7,70.0,180,0.0,0,0,0,0,0,0,0,0,0,0,0,0,0,4,25.0,8,0,0,0,26,0,12,3,114,0,2,0,0,0,0,0,0,0,,,,1,0,0,0,0,4,1,0,0,0,0,0,2,0,0.0,0,0,0,3,2,0,0,0,16,5,0,0.0,0.0,0,0,0,73,23,0,,,,,2
1474719,Samangua Christopher,samangua-christopher,134278,AS Vita Club,6.65,13.3,2,0,0,0,0,,0,8,2,10,80.0,4,4,2,1,1,50.0,4,0,0,0,0,0,0.0,0,0,0,5,62.5,2,50.0,7,58.33,41,0.0,0,0,0,0,0,0,0,0,0,0,0,0,0,1,100.0,1,0,0,0,5,0,0,0,22,0,2,0,0,0,0,0,0,0,,,,0,0,0,0,0,2,0,0,0,0,0,0,0,0,0.0,1,2,0,5,2,0,0,0,1,2,1,25.0,0.0,0,0,0,5,5,0,,,,,2
1099195,Hassana Mamoudou,hassana-mamoudou,42575,Coton Sport de Garoua,6.65,26.6,4,0,0,1,0,,0,75,28,103,72.82,39,42,21,5,1,33.33,5,6,0,0,0,6,37.5,2,0,1,8,66.67,4,100.0,12,75.0,353,0.0,0,0,0,0,0,0,0,0,2,0,0,0,0,8,42.11,5,0,0,0,55,3,18,7,200,2,1,0,0,1,0,1,0,0,,,,0,0,0,0,0,7,4,0,0,0,0,0,4,0,0.0,5,3,16,4,0,0,0,0,19,11,4,80.0,0.0,0,0,0,46,73,0,,,,,5
1063327,Hossam Abdelmaguid,hossam-abdelmaguid,42368,Zamalek SC,6.65,39.9,6,0,0,1,0,,0,168,53,221,76.02,117,51,7,1,2,100.0,7,1,2,0,0,0,0.0,2,1,1,10,50.0,15,62.5,25,56.82,540,0.0,0,0,0,0,0,0,0,0,1,1,0,0,0,14,36.84,28,0,1,1,65,0,27,9,289,1,6,1,0,4,0,0,0,0,,,,1,0,0,0,0,9,0,0,0,0,0,0,6,0,0.0,1,2,0,19,9,0,0,0,38,9,5,71.43,0.0,0,0,0,134,87,0,,,,,6
866128,Mokhtar Belkhiter,mokhtar-belkhiter,42207,CR Belouizdad,6.65,39.9,6,0,1,0,0,,0,211,64,275,76.73,111,101,48,3,4,66.67,10,7,0,0,0,1,6.67,3,0,1,14,43.75,4,66.67,18,47.37,460,0.0,0,0,0,0,1,0,0,0,0,3,0,0,0,28,58.33,18,0,0,3,98,0,39,17,421,0,5,0,0,8,0,2,0,0,,,,1,0,0,0,0,6,1,0,0,0,0,0,6,0,0.0,3,6,15,20,2,0,0,0,48,7,5,50.0,0.0,0,0,0,126,164,0,,,,,6
2595094,Merveille  Kikasa,merveille-kikasa,134278,AS Vita Club,6.65,39.9,6,0,0,0,0,,0,156,26,182,85.71,72,84,29,0,4,80.0,4,3,1,0,0,0,0.0,5,1,4,14,58.33,2,40.0,16,55.17,296,0.0,0,0,0,0,0,0,0,0,0,5,0,0,0,12,50.0,2,0,0,4,39,2,26,13,224,6,5,0,0,1,0,0,0,0,,,,1,0,0,0,0,4,1,0,0,0,0,0,3,0,0.0,0,5,3,13,3,0,0,0,24,5,2,50.0,0.0,0,0,0,76,109,0,,,,,6
918784,Mohamed Sherif,mohamed-sherif,6910,Al Ahly FC,6.65,73.1,11,2,1,2,0,,2,37,14,51,72.55,11,26,19,6,2,50.0,0,0,1,0,0,0,0.0,8,6,0,5,26.32,4,36.36,9,30.0,281,25.0,0,0,0,0,0,0,1,1,6,2,0,1,1,4,100.0,1,0,0,4,29,0,3,3,87,3,7,0,0,1,4,2,0,0,,,,0,0,0,0,0,2,2,0,0,0,0,0,2,0,0.0,6,4,0,21,7,0,0,0,4,4,0,0.0,140.5,0,0,0,14,37,0,,,,,11
1108999,Éric Wabantu Kabwe,eric-wabantu-kabwe,134278,AS Vita Club,6.64,33.2,5,1,0,1,0,,1,22,10,32,68.75,8,14,5,0,1,25.0,1,1,0,0,0,0,0.0,7,2,5,2,22.22,5,26.32,7,25.0,263,14.29,0,0,0,0,1,0,1,0,4,3,0,0,1,0,0.0,1,0,0,0,23,1,0,0,60,0,4,0,0,1,1,0,0,0,,,,0,0,0,0,0,2,0,0,0,0,0,0,3,0,0.0,0,4,0,21,14,0,0,0,0,2,1,100.0,263.0,0,0,0,10,22,0,,,,,5
1114479,Fares Nechat Djabri,fares-nechat-djabri,42202,JS Kabylie,6.64,33.2,5,0,0,0,0,,0,109,30,139,78.42,67,43,19,1,1,100.0,5,10,0,0,0,1,11.11,2,2,0,9,42.86,7,58.33,16,48.48,330,0.0,0,0,0,0,0,0,0,0,1,1,0,0,0,6,50.0,8,0,0,4,56,1,2,1,231,3,3,0,0,5,1,0,0,0,,,,1,0,0,0,0,2,2,0,0,0,0,0,3,0,0.0,1,1,9,17,5,0,0,0,12,4,5,100.0,0.0,0,0,0,84,64,0,,,,,5
1430486,Ramses Nguimzeu,ramses-nguimzeu,42575,Coton Sport de Garoua,6.64,33.2,5,0,0,0,0,,0,64,29,93,68.82,22,44,21,2,13,72.22,4,0,1,0,0,2,15.38,3,0,3,23,52.27,4,44.44,27,50.94,295,0.0,0,0,0,0,0,0,0,0,1,2,0,0,0,4,66.67,2,0,0,4,57,7,6,4,171,6,8,1,0,4,0,0,0,0,,,,0,0,0,0,0,7,4,0,0,0,0,0,3,0,0.0,2,18,13,26,5,0,0,0,6,11,2,50.0,0.0,0,0,0,28,78,0,,,,,5
973067,Mzamiru Yasin,mzamiru-yasin,212409,Simba SC,6.64,53.1,8,0,1,0,1,,1,296,67,363,81.54,120,177,80,3,3,50.0,15,7,1,0,0,1,33.33,6,0,4,25,43.1,4,66.67,29,45.31,715,0.0,0,0,0,0,0,0,0,0,0,6,0,0,0,25,54.35,5,0,0,8,89,6,37,16,455,7,12,0,0,11,0,2,0,0,,,,3,0,0,0,0,7,1,0,0,0,0,0,8,0,0.0,3,6,3,35,2,0,0,0,46,8,6,40.0,0.0,0,0,0,132,234,0,,,,,8
1199299,Che Malone,che-malone,42575,Coton Sport de Garoua,6.63,39.8,6,0,0,0,1,,1,153,53,206,74.27,108,45,20,1,6,66.67,11,15,1,0,0,0,0.0,0,0,0,21,58.33,7,70.0,28,60.87,540,0.0,0,0,0,0,0,0,0,0,0,0,0,0,0,30,47.62,15,0,0,2,65,0,57,24,283,4,9,0,0,2,0,0,0,0,,,,0,0,0,0,0,12,4,0,0,0,0,0,6,0,0.0,1,9,1,18,3,0,0,0,63,16,6,54.55,0.0,0,0,0,119,88,0,,,,,6
1092709,Ahmed Nabil Koka,koka-ahmed-nabil,6910,Al Ahly FC,6.63,19.9,3,0,0,0,0,,0,36,3,39,92.31,27,9,3,0,1,100.0,0,2,0,0,0,0,0.0,0,0,0,1,20.0,1,50.0,2,28.57,42,0.0,0,0,0,0,0,0,0,0,0,0,0,0,0,1,33.33,3,0,0,0,5,0,1,1,50,0,2,0,0,2,0,0,0,0,,,,0,0,0,0,0,0,0,0,0,0,0,0,0,0,0.0,0,1,0,5,1,0,0,0,3,0,0,0.0,0.0,0,0,0,29,10,0,,,,,3
897946,Milton Karisa,milton-karisa,203350,Vipers SC,6.63,19.9,3,0,0,0,0,,0,29,15,44,65.91,14,15,10,0,3,42.86,5,3,0,0,0,0,0.0,1,1,0,14,51.85,2,50.0,16,51.61,225,0.0,0,0,0,0,0,0,0,0,0,1,0,0,0,2,66.67,1,0,0,3,38,1,2,0,94,6,6,0,0,2,1,0,0,0,,,,1,0,0,0,0,5,1,0,0,0,0,0,3,0,0.0,0,7,5,15,2,0,0,0,3,6,3,60.0,0.0,0,0,0,16,33,0,,,,,3
880093,Patou Ebunga Simbi,patou-ebunga-simbi,134278,AS Vita Club,6.63,39.8,6,0,2,0,0,,0,113,29,142,79.58,73,41,19,2,3,37.5,9,5,1,0,0,1,12.5,0,0,0,21,56.76,5,62.5,26,57.78,540,0.0,0,0,0,0,0,0,0,0,0,0,0,0,0,6,37.5,10,0,0,5,64,0,9,5,262,9,4,0,0,2,2,0,0,0,,,,2,0,0,0,0,5,1,0,0,0,0,0,6,0,0.0,2,8,8,19,3,0,0,0,16,6,2,22.22,0.0,0,0,0,84,66,1,,,,,6
1089740,Abdul Karim Watambala,abdul-karim-watambala,203350,Vipers SC,6.63,26.5,4,0,0,0,0,,0,68,20,88,77.27,27,43,19,3,4,80.0,3,6,1,0,0,2,33.33,5,0,3,11,45.83,1,20.0,12,41.38,258,0.0,0,0,0,0,1,0,0,0,2,3,0,0,0,3,37.5,2,0,0,4,29,0,3,1,134,4,7,1,0,2,0,2,0,0,,,,0,0,0,0,0,5,1,0,0,0,0,0,4,0,0.0,3,5,6,17,4,0,0,0,8,6,1,33.33,0.0,0,0,0,33,61,0,,,,,5
979574,Erasto Nyoni,erasto-nyoni,212409,Simba SC,6.63,26.5,4,0,0,0,0,,0,46,5,51,90.2,31,15,4,0,1,100.0,5,1,0,0,0,0,0.0,0,0,0,7,63.64,0,0.0,7,63.64,140,0.0,0,0,0,0,0,0,0,0,0,0,0,0,0,2,66.67,1,0,0,1,8,0,4,4,66,1,2,0,0,1,0,0,0,0,,,,0,0,0,0,0,3,0,0,0,0,0,0,1,0,0.0,0,1,0,4,0,0,0,0,3,3,3,60.0,0.0,0,0,0,33,18,0,,,,,5
1017196,Abdelrazig Omer,abdelrazig-omer,69322,Al-Hilal Omdurman,6.63,26.5,4,0,0,0,0,,0,45,12,57,78.95,21,24,11,1,2,100.0,3,1,0,0,0,0,0.0,0,0,0,9,64.29,0,0.0,9,64.29,86,0.0,0,0,0,0,0,0,0,0,0,0,0,0,0,6,75.0,1,0,0,1,16,2,3,1,75,4,2,0,0,2,0,0,0,0,,,,0,0,0,0,0,0,0,0,0,0,0,0,0,0,0.0,1,2,1,5,0,0,0,0,8,0,2,66.67,0.0,0,0,0,23,35,0,,,,,6
1093721,Mostafa Shalaby,mostafa-shalaby,42368,Zamalek SC,6.62,33.1,5,1,0,0,0,,1,92,23,115,80.0,26,69,37,4,9,47.37,5,0,0,0,0,3,20.0,4,2,0,22,43.14,3,21.43,25,38.46,290,25.0,0,0,0,0,0,0,1,0,3,1,0,0,1,1,16.67,4,0,0,1,55,1,4,3,195,8,13,0,0,6,0,2,0,0,,,,0,0,0,0,0,4,0,0,0,0,0,0,3,0,0.0,4,19,15,40,11,0,0,0,6,4,2,40.0,290.0,0,0,0,35,95,0,,,,,5
359416,Rached Arfaoui,rached-arfaoui,59628,Espérance Sportive De Tunis,6.62,33.1,5,0,0,0,0,,0,48,7,55,87.27,20,29,15,1,1,33.33,1,3,1,0,0,1,33.33,1,0,0,6,42.86,0,0.0,6,40.0,194,0.0,0,0,0,0,0,0,0,0,1,0,0,0,0,4,57.14,0,0,0,3,20,2,4,2,87,4,1,0,0,2,1,1,0,0,,,,0,0,0,0,0,4,0,0,0,0,0,0,2,0,0.0,1,3,3,9,1,0,0,0,7,4,1,100.0,0.0,0,0,0,21,37,0,,,,,5
1150197,Livingstone Mulondo,livingstone-mulondo,203350,Vipers SC,6.62,33.1,5,0,0,0,0,,0,79,33,112,70.54,59,20,7,0,1,100.0,5,8,1,0,0,0,0.0,1,0,1,9,42.86,9,52.94,18,47.37,370,0.0,0,0,0,0,0,0,0,0,0,1,0,0,0,17,50.0,16,0,0,0,34,0,26,13,158,3,5,0,0,7,0,0,0,0,,,,1,0,0,0,0,3,0,0,0,0,0,0,4,0,0.0,0,1,0,20,8,0,0,0,34,3,5,100.0,0.0,0,0,0,71,41,0,,,,,5
307416,Yano,yano,148072,Atlético Petróleos de Luanda,6.62,33.1,5,0,0,0,0,,0,30,9,39,76.92,9,21,13,0,2,66.67,2,0,1,0,0,0,0.0,3,2,1,4,44.44,3,42.86,7,43.75,172,0.0,0,0,0,0,0,0,0,0,2,1,0,0,0,2,66.67,2,0,0,0,20,0,3,1,59,0,3,0,0,1,1,0,0,0,,,,0,0,0,0,0,2,0,0,0,0,0,0,1,0,0.0,0,3,3,9,4,0,0,0,3,2,0,0.0,0.0,0,0,0,9,33,0,,,,,6
919149,Mohamed Ben Ali,mohamed-ben-ali,59628,Espérance Sportive De Tunis,6.62,39.7,6,0,1,0,0,,0,104,23,127,81.89,59,46,22,2,7,87.5,3,6,2,0,0,1,16.67,3,1,1,15,57.69,2,33.33,17,53.13,359,0.0,0,0,0,0,0,0,0,0,1,2,0,0,0,12,54.55,6,0,0,1,42,1,15,6,215,5,6,0,0,3,0,1,0,0,,,,0,0,0,0,0,6,0,0,0,0,0,0,4,0,0.0,2,8,6,15,4,0,0,0,22,6,2,66.67,0.0,0,0,0,67,66,0,,,,,6
1002196,Réda Boumechra,reda-boumechra,42202,JS Kabylie,6.61,46.3,7,0,1,1,1,,1,98,19,117,83.76,43,55,27,4,3,75.0,3,1,0,0,0,0,0.0,5,3,1,16,61.54,1,16.67,17,53.13,315,0.0,0,0,0,0,0,0,0,0,1,4,0,0,0,4,50.0,0,0,0,3,37,0,11,8,164,10,5,0,0,1,0,1,0,0,,,,0,0,0,0,0,4,0,0,0,0,0,0,4,0,0.0,4,4,0,15,5,0,0,0,8,4,2,66.67,0.0,0,0,0,48,69,0,,,,,7
1094525,Mohamed Islam Belkhir,mohamed-islam-belkhir,42207,CR Belouizdad,6.61,52.9,8,1,0,1,0,,1,90,20,110,81.82,14,76,54,5,8,34.78,2,1,0,0,0,0,0.0,7,1,5,19,43.18,2,33.33,21,42.0,323,14.29,0,0,0,0,0,0,1,0,5,2,0,0,1,3,100.0,0,0,0,6,52,1,5,4,185,9,1,0,0,3,2,1,0,0,,,,0,0,0,0,0,2,1,0,0,0,0,0,3,0,0.0,5,23,0,29,4,0,0,0,3,3,1,50.0,323.0,0,0,0,16,94,0,,,,,8
1008606,Zakaria Habti,zakaria-habti,41757,Raja Club Athletic,6.6,52.8,8,0,0,0,1,,1,125,29,154,81.17,32,93,60,6,8,38.1,7,2,0,0,0,0,0.0,11,4,5,23,35.94,1,20.0,24,34.78,519,0.0,0,0,0,0,0,0,0,0,5,6,0,0,0,8,66.67,2,0,0,9,87,3,15,7,277,8,4,0,0,15,1,2,0,0,,,,1,0,0,0,0,2,1,0,0,0,0,0,7,0,0.0,6,21,9,45,4,0,0,0,12,3,4,57.14,0.0,0,0,0,36,127,0,,,,,8
973048,Jonas Mkude,jonas-mkude,212409,Simba SC,6.6,6.6,1,0,0,0,0,,0,41,2,43,95.35,19,22,5,0,1,100.0,0,0,0,0,0,0,0.0,0,0,0,1,100.0,0,0.0,1,100.0,45,0.0,0,0,0,0,0,0,0,0,0,0,0,0,0,5,83.33,0,0,0,0,4,0,4,3,47,0,0,0,0,0,0,0,0,0,,,,0,0,0,0,0,2,0,0,0,0,0,0,0,0,0.0,0,1,0,0,0,0,0,0,6,2,0,0.0,0.0,0,0,0,19,24,0,,,,,1
385706,Erwin Saavedra,erwin-saavedra,7665,Mamelodi Sundowns,6.6,6.6,1,0,0,0,0,,0,19,4,23,82.61,10,9,6,2,2,100.0,0,1,0,0,0,0,0.0,0,0,0,2,100.0,0,0.0,2,66.67,28,0.0,0,0,0,0,0,0,0,0,0,0,0,0,0,1,100.0,0,0,0,0,5,0,1,0,28,0,0,0,0,0,0,0,0,0,,,,0,0,0,0,0,1,0,0,0,0,0,0,0,0,0.0,2,2,0,1,1,0,0,0,1,1,0,0.0,0.0,0,0,0,11,12,0,,,,,1
948390,Gadiel Michael Kamagi,gadiel-michael-kamagi,212409,Simba SC,6.6,6.6,1,0,0,0,0,,0,17,4,21,80.95,11,6,1,2,0,0.0,1,3,0,0,0,0,0.0,1,0,1,2,100.0,0,0.0,2,66.67,90,0.0,0,0,0,0,0,0,0,0,0,1,0,0,0,0,0.0,1,0,0,0,7,0,0,0,38,1,0,0,0,0,0,0,0,0,,,,0,0,0,0,0,3,0,0,0,0,0,0,1,0,0.0,2,0,1,1,1,0,0,0,1,3,1,100.0,0.0,0,0,0,14,8,0,,,,,1
115246,Surprise Ralani,surprise-ralani,7665,Mamelodi Sundowns,6.6,6.6,1,0,0,0,0,,0,17,2,19,89.47,5,12,5,0,1,100.0,2,0,0,0,0,0,0.0,0,0,0,3,75.0,0,0.0,3,60.0,34,0.0,0,0,0,0,0,0,0,0,0,0,0,0,0,0,0.0,0,0,0,0,3,0,1,1,23,0,0,0,0,1,0,0,0,0,,,,0,0,0,0,0,0,0,0,0,0,0,0,0,0,0.0,0,1,0,2,1,0,0,0,0,0,1,50.0,0.0,0,0,0,5,14,0,,,,,1
895155,Gerald Phiri,gerald-phiri,69322,Al-Hilal Omdurman,6.6,6.6,1,0,0,0,0,,0,7,0,7,100.0,1,6,5,0,1,100.0,0,0,0,0,0,0,0.0,0,0,0,1,50.0,0,0.0,1,50.0,9,0.0,0,0,0,0,0,0,0,0,0,0,0,0,0,1,100.0,0,0,0,1,2,0,1,1,10,0,0,0,0,0,0,0,0,0,,,,0,0,0,0,0,0,0,0,0,0,0,0,0,0,0.0,0,1,1,1,0,0,0,0,1,0,0,0.0,0.0,0,0,0,1,7,0,,,,,1
1107620,Siddick Aboubakar,siddick-aboubakar,42575,Coton Sport de Garoua,6.6,6.6,1,0,0,0,0,,0,3,1,4,75.0,0,3,2,1,1,100.0,1,0,0,0,0,0,0.0,1,1,0,2,66.67,1,100.0,3,75.0,10,0.0,0,0,0,0,0,0,0,0,0,1,0,0,0,0,0.0,0,0,0,0,2,1,0,0,8,0,0,0,0,1,0,0,0,0,,,,0,0,0,0,0,1,0,0,0,0,0,0,0,0,0.0,1,1,0,1,0,0,0,0,1,1,1,100.0,0.0,0,0,0,0,4,0,,,,,1
1469432,Cabibi,cabibi,148072,Atlético Petróleos de Luanda,6.6,6.6,1,0,0,0,0,,0,4,2,6,66.67,2,2,2,0,0,0.0,0,0,0,0,0,0,0.0,0,0,0,2,100.0,0,0.0,2,100.0,11,0.0,0,0,0,0,0,0,0,0,0,0,0,0,0,0,0.0,0,0,0,0,4,0,0,0,10,2,0,0,0,0,0,0,0,0,,,,0,0,0,0,0,0,0,0,0,0,0,0,0,0,0.0,0,0,2,0,0,0,0,0,0,0,0,0.0,0.0,0,0,0,3,5,0,,,,,1
1472775,Jean Nyeck,jean-nyeck,42575,Coton Sport de Garoua,6.6,6.6,1,0,0,0,0,,0,9,16,25,36.0,7,2,0,0,0,0.0,1,0,0,0,0,0,0.0,0,0,0,1,100.0,1,50.0,2,66.67,90,0.0,0,0,0,0,0,0,0,0,0,0,0,0,0,5,25.0,3,0,0,0,16,0,12,1,37,0,0,0,0,0,0,0,0,2,,,,0,0,0,2,0,2,0,1,1,1,1,1,1,0,0.0,0,0,0,1,1,0,0,0,20,2,1,100.0,0.0,0,0,2,10,15,0,,,,,1
563024,Hamza Mathlouthi,mathlouthi-hamza,42368,Zamalek SC,6.6,13.2,2,0,0,0,0,,0,37,28,65,56.92,19,19,8,2,0,0.0,4,4,1,0,0,1,33.33,2,0,1,6,46.15,4,50.0,10,47.62,180,0.0,0,0,0,0,0,0,0,0,2,0,0,0,0,9,40.91,2,0,0,1,42,0,16,6,112,2,5,0,0,1,0,1,0,0,,,,0,0,0,0,0,3,0,0,0,0,0,0,2,0,0.0,2,0,3,11,4,0,0,0,22,3,4,100.0,0.0,0,0,0,26,42,0,,,,,2
818845,Gastón Sirino,gaston-sirino,7665,Mamelodi Sundowns,6.6,13.2,2,0,0,0,0,,0,4,3,7,57.14,3,1,1,0,0,0.0,2,0,0,0,0,0,0.0,0,0,0,2,66.67,0,0.0,2,50.0,24,0.0,0,0,0,0,0,0,0,0,0,0,0,0,0,1,100.0,0,0,0,0,4,0,1,1,10,0,0,0,0,1,0,0,0,0,,,,0,0,0,0,0,0,0,0,0,0,0,0,0,0,0.0,0,0,0,2,1,0,0,0,1,0,0,0.0,0.0,0,0,0,3,4,0,,,,,2
1021121,Ishak Talal Boussouf,ishak-talal-boussouf,42207,CR Belouizdad,6.6,13.2,2,0,0,0,0,,0,15,5,20,75.0,4,11,8,0,6,60.0,0,0,0,0,0,0,0.0,1,0,0,8,61.54,0,0.0,8,61.54,53,0.0,0,0,0,0,0,0,0,0,0,1,0,0,0,0,0.0,0,0,0,0,11,1,2,0,37,2,1,0,0,0,0,1,0,0,,,,0,0,0,0,0,2,0,0,0,0,0,0,0,0,0.0,0,10,0,5,0,0,0,0,0,2,0,0.0,0.0,0,0,0,4,16,0,,,,,2
933039,Ocansey Mandela,ocansey-mandela,134322,Horoya,6.6,13.2,2,0,0,0,0,,0,6,3,9,66.67,1,5,4,0,0,0.0,1,0,0,0,0,0,0.0,1,0,0,3,75.0,0,0.0,3,60.0,41,0.0,0,0,0,0,0,0,0,0,1,0,0,0,0,0,0.0,0,0,0,1,6,1,1,0,16,2,1,0,0,0,0,1,0,0,,,,0,0,0,0,0,0,0,0,0,0,0,0,0,0,0.0,0,0,0,2,1,0,0,0,0,0,0,0.0,0.0,0,0,0,2,7,0,,,,,2
1479159,Sid Ahmed Matallah,sid-ahmed-matallah,42202,JS Kabylie,6.6,13.2,2,0,0,0,0,,0,17,6,23,73.91,9,8,2,0,0,0.0,6,1,1,0,0,0,0.0,0,0,0,6,54.55,1,100.0,7,58.33,58,0.0,0,0,0,0,0,0,0,0,0,0,0,0,0,0,0.0,1,0,0,1,11,0,2,2,38,0,4,0,0,0,0,0,0,0,,,,0,0,0,0,0,0,1,0,0,0,0,0,1,0,0.0,0,0,0,5,0,0,0,0,0,1,2,33.33,0.0,0,0,0,11,12,0,,,,,2
1124126,Eric  Kambale,eric-kambale,69320,Al-Merrikh Khartoum Club,6.6,6.6,1,0,0,0,0,,0,9,6,15,60.0,7,2,0,1,0,0.0,1,0,0,0,0,0,0.0,0,0,0,3,50.0,1,25.0,4,40.0,46,0.0,0,0,0,0,0,0,0,0,0,0,0,0,0,0,0.0,0,0,0,0,9,0,1,0,23,2,1,0,0,2,0,0,0,0,,,,0,0,0,0,0,0,0,0,0,0,0,0,0,0,0.0,1,0,0,6,3,0,0,0,0,0,1,100.0,0.0,0,0,0,8,7,0,,,,,2
888418,Moustapha Djidjiwa,moustapha-djidjiwa,42575,Coton Sport de Garoua,6.6,13.2,2,0,0,0,0,,0,15,3,18,83.33,4,12,4,0,1,50.0,2,0,0,0,0,1,100.0,1,0,1,3,50.0,1,20.0,4,36.36,66,0.0,0,0,0,0,0,0,0,0,1,0,0,0,0,0,0.0,0,0,0,1,6,1,1,0,30,0,1,0,0,0,2,0,0,0,,,,0,0,0,0,0,2,1,0,0,0,0,0,1,0,0.0,0,2,1,7,4,0,0,0,0,3,1,50.0,0.0,0,0,0,4,15,0,,,,,2
791574,Mohamed Abdel Shafi,mohamed-abdel-shafi,42368,Zamalek SC,6.6,19.8,3,0,0,0,0,,0,85,14,99,85.86,33,52,24,1,3,60.0,0,1,0,0,0,0,0.0,0,0,0,5,55.56,1,20.0,6,42.86,180,0.0,0,0,0,0,0,0,0,0,0,0,0,0,0,3,37.5,2,0,0,1,31,0,9,3,151,2,1,0,0,0,0,0,0,0,,,,1,0,0,0,0,1,0,0,0,0,0,0,2,0,0.0,1,5,8,8,4,0,0,0,8,1,0,0.0,0.0,0,0,0,37,70,0,,,,,3
1472934,Mbomba Motu,mbomba-motu,134278,AS Vita Club,6.6,19.8,3,0,0,0,0,,0,69,23,92,75.0,57,12,3,0,0,0.0,6,6,2,0,0,0,0.0,1,0,0,8,66.67,4,33.33,12,50.0,270,0.0,0,0,0,0,0,0,0,0,0,1,0,0,0,6,30.0,13,0,1,0,25,0,17,3,132,2,4,0,0,0,0,1,0,0,,,,0,0,0,0,0,3,1,0,0,0,0,0,3,0,0.0,0,0,0,12,8,0,0,0,20,4,4,66.67,0.0,0,0,0,66,26,0,,,,,3
1119571,Ismael Camara,ismael-camara,134322,Horoya,6.6,26.4,4,0,0,0,0,,0,79,17,96,82.29,26,54,33,3,3,42.86,3,4,0,0,0,1,50.0,5,2,0,8,44.44,1,20.0,9,39.13,155,0.0,0,0,0,0,0,0,0,0,3,2,0,0,0,2,40.0,0,0,0,1,30,0,1,1,133,2,2,0,0,3,1,3,1,0,,,,0,0,0,0,0,4,2,0,0,0,0,0,0,0,0.0,2,7,2,14,4,0,0,0,5,6,0,0.0,0.0,0,0,0,27,71,0,,,,,4
1018478,Housseyn Selmi,housseyn-selmi,42207,CR Belouizdad,6.6,19.8,3,0,0,0,0,,0,68,17,85,80.0,28,40,11,0,0,0.0,1,1,0,0,0,0,0.0,0,0,0,2,40.0,2,100.0,4,57.14,145,0.0,0,0,0,0,0,0,0,0,0,0,0,0,0,10,76.92,0,0,0,2,24,1,10,8,102,1,0,0,0,1,0,0,0,0,,,,0,0,0,0,0,4,0,0,0,0,0,0,1,0,0.0,0,0,1,3,0,0,0,0,13,4,1,100.0,0.0,0,0,0,33,53,0,,,,,4
333233,Issaka Samake,issaka-samake,134322,Horoya,6.6,33.0,5,0,1,0,0,,0,132,42,174,75.86,51,87,47,5,4,66.67,11,6,1,0,0,6,35.29,4,0,3,22,53.66,3,60.0,25,54.35,450,0.0,0,0,0,0,1,0,0,0,1,3,0,0,0,17,42.5,6,0,0,3,84,1,22,10,315,7,6,0,0,8,0,1,0,0,,,,2,0,0,0,0,8,4,0,0,0,0,0,5,0,0.0,5,6,17,21,2,0,0,0,40,12,8,72.73,0.0,0,0,0,61,130,0,,,,,5
1010882,Khaled Abdelfattah,abdelfattah-khaled,6910,Al Ahly FC,6.6,39.6,6,0,0,0,0,,0,28,9,37,75.68,18,10,2,1,0,0.0,2,0,0,0,0,0,0.0,0,0,0,2,40.0,2,100.0,4,57.14,62,0.0,0,0,0,0,0,0,0,0,0,0,0,0,0,4,57.14,3,0,0,0,10,0,3,1,48,0,2,0,0,0,0,0,0,0,,,,0,0,0,0,0,0,0,0,0,0,0,0,0,0,0.0,1,1,0,3,0,0,0,0,7,0,2,100.0,0.0,0,0,0,23,14,0,,,,,6
1159762,Martin Kizza,martin-kizza,203350,Vipers SC,6.6,39.6,6,0,0,0,0,,0,51,35,86,59.3,18,36,23,3,7,63.64,7,2,1,0,0,3,25.0,9,1,4,31,53.45,2,16.67,33,47.14,337,0.0,0,0,0,0,2,0,0,0,0,9,0,0,0,5,31.25,1,0,0,5,70,0,12,3,189,17,14,0,0,4,2,4,0,0,,,,0,0,0,0,0,6,1,0,0,0,0,0,3,0,0.0,3,11,12,37,10,0,0,0,16,7,3,42.86,0.0,0,0,0,23,75,0,,,,,6
1024032,Mootez Zaddem,mootez-zaddem,59628,Espérance Sportive De Tunis,6.59,46.1,7,0,1,0,0,,0,65,12,77,84.42,22,45,23,2,5,38.46,9,5,2,0,0,2,40.0,4,2,2,28,43.08,4,57.14,32,44.44,383,0.0,0,0,0,0,0,0,0,0,3,1,0,0,0,4,66.67,1,0,0,11,50,3,5,4,172,14,16,0,0,2,1,0,0,0,,,,0,0,0,0,0,2,0,0,0,0,0,0,4,0,0.0,2,13,5,40,3,0,0,0,6,2,4,44.44,0.0,0,0,0,24,58,0,,,,,7
794138,Amadou Wonkoye,amadou-wonkoye,134322,Horoya,6.58,32.9,5,0,1,1,1,,1,79,18,97,81.44,33,50,23,4,2,28.57,4,2,0,0,0,4,33.33,5,1,3,20,47.62,0,0.0,20,45.45,304,0.0,0,0,0,0,1,0,0,0,1,4,0,0,0,6,66.67,1,0,0,7,47,2,6,2,172,14,7,0,0,3,0,1,0,0,,,,0,0,0,0,0,5,3,0,0,0,0,0,5,0,0.0,4,7,12,24,2,0,0,0,9,8,2,50.0,0.0,0,0,0,36,73,0,,,,,5
896578,Mohamed Ashraf Roqa,mohamed-ashraf-roqa,42368,Zamalek SC,6.58,32.9,5,0,0,0,0,,0,92,33,125,73.6,46,46,23,2,1,100.0,2,3,1,0,0,0,0.0,3,2,1,3,23.08,1,20.0,4,22.22,264,0.0,0,0,0,0,0,0,0,0,0,3,0,0,0,12,50.0,2,0,0,0,38,2,24,9,150,0,4,0,0,6,0,0,0,0,,,,0,0,0,0,0,4,0,0,0,0,0,0,3,0,0.0,2,1,0,14,4,0,0,0,24,4,1,50.0,0.0,0,0,0,55,70,0,,,,,5
1470630,Brice Eboudjé,brice-eboudje,42575,Coton Sport de Garoua,6.58,32.9,5,0,0,0,0,,0,163,43,206,79.13,87,76,33,1,6,75.0,13,11,1,0,0,0,0.0,3,1,2,21,42.86,8,57.14,29,46.03,450,0.0,0,0,0,0,0,0,0,0,0,3,0,0,0,17,54.84,7,0,0,7,60,0,29,14,277,2,10,0,0,9,0,0,0,0,,,,0,0,0,0,0,9,4,0,0,0,0,0,5,0,0.0,1,8,2,34,6,0,0,0,31,13,6,46.15,0.0,0,0,0,97,111,0,,,,,5
1442336,Ibrahim Abba,ibrahim-abba,42575,Coton Sport de Garoua,6.58,32.9,5,0,0,0,0,,0,117,52,169,69.23,63,64,20,9,7,58.33,7,4,0,0,0,10,45.45,7,2,2,14,45.16,6,60.0,20,48.78,398,0.0,0,0,0,0,1,0,0,0,2,5,0,0,0,9,27.27,2,0,0,3,82,1,29,9,286,0,5,0,0,4,0,3,0,0,,,,0,0,0,0,0,8,3,0,0,0,0,0,4,0,0.0,9,12,22,21,4,0,0,0,33,11,6,85.71,0.0,0,0,0,73,118,0,,,,,5
1457619,Isa Mubiru,isa-mubiru,203350,Vipers SC,6.58,26.3,4,0,1,0,1,,1,83,41,124,66.94,43,43,24,2,1,25.0,10,6,1,0,1,3,42.86,2,0,2,15,44.12,1,25.0,16,42.11,348,0.0,0,0,0,0,0,0,0,0,0,2,0,0,0,9,36.0,4,0,0,1,64,1,16,4,224,4,9,0,0,6,0,0,0,0,,,,0,0,0,0,0,4,0,0,0,0,0,0,4,0,0.0,2,4,7,22,3,0,0,0,25,4,6,60.0,0.0,1,0,0,54,77,0,,,,,4
1470900,Nissi Manianga,nissi-manianga,134278,AS Vita Club,6.58,26.3,4,0,0,0,0,,0,23,7,30,76.67,14,11,4,2,1,33.33,4,0,0,0,0,2,40.0,1,1,0,10,50.0,1,50.0,11,50.0,157,0.0,0,0,0,0,0,0,0,0,1,0,0,0,0,2,66.67,1,0,0,3,24,0,2,1,63,5,3,0,0,2,0,0,0,0,,,,0,0,0,0,0,1,0,0,0,0,0,0,1,0,0.0,2,3,5,11,1,0,0,0,3,1,2,50.0,0.0,0,0,0,15,20,0,,,,,4
1097156,Ibrahim Orit,ibrahim-orit,203350,Vipers SC,6.58,26.3,4,0,0,0,0,,0,33,10,43,76.74,11,22,15,1,2,50.0,2,2,1,0,0,0,0.0,4,1,1,8,42.11,3,50.0,11,44.0,190,0.0,0,0,0,0,0,0,0,0,2,2,0,0,0,2,66.67,0,0,0,3,27,0,3,2,75,4,5,0,0,1,1,2,0,0,,,,0,0,0,0,0,3,0,0,0,0,0,0,2,0,0.0,1,4,6,14,3,0,0,0,3,3,1,50.0,0.0,0,0,0,13,36,0,,,,,6
1064939,Taher Mohamed,taher-mohamed,6910,Al Ahly FC,6.57,46.0,7,0,1,0,1,,1,88,26,114,77.19,23,66,34,3,7,46.67,11,2,2,0,0,1,14.29,3,0,2,24,42.11,2,20.0,26,38.81,269,0.0,0,0,0,0,0,0,0,0,1,2,0,0,0,1,16.67,4,0,0,7,59,2,6,1,187,6,10,0,0,9,1,1,0,0,,,,0,0,0,0,0,2,3,0,0,0,0,0,3,0,0.0,3,15,7,41,8,0,0,0,6,5,5,45.45,0.0,0,0,0,26,95,0,,,,,7
1099725,Mory Kante,mory-kante,134322,Horoya,6.57,39.4,6,0,0,0,0,,0,122,34,156,78.21,69,53,14,2,1,50.0,6,5,1,0,0,0,0.0,0,0,0,11,50.0,1,20.0,12,44.44,308,0.0,0,0,0,0,0,0,0,0,0,0,0,0,0,11,44.0,4,0,0,1,39,0,15,4,190,4,5,0,0,4,0,0,0,0,,,,0,0,0,0,0,4,1,0,0,0,0,0,3,0,0.0,2,2,1,15,4,0,0,0,25,5,4,66.67,0.0,0,0,0,84,73,0,,,,,6
919162,Houssem Dagdoug,houssem-dagdoug,59628,Espérance Sportive De Tunis,6.55,13.1,2,0,0,0,0,,0,21,10,31,67.74,9,15,7,3,0,0.0,3,2,1,0,0,3,60.0,1,0,1,4,50.0,3,100.0,7,63.64,100,0.0,0,0,0,0,0,0,0,0,0,1,0,0,0,0,0.0,0,0,0,1,18,0,6,2,60,1,2,0,0,1,0,0,0,0,,,,0,0,0,0,0,2,0,0,0,0,0,0,1,0,0.0,3,0,5,4,0,0,0,0,4,2,2,66.67,0.0,0,0,0,11,25,0,,,,,2
880516,Elsamani Saadeldin,elsamani-saadeldin,69320,Al-Merrikh Khartoum Club,6.55,13.1,2,0,0,0,0,,0,11,5,16,68.75,1,10,6,1,0,0.0,0,0,0,0,0,0,0.0,0,0,0,0,0.0,0,0.0,0,0.0,34,0.0,0,0,0,0,0,0,0,0,0,0,0,0,0,0,0.0,0,0,0,0,8,0,2,0,20,0,0,0,0,0,0,0,0,0,,,,0,0,0,0,0,0,0,0,0,0,0,0,0,0,0.0,1,0,0,0,0,0,0,0,2,0,0,0.0,0.0,0,0,0,2,14,0,,,,,2
1472778,Mwafag Toto,mwafag-toto,69322,Al-Hilal Omdurman,6.55,13.1,2,0,0,0,0,,0,4,2,6,66.67,1,3,1,0,0,0.0,2,0,0,0,0,0,0.0,0,0,0,2,50.0,0,0.0,2,40.0,49,0.0,0,0,0,0,0,0,0,0,0,0,0,0,0,0,0.0,0,0,0,0,6,0,1,0,14,0,1,0,0,0,1,0,0,0,,,,0,0,0,0,0,0,0,0,0,0,0,0,1,0,0.0,0,1,1,3,1,0,0,0,0,0,1,50.0,0.0,0,0,0,1,6,0,,,,,2
954763,Ali Reghba,ali-reghba,42207,CR Belouizdad,6.55,13.1,2,0,0,0,0,,0,6,3,9,66.67,3,3,2,1,0,0.0,0,1,0,0,0,0,0.0,0,0,0,2,40.0,1,50.0,3,42.86,41,0.0,0,0,0,0,0,0,0,0,0,0,0,0,0,1,100.0,0,0,0,1,6,1,0,0,16,2,1,0,0,1,0,0,0,0,,,,0,0,0,0,0,1,0,0,0,0,0,0,0,0,0.0,1,0,0,4,1,0,0,0,1,1,0,0.0,0.0,0,0,0,4,5,0,,,,,4
899012,Mohamed Ouattara,mohamed-ouattara,42202,JS Kabylie,6.55,39.3,6,0,0,0,0,,0,12,15,27,44.44,3,9,2,1,2,33.33,0,1,0,0,0,0,0.0,1,0,1,5,41.67,15,62.5,20,55.56,152,0.0,0,0,0,0,0,0,0,0,1,0,0,0,0,1,100.0,2,0,0,2,29,1,1,0,55,3,3,0,0,0,0,0,0,0,,,,0,0,0,0,0,0,0,0,0,0,0,0,2,0,0.0,1,6,0,16,9,0,0,0,1,0,0,0.0,0.0,0,0,0,5,22,0,,,,,6
1469337,Ahmed Desire Titty,ahmed-desire-titty,203350,Vipers SC,6.54,32.7,5,0,0,0,0,,0,29,10,39,74.36,9,20,14,2,0,0.0,2,1,0,0,0,0,0.0,3,0,2,7,36.84,3,30.0,10,34.48,181,0.0,0,0,0,0,0,0,0,0,3,0,0,0,0,0,0.0,0,0,0,7,25,2,1,0,68,5,3,0,0,0,3,1,0,0,,,,0,0,0,0,0,3,0,0,0,0,0,0,1,0,0.0,2,2,4,19,7,0,0,0,0,3,2,100.0,0.0,0,0,0,9,34,0,,,,,5
894581,Grant Kekana,grant-kekana,7665,Mamelodi Sundowns,6.54,32.7,5,0,0,0,0,,0,222,21,243,91.36,174,48,11,0,1,25.0,3,1,0,0,0,0,0.0,0,0,0,6,46.15,4,50.0,10,47.62,451,0.0,0,0,0,0,0,0,0,0,0,0,0,0,0,8,36.36,15,0,0,1,33,0,18,10,297,2,1,0,0,2,0,0,0,0,,,,1,0,0,0,0,5,1,0,0,0,0,0,5,0,0.0,0,4,2,11,4,0,0,0,22,6,2,66.67,0.0,0,0,0,184,61,0,,,,,6
1470631,Marie Mekong,marie-mekong,42575,Coton Sport de Garoua,6.53,19.6,3,0,0,0,0,,0,22,16,38,57.89,13,9,4,0,1,100.0,2,2,0,0,0,0,0.0,1,0,1,6,60.0,1,50.0,7,58.33,152,0.0,0,0,0,0,0,0,0,0,0,1,0,0,0,4,50.0,0,0,0,1,28,1,2,0,75,3,2,1,1,1,0,0,0,0,,,,0,0,0,0,0,3,0,0,0,0,0,0,1,0,0.0,0,1,4,5,1,0,0,0,8,3,2,100.0,0.0,0,0,0,19,23,0,,,,,3
1102988,Pedro Bondo,pedro-bondo,148072,Atlético Petróleos de Luanda,6.53,39.2,6,0,1,1,0,,0,91,24,115,79.13,41,51,24,2,6,60.0,7,3,0,0,0,1,6.25,5,0,5,25,54.35,4,40.0,29,51.79,315,0.0,0,0,0,1,0,0,0,0,3,2,0,0,0,5,35.71,1,0,0,5,65,1,5,2,221,12,10,0,0,2,0,0,0,0,,,,0,0,0,0,0,4,0,0,0,0,0,0,3,0,0.0,2,10,16,27,6,0,0,0,14,4,5,71.43,0.0,0,0,0,47,84,0,,,,,6
1021134,Mazin Mohamedein,mazin-mohamedein,69320,Al-Merrikh Khartoum Club,6.53,39.2,6,0,0,1,0,,0,121,52,173,69.94,57,67,26,1,0,0.0,11,9,1,0,0,3,17.65,3,1,1,14,36.84,3,50.0,17,38.64,434,0.0,0,0,0,0,1,0,0,0,2,1,0,0,0,7,33.33,10,0,0,2,83,0,22,7,291,3,8,0,0,10,0,1,0,0,,,,2,0,0,0,0,3,1,0,0,0,0,0,5,0,0.0,1,4,17,27,3,0,0,0,21,4,10,90.91,0.0,0,0,0,78,112,0,,,,,6
1110088,Kikwama Mujinga,kikwama-mujinga,134278,AS Vita Club,6.52,32.6,5,0,0,0,0,,0,64,13,77,83.12,26,39,18,3,4,57.14,4,0,0,0,0,1,7.69,0,0,0,13,41.94,3,30.0,16,39.02,318,0.0,0,0,0,0,0,0,0,0,0,0,0,0,0,4,57.14,1,0,0,6,43,0,4,2,136,5,6,0,0,3,2,0,0,0,,,,0,0,0,0,0,2,1,0,0,0,0,0,5,0,0.0,3,7,13,25,7,0,0,0,7,3,2,50.0,0.0,0,0,0,30,60,0,,,,,5
972726,Naby Soumah,naby-soumah,134322,Horoya,6.52,32.6,5,0,0,0,0,,0,31,1,32,96.88,7,24,12,1,0,0.0,1,1,0,0,0,0,0.0,2,0,2,8,66.67,1,33.33,9,60.0,138,0.0,0,0,0,0,0,0,0,0,0,2,0,0,0,1,100.0,0,0,0,0,16,1,0,0,60,7,1,0,0,0,2,0,0,0,,,,0,0,0,0,0,3,2,0,0,0,0,0,2,0,0.0,1,3,4,6,2,0,0,0,1,5,1,100.0,0.0,0,0,0,7,29,0,,,,,5
1000226,Ahmed  Abdelkader,ahmed-abdelkader,6910,Al Ahly FC,6.51,58.6,9,0,1,2,1,,1,147,52,199,73.87,68,79,45,6,9,32.14,9,3,0,0,0,0,0.0,4,3,1,19,33.33,4,40.0,23,34.33,429,0.0,0,0,0,0,0,0,0,0,3,1,0,0,0,8,53.33,0,0,0,8,105,4,8,5,295,1,9,0,0,2,4,0,1,0,,,,1,0,0,0,0,3,1,0,0,0,0,0,4,0,0.0,5,28,4,44,6,0,0,0,15,4,6,66.67,0.0,0,0,0,79,124,0,,,,,10
1006011,Peter Banda,peter-banda,212409,Simba SC,6.5,6.5,1,0,0,0,0,,0,8,4,12,66.67,1,7,4,0,2,50.0,0,0,0,0,0,0,0.0,0,0,0,3,60.0,0,0.0,3,60.0,30,0.0,0,0,0,0,0,0,0,0,0,0,0,0,0,0,0.0,1,0,0,0,7,0,1,0,20,1,0,0,0,0,0,0,0,0,,,,0,0,0,0,0,0,0,0,0,0,0,0,0,0,0.0,0,4,0,2,0,0,0,0,1,0,0,0.0,0.0,0,0,0,1,11,0,,,,,1
1093856,Shady Hussein,shady-hussein,6910,Al Ahly FC,6.5,6.5,1,0,0,0,0,,0,8,3,11,72.73,2,6,4,0,1,100.0,1,0,1,0,0,0,0.0,0,0,0,2,50.0,0,0.0,2,50.0,56,0.0,0,0,0,0,0,0,0,0,0,0,0,0,0,0,0.0,0,0,0,2,8,1,0,0,18,0,1,0,0,0,0,0,0,0,,,,0,0,0,0,0,0,0,0,0,0,0,0,0,0,0.0,0,1,0,2,0,0,0,0,0,0,0,0.0,0.0,0,0,0,2,9,0,,,,,1
1000812,Habib Kyombo,habib-kyombo,212409,Simba SC,6.5,6.5,1,0,0,0,0,,0,4,1,5,80.0,0,4,2,0,0,0.0,1,0,0,0,0,0,0.0,0,0,0,1,33.33,2,100.0,3,60.0,8,0.0,0,0,0,0,0,0,0,0,0,0,0,0,0,0,0.0,0,0,0,1,2,0,0,0,7,0,1,0,0,0,1,0,0,0,,,,0,0,0,0,0,0,0,0,0,0,0,0,0,0,0.0,0,0,0,2,0,0,0,0,0,0,1,100.0,0.0,0,0,0,0,5,0,,,,,1
1198263,Mohammed Fodil Belkhadem,mohammed-fodil-belkhadem,42207,CR Belouizdad,6.5,6.5,1,0,0,0,0,,0,0,1,1,0.0,0,0,0,0,0,0.0,0,0,0,0,0,0,0.0,0,0,0,0,0.0,0,0.0,0,0.0,9,0.0,0,0,0,0,0,0,0,0,0,0,0,0,0,0,0.0,1,0,0,0,1,0,0,0,2,0,0,0,0,0,1,0,0,0,,,,0,0,0,0,0,0,0,0,0,0,0,0,0,0,0.0,0,0,0,0,0,0,0,0,0,0,0,0.0,0.0,0,0,0,0,1,0,,,,,1
1112691,Jacques Mangoba,jacques-mangoba,134278,AS Vita Club,6.5,6.5,1,0,0,0,0,,0,13,6,19,68.42,10,3,0,0,0,0.0,0,0,0,0,0,0,0.0,0,0,0,1,100.0,1,100.0,2,100.0,26,0.0,0,0,0,0,0,0,0,0,0,0,0,0,0,0,0.0,2,0,0,0,10,0,1,0,27,1,0,0,0,0,0,0,0,0,,,,0,0,0,0,0,1,0,0,0,0,0,0,0,0,0.0,0,0,3,0,0,0,0,0,3,1,0,0.0,0.0,0,0,0,12,10,0,,,,,1
1469434,Anas Saeed,anas-saeed,69322,Al-Hilal Omdurman,6.5,6.5,1,0,0,0,0,,0,2,1,3,66.67,0,2,1,0,1,33.33,3,0,0,0,0,0,0.0,1,0,1,4,50.0,0,0.0,4,44.44,45,0.0,0,0,0,0,0,0,0,0,0,1,0,0,0,0,0.0,0,0,0,1,5,0,0,0,13,0,0,0,0,1,0,0,0,0,,,,0,0,0,0,0,1,0,0,0,0,0,0,1,0,0.0,0,3,0,5,1,0,0,0,0,1,1,33.33,0.0,0,0,0,1,2,0,,,,,1
1200538,Emmanuel Igboeri,emmanuel-igboeri,42575,Coton Sport de Garoua,6.5,6.5,1,0,0,0,0,,0,1,0,1,100.0,0,1,0,0,0,0.0,0,0,0,0,0,0,0.0,0,0,0,0,0.0,0,0.0,0,0.0,15,0.0,0,0,0,0,0,0,0,0,0,0,0,0,0,0,0.0,0,0,0,0,0,0,0,0,1,0,0,0,0,0,1,0,0,0,,,,0,0,0,0,0,0,0,0,0,0,0,0,0,0,0.0,0,0,0,0,0,0,0,0,0,0,0,0.0,0.0,0,0,0,0,1,0,,,,,1
880518,Mohamed Alrashed,mohamed-alrashed,69320,Al-Merrikh Khartoum Club,6.5,6.5,1,0,0,0,0,,0,11,3,14,78.57,6,5,3,0,1,100.0,0,0,0,0,0,0,0.0,1,0,1,2,50.0,0,0.0,2,40.0,45,0.0,0,0,0,0,0,0,0,0,1,0,0,0,0,0,0.0,0,0,0,0,4,1,0,0,20,1,0,0,0,2,0,0,0,0,,,,0,0,0,0,0,2,0,0,0,0,0,0,1,0,0.0,0,1,0,3,1,0,0,0,0,2,0,0.0,0.0,0,0,0,7,7,0,,,,,1
333459,Mahmoud Hamdi,mahmoud-hamdi,42368,Zamalek SC,6.5,13.0,2,0,0,1,0,,0,41,26,67,61.19,37,4,3,0,0,0.0,3,2,0,0,0,0,0.0,1,0,1,6,50.0,9,64.29,15,57.69,180,0.0,0,0,0,0,0,0,0,0,1,0,0,0,0,3,20.0,16,0,0,0,28,0,17,6,96,3,3,0,0,2,0,0,0,0,,,,0,0,0,0,0,5,0,0,0,0,0,0,2,0,0.0,0,1,0,11,5,0,0,0,15,5,2,66.67,0.0,0,0,0,48,19,0,,,,,2
845272,Didier Lamkel Zé,didier-lamkel-ze,36268,Wydad Casablanca,6.5,13.0,2,0,0,0,0,,0,10,3,13,76.92,6,4,1,0,1,33.33,0,0,0,0,0,0,0.0,0,0,0,2,33.33,3,50.0,5,41.67,61,0.0,0,0,0,0,0,0,0,0,0,0,0,0,0,3,100.0,1,0,0,0,7,0,0,0,23,1,2,0,0,0,2,0,0,0,,,,0,0,0,0,0,0,0,0,0,0,0,0,1,0,0.0,0,3,0,7,3,0,0,0,3,0,0,0.0,0.0,0,0,0,6,7,0,,,,,2
1140870,Ismail Moutaraji,ismail-moutaraji,36268,Wydad Casablanca,6.5,6.5,1,0,0,0,0,,0,10,3,13,76.92,5,5,4,1,1,100.0,2,1,0,0,0,0,0.0,0,0,0,3,60.0,1,50.0,4,57.14,16,0.0,0,0,0,0,0,0,0,0,0,0,0,0,0,0,0.0,0,0,0,0,3,0,2,2,18,0,1,0,0,1,0,0,0,0,,,,0,0,0,0,0,0,0,0,0,0,0,0,0,0,0.0,1,1,0,3,1,0,0,0,0,0,2,100.0,0.0,0,0,0,6,7,0,,,,,2
894949,Mosa Lebusa,mosa-lebusa,7665,Mamelodi Sundowns,6.5,6.5,1,0,0,0,0,,0,4,2,6,66.67,4,0,0,0,0,0.0,0,0,0,0,0,0,0.0,0,0,0,0,0.0,0,0.0,0,0.0,12,0.0,0,0,0,0,0,0,0,0,0,0,0,0,0,2,50.0,0,0,0,0,2,0,1,0,8,0,1,0,0,1,0,0,0,0,,,,0,0,0,0,0,0,0,0,0,0,0,0,0,0,0.0,0,0,0,3,1,0,0,0,4,0,0,0.0,0.0,0,0,0,4,2,0,,,,,2
1472933,Manacé Mutatu,manace-mutatu,134278,AS Vita Club,6.5,13.0,2,0,0,0,0,,0,5,6,11,45.45,1,4,3,0,0,0.0,2,0,0,0,0,0,0.0,1,0,1,2,33.33,2,66.67,4,44.44,45,0.0,0,0,0,0,0,0,0,0,0,1,0,0,0,0,0.0,0,0,0,2,14,1,1,1,25,0,1,0,0,1,0,0,0,0,,,,0,0,0,0,0,1,0,0,0,0,0,0,0,0,0.0,0,0,3,5,1,0,0,0,0,1,0,0.0,0.0,0,0,0,2,12,0,,,,,2
1067604,Farouk Mimouni,farouk-mimouni,59628,Espérance Sportive De Tunis,6.5,13.0,2,0,0,0,0,,0,2,0,2,100.0,0,2,2,1,0,0.0,1,0,0,0,0,0,0.0,0,0,0,1,25.0,0,0.0,1,25.0,20,0.0,0,0,0,0,0,0,0,0,0,0,0,0,0,0,0.0,0,0,0,2,4,0,0,0,9,0,1,0,0,0,0,0,0,0,,,,0,0,0,0,0,0,0,0,0,0,0,0,0,0,0.0,1,0,1,3,0,0,0,0,0,0,1,100.0,0.0,0,0,0,0,3,0,,,,,2
1478873,Jean Atangana,jean-atangana,42575,Coton Sport de Garoua,6.5,13.0,2,0,0,0,0,,0,8,5,13,61.54,2,6,2,1,0,0.0,1,1,1,0,0,0,0.0,1,0,1,5,35.71,4,80.0,9,47.37,89,0.0,0,0,0,0,0,0,0,0,1,0,0,0,0,0,0.0,1,0,0,2,15,1,1,1,36,4,5,0,0,0,0,0,0,0,,,,0,0,0,0,0,1,0,0,0,0,0,0,1,0,0.0,1,2,0,10,1,0,0,0,2,1,0,0.0,0.0,0,0,0,2,11,0,,,,,2
804373,Zakaria Hadraf,zakaria-hadraf,41757,Raja Club Athletic,6.5,19.5,3,0,0,1,0,,0,9,1,10,90.0,4,5,5,1,2,66.67,0,0,0,0,0,0,0.0,1,1,0,4,57.14,0,0.0,4,57.14,38,0.0,0,0,0,0,0,0,0,0,1,0,0,0,0,1,100.0,0,0,0,1,7,1,0,0,25,2,0,0,0,1,1,0,0,0,,,,0,0,0,0,0,0,0,0,0,0,0,0,0,0,0.0,1,3,3,3,0,0,0,0,1,0,0,0.0,0.0,0,0,0,4,9,0,,,,,3
159677,Omar Gaber,omar-gaber,42368,Zamalek SC,6.5,19.5,3,0,0,0,0,,0,56,14,70,80.0,18,38,19,1,2,66.67,6,2,0,0,0,0,0.0,2,0,1,11,50.0,3,75.0,14,53.85,178,0.0,0,0,0,0,0,0,0,0,1,1,0,0,0,1,33.33,1,1,0,2,23,3,4,2,112,3,5,0,0,3,0,1,0,0,,,,0,0,0,0,0,2,0,0,0,0,0,0,2,0,0.0,1,3,4,12,1,0,0,0,3,2,3,50.0,0.0,0,0,0,22,52,0,,,,,4
350358,Bongani Zungu,bongani-zungu,7665,Mamelodi Sundowns,6.5,32.5,5,0,0,0,0,,0,37,9,46,80.43,17,20,15,0,1,50.0,4,2,0,0,0,0,0.0,0,0,0,6,40.0,0,0.0,6,40.0,71,0.0,0,0,0,0,0,0,0,0,0,0,0,0,0,0,0.0,3,0,0,1,11,1,3,1,61,1,5,0,0,2,0,0,0,0,,,,0,0,0,0,0,1,0,0,0,0,0,0,0,0,0.0,0,2,0,9,0,0,0,0,2,1,3,75.0,0.0,0,0,0,20,26,0,,,,,6
948357,Joash Onyango,joash-onyango,212409,Simba SC,6.5,52.0,8,0,0,0,0,,0,288,60,348,82.76,224,64,14,0,2,66.67,8,4,2,0,0,0,0.0,0,0,0,12,54.55,12,57.14,24,55.81,720,0.0,0,0,0,3,0,0,0,0,0,0,0,0,0,23,42.59,22,1,0,2,70,0,28,13,413,2,7,0,0,1,0,0,0,0,,,,4,0,0,0,0,7,1,0,0,0,0,0,8,0,0.0,0,3,0,19,9,0,0,0,54,8,7,87.5,0.0,0,0,0,251,97,0,,,,,8
879982,Muayid Ellafi,muayid-ellafi,36268,Wydad Casablanca,6.48,38.9,6,0,0,0,0,,0,26,5,31,83.87,9,17,9,0,0,0.0,3,0,0,0,0,0,0.0,2,0,2,6,40.0,0,0.0,6,35.29,96,0.0,0,0,0,0,0,0,0,0,1,1,0,0,0,0,0.0,1,0,0,0,11,0,3,0,51,3,3,0,0,3,0,0,0,0,,,,0,0,0,0,0,1,0,0,0,0,0,0,0,0,0.0,0,3,0,11,2,0,0,0,1,1,2,66.67,0.0,0,0,0,9,22,0,,,,,6
1472777,Reich Kokolo,reich-kokolo,42575,Coton Sport de Garoua,6.48,25.9,4,0,0,0,0,,0,31,18,49,63.27,13,18,7,0,2,100.0,0,2,0,0,0,0,0.0,5,2,2,6,40.0,6,54.55,12,46.15,171,0.0,0,0,0,0,1,0,0,0,2,3,0,0,0,1,25.0,1,0,0,4,28,0,6,1,79,4,3,0,0,2,0,1,0,0,,,,0,0,0,0,0,6,1,0,0,0,0,0,2,0,0.0,0,2,3,14,5,0,0,0,4,7,0,0.0,0.0,0,0,0,14,38,0,,,,,4
1102955,Pape Ousmane Sakho,pape-ousmane-sakho,212409,Simba SC,6.47,38.8,6,0,1,2,1,,1,58,16,74,78.38,28,31,11,3,4,80.0,2,1,1,0,0,1,100.0,3,3,0,12,52.17,5,50.0,17,51.52,235,0.0,0,0,0,0,0,0,0,0,3,0,0,0,0,1,25.0,1,0,0,4,27,1,0,0,113,6,3,0,0,3,0,0,0,0,,,,0,0,0,0,0,2,1,0,0,0,0,0,3,0,0.0,3,5,1,16,5,0,0,0,4,3,1,50.0,0.0,0,0,0,32,43,0,,,,,6
919253,Jacques  Thémopolé,jacques-themopole,134278,AS Vita Club,6.46,32.3,5,0,0,1,0,,0,48,18,66,72.73,24,24,14,1,2,100.0,9,1,2,0,0,0,0.0,5,1,3,18,34.62,5,25.0,23,31.94,334,0.0,0,0,0,0,0,0,0,0,3,2,0,0,0,2,50.0,5,0,0,15,56,1,3,2,142,7,15,0,0,4,1,1,0,0,,,,1,0,0,0,0,3,0,0,0,0,0,0,4,0,0.0,1,2,4,49,15,0,0,0,4,3,5,55.56,0.0,0,0,0,29,41,0,,,,,5
975553,Sergio Raphael,sergio-raphael,69320,Al-Merrikh Khartoum Club,6.46,32.3,5,0,0,0,0,,0,141,41,182,77.47,72,69,28,3,6,50.0,13,6,1,0,0,0,0.0,2,0,1,22,42.31,3,33.33,25,40.98,389,0.0,0,0,0,0,0,0,0,0,0,2,0,0,0,10,62.5,5,0,0,6,56,2,18,10,250,3,11,0,0,8,0,1,0,0,,,,1,0,0,0,0,4,1,0,0,0,0,0,5,0,0.0,3,12,0,36,6,0,0,0,16,5,12,92.31,0.0,0,0,0,87,95,0,,,,,5
1050316,Redouane Zerdoum,redouane-zerdoum,42202,JS Kabylie,6.46,32.3,5,0,0,1,0,,0,21,7,28,75.0,8,13,6,1,2,28.57,4,3,1,0,0,0,0.0,2,2,0,9,31.03,1,16.67,10,28.57,199,0.0,0,0,0,0,0,0,0,0,2,0,0,0,0,0,0.0,1,0,0,6,28,0,1,1,71,3,7,0,0,2,3,0,0,0,,,,0,0,0,0,0,2,0,0,0,0,0,0,2,0,0.0,1,7,4,25,5,0,0,0,0,2,2,50.0,0.0,0,0,0,9,23,0,,,,,6
1093720,Hamed Ismaël Sawadogo,hamed-ismael-sawadogo,212409,Simba SC,6.45,12.9,2,0,0,0,0,,0,32,5,37,86.49,22,10,4,2,0,0.0,2,1,0,0,0,0,0.0,0,0,0,2,20.0,2,50.0,4,28.57,107,0.0,0,0,0,0,0,0,0,0,0,0,0,0,0,2,100.0,1,0,0,2,9,0,3,3,50,0,4,0,0,2,0,0,0,0,,,,0,0,0,0,0,1,1,0,0,0,0,0,2,0,0.0,2,0,0,10,2,0,0,0,2,2,0,0.0,0.0,0,0,0,24,13,0,,,,,2
1470897,Heritier Imana,heritier-imana,134278,AS Vita Club,6.45,12.9,2,0,0,0,0,,0,18,7,25,72.0,7,11,3,0,1,33.33,1,0,0,0,0,0,0.0,0,0,0,4,57.14,1,25.0,5,45.45,103,0.0,0,0,0,0,0,0,0,0,0,0,0,0,0,0,0.0,2,0,0,0,14,0,1,0,41,2,1,0,0,0,1,0,0,0,,,,0,0,0,0,0,2,0,0,0,0,0,0,1,0,0.0,0,3,1,6,3,0,0,0,2,2,1,100.0,0.0,0,0,0,8,18,0,,,,,2
880522,Mohamed Hashim,mohamed-hashim,69320,Al-Merrikh Khartoum Club,6.45,12.9,2,0,0,0,0,,0,10,7,17,58.82,4,6,3,0,0,0.0,2,1,0,0,0,0,0.0,0,0,0,2,66.67,0,0.0,2,66.67,42,0.0,0,0,0,0,0,0,0,0,0,0,0,0,0,0,0.0,0,0,0,0,8,1,1,0,22,0,0,0,0,1,0,0,0,0,,,,0,0,0,0,0,3,0,0,0,0,0,0,1,0,0.0,0,0,0,1,0,0,0,0,1,3,2,100.0,0.0,0,0,0,6,11,0,,,,,2
959526,Brian Onyango,brian-onyango,7665,Mamelodi Sundowns,6.45,12.9,2,0,0,0,0,,0,51,7,58,87.93,44,7,1,1,0,0.0,1,3,0,0,0,0,0.0,0,0,0,1,33.33,3,100.0,4,66.67,102,0.0,0,0,0,1,0,0,0,0,0,0,0,0,0,5,71.43,0,0,0,0,7,0,0,0,63,0,1,0,0,1,0,0,0,0,,,,0,0,0,0,0,1,0,0,0,0,0,0,1,0,0.0,1,0,0,2,0,0,0,0,7,1,1,100.0,0.0,0,0,0,49,9,0,,,,,4
1107612,Abdouraman Daman,abdouraman-daman,42575,Coton Sport de Garoua,6.45,38.7,6,0,0,0,0,,0,38,18,56,67.86,15,27,10,2,1,10.0,1,2,1,0,0,4,30.77,8,4,3,5,19.23,3,33.33,8,22.86,315,0.0,0,0,0,0,0,0,0,0,5,3,0,0,0,0,0.0,0,0,0,3,52,2,3,1,123,3,9,0,0,1,1,1,0,0,,,,0,0,0,0,0,6,3,0,0,0,0,0,3,0,0.0,2,10,13,27,6,0,0,0,3,9,0,0.0,0.0,0,0,0,16,53,0,,,,,6
1103349,Najib Yiga,najib-yiga,203350,Vipers SC,6.43,19.3,3,0,0,0,0,,0,6,8,14,42.86,2,4,3,0,0,0.0,0,0,0,0,0,0,0.0,0,0,0,1,20.0,0,0.0,1,11.11,55,0.0,0,0,0,0,0,0,0,0,0,0,0,0,0,0,0.0,0,0,0,3,17,0,0,0,26,1,1,0,0,0,0,0,0,0,,,,0,0,0,0,0,1,0,0,0,0,0,0,0,0,0.0,0,0,4,8,4,0,0,0,1,1,0,0.0,0.0,0,0,0,2,16,0,,,,,3
845086,Gift Motupa,gift-motupa,7665,Mamelodi Sundowns,6.43,19.3,3,0,0,0,0,,0,6,3,9,66.67,1,5,1,0,0,0.0,0,0,0,0,0,0,0.0,1,0,0,2,40.0,1,33.33,3,37.5,31,0.0,0,0,0,0,0,0,0,0,0,1,0,0,0,0,0.0,0,0,0,0,8,0,0,0,18,2,1,0,0,0,0,1,0,0,,,,0,0,0,0,0,0,0,0,0,0,0,0,0,0,0.0,0,2,0,5,2,0,0,0,0,0,0,0.0,0.0,0,0,0,3,6,0,,,,,3
218838,Daouda Kamilou,daouda-kamilou,42575,Coton Sport de Garoua,6.43,19.3,3,0,0,0,0,,0,15,6,21,71.43,8,7,4,0,2,100.0,0,1,0,0,0,0,0.0,0,0,0,2,28.57,2,25.0,4,26.67,111,0.0,0,0,0,0,0,0,0,0,0,0,0,0,0,0,0.0,0,0,0,3,12,1,0,0,34,0,2,0,0,0,0,0,0,0,,,,0,0,0,0,0,4,1,0,0,0,0,0,1,0,0.0,0,2,0,11,6,0,0,0,1,5,0,0.0,0.0,0,0,0,9,12,0,,,,,3
1201543,Sayed Abdallah,sayed-abdallah,42368,Zamalek SC,6.43,38.6,6,0,0,0,0,,0,93,20,113,82.3,44,53,28,7,5,33.33,4,1,0,0,0,4,57.14,2,0,2,9,29.03,2,28.57,11,28.95,320,0.0,0,0,0,0,0,0,0,0,2,0,0,0,0,1,11.11,3,0,0,3,52,2,5,1,191,1,6,0,0,3,0,0,0,0,,,,0,0,0,0,0,5,0,0,0,0,0,0,4,0,0.0,7,15,7,27,5,0,0,0,9,5,2,50.0,0.0,0,0,0,52,68,0,,,,,6
1107613,Jean Eric Moursou,moursou-jean-eric,42575,Coton Sport de Garoua,6.42,32.1,5,0,0,0,0,,0,94,42,136,69.12,40,56,24,3,3,60.0,16,3,0,0,0,2,13.33,4,0,2,24,47.06,2,40.0,26,46.43,402,0.0,0,0,0,0,0,0,0,0,1,3,0,0,0,13,39.39,5,0,0,6,69,4,21,9,221,5,6,0,0,14,0,2,0,0,,,,0,0,0,0,0,9,3,0,0,0,0,0,5,0,0.0,3,5,15,30,3,0,0,0,33,12,7,43.75,0.0,0,0,0,47,104,0,,,,,5
895060,Lebohang Maboe,lebohang-maboe,7665,Mamelodi Sundowns,6.4,6.4,1,0,0,0,0,,0,7,2,9,77.78,1,6,2,0,0,0.0,1,0,0,0,0,0,0.0,0,0,0,1,50.0,0,0.0,1,33.33,13,0.0,0,0,0,0,0,0,0,0,0,0,0,0,0,0,0.0,0,0,0,0,5,0,0,0,14,0,0,0,0,1,0,0,0,0,,,,0,0,0,0,0,0,0,0,0,0,0,0,0,0,0.0,0,0,0,2,1,0,0,0,0,0,1,100.0,0.0,0,0,0,1,8,0,,,,,1
970486,Faris Abdalla,faris-abdalla,69322,Al-Hilal Omdurman,6.4,6.4,1,0,0,0,0,,0,8,5,13,61.54,3,6,3,1,0,0.0,0,0,1,0,0,1,20.0,0,0,0,0,0.0,0,0.0,0,0.0,57,0.0,0,0,0,0,0,0,0,0,0,0,0,0,0,1,25.0,1,0,0,0,11,0,3,2,24,0,1,0,0,1,0,0,0,0,,,,0,0,0,0,0,1,0,0,0,0,0,0,0,0,0.0,1,0,5,2,0,0,0,0,4,1,0,0.0,0.0,0,0,0,5,13,0,,,,,1
1012937,Mohamed Idir Hadid,mohamed-idir-hadid,42202,JS Kabylie,6.4,6.4,1,0,0,0,0,,0,10,10,20,50.0,10,0,0,0,0,0.0,0,0,0,0,0,0,0.0,0,0,0,0,0.0,0,0.0,0,0.0,90,0.0,0,0,0,0,0,0,0,0,0,0,0,0,0,1,9.09,1,0,0,0,11,0,7,0,33,0,0,0,0,0,0,0,0,0,,,,0,0,0,0,0,1,0,1,0,0,2,0,1,0,0.0,0,0,0,0,0,0,0,0,11,1,0,0.0,0.0,0,0,0,11,9,0,,,,,1
993529,Sifiso Ngobeni,ngobeni-sifiso,7665,Mamelodi Sundowns,6.4,6.4,1,0,0,0,0,,0,2,2,4,50.0,1,1,1,0,0,0.0,1,0,0,0,0,0,0.0,0,0,0,1,50.0,0,0.0,1,50.0,14,0.0,0,0,0,0,0,0,0,0,0,0,0,0,0,0,0.0,0,0,0,0,4,0,1,1,7,0,0,0,0,1,0,0,0,0,,,,0,0,0,0,0,1,0,0,0,0,0,0,0,0,0.0,0,0,0,1,0,0,0,0,0,1,1,100.0,0.0,0,0,0,1,3,0,,,,,1
1472774,Franck Henock,franck-henock,42575,Coton Sport de Garoua,6.4,6.4,1,0,0,0,0,,0,26,7,33,78.79,22,4,1,0,0,0.0,0,4,0,0,0,0,0.0,0,0,0,1,50.0,0,0.0,1,50.0,90,0.0,0,0,0,0,0,0,0,0,0,0,0,0,0,5,55.56,0,0,0,1,8,0,7,2,39,1,0,0,0,0,0,0,0,0,,,,0,0,0,0,0,3,0,0,0,0,0,0,1,0,0.0,0,0,0,1,0,0,0,0,9,3,0,0.0,0.0,0,0,0,23,10,0,,,,,1
975849,Ahmed Ait Abdesslem,ahmed-ait-abdesslem,42207,CR Belouizdad,6.4,6.4,1,0,0,0,0,,0,11,8,19,57.89,11,0,0,0,0,0.0,1,0,0,0,0,0,0.0,0,0,0,1,50.0,1,50.0,2,50.0,46,0.0,0,0,0,0,0,0,0,0,0,0,0,0,0,1,16.67,2,0,0,0,8,0,3,0,24,0,1,0,0,0,0,0,0,0,,,,0,0,0,0,0,1,0,0,0,0,0,0,1,0,0.0,0,0,0,2,1,0,0,0,6,1,1,100.0,0.0,0,0,0,13,6,0,,,,,2
1183563,Brawdon Eno,brawdon-eno,42575,Coton Sport de Garoua,6.4,12.8,2,0,0,0,0,,0,20,6,26,76.92,14,6,2,1,1,50.0,0,0,0,0,0,0,0.0,0,0,0,2,40.0,0,0.0,2,33.33,77,0.0,0,0,0,0,0,0,0,0,0,0,0,0,0,1,100.0,0,0,0,1,10,1,2,2,32,1,1,0,0,0,0,0,0,0,,,,0,0,0,0,0,2,1,0,0,0,0,0,2,0,0.0,1,2,0,4,1,0,0,0,1,3,0,0.0,0.0,0,0,0,15,11,0,,,,,2
1469340,Serge Mwenge,serge-mwenge,203350,Vipers SC,6.4,12.8,2,0,0,0,0,,0,9,3,12,75.0,6,3,3,0,1,100.0,0,1,0,0,0,0,0.0,1,0,0,1,33.33,0,0.0,1,33.33,58,0.0,0,0,0,0,0,0,0,0,0,1,0,0,0,0,0.0,0,0,0,2,8,0,1,0,20,0,0,0,0,0,0,1,0,0,,,,0,0,0,0,0,1,0,0,0,0,0,0,0,0,0.0,0,1,0,2,0,0,0,0,0,1,0,0.0,0.0,0,0,0,6,6,0,,,,,2
1469433,Ahmed Saddig,ahmed-saddig,69322,Al-Hilal Omdurman,6.4,12.8,2,0,0,0,0,,0,3,3,6,50.0,1,2,1,0,0,0.0,0,3,1,0,0,0,0.0,1,1,0,0,0.0,0,0.0,0,0.0,55,0.0,0,0,0,0,0,0,0,0,0,1,0,0,0,0,0.0,3,0,0,1,6,0,1,0,18,0,2,0,0,1,0,0,0,0,,,,0,0,0,0,0,0,0,0,0,0,0,0,0,0,0.0,0,1,1,5,0,0,0,0,2,0,0,0.0,0.0,0,0,0,2,5,0,,,,,2
1469474,Ahmed Bibo,ahmed-bibo,69320,Al-Merrikh Khartoum Club,6.4,12.8,2,0,0,0,0,,0,11,3,14,78.57,3,8,5,0,0,0.0,0,0,0,0,0,0,0.0,0,0,0,1,50.0,0,0.0,1,25.0,53,0.0,0,0,0,0,0,0,0,0,0,0,0,0,0,0,0.0,0,0,0,0,7,0,1,1,24,1,1,0,0,0,0,0,0,0,,,,0,0,0,0,0,1,0,0,0,0,0,0,0,0,0.0,0,0,1,3,2,0,0,0,0,1,0,0.0,0.0,0,0,0,3,12,0,,,,,2
967008,Amr El Sisi,amr-el-sisi,42368,Zamalek SC,6.4,12.8,2,0,0,0,0,,0,35,13,48,72.92,14,22,12,0,0,0.0,3,1,0,0,0,1,100.0,1,0,0,3,30.0,4,66.67,7,43.75,136,0.0,0,0,0,0,0,0,0,0,0,1,0,0,0,1,11.11,0,0,0,2,16,0,6,1,63,0,3,0,0,2,0,1,0,0,,,,0,0,0,0,0,2,0,0,0,0,0,0,2,0,0.0,0,0,1,9,2,0,0,0,9,2,3,100.0,0.0,0,0,0,16,33,0,,,,,3
1410418,Malek Mehri,mehri-malek,59628,Espérance Sportive De Tunis,6.4,25.6,4,0,0,0,0,,0,56,10,66,84.85,34,22,7,1,2,66.67,6,3,0,0,0,0,0.0,0,0,0,8,38.1,2,50.0,10,40.0,136,0.0,0,0,0,0,0,0,0,0,0,0,0,0,0,0,0.0,4,0,0,1,19,0,0,0,99,0,3,0,0,9,0,0,0,0,,,,0,0,0,0,0,2,0,0,0,0,0,0,1,0,0.0,1,3,2,15,2,0,0,0,2,2,4,66.67,0.0,0,0,0,39,29,0,,,,,4
822486,Moussa Camara,moussa-camara,134322,Horoya,6.4,32.0,5,0,0,0,0,,0,64,66,130,49.23,47,17,11,0,0,0.0,0,0,0,1,1,0,0.0,0,0,0,2,100.0,1,100.0,3,100.0,385,0.0,0,0,0,0,0,0,0,0,0,0,0,0,0,23,25.84,6,0,1,0,66,0,33,10,176,2,1,0,0,0,0,0,0,7,,,,3,0,0,4,3,2,1,2,3,3,7,0,5,0,0.0,0,0,0,0,0,0,0,0,89,3,0,0.0,0.0,0,0,1,57,73,0,,,,,5
791341,Abdu Lumala,lumala-abdu,203350,Vipers SC,6.4,25.6,4,0,0,0,0,,0,44,19,63,69.84,21,25,10,1,1,25.0,2,0,0,0,0,2,20.0,4,1,2,6,35.29,0,0.0,6,30.0,228,0.0,0,0,0,0,0,0,0,0,2,2,0,0,0,3,37.5,0,0,0,4,43,1,7,3,104,3,2,0,0,2,0,1,0,0,,,,0,0,0,0,0,5,1,0,0,0,0,0,4,0,0.0,1,4,10,14,3,0,0,0,8,6,2,100.0,0.0,0,0,0,24,49,0,,,,,5
1410414,Aziz Abid,aziz-abid,59628,Espérance Sportive De Tunis,6.35,12.7,2,0,0,0,0,,0,7,5,12,58.33,1,6,1,0,0,0.0,0,0,0,0,0,0,0.0,1,0,0,0,0.0,1,100.0,1,50.0,34,0.0,0,0,0,0,0,0,0,0,0,1,0,0,0,0,0.0,0,0,0,1,9,1,1,1,18,0,0,0,0,0,1,1,0,0,,,,0,0,0,0,0,1,0,0,0,0,0,0,0,0,0.0,0,0,0,1,0,0,0,0,0,1,0,0.0,0.0,0,0,0,2,10,0,,,,,2
158331,Abdul Ajagun,abdul-ajagun,69322,Al-Hilal Omdurman,6.35,12.7,2,0,0,0,0,,0,34,4,38,89.47,9,25,17,0,0,0.0,0,0,0,0,0,0,0.0,1,0,1,1,16.67,2,100.0,3,37.5,69,0.0,0,0,0,0,0,0,0,0,1,0,0,0,0,5,71.43,1,0,0,0,13,1,3,1,51,1,1,0,0,2,0,0,0,0,,,,0,0,0,0,0,2,0,0,0,0,0,0,1,0,0.0,0,2,3,5,0,0,0,0,7,2,0,0.0,0.0,0,0,0,10,31,0,,,,,2
1023491,Abdelmoumen Chikhi,abdelmoumen-chikhi,42207,CR Belouizdad,6.35,12.7,2,0,0,0,0,,0,16,6,22,72.73,9,7,3,0,1,33.33,2,0,0,0,0,0,0.0,1,0,1,5,35.71,0,0.0,5,35.71,57,0.0,0,0,0,0,0,0,0,0,0,1,0,0,0,1,33.33,0,0,0,4,18,1,5,2,45,2,2,0,0,1,0,0,0,0,,,,0,0,0,0,0,1,0,0,0,0,0,0,0,0,0.0,0,3,1,9,0,0,0,0,3,1,2,100.0,0.0,0,0,0,10,13,0,,,,,3
1063119,Youssef Osama Nabih,youssef-osama-nabih,42368,Zamalek SC,6.35,25.4,4,0,0,1,0,,0,18,5,23,78.26,8,10,5,1,2,40.0,2,2,0,0,0,0,0.0,1,0,1,4,57.14,0,0.0,4,50.0,68,0.0,0,0,0,0,0,0,0,0,1,0,0,0,0,0,0.0,0,0,0,0,13,0,2,0,41,0,0,0,0,0,0,0,0,0,,,,0,0,0,0,0,3,0,0,0,0,0,0,0,0,0.0,1,5,0,4,1,0,0,0,2,3,2,100.0,0.0,0,0,0,10,13,0,,,,,4
1012602,Ammar Taifour,ammar-taifour,69320,Al-Merrikh Khartoum Club,6.35,25.4,4,0,0,0,0,,0,43,15,58,74.14,25,18,6,0,0,0.0,2,1,0,0,0,0,0.0,1,0,1,4,25.0,3,60.0,7,33.33,144,0.0,0,0,0,0,0,0,0,0,0,1,0,0,0,2,40.0,0,0,1,1,18,0,8,4,69,2,7,0,0,4,0,0,0,0,,,,0,0,0,0,0,2,0,0,0,0,0,0,1,0,0.0,0,0,1,14,2,0,0,0,5,2,1,50.0,0.0,0,0,0,30,29,0,,,,,5
1010890,Hamid Ahdad,hamid-ahdad,36268,Wydad Casablanca,6.35,25.4,4,0,0,1,0,,0,22,14,36,61.11,12,10,4,0,0,0.0,1,0,3,0,0,0,0.0,3,0,3,2,18.18,9,60.0,11,42.31,148,0.0,0,0,0,0,0,0,0,0,3,0,0,0,0,0,0.0,1,0,0,3,23,1,2,0,58,1,6,0,0,0,2,0,0,0,,,,0,0,0,0,0,1,0,0,0,0,0,0,1,0,0.0,0,1,1,15,6,0,0,0,2,1,0,0.0,0.0,0,0,0,13,24,0,,,,,5
1470896,Etekiama Taddy,etekiama-taddy,134278,AS Vita Club,6.33,25.3,4,0,0,0,0,,0,7,6,13,53.85,2,5,3,1,0,0.0,1,1,1,0,0,0,0.0,1,0,0,1,7.69,3,30.0,4,17.39,106,0.0,0,0,0,0,0,0,0,0,0,1,0,0,0,0,0.0,0,0,0,7,18,1,0,0,28,0,4,0,0,2,1,1,0,0,,,,0,0,0,0,0,1,0,0,0,0,0,0,1,0,0.0,1,0,0,19,7,0,0,0,0,1,0,0.0,0.0,0,0,0,3,10,0,,,,,4
1457613,Ashraf Mandela,ashraf-mandela,203350,Vipers SC,6.32,31.6,5,0,0,0,0,,0,63,50,113,55.75,28,37,18,3,3,37.5,8,8,1,0,0,2,20.0,0,0,0,13,43.33,2,25.0,15,39.47,405,0.0,0,0,0,0,0,0,0,0,0,0,0,0,0,5,15.15,8,0,0,1,96,2,26,4,230,2,6,0,0,5,0,0,0,0,,,,0,0,0,0,0,7,1,0,0,0,0,0,5,0,0.0,3,8,10,23,6,0,0,0,33,8,5,62.5,0.0,0,0,0,43,80,0,,,,,5
1404064,Imad Khannouss,imad-khannouss,36268,Wydad Casablanca,6.3,6.3,1,0,0,0,0,,0,5,0,5,100.0,1,4,1,0,1,100.0,0,0,0,0,0,0,0.0,0,0,0,1,20.0,0,0.0,1,14.29,20,0.0,0,0,0,0,0,0,0,0,0,0,0,0,0,1,100.0,0,0,0,2,4,0,1,1,10,0,2,0,0,0,0,0,0,0,,,,0,0,0,0,0,0,0,0,0,0,0,0,0,0,0.0,0,1,0,6,2,0,0,0,1,0,0,0.0,0.0,0,0,0,1,4,0,,,,,1
2169489,Mindinho,mindinho,148072,Atlético Petróleos de Luanda,6.3,6.3,1,0,0,0,0,,0,7,0,7,100.0,5,2,0,0,0,0.0,0,0,0,0,0,0,0.0,0,0,0,0,0.0,0,0.0,0,0.0,8,0.0,0,0,0,0,0,0,0,0,0,0,0,0,0,0,0.0,0,0,0,0,1,0,0,0,10,0,0,0,0,1,0,0,0,0,,,,0,0,0,0,0,0,0,0,0,0,0,0,0,0,0.0,0,0,0,1,0,0,0,0,0,0,0,0.0,0.0,0,0,0,5,2,0,,,,,1
972724,Boubacar Samassekou,boubacar-samassekou,134322,Horoya,6.3,6.3,1,0,0,0,0,,0,10,5,15,66.67,8,2,0,0,0,0.0,2,2,0,0,0,0,0.0,0,0,0,3,60.0,0,0.0,3,50.0,45,0.0,0,0,0,0,0,0,0,0,0,0,0,0,0,2,50.0,2,0,1,0,5,0,3,0,22,1,2,0,0,0,0,0,0,0,,,,0,0,0,0,0,0,2,0,0,0,0,0,1,0,0.0,0,0,0,3,1,0,0,0,4,2,2,100.0,0.0,0,0,0,9,6,0,,,,,1
973706,Sekou Keita,sekou-keita,134322,Horoya,6.3,6.3,1,0,0,0,0,,0,0,4,4,0.0,0,0,0,0,0,0.0,0,0,0,0,0,0,0.0,0,0,0,1,50.0,0,0.0,1,20.0,13,0.0,0,0,0,0,0,0,0,0,0,0,0,0,0,0,0.0,0,0,0,0,6,0,1,0,9,1,0,0,0,0,0,0,0,0,,,,0,0,0,0,0,0,0,0,0,0,0,0,0,0,0.0,0,1,0,4,3,0,0,0,0,0,0,0.0,0.0,0,0,0,1,3,0,,,,,1
1150200,Rwothomio Cromwell,rwothomio-cromwell,203350,Vipers SC,6.3,6.3,1,0,0,0,0,,0,4,1,5,80.0,0,4,1,0,0,0.0,1,0,0,0,0,0,0.0,0,0,0,2,33.33,0,0.0,2,33.33,25,0.0,0,0,0,0,0,0,0,0,0,0,0,0,0,0,0.0,0,0,0,2,5,1,0,0,13,1,0,0,0,1,0,0,0,0,,,,0,0,0,0,0,1,0,0,0,0,0,0,0,0,0.0,0,1,1,4,0,0,0,0,0,1,0,0.0,0.0,0,0,0,0,6,0,,,,,1
919150,Hani Amamou,hani-amamou,59628,Espérance Sportive De Tunis,6.3,6.3,1,0,0,2,0,,0,38,13,51,74.51,22,16,6,0,0,0.0,3,0,0,0,0,0,0.0,2,2,0,3,75.0,0,0.0,3,75.0,92,0.0,0,0,0,0,0,0,0,0,2,0,0,0,0,1,16.67,0,0,0,1,15,0,6,2,60,0,0,0,0,0,0,0,0,0,,,,0,0,0,0,0,1,0,0,0,0,0,0,1,0,0.0,0,0,0,1,0,0,0,0,6,1,2,66.67,0.0,0,0,0,26,25,0,,,,,3
973061,John Bocco,john-bocco,212409,Simba SC,6.3,12.6,2,0,0,3,0,,0,12,11,23,52.17,3,9,6,0,1,100.0,2,0,1,0,0,0,0.0,5,2,1,4,44.44,8,42.11,12,42.86,106,0.0,0,0,0,0,0,0,0,0,4,1,0,0,0,0,0.0,3,0,0,2,13,1,0,0,41,1,3,0,0,0,0,2,0,0,,,,0,0,0,0,0,0,1,0,0,0,0,0,1,0,0.0,0,1,0,16,11,0,0,0,1,1,2,100.0,0.0,0,0,0,4,19,0,,,,,4
1184367,Mohamed Tarek,mohamed-tarek,42368,Zamalek SC,6.3,18.9,3,0,0,0,0,,0,52,21,73,71.23,37,15,5,0,1,50.0,3,0,1,0,0,0,0.0,0,0,0,6,40.0,1,25.0,7,36.84,167,0.0,0,0,0,0,0,0,0,0,0,0,0,0,0,8,47.06,6,0,0,0,23,0,11,5,97,2,7,0,0,2,0,0,0,0,,,,0,0,0,0,0,3,0,0,0,0,0,0,2,0,0.0,0,2,0,12,3,0,0,0,17,3,2,66.67,0.0,0,0,0,47,26,0,,,,,4
1007576,Jeremie Kalenda,jeremie-kalenda,134278,AS Vita Club,6.27,18.8,3,0,0,0,0,,0,18,9,27,66.67,10,8,4,2,2,33.33,5,1,1,0,0,0,0.0,1,0,1,9,28.13,0,0.0,9,26.47,167,0.0,0,0,0,0,0,0,0,0,1,0,0,0,0,2,66.67,1,0,0,8,35,0,5,2,73,2,7,0,0,4,0,0,0,0,,,,0,0,0,0,0,1,0,0,0,0,0,0,2,0,0.0,2,6,4,25,2,0,0,0,3,1,4,80.0,0.0,0,0,0,13,18,0,,,,,3
1109125,Boubkari Dairou,boubkari-dairou,42575,Coton Sport de Garoua,6.27,18.8,3,0,0,0,0,,0,43,22,65,66.15,20,24,12,3,0,0.0,4,4,1,0,0,1,25.0,1,0,0,4,22.22,0,0.0,4,20.0,188,0.0,0,0,0,0,1,0,0,0,0,1,0,0,0,6,46.15,1,0,0,5,41,1,13,5,119,0,4,0,0,4,0,1,0,0,,,,0,0,0,0,0,5,0,0,0,0,0,0,2,0,0.0,3,1,4,16,2,0,0,0,13,5,4,100.0,0.0,0,0,0,27,42,0,,,,,3
1479281,Altayeb Abaker,altayeb-abaker,69322,Al-Hilal Omdurman,6.25,12.5,2,0,0,0,0,,0,33,8,41,80.49,27,6,2,0,0,0.0,4,1,0,0,1,0,0.0,0,0,0,5,33.33,0,0.0,5,33.33,176,0.0,0,0,0,0,0,0,0,0,0,0,0,0,0,4,36.36,5,0,0,0,9,0,5,3,60,1,7,0,0,4,0,0,0,0,,,,0,0,0,0,0,2,0,0,0,0,0,0,2,0,0.0,0,0,0,10,0,0,0,0,11,2,3,75.0,0.0,1,0,0,29,12,0,,,,,2
933048,Abdoulaye Paye Camara,abdoulaye-paye-camara,134322,Horoya,6.25,12.5,2,0,0,0,0,,0,25,6,31,80.65,15,10,2,0,2,100.0,0,0,1,0,0,0,0.0,0,0,0,2,50.0,1,25.0,3,37.5,64,0.0,0,0,0,1,0,0,0,0,0,0,0,0,0,4,80.0,0,0,0,0,7,0,2,1,37,0,3,0,0,0,0,0,0,0,,,,0,0,0,0,0,3,1,0,0,0,0,0,1,0,0.0,0,2,0,5,3,0,0,0,5,4,0,0.0,0.0,0,0,0,17,14,0,,,,,2
1407650,Issa Fofana,issa-fofana,69322,Al-Hilal Omdurman,6.2,6.2,1,0,0,0,0,,0,9,13,22,40.91,6,3,1,0,0,0.0,0,0,0,0,0,0,0.0,0,0,0,1,100.0,0,0.0,1,100.0,90,0.0,0,0,0,0,0,0,0,0,0,0,0,0,0,5,27.78,4,0,0,0,14,0,14,3,36,1,0,0,0,0,0,0,0,2,,,,0,0,0,0,2,3,0,1,0,0,2,0,1,0,0.0,0,0,0,0,0,0,0,0,18,3,0,0.0,0.0,0,0,1,8,14,0,,,,,1
1090366,Prince Mouandza,prince-mouandza,134278,AS Vita Club,6.2,6.2,1,0,0,0,0,,0,31,8,39,79.49,18,13,3,0,0,0.0,0,0,1,0,0,0,0.0,0,0,0,2,40.0,1,50.0,3,42.86,64,0.0,0,0,0,0,0,0,0,0,0,0,0,0,0,2,40.0,1,0,0,0,11,0,6,1,49,2,2,0,0,1,0,0,0,0,,,,0,0,0,0,0,1,0,0,0,0,0,0,1,0,0.0,0,0,1,4,1,0,0,0,5,1,0,0.0,0.0,0,0,0,19,21,0,,,,,1
898732,Raed Fadaa,raed-fadaa,59628,Espérance Sportive De Tunis,6.2,12.4,2,0,0,0,0,,0,9,6,15,60.0,4,5,4,0,1,100.0,2,0,0,0,0,0,0.0,0,0,0,3,37.5,0,0.0,3,33.33,48,0.0,0,0,0,0,0,0,0,0,0,0,0,0,0,0,0.0,2,0,0,0,9,0,0,0,28,0,1,0,0,4,0,0,0,0,,,,0,0,0,0,0,1,0,0,0,0,0,0,0,0,0.0,0,1,0,6,1,0,0,0,0,1,2,100.0,0.0,0,0,0,5,10,0,,,,,2
1103626,Wagdi Alla,wagdi-alla,69320,Al-Merrikh Khartoum Club,6.2,6.2,1,0,0,0,0,,0,13,7,20,65.0,7,6,1,0,0,0.0,0,0,0,0,0,0,0.0,0,0,0,0,0.0,3,100.0,3,60.0,31,0.0,0,0,0,0,0,0,0,0,0,0,0,0,0,1,100.0,0,0,0,0,8,1,0,0,22,0,1,0,0,1,0,0,0,0,,,,0,0,0,0,0,2,0,0,0,0,0,0,1,0,0.0,0,0,0,2,0,0,0,0,1,2,0,0.0,0.0,0,0,0,10,10,0,,,,,2
1474867,McGregor Veraloh,mcgregor-veraloh,42575,Coton Sport de Garoua,6.15,24.6,4,0,0,0,0,,0,35,13,48,72.92,13,22,14,1,4,57.14,3,3,0,0,0,0,0.0,3,1,1,9,37.5,0,0.0,9,33.33,177,0.0,0,0,0,1,0,0,0,0,1,2,0,0,0,2,66.67,0,0,0,3,30,1,4,1,88,2,4,0,0,6,1,1,0,0,,,,0,0,0,0,0,5,0,0,0,0,0,0,2,0,0.0,1,7,2,18,3,0,0,0,3,5,1,33.33,0.0,0,0,0,15,35,0,,,,,4
1470628,Abdul Moubarak,abdul-moubarak,42575,Coton Sport de Garoua,6.1,6.1,1,0,0,0,0,,0,3,1,4,75.0,2,1,0,0,0,0.0,1,0,0,0,0,0,0.0,0,0,0,1,16.67,0,0.0,1,16.67,14,0.0,0,0,0,0,0,0,0,0,0,0,0,0,0,0,0.0,1,0,0,3,4,0,0,0,9,0,0,0,0,2,0,0,0,0,,,,0,0,0,0,0,1,0,0,0,0,0,0,0,0,0.0,0,0,0,5,0,0,0,0,1,1,1,100.0,0.0,0,0,0,2,2,0,,,,,1
1107609,Gadin Allambatnan,gadin-allambatnan,42575,Coton Sport de Garoua,6.1,24.4,4,0,0,0,0,,0,47,30,77,61.04,35,12,1,0,0,0.0,0,0,0,0,0,0,0.0,0,0,0,0,0.0,0,0.0,0,0.0,360,0.0,0,0,0,0,0,0,0,0,0,0,0,0,0,22,44.9,3,0,1,0,32,0,28,13,129,0,0,0,0,0,0,0,0,9,,,,0,1,0,8,1,10,2,2,0,0,3,0,4,0,0.0,0,0,0,0,0,0,0,0,49,12,0,0.0,0.0,0,0,1,41,36,0,,,,,4
1470849,Bashir Asiku,bashir-asiku,203350,Vipers SC,6.0,6.0,1,0,0,0,0,,0,16,16,32,50.0,10,6,4,0,1,100.0,0,1,0,0,0,0,0.0,0,0,0,1,50.0,1,33.33,2,40.0,90,0.0,0,0,0,0,0,0,0,0,0,0,0,0,0,5,27.78,2,0,0,0,16,0,11,4,38,0,0,0,0,1,0,0,0,0,,,,0,0,0,0,0,2,0,0,0,0,0,0,1,0,0.0,0,1,0,3,2,0,0,0,18,2,0,0.0,0.0,0,0,0,16,16,0,,,,,1
1103557,Mamoudou Ahmada Saliou,mamoudou-ahmada-saliou,42575,Coton Sport de Garoua,5.9,5.9,1,0,0,0,0,,0,13,0,13,100.0,9,4,1,0,0,0.0,0,0,0,0,0,0,0.0,0,0,0,0,0.0,0,0.0,0,0.0,90,0.0,0,0,0,0,0,0,0,0,0,0,0,0,0,5,100.0,0,0,0,0,0,0,1,1,21,0,0,0,0,0,0,0,0,0,,,,0,0,0,0,0,0,2,0,1,1,0,0,1,0,0.0,0,0,0,0,0,0,0,0,5,2,0,0.0,0.0,0,0,0,9,4,0,,,,,1
1170674,Sekou Salifou Sylla,sekou-salifou-sylla,134322,Horoya,5.8,5.8,1,0,0,0,0,,0,7,0,7,100.0,6,1,0,0,0,0.0,0,0,0,0,0,0,0.0,0,0,0,0,0.0,0,0.0,0,0.0,45,0.0,0,0,0,0,0,0,0,0,0,0,0,0,0,2,100.0,0,0,0,0,0,0,2,2,13,0,0,0,0,0,0,0,0,3,,,,0,0,0,3,0,3,1,0,1,1,1,0,0,0,0.0,0,0,0,0,0,0,0,0,2,4,0,0.0,0.0,0,0,0,6,1,0,,,,,1
1113025,Houzaifi Youssoufa,houzaifi-youssoufa,42575,Coton Sport de Garoua,5.8,5.8,1,0,0,0,0,,0,14,8,22,63.64,11,4,2,2,2,100.0,1,3,0,0,0,1,33.33,0,0,0,4,50.0,0,0.0,4,50.0,52,0.0,0,0,0,0,0,0,0,0,0,0,0,0,0,0,0.0,0,1,0,0,10,0,0,0,36,1,2,0,0,2,0,0,0,0,,,,0,0,0,0,0,2,1,0,0,0,0,0,1,0,0.0,2,2,3,4,0,0,0,0,2,3,0,0.0,0.0,0,0,0,14,11,0,,,,,1
1103332,Jack Komakech,jack-komakech,203350,Vipers SC,5.6,5.6,1,0,0,0,0,,0,4,9,13,30.77,4,0,0,0,0,0.0,0,0,0,0,0,0,0.0,0,0,0,0,0.0,0,0.0,0,0.0,90,0.0,0,0,0,0,0,0,0,0,0,0,0,0,0,0,0.0,2,1,0,0,10,0,1,0,24,0,0,0,0,0,0,0,0,1,,,,0,0,0,1,0,2,0,1,0,0,2,0,1,0,0.0,0,0,0,0,0,0,0,0,9,2,0,0.0,0.0,0,0,0,4,9,0,,,,,1
1006148,Mohamed Kamara,mohamed-kamara,134322,Horoya,5.45,10.9,2,0,0,0,0,,0,13,13,26,50.0,11,2,1,0,1,100.0,0,0,0,0,0,0,0.0,0,0,0,1,50.0,0,0.0,1,50.0,105,0.0,0,0,0,1,0,0,0,0,0,0,0,0,0,3,20.0,1,1,0,0,13,0,3,1,37,0,1,0,0,0,0,0,0,3,,,,0,2,0,0,3,3,2,0,2,1,0,0,1,0,0.0,0,1,0,1,0,0,0,0,15,5,0,0.0,0.0,0,0,0,17,9,0,,,,,2
1484342,Abdallah Mohamed Hassan,abdallah-mohamed-hassan,42368,Zamalek SC,0.0,0.0,0,0,0,0,1,,1,1,0,1,100.0,0,1,1,1,0,0.0,1,0,0,0,0,0,0.0,0,0,0,1,100.0,0,0.0,1,100.0,1,0.0,0,0,0,0,0,0,0,0,0,0,0,0,0,0,0.0,0,0,0,0,0,0,0,0,2,0,0,0,0,0,0,0,0,0,,,,0,0,0,0,0,0,0,0,0,0,0,0,0,0,0.0,1,0,0,0,0,0,0,0,0,0,1,100.0,0.0,0,0,0,0,1,0,,,,,1
1631302,Mohamed Rayane Hamrouni,mohamed-rayane-hamrouni,59628,Espérance Sportive De Tunis,0.0,0.0,0,0,0,0,0,,0,0,0,0,0.0,0,0,0,0,0,0.0,0,0,0,0,0,0,0.0,1,1,0,0,0.0,1,100.0,1,100.0,1,0.0,0,0,0,0,0,0,0,0,1,0,0,0,0,0,0.0,0,0,0,0,0,0,0,0,1,0,0,0,0,0,0,0,0,0,,,,0,0,0,0,0,1,0,0,0,0,0,0,0,0,0.0,0,0,0,0,0,0,0,0,0,1,0,0.0,0.0,0,0,0,0,0,0,,,,,1
1099688,Israel Patrick Mwenda,mwenda-israel-patrick,212409,Simba SC,0.0,0.0,0,0,0,0,0,,0,1,0,1,100.0,1,0,0,0,0,0.0,0,0,0,0,0,0,0.0,0,0,0,0,0.0,0,0.0,0,0.0,1,0.0,0,0,0,0,0,0,0,0,0,0,0,0,0,0,0.0,0,0,0,0,0,0,0,0,1,0,0,0,0,0,0,0,0,0,,,,0,0,0,0,0,0,0,0,0,0,0,0,0,0,0.0,0,0,0,0,0,0,0,0,0,0,0,0.0,0.0,0,0,0,1,0,0,,,,,1
1126249,Mohamed Azzi,mohamed-azzi,42207,CR Belouizdad,0.0,0.0,0,0,0,0,0,,0,0,1,1,0.0,0,0,0,0,0,0.0,1,0,0,0,0,0,0.0,0,0,0,1,50.0,0,0.0,1,50.0,1,0.0,0,0,0,0,0,0,0,0,0,0,0,0,0,0,0.0,0,0,0,0,3,0,0,0,4,0,0,0,0,1,0,0,0,0,,,,0,0,0,0,0,0,0,0,0,0,0,0,0,0,0.0,0,0,1,1,0,0,0,0,0,0,1,100.0,0.0,0,0,0,0,2,0,,,,,1
1010678,Houmam Baaouch,houmam-baaouch,36268,Wydad Casablanca,0.0,0.0,0,0,0,0,0,,0,0,0,0,0.0,0,0,0,0,0,0.0,0,0,0,0,0,0,0.0,0,0,0,0,0.0,0,0.0,0,0.0,1,0.0,0,0,0,0,0,0,0,0,0,0,0,0,0,0,0.0,0,0,0,0,0,0,0,0,0,0,1,0,0,0,0,0,0,0,,,,0,0,0,0,0,0,0,0,0,0,0,0,0,0,0.0,0,0,0,1,0,0,0,0,0,0,0,0.0,0.0,0,0,0,0,0,0,,,,,1
1475098,Ntando Ngubane,ngubane-ntandoyenkosi,7665,Mamelodi Sundowns,0.0,0.0,0,0,0,0,0,,0,6,0,6,100.0,6,0,0,0,0,0.0,0,0,0,0,0,0,0.0,0,0,0,1,50.0,0,0.0,1,33.33,1,0.0,0,0,0,0,0,0,0,0,0,0,0,0,0,0,0.0,0,0,0,0,0,0,0,0,7,1,0,0,0,1,0,0,0,0,,,,0,0,0,0,0,1,0,0,0,0,0,0,0,0,0.0,0,0,0,2,1,0,0,0,0,1,0,0.0,0.0,0,0,0,6,0,0,,,,,1
1004523,Hamza Ait Allal,hamza-ait-allal,36268,Wydad Casablanca,0.0,0.0,0,0,0,0,0,,0,2,0,2,100.0,1,1,1,0,0,0.0,1,0,0,0,0,0,0.0,0,0,0,1,100.0,0,0.0,1,50.0,2,0.0,0,0,0,0,0,0,0,0,0,0,0,0,0,0,0.0,0,0,0,0,1,0,0,0,4,0,0,0,0,0,0,0,0,0,,,,0,0,0,0,0,0,0,0,0,0,0,0,0,0,0.0,0,0,0,1,1,0,0,0,0,0,1,100.0,0.0,0,0,0,1,1,0,,,,,2
1102821,Kennedy Juma,kennedy-juma,212409,Simba SC,0.0,0.0,0,0,0,0,0,,0,2,1,3,66.67,1,1,0,0,0,0.0,0,0,0,0,0,0,0.0,0,0,0,1,100.0,0,0.0,1,100.0,2,0.0,0,0,0,0,0,0,0,0,0,0,0,0,0,1,100.0,0,0,0,0,1,0,0,0,4,1,0,0,0,0,0,0,0,0,,,,0,0,0,0,0,0,0,0,0,0,0,0,0,0,0.0,0,0,0,0,0,0,0,0,1,0,0,0.0,0.0,0,0,0,2,1,0,,,,,2
